DATE,TMAX,TMIN,PRCP,SNWD,SNOW
1948-06-01,,,0.0,0.0,0.0
1948-06-02,,,0.0,0.0,0.0
1948-06-03,,,0.0,0.0,0.0
1948-06-04,,,0.0,0.0,0.0
1948-06-05,,,0.0,0.0,0.0
1948-06-06,,,117.0,0.0,0.0
1948-06-07,,,51.0,0.0,0.0
1948-06-08,,,406.0,0.0,0.0
1948-06-09,,,15.0,0.0,0.0
1948-06-10,,,124.0,0.0,0.0
1948-06-11,,,3.0,0.0,0.0
1948-06-12,,,3.0,0.0,0.0
1948-06-13,,,112.0,0.0,0.0
1948-06-14,,,28.0,0.0,0.0
1948-06-15,,,0.0,0.0,0.0
1948-06-16,,,0.0,0.0,0.0
1948-06-17,,,0.0,0.0,0.0
1948-06-18,,,30.0,0.0,0.0
1948-06-19,,,216.0,0.0,0.0
1948-06-20,,,18.0,0.0,0.0
1948-06-21,,,0.0,0.0,0.0
1948-06-22,,,0.0,0.0,0.0
1948-06-23,,,183.0,0.0,0.0
1948-06-24,,,140.0,0.0,0.0
1948-06-25,,,150.0,0.0,0.0
1948-06-26,,,0.0,0.0,0.0
1948-06-27,,,89.0,0.0,0.0
1948-06-28,,,0.0,0.0,0.0
1948-06-29,,,97.0,0.0,0.0
1948-06-30,,,0.0,0.0,0.0
1948-07-01,,,71.0,0.0,0.0
1948-07-02,,,0.0,0.0,0.0
1948-07-03,,,0.0,0.0,0.0
1948-07-04,,,0.0,0.0,0.0
1948-07-05,,,0.0,0.0,0.0
1948-07-06,,,43.0,0.0,0.0
1948-07-07,,,224.0,0.0,0.0
1948-07-08,,,0.0,0.0,0.0
1948-07-09,,,0.0,0.0,0.0
1948-07-10,,,0.0,0.0,0.0
1948-07-11,,,0.0,0.0,0.0
1948-07-12,,,0.0,0.0,0.0
1948-07-13,,,0.0,0.0,0.0
1948-07-14,,,246.0,0.0,0.0
1948-07-15,,,0.0,0.0,0.0
1948-07-16,,,0.0,0.0,0.0
1948-07-17,,,0.0,0.0,0.0
1948-07-18,,,0.0,0.0,0.0
1948-07-19,,,109.0,0.0,0.0
1948-07-20,,,3.0,0.0,0.0
1948-07-21,,,0.0,0.0,0.0
1948-07-22,,,8.0,0.0,0.0
1948-07-23,,,0.0,0.0,0.0
1948-07-24,,,117.0,0.0,0.0
1948-07-25,,,0.0,0.0,0.0
1948-07-26,,,0.0,0.0,0.0
1948-07-27,,,5.0,0.0,0.0
1948-07-28,,,0.0,0.0,0.0
1948-07-29,,,0.0,0.0,0.0
1948-07-30,,,0.0,0.0,0.0
1948-07-31,,,0.0,0.0,0.0
1948-08-01,,,0.0,0.0,0.0
1948-08-02,,,0.0,0.0,0.0
1948-08-03,,,3.0,0.0,0.0
1948-08-04,,,0.0,0.0,0.0
1948-08-05,,,0.0,0.0,0.0
1948-08-06,,,267.0,0.0,0.0
1948-08-07,,,10.0,0.0,0.0
1948-08-08,,,0.0,0.0,0.0
1948-08-09,,,0.0,0.0,0.0
1948-08-10,,,0.0,0.0,0.0
1948-08-11,,,0.0,0.0,0.0
1948-08-12,,,130.0,0.0,0.0
1948-08-13,,,305.0,0.0,0.0
1948-08-14,,,28.0,0.0,0.0
1948-08-15,,,10.0,0.0,0.0
1948-08-16,,,0.0,0.0,0.0
1948-08-17,,,0.0,0.0,0.0
1948-08-18,,,0.0,0.0,0.0
1948-08-19,,,0.0,0.0,0.0
1948-08-20,,,3.0,0.0,0.0
1948-08-21,,,0.0,0.0,0.0
1948-08-22,,,0.0,0.0,0.0
1948-08-23,,,0.0,0.0,0.0
1948-08-24,,,0.0,0.0,0.0
1948-08-25,,,0.0,0.0,0.0
1948-08-26,,,0.0,0.0,0.0
1948-08-27,,,0.0,0.0,0.0
1948-08-28,,,0.0,0.0,0.0
1948-08-29,,,0.0,0.0,0.0
1948-08-30,,,0.0,0.0,0.0
1948-08-31,,,0.0,0.0,0.0
1948-09-01,,,0.0,0.0,0.0
1948-09-02,,,0.0,0.0,0.0
1948-09-03,,,0.0,0.0,0.0
1948-09-04,,,0.0,0.0,0.0
1948-09-05,,,0.0,0.0,0.0
1948-09-06,,,0.0,0.0,0.0
1948-09-07,,,0.0,0.0,0.0
1948-09-08,,,0.0,0.0,0.0
1948-09-09,,,0.0,0.0,0.0
1948-09-10,,,56.0,0.0,0.0
1948-09-11,,,3.0,0.0,0.0
1948-09-12,,,0.0,0.0,0.0
1948-09-13,,,0.0,0.0,0.0
1948-09-14,,,0.0,0.0,0.0
1948-09-15,,,0.0,0.0,0.0
1948-09-16,,,0.0,0.0,0.0
1948-09-17,,,0.0,0.0,0.0
1948-09-18,,,99.0,0.0,0.0
1948-09-19,,,3.0,0.0,0.0
1948-09-20,,,0.0,0.0,0.0
1948-09-21,,,0.0,0.0,0.0
1948-09-22,,,0.0,0.0,0.0
1948-09-23,,,0.0,0.0,0.0
1948-09-24,,,0.0,0.0,0.0
1948-09-25,,,0.0,0.0,0.0
1948-09-26,,,0.0,0.0,0.0
1948-09-27,,,0.0,0.0,0.0
1948-09-28,,,0.0,0.0,0.0
1948-09-29,,,0.0,0.0,0.0
1948-09-30,,,0.0,0.0,0.0
1948-10-01,,,130.0,0.0,0.0
1948-10-02,,,0.0,0.0,0.0
1948-10-03,,,0.0,0.0,0.0
1948-10-04,,,0.0,0.0,0.0
1948-10-05,,,0.0,0.0,0.0
1948-10-06,,,0.0,0.0,0.0
1948-10-07,,,0.0,0.0,0.0
1948-10-08,,,15.0,0.0,0.0
1948-10-09,,,173.0,0.0,0.0
1948-10-10,,,0.0,0.0,0.0
1948-10-11,,,13.0,0.0,0.0
1948-10-12,,,3.0,0.0,0.0
1948-10-13,,,0.0,0.0,0.0
1948-10-14,,,10.0,0.0,0.0
1948-10-15,,,0.0,0.0,0.0
1948-10-16,,,0.0,0.0,0.0
1948-10-17,,,0.0,0.0,0.0
1948-10-18,,,23.0,0.0,0.0
1948-10-19,,,46.0,0.0,0.0
1948-10-20,,,0.0,0.0,0.0
1948-10-21,,,0.0,0.0,0.0
1948-10-22,,,0.0,0.0,0.0
1948-10-23,,,0.0,0.0,0.0
1948-10-24,,,0.0,0.0,0.0
1948-10-25,,,38.0,0.0,0.0
1948-10-26,,,0.0,0.0,0.0
1948-10-27,,,0.0,0.0,0.0
1948-10-28,,,0.0,0.0,0.0
1948-10-29,,,0.0,0.0,0.0
1948-10-30,,,0.0,0.0,0.0
1948-10-31,,,0.0,0.0,0.0
1948-11-01,,,0.0,0.0,0.0
1948-11-02,,,0.0,0.0,0.0
1948-11-03,,,0.0,0.0,0.0
1948-11-04,,,104.0,0.0,0.0
1948-11-05,,,64.0,0.0,0.0
1948-11-06,,,3.0,0.0,0.0
1948-11-07,,,117.0,0.0,0.0
1948-11-08,,,0.0,0.0,0.0
1948-11-09,,,0.0,0.0,0.0
1948-11-10,,,10.0,0.0,0.0
1948-11-11,,,328.0,0.0,0.0
1948-11-12,,,0.0,0.0,0.0
1948-11-13,,,5.0,0.0,0.0
1948-11-14,,,10.0,0.0,0.0
1948-11-15,,,0.0,0.0,0.0
1948-11-16,,,0.0,0.0,0.0
1948-11-17,,,18.0,0.0,0.0
1948-11-18,,,0.0,0.0,0.0
1948-11-19,,,0.0,0.0,0.0
1948-11-20,,,312.0,0.0,0.0
1948-11-21,,,36.0,0.0,0.0
1948-11-22,,,0.0,0.0,0.0
1948-11-23,,,81.0,0.0,0.0
1948-11-24,,,0.0,0.0,0.0
1948-11-25,,,0.0,0.0,0.0
1948-11-26,,,0.0,0.0,0.0
1948-11-27,,,71.0,0.0,0.0
1948-11-28,,,0.0,0.0,0.0
1948-11-29,,,51.0,0.0,0.0
1948-11-30,,,20.0,0.0,0.0
1948-12-01,,,0.0,,
1948-12-02,,,0.0,,
1948-12-03,,,0.0,,
1948-12-04,,,0.0,,
1948-12-05,,,0.0,,
1948-12-06,,,5.0,,
1948-12-07,,,66.0,,
1948-12-08,,,0.0,,
1948-12-09,,,0.0,,
1948-12-10,,,0.0,,
1948-12-11,,,0.0,,
1948-12-12,,,0.0,,
1948-12-13,,,71.0,,
1948-12-14,,,58.0,,
1948-12-15,,,0.0,,
1948-12-16,,,56.0,,
1948-12-17,,,94.0,,
1948-12-18,,,0.0,,
1948-12-19,,,0.0,,
1948-12-20,,,124.0,,
1948-12-21,,,0.0,,
1948-12-22,,,5.0,,
1948-12-23,,,0.0,,
1948-12-24,,,3.0,,
1948-12-25,,,0.0,,
1948-12-26,,,3.0,,
1948-12-27,,,0.0,,
1948-12-28,,,0.0,,
1948-12-29,,,0.0,,
1948-12-30,,,447.0,,
1948-12-31,,,1262.0,,
1949-01-01,,,762.0,0.0,0.0
1949-01-02,,,10.0,0.0,0.0
1949-01-03,,,0.0,0.0,0.0
1949-01-04,,,0.0,0.0,0.0
1949-01-05,,,,0.0,0.0
1949-01-06,,,668.0,0.0,0.0
1949-01-07,,,0.0,0.0,0.0
1949-01-08,,,0.0,0.0,0.0
1949-01-09,,,0.0,0.0,0.0
1949-01-10,,,0.0,0.0,0.0
1949-01-11,,,0.0,0.0,0.0
1949-01-12,,,0.0,0.0,0.0
1949-01-13,,,0.0,0.0,0.0
1949-01-14,,,0.0,0.0,0.0
1949-01-15,,,0.0,0.0,0.0
1949-01-16,,,0.0,0.0,0.0
1949-01-17,,,0.0,0.0,0.0
1949-01-25,,,13.0,0.0,0.0
1949-01-26,,,0.0,0.0,0.0
1949-01-27,,,170.0,0.0,0.0
1949-01-28,,,99.0,0.0,0.0
1949-01-29,,,20.0,0.0,0.0
1949-01-30,,,0.0,0.0,0.0
1949-01-31,,,0.0,0.0,0.0
1949-02-01,,,163.0,,
1949-02-02,,,0.0,,
1949-02-03,,,0.0,,
1949-02-04,,,0.0,,
1949-02-05,,,53.0,,
1949-02-06,,,0.0,,
1949-02-07,,,8.0,,
1949-02-08,,,33.0,,
1949-02-09,,,0.0,,
1949-02-10,,,0.0,,
1949-02-11,,,0.0,,
1949-02-12,,,0.0,,
1949-02-13,,,0.0,,
1949-02-14,,,5.0,,
1949-02-15,,,5.0,,
1949-02-16,,,76.0,,
1949-02-17,,,64.0,,
1949-02-18,,,0.0,,
1949-02-19,,,0.0,,
1949-02-20,,,71.0,,
1949-02-21,,,0.0,,
1949-02-22,,,0.0,,
1949-02-23,,,142.0,,
1949-02-24,,,0.0,,
1949-02-25,,,8.0,,
1949-02-26,,,46.0,,
1949-02-27,,,0.0,,
1949-02-28,,,3.0,,
1949-03-01,,,328.0,,
1949-03-02,,,0.0,,
1949-03-03,,,0.0,,
1949-03-04,,,0.0,,
1949-03-05,,,0.0,,
1949-03-06,,,0.0,,
1949-03-07,,,13.0,,
1949-03-08,,,0.0,,
1949-03-09,,,0.0,,
1949-03-10,,,0.0,,
1949-03-11,,,122.0,,
1949-03-12,,,10.0,,
1949-03-13,,,46.0,,
1949-03-14,,,0.0,,
1949-03-15,,,0.0,,
1949-03-16,,,0.0,,
1949-03-17,,,0.0,,
1949-03-18,,,0.0,,
1949-03-19,,,84.0,,
1949-03-20,,,0.0,,
1949-03-21,,,0.0,,
1949-03-22,,,0.0,,
1949-03-23,,,206.0,,
1949-03-24,,,3.0,,
1949-03-25,,,0.0,,
1949-03-26,,,3.0,,
1949-03-27,,,0.0,,
1949-03-28,,,0.0,,
1949-03-29,,,0.0,,
1949-03-30,,,0.0,,
1949-03-31,,,3.0,,
1949-04-01,,,0.0,0.0,0.0
1949-04-02,,,0.0,0.0,0.0
1949-04-03,,,0.0,0.0,0.0
1949-04-04,,,3.0,0.0,0.0
1949-04-05,,,13.0,0.0,0.0
1949-04-06,,,147.0,0.0,0.0
1949-04-07,,,43.0,0.0,0.0
1949-04-08,,,8.0,0.0,0.0
1949-04-09,,,10.0,0.0,0.0
1949-04-10,,,0.0,0.0,0.0
1949-04-11,,,0.0,0.0,0.0
1949-04-12,,,0.0,0.0,0.0
1949-04-13,,,0.0,0.0,0.0
1949-04-14,,,206.0,0.0,0.0
1949-04-15,,,0.0,0.0,0.0
1949-04-16,,,8.0,0.0,0.0
1949-04-17,,,0.0,0.0,0.0
1949-04-18,,,0.0,0.0,0.0
1949-04-19,,,224.0,0.0,0.0
1949-04-20,,,0.0,0.0,0.0
1949-04-21,,,0.0,0.0,0.0
1949-04-22,,,0.0,0.0,0.0
1949-04-23,,,127.0,0.0,0.0
1949-04-24,,,119.0,0.0,0.0
1949-04-25,,,0.0,0.0,0.0
1949-04-26,,,0.0,0.0,0.0
1949-04-27,,,3.0,0.0,0.0
1949-04-28,,,0.0,0.0,0.0
1949-04-29,,,0.0,0.0,0.0
1949-04-30,,,0.0,0.0,0.0
1949-05-01,,,0.0,0.0,0.0
1949-05-02,,,36.0,0.0,0.0
1949-05-03,,,315.0,,0.0
1949-05-04,,,15.0,,0.0
1949-05-05,,,0.0,0.0,0.0
1949-05-06,,,66.0,,0.0
1949-05-07,,,132.0,0.0,0.0
1949-05-08,,,0.0,0.0,0.0
1949-05-09,,,0.0,0.0,0.0
1949-05-10,,,51.0,0.0,0.0
1949-05-11,,,0.0,0.0,0.0
1949-05-12,,,0.0,0.0,0.0
1949-05-13,,,0.0,0.0,0.0
1949-05-14,,,0.0,0.0,0.0
1949-05-16,,,0.0,0.0,0.0
1949-05-17,,,0.0,0.0,0.0
1949-05-18,,,0.0,0.0,0.0
1949-05-19,,,0.0,0.0,0.0
1949-05-20,,,104.0,0.0,0.0
1949-05-21,,,401.0,0.0,0.0
1949-05-22,,,0.0,0.0,0.0
1949-05-23,,,145.0,0.0,0.0
1949-05-24,,,0.0,0.0,0.0
1949-05-25,,,20.0,0.0,0.0
1949-05-26,,,0.0,0.0,0.0
1949-05-27,,,58.0,0.0,0.0
1949-05-28,,,0.0,0.0,0.0
1949-05-29,,,0.0,0.0,0.0
1949-05-30,,,15.0,0.0,0.0
1949-05-31,,,0.0,0.0,0.0
1949-06-01,,,0.0,0.0,0.0
1949-06-02,,,0.0,0.0,0.0
1949-06-03,,,0.0,0.0,0.0
1949-06-04,,,0.0,0.0,0.0
1949-06-05,,,0.0,0.0,0.0
1949-06-06,,,0.0,0.0,0.0
1949-06-07,,,0.0,0.0,0.0
1949-06-08,,,0.0,0.0,0.0
1949-06-09,,,0.0,0.0,0.0
1949-06-10,,,0.0,0.0,0.0
1949-06-11,,,0.0,0.0,0.0
1949-06-12,,,0.0,0.0,0.0
1949-06-13,,,0.0,0.0,0.0
1949-06-14,,,0.0,0.0,0.0
1949-06-15,,,0.0,0.0,0.0
1949-06-16,,,0.0,0.0,0.0
1949-06-17,,,0.0,0.0,0.0
1949-06-18,,,18.0,0.0,0.0
1949-06-19,,,0.0,0.0,0.0
1949-06-20,,,0.0,0.0,0.0
1949-06-21,,,0.0,0.0,0.0
1949-06-22,,,0.0,0.0,0.0
1949-06-23,,,,0.0,0.0
1949-06-24,,,0.0,0.0,0.0
1949-06-25,,,0.0,0.0,0.0
1949-06-26,,,152.0,0.0,0.0
1949-06-27,,,0.0,0.0,0.0
1949-06-28,,,0.0,0.0,0.0
1949-06-29,,,0.0,0.0,0.0
1949-06-30,,,0.0,0.0,0.0
1949-07-01,,,0.0,0.0,0.0
1949-07-02,,,0.0,0.0,0.0
1949-07-03,,,0.0,0.0,0.0
1949-07-04,,,0.0,0.0,0.0
1949-07-05,,,71.0,0.0,0.0
1949-07-06,,,38.0,0.0,0.0
1949-07-07,,,3.0,0.0,0.0
1949-07-08,,,0.0,0.0,0.0
1949-07-09,,,0.0,0.0,0.0
1949-07-10,,,0.0,0.0,0.0
1949-07-11,,,66.0,0.0,0.0
1949-07-12,,,0.0,0.0,0.0
1949-07-13,,,229.0,0.0,0.0
1949-07-14,,,0.0,0.0,0.0
1949-07-15,,,0.0,0.0,0.0
1949-07-16,,,8.0,0.0,0.0
1949-07-17,,,0.0,0.0,0.0
1949-07-18,,,51.0,0.0,0.0
1949-07-19,,,20.0,0.0,0.0
1949-07-20,,,0.0,0.0,0.0
1949-07-21,,,452.0,0.0,0.0
1949-07-22,,,0.0,0.0,0.0
1949-07-23,,,0.0,0.0,0.0
1949-07-24,,,0.0,0.0,0.0
1949-07-25,,,36.0,0.0,0.0
1949-07-26,,,56.0,0.0,0.0
1949-07-27,,,0.0,0.0,0.0
1949-07-28,,,163.0,0.0,0.0
1949-07-29,,,3.0,0.0,0.0
1949-07-30,,,0.0,0.0,0.0
1949-07-31,,,124.0,0.0,0.0
1949-08-01,,,0.0,,0.0
1949-08-02,,,0.0,0.0,0.0
1949-08-03,,,0.0,0.0,0.0
1949-08-04,,,3.0,0.0,0.0
1949-08-05,,,3.0,0.0,0.0
1949-08-06,,,0.0,0.0,0.0
1949-08-07,,,0.0,0.0,0.0
1949-08-08,,,0.0,0.0,0.0
1949-08-09,,,0.0,0.0,0.0
1949-08-10,,,0.0,0.0,0.0
1949-08-11,,,0.0,0.0,0.0
1949-08-12,,,23.0,0.0,0.0
1949-08-13,,,61.0,0.0,0.0
1949-08-14,,,91.0,0.0,0.0
1949-08-15,,,0.0,0.0,0.0
1949-08-16,,,0.0,0.0,0.0
1949-08-17,,,0.0,0.0,0.0
1949-08-18,,,0.0,0.0,0.0
1949-08-19,,,13.0,0.0,0.0
1949-08-20,,,0.0,0.0,0.0
1949-08-21,,,0.0,0.0,0.0
1949-08-22,,,0.0,0.0,0.0
1949-08-23,,,0.0,0.0,0.0
1949-08-24,,,0.0,0.0,0.0
1949-08-25,,,0.0,0.0,0.0
1949-08-26,,,0.0,0.0,0.0
1949-08-27,,,0.0,0.0,0.0
1949-08-28,,,0.0,0.0,0.0
1949-08-29,,,340.0,0.0,0.0
1949-08-30,,,216.0,0.0,0.0
1949-08-31,,,3.0,0.0,0.0
1949-09-01,,,61.0,0.0,0.0
1949-09-02,,,0.0,0.0,0.0
1949-09-03,,,0.0,0.0,0.0
1949-09-04,,,0.0,0.0,0.0
1949-09-05,,,0.0,0.0,0.0
1949-09-06,,,8.0,0.0,0.0
1949-09-07,,,0.0,0.0,0.0
1949-09-08,,,8.0,0.0,0.0
1949-09-09,,,56.0,0.0,0.0
1949-09-10,,,0.0,0.0,0.0
1949-09-11,,,0.0,0.0,0.0
1949-09-12,,,0.0,0.0,0.0
1949-09-13,,,0.0,0.0,0.0
1949-09-14,,,165.0,0.0,0.0
1949-09-15,,,267.0,0.0,0.0
1949-09-16,,,0.0,0.0,0.0
1949-09-17,,,0.0,0.0,0.0
1949-09-18,,,0.0,0.0,0.0
1949-09-19,,,15.0,0.0,0.0
1949-09-20,,,8.0,0.0,0.0
1949-09-21,,,8.0,0.0,0.0
1949-09-22,,,0.0,0.0,0.0
1949-09-23,,,76.0,0.0,0.0
1949-09-24,,,3.0,0.0,0.0
1949-09-25,,,5.0,0.0,0.0
1949-09-26,,,0.0,0.0,0.0
1949-09-27,,,0.0,0.0,0.0
1949-09-28,,,0.0,0.0,0.0
1949-09-29,,,3.0,0.0,0.0
1949-09-30,,,236.0,0.0,0.0
1949-10-01,167.0,44.0,0.0,0.0,0.0
1949-10-02,178.0,22.0,0.0,0.0,0.0
1949-10-03,172.0,50.0,0.0,0.0,0.0
1949-10-04,178.0,78.0,0.0,0.0,0.0
1949-10-05,200.0,100.0,61.0,0.0,0.0
1949-10-06,211.0,56.0,0.0,0.0,0.0
1949-10-07,200.0,83.0,0.0,0.0,0.0
1949-10-08,172.0,100.0,74.0,0.0,0.0
1949-10-09,228.0,139.0,0.0,0.0,0.0
1949-10-10,267.0,150.0,0.0,0.0,0.0
1949-10-11,294.0,156.0,0.0,0.0,0.0
1949-10-12,283.0,150.0,0.0,0.0,0.0
1949-10-13,261.0,56.0,18.0,0.0,0.0
1949-10-14,189.0,39.0,0.0,0.0,0.0
1949-10-15,194.0,72.0,53.0,0.0,0.0
1949-10-16,133.0,39.0,8.0,0.0,0.0
1949-10-17,156.0,39.0,0.0,0.0,0.0
1949-10-18,183.0,72.0,0.0,0.0,0.0
1949-10-19,139.0,83.0,0.0,0.0,0.0
1949-10-20,150.0,67.0,0.0,0.0,0.0
1949-10-21,211.0,44.0,0.0,0.0,0.0
1949-10-22,228.0,94.0,0.0,0.0,0.0
1949-10-23,211.0,39.0,5.0,0.0,0.0
1949-10-24,161.0,44.0,0.0,0.0,0.0
1949-10-25,122.0,-28.0,0.0,0.0,0.0
1949-10-26,122.0,0.0,249.0,0.0,0.0
1949-10-27,144.0,-11.0,0.0,0.0,0.0
1949-10-28,106.0,0.0,0.0,0.0,0.0
1949-10-29,150.0,56.0,0.0,0.0,0.0
1949-10-30,194.0,72.0,3.0,0.0,0.0
1949-10-31,139.0,106.0,155.0,0.0,0.0
1949-11-01,139.0,-11.0,15.0,0.0,0.0
1949-11-02,72.0,-11.0,0.0,0.0,0.0
1949-11-03,122.0,0.0,0.0,0.0,0.0
1949-11-04,150.0,39.0,0.0,0.0,0.0
1949-11-11,167.0,39.0,0.0,0.0,0.0
1949-11-12,172.0,0.0,5.0,0.0,0.0
1949-11-13,33.0,-17.0,0.0,0.0,0.0
1949-11-14,128.0,0.0,157.0,0.0,0.0
1949-11-15,133.0,-11.0,0.0,0.0,0.0
1949-11-16,122.0,-11.0,0.0,0.0,0.0
1949-11-17,83.0,-44.0,0.0,0.0,0.0
1949-11-18,67.0,-50.0,0.0,0.0,0.0
1949-11-19,33.0,-67.0,0.0,0.0,0.0
1949-11-20,56.0,-33.0,25.0,0.0,8.0
1949-11-21,78.0,-22.0,0.0,0.0,0.0
1949-11-22,50.0,-106.0,0.0,0.0,0.0
1949-11-23,-39.0,-122.0,0.0,0.0,0.0
1949-11-24,44.0,-67.0,0.0,0.0,0.0
1949-11-25,83.0,-50.0,56.0,0.0,0.0
1949-11-26,61.0,-83.0,0.0,0.0,0.0
1949-11-27,-33.0,-144.0,0.0,0.0,0.0
1949-11-28,-56.0,-122.0,53.0,51.0,43.0
1949-11-29,22.0,-72.0,46.0,25.0,18.0
1949-11-30,50.0,-22.0,56.0,0.0,0.0
1949-12-01,72.0,-39.0,0.0,0.0,0.0
1949-12-02,44.0,-72.0,0.0,0.0,0.0
1949-12-03,-17.0,-78.0,152.0,152.0,165.0
1949-12-04,-22.0,-139.0,0.0,127.0,0.0
1949-12-05,-11.0,-78.0,43.0,178.0,64.0
1949-12-06,17.0,-83.0,0.0,127.0,0.0
1949-12-07,-56.0,-161.0,25.0,127.0,
1949-12-08,17.0,-111.0,8.0,127.0,5.0
1949-12-09,-28.0,-139.0,0.0,102.0,0.0
1949-12-10,-39.0,-161.0,0.0,102.0,0.0
1949-12-11,6.0,-106.0,0.0,102.0,0.0
1949-12-12,50.0,-17.0,25.0,76.0,0.0
1949-12-13,133.0,17.0,353.0,0.0,0.0
1949-12-14,33.0,-61.0,41.0,0.0,0.0
1949-12-15,-6.0,-117.0,0.0,0.0,0.0
1949-12-16,-33.0,-150.0,0.0,0.0,0.0
1949-12-17,-28.0,-128.0,0.0,0.0,0.0
1949-12-18,39.0,-50.0,0.0,0.0,0.0
1949-12-19,78.0,22.0,41.0,0.0,0.0
1949-12-20,72.0,-33.0,0.0,0.0,0.0
1949-12-21,72.0,-17.0,0.0,0.0,0.0
1949-12-22,72.0,22.0,0.0,0.0,0.0
1949-12-23,128.0,44.0,13.0,0.0,0.0
1949-12-24,122.0,-94.0,66.0,0.0,13.0
1949-12-25,-17.0,-111.0,0.0,0.0,0.0
1949-12-26,28.0,-61.0,0.0,0.0,0.0
1949-12-27,122.0,11.0,244.0,0.0,0.0
1949-12-28,133.0,-11.0,79.0,0.0,0.0
1949-12-29,39.0,-89.0,0.0,0.0,0.0
1949-12-30,22.0,-161.0,0.0,0.0,0.0
1949-12-31,-67.0,-156.0,0.0,0.0,0.0
1950-01-01,17.0,-117.0,0.0,0.0,0.0
1950-01-02,6.0,-28.0,10.0,0.0,0.0
1950-01-03,61.0,-22.0,33.0,0.0,0.0
1950-01-04,117.0,-22.0,28.0,0.0,0.0
1950-01-05,150.0,56.0,0.0,0.0,0.0
1950-01-06,72.0,17.0,97.0,0.0,0.0
1950-01-07,83.0,-61.0,218.0,0.0,0.0
1950-01-08,-33.0,-194.0,5.0,0.0,13.0
1950-01-09,-67.0,-200.0,0.0,0.0,0.0
1950-01-10,22.0,-83.0,0.0,0.0,0.0
1950-01-11,72.0,-28.0,198.0,0.0,0.0
1950-01-12,17.0,-128.0,0.0,0.0,0.0
1950-01-13,6.0,-111.0,5.0,0.0,0.0
1950-01-14,89.0,-17.0,38.0,0.0,0.0
1950-01-15,111.0,-67.0,0.0,0.0,0.0
1950-01-16,61.0,0.0,20.0,0.0,0.0
1950-01-17,56.0,-78.0,0.0,0.0,0.0
1950-01-18,6.0,-78.0,76.0,25.0,25.0
1950-01-19,56.0,-133.0,0.0,0.0,0.0
1950-01-20,-56.0,-128.0,0.0,0.0,0.0
1950-01-21,-67.0,-156.0,0.0,0.0,0.0
1950-01-22,-33.0,-133.0,15.0,0.0,13.0
1950-01-23,28.0,-128.0,5.0,0.0,0.0
1950-01-24,56.0,11.0,0.0,0.0,0.0
1950-01-25,33.0,-33.0,97.0,0.0,0.0
1950-01-26,100.0,-28.0,0.0,0.0,0.0
1950-01-27,183.0,-22.0,46.0,0.0,0.0
1950-01-28,-6.0,-139.0,0.0,0.0,0.0
1950-01-29,61.0,-111.0,38.0,0.0,0.0
1950-01-30,117.0,-22.0,10.0,0.0,0.0
1950-01-31,0.0,-100.0,81.0,51.0,51.0
1950-02-01,,,20.0,51.0,0.0
1950-02-02,,,25.0,51.0,13.0
1950-02-03,,,25.0,51.0,0.0
1950-02-04,,,0.0,51.0,0.0
1950-02-05,,,0.0,51.0,0.0
1950-02-06,,,0.0,51.0,0.0
1950-02-07,,,48.0,102.0,56.0
1950-02-08,,,0.0,102.0,0.0
1950-02-09,,,43.0,102.0,13.0
1950-02-10,,,178.0,0.0,0.0
1950-02-11,,,5.0,25.0,0.0
1950-02-12,,,0.0,0.0,0.0
1950-02-13,,,0.0,0.0,0.0
1950-02-14,,,140.0,127.0,122.0
1950-02-15,,,287.0,152.0,94.0
1950-02-16,,,30.0,152.0,0.0
1950-02-17,,,3.0,152.0,13.0
1950-02-18,,,0.0,152.0,0.0
1950-02-19,,,8.0,127.0,0.0
1950-02-20,,,0.0,127.0,0.0
1950-02-21,,,0.0,127.0,0.0
1950-02-22,,,20.0,152.0,3.0
1950-02-23,,,155.0,178.0,89.0
1950-02-24,,,0.0,178.0,0.0
1950-02-25,,,0.0,178.0,0.0
1950-02-26,,,0.0,178.0,0.0
1950-02-27,,,0.0,178.0,0.0
1950-02-28,,,0.0,178.0,0.0
1950-03-01,,,10.0,,
1950-03-02,,,0.0,,
1950-03-03,,,0.0,,
1950-03-04,,,0.0,,
1950-03-05,,,0.0,,
1950-03-06,,,0.0,,
1950-03-07,,,0.0,,
1950-03-08,,,3.0,,
1950-03-09,,,330.0,,
1950-03-10,,,0.0,,
1950-03-11,,,0.0,,
1950-03-12,,,3.0,,
1950-03-13,,,3.0,,
1950-03-14,,,84.0,,
1950-03-15,,,0.0,,
1950-03-16,,,0.0,,
1950-03-17,,,0.0,,
1950-03-18,,,74.0,,
1950-03-19,,,0.0,,
1950-03-20,,,0.0,,
1950-03-21,,,18.0,,
1950-03-23,,,56.0,,
1950-03-24,,,56.0,,
1950-03-25,,,0.0,,
1950-03-26,,,0.0,,
1950-03-27,,,3.0,,
1950-03-28,,,20.0,,
1950-03-29,,,58.0,,
1950-03-30,,,20.0,,
1950-03-31,,,0.0,,
1950-04-01,,,0.0,0.0,0.0
1950-04-02,,,36.0,0.0,0.0
1950-04-03,,,15.0,0.0,0.0
1950-04-04,,,43.0,0.0,0.0
1950-04-05,,,13.0,0.0,0.0
1950-04-06,,,51.0,0.0,0.0
1950-04-07,,,0.0,0.0,0.0
1950-04-08,,,0.0,0.0,0.0
1950-04-09,,,10.0,25.0,25.0
1950-04-10,,,0.0,0.0,0.0
1950-04-11,,,0.0,0.0,0.0
1950-04-12,,,10.0,0.0,0.0
1950-04-13,,,20.0,25.0,25.0
1950-04-14,,,84.0,152.0,127.0
1950-04-15,,,15.0,76.0,25.0
1950-04-16,,,0.0,25.0,0.0
1950-04-17,,,0.0,,0.0
1950-04-18,,,0.0,0.0,0.0
1950-04-19,,,0.0,0.0,0.0
1950-04-20,,,84.0,0.0,0.0
1950-04-21,,,69.0,0.0,0.0
1950-04-22,,,0.0,0.0,0.0
1950-04-23,,,3.0,0.0,0.0
1950-04-24,,,0.0,0.0,0.0
1950-04-25,,,0.0,0.0,0.0
1950-04-26,,,58.0,0.0,0.0
1950-04-27,,,38.0,0.0,0.0
1950-04-28,,,20.0,0.0,0.0
1950-04-29,,,20.0,0.0,0.0
1950-04-30,,,91.0,0.0,0.0
1950-05-01,111.0,28.0,25.0,0.0,0.0
1950-05-02,67.0,,41.0,0.0,0.0
1950-05-03,178.0,61.0,0.0,0.0,0.0
1950-05-04,178.0,72.0,0.0,0.0,0.0
1950-05-05,228.0,72.0,25.0,0.0,0.0
1950-05-06,106.0,67.0,13.0,0.0,0.0
1950-05-07,261.0,100.0,0.0,0.0,0.0
1950-05-08,211.0,-28.0,0.0,0.0,0.0
1950-05-09,106.0,-11.0,0.0,0.0,0.0
1950-05-10,167.0,33.0,58.0,0.0,0.0
1950-05-11,167.0,67.0,38.0,0.0,0.0
1950-05-12,150.0,67.0,0.0,0.0,0.0
1950-05-13,194.0,67.0,0.0,0.0,0.0
1950-05-14,228.0,11.0,10.0,0.0,0.0
1950-05-15,183.0,28.0,0.0,0.0,0.0
1950-05-16,144.0,78.0,10.0,0.0,0.0
1950-05-17,211.0,83.0,0.0,0.0,0.0
1950-05-18,222.0,56.0,66.0,0.0,0.0
1950-05-19,78.0,44.0,246.0,0.0,0.0
1950-05-20,67.0,33.0,183.0,0.0,0.0
1950-05-21,156.0,39.0,0.0,0.0,0.0
1950-05-22,222.0,17.0,0.0,0.0,0.0
1950-05-23,183.0,39.0,0.0,0.0,0.0
1950-05-24,178.0,,71.0,0.0,0.0
1950-05-25,133.0,111.0,140.0,0.0,0.0
1950-05-26,167.0,100.0,51.0,0.0,0.0
1950-05-27,189.0,89.0,5.0,0.0,0.0
1950-05-28,239.0,44.0,0.0,0.0,0.0
1950-05-29,167.0,89.0,8.0,0.0,0.0
1950-05-30,139.0,100.0,201.0,0.0,0.0
1950-05-31,222.0,100.0,0.0,0.0,0.0
1950-06-01,200.0,111.0,84.0,0.0,0.0
1950-06-02,178.0,67.0,165.0,0.0,0.0
1950-06-03,250.0,133.0,0.0,0.0,0.0
1950-06-04,250.0,67.0,259.0,0.0,0.0
1950-06-05,183.0,44.0,0.0,0.0,0.0
1950-06-06,217.0,100.0,0.0,0.0,0.0
1950-06-07,267.0,128.0,0.0,0.0,0.0
1950-06-08,294.0,161.0,0.0,0.0,0.0
1950-06-09,294.0,167.0,0.0,0.0,0.0
1950-06-10,294.0,156.0,0.0,0.0,0.0
1950-06-11,267.0,89.0,257.0,0.0,0.0
1950-06-12,189.0,44.0,0.0,0.0,0.0
1950-06-13,211.0,78.0,0.0,0.0,0.0
1950-06-14,228.0,89.0,0.0,0.0,0.0
1950-06-15,156.0,100.0,185.0,0.0,0.0
1950-06-16,,117.0,0.0,0.0,0.0
1950-06-17,233.0,,241.0,0.0,0.0
1950-06-18,211.0,33.0,0.0,0.0,0.0
1950-06-19,189.0,44.0,0.0,0.0,0.0
1950-06-20,128.0,83.0,0.0,0.0,0.0
1950-06-21,206.0,106.0,56.0,0.0,0.0
1950-06-22,244.0,67.0,0.0,0.0,0.0
1950-06-23,222.0,100.0,0.0,0.0,0.0
1950-06-24,283.0,161.0,0.0,0.0,0.0
1950-06-25,300.0,183.0,74.0,0.0,0.0
1950-06-26,294.0,161.0,0.0,0.0,0.0
1950-06-27,294.0,144.0,0.0,0.0,0.0
1950-06-28,267.0,106.0,10.0,0.0,0.0
1950-06-29,222.0,117.0,0.0,0.0,0.0
1950-06-30,239.0,139.0,0.0,0.0,0.0
1950-07-01,,,0.0,0.0,0.0
1950-07-02,,,0.0,0.0,0.0
1950-07-03,,,53.0,0.0,0.0
1950-07-04,,,23.0,0.0,0.0
1950-07-05,,,152.0,0.0,0.0
1950-07-06,,,53.0,0.0,0.0
1950-07-07,,,0.0,0.0,0.0
1950-07-08,,,0.0,0.0,0.0
1950-07-09,,,0.0,0.0,0.0
1950-07-10,,,0.0,0.0,0.0
1950-07-11,,,64.0,0.0,0.0
1950-07-12,,,53.0,0.0,0.0
1950-07-13,,,0.0,0.0,0.0
1950-07-14,,,74.0,0.0,0.0
1950-07-15,,,0.0,0.0,0.0
1950-07-16,,,0.0,0.0,0.0
1950-07-17,,,15.0,0.0,0.0
1950-07-18,,,0.0,0.0,0.0
1950-07-19,,,61.0,0.0,0.0
1950-07-20,,,3.0,0.0,0.0
1950-07-21,,,66.0,0.0,0.0
1950-07-22,,,0.0,0.0,0.0
1950-07-23,,,0.0,0.0,0.0
1950-07-24,,,0.0,0.0,0.0
1950-07-25,,,23.0,0.0,0.0
1950-07-26,,,0.0,0.0,0.0
1950-07-27,,,0.0,0.0,0.0
1950-07-28,,,0.0,0.0,0.0
1950-07-29,,,41.0,0.0,0.0
1950-07-30,,,0.0,0.0,0.0
1950-07-31,,,18.0,0.0,0.0
1950-08-01,,,13.0,0.0,0.0
1950-08-02,,,191.0,0.0,0.0
1950-08-03,,,5.0,0.0,0.0
1950-08-04,,,0.0,0.0,0.0
1950-08-05,,,0.0,0.0,0.0
1950-08-06,,,48.0,0.0,0.0
1950-08-07,,,81.0,0.0,0.0
1950-08-08,,,0.0,0.0,0.0
1950-08-09,,,0.0,0.0,0.0
1950-08-10,,,0.0,0.0,0.0
1950-08-11,,,0.0,0.0,0.0
1950-08-12,,,0.0,0.0,0.0
1950-08-13,,,0.0,0.0,0.0
1950-08-14,,,0.0,0.0,0.0
1950-08-15,,,0.0,0.0,0.0
1950-08-16,,,0.0,0.0,0.0
1950-08-17,,,251.0,0.0,0.0
1950-08-18,,,0.0,0.0,0.0
1950-08-19,,,0.0,0.0,0.0
1950-08-20,,,434.0,0.0,0.0
1950-08-21,,,94.0,0.0,0.0
1950-08-22,,,0.0,0.0,0.0
1950-08-23,,,0.0,0.0,0.0
1950-08-24,,,0.0,0.0,0.0
1950-08-25,,,0.0,0.0,0.0
1950-08-26,,,0.0,0.0,0.0
1950-08-27,,,0.0,0.0,0.0
1950-08-28,,,,0.0,0.0
1950-08-29,,,,0.0,0.0
1950-08-30,,,124.0,0.0,0.0
1950-08-31,,,20.0,0.0,0.0
1950-09-01,,,5.0,0.0,0.0
1950-09-02,,,28.0,0.0,0.0
1950-09-03,,,20.0,0.0,0.0
1950-09-04,,,10.0,0.0,0.0
1950-09-05,,,0.0,0.0,0.0
1950-09-06,,,0.0,0.0,0.0
1950-09-07,,,0.0,0.0,0.0
1950-09-08,,,0.0,0.0,0.0
1950-09-09,,,0.0,0.0,0.0
1950-09-10,,,94.0,0.0,0.0
1950-09-11,,,28.0,0.0,0.0
1950-09-12,,,43.0,0.0,0.0
1950-09-13,,,0.0,0.0,0.0
1950-09-14,,,91.0,0.0,0.0
1950-09-15,,,3.0,0.0,0.0
1950-09-16,,,3.0,0.0,0.0
1950-09-17,,,0.0,0.0,0.0
1950-09-18,,,0.0,0.0,0.0
1950-09-19,,,0.0,0.0,0.0
1950-09-20,,,0.0,0.0,0.0
1950-09-21,,,0.0,0.0,0.0
1950-09-22,,,10.0,0.0,0.0
1950-09-23,,,38.0,0.0,0.0
1950-09-24,,,0.0,0.0,0.0
1950-09-25,,,0.0,0.0,0.0
1950-09-26,,,0.0,0.0,0.0
1950-09-27,,,0.0,0.0,0.0
1950-09-28,,,0.0,0.0,0.0
1950-09-29,,,0.0,0.0,0.0
1950-09-30,,,0.0,0.0,0.0
1950-10-01,,,0.0,0.0,0.0
1950-10-02,,,0.0,0.0,0.0
1950-10-03,,,0.0,0.0,0.0
1950-10-04,,,0.0,0.0,0.0
1950-10-05,,,0.0,0.0,0.0
1950-10-06,,,0.0,0.0,0.0
1950-10-07,,,0.0,0.0,0.0
1950-10-08,,,0.0,0.0,0.0
1950-10-09,,,0.0,0.0,0.0
1950-10-10,,,132.0,0.0,0.0
1950-10-11,,,81.0,0.0,0.0
1950-10-12,,,91.0,0.0,0.0
1950-10-13,,,66.0,0.0,0.0
1950-10-14,,,8.0,0.0,0.0
1950-10-15,,,0.0,0.0,0.0
1950-10-16,,,0.0,0.0,0.0
1950-10-17,,,0.0,0.0,0.0
1950-10-18,,,0.0,0.0,0.0
1950-10-19,,,0.0,0.0,0.0
1950-10-20,,,0.0,0.0,0.0
1950-10-21,,,0.0,0.0,0.0
1950-10-22,,,0.0,0.0,0.0
1950-10-23,,,46.0,0.0,0.0
1950-10-24,,,33.0,0.0,0.0
1950-10-25,,,18.0,0.0,0.0
1950-10-26,,,0.0,0.0,0.0
1950-10-27,,,0.0,0.0,0.0
1950-10-28,,,0.0,0.0,0.0
1950-10-29,,,20.0,0.0,0.0
1950-10-30,,,0.0,0.0,0.0
1950-10-31,,,0.0,0.0,0.0
1950-11-01,,,0.0,0.0,0.0
1950-11-02,,,0.0,0.0,0.0
1950-11-03,,,41.0,0.0,0.0
1950-11-04,,,13.0,0.0,0.0
1950-11-05,,,508.0,0.0,0.0
1950-11-06,,,0.0,0.0,0.0
1950-11-07,,,0.0,0.0,0.0
1950-11-08,,,0.0,0.0,0.0
1950-11-09,,,0.0,0.0,0.0
1950-11-10,,,0.0,0.0,0.0
1950-11-11,,,8.0,0.0,0.0
1950-11-12,,,0.0,0.0,0.0
1950-11-13,,,0.0,0.0,0.0
1950-11-14,,,0.0,0.0,0.0
1950-11-15,,,0.0,0.0,0.0
1950-11-16,,,0.0,0.0,0.0
1950-11-17,,,64.0,0.0,0.0
1950-11-18,,,0.0,0.0,0.0
1950-11-19,,,0.0,0.0,0.0
1950-11-20,,,3.0,0.0,0.0
1950-11-21,,,429.0,0.0,0.0
1950-11-22,,,0.0,0.0,0.0
1950-11-23,,,0.0,0.0,0.0
1950-11-24,,,0.0,0.0,0.0
1950-11-25,,,18.0,0.0,0.0
1950-11-26,,,968.0,0.0,0.0
1950-11-27,,,18.0,0.0,0.0
1950-11-28,,,8.0,0.0,0.0
1950-11-29,,,74.0,51.0,51.0
1950-11-30,,,18.0,51.0,0.0
1950-12-01,,,0.0,25.0,0.0
1950-12-02,,,0.0,25.0,0.0
1950-12-03,,,5.0,127.0,0.0
1950-12-04,,,8.0,0.0,0.0
1950-12-05,,,358.0,0.0,0.0
1950-12-06,,,0.0,0.0,0.0
1950-12-07,,,0.0,0.0,0.0
1950-12-08,,,51.0,0.0,0.0
1950-12-09,,,157.0,0.0,0.0
1950-12-10,,,0.0,0.0,0.0
1950-12-11,,,43.0,0.0,0.0
1950-12-12,,,0.0,0.0,0.0
1950-12-13,,,3.0,0.0,0.0
1950-12-14,,,0.0,0.0,0.0
1950-12-15,,,0.0,0.0,0.0
1950-12-16,,,185.0,229.0,216.0
1950-12-17,,,8.0,178.0,13.0
1950-12-18,,,0.0,178.0,0.0
1950-12-19,,,0.0,152.0,0.0
1950-12-20,,,0.0,152.0,0.0
1950-12-21,,,0.0,152.0,0.0
1950-12-22,,,0.0,152.0,0.0
1950-12-23,,,13.0,152.0,25.0
1950-12-24,,,0.0,152.0,0.0
1950-12-25,,,43.0,102.0,0.0
1950-12-26,,,0.0,102.0,13.0
1951-01-05,,,13.0,25.0,0.0
1951-01-06,,,0.0,25.0,0.0
1951-01-07,,,13.0,25.0,13.0
1951-01-08,,,175.0,127.0,114.0
1951-01-09,,,0.0,,0.0
1951-01-10,,,0.0,,0.0
1951-01-11,,,0.0,102.0,0.0
1951-01-12,,,18.0,102.0,25.0
1951-01-13,,,0.0,102.0,0.0
1951-01-14,,,0.0,,0.0
1951-01-15,,,254.0,102.0,127.0
1951-01-16,,,33.0,,0.0
1951-01-17,,,0.0,76.0,0.0
1951-01-18,,,0.0,,0.0
1951-01-19,,,0.0,51.0,0.0
1951-01-20,,,0.0,,0.0
1951-01-21,,,0.0,0.0,0.0
1951-01-22,,,0.0,0.0,0.0
1951-01-23,,,0.0,0.0,0.0
1951-01-24,,,142.0,0.0,0.0
1951-01-25,,,117.0,0.0,0.0
1951-01-26,,,0.0,0.0,0.0
1951-01-27,,,0.0,0.0,0.0
1951-01-28,,,8.0,0.0,13.0
1951-01-29,,,102.0,0.0,0.0
1951-01-30,,,0.0,0.0,0.0
1951-01-31,,,0.0,0.0,0.0
1951-02-01,,,290.0,76.0,76.0
1951-02-02,,,25.0,51.0,0.0
1951-02-03,,,0.0,51.0,0.0
1951-02-04,,,25.0,76.0,51.0
1951-02-05,,,0.0,51.0,0.0
1951-02-06,,,0.0,25.0,0.0
1951-02-07,,,0.0,0.0,0.0
1951-02-08,,,460.0,127.0,127.0
1951-02-09,,,0.0,127.0,0.0
1951-02-10,,,0.0,102.0,0.0
1951-02-11,,,0.0,102.0,0.0
1951-02-12,,,0.0,76.0,0.0
1951-02-13,,,0.0,51.0,0.0
1951-02-14,,,0.0,0.0,0.0
1951-02-15,,,0.0,0.0,0.0
1951-02-16,,,0.0,0.0,0.0
1951-02-17,,,0.0,0.0,0.0
1951-02-18,,,259.0,0.0,0.0
1951-02-19,,,0.0,0.0,0.0
1951-02-20,,,5.0,0.0,0.0
1951-02-21,,,0.0,0.0,0.0
1951-02-22,,,274.0,0.0,0.0
1951-02-23,,,0.0,0.0,0.0
1951-02-24,,,0.0,0.0,0.0
1951-02-25,,,0.0,0.0,0.0
1951-02-26,,,0.0,0.0,0.0
1951-02-27,,,0.0,0.0,0.0
1951-02-28,,,0.0,0.0,0.0
1951-03-01,,,0.0,0.0,0.0
1951-03-02,,,76.0,76.0,76.0
1951-03-03,,,0.0,51.0,0.0
1951-03-04,,,178.0,152.0,102.0
1951-03-05,,,3.0,102.0,0.0
1951-03-06,,,0.0,102.0,0.0
1951-03-07,,,0.0,76.0,0.0
1951-03-08,,,13.0,51.0,0.0
1951-03-09,,,0.0,51.0,0.0
1951-03-10,,,0.0,51.0,0.0
1951-03-11,,,0.0,25.0,0.0
1951-03-12,,,0.0,0.0,0.0
1951-03-13,,,0.0,0.0,0.0
1951-03-14,,,0.0,0.0,0.0
1951-03-15,,,221.0,0.0,0.0
1951-03-16,,,0.0,0.0,0.0
1951-03-17,,,23.0,25.0,25.0
1951-03-18,,,0.0,0.0,0.0
1951-03-19,,,0.0,0.0,0.0
1951-03-20,,,297.0,0.0,0.0
1951-03-21,,,3.0,0.0,0.0
1951-03-22,,,38.0,51.0,43.0
1951-03-23,,,0.0,0.0,0.0
1951-03-24,,,5.0,0.0,0.0
1951-03-25,,,0.0,0.0,0.0
1951-03-26,,,0.0,0.0,0.0
1951-03-27,,,0.0,0.0,0.0
1951-03-28,,,0.0,0.0,0.0
1951-03-29,,,5.0,0.0,0.0
1951-03-30,,,152.0,0.0,0.0
1951-03-31,,,744.0,0.0,0.0
1951-04-01,,,0.0,0.0,0.0
1951-04-02,,,0.0,0.0,0.0
1951-04-03,,,279.0,25.0,13.0
1951-04-04,,,127.0,0.0,0.0
1951-04-05,,,0.0,0.0,0.0
1951-04-06,,,0.0,0.0,0.0
1951-04-07,,,0.0,0.0,0.0
1951-04-08,,,0.0,0.0,0.0
1951-04-09,,,0.0,0.0,0.0
1951-04-10,,,0.0,0.0,0.0
1951-04-11,,,5.0,0.0,0.0
1951-04-12,,,43.0,0.0,0.0
1951-04-13,,,142.0,0.0,0.0
1951-04-14,,,5.0,0.0,0.0
1951-04-15,,,0.0,0.0,0.0
1951-04-16,,,0.0,0.0,0.0
1951-04-17,,,36.0,0.0,0.0
1951-04-18,,,0.0,0.0,0.0
1951-04-19,,,0.0,0.0,0.0
1951-04-20,,,15.0,0.0,0.0
1951-04-21,,,0.0,0.0,0.0
1951-04-22,,,0.0,0.0,0.0
1951-04-23,,,340.0,0.0,0.0
1951-04-24,,,0.0,0.0,0.0
1951-04-25,,,8.0,0.0,0.0
1951-04-26,,,8.0,0.0,0.0
1951-04-27,,,0.0,0.0,0.0
1951-04-28,,,0.0,0.0,0.0
1951-04-29,,,51.0,0.0,0.0
1951-04-30,,,0.0,0.0,0.0
1951-05-01,,,0.0,0.0,0.0
1951-05-02,,,0.0,0.0,0.0
1951-05-03,,,0.0,0.0,0.0
1951-05-04,,,0.0,0.0,0.0
1951-05-05,,,0.0,0.0,0.0
1951-05-06,,,0.0,0.0,0.0
1951-05-07,,,0.0,0.0,0.0
1951-05-08,,,0.0,0.0,0.0
1951-05-09,,,0.0,0.0,0.0
1951-05-10,,,33.0,0.0,0.0
1951-05-11,,,25.0,0.0,0.0
1951-05-12,,,246.0,0.0,0.0
1951-05-13,,,0.0,0.0,0.0
1951-05-14,,,0.0,0.0,0.0
1951-05-15,,,0.0,0.0,0.0
1951-05-16,,,0.0,0.0,0.0
1951-05-17,,,0.0,0.0,0.0
1951-05-18,,,8.0,0.0,0.0
1951-05-19,,,0.0,0.0,0.0
1951-05-20,,,25.0,0.0,0.0
1951-05-21,,,3.0,0.0,0.0
1951-05-22,,,0.0,0.0,0.0
1951-05-23,,,13.0,0.0,0.0
1951-05-24,,,246.0,0.0,0.0
1951-05-25,,,114.0,0.0,0.0
1951-05-26,,,0.0,0.0,0.0
1951-05-27,,,0.0,0.0,0.0
1951-05-28,,,74.0,0.0,0.0
1951-05-29,,,10.0,0.0,0.0
1951-05-30,,,64.0,0.0,0.0
1951-05-31,,,0.0,0.0,0.0
1951-06-01,,,0.0,0.0,0.0
1951-06-02,,,0.0,0.0,0.0
1951-06-03,,,5.0,0.0,0.0
1951-06-04,,,0.0,0.0,0.0
1951-06-05,,,137.0,0.0,0.0
1951-06-06,,,0.0,0.0,0.0
1951-06-07,,,0.0,0.0,0.0
1951-06-08,,,0.0,0.0,0.0
1951-06-09,,,0.0,0.0,0.0
1951-06-10,,,0.0,0.0,0.0
1951-06-11,,,0.0,0.0,0.0
1951-06-12,,,0.0,0.0,0.0
1951-06-13,,,0.0,0.0,0.0
1951-06-14,,,175.0,0.0,0.0
1951-06-15,,,132.0,0.0,0.0
1951-06-16,,,5.0,0.0,0.0
1951-06-17,,,0.0,0.0,0.0
1951-06-18,,,0.0,0.0,0.0
1951-06-19,,,191.0,0.0,0.0
1951-06-20,,,0.0,0.0,0.0
1951-06-21,,,0.0,0.0,0.0
1951-06-22,,,0.0,0.0,0.0
1951-06-23,,,23.0,0.0,0.0
1951-06-24,,,43.0,0.0,0.0
1951-06-25,,,0.0,0.0,0.0
1951-06-26,,,0.0,0.0,0.0
1951-06-27,,,61.0,0.0,0.0
1951-06-28,,,0.0,0.0,0.0
1951-06-29,,,5.0,0.0,0.0
1951-06-30,,,109.0,0.0,0.0
1951-07-01,,,38.0,0.0,0.0
1951-07-02,,,71.0,0.0,0.0
1951-07-03,,,0.0,0.0,0.0
1951-07-04,,,0.0,0.0,0.0
1951-07-05,,,124.0,0.0,0.0
1951-07-06,,,25.0,0.0,0.0
1951-07-07,,,0.0,0.0,0.0
1951-07-08,,,0.0,0.0,0.0
1951-07-09,,,0.0,0.0,0.0
1951-07-10,,,0.0,0.0,0.0
1951-07-11,,,0.0,0.0,0.0
1951-07-12,,,0.0,0.0,0.0
1951-07-13,,,41.0,0.0,0.0
1951-07-14,,,0.0,0.0,0.0
1951-07-15,,,0.0,0.0,0.0
1951-07-16,,,0.0,0.0,0.0
1951-07-17,,,0.0,0.0,0.0
1951-07-18,,,0.0,0.0,0.0
1951-07-19,,,89.0,0.0,0.0
1951-07-20,,,203.0,0.0,0.0
1951-07-21,,,0.0,0.0,0.0
1951-07-22,,,0.0,0.0,0.0
1951-07-23,,,38.0,0.0,0.0
1951-07-24,,,0.0,0.0,0.0
1951-07-25,,,0.0,0.0,0.0
1951-07-26,,,0.0,0.0,0.0
1951-07-27,,,0.0,0.0,0.0
1951-07-28,,,5.0,0.0,0.0
1951-07-29,,,20.0,0.0,0.0
1951-07-30,,,0.0,0.0,0.0
1951-07-31,,,0.0,0.0,0.0
1951-08-01,,,58.0,0.0,0.0
1951-08-02,,,0.0,0.0,0.0
1951-08-03,,,0.0,0.0,0.0
1951-08-04,,,20.0,0.0,0.0
1951-08-05,,,0.0,0.0,0.0
1951-08-06,,,0.0,0.0,0.0
1951-08-07,,,0.0,0.0,0.0
1951-08-08,,,41.0,0.0,0.0
1951-08-09,,,3.0,0.0,0.0
1951-08-10,,,3.0,0.0,0.0
1951-08-11,,,23.0,0.0,0.0
1951-08-12,,,0.0,0.0,0.0
1951-08-13,,,,0.0,0.0
1951-08-14,,,0.0,0.0,0.0
1951-08-15,,,0.0,0.0,0.0
1951-08-16,,,272.0,0.0,0.0
1951-08-17,,,152.0,0.0,0.0
1951-08-18,,,0.0,0.0,0.0
1951-08-19,,,0.0,0.0,0.0
1951-08-20,,,0.0,0.0,0.0
1951-08-21,,,0.0,0.0,0.0
1951-08-22,,,71.0,0.0,0.0
1951-08-23,,,0.0,0.0,0.0
1951-08-24,,,0.0,0.0,0.0
1951-08-25,,,0.0,0.0,0.0
1951-08-26,,,203.0,0.0,0.0
1951-08-27,,,0.0,0.0,0.0
1951-08-28,,,0.0,0.0,0.0
1951-08-29,,,0.0,0.0,0.0
1951-08-30,,,0.0,0.0,0.0
1951-08-31,,,0.0,0.0,0.0
1951-09-01,,,0.0,0.0,0.0
1951-09-02,,,140.0,0.0,0.0
1951-09-03,,,234.0,0.0,0.0
1951-09-04,,,8.0,0.0,0.0
1951-09-05,,,0.0,0.0,0.0
1951-09-06,,,0.0,0.0,0.0
1951-09-07,,,36.0,0.0,0.0
1951-09-08,,,28.0,0.0,0.0
1951-09-09,,,0.0,0.0,0.0
1951-09-10,,,0.0,0.0,0.0
1951-09-11,,,0.0,0.0,0.0
1951-09-12,,,0.0,0.0,0.0
1951-09-13,,,0.0,0.0,0.0
1951-09-14,,,0.0,0.0,0.0
1951-09-15,,,71.0,0.0,0.0
1951-09-16,,,51.0,0.0,0.0
1951-09-17,,,0.0,0.0,0.0
1951-09-18,,,0.0,0.0,0.0
1951-09-19,,,0.0,0.0,0.0
1951-09-20,,,0.0,0.0,0.0
1951-09-21,,,0.0,0.0,0.0
1951-09-22,,,0.0,0.0,0.0
1951-09-23,,,28.0,0.0,0.0
1951-09-24,,,3.0,0.0,0.0
1951-09-25,,,13.0,0.0,0.0
1951-09-26,,,0.0,0.0,0.0
1951-09-27,,,0.0,0.0,0.0
1951-09-28,,,0.0,0.0,0.0
1951-09-29,,,0.0,0.0,0.0
1951-09-30,,,0.0,0.0,0.0
1951-10-01,,,0.0,0.0,0.0
1951-10-02,,,0.0,0.0,0.0
1951-10-03,,,0.0,0.0,0.0
1951-10-04,,,0.0,0.0,0.0
1951-10-05,,,0.0,0.0,0.0
1951-10-06,,,0.0,0.0,0.0
1951-10-07,,,0.0,0.0,0.0
1951-10-08,,,470.0,0.0,0.0
1951-10-09,,,0.0,0.0,0.0
1951-10-10,,,0.0,0.0,0.0
1951-10-11,,,56.0,0.0,0.0
1951-10-12,,,351.0,0.0,0.0
1951-10-13,,,0.0,0.0,0.0
1951-10-14,,,0.0,0.0,0.0
1951-10-15,,,0.0,0.0,0.0
1951-10-16,,,0.0,0.0,0.0
1951-10-17,,,0.0,0.0,0.0
1951-10-18,,,0.0,0.0,0.0
1951-10-19,,,0.0,0.0,0.0
1951-10-20,,,0.0,0.0,0.0
1951-10-21,,,0.0,0.0,0.0
1951-10-22,,,0.0,0.0,0.0
1951-10-23,,,0.0,0.0,0.0
1951-10-24,,,0.0,0.0,0.0
1951-10-25,,,378.0,0.0,0.0
1951-10-26,,,0.0,0.0,0.0
1951-10-27,,,0.0,0.0,0.0
1951-10-28,,,8.0,0.0,0.0
1951-10-29,,,46.0,0.0,0.0
1951-10-30,,,0.0,0.0,0.0
1951-10-31,,,3.0,0.0,0.0
1951-11-01,,,102.0,0.0,0.0
1951-11-02,,,132.0,0.0,0.0
1951-11-03,,,386.0,0.0,0.0
1951-11-04,,,135.0,102.0,89.0
1951-11-05,,,0.0,76.0,0.0
1951-11-06,,,0.0,51.0,0.0
1951-11-07,,,8.0,51.0,0.0
1951-11-08,,,305.0,0.0,0.0
1951-11-09,,,0.0,0.0,0.0
1951-11-10,,,0.0,0.0,0.0
1951-11-11,,,0.0,0.0,0.0
1951-11-12,,,0.0,0.0,0.0
1951-11-13,,,0.0,0.0,0.0
1951-11-14,,,0.0,0.0,0.0
1951-11-15,,,213.0,0.0,0.0
1951-11-16,,,0.0,0.0,0.0
1951-11-17,,,89.0,0.0,0.0
1951-11-18,,,0.0,0.0,0.0
1951-11-19,,,0.0,0.0,0.0
1951-11-20,,,0.0,0.0,0.0
1951-11-21,,,0.0,0.0,0.0
1951-11-22,,,0.0,0.0,0.0
1951-11-23,,,0.0,0.0,0.0
1951-11-24,,,124.0,0.0,0.0
1951-11-25,,,0.0,0.0,0.0
1951-11-26,,,170.0,76.0,76.0
1951-11-27,,,0.0,76.0,0.0
1951-11-28,,,0.0,76.0,0.0
1951-11-29,,,0.0,51.0,0.0
1951-11-30,,,0.0,51.0,0.0
1951-12-01,,,0.0,25.0,0.0
1951-12-02,,,0.0,25.0,0.0
1951-12-03,,,0.0,0.0,0.0
1951-12-04,,,0.0,0.0,0.0
1951-12-05,,,178.0,0.0,0.0
1951-12-06,,,122.0,0.0,0.0
1951-12-07,,,0.0,0.0,0.0
1951-12-08,,,5.0,0.0,0.0
1951-12-09,,,46.0,0.0,0.0
1951-12-10,,,23.0,0.0,0.0
1951-12-11,,,0.0,0.0,0.0
1951-12-12,,,0.0,0.0,0.0
1951-12-13,,,0.0,0.0,0.0
1951-12-14,,,0.0,0.0,0.0
1951-12-15,,,267.0,127.0,114.0
1951-12-16,,,0.0,102.0,0.0
1951-12-17,,,0.0,102.0,0.0
1951-12-18,,,0.0,102.0,0.0
1951-12-19,,,264.0,127.0,25.0
1951-12-20,,,0.0,127.0,0.0
1951-12-21,,,325.0,76.0,25.0
1951-12-22,,,0.0,51.0,0.0
1951-12-23,,,0.0,51.0,0.0
1951-12-24,,,0.0,51.0,0.0
1951-12-31,,,33.0,25.0,0.0
1952-01-01,,,5.0,0.0,0.0
1952-01-02,,,0.0,0.0,0.0
1952-01-03,,,117.0,102.0,89.0
1952-01-04,,,0.0,102.0,0.0
1952-01-05,,,64.0,152.0,76.0
1952-01-06,,,28.0,178.0,25.0
1952-01-07,,,0.0,152.0,0.0
1952-01-08,,,0.0,152.0,0.0
1952-01-09,,,0.0,152.0,0.0
1952-01-10,,,0.0,152.0,13.0
1952-01-11,,,56.0,203.0,89.0
1952-01-12,,,0.0,203.0,0.0
1952-01-13,,,0.0,178.0,0.0
1952-01-14,,,3.0,152.0,0.0
1952-01-15,,,25.0,127.0,0.0
1952-01-16,,,43.0,102.0,0.0
1952-01-17,,,0.0,76.0,0.0
1952-01-18,,,135.0,76.0,0.0
1952-01-19,,,0.0,51.0,0.0
1952-01-20,,,132.0,51.0,13.0
1952-01-21,,,3.0,25.0,0.0
1952-01-22,,,0.0,25.0,0.0
1952-01-23,,,274.0,0.0,0.0
1952-01-24,,,0.0,0.0,0.0
1952-01-25,,,0.0,0.0,0.0
1952-01-26,,,295.0,0.0,0.0
1952-01-27,,,150.0,0.0,0.0
1952-01-28,,,48.0,0.0,0.0
1952-01-29,,,41.0,76.0,71.0
1952-01-30,,,0.0,76.0,0.0
1952-01-31,,,0.0,51.0,0.0
1952-02-01,,,0.0,0.0,0.0
1952-02-02,,,38.0,0.0,0.0
1952-02-03,,,0.0,0.0,0.0
1952-02-04,,,38.0,0.0,0.0
1952-02-05,,,28.0,0.0,0.0
1952-02-06,,,0.0,0.0,0.0
1952-02-07,,,10.0,25.0,20.0
1952-02-08,,,0.0,0.0,0.0
1952-02-09,,,13.0,0.0,0.0
1952-02-10,,,0.0,0.0,0.0
1952-02-11,,,0.0,0.0,0.0
1952-02-12,,,94.0,0.0,0.0
1952-02-13,,,0.0,0.0,0.0
1952-02-14,,,0.0,0.0,0.0
1952-02-15,,,0.0,0.0,0.0
1952-02-16,,,0.0,0.0,0.0
1952-02-17,,,178.0,127.0,127.0
1952-02-19,,,0.0,330.0,0.0
1952-02-20,,,0.0,305.0,0.0
1952-02-21,,,13.0,305.0,25.0
1952-02-22,,,38.0,330.0,76.0
1952-02-23,,,0.0,305.0,0.0
1952-02-24,,,0.0,305.0,0.0
1952-02-25,,,0.0,279.0,0.0
1952-02-26,,,0.0,279.0,0.0
1952-02-27,,,0.0,254.0,0.0
1952-02-28,,,0.0,254.0,0.0
1952-02-29,,,0.0,254.0,0.0
1952-03-01,,,0.0,229.0,0.0
1952-03-02,,,25.0,254.0,25.0
1952-03-03,,,0.0,254.0,0.0
1952-03-04,,,0.0,229.0,0.0
1952-03-05,,,122.0,254.0,13.0
1952-03-06,,,8.0,254.0,0.0
1952-03-07,,,10.0,330.0,76.0
1952-03-08,,,0.0,330.0,0.0
1952-03-09,,,0.0,305.0,0.0
1952-03-10,,,0.0,279.0,0.0
1952-03-11,,,132.0,254.0,0.0
1952-03-12,,,318.0,203.0,0.0
1952-03-13,,,0.0,152.0,0.0
1952-03-14,,,28.0,152.0,38.0
1952-03-15,,,0.0,152.0,0.0
1952-03-16,,,0.0,152.0,0.0
1952-03-17,,,0.0,127.0,0.0
1952-03-18,,,0.0,127.0,0.0
1952-03-19,,,0.0,102.0,0.0
1952-03-20,,,180.0,203.0,114.0
1952-03-21,,,0.0,127.0,0.0
1952-03-22,,,0.0,102.0,0.0
1952-03-23,,,51.0,51.0,0.0
1952-03-24,,,46.0,25.0,0.0
1952-03-25,,,23.0,0.0,0.0
1952-03-26,,,0.0,0.0,0.0
1952-03-27,,,0.0,0.0,0.0
1952-03-28,,,0.0,0.0,0.0
1952-03-29,,,0.0,0.0,0.0
1952-03-30,,,0.0,0.0,0.0
1952-03-31,,,0.0,0.0,0.0
1952-04-01,,,0.0,0.0,0.0
1952-04-02,,,193.0,0.0,0.0
1952-04-03,,,48.0,0.0,0.0
1952-04-04,,,0.0,0.0,0.0
1952-04-05,,,257.0,0.0,0.0
1952-04-06,,,368.0,0.0,0.0
1952-04-07,,,0.0,0.0,0.0
1952-04-08,,,0.0,0.0,0.0
1952-04-09,,,0.0,0.0,0.0
1952-04-10,,,0.0,0.0,0.0
1952-04-11,,,0.0,0.0,0.0
1952-04-12,,,0.0,0.0,0.0
1952-04-13,,,3.0,0.0,0.0
1952-04-14,,,251.0,0.0,0.0
1952-04-15,,,3.0,0.0,0.0
1952-04-16,,,224.0,0.0,0.0
1952-04-17,,,0.0,0.0,0.0
1952-04-18,,,0.0,0.0,0.0
1952-04-19,,,0.0,0.0,0.0
1952-04-20,,,0.0,0.0,0.0
1952-04-21,,,0.0,0.0,0.0
1952-04-22,,,0.0,0.0,0.0
1952-04-23,,,0.0,0.0,0.0
1952-04-24,,,0.0,0.0,0.0
1952-04-25,,,0.0,0.0,0.0
1952-04-26,,,320.0,0.0,0.0
1952-04-27,,,97.0,0.0,0.0
1952-04-28,,,173.0,0.0,0.0
1952-04-29,,,97.0,0.0,0.0
1952-04-30,,,0.0,0.0,0.0
1952-05-01,,,0.0,0.0,0.0
1952-05-02,,,0.0,0.0,0.0
1952-05-03,,,0.0,0.0,0.0
1952-05-04,,,0.0,0.0,0.0
1952-05-05,,,0.0,0.0,0.0
1952-05-06,,,0.0,0.0,0.0
1952-05-07,,,0.0,0.0,0.0
1952-05-08,,,0.0,0.0,0.0
1952-05-09,,,0.0,0.0,0.0
1952-05-10,,,0.0,0.0,0.0
1952-05-11,,,152.0,0.0,0.0
1952-05-12,,,361.0,0.0,0.0
1952-05-13,,,13.0,0.0,0.0
1952-05-14,,,3.0,0.0,0.0
1952-05-15,,,8.0,0.0,0.0
1952-05-16,,,18.0,0.0,0.0
1952-05-17,,,0.0,0.0,0.0
1952-05-18,,,74.0,0.0,0.0
1952-05-19,,,0.0,0.0,0.0
1952-05-20,,,0.0,0.0,0.0
1952-05-21,,,127.0,0.0,0.0
1952-05-22,,,18.0,0.0,0.0
1952-05-23,,,0.0,0.0,0.0
1952-05-24,,,0.0,0.0,0.0
1952-05-25,,,91.0,0.0,0.0
1952-05-26,,,356.0,0.0,0.0
1952-05-27,,,8.0,0.0,0.0
1952-05-28,,,0.0,0.0,0.0
1952-05-29,,,0.0,0.0,0.0
1952-05-30,,,15.0,0.0,0.0
1952-05-31,,,23.0,0.0,0.0
1952-06-01,,,635.0,0.0,0.0
1952-06-02,,,630.0,0.0,0.0
1952-06-03,,,0.0,0.0,0.0
1952-06-04,,,0.0,0.0,0.0
1952-06-05,,,145.0,0.0,0.0
1952-06-06,,,0.0,0.0,0.0
1952-06-07,,,99.0,0.0,0.0
1952-06-08,,,0.0,0.0,0.0
1952-06-09,,,0.0,0.0,0.0
1952-06-10,,,8.0,0.0,0.0
1952-06-11,,,0.0,0.0,0.0
1952-06-12,,,0.0,0.0,0.0
1952-06-13,,,0.0,0.0,0.0
1952-06-14,,,0.0,0.0,0.0
1952-06-15,,,15.0,0.0,0.0
1952-06-16,,,0.0,0.0,0.0
1952-06-17,,,0.0,0.0,0.0
1952-06-18,,,0.0,0.0,0.0
1952-06-19,,,234.0,0.0,0.0
1952-06-20,,,51.0,0.0,0.0
1952-06-21,,,0.0,0.0,0.0
1952-06-22,,,10.0,0.0,0.0
1952-06-23,,,5.0,0.0,0.0
1952-06-24,,,3.0,0.0,0.0
1952-06-25,,,0.0,0.0,0.0
1952-06-26,,,0.0,0.0,0.0
1952-06-27,,,53.0,0.0,0.0
1952-06-28,,,0.0,0.0,0.0
1952-06-29,,,0.0,0.0,0.0
1952-06-30,,,,0.0,0.0
1952-07-01,,,3.0,0.0,0.0
1952-07-02,,,0.0,0.0,0.0
1952-07-03,,,0.0,0.0,0.0
1952-07-04,,,0.0,0.0,0.0
1952-07-05,,,168.0,0.0,0.0
1952-07-06,,,0.0,0.0,0.0
1952-07-07,,,0.0,0.0,0.0
1952-07-08,,,0.0,0.0,0.0
1952-07-09,,,41.0,0.0,0.0
1952-07-10,,,165.0,0.0,0.0
1952-07-11,,,533.0,0.0,0.0
1952-07-12,,,0.0,0.0,0.0
1952-07-13,,,0.0,0.0,0.0
1952-07-14,,,0.0,0.0,0.0
1952-07-15,,,0.0,0.0,0.0
1952-07-16,,,0.0,0.0,0.0
1952-07-17,,,0.0,0.0,0.0
1952-07-18,,,0.0,0.0,0.0
1952-07-19,,,25.0,0.0,0.0
1952-07-20,,,0.0,0.0,0.0
1952-07-21,,,0.0,0.0,0.0
1952-07-22,,,76.0,0.0,0.0
1952-07-23,,,0.0,0.0,0.0
1952-07-24,,,0.0,0.0,0.0
1952-07-25,,,0.0,0.0,0.0
1952-07-26,,,0.0,0.0,0.0
1952-07-27,,,0.0,0.0,0.0
1952-07-28,,,10.0,0.0,0.0
1952-07-29,,,0.0,0.0,0.0
1952-07-31,,,0.0,0.0,0.0
1952-08-07,,,284.0,0.0,0.0
1952-08-08,,,0.0,0.0,0.0
1952-08-09,,,0.0,0.0,0.0
1952-08-10,,,152.0,0.0,0.0
1952-08-11,,,41.0,0.0,0.0
1952-08-12,,,0.0,0.0,0.0
1952-08-13,,,206.0,0.0,0.0
1952-08-14,,,0.0,0.0,0.0
1952-08-15,,,0.0,0.0,0.0
1952-08-16,,,0.0,0.0,0.0
1952-08-17,,,320.0,0.0,0.0
1952-08-18,,,0.0,0.0,0.0
1952-08-19,,,0.0,0.0,0.0
1952-08-20,,,0.0,0.0,0.0
1952-08-21,,,0.0,0.0,0.0
1952-08-22,,,196.0,0.0,0.0
1952-08-23,,,0.0,0.0,0.0
1952-08-27,,,0.0,0.0,0.0
1952-08-28,,,0.0,0.0,0.0
1952-08-29,,,0.0,0.0,0.0
1952-08-30,,,0.0,0.0,0.0
1952-08-31,,,10.0,0.0,0.0
1952-09-01,,,0.0,0.0,0.0
1952-09-02,,,765.0,0.0,0.0
1952-09-03,,,5.0,0.0,0.0
1952-09-04,,,38.0,0.0,0.0
1952-09-05,,,0.0,0.0,0.0
1952-09-06,,,0.0,0.0,0.0
1952-09-07,,,0.0,0.0,0.0
1952-09-08,,,0.0,0.0,0.0
1952-09-09,,,0.0,0.0,0.0
1952-09-10,,,0.0,0.0,0.0
1952-09-11,,,0.0,0.0,0.0
1952-09-12,,,0.0,0.0,0.0
1952-09-13,,,0.0,0.0,0.0
1952-09-14,,,0.0,0.0,0.0
1952-09-15,,,28.0,0.0,0.0
1952-09-16,,,48.0,0.0,0.0
1952-09-17,,,0.0,0.0,0.0
1952-09-18,,,0.0,0.0,0.0
1952-09-19,,,307.0,0.0,0.0
1952-09-20,,,142.0,0.0,0.0
1952-09-21,,,0.0,0.0,0.0
1952-09-22,,,0.0,0.0,0.0
1952-09-23,,,3.0,0.0,0.0
1952-09-24,,,33.0,0.0,0.0
1952-09-25,,,0.0,0.0,0.0
1952-09-26,,,0.0,0.0,0.0
1952-09-27,,,18.0,0.0,0.0
1952-09-28,,,0.0,0.0,0.0
1952-09-29,,,0.0,0.0,0.0
1952-09-30,,,0.0,0.0,0.0
1952-10-01,,,0.0,0.0,0.0
1952-10-02,,,0.0,0.0,0.0
1952-10-03,,,290.0,0.0,0.0
1952-10-04,,,0.0,0.0,0.0
1952-10-05,,,0.0,0.0,0.0
1952-10-06,,,0.0,0.0,0.0
1952-10-07,,,15.0,0.0,0.0
1952-10-08,,,0.0,0.0,0.0
1952-10-09,,,0.0,0.0,0.0
1952-10-10,,,0.0,0.0,0.0
1952-10-11,,,0.0,0.0,0.0
1952-10-12,,,0.0,0.0,0.0
1952-10-13,,,0.0,0.0,0.0
1952-10-14,,,0.0,0.0,0.0
1952-10-15,,,0.0,0.0,0.0
1952-10-16,,,0.0,0.0,0.0
1952-10-17,,,0.0,0.0,0.0
1952-10-18,,,0.0,0.0,0.0
1952-10-19,,,0.0,0.0,0.0
1952-10-20,,,0.0,0.0,0.0
1952-10-21,,,0.0,0.0,0.0
1952-10-22,,,0.0,0.0,0.0
1952-10-23,,,0.0,0.0,0.0
1952-10-24,,,0.0,0.0,0.0
1952-10-25,,,0.0,0.0,0.0
1952-10-26,,,0.0,0.0,0.0
1952-10-27,,,0.0,0.0,0.0
1952-10-28,,,0.0,0.0,0.0
1952-10-29,,,43.0,51.0,51.0
1952-10-30,,,0.0,0.0,0.0
1952-10-31,,,0.0,0.0,0.0
1952-11-01,,,0.0,0.0,0.0
1952-11-02,,,0.0,0.0,0.0
1952-11-03,,,0.0,0.0,0.0
1952-11-04,,,3.0,0.0,0.0
1952-11-05,,,0.0,0.0,0.0
1952-11-06,,,0.0,0.0,0.0
1952-11-07,,,0.0,0.0,0.0
1952-11-08,,,3.0,0.0,0.0
1952-11-09,,,0.0,0.0,0.0
1952-11-10,,,13.0,0.0,0.0
1952-11-11,,,0.0,0.0,0.0
1952-11-12,,,0.0,0.0,0.0
1952-11-13,,,0.0,0.0,0.0
1952-11-14,,,0.0,0.0,0.0
1952-11-15,,,0.0,0.0,0.0
1952-11-16,,,122.0,0.0,0.0
1952-11-17,,,0.0,0.0,0.0
1952-11-18,,,0.0,0.0,0.0
1952-11-19,,,0.0,0.0,0.0
1952-11-20,,,10.0,0.0,0.0
1952-11-21,,,165.0,0.0,0.0
1952-11-22,,,183.0,0.0,0.0
1952-11-23,,,445.0,0.0,0.0
1952-11-24,,,0.0,0.0,0.0
1952-11-25,,,0.0,0.0,0.0
1952-11-26,,,0.0,0.0,0.0
1952-11-27,,,8.0,0.0,0.0
1952-11-28,,,0.0,0.0,0.0
1952-11-29,,,0.0,0.0,0.0
1952-11-30,,,13.0,,13.0
1952-12-01,,,3.0,25.0,0.0
1952-12-02,,,0.0,0.0,0.0
1952-12-03,,,36.0,51.0,51.0
1952-12-04,,,0.0,51.0,0.0
1952-12-05,,,0.0,25.0,0.0
1952-12-06,,,251.0,,13.0
1952-12-07,,,15.0,0.0,0.0
1952-12-08,,,0.0,0.0,0.0
1952-12-09,,,0.0,0.0,0.0
1952-12-10,,,0.0,0.0,0.0
1952-12-11,,,130.0,0.0,0.0
1952-12-12,,,574.0,0.0,0.0
1952-12-13,,,0.0,0.0,0.0
1952-12-14,,,0.0,0.0,0.0
1952-12-15,,,0.0,0.0,0.0
1952-12-16,,,0.0,0.0,0.0
1952-12-17,,,0.0,0.0,0.0
1952-12-18,,,0.0,0.0,0.0
1952-12-19,,,0.0,0.0,0.0
1952-12-20,,,0.0,0.0,0.0
1952-12-21,,,0.0,0.0,0.0
1952-12-22,,,5.0,0.0,0.0
1952-12-23,,,0.0,,0.0
1952-12-24,,,13.0,0.0,0.0
1952-12-25,,,0.0,0.0,0.0
1952-12-26,,,0.0,0.0,0.0
1952-12-27,,,0.0,0.0,0.0
1952-12-28,,,0.0,0.0,0.0
1952-12-29,,,0.0,,0.0
1952-12-30,,,0.0,,0.0
1952-12-31,,,0.0,,0.0
1953-01-01,,,15.0,25.0,25.0
1953-01-02,,,0.0,0.0,0.0
1953-01-03,,,234.0,0.0,0.0
1953-01-04,,,15.0,25.0,30.0
1953-01-05,,,0.0,25.0,0.0
1953-01-06,,,0.0,25.0,0.0
1953-01-07,,,30.0,127.0,102.0
1953-01-08,,,0.0,102.0,0.0
1953-01-09,,,312.0,102.0,76.0
1953-01-10,,,112.0,127.0,38.0
1953-01-11,,,91.0,127.0,0.0
1953-01-12,,,3.0,127.0,0.0
1953-01-13,,,0.0,127.0,0.0
1953-01-14,,,0.0,127.0,0.0
1953-01-15,,,0.0,102.0,0.0
1953-01-16,,,0.0,76.0,0.0
1953-01-17,,,0.0,76.0,0.0
1953-01-18,,,198.0,76.0,0.0
1953-01-19,,,0.0,51.0,0.0
1953-01-20,,,0.0,51.0,0.0
1953-01-21,,,0.0,51.0,0.0
1953-01-22,,,102.0,127.0,102.0
1953-01-23,,,0.0,102.0,0.0
1953-01-24,,,71.0,51.0,0.0
1953-01-25,,,516.0,51.0,0.0
1953-01-26,,,8.0,76.0,38.0
1953-01-27,,,0.0,51.0,0.0
1953-01-28,,,97.0,25.0,0.0
1953-01-29,,,43.0,25.0,0.0
1953-01-30,,,0.0,0.0,0.0
1953-01-31,,,0.0,0.0,0.0
1953-02-01,,,74.0,0.0,0.0
1953-02-02,,,0.0,0.0,0.0
1953-02-03,,,51.0,76.0,64.0
1953-02-04,,,0.0,76.0,0.0
1953-02-05,,,0.0,51.0,0.0
1953-02-06,,,0.0,25.0,0.0
1953-02-07,,,117.0,0.0,0.0
1953-02-08,,,74.0,0.0,0.0
1953-02-09,,,0.0,0.0,0.0
1953-02-10,,,0.0,0.0,0.0
1953-02-11,,,0.0,0.0,0.0
1953-02-12,,,109.0,102.0,102.0
1953-02-13,,,5.0,102.0,0.0
1953-02-14,,,3.0,76.0,0.0
1953-02-15,,,0.0,51.0,0.0
1953-02-16,,,175.0,76.0,25.0
1953-02-17,,,13.0,51.0,38.0
1953-02-18,,,0.0,51.0,0.0
1953-02-19,,,0.0,51.0,0.0
1953-02-20,,,0.0,25.0,0.0
1953-02-21,,,142.0,0.0,0.0
1953-02-22,,,8.0,0.0,0.0
1953-02-23,,,0.0,0.0,0.0
1953-02-24,,,0.0,0.0,0.0
1953-02-25,,,0.0,25.0,13.0
1953-02-26,,,5.0,0.0,0.0
1953-02-27,,,0.0,0.0,0.0
1953-02-28,,,15.0,25.0,25.0
1953-03-01,,,0.0,25.0,0.0
1953-03-02,,,0.0,0.0,0.0
1953-03-03,,,0.0,0.0,0.0
1953-03-04,,,290.0,0.0,0.0
1953-03-05,,,0.0,0.0,0.0
1953-03-06,,,0.0,0.0,0.0
1953-03-07,,,0.0,0.0,0.0
1953-03-08,,,0.0,0.0,0.0
1953-03-09,,,0.0,0.0,0.0
1953-03-10,,,0.0,25.0,13.0
1953-03-11,,,0.0,0.0,0.0
1953-03-12,,,0.0,0.0,0.0
1953-03-13,,,356.0,0.0,0.0
1953-03-14,,,358.0,0.0,0.0
1953-03-15,,,0.0,0.0,0.0
1953-03-16,,,409.0,0.0,0.0
1953-03-17,,,3.0,0.0,0.0
1953-03-18,,,0.0,0.0,0.0
1953-03-19,,,76.0,51.0,51.0
1953-03-20,,,84.0,51.0,25.0
1953-03-21,,,0.0,25.0,0.0
1953-03-22,,,0.0,0.0,0.0
1953-03-23,,,0.0,0.0,0.0
1953-03-24,,,5.0,0.0,0.0
1953-03-25,,,572.0,0.0,0.0
1953-03-26,,,208.0,0.0,0.0
1953-03-27,,,218.0,0.0,0.0
1953-03-28,,,13.0,0.0,0.0
1953-03-29,,,0.0,0.0,0.0
1953-03-30,,,33.0,0.0,0.0
1953-03-31,,,104.0,0.0,0.0
1953-04-01,,,0.0,0.0,0.0
1953-04-02,,,66.0,0.0,0.0
1953-04-03,,,0.0,0.0,0.0
1953-04-04,,,0.0,0.0,0.0
1953-04-05,,,25.0,0.0,0.0
1953-04-06,,,0.0,0.0,0.0
1953-04-07,,,150.0,0.0,0.0
1953-04-08,,,338.0,0.0,0.0
1953-04-09,,,0.0,0.0,0.0
1953-04-10,,,0.0,0.0,0.0
1953-04-11,,,99.0,0.0,0.0
1953-04-12,,,0.0,0.0,0.0
1953-04-13,,,183.0,0.0,0.0
1953-04-14,,,211.0,127.0,127.0
1953-04-15,,,0.0,51.0,0.0
1953-04-16,,,0.0,0.0,0.0
1953-04-17,,,140.0,0.0,0.0
1953-04-18,,,0.0,0.0,0.0
1953-04-19,,,86.0,0.0,0.0
1953-04-20,,,64.0,76.0,64.0
1953-04-21,,,0.0,0.0,0.0
1953-04-22,,,0.0,0.0,0.0
1953-04-23,,,0.0,0.0,0.0
1953-04-24,,,0.0,0.0,0.0
1953-04-25,,,25.0,0.0,0.0
1953-04-26,,,20.0,0.0,0.0
1953-04-27,,,145.0,0.0,0.0
1953-04-28,,,0.0,0.0,0.0
1953-04-29,,,0.0,0.0,0.0
1953-04-30,,,0.0,0.0,0.0
1953-05-01,,,249.0,0.0,0.0
1953-05-02,,,58.0,0.0,0.0
1953-05-03,,,61.0,0.0,0.0
1953-05-04,,,8.0,0.0,0.0
1953-05-05,,,84.0,0.0,0.0
1953-05-06,,,20.0,0.0,0.0
1953-05-07,,,0.0,0.0,0.0
1953-05-08,,,175.0,0.0,0.0
1953-05-09,,,74.0,0.0,0.0
1953-05-10,,,0.0,0.0,0.0
1953-05-11,,,5.0,0.0,0.0
1953-05-12,,,0.0,0.0,0.0
1953-05-13,,,5.0,0.0,0.0
1953-05-14,,,38.0,0.0,0.0
1953-05-15,,,69.0,0.0,0.0
1953-05-16,,,94.0,0.0,0.0
1953-05-17,,,41.0,0.0,0.0
1953-05-18,,,140.0,0.0,0.0
1953-05-19,,,0.0,0.0,0.0
1953-05-20,,,0.0,0.0,0.0
1953-05-21,,,0.0,0.0,0.0
1953-05-22,,,0.0,0.0,0.0
1953-05-23,,,114.0,0.0,0.0
1953-05-24,,,0.0,0.0,0.0
1953-05-25,,,0.0,0.0,0.0
1953-05-26,,,0.0,0.0,0.0
1953-05-27,,,168.0,0.0,0.0
1953-05-28,,,18.0,0.0,0.0
1953-05-29,,,0.0,0.0,0.0
1953-05-30,,,0.0,0.0,0.0
1953-05-31,,,38.0,0.0,0.0
1953-06-01,,,0.0,0.0,0.0
1953-06-02,,,0.0,0.0,0.0
1953-06-03,,,0.0,0.0,0.0
1953-06-04,,,0.0,0.0,0.0
1953-06-05,,,15.0,0.0,0.0
1953-06-06,,,0.0,0.0,0.0
1953-06-07,,,81.0,0.0,0.0
1953-06-08,,,28.0,0.0,0.0
1953-06-09,,,0.0,0.0,0.0
1953-06-10,,,0.0,0.0,0.0
1953-06-11,,,0.0,0.0,0.0
1953-06-12,,,0.0,0.0,0.0
1953-06-13,,,0.0,0.0,0.0
1953-06-14,,,191.0,0.0,0.0
1953-06-15,,,0.0,0.0,0.0
1953-06-16,,,0.0,0.0,0.0
1953-06-17,,,0.0,0.0,0.0
1953-06-18,,,0.0,0.0,0.0
1953-06-19,,,0.0,0.0,0.0
1953-06-20,,,0.0,0.0,0.0
1953-06-21,,,0.0,0.0,0.0
1953-06-22,,,0.0,0.0,0.0
1953-06-23,,,0.0,0.0,0.0
1953-06-24,,,0.0,0.0,0.0
1953-06-25,,,0.0,0.0,0.0
1953-06-26,,,0.0,0.0,0.0
1953-06-27,,,366.0,0.0,0.0
1953-06-28,,,0.0,0.0,0.0
1953-06-29,,,406.0,0.0,0.0
1953-06-30,,,0.0,0.0,0.0
1953-07-01,,,0.0,0.0,0.0
1953-07-02,,,0.0,0.0,0.0
1953-07-03,,,165.0,0.0,0.0
1953-07-04,,,0.0,0.0,0.0
1953-07-05,,,0.0,0.0,0.0
1953-07-06,,,0.0,0.0,0.0
1953-07-07,,,10.0,0.0,0.0
1953-07-08,,,0.0,0.0,0.0
1953-07-09,,,386.0,0.0,0.0
1953-07-10,,,0.0,0.0,0.0
1953-07-11,,,0.0,0.0,0.0
1953-07-12,,,0.0,0.0,0.0
1953-07-13,,,0.0,0.0,0.0
1953-07-14,,,0.0,0.0,0.0
1953-07-15,,,0.0,0.0,0.0
1953-07-16,,,0.0,0.0,0.0
1953-07-17,,,0.0,0.0,0.0
1953-07-18,,,0.0,0.0,0.0
1953-07-19,,,28.0,0.0,0.0
1953-07-20,,,79.0,0.0,0.0
1953-07-21,,,58.0,0.0,0.0
1953-07-22,,,8.0,0.0,0.0
1953-07-23,,,178.0,0.0,0.0
1953-07-24,,,0.0,0.0,0.0
1953-07-25,,,0.0,0.0,0.0
1953-07-26,,,0.0,0.0,0.0
1953-07-27,,,0.0,0.0,0.0
1953-07-28,,,0.0,0.0,0.0
1953-07-29,,,0.0,0.0,0.0
1953-07-30,,,0.0,0.0,0.0
1953-07-31,,,0.0,0.0,0.0
1953-08-01,,,0.0,0.0,0.0
1953-08-02,,,10.0,0.0,0.0
1953-08-03,,,8.0,0.0,0.0
1953-08-04,,,0.0,0.0,0.0
1953-08-05,,,15.0,0.0,0.0
1953-08-06,,,0.0,0.0,0.0
1953-08-07,,,0.0,0.0,0.0
1953-08-08,,,0.0,0.0,0.0
1953-08-09,,,0.0,0.0,0.0
1953-08-10,,,109.0,0.0,0.0
1953-08-11,,,274.0,0.0,0.0
1953-08-12,,,0.0,0.0,0.0
1953-08-13,,,0.0,0.0,0.0
1953-08-14,,,0.0,0.0,0.0
1953-08-15,,,0.0,0.0,0.0
1953-08-16,,,0.0,0.0,0.0
1953-08-17,,,0.0,0.0,0.0
1953-08-18,,,0.0,0.0,0.0
1953-08-19,,,0.0,0.0,0.0
1953-08-20,,,0.0,0.0,0.0
1953-08-21,,,0.0,0.0,0.0
1953-08-22,,,0.0,0.0,0.0
1953-08-23,,,0.0,0.0,0.0
1953-08-24,,,0.0,0.0,0.0
1953-08-25,,,0.0,0.0,0.0
1953-08-26,,,0.0,0.0,0.0
1953-08-27,,,0.0,0.0,0.0
1953-08-28,,,0.0,0.0,0.0
1953-08-29,,,0.0,0.0,0.0
1953-08-30,,,0.0,0.0,0.0
1953-08-31,,,0.0,0.0,0.0
1953-09-01,,,0.0,0.0,0.0
1953-09-02,,,0.0,0.0,0.0
1953-09-03,,,109.0,0.0,0.0
1953-09-04,,,46.0,0.0,0.0
1953-09-05,,,0.0,0.0,0.0
1953-09-06,,,38.0,0.0,0.0
1953-09-07,,,0.0,0.0,0.0
1953-09-08,,,30.0,0.0,0.0
1953-09-09,,,0.0,0.0,0.0
1953-09-10,,,0.0,0.0,0.0
1953-09-11,,,0.0,0.0,0.0
1953-09-21,,,20.0,0.0,0.0
1953-09-22,,,33.0,0.0,0.0
1953-09-23,,,0.0,0.0,0.0
1953-09-24,,,0.0,0.0,0.0
1953-09-25,,,0.0,0.0,0.0
1953-09-26,,,0.0,0.0,0.0
1953-09-27,,,0.0,0.0,0.0
1953-09-28,,,0.0,0.0,0.0
1953-09-29,,,0.0,0.0,0.0
1953-09-30,,,0.0,0.0,0.0
1953-10-01,,,0.0,0.0,0.0
1953-10-02,,,0.0,0.0,0.0
1953-10-03,,,0.0,0.0,0.0
1953-10-04,,,0.0,0.0,0.0
1953-10-05,,,0.0,0.0,0.0
1953-10-06,,,76.0,0.0,0.0
1953-10-07,,,213.0,0.0,0.0
1953-10-08,,,0.0,0.0,0.0
1953-10-09,,,0.0,0.0,0.0
1953-10-10,,,0.0,0.0,0.0
1953-10-11,,,0.0,0.0,0.0
1953-10-12,,,20.0,0.0,0.0
1953-10-13,,,0.0,0.0,0.0
1953-10-14,,,0.0,0.0,0.0
1953-10-15,,,0.0,0.0,0.0
1953-10-16,,,0.0,0.0,0.0
1953-10-17,,,0.0,0.0,0.0
1953-10-18,,,0.0,0.0,0.0
1953-10-19,,,0.0,0.0,0.0
1953-10-20,,,0.0,0.0,0.0
1953-10-21,,,0.0,0.0,0.0
1953-10-22,,,0.0,0.0,0.0
1953-10-23,,,0.0,0.0,0.0
1953-10-24,,,0.0,0.0,0.0
1953-10-25,,,0.0,0.0,0.0
1953-10-26,,,236.0,0.0,0.0
1953-10-27,,,0.0,0.0,0.0
1953-10-28,,,229.0,0.0,0.0
1953-10-29,,,160.0,0.0,0.0
1953-10-30,,,173.0,0.0,0.0
1953-10-31,,,0.0,0.0,0.0
1953-11-01,,,0.0,0.0,0.0
1953-11-02,,,0.0,0.0,0.0
1953-11-03,,,0.0,0.0,0.0
1953-11-04,,,0.0,0.0,0.0
1953-11-05,,,0.0,0.0,0.0
1953-11-06,,,0.0,0.0,0.0
1953-11-07,,,216.0,152.0,152.0
1953-11-08,,,51.0,102.0,0.0
1953-11-09,,,0.0,102.0,0.0
1953-11-10,,,0.0,76.0,0.0
1953-11-11,,,0.0,51.0,0.0
1953-11-12,,,0.0,51.0,0.0
1953-11-13,,,0.0,0.0,0.0
1953-11-14,,,0.0,0.0,0.0
1953-11-15,,,0.0,0.0,0.0
1953-11-16,,,0.0,0.0,0.0
1953-11-17,,,0.0,0.0,0.0
1953-11-18,,,0.0,0.0,0.0
1953-11-19,,,0.0,0.0,0.0
1953-11-20,,,0.0,0.0,0.0
1953-11-21,,,0.0,0.0,0.0
1953-11-22,,,0.0,0.0,0.0
1953-11-30,,,0.0,0.0,0.0
1953-12-01,,,84.0,76.0,64.0
1953-12-02,,,43.0,76.0,25.0
1953-12-03,,,0.0,25.0,0.0
1953-12-04,,,0.0,0.0,0.0
1953-12-05,,,282.0,0.0,0.0
1953-12-06,,,0.0,0.0,0.0
1953-12-07,,,399.0,0.0,0.0
1953-12-08,,,0.0,0.0,0.0
1953-12-09,,,0.0,0.0,0.0
1953-12-10,,,297.0,0.0,0.0
1953-12-11,,,3.0,0.0,0.0
1953-12-12,,,0.0,0.0,0.0
1953-12-13,,,79.0,0.0,0.0
1953-12-14,,,132.0,0.0,0.0
1953-12-15,,,178.0,0.0,0.0
1953-12-16,,,0.0,0.0,0.0
1953-12-17,,,0.0,0.0,0.0
1953-12-18,,,0.0,0.0,0.0
1953-12-19,,,0.0,0.0,0.0
1953-12-20,,,0.0,0.0,0.0
1953-12-21,,,0.0,0.0,0.0
1953-12-22,,,51.0,0.0,0.0
1953-12-23,,,0.0,0.0,0.0
1953-12-24,,,0.0,0.0,0.0
1953-12-25,,,0.0,0.0,0.0
1953-12-26,,,0.0,0.0,0.0
1953-12-27,,,0.0,0.0,0.0
1953-12-28,,,0.0,0.0,0.0
1953-12-29,,,64.0,51.0,51.0
1953-12-30,,,0.0,25.0,0.0
1953-12-31,,,0.0,0.0,0.0
1954-01-01,,,0.0,0.0,0.0
1954-01-02,,,3.0,0.0,13.0
1954-01-03,,,0.0,0.0,0.0
1954-01-04,,,0.0,0.0,0.0
1954-01-05,,,0.0,0.0,0.0
1954-01-06,,,97.0,25.0,13.0
1954-01-07,,,13.0,25.0,13.0
1954-01-08,,,0.0,25.0,0.0
1954-01-09,,,0.0,25.0,0.0
1954-01-10,,,66.0,51.0,51.0
1954-01-11,,,81.0,127.0,102.0
1954-01-12,,,30.0,178.0,51.0
1954-01-13,,,0.0,178.0,0.0
1954-01-14,,,0.0,152.0,0.0
1954-01-15,,,71.0,229.0,89.0
1954-01-16,,,38.0,254.0,51.0
1954-01-17,,,15.0,254.0,25.0
1954-01-18,,,0.0,254.0,0.0
1954-01-19,,,0.0,229.0,0.0
1954-01-20,,,0.0,203.0,0.0
1954-01-21,,,46.0,51.0,0.0
1954-01-22,,,10.0,25.0,0.0
1954-01-23,,,0.0,25.0,0.0
1954-01-24,,,0.0,25.0,0.0
1954-01-25,,,0.0,0.0,0.0
1954-01-26,,,0.0,0.0,0.0
1954-01-27,,,3.0,0.0,0.0
1954-01-28,,,178.0,152.0,140.0
1954-01-29,,,0.0,102.0,0.0
1954-01-30,,,0.0,76.0,0.0
1954-01-31,,,64.0,152.0,102.0
1954-02-01,,,0.0,152.0,0.0
1954-02-02,,,5.0,127.0,13.0
1954-02-03,,,0.0,102.0,0.0
1954-02-04,,,66.0,102.0,25.0
1954-02-05,,,0.0,102.0,0.0
1954-02-06,,,3.0,102.0,25.0
1954-02-07,,,0.0,127.0,25.0
1954-02-08,,,0.0,102.0,0.0
1954-02-09,,,33.0,178.0,102.0
1954-02-10,,,3.0,178.0,25.0
1954-02-11,,,0.0,178.0,0.0
1954-02-12,,,0.0,152.0,0.0
1954-02-13,,,0.0,152.0,0.0
1954-02-14,,,0.0,152.0,13.0
1954-02-15,,,0.0,127.0,0.0
1954-02-16,,,0.0,0.0,0.0
1954-02-17,,,61.0,0.0,0.0
1954-02-18,,,188.0,25.0,13.0
1954-02-19,,,0.0,0.0,0.0
1954-02-20,,,0.0,0.0,0.0
1954-02-21,,,0.0,0.0,0.0
1954-02-22,,,193.0,0.0,0.0
1954-02-23,,,0.0,0.0,0.0
1954-02-24,,,0.0,0.0,0.0
1954-02-25,,,53.0,0.0,0.0
1954-02-26,,,0.0,0.0,0.0
1954-02-27,,,79.0,0.0,0.0
1954-02-28,,,0.0,0.0,0.0
1954-03-01,,,0.0,,0.0
1954-03-02,,,206.0,,0.0
1954-03-03,,,0.0,,0.0
1954-03-04,,,277.0,,0.0
1954-03-05,,,0.0,,0.0
1954-03-06,,,0.0,,0.0
1954-03-07,,,0.0,,0.0
1954-03-08,,,0.0,,0.0
1954-03-09,,,0.0,,0.0
1954-03-10,,,0.0,,0.0
1954-03-11,,,0.0,,0.0
1954-03-12,,,0.0,,0.0
1954-03-13,,,0.0,,0.0
1954-03-14,,,117.0,,0.0
1954-03-15,,,56.0,25.0,25.0
1954-03-16,,,0.0,0.0,0.0
1954-03-17,,,0.0,0.0,0.0
1954-03-18,,,0.0,0.0,0.0
1954-03-19,,,0.0,0.0,0.0
1954-03-20,,,320.0,0.0,0.0
1954-03-21,,,0.0,0.0,0.0
1954-03-22,,,0.0,0.0,0.0
1954-03-23,,,0.0,0.0,0.0
1954-03-24,,,0.0,0.0,0.0
1954-03-25,,,0.0,0.0,0.0
1954-03-26,,,160.0,0.0,0.0
1954-03-27,,,0.0,0.0,0.0
1954-03-28,,,0.0,0.0,0.0
1954-03-29,,,0.0,0.0,0.0
1954-03-30,,,0.0,0.0,0.0
1954-03-31,,,0.0,0.0,0.0
1954-04-01,,,8.0,25.0,13.0
1954-04-02,,,0.0,,0.0
1954-04-03,,,13.0,0.0,8.0
1954-04-04,,,0.0,0.0,0.0
1954-04-05,,,0.0,0.0,0.0
1954-04-06,,,15.0,0.0,0.0
1954-04-07,,,84.0,0.0,0.0
1954-04-08,,,0.0,0.0,0.0
1954-04-09,,,10.0,0.0,0.0
1954-04-10,,,0.0,0.0,0.0
1954-04-11,,,18.0,0.0,0.0
1954-04-12,,,71.0,0.0,0.0
1954-04-13,,,0.0,0.0,0.0
1954-04-14,,,0.0,0.0,0.0
1954-04-15,,,5.0,0.0,0.0
1954-04-16,,,71.0,0.0,0.0
1954-04-17,,,234.0,0.0,0.0
1954-04-18,,,290.0,0.0,0.0
1954-04-19,,,0.0,0.0,0.0
1954-04-20,,,0.0,0.0,0.0
1954-04-21,,,0.0,0.0,0.0
1954-04-22,,,0.0,0.0,0.0
1954-04-23,,,3.0,0.0,0.0
1954-04-24,,,99.0,0.0,0.0
1954-04-25,,,0.0,0.0,0.0
1954-04-26,,,18.0,0.0,0.0
1954-04-27,,,33.0,0.0,0.0
1954-04-28,,,91.0,0.0,0.0
1954-04-29,,,15.0,0.0,0.0
1954-04-30,,,0.0,0.0,0.0
1954-05-01,,,0.0,0.0,0.0
1954-05-02,,,0.0,0.0,0.0
1954-05-03,,,5.0,0.0,0.0
1954-05-04,,,229.0,0.0,0.0
1954-05-05,,,3.0,0.0,0.0
1954-05-06,,,0.0,0.0,0.0
1954-05-09,,,206.0,0.0,0.0
1954-05-10,,,36.0,0.0,0.0
1954-05-11,,,107.0,0.0,0.0
1954-05-12,,,0.0,0.0,0.0
1954-05-13,,,0.0,0.0,0.0
1954-05-14,,,0.0,0.0,0.0
1954-05-15,,,0.0,0.0,0.0
1954-05-16,,,10.0,0.0,0.0
1954-05-17,,,0.0,0.0,0.0
1954-05-18,,,0.0,0.0,0.0
1954-05-29,,,0.0,0.0,0.0
1954-05-30,,,173.0,0.0,0.0
1954-05-31,,,0.0,0.0,0.0
1954-06-01,,,0.0,0.0,0.0
1954-06-02,,,0.0,0.0,0.0
1954-06-03,,,0.0,0.0,0.0
1954-06-04,,,3.0,0.0,0.0
1954-06-05,,,13.0,0.0,0.0
1954-06-06,,,0.0,0.0,0.0
1954-06-07,,,0.0,0.0,0.0
1954-06-08,,,0.0,0.0,0.0
1954-06-09,,,0.0,0.0,0.0
1954-06-10,,,0.0,0.0,0.0
1954-06-11,,,0.0,0.0,0.0
1954-06-12,,,0.0,0.0,0.0
1954-06-13,,,221.0,0.0,0.0
1954-06-14,,,0.0,0.0,0.0
1954-06-15,,,23.0,0.0,0.0
1954-06-16,,,0.0,0.0,0.0
1954-06-17,,,0.0,0.0,0.0
1954-06-18,,,0.0,0.0,0.0
1954-06-19,,,0.0,0.0,0.0
1954-06-20,,,0.0,0.0,0.0
1954-06-21,,,0.0,0.0,0.0
1954-06-22,,,0.0,0.0,0.0
1954-06-23,,,0.0,0.0,0.0
1954-06-24,,,140.0,0.0,0.0
1954-06-25,,,0.0,0.0,0.0
1954-06-26,,,8.0,0.0,0.0
1954-06-27,,,0.0,0.0,0.0
1954-06-28,,,8.0,0.0,0.0
1954-06-29,,,23.0,0.0,0.0
1954-06-30,,,71.0,0.0,0.0
1954-07-01,,,8.0,0.0,0.0
1954-07-02,,,18.0,0.0,0.0
1954-07-03,,,5.0,0.0,0.0
1954-07-04,,,3.0,0.0,0.0
1954-07-05,,,18.0,0.0,0.0
1954-07-06,,,173.0,0.0,0.0
1954-07-07,,,0.0,0.0,0.0
1954-07-08,,,5.0,0.0,0.0
1954-07-09,,,0.0,0.0,0.0
1954-07-10,,,0.0,0.0,0.0
1954-07-11,,,0.0,0.0,0.0
1954-07-12,,,0.0,0.0,0.0
1954-07-13,,,8.0,0.0,0.0
1954-07-14,,,0.0,0.0,0.0
1954-07-15,,,117.0,0.0,0.0
1954-07-16,,,0.0,0.0,0.0
1954-07-17,,,0.0,0.0,0.0
1954-07-18,,,0.0,0.0,0.0
1954-07-19,,,23.0,0.0,0.0
1954-07-20,,,234.0,0.0,0.0
1954-07-21,,,97.0,0.0,0.0
1954-07-22,,,18.0,0.0,0.0
1954-07-23,,,23.0,0.0,0.0
1954-07-24,,,0.0,0.0,0.0
1954-07-25,,,5.0,0.0,0.0
1954-07-26,,,0.0,0.0,0.0
1954-07-27,,,3.0,0.0,0.0
1954-07-28,,,0.0,0.0,0.0
1954-07-29,,,130.0,0.0,0.0
1954-07-30,,,,0.0,0.0
1954-07-31,,,0.0,0.0,0.0
1954-08-01,,,0.0,0.0,0.0
1954-08-02,,,0.0,0.0,0.0
1954-08-03,,,15.0,0.0,0.0
1954-08-04,,,142.0,0.0,0.0
1954-08-05,,,0.0,0.0,0.0
1954-08-06,,,0.0,0.0,0.0
1954-08-07,,,0.0,0.0,0.0
1954-08-08,,,0.0,0.0,0.0
1954-08-09,,,0.0,0.0,0.0
1954-08-10,,,64.0,0.0,0.0
1954-08-11,,,25.0,0.0,0.0
1954-08-12,,,33.0,0.0,0.0
1954-08-13,,,0.0,0.0,0.0
1954-08-14,,,0.0,0.0,0.0
1954-08-15,,,0.0,0.0,0.0
1954-08-16,,,18.0,0.0,0.0
1954-08-17,,,0.0,0.0,0.0
1954-08-18,,,0.0,0.0,0.0
1954-08-19,,,0.0,0.0,0.0
1954-08-20,,,15.0,0.0,0.0
1954-08-21,,,0.0,0.0,0.0
1954-08-22,,,0.0,0.0,0.0
1954-08-23,,,0.0,0.0,0.0
1954-08-24,,,0.0,0.0,0.0
1954-08-25,,,112.0,0.0,0.0
1954-08-26,,,0.0,0.0,0.0
1954-08-27,,,3.0,0.0,0.0
1954-08-28,,,0.0,0.0,0.0
1954-08-29,,,0.0,0.0,0.0
1954-08-30,,,18.0,0.0,0.0
1954-08-31,,,236.0,0.0,0.0
1954-09-01,,,389.0,0.0,0.0
1954-09-02,,,0.0,0.0,0.0
1954-09-03,,,0.0,0.0,0.0
1954-09-04,,,25.0,0.0,0.0
1954-09-05,,,0.0,0.0,0.0
1954-09-06,,,0.0,0.0,0.0
1954-09-07,,,13.0,0.0,0.0
1954-09-08,,,76.0,0.0,0.0
1954-09-09,,,8.0,0.0,0.0
1954-09-10,,,0.0,0.0,0.0
1954-09-11,,,521.0,0.0,0.0
1954-09-12,,,688.0,0.0,0.0
1954-09-13,,,0.0,0.0,0.0
1954-09-14,,,20.0,0.0,0.0
1954-09-15,,,3.0,0.0,0.0
1954-09-16,,,99.0,0.0,0.0
1954-09-17,,,76.0,0.0,0.0
1954-09-18,,,8.0,0.0,0.0
1954-09-19,,,15.0,0.0,0.0
1954-09-20,,,74.0,0.0,0.0
1954-09-21,,,0.0,0.0,0.0
1954-09-22,,,56.0,0.0,0.0
1954-09-23,,,0.0,0.0,0.0
1954-09-24,,,0.0,0.0,0.0
1954-09-25,,,0.0,0.0,0.0
1954-09-26,,,30.0,0.0,0.0
1954-09-27,,,86.0,0.0,0.0
1954-09-28,,,0.0,0.0,0.0
1954-09-29,,,0.0,0.0,0.0
1954-09-30,,,5.0,0.0,0.0
1954-10-01,,,5.0,0.0,0.0
1954-10-02,,,0.0,0.0,0.0
1954-10-03,,,0.0,0.0,0.0
1954-10-04,,,0.0,0.0,0.0
1954-10-05,,,0.0,0.0,0.0
1954-10-06,,,58.0,0.0,0.0
1954-10-07,,,5.0,0.0,0.0
1954-10-08,,,0.0,0.0,0.0
1954-10-09,,,0.0,0.0,0.0
1954-10-10,,,0.0,0.0,0.0
1954-10-11,,,3.0,0.0,0.0
1954-10-12,,,0.0,0.0,0.0
1954-10-13,,,0.0,0.0,0.0
1954-10-14,,,0.0,0.0,0.0
1954-10-15,,,20.0,0.0,0.0
1954-10-16,,,218.0,0.0,0.0
1954-10-17,,,0.0,0.0,0.0
1954-10-18,,,0.0,0.0,0.0
1954-10-19,,,0.0,0.0,0.0
1954-10-20,,,10.0,0.0,0.0
1954-10-21,,,0.0,0.0,0.0
1954-10-22,,,0.0,0.0,0.0
1954-10-23,,,0.0,0.0,0.0
1954-10-24,,,0.0,0.0,0.0
1954-10-25,,,0.0,0.0,0.0
1954-10-26,,,0.0,0.0,0.0
1954-10-27,,,15.0,0.0,0.0
1954-10-28,,,64.0,0.0,0.0
1954-10-29,,,0.0,0.0,0.0
1954-10-30,,,163.0,0.0,0.0
1954-10-31,,,51.0,0.0,0.0
1954-11-01,,,0.0,0.0,0.0
1954-11-02,,,0.0,0.0,0.0
1954-11-03,,,648.0,0.0,0.0
1954-11-04,,,64.0,0.0,0.0
1954-11-05,,,30.0,0.0,0.0
1954-11-06,,,0.0,0.0,0.0
1954-11-07,,,0.0,0.0,0.0
1954-11-08,,,0.0,0.0,0.0
1954-11-09,,,0.0,0.0,0.0
1954-11-10,,,0.0,0.0,0.0
1954-11-11,,,0.0,0.0,0.0
1954-11-12,,,0.0,0.0,0.0
1954-11-13,,,0.0,0.0,0.0
1954-11-14,,,0.0,0.0,0.0
1954-11-15,,,0.0,0.0,0.0
1954-11-16,,,0.0,0.0,0.0
1954-11-17,,,0.0,0.0,0.0
1954-11-18,,,3.0,0.0,0.0
1954-11-19,,,8.0,0.0,0.0
1954-11-20,,,450.0,0.0,0.0
1954-11-21,,,406.0,0.0,0.0
1954-11-22,,,51.0,0.0,0.0
1954-11-23,,,0.0,0.0,0.0
1954-11-24,,,0.0,0.0,0.0
1954-11-25,,,81.0,25.0,25.0
1954-11-26,,,0.0,0.0,0.0
1954-11-27,,,0.0,0.0,0.0
1954-11-28,,,28.0,0.0,0.0
1954-11-29,,,170.0,0.0,0.0
1954-11-30,,,0.0,0.0,0.0
1954-12-01,,,0.0,0.0,0.0
1954-12-02,,,0.0,0.0,0.0
1954-12-03,,,0.0,0.0,0.0
1954-12-04,,,0.0,0.0,0.0
1954-12-05,,,0.0,0.0,0.0
1954-12-06,,,0.0,0.0,0.0
1954-12-07,,,0.0,0.0,0.0
1954-12-08,,,0.0,0.0,0.0
1954-12-09,,,0.0,0.0,0.0
1954-12-10,,,145.0,0.0,0.0
1954-12-11,,,3.0,25.0,25.0
1954-12-12,,,0.0,25.0,0.0
1954-12-13,,,0.0,25.0,0.0
1954-12-14,,,0.0,0.0,0.0
1954-12-15,,,396.0,0.0,0.0
1954-12-16,,,48.0,102.0,89.0
1954-12-17,,,0.0,,0.0
1954-12-18,,,46.0,,0.0
1954-12-19,,,368.0,,0.0
1954-12-20,,,0.0,,0.0
1954-12-21,,,5.0,51.0,38.0
1954-12-22,,,0.0,25.0,13.0
1954-12-23,,,0.0,25.0,0.0
1954-12-24,,,0.0,25.0,0.0
1954-12-25,,,0.0,25.0,0.0
1954-12-26,,,0.0,25.0,0.0
1954-12-27,,,0.0,0.0,0.0
1954-12-28,,,0.0,0.0,0.0
1954-12-29,,,38.0,0.0,0.0
1954-12-30,,,203.0,0.0,0.0
1954-12-31,,,0.0,0.0,0.0
1955-01-01,,,0.0,0.0,0.0
1955-01-02,,,74.0,0.0,0.0
1955-01-03,,,5.0,0.0,0.0
1955-01-04,,,0.0,0.0,0.0
1955-01-05,,,0.0,0.0,0.0
1955-01-06,,,28.0,0.0,0.0
1955-01-07,,,38.0,0.0,0.0
1955-01-08,,,0.0,0.0,0.0
1955-01-09,,,0.0,0.0,0.0
1955-01-10,,,0.0,0.0,0.0
1955-01-11,,,0.0,0.0,0.0
1955-01-12,,,0.0,0.0,0.0
1955-01-13,,,0.0,0.0,0.0
1955-01-14,,,0.0,0.0,0.0
1955-01-15,,,0.0,0.0,0.0
1955-01-16,,,15.0,25.0,25.0
1955-01-17,,,0.0,25.0,0.0
1955-01-18,,,0.0,0.0,0.0
1955-01-19,,,0.0,0.0,0.0
1955-01-20,,,0.0,0.0,0.0
1955-01-21,,,0.0,0.0,0.0
1955-01-22,,,18.0,25.0,25.0
1955-01-23,,,0.0,25.0,0.0
1955-01-24,,,0.0,25.0,0.0
1955-01-25,,,0.0,0.0,0.0
1955-01-26,,,0.0,0.0,0.0
1955-01-27,,,0.0,0.0,0.0
1955-01-28,,,0.0,0.0,0.0
1955-01-29,,,0.0,0.0,0.0
1955-01-30,,,0.0,0.0,0.0
1955-01-31,,,0.0,0.0,0.0
1955-02-01,,,15.0,25.0,25.0
1955-02-02,,,0.0,25.0,0.0
1955-02-03,,,8.0,102.0,64.0
1955-02-04,,,0.0,76.0,0.0
1955-02-05,,,0.0,76.0,0.0
1955-02-06,,,18.0,76.0,25.0
1955-02-07,,,439.0,,0.0
1955-02-08,,,0.0,,0.0
1955-02-09,,,0.0,,0.0
1955-02-10,,,0.0,,0.0
1955-02-11,,,0.0,,0.0
1955-02-12,,,254.0,76.0,76.0
1955-02-13,,,0.0,76.0,0.0
1955-02-14,,,0.0,51.0,0.0
1955-02-15,,,23.0,76.0,25.0
1955-02-16,,,0.0,76.0,0.0
1955-02-17,,,178.0,76.0,25.0
1955-02-18,,,0.0,76.0,0.0
1955-02-19,,,0.0,76.0,0.0
1955-02-20,,,0.0,51.0,0.0
1955-02-21,,,0.0,51.0,0.0
1955-02-22,,,0.0,25.0,0.0
1955-02-23,,,43.0,0.0,0.0
1955-02-24,,,61.0,0.0,0.0
1955-02-25,,,0.0,0.0,0.0
1955-02-26,,,0.0,0.0,0.0
1955-02-27,,,0.0,0.0,0.0
1955-02-28,,,33.0,0.0,0.0
1955-03-01,,,25.0,0.0,0.0
1955-03-02,,,79.0,0.0,0.0
1955-03-03,,,0.0,0.0,0.0
1955-03-04,,,168.0,51.0,51.0
1955-03-05,,,0.0,51.0,0.0
1955-03-06,,,117.0,51.0,0.0
1955-03-07,,,56.0,76.0,25.0
1955-03-08,,,3.0,76.0,25.0
1955-03-09,,,10.0,76.0,25.0
1955-03-10,,,0.0,51.0,0.0
1955-03-11,,,0.0,0.0,0.0
1955-03-12,,,0.0,0.0,0.0
1955-03-13,,,8.0,0.0,0.0
1955-03-14,,,0.0,0.0,0.0
1955-03-15,,,0.0,0.0,0.0
1955-03-16,,,23.0,0.0,0.0
1955-03-17,,,91.0,0.0,0.0
1955-03-18,,,0.0,0.0,0.0
1955-03-19,,,23.0,51.0,76.0
1955-03-20,,,0.0,0.0,0.0
1955-03-21,,,0.0,0.0,0.0
1955-03-22,,,213.0,102.0,127.0
1955-03-23,,,180.0,102.0,0.0
1955-03-24,,,0.0,76.0,0.0
1955-03-25,,,0.0,51.0,0.0
1955-03-26,,,64.0,76.0,51.0
1955-03-27,,,33.0,76.0,13.0
1955-03-28,,,0.0,76.0,0.0
1955-03-29,,,0.0,51.0,0.0
1955-03-30,,,0.0,0.0,0.0
1955-03-31,,,0.0,0.0,0.0
1955-04-01,,,0.0,0.0,0.0
1955-04-02,,,0.0,0.0,0.0
1955-04-03,,,0.0,0.0,0.0
1955-04-04,,,622.0,533.0,533.0
1955-04-05,,,0.0,203.0,0.0
1955-04-06,,,3.0,127.0,0.0
1955-04-07,,,74.0,76.0,0.0
1955-04-08,,,0.0,0.0,0.0
1955-04-09,,,0.0,0.0,0.0
1955-04-10,,,0.0,0.0,0.0
1955-04-11,,,0.0,0.0,0.0
1955-04-12,,,0.0,0.0,0.0
1955-04-13,,,23.0,0.0,0.0
1955-04-14,,,5.0,0.0,0.0
1955-04-15,,,30.0,0.0,0.0
1955-04-16,,,33.0,0.0,0.0
1955-04-17,,,0.0,0.0,0.0
1955-04-18,,,0.0,0.0,0.0
1955-04-19,,,0.0,0.0,0.0
1955-04-20,,,0.0,0.0,0.0
1955-04-21,,,23.0,0.0,0.0
1955-04-22,,,112.0,0.0,0.0
1955-04-23,,,0.0,0.0,0.0
1955-04-24,,,0.0,0.0,0.0
1955-04-25,,,178.0,0.0,0.0
1955-04-26,,,107.0,0.0,0.0
1955-04-27,,,274.0,0.0,0.0
1955-04-28,,,0.0,0.0,0.0
1955-04-29,,,198.0,0.0,0.0
1955-04-30,,,69.0,0.0,0.0
1955-05-01,,,0.0,0.0,0.0
1955-05-02,,,0.0,0.0,0.0
1955-05-03,,,3.0,0.0,0.0
1955-05-04,,,0.0,0.0,0.0
1955-05-05,,,0.0,0.0,0.0
1955-05-06,,,213.0,0.0,0.0
1955-05-07,,,0.0,0.0,0.0
1955-05-08,,,13.0,0.0,0.0
1955-05-09,,,33.0,0.0,0.0
1955-05-10,,,0.0,0.0,0.0
1955-05-11,,,0.0,0.0,0.0
1955-05-12,,,0.0,0.0,0.0
1955-05-13,,,0.0,0.0,0.0
1955-05-14,,,0.0,0.0,0.0
1955-05-15,,,0.0,0.0,0.0
1955-05-16,,,0.0,0.0,0.0
1955-05-17,,,18.0,0.0,0.0
1955-05-18,,,0.0,0.0,0.0
1955-05-19,,,0.0,0.0,0.0
1955-05-20,,,0.0,0.0,0.0
1955-05-21,,,0.0,0.0,0.0
1955-05-22,,,0.0,0.0,0.0
1955-05-23,,,0.0,0.0,0.0
1955-05-24,,,69.0,0.0,0.0
1955-05-25,,,0.0,0.0,0.0
1955-05-26,,,124.0,0.0,0.0
1955-05-27,,,0.0,0.0,0.0
1955-05-28,,,0.0,0.0,0.0
1955-05-29,,,0.0,0.0,0.0
1955-05-30,,,150.0,0.0,0.0
1955-05-31,,,0.0,0.0,0.0
1955-06-01,,,28.0,0.0,0.0
1955-06-02,,,15.0,0.0,0.0
1955-06-03,,,0.0,0.0,0.0
1955-06-04,,,0.0,0.0,0.0
1955-06-05,,,23.0,0.0,0.0
1955-06-06,,,8.0,0.0,0.0
1955-06-07,,,0.0,0.0,0.0
1955-06-08,,,0.0,0.0,0.0
1955-06-09,,,0.0,0.0,0.0
1955-06-10,,,10.0,0.0,0.0
1955-06-11,,,0.0,0.0,0.0
1955-06-12,,,104.0,0.0,0.0
1955-06-13,,,13.0,0.0,0.0
1955-06-14,,,3.0,0.0,0.0
1955-06-15,,,0.0,0.0,0.0
1955-06-16,,,0.0,0.0,0.0
1955-06-17,,,0.0,0.0,0.0
1955-06-18,,,0.0,0.0,0.0
1955-06-19,,,0.0,0.0,0.0
1955-06-20,,,150.0,0.0,0.0
1955-06-21,,,0.0,0.0,0.0
1955-06-22,,,43.0,0.0,0.0
1955-06-23,,,94.0,0.0,0.0
1955-06-24,,,48.0,0.0,0.0
1955-06-25,,,132.0,0.0,0.0
1955-06-26,,,0.0,0.0,0.0
1955-06-27,,,0.0,0.0,0.0
1955-06-28,,,46.0,0.0,0.0
1955-06-29,,,25.0,0.0,0.0
1955-06-30,,,0.0,0.0,0.0
1955-07-01,,,15.0,0.0,0.0
1955-07-02,,,0.0,0.0,0.0
1955-07-03,,,38.0,0.0,0.0
1955-07-04,,,0.0,0.0,0.0
1955-07-05,,,0.0,0.0,0.0
1955-07-06,,,0.0,0.0,0.0
1955-07-07,,,5.0,0.0,0.0
1955-07-08,,,0.0,0.0,0.0
1955-07-09,,,0.0,0.0,0.0
1955-07-10,,,0.0,0.0,0.0
1955-07-11,,,13.0,0.0,0.0
1955-07-12,,,0.0,0.0,0.0
1955-07-13,,,0.0,0.0,0.0
1955-07-14,,,0.0,0.0,0.0
1955-07-15,,,0.0,0.0,0.0
1955-07-16,,,28.0,0.0,0.0
1955-07-17,,,145.0,0.0,0.0
1955-07-18,,,51.0,0.0,0.0
1955-07-19,,,79.0,0.0,0.0
1955-07-20,,,0.0,0.0,0.0
1955-07-21,,,0.0,0.0,0.0
1955-07-22,,,0.0,0.0,0.0
1955-07-23,,,0.0,0.0,0.0
1955-07-24,,,23.0,0.0,0.0
1955-07-25,,,5.0,0.0,0.0
1955-07-26,,,0.0,0.0,0.0
1955-07-27,,,0.0,0.0,0.0
1955-07-28,,,0.0,0.0,0.0
1955-07-29,,,0.0,0.0,0.0
1955-07-30,,,0.0,0.0,0.0
1955-07-31,,,0.0,0.0,0.0
1955-08-01,,,0.0,0.0,0.0
1955-08-02,,,18.0,0.0,0.0
1955-08-03,,,0.0,0.0,0.0
1955-08-04,,,0.0,0.0,0.0
1955-08-05,,,0.0,0.0,0.0
1955-08-06,,,521.0,0.0,0.0
1955-08-07,,,18.0,0.0,0.0
1955-08-08,,,46.0,0.0,0.0
1955-08-10,,,0.0,0.0,0.0
1955-08-11,,,30.0,0.0,0.0
1955-08-12,,,122.0,0.0,0.0
1955-08-13,,,772.0,0.0,0.0
1955-08-14,,,1204.0,0.0,0.0
1955-08-15,,,132.0,0.0,0.0
1955-08-16,,,0.0,0.0,0.0
1955-08-17,,,0.0,0.0,0.0
1955-08-18,,,254.0,0.0,0.0
1955-08-19,,,2233.0,0.0,0.0
1955-08-20,,,165.0,0.0,0.0
1955-08-21,,,0.0,0.0,0.0
1955-08-22,,,53.0,0.0,0.0
1955-08-23,,,122.0,0.0,0.0
1955-08-24,,,0.0,0.0,0.0
1955-08-25,,,0.0,0.0,0.0
1955-08-26,,,0.0,0.0,0.0
1955-08-27,,,0.0,0.0,0.0
1955-08-28,,,25.0,0.0,0.0
1955-08-29,,,0.0,0.0,0.0
1955-08-30,,,0.0,0.0,0.0
1955-08-31,,,8.0,0.0,0.0
1955-09-01,,,5.0,0.0,0.0
1955-09-02,,,0.0,0.0,0.0
1955-09-03,,,0.0,0.0,0.0
1955-09-04,,,0.0,0.0,0.0
1955-09-05,,,0.0,0.0,0.0
1955-09-06,,,89.0,0.0,0.0
1955-09-07,,,0.0,0.0,0.0
1955-09-08,,,0.0,0.0,0.0
1955-09-09,,,0.0,0.0,0.0
1955-09-10,,,0.0,0.0,0.0
1955-09-11,,,0.0,0.0,0.0
1955-09-12,,,272.0,0.0,0.0
1955-09-13,,,0.0,0.0,0.0
1955-09-14,,,0.0,0.0,0.0
1955-09-15,,,0.0,0.0,0.0
1955-09-16,,,3.0,0.0,0.0
1955-09-17,,,0.0,0.0,0.0
1955-09-18,,,0.0,0.0,0.0
1955-09-19,,,0.0,0.0,0.0
1955-09-20,,,5.0,0.0,0.0
1955-09-21,,,3.0,0.0,0.0
1955-09-22,,,0.0,0.0,0.0
1955-09-23,,,0.0,0.0,0.0
1955-09-24,,,122.0,0.0,0.0
1955-09-25,,,257.0,0.0,0.0
1955-09-26,,,0.0,0.0,0.0
1955-09-27,,,0.0,0.0,0.0
1955-09-28,,,257.0,0.0,0.0
1955-09-29,,,3.0,0.0,0.0
1955-09-30,,,0.0,0.0,0.0
1955-10-01,,,61.0,0.0,0.0
1955-10-02,,,0.0,0.0,0.0
1955-10-03,,,0.0,0.0,0.0
1955-10-04,,,0.0,0.0,0.0
1955-10-05,,,0.0,0.0,0.0
1955-10-06,,,64.0,0.0,0.0
1955-10-07,,,401.0,0.0,0.0
1955-10-08,,,86.0,0.0,0.0
1955-10-09,,,36.0,0.0,0.0
1955-10-10,,,0.0,0.0,0.0
1955-10-11,,,0.0,0.0,0.0
1955-10-12,,,0.0,0.0,0.0
1955-10-13,,,0.0,0.0,0.0
1955-10-14,,,28.0,0.0,0.0
1955-10-15,,,907.0,0.0,0.0
1955-10-16,,,1039.0,0.0,0.0
1955-10-17,,,226.0,0.0,0.0
1955-10-18,,,15.0,0.0,0.0
1955-10-19,,,112.0,0.0,0.0
1955-10-20,,,41.0,0.0,0.0
1955-10-21,,,0.0,0.0,0.0
1955-10-22,,,3.0,0.0,0.0
1955-10-23,,,0.0,0.0,0.0
1955-10-24,,,0.0,0.0,0.0
1955-10-25,,,76.0,0.0,0.0
1955-10-26,,,0.0,0.0,0.0
1955-10-27,,,0.0,0.0,0.0
1955-10-28,,,0.0,0.0,0.0
1955-10-29,,,0.0,0.0,0.0
1955-10-30,,,51.0,0.0,0.0
1955-10-31,,,681.0,0.0,0.0
1955-11-01,,,0.0,0.0,0.0
1955-11-02,,,0.0,0.0,0.0
1955-11-03,,,0.0,0.0,0.0
1955-11-04,,,147.0,0.0,0.0
1955-11-05,,,566.0,127.0,127.0
1955-11-06,,,5.0,76.0,0.0
1955-11-07,,,0.0,25.0,0.0
1955-11-08,,,38.0,,0.0
1955-11-09,,,0.0,,0.0
1955-11-10,,,0.0,,0.0
1955-11-11,,,246.0,25.0,25.0
1955-11-12,,,0.0,0.0,0.0
1955-11-13,,,0.0,0.0,0.0
1955-11-14,,,168.0,0.0,0.0
1955-11-15,,,0.0,0.0,0.0
1955-11-16,,,33.0,0.0,0.0
1955-11-17,,,109.0,0.0,0.0
1955-11-18,,,0.0,0.0,0.0
1955-11-19,,,0.0,0.0,0.0
1955-11-20,,,64.0,76.0,76.0
1955-11-21,,,0.0,51.0,0.0
1955-11-22,,,0.0,25.0,0.0
1955-11-23,,,0.0,0.0,0.0
1955-11-24,,,3.0,0.0,0.0
1955-11-25,,,0.0,0.0,0.0
1955-11-26,,,0.0,0.0,0.0
1955-11-27,,,0.0,0.0,0.0
1955-11-28,,,0.0,0.0,0.0
1955-11-29,,,0.0,0.0,0.0
1955-11-30,,,0.0,0.0,0.0
1955-12-01,,,0.0,0.0,0.0
1955-12-02,,,0.0,0.0,0.0
1955-12-03,,,25.0,25.0,25.0
1955-12-04,,,30.0,0.0,0.0
1955-12-05,,,53.0,0.0,0.0
1955-12-06,,,0.0,0.0,0.0
1955-12-07,,,0.0,0.0,0.0
1955-12-08,,,0.0,0.0,0.0
1955-12-09,,,0.0,0.0,0.0
1955-12-10,,,0.0,0.0,0.0
1955-12-11,,,0.0,0.0,0.0
1955-12-12,,,0.0,0.0,0.0
1955-12-13,,,0.0,0.0,0.0
1955-12-14,,,0.0,0.0,0.0
1955-12-15,,,0.0,0.0,0.0
1955-12-16,,,0.0,0.0,0.0
1955-12-17,,,0.0,0.0,0.0
1955-12-18,,,0.0,0.0,0.0
1955-12-19,,,3.0,0.0,0.0
1955-12-20,,,13.0,25.0,25.0
1955-12-21,,,0.0,0.0,0.0
1955-12-22,,,0.0,0.0,0.0
1955-12-23,,,43.0,102.0,89.0
1955-12-24,,,0.0,76.0,0.0
1955-12-25,,,0.0,25.0,0.0
1955-12-26,,,0.0,0.0,0.0
1955-12-27,,,0.0,0.0,0.0
1955-12-28,,,0.0,0.0,0.0
1955-12-29,,,0.0,0.0,0.0
1955-12-30,,,15.0,25.0,25.0
1955-12-31,,,0.0,25.0,0.0
1956-01-01,,,0.0,25.0,0.0
1956-01-02,,,0.0,25.0,0.0
1956-01-03,,,51.0,76.0,64.0
1956-01-04,,,36.0,76.0,0.0
1956-01-05,,,0.0,76.0,0.0
1956-01-06,,,0.0,76.0,0.0
1956-01-07,,,0.0,76.0,0.0
1956-01-08,,,0.0,76.0,0.0
1956-01-09,,,117.0,76.0,25.0
1956-01-10,,,91.0,,0.0
1956-01-11,,,43.0,,0.0
1956-01-12,,,56.0,,0.0
1956-01-13,,,20.0,,0.0
1956-01-14,,,25.0,,0.0
1956-01-15,,,0.0,,0.0
1956-01-16,,,0.0,,0.0
1956-01-17,,,0.0,0.0,0.0
1956-01-18,,,15.0,25.0,25.0
1956-01-19,,,0.0,25.0,0.0
1956-01-20,,,0.0,25.0,0.0
1956-01-21,,,5.0,25.0,13.0
1956-01-22,,,0.0,25.0,0.0
1956-01-23,,,5.0,25.0,25.0
1956-01-24,,,20.0,102.0,76.0
1956-01-25,,,0.0,76.0,0.0
1956-01-26,,,0.0,76.0,0.0
1956-01-27,,,0.0,76.0,0.0
1956-01-28,,,0.0,51.0,0.0
1956-01-29,,,0.0,51.0,0.0
1956-01-30,,,8.0,25.0,0.0
1956-01-31,,,137.0,0.0,0.0
1956-02-01,,,0.0,0.0,0.0
1956-02-02,,,0.0,0.0,0.0
1956-02-03,,,175.0,76.0,76.0
1956-02-04,,,0.0,76.0,0.0
1956-02-05,,,51.0,102.0,13.0
1956-02-06,,,0.0,102.0,0.0
1956-02-07,,,183.0,127.0,51.0
1956-02-08,,,0.0,127.0,0.0
1956-02-09,,,0.0,127.0,0.0
1956-02-10,,,23.0,127.0,13.0
1956-02-11,,,0.0,127.0,0.0
1956-02-12,,,97.0,127.0,0.0
1956-02-13,,,0.0,127.0,0.0
1956-02-14,,,0.0,127.0,0.0
1956-02-15,,,0.0,102.0,0.0
1956-02-16,,,25.0,102.0,0.0
1956-02-17,,,0.0,102.0,0.0
1956-02-18,,,53.0,102.0,0.0
1956-02-19,,,201.0,152.0,51.0
1956-02-20,,,0.0,152.0,0.0
1956-02-21,,,0.0,152.0,0.0
1956-02-22,,,10.0,152.0,0.0
1956-02-23,,,0.0,152.0,0.0
1956-02-24,,,0.0,152.0,0.0
1956-02-25,,,89.0,178.0,51.0
1956-02-26,,,71.0,152.0,0.0
1956-02-27,,,3.0,152.0,0.0
1956-02-28,,,48.0,203.0,51.0
1956-02-29,,,25.0,203.0,25.0
1956-03-01,,,0.0,203.0,0.0
1956-03-02,,,0.0,203.0,0.0
1956-03-03,,,10.0,178.0,0.0
1956-03-04,,,20.0,152.0,0.0
1956-03-05,,,0.0,127.0,0.0
1956-03-06,,,89.0,203.0,152.0
1956-03-07,,,155.0,178.0,0.0
1956-03-08,,,33.0,178.0,0.0
1956-03-09,,,185.0,279.0,114.0
1956-03-10,,,0.0,254.0,0.0
1956-03-11,,,0.0,203.0,0.0
1956-03-12,,,10.0,178.0,0.0
1956-03-13,,,13.0,152.0,0.0
1956-03-14,,,15.0,305.0,178.0
1956-03-15,,,193.0,305.0,0.0
1956-03-16,,,0.0,254.0,0.0
1956-03-17,,,264.0,406.0,229.0
1956-03-18,,,0.0,381.0,0.0
1956-03-19,,,5.0,406.0,51.0
1956-03-20,,,198.0,559.0,305.0
1956-03-21,,,0.0,533.0,0.0
1956-03-22,,,0.0,457.0,0.0
1956-03-23,,,0.0,406.0,0.0
1956-03-24,,,8.0,406.0,25.0
1956-03-25,,,198.0,457.0,127.0
1956-03-26,,,0.0,457.0,0.0
1956-03-27,,,0.0,432.0,0.0
1956-03-28,,,0.0,406.0,0.0
1956-03-29,,,0.0,406.0,0.0
1956-03-30,,,119.0,533.0,102.0
1956-03-31,,,25.0,508.0,25.0
1956-04-01,,,0.0,457.0,0.0
1956-04-02,,,0.0,432.0,0.0
1956-04-03,,,89.0,406.0,0.0
1956-04-04,,,0.0,381.0,0.0
1956-04-05,,,28.0,330.0,0.0
1956-04-06,,,0.0,279.0,0.0
1956-04-07,,,53.0,229.0,0.0
1956-04-08,,,300.0,406.0,178.0
1956-04-09,,,23.0,406.0,25.0
1956-04-10,,,0.0,330.0,0.0
1956-04-11,,,0.0,229.0,0.0
1956-04-12,,,0.0,178.0,0.0
1956-04-13,,,0.0,152.0,0.0
1956-04-14,,,5.0,127.0,0.0
1956-04-15,,,0.0,127.0,0.0
1956-04-16,,,244.0,127.0,0.0
1956-04-17,,,48.0,127.0,0.0
1956-04-18,,,0.0,102.0,0.0
1956-04-19,,,10.0,76.0,0.0
1956-04-20,,,0.0,76.0,0.0
1956-04-21,,,13.0,76.0,0.0
1956-04-22,,,0.0,51.0,0.0
1956-04-23,,,64.0,51.0,76.0
1956-04-24,,,43.0,51.0,0.0
1956-04-25,,,0.0,0.0,0.0
1956-04-26,,,13.0,0.0,0.0
1956-04-27,,,23.0,0.0,0.0
1956-04-28,,,0.0,0.0,0.0
1956-04-29,,,97.0,0.0,0.0
1956-04-30,,,234.0,0.0,0.0
1956-05-01,,,0.0,0.0,0.0
1956-05-02,,,0.0,0.0,0.0
1956-05-03,,,71.0,0.0,0.0
1956-05-04,,,0.0,0.0,0.0
1956-05-05,,,10.0,0.0,0.0
1956-05-06,,,0.0,0.0,0.0
1956-05-07,,,64.0,0.0,0.0
1956-05-08,,,0.0,0.0,0.0
1956-05-09,,,0.0,0.0,0.0
1956-05-10,,,33.0,0.0,0.0
1956-05-11,,,0.0,0.0,0.0
1956-05-12,,,8.0,0.0,0.0
1956-05-13,,,0.0,0.0,0.0
1956-05-14,,,0.0,0.0,0.0
1956-05-15,,,33.0,0.0,0.0
1956-05-16,,,10.0,0.0,0.0
1956-05-17,,,0.0,0.0,0.0
1956-05-18,,,48.0,0.0,0.0
1956-05-19,,,25.0,0.0,0.0
1956-05-20,,,10.0,0.0,0.0
1956-05-21,,,0.0,0.0,0.0
1956-05-22,,,0.0,0.0,0.0
1956-05-23,,,0.0,0.0,0.0
1956-05-24,,,30.0,0.0,0.0
1956-05-25,,,0.0,0.0,0.0
1956-05-26,,,0.0,0.0,0.0
1956-05-27,,,20.0,0.0,0.0
1956-05-28,,,38.0,0.0,0.0
1956-05-29,,,3.0,0.0,0.0
1956-05-30,,,3.0,0.0,0.0
1956-05-31,,,0.0,0.0,0.0
1956-06-01,,,234.0,0.0,0.0
1956-06-02,,,196.0,0.0,0.0
1956-06-03,,,340.0,0.0,0.0
1956-06-04,,,20.0,0.0,0.0
1956-06-05,,,0.0,0.0,0.0
1956-06-06,,,0.0,0.0,0.0
1956-06-07,,,0.0,0.0,0.0
1956-06-08,,,0.0,0.0,0.0
1956-06-09,,,0.0,0.0,0.0
1956-06-10,,,3.0,0.0,0.0
1956-06-11,,,81.0,0.0,0.0
1956-06-12,,,0.0,0.0,0.0
1956-06-13,,,0.0,0.0,0.0
1956-06-14,,,0.0,0.0,0.0
1956-06-15,,,0.0,0.0,0.0
1956-06-16,,,0.0,0.0,0.0
1956-06-17,,,13.0,0.0,0.0
1956-06-18,,,0.0,0.0,0.0
1956-06-19,,,0.0,0.0,0.0
1956-06-20,,,0.0,0.0,0.0
1956-06-21,,,0.0,0.0,0.0
1956-06-22,,,13.0,0.0,0.0
1956-06-23,,,0.0,0.0,0.0
1956-06-24,,,13.0,0.0,0.0
1956-06-25,,,0.0,0.0,0.0
1956-06-26,,,0.0,0.0,0.0
1956-06-27,,,53.0,0.0,0.0
1956-06-28,,,69.0,0.0,0.0
1956-06-29,,,13.0,0.0,0.0
1956-06-30,,,0.0,0.0,0.0
1956-07-01,,,0.0,0.0,0.0
1956-07-02,,,0.0,0.0,0.0
1956-07-03,,,0.0,0.0,0.0
1956-07-04,,,0.0,0.0,0.0
1956-07-05,,,91.0,0.0,0.0
1956-07-06,,,351.0,0.0,0.0
1956-07-07,,,36.0,0.0,0.0
1956-07-08,,,0.0,0.0,0.0
1956-07-09,,,234.0,0.0,0.0
1956-07-10,,,18.0,0.0,0.0
1956-07-11,,,0.0,0.0,0.0
1956-07-12,,,0.0,0.0,0.0
1956-07-13,,,0.0,0.0,0.0
1956-07-14,,,226.0,0.0,0.0
1956-07-15,,,300.0,0.0,0.0
1956-07-16,,,0.0,0.0,0.0
1956-07-17,,,0.0,0.0,0.0
1956-07-18,,,0.0,0.0,0.0
1956-07-19,,,0.0,0.0,0.0
1956-07-20,,,0.0,0.0,0.0
1956-07-21,,,69.0,0.0,0.0
1956-07-22,,,89.0,0.0,0.0
1956-07-23,,,0.0,0.0,0.0
1956-07-24,,,0.0,0.0,0.0
1956-07-25,,,0.0,0.0,0.0
1956-07-26,,,0.0,0.0,0.0
1956-07-27,,,46.0,0.0,0.0
1956-07-28,,,0.0,0.0,0.0
1956-07-29,,,0.0,0.0,0.0
1956-07-30,,,0.0,0.0,0.0
1956-07-31,,,0.0,0.0,0.0
1956-08-01,,,0.0,0.0,0.0
1956-08-02,,,0.0,0.0,0.0
1956-08-03,,,0.0,0.0,0.0
1956-08-04,,,0.0,0.0,0.0
1956-08-05,,,0.0,0.0,0.0
1956-08-06,,,0.0,0.0,0.0
1956-08-07,,,0.0,0.0,0.0
1956-08-08,,,0.0,0.0,0.0
1956-08-09,,,0.0,0.0,0.0
1956-08-10,,,0.0,0.0,0.0
1956-08-11,,,0.0,0.0,0.0
1956-08-12,,,0.0,0.0,0.0
1956-08-13,,,25.0,0.0,0.0
1956-08-14,,,69.0,0.0,0.0
1956-08-15,,,0.0,0.0,0.0
1956-08-16,,,0.0,0.0,0.0
1956-08-17,,,0.0,0.0,0.0
1956-08-18,,,0.0,0.0,0.0
1956-08-19,,,58.0,0.0,0.0
1956-08-20,,,0.0,0.0,0.0
1956-08-21,,,119.0,0.0,0.0
1956-08-22,,,142.0,0.0,0.0
1956-08-23,,,0.0,0.0,0.0
1956-08-24,,,0.0,0.0,0.0
1956-08-25,,,8.0,0.0,0.0
1956-08-26,,,0.0,0.0,0.0
1956-08-27,,,0.0,0.0,0.0
1956-08-28,,,0.0,0.0,0.0
1956-08-29,,,5.0,0.0,0.0
1956-08-30,,,43.0,0.0,0.0
1956-08-31,,,33.0,0.0,0.0
1956-09-01,,,33.0,0.0,0.0
1956-09-02,,,8.0,0.0,0.0
1956-09-03,,,46.0,0.0,0.0
1956-09-04,,,0.0,0.0,0.0
1956-09-05,,,0.0,0.0,0.0
1956-09-06,,,0.0,0.0,0.0
1956-09-07,,,569.0,0.0,0.0
1956-09-08,,,0.0,0.0,0.0
1956-09-09,,,0.0,0.0,0.0
1956-09-10,,,0.0,0.0,0.0
1956-09-11,,,0.0,0.0,0.0
1956-09-12,,,0.0,0.0,0.0
1956-09-13,,,0.0,0.0,0.0
1956-09-14,,,0.0,0.0,0.0
1956-09-15,,,3.0,0.0,0.0
1956-09-16,,,127.0,0.0,0.0
1956-09-17,,,,0.0,0.0
1956-09-18,,,119.0,0.0,0.0
1956-09-19,,,0.0,0.0,0.0
1956-09-20,,,61.0,0.0,0.0
1956-09-21,,,13.0,0.0,0.0
1956-09-22,,,0.0,0.0,0.0
1956-09-23,,,13.0,0.0,0.0
1956-09-24,,,302.0,0.0,0.0
1956-09-25,,,0.0,0.0,0.0
1956-09-26,,,0.0,0.0,0.0
1956-09-27,,,0.0,0.0,
1956-09-28,,,99.0,0.0,0.0
1956-09-29,,,5.0,0.0,0.0
1956-09-30,,,0.0,0.0,0.0
1956-10-01,,,5.0,0.0,0.0
1956-10-02,,,0.0,0.0,0.0
1956-10-03,,,5.0,0.0,0.0
1956-10-04,,,0.0,0.0,0.0
1956-10-05,,,102.0,0.0,0.0
1956-10-06,,,0.0,0.0,0.0
1956-10-07,,,226.0,0.0,0.0
1956-10-08,,,0.0,0.0,0.0
1956-10-09,,,0.0,0.0,0.0
1956-10-10,,,0.0,0.0,0.0
1956-10-11,,,0.0,0.0,0.0
1956-10-12,,,0.0,0.0,0.0
1956-10-13,,,0.0,0.0,0.0
1956-10-14,,,0.0,0.0,0.0
1956-10-15,,,0.0,0.0,0.0
1956-10-16,,,0.0,0.0,0.0
1956-10-17,,,0.0,0.0,0.0
1956-10-18,,,0.0,0.0,0.0
1956-10-19,,,0.0,0.0,0.0
1956-10-20,,,0.0,0.0,0.0
1956-10-21,,,0.0,0.0,0.0
1956-10-22,,,0.0,0.0,0.0
1956-10-23,,,86.0,0.0,0.0
1956-10-24,,,76.0,0.0,0.0
1956-10-25,,,0.0,0.0,0.0
1956-10-26,,,0.0,0.0,0.0
1956-10-27,,,0.0,0.0,0.0
1956-10-28,,,0.0,0.0,0.0
1956-10-29,,,0.0,0.0,0.0
1956-10-30,,,0.0,0.0,0.0
1956-10-31,,,0.0,0.0,0.0
1956-11-01,,,475.0,0.0,0.0
1956-11-02,,,48.0,0.0,0.0
1956-11-03,,,102.0,0.0,0.0
1956-11-04,,,0.0,0.0,0.0
1956-11-05,,,0.0,0.0,0.0
1956-11-06,,,0.0,0.0,0.0
1956-11-07,,,0.0,0.0,0.0
1956-11-08,,,0.0,0.0,0.0
1956-11-09,,,41.0,0.0,0.0
1956-11-10,,,0.0,0.0,0.0
1956-11-11,,,0.0,0.0,0.0
1956-11-12,,,0.0,0.0,0.0
1956-11-13,,,56.0,0.0,0.0
1956-11-14,,,0.0,0.0,0.0
1956-11-15,,,0.0,0.0,0.0
1956-11-16,,,0.0,0.0,0.0
1956-11-17,,,18.0,0.0,0.0
1956-11-18,,,236.0,51.0,51.0
1956-11-19,,,0.0,25.0,0.0
1956-11-20,,,0.0,0.0,0.0
1956-11-21,,,8.0,0.0,0.0
1956-11-22,,,193.0,0.0,0.0
1956-11-23,,,0.0,0.0,0.0
1956-11-24,,,0.0,0.0,0.0
1956-11-25,,,0.0,0.0,0.0
1956-11-26,,,30.0,0.0,0.0
1956-11-27,,,0.0,0.0,0.0
1956-11-28,,,0.0,0.0,0.0
1956-11-29,,,0.0,0.0,0.0
1956-11-30,,,0.0,0.0,0.0
1956-12-01,,,0.0,0.0,0.0
1956-12-02,,,0.0,0.0,0.0
1956-12-03,,,20.0,25.0,25.0
1956-12-04,,,0.0,0.0,0.0
1956-12-05,,,0.0,0.0,0.0
1956-12-06,,,0.0,0.0,0.0
1956-12-07,,,0.0,0.0,0.0
1956-12-08,,,5.0,0.0,0.0
1956-12-09,,,150.0,0.0,0.0
1956-12-10,,,135.0,76.0,64.0
1956-12-11,,,0.0,51.0,0.0
1956-12-12,,,81.0,,0.0
1956-12-13,,,28.0,,0.0
1956-12-14,,,5.0,0.0,0.0
1956-12-15,,,356.0,51.0,38.0
1956-12-16,,,81.0,51.0,0.0
1956-12-17,,,0.0,25.0,0.0
1956-12-18,,,0.0,0.0,0.0
1956-12-19,,,0.0,0.0,0.0
1956-12-20,,,0.0,0.0,0.0
1956-12-21,,,28.0,0.0,0.0
1956-12-22,,,5.0,0.0,0.0
1956-12-23,,,119.0,0.0,0.0
1956-12-24,,,13.0,0.0,0.0
1956-12-25,,,76.0,0.0,0.0
1956-12-26,,,0.0,0.0,0.0
1956-12-27,,,0.0,0.0,0.0
1956-12-28,,,18.0,51.0,38.0
1956-12-29,,,0.0,25.0,0.0
1956-12-30,,,20.0,51.0,38.0
1956-12-31,,,8.0,76.0,13.0
1957-01-01,,,0.0,51.0,0.0
1957-01-02,,,0.0,51.0,0.0
1957-01-03,,,0.0,51.0,0.0
1957-01-04,,,0.0,51.0,0.0
1957-01-05,,,0.0,51.0,0.0
1957-01-06,,,0.0,51.0,0.0
1957-01-07,,,51.0,127.0,76.0
1957-01-08,,,0.0,127.0,0.0
1957-01-09,,,0.0,102.0,0.0
1957-01-10,,,33.0,127.0,38.0
1957-01-11,,,102.0,203.0,102.0
1957-01-12,,,0.0,203.0,0.0
1957-01-13,,,13.0,203.0,25.0
1957-01-14,,,0.0,178.0,0.0
1957-01-15,,,0.0,178.0,0.0
1957-01-16,,,20.0,203.0,51.0
1957-01-17,,,20.0,229.0,51.0
1957-01-18,,,0.0,229.0,0.0
1957-01-19,,,0.0,229.0,0.0
1957-01-20,,,0.0,229.0,0.0
1957-01-30,,,25.0,152.0,0.0
1957-01-31,,,0.0,127.0,0.0
1957-02-01,,,20.0,127.0,25.0
1957-02-02,,,53.0,,64.0
1957-02-03,,,0.0,152.0,0.0
1957-02-04,,,3.0,127.0,0.0
1957-02-05,,,0.0,102.0,0.0
1957-02-06,,,0.0,76.0,0.0
1957-02-07,,,0.0,76.0,0.0
1957-02-08,,,0.0,76.0,0.0
1957-02-09,,,0.0,76.0,0.0
1957-02-10,,,157.0,51.0,0.0
1957-02-11,,,0.0,,0.0
1957-02-12,,,0.0,25.0,0.0
1957-02-13,,,0.0,25.0,
1957-02-14,,,5.0,25.0,0.0
1957-02-15,,,0.0,25.0,0.0
1957-02-16,,,0.0,25.0,0.0
1957-02-17,,,18.0,51.0,25.0
1957-02-18,,,0.0,51.0,0.0
1957-02-19,,,0.0,51.0,0.0
1957-02-20,,,0.0,51.0,0.0
1957-02-21,,,0.0,51.0,0.0
1957-02-22,,,0.0,51.0,0.0
1957-02-23,,,0.0,25.0,0.0
1957-02-24,,,0.0,0.0,0.0
1957-02-25,,,0.0,0.0,0.0
1957-02-26,,,0.0,0.0,0.0
1957-02-27,,,178.0,0.0,0.0
1957-02-28,,,0.0,0.0,0.0
1957-03-01,,,30.0,25.0,25.0
1957-03-02,,,71.0,51.0,25.0
1957-03-03,,,0.0,51.0,0.0
1957-03-04,,,0.0,51.0,0.0
1957-03-05,,,0.0,51.0,0.0
1957-03-06,,,0.0,25.0,0.0
1957-03-07,,,0.0,0.0,0.0
1957-03-08,,,0.0,0.0,0.0
1957-03-09,,,104.0,25.0,25.0
1957-03-10,,,23.0,51.0,38.0
1957-03-11,,,0.0,51.0,0.0
1957-03-12,,,0.0,51.0,0.0
1957-03-13,,,0.0,0.0,0.0
1957-03-14,,,0.0,0.0,0.0
1957-03-15,,,0.0,0.0,0.0
1957-03-16,,,127.0,0.0,0.0
1957-03-17,,,0.0,0.0,0.0
1957-03-18,,,0.0,0.0,0.0
1957-03-19,,,0.0,0.0,0.0
1957-03-20,,,5.0,0.0,0.0
1957-03-21,,,74.0,51.0,51.0
1957-03-22,,,0.0,0.0,0.0
1957-03-23,,,0.0,0.0,0.0
1957-03-24,,,0.0,0.0,0.0
1957-03-25,,,0.0,0.0,0.0
1957-03-26,,,0.0,0.0,0.0
1957-03-27,,,0.0,0.0,0.0
1957-03-28,,,0.0,0.0,0.0
1957-03-29,,,0.0,0.0,0.0
1957-03-30,,,0.0,0.0,0.0
1957-03-31,,,0.0,0.0,0.0
1957-04-01,,,0.0,0.0,0.0
1957-04-02,,,168.0,0.0,0.0
1957-04-03,,,69.0,0.0,0.0
1957-04-04,,,0.0,0.0,0.0
1957-04-05,,,246.0,102.0,102.0
1957-04-06,,,312.0,51.0,0.0
1957-04-07,,,0.0,25.0,0.0
1957-04-08,,,0.0,0.0,0.0
1957-04-09,,,254.0,76.0,102.0
1957-04-10,,,8.0,51.0,0.0
1957-04-11,,,0.0,25.0,0.0
1957-04-12,,,0.0,25.0,0.0
1957-04-13,,,28.0,25.0,25.0
1957-04-14,,,0.0,0.0,0.0
1957-04-15,,,0.0,0.0,0.0
1957-04-16,,,0.0,0.0,0.0
1957-04-17,,,0.0,0.0,0.0
1957-04-18,,,0.0,0.0,0.0
1957-04-19,,,41.0,0.0,0.0
1957-04-20,,,0.0,0.0,0.0
1957-04-21,,,0.0,0.0,0.0
1957-04-22,,,0.0,0.0,0.0
1957-04-23,,,0.0,0.0,0.0
1957-04-24,,,0.0,0.0,0.0
1957-04-25,,,0.0,0.0,0.0
1957-04-26,,,56.0,0.0,0.0
1957-04-27,,,0.0,0.0,0.0
1957-04-28,,,3.0,0.0,0.0
1957-04-29,,,0.0,0.0,0.0
1957-04-30,,,0.0,0.0,0.0
1957-05-01,,,0.0,0.0,0.0
1957-05-02,,,0.0,0.0,0.0
1957-05-03,,,0.0,0.0,0.0
1957-05-04,,,0.0,,0.0
1957-05-05,,,0.0,0.0,0.0
1957-05-06,,,0.0,0.0,0.0
1957-05-07,,,0.0,0.0,0.0
1957-05-08,,,0.0,0.0,0.0
1957-05-09,,,0.0,0.0,0.0
1957-05-10,,,0.0,0.0,0.0
1957-05-11,,,41.0,0.0,0.0
1957-05-12,,,56.0,0.0,0.0
1957-05-13,,,25.0,0.0,0.0
1957-05-14,,,0.0,0.0,0.0
1957-05-15,,,104.0,0.0,0.0
1957-05-16,,,0.0,0.0,0.0
1957-05-17,,,,0.0,0.0
1957-05-18,,,18.0,0.0,0.0
1957-05-19,,,0.0,0.0,0.0
1957-05-20,,,127.0,0.0,0.0
1957-05-30,,,0.0,0.0,0.0
1957-05-31,,,0.0,0.0,0.0
1957-06-01,,,0.0,0.0,0.0
1957-06-02,,,0.0,0.0,0.0
1957-06-03,,,84.0,0.0,0.0
1957-06-04,,,0.0,0.0,0.0
1957-06-05,,,0.0,0.0,0.0
1957-06-06,,,0.0,0.0,0.0
1957-06-07,,,25.0,0.0,0.0
1957-06-08,,,0.0,0.0,0.0
1957-06-09,,,0.0,0.0,0.0
1957-06-10,,,0.0,0.0,0.0
1957-06-11,,,0.0,0.0,0.0
1957-06-12,,,0.0,0.0,0.0
1957-06-13,,,0.0,0.0,0.0
1957-06-14,,,0.0,0.0,0.0
1957-06-15,,,0.0,0.0,0.0
1957-06-16,,,0.0,0.0,0.0
1957-06-17,,,0.0,0.0,0.0
1957-06-18,,,0.0,0.0,0.0
1957-06-19,,,0.0,0.0,0.0
1957-06-20,,,13.0,0.0,0.0
1957-06-21,,,0.0,0.0,0.0
1957-06-22,,,0.0,0.0,0.0
1957-06-23,,,0.0,0.0,0.0
1957-06-24,,,0.0,0.0,0.0
1957-06-25,,,13.0,0.0,0.0
1957-06-26,,,130.0,0.0,0.0
1957-06-27,,,152.0,0.0,0.0
1957-06-28,,,8.0,0.0,0.0
1957-06-29,,,97.0,0.0,0.0
1957-06-30,,,13.0,0.0,0.0
1957-07-01,,,0.0,0.0,0.0
1957-07-02,,,0.0,0.0,0.0
1957-07-03,,,0.0,0.0,0.0
1957-07-04,,,18.0,0.0,0.0
1957-07-05,,,71.0,0.0,0.0
1957-07-06,,,38.0,0.0,0.0
1957-07-07,,,0.0,0.0,0.0
1957-07-08,,,0.0,0.0,0.0
1957-07-09,,,20.0,0.0,0.0
1957-07-10,,,0.0,0.0,0.0
1957-07-11,,,0.0,0.0,0.0
1957-07-12,,,0.0,0.0,0.0
1957-07-13,,,0.0,0.0,0.0
1957-07-14,,,135.0,0.0,0.0
1957-07-15,,,0.0,0.0,0.0
1957-07-16,,,0.0,0.0,0.0
1957-07-17,,,0.0,0.0,0.0
1957-07-18,,,0.0,0.0,0.0
1957-07-19,,,0.0,0.0,0.0
1957-07-20,,,0.0,0.0,0.0
1957-07-21,,,0.0,0.0,0.0
1957-07-22,,,0.0,0.0,0.0
1957-07-23,,,89.0,0.0,0.0
1957-07-24,,,0.0,0.0,0.0
1957-07-25,,,5.0,0.0,0.0
1957-07-26,,,0.0,0.0,0.0
1957-07-27,,,0.0,0.0,0.0
1957-07-28,,,0.0,0.0,0.0
1957-07-29,,,102.0,0.0,0.0
1957-07-30,,,305.0,0.0,0.0
1957-07-31,,,10.0,0.0,0.0
1957-08-01,,,0.0,0.0,0.0
1957-08-02,,,0.0,0.0,0.0
1957-08-03,,,0.0,0.0,0.0
1957-08-04,,,46.0,0.0,0.0
1957-08-05,,,46.0,0.0,0.0
1957-08-06,,,0.0,0.0,0.0
1957-08-07,,,0.0,0.0,0.0
1957-08-08,,,0.0,0.0,0.0
1957-08-09,,,0.0,0.0,0.0
1957-08-10,,,3.0,0.0,0.0
1957-08-11,,,36.0,0.0,0.0
1957-08-12,,,15.0,0.0,0.0
1957-08-13,,,15.0,0.0,0.0
1957-08-14,,,0.0,0.0,0.0
1957-08-15,,,0.0,0.0,0.0
1957-08-16,,,3.0,0.0,0.0
1957-08-17,,,0.0,0.0,0.0
1957-08-18,,,0.0,0.0,0.0
1957-08-19,,,0.0,0.0,0.0
1957-08-20,,,0.0,0.0,0.0
1957-08-21,,,0.0,0.0,0.0
1957-08-22,,,69.0,0.0,0.0
1957-08-23,,,0.0,0.0,0.0
1957-08-24,,,0.0,0.0,0.0
1957-08-25,,,0.0,0.0,0.0
1957-08-26,,,442.0,0.0,0.0
1957-08-27,,,5.0,0.0,0.0
1957-08-28,,,0.0,0.0,0.0
1957-08-29,,,0.0,0.0,0.0
1957-08-30,,,46.0,0.0,0.0
1957-08-31,,,5.0,0.0,0.0
1957-09-01,,,0.0,0.0,0.0
1957-09-02,,,0.0,0.0,0.0
1957-09-03,,,30.0,0.0,0.0
1957-09-04,,,69.0,0.0,0.0
1957-09-05,,,0.0,0.0,0.0
1957-09-06,,,0.0,0.0,0.0
1957-09-07,,,0.0,0.0,0.0
1957-09-08,,,0.0,0.0,0.0
1957-09-09,,,0.0,0.0,0.0
1957-09-10,,,0.0,0.0,0.0
1957-09-11,,,48.0,0.0,0.0
1957-09-12,,,0.0,0.0,0.0
1957-09-13,,,0.0,0.0,0.0
1957-09-14,,,79.0,0.0,0.0
1957-09-15,,,3.0,0.0,0.0
1957-09-16,,,0.0,0.0,0.0
1957-09-17,,,521.0,0.0,0.0
1957-09-18,,,0.0,0.0,0.0
1957-09-19,,,0.0,0.0,0.0
1957-09-20,,,0.0,,0.0
1957-09-21,,,25.0,0.0,0.0
1957-09-22,,,20.0,0.0,0.0
1957-09-23,,,71.0,0.0,0.0
1957-09-24,,,0.0,0.0,0.0
1957-09-25,,,0.0,0.0,0.0
1957-09-26,,,0.0,0.0,0.0
1957-09-27,,,0.0,0.0,0.0
1957-09-28,,,0.0,0.0,0.0
1957-09-29,,,0.0,0.0,0.0
1957-09-30,,,0.0,0.0,0.0
1957-10-01,,,0.0,0.0,0.0
1957-10-02,,,0.0,0.0,0.0
1957-10-03,,,0.0,0.0,0.0
1957-10-04,,,0.0,0.0,0.0
1957-10-05,,,0.0,0.0,0.0
1957-10-06,,,0.0,0.0,0.0
1957-10-07,,,41.0,0.0,0.0
1957-10-08,,,140.0,0.0,0.0
1957-10-17,,,0.0,0.0,0.0
1957-10-18,,,0.0,0.0,0.0
1957-10-19,,,348.0,0.0,0.0
1957-10-20,,,0.0,0.0,0.0
1957-10-21,,,0.0,0.0,0.0
1957-10-22,,,0.0,0.0,0.0
1957-10-23,,,0.0,0.0,0.0
1957-10-24,,,0.0,0.0,0.0
1957-10-25,,,218.0,0.0,0.0
1957-10-26,,,0.0,0.0,0.0
1957-10-27,,,0.0,0.0,0.0
1957-10-28,,,10.0,0.0,0.0
1957-10-29,,,0.0,0.0,0.0
1957-10-30,,,0.0,0.0,0.0
1957-10-31,,,0.0,0.0,0.0
1957-11-01,,,0.0,0.0,0.0
1957-11-02,,,94.0,0.0,0.0
1957-11-03,,,51.0,0.0,0.0
1957-11-04,,,0.0,0.0,0.0
1957-11-05,,,0.0,0.0,0.0
1957-11-06,,,0.0,0.0,0.0
1957-11-07,,,0.0,0.0,0.0
1957-11-08,,,0.0,0.0,0.0
1957-11-09,,,183.0,0.0,0.0
1957-11-10,,,0.0,0.0,0.0
1957-11-11,,,0.0,0.0,0.0
1957-11-12,,,0.0,0.0,0.0
1957-11-13,,,0.0,0.0,0.0
1957-11-14,,,0.0,0.0,0.0
1957-11-15,,,274.0,0.0,0.0
1957-11-16,,,0.0,0.0,0.0
1957-11-17,,,0.0,0.0,0.0
1957-11-18,,,0.0,0.0,0.0
1957-11-19,,,79.0,0.0,0.0
1957-11-20,,,97.0,0.0,0.0
1957-11-21,,,0.0,0.0,0.0
1957-11-22,,,0.0,0.0,0.0
1957-11-23,,,0.0,0.0,0.0
1957-11-24,,,0.0,0.0,0.0
1957-11-25,,,0.0,0.0,0.0
1957-11-26,,,0.0,0.0,0.0
1957-11-27,,,0.0,0.0,0.0
1957-11-28,,,0.0,0.0,0.0
1957-11-29,,,46.0,0.0,0.0
1957-11-30,,,20.0,0.0,0.0
1957-12-01,,,226.0,0.0,0.0
1957-12-02,,,0.0,0.0,0.0
1957-12-03,,,0.0,0.0,0.0
1957-12-04,,,20.0,25.0,25.0
1957-12-05,,,0.0,25.0,0.0
1957-12-06,,,0.0,0.0,0.0
1957-12-07,,,5.0,0.0,0.0
1957-12-08,,,51.0,0.0,0.0
1957-12-09,,,79.0,0.0,0.0
1957-12-10,,,124.0,0.0,0.0
1957-12-11,,,132.0,0.0,0.0
1957-12-12,,,76.0,102.0,94.0
1957-12-13,,,0.0,102.0,0.0
1957-12-14,,,5.0,102.0,13.0
1957-12-15,,,0.0,102.0,0.0
1957-12-16,,,8.0,76.0,0.0
1957-12-17,,,0.0,76.0,0.0
1957-12-18,,,0.0,76.0,0.0
1957-12-19,,,0.0,76.0,0.0
1957-12-20,,,363.0,0.0,0.0
1957-12-21,,,833.0,0.0,0.0
1957-12-22,,,0.0,0.0,0.0
1957-12-23,,,0.0,0.0,0.0
1957-12-24,,,0.0,0.0,0.0
1957-12-25,,,0.0,0.0,0.0
1957-12-26,,,0.0,0.0,0.0
1957-12-27,,,554.0,0.0,0.0
1957-12-28,,,0.0,0.0,0.0
1957-12-29,,,41.0,0.0,0.0
1957-12-30,,,0.0,0.0,0.0
1957-12-31,,,0.0,0.0,0.0
1958-01-01,,,91.0,0.0,0.0
1958-01-02,,,3.0,0.0,0.0
1958-01-03,,,0.0,0.0,0.0
1958-01-04,,,0.0,0.0,0.0
1958-01-05,,,0.0,0.0,0.0
1958-01-06,,,0.0,0.0,0.0
1958-01-07,,,0.0,0.0,0.0
1958-01-08,,,163.0,178.0,165.0
1958-01-09,,,0.0,152.0,0.0
1958-01-10,,,0.0,152.0,0.0
1958-01-11,,,0.0,127.0,0.0
1958-01-12,,,0.0,127.0,0.0
1958-01-13,,,0.0,127.0,0.0
1958-01-14,,,0.0,127.0,0.0
1958-01-15,,,259.0,152.0,51.0
1958-01-16,,,91.0,229.0,64.0
1958-01-17,,,38.0,254.0,25.0
1958-01-18,,,3.0,229.0,0.0
1958-01-19,,,5.0,229.0,0.0
1958-01-20,,,0.0,229.0,0.0
1958-01-21,,,0.0,229.0,0.0
1958-01-22,,,325.0,229.0,0.0
1958-01-23,,,56.0,178.0,25.0
1958-01-24,,,0.0,152.0,0.0
1958-01-25,,,0.0,152.0,0.0
1958-01-26,,,236.0,203.0,102.0
1958-01-27,,,66.0,178.0,0.0
1958-01-28,,,89.0,203.0,25.0
1958-01-29,,,30.0,203.0,51.0
1958-01-30,,,0.0,203.0,0.0
1958-01-31,,,0.0,203.0,13.0
1958-02-01,,,0.0,203.0,0.0
1958-02-02,,,0.0,203.0,0.0
1958-02-03,,,0.0,178.0,0.0
1958-02-04,,,0.0,178.0,0.0
1958-02-05,,,10.0,229.0,38.0
1958-02-06,,,0.0,229.0,0.0
1958-02-07,,,0.0,203.0,0.0
1958-02-08,,,185.0,254.0,102.0
1958-02-09,,,0.0,254.0,0.0
1958-02-10,,,0.0,229.0,0.0
1958-02-11,,,0.0,229.0,0.0
1958-02-12,,,0.0,229.0,0.0
1958-02-13,,,3.0,229.0,13.0
1958-02-14,,,0.0,229.0,0.0
1958-02-15,,,0.0,229.0,0.0
1958-02-16,,,193.0,406.0,203.0
1958-02-17,,,89.0,483.0,102.0
1958-02-18,,,3.0,457.0,0.0
1958-02-19,,,10.0,457.0,13.0
1958-02-20,,,0.0,457.0,0.0
1958-02-21,,,0.0,457.0,0.0
1958-02-22,,,0.0,432.0,0.0
1958-02-23,,,0.0,432.0,0.0
1958-02-24,,,0.0,381.0,0.0
1958-02-25,,,0.0,330.0,0.0
1958-02-26,,,0.0,305.0,0.0
1958-02-27,,,0.0,305.0,0.0
1958-02-28,,,224.0,305.0,0.0
1958-03-01,,,33.0,305.0,13.0
1958-03-02,,,0.0,305.0,0.0
1958-03-03,,,0.0,305.0,0.0
1958-03-04,,,152.0,381.0,102.0
1958-03-05,,,0.0,356.0,0.0
1958-03-06,,,0.0,305.0,0.0
1958-03-07,,,0.0,305.0,0.0
1958-03-08,,,0.0,305.0,0.0
1958-03-09,,,0.0,305.0,0.0
1958-03-10,,,0.0,305.0,0.0
1958-03-11,,,0.0,279.0,0.0
1958-03-12,,,0.0,279.0,0.0
1958-03-13,,,0.0,203.0,0.0
1958-03-14,,,97.0,305.0,102.0
1958-03-15,,,246.0,559.0,254.0
1958-03-16,,,0.0,483.0,0.0
1958-03-17,,,15.0,457.0,25.0
1958-03-18,,,0.0,457.0,0.0
1958-03-19,,,0.0,457.0,0.0
1958-03-20,,,28.0,533.0,76.0
1958-03-21,,,157.0,660.0,152.0
1958-03-22,,,124.0,686.0,152.0
1958-03-23,,,0.0,635.0,0.0
1958-03-24,,,0.0,533.0,0.0
1958-03-25,,,0.0,457.0,0.0
1958-03-26,,,13.0,432.0,0.0
1958-03-27,,,43.0,432.0,13.0
1958-03-28,,,0.0,406.0,0.0
1958-03-29,,,0.0,381.0,0.0
1958-03-30,,,0.0,330.0,0.0
1958-03-31,,,3.0,305.0,0.0
1958-04-01,,,91.0,330.0,38.0
1958-04-02,,,0.0,356.0,0.0
1958-04-03,,,0.0,279.0,0.0
1958-04-04,,,0.0,254.0,0.0
1958-04-05,,,0.0,229.0,0.0
1958-04-06,,,0.0,203.0,0.0
1958-04-07,,,417.0,178.0,0.0
1958-04-08,,,53.0,152.0,0.0
1958-04-09,,,0.0,127.0,0.0
1958-04-10,,,0.0,102.0,0.0
1958-04-11,,,69.0,152.0,76.0
1958-04-12,,,198.0,229.0,76.0
1958-04-13,,,8.0,127.0,0.0
1958-04-14,,,0.0,76.0,0.0
1958-04-15,,,0.0,51.0,0.0
1958-04-16,,,0.0,25.0,0.0
1958-04-17,,,0.0,25.0,0.0
1958-04-18,,,0.0,0.0,0.0
1958-04-19,,,0.0,0.0,0.0
1958-04-20,,,5.0,0.0,0.0
1958-04-21,,,3.0,0.0,0.0
1958-04-22,,,28.0,0.0,0.0
1958-04-23,,,145.0,0.0,0.0
1958-04-24,,,41.0,0.0,0.0
1958-04-25,,,0.0,0.0,0.0
1958-04-26,,,0.0,0.0,0.0
1958-04-27,,,0.0,0.0,0.0
1958-04-28,,,99.0,0.0,0.0
1958-04-29,,,224.0,0.0,0.0
1958-04-30,,,234.0,0.0,0.0
1958-05-01,,,0.0,0.0,0.0
1958-05-02,,,0.0,0.0,0.0
1958-05-03,,,0.0,0.0,0.0
1958-05-04,,,107.0,0.0,0.0
1958-05-05,,,23.0,0.0,0.0
1958-05-06,,,28.0,0.0,0.0
1958-05-07,,,137.0,0.0,0.0
1958-05-08,,,91.0,0.0,0.0
1958-05-09,,,33.0,0.0,0.0
1958-05-10,,,0.0,0.0,0.0
1958-05-11,,,0.0,0.0,0.0
1958-05-12,,,28.0,0.0,0.0
1958-05-13,,,0.0,0.0,0.0
1958-05-14,,,0.0,0.0,0.0
1958-05-15,,,30.0,0.0,0.0
1958-05-16,,,43.0,0.0,0.0
1958-05-17,,,0.0,0.0,0.0
1958-05-18,,,0.0,0.0,0.0
1958-05-19,,,5.0,0.0,0.0
1958-05-20,,,30.0,0.0,0.0
1958-05-21,,,28.0,0.0,0.0
1958-05-22,,,0.0,0.0,0.0
1958-05-23,,,25.0,0.0,0.0
1958-05-24,,,0.0,0.0,0.0
1958-05-25,,,0.0,0.0,0.0
1958-05-26,,,226.0,0.0,0.0
1958-05-27,,,0.0,0.0,0.0
1958-05-28,,,0.0,0.0,0.0
1958-05-29,,,41.0,0.0,0.0
1958-05-30,,,0.0,0.0,0.0
1958-05-31,,,0.0,0.0,0.0
1958-06-01,,,0.0,0.0,0.0
1958-06-02,,,0.0,0.0,0.0
1958-06-03,,,41.0,0.0,0.0
1958-06-04,,,0.0,0.0,0.0
1958-06-05,,,0.0,0.0,0.0
1958-06-06,,,38.0,0.0,0.0
1958-06-07,,,0.0,0.0,0.0
1958-06-08,,,0.0,0.0,0.0
1958-06-09,,,3.0,0.0,0.0
1958-06-10,,,38.0,0.0,0.0
1958-06-11,,,66.0,0.0,0.0
1958-06-12,,,69.0,0.0,0.0
1958-06-13,,,0.0,0.0,0.0
1958-06-14,,,10.0,0.0,0.0
1958-06-15,,,0.0,0.0,0.0
1958-06-16,,,0.0,0.0,0.0
1958-06-17,,,0.0,0.0,0.0
1958-06-18,,,0.0,0.0,0.0
1958-06-19,,,94.0,0.0,0.0
1958-06-20,,,0.0,0.0,0.0
1958-06-21,,,0.0,0.0,0.0
1958-06-22,,,28.0,0.0,0.0
1958-06-23,,,0.0,0.0,0.0
1958-06-24,,,0.0,0.0,0.0
1958-06-25,,,0.0,0.0,0.0
1958-06-26,,,0.0,0.0,0.0
1958-06-27,,,229.0,0.0,0.0
1958-06-28,,,0.0,0.0,0.0
1958-06-29,,,0.0,0.0,0.0
1958-06-30,,,0.0,0.0,0.0
1958-07-01,,,0.0,0.0,0.0
1958-07-02,,,0.0,0.0,0.0
1958-07-03,,,0.0,0.0,0.0
1958-07-04,,,0.0,0.0,0.0
1958-07-05,,,203.0,0.0,0.0
1958-07-06,,,165.0,0.0,0.0
1958-07-07,,,0.0,0.0,0.0
1958-07-08,,,84.0,0.0,0.0
1958-07-09,,,89.0,0.0,0.0
1958-07-10,,,0.0,0.0,0.0
1958-07-11,,,0.0,0.0,0.0
1958-07-12,,,51.0,0.0,0.0
1958-07-13,,,41.0,0.0,0.0
1958-07-14,,,0.0,0.0,0.0
1958-07-15,,,13.0,0.0,0.0
1958-07-16,,,23.0,0.0,0.0
1958-07-17,,,30.0,0.0,0.0
1958-07-18,,,0.0,0.0,0.0
1958-07-19,,,28.0,0.0,0.0
1958-07-20,,,0.0,0.0,0.0
1958-07-21,,,0.0,0.0,0.0
1958-07-22,,,0.0,0.0,0.0
1958-07-23,,,43.0,0.0,0.0
1958-07-24,,,61.0,0.0,0.0
1958-07-25,,,0.0,0.0,0.0
1958-07-26,,,0.0,0.0,0.0
1958-07-27,,,333.0,0.0,0.0
1958-07-28,,,8.0,0.0,0.0
1958-07-29,,,20.0,0.0,0.0
1958-07-30,,,0.0,0.0,0.0
1958-07-31,,,10.0,0.0,0.0
1958-08-01,,,56.0,0.0,0.0
1958-08-02,,,0.0,0.0,0.0
1958-08-03,,,0.0,0.0,0.0
1958-08-04,,,0.0,0.0,0.0
1958-08-05,,,0.0,0.0,0.0
1958-08-06,,,0.0,0.0,0.0
1958-08-07,,,0.0,0.0,0.0
1958-08-08,,,8.0,0.0,0.0
1958-08-09,,,0.0,0.0,0.0
1958-08-10,,,0.0,0.0,0.0
1958-08-11,,,8.0,0.0,0.0
1958-08-12,,,0.0,0.0,0.0
1958-08-13,,,64.0,0.0,0.0
1958-08-14,,,0.0,0.0,0.0
1958-08-15,,,13.0,0.0,0.0
1958-08-16,,,84.0,0.0,0.0
1958-08-17,,,0.0,0.0,0.0
1958-08-18,,,0.0,0.0,0.0
1958-08-19,,,0.0,0.0,0.0
1958-08-20,,,0.0,0.0,0.0
1958-08-21,,,0.0,0.0,0.0
1958-08-22,,,246.0,0.0,0.0
1958-08-23,,,0.0,0.0,0.0
1958-08-24,,,0.0,0.0,0.0
1958-08-25,,,180.0,0.0,0.0
1958-08-26,,,79.0,0.0,0.0
1958-08-27,,,0.0,0.0,0.0
1958-08-28,,,0.0,0.0,0.0
1958-08-29,,,0.0,0.0,0.0
1958-08-30,,,0.0,0.0,0.0
1958-08-31,,,0.0,0.0,0.0
1958-09-01,,,0.0,0.0,0.0
1958-09-02,,,0.0,0.0,0.0
1958-09-03,,,0.0,0.0,0.0
1958-09-04,,,0.0,0.0,0.0
1958-09-05,,,0.0,0.0,0.0
1958-09-06,,,0.0,0.0,0.0
1958-09-07,,,0.0,0.0,0.0
1958-09-08,,,81.0,0.0,0.0
1958-09-09,,,8.0,0.0,0.0
1958-09-10,,,79.0,0.0,0.0
1958-09-11,,,3.0,0.0,0.0
1958-09-12,,,0.0,0.0,0.0
1958-09-13,,,0.0,0.0,0.0
1958-09-14,,,0.0,0.0,0.0
1958-09-15,,,0.0,0.0,0.0
1958-09-16,,,0.0,0.0,0.0
1958-09-17,,,366.0,0.0,0.0
1958-09-18,,,467.0,0.0,0.0
1958-09-19,,,81.0,0.0,0.0
1958-09-20,,,5.0,0.0,0.0
1958-09-21,,,8.0,0.0,0.0
1958-09-22,,,226.0,0.0,0.0
1958-09-23,,,0.0,0.0,0.0
1958-09-24,,,0.0,0.0,0.0
1958-09-25,,,0.0,0.0,0.0
1958-09-26,,,0.0,0.0,0.0
1958-09-27,,,53.0,0.0,0.0
1958-09-28,,,406.0,0.0,0.0
1958-09-29,,,0.0,0.0,0.0
1958-09-30,,,0.0,0.0,0.0
1958-10-01,,,221.0,0.0,0.0
1958-10-02,,,163.0,0.0,0.0
1958-10-03,,,0.0,0.0,0.0
1958-10-04,,,0.0,0.0,0.0
1958-10-05,,,0.0,0.0,0.0
1958-10-06,,,0.0,0.0,0.0
1958-10-07,,,0.0,0.0,0.0
1958-10-08,,,0.0,0.0,0.0
1958-10-09,,,0.0,0.0,0.0
1958-10-10,,,0.0,0.0,0.0
1958-10-11,,,36.0,0.0,0.0
1958-10-12,,,0.0,0.0,0.0
1958-10-13,,,0.0,0.0,0.0
1958-10-14,,,25.0,0.0,0.0
1958-10-15,,,0.0,0.0,0.0
1958-10-16,,,0.0,0.0,0.0
1958-10-17,,,0.0,0.0,0.0
1958-10-18,,,0.0,0.0,0.0
1958-10-19,,,0.0,0.0,0.0
1958-10-20,,,0.0,0.0,0.0
1958-10-21,,,0.0,0.0,0.0
1958-10-22,,,0.0,0.0,0.0
1958-10-23,,,99.0,0.0,0.0
1958-10-24,,,213.0,0.0,0.0
1958-10-25,,,56.0,25.0,25.0
1958-10-26,,,439.0,0.0,0.0
1958-10-27,,,97.0,0.0,0.0
1958-10-28,,,20.0,0.0,0.0
1958-10-29,,,30.0,0.0,0.0
1958-10-30,,,0.0,0.0,0.0
1958-10-31,,,0.0,0.0,0.0
1958-11-01,,,0.0,0.0,0.0
1958-11-02,,,0.0,0.0,0.0
1958-11-03,,,185.0,51.0,51.0
1958-11-04,,,124.0,76.0,76.0
1958-11-05,,,0.0,0.0,0.0
1958-11-06,,,0.0,0.0,0.0
1958-11-07,,,0.0,0.0,0.0
1958-11-08,,,0.0,0.0,0.0
1958-11-09,,,23.0,0.0,0.0
1958-11-10,,,18.0,0.0,0.0
1958-11-11,,,0.0,0.0,0.0
1958-11-12,,,0.0,0.0,0.0
1958-11-13,,,0.0,0.0,0.0
1958-11-14,,,0.0,0.0,0.0
1958-11-15,,,5.0,0.0,0.0
1958-11-16,,,33.0,0.0,0.0
1958-11-17,,,0.0,0.0,0.0
1958-11-18,,,25.0,0.0,0.0
1958-11-19,,,0.0,0.0,0.0
1958-11-20,,,3.0,0.0,0.0
1958-11-21,,,5.0,0.0,0.0
1958-11-22,,,0.0,0.0,0.0
1958-11-23,,,0.0,0.0,0.0
1958-11-24,,,0.0,0.0,0.0
1958-11-25,,,8.0,0.0,0.0
1958-11-26,,,0.0,0.0,0.0
1958-11-27,,,84.0,0.0,0.0
1958-11-28,,,0.0,0.0,25.0
1958-11-29,,,424.0,0.0,0.0
1958-11-30,,,0.0,0.0,0.0
1958-12-01,,,0.0,0.0,0.0
1958-12-02,,,0.0,0.0,0.0
1958-12-03,,,0.0,0.0,0.0
1958-12-04,,,76.0,76.0,76.0
1958-12-05,,,5.0,51.0,0.0
1958-12-06,,,107.0,0.0,0.0
1958-12-07,,,10.0,25.0,25.0
1958-12-08,,,0.0,25.0,0.0
1958-12-09,,,30.0,76.0,51.0
1958-12-10,,,0.0,51.0,0.0
1958-12-11,,,0.0,51.0,0.0
1958-12-12,,,0.0,51.0,0.0
1958-12-13,,,0.0,51.0,0.0
1958-12-14,,,0.0,51.0,0.0
1958-12-15,,,25.0,76.0,38.0
1958-12-16,,,0.0,76.0,0.0
1958-12-17,,,0.0,76.0,0.0
1958-12-18,,,0.0,51.0,0.0
1958-12-19,,,0.0,51.0,0.0
1958-12-20,,,0.0,51.0,0.0
1958-12-21,,,0.0,25.0,0.0
1958-12-22,,,0.0,25.0,0.0
1958-12-23,,,0.0,25.0,0.0
1958-12-24,,,0.0,0.0,0.0
1958-12-25,,,0.0,0.0,0.0
1958-12-26,,,0.0,0.0,0.0
1958-12-27,,,0.0,0.0,0.0
1958-12-28,,,0.0,0.0,0.0
1958-12-29,,,0.0,0.0,0.0
1958-12-30,,,0.0,0.0,0.0
1958-12-31,,,0.0,0.0,0.0
1959-01-01,,,0.0,0.0,0.0
1959-01-02,,,135.0,25.0,25.0
1959-01-03,,,18.0,0.0,0.0
1959-01-04,,,0.0,0.0,0.0
1959-01-05,,,0.0,0.0,0.0
1959-01-06,,,0.0,0.0,0.0
1959-01-07,,,0.0,0.0,0.0
1959-01-08,,,0.0,0.0,0.0
1959-01-09,,,0.0,0.0,0.0
1959-01-10,,,0.0,0.0,0.0
1959-01-11,,,0.0,0.0,0.0
1959-01-12,,,0.0,0.0,0.0
1959-01-13,,,10.0,51.0,38.0
1959-01-14,,,0.0,25.0,0.0
1959-01-15,,,0.0,25.0,0.0
1959-01-16,,,30.0,0.0,0.0
1959-01-17,,,218.0,0.0,0.0
1959-01-18,,,0.0,0.0,0.0
1959-01-19,,,0.0,0.0,0.0
1959-01-20,,,3.0,0.0,0.0
1959-01-21,,,89.0,102.0,89.0
1959-01-22,,,277.0,0.0,0.0
1959-01-23,,,13.0,0.0,0.0
1959-01-24,,,0.0,0.0,0.0
1959-01-25,,,0.0,0.0,0.0
1959-01-26,,,0.0,0.0,0.0
1959-01-27,,,10.0,25.0,25.0
1959-01-28,,,0.0,25.0,0.0
1959-01-29,,,0.0,25.0,0.0
1959-01-30,,,25.0,0.0,0.0
1959-01-31,,,0.0,0.0,0.0
1959-02-01,,,0.0,0.0,0.0
1959-02-02,,,0.0,0.0,0.0
1959-02-03,,,0.0,0.0,0.0
1959-02-04,,,155.0,0.0,0.0
1959-02-05,,,0.0,0.0,0.0
1959-02-06,,,0.0,0.0,0.0
1959-02-07,,,0.0,0.0,0.0
1959-02-08,,,0.0,0.0,0.0
1959-02-09,,,0.0,0.0,0.0
1959-02-10,,,175.0,25.0,25.0
1959-02-11,,,152.0,0.0,0.0
1959-02-12,,,0.0,0.0,0.0
1959-02-13,,,3.0,0.0,0.0
1959-02-14,,,20.0,0.0,0.0
1959-02-15,,,84.0,0.0,0.0
1959-02-16,,,0.0,0.0,0.0
1959-02-17,,,0.0,0.0,0.0
1959-02-18,,,0.0,0.0,0.0
1959-02-19,,,0.0,0.0,0.0
1959-02-20,,,0.0,0.0,0.0
1959-02-21,,,0.0,0.0,0.0
1959-02-22,,,0.0,0.0,0.0
1959-02-23,,,0.0,0.0,0.0
1959-02-24,,,84.0,127.0,114.0
1959-02-25,,,0.0,102.0,0.0
1959-02-26,,,0.0,76.0,0.0
1959-02-27,,,0.0,51.0,0.0
1959-02-28,,,0.0,51.0,0.0
1959-03-01,,,0.0,0.0,0.0
1959-03-02,,,0.0,0.0,0.0
1959-03-03,,,0.0,0.0,0.0
1959-03-04,,,137.0,102.0,102.0
1959-03-05,,,0.0,25.0,0.0
1959-03-06,,,71.0,51.0,38.0
1959-03-07,,,226.0,0.0,0.0
1959-03-08,,,0.0,0.0,0.0
1959-03-09,,,0.0,0.0,0.0
1959-03-10,,,130.0,76.0,76.0
1959-03-11,,,0.0,76.0,0.0
1959-03-12,,,38.0,127.0,102.0
1959-03-13,,,112.0,203.0,152.0
1959-03-14,,,0.0,178.0,0.0
1959-03-15,,,0.0,127.0,0.0
1959-03-16,,,46.0,127.0,0.0
1959-03-17,,,0.0,102.0,0.0
1959-03-18,,,56.0,152.0,76.0
1959-03-19,,,0.0,127.0,0.0
1959-03-20,,,0.0,76.0,0.0
1959-03-21,,,0.0,0.0,0.0
1959-03-22,,,61.0,25.0,25.0
1959-03-23,,,0.0,0.0,0.0
1959-03-24,,,0.0,0.0,0.0
1959-03-25,,,0.0,0.0,0.0
1959-03-26,,,0.0,0.0,0.0
1959-03-27,,,25.0,25.0,25.0
1959-03-28,,,109.0,152.0,127.0
1959-03-29,,,0.0,102.0,0.0
1959-03-30,,,0.0,76.0,0.0
1959-03-31,,,51.0,51.0,0.0
1959-04-01,,,3.0,0.0,0.0
1959-04-02,,,0.0,0.0,0.0
1959-04-03,,,300.0,0.0,0.0
1959-04-04,,,18.0,0.0,0.0
1959-04-05,,,0.0,0.0,0.0
1959-04-06,,,0.0,0.0,0.0
1959-04-07,,,8.0,0.0,0.0
1959-04-08,,,0.0,0.0,0.0
1959-04-09,,,0.0,0.0,0.0
1959-04-10,,,33.0,0.0,0.0
1959-04-11,,,198.0,0.0,0.0
1959-04-12,,,28.0,0.0,0.0
1959-04-13,,,0.0,0.0,0.0
1959-04-14,,,0.0,0.0,0.0
1959-04-15,,,0.0,0.0,0.0
1959-04-16,,,0.0,0.0,0.0
1959-04-17,,,0.0,0.0,0.0
1959-04-18,,,0.0,0.0,0.0
1959-04-19,,,3.0,0.0,0.0
1959-04-20,,,130.0,0.0,0.0
1959-04-21,,,91.0,0.0,0.0
1959-04-22,,,0.0,0.0,0.0
1959-04-23,,,0.0,0.0,0.0
1959-04-24,,,0.0,0.0,0.0
1959-04-25,,,0.0,0.0,0.0
1959-04-26,,,18.0,0.0,0.0
1959-04-27,,,20.0,0.0,0.0
1959-04-28,,,94.0,0.0,0.0
1959-04-29,,,69.0,0.0,0.0
1959-04-30,,,0.0,0.0,0.0
1959-05-01,,,0.0,0.0,0.0
1959-05-02,,,0.0,0.0,0.0
1959-05-03,,,0.0,0.0,0.0
1959-05-04,,,0.0,0.0,0.0
1959-05-05,,,0.0,0.0,0.0
1959-05-06,,,0.0,0.0,0.0
1959-05-07,,,0.0,0.0,0.0
1959-05-08,,,13.0,0.0,0.0
1959-05-09,,,0.0,0.0,0.0
1959-05-10,,,0.0,0.0,0.0
1959-05-11,,,0.0,0.0,0.0
1959-05-12,,,71.0,0.0,0.0
1959-05-13,,,91.0,0.0,0.0
1959-05-14,,,76.0,0.0,0.0
1959-05-15,,,8.0,0.0,0.0
1959-05-16,,,3.0,0.0,0.0
1959-05-17,,,0.0,0.0,0.0
1959-05-18,,,8.0,0.0,0.0
1959-05-19,,,0.0,0.0,0.0
1959-05-20,,,15.0,0.0,0.0
1959-05-21,,,3.0,0.0,0.0
1959-05-22,,,0.0,0.0,0.0
1959-05-23,,,8.0,0.0,0.0
1959-05-24,,,0.0,0.0,0.0
1959-05-25,,,0.0,0.0,0.0
1959-05-26,,,0.0,0.0,0.0
1959-05-27,,,0.0,0.0,0.0
1959-05-28,,,0.0,0.0,0.0
1959-05-29,,,0.0,0.0,0.0
1959-05-30,,,0.0,0.0,0.0
1959-05-31,,,0.0,0.0,0.0
1959-06-01,,,0.0,0.0,0.0
1959-06-02,,,10.0,0.0,0.0
1959-06-03,,,541.0,0.0,0.0
1959-06-04,,,0.0,0.0,0.0
1959-06-05,,,0.0,0.0,0.0
1959-06-06,,,8.0,0.0,0.0
1959-06-07,,,0.0,0.0,0.0
1959-06-08,,,0.0,0.0,0.0
1959-06-09,,,0.0,0.0,0.0
1959-06-10,,,0.0,0.0,0.0
1959-06-11,,,0.0,0.0,0.0
1959-06-12,,,0.0,0.0,0.0
1959-06-13,,,76.0,0.0,0.0
1959-06-14,,,86.0,0.0,0.0
1959-06-15,,,8.0,0.0,0.0
1959-06-16,,,0.0,0.0,0.0
1959-06-17,,,28.0,0.0,0.0
1959-06-18,,,30.0,0.0,0.0
1959-06-19,,,33.0,0.0,0.0
1959-06-20,,,30.0,0.0,0.0
1959-06-21,,,0.0,0.0,0.0
1959-06-22,,,0.0,0.0,0.0
1959-06-23,,,135.0,0.0,0.0
1959-06-24,,,0.0,0.0,0.0
1959-06-25,,,43.0,0.0,0.0
1959-06-26,,,48.0,0.0,0.0
1959-06-27,,,69.0,0.0,0.0
1959-06-28,,,28.0,0.0,0.0
1959-06-29,,,0.0,0.0,0.0
1959-06-30,,,33.0,0.0,0.0
1959-07-01,,,0.0,0.0,0.0
1959-07-02,,,401.0,0.0,0.0
1959-07-03,,,0.0,0.0,0.0
1959-07-04,,,0.0,0.0,0.0
1959-07-05,,,0.0,0.0,0.0
1959-07-06,,,0.0,0.0,0.0
1959-07-07,,,33.0,0.0,0.0
1959-07-08,,,0.0,0.0,0.0
1959-07-09,,,0.0,0.0,0.0
1959-07-10,,,0.0,0.0,0.0
1959-07-11,,,76.0,0.0,0.0
1959-07-12,,,0.0,0.0,0.0
1959-07-13,,,25.0,0.0,0.0
1959-07-14,,,0.0,0.0,0.0
1959-07-15,,,0.0,0.0,0.0
1959-07-16,,,178.0,0.0,0.0
1959-07-17,,,0.0,0.0,0.0
1959-07-18,,,0.0,0.0,0.0
1959-07-19,,,0.0,0.0,0.0
1959-07-20,,,434.0,0.0,0.0
1959-07-21,,,277.0,0.0,0.0
1959-07-22,,,0.0,0.0,0.0
1959-07-23,,,185.0,0.0,0.0
1959-07-24,,,0.0,0.0,0.0
1959-07-25,,,10.0,0.0,0.0
1959-07-26,,,0.0,0.0,0.0
1959-07-27,,,0.0,0.0,0.0
1959-07-28,,,0.0,0.0,0.0
1959-07-29,,,0.0,0.0,0.0
1959-07-30,,,0.0,0.0,0.0
1959-07-31,,,0.0,0.0,0.0
1959-08-01,,,61.0,0.0,0.0
1959-08-02,,,0.0,0.0,0.0
1959-08-03,,,0.0,0.0,0.0
1959-08-04,,,0.0,0.0,0.0
1959-08-05,,,132.0,0.0,0.0
1959-08-06,,,325.0,0.0,0.0
1959-08-07,,,41.0,0.0,0.0
1959-08-08,,,0.0,0.0,0.0
1959-08-09,,,170.0,0.0,0.0
1959-08-10,,,10.0,0.0,0.0
1959-08-11,,,0.0,0.0,0.0
1959-08-12,,,0.0,0.0,0.0
1959-08-13,,,0.0,0.0,0.0
1959-08-14,,,0.0,0.0,0.0
1959-08-15,,,0.0,0.0,0.0
1959-08-16,,,0.0,0.0,0.0
1959-08-17,,,0.0,0.0,0.0
1959-08-18,,,0.0,0.0,0.0
1959-08-19,,,91.0,0.0,0.0
1959-08-20,,,0.0,0.0,0.0
1959-08-21,,,0.0,0.0,0.0
1959-08-22,,,64.0,0.0,0.0
1959-08-23,,,0.0,0.0,0.0
1959-08-24,,,0.0,0.0,0.0
1959-08-25,,,38.0,0.0,0.0
1959-08-26,,,0.0,0.0,0.0
1959-08-27,,,0.0,0.0,0.0
1959-08-28,,,8.0,0.0,0.0
1959-08-29,,,0.0,0.0,0.0
1959-08-30,,,8.0,0.0,0.0
1959-08-31,,,371.0,0.0,0.0
1959-09-01,,,371.0,0.0,0.0
1959-09-02,,,0.0,0.0,0.0
1959-09-03,,,23.0,0.0,0.0
1959-09-04,,,122.0,0.0,0.0
1959-09-05,,,0.0,0.0,0.0
1959-09-06,,,0.0,0.0,0.0
1959-09-07,,,0.0,0.0,0.0
1959-09-08,,,0.0,0.0,0.0
1959-09-09,,,0.0,0.0,0.0
1959-09-10,,,0.0,0.0,0.0
1959-09-11,,,28.0,0.0,0.0
1959-09-12,,,0.0,0.0,0.0
1959-09-13,,,0.0,0.0,0.0
1959-09-14,,,0.0,0.0,0.0
1959-09-15,,,0.0,0.0,0.0
1959-09-16,,,74.0,0.0,0.0
1959-09-17,,,0.0,0.0,0.0
1959-09-18,,,0.0,0.0,0.0
1959-09-19,,,0.0,0.0,0.0
1959-09-20,,,0.0,0.0,0.0
1959-09-21,,,0.0,0.0,0.0
1959-09-22,,,0.0,0.0,0.0
1959-09-23,,,0.0,0.0,0.0
1959-09-24,,,0.0,0.0,0.0
1959-09-25,,,15.0,0.0,0.0
1959-09-26,,,0.0,0.0,0.0
1959-09-27,,,0.0,0.0,0.0
1959-09-28,,,3.0,0.0,0.0
1959-09-29,,,15.0,0.0,0.0
1959-09-30,,,5.0,0.0,0.0
1959-10-01,,,18.0,0.0,0.0
1959-10-02,,,290.0,0.0,0.0
1959-10-03,,,0.0,0.0,0.0
1959-10-04,,,0.0,0.0,0.0
1959-10-05,,,0.0,0.0,0.0
1959-10-06,,,0.0,0.0,0.0
1959-10-07,,,132.0,0.0,0.0
1959-10-08,,,150.0,0.0,0.0
1959-10-09,,,343.0,0.0,0.0
1959-10-10,,,0.0,0.0,0.0
1959-10-11,,,0.0,0.0,0.0
1959-10-12,,,74.0,0.0,0.0
1959-10-13,,,0.0,0.0,0.0
1959-10-14,,,81.0,0.0,0.0
1959-10-15,,,0.0,0.0,0.0
1959-10-16,,,0.0,0.0,0.0
1959-10-17,,,0.0,0.0,0.0
1959-10-18,,,18.0,0.0,0.0
1959-10-19,,,5.0,0.0,0.0
1959-10-20,,,0.0,0.0,0.0
1959-10-21,,,0.0,0.0,0.0
1959-10-22,,,0.0,0.0,0.0
1959-10-23,,,10.0,0.0,0.0
1959-10-24,,,386.0,0.0,0.0
1959-10-25,,,457.0,0.0,0.0
1959-10-26,,,15.0,0.0,0.0
1959-10-27,,,10.0,0.0,0.0
1959-10-28,,,15.0,0.0,0.0
1959-10-29,,,0.0,0.0,0.0
1959-10-30,,,0.0,0.0,0.0
1959-10-31,,,23.0,0.0,0.0
1959-11-01,,,188.0,0.0,0.0
1959-11-02,,,3.0,0.0,0.0
1959-11-03,,,0.0,0.0,0.0
1959-11-04,,,0.0,0.0,0.0
1959-11-05,,,3.0,0.0,0.0
1959-11-06,,,5.0,0.0,0.0
1959-11-07,,,239.0,0.0,0.0
1959-11-08,,,81.0,0.0,0.0
1959-11-09,,,0.0,0.0,0.0
1959-11-10,,,0.0,0.0,0.0
1959-11-11,,,0.0,0.0,0.0
1959-11-12,,,0.0,0.0,0.0
1959-11-13,,,0.0,0.0,0.0
1959-11-14,,,48.0,0.0,0.0
1959-11-15,,,81.0,0.0,0.0
1959-11-16,,,0.0,0.0,0.0
1959-11-17,,,0.0,0.0,0.0
1959-11-18,,,84.0,0.0,0.0
1959-11-19,,,0.0,0.0,0.0
1959-11-20,,,0.0,0.0,0.0
1959-11-21,,,0.0,0.0,0.0
1959-11-22,,,0.0,0.0,0.0
1959-11-23,,,0.0,0.0,0.0
1959-11-24,,,8.0,0.0,0.0
1959-11-25,,,442.0,0.0,0.0
1959-11-26,,,48.0,0.0,0.0
1959-11-27,,,0.0,0.0,0.0
1959-11-28,,,94.0,0.0,0.0
1959-11-29,,,135.0,51.0,38.0
1959-11-30,,,0.0,25.0,0.0
1959-12-01,,,0.0,0.0,0.0
1959-12-02,,,0.0,0.0,0.0
1959-12-03,,,0.0,0.0,0.0
1959-12-04,,,0.0,0.0,0.0
1959-12-05,,,0.0,0.0,0.0
1959-12-06,,,0.0,0.0,0.0
1959-12-07,,,239.0,0.0,0.0
1959-12-08,,,48.0,51.0,51.0
1959-12-09,,,0.0,25.0,0.0
1959-12-10,,,0.0,25.0,0.0
1959-12-11,,,0.0,25.0,0.0
1959-12-12,,,147.0,0.0,0.0
1959-12-13,,,287.0,0.0,0.0
1959-12-14,,,3.0,0.0,0.0
1959-12-15,,,0.0,0.0,0.0
1959-12-16,,,0.0,0.0,0.0
1959-12-17,,,0.0,0.0,0.0
1959-12-18,,,0.0,0.0,0.0
1959-12-19,,,0.0,0.0,0.0
1959-12-20,,,0.0,0.0,0.0
1959-12-21,,,0.0,0.0,0.0
1959-12-22,,,81.0,127.0,114.0
1959-12-23,,,0.0,102.0,0.0
1959-12-24,,,0.0,102.0,0.0
1959-12-25,,,0.0,102.0,0.0
1959-12-26,,,0.0,76.0,0.0
1959-12-27,,,0.0,51.0,0.0
1959-12-28,,,43.0,51.0,0.0
1959-12-29,,,229.0,76.0,25.0
1959-12-30,,,61.0,102.0,51.0
1959-12-31,,,53.0,178.0,76.0
1960-01-01,,,3.0,178.0,0.0
1960-01-02,,,0.0,178.0,0.0
1960-01-03,,,272.0,51.0,0.0
1960-01-04,,,0.0,51.0,0.0
1960-01-05,,,0.0,51.0,0.0
1960-01-06,,,0.0,51.0,0.0
1960-01-07,,,0.0,51.0,0.0
1960-01-08,,,0.0,51.0,0.0
1960-01-09,,,0.0,51.0,0.0
1960-01-10,,,0.0,51.0,0.0
1960-01-11,,,94.0,102.0,38.0
1960-01-12,,,0.0,102.0,0.0
1960-01-13,,,53.0,127.0,64.0
1960-01-14,,,33.0,178.0,64.0
1960-01-15,,,0.0,152.0,0.0
1960-01-16,,,20.0,152.0,0.0
1960-01-17,,,0.0,152.0,0.0
1960-01-18,,,0.0,152.0,0.0
1960-01-19,,,84.0,178.0,51.0
1960-01-20,,,8.0,203.0,25.0
1960-01-21,,,0.0,203.0,0.0
1960-01-22,,,3.0,203.0,25.0
1960-01-23,,,0.0,203.0,0.0
1960-01-24,,,0.0,203.0,0.0
1960-01-25,,,0.0,203.0,0.0
1960-01-26,,,0.0,178.0,0.0
1960-01-27,,,0.0,178.0,0.0
1960-01-28,,,97.0,178.0,25.0
1960-01-29,,,15.0,178.0,0.0
1960-01-30,,,0.0,178.0,0.0
1960-01-31,,,0.0,178.0,0.0
1960-02-01,,,0.0,178.0,0.0
1960-02-02,,,0.0,178.0,0.0
1960-02-03,,,0.0,203.0,13.0
1960-02-04,,,0.0,178.0,0.0
1960-02-05,,,0.0,178.0,0.0
1960-02-06,,,66.0,178.0,0.0
1960-02-07,,,3.0,152.0,0.0
1960-02-08,,,0.0,152.0,0.0
1960-02-09,,,61.0,229.0,76.0
1960-02-10,,,0.0,178.0,0.0
1960-02-11,,,295.0,76.0,0.0
1960-02-12,,,191.0,25.0,0.0
1960-02-13,,,0.0,25.0,0.0
1960-02-14,,,61.0,51.0,25.0
1960-02-15,,,28.0,76.0,25.0
1960-02-16,,,0.0,51.0,0.0
1960-02-17,,,0.0,51.0,0.0
1960-02-18,,,0.0,25.0,0.0
1960-02-19,,,254.0,127.0,127.0
1960-02-20,,,28.0,178.0,76.0
1960-02-21,,,0.0,178.0,0.0
1960-02-22,,,0.0,152.0,0.0
1960-02-23,,,0.0,152.0,0.0
1960-02-24,,,0.0,152.0,0.0
1960-02-25,,,0.0,152.0,0.0
1960-02-26,,,160.0,178.0,51.0
1960-02-27,,,0.0,152.0,0.0
1960-02-28,,,0.0,152.0,0.0
1960-02-29,,,0.0,152.0,0.0
1960-03-01,,,0.0,152.0,0.0
1960-03-02,,,0.0,152.0,0.0
1960-03-03,,,0.0,152.0,0.0
1960-03-04,,,180.0,381.0,254.0
1960-03-05,,,56.0,432.0,76.0
1960-03-06,,,0.0,432.0,0.0
1960-03-07,,,0.0,406.0,0.0
1960-03-08,,,23.0,406.0,51.0
1960-03-09,,,0.0,381.0,0.0
1960-03-10,,,0.0,356.0,0.0
1960-03-11,,,0.0,356.0,0.0
1960-03-12,,,0.0,356.0,0.0
1960-03-13,,,3.0,330.0,13.0
1960-03-14,,,0.0,330.0,0.0
1960-03-15,,,0.0,330.0,0.0
1960-03-16,,,0.0,305.0,0.0
1960-03-17,,,23.0,330.0,51.0
1960-03-18,,,18.0,381.0,51.0
1960-03-19,,,15.0,330.0,25.0
1960-03-20,,,0.0,330.0,0.0
1960-03-21,,,0.0,305.0,0.0
1960-03-22,,,0.0,305.0,0.0
1960-03-23,,,23.0,330.0,51.0
1960-03-24,,,0.0,305.0,0.0
1960-03-25,,,15.0,330.0,51.0
1960-03-26,,,0.0,330.0,0.0
1960-03-27,,,0.0,305.0,0.0
1960-03-28,,,0.0,254.0,0.0
1960-03-29,,,0.0,203.0,0.0
1960-03-30,,,8.0,178.0,0.0
1960-03-31,,,366.0,178.0,0.0
1960-04-01,,,48.0,0.0,0.0
1960-04-02,,,0.0,0.0,0.0
1960-04-03,,,0.0,0.0,0.0
1960-04-04,,,290.0,0.0,0.0
1960-04-05,,,257.0,0.0,0.0
1960-04-06,,,109.0,0.0,0.0
1960-04-07,,,0.0,0.0,0.0
1960-04-08,,,5.0,25.0,13.0
1960-04-09,,,46.0,,38.0
1960-04-10,,,30.0,,51.0
1960-04-11,,,0.0,0.0,0.0
1960-04-12,,,15.0,0.0,0.0
1960-04-13,,,3.0,0.0,0.0
1960-04-14,,,0.0,0.0,0.0
1960-04-15,,,0.0,0.0,0.0
1960-04-16,,,3.0,0.0,0.0
1960-04-17,,,10.0,0.0,0.0
1960-04-18,,,13.0,0.0,0.0
1960-04-19,,,58.0,0.0,0.0
1960-04-20,,,0.0,0.0,0.0
1960-04-21,,,0.0,0.0,0.0
1960-04-22,,,10.0,0.0,0.0
1960-04-23,,,3.0,0.0,0.0
1960-04-24,,,53.0,0.0,0.0
1960-04-25,,,23.0,0.0,0.0
1960-04-26,,,0.0,0.0,0.0
1960-04-27,,,25.0,0.0,0.0
1960-04-28,,,8.0,0.0,0.0
1960-04-29,,,0.0,0.0,0.0
1960-04-30,,,0.0,0.0,0.0
1960-05-01,,,8.0,0.0,0.0
1960-05-02,,,150.0,0.0,0.0
1960-05-03,,,0.0,0.0,0.0
1960-05-04,,,0.0,0.0,0.0
1960-05-05,,,0.0,0.0,0.0
1960-05-06,,,0.0,0.0,0.0
1960-05-07,,,0.0,0.0,0.0
1960-05-08,,,0.0,0.0,0.0
1960-05-09,,,104.0,0.0,0.0
1960-05-10,,,94.0,0.0,0.0
1960-05-11,,,25.0,0.0,0.0
1960-05-12,,,15.0,0.0,0.0
1960-05-13,,,48.0,0.0,0.0
1960-05-14,,,0.0,0.0,0.0
1960-05-15,,,8.0,0.0,0.0
1960-05-16,,,0.0,0.0,0.0
1960-05-17,,,0.0,0.0,0.0
1960-05-18,,,23.0,0.0,0.0
1960-05-19,,,53.0,0.0,0.0
1960-05-20,,,0.0,0.0,0.0
1960-05-21,,,3.0,0.0,0.0
1960-05-22,,,0.0,0.0,0.0
1960-05-23,,,114.0,0.0,0.0
1960-05-24,,,53.0,0.0,0.0
1960-05-25,,,48.0,0.0,0.0
1960-05-26,,,191.0,0.0,0.0
1960-05-27,,,0.0,0.0,0.0
1960-05-28,,,0.0,0.0,0.0
1960-05-29,,,0.0,0.0,0.0
1960-05-30,,,0.0,0.0,0.0
1960-05-31,,,58.0,0.0,0.0
1960-06-01,,,13.0,0.0,0.0
1960-06-02,,,0.0,0.0,0.0
1960-06-03,,,5.0,0.0,0.0
1960-06-04,,,102.0,0.0,0.0
1960-06-05,,,64.0,0.0,0.0
1960-06-06,,,58.0,0.0,0.0
1960-06-07,,,0.0,0.0,0.0
1960-06-08,,,0.0,0.0,0.0
1960-06-09,,,0.0,0.0,0.0
1960-06-10,,,0.0,0.0,0.0
1960-06-11,,,0.0,0.0,0.0
1960-06-12,,,0.0,0.0,0.0
1960-06-13,,,71.0,0.0,0.0
1960-06-14,,,0.0,0.0,0.0
1960-06-15,,,33.0,0.0,0.0
1960-06-16,,,460.0,0.0,0.0
1960-06-17,,,0.0,0.0,0.0
1960-06-18,,,81.0,0.0,0.0
1960-06-19,,,0.0,0.0,0.0
1960-06-20,,,5.0,0.0,0.0
1960-06-21,,,0.0,0.0,0.0
1960-06-22,,,0.0,0.0,0.0
1960-06-23,,,0.0,0.0,0.0
1960-06-24,,,64.0,0.0,0.0
1960-06-25,,,30.0,0.0,0.0
1960-06-26,,,0.0,0.0,0.0
1960-06-27,,,0.0,0.0,0.0
1960-06-28,,,0.0,0.0,0.0
1960-06-29,,,0.0,0.0,0.0
1960-06-30,,,61.0,0.0,0.0
