DATE,TMAX,TMIN,PRCP,SNWD,SNOW
2009-05-12,198.0,120.0,,0.0,
2009-05-13,190.0,87.0,0.0,0.0,
2009-05-14,197.0,74.0,0.0,0.0,
2009-05-15,199.0,87.0,0.0,0.0,
2009-05-16,216.0,76.0,0.0,0.0,
2009-05-17,215.0,55.0,0.0,0.0,
2009-05-18,222.0,82.0,0.0,0.0,
2009-05-19,213.0,75.0,0.0,0.0,
2009-05-20,175.0,74.0,25.0,0.0,
2009-05-21,141.0,61.0,76.0,0.0,
2009-05-22,109.0,58.0,25.0,0.0,
2009-05-23,122.0,59.0,127.0,0.0,
2009-05-24,149.0,50.0,25.0,0.0,
2009-05-25,144.0,34.0,0.0,0.0,
2009-05-26,152.0,36.0,0.0,0.0,
2009-05-27,146.0,35.0,0.0,0.0,
2009-05-28,167.0,45.0,0.0,0.0,
2009-05-29,161.0,55.0,0.0,0.0,
2009-05-30,164.0,45.0,25.0,0.0,
2009-05-31,149.0,45.0,0.0,0.0,
2009-06-01,174.0,47.0,76.0,0.0,
2009-06-02,174.0,57.0,0.0,0.0,
2009-06-03,202.0,52.0,0.0,0.0,
2009-06-04,215.0,86.0,0.0,0.0,
2009-06-05,186.0,86.0,0.0,0.0,
2009-06-06,164.0,59.0,0.0,0.0,
2009-06-07,151.0,32.0,0.0,0.0,
2009-06-08,155.0,34.0,0.0,0.0,
2009-06-09,143.0,64.0,25.0,0.0,
2009-06-10,134.0,26.0,0.0,0.0,
2009-06-11,156.0,62.0,0.0,0.0,
2009-06-12,185.0,27.0,0.0,0.0,
2009-06-13,183.0,92.0,0.0,0.0,
2009-06-14,183.0,50.0,0.0,0.0,
2009-06-15,182.0,66.0,0.0,0.0,
2009-06-16,183.0,77.0,0.0,0.0,
2009-06-17,186.0,65.0,0.0,0.0,
2009-06-18,191.0,64.0,0.0,0.0,
2009-06-19,205.0,58.0,0.0,0.0,
2009-06-20,139.0,74.0,51.0,0.0,
2009-06-21,200.0,79.0,0.0,0.0,
2009-06-22,242.0,89.0,0.0,0.0,
2009-06-23,250.0,114.0,0.0,0.0,
2009-06-24,237.0,118.0,51.0,0.0,
2009-06-25,228.0,111.0,0.0,0.0,
2009-06-26,214.0,79.0,0.0,0.0,
2009-06-27,213.0,67.0,0.0,0.0,
2009-06-28,224.0,97.0,0.0,0.0,
2009-06-29,245.0,104.0,0.0,0.0,
2009-06-30,256.0,132.0,0.0,0.0,
2009-07-01,238.0,114.0,0.0,0.0,
2009-07-02,232.0,114.0,0.0,0.0,
2009-07-03,230.0,107.0,0.0,0.0,
2009-07-04,220.0,102.0,102.0,0.0,
2009-07-05,248.0,111.0,0.0,0.0,
2009-07-06,251.0,126.0,0.0,0.0,
2009-07-07,246.0,97.0,0.0,0.0,
2009-07-08,259.0,123.0,0.0,0.0,
2009-07-09,264.0,129.0,0.0,0.0,
2009-07-10,256.0,104.0,0.0,0.0,
2009-07-11,277.0,122.0,0.0,0.0,
2009-07-12,264.0,148.0,0.0,0.0,
2009-07-13,260.0,156.0,0.0,0.0,
2009-07-14,268.0,137.0,0.0,0.0,
2009-07-15,283.0,118.0,0.0,0.0,
2009-07-16,280.0,148.0,0.0,0.0,
2009-07-17,284.0,159.0,0.0,0.0,
2009-07-18,290.0,131.0,0.0,0.0,
2009-07-19,288.0,137.0,0.0,0.0,
2009-07-20,267.0,114.0,51.0,0.0,
2009-07-21,245.0,109.0,0.0,0.0,
2009-07-22,245.0,97.0,0.0,0.0,
2009-07-23,265.0,109.0,25.0,0.0,
2009-07-24,244.0,117.0,25.0,0.0,
2009-07-25,261.0,130.0,0.0,0.0,
2009-07-26,273.0,120.0,0.0,0.0,
2009-07-27,276.0,108.0,0.0,0.0,
2009-07-28,266.0,94.0,76.0,0.0,
2009-07-29,240.0,94.0,25.0,0.0,
2009-07-30,218.0,79.0,0.0,0.0,
2009-07-31,233.0,77.0,0.0,0.0,
2009-08-01,269.0,112.0,0.0,0.0,
2009-08-02,266.0,128.0,0.0,0.0,
2009-08-03,276.0,119.0,0.0,0.0,
2009-08-04,277.0,134.0,0.0,0.0,
2009-08-05,257.0,155.0,0.0,0.0,
2009-08-06,233.0,141.0,0.0,0.0,
2009-08-07,225.0,107.0,0.0,0.0,
2009-08-08,206.0,77.0,0.0,0.0,
2009-08-09,240.0,70.0,0.0,0.0,
2009-08-10,256.0,97.0,0.0,0.0,
2009-08-11,259.0,121.0,0.0,0.0,
2009-08-12,273.0,144.0,0.0,0.0,
2009-08-13,227.0,92.0,0.0,0.0,
2009-08-14,209.0,88.0,0.0,0.0,
2009-08-15,222.0,109.0,0.0,0.0,
2009-08-16,228.0,70.0,0.0,0.0,
2009-08-17,247.0,81.0,0.0,0.0,
2009-08-18,252.0,105.0,0.0,0.0,
2009-08-19,252.0,80.0,0.0,0.0,
2009-08-20,267.0,107.0,0.0,0.0,
2009-08-21,269.0,133.0,0.0,0.0,
2009-08-22,249.0,107.0,0.0,0.0,
2009-08-23,228.0,108.0,0.0,0.0,
2009-08-24,195.0,96.0,25.0,0.0,
2009-08-25,216.0,72.0,0.0,0.0,
2009-08-26,231.0,67.0,0.0,0.0,
2009-08-27,234.0,107.0,0.0,0.0,
2009-08-28,243.0,111.0,0.0,0.0,
2009-08-29,253.0,128.0,0.0,0.0,
2009-08-30,264.0,133.0,0.0,0.0,
2009-08-31,251.0,92.0,0.0,0.0,
2009-09-01,219.0,109.0,51.0,0.0,
2009-09-02,219.0,110.0,25.0,0.0,
2009-09-03,205.0,85.0,25.0,0.0,
2009-09-04,224.0,89.0,0.0,0.0,
2009-09-05,188.0,69.0,127.0,0.0,
2009-09-06,188.0,59.0,0.0,0.0,
2009-09-07,211.0,76.0,0.0,0.0,
2009-09-08,225.0,75.0,0.0,0.0,
2009-09-09,205.0,92.0,0.0,0.0,
2009-09-10,184.0,84.0,51.0,0.0,
2009-09-11,194.0,77.0,0.0,0.0,
2009-09-12,198.0,70.0,127.0,0.0,
2009-09-13,200.0,76.0,0.0,0.0,
2009-09-14,189.0,100.0,51.0,0.0,
2009-09-15,179.0,65.0,229.0,0.0,
2009-09-16,176.0,65.0,51.0,0.0,
2009-09-17,128.0,46.0,0.0,0.0,
2009-09-18,161.0,45.0,25.0,0.0,
2009-09-19,161.0,58.0,51.0,0.0,
2009-09-20,190.0,56.0,0.0,0.0,
2009-09-21,171.0,21.0,0.0,0.0,
2009-09-22,121.0,-7.0,0.0,0.0,
2009-09-23,140.0,-6.0,0.0,0.0,
2009-09-24,148.0,12.0,0.0,0.0,
2009-09-25,191.0,18.0,0.0,0.0,
2009-09-26,209.0,88.0,0.0,0.0,
2009-09-27,235.0,87.0,0.0,0.0,
2009-09-28,221.0,94.0,0.0,0.0,
2009-09-29,204.0,104.0,0.0,0.0,
2009-09-30,160.0,-4.0,0.0,0.0,
2009-10-01,90.0,-56.0,0.0,0.0,
2009-10-02,146.0,-31.0,0.0,0.0,
2009-10-03,144.0,25.0,0.0,0.0,
2009-10-04,134.0,45.0,0.0,0.0,
2009-10-05,95.0,-28.0,0.0,0.0,
2009-10-06,110.0,-30.0,0.0,0.0,
2009-10-07,120.0,18.0,76.0,0.0,
2009-10-08,88.0,-14.0,0.0,0.0,
2009-10-09,129.0,-18.0,0.0,0.0,
2009-10-10,150.0,17.0,0.0,0.0,
2009-10-11,123.0,28.0,0.0,0.0,
2009-10-12,134.0,24.0,25.0,0.0,
2009-10-13,112.0,29.0,51.0,0.0,
2009-10-14,134.0,42.0,0.0,0.0,
2009-10-15,150.0,23.0,0.0,0.0,
2009-10-16,173.0,29.0,0.0,0.0,
2009-10-17,196.0,59.0,0.0,0.0,
2009-10-18,182.0,69.0,0.0,0.0,
2009-10-19,161.0,74.0,0.0,0.0,
2009-10-20,95.0,-2.0,51.0,0.0,
2009-10-21,52.0,-16.0,0.0,0.0,
2009-10-22,81.0,-18.0,0.0,0.0,
2009-10-23,106.0,-8.0,0.0,0.0,
2009-10-24,124.0,-1.0,0.0,0.0,
2009-10-25,82.0,-46.0,0.0,0.0,
2009-10-26,91.0,-64.0,0.0,0.0,
2009-10-27,67.0,-63.0,51.0,0.0,
2009-10-28,-42.0,-112.0,51.0,0.0,
2009-10-29,,,0.0,,
2009-10-30,56.0,-108.0,0.0,0.0,
2009-10-31,137.0,-27.0,0.0,0.0,
2009-11-01,151.0,2.0,0.0,0.0,
2009-11-02,150.0,16.0,0.0,0.0,
2009-11-03,166.0,8.0,0.0,0.0,
2009-11-04,170.0,40.0,0.0,0.0,
2009-11-05,167.0,57.0,0.0,0.0,
2009-11-06,152.0,62.0,0.0,0.0,
2009-11-07,147.0,51.0,0.0,0.0,
2009-11-08,116.0,-3.0,0.0,0.0,
2009-11-09,123.0,-6.0,0.0,0.0,
2009-11-10,144.0,3.0,0.0,0.0,
2009-11-11,129.0,24.0,0.0,0.0,
2009-11-12,90.0,32.0,0.0,0.0,
2009-11-13,34.0,-14.0,127.0,0.0,
2009-11-14,-12.0,-69.0,102.0,0.0,
2009-11-15,-1.0,-140.0,51.0,0.0,
2009-11-16,38.0,-106.0,0.0,0.0,
2009-11-17,104.0,-44.0,0.0,0.0,
2009-11-18,88.0,-58.0,0.0,0.0,
2009-11-19,96.0,-41.0,0.0,0.0,
2009-11-20,78.0,-50.0,0.0,0.0,
2009-11-21,65.0,-31.0,0.0,0.0,
2009-11-22,62.0,-43.0,0.0,0.0,
2009-11-23,34.0,-103.0,0.0,0.0,
2009-11-24,70.0,-80.0,0.0,0.0,
2009-11-25,110.0,-49.0,0.0,0.0,
2009-11-26,120.0,-13.0,0.0,0.0,
2009-11-27,98.0,-32.0,0.0,0.0,
2009-11-28,30.0,-52.0,51.0,0.0,
2009-11-29,-6.0,-47.0,25.0,0.0,
2009-11-30,12.0,-53.0,0.0,0.0,
2009-12-01,60.0,-82.0,0.0,0.0,
2009-12-02,20.0,-97.0,0.0,0.0,
2009-12-03,-39.0,-170.0,25.0,0.0,
2009-12-04,-35.0,-176.0,0.0,0.0,
2009-12-05,3.0,-76.0,0.0,0.0,
2009-12-06,-49.0,-94.0,0.0,0.0,
2009-12-07,-28.0,-53.0,178.0,152.0,
2009-12-08,-28.0,-140.0,356.0,254.0,
2009-12-09,-84.0,-135.0,0.0,254.0,
2009-12-10,-18.0,-145.0,0.0,254.0,
2009-12-11,14.0,-124.0,25.0,254.0,
2009-12-12,-27.0,-52.0,0.0,254.0,
2009-12-13,-14.0,-79.0,0.0,279.0,
2009-12-14,3.0,-107.0,0.0,305.0,
2009-12-15,57.0,-116.0,0.0,279.0,
2009-12-16,119.0,-60.0,0.0,254.0,
2009-12-17,89.0,-62.0,0.0,279.0,
2009-12-18,66.0,-91.0,0.0,279.0,
2009-12-19,52.0,-93.0,0.0,279.0,
2009-12-20,101.0,-47.0,0.0,254.0,
2009-12-21,30.0,-40.0,0.0,254.0,
2009-12-22,-12.0,-76.0,76.0,356.0,
2009-12-23,1.0,-117.0,25.0,381.0,
2009-12-24,-12.0,-165.0,0.0,356.0,
2009-12-25,-37.0,-157.0,0.0,330.0,
2009-12-26,-42.0,-169.0,0.0,330.0,
2009-12-27,-21.0,-174.0,0.0,356.0,
2009-12-28,12.0,-139.0,0.0,330.0,
2009-12-29,-41.0,-74.0,102.0,432.0,
2009-12-30,-67.0,-83.0,229.0,,
2009-12-31,-18.0,-154.0,0.0,660.0,
2010-01-01,57.0,-119.0,0.0,610.0,
2010-01-02,35.0,-88.0,0.0,584.0,
2010-01-03,40.0,-100.0,0.0,584.0,
2010-01-04,70.0,-103.0,0.0,559.0,
2010-01-05,76.0,-70.0,0.0,533.0,
2010-01-06,74.0,-68.0,0.0,533.0,
2010-01-07,26.0,-101.0,0.0,508.0,
2010-01-08,45.0,-82.0,0.0,533.0,
2010-01-09,60.0,-76.0,0.0,508.0,
2010-01-10,89.0,-45.0,0.0,508.0,
2010-01-11,74.0,-49.0,0.0,508.0,
2010-01-12,77.0,-63.0,0.0,508.0,
2010-01-13,54.0,-68.0,0.0,483.0,
2010-01-14,17.0,-74.0,0.0,508.0,
2010-01-15,74.0,-80.0,0.0,508.0,
2010-01-16,98.0,-58.0,0.0,508.0,
2010-01-17,39.0,-43.0,0.0,508.0,
2010-01-18,-20.0,-57.0,229.0,737.0,
2010-01-19,-28.0,-52.0,127.0,813.0,
2010-01-20,-39.0,-84.0,51.0,940.0,
2010-01-21,-10.0,-62.0,432.0,1270.0,
2010-01-22,-37.0,-82.0,330.0,1448.0,
2010-01-23,-61.0,-100.0,102.0,1499.0,
2010-01-24,-26.0,-137.0,0.0,1448.0,
2010-01-25,24.0,-133.0,0.0,1372.0,
2010-01-26,30.0,-119.0,0.0,1346.0,
2010-01-27,48.0,-82.0,76.0,1346.0,
2010-01-28,-23.0,-52.0,51.0,1397.0,
2010-01-29,26.0,-116.0,25.0,1346.0,
2010-01-30,76.0,-125.0,0.0,1321.0,
2010-01-31,16.0,-92.0,0.0,1295.0,
2010-02-01,15.0,-111.0,0.0,1270.0,
2010-02-02,55.0,-90.0,0.0,1245.0,
2010-02-03,-4.0,-72.0,51.0,1270.0,
2010-02-04,10.0,-68.0,25.0,1270.0,
2010-02-05,32.0,-68.0,0.0,1245.0,
2010-02-06,33.0,-38.0,0.0,1270.0,
2010-02-07,-16.0,-76.0,127.0,1372.0,
2010-02-08,-27.0,-74.0,76.0,1321.0,
2010-02-09,0.0,-95.0,25.0,1372.0,
2010-02-10,0.0,-128.0,25.0,1372.0,
2010-02-11,4.0,-133.0,0.0,1372.0,
2010-02-12,22.0,-113.0,0.0,1346.0,
2010-02-13,55.0,-104.0,0.0,1321.0,
2010-02-14,32.0,-97.0,0.0,1295.0,
2010-02-15,40.0,-95.0,0.0,1270.0,
2010-02-16,60.0,-106.0,0.0,1245.0,
2010-02-17,64.0,-87.0,0.0,1245.0,
2010-02-18,40.0,-82.0,0.0,1219.0,
2010-02-19,18.0,-66.0,0.0,1194.0,
2010-02-20,-4.0,-53.0,25.0,1245.0,
2010-02-21,-37.0,-59.0,127.0,1448.0,
2010-02-22,-2.0,-161.0,127.0,,
2010-02-23,4.0,-176.0,0.0,1499.0,
2010-02-24,13.0,-129.0,51.0,,
2010-02-25,1.0,-116.0,25.0,1473.0,
2010-02-26,32.0,-120.0,25.0,1448.0,
2010-02-27,39.0,-58.0,0.0,1422.0,
2010-02-28,34.0,-82.0,76.0,1473.0,
2010-03-01,56.0,-102.0,0.0,1448.0,
2010-03-02,78.0,-96.0,0.0,1397.0,
2010-03-03,61.0,-35.0,0.0,1346.0,
2010-03-04,56.0,-69.0,0.0,1346.0,
2010-03-05,47.0,-105.0,76.0,1346.0,
2010-03-06,72.0,-74.0,0.0,1321.0,
2010-03-07,64.0,-54.0,0.0,1372.0,
2010-03-08,-25.0,-57.0,51.0,1397.0,
2010-03-09,11.0,-106.0,127.0,1473.0,
2010-03-10,-31.0,-113.0,51.0,1473.0,
2010-03-11,-8.0,-96.0,25.0,1499.0,
2010-03-12,87.0,-127.0,0.0,1448.0,
2010-03-13,66.0,-72.0,0.0,1422.0,
2010-03-14,-14.0,-115.0,0.0,1499.0,
2010-03-15,40.0,-76.0,25.0,1473.0,
2010-03-16,99.0,-60.0,0.0,1397.0,
2010-03-17,130.0,-37.0,0.0,1346.0,
2010-03-18,105.0,0.0,0.0,1295.0,
2010-03-19,27.0,-91.0,25.0,1321.0,
2010-03-20,27.0,-121.0,0.0,1321.0,
2010-03-21,109.0,-78.0,0.0,1245.0,
2010-03-22,98.0,-22.0,0.0,1219.0,
2010-03-23,55.0,-69.0,0.0,1219.0,
2010-03-24,55.0,-73.0,0.0,1245.0,
2010-03-25,68.0,-99.0,0.0,1194.0,
2010-03-26,-4.0,-72.0,25.0,1245.0,
2010-03-27,50.0,-87.0,0.0,1219.0,
2010-03-28,95.0,-86.0,0.0,1168.0,
2010-03-29,128.0,-58.0,25.0,1118.0,
2010-03-30,119.0,23.0,0.0,1041.0,
2010-03-31,96.0,22.0,0.0,1016.0,
2010-04-01,22.0,-107.0,51.0,1092.0,
2010-04-02,12.0,-111.0,25.0,1041.0,
2010-04-03,74.0,-49.0,0.0,1016.0,
2010-04-04,97.0,-27.0,0.0,940.0,
2010-04-05,95.0,-37.0,0.0,889.0,
2010-04-06,3.0,-86.0,0.0,914.0,
2010-04-07,49.0,-114.0,0.0,889.0,
2010-04-08,118.0,-67.0,0.0,787.0,
2010-04-09,123.0,-13.0,0.0,737.0,
2010-04-10,120.0,-26.0,0.0,686.0,
2010-04-11,138.0,25.0,0.0,635.0,
2010-04-12,138.0,-7.0,0.0,559.0,
2010-04-13,64.0,-41.0,25.0,533.0,
2010-04-14,132.0,-25.0,0.0,483.0,
2010-04-15,151.0,-25.0,0.0,457.0,
2010-04-16,160.0,20.0,25.0,381.0,
2010-04-17,128.0,-1.0,0.0,305.0,
2010-04-18,151.0,15.0,0.0,254.0,
2010-04-19,137.0,33.0,0.0,152.0,
2010-04-20,127.0,22.0,0.0,76.0,
2010-04-21,128.0,-58.0,127.0,51.0,
2010-04-22,21.0,-73.0,0.0,0.0,
2010-04-23,38.0,-66.0,0.0,0.0,
2010-04-24,104.0,-26.0,0.0,0.0,
2010-04-25,129.0,-3.0,0.0,0.0,
2010-04-26,126.0,-4.0,0.0,0.0,
2010-04-27,152.0,26.0,0.0,0.0,
2010-04-28,131.0,39.0,25.0,0.0,
2010-04-29,,,0.0,,
2010-04-30,,,0.0,,
2010-05-01,,,0.0,,
2010-05-02,,,0.0,,
2010-05-03,,,229.0,,
2010-05-04,,,0.0,,
2010-05-05,,,0.0,,
2010-05-06,,,0.0,,
2010-05-07,,,0.0,,
2010-05-08,,,0.0,,
2010-05-09,,,0.0,,
2010-05-10,,,0.0,,
2010-05-11,,,0.0,,
2010-05-12,,,0.0,,
2010-05-13,,,0.0,,
2010-05-14,,,0.0,,
2010-05-15,,,0.0,,
2010-05-16,,,0.0,,
2010-05-17,,,0.0,,
2010-05-18,,,0.0,,
2010-05-19,140.0,7.0,0.0,0.0,
2010-05-20,182.0,20.0,0.0,0.0,
2010-05-21,199.0,69.0,0.0,0.0,
2010-05-22,166.0,64.0,0.0,0.0,
2010-05-23,166.0,4.0,0.0,0.0,
2010-05-24,97.0,-52.0,0.0,0.0,
2010-05-25,161.0,0.0,0.0,0.0,
2010-05-26,200.0,42.0,0.0,0.0,
2010-05-27,220.0,95.0,0.0,0.0,
2010-05-28,220.0,104.0,0.0,0.0,
2010-05-29,167.0,42.0,0.0,0.0,
2010-05-30,174.0,36.0,0.0,0.0,
2010-05-31,204.0,66.0,0.0,0.0,
2010-06-01,187.0,86.0,0.0,0.0,
2010-06-02,,45.0,0.0,0.0,
2010-06-03,217.0,61.0,0.0,0.0,
2010-06-04,238.0,71.0,0.0,0.0,
2010-06-05,272.0,143.0,0.0,0.0,
2010-06-06,293.0,142.0,0.0,0.0,
2010-06-07,258.0,123.0,0.0,0.0,
2010-06-08,257.0,127.0,0.0,0.0,
2010-06-09,254.0,128.0,0.0,0.0,
2010-06-10,206.0,111.0,0.0,0.0,
2010-06-11,185.0,94.0,0.0,0.0,
2010-06-12,144.0,22.0,51.0,0.0,
2010-06-13,152.0,12.0,25.0,0.0,
2010-06-14,171.0,23.0,0.0,0.0,
2010-06-15,212.0,50.0,0.0,0.0,
2010-06-16,221.0,106.0,0.0,0.0,
2010-06-17,222.0,89.0,0.0,0.0,
2010-06-18,231.0,95.0,0.0,0.0,
2010-06-19,234.0,122.0,0.0,0.0,
2010-06-20,231.0,116.0,0.0,0.0,
2010-06-21,233.0,108.0,0.0,0.0,
2010-06-22,230.0,106.0,0.0,0.0,
2010-06-23,264.0,109.0,0.0,0.0,
2010-06-24,270.0,98.0,0.0,0.0,
2010-06-25,229.0,108.0,0.0,0.0,
2010-06-26,245.0,105.0,0.0,0.0,
2010-06-27,242.0,87.0,0.0,0.0,
2010-06-28,236.0,117.0,0.0,0.0,
2010-06-29,225.0,92.0,0.0,0.0,
2010-06-30,224.0,88.0,25.0,0.0,
2010-07-01,202.0,104.0,76.0,0.0,
2010-07-02,240.0,130.0,25.0,0.0,
2010-07-03,230.0,120.0,0.0,0.0,
2010-07-04,224.0,74.0,0.0,0.0,
2010-07-05,230.0,56.0,0.0,0.0,
2010-07-06,256.0,104.0,0.0,0.0,
2010-07-07,236.0,105.0,0.0,0.0,
2010-07-08,228.0,76.0,152.0,0.0,
2010-07-09,221.0,91.0,102.0,0.0,
2010-07-10,219.0,107.0,51.0,0.0,
2010-07-11,244.0,95.0,0.0,0.0,
2010-07-12,267.0,110.0,0.0,0.0,
2010-07-13,260.0,122.0,0.0,0.0,
2010-07-14,270.0,151.0,0.0,0.0,
2010-07-15,281.0,119.0,0.0,0.0,
2010-07-16,289.0,129.0,0.0,0.0,
2010-07-17,281.0,112.0,0.0,0.0,
2010-07-18,308.0,158.0,0.0,0.0,
2010-07-19,286.0,129.0,0.0,0.0,
2010-07-20,266.0,120.0,51.0,0.0,
2010-07-21,232.0,120.0,0.0,0.0,
2010-07-22,203.0,115.0,51.0,0.0,
2010-07-23,224.0,109.0,102.0,0.0,
2010-07-24,210.0,106.0,0.0,0.0,
2010-07-25,213.0,114.0,0.0,0.0,
2010-07-26,220.0,97.0,0.0,0.0,
2010-07-27,206.0,123.0,0.0,0.0,
2010-07-28,214.0,110.0,152.0,0.0,
2010-07-29,225.0,104.0,0.0,0.0,
2010-07-30,244.0,111.0,0.0,0.0,
2010-07-31,194.0,116.0,279.0,0.0,
2010-08-01,189.0,118.0,51.0,0.0,
2010-08-02,175.0,123.0,0.0,0.0,
2010-08-03,216.0,108.0,76.0,0.0,
2010-08-04,221.0,95.0,25.0,0.0,
2010-08-05,203.0,98.0,102.0,0.0,
2010-08-06,227.0,101.0,76.0,0.0,
2010-08-07,197.0,100.0,51.0,0.0,
2010-08-08,177.0,75.0,0.0,0.0,
2010-08-09,208.0,89.0,0.0,0.0,
2010-08-10,215.0,106.0,0.0,0.0,
2010-08-11,227.0,105.0,0.0,0.0,
2010-08-12,216.0,126.0,25.0,0.0,
2010-08-13,234.0,118.0,0.0,0.0,
2010-08-14,250.0,107.0,0.0,0.0,
2010-08-15,240.0,123.0,25.0,0.0,
2010-08-16,205.0,112.0,0.0,0.0,
2010-08-17,230.0,108.0,25.0,0.0,
2010-08-18,224.0,104.0,25.0,0.0,
2010-08-19,212.0,110.0,0.0,0.0,
2010-08-20,227.0,89.0,0.0,0.0,
2010-08-21,243.0,100.0,25.0,0.0,
2010-08-22,231.0,128.0,25.0,0.0,
2010-08-23,208.0,122.0,25.0,0.0,
2010-08-24,238.0,92.0,0.0,0.0,
2010-08-25,209.0,84.0,0.0,0.0,
2010-08-26,233.0,85.0,0.0,0.0,
2010-08-27,216.0,111.0,0.0,0.0,
2010-08-28,194.0,110.0,0.0,0.0,
2010-08-29,197.0,99.0,0.0,0.0,
2010-08-30,170.0,86.0,25.0,0.0,
2010-08-31,197.0,85.0,0.0,0.0,
2010-09-01,219.0,58.0,0.0,0.0,
2010-09-02,230.0,94.0,0.0,0.0,
2010-09-03,227.0,106.0,0.0,0.0,
2010-09-04,258.0,107.0,0.0,0.0,
2010-09-05,218.0,99.0,0.0,0.0,
2010-09-06,222.0,102.0,0.0,0.0,
2010-09-07,212.0,97.0,25.0,0.0,
2010-09-08,187.0,97.0,25.0,0.0,
2010-09-09,170.0,75.0,0.0,0.0,
2010-09-10,164.0,49.0,0.0,0.0,
2010-09-11,194.0,55.0,0.0,0.0,
2010-09-12,226.0,85.0,0.0,0.0,
2010-09-13,225.0,95.0,0.0,0.0,
2010-09-14,231.0,98.0,0.0,0.0,
2010-09-15,219.0,71.0,0.0,0.0,
2010-09-16,236.0,102.0,0.0,0.0,
2010-09-17,243.0,115.0,0.0,0.0,
2010-09-18,251.0,88.0,0.0,0.0,
2010-09-19,248.0,114.0,0.0,0.0,
2010-09-20,213.0,114.0,0.0,0.0,
2010-09-21,224.0,79.0,25.0,0.0,
2010-09-22,136.0,76.0,279.0,0.0,
2010-09-23,164.0,57.0,0.0,0.0,
2010-09-24,170.0,54.0,25.0,0.0,
2010-09-25,192.0,81.0,0.0,0.0,
2010-09-26,210.0,75.0,0.0,0.0,
2010-09-27,234.0,121.0,0.0,0.0,
2010-09-28,250.0,111.0,0.0,0.0,
2010-09-29,244.0,102.0,0.0,0.0,
2010-09-30,242.0,124.0,0.0,0.0,
2010-10-01,228.0,108.0,25.0,0.0,
2010-10-02,212.0,85.0,25.0,0.0,
2010-10-03,171.0,62.0,0.0,0.0,
2010-10-04,179.0,47.0,0.0,0.0,
2010-10-05,133.0,51.0,25.0,0.0,
2010-10-06,154.0,39.0,51.0,0.0,
2010-10-07,170.0,58.0,0.0,0.0,
2010-10-08,140.0,13.0,0.0,0.0,
2010-10-09,131.0,5.0,0.0,0.0,
2010-10-10,128.0,17.0,0.0,0.0,
2010-10-11,152.0,5.0,0.0,0.0,
2010-10-12,161.0,23.0,0.0,0.0,
2010-10-13,159.0,50.0,0.0,0.0,
2010-10-14,183.0,47.0,0.0,0.0,
2010-10-15,162.0,47.0,0.0,0.0,
2010-10-16,168.0,45.0,0.0,0.0,
2010-10-17,170.0,50.0,0.0,0.0,
2010-10-18,149.0,34.0,0.0,0.0,
2010-10-19,137.0,16.0,0.0,0.0,
2010-10-20,148.0,12.0,254.0,25.0,
2010-10-21,99.0,2.0,76.0,25.0,
2010-10-22,46.0,6.0,0.0,25.0,
2010-10-23,38.0,10.0,0.0,25.0,
2010-10-24,89.0,1.0,0.0,,
2010-10-25,36.0,-64.0,51.0,25.0,
2010-10-26,36.0,-52.0,0.0,25.0,
2010-10-27,35.0,-56.0,0.0,25.0,
2010-10-28,115.0,-42.0,0.0,25.0,
2010-10-29,151.0,17.0,0.0,0.0,
2010-10-30,132.0,17.0,0.0,0.0,
2010-10-31,108.0,-30.0,0.0,0.0,
2010-11-01,105.0,-12.0,0.0,0.0,
2010-11-02,175.0,1.0,0.0,0.0,
2010-11-03,166.0,46.0,0.0,0.0,
2010-11-04,143.0,22.0,0.0,0.0,
2010-11-05,159.0,26.0,0.0,0.0,
2010-11-06,159.0,16.0,0.0,0.0,
2010-11-07,102.0,27.0,0.0,0.0,
2010-11-08,88.0,-18.0,0.0,0.0,
2010-11-09,-8.0,-67.0,0.0,0.0,
2010-11-10,35.0,-79.0,0.0,0.0,
2010-11-11,15.0,-98.0,51.0,25.0,
2010-11-12,49.0,-120.0,0.0,25.0,
2010-11-13,37.0,-69.0,0.0,25.0,
2010-11-14,28.0,-72.0,0.0,25.0,
2010-11-15,22.0,-66.0,25.0,25.0,
2010-11-16,50.0,-66.0,0.0,25.0,
2010-11-17,57.0,-71.0,0.0,25.0,
2010-11-18,106.0,-46.0,0.0,,
2010-11-19,89.0,11.0,0.0,,
2010-11-20,79.0,-8.0,0.0,,
2010-11-21,2.0,-76.0,127.0,25.0,
2010-11-22,-50.0,-89.0,51.0,102.0,
2010-11-23,20.0,-86.0,0.0,51.0,
2010-11-24,-45.0,-114.0,0.0,25.0,
2010-11-25,-31.0,-192.0,25.0,25.0,
2010-11-26,64.0,-123.0,0.0,25.0,
2010-11-27,62.0,-68.0,0.0,25.0,
2010-11-28,-24.0,-108.0,51.0,51.0,
2010-11-29,-65.0,-159.0,25.0,102.0,
2010-11-30,2.0,-176.0,0.0,76.0,
2010-12-01,76.0,-69.0,0.0,51.0,
2010-12-02,95.0,-35.0,0.0,25.0,
2010-12-03,87.0,20.0,0.0,25.0,
2010-12-04,111.0,-28.0,0.0,25.0,
2010-12-05,91.0,-8.0,0.0,,
2010-12-06,95.0,-10.0,0.0,,
2010-12-07,52.0,-70.0,0.0,,
2010-12-08,85.0,-64.0,0.0,,
2010-12-09,80.0,-12.0,0.0,,
2010-12-10,64.0,-20.0,0.0,,
2010-12-11,64.0,-38.0,0.0,,
2010-12-12,82.0,-30.0,0.0,,
2010-12-13,110.0,-7.0,0.0,,
2010-12-14,97.0,21.0,0.0,,
2010-12-15,27.0,-13.0,51.0,,
2010-12-16,-4.0,-38.0,76.0,102.0,
2010-12-17,-12.0,-48.0,25.0,127.0,
2010-12-18,3.0,-35.0,229.0,203.0,
2010-12-19,20.0,-1.0,51.0,178.0,
2010-12-20,34.0,1.0,0.0,152.0,
2010-12-21,41.0,-10.0,102.0,203.0,
2010-12-22,50.0,-9.0,51.0,178.0,
2010-12-23,10.0,-49.0,51.0,229.0,
2010-12-24,76.0,-82.0,0.0,229.0,
2010-12-25,74.0,-83.0,0.0,229.0,
2010-12-26,32.0,-81.0,0.0,229.0,
2010-12-27,45.0,-86.0,0.0,229.0,
2010-12-28,25.0,-109.0,0.0,229.0,
2010-12-29,-39.0,-61.0,229.0,483.0,
2010-12-30,-60.0,-187.0,127.0,559.0,
2010-12-31,-125.0,-204.0,25.0,610.0,
2011-01-01,-78.0,-231.0,0.0,610.0,
2011-01-02,-10.0,-189.0,0.0,559.0,
2011-01-03,10.0,-97.0,0.0,559.0,
2011-01-04,-41.0,-133.0,0.0,559.0,
2011-01-05,37.0,-136.0,0.0,559.0,
2011-01-06,69.0,-88.0,0.0,533.0,
2011-01-07,87.0,-68.0,25.0,508.0,
2011-01-08,32.0,-104.0,0.0,508.0,
2011-01-09,-13.0,-92.0,0.0,508.0,
2011-01-10,-92.0,-194.0,25.0,508.0,
2011-01-11,-12.0,-174.0,0.0,508.0,
2011-01-12,49.0,-109.0,0.0,508.0,
2011-01-13,74.0,-69.0,0.0,508.0,
2011-01-14,59.0,-43.0,0.0,483.0,
2011-01-15,90.0,-62.0,0.0,483.0,
2011-01-16,58.0,-57.0,0.0,483.0,
2011-01-17,79.0,-3.0,0.0,483.0,
2011-01-18,95.0,-41.0,0.0,457.0,
2011-01-19,50.0,-97.0,0.0,457.0,
2011-01-20,25.0,-115.0,0.0,457.0,
2011-01-21,58.0,-72.0,0.0,457.0,
2011-01-22,52.0,-96.0,0.0,457.0,
2011-01-23,37.0,-118.0,0.0,457.0,
2011-01-24,4.0,-117.0,0.0,457.0,
2011-01-25,35.0,-102.0,0.0,457.0,
2011-01-26,18.0,-103.0,0.0,457.0,
2011-01-27,84.0,-87.0,0.0,457.0,
2011-01-28,82.0,-66.0,0.0,432.0,
2011-01-29,62.0,-66.0,0.0,406.0,
2011-01-30,36.0,-45.0,0.0,406.0,
2011-01-31,-13.0,-111.0,102.0,483.0,
2011-02-01,-70.0,-254.0,0.0,559.0,
2011-02-02,-152.0,-273.0,25.0,559.0,
2011-02-03,-27.0,-232.0,0.0,533.0,
2011-02-04,54.0,-90.0,0.0,483.0,
2011-02-05,24.0,-87.0,0.0,483.0,
2011-02-06,-9.0,-113.0,0.0,483.0,
2011-02-07,34.0,-108.0,0.0,483.0,
2011-02-08,-22.0,-171.0,51.0,610.0,
2011-02-09,-36.0,-184.0,0.0,584.0,
2011-02-10,14.0,-197.0,0.0,559.0,
2011-02-11,55.0,-112.0,0.0,533.0,
2011-02-12,84.0,-84.0,0.0,533.0,
2011-02-13,118.0,-64.0,0.0,483.0,
2011-02-14,100.0,-3.0,0.0,457.0,
2011-02-15,94.0,-22.0,0.0,457.0,
2011-02-16,66.0,-11.0,0.0,406.0,
2011-02-17,36.0,-26.0,0.0,406.0,
2011-02-18,56.0,-20.0,0.0,381.0,
2011-02-19,64.0,-74.0,152.0,483.0,
2011-02-20,-55.0,-94.0,76.0,584.0,
2011-02-21,0.0,-146.0,0.0,559.0,
2011-02-22,17.0,-78.0,0.0,533.0,
2011-02-23,30.0,-111.0,25.0,559.0,
2011-02-24,-6.0,-80.0,0.0,508.0,
2011-02-25,22.0,-78.0,0.0,483.0,
2011-02-26,42.0,-40.0,0.0,483.0,
2011-02-27,-39.0,-124.0,0.0,483.0,
2011-02-28,78.0,-120.0,0.0,457.0,
2011-03-01,86.0,-57.0,0.0,406.0,
2011-03-02,91.0,-18.0,0.0,406.0,
2011-03-03,72.0,-18.0,0.0,381.0,
2011-03-04,30.0,-62.0,0.0,381.0,
2011-03-05,69.0,-88.0,0.0,381.0,
2011-03-06,46.0,-24.0,25.0,356.0,
2011-03-07,33.0,-59.0,127.0,483.0,
2011-03-08,-10.0,-87.0,51.0,508.0,
2011-03-09,80.0,-87.0,0.0,457.0,
2011-03-10,120.0,-48.0,0.0,406.0,
2011-03-11,117.0,12.0,0.0,356.0,
2011-03-12,96.0,13.0,0.0,305.0,
2011-03-13,97.0,-24.0,0.0,279.0,
2011-03-14,119.0,-18.0,0.0,229.0,
2011-03-15,111.0,-4.0,0.0,203.0,
2011-03-16,128.0,35.0,0.0,127.0,
2011-03-17,106.0,0.0,0.0,51.0,
2011-03-18,94.0,-14.0,0.0,25.0,
2011-03-19,91.0,-4.0,0.0,,
2011-03-20,70.0,-10.0,25.0,,
2011-03-21,76.0,-58.0,51.0,51.0,
2011-03-22,-8.0,-80.0,0.0,51.0,
2011-03-23,58.0,-103.0,25.0,25.0,
2011-03-24,42.0,-36.0,0.0,25.0,
2011-03-25,52.0,-38.0,0.0,25.0,
2011-03-26,59.0,-62.0,25.0,,
2011-03-27,75.0,-40.0,0.0,0.0,
2011-03-28,92.0,-26.0,0.0,0.0,
2011-03-29,82.0,-47.0,0.0,0.0,
2011-03-30,70.0,-23.0,0.0,0.0,
2011-03-31,130.0,3.0,0.0,0.0,
2011-04-01,168.0,24.0,0.0,0.0,
2011-04-02,161.0,76.0,0.0,0.0,
2011-04-03,91.0,-83.0,0.0,0.0,
2011-04-04,70.0,-93.0,0.0,0.0,
2011-04-05,161.0,-15.0,0.0,0.0,
2011-04-06,90.0,-2.0,25.0,0.0,
2011-04-07,72.0,-13.0,102.0,0.0,
2011-04-08,88.0,-3.0,0.0,0.0,
2011-04-09,8.0,-97.0,51.0,51.0,
2011-04-10,10.0,-118.0,0.0,0.0,
2011-04-11,97.0,-67.0,25.0,0.0,
2011-04-12,120.0,-4.0,0.0,0.0,
2011-04-13,104.0,-18.0,0.0,0.0,
2011-04-14,49.0,-46.0,0.0,0.0,
2011-04-15,96.0,-46.0,0.0,0.0,
2011-04-16,142.0,-10.0,0.0,0.0,
2011-04-17,158.0,38.0,0.0,0.0,
2011-04-18,146.0,51.0,0.0,0.0,
2011-04-19,136.0,13.0,0.0,0.0,
2011-04-20,140.0,17.0,0.0,0.0,
2011-04-21,142.0,29.0,0.0,0.0,
2011-04-22,132.0,-8.0,0.0,0.0,
2011-04-23,98.0,8.0,25.0,0.0,
2011-04-24,68.0,-9.0,152.0,0.0,
2011-04-25,90.0,-14.0,25.0,0.0,
2011-04-26,36.0,-64.0,0.0,0.0,
2011-04-27,66.0,-81.0,0.0,0.0,
2011-04-28,139.0,-39.0,0.0,0.0,
2011-04-29,134.0,-50.0,0.0,0.0,
2011-04-30,41.0,-91.0,0.0,0.0,
2011-05-01,40.0,-78.0,0.0,0.0,
2011-05-02,62.0,-57.0,0.0,0.0,
2011-05-03,148.0,-36.0,0.0,0.0,
2011-05-04,162.0,22.0,0.0,0.0,
2011-05-05,173.0,12.0,0.0,0.0,
2011-05-06,183.0,51.0,25.0,0.0,
2011-05-07,180.0,36.0,0.0,0.0,
2011-05-08,161.0,61.0,0.0,0.0,
2011-05-09,87.0,-9.0,0.0,0.0,
2011-05-10,75.0,-24.0,0.0,0.0,
2011-05-11,82.0,-34.0,0.0,0.0,
2011-05-12,132.0,-23.0,0.0,0.0,
2011-05-13,175.0,40.0,0.0,0.0,
2011-05-14,177.0,65.0,0.0,0.0,
2011-05-15,174.0,48.0,0.0,0.0,
2011-05-16,155.0,46.0,0.0,0.0,
2011-05-17,107.0,12.0,0.0,0.0,
2011-05-18,29.0,-35.0,229.0,102.0,
2011-05-19,8.0,-38.0,127.0,102.0,
2011-05-20,80.0,-15.0,51.0,,
2011-05-21,118.0,-12.0,0.0,0.0,
2011-05-22,159.0,25.0,0.0,0.0,
2011-05-23,144.0,45.0,0.0,0.0,
2011-05-24,114.0,3.0,0.0,0.0,
2011-05-25,163.0,12.0,0.0,0.0,
2011-05-26,175.0,80.0,0.0,0.0,
2011-05-27,199.0,65.0,0.0,0.0,
2011-05-28,202.0,87.0,0.0,0.0,
2011-05-29,176.0,41.0,0.0,0.0,
2011-05-30,108.0,4.0,0.0,0.0,
2011-05-31,210.0,14.0,0.0,0.0,
2011-06-01,230.0,117.0,0.0,0.0,
2011-06-02,195.0,75.0,0.0,0.0,
2011-06-03,190.0,55.0,0.0,0.0,
2011-06-04,221.0,74.0,0.0,0.0,
2011-06-05,246.0,92.0,0.0,0.0,
2011-06-06,216.0,88.0,0.0,0.0,
2011-06-07,199.0,50.0,0.0,0.0,
2011-06-08,203.0,76.0,0.0,0.0,
2011-06-09,209.0,28.0,0.0,0.0,
2011-06-10,215.0,62.0,0.0,0.0,
2011-06-11,211.0,94.0,0.0,0.0,
2011-06-12,212.0,82.0,0.0,0.0,
2011-06-13,206.0,88.0,0.0,0.0,
2011-06-14,220.0,64.0,0.0,0.0,
2011-06-15,257.0,100.0,0.0,0.0,
2011-06-16,234.0,116.0,0.0,0.0,
2011-06-17,216.0,107.0,0.0,0.0,
2011-06-18,212.0,98.0,0.0,0.0,
2011-06-19,198.0,40.0,0.0,0.0,
2011-06-20,173.0,30.0,0.0,0.0,
2011-06-21,228.0,71.0,0.0,0.0,
2011-06-22,267.0,98.0,0.0,0.0,
2011-06-23,272.0,126.0,0.0,0.0,
2011-06-24,259.0,109.0,0.0,0.0,
2011-06-25,252.0,123.0,0.0,0.0,
2011-06-26,257.0,133.0,0.0,0.0,
2011-06-27,273.0,141.0,0.0,0.0,
2011-06-28,264.0,121.0,0.0,0.0,
2011-06-29,280.0,137.0,0.0,0.0,
2011-06-30,234.0,101.0,0.0,0.0,
2011-07-01,253.0,89.0,0.0,0.0,
2011-07-02,286.0,142.0,0.0,0.0,
2011-07-03,259.0,115.0,0.0,0.0,
2011-07-04,268.0,108.0,0.0,0.0,
2011-07-05,279.0,131.0,0.0,0.0,
2011-07-06,238.0,115.0,51.0,0.0,
2011-07-07,261.0,115.0,0.0,0.0,
2011-07-08,250.0,95.0,76.0,0.0,
2011-07-09,242.0,104.0,25.0,0.0,
2011-07-10,226.0,100.0,25.0,0.0,
2011-07-11,205.0,90.0,203.0,0.0,
2011-07-12,199.0,78.0,76.0,0.0,
2011-07-13,228.0,90.0,0.0,0.0,
2011-07-14,228.0,88.0,0.0,0.0,
2011-07-15,253.0,91.0,0.0,0.0,
2011-07-16,244.0,140.0,0.0,0.0,
2011-07-17,235.0,141.0,0.0,0.0,
2011-07-18,230.0,134.0,25.0,0.0,
2011-07-19,234.0,120.0,0.0,0.0,
2011-07-20,232.0,122.0,51.0,0.0,
2011-07-21,261.0,131.0,0.0,0.0,
2011-07-22,265.0,107.0,0.0,0.0,
2011-07-23,272.0,129.0,0.0,0.0,
2011-07-24,281.0,134.0,0.0,0.0,
2011-07-25,260.0,131.0,25.0,0.0,
2011-07-26,210.0,90.0,432.0,0.0,
2011-07-27,230.0,98.0,0.0,0.0,
2011-07-28,254.0,120.0,0.0,0.0,
2011-07-29,248.0,131.0,0.0,0.0,
2011-07-30,221.0,115.0,0.0,0.0,
2011-07-31,233.0,108.0,51.0,0.0,
2011-08-01,200.0,97.0,25.0,0.0,
2011-08-02,228.0,120.0,0.0,0.0,
2011-08-03,233.0,109.0,0.0,0.0,
2011-08-04,226.0,115.0,0.0,0.0,
2011-08-05,258.0,99.0,0.0,0.0,
2011-08-06,260.0,127.0,0.0,0.0,
2011-08-07,262.0,115.0,0.0,0.0,
2011-08-08,267.0,108.0,0.0,0.0,
2011-08-09,259.0,124.0,0.0,0.0,
2011-08-10,252.0,112.0,0.0,0.0,
2011-08-11,227.0,112.0,51.0,0.0,
2011-08-12,258.0,109.0,0.0,0.0,
2011-08-13,255.0,104.0,25.0,0.0,
2011-08-14,213.0,115.0,0.0,0.0,
2011-08-15,242.0,100.0,0.0,0.0,
2011-08-16,251.0,104.0,0.0,0.0,
2011-08-17,245.0,119.0,0.0,0.0,
2011-08-18,245.0,117.0,0.0,0.0,
2011-08-19,231.0,100.0,0.0,0.0,
2011-08-20,196.0,108.0,0.0,0.0,
2011-08-21,225.0,91.0,0.0,0.0,
2011-08-22,240.0,121.0,0.0,0.0,
2011-08-23,262.0,137.0,0.0,0.0,
2011-08-24,264.0,120.0,25.0,0.0,
2011-08-25,253.0,118.0,0.0,0.0,
2011-08-26,247.0,112.0,51.0,0.0,
2011-08-27,259.0,112.0,25.0,0.0,
2011-08-28,249.0,114.0,25.0,0.0,
2011-08-29,253.0,115.0,0.0,0.0,
2011-08-30,260.0,106.0,0.0,0.0,
2011-08-31,238.0,107.0,152.0,0.0,
2011-09-01,220.0,106.0,25.0,0.0,
2011-09-02,246.0,101.0,0.0,0.0,
2011-09-03,228.0,107.0,0.0,0.0,
2011-09-04,208.0,101.0,25.0,0.0,
2011-09-05,201.0,94.0,25.0,0.0,
2011-09-06,174.0,94.0,0.0,0.0,
2011-09-07,203.0,81.0,0.0,0.0,
2011-09-08,204.0,75.0,0.0,0.0,
2011-09-09,98.0,51.0,178.0,0.0,
2011-09-10,115.0,61.0,178.0,0.0,
2011-09-11,160.0,60.0,25.0,0.0,
2011-09-12,160.0,54.0,76.0,0.0,
2011-09-13,160.0,67.0,0.0,0.0,
2011-09-14,128.0,55.0,152.0,0.0,
2011-09-15,141.0,48.0,25.0,0.0,
2011-09-16,142.0,60.0,0.0,0.0,
2011-09-17,138.0,51.0,0.0,0.0,
2011-09-18,177.0,49.0,0.0,0.0,
2011-09-19,189.0,68.0,0.0,0.0,
2011-09-20,200.0,72.0,0.0,0.0,
2011-09-21,199.0,81.0,0.0,0.0,
2011-09-22,200.0,82.0,0.0,0.0,
2011-09-23,212.0,61.0,0.0,0.0,
2011-09-24,208.0,58.0,0.0,0.0,
2011-09-25,212.0,61.0,0.0,0.0,
2011-09-26,198.0,78.0,0.0,0.0,
2011-09-27,206.0,84.0,0.0,0.0,
2011-09-28,213.0,94.0,0.0,0.0,
2011-09-29,228.0,90.0,0.0,0.0,
2011-09-30,187.0,69.0,0.0,0.0,
2011-10-01,180.0,52.0,0.0,0.0,
2011-10-02,155.0,49.0,25.0,0.0,
2011-10-03,156.0,50.0,0.0,0.0,
2011-10-04,102.0,34.0,203.0,0.0,
2011-10-05,76.0,27.0,0.0,0.0,
2011-10-06,49.0,-37.0,127.0,0.0,
2011-10-07,33.0,-41.0,0.0,0.0,
2011-10-08,48.0,-40.0,0.0,0.0,
2011-10-09,72.0,-42.0,0.0,0.0,
2011-10-10,114.0,-25.0,0.0,0.0,
2011-10-11,132.0,27.0,0.0,0.0,
2011-10-12,154.0,27.0,0.0,0.0,
2011-10-13,185.0,33.0,0.0,0.0,
2011-10-14,187.0,42.0,0.0,0.0,
2011-10-15,197.0,75.0,0.0,0.0,
2011-10-16,184.0,86.0,0.0,0.0,
2011-10-17,139.0,20.0,0.0,0.0,
2011-10-18,153.0,-8.0,0.0,0.0,
2011-10-19,155.0,-10.0,0.0,0.0,
2011-10-20,155.0,30.0,0.0,0.0,
2011-10-21,152.0,25.0,0.0,0.0,
2011-10-22,155.0,24.0,0.0,0.0,
2011-10-23,164.0,29.0,0.0,0.0,
2011-10-24,154.0,50.0,0.0,0.0,
2011-10-25,79.0,32.0,51.0,25.0,
2011-10-26,67.0,-22.0,102.0,25.0,
2011-10-27,66.0,-64.0,0.0,25.0,
2011-10-28,84.0,-36.0,0.0,0.0,
2011-10-29,115.0,-8.0,0.0,0.0,
2011-10-30,133.0,-1.0,0.0,0.0,
2011-10-31,128.0,0.0,0.0,0.0,
2011-11-01,116.0,-61.0,0.0,0.0,
2011-11-02,33.0,-87.0,0.0,0.0,
2011-11-03,95.0,-71.0,0.0,0.0,
2011-11-04,91.0,24.0,0.0,0.0,
2011-11-05,23.0,-69.0,127.0,178.0,
2011-11-06,4.0,-74.0,0.0,152.0,
2011-11-07,0.0,-64.0,76.0,229.0,
2011-11-08,8.0,-99.0,0.0,178.0,
2011-11-09,55.0,-88.0,0.0,152.0,
2011-11-10,78.0,-76.0,0.0,127.0,
2011-11-11,70.0,-18.0,0.0,127.0,
2011-11-12,47.0,-9.0,0.0,127.0,
2011-11-13,12.0,-14.0,152.0,152.0,
2011-11-14,35.0,-38.0,0.0,152.0,
2011-11-15,55.0,-29.0,0.0,127.0,
2011-11-16,66.0,-57.0,0.0,127.0,
2011-11-17,76.0,-67.0,0.0,127.0,
2011-11-18,68.0,-13.0,0.0,102.0,
2011-11-19,49.0,-22.0,0.0,102.0,
2011-11-20,49.0,-15.0,0.0,102.0,
2011-11-21,22.0,-38.0,76.0,152.0,
2011-11-22,65.0,-62.0,0.0,152.0,
2011-11-23,124.0,-18.0,0.0,127.0,
2011-11-24,84.0,-25.0,25.0,76.0,
2011-11-25,39.0,-34.0,0.0,127.0,
2011-11-26,57.0,-58.0,0.0,127.0,
2011-11-27,119.0,-16.0,0.0,127.0,
2011-11-28,148.0,-4.0,0.0,76.0,
2011-11-29,111.0,-40.0,0.0,76.0,
2011-11-30,77.0,-52.0,0.0,76.0,
2011-12-01,50.0,-82.0,51.0,127.0,
2011-12-02,-30.0,-86.0,0.0,127.0,
2011-12-03,-47.0,-89.0,102.0,203.0,
2011-12-04,-58.0,-157.0,51.0,254.0,
2011-12-05,-47.0,-201.0,0.0,254.0,
2011-12-06,-38.0,-209.0,0.0,229.0,
2011-12-07,46.0,-113.0,0.0,203.0,
2011-12-08,78.0,-88.0,0.0,203.0,
2011-12-09,59.0,-104.0,0.0,178.0,
2011-12-10,67.0,-74.0,0.0,178.0,
2011-12-11,29.0,-69.0,25.0,178.0,
2011-12-12,-4.0,-32.0,51.0,254.0,
2011-12-13,8.0,-49.0,51.0,305.0,
2011-12-14,-46.0,-121.0,76.0,381.0,
2011-12-15,3.0,-119.0,0.0,356.0,
2011-12-16,-16.0,-107.0,0.0,330.0,
2011-12-17,110.0,-58.0,0.0,330.0,
2011-12-18,76.0,-25.0,0.0,305.0,
2011-12-19,27.0,-48.0,0.0,305.0,
2011-12-20,24.0,-68.0,0.0,305.0,
2011-12-21,-9.0,-79.0,25.0,279.0,
2011-12-22,-79.0,-142.0,0.0,330.0,
2011-12-23,-25.0,-126.0,0.0,381.0,
2011-12-24,39.0,-87.0,0.0,356.0,
2011-12-25,86.0,-73.0,0.0,330.0,
2011-12-26,67.0,-67.0,0.0,330.0,
2011-12-27,59.0,-101.0,0.0,330.0,
2011-12-28,76.0,-58.0,0.0,305.0,
2011-12-29,88.0,-24.0,0.0,279.0,
2011-12-30,82.0,-10.0,0.0,279.0,
2011-12-31,65.0,-36.0,0.0,279.0,
2012-01-01,102.0,-47.0,0.0,279.0,
2012-01-02,112.0,-29.0,0.0,254.0,
2012-01-03,104.0,-29.0,0.0,254.0,
2012-01-04,126.0,-29.0,0.0,254.0,
2012-01-05,116.0,-42.0,0.0,254.0,
2012-01-06,102.0,-38.0,0.0,229.0,
2012-01-07,34.0,-58.0,0.0,229.0,
2012-01-08,-3.0,-92.0,0.0,229.0,
2012-01-09,86.0,-97.0,0.0,229.0,
2012-01-10,54.0,-46.0,0.0,229.0,
2012-01-11,13.0,-97.0,0.0,229.0,
2012-01-12,18.0,-97.0,0.0,229.0,
2012-01-13,50.0,-76.0,0.0,229.0,
2012-01-14,76.0,-66.0,0.0,229.0,
2012-01-15,32.0,-39.0,25.0,229.0,
2012-01-16,-25.0,-56.0,51.0,229.0,
2012-01-17,-6.0,-67.0,0.0,229.0,
2012-01-18,44.0,-69.0,0.0,229.0,
2012-01-19,92.0,-22.0,0.0,203.0,
2012-01-20,60.0,-37.0,0.0,203.0,
2012-01-21,32.0,-69.0,25.0,229.0,
2012-01-22,-23.0,-109.0,51.0,305.0,
2012-01-23,23.0,-93.0,127.0,356.0,
2012-01-24,7.0,-108.0,0.0,330.0,
2012-01-25,80.0,-86.0,25.0,305.0,
2012-01-26,87.0,-31.0,0.0,305.0,
2012-01-27,44.0,-102.0,0.0,305.0,
2012-01-28,57.0,-97.0,0.0,305.0,
2012-01-29,79.0,-59.0,0.0,305.0,
2012-01-30,74.0,-86.0,0.0,305.0,
2012-01-31,38.0,-72.0,0.0,305.0,
2012-02-01,38.0,-79.0,0.0,305.0,
2012-02-02,-21.0,-76.0,102.0,381.0,
2012-02-03,-38.0,-78.0,76.0,457.0,
2012-02-04,-18.0,-79.0,25.0,457.0,
2012-02-05,7.0,-110.0,0.0,432.0,
2012-02-06,13.0,-144.0,0.0,432.0,
2012-02-07,13.0,-136.0,0.0,432.0,
2012-02-08,84.0,-48.0,0.0,406.0,
2012-02-09,27.0,-79.0,0.0,381.0,
2012-02-10,46.0,-83.0,0.0,381.0,
2012-02-11,79.0,-69.0,25.0,356.0,
2012-02-12,22.0,-46.0,76.0,457.0,
2012-02-13,-24.0,-59.0,51.0,533.0,
2012-02-14,-4.0,-78.0,0.0,508.0,
2012-02-15,0.0,-99.0,0.0,508.0,
2012-02-16,28.0,-86.0,0.0,508.0,
2012-02-17,50.0,-99.0,0.0,508.0,
2012-02-18,61.0,-106.0,25.0,483.0,
2012-02-19,-18.0,-106.0,0.0,533.0,
2012-02-20,2.0,-148.0,0.0,533.0,
2012-02-21,38.0,-76.0,0.0,508.0,
2012-02-22,67.0,-46.0,0.0,483.0,
2012-02-23,58.0,-101.0,0.0,483.0,
2012-02-24,52.0,-113.0,0.0,432.0,
2012-02-25,71.0,-22.0,25.0,406.0,
2012-02-26,48.0,-49.0,0.0,406.0,
2012-02-27,65.0,-20.0,51.0,432.0,
2012-02-28,-18.0,-97.0,76.0,508.0,
2012-02-29,24.0,-108.0,0.0,457.0,
2012-03-01,5.0,-92.0,0.0,483.0,
2012-03-02,-58.0,-147.0,76.0,584.0,
2012-03-03,45.0,-162.0,0.0,533.0,
2012-03-04,96.0,-104.0,0.0,483.0,
2012-03-05,105.0,-60.0,0.0,457.0,
2012-03-06,86.0,3.0,0.0,432.0,
2012-03-07,4.0,-98.0,0.0,432.0,
2012-03-08,37.0,-94.0,76.0,432.0,
2012-03-09,25.0,-65.0,25.0,457.0,
2012-03-10,35.0,-63.0,25.0,457.0,
2012-03-11,67.0,-50.0,25.0,406.0,
2012-03-12,106.0,-43.0,0.0,381.0,
2012-03-13,105.0,3.0,0.0,356.0,
2012-03-14,110.0,5.0,0.0,330.0,
2012-03-15,132.0,-21.0,0.0,279.0,
2012-03-16,118.0,3.0,0.0,203.0,
2012-03-17,97.0,13.0,0.0,178.0,
2012-03-18,20.0,-101.0,25.0,203.0,
2012-03-19,-52.0,-115.0,25.0,178.0,
2012-03-20,22.0,-117.0,0.0,203.0,
2012-03-21,89.0,-78.0,25.0,152.0,
2012-03-22,132.0,-41.0,0.0,102.0,
2012-03-23,144.0,-15.0,25.0,51.0,
2012-03-24,149.0,21.0,0.0,25.0,
2012-03-25,138.0,34.0,0.0,25.0,
2012-03-26,98.0,14.0,0.0,25.0,
2012-03-27,130.0,-31.0,0.0,25.0,
2012-03-28,137.0,13.0,0.0,25.0,
2012-03-29,130.0,-3.0,0.0,25.0,
2012-03-30,148.0,20.0,0.0,25.0,
2012-03-31,170.0,29.0,0.0,25.0,
2012-04-01,110.0,-46.0,0.0,0.0,
2012-04-02,29.0,-65.0,0.0,0.0,
2012-04-03,68.0,-40.0,0.0,0.0,
2012-04-04,127.0,-24.0,0.0,0.0,
2012-04-05,109.0,22.0,0.0,0.0,
2012-04-06,108.0,-15.0,0.0,0.0,
2012-04-07,99.0,-35.0,0.0,0.0,
2012-04-08,155.0,-1.0,0.0,0.0,
2012-04-09,175.0,30.0,0.0,0.0,
2012-04-10,177.0,24.0,0.0,0.0,
2012-04-11,164.0,-9.0,0.0,0.0,
2012-04-12,69.0,-18.0,0.0,0.0,
2012-04-13,52.0,-30.0,0.0,0.0,
2012-04-14,4.0,-72.0,76.0,102.0,
2012-04-15,49.0,-70.0,25.0,76.0,
2012-04-16,89.0,-56.0,0.0,25.0,
2012-04-17,134.0,-18.0,25.0,0.0,
2012-04-18,149.0,24.0,0.0,0.0,
2012-04-19,139.0,18.0,0.0,0.0,
2012-04-20,168.0,4.0,0.0,0.0,
2012-04-21,189.0,54.0,25.0,0.0,
2012-04-22,195.0,69.0,0.0,0.0,
2012-04-23,202.0,79.0,0.0,0.0,
2012-04-24,204.0,69.0,0.0,0.0,
2012-04-25,172.0,50.0,0.0,0.0,
2012-04-26,155.0,-3.0,0.0,0.0,
2012-04-27,124.0,0.0,0.0,0.0,
2012-04-28,131.0,17.0,0.0,0.0,
2012-04-29,141.0,3.0,0.0,0.0,
2012-04-30,164.0,15.0,25.0,0.0,
2012-05-01,165.0,55.0,0.0,0.0,
2012-05-02,151.0,54.0,0.0,0.0,
2012-05-03,182.0,51.0,0.0,0.0,
2012-05-04,189.0,61.0,0.0,0.0,
2012-05-05,175.0,57.0,0.0,0.0,
2012-05-06,160.0,26.0,0.0,0.0,
2012-05-07,146.0,14.0,0.0,0.0,
2012-05-08,130.0,5.0,0.0,0.0,
2012-05-09,150.0,22.0,0.0,0.0,
2012-05-10,186.0,33.0,0.0,0.0,
2012-05-11,200.0,47.0,0.0,0.0,
2012-05-12,164.0,41.0,0.0,0.0,
2012-05-13,132.0,18.0,0.0,0.0,
2012-05-14,167.0,0.0,0.0,0.0,
2012-05-15,198.0,55.0,0.0,0.0,
2012-05-16,190.0,90.0,0.0,0.0,
2012-05-17,215.0,48.0,0.0,0.0,
2012-05-18,174.0,59.0,0.0,0.0,
2012-05-19,170.0,15.0,0.0,0.0,
2012-05-20,199.0,49.0,0.0,0.0,
2012-05-21,240.0,89.0,0.0,0.0,
2012-05-22,227.0,49.0,0.0,0.0,
2012-05-23,216.0,104.0,0.0,0.0,
2012-05-24,188.0,46.0,0.0,0.0,
2012-05-25,200.0,78.0,0.0,0.0,
2012-05-26,161.0,13.0,0.0,0.0,
2012-05-27,121.0,-32.0,0.0,0.0,
2012-05-28,185.0,7.0,0.0,0.0,
2012-05-29,216.0,47.0,0.0,0.0,
2012-05-30,225.0,57.0,0.0,0.0,
2012-05-31,231.0,91.0,0.0,0.0,
2012-06-01,255.0,109.0,0.0,0.0,
2012-06-02,243.0,109.0,0.0,0.0,
2012-06-03,260.0,84.0,0.0,0.0,
2012-06-04,246.0,89.0,0.0,0.0,
2012-06-05,222.0,95.0,0.0,0.0,
2012-06-06,236.0,84.0,0.0,0.0,
2012-06-07,237.0,91.0,0.0,0.0,
2012-06-08,238.0,95.0,0.0,0.0,
2012-06-09,226.0,110.0,0.0,0.0,
2012-06-10,204.0,80.0,0.0,0.0,
2012-06-11,234.0,64.0,0.0,0.0,
2012-06-12,247.0,94.0,0.0,0.0,
2012-06-13,265.0,101.0,0.0,0.0,
2012-06-14,250.0,71.0,0.0,0.0,
2012-06-15,240.0,97.0,0.0,0.0,
2012-06-16,237.0,77.0,0.0,0.0,
2012-06-17,264.0,80.0,0.0,0.0,
2012-06-18,249.0,140.0,0.0,0.0,
2012-06-19,261.0,123.0,0.0,0.0,
2012-06-20,269.0,115.0,0.0,0.0,
2012-06-21,300.0,139.0,0.0,0.0,
2012-06-22,280.0,131.0,0.0,0.0,
2012-06-23,286.0,155.0,0.0,0.0,
2012-06-24,277.0,129.0,0.0,0.0,
2012-06-25,280.0,118.0,0.0,0.0,
2012-06-26,248.0,105.0,127.0,0.0,
2012-06-27,246.0,131.0,25.0,0.0,
2012-06-28,250.0,111.0,127.0,0.0,
2012-06-29,275.0,138.0,0.0,0.0,
2012-06-30,273.0,131.0,0.0,0.0,
2012-07-01,298.0,129.0,25.0,0.0,
2012-07-02,279.0,146.0,0.0,0.0,
2012-07-03,252.0,137.0,0.0,0.0,
2012-07-04,229.0,106.0,127.0,0.0,
2012-07-05,190.0,101.0,25.0,0.0,
2012-07-06,211.0,81.0,0.0,0.0,
2012-07-07,209.0,109.0,0.0,0.0,
2012-07-08,205.0,98.0,178.0,0.0,
2012-07-09,235.0,98.0,0.0,0.0,
2012-07-10,232.0,111.0,0.0,0.0,
2012-07-11,250.0,108.0,0.0,0.0,
2012-07-12,251.0,110.0,51.0,0.0,
2012-07-13,225.0,108.0,51.0,0.0,
2012-07-14,234.0,107.0,0.0,0.0,
2012-07-15,201.0,107.0,76.0,0.0,
2012-07-16,230.0,96.0,0.0,0.0,
2012-07-17,234.0,106.0,0.0,0.0,
2012-07-18,244.0,112.0,0.0,0.0,
2012-07-19,243.0,117.0,0.0,0.0,
2012-07-20,253.0,126.0,0.0,0.0,
2012-07-21,254.0,118.0,0.0,0.0,
2012-07-22,242.0,119.0,25.0,0.0,
2012-07-23,240.0,107.0,0.0,0.0,
2012-07-24,196.0,104.0,178.0,0.0,
2012-07-25,242.0,98.0,25.0,0.0,
2012-07-26,257.0,121.0,0.0,0.0,
2012-07-27,210.0,115.0,51.0,0.0,
2012-07-28,225.0,128.0,0.0,0.0,
2012-07-29,226.0,105.0,51.0,0.0,
2012-07-30,260.0,109.0,51.0,0.0,
2012-07-31,224.0,104.0,25.0,0.0,
2012-08-01,234.0,99.0,25.0,0.0,
2012-08-02,221.0,106.0,25.0,0.0,
2012-08-03,222.0,107.0,0.0,0.0,
2012-08-04,226.0,105.0,0.0,0.0,
2012-08-05,213.0,109.0,152.0,0.0,
2012-08-06,240.0,105.0,0.0,0.0,
2012-08-07,262.0,109.0,0.0,0.0,
2012-08-08,260.0,137.0,0.0,0.0,
2012-08-09,247.0,120.0,51.0,0.0,
2012-08-10,268.0,131.0,25.0,0.0,
2012-08-11,276.0,151.0,0.0,0.0,
2012-08-12,242.0,114.0,25.0,0.0,
2012-08-13,250.0,126.0,25.0,0.0,
2012-08-14,228.0,116.0,0.0,0.0,
2012-08-15,257.0,98.0,0.0,0.0,
2012-08-16,252.0,118.0,25.0,0.0,
2012-08-17,234.0,104.0,0.0,0.0,
2012-08-18,238.0,99.0,0.0,0.0,
2012-08-19,249.0,108.0,0.0,0.0,
2012-08-20,235.0,116.0,0.0,0.0,
2012-08-21,240.0,109.0,0.0,0.0,
2012-08-22,204.0,96.0,25.0,0.0,
2012-08-23,168.0,81.0,76.0,0.0,
2012-08-24,178.0,90.0,25.0,0.0,
2012-08-25,230.0,98.0,25.0,0.0,
2012-08-26,246.0,105.0,0.0,0.0,
2012-08-27,243.0,132.0,0.0,0.0,
2012-08-28,248.0,128.0,0.0,0.0,
2012-08-29,258.0,121.0,0.0,0.0,
2012-08-30,235.0,114.0,0.0,0.0,
2012-08-31,228.0,110.0,0.0,0.0,
2012-09-01,228.0,115.0,0.0,0.0,
2012-09-02,235.0,104.0,0.0,0.0,
2012-09-03,222.0,100.0,0.0,0.0,
2012-09-04,233.0,104.0,0.0,0.0,
2012-09-05,244.0,131.0,0.0,0.0,
2012-09-06,258.0,128.0,0.0,0.0,
2012-09-07,228.0,124.0,0.0,0.0,
2012-09-08,212.0,87.0,0.0,0.0,
2012-09-09,197.0,84.0,0.0,0.0,
2012-09-10,205.0,82.0,76.0,0.0,
2012-09-11,159.0,89.0,25.0,0.0,
2012-09-12,143.0,71.0,0.0,0.0,
2012-09-13,153.0,57.0,0.0,0.0,
2012-09-14,155.0,46.0,0.0,0.0,
2012-09-15,203.0,47.0,0.0,0.0,
2012-09-16,227.0,78.0,0.0,0.0,
2012-09-17,202.0,84.0,0.0,0.0,
2012-09-18,204.0,60.0,0.0,0.0,
2012-09-19,221.0,69.0,0.0,0.0,
2012-09-20,218.0,80.0,0.0,0.0,
2012-09-21,212.0,49.0,0.0,0.0,
2012-09-22,230.0,90.0,0.0,0.0,
2012-09-23,211.0,91.0,0.0,0.0,
2012-09-24,191.0,70.0,0.0,0.0,
2012-09-25,163.0,44.0,0.0,0.0,
2012-09-26,174.0,36.0,0.0,0.0,
2012-09-27,164.0,45.0,0.0,0.0,
2012-09-28,174.0,41.0,0.0,0.0,
2012-09-29,184.0,45.0,0.0,0.0,
2012-09-30,196.0,61.0,51.0,0.0,
2012-10-01,196.0,59.0,0.0,0.0,
2012-10-02,210.0,51.0,0.0,0.0,
2012-10-03,218.0,78.0,0.0,0.0,
2012-10-04,178.0,85.0,0.0,0.0,
2012-10-05,177.0,44.0,0.0,0.0,
2012-10-06,174.0,50.0,0.0,0.0,
2012-10-07,140.0,23.0,0.0,0.0,
2012-10-08,166.0,5.0,0.0,0.0,
2012-10-09,162.0,21.0,0.0,0.0,
2012-10-10,184.0,55.0,0.0,0.0,
2012-10-11,164.0,42.0,0.0,0.0,
2012-10-12,94.0,-11.0,0.0,0.0,
2012-10-13,101.0,-18.0,0.0,0.0,
2012-10-14,134.0,17.0,0.0,0.0,
2012-10-15,176.0,8.0,25.0,0.0,
2012-10-16,184.0,32.0,0.0,0.0,
2012-10-17,144.0,45.0,0.0,0.0,
2012-10-18,155.0,12.0,0.0,0.0,
2012-10-19,195.0,23.0,0.0,0.0,
2012-10-20,182.0,52.0,0.0,0.0,
2012-10-21,149.0,37.0,0.0,0.0,
2012-10-22,129.0,33.0,0.0,0.0,
2012-10-23,143.0,42.0,0.0,0.0,
2012-10-24,122.0,-39.0,0.0,0.0,
2012-10-25,71.0,-61.0,0.0,0.0,
2012-10-26,55.0,-86.0,0.0,0.0,
2012-10-27,111.0,-47.0,0.0,0.0,
2012-10-28,147.0,-7.0,0.0,0.0,
2012-10-29,162.0,-2.0,0.0,0.0,
2012-10-30,161.0,14.0,0.0,0.0,
2012-10-31,154.0,3.0,0.0,0.0,
2012-11-01,147.0,11.0,0.0,0.0,
2012-11-02,118.0,18.0,0.0,0.0,
2012-11-03,128.0,2.0,0.0,0.0,
2012-11-04,141.0,-3.0,0.0,0.0,
2012-11-05,156.0,25.0,0.0,0.0,
2012-11-06,172.0,33.0,0.0,0.0,
2012-11-07,149.0,4.0,0.0,0.0,
2012-11-08,120.0,20.0,25.0,,
2012-11-09,55.0,3.0,0.0,,
2012-11-10,4.0,-106.0,127.0,76.0,
2012-11-11,-46.0,-146.0,0.0,102.0,
2012-11-12,67.0,-133.0,0.0,51.0,
2012-11-13,79.0,-76.0,0.0,0.0,
2012-11-14,102.0,-64.0,0.0,0.0,
2012-11-15,110.0,-31.0,0.0,0.0,
2012-11-16,111.0,17.0,0.0,0.0,
2012-11-17,89.0,-9.0,0.0,0.0,
2012-11-18,72.0,2.0,0.0,0.0,
2012-11-19,91.0,-37.0,0.0,0.0,
2012-11-20,114.0,-24.0,0.0,0.0,
2012-11-21,112.0,-23.0,0.0,0.0,
2012-11-22,117.0,0.0,0.0,0.0,
2012-11-23,118.0,-9.0,0.0,0.0,
2012-11-24,111.0,-23.0,0.0,0.0,
2012-11-25,99.0,8.0,0.0,0.0,
2012-11-26,96.0,-12.0,0.0,0.0,
2012-11-27,97.0,-37.0,0.0,0.0,
2012-11-28,101.0,-18.0,51.0,0.0,
2012-11-29,86.0,-6.0,0.0,0.0,
2012-11-30,91.0,-20.0,0.0,0.0,
2012-12-01,76.0,-8.0,0.0,0.0,
2012-12-02,88.0,11.0,0.0,0.0,
2012-12-03,70.0,-30.0,0.0,0.0,
2012-12-04,97.0,-44.0,0.0,0.0,
2012-12-05,116.0,-7.0,0.0,0.0,
2012-12-06,75.0,-18.0,0.0,0.0,
2012-12-07,69.0,-26.0,0.0,0.0,
2012-12-08,47.0,-29.0,0.0,0.0,
2012-12-09,-7.0,-158.0,0.0,0.0,
2012-12-10,-4.0,-164.0,0.0,0.0,
2012-12-11,-4.0,-113.0,0.0,0.0,
2012-12-12,32.0,-49.0,0.0,0.0,
2012-12-13,51.0,-25.0,0.0,0.0,
2012-12-14,4.0,-80.0,76.0,51.0,
2012-12-15,-47.0,-103.0,178.0,203.0,
2012-12-16,-79.0,-107.0,0.0,178.0,
2012-12-17,-1.0,-94.0,25.0,152.0,
2012-12-18,-20.0,-60.0,25.0,127.0,
2012-12-19,-26.0,-203.0,102.0,330.0,
2012-12-20,34.0,-193.0,25.0,279.0,
2012-12-21,71.0,-87.0,0.0,254.0,
2012-12-22,41.0,-79.0,25.0,229.0,
2012-12-23,41.0,-43.0,0.0,229.0,
2012-12-24,-24.0,-114.0,152.0,406.0,
2012-12-25,-6.0,-162.0,0.0,381.0,
2012-12-26,-1.0,-91.0,127.0,432.0,
2012-12-27,-48.0,-136.0,0.0,432.0,
2012-12-28,-40.0,-176.0,0.0,432.0,
2012-12-29,13.0,-168.0,51.0,432.0,
2012-12-30,2.0,-78.0,25.0,406.0,
2012-12-31,-70.0,-131.0,51.0,533.0,
2013-01-01,-8.0,-177.0,0.0,533.0,
2013-01-02,2.0,-157.0,0.0,483.0,
2013-01-03,-58.0,-167.0,0.0,483.0,
2013-01-04,-18.0,-162.0,25.0,457.0,
2013-01-05,55.0,-112.0,25.0,457.0,
2013-01-06,50.0,-63.0,0.0,432.0,
2013-01-07,58.0,-76.0,0.0,432.0,
2013-01-08,55.0,-57.0,0.0,432.0,
2013-01-09,101.0,-47.0,0.0,406.0,
2013-01-10,10.0,-58.0,51.0,381.0,
2013-01-11,-58.0,-198.0,0.0,533.0,
2013-01-12,-99.0,-217.0,0.0,533.0,
2013-01-13,-98.0,-196.0,0.0,508.0,
2013-01-14,-106.0,-241.0,76.0,533.0,
2013-01-15,-55.0,-240.0,25.0,533.0,
2013-01-16,58.0,-115.0,0.0,533.0,
2013-01-17,46.0,-94.0,0.0,533.0,
2013-01-18,75.0,-82.0,0.0,508.0,
2013-01-19,92.0,-86.0,0.0,483.0,
2013-01-20,89.0,-85.0,0.0,483.0,
2013-01-21,91.0,-67.0,25.0,483.0,
2013-01-22,122.0,-37.0,0.0,457.0,
2013-01-23,108.0,-38.0,51.0,457.0,
2013-01-24,77.0,-6.0,25.0,432.0,
2013-01-25,41.0,2.0,0.0,406.0,
2013-01-26,29.0,-9.0,356.0,432.0,
2013-01-27,3.0,-10.0,102.0,406.0,
2013-01-28,-9.0,-105.0,152.0,711.0,
2013-01-29,-69.0,-145.0,25.0,711.0,
2013-01-30,-18.0,-164.0,51.0,686.0,
2013-01-31,32.0,-109.0,0.0,610.0,
2013-02-01,34.0,-110.0,0.0,610.0,
2013-02-02,97.0,-85.0,25.0,584.0,
2013-02-03,49.0,-67.0,0.0,584.0,
2013-02-04,88.0,-98.0,0.0,559.0,
2013-02-05,100.0,-76.0,0.0,533.0,
2013-02-06,62.0,-57.0,0.0,533.0,
2013-02-07,47.0,-101.0,0.0,508.0,
2013-02-08,47.0,-52.0,25.0,483.0,
2013-02-09,-50.0,-103.0,102.0,762.0,
2013-02-10,-78.0,-115.0,76.0,813.0,
2013-02-11,-9.0,-172.0,0.0,813.0,
2013-02-12,-18.0,-184.0,25.0,813.0,
2013-02-13,20.0,-154.0,0.0,813.0,
2013-02-14,34.0,-117.0,0.0,787.0,
2013-02-15,38.0,-124.0,0.0,762.0,
2013-02-16,75.0,-111.0,0.0,737.0,
2013-02-17,52.0,-81.0,0.0,737.0,
2013-02-18,27.0,-108.0,0.0,737.0,
2013-02-19,38.0,-91.0,51.0,711.0,
2013-02-20,-24.0,-81.0,0.0,737.0,
2013-02-21,-29.0,-80.0,102.0,838.0,
2013-02-22,-57.0,-116.0,0.0,864.0,
2013-02-23,12.0,-121.0,0.0,864.0,
2013-02-24,-65.0,-182.0,0.0,864.0,
2013-02-25,16.0,-167.0,0.0,813.0,
2013-02-26,-44.0,-147.0,0.0,813.0,
2013-02-27,-7.0,-172.0,0.0,813.0,
2013-02-28,38.0,-141.0,25.0,787.0,
2013-03-01,78.0,-91.0,0.0,762.0,
2013-03-02,134.0,-43.0,51.0,686.0,
2013-03-03,56.0,5.0,0.0,686.0,
2013-03-04,58.0,-34.0,0.0,660.0,
2013-03-05,92.0,-61.0,0.0,610.0,
2013-03-06,87.0,12.0,0.0,584.0,
2013-03-07,90.0,-8.0,0.0,584.0,
2013-03-08,21.0,-97.0,76.0,635.0,
2013-03-09,-49.0,-101.0,25.0,635.0,
2013-03-10,38.0,-84.0,0.0,635.0,
2013-03-11,86.0,-83.0,25.0,610.0,
2013-03-12,108.0,-49.0,0.0,559.0,
2013-03-13,114.0,-31.0,25.0,508.0,
2013-03-14,151.0,6.0,0.0,483.0,
2013-03-15,151.0,13.0,0.0,406.0,
2013-03-16,112.0,-11.0,0.0,381.0,
2013-03-17,91.0,-14.0,0.0,330.0,
2013-03-18,76.0,-15.0,0.0,279.0,
2013-03-19,68.0,-30.0,0.0,254.0,
2013-03-20,72.0,-50.0,0.0,229.0,
2013-03-21,87.0,-21.0,0.0,178.0,
2013-03-22,67.0,-61.0,0.0,152.0,
2013-03-23,-18.0,-118.0,0.0,127.0,
2013-03-24,11.0,-115.0,0.0,127.0,
2013-03-25,48.0,-102.0,0.0,51.0,
2013-03-26,96.0,-26.0,0.0,0.0,
2013-03-27,101.0,8.0,0.0,0.0,
2013-03-28,112.0,2.0,0.0,0.0,
2013-03-29,134.0,8.0,0.0,0.0,
2013-03-30,126.0,10.0,0.0,0.0,
2013-03-31,141.0,7.0,0.0,0.0,
2013-04-01,108.0,6.0,0.0,0.0,
2013-04-02,55.0,-37.0,0.0,0.0,
2013-04-03,108.0,-41.0,0.0,0.0,
2013-04-04,144.0,10.0,51.0,0.0,
2013-04-05,129.0,34.0,0.0,0.0,
2013-04-06,133.0,-6.0,0.0,0.0,
2013-04-07,122.0,1.0,0.0,0.0,
2013-04-08,96.0,-58.0,25.0,0.0,
2013-04-09,-8.0,-61.0,152.0,152.0,
2013-04-10,6.0,-120.0,0.0,76.0,
2013-04-11,71.0,-45.0,51.0,25.0,
2013-04-12,108.0,-23.0,0.0,25.0,
2013-04-13,121.0,-4.0,0.0,0.0,
2013-04-14,117.0,17.0,0.0,0.0,
2013-04-15,118.0,10.0,0.0,0.0,
2013-04-16,115.0,2.0,0.0,0.0,
2013-04-17,3.0,-83.0,0.0,0.0,
2013-04-18,5.0,-106.0,0.0,0.0,
2013-04-19,85.0,-76.0,0.0,0.0,
2013-04-20,89.0,-16.0,0.0,0.0,
2013-04-21,128.0,-34.0,51.0,0.0,
2013-04-22,160.0,41.0,0.0,0.0,
2013-04-23,61.0,-41.0,0.0,0.0,
2013-04-24,124.0,-49.0,0.0,0.0,
2013-04-25,134.0,12.0,0.0,0.0,
2013-04-26,136.0,-11.0,0.0,0.0,
2013-04-27,154.0,4.0,0.0,0.0,
2013-04-28,186.0,24.0,0.0,0.0,
2013-04-29,196.0,39.0,0.0,0.0,
2013-04-30,194.0,87.0,0.0,0.0,
2013-05-01,131.0,-23.0,0.0,0.0,
2013-05-02,91.0,-34.0,0.0,0.0,
2013-05-03,147.0,-28.0,0.0,0.0,
2013-05-04,176.0,4.0,0.0,0.0,
2013-05-05,146.0,60.0,0.0,0.0,
2013-05-06,97.0,4.0,0.0,0.0,
2013-05-07,124.0,18.0,0.0,0.0,
2013-05-08,88.0,-15.0,0.0,0.0,
2013-05-09,96.0,-23.0,25.0,0.0,
2013-05-10,139.0,-8.0,25.0,0.0,
2013-05-11,142.0,16.0,0.0,0.0,
2013-05-12,179.0,15.0,0.0,0.0,
2013-05-13,214.0,67.0,25.0,0.0,
2013-05-14,206.0,71.0,0.0,0.0,
2013-05-15,205.0,71.0,0.0,0.0,
2013-05-16,198.0,70.0,0.0,0.0,
2013-05-17,178.0,77.0,0.0,0.0,
2013-05-18,139.0,40.0,0.0,0.0,
2013-05-19,118.0,11.0,25.0,0.0,
2013-05-20,106.0,-2.0,0.0,0.0,
2013-05-21,168.0,4.0,0.0,0.0,
2013-05-22,203.0,71.0,0.0,0.0,
2013-05-23,211.0,89.0,0.0,0.0,
2013-05-24,198.0,86.0,0.0,0.0,
2013-05-25,203.0,92.0,0.0,0.0,
2013-05-26,194.0,76.0,0.0,0.0,
2013-05-27,162.0,48.0,0.0,0.0,
2013-05-28,168.0,16.0,0.0,0.0,
2013-05-29,154.0,17.0,0.0,0.0,
2013-05-30,191.0,58.0,0.0,0.0,
2013-05-31,190.0,75.0,0.0,0.0,
2013-06-01,202.0,46.0,0.0,0.0,
2013-06-02,235.0,79.0,0.0,0.0,
2013-06-03,218.0,87.0,0.0,0.0,
2013-06-04,246.0,98.0,0.0,0.0,
2013-06-05,232.0,66.0,0.0,0.0,
2013-06-06,245.0,102.0,0.0,0.0,
2013-06-07,244.0,107.0,0.0,0.0,
2013-06-08,270.0,96.0,0.0,0.0,
2013-06-09,285.0,118.0,0.0,0.0,
2013-06-10,278.0,108.0,0.0,0.0,
2013-06-11,253.0,118.0,0.0,0.0,
2013-06-12,264.0,105.0,0.0,0.0,
2013-06-13,269.0,109.0,0.0,0.0,
2013-06-14,243.0,108.0,0.0,0.0,
2013-06-15,237.0,104.0,0.0,0.0,
2013-06-16,229.0,105.0,0.0,0.0,
2013-06-17,243.0,87.0,0.0,0.0,
2013-06-18,240.0,76.0,0.0,0.0,
2013-06-19,249.0,126.0,0.0,0.0,
2013-06-20,240.0,116.0,0.0,0.0,
2013-06-21,235.0,111.0,0.0,0.0,
2013-06-22,231.0,105.0,0.0,0.0,
2013-06-23,234.0,77.0,0.0,0.0,
2013-06-24,214.0,119.0,0.0,0.0,
2013-06-25,240.0,101.0,0.0,0.0,
2013-06-26,280.0,90.0,0.0,0.0,
2013-06-27,300.0,130.0,0.0,0.0,
2013-06-28,304.0,173.0,0.0,0.0,
2013-06-29,282.0,139.0,25.0,0.0,
2013-06-30,286.0,134.0,0.0,0.0,
2013-07-01,274.0,116.0,0.0,0.0,
2013-07-02,275.0,121.0,0.0,0.0,
2013-07-03,271.0,96.0,0.0,0.0,
2013-07-04,266.0,116.0,0.0,0.0,
2013-07-05,264.0,123.0,25.0,0.0,
2013-07-06,231.0,111.0,0.0,0.0,
2013-07-07,270.0,126.0,0.0,0.0,
2013-07-08,243.0,118.0,0.0,0.0,
2013-07-09,271.0,111.0,0.0,0.0,
2013-07-10,277.0,122.0,0.0,0.0,
2013-07-11,245.0,132.0,76.0,0.0,
2013-07-12,240.0,104.0,0.0,0.0,
2013-07-13,238.0,99.0,102.0,0.0,
2013-07-14,244.0,121.0,0.0,0.0,
2013-07-15,214.0,112.0,102.0,0.0,
2013-07-16,208.0,105.0,25.0,0.0,
2013-07-17,221.0,110.0,25.0,0.0,
2013-07-18,236.0,106.0,25.0,0.0,
2013-07-19,247.0,121.0,0.0,0.0,
2013-07-20,,,0.0,0.0,
2013-07-21,240.0,122.0,25.0,0.0,
2013-07-22,251.0,120.0,0.0,0.0,
2013-07-23,248.0,133.0,0.0,0.0,
2013-07-24,251.0,111.0,76.0,0.0,
2013-07-25,227.0,99.0,51.0,0.0,
2013-07-26,236.0,118.0,25.0,0.0,
2013-07-27,216.0,111.0,25.0,0.0,
2013-07-28,194.0,108.0,0.0,0.0,
2013-07-29,220.0,99.0,0.0,0.0,
2013-07-30,251.0,98.0,0.0,0.0,
2013-07-31,258.0,132.0,0.0,0.0,
2013-08-01,208.0,127.0,0.0,0.0,
2013-08-02,220.0,110.0,76.0,0.0,
2013-08-03,240.0,88.0,0.0,0.0,
2013-08-04,238.0,116.0,0.0,0.0,
2013-08-05,233.0,100.0,51.0,0.0,
2013-08-06,192.0,87.0,279.0,0.0,
2013-08-07,139.0,82.0,152.0,0.0,
2013-08-08,206.0,77.0,0.0,0.0,
2013-08-09,216.0,92.0,0.0,0.0,
2013-08-10,209.0,91.0,0.0,0.0,
2013-08-11,194.0,78.0,0.0,0.0,
2013-08-12,215.0,85.0,0.0,0.0,
2013-08-13,240.0,96.0,0.0,0.0,
2013-08-14,250.0,117.0,0.0,0.0,
2013-08-15,251.0,117.0,0.0,0.0,
2013-08-16,253.0,105.0,0.0,0.0,
2013-08-17,232.0,108.0,0.0,0.0,
2013-08-18,246.0,111.0,0.0,0.0,
2013-08-19,257.0,115.0,25.0,0.0,
2013-08-20,240.0,109.0,0.0,0.0,
2013-08-21,240.0,117.0,0.0,0.0,
2013-08-22,205.0,107.0,25.0,0.0,
2013-08-23,240.0,99.0,51.0,0.0,
2013-08-24,177.0,99.0,51.0,0.0,
2013-08-25,173.0,104.0,51.0,0.0,
2013-08-26,214.0,112.0,0.0,0.0,
2013-08-27,211.0,99.0,0.0,0.0,
2013-08-28,218.0,118.0,0.0,0.0,
2013-08-29,230.0,117.0,25.0,0.0,
2013-08-30,231.0,118.0,0.0,0.0,
2013-08-31,240.0,108.0,0.0,0.0,
2013-09-01,244.0,116.0,0.0,0.0,
2013-09-02,240.0,119.0,0.0,0.0,
2013-09-03,220.0,120.0,0.0,0.0,
2013-09-04,247.0,127.0,0.0,0.0,
2013-09-05,235.0,109.0,0.0,0.0,
2013-09-06,249.0,111.0,0.0,0.0,
2013-09-07,236.0,100.0,0.0,0.0,
2013-09-08,172.0,99.0,51.0,0.0,
2013-09-09,159.0,94.0,305.0,0.0,
2013-09-10,156.0,92.0,76.0,0.0,
2013-09-11,171.0,75.0,0.0,0.0,
2013-09-12,178.0,78.0,51.0,0.0,
2013-09-13,172.0,76.0,51.0,0.0,
2013-09-14,173.0,75.0,152.0,0.0,
2013-09-15,173.0,60.0,25.0,0.0,
2013-09-16,184.0,72.0,0.0,0.0,
2013-09-17,197.0,82.0,0.0,0.0,
2013-09-18,199.0,114.0,0.0,0.0,
2013-09-19,198.0,88.0,0.0,0.0,
2013-09-20,195.0,89.0,0.0,0.0,
2013-09-21,183.0,79.0,25.0,0.0,
2013-09-22,154.0,24.0,102.0,0.0,
2013-09-23,140.0,10.0,0.0,0.0,
2013-09-24,191.0,25.0,0.0,0.0,
2013-09-25,174.0,89.0,0.0,0.0,
2013-09-26,154.0,74.0,0.0,0.0,
2013-09-27,77.0,-22.0,51.0,25.0,
2013-09-28,128.0,-38.0,0.0,0.0,
2013-09-29,165.0,8.0,0.0,0.0,
2013-09-30,177.0,77.0,0.0,0.0,
2013-10-01,178.0,74.0,0.0,0.0,
2013-10-02,166.0,41.0,0.0,0.0,
2013-10-03,146.0,-2.0,0.0,0.0,
2013-10-04,68.0,-39.0,0.0,0.0,
2013-10-05,84.0,-32.0,0.0,0.0,
2013-10-06,161.0,0.0,0.0,0.0,
2013-10-07,186.0,22.0,0.0,0.0,
2013-10-08,146.0,66.0,0.0,0.0,
2013-10-09,139.0,47.0,0.0,0.0,
2013-10-10,56.0,-35.0,229.0,102.0,
2013-10-11,76.0,-50.0,0.0,25.0,
2013-10-12,108.0,-25.0,0.0,0.0,
2013-10-13,133.0,17.0,0.0,0.0,
2013-10-14,81.0,-21.0,0.0,0.0,
2013-10-15,86.0,-27.0,0.0,0.0,
2013-10-16,52.0,-52.0,0.0,0.0,
2013-10-17,102.0,-46.0,0.0,0.0,
2013-10-18,82.0,-28.0,0.0,0.0,
2013-10-19,109.0,-39.0,0.0,0.0,
2013-10-20,121.0,-8.0,0.0,0.0,
2013-10-21,107.0,-2.0,0.0,0.0,
2013-10-22,148.0,-14.0,0.0,0.0,
2013-10-23,144.0,21.0,0.0,0.0,
2013-10-24,154.0,27.0,25.0,0.0,
2013-10-25,109.0,4.0,0.0,0.0,
2013-10-26,107.0,-1.0,0.0,0.0,
2013-10-27,123.0,3.0,0.0,0.0,
2013-10-28,101.0,21.0,0.0,0.0,
2013-10-29,65.0,-36.0,51.0,25.0,
2013-10-30,-1.0,-54.0,76.0,76.0,
2013-10-31,34.0,-62.0,0.0,51.0,
2013-11-01,85.0,-39.0,0.0,25.0,
2013-11-02,127.0,-25.0,0.0,25.0,
2013-11-03,84.0,-18.0,0.0,25.0,
2013-11-04,69.0,-39.0,25.0,25.0,
2013-11-05,-8.0,-106.0,0.0,25.0,
2013-11-06,71.0,-89.0,0.0,25.0,
2013-11-07,123.0,-27.0,0.0,25.0,
2013-11-08,108.0,7.0,0.0,25.0,
2013-11-09,122.0,-2.0,0.0,25.0,
2013-11-10,128.0,-11.0,0.0,25.0,
2013-11-11,126.0,12.0,0.0,25.0,
2013-11-12,127.0,14.0,0.0,25.0,
2013-11-13,98.0,-15.0,0.0,25.0,
2013-11-14,85.0,-2.0,0.0,25.0,
2013-11-15,65.0,-3.0,0.0,25.0,
2013-11-16,37.0,-16.0,0.0,25.0,
2013-11-17,81.0,-26.0,0.0,25.0,
2013-11-18,96.0,-34.0,0.0,25.0,
2013-11-19,86.0,8.0,0.0,25.0,
2013-11-20,39.0,-22.0,102.0,51.0,
2013-11-21,11.0,-6.0,102.0,51.0,
2013-11-22,2.0,-48.0,76.0,127.0,
2013-11-23,-7.0,-54.0,51.0,152.0,
2013-11-24,-29.0,-66.0,51.0,127.0,
2013-11-25,52.0,-89.0,0.0,127.0,
2013-11-26,55.0,-78.0,0.0,127.0,
2013-11-27,45.0,-76.0,0.0,102.0,
2013-11-28,77.0,-63.0,0.0,76.0,
2013-11-29,64.0,-37.0,0.0,76.0,
2013-11-30,71.0,-50.0,0.0,76.0,
2013-12-01,52.0,-46.0,0.0,76.0,
2013-12-02,79.0,-22.0,0.0,51.0,
2013-12-03,46.0,-12.0,25.0,51.0,
2013-12-04,-2.0,-137.0,76.0,152.0,
2013-12-05,-88.0,-139.0,0.0,127.0,
2013-12-06,-73.0,-156.0,0.0,127.0,
2013-12-07,-42.0,-108.0,25.0,102.0,
2013-12-08,-74.0,-143.0,102.0,229.0,
2013-12-09,-97.0,-203.0,0.0,229.0,
2013-12-10,2.0,-183.0,0.0,203.0,
2013-12-11,60.0,-89.0,0.0,203.0,
2013-12-12,85.0,-46.0,25.0,178.0,
2013-12-13,21.0,-107.0,51.0,229.0,
2013-12-14,48.0,-99.0,0.0,229.0,
2013-12-15,69.0,-74.0,0.0,203.0,
2013-12-16,122.0,-30.0,0.0,178.0,
2013-12-17,130.0,-26.0,0.0,178.0,
2013-12-18,95.0,-27.0,0.0,178.0,
2013-12-19,36.0,-34.0,0.0,178.0,
2013-12-20,36.0,-79.0,0.0,178.0,
2013-12-21,-61.0,-94.0,25.0,178.0,
2013-12-22,-7.0,-124.0,0.0,178.0,
2013-12-23,29.0,-115.0,0.0,178.0,
2013-12-24,56.0,-100.0,0.0,178.0,
2013-12-25,52.0,-66.0,0.0,178.0,
2013-12-26,76.0,-76.0,0.0,178.0,
2013-12-27,91.0,-57.0,0.0,152.0,
2013-12-28,40.0,-70.0,0.0,152.0,
2013-12-29,23.0,-96.0,0.0,152.0,
2013-12-30,65.0,-104.0,0.0,152.0,
2013-12-31,57.0,-79.0,0.0,152.0,
2014-01-01,64.0,-32.0,0.0,152.0,
2014-01-02,86.0,-39.0,0.0,152.0,
2014-01-03,60.0,-47.0,0.0,152.0,
2014-01-04,23.0,-144.0,0.0,152.0,
2014-01-05,-47.0,-145.0,0.0,152.0,
2014-01-06,45.0,-140.0,0.0,152.0,
2014-01-07,24.0,-50.0,0.0,152.0,
2014-01-08,33.0,-73.0,0.0,152.0,
2014-01-09,13.0,-76.0,0.0,152.0,
2014-01-10,21.0,-70.0,0.0,152.0,
2014-01-11,61.0,-70.0,0.0,127.0,
2014-01-12,12.0,-92.0,0.0,127.0,
2014-01-13,11.0,-104.0,0.0,127.0,
2014-01-14,64.0,-82.0,0.0,127.0,
2014-01-15,69.0,-45.0,0.0,127.0,
2014-01-16,78.0,-39.0,0.0,127.0,
2014-01-17,78.0,-42.0,0.0,127.0,
2014-01-18,98.0,-49.0,0.0,127.0,
2014-01-19,79.0,-57.0,0.0,127.0,
2014-01-20,96.0,-38.0,0.0,127.0,
2014-01-21,98.0,-48.0,0.0,127.0,
2014-01-22,36.0,-61.0,0.0,102.0,
2014-01-23,16.0,-76.0,0.0,76.0,
2014-01-24,60.0,-79.0,0.0,76.0,
2014-01-25,67.0,-50.0,0.0,76.0,
2014-01-26,65.0,-42.0,0.0,76.0,
2014-01-27,51.0,-34.0,0.0,76.0,
2014-01-28,40.0,-76.0,0.0,51.0,
2014-01-29,59.0,-57.0,0.0,51.0,
2014-01-30,61.0,6.0,25.0,51.0,
2014-01-31,8.0,-57.0,76.0,102.0,
2014-02-01,-27.0,-139.0,51.0,127.0,
2014-02-02,-10.0,-152.0,0.0,127.0,
2014-02-03,-26.0,-104.0,25.0,127.0,
2014-02-04,-64.0,-136.0,25.0,203.0,
2014-02-05,-13.0,-137.0,0.0,178.0,
2014-02-06,-18.0,-83.0,25.0,203.0,
2014-02-07,-27.0,-61.0,51.0,279.0,
2014-02-08,51.0,-55.0,0.0,254.0,
2014-02-09,77.0,-23.0,0.0,203.0,
2014-02-10,57.0,-54.0,0.0,178.0,
2014-02-11,58.0,-87.0,0.0,178.0,
2014-02-12,66.0,-67.0,0.0,152.0,
2014-02-13,99.0,-3.0,0.0,127.0,
2014-02-14,94.0,5.0,0.0,102.0,
2014-02-15,115.0,24.0,0.0,76.0,
2014-02-16,79.0,5.0,0.0,51.0,
2014-02-17,104.0,-34.0,0.0,51.0,
2014-02-18,100.0,-1.0,0.0,25.0,
2014-02-19,87.0,-62.0,0.0,25.0,
2014-02-20,-4.0,-111.0,0.0,25.0,
2014-02-21,46.0,-64.0,0.0,0.0,
2014-02-22,58.0,-29.0,0.0,0.0,
2014-02-23,84.0,-18.0,0.0,0.0,
2014-02-24,94.0,-25.0,0.0,0.0,
2014-02-25,84.0,-22.0,0.0,0.0,
2014-02-26,87.0,-31.0,0.0,0.0,
2014-02-27,49.0,-24.0,25.0,0.0,
2014-02-28,40.0,-34.0,25.0,0.0,
2014-03-01,25.0,-21.0,229.0,127.0,
2014-03-02,29.0,-69.0,76.0,229.0,
2014-03-03,74.0,-66.0,0.0,152.0,
2014-03-04,58.0,-67.0,51.0,152.0,
2014-03-05,91.0,-60.0,0.0,102.0,
2014-03-06,111.0,-40.0,0.0,102.0,
2014-03-07,46.0,-40.0,25.0,102.0,
2014-03-08,36.0,-60.0,0.0,102.0,
2014-03-09,105.0,-63.0,0.0,76.0,
2014-03-10,114.0,-4.0,0.0,51.0,
2014-03-11,24.0,-67.0,0.0,25.0,
2014-03-12,44.0,-82.0,0.0,25.0,
2014-03-13,78.0,-38.0,0.0,25.0,
2014-03-14,51.0,-38.0,25.0,25.0,
2014-03-15,37.0,-54.0,0.0,25.0,
2014-03-16,104.0,-39.0,0.0,25.0,
2014-03-17,101.0,-38.0,0.0,25.0,
2014-03-18,10.0,-100.0,0.0,25.0,
2014-03-19,68.0,-82.0,0.0,0.0,
2014-03-20,96.0,-22.0,0.0,0.0,
2014-03-21,100.0,-18.0,0.0,0.0,
2014-03-22,81.0,-15.0,0.0,0.0,
2014-03-23,86.0,-43.0,0.0,0.0,
2014-03-24,101.0,-30.0,0.0,0.0,
2014-03-25,124.0,-2.0,0.0,0.0,
2014-03-26,66.0,-38.0,51.0,51.0,
2014-03-27,38.0,-49.0,0.0,25.0,
2014-03-28,65.0,-52.0,0.0,0.0,
2014-03-29,123.0,-28.0,0.0,0.0,
2014-03-30,90.0,-28.0,25.0,0.0,
2014-03-31,71.0,-61.0,0.0,0.0,
2014-04-01,89.0,-7.0,0.0,0.0,
2014-04-02,33.0,-62.0,25.0,0.0,
2014-04-03,18.0,-69.0,76.0,0.0,
2014-04-04,66.0,-70.0,0.0,0.0,
2014-04-05,52.0,-27.0,0.0,0.0,
2014-04-06,56.0,-49.0,0.0,0.0,
2014-04-07,97.0,-26.0,0.0,0.0,
2014-04-08,139.0,-12.0,0.0,0.0,
2014-04-09,159.0,24.0,0.0,0.0,
2014-04-10,158.0,42.0,0.0,0.0,
2014-04-11,154.0,12.0,0.0,0.0,
2014-04-12,133.0,40.0,0.0,0.0,
2014-04-13,78.0,-47.0,0.0,0.0,
2014-04-14,80.0,-72.0,0.0,0.0,
2014-04-15,114.0,-42.0,0.0,0.0,
2014-04-16,128.0,-6.0,0.0,0.0,
2014-04-17,141.0,-25.0,0.0,0.0,
2014-04-18,159.0,25.0,0.0,0.0,
2014-04-19,119.0,4.0,0.0,0.0,
2014-04-20,159.0,2.0,0.0,0.0,
2014-04-21,166.0,47.0,0.0,0.0,
2014-04-22,160.0,56.0,0.0,0.0,
2014-04-23,97.0,-24.0,0.0,0.0,
2014-04-24,127.0,-30.0,0.0,25.0,
2014-04-25,148.0,34.0,0.0,51.0,
2014-04-26,64.0,-58.0,178.0,152.0,
2014-04-27,40.0,-40.0,76.0,127.0,
2014-04-28,49.0,-52.0,0.0,102.0,
2014-04-29,49.0,-68.0,0.0,76.0,
2014-04-30,61.0,-35.0,0.0,76.0,
2014-05-01,105.0,-27.0,0.0,51.0,
2014-05-02,159.0,-12.0,0.0,51.0,
2014-05-03,191.0,20.0,0.0,25.0,
2014-05-04,190.0,86.0,0.0,25.0,
2014-05-05,171.0,69.0,0.0,25.0,
2014-05-06,139.0,23.0,0.0,0.0,
2014-05-07,59.0,-20.0,25.0,0.0,
2014-05-08,88.0,-24.0,0.0,0.0,
2014-05-09,132.0,-22.0,0.0,0.0,
2014-05-10,149.0,29.0,0.0,0.0,
2014-05-11,65.0,-31.0,51.0,0.0,
2014-05-12,45.0,-47.0,0.0,0.0,
2014-05-13,66.0,-62.0,0.0,0.0,
2014-05-14,106.0,-34.0,0.0,0.0,
2014-05-15,168.0,-1.0,0.0,0.0,
2014-05-16,208.0,35.0,0.0,0.0,
2014-05-17,214.0,46.0,0.0,0.0,
2014-05-18,203.0,97.0,0.0,0.0,
2014-05-19,186.0,84.0,0.0,0.0,
2014-05-20,175.0,72.0,0.0,0.0,
2014-05-21,175.0,80.0,0.0,0.0,
2014-05-22,172.0,38.0,0.0,0.0,
2014-05-23,128.0,21.0,0.0,0.0,
2014-05-24,115.0,-11.0,51.0,0.0,
2014-05-25,65.0,-11.0,51.0,0.0,
2014-05-26,172.0,21.0,0.0,0.0,
2014-05-27,233.0,60.0,0.0,0.0,
2014-05-28,237.0,118.0,0.0,0.0,
2014-05-29,201.0,80.0,0.0,0.0,
2014-05-30,204.0,38.0,0.0,0.0,
2014-05-31,222.0,71.0,0.0,0.0,
2014-06-01,219.0,98.0,0.0,0.0,
2014-06-02,250.0,96.0,0.0,0.0,
2014-06-03,243.0,136.0,0.0,0.0,
2014-06-04,236.0,116.0,0.0,0.0,
2014-06-05,245.0,56.0,0.0,0.0,
2014-06-06,249.0,86.0,0.0,0.0,
2014-06-07,247.0,87.0,0.0,0.0,
2014-06-08,222.0,64.0,0.0,0.0,
2014-06-09,216.0,55.0,0.0,0.0,
2014-06-10,253.0,98.0,0.0,0.0,
2014-06-11,228.0,122.0,0.0,0.0,
2014-06-12,250.0,78.0,0.0,0.0,
2014-06-13,228.0,122.0,0.0,0.0,
2014-06-14,196.0,74.0,0.0,0.0,
2014-06-15,210.0,57.0,0.0,0.0,
2014-06-16,210.0,91.0,0.0,0.0,
2014-06-17,198.0,107.0,0.0,0.0,
2014-06-18,190.0,100.0,0.0,0.0,
2014-06-19,215.0,35.0,0.0,0.0,
2014-06-20,246.0,85.0,0.0,0.0,
2014-06-21,236.0,117.0,0.0,0.0,
2014-06-22,245.0,112.0,0.0,0.0,
2014-06-23,253.0,90.0,0.0,0.0,
2014-06-24,258.0,77.0,0.0,0.0,
2014-06-25,251.0,74.0,0.0,0.0,
2014-06-26,233.0,102.0,0.0,0.0,
2014-06-27,220.0,99.0,0.0,0.0,
2014-06-28,249.0,80.0,0.0,0.0,
2014-06-29,281.0,100.0,0.0,0.0,
2014-06-30,290.0,133.0,0.0,0.0,
2014-07-01,275.0,129.0,0.0,0.0,
2014-07-02,274.0,121.0,0.0,0.0,
2014-07-03,251.0,108.0,51.0,0.0,
2014-07-04,222.0,106.0,25.0,0.0,
2014-07-05,213.0,100.0,25.0,0.0,
2014-07-06,256.0,85.0,0.0,0.0,
2014-07-07,277.0,112.0,0.0,0.0,
2014-07-08,243.0,115.0,25.0,0.0,
2014-07-09,217.0,95.0,0.0,0.0,
2014-07-10,255.0,108.0,0.0,0.0,
2014-07-11,250.0,104.0,51.0,0.0,
2014-07-12,253.0,116.0,25.0,0.0,
2014-07-13,261.0,117.0,0.0,0.0,
2014-07-14,249.0,117.0,0.0,0.0,
2014-07-15,240.0,109.0,0.0,0.0,
2014-07-16,240.0,111.0,0.0,0.0,
2014-07-17,261.0,87.0,0.0,0.0,
2014-07-18,273.0,108.0,0.0,0.0,
2014-07-19,265.0,133.0,0.0,0.0,
2014-07-20,271.0,133.0,0.0,0.0,
2014-07-21,274.0,137.0,0.0,0.0,
2014-07-22,289.0,147.0,0.0,0.0,
2014-07-23,276.0,140.0,0.0,0.0,
2014-07-24,252.0,137.0,0.0,0.0,
2014-07-25,277.0,118.0,0.0,0.0,
2014-07-26,265.0,118.0,127.0,0.0,
2014-07-27,242.0,110.0,152.0,0.0,
2014-07-28,210.0,105.0,127.0,0.0,
2014-07-29,227.0,98.0,25.0,0.0,
2014-07-30,244.0,104.0,0.0,0.0,
2014-07-31,234.0,119.0,76.0,0.0,
2014-08-01,224.0,100.0,25.0,0.0,
2014-08-02,206.0,97.0,0.0,0.0,
2014-08-03,184.0,98.0,0.0,0.0,
2014-08-04,208.0,115.0,0.0,0.0,
2014-08-05,228.0,111.0,0.0,0.0,
2014-08-06,242.0,97.0,0.0,0.0,
2014-08-07,251.0,87.0,0.0,0.0,
2014-08-08,233.0,92.0,0.0,0.0,
2014-08-09,249.0,109.0,0.0,0.0,
2014-08-10,252.0,127.0,0.0,0.0,
2014-08-11,234.0,117.0,0.0,0.0,
2014-08-12,235.0,122.0,0.0,0.0,
2014-08-13,200.0,110.0,76.0,0.0,
2014-08-14,224.0,110.0,0.0,0.0,
2014-08-15,244.0,95.0,0.0,0.0,
2014-08-16,244.0,108.0,0.0,0.0,
2014-08-17,259.0,116.0,0.0,0.0,
2014-08-18,246.0,119.0,0.0,0.0,
2014-08-19,185.0,100.0,25.0,0.0,
2014-08-20,198.0,69.0,0.0,0.0,
2014-08-21,195.0,88.0,25.0,0.0,
2014-08-22,177.0,61.0,25.0,0.0,
2014-08-23,200.0,76.0,0.0,0.0,
2014-08-24,227.0,67.0,0.0,0.0,
2014-08-25,217.0,107.0,0.0,0.0,
2014-08-26,172.0,58.0,127.0,0.0,
2014-08-27,179.0,60.0,0.0,0.0,
2014-08-28,198.0,51.0,0.0,0.0,
2014-08-29,211.0,71.0,0.0,,
2014-08-30,238.0,97.0,0.0,0.0,
2014-08-31,232.0,126.0,0.0,0.0,
2014-09-01,242.0,109.0,0.0,0.0,
2014-09-02,269.0,97.0,0.0,0.0,
2014-09-03,245.0,129.0,0.0,0.0,
2014-09-04,184.0,59.0,76.0,0.0,
2014-09-05,202.0,52.0,0.0,0.0,
2014-09-06,220.0,100.0,0.0,0.0,
2014-09-07,204.0,92.0,51.0,0.0,
2014-09-08,174.0,92.0,51.0,0.0,
2014-09-09,161.0,90.0,51.0,0.0,
2014-09-10,174.0,66.0,0.0,0.0,
2014-09-11,201.0,67.0,0.0,0.0,
2014-09-12,206.0,97.0,0.0,0.0,
2014-09-13,197.0,75.0,0.0,0.0,
2014-09-14,216.0,89.0,0.0,0.0,
2014-09-15,217.0,90.0,0.0,0.0,
2014-09-16,213.0,86.0,0.0,0.0,
2014-09-17,184.0,92.0,0.0,0.0,
2014-09-18,216.0,79.0,0.0,0.0,
2014-09-19,220.0,72.0,0.0,0.0,
2014-09-20,236.0,114.0,0.0,0.0,
2014-09-21,202.0,108.0,25.0,0.0,
2014-09-22,186.0,97.0,0.0,0.0,
2014-09-23,220.0,85.0,0.0,0.0,
2014-09-24,221.0,96.0,0.0,0.0,
2014-09-25,228.0,95.0,0.0,0.0,
2014-09-26,213.0,85.0,0.0,0.0,
2014-09-27,196.0,65.0,76.0,0.0,
2014-09-28,110.0,47.0,330.0,0.0,
2014-09-29,105.0,8.0,0.0,0.0,
2014-09-30,132.0,4.0,25.0,0.0,
2014-10-01,137.0,12.0,0.0,0.0,
2014-10-02,130.0,-22.0,0.0,0.0,
2014-10-03,168.0,25.0,0.0,0.0,
2014-10-04,161.0,21.0,0.0,0.0,
2014-10-05,178.0,25.0,0.0,0.0,
2014-10-06,183.0,44.0,0.0,0.0,
2014-10-07,195.0,37.0,0.0,0.0,
2014-10-08,159.0,57.0,0.0,0.0,
2014-10-09,91.0,29.0,203.0,0.0,
2014-10-10,134.0,28.0,0.0,0.0,
2014-10-11,151.0,29.0,0.0,0.0,
2014-10-12,108.0,4.0,0.0,0.0,
2014-10-13,112.0,-16.0,0.0,0.0,
2014-10-14,174.0,26.0,0.0,0.0,
2014-10-15,184.0,41.0,0.0,0.0,
2014-10-16,168.0,51.0,0.0,0.0,
2014-10-17,176.0,54.0,0.0,0.0,
2014-10-18,143.0,57.0,0.0,0.0,
2014-10-19,141.0,33.0,25.0,0.0,
2014-10-20,130.0,25.0,0.0,0.0,
2014-10-21,124.0,35.0,0.0,0.0,
2014-10-22,148.0,27.0,0.0,0.0,
2014-10-23,165.0,24.0,0.0,0.0,
2014-10-24,185.0,28.0,0.0,0.0,
2014-10-25,172.0,50.0,0.0,0.0,
2014-10-26,143.0,55.0,0.0,0.0,
2014-10-27,118.0,20.0,0.0,0.0,
2014-10-28,138.0,5.0,0.0,0.0,
2014-10-29,153.0,4.0,0.0,0.0,
2014-10-30,176.0,29.0,0.0,0.0,
2014-10-31,154.0,37.0,0.0,0.0,
2014-11-01,147.0,45.0,0.0,0.0,
2014-11-02,60.0,-29.0,51.0,0.0,
2014-11-03,38.0,-67.0,0.0,0.0,
2014-11-04,52.0,-48.0,0.0,0.0,
2014-11-05,122.0,-21.0,0.0,0.0,
2014-11-06,156.0,16.0,0.0,0.0,
2014-11-07,143.0,20.0,0.0,0.0,
2014-11-08,150.0,7.0,0.0,0.0,
2014-11-09,132.0,-16.0,0.0,0.0,
2014-11-10,116.0,6.0,0.0,0.0,
2014-11-11,107.0,3.0,0.0,0.0,
2014-11-12,84.0,1.0,0.0,0.0,
2014-11-13,81.0,-10.0,0.0,0.0,
2014-11-14,39.0,-4.0,76.0,51.0,
2014-11-15,48.0,-20.0,76.0,76.0,
2014-11-16,-14.0,-122.0,76.0,127.0,
2014-11-17,22.0,-121.0,0.0,102.0,
2014-11-18,46.0,-101.0,0.0,76.0,
2014-11-19,67.0,-65.0,0.0,51.0,
2014-11-20,76.0,-39.0,0.0,51.0,
2014-11-21,59.0,-47.0,0.0,51.0,
2014-11-22,45.0,-71.0,25.0,51.0,
2014-11-23,-13.0,-121.0,51.0,51.0,
2014-11-24,-12.0,-111.0,0.0,51.0,
2014-11-25,25.0,-140.0,0.0,51.0,
2014-11-26,97.0,-18.0,0.0,25.0,
2014-11-27,156.0,-3.0,0.0,0.0,
2014-11-28,127.0,6.0,0.0,0.0,
2014-11-29,86.0,16.0,0.0,0.0,
2014-11-30,51.0,-8.0,0.0,0.0,
2014-12-01,68.0,-30.0,0.0,0.0,
2014-12-02,66.0,-32.0,0.0,0.0,
2014-12-03,36.0,-3.0,102.0,0.0,
2014-12-04,24.0,-14.0,127.0,0.0,
2014-12-05,65.0,-10.0,0.0,0.0,
2014-12-06,45.0,-16.0,0.0,0.0,
2014-12-07,90.0,-26.0,0.0,0.0,
2014-12-08,130.0,-27.0,0.0,0.0,
2014-12-09,92.0,-23.0,0.0,0.0,
2014-12-10,111.0,-18.0,0.0,0.0,
2014-12-11,95.0,-3.0,0.0,0.0,
2014-12-12,89.0,23.0,0.0,25.0,
2014-12-13,34.0,-63.0,127.0,76.0,
2014-12-14,-43.0,-94.0,0.0,76.0,
2014-12-15,25.0,-99.0,0.0,51.0,
2014-12-16,33.0,-18.0,0.0,51.0,
2014-12-17,-7.0,-55.0,76.0,102.0,
2014-12-18,-13.0,-112.0,0.0,127.0,
2014-12-19,16.0,-123.0,0.0,102.0,
2014-12-20,58.0,-91.0,0.0,102.0,
2014-12-21,36.0,-50.0,0.0,102.0,
2014-12-22,34.0,-70.0,25.0,102.0,
2014-12-23,-35.0,-104.0,0.0,127.0,
2014-12-24,47.0,-126.0,0.0,102.0,
2014-12-25,-16.0,-100.0,25.0,102.0,
2014-12-26,-64.0,-162.0,76.0,229.0,
2014-12-27,-32.0,-168.0,0.0,203.0,
2014-12-28,-20.0,-145.0,0.0,178.0,
2014-12-29,-35.0,-126.0,0.0,178.0,
2014-12-30,-4.0,-118.0,0.0,178.0,
2014-12-31,-14.0,-107.0,0.0,152.0,
2015-01-01,-72.0,-118.0,51.0,203.0,
2015-01-02,-44.0,-139.0,0.0,254.0,
2015-01-03,3.0,-136.0,0.0,229.0,
2015-01-04,52.0,-105.0,0.0,203.0,
2015-01-05,79.0,-72.0,0.0,152.0,
2015-01-06,136.0,-7.0,0.0,127.0,
2015-01-07,134.0,-3.0,0.0,102.0,
2015-01-08,91.0,-28.0,0.0,76.0,
2015-01-09,77.0,-34.0,0.0,76.0,
2015-01-10,62.0,-12.0,25.0,76.0,
2015-01-11,6.0,-40.0,25.0,76.0,
2015-01-12,11.0,-45.0,0.0,76.0,
2015-01-13,6.0,-34.0,229.0,279.0,
2015-01-14,6.0,-80.0,76.0,356.0,
2015-01-15,58.0,-106.0,0.0,279.0,
2015-01-16,72.0,-91.0,0.0,254.0,
2015-01-17,87.0,-66.0,0.0,229.0,
2015-01-18,74.0,-24.0,0.0,203.0,
2015-01-19,95.0,-38.0,0.0,178.0,
2015-01-20,76.0,-71.0,0.0,152.0,
2015-01-21,7.0,-126.0,25.0,229.0,
2015-01-22,-24.0,-165.0,0.0,229.0,
2015-01-23,65.0,-118.0,0.0,203.0,
2015-01-24,78.0,-90.0,0.0,203.0,
2015-01-25,116.0,-28.0,0.0,178.0,
2015-01-26,122.0,-14.0,0.0,152.0,
2015-01-27,78.0,2.0,0.0,127.0,
2015-01-28,75.0,-31.0,0.0,127.0,
2015-01-29,52.0,-26.0,25.0,127.0,
2015-01-30,6.0,-50.0,279.0,356.0,
2015-01-31,21.0,-50.0,25.0,356.0,
2015-02-01,51.0,-69.0,0.0,330.0,
2015-02-02,76.0,-69.0,0.0,305.0,
2015-02-03,82.0,-55.0,0.0,254.0,
2015-02-04,85.0,-29.0,0.0,229.0,
2015-02-05,127.0,-27.0,0.0,203.0,
2015-02-06,112.0,-20.0,0.0,203.0,
2015-02-07,108.0,4.0,0.0,152.0,
2015-02-08,122.0,-6.0,0.0,127.0,
2015-02-09,109.0,29.0,0.0,102.0,
2015-02-10,110.0,-32.0,0.0,76.0,
2015-02-11,38.0,-58.0,0.0,76.0,
2015-02-12,101.0,-38.0,0.0,76.0,
2015-02-13,138.0,-4.0,0.0,51.0,
2015-02-14,133.0,-23.0,0.0,25.0,
2015-02-15,106.0,-30.0,0.0,25.0,
2015-02-16,39.0,-88.0,0.0,25.0,
2015-02-17,11.0,-113.0,0.0,25.0,
2015-02-18,88.0,-42.0,0.0,25.0,
2015-02-19,106.0,-44.0,0.0,25.0,
2015-02-20,80.0,-22.0,0.0,25.0,
2015-02-21,23.0,-55.0,0.0,25.0,
2015-02-22,57.0,-48.0,25.0,25.0,
2015-02-23,4.0,-42.0,152.0,152.0,
2015-02-24,-13.0,-94.0,51.0,178.0,
2015-02-25,27.0,-100.0,0.0,152.0,
2015-02-26,24.0,-99.0,51.0,152.0,
2015-02-27,-36.0,-115.0,229.0,381.0,
2015-02-28,-10.0,-52.0,152.0,406.0,
2015-03-01,14.0,-31.0,127.0,483.0,
2015-03-02,45.0,-60.0,76.0,483.0,
2015-03-03,-27.0,-64.0,25.0,483.0,
2015-03-04,-18.0,-136.0,0.0,483.0,
2015-03-05,50.0,-106.0,0.0,432.0,
2015-03-06,87.0,-61.0,0.0,432.0,
2015-03-07,90.0,-35.0,0.0,381.0,
2015-03-08,101.0,-43.0,0.0,330.0,
2015-03-09,82.0,-64.0,0.0,305.0,
2015-03-10,101.0,-44.0,0.0,279.0,
2015-03-11,128.0,-27.0,0.0,254.0,
2015-03-12,68.0,-6.0,0.0,254.0,
2015-03-13,101.0,-6.0,0.0,203.0,
2015-03-14,100.0,-18.0,0.0,178.0,
2015-03-15,131.0,-8.0,0.0,127.0,
2015-03-16,155.0,-9.0,0.0,76.0,
2015-03-17,143.0,3.0,0.0,51.0,
2015-03-18,91.0,16.0,0.0,25.0,
2015-03-19,78.0,-3.0,25.0,25.0,
2015-03-20,76.0,-29.0,0.0,25.0,
2015-03-21,121.0,-11.0,0.0,25.0,
2015-03-22,120.0,20.0,0.0,0.0,
2015-03-23,109.0,20.0,0.0,0.0,
2015-03-24,102.0,-31.0,0.0,0.0,
2015-03-25,69.0,-31.0,0.0,0.0,
2015-03-26,122.0,-31.0,0.0,0.0,
2015-03-27,144.0,1.0,0.0,0.0,
2015-03-28,164.0,20.0,0.0,0.0,
2015-03-29,158.0,41.0,0.0,0.0,
2015-03-30,154.0,42.0,0.0,0.0,
2015-03-31,162.0,32.0,0.0,0.0,
2015-04-01,126.0,38.0,0.0,0.0,
2015-04-02,111.0,-26.0,0.0,0.0,
2015-04-03,76.0,-69.0,0.0,0.0,
2015-04-04,127.0,-15.0,0.0,0.0,
2015-04-05,121.0,18.0,0.0,0.0,
2015-04-06,115.0,14.0,0.0,0.0,
2015-04-07,110.0,15.0,0.0,0.0,
2015-04-08,84.0,-62.0,0.0,0.0,
2015-04-09,85.0,-70.0,0.0,0.0,
2015-04-10,126.0,3.0,0.0,0.0,
2015-04-11,131.0,1.0,0.0,0.0,
2015-04-12,139.0,-4.0,0.0,0.0,
2015-04-13,153.0,36.0,0.0,0.0,
2015-04-14,137.0,29.0,0.0,0.0,
2015-04-15,54.0,-79.0,0.0,0.0,
2015-04-16,-2.0,-97.0,0.0,0.0,
2015-04-17,-4.0,-84.0,102.0,102.0,
2015-04-18,76.0,-40.0,0.0,25.0,
2015-04-19,109.0,-11.0,0.0,0.0,
2015-04-20,133.0,26.0,0.0,0.0,
2015-04-21,148.0,5.0,0.0,0.0,
2015-04-22,142.0,10.0,0.0,0.0,
2015-04-23,110.0,-6.0,25.0,0.0,
2015-04-24,85.0,-6.0,25.0,0.0,
2015-04-25,79.0,-16.0,102.0,0.0,
2015-04-26,54.0,-18.0,102.0,0.0,
2015-04-27,110.0,3.0,25.0,0.0,
2015-04-28,107.0,10.0,0.0,0.0,
2015-04-29,164.0,-2.0,0.0,0.0,
2015-04-30,190.0,41.0,0.0,0.0,
2015-05-01,200.0,66.0,0.0,0.0,
2015-05-02,170.0,52.0,0.0,0.0,
2015-05-03,136.0,38.0,0.0,0.0,
2015-05-04,117.0,23.0,76.0,0.0,
2015-05-05,81.0,15.0,127.0,0.0,
2015-05-06,116.0,28.0,0.0,0.0,
2015-05-07,129.0,29.0,0.0,0.0,
2015-05-08,104.0,-22.0,0.0,0.0,
2015-05-09,37.0,-44.0,51.0,0.0,
2015-05-10,85.0,-41.0,0.0,0.0,
2015-05-11,140.0,-26.0,0.0,0.0,
2015-05-12,151.0,56.0,0.0,0.0,
2015-05-13,140.0,27.0,0.0,0.0,
2015-05-14,150.0,48.0,0.0,0.0,
2015-05-15,74.0,-14.0,127.0,0.0,
2015-05-16,46.0,-22.0,102.0,0.0,
2015-05-17,127.0,-20.0,0.0,0.0,
2015-05-18,149.0,17.0,76.0,0.0,
2015-05-19,114.0,2.0,0.0,0.0,
2015-05-20,150.0,-10.0,0.0,0.0,
2015-05-21,148.0,45.0,0.0,0.0,
2015-05-22,123.0,8.0,0.0,0.0,
2015-05-23,79.0,-6.0,102.0,0.0,
2015-05-24,41.0,-8.0,279.0,0.0,
2015-05-25,97.0,23.0,0.0,0.0,
2015-05-26,149.0,16.0,0.0,0.0,
2015-05-27,170.0,41.0,0.0,0.0,
2015-05-28,183.0,38.0,0.0,0.0,
2015-05-29,177.0,58.0,0.0,0.0,
2015-05-30,200.0,66.0,0.0,0.0,
2015-05-31,225.0,100.0,0.0,0.0,
2015-06-01,222.0,98.0,0.0,0.0,
2015-06-02,210.0,104.0,0.0,0.0,
2015-06-03,203.0,90.0,0.0,0.0,
2015-06-04,204.0,87.0,0.0,0.0,
2015-06-05,115.0,56.0,305.0,0.0,
2015-06-06,116.0,52.0,76.0,0.0,
2015-06-07,177.0,64.0,0.0,0.0,
2015-06-08,216.0,69.0,25.0,0.0,
2015-06-09,184.0,107.0,25.0,0.0,
2015-06-10,171.0,98.0,127.0,0.0,
2015-06-11,161.0,58.0,0.0,0.0,
2015-06-12,179.0,54.0,0.0,0.0,
2015-06-13,184.0,66.0,25.0,0.0,
2015-06-14,200.0,78.0,0.0,0.0,
2015-06-15,216.0,89.0,0.0,0.0,
2015-06-16,244.0,123.0,0.0,0.0,
2015-06-17,244.0,101.0,0.0,0.0,
2015-06-18,260.0,99.0,0.0,0.0,
2015-06-19,245.0,110.0,0.0,0.0,
2015-06-20,271.0,106.0,0.0,0.0,
2015-06-21,274.0,140.0,0.0,0.0,
2015-06-22,274.0,116.0,0.0,0.0,
2015-06-23,273.0,137.0,0.0,0.0,
2015-06-24,250.0,120.0,0.0,0.0,
2015-06-25,245.0,108.0,0.0,0.0,
2015-06-26,274.0,146.0,0.0,0.0,
2015-06-27,268.0,128.0,0.0,0.0,
2015-06-28,255.0,111.0,0.0,0.0,
2015-06-29,271.0,112.0,0.0,0.0,
2015-06-30,277.0,134.0,0.0,0.0,
2015-07-01,278.0,120.0,25.0,0.0,
2015-07-02,256.0,119.0,0.0,0.0,
2015-07-03,236.0,131.0,0.0,0.0,
2015-07-04,216.0,116.0,356.0,0.0,
2015-07-05,219.0,117.0,0.0,0.0,
2015-07-06,203.0,97.0,76.0,0.0,
2015-07-07,199.0,86.0,25.0,0.0,
2015-07-08,205.0,75.0,102.0,0.0,
2015-07-09,149.0,74.0,76.0,0.0,
2015-07-10,185.0,75.0,25.0,0.0,
2015-07-11,208.0,87.0,0.0,0.0,
2015-07-12,201.0,101.0,25.0,0.0,
2015-07-13,218.0,94.0,127.0,0.0,
2015-07-14,199.0,91.0,25.0,0.0,
2015-07-15,210.0,78.0,0.0,0.0,
2015-07-16,228.0,97.0,0.0,0.0,
2015-07-17,238.0,105.0,0.0,0.0,
2015-07-18,209.0,97.0,25.0,0.0,
2015-07-19,185.0,88.0,0.0,0.0,
2015-07-20,195.0,84.0,102.0,0.0,
2015-07-21,221.0,68.0,0.0,0.0,
2015-07-22,240.0,118.0,0.0,0.0,
2015-07-23,228.0,119.0,0.0,0.0,
2015-07-24,225.0,104.0,0.0,0.0,
2015-07-25,242.0,87.0,0.0,0.0,
2015-07-26,230.0,133.0,0.0,0.0,
2015-07-27,240.0,122.0,0.0,0.0,
2015-07-28,246.0,105.0,0.0,0.0,
2015-07-29,210.0,124.0,0.0,0.0,
2015-07-30,214.0,107.0,102.0,0.0,
2015-07-31,196.0,104.0,25.0,0.0,
2015-08-01,190.0,112.0,0.0,0.0,
2015-08-02,182.0,79.0,51.0,0.0,
2015-08-03,218.0,79.0,0.0,0.0,
2015-08-04,244.0,119.0,0.0,0.0,
2015-08-05,257.0,97.0,0.0,0.0,
2015-08-06,270.0,132.0,0.0,0.0,
2015-08-07,214.0,99.0,51.0,0.0,
2015-08-08,196.0,96.0,0.0,0.0,
2015-08-09,200.0,92.0,0.0,0.0,
2015-08-10,213.0,102.0,0.0,0.0,
2015-08-11,211.0,102.0,178.0,0.0,
2015-08-12,214.0,87.0,0.0,0.0,
2015-08-13,236.0,119.0,25.0,0.0,
2015-08-14,254.0,131.0,0.0,0.0,
2015-08-15,251.0,128.0,25.0,0.0,
2015-08-16,257.0,128.0,0.0,0.0,
2015-08-17,258.0,143.0,0.0,0.0,
2015-08-18,250.0,122.0,0.0,0.0,
2015-08-19,228.0,100.0,0.0,0.0,
2015-08-20,246.0,96.0,0.0,0.0,
2015-08-21,236.0,102.0,0.0,0.0,
2015-08-22,243.0,111.0,0.0,0.0,
2015-08-23,224.0,104.0,0.0,0.0,
2015-08-24,242.0,98.0,0.0,0.0,
2015-08-25,240.0,108.0,25.0,0.0,
2015-08-26,194.0,101.0,25.0,0.0,
2015-08-27,211.0,98.0,25.0,0.0,
2015-08-28,232.0,102.0,0.0,0.0,
2015-08-29,235.0,115.0,25.0,0.0,
2015-08-30,215.0,107.0,51.0,0.0,
2015-08-31,220.0,104.0,0.0,0.0,
2015-09-01,206.0,106.0,0.0,0.0,
2015-09-02,194.0,76.0,25.0,0.0,
2015-09-03,197.0,76.0,0.0,0.0,
2015-09-04,153.0,91.0,127.0,0.0,
2015-09-05,170.0,95.0,0.0,0.0,
2015-09-06,183.0,92.0,0.0,0.0,
2015-09-07,216.0,89.0,0.0,0.0,
2015-09-08,220.0,97.0,0.0,0.0,
2015-09-09,230.0,101.0,0.0,0.0,
2015-09-10,240.0,96.0,0.0,0.0,
2015-09-11,230.0,102.0,0.0,0.0,
2015-09-12,237.0,99.0,0.0,0.0,
2015-09-13,240.0,91.0,0.0,0.0,
2015-09-14,189.0,95.0,0.0,0.0,
2015-09-15,174.0,99.0,0.0,0.0,
2015-09-16,173.0,88.0,0.0,0.0,
2015-09-17,197.0,90.0,0.0,0.0,
2015-09-18,201.0,52.0,0.0,0.0,
2015-09-19,222.0,74.0,0.0,0.0,
2015-09-20,218.0,55.0,0.0,0.0,
2015-09-21,220.0,79.0,0.0,0.0,
2015-09-22,126.0,62.0,127.0,0.0,
2015-09-23,184.0,75.0,0.0,0.0,
2015-09-24,201.0,91.0,0.0,0.0,
2015-09-25,209.0,89.0,0.0,0.0,
2015-09-26,224.0,76.0,0.0,0.0,
2015-09-27,228.0,78.0,0.0,0.0,
2015-09-28,218.0,79.0,0.0,0.0,
2015-09-29,234.0,98.0,0.0,0.0,
2015-09-30,220.0,107.0,0.0,0.0,
2015-10-01,229.0,114.0,0.0,0.0,
2015-10-02,182.0,81.0,0.0,0.0,
2015-10-03,159.0,67.0,25.0,0.0,
2015-10-04,161.0,62.0,0.0,0.0,
2015-10-05,141.0,37.0,25.0,0.0,
2015-10-06,131.0,28.0,0.0,0.0,
2015-10-07,127.0,25.0,0.0,0.0,
2015-10-08,158.0,45.0,0.0,0.0,
2015-10-09,153.0,44.0,0.0,0.0,
2015-10-10,183.0,42.0,0.0,0.0,
2015-10-11,182.0,72.0,0.0,0.0,
2015-10-12,205.0,80.0,0.0,0.0,
2015-10-13,218.0,66.0,0.0,0.0,
2015-10-14,206.0,81.0,0.0,0.0,
2015-10-15,200.0,76.0,0.0,0.0,
2015-10-16,140.0,67.0,25.0,0.0,
2015-10-17,115.0,48.0,51.0,0.0,
2015-10-18,141.0,52.0,51.0,0.0,
2015-10-19,130.0,65.0,25.0,0.0,
2015-10-20,104.0,27.0,25.0,0.0,
2015-10-21,76.0,3.0,51.0,0.0,
2015-10-22,71.0,-4.0,0.0,0.0,
2015-10-23,87.0,-6.0,51.0,0.0,
2015-10-24,110.0,-2.0,0.0,0.0,
2015-10-25,119.0,20.0,0.0,0.0,
2015-10-26,117.0,29.0,0.0,0.0,
2015-10-27,117.0,23.0,0.0,0.0,
2015-10-28,134.0,-12.0,0.0,0.0,
2015-10-29,60.0,10.0,25.0,0.0,
2015-10-30,69.0,-28.0,0.0,0.0,
2015-10-31,127.0,-14.0,0.0,0.0,
2015-11-01,142.0,3.0,0.0,0.0,
2015-11-02,148.0,27.0,0.0,0.0,
2015-11-03,111.0,4.0,25.0,0.0,
2015-11-04,13.0,-55.0,279.0,152.0,
2015-11-05,-3.0,-67.0,51.0,152.0,
2015-11-06,28.0,-93.0,0.0,102.0,
2015-11-07,23.0,-99.0,0.0,76.0,
2015-11-08,82.0,-50.0,25.0,76.0,
2015-11-09,86.0,2.0,0.0,76.0,
2015-11-10,51.0,-71.0,51.0,76.0,
2015-11-11,-2.0,-86.0,0.0,76.0,
2015-11-12,86.0,-67.0,0.0,51.0,
2015-11-13,86.0,-34.0,0.0,51.0,
2015-11-14,108.0,-34.0,0.0,51.0,
2015-11-15,61.0,3.0,127.0,51.0,
2015-11-16,4.0,-76.0,279.0,305.0,
2015-11-17,-12.0,-78.0,51.0,279.0,
2015-11-18,46.0,-70.0,0.0,229.0,
2015-11-19,89.0,-76.0,0.0,203.0,
2015-11-20,88.0,-27.0,0.0,152.0,
2015-11-21,88.0,-48.0,0.0,152.0,
2015-11-22,109.0,-43.0,0.0,152.0,
2015-11-23,99.0,-37.0,0.0,127.0,
2015-11-24,68.0,-11.0,0.0,127.0,
2015-11-25,74.0,-3.0,0.0,127.0,
2015-11-26,25.0,-31.0,0.0,127.0,
2015-11-27,55.0,-91.0,0.0,127.0,
2015-11-28,15.0,-118.0,0.0,127.0,
2015-11-29,-23.0,-116.0,0.0,127.0,
2015-11-30,-21.0,-149.0,0.0,127.0,
2015-12-01,29.0,-117.0,0.0,127.0,
2015-12-02,64.0,-84.0,0.0,127.0,
2015-12-03,99.0,-53.0,0.0,127.0,
2015-12-04,67.0,2.0,0.0,102.0,
2015-12-05,27.0,-69.0,0.0,102.0,
2015-12-06,102.0,-66.0,0.0,102.0,
2015-12-07,107.0,-38.0,0.0,102.0,
2015-12-08,111.0,-7.0,0.0,102.0,
2015-12-09,102.0,-14.0,0.0,102.0,
2015-12-10,102.0,-31.0,0.0,102.0,
2015-12-11,48.0,-34.0,76.0,76.0,
2015-12-12,-9.0,-92.0,152.0,229.0,
2015-12-13,2.0,-106.0,0.0,229.0,
2015-12-14,-38.0,-112.0,76.0,254.0,
2015-12-15,-73.0,-133.0,25.0,381.0,
2015-12-16,-29.0,-148.0,0.0,356.0,
2015-12-17,-36.0,-147.0,0.0,330.0,
2015-12-18,47.0,-101.0,0.0,305.0,
2015-12-19,78.0,-23.0,25.0,279.0,
2015-12-20,14.0,-64.0,25.0,305.0,
2015-12-21,15.0,-70.0,0.0,305.0,
2015-12-22,-22.0,-58.0,203.0,432.0,
2015-12-23,-24.0,-93.0,76.0,457.0,
2015-12-24,-28.0,-107.0,51.0,533.0,
2015-12-25,-32.0,-171.0,51.0,584.0,
2015-12-26,-67.0,-174.0,0.0,559.0,
2015-12-27,15.0,-115.0,0.0,559.0,
2015-12-28,-15.0,-110.0,0.0,559.0,
2015-12-29,-36.0,-102.0,0.0,559.0,
2015-12-30,-32.0,-132.0,25.0,559.0,
2015-12-31,-25.0,-137.0,0.0,559.0,
2016-01-01,-18.0,-128.0,0.0,559.0,
2016-01-02,66.0,-95.0,0.0,533.0,
2016-01-03,87.0,-48.0,0.0,533.0,
2016-01-04,35.0,-43.0,25.0,533.0,
2016-01-05,-4.0,-45.0,76.0,610.0,
2016-01-06,-8.0,-59.0,152.0,762.0,
2016-01-07,-43.0,-78.0,127.0,864.0,
2016-01-08,-56.0,-95.0,25.0,864.0,
2016-01-09,-37.0,-133.0,0.0,787.0,
2016-01-10,-31.0,-169.0,0.0,787.0,
2016-01-11,-1.0,-171.0,0.0,787.0,
2016-01-12,72.0,-91.0,0.0,787.0,
2016-01-13,88.0,-65.0,0.0,787.0,
2016-01-14,2.0,-92.0,0.0,787.0,
2016-01-15,-43.0,-114.0,25.0,787.0,
2016-01-16,0.0,-115.0,25.0,787.0,
2016-01-17,13.0,-68.0,0.0,762.0,
2016-01-18,46.0,-76.0,0.0,762.0,
2016-01-19,22.0,-81.0,25.0,762.0,
2016-01-20,4.0,-104.0,0.0,762.0,
2016-01-21,35.0,-94.0,0.0,762.0,
2016-01-22,101.0,-49.0,0.0,762.0,
2016-01-23,79.0,-32.0,0.0,787.0,
2016-01-24,1.0,-69.0,51.0,787.0,
2016-01-25,-18.0,-124.0,0.0,787.0,
2016-01-26,14.0,-118.0,0.0,787.0,
2016-01-27,92.0,-84.0,0.0,762.0,
2016-01-28,100.0,-47.0,0.0,711.0,
2016-01-29,81.0,-18.0,0.0,711.0,
2016-01-30,51.0,-16.0,0.0,711.0,
2016-01-31,34.0,-23.0,76.0,737.0,
2016-02-01,-20.0,-125.0,178.0,991.0,
2016-02-02,-81.0,-190.0,0.0,965.0,
2016-02-03,-71.0,-207.0,0.0,940.0,
2016-02-04,-26.0,-179.0,0.0,914.0,
2016-02-05,2.0,-128.0,0.0,914.0,
2016-02-06,78.0,-100.0,0.0,889.0,
2016-02-07,87.0,-59.0,0.0,838.0,
2016-02-08,107.0,-34.0,0.0,813.0,
2016-02-09,130.0,-18.0,0.0,762.0,
2016-02-10,121.0,-24.0,0.0,762.0,
2016-02-11,130.0,-20.0,0.0,737.0,
2016-02-12,150.0,-13.0,0.0,686.0,
2016-02-13,116.0,-22.0,0.0,660.0,
2016-02-14,69.0,-34.0,0.0,635.0,
2016-02-15,71.0,-50.0,0.0,610.0,
2016-02-16,119.0,-26.0,0.0,559.0,
2016-02-17,131.0,-13.0,0.0,508.0,
2016-02-18,89.0,17.0,0.0,483.0,
2016-02-19,84.0,6.0,0.0,457.0,
2016-02-20,106.0,3.0,0.0,406.0,
2016-02-21,105.0,-21.0,0.0,381.0,
2016-02-22,59.0,-63.0,25.0,381.0,
2016-02-23,-27.0,-103.0,0.0,381.0,
2016-02-24,55.0,-112.0,0.0,356.0,
2016-02-25,88.0,-47.0,0.0,330.0,
2016-02-26,116.0,-22.0,0.0,305.0,
2016-02-27,108.0,-25.0,0.0,279.0,
2016-02-28,107.0,-9.0,0.0,254.0,
2016-02-29,89.0,-9.0,0.0,229.0,
2016-03-01,99.0,2.0,0.0,178.0,
2016-03-02,105.0,6.0,0.0,152.0,
2016-03-03,137.0,-9.0,0.0,102.0,
2016-03-04,136.0,-7.0,0.0,76.0,
2016-03-05,111.0,5.0,0.0,51.0,
2016-03-06,70.0,-53.0,0.0,51.0,
2016-03-07,45.0,-71.0,0.0,0.0,
2016-03-08,48.0,-57.0,0.0,0.0,
2016-03-09,68.0,-68.0,51.0,0.0,
2016-03-10,119.0,-25.0,0.0,0.0,
2016-03-11,144.0,6.0,0.0,0.0,
2016-03-12,42.0,-42.0,0.0,0.0,
2016-03-13,81.0,-61.0,0.0,0.0,
2016-03-14,81.0,-14.0,0.0,0.0,
2016-03-15,55.0,-31.0,0.0,0.0,
2016-03-16,74.0,-25.0,0.0,0.0,
2016-03-17,98.0,-24.0,0.0,0.0,
2016-03-18,97.0,-16.0,0.0,0.0,
2016-03-19,98.0,-23.0,0.0,0.0,
2016-03-20,122.0,-18.0,0.0,0.0,
2016-03-21,138.0,39.0,0.0,0.0,
2016-03-22,90.0,-54.0,0.0,0.0,
2016-03-23,30.0,-80.0,0.0,0.0,
2016-03-24,67.0,-72.0,0.0,0.0,
2016-03-25,68.0,-32.0,0.0,0.0,
2016-03-26,27.0,-67.0,25.0,0.0,
2016-03-27,88.0,-83.0,0.0,0.0,
2016-03-28,89.0,8.0,0.0,0.0,
2016-03-29,23.0,-74.0,51.0,0.0,
2016-03-30,3.0,-92.0,0.0,0.0,
2016-03-31,34.0,-90.0,0.0,0.0,
2016-04-01,47.0,-57.0,0.0,0.0,
2016-04-02,101.0,-60.0,0.0,0.0,
2016-04-03,129.0,-20.0,0.0,0.0,
2016-04-04,153.0,14.0,0.0,0.0,
2016-04-05,131.0,0.0,0.0,0.0,
2016-04-06,141.0,-27.0,0.0,0.0,
2016-04-07,155.0,38.0,0.0,0.0,
2016-04-08,86.0,11.0,51.0,0.0,
2016-04-09,100.0,7.0,0.0,0.0,
2016-04-10,96.0,-12.0,0.0,0.0,
2016-04-11,95.0,-21.0,0.0,0.0,
2016-04-12,92.0,-3.0,25.0,0.0,
2016-04-13,143.0,-14.0,0.0,0.0,
2016-04-14,129.0,24.0,0.0,0.0,
2016-04-15,80.0,-32.0,51.0,0.0,
2016-04-16,24.0,-47.0,102.0,0.0,
2016-04-17,32.0,-39.0,25.0,0.0,
2016-04-18,46.0,-47.0,0.0,0.0,
2016-04-19,107.0,-39.0,0.0,0.0,
2016-04-20,139.0,-2.0,0.0,0.0,
2016-04-21,159.0,24.0,0.0,0.0,
2016-04-22,179.0,44.0,0.0,0.0,
2016-04-23,128.0,17.0,0.0,0.0,
2016-04-24,124.0,-22.0,0.0,0.0,
2016-04-25,91.0,-34.0,0.0,0.0,
2016-04-26,45.0,-52.0,25.0,0.0,
2016-04-27,90.0,-15.0,25.0,0.0,
2016-04-28,88.0,-36.0,0.0,0.0,
2016-04-29,45.0,-46.0,25.0,0.0,
2016-04-30,67.0,-21.0,152.0,76.0,
2016-05-01,66.0,-24.0,76.0,25.0,
2016-05-02,76.0,-37.0,0.0,0.0,
2016-05-03,128.0,-21.0,0.0,0.0,
2016-05-04,175.0,28.0,0.0,0.0,
2016-05-05,180.0,69.0,0.0,0.0,
2016-05-06,148.0,17.0,0.0,0.0,
2016-05-07,79.0,-25.0,25.0,0.0,
2016-05-08,72.0,-14.0,0.0,0.0,
2016-05-09,132.0,50.0,0.0,0.0,
2016-05-10,149.0,22.0,0.0,0.0,
2016-05-11,132.0,3.0,0.0,0.0,
2016-05-12,168.0,27.0,0.0,0.0,
2016-05-13,208.0,60.0,0.0,0.0,
2016-05-14,194.0,61.0,0.0,0.0,
2016-05-15,159.0,69.0,0.0,0.0,
2016-05-16,131.0,4.0,51.0,0.0,
2016-05-17,109.0,5.0,51.0,0.0,
2016-05-18,68.0,8.0,25.0,0.0,
2016-05-19,139.0,-6.0,0.0,0.0,
2016-05-20,171.0,62.0,0.0,0.0,
2016-05-21,167.0,55.0,0.0,0.0,
2016-05-22,139.0,42.0,0.0,0.0,
2016-05-23,150.0,35.0,0.0,0.0,
2016-05-24,144.0,50.0,0.0,0.0,
2016-05-25,156.0,27.0,0.0,0.0,
2016-05-26,107.0,14.0,0.0,0.0,
2016-05-27,143.0,2.0,0.0,0.0,
2016-05-28,170.0,24.0,0.0,0.0,
2016-05-29,194.0,58.0,0.0,0.0,
2016-05-30,198.0,71.0,0.0,0.0,
2016-05-31,201.0,86.0,0.0,0.0,
2016-06-01,213.0,54.0,0.0,0.0,
2016-06-02,229.0,70.0,0.0,0.0,
2016-06-03,248.0,92.0,0.0,0.0,
2016-06-04,253.0,134.0,0.0,0.0,
2016-06-05,262.0,110.0,0.0,0.0,
2016-06-06,259.0,96.0,0.0,0.0,
2016-06-07,244.0,110.0,0.0,0.0,
2016-06-08,245.0,97.0,0.0,0.0,
2016-06-09,268.0,96.0,0.0,0.0,
2016-06-10,261.0,97.0,0.0,0.0,
2016-06-11,227.0,123.0,0.0,0.0,
2016-06-12,229.0,114.0,0.0,0.0,
2016-06-13,185.0,69.0,0.0,0.0,
2016-06-14,219.0,42.0,0.0,0.0,
2016-06-15,230.0,107.0,0.0,0.0,
2016-06-16,225.0,85.0,0.0,0.0,
2016-06-17,247.0,57.0,0.0,0.0,
2016-06-18,284.0,85.0,0.0,0.0,
2016-06-19,287.0,133.0,0.0,0.0,
2016-06-20,302.0,165.0,0.0,0.0,
2016-06-21,280.0,166.0,0.0,0.0,
2016-06-22,291.0,132.0,0.0,0.0,
2016-06-23,271.0,126.0,0.0,0.0,
2016-06-24,237.0,162.0,0.0,0.0,
2016-06-25,270.0,142.0,0.0,0.0,
2016-06-26,271.0,119.0,0.0,0.0,
2016-06-27,266.0,112.0,0.0,0.0,
2016-06-28,261.0,131.0,0.0,0.0,
2016-06-29,249.0,127.0,0.0,0.0,
2016-06-30,182.0,105.0,25.0,0.0,
2016-07-01,151.0,87.0,127.0,0.0,
2016-07-02,179.0,84.0,0.0,0.0,
2016-07-03,230.0,82.0,51.0,0.0,
2016-07-04,240.0,91.0,0.0,0.0,
2016-07-05,246.0,116.0,0.0,0.0,
2016-07-06,250.0,130.0,0.0,0.0,
2016-07-07,249.0,126.0,0.0,0.0,
2016-07-08,264.0,100.0,0.0,0.0,
2016-07-09,270.0,104.0,0.0,0.0,
2016-07-10,260.0,142.0,0.0,0.0,
2016-07-11,249.0,129.0,0.0,0.0,
2016-07-12,252.0,132.0,0.0,0.0,
2016-07-13,261.0,121.0,0.0,0.0,
2016-07-14,276.0,95.0,0.0,0.0,
2016-07-15,289.0,124.0,0.0,0.0,
2016-07-16,267.0,128.0,0.0,0.0,
2016-07-17,266.0,132.0,0.0,0.0,
2016-07-18,268.0,127.0,25.0,0.0,
2016-07-19,230.0,106.0,127.0,0.0,
2016-07-20,234.0,97.0,76.0,0.0,
2016-07-21,242.0,99.0,25.0,0.0,
2016-07-22,246.0,121.0,0.0,0.0,
2016-07-23,258.0,128.0,0.0,0.0,
2016-07-24,260.0,133.0,25.0,0.0,
2016-07-25,253.0,148.0,0.0,0.0,
2016-07-26,254.0,115.0,0.0,0.0,
2016-07-27,276.0,121.0,0.0,0.0,
2016-07-28,292.0,123.0,0.0,0.0,
2016-07-29,279.0,137.0,25.0,0.0,
2016-07-30,273.0,111.0,0.0,0.0,
2016-07-31,249.0,112.0,0.0,0.0,
2016-08-01,236.0,98.0,178.0,0.0,
2016-08-02,234.0,100.0,102.0,0.0,
2016-08-03,218.0,102.0,51.0,0.0,
2016-08-04,199.0,111.0,0.0,0.0,
2016-08-05,185.0,104.0,102.0,0.0,
2016-08-06,190.0,88.0,0.0,0.0,
2016-08-07,219.0,109.0,0.0,0.0,
2016-08-08,244.0,130.0,0.0,0.0,
2016-08-09,240.0,131.0,0.0,0.0,
2016-08-10,236.0,121.0,0.0,0.0,
2016-08-11,231.0,97.0,0.0,0.0,
2016-08-12,232.0,94.0,0.0,0.0,
2016-08-13,243.0,110.0,0.0,0.0,
2016-08-14,242.0,84.0,0.0,0.0,
2016-08-15,251.0,97.0,0.0,0.0,
2016-08-16,213.0,101.0,0.0,0.0,
2016-08-17,224.0,92.0,51.0,0.0,
2016-08-18,186.0,98.0,0.0,0.0,
2016-08-19,211.0,86.0,0.0,0.0,
2016-08-20,226.0,86.0,0.0,0.0,
2016-08-21,211.0,82.0,0.0,0.0,
2016-08-22,165.0,71.0,76.0,0.0,
2016-08-23,152.0,70.0,152.0,0.0,
2016-08-24,195.0,70.0,51.0,0.0,
2016-08-25,191.0,59.0,51.0,0.0,
2016-08-26,182.0,60.0,0.0,0.0,
2016-08-27,159.0,51.0,25.0,0.0,
2016-08-28,155.0,51.0,76.0,0.0,
2016-08-29,195.0,66.0,0.0,0.0,
2016-08-30,201.0,86.0,0.0,0.0,
2016-08-31,206.0,94.0,0.0,0.0,
2016-09-01,215.0,99.0,0.0,0.0,
2016-09-02,191.0,97.0,51.0,0.0,
2016-09-03,189.0,105.0,25.0,0.0,
2016-09-04,199.0,112.0,0.0,0.0,
2016-09-05,220.0,118.0,0.0,0.0,
2016-09-06,218.0,120.0,0.0,0.0,
2016-09-07,179.0,90.0,0.0,0.0,
2016-09-08,225.0,66.0,0.0,0.0,
2016-09-09,234.0,96.0,0.0,0.0,
2016-09-10,240.0,95.0,0.0,0.0,
2016-09-11,214.0,98.0,0.0,0.0,
2016-09-12,166.0,70.0,51.0,0.0,
2016-09-13,179.0,77.0,0.0,0.0,
2016-09-14,177.0,80.0,0.0,0.0,
2016-09-15,187.0,59.0,0.0,0.0,
2016-09-16,191.0,50.0,0.0,0.0,
2016-09-17,200.0,67.0,0.0,0.0,
2016-09-18,220.0,70.0,0.0,0.0,
2016-09-19,231.0,62.0,0.0,0.0,
2016-09-20,190.0,81.0,25.0,0.0,
2016-09-21,182.0,92.0,51.0,0.0,
2016-09-22,203.0,89.0,0.0,0.0,
2016-09-23,102.0,-3.0,178.0,0.0,
2016-09-24,114.0,7.0,0.0,0.0,
2016-09-25,140.0,26.0,0.0,0.0,
2016-09-26,154.0,35.0,0.0,0.0,
2016-09-27,163.0,55.0,0.0,0.0,
2016-09-28,178.0,70.0,0.0,0.0,
2016-09-29,110.0,45.0,102.0,0.0,
2016-09-30,167.0,64.0,0.0,0.0,
2016-10-01,164.0,34.0,0.0,0.0,
2016-10-02,163.0,58.0,0.0,0.0,
2016-10-03,123.0,-8.0,0.0,0.0,
2016-10-04,101.0,-30.0,0.0,0.0,
2016-10-05,120.0,-10.0,0.0,0.0,
2016-10-06,117.0,-9.0,0.0,0.0,
2016-10-07,134.0,0.0,0.0,0.0,
2016-10-08,150.0,38.0,25.0,0.0,
2016-10-09,115.0,24.0,102.0,0.0,
2016-10-10,159.0,20.0,0.0,0.0,
2016-10-11,172.0,80.0,0.0,0.0,
2016-10-12,174.0,34.0,0.0,0.0,
2016-10-13,173.0,38.0,0.0,0.0,
2016-10-14,179.0,75.0,0.0,0.0,
2016-10-15,185.0,85.0,0.0,0.0,
2016-10-16,167.0,79.0,0.0,0.0,
2016-10-17,170.0,70.0,0.0,0.0,
2016-10-18,161.0,58.0,0.0,0.0,
2016-10-19,129.0,-21.0,0.0,0.0,
2016-10-20,150.0,0.0,0.0,0.0,
2016-10-21,178.0,18.0,0.0,0.0,
2016-10-22,184.0,67.0,0.0,0.0,
2016-10-23,179.0,35.0,0.0,0.0,
2016-10-24,158.0,55.0,0.0,0.0,
2016-10-25,131.0,42.0,51.0,0.0,
2016-10-26,144.0,28.0,0.0,0.0,
2016-10-27,186.0,51.0,0.0,0.0,
2016-10-28,182.0,86.0,0.0,0.0,
2016-10-29,159.0,67.0,0.0,0.0,
2016-10-30,159.0,58.0,0.0,0.0,
2016-10-31,130.0,66.0,0.0,0.0,
2016-11-01,118.0,8.0,0.0,0.0,
2016-11-02,112.0,-1.0,0.0,0.0,
2016-11-03,111.0,18.0,25.0,0.0,
2016-11-04,45.0,27.0,76.0,0.0,
2016-11-05,72.0,10.0,0.0,0.0,
2016-11-06,112.0,5.0,0.0,0.0,
2016-11-07,120.0,10.0,0.0,0.0,
2016-11-08,117.0,11.0,0.0,0.0,
2016-11-09,123.0,5.0,0.0,0.0,
2016-11-10,124.0,3.0,0.0,0.0,
2016-11-11,110.0,-2.0,0.0,0.0,
2016-11-12,107.0,-26.0,0.0,0.0,
2016-11-13,112.0,-11.0,0.0,0.0,
2016-11-14,154.0,3.0,0.0,0.0,
2016-11-15,177.0,27.0,0.0,0.0,
2016-11-16,115.0,44.0,0.0,0.0,
2016-11-17,45.0,-89.0,0.0,0.0,
2016-11-18,54.0,-104.0,0.0,0.0,
2016-11-19,130.0,-22.0,25.0,0.0,
2016-11-20,128.0,15.0,0.0,0.0,
2016-11-21,30.0,-22.0,203.0,76.0,
2016-11-22,3.0,-67.0,76.0,102.0,
2016-11-23,39.0,-79.0,0.0,76.0,
2016-11-24,45.0,-76.0,0.0,76.0,
2016-11-25,66.0,-63.0,0.0,76.0,
2016-11-26,78.0,-31.0,25.0,76.0,
2016-11-27,7.0,-70.0,25.0,76.0,
2016-11-28,-56.0,-97.0,127.0,178.0,
2016-11-29,-34.0,-150.0,25.0,178.0,
2016-11-30,-28.0,-179.0,0.0,178.0,
2016-12-01,4.0,-136.0,0.0,152.0,
2016-12-02,16.0,-93.0,0.0,152.0,
2016-12-03,38.0,-96.0,0.0,152.0,
2016-12-04,88.0,-65.0,0.0,127.0,
2016-12-05,47.0,-26.0,0.0,127.0,
2016-12-06,6.0,-50.0,0.0,127.0,
2016-12-07,-16.0,-130.0,0.0,127.0,
2016-12-08,28.0,-120.0,0.0,127.0,
2016-12-09,65.0,-52.0,0.0,102.0,
2016-12-10,84.0,-8.0,25.0,102.0,
2016-12-11,46.0,-20.0,0.0,102.0,
2016-12-12,36.0,-11.0,0.0,102.0,
2016-12-13,55.0,-37.0,0.0,102.0,
2016-12-14,81.0,-13.0,0.0,76.0,
2016-12-15,55.0,-7.0,25.0,76.0,
2016-12-16,32.0,-11.0,178.0,127.0,
2016-12-17,-6.0,-152.0,102.0,330.0,
2016-12-18,-44.0,-163.0,0.0,305.0,
2016-12-19,26.0,-141.0,25.0,279.0,
2016-12-20,91.0,-80.0,25.0,254.0,
2016-12-21,88.0,3.0,0.0,229.0,
2016-12-22,28.0,-18.0,381.0,254.0,
2016-12-23,1.0,-28.0,51.0,305.0,
2016-12-24,47.0,-92.0,25.0,356.0,
2016-12-25,-87.0,-116.0,0.0,279.0,
2016-12-26,-13.0,-134.0,25.0,305.0,
2016-12-27,55.0,-66.0,0.0,305.0,
2016-12-28,45.0,-31.0,0.0,305.0,
2016-12-29,104.0,-48.0,0.0,279.0,
2016-12-30,55.0,-67.0,0.0,279.0,
2016-12-31,-2.0,-32.0,76.0,356.0,
2017-01-01,-7.0,-42.0,51.0,406.0,
2017-01-02,-34.0,-59.0,25.0,457.0,
2017-01-03,-30.0,-70.0,0.0,432.0,
2017-01-04,1.0,-42.0,0.0,406.0,
2017-01-05,-1.0,-67.0,330.0,533.0,
2017-01-06,-29.0,-167.0,51.0,584.0,
2017-01-07,-24.0,-162.0,0.0,584.0,
2017-01-08,41.0,-31.0,0.0,559.0,
2017-01-09,50.0,-27.0,51.0,508.0,
2017-01-10,21.0,-46.0,0.0,483.0,
2017-01-11,28.0,-28.0,0.0,483.0,
2017-01-12,8.0,-40.0,0.0,483.0,
2017-01-13,38.0,-38.0,25.0,508.0,
2017-01-14,48.0,-23.0,102.0,508.0,
2017-01-15,10.0,-32.0,0.0,559.0,
2017-01-16,1.0,-55.0,76.0,610.0,
2017-01-17,35.0,-87.0,0.0,584.0,
2017-01-18,-2.0,-97.0,0.0,584.0,
2017-01-19,-36.0,-62.0,102.0,660.0,
2017-01-20,-42.0,-71.0,178.0,864.0,
2017-01-21,-43.0,-89.0,152.0,1041.0,
2017-01-22,-27.0,-141.0,51.0,1041.0,
2017-01-23,-16.0,-67.0,152.0,1067.0,
2017-01-24,-67.0,-114.0,51.0,1143.0,
2017-01-25,-69.0,-138.0,25.0,1118.0,
2017-01-26,-40.0,-192.0,0.0,1092.0,
2017-01-27,-56.0,-192.0,0.0,1041.0,
2017-01-28,45.0,-84.0,0.0,1016.0,
2017-01-29,85.0,-67.0,0.0,991.0,
2017-01-30,95.0,-67.0,0.0,965.0,
2017-01-31,87.0,-43.0,0.0,965.0,
2017-02-01,91.0,-39.0,0.0,940.0,
2017-02-02,44.0,-30.0,0.0,914.0,
2017-02-03,62.0,-48.0,0.0,914.0,
2017-02-04,62.0,-32.0,0.0,889.0,
2017-02-05,81.0,-37.0,0.0,864.0,
2017-02-06,4.0,-22.0,51.0,889.0,
2017-02-07,13.0,-22.0,0.0,889.0,
2017-02-08,100.0,-14.0,0.0,813.0,
2017-02-09,137.0,-14.0,0.0,813.0,
2017-02-10,121.0,37.0,0.0,762.0,
2017-02-11,96.0,-4.0,0.0,737.0,
2017-02-12,36.0,-16.0,0.0,711.0,
2017-02-13,21.0,-23.0,127.0,762.0,
2017-02-14,39.0,-50.0,0.0,762.0,
2017-02-15,75.0,-66.0,0.0,737.0,
2017-02-16,90.0,-91.0,25.0,711.0,
2017-02-17,33.0,-16.0,0.0,686.0,
2017-02-18,76.0,-25.0,0.0,686.0,
2017-02-19,14.0,-42.0,51.0,711.0,
2017-02-20,65.0,-43.0,0.0,711.0,
2017-02-21,97.0,-2.0,0.0,686.0,
2017-02-22,66.0,-6.0,0.0,660.0,
2017-02-23,-6.0,-97.0,0.0,660.0,
2017-02-24,-41.0,-120.0,0.0,660.0,
2017-02-25,-8.0,-122.0,0.0,635.0,
2017-02-26,-8.0,-99.0,25.0,660.0,
2017-02-27,-13.0,-59.0,127.0,838.0,
2017-02-28,-26.0,-112.0,356.0,1041.0,
2017-03-01,7.0,-161.0,0.0,1016.0,
2017-03-02,56.0,-95.0,0.0,965.0,
2017-03-03,99.0,-69.0,0.0,940.0,
2017-03-04,79.0,-21.0,0.0,889.0,
2017-03-05,39.0,-23.0,0.0,864.0,
2017-03-06,-22.0,-80.0,0.0,864.0,
2017-03-07,68.0,-102.0,0.0,838.0,
2017-03-08,123.0,-28.0,0.0,762.0,
2017-03-09,137.0,-27.0,0.0,711.0,
2017-03-10,140.0,-15.0,0.0,660.0,
2017-03-11,133.0,-4.0,25.0,610.0,
2017-03-12,119.0,3.0,0.0,610.0,
2017-03-13,123.0,-22.0,0.0,559.0,
2017-03-14,154.0,5.0,0.0,508.0,
2017-03-15,162.0,20.0,0.0,483.0,
2017-03-16,141.0,34.0,0.0,432.0,
2017-03-17,168.0,24.0,0.0,381.0,
2017-03-18,151.0,45.0,0.0,330.0,
2017-03-19,149.0,44.0,0.0,279.0,
2017-03-20,152.0,3.0,0.0,203.0,
2017-03-21,148.0,44.0,0.0,127.0,
2017-03-22,127.0,36.0,25.0,25.0,
2017-03-23,36.0,-41.0,76.0,76.0,
2017-03-24,79.0,-44.0,0.0,25.0,
2017-03-25,88.0,-26.0,76.0,51.0,
2017-03-26,67.0,-29.0,25.0,0.0,
2017-03-27,67.0,-24.0,25.0,0.0,
2017-03-28,39.0,-34.0,0.0,0.0,
2017-03-29,97.0,-27.0,0.0,0.0,
2017-03-30,116.0,5.0,25.0,0.0,
2017-03-31,35.0,-83.0,76.0,51.0,
2017-04-01,30.0,-79.0,51.0,51.0,
2017-04-02,84.0,-48.0,0.0,0.0,
2017-04-03,36.0,-43.0,102.0,102.0,
2017-04-04,6.0,-72.0,25.0,51.0,
2017-04-05,87.0,-78.0,0.0,0.0,
2017-04-06,133.0,-18.0,0.0,0.0,
2017-04-07,139.0,48.0,0.0,0.0,
2017-04-08,117.0,28.0,0.0,0.0,
2017-04-09,65.0,-30.0,0.0,0.0,
2017-04-10,89.0,-50.0,0.0,0.0,
2017-04-11,132.0,-18.0,0.0,0.0,
2017-04-12,152.0,3.0,0.0,0.0,
2017-04-13,159.0,24.0,0.0,0.0,
2017-04-14,149.0,45.0,0.0,0.0,
2017-04-15,139.0,5.0,0.0,0.0,
2017-04-16,161.0,20.0,0.0,0.0,
2017-04-17,154.0,12.0,0.0,0.0,
2017-04-18,163.0,54.0,0.0,0.0,
2017-04-19,143.0,45.0,0.0,0.0,
2017-04-20,142.0,27.0,0.0,0.0,
2017-04-21,117.0,-12.0,0.0,0.0,
2017-04-22,143.0,-21.0,0.0,0.0,
2017-04-23,164.0,28.0,0.0,0.0,
2017-04-24,129.0,50.0,0.0,0.0,
2017-04-25,51.0,-20.0,76.0,0.0,
2017-04-26,98.0,-40.0,25.0,0.0,
2017-04-27,97.0,-16.0,0.0,0.0,
2017-04-28,21.0,-94.0,102.0,0.0,
2017-04-29,30.0,-99.0,51.0,0.0,
2017-04-30,70.0,-44.0,0.0,0.0,
2017-05-01,146.0,-1.0,0.0,0.0,
2017-05-02,161.0,24.0,0.0,0.0,
2017-05-03,165.0,-3.0,0.0,0.0,
2017-05-04,188.0,34.0,0.0,0.0,
2017-05-05,213.0,54.0,0.0,0.0,
2017-05-06,190.0,76.0,25.0,0.0,
2017-05-07,173.0,35.0,0.0,0.0,
2017-05-08,138.0,34.0,0.0,0.0,
2017-05-09,114.0,-12.0,25.0,0.0,
2017-05-10,56.0,-11.0,254.0,0.0,
2017-05-11,126.0,6.0,0.0,0.0,
2017-05-12,178.0,35.0,25.0,0.0,
2017-05-13,172.0,79.0,0.0,0.0,
2017-05-14,158.0,68.0,0.0,0.0,
2017-05-15,160.0,34.0,0.0,0.0,
2017-05-16,94.0,3.0,0.0,0.0,
2017-05-17,80.0,-35.0,102.0,0.0,
2017-05-18,38.0,-44.0,0.0,0.0,
2017-05-19,58.0,-49.0,0.0,0.0,
2017-05-20,120.0,-27.0,0.0,0.0,
2017-05-21,164.0,11.0,0.0,0.0,
2017-05-22,146.0,26.0,0.0,0.0,
2017-05-23,158.0,46.0,0.0,0.0,
2017-05-24,202.0,52.0,0.0,0.0,
2017-05-25,182.0,95.0,0.0,0.0,
2017-05-26,167.0,74.0,0.0,0.0,
2017-05-27,173.0,54.0,0.0,0.0,
2017-05-28,170.0,51.0,0.0,0.0,
2017-05-29,200.0,57.0,0.0,0.0,
2017-05-30,192.0,69.0,0.0,0.0,
2017-05-31,163.0,55.0,51.0,0.0,
2017-06-01,186.0,52.0,0.0,0.0,
2017-06-02,197.0,52.0,25.0,0.0,
2017-06-03,210.0,91.0,0.0,0.0,
2017-06-04,242.0,101.0,0.0,0.0,
2017-06-05,233.0,105.0,0.0,0.0,
2017-06-06,247.0,111.0,0.0,0.0,
2017-06-07,235.0,109.0,0.0,0.0,
2017-06-08,238.0,121.0,0.0,0.0,
2017-06-09,236.0,109.0,0.0,0.0,
2017-06-10,237.0,119.0,0.0,0.0,
2017-06-11,214.0,101.0,0.0,0.0,
2017-06-12,184.0,66.0,0.0,0.0,
2017-06-13,175.0,37.0,0.0,0.0,
2017-06-14,238.0,64.0,0.0,0.0,
2017-06-15,264.0,92.0,0.0,0.0,
2017-06-16,265.0,109.0,0.0,0.0,
2017-06-17,278.0,108.0,0.0,0.0,
2017-06-18,270.0,134.0,0.0,0.0,
2017-06-19,290.0,149.0,0.0,0.0,
2017-06-20,304.0,149.0,0.0,0.0,
2017-06-21,280.0,162.0,0.0,0.0,
2017-06-22,284.0,144.0,0.0,0.0,
2017-06-23,279.0,136.0,0.0,0.0,
2017-06-24,282.0,121.0,0.0,0.0,
2017-06-25,267.0,116.0,0.0,0.0,
2017-06-26,268.0,104.0,0.0,0.0,
2017-06-27,258.0,126.0,0.0,0.0,
2017-06-28,250.0,90.0,0.0,0.0,
2017-06-29,260.0,101.0,0.0,0.0,
2017-06-30,264.0,91.0,0.0,0.0,
2017-07-01,272.0,114.0,0.0,0.0,
2017-07-02,237.0,136.0,0.0,0.0,
2017-07-03,268.0,100.0,0.0,0.0,
2017-07-04,283.0,127.0,0.0,0.0,
2017-07-05,281.0,148.0,0.0,0.0,
2017-07-06,280.0,151.0,0.0,0.0,
2017-07-07,273.0,143.0,0.0,0.0,
2017-07-08,267.0,132.0,0.0,0.0,
2017-07-09,249.0,133.0,0.0,0.0,
2017-07-10,244.0,112.0,25.0,0.0,
2017-07-11,247.0,117.0,51.0,0.0,
2017-07-12,256.0,118.0,0.0,0.0,
2017-07-13,257.0,92.0,0.0,0.0,
2017-07-14,236.0,117.0,51.0,0.0,
2017-07-15,256.0,122.0,0.0,0.0,
2017-07-16,246.0,114.0,0.0,0.0,
2017-07-17,240.0,108.0,0.0,0.0,
2017-07-18,271.0,121.0,0.0,0.0,
2017-07-19,276.0,118.0,51.0,0.0,
2017-07-20,231.0,118.0,0.0,0.0,
2017-07-21,214.0,118.0,51.0,0.0,
2017-07-22,240.0,114.0,127.0,0.0,
2017-07-23,232.0,116.0,0.0,0.0,
2017-07-24,200.0,107.0,152.0,0.0,
2017-07-25,206.0,119.0,0.0,0.0,
2017-07-26,244.0,110.0,0.0,0.0,
2017-07-27,237.0,121.0,152.0,0.0,
2017-07-28,209.0,117.0,178.0,0.0,
2017-07-29,187.0,99.0,25.0,0.0,
2017-07-30,225.0,110.0,25.0,0.0,
2017-07-31,212.0,118.0,0.0,0.0,
2017-08-01,225.0,110.0,0.0,0.0,
2017-08-02,246.0,112.0,0.0,0.0,
2017-08-03,240.0,112.0,0.0,0.0,
2017-08-04,206.0,104.0,76.0,0.0,
2017-08-05,200.0,92.0,25.0,0.0,
2017-08-06,204.0,106.0,0.0,0.0,
2017-08-07,234.0,97.0,0.0,0.0,
2017-08-08,233.0,105.0,0.0,0.0,
2017-08-09,248.0,99.0,0.0,0.0,
2017-08-10,250.0,112.0,0.0,0.0,
2017-08-11,183.0,100.0,0.0,0.0,
2017-08-12,229.0,90.0,0.0,0.0,
2017-08-13,221.0,86.0,0.0,0.0,
2017-08-14,219.0,96.0,0.0,0.0,
2017-08-15,171.0,95.0,0.0,0.0,
2017-08-16,216.0,52.0,0.0,0.0,
2017-08-17,235.0,106.0,0.0,0.0,
2017-08-18,256.0,112.0,0.0,0.0,
2017-08-19,261.0,128.0,0.0,0.0,
2017-08-20,240.0,99.0,0.0,0.0,
2017-08-21,222.0,91.0,0.0,0.0,
2017-08-22,225.0,96.0,0.0,0.0,
2017-08-23,213.0,112.0,25.0,0.0,
2017-08-24,187.0,86.0,0.0,0.0,
2017-08-25,235.0,82.0,0.0,0.0,
2017-08-26,257.0,108.0,0.0,0.0,
2017-08-27,261.0,119.0,0.0,0.0,
2017-08-28,266.0,129.0,0.0,0.0,
2017-08-29,259.0,104.0,0.0,0.0,
2017-08-30,253.0,107.0,0.0,0.0,
2017-08-31,247.0,141.0,0.0,0.0,
2017-09-01,237.0,116.0,0.0,0.0,
2017-09-02,253.0,106.0,0.0,0.0,
2017-09-03,270.0,99.0,0.0,0.0,
2017-09-04,271.0,123.0,0.0,0.0,
2017-09-05,245.0,121.0,0.0,0.0,
2017-09-06,257.0,116.0,25.0,0.0,
2017-09-07,236.0,117.0,25.0,0.0,
2017-09-08,218.0,97.0,0.0,0.0,
2017-09-09,195.0,86.0,25.0,0.0,
2017-09-10,200.0,77.0,0.0,0.0,
2017-09-11,229.0,107.0,25.0,0.0,
2017-09-12,250.0,118.0,0.0,0.0,
2017-09-13,242.0,96.0,25.0,0.0,
2017-09-14,188.0,87.0,0.0,0.0,
2017-09-15,170.0,81.0,0.0,0.0,
2017-09-16,190.0,41.0,0.0,0.0,
2017-09-17,179.0,58.0,25.0,0.0,
2017-09-18,194.0,77.0,0.0,0.0,
2017-09-19,188.0,87.0,0.0,0.0,
2017-09-20,194.0,75.0,0.0,0.0,
2017-09-21,191.0,80.0,0.0,0.0,
2017-09-22,165.0,76.0,0.0,0.0,
2017-09-23,119.0,21.0,76.0,0.0,
2017-09-24,96.0,-16.0,0.0,0.0,
2017-09-25,122.0,-30.0,25.0,0.0,
2017-09-26,154.0,10.0,0.0,0.0,
2017-09-27,66.0,15.0,51.0,0.0,
2017-09-28,128.0,6.0,25.0,0.0,
2017-09-29,147.0,47.0,76.0,0.0,
2017-09-30,162.0,59.0,25.0,0.0,
2017-10-01,159.0,66.0,0.0,0.0,
2017-10-02,140.0,51.0,0.0,0.0,
2017-10-03,185.0,50.0,0.0,0.0,
2017-10-04,198.0,97.0,0.0,0.0,
2017-10-05,190.0,97.0,0.0,0.0,
2017-10-06,132.0,7.0,0.0,0.0,
2017-10-07,182.0,-10.0,0.0,0.0,
2017-10-08,172.0,29.0,0.0,0.0,
2017-10-09,55.0,-52.0,0.0,0.0,
2017-10-10,109.0,-40.0,0.0,0.0,
2017-10-11,175.0,8.0,0.0,0.0,
2017-10-12,165.0,76.0,0.0,0.0,
2017-10-13,162.0,64.0,0.0,0.0,
2017-10-14,150.0,4.0,0.0,0.0,
2017-10-15,183.0,-4.0,0.0,0.0,
2017-10-16,187.0,37.0,0.0,0.0,
2017-10-17,190.0,13.0,0.0,0.0,
2017-10-18,184.0,25.0,0.0,0.0,
2017-10-19,155.0,74.0,0.0,0.0,
2017-10-20,142.0,46.0,0.0,0.0,
2017-10-21,75.0,-10.0,0.0,0.0,
2017-10-22,155.0,-16.0,0.0,0.0,
2017-10-23,174.0,40.0,0.0,0.0,
2017-10-24,161.0,38.0,0.0,0.0,
2017-10-25,172.0,22.0,0.0,0.0,
2017-10-26,156.0,13.0,0.0,0.0,
2017-10-27,129.0,-15.0,0.0,0.0,
2017-10-28,132.0,2.0,0.0,0.0,
2017-10-29,150.0,-2.0,0.0,0.0,
2017-10-30,108.0,49.0,25.0,0.0,
2017-10-31,107.0,32.0,0.0,0.0,
2017-11-01,118.0,17.0,0.0,0.0,
2017-11-02,114.0,10.0,0.0,0.0,
2017-11-03,116.0,26.0,0.0,0.0,
2017-11-04,121.0,34.0,0.0,0.0,
2017-11-05,95.0,16.0,0.0,0.0,
2017-11-06,,3.0,0.0,0.0,
2017-11-07,49.0,-1.0,25.0,0.0,
2017-11-08,100.0,-30.0,0.0,0.0,
2017-11-09,128.0,-21.0,0.0,0.0,
2017-11-10,138.0,36.0,0.0,0.0,
2017-11-11,123.0,7.0,0.0,0.0,
2017-11-12,146.0,10.0,0.0,0.0,
2017-11-13,153.0,54.0,0.0,0.0,
2017-11-14,130.0,2.0,0.0,0.0,
2017-11-15,129.0,2.0,0.0,0.0,
2017-11-16,120.0,41.0,0.0,0.0,
2017-11-17,86.0,-46.0,25.0,0.0,
2017-11-18,66.0,-125.0,0.0,0.0,
2017-11-19,92.0,-53.0,0.0,0.0,
2017-11-20,107.0,-41.0,0.0,0.0,
2017-11-21,126.0,-1.0,0.0,0.0,
2017-11-22,159.0,-4.0,0.0,0.0,
2017-11-23,167.0,16.0,0.0,0.0,
2017-11-24,164.0,16.0,0.0,0.0,
2017-11-25,159.0,26.0,0.0,0.0,
2017-11-26,164.0,34.0,0.0,0.0,
2017-11-27,146.0,11.0,0.0,0.0,
2017-11-28,87.0,-28.0,0.0,0.0,
2017-11-29,106.0,4.0,0.0,0.0,
2017-11-30,92.0,13.0,0.0,0.0,
2017-12-01,90.0,5.0,0.0,0.0,
2017-12-02,108.0,-18.0,0.0,0.0,
2017-12-03,79.0,4.0,0.0,0.0,
2017-12-04,12.0,-96.0,0.0,0.0,
2017-12-05,34.0,-105.0,0.0,0.0,
2017-12-06,47.0,-106.0,0.0,0.0,
2017-12-07,-24.0,-128.0,0.0,0.0,
2017-12-08,66.0,-38.0,0.0,0.0,
2017-12-09,105.0,-15.0,0.0,0.0,
2017-12-10,109.0,-30.0,0.0,0.0,
2017-12-11,123.0,-15.0,0.0,0.0,
2017-12-12,137.0,-8.0,0.0,0.0,
2017-12-13,119.0,-9.0,0.0,0.0,
2017-12-14,25.0,-57.0,0.0,0.0,
2017-12-15,87.0,-49.0,0.0,0.0,
2017-12-16,61.0,-32.0,0.0,0.0,
2017-12-17,50.0,-47.0,0.0,0.0,
2017-12-18,65.0,-62.0,0.0,0.0,
2017-12-19,51.0,-63.0,0.0,0.0,
2017-12-20,62.0,-25.0,25.0,0.0,
2017-12-21,-23.0,-144.0,25.0,0.0,
2017-12-22,7.0,-160.0,0.0,0.0,
2017-12-23,27.0,-67.0,0.0,0.0,
2017-12-24,57.0,-35.0,0.0,0.0,
2017-12-25,71.0,5.0,0.0,0.0,
2017-12-26,74.0,-25.0,0.0,0.0,
2017-12-27,91.0,-34.0,0.0,0.0,
2017-12-28,108.0,-29.0,0.0,0.0,
2017-12-29,112.0,-2.0,0.0,0.0,
2017-12-30,120.0,22.0,0.0,0.0,
2017-12-31,100.0,-30.0,0.0,0.0,
2018-01-01,86.0,-29.0,0.0,0.0,
2018-01-02,75.0,-45.0,0.0,0.0,
2018-01-03,86.0,-41.0,0.0,0.0,
2018-01-04,90.0,-36.0,0.0,0.0,
2018-01-05,85.0,-20.0,0.0,0.0,
2018-01-06,86.0,-22.0,51.0,0.0,
2018-01-07,54.0,-61.0,0.0,0.0,
2018-01-08,72.0,-38.0,0.0,0.0,
2018-01-09,82.0,12.0,25.0,0.0,
2018-01-10,12.0,-58.0,178.0,0.0,
2018-01-11,2.0,-87.0,0.0,0.0,
2018-01-12,54.0,-72.0,25.0,0.0,
2018-01-13,64.0,-92.0,0.0,0.0,
2018-01-14,121.0,-52.0,0.0,0.0,
2018-01-15,86.0,-39.0,0.0,0.0,
2018-01-16,76.0,-66.0,0.0,0.0,
2018-01-17,66.0,-56.0,0.0,0.0,
2018-01-18,94.0,-41.0,0.0,0.0,
2018-01-19,100.0,5.0,0.0,0.0,
2018-01-20,35.0,-81.0,51.0,0.0,
2018-01-21,-72.0,-127.0,102.0,0.0,
2018-01-22,16.0,-186.0,0.0,0.0,
2018-01-23,30.0,-118.0,0.0,0.0,
2018-01-24,77.0,-94.0,0.0,0.0,
2018-01-25,55.0,-23.0,25.0,0.0,
2018-01-26,8.0,-112.0,0.0,0.0,
2018-01-27,48.0,-117.0,0.0,0.0,
2018-01-28,81.0,-58.0,0.0,0.0,
2018-01-29,108.0,-21.0,0.0,0.0,
2018-01-30,99.0,-20.0,0.0,0.0,
2018-01-31,104.0,8.0,0.0,0.0,
2018-02-01,109.0,-13.0,0.0,0.0,
2018-02-02,100.0,-18.0,0.0,0.0,
2018-02-03,67.0,-8.0,0.0,0.0,
2018-02-04,98.0,-16.0,0.0,0.0,
2018-02-05,104.0,0.0,0.0,0.0,
2018-02-06,30.0,-85.0,25.0,0.0,
2018-02-07,69.0,-108.0,0.0,0.0,
2018-02-08,97.0,-26.0,0.0,0.0,
2018-02-09,96.0,-32.0,0.0,0.0,
2018-02-10,71.0,-106.0,25.0,25.0,
2018-02-11,11.0,-152.0,25.0,25.0,
2018-02-12,15.0,-16.0,0.0,25.0,
2018-02-13,44.0,-22.0,0.0,25.0,
2018-02-14,29.0,-24.0,76.0,25.0,
2018-02-15,2.0,-72.0,51.0,25.0,
2018-02-16,23.0,-87.0,0.0,25.0,
2018-02-17,82.0,-82.0,0.0,25.0,
2018-02-18,58.0,-15.0,0.0,25.0,
2018-02-19,7.0,-128.0,51.0,25.0,
2018-02-20,-67.0,-152.0,25.0,0.0,
2018-02-21,-13.0,-149.0,0.0,0.0,
2018-02-22,-36.0,-104.0,0.0,0.0,
2018-02-23,-34.0,-115.0,25.0,0.0,
2018-02-24,-43.0,-129.0,25.0,0.0,
2018-02-25,-8.0,-114.0,25.0,0.0,
2018-02-26,60.0,-102.0,0.0,0.0,
2018-02-27,52.0,-52.0,0.0,0.0,
2018-02-28,17.0,-83.0,0.0,0.0,
2018-03-01,51.0,-107.0,0.0,0.0,
2018-03-02,84.0,-23.0,0.0,0.0,
2018-03-03,82.0,-4.0,0.0,0.0,
2018-03-04,30.0,-120.0,0.0,0.0,
2018-03-05,13.0,-145.0,0.0,0.0,
2018-03-06,46.0,-106.0,0.0,0.0,
2018-03-07,85.0,-73.0,0.0,25.0,
2018-03-08,107.0,-31.0,0.0,25.0,
2018-03-09,110.0,-23.0,25.0,25.0,
2018-03-10,80.0,-4.0,25.0,25.0,
2018-03-11,13.0,-22.0,51.0,25.0,
2018-03-12,62.0,-26.0,0.0,25.0,
2018-03-13,88.0,-26.0,0.0,25.0,
2018-03-14,123.0,20.0,25.0,51.0,
2018-03-15,34.0,-65.0,51.0,51.0,
2018-03-16,52.0,-67.0,25.0,25.0,
2018-03-17,51.0,-37.0,0.0,25.0,
2018-03-18,-31.0,-110.0,102.0,51.0,
2018-03-19,2.0,-136.0,0.0,51.0,
2018-03-20,70.0,-101.0,0.0,25.0,
2018-03-21,104.0,12.0,0.0,25.0,
2018-03-22,136.0,29.0,0.0,51.0,
2018-03-23,85.0,-2.0,0.0,51.0,
2018-03-24,92.0,-2.0,0.0,0.0,
2018-03-25,86.0,-20.0,0.0,0.0,
2018-03-26,47.0,-54.0,0.0,0.0,
2018-03-27,37.0,-45.0,0.0,0.0,
2018-03-28,75.0,-68.0,0.0,0.0,
2018-03-29,95.0,-31.0,0.0,0.0,
2018-03-30,128.0,-15.0,0.0,0.0,
2018-03-31,152.0,6.0,0.0,0.0,
2018-04-01,109.0,42.0,0.0,0.0,
2018-04-02,134.0,28.0,0.0,0.0,
2018-04-03,100.0,-11.0,0.0,0.0,
2018-04-04,138.0,-23.0,0.0,0.0,
2018-04-05,147.0,-9.0,0.0,0.0,
2018-04-06,152.0,34.0,0.0,0.0,
2018-04-07,184.0,59.0,0.0,0.0,
2018-04-08,136.0,5.0,0.0,0.0,
2018-04-09,118.0,-18.0,0.0,0.0,
2018-04-10,172.0,-7.0,0.0,0.0,
2018-04-11,184.0,69.0,0.0,0.0,
2018-04-12,130.0,-54.0,0.0,0.0,
2018-04-13,4.0,-99.0,25.0,0.0,
2018-04-14,87.0,-73.0,0.0,0.0,
2018-04-15,147.0,-13.0,0.0,0.0,
2018-04-16,146.0,49.0,25.0,0.0,
2018-04-17,,-57.0,0.0,0.0,
2018-04-18,108.0,-86.0,0.0,0.0,
2018-04-19,154.0,-7.0,0.0,0.0,
2018-04-20,34.0,-49.0,0.0,0.0,
2018-04-21,127.0,-32.0,0.0,0.0,
2018-04-22,152.0,8.0,0.0,0.0,
2018-04-23,184.0,29.0,0.0,0.0,
2018-04-24,187.0,40.0,0.0,0.0,
2018-04-25,172.0,33.0,0.0,0.0,
2018-04-26,190.0,57.0,0.0,0.0,
2018-04-27,183.0,37.0,0.0,0.0,
2018-04-28,152.0,65.0,0.0,0.0,
2018-04-29,168.0,59.0,0.0,0.0,
2018-04-30,133.0,27.0,0.0,0.0,
2018-05-01,122.0,-18.0,25.0,0.0,
2018-05-02,7.0,-27.0,102.0,0.0,
2018-05-03,76.0,-26.0,25.0,0.0,
2018-05-04,259.0,10.0,0.0,0.0,
2018-05-05,194.0,35.0,0.0,0.0,
2018-05-06,211.0,64.0,0.0,0.0,
2018-05-07,204.0,99.0,0.0,0.0,
2018-05-08,238.0,51.0,0.0,0.0,
2018-05-09,247.0,67.0,0.0,0.0,
2018-05-10,225.0,66.0,0.0,0.0,
2018-05-11,185.0,99.0,0.0,0.0,
2018-05-12,171.0,39.0,0.0,0.0,
2018-05-13,158.0,34.0,0.0,0.0,
2018-05-14,177.0,37.0,0.0,0.0,
2018-05-15,187.0,64.0,0.0,0.0,
2018-05-16,224.0,32.0,0.0,0.0,
2018-05-17,195.0,69.0,0.0,0.0,
2018-05-18,189.0,20.0,0.0,0.0,
2018-05-19,205.0,40.0,0.0,0.0,
2018-05-20,198.0,46.0,0.0,0.0,
2018-05-21,209.0,39.0,0.0,0.0,
2018-05-22,171.0,36.0,0.0,0.0,
2018-05-23,208.0,59.0,0.0,0.0,
2018-05-24,225.0,49.0,0.0,0.0,
2018-05-25,236.0,78.0,0.0,0.0,
2018-05-26,226.0,72.0,0.0,0.0,
2018-05-27,199.0,20.0,0.0,0.0,
2018-05-28,201.0,41.0,0.0,0.0,
2018-05-29,210.0,55.0,0.0,0.0,
2018-05-30,210.0,82.0,0.0,0.0,
2018-05-31,234.0,84.0,0.0,0.0,
2018-06-01,221.0,90.0,0.0,0.0,
2018-06-02,258.0,101.0,0.0,0.0,
2018-06-03,273.0,96.0,0.0,0.0,
2018-06-04,256.0,87.0,0.0,0.0,
2018-06-05,261.0,91.0,0.0,0.0,
2018-06-06,231.0,132.0,0.0,0.0,
2018-06-07,,101.0,0.0,0.0,
2018-06-08,256.0,116.0,0.0,0.0,
2018-06-09,251.0,121.0,0.0,0.0,
2018-06-10,274.0,131.0,0.0,0.0,
2018-06-11,274.0,80.0,0.0,0.0,
2018-06-12,289.0,110.0,0.0,0.0,
2018-06-13,277.0,108.0,0.0,0.0,
2018-06-14,259.0,120.0,0.0,0.0,
2018-06-15,254.0,106.0,0.0,0.0,
2018-06-16,141.0,85.0,178.0,0.0,
2018-06-17,189.0,69.0,51.0,0.0,
2018-06-18,,92.0,0.0,0.0,
2018-06-19,258.0,99.0,0.0,0.0,
2018-06-20,254.0,94.0,0.0,0.0,
2018-06-21,289.0,119.0,0.0,0.0,
2018-06-22,280.0,128.0,0.0,0.0,
2018-06-23,269.0,110.0,0.0,0.0,
2018-06-24,260.0,122.0,0.0,0.0,
2018-06-25,270.0,94.0,0.0,0.0,
2018-06-26,296.0,116.0,0.0,0.0,
2018-06-27,304.0,121.0,0.0,0.0,
2018-06-28,274.0,127.0,0.0,0.0,
2018-06-29,240.0,131.0,0.0,0.0,
2018-06-30,248.0,109.0,0.0,0.0,
2018-07-01,273.0,104.0,0.0,0.0,
2018-07-02,273.0,111.0,0.0,0.0,
2018-07-03,252.0,132.0,0.0,0.0,
2018-07-04,247.0,128.0,0.0,0.0,
2018-07-05,257.0,111.0,0.0,0.0,
2018-07-06,246.0,100.0,0.0,0.0,
2018-07-07,277.0,122.0,0.0,0.0,
2018-07-08,289.0,114.0,0.0,0.0,
2018-07-09,255.0,115.0,0.0,0.0,
2018-07-10,259.0,107.0,0.0,0.0,
2018-07-11,256.0,101.0,0.0,0.0,
2018-07-12,222.0,91.0,0.0,0.0,
2018-07-13,248.0,96.0,102.0,0.0,
2018-07-14,247.0,109.0,127.0,0.0,
2018-07-15,244.0,108.0,0.0,0.0,
2018-07-16,233.0,116.0,0.0,0.0,
2018-07-17,254.0,106.0,0.0,0.0,
2018-07-18,264.0,118.0,0.0,0.0,
2018-07-19,269.0,131.0,0.0,0.0,
2018-07-20,272.0,127.0,0.0,0.0,
2018-07-21,276.0,140.0,0.0,0.0,
2018-07-22,278.0,128.0,51.0,0.0,
2018-07-23,269.0,141.0,0.0,0.0,
2018-07-24,272.0,131.0,25.0,0.0,
2018-07-25,278.0,131.0,0.0,0.0,
2018-07-26,275.0,138.0,0.0,0.0,
2018-07-27,243.0,121.0,25.0,0.0,
2018-07-28,255.0,96.0,0.0,0.0,
2018-07-29,275.0,138.0,0.0,0.0,
2018-07-30,283.0,120.0,0.0,0.0,
2018-07-31,278.0,118.0,0.0,0.0,
2018-08-01,291.0,123.0,0.0,0.0,
2018-08-02,256.0,134.0,0.0,0.0,
2018-08-03,242.0,127.0,0.0,0.0,
2018-08-04,281.0,128.0,0.0,0.0,
2018-08-05,278.0,159.0,0.0,0.0,
2018-08-06,297.0,126.0,0.0,0.0,
2018-08-07,294.0,140.0,0.0,0.0,
2018-08-08,283.0,108.0,0.0,0.0,
2018-08-09,,109.0,0.0,0.0,
2018-08-10,258.0,97.0,0.0,0.0,
2018-08-11,242.0,98.0,0.0,0.0,
2018-08-12,267.0,70.0,0.0,0.0,
2018-08-13,264.0,97.0,25.0,0.0,
2018-08-14,249.0,118.0,0.0,0.0,
2018-08-15,228.0,128.0,0.0,0.0,
2018-08-16,246.0,127.0,25.0,0.0,
2018-08-17,206.0,117.0,76.0,0.0,
2018-08-18,255.0,101.0,0.0,0.0,
2018-08-19,,107.0,0.0,0.0,
2018-08-20,270.0,106.0,0.0,0.0,
2018-08-21,218.0,99.0,0.0,0.0,
2018-08-22,176.0,97.0,51.0,0.0,
2018-08-23,221.0,90.0,0.0,0.0,
2018-08-24,230.0,89.0,25.0,0.0,
2018-08-25,192.0,95.0,25.0,0.0,
2018-08-26,216.0,80.0,0.0,0.0,
2018-08-27,216.0,108.0,0.0,0.0,
2018-08-28,226.0,106.0,0.0,0.0,
2018-08-29,242.0,109.0,0.0,0.0,
2018-08-30,254.0,122.0,0.0,0.0,
2018-08-31,227.0,111.0,0.0,0.0,
2018-09-01,200.0,56.0,76.0,0.0,
2018-09-02,201.0,70.0,25.0,0.0,
2018-09-03,184.0,66.0,51.0,0.0,
2018-09-04,179.0,47.0,203.0,0.0,
2018-09-05,182.0,69.0,25.0,0.0,
2018-09-06,188.0,76.0,0.0,0.0,
2018-09-07,212.0,70.0,0.0,0.0,
2018-09-08,236.0,95.0,0.0,0.0,
2018-09-09,249.0,111.0,0.0,0.0,
2018-09-10,247.0,102.0,0.0,0.0,
2018-09-11,227.0,121.0,0.0,0.0,
2018-09-12,224.0,126.0,0.0,0.0,
2018-09-13,225.0,107.0,0.0,0.0,
2018-09-14,235.0,87.0,0.0,0.0,
2018-09-15,246.0,117.0,0.0,0.0,
2018-09-16,235.0,118.0,0.0,0.0,
2018-09-17,240.0,102.0,0.0,0.0,
2018-09-18,242.0,112.0,0.0,0.0,
2018-09-19,174.0,80.0,51.0,0.0,
2018-09-20,191.0,67.0,0.0,0.0,
2018-09-21,214.0,72.0,0.0,0.0,
2018-09-22,197.0,82.0,0.0,0.0,
2018-09-23,224.0,65.0,0.0,0.0,
2018-09-24,200.0,80.0,0.0,0.0,
2018-09-25,206.0,61.0,0.0,0.0,
2018-09-26,197.0,50.0,0.0,0.0,
2018-09-27,214.0,39.0,0.0,0.0,
2018-09-28,232.0,67.0,0.0,0.0,
2018-09-29,209.0,107.0,0.0,0.0,
2018-09-30,194.0,105.0,0.0,0.0,
2018-10-01,121.0,82.0,76.0,0.0,
2018-10-02,123.0,88.0,76.0,0.0,
2018-10-03,174.0,90.0,102.0,0.0,
2018-10-04,129.0,60.0,25.0,0.0,
2018-10-05,131.0,23.0,0.0,0.0,
2018-10-06,130.0,7.0,0.0,0.0,
2018-10-07,56.0,-6.0,127.0,0.0,
2018-10-08,36.0,-13.0,76.0,0.0,
2018-10-09,39.0,-13.0,51.0,0.0,
2018-10-10,72.0,0.0,0.0,0.0,
2018-10-11,54.0,23.0,152.0,0.0,
2018-10-12,94.0,6.0,0.0,0.0,
2018-10-13,108.0,-7.0,0.0,0.0,
2018-10-14,79.0,-43.0,25.0,0.0,
2018-10-15,13.0,-60.0,0.0,0.0,
2018-10-16,37.0,-34.0,25.0,0.0,
2018-10-17,15.0,-23.0,0.0,0.0,
2018-10-18,86.0,-15.0,0.0,0.0,
2018-10-19,86.0,-21.0,0.0,0.0,
2018-10-20,123.0,24.0,0.0,0.0,
2018-10-21,136.0,33.0,25.0,0.0,
2018-10-22,141.0,20.0,0.0,0.0,
2018-10-23,85.0,27.0,51.0,0.0,
2018-10-24,100.0,13.0,0.0,0.0,
2018-10-25,117.0,-1.0,0.0,0.0,
2018-10-26,133.0,-12.0,0.0,0.0,
2018-10-27,159.0,26.0,0.0,0.0,
2018-10-28,171.0,6.0,0.0,0.0,
2018-10-29,158.0,52.0,0.0,0.0,
2018-10-30,78.0,-18.0,76.0,51.0,
2018-10-31,38.0,-71.0,25.0,25.0,
2018-11-01,57.0,-28.0,0.0,0.0,
2018-11-02,87.0,-26.0,0.0,0.0,
2018-11-03,59.0,-26.0,0.0,0.0,
2018-11-04,76.0,-36.0,0.0,0.0,
2018-11-05,88.0,-18.0,0.0,0.0,
2018-11-06,97.0,-8.0,0.0,0.0,
2018-11-07,86.0,-27.0,0.0,0.0,
2018-11-08,37.0,-90.0,0.0,0.0,
2018-11-09,64.0,-60.0,25.0,25.0,
2018-11-10,68.0,-22.0,0.0,25.0,
2018-11-11,28.0,-95.0,0.0,25.0,
2018-11-12,-56.0,-132.0,0.0,25.0,
2018-11-13,44.0,-131.0,0.0,25.0,
2018-11-14,62.0,-46.0,0.0,25.0,
2018-11-15,104.0,-28.0,0.0,25.0,
2018-11-16,99.0,-43.0,0.0,25.0,
2018-11-17,86.0,-31.0,0.0,25.0,
2018-11-18,58.0,-67.0,0.0,25.0,
2018-11-19,86.0,-76.0,0.0,25.0,
2018-11-20,89.0,-44.0,0.0,25.0,
2018-11-21,87.0,-34.0,0.0,25.0,
2018-11-22,34.0,-38.0,76.0,51.0,
2018-11-23,45.0,-52.0,0.0,51.0,
2018-11-24,51.0,-83.0,0.0,25.0,
2018-11-25,14.0,-105.0,0.0,25.0,
2018-11-26,62.0,-82.0,0.0,25.0,
2018-11-27,81.0,-59.0,0.0,25.0,
2018-11-28,80.0,-13.0,0.0,25.0,
2018-11-29,48.0,-23.0,0.0,25.0,
2018-11-30,-8.0,-47.0,152.0,76.0,
2018-12-01,-24.0,-84.0,51.0,178.0,
2018-12-02,-50.0,-125.0,152.0,330.0,
2018-12-03,-34.0,-167.0,0.0,305.0,
2018-12-04,-4.0,-154.0,25.0,279.0,
2018-12-05,57.0,-63.0,0.0,279.0,
2018-12-06,1.0,-18.0,76.0,279.0,
2018-12-07,37.0,-61.0,25.0,279.0,
2018-12-08,51.0,-91.0,0.0,254.0,
2018-12-09,37.0,-87.0,0.0,254.0,
2018-12-10,85.0,-87.0,0.0,254.0,
2018-12-11,90.0,-49.0,0.0,254.0,
2018-12-12,41.0,-94.0,0.0,279.0,
2018-12-13,33.0,-113.0,0.0,279.0,
2018-12-14,89.0,-61.0,0.0,279.0,
2018-12-15,94.0,-24.0,0.0,254.0,
2018-12-16,87.0,-22.0,0.0,254.0,
2018-12-17,36.0,-46.0,0.0,254.0,
2018-12-18,48.0,-63.0,0.0,254.0,
2018-12-19,47.0,-58.0,0.0,254.0,
2018-12-20,82.0,-38.0,0.0,254.0,
2018-12-21,58.0,0.0,25.0,254.0,
2018-12-22,32.0,-72.0,0.0,254.0,
2018-12-23,54.0,-71.0,0.0,254.0,
2018-12-24,42.0,-27.0,0.0,254.0,
2018-12-25,45.0,-36.0,25.0,279.0,
2018-12-26,5.0,-83.0,76.0,330.0,
2018-12-27,-50.0,-124.0,25.0,330.0,
2018-12-28,-58.0,-182.0,76.0,406.0,
2018-12-29,-43.0,-171.0,0.0,381.0,
2018-12-30,21.0,-109.0,25.0,381.0,
2018-12-31,-81.0,-102.0,127.0,610.0,
2019-01-01,-59.0,-177.0,0.0,610.0,
2019-01-02,-47.0,-185.0,0.0,533.0,
2019-01-03,56.0,-114.0,0.0,508.0,
2019-01-04,123.0,-37.0,0.0,457.0,
2019-01-05,74.0,-45.0,0.0,432.0,
2019-01-06,-13.0,-60.0,203.0,610.0,
2019-01-07,-30.0,-78.0,0.0,610.0,
2019-01-08,71.0,-72.0,0.0,584.0,
2019-01-09,102.0,-36.0,0.0,584.0,
2019-01-10,44.0,-31.0,0.0,559.0,
2019-01-11,-10.0,-95.0,25.0,559.0,
2019-01-12,23.0,-122.0,0.0,559.0,
2019-01-13,-14.0,-93.0,76.0,635.0,
2019-01-14,6.0,-90.0,0.0,584.0,
2019-01-15,51.0,-45.0,25.0,660.0,
2019-01-16,-8.0,-38.0,102.0,762.0,
2019-01-17,22.0,-78.0,51.0,762.0,
2019-01-18,-9.0,-107.0,178.0,838.0,
2019-01-19,3.0,-131.0,0.0,813.0,
2019-01-20,74.0,-43.0,0.0,787.0,
2019-01-21,14.0,-83.0,76.0,762.0,
2019-01-22,-28.0,-155.0,0.0,762.0,
2019-01-23,12.0,-149.0,0.0,762.0,
2019-01-24,39.0,-101.0,0.0,737.0,
2019-01-25,39.0,-97.0,0.0,737.0,
2019-01-26,18.0,-112.0,0.0,737.0,
2019-01-27,54.0,-82.0,0.0,711.0,
2019-01-28,67.0,-84.0,0.0,711.0,
2019-01-29,40.0,-85.0,0.0,711.0,
2019-01-30,77.0,-86.0,0.0,711.0,
2019-01-31,58.0,-42.0,0.0,660.0,
2019-02-01,70.0,-41.0,0.0,686.0,
2019-02-02,36.0,-55.0,0.0,660.0,
2019-02-03,27.0,-13.0,51.0,686.0,
2019-02-04,25.0,-26.0,25.0,686.0,
2019-02-05,16.0,-48.0,0.0,686.0,
2019-02-06,-40.0,-142.0,254.0,991.0,
2019-02-07,-66.0,-165.0,0.0,940.0,
2019-02-08,13.0,-155.0,0.0,889.0,
2019-02-09,14.0,-67.0,0.0,864.0,
2019-02-10,26.0,-79.0,0.0,838.0,
2019-02-11,-56.0,-138.0,0.0,864.0,
2019-02-12,40.0,-166.0,0.0,864.0,
2019-02-13,52.0,-29.0,0.0,838.0,
2019-02-14,34.0,-24.0,152.0,813.0,
2019-02-15,17.0,-31.0,0.0,813.0,
2019-02-16,-24.0,-114.0,25.0,864.0,
2019-02-17,-48.0,-129.0,51.0,965.0,
2019-02-18,-76.0,-169.0,178.0,1092.0,
2019-02-19,-38.0,-184.0,25.0,1168.0,
2019-02-20,-54.0,-163.0,51.0,1194.0,
2019-02-21,-57.0,-107.0,178.0,1346.0,
2019-02-22,-53.0,-109.0,178.0,1499.0,
2019-02-23,-30.0,-171.0,0.0,1422.0,
2019-02-24,22.0,-144.0,0.0,1372.0,
2019-02-25,41.0,-81.0,0.0,1295.0,
2019-02-26,62.0,-52.0,0.0,1245.0,
2019-02-27,80.0,-39.0,0.0,1194.0,
2019-02-28,62.0,-18.0,0.0,1143.0,
2019-03-01,62.0,-11.0,0.0,1092.0,
2019-03-02,36.0,-12.0,203.0,1143.0,
2019-03-03,14.0,-10.0,76.0,1143.0,
2019-03-04,30.0,-63.0,0.0,1118.0,
2019-03-05,87.0,-63.0,0.0,1092.0,
2019-03-06,85.0,15.0,0.0,1092.0,
2019-03-07,69.0,4.0,0.0,1067.0,
2019-03-08,30.0,-76.0,76.0,1118.0,
2019-03-09,27.0,-83.0,0.0,1092.0,
2019-03-10,66.0,-55.0,0.0,1016.0,
2019-03-11,54.0,-12.0,127.0,1092.0,
2019-03-12,38.0,-46.0,178.0,1194.0,
2019-03-13,-21.0,-86.0,229.0,1448.0,
2019-03-14,-2.0,-127.0,0.0,1397.0,
2019-03-15,6.0,-124.0,0.0,1321.0,
2019-03-16,51.0,-76.0,0.0,1295.0,
2019-03-17,80.0,-46.0,0.0,1245.0,
2019-03-18,97.0,-43.0,0.0,1194.0,
2019-03-19,91.0,-34.0,0.0,1168.0,
2019-03-20,87.0,-27.0,0.0,1168.0,
2019-03-21,35.0,-41.0,76.0,1168.0,
2019-03-22,15.0,-60.0,0.0,1168.0,
2019-03-23,69.0,-72.0,0.0,1143.0,
2019-03-24,76.0,-26.0,0.0,1092.0,
2019-03-25,110.0,-38.0,0.0,1041.0,
2019-03-26,144.0,-14.0,0.0,991.0,
2019-03-27,123.0,51.0,0.0,965.0,
2019-03-28,119.0,24.0,0.0,914.0,
2019-03-29,58.0,-52.0,0.0,889.0,
2019-03-30,45.0,-91.0,0.0,864.0,
2019-03-31,22.0,-73.0,0.0,838.0,
2019-04-01,101.0,-84.0,0.0,787.0,
2019-04-02,96.0,-4.0,0.0,762.0,
2019-04-03,65.0,-24.0,25.0,762.0,
2019-04-04,119.0,-27.0,0.0,711.0,
2019-04-05,104.0,15.0,0.0,686.0,
2019-04-06,92.0,-22.0,0.0,660.0,
2019-04-07,134.0,-8.0,0.0,584.0,
2019-04-08,159.0,10.0,0.0,559.0,
2019-04-09,151.0,48.0,0.0,533.0,
2019-04-10,65.0,-55.0,102.0,508.0,
2019-04-11,28.0,-70.0,0.0,483.0,
2019-04-12,44.0,-78.0,25.0,483.0,
2019-04-13,56.0,-63.0,0.0,432.0,
2019-04-14,115.0,-3.0,0.0,381.0,
2019-04-15,127.0,11.0,0.0,305.0,
2019-04-16,90.0,-1.0,25.0,254.0,
2019-04-17,87.0,-13.0,0.0,203.0,
2019-04-18,143.0,4.0,0.0,102.0,
2019-04-19,175.0,44.0,0.0,25.0,
2019-04-20,142.0,56.0,0.0,0.0,
2019-04-21,122.0,38.0,0.0,0.0,
2019-04-22,98.0,0.0,0.0,0.0,
2019-04-23,88.0,2.0,25.0,0.0,
2019-04-24,142.0,11.0,0.0,0.0,
2019-04-25,167.0,38.0,0.0,0.0,
2019-04-26,173.0,52.0,0.0,0.0,
2019-04-27,170.0,55.0,0.0,0.0,
2019-04-28,160.0,60.0,0.0,0.0,
2019-04-29,127.0,17.0,102.0,0.0,
2019-04-30,86.0,-16.0,51.0,0.0,
2019-05-01,102.0,-6.0,0.0,0.0,
2019-05-02,128.0,15.0,0.0,0.0,
2019-05-03,139.0,6.0,0.0,0.0,
2019-05-04,162.0,23.0,0.0,0.0,
2019-05-05,164.0,33.0,0.0,0.0,
2019-05-06,138.0,48.0,0.0,0.0,
2019-05-07,115.0,8.0,0.0,0.0,
2019-05-08,49.0,0.0,51.0,0.0,
2019-05-09,71.0,-2.0,102.0,0.0,
2019-05-10,37.0,-6.0,102.0,0.0,
2019-05-11,94.0,-6.0,25.0,0.0,
2019-05-12,130.0,2.0,0.0,0.0,
2019-05-13,165.0,17.0,0.0,0.0,
2019-05-14,178.0,45.0,0.0,0.0,
2019-05-15,183.0,60.0,0.0,0.0,
2019-05-16,168.0,57.0,0.0,0.0,
2019-05-17,89.0,-34.0,127.0,0.0,
2019-05-18,101.0,-39.0,0.0,0.0,
2019-05-19,90.0,-6.0,25.0,0.0,
2019-05-20,34.0,-38.0,330.0,229.0,
2019-05-21,34.0,-31.0,51.0,178.0,
2019-05-22,51.0,-27.0,25.0,76.0,
2019-05-23,47.0,-31.0,25.0,0.0,
2019-05-24,118.0,-23.0,0.0,0.0,
2019-05-25,154.0,-1.0,0.0,0.0,
2019-05-26,144.0,45.0,0.0,0.0,
2019-05-27,94.0,-18.0,25.0,0.0,
2019-05-28,99.0,-20.0,0.0,0.0,
2019-05-29,111.0,1.0,0.0,0.0,
2019-05-30,142.0,22.0,0.0,0.0,
2019-05-31,187.0,47.0,0.0,0.0,
2019-06-01,203.0,62.0,0.0,0.0,
2019-06-02,199.0,60.0,0.0,0.0,
2019-06-03,198.0,55.0,0.0,0.0,
2019-06-04,185.0,60.0,0.0,0.0,
2019-06-05,172.0,68.0,0.0,0.0,
2019-06-06,214.0,68.0,0.0,0.0,
2019-06-07,203.0,88.0,0.0,0.0,
2019-06-08,200.0,89.0,0.0,0.0,
2019-06-09,199.0,67.0,0.0,0.0,
2019-06-10,204.0,78.0,0.0,0.0,
2019-06-11,221.0,66.0,0.0,0.0,
2019-06-12,240.0,116.0,0.0,0.0,
2019-06-13,243.0,115.0,0.0,0.0,
2019-06-14,219.0,117.0,0.0,0.0,
2019-06-15,197.0,76.0,0.0,0.0,
2019-06-16,208.0,80.0,25.0,0.0,
2019-06-17,184.0,66.0,25.0,0.0,
2019-06-18,210.0,70.0,0.0,0.0,
2019-06-19,220.0,74.0,0.0,0.0,
2019-06-20,220.0,108.0,0.0,0.0,
2019-06-21,198.0,107.0,0.0,0.0,
2019-06-22,158.0,28.0,25.0,0.0,
2019-06-23,158.0,7.0,0.0,0.0,
2019-06-24,210.0,61.0,0.0,0.0,
2019-06-25,240.0,104.0,0.0,0.0,
2019-06-26,227.0,108.0,0.0,0.0,
2019-06-27,246.0,122.0,0.0,0.0,
2019-06-28,253.0,121.0,25.0,0.0,
2019-06-29,240.0,129.0,0.0,0.0,
2019-06-30,244.0,116.0,0.0,0.0,
2019-07-01,253.0,90.0,0.0,0.0,
2019-07-02,245.0,110.0,0.0,0.0,
2019-07-03,240.0,109.0,0.0,0.0,
2019-07-04,237.0,121.0,0.0,0.0,
2019-07-05,245.0,111.0,0.0,0.0,
2019-07-06,188.0,102.0,0.0,0.0,
2019-07-07,215.0,87.0,0.0,0.0,
2019-07-08,211.0,100.0,0.0,0.0,
2019-07-09,237.0,85.0,0.0,0.0,
2019-07-10,266.0,121.0,0.0,0.0,
2019-07-11,260.0,134.0,0.0,0.0,
2019-07-12,264.0,121.0,0.0,0.0,
2019-07-13,245.0,148.0,0.0,0.0,
2019-07-14,250.0,133.0,0.0,0.0,
2019-07-15,253.0,128.0,51.0,0.0,
2019-07-16,273.0,119.0,0.0,0.0,
2019-07-17,266.0,134.0,0.0,0.0,
2019-07-18,266.0,100.0,0.0,0.0,
2019-07-19,275.0,123.0,0.0,0.0,
2019-07-20,260.0,142.0,0.0,0.0,
2019-07-21,,,0.0,0.0,
2019-07-22,251.0,124.0,25.0,0.0,
2019-07-23,248.0,102.0,0.0,0.0,
2019-07-24,237.0,116.0,0.0,0.0,
2019-07-25,247.0,115.0,25.0,0.0,
2019-07-26,245.0,114.0,0.0,0.0,
2019-07-27,255.0,112.0,0.0,0.0,
2019-07-28,264.0,122.0,0.0,0.0,
2019-07-29,273.0,143.0,0.0,0.0,
2019-07-30,250.0,149.0,0.0,0.0,
2019-07-31,254.0,120.0,0.0,0.0,
2019-08-01,224.0,97.0,178.0,0.0,
2019-08-02,218.0,108.0,0.0,0.0,
2019-08-03,225.0,127.0,25.0,0.0,
2019-08-04,219.0,122.0,102.0,0.0,
2019-08-05,255.0,116.0,0.0,0.0,
2019-08-06,259.0,128.0,0.0,0.0,
2019-08-07,231.0,116.0,0.0,0.0,
2019-08-08,251.0,114.0,0.0,0.0,
2019-08-09,198.0,107.0,0.0,0.0,
2019-08-10,226.0,96.0,0.0,0.0,
2019-08-11,208.0,116.0,0.0,0.0,
2019-08-12,240.0,86.0,0.0,0.0,
2019-08-13,251.0,114.0,0.0,0.0,
2019-08-14,272.0,139.0,0.0,0.0,
2019-08-15,270.0,120.0,0.0,0.0,
2019-08-16,259.0,143.0,0.0,0.0,
2019-08-17,244.0,108.0,0.0,0.0,
2019-08-18,259.0,114.0,0.0,0.0,
2019-08-19,265.0,100.0,0.0,0.0,
2019-08-20,281.0,138.0,0.0,0.0,
2019-08-21,277.0,142.0,0.0,0.0,
2019-08-22,252.0,143.0,0.0,0.0,
2019-08-23,248.0,128.0,0.0,0.0,
2019-08-24,254.0,120.0,0.0,0.0,
2019-08-25,274.0,134.0,0.0,0.0,
2019-08-26,285.0,131.0,0.0,0.0,
2019-08-27,273.0,137.0,0.0,0.0,
2019-08-28,284.0,136.0,0.0,0.0,
2019-08-29,250.0,112.0,0.0,0.0,
2019-08-30,270.0,109.0,0.0,0.0,
2019-08-31,268.0,144.0,0.0,0.0,
2019-09-01,266.0,136.0,0.0,0.0,
2019-09-02,252.0,126.0,0.0,0.0,
2019-09-03,271.0,136.0,0.0,0.0,
2019-09-04,240.0,101.0,127.0,0.0,
2019-09-05,250.0,133.0,0.0,0.0,
2019-09-06,267.0,126.0,0.0,0.0,
2019-09-07,227.0,104.0,76.0,0.0,
2019-09-08,203.0,106.0,0.0,0.0,
2019-09-09,206.0,96.0,0.0,0.0,
2019-09-10,159.0,99.0,152.0,0.0,
2019-09-11,178.0,54.0,0.0,0.0,
2019-09-12,174.0,39.0,0.0,0.0,
2019-09-13,219.0,57.0,0.0,0.0,
2019-09-14,214.0,90.0,0.0,0.0,
2019-09-15,123.0,84.0,102.0,0.0,
2019-09-16,,,0.0,0.0,
2019-09-17,171.0,84.0,25.0,0.0,
2019-09-18,185.0,70.0,0.0,0.0,
2019-09-19,192.0,108.0,0.0,0.0,
2019-09-20,170.0,80.0,0.0,0.0,
2019-09-21,164.0,55.0,0.0,0.0,
2019-09-22,,,0.0,0.0,
2019-09-23,110.0,39.0,76.0,0.0,
2019-09-24,170.0,26.0,0.0,0.0,
2019-09-25,195.0,59.0,0.0,0.0,
2019-09-26,178.0,75.0,0.0,0.0,
2019-09-27,175.0,64.0,0.0,0.0,
2019-09-28,186.0,58.0,0.0,0.0,
2019-09-29,162.0,71.0,0.0,0.0,
2019-09-30,180.0,69.0,0.0,0.0,
2019-10-01,164.0,61.0,0.0,0.0,
2019-10-02,164.0,39.0,0.0,0.0,
2019-10-03,190.0,65.0,0.0,0.0,
2019-10-04,170.0,72.0,0.0,0.0,
2019-10-05,170.0,12.0,0.0,0.0,
2019-10-06,161.0,21.0,0.0,0.0,
2019-10-07,184.0,21.0,0.0,0.0,
2019-10-08,170.0,61.0,0.0,0.0,
2019-10-09,155.0,59.0,0.0,0.0,
2019-10-10,66.0,-87.0,0.0,0.0,
2019-10-11,91.0,-87.0,0.0,0.0,
2019-10-12,137.0,-13.0,0.0,0.0,
2019-10-13,155.0,30.0,0.0,0.0,
2019-10-14,139.0,30.0,0.0,0.0,
2019-10-15,148.0,22.0,0.0,0.0,
2019-10-16,179.0,28.0,0.0,0.0,
2019-10-17,156.0,27.0,0.0,0.0,
2019-10-18,100.0,1.0,0.0,0.0,
2019-10-19,111.0,-36.0,0.0,0.0,
2019-10-20,45.0,-26.0,0.0,0.0,
2019-10-21,80.0,-38.0,0.0,0.0,
2019-10-22,123.0,-29.0,0.0,0.0,
2019-10-23,130.0,-9.0,0.0,0.0,
2019-10-24,49.0,-60.0,0.0,0.0,
2019-10-25,143.0,-40.0,0.0,0.0,
2019-10-26,154.0,-7.0,0.0,0.0,
2019-10-27,118.0,-8.0,0.0,0.0,
2019-10-28,-4.0,-95.0,0.0,0.0,
2019-10-29,48.0,-119.0,0.0,0.0,
2019-10-30,-29.0,-166.0,0.0,0.0,
2019-10-31,84.0,-99.0,0.0,0.0,
2019-11-01,107.0,-27.0,0.0,0.0,
2019-11-02,117.0,-30.0,0.0,0.0,
2019-11-03,134.0,-25.0,0.0,0.0,
2019-11-04,130.0,12.0,0.0,0.0,
2019-11-05,137.0,3.0,0.0,0.0,
2019-11-06,107.0,5.0,0.0,0.0,
2019-11-07,111.0,3.0,0.0,0.0,
2019-11-08,134.0,-3.0,0.0,0.0,
2019-11-09,151.0,-11.0,0.0,0.0,
2019-11-10,138.0,-6.0,0.0,0.0,
2019-11-11,118.0,-41.0,0.0,0.0,
2019-11-12,97.0,-54.0,0.0,0.0,
2019-11-13,134.0,-13.0,0.0,0.0,
2019-11-14,129.0,-11.0,0.0,0.0,
2019-11-15,131.0,5.0,0.0,0.0,
2019-11-16,126.0,-16.0,0.0,0.0,
2019-11-17,147.0,-47.0,0.0,0.0,
2019-11-18,142.0,8.0,0.0,0.0,
2019-11-19,126.0,21.0,51.0,25.0,
2019-11-20,34.0,-13.0,178.0,51.0,
2019-11-21,6.0,-38.0,102.0,76.0,
2019-11-22,8.0,-71.0,76.0,102.0,
2019-11-23,65.0,-85.0,0.0,102.0,
2019-11-24,60.0,-72.0,0.0,102.0,
2019-11-25,62.0,-84.0,51.0,127.0,
2019-11-26,-69.0,-129.0,51.0,127.0,
2019-11-27,14.0,-91.0,25.0,127.0,
2019-11-28,34.0,-22.0,25.0,152.0,
2019-11-29,4.0,-106.0,178.0,457.0,
2019-11-30,-50.0,-144.0,76.0,406.0,
2019-12-01,44.0,-138.0,0.0,381.0,
2019-12-02,76.0,-37.0,0.0,356.0,
2019-12-03,81.0,-23.0,76.0,330.0,
2019-12-04,29.0,-6.0,102.0,356.0,
2019-12-05,5.0,-63.0,51.0,381.0,
2019-12-06,27.0,-65.0,0.0,381.0,
2019-12-07,71.0,-22.0,0.0,356.0,
2019-12-08,14.0,-20.0,330.0,483.0,
2019-12-09,102.0,-108.0,25.0,483.0,
2019-12-10,38.0,-120.0,0.0,483.0,
2019-12-11,33.0,-80.0,0.0,483.0,
2019-12-12,45.0,-83.0,0.0,483.0,
2019-12-13,49.0,-8.0,0.0,432.0,
2019-12-14,20.0,-23.0,0.0,432.0,
2019-12-15,-23.0,-111.0,127.0,533.0,
2019-12-16,-80.0,-173.0,0.0,533.0,
2019-12-17,1.0,-168.0,0.0,533.0,
2019-12-18,30.0,-85.0,0.0,508.0,
2019-12-19,-11.0,-112.0,0.0,508.0,
2019-12-20,65.0,-76.0,0.0,508.0,
2019-12-21,99.0,-37.0,0.0,508.0,
2019-12-22,96.0,-9.0,0.0,508.0,
2019-12-23,49.0,-15.0,25.0,508.0,
2019-12-24,3.0,-40.0,25.0,533.0,
2019-12-25,-31.0,-78.0,76.0,584.0,
2019-12-26,-21.0,-125.0,0.0,559.0,
2019-12-27,-20.0,-76.0,102.0,635.0,
2019-12-28,-59.0,-144.0,25.0,635.0,
2019-12-29,-50.0,-177.0,0.0,635.0,
2019-12-30,-7.0,-139.0,0.0,635.0,
2019-12-31,12.0,-118.0,0.0,635.0,
2020-01-01,-4.0,-101.0,25.0,635.0,
2020-01-02,-14.0,-120.0,0.0,635.0,
2020-01-03,24.0,-127.0,0.0,635.0,
2020-01-04,71.0,-58.0,0.0,635.0,
2020-01-05,69.0,-76.0,0.0,635.0,
2020-01-06,35.0,-111.0,0.0,610.0,
2020-01-07,80.0,-89.0,0.0,610.0,
2020-01-08,33.0,-57.0,0.0,584.0,
2020-01-09,-18.0,-101.0,25.0,660.0,
2020-01-10,-23.0,-165.0,0.0,635.0,
2020-01-11,13.0,-139.0,0.0,610.0,
2020-01-12,-22.0,-146.0,0.0,610.0,
2020-01-13,7.0,-72.0,0.0,584.0,
2020-01-14,52.0,-30.0,0.0,584.0,
2020-01-15,75.0,-79.0,0.0,584.0,
2020-01-16,44.0,-28.0,76.0,635.0,
2020-01-17,-27.0,-132.0,0.0,584.0,
2020-01-18,44.0,-110.0,0.0,559.0,
2020-01-19,75.0,-61.0,0.0,559.0,
2020-01-20,68.0,-34.0,25.0,559.0,
2020-01-21,8.0,-41.0,203.0,737.0,
2020-01-22,41.0,-71.0,0.0,711.0,
2020-01-23,56.0,-82.0,0.0,711.0,
2020-01-24,61.0,-79.0,25.0,737.0,
2020-01-25,49.0,-72.0,0.0,737.0,
2020-01-26,62.0,-56.0,0.0,737.0,
2020-01-27,22.0,-103.0,51.0,762.0,
2020-01-28,56.0,-148.0,0.0,762.0,
2020-01-29,-8.0,-80.0,0.0,737.0,
2020-01-30,18.0,-109.0,0.0,737.0,
2020-01-31,54.0,-58.0,0.0,711.0,
2020-02-01,127.0,-18.0,0.0,660.0,
2020-02-02,98.0,-26.0,0.0,660.0,
2020-02-03,2.0,-134.0,0.0,660.0,
2020-02-04,-68.0,-197.0,0.0,660.0,
2020-02-05,-61.0,-230.0,0.0,660.0,
2020-02-06,13.0,-126.0,0.0,660.0,
2020-02-07,66.0,-47.0,0.0,660.0,
2020-02-08,74.0,-35.0,0.0,635.0,
2020-02-09,50.0,-39.0,0.0,635.0,
2020-02-10,8.0,-60.0,51.0,660.0,
2020-02-11,-6.0,-84.0,25.0,686.0,
2020-02-12,-1.0,-112.0,0.0,686.0,
2020-02-13,30.0,-116.0,0.0,660.0,
2020-02-14,70.0,-63.0,0.0,660.0,
2020-02-15,55.0,-39.0,0.0,635.0,
2020-02-16,75.0,-26.0,0.0,635.0,
2020-02-17,60.0,-36.0,0.0,635.0,
2020-02-18,49.0,-87.0,0.0,610.0,
2020-02-19,57.0,-47.0,0.0,584.0,
2020-02-20,41.0,-76.0,0.0,584.0,
2020-02-21,95.0,-34.0,0.0,533.0,
2020-02-22,27.0,-28.0,102.0,559.0,
2020-02-23,-10.0,-62.0,76.0,660.0,
2020-02-24,16.0,-107.0,0.0,635.0,
2020-02-25,-38.0,-141.0,0.0,635.0,
2020-02-26,48.0,-134.0,0.0,610.0,
2020-02-27,71.0,-68.0,0.0,610.0,
2020-02-28,84.0,-62.0,0.0,610.0,
2020-02-29,67.0,-31.0,0.0,584.0,
2020-03-01,56.0,-35.0,0.0,584.0,
2020-03-02,55.0,-71.0,0.0,584.0,
2020-03-03,67.0,-48.0,0.0,559.0,
2020-03-04,89.0,-25.0,0.0,508.0,
2020-03-05,97.0,-24.0,0.0,483.0,
2020-03-06,98.0,-2.0,0.0,483.0,
2020-03-07,108.0,-3.0,0.0,432.0,
2020-03-08,52.0,-18.0,25.0,432.0,
2020-03-09,87.0,-29.0,0.0,406.0,
2020-03-10,28.0,-3.0,76.0,406.0,
2020-03-11,74.0,12.0,102.0,330.0,
2020-03-12,75.0,14.0,0.0,330.0,
2020-03-13,30.0,-34.0,102.0,305.0,
2020-03-14,58.0,-36.0,0.0,305.0,
2020-03-15,85.0,-11.0,0.0,254.0,
2020-03-16,105.0,-27.0,0.0,203.0,
2020-03-17,81.0,6.0,0.0,152.0,
2020-03-18,54.0,-53.0,127.0,229.0,
2020-03-19,-10.0,-66.0,51.0,229.0,
2020-03-20,27.0,-82.0,0.0,229.0,
2020-03-21,70.0,-23.0,0.0,203.0,
2020-03-22,58.0,-35.0,0.0,178.0,
2020-03-23,48.0,-37.0,0.0,178.0,
2020-03-24,90.0,-40.0,0.0,127.0,
2020-03-25,77.0,-10.0,0.0,102.0,
2020-03-26,85.0,-30.0,0.0,51.0,
2020-03-27,-23.0,-83.0,76.0,76.0,
2020-03-28,26.0,-128.0,0.0,76.0,
2020-03-29,70.0,-56.0,0.0,25.0,
2020-03-30,58.0,-38.0,0.0,25.0,
2020-03-31,116.0,0.0,0.0,0.0,
2020-04-01,112.0,22.0,0.0,0.0,
2020-04-02,97.0,-13.0,0.0,0.0,
2020-04-03,91.0,-53.0,0.0,0.0,
2020-04-04,94.0,-10.0,0.0,0.0,
2020-04-05,104.0,6.0,0.0,0.0,
2020-04-06,115.0,13.0,0.0,0.0,
2020-04-07,118.0,1.0,0.0,0.0,
2020-04-08,129.0,3.0,0.0,0.0,
2020-04-09,106.0,7.0,0.0,0.0,
2020-04-10,108.0,-12.0,0.0,0.0,
2020-04-11,98.0,-15.0,0.0,0.0,
2020-04-12,87.0,-18.0,0.0,0.0,
2020-04-13,46.0,-52.0,0.0,0.0,
2020-04-14,23.0,-109.0,0.0,0.0,
2020-04-15,79.0,-43.0,0.0,0.0,
2020-04-16,114.0,-6.0,0.0,0.0,
2020-04-17,104.0,-29.0,0.0,0.0,
2020-04-18,80.0,-8.0,0.0,0.0,
2020-04-19,104.0,-13.0,0.0,0.0,
2020-04-20,128.0,0.0,0.0,0.0,
2020-04-21,94.0,-6.0,0.0,0.0,
2020-04-22,114.0,-13.0,0.0,0.0,
2020-04-23,143.0,-1.0,0.0,0.0,
2020-04-24,131.0,-1.0,0.0,0.0,
2020-04-25,154.0,8.0,0.0,0.0,
2020-04-26,186.0,36.0,0.0,0.0,
2020-04-27,192.0,67.0,0.0,0.0,
2020-04-28,186.0,52.0,0.0,0.0,
2020-04-29,209.0,66.0,0.0,0.0,
2020-04-30,209.0,88.0,0.0,0.0,
2020-05-01,208.0,65.0,0.0,0.0,
2020-05-02,184.0,86.0,0.0,0.0,
2020-05-03,189.0,77.0,0.0,0.0,
2020-05-04,164.0,37.0,0.0,0.0,
2020-05-05,185.0,32.0,0.0,0.0,
2020-05-06,220.0,65.0,0.0,0.0,
2020-05-07,192.0,49.0,0.0,0.0,
2020-05-08,180.0,32.0,0.0,0.0,
2020-05-09,195.0,45.0,0.0,0.0,
2020-05-10,212.0,55.0,0.0,0.0,
2020-05-11,165.0,46.0,0.0,0.0,
2020-05-12,168.0,62.0,0.0,0.0,
2020-05-13,161.0,52.0,0.0,0.0,
2020-05-14,170.0,27.0,0.0,0.0,
2020-05-15,179.0,8.0,0.0,0.0,
2020-05-16,201.0,45.0,0.0,0.0,
2020-05-17,214.0,79.0,0.0,0.0,
2020-05-18,215.0,97.0,0.0,0.0,
2020-05-19,202.0,66.0,0.0,0.0,
2020-05-20,140.0,17.0,0.0,0.0,
2020-05-21,155.0,-12.0,0.0,0.0,
2020-05-22,178.0,23.0,0.0,0.0,
2020-05-23,155.0,49.0,0.0,0.0,
2020-05-24,143.0,11.0,0.0,0.0,
2020-05-25,167.0,16.0,0.0,0.0,
2020-05-26,208.0,25.0,0.0,0.0,
2020-05-27,242.0,79.0,0.0,0.0,
2020-05-28,228.0,120.0,0.0,0.0,
2020-05-29,243.0,116.0,0.0,0.0,
2020-05-30,228.0,107.0,0.0,0.0,
2020-05-31,225.0,100.0,0.0,0.0,
2020-06-01,209.0,97.0,51.0,0.0,
2020-06-02,245.0,84.0,0.0,0.0,
2020-06-03,232.0,106.0,0.0,0.0,
2020-06-04,270.0,107.0,0.0,0.0,
2020-06-05,260.0,115.0,0.0,0.0,
2020-06-06,195.0,97.0,0.0,0.0,
2020-06-07,179.0,78.0,0.0,0.0,
2020-06-08,148.0,-14.0,0.0,0.0,
2020-06-09,150.0,-38.0,0.0,0.0,
2020-06-10,200.0,41.0,0.0,0.0,
2020-06-11,246.0,84.0,0.0,0.0,
2020-06-12,247.0,131.0,0.0,0.0,
2020-06-13,245.0,115.0,0.0,0.0,
2020-06-14,227.0,104.0,0.0,0.0,
2020-06-15,240.0,117.0,0.0,0.0,
2020-06-16,221.0,127.0,0.0,0.0,
2020-06-17,224.0,112.0,0.0,0.0,
2020-06-18,231.0,75.0,0.0,0.0,
2020-06-19,216.0,72.0,0.0,0.0,
2020-06-20,245.0,68.0,0.0,0.0,
2020-06-21,262.0,92.0,0.0,0.0,
2020-06-22,278.0,121.0,0.0,0.0,
2020-06-23,280.0,148.0,0.0,0.0,
2020-06-24,271.0,121.0,0.0,0.0,
2020-06-25,264.0,130.0,0.0,0.0,
2020-06-26,265.0,130.0,0.0,0.0,
2020-06-27,238.0,107.0,25.0,0.0,
2020-06-28,234.0,129.0,0.0,0.0,
2020-06-29,201.0,87.0,0.0,0.0,
2020-06-30,199.0,54.0,0.0,0.0,
2020-07-01,213.0,86.0,0.0,0.0,
2020-07-02,234.0,106.0,0.0,0.0,
2020-07-03,250.0,111.0,25.0,0.0,
2020-07-04,245.0,121.0,0.0,0.0,
2020-07-05,273.0,112.0,0.0,0.0,
2020-07-06,268.0,142.0,0.0,0.0,
2020-07-07,258.0,151.0,0.0,0.0,
2020-07-08,265.0,116.0,0.0,0.0,
2020-07-09,271.0,155.0,0.0,0.0,
2020-07-10,286.0,115.0,0.0,0.0,
2020-07-11,286.0,139.0,0.0,0.0,
2020-07-12,278.0,165.0,0.0,0.0,
2020-07-13,286.0,166.0,0.0,0.0,
2020-07-14,275.0,150.0,0.0,0.0,
2020-07-15,277.0,137.0,0.0,0.0,
2020-07-16,236.0,111.0,0.0,0.0,
2020-07-17,205.0,100.0,25.0,0.0,
2020-07-18,248.0,95.0,0.0,0.0,
2020-07-19,275.0,111.0,0.0,0.0,
2020-07-20,278.0,137.0,0.0,0.0,
2020-07-21,262.0,118.0,25.0,0.0,
2020-07-22,201.0,104.0,25.0,0.0,
2020-07-23,216.0,89.0,51.0,0.0,
2020-07-24,176.0,102.0,51.0,0.0,
2020-07-25,164.0,112.0,25.0,0.0,
2020-07-26,196.0,105.0,25.0,0.0,
2020-07-27,208.0,96.0,51.0,0.0,
2020-07-28,244.0,88.0,0.0,0.0,
2020-07-29,273.0,126.0,0.0,0.0,
2020-07-30,281.0,149.0,0.0,0.0,
2020-07-31,292.0,150.0,0.0,0.0,
2020-08-01,280.0,151.0,0.0,0.0,
2020-08-02,283.0,151.0,0.0,0.0,
2020-08-03,286.0,147.0,0.0,0.0,
2020-08-04,266.0,152.0,0.0,0.0,
2020-08-05,232.0,138.0,0.0,0.0,
2020-08-06,254.0,111.0,0.0,0.0,
2020-08-07,251.0,139.0,0.0,0.0,
2020-08-08,253.0,126.0,0.0,0.0,
2020-08-09,269.0,118.0,0.0,0.0,
2020-08-10,272.0,128.0,0.0,0.0,
2020-08-11,256.0,82.0,0.0,0.0,
2020-08-12,265.0,118.0,0.0,0.0,
2020-08-13,267.0,109.0,0.0,0.0,
2020-08-14,295.0,149.0,0.0,0.0,
2020-08-15,291.0,134.0,0.0,0.0,
2020-08-16,279.0,123.0,0.0,0.0,
2020-08-17,270.0,159.0,0.0,0.0,
2020-08-18,281.0,149.0,0.0,0.0,
2020-08-19,276.0,132.0,0.0,0.0,
2020-08-20,287.0,127.0,0.0,0.0,
2020-08-21,277.0,132.0,0.0,0.0,
2020-08-22,279.0,120.0,0.0,0.0,
2020-08-23,277.0,123.0,0.0,0.0,
2020-08-24,261.0,110.0,178.0,0.0,
2020-08-25,244.0,118.0,25.0,0.0,
2020-08-26,235.0,118.0,51.0,0.0,
2020-08-27,240.0,114.0,76.0,0.0,
2020-08-28,224.0,109.0,102.0,0.0,
2020-08-29,235.0,110.0,0.0,0.0,
2020-08-30,227.0,102.0,0.0,0.0,
2020-08-31,211.0,88.0,0.0,0.0,
2020-09-01,195.0,88.0,0.0,0.0,
2020-09-02,244.0,60.0,0.0,0.0,
2020-09-03,247.0,95.0,0.0,0.0,
2020-09-04,268.0,128.0,0.0,0.0,
2020-09-05,270.0,130.0,0.0,0.0,
2020-09-06,273.0,108.0,0.0,0.0,
2020-09-07,271.0,148.0,0.0,0.0,
2020-09-08,171.0,-18.0,0.0,0.0,
2020-09-09,,-21.0,102.0,0.0,
2020-09-10,118.0,8.0,0.0,0.0,
2020-09-11,154.0,5.0,0.0,0.0,
2020-09-12,176.0,52.0,0.0,0.0,
2020-09-13,192.0,76.0,0.0,0.0,
2020-09-14,201.0,70.0,0.0,0.0,
2020-09-15,212.0,66.0,25.0,0.0,
2020-09-16,214.0,104.0,0.0,0.0,
2020-09-17,209.0,105.0,0.0,0.0,
2020-09-18,215.0,101.0,0.0,0.0,
2020-09-19,215.0,110.0,0.0,0.0,
2020-09-20,224.0,97.0,0.0,0.0,
2020-09-21,221.0,86.0,25.0,0.0,
2020-09-22,203.0,88.0,0.0,0.0,
2020-09-23,212.0,76.0,0.0,0.0,
2020-09-24,224.0,86.0,0.0,0.0,
2020-09-25,229.0,88.0,0.0,0.0,
2020-09-26,226.0,116.0,0.0,0.0,
2020-09-27,205.0,65.0,0.0,0.0,
2020-09-28,164.0,33.0,0.0,0.0,
2020-09-29,209.0,15.0,0.0,0.0,
2020-09-30,216.0,49.0,0.0,0.0,
2020-10-01,209.0,95.0,0.0,0.0,
2020-10-02,200.0,60.0,0.0,0.0,
2020-10-03,204.0,81.0,0.0,0.0,
2020-10-04,219.0,65.0,0.0,0.0,
2020-10-05,218.0,64.0,0.0,0.0,
2020-10-06,206.0,71.0,0.0,0.0,
2020-10-07,216.0,85.0,0.0,0.0,
2020-10-08,209.0,76.0,0.0,0.0,
2020-10-09,197.0,60.0,0.0,0.0,
2020-10-10,197.0,64.0,0.0,0.0,
2020-10-11,170.0,32.0,0.0,0.0,
2020-10-12,175.0,3.0,0.0,0.0,
2020-10-13,201.0,26.0,0.0,0.0,
2020-10-14,216.0,99.0,0.0,0.0,
2020-10-15,182.0,34.0,0.0,0.0,
2020-10-16,191.0,23.0,0.0,0.0,
2020-10-17,192.0,40.0,0.0,0.0,
2020-10-18,194.0,40.0,0.0,0.0,
2020-10-19,199.0,36.0,0.0,0.0,
2020-10-20,180.0,42.0,0.0,0.0,
2020-10-21,187.0,27.0,0.0,0.0,
2020-10-22,159.0,75.0,0.0,0.0,
2020-10-23,163.0,48.0,0.0,0.0,
2020-10-24,149.0,49.0,0.0,0.0,
2020-10-25,123.0,-42.0,102.0,51.0,
2020-10-26,-22.0,-106.0,51.0,51.0,
2020-10-27,-2.0,-98.0,25.0,25.0,
2020-10-28,85.0,-106.0,0.0,25.0,
2020-10-29,115.0,-24.0,0.0,25.0,
2020-10-30,134.0,5.0,0.0,25.0,
2020-10-31,141.0,-1.0,0.0,25.0,
2020-11-01,158.0,37.0,0.0,25.0,
2020-11-02,162.0,49.0,0.0,0.0,
2020-11-03,166.0,47.0,0.0,25.0,
2020-11-04,147.0,30.0,0.0,25.0,
2020-11-05,156.0,49.0,0.0,0.0,
2020-11-06,144.0,65.0,0.0,0.0,
2020-11-07,104.0,-40.0,76.0,25.0,
2020-11-08,7.0,-60.0,51.0,25.0,
2020-11-09,-42.0,-97.0,102.0,76.0,
2020-11-10,-10.0,-126.0,25.0,76.0,
2020-11-11,42.0,-124.0,0.0,76.0,
2020-11-12,67.0,-40.0,0.0,25.0,
2020-11-13,80.0,-18.0,0.0,25.0,
2020-11-14,29.0,-54.0,0.0,25.0,
2020-11-15,90.0,-37.0,0.0,25.0,
2020-11-16,136.0,-3.0,0.0,25.0,
2020-11-17,149.0,27.0,0.0,25.0,
2020-11-18,138.0,69.0,0.0,25.0,
2020-11-19,128.0,33.0,0.0,25.0,
2020-11-20,123.0,41.0,0.0,25.0,
2020-11-21,128.0,14.0,0.0,25.0,
2020-11-22,121.0,8.0,0.0,25.0,
2020-11-23,76.0,-14.0,0.0,25.0,
2020-11-24,-12.0,-54.0,0.0,25.0,
2020-11-25,40.0,-57.0,0.0,25.0,
2020-11-26,29.0,-52.0,0.0,25.0,
2020-11-27,-18.0,-67.0,76.0,25.0,
2020-11-28,20.0,-100.0,0.0,25.0,
2020-11-29,76.0,-57.0,0.0,25.0,
2020-11-30,57.0,-72.0,0.0,25.0,
2020-12-01,25.0,-100.0,0.0,25.0,
2020-12-02,-59.0,-117.0,0.0,25.0,
2020-12-03,22.0,-126.0,0.0,25.0,
2020-12-04,85.0,-85.0,0.0,25.0,
2020-12-05,76.0,-24.0,0.0,25.0,
2020-12-06,88.0,-30.0,0.0,25.0,
2020-12-07,87.0,-30.0,0.0,25.0,
2020-12-08,108.0,-18.0,0.0,25.0,
2020-12-09,102.0,-18.0,0.0,25.0,
2020-12-10,29.0,-38.0,76.0,51.0,
2020-12-11,-27.0,-71.0,0.0,51.0,
2020-12-12,-11.0,-144.0,102.0,102.0,
2020-12-13,12.0,-172.0,51.0,127.0,
2020-12-14,3.0,-105.0,0.0,127.0,
2020-12-15,-22.0,-149.0,0.0,127.0,
2020-12-16,27.0,-116.0,0.0,127.0,
2020-12-17,26.0,-83.0,0.0,102.0,
2020-12-18,-1.0,-116.0,0.0,102.0,
2020-12-19,27.0,-116.0,0.0,102.0,
2020-12-20,70.0,-57.0,0.0,102.0,
2020-12-21,109.0,-29.0,0.0,76.0,
2020-12-22,50.0,-50.0,0.0,76.0,
2020-12-23,-50.0,-142.0,0.0,76.0,
2020-12-24,25.0,-154.0,0.0,76.0,
2020-12-25,30.0,-90.0,0.0,76.0,
2020-12-26,55.0,-52.0,0.0,76.0,
2020-12-27,3.0,-52.0,0.0,76.0,
2020-12-28,47.0,-71.0,51.0,102.0,
2020-12-29,-58.0,-135.0,25.0,102.0,
2020-12-30,5.0,-124.0,0.0,102.0,
2020-12-31,1.0,-119.0,0.0,102.0,
2021-01-01,21.0,-89.0,0.0,102.0,
2021-01-02,3.0,-92.0,0.0,102.0,
2021-01-03,30.0,-76.0,0.0,102.0,
2021-01-04,72.0,-70.0,0.0,102.0,
2021-01-05,16.0,-103.0,0.0,102.0,
2021-01-06,52.0,-119.0,0.0,102.0,
2021-01-07,65.0,-81.0,0.0,102.0,
2021-01-08,60.0,-66.0,0.0,102.0,
2021-01-09,-23.0,-122.0,0.0,102.0,
2021-01-10,4.0,-122.0,0.0,102.0,
2021-01-11,2.0,-122.0,0.0,76.0,
2021-01-12,60.0,-103.0,0.0,76.0,
2021-01-13,89.0,-41.0,0.0,76.0,
2021-01-14,56.0,-67.0,0.0,76.0,
2021-01-15,101.0,-60.0,0.0,76.0,
2021-01-16,60.0,-57.0,0.0,76.0,
2021-01-17,79.0,-47.0,0.0,76.0,
2021-01-18,50.0,-38.0,0.0,76.0,
2021-01-19,-30.0,-71.0,178.0,203.0,
2021-01-20,50.0,-72.0,0.0,178.0,
2021-01-21,33.0,-69.0,0.0,152.0,
2021-01-22,0.0,-27.0,25.0,152.0,
2021-01-23,-1.0,-49.0,51.0,229.0,
2021-01-24,-34.0,-76.0,229.0,406.0,
2021-01-25,-57.0,-131.0,178.0,610.0,
2021-01-26,-71.0,-159.0,51.0,559.0,
2021-01-27,-8.0,-182.0,0.0,559.0,
2021-01-28,61.0,-67.0,0.0,533.0,
2021-01-29,52.0,-84.0,76.0,533.0,
2021-01-30,0.0,-91.0,0.0,508.0,
2021-01-31,78.0,-119.0,0.0,508.0,
2021-02-01,94.0,-47.0,0.0,483.0,
2021-02-02,90.0,3.0,25.0,406.0,
2021-02-03,58.0,-14.0,0.0,381.0,
2021-02-04,1.0,-89.0,0.0,381.0,
2021-02-05,24.0,-88.0,0.0,381.0,
2021-02-06,34.0,-113.0,0.0,381.0,
2021-02-07,69.0,-42.0,0.0,356.0,
2021-02-08,67.0,-31.0,0.0,356.0,
2021-02-09,58.0,-34.0,0.0,356.0,
2021-02-10,56.0,-49.0,0.0,356.0,
2021-02-11,65.0,-71.0,0.0,330.0,
2021-02-12,41.0,-31.0,0.0,305.0,
2021-02-13,-4.0,-58.0,279.0,508.0,
2021-02-14,-38.0,-107.0,0.0,508.0,
2021-02-15,-31.0,-121.0,25.0,533.0,
2021-02-16,-27.0,-135.0,279.0,737.0,
2021-02-17,-29.0,-157.0,0.0,711.0,
2021-02-18,-24.0,-169.0,0.0,686.0,
2021-02-19,42.0,-150.0,0.0,660.0,
2021-02-20,61.0,-74.0,0.0,610.0,
2021-02-21,-18.0,-119.0,0.0,610.0,
2021-02-22,66.0,-79.0,0.0,584.0,
2021-02-23,75.0,-59.0,0.0,559.0,
2021-02-24,56.0,-61.0,0.0,533.0,
2021-02-25,44.0,-81.0,0.0,533.0,
2021-02-26,35.0,-81.0,0.0,508.0,
2021-02-27,5.0,-97.0,0.0,508.0,
2021-02-28,-43.0,-152.0,0.0,508.0,
2021-03-01,33.0,-139.0,0.0,508.0,
2021-03-02,77.0,-84.0,0.0,483.0,
2021-03-03,102.0,-59.0,0.0,457.0,
2021-03-04,21.0,-53.0,0.0,483.0,
2021-03-05,81.0,-44.0,0.0,457.0,
2021-03-06,102.0,-13.0,0.0,432.0,
2021-03-07,123.0,-31.0,0.0,381.0,
2021-03-08,108.0,23.0,0.0,356.0,
2021-03-09,55.0,-41.0,0.0,356.0,
2021-03-10,12.0,-67.0,0.0,356.0,
2021-03-11,37.0,-72.0,0.0,356.0,
2021-03-12,38.0,-73.0,25.0,406.0,
2021-03-13,-44.0,-82.0,102.0,483.0,
2021-03-14,-31.0,-89.0,102.0,584.0,
2021-03-15,42.0,-74.0,0.0,508.0,
2021-03-16,18.0,-62.0,25.0,533.0,
2021-03-17,68.0,-61.0,0.0,457.0,
2021-03-18,91.0,-59.0,0.0,432.0,
2021-03-19,131.0,-8.0,0.0,381.0,
2021-03-20,97.0,23.0,0.0,356.0,
2021-03-21,69.0,-57.0,0.0,330.0,
2021-03-22,22.0,-83.0,0.0,305.0,
2021-03-23,-11.0,-65.0,76.0,381.0,
2021-03-24,-8.0,-57.0,279.0,610.0,
2021-03-25,-12.0,-60.0,178.0,660.0,
2021-03-26,14.0,-64.0,0.0,660.0,
2021-03-27,55.0,-68.0,0.0,635.0,
2021-03-28,110.0,-57.0,0.0,584.0,
2021-03-29,120.0,3.0,0.0,483.0,
2021-03-30,44.0,-76.0,0.0,457.0,
2021-03-31,64.0,-117.0,0.0,406.0,
2021-04-01,128.0,-31.0,0.0,330.0,
2021-04-02,160.0,15.0,0.0,279.0,
2021-04-03,163.0,24.0,0.0,229.0,
2021-04-04,177.0,51.0,0.0,127.0,
2021-04-05,158.0,61.0,0.0,51.0,
2021-04-06,92.0,2.0,0.0,25.0,
2021-04-07,105.0,-20.0,0.0,0.0,
2021-04-08,134.0,11.0,0.0,0.0,
2021-04-09,108.0,13.0,0.0,0.0,
2021-04-10,136.0,-1.0,0.0,0.0,
2021-04-11,143.0,8.0,0.0,0.0,
2021-04-12,147.0,15.0,0.0,0.0,
2021-04-13,127.0,44.0,0.0,0.0,
2021-04-14,131.0,21.0,0.0,0.0,
2021-04-15,78.0,-18.0,0.0,0.0,
2021-04-16,80.0,-57.0,0.0,0.0,
2021-04-17,39.0,-48.0,0.0,0.0,
2021-04-18,59.0,-46.0,0.0,0.0,
2021-04-19,112.0,-45.0,0.0,0.0,
2021-04-20,117.0,-18.0,0.0,0.0,
2021-04-21,117.0,35.0,0.0,0.0,
2021-04-22,97.0,-8.0,0.0,0.0,
2021-04-23,105.0,-13.0,25.0,0.0,
2021-04-24,138.0,-16.0,0.0,0.0,
2021-04-25,162.0,45.0,0.0,0.0,
2021-04-26,115.0,22.0,0.0,0.0,
2021-04-27,70.0,-23.0,51.0,0.0,
2021-04-28,109.0,-22.0,0.0,0.0,
2021-04-29,151.0,-6.0,0.0,0.0,
2021-04-30,184.0,32.0,0.0,0.0,
2021-05-01,202.0,42.0,0.0,0.0,
2021-05-02,166.0,32.0,0.0,0.0,
2021-05-03,99.0,0.0,0.0,0.0,
2021-05-04,154.0,-18.0,0.0,0.0,
2021-05-05,182.0,28.0,0.0,0.0,
2021-05-06,200.0,76.0,0.0,0.0,
2021-05-07,203.0,80.0,0.0,0.0,
2021-05-08,148.0,38.0,0.0,0.0,
2021-05-09,147.0,7.0,0.0,0.0,
2021-05-10,146.0,30.0,0.0,0.0,
2021-05-11,141.0,3.0,0.0,0.0,
2021-05-12,170.0,21.0,0.0,0.0,
2021-05-13,204.0,44.0,0.0,0.0,
2021-05-14,211.0,37.0,0.0,0.0,
2021-05-15,190.0,64.0,0.0,0.0,
2021-05-16,186.0,59.0,0.0,0.0,
2021-05-17,148.0,17.0,0.0,0.0,
2021-05-18,159.0,45.0,0.0,0.0,
2021-05-19,200.0,49.0,0.0,0.0,
2021-05-20,192.0,84.0,0.0,0.0,
2021-05-21,130.0,49.0,0.0,0.0,
2021-05-22,170.0,3.0,0.0,0.0,
2021-05-23,136.0,-31.0,0.0,0.0,
2021-05-24,170.0,5.0,0.0,0.0,
2021-05-25,189.0,28.0,0.0,0.0,
2021-05-26,176.0,58.0,0.0,0.0,
2021-05-27,179.0,41.0,0.0,0.0,
2021-05-28,226.0,69.0,0.0,0.0,
2021-05-29,230.0,57.0,0.0,0.0,
2021-05-30,220.0,58.0,0.0,0.0,
2021-05-31,209.0,60.0,0.0,0.0,
2021-06-01,211.0,41.0,0.0,0.0,
2021-06-02,225.0,68.0,0.0,0.0,
2021-06-03,233.0,102.0,0.0,0.0,
2021-06-04,251.0,94.0,0.0,0.0,
2021-06-05,249.0,121.0,0.0,0.0,
2021-06-06,255.0,106.0,0.0,0.0,
2021-06-07,242.0,107.0,0.0,0.0,
2021-06-08,228.0,104.0,0.0,0.0,
2021-06-09,255.0,87.0,0.0,0.0,
2021-06-10,247.0,120.0,0.0,0.0,
2021-06-11,258.0,78.0,0.0,0.0,
2021-06-12,289.0,106.0,0.0,0.0,
2021-06-13,295.0,99.0,0.0,0.0,
2021-06-14,300.0,148.0,0.0,0.0,
2021-06-15,300.0,156.0,0.0,0.0,
2021-06-16,302.0,161.0,0.0,0.0,
2021-06-17,281.0,151.0,0.0,0.0,
2021-06-18,280.0,128.0,0.0,0.0,
2021-06-19,297.0,131.0,0.0,0.0,
2021-06-20,284.0,137.0,0.0,0.0,
2021-06-21,286.0,124.0,0.0,0.0,
2021-06-22,276.0,118.0,0.0,0.0,
2021-06-23,231.0,96.0,0.0,0.0,
2021-06-24,234.0,71.0,0.0,0.0,
2021-06-25,211.0,90.0,0.0,0.0,
2021-06-26,203.0,80.0,102.0,0.0,
2021-06-27,210.0,78.0,0.0,0.0,
2021-06-28,191.0,70.0,0.0,0.0,
2021-06-29,138.0,78.0,0.0,0.0,
2021-06-30,209.0,70.0,0.0,0.0,
2021-07-01,235.0,102.0,51.0,0.0,
2021-07-02,240.0,114.0,25.0,0.0,
2021-07-03,247.0,118.0,0.0,0.0,
2021-07-04,259.0,137.0,0.0,0.0,
2021-07-05,257.0,138.0,152.0,0.0,
2021-07-06,259.0,115.0,0.0,0.0,
2021-07-07,261.0,121.0,0.0,0.0,
2021-07-08,286.0,151.0,0.0,0.0,
2021-07-09,296.0,144.0,0.0,0.0,
2021-07-10,302.0,149.0,0.0,0.0,
2021-07-11,285.0,146.0,0.0,0.0,
2021-07-12,277.0,138.0,0.0,0.0,
2021-07-13,270.0,139.0,0.0,0.0,
2021-07-14,222.0,120.0,0.0,0.0,
2021-07-15,246.0,114.0,25.0,0.0,
2021-07-16,235.0,106.0,0.0,0.0,
2021-07-17,218.0,121.0,0.0,0.0,
2021-07-18,272.0,126.0,25.0,0.0,
2021-07-19,255.0,122.0,0.0,0.0,
2021-07-20,258.0,139.0,0.0,0.0,
2021-07-21,260.0,109.0,51.0,0.0,
2021-07-22,254.0,115.0,178.0,0.0,
2021-07-23,231.0,109.0,127.0,0.0,
2021-07-24,204.0,102.0,25.0,0.0,
2021-07-25,188.0,109.0,203.0,0.0,
2021-07-26,211.0,97.0,25.0,0.0,
2021-07-27,195.0,116.0,0.0,0.0,
2021-07-28,222.0,118.0,0.0,0.0,
2021-07-29,240.0,123.0,0.0,0.0,
2021-07-30,226.0,97.0,102.0,0.0,
2021-07-31,227.0,99.0,0.0,0.0,
2021-08-01,221.0,104.0,0.0,0.0,
2021-08-02,220.0,104.0,25.0,0.0,
2021-08-03,236.0,99.0,0.0,0.0,
2021-08-04,249.0,120.0,0.0,0.0,
2021-08-05,265.0,105.0,0.0,0.0,
2021-08-06,254.0,128.0,0.0,0.0,
2021-08-07,244.0,123.0,0.0,0.0,
2021-08-08,255.0,105.0,0.0,0.0,
2021-08-09,250.0,111.0,0.0,0.0,
2021-08-10,213.0,127.0,0.0,0.0,
2021-08-11,218.0,112.0,0.0,0.0,
2021-08-12,250.0,114.0,0.0,0.0,
2021-08-13,251.0,108.0,0.0,0.0,
2021-08-14,230.0,115.0,0.0,0.0,
2021-08-15,255.0,101.0,25.0,0.0,
2021-08-16,211.0,94.0,51.0,0.0,
2021-08-17,240.0,106.0,0.0,0.0,
2021-08-18,182.0,107.0,25.0,0.0,
2021-08-19,180.0,98.0,0.0,0.0,
2021-08-20,186.0,90.0,0.0,0.0,
2021-08-21,222.0,94.0,0.0,0.0,
2021-08-22,246.0,115.0,0.0,0.0,
2021-08-23,233.0,118.0,0.0,0.0,
2021-08-24,240.0,112.0,0.0,0.0,
2021-08-25,253.0,111.0,0.0,0.0,
2021-08-26,255.0,118.0,0.0,0.0,
2021-08-27,259.0,100.0,0.0,0.0,
2021-08-28,249.0,107.0,0.0,0.0,
2021-08-29,256.0,99.0,0.0,0.0,
2021-08-30,251.0,115.0,0.0,0.0,
2021-08-31,253.0,102.0,0.0,0.0,
2021-09-01,141.0,92.0,178.0,0.0,
2021-09-02,176.0,89.0,0.0,0.0,
2021-09-03,212.0,84.0,0.0,0.0,
2021-09-04,213.0,106.0,0.0,0.0,
2021-09-05,229.0,97.0,0.0,0.0,
2021-09-06,243.0,108.0,0.0,0.0,
2021-09-07,267.0,154.0,0.0,0.0,
2021-09-08,260.0,146.0,0.0,0.0,
2021-09-09,262.0,129.0,0.0,0.0,
2021-09-10,255.0,128.0,0.0,0.0,
2021-09-11,249.0,123.0,0.0,0.0,
2021-09-12,242.0,110.0,0.0,0.0,
2021-09-13,240.0,111.0,0.0,0.0,
2021-09-14,240.0,102.0,0.0,0.0,
2021-09-15,242.0,97.0,0.0,0.0,
2021-09-16,220.0,87.0,0.0,0.0,
2021-09-17,226.0,81.0,0.0,0.0,
2021-09-18,240.0,86.0,25.0,0.0,
2021-09-19,192.0,82.0,0.0,0.0,
2021-09-20,180.0,46.0,0.0,0.0,
2021-09-21,182.0,18.0,0.0,0.0,
2021-09-22,220.0,50.0,0.0,0.0,
2021-09-23,216.0,76.0,0.0,0.0,
2021-09-24,200.0,51.0,0.0,0.0,
2021-09-25,204.0,77.0,25.0,0.0,
2021-09-26,138.0,46.0,203.0,0.0,
2021-09-27,139.0,56.0,127.0,25.0,
2021-09-28,117.0,58.0,25.0,0.0,
2021-09-29,122.0,30.0,76.0,25.0,
2021-09-30,52.0,12.0,152.0,0.0,
2021-10-01,89.0,17.0,102.0,0.0,
2021-10-02,121.0,36.0,0.0,0.0,
2021-10-03,138.0,39.0,0.0,0.0,
2021-10-04,159.0,58.0,0.0,0.0,
2021-10-05,152.0,42.0,127.0,0.0,
2021-10-06,136.0,47.0,0.0,0.0,
2021-10-07,154.0,41.0,0.0,0.0,
2021-10-08,150.0,74.0,25.0,0.0,
2021-10-09,114.0,22.0,0.0,0.0,
2021-10-10,82.0,-7.0,0.0,0.0,
2021-10-11,118.0,10.0,0.0,0.0,
2021-10-12,28.0,-61.0,102.0,0.0,
2021-10-13,46.0,-83.0,0.0,0.0,
2021-10-14,62.0,-36.0,0.0,0.0,
2021-10-15,69.0,-76.0,0.0,0.0,
2021-10-16,148.0,-8.0,0.0,0.0,
2021-10-17,155.0,30.0,0.0,0.0,
2021-10-18,122.0,21.0,25.0,0.0,
2021-10-19,71.0,-21.0,25.0,0.0,
2021-10-20,121.0,-20.0,0.0,0.0,
2021-10-21,140.0,-8.0,0.0,0.0,
2021-10-22,152.0,-12.0,0.0,0.0,
2021-10-23,105.0,37.0,0.0,0.0,
2021-10-24,126.0,15.0,0.0,0.0,
2021-10-25,161.0,56.0,0.0,0.0,
2021-10-26,72.0,-43.0,51.0,0.0,
2021-10-27,47.0,-63.0,0.0,0.0,
2021-10-28,133.0,-18.0,0.0,0.0,
2021-10-29,152.0,-3.0,0.0,0.0,
2021-10-30,152.0,24.0,0.0,0.0,
2021-10-31,122.0,47.0,0.0,0.0,
2021-11-01,117.0,25.0,0.0,0.0,
2021-11-02,108.0,13.0,0.0,0.0,
2021-11-03,117.0,-4.0,0.0,0.0,
2021-11-04,132.0,-25.0,0.0,0.0,
2021-11-05,153.0,1.0,0.0,0.0,
2021-11-06,154.0,22.0,0.0,0.0,
2021-11-07,147.0,42.0,0.0,0.0,
2021-11-08,136.0,50.0,0.0,0.0,
2021-11-09,92.0,33.0,0.0,0.0,
2021-11-10,72.0,-8.0,0.0,0.0,
2021-11-11,109.0,-38.0,0.0,0.0,
2021-11-12,119.0,-13.0,0.0,0.0,
2021-11-13,123.0,-11.0,0.0,0.0,
2021-11-14,138.0,3.0,0.0,0.0,
2021-11-15,150.0,21.0,0.0,0.0,
2021-11-16,108.0,17.0,0.0,0.0,
2021-11-17,91.0,-46.0,0.0,0.0,
2021-11-18,97.0,-45.0,0.0,0.0,
2021-11-19,91.0,8.0,0.0,0.0,
2021-11-20,78.0,-18.0,0.0,0.0,
2021-11-21,48.0,-47.0,0.0,0.0,
2021-11-22,122.0,-40.0,0.0,0.0,
2021-11-23,59.0,-2.0,51.0,25.0,
2021-11-24,24.0,-103.0,25.0,25.0,
2021-11-25,1.0,-110.0,0.0,25.0,
2021-11-26,98.0,-50.0,0.0,25.0,
2021-11-27,118.0,-18.0,0.0,25.0,
2021-11-28,119.0,-14.0,0.0,25.0,
2021-11-29,134.0,0.0,0.0,25.0,
2021-11-30,133.0,8.0,0.0,25.0,
2021-12-01,150.0,2.0,0.0,25.0,
2021-12-02,116.0,-18.0,0.0,25.0,
2021-12-03,109.0,-18.0,0.0,25.0,
2021-12-04,94.0,-24.0,0.0,25.0,
2021-12-05,99.0,-28.0,0.0,25.0,
2021-12-06,79.0,-40.0,0.0,25.0,
2021-12-07,22.0,-55.0,76.0,25.0,
2021-12-08,17.0,-43.0,0.0,25.0,
2021-12-09,13.0,-18.0,127.0,127.0,
2021-12-10,-18.0,-144.0,203.0,203.0,
2021-12-11,3.0,-171.0,0.0,203.0,
2021-12-12,66.0,-57.0,0.0,203.0,
2021-12-13,58.0,3.0,0.0,178.0,
2021-12-14,35.0,-6.0,0.0,152.0,
2021-12-15,13.0,-142.0,76.0,229.0,
2021-12-16,50.0,-120.0,0.0,229.0,
2021-12-17,13.0,-150.0,0.0,229.0,
2021-12-18,24.0,-129.0,0.0,229.0,
2021-12-19,45.0,-86.0,0.0,229.0,
2021-12-20,67.0,-62.0,0.0,229.0,
2021-12-21,65.0,-36.0,0.0,229.0,
2021-12-22,80.0,-13.0,0.0,203.0,
2021-12-23,48.0,2.0,0.0,178.0,
2021-12-24,3.0,-21.0,432.0,533.0,
2021-12-25,-1.0,-37.0,102.0,508.0,
2021-12-26,-28.0,-58.0,0.0,483.0,
2021-12-27,-38.0,-74.0,0.0,457.0,
2021-12-28,-62.0,-80.0,152.0,559.0,
2021-12-29,-65.0,-81.0,102.0,635.0,
2021-12-30,-42.0,-79.0,0.0,610.0,
2021-12-31,-14.0,-62.0,178.0,686.0,
2022-01-01,-47.0,-194.0,51.0,762.0,
2022-01-02,15.0,-176.0,0.0,711.0,
2022-01-03,52.0,-121.0,0.0,686.0,
2022-01-04,45.0,-40.0,0.0,660.0,
2022-01-05,45.0,-54.0,0.0,660.0,
2022-01-06,72.0,-47.0,0.0,635.0,
2022-01-07,80.0,-11.0,0.0,610.0,
2022-01-08,38.0,-84.0,0.0,610.0,
2022-01-09,23.0,-106.0,0.0,610.0,
2022-01-10,55.0,-61.0,0.0,610.0,
2022-01-11,81.0,-82.0,0.0,610.0,
2022-01-12,96.0,-44.0,0.0,584.0,
2022-01-13,120.0,-31.0,0.0,584.0,
2022-01-14,55.0,-39.0,0.0,584.0,
2022-01-15,91.0,-72.0,0.0,584.0,
2022-01-16,105.0,-52.0,0.0,584.0,
2022-01-17,86.0,-47.0,0.0,559.0,
2022-01-18,25.0,-42.0,0.0,559.0,
2022-01-19,39.0,-87.0,0.0,559.0,
2022-01-20,33.0,-106.0,0.0,559.0,
2022-01-21,27.0,-71.0,0.0,559.0,
2022-01-22,3.0,-74.0,0.0,559.0,
2022-01-23,40.0,-67.0,0.0,559.0,
2022-01-24,68.0,-65.0,0.0,559.0,
2022-01-25,34.0,-83.0,0.0,559.0,
2022-01-26,25.0,-122.0,0.0,559.0,
2022-01-27,3.0,-120.0,0.0,559.0,
2022-01-28,32.0,-124.0,0.0,559.0,
2022-01-29,100.0,-73.0,0.0,559.0,
2022-01-30,37.0,-71.0,0.0,559.0,
2022-01-31,62.0,-81.0,25.0,533.0,
2022-02-01,30.0,-68.0,0.0,533.0,
2022-02-02,-65.0,-201.0,51.0,584.0,
2022-02-03,-62.0,-218.0,0.0,610.0,
2022-02-04,8.0,-188.0,0.0,584.0,
2022-02-05,46.0,-134.0,0.0,584.0,
2022-02-06,-8.0,-114.0,0.0,559.0,
2022-02-07,40.0,-120.0,0.0,559.0,
2022-02-08,81.0,-80.0,0.0,559.0,
2022-02-09,71.0,-46.0,0.0,533.0,
2022-02-10,80.0,-30.0,0.0,533.0,
2022-02-11,95.0,-40.0,0.0,533.0,
2022-02-12,58.0,-64.0,0.0,533.0,
2022-02-13,82.0,-67.0,0.0,508.0,
2022-02-14,87.0,-48.0,0.0,483.0,
2022-02-15,68.0,-11.0,0.0,457.0,
2022-02-16,4.0,-88.0,76.0,533.0,
2022-02-17,-7.0,-124.0,0.0,559.0,
2022-02-18,61.0,-132.0,0.0,533.0,
2022-02-19,78.0,-79.0,0.0,508.0,
2022-02-20,74.0,-30.0,0.0,483.0,
2022-02-21,17.0,-46.0,0.0,483.0,
2022-02-22,-1.0,-62.0,25.0,483.0,
2022-02-23,-42.0,-118.0,127.0,635.0,
2022-02-24,-44.0,-128.0,25.0,610.0,
2022-02-25,23.0,-141.0,0.0,610.0,
2022-02-26,6.0,-147.0,0.0,610.0,
2022-02-27,68.0,-118.0,0.0,584.0,
2022-02-28,100.0,-52.0,0.0,559.0,
2022-03-01,118.0,-15.0,0.0,533.0,
2022-03-02,138.0,-29.0,0.0,508.0,
2022-03-03,130.0,-12.0,0.0,483.0,
2022-03-04,79.0,-47.0,0.0,483.0,
2022-03-05,6.0,-60.0,76.0,508.0,
2022-03-06,-52.0,-99.0,76.0,559.0,
2022-03-07,-22.0,-166.0,25.0,610.0,
2022-03-08,3.0,-184.0,0.0,559.0,
2022-03-09,14.0,-125.0,25.0,508.0,
2022-03-10,-18.0,-132.0,178.0,686.0,
2022-03-11,16.0,-157.0,0.0,635.0,
2022-03-12,65.0,-116.0,0.0,610.0,
2022-03-13,68.0,-65.0,0.0,559.0,
2022-03-14,72.0,-58.0,0.0,533.0,
2022-03-15,115.0,-53.0,0.0,508.0,
2022-03-16,96.0,-38.0,25.0,508.0,
2022-03-17,34.0,-65.0,0.0,508.0,
2022-03-18,67.0,-64.0,0.0,483.0,
2022-03-19,90.0,-47.0,0.0,457.0,
2022-03-20,82.0,-37.0,25.0,457.0,
2022-03-21,45.0,-35.0,0.0,432.0,
2022-03-22,39.0,-63.0,0.0,381.0,
2022-03-23,60.0,-67.0,0.0,356.0,
2022-03-24,128.0,-16.0,0.0,305.0,
2022-03-25,146.0,11.0,0.0,254.0,
2022-03-26,171.0,38.0,0.0,178.0,
2022-03-27,159.0,61.0,0.0,102.0,
2022-03-28,90.0,-9.0,0.0,102.0,
2022-03-29,1.0,-21.0,229.0,254.0,
2022-03-30,48.0,-26.0,25.0,203.0,
2022-03-31,84.0,-37.0,0.0,152.0,
2022-04-01,79.0,-21.0,25.0,102.0,
2022-04-02,126.0,-8.0,0.0,76.0,
2022-04-03,116.0,6.0,0.0,25.0,
2022-04-04,109.0,-1.0,0.0,25.0,
2022-04-05,137.0,35.0,0.0,25.0,
2022-04-06,62.0,-30.0,0.0,25.0,
2022-04-07,106.0,-20.0,0.0,25.0,
2022-04-08,130.0,15.0,0.0,0.0,
2022-04-09,139.0,17.0,0.0,0.0,
2022-04-10,94.0,-18.0,0.0,0.0,
2022-04-11,109.0,1.0,0.0,0.0,
2022-04-12,36.0,-86.0,25.0,0.0,
2022-04-13,21.0,-103.0,0.0,0.0,
2022-04-14,88.0,-58.0,0.0,0.0,
2022-04-15,122.0,1.0,0.0,0.0,
2022-04-16,136.0,26.0,0.0,0.0,
2022-04-17,144.0,25.0,0.0,0.0,
2022-04-18,174.0,33.0,0.0,0.0,
2022-04-19,151.0,62.0,0.0,0.0,
2022-04-20,156.0,40.0,0.0,0.0,
2022-04-21,168.0,42.0,0.0,0.0,
2022-04-22,107.0,-37.0,0.0,0.0,
2022-04-23,74.0,-47.0,0.0,0.0,
2022-04-24,71.0,-54.0,0.0,0.0,
2022-04-25,95.0,-43.0,0.0,0.0,
2022-04-26,156.0,11.0,0.0,0.0,
2022-04-27,154.0,49.0,0.0,0.0,
2022-04-28,147.0,20.0,0.0,0.0,
2022-04-29,132.0,11.0,0.0,0.0,
2022-04-30,156.0,-18.0,0.0,0.0,
2022-05-01,151.0,38.0,0.0,0.0,
2022-05-02,152.0,-2.0,0.0,0.0,
2022-05-03,143.0,-18.0,0.0,0.0,
2022-05-04,80.0,-39.0,0.0,0.0,
2022-05-05,162.0,-11.0,0.0,0.0,
2022-05-06,195.0,69.0,0.0,0.0,
2022-05-07,195.0,76.0,0.0,0.0,
2022-05-08,154.0,67.0,0.0,0.0,
2022-05-09,144.0,45.0,0.0,0.0,
2022-05-10,177.0,45.0,0.0,0.0,
2022-05-11,183.0,39.0,0.0,0.0,
2022-05-12,141.0,-24.0,0.0,0.0,
2022-05-13,178.0,24.0,0.0,0.0,
2022-05-14,217.0,45.0,0.0,0.0,
2022-05-15,220.0,92.0,0.0,0.0,
2022-05-16,213.0,95.0,0.0,0.0,
2022-05-17,217.0,79.0,0.0,0.0,
2022-05-18,215.0,78.0,0.0,0.0,
2022-05-19,209.0,62.0,0.0,0.0,
2022-05-20,173.0,34.0,0.0,0.0,
2022-05-21,162.0,-4.0,0.0,0.0,
2022-05-22,176.0,51.0,0.0,0.0,
2022-05-23,138.0,29.0,0.0,0.0,
2022-05-24,134.0,0.0,0.0,0.0,
2022-05-25,175.0,24.0,0.0,0.0,
2022-05-26,231.0,78.0,0.0,0.0,
2022-05-27,231.0,90.0,0.0,0.0,
2022-05-28,205.0,102.0,0.0,0.0,
2022-05-29,167.0,34.0,0.0,0.0,
2022-05-30,141.0,13.0,0.0,0.0,
2022-05-31,172.0,1.0,0.0,0.0,
2022-06-01,208.0,44.0,0.0,0.0,
2022-06-02,230.0,68.0,0.0,0.0,
2022-06-03,218.0,78.0,0.0,0.0,
2022-06-04,211.0,76.0,0.0,0.0,
2022-06-05,225.0,100.0,0.0,0.0,
2022-06-06,240.0,74.0,0.0,0.0,
2022-06-07,250.0,79.0,0.0,0.0,
2022-06-08,272.0,101.0,0.0,0.0,
2022-06-09,261.0,99.0,0.0,0.0,
2022-06-10,283.0,109.0,0.0,0.0,
2022-06-11,278.0,132.0,0.0,0.0,
2022-06-12,258.0,142.0,0.0,0.0,
2022-06-13,235.0,130.0,0.0,0.0,
2022-06-14,231.0,107.0,0.0,0.0,
2022-06-15,247.0,79.0,0.0,0.0,
2022-06-16,287.0,124.0,0.0,0.0,
2022-06-17,257.0,128.0,0.0,0.0,
2022-06-18,197.0,89.0,102.0,0.0,
2022-06-19,191.0,87.0,0.0,0.0,
2022-06-20,212.0,85.0,0.0,0.0,
2022-06-21,225.0,102.0,0.0,0.0,
2022-06-22,159.0,90.0,51.0,0.0,
2022-06-23,234.0,89.0,0.0,0.0,
2022-06-24,233.0,111.0,0.0,0.0,
2022-06-25,214.0,96.0,25.0,0.0,
2022-06-26,165.0,88.0,152.0,0.0,
2022-06-27,192.0,71.0,0.0,0.0,
2022-06-28,227.0,100.0,0.0,0.0,
2022-06-29,226.0,122.0,0.0,0.0,
2022-06-30,237.0,110.0,25.0,0.0,
2022-07-01,224.0,91.0,127.0,0.0,
2022-07-02,227.0,92.0,51.0,0.0,
2022-07-03,212.0,118.0,25.0,0.0,
2022-07-04,229.0,112.0,76.0,0.0,
2022-07-05,196.0,117.0,0.0,0.0,
2022-07-06,227.0,96.0,0.0,0.0,
2022-07-07,247.0,91.0,0.0,0.0,
2022-07-08,260.0,123.0,0.0,0.0,
2022-07-09,279.0,137.0,0.0,0.0,
2022-07-10,259.0,129.0,0.0,0.0,
2022-07-11,258.0,118.0,102.0,0.0,
2022-07-12,250.0,118.0,102.0,0.0,
2022-07-13,237.0,112.0,0.0,0.0,
2022-07-14,250.0,139.0,0.0,0.0,
2022-07-15,243.0,114.0,152.0,0.0,
2022-07-16,254.0,132.0,0.0,0.0,
2022-07-17,268.0,141.0,0.0,0.0,
2022-07-18,276.0,136.0,0.0,0.0,
2022-07-19,288.0,158.0,0.0,0.0,
2022-07-20,289.0,167.0,0.0,0.0,
2022-07-21,287.0,156.0,0.0,0.0,
2022-07-22,297.0,175.0,0.0,0.0,
2022-07-23,267.0,143.0,25.0,0.0,
2022-07-24,231.0,127.0,25.0,0.0,
2022-07-25,199.0,112.0,51.0,0.0,
2022-07-26,215.0,102.0,254.0,0.0,
2022-07-27,200.0,95.0,25.0,0.0,
2022-07-28,180.0,110.0,254.0,0.0,
2022-07-29,168.0,111.0,127.0,0.0,
2022-07-30,209.0,108.0,203.0,0.0,
2022-07-31,197.0,110.0,25.0,0.0,
2022-08-01,235.0,116.0,0.0,0.0,
2022-08-02,248.0,127.0,0.0,0.0,
2022-08-03,250.0,131.0,0.0,0.0,
2022-08-04,230.0,117.0,152.0,0.0,
2022-08-05,226.0,104.0,0.0,0.0,
2022-08-06,228.0,114.0,25.0,0.0,
2022-08-07,218.0,119.0,25.0,0.0,
2022-08-08,228.0,110.0,51.0,0.0,
2022-08-09,235.0,110.0,102.0,0.0,
2022-08-10,230.0,112.0,0.0,0.0,
2022-08-11,221.0,109.0,25.0,0.0,
2022-08-12,224.0,106.0,0.0,0.0,
2022-08-13,229.0,114.0,127.0,0.0,
2022-08-14,215.0,105.0,25.0,0.0,
2022-08-15,191.0,105.0,127.0,0.0,
2022-08-16,211.0,90.0,0.0,0.0,
2022-08-17,191.0,100.0,0.0,0.0,
2022-08-18,211.0,101.0,25.0,0.0,
2022-08-19,156.0,95.0,25.0,0.0,
2022-08-20,158.0,90.0,0.0,0.0,
2022-08-21,202.0,80.0,0.0,0.0,
2022-08-22,222.0,92.0,0.0,0.0,
2022-08-23,215.0,89.0,0.0,0.0,
2022-08-24,203.0,112.0,25.0,0.0,
2022-08-25,190.0,105.0,0.0,0.0,
2022-08-26,198.0,104.0,0.0,0.0,
2022-08-27,213.0,87.0,0.0,0.0,
2022-08-28,221.0,87.0,0.0,0.0,
2022-08-29,233.0,105.0,0.0,0.0,
2022-08-30,235.0,120.0,0.0,0.0,
2022-08-31,240.0,104.0,0.0,0.0,
2022-09-01,238.0,115.0,0.0,0.0,
2022-09-02,254.0,121.0,0.0,0.0,
2022-09-03,244.0,111.0,0.0,0.0,
2022-09-04,233.0,89.0,0.0,0.0,
2022-09-05,267.0,109.0,0.0,0.0,
2022-09-06,261.0,153.0,0.0,0.0,
2022-09-07,257.0,118.0,0.0,0.0,
2022-09-08,247.0,118.0,0.0,0.0,
2022-09-09,217.0,115.0,0.0,0.0,
2022-09-10,208.0,102.0,25.0,0.0,
2022-09-11,202.0,86.0,0.0,0.0,
2022-09-12,195.0,74.0,0.0,0.0,
2022-09-13,180.0,82.0,0.0,0.0,
2022-09-14,140.0,62.0,25.0,0.0,
2022-09-15,185.0,51.0,0.0,0.0,
2022-09-16,188.0,97.0,0.0,0.0,
2022-09-17,199.0,88.0,0.0,0.0,
2022-09-18,206.0,94.0,0.0,0.0,
2022-09-19,216.0,81.0,0.0,0.0,
2022-09-20,203.0,100.0,0.0,0.0,
2022-09-21,150.0,92.0,254.0,0.0,
2022-09-22,158.0,85.0,76.0,0.0,
2022-09-23,180.0,67.0,0.0,0.0,
2022-09-24,183.0,52.0,0.0,0.0,
2022-09-25,185.0,70.0,0.0,0.0,
2022-09-26,183.0,97.0,0.0,0.0,
2022-09-27,177.0,76.0,0.0,0.0,
2022-09-28,176.0,75.0,0.0,0.0,
2022-09-29,182.0,79.0,0.0,0.0,
2022-09-30,179.0,54.0,0.0,0.0,
2022-10-01,163.0,50.0,0.0,0.0,
2022-10-02,158.0,59.0,152.0,0.0,
2022-10-03,126.0,52.0,51.0,0.0,
2022-10-04,117.0,44.0,0.0,0.0,
2022-10-05,124.0,34.0,102.0,0.0,
2022-10-06,97.0,41.0,0.0,0.0,
2022-10-07,122.0,39.0,0.0,0.0,
2022-10-08,122.0,35.0,0.0,0.0,
2022-10-09,124.0,24.0,0.0,0.0,
2022-10-10,123.0,21.0,0.0,0.0,
2022-10-11,147.0,18.0,0.0,0.0,
2022-10-12,165.0,27.0,0.0,0.0,
2022-10-13,173.0,22.0,0.0,0.0,
2022-10-14,166.0,33.0,0.0,0.0,
2022-10-15,164.0,37.0,0.0,0.0,
2022-10-16,100.0,8.0,102.0,0.0,
2022-10-17,62.0,14.0,0.0,0.0,
2022-10-18,119.0,16.0,0.0,0.0,
2022-10-19,141.0,30.0,0.0,0.0,
2022-10-20,154.0,24.0,0.0,0.0,
2022-10-21,122.0,47.0,0.0,0.0,
2022-10-22,130.0,34.0,0.0,0.0,
2022-10-23,52.0,-52.0,76.0,0.0,
2022-10-24,-13.0,-76.0,51.0,25.0,
2022-10-25,82.0,-56.0,0.0,0.0,
2022-10-26,74.0,-23.0,0.0,0.0,
2022-10-27,6.0,-72.0,0.0,0.0,
2022-10-28,84.0,-45.0,0.0,0.0,
2022-10-29,98.0,-35.0,0.0,0.0,
2022-10-30,96.0,-27.0,0.0,0.0,
2022-10-31,105.0,-26.0,0.0,0.0,
2022-11-01,99.0,-16.0,0.0,0.0,
2022-11-02,77.0,5.0,51.0,25.0,
2022-11-03,11.0,-81.0,279.0,127.0,
2022-11-04,-22.0,-87.0,25.0,127.0,
2022-11-05,50.0,-87.0,0.0,102.0,
2022-11-06,98.0,-20.0,0.0,51.0,
2022-11-07,111.0,28.0,0.0,51.0,
2022-11-08,106.0,22.0,0.0,51.0,
2022-11-09,64.0,-76.0,51.0,76.0,
2022-11-10,3.0,-140.0,0.0,76.0,
2022-11-11,26.0,-121.0,0.0,76.0,
2022-11-12,52.0,-87.0,0.0,76.0,
2022-11-13,37.0,-80.0,0.0,76.0,
2022-11-14,-3.0,-86.0,0.0,51.0,
2022-11-15,13.0,-136.0,0.0,51.0,
2022-11-16,-20.0,-139.0,0.0,51.0,
2022-11-17,45.0,-114.0,0.0,51.0,
2022-11-18,14.0,-71.0,0.0,51.0,
2022-11-19,29.0,-88.0,0.0,51.0,
2022-11-20,54.0,-93.0,0.0,51.0,
2022-11-21,89.0,-59.0,0.0,51.0,
2022-11-22,71.0,-61.0,0.0,51.0,
2022-11-23,47.0,-73.0,25.0,76.0,
2022-11-24,15.0,-76.0,0.0,76.0,
2022-11-25,76.0,-49.0,0.0,76.0,
2022-11-26,64.0,-37.0,25.0,76.0,
2022-11-27,28.0,-68.0,0.0,76.0,
2022-11-28,13.0,-38.0,0.0,76.0,
2022-11-29,-13.0,-60.0,25.0,102.0,
2022-11-30,61.0,-83.0,0.0,102.0,
2022-12-01,57.0,4.0,0.0,102.0,
2022-12-02,36.0,-24.0,0.0,76.0,
2022-12-03,62.0,11.0,25.0,102.0,
2022-12-04,45.0,18.0,0.0,102.0,
2022-12-05,29.0,-12.0,25.0,102.0,
2022-12-06,7.0,-21.0,0.0,76.0,
2022-12-07,20.0,-57.0,0.0,76.0,
2022-12-08,22.0,-103.0,0.0,76.0,
2022-12-09,26.0,-76.0,0.0,76.0,
2022-12-10,56.0,-84.0,51.0,102.0,
2022-12-11,64.0,-13.0,0.0,102.0,
2022-12-12,-13.0,-108.0,25.0,127.0,
2022-12-13,-76.0,-123.0,0.0,127.0,
2022-12-14,-44.0,-140.0,0.0,127.0,
2022-12-15,-47.0,-152.0,0.0,127.0,
2022-12-16,-48.0,-182.0,0.0,127.0,
2022-12-17,15.0,-143.0,0.0,127.0,
2022-12-18,22.0,-98.0,0.0,102.0,
2022-12-19,11.0,-83.0,0.0,102.0,
2022-12-20,37.0,-99.0,25.0,102.0,
2022-12-21,36.0,-78.0,0.0,102.0,
2022-12-22,26.0,-64.0,0.0,102.0,
2022-12-23,32.0,-67.0,0.0,102.0,
2022-12-24,58.0,-62.0,0.0,102.0,
2022-12-25,96.0,-44.0,0.0,102.0,
2022-12-26,110.0,-34.0,0.0,102.0,
2022-12-27,58.0,-21.0,51.0,152.0,
2022-12-28,-20.0,-84.0,483.0,406.0,
2022-12-29,-32.0,-99.0,76.0,457.0,
2022-12-30,-18.0,-44.0,102.0,533.0,
2022-12-31,-1.0,-21.0,0.0,457.0,
2023-01-01,2.0,-57.0,152.0,584.0,
2023-01-02,-41.0,-81.0,51.0,660.0,
2023-01-03,-52.0,-93.0,0.0,660.0,
2023-01-04,-1.0,-98.0,127.0,813.0,
2023-01-05,13.0,-82.0,0.0,762.0,
2023-01-06,-10.0,-112.0,0.0,711.0,
2023-01-07,45.0,-111.0,0.0,711.0,
2023-01-08,49.0,-78.0,0.0,686.0,
2023-01-09,54.0,-55.0,0.0,660.0,
2023-01-10,55.0,-36.0,25.0,686.0,
2023-01-11,-16.0,-134.0,51.0,711.0,
2023-01-12,61.0,-131.0,0.0,711.0,
2023-01-13,118.0,-62.0,0.0,686.0,
2023-01-14,49.0,-34.0,51.0,711.0,
2023-01-15,-31.0,-66.0,229.0,940.0,
2023-01-16,-26.0,-68.0,178.0,1016.0,
2023-01-17,-26.0,-90.0,178.0,1219.0,
2023-01-18,-40.0,-152.0,76.0,1245.0,
2023-01-19,14.0,-169.0,0.0,1194.0,
2023-01-20,-44.0,-104.0,0.0,1194.0,
2023-01-21,-18.0,-143.0,0.0,1168.0,
2023-01-22,-7.0,-133.0,0.0,1118.0,
2023-01-23,-58.0,-128.0,152.0,1245.0,
2023-01-24,-41.0,-150.0,0.0,1194.0,
2023-01-25,-53.0,-162.0,0.0,1168.0,
2023-01-26,-29.0,-149.0,0.0,1143.0,
2023-01-27,8.0,-158.0,0.0,1118.0,
2023-01-28,-11.0,-100.0,0.0,1092.0,
2023-01-29,7.0,-67.0,0.0,1092.0,
2023-01-30,-8.0,-73.0,0.0,1041.0,
2023-01-31,-22.0,-127.0,0.0,1041.0,
2023-02-01,22.0,-125.0,0.0,1041.0,
2023-02-02,52.0,-126.0,0.0,1041.0,
2023-02-03,95.0,-79.0,0.0,1016.0,
2023-02-04,76.0,-45.0,0.0,1016.0,
2023-02-05,72.0,-40.0,0.0,1016.0,
2023-02-06,-2.0,-93.0,0.0,1016.0,
2023-02-07,7.0,-134.0,0.0,1016.0,
2023-02-08,24.0,-125.0,0.0,991.0,
2023-02-09,-29.0,-150.0,0.0,991.0,
2023-02-10,69.0,-160.0,0.0,991.0,
2023-02-11,72.0,-43.0,0.0,991.0,
2023-02-12,72.0,-57.0,0.0,965.0,
2023-02-13,58.0,-59.0,203.0,1118.0,
2023-02-14,-49.0,-109.0,533.0,1448.0,
2023-02-15,-97.0,-161.0,127.0,1549.0,
2023-02-16,-16.0,-204.0,0.0,1473.0,
2023-02-17,33.0,-144.0,25.0,1448.0,
2023-02-18,38.0,-84.0,0.0,1397.0,
2023-02-19,36.0,-27.0,0.0,1346.0,
2023-02-20,56.0,-38.0,0.0,1321.0,
2023-02-21,47.0,-47.0,0.0,1321.0,
2023-02-22,-28.0,-128.0,0.0,1321.0,
2023-02-23,-70.0,-126.0,0.0,1321.0,
2023-02-24,28.0,-82.0,0.0,1270.0,
2023-02-25,79.0,-13.0,0.0,1270.0,
2023-02-26,10.0,-104.0,0.0,1270.0,
2023-02-27,7.0,-120.0,0.0,1270.0,
2023-02-28,-18.0,-86.0,0.0,1245.0,
2023-03-01,-21.0,-74.0,76.0,1270.0,
2023-03-02,11.0,-84.0,25.0,1321.0,
2023-03-03,35.0,-99.0,0.0,1295.0,
2023-03-04,57.0,-135.0,0.0,1270.0,
2023-03-05,35.0,-45.0,0.0,1245.0,
2023-03-06,71.0,-34.0,0.0,1245.0,
2023-03-07,59.0,-22.0,0.0,1219.0,
2023-03-08,70.0,-27.0,0.0,1219.0,
2023-03-09,61.0,-76.0,0.0,1194.0,
2023-03-10,57.0,3.0,0.0,1168.0,
2023-03-11,26.0,-24.0,279.0,1321.0,
2023-03-12,36.0,-35.0,51.0,1245.0,
2023-03-13,60.0,-66.0,51.0,1295.0,
2023-03-14,84.0,-83.0,25.0,1245.0,
2023-03-15,12.0,-15.0,229.0,1372.0,
2023-03-16,34.0,-106.0,152.0,1397.0,
2023-03-17,48.0,-118.0,25.0,1397.0,
2023-03-18,6.0,-132.0,0.0,1397.0,
2023-03-19,26.0,-108.0,51.0,1448.0,
2023-03-20,-18.0,-38.0,76.0,1448.0,
2023-03-21,5.0,-41.0,305.0,1651.0,
2023-03-22,5.0,-76.0,102.0,1651.0,
2023-03-23,14.0,-131.0,0.0,1626.0,
2023-03-24,-3.0,-87.0,51.0,1702.0,
2023-03-25,-16.0,-120.0,25.0,1676.0,
2023-03-26,-12.0,-135.0,0.0,1651.0,
2023-03-27,-9.0,-121.0,25.0,1626.0,
2023-03-28,78.0,-120.0,0.0,1600.0,
2023-03-29,97.0,7.0,0.0,1549.0,
2023-03-30,18.0,-80.0,76.0,1676.0,
2023-03-31,16.0,-91.0,25.0,1676.0,
2023-04-01,94.0,-78.0,25.0,1626.0,
2023-04-02,96.0,-2.0,0.0,1575.0,
2023-04-03,82.0,-83.0,0.0,1575.0,
2023-04-04,-58.0,-135.0,51.0,1600.0,
2023-04-05,-14.0,-179.0,25.0,1600.0,
2023-04-06,48.0,-125.0,0.0,1524.0,
2023-04-07,118.0,-43.0,0.0,1473.0,
2023-04-08,104.0,-13.0,0.0,1422.0,
2023-04-09,119.0,-7.0,0.0,1321.0,
2023-04-10,165.0,3.0,0.0,1270.0,
2023-04-11,188.0,41.0,0.0,1168.0,
2023-04-12,166.0,59.0,0.0,1092.0,
2023-04-13,98.0,17.0,0.0,1067.0,
2023-04-14,55.0,-40.0,0.0,1041.0,
2023-04-15,84.0,-67.0,0.0,1016.0,
2023-04-16,117.0,-34.0,0.0,965.0,
2023-04-17,136.0,-2.0,0.0,889.0,
2023-04-18,116.0,28.0,0.0,813.0,
2023-04-19,68.0,-42.0,0.0,762.0,
2023-04-20,50.0,-80.0,0.0,686.0,
2023-04-21,94.0,-57.0,0.0,635.0,
2023-04-22,78.0,-18.0,0.0,584.0,
2023-04-23,109.0,-36.0,0.0,508.0,
2023-04-24,106.0,-13.0,0.0,432.0,
2023-04-25,90.0,-26.0,0.0,381.0,
2023-04-26,108.0,-34.0,0.0,305.0,
2023-04-27,131.0,0.0,0.0,152.0,
2023-04-28,119.0,10.0,0.0,76.0,
2023-04-29,176.0,45.0,0.0,0.0,
2023-04-30,191.0,46.0,0.0,0.0,
2023-05-01,179.0,54.0,0.0,0.0,
2023-05-02,147.0,36.0,0.0,0.0,
2023-05-03,173.0,24.0,0.0,0.0,
2023-05-04,122.0,28.0,0.0,0.0,
2023-05-05,106.0,12.0,0.0,0.0,
2023-05-06,130.0,-11.0,0.0,0.0,
2023-05-07,141.0,14.0,0.0,0.0,
2023-05-08,162.0,2.0,0.0,0.0,
2023-05-09,167.0,24.0,0.0,0.0,
2023-05-10,104.0,3.0,0.0,0.0,
2023-05-11,138.0,3.0,0.0,0.0,
2023-05-12,144.0,14.0,0.0,0.0,
2023-05-13,143.0,40.0,0.0,0.0,
2023-05-14,138.0,36.0,25.0,0.0,
2023-05-15,153.0,56.0,51.0,0.0,
2023-05-16,175.0,55.0,0.0,0.0,
2023-05-17,158.0,51.0,25.0,0.0,
2023-05-18,136.0,55.0,51.0,0.0,
2023-05-19,142.0,50.0,51.0,0.0,
2023-05-20,128.0,32.0,76.0,0.0,
2023-05-21,149.0,36.0,25.0,0.0,
2023-05-22,150.0,30.0,0.0,0.0,
2023-05-23,177.0,46.0,0.0,0.0,
2023-05-24,188.0,48.0,0.0,0.0,
2023-05-25,192.0,86.0,0.0,0.0,
2023-05-26,183.0,78.0,0.0,0.0,
2023-05-27,161.0,56.0,0.0,0.0,
2023-05-28,190.0,32.0,0.0,0.0,
2023-05-29,197.0,52.0,0.0,0.0,
2023-05-30,194.0,76.0,0.0,0.0,
2023-05-31,180.0,65.0,0.0,0.0,
2023-06-01,142.0,32.0,0.0,0.0,
2023-06-02,152.0,35.0,0.0,0.0,
2023-06-03,178.0,41.0,0.0,0.0,
2023-06-04,185.0,70.0,0.0,0.0,
2023-06-05,186.0,84.0,0.0,0.0,
2023-06-06,187.0,65.0,25.0,0.0,
2023-06-07,180.0,67.0,0.0,0.0,
2023-06-08,183.0,57.0,0.0,0.0,
2023-06-09,180.0,64.0,0.0,0.0,
2023-06-10,203.0,46.0,0.0,0.0,
2023-06-11,192.0,61.0,0.0,0.0,
2023-06-12,149.0,52.0,0.0,0.0,
2023-06-13,155.0,32.0,0.0,0.0,
2023-06-14,198.0,51.0,0.0,0.0,
2023-06-15,196.0,57.0,0.0,0.0,
2023-06-16,187.0,44.0,0.0,0.0,
2023-06-17,182.0,38.0,0.0,0.0,
2023-06-18,213.0,59.0,0.0,0.0,
2023-06-19,212.0,111.0,0.0,0.0,
2023-06-20,217.0,106.0,0.0,0.0,
2023-06-21,231.0,76.0,0.0,0.0,
2023-06-22,227.0,90.0,0.0,0.0,
2023-06-23,206.0,107.0,0.0,0.0,
2023-06-24,234.0,52.0,0.0,0.0,
2023-06-25,247.0,114.0,0.0,0.0,
2023-06-26,251.0,139.0,0.0,0.0,
2023-06-27,244.0,142.0,0.0,0.0,
2023-06-28,235.0,126.0,0.0,0.0,
2023-06-29,227.0,90.0,0.0,0.0,
2023-06-30,228.0,86.0,0.0,0.0,
2023-07-01,246.0,116.0,0.0,0.0,
2023-07-02,265.0,116.0,0.0,0.0,
2023-07-03,267.0,131.0,0.0,0.0,
2023-07-04,276.0,122.0,0.0,0.0,
2023-07-05,254.0,136.0,0.0,0.0,
2023-07-06,255.0,137.0,0.0,0.0,
2023-07-07,259.0,150.0,0.0,0.0,
2023-07-08,268.0,140.0,0.0,0.0,
2023-07-09,270.0,140.0,0.0,0.0,
2023-07-10,270.0,141.0,0.0,0.0,
2023-07-11,274.0,136.0,0.0,0.0,
2023-07-12,275.0,133.0,0.0,0.0,
2023-07-13,282.0,131.0,0.0,0.0,
2023-07-14,292.0,162.0,0.0,0.0,
2023-07-15,284.0,152.0,0.0,0.0,
2023-07-16,292.0,156.0,0.0,0.0,
2023-07-17,312.0,172.0,0.0,0.0,
2023-07-18,,,0.0,0.0,
2023-07-19,286.0,166.0,0.0,0.0,
2023-07-20,290.0,171.0,0.0,0.0,
2023-07-21,291.0,167.0,0.0,0.0,
2023-07-22,276.0,117.0,0.0,0.0,
2023-07-23,283.0,128.0,0.0,0.0,
2023-07-24,294.0,143.0,0.0,0.0,
2023-07-25,297.0,158.0,0.0,0.0,
2023-07-26,290.0,146.0,0.0,0.0,
2023-07-27,256.0,150.0,25.0,0.0,
2023-07-28,288.0,130.0,0.0,0.0,
2023-07-29,271.0,131.0,127.0,0.0,
2023-07-30,250.0,112.0,51.0,0.0,
2023-07-31,236.0,106.0,25.0,0.0,
2023-08-01,217.0,110.0,0.0,0.0,
2023-08-02,245.0,99.0,0.0,0.0,
2023-08-03,240.0,96.0,0.0,0.0,
2023-08-04,251.0,115.0,0.0,0.0,
2023-08-05,272.0,110.0,0.0,0.0,
2023-08-06,266.0,143.0,0.0,0.0,
2023-08-07,260.0,137.0,0.0,0.0,
2023-08-08,220.0,118.0,25.0,0.0,
2023-08-09,242.0,64.0,0.0,0.0,
2023-08-10,221.0,94.0,0.0,0.0,
2023-08-11,214.0,94.0,76.0,0.0,
2023-08-12,209.0,96.0,0.0,0.0,
2023-08-13,219.0,120.0,0.0,0.0,
2023-08-14,187.0,99.0,457.0,0.0,
2023-08-15,227.0,99.0,25.0,0.0,
2023-08-16,234.0,107.0,0.0,0.0,
2023-08-17,228.0,111.0,0.0,0.0,
2023-08-18,240.0,126.0,0.0,0.0,
2023-08-19,240.0,100.0,0.0,0.0,
2023-08-20,244.0,138.0,0.0,0.0,
2023-08-21,240.0,140.0,0.0,0.0,
2023-08-22,219.0,129.0,25.0,0.0,
2023-08-23,209.0,92.0,25.0,0.0,
2023-08-24,161.0,97.0,102.0,0.0,
2023-08-25,209.0,101.0,0.0,0.0,
2023-08-26,222.0,97.0,102.0,0.0,
2023-08-27,231.0,102.0,0.0,0.0,
2023-08-28,240.0,122.0,0.0,0.0,
2023-08-29,237.0,108.0,0.0,0.0,
2023-08-30,258.0,127.0,0.0,0.0,
2023-08-31,255.0,127.0,0.0,0.0,
2023-09-01,242.0,116.0,0.0,0.0,
2023-09-02,201.0,97.0,25.0,0.0,
2023-09-03,213.0,88.0,0.0,0.0,
2023-09-04,184.0,86.0,0.0,0.0,
2023-09-05,218.0,85.0,0.0,0.0,
2023-09-06,240.0,81.0,0.0,0.0,
2023-09-07,238.0,114.0,0.0,0.0,
2023-09-08,244.0,114.0,0.0,0.0,
2023-09-09,218.0,106.0,0.0,0.0,
2023-09-10,229.0,104.0,0.0,0.0,
2023-09-11,195.0,68.0,51.0,0.0,
2023-09-12,159.0,64.0,254.0,0.0,
2023-09-13,161.0,67.0,0.0,0.0,
2023-09-14,150.0,50.0,203.0,0.0,
2023-09-15,155.0,39.0,0.0,0.0,
2023-09-16,149.0,44.0,0.0,0.0,
2023-09-17,190.0,75.0,0.0,0.0,
2023-09-18,179.0,80.0,25.0,0.0,
2023-09-19,186.0,47.0,0.0,0.0,
2023-09-20,177.0,41.0,0.0,0.0,
2023-09-21,172.0,74.0,0.0,0.0,
2023-09-22,187.0,77.0,0.0,0.0,
2023-09-23,106.0,41.0,25.0,0.0,
2023-09-24,155.0,45.0,0.0,0.0,
2023-09-25,179.0,50.0,0.0,0.0,
2023-09-26,202.0,72.0,0.0,0.0,
2023-09-27,209.0,58.0,0.0,0.0,
2023-09-28,190.0,100.0,,0.0,
2023-09-29,202.0,75.0,0.0,0.0,
2023-09-30,200.0,96.0,0.0,0.0,
2023-10-01,168.0,52.0,0.0,0.0,
2023-10-02,109.0,-3.0,25.0,0.0,
2023-10-03,120.0,-11.0,0.0,0.0,
2023-10-04,127.0,-4.0,0.0,0.0,
2023-10-05,154.0,13.0,0.0,0.0,
2023-10-06,162.0,39.0,0.0,0.0,
2023-10-07,176.0,44.0,0.0,0.0,
2023-10-08,165.0,44.0,0.0,0.0,
2023-10-09,167.0,40.0,0.0,0.0,
2023-10-10,161.0,34.0,25.0,0.0,
2023-10-11,149.0,28.0,0.0,0.0,
2023-10-12,77.0,-28.0,0.0,0.0,
2023-10-13,96.0,-53.0,0.0,0.0,
2023-10-14,140.0,6.0,0.0,0.0,
2023-10-15,155.0,29.0,0.0,0.0,
2023-10-16,191.0,41.0,0.0,0.0,
2023-10-17,192.0,36.0,0.0,0.0,
2023-10-18,194.0,56.0,0.0,0.0,
2023-10-19,197.0,58.0,0.0,0.0,
2023-10-20,205.0,48.0,0.0,0.0,
2023-10-21,194.0,66.0,0.0,0.0,
2023-10-22,178.0,57.0,0.0,0.0,
2023-10-23,158.0,49.0,0.0,0.0,
2023-10-24,115.0,8.0,0.0,0.0,
2023-10-25,124.0,-6.0,0.0,0.0,
2023-10-26,107.0,11.0,0.0,0.0,
2023-10-27,117.0,12.0,0.0,0.0,
2023-10-28,104.0,5.0,0.0,0.0,
2023-10-29,57.0,-86.0,0.0,0.0,
2023-10-30,50.0,-100.0,0.0,0.0,
2023-10-31,66.0,-45.0,0.0,0.0,
2023-11-01,121.0,-34.0,0.0,0.0,
2023-11-02,136.0,-8.0,0.0,0.0,
2023-11-03,154.0,-7.0,0.0,0.0,
2023-11-04,159.0,18.0,0.0,0.0,
2023-11-05,150.0,15.0,0.0,0.0,
2023-11-06,150.0,61.0,0.0,0.0,
2023-11-07,132.0,38.0,0.0,0.0,
2023-11-08,67.0,-36.0,0.0,0.0,
2023-11-09,37.0,-62.0,0.0,0.0,
2023-11-10,39.0,-43.0,0.0,0.0,
2023-11-11,62.0,-50.0,0.0,0.0,
2023-11-12,105.0,-35.0,0.0,0.0,
2023-11-13,117.0,-7.0,0.0,0.0,
2023-11-14,115.0,-23.0,0.0,0.0,
2023-11-15,124.0,-4.0,25.0,25.0,
2023-11-16,123.0,11.0,0.0,25.0,
2023-11-17,116.0,-2.0,0.0,25.0,
2023-11-18,49.0,-7.0,0.0,25.0,
2023-11-19,6.0,-29.0,178.0,51.0,
2023-11-20,30.0,-58.0,0.0,51.0,
2023-11-21,59.0,-68.0,0.0,51.0,
2023-11-22,105.0,-52.0,0.0,25.0,
2023-11-23,58.0,-44.0,25.0,51.0,
2023-11-24,-12.0,-60.0,178.0,152.0,
2023-11-25,-10.0,-110.0,0.0,127.0,
2023-11-26,2.0,-137.0,0.0,102.0,
2023-11-27,32.0,-126.0,0.0,127.0,
2023-11-28,71.0,-91.0,0.0,102.0,
2023-11-29,54.0,-40.0,0.0,76.0,
2023-11-30,3.0,-49.0,203.0,229.0,
2023-12-01,-48.0,-93.0,127.0,279.0,
2023-12-02,-24.0,-107.0,0.0,279.0,
2023-12-03,17.0,-71.0,0.0,254.0,
2023-12-04,85.0,-55.0,0.0,254.0,
2023-12-05,118.0,-23.0,0.0,203.0,
2023-12-06,99.0,-23.0,0.0,203.0,
2023-12-07,59.0,-16.0,0.0,178.0,
2023-12-08,-4.0,-119.0,0.0,178.0,
2023-12-09,-27.0,-173.0,0.0,178.0,
2023-12-10,46.0,-142.0,0.0,178.0,
2023-12-11,84.0,-44.0,25.0,178.0,
2023-12-12,67.0,3.0,0.0,203.0,
2023-12-13,26.0,-54.0,76.0,203.0,
2023-12-14,30.0,-74.0,0.0,229.0,
2023-12-15,65.0,-60.0,0.0,229.0,
2023-12-16,119.0,-42.0,0.0,229.0,
2023-12-17,117.0,-18.0,0.0,229.0,
2023-12-18,112.0,-15.0,0.0,203.0,
2023-12-19,69.0,-3.0,25.0,203.0,
2023-12-20,38.0,-31.0,0.0,178.0,
2023-12-21,67.0,-41.0,0.0,178.0,
2023-12-22,47.0,-37.0,51.0,229.0,
2023-12-23,12.0,-50.0,76.0,279.0,
2023-12-24,-6.0,-145.0,0.0,305.0,
2023-12-25,-18.0,-146.0,0.0,305.0,
2023-12-26,-3.0,-136.0,0.0,279.0,
2023-12-27,45.0,-116.0,0.0,305.0,
2023-12-28,56.0,-83.0,0.0,279.0,
2023-12-29,59.0,-60.0,0.0,279.0,
2023-12-30,84.0,-59.0,25.0,305.0,
2023-12-31,39.0,-81.0,0.0,279.0,
2024-01-01,21.0,-89.0,0.0,279.0,
2024-01-02,28.0,-85.0,0.0,305.0,
2024-01-03,35.0,-85.0,25.0,254.0,
2024-01-04,-45.0,-80.0,102.0,406.0,
2024-01-05,-53.0,-125.0,0.0,381.0,
2024-01-06,-34.0,-140.0,0.0,381.0,
2024-01-07,-76.0,-117.0,229.0,610.0,
2024-01-08,-45.0,-176.0,0.0,610.0,
2024-01-09,-23.0,-173.0,0.0,559.0,
2024-01-10,-24.0,-98.0,25.0,508.0,
2024-01-11,-78.0,-164.0,127.0,635.0,
2024-01-12,-67.0,-174.0,51.0,737.0,
2024-01-13,-11.0,-96.0,102.0,686.0,
2024-01-14,11.0,-70.0,51.0,711.0,
2024-01-15,2.0,-76.0,25.0,711.0,
2024-01-16,26.0,-96.0,0.0,711.0,
2024-01-17,6.0,-43.0,25.0,686.0,
2024-01-18,45.0,-54.0,0.0,711.0,
2024-01-19,89.0,-64.0,0.0,686.0,
2024-01-20,62.0,-27.0,25.0,686.0,
2024-01-21,-6.0,-32.0,25.0,686.0,
2024-01-22,38.0,-64.0,25.0,660.0,
2024-01-23,0.0,-61.0,76.0,686.0,
2024-01-24,13.0,-48.0,51.0,711.0,
2024-01-25,-25.0,-45.0,102.0,762.0,
2024-01-26,16.0,-103.0,0.0,787.0,
2024-01-27,55.0,-102.0,25.0,762.0,
2024-01-28,111.0,-67.0,0.0,737.0,
2024-01-29,95.0,-35.0,0.0,711.0,
2024-01-30,86.0,-43.0,0.0,711.0,
2024-01-31,89.0,-35.0,0.0,686.0,
2024-02-01,68.0,-9.0,51.0,635.0,
2024-02-02,-8.0,-62.0,102.0,864.0,
2024-02-03,-38.0,-95.0,25.0,889.0,
2024-02-04,5.0,-99.0,0.0,864.0,
2024-02-05,75.0,-76.0,25.0,864.0,
2024-02-06,77.0,-24.0,51.0,864.0,
2024-02-07,-24.0,-76.0,127.0,991.0,
2024-02-08,-34.0,-104.0,102.0,1118.0,
2024-02-09,-18.0,-121.0,0.0,1118.0,
2024-02-10,-47.0,-134.0,25.0,1118.0,
2024-02-11,2.0,-140.0,0.0,1092.0,
2024-02-12,58.0,-147.0,0.0,1067.0,
2024-02-13,64.0,-76.0,25.0,1041.0,
2024-02-14,32.0,-66.0,0.0,1041.0,
2024-02-15,48.0,-47.0,0.0,1016.0,
2024-02-16,37.0,-70.0,0.0,991.0,
2024-02-17,36.0,-83.0,0.0,991.0,
2024-02-18,59.0,-48.0,0.0,965.0,
2024-02-19,86.0,-65.0,0.0,940.0,
2024-02-20,86.0,-6.0,0.0,914.0,
2024-02-21,52.0,-30.0,0.0,889.0,
2024-02-22,42.0,-65.0,0.0,889.0,
2024-02-23,59.0,-95.0,0.0,864.0,
2024-02-24,75.0,-82.0,0.0,864.0,
2024-02-25,79.0,-4.0,25.0,813.0,
2024-02-26,60.0,-26.0,102.0,813.0,
2024-02-27,26.0,-59.0,25.0,864.0,
2024-02-28,58.0,-108.0,25.0,864.0,
2024-02-29,66.0,-68.0,0.0,813.0,
2024-03-01,64.0,-41.0,0.0,787.0,
2024-03-02,61.0,-35.0,0.0,787.0,
2024-03-03,57.0,-42.0,0.0,762.0,
2024-03-04,48.0,-52.0,0.0,711.0,
2024-03-05,72.0,-64.0,0.0,686.0,
2024-03-06,48.0,-47.0,0.0,686.0,
2024-03-07,-1.0,-57.0,25.0,686.0,
2024-03-08,30.0,-88.0,0.0,686.0,
2024-03-09,35.0,-94.0,0.0,660.0,
2024-03-10,84.0,-72.0,25.0,635.0,
2024-03-11,76.0,-14.0,0.0,610.0,
2024-03-12,70.0,-28.0,25.0,559.0,
2024-03-13,5.0,-63.0,127.0,610.0,
2024-03-14,13.0,-96.0,76.0,610.0,
2024-03-15,-2.0,-38.0,127.0,762.0,
2024-03-16,32.0,-76.0,229.0,737.0,
2024-03-17,23.0,-56.0,203.0,965.0,
2024-03-18,36.0,-41.0,0.0,914.0,
2024-03-19,67.0,-49.0,0.0,864.0,
2024-03-20,87.0,-48.0,0.0,813.0,
2024-03-21,101.0,-54.0,0.0,762.0,
2024-03-22,112.0,-37.0,25.0,737.0,
2024-03-23,62.0,-20.0,0.0,686.0,
2024-03-24,-20.0,-69.0,229.0,864.0,
2024-03-25,-16.0,-79.0,25.0,864.0,
2024-03-26,-15.0,-82.0,76.0,914.0,
2024-03-27,36.0,-107.0,51.0,889.0,
2024-03-28,79.0,-30.0,0.0,813.0,
2024-03-29,78.0,-16.0,0.0,762.0,
2024-03-30,98.0,-9.0,0.0,711.0,
2024-03-31,13.0,-54.0,51.0,762.0,
2024-04-01,11.0,-87.0,0.0,737.0,
2024-04-02,85.0,-76.0,0.0,711.0,
2024-04-03,137.0,-29.0,0.0,686.0,
2024-04-04,138.0,8.0,25.0,610.0,
2024-04-05,84.0,-76.0,25.0,610.0,
2024-04-06,-18.0,-89.0,51.0,660.0,
2024-04-07,47.0,-90.0,0.0,610.0,
2024-04-08,42.0,-44.0,0.0,610.0,
2024-04-09,87.0,-34.0,0.0,584.0,
2024-04-10,99.0,-45.0,0.0,508.0,
2024-04-11,139.0,-15.0,25.0,483.0,
2024-04-12,159.0,17.0,0.0,432.0,
2024-04-13,141.0,27.0,0.0,356.0,
2024-04-14,140.0,20.0,0.0,305.0,
2024-04-15,35.0,-34.0,0.0,254.0,
2024-04-16,96.0,-40.0,0.0,152.0,
2024-04-17,136.0,4.0,0.0,51.0,
2024-04-18,139.0,16.0,0.0,0.0,
2024-04-19,146.0,28.0,0.0,0.0,
2024-04-20,141.0,8.0,0.0,0.0,
2024-04-21,146.0,22.0,0.0,0.0,
2024-04-22,158.0,28.0,0.0,0.0,
2024-04-23,164.0,57.0,0.0,0.0,
2024-04-24,159.0,44.0,0.0,0.0,
2024-04-25,96.0,-4.0,0.0,0.0,
2024-04-26,70.0,-35.0,102.0,51.0,
2024-04-27,24.0,-36.0,102.0,51.0,
2024-04-28,74.0,-18.0,0.0,0.0,
2024-04-29,126.0,-10.0,0.0,0.0,
2024-04-30,150.0,24.0,0.0,0.0,
2024-05-01,134.0,16.0,0.0,0.0,
2024-05-02,126.0,-14.0,0.0,0.0,
2024-05-03,142.0,1.0,0.0,0.0,
2024-05-04,149.0,8.0,0.0,0.0,
2024-05-05,128.0,-42.0,0.0,0.0,
2024-05-06,76.0,-56.0,0.0,0.0,
2024-05-07,128.0,4.0,0.0,0.0,
2024-05-08,87.0,-43.0,0.0,0.0,
2024-05-09,108.0,-14.0,0.0,0.0,
2024-05-10,141.0,2.0,0.0,0.0,
2024-05-11,99.0,7.0,0.0,0.0,
2024-05-12,144.0,-8.0,0.0,0.0,
2024-05-13,171.0,50.0,0.0,0.0,
2024-05-14,170.0,47.0,0.0,0.0,
2024-05-15,124.0,30.0,0.0,0.0,
2024-05-16,,,0.0,0.0,
2024-05-17,,,0.0,0.0,
2024-05-18,,,0.0,0.0,
2024-05-19,,,0.0,0.0,
2024-05-20,,,0.0,0.0,
2024-05-21,,,0.0,0.0,
2024-05-22,67.0,67.0,0.0,0.0,
2024-05-23,157.0,25.0,0.0,0.0,
2024-05-24,162.0,1.0,0.0,0.0,
2024-05-25,140.0,4.0,0.0,0.0,
2024-05-26,164.0,-21.0,0.0,0.0,
2024-05-27,206.0,51.0,0.0,0.0,
2024-05-28,,,0.0,0.0,
2024-05-29,198.0,49.0,0.0,0.0,
2024-05-30,204.0,39.0,0.0,0.0,
2024-05-31,219.0,69.0,0.0,0.0,
2024-06-01,216.0,55.0,0.0,0.0,
2024-06-02,196.0,79.0,0.0,0.0,
2024-06-03,210.0,64.0,0.0,0.0,
2024-06-04,214.0,75.0,0.0,0.0,
2024-06-05,250.0,62.0,0.0,0.0,
2024-06-06,268.0,111.0,0.0,0.0,
2024-06-07,260.0,130.0,0.0,0.0,
2024-06-08,246.0,120.0,0.0,0.0,
2024-06-09,228.0,101.0,0.0,0.0,
2024-06-10,194.0,90.0,0.0,0.0,
2024-06-11,243.0,61.0,0.0,0.0,
2024-06-12,271.0,78.0,0.0,0.0,
2024-06-13,261.0,100.0,0.0,0.0,
2024-06-14,178.0,67.0,51.0,0.0,
2024-06-15,244.0,60.0,0.0,0.0,
2024-06-16,241.0,80.0,0.0,0.0,
2024-06-17,222.0,101.0,0.0,0.0,
2024-06-18,213.0,78.0,0.0,0.0,
2024-06-19,242.0,64.0,0.0,0.0,
2024-06-20,235.0,80.0,76.0,0.0,
2024-06-21,235.0,81.0,76.0,0.0,
2024-06-22,204.0,80.0,102.0,0.0,
2024-06-23,218.0,98.0,0.0,0.0,
2024-06-24,240.0,110.0,0.0,0.0,
2024-06-25,252.0,109.0,0.0,0.0,
2024-06-26,236.0,113.0,25.0,0.0,
2024-06-27,216.0,81.0,102.0,0.0,
2024-06-28,228.0,92.0,0.0,0.0,
2024-06-29,225.0,113.0,25.0,0.0,
2024-06-30,237.0,100.0,76.0,0.0,
2024-07-01,203.0,91.0,0.0,0.0,
2024-07-02,237.0,108.0,25.0,0.0,
2024-07-03,247.0,105.0,0.0,0.0,
2024-07-04,242.0,102.0,0.0,0.0,
2024-07-05,243.0,94.0,0.0,0.0,
2024-07-06,246.0,96.0,0.0,0.0,
2024-07-07,263.0,104.0,0.0,0.0,
2024-07-08,240.0,75.0,0.0,0.0,
2024-07-09,263.0,97.0,0.0,0.0,
2024-07-10,260.0,111.0,0.0,0.0,
2024-07-11,263.0,111.0,0.0,0.0,
2024-07-12,272.0,118.0,0.0,0.0,
2024-07-13,266.0,102.0,0.0,0.0,
2024-07-14,273.0,121.0,0.0,0.0,
2024-07-15,252.0,126.0,0.0,0.0,
2024-07-16,246.0,106.0,0.0,0.0,
2024-07-17,243.0,114.0,76.0,0.0,
2024-07-18,227.0,105.0,25.0,0.0,
2024-07-19,253.0,104.0,0.0,0.0,
2024-07-20,243.0,96.0,25.0,0.0,
2024-07-21,221.0,72.0,25.0,0.0,
2024-07-22,220.0,62.0,0.0,0.0,
2024-07-23,248.0,86.0,0.0,0.0,
2024-07-24,258.0,109.0,0.0,0.0,
2024-07-25,252.0,96.0,0.0,0.0,
2024-07-26,255.0,89.0,0.0,0.0,
2024-07-27,249.0,117.0,0.0,0.0,
2024-07-28,249.0,111.0,0.0,0.0,
2024-07-29,246.0,121.0,0.0,0.0,
2024-07-30,256.0,86.0,0.0,0.0,
2024-07-31,267.0,112.0,0.0,0.0,
2024-08-01,265.0,113.0,0.0,0.0,
2024-08-02,246.0,110.0,51.0,0.0,
2024-08-03,238.0,111.0,0.0,0.0,
2024-08-04,244.0,108.0,0.0,0.0,
2024-08-05,251.0,133.0,0.0,0.0,
2024-08-06,254.0,115.0,0.0,0.0,
2024-08-07,245.0,87.0,102.0,0.0,
2024-08-08,235.0,87.0,76.0,0.0,
2024-08-09,198.0,86.0,51.0,0.0,
2024-08-10,214.0,93.0,25.0,0.0,
2024-08-11,210.0,97.0,0.0,0.0,
2024-08-12,213.0,76.0,0.0,0.0,
2024-08-13,182.0,72.0,152.0,0.0,
2024-08-14,211.0,63.0,25.0,0.0,
2024-08-15,236.0,87.0,0.0,0.0,
2024-08-16,251.0,121.0,0.0,0.0,
2024-08-17,250.0,109.0,0.0,0.0,
2024-08-18,205.0,95.0,178.0,0.0,
2024-08-19,226.0,106.0,25.0,0.0,
2024-08-20,236.0,119.0,0.0,0.0,
2024-08-21,243.0,76.0,0.0,0.0,
2024-08-22,184.0,67.0,127.0,0.0,
2024-08-23,208.0,67.0,76.0,0.0,
2024-08-24,172.0,74.0,25.0,0.0,
2024-08-25,202.0,71.0,0.0,0.0,
2024-08-26,214.0,69.0,0.0,0.0,
2024-08-27,200.0,82.0,0.0,0.0,
2024-08-28,194.0,68.0,25.0,0.0,
2024-08-29,206.0,84.0,0.0,0.0,
2024-08-30,218.0,79.0,0.0,0.0,
2024-08-31,212.0,62.0,0.0,0.0,
2024-09-01,204.0,81.0,0.0,0.0,
2024-09-02,196.0,56.0,0.0,0.0,
2024-09-03,218.0,58.0,0.0,0.0,
2024-09-04,242.0,102.0,0.0,0.0,
2024-09-05,220.0,87.0,0.0,0.0,
2024-09-06,199.0,54.0,0.0,0.0,
2024-09-07,217.0,84.0,0.0,0.0,
2024-09-08,203.0,66.0,0.0,0.0,
2024-09-09,206.0,52.0,0.0,0.0,
2024-09-10,208.0,86.0,0.0,0.0,
2024-09-11,213.0,86.0,0.0,0.0,
2024-09-12,210.0,95.0,0.0,0.0,
2024-09-13,210.0,86.0,0.0,0.0,
2024-09-14,225.0,72.0,0.0,0.0,
2024-09-15,205.0,75.0,0.0,0.0,
2024-09-16,179.0,68.0,25.0,0.0,
2024-09-17,154.0,45.0,25.0,0.0,
2024-09-18,175.0,28.0,0.0,0.0,
2024-09-19,193.0,50.0,0.0,0.0,
2024-09-20,200.0,51.0,0.0,0.0,
2024-09-21,120.0,1.0,0.0,0.0,
2024-09-22,136.0,-8.0,0.0,0.0,
2024-09-23,168.0,26.0,0.0,0.0,
2024-09-24,198.0,47.0,0.0,0.0,
2024-09-25,228.0,68.0,0.0,0.0,
2024-09-26,228.0,69.0,0.0,0.0,
2024-09-27,230.0,91.0,0.0,0.0,
2024-09-28,223.0,75.0,0.0,0.0,
2024-09-29,237.0,107.0,0.0,0.0,
2024-09-30,220.0,96.0,0.0,0.0,
2024-10-01,224.0,90.0,0.0,0.0,
2024-10-02,224.0,50.0,0.0,0.0,
2024-10-03,213.0,78.0,0.0,0.0,
2024-10-04,222.0,71.0,0.0,0.0,
2024-10-05,213.0,60.0,0.0,0.0,
2024-10-06,204.0,58.0,0.0,0.0,
2024-10-07,202.0,60.0,0.0,0.0,
2024-10-08,183.0,66.0,0.0,0.0,
2024-10-09,195.0,55.0,0.0,0.0,
2024-10-10,190.0,62.0,0.0,0.0,
2024-10-11,198.0,69.0,0.0,0.0,
2024-10-12,202.0,55.0,0.0,0.0,
2024-10-13,204.0,68.0,0.0,0.0,
2024-10-14,192.0,52.0,0.0,0.0,
2024-10-15,158.0,55.0,0.0,0.0,
2024-10-16,150.0,38.0,0.0,0.0,
2024-10-17,130.0,28.0,0.0,0.0,
2024-10-18,99.0,-66.0,229.0,76.0,
2024-10-19,13.0,-79.0,279.0,127.0,
2024-10-20,21.0,-44.0,0.0,102.0,
2024-10-21,94.0,-50.0,25.0,76.0,
2024-10-22,145.0,-18.0,0.0,51.0,
2024-10-23,165.0,12.0,0.0,0.0,
2024-10-24,155.0,20.0,0.0,0.0,
2024-10-25,176.0,5.0,0.0,0.0,
2024-10-26,179.0,35.0,0.0,0.0,
2024-10-27,175.0,62.0,0.0,0.0,
2024-10-28,135.0,21.0,25.0,0.0,
2024-10-29,57.0,-61.0,51.0,0.0,
2024-10-30,-1.0,-99.0,0.0,25.0,
2024-10-31,79.0,-72.0,0.0,25.0,
2024-11-01,102.0,-53.0,0.0,25.0,
2024-11-02,84.0,-36.0,0.0,25.0,
2024-11-03,-8.0,-63.0,76.0,76.0,
2024-11-04,5.0,-74.0,0.0,25.0,
2024-11-05,33.0,-103.0,25.0,25.0,
2024-11-06,-54.0,-132.0,25.0,25.0,
2024-11-07,-47.0,-124.0,152.0,102.0,
2024-11-08,-22.0,-123.0,25.0,152.0,
2024-11-09,41.0,-101.0,0.0,76.0,
2024-11-10,111.0,-43.0,0.0,76.0,
2024-11-11,100.0,-41.0,0.0,51.0,
2024-11-12,32.0,-72.0,0.0,51.0,
2024-11-13,75.0,-98.0,0.0,51.0,
2024-11-14,126.0,-44.0,0.0,25.0,
2024-11-15,84.0,-49.0,0.0,25.0,
2024-11-16,0.0,-98.0,0.0,0.0,
2024-11-17,9.0,-88.0,0.0,0.0,
2024-11-18,32.0,-83.0,0.0,0.0,
2024-11-19,-20.0,-113.0,0.0,0.0,
2024-11-20,63.0,-93.0,0.0,0.0,
2024-11-21,107.0,-49.0,0.0,0.0,
2024-11-22,124.0,-46.0,0.0,0.0,
2024-11-23,112.0,-9.0,25.0,0.0,
2024-11-24,65.0,-38.0,0.0,0.0,
2024-11-25,47.0,-63.0,0.0,0.0,
2024-11-26,51.0,-12.0,0.0,0.0,
2024-11-27,28.0,-102.0,25.0,0.0,
2024-11-28,7.0,-134.0,0.0,0.0,
2024-11-29,28.0,-95.0,0.0,0.0,
2024-11-30,69.0,-74.0,0.0,0.0,
2024-12-01,96.0,-41.0,0.0,0.0,
2024-12-02,94.0,-38.0,0.0,0.0,
2024-12-03,94.0,-30.0,0.0,0.0,
2024-12-04,68.0,-48.0,0.0,0.0,
2024-12-05,55.0,-45.0,0.0,0.0,
2024-12-06,53.0,-48.0,0.0,0.0,
2024-12-07,68.0,-54.0,0.0,0.0,
2024-12-08,62.0,-54.0,0.0,0.0,
2024-12-09,-4.0,-131.0,0.0,0.0,
2024-12-10,-38.0,-144.0,0.0,0.0,
2024-12-11,36.0,-97.0,0.0,0.0,
2024-12-12,63.0,-63.0,0.0,0.0,
2024-12-13,4.0,-68.0,0.0,0.0,
2024-12-14,63.0,-90.0,0.0,0.0,
2024-12-15,55.0,-66.0,0.0,0.0,
2024-12-16,81.0,-79.0,0.0,0.0,
2024-12-17,67.0,-54.0,0.0,0.0,
2024-12-18,94.0,-54.0,0.0,0.0,
2024-12-19,104.0,-11.0,0.0,0.0,
2024-12-20,114.0,-28.0,0.0,0.0,
2024-12-21,110.0,-31.0,0.0,0.0,
2024-12-22,94.0,-7.0,0.0,0.0,
2024-12-23,71.0,-47.0,0.0,0.0,
2024-12-24,70.0,-70.0,0.0,0.0,
2024-12-25,20.0,-95.0,0.0,0.0,
2024-12-26,-17.0,-94.0,0.0,0.0,
2024-12-27,8.0,-66.0,25.0,0.0,
2024-12-28,46.0,-63.0,0.0,0.0,
2024-12-29,100.0,-16.0,0.0,0.0,
2024-12-30,38.0,-61.0,0.0,0.0,
2024-12-31,13.0,-98.0,0.0,0.0,
2025-01-01,30.0,-99.0,0.0,0.0,
2025-01-02,68.0,-46.0,0.0,0.0,
2025-01-03,92.0,-43.0,0.0,0.0,
2025-01-04,43.0,-99.0,0.0,0.0,
2025-01-05,-4.0,-123.0,0.0,0.0,
2025-01-06,12.0,-100.0,0.0,0.0,
2025-01-07,-24.0,-138.0,0.0,0.0,
2025-01-08,-20.0,-140.0,0.0,0.0,
2025-01-09,-67.0,-154.0,0.0,0.0,
2025-01-10,-10.0,-161.0,0.0,0.0,
2025-01-11,-14.0,-142.0,0.0,0.0,
2025-01-12,-49.0,-163.0,0.0,0.0,
2025-01-13,-46.0,-157.0,0.0,0.0,
2025-01-14,-29.0,-166.0,0.0,0.0,
2025-01-15,26.0,-138.0,0.0,0.0,
2025-01-16,64.0,-75.0,25.0,0.0,
2025-01-17,16.0,-86.0,0.0,0.0,
2025-01-18,-50.0,-183.0,0.0,0.0,
2025-01-19,-47.0,-189.0,0.0,0.0,
2025-01-20,-84.0,-185.0,0.0,0.0,
2025-01-21,2.0,-156.0,0.0,0.0,
2025-01-22,-16.0,-182.0,0.0,0.0,
2025-01-23,-53.0,-167.0,0.0,0.0,
2025-01-24,51.0,-137.0,0.0,0.0,
2025-01-25,23.0,-53.0,0.0,0.0,
2025-01-26,31.0,-80.0,0.0,0.0,
2025-01-27,28.0,-90.0,0.0,0.0,
2025-01-28,21.0,-119.0,0.0,0.0,
2025-01-29,-54.0,-109.0,25.0,0.0,
2025-01-30,15.0,-112.0,0.0,0.0,
2025-01-31,74.0,-59.0,0.0,0.0,
2025-02-01,76.0,-30.0,25.0,0.0,
2025-02-02,117.0,-9.0,0.0,0.0,
2025-02-03,140.0,3.0,0.0,0.0,
2025-02-04,114.0,-3.0,0.0,0.0,
2025-02-05,91.0,-18.0,0.0,0.0,
2025-02-06,100.0,-46.0,0.0,0.0,
2025-02-07,86.0,-13.0,0.0,0.0,
2025-02-08,68.0,-43.0,0.0,0.0,
2025-02-09,49.0,-65.0,0.0,0.0,
2025-02-10,63.0,-39.0,0.0,0.0,
2025-02-11,13.0,-94.0,0.0,0.0,
2025-02-12,-36.0,-131.0,0.0,0.0,
2025-02-13,29.0,-122.0,51.0,25.0,
2025-02-14,-7.0,-70.0,203.0,102.0,
2025-02-15,-25.0,-112.0,25.0,127.0,
2025-02-16,2.0,-131.0,0.0,127.0,
2025-02-17,43.0,-34.0,25.0,152.0,
2025-02-18,3.0,-83.0,0.0,152.0,
2025-02-19,43.0,-109.0,0.0,127.0,
2025-02-20,44.0,-69.0,0.0,102.0,
2025-02-21,16.0,-116.0,0.0,102.0,
2025-02-22,50.0,-102.0,0.0,102.0,
2025-02-23,89.0,-66.0,0.0,76.0,
2025-02-24,113.0,-29.0,0.0,76.0,
2025-02-25,107.0,-19.0,0.0,51.0,
2025-02-26,66.0,-74.0,0.0,25.0,
2025-02-27,32.0,-97.0,0.0,0.0,
2025-02-28,75.0,-56.0,25.0,0.0,
2025-03-01,106.0,-30.0,0.0,0.0,
2025-03-02,75.0,-56.0,0.0,0.0,
2025-03-03,-6.0,-95.0,76.0,102.0,
2025-03-04,8.0,-98.0,0.0,25.0,
2025-03-05,74.0,-67.0,25.0,0.0,
2025-03-06,28.0,-88.0,0.0,0.0,
2025-03-07,-23.0,-96.0,229.0,229.0,
2025-03-08,-16.0,-109.0,51.0,178.0,
2025-03-09,92.0,-107.0,0.0,102.0,
2025-03-10,98.0,-75.0,0.0,76.0,
2025-03-11,67.0,-26.0,25.0,51.0,
2025-03-12,31.0,-58.0,0.0,51.0,
2025-03-13,37.0,-114.0,102.0,51.0,
2025-03-14,-55.0,-119.0,102.0,178.0,
2025-03-15,-30.0,-107.0,25.0,152.0,
2025-03-16,52.0,-104.0,0.0,102.0,
2025-03-17,101.0,-12.0,0.0,76.0,
2025-03-18,11.0,-125.0,0.0,51.0,
2025-03-19,-8.0,-156.0,0.0,51.0,
2025-03-20,54.0,-116.0,0.0,25.0,
2025-03-21,64.0,-78.0,0.0,0.0,
2025-03-22,78.0,-30.0,0.0,0.0,
2025-03-23,91.0,-32.0,0.0,0.0,
2025-03-24,132.0,-14.0,0.0,0.0,
2025-03-25,138.0,-1.0,25.0,0.0,
2025-03-26,141.0,12.0,0.0,0.0,
2025-03-27,148.0,5.0,0.0,0.0,
2025-03-28,99.0,-17.0,0.0,0.0,
2025-03-29,67.0,-35.0,0.0,0.0,
2025-03-30,55.0,-53.0,0.0,0.0,
2025-03-31,88.0,-34.0,0.0,0.0,
2025-04-01,13.0,-100.0,0.0,0.0,
2025-04-02,1.0,-111.0,51.0,0.0,
2025-04-03,-23.0,-112.0,25.0,0.0,
2025-04-04,12.0,-110.0,25.0,0.0,
2025-04-05,-8.0,-89.0,25.0,0.0,
2025-04-06,58.0,-104.0,0.0,0.0,
2025-04-07,105.0,-38.0,0.0,0.0,
2025-04-08,130.0,10.0,0.0,0.0,
2025-04-09,164.0,-1.0,0.0,0.0,
2025-04-10,168.0,28.0,0.0,0.0,
2025-04-11,179.0,46.0,0.0,0.0,
2025-04-12,170.0,44.0,0.0,0.0,
2025-04-13,140.0,42.0,0.0,0.0,
2025-04-14,145.0,-15.0,0.0,0.0,
2025-04-15,161.0,11.0,0.0,0.0,
2025-04-16,159.0,8.0,0.0,0.0,
2025-04-17,100.0,-26.0,0.0,0.0,
2025-04-18,-2.0,-80.0,76.0,0.0,
2025-04-19,-8.0,-99.0,76.0,51.0,
2025-04-20,68.0,-101.0,25.0,0.0,
2025-04-21,118.0,-44.0,0.0,0.0,
2025-04-22,144.0,-4.0,0.0,0.0,
2025-04-23,142.0,1.0,0.0,0.0,
2025-04-24,140.0,4.0,0.0,0.0,
2025-04-25,154.0,17.0,0.0,0.0,
2025-04-26,154.0,21.0,0.0,0.0,
2025-04-27,103.0,-48.0,0.0,0.0,
2025-04-28,78.0,-57.0,0.0,0.0,
2025-04-29,110.0,-34.0,0.0,0.0,
2025-04-30,116.0,-45.0,25.0,0.0,
2025-05-01,99.0,-10.0,0.0,0.0,
2025-05-02,134.0,2.0,0.0,0.0,
2025-05-03,129.0,3.0,0.0,0.0,
2025-05-04,102.0,-26.0,25.0,0.0,
2025-05-05,46.0,-39.0,102.0,0.0,
2025-05-06,64.0,-27.0,25.0,0.0,
2025-05-07,59.0,-15.0,127.0,0.0,
2025-05-08,118.0,7.0,0.0,0.0,
2025-05-09,155.0,14.0,0.0,0.0,
2025-05-10,160.0,10.0,0.0,0.0,
2025-05-11,183.0,53.0,0.0,0.0,
2025-05-12,198.0,62.0,0.0,0.0,
2025-05-13,155.0,12.0,0.0,0.0,
2025-05-14,93.0,-19.0,0.0,0.0,
2025-05-15,108.0,-59.0,0.0,0.0,
2025-05-16,156.0,-35.0,0.0,0.0,
2025-05-17,154.0,23.0,0.0,0.0,
2025-05-18,65.0,-22.0,25.0,0.0,
2025-05-19,57.0,-43.0,0.0,0.0,
2025-05-20,135.0,-52.0,25.0,0.0,
2025-05-21,196.0,18.0,0.0,0.0,
2025-05-22,216.0,53.0,0.0,0.0,
2025-05-23,206.0,71.0,0.0,0.0,
2025-05-24,191.0,62.0,0.0,0.0,
2025-05-25,185.0,44.0,0.0,0.0,
2025-05-26,173.0,9.0,0.0,0.0,
2025-05-27,191.0,39.0,0.0,0.0,
2025-05-28,190.0,61.0,0.0,0.0,
2025-05-29,226.0,54.0,0.0,0.0,
2025-05-30,226.0,89.0,0.0,0.0,
2025-05-31,237.0,97.0,0.0,0.0,
2025-06-01,236.0,107.0,0.0,0.0,
2025-06-02,140.0,50.0,51.0,0.0,
2025-06-03,178.0,48.0,51.0,0.0,
2025-06-04,134.0,34.0,76.0,0.0,
2025-06-05,159.0,37.0,0.0,0.0,
2025-06-06,201.0,35.0,0.0,0.0,
2025-06-07,216.0,48.0,0.0,0.0,
2025-06-08,231.0,76.0,0.0,0.0,
2025-06-09,207.0,66.0,51.0,0.0,
2025-06-10,215.0,81.0,0.0,0.0,
2025-06-11,242.0,93.0,0.0,0.0,
2025-06-12,250.0,85.0,0.0,0.0,
2025-06-13,244.0,96.0,0.0,0.0,
2025-06-14,256.0,76.0,0.0,0.0,
2025-06-15,274.0,115.0,0.0,0.0,
2025-06-16,271.0,92.0,0.0,0.0,
2025-06-17,253.0,104.0,0.0,0.0,
2025-06-18,259.0,92.0,0.0,0.0,
2025-06-19,279.0,117.0,0.0,0.0,
2025-06-20,254.0,124.0,0.0,0.0,
2025-06-21,226.0,103.0,0.0,0.0,
2025-06-22,207.0,83.0,0.0,0.0,
2025-06-23,222.0,73.0,0.0,0.0,
2025-06-24,220.0,82.0,0.0,0.0,
2025-06-25,227.0,54.0,0.0,0.0,
2025-06-26,229.0,58.0,0.0,0.0,
2025-06-27,250.0,76.0,0.0,0.0,
2025-06-28,252.0,89.0,0.0,0.0,
2025-06-29,268.0,104.0,0.0,0.0,
2025-06-30,262.0,83.0,0.0,0.0,
2025-07-01,234.0,84.0,0.0,0.0,
2025-07-02,217.0,86.0,0.0,0.0,
2025-07-03,180.0,73.0,0.0,0.0,
2025-07-04,219.0,64.0,0.0,0.0,
2025-07-05,250.0,84.0,0.0,0.0,
2025-07-06,254.0,108.0,0.0,0.0,
2025-07-07,273.0,118.0,0.0,0.0,
2025-07-08,281.0,116.0,0.0,0.0,
2025-07-09,284.0,127.0,0.0,0.0,
2025-07-10,276.0,132.0,0.0,0.0,
2025-07-11,273.0,106.0,0.0,0.0,
2025-07-12,276.0,104.0,0.0,0.0,
2025-07-13,271.0,113.0,0.0,0.0,
2025-07-14,254.0,118.0,0.0,0.0,
2025-07-15,264.0,113.0,0.0,0.0,
2025-07-16,235.0,93.0,0.0,0.0,
2025-07-17,212.0,73.0,51.0,0.0,
2025-07-18,240.0,88.0,25.0,0.0,
2025-07-19,200.0,84.0,0.0,0.0,
2025-07-20,225.0,88.0,0.0,0.0,
2025-07-21,226.0,105.0,0.0,0.0,
2025-07-22,210.0,84.0,0.0,0.0,
2025-07-23,230.0,95.0,0.0,0.0,
2025-07-24,238.0,89.0,0.0,0.0,
2025-07-25,242.0,64.0,0.0,0.0,
2025-07-26,249.0,99.0,0.0,0.0,
2025-07-27,266.0,72.0,0.0,0.0,
2025-07-28,272.0,96.0,0.0,0.0,
2025-07-29,249.0,105.0,0.0,0.0,
2025-07-30,249.0,94.0,0.0,0.0,
2025-07-31,232.0,93.0,25.0,0.0,
2025-08-01,248.0,106.0,0.0,0.0,
2025-08-02,256.0,113.0,0.0,0.0,
2025-08-03,259.0,79.0,0.0,0.0,
2025-08-04,268.0,119.0,0.0,0.0,
2025-08-05,269.0,122.0,0.0,0.0,
2025-08-06,280.0,111.0,0.0,0.0,
2025-08-07,292.0,111.0,0.0,0.0,
2025-08-08,270.0,114.0,25.0,0.0,
2025-08-09,263.0,115.0,0.0,0.0,
2025-08-10,266.0,106.0,0.0,0.0,
2025-08-11,254.0,87.0,0.0,0.0,
2025-08-12,254.0,88.0,0.0,0.0,
2025-08-13,261.0,91.0,0.0,0.0,
2025-08-14,248.0,121.0,0.0,0.0,
2025-08-15,196.0,58.0,0.0,0.0,
2025-08-16,224.0,65.0,0.0,0.0,
2025-08-17,239.0,74.0,0.0,0.0,
2025-08-18,259.0,106.0,0.0,0.0,
2025-08-19,264.0,110.0,0.0,0.0,
2025-08-20,,,0.0,0.0,
2025-08-21,280.0,132.0,0.0,0.0,
2025-08-22,272.0,119.0,0.0,0.0,
2025-08-23,238.0,112.0,0.0,0.0,
2025-08-24,210.0,92.0,102.0,0.0,
2025-08-25,190.0,87.0,102.0,0.0,
2025-08-26,176.0,79.0,279.0,0.0,
2025-08-27,173.0,79.0,51.0,0.0,
2025-08-28,188.0,63.0,0.0,0.0,
2025-08-29,184.0,69.0,51.0,0.0,
2025-08-30,200.0,54.0,0.0,0.0,
2025-08-31,214.0,71.0,0.0,0.0,
2025-09-01,213.0,90.0,0.0,0.0,
2025-09-02,220.0,89.0,0.0,0.0,
2025-09-03,212.0,83.0,25.0,0.0,
2025-09-04,194.0,67.0,25.0,0.0,
2025-09-05,173.0,45.0,127.0,0.0,
2025-09-06,169.0,61.0,127.0,0.0,
2025-09-07,202.0,46.0,25.0,0.0,
2025-09-08,219.0,68.0,0.0,0.0,
2025-09-09,208.0,69.0,0.0,0.0,
2025-09-10,210.0,88.0,25.0,0.0,
2025-09-11,204.0,78.0,25.0,0.0,
2025-09-12,156.0,71.0,76.0,0.0,
2025-09-13,154.0,39.0,0.0,0.0,
2025-09-14,162.0,24.0,0.0,0.0,
2025-09-15,193.0,48.0,0.0,0.0,
2025-09-16,201.0,62.0,0.0,0.0,
2025-09-17,202.0,45.0,0.0,0.0,
2025-09-18,192.0,72.0,0.0,0.0,
2025-09-19,170.0,56.0,25.0,0.0,
2025-09-20,181.0,55.0,0.0,0.0,
2025-09-21,188.0,54.0,0.0,0.0,
2025-09-22,124.0,53.0,51.0,0.0,
2025-09-23,149.0,15.0,0.0,0.0,
2025-09-24,160.0,21.0,0.0,0.0,
2025-09-25,187.0,39.0,0.0,0.0,
2025-09-26,162.0,54.0,0.0,0.0,
2025-09-27,117.0,33.0,51.0,0.0,
2025-09-28,138.0,25.0,51.0,0.0,
2025-09-29,132.0,16.0,0.0,0.0,
2025-09-30,148.0,46.0,0.0,0.0,
2025-10-01,169.0,13.0,0.0,0.0,
2025-10-02,196.0,34.0,0.0,0.0,
2025-10-03,190.0,85.0,25.0,0.0,
2025-10-04,138.0,8.0,0.0,0.0,
2025-10-05,148.0,-12.0,0.0,0.0,
2025-10-06,166.0,38.0,0.0,0.0,
2025-10-07,181.0,27.0,0.0,0.0,
2025-10-08,190.0,54.0,0.0,0.0,
2025-10-09,151.0,52.0,51.0,0.0,
2025-10-10,107.0,63.0,152.0,0.0,
2025-10-11,103.0,63.0,102.0,0.0,
2025-10-12,119.0,33.0,0.0,0.0,
2025-10-13,119.0,46.0,229.0,0.0,
2025-10-14,135.0,46.0,76.0,0.0,
2025-10-15,137.0,-9.0,0.0,0.0,
2025-10-16,92.0,-40.0,0.0,0.0,
2025-10-17,88.0,-46.0,0.0,0.0,
2025-10-18,129.0,-17.0,0.0,0.0,
2025-10-19,160.0,1.0,0.0,0.0,
2025-10-20,140.0,8.0,0.0,0.0,
2025-10-21,153.0,-11.0,0.0,0.0,
2025-10-22,149.0,30.0,51.0,0.0,
2025-10-23,107.0,-16.0,0.0,0.0,
2025-10-24,71.0,-34.0,0.0,0.0,
2025-10-25,122.0,-6.0,0.0,0.0,
2025-10-26,130.0,23.0,0.0,0.0,
2025-10-27,125.0,-10.0,0.0,0.0,
2025-10-28,112.0,-49.0,0.0,0.0,
2025-10-29,142.0,0.0,0.0,0.0,
2025-10-30,136.0,-3.0,0.0,0.0,
2025-10-31,122.0,-2.0,0.0,0.0,
2025-11-01,134.0,-19.0,0.0,0.0,
2025-11-02,178.0,25.0,25.0,0.0,
2025-11-03,143.0,37.0,0.0,0.0,
2025-11-04,122.0,19.0,0.0,0.0,
2025-11-05,148.0,-1.0,0.0,0.0,
2025-11-06,122.0,-7.0,0.0,0.0,
2025-11-07,116.0,-20.0,0.0,0.0,
2025-11-08,117.0,-15.0,0.0,0.0,
2025-11-09,133.0,0.0,0.0,0.0,
2025-11-10,138.0,-9.0,0.0,0.0,
2025-11-11,136.0,5.0,0.0,0.0,
2025-11-12,132.0,-7.0,0.0,0.0,
2025-11-13,134.0,-3.0,0.0,0.0,
2025-11-14,139.0,14.0,0.0,0.0,
2025-11-15,127.0,14.0,0.0,0.0,
2025-11-16,67.0,-31.0,102.0,0.0,
2025-11-17,5.0,-45.0,0.0,0.0,
2025-11-18,63.0,-26.0,0.0,0.0,
2025-11-19,56.0,-23.0,25.0,0.0,
2025-11-20,2.0,-26.0,76.0,0.0,
2025-11-21,7.0,-36.0,0.0,0.0,
2025-11-22,39.0,-28.0,25.0,25.0,
2025-11-23,20.0,-19.0,102.0,51.0,
2025-11-24,39.0,-51.0,0.0,25.0,
2025-11-25,54.0,-66.0,0.0,0.0,
2025-11-26,49.0,-69.0,0.0,0.0,
2025-11-27,106.0,-22.0,0.0,0.0,
2025-11-28,71.0,-21.0,0.0,0.0,
2025-11-29,53.0,-61.0,0.0,0.0,
2025-11-30,27.0,-83.0,76.0,51.0,
2025-12-01,-16.0,-136.0,0.0,25.0,
2025-12-02,8.0,-114.0,0.0,25.0,
2025-12-03,-29.0,-111.0,0.0,25.0,
2025-12-04,-23.0,-128.0,0.0,25.0,
2025-12-05,8.0,-99.0,25.0,51.0,
2025-12-06,38.0,-79.0,0.0,51.0,
2025-12-07,29.0,-77.0,0.0,51.0,
2025-12-08,63.0,-83.0,0.0,51.0,
2025-12-09,78.0,-51.0,25.0,51.0,
2025-12-10,93.0,-17.0,0.0,51.0,
2025-12-11,131.0,-17.0,0.0,51.0,
2025-12-12,120.0,-9.0,0.0,51.0,
2025-12-13,114.0,-8.0,0.0,51.0,
2025-12-14,113.0,-22.0,0.0,51.0,
2025-12-15,112.0,-11.0,0.0,51.0,
2025-12-16,100.0,-36.0,0.0,51.0,
2025-12-17,91.0,-17.0,0.0,51.0,
2025-12-18,72.0,-44.0,0.0,51.0,
2025-12-19,106.0,-1.0,0.0,51.0,
2025-12-20,83.0,-14.0,0.0,51.0,
2025-12-21,101.0,-1.0,0.0,51.0,
2025-12-22,117.0,7.0,0.0,51.0,
2025-12-23,97.0,23.0,0.0,51.0,
2025-12-24,75.0,6.0,25.0,51.0,
2025-12-25,54.0,-21.0,0.0,51.0,
2025-12-26,58.0,-16.0,0.0,51.0,
2025-12-27,32.0,-60.0,25.0,25.0,
2025-12-28,13.0,-109.0,0.0,25.0,
2025-12-29,29.0,-68.0,0.0,25.0,
2025-12-30,80.0,-51.0,0.0,25.0,
2025-12-31,108.0,-34.0,25.0,25.0,
2026-01-01,27.0,-14.0,178.0,0.0,
2026-01-02,19.0,-23.0,25.0,0.0,
2026-01-03,90.0,-36.0,0.0,0.0,
2026-01-04,65.0,-31.0,0.0,0.0,
2026-01-05,19.0,-41.0,0.0,0.0,
2026-01-06,37.0,-51.0,0.0,0.0,
2026-01-07,6.0,-48.0,25.0,0.0,
2026-01-08,-35.0,-72.0,229.0,178.0,
2026-01-09,-67.0,-172.0,0.0,178.0,
2026-01-10,10.0,-153.0,0.0,152.0,
2026-01-11,48.0,-101.0,0.0,152.0,
2026-01-12,79.0,-62.0,0.0,127.0,
2026-01-13,87.0,-36.0,0.0,102.0,
2026-01-14,84.0,-26.0,0.0,102.0,
2026-01-15,83.0,-30.0,0.0,102.0,
2026-01-16,54.0,-67.0,0.0,102.0,
2026-01-17,19.0,-64.0,0.0,102.0,
2026-01-18,70.0,-64.0,0.0,76.0,
2026-01-19,46.0,-90.0,0.0,76.0,
2026-01-20,47.0,-90.0,0.0,76.0,
2026-01-21,64.0,-49.0,0.0,76.0,
2026-01-22,64.0,-29.0,0.0,76.0,
2026-01-23,8.0,-46.0,51.0,152.0,
2026-01-24,-8.0,-122.0,25.0,152.0,
2026-01-25,-57.0,-157.0,0.0,152.0,
2026-01-26,-6.0,-176.0,0.0,127.0,
2026-01-27,23.0,-109.0,0.0,127.0,
2026-01-28,41.0,-87.0,0.0,102.0,
2026-01-29,34.0,-120.0,0.0,102.0,
2026-01-30,45.0,-75.0,25.0,102.0,
2026-01-31,77.0,-59.0,0.0,102.0,
2026-02-01,99.0,-34.0,0.0,76.0,
2026-02-02,74.0,-43.0,0.0,76.0,
2026-02-03,72.0,-69.0,0.0,76.0,
2026-02-04,90.0,-35.0,0.0,51.0,
2026-02-05,96.0,-51.0,0.0,51.0,
2026-02-06,88.0,-29.0,0.0,51.0,
2026-02-07,72.0,-36.0,0.0,25.0,
2026-02-08,77.0,-41.0,0.0,25.0,
2026-02-09,87.0,-21.0,0.0,0.0,
2026-02-10,78.0,-14.0,25.0,0.0,
2026-02-11,47.0,-9.0,0.0,0.0,
2026-02-12,68.0,-6.0,0.0,0.0,
2026-02-13,14.0,-46.0,102.0,51.0,
2026-02-14,32.0,-63.0,0.0,25.0,
2026-02-15,94.0,-41.0,0.0,0.0,
2026-02-16,72.0,-19.0,0.0,0.0,
2026-02-17,5.0,-88.0,102.0,51.0,
2026-02-18,-42.0,-137.0,102.0,102.0,
2026-02-19,-45.0,-157.0,25.0,127.0,
2026-02-20,-67.0,-148.0,51.0,178.0,
2026-02-21,-5.0,-168.0,0.0,127.0,
2026-02-22,74.0,-82.0,25.0,152.0,
2026-02-23,106.0,-38.0,0.0,127.0,
2026-02-24,109.0,22.0,25.0,102.0,
2026-02-25,111.0,16.0,0.0,76.0,
2026-02-26,116.0,15.0,0.0,51.0,
2026-02-27,122.0,-15.0,0.0,51.0,
2026-02-28,122.0,10.0,0.0,25.0,
2026-03-01,132.0,9.0,0.0,25.0,
2026-03-02,121.0,21.0,0.0,25.0,
2026-03-03,84.0,-40.0,0.0,0.0,
2026-03-04,100.0,-51.0,0.0,0.0,
2026-03-05,76.0,-68.0,0.0,0.0,
2026-03-06,1.0,-102.0,0.0,0.0,
2026-03-07,26.0,-109.0,0.0,0.0,
2026-03-08,86.0,-70.0,0.0,0.0,
2026-03-09,119.0,10.0,0.0,0.0,
2026-03-10,104.0,-29.0,0.0,0.0,
2026-03-11,91.0,-43.0,0.0,0.0,
2026-03-12,112.0,-35.0,0.0,0.0,
2026-03-13,129.0,-4.0,0.0,0.0,
2026-03-14,127.0,37.0,0.0,0.0,
2026-03-15,71.0,-6.0,0.0,0.0,
2026-03-16,92.0,-32.0,0.0,0.0,
2026-03-17,151.0,-6.0,0.0,0.0,
2026-03-18,193.0,40.0,0.0,0.0,
2026-03-19,219.0,61.0,0.0,0.0,
2026-03-20,214.0,83.0,0.0,0.0,
2026-03-21,219.0,57.0,0.0,0.0,
2026-03-22,172.0,66.0,0.0,0.0,
2026-03-23,184.0,71.0,0.0,0.0,
2026-03-24,203.0,66.0,0.0,0.0,
2026-03-25,220.0,65.0,0.0,0.0,
2026-03-26,174.0,63.0,0.0,0.0,
2026-03-27,176.0,62.0,0.0,0.0,
2026-03-28,166.0,32.0,0.0,0.0,
2026-03-29,165.0,64.0,0.0,0.0,
2026-03-30,154.0,50.0,0.0,0.0,
2026-03-31,114.0,20.0,0.0,0.0,
2026-04-01,47.0,-6.0,203.0,0.0,
2026-04-02,94.0,-25.0,0.0,0.0,
2026-04-03,51.0,-49.0,0.0,0.0,
2026-04-04,92.0,-40.0,0.0,0.0,
2026-04-05,130.0,0.0,0.0,0.0,
2026-04-06,115.0,-7.0,0.0,0.0,
2026-04-07,135.0,-6.0,0.0,0.0,
2026-04-08,161.0,-18.0,0.0,0.0,
2026-04-09,158.0,25.0,25.0,0.0,
2026-04-10,141.0,49.0,0.0,0.0,
2026-04-11,111.0,25.0,0.0,0.0,
2026-04-12,112.0,17.0,0.0,0.0,
2026-04-13,86.0,-20.0,51.0,0.0,
2026-04-14,25.0,-62.0,51.0,0.0,
2026-04-15,86.0,-68.0,0.0,0.0,
2026-04-16,107.0,-17.0,0.0,0.0,
2026-04-17,33.0,-64.0,0.0,0.0,
2026-04-18,85.0,-68.0,0.0,0.0,
2026-04-19,139.0,-18.0,0.0,0.0,
2026-04-20,147.0,38.0,0.0,0.0,
2026-04-21,168.0,24.0,0.0,0.0,
2026-04-22,134.0,26.0,0.0,0.0,
2026-04-23,100.0,-11.0,0.0,0.0,
2026-04-24,124.0,-9.0,25.0,0.0,
2026-04-25,114.0,-6.0,0.0,0.0,
2026-04-26,68.0,-19.0,25.0,0.0,
2026-04-27,91.0,-25.0,0.0,0.0,
2026-04-28,115.0,-22.0,0.0,0.0,
2026-04-29,118.0,11.0,0.0,0.0,
2026-04-30,128.0,-4.0,0.0,0.0,
2026-05-01,112.0,7.0,0.0,0.0,
2026-05-02,115.0,-19.0,0.0,0.0,
2026-05-03,158.0,18.0,0.0,0.0,
2026-05-04,124.0,35.0,0.0,0.0,
2026-05-05,78.0,-20.0,51.0,0.0,
2026-05-06,96.0,-26.0,0.0,0.0,
2026-05-07,150.0,0.0,0.0,0.0,
2026-05-08,182.0,25.0,0.0,0.0,
2026-05-09,198.0,62.0,0.0,0.0,
2026-05-10,172.0,38.0,0.0,0.0,
2026-05-11,218.0,50.0,0.0,0.0,
2026-05-12,234.0,94.0,0.0,0.0,
2026-05-13,217.0,85.0,0.0,0.0,
2026-05-14,183.0,68.0,0.0,0.0,
2026-05-15,210.0,74.0,0.0,0.0,
2026-05-16,195.0,74.0,0.0,0.0,
2026-05-17,158.0,51.0,0.0,0.0,
2026-05-18,117.0,-1.0,0.0,0.0,
2026-05-19,146.0,-12.0,0.0,0.0,
2026-05-20,164.0,30.0,0.0,0.0,
2026-05-21,172.0,23.0,0.0,0.0,
2026-05-22,158.0,20.0,0.0,0.0,
2026-05-23,178.0,42.0,0.0,0.0,
2026-05-24,196.0,68.0,0.0,0.0,
2026-05-25,129.0,17.0,51.0,0.0,
2026-05-26,148.0,26.0,0.0,0.0,
2026-05-27,192.0,58.0,0.0,0.0,
2026-05-28,197.0,50.0,0.0,0.0,
2026-05-29,178.0,29.0,0.0,0.0,
2026-05-30,158.0,-6.0,0.0,0.0,
2026-05-31,198.0,45.0,0.0,0.0,
2026-06-01,221.0,72.0,0.0,0.0,
2026-06-02,229.0,75.0,0.0,0.0,
2026-06-03,227.0,80.0,0.0,0.0,
2026-06-04,236.0,67.0,0.0,0.0,
2026-06-05,242.0,93.0,0.0,0.0,
2026-06-06,247.0,98.0,0.0,0.0,
2026-06-07,207.0,99.0,0.0,0.0,
2026-06-08,229.0,106.0,0.0,0.0,
2026-06-09,230.0,82.0,0.0,0.0,
2026-06-10,248.0,46.0,0.0,0.0,
2026-06-11,248.0,131.0,0.0,0.0,
2026-06-12,247.0,105.0,0.0,0.0,
2026-06-13,232.0,133.0,0.0,0.0,
2026-06-14,242.0,110.0,0.0,0.0,
2026-06-15,246.0,94.0,0.0,0.0,
2026-06-16,264.0,92.0,0.0,0.0,
2026-06-17,282.0,144.0,0.0,0.0,
2026-06-18,274.0,120.0,0.0,0.0,
2026-06-19,264.0,129.0,0.0,0.0,
2026-06-20,247.0,112.0,0.0,0.0,
2026-06-21,241.0,63.0,0.0,0.0,
2026-06-22,260.0,77.0,0.0,0.0,
2026-06-23,279.0,134.0,0.0,0.0,
2026-06-24,245.0,99.0,0.0,0.0,
2026-06-25,226.0,79.0,51.0,0.0,
2026-06-26,210.0,93.0,0.0,0.0,
2026-06-27,222.0,126.0,0.0,0.0,
2026-06-28,218.0,90.0,0.0,0.0,
2026-06-29,217.0,92.0,0.0,0.0,
2026-06-30,,,0.0,0.0,
2026-07-01,223.0,89.0,0.0,0.0,
2026-07-02,237.0,89.0,0.0,0.0,
2026-07-03,245.0,69.0,0.0,0.0,
2026-07-04,268.0,94.0,0.0,0.0,
2026-07-05,246.0,93.0,0.0,0.0,
2026-07-06,252.0,111.0,0.0,,
2026-07-07,253.0,130.0,0.0,,
2026-07-08,254.0,135.0,25.0,,
2026-07-09,280.0,144.0,0.0,,
2026-07-10,278.0,132.0,0.0,0.0,
2026-07-11,283.0,140.0,0.0,0.0,
2026-07-12,276.0,158.0,0.0,0.0,
2026-07-13,276.0,105.0,0.0,0.0,
2026-07-14,261.0,130.0,0.0,0.0,
2026-07-15,231.0,112.0,25.0,0.0,
2026-07-16,237.0,106.0,0.0,0.0,
2026-07-17,214.0,92.0,0.0,0.0,
2026-07-18,234.0,108.0,25.0,0.0,
2026-07-19,244.0,108.0,0.0,0.0,
2026-07-20,272.0,121.0,0.0,,
