DATE,TMAX,TMIN,PRCP,SNWD,SNOW
1935-06-01,128.0,83.0,183.0,0.0,0.0
1935-06-02,244.0,128.0,0.0,0.0,0.0
1935-06-03,183.0,61.0,8.0,0.0,0.0
1935-06-04,89.0,22.0,0.0,0.0,0.0
1935-06-05,94.0,33.0,25.0,0.0,0.0
1935-06-06,106.0,33.0,3.0,0.0,0.0
1935-06-07,167.0,33.0,0.0,0.0,0.0
1935-06-08,167.0,56.0,0.0,0.0,0.0
1935-06-09,139.0,56.0,168.0,0.0,0.0
1935-06-10,228.0,117.0,0.0,0.0,0.0
1935-06-11,261.0,100.0,0.0,0.0,0.0
1935-06-12,228.0,111.0,8.0,0.0,0.0
1935-06-13,156.0,94.0,58.0,0.0,0.0
1935-06-14,139.0,78.0,5.0,0.0,0.0
1935-06-15,217.0,83.0,74.0,0.0,0.0
1935-06-16,139.0,83.0,211.0,0.0,0.0
1935-06-17,128.0,78.0,0.0,0.0,0.0
1935-06-18,106.0,50.0,0.0,0.0,0.0
1935-06-19,144.0,100.0,5.0,0.0,0.0
1935-06-20,133.0,89.0,8.0,0.0,0.0
1935-06-21,194.0,94.0,18.0,0.0,0.0
1935-06-22,211.0,100.0,5.0,0.0,0.0
1935-06-23,250.0,100.0,0.0,0.0,0.0
1935-06-24,172.0,106.0,69.0,0.0,0.0
1935-06-25,239.0,139.0,58.0,0.0,0.0
1935-06-26,261.0,133.0,3.0,0.0,0.0
1935-06-27,250.0,122.0,0.0,0.0,0.0
1935-06-28,244.0,117.0,0.0,0.0,0.0
1935-06-29,272.0,133.0,0.0,0.0,0.0
1935-06-30,161.0,89.0,0.0,0.0,0.0
1935-07-01,122.0,83.0,48.0,0.0,0.0
1935-07-02,128.0,78.0,5.0,0.0,0.0
1935-07-03,272.0,94.0,23.0,0.0,0.0
1935-07-04,289.0,172.0,30.0,0.0,0.0
1935-07-05,278.0,133.0,64.0,0.0,0.0
1935-07-06,200.0,133.0,25.0,0.0,0.0
1935-07-07,233.0,128.0,0.0,0.0,0.0
1935-07-08,256.0,128.0,0.0,0.0,0.0
1935-07-09,239.0,144.0,0.0,0.0,0.0
1935-07-10,256.0,144.0,246.0,0.0,0.0
1935-07-11,289.0,167.0,112.0,0.0,0.0
1935-07-12,267.0,161.0,0.0,0.0,0.0
1935-07-13,272.0,161.0,3.0,0.0,0.0
1935-07-14,206.0,111.0,13.0,0.0,0.0
1935-07-15,233.0,94.0,0.0,0.0,0.0
1935-07-16,289.0,106.0,0.0,0.0,0.0
1935-07-17,294.0,194.0,170.0,0.0,0.0
1935-07-18,250.0,139.0,69.0,0.0,0.0
1935-07-19,250.0,139.0,157.0,0.0,0.0
1935-07-20,311.0,150.0,0.0,0.0,0.0
1935-07-21,289.0,183.0,0.0,0.0,0.0
1935-07-22,294.0,172.0,0.0,0.0,0.0
1935-07-23,289.0,167.0,0.0,0.0,0.0
1935-07-24,289.0,167.0,0.0,0.0,0.0
1935-07-25,217.0,156.0,0.0,0.0,0.0
1935-07-26,233.0,144.0,0.0,0.0,0.0
1935-07-27,294.0,183.0,251.0,0.0,0.0
1935-07-28,250.0,156.0,0.0,0.0,0.0
1935-07-29,244.0,150.0,33.0,0.0,0.0
1935-07-30,283.0,189.0,10.0,0.0,0.0
1935-07-31,306.0,183.0,0.0,0.0,0.0
1935-08-01,217.0,150.0,5.0,0.0,0.0
1935-08-02,156.0,122.0,104.0,0.0,0.0
1935-08-03,272.0,122.0,0.0,0.0,0.0
1935-08-04,250.0,128.0,0.0,0.0,0.0
1935-08-05,206.0,156.0,145.0,0.0,0.0
1935-08-06,222.0,150.0,10.0,0.0,0.0
1935-08-07,194.0,144.0,3.0,0.0,0.0
1935-08-08,217.0,150.0,3.0,0.0,0.0
1935-08-09,272.0,167.0,495.0,0.0,0.0
1935-08-10,261.0,172.0,0.0,0.0,0.0
1935-08-11,267.0,167.0,8.0,0.0,0.0
1935-08-12,211.0,156.0,0.0,0.0,0.0
1935-08-13,267.0,150.0,0.0,0.0,0.0
1935-08-14,261.0,161.0,0.0,0.0,0.0
1935-08-15,289.0,183.0,0.0,0.0,0.0
1935-08-16,261.0,167.0,0.0,0.0,0.0
1935-08-17,283.0,183.0,38.0,0.0,0.0
1935-08-18,211.0,172.0,28.0,0.0,0.0
1935-08-19,306.0,189.0,165.0,0.0,0.0
1935-08-20,211.0,128.0,231.0,0.0,0.0
1935-08-21,206.0,100.0,0.0,0.0,0.0
1935-08-22,228.0,128.0,0.0,0.0,0.0
1935-08-23,206.0,144.0,0.0,0.0,0.0
1935-08-24,178.0,161.0,193.0,0.0,0.0
1935-08-25,228.0,122.0,5.0,0.0,0.0
1935-08-26,206.0,111.0,0.0,0.0,0.0
1935-08-27,144.0,72.0,0.0,0.0,0.0
1935-08-28,150.0,56.0,0.0,0.0,0.0
1935-08-29,128.0,72.0,3.0,0.0,0.0
1935-08-30,161.0,67.0,0.0,0.0,0.0
1935-08-31,133.0,39.0,0.0,0.0,0.0
1935-09-01,150.0,17.0,0.0,0.0,0.0
1935-09-02,206.0,83.0,0.0,0.0,0.0
1935-09-03,139.0,83.0,191.0,0.0,0.0
1935-09-04,150.0,78.0,3.0,0.0,0.0
1935-09-05,156.0,56.0,0.0,0.0,0.0
1935-09-06,172.0,39.0,0.0,0.0,0.0
1935-09-07,189.0,67.0,0.0,0.0,0.0
1935-09-08,211.0,83.0,0.0,0.0,0.0
1935-09-09,144.0,72.0,0.0,0.0,0.0
1935-09-10,239.0,67.0,0.0,0.0,0.0
1935-09-11,189.0,83.0,5.0,0.0,0.0
1935-09-12,106.0,56.0,226.0,0.0,0.0
1935-09-13,106.0,61.0,0.0,0.0,0.0
1935-09-14,211.0,106.0,0.0,0.0,0.0
1935-09-15,122.0,78.0,0.0,0.0,0.0
1935-09-16,161.0,89.0,0.0,0.0,0.0
1935-09-17,250.0,89.0,0.0,0.0,0.0
1935-09-18,233.0,83.0,0.0,0.0,0.0
1935-09-19,222.0,111.0,0.0,0.0,0.0
1935-09-20,178.0,94.0,0.0,0.0,0.0
1935-09-21,217.0,50.0,0.0,0.0,0.0
1935-09-22,144.0,78.0,0.0,0.0,0.0
1935-09-23,183.0,78.0,0.0,0.0,0.0
1935-09-24,183.0,94.0,0.0,0.0,0.0
1935-09-25,228.0,50.0,74.0,0.0,0.0
1935-09-26,106.0,11.0,0.0,0.0,0.0
1935-09-27,133.0,-17.0,0.0,0.0,0.0
1935-09-28,128.0,17.0,0.0,0.0,0.0
1935-09-29,117.0,-11.0,0.0,0.0,0.0
1935-09-30,122.0,33.0,0.0,0.0,0.0
1936-06-01,189.0,72.0,0.0,0.0,0.0
1936-06-02,139.0,50.0,0.0,0.0,0.0
1936-06-03,172.0,44.0,0.0,0.0,0.0
1936-06-04,233.0,89.0,0.0,0.0,0.0
1936-06-05,228.0,111.0,5.0,0.0,0.0
1936-06-06,139.0,89.0,56.0,0.0,0.0
1936-06-07,106.0,56.0,5.0,0.0,0.0
1936-06-08,156.0,39.0,0.0,0.0,0.0
1936-06-09,167.0,89.0,0.0,0.0,0.0
1936-06-10,178.0,67.0,0.0,0.0,0.0
1936-06-11,244.0,117.0,0.0,0.0,0.0
1936-06-12,256.0,122.0,0.0,0.0,0.0
1936-06-13,272.0,144.0,0.0,0.0,0.0
1936-06-14,206.0,106.0,0.0,0.0,0.0
1936-06-15,128.0,50.0,0.0,0.0,0.0
1936-06-16,150.0,44.0,18.0,0.0,0.0
1936-06-17,100.0,56.0,18.0,0.0,0.0
1936-06-18,172.0,67.0,0.0,0.0,0.0
1936-06-19,294.0,72.0,5.0,0.0,0.0
1936-06-20,217.0,94.0,0.0,0.0,0.0
1936-06-21,211.0,89.0,0.0,0.0,0.0
1936-06-22,250.0,67.0,0.0,0.0,0.0
1936-06-23,272.0,133.0,0.0,0.0,0.0
1936-06-24,306.0,167.0,0.0,0.0,0.0
1936-06-25,267.0,61.0,3.0,0.0,0.0
1936-06-26,133.0,61.0,0.0,0.0,0.0
1936-06-27,306.0,83.0,36.0,0.0,0.0
1936-06-28,233.0,106.0,5.0,0.0,0.0
1936-06-29,156.0,78.0,86.0,0.0,0.0
1936-06-30,161.0,78.0,0.0,0.0,0.0
1936-07-01,156.0,78.0,99.0,0.0,0.0
1936-07-02,200.0,83.0,3.0,0.0,0.0
1936-07-03,217.0,100.0,0.0,0.0,0.0
1936-07-04,211.0,111.0,0.0,0.0,0.0
1936-07-05,222.0,106.0,0.0,0.0,0.0
1936-07-06,228.0,133.0,0.0,0.0,0.0
1936-07-07,378.0,144.0,0.0,0.0,0.0
1936-07-08,367.0,250.0,0.0,0.0,0.0
1936-07-09,367.0,256.0,0.0,0.0,0.0
1936-07-10,350.0,211.0,0.0,0.0,0.0
1936-07-11,333.0,189.0,0.0,0.0,0.0
1936-07-12,389.0,200.0,0.0,0.0,0.0
1936-07-13,411.0,261.0,0.0,0.0,0.0
1936-07-14,278.0,150.0,0.0,0.0,0.0
1936-07-15,222.0,133.0,0.0,0.0,0.0
1936-07-16,361.0,139.0,0.0,0.0,0.0
1936-07-17,250.0,139.0,8.0,0.0,0.0
1936-07-18,211.0,139.0,0.0,0.0,0.0
1936-07-19,217.0,139.0,0.0,0.0,0.0
1936-07-20,250.0,144.0,0.0,0.0,0.0
1936-07-21,311.0,150.0,10.0,0.0,0.0
1936-07-22,306.0,178.0,3.0,0.0,0.0
1936-07-23,244.0,161.0,0.0,0.0,0.0
1936-07-24,256.0,122.0,0.0,0.0,0.0
1936-07-25,256.0,144.0,0.0,0.0,0.0
1936-07-26,200.0,150.0,38.0,0.0,0.0
1936-07-27,317.0,150.0,0.0,0.0,0.0
1936-07-28,250.0,128.0,0.0,0.0,0.0
1936-07-29,228.0,106.0,0.0,0.0,0.0
1936-07-30,283.0,128.0,0.0,0.0,0.0
1936-07-31,322.0,172.0,0.0,0.0,0.0
1936-08-01,322.0,183.0,13.0,0.0,0.0
1936-08-02,256.0,194.0,10.0,0.0,0.0
1936-08-03,267.0,139.0,0.0,0.0,0.0
1936-08-04,217.0,117.0,0.0,0.0,0.0
1936-08-05,256.0,117.0,0.0,0.0,0.0
1936-08-06,300.0,150.0,0.0,0.0,0.0
1936-08-07,339.0,178.0,0.0,0.0,0.0
1936-08-08,328.0,206.0,0.0,0.0,0.0
1936-08-09,317.0,194.0,0.0,0.0,0.0
1936-08-10,200.0,139.0,0.0,0.0,0.0
1936-08-11,267.0,128.0,0.0,0.0,0.0
1936-08-12,283.0,178.0,0.0,0.0,0.0
1936-08-13,244.0,167.0,0.0,0.0,0.0
1936-08-14,194.0,150.0,5.0,0.0,0.0
1936-08-15,317.0,144.0,0.0,0.0,0.0
1936-08-16,239.0,122.0,0.0,0.0,0.0
1936-08-17,256.0,128.0,5.0,0.0,0.0
1936-08-18,322.0,161.0,41.0,0.0,0.0
1936-08-19,239.0,139.0,0.0,0.0,0.0
1936-08-20,172.0,139.0,10.0,0.0,0.0
1936-08-21,189.0,144.0,58.0,0.0,0.0
1936-08-22,261.0,167.0,18.0,0.0,0.0
1936-08-23,333.0,150.0,3.0,0.0,0.0
1936-08-24,172.0,111.0,81.0,0.0,0.0
1936-08-25,122.0,111.0,0.0,0.0,0.0
1936-08-26,150.0,117.0,5.0,0.0,0.0
1936-08-27,139.0,122.0,30.0,0.0,0.0
1936-08-28,144.0,117.0,206.0,0.0,0.0
1936-08-29,194.0,117.0,5.0,0.0,0.0
1936-08-30,228.0,117.0,0.0,0.0,0.0
1936-08-31,172.0,111.0,0.0,0.0,0.0
1936-09-01,156.0,111.0,0.0,0.0,0.0
1936-09-02,178.0,111.0,0.0,0.0,0.0
1936-09-03,206.0,117.0,0.0,0.0,0.0
1936-09-04,222.0,128.0,0.0,0.0,0.0
1936-09-05,244.0,167.0,0.0,0.0,0.0
1936-09-06,289.0,189.0,0.0,0.0,0.0
1936-09-07,278.0,167.0,0.0,0.0,0.0
1936-09-08,300.0,139.0,0.0,0.0,0.0
1936-09-09,217.0,106.0,0.0,0.0,0.0
1936-09-10,200.0,122.0,124.0,0.0,0.0
1936-09-11,167.0,139.0,0.0,0.0,0.0
1936-09-12,172.0,128.0,3.0,0.0,0.0
1936-09-13,139.0,117.0,15.0,0.0,0.0
1936-09-14,239.0,133.0,114.0,0.0,0.0
1936-09-15,222.0,94.0,0.0,0.0,0.0
1936-09-16,172.0,56.0,0.0,0.0,0.0
1936-09-17,189.0,39.0,0.0,0.0,0.0
1936-09-18,211.0,117.0,0.0,0.0,0.0
1936-09-19,161.0,106.0,81.0,0.0,0.0
1936-09-20,244.0,117.0,0.0,0.0,0.0
1936-09-21,278.0,139.0,0.0,0.0,0.0
1936-09-22,256.0,111.0,0.0,0.0,0.0
1936-09-23,239.0,17.0,0.0,0.0,0.0
1936-09-24,144.0,0.0,0.0,0.0,0.0
1936-09-25,217.0,83.0,0.0,0.0,0.0
1936-09-26,128.0,56.0,38.0,0.0,0.0
1936-09-27,128.0,22.0,0.0,0.0,0.0
1936-09-28,139.0,50.0,0.0,0.0,0.0
1936-09-29,144.0,11.0,0.0,0.0,0.0
1936-09-30,150.0,33.0,0.0,0.0,0.0
1937-06-01,111.0,72.0,0.0,0.0,0.0
1937-06-02,211.0,83.0,5.0,0.0,0.0
1937-06-03,233.0,83.0,0.0,0.0,0.0
1937-06-04,167.0,72.0,0.0,0.0,0.0
1937-06-05,117.0,50.0,218.0,0.0,0.0
1937-06-06,139.0,78.0,74.0,0.0,0.0
1937-06-07,128.0,50.0,3.0,0.0,0.0
1937-06-08,122.0,33.0,0.0,0.0,0.0
1937-06-09,194.0,44.0,0.0,0.0,0.0
1937-06-10,233.0,89.0,0.0,0.0,0.0
1937-06-11,233.0,139.0,0.0,0.0,0.0
1937-06-12,233.0,122.0,0.0,0.0,0.0
1937-06-13,217.0,111.0,84.0,0.0,0.0
1937-06-14,178.0,117.0,0.0,0.0,0.0
1937-06-15,267.0,72.0,0.0,0.0,0.0
1937-06-16,244.0,83.0,0.0,0.0,0.0
1937-06-17,261.0,122.0,0.0,0.0,0.0
1937-06-18,189.0,100.0,0.0,0.0,0.0
1937-06-19,206.0,139.0,58.0,0.0,0.0
1937-06-20,267.0,150.0,0.0,0.0,0.0
1937-06-21,267.0,144.0,0.0,0.0,0.0
1937-06-22,239.0,117.0,0.0,0.0,0.0
1937-06-23,211.0,100.0,450.0,0.0,0.0
1937-06-24,267.0,94.0,0.0,0.0,0.0
1937-06-25,272.0,161.0,0.0,0.0,0.0
1937-06-26,267.0,156.0,0.0,0.0,0.0
1937-06-27,272.0,133.0,0.0,0.0,0.0
1937-06-28,244.0,106.0,0.0,0.0,0.0
1937-06-29,222.0,89.0,0.0,0.0,0.0
1937-06-30,244.0,94.0,0.0,0.0,0.0
1937-07-01,278.0,128.0,0.0,0.0,0.0
1937-07-02,322.0,106.0,0.0,0.0,0.0
1937-07-03,300.0,111.0,0.0,0.0,0.0
1937-07-04,306.0,144.0,0.0,0.0,0.0
1937-07-05,289.0,144.0,0.0,0.0,0.0
1937-07-06,322.0,156.0,0.0,0.0,0.0
1937-07-07,317.0,200.0,0.0,0.0,0.0
1937-07-08,267.0,178.0,0.0,0.0,0.0
1937-07-09,233.0,161.0,0.0,0.0,0.0
1937-07-10,211.0,128.0,0.0,0.0,0.0
1937-07-11,172.0,122.0,0.0,0.0,0.0
1937-07-12,189.0,122.0,0.0,0.0,0.0
1937-07-13,211.0,128.0,0.0,0.0,0.0
1937-07-14,156.0,122.0,246.0,0.0,0.0
1937-07-15,183.0,128.0,43.0,0.0,0.0
1937-07-16,161.0,100.0,53.0,0.0,0.0
1937-07-17,239.0,89.0,0.0,0.0,0.0
1937-07-18,244.0,122.0,0.0,0.0,0.0
1937-07-19,272.0,144.0,0.0,0.0,0.0
1937-07-20,300.0,183.0,0.0,0.0,0.0
1937-07-21,294.0,178.0,30.0,0.0,0.0
1937-07-22,244.0,161.0,28.0,0.0,0.0
1937-07-23,261.0,144.0,0.0,0.0,0.0
1937-07-24,250.0,133.0,211.0,0.0,0.0
1937-07-25,211.0,122.0,81.0,0.0,0.0
1937-07-26,233.0,111.0,0.0,0.0,0.0
1937-07-27,228.0,128.0,0.0,0.0,0.0
1937-07-28,239.0,139.0,0.0,0.0,0.0
1937-07-29,244.0,122.0,0.0,0.0,0.0
1937-07-30,189.0,111.0,0.0,0.0,0.0
1937-07-31,167.0,111.0,0.0,0.0,0.0
1937-08-01,222.0,117.0,64.0,0.0,0.0
1937-08-02,272.0,139.0,25.0,0.0,0.0
1937-08-03,267.0,172.0,244.0,0.0,0.0
1937-08-04,289.0,156.0,0.0,0.0,0.0
1937-08-05,328.0,183.0,0.0,0.0,0.0
1937-08-06,322.0,172.0,0.0,0.0,0.0
1937-08-07,272.0,189.0,0.0,0.0,0.0
1937-08-08,256.0,167.0,91.0,0.0,0.0
1937-08-09,261.0,161.0,0.0,0.0,0.0
1937-08-10,289.0,161.0,0.0,0.0,0.0
1937-08-11,244.0,156.0,0.0,0.0,0.0
1937-08-12,272.0,139.0,0.0,0.0,0.0
1937-08-13,194.0,139.0,0.0,0.0,0.0
1937-08-14,294.0,133.0,0.0,0.0,0.0
1937-08-15,294.0,228.0,0.0,0.0,0.0
1937-08-16,306.0,194.0,0.0,0.0,0.0
1937-08-17,233.0,122.0,0.0,0.0,0.0
1937-08-18,256.0,133.0,0.0,0.0,0.0
1937-08-19,244.0,150.0,0.0,0.0,0.0
1937-08-20,250.0,144.0,0.0,0.0,0.0
1937-08-21,167.0,106.0,0.0,0.0,0.0
1937-08-22,183.0,122.0,0.0,0.0,0.0
1937-08-23,283.0,133.0,0.0,0.0,0.0
1937-08-24,300.0,172.0,0.0,0.0,0.0
1937-08-25,300.0,211.0,3.0,0.0,0.0
1937-08-26,339.0,189.0,0.0,0.0,0.0
1937-08-27,317.0,150.0,0.0,0.0,0.0
1937-08-28,311.0,,0.0,0.0,0.0
1937-08-29,267.0,167.0,119.0,0.0,0.0
1937-08-30,167.0,122.0,368.0,0.0,0.0
1937-08-31,139.0,133.0,69.0,0.0,0.0
1937-09-01,289.0,139.0,343.0,0.0,0.0
1937-09-02,256.0,167.0,422.0,0.0,0.0
1937-09-03,244.0,106.0,0.0,0.0,0.0
1937-09-04,117.0,94.0,0.0,0.0,0.0
1937-09-05,161.0,83.0,0.0,0.0,0.0
1937-09-06,156.0,111.0,41.0,0.0,0.0
1937-09-07,222.0,144.0,3.0,0.0,0.0
1937-09-08,228.0,139.0,0.0,0.0,0.0
1937-09-09,283.0,172.0,33.0,0.0,0.0
1937-09-10,200.0,89.0,36.0,0.0,0.0
1937-09-11,161.0,72.0,84.0,0.0,0.0
1937-09-12,183.0,50.0,0.0,0.0,0.0
1937-09-13,206.0,83.0,0.0,0.0,0.0
1937-09-14,194.0,89.0,10.0,0.0,0.0
1937-09-15,117.0,39.0,0.0,0.0,0.0
1937-09-16,167.0,33.0,0.0,0.0,0.0
1937-09-17,161.0,44.0,10.0,0.0,0.0
1937-09-18,150.0,28.0,0.0,0.0,0.0
1937-09-19,150.0,6.0,0.0,0.0,0.0
1937-09-20,211.0,61.0,0.0,0.0,0.0
1937-09-21,178.0,94.0,0.0,0.0,0.0
1937-09-22,283.0,122.0,0.0,0.0,0.0
1937-09-23,228.0,144.0,25.0,0.0,0.0
1937-09-24,200.0,61.0,28.0,0.0,0.0
1937-09-25,122.0,28.0,0.0,0.0,0.0
1937-09-26,150.0,17.0,0.0,0.0,0.0
1937-09-27,156.0,67.0,5.0,0.0,0.0
1937-09-28,117.0,67.0,0.0,0.0,0.0
1937-09-29,100.0,67.0,48.0,0.0,0.0
1937-09-30,167.0,100.0,5.0,0.0,0.0
1938-06-01,239.0,100.0,69.0,0.0,0.0
1938-06-02,233.0,106.0,0.0,0.0,0.0
1938-06-03,178.0,78.0,81.0,0.0,0.0
1938-06-04,200.0,111.0,0.0,0.0,0.0
1938-06-05,228.0,106.0,150.0,0.0,0.0
1938-06-06,189.0,61.0,0.0,0.0,0.0
1938-06-07,122.0,50.0,0.0,0.0,0.0
1938-06-08,178.0,67.0,0.0,0.0,0.0
1938-06-09,117.0,56.0,155.0,0.0,0.0
1938-06-10,200.0,78.0,5.0,0.0,0.0
1938-06-11,211.0,100.0,0.0,0.0,0.0
1938-06-12,233.0,106.0,36.0,0.0,0.0
1938-06-13,222.0,122.0,0.0,0.0,0.0
1938-06-14,200.0,128.0,53.0,0.0,0.0
1938-06-15,189.0,117.0,180.0,0.0,0.0
1938-06-16,178.0,94.0,0.0,0.0,0.0
1938-06-17,244.0,72.0,0.0,0.0,0.0
1938-06-18,222.0,94.0,0.0,0.0,0.0
1938-06-19,189.0,111.0,0.0,0.0,0.0
1938-06-20,283.0,128.0,0.0,0.0,0.0
1938-06-21,300.0,178.0,0.0,0.0,0.0
1938-06-22,328.0,167.0,0.0,0.0,0.0
1938-06-23,239.0,139.0,0.0,0.0,0.0
1938-06-24,183.0,122.0,76.0,0.0,0.0
1938-06-25,222.0,122.0,5.0,0.0,0.0
1938-06-26,167.0,100.0,0.0,0.0,0.0
1938-06-27,189.0,89.0,0.0,0.0,0.0
1938-06-28,239.0,94.0,0.0,0.0,0.0
1938-06-29,183.0,133.0,3.0,0.0,0.0
1938-06-30,156.0,111.0,3.0,0.0,0.0
1938-07-01,139.0,94.0,0.0,0.0,0.0
1938-07-02,178.0,89.0,3.0,0.0,0.0
1938-07-03,172.0,111.0,0.0,0.0,0.0
1938-07-04,211.0,117.0,0.0,0.0,0.0
1938-07-05,161.0,106.0,30.0,0.0,0.0
1938-07-06,267.0,100.0,0.0,0.0,0.0
1938-07-07,256.0,122.0,10.0,0.0,0.0
1938-07-08,272.0,161.0,18.0,0.0,0.0
1938-07-09,239.0,133.0,0.0,0.0,0.0
1938-07-10,183.0,106.0,5.0,0.0,0.0
1938-07-11,294.0,89.0,0.0,0.0,0.0
1938-07-12,283.0,156.0,0.0,0.0,0.0
1938-07-13,267.0,156.0,0.0,0.0,0.0
1938-07-14,217.0,128.0,0.0,0.0,0.0
1938-07-15,283.0,128.0,5.0,0.0,0.0
1938-07-16,278.0,139.0,0.0,0.0,0.0
1938-07-17,261.0,139.0,0.0,0.0,0.0
1938-07-18,250.0,117.0,81.0,0.0,0.0
1938-07-19,250.0,144.0,0.0,0.0,0.0
1938-07-20,189.0,122.0,0.0,0.0,0.0
1938-07-21,183.0,117.0,0.0,0.0,0.0
1938-07-22,178.0,100.0,254.0,0.0,0.0
1938-07-23,244.0,106.0,0.0,0.0,0.0
1938-07-24,250.0,161.0,8.0,0.0,0.0
1938-07-25,228.0,144.0,0.0,0.0,0.0
1938-07-26,217.0,111.0,28.0,0.0,0.0
1938-07-27,161.0,133.0,99.0,0.0,0.0
1938-07-28,261.0,117.0,20.0,0.0,0.0
1938-07-29,300.0,183.0,0.0,0.0,0.0
1938-07-30,278.0,178.0,0.0,0.0,0.0
1938-07-31,250.0,167.0,5.0,0.0,0.0
1938-08-01,328.0,167.0,0.0,0.0,0.0
1938-08-02,267.0,178.0,0.0,0.0,0.0
1938-08-03,272.0,172.0,8.0,0.0,0.0
1938-08-04,294.0,150.0,0.0,0.0,0.0
1938-08-05,289.0,172.0,0.0,0.0,0.0
1938-08-06,294.0,178.0,0.0,0.0,0.0
1938-08-07,228.0,156.0,0.0,0.0,0.0
1938-08-08,228.0,150.0,0.0,0.0,0.0
1938-08-09,194.0,144.0,183.0,0.0,0.0
1938-08-10,267.0,156.0,0.0,0.0,0.0
1938-08-11,250.0,122.0,0.0,0.0,0.0
1938-08-12,278.0,150.0,0.0,0.0,0.0
1938-08-13,267.0,183.0,0.0,0.0,0.0
1938-08-14,339.0,189.0,3.0,0.0,0.0
1938-08-15,278.0,161.0,0.0,0.0,0.0
1938-08-16,194.0,150.0,0.0,0.0,0.0
1938-08-17,300.0,139.0,0.0,0.0,0.0
1938-08-18,294.0,144.0,0.0,0.0,0.0
1938-08-19,228.0,167.0,109.0,0.0,0.0
1938-08-20,228.0,128.0,0.0,0.0,0.0
1938-08-21,267.0,133.0,0.0,0.0,0.0
1938-08-22,294.0,161.0,58.0,0.0,0.0
1938-08-23,256.0,144.0,0.0,0.0,0.0
1938-08-24,217.0,111.0,0.0,0.0,0.0
1938-08-25,244.0,128.0,20.0,0.0,0.0
1938-08-26,228.0,100.0,0.0,0.0,0.0
1938-08-27,217.0,122.0,0.0,0.0,0.0
1938-08-28,289.0,111.0,0.0,0.0,0.0
1938-08-29,172.0,111.0,0.0,0.0,0.0
1938-08-30,172.0,106.0,15.0,0.0,0.0
1938-08-31,239.0,133.0,0.0,0.0,0.0
1938-09-01,194.0,106.0,0.0,0.0,0.0
1938-09-02,239.0,83.0,0.0,0.0,0.0
1938-09-03,267.0,139.0,5.0,0.0,0.0
1938-09-04,228.0,111.0,0.0,0.0,0.0
1938-09-05,167.0,100.0,0.0,0.0,0.0
1938-09-06,133.0,106.0,150.0,0.0,0.0
1938-09-07,133.0,94.0,0.0,0.0,0.0
1938-09-08,106.0,89.0,170.0,0.0,0.0
1938-09-09,122.0,94.0,335.0,0.0,0.0
1938-09-10,233.0,106.0,5.0,0.0,0.0
1938-09-11,206.0,100.0,0.0,0.0,0.0
1938-09-12,244.0,133.0,0.0,0.0,0.0
1938-09-13,222.0,122.0,0.0,0.0,0.0
1938-09-14,228.0,106.0,0.0,0.0,0.0
1938-09-15,156.0,94.0,0.0,0.0,0.0
1938-09-16,178.0,83.0,58.0,0.0,0.0
1938-09-17,133.0,50.0,0.0,0.0,0.0
1938-09-18,111.0,33.0,0.0,0.0,0.0
1938-09-19,144.0,67.0,0.0,0.0,0.0
1938-09-20,183.0,50.0,0.0,0.0,0.0
1938-09-21,233.0,89.0,0.0,0.0,0.0
1938-09-22,272.0,122.0,0.0,0.0,0.0
1938-09-23,283.0,150.0,0.0,0.0,0.0
1938-09-24,183.0,89.0,0.0,0.0,0.0
1938-09-25,233.0,67.0,0.0,0.0,0.0
1938-09-26,261.0,106.0,0.0,0.0,0.0
1938-09-27,222.0,72.0,0.0,0.0,0.0
1938-09-28,200.0,100.0,0.0,0.0,0.0
1938-09-29,139.0,72.0,0.0,0.0,0.0
1938-09-30,156.0,83.0,0.0,0.0,0.0
1939-06-01,156.0,56.0,0.0,0.0,0.0
1939-06-02,156.0,56.0,76.0,0.0,0.0
1939-06-03,194.0,89.0,0.0,0.0,0.0
1939-06-04,211.0,111.0,3.0,0.0,0.0
1939-06-05,178.0,72.0,0.0,0.0,0.0
1939-06-06,133.0,72.0,0.0,0.0,0.0
1939-06-07,256.0,83.0,127.0,0.0,0.0
1939-06-08,244.0,139.0,0.0,0.0,0.0
1939-06-09,189.0,100.0,48.0,0.0,0.0
1939-06-10,111.0,61.0,71.0,0.0,0.0
1939-06-11,167.0,89.0,23.0,0.0,0.0
1939-06-12,222.0,67.0,3.0,0.0,0.0
1939-06-13,167.0,67.0,71.0,0.0,0.0
1939-06-14,206.0,89.0,86.0,0.0,0.0
1939-06-15,211.0,111.0,28.0,0.0,0.0
1939-06-16,128.0,50.0,102.0,0.0,0.0
1939-06-17,83.0,39.0,0.0,0.0,0.0
1939-06-18,144.0,67.0,13.0,0.0,0.0
1939-06-19,239.0,128.0,0.0,0.0,0.0
1939-06-20,222.0,111.0,0.0,0.0,0.0
1939-06-21,144.0,61.0,328.0,0.0,0.0
1939-06-22,189.0,72.0,30.0,0.0,0.0
1939-06-23,283.0,133.0,0.0,0.0,0.0
1939-06-24,178.0,100.0,0.0,0.0,0.0
1939-06-25,239.0,89.0,28.0,0.0,0.0
1939-06-26,161.0,89.0,36.0,0.0,0.0
1939-06-27,289.0,139.0,0.0,0.0,0.0
1939-06-28,178.0,89.0,13.0,0.0,0.0
1939-06-29,239.0,94.0,18.0,0.0,0.0
1939-06-30,233.0,122.0,0.0,0.0,0.0
1939-07-01,228.0,100.0,0.0,0.0,0.0
1939-07-02,294.0,144.0,0.0,0.0,0.0
1939-07-03,267.0,200.0,122.0,0.0,0.0
1939-07-04,289.0,122.0,0.0,0.0,0.0
1939-07-05,283.0,117.0,0.0,0.0,0.0
1939-07-06,228.0,106.0,0.0,0.0,0.0
1939-07-07,244.0,150.0,28.0,0.0,0.0
1939-07-08,294.0,156.0,58.0,0.0,0.0
1939-07-09,244.0,150.0,0.0,0.0,0.0
1939-07-10,267.0,139.0,0.0,0.0,0.0
1939-07-11,300.0,194.0,0.0,0.0,0.0
1939-07-13,261.0,156.0,0.0,0.0,0.0
1939-07-14,222.0,122.0,0.0,0.0,0.0
1939-07-15,189.0,106.0,0.0,0.0,0.0
1939-07-16,211.0,106.0,0.0,0.0,0.0
1939-07-17,161.0,100.0,0.0,0.0,0.0
1939-07-18,128.0,94.0,51.0,0.0,0.0
1939-07-19,172.0,106.0,0.0,0.0,0.0
1939-07-20,194.0,111.0,0.0,0.0,0.0
1939-07-21,217.0,139.0,0.0,0.0,0.0
1939-07-22,256.0,139.0,0.0,0.0,0.0
1939-07-23,311.0,156.0,251.0,0.0,0.0
1939-07-24,289.0,178.0,5.0,0.0,0.0
1939-07-25,267.0,172.0,0.0,0.0,0.0
1939-07-26,317.0,183.0,0.0,0.0,0.0
1939-07-27,289.0,178.0,0.0,0.0,0.0
1939-07-28,233.0,144.0,0.0,0.0,0.0
1939-07-29,233.0,111.0,0.0,0.0,0.0
1939-07-30,317.0,139.0,0.0,0.0,0.0
1939-07-31,239.0,172.0,0.0,0.0,0.0
1939-08-01,211.0,133.0,3.0,0.0,0.0
1939-08-02,256.0,133.0,122.0,0.0,0.0
1939-08-03,250.0,128.0,0.0,0.0,0.0
1939-08-04,272.0,133.0,0.0,0.0,0.0
1939-08-05,328.0,172.0,0.0,0.0,0.0
1939-08-06,239.0,150.0,20.0,0.0,0.0
1939-08-07,200.0,144.0,0.0,0.0,0.0
1939-08-08,167.0,128.0,818.0,0.0,0.0
1939-08-09,206.0,122.0,41.0,0.0,0.0
1939-08-10,194.0,106.0,23.0,0.0,0.0
1939-08-11,194.0,128.0,140.0,0.0,0.0
1939-08-12,250.0,144.0,0.0,0.0,0.0
1939-08-13,278.0,167.0,0.0,0.0,0.0
1939-08-14,300.0,167.0,0.0,0.0,0.0
1939-08-15,267.0,156.0,0.0,0.0,0.0
1939-08-16,211.0,139.0,0.0,0.0,0.0
1939-08-17,289.0,128.0,0.0,0.0,0.0
1939-08-18,217.0,161.0,0.0,0.0,0.0
1939-08-19,211.0,144.0,0.0,0.0,0.0
1939-08-20,200.0,139.0,5.0,0.0,0.0
1939-08-21,217.0,122.0,0.0,0.0,0.0
1939-08-22,200.0,117.0,28.0,0.0,0.0
1939-08-23,211.0,100.0,20.0,0.0,0.0
1939-08-24,233.0,106.0,0.0,0.0,0.0
1939-08-25,239.0,111.0,0.0,0.0,0.0
1939-08-26,228.0,128.0,0.0,0.0,0.0
1939-08-27,267.0,156.0,0.0,0.0,0.0
1939-08-28,283.0,178.0,36.0,0.0,0.0
1939-08-29,206.0,144.0,0.0,0.0,0.0
1939-08-30,194.0,144.0,183.0,0.0,0.0
1939-08-31,244.0,161.0,0.0,0.0,0.0
1939-09-01,189.0,144.0,0.0,0.0,0.0
1939-09-02,278.0,150.0,0.0,0.0,0.0
1939-09-03,211.0,167.0,66.0,0.0,0.0
1939-09-04,183.0,100.0,0.0,0.0,0.0
1939-09-05,172.0,111.0,23.0,0.0,0.0
1939-09-06,206.0,144.0,0.0,0.0,0.0
1939-09-07,150.0,122.0,5.0,0.0,0.0
1939-09-08,156.0,94.0,0.0,0.0,0.0
1939-09-09,172.0,94.0,61.0,0.0,0.0
1939-09-10,172.0,67.0,0.0,0.0,0.0
1939-09-11,144.0,89.0,3.0,0.0,0.0
1939-09-12,189.0,122.0,0.0,0.0,0.0
1939-09-13,211.0,144.0,0.0,0.0,0.0
1939-09-14,200.0,144.0,0.0,0.0,0.0
1939-09-15,317.0,139.0,0.0,0.0,0.0
1939-09-16,211.0,122.0,0.0,0.0,0.0
1939-09-17,189.0,106.0,0.0,0.0,0.0
1939-09-18,200.0,94.0,0.0,0.0,0.0
1939-09-19,250.0,111.0,0.0,0.0,0.0
1939-09-20,211.0,72.0,0.0,0.0,0.0
1939-09-21,239.0,106.0,0.0,0.0,0.0
1939-09-22,228.0,89.0,8.0,0.0,0.0
1939-09-23,144.0,33.0,0.0,0.0,0.0
1939-09-24,183.0,50.0,0.0,0.0,0.0
1939-09-25,83.0,0.0,0.0,0.0,0.0
1939-09-26,133.0,-17.0,0.0,0.0,0.0
1939-09-27,161.0,50.0,18.0,0.0,0.0
1939-09-28,122.0,39.0,0.0,0.0,0.0
1939-09-29,89.0,-6.0,0.0,0.0,0.0
1939-09-30,139.0,-17.0,0.0,0.0,0.0
1940-06-01,239.0,106.0,0.0,0.0,0.0
1940-06-02,267.0,117.0,86.0,0.0,0.0
1940-06-03,28.0,72.0,3.0,0.0,0.0
1940-06-04,100.0,67.0,104.0,0.0,0.0
1940-06-05,228.0,100.0,25.0,0.0,0.0
1940-06-06,150.0,72.0,5.0,0.0,0.0
1940-06-07,206.0,89.0,0.0,0.0,0.0
1940-06-08,144.0,78.0,0.0,0.0,0.0
1940-06-09,106.0,50.0,5.0,0.0,0.0
1940-06-10,183.0,44.0,0.0,0.0,0.0
1940-06-11,144.0,56.0,0.0,0.0,0.0
1940-06-12,283.0,56.0,0.0,0.0,0.0
1940-06-13,172.0,67.0,0.0,0.0,0.0
1940-06-14,300.0,56.0,0.0,0.0,0.0
1940-06-15,239.0,117.0,3.0,0.0,0.0
1940-06-16,228.0,106.0,84.0,0.0,0.0
1940-06-17,283.0,133.0,20.0,0.0,0.0
1940-06-18,256.0,106.0,0.0,0.0,0.0
1940-06-19,183.0,39.0,0.0,0.0,0.0
1940-06-20,194.0,39.0,0.0,0.0,0.0
1940-06-21,122.0,67.0,41.0,0.0,0.0
1940-06-22,122.0,67.0,3.0,0.0,0.0
1940-06-23,189.0,67.0,64.0,0.0,0.0
1940-06-24,244.0,133.0,0.0,0.0,0.0
1940-06-25,200.0,89.0,0.0,0.0,0.0
1940-06-26,222.0,67.0,0.0,0.0,0.0
1940-06-27,233.0,89.0,25.0,0.0,0.0
1940-06-28,167.0,117.0,0.0,0.0,0.0
1940-06-29,233.0,89.0,0.0,0.0,0.0
1940-06-30,233.0,111.0,0.0,0.0,0.0
1940-07-01,178.0,100.0,0.0,0.0,0.0
1940-07-02,222.0,94.0,0.0,0.0,0.0
1940-07-03,239.0,100.0,0.0,0.0,0.0
1940-07-04,222.0,111.0,0.0,0.0,0.0
1940-07-05,294.0,117.0,0.0,0.0,0.0
1940-07-06,294.0,161.0,10.0,0.0,0.0
1940-07-07,272.0,167.0,18.0,0.0,0.0
1940-07-08,272.0,150.0,71.0,0.0,0.0
1940-07-09,261.0,139.0,0.0,0.0,0.0
1940-07-10,250.0,106.0,20.0,0.0,0.0
1940-07-11,172.0,89.0,0.0,0.0,0.0
1940-07-12,200.0,67.0,0.0,0.0,0.0
1940-07-13,244.0,111.0,0.0,0.0,0.0
1940-07-14,250.0,133.0,58.0,0.0,0.0
1940-07-15,233.0,117.0,0.0,0.0,0.0
1940-07-16,272.0,111.0,0.0,0.0,0.0
1940-07-17,178.0,144.0,234.0,0.0,0.0
1940-07-18,217.0,139.0,0.0,0.0,0.0
1940-07-19,222.0,117.0,53.0,0.0,0.0
1940-07-20,239.0,133.0,178.0,0.0,0.0
1940-07-21,317.0,150.0,0.0,0.0,0.0
1940-07-22,317.0,178.0,0.0,0.0,0.0
1940-07-23,328.0,200.0,0.0,0.0,0.0
1940-07-24,294.0,189.0,56.0,0.0,0.0
1940-07-25,250.0,167.0,0.0,0.0,0.0
1940-07-26,222.0,139.0,0.0,0.0,0.0
1940-07-27,217.0,139.0,0.0,0.0,0.0
1940-07-28,200.0,139.0,76.0,0.0,0.0
1940-07-29,289.0,156.0,0.0,0.0,0.0
1940-07-30,244.0,139.0,0.0,0.0,0.0
1940-07-31,244.0,156.0,0.0,0.0,0.0
1940-08-01,167.0,139.0,48.0,0.0,0.0
1940-08-02,200.0,128.0,3.0,0.0,0.0
1940-08-03,267.0,144.0,3.0,0.0,0.0
1940-08-04,283.0,161.0,0.0,0.0,0.0
1940-08-05,233.0,144.0,0.0,0.0,0.0
1940-08-06,278.0,133.0,0.0,0.0,0.0
1940-08-07,267.0,144.0,0.0,0.0,0.0
1940-08-08,300.0,172.0,0.0,0.0,0.0
1940-08-09,233.0,161.0,0.0,0.0,0.0
1940-08-10,211.0,156.0,56.0,0.0,0.0
1940-08-11,239.0,161.0,0.0,0.0,0.0
1940-08-12,267.0,183.0,18.0,0.0,0.0
1940-08-13,294.0,183.0,0.0,0.0,0.0
1940-08-14,211.0,172.0,15.0,0.0,0.0
1940-08-15,256.0,189.0,56.0,0.0,0.0
1940-08-16,289.0,167.0,3.0,0.0,0.0
1940-08-17,250.0,139.0,33.0,0.0,0.0
1940-08-18,206.0,94.0,64.0,0.0,0.0
1940-08-19,194.0,78.0,0.0,0.0,0.0
1940-08-20,250.0,94.0,3.0,0.0,0.0
1940-08-21,233.0,106.0,13.0,0.0,0.0
1940-08-22,144.0,61.0,0.0,0.0,0.0
1940-08-23,167.0,39.0,0.0,0.0,0.0
1940-08-24,161.0,111.0,,0.0,0.0
1940-08-25,161.0,111.0,71.0,0.0,0.0
1940-08-26,156.0,128.0,3.0,0.0,0.0
1940-08-27,144.0,128.0,0.0,0.0,0.0
1940-08-28,144.0,122.0,137.0,0.0,0.0
1940-08-29,217.0,133.0,8.0,0.0,0.0
1940-08-30,189.0,128.0,13.0,0.0,0.0
1940-08-31,206.0,139.0,0.0,0.0,0.0
1940-09-01,194.0,117.0,0.0,0.0,0.0
1940-09-02,239.0,89.0,0.0,0.0,0.0
1940-09-03,289.0,167.0,0.0,0.0,0.0
1940-09-04,233.0,161.0,0.0,0.0,0.0
1940-09-05,233.0,161.0,0.0,0.0,0.0
1940-09-06,267.0,167.0,0.0,0.0,0.0
1940-09-07,289.0,156.0,0.0,0.0,0.0
1940-09-08,233.0,117.0,3.0,0.0,0.0
1940-09-09,167.0,39.0,8.0,0.0,0.0
1940-09-10,150.0,22.0,0.0,0.0,0.0
1940-09-11,172.0,39.0,0.0,0.0,0.0
1940-09-12,211.0,50.0,0.0,0.0,0.0
1940-09-13,200.0,72.0,0.0,0.0,0.0
1940-09-14,183.0,78.0,0.0,0.0,0.0
1940-09-15,194.0,106.0,0.0,0.0,0.0
1940-09-16,183.0,122.0,84.0,0.0,0.0
1940-09-17,233.0,139.0,249.0,0.0,0.0
1940-09-18,222.0,156.0,0.0,0.0,0.0
1940-09-19,194.0,150.0,0.0,0.0,0.0
1940-09-20,278.0,144.0,0.0,0.0,0.0
1940-09-21,256.0,133.0,0.0,0.0,0.0
1940-09-22,222.0,133.0,0.0,0.0,0.0
1940-09-23,200.0,122.0,538.0,0.0,0.0
1940-09-24,122.0,22.0,0.0,0.0,0.0
1940-09-25,144.0,-6.0,0.0,0.0,0.0
1940-09-26,206.0,50.0,0.0,0.0,0.0
1940-09-27,217.0,94.0,0.0,0.0,0.0
1940-09-28,156.0,83.0,0.0,0.0,0.0
1940-09-29,122.0,100.0,0.0,0.0,0.0
1940-09-30,233.0,100.0,0.0,0.0,0.0
1941-06-01,94.0,44.0,30.0,0.0,0.0
1941-06-02,122.0,72.0,0.0,0.0,0.0
1941-06-03,156.0,67.0,71.0,0.0,0.0
1941-06-04,217.0,111.0,0.0,0.0,0.0
1941-06-05,239.0,106.0,119.0,0.0,0.0
1941-06-06,156.0,67.0,119.0,0.0,0.0
1941-06-07,94.0,44.0,41.0,0.0,0.0
1941-06-08,139.0,22.0,0.0,0.0,0.0
1941-06-09,133.0,33.0,0.0,0.0,0.0
1941-06-10,117.0,56.0,58.0,0.0,0.0
1941-06-11,111.0,61.0,89.0,0.0,0.0
1941-06-12,106.0,61.0,124.0,0.0,0.0
1941-06-13,128.0,83.0,5.0,0.0,0.0
1941-06-14,194.0,94.0,0.0,0.0,0.0
1941-06-15,206.0,72.0,0.0,0.0,0.0
1941-06-16,294.0,122.0,0.0,0.0,0.0
1941-06-17,278.0,133.0,0.0,0.0,0.0
1941-06-18,306.0,189.0,0.0,0.0,0.0
1941-06-19,306.0,167.0,0.0,0.0,0.0
1941-06-20,294.0,200.0,0.0,0.0,0.0
1941-06-21,244.0,178.0,173.0,0.0,0.0
1941-06-22,261.0,106.0,0.0,0.0,0.0
1941-06-23,278.0,100.0,0.0,0.0,0.0
1941-06-24,289.0,89.0,0.0,0.0,0.0
1941-06-25,306.0,89.0,0.0,0.0,0.0
1941-06-26,322.0,206.0,46.0,0.0,0.0
1941-06-27,244.0,167.0,25.0,0.0,0.0
1941-06-28,194.0,117.0,0.0,0.0,0.0
1941-06-29,144.0,100.0,30.0,0.0,0.0
1941-06-30,294.0,122.0,0.0,0.0,0.0
1941-07-01,189.0,94.0,0.0,0.0,0.0
1941-07-02,250.0,100.0,0.0,0.0,0.0
1941-07-03,256.0,133.0,0.0,0.0,0.0
1941-07-04,272.0,139.0,0.0,0.0,0.0
1941-07-05,267.0,156.0,0.0,0.0,0.0
1941-07-06,206.0,128.0,5.0,0.0,0.0
1941-07-07,183.0,106.0,0.0,0.0,0.0
1941-07-08,217.0,89.0,30.0,0.0,0.0
1941-07-09,294.0,133.0,246.0,0.0,0.0
1941-07-10,272.0,144.0,0.0,0.0,0.0
1941-07-11,167.0,89.0,0.0,0.0,0.0
1941-07-12,256.0,100.0,0.0,0.0,0.0
1941-07-13,261.0,133.0,0.0,0.0,0.0
1941-07-14,244.0,144.0,0.0,0.0,0.0
1941-07-15,217.0,133.0,231.0,0.0,0.0
1941-07-16,217.0,122.0,0.0,0.0,0.0
1941-07-17,211.0,139.0,132.0,0.0,0.0
1941-07-18,239.0,111.0,0.0,0.0,0.0
1941-07-19,244.0,89.0,0.0,0.0,0.0
1941-07-20,278.0,156.0,0.0,0.0,0.0
1941-07-21,294.0,200.0,3.0,0.0,0.0
1941-07-22,350.0,206.0,0.0,0.0,0.0
1941-07-23,306.0,211.0,74.0,0.0,0.0
1941-07-24,300.0,217.0,0.0,0.0,0.0
1941-07-25,278.0,178.0,3.0,0.0,0.0
1941-07-26,306.0,178.0,0.0,0.0,0.0
1941-07-27,311.0,200.0,0.0,0.0,0.0
1941-07-28,294.0,211.0,0.0,0.0,0.0
1941-07-29,272.0,194.0,3.0,0.0,0.0
1941-07-30,272.0,189.0,0.0,0.0,0.0
1941-07-31,272.0,172.0,0.0,0.0,0.0
1941-08-01,294.0,167.0,0.0,0.0,0.0
1941-08-02,272.0,194.0,0.0,0.0,0.0
1941-08-03,294.0,206.0,0.0,0.0,0.0
1941-08-04,261.0,183.0,0.0,0.0,0.0
1941-08-05,239.0,178.0,0.0,0.0,0.0
1941-08-06,278.0,167.0,0.0,0.0,0.0
1941-08-07,317.0,183.0,114.0,0.0,0.0
1941-08-08,283.0,183.0,0.0,0.0,0.0
1941-08-09,267.0,172.0,0.0,0.0,0.0
1941-08-10,233.0,172.0,0.0,0.0,0.0
1941-08-11,278.0,172.0,259.0,0.0,0.0
1941-08-12,217.0,117.0,0.0,0.0,0.0
1941-08-13,228.0,100.0,0.0,0.0,0.0
1941-08-14,194.0,156.0,5.0,0.0,0.0
1941-08-15,244.0,144.0,0.0,0.0,0.0
1941-08-16,206.0,106.0,0.0,0.0,0.0
1941-08-17,228.0,100.0,0.0,0.0,0.0
1941-08-18,200.0,128.0,3.0,0.0,0.0
1941-08-19,239.0,106.0,0.0,0.0,0.0
1941-08-20,239.0,133.0,3.0,0.0,0.0
1941-08-21,256.0,117.0,51.0,0.0,0.0
1941-08-22,206.0,106.0,0.0,0.0,0.0
1941-08-23,233.0,133.0,8.0,0.0,0.0
1941-08-24,167.0,111.0,0.0,0.0,0.0
1941-08-25,128.0,89.0,221.0,0.0,0.0
1941-08-26,183.0,67.0,0.0,0.0,0.0
1941-08-27,178.0,33.0,0.0,0.0,0.0
1941-08-28,150.0,89.0,264.0,0.0,0.0
1941-08-29,228.0,144.0,610.0,0.0,0.0
1941-08-30,167.0,128.0,79.0,0.0,0.0
1941-08-31,222.0,128.0,43.0,0.0,0.0
1941-09-01,200.0,128.0,0.0,0.0,0.0
1941-09-02,200.0,122.0,0.0,0.0,0.0
1941-09-03,189.0,144.0,5.0,0.0,0.0
1941-09-04,217.0,156.0,221.0,0.0,0.0
1941-09-05,217.0,139.0,10.0,0.0,0.0
1941-09-06,200.0,100.0,0.0,0.0,0.0
1941-09-07,139.0,72.0,0.0,0.0,0.0
1941-09-08,100.0,83.0,206.0,0.0,0.0
1941-09-09,150.0,83.0,18.0,0.0,0.0
1941-09-10,139.0,56.0,0.0,0.0,0.0
1941-09-11,150.0,56.0,0.0,0.0,0.0
1941-09-12,200.0,89.0,0.0,0.0,0.0
1941-09-13,194.0,133.0,147.0,0.0,0.0
1941-09-14,189.0,150.0,838.0,0.0,0.0
1941-09-15,194.0,133.0,0.0,0.0,0.0
1941-09-16,211.0,111.0,13.0,0.0,0.0
1941-09-17,233.0,100.0,0.0,0.0,0.0
1941-09-18,167.0,111.0,33.0,0.0,0.0
1941-09-19,267.0,133.0,0.0,0.0,0.0
1941-09-20,278.0,189.0,0.0,0.0,0.0
1941-09-21,272.0,167.0,43.0,0.0,0.0
1941-09-22,167.0,100.0,0.0,0.0,0.0
1941-09-23,122.0,94.0,0.0,0.0,0.0
1941-09-24,194.0,89.0,0.0,0.0,0.0
1941-09-25,117.0,44.0,0.0,0.0,0.0
1941-09-26,167.0,11.0,0.0,0.0,0.0
1941-09-27,139.0,22.0,30.0,0.0,0.0
1941-09-28,117.0,17.0,3.0,0.0,0.0
1941-09-29,161.0,11.0,0.0,0.0,0.0
1941-09-30,111.0,56.0,28.0,0.0,0.0
1942-06-01,122.0,56.0,3.0,0.0,0.0
1942-06-02,128.0,56.0,3.0,0.0,0.0
1942-06-03,250.0,72.0,53.0,0.0,0.0
1942-06-04,222.0,139.0,0.0,0.0,0.0
1942-06-05,156.0,78.0,328.0,0.0,0.0
1942-06-06,128.0,67.0,8.0,0.0,0.0
1942-06-07,161.0,61.0,0.0,0.0,0.0
1942-06-08,167.0,83.0,0.0,0.0,0.0
1942-06-09,200.0,111.0,0.0,0.0,0.0
1942-06-10,217.0,122.0,28.0,0.0,0.0
1942-06-11,278.0,161.0,132.0,0.0,0.0
1942-06-12,222.0,67.0,0.0,0.0,0.0
1942-06-13,161.0,22.0,0.0,0.0,0.0
1942-06-14,189.0,56.0,0.0,0.0,0.0
1942-06-15,194.0,100.0,0.0,0.0,0.0
1942-06-16,167.0,78.0,18.0,0.0,0.0
1942-06-17,139.0,78.0,81.0,0.0,0.0
1942-06-18,206.0,89.0,3.0,0.0,0.0
1942-06-19,244.0,111.0,0.0,0.0,0.0
1942-06-20,194.0,106.0,3.0,0.0,0.0
1942-06-21,206.0,94.0,0.0,0.0,0.0
1942-06-22,133.0,89.0,0.0,0.0,0.0
1942-06-23,183.0,89.0,3.0,0.0,0.0
1942-06-24,172.0,72.0,3.0,0.0,0.0
1942-06-25,133.0,89.0,33.0,0.0,0.0
1942-06-26,150.0,94.0,15.0,0.0,0.0
1942-06-27,167.0,83.0,3.0,0.0,0.0
1942-06-28,217.0,100.0,74.0,0.0,0.0
1942-06-29,250.0,111.0,33.0,0.0,0.0
1942-06-30,228.0,128.0,0.0,0.0,0.0
1942-07-01,200.0,78.0,0.0,0.0,0.0
1942-07-02,183.0,94.0,84.0,0.0,0.0
1942-07-03,161.0,89.0,0.0,0.0,0.0
1942-07-04,211.0,72.0,0.0,0.0,0.0
1942-07-05,206.0,94.0,99.0,0.0,0.0
1942-07-06,217.0,72.0,0.0,0.0,0.0
1942-07-07,256.0,117.0,0.0,0.0,0.0
1942-07-08,172.0,100.0,0.0,0.0,0.0
1942-07-09,144.0,100.0,25.0,0.0,0.0
1942-07-10,267.0,117.0,3.0,0.0,0.0
1942-07-11,311.0,156.0,0.0,0.0,0.0
1942-07-12,317.0,183.0,61.0,0.0,0.0
1942-07-13,239.0,122.0,0.0,0.0,0.0
1942-07-14,256.0,117.0,0.0,0.0,0.0
1942-07-15,217.0,133.0,0.0,0.0,0.0
1942-07-16,178.0,117.0,559.0,0.0,0.0
1942-07-17,272.0,133.0,53.0,0.0,0.0
1942-07-18,278.0,178.0,18.0,0.0,0.0
1942-07-19,267.0,133.0,0.0,0.0,0.0
1942-07-20,150.0,106.0,20.0,0.0,0.0
1942-07-21,194.0,122.0,0.0,0.0,0.0
1942-07-22,267.0,139.0,0.0,0.0,0.0
1942-07-23,278.0,156.0,0.0,0.0,0.0
1942-07-24,194.0,128.0,0.0,0.0,0.0
1942-07-25,172.0,122.0,43.0,0.0,0.0
1942-07-26,244.0,139.0,0.0,0.0,0.0
1942-07-27,244.0,144.0,0.0,0.0,0.0
1942-07-28,183.0,133.0,15.0,0.0,0.0
1942-07-29,244.0,117.0,0.0,0.0,0.0
1942-07-30,211.0,156.0,38.0,0.0,0.0
1942-07-31,239.0,144.0,0.0,0.0,0.0
1942-08-01,267.0,139.0,114.0,0.0,0.0
1942-08-02,222.0,122.0,0.0,0.0,0.0
1942-08-03,244.0,106.0,0.0,0.0,0.0
1942-08-04,194.0,106.0,0.0,0.0,0.0
1942-08-05,200.0,133.0,5.0,0.0,0.0
1942-08-06,200.0,144.0,3.0,0.0,0.0
1942-08-07,194.0,139.0,0.0,0.0,0.0
1942-08-08,200.0,156.0,0.0,0.0,0.0
1942-08-09,267.0,122.0,0.0,0.0,0.0
1942-08-10,189.0,117.0,0.0,0.0,0.0
1942-08-11,233.0,94.0,0.0,0.0,0.0
1942-08-12,239.0,144.0,79.0,0.0,0.0
1942-08-13,244.0,167.0,5.0,0.0,0.0
1942-08-14,250.0,156.0,61.0,0.0,0.0
1942-08-15,189.0,122.0,0.0,0.0,0.0
1942-08-16,217.0,100.0,0.0,0.0,0.0
1942-08-17,228.0,133.0,0.0,0.0,0.0
1942-08-18,228.0,122.0,0.0,0.0,0.0
1942-08-19,300.0,161.0,0.0,0.0,0.0
1942-08-20,306.0,161.0,0.0,0.0,0.0
1942-08-21,317.0,194.0,0.0,0.0,0.0
1942-08-22,194.0,83.0,0.0,0.0,0.0
1942-08-23,172.0,61.0,0.0,0.0,0.0
1942-08-24,183.0,44.0,0.0,0.0,0.0
1942-08-25,261.0,139.0,0.0,0.0,0.0
1942-08-26,194.0,150.0,140.0,0.0,0.0
1942-08-27,206.0,144.0,33.0,0.0,0.0
1942-08-28,161.0,133.0,0.0,0.0,0.0
1942-08-29,233.0,150.0,607.0,0.0,0.0
1942-08-30,294.0,150.0,0.0,0.0,0.0
1942-08-31,256.0,189.0,58.0,0.0,0.0
1942-09-01,250.0,156.0,48.0,0.0,0.0
1942-09-02,194.0,106.0,0.0,0.0,0.0
1942-09-03,194.0,89.0,0.0,0.0,0.0
1942-09-04,233.0,94.0,3.0,0.0,0.0
1942-09-05,178.0,117.0,0.0,0.0,0.0
1942-09-06,222.0,117.0,0.0,0.0,0.0
1942-09-07,239.0,150.0,0.0,0.0,0.0
1942-09-08,183.0,144.0,0.0,0.0,0.0
1942-09-09,167.0,117.0,0.0,0.0,0.0
1942-09-10,200.0,117.0,0.0,0.0,0.0
1942-09-11,239.0,128.0,79.0,0.0,0.0
1942-09-12,228.0,106.0,0.0,0.0,0.0
1942-09-13,217.0,111.0,0.0,0.0,0.0
1942-09-14,183.0,128.0,0.0,0.0,0.0
1942-09-15,217.0,122.0,0.0,0.0,0.0
1942-09-16,228.0,94.0,43.0,0.0,0.0
1942-09-17,144.0,83.0,102.0,0.0,0.0
1942-09-18,111.0,83.0,0.0,0.0,0.0
1942-09-19,139.0,44.0,0.0,0.0,0.0
1942-09-20,189.0,50.0,0.0,0.0,0.0
1942-09-21,144.0,17.0,33.0,0.0,0.0
1942-09-22,117.0,-17.0,0.0,0.0,0.0
1942-09-23,78.0,11.0,61.0,0.0,0.0
1942-09-24,39.0,-28.0,0.0,0.0,0.0
1942-09-25,67.0,-33.0,5.0,0.0,0.0
1942-09-26,78.0,-6.0,8.0,0.0,0.0
1942-09-27,72.0,-22.0,0.0,0.0,0.0
1942-09-28,89.0,-33.0,0.0,0.0,0.0
1942-09-29,178.0,28.0,0.0,0.0,0.0
1942-09-30,156.0,61.0,0.0,0.0,0.0
1943-06-01,261.0,67.0,0.0,0.0,0.0
1943-06-02,161.0,78.0,119.0,0.0,0.0
1943-06-03,83.0,33.0,196.0,0.0,0.0
1943-06-04,172.0,33.0,3.0,0.0,0.0
1943-06-05,72.0,22.0,69.0,0.0,0.0
1943-06-06,94.0,28.0,8.0,0.0,0.0
1943-06-07,150.0,28.0,0.0,0.0,0.0
1943-06-08,167.0,56.0,10.0,0.0,0.0
1943-06-09,217.0,72.0,8.0,0.0,0.0
1943-06-10,222.0,89.0,0.0,0.0,0.0
1943-06-11,156.0,67.0,175.0,0.0,0.0
1943-06-12,250.0,56.0,119.0,0.0,0.0
1943-06-13,150.0,78.0,0.0,0.0,0.0
1943-06-14,272.0,67.0,343.0,0.0,0.0
1943-06-15,261.0,83.0,5.0,0.0,0.0
1943-06-16,117.0,72.0,3.0,0.0,0.0
1943-06-17,261.0,83.0,8.0,0.0,0.0
1943-06-18,267.0,89.0,0.0,0.0,0.0
1943-06-19,211.0,89.0,18.0,0.0,0.0
1943-06-20,167.0,106.0,3.0,0.0,0.0
1943-06-21,306.0,117.0,0.0,0.0,0.0
1943-06-22,267.0,128.0,0.0,0.0,0.0
1943-06-23,261.0,117.0,0.0,0.0,0.0
1943-06-24,300.0,178.0,0.0,0.0,0.0
1943-06-25,206.0,122.0,119.0,0.0,0.0
1943-06-26,294.0,117.0,58.0,0.0,0.0
1943-06-27,283.0,133.0,188.0,0.0,0.0
1943-06-28,161.0,83.0,0.0,0.0,0.0
1943-06-29,167.0,61.0,0.0,0.0,0.0
1943-06-30,217.0,89.0,0.0,0.0,0.0
1943-07-01,206.0,111.0,3.0,0.0,0.0
1943-07-02,217.0,117.0,15.0,0.0,0.0
1943-07-03,278.0,172.0,0.0,0.0,0.0
1943-07-04,250.0,144.0,0.0,0.0,0.0
1943-07-05,267.0,100.0,0.0,0.0,0.0
1943-07-06,167.0,94.0,0.0,0.0,0.0
1943-07-07,300.0,100.0,0.0,0.0,0.0
1943-07-08,300.0,178.0,0.0,0.0,0.0
1943-07-09,306.0,172.0,0.0,0.0,0.0
1943-07-10,300.0,167.0,0.0,0.0,0.0
1943-07-11,294.0,172.0,0.0,0.0,0.0
1943-07-12,222.0,156.0,0.0,0.0,0.0
1943-07-13,272.0,167.0,99.0,0.0,0.0
1943-07-14,261.0,128.0,0.0,0.0,0.0
1943-07-15,294.0,167.0,0.0,0.0,0.0
1943-07-16,189.0,150.0,10.0,0.0,0.0
1943-07-17,267.0,139.0,0.0,0.0,0.0
1943-07-18,228.0,150.0,10.0,0.0,0.0
1943-07-19,283.0,117.0,0.0,0.0,0.0
1943-07-20,283.0,133.0,0.0,0.0,0.0
1943-07-21,239.0,128.0,0.0,0.0,0.0
1943-07-22,267.0,128.0,0.0,0.0,0.0
1943-07-23,272.0,178.0,66.0,0.0,0.0
1943-07-24,278.0,161.0,3.0,0.0,0.0
1943-07-25,306.0,144.0,0.0,0.0,0.0
1943-07-26,300.0,156.0,51.0,0.0,0.0
1943-07-27,261.0,156.0,0.0,0.0,0.0
1943-07-28,250.0,139.0,185.0,0.0,0.0
1943-07-29,306.0,128.0,132.0,0.0,0.0
1943-07-30,294.0,161.0,0.0,0.0,0.0
1943-07-31,289.0,194.0,0.0,0.0,0.0
1943-08-01,239.0,156.0,447.0,0.0,0.0
1943-08-02,222.0,150.0,10.0,0.0,0.0
1943-08-03,189.0,133.0,0.0,0.0,0.0
1943-08-04,194.0,122.0,3.0,0.0,0.0
1943-08-05,256.0,139.0,0.0,0.0,0.0
1943-08-06,272.0,144.0,48.0,0.0,0.0
1943-08-07,261.0,161.0,3.0,0.0,0.0
1943-08-08,211.0,150.0,302.0,0.0,0.0
1943-08-09,283.0,156.0,0.0,0.0,0.0
1943-08-10,267.0,172.0,0.0,0.0,0.0
1943-08-11,267.0,161.0,0.0,0.0,0.0
1943-08-12,289.0,178.0,0.0,0.0,0.0
1943-08-13,244.0,156.0,0.0,0.0,0.0
1943-08-14,261.0,133.0,0.0,0.0,0.0
1943-08-15,239.0,144.0,0.0,0.0,0.0
1943-08-16,189.0,100.0,0.0,0.0,0.0
1943-08-17,222.0,78.0,0.0,0.0,0.0
1943-08-18,244.0,100.0,0.0,0.0,0.0
1943-08-19,211.0,133.0,0.0,0.0,0.0
1943-08-20,272.0,172.0,3.0,0.0,0.0
1943-08-21,261.0,156.0,0.0,0.0,0.0
1943-08-22,256.0,156.0,36.0,0.0,0.0
1943-08-23,233.0,150.0,0.0,0.0,0.0
1943-08-24,267.0,144.0,33.0,0.0,0.0
1943-08-25,189.0,144.0,0.0,0.0,0.0
1943-08-26,144.0,100.0,229.0,0.0,0.0
1943-08-27,178.0,94.0,0.0,0.0,0.0
1943-08-28,211.0,94.0,23.0,0.0,0.0
1943-08-29,278.0,150.0,8.0,0.0,0.0
1943-08-30,233.0,122.0,0.0,0.0,0.0
1943-08-31,267.0,161.0,5.0,0.0,0.0
1943-09-01,233.0,133.0,5.0,0.0,0.0
1943-09-02,244.0,111.0,0.0,0.0,0.0
1943-09-03,211.0,128.0,0.0,0.0,0.0
1943-09-04,189.0,106.0,244.0,0.0,0.0
1943-09-05,256.0,128.0,20.0,0.0,0.0
1943-09-06,156.0,83.0,160.0,0.0,0.0
1943-09-07,139.0,61.0,0.0,0.0,0.0
1943-09-08,150.0,61.0,8.0,0.0,0.0
1943-09-09,156.0,44.0,13.0,0.0,0.0
1943-09-10,128.0,44.0,0.0,0.0,0.0
1943-09-11,156.0,33.0,0.0,0.0,0.0
1943-09-12,144.0,50.0,0.0,0.0,0.0
1943-09-13,178.0,33.0,0.0,0.0,0.0
1943-09-14,200.0,83.0,0.0,0.0,0.0
1943-09-15,144.0,56.0,0.0,0.0,0.0
1943-09-16,117.0,28.0,0.0,0.0,0.0
1943-09-17,156.0,11.0,0.0,0.0,0.0
1943-09-18,206.0,83.0,0.0,0.0,0.0
1943-09-19,156.0,50.0,0.0,0.0,0.0
1943-09-20,133.0,17.0,0.0,0.0,0.0
1943-09-21,200.0,67.0,5.0,0.0,0.0
1943-09-22,133.0,39.0,0.0,0.0,0.0
1943-09-23,139.0,6.0,0.0,0.0,0.0
1943-09-24,117.0,,53.0,0.0,0.0
1943-09-25,156.0,17.0,0.0,0.0,0.0
1943-09-26,228.0,61.0,0.0,0.0,0.0
1943-09-27,167.0,67.0,0.0,0.0,0.0
1943-09-28,100.0,56.0,0.0,0.0,0.0
1943-09-29,122.0,67.0,0.0,0.0,0.0
1943-09-30,194.0,100.0,0.0,0.0,0.0
1944-06-01,133.0,67.0,185.0,0.0,0.0
1944-06-02,156.0,39.0,79.0,0.0,0.0
1944-06-03,50.0,17.0,53.0,0.0,0.0
1944-06-04,111.0,39.0,218.0,0.0,0.0
1944-06-05,139.0,56.0,3.0,0.0,0.0
1944-06-06,172.0,50.0,13.0,0.0,0.0
1944-06-07,217.0,44.0,0.0,0.0,0.0
1944-06-08,172.0,78.0,0.0,0.0,0.0
1944-06-09,200.0,83.0,0.0,0.0,0.0
1944-06-10,228.0,72.0,0.0,0.0,0.0
1944-06-11,183.0,122.0,3.0,0.0,0.0
1944-06-12,156.0,89.0,3.0,0.0,0.0
1944-06-13,156.0,83.0,450.0,0.0,0.0
1944-06-14,294.0,150.0,0.0,0.0,0.0
1944-06-15,294.0,161.0,0.0,0.0,0.0
1944-06-16,289.0,161.0,0.0,0.0,0.0
1944-06-17,211.0,33.0,76.0,0.0,0.0
1944-06-18,89.0,28.0,8.0,0.0,0.0
1944-06-19,233.0,72.0,0.0,0.0,0.0
1944-06-20,244.0,139.0,33.0,0.0,0.0
1944-06-21,289.0,156.0,0.0,0.0,0.0
1944-06-22,172.0,78.0,0.0,0.0,0.0
1944-06-23,250.0,83.0,10.0,0.0,0.0
1944-06-24,228.0,100.0,140.0,0.0,0.0
1944-06-25,156.0,83.0,0.0,0.0,0.0
1944-06-26,261.0,100.0,140.0,0.0,0.0
1944-06-27,294.0,139.0,160.0,0.0,0.0
1944-06-28,211.0,128.0,0.0,0.0,0.0
1944-06-29,233.0,111.0,0.0,0.0,0.0
1944-06-30,256.0,133.0,0.0,0.0,0.0
1944-07-01,244.0,128.0,0.0,0.0,0.0
1944-07-02,194.0,117.0,0.0,0.0,0.0
1944-07-03,272.0,161.0,5.0,0.0,0.0
1944-07-04,228.0,117.0,20.0,0.0,0.0
1944-07-05,156.0,94.0,10.0,0.0,0.0
1944-07-06,256.0,106.0,142.0,0.0,0.0
1944-07-07,272.0,167.0,46.0,0.0,0.0
1944-07-08,217.0,133.0,0.0,0.0,0.0
1944-07-09,178.0,106.0,0.0,0.0,0.0
1944-07-10,200.0,94.0,0.0,0.0,0.0
1944-07-11,161.0,122.0,66.0,0.0,0.0
1944-07-12,239.0,117.0,0.0,0.0,0.0
1944-07-13,244.0,106.0,0.0,0.0,0.0
1944-07-14,239.0,161.0,51.0,0.0,0.0
1944-07-15,250.0,144.0,0.0,0.0,0.0
1944-07-16,272.0,128.0,0.0,0.0,0.0
1944-07-17,200.0,128.0,0.0,0.0,0.0
1944-07-18,267.0,128.0,0.0,0.0,0.0
1944-07-19,183.0,100.0,0.0,0.0,0.0
1944-07-20,228.0,67.0,0.0,0.0,0.0
1944-07-21,256.0,122.0,0.0,0.0,0.0
1944-07-22,278.0,150.0,66.0,0.0,0.0
1944-07-23,256.0,156.0,8.0,0.0,0.0
1944-07-24,278.0,117.0,0.0,0.0,0.0
1944-07-25,289.0,183.0,0.0,0.0,0.0
1944-07-26,267.0,167.0,3.0,0.0,0.0
1944-07-27,222.0,133.0,0.0,0.0,0.0
1944-07-28,172.0,133.0,13.0,0.0,0.0
1944-07-29,233.0,133.0,20.0,0.0,0.0
1944-07-30,272.0,133.0,0.0,0.0,0.0
1944-07-31,261.0,156.0,30.0,0.0,0.0
1944-08-01,233.0,144.0,0.0,0.0,0.0
1944-08-02,267.0,161.0,0.0,0.0,0.0
1944-08-03,289.0,178.0,155.0,0.0,0.0
1944-08-04,289.0,178.0,79.0,0.0,0.0
1944-08-05,228.0,150.0,51.0,0.0,0.0
1944-08-06,194.0,133.0,0.0,0.0,0.0
1944-08-07,194.0,122.0,15.0,0.0,0.0
1944-08-08,278.0,150.0,251.0,0.0,0.0
1944-08-09,289.0,183.0,23.0,0.0,0.0
1944-08-10,311.0,206.0,10.0,0.0,0.0
1944-08-11,256.0,150.0,0.0,0.0,0.0
1944-08-12,272.0,133.0,0.0,0.0,0.0
1944-08-13,278.0,161.0,0.0,0.0,0.0
1944-08-14,233.0,139.0,0.0,0.0,0.0
1944-08-15,206.0,133.0,206.0,0.0,0.0
1944-08-16,217.0,122.0,3.0,0.0,0.0
1944-08-17,217.0,111.0,0.0,0.0,0.0
1944-08-18,206.0,83.0,0.0,0.0,0.0
1944-08-19,261.0,122.0,33.0,0.0,0.0
1944-08-20,261.0,161.0,0.0,0.0,0.0
1944-08-21,256.0,133.0,0.0,0.0,0.0
1944-08-22,228.0,111.0,0.0,0.0,0.0
1944-08-23,211.0,111.0,0.0,0.0,0.0
1944-08-24,211.0,83.0,0.0,0.0,0.0
1944-08-25,194.0,89.0,0.0,0.0,0.0
1944-08-26,200.0,133.0,0.0,0.0,0.0
1944-08-27,178.0,117.0,10.0,0.0,0.0
1944-08-28,,94.0,0.0,0.0,0.0
1944-08-29,233.0,128.0,0.0,0.0,0.0
1944-08-30,183.0,117.0,554.0,0.0,0.0
1944-08-31,139.0,100.0,,0.0,0.0
1944-09-01,178.0,117.0,0.0,0.0,0.0
1944-09-02,211.0,111.0,0.0,0.0,0.0
1944-09-03,167.0,128.0,0.0,0.0,0.0
1944-09-04,228.0,128.0,0.0,0.0,0.0
1944-09-05,206.0,83.0,0.0,0.0,0.0
1944-09-06,161.0,61.0,0.0,0.0,0.0
1944-09-07,183.0,44.0,0.0,0.0,0.0
1944-09-08,178.0,61.0,0.0,0.0,0.0
1944-09-09,211.0,122.0,28.0,0.0,0.0
1944-09-10,194.0,122.0,99.0,0.0,0.0
1944-09-11,189.0,128.0,3.0,0.0,0.0
1944-09-12,183.0,128.0,0.0,0.0,0.0
1944-09-13,133.0,83.0,10.0,0.0,0.0
1944-09-14,144.0,83.0,0.0,0.0,0.0
1944-09-15,144.0,111.0,0.0,0.0,0.0
1944-09-16,222.0,117.0,33.0,0.0,0.0
1944-09-17,228.0,128.0,0.0,0.0,0.0
1944-09-18,267.0,128.0,10.0,0.0,0.0
1944-09-19,183.0,89.0,18.0,0.0,0.0
1944-09-20,183.0,72.0,3.0,0.0,0.0
1944-09-21,178.0,83.0,0.0,0.0,0.0
1944-09-22,133.0,28.0,0.0,0.0,0.0
1944-09-23,156.0,28.0,0.0,0.0,0.0
1944-09-24,200.0,44.0,0.0,0.0,0.0
1944-09-25,172.0,100.0,0.0,0.0,0.0
1944-09-26,111.0,83.0,259.0,0.0,0.0
1944-09-27,100.0,72.0,91.0,0.0,0.0
1944-09-28,183.0,44.0,0.0,0.0,0.0
1944-09-29,167.0,44.0,0.0,0.0,0.0
1944-09-30,106.0,89.0,64.0,0.0,0.0
1945-06-01,28.0,11.0,165.0,0.0,0.0
1945-06-02,28.0,0.0,46.0,0.0,0.0
1945-06-03,94.0,6.0,0.0,0.0,0.0
1945-06-04,100.0,-6.0,0.0,0.0,0.0
1945-06-05,128.0,6.0,0.0,0.0,0.0
1945-06-06,172.0,56.0,0.0,0.0,0.0
1945-06-07,139.0,56.0,0.0,0.0,0.0
1945-06-08,128.0,72.0,15.0,0.0,0.0
1945-06-09,167.0,94.0,0.0,0.0,0.0
1945-06-10,122.0,56.0,30.0,0.0,0.0
1945-06-11,244.0,89.0,0.0,0.0,0.0
1945-06-12,206.0,100.0,13.0,0.0,0.0
1945-06-13,161.0,94.0,282.0,0.0,0.0
1945-06-14,217.0,83.0,20.0,0.0,0.0
1945-06-15,156.0,78.0,18.0,0.0,0.0
1945-06-16,189.0,83.0,99.0,0.0,0.0
1945-06-17,150.0,78.0,91.0,0.0,0.0
1945-06-18,233.0,78.0,0.0,0.0,0.0
1945-06-19,178.0,122.0,91.0,0.0,0.0
1945-06-20,244.0,117.0,0.0,0.0,0.0
1945-06-21,256.0,111.0,0.0,0.0,0.0
1945-06-22,294.0,167.0,0.0,0.0,0.0
1945-06-23,300.0,183.0,0.0,0.0,0.0
1945-06-24,261.0,144.0,28.0,0.0,0.0
1945-06-25,233.0,83.0,0.0,0.0,0.0
1945-06-26,222.0,100.0,20.0,0.0,0.0
1945-06-27,161.0,94.0,97.0,0.0,0.0
1945-06-28,128.0,89.0,135.0,0.0,0.0
1945-06-29,206.0,94.0,0.0,0.0,0.0
1945-06-30,172.0,106.0,5.0,0.0,0.0
1945-07-01,167.0,100.0,0.0,0.0,0.0
1945-07-02,222.0,100.0,0.0,0.0,0.0
1945-07-03,239.0,117.0,15.0,0.0,0.0
1945-07-04,261.0,139.0,56.0,0.0,0.0
1945-07-05,222.0,128.0,18.0,0.0,0.0
1945-07-06,233.0,111.0,48.0,0.0,0.0
1945-07-07,228.0,106.0,56.0,0.0,0.0
1945-07-08,244.0,117.0,178.0,0.0,0.0
1945-07-09,194.0,94.0,0.0,0.0,0.0
1945-07-10,189.0,72.0,0.0,0.0,0.0
1945-07-11,233.0,94.0,99.0,0.0,0.0
1945-07-12,228.0,139.0,0.0,0.0,0.0
1945-07-13,217.0,133.0,23.0,0.0,0.0
1945-07-14,200.0,111.0,0.0,0.0,0.0
1945-07-15,194.0,83.0,0.0,0.0,0.0
1945-07-16,183.0,117.0,0.0,0.0,0.0
1945-07-17,239.0,167.0,0.0,0.0,0.0
1945-07-18,244.0,144.0,0.0,0.0,0.0
1945-07-19,283.0,172.0,81.0,0.0,0.0
1945-07-20,222.0,172.0,51.0,0.0,0.0
1945-07-21,244.0,156.0,0.0,0.0,0.0
1945-07-22,300.0,161.0,48.0,0.0,0.0
1945-07-23,339.0,172.0,0.0,0.0,0.0
1945-07-24,317.0,178.0,0.0,0.0,0.0
1945-07-25,244.0,150.0,0.0,0.0,0.0
1945-07-26,194.0,139.0,86.0,0.0,0.0
1945-07-27,139.0,122.0,478.0,0.0,0.0
1945-07-28,183.0,111.0,5.0,0.0,0.0
1945-07-29,233.0,100.0,0.0,0.0,0.0
1945-07-30,183.0,150.0,109.0,0.0,0.0
1945-07-31,217.0,161.0,0.0,0.0,0.0
1945-08-01,272.0,178.0,0.0,0.0,0.0
1945-08-02,239.0,117.0,0.0,0.0,0.0
1945-08-03,256.0,106.0,0.0,0.0,0.0
1945-08-04,217.0,117.0,15.0,0.0,0.0
1945-08-05,222.0,144.0,79.0,0.0,0.0
1945-08-06,222.0,156.0,25.0,0.0,0.0
1945-08-07,228.0,122.0,0.0,0.0,0.0
1945-08-08,272.0,156.0,0.0,0.0,0.0
1945-08-09,250.0,156.0,0.0,0.0,0.0
1945-08-10,189.0,161.0,269.0,0.0,0.0
1945-08-11,250.0,167.0,3.0,0.0,0.0
1945-08-12,244.0,178.0,0.0,0.0,0.0
1945-08-13,222.0,172.0,249.0,0.0,0.0
1945-08-14,217.0,106.0,0.0,0.0,0.0
1945-08-15,239.0,100.0,0.0,0.0,0.0
1945-08-16,261.0,150.0,5.0,0.0,0.0
1945-08-17,267.0,161.0,0.0,0.0,0.0
1945-08-18,311.0,156.0,0.0,0.0,0.0
1945-08-19,311.0,206.0,0.0,0.0,0.0
1945-08-20,233.0,161.0,320.0,0.0,0.0
1945-08-21,228.0,117.0,0.0,0.0,0.0
1945-08-22,200.0,106.0,0.0,0.0,0.0
1945-08-23,217.0,83.0,0.0,0.0,0.0
1945-08-24,194.0,106.0,5.0,0.0,0.0
1945-08-25,189.0,78.0,0.0,0.0,0.0
1945-08-26,239.0,94.0,0.0,0.0,0.0
1945-08-27,278.0,172.0,97.0,0.0,0.0
1945-08-28,250.0,156.0,0.0,0.0,0.0
1945-08-29,217.0,133.0,0.0,0.0,0.0
1945-08-30,194.0,128.0,0.0,0.0,0.0
1945-08-31,189.0,144.0,226.0,0.0,0.0
1945-09-01,222.0,128.0,0.0,0.0,0.0
1945-09-02,233.0,100.0,0.0,0.0,0.0
1945-09-03,239.0,128.0,0.0,0.0,0.0
1945-09-04,239.0,133.0,0.0,0.0,0.0
1945-09-05,217.0,,0.0,0.0,0.0
1945-09-06,311.0,194.0,0.0,0.0,0.0
1945-09-07,,183.0,0.0,0.0,0.0
1945-09-08,211.0,139.0,64.0,0.0,0.0
1945-09-09,239.0,89.0,183.0,0.0,0.0
1945-09-10,144.0,72.0,5.0,0.0,0.0
1945-09-11,122.0,67.0,0.0,0.0,0.0
1945-09-12,183.0,72.0,0.0,0.0,0.0
1945-09-13,183.0,44.0,0.0,0.0,0.0
1945-09-14,217.0,78.0,0.0,0.0,0.0
1945-09-15,111.0,39.0,0.0,0.0,0.0
1945-09-16,133.0,28.0,10.0,0.0,0.0
1945-09-17,167.0,83.0,0.0,0.0,0.0
1945-09-18,144.0,122.0,213.0,0.0,0.0
1945-09-19,167.0,50.0,224.0,0.0,0.0
1945-09-20,122.0,28.0,28.0,0.0,0.0
1945-09-21,133.0,28.0,0.0,0.0,0.0
1945-09-22,133.0,83.0,236.0,0.0,0.0
1945-09-23,139.0,78.0,163.0,0.0,0.0
1945-09-24,172.0,33.0,0.0,0.0,0.0
1945-09-25,161.0,44.0,0.0,0.0,0.0
1945-09-26,133.0,39.0,71.0,0.0,0.0
1945-09-27,122.0,17.0,3.0,0.0,0.0
1945-09-28,61.0,-17.0,0.0,0.0,0.0
1945-09-29,122.0,-6.0,0.0,0.0,0.0
1945-09-30,122.0,22.0,0.0,0.0,0.0
1946-06-01,67.0,-6.0,0.0,0.0,0.0
1946-06-02,122.0,17.0,0.0,0.0,0.0
1946-06-03,211.0,50.0,0.0,0.0,0.0
1946-06-04,233.0,89.0,0.0,0.0,0.0
1946-06-05,244.0,111.0,56.0,0.0,0.0
1946-06-06,206.0,78.0,64.0,0.0,0.0
1946-06-07,139.0,72.0,30.0,0.0,0.0
1946-06-08,194.0,78.0,0.0,0.0,0.0
1946-06-09,150.0,67.0,3.0,0.0,0.0
1946-06-10,217.0,89.0,117.0,0.0,0.0
1946-06-11,278.0,144.0,0.0,0.0,0.0
1946-06-12,250.0,117.0,41.0,0.0,0.0
1946-06-13,139.0,72.0,0.0,0.0,0.0
1946-06-14,150.0,61.0,76.0,0.0,0.0
1946-06-15,161.0,117.0,0.0,0.0,0.0
1946-06-16,244.0,111.0,48.0,0.0,0.0
1946-06-17,200.0,94.0,5.0,0.0,0.0
1946-06-18,128.0,78.0,0.0,0.0,0.0
1946-06-19,122.0,72.0,0.0,0.0,0.0
1946-06-20,89.0,72.0,81.0,0.0,0.0
1946-06-21,250.0,83.0,3.0,0.0,0.0
1946-06-22,289.0,-39.0,0.0,0.0,0.0
1946-06-23,256.0,167.0,333.0,0.0,0.0
1946-06-24,178.0,72.0,193.0,0.0,0.0
1946-06-25,189.0,122.0,3.0,0.0,0.0
1946-06-26,267.0,133.0,25.0,0.0,0.0
1946-06-27,222.0,117.0,0.0,0.0,0.0
1946-06-28,222.0,117.0,58.0,0.0,0.0
1946-06-29,206.0,111.0,0.0,0.0,0.0
1946-06-30,256.0,117.0,18.0,0.0,0.0
1946-07-01,233.0,106.0,0.0,0.0,0.0
1946-07-02,228.0,111.0,0.0,0.0,0.0
1946-07-03,183.0,128.0,0.0,0.0,0.0
1946-07-04,239.0,150.0,0.0,0.0,0.0
1946-07-05,311.0,172.0,0.0,0.0,0.0
1946-07-06,217.0,117.0,5.0,0.0,0.0
1946-07-07,294.0,111.0,0.0,0.0,0.0
1946-07-08,294.0,150.0,0.0,0.0,0.0
1946-07-09,211.0,144.0,0.0,0.0,0.0
1946-07-10,283.0,128.0,0.0,0.0,0.0
1946-07-11,256.0,150.0,0.0,0.0,0.0
1946-07-12,250.0,133.0,0.0,0.0,0.0
1946-07-13,322.0,139.0,0.0,0.0,0.0
1946-07-14,217.0,111.0,0.0,0.0,0.0
1946-07-15,189.0,106.0,0.0,0.0,0.0
1946-07-16,200.0,111.0,0.0,0.0,0.0
1946-07-17,228.0,139.0,0.0,0.0,0.0
1946-07-18,,,,0.0,0.0
1946-07-19,272.0,167.0,0.0,0.0,0.0
1946-07-20,256.0,144.0,8.0,0.0,0.0
1946-07-21,222.0,122.0,33.0,0.0,0.0
1946-07-22,228.0,111.0,0.0,0.0,0.0
1946-07-23,244.0,128.0,0.0,0.0,0.0
1946-07-24,222.0,78.0,0.0,0.0,0.0
1946-07-25,233.0,106.0,0.0,0.0,0.0
1946-07-26,261.0,117.0,0.0,0.0,0.0
1946-07-27,294.0,161.0,0.0,0.0,0.0
1946-07-28,278.0,167.0,127.0,0.0,0.0
1946-07-29,211.0,161.0,0.0,0.0,0.0
1946-07-30,211.0,144.0,0.0,0.0,0.0
1946-07-31,211.0,144.0,0.0,0.0,0.0
1946-08-01,233.0,167.0,3.0,0.0,0.0
1946-08-02,294.0,172.0,0.0,0.0,0.0
1946-08-03,283.0,156.0,0.0,0.0,0.0
1946-08-04,272.0,139.0,0.0,0.0,0.0
1946-08-05,294.0,150.0,0.0,0.0,0.0
1946-08-06,294.0,183.0,0.0,0.0,0.0
1946-08-07,250.0,156.0,5.0,0.0,0.0
1946-08-08,294.0,178.0,36.0,0.0,0.0
1946-08-09,217.0,144.0,18.0,0.0,0.0
1946-08-10,167.0,106.0,0.0,0.0,0.0
1946-08-11,194.0,100.0,0.0,0.0,0.0
1946-08-12,228.0,106.0,0.0,0.0,0.0
1946-08-13,194.0,122.0,0.0,0.0,0.0
1946-08-14,222.0,133.0,3.0,0.0,0.0
1946-08-15,239.0,178.0,8.0,0.0,0.0
1946-08-16,272.0,172.0,0.0,0.0,0.0
1946-08-17,194.0,117.0,97.0,0.0,0.0
1946-08-18,183.0,117.0,48.0,0.0,0.0
1946-08-19,222.0,122.0,3.0,0.0,0.0
1946-08-20,256.0,122.0,0.0,0.0,0.0
1946-08-21,167.0,111.0,0.0,0.0,0.0
1946-08-22,167.0,100.0,0.0,0.0,0.0
1946-08-23,194.0,89.0,0.0,0.0,0.0
1946-08-24,239.0,106.0,0.0,0.0,
1946-08-25,272.0,144.0,0.0,0.0,0.0
1946-08-26,256.0,150.0,8.0,0.0,0.0
1946-08-27,178.0,94.0,46.0,0.0,0.0
1946-08-28,161.0,78.0,0.0,0.0,0.0
1946-08-29,200.0,61.0,0.0,0.0,0.0
1946-08-30,233.0,111.0,0.0,0.0,0.0
1946-08-31,272.0,78.0,0.0,0.0,0.0
1946-09-01,150.0,39.0,0.0,0.0,0.0
1946-09-02,167.0,11.0,0.0,0.0,0.0
1946-09-03,194.0,33.0,0.0,0.0,0.0
1946-09-04,200.0,94.0,0.0,0.0,0.0
1946-09-05,222.0,144.0,140.0,0.0,0.0
1946-09-06,233.0,106.0,5.0,0.0,0.0
1946-09-07,111.0,72.0,18.0,0.0,0.0
1946-09-08,100.0,72.0,41.0,0.0,0.0
1946-09-09,106.0,94.0,272.0,0.0,0.0
1946-09-10,211.0,94.0,43.0,0.0,0.0
1946-09-11,144.0,72.0,0.0,0.0,0.0
1946-09-12,144.0,56.0,0.0,0.0,0.0
1946-09-13,167.0,78.0,0.0,0.0,0.0
1946-09-14,183.0,106.0,0.0,0.0,0.0
1946-09-15,256.0,139.0,0.0,0.0,0.0
1946-09-16,228.0,144.0,0.0,0.0,0.0
1946-09-17,233.0,139.0,0.0,0.0,0.0
1946-09-18,222.0,144.0,0.0,0.0,0.0
1946-09-19,172.0,94.0,203.0,0.0,0.0
1946-09-20,183.0,78.0,30.0,0.0,0.0
1946-09-21,250.0,122.0,0.0,0.0,0.0
1946-09-22,206.0,83.0,81.0,0.0,0.0
1946-09-23,122.0,56.0,3.0,0.0,0.0
1946-09-24,117.0,33.0,58.0,0.0,0.0
1946-09-25,183.0,17.0,0.0,0.0,0.0
1946-09-26,167.0,78.0,5.0,0.0,0.0
1946-09-27,228.0,83.0,168.0,0.0,0.0
1946-09-28,111.0,33.0,0.0,0.0,0.0
1946-09-29,156.0,17.0,0.0,0.0,0.0
1946-09-30,139.0,22.0,0.0,0.0,0.0
1947-06-01,122.0,56.0,0.0,0.0,0.0
1947-06-02,128.0,33.0,0.0,0.0,0.0
1947-06-03,133.0,50.0,0.0,0.0,0.0
1947-06-04,128.0,56.0,152.0,0.0,0.0
1947-06-05,100.0,50.0,168.0,0.0,0.0
1947-06-06,100.0,61.0,18.0,0.0,0.0
1947-06-07,150.0,56.0,0.0,0.0,0.0
1947-06-08,228.0,72.0,0.0,0.0,0.0
1947-06-09,150.0,61.0,130.0,0.0,0.0
1947-06-10,111.0,56.0,211.0,0.0,0.0
1947-06-11,156.0,39.0,5.0,0.0,0.0
1947-06-12,189.0,56.0,0.0,0.0,0.0
1947-06-13,100.0,44.0,185.0,0.0,0.0
1947-06-14,128.0,78.0,13.0,0.0,0.0
1947-06-15,167.0,83.0,0.0,0.0,0.0
1947-06-16,178.0,83.0,0.0,0.0,0.0
1947-06-17,139.0,67.0,0.0,0.0,0.0
1947-06-18,200.0,83.0,0.0,0.0,0.0
1947-06-19,161.0,78.0,0.0,0.0,0.0
1947-06-20,189.0,89.0,0.0,0.0,0.0
1947-06-21,200.0,111.0,0.0,0.0,0.0
1947-06-22,183.0,122.0,0.0,0.0,0.0
1947-06-23,206.0,144.0,33.0,0.0,0.0
1947-06-24,250.0,133.0,10.0,0.0,0.0
1947-06-25,239.0,150.0,46.0,0.0,0.0
1947-06-26,272.0,139.0,0.0,0.0,0.0
1947-06-27,250.0,122.0,13.0,0.0,0.0
1947-06-28,289.0,111.0,0.0,0.0,0.0
1947-06-29,239.0,156.0,0.0,0.0,0.0
1947-06-30,172.0,111.0,69.0,0.0,0.0
1947-07-01,222.0,117.0,0.0,0.0,0.0
1947-07-02,261.0,128.0,0.0,0.0,0.0
1947-07-03,261.0,161.0,0.0,0.0,0.0
1947-07-04,294.0,133.0,3.0,0.0,0.0
1947-07-05,239.0,128.0,0.0,0.0,0.0
1947-07-06,228.0,122.0,0.0,0.0,0.0
1947-07-07,283.0,111.0,0.0,0.0,0.0
1947-07-08,250.0,122.0,0.0,0.0,0.0
1947-07-09,272.0,122.0,0.0,0.0,0.0
1947-07-10,272.0,133.0,0.0,0.0,0.0
1947-07-11,244.0,156.0,0.0,0.0,0.0
1947-07-12,222.0,150.0,0.0,0.0,0.0
1947-07-13,278.0,144.0,81.0,0.0,0.0
1947-07-14,250.0,172.0,0.0,0.0,0.0
1947-07-15,244.0,172.0,0.0,0.0,0.0
1947-07-16,300.0,150.0,0.0,0.0,0.0
1947-07-17,278.0,183.0,15.0,0.0,0.0
1947-07-18,194.0,106.0,0.0,0.0,0.0
1947-07-19,261.0,111.0,66.0,0.0,0.0
1947-07-20,194.0,94.0,8.0,0.0,0.0
1947-07-21,200.0,67.0,0.0,0.0,0.0
1947-07-22,239.0,117.0,0.0,0.0,0.0
1947-07-23,239.0,133.0,0.0,0.0,0.0
1947-07-24,289.0,128.0,0.0,0.0,0.0
1947-07-25,256.0,167.0,3.0,0.0,0.0
1947-07-26,300.0,178.0,0.0,0.0,0.0
1947-07-27,261.0,178.0,0.0,0.0,0.0
1947-07-28,350.0,194.0,0.0,0.0,0.0
1947-07-29,328.0,217.0,0.0,0.0,0.0
1947-07-30,267.0,161.0,0.0,0.0,0.0
1947-07-31,178.0,111.0,0.0,0.0,0.0
1947-08-01,267.0,111.0,0.0,0.0,0.0
1947-08-02,294.0,161.0,117.0,0.0,0.0
1947-08-03,,167.0,25.0,0.0,0.0
1947-08-04,206.0,139.0,0.0,0.0,0.0
1947-08-05,317.0,139.0,0.0,0.0,0.0
1947-08-06,256.0,183.0,0.0,0.0,0.0
1947-08-07,289.0,172.0,0.0,0.0,0.0
1947-08-08,194.0,156.0,196.0,0.0,0.0
1947-08-09,194.0,133.0,23.0,0.0,0.0
1947-08-10,322.0,144.0,3.0,0.0,0.0
1947-08-11,344.0,239.0,0.0,0.0,0.0
1947-08-12,239.0,167.0,23.0,0.0,0.0
1947-08-13,239.0,144.0,404.0,0.0,0.0
1947-08-14,250.0,150.0,0.0,0.0,0.0
1947-08-15,167.0,128.0,0.0,0.0,0.0
1947-08-16,222.0,111.0,0.0,0.0,0.0
1947-08-17,261.0,172.0,163.0,0.0,0.0
1947-08-18,233.0,172.0,0.0,0.0,0.0
1947-08-19,189.0,144.0,0.0,0.0,0.0
1947-08-20,183.0,144.0,0.0,0.0,0.0
1947-08-21,211.0,150.0,0.0,0.0,0.0
1947-08-22,261.0,156.0,0.0,0.0,0.0
1947-08-23,344.0,217.0,0.0,0.0,0.0
1947-08-24,267.0,150.0,0.0,0.0,0.0
1947-08-25,211.0,100.0,0.0,0.0,0.0
1947-08-26,250.0,94.0,0.0,0.0,0.0
1947-08-27,178.0,106.0,122.0,0.0,0.0
1947-08-28,183.0,89.0,0.0,0.0,0.0
1947-08-29,178.0,117.0,0.0,0.0,0.0
1947-08-30,239.0,144.0,0.0,0.0,0.0
1947-08-31,194.0,133.0,99.0,0.0,0.0
1947-09-01,233.0,144.0,0.0,0.0,0.0
1947-09-02,283.0,144.0,0.0,0.0,0.0
1947-09-03,289.0,139.0,0.0,0.0,0.0
1947-09-04,222.0,133.0,0.0,0.0,0.0
1947-09-05,322.0,161.0,0.0,0.0,0.0
1947-09-06,222.0,156.0,0.0,0.0,0.0
1947-09-07,178.0,139.0,0.0,0.0,0.0
1947-09-08,244.0,144.0,28.0,0.0,0.0
1947-09-09,283.0,206.0,5.0,0.0,0.0
1947-09-10,278.0,183.0,36.0,0.0,0.0
1947-09-11,194.0,128.0,25.0,0.0,0.0
1947-09-12,189.0,100.0,0.0,0.0,0.0
1947-09-13,178.0,122.0,8.0,0.0,0.0
1947-09-14,156.0,61.0,33.0,0.0,0.0
1947-09-15,139.0,50.0,8.0,0.0,0.0
1947-09-16,150.0,56.0,0.0,0.0,0.0
1947-09-17,133.0,83.0,5.0,0.0,0.0
1947-09-18,94.0,72.0,13.0,0.0,0.0
1947-09-19,94.0,67.0,117.0,0.0,0.0
1947-09-20,194.0,89.0,28.0,0.0,0.0
1947-09-21,139.0,6.0,3.0,0.0,0.0
1947-09-22,94.0,-11.0,0.0,0.0,0.0
1947-09-23,167.0,61.0,8.0,0.0,0.0
1947-09-24,83.0,0.0,0.0,0.0,0.0
1947-09-25,128.0,-6.0,0.0,0.0,0.0
1947-09-26,111.0,17.0,0.0,0.0,0.0
1947-09-27,122.0,39.0,53.0,0.0,0.0
1947-09-28,100.0,67.0,20.0,0.0,0.0
1947-09-29,83.0,-6.0,0.0,0.0,0.0
1947-09-30,-483.0,-17.0,0.0,0.0,0.0
1948-06-01,294.0,156.0,0.0,0.0,0.0
1948-06-02,322.0,178.0,0.0,0.0,0.0
1948-06-03,328.0,189.0,0.0,0.0,0.0
1948-06-04,206.0,72.0,81.0,0.0,0.0
1948-06-05,161.0,61.0,0.0,0.0,0.0
1948-06-06,233.0,44.0,0.0,0.0,0.0
1948-06-07,222.0,133.0,5.0,0.0,0.0
1948-06-08,233.0,128.0,0.0,0.0,0.0
1948-06-09,250.0,111.0,0.0,0.0,0.0
1948-06-10,256.0,128.0,8.0,0.0,0.0
1948-06-11,217.0,100.0,0.0,0.0,0.0
1948-06-12,222.0,100.0,0.0,0.0,0.0
1948-06-13,256.0,83.0,0.0,0.0,0.0
1948-06-14,167.0,61.0,0.0,0.0,0.0
1948-06-15,178.0,33.0,0.0,0.0,0.0
1948-06-16,200.0,89.0,0.0,0.0,0.0
1948-06-17,144.0,83.0,13.0,0.0,0.0
1948-06-18,122.0,83.0,109.0,0.0,0.0
1948-06-19,244.0,100.0,0.0,0.0,0.0
1948-06-20,261.0,117.0,0.0,0.0,0.0
1948-06-21,117.0,83.0,84.0,0.0,0.0
1948-06-22,106.0,72.0,488.0,0.0,0.0
1948-06-23,211.0,67.0,175.0,0.0,0.0
1948-06-24,222.0,139.0,0.0,0.0,0.0
1948-06-25,139.0,94.0,46.0,0.0,0.0
1948-06-26,133.0,78.0,0.0,0.0,0.0
1948-06-27,228.0,83.0,0.0,0.0,0.0
1948-06-28,217.0,111.0,53.0,0.0,0.0
1948-06-29,233.0,122.0,0.0,0.0,0.0
1948-06-30,200.0,89.0,0.0,0.0,0.0
1948-07-01,194.0,72.0,3.0,0.0,0.0
1948-07-02,178.0,94.0,13.0,0.0,0.0
1948-07-03,172.0,89.0,0.0,0.0,0.0
1948-07-04,244.0,100.0,0.0,0.0,0.0
1948-07-05,344.0,217.0,0.0,0.0,0.0
1948-07-06,228.0,133.0,38.0,0.0,0.0
1948-07-07,239.0,128.0,0.0,0.0,0.0
1948-07-08,261.0,133.0,0.0,0.0,0.0
1948-07-09,328.0,217.0,3.0,0.0,0.0
1948-07-10,317.0,,0.0,0.0,0.0
1948-07-11,267.0,156.0,30.0,0.0,0.0
1948-07-12,239.0,144.0,0.0,0.0,0.0
1948-07-13,200.0,128.0,0.0,0.0,0.0
1948-07-14,228.0,117.0,0.0,0.0,0.0
1948-07-15,200.0,133.0,53.0,0.0,0.0
1948-07-16,278.0,133.0,5.0,0.0,0.0
1948-07-17,250.0,161.0,5.0,0.0,0.0
1948-07-18,217.0,139.0,0.0,0.0,0.0
1948-07-19,283.0,139.0,0.0,0.0,0.0
1948-07-20,233.0,156.0,0.0,0.0,0.0
1948-07-21,172.0,94.0,218.0,0.0,0.0
1948-07-22,150.0,106.0,25.0,0.0,0.0
1948-07-23,250.0,111.0,0.0,0.0,0.0
1948-07-24,267.0,139.0,0.0,0.0,0.0
1948-07-25,250.0,150.0,236.0,0.0,0.0
1948-07-26,233.0,133.0,0.0,0.0,0.0
1948-07-27,244.0,128.0,0.0,0.0,0.0
1948-07-28,272.0,150.0,0.0,0.0,0.0
1948-07-29,200.0,156.0,226.0,0.0,0.0
1948-07-30,228.0,144.0,3.0,0.0,0.0
1948-07-31,239.0,122.0,0.0,0.0,0.0
1948-08-01,217.0,106.0,0.0,0.0,0.0
1948-08-02,244.0,117.0,0.0,0.0,0.0
1948-08-03,194.0,100.0,0.0,0.0,0.0
1948-08-04,211.0,106.0,0.0,0.0,0.0
1948-08-05,228.0,111.0,0.0,0.0,0.0
1948-08-06,250.0,117.0,0.0,0.0,0.0
1948-08-07,256.0,111.0,0.0,0.0,0.0
1948-08-08,178.0,111.0,0.0,0.0,0.0
1948-08-09,139.0,111.0,157.0,0.0,0.0
1948-08-10,211.0,122.0,33.0,0.0,0.0
1948-08-11,228.0,150.0,0.0,0.0,0.0
1948-08-12,222.0,122.0,0.0,0.0,0.0
1948-08-13,250.0,128.0,0.0,0.0,0.0
1948-08-14,261.0,122.0,0.0,0.0,0.0
1948-08-15,278.0,161.0,23.0,0.0,0.0
1948-08-16,239.0,156.0,0.0,0.0,0.0
1948-08-17,267.0,144.0,30.0,0.0,0.0
1948-08-18,239.0,139.0,0.0,0.0,0.0
1948-08-19,256.0,150.0,0.0,0.0,0.0
1948-08-20,267.0,156.0,8.0,0.0,0.0
1948-08-21,278.0,150.0,0.0,0.0,0.0
1948-08-22,239.0,133.0,0.0,0.0,0.0
1948-08-23,267.0,167.0,33.0,0.0,0.0
1948-08-24,344.0,200.0,0.0,0.0,0.0
1948-08-25,333.0,211.0,0.0,0.0,0.0
1948-08-26,289.0,189.0,0.0,0.0,0.0
1948-08-27,283.0,183.0,18.0,0.0,0.0
1948-08-28,300.0,178.0,8.0,0.0,0.0
1948-08-29,222.0,139.0,3.0,0.0,0.0
1948-08-30,228.0,111.0,0.0,0.0,0.0
1948-08-31,228.0,133.0,0.0,0.0,0.0
1948-09-01,289.0,156.0,0.0,0.0,0.0
1948-09-02,283.0,150.0,0.0,0.0,0.0
1948-09-03,322.0,167.0,0.0,0.0,0.0
1948-09-04,317.0,161.0,0.0,0.0,0.0
1948-09-05,300.0,178.0,0.0,0.0,0.0
1948-09-06,217.0,161.0,15.0,0.0,0.0
1948-09-07,200.0,106.0,0.0,0.0,0.0
1948-09-08,222.0,89.0,0.0,0.0,0.0
1948-09-09,178.0,61.0,0.0,0.0,0.0
1948-09-10,189.0,72.0,5.0,0.0,0.0
1948-09-11,300.0,139.0,0.0,0.0,0.0
1948-09-12,328.0,,0.0,0.0,0.0
1948-09-13,233.0,89.0,0.0,0.0,0.0
1948-09-14,144.0,122.0,43.0,0.0,0.0
1948-09-15,178.0,128.0,0.0,0.0,0.0
1948-09-16,328.0,139.0,0.0,0.0,0.0
1948-09-17,311.0,206.0,0.0,0.0,0.0
1948-09-18,206.0,128.0,0.0,0.0,0.0
1948-09-19,206.0,100.0,5.0,0.0,0.0
1948-09-20,172.0,106.0,0.0,0.0,0.0
1948-09-21,133.0,94.0,0.0,0.0,0.0
1948-09-22,161.0,83.0,0.0,0.0,0.0
1948-09-23,156.0,72.0,0.0,0.0,0.0
1948-09-24,183.0,100.0,0.0,0.0,0.0
1948-09-25,178.0,100.0,0.0,0.0,0.0
1948-09-26,233.0,67.0,0.0,0.0,0.0
1948-09-27,222.0,100.0,0.0,0.0,0.0
1948-09-28,244.0,94.0,0.0,0.0,0.0
1948-09-29,228.0,78.0,0.0,0.0,0.0
1948-09-30,261.0,78.0,0.0,0.0,0.0
1948-10-01,161.0,50.0,0.0,0.0,0.0
1948-10-02,156.0,22.0,0.0,0.0,0.0
1948-10-03,167.0,11.0,0.0,0.0,0.0
1948-10-04,183.0,39.0,0.0,0.0,0.0
1948-10-05,189.0,56.0,0.0,0.0,0.0
1948-10-06,178.0,117.0,0.0,0.0,0.0
1948-10-07,144.0,89.0,0.0,0.0,0.0
1948-10-08,150.0,78.0,0.0,0.0,0.0
1948-10-09,117.0,33.0,0.0,0.0,0.0
1948-10-10,89.0,11.0,8.0,0.0,0.0
1948-10-11,133.0,56.0,0.0,0.0,0.0
1948-10-12,122.0,28.0,0.0,0.0,0.0
1948-10-13,194.0,22.0,0.0,0.0,0.0
1948-10-14,161.0,39.0,0.0,0.0,0.0
1948-10-15,206.0,61.0,69.0,0.0,0.0
1948-10-16,72.0,-44.0,0.0,0.0,0.0
1948-10-17,-6.0,-72.0,0.0,0.0,0.0
1948-10-18,144.0,-39.0,0.0,0.0,0.0
1948-10-19,117.0,-6.0,0.0,0.0,0.0
1948-10-20,100.0,39.0,0.0,0.0,0.0
1948-10-21,111.0,56.0,0.0,0.0,0.0
1948-10-22,128.0,39.0,0.0,0.0,0.0
1948-10-23,117.0,-6.0,0.0,0.0,0.0
1948-10-24,172.0,22.0,0.0,0.0,0.0
1948-10-25,200.0,72.0,0.0,0.0,0.0
1948-10-26,150.0,67.0,0.0,0.0,0.0
1948-10-27,172.0,44.0,0.0,0.0,0.0
1948-10-28,161.0,56.0,0.0,0.0,0.0
1948-10-29,94.0,67.0,0.0,0.0,0.0
1948-10-30,128.0,89.0,61.0,0.0,0.0
1948-10-31,156.0,83.0,0.0,0.0,0.0
1948-11-01,161.0,67.0,0.0,0.0,0.0
1948-11-02,83.0,56.0,0.0,0.0,0.0
1948-11-03,111.0,56.0,0.0,0.0,0.0
1948-11-04,83.0,72.0,18.0,0.0,0.0
1948-11-05,100.0,72.0,452.0,0.0,0.0
1948-11-06,72.0,28.0,38.0,0.0,0.0
1948-11-07,72.0,-11.0,0.0,0.0,0.0
1948-11-08,78.0,-33.0,0.0,0.0,0.0
1948-11-09,72.0,-33.0,0.0,0.0,0.0
1948-11-10,44.0,-44.0,0.0,0.0,0.0
1948-11-11,39.0,-44.0,0.0,0.0,0.0
1948-11-12,56.0,-50.0,0.0,0.0,3.0
1948-11-13,17.0,-89.0,15.0,0.0,15.0
1948-11-14,17.0,-17.0,25.0,25.0,25.0
1948-11-15,44.0,-39.0,0.0,0.0,0.0
1948-11-16,44.0,6.0,0.0,0.0,0.0
1948-11-17,78.0,-22.0,0.0,0.0,0.0
1948-11-18,11.0,-17.0,0.0,0.0,0.0
1948-11-19,6.0,-28.0,28.0,0.0,28.0
1948-11-20,-17.0,-56.0,41.0,76.0,41.0
1948-11-21,-33.0,-94.0,0.0,51.0,0.0
1948-11-22,-67.0,-106.0,0.0,51.0,0.0
1948-11-23,-28.0,-106.0,0.0,51.0,0.0
1948-11-24,-17.0,-33.0,10.0,51.0,10.0
1948-11-25,11.0,-22.0,38.0,51.0,28.0
1948-11-26,6.0,-33.0,3.0,51.0,0.0
1948-11-27,-17.0,-56.0,0.0,51.0,0.0
1948-11-28,-22.0,-78.0,0.0,25.0,0.0
1948-11-29,-6.0,-78.0,0.0,25.0,0.0
1948-11-30,-11.0,-83.0,0.0,25.0,0.0
1948-12-01,0.0,-100.0,0.0,25.0,0.0
1948-12-02,39.0,-39.0,0.0,25.0,0.0
1948-12-03,67.0,-11.0,0.0,0.0,0.0
1948-12-04,67.0,0.0,0.0,0.0,0.0
1948-12-05,33.0,-33.0,124.0,0.0,0.0
1948-12-06,,,,0.0,2614.0
1948-12-07,-39.0,-89.0,5.0,25.0,5.0
1948-12-08,-61.0,-122.0,0.0,25.0,0.0
1948-12-09,-89.0,-228.0,0.0,25.0,0.0
1948-12-10,-100.0,-267.0,28.0,25.0,38.0
1948-12-11,-6.0,-100.0,23.0,76.0,25.0
1948-12-12,-17.0,-150.0,0.0,76.0,0.0
1948-12-13,-67.0,-156.0,0.0,76.0,0.0
1948-12-14,-28.0,-156.0,0.0,51.0,0.0
1948-12-15,-11.0,-33.0,43.0,76.0,23.0
1948-12-16,-33.0,-167.0,0.0,76.0,0.0
1948-12-17,-72.0,-172.0,0.0,76.0,0.0
1948-12-18,-33.0,-156.0,0.0,76.0,0.0
1948-12-19,-61.0,-167.0,0.0,76.0,0.0
1948-12-20,-28.0,-78.0,48.0,76.0,48.0
1948-12-21,-28.0,-117.0,8.0,127.0,8.0
1948-12-22,-111.0,-167.0,0.0,127.0,0.0
1948-12-23,-111.0,-194.0,0.0,102.0,0.0
1948-12-24,-117.0,-211.0,0.0,102.0,0.0
1948-12-25,-128.0,-256.0,0.0,102.0,0.0
1948-12-26,-94.0,-194.0,0.0,102.0,0.0
1948-12-27,-33.0,-144.0,0.0,102.0,0.0
1948-12-28,-33.0,-72.0,3.0,102.0,3.0
1948-12-29,-33.0,-117.0,0.0,76.0,0.0
1948-12-30,-39.0,-128.0,0.0,76.0,0.0
1948-12-31,-39.0,-100.0,0.0,76.0,0.0
1949-01-01,-11.0,-94.0,0.0,51.0,0.0
1949-01-02,-17.0,-72.0,0.0,51.0,0.0
1949-01-03,0.0,-50.0,0.0,51.0,0.0
1949-01-04,-6.0,-22.0,127.0,102.0,79.0
1949-01-05,-6.0,-117.0,20.0,152.0,28.0
1949-01-06,11.0,-117.0,0.0,152.0,0.0
1949-01-07,56.0,-28.0,0.0,127.0,0.0
1949-01-08,0.0,-78.0,3.0,127.0,0.0
1949-01-09,-78.0,-189.0,0.0,127.0,0.0
1949-01-10,-117.0,-206.0,0.0,127.0,0.0
1949-01-11,-89.0,-183.0,0.0,102.0,0.0
1949-01-12,-72.0,-133.0,0.0,102.0,0.0
1949-01-13,6.0,-89.0,0.0,102.0,0.0
1949-01-14,0.0,-44.0,0.0,102.0,0.0
1949-01-15,22.0,-17.0,8.0,76.0,0.0
1949-01-16,11.0,-139.0,0.0,76.0,0.0
1949-01-17,-67.0,-161.0,5.0,76.0,5.0
1949-01-18,-78.0,-200.0,0.0,76.0,0.0
1949-01-19,-200.0,-267.0,0.0,76.0,0.0
1949-01-20,-106.0,-239.0,18.0,76.0,20.0
1949-01-21,-94.0,-228.0,25.0,127.0,30.0
1949-01-22,-100.0,-239.0,0.0,127.0,0.0
1949-01-23,-39.0,-100.0,132.0,203.0,132.0
1949-01-24,-39.0,-111.0,28.0,279.0,28.0
1949-01-25,-72.0,-111.0,28.0,305.0,28.0
1949-01-26,-50.0,-161.0,0.0,305.0,0.0
1949-01-27,-83.0,-206.0,0.0,279.0,0.0
1949-01-28,-122.0,-244.0,0.0,279.0,0.0
1949-01-29,-178.0,-300.0,0.0,279.0,0.0
1949-01-30,-117.0,-217.0,0.0,254.0,0.0
1949-01-31,-56.0,-133.0,18.0,254.0,18.0
1949-02-01,-122.0,-256.0,0.0,254.0,0.0
1949-02-02,-178.0,-300.0,15.0,254.0,15.0
1949-02-03,-94.0,-189.0,10.0,279.0,10.0
1949-02-04,-67.0,-167.0,0.0,279.0,0.0
1949-02-05,-61.0,-150.0,5.0,279.0,8.0
1949-02-06,-72.0,-178.0,8.0,279.0,8.0
1949-02-07,-67.0,-211.0,0.0,279.0,0.0
1949-02-08,-56.0,-189.0,3.0,279.0,3.0
1949-02-09,-100.0,-217.0,0.0,279.0,0.0
1949-02-10,-94.0,-250.0,0.0,279.0,0.0
1949-02-11,-17.0,-133.0,0.0,254.0,0.0
1949-02-12,-17.0,-172.0,0.0,254.0,0.0
1949-02-13,-111.0,-194.0,33.0,279.0,38.0
1949-02-14,-117.0,-250.0,0.0,305.0,0.0
1949-02-15,-17.0,-133.0,5.0,279.0,5.0
1949-02-16,-83.0,-206.0,0.0,279.0,0.0
1949-02-17,-28.0,-206.0,0.0,279.0,0.0
1949-02-18,-22.0,-156.0,0.0,254.0,0.0
1949-02-19,-67.0,-144.0,5.0,279.0,10.0
1949-02-20,-72.0,-161.0,5.0,279.0,8.0
1949-02-21,-44.0,-94.0,5.0,279.0,0.0
1949-02-22,0.0,-94.0,0.0,254.0,0.0
1949-02-23,6.0,-33.0,0.0,254.0,0.0
1949-02-24,-33.0,-122.0,25.0,254.0,15.0
1949-02-25,-44.0,-150.0,0.0,254.0,0.0
1949-02-26,-22.0,-89.0,30.0,279.0,30.0
1949-02-27,-50.0,-167.0,0.0,279.0,0.0
1949-02-28,-67.0,-222.0,0.0,279.0,0.0
1949-03-01,-44.0,-144.0,0.0,254.0,0.0
1949-03-02,0.0,-72.0,0.0,254.0,0.0
1949-03-03,17.0,-83.0,0.0,254.0,0.0
1949-03-04,72.0,0.0,0.0,203.0,0.0
1949-03-05,17.0,-94.0,0.0,152.0,0.0
1949-03-06,-44.0,-161.0,0.0,127.0,0.0
1949-03-07,39.0,-111.0,0.0,76.0,0.0
1949-03-08,28.0,-111.0,0.0,76.0,0.0
1949-03-09,-50.0,-156.0,0.0,76.0,0.0
1949-03-10,-44.0,-106.0,0.0,51.0,0.0
1949-03-11,-11.0,-128.0,0.0,51.0,0.0
1949-03-12,0.0,-111.0,0.0,25.0,0.0
1949-03-13,-11.0,-144.0,0.0,0.0,0.0
1949-03-14,-94.0,-194.0,0.0,0.0,0.0
1949-03-15,-56.0,-194.0,0.0,0.0,0.0
1949-03-16,-39.0,-133.0,0.0,0.0,0.0
1949-03-17,-33.0,-150.0,0.0,0.0,0.0
1949-03-18,-67.0,-156.0,0.0,0.0,0.0
1949-03-19,-28.0,-167.0,0.0,0.0,0.0
1949-03-20,0.0,-61.0,8.0,0.0,8.0
1949-03-21,-11.0,-44.0,130.0,102.0,124.0
1949-03-22,0.0,-78.0,0.0,76.0,0.0
1949-03-23,11.0,-89.0,5.0,51.0,5.0
1949-03-24,-6.0,-22.0,170.0,51.0,23.0
1949-03-25,33.0,-6.0,30.0,51.0,0.0
1949-03-26,100.0,-28.0,0.0,0.0,0.0
1949-03-27,39.0,0.0,145.0,51.0,145.0
1949-03-28,44.0,0.0,3.0,25.0,3.0
1949-03-29,89.0,0.0,0.0,0.0,0.0
1949-03-30,56.0,6.0,0.0,0.0,0.0
1949-03-31,33.0,-22.0,0.0,0.0,0.0
1949-04-01,56.0,-44.0,0.0,0.0,0.0
1949-04-02,100.0,-44.0,0.0,0.0,0.0
1949-04-03,133.0,-50.0,0.0,0.0,0.0
1949-04-04,133.0,-11.0,3.0,0.0,0.0
1949-04-05,56.0,6.0,0.0,0.0,0.0
1949-04-06,61.0,-6.0,0.0,0.0,0.0
1949-04-07,83.0,6.0,0.0,0.0,0.0
1949-04-08,83.0,0.0,0.0,0.0,0.0
1949-04-09,83.0,-6.0,0.0,0.0,0.0
1949-04-10,189.0,-17.0,0.0,0.0,0.0
1949-04-11,206.0,39.0,0.0,0.0,0.0
1949-04-12,239.0,72.0,0.0,0.0,0.0
1949-04-13,89.0,-6.0,13.0,0.0,13.0
1949-04-14,11.0,-22.0,18.0,0.0,18.0
1949-04-15,39.0,-33.0,0.0,0.0,0.0
1949-04-16,78.0,-44.0,10.0,0.0,10.0
1949-04-17,22.0,-22.0,109.0,102.0,109.0
1949-04-18,72.0,-28.0,0.0,0.0,0.0
1949-04-19,144.0,-11.0,0.0,0.0,0.0
1949-04-20,222.0,78.0,0.0,0.0,0.0
1949-04-21,161.0,50.0,89.0,0.0,0.0
1949-04-22,189.0,44.0,0.0,0.0,0.0
1949-04-23,78.0,-6.0,0.0,0.0,0.0
1949-04-24,17.0,-39.0,0.0,0.0,0.0
1949-04-25,183.0,-22.0,0.0,0.0,0.0
1949-04-26,222.0,61.0,0.0,0.0,0.0
1949-04-27,183.0,17.0,0.0,0.0,0.0
1949-04-28,233.0,39.0,0.0,0.0,0.0
1949-04-29,256.0,106.0,0.0,0.0,0.0
1949-04-30,222.0,106.0,0.0,0.0,0.0
1949-05-01,133.0,67.0,30.0,0.0,0.0
1949-05-02,206.0,67.0,5.0,0.0,0.0
1949-05-03,189.0,106.0,178.0,0.0,0.0
1949-05-04,194.0,100.0,170.0,0.0,0.0
1949-05-05,111.0,67.0,404.0,0.0,0.0
1949-05-06,150.0,72.0,51.0,0.0,0.0
1949-05-07,211.0,50.0,0.0,0.0,0.0
1949-05-08,250.0,78.0,0.0,0.0,0.0
1949-05-09,78.0,17.0,0.0,0.0,0.0
1949-05-10,106.0,6.0,3.0,0.0,0.0
1949-05-11,222.0,39.0,0.0,0.0,0.0
1949-05-12,111.0,33.0,0.0,0.0,0.0
1949-05-13,233.0,44.0,3.0,0.0,0.0
1949-05-14,83.0,22.0,0.0,0.0,0.0
1949-05-15,128.0,11.0,0.0,0.0,0.0
1949-05-16,244.0,72.0,0.0,0.0,0.0
1949-05-17,117.0,39.0,51.0,0.0,0.0
1949-05-18,250.0,33.0,5.0,0.0,0.0
1949-05-19,61.0,17.0,5.0,0.0,0.0
1949-05-20,89.0,11.0,0.0,0.0,0.0
1949-05-21,117.0,33.0,0.0,0.0,0.0
1949-05-22,200.0,56.0,0.0,0.0,0.0
1949-05-23,150.0,39.0,15.0,0.0,0.0
1949-05-24,139.0,11.0,0.0,0.0,0.0
1949-05-25,117.0,44.0,3.0,0.0,0.0
1949-05-26,183.0,33.0,0.0,0.0,0.0
1949-05-27,144.0,28.0,0.0,0.0,0.0
1949-05-28,189.0,39.0,0.0,0.0,0.0
1949-05-29,144.0,56.0,0.0,0.0,0.0
1949-05-30,100.0,56.0,145.0,0.0,0.0
1949-05-31,161.0,56.0,0.0,0.0,0.0
1949-06-01,189.0,67.0,0.0,0.0,0.0
1949-06-02,178.0,100.0,157.0,0.0,0.0
1949-06-03,272.0,117.0,0.0,0.0,0.0
1949-06-04,167.0,94.0,0.0,0.0,0.0
1949-06-05,272.0,72.0,0.0,0.0,0.0
1949-06-06,206.0,89.0,0.0,0.0,0.0
1949-06-07,150.0,50.0,0.0,0.0,0.0
1949-06-08,139.0,56.0,0.0,0.0,0.0
1949-06-09,139.0,83.0,0.0,0.0,0.0
1949-06-10,300.0,106.0,0.0,0.0,0.0
1949-06-11,322.0,189.0,0.0,0.0,0.0
1949-06-12,294.0,161.0,89.0,0.0,0.0
1949-06-13,239.0,128.0,0.0,0.0,0.0
1949-06-14,150.0,83.0,0.0,0.0,0.0
1949-06-15,239.0,111.0,0.0,0.0,0.0
1949-06-16,189.0,111.0,15.0,0.0,0.0
1949-06-17,250.0,150.0,5.0,0.0,0.0
1949-06-18,222.0,150.0,0.0,0.0,0.0
1949-06-19,156.0,78.0,183.0,0.0,0.0
1949-06-20,144.0,72.0,142.0,0.0,0.0
1949-06-21,261.0,139.0,0.0,0.0,0.0
1949-06-22,267.0,111.0,0.0,0.0,0.0
1949-06-23,206.0,100.0,0.0,0.0,0.0
1949-06-24,272.0,106.0,0.0,0.0,0.0
1949-06-25,261.0,128.0,0.0,0.0,0.0
1949-06-26,272.0,144.0,0.0,0.0,0.0
1949-06-27,222.0,150.0,38.0,0.0,0.0
1949-06-28,283.0,144.0,0.0,0.0,0.0
1949-06-29,239.0,133.0,0.0,0.0,0.0
1949-06-30,267.0,150.0,117.0,0.0,0.0
1949-07-01,306.0,144.0,0.0,0.0,0.0
1949-07-02,267.0,144.0,0.0,0.0,0.0
1949-07-03,289.0,172.0,381.0,0.0,0.0
1949-07-04,250.0,144.0,394.0,0.0,0.0
1949-07-05,156.0,117.0,58.0,0.0,0.0
1949-07-06,122.0,111.0,206.0,0.0,0.0
1949-07-07,128.0,106.0,0.0,0.0,0.0
1949-07-08,189.0,111.0,3.0,0.0,0.0
1949-07-09,244.0,139.0,0.0,0.0,0.0
1949-07-10,250.0,117.0,0.0,0.0,0.0
1949-07-11,211.0,167.0,0.0,0.0,0.0
1949-07-12,267.0,156.0,8.0,0.0,0.0
1949-07-13,233.0,133.0,0.0,0.0,0.0
1949-07-14,283.0,150.0,18.0,0.0,0.0
1949-07-15,289.0,139.0,8.0,0.0,0.0
1949-07-16,300.0,117.0,0.0,0.0,0.0
1949-07-17,294.0,189.0,5.0,0.0,0.0
1949-07-18,261.0,144.0,5.0,0.0,0.0
1949-07-19,222.0,128.0,0.0,0.0,0.0
1949-07-20,178.0,117.0,0.0,0.0,0.0
1949-07-21,261.0,117.0,0.0,0.0,0.0
1949-07-22,250.0,111.0,0.0,0.0,0.0
1949-07-23,239.0,128.0,46.0,0.0,0.0
1949-07-24,317.0,167.0,254.0,0.0,0.0
1949-07-25,250.0,178.0,79.0,0.0,0.0
1949-07-26,311.0,194.0,23.0,0.0,0.0
1949-07-27,278.0,206.0,43.0,0.0,0.0
1949-07-28,278.0,183.0,198.0,0.0,0.0
1949-07-29,211.0,150.0,0.0,0.0,0.0
1949-07-30,244.0,106.0,0.0,0.0,0.0
1949-07-31,250.0,150.0,145.0,0.0,0.0
1949-08-01,228.0,133.0,5.0,0.0,0.0
1949-08-02,228.0,133.0,0.0,0.0,0.0
1949-08-03,256.0,133.0,0.0,0.0,0.0
1949-08-04,,,0.0,0.0,0.0
1949-08-05,261.0,150.0,0.0,0.0,0.0
1949-08-06,239.0,144.0,0.0,0.0,0.0
1949-08-07,344.0,161.0,0.0,0.0,0.0
1949-08-08,333.0,211.0,0.0,0.0,0.0
1949-08-09,317.0,211.0,0.0,0.0,0.0
1949-08-10,278.0,194.0,0.0,0.0,0.0
1949-08-11,200.0,156.0,0.0,0.0,0.0
1949-08-12,211.0,150.0,0.0,0.0,0.0
1949-08-13,228.0,150.0,0.0,0.0,0.0
1949-08-14,289.0,150.0,0.0,0.0,0.0
1949-08-15,239.0,167.0,0.0,0.0,0.0
1949-08-16,250.0,172.0,452.0,0.0,0.0
1949-08-17,239.0,167.0,10.0,0.0,0.0
1949-08-18,222.0,150.0,0.0,0.0,0.0
1949-08-19,189.0,117.0,0.0,0.0,0.0
1949-08-20,228.0,72.0,0.0,0.0,0.0
1949-08-21,256.0,128.0,0.0,0.0,0.0
1949-08-22,289.0,156.0,30.0,0.0,0.0
1949-08-23,206.0,133.0,0.0,0.0,0.0
1949-08-24,233.0,139.0,0.0,0.0,0.0
1949-08-25,294.0,189.0,18.0,0.0,0.0
1949-08-26,300.0,194.0,0.0,0.0,0.0
1949-08-27,256.0,111.0,0.0,0.0,0.0
1949-08-28,228.0,100.0,0.0,0.0,0.0
1949-08-29,261.0,106.0,0.0,0.0,0.0
1949-08-30,189.0,89.0,0.0,0.0,0.0
1949-08-31,139.0,61.0,25.0,0.0,0.0
1949-09-01,206.0,39.0,0.0,0.0,0.0
1949-09-02,272.0,111.0,0.0,0.0,0.0
1949-09-03,233.0,133.0,0.0,0.0,0.0
1949-09-04,183.0,122.0,0.0,0.0,0.0
1949-09-05,144.0,72.0,0.0,0.0,0.0
1949-09-06,172.0,89.0,0.0,0.0,0.0
1949-09-07,178.0,72.0,0.0,0.0,0.0
1949-09-08,211.0,78.0,0.0,0.0,0.0
1949-09-09,283.0,128.0,0.0,0.0,0.0
1949-09-10,189.0,122.0,0.0,0.0,0.0
1949-09-11,144.0,122.0,366.0,0.0,0.0
1949-09-12,183.0,94.0,28.0,0.0,0.0
1949-09-13,106.0,56.0,8.0,0.0,0.0
1949-09-14,150.0,44.0,3.0,0.0,0.0
1949-09-15,211.0,50.0,0.0,0.0,0.0
1949-09-16,172.0,72.0,0.0,0.0,0.0
1949-09-17,211.0,94.0,0.0,0.0,0.0
1949-09-18,200.0,94.0,15.0,0.0,0.0
1949-09-19,156.0,94.0,0.0,0.0,0.0
1949-09-20,144.0,61.0,0.0,0.0,0.0
1949-09-21,183.0,67.0,0.0,0.0,0.0
1949-09-22,139.0,61.0,0.0,0.0,0.0
1949-09-23,139.0,39.0,0.0,0.0,0.0
1949-09-24,144.0,44.0,0.0,0.0,0.0
1949-09-25,156.0,67.0,0.0,0.0,0.0
1949-09-26,167.0,94.0,86.0,0.0,0.0
1949-09-27,133.0,39.0,0.0,0.0,0.0
1949-09-28,111.0,11.0,0.0,0.0,0.0
1949-09-29,200.0,11.0,0.0,0.0,0.0
1949-09-30,172.0,67.0,0.0,0.0,0.0
1949-10-01,144.0,61.0,48.0,0.0,0.0
1949-10-02,222.0,122.0,0.0,0.0,0.0
1949-10-03,228.0,72.0,81.0,0.0,0.0
1949-10-04,189.0,56.0,0.0,0.0,0.0
1949-10-05,133.0,67.0,5.0,0.0,0.0
1949-10-06,167.0,89.0,0.0,0.0,0.0
1949-10-07,111.0,67.0,124.0,0.0,0.0
1949-10-08,106.0,72.0,475.0,0.0,0.0
1949-10-09,133.0,50.0,0.0,0.0,0.0
1949-10-10,211.0,83.0,279.0,0.0,0.0
1949-10-11,111.0,33.0,0.0,0.0,0.0
1949-10-12,172.0,22.0,0.0,0.0,0.0
1949-10-13,178.0,67.0,0.0,0.0,0.0
1949-10-14,161.0,39.0,0.0,0.0,0.0
1949-10-15,172.0,56.0,0.0,0.0,0.0
1949-10-16,206.0,89.0,0.0,0.0,0.0
1949-10-17,133.0,61.0,0.0,0.0,0.0
1949-10-18,128.0,56.0,0.0,0.0,0.0
1949-10-19,100.0,72.0,124.0,0.0,0.0
1949-10-20,106.0,28.0,10.0,0.0,0.0
1949-10-21,83.0,0.0,198.0,0.0,0.0
1949-10-22,72.0,-6.0,5.0,0.0,5.0
1949-10-23,78.0,-11.0,0.0,0.0,0.0
1949-10-24,33.0,-50.0,10.0,0.0,10.0
1949-10-25,22.0,-22.0,5.0,0.0,3.0
1949-10-26,78.0,-56.0,0.0,0.0,0.0
1949-10-27,156.0,22.0,0.0,0.0,0.0
1949-10-28,167.0,17.0,0.0,0.0,0.0
1949-10-29,178.0,67.0,0.0,0.0,0.0
1949-10-30,67.0,-39.0,0.0,0.0,0.0
1949-10-31,44.0,-78.0,0.0,0.0,0.0
1949-11-01,133.0,6.0,3.0,0.0,0.0
1949-11-02,6.0,-67.0,0.0,0.0,3.0
1949-11-03,50.0,-50.0,0.0,0.0,0.0
1949-11-04,56.0,-22.0,0.0,0.0,0.0
1949-11-05,106.0,-17.0,0.0,0.0,0.0
1949-11-06,178.0,39.0,0.0,0.0,0.0
1949-11-07,189.0,67.0,0.0,0.0,0.0
1949-11-08,89.0,11.0,0.0,0.0,0.0
1949-11-09,61.0,33.0,0.0,0.0,0.0
1949-11-10,44.0,33.0,0.0,0.0,0.0
1949-11-11,33.0,28.0,3.0,0.0,0.0
1949-11-12,33.0,11.0,91.0,0.0,0.0
1949-11-13,39.0,6.0,0.0,0.0,0.0
1949-11-14,17.0,-17.0,3.0,0.0,3.0
1949-11-15,11.0,-17.0,0.0,0.0,0.0
1949-11-16,17.0,-17.0,3.0,0.0,3.0
1949-11-17,6.0,-28.0,0.0,0.0,0.0
1949-11-18,0.0,-33.0,0.0,0.0,0.0
1949-11-19,11.0,-28.0,58.0,51.0,58.0
1949-11-20,-28.0,-89.0,0.0,51.0,0.0
1949-11-21,-39.0,-111.0,0.0,51.0,0.0
1949-11-22,17.0,-89.0,0.0,25.0,0.0
1949-11-23,-50.0,-111.0,0.0,25.0,0.0
1949-11-24,-11.0,-94.0,3.0,25.0,3.0
1949-11-25,-28.0,-106.0,0.0,0.0,0.0
1949-11-26,-22.0,-72.0,163.0,254.0,241.0
1949-11-27,11.0,-67.0,0.0,203.0,0.0
1949-11-28,89.0,6.0,5.0,102.0,0.0
1949-11-29,72.0,-11.0,0.0,76.0,0.0
1949-11-30,17.0,-100.0,0.0,51.0,0.0
1949-12-01,-61.0,-133.0,0.0,51.0,0.0
1949-12-02,-17.0,-144.0,0.0,51.0,0.0
1949-12-03,22.0,-22.0,3.0,25.0,0.0
1949-12-04,-11.0,-67.0,0.0,25.0,0.0
1949-12-05,-33.0,-100.0,0.0,51.0,0.0
1949-12-06,-28.0,-94.0,8.0,25.0,8.0
1949-12-07,-67.0,-156.0,3.0,25.0,3.0
1949-12-08,-72.0,-172.0,0.0,25.0,0.0
1949-12-09,-72.0,-144.0,0.0,25.0,0.0
1949-12-10,-6.0,-72.0,0.0,25.0,0.0
1949-12-11,78.0,-111.0,269.0,0.0,38.0
1949-12-12,-111.0,-200.0,0.0,25.0,0.0
1949-12-13,-172.0,-222.0,0.0,25.0,0.0
1949-12-14,-156.0,-250.0,0.0,25.0,0.0
1949-12-15,-83.0,-200.0,0.0,25.0,0.0
1949-12-16,0.0,-111.0,0.0,25.0,0.0
1949-12-17,6.0,-44.0,0.0,25.0,0.0
1949-12-18,-22.0,-44.0,0.0,25.0,0.0
1949-12-19,0.0,-50.0,0.0,25.0,0.0
1949-12-20,6.0,-178.0,8.0,25.0,0.0
1949-12-21,-89.0,-206.0,0.0,25.0,0.0
1949-12-22,-144.0,-222.0,0.0,25.0,0.0
1949-12-23,-156.0,-244.0,0.0,25.0,0.0
1949-12-24,-61.0,-256.0,0.0,25.0,0.0
1949-12-25,17.0,-189.0,0.0,0.0,0.0
1949-12-26,-94.0,-211.0,0.0,0.0,0.0
1949-12-27,-67.0,-172.0,3.0,25.0,3.0
1949-12-28,-83.0,-194.0,5.0,25.0,10.0
1949-12-29,-44.0,-200.0,0.0,25.0,0.0
1949-12-30,39.0,-44.0,0.0,25.0,0.0
1949-12-31,22.0,-100.0,0.0,0.0,0.0
1950-01-01,17.0,-33.0,0.0,0.0,0.0
1950-01-02,0.0,-67.0,51.0,51.0,51.0
1950-01-03,-67.0,-206.0,43.0,76.0,46.0
1950-01-04,-172.0,-239.0,10.0,102.0,13.0
1950-01-05,-156.0,-267.0,0.0,102.0,0.0
1950-01-06,-100.0,-217.0,0.0,102.0,0.0
1950-01-07,-144.0,-256.0,0.0,102.0,0.0
1950-01-08,-11.0,-161.0,0.0,102.0,0.0
1950-01-09,-6.0,-50.0,0.0,102.0,0.0
1950-01-10,-11.0,-228.0,15.0,102.0,13.0
1950-01-11,-61.0,-250.0,0.0,102.0,0.0
1950-01-12,-11.0,-156.0,0.0,102.0,0.0
1950-01-13,-44.0,-161.0,25.0,102.0,23.0
1950-01-14,-111.0,-250.0,23.0,127.0,23.0
1950-01-15,-50.0,-267.0,76.0,229.0,76.0
1950-01-16,-206.0,-294.0,0.0,229.0,0.0
1950-01-17,-111.0,-267.0,56.0,254.0,56.0
1950-01-18,-222.0,-344.0,0.0,279.0,0.0
1950-01-19,-206.0,-267.0,0.0,279.0,0.0
1950-01-20,-150.0,-239.0,36.0,305.0,36.0
1950-01-21,-78.0,-161.0,10.0,305.0,10.0
1950-01-22,-83.0,-128.0,20.0,305.0,20.0
1950-01-23,-94.0,-161.0,8.0,356.0,18.0
1950-01-24,-50.0,-122.0,142.0,483.0,180.0
1950-01-25,-117.0,-233.0,20.0,533.0,20.0
1950-01-26,-222.0,-294.0,0.0,559.0,0.0
1950-01-27,-156.0,-311.0,0.0,559.0,0.0
1950-01-28,-39.0,-183.0,3.0,533.0,3.0
1950-01-29,-183.0,-306.0,0.0,533.0,0.0
1950-01-30,-183.0,-333.0,3.0,533.0,3.0
1950-01-31,-122.0,-206.0,15.0,508.0,15.0
1950-02-01,-100.0,-239.0,0.0,508.0,0.0
1950-02-02,-100.0,-206.0,0.0,508.0,0.0
1950-02-03,-28.0,-194.0,0.0,508.0,0.0
1950-02-04,-44.0,,0.0,,0.0
1950-02-05,22.0,-67.0,0.0,432.0,0.0
1950-02-06,-28.0,-56.0,3.0,406.0,3.0
1950-02-07,-22.0,-67.0,48.0,406.0,48.0
1950-02-08,11.0,-111.0,41.0,483.0,41.0
1950-02-09,0.0,-100.0,0.0,483.0,0.0
1950-02-10,-28.0,-89.0,0.0,483.0,0.0
1950-02-11,-44.0,-150.0,0.0,483.0,0.0
1950-02-12,-67.0,-117.0,0.0,483.0,0.0
1950-02-13,-50.0,-100.0,10.0,483.0,10.0
1950-02-14,-28.0,-67.0,5.0,483.0,5.0
1950-02-15,-17.0,-117.0,0.0,483.0,0.0
1950-02-16,50.0,-117.0,0.0,457.0,0.0
1950-02-17,28.0,-83.0,0.0,457.0,0.0
1950-02-18,-22.0,-139.0,5.0,432.0,5.0
1950-02-19,-100.0,-167.0,3.0,432.0,3.0
1950-02-20,-106.0,-161.0,5.0,432.0,5.0
1950-02-21,-44.0,-122.0,0.0,432.0,0.0
1950-02-22,-56.0,-133.0,8.0,432.0,8.0
1950-02-23,-72.0,-256.0,0.0,432.0,0.0
1950-02-24,-178.0,-289.0,0.0,432.0,0.0
1950-02-25,-111.0,-256.0,0.0,432.0,0.0
1950-02-26,-178.0,-217.0,0.0,432.0,0.0
1950-02-27,6.0,-133.0,0.0,406.0,0.0
1950-02-28,-6.0,-139.0,0.0,406.0,0.0
1950-03-01,-128.0,-244.0,0.0,381.0,0.0
1950-03-02,-139.0,-289.0,0.0,381.0,0.0
1950-03-03,-83.0,-206.0,0.0,381.0,0.0
1950-03-04,44.0,-111.0,0.0,356.0,0.0
1950-03-05,39.0,-50.0,0.0,279.0,0.0
1950-03-06,0.0,-61.0,0.0,254.0,0.0
1950-03-07,11.0,-167.0,102.0,305.0,102.0
1950-03-08,-122.0,-189.0,10.0,356.0,10.0
1950-03-09,-89.0,-233.0,0.0,356.0,0.0
1950-03-10,-56.0,-178.0,0.0,330.0,0.0
1950-03-11,-128.0,-217.0,0.0,305.0,0.0
1950-03-12,-44.0,-222.0,0.0,279.0,0.0
1950-03-13,-83.0,-172.0,0.0,254.0,0.0
1950-03-14,-50.0,-161.0,0.0,254.0,0.0
1950-03-15,-17.0,-178.0,0.0,254.0,0.0
1950-03-16,-22.0,-94.0,48.0,254.0,48.0
1950-03-17,-22.0,-128.0,8.0,305.0,8.0
1950-03-18,-44.0,-172.0,0.0,279.0,0.0
1950-03-19,-39.0,-144.0,0.0,279.0,0.0
1950-03-20,-6.0,-67.0,0.0,279.0,0.0
1950-03-21,11.0,-22.0,66.0,305.0,66.0
1950-03-22,44.0,-22.0,18.0,279.0,18.0
1950-03-23,72.0,-44.0,0.0,203.0,0.0
1950-03-24,33.0,-33.0,3.0,178.0,3.0
1950-03-25,67.0,-39.0,0.0,152.0,0.0
1950-03-26,0.0,-17.0,150.0,178.0,18.0
1950-03-27,-6.0,-61.0,76.0,203.0,33.0
1950-03-28,-22.0,-83.0,0.0,203.0,0.0
1950-03-29,17.0,-133.0,0.0,178.0,0.0
1950-03-30,22.0,-72.0,0.0,178.0,0.0
1950-03-31,22.0,-28.0,0.0,152.0,0.0
1950-04-01,61.0,-39.0,0.0,127.0,0.0
1950-04-02,-11.0,-28.0,89.0,229.0,91.0
1950-04-03,0.0,-17.0,8.0,203.0,8.0
1950-04-04,11.0,-39.0,18.0,229.0,18.0
1950-04-05,6.0,-83.0,0.0,178.0,0.0
1950-04-06,44.0,-78.0,0.0,152.0,0.0
1950-04-07,22.0,-89.0,3.0,152.0,3.0
1950-04-08,-56.0,-111.0,0.0,152.0,0.0
1950-04-09,-17.0,-89.0,208.0,229.0,94.0
1950-04-10,0.0,-22.0,114.0,254.0,13.0
1950-04-11,-6.0,-72.0,0.0,229.0,0.0
1950-04-12,-50.0,-133.0,0.0,203.0,0.0
1950-04-13,11.0,-117.0,0.0,178.0,0.0
1950-04-14,39.0,-78.0,0.0,127.0,0.0
1950-04-15,100.0,-22.0,0.0,102.0,0.0
1950-04-16,144.0,44.0,0.0,25.0,0.0
1950-04-17,139.0,39.0,0.0,0.0,0.0
1950-04-18,100.0,22.0,61.0,0.0,0.0
1950-04-19,22.0,-11.0,0.0,0.0,0.0
1950-04-20,50.0,-44.0,0.0,0.0,0.0
1950-04-21,94.0,-44.0,0.0,0.0,0.0
1950-04-22,144.0,33.0,0.0,0.0,0.0
1950-04-23,33.0,-11.0,0.0,0.0,0.0
1950-04-24,17.0,-22.0,46.0,0.0,46.0
1950-04-25,-11.0,-44.0,173.0,203.0,173.0
1950-04-26,0.0,-61.0,0.0,203.0,0.0
1950-04-27,6.0,-44.0,0.0,178.0,0.0
1950-04-28,22.0,-28.0,0.0,152.0,0.0
1950-04-29,28.0,-17.0,3.0,127.0,3.0
1950-04-30,0.0,-22.0,48.0,178.0,38.0
1950-05-01,39.0,-6.0,0.0,127.0,0.0
1950-05-02,44.0,-11.0,86.0,127.0,89.0
1950-05-03,11.0,-6.0,51.0,178.0,0.0
1950-05-04,28.0,6.0,3.0,178.0,0.0
1950-05-05,94.0,11.0,630.0,51.0,0.0
1950-05-06,44.0,11.0,51.0,0.0,0.0
1950-05-07,56.0,-6.0,0.0,0.0,0.0
1950-05-08,39.0,-11.0,183.0,0.0,0.0
1950-05-09,72.0,6.0,48.0,0.0,0.0
1950-05-10,167.0,17.0,0.0,0.0,0.0
1950-05-11,222.0,50.0,0.0,0.0,0.0
1950-05-12,50.0,-6.0,18.0,0.0,0.0
1950-05-13,144.0,-22.0,0.0,0.0,0.0
1950-05-14,200.0,22.0,0.0,0.0,0.0
1950-05-15,72.0,17.0,0.0,0.0,0.0
1950-05-16,,-6.0,102.0,0.0,51.0
1950-05-17,61.0,0.0,33.0,0.0,0.0
1950-05-18,122.0,17.0,0.0,0.0,0.0
1950-05-19,144.0,50.0,10.0,0.0,0.0
1950-05-20,183.0,33.0,18.0,0.0,0.0
1950-05-21,133.0,39.0,109.0,0.0,0.0
1950-05-22,211.0,67.0,0.0,0.0,0.0
1950-05-23,211.0,83.0,51.0,0.0,0.0
1950-05-24,217.0,117.0,33.0,0.0,0.0
1950-05-25,172.0,83.0,0.0,0.0,0.0
1950-05-26,139.0,61.0,0.0,0.0,0.0
1950-05-27,211.0,28.0,0.0,0.0,0.0
1950-05-28,178.0,78.0,0.0,0.0,0.0
1950-05-29,183.0,67.0,0.0,0.0,0.0
1950-05-30,128.0,61.0,99.0,0.0,0.0
1950-05-31,178.0,72.0,0.0,0.0,0.0
1950-06-01,211.0,89.0,15.0,0.0,0.0
1950-06-02,161.0,56.0,0.0,0.0,0.0
1950-06-03,172.0,33.0,0.0,0.0,0.0
1950-06-04,189.0,94.0,0.0,0.0,0.0
1950-06-05,294.0,94.0,0.0,0.0,0.0
1950-06-06,156.0,56.0,0.0,0.0,0.0
1950-06-07,272.0,56.0,0.0,0.0,0.0
1950-06-08,106.0,50.0,15.0,0.0,0.0
1950-06-09,189.0,56.0,0.0,0.0,0.0
1950-06-10,206.0,83.0,0.0,0.0,0.0
1950-06-11,172.0,78.0,0.0,0.0,0.0
1950-06-12,272.0,117.0,234.0,0.0,0.0
1950-06-13,283.0,106.0,0.0,0.0,0.0
1950-06-14,189.0,78.0,0.0,0.0,0.0
1950-06-15,222.0,100.0,0.0,0.0,0.0
1950-06-16,167.0,67.0,3.0,0.0,0.0
1950-06-17,128.0,33.0,0.0,0.0,0.0
1950-06-18,178.0,61.0,0.0,0.0,0.0
1950-06-19,261.0,83.0,10.0,0.0,0.0
1950-06-20,172.0,83.0,64.0,0.0,0.0
1950-06-21,222.0,56.0,0.0,0.0,0.0
1950-06-22,156.0,72.0,81.0,0.0,0.0
1950-06-23,283.0,117.0,97.0,0.0,0.0
1950-06-24,278.0,156.0,0.0,0.0,0.0
1950-06-25,178.0,89.0,226.0,0.0,0.0
1950-06-26,172.0,89.0,18.0,0.0,0.0
1950-06-27,250.0,89.0,28.0,0.0,0.0
1950-06-28,183.0,117.0,3.0,0.0,0.0
1950-06-29,211.0,83.0,3.0,0.0,0.0
1950-06-30,194.0,56.0,0.0,0.0,0.0
1950-07-01,144.0,72.0,79.0,0.0,0.0
1950-07-02,200.0,89.0,3.0,0.0,0.0
1950-07-03,133.0,83.0,127.0,0.0,0.0
1950-07-04,200.0,89.0,0.0,0.0,0.0
1950-07-05,217.0,94.0,0.0,0.0,0.0
1950-07-06,261.0,139.0,0.0,0.0,0.0
1950-07-07,267.0,161.0,0.0,0.0,0.0
1950-07-08,244.0,150.0,0.0,0.0,0.0
1950-07-09,211.0,144.0,23.0,0.0,0.0
1950-07-10,228.0,133.0,0.0,0.0,0.0
1950-07-11,228.0,144.0,0.0,0.0,0.0
1950-07-12,239.0,94.0,89.0,0.0,0.0
1950-07-13,183.0,72.0,0.0,0.0,0.0
1950-07-14,122.0,72.0,58.0,0.0,0.0
1950-07-15,156.0,56.0,3.0,0.0,0.0
1950-07-16,233.0,117.0,15.0,0.0,0.0
1950-07-17,172.0,117.0,64.0,0.0,0.0
1950-07-18,256.0,139.0,0.0,0.0,0.0
1950-07-19,167.0,94.0,0.0,0.0,0.0
1950-07-20,222.0,72.0,0.0,0.0,0.0
1950-07-21,250.0,139.0,0.0,0.0,0.0
1950-07-22,256.0,139.0,79.0,0.0,0.0
1950-07-23,167.0,106.0,97.0,0.0,0.0
1950-07-24,261.0,111.0,0.0,0.0,0.0
1950-07-25,267.0,139.0,8.0,0.0,0.0
1950-07-26,283.0,139.0,0.0,0.0,0.0
1950-07-27,294.0,161.0,0.0,0.0,0.0
1950-07-28,317.0,189.0,0.0,0.0,0.0
1950-07-29,311.0,139.0,0.0,0.0,0.0
1950-07-30,139.0,100.0,0.0,0.0,0.0
1950-07-31,122.0,83.0,241.0,0.0,0.0
1950-08-01,117.0,83.0,71.0,0.0,0.0
1950-08-02,206.0,94.0,33.0,0.0,0.0
1950-08-03,194.0,94.0,0.0,0.0,0.0
1950-08-04,217.0,72.0,0.0,0.0,0.0
1950-08-05,222.0,83.0,0.0,0.0,0.0
1950-08-06,211.0,128.0,0.0,0.0,0.0
1950-08-07,244.0,156.0,0.0,0.0,0.0
1950-08-08,306.0,156.0,18.0,0.0,0.0
1950-08-09,294.0,144.0,43.0,0.0,0.0
1950-08-10,189.0,72.0,0.0,0.0,0.0
1950-08-11,211.0,61.0,0.0,0.0,0.0
1950-08-12,228.0,72.0,0.0,0.0,0.0
1950-08-13,217.0,89.0,0.0,0.0,0.0
1950-08-14,217.0,139.0,140.0,0.0,0.0
1950-08-15,283.0,156.0,0.0,0.0,0.0
1950-08-16,267.0,144.0,0.0,0.0,0.0
1950-08-17,183.0,72.0,0.0,0.0,0.0
1950-08-18,194.0,50.0,0.0,0.0,0.0
1950-08-19,133.0,56.0,3.0,0.0,0.0
1950-08-20,211.0,44.0,0.0,0.0,0.0
1950-08-21,178.0,83.0,0.0,0.0,0.0
1950-08-22,233.0,83.0,3.0,0.0,0.0
1950-08-23,194.0,78.0,0.0,0.0,0.0
1950-08-24,133.0,72.0,269.0,0.0,0.0
1950-08-25,167.0,61.0,0.0,0.0,0.0
1950-08-26,139.0,67.0,0.0,0.0,0.0
1950-08-27,222.0,83.0,0.0,0.0,0.0
1950-08-28,156.0,106.0,0.0,0.0,0.0
1950-08-29,183.0,89.0,0.0,0.0,0.0
1950-08-30,250.0,78.0,0.0,0.0,0.0
1950-08-31,256.0,133.0,0.0,0.0,0.0
1950-09-01,222.0,94.0,0.0,0.0,0.0
1950-09-02,239.0,106.0,0.0,0.0,0.0
1950-09-03,211.0,89.0,3.0,0.0,0.0
1950-09-04,222.0,83.0,0.0,0.0,0.0
1950-09-05,250.0,67.0,0.0,0.0,0.0
1950-09-06,261.0,106.0,0.0,0.0,0.0
1950-09-07,272.0,111.0,0.0,0.0,0.0
1950-09-08,244.0,117.0,0.0,0.0,0.0
1950-09-09,167.0,111.0,0.0,0.0,0.0
1950-09-10,133.0,83.0,0.0,0.0,0.0
1950-09-11,83.0,61.0,97.0,0.0,0.0
1950-09-12,100.0,78.0,10.0,0.0,0.0
1950-09-13,144.0,83.0,5.0,0.0,0.0
1950-09-14,194.0,94.0,0.0,0.0,0.0
1950-09-15,189.0,72.0,0.0,0.0,0.0
1950-09-16,139.0,83.0,3.0,0.0,0.0
1950-09-17,167.0,83.0,3.0,0.0,0.0
1950-09-18,217.0,122.0,150.0,0.0,0.0
1950-09-19,128.0,78.0,0.0,0.0,0.0
1950-09-20,211.0,78.0,0.0,0.0,0.0
1950-09-21,94.0,56.0,0.0,0.0,0.0
1950-09-22,217.0,89.0,0.0,0.0,0.0
1950-09-23,156.0,11.0,0.0,0.0,0.0
1950-09-24,200.0,17.0,0.0,0.0,0.0
1950-09-25,283.0,94.0,0.0,0.0,0.0
1950-09-26,233.0,117.0,0.0,0.0,0.0
1950-09-27,183.0,94.0,3.0,0.0,0.0
1950-09-28,211.0,67.0,0.0,0.0,0.0
1950-09-29,128.0,94.0,46.0,0.0,0.0
1950-09-30,106.0,83.0,41.0,0.0,0.0
1950-10-01,139.0,89.0,366.0,0.0,0.0
1950-10-02,117.0,22.0,320.0,0.0,0.0
1950-10-03,78.0,-11.0,0.0,0.0,0.0
1950-10-04,122.0,-6.0,0.0,0.0,0.0
1950-10-05,94.0,11.0,0.0,0.0,0.0
1950-10-06,133.0,67.0,0.0,0.0,0.0
1950-10-07,194.0,67.0,15.0,0.0,0.0
1950-10-08,139.0,44.0,0.0,0.0,0.0
1950-10-09,133.0,11.0,0.0,0.0,0.0
1950-10-10,172.0,39.0,0.0,0.0,0.0
1950-10-11,172.0,33.0,0.0,0.0,0.0
1950-10-12,150.0,44.0,0.0,0.0,0.0
1950-10-13,122.0,11.0,8.0,0.0,0.0
1950-10-14,89.0,22.0,64.0,0.0,0.0
1950-10-15,83.0,33.0,23.0,0.0,0.0
1950-10-16,178.0,61.0,0.0,0.0,0.0
1950-10-17,106.0,22.0,0.0,0.0,0.0
1950-10-18,228.0,56.0,0.0,0.0,0.0
1950-10-19,139.0,17.0,0.0,0.0,0.0
1950-10-20,150.0,-17.0,0.0,0.0,0.0
1950-10-21,89.0,11.0,0.0,0.0,0.0
1950-10-22,22.0,0.0,20.0,0.0,20.0
1950-10-23,67.0,-22.0,0.0,0.0,0.0
1950-10-24,89.0,11.0,0.0,0.0,0.0
1950-10-25,89.0,-33.0,0.0,0.0,0.0
1950-10-26,100.0,28.0,0.0,0.0,0.0
1950-10-27,128.0,56.0,0.0,0.0,0.0
1950-10-28,172.0,56.0,0.0,0.0,0.0
1950-10-29,217.0,67.0,0.0,0.0,0.0
1950-10-30,178.0,44.0,0.0,0.0,0.0
1950-10-31,228.0,50.0,0.0,0.0,0.0
1950-11-01,100.0,11.0,81.0,0.0,0.0
1950-11-02,33.0,-11.0,0.0,0.0,0.0
1950-11-03,22.0,-72.0,0.0,0.0,0.0
1950-11-04,22.0,-83.0,0.0,0.0,0.0
1950-11-05,67.0,-6.0,0.0,0.0,0.0
1950-11-06,67.0,6.0,10.0,0.0,0.0
1950-11-07,11.0,-11.0,0.0,0.0,0.0
1950-11-08,17.0,-22.0,74.0,25.0,74.0
1950-11-09,-11.0,-72.0,8.0,25.0,10.0
1950-11-10,-67.0,-133.0,0.0,25.0,0.0
1950-11-11,-61.0,-122.0,0.0,25.0,0.0
1950-11-12,-78.0,-150.0,0.0,25.0,0.0
1950-11-13,11.0,-89.0,0.0,0.0,0.0
1950-11-14,72.0,-17.0,0.0,0.0,0.0
1950-11-15,67.0,0.0,0.0,0.0,0.0
1950-11-16,11.0,-78.0,284.0,102.0,102.0
1950-11-17,6.0,-122.0,0.0,76.0,0.0
1950-11-18,67.0,-44.0,0.0,51.0,0.0
1950-11-19,-22.0,-150.0,0.0,51.0,0.0
1950-11-20,-56.0,-156.0,0.0,51.0,0.0
1950-11-21,-33.0,-100.0,0.0,51.0,0.0
1950-11-22,-17.0,-61.0,38.0,102.0,38.0
1950-11-23,-78.0,-206.0,13.0,76.0,13.0
1950-11-24,-56.0,-172.0,0.0,76.0,0.0
1950-11-25,-33.0,-89.0,0.0,76.0,0.0
1950-11-26,-44.0,-94.0,0.0,76.0,0.0
1950-11-27,-56.0,-117.0,0.0,51.0,0.0
1950-11-28,-44.0,-83.0,0.0,51.0,3.0
1950-11-29,-44.0,-128.0,0.0,51.0,0.0
1950-11-30,-94.0,-161.0,0.0,51.0,0.0
1950-12-01,-50.0,-178.0,0.0,51.0,0.0
1950-12-02,6.0,-56.0,69.0,76.0,79.0
1950-12-03,-56.0,-172.0,51.0,102.0,51.0
1950-12-04,-122.0,-211.0,0.0,102.0,0.0
1950-12-05,-72.0,-133.0,30.0,127.0,41.0
1950-12-06,-6.0,-72.0,457.0,584.0,584.0
1950-12-07,6.0,-61.0,94.0,635.0,94.0
1950-12-08,-44.0,-72.0,15.0,559.0,15.0
1950-12-09,-50.0,-106.0,0.0,508.0,0.0
1950-12-10,-67.0,-122.0,0.0,508.0,0.0
1950-12-11,-50.0,-144.0,10.0,508.0,10.0
1950-12-12,-33.0,-106.0,0.0,508.0,0.0
1950-12-13,-106.0,-167.0,0.0,508.0,0.0
1950-12-14,-106.0,-200.0,8.0,508.0,8.0
1950-12-15,-106.0,-183.0,5.0,508.0,5.0
1950-12-16,-133.0,-267.0,0.0,483.0,0.0
1950-12-17,-133.0,-233.0,0.0,483.0,0.0
1950-12-18,-111.0,-206.0,0.0,457.0,0.0
1950-12-19,-94.0,-189.0,0.0,457.0,0.0
1950-12-20,-78.0,-189.0,0.0,457.0,0.0
1950-12-21,-78.0,-172.0,28.0,483.0,28.0
1950-12-22,-44.0,-133.0,0.0,457.0,0.0
1950-12-23,56.0,-150.0,0.0,432.0,0.0
1950-12-24,-144.0,-228.0,0.0,432.0,0.0
1950-12-25,-139.0,-233.0,0.0,432.0,0.0
1950-12-26,-183.0,-278.0,0.0,432.0,0.0
1950-12-27,-139.0,-256.0,0.0,432.0,0.0
1950-12-28,-67.0,-189.0,0.0,432.0,0.0
1950-12-29,-106.0,-183.0,0.0,432.0,0.0
1950-12-30,-89.0,-194.0,0.0,432.0,0.0
1950-12-31,17.0,-167.0,0.0,406.0,0.0
1951-01-01,11.0,-161.0,0.0,381.0,0.0
1951-01-02,-106.0,-189.0,0.0,381.0,0.0
1951-01-03,-61.0,-183.0,3.0,381.0,3.0
1951-01-04,-61.0,-128.0,33.0,406.0,33.0
1951-01-05,-128.0,-228.0,0.0,406.0,0.0
1951-01-06,-167.0,-272.0,0.0,406.0,0.0
1951-01-07,-122.0,-239.0,0.0,406.0,0.0
1951-01-08,-94.0,-222.0,0.0,381.0,0.0
1951-01-09,-11.0,-144.0,0.0,356.0,0.0
1951-01-10,-22.0,-111.0,0.0,330.0,0.0
1951-01-11,-61.0,-172.0,0.0,330.0,0.0
1951-01-12,-44.0,-183.0,0.0,305.0,0.0
1951-01-13,-11.0,-78.0,13.0,305.0,13.0
1951-01-14,-22.0,-50.0,0.0,305.0,0.0
1951-01-15,-28.0,-133.0,0.0,305.0,0.0
1951-01-16,-11.0,-122.0,0.0,305.0,0.0
1951-01-17,-6.0,-78.0,0.0,305.0,0.0
1951-01-18,17.0,-128.0,0.0,279.0,0.0
1951-01-19,-50.0,-128.0,33.0,305.0,33.0
1951-01-20,-106.0,-233.0,0.0,305.0,0.0
1951-01-21,-150.0,-267.0,0.0,305.0,0.0
1951-01-22,-78.0,-172.0,41.0,356.0,41.0
1951-01-23,-67.0,-133.0,20.0,381.0,20.0
1951-01-24,-72.0,-183.0,0.0,381.0,0.0
1951-01-25,-122.0,-206.0,0.0,381.0,0.0
1951-01-26,-161.0,-222.0,0.0,381.0,0.0
1951-01-27,-194.0,-272.0,0.0,381.0,0.0
1951-01-28,-233.0,-317.0,0.0,381.0,0.0
1951-01-29,-256.0,-361.0,0.0,381.0,0.0
1951-01-30,-167.0,-350.0,0.0,381.0,0.0
1951-01-31,-161.0,-278.0,0.0,381.0,0.0
1951-02-01,-200.0,-311.0,0.0,381.0,0.0
1951-02-02,-117.0,-283.0,0.0,381.0,0.0
1951-02-03,-67.0,-172.0,8.0,381.0,8.0
1951-02-04,-61.0,-122.0,0.0,356.0,0.0
1951-02-05,-72.0,-133.0,15.0,356.0,15.0
1951-02-06,-50.0,-217.0,64.0,406.0,64.0
1951-02-07,-189.0,-278.0,0.0,406.0,0.0
1951-02-08,-183.0,-294.0,0.0,406.0,0.0
1951-02-09,-156.0,-289.0,0.0,406.0,0.0
1951-02-10,-33.0,-156.0,10.0,406.0,10.0
1951-02-11,-50.0,-94.0,38.0,432.0,38.0
1951-02-12,-94.0,-233.0,0.0,432.0,0.0
1951-02-13,-111.0,-289.0,0.0,432.0,0.0
1951-02-14,-83.0,-222.0,0.0,406.0,0.0
1951-02-15,-28.0,-161.0,0.0,406.0,0.0
1951-02-16,-17.0,-78.0,0.0,381.0,0.0
1951-02-17,39.0,-28.0,0.0,356.0,0.0
1951-02-18,17.0,0.0,0.0,330.0,0.0
1951-02-19,22.0,-11.0,0.0,305.0,0.0
1951-02-20,22.0,-44.0,0.0,279.0,0.0
1951-02-21,-17.0,-117.0,0.0,254.0,0.0
1951-02-22,-22.0,-50.0,3.0,254.0,3.0
1951-02-23,0.0,-50.0,0.0,229.0,0.0
1951-02-24,67.0,0.0,13.0,152.0,0.0
1951-02-25,33.0,11.0,71.0,127.0,0.0
1951-02-26,11.0,-94.0,86.0,178.0,86.0
1951-02-27,-56.0,-128.0,0.0,178.0,0.0
1951-02-28,-67.0,-122.0,66.0,229.0,66.0
1951-03-01,-67.0,-150.0,99.0,381.0,99.0
1951-03-02,-83.0,-189.0,0.0,381.0,0.0
1951-03-03,-39.0,-128.0,203.0,584.0,203.0
1951-03-04,-61.0,-183.0,0.0,584.0,0.0
1951-03-05,-11.0,-150.0,0.0,584.0,0.0
1951-03-06,0.0,-178.0,0.0,559.0,0.0
1951-03-07,-100.0,-222.0,3.0,559.0,3.0
1951-03-08,-94.0,-183.0,0.0,559.0,0.0
1951-03-09,-61.0,-211.0,0.0,559.0,0.0
1951-03-10,-50.0,-128.0,0.0,559.0,0.0
1951-03-11,-22.0,-67.0,25.0,559.0,25.0
1951-03-12,-22.0,-67.0,15.0,559.0,15.0
1951-03-13,-39.0,-72.0,13.0,559.0,13.0
1951-03-14,11.0,-72.0,0.0,533.0,0.0
1951-03-15,0.0,-106.0,0.0,508.0,0.0
1951-03-16,6.0,-156.0,0.0,483.0,0.0
1951-03-17,-6.0,-83.0,0.0,457.0,0.0
1951-03-18,-22.0,-61.0,155.0,610.0,155.0
1951-03-19,-44.0,-156.0,8.0,610.0,8.0
1951-03-20,-100.0,-194.0,0.0,610.0,0.0
1951-03-21,-61.0,-189.0,0.0,610.0,0.0
1951-03-22,11.0,-139.0,8.0,610.0,3.0
1951-03-23,-67.0,-144.0,0.0,610.0,0.0
1951-03-24,-6.0,-139.0,0.0,584.0,0.0
1951-03-25,11.0,-106.0,0.0,533.0,0.0
1951-03-26,39.0,-72.0,0.0,483.0,0.0
1951-03-27,61.0,-6.0,8.0,432.0,0.0
1951-03-28,89.0,11.0,10.0,381.0,0.0
1951-03-29,44.0,0.0,0.0,356.0,0.0
1951-03-30,6.0,-22.0,8.0,356.0,8.0
1951-03-31,0.0,-39.0,10.0,356.0,10.0
1951-04-01,17.0,-44.0,0.0,330.0,0.0
1951-04-02,44.0,-22.0,0.0,305.0,0.0
1951-04-03,78.0,0.0,0.0,254.0,0.0
1951-04-04,100.0,-22.0,0.0,178.0,0.0
1951-04-05,106.0,-11.0,0.0,127.0,0.0
1951-04-06,94.0,6.0,0.0,102.0,0.0
1951-04-07,28.0,0.0,229.0,152.0,76.0
1951-04-08,61.0,0.0,119.0,127.0,25.0
1951-04-09,39.0,0.0,0.0,76.0,0.0
1951-04-10,94.0,0.0,0.0,25.0,0.0
1951-04-11,94.0,11.0,0.0,0.0,0.0
1951-04-12,39.0,11.0,94.0,0.0,0.0
1951-04-13,67.0,0.0,0.0,0.0,0.0
1951-04-14,44.0,-33.0,0.0,0.0,0.0
1951-04-15,-6.0,-56.0,10.0,0.0,10.0
1951-04-16,17.0,-61.0,0.0,0.0,0.0
1951-04-17,50.0,-61.0,0.0,0.0,0.0
1951-04-18,83.0,-22.0,0.0,0.0,0.0
1951-04-19,78.0,-39.0,0.0,0.0,0.0
1951-04-20,56.0,-44.0,0.0,0.0,0.0
1951-04-21,6.0,-11.0,81.0,51.0,81.0
1951-04-22,39.0,-28.0,8.0,25.0,8.0
1951-04-23,100.0,-22.0,0.0,0.0,0.0
1951-04-24,100.0,17.0,0.0,0.0,0.0
1951-04-25,128.0,-6.0,0.0,0.0,0.0
1951-04-26,172.0,-17.0,0.0,0.0,0.0
1951-04-27,133.0,39.0,46.0,0.0,0.0
1951-04-28,250.0,83.0,0.0,0.0,0.0
1951-04-29,89.0,33.0,0.0,0.0,0.0
1951-04-30,117.0,39.0,28.0,0.0,0.0
1951-05-01,128.0,44.0,0.0,0.0,0.0
1951-05-02,172.0,72.0,0.0,0.0,0.0
1951-05-03,161.0,39.0,0.0,0.0,0.0
1951-05-04,111.0,17.0,0.0,0.0,0.0
1951-05-05,44.0,0.0,33.0,0.0,13.0
1951-05-06,167.0,11.0,0.0,0.0,0.0
1951-05-07,228.0,61.0,0.0,0.0,0.0
1951-05-08,250.0,56.0,0.0,0.0,0.0
1951-05-09,83.0,6.0,0.0,0.0,0.0
1951-05-10,128.0,-17.0,0.0,0.0,0.0
1951-05-11,217.0,-17.0,0.0,0.0,0.0
1951-05-12,72.0,-17.0,0.0,0.0,0.0
1951-05-13,89.0,-17.0,0.0,0.0,0.0
1951-05-14,239.0,44.0,0.0,0.0,0.0
1951-05-15,189.0,144.0,23.0,0.0,0.0
1951-05-16,144.0,17.0,38.0,0.0,0.0
1951-05-17,106.0,28.0,0.0,0.0,0.0
1951-05-18,94.0,28.0,30.0,0.0,0.0
1951-05-19,167.0,50.0,30.0,0.0,0.0
1951-05-20,250.0,94.0,28.0,0.0,0.0
1951-05-21,211.0,83.0,0.0,0.0,0.0
1951-05-22,200.0,50.0,0.0,0.0,0.0
1951-05-23,267.0,83.0,0.0,0.0,0.0
1951-05-24,272.0,128.0,0.0,0.0,0.0
1951-05-25,233.0,106.0,8.0,0.0,0.0
1951-05-26,111.0,89.0,254.0,0.0,0.0
1951-05-27,150.0,106.0,38.0,0.0,0.0
1951-05-28,211.0,83.0,0.0,0.0,0.0
1951-05-29,250.0,78.0,0.0,0.0,0.0
1951-05-30,139.0,72.0,10.0,0.0,0.0
1951-05-31,94.0,61.0,229.0,0.0,0.0
1951-06-01,106.0,67.0,33.0,0.0,0.0
1951-06-02,83.0,33.0,102.0,0.0,0.0
1951-06-03,78.0,11.0,94.0,0.0,0.0
1951-06-04,172.0,22.0,0.0,0.0,0.0
1951-06-05,200.0,94.0,0.0,0.0,0.0
1951-06-06,122.0,56.0,0.0,0.0,0.0
1951-06-07,122.0,50.0,0.0,0.0,0.0
1951-06-08,156.0,39.0,0.0,0.0,0.0
1951-06-09,189.0,83.0,74.0,0.0,0.0
1951-06-10,233.0,61.0,0.0,0.0,0.0
1951-06-11,150.0,56.0,3.0,0.0,0.0
1951-06-12,139.0,56.0,0.0,0.0,0.0
1951-06-13,189.0,50.0,0.0,0.0,0.0
1951-06-14,244.0,78.0,0.0,0.0,0.0
1951-06-15,272.0,150.0,0.0,0.0,0.0
1951-06-16,250.0,128.0,0.0,0.0,0.0
1951-06-17,261.0,139.0,8.0,0.0,0.0
1951-06-18,244.0,117.0,0.0,0.0,0.0
1951-06-19,233.0,100.0,104.0,0.0,0.0
1951-06-20,239.0,117.0,610.0,0.0,0.0
1951-06-21,244.0,83.0,0.0,0.0,0.0
1951-06-22,122.0,78.0,23.0,0.0,0.0
1951-06-23,222.0,100.0,46.0,0.0,0.0
1951-06-24,200.0,111.0,41.0,0.0,0.0
1951-06-25,139.0,94.0,36.0,0.0,0.0
1951-06-26,228.0,94.0,86.0,0.0,0.0
1951-06-27,228.0,122.0,0.0,0.0,0.0
1951-06-28,178.0,78.0,15.0,0.0,0.0
1951-06-29,194.0,83.0,0.0,0.0,0.0
1951-06-30,194.0,111.0,8.0,0.0,0.0
1951-07-01,222.0,94.0,0.0,0.0,0.0
1951-07-02,244.0,106.0,3.0,0.0,0.0
1951-07-03,128.0,94.0,231.0,0.0,0.0
1951-07-04,217.0,94.0,76.0,0.0,0.0
1951-07-05,250.0,67.0,0.0,0.0,0.0
1951-07-06,244.0,72.0,0.0,0.0,0.0
1951-07-07,289.0,161.0,196.0,0.0,0.0
1951-07-08,261.0,172.0,0.0,0.0,0.0
1951-07-09,222.0,89.0,0.0,0.0,0.0
1951-07-10,217.0,89.0,0.0,0.0,0.0
1951-07-11,233.0,106.0,0.0,0.0,0.0
1951-07-12,244.0,128.0,0.0,0.0,0.0
1951-07-13,267.0,144.0,0.0,0.0,0.0
1951-07-14,278.0,117.0,0.0,0.0,0.0
1951-07-15,150.0,89.0,8.0,0.0,0.0
1951-07-16,189.0,72.0,38.0,0.0,0.0
1951-07-17,150.0,72.0,3.0,0.0,0.0
1951-07-18,222.0,106.0,23.0,0.0,0.0
1951-07-19,228.0,78.0,0.0,0.0,0.0
1951-07-20,222.0,83.0,0.0,0.0,0.0
1951-07-21,250.0,156.0,132.0,0.0,0.0
1951-07-22,256.0,133.0,0.0,0.0,0.0
1951-07-23,289.0,128.0,0.0,0.0,0.0
1951-07-24,306.0,189.0,3.0,0.0,0.0
1951-07-25,311.0,189.0,13.0,0.0,0.0
1951-07-26,267.0,128.0,102.0,0.0,0.0
1951-07-27,206.0,117.0,3.0,0.0,0.0
1951-07-28,300.0,111.0,0.0,0.0,0.0
1951-07-29,300.0,194.0,0.0,0.0,0.0
1951-07-30,267.0,178.0,226.0,0.0,0.0
1951-07-31,261.0,150.0,0.0,0.0,0.0
1951-08-01,189.0,122.0,8.0,0.0,0.0
1951-08-02,272.0,156.0,56.0,0.0,0.0
1951-08-03,189.0,89.0,0.0,0.0,0.0
1951-08-04,200.0,67.0,0.0,0.0,0.0
1951-08-05,161.0,122.0,168.0,0.0,0.0
1951-08-06,150.0,122.0,107.0,0.0,0.0
1951-08-07,133.0,117.0,23.0,0.0,0.0
1951-08-08,211.0,122.0,5.0,0.0,0.0
1951-08-09,200.0,78.0,0.0,0.0,0.0
1951-08-10,128.0,61.0,33.0,0.0,0.0
1951-08-11,228.0,111.0,10.0,0.0,0.0
1951-08-12,183.0,89.0,0.0,0.0,0.0
1951-08-13,183.0,117.0,23.0,0.0,0.0
1951-08-14,178.0,106.0,0.0,0.0,0.0
1951-08-15,194.0,100.0,0.0,0.0,0.0
1951-08-16,183.0,89.0,0.0,0.0,0.0
1951-08-17,183.0,67.0,0.0,0.0,0.0
1951-08-18,200.0,61.0,0.0,0.0,0.0
1951-08-19,239.0,128.0,3.0,0.0,0.0
1951-08-20,167.0,106.0,127.0,0.0,0.0
1951-08-21,206.0,72.0,5.0,0.0,0.0
1951-08-22,217.0,89.0,0.0,0.0,0.0
1951-08-23,211.0,56.0,0.0,0.0,0.0
1951-08-24,239.0,156.0,0.0,0.0,0.0
1951-08-25,189.0,150.0,74.0,0.0,0.0
1951-08-26,244.0,117.0,5.0,0.0,0.0
1951-08-27,244.0,111.0,58.0,0.0,0.0
1951-08-28,172.0,106.0,549.0,0.0,0.0
1951-08-29,183.0,144.0,76.0,0.0,0.0
1951-08-30,156.0,111.0,155.0,0.0,0.0
1951-08-31,122.0,89.0,142.0,0.0,0.0
1951-09-01,111.0,78.0,0.0,0.0,0.0
1951-09-02,194.0,83.0,0.0,0.0,0.0
1951-09-03,233.0,83.0,0.0,0.0,0.0
1951-09-04,200.0,83.0,0.0,0.0,0.0
1951-09-05,133.0,100.0,124.0,0.0,0.0
1951-09-06,206.0,89.0,48.0,0.0,0.0
1951-09-07,189.0,33.0,0.0,0.0,0.0
1951-09-08,206.0,89.0,3.0,0.0,0.0
1951-09-09,161.0,139.0,102.0,0.0,0.0
1951-09-10,161.0,139.0,538.0,0.0,0.0
1951-09-11,228.0,122.0,5.0,0.0,0.0
1951-09-12,183.0,83.0,513.0,0.0,0.0
1951-09-13,183.0,72.0,5.0,0.0,0.0
1951-09-14,161.0,78.0,8.0,0.0,0.0
1951-09-15,133.0,72.0,0.0,0.0,0.0
1951-09-16,189.0,50.0,0.0,0.0,0.0
1951-09-17,178.0,67.0,0.0,0.0,0.0
1951-09-18,239.0,72.0,0.0,0.0,0.0
1951-09-19,139.0,78.0,0.0,0.0,0.0
1951-09-20,183.0,89.0,206.0,0.0,0.0
1951-09-21,100.0,56.0,58.0,0.0,0.0
1951-09-22,111.0,33.0,0.0,0.0,0.0
1951-09-23,111.0,33.0,33.0,0.0,0.0
1951-09-24,94.0,-11.0,0.0,0.0,0.0
1951-09-25,83.0,6.0,0.0,0.0,0.0
1951-09-26,89.0,28.0,178.0,0.0,0.0
1951-09-27,67.0,0.0,48.0,0.0,0.0
1951-09-28,89.0,-28.0,0.0,0.0,0.0
1951-09-29,111.0,-22.0,8.0,0.0,0.0
1951-09-30,161.0,50.0,23.0,0.0,0.0
1951-10-01,233.0,61.0,0.0,0.0,0.0
1951-10-02,122.0,67.0,20.0,0.0,0.0
1951-10-03,161.0,89.0,56.0,0.0,0.0
1951-10-04,100.0,67.0,25.0,0.0,0.0
1951-10-05,83.0,39.0,152.0,0.0,0.0
1951-10-06,56.0,22.0,10.0,0.0,0.0
1951-10-07,67.0,-17.0,3.0,0.0,0.0
1951-10-08,156.0,-6.0,0.0,0.0,0.0
1951-10-09,122.0,-6.0,3.0,0.0,0.0
1951-10-10,178.0,-11.0,0.0,0.0,0.0
1951-10-11,128.0,22.0,0.0,0.0,0.0
1951-10-12,111.0,50.0,0.0,0.0,0.0
1951-10-13,222.0,78.0,0.0,0.0,0.0
1951-10-14,150.0,94.0,104.0,0.0,0.0
1951-10-15,178.0,39.0,0.0,0.0,0.0
1951-10-16,178.0,0.0,0.0,0.0,0.0
1951-10-17,39.0,0.0,0.0,0.0,0.0
1951-10-18,67.0,6.0,10.0,0.0,0.0
1951-10-19,61.0,-17.0,0.0,0.0,0.0
1951-10-20,56.0,33.0,10.0,0.0,0.0
1951-10-21,78.0,50.0,109.0,0.0,0.0
1951-10-22,56.0,6.0,180.0,0.0,0.0
1951-10-23,72.0,-33.0,5.0,0.0,0.0
1951-10-24,50.0,11.0,0.0,0.0,0.0
1951-10-25,122.0,28.0,0.0,0.0,0.0
1951-10-26,89.0,-56.0,0.0,0.0,0.0
1951-10-27,17.0,-83.0,0.0,0.0,0.0
1951-10-28,50.0,-11.0,0.0,0.0,0.0
1951-10-29,83.0,11.0,0.0,0.0,0.0
1951-10-30,17.0,-44.0,127.0,127.0,127.0
1951-10-31,-44.0,-133.0,0.0,127.0,0.0
1951-11-01,-78.0,-167.0,3.0,127.0,3.0
1951-11-02,-106.0,-189.0,0.0,127.0,0.0
1951-11-03,-67.0,-144.0,5.0,127.0,5.0
1951-11-04,-83.0,-161.0,0.0,127.0,0.0
1951-11-05,-44.0,-133.0,0.0,102.0,0.0
1951-11-06,-39.0,-144.0,0.0,102.0,0.0
1951-11-07,-11.0,-106.0,0.0,76.0,0.0
1951-11-08,6.0,-100.0,0.0,76.0,0.0
1951-11-09,67.0,-44.0,0.0,51.0,0.0
1951-11-10,67.0,-39.0,0.0,51.0,0.0
1951-11-11,61.0,-39.0,0.0,25.0,0.0
1951-11-12,83.0,33.0,20.0,0.0,0.0
1951-11-13,44.0,-11.0,147.0,0.0,0.0
1951-11-14,28.0,-17.0,107.0,0.0,5.0
1951-11-16,-44.0,-72.0,0.0,0.0,0.0
1951-11-17,-67.0,-111.0,0.0,0.0,0.0
1951-11-18,-72.0,-139.0,0.0,0.0,0.0
1951-11-19,-67.0,-150.0,0.0,0.0,0.0
1951-11-20,22.0,-94.0,0.0,0.0,0.0
1951-11-21,39.0,-67.0,0.0,0.0,0.0
1951-11-22,-78.0,-150.0,0.0,0.0,0.0
1951-11-23,-94.0,-178.0,3.0,0.0,3.0
1951-11-24,-83.0,-206.0,0.0,0.0,0.0
1951-11-25,-28.0,-106.0,3.0,0.0,3.0
1951-11-26,-50.0,-128.0,0.0,0.0,0.0
1951-11-27,0.0,-100.0,0.0,0.0,0.0
1951-11-28,44.0,0.0,0.0,0.0,0.0
1951-11-29,94.0,6.0,0.0,0.0,0.0
1951-11-30,94.0,-17.0,0.0,0.0,0.0
1951-12-01,61.0,-33.0,0.0,0.0,0.0
1951-12-02,67.0,17.0,0.0,0.0,0.0
1951-12-03,94.0,0.0,0.0,0.0,0.0
1951-12-04,33.0,-44.0,10.0,0.0,10.0
1951-12-05,39.0,-44.0,0.0,0.0,0.0
1951-12-06,17.0,6.0,28.0,0.0,0.0
1951-12-07,17.0,-28.0,79.0,0.0,0.0
1951-12-08,-28.0,-61.0,0.0,0.0,0.0
1951-12-09,-44.0,-117.0,0.0,0.0,0.0
1951-12-10,-39.0,-128.0,3.0,0.0,3.0
1951-12-11,-61.0,-122.0,0.0,0.0,0.0
1951-12-12,-122.0,-222.0,3.0,0.0,3.0
1951-12-13,-150.0,-244.0,0.0,0.0,0.0
1951-12-14,-189.0,-228.0,0.0,0.0,0.0
1951-12-15,-228.0,-256.0,0.0,0.0,0.0
1951-12-16,-172.0,-267.0,0.0,0.0,0.0
1951-12-17,-144.0,-244.0,0.0,0.0,0.0
1951-12-18,-167.0,-233.0,3.0,0.0,3.0
1951-12-19,-89.0,-194.0,66.0,76.0,66.0
1951-12-20,-67.0,-111.0,38.0,102.0,38.0
1951-12-21,-67.0,-161.0,76.0,178.0,76.0
1951-12-22,-122.0,-222.0,0.0,178.0,0.0
1951-12-23,-189.0,-256.0,0.0,178.0,0.0
1951-12-24,-139.0,-278.0,0.0,178.0,0.0
1951-12-25,-67.0,-206.0,0.0,178.0,0.0
1951-12-26,-78.0,-183.0,5.0,178.0,10.0
1951-12-27,-139.0,-228.0,0.0,178.0,0.0
1951-12-28,-94.0,-161.0,10.0,178.0,20.0
1951-12-29,-39.0,-139.0,13.0,178.0,25.0
1951-12-30,-33.0,-178.0,0.0,152.0,0.0
1951-12-31,0.0,-133.0,89.0,152.0,13.0
1952-01-01,-133.0,-233.0,0.0,152.0,0.0
1952-01-02,-150.0,-261.0,0.0,152.0,0.0
1952-01-03,-56.0,-211.0,0.0,152.0,0.0
1952-01-04,-50.0,-206.0,0.0,152.0,0.0
1952-01-05,-67.0,-161.0,0.0,152.0,0.0
1952-01-06,-61.0,-139.0,0.0,152.0,0.0
1952-01-07,-50.0,-139.0,0.0,152.0,0.0
1952-01-08,-33.0,-111.0,3.0,152.0,3.0
1952-01-09,-33.0,-83.0,0.0,152.0,0.0
1952-01-10,-67.0,-133.0,3.0,152.0,3.0
1952-01-11,-6.0,-83.0,0.0,152.0,0.0
1952-01-12,-83.0,-178.0,0.0,152.0,0.0
1952-01-13,-50.0,-122.0,0.0,152.0,0.0
1952-01-14,-6.0,-67.0,145.0,305.0,145.0
1952-01-15,-17.0,-139.0,58.0,330.0,58.0
1952-01-16,-11.0,-111.0,0.0,330.0,0.0
1952-01-17,0.0,-172.0,3.0,305.0,0.0
1952-01-18,-83.0,-217.0,0.0,305.0,0.0
1952-01-19,-11.0,-144.0,0.0,305.0,0.0
1952-01-20,-144.0,-244.0,0.0,305.0,0.0
1952-01-21,-61.0,-233.0,5.0,305.0,5.0
1952-01-22,-50.0,-233.0,94.0,406.0,107.0
1952-01-23,-206.0,-283.0,0.0,406.0,0.0
1952-01-24,-200.0,-317.0,3.0,406.0,3.0
1952-01-25,-111.0,-200.0,20.0,432.0,20.0
1952-01-26,-100.0,-189.0,0.0,432.0,0.0
1952-01-27,-178.0,-278.0,5.0,432.0,10.0
1952-01-28,-194.0,-278.0,0.0,432.0,0.0
1952-01-29,-139.0,-278.0,0.0,432.0,0.0
1952-01-30,-50.0,-217.0,0.0,432.0,0.0
1952-01-31,50.0,-50.0,0.0,381.0,0.0
1952-02-01,28.0,-50.0,0.0,381.0,0.0
1952-02-03,6.0,-39.0,0.0,381.0,0.0
1952-02-04,-11.0,-67.0,0.0,356.0,0.0
1952-02-05,-39.0,-122.0,0.0,356.0,0.0
1952-02-06,-56.0,-150.0,0.0,356.0,0.0
1952-02-07,-6.0,-83.0,0.0,330.0,0.0
1952-02-08,-22.0,-122.0,0.0,330.0,0.0
1952-02-09,-17.0,-67.0,0.0,330.0,0.0
1952-02-10,22.0,-94.0,0.0,330.0,0.0
1952-02-11,-6.0,-111.0,0.0,305.0,0.0
1952-02-12,0.0,-111.0,0.0,305.0,0.0
1952-02-13,-28.0,-44.0,0.0,305.0,0.0
1952-02-14,-33.0,-117.0,0.0,279.0,0.0
1952-02-15,-33.0,-122.0,0.0,279.0,0.0
1952-02-16,-28.0,-94.0,3.0,279.0,3.0
1952-02-17,-11.0,-117.0,0.0,254.0,0.0
1952-02-18,-33.0,-78.0,5.0,254.0,5.0
1952-02-19,-44.0,-72.0,0.0,254.0,0.0
1952-02-20,-44.0,-111.0,79.0,330.0,79.0
1952-02-21,-50.0,-172.0,0.0,330.0,0.0
1952-02-22,-22.0,-150.0,0.0,305.0,0.0
1952-02-23,-17.0,-117.0,0.0,305.0,0.0
1952-02-24,0.0,-111.0,0.0,305.0,0.0
1952-02-25,-28.0,-139.0,0.0,279.0,0.0
1952-02-26,17.0,-122.0,0.0,254.0,0.0
1952-02-27,6.0,-106.0,0.0,254.0,0.0
1952-02-28,-6.0,-94.0,0.0,229.0,0.0
1952-02-29,0.0,-167.0,0.0,229.0,0.0
1952-03-01,-94.0,-222.0,0.0,229.0,0.0
1952-03-02,-50.0,-117.0,23.0,305.0,71.0
1952-03-03,-33.0,-150.0,81.0,330.0,81.0
1952-03-04,-94.0,-211.0,0.0,330.0,0.0
1952-03-05,-61.0,-200.0,0.0,330.0,0.0
1952-03-06,-44.0,-194.0,0.0,330.0,0.0
1952-03-07,-28.0,-83.0,0.0,330.0,0.0
1952-03-08,-17.0,-56.0,58.0,381.0,58.0
1952-03-09,0.0,-44.0,0.0,356.0,0.0
1952-03-10,17.0,-67.0,0.0,254.0,0.0
1952-03-11,17.0,-72.0,0.0,229.0,0.0
1952-03-12,0.0,-50.0,0.0,203.0,0.0
1952-03-13,-17.0,-117.0,15.0,203.0,15.0
1952-03-14,6.0,-122.0,0.0,178.0,0.0
1952-03-15,-11.0,-100.0,0.0,178.0,0.0
1952-03-16,17.0,-106.0,0.0,102.0,0.0
1952-03-17,0.0,-72.0,0.0,102.0,0.0
1952-03-18,0.0,-17.0,124.0,203.0,107.0
1952-03-19,11.0,-11.0,84.0,229.0,84.0
1952-03-20,39.0,0.0,0.0,203.0,0.0
1952-03-21,11.0,-44.0,0.0,203.0,0.0
1952-03-22,-44.0,-83.0,8.0,203.0,8.0
1952-03-23,-56.0,-111.0,43.0,229.0,43.0
1952-03-24,-22.0,-128.0,0.0,229.0,0.0
1952-03-25,17.0,-117.0,0.0,229.0,0.0
1952-03-26,50.0,-83.0,0.0,178.0,0.0
1952-03-27,33.0,-56.0,0.0,152.0,0.0
1952-03-28,33.0,-78.0,0.0,127.0,0.0
1952-03-29,33.0,-83.0,0.0,102.0,0.0
1952-03-30,44.0,-6.0,0.0,51.0,0.0
1952-03-31,22.0,6.0,81.0,25.0,0.0
1952-04-01,89.0,6.0,183.0,25.0,13.0
1952-04-02,17.0,-39.0,0.0,25.0,0.0
1952-04-03,11.0,-50.0,0.0,25.0,0.0
1952-04-04,44.0,-28.0,0.0,25.0,0.0
1952-04-05,33.0,-28.0,0.0,25.0,0.0
1952-04-06,56.0,-50.0,0.0,0.0,0.0
1952-04-07,56.0,-78.0,0.0,0.0,0.0
1952-04-08,117.0,-6.0,0.0,0.0,0.0
1952-04-09,6.0,-67.0,15.0,0.0,0.0
1952-04-10,33.0,-106.0,0.0,0.0,0.0
1952-04-11,33.0,-106.0,0.0,0.0,0.0
1952-04-12,50.0,-61.0,0.0,0.0,0.0
1952-04-13,78.0,0.0,0.0,0.0,0.0
1952-04-14,94.0,-17.0,0.0,0.0,0.0
1952-04-15,167.0,-6.0,0.0,0.0,0.0
1952-04-16,200.0,50.0,0.0,0.0,0.0
1952-04-17,222.0,83.0,0.0,0.0,0.0
1952-04-18,228.0,89.0,0.0,0.0,0.0
1952-04-19,256.0,83.0,0.0,0.0,0.0
1952-04-20,178.0,56.0,0.0,0.0,0.0
1952-04-21,150.0,56.0,76.0,0.0,0.0
1952-04-22,133.0,22.0,84.0,0.0,0.0
1952-04-23,117.0,0.0,0.0,0.0,0.0
1952-04-24,211.0,-28.0,0.0,0.0,0.0
1952-04-25,194.0,44.0,0.0,0.0,0.0
1952-04-26,272.0,83.0,0.0,0.0,0.0
1952-04-27,311.0,72.0,0.0,0.0,0.0
1952-04-28,306.0,33.0,0.0,0.0,0.0
1952-04-29,144.0,56.0,0.0,0.0,0.0
1952-04-30,256.0,61.0,0.0,0.0,0.0
1952-05-01,300.0,56.0,0.0,0.0,0.0
1952-05-02,133.0,33.0,0.0,0.0,0.0
1952-05-03,283.0,22.0,0.0,0.0,0.0
1952-05-04,206.0,56.0,0.0,0.0,0.0
1952-05-05,211.0,61.0,0.0,0.0,0.0
1952-05-06,178.0,28.0,0.0,0.0,0.0
1952-05-07,122.0,56.0,3.0,0.0,0.0
1952-05-08,156.0,56.0,8.0,0.0,0.0
1952-05-09,161.0,61.0,0.0,0.0,0.0
1952-05-10,83.0,17.0,58.0,0.0,0.0
1952-05-11,83.0,28.0,84.0,0.0,0.0
1952-05-12,183.0,44.0,0.0,0.0,0.0
1952-05-13,217.0,61.0,0.0,0.0,0.0
1952-05-14,228.0,56.0,8.0,0.0,0.0
1952-05-15,150.0,28.0,0.0,0.0,0.0
1952-05-16,122.0,28.0,0.0,0.0,0.0
1952-05-17,139.0,11.0,0.0,0.0,0.0
1952-05-18,167.0,11.0,0.0,0.0,0.0
1952-05-19,156.0,11.0,0.0,0.0,0.0
1952-05-20,144.0,22.0,0.0,0.0,0.0
1952-05-21,183.0,28.0,0.0,0.0,0.0
1952-05-22,217.0,39.0,0.0,0.0,0.0
1952-05-23,172.0,33.0,0.0,0.0,0.0
1952-05-24,194.0,56.0,0.0,0.0,0.0
1952-05-25,244.0,89.0,0.0,0.0,0.0
1952-05-26,167.0,50.0,0.0,0.0,0.0
1952-05-27,183.0,39.0,81.0,0.0,0.0
1952-05-28,83.0,11.0,0.0,0.0,0.0
1952-05-29,189.0,11.0,8.0,0.0,0.0
1952-05-30,100.0,33.0,0.0,0.0,0.0
1952-05-31,189.0,33.0,0.0,0.0,0.0
1952-06-01,222.0,22.0,0.0,0.0,0.0
1952-06-02,256.0,89.0,168.0,0.0,0.0
1952-06-03,228.0,83.0,3.0,0.0,0.0
1952-06-04,233.0,78.0,0.0,0.0,0.0
1952-06-05,294.0,139.0,0.0,0.0,0.0
1952-06-06,300.0,128.0,0.0,0.0,0.0
1952-06-07,222.0,94.0,0.0,0.0,0.0
1952-06-08,250.0,122.0,140.0,0.0,0.0
1952-06-09,233.0,94.0,0.0,0.0,0.0
1952-06-10,244.0,89.0,0.0,0.0,0.0
1952-06-11,167.0,56.0,0.0,0.0,0.0
1952-06-12,161.0,50.0,0.0,0.0,0.0
1952-06-13,239.0,89.0,203.0,0.0,0.0
1952-06-14,300.0,117.0,3.0,0.0,0.0
1952-06-15,194.0,72.0,119.0,0.0,0.0
1952-06-16,250.0,78.0,246.0,0.0,0.0
1952-06-17,244.0,128.0,0.0,0.0,0.0
1952-06-18,222.0,100.0,0.0,0.0,0.0
1952-06-19,222.0,72.0,0.0,0.0,0.0
1952-06-20,183.0,78.0,0.0,0.0,0.0
1952-06-21,133.0,78.0,23.0,0.0,0.0
1952-06-22,144.0,78.0,0.0,0.0,0.0
1952-06-23,267.0,83.0,145.0,0.0,0.0
1952-06-24,283.0,111.0,668.0,0.0,0.0
1952-06-25,244.0,139.0,76.0,0.0,0.0
1952-06-26,217.0,106.0,0.0,0.0,0.0
1952-06-27,128.0,89.0,3.0,0.0,0.0
1952-06-28,139.0,83.0,191.0,0.0,0.0
1952-06-29,106.0,72.0,10.0,0.0,0.0
1952-06-30,144.0,83.0,10.0,0.0,0.0
1952-07-01,267.0,100.0,0.0,0.0,0.0
1952-07-02,256.0,128.0,175.0,0.0,0.0
1952-07-03,244.0,161.0,117.0,0.0,0.0
1952-07-04,289.0,144.0,0.0,0.0,0.0
1952-07-05,272.0,133.0,0.0,0.0,0.0
1952-07-06,233.0,172.0,25.0,0.0,0.0
1952-07-07,228.0,128.0,241.0,0.0,0.0
1952-07-08,228.0,89.0,0.0,0.0,0.0
1952-07-09,256.0,78.0,0.0,0.0,0.0
1952-07-10,239.0,100.0,0.0,0.0,0.0
1952-07-11,256.0,111.0,0.0,0.0,0.0
1952-07-12,206.0,122.0,56.0,0.0,0.0
1952-07-13,233.0,150.0,163.0,0.0,0.0
1952-07-14,239.0,100.0,0.0,0.0,0.0
1952-07-15,239.0,100.0,0.0,0.0,0.0
1952-07-16,239.0,106.0,0.0,0.0,0.0
1952-07-17,267.0,172.0,345.0,0.0,0.0
1952-07-18,244.0,178.0,84.0,0.0,0.0
1952-07-19,256.0,156.0,56.0,0.0,0.0
1952-07-20,189.0,128.0,226.0,0.0,0.0
1952-07-21,278.0,117.0,3.0,0.0,0.0
1952-07-22,272.0,150.0,323.0,0.0,0.0
1952-07-23,228.0,128.0,0.0,0.0,0.0
1952-07-24,261.0,156.0,0.0,0.0,0.0
1952-07-25,278.0,178.0,10.0,0.0,0.0
1952-07-26,294.0,167.0,0.0,0.0,0.0
1952-07-27,294.0,183.0,0.0,0.0,0.0
1952-07-28,194.0,89.0,0.0,0.0,0.0
1952-07-29,222.0,72.0,36.0,0.0,0.0
1952-07-30,206.0,83.0,0.0,0.0,0.0
1952-07-31,272.0,100.0,0.0,0.0,0.0
1952-08-01,278.0,172.0,13.0,0.0,0.0
1952-08-02,206.0,128.0,0.0,0.0,0.0
1952-08-03,128.0,89.0,307.0,0.0,0.0
1952-08-04,156.0,78.0,76.0,0.0,0.0
1952-08-05,233.0,78.0,0.0,0.0,0.0
1952-08-06,239.0,83.0,0.0,0.0,0.0
1952-08-07,194.0,72.0,20.0,0.0,0.0
1952-08-08,189.0,150.0,76.0,0.0,0.0
1952-08-09,228.0,111.0,30.0,0.0,0.0
1952-08-10,233.0,106.0,5.0,0.0,0.0
1952-08-11,200.0,72.0,0.0,0.0,0.0
1952-08-12,239.0,100.0,0.0,0.0,0.0
1952-08-13,261.0,117.0,0.0,0.0,0.0
1952-08-14,311.0,161.0,0.0,0.0,0.0
1952-08-15,233.0,144.0,188.0,0.0,0.0
1952-08-16,183.0,111.0,0.0,0.0,0.0
1952-08-17,211.0,78.0,5.0,0.0,0.0
1952-08-18,239.0,133.0,0.0,0.0,0.0
1952-08-19,256.0,144.0,8.0,0.0,0.0
1952-08-20,267.0,122.0,5.0,0.0,0.0
1952-08-21,189.0,56.0,0.0,0.0,0.0
1952-08-22,183.0,50.0,0.0,0.0,0.0
1952-08-23,233.0,78.0,0.0,0.0,0.0
1952-08-24,272.0,133.0,0.0,0.0,0.0
1952-08-25,261.0,111.0,0.0,0.0,0.0
1952-08-26,244.0,122.0,0.0,0.0,0.0
1952-08-27,222.0,172.0,20.0,0.0,0.0
1952-08-28,222.0,117.0,259.0,0.0,0.0
1952-08-29,178.0,128.0,0.0,0.0,0.0
1952-08-30,206.0,128.0,437.0,0.0,0.0
1952-08-31,233.0,133.0,33.0,0.0,0.0
1952-09-01,156.0,94.0,0.0,0.0,0.0
1952-09-02,128.0,67.0,3.0,0.0,0.0
1952-09-03,233.0,72.0,0.0,0.0,0.0
1952-09-04,206.0,122.0,0.0,0.0,0.0
1952-09-05,222.0,100.0,0.0,0.0,0.0
1952-09-06,111.0,67.0,0.0,0.0,0.0
1952-09-07,133.0,67.0,0.0,0.0,0.0
1952-09-08,200.0,117.0,3.0,0.0,0.0
1952-09-09,200.0,122.0,0.0,0.0,0.0
1952-09-10,206.0,117.0,0.0,0.0,0.0
1952-09-11,278.0,167.0,0.0,0.0,0.0
1952-09-12,261.0,139.0,0.0,0.0,0.0
1952-09-13,250.0,144.0,0.0,0.0,0.0
1952-09-14,183.0,89.0,56.0,0.0,0.0
1952-09-15,183.0,67.0,0.0,0.0,0.0
1952-09-16,217.0,56.0,0.0,0.0,0.0
1952-09-17,194.0,67.0,0.0,0.0,0.0
1952-09-18,144.0,78.0,3.0,0.0,0.0
1952-09-19,128.0,56.0,0.0,0.0,0.0
1952-09-20,122.0,33.0,8.0,0.0,0.0
1952-09-21,156.0,56.0,15.0,0.0,0.0
1952-09-22,144.0,50.0,13.0,0.0,0.0
1952-09-23,128.0,6.0,0.0,0.0,0.0
1952-09-24,167.0,0.0,0.0,0.0,0.0
1952-09-25,200.0,61.0,0.0,0.0,0.0
1952-09-26,156.0,17.0,0.0,0.0,0.0
1952-09-27,261.0,117.0,0.0,0.0,0.0
1952-09-28,233.0,89.0,0.0,0.0,0.0
1952-09-29,183.0,33.0,0.0,0.0,0.0
1952-09-30,256.0,44.0,0.0,0.0,0.0
1952-10-01,139.0,28.0,0.0,0.0,0.0
1952-10-02,100.0,-22.0,0.0,0.0,0.0
1952-10-03,172.0,-28.0,0.0,0.0,0.0
1952-10-04,39.0,-50.0,0.0,0.0,0.0
1952-10-05,33.0,-61.0,0.0,0.0,0.0
1952-10-06,61.0,-6.0,0.0,0.0,0.0
1952-10-07,106.0,-39.0,0.0,0.0,0.0
1952-10-08,161.0,17.0,0.0,0.0,0.0
1952-10-09,83.0,-33.0,0.0,0.0,0.0
1952-10-10,144.0,11.0,0.0,0.0,0.0
1952-10-11,144.0,0.0,0.0,0.0,0.0
1952-10-12,133.0,17.0,5.0,0.0,0.0
1952-10-13,89.0,11.0,81.0,0.0,0.0
1952-10-14,89.0,0.0,0.0,0.0,0.0
1952-10-15,28.0,-50.0,3.0,0.0,3.0
1952-10-16,0.0,-89.0,0.0,0.0,0.0
1952-10-17,33.0,-100.0,0.0,0.0,0.0
1952-10-18,144.0,0.0,0.0,0.0,0.0
1952-10-19,50.0,-67.0,0.0,0.0,0.0
1952-10-20,50.0,-106.0,0.0,0.0,0.0
1952-10-21,128.0,-17.0,0.0,0.0,0.0
1952-10-22,183.0,33.0,0.0,0.0,0.0
1952-10-23,189.0,44.0,0.0,0.0,0.0
1952-10-24,128.0,44.0,0.0,0.0,0.0
1952-10-25,83.0,-11.0,0.0,0.0,0.0
1952-10-26,150.0,6.0,0.0,0.0,0.0
1952-10-27,78.0,-17.0,0.0,0.0,0.0
1952-10-28,22.0,-50.0,0.0,0.0,0.0
1952-10-29,100.0,-50.0,0.0,0.0,0.0
1952-10-30,183.0,6.0,0.0,0.0,0.0
1952-10-31,178.0,39.0,0.0,0.0,0.0
1952-11-01,72.0,17.0,3.0,0.0,0.0
1952-11-02,100.0,-11.0,0.0,0.0,0.0
1952-11-03,50.0,-56.0,0.0,0.0,0.0
1952-11-04,128.0,0.0,0.0,0.0,0.0
1952-11-05,83.0,6.0,0.0,0.0,0.0
1952-11-06,17.0,-44.0,0.0,0.0,0.0
1952-11-07,67.0,-50.0,0.0,0.0,0.0
1952-11-08,72.0,-11.0,0.0,0.0,0.0
1952-11-09,0.0,-100.0,0.0,0.0,0.0
1952-11-10,39.0,-89.0,0.0,0.0,0.0
1952-11-11,89.0,-22.0,0.0,0.0,0.0
1952-11-12,78.0,-39.0,0.0,0.0,0.0
1952-11-13,78.0,-56.0,0.0,0.0,0.0
1952-11-14,56.0,22.0,0.0,0.0,0.0
1952-11-15,39.0,22.0,0.0,0.0,0.0
1952-11-16,39.0,22.0,56.0,0.0,0.0
1952-11-17,56.0,39.0,107.0,0.0,0.0
1952-11-18,67.0,17.0,20.0,0.0,0.0
1952-11-19,17.0,-28.0,3.0,0.0,3.0
1952-11-20,22.0,-28.0,0.0,0.0,0.0
1952-11-21,44.0,-33.0,0.0,0.0,0.0
1952-11-22,44.0,-44.0,0.0,0.0,0.0
1952-11-23,-6.0,-56.0,0.0,0.0,0.0
1952-11-24,6.0,-83.0,0.0,0.0,0.0
1952-11-25,0.0,-28.0,8.0,0.0,8.0
1952-11-26,-22.0,-106.0,86.0,102.0,130.0
1952-11-27,-94.0,-172.0,0.0,127.0,0.0
1952-11-28,-94.0,-194.0,0.0,127.0,0.0
1952-11-29,-56.0,-200.0,0.0,127.0,0.0
1952-11-30,-67.0,-172.0,0.0,127.0,0.0
1952-12-01,-28.0,-111.0,3.0,127.0,3.0
1952-12-02,-11.0,-39.0,3.0,127.0,3.0
1952-12-03,6.0,-22.0,0.0,127.0,0.0
1952-12-04,-6.0,-17.0,0.0,102.0,0.0
1952-12-05,-11.0,-39.0,3.0,102.0,3.0
1952-12-06,-17.0,-72.0,0.0,102.0,0.0
1952-12-07,6.0,-39.0,0.0,76.0,0.0
1952-12-08,39.0,-22.0,0.0,76.0,0.0
1952-12-09,11.0,-33.0,0.0,76.0,0.0
1952-12-10,-28.0,-56.0,0.0,76.0,0.0
1952-12-11,-22.0,-78.0,0.0,76.0,0.0
1952-12-12,-56.0,-94.0,0.0,76.0,0.0
1952-12-13,-72.0,-111.0,0.0,51.0,0.0
1952-12-14,-28.0,-89.0,0.0,51.0,0.0
1952-12-15,22.0,-94.0,0.0,25.0,0.0
1952-12-16,44.0,-44.0,0.0,25.0,0.0
1952-12-17,-33.0,-150.0,0.0,25.0,0.0
1952-12-18,-83.0,-183.0,0.0,25.0,0.0
1952-12-19,-44.0,-178.0,0.0,25.0,0.0
1952-12-20,0.0,-50.0,0.0,25.0,0.0
1952-12-21,-6.0,-28.0,3.0,25.0,3.0
1952-12-22,6.0,-28.0,0.0,25.0,0.0
1952-12-23,11.0,-17.0,30.0,51.0,30.0
1952-12-24,-17.0,-94.0,0.0,51.0,0.0
1952-12-25,-61.0,-161.0,0.0,25.0,0.0
1952-12-26,-61.0,-222.0,5.0,25.0,5.0
1952-12-27,-83.0,-222.0,0.0,25.0,0.0
1952-12-28,-50.0,-150.0,0.0,25.0,0.0
1952-12-29,-39.0,-144.0,0.0,25.0,0.0
1952-12-30,-28.0,-61.0,0.0,25.0,0.0
1952-12-31,-28.0,-56.0,0.0,25.0,0.0
1953-01-01,-11.0,-67.0,0.0,25.0,0.0
1953-01-02,-44.0,-139.0,0.0,25.0,0.0
1953-01-03,-56.0,-150.0,0.0,25.0,0.0
1953-01-04,-67.0,-189.0,25.0,25.0,25.0
1953-01-05,-189.0,-267.0,0.0,51.0,0.0
1953-01-06,-144.0,-244.0,0.0,51.0,3.0
1953-01-07,-83.0,-239.0,0.0,51.0,0.0
1953-01-08,-39.0,-94.0,0.0,51.0,0.0
1953-01-09,6.0,-89.0,0.0,51.0,0.0
1953-01-10,39.0,-117.0,0.0,25.0,0.0
1953-01-11,-44.0,-161.0,0.0,25.0,0.0
1953-01-12,-17.0,-78.0,0.0,25.0,0.0
1953-01-13,-44.0,-72.0,0.0,25.0,0.0
1953-01-14,-17.0,-72.0,38.0,25.0,38.0
1953-01-15,-72.0,-239.0,69.0,102.0,69.0
1953-01-16,-156.0,-289.0,0.0,127.0,0.0
1953-01-17,-61.0,-161.0,0.0,127.0,0.0
1953-01-18,-67.0,-178.0,15.0,127.0,15.0
1953-01-19,-83.0,-189.0,0.0,127.0,0.0
1953-01-20,-78.0,-217.0,3.0,127.0,3.0
1953-01-21,-33.0,-78.0,8.0,127.0,8.0
1953-01-22,-22.0,-44.0,147.0,279.0,147.0
1953-01-23,-28.0,-56.0,0.0,279.0,0.0
1953-01-24,-50.0,-150.0,0.0,279.0,0.0
1953-01-25,-83.0,-217.0,0.0,279.0,0.0
1953-01-26,-33.0,-117.0,3.0,279.0,3.0
1953-01-27,-22.0,-161.0,0.0,279.0,0.0
1953-01-28,-122.0,-217.0,0.0,279.0,0.0
1953-01-29,-106.0,-211.0,0.0,279.0,0.0
1953-01-30,-56.0,-106.0,0.0,279.0,0.0
1953-01-31,-56.0,-289.0,20.0,305.0,20.0
1953-02-01,-189.0,-311.0,0.0,305.0,0.0
1953-02-02,-128.0,-206.0,30.0,356.0,58.0
1953-02-03,-50.0,-178.0,0.0,356.0,0.0
1953-02-04,-39.0,-161.0,0.0,356.0,0.0
1953-02-05,6.0,-78.0,0.0,356.0,0.0
1953-02-06,-44.0,-78.0,0.0,330.0,0.0
1953-02-07,-50.0,-122.0,0.0,330.0,0.0
1953-02-08,-50.0,-189.0,0.0,330.0,0.0
1953-02-09,-50.0,-133.0,0.0,305.0,0.0
1953-02-10,-33.0,-78.0,84.0,305.0,84.0
1953-02-11,-6.0,-67.0,36.0,406.0,36.0
1953-02-12,-22.0,-122.0,0.0,406.0,0.0
1953-02-13,-17.0,-144.0,0.0,406.0,0.0
1953-02-14,-28.0,-167.0,0.0,381.0,0.0
1953-02-15,-139.0,-222.0,0.0,381.0,0.0
1953-02-16,-94.0,-233.0,0.0,381.0,0.0
1953-02-17,-78.0,-244.0,0.0,381.0,0.0
1953-02-18,-39.0,-150.0,0.0,381.0,0.0
1953-02-19,-56.0,-139.0,0.0,356.0,0.0
1953-02-20,-61.0,-161.0,64.0,381.0,64.0
1953-02-21,-156.0,-239.0,13.0,432.0,13.0
1953-02-22,-67.0,-222.0,8.0,432.0,8.0
1953-02-23,17.0,-106.0,0.0,432.0,0.0
1953-02-24,-6.0,-83.0,0.0,381.0,0.0
1953-02-25,-6.0,-94.0,0.0,305.0,0.0
1953-02-26,6.0,-56.0,0.0,305.0,0.0
1953-02-27,-33.0,-144.0,0.0,279.0,0.0
1953-02-28,-72.0,-150.0,0.0,279.0,0.0
1953-03-01,-67.0,-178.0,0.0,279.0,0.0
1953-03-02,-72.0,-122.0,20.0,279.0,30.0
1953-03-03,-17.0,-117.0,36.0,356.0,61.0
1953-03-04,-56.0,-144.0,0.0,356.0,0.0
1953-03-05,-83.0,-189.0,0.0,356.0,0.0
1953-03-06,-117.0,-217.0,0.0,356.0,0.0
1953-03-07,-72.0,-244.0,0.0,356.0,0.0
1953-03-08,-11.0,-139.0,30.0,381.0,30.0
1953-03-09,28.0,-56.0,0.0,381.0,0.0
1953-03-10,39.0,-39.0,0.0,330.0,0.0
1953-03-11,39.0,6.0,8.0,279.0,0.0
1953-03-12,17.0,-33.0,86.0,229.0,0.0
1953-03-13,11.0,-39.0,3.0,203.0,3.0
1953-03-14,-17.0,-39.0,0.0,178.0,0.0
1953-03-15,6.0,-44.0,28.0,203.0,28.0
1953-03-16,28.0,-100.0,0.0,203.0,0.0
1953-03-17,44.0,-89.0,0.0,178.0,0.0
1953-03-18,67.0,-22.0,0.0,152.0,0.0
1953-03-19,44.0,-83.0,0.0,127.0,0.0
1953-03-20,28.0,-56.0,0.0,102.0,0.0
1953-03-21,44.0,6.0,58.0,76.0,0.0
1953-03-22,117.0,17.0,122.0,51.0,0.0
1953-03-23,39.0,-67.0,28.0,25.0,5.0
1953-03-24,0.0,-67.0,0.0,25.0,0.0
1953-03-25,28.0,-61.0,0.0,25.0,0.0
1953-03-26,17.0,-72.0,0.0,25.0,0.0
1953-03-27,94.0,-6.0,0.0,25.0,0.0
1953-03-28,89.0,-17.0,0.0,0.0,0.0
1953-03-29,33.0,-33.0,0.0,0.0,0.0
1953-03-30,28.0,-6.0,28.0,0.0,0.0
1953-03-31,56.0,-6.0,10.0,0.0,10.0
1953-04-01,44.0,-11.0,0.0,0.0,0.0
1953-04-02,89.0,-56.0,0.0,0.0,0.0
1953-04-03,11.0,0.0,168.0,25.0,168.0
1953-04-04,39.0,-11.0,10.0,127.0,10.0
1953-04-05,67.0,-39.0,0.0,102.0,0.0
1953-04-06,106.0,-56.0,0.0,25.0,0.0
1953-04-07,33.0,-33.0,0.0,0.0,0.0
1953-04-08,28.0,-17.0,33.0,25.0,28.0
1953-04-09,17.0,0.0,117.0,0.0,0.0
1953-04-10,72.0,11.0,56.0,0.0,0.0
1953-04-11,44.0,-56.0,0.0,0.0,0.0
1953-04-12,72.0,-72.0,0.0,0.0,0.0
1953-04-13,117.0,-89.0,0.0,0.0,0.0
1953-04-14,100.0,-56.0,0.0,0.0,0.0
1953-04-15,61.0,-22.0,0.0,0.0,0.0
1953-04-16,-17.0,-72.0,3.0,0.0,3.0
1953-04-17,17.0,-100.0,0.0,0.0,0.0
1953-04-18,28.0,-78.0,0.0,0.0,0.0
1953-04-19,50.0,-39.0,0.0,0.0,0.0
1953-04-20,139.0,-28.0,0.0,0.0,0.0
1953-04-21,183.0,33.0,0.0,0.0,0.0
1953-04-22,183.0,17.0,0.0,0.0,0.0
1953-04-23,172.0,56.0,0.0,0.0,0.0
1953-04-24,89.0,0.0,15.0,0.0,0.0
1953-04-25,22.0,-11.0,391.0,0.0,152.0
1953-04-26,39.0,-22.0,15.0,152.0,0.0
1953-04-27,89.0,-22.0,0.0,76.0,0.0
1953-04-28,89.0,0.0,0.0,25.0,0.0
1953-04-29,44.0,11.0,0.0,0.0,0.0
1953-04-30,33.0,0.0,145.0,0.0,0.0
1953-05-01,33.0,0.0,10.0,0.0,0.0
1953-05-02,89.0,28.0,5.0,0.0,0.0
1953-05-03,150.0,6.0,0.0,0.0,0.0
1953-05-04,172.0,-17.0,0.0,0.0,0.0
1953-05-05,239.0,28.0,0.0,0.0,0.0
1953-05-06,256.0,61.0,0.0,0.0,0.0
1953-05-07,300.0,89.0,0.0,0.0,0.0
1953-05-08,311.0,172.0,0.0,0.0,0.0
1953-05-09,256.0,144.0,0.0,0.0,0.0
1953-05-10,189.0,6.0,0.0,0.0,0.0
1953-05-11,67.0,6.0,191.0,0.0,0.0
1953-05-12,11.0,-28.0,5.0,0.0,0.0
1953-05-13,122.0,-44.0,0.0,0.0,0.0
1953-05-14,111.0,-11.0,0.0,0.0,0.0
1953-05-15,111.0,28.0,46.0,0.0,0.0
1953-05-16,117.0,-11.0,0.0,0.0,0.0
1953-05-17,117.0,-6.0,0.0,0.0,0.0
1953-05-18,172.0,44.0,5.0,0.0,0.0
1953-05-19,239.0,39.0,13.0,0.0,0.0
1953-05-20,61.0,28.0,246.0,0.0,0.0
1953-05-21,161.0,39.0,371.0,0.0,0.0
1953-05-22,94.0,11.0,8.0,0.0,0.0
1953-05-23,200.0,56.0,0.0,0.0,0.0
1953-05-24,178.0,78.0,0.0,0.0,0.0
1953-05-25,128.0,50.0,33.0,0.0,0.0
1953-05-26,172.0,50.0,0.0,0.0,0.0
1953-05-27,167.0,28.0,0.0,0.0,0.0
1953-05-28,106.0,44.0,15.0,0.0,0.0
1953-05-29,111.0,50.0,353.0,0.0,0.0
1953-05-30,94.0,39.0,30.0,0.0,0.0
1953-05-31,167.0,33.0,10.0,0.0,0.0
1953-06-01,183.0,56.0,13.0,0.0,0.0
1953-06-02,239.0,78.0,0.0,0.0,0.0
1953-06-03,161.0,50.0,0.0,0.0,0.0
1953-06-04,111.0,39.0,48.0,0.0,0.0
1953-06-05,111.0,33.0,5.0,0.0,0.0
1953-06-06,144.0,17.0,3.0,0.0,0.0
1953-06-07,156.0,17.0,0.0,0.0,0.0
1953-06-08,133.0,61.0,282.0,0.0,0.0
1953-06-09,172.0,56.0,0.0,0.0,0.0
1953-06-10,228.0,44.0,0.0,0.0,0.0
1953-06-11,233.0,83.0,0.0,0.0,0.0
1953-06-12,306.0,128.0,0.0,0.0,0.0
1953-06-13,261.0,122.0,0.0,0.0,0.0
1953-06-14,239.0,122.0,0.0,0.0,0.0
1953-06-15,239.0,128.0,0.0,0.0,0.0
1953-06-16,233.0,94.0,178.0,0.0,0.0
1953-06-17,217.0,83.0,0.0,0.0,0.0
1953-06-18,261.0,117.0,0.0,0.0,0.0
1953-06-19,222.0,122.0,0.0,0.0,0.0
1953-06-20,156.0,89.0,419.0,0.0,0.0
1953-06-21,217.0,106.0,3.0,0.0,0.0
1953-06-22,194.0,94.0,0.0,0.0,0.0
1953-06-23,161.0,33.0,0.0,0.0,0.0
1953-06-24,178.0,72.0,0.0,0.0,0.0
1953-06-25,222.0,94.0,61.0,0.0,0.0
1953-06-26,250.0,111.0,0.0,0.0,0.0
1953-06-27,172.0,117.0,86.0,0.0,0.0
1953-06-28,244.0,117.0,0.0,0.0,0.0
1953-06-29,239.0,117.0,91.0,0.0,0.0
1953-06-30,217.0,128.0,99.0,0.0,0.0
1953-07-01,172.0,111.0,114.0,0.0,0.0
1953-07-02,228.0,94.0,170.0,0.0,0.0
1953-07-03,228.0,50.0,0.0,0.0,0.0
1953-07-04,289.0,106.0,0.0,0.0,0.0
1953-07-05,183.0,106.0,38.0,0.0,0.0
1953-07-06,233.0,122.0,0.0,0.0,0.0
1953-07-07,183.0,111.0,0.0,0.0,0.0
1953-07-08,206.0,100.0,0.0,0.0,0.0
1953-07-09,233.0,83.0,0.0,0.0,0.0
1953-07-10,261.0,122.0,0.0,0.0,0.0
1953-07-11,278.0,133.0,0.0,0.0,0.0
1953-07-12,183.0,133.0,356.0,0.0,0.0
1953-07-13,222.0,122.0,3.0,0.0,0.0
1953-07-14,167.0,117.0,3.0,0.0,0.0
1953-07-15,194.0,122.0,0.0,0.0,0.0
1953-07-16,250.0,144.0,0.0,0.0,0.0
1953-07-17,261.0,150.0,119.0,0.0,0.0
1953-07-18,278.0,150.0,0.0,0.0,0.0
1953-07-19,289.0,178.0,0.0,0.0,0.0
1953-07-20,267.0,150.0,0.0,0.0,0.0
1953-07-21,211.0,144.0,89.0,0.0,0.0
1953-07-22,239.0,122.0,3.0,0.0,0.0
1953-07-23,217.0,78.0,0.0,0.0,0.0
1953-07-24,200.0,50.0,0.0,0.0,0.0
1953-07-25,256.0,139.0,269.0,0.0,0.0
1953-07-26,256.0,144.0,0.0,0.0,0.0
1953-07-27,261.0,133.0,0.0,0.0,0.0
1953-07-28,300.0,150.0,107.0,0.0,0.0
1953-07-29,261.0,139.0,0.0,0.0,0.0
1953-07-30,289.0,133.0,0.0,0.0,0.0
1953-07-31,222.0,139.0,0.0,0.0,0.0
1953-08-01,139.0,111.0,185.0,0.0,0.0
1953-08-02,156.0,117.0,3.0,0.0,0.0
1953-08-03,156.0,117.0,483.0,0.0,0.0
1953-08-04,211.0,117.0,239.0,0.0,0.0
1953-08-05,183.0,111.0,0.0,0.0,0.0
1953-08-06,183.0,128.0,653.0,0.0,0.0
1953-08-07,217.0,133.0,25.0,0.0,0.0
1953-08-08,256.0,139.0,13.0,0.0,0.0
1953-08-09,228.0,133.0,0.0,0.0,0.0
1953-08-10,233.0,144.0,0.0,0.0,0.0
1953-08-11,228.0,178.0,241.0,0.0,0.0
1953-08-12,272.0,167.0,0.0,0.0,0.0
1953-08-13,294.0,144.0,0.0,0.0,0.0
1953-08-14,228.0,139.0,269.0,0.0,0.0
1953-08-15,244.0,122.0,0.0,0.0,0.0
1953-08-16,239.0,83.0,0.0,0.0,0.0
1953-08-17,217.0,83.0,0.0,0.0,0.0
1953-08-18,261.0,89.0,0.0,0.0,0.0
1953-08-19,256.0,94.0,0.0,0.0,0.0
1953-08-20,272.0,161.0,0.0,0.0,0.0
1953-08-21,267.0,117.0,0.0,0.0,0.0
1953-08-22,267.0,100.0,0.0,0.0,0.0
1953-08-23,278.0,139.0,0.0,0.0,0.0
1953-08-24,256.0,150.0,0.0,0.0,0.0
1953-08-25,306.0,178.0,58.0,0.0,0.0
1953-08-26,317.0,183.0,0.0,0.0,0.0
1953-08-27,311.0,211.0,0.0,0.0,0.0
1953-08-28,278.0,194.0,0.0,0.0,0.0
1953-08-29,267.0,189.0,117.0,0.0,0.0
1953-08-30,294.0,172.0,0.0,0.0,0.0
1953-08-31,289.0,167.0,10.0,0.0,0.0
1953-09-01,306.0,189.0,0.0,0.0,0.0
1953-09-02,239.0,178.0,23.0,0.0,0.0
1953-09-03,200.0,100.0,0.0,0.0,0.0
1953-09-04,172.0,72.0,3.0,0.0,0.0
1953-09-05,183.0,72.0,0.0,0.0,0.0
1953-09-06,178.0,83.0,0.0,0.0,0.0
1953-09-07,200.0,72.0,0.0,0.0,0.0
1953-09-08,183.0,106.0,0.0,0.0,0.0
1953-09-09,156.0,94.0,0.0,0.0,0.0
1953-09-10,206.0,100.0,0.0,0.0,0.0
1953-09-11,222.0,94.0,0.0,0.0,0.0
1953-09-12,144.0,28.0,0.0,0.0,0.0
1953-09-13,122.0,6.0,0.0,0.0,0.0
1953-09-14,111.0,72.0,0.0,0.0,0.0
1953-09-15,189.0,94.0,8.0,0.0,0.0
1953-09-16,178.0,89.0,0.0,0.0,0.0
1953-09-17,183.0,94.0,0.0,0.0,0.0
1953-09-18,189.0,100.0,0.0,0.0,0.0
1953-09-19,222.0,89.0,5.0,0.0,0.0
1953-09-20,122.0,56.0,3.0,0.0,0.0
1953-09-21,128.0,22.0,0.0,0.0,0.0
1953-09-22,150.0,33.0,0.0,0.0,0.0
1953-09-23,189.0,28.0,5.0,0.0,0.0
1953-09-24,194.0,56.0,8.0,0.0,0.0
1953-09-25,139.0,78.0,66.0,0.0,0.0
1953-09-26,111.0,39.0,122.0,0.0,0.0
1953-09-27,183.0,39.0,0.0,0.0,0.0
1953-09-28,206.0,89.0,0.0,0.0,0.0
1953-09-29,133.0,83.0,0.0,0.0,0.0
1953-09-30,194.0,56.0,0.0,0.0,0.0
1953-10-01,167.0,28.0,0.0,0.0,0.0
1953-10-02,294.0,133.0,0.0,0.0,0.0
1953-10-03,211.0,56.0,0.0,0.0,0.0
1953-10-04,183.0,67.0,0.0,0.0,0.0
1953-10-05,128.0,22.0,10.0,0.0,0.0
1953-10-06,72.0,11.0,0.0,0.0,0.0
1953-10-07,133.0,-33.0,0.0,0.0,0.0
1953-10-08,144.0,-11.0,0.0,0.0,0.0
1953-10-09,94.0,28.0,0.0,0.0,0.0
1953-10-10,139.0,22.0,0.0,0.0,0.0
1953-10-11,161.0,67.0,0.0,0.0,0.0
1953-10-12,111.0,61.0,0.0,0.0,0.0
1953-10-13,206.0,56.0,0.0,0.0,0.0
1953-10-14,250.0,78.0,0.0,0.0,0.0
1953-10-15,211.0,44.0,0.0,0.0,0.0
1953-10-16,278.0,133.0,0.0,0.0,0.0
1953-10-17,211.0,89.0,30.0,0.0,0.0
1953-10-18,239.0,89.0,0.0,0.0,0.0
1953-10-19,178.0,89.0,0.0,0.0,0.0
1953-10-20,172.0,67.0,0.0,0.0,0.0
1953-10-21,183.0,106.0,0.0,0.0,0.0
1953-10-22,200.0,83.0,0.0,0.0,0.0
1953-10-23,89.0,22.0,0.0,0.0,0.0
1953-10-24,89.0,28.0,0.0,0.0,0.0
1953-10-25,89.0,-6.0,13.0,0.0,0.0
1953-10-26,67.0,-33.0,5.0,0.0,0.0
1953-10-27,56.0,-6.0,0.0,0.0,0.0
1953-10-28,111.0,-33.0,0.0,0.0,0.0
1953-10-29,178.0,22.0,0.0,0.0,0.0
1953-10-30,,,0.0,0.0,0.0
1953-10-31,28.0,-17.0,0.0,0.0,0.0
1953-11-01,156.0,6.0,0.0,0.0,0.0
1953-11-02,139.0,22.0,0.0,0.0,0.0
1953-11-03,61.0,-11.0,0.0,0.0,0.0
1953-11-04,11.0,-83.0,0.0,0.0,0.0
1953-11-05,22.0,-106.0,0.0,0.0,0.0
1953-11-06,61.0,-100.0,0.0,0.0,0.0
1953-11-07,39.0,-106.0,0.0,0.0,0.0
1953-11-08,78.0,-44.0,0.0,0.0,0.0
1953-11-09,78.0,-39.0,0.0,0.0,0.0
1953-11-10,78.0,-6.0,0.0,0.0,0.0
1953-11-11,28.0,-56.0,0.0,0.0,0.0
1953-11-12,94.0,-61.0,0.0,0.0,0.0
1953-11-13,89.0,-17.0,0.0,0.0,0.0
1953-11-14,167.0,17.0,0.0,0.0,0.0
1953-11-15,72.0,11.0,0.0,0.0,0.0
1953-11-16,167.0,11.0,0.0,0.0,0.0
1953-11-17,189.0,0.0,0.0,0.0,0.0
1953-11-18,150.0,72.0,0.0,0.0,0.0
1953-11-19,72.0,6.0,41.0,0.0,0.0
1953-11-20,50.0,6.0,419.0,0.0,0.0
1953-11-21,39.0,-11.0,53.0,0.0,0.0
1953-11-22,-11.0,-33.0,5.0,0.0,5.0
1953-11-23,6.0,-39.0,53.0,51.0,53.0
1953-11-24,-6.0,-33.0,0.0,51.0,0.0
1953-11-25,-22.0,-56.0,0.0,51.0,0.0
1953-11-26,-50.0,-100.0,0.0,51.0,3.0
1953-11-27,-50.0,-133.0,0.0,25.0,0.0
1953-11-28,-33.0,-117.0,3.0,25.0,3.0
1953-11-29,-11.0,-67.0,0.0,25.0,0.0
1953-11-30,17.0,-67.0,0.0,25.0,0.0
1953-12-01,39.0,-117.0,0.0,25.0,0.0
1953-12-02,22.0,-11.0,13.0,0.0,0.0
1953-12-03,22.0,-11.0,150.0,0.0,150.0
1953-12-04,33.0,-89.0,69.0,178.0,69.0
1953-12-05,-17.0,-111.0,15.0,178.0,15.0
1953-12-06,-33.0,-83.0,56.0,254.0,56.0
1953-12-07,39.0,-61.0,0.0,254.0,0.0
1953-12-08,-56.0,-117.0,0.0,203.0,0.0
1953-12-09,-28.0,-94.0,0.0,152.0,0.0
1953-12-10,-33.0,-100.0,18.0,152.0,18.0
1953-12-11,-11.0,-83.0,0.0,152.0,0.0
1953-12-12,-22.0,-139.0,0.0,152.0,0.0
1953-12-13,-6.0,-83.0,0.0,102.0,0.0
1953-12-14,-61.0,-156.0,0.0,102.0,0.0
1953-12-15,-133.0,-222.0,0.0,102.0,0.0
1953-12-16,-161.0,-250.0,0.0,102.0,0.0
1953-12-17,,,0.0,102.0,0.0
1953-12-18,-67.0,-150.0,0.0,102.0,0.0
1953-12-19,0.0,-106.0,0.0,102.0,0.0
1953-12-20,17.0,-56.0,0.0,102.0,0.0
1953-12-21,-28.0,-150.0,0.0,102.0,0.0
1953-12-22,-133.0,-211.0,0.0,102.0,0.0
1953-12-23,-100.0,-250.0,0.0,102.0,0.0
1953-12-24,33.0,-117.0,0.0,102.0,0.0
1953-12-25,6.0,-33.0,13.0,102.0,13.0
1953-12-26,-17.0,-106.0,5.0,102.0,5.0
1953-12-27,0.0,-150.0,81.0,254.0,152.0
1953-12-28,-28.0,-161.0,0.0,229.0,0.0
1953-12-29,-39.0,-267.0,23.0,254.0,23.0
1953-12-30,-122.0,-267.0,5.0,229.0,5.0
1953-12-31,-6.0,-239.0,33.0,229.0,33.0
1954-01-01,-17.0,-172.0,18.0,254.0,18.0
1954-01-02,-22.0,-150.0,74.0,330.0,74.0
1954-01-03,-39.0,-183.0,0.0,330.0,0.0
1954-01-04,-11.0,-83.0,0.0,330.0,0.0
1954-01-05,-28.0,-106.0,8.0,330.0,8.0
1954-01-06,-56.0,-83.0,0.0,305.0,0.0
1954-01-07,-17.0,-78.0,0.0,305.0,0.0
1954-01-08,-22.0,-44.0,0.0,305.0,0.0
1954-01-09,-44.0,-233.0,36.0,330.0,36.0
1954-01-10,-150.0,-228.0,13.0,330.0,13.0
1954-01-11,-183.0,-261.0,8.0,330.0,8.0
1954-01-12,-206.0,-322.0,0.0,330.0,0.0
1954-01-13,-106.0,-250.0,5.0,330.0,23.0
1954-01-14,-56.0,-156.0,30.0,432.0,89.0
1954-01-15,-139.0,-250.0,8.0,432.0,8.0
1954-01-16,-250.0,-317.0,5.0,432.0,5.0
1954-01-17,-228.0,-350.0,0.0,432.0,0.0
1954-01-18,-133.0,-228.0,3.0,432.0,3.0
1954-01-19,-117.0,-217.0,15.0,432.0,20.0
1954-01-20,-161.0,-289.0,8.0,432.0,13.0
1954-01-21,-228.0,-344.0,0.0,432.0,0.0
1954-01-22,-117.0,-283.0,0.0,432.0,0.0
1954-01-23,-17.0,-122.0,0.0,432.0,0.0
1954-01-24,-33.0,-133.0,0.0,432.0,0.0
1954-01-25,-61.0,-133.0,84.0,432.0,147.0
1954-01-26,-94.0,-167.0,18.0,559.0,28.0
1954-01-27,-50.0,-128.0,3.0,559.0,3.0
1954-01-28,-56.0,-167.0,3.0,559.0,5.0
1954-01-29,-61.0,-200.0,3.0,559.0,5.0
1954-01-30,-133.0,-233.0,0.0,559.0,0.0
1954-01-31,-94.0,-211.0,0.0,559.0,0.0
1954-02-01,50.0,-100.0,0.0,533.0,0.0
1954-02-02,28.0,-56.0,0.0,457.0,0.0
1954-02-03,-22.0,-117.0,0.0,432.0,0.0
1954-02-04,39.0,-22.0,0.0,432.0,0.0
1954-02-05,22.0,-111.0,0.0,406.0,0.0
1954-02-06,-22.0,-144.0,0.0,406.0,0.0
1954-02-07,22.0,-100.0,0.0,381.0,0.0
1954-02-08,17.0,-56.0,0.0,381.0,0.0
1954-02-09,56.0,-78.0,0.0,356.0,0.0
1954-02-10,-11.0,-122.0,0.0,305.0,0.0
1954-02-11,-122.0,-222.0,0.0,279.0,0.0
1954-02-12,-111.0,-250.0,15.0,279.0,23.0
1954-02-13,-17.0,-111.0,13.0,305.0,15.0
1954-02-14,33.0,-33.0,0.0,330.0,0.0
1954-02-15,33.0,-94.0,0.0,330.0,0.0
1954-02-16,50.0,-144.0,0.0,305.0,0.0
1954-02-17,67.0,-22.0,0.0,279.0,0.0
1954-02-18,89.0,-50.0,0.0,254.0,0.0
1954-02-19,50.0,6.0,0.0,203.0,0.0
1954-02-20,33.0,0.0,13.0,152.0,0.0
1954-02-21,6.0,-89.0,3.0,127.0,0.0
1954-02-22,-33.0,-117.0,33.0,127.0,33.0
1954-02-23,6.0,-33.0,36.0,203.0,36.0
1954-02-24,11.0,-83.0,74.0,330.0,130.0
1954-02-25,6.0,-144.0,0.0,330.0,0.0
1954-02-26,56.0,-50.0,36.0,330.0,36.0
1954-02-27,33.0,-56.0,0.0,330.0,0.0
1954-02-28,6.0,-83.0,0.0,330.0,0.0
1954-03-01,-6.0,-89.0,3.0,330.0,3.0
1954-03-02,-61.0,-150.0,0.0,330.0,0.0
1954-03-03,-111.0,-172.0,0.0,330.0,0.0
1954-03-04,-94.0,-200.0,0.0,330.0,0.0
1954-03-05,-67.0,-211.0,0.0,330.0,0.0
1954-03-06,61.0,-133.0,0.0,330.0,0.0
1954-03-07,0.0,-83.0,0.0,279.0,0.0
1954-03-08,6.0,-122.0,0.0,279.0,0.0
1954-03-09,0.0,-61.0,20.0,305.0,20.0
1954-03-10,22.0,-94.0,0.0,279.0,0.0
1954-03-11,-28.0,-61.0,0.0,279.0,0.0
1954-03-12,-33.0,-72.0,0.0,279.0,0.0
1954-03-13,-56.0,-106.0,8.0,279.0,10.0
1954-03-14,-6.0,-100.0,0.0,279.0,0.0
1954-03-15,39.0,-94.0,0.0,279.0,0.0
1954-03-16,39.0,-78.0,0.0,254.0,0.0
1954-03-17,39.0,-61.0,0.0,229.0,0.0
1954-03-18,67.0,-6.0,30.0,203.0,0.0
1954-03-19,6.0,-67.0,218.0,254.0,122.0
1954-03-20,-17.0,-106.0,0.0,254.0,0.0
1954-03-21,44.0,-61.0,0.0,229.0,0.0
1954-03-22,33.0,-50.0,8.0,203.0,10.0
1954-03-23,56.0,-50.0,0.0,203.0,0.0
1954-03-24,33.0,-39.0,0.0,178.0,0.0
1954-03-25,6.0,-44.0,99.0,203.0,64.0
1954-03-26,0.0,-106.0,0.0,203.0,0.0
1954-03-27,17.0,-83.0,46.0,254.0,61.0
1954-03-28,-83.0,-161.0,0.0,254.0,0.0
1954-03-29,-50.0,-167.0,0.0,254.0,0.0
1954-03-30,-39.0,-139.0,0.0,254.0,0.0
1954-03-31,-11.0,-150.0,0.0,254.0,0.0
1954-04-01,-17.0,-111.0,0.0,254.0,0.0
1954-04-02,-111.0,-178.0,0.0,203.0,0.0
1954-04-03,-44.0,-206.0,0.0,203.0,0.0
1954-04-04,39.0,-106.0,10.0,203.0,10.0
1954-04-05,106.0,-6.0,0.0,203.0,0.0
1954-04-06,172.0,6.0,0.0,152.0,0.0
1954-04-07,72.0,-50.0,58.0,102.0,0.0
1954-04-08,56.0,-94.0,0.0,51.0,0.0
1954-04-09,117.0,6.0,0.0,25.0,0.0
1954-04-10,133.0,11.0,0.0,0.0,0.0
1954-04-11,67.0,-17.0,0.0,0.0,0.0
1954-04-12,189.0,-39.0,0.0,0.0,0.0
1954-04-13,167.0,11.0,0.0,0.0,0.0
1954-04-14,39.0,6.0,0.0,0.0,0.0
1954-04-15,72.0,11.0,229.0,0.0,0.0
1954-04-16,72.0,-6.0,5.0,0.0,0.0
1954-04-17,172.0,-6.0,0.0,0.0,0.0
1954-04-18,117.0,11.0,0.0,0.0,0.0
1954-04-19,111.0,-6.0,0.0,0.0,0.0
1954-04-20,122.0,-33.0,0.0,0.0,0.0
1954-04-21,89.0,0.0,23.0,0.0,0.0
1954-04-22,61.0,-11.0,0.0,0.0,0.0
1954-04-23,56.0,-11.0,0.0,0.0,0.0
1954-04-24,167.0,17.0,3.0,0.0,0.0
1954-04-25,67.0,6.0,36.0,0.0,0.0
1954-04-26,33.0,6.0,335.0,0.0,0.0
1954-04-27,78.0,0.0,0.0,0.0,0.0
1954-04-28,94.0,-11.0,0.0,0.0,0.0
1954-04-29,89.0,17.0,5.0,0.0,0.0
1954-04-30,39.0,17.0,297.0,0.0,0.0
1954-05-01,83.0,-6.0,356.0,0.0,0.0
1954-05-02,-6.0,-33.0,41.0,0.0,15.0
1954-05-03,-22.0,-50.0,36.0,76.0,36.0
1954-05-04,11.0,-33.0,3.0,76.0,3.0
1954-05-05,50.0,-28.0,5.0,76.0,5.0
1954-05-06,50.0,-22.0,0.0,0.0,0.0
1954-05-07,56.0,-11.0,38.0,25.0,38.0
1954-05-08,39.0,0.0,61.0,0.0,61.0
1954-05-09,128.0,22.0,0.0,0.0,0.0
1954-05-10,150.0,56.0,0.0,0.0,0.0
1954-05-11,100.0,39.0,0.0,0.0,0.0
1954-05-12,156.0,17.0,0.0,0.0,0.0
1954-05-13,139.0,39.0,0.0,0.0,0.0
1954-05-14,211.0,22.0,0.0,0.0,0.0
1954-05-15,222.0,83.0,130.0,0.0,0.0
1954-05-16,144.0,44.0,0.0,0.0,0.0
1954-05-17,150.0,11.0,0.0,0.0,0.0
1954-05-18,122.0,17.0,0.0,0.0,0.0
1954-05-19,117.0,-11.0,0.0,0.0,0.0
1954-05-20,156.0,-33.0,0.0,0.0,0.0
1954-05-21,250.0,28.0,0.0,0.0,0.0
1954-05-22,156.0,67.0,0.0,0.0,0.0
1954-05-23,194.0,78.0,28.0,0.0,0.0
1954-05-24,150.0,56.0,64.0,0.0,0.0
1954-05-25,161.0,22.0,0.0,0.0,0.0
1954-05-26,100.0,22.0,0.0,0.0,0.0
1954-05-27,56.0,22.0,135.0,0.0,0.0
1954-05-28,56.0,22.0,74.0,0.0,0.0
1954-05-29,172.0,39.0,30.0,0.0,0.0
1954-05-30,106.0,39.0,23.0,0.0,0.0
1954-05-31,67.0,33.0,429.0,0.0,0.0
1954-06-01,183.0,72.0,5.0,0.0,0.0
1954-06-02,150.0,67.0,0.0,0.0,0.0
1954-06-03,150.0,17.0,0.0,0.0,0.0
1954-06-04,172.0,11.0,0.0,0.0,0.0
1954-06-05,206.0,39.0,0.0,0.0,0.0
1954-06-06,172.0,56.0,0.0,0.0,0.0
1954-06-07,206.0,83.0,41.0,0.0,0.0
1954-06-08,272.0,78.0,5.0,0.0,0.0
1954-06-09,294.0,133.0,0.0,0.0,0.0
1954-06-10,194.0,78.0,0.0,0.0,0.0
1954-06-11,144.0,56.0,218.0,0.0,0.0
1954-06-12,278.0,72.0,30.0,0.0,0.0
1954-06-13,261.0,133.0,0.0,0.0,0.0
1954-06-14,228.0,83.0,0.0,0.0,0.0
1954-06-15,261.0,83.0,0.0,0.0,0.0
1954-06-16,239.0,111.0,330.0,0.0,0.0
1954-06-17,267.0,133.0,38.0,0.0,0.0
1954-06-18,178.0,133.0,368.0,0.0,0.0
1954-06-19,189.0,89.0,0.0,0.0,0.0
1954-06-20,233.0,94.0,30.0,0.0,0.0
1954-06-21,178.0,111.0,81.0,0.0,0.0
1954-06-22,233.0,106.0,0.0,0.0,0.0
1954-06-23,206.0,89.0,0.0,0.0,0.0
1954-06-24,283.0,172.0,3.0,0.0,0.0
1954-06-25,211.0,111.0,48.0,0.0,0.0
1954-06-26,250.0,128.0,0.0,0.0,0.0
1954-06-27,189.0,72.0,0.0,0.0,0.0
1954-06-28,172.0,72.0,0.0,0.0,0.0
1954-06-29,311.0,117.0,0.0,0.0,0.0
1954-06-30,211.0,100.0,0.0,0.0,0.0
1954-07-01,211.0,89.0,0.0,0.0,0.0
1954-07-02,128.0,83.0,53.0,0.0,0.0
1954-07-03,172.0,89.0,8.0,0.0,0.0
1954-07-04,261.0,100.0,0.0,0.0,0.0
1954-07-05,267.0,117.0,0.0,0.0,0.0
1954-07-06,233.0,133.0,165.0,0.0,0.0
1954-07-07,194.0,94.0,0.0,0.0,0.0
1954-07-08,233.0,89.0,0.0,0.0,0.0
1954-07-09,194.0,78.0,0.0,0.0,0.0
1954-07-10,178.0,100.0,196.0,0.0,0.0
1954-07-11,150.0,106.0,0.0,0.0,0.0
1954-07-12,283.0,128.0,0.0,0.0,0.0
1954-07-13,283.0,189.0,0.0,0.0,0.0
1954-07-14,261.0,156.0,0.0,0.0,0.0
1954-07-15,272.0,128.0,0.0,0.0,0.0
1954-07-16,244.0,111.0,0.0,0.0,0.0
1954-07-17,278.0,167.0,3.0,0.0,0.0
1954-07-18,278.0,128.0,0.0,0.0,0.0
1954-07-19,306.0,150.0,0.0,0.0,0.0
1954-07-20,239.0,156.0,0.0,0.0,0.0
1954-07-21,228.0,128.0,0.0,0.0,0.0
1954-07-22,217.0,122.0,0.0,0.0,0.0
1954-07-23,261.0,133.0,61.0,0.0,0.0
1954-07-24,256.0,106.0,0.0,0.0,0.0
1954-07-25,289.0,100.0,0.0,0.0,0.0
1954-07-26,311.0,183.0,0.0,0.0,0.0
1954-07-27,239.0,178.0,216.0,0.0,0.0
1954-07-28,183.0,150.0,0.0,0.0,0.0
1954-07-29,256.0,150.0,0.0,0.0,0.0
1954-07-30,183.0,89.0,25.0,0.0,0.0
1954-07-31,228.0,117.0,0.0,0.0,0.0
1954-08-01,267.0,133.0,53.0,0.0,0.0
1954-08-02,228.0,128.0,206.0,0.0,0.0
1954-08-03,256.0,128.0,0.0,0.0,0.0
1954-08-04,233.0,122.0,0.0,0.0,0.0
1954-08-05,217.0,133.0,0.0,0.0,0.0
1954-08-06,233.0,100.0,0.0,0.0,0.0
1954-08-07,250.0,89.0,0.0,0.0,0.0
1954-08-08,261.0,117.0,20.0,0.0,0.0
1954-08-09,217.0,117.0,30.0,0.0,0.0
1954-08-10,206.0,83.0,0.0,0.0,0.0
1954-08-11,200.0,72.0,0.0,0.0,0.0
1954-08-12,239.0,67.0,0.0,0.0,0.0
1954-08-13,261.0,117.0,0.0,0.0,0.0
1954-08-14,283.0,144.0,0.0,0.0,0.0
1954-08-15,289.0,156.0,3.0,0.0,0.0
1954-08-16,194.0,72.0,0.0,0.0,0.0
1954-08-17,217.0,44.0,0.0,0.0,0.0
1954-08-18,267.0,117.0,0.0,0.0,0.0
1954-08-19,244.0,106.0,0.0,0.0,0.0
1954-08-20,239.0,94.0,0.0,0.0,0.0
1954-08-21,239.0,139.0,0.0,0.0,0.0
1954-08-22,206.0,150.0,69.0,0.0,0.0
1954-08-23,289.0,189.0,28.0,0.0,0.0
1954-08-24,306.0,178.0,0.0,0.0,0.0
1954-08-25,217.0,128.0,28.0,0.0,0.0
1954-08-26,194.0,106.0,0.0,0.0,0.0
1954-08-27,167.0,122.0,71.0,0.0,0.0
1954-08-28,272.0,133.0,8.0,0.0,0.0
1954-08-29,217.0,122.0,0.0,0.0,0.0
1954-08-30,183.0,78.0,0.0,0.0,0.0
1954-08-31,233.0,67.0,0.0,0.0,0.0
1954-09-01,283.0,144.0,94.0,0.0,0.0
1954-09-02,206.0,133.0,0.0,0.0,0.0
1954-09-03,178.0,94.0,0.0,0.0,0.0
1954-09-04,161.0,106.0,33.0,0.0,0.0
1954-09-05,217.0,128.0,0.0,0.0,0.0
1954-09-06,217.0,122.0,86.0,0.0,0.0
1954-09-07,144.0,94.0,0.0,0.0,0.0
1954-09-08,156.0,94.0,8.0,0.0,0.0
1954-09-09,117.0,100.0,297.0,0.0,0.0
1954-09-10,200.0,89.0,13.0,0.0,0.0
1954-09-11,144.0,89.0,13.0,0.0,0.0
1954-09-12,106.0,94.0,30.0,0.0,0.0
1954-09-13,128.0,83.0,28.0,0.0,0.0
1954-09-14,94.0,72.0,13.0,0.0,0.0
1954-09-15,117.0,72.0,51.0,0.0,0.0
1954-09-16,111.0,83.0,51.0,0.0,0.0
1954-09-17,161.0,111.0,30.0,0.0,0.0
1954-09-18,144.0,111.0,56.0,0.0,0.0
1954-09-19,156.0,78.0,0.0,0.0,0.0
1954-09-20,167.0,22.0,20.0,0.0,0.0
1954-09-21,150.0,28.0,30.0,0.0,0.0
1954-09-22,161.0,11.0,0.0,0.0,0.0
1954-09-23,156.0,6.0,0.0,0.0,0.0
1954-09-24,211.0,89.0,0.0,0.0,0.0
1954-09-25,217.0,72.0,0.0,0.0,0.0
1954-09-26,211.0,72.0,0.0,0.0,0.0
1954-09-27,194.0,94.0,0.0,0.0,0.0
1954-09-28,167.0,44.0,0.0,0.0,0.0
1954-09-29,144.0,83.0,79.0,0.0,0.0
1954-09-30,122.0,11.0,25.0,0.0,0.0
1954-10-01,78.0,6.0,13.0,0.0,0.0
1954-10-02,139.0,17.0,3.0,0.0,0.0
1954-10-03,122.0,67.0,0.0,0.0,0.0
1954-10-04,111.0,11.0,0.0,0.0,0.0
1954-10-05,67.0,-44.0,0.0,0.0,0.0
1954-10-06,89.0,-11.0,0.0,0.0,0.0
1954-10-07,128.0,6.0,0.0,0.0,0.0
1954-10-08,94.0,61.0,8.0,0.0,0.0
1954-10-09,150.0,67.0,5.0,0.0,0.0
1954-10-10,106.0,78.0,36.0,0.0,0.0
1954-10-11,94.0,83.0,79.0,0.0,0.0
1954-10-12,156.0,83.0,76.0,0.0,0.0
1954-10-13,117.0,61.0,0.0,0.0,0.0
1954-10-14,89.0,44.0,76.0,0.0,0.0
1954-10-15,89.0,22.0,0.0,0.0,0.0
1954-10-16,122.0,17.0,0.0,0.0,0.0
1954-10-17,44.0,-44.0,0.0,0.0,0.0
1954-10-18,83.0,-50.0,0.0,0.0,0.0
1954-10-19,122.0,-44.0,0.0,0.0,0.0
1954-10-20,122.0,-33.0,0.0,0.0,0.0
1954-10-21,128.0,6.0,0.0,0.0,0.0
1954-10-22,183.0,72.0,0.0,0.0,0.0
1954-10-23,167.0,78.0,0.0,0.0,0.0
1954-10-24,106.0,67.0,0.0,0.0,0.0
1954-10-25,100.0,28.0,64.0,0.0,0.0
1954-10-26,39.0,-17.0,20.0,0.0,0.0
1954-10-27,106.0,-28.0,0.0,0.0,0.0
1954-10-28,83.0,-6.0,0.0,0.0,0.0
1954-10-29,6.0,-28.0,0.0,0.0,0.0
1954-10-30,6.0,-78.0,0.0,0.0,0.0
1954-10-31,22.0,-50.0,0.0,0.0,0.0
1954-11-01,-28.0,-61.0,53.0,51.0,53.0
1954-11-02,-6.0,-50.0,5.0,25.0,5.0
1954-11-03,28.0,-39.0,0.0,0.0,0.0
1954-11-04,22.0,-67.0,0.0,0.0,0.0
1954-11-05,44.0,-72.0,0.0,0.0,0.0
1954-11-06,72.0,11.0,0.0,0.0,0.0
1954-11-07,161.0,17.0,0.0,0.0,0.0
1954-11-08,106.0,0.0,0.0,0.0,0.0
1954-11-09,50.0,-50.0,0.0,0.0,0.0
1954-11-10,150.0,-33.0,0.0,0.0,0.0
1954-11-11,117.0,-22.0,0.0,0.0,0.0
1954-11-12,72.0,-22.0,0.0,0.0,0.0
1954-11-13,156.0,-6.0,0.0,0.0,0.0
1954-11-14,0.0,-67.0,0.0,0.0,0.0
1954-11-15,89.0,-17.0,0.0,0.0,0.0
1954-11-16,83.0,-22.0,0.0,0.0,0.0
1954-11-17,111.0,28.0,0.0,0.0,0.0
1954-11-18,56.0,-11.0,0.0,0.0,0.0
1954-11-19,11.0,-11.0,3.0,0.0,0.0
1954-11-20,33.0,-28.0,0.0,0.0,0.0
1954-11-21,22.0,-11.0,0.0,0.0,0.0
1954-11-22,11.0,-50.0,0.0,0.0,0.0
1954-11-23,39.0,-11.0,86.0,51.0,53.0
1954-11-24,6.0,-44.0,0.0,0.0,0.0
1954-11-25,-33.0,-72.0,0.0,0.0,0.0
1954-11-26,-11.0,-50.0,23.0,0.0,20.0
1954-11-27,-6.0,-39.0,10.0,25.0,10.0
1954-11-28,-11.0,-56.0,8.0,51.0,15.0
1954-11-29,-33.0,-67.0,0.0,51.0,0.0
1954-11-30,-67.0,-106.0,0.0,51.0,0.0
1954-12-01,-44.0,-100.0,0.0,51.0,0.0
1954-12-02,-50.0,-139.0,0.0,51.0,0.0
1954-12-03,-28.0,-89.0,0.0,51.0,0.0
1954-12-04,-11.0,-111.0,0.0,51.0,0.0
1954-12-05,-67.0,-139.0,0.0,51.0,0.0
1954-12-06,-50.0,-167.0,0.0,51.0,0.0
1954-12-07,-28.0,-111.0,0.0,51.0,0.0
1954-12-08,-17.0,-139.0,0.0,51.0,0.0
1954-12-09,-22.0,-61.0,0.0,51.0,0.0
1954-12-10,-22.0,-139.0,0.0,51.0,0.0
1954-12-11,-33.0,-133.0,0.0,51.0,0.0
1954-12-12,-22.0,-106.0,0.0,25.0,0.0
1954-12-13,-33.0,-122.0,0.0,25.0,0.0
1954-12-14,-6.0,-50.0,15.0,25.0,15.0
1954-12-15,-39.0,-61.0,0.0,25.0,0.0
1954-12-16,-28.0,-50.0,0.0,25.0,0.0
1954-12-17,-11.0,-39.0,13.0,51.0,25.0
1954-12-18,-39.0,-150.0,13.0,51.0,25.0
1954-12-19,-50.0,-156.0,0.0,51.0,0.0
1954-12-20,-22.0,-56.0,0.0,51.0,0.0
1954-12-21,-28.0,-44.0,0.0,51.0,0.0
1954-12-22,11.0,-39.0,0.0,51.0,0.0
1954-12-23,39.0,-22.0,0.0,51.0,0.0
1954-12-24,-11.0,-44.0,0.0,51.0,0.0
1954-12-25,17.0,-78.0,0.0,51.0,0.0
1954-12-26,-39.0,-150.0,0.0,51.0,0.0
1954-12-27,-78.0,-167.0,0.0,51.0,0.0
1954-12-28,-33.0,-139.0,0.0,51.0,0.0
1954-12-29,-6.0,-117.0,0.0,51.0,0.0
1954-12-30,-83.0,-117.0,0.0,51.0,0.0
1954-12-31,-33.0,-128.0,8.0,51.0,15.0
1955-01-01,0.0,-128.0,0.0,51.0,0.0
1955-01-02,-39.0,-189.0,0.0,51.0,3.0
1955-01-03,-22.0,-78.0,0.0,51.0,0.0
1955-01-04,-28.0,-56.0,0.0,51.0,0.0
1955-01-05,-28.0,-100.0,0.0,51.0,0.0
1955-01-06,-50.0,-144.0,0.0,51.0,0.0
1955-01-07,-28.0,-111.0,0.0,51.0,0.0
1955-01-08,-28.0,-139.0,0.0,51.0,0.0
1955-01-09,-22.0,-128.0,25.0,76.0,46.0
1955-01-10,-56.0,-122.0,0.0,76.0,0.0
1955-01-11,-61.0,-111.0,38.0,76.0,76.0
1955-01-12,-28.0,-89.0,28.0,178.0,76.0
1955-01-13,-61.0,-128.0,0.0,203.0,0.0
1955-01-14,-28.0,-117.0,0.0,178.0,0.0
1955-01-15,-78.0,-178.0,3.0,152.0,3.0
1955-01-16,-117.0,-206.0,0.0,152.0,0.0
1955-01-17,-72.0,-200.0,0.0,152.0,0.0
1955-01-18,-56.0,-172.0,0.0,152.0,0.0
1955-01-19,-28.0,-172.0,0.0,152.0,0.0
1955-01-20,-50.0,-161.0,0.0,152.0,0.0
1955-01-21,-22.0,-72.0,79.0,254.0,117.0
1955-01-22,-61.0,-133.0,0.0,254.0,0.0
1955-01-23,-133.0,-189.0,0.0,254.0,0.0
1955-01-24,-117.0,-206.0,0.0,254.0,0.0
1955-01-25,-117.0,-178.0,0.0,254.0,0.0
1955-01-26,-144.0,-278.0,0.0,254.0,0.0
1955-01-27,-194.0,-322.0,0.0,254.0,0.0
1955-01-28,-161.0,-261.0,0.0,254.0,0.0
1955-01-29,-133.0,-244.0,0.0,254.0,0.0
1955-01-30,-111.0,-267.0,0.0,254.0,0.0
1955-01-31,-67.0,-139.0,58.0,254.0,102.0
1955-02-01,-39.0,-167.0,0.0,330.0,0.0
1955-02-02,-50.0,-133.0,36.0,356.0,191.0
1955-02-03,-56.0,-156.0,5.0,432.0,51.0
1955-02-04,-56.0,-150.0,51.0,483.0,51.0
1955-02-05,-44.0,-122.0,43.0,610.0,127.0
1955-02-06,-56.0,-200.0,0.0,610.0,0.0
1955-02-07,-72.0,-217.0,0.0,610.0,0.0
1955-02-08,-22.0,-100.0,0.0,584.0,0.0
1955-02-09,-44.0,-206.0,0.0,559.0,0.0
1955-02-10,-206.0,-267.0,0.0,559.0,0.0
1955-02-11,-144.0,-267.0,0.0,559.0,0.0
1955-02-12,-128.0,-261.0,0.0,559.0,0.0
1955-02-13,-94.0,-200.0,0.0,533.0,0.0
1955-02-14,-33.0,-161.0,0.0,508.0,0.0
1955-02-15,-17.0,-122.0,0.0,508.0,0.0
1955-02-16,-39.0,-139.0,0.0,483.0,0.0
1955-02-17,11.0,-156.0,0.0,457.0,0.0
1955-02-18,-11.0,-39.0,51.0,432.0,58.0
1955-02-19,-11.0,-22.0,109.0,559.0,81.0
1955-02-20,11.0,-122.0,76.0,584.0,25.0
1955-02-21,-117.0,-178.0,41.0,584.0,41.0
1955-02-22,-83.0,-206.0,0.0,584.0,0.0
1955-02-23,-56.0,-189.0,0.0,559.0,0.0
1955-02-24,-133.0,-244.0,3.0,533.0,3.0
1955-02-25,-44.0,-172.0,0.0,508.0,0.0
1955-02-26,-50.0,-189.0,0.0,508.0,0.0
1955-02-27,-89.0,-167.0,10.0,508.0,30.0
1955-02-28,-44.0,-94.0,10.0,559.0,28.0
1955-03-01,-11.0,-161.0,8.0,559.0,15.0
1955-03-02,-67.0,-189.0,0.0,559.0,0.0
1955-03-03,-33.0,-78.0,10.0,559.0,18.0
1955-03-04,-11.0,-111.0,8.0,559.0,10.0
1955-03-05,-61.0,-211.0,18.0,559.0,18.0
1955-03-06,-144.0,-244.0,0.0,559.0,0.0
1955-03-07,-117.0,-289.0,0.0,533.0,0.0
1955-03-08,56.0,-144.0,5.0,483.0,8.0
1955-03-09,56.0,-50.0,0.0,432.0,0.0
1955-03-10,44.0,-11.0,18.0,406.0,0.0
1955-03-11,-11.0,-89.0,0.0,330.0,0.0
1955-03-12,-11.0,-117.0,71.0,406.0,94.0
1955-03-13,-44.0,-161.0,15.0,406.0,76.0
1955-03-14,-6.0,-72.0,3.0,483.0,3.0
1955-03-15,-11.0,-128.0,0.0,406.0,0.0
1955-03-16,-89.0,-206.0,0.0,406.0,0.0
1955-03-17,-111.0,-233.0,33.0,406.0,91.0
1955-03-18,-28.0,-200.0,0.0,483.0,0.0
1955-03-19,-39.0,-94.0,41.0,508.0,38.0
1955-03-20,-56.0,-161.0,3.0,457.0,3.0
1955-03-21,-50.0,-128.0,20.0,508.0,66.0
1955-03-22,-17.0,-144.0,0.0,508.0,0.0
1955-03-23,-28.0,-161.0,0.0,508.0,0.0
1955-03-24,-67.0,-161.0,0.0,508.0,0.0
1955-03-25,-111.0,-222.0,0.0,483.0,0.0
1955-03-26,-17.0,-200.0,0.0,483.0,0.0
1955-03-27,-11.0,-178.0,0.0,457.0,0.0
1955-03-28,44.0,-117.0,0.0,432.0,0.0
1955-03-29,61.0,-100.0,0.0,406.0,0.0
1955-03-30,67.0,-22.0,0.0,356.0,0.0
1955-03-31,161.0,-39.0,0.0,279.0,0.0
1955-04-01,156.0,11.0,0.0,127.0,0.0
1955-04-02,94.0,-6.0,0.0,25.0,0.0
1955-04-03,50.0,-17.0,0.0,0.0,0.0
1955-04-04,44.0,-11.0,18.0,0.0,10.0
1955-04-05,50.0,-11.0,175.0,127.0,127.0
1955-04-06,39.0,-61.0,0.0,51.0,0.0
1955-04-07,117.0,-67.0,0.0,25.0,0.0
1955-04-08,222.0,28.0,0.0,0.0,0.0
1955-04-09,233.0,50.0,0.0,0.0,0.0
1955-04-10,272.0,6.0,0.0,0.0,0.0
1955-04-11,100.0,17.0,0.0,0.0,0.0
1955-04-12,72.0,17.0,0.0,0.0,0.0
1955-04-13,106.0,22.0,0.0,0.0,0.0
1955-04-14,56.0,6.0,0.0,0.0,0.0
1955-04-15,61.0,-11.0,0.0,0.0,0.0
1955-04-16,167.0,-11.0,13.0,0.0,0.0
1955-04-17,183.0,39.0,0.0,0.0,0.0
1955-04-18,78.0,17.0,178.0,0.0,0.0
1955-04-19,44.0,0.0,0.0,0.0,0.0
1955-04-20,156.0,17.0,43.0,0.0,0.0
1955-04-21,83.0,22.0,0.0,0.0,0.0
1955-04-22,156.0,-6.0,0.0,0.0,0.0
1955-04-23,83.0,11.0,0.0,0.0,0.0
1955-04-24,89.0,11.0,0.0,0.0,0.0
1955-04-25,167.0,50.0,0.0,0.0,0.0
1955-04-26,172.0,44.0,0.0,0.0,0.0
1955-04-27,172.0,72.0,0.0,0.0,0.0
1955-04-28,183.0,50.0,3.0,0.0,0.0
1955-04-29,222.0,67.0,0.0,0.0,0.0
1955-04-30,261.0,39.0,0.0,0.0,0.0
1955-05-01,133.0,72.0,140.0,0.0,0.0
1955-05-02,100.0,44.0,155.0,0.0,0.0
1955-05-03,183.0,44.0,3.0,0.0,0.0
1955-05-04,139.0,78.0,0.0,0.0,0.0
1955-05-05,161.0,33.0,0.0,0.0,0.0
1955-05-06,156.0,0.0,0.0,0.0,0.0
1955-05-07,106.0,11.0,0.0,0.0,0.0
1955-05-08,100.0,-11.0,0.0,0.0,0.0
1955-05-09,61.0,17.0,61.0,0.0,0.0
1955-05-10,189.0,56.0,8.0,0.0,0.0
1955-05-11,233.0,33.0,0.0,0.0,0.0
1955-05-12,183.0,50.0,0.0,0.0,0.0
1955-05-13,139.0,39.0,0.0,0.0,0.0
1955-05-14,267.0,33.0,0.0,0.0,0.0
1955-05-15,267.0,33.0,0.0,0.0,0.0
1955-05-16,56.0,6.0,69.0,0.0,0.0
1955-05-17,144.0,-11.0,0.0,0.0,0.0
1955-05-18,283.0,111.0,0.0,0.0,0.0
1955-05-19,194.0,44.0,23.0,0.0,0.0
1955-05-20,167.0,44.0,8.0,0.0,0.0
1955-05-21,294.0,67.0,0.0,0.0,0.0
1955-05-22,267.0,111.0,0.0,0.0,0.0
1955-05-23,178.0,72.0,48.0,0.0,0.0
1955-05-24,167.0,56.0,0.0,0.0,0.0
1955-05-25,106.0,39.0,0.0,0.0,0.0
1955-05-26,111.0,33.0,25.0,0.0,0.0
1955-05-27,128.0,56.0,206.0,0.0,0.0
1955-05-28,156.0,78.0,53.0,0.0,0.0
1955-05-29,206.0,94.0,5.0,0.0,0.0
1955-05-30,211.0,50.0,0.0,0.0,0.0
1955-05-31,194.0,61.0,0.0,0.0,0.0
1955-06-01,156.0,78.0,38.0,0.0,0.0
1955-06-02,200.0,72.0,99.0,0.0,0.0
1955-06-03,228.0,78.0,41.0,0.0,0.0
1955-06-04,250.0,67.0,198.0,0.0,0.0
1955-06-05,178.0,89.0,155.0,0.0,0.0
1955-06-06,156.0,61.0,56.0,0.0,0.0
1955-06-07,178.0,83.0,20.0,0.0,0.0
1955-06-08,139.0,94.0,231.0,0.0,0.0
1955-06-09,139.0,72.0,104.0,0.0,0.0
1955-06-10,178.0,89.0,18.0,0.0,0.0
1955-06-11,100.0,78.0,61.0,0.0,0.0
1955-06-12,150.0,67.0,30.0,0.0,0.0
1955-06-13,250.0,89.0,0.0,0.0,0.0
1955-06-14,256.0,94.0,0.0,0.0,0.0
1955-06-15,289.0,89.0,0.0,0.0,0.0
1955-06-16,289.0,128.0,0.0,0.0,0.0
1955-06-17,239.0,128.0,0.0,0.0,0.0
1955-06-18,217.0,133.0,36.0,0.0,0.0
1955-06-19,261.0,128.0,84.0,0.0,0.0
1955-06-20,256.0,139.0,28.0,0.0,0.0
1955-06-21,233.0,117.0,0.0,0.0,0.0
1955-06-22,222.0,94.0,0.0,0.0,0.0
1955-06-23,244.0,117.0,104.0,0.0,0.0
1955-06-24,217.0,78.0,0.0,0.0,0.0
1955-06-25,250.0,61.0,0.0,0.0,0.0
1955-06-26,239.0,61.0,0.0,0.0,0.0
1955-06-27,283.0,94.0,0.0,0.0,0.0
1955-06-28,256.0,122.0,0.0,0.0,0.0
1955-06-29,306.0,161.0,0.0,0.0,0.0
1955-06-30,272.0,161.0,0.0,0.0,0.0
1955-07-01,289.0,156.0,122.0,0.0,0.0
1955-07-02,211.0,139.0,99.0,0.0,0.0
1955-07-03,256.0,161.0,343.0,0.0,0.0
1955-07-04,261.0,150.0,229.0,0.0,0.0
1955-07-05,267.0,150.0,0.0,0.0,0.0
1955-07-06,283.0,156.0,0.0,0.0,0.0
1955-07-07,250.0,156.0,0.0,0.0,0.0
1955-07-08,289.0,172.0,5.0,0.0,0.0
1955-07-09,222.0,133.0,0.0,0.0,0.0
1955-07-10,194.0,111.0,0.0,0.0,0.0
1955-07-11,194.0,122.0,0.0,0.0,0.0
1955-07-12,217.0,122.0,0.0,0.0,0.0
1955-07-13,294.0,144.0,0.0,0.0,0.0
1955-07-14,272.0,183.0,3.0,0.0,0.0
1955-07-15,217.0,167.0,0.0,0.0,0.0
1955-07-16,256.0,133.0,0.0,0.0,0.0
1955-07-17,300.0,128.0,0.0,0.0,0.0
1955-07-18,228.0,144.0,0.0,0.0,0.0
1955-07-19,300.0,128.0,0.0,0.0,0.0
1955-07-20,311.0,189.0,0.0,0.0,0.0
1955-07-21,306.0,189.0,157.0,0.0,0.0
1955-07-22,311.0,189.0,124.0,0.0,0.0
1955-07-23,244.0,133.0,0.0,0.0,0.0
1955-07-24,256.0,94.0,0.0,0.0,0.0
1955-07-25,294.0,144.0,0.0,0.0,0.0
1955-07-26,289.0,139.0,183.0,0.0,0.0
1955-07-27,178.0,122.0,114.0,0.0,0.0
1955-07-28,211.0,133.0,0.0,0.0,0.0
1955-07-29,267.0,172.0,234.0,0.0,0.0
1955-07-30,328.0,178.0,544.0,0.0,0.0
1955-07-31,311.0,200.0,0.0,0.0,0.0
1955-08-01,278.0,189.0,0.0,0.0,0.0
1955-08-02,217.0,183.0,328.0,0.0,0.0
1955-08-03,294.0,183.0,76.0,0.0,0.0
1955-08-04,300.0,178.0,53.0,0.0,0.0
1955-08-05,250.0,150.0,0.0,0.0,0.0
1955-08-06,272.0,150.0,74.0,0.0,0.0
1955-08-07,222.0,100.0,0.0,0.0,0.0
1955-08-08,233.0,106.0,0.0,0.0,0.0
1955-08-09,261.0,167.0,71.0,0.0,0.0
1955-08-10,250.0,139.0,0.0,0.0,0.0
1955-08-11,244.0,122.0,0.0,0.0,0.0
1955-08-12,289.0,122.0,0.0,0.0,0.0
1955-08-13,289.0,117.0,0.0,0.0,0.0
1955-08-14,267.0,122.0,0.0,0.0,0.0
1955-08-15,272.0,156.0,0.0,0.0,0.0
1955-08-16,261.0,128.0,0.0,0.0,0.0
1955-08-17,283.0,117.0,3.0,0.0,0.0
1955-08-18,328.0,156.0,0.0,0.0,0.0
1955-08-19,328.0,189.0,0.0,0.0,0.0
1955-08-20,294.0,183.0,437.0,0.0,0.0
1955-08-21,250.0,156.0,0.0,0.0,0.0
1955-08-22,239.0,111.0,0.0,0.0,0.0
1955-08-23,250.0,94.0,0.0,0.0,0.0
1955-08-24,272.0,150.0,0.0,0.0,0.0
1955-08-25,211.0,122.0,53.0,0.0,0.0
1955-08-26,228.0,172.0,74.0,0.0,0.0
1955-08-27,194.0,178.0,0.0,0.0,0.0
1955-08-28,222.0,178.0,10.0,0.0,0.0
1955-08-29,228.0,128.0,5.0,0.0,0.0
1955-08-30,194.0,94.0,10.0,0.0,0.0
1955-08-31,211.0,78.0,0.0,0.0,0.0
1955-09-01,250.0,89.0,0.0,0.0,0.0
1955-09-02,261.0,117.0,0.0,0.0,0.0
1955-09-03,267.0,117.0,0.0,0.0,0.0
1955-09-04,239.0,122.0,0.0,0.0,0.0
1955-09-05,233.0,83.0,0.0,0.0,0.0
1955-09-06,200.0,83.0,0.0,0.0,0.0
1955-09-07,183.0,50.0,0.0,0.0,0.0
1955-09-08,156.0,100.0,58.0,0.0,0.0
1955-09-09,189.0,94.0,25.0,0.0,0.0
1955-09-10,133.0,33.0,0.0,0.0,0.0
1955-09-11,122.0,-11.0,0.0,0.0,0.0
1955-09-12,167.0,-11.0,0.0,0.0,0.0
1955-09-13,217.0,100.0,0.0,0.0,0.0
1955-09-14,222.0,106.0,0.0,0.0,0.0
1955-09-15,178.0,100.0,0.0,0.0,0.0
1955-09-16,239.0,144.0,76.0,0.0,0.0
1955-09-17,233.0,144.0,993.0,0.0,0.0
1955-09-18,250.0,139.0,79.0,0.0,0.0
1955-09-19,228.0,89.0,0.0,0.0,0.0
1955-09-20,156.0,72.0,0.0,0.0,0.0
1955-09-21,106.0,67.0,254.0,0.0,0.0
1955-09-22,172.0,100.0,3.0,0.0,0.0
1955-09-23,167.0,61.0,137.0,0.0,0.0
1955-09-24,100.0,50.0,0.0,0.0,0.0
1955-09-25,128.0,17.0,0.0,0.0,0.0
1955-09-26,106.0,56.0,18.0,0.0,0.0
1955-09-27,161.0,94.0,147.0,0.0,0.0
1955-09-28,183.0,67.0,0.0,0.0,0.0
1955-09-29,194.0,44.0,0.0,0.0,0.0
1955-09-30,117.0,-11.0,0.0,0.0,0.0
1955-10-01,150.0,-11.0,41.0,0.0,0.0
1955-10-02,128.0,-11.0,0.0,0.0,0.0
1955-10-03,156.0,61.0,109.0,0.0,0.0
1955-10-04,117.0,67.0,0.0,0.0,0.0
1955-10-05,128.0,83.0,119.0,0.0,0.0
1955-10-06,172.0,94.0,5.0,0.0,0.0
1955-10-07,111.0,50.0,0.0,0.0,0.0
1955-10-08,178.0,22.0,0.0,0.0,0.0
1955-10-09,239.0,72.0,0.0,0.0,0.0
1955-10-10,261.0,106.0,0.0,0.0,0.0
1955-10-11,211.0,56.0,0.0,0.0,0.0
1955-10-12,139.0,72.0,8.0,0.0,0.0
1955-10-13,144.0,44.0,0.0,0.0,0.0
1955-10-14,67.0,-11.0,0.0,0.0,0.0
1955-10-15,94.0,-11.0,0.0,0.0,0.0
1955-10-16,133.0,22.0,0.0,0.0,0.0
1955-10-17,128.0,28.0,0.0,0.0,0.0
1955-10-18,133.0,-11.0,0.0,0.0,0.0
1955-10-19,172.0,-6.0,0.0,0.0,0.0
1955-10-20,94.0,6.0,0.0,0.0,0.0
1955-10-21,100.0,-22.0,0.0,0.0,0.0
1955-10-22,106.0,33.0,61.0,0.0,0.0
1955-10-23,83.0,6.0,0.0,0.0,0.0
1955-10-24,44.0,-33.0,0.0,0.0,0.0
1955-10-25,178.0,-33.0,0.0,0.0,0.0
1955-10-26,122.0,11.0,0.0,0.0,0.0
1955-10-27,144.0,17.0,0.0,0.0,0.0
1955-10-28,78.0,6.0,10.0,0.0,0.0
1955-10-29,11.0,-11.0,56.0,0.0,76.0
1955-10-30,11.0,-11.0,33.0,76.0,43.0
1955-10-31,22.0,-6.0,0.0,51.0,0.0
1955-11-01,67.0,-17.0,41.0,25.0,13.0
1955-11-02,-17.0,-78.0,0.0,25.0,0.0
1955-11-03,-28.0,-100.0,0.0,25.0,0.0
1955-11-04,28.0,-100.0,0.0,0.0,0.0
1955-11-05,50.0,-22.0,0.0,0.0,0.0
1955-11-06,-6.0,-44.0,170.0,102.0,112.0
1955-11-07,6.0,-28.0,5.0,127.0,13.0
1955-11-08,6.0,-39.0,0.0,102.0,0.0
1955-11-09,6.0,-39.0,0.0,51.0,0.0
1955-11-10,44.0,-11.0,20.0,0.0,0.0
1955-11-11,50.0,-22.0,0.0,0.0,0.0
1955-11-12,-17.0,-72.0,0.0,0.0,0.0
1955-11-13,-11.0,-139.0,20.0,0.0,20.0
1955-11-14,-28.0,-172.0,0.0,25.0,0.0
1955-11-15,6.0,-28.0,107.0,0.0,107.0
1955-11-16,-11.0,-122.0,33.0,102.0,33.0
1955-11-17,-11.0,-67.0,0.0,127.0,0.0
1955-11-18,-39.0,-117.0,13.0,127.0,13.0
1955-11-19,-28.0,-128.0,0.0,127.0,0.0
1955-11-20,56.0,-106.0,0.0,127.0,0.0
1955-11-21,-17.0,-111.0,5.0,127.0,5.0
1955-11-22,11.0,-22.0,13.0,127.0,13.0
1955-11-23,-17.0,-200.0,8.0,127.0,8.0
1955-11-24,-83.0,-211.0,0.0,127.0,0.0
1955-11-25,-44.0,-150.0,41.0,127.0,38.0
1955-11-26,-6.0,-89.0,8.0,152.0,36.0
1955-11-27,-89.0,-211.0,0.0,178.0,0.0
1955-11-28,-44.0,-200.0,0.0,127.0,0.0
1955-11-29,-67.0,-128.0,0.0,127.0,0.0
1955-11-30,-72.0,-156.0,0.0,127.0,0.0
1955-12-01,-17.0,-106.0,0.0,127.0,0.0
1955-12-02,-6.0,-50.0,25.0,127.0,25.0
1955-12-03,-17.0,-67.0,28.0,152.0,28.0
1955-12-04,-17.0,-178.0,246.0,432.0,272.0
1955-12-05,-139.0,-244.0,0.0,432.0,0.0
1955-12-06,-100.0,-244.0,0.0,432.0,0.0
1955-12-07,-39.0,-128.0,0.0,432.0,0.0
1955-12-08,-83.0,-139.0,0.0,432.0,0.0
1955-12-09,-61.0,-161.0,0.0,432.0,0.0
1955-12-10,-72.0,-139.0,0.0,432.0,0.0
1955-12-11,-67.0,-189.0,0.0,432.0,0.0
1955-12-12,-67.0,-200.0,0.0,406.0,0.0
1955-12-13,-33.0,-183.0,122.0,457.0,122.0
1955-12-14,-144.0,-211.0,0.0,533.0,0.0
1955-12-15,-89.0,-194.0,3.0,533.0,3.0
1955-12-16,-117.0,-194.0,0.0,533.0,0.0
1955-12-17,-178.0,-239.0,0.0,533.0,0.0
1955-12-18,-156.0,-272.0,0.0,533.0,0.0
1955-12-19,-222.0,-344.0,0.0,533.0,0.0
1955-12-20,-156.0,-222.0,25.0,533.0,25.0
1955-12-21,-100.0,-156.0,5.0,559.0,5.0
1955-12-22,-44.0,-100.0,5.0,559.0,5.0
1955-12-23,-6.0,-56.0,0.0,559.0,0.0
1955-12-24,-11.0,-167.0,0.0,533.0,0.0
1955-12-25,-122.0,-206.0,0.0,533.0,0.0
1955-12-26,-44.0,-139.0,0.0,533.0,0.0
1955-12-27,11.0,-128.0,0.0,508.0,0.0
1955-12-28,11.0,-150.0,36.0,483.0,36.0
1955-12-29,-150.0,-217.0,0.0,508.0,0.0
1955-12-30,-89.0,-206.0,0.0,508.0,0.0
1955-12-31,-56.0,-133.0,0.0,508.0,0.0
1956-01-01,-39.0,-111.0,0.0,483.0,0.0
1956-01-02,-28.0,-72.0,0.0,483.0,0.0
1956-01-03,-67.0,-189.0,0.0,483.0,0.0
1956-01-04,-89.0,-200.0,0.0,483.0,0.0
1956-01-05,-17.0,-167.0,0.0,457.0,0.0
1956-01-06,-44.0,-156.0,0.0,432.0,0.0
1956-01-07,-39.0,-150.0,0.0,432.0,0.0
1956-01-08,-44.0,-106.0,0.0,432.0,0.0
1956-01-09,-28.0,-111.0,0.0,432.0,0.0
1956-01-10,-39.0,-94.0,0.0,432.0,0.0
1956-01-11,-28.0,-133.0,0.0,406.0,0.0
1956-01-12,-61.0,-150.0,0.0,406.0,0.0
1956-01-13,-28.0,-144.0,0.0,406.0,0.0
1956-01-14,11.0,-61.0,0.0,406.0,0.0
1956-01-15,0.0,-72.0,41.0,406.0,41.0
1956-01-16,-28.0,-89.0,15.0,432.0,15.0
1956-01-17,-39.0,-72.0,10.0,432.0,10.0
1956-01-18,-61.0,-94.0,10.0,457.0,10.0
1956-01-19,-67.0,-200.0,5.0,457.0,5.0
1956-01-20,-194.0,-300.0,0.0,457.0,0.0
1956-01-21,-172.0,-261.0,0.0,457.0,0.0
1956-01-22,-106.0,-233.0,3.0,457.0,3.0
1956-01-23,-78.0,-200.0,0.0,457.0,0.0
1956-01-24,-61.0,-217.0,0.0,432.0,0.0
1956-01-25,-39.0,-117.0,0.0,432.0,0.0
1956-01-26,-44.0,-111.0,8.0,432.0,8.0
1956-01-27,-39.0,-139.0,0.0,432.0,0.0
1956-01-28,-6.0,-78.0,201.0,559.0,170.0
1956-01-29,-78.0,-172.0,0.0,584.0,0.0
1956-01-30,-117.0,-178.0,0.0,584.0,0.0
1956-01-31,-117.0,-217.0,0.0,584.0,0.0
1956-02-01,-89.0,-200.0,0.0,584.0,0.0
1956-02-02,-106.0,-183.0,0.0,584.0,0.0
1956-02-03,-78.0,-217.0,0.0,559.0,0.0
1956-02-04,-17.0,-161.0,0.0,559.0,0.0
1956-02-05,-22.0,-128.0,0.0,508.0,0.0
1956-02-06,17.0,-78.0,0.0,483.0,0.0
1956-02-07,-22.0,-117.0,0.0,432.0,0.0
1956-02-08,-11.0,-94.0,0.0,432.0,0.0
1956-02-09,-22.0,-89.0,0.0,406.0,0.0
1956-02-10,11.0,-67.0,5.0,406.0,5.0
1956-02-11,-22.0,-50.0,3.0,381.0,3.0
1956-02-12,0.0,-89.0,3.0,381.0,3.0
1956-02-13,-17.0,-167.0,36.0,356.0,36.0
1956-02-14,-122.0,-217.0,0.0,381.0,0.0
1956-02-15,-106.0,-244.0,0.0,381.0,0.0
1956-02-16,-67.0,-139.0,20.0,381.0,20.0
1956-02-17,-28.0,-156.0,71.0,508.0,127.0
1956-02-18,-61.0,-194.0,0.0,508.0,0.0
1956-02-19,-100.0,-244.0,0.0,483.0,0.0
1956-02-20,-94.0,-222.0,0.0,483.0,0.0
1956-02-21,-83.0,-244.0,0.0,457.0,0.0
1956-02-22,-61.0,-217.0,0.0,457.0,0.0
1956-02-23,-39.0,-200.0,0.0,457.0,0.0
1956-02-24,6.0,-133.0,0.0,432.0,0.0
1956-02-25,-117.0,-217.0,0.0,381.0,0.0
1956-02-26,-111.0,-211.0,0.0,381.0,0.0
1956-02-27,-89.0,-244.0,0.0,381.0,0.0
1956-02-28,-72.0,-217.0,0.0,381.0,0.0
1956-02-29,6.0,-194.0,0.0,356.0,0.0
1956-03-01,56.0,-72.0,0.0,330.0,0.0
1956-03-02,11.0,-89.0,0.0,305.0,0.0
1956-03-03,-22.0,-89.0,0.0,279.0,0.0
1956-03-04,-6.0,-83.0,30.0,279.0,30.0
1956-03-05,-17.0,-83.0,0.0,279.0,0.0
1956-03-06,-17.0,-106.0,20.0,279.0,20.0
1956-03-07,-106.0,-150.0,15.0,305.0,15.0
1956-03-08,-56.0,-200.0,3.0,305.0,3.0
1956-03-09,-6.0,-117.0,5.0,305.0,10.0
1956-03-10,-72.0,-144.0,0.0,279.0,0.0
1956-03-11,-100.0,-189.0,0.0,279.0,0.0
1956-03-12,-106.0,-256.0,0.0,279.0,0.0
1956-03-13,-22.0,-150.0,0.0,254.0,0.0
1956-03-14,-61.0,-183.0,0.0,254.0,0.0
1956-03-15,-33.0,-211.0,0.0,254.0,0.0
1956-03-16,-39.0,-161.0,15.0,229.0,25.0
1956-03-17,0.0,-72.0,41.0,305.0,53.0
1956-03-18,6.0,-100.0,8.0,279.0,13.0
1956-03-19,33.0,-128.0,0.0,254.0,0.0
1956-03-20,50.0,-67.0,0.0,229.0,0.0
1956-03-21,39.0,-50.0,0.0,178.0,0.0
1956-03-22,-6.0,-106.0,0.0,178.0,0.0
1956-03-23,-6.0,-100.0,0.0,152.0,0.0
1956-03-24,-11.0,-144.0,0.0,152.0,0.0
1956-03-25,94.0,-28.0,0.0,152.0,0.0
1956-03-26,44.0,-28.0,0.0,102.0,0.0
1956-03-27,-17.0,-33.0,0.0,102.0,0.0
1956-03-28,-11.0,-50.0,127.0,178.0,152.0
1956-03-29,6.0,-50.0,79.0,305.0,79.0
1956-03-30,11.0,-106.0,0.0,279.0,0.0
1956-03-31,17.0,-117.0,0.0,254.0,0.0
1956-04-01,56.0,-11.0,0.0,229.0,0.0
1956-04-02,50.0,11.0,0.0,203.0,0.0
1956-04-03,17.0,0.0,188.0,127.0,0.0
1956-04-04,89.0,0.0,53.0,102.0,5.0
1956-04-05,61.0,-11.0,3.0,76.0,5.0
1956-04-06,6.0,-44.0,91.0,51.0,102.0
1956-04-07,-44.0,-72.0,71.0,203.0,71.0
1956-04-08,11.0,-44.0,0.0,203.0,0.0
1956-04-09,28.0,-50.0,0.0,152.0,0.0
1956-04-10,44.0,-83.0,0.0,127.0,0.0
1956-04-11,100.0,-39.0,0.0,102.0,0.0
1956-04-12,50.0,-28.0,0.0,76.0,0.0
1956-04-13,106.0,-72.0,0.0,76.0,0.0
1956-04-14,89.0,-6.0,0.0,51.0,0.0
1956-04-15,72.0,0.0,28.0,51.0,13.0
1956-04-16,61.0,-22.0,0.0,51.0,0.0
1956-04-17,67.0,-28.0,0.0,25.0,0.0
1956-04-18,106.0,-11.0,0.0,0.0,0.0
1956-04-19,83.0,-56.0,0.0,0.0,0.0
1956-04-20,167.0,-56.0,0.0,0.0,0.0
1956-04-21,67.0,0.0,0.0,0.0,0.0
1956-04-22,50.0,-17.0,0.0,0.0,0.0
1956-04-23,28.0,-72.0,0.0,0.0,0.0
1956-04-24,89.0,-72.0,0.0,0.0,0.0
1956-04-25,67.0,-33.0,43.0,25.0,41.0
1956-04-26,100.0,-28.0,0.0,0.0,0.0
1956-04-27,17.0,-67.0,46.0,0.0,0.0
1956-04-28,28.0,-67.0,0.0,0.0,0.0
1956-04-29,50.0,-39.0,0.0,0.0,0.0
1956-04-30,94.0,-33.0,0.0,0.0,0.0
1956-05-01,111.0,-44.0,0.0,0.0,0.0
1956-05-02,67.0,-6.0,86.0,25.0,53.0
1956-05-03,89.0,0.0,0.0,0.0,0.0
1956-05-04,144.0,0.0,3.0,0.0,0.0
1956-05-05,172.0,39.0,0.0,0.0,0.0
1956-05-06,72.0,-6.0,0.0,0.0,0.0
1956-05-07,89.0,-28.0,0.0,0.0,0.0
1956-05-08,150.0,0.0,0.0,0.0,0.0
1956-05-09,206.0,22.0,0.0,0.0,0.0
1956-05-10,22.0,-11.0,0.0,0.0,0.0
1956-05-11,222.0,11.0,86.0,0.0,0.0
1956-05-12,183.0,83.0,0.0,0.0,0.0
1956-05-13,106.0,33.0,122.0,0.0,0.0
1956-05-14,167.0,50.0,163.0,0.0,0.0
1956-05-15,111.0,-39.0,0.0,0.0,0.0
1956-05-16,44.0,-39.0,25.0,0.0,0.0
1956-05-17,167.0,22.0,0.0,0.0,0.0
1956-05-18,211.0,56.0,8.0,0.0,0.0
1956-05-19,167.0,28.0,0.0,0.0,0.0
1956-05-20,233.0,72.0,8.0,0.0,0.0
1956-05-21,189.0,44.0,0.0,0.0,0.0
1956-05-22,239.0,33.0,0.0,0.0,0.0
1956-05-23,150.0,-17.0,0.0,0.0,0.0
1956-05-24,106.0,6.0,0.0,0.0,0.0
1956-05-25,100.0,22.0,0.0,0.0,0.0
1956-05-26,256.0,50.0,0.0,0.0,0.0
1956-05-27,144.0,89.0,0.0,0.0,0.0
1956-05-28,89.0,50.0,30.0,0.0,0.0
1956-05-29,156.0,50.0,66.0,0.0,0.0
1956-05-30,172.0,111.0,66.0,0.0,0.0
1956-05-31,128.0,39.0,48.0,0.0,0.0
1956-06-01,211.0,22.0,0.0,0.0,0.0
1956-06-02,222.0,83.0,0.0,0.0,0.0
1956-06-03,161.0,44.0,0.0,0.0,0.0
1956-06-04,189.0,33.0,0.0,0.0,0.0
1956-06-05,200.0,72.0,0.0,0.0,0.0
1956-06-06,194.0,78.0,48.0,0.0,0.0
1956-06-07,250.0,122.0,117.0,0.0,0.0
1956-06-08,289.0,133.0,0.0,0.0,0.0
1956-06-09,322.0,183.0,0.0,0.0,0.0
1956-06-10,322.0,111.0,0.0,0.0,0.0
1956-06-11,306.0,122.0,0.0,0.0,0.0
1956-06-12,322.0,156.0,0.0,0.0,0.0
1956-06-13,311.0,178.0,10.0,0.0,0.0
1956-06-14,228.0,172.0,64.0,0.0,0.0
1956-06-15,178.0,122.0,0.0,0.0,0.0
1956-06-16,133.0,83.0,0.0,0.0,0.0
1956-06-17,128.0,72.0,107.0,0.0,0.0
1956-06-18,111.0,67.0,3.0,0.0,0.0
1956-06-19,194.0,67.0,36.0,0.0,0.0
1956-06-20,272.0,144.0,0.0,0.0,0.0
1956-06-21,272.0,128.0,0.0,0.0,0.0
1956-06-22,167.0,72.0,0.0,0.0,0.0
1956-06-23,156.0,67.0,0.0,0.0,0.0
1956-06-24,200.0,61.0,0.0,0.0,0.0
1956-06-25,178.0,50.0,0.0,0.0,0.0
1956-06-26,183.0,67.0,234.0,0.0,0.0
1956-06-27,200.0,78.0,33.0,0.0,0.0
1956-06-28,233.0,83.0,0.0,0.0,0.0
1956-06-29,206.0,89.0,20.0,0.0,0.0
1956-06-30,194.0,89.0,0.0,0.0,0.0
1956-07-01,278.0,133.0,0.0,0.0,0.0
1956-07-02,256.0,111.0,0.0,0.0,0.0
1956-07-03,172.0,78.0,0.0,0.0,0.0
1956-07-04,161.0,72.0,0.0,0.0,0.0
1956-07-05,217.0,61.0,0.0,0.0,0.0
1956-07-06,233.0,100.0,48.0,0.0,0.0
1956-07-07,133.0,100.0,102.0,0.0,0.0
1956-07-08,133.0,94.0,71.0,0.0,0.0
1956-07-09,244.0,117.0,23.0,0.0,0.0
1956-07-10,272.0,133.0,0.0,0.0,0.0
1956-07-11,272.0,94.0,0.0,0.0,0.0
1956-07-12,167.0,100.0,38.0,0.0,0.0
1956-07-13,228.0,89.0,10.0,0.0,0.0
1956-07-14,261.0,144.0,0.0,0.0,0.0
1956-07-15,183.0,89.0,109.0,0.0,0.0
1956-07-16,144.0,83.0,0.0,0.0,0.0
1956-07-17,194.0,67.0,0.0,0.0,0.0
1956-07-18,178.0,72.0,0.0,0.0,0.0
1956-07-19,139.0,100.0,46.0,0.0,0.0
1956-07-20,150.0,94.0,36.0,0.0,0.0
1956-07-21,189.0,122.0,15.0,0.0,0.0
1956-07-22,217.0,133.0,10.0,0.0,0.0
1956-07-23,278.0,144.0,0.0,0.0,0.0
1956-07-24,272.0,144.0,0.0,0.0,0.0
1956-07-25,244.0,122.0,0.0,0.0,0.0
1956-07-26,294.0,122.0,25.0,0.0,0.0
1956-07-27,228.0,122.0,0.0,0.0,0.0
1956-07-28,211.0,83.0,0.0,0.0,0.0
1956-07-29,233.0,100.0,0.0,0.0,0.0
1956-07-30,206.0,89.0,0.0,0.0,0.0
1956-07-31,278.0,100.0,0.0,0.0,0.0
1956-08-01,233.0,117.0,0.0,0.0,0.0
1956-08-02,194.0,117.0,0.0,0.0,0.0
1956-08-03,144.0,133.0,368.0,0.0,0.0
1956-08-04,167.0,128.0,117.0,0.0,0.0
1956-08-05,222.0,128.0,0.0,0.0,0.0
1956-08-06,294.0,156.0,0.0,0.0,0.0
1956-08-07,294.0,133.0,48.0,0.0,0.0
1956-08-08,244.0,128.0,94.0,0.0,0.0
1956-08-09,256.0,133.0,46.0,0.0,0.0
1956-08-10,267.0,139.0,23.0,0.0,0.0
1956-08-11,239.0,111.0,0.0,0.0,0.0
1956-08-12,244.0,111.0,18.0,0.0,0.0
1956-08-13,256.0,150.0,84.0,0.0,0.0
1956-08-14,289.0,122.0,0.0,0.0,0.0
1956-08-15,267.0,106.0,0.0,0.0,0.0
1956-08-16,200.0,100.0,23.0,0.0,0.0
1956-08-17,244.0,117.0,0.0,0.0,0.0
1956-08-18,178.0,83.0,0.0,0.0,0.0
1956-08-19,183.0,67.0,3.0,0.0,0.0
1956-08-20,194.0,61.0,0.0,0.0,0.0
1956-08-21,206.0,56.0,3.0,0.0,0.0
1956-08-22,183.0,100.0,3.0,0.0,0.0
1956-08-23,211.0,94.0,0.0,0.0,0.0
1956-08-24,239.0,72.0,0.0,0.0,0.0
1956-08-25,244.0,128.0,0.0,0.0,0.0
1956-08-26,206.0,117.0,0.0,0.0,0.0
1956-08-27,267.0,100.0,0.0,0.0,0.0
1956-08-28,178.0,111.0,0.0,0.0,0.0
1956-08-29,189.0,106.0,0.0,0.0,0.0
1956-08-30,156.0,100.0,0.0,0.0,0.0
1956-08-31,189.0,122.0,338.0,0.0,0.0
1956-09-01,194.0,100.0,5.0,0.0,0.0
1956-09-02,222.0,89.0,0.0,0.0,0.0
1956-09-03,217.0,67.0,0.0,0.0,0.0
1956-09-04,139.0,44.0,0.0,0.0,0.0
1956-09-05,167.0,56.0,112.0,0.0,0.0
1956-09-06,122.0,22.0,5.0,0.0,0.0
1956-09-07,117.0,11.0,0.0,0.0,0.0
1956-09-08,139.0,33.0,0.0,0.0,0.0
1956-09-09,161.0,17.0,0.0,0.0,0.0
1956-09-10,206.0,78.0,0.0,0.0,0.0
1956-09-11,183.0,106.0,0.0,0.0,0.0
1956-09-12,267.0,133.0,193.0,0.0,0.0
1956-09-13,200.0,61.0,69.0,0.0,0.0
1956-09-14,111.0,39.0,0.0,0.0,0.0
1956-09-15,106.0,39.0,46.0,0.0,0.0
1956-09-16,178.0,61.0,8.0,0.0,0.0
1956-09-17,144.0,22.0,0.0,0.0,0.0
1956-09-18,194.0,11.0,8.0,0.0,0.0
1956-09-19,100.0,11.0,0.0,0.0,0.0
1956-09-20,128.0,-11.0,0.0,0.0,0.0
1956-09-21,133.0,-11.0,0.0,0.0,0.0
1956-09-22,100.0,72.0,41.0,0.0,0.0
1956-09-23,167.0,56.0,0.0,0.0,0.0
1956-09-24,178.0,50.0,0.0,0.0,0.0
1956-09-25,144.0,78.0,0.0,0.0,0.0
1956-09-26,106.0,78.0,0.0,0.0,0.0
1956-09-27,206.0,78.0,0.0,0.0,0.0
1956-09-28,261.0,61.0,0.0,0.0,0.0
1956-09-29,111.0,22.0,0.0,0.0,0.0
1956-09-30,161.0,6.0,0.0,0.0,0.0
1956-10-01,139.0,72.0,74.0,0.0,0.0
1956-10-02,194.0,44.0,38.0,0.0,0.0
1956-10-03,228.0,44.0,0.0,0.0,0.0
1956-10-04,139.0,17.0,0.0,0.0,0.0
1956-10-05,178.0,22.0,0.0,0.0,0.0
1956-10-06,133.0,28.0,0.0,0.0,0.0
1956-10-07,178.0,17.0,0.0,0.0,0.0
1956-10-08,122.0,6.0,0.0,0.0,0.0
1956-10-09,89.0,-22.0,0.0,0.0,0.0
1956-10-10,122.0,-56.0,0.0,0.0,0.0
1956-10-11,150.0,44.0,0.0,0.0,0.0
1956-10-12,178.0,67.0,0.0,0.0,0.0
1956-10-13,256.0,89.0,41.0,0.0,0.0
1956-10-14,156.0,44.0,119.0,0.0,0.0
1956-10-15,172.0,11.0,0.0,0.0,0.0
1956-10-16,183.0,50.0,0.0,0.0,0.0
1956-10-17,228.0,78.0,0.0,0.0,0.0
1956-10-18,94.0,61.0,0.0,0.0,0.0
1956-10-19,133.0,39.0,0.0,0.0,0.0
1956-10-20,200.0,50.0,0.0,0.0,0.0
1956-10-21,178.0,-6.0,0.0,0.0,0.0
1956-10-22,200.0,6.0,0.0,0.0,0.0
1956-10-23,78.0,-17.0,0.0,0.0,0.0
1956-10-24,117.0,28.0,0.0,0.0,0.0
1956-10-25,172.0,56.0,102.0,0.0,0.0
1956-10-26,111.0,6.0,20.0,0.0,0.0
1956-10-27,83.0,-11.0,0.0,0.0,0.0
1956-10-28,183.0,56.0,0.0,0.0,0.0
1956-10-29,156.0,94.0,56.0,0.0,0.0
1956-10-30,150.0,61.0,343.0,0.0,0.0
1956-10-31,67.0,39.0,3.0,0.0,0.0
1956-11-01,89.0,61.0,10.0,0.0,0.0
1956-11-02,117.0,72.0,3.0,0.0,0.0
1956-11-03,117.0,78.0,0.0,0.0,0.0
1956-11-04,100.0,72.0,8.0,0.0,0.0
1956-11-05,111.0,56.0,97.0,0.0,0.0
1956-11-06,100.0,6.0,25.0,0.0,0.0
1956-11-07,22.0,-22.0,13.0,0.0,0.0
1956-11-08,22.0,-39.0,0.0,0.0,0.0
1956-11-09,22.0,-50.0,0.0,0.0,0.0
1956-11-10,33.0,-50.0,3.0,0.0,0.0
1956-11-11,117.0,0.0,0.0,0.0,0.0
1956-11-12,17.0,-28.0,20.0,0.0,5.0
1956-11-13,100.0,0.0,0.0,0.0,0.0
1956-11-14,72.0,6.0,10.0,0.0,0.0
1956-11-15,6.0,-89.0,84.0,51.0,165.0
1956-11-16,-56.0,-133.0,15.0,178.0,30.0
1956-11-17,-39.0,-144.0,0.0,152.0,0.0
1956-11-18,33.0,-78.0,0.0,127.0,0.0
1956-11-19,17.0,-50.0,0.0,76.0,0.0
1956-11-20,-28.0,-72.0,0.0,76.0,0.0
1956-11-21,-33.0,-117.0,0.0,76.0,3.0
1956-11-22,-106.0,-183.0,0.0,76.0,0.0
1956-11-23,-100.0,-211.0,0.0,76.0,0.0
1956-11-24,17.0,-100.0,10.0,102.0,30.0
1956-11-25,11.0,-128.0,0.0,102.0,0.0
1956-11-26,-61.0,-139.0,0.0,76.0,0.0
1956-11-27,0.0,-156.0,0.0,76.0,0.0
1956-11-28,-44.0,-156.0,0.0,76.0,0.0
1956-11-29,-61.0,-161.0,0.0,76.0,0.0
1956-11-30,6.0,-106.0,10.0,102.0,20.0
1956-12-01,0.0,-89.0,0.0,102.0,0.0
1956-12-02,28.0,-17.0,10.0,102.0,5.0
1956-12-03,22.0,-122.0,0.0,76.0,0.0
1956-12-04,-28.0,-133.0,3.0,76.0,5.0
1956-12-05,-6.0,-111.0,18.0,76.0,0.0
1956-12-06,-111.0,-156.0,8.0,76.0,8.0
1956-12-07,-128.0,-194.0,3.0,102.0,5.0
1956-12-08,-150.0,-217.0,0.0,102.0,0.0
1956-12-09,-17.0,-183.0,0.0,102.0,0.0
1956-12-10,-17.0,-183.0,66.0,102.0,76.0
1956-12-11,17.0,-222.0,0.0,178.0,0.0
1956-12-12,-189.0,-244.0,0.0,178.0,0.0
1956-12-13,-100.0,-228.0,38.0,152.0,76.0
1956-12-14,-50.0,-100.0,107.0,279.0,107.0
1956-12-15,-56.0,-167.0,0.0,330.0,0.0
1956-12-16,-39.0,-161.0,15.0,330.0,15.0
1956-12-17,-122.0,-289.0,5.0,330.0,5.0
1956-12-18,-44.0,-289.0,0.0,279.0,0.0
1956-12-19,39.0,-44.0,0.0,279.0,0.0
1956-12-20,50.0,-78.0,0.0,254.0,0.0
1956-12-21,0.0,-28.0,0.0,254.0,0.0
1956-12-22,0.0,-33.0,18.0,229.0,3.0
1956-12-23,-28.0,-78.0,15.0,229.0,15.0
1956-12-24,-50.0,-117.0,5.0,229.0,5.0
1956-12-25,-44.0,-156.0,0.0,229.0,3.0
1956-12-26,33.0,-78.0,0.0,229.0,0.0
1956-12-27,6.0,-78.0,0.0,229.0,0.0
1956-12-28,-50.0,-117.0,0.0,229.0,0.0
1956-12-29,-61.0,-144.0,0.0,229.0,0.0
1956-12-30,22.0,-122.0,0.0,229.0,0.0
1956-12-31,-78.0,-233.0,0.0,203.0,0.0
1957-01-01,-144.0,-256.0,0.0,203.0,0.0
1957-01-02,-89.0,-222.0,0.0,203.0,0.0
1957-01-03,-50.0,-106.0,0.0,203.0,0.0
1957-01-04,-83.0,-178.0,0.0,203.0,0.0
1957-01-05,-78.0,-200.0,0.0,203.0,3.0
1957-01-06,-39.0,-100.0,8.0,254.0,51.0
1957-01-07,-39.0,-117.0,0.0,203.0,0.0
1957-01-08,-17.0,-222.0,0.0,203.0,0.0
1957-01-09,-211.0,-256.0,0.0,203.0,0.0
1957-01-10,-156.0,-272.0,0.0,203.0,0.0
1957-01-11,-117.0,-189.0,0.0,203.0,0.0
1957-01-12,-189.0,-272.0,0.0,203.0,0.0
1957-01-13,-211.0,-306.0,0.0,203.0,0.0
1957-01-14,-161.0,-267.0,0.0,203.0,0.0
1957-01-15,-178.0,-261.0,0.0,203.0,0.0
1957-01-16,-206.0,-300.0,0.0,203.0,0.0
1957-01-17,-117.0,-217.0,3.0,203.0,3.0
1957-01-18,-89.0,-228.0,0.0,203.0,0.0
1957-01-19,11.0,-194.0,0.0,203.0,0.0
1957-01-20,11.0,-61.0,0.0,178.0,0.0
1957-01-21,-22.0,-161.0,43.0,178.0,38.0
1957-01-22,-150.0,-244.0,0.0,203.0,0.0
1957-01-23,-139.0,-250.0,0.0,203.0,0.0
1957-01-24,-150.0,-261.0,0.0,203.0,0.0
1957-01-25,-183.0,-250.0,0.0,203.0,0.0
1957-01-26,-161.0,-244.0,0.0,203.0,0.0
1957-01-27,-78.0,-233.0,0.0,203.0,0.0
1957-01-28,-94.0,-183.0,0.0,203.0,0.0
1957-01-29,-172.0,-278.0,13.0,254.0,51.0
1957-01-30,-100.0,-261.0,0.0,254.0,0.0
1957-01-31,-122.0,-222.0,0.0,254.0,0.0
1957-02-01,-122.0,-217.0,8.0,254.0,30.0
1957-02-02,-133.0,-244.0,0.0,254.0,0.0
1957-02-03,-106.0,-211.0,0.0,254.0,0.0
1957-02-04,-67.0,-183.0,0.0,254.0,0.0
1957-02-05,-11.0,-128.0,0.0,254.0,0.0
1957-02-06,-22.0,-156.0,0.0,254.0,0.0
1957-02-07,-67.0,-178.0,0.0,254.0,0.0
1957-02-08,-33.0,-189.0,0.0,254.0,0.0
1957-02-09,-17.0,-50.0,117.0,381.0,140.0
1957-02-10,-33.0,-94.0,20.0,406.0,20.0
1957-02-11,-6.0,-150.0,0.0,406.0,0.0
1957-02-12,17.0,-28.0,3.0,406.0,3.0
1957-02-13,-22.0,-150.0,0.0,356.0,0.0
1957-02-14,-78.0,-200.0,0.0,305.0,0.0
1957-02-15,-6.0,-128.0,58.0,330.0,61.0
1957-02-16,-128.0,-206.0,0.0,356.0,5.0
1957-02-17,-83.0,-228.0,3.0,356.0,5.0
1957-02-18,-89.0,-211.0,0.0,356.0,0.0
1957-02-19,-106.0,-239.0,0.0,330.0,0.0
1957-02-20,-67.0,-194.0,8.0,305.0,8.0
1957-02-21,-61.0,-189.0,130.0,457.0,165.0
1957-02-22,-133.0,-239.0,0.0,483.0,0.0
1957-02-23,-133.0,-250.0,5.0,483.0,5.0
1957-02-24,-17.0,-133.0,15.0,483.0,5.0
1957-02-25,44.0,-78.0,5.0,457.0,0.0
1957-02-26,-61.0,-189.0,0.0,406.0,0.0
1957-02-27,-78.0,-178.0,0.0,381.0,0.0
1957-02-28,33.0,-78.0,23.0,406.0,23.0
1957-03-01,-39.0,-178.0,8.0,406.0,8.0
1957-03-02,-128.0,-228.0,0.0,406.0,0.0
1957-03-03,-50.0,-206.0,0.0,381.0,0.0
1957-03-04,-28.0,-206.0,0.0,381.0,0.0
1957-03-05,-39.0,-150.0,0.0,381.0,0.0
1957-03-06,-83.0,-189.0,0.0,356.0,0.0
1957-03-07,-28.0,-172.0,0.0,356.0,0.0
1957-03-08,-28.0,-144.0,0.0,330.0,0.0
1957-03-09,-33.0,-156.0,3.0,330.0,8.0
1957-03-10,-6.0,-111.0,0.0,330.0,0.0
1957-03-11,89.0,-56.0,0.0,330.0,0.0
1957-03-12,-11.0,-83.0,0.0,254.0,0.0
1957-03-13,-6.0,-117.0,0.0,254.0,0.0
1957-03-14,-17.0,-44.0,104.0,279.0,89.0
1957-03-15,-44.0,-94.0,104.0,330.0,61.0
1957-03-16,-17.0,-122.0,3.0,356.0,5.0
1957-03-17,17.0,-128.0,0.0,356.0,0.0
1957-03-18,-6.0,-67.0,0.0,305.0,0.0
1957-03-19,11.0,-111.0,0.0,305.0,0.0
1957-03-20,61.0,-122.0,0.0,305.0,0.0
1957-03-21,94.0,-44.0,0.0,279.0,0.0
1957-03-22,106.0,-50.0,0.0,203.0,0.0
1957-03-23,22.0,-28.0,0.0,127.0,0.0
1957-03-24,0.0,-50.0,0.0,102.0,0.0
1957-03-25,0.0,-56.0,0.0,102.0,0.0
1957-03-26,17.0,-56.0,0.0,76.0,0.0
1957-03-27,22.0,-44.0,0.0,76.0,0.0
1957-03-28,39.0,-33.0,0.0,76.0,0.0
1957-03-29,39.0,-28.0,3.0,25.0,3.0
1957-03-30,67.0,-50.0,0.0,25.0,0.0
1957-03-31,33.0,-17.0,13.0,25.0,13.0
1957-04-01,72.0,-39.0,0.0,25.0,0.0
1957-04-02,39.0,-83.0,0.0,25.0,0.0
1957-04-03,28.0,-44.0,0.0,25.0,0.0
1957-04-04,-6.0,-33.0,48.0,0.0,64.0
1957-04-05,0.0,-28.0,41.0,102.0,36.0
1957-04-06,67.0,-33.0,0.0,76.0,0.0
1957-04-07,39.0,-44.0,0.0,25.0,0.0
1957-04-08,78.0,-117.0,0.0,25.0,0.0
1957-04-09,22.0,-94.0,10.0,25.0,0.0
1957-04-10,6.0,-100.0,43.0,0.0,102.0
1957-04-11,-44.0,-117.0,5.0,76.0,5.0
1957-04-12,0.0,-122.0,0.0,51.0,0.0
1957-04-13,22.0,-72.0,0.0,25.0,0.0
1957-04-14,61.0,-50.0,0.0,0.0,0.0
1957-04-15,50.0,-67.0,23.0,0.0,0.0
1957-04-16,156.0,17.0,48.0,0.0,0.0
1957-04-17,33.0,6.0,5.0,0.0,0.0
1957-04-18,56.0,0.0,0.0,0.0,0.0
1957-04-19,106.0,-6.0,147.0,0.0,0.0
1957-04-20,106.0,33.0,163.0,0.0,0.0
1957-04-21,94.0,0.0,0.0,0.0,0.0
1957-04-22,178.0,6.0,0.0,0.0,0.0
1957-04-23,139.0,17.0,0.0,0.0,0.0
1957-04-24,206.0,39.0,18.0,0.0,0.0
1957-04-25,244.0,61.0,0.0,0.0,0.0
1957-04-26,156.0,50.0,5.0,0.0,0.0
1957-04-27,189.0,44.0,0.0,0.0,0.0
1957-04-28,217.0,0.0,0.0,0.0,0.0
1957-04-29,272.0,50.0,0.0,0.0,0.0
1957-04-30,283.0,22.0,0.0,0.0,0.0
1957-05-01,178.0,33.0,0.0,0.0,0.0
1957-05-02,50.0,-6.0,0.0,0.0,0.0
1957-05-03,61.0,-33.0,0.0,0.0,0.0
1957-05-04,106.0,-33.0,0.0,0.0,0.0
1957-05-05,217.0,-28.0,0.0,0.0,0.0
1957-05-06,267.0,111.0,0.0,0.0,0.0
1957-05-07,256.0,100.0,0.0,0.0,0.0
1957-05-08,250.0,67.0,13.0,0.0,0.0
1957-05-09,122.0,6.0,0.0,0.0,0.0
1957-05-10,200.0,22.0,0.0,0.0,0.0
1957-05-11,222.0,-6.0,0.0,0.0,0.0
1957-05-12,211.0,33.0,0.0,0.0,0.0
1957-05-13,83.0,33.0,0.0,0.0,0.0
1957-05-14,61.0,22.0,84.0,0.0,0.0
1957-05-15,106.0,0.0,0.0,0.0,0.0
1957-05-16,106.0,-22.0,0.0,0.0,0.0
1957-05-17,67.0,22.0,23.0,0.0,0.0
1957-05-18,83.0,11.0,5.0,0.0,0.0
1957-05-19,122.0,22.0,0.0,0.0,0.0
1957-05-20,133.0,28.0,0.0,0.0,0.0
1957-05-21,89.0,50.0,168.0,0.0,0.0
1957-05-22,128.0,44.0,48.0,0.0,0.0
1957-05-23,144.0,39.0,0.0,0.0,0.0
1957-05-24,233.0,67.0,0.0,0.0,0.0
1957-05-25,144.0,56.0,208.0,0.0,0.0
1957-05-26,117.0,56.0,48.0,0.0,0.0
1957-05-27,183.0,50.0,0.0,0.0,0.0
1957-05-28,189.0,50.0,0.0,0.0,0.0
1957-05-29,222.0,61.0,36.0,0.0,0.0
1957-05-30,156.0,44.0,0.0,0.0,0.0
1957-05-31,256.0,61.0,10.0,0.0,0.0
1957-06-01,183.0,33.0,0.0,0.0,0.0
1957-06-02,161.0,6.0,0.0,0.0,0.0
1957-06-03,250.0,61.0,0.0,0.0,0.0
1957-06-04,128.0,39.0,5.0,0.0,0.0
1957-06-05,122.0,39.0,0.0,0.0,0.0
1957-06-06,139.0,22.0,0.0,0.0,0.0
1957-06-07,178.0,17.0,0.0,0.0,0.0
1957-06-08,183.0,33.0,0.0,0.0,0.0
1957-06-09,161.0,72.0,0.0,0.0,0.0
1957-06-10,228.0,106.0,69.0,0.0,0.0
1957-06-11,200.0,78.0,33.0,0.0,0.0
1957-06-12,156.0,39.0,0.0,0.0,0.0
1957-06-13,183.0,33.0,0.0,0.0,0.0
1957-06-14,161.0,78.0,135.0,0.0,0.0
1957-06-15,222.0,111.0,0.0,0.0,0.0
1957-06-16,156.0,106.0,124.0,0.0,0.0
1957-06-17,139.0,67.0,216.0,0.0,0.0
1957-06-18,178.0,117.0,46.0,0.0,0.0
1957-06-19,256.0,100.0,0.0,0.0,0.0
1957-06-20,250.0,117.0,28.0,0.0,0.0
1957-06-21,256.0,111.0,429.0,0.0,0.0
1957-06-22,172.0,83.0,378.0,0.0,0.0
1957-06-23,167.0,78.0,206.0,0.0,0.0
1957-06-24,156.0,33.0,0.0,0.0,0.0
1957-06-25,156.0,28.0,0.0,0.0,0.0
1957-06-26,183.0,67.0,76.0,0.0,0.0
1957-06-27,239.0,111.0,18.0,0.0,0.0
1957-06-28,244.0,117.0,33.0,0.0,0.0
1957-06-29,250.0,122.0,0.0,0.0,0.0
1957-06-30,228.0,106.0,0.0,0.0,0.0
1957-07-01,228.0,100.0,3.0,0.0,0.0
1957-07-02,306.0,111.0,0.0,0.0,0.0
1957-07-03,272.0,122.0,0.0,0.0,0.0
1957-07-04,211.0,117.0,56.0,0.0,0.0
1957-07-05,244.0,111.0,0.0,0.0,0.0
1957-07-06,283.0,128.0,23.0,0.0,0.0
1957-07-07,250.0,128.0,76.0,0.0,0.0
1957-07-08,250.0,133.0,0.0,0.0,0.0
1957-07-09,250.0,111.0,0.0,0.0,0.0
1957-07-10,211.0,89.0,216.0,0.0,0.0
1957-07-11,256.0,94.0,130.0,0.0,0.0
1957-07-12,222.0,106.0,279.0,0.0,0.0
1957-07-13,311.0,122.0,0.0,0.0,0.0
1957-07-14,206.0,106.0,0.0,0.0,0.0
1957-07-15,183.0,106.0,0.0,0.0,0.0
1957-07-16,194.0,106.0,0.0,0.0,0.0
1957-07-17,233.0,117.0,0.0,0.0,0.0
1957-07-18,233.0,128.0,0.0,0.0,0.0
1957-07-19,289.0,161.0,523.0,0.0,0.0
1957-07-20,189.0,133.0,371.0,0.0,0.0
1957-07-21,244.0,133.0,5.0,0.0,0.0
1957-07-22,233.0,122.0,0.0,0.0,0.0
1957-07-23,200.0,100.0,0.0,0.0,0.0
1957-07-24,228.0,89.0,0.0,0.0,0.0
1957-07-25,239.0,139.0,8.0,0.0,0.0
1957-07-26,261.0,128.0,0.0,0.0,0.0
1957-07-27,267.0,144.0,0.0,0.0,0.0
1957-07-28,300.0,156.0,0.0,0.0,0.0
1957-07-29,289.0,167.0,0.0,0.0,0.0
1957-07-30,272.0,144.0,0.0,0.0,0.0
1957-07-31,300.0,156.0,76.0,0.0,0.0
1957-08-01,317.0,161.0,0.0,0.0,0.0
1957-08-02,294.0,167.0,0.0,0.0,0.0
1957-08-03,217.0,133.0,0.0,0.0,0.0
1957-08-04,194.0,83.0,0.0,0.0,0.0
1957-08-05,239.0,83.0,0.0,0.0,0.0
1957-08-06,244.0,111.0,0.0,0.0,0.0
1957-08-07,289.0,161.0,0.0,0.0,0.0
1957-08-08,300.0,172.0,0.0,0.0,0.0
1957-08-09,272.0,156.0,0.0,0.0,0.0
1957-08-10,289.0,139.0,0.0,0.0,0.0
1957-08-11,211.0,128.0,0.0,0.0,0.0
1957-08-12,183.0,128.0,0.0,0.0,0.0
1957-08-13,256.0,133.0,183.0,0.0,0.0
1957-08-14,278.0,150.0,0.0,0.0,0.0
1957-08-15,250.0,117.0,30.0,0.0,0.0
1957-08-16,239.0,100.0,0.0,0.0,0.0
1957-08-17,228.0,72.0,0.0,0.0,0.0
1957-08-18,228.0,111.0,8.0,0.0,0.0
1957-08-19,256.0,117.0,0.0,0.0,0.0
1957-08-20,217.0,139.0,0.0,0.0,0.0
1957-08-21,206.0,128.0,0.0,0.0,0.0
1957-08-22,278.0,122.0,0.0,0.0,0.0
1957-08-23,256.0,139.0,13.0,0.0,0.0
1957-08-24,233.0,94.0,0.0,0.0,0.0
1957-08-25,261.0,83.0,0.0,0.0,0.0
1957-08-26,183.0,89.0,0.0,0.0,0.0
1957-08-27,139.0,100.0,18.0,0.0,0.0
1957-08-28,183.0,111.0,5.0,0.0,0.0
1957-08-29,200.0,117.0,0.0,0.0,0.0
1957-08-30,178.0,133.0,0.0,0.0,0.0
1957-08-31,189.0,144.0,155.0,0.0,0.0
1957-09-01,250.0,144.0,10.0,0.0,0.0
1957-09-02,244.0,150.0,81.0,0.0,0.0
1957-09-03,150.0,78.0,315.0,0.0,0.0
1957-09-04,172.0,44.0,0.0,0.0,0.0
1957-09-05,206.0,39.0,0.0,0.0,0.0
1957-09-06,228.0,67.0,0.0,0.0,0.0
1957-09-07,200.0,50.0,0.0,0.0,0.0
1957-09-08,222.0,67.0,0.0,0.0,0.0
1957-09-09,167.0,122.0,8.0,0.0,0.0
1957-09-10,222.0,117.0,20.0,0.0,0.0
1957-09-11,233.0,100.0,0.0,0.0,0.0
1957-09-12,167.0,83.0,36.0,0.0,0.0
1957-09-13,183.0,72.0,33.0,0.0,0.0
1957-09-14,183.0,56.0,0.0,0.0,0.0
1957-09-15,161.0,94.0,18.0,0.0,0.0
1957-09-16,144.0,17.0,5.0,0.0,0.0
1957-09-17,206.0,17.0,5.0,0.0,0.0
1957-09-18,183.0,106.0,38.0,0.0,0.0
1957-09-19,111.0,6.0,221.0,0.0,0.0
1957-09-20,139.0,-11.0,0.0,0.0,0.0
1957-09-21,111.0,72.0,43.0,0.0,0.0
1957-09-22,156.0,39.0,41.0,0.0,0.0
1957-09-23,117.0,11.0,8.0,0.0,0.0
1957-09-24,156.0,56.0,28.0,0.0,0.0
1957-09-25,72.0,0.0,58.0,0.0,0.0
1957-09-26,111.0,-17.0,0.0,0.0,0.0
1957-09-27,144.0,-28.0,0.0,0.0,0.0
1957-09-28,183.0,22.0,0.0,0.0,0.0
1957-09-29,222.0,72.0,0.0,0.0,0.0
1957-09-30,222.0,72.0,0.0,0.0,0.0
1957-10-01,222.0,83.0,0.0,0.0,0.0
1957-10-02,144.0,61.0,0.0,0.0,0.0
1957-10-03,167.0,67.0,0.0,0.0,0.0
1957-10-04,161.0,28.0,0.0,0.0,0.0
1957-10-05,172.0,44.0,0.0,0.0,0.0
1957-10-06,161.0,33.0,0.0,0.0,0.0
1957-10-07,106.0,94.0,23.0,0.0,0.0
1957-10-08,150.0,39.0,46.0,0.0,0.0
1957-10-09,94.0,-6.0,0.0,0.0,0.0
1957-10-10,78.0,-11.0,0.0,0.0,0.0
1957-10-11,106.0,-56.0,0.0,0.0,0.0
1957-10-12,139.0,-350.0,0.0,0.0,0.0
1957-10-13,144.0,11.0,0.0,0.0,0.0
1957-10-14,161.0,17.0,0.0,0.0,0.0
1957-10-15,128.0,111.0,36.0,0.0,0.0
1957-10-16,150.0,39.0,46.0,0.0,0.0
1957-10-17,117.0,0.0,0.0,0.0,0.0
1957-10-18,111.0,-11.0,0.0,0.0,0.0
1957-10-19,133.0,-6.0,0.0,0.0,0.0
1957-10-20,128.0,0.0,0.0,0.0,0.0
1957-10-21,83.0,50.0,112.0,0.0,0.0
1957-10-22,117.0,61.0,15.0,0.0,0.0
1957-10-23,61.0,17.0,25.0,0.0,0.0
1957-10-24,22.0,-50.0,3.0,0.0,3.0
1957-10-25,-28.0,-83.0,0.0,0.0,0.0
1957-10-26,56.0,-61.0,0.0,0.0,0.0
1957-10-27,117.0,-50.0,0.0,0.0,0.0
1957-10-28,144.0,11.0,0.0,0.0,0.0
1957-10-29,72.0,-11.0,0.0,0.0,0.0
1957-10-30,94.0,6.0,28.0,0.0,0.0
1957-10-31,139.0,11.0,0.0,0.0,0.0
1957-11-01,100.0,22.0,5.0,0.0,0.0
1957-11-02,67.0,44.0,127.0,0.0,0.0
1957-11-03,56.0,6.0,53.0,0.0,0.0
1957-11-04,50.0,-6.0,0.0,0.0,0.0
1957-11-05,61.0,-11.0,0.0,0.0,0.0
1957-11-06,89.0,-28.0,0.0,0.0,0.0
1957-11-07,44.0,6.0,58.0,0.0,0.0
1957-11-08,6.0,-83.0,36.0,0.0,36.0
1957-11-09,-33.0,-133.0,3.0,25.0,3.0
1957-11-10,28.0,-139.0,0.0,25.0,0.0
1957-11-11,100.0,-17.0,0.0,0.0,0.0
1957-11-12,67.0,33.0,0.0,0.0,0.0
1957-11-13,61.0,39.0,0.0,0.0,0.0
1957-11-14,39.0,11.0,74.0,0.0,0.0
1957-11-15,17.0,-11.0,0.0,0.0,0.0
1957-11-16,-11.0,-39.0,0.0,0.0,0.0
1957-11-17,-6.0,-39.0,0.0,0.0,0.0
1957-11-18,-33.0,-56.0,25.0,0.0,25.0
1957-11-19,-28.0,-67.0,64.0,76.0,64.0
1957-11-20,-22.0,-56.0,0.0,76.0,0.0
1957-11-21,-44.0,-122.0,0.0,76.0,3.0
1957-11-22,-44.0,-128.0,0.0,76.0,0.0
1957-11-23,56.0,-67.0,23.0,76.0,23.0
1957-11-24,-67.0,-144.0,0.0,25.0,0.0
1957-11-25,-28.0,-78.0,0.0,25.0,0.0
1957-11-26,-6.0,-50.0,0.0,25.0,0.0
1957-11-27,17.0,-56.0,15.0,25.0,0.0
1957-11-28,-39.0,-78.0,0.0,25.0,0.0
1957-11-29,-22.0,-172.0,5.0,25.0,5.0
1957-11-30,-83.0,-206.0,0.0,25.0,0.0
1957-12-01,-22.0,-122.0,0.0,25.0,0.0
1957-12-02,-83.0,-178.0,0.0,25.0,0.0
1957-12-03,-56.0,-172.0,0.0,25.0,0.0
1957-12-04,-28.0,-78.0,13.0,25.0,13.0
1957-12-05,0.0,-67.0,0.0,25.0,0.0
1957-12-06,-28.0,-122.0,0.0,25.0,0.0
1957-12-07,-44.0,-150.0,0.0,25.0,0.0
1957-12-08,-56.0,-94.0,0.0,25.0,0.0
1957-12-09,17.0,-94.0,0.0,25.0,0.0
1957-12-10,-17.0,-217.0,0.0,25.0,0.0
1957-12-11,-161.0,-256.0,0.0,25.0,0.0
1957-12-12,-67.0,-222.0,0.0,25.0,0.0
1957-12-13,-11.0,-78.0,0.0,25.0,0.0
1957-12-14,-6.0,-83.0,5.0,25.0,5.0
1957-12-15,56.0,-39.0,0.0,25.0,0.0
1957-12-16,-6.0,-94.0,0.0,25.0,0.0
1957-12-17,6.0,-61.0,0.0,0.0,0.0
1957-12-18,-6.0,-22.0,3.0,0.0,0.0
1957-12-19,6.0,-22.0,18.0,25.0,18.0
1957-12-20,-11.0,-44.0,0.0,25.0,0.0
1957-12-21,0.0,-78.0,0.0,25.0,0.0
1957-12-22,28.0,-56.0,0.0,25.0,0.0
1957-12-23,11.0,-94.0,0.0,25.0,0.0
1957-12-24,6.0,-139.0,0.0,25.0,0.0
1957-12-25,6.0,-22.0,64.0,25.0,64.0
1957-12-26,-22.0,-133.0,0.0,76.0,0.0
1957-12-27,0.0,-122.0,8.0,76.0,8.0
1957-12-28,-122.0,-239.0,0.0,76.0,0.0
1957-12-29,-172.0,-256.0,0.0,76.0,0.0
1957-12-30,-128.0,-222.0,3.0,76.0,3.0
1957-12-31,-144.0,-217.0,0.0,51.0,0.0
1958-01-01,-122.0,-200.0,0.0,51.0,0.0
1958-01-02,-144.0,-239.0,0.0,51.0,0.0
1958-01-03,-106.0,-250.0,0.0,51.0,0.0
1958-01-04,-67.0,-200.0,0.0,51.0,0.0
1958-01-05,-17.0,-106.0,0.0,51.0,0.0
1958-01-06,-17.0,-206.0,76.0,127.0,76.0
1958-01-07,-133.0,-256.0,0.0,127.0,0.0
1958-01-08,-50.0,-172.0,0.0,127.0,0.0
1958-01-09,39.0,-122.0,0.0,102.0,0.0
1958-01-10,28.0,-161.0,0.0,76.0,0.0
1958-01-11,-17.0,-161.0,0.0,76.0,0.0
1958-01-12,33.0,-67.0,0.0,76.0,0.0
1958-01-13,-6.0,-106.0,0.0,51.0,0.0
1958-01-14,-6.0,-67.0,3.0,51.0,3.0
1958-01-15,-33.0,-72.0,10.0,51.0,10.0
1958-01-16,-11.0,-44.0,5.0,51.0,5.0
1958-01-17,-44.0,-139.0,0.0,51.0,0.0
1958-01-18,-72.0,-117.0,0.0,51.0,0.0
1958-01-19,-50.0,-161.0,18.0,76.0,18.0
1958-01-20,-94.0,-150.0,0.0,76.0,0.0
1958-01-21,-61.0,-189.0,0.0,76.0,0.0
1958-01-22,-39.0,-128.0,0.0,76.0,0.0
1958-01-23,-28.0,-122.0,0.0,76.0,0.0
1958-01-24,-33.0,-72.0,0.0,76.0,0.0
1958-01-25,0.0,-78.0,36.0,76.0,36.0
1958-01-26,-6.0,-33.0,51.0,127.0,51.0
1958-01-27,-22.0,-56.0,10.0,178.0,10.0
1958-01-28,-33.0,-67.0,10.0,178.0,10.0
1958-01-29,-33.0,-89.0,8.0,178.0,8.0
1958-01-30,-61.0,-156.0,0.0,178.0,0.0
1958-01-31,-100.0,-200.0,0.0,178.0,0.0
1958-02-01,-94.0,-183.0,0.0,152.0,0.0
1958-02-02,-67.0,-183.0,0.0,152.0,0.0
1958-02-03,-33.0,-178.0,0.0,152.0,0.0
1958-02-04,-33.0,-144.0,0.0,152.0,0.0
1958-02-05,-39.0,-100.0,3.0,127.0,3.0
1958-02-06,-100.0,-211.0,3.0,127.0,5.0
1958-02-07,-150.0,-239.0,0.0,127.0,0.0
1958-02-08,-189.0,-267.0,0.0,127.0,0.0
1958-02-09,-150.0,-250.0,0.0,127.0,0.0
1958-02-10,-150.0,-267.0,0.0,127.0,0.0
1958-02-11,-128.0,-256.0,0.0,127.0,0.0
1958-02-12,-83.0,-150.0,0.0,127.0,0.0
1958-02-13,-117.0,-200.0,0.0,127.0,0.0
1958-02-14,-133.0,-211.0,3.0,102.0,3.0
1958-02-15,-194.0,-283.0,0.0,102.0,0.0
1958-02-16,-183.0,-294.0,0.0,102.0,0.0
1958-02-17,-133.0,-261.0,0.0,102.0,0.0
1958-02-18,-106.0,-233.0,0.0,102.0,0.0
1958-02-19,-89.0,-217.0,0.0,102.0,0.0
1958-02-20,-28.0,-217.0,0.0,102.0,0.0
1958-02-21,-11.0,-89.0,0.0,102.0,0.0
1958-02-22,33.0,-106.0,0.0,102.0,0.0
1958-02-23,122.0,-22.0,0.0,76.0,0.0
1958-02-24,61.0,-28.0,3.0,25.0,0.0
1958-02-25,100.0,-61.0,0.0,25.0,0.0
1958-02-26,72.0,-17.0,0.0,25.0,0.0
1958-02-27,39.0,-72.0,3.0,0.0,3.0
1958-02-28,-33.0,-72.0,15.0,0.0,15.0
1958-03-01,-33.0,-61.0,124.0,102.0,124.0
1958-03-02,-17.0,-67.0,64.0,178.0,64.0
1958-03-03,28.0,-56.0,0.0,178.0,0.0
1958-03-04,17.0,-39.0,3.0,152.0,5.0
1958-03-05,-17.0,-111.0,51.0,127.0,76.0
1958-03-06,28.0,-72.0,3.0,203.0,3.0
1958-03-07,11.0,-67.0,0.0,152.0,0.0
1958-03-08,6.0,-56.0,0.0,127.0,0.0
1958-03-09,-22.0,-89.0,0.0,127.0,0.0
1958-03-10,22.0,-128.0,0.0,127.0,0.0
1958-03-11,44.0,-78.0,0.0,102.0,0.0
1958-03-12,22.0,-100.0,0.0,76.0,0.0
1958-03-13,-22.0,-61.0,0.0,51.0,0.0
1958-03-14,-6.0,-61.0,0.0,51.0,0.0
1958-03-15,22.0,-56.0,0.0,51.0,0.0
1958-03-16,28.0,-56.0,0.0,25.0,0.0
1958-03-17,11.0,-39.0,10.0,25.0,10.0
1958-03-18,17.0,-33.0,20.0,25.0,20.0
1958-03-19,17.0,-44.0,5.0,25.0,5.0
1958-03-20,17.0,-56.0,0.0,25.0,0.0
1958-03-21,28.0,-72.0,0.0,25.0,0.0
1958-03-22,22.0,-94.0,0.0,0.0,0.0
1958-03-23,22.0,-94.0,0.0,0.0,0.0
1958-03-24,22.0,-56.0,0.0,0.0,0.0
1958-03-25,33.0,-44.0,0.0,0.0,0.0
1958-03-26,44.0,-61.0,0.0,0.0,0.0
1958-03-27,33.0,-50.0,0.0,0.0,0.0
1958-03-28,61.0,-83.0,0.0,0.0,0.0
1958-03-29,94.0,-83.0,0.0,0.0,0.0
1958-03-30,89.0,-50.0,0.0,0.0,0.0
1958-03-31,61.0,-28.0,0.0,0.0,0.0
1958-04-01,100.0,6.0,0.0,0.0,0.0
1958-04-02,61.0,17.0,0.0,0.0,0.0
1958-04-03,72.0,17.0,0.0,0.0,0.0
1958-04-04,72.0,6.0,0.0,0.0,0.0
1958-04-05,44.0,6.0,0.0,0.0,0.0
1958-04-06,50.0,-22.0,0.0,0.0,0.0
1958-04-07,144.0,-44.0,0.0,0.0,0.0
1958-04-08,89.0,-44.0,0.0,0.0,0.0
1958-04-09,67.0,-39.0,0.0,0.0,0.0
1958-04-10,61.0,-44.0,0.0,0.0,0.0
1958-04-11,89.0,-44.0,0.0,0.0,0.0
1958-04-12,67.0,-56.0,0.0,0.0,0.0
1958-04-13,167.0,6.0,0.0,0.0,0.0
1958-04-14,222.0,61.0,0.0,0.0,0.0
1958-04-15,211.0,28.0,0.0,0.0,0.0
1958-04-16,239.0,11.0,0.0,0.0,0.0
1958-04-17,189.0,94.0,0.0,0.0,0.0
1958-04-18,128.0,22.0,0.0,0.0,0.0
1958-04-19,211.0,11.0,3.0,0.0,0.0
1958-04-20,178.0,22.0,0.0,0.0,0.0
1958-04-21,78.0,22.0,94.0,0.0,0.0
1958-04-22,83.0,-22.0,48.0,0.0,0.0
1958-04-23,89.0,-44.0,0.0,0.0,0.0
1958-04-24,56.0,-11.0,0.0,0.0,0.0
1958-04-25,106.0,-33.0,0.0,0.0,0.0
1958-04-26,56.0,-17.0,0.0,0.0,0.0
1958-04-27,78.0,-28.0,0.0,0.0,0.0
1958-04-28,78.0,-94.0,99.0,0.0,0.0
1958-04-29,33.0,-106.0,0.0,0.0,0.0
1958-04-30,139.0,6.0,76.0,0.0,0.0
1958-05-01,83.0,-61.0,0.0,0.0,0.0
1958-05-02,100.0,6.0,0.0,0.0,0.0
1958-05-03,150.0,11.0,28.0,0.0,0.0
1958-05-04,67.0,-17.0,0.0,0.0,0.0
1958-05-05,94.0,-17.0,0.0,0.0,0.0
1958-05-06,172.0,22.0,0.0,0.0,0.0
1958-05-07,222.0,83.0,0.0,0.0,0.0
1958-05-08,111.0,-11.0,0.0,0.0,0.0
1958-05-09,144.0,-56.0,0.0,0.0,0.0
1958-05-10,67.0,-11.0,8.0,0.0,0.0
1958-05-11,217.0,-22.0,0.0,0.0,0.0
1958-05-12,206.0,50.0,0.0,0.0,0.0
1958-05-13,250.0,72.0,0.0,0.0,0.0
1958-05-14,239.0,128.0,5.0,0.0,0.0
1958-05-15,256.0,61.0,0.0,0.0,0.0
1958-05-16,267.0,67.0,0.0,0.0,0.0
1958-05-17,156.0,61.0,41.0,0.0,0.0
1958-05-18,156.0,50.0,48.0,0.0,0.0
1958-05-19,156.0,22.0,0.0,0.0,0.0
1958-05-20,183.0,28.0,0.0,0.0,0.0
1958-05-21,244.0,33.0,0.0,0.0,0.0
1958-05-22,172.0,17.0,15.0,0.0,0.0
1958-05-23,172.0,-11.0,0.0,0.0,0.0
1958-05-24,161.0,50.0,71.0,0.0,0.0
1958-05-25,172.0,17.0,5.0,0.0,0.0
1958-05-26,239.0,11.0,74.0,0.0,0.0
1958-05-27,128.0,33.0,0.0,0.0,0.0
1958-05-28,200.0,17.0,0.0,0.0,0.0
1958-05-29,289.0,56.0,3.0,0.0,0.0
1958-05-30,106.0,50.0,20.0,0.0,0.0
1958-05-31,67.0,39.0,229.0,0.0,0.0
1958-06-01,128.0,39.0,13.0,0.0,0.0
1958-06-02,117.0,28.0,0.0,0.0,0.0
1958-06-03,100.0,33.0,99.0,0.0,0.0
1958-06-04,178.0,56.0,119.0,0.0,0.0
1958-06-05,167.0,67.0,64.0,0.0,0.0
1958-06-06,228.0,33.0,0.0,0.0,0.0
1958-06-07,244.0,100.0,147.0,0.0,0.0
1958-06-08,150.0,22.0,36.0,0.0,0.0
1958-06-09,206.0,6.0,0.0,0.0,0.0
1958-06-10,206.0,0.0,53.0,0.0,0.0
1958-06-11,194.0,0.0,0.0,0.0,0.0
1958-06-12,183.0,78.0,0.0,0.0,0.0
1958-06-13,183.0,72.0,0.0,0.0,0.0
1958-06-14,178.0,6.0,0.0,0.0,0.0
1958-06-15,211.0,72.0,0.0,0.0,0.0
1958-06-16,217.0,56.0,0.0,0.0,0.0
1958-06-17,189.0,39.0,0.0,0.0,0.0
1958-06-18,172.0,61.0,0.0,0.0,0.0
1958-06-19,233.0,50.0,51.0,0.0,0.0
1958-06-20,189.0,67.0,0.0,0.0,0.0
1958-06-21,228.0,83.0,5.0,0.0,0.0
1958-06-22,194.0,72.0,18.0,0.0,0.0
1958-06-23,200.0,78.0,147.0,0.0,0.0
1958-06-24,167.0,61.0,41.0,0.0,0.0
1958-06-25,156.0,56.0,20.0,0.0,0.0
1958-06-26,228.0,111.0,0.0,0.0,0.0
1958-06-27,256.0,111.0,0.0,0.0,0.0
1958-06-28,261.0,128.0,0.0,0.0,0.0
1958-06-29,283.0,133.0,0.0,0.0,0.0
1958-06-30,167.0,94.0,152.0,0.0,0.0
1958-07-01,250.0,133.0,1222.0,0.0,0.0
1958-07-02,300.0,128.0,0.0,0.0,0.0
1958-07-03,144.0,100.0,0.0,0.0,0.0
1958-07-04,156.0,100.0,48.0,0.0,0.0
1958-07-05,117.0,50.0,61.0,0.0,0.0
1958-07-06,194.0,50.0,3.0,0.0,0.0
1958-07-07,194.0,94.0,0.0,0.0,0.0
1958-07-08,217.0,83.0,0.0,0.0,0.0
1958-07-09,128.0,89.0,257.0,0.0,0.0
1958-07-10,233.0,89.0,43.0,0.0,0.0
1958-07-11,256.0,128.0,0.0,0.0,0.0
1958-07-12,161.0,94.0,36.0,0.0,0.0
1958-07-13,200.0,83.0,0.0,0.0,0.0
1958-07-14,239.0,167.0,36.0,0.0,0.0
1958-07-15,194.0,100.0,0.0,0.0,0.0
1958-07-16,228.0,72.0,0.0,0.0,0.0
1958-07-17,239.0,111.0,0.0,0.0,0.0
1958-07-18,233.0,139.0,0.0,0.0,0.0
1958-07-19,222.0,94.0,0.0,0.0,0.0
1958-07-20,233.0,100.0,0.0,0.0,0.0
1958-07-21,267.0,133.0,0.0,0.0,0.0
1958-07-22,283.0,150.0,0.0,0.0,0.0
1958-07-23,306.0,172.0,0.0,0.0,0.0
1958-07-24,289.0,150.0,310.0,0.0,0.0
1958-07-25,256.0,139.0,20.0,0.0,0.0
1958-07-26,283.0,144.0,0.0,0.0,0.0
1958-07-27,189.0,150.0,61.0,0.0,0.0
1958-07-28,239.0,139.0,33.0,0.0,0.0
1958-07-29,228.0,117.0,33.0,0.0,0.0
1958-07-30,239.0,117.0,0.0,0.0,0.0
1958-07-31,261.0,83.0,0.0,0.0,0.0
1958-08-01,289.0,144.0,0.0,0.0,0.0
1958-08-02,328.0,183.0,0.0,0.0,0.0
1958-08-03,261.0,139.0,0.0,0.0,0.0
1958-08-04,233.0,122.0,0.0,0.0,0.0
1958-08-05,283.0,172.0,221.0,0.0,0.0
1958-08-06,278.0,167.0,0.0,0.0,0.0
1958-08-07,239.0,133.0,0.0,0.0,0.0
1958-08-08,239.0,122.0,0.0,0.0,0.0
1958-08-09,333.0,183.0,0.0,0.0,0.0
1958-08-10,256.0,150.0,0.0,0.0,0.0
1958-08-11,294.0,139.0,36.0,0.0,0.0
1958-08-12,250.0,122.0,0.0,0.0,0.0
1958-08-13,261.0,78.0,0.0,0.0,0.0
1958-08-14,267.0,133.0,0.0,0.0,0.0
1958-08-15,211.0,72.0,3.0,0.0,0.0
1958-08-16,272.0,89.0,0.0,0.0,0.0
1958-08-17,244.0,117.0,0.0,0.0,0.0
1958-08-18,206.0,100.0,3.0,0.0,0.0
1958-08-19,261.0,122.0,0.0,0.0,0.0
1958-08-20,228.0,122.0,8.0,0.0,0.0
1958-08-21,200.0,100.0,0.0,0.0,0.0
1958-08-22,211.0,50.0,0.0,0.0,0.0
1958-08-23,178.0,117.0,279.0,0.0,0.0
1958-08-24,161.0,50.0,18.0,0.0,0.0
1958-08-25,178.0,67.0,0.0,0.0,0.0
1958-08-26,189.0,78.0,0.0,0.0,0.0
1958-08-27,239.0,94.0,13.0,0.0,0.0
1958-08-28,228.0,128.0,0.0,0.0,0.0
1958-08-29,156.0,111.0,272.0,0.0,0.0
1958-08-30,144.0,89.0,295.0,0.0,0.0
1958-08-31,133.0,67.0,46.0,0.0,0.0
1958-09-01,156.0,78.0,0.0,0.0,0.0
1958-09-02,183.0,67.0,0.0,0.0,0.0
1958-09-03,217.0,111.0,46.0,0.0,0.0
1958-09-04,217.0,78.0,0.0,0.0,0.0
1958-09-05,128.0,94.0,226.0,0.0,0.0
1958-09-06,144.0,94.0,163.0,0.0,0.0
1958-09-07,194.0,83.0,5.0,0.0,0.0
1958-09-08,206.0,44.0,0.0,0.0,0.0
1958-09-09,194.0,61.0,178.0,0.0,0.0
1958-09-10,128.0,17.0,0.0,0.0,0.0
1958-09-11,206.0,17.0,0.0,0.0,0.0
1958-09-12,250.0,106.0,0.0,0.0,0.0
1958-09-13,172.0,100.0,0.0,0.0,0.0
1958-09-14,183.0,133.0,241.0,0.0,0.0
1958-09-15,194.0,89.0,5.0,0.0,0.0
1958-09-16,156.0,78.0,0.0,0.0,0.0
1958-09-17,133.0,83.0,18.0,0.0,0.0
1958-09-18,167.0,56.0,8.0,0.0,0.0
1958-09-19,228.0,117.0,0.0,0.0,0.0
1958-09-20,233.0,106.0,8.0,0.0,0.0
1958-09-21,200.0,72.0,15.0,0.0,0.0
1958-09-22,256.0,111.0,0.0,0.0,0.0
1958-09-23,278.0,178.0,0.0,0.0,0.0
1958-09-24,200.0,106.0,86.0,0.0,0.0
1958-09-25,161.0,78.0,0.0,0.0,0.0
1958-09-26,183.0,50.0,0.0,0.0,0.0
1958-09-27,167.0,33.0,0.0,0.0,0.0
1958-09-28,161.0,50.0,0.0,0.0,0.0
1958-09-29,194.0,56.0,8.0,0.0,0.0
1958-09-30,83.0,-6.0,10.0,0.0,0.0
1958-10-01,89.0,-22.0,0.0,0.0,0.0
1958-10-02,94.0,-6.0,0.0,0.0,0.0
1958-10-03,211.0,28.0,8.0,0.0,0.0
1958-10-04,156.0,6.0,0.0,0.0,0.0
1958-10-05,89.0,-28.0,0.0,0.0,0.0
1958-10-06,206.0,50.0,0.0,0.0,0.0
1958-10-07,133.0,72.0,0.0,0.0,0.0
1958-10-08,94.0,72.0,25.0,0.0,0.0
1958-10-09,100.0,39.0,152.0,0.0,0.0
1958-10-10,44.0,6.0,46.0,0.0,0.0
1958-10-11,94.0,-11.0,8.0,0.0,0.0
1958-10-12,89.0,0.0,5.0,0.0,0.0
1958-10-13,89.0,44.0,0.0,0.0,0.0
1958-10-14,89.0,61.0,0.0,0.0,0.0
1958-10-15,156.0,61.0,3.0,0.0,0.0
1958-10-16,144.0,44.0,0.0,0.0,0.0
1958-10-17,150.0,28.0,0.0,0.0,0.0
1958-10-18,150.0,-28.0,0.0,0.0,0.0
1958-10-19,189.0,39.0,0.0,0.0,0.0
1958-10-20,178.0,44.0,0.0,0.0,0.0
1958-10-21,183.0,17.0,0.0,0.0,0.0
1958-10-22,139.0,11.0,0.0,0.0,0.0
1958-10-23,100.0,44.0,3.0,0.0,0.0
1958-10-24,100.0,50.0,0.0,0.0,0.0
1958-10-25,78.0,50.0,58.0,0.0,0.0
1958-10-26,72.0,6.0,79.0,0.0,0.0
1958-10-27,94.0,0.0,0.0,0.0,0.0
1958-10-28,89.0,-28.0,0.0,0.0,0.0
1958-10-29,133.0,0.0,0.0,0.0,0.0
1958-10-30,156.0,28.0,0.0,0.0,0.0
1958-10-31,178.0,28.0,0.0,0.0,0.0
1958-11-01,94.0,0.0,0.0,0.0,0.0
1958-11-02,161.0,-22.0,0.0,0.0,0.0
1958-11-03,156.0,28.0,0.0,0.0,0.0
1958-11-04,111.0,6.0,0.0,0.0,0.0
1958-11-05,61.0,0.0,206.0,0.0,0.0
1958-11-06,44.0,-72.0,0.0,0.0,0.0
1958-11-07,67.0,-67.0,0.0,0.0,0.0
1958-11-08,44.0,0.0,99.0,0.0,0.0
1958-11-09,28.0,-22.0,5.0,0.0,0.0
1958-11-10,50.0,-72.0,0.0,0.0,0.0
1958-11-11,78.0,6.0,0.0,0.0,0.0
1958-11-12,94.0,-17.0,0.0,0.0,0.0
1958-11-13,100.0,-39.0,0.0,0.0,0.0
1958-11-14,83.0,0.0,0.0,0.0,0.0
1958-11-15,33.0,-11.0,0.0,0.0,0.0
1958-11-16,61.0,17.0,56.0,0.0,0.0
1958-11-17,94.0,44.0,124.0,0.0,0.0
1958-11-18,72.0,-33.0,86.0,0.0,3.0
1958-11-19,61.0,-83.0,0.0,0.0,0.0
1958-11-20,28.0,-28.0,0.0,0.0,0.0
1958-11-21,28.0,-56.0,0.0,0.0,0.0
1958-11-22,17.0,-94.0,15.0,0.0,10.0
1958-11-23,-6.0,-67.0,5.0,0.0,5.0
1958-11-24,-44.0,-94.0,0.0,0.0,0.0
1958-11-25,6.0,-83.0,38.0,25.0,28.0
1958-11-26,-83.0,-161.0,0.0,25.0,0.0
1958-11-27,-111.0,-206.0,0.0,25.0,0.0
1958-11-28,-117.0,-211.0,0.0,25.0,0.0
1958-11-29,-211.0,-272.0,0.0,25.0,0.0
1958-11-30,-100.0,-261.0,0.0,25.0,0.0
1958-12-01,-94.0,-183.0,0.0,25.0,0.0
1958-12-02,-17.0,-178.0,0.0,25.0,0.0
1958-12-03,-11.0,-67.0,56.0,25.0,51.0
1958-12-04,-11.0,-183.0,5.0,76.0,3.0
1958-12-05,-156.0,-217.0,0.0,76.0,0.0
1958-12-06,-150.0,-233.0,0.0,76.0,0.0
1958-12-07,-172.0,-250.0,0.0,76.0,0.0
1958-12-08,-189.0,-278.0,0.0,76.0,0.0
1958-12-09,-156.0,-283.0,0.0,76.0,0.0
1958-12-10,-150.0,-261.0,0.0,51.0,0.0
1958-12-11,-167.0,-244.0,0.0,51.0,0.0
1958-12-12,-161.0,-250.0,0.0,51.0,0.0
1958-12-13,-161.0,-278.0,0.0,51.0,0.0
1958-12-14,-167.0,-228.0,10.0,51.0,10.0
1958-12-15,-128.0,-211.0,8.0,51.0,8.0
1958-12-16,-94.0,-206.0,66.0,76.0,114.0
1958-12-17,-44.0,-206.0,3.0,178.0,3.0
1958-12-18,-33.0,-122.0,51.0,178.0,51.0
1958-12-19,-94.0,-222.0,30.0,254.0,61.0
1958-12-20,-161.0,-256.0,0.0,254.0,0.0
1958-12-21,-106.0,-233.0,0.0,254.0,0.0
1958-12-22,17.0,-106.0,0.0,254.0,0.0
1958-12-23,-22.0,-211.0,0.0,203.0,0.0
1958-12-24,-67.0,-150.0,8.0,178.0,15.0
1958-12-25,-56.0,-200.0,0.0,178.0,0.0
1958-12-26,28.0,-117.0,0.0,178.0,0.0
1958-12-27,-17.0,-61.0,0.0,152.0,0.0
1958-12-28,6.0,-56.0,0.0,152.0,0.0
1958-12-29,-44.0,-178.0,0.0,152.0,0.0
1958-12-30,-72.0,-189.0,0.0,152.0,0.0
1958-12-31,-61.0,-178.0,0.0,152.0,0.0
1959-01-01,-56.0,-156.0,0.0,152.0,0.0
1959-01-02,-56.0,-300.0,3.0,152.0,3.0
1959-01-03,-222.0,-311.0,0.0,152.0,0.0
1959-01-04,-200.0,-306.0,0.0,152.0,0.0
1959-01-05,-150.0,-261.0,0.0,152.0,0.0
1959-01-06,-94.0,-167.0,0.0,152.0,0.0
1959-01-07,-72.0,-111.0,0.0,127.0,13.0
1959-01-08,-67.0,-144.0,5.0,152.0,38.0
1959-01-09,-61.0,-189.0,0.0,152.0,0.0
1959-01-10,-56.0,-144.0,0.0,152.0,0.0
1959-01-11,-39.0,-117.0,0.0,152.0,0.0
1959-01-12,0.0,-117.0,0.0,152.0,0.0
1959-01-13,-22.0,-78.0,0.0,152.0,0.0
1959-01-14,-17.0,-111.0,0.0,152.0,0.0
1959-01-15,-111.0,-222.0,3.0,152.0,3.0
1959-01-16,-194.0,-278.0,0.0,152.0,0.0
1959-01-17,-200.0,-306.0,0.0,152.0,0.0
1959-01-18,-106.0,-267.0,8.0,152.0,15.0
1959-01-19,-133.0,-244.0,0.0,152.0,0.0
1959-01-20,-133.0,-211.0,0.0,152.0,0.0
1959-01-21,-161.0,-250.0,0.0,127.0,0.0
1959-01-22,-222.0,-289.0,0.0,127.0,0.0
1959-01-23,-178.0,-328.0,0.0,127.0,0.0
1959-01-24,-106.0,-217.0,46.0,152.0,46.0
1959-01-25,-150.0,-272.0,0.0,178.0,0.0
1959-01-26,-111.0,-211.0,0.0,178.0,0.0
1959-01-27,-39.0,-228.0,0.0,178.0,0.0
1959-01-28,-56.0,-161.0,3.0,178.0,3.0
1959-01-29,-33.0,-178.0,23.0,203.0,23.0
1959-01-30,-178.0,-261.0,0.0,203.0,0.0
1959-01-31,-183.0,-311.0,0.0,203.0,0.0
1959-02-01,-150.0,-294.0,0.0,203.0,0.0
1959-02-02,-39.0,-222.0,0.0,203.0,0.0
1959-02-03,-56.0,-194.0,0.0,178.0,3.0
1959-02-04,-117.0,-233.0,0.0,178.0,0.0
1959-02-05,-161.0,-278.0,0.0,178.0,0.0
1959-02-06,-156.0,-306.0,0.0,178.0,0.0
1959-02-07,-128.0,-217.0,5.0,178.0,5.0
1959-02-08,-128.0,-233.0,3.0,178.0,10.0
1959-02-09,-67.0,-128.0,20.0,254.0,61.0
1959-02-10,-100.0,-161.0,5.0,254.0,10.0
1959-02-11,-67.0,-261.0,0.0,254.0,0.0
1959-02-12,17.0,-122.0,0.0,254.0,0.0
1959-02-13,-67.0,-194.0,0.0,203.0,0.0
1959-02-14,-50.0,-194.0,3.0,203.0,3.0
1959-02-15,-11.0,-217.0,0.0,203.0,0.0
1959-02-16,-67.0,-156.0,0.0,203.0,0.0
1959-02-17,-94.0,-189.0,0.0,203.0,0.0
1959-02-18,-167.0,-244.0,0.0,178.0,0.0
1959-02-19,-156.0,-289.0,0.0,178.0,0.0
1959-02-20,-39.0,-211.0,0.0,178.0,0.0
1959-02-21,-28.0,-183.0,0.0,178.0,0.0
1959-02-22,33.0,-172.0,0.0,178.0,0.0
1959-02-23,6.0,-89.0,0.0,152.0,0.0
1959-02-24,22.0,-117.0,0.0,127.0,0.0
1959-02-25,-17.0,-83.0,0.0,127.0,0.0
1959-02-26,0.0,-56.0,0.0,127.0,0.0
1959-02-27,-6.0,-89.0,0.0,102.0,0.0
1959-02-28,28.0,-50.0,46.0,152.0,46.0
1959-03-01,33.0,-83.0,0.0,127.0,0.0
1959-03-02,44.0,-22.0,5.0,76.0,5.0
1959-03-03,-22.0,-111.0,3.0,76.0,3.0
1959-03-04,-17.0,-139.0,0.0,76.0,0.0
1959-03-05,-44.0,-83.0,0.0,76.0,0.0
1959-03-06,-22.0,-161.0,5.0,76.0,5.0
1959-03-07,-50.0,-167.0,0.0,76.0,0.0
1959-03-08,-33.0,-133.0,8.0,76.0,8.0
1959-03-09,-22.0,-133.0,0.0,76.0,0.0
1959-03-10,39.0,-56.0,23.0,102.0,46.0
1959-03-11,28.0,-67.0,0.0,76.0,0.0
1959-03-12,6.0,-89.0,0.0,51.0,0.0
1959-03-13,72.0,-50.0,0.0,51.0,0.0
1959-03-14,33.0,-67.0,0.0,51.0,0.0
1959-03-15,-39.0,-128.0,0.0,51.0,0.0
1959-03-16,-50.0,-172.0,0.0,51.0,0.0
1959-03-17,-17.0,-167.0,0.0,51.0,0.0
1959-03-18,78.0,-83.0,0.0,25.0,0.0
1959-03-19,89.0,-11.0,0.0,25.0,0.0
1959-03-20,56.0,-133.0,0.0,25.0,0.0
1959-03-21,-50.0,-183.0,0.0,25.0,0.0
1959-03-22,44.0,-117.0,0.0,0.0,0.0
1959-03-23,139.0,-22.0,0.0,0.0,0.0
1959-03-24,39.0,-33.0,0.0,0.0,0.0
1959-03-25,72.0,-56.0,0.0,0.0,0.0
1959-03-26,67.0,-78.0,0.0,0.0,0.0
1959-03-27,33.0,-72.0,0.0,0.0,0.0
1959-03-28,111.0,-50.0,0.0,0.0,0.0
1959-03-29,94.0,-33.0,0.0,0.0,0.0
1959-03-30,44.0,-50.0,0.0,0.0,0.0
1959-03-31,89.0,6.0,20.0,0.0,0.0
1959-04-01,44.0,-22.0,0.0,0.0,0.0
1959-04-02,11.0,-22.0,3.0,0.0,0.0
1959-04-03,72.0,-11.0,0.0,0.0,0.0
1959-04-04,150.0,-28.0,0.0,0.0,0.0
1959-04-05,61.0,-22.0,0.0,0.0,0.0
1959-04-06,83.0,-61.0,0.0,0.0,0.0
1959-04-07,128.0,-11.0,0.0,0.0,0.0
1959-04-08,28.0,-44.0,0.0,0.0,0.0
1959-04-09,33.0,-39.0,0.0,0.0,0.0
1959-04-10,28.0,-39.0,0.0,0.0,0.0
1959-04-11,44.0,-89.0,0.0,0.0,0.0
1959-04-12,111.0,-89.0,0.0,0.0,0.0
1959-04-13,167.0,-11.0,0.0,0.0,0.0
1959-04-14,206.0,22.0,0.0,0.0,0.0
1959-04-15,156.0,50.0,0.0,0.0,0.0
1959-04-16,78.0,-6.0,0.0,0.0,0.0
1959-04-17,0.0,-6.0,53.0,0.0,0.0
1959-04-18,44.0,-6.0,3.0,0.0,0.0
1959-04-19,50.0,-50.0,0.0,0.0,0.0
1959-04-20,83.0,-50.0,0.0,0.0,0.0
1959-04-21,178.0,6.0,0.0,0.0,0.0
1959-04-22,183.0,44.0,0.0,0.0,0.0
1959-04-23,106.0,-6.0,0.0,0.0,0.0
1959-04-24,44.0,-6.0,0.0,0.0,0.0
1959-04-25,89.0,-44.0,18.0,0.0,0.0
1959-04-26,50.0,-44.0,0.0,0.0,0.0
1959-04-27,50.0,-17.0,5.0,0.0,0.0
1959-04-28,172.0,6.0,15.0,0.0,0.0
1959-04-29,122.0,39.0,10.0,0.0,0.0
1959-04-30,106.0,-22.0,0.0,0.0,0.0
1959-05-01,239.0,17.0,0.0,0.0,0.0
1959-05-02,128.0,44.0,0.0,0.0,0.0
1959-05-03,89.0,39.0,3.0,0.0,0.0
1959-05-04,128.0,44.0,56.0,0.0,0.0
1959-05-05,156.0,39.0,94.0,0.0,0.0
1959-05-06,94.0,22.0,76.0,0.0,0.0
1959-05-07,161.0,11.0,0.0,0.0,0.0
1959-05-08,194.0,44.0,0.0,0.0,0.0
1959-05-09,172.0,67.0,0.0,0.0,0.0
1959-05-10,206.0,61.0,114.0,0.0,0.0
1959-05-11,178.0,56.0,89.0,0.0,0.0
1959-05-12,172.0,11.0,3.0,0.0,0.0
1959-05-13,94.0,6.0,3.0,0.0,0.0
1959-05-14,50.0,11.0,8.0,0.0,0.0
1959-05-15,133.0,0.0,0.0,0.0,0.0
1959-05-16,139.0,33.0,0.0,0.0,0.0
1959-05-17,83.0,28.0,0.0,0.0,0.0
1959-05-18,150.0,22.0,20.0,0.0,0.0
1959-05-19,206.0,106.0,51.0,0.0,0.0
1959-05-20,106.0,44.0,36.0,0.0,0.0
1959-05-21,122.0,50.0,71.0,0.0,0.0
1959-05-22,122.0,6.0,0.0,0.0,0.0
1959-05-23,178.0,39.0,13.0,0.0,0.0
1959-05-24,233.0,50.0,0.0,0.0,0.0
1959-05-25,228.0,150.0,0.0,0.0,0.0
1959-05-26,178.0,111.0,150.0,0.0,0.0
1959-05-27,189.0,61.0,97.0,0.0,0.0
1959-05-28,94.0,44.0,18.0,0.0,0.0
1959-05-29,206.0,67.0,5.0,0.0,0.0
1959-05-30,122.0,44.0,112.0,0.0,0.0
1959-05-31,144.0,50.0,300.0,0.0,0.0
1959-06-01,239.0,39.0,0.0,0.0,0.0
1959-06-02,261.0,100.0,0.0,0.0,0.0
1959-06-03,139.0,44.0,41.0,0.0,0.0
1959-06-04,294.0,44.0,0.0,0.0,0.0
1959-06-05,278.0,133.0,38.0,0.0,0.0
1959-06-06,139.0,50.0,0.0,0.0,0.0
1959-06-07,306.0,83.0,0.0,0.0,0.0
1959-06-08,311.0,183.0,0.0,0.0,0.0
1959-06-09,300.0,156.0,0.0,0.0,0.0
1959-06-10,267.0,100.0,58.0,0.0,0.0
1959-06-11,261.0,117.0,13.0,0.0,0.0
1959-06-12,200.0,94.0,0.0,0.0,0.0
1959-06-13,206.0,67.0,0.0,0.0,0.0
1959-06-14,183.0,50.0,8.0,0.0,0.0
1959-06-15,189.0,72.0,0.0,0.0,0.0
1959-06-16,194.0,67.0,0.0,0.0,0.0
1959-06-17,167.0,89.0,0.0,0.0,0.0
1959-06-18,178.0,100.0,18.0,0.0,0.0
1959-06-19,250.0,106.0,3.0,0.0,0.0
1959-06-20,250.0,106.0,0.0,0.0,0.0
1959-06-21,200.0,89.0,38.0,0.0,0.0
1959-06-22,206.0,67.0,0.0,0.0,0.0
1959-06-23,211.0,94.0,0.0,0.0,0.0
1959-06-24,189.0,89.0,64.0,0.0,0.0
1959-06-25,183.0,94.0,13.0,0.0,0.0
1959-06-26,150.0,94.0,254.0,0.0,0.0
1959-06-27,250.0,94.0,13.0,0.0,0.0
1959-06-28,250.0,117.0,33.0,0.0,0.0
1959-06-29,167.0,67.0,0.0,0.0,0.0
1959-06-30,128.0,33.0,5.0,0.0,0.0
1959-07-01,228.0,72.0,3.0,0.0,0.0
1959-07-02,278.0,128.0,33.0,0.0,0.0
1959-07-03,294.0,144.0,0.0,0.0,0.0
1959-07-04,272.0,117.0,5.0,0.0,0.0
1959-07-05,211.0,106.0,51.0,0.0,0.0
1959-07-06,244.0,94.0,0.0,0.0,0.0
1959-07-07,267.0,122.0,58.0,0.0,0.0
1959-07-08,228.0,111.0,462.0,0.0,0.0
1959-07-09,233.0,111.0,0.0,0.0,0.0
1959-07-10,211.0,111.0,0.0,0.0,0.0
1959-07-11,189.0,83.0,0.0,0.0,0.0
1959-07-12,228.0,61.0,0.0,0.0,0.0
1959-07-13,233.0,72.0,0.0,0.0,0.0
1959-07-14,217.0,111.0,0.0,0.0,0.0
1959-07-15,278.0,117.0,0.0,0.0,0.0
1959-07-16,289.0,156.0,0.0,0.0,0.0
1959-07-17,283.0,178.0,0.0,0.0,0.0
1959-07-18,267.0,139.0,0.0,0.0,0.0
1959-07-19,239.0,100.0,0.0,0.0,0.0
1959-07-20,294.0,100.0,0.0,0.0,0.0
1959-07-21,289.0,150.0,53.0,0.0,0.0
1959-07-22,239.0,156.0,0.0,0.0,0.0
1959-07-23,256.0,133.0,221.0,0.0,0.0
1959-07-24,233.0,89.0,0.0,0.0,0.0
1959-07-25,261.0,78.0,0.0,0.0,0.0
1959-07-26,267.0,167.0,61.0,0.0,0.0
1959-07-27,294.0,183.0,0.0,0.0,0.0
1959-07-28,311.0,183.0,8.0,0.0,0.0
1959-07-29,317.0,156.0,0.0,0.0,0.0
1959-07-30,289.0,133.0,0.0,0.0,0.0
1959-07-31,300.0,150.0,0.0,0.0,0.0
1959-08-01,211.0,117.0,0.0,0.0,0.0
1959-08-02,233.0,117.0,20.0,0.0,0.0
1959-08-03,261.0,167.0,46.0,0.0,0.0
1959-08-04,322.0,150.0,0.0,0.0,0.0
1959-08-05,278.0,161.0,0.0,0.0,0.0
1959-08-06,228.0,144.0,56.0,0.0,0.0
1959-08-07,183.0,133.0,10.0,0.0,0.0
1959-08-08,183.0,89.0,20.0,0.0,0.0
1959-08-09,217.0,61.0,0.0,0.0,0.0
1959-08-10,261.0,111.0,41.0,0.0,0.0
1959-08-11,222.0,94.0,0.0,0.0,0.0
1959-08-12,200.0,133.0,0.0,0.0,0.0
1959-08-13,150.0,122.0,239.0,0.0,0.0
1959-08-14,206.0,128.0,8.0,0.0,0.0
1959-08-15,267.0,122.0,0.0,0.0,0.0
1959-08-16,189.0,106.0,28.0,0.0,0.0
1959-08-17,217.0,106.0,0.0,0.0,0.0
1959-08-18,239.0,94.0,0.0,0.0,0.0
1959-08-19,283.0,167.0,0.0,0.0,0.0
1959-08-20,283.0,172.0,58.0,0.0,0.0
1959-08-21,228.0,150.0,13.0,0.0,0.0
1959-08-22,156.0,139.0,13.0,0.0,0.0
1959-08-23,294.0,150.0,152.0,0.0,0.0
1959-08-24,300.0,161.0,0.0,0.0,0.0
1959-08-25,294.0,178.0,259.0,0.0,0.0
1959-08-26,239.0,133.0,0.0,0.0,0.0
1959-08-27,178.0,144.0,15.0,0.0,0.0
1959-08-28,233.0,156.0,5.0,0.0,0.0
1959-08-29,194.0,156.0,3.0,0.0,0.0
1959-08-30,250.0,144.0,478.0,0.0,0.0
1959-08-31,211.0,89.0,0.0,0.0,0.0
1959-09-01,206.0,117.0,0.0,0.0,0.0
1959-09-02,200.0,117.0,135.0,0.0,0.0
1959-09-03,172.0,117.0,102.0,0.0,0.0
1959-09-04,233.0,106.0,15.0,0.0,0.0
1959-09-05,278.0,156.0,5.0,0.0,0.0
1959-09-06,233.0,150.0,287.0,0.0,0.0
1959-09-07,283.0,133.0,3.0,0.0,0.0
1959-09-08,194.0,106.0,0.0,0.0,0.0
1959-09-09,217.0,89.0,53.0,0.0,0.0
1959-09-10,161.0,39.0,0.0,0.0,0.0
1959-09-11,217.0,39.0,0.0,0.0,0.0
1959-09-12,178.0,89.0,0.0,0.0,0.0
1959-09-13,178.0,89.0,0.0,0.0,0.0
1959-09-14,128.0,61.0,0.0,0.0,0.0
1959-09-15,111.0,11.0,0.0,0.0,0.0
1959-09-16,111.0,-6.0,0.0,0.0,0.0
1959-09-17,150.0,-6.0,0.0,0.0,0.0
1959-09-18,172.0,44.0,0.0,0.0,0.0
1959-09-19,144.0,89.0,51.0,0.0,0.0
1959-09-20,228.0,139.0,10.0,0.0,0.0
1959-09-21,228.0,128.0,97.0,0.0,0.0
1959-09-22,144.0,117.0,155.0,0.0,0.0
1959-09-23,172.0,100.0,3.0,0.0,0.0
1959-09-24,222.0,89.0,0.0,0.0,0.0
1959-09-25,156.0,72.0,257.0,0.0,0.0
1959-09-26,194.0,117.0,33.0,0.0,0.0
1959-09-27,206.0,83.0,41.0,0.0,0.0
1959-09-28,156.0,72.0,0.0,0.0,0.0
1959-09-29,128.0,56.0,0.0,0.0,0.0
1959-09-30,106.0,56.0,0.0,0.0,0.0
