DATE,TMAX,TMIN,PRCP,SNWD,SNOW
1910-03-01,,,0.0,,
1910-03-02,,,0.0,,
1910-03-03,,,0.0,,
1910-03-04,,,0.0,,
1910-03-05,,,0.0,,
1910-03-06,,,0.0,,
1910-03-07,,,0.0,,
1910-03-08,,,0.0,,
1910-03-09,,,0.0,,
1910-03-10,,,0.0,,
1910-03-11,,,0.0,,
1910-03-12,,,0.0,,
1910-03-13,,,0.0,,
1910-03-14,,,0.0,,
1910-03-15,,,0.0,,
1910-03-16,,,0.0,,
1910-03-17,,,0.0,,
1910-03-18,,,0.0,,
1910-03-19,,,0.0,,
1910-03-20,,,0.0,,
1910-03-21,,,0.0,,
1910-03-22,156.0,78.0,0.0,,
1910-03-23,256.0,133.0,0.0,,
1910-03-24,117.0,-11.0,0.0,,
1910-03-25,133.0,44.0,0.0,,
1910-03-26,172.0,117.0,0.0,,
1910-03-27,156.0,133.0,0.0,,
1910-03-28,183.0,111.0,0.0,,
1910-03-29,178.0,94.0,124.0,,
1910-03-30,156.0,0.0,0.0,,
1910-03-31,133.0,67.0,30.0,,
1910-04-01,167.0,,0.0,,
1910-04-02,183.0,,0.0,,
1910-04-03,256.0,,0.0,,
1910-04-04,222.0,,38.0,,
1910-04-05,78.0,,56.0,,
1910-04-06,139.0,,0.0,,
1910-04-07,189.0,,0.0,,
1910-04-08,183.0,,0.0,,
1910-04-09,133.0,,0.0,,
1910-04-10,194.0,,0.0,,
1910-04-11,194.0,,0.0,,
1910-04-12,156.0,,0.0,,
1910-04-13,256.0,,0.0,,
1910-04-14,233.0,,0.0,,
1910-04-15,233.0,,122.0,,
1910-04-16,144.0,,13.0,,
1910-04-17,56.0,,340.0,,
1910-04-18,22.0,,53.0,,
1910-04-19,128.0,,0.0,,
1910-04-20,206.0,,0.0,,
1910-04-21,178.0,,0.0,,
1910-04-22,67.0,,0.0,,
1910-04-23,39.0,,0.0,,
1910-04-24,200.0,,0.0,,
1910-04-25,250.0,,0.0,,
1910-04-26,,,0.0,,
1910-04-27,200.0,,0.0,,
1910-04-28,183.0,,0.0,,
1910-04-29,139.0,,71.0,,
1910-04-30,150.0,,0.0,,
1910-05-01,150.0,-44.0,0.0,,0.0
1910-05-02,139.0,-61.0,0.0,,0.0
1910-05-03,183.0,-67.0,0.0,,0.0
1910-05-04,200.0,-61.0,0.0,,0.0
1910-05-05,206.0,-44.0,0.0,,0.0
1910-05-06,228.0,0.0,0.0,,0.0
1910-05-07,217.0,-22.0,0.0,,0.0
1910-05-08,194.0,11.0,0.0,,0.0
1910-05-09,172.0,-17.0,0.0,,0.0
1910-05-10,106.0,-6.0,0.0,,0.0
1910-05-11,117.0,-44.0,0.0,,0.0
1910-05-12,122.0,-44.0,0.0,,0.0
1910-05-13,167.0,-67.0,0.0,,0.0
1910-05-14,211.0,0.0,0.0,,0.0
1910-05-15,233.0,94.0,0.0,,0.0
1910-05-16,228.0,89.0,0.0,,0.0
1910-05-17,150.0,67.0,5.0,,0.0
1910-05-18,144.0,-11.0,0.0,,0.0
1910-05-19,128.0,50.0,0.0,,0.0
1910-05-20,122.0,6.0,0.0,,0.0
1910-05-21,167.0,-44.0,0.0,,0.0
1910-05-22,222.0,-33.0,0.0,,0.0
1910-05-23,156.0,78.0,124.0,,0.0
1910-05-24,156.0,-22.0,41.0,,0.0
1910-05-25,178.0,50.0,0.0,,0.0
1910-05-26,228.0,-39.0,0.0,,0.0
1910-05-27,244.0,33.0,0.0,,0.0
1910-05-28,211.0,133.0,0.0,,0.0
1910-05-29,183.0,6.0,0.0,,0.0
1910-05-30,183.0,17.0,0.0,,0.0
1910-05-31,211.0,17.0,0.0,,0.0
1910-06-01,194.0,-11.0,0.0,,
1910-06-02,139.0,28.0,0.0,,
1910-06-03,139.0,-17.0,127.0,,
1910-06-04,161.0,44.0,20.0,,
1910-06-05,161.0,11.0,56.0,,
1910-06-06,206.0,17.0,0.0,,
1910-06-07,239.0,0.0,0.0,,
1910-06-08,261.0,33.0,0.0,,
1910-06-09,267.0,33.0,0.0,,
1910-06-10,289.0,61.0,25.0,,
1910-06-11,278.0,39.0,0.0,,
1910-06-12,294.0,39.0,0.0,,
1910-06-13,306.0,78.0,0.0,,
1910-06-14,311.0,106.0,0.0,,
1910-06-15,289.0,111.0,0.0,,
1910-06-16,339.0,133.0,0.0,,
1910-06-17,344.0,94.0,0.0,,
1910-06-18,306.0,172.0,64.0,,
1910-06-19,294.0,111.0,0.0,,
1910-06-20,356.0,94.0,0.0,,
1910-06-21,361.0,172.0,0.0,,
1910-06-22,300.0,161.0,0.0,,
1910-06-23,350.0,189.0,0.0,,
1910-06-24,306.0,83.0,0.0,,
1910-06-25,322.0,183.0,0.0,,
1910-06-26,333.0,150.0,0.0,,
1910-06-27,339.0,144.0,0.0,,
1910-06-28,367.0,161.0,0.0,,
1910-06-29,339.0,144.0,0.0,,
1910-06-30,350.0,161.0,0.0,,
1910-07-01,350.0,172.0,20.0,,
1910-07-02,217.0,161.0,0.0,,
1910-07-03,250.0,117.0,0.0,,
1910-07-04,278.0,44.0,0.0,,
1910-07-05,300.0,133.0,0.0,,
1910-07-06,283.0,167.0,211.0,,
1910-07-07,306.0,100.0,0.0,,
1910-07-08,267.0,144.0,0.0,,
1910-07-09,267.0,111.0,0.0,,
1910-07-10,244.0,167.0,0.0,,
1910-07-11,211.0,56.0,46.0,,
1910-07-12,244.0,33.0,0.0,,
1910-07-13,278.0,44.0,0.0,,
1910-07-14,344.0,100.0,0.0,,
1910-07-15,356.0,150.0,0.0,,
1910-07-16,311.0,178.0,0.0,,
1910-07-17,256.0,44.0,0.0,,
1910-07-18,278.0,39.0,0.0,,
1910-07-19,294.0,189.0,0.0,,
1910-07-20,294.0,72.0,0.0,,
1910-07-21,294.0,72.0,0.0,,
1910-07-22,283.0,72.0,0.0,,
1910-07-23,217.0,111.0,216.0,,
1910-07-24,250.0,106.0,8.0,,
1910-07-25,283.0,78.0,0.0,,
1910-07-26,261.0,111.0,0.0,,
1910-07-27,294.0,56.0,0.0,,
1910-07-28,289.0,89.0,0.0,,
1910-07-29,261.0,83.0,0.0,,
1910-07-30,261.0,61.0,0.0,,
1910-07-31,250.0,72.0,69.0,,
1910-08-01,283.0,50.0,0.0,,
1910-08-02,283.0,117.0,0.0,,
1910-08-03,244.0,122.0,0.0,,
1910-08-04,211.0,72.0,0.0,,
1910-08-05,256.0,17.0,0.0,,
1910-08-06,256.0,11.0,0.0,,
1910-08-07,222.0,128.0,18.0,,
1910-08-08,239.0,72.0,104.0,,
1910-08-09,217.0,72.0,23.0,,
1910-08-10,261.0,44.0,0.0,,
1910-08-11,306.0,56.0,0.0,,
1910-08-12,250.0,144.0,163.0,,
1910-08-13,244.0,83.0,0.0,,
1910-08-14,244.0,11.0,0.0,,
1910-08-15,244.0,89.0,0.0,,
1910-08-16,239.0,133.0,0.0,,
1910-08-17,228.0,50.0,0.0,,
1910-08-18,239.0,-11.0,0.0,,
1910-08-19,272.0,28.0,0.0,,
1910-08-20,339.0,89.0,0.0,,
1910-08-21,283.0,72.0,0.0,,
1910-08-22,261.0,139.0,0.0,,
1910-08-23,200.0,56.0,0.0,,
1910-08-24,156.0,56.0,0.0,,
1910-08-25,167.0,61.0,33.0,,
1910-08-26,233.0,6.0,0.0,,
1910-08-27,183.0,6.0,0.0,,
1910-08-28,233.0,-11.0,0.0,,
1910-08-29,267.0,94.0,0.0,,
1910-08-30,222.0,122.0,0.0,,
1910-08-31,206.0,-22.0,0.0,,
1910-09-01,239.0,28.0,0.0,,
1910-09-02,167.0,111.0,124.0,,
1910-09-03,217.0,56.0,0.0,,
1910-09-04,244.0,94.0,0.0,,
1910-09-05,233.0,67.0,41.0,,
1910-09-06,283.0,72.0,64.0,,
1910-09-07,256.0,72.0,0.0,,
1910-09-08,133.0,72.0,0.0,,
1910-09-09,178.0,-11.0,0.0,,
1910-09-10,233.0,22.0,0.0,,
1910-09-11,156.0,0.0,0.0,,
1910-09-12,156.0,-56.0,0.0,,
1910-09-13,183.0,0.0,0.0,,
1910-09-14,244.0,-17.0,0.0,,
1910-09-15,250.0,6.0,0.0,,
1910-09-16,200.0,139.0,0.0,,
1910-09-17,256.0,139.0,0.0,,
1910-09-18,156.0,-11.0,0.0,,
1910-09-19,239.0,72.0,30.0,,
1910-09-20,239.0,78.0,0.0,,
1910-09-21,211.0,11.0,0.0,,
1910-09-22,156.0,72.0,249.0,,
1910-09-23,111.0,33.0,0.0,,
1910-09-24,128.0,-22.0,0.0,,
1910-09-25,100.0,72.0,0.0,,
1910-09-26,89.0,56.0,13.0,,
1910-09-27,200.0,67.0,0.0,,
1910-09-28,228.0,-22.0,0.0,,
1910-09-29,256.0,33.0,0.0,,
1910-09-30,222.0,61.0,13.0,,
1910-10-01,217.0,28.0,8.0,,0.0
1910-10-02,172.0,83.0,0.0,,0.0
1910-10-03,200.0,56.0,0.0,,0.0
1910-10-04,233.0,-11.0,0.0,,0.0
1910-10-05,222.0,6.0,0.0,,0.0
1910-10-06,167.0,-83.0,0.0,,0.0
1910-10-07,211.0,22.0,0.0,,0.0
1910-10-08,200.0,28.0,0.0,,0.0
1910-10-09,222.0,-44.0,0.0,,0.0
1910-10-10,233.0,83.0,0.0,,0.0
1910-10-11,206.0,0.0,0.0,,0.0
1910-10-12,122.0,0.0,483.0,,0.0
1910-10-13,83.0,17.0,0.0,,0.0
1910-10-14,117.0,56.0,0.0,,0.0
1910-10-15,228.0,61.0,0.0,,0.0
1910-10-16,244.0,-22.0,0.0,,0.0
1910-10-17,300.0,172.0,0.0,,0.0
1910-10-18,150.0,89.0,0.0,,0.0
1910-10-19,111.0,6.0,330.0,,0.0
1910-10-20,117.0,-44.0,0.0,,0.0
1910-10-21,122.0,-67.0,0.0,,0.0
1910-10-22,83.0,-39.0,0.0,,0.0
1910-10-23,172.0,-50.0,0.0,,0.0
1910-10-24,172.0,-33.0,0.0,,0.0
1910-10-25,111.0,-44.0,0.0,,0.0
1910-10-26,100.0,-44.0,0.0,,0.0
1910-10-27,28.0,-56.0,25.0,,25.0
1910-10-28,0.0,-50.0,0.0,,0.0
1910-10-29,-22.0,-111.0,0.0,,0.0
1910-10-30,78.0,-33.0,0.0,,0.0
1910-10-31,89.0,-106.0,0.0,,0.0
1910-11-01,50.0,-106.0,0.0,,0.0
1910-11-02,-6.0,-133.0,0.0,,0.0
1910-11-03,11.0,-172.0,0.0,,0.0
1910-11-04,22.0,-156.0,25.0,25.0,25.0
1910-11-05,-22.0,-156.0,0.0,,0.0
1910-11-06,-11.0,-117.0,0.0,,0.0
1910-11-07,-11.0,-122.0,0.0,,0.0
1910-11-08,0.0,-156.0,0.0,,0.0
1910-11-09,-6.0,-117.0,0.0,,0.0
1910-11-10,-28.0,-111.0,0.0,,0.0
1910-11-11,-6.0,-128.0,0.0,,0.0
1910-11-12,-56.0,-167.0,0.0,,0.0
1910-11-13,-67.0,-167.0,0.0,,0.0
1910-11-14,-11.0,-139.0,53.0,51.0,53.0
1910-11-15,-50.0,-111.0,0.0,,0.0
1910-11-16,-39.0,-111.0,0.0,,0.0
1910-11-17,-61.0,-100.0,0.0,,0.0
1910-11-18,-56.0,-78.0,0.0,,0.0
1910-11-19,-61.0,-111.0,0.0,,0.0
1910-11-20,-22.0,-56.0,122.0,127.0,122.0
1910-11-21,-56.0,-100.0,0.0,,0.0
1910-11-22,-11.0,-94.0,127.0,127.0,127.0
1910-11-23,56.0,-67.0,0.0,,0.0
1910-11-24,0.0,-111.0,0.0,,0.0
1910-11-25,-11.0,-94.0,0.0,,0.0
1910-11-26,0.0,-111.0,0.0,,0.0
1910-11-27,-6.0,-56.0,0.0,,0.0
1910-11-28,-39.0,-128.0,0.0,,0.0
1910-11-29,-94.0,-178.0,0.0,,0.0
1910-11-30,-94.0,-211.0,0.0,,0.0
1910-12-01,-94.0,-150.0,0.0,,0.0
1910-12-02,-72.0,-139.0,0.0,,0.0
1910-12-03,-39.0,-106.0,30.0,152.0,25.0
1910-12-04,-44.0,-167.0,0.0,,0.0
1910-12-05,-44.0,-183.0,51.0,229.0,64.0
1910-12-06,-44.0,-194.0,0.0,,0.0
1910-12-07,-133.0,-244.0,0.0,,0.0
1910-12-08,-144.0,-239.0,0.0,,0.0
1910-12-09,-78.0,-222.0,0.0,,0.0
1910-12-10,-44.0,-194.0,0.0,,0.0
1910-12-11,-111.0,-183.0,0.0,,0.0
1910-12-12,-106.0,-317.0,0.0,,0.0
1910-12-13,33.0,-128.0,0.0,,0.0
1910-12-14,-11.0,-111.0,0.0,,0.0
1910-12-15,-44.0,-144.0,0.0,,0.0
1910-12-16,-39.0,-194.0,23.0,229.0,25.0
1910-12-17,-50.0,-161.0,0.0,,0.0
1910-12-18,-17.0,-72.0,0.0,,0.0
1910-12-19,-72.0,-144.0,0.0,,0.0
1910-12-20,-106.0,-294.0,0.0,,0.0
1910-12-21,11.0,-217.0,0.0,,0.0
1910-12-22,17.0,-44.0,20.0,254.0,25.0
1910-12-23,-39.0,-233.0,0.0,,0.0
1910-12-24,-128.0,-356.0,0.0,,0.0
1910-12-25,-100.0,-283.0,0.0,,0.0
1910-12-26,-44.0,-283.0,0.0,,0.0
1910-12-27,-17.0,-189.0,0.0,,0.0
1910-12-28,-44.0,-128.0,23.0,279.0,25.0
1910-12-29,-78.0,-172.0,0.0,,0.0
1910-12-30,-156.0,-422.0,0.0,,0.0
1910-12-31,-61.0,-200.0,0.0,,0.0
1911-01-01,-117.0,-361.0,0.0,,0.0
1911-01-02,-67.0,-294.0,0.0,,0.0
1911-01-03,-194.0,-444.0,0.0,,0.0
1911-01-04,-183.0,-233.0,0.0,,0.0
1911-01-05,-206.0,-389.0,0.0,,0.0
1911-01-06,-122.0,-261.0,0.0,,0.0
1911-01-07,-122.0,-356.0,0.0,,0.0
1911-01-08,-150.0,-211.0,36.0,305.0,38.0
1911-01-09,-67.0,-322.0,0.0,,0.0
1911-01-10,-39.0,-250.0,0.0,,0.0
1911-01-11,-117.0,-328.0,0.0,,0.0
1911-01-12,-189.0,-311.0,0.0,,0.0
1911-01-13,-228.0,-294.0,0.0,,0.0
1911-01-14,-211.0,-322.0,0.0,,0.0
1911-01-15,-194.0,-406.0,0.0,,0.0
1911-01-16,-189.0,-400.0,0.0,,0.0
1911-01-17,-72.0,-361.0,0.0,,0.0
1911-01-18,-44.0,-144.0,0.0,,0.0
1911-01-19,-122.0,-300.0,0.0,,0.0
1911-01-20,-89.0,-233.0,0.0,,0.0
1911-01-21,-150.0,-311.0,0.0,,0.0
1911-01-22,-111.0,-272.0,0.0,,0.0
1911-01-23,11.0,-306.0,0.0,,0.0
1911-01-24,-28.0,-206.0,0.0,,0.0
1911-01-25,6.0,-133.0,0.0,,0.0
1911-01-26,56.0,-33.0,0.0,,0.0
1911-01-27,-17.0,-183.0,0.0,,0.0
1911-01-28,-56.0,-317.0,0.0,,0.0
1911-01-29,-6.0,-200.0,0.0,,0.0
1911-01-30,-139.0,-344.0,0.0,,0.0
1911-01-31,-28.0,,0.0,,0.0
1911-02-01,-106.0,-161.0,216.0,559.0,28.0
1911-02-02,-128.0,-317.0,0.0,,0.0
1911-02-03,-94.0,-250.0,0.0,,0.0
1911-02-04,-161.0,-272.0,0.0,,0.0
1911-02-05,-111.0,-400.0,0.0,,0.0
1911-02-06,-56.0,-200.0,0.0,,0.0
1911-02-07,-56.0,-244.0,0.0,,0.0
1911-02-08,-17.0,-222.0,0.0,,0.0
1911-02-09,-56.0,-189.0,0.0,,0.0
1911-02-10,-94.0,-322.0,0.0,,0.0
1911-02-11,-22.0,-228.0,0.0,,0.0
1911-02-12,-11.0,-261.0,0.0,,0.0
1911-02-13,11.0,-17.0,0.0,,0.0
1911-02-14,22.0,-11.0,0.0,,0.0
1911-02-15,-11.0,-67.0,0.0,,0.0
1911-02-16,-11.0,-67.0,0.0,,0.0
1911-02-17,-11.0,-122.0,0.0,,0.0
1911-02-18,-56.0,-261.0,0.0,,0.0
1911-02-19,-67.0,-333.0,0.0,,0.0
1911-02-20,-106.0,-250.0,0.0,,0.0
1911-02-21,-11.0,-261.0,0.0,,0.0
1911-02-22,11.0,-161.0,0.0,,0.0
1911-02-23,22.0,-200.0,0.0,,0.0
1911-02-24,61.0,-94.0,0.0,,0.0
1911-02-25,50.0,-156.0,0.0,,0.0
1911-02-26,-50.0,-150.0,0.0,,0.0
1911-02-27,-111.0,-333.0,0.0,,0.0
1911-02-28,-39.0,-222.0,0.0,,0.0
1911-03-01,-28.0,-150.0,0.0,,0.0
1911-03-02,-11.0,-111.0,0.0,,0.0
1911-03-03,-44.0,-278.0,0.0,,0.0
1911-03-04,-39.0,-300.0,0.0,,0.0
1911-03-05,6.0,-89.0,33.0,,25.0
1911-03-06,28.0,-183.0,0.0,,0.0
1911-03-07,111.0,-6.0,0.0,,0.0
1911-03-08,111.0,17.0,0.0,,0.0
1911-03-09,94.0,-72.0,0.0,,0.0
1911-03-10,89.0,-161.0,0.0,,0.0
1911-03-11,78.0,-33.0,0.0,,0.0
1911-03-12,61.0,-161.0,0.0,,0.0
1911-03-13,139.0,-6.0,0.0,,0.0
1911-03-14,83.0,-172.0,0.0,,0.0
1911-03-15,-128.0,-233.0,0.0,,0.0
1911-03-16,-56.0,-250.0,0.0,,0.0
1911-03-17,-28.0,-100.0,0.0,,0.0
1911-03-18,61.0,-161.0,0.0,,0.0
1911-03-19,78.0,-28.0,0.0,,0.0
1911-03-20,83.0,-28.0,0.0,,0.0
1911-03-21,106.0,0.0,0.0,,0.0
1911-03-22,33.0,-50.0,0.0,,0.0
1911-03-23,39.0,-128.0,0.0,,0.0
1911-03-24,133.0,-6.0,0.0,,0.0
1911-03-25,156.0,-39.0,0.0,,0.0
1911-03-26,78.0,-44.0,38.0,,25.0
1911-03-27,-22.0,-150.0,0.0,,0.0
1911-03-28,11.0,-178.0,0.0,,0.0
1911-03-29,-6.0,-61.0,79.0,,64.0
1911-03-30,22.0,-128.0,0.0,,0.0
1911-03-31,-22.0,-133.0,0.0,,0.0
1911-04-01,-22.0,-233.0,0.0,,0.0
1911-04-02,11.0,-228.0,0.0,,0.0
1911-04-03,28.0,-83.0,0.0,,0.0
1911-04-04,56.0,-67.0,0.0,,0.0
1911-04-05,33.0,-61.0,38.0,,25.0
1911-04-06,0.0,-122.0,0.0,,0.0
1911-04-07,50.0,-111.0,0.0,,0.0
1911-04-08,67.0,-39.0,0.0,,0.0
1911-04-09,128.0,-94.0,0.0,,0.0
1911-04-10,156.0,22.0,0.0,,0.0
1911-04-11,122.0,61.0,38.0,,0.0
1911-04-12,100.0,-44.0,36.0,,0.0
1911-04-13,44.0,-50.0,0.0,,0.0
1911-04-14,100.0,-44.0,36.0,,0.0
1911-04-15,44.0,-50.0,0.0,,0.0
1911-04-16,139.0,-89.0,0.0,,0.0
1911-04-17,239.0,-33.0,0.0,,0.0
1911-04-18,144.0,6.0,0.0,,0.0
1911-04-19,139.0,50.0,0.0,,0.0
1911-04-20,156.0,-33.0,0.0,,0.0
1911-04-21,128.0,-44.0,0.0,,0.0
1911-04-22,156.0,-67.0,0.0,,0.0
1911-04-23,172.0,-61.0,0.0,,0.0
1911-04-24,200.0,-56.0,0.0,,0.0
1911-04-25,206.0,-39.0,0.0,,0.0
1911-04-26,200.0,17.0,0.0,,0.0
1911-04-27,261.0,33.0,0.0,,0.0
1911-04-28,150.0,111.0,0.0,,0.0
1911-04-29,161.0,33.0,0.0,,0.0
1911-04-30,50.0,-11.0,0.0,,0.0
1911-05-01,61.0,-50.0,0.0,,0.0
1911-05-02,89.0,-89.0,0.0,,0.0
1911-05-03,128.0,-94.0,0.0,,0.0
1911-05-04,200.0,-89.0,0.0,,0.0
1911-05-05,222.0,-39.0,0.0,,0.0
1911-05-06,250.0,83.0,0.0,,0.0
1911-05-07,194.0,139.0,0.0,,0.0
1911-05-08,267.0,-33.0,0.0,,0.0
1911-05-09,228.0,17.0,0.0,,0.0
1911-05-10,189.0,44.0,102.0,,0.0
1911-05-11,167.0,11.0,89.0,,0.0
1911-05-12,122.0,-22.0,10.0,,0.0
1911-05-13,250.0,-28.0,0.0,,0.0
1911-05-14,239.0,139.0,0.0,,0.0
1911-05-15,206.0,72.0,0.0,,0.0
1911-05-16,189.0,72.0,0.0,,0.0
1911-05-17,333.0,111.0,0.0,,0.0
1911-05-18,322.0,139.0,23.0,,0.0
1911-05-19,228.0,156.0,0.0,,0.0
1911-05-20,211.0,33.0,0.0,,0.0
1911-05-21,206.0,33.0,0.0,,0.0
1911-05-22,200.0,28.0,0.0,,0.0
1911-05-23,178.0,17.0,0.0,,0.0
1911-05-24,267.0,133.0,0.0,,0.0
1911-05-25,272.0,100.0,0.0,,0.0
1911-05-26,239.0,128.0,152.0,,0.0
1911-05-27,194.0,122.0,13.0,,0.0
1911-05-28,167.0,44.0,0.0,,0.0
1911-05-29,228.0,0.0,0.0,,0.0
1911-05-30,183.0,94.0,51.0,,0.0
1911-05-31,256.0,89.0,0.0,,0.0
1911-06-01,267.0,100.0,,,
1911-06-02,183.0,100.0,10.0,,
1911-06-03,222.0,100.0,51.0,,
1911-06-04,256.0,122.0,216.0,,
1911-06-05,272.0,111.0,,,
1911-06-06,256.0,72.0,,,
1911-06-07,283.0,67.0,,,
1911-06-08,222.0,128.0,211.0,,
1911-06-09,283.0,122.0,,,
1911-06-10,239.0,133.0,178.0,,
1911-06-11,200.0,106.0,132.0,,
1911-06-12,233.0,128.0,,,
1911-06-13,239.0,44.0,,,
1911-06-14,267.0,44.0,,,
1911-06-15,239.0,56.0,38.0,,
1911-06-16,256.0,139.0,,,
1911-06-17,283.0,61.0,,,
1911-06-18,289.0,56.0,,,
1911-06-19,328.0,94.0,,,
1911-06-20,339.0,128.0,,,
1911-06-21,350.0,172.0,,,
1911-06-22,356.0,206.0,,,
1911-06-23,239.0,161.0,,,
1911-06-24,306.0,128.0,,,
1911-06-25,306.0,128.0,56.0,,
1911-06-26,278.0,139.0,8.0,,
1911-06-27,167.0,67.0,,,
1911-06-28,211.0,-11.0,,,
1911-06-29,228.0,78.0,28.0,,
1911-06-30,356.0,144.0,,,
1911-07-01,372.0,156.0,0.0,,
1911-07-02,322.0,144.0,0.0,,
1911-07-03,294.0,111.0,0.0,,
1911-07-04,294.0,183.0,0.0,,
1911-07-05,244.0,111.0,0.0,,
1911-07-06,272.0,61.0,0.0,,
1911-07-07,300.0,194.0,0.0,,
1911-07-08,333.0,211.0,99.0,,
1911-07-09,283.0,83.0,0.0,,
1911-07-10,261.0,106.0,0.0,,
1911-07-11,183.0,100.0,0.0,,
1911-07-12,228.0,122.0,8.0,,
1911-07-13,228.0,50.0,0.0,,
1911-07-14,256.0,56.0,0.0,,
1911-07-15,211.0,128.0,0.0,,
1911-07-16,194.0,17.0,0.0,,
1911-07-17,211.0,33.0,0.0,,
1911-07-18,228.0,50.0,25.0,,
1911-07-19,222.0,39.0,0.0,,
1911-07-20,189.0,72.0,160.0,,
1911-07-21,222.0,50.0,0.0,,
1911-07-22,294.0,17.0,0.0,,
1911-07-23,183.0,17.0,25.0,,
1911-07-24,178.0,78.0,8.0,,
1911-07-25,228.0,56.0,13.0,,
1911-07-26,272.0,33.0,0.0,,
1911-07-27,272.0,122.0,36.0,,
1911-07-28,256.0,144.0,122.0,,
1911-07-29,267.0,100.0,0.0,,
1911-07-30,261.0,61.0,0.0,,
1911-07-31,200.0,122.0,8.0,,
1911-08-01,183.0,117.0,831.0,,
1911-08-02,261.0,50.0,0.0,,
1911-08-03,239.0,72.0,0.0,,
1911-08-04,194.0,133.0,53.0,,
1911-08-05,239.0,117.0,0.0,,
1911-08-06,267.0,50.0,0.0,,
1911-08-07,250.0,111.0,51.0,,
1911-08-08,278.0,83.0,104.0,,
1911-08-09,211.0,94.0,0.0,,
1911-08-10,222.0,78.0,0.0,,
1911-08-11,217.0,89.0,0.0,,
1911-08-12,272.0,56.0,0.0,,
1911-08-13,294.0,150.0,0.0,,
1911-08-14,306.0,128.0,122.0,,
1911-08-15,250.0,128.0,10.0,,
1911-08-16,256.0,111.0,0.0,,
1911-08-17,217.0,44.0,33.0,,
1911-08-18,239.0,-11.0,0.0,,
1911-08-19,267.0,28.0,0.0,,
1911-08-20,300.0,72.0,0.0,,
1911-08-21,233.0,78.0,218.0,,
1911-08-22,172.0,50.0,5.0,,
1911-08-23,206.0,-6.0,0.0,,
1911-08-24,222.0,28.0,0.0,,
1911-08-25,239.0,94.0,0.0,,
1911-08-26,139.0,56.0,76.0,,
1911-08-27,133.0,83.0,107.0,,
1911-08-28,167.0,56.0,18.0,,
1911-08-29,200.0,-17.0,0.0,,
1911-08-30,128.0,94.0,3.0,,
1911-08-31,267.0,89.0,0.0,,
1911-09-01,256.0,50.0,0.0,,
1911-09-02,189.0,94.0,8.0,,
1911-09-03,200.0,44.0,0.0,,
1911-09-04,156.0,33.0,0.0,,
1911-09-05,144.0,33.0,41.0,,
1911-09-06,156.0,44.0,0.0,,
1911-09-07,161.0,28.0,0.0,,
1911-09-08,122.0,0.0,13.0,,
1911-09-09,206.0,33.0,0.0,,
1911-09-10,239.0,11.0,0.0,,
1911-09-11,189.0,28.0,0.0,,
1911-09-12,183.0,-39.0,0.0,,
1911-09-13,211.0,11.0,0.0,,
1911-09-14,211.0,100.0,28.0,,
1911-09-15,256.0,111.0,0.0,,
1911-09-16,289.0,22.0,0.0,,
1911-09-17,294.0,128.0,0.0,,
1911-09-18,217.0,72.0,0.0,,
1911-09-19,167.0,11.0,0.0,,
1911-09-20,194.0,-11.0,0.0,,
1911-09-21,211.0,89.0,0.0,,
1911-09-22,211.0,50.0,0.0,,
1911-09-23,128.0,-11.0,56.0,,
1911-09-24,56.0,-33.0,0.0,,
1911-09-25,94.0,-33.0,0.0,,
1911-09-26,156.0,-56.0,25.0,,
1911-09-27,117.0,-44.0,0.0,,
1911-09-28,33.0,-56.0,147.0,,
1911-09-29,83.0,17.0,20.0,,
1911-09-30,44.0,0.0,0.0,,
1911-10-01,144.0,44.0,0.0,,0.0
1911-10-02,144.0,39.0,0.0,,0.0
1911-10-03,122.0,72.0,64.0,,0.0
1911-10-04,111.0,-17.0,10.0,,0.0
1911-10-05,122.0,-28.0,0.0,,0.0
1911-10-06,150.0,-11.0,0.0,,0.0
1911-10-07,172.0,-17.0,0.0,,0.0
1911-10-08,228.0,17.0,0.0,,0.0
1911-10-09,211.0,-6.0,0.0,,0.0
1911-10-10,194.0,-22.0,0.0,,0.0
1911-10-11,211.0,-22.0,0.0,,0.0
1911-10-12,228.0,-17.0,0.0,,0.0
1911-10-13,111.0,44.0,0.0,,0.0
1911-10-14,100.0,44.0,0.0,,0.0
1911-10-15,144.0,67.0,0.0,,0.0
1911-10-16,144.0,33.0,0.0,,0.0
1911-10-17,122.0,61.0,0.0,,0.0
1911-10-18,128.0,33.0,0.0,,0.0
1911-10-19,139.0,22.0,0.0,,0.0
1911-10-20,100.0,-6.0,0.0,,0.0
1911-10-21,61.0,-11.0,0.0,,0.0
1911-10-22,56.0,-22.0,0.0,,0.0
1911-10-23,39.0,-39.0,0.0,,0.0
1911-10-24,72.0,-33.0,0.0,,0.0
1911-10-25,6.0,-72.0,0.0,,0.0
1911-10-26,22.0,-50.0,0.0,,0.0
1911-10-27,22.0,-78.0,0.0,,0.0
1911-10-28,67.0,-78.0,0.0,,0.0
1911-10-29,61.0,-17.0,0.0,,0.0
1911-10-30,6.0,-128.0,0.0,,0.0
1911-10-31,-11.0,-133.0,0.0,,0.0
1911-11-01,-33.0,-167.0,0.0,,0.0
1911-11-02,0.0,-133.0,0.0,,0.0
1911-11-03,39.0,-117.0,0.0,,0.0
1911-11-04,50.0,-94.0,0.0,,0.0
1911-11-05,61.0,-44.0,0.0,,0.0
1911-11-06,33.0,0.0,53.0,,0.0
1911-11-07,33.0,-22.0,0.0,,0.0
1911-11-08,56.0,-44.0,0.0,,0.0
1911-11-09,33.0,0.0,41.0,,0.0
1911-11-10,33.0,-122.0,33.0,102.0,25.0
1911-11-11,-94.0,-128.0,114.0,102.0,76.0
1911-11-12,-122.0,-178.0,0.0,,0.0
1911-11-13,-128.0,-222.0,0.0,,0.0
1911-11-14,-117.0,-144.0,30.0,127.0,25.0
1911-11-15,-94.0,-222.0,0.0,,0.0
1911-11-16,-72.0,-189.0,0.0,,0.0
1911-11-17,-61.0,-178.0,0.0,,0.0
1911-11-18,-61.0,-111.0,0.0,,0.0
1911-11-19,-67.0,-239.0,0.0,,0.0
1911-11-20,-67.0,-250.0,0.0,,0.0
1911-11-21,-22.0,-111.0,0.0,,0.0
1911-11-22,-17.0,-44.0,0.0,,0.0
1911-11-23,-17.0,-189.0,0.0,,0.0
1911-11-24,-56.0,-194.0,0.0,,0.0
1911-11-25,33.0,-100.0,0.0,,0.0
1911-11-26,11.0,-111.0,0.0,,0.0
1911-11-27,-6.0,-106.0,0.0,,0.0
1911-11-28,-94.0,-217.0,0.0,,0.0
1911-11-29,-17.0,-156.0,0.0,,0.0
1911-11-30,17.0,,0.0,,0.0
1911-12-01,-17.0,-94.0,0.0,,0.0
1911-12-02,-33.0,-211.0,76.0,178.0,51.0
1911-12-03,-50.0,-133.0,0.0,,0.0
1911-12-04,33.0,-89.0,0.0,,0.0
1911-12-05,89.0,-117.0,0.0,,0.0
1911-12-06,17.0,-94.0,0.0,,0.0
1911-12-07,-39.0,-67.0,0.0,,0.0
1911-12-08,-17.0,-72.0,0.0,,0.0
1911-12-09,61.0,-128.0,0.0,,0.0
1911-12-10,6.0,-83.0,0.0,,0.0
1911-12-11,-50.0,-111.0,58.0,229.0,38.0
1911-12-12,-50.0,-117.0,0.0,,0.0
1911-12-13,-44.0,-78.0,0.0,,0.0
1911-12-14,-17.0,-78.0,0.0,,0.0
1911-12-15,-39.0,-89.0,0.0,,0.0
1911-12-16,-61.0,-94.0,0.0,,0.0
1911-12-17,-78.0,-111.0,0.0,,0.0
1911-12-18,-72.0,-111.0,0.0,,0.0
1911-12-19,-22.0,-106.0,0.0,,0.0
1911-12-20,-22.0,-128.0,0.0,,0.0
1911-12-21,6.0,-67.0,0.0,,0.0
1911-12-22,-6.0,-33.0,0.0,,0.0
1911-12-23,-22.0,-67.0,0.0,,0.0
1911-12-24,-28.0,-128.0,0.0,,0.0
1911-12-25,-94.0,-183.0,0.0,,0.0
1911-12-26,-128.0,-294.0,0.0,,0.0
1911-12-27,-161.0,-311.0,0.0,,0.0
1911-12-28,-194.0,-361.0,0.0,,0.0
1911-12-29,-150.0,-339.0,0.0,,0.0
1911-12-30,-144.0,-222.0,43.0,,38.0
1911-12-31,-167.0,-222.0,53.0,279.0,51.0
1912-01-01,-150.0,-367.0,0.0,,0.0
1912-01-02,-139.0,-411.0,0.0,,0.0
1912-01-03,-200.0,-433.0,0.0,,0.0
1912-01-04,-261.0,-400.0,0.0,,0.0
1912-01-05,-294.0,-389.0,0.0,,0.0
1912-01-06,-283.0,-461.0,0.0,,0.0
1912-01-07,-256.0,-467.0,0.0,,0.0
1912-01-08,-161.0,-367.0,0.0,,0.0
1912-01-09,-311.0,-333.0,0.0,,0.0
1912-01-10,-289.0,-439.0,0.0,,0.0
1912-01-11,-233.0,-456.0,0.0,,0.0
1912-01-12,-233.0,-461.0,0.0,,0.0
1912-01-13,-183.0,-278.0,0.0,,0.0
1912-01-14,-200.0,-294.0,0.0,,0.0
1912-01-15,-222.0,-417.0,0.0,,0.0
1912-01-16,-139.0,-222.0,0.0,,0.0
1912-01-17,-139.0,-267.0,0.0,,0.0
1912-01-18,-161.0,-367.0,0.0,,0.0
1912-01-19,-189.0,-367.0,0.0,,0.0
1912-01-20,-156.0,-344.0,0.0,,0.0
1912-01-21,-150.0,-311.0,0.0,,0.0
1912-01-22,-122.0,-267.0,0.0,,0.0
1912-01-23,-111.0,-228.0,0.0,,0.0
1912-01-24,-172.0,-233.0,0.0,,0.0
1912-01-25,-94.0,-289.0,0.0,,0.0
1912-01-26,-128.0,-339.0,0.0,,0.0
1912-01-27,-111.0,-356.0,0.0,,0.0
1912-01-28,-94.0,-300.0,25.0,279.0,25.0
1912-01-29,-61.0,-228.0,0.0,,0.0
1912-01-30,-28.0,-289.0,0.0,,0.0
1912-01-31,-61.0,-100.0,58.0,305.0,38.0
1912-02-01,-72.0,-233.0,0.0,,0.0
1912-02-02,-200.0,-344.0,0.0,,0.0
1912-02-03,-161.0,-372.0,0.0,,0.0
1912-02-04,-100.0,-206.0,0.0,,0.0
1912-02-05,-67.0,-150.0,0.0,,0.0
1912-02-06,-89.0,-233.0,0.0,,0.0
1912-02-07,-122.0,-261.0,0.0,,0.0
1912-02-08,-150.0,-350.0,0.0,,0.0
1912-02-09,-167.0,-400.0,0.0,,0.0
1912-02-10,-100.0,-250.0,-64.0,279.0,51.0
1912-02-11,-78.0,-183.0,0.0,,0.0
1912-02-12,-78.0,-311.0,0.0,,0.0
1912-02-13,-50.0,-239.0,-36.0,305.0,25.0
1912-02-14,-44.0,-94.0,0.0,,0.0
1912-02-15,0.0,-56.0,0.0,,0.0
1912-02-16,67.0,-111.0,0.0,,0.0
1912-02-17,0.0,-122.0,0.0,,0.0
1912-02-18,-44.0,-122.0,0.0,,0.0
1912-02-19,-39.0,-133.0,0.0,,0.0
1912-02-20,-67.0,-189.0,0.0,,0.0
1912-02-21,-83.0,-233.0,0.0,,0.0
1912-02-22,-44.0,-300.0,0.0,,0.0
1912-02-23,-17.0,-239.0,0.0,,0.0
1912-02-24,-33.0,-200.0,0.0,,0.0
1912-02-25,-117.0,-317.0,0.0,,0.0
1912-02-26,-133.0,-372.0,0.0,,0.0
1912-02-27,-100.0,-322.0,0.0,,0.0
1912-02-28,-117.0,-306.0,0.0,,0.0
1912-02-29,-156.0,-283.0,0.0,,0.0
1912-03-01,-133.0,-328.0,0.0,,0.0
1912-03-02,-67.0,-378.0,0.0,,0.0
1912-03-03,-56.0,-272.0,0.0,,0.0
1912-03-04,-56.0,-206.0,0.0,,0.0
1912-03-05,-11.0,-283.0,0.0,,0.0
1912-03-06,-33.0,-189.0,0.0,,0.0
1912-03-07,-61.0,-244.0,38.0,,25.0
1912-03-08,-72.0,-294.0,0.0,,0.0
1912-03-09,-28.0,-194.0,0.0,,0.0
1912-03-10,33.0,-261.0,0.0,,0.0
1912-03-11,22.0,-211.0,0.0,,0.0
1912-03-12,6.0,-256.0,0.0,,0.0
1912-03-13,-50.0,-167.0,0.0,,0.0
1912-03-14,-67.0,-256.0,0.0,,0.0
1912-03-15,0.0,-311.0,0.0,,0.0
1912-03-16,17.0,-183.0,0.0,,0.0
1912-03-17,17.0,-156.0,229.0,,152.0
1912-03-18,94.0,-183.0,0.0,,0.0
1912-03-19,33.0,-156.0,0.0,,0.0
1912-03-20,-50.0,-339.0,0.0,,0.0
1912-03-21,-72.0,-256.0,0.0,,0.0
1912-03-22,-11.0,-283.0,0.0,,0.0
1912-03-23,-6.0,-117.0,0.0,,0.0
1912-03-24,-6.0,-228.0,0.0,,0.0
1912-03-25,33.0,-72.0,0.0,,0.0
1912-03-26,28.0,-117.0,0.0,,0.0
1912-03-27,56.0,-33.0,0.0,,0.0
1912-03-28,56.0,-72.0,25.0,,0.0
1912-03-29,22.0,-156.0,0.0,,0.0
1912-03-30,17.0,-61.0,0.0,,0.0
1912-03-31,22.0,-139.0,0.0,,0.0
1912-04-01,44.0,-94.0,0.0,,
1912-04-02,50.0,-33.0,0.0,,
1912-04-03,144.0,-33.0,0.0,,
1912-04-04,222.0,11.0,0.0,,
1912-04-05,200.0,-17.0,0.0,,
1912-04-06,117.0,-17.0,0.0,,
1912-04-07,61.0,-72.0,0.0,,
1912-04-08,172.0,-78.0,0.0,,
1912-04-09,128.0,-50.0,0.0,,
1912-04-10,178.0,28.0,5.0,,
1912-04-11,150.0,-44.0,0.0,,
1912-04-12,89.0,-6.0,0.0,,
1912-04-13,133.0,6.0,0.0,,
1912-04-14,89.0,11.0,0.0,,
1912-04-15,33.0,-11.0,8.0,,
1912-04-16,72.0,-33.0,0.0,,
1912-04-17,94.0,-83.0,0.0,,
1912-04-18,117.0,-72.0,0.0,,
1912-04-19,156.0,-67.0,0.0,,
1912-04-20,144.0,-22.0,0.0,,
1912-04-21,83.0,-28.0,0.0,,
1912-04-22,128.0,-94.0,0.0,,
1912-04-23,111.0,-61.0,25.0,,
1912-04-24,156.0,-61.0,0.0,,
1912-04-25,189.0,39.0,25.0,,
1912-04-26,111.0,-11.0,241.0,,
1912-04-27,89.0,-67.0,0.0,,
1912-04-28,122.0,11.0,13.0,,
1912-04-29,122.0,-67.0,0.0,,
1912-04-30,139.0,-28.0,41.0,,
1912-05-01,144.0,33.0,0.0,,
1912-05-02,144.0,56.0,0.0,,
1912-05-03,156.0,78.0,76.0,,
1912-05-04,150.0,61.0,13.0,,
1912-05-05,133.0,56.0,38.0,,
1912-05-06,139.0,39.0,0.0,,
1912-05-07,133.0,17.0,8.0,,
1912-05-08,144.0,33.0,46.0,,
1912-05-09,256.0,-17.0,0.0,,
1912-05-10,222.0,106.0,8.0,,
1912-05-11,106.0,22.0,0.0,,
1912-05-12,122.0,-28.0,0.0,,
1912-05-13,128.0,-11.0,13.0,,
1912-05-14,94.0,-33.0,8.0,,
1912-05-15,150.0,-33.0,13.0,,
1912-05-16,194.0,-39.0,0.0,,
1912-05-17,217.0,0.0,20.0,,
1912-05-18,100.0,44.0,5.0,,
1912-05-19,156.0,-22.0,0.0,,
1912-05-20,172.0,-39.0,0.0,,
1912-05-21,189.0,50.0,0.0,,
1912-05-22,150.0,100.0,3.0,,
1912-05-23,194.0,94.0,0.0,,
1912-05-24,228.0,17.0,8.0,,
1912-05-25,211.0,11.0,0.0,,
1912-05-26,267.0,33.0,0.0,,
1912-05-27,278.0,117.0,25.0,,
1912-05-28,217.0,44.0,0.0,,
1912-05-29,144.0,33.0,0.0,,
1912-05-30,267.0,100.0,0.0,,
1912-05-31,222.0,78.0,48.0,,
1912-06-01,200.0,33.0,0.0,,
1912-06-02,233.0,39.0,0.0,,
1912-06-03,183.0,72.0,20.0,,
1912-06-04,156.0,0.0,20.0,,
1912-06-05,144.0,0.0,89.0,,
1912-06-06,161.0,33.0,5.0,,
1912-06-07,211.0,0.0,0.0,,
1912-06-08,239.0,11.0,0.0,,
1912-06-09,239.0,0.0,0.0,,
1912-06-10,211.0,83.0,0.0,,
1912-06-11,211.0,128.0,97.0,,
1912-06-12,250.0,6.0,0.0,,
1912-06-13,244.0,33.0,0.0,,
1912-06-14,161.0,83.0,0.0,,
1912-06-15,144.0,56.0,0.0,,
1912-06-16,128.0,17.0,0.0,,
1912-06-17,156.0,61.0,0.0,,
1912-06-18,233.0,-22.0,0.0,,
1912-06-19,244.0,67.0,0.0,,
1912-06-20,233.0,33.0,0.0,,
1912-06-21,278.0,39.0,0.0,,
1912-06-22,294.0,56.0,0.0,,
1912-06-23,333.0,72.0,0.0,,
1912-06-24,350.0,128.0,0.0,,
1912-06-25,294.0,133.0,0.0,,
1912-06-26,289.0,39.0,0.0,,
1912-06-27,300.0,117.0,0.0,,
1912-06-28,367.0,111.0,0.0,,
1912-06-29,339.0,167.0,0.0,,
1912-06-30,294.0,167.0,312.0,,
1912-07-01,289.0,144.0,3.0,,
1912-07-02,283.0,156.0,53.0,,
1912-07-03,283.0,156.0,13.0,,
1912-07-04,294.0,117.0,,,
1912-07-05,367.0,183.0,,,
1912-07-06,283.0,167.0,38.0,,
1912-07-07,333.0,128.0,,,
1912-07-08,322.0,133.0,292.0,,
1912-07-09,278.0,167.0,13.0,,
1912-07-10,317.0,100.0,,,
1912-07-11,250.0,72.0,38.0,,
1912-07-12,261.0,94.0,180.0,,
1912-07-13,250.0,100.0,28.0,,
1912-07-14,122.0,100.0,,,
1912-07-15,183.0,39.0,3.0,,
1912-07-16,217.0,44.0,25.0,,
1912-07-17,194.0,83.0,13.0,,
1912-07-18,183.0,6.0,,,
1912-07-19,244.0,22.0,,,
1912-07-20,217.0,128.0,13.0,,
1912-07-21,172.0,83.0,53.0,,
1912-07-22,239.0,117.0,13.0,,
1912-07-23,278.0,172.0,15.0,,
1912-07-24,228.0,89.0,,,
1912-07-25,211.0,61.0,,,
1912-07-26,283.0,56.0,,,
1912-07-27,289.0,183.0,10.0,,
1912-07-28,256.0,122.0,152.0,,
1912-07-29,261.0,94.0,13.0,,
1912-07-30,228.0,89.0,,,
1912-07-31,206.0,106.0,,,
1912-08-01,178.0,78.0,0.0,,
1912-08-02,178.0,0.0,0.0,,
1912-08-03,233.0,56.0,0.0,,
1912-08-04,222.0,17.0,0.0,,
1912-08-05,189.0,72.0,51.0,,
1912-08-06,156.0,128.0,163.0,,
1912-08-07,194.0,128.0,3.0,,
1912-08-08,200.0,128.0,0.0,,
1912-08-09,211.0,144.0,3.0,,
1912-08-10,244.0,111.0,0.0,,
1912-08-11,272.0,89.0,0.0,,
1912-08-12,256.0,111.0,221.0,,
1912-08-13,222.0,117.0,0.0,,
1912-08-14,172.0,100.0,0.0,,
1912-08-15,183.0,17.0,0.0,,
1912-08-16,239.0,72.0,0.0,,
1912-08-17,183.0,117.0,152.0,,
1912-08-18,228.0,117.0,0.0,,
1912-08-19,228.0,72.0,13.0,,
1912-08-20,233.0,144.0,28.0,,
1912-08-21,250.0,111.0,13.0,,
1912-08-22,167.0,111.0,10.0,,
1912-08-23,178.0,100.0,43.0,,
1912-08-24,167.0,78.0,13.0,,
1912-08-25,283.0,78.0,0.0,,
1912-08-26,256.0,122.0,0.0,,
1912-08-27,200.0,44.0,25.0,,
1912-08-28,211.0,117.0,178.0,,
1912-08-29,228.0,17.0,0.0,,
1912-08-30,217.0,122.0,81.0,,
1912-08-31,194.0,6.0,3.0,,
1912-09-01,233.0,83.0,0.0,,0.0
1912-09-02,239.0,67.0,0.0,,0.0
1912-09-03,272.0,67.0,0.0,,0.0
1912-09-04,233.0,111.0,351.0,,0.0
1912-09-05,322.0,178.0,310.0,,0.0
1912-09-06,261.0,117.0,0.0,,0.0
1912-09-07,256.0,94.0,0.0,,0.0
1912-09-08,289.0,111.0,0.0,,0.0
1912-09-09,272.0,161.0,0.0,,0.0
1912-09-10,189.0,100.0,0.0,,0.0
1912-09-11,233.0,50.0,0.0,,0.0
1912-09-12,250.0,56.0,0.0,,0.0
1912-09-13,194.0,128.0,97.0,,0.0
1912-09-14,144.0,83.0,46.0,,0.0
1912-09-15,122.0,72.0,0.0,,0.0
1912-09-16,117.0,67.0,15.0,,0.0
1912-09-17,150.0,39.0,3.0,,0.0
1912-09-18,200.0,17.0,0.0,,0.0
1912-09-19,217.0,11.0,0.0,,0.0
1912-09-20,139.0,61.0,76.0,,0.0
1912-09-21,100.0,28.0,8.0,,0.0
1912-09-22,117.0,56.0,23.0,,0.0
1912-09-23,83.0,39.0,97.0,,0.0
1912-09-24,78.0,-39.0,132.0,,0.0
1912-09-25,44.0,-67.0,0.0,,0.0
1912-09-26,33.0,-11.0,0.0,,0.0
1912-09-27,89.0,-44.0,94.0,,51.0
1912-09-28,89.0,-33.0,38.0,,0.0
1912-09-29,83.0,-39.0,3.0,,0.0
1912-09-30,150.0,-28.0,0.0,,0.0
1912-10-01,194.0,-39.0,0.0,,0.0
1912-10-02,228.0,67.0,0.0,,0.0
1912-10-03,183.0,56.0,0.0,,0.0
1912-10-04,261.0,11.0,0.0,,0.0
1912-10-05,261.0,139.0,5.0,,0.0
1912-10-06,167.0,44.0,25.0,,0.0
1912-10-07,128.0,-6.0,0.0,,0.0
1912-10-08,178.0,11.0,0.0,,0.0
1912-10-09,122.0,-17.0,8.0,,0.0
1912-10-10,139.0,-11.0,71.0,,0.0
1912-10-11,72.0,-11.0,13.0,,0.0
1912-10-12,100.0,0.0,13.0,,0.0
1912-10-13,144.0,-22.0,0.0,,0.0
1912-10-14,122.0,11.0,0.0,,0.0
1912-10-15,139.0,0.0,0.0,,0.0
1912-10-16,233.0,-11.0,0.0,,0.0
1912-10-17,222.0,-6.0,0.0,,0.0
1912-10-18,211.0,44.0,13.0,,0.0
1912-10-19,89.0,0.0,0.0,,0.0
1912-10-20,111.0,-22.0,0.0,,0.0
1912-10-21,89.0,-6.0,0.0,,0.0
1912-10-22,78.0,-44.0,0.0,,0.0
1912-10-23,100.0,-22.0,0.0,,0.0
1912-10-24,156.0,11.0,0.0,,0.0
1912-10-25,144.0,-72.0,0.0,,0.0
1912-10-26,117.0,-33.0,0.0,,0.0
1912-10-27,111.0,-67.0,0.0,,0.0
1912-10-28,83.0,-39.0,43.0,,0.0
1912-10-29,67.0,-72.0,41.0,,0.0
1912-10-30,-11.0,-11.0,0.0,,0.0
1912-10-31,22.0,-67.0,0.0,,0.0
1912-11-01,0.0,-67.0,0.0,,0.0
1912-11-02,-39.0,-56.0,0.0,,0.0
1912-11-03,72.0,-61.0,0.0,,0.0
1912-11-04,22.0,-39.0,0.0,,0.0
1912-11-05,6.0,-17.0,0.0,,0.0
1912-11-06,89.0,-28.0,0.0,,0.0
1912-11-07,111.0,-22.0,41.0,,0.0
1912-11-08,72.0,0.0,0.0,,0.0
1912-11-09,100.0,17.0,0.0,,0.0
1912-11-10,100.0,17.0,0.0,,0.0
1912-11-11,44.0,-28.0,0.0,,0.0
1912-11-12,17.0,-111.0,0.0,,0.0
1912-11-13,-6.0,-44.0,0.0,,0.0
1912-11-14,11.0,-133.0,0.0,,0.0
1912-11-15,56.0,-94.0,0.0,,0.0
1912-11-16,28.0,-61.0,0.0,,0.0
1912-11-17,56.0,-94.0,0.0,,0.0
1912-11-18,33.0,-78.0,0.0,,0.0
1912-11-19,100.0,-61.0,0.0,,0.0
1912-11-20,100.0,-44.0,0.0,,0.0
1912-11-21,39.0,-11.0,0.0,,0.0
1912-11-22,33.0,-22.0,0.0,,0.0
1912-11-23,0.0,-61.0,0.0,,0.0
1912-11-24,11.0,-67.0,0.0,,0.0
1912-11-25,-22.0,-50.0,46.0,76.0,76.0
1912-11-26,-28.0,-78.0,0.0,,0.0
1912-11-27,-39.0,-178.0,0.0,,0.0
1912-11-28,33.0,-139.0,0.0,,0.0
1912-11-29,0.0,-133.0,0.0,,0.0
1912-11-30,-22.0,-167.0,0.0,,0.0
1912-12-01,33.0,-78.0,0.0,,0.0
1912-12-02,-28.0,-244.0,0.0,,0.0
1912-12-03,-22.0,-117.0,0.0,,0.0
1912-12-04,33.0,-50.0,0.0,,0.0
1912-12-05,11.0,-133.0,86.0,76.0,51.0
1912-12-06,-67.0,-183.0,0.0,,0.0
1912-12-07,-56.0,-167.0,0.0,,0.0
1912-12-08,-78.0,-294.0,0.0,,0.0
1912-12-09,33.0,-178.0,0.0,,0.0
1912-12-10,33.0,-189.0,0.0,,0.0
1912-12-11,6.0,-261.0,0.0,,0.0
1912-12-12,-11.0,-283.0,0.0,,0.0
1912-12-13,-56.0,-206.0,0.0,,0.0
1912-12-14,56.0,-172.0,0.0,,0.0
1912-12-15,-17.0,-78.0,0.0,,0.0
1912-12-16,-28.0,-78.0,0.0,,0.0
1912-12-17,-33.0,-94.0,76.0,102.0,51.0
1912-12-18,-72.0,-139.0,43.0,127.0,25.0
1912-12-19,-72.0,-106.0,0.0,,0.0
1912-12-20,-106.0,-150.0,0.0,,0.0
1912-12-21,-122.0,-206.0,0.0,,0.0
1912-12-22,-100.0,-317.0,0.0,,0.0
1912-12-23,-22.0,-244.0,0.0,127.0,0.0
1912-12-24,-28.0,-117.0,41.0,,25.0
1912-12-25,-28.0,-61.0,0.0,,0.0
1912-12-26,-44.0,-89.0,0.0,,0.0
1912-12-27,-22.0,-111.0,0.0,,0.0
1912-12-28,44.0,-172.0,0.0,,0.0
1912-12-29,6.0,-183.0,0.0,127.0,0.0
1912-12-30,-17.0,-217.0,43.0,,25.0
1912-12-31,-6.0,-78.0,0.0,,0.0
1913-01-01,17.0,-167.0,0.0,,0.0
1913-01-02,-56.0,-150.0,0.0,,0.0
1913-01-03,-106.0,-233.0,0.0,,0.0
1913-01-04,-117.0,-256.0,0.0,,0.0
1913-01-05,-144.0,-278.0,0.0,,0.0
1913-01-06,-172.0,-383.0,0.0,,0.0
1913-01-07,-167.0,-411.0,0.0,,0.0
1913-01-08,-100.0,-344.0,0.0,,0.0
1913-01-09,-56.0,-167.0,0.0,,0.0
1913-01-10,-83.0,-206.0,0.0,,0.0
1913-01-11,-144.0,-278.0,0.0,,0.0
1913-01-12,-172.0,-411.0,0.0,,0.0
1913-01-13,-150.0,-328.0,0.0,,0.0
1913-01-14,-78.0,-261.0,0.0,,0.0
1913-01-15,-39.0,-161.0,0.0,,0.0
1913-01-16,6.0,-194.0,0.0,,0.0
1913-01-17,0.0,-228.0,86.0,178.0,51.0
1913-01-18,-61.0,-311.0,0.0,,0.0
1913-01-19,-122.0,-194.0,0.0,,0.0
1913-01-20,-139.0,-328.0,0.0,,0.0
1913-01-21,-194.0,-372.0,0.0,,0.0
1913-01-22,-61.0,-350.0,43.0,203.0,25.0
1913-01-23,-111.0,-244.0,0.0,,0.0
1913-01-24,-150.0,-289.0,0.0,,0.0
1913-01-25,-44.0,-289.0,0.0,,0.0
1913-01-26,-44.0,-200.0,0.0,,0.0
1913-01-27,-100.0,-306.0,0.0,,0.0
1913-01-28,-83.0,-356.0,0.0,,0.0
1913-01-29,,-244.0,0.0,,0.0
1913-01-30,-111.0,-167.0,0.0,,0.0
1913-01-31,-111.0,-244.0,0.0,,0.0
1913-02-01,-106.0,-344.0,0.0,,0.0
1913-02-02,-189.0,-233.0,0.0,,0.0
1913-02-03,-111.0,-311.0,0.0,,0.0
1913-02-04,-194.0,-322.0,0.0,,0.0
1913-02-05,-222.0,-289.0,0.0,,0.0
1913-02-06,-167.0,-361.0,0.0,,0.0
1913-02-07,-78.0,-211.0,0.0,,0.0
1913-02-08,-94.0,-233.0,0.0,,0.0
1913-02-09,-117.0,-283.0,20.0,152.0,13.0
1913-02-10,-50.0,-244.0,0.0,,0.0
1913-02-11,-89.0,-244.0,0.0,,0.0
1913-02-12,-150.0,-378.0,0.0,,0.0
1913-02-13,-61.0,-189.0,0.0,,0.0
1913-02-14,-39.0,-122.0,0.0,,0.0
1913-02-15,-78.0,-178.0,0.0,,0.0
1913-02-16,-72.0,-167.0,76.0,203.0,51.0
1913-02-17,-17.0,-156.0,0.0,,0.0
1913-02-18,-22.0,-167.0,147.0,305.0,102.0
1913-02-19,-17.0,-144.0,0.0,,0.0
1913-02-20,-61.0,-211.0,0.0,,0.0
1913-02-21,-72.0,-306.0,0.0,,0.0
1913-02-22,-100.0,-189.0,0.0,,0.0
1913-02-23,-100.0,-322.0,0.0,,0.0
1913-02-24,-56.0,-289.0,0.0,,0.0
1913-02-25,-33.0,-233.0,0.0,,0.0
1913-02-26,-94.0,-306.0,0.0,,0.0
1913-02-27,-139.0,-394.0,0.0,,0.0
1913-02-28,-122.0,-344.0,0.0,,0.0
1913-03-01,-144.0,-256.0,0.0,,0.0
1913-03-02,-172.0,-378.0,0.0,,0.0
1913-03-03,-78.0,-339.0,0.0,,0.0
1913-03-04,-56.0,-350.0,0.0,,0.0
1913-03-05,-28.0,-183.0,0.0,,0.0
1913-03-06,-133.0,-311.0,0.0,,0.0
1913-03-07,-39.0,-389.0,0.0,,0.0
1913-03-08,44.0,-94.0,8.0,,13.0
1913-03-09,6.0,-167.0,0.0,,0.0
1913-03-10,50.0,-39.0,0.0,,0.0
1913-03-11,17.0,-89.0,13.0,,25.0
1913-03-12,6.0,-67.0,0.0,,0.0
1913-03-13,0.0,-33.0,41.0,,76.0
1913-03-14,-28.0,-94.0,0.0,,0.0
1913-03-15,-67.0,-206.0,0.0,,0.0
1913-03-16,-78.0,-206.0,0.0,,0.0
1913-03-17,-67.0,-289.0,13.0,,25.0
1913-03-18,-67.0,-106.0,28.0,,51.0
1913-03-19,-94.0,-122.0,0.0,,0.0
1913-03-20,-94.0,-139.0,0.0,,0.0
1913-03-21,-94.0,-172.0,0.0,,0.0
1913-03-22,-28.0,-278.0,0.0,,0.0
1913-03-23,-50.0,-172.0,13.0,,25.0
1913-03-24,-56.0,-117.0,0.0,,0.0
1913-03-25,-67.0,-294.0,0.0,,0.0
1913-03-26,-39.0,-244.0,0.0,,0.0
1913-03-27,-33.0,-328.0,0.0,,0.0
1913-03-28,89.0,-183.0,0.0,,0.0
1913-03-29,78.0,11.0,0.0,,0.0
1913-03-30,78.0,-89.0,0.0,,0.0
1913-03-31,89.0,-117.0,0.0,,0.0
1913-04-01,122.0,-44.0,0.0,,0.0
1913-04-02,89.0,-6.0,25.0,,0.0
1913-04-03,22.0,-6.0,23.0,,0.0
1913-04-04,44.0,-44.0,0.0,,0.0
1913-04-05,61.0,-83.0,0.0,,0.0
1913-04-06,67.0,-117.0,0.0,,0.0
1913-04-07,67.0,-72.0,0.0,,0.0
1913-04-08,61.0,-11.0,0.0,,0.0
1913-04-09,78.0,-17.0,0.0,,0.0
1913-04-10,100.0,-6.0,0.0,,0.0
1913-04-11,111.0,-22.0,0.0,,0.0
1913-04-12,167.0,-67.0,0.0,,0.0
1913-04-13,167.0,-28.0,0.0,,0.0
1913-04-14,211.0,-11.0,0.0,,0.0
1913-04-15,267.0,17.0,0.0,,0.0
1913-04-16,250.0,44.0,0.0,,0.0
1913-04-17,206.0,72.0,0.0,,0.0
1913-04-18,144.0,28.0,0.0,,0.0
1913-04-19,133.0,-50.0,0.0,,0.0
1913-04-20,167.0,-50.0,0.0,,0.0
1913-04-21,200.0,44.0,0.0,,0.0
1913-04-22,156.0,44.0,0.0,,0.0
1913-04-23,144.0,33.0,130.0,,0.0
1913-04-24,78.0,6.0,132.0,,0.0
1913-04-25,44.0,0.0,51.0,,0.0
1913-04-26,33.0,-28.0,0.0,,0.0
1913-04-27,128.0,-56.0,0.0,,0.0
1913-04-28,183.0,-28.0,0.0,,0.0
1913-04-29,256.0,56.0,0.0,,0.0
1913-04-30,300.0,117.0,0.0,,0.0
1913-05-01,278.0,22.0,0.0,,0.0
1913-05-02,50.0,17.0,25.0,,0.0
1913-05-03,78.0,28.0,218.0,,0.0
1913-05-04,178.0,-11.0,13.0,,0.0
1913-05-05,122.0,-22.0,38.0,,0.0
1913-05-06,144.0,-50.0,84.0,,0.0
1913-05-07,78.0,-33.0,0.0,,0.0
1913-05-08,139.0,-33.0,0.0,,0.0
1913-05-09,111.0,-67.0,0.0,,0.0
1913-05-10,178.0,-67.0,0.0,,0.0
1913-05-11,172.0,28.0,0.0,,0.0
1913-05-12,183.0,94.0,76.0,,0.0
1913-05-13,122.0,39.0,13.0,,0.0
1913-05-14,100.0,-11.0,0.0,,0.0
1913-05-15,61.0,0.0,122.0,,0.0
1913-05-16,189.0,-11.0,0.0,,0.0
1913-05-17,117.0,6.0,8.0,,0.0
1913-05-18,100.0,-67.0,0.0,,0.0
1913-05-19,150.0,-67.0,0.0,,0.0
1913-05-20,133.0,33.0,0.0,,0.0
1913-05-21,78.0,28.0,18.0,,0.0
1913-05-22,200.0,0.0,0.0,,0.0
1913-05-23,200.0,33.0,0.0,,0.0
1913-05-24,144.0,33.0,13.0,,0.0
1913-05-25,178.0,11.0,0.0,,0.0
1913-05-26,233.0,17.0,0.0,,0.0
1913-05-27,283.0,89.0,81.0,,0.0
1913-05-28,267.0,67.0,0.0,,0.0
1913-05-29,194.0,100.0,13.0,,0.0
1913-05-30,228.0,111.0,0.0,,0.0
1913-05-31,239.0,133.0,0.0,,0.0
1913-06-01,278.0,122.0,79.0,,
1913-06-02,161.0,89.0,114.0,,
1913-06-03,172.0,44.0,0.0,,
1913-06-04,228.0,122.0,0.0,,
1913-06-05,233.0,144.0,64.0,,
1913-06-06,211.0,44.0,127.0,,
1913-06-07,144.0,78.0,0.0,,
1913-06-08,200.0,122.0,0.0,,
1913-06-09,217.0,56.0,0.0,,
1913-06-10,233.0,144.0,0.0,,
1913-06-11,267.0,167.0,0.0,,
1913-06-12,306.0,228.0,0.0,,
1913-06-13,306.0,172.0,0.0,,
1913-06-14,267.0,200.0,0.0,,
1913-06-15,311.0,233.0,0.0,,
1913-06-16,244.0,128.0,0.0,,
1913-06-17,250.0,72.0,0.0,,
1913-06-18,272.0,100.0,13.0,,
1913-06-19,267.0,72.0,51.0,,
1913-06-20,267.0,33.0,0.0,,
1913-06-21,300.0,33.0,0.0,,
1913-06-22,289.0,100.0,0.0,,
1913-06-23,289.0,128.0,0.0,,
1913-06-24,306.0,156.0,0.0,,
1913-06-25,294.0,183.0,10.0,,
1913-06-26,294.0,150.0,0.0,,
1913-06-27,239.0,128.0,76.0,,
1913-06-28,339.0,144.0,0.0,,
1913-06-29,356.0,217.0,0.0,,
1913-06-30,256.0,183.0,104.0,,
1913-07-01,228.0,128.0,3.0,,
1913-07-02,244.0,22.0,0.0,,
1913-07-03,250.0,139.0,23.0,,
1913-07-04,222.0,100.0,0.0,,
1913-07-05,217.0,89.0,343.0,,
1913-07-06,239.0,50.0,3.0,,
1913-07-07,256.0,56.0,0.0,,
1913-07-08,172.0,128.0,13.0,,
1913-07-09,217.0,128.0,0.0,,
1913-07-10,244.0,17.0,0.0,,
1913-07-11,206.0,106.0,198.0,,
1913-07-12,156.0,106.0,81.0,,
1913-07-13,211.0,72.0,0.0,,
1913-07-14,239.0,39.0,0.0,,
1913-07-15,211.0,122.0,38.0,,
1913-07-16,200.0,128.0,254.0,,
1913-07-17,261.0,89.0,5.0,,
1913-07-18,256.0,89.0,0.0,,
1913-07-19,239.0,167.0,5.0,,
1913-07-20,244.0,167.0,0.0,,
1913-07-21,267.0,178.0,0.0,,
1913-07-22,211.0,94.0,0.0,,
1913-07-23,189.0,44.0,0.0,,
1913-07-24,233.0,17.0,0.0,,
1913-07-25,272.0,6.0,10.0,,
1913-07-26,267.0,150.0,0.0,,
1913-07-27,222.0,150.0,0.0,,
1913-07-28,233.0,17.0,8.0,,
1913-07-29,306.0,17.0,0.0,,
1913-07-30,344.0,156.0,0.0,,
1913-07-31,222.0,117.0,0.0,,
1913-08-01,278.0,72.0,0.0,,
1913-08-02,306.0,72.0,0.0,,
1913-08-03,361.0,89.0,0.0,,
1913-08-04,261.0,39.0,0.0,,
1913-08-05,256.0,117.0,0.0,,
1913-08-06,250.0,50.0,0.0,,
1913-08-07,244.0,67.0,25.0,,
1913-08-08,256.0,89.0,51.0,,
1913-08-09,250.0,72.0,0.0,,
1913-08-10,206.0,83.0,0.0,,
1913-08-11,167.0,78.0,147.0,,
1913-08-12,250.0,133.0,15.0,,
1913-08-13,289.0,189.0,8.0,,
1913-08-14,356.0,183.0,0.0,,
1913-08-15,283.0,161.0,43.0,,
1913-08-16,267.0,78.0,0.0,,
1913-08-17,256.0,128.0,0.0,,
1913-08-18,250.0,122.0,0.0,,
1913-08-19,289.0,156.0,0.0,,
1913-08-20,233.0,150.0,0.0,,
1913-08-21,233.0,150.0,361.0,,
1913-08-22,233.0,100.0,8.0,,
1913-08-23,244.0,72.0,0.0,,
1913-08-24,222.0,17.0,0.0,,
1913-08-25,250.0,156.0,0.0,,
1913-08-26,222.0,94.0,0.0,,
1913-08-27,222.0,44.0,43.0,,
1913-08-28,183.0,128.0,13.0,,
1913-08-29,194.0,111.0,0.0,,
1913-08-30,261.0,39.0,0.0,,
1913-08-31,267.0,122.0,142.0,,
1913-10-01,222.0,44.0,0.0,,0.0
1913-10-02,200.0,33.0,0.0,,0.0
1913-10-03,178.0,61.0,109.0,,0.0
1913-10-04,144.0,44.0,0.0,,0.0
1913-10-05,89.0,22.0,0.0,,0.0
1913-10-06,111.0,33.0,0.0,,0.0
1913-10-07,156.0,-11.0,0.0,,0.0
1913-10-08,111.0,-6.0,0.0,,0.0
1913-10-09,122.0,67.0,5.0,,0.0
1913-10-10,156.0,61.0,0.0,,0.0
1913-10-11,122.0,17.0,0.0,,0.0
1913-10-12,100.0,-11.0,0.0,,0.0
1913-10-13,144.0,17.0,0.0,,0.0
1913-10-14,178.0,50.0,0.0,,0.0
1913-10-15,106.0,-39.0,0.0,,0.0
1913-10-16,100.0,-89.0,0.0,,0.0
1913-10-17,89.0,-56.0,0.0,,0.0
1913-10-18,100.0,-67.0,0.0,,0.0
1913-10-19,72.0,-28.0,0.0,,0.0
1913-10-20,0.0,-83.0,0.0,,0.0
1913-10-21,-39.0,-100.0,0.0,,0.0
1913-10-22,-6.0,-133.0,0.0,,0.0
1913-10-23,28.0,-28.0,15.0,,15.0
1913-10-24,78.0,-22.0,0.0,,0.0
1913-10-25,61.0,-39.0,25.0,,25.0
1913-10-26,17.0,-39.0,3.0,,3.0
1913-10-27,17.0,-83.0,0.0,,0.0
1913-10-28,17.0,-94.0,0.0,,0.0
1913-10-29,-67.0,-133.0,0.0,,0.0
1913-10-30,-11.0,-167.0,0.0,,0.0
1913-10-31,28.0,-117.0,0.0,,0.0
1913-11-01,122.0,-28.0,0.0,,0.0
1913-11-02,128.0,-11.0,0.0,,0.0
1913-11-03,44.0,-17.0,0.0,,0.0
1913-11-04,122.0,-100.0,0.0,,0.0
1913-11-05,122.0,-11.0,0.0,,0.0
1913-11-06,117.0,-17.0,0.0,,0.0
1913-11-07,106.0,-22.0,38.0,,51.0
1913-11-08,-11.0,-89.0,0.0,,0.0
1913-11-09,-33.0,-89.0,0.0,,0.0
1913-11-10,-44.0,-178.0,0.0,,0.0
1913-11-11,28.0,-128.0,0.0,,0.0
1913-11-12,22.0,-33.0,0.0,,0.0
1913-11-13,0.0,-56.0,0.0,,0.0
1913-11-14,6.0,-128.0,0.0,,0.0
1913-11-15,50.0,-122.0,0.0,,0.0
1913-11-16,72.0,0.0,0.0,,0.0
1913-11-17,144.0,6.0,0.0,,0.0
1913-11-18,67.0,-6.0,0.0,,0.0
1913-11-19,33.0,-17.0,33.0,,0.0
1913-11-20,61.0,-72.0,0.0,,0.0
1913-11-21,56.0,17.0,51.0,,0.0
1913-11-22,22.0,-22.0,23.0,,38.0
1913-11-23,50.0,-56.0,0.0,,0.0
1913-11-24,50.0,-89.0,0.0,,0.0
1913-11-25,50.0,-28.0,0.0,,0.0
1913-11-26,22.0,-33.0,0.0,,0.0
1913-11-27,17.0,-17.0,0.0,,0.0
1913-11-28,56.0,11.0,0.0,,0.0
1913-11-29,56.0,22.0,51.0,,0.0
1913-11-30,22.0,0.0,0.0,,0.0
1913-12-01,22.0,-6.0,0.0,,0.0
1913-12-02,39.0,-6.0,0.0,,0.0
1913-12-03,33.0,-6.0,0.0,,0.0
1913-12-04,72.0,-11.0,0.0,,0.0
1913-12-05,94.0,-44.0,0.0,,0.0
1913-12-06,11.0,-94.0,0.0,,0.0
1913-12-07,-44.0,-172.0,0.0,,0.0
1913-12-08,-11.0,-167.0,0.0,,0.0
1913-12-09,44.0,-50.0,0.0,,0.0
1913-12-10,44.0,-72.0,0.0,,0.0
1913-12-11,117.0,-50.0,0.0,,0.0
1913-12-12,78.0,-100.0,0.0,,0.0
1913-12-13,83.0,-106.0,0.0,,0.0
1913-12-14,28.0,-128.0,0.0,,0.0
1913-12-15,50.0,-50.0,0.0,,0.0
1913-12-16,78.0,-39.0,0.0,,0.0
1913-12-17,6.0,-72.0,0.0,,0.0
1913-12-18,6.0,-172.0,0.0,,0.0
1913-12-19,-33.0,-111.0,0.0,,0.0
1913-12-20,-94.0,-156.0,0.0,,0.0
1913-12-21,-94.0,-133.0,0.0,,0.0
1913-12-22,-22.0,-206.0,0.0,,0.0
1913-12-23,-6.0,-156.0,0.0,,0.0
1913-12-24,-39.0,-183.0,0.0,,0.0
1913-12-25,-78.0,-256.0,0.0,,0.0
1913-12-26,-78.0,-233.0,0.0,,0.0
1913-12-27,-61.0,-128.0,38.0,,51.0
1913-12-28,-61.0,-233.0,0.0,,0.0
1913-12-29,-67.0,-100.0,0.0,,0.0
1913-12-30,-39.0,-106.0,0.0,,0.0
1913-12-31,-39.0,-111.0,0.0,,0.0
1914-01-01,-28.0,-50.0,18.0,,25.0
1914-01-02,-33.0,-50.0,15.0,,20.0
1914-01-03,-39.0,-156.0,0.0,,0.0
1914-01-04,-67.0,-278.0,0.0,,0.0
1914-01-05,-39.0,-206.0,0.0,,0.0
1914-01-06,-6.0,-67.0,0.0,,0.0
1914-01-07,33.0,-61.0,0.0,,0.0
1914-01-08,6.0,-22.0,0.0,,0.0
1914-01-09,-11.0,-178.0,0.0,,0.0
1914-01-10,-122.0,-150.0,0.0,,0.0
1914-01-11,-67.0,-217.0,0.0,,0.0
1914-01-12,-161.0,-306.0,0.0,,0.0
1914-01-13,-67.0,-272.0,0.0,,0.0
1914-01-14,39.0,-106.0,0.0,,0.0
1914-01-15,-6.0,-56.0,0.0,,0.0
1914-01-16,-17.0,-78.0,13.0,,20.0
1914-01-17,-28.0,-206.0,0.0,,0.0
1914-01-18,17.0,-61.0,0.0,,0.0
1914-01-19,17.0,-6.0,0.0,,0.0
1914-01-20,17.0,-267.0,58.0,,89.0
1914-01-21,-161.0,-322.0,0.0,,0.0
1914-01-22,-122.0,-333.0,0.0,,0.0
1914-01-23,-94.0,-150.0,20.0,,30.0
1914-01-24,-150.0,-344.0,0.0,,0.0
1914-01-25,-150.0,-383.0,0.0,,0.0
1914-01-26,-133.0,-156.0,61.0,,89.0
1914-01-27,-100.0,-200.0,0.0,,0.0
1914-01-28,-22.0,-250.0,28.0,,38.0
1914-01-29,-22.0,-244.0,0.0,,0.0
1914-01-30,-111.0,-300.0,0.0,,0.0
1914-01-31,-67.0,,0.0,,0.0
1914-02-01,-122.0,-311.0,0.0,,0.0
1914-02-02,-67.0,-178.0,25.0,,33.0
1914-02-03,-78.0,-194.0,25.0,,30.0
1914-02-04,-133.0,-328.0,0.0,,0.0
1914-02-05,-189.0,-350.0,0.0,,0.0
1914-02-06,-189.0,-244.0,0.0,,0.0
1914-02-07,-150.0,-406.0,0.0,,0.0
1914-02-08,-222.0,-344.0,0.0,,0.0
1914-02-09,-244.0,-344.0,0.0,,0.0
1914-02-10,-244.0,-439.0,0.0,,0.0
1914-02-11,-233.0,-450.0,0.0,,0.0
1914-02-12,-167.0,-450.0,0.0,,0.0
1914-02-13,-111.0,-211.0,23.0,,28.0
1914-02-14,-150.0,-300.0,0.0,,0.0
1914-02-15,-133.0,-283.0,0.0,,0.0
1914-02-16,-122.0,-333.0,0.0,,0.0
1914-02-17,-83.0,-272.0,0.0,,0.0
1914-02-18,-133.0,-233.0,0.0,,0.0
1914-02-19,-122.0,-361.0,0.0,,0.0
1914-02-20,-78.0,-378.0,0.0,,0.0
1914-02-21,-94.0,-261.0,0.0,,0.0
1914-02-22,-122.0,-394.0,0.0,,0.0
1914-02-23,-78.0,-383.0,0.0,,0.0
1914-02-24,-11.0,-272.0,0.0,,0.0
1914-02-25,17.0,-94.0,0.0,,0.0
1914-02-26,67.0,-94.0,0.0,,0.0
1914-02-27,94.0,-44.0,0.0,,0.0
1914-02-28,67.0,-189.0,0.0,,0.0
1914-05-01,194.0,128.0,0.0,,
1914-05-02,222.0,83.0,0.0,,
1914-05-03,139.0,44.0,0.0,,
1914-05-04,211.0,78.0,0.0,,
1914-05-05,183.0,17.0,0.0,,
1914-05-06,200.0,-11.0,0.0,,
1914-05-07,122.0,39.0,0.0,,
1914-05-08,183.0,-33.0,0.0,,
1914-05-09,172.0,22.0,0.0,,
1914-05-10,122.0,6.0,0.0,,
1914-05-11,111.0,-39.0,0.0,,
1914-05-12,144.0,78.0,0.0,,
1914-05-13,178.0,-22.0,0.0,,
1914-05-14,144.0,-39.0,0.0,,
1914-05-15,194.0,-17.0,0.0,,
1914-05-16,228.0,-17.0,0.0,,
1914-05-17,256.0,106.0,0.0,,
1914-05-18,256.0,78.0,0.0,,
1914-05-19,267.0,111.0,203.0,,
1914-05-20,239.0,172.0,432.0,,
1914-05-21,233.0,100.0,0.0,,
1914-05-22,183.0,39.0,0.0,,
1914-05-23,194.0,-17.0,0.0,,
1914-05-24,250.0,28.0,0.0,,
1914-05-25,278.0,150.0,51.0,,
1914-05-26,294.0,111.0,0.0,,
1914-05-27,267.0,67.0,0.0,,
1914-05-28,256.0,67.0,76.0,,
1914-05-29,250.0,83.0,0.0,,
1914-05-30,256.0,72.0,0.0,,
1914-05-31,261.0,61.0,0.0,,
1914-06-01,222.0,33.0,0.0,,
1914-06-02,278.0,89.0,0.0,,
1914-06-03,261.0,156.0,0.0,,
1914-06-04,222.0,56.0,0.0,,
1914-06-05,222.0,44.0,0.0,,
1914-06-06,261.0,111.0,76.0,,
1914-06-07,294.0,200.0,0.0,,
1914-06-08,267.0,167.0,254.0,,
1914-06-09,267.0,150.0,127.0,,
1914-06-10,261.0,122.0,0.0,,
1914-06-11,250.0,117.0,30.0,,
1914-06-12,222.0,44.0,0.0,,
1914-06-13,244.0,33.0,0.0,,
1914-06-14,256.0,44.0,0.0,,
1914-06-15,233.0,44.0,0.0,,
1914-06-16,256.0,33.0,0.0,,
1914-06-17,244.0,94.0,0.0,,
1914-06-18,206.0,89.0,25.0,,
1914-06-19,211.0,-6.0,0.0,,
1914-06-20,233.0,89.0,0.0,,
1914-06-21,217.0,133.0,0.0,,
1914-06-22,244.0,189.0,0.0,,
1914-06-23,278.0,189.0,0.0,,
1914-06-24,244.0,139.0,0.0,,
1914-06-25,217.0,56.0,0.0,,
1914-06-26,244.0,72.0,0.0,,
1914-06-27,200.0,94.0,229.0,,
1914-06-28,217.0,83.0,0.0,,
1914-06-29,256.0,28.0,0.0,,
1914-06-30,211.0,67.0,178.0,,
1914-07-01,244.0,100.0,0.0,,
1914-07-02,300.0,178.0,0.0,,
1914-07-03,294.0,111.0,102.0,,
1914-07-04,317.0,89.0,0.0,,
1914-07-05,322.0,178.0,0.0,,
1914-07-06,289.0,200.0,76.0,,
1914-07-07,222.0,133.0,0.0,,
1914-07-08,256.0,167.0,0.0,,
1914-07-09,344.0,150.0,0.0,,
1914-07-10,250.0,139.0,25.0,,
1914-07-11,333.0,183.0,76.0,,
1914-07-12,267.0,178.0,25.0,,
1914-07-13,289.0,200.0,0.0,,
1914-07-14,317.0,128.0,0.0,,
1914-07-15,289.0,206.0,51.0,,
1914-07-16,256.0,150.0,102.0,,
1914-07-17,161.0,89.0,0.0,,
1914-07-18,244.0,61.0,51.0,,
1914-07-19,272.0,100.0,0.0,,
1914-07-20,322.0,144.0,0.0,,
1914-07-21,311.0,172.0,0.0,,
1914-07-22,278.0,178.0,0.0,,
1914-07-23,294.0,44.0,0.0,,
1914-07-24,322.0,78.0,0.0,,
1914-07-25,294.0,67.0,0.0,,
1914-07-26,339.0,128.0,0.0,,
1914-07-27,322.0,167.0,0.0,,
1914-07-28,283.0,150.0,0.0,,
1914-07-29,294.0,89.0,0.0,,
1914-07-30,261.0,161.0,0.0,,
1914-07-31,289.0,72.0,0.0,,
1914-08-01,278.0,78.0,0.0,,
1914-08-02,261.0,89.0,0.0,,
1914-08-03,306.0,94.0,0.0,,
1914-08-04,333.0,133.0,0.0,,
1914-08-05,289.0,167.0,41.0,,
1914-08-06,233.0,128.0,0.0,,
1914-08-07,278.0,28.0,0.0,,
1914-08-08,261.0,111.0,0.0,,
1914-08-09,206.0,144.0,203.0,,
1914-08-10,178.0,56.0,0.0,,
1914-08-11,222.0,22.0,0.0,,
1914-08-12,222.0,100.0,0.0,,
1914-08-13,200.0,89.0,152.0,,
1914-08-14,261.0,44.0,0.0,,
1914-08-15,211.0,44.0,25.0,,
1914-08-16,278.0,78.0,0.0,,
1914-08-17,267.0,78.0,0.0,,
1914-08-18,278.0,94.0,0.0,,
1914-08-19,256.0,89.0,0.0,,
1914-08-20,278.0,122.0,0.0,,
1914-08-21,217.0,100.0,0.0,,
1914-08-22,189.0,67.0,178.0,,
1914-08-23,133.0,106.0,0.0,,
1914-08-24,111.0,-17.0,0.0,,
1914-08-25,133.0,89.0,191.0,,
1914-08-26,172.0,89.0,58.0,,
1914-08-27,172.0,0.0,0.0,,
1914-08-28,250.0,72.0,0.0,,
1914-08-29,261.0,111.0,25.0,,
1914-08-30,267.0,89.0,0.0,,
1914-08-31,,100.0,0.0,,
1914-09-01,200.0,89.0,0.0,,
1914-09-02,139.0,89.0,25.0,,
1914-09-03,167.0,78.0,0.0,,
1914-09-04,222.0,-17.0,0.0,,
1914-09-05,211.0,50.0,0.0,,
1914-09-06,156.0,78.0,0.0,,
1914-09-07,150.0,67.0,0.0,,
1914-09-08,161.0,-28.0,0.0,,
1914-09-09,200.0,0.0,0.0,,
1914-09-10,211.0,133.0,0.0,,
1914-09-11,228.0,50.0,0.0,,
1914-09-12,239.0,128.0,0.0,,
1914-09-13,178.0,106.0,64.0,,
1914-09-14,200.0,100.0,178.0,,
1914-09-15,217.0,72.0,0.0,,
1914-09-16,244.0,122.0,0.0,,
1914-09-17,228.0,-11.0,0.0,,
1914-09-18,217.0,111.0,0.0,,
1914-09-19,300.0,122.0,0.0,,
1914-09-20,294.0,172.0,25.0,,
1914-09-21,256.0,156.0,76.0,,
1914-09-22,161.0,67.0,0.0,,
1914-09-23,161.0,17.0,0.0,,
1914-09-24,161.0,22.0,0.0,,
1914-09-25,172.0,-22.0,0.0,,
1914-09-26,239.0,128.0,0.0,,
1914-09-27,200.0,89.0,0.0,,
1914-09-28,239.0,117.0,0.0,,
1914-09-29,217.0,44.0,0.0,,
1914-09-30,228.0,0.0,0.0,,
1914-10-01,278.0,78.0,0.0,,
1914-10-02,267.0,78.0,0.0,,
1914-10-03,233.0,156.0,0.0,,
1914-10-04,261.0,161.0,0.0,,
1914-10-05,217.0,111.0,0.0,,
1914-10-06,178.0,89.0,0.0,,
1914-10-07,167.0,67.0,0.0,,
1914-10-08,194.0,100.0,0.0,,
1914-10-09,172.0,111.0,0.0,,
1914-10-10,139.0,78.0,241.0,,
1914-10-11,89.0,22.0,38.0,,
1914-10-12,78.0,-11.0,0.0,,
1914-10-13,144.0,-39.0,0.0,,
1914-10-14,139.0,-61.0,0.0,,
1914-10-15,167.0,6.0,0.0,,
1914-10-16,194.0,-17.0,0.0,,
1914-10-17,211.0,22.0,0.0,,
1914-10-18,200.0,61.0,0.0,,
1914-10-19,211.0,128.0,0.0,,
1914-10-20,244.0,11.0,0.0,,
1914-10-21,206.0,39.0,0.0,,
1914-10-22,144.0,61.0,0.0,,
1914-10-23,167.0,61.0,241.0,,
1914-10-24,122.0,-22.0,0.0,,
1914-10-25,78.0,-11.0,0.0,,
1914-10-26,44.0,-100.0,0.0,,
1914-10-27,44.0,-56.0,0.0,,
1914-10-28,67.0,-22.0,0.0,,
1914-10-29,122.0,-50.0,0.0,,
1914-10-30,156.0,-56.0,0.0,,
1914-10-31,161.0,-44.0,0.0,,
1914-11-01,167.0,-11.0,0.0,,0.0
1914-11-02,189.0,0.0,0.0,,0.0
1914-11-03,106.0,17.0,0.0,,0.0
1914-11-04,122.0,-6.0,0.0,,0.0
1914-11-05,89.0,-56.0,0.0,,0.0
1914-11-06,56.0,-78.0,0.0,,0.0
1914-11-07,61.0,-61.0,0.0,,0.0
1914-11-08,33.0,-67.0,0.0,,0.0
1914-11-09,78.0,-78.0,0.0,,0.0
1914-11-10,78.0,-67.0,0.0,,0.0
1914-11-11,67.0,-78.0,0.0,,0.0
1914-11-12,78.0,-61.0,0.0,,0.0
1914-11-13,111.0,-44.0,76.0,,76.0
1914-11-14,89.0,-61.0,0.0,,0.0
1914-11-15,17.0,-111.0,0.0,,0.0
1914-11-16,-67.0,-133.0,0.0,,0.0
1914-11-17,-67.0,-217.0,0.0,,0.0
1914-11-18,-78.0,-222.0,0.0,,0.0
1914-11-19,-83.0,-211.0,0.0,,0.0
1914-11-20,33.0,-139.0,0.0,,0.0
1914-11-21,-22.0,-111.0,0.0,,0.0
1914-11-22,-111.0,-167.0,0.0,,0.0
1914-11-23,-11.0,-144.0,0.0,,0.0
1914-11-24,44.0,-133.0,0.0,,0.0
1914-11-25,78.0,-11.0,0.0,,0.0
1914-11-26,67.0,22.0,0.0,,0.0
1914-11-27,22.0,-100.0,0.0,,0.0
1914-11-28,78.0,-111.0,0.0,,0.0
1914-11-29,100.0,22.0,0.0,,0.0
1914-11-30,67.0,44.0,0.0,,0.0
1914-12-01,44.0,-33.0,0.0,,0.0
1914-12-02,-33.0,-83.0,0.0,,0.0
1914-12-03,22.0,-111.0,0.0,,0.0
1914-12-04,50.0,-100.0,0.0,,0.0
1914-12-05,39.0,-94.0,0.0,,0.0
1914-12-06,44.0,-78.0,0.0,,0.0
1914-12-07,22.0,-67.0,0.0,,0.0
1914-12-08,-33.0,-100.0,0.0,,0.0
1914-12-09,-22.0,-122.0,0.0,,0.0
1914-12-10,-11.0,-100.0,0.0,,0.0
1914-12-11,-78.0,-167.0,0.0,,0.0
1914-12-12,-89.0,-167.0,0.0,,0.0
1914-12-13,-133.0,-167.0,0.0,,0.0
1914-12-14,-156.0,-222.0,0.0,,0.0
1914-12-15,-156.0,-256.0,0.0,,0.0
1914-12-16,-61.0,-278.0,0.0,,0.0
1914-12-17,-17.0,-189.0,0.0,,0.0
1914-12-18,-22.0,-233.0,0.0,,0.0
1914-12-19,-33.0,-111.0,0.0,,0.0
1914-12-20,-111.0,-200.0,36.0,51.0,51.0
1914-12-21,-78.0,-244.0,0.0,,0.0
1914-12-22,-222.0,-344.0,0.0,,0.0
1914-12-23,-233.0,-322.0,0.0,,0.0
1914-12-24,-233.0,-383.0,0.0,,0.0
1914-12-25,-194.0,-378.0,0.0,,0.0
1914-12-26,-156.0,-333.0,0.0,,0.0
1914-12-27,-183.0,-333.0,36.0,102.0,102.0
1914-12-28,-200.0,-278.0,0.0,,0.0
1914-12-29,-244.0,-200.0,0.0,,0.0
1914-12-30,-133.0,-322.0,0.0,,0.0
1914-12-31,-111.0,-278.0,0.0,,0.0
1915-01-01,-144.0,-222.0,0.0,,0.0
1915-01-02,-122.0,-317.0,0.0,,0.0
1915-01-03,-111.0,-206.0,0.0,,0.0
1915-01-04,-78.0,-144.0,0.0,0.0,0.0
1915-01-05,-50.0,-122.0,0.0,152.0,0.0
1915-01-06,-11.0,-183.0,89.0,,76.0
1915-01-07,-61.0,-261.0,0.0,,0.0
1915-01-08,-78.0,-233.0,0.0,,0.0
1915-01-09,-39.0,-244.0,0.0,,0.0
1915-01-10,-39.0,-178.0,0.0,,0.0
1915-01-11,-11.0,-178.0,0.0,,0.0
1915-01-12,-11.0,-111.0,0.0,,0.0
1915-01-13,-33.0,-122.0,64.0,229.0,51.0
1915-01-14,-78.0,-200.0,0.0,,0.0
1915-01-15,-56.0,-156.0,0.0,,0.0
1915-01-16,-78.0,-167.0,0.0,,0.0
1915-01-17,-67.0,-178.0,0.0,,0.0
1915-01-18,-122.0,-222.0,0.0,,0.0
1915-01-19,-89.0,-144.0,0.0,,0.0
1915-01-20,-111.0,-217.0,0.0,,0.0
1915-01-21,-111.0,-344.0,0.0,,0.0
1915-01-22,-144.0,-389.0,0.0,,0.0
1915-01-23,-178.0,-367.0,0.0,,0.0
1915-01-24,-211.0,-333.0,0.0,,0.0
1915-01-25,-211.0,-389.0,0.0,,0.0
1915-01-26,-200.0,-344.0,0.0,,0.0
1915-01-27,-300.0,-433.0,0.0,,0.0
1915-01-28,-233.0,-428.0,0.0,,0.0
1915-01-29,-200.0,-428.0,0.0,,0.0
1915-01-30,-94.0,-289.0,0.0,,0.0
1915-01-31,-67.0,-94.0,0.0,,0.0
1915-02-01,-67.0,-233.0,0.0,,0.0
1915-02-02,-11.0,-289.0,0.0,,0.0
1915-02-03,-33.0,-189.0,0.0,,0.0
1915-02-04,-6.0,-94.0,0.0,,0.0
1915-02-05,-72.0,-83.0,0.0,,0.0
1915-02-06,-100.0,-167.0,0.0,,0.0
1915-02-07,-117.0,-211.0,0.0,,0.0
1915-02-08,-144.0,-233.0,0.0,,0.0
1915-02-09,-39.0,-267.0,0.0,,0.0
1915-02-10,11.0,-122.0,0.0,,0.0
1915-02-11,17.0,-133.0,0.0,,0.0
1915-02-12,-11.0,-233.0,0.0,,0.0
1915-02-13,-33.0,-156.0,0.0,,0.0
1915-02-14,-100.0,-133.0,152.0,,152.0
1915-02-15,-111.0,-156.0,0.0,,0.0
1915-02-16,-44.0,-206.0,0.0,,0.0
1915-02-17,56.0,-222.0,0.0,,0.0
1915-02-18,67.0,-78.0,0.0,,0.0
1915-02-19,33.0,0.0,0.0,,0.0
1915-02-20,72.0,6.0,0.0,,0.0
1915-02-21,11.0,-6.0,0.0,,0.0
1915-02-22,-11.0,-56.0,0.0,,0.0
1915-02-23,-11.0,-150.0,0.0,,0.0
1915-02-24,17.0,-222.0,0.0,,0.0
1915-02-25,-56.0,-222.0,0.0,,0.0
1915-02-26,-67.0,-239.0,0.0,,0.0
1915-02-27,0.0,-211.0,0.0,,0.0
1915-02-28,-6.0,-200.0,0.0,,0.0
1915-03-01,0.0,-111.0,0.0,,0.0
1915-03-02,-67.0,-256.0,0.0,,0.0
1915-03-03,-50.0,-278.0,0.0,,0.0
1915-03-04,-11.0,-189.0,0.0,,0.0
1915-03-05,-39.0,-133.0,0.0,,0.0
1915-03-06,17.0,-189.0,0.0,,0.0
1915-03-07,44.0,-167.0,0.0,,0.0
1915-03-08,44.0,-156.0,0.0,,0.0
1915-03-09,44.0,-161.0,0.0,,0.0
1915-03-10,50.0,-144.0,0.0,,0.0
1915-03-11,111.0,-111.0,0.0,,0.0
1915-03-12,44.0,-122.0,0.0,,0.0
1915-03-13,0.0,-133.0,0.0,,0.0
1915-03-14,22.0,-50.0,0.0,,0.0
1915-03-15,67.0,-117.0,0.0,,0.0
1915-03-16,44.0,-133.0,0.0,,0.0
1915-03-17,33.0,-67.0,0.0,,0.0
1915-03-18,56.0,-111.0,0.0,,0.0
1915-03-19,-6.0,-122.0,64.0,,64.0
1915-03-20,0.0,-83.0,0.0,,0.0
1915-03-21,78.0,-111.0,0.0,,0.0
1915-03-22,72.0,-78.0,0.0,,0.0
1915-03-23,22.0,-67.0,13.0,,13.0
1915-03-24,33.0,-56.0,0.0,,0.0
1915-03-25,-56.0,-172.0,0.0,,0.0
1915-03-26,-67.0,-167.0,0.0,,0.0
1915-03-27,-56.0,-211.0,0.0,,0.0
1915-03-28,0.0,-133.0,0.0,,0.0
1915-03-29,-28.0,-133.0,0.0,,0.0
1915-03-30,-17.0,-167.0,0.0,,0.0
1915-03-31,44.0,-39.0,0.0,,0.0
1915-04-01,44.0,-33.0,,,
1915-04-02,78.0,-67.0,,,
1915-04-03,100.0,11.0,,,
1915-04-04,72.0,28.0,25.0,,
1915-04-05,100.0,6.0,,,
1915-04-06,133.0,-17.0,,,
1915-04-07,183.0,-44.0,,,
1915-04-08,150.0,33.0,,,
1915-04-09,156.0,39.0,,,
1915-04-10,133.0,0.0,,,
1915-04-11,22.0,-17.0,,,
1915-04-12,156.0,-78.0,,,
1915-04-13,178.0,-72.0,,,
1915-04-14,222.0,44.0,,,
1915-04-15,167.0,89.0,25.0,,
1915-04-16,200.0,44.0,,,
1915-04-17,233.0,61.0,,,
1915-04-18,211.0,44.0,,,
1915-04-19,211.0,6.0,,,
1915-04-20,183.0,-33.0,,,
1915-04-21,244.0,33.0,,,
1915-04-22,256.0,67.0,,,
1915-04-23,222.0,61.0,8.0,,
1915-04-24,267.0,122.0,25.0,,25.0
1915-04-25,194.0,111.0,13.0,,127.0
1915-04-26,183.0,11.0,25.0,,25.0
1915-04-27,172.0,33.0,140.0,,140.0
1915-04-28,156.0,56.0,,,
1915-04-29,167.0,44.0,,,
1915-04-30,156.0,22.0,,,
1915-05-01,183.0,39.0,0.0,,
1915-05-02,172.0,50.0,0.0,,
1915-05-03,128.0,11.0,0.0,,
1915-05-04,200.0,67.0,0.0,,
1915-05-05,172.0,44.0,25.0,,
1915-05-06,61.0,-11.0,124.0,,
1915-05-07,67.0,17.0,89.0,,
1915-05-08,89.0,11.0,25.0,,
1915-05-09,183.0,-44.0,0.0,,
1915-05-10,244.0,11.0,0.0,,
1915-05-11,267.0,111.0,76.0,,
1915-05-12,194.0,61.0,0.0,,
1915-05-13,172.0,67.0,0.0,,
1915-05-14,211.0,56.0,0.0,,
1915-05-15,128.0,11.0,102.0,,
1915-05-16,100.0,11.0,112.0,,
1915-05-17,72.0,-17.0,135.0,,
1915-05-18,128.0,-44.0,0.0,,
1915-05-19,178.0,-50.0,0.0,,
1915-05-20,172.0,-6.0,0.0,,
1915-05-21,167.0,-44.0,0.0,,
1915-05-22,194.0,50.0,0.0,,
1915-05-23,233.0,11.0,0.0,,
1915-05-24,250.0,28.0,0.0,,
1915-05-25,211.0,83.0,0.0,,
1915-05-26,211.0,11.0,0.0,,
1915-05-27,211.0,-17.0,0.0,,
1915-05-28,256.0,67.0,0.0,,
1915-05-29,239.0,94.0,0.0,,
1915-05-30,233.0,0.0,0.0,,
1915-05-31,256.0,11.0,0.0,,
1915-06-01,261.0,39.0,0.0,,
1915-06-02,289.0,61.0,0.0,,
1915-06-03,278.0,44.0,0.0,,
1915-06-04,300.0,61.0,0.0,,
1915-06-05,256.0,78.0,203.0,,
1915-06-06,200.0,67.0,0.0,,
1915-06-07,256.0,22.0,0.0,,
1915-06-08,144.0,33.0,84.0,,
1915-06-09,156.0,-11.0,0.0,,
1915-06-10,161.0,72.0,163.0,,
1915-06-11,122.0,33.0,0.0,,
1915-06-12,100.0,22.0,305.0,,
1915-06-13,183.0,39.0,229.0,,
1915-06-14,222.0,61.0,81.0,,
1915-06-15,200.0,33.0,0.0,,
1915-06-16,178.0,11.0,170.0,,
1915-06-17,172.0,67.0,0.0,,
1915-06-18,167.0,50.0,25.0,,
1915-06-19,178.0,78.0,0.0,,
1915-06-20,206.0,11.0,0.0,,
1915-06-21,178.0,100.0,76.0,,
1915-06-22,172.0,89.0,0.0,,
1915-06-23,183.0,39.0,86.0,,
1915-06-24,222.0,22.0,0.0,,
1915-06-25,233.0,89.0,135.0,,
1915-06-26,250.0,78.0,394.0,,
1915-06-27,267.0,122.0,0.0,,
1915-06-28,261.0,111.0,89.0,,
1915-06-29,222.0,117.0,0.0,,
1915-06-30,261.0,89.0,8.0,,
1915-07-01,222.0,89.0,0.0,,
1915-07-02,183.0,94.0,23.0,,
1915-07-03,189.0,17.0,25.0,,
1915-07-04,194.0,61.0,0.0,,
1915-07-05,244.0,94.0,0.0,,
1915-07-06,250.0,100.0,0.0,,
1915-07-07,267.0,44.0,0.0,,
1915-07-08,278.0,50.0,0.0,,
1915-07-09,267.0,161.0,0.0,,
1915-07-10,294.0,222.0,0.0,,
1915-07-11,261.0,178.0,0.0,,
1915-07-12,283.0,100.0,0.0,,
1915-07-13,267.0,61.0,76.0,,
1915-07-14,272.0,167.0,38.0,,
1915-07-15,200.0,156.0,0.0,,
1915-07-16,256.0,156.0,25.0,,
1915-07-17,222.0,89.0,13.0,,
1915-07-18,244.0,128.0,53.0,,
1915-07-19,211.0,44.0,33.0,,
1915-07-20,244.0,89.0,0.0,,
1915-07-21,256.0,72.0,0.0,,
1915-07-22,256.0,83.0,71.0,,
1915-07-23,211.0,111.0,25.0,,
1915-07-24,222.0,89.0,13.0,,
1915-07-25,239.0,17.0,0.0,,
1915-07-26,244.0,39.0,0.0,,
1915-07-27,250.0,106.0,0.0,,
1915-07-28,267.0,56.0,0.0,,
1915-07-29,294.0,89.0,64.0,,
1915-07-30,250.0,100.0,0.0,,
1915-07-31,211.0,50.0,0.0,,
1915-08-01,200.0,89.0,0.0,,
1915-08-02,244.0,61.0,0.0,,
1915-08-03,217.0,33.0,0.0,,
1915-08-04,311.0,17.0,0.0,,
1915-08-05,283.0,17.0,0.0,,
1915-08-06,272.0,61.0,0.0,,
1915-08-07,289.0,89.0,0.0,,
1915-08-08,289.0,78.0,0.0,,
1915-08-09,300.0,111.0,0.0,,
1915-08-10,311.0,78.0,0.0,,
1915-08-11,311.0,-11.0,0.0,,
1915-08-12,322.0,111.0,0.0,,
1915-08-13,311.0,100.0,0.0,,
1915-08-14,311.0,133.0,13.0,,
1915-08-15,283.0,128.0,0.0,,
1915-08-16,217.0,133.0,76.0,,
1915-08-17,233.0,28.0,0.0,,
1915-08-18,267.0,28.0,0.0,,
1915-08-19,278.0,22.0,0.0,,
1915-08-20,283.0,72.0,0.0,,
1915-08-21,289.0,100.0,8.0,,
1915-08-22,278.0,94.0,185.0,,
1915-08-23,200.0,67.0,8.0,,
1915-08-24,206.0,33.0,0.0,,
1915-08-25,156.0,-39.0,0.0,,
1915-08-26,200.0,67.0,0.0,,
1915-08-27,256.0,17.0,0.0,,
1915-08-28,222.0,128.0,89.0,,
1915-08-29,167.0,6.0,0.0,,
1915-08-30,289.0,89.0,0.0,,
1915-08-31,311.0,111.0,0.0,,
1915-09-01,306.0,139.0,0.0,,
1915-09-02,300.0,128.0,0.0,,
1915-09-03,306.0,122.0,0.0,,
1915-09-04,294.0,100.0,0.0,,
1915-09-05,311.0,111.0,0.0,,
1915-09-06,311.0,111.0,0.0,,
1915-09-07,300.0,122.0,0.0,,
1915-09-08,244.0,33.0,30.0,,
1915-09-09,233.0,50.0,0.0,,
1915-09-10,222.0,39.0,0.0,,
1915-09-11,161.0,-6.0,0.0,,
1915-09-12,150.0,33.0,0.0,,
1915-09-13,156.0,44.0,0.0,,
1915-09-14,144.0,-6.0,0.0,,
1915-09-15,161.0,56.0,0.0,,
1915-09-16,150.0,67.0,0.0,,
1915-09-17,256.0,33.0,330.0,,
1915-09-18,244.0,11.0,0.0,,
1915-09-19,222.0,-11.0,0.0,,
1915-09-20,111.0,11.0,76.0,,
1915-09-21,194.0,33.0,0.0,,
1915-09-22,206.0,-6.0,0.0,,
1915-09-23,211.0,11.0,0.0,,
1915-09-24,156.0,44.0,356.0,,
1915-09-25,178.0,50.0,56.0,,
1915-09-26,111.0,11.0,0.0,,
1915-09-27,133.0,-6.0,0.0,,
1915-09-28,106.0,6.0,0.0,,
1915-09-29,106.0,50.0,178.0,,
1915-09-30,111.0,61.0,30.0,,
1915-11-01,172.0,-11.0,0.0,,0.0
1915-11-02,106.0,-50.0,0.0,,0.0
1915-11-03,44.0,-78.0,0.0,,0.0
1915-11-04,39.0,-44.0,0.0,,0.0
1915-11-05,67.0,-6.0,203.0,,0.0
1915-11-06,106.0,22.0,0.0,,0.0
1915-11-07,83.0,39.0,18.0,,0.0
1915-11-08,78.0,-6.0,201.0,,0.0
1915-11-09,17.0,-22.0,0.0,,0.0
1915-11-10,44.0,0.0,13.0,,0.0
1915-11-11,44.0,-33.0,81.0,,0.0
1915-11-12,0.0,-72.0,0.0,,0.0
1915-11-13,-33.0,-100.0,0.0,,0.0
1915-11-14,-44.0,-94.0,0.0,,0.0
1915-11-15,-50.0,-156.0,0.0,,0.0
1915-11-16,-11.0,-133.0,0.0,,0.0
1915-11-17,0.0,-89.0,0.0,,0.0
1915-11-18,11.0,-17.0,36.0,,25.0
1915-11-19,0.0,-28.0,0.0,,0.0
1915-11-20,-17.0,-94.0,41.0,51.0,25.0
1915-11-21,-39.0,-172.0,0.0,,0.0
1915-11-22,-56.0,-144.0,0.0,,0.0
1915-11-23,-11.0,-106.0,0.0,,0.0
1915-11-24,44.0,-172.0,0.0,,0.0
1915-11-25,28.0,-22.0,0.0,,0.0
1915-11-26,0.0,-33.0,0.0,,0.0
1915-11-27,-39.0,-67.0,0.0,,0.0
1915-11-28,-28.0,-78.0,0.0,,0.0
1915-11-29,-61.0,-122.0,0.0,,0.0
1915-11-30,-33.0,-111.0,0.0,,0.0
1915-12-01,-78.0,-228.0,0.0,,0.0
1915-12-02,-28.0,-233.0,0.0,,0.0
1915-12-03,-11.0,-122.0,0.0,,0.0
1915-12-04,-11.0,-122.0,0.0,,0.0
1915-12-05,17.0,-33.0,0.0,,0.0
1915-12-06,17.0,-22.0,0.0,,0.0
1915-12-07,17.0,-67.0,38.0,76.0,25.0
1915-12-08,-11.0,-67.0,0.0,,0.0
1915-12-09,-50.0,-144.0,0.0,,0.0
1915-12-10,-67.0,-156.0,0.0,,0.0
1915-12-11,-33.0,-122.0,0.0,,0.0
1915-12-12,-28.0,-172.0,0.0,,0.0
1915-12-13,-33.0,-222.0,0.0,,0.0
1915-12-14,-83.0,-300.0,0.0,,0.0
1915-12-15,-56.0,-267.0,0.0,,0.0
1915-12-16,-50.0,-72.0,89.0,127.0,51.0
1915-12-17,-50.0,-122.0,0.0,,0.0
1915-12-18,-78.0,-150.0,0.0,,0.0
1915-12-19,-111.0,-194.0,0.0,,0.0
1915-12-20,-83.0,-300.0,0.0,,0.0
1915-12-21,-50.0,-261.0,0.0,,0.0
1915-12-22,-39.0,-194.0,0.0,,0.0
1915-12-23,-33.0,-67.0,81.0,178.0,51.0
1915-12-24,-56.0,-94.0,0.0,,0.0
1915-12-25,-67.0,-100.0,0.0,,0.0
1915-12-26,-56.0,-150.0,91.0,229.0,51.0
1915-12-27,-89.0,-267.0,0.0,,0.0
1915-12-28,-83.0,-222.0,41.0,254.0,25.0
1915-12-29,-94.0,-200.0,0.0,,0.0
1915-12-30,-44.0,-128.0,0.0,,0.0
1915-12-31,-39.0,-156.0,0.0,,0.0
1916-01-01,-56.0,-278.0,0.0,,0.0
1916-01-02,-94.0,-150.0,0.0,,0.0
1916-01-03,-94.0,-211.0,0.0,,0.0
1916-01-04,-83.0,-144.0,0.0,,0.0
1916-01-05,-94.0,-294.0,0.0,,0.0
1916-01-06,-94.0,-417.0,0.0,,0.0
1916-01-07,-133.0,-389.0,0.0,,0.0
1916-01-08,-56.0,-167.0,0.0,,0.0
1916-01-09,-22.0,-150.0,0.0,,0.0
1916-01-10,-22.0,-194.0,51.0,254.0,51.0
1916-01-11,-39.0,-172.0,0.0,,0.0
1916-01-12,-83.0,-339.0,0.0,,0.0
1916-01-13,-267.0,-411.0,0.0,,0.0
1916-01-14,-139.0,-317.0,0.0,,0.0
1916-01-15,-139.0,-311.0,0.0,,0.0
1916-01-16,-150.0,-339.0,0.0,,0.0
1916-01-17,-128.0,-239.0,51.0,305.0,51.0
1916-01-18,-61.0,-206.0,0.0,,0.0
1916-01-19,-39.0,-283.0,0.0,,0.0
1916-01-20,-17.0,-272.0,25.0,330.0,25.0
1916-01-21,-22.0,-267.0,0.0,,0.0
1916-01-22,-33.0,-289.0,0.0,,0.0
1916-01-23,-78.0,-300.0,0.0,,0.0
1916-01-24,-17.0,-194.0,0.0,,0.0
1916-01-25,-72.0,-217.0,25.0,356.0,25.0
1916-01-26,-128.0,-211.0,51.0,406.0,51.0
1916-01-27,-122.0,-294.0,0.0,,0.0
1916-01-28,-67.0,-206.0,76.0,483.0,76.0
1916-01-29,-56.0,-150.0,102.0,584.0,102.0
1916-01-30,-133.0,-344.0,76.0,660.0,76.0
1916-01-31,-206.0,-317.0,0.0,,0.0
1916-02-01,-144.0,-283.0,0.0,,0.0
1916-02-02,-183.0,-400.0,0.0,,0.0
1916-02-03,-139.0,-344.0,0.0,,0.0
1916-02-04,-122.0,-256.0,0.0,,0.0
1916-02-05,-139.0,-344.0,0.0,,0.0
1916-02-06,-172.0,-356.0,0.0,,0.0
1916-02-07,-167.0,-356.0,0.0,,0.0
1916-02-08,-133.0,-339.0,30.0,660.0,25.0
1916-02-09,-172.0,-350.0,0.0,,0.0
1916-02-10,-178.0,-333.0,0.0,,0.0
1916-02-11,-161.0,-267.0,0.0,,0.0
1916-02-12,-150.0,-261.0,0.0,,0.0
1916-02-13,-206.0,-400.0,0.0,,0.0
1916-02-14,-22.0,-261.0,0.0,,0.0
1916-02-15,56.0,-222.0,0.0,,0.0
1916-02-16,94.0,-94.0,0.0,,0.0
1916-02-17,56.0,-94.0,0.0,,0.0
1916-02-18,33.0,-111.0,0.0,,0.0
1916-02-19,50.0,-183.0,0.0,,0.0
1916-02-20,0.0,-167.0,0.0,,0.0
1916-02-21,50.0,-222.0,0.0,,0.0
1916-02-22,-22.0,-122.0,0.0,,0.0
1916-02-23,56.0,-222.0,0.0,,0.0
1916-02-24,17.0,-222.0,0.0,,0.0
1916-02-25,33.0,-256.0,0.0,,0.0
1916-02-26,-78.0,-244.0,0.0,,0.0
1916-02-27,-89.0,-244.0,0.0,,0.0
1916-02-28,-211.0,-250.0,33.0,610.0,25.0
1916-02-29,-217.0,-367.0,0.0,,0.0
1916-03-01,-89.0,-400.0,0.0,,0.0
1916-03-02,-100.0,-400.0,0.0,,0.0
1916-03-03,-133.0,-244.0,0.0,,0.0
1916-03-04,-111.0,-233.0,0.0,,0.0
1916-03-05,-67.0,-211.0,0.0,,0.0
1916-03-06,-56.0,-89.0,0.0,,0.0
1916-03-07,-67.0,-100.0,76.0,559.0,51.0
1916-03-08,-28.0,-322.0,0.0,,0.0
1916-03-09,0.0,-122.0,86.0,660.0,51.0
1916-03-10,-11.0,-133.0,0.0,,0.0
1916-03-11,-11.0,-128.0,102.0,610.0,76.0
1916-03-12,0.0,-106.0,0.0,,0.0
1916-03-13,-17.0,-111.0,76.0,559.0,51.0
1916-03-14,-44.0,-239.0,0.0,,0.0
1916-03-15,-56.0,-300.0,0.0,,0.0
1916-03-16,-56.0,-322.0,0.0,,0.0
1916-03-17,-44.0,-317.0,15.0,508.0,13.0
1916-03-18,-44.0,-244.0,0.0,,0.0
1916-03-19,44.0,-111.0,0.0,,0.0
1916-03-20,61.0,-44.0,0.0,,0.0
1916-03-21,33.0,-128.0,0.0,,0.0
1916-03-22,11.0,-194.0,0.0,,0.0
1916-03-23,44.0,-211.0,0.0,,0.0
1916-03-24,11.0,-50.0,97.0,457.0,76.0
1916-03-25,17.0,-67.0,0.0,,0.0
1916-03-26,33.0,-167.0,0.0,,0.0
1916-03-27,89.0,-194.0,0.0,,0.0
1916-03-28,144.0,-22.0,0.0,,0.0
1916-03-29,106.0,-28.0,109.0,,0.0
1916-03-30,44.0,0.0,0.0,,0.0
1916-03-31,67.0,-17.0,0.0,,0.0
1916-04-01,89.0,-94.0,0.0,,0.0
1916-04-02,44.0,-139.0,0.0,,0.0
1916-04-03,22.0,-67.0,0.0,,0.0
1916-04-04,6.0,-78.0,0.0,,0.0
1916-04-05,-33.0,-150.0,0.0,,0.0
1916-04-06,6.0,-144.0,0.0,,0.0
1916-04-07,28.0,-111.0,0.0,,0.0
1916-04-08,72.0,-156.0,0.0,,0.0
1916-04-09,78.0,-94.0,0.0,,0.0
1916-04-10,72.0,-67.0,5.0,,0.0
1916-04-11,133.0,0.0,0.0,,0.0
1916-04-12,72.0,-22.0,229.0,,0.0
1916-04-13,61.0,0.0,33.0,,0.0
1916-04-14,150.0,-39.0,0.0,,0.0
1916-04-15,228.0,56.0,0.0,,0.0
1916-04-16,111.0,17.0,165.0,,0.0
1916-04-17,156.0,-44.0,0.0,,0.0
1916-04-18,167.0,-67.0,0.0,,0.0
1916-04-19,161.0,39.0,0.0,,0.0
1916-04-20,117.0,0.0,41.0,25.0,25.0
1916-04-21,44.0,-33.0,152.0,127.0,127.0
1916-04-22,61.0,-22.0,0.0,,0.0
1916-04-23,133.0,-50.0,0.0,,0.0
1916-04-24,150.0,-33.0,0.0,,0.0
1916-04-25,83.0,11.0,0.0,,0.0
1916-04-26,128.0,17.0,0.0,,0.0
1916-04-27,161.0,-56.0,0.0,,0.0
1916-04-28,200.0,94.0,30.0,,0.0
1916-04-29,189.0,-17.0,0.0,,0.0
1916-04-30,106.0,-83.0,0.0,,0.0
1916-05-01,72.0,-94.0,0.0,,
1916-05-02,72.0,-11.0,0.0,,
1916-05-03,139.0,-17.0,25.0,,
1916-05-04,156.0,78.0,0.0,,
1916-05-05,233.0,-39.0,0.0,,
1916-05-06,183.0,33.0,0.0,,
1916-05-07,233.0,17.0,0.0,,
1916-05-08,183.0,28.0,0.0,,
1916-05-09,172.0,-44.0,0.0,,
1916-05-10,144.0,28.0,25.0,,
1916-05-11,100.0,-44.0,0.0,,
1916-05-12,211.0,-39.0,0.0,,
1916-05-13,133.0,-56.0,0.0,,
1916-05-14,128.0,50.0,0.0,,
1916-05-15,78.0,0.0,203.0,,
1916-05-16,33.0,-6.0,51.0,,
1916-05-17,106.0,-6.0,0.0,,
1916-05-18,111.0,28.0,58.0,,
1916-05-19,139.0,-17.0,0.0,,
1916-05-20,217.0,-17.0,0.0,,
1916-05-21,256.0,6.0,0.0,,
1916-05-22,244.0,0.0,0.0,,
1916-05-23,189.0,44.0,76.0,,
1916-05-24,206.0,50.0,0.0,,
1916-05-25,200.0,72.0,0.0,,
1916-05-26,217.0,94.0,61.0,,
1916-05-27,211.0,78.0,5.0,,
1916-05-28,206.0,39.0,0.0,,
1916-05-29,200.0,33.0,0.0,,
1916-05-30,211.0,0.0,0.0,,
1916-05-31,200.0,78.0,279.0,,
1916-07-01,289.0,139.0,0.0,,
1916-07-02,272.0,100.0,0.0,,
1916-07-03,267.0,111.0,0.0,,
1916-07-04,300.0,139.0,0.0,,
1916-07-05,328.0,167.0,0.0,,
1916-07-06,328.0,172.0,0.0,,
1916-07-07,289.0,161.0,0.0,,
1916-07-08,267.0,89.0,0.0,,
1916-07-09,289.0,117.0,0.0,,
1916-07-10,311.0,194.0,13.0,,
1916-07-11,306.0,172.0,0.0,,
1916-07-12,328.0,117.0,0.0,,
1916-07-13,328.0,128.0,0.0,,
1916-07-14,317.0,178.0,0.0,,
1916-07-15,306.0,161.0,0.0,,
1916-07-16,333.0,156.0,0.0,,
1916-07-17,328.0,133.0,0.0,,
1916-07-18,350.0,211.0,0.0,,
1916-07-19,278.0,183.0,13.0,,
1916-07-20,294.0,128.0,0.0,,
1916-07-21,317.0,117.0,0.0,,
1916-07-22,300.0,100.0,0.0,,
1916-07-23,300.0,150.0,0.0,,
1916-07-24,267.0,50.0,0.0,,
1916-07-25,222.0,128.0,0.0,,
1916-07-26,278.0,144.0,0.0,,
1916-07-27,350.0,183.0,0.0,,
1916-07-28,367.0,189.0,0.0,,
1916-07-29,356.0,211.0,0.0,,
1916-07-30,267.0,172.0,185.0,,
1916-07-31,278.0,111.0,0.0,,
1916-09-01,167.0,17.0,,,
1916-09-02,211.0,-28.0,,,
1916-09-03,233.0,83.0,160.0,,
1916-09-04,211.0,139.0,254.0,,
1916-09-05,239.0,133.0,,,
1916-09-06,183.0,61.0,127.0,,
1916-09-07,228.0,72.0,,,
1916-09-08,267.0,44.0,,,
1916-09-09,244.0,78.0,,,
1916-09-10,244.0,72.0,,,
1916-09-11,217.0,83.0,,,
1916-09-12,228.0,89.0,,,
1916-09-13,200.0,78.0,,,
1916-09-14,239.0,111.0,,,
1916-09-15,222.0,100.0,,,
1916-09-16,233.0,56.0,,,
1916-09-17,211.0,44.0,,,
1916-09-18,200.0,-67.0,,,
1916-09-19,256.0,100.0,,,
1916-09-20,267.0,100.0,,,
1916-09-21,183.0,44.0,,,
1916-09-22,211.0,56.0,,,
1916-09-23,239.0,72.0,,,
1916-09-24,211.0,-39.0,,,
1916-09-25,244.0,100.0,,,
1916-09-26,211.0,72.0,,,
1916-09-27,222.0,44.0,,,
1916-09-28,156.0,-11.0,,,
1916-09-29,128.0,-44.0,,,
1916-09-30,167.0,-11.0,,,
1916-10-01,200.0,17.0,0.0,,0.0
1916-10-02,178.0,83.0,0.0,,0.0
1916-10-03,239.0,17.0,0.0,,0.0
1916-10-04,194.0,61.0,0.0,,0.0
1916-10-05,133.0,-22.0,0.0,,0.0
1916-10-06,250.0,6.0,0.0,,0.0
1916-10-07,194.0,56.0,0.0,,0.0
1916-10-08,100.0,-33.0,0.0,,0.0
1916-10-09,56.0,-44.0,0.0,,0.0
1916-10-10,144.0,-67.0,0.0,,0.0
1916-10-11,128.0,-33.0,0.0,,0.0
1916-10-12,150.0,39.0,0.0,,0.0
1916-10-13,139.0,-6.0,0.0,,0.0
1916-10-14,183.0,56.0,0.0,,0.0
1916-10-15,111.0,0.0,0.0,,0.0
1916-10-16,50.0,-39.0,305.0,,0.0
1916-10-17,0.0,-94.0,0.0,,0.0
1916-10-18,11.0,-28.0,259.0,152.0,140.0
1916-10-19,128.0,-39.0,89.0,178.0,38.0
1916-10-20,0.0,-100.0,0.0,,0.0
1916-10-21,0.0,-139.0,25.0,152.0,25.0
1916-10-22,17.0,-11.0,0.0,,0.0
1916-10-23,22.0,-100.0,0.0,,0.0
1916-10-24,72.0,-100.0,0.0,,0.0
1916-10-25,94.0,-11.0,0.0,,0.0
1916-10-26,28.0,-50.0,0.0,,0.0
1916-10-27,28.0,-6.0,0.0,,0.0
1916-10-28,50.0,6.0,0.0,,0.0
1916-10-29,28.0,0.0,0.0,,0.0
1916-10-30,17.0,-39.0,0.0,,0.0
1916-10-31,33.0,-61.0,0.0,,0.0
1916-11-01,128.0,-56.0,,,
1916-11-02,83.0,-39.0,,,
1916-11-03,122.0,-56.0,,,
1916-11-04,94.0,-44.0,,,
1916-11-05,122.0,-61.0,,,
1916-11-06,194.0,-61.0,,,
1916-11-07,111.0,-44.0,,,
1916-11-08,61.0,-67.0,,,
1916-11-09,78.0,-6.0,,,
1916-11-10,0.0,-78.0,,,
1916-11-11,-33.0,-161.0,,,
1916-11-12,-67.0,-183.0,,,
1916-11-13,-83.0,-167.0,,,
1916-11-14,-78.0,-178.0,,,
1916-11-15,-61.0,-144.0,,,
1916-11-16,17.0,-100.0,,,
1916-11-17,11.0,-89.0,,,
1927-04-01,,,0.0,,
1927-04-02,,,0.0,,
1927-04-03,,,0.0,,
1927-04-04,,,0.0,,
1927-04-05,,,0.0,,
1927-04-06,,,0.0,,
1927-04-07,,,0.0,,
1927-04-08,,,0.0,,
1927-04-09,,,0.0,,
1927-04-10,,,0.0,,
1927-04-11,,,0.0,,
1927-04-12,,,0.0,,
1927-04-13,,,0.0,,
1927-04-14,,,0.0,,
1927-04-15,,,0.0,,
1927-04-16,,,0.0,,
1927-04-17,,,0.0,,
1927-04-18,,,0.0,,
1927-04-19,,,0.0,,
1927-04-20,,,0.0,,
1927-04-21,,,0.0,,
1927-04-22,,,0.0,,
1927-04-23,,,0.0,,
1927-04-24,,,0.0,,
1927-04-25,,6.0,25.0,,
1927-04-26,156.0,33.0,0.0,,
1927-04-27,100.0,-6.0,0.0,,
1927-04-28,156.0,,0.0,,
1927-04-29,161.0,28.0,25.0,,
1927-04-30,83.0,,0.0,,
1927-05-01,167.0,,0.0,,
1927-05-02,206.0,67.0,5.0,,
1927-05-03,78.0,28.0,23.0,,
1927-05-04,67.0,28.0,3.0,,
1927-05-05,100.0,11.0,0.0,,
1927-05-06,117.0,-11.0,0.0,,
1927-05-07,111.0,-22.0,0.0,,
1927-05-08,150.0,50.0,0.0,,
1927-05-09,72.0,33.0,25.0,,
1927-05-10,44.0,,56.0,,
1927-05-11,61.0,-28.0,0.0,,
1927-05-12,161.0,-11.0,0.0,,
1927-05-13,200.0,78.0,0.0,,
1927-05-14,94.0,6.0,5.0,,
1927-05-15,,,0.0,,
1927-05-16,139.0,-17.0,0.0,,
1927-05-17,178.0,50.0,0.0,,
1927-05-18,94.0,-17.0,0.0,,
1927-05-19,106.0,-39.0,0.0,,
1927-05-20,122.0,,0.0,,
1927-05-21,144.0,56.0,0.0,,
1927-05-22,,,5.0,,
1927-05-23,106.0,,33.0,,
1927-05-24,150.0,72.0,13.0,,
1927-05-25,172.0,67.0,76.0,,
1927-05-26,122.0,11.0,107.0,,
1927-05-27,167.0,28.0,0.0,,
1927-05-28,189.0,17.0,0.0,,
1927-05-29,200.0,-17.0,0.0,,
1927-06-01,133.0,39.0,5.0,,
1927-06-02,172.0,72.0,,,
1927-06-03,178.0,89.0,8.0,,
1927-06-04,211.0,50.0,0.0,,
1927-06-05,122.0,-11.0,8.0,,
1927-06-06,194.0,89.0,,,
1927-06-07,206.0,67.0,,,
1927-06-08,244.0,50.0,,,
1927-06-09,244.0,106.0,0.0,,
1927-06-10,194.0,89.0,20.0,,
1927-06-11,133.0,6.0,,,
1927-06-12,133.0,28.0,,,
1927-06-13,161.0,28.0,0.0,,
1927-06-14,117.0,-28.0,,,
1927-06-15,150.0,-17.0,,,
1927-06-16,206.0,83.0,,,
1927-06-17,194.0,94.0,,,
1927-06-18,206.0,117.0,,,
1927-06-19,211.0,106.0,,,
1927-06-20,250.0,161.0,3.0,,
1927-06-21,211.0,150.0,,,
1927-06-22,206.0,111.0,508.0,,
1927-06-23,206.0,50.0,,,
1927-06-24,183.0,111.0,0.0,,
1927-06-25,211.0,111.0,,,
1927-06-26,189.0,61.0,,,
1927-06-27,239.0,161.0,,,
1927-06-28,283.0,217.0,8.0,,
1927-06-29,267.0,139.0,0.0,,
1927-06-30,272.0,183.0,0.0,,
1927-07-01,300.0,172.0,13.0,,
1927-07-02,211.0,67.0,0.0,,
1927-07-03,172.0,50.0,,,
1927-07-04,194.0,67.0,0.0,,
1927-07-05,217.0,117.0,,,
1927-07-06,61.0,133.0,,,
1927-07-07,183.0,72.0,,,
1927-07-08,256.0,133.0,,,
1927-07-10,,,536.0,,
1927-07-12,261.0,100.0,,,
1927-07-14,211.0,94.0,,,
1927-07-15,261.0,128.0,,,
1927-07-16,256.0,111.0,,,
1927-07-17,,56.0,,,
1927-07-18,233.0,94.0,,,
1927-07-19,183.0,39.0,,,
1927-07-20,228.0,50.0,10.0,,
1927-07-21,206.0,89.0,,,
1927-07-22,,67.0,,,
1927-07-23,228.0,72.0,,,
1927-07-24,250.0,94.0,,,
1927-07-25,272.0,144.0,3.0,,
1927-07-26,278.0,106.0,,,
1927-07-27,278.0,133.0,,,
1927-07-28,294.0,139.0,,,
1927-07-31,,,3.0,,
1927-08-01,228.0,11.0,0.0,,
1927-08-02,167.0,,0.0,,
1927-08-03,217.0,83.0,0.0,,
1927-08-04,239.0,100.0,0.0,,
1927-08-05,194.0,67.0,0.0,,
1927-08-06,283.0,133.0,0.0,,
1927-08-07,206.0,50.0,0.0,,
1927-08-08,228.0,39.0,5.0,,
1927-08-09,167.0,67.0,0.0,,
1927-08-10,217.0,89.0,0.0,,
1927-08-11,228.0,22.0,,,
1927-08-12,239.0,106.0,5.0,,
1927-08-13,244.0,89.0,0.0,,
1927-08-14,267.0,78.0,,,
1927-08-15,250.0,72.0,,,
1927-08-16,267.0,122.0,0.0,,
1927-08-17,194.0,106.0,0.0,,
1927-08-18,200.0,61.0,0.0,,
1927-08-19,194.0,11.0,0.0,,
1927-08-20,228.0,,0.0,,
1927-08-21,250.0,,0.0,,
1927-08-22,,,0.0,,
1927-08-23,,,0.0,,
1927-08-24,194.0,22.0,0.0,,
1927-08-25,217.0,33.0,0.0,,
1927-08-26,256.0,-11.0,0.0,,
1927-08-27,261.0,128.0,3.0,,
1927-08-28,183.0,128.0,259.0,,
1927-08-29,244.0,89.0,,,
1927-08-30,244.0,,0.0,,
1927-08-31,,,5.0,,
1927-09-01,,,277.0,,
1927-09-02,,,117.0,,
1927-09-06,,,135.0,,
1927-09-07,,,61.0,,
1927-09-08,,,150.0,,
1927-09-11,267.0,,,,
1927-09-12,278.0,156.0,170.0,,
1927-09-13,283.0,,,,
1927-09-15,,117.0,,,
1927-09-17,,,76.0,,
1927-09-18,,,267.0,,
1927-09-19,,,218.0,,
1927-09-20,94.0,,155.0,,
1927-09-21,128.0,39.0,132.0,,
1927-09-22,111.0,22.0,104.0,,
1927-09-23,133.0,33.0,,,
1927-09-24,161.0,72.0,,,
1927-09-25,122.0,-28.0,274.0,,
1927-09-26,,,107.0,,
1927-09-27,67.0,-61.0,76.0,,
1927-09-28,100.0,,114.0,,
1927-09-29,50.0,-167.0,86.0,,
1927-09-30,106.0,67.0,,,
1927-10-01,117.0,78.0,0.0,,
1927-10-02,178.0,78.0,5.0,,
1927-10-03,100.0,56.0,10.0,,
1927-10-04,111.0,33.0,3.0,,
1927-10-05,128.0,22.0,3.0,,
1927-10-06,56.0,-50.0,,,
1927-10-07,89.0,6.0,,,
1927-10-08,128.0,-11.0,3.0,,
1927-10-09,61.0,-33.0,,,
1927-10-10,67.0,22.0,277.0,,
1927-10-11,117.0,44.0,0.0,,
1927-10-12,117.0,17.0,3.0,,
1927-10-13,22.0,-6.0,0.0,,
1927-10-14,44.0,-44.0,,,
1927-10-15,156.0,-22.0,,,
1927-10-16,133.0,-22.0,,,
1927-10-17,133.0,-50.0,,,
1927-10-18,156.0,17.0,,,
1927-10-19,206.0,-11.0,,,
1927-10-20,228.0,56.0,,,
1927-10-21,139.0,-17.0,3.0,,
1927-10-22,150.0,11.0,,,
1927-10-23,144.0,-22.0,,,
1927-10-24,178.0,-50.0,,,
1927-10-25,167.0,17.0,,,
1927-10-26,194.0,6.0,,,
1927-10-27,144.0,22.0,,,
1927-10-28,139.0,6.0,,,
1927-10-29,139.0,28.0,,,
1927-10-30,133.0,72.0,10.0,,
1927-10-31,139.0,11.0,3.0,,
1928-04-01,,,0.0,,
1928-04-02,,,0.0,,
1928-04-03,,,0.0,,
1928-04-04,,,0.0,,
1928-04-05,,,0.0,,
1928-04-06,,,0.0,,
1928-04-07,,,0.0,,
1928-04-08,,,0.0,,
1928-04-09,,,0.0,,
1928-04-10,,,0.0,,
1928-04-11,,,0.0,,
1928-04-12,,,0.0,,
1928-04-13,,,0.0,,
1928-04-14,,,0.0,,
1928-04-15,,,0.0,,
1928-04-16,44.0,-94.0,0.0,,
1928-04-17,,33.0,0.0,,
1928-04-18,89.0,-28.0,0.0,,
1928-04-19,0.0,-83.0,0.0,,
1928-04-20,-11.0,-128.0,0.0,,
1928-04-21,44.0,-39.0,0.0,,
1928-04-22,94.0,-22.0,0.0,,
1928-04-23,72.0,-67.0,0.0,,
1928-04-24,6.0,-50.0,0.0,,
1928-04-25,50.0,-61.0,0.0,,
1928-04-26,94.0,-67.0,0.0,,
1928-04-27,100.0,-72.0,0.0,,
1928-04-28,156.0,-78.0,0.0,,
1928-04-29,211.0,72.0,0.0,,
1928-04-30,128.0,6.0,127.0,,
1928-05-01,133.0,-39.0,,,
1928-05-02,206.0,56.0,,,
1928-05-03,211.0,56.0,,,
1928-05-04,194.0,28.0,,,
1928-05-05,183.0,-22.0,,,
1928-05-06,139.0,-50.0,,,
1928-05-07,200.0,72.0,,,
1928-05-08,250.0,44.0,,,
1928-05-09,256.0,78.0,25.0,,
1928-05-10,300.0,39.0,,,
1928-05-11,172.0,-22.0,,,
1928-05-12,128.0,-56.0,,,
1928-05-13,183.0,-33.0,,,
1928-05-14,217.0,78.0,,,
1928-05-15,128.0,61.0,,,
1928-05-16,244.0,94.0,,,
1928-05-17,250.0,50.0,,,
1928-05-18,261.0,94.0,25.0,,
1928-05-19,222.0,56.0,,,
1928-05-20,228.0,67.0,,,
1928-05-21,156.0,-28.0,,,
1928-05-22,244.0,72.0,0.0,,
1928-05-23,244.0,,,,
1928-05-26,211.0,50.0,,,
1928-05-27,,117.0,,,
1928-05-28,133.0,39.0,,,
1928-05-29,144.0,-11.0,,,
1928-05-31,189.0,-6.0,,,
1928-06-01,228.0,83.0,25.0,,
1928-06-02,139.0,6.0,,,
1928-06-03,150.0,-28.0,,,
1928-06-04,211.0,-33.0,,,
1928-06-05,256.0,-44.0,,,
1928-06-06,256.0,72.0,,,
1928-06-07,244.0,94.0,127.0,,
1928-06-08,239.0,106.0,168.0,,
1928-06-09,128.0,11.0,102.0,,
1928-06-10,156.0,22.0,,,
1928-06-11,172.0,61.0,,,
1928-06-12,267.0,111.0,,,
1928-06-13,,83.0,,,
1928-06-14,,17.0,25.0,,
1928-06-15,183.0,28.0,,,
1928-06-16,211.0,128.0,127.0,,
1928-06-17,211.0,139.0,,,
1928-06-18,178.0,106.0,25.0,,
1928-06-19,211.0,106.0,,,
1928-06-20,128.0,61.0,178.0,,
1928-06-21,194.0,106.0,,,
1928-06-22,183.0,106.0,0.0,,
1928-06-23,200.0,122.0,,,
1928-06-24,172.0,83.0,,,
1928-06-25,200.0,-6.0,,,
1928-06-26,228.0,83.0,,,
1928-06-27,250.0,83.0,,,
1928-06-28,267.0,106.0,,,
1928-06-30,278.0,,,,
1928-07-01,294.0,,,,
1928-07-02,,,76.0,,
1928-07-03,,150.0,,,
1928-07-06,244.0,161.0,,,
1928-07-07,267.0,117.0,51.0,,
1928-07-08,217.0,161.0,30.0,,
1928-07-09,222.0,156.0,13.0,,
1928-07-10,178.0,,51.0,,
1928-07-11,233.0,78.0,343.0,,
1928-07-12,267.0,78.0,,,
1928-07-13,261.0,67.0,0.0,,
1928-07-14,,72.0,,,
1928-07-15,294.0,89.0,,,
1928-07-16,306.0,178.0,,,
1928-07-17,261.0,150.0,0.0,,
1928-07-18,250.0,67.0,,,
1928-07-19,256.0,117.0,,,
1928-07-20,228.0,78.0,,,
1928-07-21,189.0,28.0,89.0,,
1928-07-22,278.0,150.0,,,
1928-07-23,239.0,94.0,,,
1928-07-24,300.0,167.0,,,
1928-07-25,256.0,56.0,,,
1928-07-26,244.0,144.0,216.0,,
1928-07-27,189.0,94.0,0.0,,
1928-07-28,200.0,50.0,0.0,,
1928-07-29,222.0,33.0,51.0,,
1928-07-30,,78.0,,,
1928-07-31,267.0,139.0,127.0,,
1928-08-01,194.0,144.0,,,
1928-08-02,211.0,72.0,,,
1928-08-03,,50.0,,,
1928-08-04,256.0,78.0,,,
1928-08-06,272.0,128.0,,,
1928-08-07,267.0,144.0,0.0,,
1928-08-08,322.0,128.0,,,
1928-08-09,294.0,144.0,,,
1928-08-10,289.0,,254.0,,
1928-08-12,,161.0,,,
1928-08-13,,200.0,13.0,,
1928-08-14,,,20.0,,
1928-08-15,,,38.0,,
1928-08-16,,111.0,102.0,,
1928-08-17,239.0,,,,
1928-08-18,,,58.0,,
1928-08-20,,,231.0,,
1928-08-22,228.0,,,,
1928-08-23,244.0,50.0,51.0,,
1928-08-24,183.0,11.0,,,
1928-08-25,200.0,78.0,102.0,,
1928-08-26,206.0,67.0,13.0,,
1928-08-28,261.0,83.0,0.0,,
1928-08-29,228.0,78.0,0.0,,
1928-08-30,150.0,39.0,165.0,,
1928-09-01,206.0,94.0,25.0,,
1928-09-02,250.0,72.0,102.0,,
1928-09-03,172.0,22.0,13.0,,
1928-09-04,189.0,11.0,0.0,,
1928-09-05,267.0,72.0,0.0,,
1928-09-06,256.0,67.0,0.0,,
1928-09-07,278.0,144.0,0.0,,
1928-09-08,267.0,100.0,0.0,,
1928-09-09,133.0,-11.0,0.0,,
1928-09-10,106.0,78.0,140.0,,
1928-09-11,206.0,89.0,0.0,,
1928-09-12,156.0,94.0,0.0,,
1928-09-13,144.0,100.0,51.0,,
1928-09-14,178.0,111.0,0.0,,
1928-09-15,144.0,117.0,152.0,,
1928-09-16,183.0,83.0,0.0,,
1928-09-17,167.0,28.0,0.0,,
1928-09-18,200.0,6.0,0.0,,
1928-09-19,228.0,61.0,0.0,,
1928-09-20,222.0,61.0,0.0,,
1928-09-21,128.0,6.0,229.0,,
1928-09-22,167.0,6.0,64.0,,
1928-09-23,83.0,-33.0,51.0,,
1928-09-24,56.0,-17.0,0.0,,
1928-09-25,44.0,-11.0,0.0,,
1928-09-26,72.0,-6.0,0.0,,
1928-09-27,61.0,-11.0,0.0,,
1928-09-28,139.0,-28.0,0.0,,
1928-09-29,189.0,-56.0,0.0,,
1928-09-30,217.0,22.0,0.0,,
1928-10-01,228.0,89.0,0.0,,
1928-10-02,144.0,28.0,0.0,,
1928-10-03,194.0,17.0,0.0,,
1928-10-04,239.0,83.0,0.0,,
1928-10-05,183.0,17.0,155.0,,
1928-10-06,144.0,17.0,89.0,,
1928-10-07,150.0,-22.0,0.0,,
1928-10-08,194.0,28.0,0.0,,
1928-10-09,189.0,0.0,0.0,,
1928-10-10,94.0,11.0,0.0,,
1928-10-11,144.0,56.0,0.0,,
1928-10-12,78.0,-11.0,0.0,,
1928-10-13,50.0,-22.0,0.0,,
1928-10-14,83.0,6.0,0.0,,
1928-10-15,100.0,83.0,10.0,,
1928-10-16,161.0,-28.0,0.0,,
1928-10-17,111.0,-44.0,0.0,,
1928-10-18,139.0,-39.0,0.0,,
1928-10-19,78.0,-6.0,0.0,,
1928-10-20,78.0,22.0,0.0,,
1928-10-21,,-17.0,0.0,,
1928-10-22,83.0,-67.0,0.0,,
1928-10-23,122.0,11.0,3.0,,
1928-10-24,39.0,17.0,0.0,,
1928-10-25,100.0,-11.0,0.0,,
1928-10-26,78.0,-50.0,0.0,,
1928-10-27,89.0,-22.0,5.0,,
1928-10-28,44.0,-28.0,0.0,,
1928-10-29,22.0,-89.0,0.0,,
1928-10-30,17.0,-94.0,0.0,,
1928-10-31,,,8.0,,
1928-11-01,,,0.0,,
1928-11-02,,,0.0,,
1928-11-03,,,0.0,,
1928-11-04,,,0.0,,
1928-11-05,,,0.0,,
1928-11-06,,,0.0,,
1928-11-07,,,0.0,,
1928-11-08,,,0.0,,
1928-11-09,,,0.0,,
1928-11-10,,,0.0,,
1928-11-11,,,0.0,,
1928-11-12,,,0.0,,
1928-11-13,,,0.0,,
1928-11-14,,,0.0,,
1928-11-15,,,0.0,,
1928-11-16,,,0.0,,
1928-11-17,,,0.0,,
1928-11-18,,,0.0,,
1928-11-19,,,0.0,,
1928-11-20,,,0.0,,
1928-11-21,,,0.0,,
1928-11-22,144.0,-44.0,0.0,,
1928-11-23,178.0,56.0,0.0,,
1928-11-24,189.0,17.0,0.0,,
1928-11-25,156.0,-22.0,0.0,,
1928-11-26,161.0,-50.0,0.0,,
1928-11-27,128.0,-6.0,0.0,,
1928-11-28,128.0,-44.0,0.0,,
1928-11-29,78.0,-83.0,0.0,,
1928-11-30,139.0,17.0,0.0,,
1929-05-01,106.0,-33.0,0.0,,
1929-05-02,100.0,-50.0,0.0,,
1929-05-03,28.0,-28.0,0.0,,
1929-05-04,44.0,-28.0,0.0,,
1929-05-05,56.0,-39.0,0.0,,
1929-05-06,39.0,-28.0,0.0,,
1929-05-07,28.0,-17.0,0.0,,
1929-05-08,72.0,-78.0,0.0,,
1929-05-09,128.0,-67.0,0.0,,
1929-05-10,183.0,-11.0,0.0,,
1929-05-11,111.0,22.0,109.0,,
1929-05-12,200.0,-11.0,0.0,,
1929-05-13,139.0,-11.0,0.0,,
1929-05-14,250.0,111.0,0.0,,
1929-05-15,,-33.0,43.0,,
1929-05-16,,-72.0,0.0,,
1929-05-17,,39.0,0.0,,
1929-05-18,,-22.0,0.0,,
1929-05-19,,-50.0,0.0,,
1929-05-20,,-33.0,0.0,,
1929-05-21,261.0,-17.0,0.0,,
1929-05-22,206.0,117.0,0.0,,
1929-05-23,200.0,-11.0,0.0,,
1929-05-24,128.0,-28.0,0.0,,
1929-05-25,211.0,50.0,0.0,,
1929-05-26,239.0,122.0,0.0,,
1929-05-27,278.0,156.0,0.0,,
1929-05-28,300.0,172.0,0.0,,
1929-05-29,267.0,111.0,46.0,,
1929-05-30,256.0,117.0,71.0,,
1929-05-31,211.0,,0.0,,
1929-06-01,178.0,17.0,,,
1929-06-02,189.0,6.0,,,
1929-06-03,183.0,-28.0,,,
1929-06-04,211.0,78.0,,,
1929-06-05,217.0,33.0,,,
1929-06-06,256.0,56.0,,,
1929-06-07,183.0,-33.0,,,
1929-06-08,194.0,17.0,,,
1929-06-09,239.0,139.0,,,
1929-06-10,267.0,122.0,58.0,,
1929-06-11,294.0,111.0,,,
1929-06-12,,-11.0,,,
1929-06-13,194.0,17.0,,,
1929-06-14,250.0,22.0,,,
1929-06-15,278.0,150.0,,,
1929-06-16,322.0,172.0,,,
1929-06-17,211.0,183.0,,,
1929-06-18,311.0,139.0,23.0,,
1929-06-19,217.0,83.0,,,
1929-06-20,294.0,56.0,94.0,,
1929-06-21,,50.0,,,
1929-06-22,228.0,67.0,84.0,,
1929-06-23,200.0,50.0,,,
1929-06-24,211.0,33.0,,,
1929-06-25,194.0,44.0,,,
1929-06-26,194.0,17.0,86.0,,
1929-06-27,222.0,94.0,,,
1929-06-28,189.0,78.0,5.0,,
1929-06-29,200.0,,,,
1929-06-30,289.0,61.0,,,
1929-07-01,261.0,67.0,0.0,,
1929-07-02,,,0.0,,
1929-07-03,211.0,,0.0,,
1929-07-04,239.0,,38.0,,
1929-07-05,,,0.0,,
1929-07-06,,,122.0,,
1929-07-07,,,0.0,,
1929-07-08,,,168.0,,
1929-07-09,,,48.0,,
1929-07-10,,,36.0,,
1929-07-11,272.0,128.0,0.0,,
1929-07-12,272.0,178.0,0.0,,
1929-07-13,294.0,106.0,218.0,,
1929-07-14,250.0,56.0,0.0,,
1929-07-15,278.0,94.0,0.0,,
1929-07-16,289.0,139.0,0.0,,
1929-07-17,317.0,150.0,0.0,,
1929-07-18,278.0,100.0,0.0,,
1929-07-19,244.0,22.0,0.0,,
1929-07-20,261.0,128.0,0.0,,
1929-07-21,206.0,,58.0,,
1929-07-22,300.0,161.0,0.0,,
1929-07-23,261.0,61.0,0.0,,
1929-07-24,283.0,144.0,0.0,,
1929-07-25,317.0,128.0,0.0,,
1929-07-26,333.0,172.0,0.0,,
1929-07-27,372.0,222.0,0.0,,
1929-07-28,322.0,194.0,102.0,,
1929-07-29,267.0,-83.0,0.0,,
1929-07-30,272.0,72.0,0.0,,
1929-07-31,333.0,100.0,46.0,,
1929-08-01,278.0,11.0,,,
1929-08-02,261.0,150.0,0.0,,
1929-08-04,272.0,,,,
1929-08-05,250.0,94.0,,,
1929-08-06,239.0,50.0,,,
1929-08-07,244.0,,,,
1929-08-08,156.0,,,,
1929-08-09,,128.0,,,
1929-08-10,322.0,,,,
1929-08-11,267.0,139.0,,,
1929-08-12,328.0,44.0,,,
1929-08-13,272.0,111.0,64.0,,
1929-08-14,161.0,61.0,,,
1929-08-15,200.0,11.0,,,
1929-08-16,222.0,128.0,,,
1929-08-17,228.0,94.0,,,
1929-08-18,222.0,6.0,,,
1929-08-19,250.0,50.0,,,
1929-08-20,250.0,122.0,56.0,,
1929-08-21,,72.0,,,
1929-08-22,306.0,56.0,132.0,,
1929-08-23,272.0,89.0,,,
1929-08-24,300.0,144.0,,,
1929-08-25,300.0,111.0,,,
1929-08-26,272.0,61.0,,,
1929-08-27,217.0,6.0,,,
1929-08-28,244.0,78.0,0.0,,
1929-08-29,261.0,,,,
1929-08-30,261.0,,,,
1929-09-01,339.0,167.0,,,
1929-09-02,311.0,150.0,,,
1929-09-03,278.0,161.0,94.0,,
1929-09-04,267.0,83.0,254.0,,
1929-09-05,172.0,6.0,,,
1929-09-06,194.0,17.0,,,
1929-09-07,122.0,11.0,,,
1929-09-08,150.0,-17.0,,,
1929-09-09,161.0,72.0,0.0,,
1929-09-10,106.0,22.0,64.0,,
1929-09-11,211.0,33.0,,,
1929-09-12,217.0,106.0,277.0,,
1929-09-13,217.0,28.0,0.0,,
1929-09-15,172.0,11.0,13.0,,
1929-09-16,150.0,-11.0,,,
1929-09-17,156.0,-22.0,,,
1929-09-18,78.0,-111.0,,,
1929-09-19,128.0,-61.0,,,
1929-09-20,167.0,,,,
1929-09-21,183.0,50.0,,,
1929-09-22,206.0,100.0,,,
1929-09-23,250.0,167.0,,,
1929-09-24,261.0,111.0,0.0,,
1929-09-25,183.0,0.0,,,
1929-09-26,100.0,39.0,,,
1929-09-27,133.0,50.0,61.0,,
1929-09-28,106.0,56.0,13.0,,
1929-09-29,122.0,0.0,0.0,,
1929-09-30,117.0,-39.0,,,
1929-10-01,150.0,50.0,,,
1929-10-02,194.0,17.0,,,
1929-10-03,189.0,-56.0,,,
1929-10-04,144.0,-17.0,0.0,,
1929-10-05,172.0,72.0,71.0,,
1929-10-06,222.0,44.0,,,
1929-10-07,161.0,-33.0,,,
1929-10-08,61.0,-111.0,,,
1929-10-09,100.0,-117.0,,,
1929-10-10,,17.0,20.0,,
1929-10-11,,28.0,,,
1929-10-12,,61.0,89.0,,
1929-10-13,144.0,-6.0,0.0,,
1929-10-14,194.0,-17.0,,,
1929-10-15,228.0,83.0,,,
1929-10-16,261.0,33.0,,,
1929-10-17,172.0,-33.0,,,
1929-10-18,211.0,,,,
1929-10-19,222.0,44.0,,,
1929-10-20,94.0,-22.0,,,
1929-10-21,117.0,,,,
1929-10-22,83.0,-28.0,,,
1929-10-23,44.0,-44.0,,,
1929-10-24,78.0,-67.0,,,
1929-10-25,128.0,17.0,,,
1929-10-26,150.0,39.0,0.0,,
1929-10-28,128.0,-61.0,,,
1929-10-29,133.0,-67.0,,,
1929-10-30,39.0,-22.0,41.0,,
1929-10-31,,-6.0,46.0,,
1930-04-02,139.0,-28.0,,,
1930-04-03,122.0,-39.0,,,
1930-04-04,133.0,-6.0,,,
1930-04-05,233.0,-6.0,10.0,,
1930-04-06,106.0,11.0,,,
1930-04-07,100.0,-17.0,,,
1930-04-08,78.0,-56.0,,,
1930-04-09,150.0,11.0,,,
1930-04-10,233.0,28.0,,,
1930-04-11,217.0,33.0,10.0,,
1930-04-12,167.0,-17.0,,,
1930-04-13,222.0,-11.0,,,
1930-04-14,133.0,-67.0,,,
1930-04-15,117.0,-6.0,,,
1930-04-16,144.0,-28.0,,,
1930-04-17,150.0,6.0,,,
1930-04-18,83.0,-11.0,8.0,,
1930-04-19,61.0,-106.0,,,
1930-04-20,111.0,-22.0,,,
1930-04-21,167.0,-78.0,41.0,,
1930-04-22,-17.0,-106.0,,,
1930-04-23,33.0,-83.0,,,
1930-04-24,44.0,-111.0,,,
1930-04-25,83.0,-100.0,,,
1930-04-26,100.0,-94.0,,,
1930-04-27,167.0,39.0,10.0,,
1930-04-28,133.0,17.0,,,
1930-04-29,183.0,67.0,13.0,,
1930-04-30,133.0,78.0,18.0,,
1930-05-01,161.0,106.0,127.0,,
1930-05-02,211.0,33.0,79.0,,
1930-05-03,167.0,6.0,0.0,,
1930-05-04,278.0,111.0,,,
1930-05-05,261.0,78.0,13.0,,
1930-05-06,133.0,-11.0,0.0,,
1930-05-07,117.0,39.0,114.0,,
1930-05-08,100.0,50.0,208.0,,
1930-05-09,111.0,39.0,3.0,,
1930-05-10,233.0,100.0,132.0,,
1930-05-11,189.0,128.0,145.0,,
1930-05-12,194.0,100.0,30.0,,
1930-05-13,222.0,67.0,36.0,,
1930-05-14,94.0,28.0,5.0,,
1930-05-15,150.0,39.0,,,
1930-05-16,167.0,-17.0,0.0,,
1930-05-17,44.0,-61.0,0.0,,
1930-05-18,128.0,-44.0,,,
1930-05-19,178.0,6.0,,,
1930-05-20,161.0,61.0,216.0,,
1930-05-21,261.0,,,,
1930-05-22,328.0,94.0,20.0,,
1930-05-23,156.0,11.0,,,
1930-05-24,78.0,-6.0,,,
1930-05-25,128.0,-39.0,,,
1930-05-26,178.0,44.0,,,
1930-05-27,106.0,28.0,64.0,,
1930-05-28,78.0,-22.0,3.0,,
1930-05-29,156.0,0.0,,,
1930-05-30,178.0,11.0,,,
1930-05-31,228.0,17.0,10.0,,
1930-06-01,278.0,139.0,0.0,,
1930-06-02,283.0,128.0,0.0,,
1930-06-03,272.0,78.0,0.0,,
1930-06-04,206.0,44.0,0.0,,
1930-06-05,228.0,117.0,0.0,,
1930-06-06,183.0,67.0,0.0,,
1930-06-07,150.0,-6.0,0.0,,
1930-06-08,244.0,44.0,0.0,,
1930-06-09,278.0,56.0,0.0,,
1930-06-10,294.0,100.0,0.0,,
1930-06-11,300.0,117.0,69.0,,
1930-06-12,267.0,144.0,0.0,,
1930-06-13,217.0,100.0,140.0,,
1930-06-14,233.0,78.0,79.0,,
1930-06-15,233.0,100.0,38.0,,
1930-06-16,211.0,100.0,64.0,,
1930-06-17,178.0,133.0,0.0,,
1930-06-18,189.0,17.0,0.0,,
1930-06-19,250.0,78.0,0.0,,
1930-06-20,272.0,106.0,0.0,,
1930-06-21,272.0,139.0,0.0,,
1930-06-22,311.0,144.0,76.0,,
1930-06-23,289.0,139.0,218.0,,
1930-06-24,217.0,94.0,216.0,,
1930-06-25,267.0,111.0,0.0,,
1930-06-26,217.0,78.0,152.0,,
1930-06-27,261.0,72.0,0.0,,
1930-06-28,239.0,72.0,0.0,,
1930-06-29,228.0,133.0,0.0,,
1930-06-30,256.0,100.0,51.0,,
1930-07-01,161.0,28.0,0.0,,
1930-07-02,228.0,100.0,0.0,,
1930-07-03,256.0,111.0,69.0,,
1930-07-04,211.0,122.0,38.0,,
1930-07-05,267.0,100.0,0.0,,
1930-07-06,267.0,100.0,0.0,,
1930-07-07,261.0,89.0,0.0,,
1930-07-08,,156.0,0.0,,
1930-07-09,,150.0,0.0,,
1930-07-10,,183.0,284.0,,
1930-07-11,,117.0,,,
1930-07-12,,128.0,330.0,,
1930-07-13,200.0,94.0,36.0,,
1930-07-14,167.0,44.0,0.0,,
1930-07-15,233.0,106.0,0.0,,
1930-07-16,306.0,161.0,0.0,,
1930-07-17,278.0,161.0,152.0,,
1930-07-18,267.0,167.0,13.0,,
1930-07-19,278.0,94.0,0.0,,
1930-07-20,261.0,122.0,0.0,,
1930-07-21,250.0,150.0,0.0,,
1930-07-22,261.0,72.0,0.0,,
1930-07-23,283.0,117.0,0.0,,
1930-07-24,311.0,117.0,20.0,,
1930-07-25,300.0,150.0,0.0,,
1930-07-26,328.0,139.0,0.0,,
1930-07-27,344.0,139.0,10.0,,
1930-07-28,311.0,117.0,10.0,,
1930-07-29,244.0,89.0,0.0,,
1930-07-30,228.0,78.0,0.0,,
1930-07-31,239.0,78.0,0.0,,
1930-08-01,283.0,117.0,0.0,,
1930-08-02,344.0,128.0,0.0,,
1930-08-03,333.0,122.0,0.0,,
1930-08-04,311.0,128.0,0.0,,
1930-08-05,289.0,100.0,0.0,,
1930-08-06,294.0,167.0,0.0,,
1930-08-07,300.0,133.0,0.0,,
1930-08-08,300.0,128.0,0.0,,
1930-08-09,267.0,44.0,0.0,,
1930-08-10,211.0,0.0,0.0,,
1930-08-11,244.0,28.0,0.0,,
1930-08-12,244.0,33.0,0.0,,
1930-08-13,228.0,117.0,0.0,,
1930-08-14,283.0,67.0,0.0,,
1930-08-15,283.0,133.0,0.0,,
1930-08-16,289.0,78.0,0.0,,
1930-08-17,267.0,22.0,0.0,,
1930-08-18,267.0,22.0,0.0,,
1930-08-19,261.0,33.0,0.0,,
1930-08-20,267.0,28.0,0.0,,
1930-08-21,272.0,33.0,0.0,,
1930-08-22,278.0,117.0,0.0,,
1930-08-23,289.0,133.0,38.0,,
1930-08-24,300.0,128.0,64.0,,
1930-08-25,294.0,78.0,0.0,,
1930-08-26,333.0,133.0,0.0,,
1930-08-27,322.0,172.0,38.0,,
1930-08-28,261.0,78.0,0.0,,
1930-08-29,244.0,33.0,0.0,,
1930-08-30,267.0,89.0,0.0,,
1930-08-31,294.0,128.0,74.0,,
1930-09-01,322.0,106.0,74.0,,
1930-09-02,183.0,28.0,0.0,,
1930-09-03,222.0,17.0,0.0,,
1930-09-04,200.0,33.0,0.0,,
1930-09-05,283.0,17.0,25.0,,
1930-09-06,178.0,-11.0,0.0,,
1930-09-07,194.0,56.0,0.0,,
1930-09-08,222.0,-6.0,0.0,,
1930-09-09,250.0,50.0,0.0,,
1930-09-10,261.0,100.0,0.0,,
1930-09-11,272.0,33.0,0.0,,
1930-09-12,256.0,139.0,41.0,,
1930-09-13,178.0,117.0,310.0,,
1930-09-14,200.0,67.0,0.0,,
1930-09-15,239.0,56.0,36.0,,
1930-09-16,217.0,56.0,0.0,,
1930-09-17,133.0,61.0,25.0,,
1930-09-18,156.0,6.0,0.0,,
1930-09-19,244.0,78.0,0.0,,
1930-09-20,156.0,6.0,0.0,,
1930-09-21,150.0,50.0,0.0,,
1930-09-22,189.0,-17.0,0.0,,
1930-09-23,250.0,72.0,0.0,,
1930-09-24,306.0,139.0,0.0,,
1930-09-25,206.0,22.0,0.0,,
1930-09-26,161.0,17.0,0.0,,
1930-09-27,94.0,22.0,3.0,,
1930-09-28,56.0,6.0,0.0,,
1930-09-29,67.0,-11.0,0.0,,
1930-09-30,106.0,-94.0,0.0,,
1930-10-01,111.0,-39.0,0.0,,
1930-10-02,72.0,17.0,99.0,,
1930-10-03,94.0,44.0,0.0,,
1930-10-04,161.0,-6.0,0.0,,
1930-10-05,172.0,83.0,5.0,,
1930-10-06,161.0,94.0,58.0,,
1930-10-07,139.0,56.0,8.0,,
1930-10-08,161.0,89.0,8.0,,
1930-10-09,183.0,111.0,23.0,,
1930-10-10,267.0,139.0,0.0,,
1930-10-11,222.0,,0.0,,
1930-10-12,294.0,167.0,0.0,,
1930-10-13,228.0,11.0,264.0,,
1930-10-14,50.0,-56.0,0.0,,
1930-10-15,139.0,-39.0,0.0,,
1930-10-16,128.0,-17.0,48.0,,
1930-10-17,28.0,-83.0,23.0,,
1930-10-18,-17.0,-72.0,23.0,,
1930-10-19,-44.0,-111.0,5.0,,
1930-10-20,-17.0,-50.0,3.0,,
1930-10-21,0.0,-128.0,,,
1930-10-22,44.0,-111.0,0.0,,
1930-10-23,78.0,-44.0,0.0,,
1930-10-24,50.0,-106.0,0.0,,
1930-10-25,100.0,-56.0,0.0,,
1930-10-26,122.0,-28.0,0.0,,
1930-10-27,128.0,-50.0,0.0,,
1930-10-28,94.0,-6.0,0.0,,
1930-10-29,17.0,-61.0,0.0,,
1930-10-30,22.0,-50.0,0.0,,
1930-10-31,100.0,-150.0,0.0,,
1931-04-01,,,0.0,,
1931-04-02,,,0.0,,
1931-04-03,,,0.0,,
1931-04-04,,,0.0,,
1931-04-05,,,0.0,,
1931-04-06,,,0.0,,
1931-04-07,,,0.0,,
1931-04-08,,,0.0,,
1931-04-09,,,0.0,,
1931-04-10,,,0.0,,
1931-04-11,0.0,-133.0,0.0,,
1931-04-12,111.0,0.0,0.0,,
1931-04-13,211.0,-56.0,0.0,,
1931-04-14,167.0,11.0,0.0,,
1931-04-15,222.0,94.0,0.0,,
1931-04-16,217.0,44.0,0.0,,
1931-04-17,217.0,-44.0,0.0,,
1931-04-18,217.0,111.0,0.0,,
1931-04-19,228.0,0.0,94.0,,
1931-04-20,122.0,17.0,0.0,,
1931-04-21,78.0,-28.0,0.0,,
1931-04-22,0.0,-78.0,30.0,,
1931-04-23,17.0,-94.0,0.0,,
1931-04-24,39.0,-100.0,0.0,,
1931-04-25,44.0,-67.0,0.0,,
1931-04-26,28.0,-22.0,0.0,,
1931-04-27,28.0,-78.0,0.0,,
1931-04-28,117.0,6.0,0.0,,
1931-04-29,144.0,-89.0,0.0,,
1931-04-30,156.0,-78.0,0.0,,
1931-05-01,206.0,100.0,,,
1931-05-02,156.0,6.0,,,
1931-05-03,133.0,-39.0,,,
1931-05-04,211.0,78.0,,,
1931-05-05,233.0,11.0,66.0,,
1931-05-06,28.0,-39.0,36.0,,
1931-05-07,17.0,-17.0,,,
1931-05-08,67.0,-33.0,,,
1931-05-09,156.0,39.0,25.0,,
1931-05-10,111.0,39.0,10.0,,
1931-05-11,150.0,22.0,,,
1931-05-12,156.0,50.0,,,
1931-05-13,194.0,-28.0,,,
1931-05-14,244.0,61.0,,,
1931-05-15,278.0,139.0,,,
1931-05-16,322.0,22.0,,,
1931-05-17,167.0,-6.0,,,
1931-05-18,189.0,39.0,76.0,,
1931-05-19,206.0,39.0,,,
1931-05-20,167.0,17.0,51.0,,
1931-05-21,56.0,-6.0,33.0,,
1931-05-22,67.0,11.0,0.0,,
1931-05-23,133.0,-6.0,,,
1931-05-24,167.0,61.0,25.0,,
1931-05-25,217.0,-6.0,,,
1931-05-26,217.0,89.0,,,
1931-05-27,294.0,117.0,46.0,,
1931-05-28,211.0,100.0,193.0,,
1931-05-29,206.0,44.0,,,
1931-05-30,156.0,17.0,,,
1931-05-31,194.0,-28.0,,,
1931-06-01,239.0,94.0,0.0,,
1931-06-02,261.0,56.0,147.0,,
1931-06-03,278.0,150.0,0.0,,
1931-06-04,272.0,50.0,,,
1931-06-05,206.0,28.0,,,
1931-06-06,239.0,94.0,,,
1931-06-07,233.0,33.0,23.0,,
1931-06-08,161.0,17.0,,,
1931-06-09,256.0,106.0,,,
1931-06-10,228.0,94.0,,,
1931-06-11,222.0,111.0,178.0,,
1931-06-12,228.0,111.0,51.0,,
1931-06-13,222.0,72.0,,,
1931-06-14,300.0,78.0,51.0,,
1931-06-15,239.0,78.0,,,
1931-06-16,222.0,67.0,,,
1931-06-17,272.0,111.0,338.0,,
1931-06-18,300.0,167.0,,,
1931-06-19,333.0,161.0,,,
1931-06-20,289.0,111.0,,,
1931-06-21,161.0,17.0,617.0,,
1931-06-22,250.0,83.0,41.0,,
1931-06-23,150.0,94.0,,,
1931-06-24,172.0,117.0,18.0,,
1931-06-25,272.0,89.0,28.0,,
1931-06-26,300.0,94.0,,,
1931-06-27,311.0,161.0,0.0,,
1931-06-28,333.0,161.0,0.0,,
1931-06-29,350.0,183.0,,,
1931-06-30,394.0,222.0,,,
1931-07-01,372.0,189.0,,,
1931-07-02,261.0,117.0,0.0,,
1931-07-03,267.0,83.0,,,
1931-07-04,228.0,100.0,,,
1931-07-05,206.0,100.0,107.0,,
1931-07-06,244.0,117.0,0.0,,
1931-07-07,217.0,100.0,0.0,,
1931-07-08,172.0,61.0,0.0,,
1931-07-09,211.0,39.0,,,
1931-07-10,222.0,17.0,107.0,,
1931-07-11,267.0,94.0,,,
1931-07-12,267.0,128.0,107.0,,
1931-07-13,261.0,83.0,,,
1931-07-14,272.0,156.0,,,
1931-07-15,322.0,128.0,,,
1931-07-16,344.0,183.0,,,
1931-07-17,339.0,178.0,249.0,,
1931-07-18,283.0,89.0,,,
1931-07-19,278.0,156.0,13.0,,
1931-07-20,256.0,111.0,114.0,,
1931-07-21,272.0,78.0,8.0,,
1931-07-22,233.0,100.0,,,
1931-07-23,244.0,56.0,,,
1931-07-24,250.0,61.0,,,
1931-07-25,339.0,172.0,,,
1931-07-26,372.0,172.0,,,
1931-07-27,339.0,144.0,,,
1931-07-28,322.0,211.0,15.0,,
1931-07-29,283.0,72.0,,,
1931-07-30,267.0,111.0,,,
1931-07-31,244.0,117.0,23.0,,
1931-08-01,183.0,106.0,41.0,,
1931-08-02,178.0,133.0,295.0,,
1931-08-03,189.0,83.0,41.0,,
1931-08-04,272.0,128.0,30.0,,
1931-08-05,344.0,167.0,,,
1931-08-06,256.0,67.0,,,
1931-08-07,211.0,133.0,0.0,,
1931-08-08,189.0,128.0,0.0,,
1931-08-09,211.0,83.0,0.0,,
1931-08-10,217.0,100.0,46.0,,
1931-08-11,217.0,72.0,,,
1931-08-12,267.0,72.0,,,
1931-08-13,267.0,117.0,,,
1931-08-14,256.0,172.0,,,
1931-08-15,283.0,100.0,,,
1931-08-16,311.0,100.0,,,
1931-08-17,328.0,144.0,,,
1931-08-18,306.0,117.0,30.0,,
1931-08-19,289.0,111.0,,,
1931-08-20,278.0,50.0,30.0,,
1931-08-21,283.0,89.0,,,
1931-08-22,306.0,150.0,,,
1931-08-23,333.0,139.0,,,
1931-08-24,261.0,100.0,,,
1931-08-25,200.0,11.0,,,
1931-08-26,261.0,50.0,,,
1931-08-27,261.0,122.0,,,
1931-08-28,194.0,72.0,76.0,,
1931-08-29,106.0,44.0,0.0,,
1931-08-30,133.0,0.0,,,
1931-08-31,200.0,50.0,,,
1931-09-01,222.0,78.0,,,
1931-09-02,189.0,89.0,25.0,,
1931-09-03,189.0,33.0,0.0,,
1931-09-04,233.0,67.0,18.0,,
1931-09-05,250.0,83.0,,,
1931-09-06,228.0,39.0,,,
1931-09-07,283.0,150.0,0.0,,
1931-09-08,328.0,106.0,13.0,,
1931-09-09,350.0,161.0,307.0,,
1931-09-10,333.0,122.0,,,
1931-09-11,367.0,172.0,,,
1931-09-12,350.0,144.0,,,
1931-09-13,244.0,117.0,221.0,,
1931-09-14,233.0,50.0,,,
1931-09-15,222.0,11.0,,,
1931-09-16,222.0,44.0,36.0,,
1931-09-17,183.0,44.0,102.0,,
1931-09-18,189.0,50.0,0.0,,
1931-09-19,206.0,44.0,,,
1931-09-20,156.0,94.0,206.0,,
1931-09-21,183.0,122.0,,,
1931-09-22,233.0,100.0,0.0,,
1931-09-23,183.0,17.0,,,
1931-09-24,106.0,39.0,,,
1931-09-25,139.0,56.0,114.0,,
1931-09-26,89.0,11.0,124.0,,
1931-09-27,189.0,0.0,,,
1931-09-28,228.0,50.0,,,
1931-09-29,256.0,100.0,,,
1931-09-30,250.0,122.0,10.0,,
1931-10-01,189.0,50.0,,,
1931-10-02,256.0,44.0,,,
1931-10-03,289.0,111.0,,,
1931-10-04,178.0,89.0,61.0,,
1931-10-05,206.0,11.0,,,
1931-10-06,183.0,22.0,,,
1931-10-07,217.0,78.0,0.0,,
1931-10-08,156.0,-11.0,0.0,,
1931-10-09,128.0,11.0,,,
1931-10-10,206.0,56.0,,,
1931-10-11,244.0,-33.0,,,
1931-10-12,144.0,-44.0,,,
1931-10-13,156.0,11.0,5.0,,
1931-10-14,122.0,50.0,0.0,,
1931-10-15,161.0,22.0,,,
1931-10-16,167.0,6.0,,,
1931-10-17,133.0,-72.0,,,
1931-10-18,167.0,-22.0,,,
1931-10-19,206.0,28.0,,,
1931-10-20,239.0,22.0,5.0,,
1931-10-21,161.0,-22.0,,,
1931-10-22,200.0,44.0,102.0,,
1931-10-23,189.0,56.0,20.0,,
1931-10-24,183.0,44.0,61.0,,
1931-10-25,150.0,-17.0,0.0,,
1931-10-26,172.0,6.0,,,
1931-10-27,144.0,67.0,0.0,,
1931-10-28,106.0,44.0,10.0,,
1931-10-29,83.0,22.0,76.0,,
1931-10-30,50.0,11.0,5.0,,
1931-10-31,61.0,39.0,,,
1932-04-01,,,0.0,,
1932-04-02,,,0.0,,
1932-04-03,,,0.0,,
1932-04-04,,,0.0,,
1932-04-05,,,0.0,,
1932-04-06,,,0.0,,
1932-04-07,,,0.0,,
1932-04-08,,,0.0,,
1932-04-09,,,0.0,,
1932-04-10,,,0.0,,
1932-04-11,72.0,-39.0,0.0,,
1932-04-12,0.0,-94.0,0.0,,
1932-04-13,44.0,-61.0,0.0,,
1932-04-14,83.0,-56.0,0.0,,
1932-04-15,117.0,-72.0,0.0,,
1932-04-16,128.0,-61.0,0.0,,
1932-04-17,133.0,-33.0,0.0,,
1932-04-18,172.0,-11.0,0.0,,
1932-04-19,172.0,28.0,0.0,,
1932-04-20,156.0,-11.0,0.0,,
1932-04-21,211.0,-33.0,0.0,,
1932-04-22,239.0,-17.0,0.0,,
1932-04-23,228.0,17.0,0.0,,
1932-04-24,72.0,-22.0,46.0,,
1932-04-25,150.0,-17.0,0.0,,
1932-04-26,61.0,-50.0,0.0,,
1932-04-27,78.0,-39.0,0.0,,
1932-04-28,161.0,-22.0,0.0,,
1932-04-29,183.0,67.0,0.0,,
1932-04-30,150.0,50.0,30.0,,
1932-05-01,61.0,-44.0,25.0,,
1932-05-02,150.0,22.0,,,
1932-05-03,167.0,39.0,38.0,,
1932-05-04,122.0,-50.0,,,
1932-05-05,139.0,17.0,,,
1932-05-06,78.0,22.0,104.0,,
1932-05-07,61.0,33.0,10.0,,
1932-05-08,89.0,44.0,56.0,,
1932-05-09,83.0,44.0,10.0,,
1932-05-10,189.0,-11.0,244.0,,
1932-05-11,228.0,-11.0,,,
1932-05-12,250.0,56.0,,,
1932-05-13,244.0,11.0,,,
1932-05-14,306.0,156.0,,,
1932-05-15,300.0,106.0,5.0,,
1932-05-16,111.0,0.0,107.0,,
1932-05-17,111.0,-6.0,0.0,,
1932-05-18,200.0,94.0,,,
1932-05-19,267.0,122.0,,,
1932-05-20,222.0,17.0,112.0,,
1932-05-21,222.0,106.0,,,
1932-05-22,217.0,6.0,,,
1932-05-23,239.0,56.0,,,
1932-05-24,294.0,89.0,,,
1932-05-25,239.0,89.0,,,
1932-05-26,250.0,28.0,,,
1932-05-27,100.0,33.0,,,
1932-05-28,161.0,6.0,,,
1932-05-29,194.0,28.0,,,
1932-05-30,239.0,56.0,,,
1932-05-31,267.0,144.0,,,
1932-06-01,256.0,133.0,5.0,,
1932-06-02,289.0,106.0,0.0,,
1932-06-03,289.0,150.0,15.0,,
1932-06-04,283.0,78.0,0.0,,
1932-06-05,306.0,133.0,0.0,,
1932-06-06,317.0,139.0,0.0,,
1932-06-07,333.0,183.0,147.0,,
1932-06-08,206.0,106.0,104.0,,
1932-06-09,267.0,83.0,0.0,,
1932-06-10,267.0,39.0,0.0,,
1932-06-11,289.0,78.0,,,
1932-06-12,278.0,117.0,13.0,,
1932-06-13,222.0,133.0,20.0,,
1932-06-14,272.0,100.0,23.0,,
1932-06-15,294.0,106.0,0.0,,
1932-06-16,317.0,100.0,33.0,,
1932-06-17,300.0,150.0,0.0,,
1932-06-18,283.0,139.0,61.0,,
1932-06-19,233.0,117.0,0.0,,
1932-06-20,278.0,117.0,0.0,,
1932-06-21,267.0,100.0,0.0,,
1932-06-22,283.0,44.0,0.0,,
1932-06-23,211.0,11.0,0.0,,
1932-06-24,233.0,106.0,109.0,,
1932-06-25,233.0,100.0,56.0,,
1932-06-26,233.0,200.0,0.0,,
1932-06-27,233.0,89.0,0.0,,
1932-06-28,244.0,94.0,10.0,,
1932-06-29,261.0,100.0,20.0,,
1932-06-30,239.0,117.0,145.0,,
1932-07-01,250.0,100.0,5.0,,
1932-07-02,189.0,50.0,,,
1932-07-03,200.0,33.0,,,
1932-07-04,206.0,33.0,,,
1932-07-05,233.0,94.0,79.0,,
1932-07-06,178.0,100.0,41.0,,
1932-07-07,200.0,117.0,30.0,,
1932-07-08,211.0,67.0,,,
1932-07-09,267.0,144.0,23.0,,
1932-07-10,294.0,100.0,41.0,,
1932-07-11,217.0,-6.0,218.0,,
1932-07-12,261.0,156.0,20.0,,
1932-07-13,294.0,133.0,46.0,,
1932-07-14,294.0,122.0,,,
1932-07-15,256.0,144.0,61.0,,
1932-07-16,311.0,150.0,,,
1932-07-17,272.0,111.0,0.0,,
1932-07-18,300.0,167.0,,,
1932-07-19,350.0,189.0,10.0,,
1932-07-20,261.0,172.0,15.0,,
1932-07-21,283.0,128.0,231.0,,
1932-07-22,300.0,100.0,,,
1932-07-23,222.0,33.0,,,
1932-07-24,289.0,156.0,46.0,,
1932-07-25,317.0,183.0,38.0,,
1932-07-26,311.0,139.0,38.0,,
1932-07-27,228.0,100.0,,,
1932-07-28,233.0,83.0,13.0,,
1932-07-29,256.0,61.0,,,
1932-07-30,250.0,56.0,,,
1932-07-31,289.0,94.0,,,
1932-08-01,306.0,161.0,,,
1932-08-02,256.0,156.0,10.0,,
1932-08-03,267.0,100.0,,,
1932-08-04,289.0,150.0,,,
1932-08-05,278.0,106.0,,,
1932-08-06,233.0,72.0,,,
1932-08-07,244.0,89.0,43.0,,
1932-08-08,244.0,67.0,51.0,,
1932-08-09,239.0,50.0,,,
1932-08-10,244.0,56.0,,,
1932-08-11,256.0,28.0,,,
1932-08-12,239.0,39.0,,,
1932-08-13,261.0,61.0,,,
1932-08-14,278.0,128.0,,,
1932-08-15,272.0,144.0,,,
1932-08-16,339.0,156.0,10.0,,
1932-08-17,278.0,117.0,,,
1932-08-18,200.0,44.0,13.0,,
1932-08-19,200.0,17.0,,,
1932-08-20,256.0,33.0,23.0,,
1932-08-21,300.0,106.0,,,
1932-08-22,328.0,128.0,,,
1932-08-23,317.0,128.0,48.0,,
1932-08-24,306.0,156.0,122.0,,
1932-08-25,278.0,139.0,351.0,,
1932-08-26,206.0,133.0,10.0,,
1932-08-27,228.0,56.0,,,
1932-08-28,261.0,,,,
1932-08-29,,,46.0,,
1932-08-30,239.0,172.0,338.0,,
1932-08-31,322.0,67.0,147.0,,
1932-09-01,206.0,72.0,0.0,,
1932-09-02,244.0,100.0,0.0,,
1932-09-03,217.0,39.0,0.0,,
1932-09-04,194.0,72.0,0.0,,
1932-09-05,183.0,33.0,0.0,,
1932-09-06,161.0,6.0,0.0,,
1932-09-07,189.0,33.0,0.0,,
1932-09-08,233.0,33.0,0.0,,
1932-09-09,278.0,111.0,0.0,,
1932-09-10,267.0,89.0,0.0,,
1932-09-11,261.0,100.0,0.0,,
1932-09-12,272.0,122.0,0.0,,
1932-09-13,200.0,117.0,33.0,,
1932-09-14,189.0,33.0,0.0,,
1932-09-15,244.0,72.0,30.0,,
1932-09-16,161.0,0.0,0.0,,
1932-09-17,156.0,0.0,15.0,,
1932-09-18,156.0,0.0,0.0,,
1932-09-19,161.0,83.0,28.0,,
1932-09-20,172.0,56.0,0.0,,
1932-09-21,106.0,6.0,71.0,,
1932-09-22,183.0,11.0,10.0,,
1932-09-23,161.0,-39.0,0.0,,
1932-09-24,172.0,28.0,0.0,,
1932-09-25,,,0.0,,
1932-09-26,200.0,94.0,76.0,,
1932-09-27,122.0,50.0,25.0,,
1932-09-28,156.0,44.0,0.0,,
1932-09-29,122.0,11.0,0.0,,
1932-09-30,178.0,72.0,0.0,,
1932-10-01,261.0,61.0,,,
1932-10-02,200.0,22.0,,,
1932-10-03,194.0,22.0,0.0,,
1932-10-04,78.0,-6.0,10.0,,
1932-10-05,56.0,-6.0,0.0,,
1932-10-06,122.0,6.0,,,
1932-10-07,156.0,28.0,,,
1932-10-08,83.0,6.0,,,
1932-10-09,50.0,-83.0,,,
1932-10-10,50.0,-139.0,10.0,,
1932-10-11,78.0,-44.0,,,
1932-10-12,44.0,-89.0,,,
1932-10-13,61.0,-117.0,,,
1932-10-14,106.0,-6.0,20.0,,
1932-10-15,167.0,33.0,0.0,,
1932-10-16,178.0,11.0,25.0,,
1932-10-17,61.0,17.0,28.0,,
1932-10-18,67.0,17.0,58.0,,
1932-10-19,100.0,39.0,5.0,,
1932-10-20,144.0,28.0,157.0,,
1932-10-21,72.0,-11.0,,,
1932-10-22,156.0,-56.0,,,
1932-10-23,156.0,-22.0,,,
1932-10-24,100.0,33.0,38.0,,
1932-10-25,50.0,-11.0,0.0,,
1932-10-26,22.0,-61.0,,,
1932-10-27,78.0,-28.0,5.0,,
1932-10-28,44.0,-39.0,10.0,,
1932-10-29,6.0,-56.0,175.0,,
1932-10-30,6.0,-61.0,,,
1932-10-31,-17.0,-56.0,15.0,,
1933-04-12,,-83.0,0.0,,
1933-04-13,22.0,-67.0,51.0,,
1933-04-14,28.0,-61.0,0.0,,
1933-04-15,50.0,-89.0,0.0,,
1933-04-17,,,0.0,,
1933-04-18,194.0,-22.0,0.0,,
1933-04-19,217.0,-6.0,0.0,,
1933-04-20,211.0,-6.0,0.0,,
1933-04-21,144.0,-61.0,51.0,,
1933-04-22,106.0,-61.0,0.0,,
1933-04-24,228.0,17.0,0.0,,
1933-04-25,100.0,-44.0,0.0,,
1933-04-26,44.0,-72.0,0.0,,
1933-04-27,56.0,-67.0,0.0,,
1933-04-28,78.0,0.0,23.0,,
1933-04-29,128.0,11.0,0.0,,
1933-05-01,,,211.0,,
1933-05-02,139.0,-44.0,0.0,,
1933-05-03,156.0,-44.0,0.0,,
1933-05-04,156.0,-6.0,0.0,,
1933-05-05,144.0,0.0,0.0,,
1933-05-06,144.0,17.0,0.0,,
1933-05-07,156.0,17.0,0.0,,
1933-05-08,172.0,17.0,,,
1933-05-09,133.0,-50.0,0.0,,
1933-05-10,144.0,-33.0,0.0,,
1933-05-11,183.0,11.0,0.0,,
1933-05-12,200.0,6.0,0.0,,
1933-05-13,194.0,39.0,0.0,,
1933-05-14,200.0,-6.0,0.0,,
1933-05-15,217.0,0.0,0.0,,
1933-05-16,272.0,94.0,,,
1933-05-17,283.0,83.0,,,
1933-05-18,294.0,61.0,41.0,,
1933-05-19,272.0,67.0,10.0,,
1933-05-20,150.0,17.0,51.0,,
1933-05-21,172.0,17.0,,,
1933-05-22,250.0,50.0,5.0,,
1933-05-23,206.0,133.0,86.0,,
1933-05-24,267.0,128.0,61.0,,
1933-05-25,183.0,122.0,15.0,,
1933-05-26,167.0,117.0,10.0,,
1933-05-27,178.0,89.0,0.0,,
1933-05-28,233.0,28.0,0.0,,
1933-05-29,244.0,78.0,0.0,,
1933-05-30,217.0,44.0,0.0,,
1933-05-31,172.0,-17.0,0.0,,
1933-06-01,267.0,111.0,0.0,,
1933-06-02,361.0,111.0,81.0,,
1933-06-03,239.0,28.0,0.0,,
1933-06-04,272.0,61.0,,,
1933-06-05,300.0,128.0,,,
1933-06-06,328.0,150.0,254.0,,
1933-06-07,289.0,94.0,0.0,,
1933-06-08,228.0,122.0,15.0,,
1933-06-09,206.0,67.0,,,
1933-06-10,311.0,139.0,,,
1933-06-11,328.0,100.0,330.0,,
1933-06-12,211.0,33.0,,,
1933-06-13,167.0,0.0,,,
1933-06-14,200.0,11.0,,,
1933-06-15,267.0,78.0,0.0,,
1933-06-16,294.0,139.0,0.0,,
1933-06-17,306.0,128.0,,,
1933-06-18,317.0,172.0,,,
1933-06-19,350.0,206.0,,,
1933-06-20,383.0,183.0,0.0,,
1933-06-21,278.0,139.0,,,
1933-06-22,267.0,61.0,,,
1933-06-23,283.0,117.0,,,
1933-06-24,294.0,156.0,,,
1933-06-25,261.0,111.0,,,
1933-06-26,283.0,122.0,,,
1933-06-27,317.0,133.0,0.0,,
1933-06-28,239.0,111.0,25.0,,
1933-06-29,300.0,144.0,91.0,,
1933-06-30,306.0,144.0,46.0,,
1933-07-01,222.0,144.0,0.0,,
1933-07-03,278.0,106.0,0.0,,
1933-07-05,,,0.0,,
1933-07-06,328.0,111.0,20.0,,
1933-07-07,178.0,144.0,292.0,,
1933-07-08,239.0,89.0,8.0,,
1933-07-09,289.0,100.0,0.0,,
1933-07-10,289.0,156.0,427.0,,
1933-07-11,261.0,172.0,61.0,,
1933-07-12,328.0,139.0,0.0,,
1933-07-13,294.0,178.0,18.0,,
1933-07-14,289.0,100.0,0.0,,
1933-07-15,228.0,44.0,0.0,,
1933-07-16,217.0,67.0,0.0,,
1933-07-17,250.0,78.0,0.0,,
1933-07-18,261.0,117.0,0.0,,
1933-07-19,300.0,111.0,0.0,,
1933-07-20,317.0,150.0,79.0,,
1933-07-21,306.0,61.0,0.0,,
1933-07-22,278.0,78.0,0.0,,
1933-07-23,,,20.0,,
1933-07-24,272.0,78.0,0.0,,
1933-07-25,294.0,122.0,0.0,,
1933-07-26,256.0,61.0,0.0,,
1933-07-27,300.0,161.0,20.0,,
1933-07-28,322.0,106.0,5.0,,
1933-07-29,283.0,117.0,0.0,,
1933-07-30,333.0,150.0,0.0,,
1933-07-31,306.0,172.0,46.0,,
1933-08-01,272.0,78.0,0.0,,
1933-08-02,217.0,67.0,0.0,,
1933-08-03,250.0,28.0,0.0,,
1933-08-04,261.0,50.0,0.0,,
1933-08-05,283.0,94.0,0.0,,
1933-08-06,294.0,161.0,0.0,,
1933-08-07,239.0,111.0,279.0,,
1933-08-08,261.0,89.0,5.0,,
1933-08-09,356.0,161.0,20.0,,
1933-08-10,300.0,161.0,15.0,,
1933-08-11,256.0,89.0,0.0,,
1933-08-12,283.0,72.0,0.0,,
1933-08-13,189.0,44.0,0.0,,
1933-08-14,228.0,44.0,0.0,,
1933-08-15,261.0,50.0,0.0,,
1933-08-16,317.0,139.0,0.0,,
1933-08-17,256.0,94.0,69.0,,
1933-08-18,167.0,44.0,10.0,,
1933-08-19,222.0,39.0,0.0,,
1933-08-20,278.0,133.0,0.0,,
1933-08-21,289.0,128.0,79.0,,
1933-08-22,283.0,117.0,0.0,,
1933-08-23,289.0,161.0,0.0,,
1933-08-24,211.0,144.0,28.0,,
1933-08-25,261.0,133.0,0.0,,
1933-08-26,194.0,56.0,3.0,,
1933-08-27,228.0,72.0,0.0,,
1933-08-28,211.0,28.0,0.0,,
1933-08-29,211.0,6.0,0.0,,
1933-08-30,261.0,67.0,0.0,,
1933-08-31,272.0,94.0,30.0,,
1933-09-01,261.0,128.0,0.0,,
1933-09-02,300.0,144.0,0.0,,
1933-09-03,261.0,83.0,0.0,,
1933-09-04,250.0,83.0,0.0,,
1933-09-05,267.0,128.0,0.0,,
1933-09-06,317.0,133.0,10.0,,
1933-09-07,261.0,61.0,0.0,,
1933-09-08,228.0,100.0,25.0,,
1933-09-09,200.0,50.0,0.0,,
1933-09-10,261.0,56.0,0.0,,
1933-09-11,244.0,28.0,36.0,,
1933-09-12,256.0,83.0,8.0,,
1933-09-13,178.0,50.0,56.0,,
1933-09-14,194.0,44.0,58.0,,
1933-09-15,200.0,11.0,0.0,,
1933-09-16,211.0,83.0,152.0,,
1933-09-18,206.0,-17.0,0.0,,
1933-09-19,256.0,100.0,33.0,,
1933-09-20,161.0,39.0,0.0,,
1933-09-21,144.0,,,,
1933-09-22,194.0,,0.0,,
1933-09-23,228.0,33.0,3.0,,
1933-09-24,206.0,-6.0,0.0,,
1933-09-25,233.0,72.0,0.0,,
1933-09-26,233.0,-39.0,206.0,,
1933-09-27,161.0,-44.0,0.0,,
1933-09-28,150.0,6.0,0.0,,
1933-09-29,144.0,-6.0,0.0,,
1933-09-30,206.0,83.0,43.0,,
1933-10-02,72.0,-6.0,,,
1933-10-04,,,0.0,,
1933-10-05,,,0.0,,
1933-10-06,172.0,0.0,0.0,,
1933-10-07,94.0,22.0,,,
1933-10-09,94.0,-39.0,0.0,,
1933-10-10,139.0,33.0,,,
1933-10-12,83.0,,,,
1933-10-13,50.0,-94.0,0.0,,
1933-10-14,106.0,6.0,,,
1933-10-15,67.0,50.0,,,
1933-10-16,150.0,33.0,,,
1933-10-17,50.0,-33.0,,,
1933-10-18,61.0,-33.0,,,
1933-10-19,100.0,-11.0,,,
1933-10-20,83.0,,163.0,,
1933-10-21,,-6.0,,,
1933-10-23,28.0,,,,
1933-10-26,6.0,-61.0,,,
1933-10-27,6.0,-117.0,,,
1933-10-28,,-172.0,,,
1933-10-30,39.0,,0.0,,
1934-05-02,256.0,56.0,147.0,,
1934-05-03,172.0,22.0,135.0,,
1934-05-04,144.0,39.0,20.0,,
1934-05-05,211.0,6.0,,,
1934-05-06,272.0,167.0,,,
1934-05-07,239.0,6.0,,,
1934-05-08,261.0,89.0,,,
1934-05-09,283.0,106.0,,,
1934-05-10,278.0,78.0,13.0,,
1934-05-11,100.0,-28.0,330.0,,
1934-05-12,194.0,44.0,,,
1934-05-13,61.0,22.0,46.0,,
1934-05-14,178.0,28.0,,,
1934-05-15,117.0,-22.0,,,
1934-05-16,139.0,50.0,,,
1934-05-17,239.0,28.0,,,
1934-05-18,139.0,44.0,18.0,,
1934-05-19,267.0,83.0,,,
1934-05-20,267.0,33.0,66.0,,
1934-05-21,267.0,83.0,,,
1934-05-22,167.0,-17.0,,,
1934-05-23,144.0,-11.0,,,
1934-05-24,144.0,-28.0,,,
1934-05-25,189.0,44.0,,,
1934-05-26,239.0,33.0,,,
1934-05-28,311.0,133.0,,,
1934-05-29,317.0,56.0,,,
1934-05-30,289.0,94.0,,,
1934-05-31,328.0,200.0,,,
1934-06-01,372.0,122.0,0.0,,
1934-06-02,250.0,56.0,0.0,,
1934-06-03,278.0,106.0,0.0,,
1934-06-04,250.0,,23.0,,
1934-06-05,278.0,156.0,71.0,,
1934-06-06,200.0,67.0,3.0,,
1934-06-07,167.0,61.0,0.0,,
1934-06-08,117.0,56.0,28.0,,
1934-06-09,206.0,117.0,33.0,,
1934-06-10,183.0,94.0,0.0,,
1934-06-11,256.0,94.0,320.0,,
1934-06-12,178.0,106.0,46.0,,
1934-06-13,217.0,56.0,0.0,,
1934-06-14,256.0,139.0,8.0,,
1934-06-15,228.0,44.0,0.0,,
1934-06-16,217.0,39.0,0.0,,
1934-06-17,244.0,106.0,0.0,,
1934-06-18,217.0,89.0,104.0,,
1934-06-19,211.0,39.0,0.0,,
1934-06-20,200.0,106.0,297.0,,
1934-06-21,156.0,78.0,625.0,,
1934-06-22,267.0,133.0,145.0,,
1934-06-23,272.0,128.0,10.0,,
1934-06-24,256.0,94.0,0.0,,
1934-06-25,244.0,139.0,38.0,,
1934-06-26,189.0,128.0,43.0,,
1934-06-27,256.0,139.0,0.0,,
1934-06-28,283.0,144.0,0.0,,
1934-06-29,278.0,128.0,0.0,,
1934-06-30,300.0,139.0,0.0,,
1934-07-01,250.0,100.0,0.0,,
1934-07-02,250.0,133.0,36.0,,
1934-07-03,222.0,100.0,0.0,,
1934-07-04,250.0,111.0,97.0,,
1934-07-05,244.0,44.0,3.0,,
1934-07-06,222.0,78.0,28.0,,
1934-07-07,183.0,33.0,0.0,,
1934-07-08,239.0,94.0,0.0,,
1934-07-09,256.0,150.0,0.0,,
1934-07-10,311.0,100.0,132.0,,
1934-07-11,294.0,106.0,279.0,,
1934-07-12,311.0,156.0,46.0,,
1934-07-13,278.0,133.0,0.0,,
1934-07-14,294.0,122.0,0.0,,
1934-07-15,272.0,56.0,0.0,,
1934-07-16,228.0,44.0,0.0,,
1934-07-17,272.0,89.0,0.0,,
1934-07-18,300.0,178.0,0.0,,
1934-07-19,356.0,172.0,28.0,,
1934-07-20,294.0,83.0,0.0,,
1934-07-21,256.0,144.0,183.0,,
1934-07-22,,111.0,0.0,,
1934-07-23,289.0,161.0,0.0,,
1934-07-24,339.0,144.0,0.0,,
1934-07-25,317.0,117.0,0.0,,
1934-07-26,256.0,72.0,0.0,,
1934-07-27,289.0,56.0,0.0,,
1934-07-28,217.0,61.0,0.0,,
1934-07-29,256.0,122.0,152.0,,
1934-07-30,217.0,44.0,0.0,,
1934-07-31,217.0,33.0,0.0,,
1934-08-01,256.0,111.0,5.0,,
1934-08-02,283.0,128.0,46.0,,
1934-08-03,267.0,89.0,3.0,,
1934-08-04,244.0,94.0,0.0,,
1934-08-05,283.0,111.0,0.0,,
1934-08-06,322.0,122.0,0.0,,
1934-08-07,294.0,72.0,0.0,,
1934-08-08,322.0,161.0,0.0,,
1934-08-09,289.0,89.0,0.0,,
1934-08-10,256.0,50.0,0.0,,
1934-08-11,233.0,122.0,0.0,,
1934-08-12,211.0,106.0,0.0,,
1934-08-13,239.0,72.0,10.0,,
1934-08-14,217.0,106.0,132.0,,
1934-08-15,250.0,83.0,0.0,,
1934-08-16,317.0,117.0,0.0,,
1934-08-17,328.0,122.0,0.0,,
1934-08-18,322.0,172.0,0.0,,
1934-08-19,150.0,83.0,135.0,,
1934-08-20,222.0,0.0,0.0,,
1934-08-21,228.0,94.0,10.0,,
1934-08-22,206.0,72.0,10.0,,
1934-08-23,128.0,78.0,66.0,,
1934-08-24,139.0,11.0,0.0,,
1934-08-25,150.0,17.0,0.0,,
1934-08-26,172.0,28.0,0.0,,
1934-08-27,156.0,33.0,0.0,,
1934-08-28,194.0,-28.0,0.0,,
1934-08-29,222.0,28.0,0.0,,
1934-08-30,144.0,94.0,0.0,,
1934-08-31,156.0,106.0,0.0,,
1934-09-01,133.0,100.0,66.0,,
1934-09-02,144.0,61.0,8.0,,
1934-09-03,167.0,56.0,5.0,,
1934-09-04,161.0,28.0,0.0,,
1934-09-05,150.0,83.0,20.0,,
1934-09-06,194.0,11.0,81.0,,
1934-09-07,239.0,50.0,0.0,,
1934-09-08,239.0,61.0,0.0,,
1934-09-09,244.0,56.0,0.0,,
1934-09-10,250.0,128.0,30.0,,
1934-09-11,239.0,117.0,0.0,,
1934-09-12,183.0,83.0,0.0,,
1934-09-13,239.0,67.0,0.0,,
1934-09-14,128.0,106.0,15.0,,
1934-09-15,144.0,61.0,8.0,,
1934-09-16,167.0,-28.0,0.0,,
1934-09-17,206.0,44.0,3.0,,
1934-09-18,167.0,22.0,0.0,,
1934-09-19,206.0,94.0,51.0,,
1934-09-20,83.0,28.0,0.0,,
1934-09-21,133.0,-61.0,0.0,,
1934-09-22,172.0,-11.0,0.0,,
1934-09-23,139.0,67.0,0.0,,
1934-09-24,200.0,106.0,160.0,,
1934-09-25,122.0,83.0,46.0,,
1934-09-26,28.0,6.0,3.0,,
1934-09-27,139.0,-22.0,0.0,,
1934-09-28,83.0,-28.0,0.0,,
1934-09-29,100.0,-67.0,0.0,,
1934-09-30,139.0,-6.0,0.0,,
1934-10-01,189.0,11.0,0.0,,
1934-10-02,83.0,33.0,0.0,,
1934-10-03,122.0,-28.0,0.0,,
1934-10-04,122.0,33.0,0.0,,
1934-10-05,206.0,72.0,13.0,,
1934-10-06,139.0,78.0,8.0,,
1934-10-07,222.0,-6.0,0.0,,
1934-10-08,172.0,-28.0,0.0,,
1934-10-09,183.0,-39.0,0.0,,
1934-10-10,261.0,44.0,0.0,,
1934-10-11,233.0,67.0,0.0,,
1934-10-12,250.0,-22.0,0.0,,
1934-10-13,272.0,67.0,0.0,,
1934-10-14,250.0,89.0,0.0,,
1934-10-15,167.0,78.0,0.0,,
1934-10-16,167.0,100.0,46.0,,
1934-10-17,44.0,17.0,48.0,,
1934-10-18,67.0,11.0,33.0,,
1934-10-19,122.0,28.0,8.0,,
1934-10-20,94.0,56.0,264.0,,
1934-10-21,106.0,61.0,,,
1934-10-22,167.0,-6.0,3.0,,
1934-10-23,211.0,72.0,0.0,,
1934-10-24,83.0,72.0,170.0,,
1934-10-25,89.0,28.0,3.0,,
1934-10-26,56.0,-28.0,0.0,,
1934-10-27,28.0,-28.0,20.0,,
1934-10-28,33.0,-50.0,0.0,,
1934-10-29,28.0,-44.0,0.0,,
1934-10-30,17.0,-56.0,0.0,,
1934-10-31,-22.0,-61.0,0.0,,
1935-04-01,22.0,-117.0,0.0,,
1935-04-02,,-133.0,25.0,,
1935-04-03,17.0,,0.0,,
1935-04-04,28.0,-161.0,0.0,,
1935-04-05,50.0,-128.0,0.0,,
1935-04-06,44.0,-61.0,0.0,,
1935-04-07,56.0,-56.0,30.0,,
1935-04-08,83.0,-117.0,0.0,,
1935-04-09,117.0,-56.0,0.0,,
1935-04-10,122.0,-50.0,0.0,,
1935-04-11,94.0,0.0,0.0,,
1935-04-12,122.0,-72.0,0.0,,
1935-04-13,150.0,-11.0,0.0,,
1935-04-14,28.0,22.0,0.0,,
1935-04-15,-28.0,-128.0,10.0,,
1935-04-16,61.0,-117.0,0.0,,
1935-04-17,67.0,-44.0,8.0,,
1935-04-18,39.0,28.0,28.0,,
1935-04-19,72.0,-44.0,3.0,,
1935-04-20,156.0,-67.0,0.0,,
1935-04-21,172.0,-122.0,0.0,,
1935-04-22,178.0,-28.0,0.0,,
1935-04-23,178.0,-22.0,0.0,,
1935-04-24,206.0,28.0,0.0,,
1935-04-25,172.0,61.0,0.0,,
1935-04-26,78.0,61.0,130.0,,
1935-04-27,150.0,39.0,58.0,,
1935-04-28,67.0,17.0,8.0,,
1935-04-29,56.0,-6.0,102.0,,
1935-04-30,100.0,-50.0,0.0,,
1935-05-01,117.0,-22.0,0.0,,
1935-05-02,83.0,-6.0,0.0,,
1935-05-03,106.0,-33.0,0.0,,
1935-05-04,128.0,-6.0,0.0,,
1935-05-05,156.0,-17.0,0.0,,
1935-05-06,161.0,50.0,23.0,,
1935-05-07,183.0,-6.0,0.0,,
1935-05-08,144.0,72.0,48.0,,
1935-05-09,72.0,33.0,46.0,,
1935-05-10,83.0,17.0,13.0,,
1935-05-11,94.0,28.0,20.0,,
1935-05-12,72.0,22.0,135.0,,
1935-05-13,106.0,0.0,13.0,,
1935-05-14,150.0,-39.0,0.0,,
1935-05-15,172.0,-22.0,0.0,,
1935-05-16,161.0,0.0,0.0,,
1935-05-17,228.0,-17.0,0.0,,
1935-05-18,228.0,17.0,0.0,,
1935-05-19,250.0,22.0,0.0,,
1935-05-20,261.0,33.0,0.0,,
1935-05-21,178.0,89.0,0.0,,
1935-05-22,172.0,6.0,0.0,,
1935-05-23,206.0,-17.0,0.0,,
1935-05-24,233.0,11.0,0.0,,
1935-05-25,256.0,33.0,0.0,,
1935-05-26,211.0,111.0,20.0,,
1935-05-27,161.0,61.0,5.0,,
1935-05-28,183.0,44.0,13.0,,
1935-05-29,183.0,61.0,0.0,,
1935-05-30,228.0,6.0,0.0,,
1935-05-31,272.0,22.0,0.0,,
1935-06-01,161.0,106.0,23.0,,
1935-06-02,228.0,122.0,89.0,,
1935-06-03,89.0,78.0,13.0,,
1935-06-04,78.0,6.0,99.0,,
1935-06-05,83.0,17.0,5.0,,
1935-06-06,78.0,-6.0,3.0,,
1935-06-07,128.0,28.0,5.0,,
1935-06-08,211.0,6.0,0.0,,
1935-06-09,211.0,67.0,0.0,,
1935-06-10,217.0,72.0,36.0,,
1935-06-11,267.0,33.0,0.0,,
1935-06-12,217.0,33.0,104.0,,
1935-06-13,194.0,39.0,0.0,,
1935-06-14,233.0,128.0,218.0,,
1935-06-15,244.0,83.0,0.0,,
1935-06-16,183.0,94.0,13.0,,
1935-06-17,222.0,106.0,51.0,,
1935-06-18,150.0,61.0,0.0,,
1935-06-19,167.0,83.0,0.0,,
1935-06-20,122.0,72.0,0.0,,
1935-06-21,194.0,106.0,43.0,,
1935-06-22,228.0,83.0,3.0,,
1935-06-23,267.0,33.0,0.0,,
1935-06-24,239.0,44.0,0.0,,
1935-06-25,217.0,161.0,287.0,,
1935-06-26,222.0,128.0,0.0,,
1935-06-27,222.0,100.0,15.0,,
1935-06-28,250.0,78.0,28.0,,
1935-06-29,306.0,94.0,0.0,,
1935-06-30,322.0,128.0,0.0,,
1935-07-01,,122.0,0.0,,
1935-07-02,,167.0,0.0,,
1935-07-03,,206.0,0.0,,
1935-07-04,,139.0,0.0,,
1935-07-05,,183.0,658.0,,
1935-07-06,,128.0,38.0,,
1935-07-07,256.0,128.0,0.0,,
1935-07-08,272.0,117.0,0.0,,
1935-07-09,317.0,150.0,0.0,,
1935-07-10,261.0,178.0,0.0,,
1935-07-11,261.0,150.0,198.0,,
1935-07-12,256.0,144.0,0.0,,
1935-07-13,261.0,139.0,0.0,,
1935-07-14,317.0,144.0,0.0,,
1935-07-15,267.0,106.0,38.0,,
1935-07-16,322.0,144.0,13.0,,
1935-07-17,283.0,206.0,0.0,,
1935-07-18,,183.0,160.0,,
1935-07-19,300.0,161.0,0.0,,
1935-07-20,322.0,183.0,0.0,,
1935-07-21,278.0,167.0,0.0,,
1935-07-22,283.0,128.0,0.0,,
1935-07-23,306.0,161.0,0.0,,
1935-07-24,322.0,133.0,0.0,,
1935-07-25,328.0,150.0,0.0,,
1935-07-26,333.0,167.0,0.0,,
1935-07-27,322.0,183.0,8.0,,
1935-07-28,317.0,156.0,0.0,,
1935-07-29,328.0,139.0,0.0,,
1935-07-30,300.0,139.0,5.0,,
1935-07-31,317.0,122.0,0.0,,
1935-08-01,233.0,111.0,0.0,,
1935-08-02,206.0,139.0,122.0,,
1935-08-03,256.0,139.0,0.0,,
1935-08-04,244.0,122.0,0.0,,
1935-08-05,272.0,100.0,0.0,,
1935-08-06,311.0,172.0,122.0,,
1935-08-07,317.0,167.0,0.0,,
1935-08-08,311.0,178.0,0.0,,
1935-08-09,322.0,172.0,0.0,,
1935-08-10,278.0,133.0,0.0,,
1935-08-11,267.0,161.0,13.0,,
1935-08-12,217.0,144.0,84.0,,
1935-08-13,294.0,117.0,0.0,,
1935-08-14,311.0,139.0,0.0,,
1935-08-15,317.0,211.0,0.0,,
1935-08-16,244.0,189.0,0.0,,
1935-08-17,211.0,122.0,183.0,,
1935-08-18,256.0,133.0,97.0,,
1935-08-19,206.0,139.0,20.0,,
1935-08-20,206.0,144.0,178.0,,
1935-08-21,239.0,61.0,10.0,,
1935-08-22,250.0,89.0,0.0,,
1935-08-23,250.0,139.0,0.0,,
1935-08-24,200.0,172.0,0.0,,
1935-08-25,250.0,156.0,279.0,,
1935-08-26,167.0,117.0,25.0,,
1935-08-27,200.0,72.0,3.0,,
1935-08-28,139.0,28.0,13.0,,
1935-08-29,139.0,39.0,5.0,,
1935-08-30,183.0,22.0,0.0,,
1935-08-31,144.0,-11.0,3.0,,
1935-09-01,156.0,-6.0,0.0,,
1935-09-02,222.0,33.0,0.0,,
1935-09-03,183.0,117.0,109.0,,
1935-09-04,206.0,61.0,13.0,,
1935-09-05,144.0,83.0,13.0,,
1935-09-06,189.0,0.0,0.0,,
1935-09-07,200.0,89.0,0.0,,
1935-09-08,156.0,44.0,0.0,,
1935-09-09,167.0,6.0,23.0,,
1935-09-10,206.0,56.0,0.0,,
1935-09-11,189.0,78.0,0.0,,
1935-09-12,128.0,50.0,198.0,,
1935-09-13,133.0,50.0,20.0,,
1935-09-14,139.0,83.0,18.0,,
1935-09-15,133.0,17.0,0.0,,
1935-09-16,222.0,17.0,0.0,,
1935-09-17,239.0,111.0,0.0,,
1935-09-18,211.0,78.0,0.0,,
1935-09-19,239.0,33.0,0.0,,
1935-09-20,200.0,78.0,5.0,,
1935-09-21,222.0,22.0,0.0,,
1935-09-22,239.0,0.0,0.0,,
1935-09-23,256.0,56.0,0.0,,
1935-09-24,206.0,111.0,3.0,,
1935-09-25,183.0,111.0,66.0,,
1935-09-26,128.0,-6.0,0.0,,
1935-09-27,139.0,-39.0,0.0,,
1935-09-28,128.0,56.0,10.0,,
1935-09-29,,-61.0,5.0,,
1935-09-30,106.0,22.0,5.0,,
1935-10-01,100.0,-6.0,5.0,,
1935-10-02,,-6.0,69.0,,
1935-10-03,28.0,-17.0,10.0,,
1935-10-04,28.0,-6.0,0.0,,
1935-10-05,50.0,-72.0,0.0,,
1935-10-06,106.0,-78.0,0.0,,
1935-10-07,178.0,0.0,0.0,,
1935-10-08,183.0,56.0,0.0,,
1935-10-09,28.0,17.0,0.0,,
1935-10-10,39.0,-22.0,0.0,,
1935-10-11,83.0,-83.0,0.0,,
1935-10-12,133.0,-6.0,5.0,,
1935-10-13,122.0,83.0,20.0,,
1935-10-14,156.0,72.0,157.0,,
1935-10-15,150.0,17.0,0.0,,
1935-10-16,222.0,111.0,0.0,,
1935-10-17,156.0,0.0,0.0,,
1935-10-18,194.0,33.0,0.0,,
1935-10-19,117.0,67.0,0.0,,
1935-10-20,128.0,44.0,0.0,,
1935-10-21,72.0,0.0,8.0,,
1935-10-22,-11.0,-22.0,0.0,,
1935-10-23,72.0,-67.0,0.0,,
1935-10-24,172.0,-72.0,0.0,,
1935-10-25,200.0,56.0,0.0,,
1935-10-26,,-11.0,0.0,,
1935-10-27,,33.0,0.0,,
1935-10-28,122.0,17.0,0.0,,
1935-10-29,156.0,11.0,0.0,,
1935-10-30,144.0,100.0,15.0,,
1935-10-31,,,218.0,,
1936-04-01,-22.0,-200.0,0.0,,
1936-04-02,61.0,-189.0,0.0,,
1936-04-03,-22.0,-128.0,0.0,,
1936-04-04,-11.0,-211.0,0.0,,
1936-04-05,-50.0,-161.0,0.0,,
1936-04-06,-17.0,-133.0,0.0,,
1936-04-07,-161.0,-217.0,0.0,,
1936-04-08,89.0,-83.0,0.0,,
1936-04-09,50.0,-94.0,0.0,,
1936-04-10,100.0,-44.0,0.0,,
1936-04-11,111.0,-11.0,,,
1936-04-12,100.0,-17.0,0.0,,
1936-04-13,44.0,-39.0,0.0,,
1936-04-14,72.0,11.0,0.0,,
1936-04-15,56.0,-6.0,,,
1936-04-16,61.0,-6.0,,,
1936-04-17,67.0,-44.0,,,
1936-04-18,117.0,-78.0,0.0,,
1936-04-19,111.0,-6.0,0.0,,
1936-04-20,33.0,-56.0,28.0,,
1936-04-21,,-78.0,0.0,,
1936-04-22,,-111.0,0.0,,
1936-04-23,,-67.0,0.0,,
1936-04-24,78.0,-72.0,0.0,,
1936-04-25,72.0,-11.0,53.0,,
1936-04-26,150.0,-50.0,0.0,,
1936-04-27,100.0,50.0,0.0,,
1936-04-28,61.0,-17.0,,,
1936-04-29,117.0,-61.0,,,
1936-04-30,133.0,-39.0,0.0,,
1936-05-01,128.0,-17.0,53.0,,
1936-05-02,150.0,-6.0,,,
1936-05-03,161.0,0.0,,,
1936-05-04,189.0,100.0,,,
1936-05-05,161.0,11.0,,,
1936-05-06,289.0,50.0,,,
1936-05-07,233.0,111.0,,,
1936-05-08,122.0,44.0,,,
1936-05-09,194.0,67.0,,,
1936-05-10,217.0,33.0,,,
1936-05-11,261.0,72.0,,,
1936-05-12,222.0,111.0,0.0,,
1936-05-13,150.0,33.0,,,
1936-05-14,222.0,6.0,,,
1936-05-15,211.0,0.0,,,
1936-05-16,283.0,50.0,,,
1936-05-17,200.0,117.0,,,
1936-05-18,150.0,72.0,79.0,,
1936-05-19,144.0,0.0,25.0,,
1936-05-20,217.0,-11.0,,,
1936-05-21,244.0,72.0,,,
1936-05-22,283.0,133.0,46.0,,
1936-05-23,233.0,128.0,,,
1936-05-24,233.0,67.0,46.0,,
1936-05-25,261.0,106.0,15.0,,
1936-05-26,222.0,100.0,10.0,,
1936-05-27,244.0,33.0,0.0,,
1936-05-28,239.0,50.0,0.0,,
1936-05-29,233.0,67.0,0.0,,
1936-05-30,283.0,61.0,0.0,,
1936-05-31,294.0,128.0,0.0,,
1936-06-01,156.0,33.0,,,
1936-06-02,139.0,39.0,,,
1936-06-03,150.0,11.0,0.0,,
1936-06-04,222.0,44.0,,,
1936-06-05,261.0,100.0,,,
1936-06-06,211.0,133.0,43.0,,
1936-06-07,200.0,94.0,3.0,,
1936-06-08,222.0,94.0,53.0,,
1936-06-09,228.0,67.0,,,
1936-06-10,228.0,0.0,,,
1936-06-11,267.0,178.0,,,
1936-06-12,267.0,122.0,,,
1936-06-13,289.0,156.0,,,
1936-06-14,167.0,100.0,,,
1936-06-15,200.0,11.0,,,
1936-06-16,217.0,83.0,66.0,,
1936-06-17,144.0,83.0,13.0,,
1936-06-18,222.0,6.0,,,
1936-06-19,283.0,117.0,18.0,,
1936-06-20,278.0,39.0,,,
1936-06-21,294.0,22.0,,,
1936-06-22,278.0,22.0,,,
1936-06-23,283.0,89.0,,,
1936-06-24,339.0,133.0,,,
1936-06-25,300.0,183.0,,,
1936-06-26,283.0,111.0,,,
1936-06-27,283.0,111.0,,,
1936-06-28,300.0,33.0,,,
1936-06-29,222.0,122.0,13.0,,
1936-06-30,239.0,89.0,157.0,,
1936-07-01,233.0,128.0,66.0,,
1936-07-02,228.0,94.0,48.0,,
1936-07-03,261.0,106.0,,,
1936-07-04,272.0,94.0,,,
1936-07-05,300.0,94.0,,,
1936-07-06,339.0,133.0,,,
1936-07-07,389.0,211.0,,,
1936-07-08,367.0,250.0,,,
1936-07-09,389.0,217.0,,,
1936-07-10,344.0,194.0,,,
1936-07-11,406.0,222.0,,,
1936-07-12,411.0,211.0,,,
1936-07-13,411.0,222.0,,,
1936-07-14,339.0,200.0,229.0,,
1936-07-15,350.0,156.0,20.0,,
1936-07-16,372.0,200.0,,,
1936-07-17,361.0,156.0,64.0,,
1936-07-18,256.0,172.0,,,
1936-07-19,233.0,139.0,,,
1936-07-20,294.0,117.0,,,
1936-07-21,306.0,167.0,,,
1936-07-22,283.0,133.0,,,
1936-07-23,244.0,122.0,46.0,,
1936-07-24,272.0,56.0,,,
1936-07-25,289.0,67.0,,,
1936-07-26,267.0,89.0,38.0,,
1936-07-27,294.0,83.0,41.0,,
1936-07-28,222.0,117.0,,,
1936-07-29,250.0,33.0,,,
1936-07-30,294.0,44.0,,,
1936-07-31,344.0,167.0,,,
1936-08-01,344.0,211.0,,,
1936-08-02,333.0,172.0,,,
1936-08-03,222.0,111.0,,,
1936-08-04,233.0,50.0,,,
1936-08-05,261.0,94.0,,,
1936-08-06,317.0,72.0,,,
1936-08-07,333.0,117.0,,,
1936-08-08,328.0,156.0,127.0,,
1936-08-09,289.0,128.0,,,
1936-08-10,322.0,56.0,,,
1936-08-11,317.0,,,,
1936-08-12,278.0,83.0,,,
1936-08-13,267.0,128.0,,,
1936-08-14,239.0,133.0,48.0,,
1936-08-15,317.0,144.0,152.0,,
1936-08-16,222.0,128.0,,,
1936-08-17,272.0,56.0,,,
1936-08-18,278.0,156.0,,,
1936-08-19,206.0,78.0,,,
1936-08-20,261.0,50.0,,,
1936-08-21,256.0,50.0,,,
1936-08-22,272.0,50.0,5.0,,
1936-08-23,267.0,67.0,,,
1936-08-24,200.0,72.0,15.0,,
1936-08-25,167.0,72.0,,,
1936-08-26,228.0,28.0,,,
1936-08-27,217.0,44.0,,,
1936-08-28,128.0,100.0,,,
1936-08-29,222.0,89.0,203.0,,
1936-08-30,211.0,83.0,,,
1936-08-31,256.0,6.0,,,
1936-09-01,272.0,83.0,,,
1936-09-02,250.0,56.0,,,
1936-09-03,300.0,94.0,,,
1936-09-04,228.0,150.0,,,
1936-09-05,272.0,172.0,10.0,,
1936-09-06,294.0,133.0,,,
1936-09-07,306.0,156.0,,,
1936-09-08,206.0,122.0,,,
1936-09-09,228.0,11.0,,,
1936-09-10,239.0,100.0,53.0,,
1936-09-11,267.0,,,,
1936-09-12,211.0,128.0,,,
1936-09-13,217.0,128.0,,,
1936-09-14,272.0,128.0,56.0,,
1936-09-15,200.0,50.0,147.0,,
1936-09-16,150.0,6.0,,,
1936-09-17,167.0,6.0,,,
1936-09-18,222.0,17.0,3.0,,
1936-09-19,239.0,56.0,,,
1936-09-20,233.0,78.0,254.0,,
1936-09-21,228.0,94.0,,,
1936-09-22,333.0,50.0,,,
1936-09-23,106.0,56.0,,,
1936-09-24,111.0,39.0,,,
1936-09-25,122.0,44.0,,,
1936-09-26,94.0,44.0,122.0,,
1936-09-27,117.0,0.0,122.0,,
1936-09-28,150.0,-17.0,,,
1936-09-29,156.0,-67.0,,,
1936-09-30,94.0,50.0,,,
1936-10-01,67.0,-33.0,,,
1936-10-02,89.0,-33.0,,,
1936-10-03,178.0,-83.0,,,
1936-10-05,200.0,17.0,,,
1936-10-06,83.0,67.0,,,
1936-10-07,222.0,-11.0,,,
1936-10-08,261.0,44.0,,,
1936-10-09,172.0,44.0,,,
1936-10-10,106.0,0.0,5.0,,
1936-10-11,72.0,11.0,,,
1936-10-12,11.0,-89.0,,,
1936-10-13,89.0,-89.0,,,
1936-10-14,128.0,6.0,,,
1936-10-15,117.0,0.0,,,
1936-10-16,33.0,17.0,,,
1936-10-17,33.0,-44.0,13.0,,
1936-10-18,156.0,56.0,3.0,,
1936-10-19,111.0,33.0,,,
1936-10-20,33.0,-6.0,,,
1936-10-21,0.0,-89.0,,,
1936-10-22,-22.0,-122.0,,,
1936-10-23,-17.0,-128.0,,,
1936-10-24,-33.0,-106.0,41.0,,
1936-10-25,-17.0,-100.0,147.0,,
1936-10-26,-11.0,-228.0,,,
1936-10-27,44.0,-89.0,,,
1936-10-28,39.0,-22.0,,,
1936-10-29,33.0,11.0,,,
1936-10-30,89.0,-117.0,,,
1936-10-31,72.0,17.0,,,
1937-04-01,6.0,-122.0,76.0,,
1937-04-02,44.0,-122.0,0.0,,
1937-04-03,33.0,-94.0,0.0,,
1937-04-04,44.0,-56.0,64.0,,
1937-04-05,61.0,-33.0,0.0,,
1937-04-06,89.0,-83.0,64.0,,
1937-04-07,67.0,-11.0,0.0,,
1937-04-08,72.0,-106.0,0.0,,
1937-04-09,67.0,-89.0,0.0,,
1937-04-10,89.0,-133.0,0.0,,
1937-04-11,122.0,-61.0,0.0,,
1937-04-12,83.0,-78.0,0.0,,
1937-04-13,39.0,0.0,15.0,,
1937-04-14,28.0,-22.0,0.0,,
1937-04-15,44.0,-33.0,71.0,,
1937-04-16,50.0,-6.0,5.0,,
1937-04-17,139.0,6.0,71.0,,
1937-04-18,139.0,-6.0,0.0,,
1937-04-19,89.0,-50.0,0.0,,
1937-04-20,67.0,-17.0,0.0,,
1937-04-21,39.0,6.0,191.0,,
1937-04-22,128.0,-44.0,10.0,,
1937-04-23,28.0,11.0,0.0,,
1937-04-24,56.0,6.0,371.0,,
1937-04-25,78.0,6.0,193.0,,
1937-04-26,83.0,28.0,10.0,,
1937-04-27,178.0,6.0,0.0,,
1937-04-28,100.0,17.0,0.0,,
1937-04-29,106.0,22.0,0.0,,
1937-04-30,161.0,61.0,0.0,,
1937-05-01,144.0,67.0,56.0,,
1937-05-02,194.0,89.0,0.0,,
1937-05-03,267.0,11.0,0.0,,
1937-05-04,256.0,17.0,0.0,,
1937-05-05,217.0,6.0,0.0,,
1937-05-06,239.0,17.0,0.0,,
1937-05-07,261.0,50.0,0.0,,
1937-05-08,78.0,44.0,10.0,,
1937-05-09,161.0,-22.0,0.0,,
1937-05-10,228.0,-44.0,0.0,,
1937-05-11,194.0,94.0,81.0,,
1937-05-12,156.0,44.0,0.0,,
1937-05-13,128.0,0.0,8.0,,
1937-05-14,167.0,-6.0,0.0,,
1937-05-15,150.0,50.0,0.0,,
1937-05-16,183.0,78.0,94.0,,
1937-05-17,183.0,11.0,0.0,,
1937-05-18,194.0,0.0,0.0,,
1937-05-19,211.0,-11.0,0.0,,
1937-05-20,94.0,67.0,36.0,,
1937-05-21,100.0,67.0,191.0,,
1937-05-22,167.0,72.0,10.0,,
1937-05-23,206.0,22.0,0.0,,
1937-05-24,133.0,33.0,5.0,,
1937-05-25,156.0,122.0,124.0,,
1937-05-26,183.0,56.0,0.0,,
1937-05-27,222.0,111.0,0.0,,
1937-05-28,294.0,56.0,0.0,,
1937-05-29,317.0,172.0,0.0,,
1937-05-30,189.0,139.0,231.0,,
1937-05-31,128.0,94.0,249.0,,
1937-06-01,189.0,22.0,79.0,,
1937-06-02,183.0,100.0,20.0,,
1937-06-03,272.0,39.0,0.0,,
1937-06-04,261.0,89.0,0.0,,
1937-06-05,206.0,122.0,0.0,,
1937-06-06,272.0,172.0,135.0,,
1937-06-07,128.0,28.0,74.0,,
1937-06-08,139.0,28.0,10.0,,
1937-06-09,211.0,17.0,0.0,,
1937-06-10,239.0,44.0,0.0,,
1937-06-11,244.0,72.0,0.0,,
1937-06-12,278.0,72.0,0.0,,
1937-06-13,250.0,89.0,0.0,,
1937-06-14,244.0,44.0,0.0,,
1937-06-15,289.0,83.0,0.0,,
1937-06-16,289.0,117.0,0.0,,
1937-06-17,294.0,117.0,18.0,,
1937-06-18,256.0,144.0,0.0,,
1937-06-19,261.0,167.0,0.0,,
1937-06-20,283.0,139.0,0.0,,
1937-06-21,244.0,128.0,0.0,,
1937-06-22,306.0,83.0,0.0,,
1937-06-23,322.0,172.0,5.0,,
1937-06-24,283.0,183.0,0.0,,
1937-06-25,244.0,128.0,28.0,,
1937-06-26,289.0,106.0,0.0,,
1937-06-27,211.0,94.0,0.0,,
1937-06-28,217.0,72.0,0.0,,
1937-06-29,222.0,28.0,0.0,,
1937-06-30,256.0,17.0,0.0,,
1937-07-01,294.0,106.0,,,
1937-07-02,300.0,150.0,,,
1937-07-03,300.0,156.0,,,
1937-07-04,300.0,128.0,38.0,,
1937-07-05,322.0,67.0,,,
1937-07-06,344.0,167.0,,,
1937-07-07,300.0,183.0,,,
1937-07-08,306.0,94.0,,,
1937-07-09,283.0,156.0,170.0,,
1937-07-10,350.0,189.0,,,
1937-07-11,339.0,200.0,,,
1937-07-12,267.0,178.0,521.0,,
1937-07-13,278.0,178.0,28.0,,
1937-07-14,239.0,183.0,353.0,,
1937-07-15,211.0,183.0,,,
1937-07-16,194.0,128.0,556.0,,
1937-07-17,250.0,56.0,56.0,,
1937-07-19,294.0,128.0,,,
1937-07-20,317.0,156.0,,,
1937-07-21,317.0,128.0,,,
1937-07-22,306.0,150.0,,,
1937-07-23,211.0,156.0,,,
1937-07-24,250.0,94.0,,,
1937-07-25,228.0,94.0,127.0,,
1937-07-26,244.0,67.0,5.0,,
1937-07-27,233.0,111.0,,,
1937-07-28,233.0,106.0,,,
1937-07-29,228.0,67.0,,,
1937-07-30,267.0,67.0,,,
1937-07-31,256.0,106.0,,,
1937-08-01,256.0,106.0,130.0,,
1937-08-02,311.0,111.0,183.0,,
1937-08-03,272.0,150.0,244.0,,
1937-08-04,306.0,144.0,,,
1937-08-05,333.0,122.0,,,
1937-08-06,367.0,161.0,,,
1937-08-07,333.0,206.0,,,
1937-08-08,278.0,172.0,5.0,,
1937-08-09,294.0,139.0,,,
1937-08-10,283.0,178.0,,,
1937-08-11,,100.0,,,
1937-08-12,261.0,117.0,,,
1937-08-13,278.0,94.0,,,
1937-08-14,311.0,144.0,,,
1937-08-16,,194.0,,,
1937-08-17,244.0,78.0,,,
1937-08-18,289.0,111.0,5.0,,
1937-08-19,250.0,89.0,127.0,,
1937-08-20,200.0,117.0,5.0,,
1937-08-22,250.0,50.0,,,
1937-08-23,306.0,,,,
1937-08-24,306.0,167.0,,,
1937-08-25,294.0,167.0,,,
1937-08-26,322.0,161.0,,,
1937-08-27,311.0,106.0,,,
1937-08-28,322.0,161.0,3.0,,
1937-08-29,,161.0,0.0,,
1937-08-30,211.0,122.0,305.0,,
1937-08-31,183.0,111.0,5.0,,
1937-09-01,300.0,161.0,76.0,,
1937-09-02,300.0,189.0,114.0,,
1937-09-03,200.0,150.0,,,
1937-09-04,161.0,56.0,,,
1937-09-05,206.0,33.0,,,
1937-09-06,206.0,33.0,,,
1937-09-07,222.0,28.0,,,
1937-09-08,267.0,61.0,3.0,,
1937-09-09,283.0,122.0,,,
1937-09-10,183.0,106.0,,,
1937-09-11,150.0,78.0,20.0,,
1937-09-12,283.0,0.0,,,
1937-09-13,228.0,17.0,,,
1937-09-14,183.0,94.0,0.0,,
1937-09-15,106.0,-11.0,10.0,,
1937-09-16,144.0,0.0,,,
1937-09-17,139.0,0.0,0.0,,
1937-09-18,167.0,50.0,13.0,,
1937-09-19,144.0,-50.0,,,
1937-09-20,228.0,22.0,89.0,,
1937-09-21,267.0,11.0,,,
1937-09-22,228.0,144.0,,,
1937-09-23,250.0,50.0,,,
1937-09-24,117.0,83.0,41.0,,
1937-09-25,194.0,6.0,13.0,,
1937-09-26,183.0,-6.0,15.0,,
1937-09-27,189.0,11.0,0.0,,
1937-09-28,111.0,56.0,,,
1937-09-29,106.0,-22.0,,,
1937-09-30,128.0,67.0,,,
1937-10-01,72.0,28.0,0.0,,
1937-10-02,194.0,-6.0,25.0,,
1937-10-03,211.0,44.0,10.0,,
1937-10-04,222.0,144.0,0.0,,
1937-10-05,217.0,139.0,0.0,,
1937-10-06,117.0,11.0,13.0,,
1937-10-07,100.0,-33.0,0.0,,
1937-10-08,67.0,-67.0,0.0,,
1937-10-09,111.0,33.0,0.0,,
1937-10-10,144.0,22.0,0.0,,
1937-10-11,139.0,-6.0,0.0,,
1937-10-12,,-78.0,36.0,,
1937-10-13,67.0,-61.0,0.0,,
1937-10-14,56.0,-78.0,0.0,,
1937-10-15,89.0,-78.0,0.0,,
1937-10-16,56.0,-67.0,0.0,,
1937-10-17,61.0,-11.0,0.0,,
1937-10-18,161.0,17.0,36.0,,
1937-10-19,106.0,33.0,0.0,,
1937-10-20,56.0,22.0,0.0,,
1937-10-21,6.0,-17.0,36.0,,
1937-10-22,6.0,-39.0,0.0,,
1937-10-23,33.0,-111.0,0.0,,
1937-10-24,94.0,22.0,0.0,,
1937-10-25,89.0,-61.0,0.0,,
1937-10-26,122.0,22.0,8.0,,
1937-10-27,83.0,-61.0,0.0,,
1937-10-28,183.0,-6.0,0.0,,
1937-10-29,172.0,56.0,0.0,,
1937-10-30,89.0,0.0,0.0,,
1937-10-31,72.0,-72.0,0.0,,
1938-04-01,-50.0,-106.0,0.0,,
1938-04-02,0.0,-189.0,0.0,,
1938-04-03,6.0,-183.0,0.0,,
1938-04-04,0.0,-172.0,292.0,,
1938-04-05,-6.0,-206.0,0.0,,
1938-04-06,11.0,-150.0,0.0,,
1938-04-07,44.0,-167.0,0.0,,
1938-04-08,56.0,-83.0,0.0,,
1938-04-09,78.0,-61.0,0.0,,
1938-04-10,183.0,17.0,0.0,,
1938-04-11,128.0,-17.0,0.0,,
1938-04-12,200.0,-33.0,0.0,,
1938-04-13,150.0,-17.0,0.0,,
1938-04-14,178.0,33.0,0.0,,
1938-04-15,194.0,-33.0,0.0,,
1938-04-16,100.0,50.0,43.0,,
1938-04-17,183.0,50.0,102.0,,
1938-04-18,194.0,-22.0,0.0,,
1938-04-19,111.0,67.0,43.0,,
1938-04-20,94.0,-28.0,0.0,,
1938-04-21,56.0,0.0,43.0,,
1938-04-22,156.0,-56.0,0.0,,
1938-04-23,122.0,44.0,13.0,,
1938-04-24,133.0,11.0,0.0,,
1938-04-25,111.0,22.0,0.0,,
1938-04-26,133.0,61.0,284.0,,
1938-04-27,100.0,83.0,13.0,,
1938-04-28,83.0,0.0,208.0,,
1938-04-29,150.0,-61.0,84.0,,
1938-04-30,239.0,11.0,0.0,,
1938-05-01,161.0,22.0,0.0,,
1938-05-02,172.0,28.0,175.0,,
1938-05-03,256.0,67.0,0.0,,
1938-05-04,156.0,39.0,112.0,,
1938-05-05,100.0,17.0,262.0,,
1938-05-06,56.0,-11.0,424.0,,
1938-05-07,44.0,-78.0,15.0,,
1938-05-08,283.0,17.0,0.0,,
1938-05-09,183.0,0.0,0.0,,
1938-05-10,150.0,-33.0,0.0,,
1938-05-11,144.0,-22.0,0.0,,
1938-05-12,189.0,-11.0,0.0,,
1938-05-13,139.0,44.0,0.0,,
1938-05-14,150.0,89.0,66.0,,
1938-05-15,128.0,61.0,0.0,,
1938-05-16,189.0,61.0,0.0,,
1938-05-17,206.0,11.0,0.0,,
1938-05-18,156.0,56.0,0.0,,
1938-05-19,156.0,61.0,0.0,,
1938-05-20,194.0,78.0,0.0,,
1938-05-21,222.0,67.0,28.0,,
1938-05-22,156.0,44.0,0.0,,
1938-05-23,117.0,28.0,81.0,,
1938-05-24,144.0,-17.0,0.0,,
1938-05-25,167.0,44.0,5.0,,
1938-05-26,167.0,11.0,10.0,,
1938-05-27,239.0,28.0,10.0,,
1938-05-28,267.0,61.0,0.0,,
1938-05-29,183.0,122.0,0.0,,
1938-05-30,172.0,78.0,0.0,,
1938-05-31,211.0,78.0,132.0,,
1938-06-01,222.0,50.0,3.0,,
1938-06-02,228.0,67.0,,,
1938-06-03,244.0,111.0,15.0,,
1938-06-04,,78.0,114.0,,
1938-06-05,228.0,106.0,41.0,,
1938-06-06,156.0,78.0,,,
1938-06-07,100.0,-11.0,33.0,,
1938-06-08,167.0,50.0,10.0,,
1938-06-09,167.0,-6.0,,,
1938-06-10,194.0,106.0,,,
1938-06-11,200.0,61.0,,,
1938-06-12,217.0,67.0,,,
1938-06-13,261.0,67.0,,,
1938-06-14,267.0,156.0,28.0,,
1938-06-15,150.0,,,,
1938-06-16,200.0,78.0,0.0,,
1938-06-17,244.0,22.0,,,
1938-06-18,278.0,56.0,,,
1938-06-19,283.0,117.0,,,
1938-06-20,311.0,156.0,,,
1938-06-21,322.0,178.0,94.0,,
1938-06-22,278.0,161.0,,,
1938-06-23,294.0,128.0,,,
1938-06-24,222.0,150.0,,,
1938-06-25,211.0,106.0,0.0,,
1938-06-26,217.0,33.0,,,
1938-06-27,217.0,111.0,,,
1938-06-28,228.0,72.0,,,
1938-06-29,156.0,128.0,,,
1938-06-30,222.0,150.0,,,
1938-07-01,206.0,111.0,,,
1938-07-02,289.0,133.0,28.0,,
1938-07-05,278.0,139.0,,,
1938-07-06,322.0,183.0,10.0,,
1938-07-07,356.0,,,,
1938-07-08,267.0,,152.0,,
1938-07-09,228.0,133.0,,,
1938-07-10,261.0,144.0,432.0,,
1938-07-11,300.0,144.0,,,
1938-07-12,322.0,144.0,,,
1938-07-13,261.0,172.0,,,
1938-07-14,228.0,128.0,3.0,,
1938-07-15,256.0,,23.0,,
1938-07-16,,,0.0,,
1938-07-18,228.0,61.0,23.0,,
1938-07-19,217.0,144.0,56.0,,
1938-07-20,239.0,78.0,,,
1938-07-21,200.0,111.0,180.0,,
1938-07-22,233.0,106.0,185.0,,
1938-07-23,267.0,83.0,,,
1938-07-24,267.0,156.0,,,
1938-07-25,228.0,144.0,,,
1938-07-26,256.0,67.0,,,
1938-07-27,172.0,144.0,51.0,,
1938-07-28,278.0,78.0,71.0,,
1938-07-29,317.0,128.0,,,
1938-07-30,311.0,144.0,,,
1938-07-31,267.0,167.0,48.0,,
1938-08-01,294.0,156.0,,,
1938-08-02,333.0,161.0,8.0,,
1938-08-03,267.0,194.0,,,
1938-08-04,289.0,122.0,,,
1938-08-05,306.0,161.0,0.0,,
1938-08-06,261.0,94.0,,,
1938-08-07,200.0,128.0,51.0,,
1938-08-08,294.0,128.0,0.0,,
1938-08-09,256.0,178.0,18.0,,
1938-08-10,239.0,183.0,43.0,,
1938-08-11,261.0,94.0,,,
1938-08-12,283.0,150.0,,,
1938-08-13,272.0,183.0,8.0,,
1938-08-14,306.0,,320.0,,
1938-08-15,256.0,111.0,,,
1938-08-16,294.0,122.0,,,
1938-08-17,272.0,128.0,,,
1938-08-18,294.0,122.0,,,
1938-08-19,239.0,161.0,74.0,,
1938-08-20,217.0,122.0,25.0,,
1938-08-21,267.0,100.0,,,
1938-08-22,311.0,106.0,,,
1938-08-23,211.0,94.0,,,
1938-08-24,233.0,44.0,,,
1938-08-25,200.0,100.0,5.0,,
1938-08-26,250.0,67.0,,,
1938-08-27,272.0,89.0,,,
1938-08-28,233.0,161.0,3.0,,
1938-08-29,211.0,22.0,,,
1938-08-30,206.0,117.0,10.0,,
1938-08-31,200.0,111.0,,,
1938-09-01,200.0,44.0,0.0,,
1938-09-02,244.0,61.0,0.0,,
1938-09-03,244.0,61.0,0.0,,
1938-09-04,206.0,67.0,0.0,,
1938-09-05,222.0,11.0,0.0,,
1938-09-06,150.0,0.0,0.0,,
1938-09-07,156.0,117.0,33.0,,
1938-09-08,144.0,,0.0,,
1938-09-09,156.0,106.0,15.0,,
1938-09-10,239.0,128.0,66.0,,
1938-09-11,222.0,122.0,0.0,,
1938-09-12,244.0,100.0,0.0,,
1938-09-13,261.0,72.0,0.0,,
1938-09-14,189.0,67.0,0.0,,
1938-09-15,167.0,67.0,0.0,,
1938-09-16,200.0,,3.0,,
1938-09-17,128.0,,0.0,,
1938-09-18,122.0,,13.0,,
1938-09-19,156.0,-11.0,0.0,,
1938-09-20,194.0,-28.0,0.0,,
1938-09-21,244.0,6.0,0.0,,
1938-09-22,289.0,22.0,0.0,,
1938-09-23,233.0,94.0,0.0,,
1938-09-24,228.0,-6.0,0.0,,
1938-09-25,278.0,-6.0,0.0,,
1938-09-26,206.0,128.0,0.0,,
1938-09-27,239.0,17.0,0.0,,
1938-09-28,239.0,56.0,0.0,,
1938-09-29,178.0,17.0,0.0,,
1938-09-30,167.0,17.0,10.0,,
1938-10-01,200.0,6.0,0.0,,
1938-10-02,272.0,67.0,0.0,,
1938-10-03,261.0,50.0,0.0,,
1938-10-04,144.0,67.0,0.0,,
1938-10-05,117.0,50.0,0.0,,
1938-10-06,150.0,-44.0,0.0,,
1938-10-07,183.0,100.0,8.0,,
1938-10-08,161.0,28.0,0.0,,
1938-10-09,261.0,28.0,0.0,,
1938-10-10,272.0,100.0,0.0,,
1938-10-11,239.0,139.0,15.0,,
1938-10-12,211.0,128.0,0.0,,
1938-10-13,244.0,50.0,0.0,,
1938-10-14,194.0,94.0,0.0,,
1938-10-15,156.0,0.0,0.0,,
1938-10-16,94.0,50.0,30.0,,
1938-10-17,67.0,-11.0,3.0,,
1938-10-18,61.0,33.0,71.0,,
1938-10-19,94.0,22.0,8.0,,
1938-10-20,139.0,-6.0,0.0,,
1938-10-21,56.0,-6.0,0.0,,
1938-10-22,44.0,0.0,0.0,,
1938-10-23,78.0,-72.0,0.0,,
1938-10-24,122.0,-39.0,0.0,,
1938-10-25,189.0,-11.0,0.0,,
1938-10-26,122.0,33.0,0.0,,
1938-10-27,172.0,-28.0,0.0,,
1938-10-28,150.0,67.0,0.0,,
1938-10-29,122.0,-72.0,0.0,,
1938-10-30,150.0,-17.0,0.0,,
1938-10-31,161.0,72.0,0.0,,
1939-04-01,122.0,-39.0,0.0,,
1939-04-02,33.0,-89.0,0.0,,
1939-04-03,56.0,-189.0,0.0,,
1939-04-04,61.0,-11.0,0.0,,
1939-04-05,-11.0,-67.0,30.0,,
1939-04-06,-61.0,-183.0,0.0,,
1939-04-07,-17.0,-167.0,0.0,,
1939-04-08,-11.0,-194.0,0.0,,
1939-04-09,44.0,-167.0,0.0,,
1939-04-10,-22.0,-144.0,0.0,,
1939-04-11,-56.0,-150.0,0.0,,
1939-04-12,22.0,-133.0,0.0,,
1939-04-13,94.0,-78.0,0.0,,
1939-04-14,106.0,-6.0,0.0,,
1939-04-15,156.0,-56.0,0.0,,
1939-04-16,111.0,-17.0,0.0,,
1939-04-17,100.0,-6.0,8.0,,
1939-04-18,100.0,6.0,0.0,,
1939-04-19,144.0,-56.0,0.0,,
1939-04-20,144.0,6.0,0.0,,
1939-04-21,122.0,-61.0,0.0,,
1939-04-22,167.0,0.0,0.0,,
1939-04-23,122.0,44.0,0.0,,
1939-04-24,167.0,72.0,0.0,,
1939-04-25,239.0,78.0,0.0,,
1939-04-26,72.0,56.0,89.0,,
1939-04-27,94.0,28.0,8.0,,
1939-04-28,194.0,0.0,0.0,,
1939-04-29,244.0,6.0,0.0,,
1939-04-30,222.0,-22.0,0.0,,
1939-05-01,217.0,0.0,0.0,,
1939-05-02,228.0,17.0,0.0,,
1939-05-03,228.0,94.0,0.0,,
1939-05-04,206.0,61.0,0.0,,
1939-05-05,300.0,44.0,0.0,,
1939-05-06,261.0,156.0,0.0,,
1939-05-07,244.0,100.0,0.0,,
1939-05-08,189.0,33.0,0.0,,
1939-05-09,206.0,50.0,0.0,,
1939-05-10,33.0,6.0,0.0,,
1939-05-11,,-6.0,0.0,,
1939-05-12,156.0,-56.0,0.0,,
1939-05-13,194.0,-22.0,0.0,,
1939-05-14,161.0,50.0,0.0,,
1939-05-15,150.0,-6.0,0.0,,
1939-05-16,150.0,11.0,13.0,,
1939-05-17,178.0,-50.0,0.0,,
1939-05-18,250.0,39.0,0.0,,
1939-05-19,167.0,56.0,0.0,,
1939-05-20,100.0,61.0,74.0,,
1939-05-21,250.0,89.0,152.0,,
1939-05-22,194.0,72.0,0.0,,
1939-05-23,206.0,17.0,0.0,,
1939-05-24,194.0,72.0,0.0,,
1939-05-25,211.0,78.0,48.0,,
1939-05-26,161.0,111.0,3.0,,
1939-05-27,156.0,128.0,74.0,,
1939-05-28,228.0,133.0,0.0,,
1939-05-29,317.0,100.0,0.0,,
1939-05-30,367.0,139.0,0.0,,
1939-05-31,,111.0,89.0,,
1939-06-01,244.0,139.0,0.0,,
1939-06-02,294.0,139.0,0.0,,
1939-06-03,250.0,61.0,183.0,,
1939-06-04,222.0,50.0,20.0,,
1939-06-05,267.0,67.0,,,
1939-06-06,317.0,156.0,,,
1939-06-07,244.0,128.0,155.0,,
1939-06-08,172.0,106.0,,,
1939-06-09,189.0,39.0,,,
1939-06-10,156.0,56.0,,,
1939-06-11,172.0,61.0,,,
1939-06-12,228.0,94.0,,,
1939-06-13,217.0,50.0,,,
1939-06-14,228.0,78.0,122.0,,
1939-06-15,200.0,,,,
1939-06-16,100.0,56.0,56.0,,
1939-06-17,194.0,78.0,196.0,,
1939-06-18,261.0,50.0,0.0,,
1939-06-19,206.0,67.0,0.0,,
1939-06-20,200.0,78.0,,,
1939-06-21,139.0,78.0,10.0,,
1939-06-22,217.0,100.0,160.0,,
1939-06-23,272.0,94.0,0.0,,
1939-06-24,278.0,122.0,,,
1939-06-25,300.0,100.0,0.0,,
1939-06-26,272.0,133.0,,,
1939-06-27,294.0,122.0,8.0,,
1939-06-28,256.0,156.0,,,
1939-06-29,194.0,122.0,13.0,,
1939-06-30,239.0,94.0,,,
1939-07-01,267.0,33.0,30.0,,
1939-07-02,306.0,117.0,,,
1939-07-03,294.0,144.0,135.0,,
1939-07-04,311.0,117.0,,,
1939-07-05,294.0,161.0,109.0,,
1939-07-06,283.0,167.0,183.0,,
1939-07-07,250.0,167.0,5.0,,
1939-07-08,306.0,133.0,109.0,,
1939-07-09,267.0,111.0,15.0,,
1939-07-10,278.0,94.0,,,
1939-07-11,333.0,122.0,,,
1939-07-12,339.0,172.0,,,
1939-07-13,250.0,150.0,0.0,,
1939-07-14,222.0,78.0,,,
1939-07-15,233.0,50.0,,,
1939-07-16,256.0,78.0,,,
1939-07-17,272.0,83.0,,,
1939-07-18,211.0,94.0,,,
1939-07-19,250.0,139.0,0.0,,
1939-07-20,294.0,122.0,,,
1939-07-21,256.0,161.0,43.0,,
1939-07-22,256.0,128.0,0.0,,
1939-07-23,317.0,128.0,,,
1939-07-24,322.0,150.0,,,
1939-07-25,322.0,167.0,13.0,,
1939-07-26,294.0,178.0,,,
1939-07-27,267.0,167.0,15.0,,
1939-07-28,272.0,89.0,,,
1939-07-29,283.0,106.0,,,
1939-07-30,317.0,161.0,,,
1939-07-31,300.0,106.0,,,
1939-08-01,278.0,117.0,0.0,,
1939-08-02,261.0,167.0,58.0,,
1939-08-03,261.0,94.0,0.0,,
1939-08-04,283.0,100.0,0.0,,
1939-08-05,317.0,94.0,0.0,,
1939-08-06,322.0,117.0,0.0,,
1939-08-07,311.0,117.0,0.0,,
1939-08-08,183.0,161.0,127.0,,
1939-08-09,222.0,133.0,574.0,,
1939-08-10,211.0,22.0,8.0,,
1939-08-11,211.0,133.0,69.0,,
1939-08-12,261.0,133.0,3.0,,
1939-08-13,294.0,94.0,0.0,,
1939-08-14,283.0,144.0,0.0,,
1939-08-15,289.0,83.0,0.0,,
1939-08-16,289.0,94.0,0.0,,
1939-08-17,272.0,161.0,234.0,,
1939-08-18,294.0,117.0,0.0,,
1939-08-19,228.0,156.0,0.0,,
1939-08-20,217.0,50.0,18.0,,
1939-08-21,256.0,39.0,0.0,,
1939-08-22,156.0,89.0,142.0,,
1939-08-23,183.0,100.0,191.0,,
1939-08-24,228.0,100.0,8.0,,
1939-08-25,272.0,67.0,0.0,,
1939-08-26,256.0,128.0,0.0,,
1939-08-27,294.0,167.0,5.0,,
1939-08-28,272.0,161.0,0.0,,
1939-08-29,239.0,94.0,0.0,,
1939-08-30,289.0,128.0,239.0,,
1939-08-31,239.0,100.0,0.0,,
1939-09-01,289.0,133.0,,,
1939-09-02,317.0,133.0,0.0,,
1939-09-03,278.0,144.0,51.0,,
1939-09-05,178.0,61.0,,,
1939-09-06,261.0,117.0,36.0,,
1939-09-07,178.0,133.0,,,
1939-09-08,183.0,17.0,196.0,,
1939-09-09,161.0,72.0,,,
1939-09-10,183.0,39.0,,,
1939-09-11,150.0,39.0,,,
1939-09-12,222.0,128.0,,,
1939-09-13,267.0,150.0,338.0,,
1939-09-14,222.0,172.0,229.0,,
1939-09-15,261.0,94.0,132.0,,
1939-09-16,206.0,50.0,8.0,,
1939-09-17,239.0,94.0,,,
1939-09-18,267.0,94.0,,,
1939-09-19,217.0,17.0,,,
1939-09-20,211.0,61.0,,,
1939-09-21,211.0,61.0,,,
1939-09-22,194.0,-17.0,,,
1939-09-23,150.0,33.0,23.0,,
1939-09-24,200.0,-33.0,,,
1939-09-25,78.0,-56.0,33.0,,
1939-09-26,94.0,11.0,0.0,,
1939-09-27,111.0,28.0,23.0,,
1939-09-28,56.0,-33.0,102.0,,
1939-09-29,61.0,-33.0,15.0,,
1939-09-30,111.0,,13.0,,
1939-10-01,156.0,11.0,,,
1939-10-02,194.0,56.0,,,
1939-10-03,178.0,106.0,15.0,,
1939-10-04,117.0,78.0,28.0,,
1939-10-05,117.0,89.0,323.0,,
1939-10-06,222.0,61.0,122.0,,
1939-10-07,133.0,50.0,0.0,,
1939-10-08,183.0,-6.0,,,
1939-10-09,67.0,22.0,3.0,,
1939-10-10,128.0,11.0,53.0,,
1939-10-11,67.0,28.0,8.0,,
1939-10-12,44.0,-11.0,33.0,,
1939-10-13,22.0,-39.0,8.0,,
1939-10-14,44.0,,,,
1939-10-15,150.0,-11.0,,,
1939-10-16,17.0,-28.0,,,
1939-10-17,56.0,-94.0,,,
1939-10-18,156.0,-39.0,,,
1939-10-19,156.0,-28.0,,,
1939-10-20,167.0,67.0,,,
1939-10-21,122.0,44.0,23.0,,
1939-10-22,61.0,-22.0,,,
1939-10-23,39.0,-61.0,,,
1939-10-24,106.0,-6.0,,,
1939-10-25,89.0,-56.0,,,
1939-10-26,44.0,-11.0,,,
1939-10-27,44.0,-33.0,64.0,,
1939-10-28,11.0,-89.0,5.0,,
1939-10-29,33.0,-44.0,38.0,,
1939-10-30,11.0,-61.0,0.0,,
1939-10-31,39.0,-33.0,,,
1940-04-01,72.0,-111.0,,,
1940-04-02,50.0,-67.0,,,
1940-04-03,39.0,-28.0,241.0,,
1940-04-04,61.0,-56.0,91.0,,
1940-04-05,89.0,-78.0,,,
1940-04-06,94.0,-89.0,,,
1940-04-08,39.0,-28.0,,,
1940-04-09,94.0,-72.0,,,
1940-04-10,11.0,-44.0,,,
1940-04-11,17.0,-183.0,,,
1940-04-12,0.0,-89.0,,,
1940-04-13,6.0,-128.0,,,
1940-04-15,89.0,-117.0,,,
1940-04-16,61.0,-67.0,,,
1940-04-17,94.0,-33.0,,,
1940-04-18,144.0,-44.0,,,
1940-04-19,183.0,0.0,,,
1940-04-20,172.0,-17.0,,,
1940-04-21,194.0,-22.0,,,
1940-04-22,106.0,0.0,,,
1940-04-23,61.0,-22.0,,,
1940-04-24,94.0,-39.0,,,
1940-04-25,106.0,-61.0,,,
1940-04-26,128.0,-17.0,,,
1940-04-27,122.0,-6.0,,,
1940-04-28,89.0,44.0,102.0,,
1940-04-29,89.0,61.0,155.0,,
1940-04-30,-6.0,-39.0,257.0,,
1940-05-01,67.0,-33.0,,,
1940-05-02,122.0,-33.0,,,
1940-05-03,156.0,-50.0,,,
1940-05-04,183.0,33.0,,,
1940-05-05,206.0,17.0,,,
1940-05-06,122.0,22.0,,,
1940-05-07,117.0,-33.0,,,
1940-05-08,172.0,39.0,,,
1940-05-09,178.0,22.0,,,
1940-05-10,189.0,-28.0,0.0,,
1940-05-11,228.0,6.0,,,
1940-05-12,278.0,144.0,0.0,,
1940-05-13,211.0,17.0,,,
1940-05-14,228.0,39.0,25.0,,
1940-05-15,161.0,17.0,10.0,,
1940-05-16,94.0,11.0,,,
1940-05-17,200.0,-17.0,,,
1940-05-18,183.0,100.0,25.0,,
1940-05-19,178.0,89.0,0.0,,
1940-05-20,167.0,6.0,0.0,,
1940-05-21,194.0,56.0,,,
1940-05-22,200.0,17.0,,,
1940-05-23,133.0,11.0,,,
1940-05-24,128.0,50.0,15.0,,
1940-05-25,161.0,11.0,0.0,,
1940-05-26,194.0,61.0,46.0,,
1940-05-27,206.0,78.0,,,
1940-05-28,217.0,94.0,,,
1940-05-29,256.0,56.0,,,
1940-05-30,278.0,189.0,,,
1940-05-31,289.0,78.0,,,
1940-06-01,317.0,133.0,5.0,,
1940-06-02,294.0,133.0,0.0,,
1940-06-03,178.0,61.0,20.0,,
1940-06-04,206.0,67.0,0.0,,
1940-06-05,256.0,83.0,53.0,,
1940-06-06,233.0,128.0,3.0,,
1940-06-07,222.0,83.0,8.0,,
1940-06-08,233.0,94.0,0.0,,
1940-06-09,200.0,56.0,0.0,,
1940-06-10,161.0,56.0,10.0,,
1940-06-11,250.0,28.0,0.0,,
1940-06-12,283.0,100.0,0.0,,
1940-06-13,222.0,50.0,0.0,,
1940-06-14,283.0,128.0,0.0,,
1940-06-15,233.0,78.0,0.0,,
1940-06-16,317.0,89.0,0.0,,
1940-06-17,311.0,111.0,23.0,,
1940-06-18,244.0,67.0,0.0,,
1940-06-19,161.0,11.0,0.0,,
1940-06-20,206.0,-11.0,0.0,,
1940-06-21,172.0,56.0,0.0,,
1940-06-22,189.0,100.0,51.0,,
1940-06-23,206.0,122.0,3.0,,
1940-06-24,244.0,78.0,10.0,,
1940-06-25,189.0,50.0,8.0,,
1940-06-26,206.0,28.0,0.0,,
1940-06-27,239.0,39.0,0.0,,
1940-06-28,178.0,106.0,30.0,,
1940-06-29,222.0,61.0,13.0,,
1940-06-30,217.0,78.0,0.0,,
1940-07-01,200.0,56.0,15.0,,
1940-07-02,233.0,28.0,,,
1940-07-03,272.0,33.0,,,
1940-07-04,328.0,22.0,,,
1940-07-05,322.0,133.0,,,
1940-07-06,289.0,172.0,,,
1940-07-07,261.0,167.0,,,
1940-07-08,283.0,89.0,,,
1940-07-09,311.0,78.0,,,
1940-07-10,233.0,83.0,,,
1940-07-11,239.0,117.0,,,
1940-07-12,244.0,,,,
1940-07-13,256.0,106.0,,,
1940-07-14,233.0,111.0,142.0,,
1940-07-15,233.0,122.0,,,
1940-07-16,278.0,78.0,,,
1940-07-17,211.0,150.0,,,
1940-07-18,300.0,150.0,,,
1940-07-19,311.0,161.0,,,
1940-07-20,333.0,178.0,,,
1940-07-21,361.0,161.0,,,
1940-07-22,367.0,172.0,,,
1940-07-23,333.0,172.0,28.0,,
1940-07-24,294.0,178.0,13.0,,
1940-07-25,256.0,161.0,,,
1940-07-26,244.0,128.0,,,
1940-07-27,244.0,44.0,,,
1940-07-28,233.0,61.0,480.0,,
1940-07-29,272.0,144.0,8.0,,
1940-07-30,244.0,94.0,,,
1940-07-31,294.0,122.0,,,
1940-08-01,228.0,172.0,,,
1940-08-02,244.0,144.0,,,
1940-08-03,267.0,167.0,5.0,,
1940-08-04,283.0,156.0,,,
1940-08-05,228.0,56.0,,,
1940-08-06,283.0,111.0,13.0,,
1940-08-07,283.0,111.0,,,
1940-08-08,300.0,139.0,,,
1940-08-09,311.0,56.0,,,
1940-08-10,261.0,144.0,,,
1940-08-11,306.0,156.0,,,
1940-08-12,317.0,150.0,,,
1940-08-13,328.0,178.0,,,
1940-08-14,306.0,144.0,8.0,,
1940-08-15,261.0,183.0,,,
1940-08-16,289.0,211.0,,,
1940-08-17,239.0,72.0,,,
1940-08-18,189.0,72.0,,,
1940-08-19,211.0,44.0,,,
1940-08-20,239.0,50.0,,,
1940-08-21,206.0,100.0,0.0,,
1940-08-22,144.0,61.0,30.0,,
1940-08-23,183.0,-17.0,,,
1940-08-24,194.0,28.0,,,
1940-08-25,150.0,100.0,244.0,,
1940-08-26,156.0,133.0,,,
1940-08-27,206.0,117.0,,,
1940-08-28,228.0,111.0,,,
1940-08-29,222.0,117.0,145.0,,
1940-08-30,161.0,111.0,229.0,,
1940-08-31,178.0,122.0,89.0,,
1940-09-01,233.0,50.0,,,
1940-09-02,283.0,50.0,,,
1940-09-03,289.0,111.0,,,
1940-09-04,294.0,128.0,,,
1940-09-05,289.0,161.0,,,
1940-09-06,272.0,178.0,,,
1940-09-07,256.0,156.0,254.0,,
1940-09-08,222.0,,,,
1940-09-09,128.0,78.0,33.0,,
1940-09-10,139.0,,,,
1940-09-11,167.0,17.0,,,
1940-09-13,161.0,39.0,,,
1940-09-15,222.0,,,,
1940-09-16,233.0,,,,
1940-09-17,228.0,139.0,,,
1940-09-18,278.0,106.0,,,
1940-09-19,300.0,178.0,8.0,,
1940-09-20,244.0,,,,
1940-09-21,228.0,89.0,,,
1940-09-22,256.0,33.0,,,
1940-09-23,172.0,33.0,,,
1940-09-24,133.0,-6.0,,,
1940-09-25,128.0,-39.0,,,
1940-09-26,211.0,-6.0,,,
1940-09-27,239.0,50.0,,,
1940-09-28,189.0,33.0,,,
1940-09-29,206.0,,,,
1940-09-30,250.0,,,,
1940-10-01,239.0,61.0,,,
1940-10-02,233.0,39.0,,,
1940-10-03,200.0,94.0,5.0,,
1940-10-04,156.0,117.0,,,
1940-10-05,139.0,,,,
1940-10-06,111.0,,,,
1940-10-07,117.0,,,,
1940-10-08,128.0,,,,
1940-10-09,228.0,17.0,,,
1940-10-10,200.0,,,,
1940-10-11,233.0,22.0,,,
1940-10-12,156.0,72.0,0.0,,
1940-10-13,139.0,0.0,,,
1940-10-17,117.0,,,,
1940-10-18,83.0,,,,
1940-10-19,72.0,-28.0,,,
1940-10-20,89.0,22.0,,,
1940-10-21,111.0,11.0,,,
1940-10-22,217.0,72.0,,,
1940-10-23,167.0,11.0,,,
1940-10-24,94.0,-44.0,,,
1940-10-25,128.0,-33.0,,,
1940-10-26,117.0,,0.0,,
1940-10-27,150.0,11.0,,,
1940-10-28,94.0,39.0,94.0,,
1940-10-29,56.0,,,,
1940-10-30,106.0,,,,
1940-10-31,72.0,,,,
1948-08-01,,,3.0,0.0,0.0
1948-08-02,,,0.0,0.0,0.0
1948-08-03,,,0.0,0.0,0.0
1948-08-04,,,0.0,0.0,0.0
1948-08-05,,,0.0,0.0,0.0
1948-08-06,,,0.0,0.0,0.0
1948-08-07,,,0.0,0.0,0.0
1948-08-08,,,0.0,0.0,0.0
1948-08-09,,,0.0,0.0,0.0
1948-08-10,,,340.0,0.0,0.0
1948-08-11,,,46.0,0.0,0.0
1948-08-12,,,46.0,0.0,0.0
1948-08-13,,,0.0,0.0,0.0
1948-08-14,,,0.0,0.0,0.0
1948-08-15,,,0.0,0.0,0.0
1948-08-16,,,13.0,0.0,0.0
1948-08-17,,,10.0,0.0,0.0
1948-08-18,,,0.0,0.0,0.0
1948-08-19,,,0.0,0.0,0.0
1948-08-20,,,10.0,0.0,0.0
1948-08-21,,,183.0,0.0,0.0
1948-08-22,,,0.0,0.0,0.0
1948-08-23,,,0.0,0.0,0.0
1948-08-24,,,0.0,0.0,0.0
1948-08-25,,,0.0,0.0,0.0
1948-08-26,,,3.0,0.0,0.0
1948-08-27,,,0.0,0.0,0.0
1948-08-28,,,183.0,0.0,0.0
1948-08-29,,,13.0,0.0,0.0
1948-08-30,,,0.0,0.0,0.0
1948-08-31,,,0.0,0.0,0.0
1948-09-01,,,0.0,0.0,0.0
1948-09-02,,,0.0,0.0,0.0
1948-09-03,,,0.0,0.0,0.0
1948-09-04,,,0.0,0.0,0.0
1948-09-05,,,0.0,0.0,0.0
1948-09-06,,,300.0,0.0,0.0
1948-09-07,,,13.0,0.0,0.0
1948-09-08,,,0.0,0.0,0.0
1948-09-09,,,130.0,0.0,0.0
1948-09-10,,,15.0,0.0,0.0
1948-09-11,,,8.0,0.0,0.0
1948-09-12,,,0.0,0.0,0.0
1948-09-13,,,0.0,0.0,0.0
1948-09-14,,,0.0,0.0,0.0
1948-09-15,,,0.0,0.0,0.0
1948-09-16,,,0.0,0.0,0.0
1948-09-17,,,0.0,0.0,0.0
1948-09-18,,,0.0,0.0,0.0
1948-09-19,,,5.0,0.0,0.0
1948-09-20,,,0.0,0.0,0.0
1948-09-21,,,0.0,0.0,0.0
1948-09-22,,,0.0,0.0,0.0
1948-09-23,,,0.0,0.0,0.0
1948-09-24,,,0.0,0.0,0.0
1948-09-25,,,0.0,0.0,0.0
1948-09-26,,,0.0,0.0,0.0
1948-09-27,,,0.0,0.0,0.0
1948-09-28,,,0.0,0.0,0.0
1948-09-29,,,0.0,0.0,0.0
1948-09-30,,,0.0,0.0,0.0
1948-10-01,,,0.0,0.0,0.0
1948-10-02,,,0.0,0.0,0.0
1948-10-03,,,0.0,0.0,0.0
1948-10-04,,,0.0,0.0,0.0
1948-10-05,,,0.0,0.0,0.0
1948-10-06,,,0.0,0.0,0.0
1948-10-07,,,0.0,0.0,0.0
1948-10-08,,,0.0,0.0,0.0
1948-10-09,,,0.0,0.0,0.0
1948-10-10,,,0.0,0.0,0.0
1948-10-11,,,15.0,0.0,0.0
1948-10-12,,,0.0,0.0,0.0
1948-10-13,,,0.0,0.0,0.0
1948-10-14,,,0.0,0.0,0.0
1948-10-15,,,0.0,0.0,0.0
1948-10-16,,,89.0,0.0,0.0
1948-10-17,,,0.0,0.0,0.0
1948-10-18,,,0.0,0.0,0.0
1948-10-19,,,0.0,0.0,0.0
1948-10-20,,,0.0,0.0,0.0
1948-10-21,,,0.0,0.0,0.0
1948-10-22,,,0.0,0.0,0.0
1948-10-23,,,0.0,0.0,0.0
1948-10-24,,,0.0,0.0,0.0
1948-10-25,,,0.0,0.0,0.0
1948-10-26,,,0.0,0.0,0.0
1948-10-27,,,0.0,0.0,0.0
1948-10-28,,,0.0,0.0,0.0
1948-10-29,,,0.0,0.0,0.0
1948-10-30,,,33.0,0.0,0.0
1948-10-31,,,30.0,0.0,0.0
1948-11-01,83.0,22.0,0.0,,
1948-11-02,100.0,50.0,0.0,,
1948-11-03,106.0,,0.0,,
1948-11-04,61.0,100.0,18.0,,
1948-11-05,78.0,94.0,56.0,,
1948-11-06,,17.0,183.0,,
1948-11-07,83.0,,0.0,,
1948-11-08,,-78.0,0.0,,
1948-11-09,33.0,-106.0,0.0,,
1948-11-10,11.0,-89.0,0.0,,
1948-11-11,,,0.0,,
1948-11-12,11.0,-72.0,0.0,,
1948-11-13,,,0.0,,
1948-11-14,,,0.0,,
1948-11-15,56.0,-94.0,0.0,,
1948-11-16,44.0,-50.0,0.0,,
1948-11-17,22.0,-61.0,0.0,,
1948-11-18,17.0,-94.0,0.0,,
1948-11-19,-11.0,-83.0,0.0,,
1948-11-20,,,0.0,,
1948-11-21,,,0.0,,
1948-11-22,-11.0,-161.0,0.0,,
1948-11-23,-28.0,-117.0,0.0,0.0,0.0
1948-11-24,0.0,-39.0,0.0,0.0,0.0
1948-11-26,0.0,-44.0,76.0,102.0,114.0
1948-11-27,,,0.0,0.0,0.0
1948-11-28,,,0.0,0.0,0.0
1948-11-29,11.0,-128.0,0.0,102.0,0.0
1948-11-30,-6.0,-89.0,8.0,102.0,
1948-12-01,,,0.0,102.0,0.0
1948-12-02,,,0.0,76.0,0.0
1948-12-03,,,0.0,,0.0
1948-12-04,,,0.0,,0.0
1948-12-05,,,0.0,,0.0
1948-12-06,,,180.0,203.0,0.0
1948-12-07,,,8.0,203.0,0.0
1948-12-08,,,0.0,203.0,0.0
1948-12-09,,,0.0,203.0,0.0
1948-12-10,,,46.0,254.0,51.0
1948-12-11,,,0.0,,0.0
1948-12-12,,,0.0,,0.0
1948-12-13,,,0.0,,0.0
1948-12-14,,,0.0,,0.0
1948-12-15,,,43.0,305.0,51.0
1948-12-16,,,69.0,381.0,76.0
1948-12-17,,,0.0,381.0,0.0
1948-12-18,,,0.0,381.0,0.0
1948-12-19,,,0.0,381.0,0.0
1948-12-20,,,13.0,381.0,0.0
1948-12-21,,,8.0,381.0,0.0
1948-12-22,,,0.0,381.0,0.0
1948-12-23,,,0.0,356.0,0.0
1948-12-24,,,0.0,356.0,0.0
1948-12-25,,,0.0,356.0,0.0
1948-12-26,,,0.0,356.0,0.0
1948-12-27,,,0.0,356.0,0.0
1948-12-28,,,0.0,356.0,0.0
1948-12-29,,,0.0,356.0,0.0
1948-12-30,,,0.0,356.0,0.0
1948-12-31,,,0.0,356.0,0.0
1949-01-01,,,0.0,,0.0
1949-01-02,-22.0,-206.0,0.0,356.0,0.0
1949-01-03,-39.0,-106.0,0.0,356.0,0.0
1949-01-04,-11.0,-128.0,0.0,356.0,0.0
1949-01-05,0.0,-89.0,152.0,457.0,102.0
1949-01-06,6.0,-150.0,5.0,,0.0
1949-01-07,11.0,-83.0,0.0,432.0,0.0
1949-01-08,-11.0,-144.0,38.0,,51.0
1949-01-09,-133.0,-233.0,0.0,,0.0
1949-01-10,-161.0,-294.0,0.0,,0.0
1949-01-11,-122.0,-333.0,0.0,,0.0
1949-01-12,-78.0,-211.0,0.0,,0.0
1949-01-13,-22.0,-83.0,10.0,457.0,0.0
1949-01-14,,,0.0,,0.0
1949-01-15,,,0.0,,0.0
1949-01-16,,,0.0,,0.0
1949-01-17,,,0.0,,0.0
1949-01-18,11.0,-356.0,0.0,,0.0
1949-01-19,,-328.0,0.0,,0.0
1949-01-20,,-361.0,0.0,,0.0
1949-01-21,-122.0,-256.0,48.0,406.0,51.0
1949-01-22,-161.0,-333.0,0.0,,0.0
1949-01-23,-89.0,-172.0,,,38.0
1949-01-24,-89.0,-167.0,,,152.0
1949-01-25,-144.0,-261.0,25.0,508.0,0.0
1949-01-26,-78.0,-244.0,0.0,,0.0
1949-01-27,-89.0,-144.0,0.0,,0.0
1949-01-28,-128.0,-289.0,0.0,,0.0
1949-01-29,-161.0,-333.0,0.0,,0.0
1949-01-30,-83.0,,10.0,,0.0
1949-01-31,-61.0,-200.0,3.0,559.0,20.0
1949-02-01,-117.0,-289.0,0.0,,0.0
1949-02-02,-161.0,-356.0,0.0,,0.0
1949-02-03,-144.0,-333.0,0.0,,0.0
1949-02-04,-106.0,-372.0,0.0,,0.0
1949-02-05,,-311.0,58.0,,51.0
1949-02-06,-61.0,,0.0,,0.0
1949-02-07,-83.0,-267.0,0.0,,0.0
1949-02-08,-89.0,-233.0,51.0,,51.0
1949-02-09,-144.0,-306.0,0.0,,0.0
1949-02-10,-156.0,-394.0,0.0,,0.0
1949-02-11,-39.0,-222.0,0.0,,0.0
1949-02-12,,,0.0,,0.0
1949-02-13,-39.0,-294.0,0.0,,0.0
1949-02-14,-117.0,-339.0,0.0,,0.0
1949-02-15,-39.0,-194.0,51.0,,51.0
1949-02-16,-67.0,-233.0,0.0,,0.0
1949-02-17,-56.0,-283.0,0.0,,0.0
1949-02-18,-28.0,-189.0,0.0,,0.0
1949-02-19,-161.0,-217.0,0.0,,0.0
1949-02-20,-128.0,-317.0,0.0,,0.0
1949-02-21,-22.0,-133.0,10.0,,0.0
1949-02-22,-22.0,-233.0,0.0,,0.0
1949-02-23,-17.0,-44.0,0.0,,0.0
1949-02-24,-33.0,-206.0,38.0,,51.0
1949-02-25,-56.0,-217.0,0.0,,0.0
1949-02-26,,,137.0,,152.0
1949-02-27,,,0.0,,0.0
1949-02-28,-28.0,-367.0,0.0,,0.0
1949-03-01,,,0.0,762.0,0.0
1949-03-02,,,0.0,,0.0
1949-03-03,,,0.0,,0.0
1949-03-04,,,0.0,,0.0
1949-03-05,,,0.0,,0.0
1949-03-06,,,0.0,,0.0
1949-03-07,,,0.0,,0.0
1949-03-08,,,0.0,,0.0
1949-03-09,,,0.0,,0.0
1949-03-10,,,0.0,711.0,0.0
1949-03-11,,,0.0,,0.0
1949-03-12,,,0.0,,0.0
1949-03-13,,,0.0,,0.0
1949-03-14,,,0.0,,0.0
1949-03-15,,,0.0,,0.0
1949-03-16,,,0.0,,0.0
1949-03-17,,,0.0,,0.0
1949-03-18,,,0.0,,0.0
1949-03-19,,,0.0,,0.0
1949-03-20,,,0.0,,0.0
1949-03-21,,,56.0,660.0,51.0
1949-03-22,,,0.0,,0.0
1949-03-23,,,0.0,,0.0
1949-03-24,,,0.0,,0.0
1949-03-25,,,165.0,,0.0
1949-03-26,,,0.0,,0.0
1949-03-27,,,0.0,,0.0
1949-03-28,,,0.0,,0.0
1949-03-29,,,0.0,,0.0
1949-03-30,,,0.0,,0.0
1949-03-31,,,0.0,,0.0
1949-04-01,,,0.0,0.0,0.0
1949-04-02,,,0.0,0.0,0.0
1949-04-03,,,0.0,0.0,0.0
1949-04-04,,,0.0,0.0,0.0
1949-04-05,,,23.0,0.0,0.0
1949-04-06,,,0.0,0.0,0.0
1949-04-07,,,0.0,0.0,0.0
1949-04-08,,,25.0,0.0,0.0
1949-04-09,,,0.0,0.0,0.0
1949-04-10,,,0.0,0.0,0.0
1949-04-11,,,0.0,0.0,0.0
1949-04-12,,,0.0,0.0,0.0
1949-04-13,,,0.0,0.0,0.0
1949-04-14,,,0.0,0.0,0.0
1949-04-15,,,0.0,0.0,0.0
1949-04-16,,,0.0,0.0,0.0
1949-04-17,,,15.0,0.0,0.0
1949-04-18,,,0.0,0.0,0.0
1949-04-19,,,0.0,0.0,0.0
1949-04-20,,,5.0,0.0,0.0
1949-04-21,,,0.0,0.0,0.0
1949-04-22,,,84.0,0.0,0.0
1949-04-23,,,15.0,0.0,0.0
1949-04-24,,,0.0,0.0,0.0
1949-04-25,,,0.0,0.0,0.0
1949-04-26,,,0.0,0.0,0.0
1949-04-27,,,0.0,0.0,0.0
1949-04-28,,,0.0,0.0,0.0
1949-04-29,,,0.0,0.0,0.0
1949-04-30,,,0.0,0.0,0.0
1949-05-01,,,0.0,0.0,0.0
1949-05-02,,,33.0,0.0,0.0
1949-05-03,,,10.0,0.0,0.0
1949-05-04,,,0.0,0.0,0.0
1949-05-05,,,246.0,0.0,0.0
1949-05-06,,,226.0,0.0,0.0
1949-05-07,,,0.0,0.0,0.0
1949-05-08,,,0.0,0.0,0.0
1949-05-09,,,0.0,0.0,0.0
1949-05-10,,,0.0,0.0,0.0
1949-05-11,,,5.0,0.0,0.0
1949-05-12,,,0.0,0.0,0.0
1949-05-13,,,0.0,0.0,0.0
1949-05-14,,,0.0,0.0,0.0
1949-05-15,,,0.0,0.0,0.0
1949-05-16,,,0.0,0.0,0.0
1949-05-17,,,91.0,0.0,0.0
1949-05-18,,,8.0,0.0,0.0
1949-05-19,,,51.0,0.0,0.0
1949-05-20,,,0.0,0.0,0.0
1949-05-21,,,33.0,0.0,0.0
1949-05-22,,,8.0,0.0,0.0
1949-05-23,,,0.0,0.0,0.0
1949-05-24,,,0.0,0.0,0.0
1949-05-25,,,28.0,0.0,0.0
1949-05-26,,,0.0,0.0,0.0
1949-05-27,,,0.0,0.0,0.0
1949-05-28,,,0.0,0.0,0.0
1949-05-29,,,0.0,0.0,0.0
1949-05-30,,,191.0,0.0,0.0
1949-05-31,,,25.0,0.0,0.0
1949-06-01,,,0.0,0.0,0.0
1949-06-02,,,356.0,0.0,0.0
1949-06-03,,,5.0,0.0,0.0
1949-06-04,,,0.0,0.0,0.0
1949-06-05,,,0.0,0.0,0.0
1949-06-06,,,0.0,0.0,0.0
1949-06-07,,,0.0,0.0,0.0
1949-06-08,,,0.0,0.0,0.0
1949-06-09,,,23.0,0.0,0.0
1949-06-10,,,0.0,0.0,0.0
1949-06-11,,,0.0,0.0,0.0
1949-06-12,,,175.0,0.0,0.0
1949-06-13,,,5.0,0.0,0.0
1949-06-14,,,0.0,0.0,0.0
1949-06-15,,,13.0,0.0,0.0
1949-06-16,,,64.0,0.0,0.0
1949-06-17,,,28.0,0.0,0.0
1949-06-18,,,56.0,0.0,0.0
1949-06-19,,,20.0,0.0,0.0
1949-06-20,,,0.0,0.0,0.0
1949-06-21,,,0.0,0.0,0.0
1949-06-22,,,0.0,0.0,0.0
1949-06-23,,,0.0,0.0,0.0
1949-06-24,,,0.0,0.0,0.0
1949-06-25,,,3.0,0.0,0.0
1949-06-26,,,48.0,0.0,0.0
1949-06-27,,,0.0,0.0,0.0
1949-06-28,,,315.0,0.0,0.0
1949-06-29,,,0.0,0.0,0.0
1949-06-30,,,91.0,0.0,0.0
1949-07-01,,,152.0,0.0,0.0
1949-07-02,,,0.0,0.0,0.0
1949-07-03,,,0.0,0.0,0.0
1949-07-04,,,89.0,0.0,0.0
1949-07-05,,,18.0,0.0,0.0
1949-07-06,,,104.0,0.0,0.0
1949-07-07,,,79.0,0.0,0.0
1949-07-08,,,109.0,0.0,0.0
1949-07-09,,,51.0,0.0,0.0
1949-07-10,,,0.0,0.0,0.0
1949-07-11,,,0.0,0.0,0.0
1949-07-12,,,0.0,0.0,0.0
1949-07-13,,,0.0,0.0,0.0
1949-07-14,,,0.0,0.0,0.0
1949-07-15,,,0.0,0.0,0.0
1949-07-16,,,0.0,0.0,0.0
1949-07-17,,,0.0,0.0,0.0
1949-07-18,,,107.0,0.0,0.0
1949-07-19,,,20.0,0.0,0.0
1949-07-20,,,0.0,0.0,0.0
1949-07-21,,,64.0,0.0,0.0
1949-07-22,,,0.0,0.0,0.0
1949-07-23,,,0.0,0.0,0.0
1949-07-24,,,356.0,0.0,0.0
1949-07-25,,,0.0,0.0,0.0
1949-07-26,,,157.0,0.0,0.0
1949-07-27,,,3.0,0.0,0.0
1949-07-28,,,170.0,0.0,0.0
1949-07-29,,,0.0,0.0,0.0
1949-07-30,,,0.0,0.0,0.0
1949-07-31,,,91.0,0.0,0.0
1949-08-01,,,76.0,0.0,0.0
1949-08-02,,,79.0,0.0,0.0
1949-08-03,,,0.0,0.0,0.0
1949-08-04,,,0.0,0.0,0.0
1949-08-05,,,41.0,0.0,0.0
1949-08-06,,,0.0,0.0,0.0
1949-08-07,,,0.0,0.0,0.0
1949-08-08,,,0.0,0.0,0.0
1949-08-09,,,0.0,0.0,0.0
1949-08-10,,,0.0,0.0,0.0
1949-08-11,,,0.0,0.0,0.0
1949-08-12,,,251.0,0.0,0.0
1949-08-13,,,5.0,0.0,0.0
1949-08-14,,,818.0,0.0,0.0
1949-08-15,,,5.0,0.0,0.0
1949-08-16,,,142.0,0.0,0.0
1949-08-17,,,15.0,0.0,0.0
1949-08-18,,,0.0,0.0,0.0
1949-08-19,,,0.0,0.0,0.0
1949-08-20,,,0.0,0.0,0.0
1949-08-21,,,0.0,0.0,0.0
1949-08-22,,,0.0,0.0,0.0
1949-08-23,,,0.0,0.0,0.0
1949-08-24,,,0.0,0.0,0.0
1949-08-25,,,33.0,0.0,0.0
1949-08-26,,,10.0,0.0,0.0
1949-08-27,,,0.0,0.0,0.0
1949-08-28,,,0.0,0.0,0.0
1949-08-29,,,0.0,0.0,0.0
1949-08-30,,,36.0,0.0,0.0
1949-08-31,,,5.0,0.0,0.0
1949-09-01,,,0.0,0.0,0.0
1949-09-02,,,0.0,0.0,0.0
1949-09-03,,,20.0,0.0,0.0
1949-09-04,,,0.0,0.0,0.0
1949-09-05,,,0.0,0.0,0.0
1949-09-06,,,3.0,0.0,0.0
1949-09-07,,,0.0,0.0,0.0
1949-09-08,,,0.0,0.0,0.0
1949-09-09,,,0.0,0.0,0.0
1949-09-10,,,0.0,0.0,0.0
1949-09-11,,,0.0,0.0,0.0
1949-09-12,,,3.0,0.0,0.0
1949-09-13,,,117.0,0.0,0.0
1949-09-14,,,18.0,0.0,0.0
1949-09-15,,,0.0,0.0,0.0
1949-09-16,,,0.0,0.0,0.0
1949-09-17,,,0.0,0.0,0.0
1949-09-18,,,0.0,0.0,0.0
1949-09-19,,,130.0,0.0,0.0
1949-09-20,,,5.0,0.0,0.0
1949-09-21,,,23.0,0.0,0.0
1949-09-22,,,0.0,0.0,0.0
1949-09-23,,,0.0,0.0,0.0
1949-09-24,,,0.0,0.0,0.0
1949-09-25,,,0.0,0.0,0.0
1949-09-26,,,15.0,0.0,0.0
1949-09-27,,,3.0,0.0,0.0
1949-09-28,,,3.0,0.0,0.0
1949-09-29,,,0.0,0.0,0.0
1949-09-30,,,0.0,0.0,0.0
1949-10-01,,,25.0,0.0,0.0
1949-10-02,,,0.0,0.0,0.0
1949-10-03,,,0.0,0.0,0.0
1949-10-04,,,66.0,0.0,0.0
1949-10-05,,,0.0,0.0,0.0
1949-10-06,,,0.0,0.0,0.0
1949-10-07,,,127.0,0.0,0.0
1949-10-08,,,76.0,0.0,0.0
1949-10-09,,,20.0,0.0,0.0
1949-10-10,,,175.0,0.0,0.0
1949-10-11,,,157.0,0.0,0.0
1949-10-12,,,0.0,0.0,0.0
1949-10-13,,,0.0,0.0,0.0
1949-10-14,,,0.0,0.0,0.0
1949-10-15,,,0.0,0.0,0.0
1949-10-16,,,0.0,0.0,0.0
1949-10-17,,,13.0,0.0,0.0
1949-10-18,,,8.0,0.0,0.0
1949-10-19,,,0.0,0.0,0.0
1949-10-20,,,160.0,0.0,0.0
1949-10-21,,,173.0,0.0,0.0
1949-10-22,,,0.0,0.0,0.0
1949-10-23,,,20.0,0.0,0.0
1949-10-24,,,0.0,0.0,0.0
1949-10-25,,,28.0,,
1949-10-26,,,0.0,,0.0
1949-10-27,,,0.0,,0.0
1949-10-28,,,0.0,,0.0
1949-10-29,,,0.0,,0.0
1949-10-30,,,5.0,,
1949-10-31,,,0.0,0.0,0.0
1949-11-01,,,13.0,,
1949-11-02,,,0.0,,
1949-11-03,,,0.0,,
1949-11-04,,,0.0,,0.0
1949-11-05,,,0.0,,0.0
1949-11-06,,,0.0,,0.0
1949-11-07,,,0.0,,0.0
1949-11-08,,,0.0,,0.0
1949-11-09,,,0.0,,0.0
1949-11-10,,,0.0,,0.0
1949-11-11,,,0.0,,0.0
1949-11-12,,,0.0,,0.0
1949-11-13,,,0.0,,0.0
1949-11-14,,,0.0,,0.0
1949-11-15,,,66.0,25.0,
1949-11-16,,,3.0,,
1949-11-17,,,3.0,25.0,
1949-11-18,,,0.0,,0.0
1949-11-19,,,0.0,,0.0
1949-11-20,,,0.0,,0.0
1949-11-21,,,53.0,51.0,
1949-11-22,,,0.0,,0.0
1949-11-23,,,0.0,,
1949-11-24,,,0.0,,0.0
1949-11-25,,,0.0,,0.0
1949-11-28,,,,51.0,
1949-11-29,,,0.0,51.0,0.0
1949-11-30,,,0.0,,0.0
1949-12-01,,,0.0,76.0,0.0
1949-12-02,,,0.0,,0.0
1949-12-03,,,0.0,,0.0
1949-12-04,,,0.0,,0.0
1949-12-05,,,0.0,,0.0
1949-12-06,,,0.0,,0.0
1949-12-07,,,0.0,,0.0
1949-12-08,,,0.0,,0.0
1949-12-09,,,0.0,,0.0
1949-12-10,,,0.0,,0.0
1949-12-11,,,112.0,25.0,
1949-12-12,,,0.0,,0.0
1949-12-13,,,0.0,,0.0
1949-12-14,,,0.0,,0.0
1949-12-15,,,0.0,,0.0
1949-12-16,,,0.0,,0.0
1949-12-17,,,0.0,,0.0
1949-12-18,,,5.0,76.0,
1949-12-19,,,0.0,,0.0
1949-12-20,,,20.0,102.0,25.0
1949-12-21,,,0.0,,0.0
1949-12-22,,,0.0,,0.0
1949-12-23,,,0.0,,0.0
1949-12-24,,,0.0,,0.0
1949-12-25,,,0.0,,0.0
1949-12-26,,,0.0,,0.0
1949-12-27,,,64.0,,64.0
1949-12-28,,,28.0,229.0,
1949-12-29,,,0.0,,0.0
1949-12-30,,,0.0,,0.0
1949-12-31,,,0.0,,0.0
1950-01-01,,,0.0,,0.0
1950-01-04,,,0.0,,0.0
1950-01-05,,,0.0,,0.0
1950-01-06,,,0.0,,0.0
1950-01-07,,,0.0,,0.0
1950-01-08,,,0.0,,0.0
1950-01-09,,,0.0,,0.0
1950-01-10,,,10.0,,
1950-01-11,,,0.0,,0.0
1950-01-12,,,0.0,,0.0
1950-01-13,,,0.0,,0.0
1950-01-14,,,0.0,,0.0
1950-01-15,,,617.0,559.0,178.0
1950-01-16,,,0.0,559.0,0.0
1950-01-17,,,3.0,559.0,0.0
1950-01-18,,,0.0,559.0,0.0
1950-01-19,,,0.0,559.0,0.0
1950-01-20,,,5.0,610.0,
1950-01-21,,,0.0,584.0,0.0
1950-01-22,,,0.0,533.0,0.0
1950-01-23,,,0.0,508.0,0.0
1950-01-24,,,610.0,559.0,51.0
1950-01-25,,,0.0,559.0,0.0
1950-01-26,,,0.0,533.0,0.0
1950-01-27,,,0.0,533.0,0.0
1950-01-28,,,0.0,533.0,0.0
1950-01-29,,,0.0,533.0,0.0
1950-01-30,,,20.0,559.0,25.0
1950-01-31,,,0.0,559.0,0.0
1950-02-01,,,0.0,559.0,0.0
1950-02-02,,,0.0,559.0,0.0
1950-02-03,,,0.0,,0.0
1950-02-04,,,0.0,559.0,0.0
1950-02-05,,,0.0,559.0,0.0
1950-02-06,,,0.0,508.0,0.0
1950-02-07,,,51.0,610.0,51.0
1950-02-08,,,0.0,610.0,0.0
1950-02-09,,,0.0,610.0,0.0
1950-02-10,,,0.0,610.0,0.0
1950-02-11,,,0.0,610.0,0.0
1950-02-12,,,0.0,610.0,0.0
1950-02-13,,,0.0,610.0,0.0
1950-02-14,,,0.0,,0.0
1950-02-15,,,0.0,,0.0
1950-02-16,,,0.0,559.0,0.0
1950-02-17,,,0.0,533.0,0.0
1950-02-18,,,0.0,533.0,0.0
1950-02-19,,,0.0,533.0,0.0
1950-02-20,,,0.0,533.0,0.0
1950-02-21,,,0.0,533.0,0.0
1950-02-22,,,66.0,559.0,25.0
1950-02-23,,,0.0,559.0,0.0
1950-02-24,,,0.0,559.0,0.0
1950-02-25,,,0.0,559.0,0.0
1950-02-26,,,0.0,559.0,0.0
1950-02-27,,,0.0,559.0,0.0
1950-02-28,,,0.0,559.0,0.0
1950-03-01,,,0.0,559.0,0.0
1950-03-02,,,0.0,559.0,0.0
1950-03-03,,,0.0,457.0,0.0
1950-03-04,,,0.0,432.0,0.0
1950-03-05,,,0.0,432.0,0.0
1950-03-06,,,0.0,432.0,0.0
1950-03-07,,,38.0,457.0,25.0
1950-03-08,,,0.0,457.0,0.0
1950-03-09,,,0.0,457.0,0.0
1950-03-10,,,0.0,457.0,0.0
1950-03-11,,,0.0,457.0,0.0
1950-03-12,,,0.0,457.0,0.0
1950-03-13,,,0.0,457.0,0.0
1950-03-14,,,20.0,483.0,13.0
1950-03-15,,,0.0,457.0,0.0
1950-03-16,,,79.0,,89.0
1950-03-17,,,0.0,,0.0
1950-03-18,,,0.0,,0.0
1950-03-19,,,0.0,,0.0
1950-03-20,,,0.0,,0.0
1950-03-21,,,25.0,,25.0
1950-03-22,,,0.0,,0.0
1950-03-23,,,0.0,,0.0
1950-03-24,,,0.0,,0.0
1950-03-25,,,0.0,,0.0
1950-03-26,,,152.0,,
1950-03-27,,,51.0,,
1950-03-28,,,0.0,,0.0
1950-03-29,,,0.0,,0.0
1950-03-30,,,0.0,,0.0
1950-03-31,,,0.0,,0.0
1950-04-01,,,0.0,,0.0
1950-04-02,,,0.0,,0.0
1950-04-03,,,86.0,610.0,76.0
1950-04-04,,,0.0,,0.0
1950-04-05,,,0.0,,0.0
1950-04-06,,,0.0,,0.0
1950-04-07,,,0.0,,0.0
1950-04-08,,,0.0,,0.0
1950-04-09,,,0.0,,0.0
1950-04-10,,,71.0,,76.0
1950-04-11,,,10.0,610.0,0.0
1950-04-12,,,0.0,610.0,0.0
1950-04-13,,,0.0,610.0,0.0
1950-04-14,,,0.0,584.0,0.0
1950-04-15,,,0.0,584.0,0.0
1950-04-16,,,0.0,559.0,0.0
1950-04-17,,,0.0,559.0,0.0
1950-04-18,,,0.0,533.0,0.0
1950-04-19,,,0.0,533.0,0.0
1950-04-20,,,0.0,508.0,0.0
1950-04-21,,,0.0,508.0,0.0
1950-04-22,,,0.0,483.0,0.0
1950-04-23,,,0.0,457.0,0.0
1950-04-24,,,0.0,381.0,0.0
1950-04-25,,,0.0,381.0,0.0
1950-04-26,,,315.0,737.0,356.0
1950-04-27,,,13.0,711.0,0.0
1950-04-28,,,0.0,686.0,0.0
1950-04-29,,,0.0,660.0,0.0
1950-04-30,,,0.0,635.0,0.0
1950-05-01,,,51.0,711.0,58.0
1950-05-02,,,0.0,686.0,0.0
1950-05-03,,,97.0,508.0,51.0
1950-05-04,,,0.0,508.0,0.0
1950-05-05,,,450.0,381.0,0.0
1950-05-06,,,277.0,330.0,0.0
1950-05-07,,,0.0,305.0,0.0
1950-05-08,,,0.0,279.0,0.0
1950-05-09,,,48.0,254.0,0.0
1950-05-10,,,23.0,229.0,0.0
1950-05-11,,,0.0,203.0,0.0
1950-05-12,,,0.0,152.0,0.0
1950-05-13,,,0.0,127.0,0.0
1950-05-14,,,0.0,102.0,0.0
1950-05-15,,,0.0,76.0,0.0
1950-05-16,,,0.0,76.0,0.0
1950-05-17,,,46.0,51.0,0.0
1950-05-18,,,0.0,51.0,0.0
1950-05-19,,,0.0,25.0,0.0
1950-05-20,,,41.0,0.0,0.0
1950-05-21,,,0.0,0.0,0.0
1950-05-22,,,0.0,0.0,0.0
1950-05-23,,,0.0,0.0,0.0
1950-05-24,,,84.0,0.0,0.0
1950-05-25,,,0.0,0.0,0.0
1950-05-26,,,0.0,0.0,0.0
1950-05-27,,,0.0,0.0,0.0
1950-05-28,,,0.0,0.0,0.0
1950-05-29,,,5.0,0.0,0.0
1950-05-30,,,33.0,0.0,0.0
1950-05-31,,,0.0,0.0,0.0
1950-06-01,,,53.0,0.0,0.0
1950-06-02,,,25.0,0.0,0.0
1950-06-03,,,0.0,0.0,0.0
1950-06-04,,,0.0,0.0,0.0
1950-06-05,,,0.0,0.0,0.0
1950-06-06,,,0.0,0.0,0.0
1950-06-07,,,0.0,0.0,0.0
1950-06-08,,,0.0,0.0,0.0
1950-06-09,,,0.0,0.0,0.0
1950-06-10,,,28.0,0.0,0.0
1950-06-11,,,0.0,0.0,0.0
1950-06-12,,,0.0,0.0,0.0
1950-06-13,,,0.0,0.0,0.0
1950-06-14,,,0.0,0.0,0.0
1950-06-15,,,0.0,0.0,0.0
1950-06-16,,,295.0,0.0,0.0
1950-06-17,,,0.0,0.0,0.0
1950-06-18,,,0.0,0.0,0.0
1950-06-19,,,0.0,0.0,0.0
1950-06-20,,,109.0,0.0,0.0
1950-06-21,,,0.0,0.0,0.0
1950-06-22,,,315.0,0.0,0.0
1950-06-23,,,203.0,0.0,0.0
1950-06-24,,,0.0,0.0,0.0
1950-06-25,,,295.0,0.0,0.0
1950-06-26,,,406.0,0.0,0.0
1950-06-27,,,8.0,0.0,0.0
1950-06-28,,,76.0,0.0,0.0
1950-06-29,,,8.0,0.0,0.0
1950-06-30,,,0.0,0.0,0.0
1950-07-01,,,99.0,0.0,0.0
1950-07-02,,,0.0,0.0,0.0
1950-07-03,,,61.0,0.0,0.0
1950-07-04,,,127.0,0.0,0.0
1950-07-05,,,0.0,0.0,0.0
1950-07-06,,,0.0,0.0,0.0
1950-07-07,,,0.0,0.0,0.0
1950-07-08,,,0.0,0.0,0.0
1950-07-09,,,107.0,0.0,0.0
1950-07-10,,,5.0,0.0,0.0
1950-07-11,,,0.0,0.0,0.0
1950-07-12,,,69.0,0.0,0.0
1950-07-13,,,20.0,0.0,0.0
1950-07-14,,,41.0,0.0,0.0
1950-07-15,,,20.0,0.0,0.0
1950-07-16,,,20.0,0.0,0.0
1950-07-17,,,20.0,0.0,0.0
1950-07-18,,,0.0,0.0,0.0
1950-07-19,,,0.0,0.0,0.0
1950-07-20,,,0.0,0.0,0.0
1950-07-21,,,185.0,0.0,0.0
1950-07-22,,,5.0,0.0,0.0
1950-07-23,,,0.0,0.0,0.0
1950-07-24,,,38.0,0.0,0.0
1950-07-25,,,0.0,0.0,0.0
1950-07-26,,,0.0,0.0,0.0
1950-07-27,,,0.0,0.0,0.0
1950-07-28,,,0.0,0.0,0.0
1950-07-29,,,0.0,0.0,0.0
1950-07-30,,,0.0,0.0,0.0
1950-07-31,,,378.0,0.0,0.0
1950-08-01,,,333.0,0.0,0.0
1950-08-02,,,0.0,0.0,0.0
1950-08-03,,,0.0,0.0,0.0
1950-08-04,,,0.0,0.0,0.0
1950-08-05,,,0.0,0.0,0.0
1950-08-06,,,0.0,0.0,0.0
1950-08-07,,,5.0,0.0,0.0
1950-08-08,,,0.0,0.0,0.0
1950-08-09,,,0.0,0.0,0.0
1950-08-10,,,0.0,0.0,0.0
1950-08-11,,,0.0,0.0,0.0
1950-08-12,,,0.0,0.0,0.0
1950-08-13,,,0.0,0.0,0.0
1950-08-14,,,13.0,0.0,0.0
1950-08-15,,,224.0,0.0,0.0
1950-08-16,,,0.0,0.0,0.0
1950-08-17,,,0.0,0.0,0.0
1950-08-18,,,0.0,0.0,0.0
1950-08-19,,,38.0,0.0,0.0
1950-08-20,,,0.0,0.0,0.0
1950-08-21,,,43.0,0.0,0.0
1950-08-22,,,30.0,0.0,0.0
1950-08-23,,,33.0,0.0,0.0
1950-08-24,,,211.0,0.0,0.0
1950-08-25,,,353.0,0.0,0.0
1950-08-26,,,0.0,0.0,0.0
1950-08-27,,,0.0,0.0,0.0
1950-08-28,,,0.0,0.0,0.0
1950-08-29,,,36.0,0.0,0.0
1950-08-30,,,0.0,0.0,0.0
1950-08-31,,,0.0,0.0,0.0
1950-09-01,,,0.0,0.0,0.0
1950-09-02,,,0.0,0.0,0.0
1950-09-03,,,0.0,0.0,0.0
1950-09-04,,,0.0,0.0,0.0
1950-09-05,,,0.0,0.0,0.0
1950-09-06,,,0.0,0.0,0.0
1950-09-07,,,0.0,0.0,0.0
1950-09-08,,,0.0,0.0,0.0
1950-09-09,,,0.0,0.0,0.0
1950-09-10,,,0.0,0.0,0.0
1950-09-11,,,0.0,0.0,0.0
1950-09-12,,,117.0,0.0,0.0
1950-09-13,,,41.0,0.0,0.0
1950-09-14,,,0.0,0.0,0.0
1950-09-15,,,0.0,0.0,0.0
1950-09-16,,,0.0,0.0,0.0
1950-09-17,,,0.0,0.0,0.0
1950-09-18,,,180.0,0.0,0.0
1950-09-19,,,112.0,0.0,0.0
1950-09-20,,,0.0,0.0,0.0
1950-09-21,,,0.0,0.0,0.0
1950-09-22,,,0.0,0.0,0.0
1950-09-23,,,0.0,0.0,0.0
1950-09-24,,,0.0,0.0,0.0
1950-09-25,,,0.0,0.0,0.0
1950-09-26,,,0.0,0.0,0.0
1950-09-27,,,0.0,0.0,0.0
1950-09-28,,,74.0,0.0,0.0
1950-09-29,,,8.0,0.0,0.0
1950-09-30,,,0.0,0.0,0.0
1950-10-01,,,229.0,0.0,0.0
1950-10-02,,,246.0,0.0,0.0
1950-10-03,,,102.0,0.0,0.0
1950-10-04,,,0.0,0.0,0.0
1950-10-05,,,0.0,0.0,0.0
1950-10-06,,,25.0,0.0,0.0
1950-10-07,,,66.0,0.0,0.0
1950-10-08,,,0.0,0.0,0.0
1950-10-09,,,0.0,0.0,0.0
1950-10-10,,,0.0,0.0,0.0
1950-10-11,,,0.0,0.0,0.0
1950-10-12,,,0.0,0.0,0.0
1950-10-13,,,0.0,0.0,0.0
1950-10-14,,,0.0,0.0,0.0
1950-10-15,,,3.0,0.0,0.0
1950-10-16,,,25.0,0.0,0.0
1950-10-17,,,0.0,0.0,0.0
1950-10-18,,,0.0,0.0,0.0
1950-10-19,,,25.0,0.0,0.0
1950-10-20,,,0.0,0.0,0.0
1950-10-21,,,0.0,0.0,0.0
1950-10-22,,,0.0,0.0,0.0
1950-10-23,,,0.0,0.0,0.0
1950-10-24,,,0.0,0.0,0.0
1950-10-25,,,0.0,0.0,0.0
1950-10-26,,,0.0,0.0,0.0
1950-10-27,,,0.0,0.0,0.0
1950-10-28,,,0.0,0.0,0.0
1950-10-29,,,8.0,0.0,0.0
1950-10-30,,,0.0,0.0,0.0
1950-10-31,,,0.0,0.0,0.0
1951-04-01,,,89.0,,64.0
1951-04-02,,,0.0,,0.0
1951-04-03,,,0.0,,0.0
1951-04-04,,,0.0,,0.0
1951-04-05,,,0.0,356.0,0.0
1951-04-06,,,0.0,,0.0
1951-04-07,,,0.0,,0.0
1951-04-08,,,43.0,,0.0
1951-04-09,,,0.0,,0.0
1951-04-10,,,0.0,,0.0
1951-04-11,,,10.0,,0.0
1951-04-12,,,51.0,,0.0
1951-04-13,,,0.0,,0.0
1951-04-14,,,0.0,,0.0
1951-04-15,,,10.0,,0.0
1951-04-16,,,30.0,,0.0
1951-04-17,,,0.0,,0.0
1951-04-18,,,0.0,,0.0
1951-04-19,,,0.0,,0.0
1951-04-20,,,0.0,,0.0
1951-04-21,,,13.0,,13.0
1951-04-22,,,48.0,,0.0
1951-04-23,,,0.0,,0.0
1951-04-24,,,0.0,,0.0
1951-04-25,,,0.0,,0.0
1951-04-26,,,0.0,,0.0
1951-04-27,,,0.0,,0.0
1951-04-28,,,117.0,,0.0
1951-04-29,,,0.0,,0.0
1951-04-30,,,0.0,,0.0
1951-05-01,,,0.0,0.0,0.0
1951-05-02,,,0.0,0.0,0.0
1951-05-03,,,0.0,0.0,0.0
1951-05-04,,,0.0,0.0,0.0
1951-05-05,,,0.0,0.0,0.0
1951-05-06,,,0.0,0.0,0.0
1951-05-07,,,0.0,0.0,0.0
1951-05-08,,,0.0,0.0,0.0
1951-05-09,,,0.0,0.0,0.0
1951-05-10,,,0.0,0.0,0.0
1951-05-11,,,0.0,0.0,0.0
1951-05-12,,,0.0,0.0,0.0
1951-05-13,,,0.0,0.0,0.0
1951-05-14,,,8.0,0.0,0.0
1951-05-15,,,48.0,0.0,0.0
1951-05-16,,,0.0,0.0,0.0
1951-05-17,,,0.0,0.0,0.0
1951-05-18,,,28.0,0.0,0.0
1951-05-19,,,0.0,0.0,0.0
1951-05-20,,,124.0,0.0,0.0
1951-05-21,,,0.0,0.0,0.0
1951-05-22,,,0.0,0.0,0.0
1951-05-23,,,0.0,0.0,0.0
1951-05-24,,,0.0,0.0,0.0
1951-05-25,,,91.0,0.0,0.0
1951-05-26,,,13.0,0.0,0.0
1951-05-27,,,0.0,0.0,0.0
1951-05-28,,,0.0,0.0,0.0
1951-05-29,,,3.0,0.0,0.0
1951-05-30,,,0.0,0.0,0.0
1951-05-31,,,0.0,0.0,0.0
1951-06-01,,,0.0,0.0,0.0
1951-06-02,,,13.0,0.0,0.0
1951-06-03,,,99.0,0.0,0.0
1951-06-04,,,8.0,0.0,0.0
1951-06-05,,,0.0,0.0,0.0
1951-06-06,,,0.0,0.0,0.0
1951-06-07,,,0.0,0.0,0.0
1951-06-08,,,0.0,0.0,0.0
1951-06-09,,,41.0,0.0,0.0
1951-06-10,,,0.0,0.0,0.0
1951-06-11,,,0.0,0.0,0.0
1951-06-12,,,0.0,0.0,0.0
1951-06-13,,,0.0,0.0,0.0
1951-06-14,,,0.0,0.0,0.0
1951-06-15,,,112.0,0.0,0.0
1951-06-16,,,0.0,0.0,0.0
1951-06-17,,,127.0,0.0,0.0
1951-06-18,,,0.0,0.0,0.0
1951-06-19,,,0.0,0.0,0.0
1951-06-20,,,64.0,0.0,0.0
1951-06-21,,,0.0,0.0,0.0
1951-06-22,,,18.0,0.0,0.0
1951-06-23,,,15.0,0.0,0.0
1951-06-24,,,0.0,0.0,0.0
1951-06-25,,,8.0,0.0,0.0
1951-06-26,,,89.0,0.0,0.0
1951-06-27,,,0.0,0.0,0.0
1951-06-28,,,165.0,0.0,0.0
1951-06-29,,,13.0,0.0,0.0
1951-06-30,,,23.0,0.0,0.0
1951-07-01,,,81.0,0.0,0.0
1951-07-02,,,5.0,0.0,0.0
1951-07-03,,,0.0,0.0,0.0
1951-07-04,,,0.0,0.0,0.0
1951-07-05,,,0.0,0.0,0.0
1951-07-06,,,0.0,0.0,0.0
1951-07-07,,,0.0,0.0,0.0
1951-07-08,,,23.0,0.0,0.0
1951-07-09,,,0.0,0.0,0.0
1951-07-10,,,5.0,0.0,0.0
1951-07-11,,,0.0,0.0,0.0
1951-07-12,,,0.0,0.0,0.0
1951-07-13,,,0.0,0.0,0.0
1951-07-14,,,0.0,0.0,0.0
1951-07-15,,,0.0,0.0,0.0
1951-07-16,,,0.0,0.0,0.0
1951-07-17,,,0.0,0.0,0.0
1951-07-18,,,3.0,0.0,0.0
1951-07-19,,,0.0,0.0,0.0
1951-07-20,,,0.0,0.0,0.0
1951-07-21,,,0.0,0.0,0.0
1951-07-22,,,0.0,0.0,0.0
1951-07-23,,,0.0,0.0,0.0
1951-07-24,,,0.0,0.0,0.0
1951-07-25,,,0.0,0.0,0.0
1951-07-26,,,0.0,0.0,0.0
1951-07-27,,,3.0,0.0,0.0
1951-07-28,,,0.0,0.0,0.0
1951-07-29,,,0.0,0.0,0.0
1951-07-30,,,356.0,0.0,0.0
1951-07-31,,,5.0,0.0,0.0
1951-08-01,,,0.0,0.0,0.0
1951-08-02,,,5.0,0.0,0.0
1951-08-03,,,0.0,0.0,0.0
1951-08-04,,,0.0,0.0,0.0
1951-08-05,,,0.0,0.0,0.0
1951-08-06,,,203.0,0.0,0.0
1951-08-07,,,8.0,0.0,0.0
1951-08-08,,,10.0,0.0,0.0
1951-08-09,,,0.0,0.0,0.0
1951-08-10,,,41.0,0.0,0.0
1951-08-11,,,97.0,0.0,0.0
1951-08-12,,,13.0,0.0,0.0
1951-08-13,,,0.0,0.0,0.0
1951-08-14,,,0.0,0.0,0.0
1951-08-15,,,0.0,0.0,0.0
1951-08-16,,,0.0,0.0,0.0
1951-08-17,,,107.0,0.0,0.0
1951-08-18,,,0.0,0.0,0.0
1951-08-19,,,33.0,0.0,0.0
1951-08-20,,,41.0,0.0,0.0
1951-08-21,,,251.0,0.0,0.0
1951-08-22,,,0.0,0.0,0.0
1951-08-23,,,0.0,0.0,0.0
1951-08-24,,,0.0,0.0,0.0
1951-08-25,,,0.0,0.0,0.0
1951-08-26,,,23.0,0.0,0.0
1951-08-27,,,48.0,0.0,0.0
1951-08-28,,,64.0,0.0,0.0
1951-08-29,,,71.0,0.0,0.0
1951-08-30,,,0.0,0.0,0.0
1951-08-31,,,640.0,0.0,0.0
1951-09-01,,,0.0,0.0,0.0
1951-09-02,,,0.0,0.0,0.0
1951-09-03,,,0.0,0.0,0.0
1951-09-04,,,0.0,0.0,0.0
1951-09-05,,,51.0,0.0,0.0
1951-09-06,,,84.0,0.0,0.0
1951-09-07,,,8.0,0.0,0.0
1951-09-08,,,0.0,0.0,0.0
1951-09-09,,,5.0,0.0,0.0
1951-09-10,,,371.0,0.0,0.0
1951-09-11,,,51.0,0.0,0.0
1951-09-12,,,0.0,0.0,0.0
1951-09-13,,,20.0,0.0,0.0
1951-09-14,,,41.0,0.0,0.0
1951-09-15,,,8.0,0.0,0.0
1951-09-16,,,0.0,0.0,0.0
1951-09-17,,,0.0,0.0,0.0
1951-09-18,,,0.0,0.0,0.0
1951-09-19,,,0.0,0.0,0.0
1951-09-20,,,84.0,0.0,0.0
1951-09-21,,,0.0,0.0,0.0
1951-09-22,,,5.0,0.0,0.0
1951-09-23,,,0.0,0.0,0.0
1951-09-24,,,18.0,0.0,0.0
1951-09-25,,,0.0,0.0,0.0
1951-09-26,,,20.0,0.0,0.0
1951-09-27,,,259.0,25.0,25.0
1951-09-28,,,0.0,0.0,0.0
1951-09-29,,,0.0,0.0,0.0
1951-09-30,,,0.0,0.0,0.0
1951-10-01,,,0.0,0.0,0.0
1951-10-02,,,0.0,0.0,0.0
1951-10-03,,,5.0,0.0,0.0
1951-10-04,,,8.0,0.0,0.0
1951-10-05,,,185.0,0.0,0.0
1951-10-06,,,3.0,0.0,0.0
1951-10-07,,,0.0,0.0,0.0
1951-10-08,,,0.0,0.0,0.0
1951-10-09,,,0.0,0.0,0.0
1951-10-10,,,0.0,0.0,0.0
1951-10-11,,,0.0,0.0,0.0
1951-10-12,,,0.0,0.0,0.0
1951-10-13,,,0.0,0.0,0.0
1951-10-14,,,56.0,0.0,0.0
1951-10-15,,,0.0,0.0,0.0
1951-10-16,,,0.0,0.0,0.0
1951-10-17,,,0.0,0.0,0.0
1951-10-18,,,0.0,0.0,0.0
1951-10-19,,,0.0,0.0,0.0
1951-10-20,,,33.0,0.0,0.0
1951-10-21,,,0.0,0.0,0.0
1951-10-22,,,48.0,0.0,51.0
1951-10-23,,,30.0,0.0,0.0
1951-10-24,,,0.0,0.0,0.0
1951-10-25,,,0.0,0.0,0.0
1951-10-26,,,0.0,0.0,0.0
1951-10-27,,,0.0,0.0,0.0
1951-10-28,,,8.0,0.0,0.0
1951-10-29,,,0.0,0.0,0.0
1951-10-30,,,0.0,0.0,0.0
1951-10-31,,,0.0,0.0,0.0
1952-04-01,,,0.0,,0.0
1952-04-02,,,3.0,,
1952-04-03,,,25.0,,
1952-04-04,,,0.0,,0.0
1952-04-05,,,0.0,,0.0
1952-04-06,,,0.0,,0.0
1952-04-07,,,0.0,,0.0
1952-04-08,,,0.0,,0.0
1952-04-09,,,71.0,,
1952-04-10,,,0.0,,0.0
1952-04-11,,,0.0,,0.0
1952-04-12,,,0.0,,0.0
1952-04-13,,,0.0,0.0,0.0
1952-04-14,,,0.0,0.0,0.0
1952-04-15,,,0.0,0.0,0.0
1952-04-16,,,0.0,0.0,0.0
1952-04-17,,,0.0,0.0,0.0
1952-04-18,,,0.0,0.0,0.0
1952-04-19,,,0.0,0.0,0.0
1952-04-20,,,0.0,0.0,0.0
1952-04-21,,,15.0,0.0,0.0
1952-04-22,,,0.0,0.0,0.0
1952-04-23,,,0.0,0.0,0.0
1952-04-24,,,0.0,0.0,0.0
1952-04-25,,,0.0,0.0,0.0
1952-04-26,,,0.0,0.0,0.0
1952-04-27,,,0.0,0.0,0.0
1952-04-28,,,0.0,0.0,0.0
1952-04-29,,,0.0,0.0,0.0
1952-04-30,,,0.0,0.0,0.0
1952-05-01,,,0.0,0.0,0.0
1952-05-02,,,0.0,0.0,0.0
1952-05-03,,,0.0,0.0,0.0
1952-05-04,,,0.0,0.0,0.0
1952-05-05,,,0.0,0.0,0.0
1952-05-06,,,0.0,0.0,0.0
1952-05-07,,,0.0,0.0,0.0
1952-05-08,,,71.0,0.0,0.0
1952-05-09,,,0.0,0.0,0.0
1952-05-10,,,0.0,0.0,0.0
1952-05-11,,,15.0,0.0,0.0
1952-05-12,,,0.0,0.0,0.0
1952-05-13,,,0.0,0.0,0.0
1952-05-14,,,0.0,0.0,0.0
1952-05-15,,,0.0,0.0,0.0
1952-05-16,,,0.0,0.0,0.0
1952-05-17,,,8.0,0.0,0.0
1952-05-18,,,0.0,0.0,0.0
1952-05-19,,,0.0,0.0,0.0
1952-05-20,,,0.0,0.0,0.0
1952-05-21,,,0.0,0.0,0.0
1952-05-22,,,0.0,0.0,0.0
1952-05-23,,,0.0,0.0,0.0
1952-05-24,,,0.0,0.0,0.0
1952-05-25,,,0.0,0.0,0.0
1952-05-26,,,0.0,0.0,0.0
1952-05-27,,,48.0,0.0,0.0
1952-05-28,,,0.0,0.0,0.0
1952-05-29,,,5.0,0.0,0.0
1952-05-30,,,0.0,0.0,0.0
1952-05-31,,,0.0,0.0,0.0
1952-06-01,,,0.0,0.0,0.0
1952-06-02,,,203.0,0.0,0.0
1952-06-03,,,295.0,0.0,0.0
1952-06-04,,,0.0,0.0,0.0
1952-06-05,,,191.0,0.0,0.0
1952-06-06,,,0.0,0.0,0.0
1952-06-07,,,0.0,0.0,0.0
1952-06-08,,,20.0,0.0,0.0
1952-06-09,,,0.0,0.0,0.0
1952-06-10,,,0.0,0.0,0.0
1952-06-11,,,0.0,0.0,0.0
1952-06-12,,,3.0,0.0,0.0
1952-06-13,,,10.0,0.0,0.0
1952-06-14,,,0.0,0.0,0.0
1952-06-15,,,0.0,0.0,0.0
1952-06-16,,,18.0,0.0,0.0
1952-06-17,,,0.0,0.0,0.0
1952-06-18,,,0.0,0.0,0.0
1952-06-19,,,0.0,0.0,0.0
1952-06-20,,,0.0,0.0,0.0
1952-06-21,,,0.0,0.0,0.0
1952-06-22,,,0.0,0.0,0.0
1952-06-23,,,23.0,0.0,0.0
1952-06-24,,,81.0,0.0,0.0
1952-06-25,,,8.0,0.0,0.0
1952-06-26,,,18.0,0.0,0.0
1952-06-27,,,0.0,0.0,0.0
1952-06-28,,,74.0,0.0,0.0
1952-06-29,,,58.0,0.0,0.0
1952-06-30,,,0.0,0.0,0.0
1952-07-01,,,0.0,0.0,0.0
1952-07-02,,,157.0,0.0,0.0
1952-07-03,,,163.0,0.0,0.0
1952-07-04,,,0.0,0.0,0.0
1952-07-05,,,0.0,0.0,0.0
1952-07-06,,,0.0,0.0,0.0
1952-07-07,,,175.0,0.0,0.0
1952-07-08,,,0.0,0.0,0.0
1952-07-09,,,0.0,0.0,0.0
1952-07-10,,,0.0,0.0,0.0
1952-07-11,,,25.0,0.0,0.0
1952-07-12,,,23.0,0.0,0.0
1952-07-13,,,414.0,0.0,0.0
1952-07-14,,,0.0,0.0,0.0
1952-07-15,,,0.0,0.0,0.0
1952-07-16,,,51.0,0.0,0.0
1952-07-17,,,3.0,0.0,0.0
1952-07-18,,,0.0,0.0,0.0
1952-07-19,,,0.0,0.0,0.0
1952-07-20,,,424.0,0.0,0.0
1952-07-21,,,231.0,0.0,0.0
1952-07-22,,,0.0,0.0,0.0
1952-07-23,,,30.0,0.0,0.0
1952-07-24,,,0.0,0.0,0.0
1952-07-25,,,33.0,0.0,0.0
1952-07-26,,,0.0,0.0,0.0
1952-07-27,,,0.0,0.0,0.0
1952-07-28,,,3.0,0.0,0.0
1952-07-29,,,0.0,0.0,0.0
1952-07-30,,,61.0,0.0,0.0
1952-07-31,,,0.0,0.0,0.0
1952-08-01,,,0.0,0.0,0.0
1952-08-02,,,0.0,0.0,0.0
1952-08-03,,,239.0,0.0,0.0
1952-08-04,,,76.0,0.0,0.0
1952-08-05,,,0.0,0.0,0.0
1952-08-06,,,0.0,0.0,0.0
1952-08-07,,,0.0,0.0,0.0
1952-08-08,,,0.0,0.0,0.0
1952-08-09,,,0.0,0.0,0.0
1952-08-10,,,0.0,0.0,0.0
1952-08-11,,,0.0,0.0,0.0
1952-08-12,,,3.0,0.0,0.0
1952-08-13,,,0.0,0.0,0.0
1952-08-14,,,0.0,0.0,0.0
1952-08-15,,,0.0,0.0,0.0
1952-08-16,,,0.0,0.0,0.0
1952-08-17,,,64.0,0.0,0.0
1952-08-18,,,3.0,0.0,0.0
1952-08-19,,,0.0,0.0,0.0
1952-08-20,,,43.0,0.0,0.0
1952-08-21,,,0.0,0.0,0.0
1952-08-22,,,0.0,0.0,0.0
1952-08-23,,,0.0,0.0,0.0
1952-08-24,,,0.0,0.0,0.0
1952-08-25,,,0.0,0.0,0.0
1952-08-26,,,0.0,0.0,0.0
1952-08-27,,,0.0,0.0,0.0
1952-08-28,,,0.0,0.0,0.0
1952-08-29,,,0.0,0.0,0.0
1952-08-30,,,15.0,0.0,0.0
1952-08-31,,,79.0,0.0,0.0
1952-09-01,,,5.0,0.0,0.0
1952-09-02,,,46.0,0.0,0.0
1952-09-03,,,0.0,0.0,0.0
1952-09-04,,,0.0,0.0,0.0
1952-09-05,,,0.0,0.0,0.0
1952-09-06,,,20.0,0.0,0.0
1952-09-07,,,0.0,0.0,0.0
1952-09-08,,,10.0,0.0,0.0
1952-09-09,,,0.0,0.0,0.0
1952-09-10,,,36.0,0.0,0.0
1952-09-11,,,0.0,0.0,0.0
1952-09-12,,,0.0,0.0,0.0
1952-09-13,,,0.0,0.0,0.0
1952-09-14,,,15.0,0.0,0.0
1952-09-15,,,0.0,0.0,0.0
1952-09-16,,,0.0,0.0,0.0
1952-09-17,,,0.0,0.0,0.0
1952-09-18,,,10.0,0.0,0.0
1952-09-19,,,10.0,0.0,0.0
1952-09-20,,,0.0,0.0,0.0
1952-09-21,,,5.0,0.0,0.0
1952-09-22,,,33.0,0.0,0.0
1952-09-23,,,3.0,0.0,0.0
1952-09-24,,,0.0,0.0,0.0
1952-09-25,,,0.0,0.0,0.0
1952-09-26,,,0.0,0.0,0.0
1952-09-27,,,0.0,0.0,0.0
1952-09-28,,,0.0,0.0,0.0
1952-09-29,,,0.0,0.0,0.0
1952-09-30,,,0.0,0.0,0.0
1952-10-01,,,3.0,0.0,0.0
1952-10-02,,,5.0,0.0,0.0
1952-10-03,,,0.0,0.0,0.0
1952-10-04,,,3.0,0.0,
1952-10-05,,,15.0,0.0,
1952-10-06,,,5.0,0.0,
1952-10-07,,,0.0,0.0,0.0
1952-10-08,,,0.0,0.0,0.0
1952-10-09,,,0.0,0.0,0.0
1952-10-10,,,0.0,0.0,0.0
1952-10-11,,,0.0,0.0,0.0
1952-10-12,,,5.0,0.0,0.0
1952-10-13,,,28.0,0.0,
1952-10-14,,,8.0,0.0,
1952-10-15,,,25.0,0.0,
1952-10-16,,,0.0,0.0,0.0
1952-10-17,,,0.0,0.0,0.0
1952-10-18,,,0.0,0.0,0.0
1952-10-19,,,0.0,0.0,0.0
1952-10-20,,,0.0,0.0,0.0
