DATE,TMAX,TMIN,PRCP,SNWD,SNOW
1941-01-01,,,165.0,,
1941-01-02,,,0.0,,
1941-01-03,,,0.0,,
1941-01-04,,,0.0,,
1941-01-05,,,0.0,,
1941-01-06,,,0.0,,
1941-01-07,,,0.0,,
1941-01-08,,,0.0,,
1941-01-09,,,0.0,,
1941-01-10,,,0.0,,
1941-01-11,,,0.0,,
1941-01-12,,,0.0,,
1941-01-13,,,0.0,,
1941-01-14,,,0.0,,
1941-01-15,,,46.0,,
1941-01-16,,,10.0,,
1941-01-17,,,66.0,,
1941-01-18,,,0.0,,
1941-01-19,,,0.0,,
1941-01-20,,,0.0,,
1941-01-21,,,0.0,,
1941-01-22,,,0.0,,
1941-01-23,,,8.0,,
1941-01-24,,,5.0,,
1941-01-25,,,0.0,,
1941-01-26,,,89.0,,
1941-01-27,,,0.0,,
1941-01-28,,,0.0,,
1941-01-29,,,0.0,,
1941-01-30,,,0.0,,
1941-01-31,,,0.0,,
1941-02-01,,,0.0,,
1941-02-02,,,0.0,,
1941-02-03,,,0.0,,
1941-02-04,,,0.0,,
1941-02-05,,,13.0,,
1941-02-06,,,0.0,,
1941-02-07,,,0.0,,
1941-02-08,,,0.0,,
1941-02-09,,,0.0,,
1941-02-10,,,0.0,,
1941-02-11,,,0.0,,
1941-02-12,,,0.0,,
1941-02-13,,,89.0,,
1941-02-14,,,0.0,,
1941-02-15,,,0.0,,
1941-02-16,,,0.0,,
1941-02-17,,,0.0,,
1941-02-18,,,0.0,,
1941-02-19,,,0.0,,
1941-02-20,,,0.0,,
1941-02-21,,,0.0,,
1941-02-22,,,0.0,,
1941-02-23,,,0.0,,
1941-02-24,,,0.0,,
1941-02-25,,,0.0,,
1941-02-26,,,0.0,,
1941-02-27,,,0.0,,
1941-02-28,,,0.0,,
1941-03-01,,,0.0,,
1941-03-02,,,0.0,,
1941-03-03,,,25.0,,
1941-03-04,,,5.0,,
1941-03-05,,,0.0,,
1941-03-06,,,0.0,,
1941-03-07,,,0.0,,
1941-03-08,,,0.0,,
1941-03-09,,,0.0,,
1941-03-10,,,0.0,,
1941-03-11,,,201.0,,
1941-03-12,,,8.0,,
1941-03-13,,,0.0,,
1941-03-14,,,0.0,,
1941-03-15,,,64.0,,
1941-03-16,,,0.0,,
1941-03-17,,,0.0,,
1941-03-18,,,0.0,,
1941-03-19,,,0.0,,
1941-03-20,,,0.0,,
1941-03-21,,,0.0,,
1941-03-22,,,0.0,,
1941-03-23,,,0.0,,
1941-03-24,,,0.0,,
1941-03-25,,,0.0,,
1941-03-26,,,0.0,,
1941-03-27,,,0.0,,
1941-03-28,,,0.0,,
1941-03-29,,,0.0,,
1941-03-30,,,0.0,,
1941-03-31,,,3.0,,
1941-04-01,,,5.0,,0.0
1941-04-02,44.0,11.0,0.0,,0.0
1941-04-03,,,145.0,,0.0
1941-04-04,,,76.0,,0.0
1941-04-05,,,0.0,,0.0
1941-04-06,,,0.0,,0.0
1941-04-07,,,0.0,,0.0
1941-04-08,,,0.0,,0.0
1941-04-09,,,10.0,,0.0
1941-04-10,,,99.0,,0.0
1941-04-11,,,0.0,,0.0
1941-04-12,,,0.0,,0.0
1941-04-13,,,0.0,,0.0
1941-04-14,,,0.0,,0.0
1941-04-15,,,58.0,,0.0
1941-04-16,,,25.0,,0.0
1941-04-17,,,3.0,,0.0
1941-04-18,,,124.0,,0.0
1941-04-19,,,0.0,,0.0
1941-04-20,,,193.0,,0.0
1941-04-21,,,5.0,,0.0
1941-04-22,,,0.0,,0.0
1941-04-23,,,0.0,,0.0
1941-04-24,,,0.0,,0.0
1941-04-25,,,0.0,,0.0
1941-04-26,,,0.0,,0.0
1941-04-27,,,0.0,,0.0
1941-04-28,,,0.0,,0.0
1941-04-29,,,0.0,,0.0
1941-04-30,,,0.0,,0.0
1941-05-01,,,0.0,,
1941-05-02,,,0.0,,
1941-05-03,,,0.0,,
1941-05-04,,,0.0,,
1941-05-05,,,0.0,,
1941-05-06,,,170.0,,
1941-05-07,,,79.0,,
1941-05-08,,,3.0,,
1941-05-09,,,0.0,,
1941-05-10,,,0.0,,
1941-05-11,,,0.0,,
1941-05-12,,,0.0,,
1941-05-13,,,3.0,,
1941-05-14,,,597.0,,
1941-05-15,,,10.0,,
1941-05-16,,,206.0,,
1941-05-17,,,38.0,,
1941-05-18,,,0.0,,
1941-05-19,,,0.0,,
1941-05-20,,,0.0,,
1941-05-21,,,0.0,,
1941-05-22,,,18.0,,
1941-05-23,,,28.0,,
1941-05-24,,,0.0,,
1941-05-25,,,0.0,,
1941-05-26,,,0.0,,
1941-05-27,,,0.0,,
1941-05-28,,,18.0,,
1941-05-29,,,0.0,,
1941-05-30,,,0.0,,
1941-05-31,,,206.0,,
1941-06-01,,,0.0,,
1941-06-02,,,28.0,,
1941-06-03,,,546.0,,
1941-06-04,,,584.0,,
1941-06-05,,,0.0,,
1941-06-06,,,0.0,,
1941-06-07,,,0.0,,
1941-06-08,,,0.0,,
1941-06-09,,,152.0,,
1941-06-10,,,58.0,,
1941-06-11,,,71.0,,
1941-06-12,,,64.0,,
1941-06-13,,,0.0,,
1941-06-14,,,5.0,,
1941-06-15,,,0.0,,
1941-06-16,,,86.0,,
1941-06-17,,,0.0,,
1941-06-18,,,0.0,,
1941-06-19,,,0.0,,
1941-06-20,,,0.0,,
1941-06-21,,,0.0,,
1941-06-22,,,0.0,,
1941-06-23,,,41.0,,
1941-06-24,,,0.0,,
1941-06-25,,,0.0,,
1941-06-26,,,0.0,,
1941-06-27,,,0.0,,
1941-06-28,,,0.0,,
1941-06-29,,,117.0,,
1941-06-30,,,0.0,,
1941-07-01,,,41.0,,
1941-07-02,,,0.0,,
1941-07-03,,,25.0,,
1941-07-04,,,0.0,,
1941-07-05,,,0.0,,
1941-07-06,,,0.0,,
1941-07-07,300.0,,8.0,,
1941-07-08,283.0,,0.0,,
1941-07-09,333.0,,0.0,,
1941-07-10,239.0,,69.0,,
1941-07-11,278.0,,0.0,,
1941-07-12,233.0,,0.0,,
1941-07-13,267.0,,0.0,,
1941-07-14,278.0,,0.0,,
1941-07-15,311.0,,0.0,,
1941-07-16,233.0,,28.0,,
1941-07-17,283.0,,0.0,,
1941-07-18,250.0,,107.0,,
1941-07-19,261.0,,0.0,,
1941-07-20,278.0,,0.0,,
1941-07-21,294.0,,0.0,,
1941-07-22,300.0,,0.0,,
1941-07-23,322.0,,414.0,,
1941-07-24,333.0,,0.0,,
1941-07-25,322.0,,0.0,,
1941-07-26,350.0,,0.0,,
1941-07-27,356.0,,0.0,,
1941-07-28,367.0,,0.0,,
1941-07-29,389.0,,0.0,,
1941-07-30,322.0,,0.0,,
1941-07-31,333.0,,0.0,,
1941-08-01,333.0,,0.0,,
1941-08-02,322.0,,0.0,,
1941-08-03,333.0,,0.0,,
1941-08-04,350.0,,0.0,,
1941-08-05,350.0,,0.0,,
1941-08-06,322.0,,0.0,,
1941-08-07,322.0,,0.0,,
1941-08-08,356.0,,0.0,,
1941-08-09,344.0,,0.0,,
1941-08-10,300.0,,0.0,,
1941-08-11,367.0,,137.0,,
1941-08-12,267.0,,0.0,,
1941-08-13,244.0,,0.0,,
1941-08-14,250.0,,48.0,,
1941-08-15,222.0,,0.0,,
1941-08-16,267.0,,0.0,,
1941-08-17,194.0,,91.0,,
1941-08-18,200.0,,0.0,,
1941-08-19,256.0,,0.0,,
1941-08-20,294.0,,0.0,,
1941-08-21,289.0,,0.0,,
1941-08-22,283.0,,0.0,,
1941-08-23,294.0,,0.0,,
1941-08-24,267.0,,0.0,,
1941-08-25,322.0,,0.0,,
1941-08-26,256.0,,0.0,,
1941-08-27,244.0,,0.0,,
1941-08-28,267.0,,0.0,,
1941-08-29,322.0,,0.0,,
1941-08-30,344.0,,0.0,,
1941-08-31,333.0,,0.0,,
1941-09-01,283.0,,0.0,,0.0
1941-09-02,267.0,,0.0,,0.0
1941-09-03,322.0,,145.0,,0.0
1941-09-04,333.0,,0.0,,0.0
1941-09-05,300.0,,234.0,,0.0
1941-09-06,294.0,,0.0,,0.0
1941-09-07,256.0,,89.0,,0.0
1941-09-08,306.0,,61.0,,0.0
1941-09-09,194.0,,505.0,,0.0
1941-09-10,211.0,,25.0,,0.0
1941-09-11,217.0,,0.0,,0.0
1941-09-12,261.0,,0.0,,0.0
1941-09-13,244.0,,5.0,,0.0
1941-09-14,289.0,,0.0,,0.0
1941-09-15,289.0,,0.0,,0.0
1941-09-16,294.0,,76.0,,0.0
1941-09-17,267.0,,0.0,,0.0
1941-09-18,244.0,,0.0,,0.0
1941-09-19,278.0,,0.0,,0.0
1941-09-20,311.0,,0.0,,0.0
1941-09-21,322.0,,0.0,,0.0
1941-09-22,311.0,,0.0,,0.0
1941-09-23,272.0,,0.0,,0.0
1941-09-24,267.0,,0.0,,0.0
1941-09-25,156.0,,292.0,,0.0
1941-09-26,194.0,,0.0,,0.0
1941-09-27,250.0,,0.0,,0.0
1941-09-28,211.0,,0.0,,0.0
1941-09-29,156.0,,109.0,,0.0
1941-09-30,156.0,,0.0,,0.0
1941-10-01,,,0.0,,0.0
1941-10-02,,,351.0,,0.0
1941-10-03,,,635.0,,0.0
1941-10-04,,,114.0,,0.0
1941-10-05,261.0,,0.0,,0.0
1941-10-06,200.0,,267.0,,0.0
1941-10-07,183.0,,38.0,,0.0
1941-10-08,211.0,,0.0,,0.0
1941-10-09,133.0,,282.0,,0.0
1941-10-10,167.0,,0.0,,0.0
1941-10-11,217.0,,0.0,,0.0
1941-10-12,211.0,,0.0,,0.0
1941-10-13,167.0,,165.0,,0.0
1941-10-14,161.0,,0.0,,0.0
1941-10-15,189.0,,0.0,,0.0
1941-10-16,167.0,,0.0,,0.0
1941-10-17,133.0,,109.0,,0.0
1941-10-18,183.0,,0.0,,0.0
1941-10-19,172.0,,0.0,,0.0
1941-10-20,211.0,,0.0,,0.0
1941-10-21,211.0,,0.0,,0.0
1941-10-22,244.0,,51.0,,0.0
1941-10-23,156.0,,102.0,,0.0
1941-10-24,122.0,,0.0,,0.0
1941-10-25,183.0,,0.0,,0.0
1941-10-26,133.0,,61.0,,0.0
1941-10-27,44.0,,109.0,,0.0
1941-10-28,67.0,,0.0,,0.0
1941-10-29,100.0,,8.0,,0.0
1941-10-30,78.0,,18.0,,0.0
1941-10-31,72.0,,152.0,,0.0
1941-11-01,89.0,,71.0,,0.0
1941-11-02,122.0,,0.0,,0.0
1941-11-03,139.0,,0.0,,0.0
1941-11-04,111.0,,0.0,,0.0
1941-11-05,56.0,,102.0,,0.0
1941-11-06,56.0,,13.0,,0.0
1941-11-07,0.0,,0.0,,0.0
1941-11-08,-11.0,,0.0,,0.0
1941-11-09,6.0,,0.0,,0.0
1941-11-10,0.0,,0.0,,0.0
1941-11-11,11.0,,0.0,,0.0
1941-11-12,128.0,,0.0,,0.0
1941-11-13,144.0,,0.0,,0.0
1941-11-14,200.0,,0.0,,0.0
1941-11-15,172.0,,0.0,0.0,0.0
1941-11-16,139.0,,0.0,,0.0
1941-11-17,217.0,,0.0,,0.0
1941-11-18,211.0,,0.0,,0.0
1941-11-19,189.0,,94.0,,0.0
1941-11-20,44.0,,0.0,,0.0
1941-11-21,44.0,,0.0,,0.0
1941-11-22,139.0,,10.0,,0.0
1941-11-23,122.0,,79.0,,51.0
1941-11-24,6.0,,0.0,,0.0
1941-11-25,56.0,,0.0,,0.0
1941-11-26,122.0,,0.0,,0.0
1941-11-27,133.0,,0.0,,0.0
1941-11-28,156.0,,0.0,,0.0
1941-11-29,178.0,,0.0,,0.0
1941-11-30,72.0,,13.0,0.0,0.0
1941-12-01,133.0,,0.0,,0.0
1941-12-02,78.0,,3.0,,0.0
1941-12-03,111.0,,0.0,,0.0
1941-12-04,133.0,,0.0,,0.0
1941-12-05,67.0,,0.0,,0.0
1941-12-06,0.0,,0.0,,0.0
1941-12-07,33.0,,0.0,,0.0
1941-12-08,-11.0,,0.0,,0.0
1941-12-09,44.0,,0.0,,0.0
1941-12-10,-83.0,,0.0,,0.0
1941-12-11,-33.0,,3.0,0.0,5.0
1941-12-12,0.0,,3.0,,5.0
1941-12-13,-11.0,,0.0,,0.0
1941-12-14,-22.0,,0.0,,0.0
1941-12-15,-33.0,,0.0,0.0,0.0
1941-12-16,72.0,,0.0,,0.0
1941-12-17,106.0,,0.0,,0.0
1941-12-18,139.0,,0.0,,0.0
1941-12-19,100.0,,0.0,,0.0
1941-12-20,67.0,,0.0,,0.0
1941-12-21,122.0,,0.0,,0.0
1941-12-22,100.0,,51.0,,0.0
1941-12-23,133.0,,64.0,,0.0
1941-12-24,17.0,,0.0,,0.0
1941-12-25,22.0,,112.0,76.0,76.0
1941-12-26,11.0,,0.0,,0.0
1941-12-27,28.0,,0.0,,0.0
1941-12-28,-89.0,,0.0,,0.0
1941-12-29,-33.0,,0.0,,0.0
1941-12-30,-11.0,,51.0,102.0,102.0
1941-12-31,0.0,,0.0,0.0,0.0
1942-01-01,6.0,,114.0,,0.0
1942-01-02,-144.0,,0.0,,0.0
1942-01-03,-133.0,,0.0,,0.0
1942-01-04,-206.0,,0.0,,0.0
1942-01-05,-178.0,,0.0,,0.0
1942-01-06,-122.0,,0.0,,0.0
1942-01-07,-122.0,,0.0,,0.0
1942-01-08,-111.0,,0.0,,0.0
1942-01-09,-156.0,,0.0,,0.0
1942-01-10,-122.0,,0.0,,0.0
1942-01-11,-39.0,,0.0,,0.0
1942-01-12,33.0,,0.0,,0.0
1942-01-13,33.0,,0.0,,0.0
1942-01-14,0.0,,0.0,,0.0
1942-01-15,39.0,,0.0,,0.0
1942-01-16,44.0,,0.0,,0.0
1942-01-17,67.0,,0.0,,0.0
1942-01-18,44.0,,0.0,,0.0
1942-01-19,22.0,,0.0,,0.0
1942-01-20,22.0,,0.0,,0.0
1942-01-21,33.0,,0.0,,0.0
1942-01-22,67.0,,0.0,,0.0
1942-01-23,100.0,,0.0,,0.0
1942-01-24,78.0,,0.0,,0.0
1942-01-25,6.0,,0.0,,0.0
1942-01-26,61.0,,0.0,,0.0
1942-01-27,11.0,,0.0,,0.0
1942-01-28,0.0,,0.0,,0.0
1942-01-29,44.0,,0.0,,0.0
1942-01-30,33.0,,25.0,,25.0
1942-01-31,-39.0,,0.0,,0.0
1942-02-01,-67.0,,0.0,,0.0
1942-02-02,-56.0,,0.0,,0.0
1942-02-03,17.0,,0.0,,0.0
1942-02-04,11.0,,0.0,,0.0
1942-02-05,11.0,,0.0,,0.0
1942-02-06,-11.0,,445.0,,127.0
1942-02-07,-22.0,,0.0,,0.0
1942-02-08,33.0,,0.0,,0.0
1942-02-09,0.0,,76.0,,102.0
1942-02-10,-11.0,,0.0,,0.0
1942-02-11,11.0,,0.0,,0.0
1942-02-12,33.0,,5.0,,5.0
1942-02-13,0.0,,0.0,,0.0
1942-02-14,33.0,,51.0,,51.0
1942-02-15,22.0,,0.0,,0.0
1942-02-16,-33.0,,191.0,,0.0
1942-02-17,-28.0,,0.0,,0.0
1942-02-18,-133.0,,0.0,,0.0
1942-02-19,-50.0,,0.0,,0.0
1942-02-20,-22.0,,0.0,,0.0
1942-02-21,6.0,,0.0,,0.0
1942-02-22,0.0,,0.0,,0.0
1942-02-23,-17.0,,0.0,,0.0
1942-02-24,-33.0,,0.0,,0.0
1942-02-25,0.0,,0.0,,0.0
1942-02-26,-11.0,,0.0,,0.0
1942-02-27,22.0,,0.0,,0.0
1942-02-28,44.0,,0.0,,0.0
1942-03-01,56.0,,0.0,,0.0
1942-03-02,33.0,,0.0,,0.0
1942-03-03,61.0,,0.0,,0.0
1942-03-04,78.0,,25.0,,0.0
1942-03-05,67.0,,0.0,,0.0
1942-03-06,89.0,,0.0,,0.0
1942-03-07,83.0,,5.0,,0.0
1942-03-08,22.0,,0.0,,0.0
1942-03-09,56.0,,0.0,,0.0
1942-03-10,0.0,,0.0,,0.0
1942-03-11,33.0,,0.0,,0.0
1942-03-12,89.0,,0.0,,0.0
1942-03-13,44.0,,127.0,,0.0
1942-03-14,78.0,,10.0,,0.0
1942-03-15,67.0,,0.0,,0.0
1942-03-16,156.0,,485.0,,0.0
1942-03-17,67.0,,0.0,,0.0
1942-03-18,33.0,,0.0,,0.0
1942-03-19,128.0,,0.0,,0.0
1942-03-20,156.0,,0.0,,0.0
1942-03-21,78.0,,0.0,,0.0
1942-03-22,122.0,,0.0,,0.0
1942-03-23,194.0,,0.0,,0.0
1942-03-24,233.0,,0.0,,0.0
1942-03-25,222.0,,0.0,,0.0
1942-03-26,117.0,,114.0,,0.0
1942-03-27,28.0,,0.0,,0.0
1942-03-28,11.0,,51.0,51.0,51.0
1942-03-29,0.0,,0.0,0.0,0.0
1942-03-30,44.0,,0.0,,0.0
1942-03-31,78.0,,0.0,,0.0
1942-04-01,172.0,,0.0,,0.0
1942-04-02,200.0,,0.0,,0.0
1942-04-03,183.0,,0.0,,0.0
1942-04-04,156.0,,41.0,,0.0
1942-04-05,144.0,,0.0,,0.0
1942-04-06,106.0,,23.0,,0.0
1942-04-07,56.0,,58.0,,0.0
1942-04-08,61.0,,0.0,,0.0
1942-04-09,44.0,,66.0,,0.0
1942-04-10,122.0,,0.0,,0.0
1942-04-11,78.0,,0.0,,0.0
1942-04-12,133.0,,0.0,,0.0
1942-04-13,133.0,,0.0,,0.0
1942-04-14,211.0,,0.0,,0.0
1942-04-15,267.0,,0.0,,0.0
1942-04-16,250.0,,13.0,,0.0
1942-04-17,167.0,,0.0,,0.0
1942-04-18,111.0,,0.0,,0.0
1942-04-19,144.0,,0.0,,0.0
1942-04-20,211.0,,0.0,,0.0
1942-04-21,206.0,,0.0,,0.0
1942-04-22,206.0,,0.0,,0.0
1942-04-23,267.0,,0.0,,0.0
1942-04-24,267.0,,0.0,,0.0
1942-04-25,278.0,,0.0,,0.0
1942-04-26,256.0,,38.0,,0.0
1942-04-27,211.0,,15.0,,0.0
1942-04-28,222.0,,0.0,,0.0
1942-04-29,200.0,,0.0,,0.0
1942-04-30,328.0,,10.0,,0.0
1942-05-01,256.0,,36.0,,
1942-05-02,244.0,,86.0,,
1942-05-03,100.0,,0.0,,
1942-05-04,122.0,,0.0,,
1942-05-05,133.0,,152.0,,
1942-05-06,128.0,,3.0,,
1942-05-07,139.0,,0.0,,
1942-05-08,211.0,,0.0,,
1942-05-09,244.0,,53.0,,
1942-05-10,200.0,,0.0,,
1942-05-11,200.0,,71.0,,
1942-05-12,244.0,,0.0,,
1942-05-13,278.0,,330.0,,
1942-05-14,144.0,,0.0,,
1942-05-15,144.0,,318.0,,
1942-05-16,189.0,,8.0,,
1942-05-17,211.0,,109.0,,
1942-05-18,200.0,,0.0,,
1942-05-19,194.0,,0.0,,
1942-05-20,100.0,,15.0,,
1942-05-21,200.0,,0.0,,
1942-05-22,200.0,,0.0,,
1942-05-23,222.0,,0.0,,
1942-05-24,239.0,,0.0,,
1942-05-25,267.0,,0.0,,
1942-05-26,217.0,,117.0,,
1942-05-27,244.0,,0.0,,
1942-05-28,289.0,,0.0,,
1942-05-29,333.0,,0.0,,
1942-05-30,328.0,,0.0,,
1942-05-31,328.0,,0.0,,
1942-06-01,317.0,,0.0,,
1942-06-02,306.0,,170.0,,
1942-06-03,272.0,,556.0,,
1942-06-04,333.0,,0.0,,
1942-06-05,311.0,,109.0,,
1942-06-06,278.0,,0.0,,
1942-06-07,222.0,,3.0,,
1942-06-08,211.0,,0.0,,
1942-06-09,294.0,,46.0,,
1942-06-10,289.0,,33.0,,
1942-06-11,283.0,,140.0,,
1942-06-12,261.0,,48.0,,
1942-06-13,133.0,,0.0,,
1942-06-14,194.0,,0.0,,
1942-06-15,200.0,,0.0,,
1942-06-16,233.0,,0.0,,
1942-06-17,239.0,,43.0,,
1942-06-18,283.0,,0.0,,
1942-06-19,272.0,,20.0,,
1942-06-20,267.0,,81.0,,
1942-06-21,267.0,,0.0,,
1942-06-22,233.0,,0.0,,
1942-06-23,178.0,,0.0,,
1942-06-24,267.0,,0.0,,
1942-06-25,178.0,,41.0,,
1942-06-26,256.0,,8.0,,
1942-06-27,306.0,,0.0,,
1942-06-28,333.0,,0.0,,
1942-06-29,339.0,,0.0,,
1942-06-30,278.0,,0.0,,
1942-07-01,256.0,,0.0,,
1942-07-02,256.0,,0.0,,
1942-07-03,278.0,,239.0,,
1942-07-04,289.0,,0.0,,
1942-07-05,300.0,,0.0,,
1942-07-06,233.0,,378.0,,
1942-07-07,278.0,,0.0,,
1942-07-08,289.0,,0.0,,
1942-07-09,289.0,,0.0,,
1942-07-10,289.0,,0.0,,
1942-07-11,344.0,,0.0,,
1942-07-12,283.0,,0.0,,
1942-07-13,344.0,,422.0,,
1942-07-14,283.0,,102.0,,
1942-07-15,306.0,,323.0,,
1942-07-16,344.0,,0.0,,
1942-07-17,361.0,,0.0,,
1942-07-18,344.0,,0.0,,
1942-07-19,267.0,,0.0,,
1942-07-20,306.0,,0.0,,
1942-07-21,256.0,,0.0,,
1942-07-22,278.0,,0.0,,
1942-07-23,283.0,,0.0,,
1942-07-24,300.0,,0.0,,
1942-07-25,311.0,,0.0,,
1942-07-26,322.0,,0.0,,
1942-07-27,311.0,,66.0,,
1942-07-28,317.0,,15.0,,
1942-07-29,317.0,,3.0,,
1942-07-30,311.0,,0.0,,
1942-07-31,322.0,,0.0,,
1942-08-01,322.0,,191.0,,
1942-08-02,267.0,,147.0,,
1942-08-03,233.0,,0.0,,
1942-08-04,278.0,,0.0,,
1942-08-05,294.0,,0.0,,
1942-08-06,306.0,,41.0,,
1942-08-07,233.0,,508.0,,
1942-08-08,239.0,,0.0,,
1942-08-09,239.0,,0.0,,
1942-08-10,300.0,,20.0,,
1942-08-11,244.0,,0.0,,
1942-08-12,244.0,,0.0,,
1942-08-13,278.0,,0.0,,
1942-08-14,278.0,,0.0,,
1942-08-15,294.0,,0.0,,
1942-08-16,261.0,,0.0,,
1942-08-17,283.0,,0.0,,
1942-08-18,300.0,,0.0,,
1942-08-19,300.0,,0.0,,
1942-08-20,339.0,,0.0,,
1942-08-21,361.0,,0.0,,
1942-08-22,300.0,,10.0,,
1942-08-23,200.0,,0.0,,
1942-08-24,228.0,,0.0,,
1942-08-25,239.0,,0.0,,
1942-08-26,178.0,,23.0,,
1942-08-27,322.0,,320.0,,
1942-08-28,239.0,,912.0,,
1942-08-29,294.0,,61.0,,
1942-08-30,294.0,,0.0,,
1942-08-31,311.0,,0.0,,
1942-09-01,300.0,,0.0,,0.0
1942-09-02,300.0,,5.0,,0.0
1942-09-03,200.0,,0.0,,0.0
1942-09-04,244.0,,0.0,,0.0
1942-09-05,256.0,,0.0,,0.0
1942-09-06,244.0,,0.0,,0.0
1942-09-07,233.0,,127.0,,0.0
1942-09-08,244.0,,279.0,,0.0
1942-09-09,267.0,,0.0,,0.0
1942-09-10,267.0,,0.0,,0.0
1942-09-11,311.0,,0.0,,0.0
1942-09-12,261.0,,0.0,,0.0
1942-09-13,267.0,,0.0,,0.0
1942-09-14,317.0,,0.0,,0.0
1942-09-15,278.0,,3.0,,0.0
1942-09-16,294.0,,64.0,,0.0
1942-09-17,306.0,,0.0,,0.0
1942-09-18,317.0,,0.0,,0.0
1942-09-19,317.0,,5.0,,0.0
1942-09-20,133.0,,0.0,,0.0
1942-09-21,167.0,,0.0,,0.0
1942-09-22,200.0,,13.0,,0.0
1942-09-23,150.0,,8.0,,0.0
1942-09-24,133.0,,0.0,,0.0
1942-09-25,89.0,,81.0,,0.0
1942-09-26,94.0,,0.0,,0.0
1942-09-27,22.0,,0.0,,0.0
1942-09-28,133.0,,0.0,,0.0
1942-09-29,189.0,,0.0,,0.0
1942-09-30,250.0,,0.0,,0.0
1942-10-01,233.0,,0.0,,0.0
1942-10-02,278.0,,0.0,,0.0
1942-10-03,211.0,,13.0,,0.0
1942-10-04,217.0,,0.0,,0.0
1942-10-05,178.0,,41.0,,0.0
1942-10-06,256.0,,0.0,,0.0
1942-10-07,261.0,,0.0,,0.0
1942-10-08,211.0,,0.0,,0.0
1942-10-09,222.0,,0.0,,0.0
1942-10-10,211.0,,0.0,,0.0
1942-10-11,222.0,,0.0,,0.0
1942-10-12,228.0,,0.0,,0.0
1942-10-13,222.0,,0.0,,0.0
1942-10-14,206.0,,0.0,,0.0
1942-10-15,178.0,,0.0,,0.0
1942-10-16,156.0,,10.0,,0.0
1942-10-17,228.0,,0.0,,0.0
1942-10-18,189.0,,0.0,,0.0
1942-10-19,217.0,,0.0,,0.0
1942-10-20,233.0,,0.0,,0.0
1942-10-21,133.0,,0.0,,0.0
1942-10-22,78.0,,61.0,,0.0
1942-10-23,72.0,,0.0,,0.0
1942-10-24,133.0,,0.0,,0.0
1942-10-25,89.0,,5.0,,0.0
1942-10-26,122.0,,0.0,,0.0
1942-10-27,78.0,,0.0,,0.0
1942-10-28,144.0,,0.0,,0.0
1942-10-29,178.0,,38.0,,0.0
1942-10-30,183.0,,15.0,,0.0
1942-10-31,133.0,,0.0,,0.0
1942-11-01,67.0,,51.0,,0.0
1942-11-02,50.0,,0.0,,0.0
1942-11-03,-11.0,,0.0,,0.0
1942-11-04,100.0,,0.0,,0.0
1942-11-05,56.0,,132.0,,0.0
1942-11-06,78.0,,0.0,,0.0
1942-11-07,100.0,,0.0,,0.0
1942-11-08,56.0,,0.0,,0.0
1942-11-09,133.0,,198.0,,0.0
1942-11-10,22.0,,0.0,,0.0
1942-11-11,78.0,,0.0,,0.0
1942-11-12,139.0,,0.0,,0.0
1942-11-13,44.0,,0.0,,0.0
1942-11-14,89.0,,0.0,,0.0
1942-11-15,178.0,,0.0,,0.0
1942-11-16,194.0,,0.0,,0.0
1942-11-17,156.0,,51.0,,0.0
1942-11-18,78.0,,5.0,,0.0
1942-11-19,228.0,,0.0,,0.0
1942-11-20,189.0,,107.0,,0.0
1942-11-21,17.0,,0.0,,0.0
1942-11-22,17.0,,140.0,,0.0
1942-11-23,22.0,,25.0,,0.0
1942-11-24,89.0,,25.0,,0.0
1942-11-25,144.0,,56.0,,0.0
1942-11-26,-44.0,,0.0,,0.0
1942-11-27,0.0,,0.0,,0.0
1942-11-28,72.0,,64.0,,76.0
1942-11-29,-33.0,,0.0,,0.0
1942-11-30,-28.0,,0.0,,0.0
1942-12-01,-44.0,,0.0,,0.0
1942-12-02,-144.0,,0.0,,0.0
1942-12-03,-78.0,,0.0,,0.0
1942-12-04,-44.0,,0.0,,0.0
1942-12-05,-11.0,,30.0,,38.0
1942-12-06,-44.0,,0.0,,0.0
1942-12-07,-50.0,,0.0,,0.0
1942-12-08,-33.0,,0.0,,0.0
1942-12-09,11.0,,0.0,,0.0
1942-12-10,-11.0,,0.0,,0.0
1942-12-11,-39.0,,0.0,,0.0
1942-12-12,-122.0,,0.0,,0.0
1942-12-13,-100.0,,0.0,,0.0
1942-12-14,-11.0,,0.0,,0.0
1942-12-15,-33.0,,0.0,,0.0
1942-12-16,11.0,,0.0,,0.0
1942-12-17,28.0,,0.0,,0.0
1942-12-18,-39.0,,0.0,,0.0
1942-12-19,44.0,,0.0,,0.0
1942-12-20,-122.0,,64.0,,102.0
1942-12-21,-22.0,,0.0,,0.0
1942-12-22,11.0,,0.0,,0.0
1942-12-23,-22.0,,0.0,,0.0
1942-12-24,11.0,,0.0,,0.0
1942-12-25,17.0,,0.0,,0.0
1942-12-26,33.0,,0.0,,0.0
1942-12-27,17.0,,605.0,,0.0
1942-12-28,-6.0,,0.0,,0.0
1942-12-29,-6.0,,0.0,,0.0
1942-12-30,22.0,,0.0,,0.0
1942-12-31,44.0,,0.0,,0.0
1943-01-01,28.0,,0.0,,0.0
1943-01-02,0.0,,0.0,,0.0
1943-01-03,-22.0,,127.0,,0.0
1943-01-04,-89.0,,0.0,,0.0
1943-01-05,-39.0,,0.0,,0.0
1943-01-06,11.0,,25.0,,25.0
1943-01-07,-33.0,,25.0,25.0,25.0
1943-01-08,-39.0,,0.0,,0.0
1943-01-09,0.0,,0.0,,0.0
1943-01-10,6.0,,0.0,,0.0
1943-01-11,-11.0,,0.0,,0.0
1943-01-12,-111.0,,0.0,,0.0
1943-01-13,-67.0,,0.0,,0.0
1943-01-14,44.0,,76.0,51.0,76.0
1943-01-15,-56.0,,81.0,102.0,102.0
1943-01-16,-39.0,,0.0,,0.0
1943-01-17,-100.0,,25.0,152.0,25.0
1943-01-18,-89.0,,76.0,152.0,76.0
1943-01-19,-178.0,,0.0,,0.0
1943-01-20,-78.0,,0.0,,0.0
1943-01-21,-22.0,,0.0,,0.0
1943-01-22,56.0,,0.0,,0.0
1943-01-23,33.0,,0.0,,0.0
1943-01-24,11.0,,0.0,,0.0
1943-01-25,-178.0,,0.0,,0.0
1943-01-26,-111.0,,0.0,,0.0
1943-01-27,0.0,,0.0,,0.0
1943-01-28,6.0,,0.0,,0.0
1943-01-29,33.0,,13.0,152.0,13.0
1943-01-30,56.0,,0.0,,0.0
1943-01-31,-33.0,,76.0,152.0,76.0
1943-02-01,-44.0,,0.0,,0.0
1943-02-02,44.0,,0.0,,0.0
1943-02-03,44.0,,257.0,0.0,25.0
1943-02-04,44.0,,0.0,,0.0
1943-02-05,72.0,,0.0,,0.0
1943-02-06,-56.0,,51.0,,51.0
1943-02-07,33.0,,0.0,,0.0
1943-02-08,44.0,,0.0,,0.0
1943-02-09,100.0,,0.0,,0.0
1943-02-10,-56.0,,0.0,,0.0
1943-02-11,-67.0,,0.0,,0.0
1943-02-12,-67.0,,3.0,,3.0
1943-02-13,-144.0,,0.0,,0.0
1943-02-14,-156.0,,0.0,,0.0
1943-02-15,-122.0,,25.0,,25.0
1943-02-16,-56.0,,0.0,,0.0
1943-02-17,-50.0,,0.0,,0.0
1943-02-18,89.0,,0.0,,0.0
1943-02-19,111.0,,0.0,,0.0
1943-02-20,72.0,,0.0,,0.0
1943-02-21,111.0,,0.0,,0.0
1943-02-22,144.0,,0.0,,0.0
1943-02-23,22.0,,61.0,,0.0
1943-02-24,17.0,,0.0,,0.0
1943-02-25,17.0,,0.0,,0.0
1943-02-26,-94.0,,0.0,,0.0
1943-02-27,122.0,,0.0,,0.0
1943-02-28,17.0,,0.0,,0.0
1943-03-01,-83.0,,0.0,,0.0
1943-03-02,-144.0,,0.0,,0.0
1943-03-03,-50.0,,0.0,,0.0
1943-03-04,67.0,,0.0,,0.0
1943-03-05,-44.0,,0.0,,0.0
1943-03-06,-72.0,,127.0,,127.0
1943-03-07,-122.0,,0.0,,0.0
1943-03-08,-56.0,,0.0,,0.0
1943-03-09,67.0,,0.0,,0.0
1943-03-10,0.0,,51.0,,51.0
1943-03-11,78.0,,0.0,,0.0
1943-03-12,56.0,,0.0,,0.0
1943-03-13,111.0,,0.0,,0.0
1943-03-14,161.0,,0.0,,0.0
1943-03-15,144.0,,178.0,,0.0
1943-03-16,-33.0,,0.0,,0.0
1943-03-17,22.0,,0.0,,0.0
1943-03-18,-22.0,,5.0,,5.0
1943-03-19,17.0,,107.0,,0.0
1943-03-20,0.0,,0.0,,0.0
1943-03-21,-39.0,,0.0,,0.0
1943-03-22,44.0,,0.0,,0.0
1943-03-23,122.0,,0.0,,0.0
1943-03-24,122.0,,0.0,,0.0
1943-03-25,167.0,,0.0,,0.0
1943-03-26,122.0,,0.0,,0.0
1943-03-27,39.0,,0.0,,0.0
1943-03-28,44.0,,0.0,,0.0
1943-03-29,189.0,,0.0,,0.0
1943-03-30,267.0,,0.0,,0.0
1943-03-31,189.0,,0.0,,0.0
1943-04-01,189.0,,0.0,,0.0
1943-04-02,67.0,,0.0,,0.0
1943-04-03,139.0,,0.0,,0.0
1943-04-04,178.0,,0.0,,0.0
1943-04-05,128.0,,0.0,,0.0
1943-04-06,100.0,,0.0,,0.0
1943-04-07,178.0,,168.0,,0.0
1943-04-08,222.0,,0.0,,0.0
1943-04-09,183.0,,5.0,,0.0
1943-04-10,117.0,,0.0,,0.0
1943-04-11,122.0,,33.0,,0.0
1943-04-12,122.0,,0.0,,0.0
1943-04-13,-11.0,,0.0,,0.0
1943-04-14,11.0,,0.0,,0.0
1943-04-15,156.0,,3.0,,0.0
1943-04-16,122.0,,0.0,,0.0
1943-04-17,122.0,,0.0,,0.0
1943-04-18,156.0,,20.0,,0.0
1943-04-19,83.0,,0.0,,0.0
1943-04-20,133.0,,36.0,,0.0
1943-04-21,194.0,,0.0,,0.0
1943-04-22,100.0,,79.0,,0.0
1943-04-23,206.0,,0.0,,0.0
1943-04-24,250.0,,0.0,,0.0
1943-04-25,183.0,,140.0,,0.0
1943-04-26,211.0,,0.0,,0.0
1943-04-27,183.0,,559.0,,0.0
1943-04-28,167.0,,0.0,,0.0
1943-04-29,144.0,,226.0,,0.0
1943-04-30,128.0,,0.0,,0.0
1943-05-01,156.0,,0.0,,
1943-05-02,244.0,,0.0,,
1943-05-03,172.0,,0.0,,
1943-05-04,211.0,,0.0,,
1943-05-05,311.0,,0.0,,
1943-05-06,222.0,,20.0,,
1943-05-07,106.0,,206.0,,
1943-05-08,161.0,,0.0,,
1943-05-09,122.0,,0.0,,
1943-05-10,122.0,,76.0,,
1943-05-11,189.0,,56.0,,
1943-05-12,156.0,,30.0,,
1943-05-13,156.0,,0.0,,
1943-05-14,156.0,,0.0,,
1943-05-15,156.0,,259.0,,
1943-05-16,167.0,,102.0,,
1943-05-17,100.0,,97.0,,
1943-05-18,128.0,,25.0,,
1943-05-19,128.0,,58.0,,
1943-05-20,100.0,,203.0,,
1943-05-21,222.0,,0.0,,
1943-05-22,256.0,,0.0,,
1943-05-23,200.0,,5.0,,
1943-05-24,200.0,,58.0,,
1943-05-25,122.0,,0.0,,
1943-05-26,167.0,,0.0,,
1943-05-27,228.0,,0.0,,
1943-05-28,289.0,,0.0,,
1943-05-29,317.0,,0.0,,
1943-05-30,261.0,,0.0,,
1943-05-31,317.0,,0.0,,
1943-06-01,278.0,,36.0,,
1943-06-02,300.0,,0.0,,
1943-06-03,278.0,,0.0,,
1943-06-04,222.0,,38.0,,
1943-06-05,217.0,,51.0,,
1943-06-06,222.0,,312.0,,
1943-06-07,167.0,,127.0,,
1943-06-08,178.0,,0.0,,
1943-06-09,233.0,,0.0,,
1943-06-10,250.0,,0.0,,
1943-06-11,267.0,,8.0,,
1943-06-12,322.0,,0.0,,
1943-06-13,328.0,,0.0,,
1943-06-14,333.0,,0.0,,
1943-06-15,278.0,,0.0,,
1943-06-16,244.0,,84.0,,
1943-06-17,250.0,,0.0,,
1943-06-18,306.0,,0.0,,
1943-06-19,294.0,,0.0,,
1943-06-20,256.0,,508.0,,
1943-06-21,278.0,,178.0,,
1943-06-22,300.0,,0.0,,
1943-06-23,317.0,,0.0,,
1943-06-24,322.0,,0.0,,
1943-06-25,333.0,,0.0,,
1943-06-26,333.0,,0.0,,
1943-06-27,333.0,,0.0,,
1943-06-28,267.0,,18.0,,
1943-06-29,178.0,,0.0,,
1943-06-30,200.0,,0.0,,
1943-07-01,256.0,,0.0,,
1943-07-02,278.0,,0.0,,
1943-07-03,322.0,,0.0,,
1943-07-04,306.0,,69.0,,
1943-07-05,278.0,,0.0,,
1943-07-06,244.0,,10.0,,
1943-07-07,278.0,,0.0,,
1943-07-08,289.0,,0.0,,
1943-07-09,311.0,,0.0,,
1943-07-10,311.0,,0.0,,
1943-07-11,311.0,,0.0,,
1943-07-12,339.0,,0.0,,
1943-07-13,344.0,,0.0,,
1943-07-14,294.0,,3.0,,
1943-07-15,322.0,,0.0,,
1943-07-16,300.0,,97.0,,
1943-07-17,289.0,,0.0,,
1943-07-18,300.0,,0.0,,
1943-07-19,317.0,,0.0,,
1943-07-20,311.0,,0.0,,
1943-07-21,333.0,,0.0,,
1943-07-22,283.0,,0.0,,
1943-07-23,300.0,,0.0,,
1943-07-24,294.0,,0.0,,
1943-07-25,333.0,,0.0,,
1943-07-26,344.0,,0.0,,
1943-07-27,344.0,,0.0,,
1943-07-28,244.0,,25.0,,
1943-07-29,300.0,,91.0,,
1943-07-30,317.0,,0.0,,
1943-07-31,256.0,,0.0,,
1943-08-01,344.0,,0.0,,
1943-08-02,322.0,,508.0,,
1943-08-03,267.0,,234.0,,
1943-08-04,283.0,,23.0,,
1943-08-05,278.0,,0.0,,
1943-08-06,283.0,,0.0,,
1943-08-07,322.0,,0.0,,
1943-08-08,300.0,,0.0,,
1943-08-09,294.0,,0.0,,
1943-08-10,311.0,,0.0,,
1943-08-11,322.0,,0.0,,
1943-08-12,300.0,,64.0,,
1943-08-13,322.0,,442.0,,
1943-08-14,278.0,,0.0,,
1943-08-15,283.0,,66.0,,
1943-08-16,222.0,,0.0,,
1943-08-17,233.0,,0.0,,
1943-08-18,244.0,,0.0,,
1943-08-19,267.0,,0.0,,
1943-08-20,278.0,,0.0,,
1943-08-21,311.0,,0.0,,
1943-08-22,278.0,,0.0,,
1943-08-23,311.0,,79.0,,
1943-08-24,333.0,,0.0,,
1943-08-25,289.0,,168.0,,
1943-08-26,278.0,,97.0,,
1943-08-27,217.0,,0.0,,
1943-08-28,222.0,,0.0,,
1943-08-29,294.0,,0.0,,
1943-08-30,311.0,,0.0,,
1943-08-31,350.0,,0.0,,
1943-11-01,,,0.0,,0.0
1943-11-02,,,0.0,,0.0
1943-11-03,,,0.0,,0.0
1943-11-04,,,0.0,,0.0
1943-11-05,,,0.0,,0.0
1943-11-06,,,64.0,,0.0
1943-11-07,,,254.0,,0.0
1943-11-08,,,76.0,,0.0
1943-11-09,,,0.0,,0.0
1943-11-10,,,0.0,,0.0
1943-11-11,,,0.0,,0.0
1943-11-12,,,0.0,,0.0
1943-11-13,,,0.0,,0.0
1943-11-14,,,0.0,,0.0
1943-11-15,,,0.0,,0.0
1943-11-16,,,0.0,,0.0
1943-11-17,,,0.0,,0.0
1943-11-18,,,0.0,,0.0
1943-11-19,,,0.0,,0.0
1943-11-20,,,0.0,,0.0
1943-11-21,,,0.0,,0.0
1943-11-22,,,0.0,,0.0
1943-11-23,,,0.0,,0.0
1943-11-24,,,0.0,,0.0
1943-11-25,,,0.0,,0.0
1943-11-26,,,0.0,,0.0
1943-11-27,,,0.0,,0.0
1943-11-28,,,0.0,,0.0
1943-11-29,,,13.0,,13.0
1943-11-30,,,0.0,,0.0
1943-12-01,,,0.0,,0.0
1943-12-02,,,0.0,,0.0
1943-12-03,,,0.0,,0.0
1943-12-04,,,0.0,,0.0
1943-12-05,,,0.0,,0.0
1943-12-06,,,81.0,,0.0
1943-12-07,,,0.0,,0.0
1943-12-08,,,0.0,,0.0
1943-12-09,,,0.0,,0.0
1943-12-10,,,0.0,,0.0
1943-12-11,,,0.0,,0.0
1943-12-12,,,0.0,,0.0
1943-12-13,,,0.0,,0.0
1943-12-14,,,0.0,,5.0
1943-12-15,,,0.0,,0.0
1943-12-16,,,0.0,,0.0
1943-12-17,,,0.0,,0.0
1943-12-18,,,0.0,,0.0
1943-12-19,,,0.0,,0.0
1943-12-20,,,0.0,,0.0
1943-12-21,,,0.0,,0.0
1943-12-22,,,0.0,,0.0
1943-12-23,,,0.0,,0.0
1943-12-24,,,0.0,,0.0
1943-12-25,,,0.0,,0.0
1943-12-26,,,0.0,,0.0
1943-12-27,,,3.0,,0.0
1943-12-28,,,0.0,,0.0
1943-12-29,,,0.0,,0.0
1943-12-30,,,0.0,,0.0
1943-12-31,,,0.0,,0.0
1944-01-01,,,0.0,,0.0
1944-01-02,,,0.0,,0.0
1944-01-03,,,0.0,,0.0
1944-01-04,,,0.0,,0.0
1944-01-05,,,5.0,0.0,5.0
1944-01-06,,,0.0,,0.0
1944-01-07,,,0.0,,0.0
1944-01-08,,,0.0,,0.0
1944-01-09,,,0.0,,0.0
1944-01-10,,,0.0,,0.0
1944-01-11,,,0.0,,0.0
1944-01-12,,,0.0,,0.0
1944-01-13,,,0.0,,0.0
1944-01-14,,,0.0,,0.0
1944-01-15,,,0.0,,0.0
1944-01-16,,,0.0,,0.0
1944-01-17,,,0.0,,0.0
1944-01-18,,,0.0,,0.0
1944-01-19,,,0.0,,0.0
1944-01-20,,,0.0,,0.0
1944-01-21,,,0.0,,0.0
1944-01-22,,,0.0,,0.0
1944-01-23,,,0.0,,0.0
1944-01-24,,,33.0,,0.0
1944-01-25,,,30.0,,0.0
1944-01-26,,,0.0,,0.0
1944-01-27,,,36.0,,0.0
1944-01-28,,,0.0,,0.0
1944-01-29,,,0.0,,0.0
1944-01-30,,,0.0,,0.0
1944-01-31,,,0.0,,0.0
1944-02-01,,,0.0,,0.0
1944-02-02,,,0.0,,0.0
1944-02-03,,,0.0,,0.0
1944-02-04,,,0.0,,0.0
1944-02-05,,,0.0,,0.0
1944-02-06,,,0.0,,0.0
1944-02-07,,,0.0,,0.0
1944-02-08,,,0.0,,0.0
1944-02-09,,,0.0,,0.0
1944-02-10,,,74.0,152.0,152.0
1944-02-11,,,0.0,,0.0
1944-02-12,,,0.0,,0.0
1944-02-13,,,0.0,,0.0
1944-02-14,,,56.0,152.0,76.0
1944-02-15,,,0.0,,0.0
1944-02-16,,,0.0,,0.0
1944-02-17,,,76.0,127.0,76.0
1944-02-18,,,0.0,,0.0
1944-02-19,,,0.0,,0.0
1944-02-20,,,0.0,,0.0
1944-02-21,,,0.0,,0.0
1944-02-22,,,81.0,,0.0
1944-02-23,,,0.0,,0.0
1944-02-24,,,0.0,,0.0
1944-02-25,,,279.0,,0.0
1944-02-26,,,0.0,,0.0
1944-02-27,,,0.0,,0.0
1944-02-28,,,0.0,,0.0
1944-02-29,,,0.0,,0.0
1944-03-01,,,0.0,,0.0
1944-03-02,,,0.0,,0.0
1944-03-03,,,53.0,,0.0
1944-03-04,,,127.0,,76.0
1944-03-05,,,0.0,,0.0
1944-03-06,,,30.0,,0.0
1944-03-07,,,0.0,,0.0
1944-03-08,,,0.0,,0.0
1944-03-09,,,0.0,,0.0
1944-03-10,,,0.0,,0.0
1944-03-11,,,0.0,,0.0
1944-03-12,,,0.0,,0.0
1944-03-13,,,30.0,,0.0
1944-03-14,,,351.0,,0.0
1944-03-15,,,203.0,,0.0
1944-03-16,,,0.0,,0.0
1944-03-17,,,0.0,,0.0
1944-03-18,,,25.0,,8.0
1944-03-19,,,0.0,,0.0
1944-03-20,,,0.0,,0.0
1944-03-21,,,0.0,,0.0
1944-03-22,,,8.0,,0.0
1944-03-23,,,0.0,,0.0
1944-03-24,,,0.0,,0.0
1944-03-25,,,10.0,0.0,13.0
1944-03-26,,,10.0,0.0,0.0
1944-03-27,,,0.0,,0.0
1944-03-28,,,0.0,,0.0
1944-03-29,,,74.0,102.0,114.0
1944-03-30,,,38.0,,64.0
1944-03-31,,,0.0,0.0,0.0
1944-04-01,,,0.0,,0.0
1944-04-02,,,0.0,,0.0
1944-04-03,,,0.0,,0.0
1944-04-04,,,0.0,,0.0
1944-04-05,,,0.0,,0.0
1944-04-06,,,0.0,,0.0
1944-04-07,,,38.0,,0.0
1944-04-08,,,0.0,,0.0
1944-04-09,,,20.0,,0.0
1944-04-10,,,79.0,,0.0
1944-04-11,,,193.0,,0.0
1944-04-12,,,0.0,,0.0
1944-04-13,,,20.0,,0.0
1944-04-14,,,0.0,,0.0
1944-04-15,,,107.0,,0.0
1944-04-16,,,0.0,,0.0
1944-04-17,,,0.0,,0.0
1944-04-18,,,8.0,,0.0
1944-04-19,,,0.0,,0.0
1944-04-20,,,0.0,,0.0
1944-04-21,,,0.0,,0.0
1944-04-22,,,254.0,,0.0
1944-04-23,,,335.0,,0.0
1944-04-24,,,25.0,,0.0
1944-04-25,,,25.0,,0.0
1944-04-26,,,76.0,,0.0
1944-04-27,,,0.0,,0.0
1944-04-28,,,0.0,,0.0
1944-04-29,,,0.0,,0.0
1944-04-30,,,25.0,,0.0
1944-05-01,,,0.0,,0.0
1944-05-02,,,229.0,,0.0
1944-05-03,,,0.0,,0.0
1944-05-04,,,0.0,,0.0
1944-05-05,,,18.0,,0.0
1944-05-06,,,15.0,,0.0
1944-05-07,,,0.0,,0.0
1944-05-08,,,74.0,,0.0
1944-05-09,,,0.0,,0.0
1944-05-10,,,0.0,,0.0
1944-05-11,,,0.0,,0.0
1944-05-12,,,0.0,,0.0
1944-05-13,,,0.0,,0.0
1944-05-14,,,0.0,,0.0
1944-05-15,,,0.0,,0.0
1944-05-16,,,97.0,,0.0
1944-05-17,,,0.0,,0.0
1944-05-18,,,38.0,,0.0
1944-05-19,,,0.0,,0.0
1944-05-20,,,51.0,,0.0
1944-05-21,,,140.0,,0.0
1944-05-22,,,51.0,,0.0
1944-05-23,,,198.0,,0.0
1944-05-24,,,117.0,,0.0
1944-05-25,,,64.0,,0.0
1944-05-26,,,0.0,,0.0
1944-05-27,,,0.0,,0.0
1944-05-28,,,0.0,,0.0
1944-05-29,,,0.0,,0.0
1944-05-30,,,0.0,,0.0
1944-05-31,,,0.0,,0.0
1944-06-01,,,0.0,,0.0
1944-06-02,,,0.0,,0.0
1944-06-03,,,0.0,,0.0
1944-06-04,,,0.0,,0.0
1944-06-05,,,0.0,,0.0
1944-06-06,,,0.0,,0.0
1944-06-07,,,0.0,,0.0
1944-06-08,,,36.0,,0.0
1944-06-09,,,198.0,,0.0
1944-06-10,,,0.0,,0.0
1944-06-11,,,0.0,,0.0
1944-06-12,,,5.0,,0.0
1944-06-13,,,25.0,,0.0
1944-06-14,,,130.0,,0.0
1944-06-15,,,0.0,,0.0
1944-06-16,,,267.0,,0.0
1944-06-17,,,0.0,,0.0
1944-06-18,,,0.0,,0.0
1944-06-19,,,71.0,,0.0
1944-06-20,,,0.0,,0.0
1944-06-21,,,0.0,,0.0
1944-06-22,,,28.0,,0.0
1944-06-23,,,0.0,,0.0
1944-06-24,,,0.0,,0.0
1944-06-25,,,89.0,,0.0
1944-06-26,,,216.0,,0.0
1944-06-27,,,0.0,,0.0
1944-06-28,,,0.0,,0.0
1944-06-29,,,0.0,,0.0
1944-06-30,,,0.0,,0.0
1944-07-01,,,0.0,,0.0
1944-07-02,,,0.0,,0.0
1944-07-03,,,0.0,,0.0
1944-07-04,,,0.0,,0.0
1944-07-05,,,0.0,,0.0
1944-07-06,,,0.0,,0.0
1944-07-07,,,0.0,,0.0
1944-07-08,,,0.0,,0.0
1944-07-09,,,0.0,,0.0
1944-07-10,,,0.0,,0.0
1944-07-11,,,0.0,,0.0
1944-07-12,,,0.0,,0.0
1944-07-13,,,0.0,,0.0
1944-07-14,,,0.0,,0.0
1944-07-15,,,5.0,,0.0
1944-07-16,,,0.0,,0.0
1944-07-17,,,0.0,,0.0
1944-07-18,,,10.0,,0.0
1944-07-19,,,0.0,,0.0
1944-07-20,,,0.0,,0.0
1944-07-21,,,0.0,,0.0
1944-07-22,,,0.0,,0.0
1944-07-23,,,36.0,,0.0
1944-07-24,,,13.0,,0.0
1944-07-25,,,0.0,,0.0
1944-07-26,,,241.0,,0.0
1944-07-27,,,74.0,,0.0
1944-07-28,,,0.0,,0.0
1944-07-29,,,0.0,,0.0
1944-07-30,,,0.0,,0.0
1944-07-31,,,0.0,,0.0
1944-08-01,,,0.0,,0.0
1944-08-02,,,0.0,,0.0
1944-08-03,,,0.0,,0.0
1944-08-04,,,0.0,,0.0
1944-08-05,,,0.0,,0.0
1944-08-06,,,0.0,,0.0
1944-08-07,,,0.0,,0.0
1944-08-08,,,0.0,,0.0
1944-08-09,,,0.0,,0.0
1944-08-10,,,0.0,,0.0
1944-08-11,,,0.0,,0.0
1944-08-12,,,0.0,,0.0
1944-08-13,,,0.0,,0.0
1944-08-14,,,0.0,,0.0
1944-08-15,,,0.0,,0.0
1944-08-16,,,168.0,,0.0
1944-08-17,,,53.0,,0.0
1944-08-18,,,0.0,,0.0
1944-08-19,,,0.0,,0.0
1944-08-20,,,0.0,,0.0
1944-08-21,,,0.0,,0.0
1944-08-22,,,3.0,,0.0
1944-08-23,,,3.0,,0.0
1944-08-24,,,0.0,,0.0
1944-08-25,,,0.0,,0.0
1944-08-26,,,20.0,,0.0
1944-08-27,,,28.0,,0.0
1944-08-28,,,0.0,,0.0
1944-08-29,,,0.0,,0.0
1944-08-30,,,8.0,,0.0
1944-08-31,,,272.0,,0.0
1944-09-01,,,0.0,,0.0
1944-09-02,,,0.0,,0.0
1944-09-03,,,0.0,,0.0
1944-09-04,,,0.0,,0.0
1944-09-05,,,0.0,,0.0
1944-09-06,,,15.0,,0.0
1944-09-07,,,0.0,,0.0
1944-09-08,,,0.0,,0.0
1944-09-09,,,0.0,,0.0
1944-09-10,,,0.0,,0.0
1944-09-11,,,76.0,,0.0
1944-09-12,,,132.0,,0.0
1944-09-13,,,10.0,,0.0
1944-09-14,,,0.0,,0.0
1944-09-15,,,0.0,,0.0
1944-09-16,,,56.0,,0.0
1944-09-17,,,20.0,,0.0
1944-09-18,,,0.0,,0.0
1944-09-19,,,0.0,,0.0
1944-09-20,,,20.0,,0.0
1944-09-21,,,36.0,,0.0
1944-09-22,,,0.0,,0.0
1944-09-23,,,36.0,,0.0
1944-09-24,,,0.0,,0.0
1944-09-25,,,0.0,,0.0
1944-09-26,,,0.0,,0.0
1944-09-27,,,0.0,,0.0
1944-09-28,,,51.0,,0.0
1944-09-29,,,0.0,,0.0
1944-09-30,,,0.0,,0.0
1944-10-01,,,0.0,,0.0
1944-10-02,,,89.0,,0.0
1944-10-03,,,0.0,,0.0
1944-10-04,,,0.0,,0.0
1944-10-05,,,33.0,,0.0
1944-10-06,,,0.0,,0.0
1944-10-07,,,0.0,,0.0
1944-10-08,,,0.0,,0.0
1944-10-09,,,0.0,,0.0
1944-10-10,,,0.0,,0.0
1944-10-11,,,0.0,,0.0
1944-10-12,,,0.0,,0.0
1944-10-13,,,0.0,,0.0
1944-10-14,,,0.0,,0.0
1944-10-15,,,0.0,,0.0
1944-10-16,,,0.0,,0.0
1944-10-17,,,0.0,,0.0
1944-10-18,,,0.0,,0.0
1944-10-19,,,0.0,,0.0
1944-10-20,,,0.0,,0.0
1944-10-21,,,0.0,,0.0
1944-10-22,,,0.0,,0.0
1944-10-23,,,0.0,,0.0
1944-10-24,,,0.0,,0.0
1944-10-25,,,0.0,,0.0
1944-10-26,,,0.0,,0.0
1944-10-27,,,0.0,,0.0
1944-10-28,,,0.0,,0.0
1944-10-29,,,0.0,,0.0
1944-10-30,,,0.0,,0.0
1944-10-31,,,0.0,,0.0
1944-11-01,,,0.0,,0.0
1944-11-02,,,13.0,,0.0
1944-11-03,,,216.0,,0.0
1944-11-04,,,0.0,,0.0
1944-11-05,,,0.0,,0.0
1944-11-06,,,38.0,,0.0
1944-11-07,,,30.0,,0.0
1944-11-08,,,28.0,,0.0
1944-11-09,,,0.0,,0.0
1944-11-10,,,0.0,,0.0
1944-11-11,,,0.0,,0.0
1944-11-12,,,0.0,,0.0
1944-11-13,,,0.0,,0.0
1944-11-14,,,102.0,,0.0
1944-11-15,,,13.0,,0.0
1944-11-16,,,0.0,,0.0
1944-11-17,,,0.0,,0.0
1944-11-18,,,0.0,,0.0
1944-11-19,,,0.0,,0.0
1944-11-20,,,0.0,,0.0
1944-11-21,,,0.0,,0.0
1944-11-22,,,0.0,,0.0
1944-11-23,,,10.0,,0.0
1944-11-24,,,0.0,,0.0
1944-11-25,,,25.0,,0.0
1944-11-26,,,10.0,,0.0
1944-11-27,,,0.0,,0.0
1944-11-28,,,0.0,,0.0
1944-11-29,,,10.0,0.0,13.0
1944-11-30,,,0.0,,0.0
1944-12-01,,,0.0,,0.0
1944-12-02,,,0.0,,0.0
1944-12-03,,,0.0,,0.0
1944-12-04,,,3.0,0.0,5.0
1944-12-05,,,102.0,25.0,102.0
1944-12-06,,,0.0,0.0,0.0
1944-12-07,,,0.0,0.0,0.0
1944-12-08,,,0.0,0.0,0.0
1944-12-09,,,0.0,,0.0
1944-12-10,,,132.0,152.0,152.0
1944-12-11,,,38.0,178.0,51.0
1944-12-12,,,0.0,152.0,0.0
1944-12-13,,,0.0,152.0,0.0
1944-12-14,,,0.0,127.0,0.0
1944-12-15,,,0.0,127.0,0.0
1944-12-16,,,0.0,102.0,0.0
1944-12-17,,,0.0,76.0,0.0
1944-12-18,,,0.0,76.0,0.0
1944-12-19,,,0.0,76.0,3.0
1944-12-20,,,0.0,76.0,0.0
1944-12-21,,,0.0,76.0,0.0
1944-12-22,,,0.0,76.0,0.0
1944-12-23,,,0.0,76.0,0.0
1944-12-24,,,0.0,76.0,0.0
1944-12-25,,,0.0,,0.0
1944-12-26,,,0.0,,0.0
1944-12-27,,,46.0,102.0,46.0
1944-12-28,,,0.0,102.0,0.0
1944-12-29,,,0.0,102.0,0.0
1944-12-30,,,0.0,76.0,0.0
1944-12-31,,,0.0,76.0,0.0
1945-01-01,,,0.0,,0.0
1945-01-02,,,0.0,,0.0
1945-01-03,,,0.0,,0.0
1945-01-04,,,0.0,,0.0
1945-01-05,,,0.0,,0.0
1945-01-06,,,0.0,,0.0
1945-01-07,,,0.0,51.0,0.0
1945-01-08,,,30.0,76.0,41.0
1945-01-09,,,0.0,,0.0
1945-01-10,,,15.0,102.0,23.0
1945-01-11,,,0.0,25.0,0.0
1945-01-12,,,0.0,25.0,0.0
1945-01-13,,,18.0,51.0,18.0
1945-01-14,,,0.0,51.0,0.0
1945-01-15,,,30.0,51.0,30.0
1945-01-16,,,0.0,,0.0
1945-01-17,,,0.0,,0.0
1945-01-18,,,0.0,,0.0
1945-01-19,,,0.0,,0.0
1945-01-20,,,0.0,,0.0
1945-01-21,,,0.0,,0.0
1945-01-22,,,18.0,51.0,25.0
1945-01-23,,,0.0,,0.0
1945-01-24,,,0.0,,0.0
1945-01-25,,,0.0,,0.0
1945-01-26,,,0.0,,0.0
1945-01-27,,,0.0,,0.0
1945-01-28,,,0.0,,0.0
1945-01-29,,,0.0,,0.0
1945-01-30,,,0.0,,0.0
1945-01-31,,,0.0,51.0,0.0
1945-02-01,,,0.0,51.0,0.0
1945-02-02,,,3.0,51.0,5.0
1945-02-03,,,0.0,51.0,0.0
1945-02-04,,,0.0,51.0,0.0
1945-02-05,,,0.0,,0.0
1945-02-06,,,0.0,,0.0
1945-02-07,,,38.0,76.0,38.0
1945-02-08,,,0.0,,0.0
1945-02-09,,,0.0,,0.0
1945-02-10,,,0.0,,0.0
1945-02-11,,,0.0,25.0,0.0
1945-02-12,,,0.0,,0.0
1945-02-13,,,0.0,,0.0
1945-02-14,,,0.0,,0.0
1945-02-15,,,0.0,,0.0
1945-02-16,,,0.0,,0.0
1945-02-17,,,0.0,,0.0
1945-02-18,,,0.0,0.0,0.0
1945-02-19,,,0.0,,0.0
1945-02-20,,,0.0,,0.0
1945-02-21,,,102.0,,0.0
1945-02-22,,,13.0,,0.0
1945-02-23,,,0.0,,0.0
1945-02-24,,,0.0,,0.0
1945-02-25,,,0.0,,0.0
1945-02-26,,,46.0,,5.0
1945-02-27,,,0.0,,0.0
1945-02-28,,,28.0,0.0,56.0
1945-03-01,,,0.0,,0.0
1945-03-02,,,51.0,,0.0
1945-03-03,,,5.0,,0.0
1945-03-04,,,0.0,,0.0
1945-03-05,,,41.0,,0.0
1945-03-06,,,20.0,,25.0
1945-03-07,,,0.0,,0.0
1945-03-08,,,0.0,,0.0
1945-03-09,,,0.0,,0.0
1945-03-10,,,0.0,,0.0
1945-03-11,,,30.0,,0.0
1945-03-12,,,0.0,,0.0
1945-03-13,,,0.0,,0.0
1945-03-14,,,0.0,,0.0
1945-03-15,,,10.0,,0.0
1945-03-16,,,0.0,,0.0
1945-03-17,,,0.0,,0.0
1945-03-18,,,0.0,,0.0
1945-03-19,,,0.0,,0.0
1945-03-20,,,246.0,25.0,25.0
1945-03-21,,,0.0,,0.0
1945-03-22,,,0.0,,0.0
1945-03-23,,,0.0,,0.0
1945-03-24,,,0.0,,0.0
1945-03-25,,,262.0,,0.0
1945-03-26,,,61.0,,0.0
1945-03-27,,,0.0,,0.0
1945-03-28,,,0.0,,0.0
1945-03-29,,,150.0,,0.0
1945-03-30,,,0.0,,0.0
1945-03-31,,,0.0,,0.0
1945-04-01,,,0.0,,0.0
1945-04-02,,,145.0,,0.0
1945-04-03,,,0.0,,0.0
1945-04-04,,,36.0,,0.0
1945-04-05,,,0.0,,0.0
1945-04-06,,,0.0,,0.0
1945-04-07,,,0.0,,0.0
1945-04-08,,,0.0,,0.0
1945-04-09,,,0.0,,0.0
1945-04-10,,,0.0,,0.0
1945-04-11,,,61.0,,0.0
1945-04-12,,,274.0,,0.0
1945-04-13,,,173.0,,0.0
1945-04-14,,,0.0,,0.0
1945-04-15,,,20.0,,0.0
1945-04-16,,,183.0,,0.0
1945-04-17,,,0.0,,0.0
1945-04-18,,,0.0,,0.0
1945-04-19,,,0.0,,0.0
1945-04-20,,,15.0,,0.0
1945-04-21,,,0.0,,0.0
1945-04-22,,,0.0,,0.0
1945-04-23,,,0.0,,0.0
1945-04-24,,,259.0,,0.0
1945-04-25,,,0.0,,0.0
1945-04-26,,,152.0,,0.0
1945-04-27,,,0.0,,0.0
1945-04-28,,,0.0,,0.0
1945-04-29,,,0.0,,0.0
1945-04-30,,,0.0,,0.0
1945-05-01,,,0.0,,0.0
1945-05-02,,,104.0,,0.0
1945-05-03,,,140.0,,0.0
1945-05-04,,,8.0,,0.0
1945-05-05,,,0.0,,0.0
1945-05-06,,,0.0,,0.0
1945-05-07,,,429.0,,0.0
1945-05-08,,,0.0,,0.0
1945-05-09,,,0.0,,0.0
1945-05-10,,,107.0,,0.0
1945-05-11,,,0.0,,0.0
1945-05-12,,,13.0,,0.0
1945-05-13,,,13.0,,0.0
1945-05-14,,,351.0,,0.0
1945-05-15,,,196.0,,0.0
1945-05-16,,,165.0,,0.0
1945-05-17,,,193.0,,0.0
1945-05-18,,,0.0,,0.0
1945-05-19,,,0.0,,0.0
1945-05-20,,,53.0,,0.0
1945-05-21,,,43.0,,0.0
1945-05-22,,,0.0,,0.0
1945-05-23,,,18.0,,0.0
1945-05-24,,,0.0,,0.0
1945-05-25,,,0.0,,0.0
1945-05-26,,,0.0,,0.0
1945-05-27,,,58.0,,0.0
1945-05-28,,,0.0,,0.0
1945-05-29,,,0.0,,0.0
1945-05-30,,,0.0,,0.0
1945-05-31,,,56.0,,0.0
1945-06-01,,,183.0,,0.0
1945-06-02,,,0.0,,0.0
1945-06-03,,,3.0,,0.0
1945-06-04,,,0.0,,0.0
1945-06-05,,,0.0,,0.0
1945-06-06,,,13.0,,0.0
1945-06-07,,,13.0,,0.0
1945-06-08,,,0.0,,0.0
1945-06-09,,,5.0,,0.0
1945-06-10,,,198.0,,0.0
1945-06-11,,,0.0,,0.0
1945-06-12,,,0.0,,0.0
1945-06-13,,,0.0,,0.0
1945-06-14,,,0.0,,0.0
1945-06-15,,,5.0,,0.0
1945-06-16,,,30.0,,0.0
1945-06-17,,,0.0,,0.0
1945-06-18,,,0.0,,0.0
1945-06-19,,,0.0,,0.0
1945-06-20,,,152.0,,0.0
1945-06-21,,,0.0,,0.0
1945-06-22,,,13.0,,0.0
1945-06-23,,,0.0,,0.0
1945-06-24,,,0.0,,0.0
1945-06-25,,,302.0,,0.0
1945-06-26,,,0.0,,0.0
1945-06-27,,,15.0,,0.0
1945-06-28,,,76.0,,0.0
1945-06-29,,,23.0,,0.0
1945-06-30,,,61.0,,0.0
1945-07-01,,,0.0,,0.0
1945-07-02,,,0.0,,0.0
1945-07-03,,,0.0,,0.0
1945-07-04,,,13.0,,0.0
1945-07-05,,,0.0,,0.0
1945-07-06,,,0.0,,0.0
1945-07-07,,,23.0,,0.0
1945-07-08,,,0.0,,0.0
1945-07-09,,,0.0,,0.0
1945-07-10,,,0.0,,0.0
1945-07-11,,,0.0,,0.0
1945-07-12,,,0.0,,0.0
1945-07-13,,,23.0,,0.0
1945-07-14,,,8.0,,0.0
1945-07-15,,,0.0,,0.0
1945-07-16,,,0.0,,0.0
1945-07-17,,,0.0,,0.0
1945-07-18,,,0.0,,0.0
1945-07-19,,,0.0,,0.0
1945-07-20,,,0.0,,0.0
1945-07-21,,,114.0,,0.0
1945-07-22,,,0.0,,0.0
1945-07-23,,,0.0,,0.0
1945-07-24,,,0.0,,0.0
1945-07-25,,,0.0,,0.0
1945-07-26,,,0.0,,0.0
1945-07-27,,,0.0,,0.0
1945-07-28,,,23.0,,0.0
1945-07-29,,,0.0,,0.0
1945-07-30,,,0.0,,0.0
1945-07-31,,,0.0,,0.0
1945-08-01,,,0.0,,0.0
1945-08-02,,,0.0,,0.0
1945-08-03,,,0.0,,0.0
1945-08-04,,,0.0,,0.0
1945-08-05,,,150.0,,0.0
1945-08-06,,,0.0,,0.0
1945-08-07,,,0.0,,0.0
1945-08-08,,,0.0,,0.0
1945-08-09,,,0.0,,0.0
1945-08-10,,,0.0,,0.0
1945-08-11,,,0.0,,0.0
1945-08-12,,,117.0,,0.0
1945-08-13,,,330.0,,0.0
1945-08-14,,,0.0,,0.0
1945-08-15,,,0.0,,0.0
1945-08-16,,,0.0,,0.0
1945-08-17,,,0.0,,0.0
1945-08-18,,,0.0,,0.0
1945-08-19,,,0.0,,0.0
1945-08-20,,,0.0,,0.0
1945-08-21,,,0.0,,0.0
1945-08-22,,,0.0,,0.0
1945-08-23,,,0.0,,0.0
1945-08-24,,,0.0,,0.0
1945-08-25,,,0.0,,0.0
1945-08-26,,,0.0,,0.0
1945-08-27,,,0.0,,0.0
1945-08-28,,,0.0,,0.0
1945-08-29,,,23.0,,0.0
1945-08-30,,,0.0,,0.0
1945-08-31,,,0.0,,0.0
1945-09-01,,,112.0,,0.0
1945-09-02,,,36.0,,0.0
1945-09-03,,,0.0,,0.0
1945-09-04,,,0.0,,0.0
1945-09-05,,,0.0,,0.0
1945-09-06,,,0.0,,0.0
1945-09-07,,,0.0,,0.0
1945-09-08,,,0.0,,0.0
1945-09-09,,,0.0,,0.0
1945-09-10,,,84.0,,0.0
1945-09-11,,,0.0,,0.0
1945-09-12,,,0.0,,0.0
1945-09-13,,,8.0,,0.0
1945-09-14,,,330.0,,0.0
1945-09-15,,,0.0,,0.0
1945-09-16,,,0.0,,0.0
1945-09-17,,,0.0,,0.0
1945-09-18,,,0.0,,0.0
1945-09-19,,,0.0,,0.0
1945-09-20,,,107.0,,0.0
1945-09-21,,,0.0,,0.0
1945-09-22,,,76.0,,0.0
1945-09-23,,,249.0,,0.0
1945-09-24,,,229.0,,0.0
1945-09-25,,,20.0,,0.0
1945-09-26,,,20.0,,0.0
1945-09-27,,,74.0,,0.0
1945-09-28,,,272.0,,0.0
1945-09-29,,,0.0,,0.0
1945-09-30,,,61.0,,0.0
1945-10-01,,,107.0,,0.0
1945-10-02,,,0.0,,0.0
1945-10-03,,,0.0,,0.0
1945-10-04,,,0.0,,0.0
1945-10-05,,,20.0,,0.0
1945-10-06,,,0.0,,0.0
1945-10-07,,,0.0,,0.0
1945-10-08,,,0.0,,0.0
1945-10-09,,,0.0,,0.0
1945-10-10,,,0.0,,0.0
1945-10-11,,,0.0,,0.0
1945-10-12,,,0.0,,0.0
1945-10-13,,,0.0,,0.0
1945-10-14,,,13.0,,0.0
1945-10-15,,,0.0,,0.0
1945-10-16,,,0.0,,0.0
1945-10-17,,,0.0,,0.0
1945-10-18,,,0.0,,0.0
1945-10-19,,,0.0,,0.0
1945-10-20,,,0.0,,0.0
1945-10-21,,,5.0,,0.0
1945-10-22,,,0.0,,0.0
1945-10-23,,,0.0,,0.0
1945-10-24,,,0.0,,0.0
1945-10-25,,,0.0,,0.0
1945-10-26,,,0.0,,0.0
1945-10-27,,,0.0,,0.0
1945-10-28,,,0.0,,0.0
1945-10-29,,,91.0,,0.0
1945-10-30,,,0.0,,0.0
1945-10-31,,,0.0,,0.0
1945-11-01,,,0.0,,0.0
1945-11-02,,,0.0,,0.0
1945-11-03,,,0.0,,0.0
1945-11-04,,,0.0,,0.0
1945-11-05,,,0.0,,0.0
1945-11-06,,,0.0,,0.0
1945-11-07,,,287.0,,0.0
1945-11-08,,,112.0,,0.0
1945-11-09,,,0.0,,0.0
1945-11-10,,,0.0,,0.0
1945-11-11,,,0.0,,0.0
1945-11-12,,,109.0,,0.0
1945-11-13,,,0.0,,0.0
1945-11-14,,,0.0,,0.0
1945-11-15,,,33.0,,0.0
1945-11-16,,,0.0,,0.0
1945-11-17,,,0.0,,0.0
1945-11-18,,,0.0,,0.0
1945-11-19,,,51.0,,0.0
1945-11-20,,,0.0,,0.0
1945-11-21,,,69.0,25.0,38.0
1945-11-22,,,8.0,25.0,3.0
1945-11-23,,,0.0,,0.0
1945-11-24,,,0.0,,0.0
1945-11-25,,,0.0,,0.0
1945-11-26,,,0.0,,0.0
1945-11-27,,,86.0,,0.0
1945-11-28,,,10.0,,0.0
1945-11-29,,,0.0,,0.0
1945-11-30,,,0.0,0.0,0.0
1945-12-01,,,0.0,,0.0
1945-12-02,,,0.0,,0.0
1945-12-03,,,43.0,,0.0
1945-12-04,,,0.0,,0.0
1945-12-05,,,0.0,,0.0
1945-12-06,,,0.0,,0.0
1945-12-07,,,0.0,,0.0
1945-12-08,,,0.0,,0.0
1945-12-09,,,0.0,,0.0
1945-12-10,,,0.0,,0.0
1945-12-11,,,0.0,,0.0
1945-12-12,,,0.0,,0.0
1945-12-13,,,43.0,76.0,71.0
1945-12-14,,,0.0,,0.0
1945-12-15,,,0.0,,0.0
1945-12-16,,,0.0,51.0,0.0
1945-12-17,,,0.0,51.0,0.0
1945-12-18,,,0.0,51.0,5.0
1945-12-19,,,13.0,76.0,13.0
1945-12-20,,,0.0,,0.0
1945-12-21,,,0.0,,0.0
1945-12-22,,,0.0,,0.0
1945-12-23,,,0.0,51.0,0.0
1945-12-24,,,0.0,51.0,0.0
1945-12-25,,,229.0,102.0,51.0
1945-12-26,,,0.0,102.0,0.0
1945-12-27,,,0.0,102.0,0.0
1945-12-28,,,0.0,102.0,0.0
1945-12-29,,,15.0,,5.0
1945-12-30,,,36.0,51.0,0.0
1945-12-31,,,13.0,51.0,13.0
1946-01-01,,,,51.0,0.0
1946-01-02,,,,,0.0
1946-01-03,,,,51.0,0.0
1946-01-04,,,61.0,0.0,0.0
1946-01-05,,,191.0,0.0,0.0
1946-01-06,,,41.0,,0.0
1946-01-07,,,,,0.0
1946-01-08,,,,,0.0
1946-01-09,,,330.0,,0.0
1946-01-10,,,,,0.0
1946-01-11,,,18.0,25.0,15.0
1946-01-12,,,0.0,25.0,0.0
1946-01-13,,,,,0.0
1946-01-14,,,,,0.0
1946-01-15,,,,,0.0
1946-01-16,,,,,0.0
1946-01-17,,,,,0.0
1946-01-18,,,,,0.0
1946-01-19,,,,,0.0
1946-01-20,,,0.0,0.0,0.0
1946-01-21,,,,,0.0
1946-01-22,,,,,0.0
1946-01-23,,,0.0,0.0,3.0
1946-01-24,,,36.0,25.0,38.0
1946-01-25,,,,,0.0
1946-01-26,,,,,0.0
1946-01-27,,,,,0.0
1946-01-28,,,,,0.0
1946-01-29,,,,,0.0
1946-01-30,,,,,0.0
1946-01-31,,,5.0,0.0,0.0
1946-02-01,,,0.0,,0.0
1946-02-02,,,0.0,,0.0
1946-02-03,,,0.0,,0.0
1946-02-04,,,0.0,,0.0
1946-02-05,,,3.0,0.0,3.0
1946-02-06,,,0.0,0.0,0.0
1946-02-07,,,0.0,,0.0
1946-02-08,,,0.0,,0.0
1946-02-09,,,0.0,,0.0
1946-02-10,,,0.0,,0.0
1946-02-11,,,0.0,,0.0
1946-02-12,,,0.0,,0.0
1946-02-13,,,51.0,51.0,51.0
1946-02-14,,,48.0,127.0,71.0
1946-02-15,,,0.0,51.0,0.0
1946-02-16,,,0.0,,0.0
1946-02-17,,,0.0,,0.0
1946-02-18,,,0.0,,0.0
1946-02-19,,,0.0,,0.0
1946-02-20,,,0.0,,0.0
1946-02-21,,,5.0,0.0,5.0
1946-02-22,,,0.0,,0.0
1946-02-23,,,0.0,,0.0
1946-02-24,,,0.0,,0.0
1946-02-25,,,0.0,,0.0
1946-02-26,,,5.0,51.0,5.0
1946-02-27,,,5.0,0.0,5.0
1946-02-28,,,0.0,,0.0
1946-03-01,,,13.0,,0.0
1946-03-02,,,0.0,,0.0
1946-03-03,,,0.0,,0.0
1946-03-04,,,36.0,,0.0
1946-03-05,,,391.0,,0.0
1946-03-06,,,137.0,,0.0
1946-03-07,,,0.0,,0.0
1946-03-08,,,191.0,51.0,51.0
1946-03-09,,,5.0,0.0,0.0
1946-03-10,,,0.0,0.0,0.0
1946-03-11,,,0.0,,0.0
1946-03-12,,,5.0,,0.0
1946-03-13,,,0.0,,0.0
1946-03-14,,,64.0,,0.0
1946-03-15,,,28.0,,0.0
1946-03-16,,,41.0,,0.0
1946-03-17,,,18.0,,0.0
1946-03-18,,,135.0,,0.0
1946-03-19,,,0.0,,0.0
1946-03-20,,,0.0,,0.0
1946-03-21,,,0.0,,0.0
1946-03-22,,,3.0,,0.0
1946-03-23,,,152.0,,0.0
1946-03-24,,,33.0,,0.0
1946-03-25,,,0.0,,0.0
1946-03-26,,,0.0,,0.0
1946-03-27,,,0.0,,0.0
1946-03-28,,,0.0,,0.0
1946-03-29,,,0.0,,0.0
1946-03-30,,,0.0,,0.0
1946-03-31,,,0.0,,0.0
1946-04-01,,,0.0,0.0,0.0
1946-04-02,,,0.0,0.0,0.0
1946-04-03,,,0.0,,0.0
1946-04-04,,,0.0,,0.0
1946-04-05,,,10.0,,0.0
1946-04-06,,,0.0,,0.0
1946-04-07,,,25.0,,0.0
1946-04-08,,,0.0,,0.0
1946-04-09,,,0.0,,0.0
1946-04-10,,,0.0,,0.0
1946-04-11,,,61.0,,0.0
1946-04-12,,,0.0,,0.0
1946-04-13,,,0.0,,0.0
1946-04-14,,,5.0,,0.0
1946-04-15,,,0.0,,0.0
1946-04-16,,,0.0,,0.0
1946-04-17,,,0.0,,0.0
1946-04-18,,,0.0,,0.0
1946-04-19,,,10.0,,0.0
1946-04-20,,,0.0,,0.0
1946-04-21,,,0.0,,0.0
1946-04-22,,,0.0,,0.0
1946-04-23,,,76.0,,0.0
1946-04-24,,,0.0,,0.0
1946-04-25,,,0.0,,0.0
1946-04-26,,,0.0,,0.0
1946-04-27,,,0.0,,0.0
1946-04-28,,,0.0,,0.0
1946-04-29,,,0.0,,0.0
1946-04-30,,,0.0,,0.0
1946-05-01,,,81.0,,0.0
1946-05-02,,,30.0,,0.0
1946-05-03,,,178.0,,0.0
1946-05-04,,,58.0,,0.0
1946-05-05,,,0.0,,0.0
1946-05-06,,,61.0,,0.0
1946-05-07,,,0.0,,0.0
1946-05-08,,,0.0,,0.0
1946-05-09,,,0.0,,0.0
1946-05-10,,,33.0,,0.0
1946-05-11,,,15.0,,0.0
1946-05-12,,,0.0,,0.0
1946-05-13,,,0.0,,0.0
1946-05-14,,,0.0,,0.0
1946-05-15,,,419.0,,0.0
1946-05-16,,,0.0,,0.0
1946-05-17,,,20.0,,0.0
1946-05-18,,,94.0,,0.0
1946-05-19,,,56.0,,0.0
1946-05-20,,,0.0,,0.0
1946-05-21,,,0.0,,0.0
1946-05-22,,,0.0,,0.0
1946-05-23,,,86.0,,0.0
1946-05-24,,,0.0,,0.0
1946-05-25,,,0.0,,0.0
1946-05-26,,,234.0,,0.0
1946-05-27,,,0.0,,0.0
1946-05-28,,,0.0,,0.0
1946-05-29,,,0.0,,0.0
1946-05-30,,,0.0,,0.0
1946-05-31,,,20.0,,0.0
1946-06-01,,,15.0,,0.0
1946-06-02,,,0.0,,0.0
1946-06-03,,,0.0,,0.0
1946-06-04,,,0.0,,0.0
1946-06-05,,,0.0,,0.0
1946-06-06,,,0.0,,0.0
1946-06-07,,,0.0,,0.0
1946-06-08,,,0.0,,0.0
1946-06-09,,,0.0,,0.0
1946-06-10,,,0.0,,0.0
1946-06-11,,,127.0,,0.0
1946-06-12,,,556.0,,0.0
1946-06-13,,,0.0,,0.0
1946-06-14,,,0.0,,0.0
1946-06-15,,,406.0,,0.0
1946-06-16,,,18.0,,0.0
1946-06-17,,,155.0,,0.0
1946-06-18,,,373.0,,0.0
1946-06-19,,,119.0,,0.0
1946-06-20,,,0.0,,0.0
1946-06-21,,,0.0,,0.0
1946-06-22,,,0.0,,0.0
1946-06-23,,,0.0,,0.0
1946-06-24,,,0.0,,0.0
1946-06-25,,,5.0,,0.0
1946-06-26,,,0.0,,0.0
1946-06-27,,,0.0,,0.0
1946-06-28,,,0.0,,0.0
1946-06-29,,,0.0,,0.0
1946-06-30,,,10.0,,0.0
1946-07-01,,,0.0,,0.0
1946-07-02,,,0.0,,0.0
1946-07-03,,,0.0,,0.0
1946-07-04,,,0.0,,0.0
1946-07-05,,,0.0,,0.0
1946-07-06,,,0.0,,0.0
1946-07-07,,,0.0,,0.0
1946-07-08,,,0.0,,0.0
1946-07-09,,,0.0,,0.0
1946-07-10,,,0.0,,0.0
1946-07-11,,,0.0,,0.0
1946-07-12,,,0.0,,0.0
1946-07-13,,,0.0,,0.0
1946-07-14,,,0.0,,0.0
1946-07-15,,,69.0,,0.0
1946-07-16,,,25.0,,0.0
1946-07-17,,,76.0,,0.0
1946-07-18,,,0.0,,0.0
1946-07-19,,,0.0,,0.0
1946-07-20,,,0.0,,0.0
1946-07-21,,,0.0,,0.0
1946-07-22,,,0.0,,0.0
1946-07-23,,,0.0,,0.0
1946-07-24,,,145.0,,0.0
1946-07-25,,,0.0,,0.0
1946-07-26,,,0.0,,0.0
1946-07-27,,,0.0,,0.0
1946-07-28,,,0.0,,0.0
1946-07-29,,,0.0,,0.0
1946-07-30,,,0.0,,0.0
1946-07-31,,,0.0,,0.0
1946-08-01,,,0.0,,0.0
1946-08-02,,,36.0,,0.0
1946-08-03,,,0.0,,0.0
1946-08-04,,,0.0,,0.0
1946-08-05,,,145.0,,0.0
1946-08-06,,,0.0,,0.0
1946-08-07,,,0.0,,0.0
1946-08-08,,,10.0,,0.0
1946-08-09,,,135.0,,0.0
1946-08-10,,,0.0,,0.0
1946-08-11,,,0.0,,0.0
1946-08-12,,,0.0,,0.0
1946-08-13,,,0.0,,0.0
1946-08-14,,,0.0,,0.0
1946-08-15,,,168.0,,0.0
1946-08-16,,,0.0,,0.0
1946-08-17,,,76.0,,0.0
1946-08-18,,,307.0,,0.0
1946-08-19,,,0.0,,0.0
1946-08-20,,,0.0,,0.0
1946-08-21,,,0.0,,0.0
1946-08-22,,,0.0,,0.0
1946-08-23,,,0.0,,0.0
1946-08-24,,,0.0,,0.0
1946-08-25,,,0.0,,0.0
1946-08-26,,,0.0,,0.0
1946-08-27,,,0.0,,0.0
1946-08-28,,,0.0,,0.0
1946-08-29,,,0.0,,0.0
1946-08-30,,,0.0,,0.0
1946-08-31,,,0.0,,0.0
1946-09-01,,,91.0,,0.0
1946-09-02,,,0.0,,0.0
1946-09-03,,,0.0,,0.0
1946-09-04,,,0.0,,0.0
1946-09-05,,,508.0,,0.0
1946-09-06,,,0.0,,0.0
1946-09-07,,,191.0,,0.0
1946-09-08,,,0.0,,0.0
1946-09-09,,,0.0,,0.0
1946-09-10,,,0.0,,0.0
1946-09-11,,,0.0,,0.0
1946-09-12,,,0.0,,0.0
1946-09-13,,,0.0,,0.0
1946-09-14,,,0.0,,0.0
1946-09-15,,,0.0,,0.0
1946-09-16,,,0.0,,0.0
1946-09-17,,,0.0,,0.0
1946-09-18,,,0.0,,0.0
1946-09-19,,,0.0,,0.0
1946-09-20,,,206.0,,0.0
1946-09-21,,,0.0,,0.0
1946-09-22,,,0.0,,0.0
1946-09-23,,,427.0,,0.0
1946-09-24,,,0.0,,0.0
1946-09-25,,,0.0,,0.0
1946-09-26,,,0.0,,0.0
1946-09-27,,,0.0,,0.0
1946-09-28,,,0.0,,0.0
1946-09-29,,,0.0,,0.0
1946-09-30,,,0.0,,0.0
1946-10-01,,,0.0,,0.0
1946-10-02,,,0.0,,0.0
1946-10-03,,,0.0,,0.0
1946-10-04,,,0.0,,0.0
1946-10-05,,,0.0,,0.0
1946-10-06,,,0.0,,0.0
1946-10-07,,,0.0,,0.0
1946-10-08,,,0.0,,0.0
1946-10-09,,,0.0,,0.0
1946-10-10,,,122.0,,0.0
1946-10-11,,,8.0,,0.0
1946-10-12,,,0.0,,0.0
1946-10-13,,,0.0,,0.0
1946-10-14,,,0.0,,0.0
1946-10-15,,,0.0,,0.0
1946-10-16,,,0.0,,0.0
1946-10-17,,,25.0,,0.0
1946-10-18,,,307.0,,0.0
1946-10-19,,,0.0,,0.0
1946-10-20,,,0.0,,0.0
1946-10-21,,,0.0,,0.0
1946-10-22,,,0.0,,0.0
1946-10-23,,,0.0,,0.0
1946-10-24,,,58.0,,0.0
1946-10-25,,,0.0,,0.0
1946-10-26,,,0.0,,0.0
1946-10-27,,,0.0,,0.0
1946-10-28,,,0.0,,0.0
1946-10-29,,,0.0,,0.0
1946-10-30,,,20.0,,0.0
1946-10-31,,,0.0,,0.0
1946-11-01,,,18.0,,0.0
1946-11-02,,,0.0,,0.0
1946-11-03,,,340.0,,0.0
1946-11-04,,,0.0,,0.0
1946-11-05,,,0.0,,0.0
1946-11-06,,,8.0,,0.0
1946-11-07,,,597.0,,0.0
1946-11-08,,,0.0,,0.0
1946-11-09,,,0.0,,0.0
1946-11-10,,,91.0,,0.0
1946-11-11,,,0.0,,0.0
1946-11-12,,,0.0,,0.0
1946-11-13,,,0.0,,0.0
1946-11-14,,,0.0,,0.0
1946-11-15,,,0.0,,0.0
1946-11-16,,,91.0,,0.0
1946-11-17,,,0.0,,0.0
1946-11-18,,,0.0,,0.0
1946-11-19,,,0.0,,0.0
1946-11-20,,,0.0,,0.0
1946-11-21,,,0.0,,0.0
1946-11-22,,,0.0,,0.0
1946-11-23,,,0.0,,0.0
1946-11-24,,,0.0,,0.0
1946-11-25,,,0.0,,0.0
1946-11-26,,,0.0,,0.0
1946-11-27,,,0.0,,0.0
1946-11-28,,,0.0,,0.0
1946-11-29,,,0.0,,0.0
1946-11-30,,,0.0,,0.0
1946-12-01,,,0.0,,0.0
1946-12-02,,,0.0,,0.0
1946-12-03,,,0.0,,0.0
1946-12-04,,,0.0,,0.0
1946-12-05,,,0.0,,0.0
1946-12-06,,,0.0,,0.0
1946-12-07,,,0.0,,0.0
1946-12-08,,,0.0,,0.0
1946-12-09,,,152.0,,0.0
1946-12-10,,,10.0,,0.0
1946-12-11,,,0.0,,0.0
1946-12-12,,,338.0,25.0,25.0
1946-12-13,,,0.0,,0.0
1946-12-14,,,0.0,,0.0
1946-12-15,,,10.0,25.0,18.0
1946-12-16,,,0.0,,0.0
1946-12-17,,,0.0,,0.0
1946-12-18,,,0.0,,0.0
1946-12-19,,,0.0,,0.0
1946-12-20,,,0.0,,0.0
1946-12-21,,,18.0,0.0,18.0
1946-12-22,,,0.0,,0.0
1946-12-23,,,0.0,,0.0
1946-12-24,,,0.0,,0.0
1946-12-25,,,0.0,,0.0
1946-12-26,,,0.0,,0.0
1946-12-27,,,0.0,,0.0
1946-12-28,,,0.0,,0.0
1946-12-29,,,71.0,76.0,76.0
1946-12-30,,,0.0,,0.0
1946-12-31,,,0.0,,0.0
1947-02-01,,,0.0,,0.0
1947-02-02,,,0.0,,0.0
1947-02-03,,,0.0,,0.0
1947-02-04,,,0.0,,0.0
1947-02-05,,,5.0,,0.0
1947-02-06,,,0.0,,0.0
1947-02-07,,,15.0,,25.0
1947-02-08,,,0.0,,0.0
1947-02-09,,,0.0,,0.0
1947-02-10,,,0.0,,0.0
1947-02-11,,,0.0,,0.0
1947-02-12,,,0.0,,0.0
1947-02-13,,,0.0,,0.0
1947-02-14,,,0.0,,0.0
1947-02-15,,,0.0,,0.0
1947-02-16,,,0.0,,0.0
1947-02-17,,,0.0,,0.0
1947-02-18,,,0.0,,0.0
1947-02-19,,,0.0,,0.0
1947-02-20,,,0.0,,0.0
1947-02-21,,,0.0,,0.0
1947-02-22,,,0.0,,0.0
1947-02-23,,,0.0,,0.0
1947-02-24,,,0.0,,0.0
1947-02-25,,,0.0,,0.0
1947-02-26,,,0.0,,0.0
1947-02-27,,,0.0,,0.0
1947-02-28,,,0.0,,0.0
1947-03-01,,,15.0,25.0,20.0
1947-03-02,,,8.0,25.0,8.0
1947-03-03,,,0.0,,0.0
1947-03-04,,,0.0,,0.0
1947-03-05,,,0.0,,0.0
1947-03-06,,,0.0,0.0,0.0
1947-03-07,,,0.0,,0.0
1947-03-08,,,0.0,,0.0
1947-03-09,,,0.0,,0.0
1947-03-10,,,0.0,,0.0
1947-03-11,,,0.0,,0.0
1947-03-12,,,0.0,,0.0
1947-03-13,,,157.0,,0.0
1947-03-14,,,0.0,,0.0
1947-03-15,,,0.0,,0.0
1947-03-16,,,0.0,,0.0
1947-03-17,,,0.0,,0.0
1947-03-18,,,0.0,,0.0
1947-03-19,,,0.0,,0.0
1947-03-20,,,13.0,,13.0
1947-03-21,,,0.0,,0.0
1947-03-22,,,0.0,,0.0
1947-03-23,,,127.0,,0.0
1947-03-24,,,259.0,102.0,102.0
1947-03-25,,,0.0,,0.0
1947-03-26,,,0.0,,0.0
1947-03-27,,,0.0,,0.0
1947-03-28,,,0.0,,0.0
1947-03-29,,,0.0,,0.0
1947-03-30,,,0.0,,0.0
1947-03-31,,,0.0,,0.0
1947-07-01,,,287.0,,0.0
1947-07-02,,,0.0,,0.0
1947-07-03,,,0.0,,0.0
1947-07-04,,,0.0,,0.0
1947-07-05,,,0.0,,0.0
1947-07-06,,,0.0,,0.0
1947-07-07,,,0.0,,0.0
1947-07-08,,,0.0,,0.0
1947-07-09,,,0.0,,0.0
1947-07-10,,,0.0,,0.0
1947-07-11,,,0.0,,0.0
1947-07-12,,,0.0,,0.0
1947-07-13,,,0.0,,0.0
1947-07-14,,,0.0,,0.0
1947-07-15,,,0.0,,0.0
1947-07-16,,,0.0,,0.0
1947-07-17,,,0.0,,0.0
1947-07-18,,,0.0,,0.0
1947-07-19,,,0.0,,0.0
1947-07-20,,,0.0,,0.0
1947-07-21,,,0.0,,0.0
1947-07-22,,,0.0,,0.0
1947-07-23,,,0.0,,0.0
1947-07-24,,,0.0,,0.0
1947-07-25,,,0.0,,0.0
1947-07-26,,,0.0,,0.0
1947-07-27,,,221.0,,0.0
1947-07-28,,,0.0,,0.0
1947-07-29,,,0.0,,0.0
1947-07-30,,,0.0,,0.0
1947-07-31,,,0.0,,0.0
1947-08-01,,,0.0,,0.0
1947-08-02,,,3.0,,0.0
1947-08-03,,,0.0,,0.0
1947-08-04,,,0.0,,0.0
1947-08-05,,,0.0,,0.0
1947-08-06,,,0.0,,0.0
1947-08-07,,,0.0,,0.0
1947-08-08,,,0.0,,0.0
1947-08-09,,,0.0,,0.0
1947-08-10,,,0.0,,0.0
1947-08-11,,,0.0,,0.0
1947-08-12,,,0.0,,0.0
1947-08-13,,,0.0,,0.0
1947-08-14,,,97.0,,0.0
1947-08-15,,,0.0,,0.0
1947-08-16,,,0.0,,0.0
1947-08-17,,,0.0,,0.0
1947-08-18,,,0.0,,0.0
1947-08-19,,,0.0,,0.0
1947-08-20,,,0.0,,0.0
1947-08-21,,,0.0,,0.0
1947-08-22,,,0.0,,0.0
1947-08-23,,,0.0,,0.0
1947-08-24,,,0.0,,0.0
1947-08-25,,,0.0,,0.0
1947-08-26,,,8.0,,0.0
1947-08-27,,,0.0,,0.0
1947-08-28,,,0.0,,0.0
1947-08-29,,,277.0,,0.0
1947-08-30,,,0.0,,0.0
1947-08-31,,,0.0,,0.0
1947-09-01,,,0.0,,0.0
1947-09-02,,,0.0,,0.0
1947-09-03,,,0.0,,0.0
1947-09-04,,,0.0,,0.0
1947-09-05,,,0.0,,0.0
1947-09-06,,,0.0,,0.0
1947-09-07,,,0.0,,0.0
1947-09-08,,,0.0,,0.0
1947-09-09,,,0.0,,0.0
1947-09-10,,,10.0,,0.0
1947-09-11,,,239.0,,0.0
1947-09-12,,,5.0,,0.0
1947-09-13,,,0.0,,0.0
1947-09-14,,,0.0,,0.0
1947-09-15,,,0.0,,0.0
1947-09-16,,,0.0,,0.0
1947-09-17,,,0.0,,0.0
1947-09-18,,,0.0,,0.0
1947-09-19,,,0.0,,0.0
1947-09-20,,,0.0,,0.0
1947-09-21,,,950.0,,0.0
1947-09-22,,,0.0,,0.0
1947-09-23,,,0.0,,0.0
1947-09-24,,,0.0,,0.0
1947-09-25,,,0.0,,0.0
1947-09-26,,,0.0,,0.0
1947-09-27,,,0.0,,0.0
1947-09-28,,,20.0,,0.0
1947-09-29,,,0.0,,0.0
1947-09-30,,,0.0,,0.0
1947-10-01,,,0.0,,0.0
1947-10-02,,,0.0,,0.0
1947-10-03,,,0.0,,0.0
1947-10-04,,,10.0,,0.0
1947-10-05,,,0.0,,0.0
1947-10-06,,,0.0,,0.0
1947-10-07,,,0.0,,0.0
1947-10-08,,,0.0,,0.0
1947-10-09,,,0.0,,0.0
1947-10-10,,,0.0,,0.0
1947-10-11,,,0.0,,0.0
1947-10-12,,,0.0,,0.0
1947-10-13,,,0.0,,0.0
1947-10-14,,,0.0,,0.0
1947-10-15,,,0.0,,0.0
1947-10-16,,,0.0,,0.0
1947-10-17,,,0.0,,0.0
1947-10-18,,,0.0,,0.0
1947-10-19,,,0.0,,0.0
1947-10-20,,,0.0,,0.0
1947-10-21,,,0.0,,0.0
1947-10-22,,,0.0,,0.0
1947-10-23,,,0.0,,0.0
1947-10-24,,,0.0,,0.0
1947-10-25,,,0.0,,0.0
1947-10-26,,,170.0,,0.0
1947-10-27,,,114.0,,0.0
1947-10-28,,,5.0,,0.0
1947-10-29,,,0.0,,0.0
1947-10-30,,,0.0,,0.0
1947-10-31,,,0.0,,0.0
1947-11-01,,,0.0,,0.0
1947-11-02,,,0.0,,0.0
1947-11-03,,,0.0,,0.0
1947-11-04,,,0.0,,0.0
1947-11-05,,,0.0,,0.0
1947-11-06,,,0.0,,0.0
1947-11-07,,,135.0,,0.0
1947-11-08,,,0.0,,0.0
1947-11-09,,,0.0,,0.0
1947-11-10,,,84.0,,0.0
1947-11-11,,,48.0,51.0,51.0
1947-11-12,,,0.0,,0.0
1947-11-13,,,0.0,,0.0
1947-11-14,,,0.0,,0.0
1947-11-15,,,94.0,51.0,51.0
1947-11-16,,,0.0,,0.0
1947-11-17,,,0.0,,0.0
1947-11-18,,,0.0,,0.0
1947-11-19,,,0.0,,0.0
1947-11-20,,,0.0,,0.0
1947-11-21,,,51.0,,0.0
1947-11-22,,,15.0,,0.0
1947-11-23,,,0.0,,0.0
1947-11-24,,,20.0,51.0,51.0
1947-11-25,,,0.0,,0.0
1947-11-26,,,0.0,,0.0
1947-11-27,,,5.0,,0.0
1947-11-28,,,0.0,,0.0
1947-11-29,,,0.0,,0.0
1947-11-30,,,0.0,,0.0
1947-12-01,,,0.0,,0.0
1947-12-02,,,0.0,,0.0
1947-12-03,,,0.0,,0.0
1947-12-04,,,102.0,,0.0
1947-12-05,,,127.0,,0.0
1947-12-06,,,0.0,,0.0
1947-12-07,,,71.0,,0.0
1947-12-08,,,0.0,,0.0
1947-12-09,,,0.0,,0.0
1947-12-10,,,10.0,51.0,51.0
1947-12-11,,,0.0,,0.0
1947-12-12,,,0.0,,0.0
1947-12-13,,,0.0,,0.0
1947-12-14,,,0.0,,0.0
1947-12-15,,,0.0,,0.0
1947-12-16,,,0.0,,0.0
1947-12-17,,,0.0,,0.0
1947-12-18,,,0.0,,0.0
1947-12-19,,,0.0,,0.0
1947-12-20,,,0.0,,0.0
1947-12-21,,,0.0,,0.0
1947-12-22,,,0.0,,0.0
1947-12-23,,,0.0,,0.0
1947-12-24,,,0.0,,0.0
1947-12-25,,,0.0,,0.0
1947-12-26,,,0.0,,0.0
1947-12-27,,,0.0,,0.0
1947-12-28,,,0.0,,0.0
1947-12-29,,,0.0,,0.0
1947-12-30,,,0.0,,0.0
1947-12-31,,,0.0,,0.0
1948-01-01,,,211.0,102.0,102.0
1948-01-02,,,0.0,,0.0
1948-01-03,,,0.0,,0.0
1948-01-04,,,0.0,,0.0
1948-01-05,,,0.0,,0.0
1948-01-06,,,0.0,,0.0
1948-01-07,,,0.0,,0.0
1948-01-08,,,0.0,,0.0
1948-01-09,,,0.0,,0.0
1948-01-10,,,0.0,,0.0
1948-01-11,,,0.0,,0.0
1948-01-12,,,0.0,,0.0
1948-01-13,,,0.0,,0.0
1948-01-14,,,0.0,,0.0
1948-01-15,,,0.0,,0.0
1948-01-16,,,0.0,,0.0
1948-01-17,,,0.0,,0.0
1948-01-18,,,0.0,,0.0
1948-01-19,,,0.0,,0.0
1948-01-20,,,0.0,,0.0
1948-01-21,,,0.0,,0.0
1948-01-22,,,0.0,,0.0
1948-01-23,,,0.0,,0.0
1948-01-24,,,0.0,,0.0
1948-01-25,,,0.0,,0.0
1948-01-26,,,0.0,,0.0
1948-01-27,,,0.0,,0.0
1948-01-28,,,0.0,,0.0
1948-01-29,,,0.0,,0.0
1948-01-30,,,0.0,,0.0
1948-01-31,,,0.0,,0.0
1948-02-01,,,0.0,,0.0
1948-02-02,,,0.0,,0.0
1948-02-03,,,5.0,25.0,0.0
1948-02-04,,,3.0,,5.0
1948-02-05,,,0.0,,0.0
1948-02-06,,,0.0,,0.0
1948-02-07,,,0.0,,0.0
1948-02-08,,,0.0,,0.0
1948-02-09,,,0.0,,0.0
1948-02-10,,,0.0,,0.0
1948-02-11,,,13.0,25.0,13.0
1948-02-12,,,0.0,,0.0
1948-02-13,,,18.0,25.0,18.0
1948-02-14,,,0.0,,0.0
1948-02-15,,,0.0,,0.0
1948-02-16,,,0.0,,0.0
1948-02-17,,,0.0,,0.0
1948-02-18,,,0.0,,0.0
1948-02-19,,,0.0,,0.0
1948-02-20,,,0.0,,0.0
1948-02-21,,,0.0,,0.0
1948-02-22,,,0.0,,0.0
1948-02-23,,,0.0,,0.0
1948-02-24,,,5.0,,0.0
1948-02-25,,,0.0,,0.0
1948-02-26,,,0.0,,0.0
1948-02-27,,,330.0,,0.0
1948-02-28,,,23.0,,0.0
1948-02-29,,,0.0,,0.0
1948-03-01,,,38.0,51.0,0.0
1948-03-02,,,38.0,102.0,51.0
1948-03-03,,,,102.0,25.0
1948-03-04,,,23.0,,0.0
1948-03-05,,,0.0,,0.0
1948-03-06,,,61.0,25.0,0.0
1948-03-07,,,0.0,,0.0
1948-03-08,,,0.0,,0.0
1948-03-09,,,0.0,,0.0
1948-03-10,,,0.0,,0.0
1948-03-11,,,0.0,,0.0
1948-03-12,,,0.0,,0.0
1948-03-13,,,0.0,,0.0
1948-03-14,,,0.0,,0.0
1948-03-15,,,0.0,,0.0
1948-03-16,,,13.0,,0.0
1948-03-17,,,0.0,,0.0
1948-03-18,,,0.0,,0.0
1948-03-19,,,368.0,,0.0
1948-03-20,,,0.0,,0.0
1948-03-21,,,25.0,,0.0
1948-03-22,,,0.0,,0.0
1948-03-23,,,0.0,,0.0
1948-03-24,,,0.0,,0.0
1948-03-25,,,0.0,,0.0
1948-03-26,,,0.0,,0.0
1948-03-27,,,5.0,,0.0
1948-03-28,,,0.0,,0.0
1948-03-29,,,0.0,,0.0
1948-03-30,,,0.0,,0.0
1948-03-31,,,64.0,,0.0
1948-04-01,,,,,0.0
1948-04-02,,,,,0.0
1948-04-03,,,,,0.0
1948-04-04,,,,,0.0
1948-04-05,,,0.0,,0.0
1948-04-06,,,,,0.0
1948-04-07,,,76.0,,0.0
1948-04-08,,,,,0.0
1948-04-09,,,,,0.0
1948-04-10,,,,,0.0
1948-04-11,,,64.0,,0.0
1948-04-12,,,10.0,,0.0
1948-04-13,,,,,0.0
1948-04-14,,,,,0.0
1948-04-15,,,,,0.0
1948-04-16,,,,,0.0
1948-04-17,,,,,0.0
1948-04-18,,,,,0.0
1948-04-19,,,,,0.0
1948-04-20,,,0.0,,0.0
1948-04-21,,,,,0.0
1948-04-22,,,13.0,,0.0
1948-04-23,,,,,0.0
1948-04-24,,,,,0.0
1948-04-25,,,,,0.0
1948-04-26,,,124.0,,0.0
1948-04-27,,,23.0,,0.0
1948-04-28,,,,,0.0
1948-04-29,,,,,0.0
1948-04-30,,,,,0.0
1948-05-01,,,15.0,,
1948-05-02,,,0.0,,
1948-05-03,,,0.0,,
1948-05-04,,,36.0,,
1948-05-05,,,0.0,,
1948-05-06,,,132.0,,
1948-05-07,,,0.0,,
1948-05-08,,,0.0,,
1948-05-09,,,5.0,,
1948-05-10,,,89.0,,
1948-05-11,,,0.0,,
1948-05-12,,,104.0,,
1948-05-13,,,0.0,,
1948-05-14,,,5.0,,
1948-05-15,,,183.0,,
1948-05-16,,,0.0,,
1948-05-17,,,0.0,,
1948-05-18,,,0.0,,
1948-05-19,,,0.0,,
1948-05-20,,,0.0,,
1948-05-21,,,0.0,,
1948-05-22,,,0.0,,
1948-05-23,,,0.0,,
1948-05-24,,,0.0,,
1948-05-25,,,0.0,,
1948-05-26,,,0.0,,
1948-05-27,,,0.0,,
1948-05-28,,,0.0,,
1948-05-29,,,0.0,,
1948-05-30,,,0.0,,
1948-05-31,,,0.0,,
1948-06-01,,,0.0,0.0,0.0
1948-06-02,,,0.0,0.0,0.0
1948-06-03,,,0.0,0.0,0.0
1948-06-04,,,0.0,0.0,0.0
1948-06-05,,,23.0,0.0,0.0
1948-06-06,,,0.0,0.0,0.0
1948-06-07,,,0.0,0.0,0.0
1948-06-08,,,0.0,0.0,0.0
1948-06-09,,,0.0,0.0,0.0
1948-06-10,,,0.0,0.0,0.0
1948-06-11,,,0.0,0.0,0.0
1948-06-12,,,25.0,0.0,0.0
1948-06-13,,,0.0,0.0,0.0
1948-06-14,,,66.0,0.0,0.0
1948-06-15,,,0.0,0.0,0.0
1948-06-16,,,0.0,0.0,0.0
1948-06-17,,,0.0,0.0,0.0
1948-06-18,,,0.0,0.0,0.0
1948-06-19,,,0.0,0.0,0.0
1948-06-20,,,0.0,0.0,0.0
1948-06-21,,,56.0,0.0,0.0
1948-06-22,,,38.0,0.0,0.0
1948-06-23,,,302.0,0.0,0.0
1948-06-24,,,41.0,0.0,0.0
1948-06-25,,,0.0,0.0,0.0
1948-06-26,,,0.0,0.0,0.0
1948-06-27,,,0.0,0.0,0.0
1948-06-28,,,295.0,0.0,0.0
1948-06-29,,,0.0,0.0,0.0
1948-06-30,,,0.0,0.0,0.0
1948-07-01,,,0.0,0.0,0.0
1948-07-02,,,0.0,0.0,0.0
1948-07-03,,,0.0,0.0,0.0
1948-07-04,,,0.0,0.0,0.0
1948-07-05,,,76.0,0.0,0.0
1948-07-06,,,0.0,0.0,0.0
1948-07-07,,,0.0,0.0,0.0
1948-07-08,,,0.0,0.0,0.0
1948-07-09,,,0.0,0.0,0.0
1948-07-10,,,0.0,0.0,0.0
1948-07-11,,,0.0,0.0,0.0
1948-07-12,,,30.0,0.0,0.0
1948-07-13,,,0.0,0.0,0.0
1948-07-14,,,724.0,0.0,0.0
1948-07-15,,,0.0,0.0,0.0
1948-07-16,,,0.0,0.0,0.0
1948-07-17,,,0.0,0.0,0.0
1948-07-18,,,0.0,0.0,0.0
1948-07-19,,,0.0,0.0,0.0
1948-07-20,,,0.0,0.0,0.0
1948-07-21,,,483.0,0.0,0.0
1948-07-22,,,53.0,0.0,0.0
1948-07-23,,,5.0,0.0,0.0
1948-07-24,,,0.0,0.0,0.0
1948-07-25,,,81.0,0.0,0.0
1948-07-26,,,0.0,0.0,0.0
1948-07-27,,,290.0,0.0,0.0
1948-07-28,,,0.0,0.0,0.0
1948-07-29,,,0.0,0.0,0.0
1948-07-30,,,64.0,0.0,0.0
1948-07-31,,,0.0,0.0,0.0
1948-08-01,,,0.0,0.0,0.0
1948-08-02,,,0.0,0.0,0.0
1948-08-03,,,0.0,0.0,0.0
1948-08-04,,,76.0,0.0,0.0
1948-08-05,,,0.0,0.0,0.0
1948-08-06,,,0.0,0.0,0.0
1948-08-07,,,0.0,0.0,0.0
1948-08-08,,,0.0,0.0,0.0
1948-08-09,,,0.0,0.0,0.0
1948-08-10,,,0.0,0.0,0.0
1948-08-11,,,3.0,0.0,0.0
1948-08-12,,,0.0,0.0,0.0
1948-08-13,,,0.0,0.0,0.0
1948-08-14,,,0.0,0.0,0.0
1948-08-15,,,0.0,0.0,0.0
1948-08-16,,,5.0,0.0,0.0
1948-08-17,,,0.0,0.0,0.0
1948-08-18,,,0.0,0.0,0.0
1948-08-19,,,0.0,0.0,0.0
1948-08-20,,,0.0,0.0,0.0
1948-08-21,,,0.0,0.0,0.0
1948-08-22,,,0.0,0.0,0.0
1948-08-23,,,0.0,0.0,0.0
1948-08-24,,,0.0,0.0,0.0
1948-08-25,,,0.0,0.0,0.0
1948-08-26,,,0.0,0.0,0.0
1948-08-27,,,0.0,0.0,0.0
1948-08-28,,,0.0,0.0,0.0
1948-08-29,,,0.0,0.0,0.0
1948-08-30,,,168.0,0.0,0.0
1948-08-31,,,0.0,0.0,0.0
1948-09-02,,,0.0,0.0,0.0
1948-09-03,,,0.0,0.0,0.0
1948-09-04,,,0.0,0.0,0.0
1948-09-05,,,0.0,0.0,0.0
1948-09-06,,,0.0,0.0,0.0
1948-09-07,,,536.0,0.0,0.0
1948-09-08,,,0.0,0.0,0.0
1948-09-09,,,0.0,0.0,0.0
1948-09-10,,,25.0,0.0,0.0
1948-09-11,,,0.0,0.0,0.0
1948-09-12,,,0.0,0.0,0.0
1948-09-13,,,0.0,0.0,0.0
1948-09-14,,,0.0,0.0,0.0
1948-09-15,,,0.0,0.0,0.0
1948-09-16,,,0.0,0.0,0.0
1948-09-17,,,0.0,0.0,0.0
1948-09-18,,,0.0,0.0,0.0
1948-09-19,,,0.0,0.0,0.0
1948-09-20,,,13.0,0.0,0.0
1948-09-21,,,140.0,0.0,0.0
1948-09-22,,,0.0,0.0,0.0
1948-09-23,,,0.0,0.0,0.0
1948-09-24,,,0.0,0.0,0.0
1948-09-25,,,0.0,0.0,0.0
1948-09-26,,,0.0,0.0,0.0
1948-09-27,,,0.0,0.0,0.0
1948-09-28,,,0.0,0.0,0.0
1948-09-29,,,0.0,0.0,0.0
1948-09-30,,,0.0,0.0,0.0
1948-10-01,,,0.0,0.0,0.0
1948-10-02,,,0.0,0.0,0.0
1948-10-03,,,0.0,0.0,0.0
1948-10-04,,,0.0,0.0,0.0
1948-10-05,,,0.0,0.0,0.0
1948-10-06,,,0.0,0.0,0.0
1948-10-07,,,274.0,0.0,0.0
1948-10-08,,,0.0,0.0,0.0
1948-10-09,,,0.0,0.0,0.0
1948-10-10,,,0.0,0.0,0.0
1948-10-11,,,0.0,0.0,0.0
1948-10-12,,,0.0,0.0,0.0
1948-10-13,,,0.0,0.0,0.0
1948-10-14,,,0.0,0.0,0.0
1948-10-15,,,0.0,0.0,0.0
1948-10-16,,,0.0,0.0,0.0
1948-10-17,,,0.0,0.0,0.0
1948-10-18,,,0.0,0.0,0.0
1948-10-19,,,0.0,0.0,0.0
1948-10-20,,,0.0,0.0,0.0
1948-10-21,,,102.0,0.0,0.0
1948-10-22,,,0.0,0.0,0.0
1948-10-23,,,0.0,0.0,0.0
1948-10-24,,,0.0,0.0,0.0
1948-10-25,,,0.0,0.0,0.0
1948-10-26,,,0.0,0.0,0.0
1948-10-27,,,0.0,0.0,0.0
1948-10-28,,,0.0,0.0,0.0
1948-10-29,,,0.0,0.0,0.0
1948-10-30,,,0.0,0.0,0.0
1948-10-31,,,0.0,0.0,0.0
1948-11-01,,,0.0,0.0,0.0
1948-11-02,,,13.0,0.0,0.0
1948-11-03,,,25.0,0.0,0.0
1948-11-04,,,0.0,0.0,0.0
1948-11-05,,,114.0,0.0,0.0
1948-11-06,,,0.0,0.0,0.0
1948-11-07,,,0.0,0.0,0.0
1948-11-08,,,0.0,0.0,0.0
1948-11-09,,,112.0,0.0,0.0
1948-11-10,,,0.0,0.0,0.0
1948-11-11,,,0.0,0.0,0.0
1948-11-12,,,36.0,0.0,0.0
1948-11-13,,,0.0,0.0,0.0
1948-11-14,,,0.0,0.0,0.0
1948-11-15,,,0.0,0.0,0.0
1948-11-16,,,107.0,0.0,0.0
1948-11-17,,,0.0,0.0,0.0
1948-11-18,,,0.0,0.0,0.0
1948-11-19,,,76.0,0.0,0.0
1948-11-20,,,18.0,0.0,0.0
1948-11-21,,,5.0,0.0,0.0
1948-11-22,,,0.0,0.0,0.0
1948-11-23,,,0.0,0.0,0.0
1948-11-24,,,0.0,0.0,0.0
1948-11-25,,,8.0,0.0,0.0
1948-11-26,,,0.0,0.0,0.0
1948-11-27,,,0.0,0.0,0.0
1948-11-28,,,0.0,0.0,0.0
1948-11-29,,,0.0,0.0,0.0
1948-11-30,,,0.0,0.0,0.0
1948-12-01,,,0.0,0.0,0.0
1948-12-02,,,0.0,0.0,0.0
1948-12-03,,,0.0,0.0,0.0
1948-12-04,,,0.0,0.0,0.0
1948-12-05,,,135.0,0.0,0.0
1948-12-06,,,0.0,0.0,0.0
1948-12-07,,,0.0,0.0,0.0
1948-12-08,,,0.0,0.0,0.0
1948-12-09,,,0.0,0.0,0.0
1948-12-10,,,0.0,0.0,0.0
1948-12-11,,,0.0,0.0,0.0
1948-12-12,,,0.0,0.0,0.0
1948-12-13,,,0.0,0.0,0.0
1948-12-14,,,56.0,0.0,0.0
1948-12-15,,,91.0,0.0,0.0
1948-12-16,,,0.0,0.0,0.0
1948-12-17,,,0.0,0.0,0.0
1948-12-18,,,25.0,25.0,
1948-12-19,,,51.0,76.0,51.0
1948-12-20,,,0.0,,0.0
1948-12-21,,,0.0,,0.0
1948-12-22,,,0.0,,0.0
1948-12-23,,,0.0,,0.0
1948-12-24,,,0.0,,0.0
1948-12-25,,,0.0,,0.0
1948-12-26,,,0.0,,0.0
1948-12-27,,,0.0,,0.0
1948-12-28,,,183.0,,0.0
1948-12-29,,,127.0,25.0,
1948-12-30,,,0.0,0.0,0.0
1948-12-31,,,0.0,0.0,0.0
1949-01-01,,,0.0,,
1949-01-02,,,0.0,,
1949-01-03,,,18.0,,
1949-01-04,,,15.0,,
1949-01-05,,,0.0,,
1949-01-06,,,0.0,,
1949-01-07,,,0.0,,
1949-01-08,,,0.0,,
1949-01-09,,,0.0,,
1949-01-10,,,102.0,,
1949-01-11,,,0.0,,
1949-01-12,,,0.0,,
1949-01-13,,,0.0,,
1949-01-14,,,0.0,,
1949-01-15,,,28.0,,
1949-01-16,,,5.0,,
1949-01-17,,,0.0,,
1949-01-18,,,94.0,,
1949-01-19,,,5.0,,
1949-01-20,,,0.0,,
1949-01-21,,,0.0,,
1949-01-22,,,0.0,,
1949-01-23,,,157.0,,
1949-01-24,,,0.0,,
1949-01-25,,,5.0,,
1949-01-26,,,0.0,,
1949-01-27,,,203.0,,
1949-01-28,,,13.0,,
1949-01-29,,,0.0,,
1949-01-30,,,0.0,,
1949-01-31,,,0.0,,
1949-02-01,,,0.0,0.0,0.0
1949-02-02,,,0.0,0.0,0.0
1949-02-03,,,102.0,102.0,102.0
1949-02-04,,,0.0,102.0,0.0
1949-02-05,,,0.0,0.0,0.0
1949-02-06,,,0.0,0.0,0.0
1949-02-07,,,0.0,0.0,0.0
1949-02-08,,,0.0,0.0,0.0
1949-02-09,,,0.0,0.0,0.0
1949-02-10,,,0.0,0.0,0.0
1949-02-11,,,0.0,0.0,0.0
1949-02-12,,,5.0,0.0,0.0
1949-02-13,,,259.0,0.0,0.0
1949-02-14,,,0.0,0.0,0.0
1949-02-15,,,0.0,0.0,0.0
1949-02-16,,,0.0,0.0,0.0
1949-02-17,,,0.0,0.0,0.0
1949-02-18,,,0.0,0.0,0.0
1949-02-19,,,0.0,0.0,0.0
1949-02-20,,,0.0,0.0,0.0
1949-02-21,,,36.0,0.0,0.0
1949-02-22,,,0.0,0.0,0.0
1949-02-23,,,0.0,0.0,0.0
1949-02-24,,,25.0,0.0,0.0
1949-02-25,,,0.0,0.0,0.0
1949-02-26,,,0.0,0.0,0.0
1949-02-27,,,0.0,0.0,0.0
1949-02-28,,,0.0,0.0,0.0
1949-03-01,,,0.0,0.0,0.0
1949-03-02,,,0.0,0.0,0.0
1949-03-03,,,0.0,0.0,0.0
1949-03-04,,,0.0,0.0,0.0
1949-03-05,,,0.0,0.0,0.0
1949-03-06,,,0.0,0.0,0.0
1949-03-07,,,0.0,0.0,0.0
1949-03-08,,,51.0,0.0,0.0
1949-03-09,,,15.0,0.0,0.0
1949-03-10,,,0.0,0.0,0.0
1949-03-11,,,0.0,0.0,0.0
1949-03-12,,,0.0,0.0,0.0
1949-03-13,,,0.0,0.0,0.0
1949-03-14,,,0.0,0.0,0.0
1949-03-15,,,0.0,0.0,0.0
1949-03-16,,,3.0,0.0,3.0
1949-03-17,,,0.0,0.0,0.0
1949-03-18,,,0.0,0.0,0.0
1949-03-19,,,0.0,0.0,0.0
1949-03-20,,,0.0,0.0,0.0
1949-03-21,,,0.0,0.0,0.0
1949-03-22,,,117.0,0.0,0.0
1949-03-23,,,0.0,0.0,0.0
1949-03-24,,,0.0,0.0,0.0
1949-03-25,,,0.0,0.0,0.0
1949-03-26,,,102.0,0.0,0.0
1949-03-27,,,36.0,0.0,0.0
1949-03-28,,,0.0,0.0,0.0
1949-03-29,,,0.0,0.0,0.0
1949-03-30,,,254.0,0.0,0.0
1949-03-31,,,81.0,0.0,0.0
1949-04-01,,,0.0,0.0,0.0
1949-04-02,,,0.0,0.0,0.0
1949-04-03,,,0.0,0.0,0.0
1949-04-04,,,0.0,0.0,0.0
1949-04-05,,,0.0,0.0,0.0
1949-04-06,,,0.0,0.0,0.0
1949-04-07,,,0.0,0.0,0.0
1949-04-08,,,0.0,0.0,0.0
1949-04-09,,,0.0,0.0,0.0
1949-04-10,,,0.0,0.0,0.0
1949-04-11,,,0.0,0.0,0.0
1949-04-12,,,0.0,0.0,0.0
1949-04-13,,,0.0,0.0,0.0
1949-04-14,,,102.0,0.0,0.0
1949-04-15,,,127.0,0.0,0.0
1949-04-16,,,0.0,0.0,0.0
1949-04-17,,,23.0,0.0,0.0
1949-04-18,,,0.0,0.0,0.0
1949-04-19,,,0.0,0.0,0.0
1949-04-20,,,0.0,0.0,0.0
1949-04-21,,,0.0,0.0,0.0
1949-04-22,,,132.0,0.0,0.0
1949-04-23,,,23.0,0.0,0.0
1949-04-24,,,0.0,0.0,0.0
1949-04-25,,,0.0,0.0,0.0
1949-04-26,,,0.0,0.0,0.0
1949-04-27,,,0.0,0.0,0.0
1949-04-28,,,0.0,0.0,0.0
1949-04-29,,,0.0,0.0,0.0
1949-04-30,,,0.0,0.0,0.0
1949-05-01,,,66.0,0.0,0.0
1949-05-02,,,0.0,0.0,0.0
1949-05-03,,,0.0,0.0,0.0
1949-05-04,,,0.0,0.0,0.0
1949-05-05,,,0.0,0.0,0.0
1949-05-06,,,0.0,0.0,0.0
1949-05-07,,,0.0,0.0,0.0
1949-05-08,,,0.0,0.0,0.0
1949-05-09,,,0.0,0.0,0.0
1949-05-10,,,0.0,0.0,0.0
1949-05-11,,,0.0,0.0,0.0
1949-05-12,,,0.0,0.0,0.0
1949-05-13,,,0.0,0.0,0.0
1949-05-14,,,28.0,0.0,0.0
1949-05-15,,,0.0,0.0,0.0
1949-05-16,,,74.0,0.0,0.0
1949-05-17,,,0.0,0.0,0.0
1949-05-18,,,0.0,0.0,0.0
1949-05-19,,,0.0,0.0,0.0
1949-05-20,,,0.0,0.0,0.0
1949-05-21,,,201.0,0.0,0.0
1949-05-22,,,51.0,0.0,0.0
1949-05-23,,,0.0,0.0,0.0
1949-05-24,,,0.0,0.0,0.0
1949-05-25,,,23.0,0.0,0.0
1949-05-26,,,0.0,0.0,0.0
1949-05-27,,,0.0,0.0,0.0
1949-05-28,,,0.0,0.0,0.0
1949-05-29,,,0.0,0.0,0.0
1949-05-30,,,0.0,0.0,0.0
1949-05-31,,,0.0,0.0,0.0
1949-06-01,,,0.0,0.0,0.0
1949-06-02,,,33.0,0.0,0.0
1949-06-03,,,0.0,0.0,0.0
1949-06-04,,,0.0,0.0,0.0
1949-06-05,,,0.0,0.0,0.0
1949-06-06,,,0.0,0.0,0.0
1949-06-07,,,0.0,0.0,0.0
1949-06-08,,,0.0,0.0,0.0
1949-06-09,,,0.0,0.0,0.0
1949-06-10,,,0.0,0.0,0.0
1949-06-11,,,0.0,0.0,0.0
1949-06-12,,,0.0,0.0,0.0
1949-06-13,,,147.0,0.0,0.0
1949-06-14,,,508.0,0.0,0.0
1949-06-15,,,33.0,0.0,0.0
1949-06-16,,,0.0,0.0,0.0
1949-06-17,,,0.0,0.0,0.0
1949-06-18,,,0.0,0.0,0.0
1949-06-19,,,0.0,0.0,0.0
1949-06-20,,,13.0,0.0,0.0
1949-06-21,,,0.0,0.0,0.0
1949-06-22,,,0.0,0.0,0.0
1949-06-23,,,58.0,0.0,0.0
1949-06-24,,,76.0,0.0,0.0
1949-06-25,,,467.0,0.0,0.0
1949-06-26,,,0.0,0.0,0.0
1949-06-27,,,0.0,0.0,0.0
1949-06-28,,,0.0,0.0,0.0
1949-06-29,,,0.0,0.0,0.0
1949-06-30,,,0.0,0.0,0.0
1949-07-01,,,0.0,0.0,0.0
1949-07-02,,,0.0,0.0,0.0
1949-07-03,,,0.0,0.0,0.0
1949-07-04,,,0.0,0.0,0.0
1949-07-05,,,0.0,0.0,0.0
1949-07-06,,,0.0,0.0,0.0
1949-07-07,,,33.0,0.0,0.0
1949-07-08,,,109.0,0.0,0.0
1949-07-09,,,20.0,0.0,0.0
1949-07-10,,,0.0,0.0,0.0
1949-07-11,,,0.0,0.0,0.0
1949-07-12,,,0.0,0.0,0.0
1949-07-13,,,0.0,0.0,0.0
1949-07-14,,,0.0,0.0,0.0
1949-07-15,,,0.0,0.0,0.0
1949-07-16,,,0.0,0.0,0.0
1949-07-17,,,0.0,0.0,0.0
1949-07-18,,,30.0,0.0,0.0
1949-07-19,,,0.0,0.0,0.0
1949-07-20,,,0.0,0.0,0.0
1949-07-21,,,516.0,0.0,0.0
1949-07-22,,,0.0,0.0,0.0
1949-07-23,,,0.0,0.0,0.0
1949-07-24,,,0.0,0.0,0.0
1949-07-25,,,0.0,0.0,0.0
1949-07-26,,,0.0,0.0,0.0
1949-07-27,,,0.0,0.0,0.0
1949-07-28,,,0.0,0.0,0.0
1949-07-29,,,0.0,0.0,0.0
1949-07-30,,,0.0,0.0,0.0
1949-07-31,,,0.0,0.0,0.0
1949-08-01,,,30.0,0.0,0.0
1949-08-02,,,0.0,0.0,0.0
1949-08-03,,,0.0,0.0,0.0
1949-08-04,,,0.0,0.0,0.0
1949-08-05,,,0.0,0.0,0.0
1949-08-06,,,0.0,0.0,0.0
1949-08-07,,,0.0,0.0,0.0
1949-08-08,,,0.0,0.0,0.0
1949-08-09,,,0.0,0.0,0.0
1949-08-10,,,124.0,0.0,0.0
1949-08-11,,,892.0,0.0,0.0
1949-08-12,,,20.0,0.0,0.0
1949-08-13,,,0.0,0.0,0.0
1949-08-14,,,0.0,0.0,0.0
1949-08-15,,,0.0,0.0,0.0
1949-08-16,,,30.0,0.0,0.0
1949-08-17,,,0.0,0.0,0.0
1949-08-18,,,0.0,0.0,0.0
1949-08-19,,,0.0,0.0,0.0
1949-08-20,,,0.0,0.0,0.0
1949-08-21,,,0.0,0.0,0.0
1949-08-22,,,0.0,0.0,0.0
1949-08-23,,,0.0,0.0,0.0
1949-08-24,,,0.0,0.0,0.0
1949-08-25,,,0.0,0.0,0.0
1949-08-26,,,0.0,0.0,0.0
1949-08-27,,,0.0,0.0,0.0
1949-08-28,,,0.0,0.0,0.0
1949-08-29,,,0.0,0.0,0.0
1949-08-30,,,61.0,0.0,0.0
1949-08-31,,,5.0,0.0,0.0
1949-09-01,,,0.0,0.0,0.0
1949-09-02,,,0.0,0.0,0.0
1949-09-03,,,0.0,0.0,0.0
1949-09-04,,,0.0,0.0,0.0
1949-09-05,,,0.0,0.0,0.0
1949-09-06,,,13.0,0.0,0.0
1949-09-07,,,0.0,0.0,0.0
1949-09-08,,,0.0,0.0,0.0
1949-09-09,,,0.0,0.0,0.0
1949-09-10,,,0.0,0.0,0.0
1949-09-11,,,69.0,0.0,0.0
1949-09-12,,,279.0,0.0,0.0
1949-09-13,,,0.0,0.0,0.0
1949-09-14,,,0.0,0.0,0.0
1949-09-15,,,0.0,0.0,0.0
1949-09-16,,,0.0,0.0,0.0
1949-09-17,,,0.0,0.0,0.0
1949-09-18,,,38.0,0.0,0.0
1949-09-19,,,0.0,0.0,0.0
1949-09-20,,,0.0,0.0,0.0
1949-09-21,,,0.0,0.0,0.0
1949-09-22,,,0.0,0.0,0.0
1949-09-23,,,0.0,0.0,0.0
1949-09-24,,,0.0,0.0,0.0
1949-09-25,,,0.0,0.0,0.0
1949-09-26,,,0.0,0.0,0.0
1949-09-27,,,0.0,0.0,0.0
1949-09-28,,,0.0,0.0,0.0
1949-09-29,,,0.0,0.0,0.0
1949-09-30,,,0.0,0.0,0.0
1949-10-01,,,0.0,0.0,0.0
1949-10-02,,,0.0,0.0,0.0
1949-10-03,,,38.0,0.0,0.0
1949-10-04,,,0.0,0.0,0.0
1949-10-05,,,0.0,0.0,0.0
1949-10-06,,,399.0,0.0,0.0
1949-10-07,,,0.0,0.0,0.0
1949-10-08,,,0.0,0.0,0.0
1949-10-09,,,0.0,0.0,0.0
1949-10-10,,,23.0,0.0,0.0
1949-10-11,,,0.0,0.0,0.0
1949-10-12,,,0.0,0.0,0.0
1949-10-13,,,0.0,0.0,0.0
1949-10-14,,,0.0,0.0,0.0
1949-10-15,,,0.0,0.0,0.0
1949-10-16,,,0.0,0.0,0.0
1949-10-17,,,0.0,0.0,0.0
1949-10-18,,,0.0,0.0,0.0
1949-10-19,,,0.0,0.0,0.0
1949-10-20,,,0.0,0.0,0.0
1949-10-21,,,0.0,0.0,0.0
1949-10-22,,,135.0,0.0,0.0
1949-10-23,,,0.0,0.0,0.0
1949-10-24,,,0.0,0.0,0.0
1949-10-25,,,0.0,0.0,0.0
1949-10-26,,,0.0,0.0,0.0
1949-10-27,,,0.0,0.0,0.0
1949-10-28,,,0.0,0.0,0.0
1949-10-29,,,0.0,0.0,0.0
1949-10-30,,,0.0,0.0,0.0
1949-10-31,,,0.0,0.0,0.0
1949-11-01,,,0.0,0.0,0.0
1949-11-02,,,0.0,0.0,0.0
1949-11-03,,,0.0,0.0,0.0
1949-11-04,,,0.0,0.0,0.0
1949-11-05,,,0.0,0.0,0.0
1949-11-06,,,0.0,0.0,0.0
1949-11-07,,,0.0,0.0,0.0
1949-11-08,,,0.0,0.0,0.0
1949-11-09,,,0.0,0.0,0.0
1949-11-10,,,0.0,0.0,0.0
1949-11-11,,,0.0,0.0,0.0
1949-11-12,,,135.0,0.0,0.0
1949-11-13,,,0.0,0.0,0.0
1949-11-14,,,0.0,0.0,0.0
1949-11-15,,,0.0,0.0,0.0
1949-11-16,,,0.0,0.0,0.0
1949-11-17,,,0.0,0.0,0.0
1949-11-18,,,0.0,0.0,0.0
1949-11-19,,,0.0,0.0,0.0
1949-11-20,,,0.0,0.0,0.0
1949-11-21,,,0.0,0.0,0.0
1949-11-22,,,0.0,0.0,0.0
1949-11-23,,,0.0,0.0,0.0
1949-11-24,,,0.0,0.0,0.0
1949-11-25,,,0.0,0.0,0.0
1949-11-26,,,0.0,0.0,0.0
1949-11-27,,,0.0,0.0,0.0
1949-11-28,,,0.0,0.0,0.0
1949-11-29,,,0.0,0.0,0.0
1949-11-30,,,0.0,0.0,0.0
1949-12-01,,,0.0,0.0,0.0
1949-12-02,,,0.0,0.0,0.0
1949-12-03,,,0.0,0.0,0.0
1949-12-04,,,0.0,0.0,0.0
1949-12-05,,,0.0,0.0,0.0
1949-12-06,,,0.0,0.0,0.0
1949-12-07,,,0.0,0.0,0.0
1949-12-08,,,0.0,0.0,0.0
1949-12-09,,,0.0,0.0,0.0
1949-12-10,,,8.0,0.0,0.0
1949-12-11,,,152.0,0.0,0.0
1949-12-12,,,0.0,0.0,0.0
1949-12-13,,,0.0,0.0,0.0
1949-12-14,,,0.0,0.0,0.0
1949-12-15,,,0.0,0.0,0.0
1949-12-16,,,0.0,0.0,0.0
1949-12-17,,,102.0,0.0,0.0
1949-12-18,,,10.0,0.0,0.0
1949-12-19,,,0.0,0.0,0.0
1949-12-20,,,130.0,0.0,0.0
1949-12-21,,,104.0,0.0,0.0
1949-12-22,,,124.0,0.0,0.0
1949-12-23,,,0.0,0.0,0.0
1949-12-24,,,0.0,0.0,0.0
1949-12-25,,,0.0,0.0,0.0
1949-12-26,,,188.0,0.0,0.0
1949-12-27,,,0.0,0.0,0.0
1949-12-28,,,0.0,0.0,0.0
1949-12-29,,,0.0,0.0,0.0
1949-12-30,,,0.0,0.0,0.0
1949-12-31,,,124.0,0.0,0.0
1950-01-01,,,0.0,0.0,0.0
1950-01-02,,,0.0,0.0,0.0
1950-01-03,,,130.0,0.0,0.0
1950-01-04,,,0.0,0.0,0.0
1950-01-05,,,0.0,0.0,0.0
1950-01-06,,,0.0,0.0,0.0
1950-01-07,,,0.0,0.0,0.0
1950-01-08,,,0.0,0.0,0.0
1950-01-09,,,15.0,0.0,0.0
1950-01-10,,,0.0,0.0,0.0
1950-01-11,,,0.0,0.0,0.0
1950-01-12,,,0.0,0.0,0.0
1950-01-13,,,196.0,0.0,0.0
1950-01-14,,,0.0,0.0,0.0
1950-01-15,,,15.0,0.0,0.0
1950-01-16,,,102.0,0.0,0.0
1950-01-17,,,0.0,0.0,0.0
1950-01-18,,,0.0,0.0,0.0
1950-01-19,,,0.0,0.0,0.0
1950-01-20,,,0.0,0.0,0.0
1950-01-21,,,0.0,0.0,0.0
1950-01-22,,,0.0,0.0,0.0
1950-01-23,,,0.0,0.0,0.0
1950-01-24,,,0.0,0.0,0.0
1950-01-25,,,91.0,0.0,0.0
1950-01-26,,,0.0,0.0,0.0
1950-01-27,,,0.0,0.0,0.0
1950-01-28,,,0.0,0.0,0.0
1950-01-29,,,0.0,0.0,0.0
1950-01-30,,,15.0,25.0,
1950-01-31,,,0.0,25.0,0.0
1950-02-01,,,0.0,0.0,0.0
1950-02-02,,,0.0,0.0,0.0
1950-02-03,,,0.0,0.0,0.0
1950-02-04,,,0.0,0.0,0.0
1950-02-05,,,0.0,0.0,0.0
1950-02-06,,,0.0,0.0,0.0
1950-02-07,,,0.0,0.0,0.0
1950-02-08,,,102.0,0.0,0.0
1950-02-09,,,0.0,0.0,0.0
1950-02-10,,,0.0,0.0,0.0
1950-02-11,,,0.0,0.0,0.0
1950-02-12,,,0.0,0.0,0.0
1950-02-13,,,127.0,25.0,25.0
1950-02-14,,,5.0,25.0,0.0
1950-02-15,,,0.0,25.0,0.0
1950-02-16,,,0.0,25.0,0.0
1950-02-17,,,0.0,0.0,0.0
1950-02-18,,,0.0,0.0,0.0
1950-02-19,,,0.0,0.0,0.0
1950-02-20,,,0.0,0.0,0.0
1950-02-21,,,0.0,0.0,0.0
1950-02-22,,,64.0,51.0,
1950-02-23,,,0.0,,0.0
1950-02-24,,,0.0,,0.0
1950-02-25,,,89.0,152.0,
1950-02-26,,,0.0,152.0,0.0
1950-02-27,,,0.0,152.0,0.0
1950-02-28,,,25.0,0.0,0.0
1950-03-01,,,0.0,0.0,0.0
1950-03-02,,,0.0,0.0,0.0
1950-03-03,,,0.0,0.0,0.0
1950-03-04,,,0.0,0.0,0.0
1950-03-05,,,0.0,0.0,0.0
1950-03-06,,,0.0,0.0,0.0
1950-03-07,,,0.0,0.0,0.0
1950-03-08,,,0.0,0.0,0.0
1950-03-09,,,0.0,0.0,0.0
1950-03-10,,,0.0,0.0,0.0
1950-03-11,,,0.0,0.0,0.0
1950-03-12,,,0.0,0.0,0.0
1950-03-13,,,0.0,0.0,0.0
1950-03-14,,,0.0,0.0,0.0
1950-03-15,,,0.0,0.0,0.0
1950-03-16,,,10.0,0.0,0.0
1950-03-17,,,0.0,0.0,0.0
1950-03-18,,,0.0,0.0,0.0
1950-03-19,,,0.0,0.0,0.0
1950-03-20,,,76.0,0.0,0.0
1950-03-21,,,0.0,0.0,0.0
1950-03-22,,,0.0,0.0,0.0
1950-03-23,,,0.0,0.0,0.0
1950-03-24,,,0.0,0.0,0.0
1950-03-25,,,0.0,0.0,0.0
1950-03-26,,,61.0,0.0,0.0
1950-03-27,,,140.0,0.0,0.0
1950-03-28,,,0.0,0.0,0.0
1950-03-29,,,0.0,0.0,0.0
1950-03-30,,,0.0,0.0,0.0
1950-03-31,,,5.0,0.0,0.0
1950-04-01,,,0.0,0.0,0.0
1950-04-02,,,0.0,0.0,0.0
1950-04-03,,,419.0,0.0,0.0
1950-04-04,,,0.0,0.0,0.0
1950-04-05,,,0.0,0.0,0.0
1950-04-06,,,0.0,0.0,0.0
1950-04-07,,,0.0,0.0,0.0
1950-04-08,,,0.0,0.0,0.0
1950-04-09,,,127.0,0.0,0.0
1950-04-10,,,127.0,0.0,0.0
1950-04-11,,,0.0,0.0,0.0
1950-04-12,,,0.0,0.0,0.0
1950-04-13,,,0.0,0.0,0.0
1950-04-14,,,0.0,0.0,0.0
1950-04-15,,,0.0,0.0,0.0
1950-04-16,,,0.0,0.0,0.0
1950-04-17,,,0.0,0.0,0.0
1950-04-18,,,5.0,0.0,0.0
1950-04-19,,,0.0,0.0,0.0
1950-04-20,,,0.0,0.0,0.0
1950-04-21,,,0.0,0.0,0.0
1950-04-22,,,0.0,0.0,0.0
1950-04-23,,,259.0,0.0,0.0
1950-04-24,,,498.0,0.0,0.0
1950-04-25,,,178.0,0.0,0.0
1950-04-26,,,0.0,0.0,0.0
1950-04-27,,,0.0,0.0,0.0
1950-04-28,,,56.0,0.0,0.0
1950-04-29,,,0.0,0.0,0.0
1950-04-30,,,0.0,0.0,0.0
1950-05-01,,,0.0,0.0,0.0
1950-05-02,,,0.0,0.0,0.0
1950-05-03,,,0.0,0.0,0.0
1950-05-04,,,89.0,0.0,0.0
1950-05-05,,,0.0,0.0,0.0
1950-05-06,,,0.0,0.0,0.0
1950-05-07,,,0.0,0.0,0.0
1950-05-08,,,0.0,0.0,0.0
1950-05-09,,,203.0,0.0,0.0
1950-05-10,,,0.0,0.0,0.0
1950-05-11,,,0.0,0.0,0.0
1950-05-12,,,0.0,0.0,0.0
1950-05-13,,,0.0,0.0,0.0
1950-05-14,,,0.0,0.0,0.0
1950-05-15,,,0.0,0.0,0.0
1950-05-16,,,10.0,0.0,0.0
1950-05-17,,,0.0,0.0,0.0
1950-05-18,,,0.0,0.0,0.0
1950-05-19,,,0.0,0.0,0.0
1950-05-20,,,0.0,0.0,0.0
1950-05-21,,,76.0,0.0,0.0
1950-05-22,,,0.0,0.0,0.0
1950-05-23,,,0.0,0.0,0.0
1950-05-24,,,0.0,0.0,0.0
1950-05-25,,,0.0,0.0,0.0
1950-05-26,,,0.0,0.0,0.0
1950-05-27,,,0.0,0.0,0.0
1950-05-28,,,0.0,0.0,0.0
1950-05-29,,,0.0,0.0,0.0
1950-05-30,,,0.0,0.0,0.0
1950-05-31,,,127.0,0.0,0.0
1950-06-01,,,152.0,0.0,0.0
1950-06-02,,,102.0,0.0,0.0
1950-06-03,,,0.0,0.0,0.0
1950-06-04,,,0.0,0.0,0.0
1950-06-05,,,0.0,0.0,0.0
1950-06-06,,,0.0,0.0,0.0
1950-06-07,,,0.0,0.0,0.0
1950-06-08,,,0.0,0.0,0.0
1950-06-09,,,51.0,0.0,0.0
1950-06-10,,,0.0,0.0,0.0
1950-06-11,,,0.0,0.0,0.0
1950-06-12,,,13.0,0.0,0.0
1950-06-13,,,381.0,0.0,0.0
1950-06-14,,,0.0,0.0,0.0
1950-06-15,,,132.0,0.0,0.0
1950-06-16,,,0.0,0.0,0.0
1950-06-17,,,0.0,0.0,0.0
1950-06-18,,,483.0,0.0,0.0
1950-06-19,,,69.0,0.0,0.0
1950-06-20,,,0.0,0.0,0.0
1950-06-21,,,0.0,0.0,0.0
1950-06-22,,,0.0,0.0,0.0
1950-06-23,,,0.0,0.0,0.0
1950-09-09,,,0.0,0.0,0.0
1950-09-10,,,79.0,0.0,0.0
1950-09-11,,,0.0,0.0,0.0
1950-09-12,,,25.0,0.0,0.0
1950-09-13,,,0.0,0.0,0.0
1950-09-14,,,0.0,0.0,0.0
1950-09-15,,,0.0,0.0,0.0
1950-09-16,,,0.0,0.0,0.0
1950-09-17,,,0.0,0.0,0.0
1950-09-18,,,0.0,0.0,0.0
1950-09-19,,,198.0,0.0,0.0
1950-09-20,,,127.0,0.0,0.0
1950-09-21,,,0.0,0.0,0.0
1950-09-22,,,0.0,0.0,0.0
1950-09-23,,,0.0,0.0,0.0
1950-09-24,,,0.0,0.0,0.0
1950-09-25,,,0.0,0.0,0.0
1950-09-26,,,0.0,0.0,0.0
1950-09-27,,,178.0,0.0,0.0
1950-09-28,,,69.0,0.0,0.0
1950-09-29,,,0.0,0.0,0.0
1950-09-30,,,0.0,0.0,0.0
1950-10-01,,,0.0,0.0,0.0
1950-10-02,,,0.0,0.0,0.0
1950-10-03,,,0.0,0.0,0.0
1950-10-04,,,0.0,0.0,0.0
1950-10-05,,,0.0,0.0,0.0
1950-10-06,,,0.0,0.0,0.0
1950-10-07,,,137.0,0.0,0.0
1950-10-08,,,102.0,0.0,0.0
1950-10-09,,,0.0,0.0,0.0
1950-10-10,,,0.0,0.0,0.0
1950-10-11,,,0.0,0.0,0.0
1950-10-12,,,0.0,0.0,0.0
1950-10-13,,,0.0,0.0,0.0
1950-10-14,,,0.0,0.0,0.0
1950-10-15,,,0.0,0.0,0.0
1950-10-16,,,0.0,0.0,0.0
1950-10-17,,,0.0,0.0,0.0
1950-10-18,,,0.0,0.0,0.0
1950-10-19,,,0.0,0.0,0.0
1950-10-20,,,0.0,0.0,0.0
1950-10-21,,,0.0,0.0,0.0
1950-10-22,,,0.0,0.0,0.0
1950-10-23,,,0.0,0.0,0.0
1950-10-24,,,0.0,0.0,0.0
1950-10-25,,,0.0,0.0,0.0
1950-10-26,,,0.0,0.0,0.0
1950-10-27,,,0.0,0.0,0.0
1950-10-28,,,0.0,0.0,0.0
1950-10-29,,,0.0,0.0,0.0
1950-10-30,,,0.0,0.0,0.0
1950-10-31,,,0.0,0.0,0.0
1950-11-01,,,0.0,0.0,0.0
1950-11-02,,,0.0,0.0,0.0
1950-11-03,,,0.0,0.0,0.0
1950-11-04,,,0.0,0.0,0.0
1950-11-05,,,0.0,0.0,0.0
1950-11-06,,,0.0,0.0,0.0
1950-11-07,,,0.0,0.0,0.0
1950-11-08,,,38.0,0.0,0.0
1950-11-09,,,0.0,0.0,0.0
1950-11-10,,,0.0,0.0,0.0
1950-11-11,,,0.0,0.0,0.0
1950-11-12,,,0.0,0.0,0.0
1950-11-13,,,0.0,0.0,0.0
1950-11-14,,,0.0,0.0,0.0
1950-11-15,,,0.0,0.0,0.0
1950-11-16,,,0.0,0.0,0.0
1950-11-17,,,0.0,0.0,0.0
1950-11-18,,,0.0,0.0,0.0
1950-11-19,,,64.0,,25.0
1950-11-20,,,48.0,,0.0
1950-11-21,,,0.0,,0.0
1950-11-22,,,0.0,,0.0
1950-11-23,,,0.0,,0.0
1950-11-24,,,0.0,,0.0
1950-11-25,,,0.0,,0.0
1950-11-26,,,30.0,,30.0
1950-11-27,,,0.0,,0.0
1950-11-28,,,0.0,0.0,0.0
1950-11-29,,,0.0,,0.0
1950-11-30,,,0.0,,0.0
1951-05-01,,,5.0,0.0,0.0
1951-05-02,,,,0.0,0.0
1951-05-03,,,,0.0,0.0
1951-05-04,,,,0.0,0.0
1951-05-05,,,,0.0,0.0
1951-05-06,,,,0.0,0.0
1951-05-07,,,0.0,0.0,0.0
1951-05-08,,,0.0,0.0,0.0
1951-05-09,,,,0.0,0.0
1951-05-10,,,,0.0,0.0
1951-05-11,,,,0.0,0.0
1951-05-12,,,0.0,0.0,0.0
1951-05-13,,,0.0,0.0,0.0
1951-05-14,,,0.0,0.0,0.0
1951-05-15,,,0.0,0.0,0.0
1951-05-16,,,0.0,0.0,0.0
1951-05-17,,,13.0,0.0,0.0
1951-05-18,,,0.0,0.0,0.0
1951-05-19,,,0.0,0.0,0.0
1951-05-20,,,5.0,0.0,0.0
1951-05-21,,,0.0,0.0,0.0
1951-05-22,,,5.0,0.0,0.0
1951-05-23,,,0.0,0.0,0.0
1951-05-24,,,0.0,0.0,0.0
1951-05-25,,,15.0,0.0,0.0
1951-05-26,,,43.0,0.0,0.0
1951-05-27,,,0.0,0.0,0.0
1951-05-28,,,0.0,0.0,0.0
1951-05-29,,,0.0,0.0,0.0
1951-05-30,,,0.0,0.0,0.0
1951-05-31,,,30.0,0.0,0.0
1951-06-01,,,0.0,0.0,0.0
1951-06-02,,,3.0,0.0,0.0
1951-06-03,,,0.0,0.0,0.0
1951-06-04,,,,0.0,0.0
1951-06-05,,,0.0,0.0,0.0
1951-06-06,,,0.0,0.0,0.0
1951-06-07,,,30.0,0.0,0.0
1951-06-08,,,254.0,0.0,0.0
1951-06-09,,,0.0,0.0,0.0
1951-06-10,,,0.0,0.0,0.0
1951-06-11,,,0.0,0.0,0.0
1951-06-12,,,152.0,0.0,0.0
1951-06-13,,,0.0,0.0,0.0
1951-06-14,,,0.0,0.0,0.0
1951-06-15,,,33.0,0.0,0.0
1951-06-16,,,0.0,0.0,0.0
1951-06-17,,,0.0,0.0,0.0
1951-06-18,,,0.0,0.0,0.0
1951-06-19,,,170.0,0.0,0.0
1951-06-20,,,424.0,0.0,0.0
1951-06-21,,,0.0,0.0,0.0
1951-06-22,,,0.0,0.0,0.0
1951-06-23,,,0.0,0.0,0.0
1951-06-24,,,0.0,0.0,0.0
1951-06-25,,,,0.0,0.0
1951-06-26,,,,0.0,0.0
1951-06-27,,,,0.0,0.0
1951-06-28,,,,0.0,0.0
1951-06-29,,,0.0,0.0,0.0
1951-06-30,,,0.0,0.0,0.0
1951-07-01,,,0.0,0.0,0.0
1951-07-02,,,0.0,0.0,0.0
1951-07-03,,,279.0,0.0,0.0
1951-07-04,,,5.0,0.0,0.0
1951-07-05,,,0.0,0.0,0.0
1951-07-06,,,0.0,0.0,0.0
1951-07-07,,,0.0,0.0,0.0
1951-07-08,,,0.0,0.0,0.0
1951-07-09,,,0.0,0.0,0.0
1951-07-10,,,0.0,0.0,0.0
1951-07-11,,,0.0,0.0,0.0
1951-07-12,,,0.0,0.0,0.0
1951-07-13,,,940.0,0.0,0.0
1951-07-14,,,0.0,0.0,0.0
1951-07-15,,,0.0,0.0,0.0
1951-07-16,,,76.0,0.0,0.0
1951-07-17,,,0.0,0.0,0.0
1951-07-18,,,0.0,0.0,0.0
1951-07-19,,,0.0,0.0,0.0
1951-07-20,,,0.0,0.0,0.0
1951-07-21,,,198.0,0.0,0.0
1951-07-22,,,0.0,0.0,0.0
1951-07-23,,,10.0,0.0,0.0
1951-07-24,,,0.0,0.0,0.0
1951-07-25,,,0.0,0.0,0.0
1951-07-26,,,0.0,0.0,0.0
1951-07-27,,,0.0,0.0,0.0
1951-07-28,,,71.0,0.0,0.0
1951-07-29,,,0.0,0.0,0.0
1951-07-30,,,0.0,0.0,0.0
1951-07-31,,,58.0,0.0,0.0
1951-08-01,,,0.0,0.0,0.0
1951-08-02,,,0.0,0.0,0.0
1951-08-03,,,0.0,0.0,0.0
1951-08-04,,,0.0,0.0,0.0
1951-08-05,,,0.0,0.0,0.0
1951-08-06,,,236.0,0.0,0.0
1951-08-07,,,0.0,0.0,0.0
1951-08-08,,,0.0,0.0,0.0
1951-08-09,,,0.0,0.0,0.0
1951-08-10,,,0.0,0.0,0.0
1951-08-11,,,0.0,0.0,0.0
1951-08-12,,,0.0,0.0,0.0
1951-08-13,,,0.0,0.0,0.0
1951-08-14,,,36.0,0.0,0.0
1951-08-15,,,69.0,0.0,0.0
1951-08-16,,,0.0,0.0,0.0
1951-08-17,,,0.0,0.0,0.0
1951-08-18,,,0.0,0.0,0.0
1951-08-19,,,0.0,0.0,0.0
1951-08-20,,,58.0,0.0,0.0
1951-08-21,,,0.0,0.0,0.0
1951-08-22,,,0.0,0.0,0.0
1951-08-23,,,0.0,0.0,0.0
1951-08-24,,,0.0,0.0,0.0
1951-08-25,,,71.0,0.0,0.0
1951-08-26,,,102.0,0.0,0.0
1951-08-27,,,0.0,0.0,0.0
1951-08-28,,,0.0,0.0,0.0
1951-08-29,,,1054.0,0.0,0.0
1951-08-30,,,0.0,0.0,0.0
1951-08-31,,,0.0,0.0,0.0
1951-09-01,,,0.0,0.0,0.0
1951-09-02,,,3.0,0.0,0.0
1951-09-03,,,0.0,0.0,0.0
1951-09-04,,,0.0,0.0,0.0
1951-09-05,,,0.0,0.0,0.0
1951-09-06,,,0.0,0.0,0.0
1951-09-07,,,0.0,0.0,0.0
1951-09-08,,,0.0,0.0,0.0
1951-09-09,,,8.0,0.0,0.0
1951-09-10,,,107.0,0.0,0.0
1951-09-11,,,0.0,0.0,0.0
1951-09-12,,,102.0,0.0,0.0
1951-09-13,,,0.0,0.0,0.0
1951-09-14,,,0.0,0.0,0.0
1951-09-15,,,0.0,0.0,0.0
1951-09-16,,,0.0,0.0,0.0
1951-09-17,,,0.0,0.0,0.0
1951-09-18,,,0.0,0.0,0.0
1951-09-19,,,0.0,0.0,0.0
1951-09-20,,,0.0,0.0,0.0
1951-09-21,,,0.0,0.0,0.0
1951-09-22,,,201.0,0.0,0.0
1951-09-23,,,0.0,0.0,0.0
1951-09-24,,,3.0,0.0,0.0
1951-09-25,,,5.0,0.0,0.0
1951-09-26,,,201.0,0.0,0.0
1951-09-27,,,0.0,0.0,0.0
1951-09-28,,,0.0,0.0,0.0
1951-09-29,,,0.0,0.0,0.0
1951-09-30,,,0.0,0.0,0.0
1951-10-01,,,0.0,0.0,0.0
1951-10-02,,,0.0,0.0,0.0
1951-10-03,,,8.0,0.0,0.0
1951-10-04,,,0.0,0.0,0.0
1951-10-05,,,0.0,0.0,0.0
1951-10-06,,,168.0,0.0,0.0
1951-10-07,,,112.0,0.0,0.0
1951-10-08,,,0.0,0.0,0.0
1951-10-09,,,0.0,0.0,0.0
1951-10-10,,,0.0,0.0,0.0
1951-10-11,,,0.0,0.0,0.0
1951-10-12,,,0.0,0.0,0.0
1951-10-13,,,0.0,0.0,0.0
1951-10-14,,,0.0,0.0,0.0
1951-10-15,,,0.0,0.0,0.0
1951-10-16,,,0.0,0.0,0.0
1951-10-17,,,0.0,0.0,0.0
1951-10-18,,,401.0,0.0,0.0
1951-10-19,,,0.0,0.0,0.0
1951-10-20,,,25.0,0.0,0.0
1951-10-21,,,5.0,0.0,0.0
1951-10-22,,,30.0,0.0,0.0
1951-10-23,,,165.0,0.0,0.0
1951-10-24,,,81.0,0.0,0.0
1951-10-25,,,0.0,0.0,0.0
1951-10-26,,,0.0,0.0,0.0
1951-10-27,,,38.0,0.0,0.0
1951-10-28,,,0.0,0.0,0.0
1951-10-29,,,0.0,0.0,0.0
1951-10-30,,,0.0,0.0,0.0
1951-10-31,,,0.0,0.0,0.0
1951-11-01,,,0.0,,0.0
1951-11-02,,,0.0,,0.0
1951-11-03,,,8.0,,
1951-11-04,,,0.0,,0.0
1951-11-05,,,0.0,,0.0
1951-11-06,,,157.0,,
1951-11-07,,,69.0,,
1951-11-08,,,0.0,,0.0
1951-11-09,,,0.0,,0.0
1951-11-10,,,0.0,,0.0
1951-11-11,,,0.0,,0.0
1951-11-12,,,140.0,,0.0
1951-11-13,,,102.0,,0.0
1951-11-14,,,0.0,,0.0
1951-11-15,,,0.0,,0.0
1951-11-16,,,10.0,,0.0
1951-11-17,,,0.0,,0.0
1951-11-18,,,0.0,,0.0
1951-11-19,,,0.0,,0.0
1951-11-20,,,0.0,,0.0
1951-11-21,,,0.0,,0.0
1951-11-22,,,99.0,,0.0
1951-11-23,,,0.0,,0.0
1951-11-24,,,0.0,,0.0
1951-11-25,,,23.0,,0.0
1951-11-26,,,0.0,,0.0
1951-11-27,,,0.0,,0.0
1951-11-28,,,0.0,,0.0
1951-11-29,,,0.0,,0.0
1951-11-30,,,0.0,,0.0
1951-12-01,,,0.0,,0.0
1951-12-02,,,0.0,,0.0
1951-12-03,,,0.0,,0.0
1951-12-04,,,0.0,,0.0
1951-12-05,,,0.0,,0.0
1951-12-06,,,71.0,,0.0
1951-12-07,,,0.0,,0.0
1951-12-08,,,5.0,,
1951-12-09,,,10.0,,
1951-12-10,,,3.0,,
1951-12-11,,,0.0,,0.0
1951-12-12,,,0.0,,0.0
1951-12-13,,,0.0,,0.0
1951-12-14,,,,127.0,
1951-12-15,,,,,
1951-12-16,,,0.0,,0.0
1951-12-17,,,94.0,229.0,
1951-12-19,,,0.0,,0.0
1951-12-20,,,150.0,381.0,
1951-12-21,,,0.0,,0.0
1951-12-22,,,0.0,,0.0
1951-12-23,,,0.0,,0.0
1951-12-24,,,0.0,,0.0
1951-12-25,,,56.0,,
1951-12-26,,,,330.0,
1951-12-27,,,0.0,,0.0
1951-12-28,,,0.0,,0.0
1951-12-29,,,0.0,,0.0
1951-12-30,,,0.0,,0.0
1951-12-31,,,0.0,,0.0
1952-01-01,,,0.0,,0.0
1952-01-02,,,0.0,,0.0
1952-01-03,,,0.0,,0.0
1952-01-04,,,53.0,102.0,
1952-01-05,,,0.0,,0.0
1952-01-06,,,0.0,,0.0
1952-01-07,,,0.0,,0.0
1952-01-08,,,8.0,,0.0
1952-01-09,,,0.0,,0.0
1952-01-10,,,0.0,,0.0
1952-01-11,,,0.0,,0.0
1952-01-12,,,0.0,,0.0
1952-01-13,,,0.0,,0.0
1952-01-14,,,33.0,,0.0
1952-01-15,,,0.0,,0.0
1952-01-16,,,0.0,,0.0
1952-01-17,,,0.0,,0.0
1952-01-18,,,0.0,,0.0
1952-01-19,,,231.0,,0.0
1952-01-20,,,0.0,,0.0
1952-01-21,,,30.0,51.0,
1952-01-22,,,0.0,51.0,0.0
1952-01-23,,,0.0,51.0,0.0
1952-01-24,,,8.0,51.0,8.0
1952-01-25,,,23.0,51.0,0.0
1952-01-26,,,46.0,,0.0
1952-01-27,,,0.0,,0.0
1952-01-28,,,0.0,,0.0
1952-01-29,,,0.0,,0.0
1952-01-30,,,0.0,,0.0
1952-01-31,,,0.0,,0.0
1952-02-01,,,0.0,,0.0
1952-02-02,,,0.0,,0.0
1952-02-03,,,25.0,,0.0
1952-02-04,,,5.0,,0.0
1952-02-05,,,0.0,,0.0
1952-02-06,,,0.0,,0.0
1952-02-07,,,0.0,,0.0
1952-02-08,,,0.0,,0.0
1952-02-09,,,0.0,,0.0
1952-02-10,,,0.0,,0.0
1952-02-11,,,0.0,,0.0
1952-02-12,,,0.0,,0.0
1952-02-13,,,0.0,,0.0
1952-02-14,,,15.0,102.0,
1952-02-15,,,0.0,,0.0
1952-02-16,,,0.0,,0.0
1952-02-17,,,0.0,,0.0
1952-02-18,,,0.0,,0.0
1952-02-19,,,76.0,25.0,
1952-02-20,,,0.0,,0.0
1952-02-21,,,0.0,,0.0
1952-02-22,,,0.0,,0.0
1952-02-23,,,25.0,,
1952-02-24,,,0.0,,0.0
1952-02-25,,,0.0,,0.0
1952-02-26,,,0.0,,0.0
1952-02-27,,,0.0,,0.0
1952-02-28,,,0.0,,0.0
1952-02-29,,,3.0,,0.0
1952-03-01,,,0.0,0.0,0.0
1952-03-02,,,48.0,76.0,
1952-03-03,,,89.0,203.0,127.0
1952-03-05,,,0.0,,0.0
1952-03-06,,,0.0,,0.0
1952-03-07,,,0.0,,0.0
1952-03-08,,,102.0,127.0,51.0
1952-03-09,,,8.0,,0.0
1952-03-10,,,124.0,,0.0
1952-03-11,,,0.0,0.0,0.0
1952-03-12,,,0.0,0.0,0.0
1952-03-13,,,8.0,0.0,0.0
1952-03-14,,,0.0,0.0,0.0
1952-03-15,,,0.0,0.0,0.0
1952-03-16,,,0.0,0.0,0.0
1952-03-17,,,0.0,0.0,0.0
1952-03-18,,,257.0,0.0,0.0
1952-03-19,,,13.0,0.0,0.0
1952-03-20,,,0.0,0.0,0.0
1952-03-21,,,0.0,0.0,0.0
1952-03-22,,,127.0,25.0,
1952-03-23,,,0.0,0.0,0.0
1952-03-24,,,0.0,0.0,0.0
1952-03-25,,,0.0,0.0,0.0
1952-03-26,,,0.0,0.0,0.0
1952-03-27,,,0.0,0.0,0.0
1952-03-28,,,0.0,0.0,0.0
1952-03-29,,,0.0,0.0,0.0
1952-03-30,,,102.0,0.0,0.0
1952-03-31,,,23.0,0.0,0.0
1952-04-01,,,5.0,0.0,0.0
1952-04-02,,,0.0,0.0,0.0
1952-04-03,,,0.0,0.0,0.0
1952-04-04,,,0.0,0.0,0.0
1952-04-05,,,0.0,0.0,0.0
1952-04-06,,,0.0,0.0,0.0
1952-04-07,,,0.0,0.0,0.0
1952-04-08,,,0.0,0.0,0.0
1952-04-09,,,5.0,0.0,0.0
1952-04-10,,,137.0,0.0,0.0
1952-04-11,,,0.0,0.0,0.0
1952-04-12,,,160.0,0.0,0.0
1952-04-13,,,119.0,0.0,0.0
1952-04-14,,,10.0,0.0,0.0
1952-04-15,,,0.0,0.0,0.0
1952-04-16,,,0.0,0.0,0.0
1952-04-17,,,0.0,0.0,0.0
1952-04-18,,,0.0,0.0,0.0
1952-04-19,,,0.0,0.0,0.0
1952-04-20,,,0.0,0.0,0.0
1952-04-21,,,5.0,0.0,0.0
1952-04-22,,,8.0,0.0,0.0
1952-04-23,,,114.0,0.0,0.0
1952-04-24,,,0.0,0.0,0.0
1952-04-25,,,0.0,0.0,0.0
1952-04-26,,,0.0,0.0,0.0
1952-04-27,,,0.0,0.0,0.0
1952-04-28,,,0.0,0.0,0.0
1952-04-29,,,0.0,0.0,0.0
1952-04-30,,,0.0,0.0,0.0
1952-05-01,,,0.0,0.0,0.0
1952-05-02,,,0.0,0.0,0.0
1952-05-03,,,0.0,0.0,0.0
1952-05-04,,,0.0,0.0,0.0
1952-05-05,,,53.0,0.0,0.0
1952-05-06,,,0.0,0.0,0.0
1952-05-07,,,84.0,0.0,0.0
1952-05-08,,,0.0,0.0,0.0
1952-05-09,,,56.0,0.0,0.0
1952-05-10,,,13.0,0.0,0.0
1952-05-11,,,5.0,0.0,0.0
1952-05-12,,,0.0,0.0,0.0
1952-05-13,,,0.0,0.0,0.0
1952-05-14,,,15.0,0.0,0.0
1952-05-15,,,0.0,0.0,0.0
1952-05-16,,,140.0,0.0,0.0
1952-05-17,,,0.0,0.0,0.0
1952-05-18,,,0.0,0.0,0.0
1952-05-19,,,0.0,0.0,0.0
1952-05-20,,,0.0,0.0,0.0
1952-05-21,,,38.0,0.0,0.0
1952-05-22,,,61.0,0.0,0.0
1952-05-23,,,33.0,0.0,0.0
1952-05-24,,,5.0,0.0,0.0
1952-05-25,,,15.0,0.0,0.0
1952-05-26,,,0.0,0.0,0.0
1952-05-27,,,13.0,0.0,0.0
1952-05-28,,,20.0,0.0,0.0
1952-05-29,,,0.0,0.0,0.0
1952-05-30,,,0.0,0.0,0.0
1952-05-31,,,224.0,0.0,0.0
1952-06-01,,,0.0,0.0,0.0
1952-06-02,,,0.0,0.0,0.0
1952-06-03,,,23.0,0.0,0.0
1952-06-04,,,0.0,0.0,0.0
1952-06-05,,,5.0,0.0,0.0
1952-06-06,,,0.0,0.0,0.0
1952-06-07,,,0.0,0.0,0.0
1952-06-08,,,,0.0,0.0
1952-06-09,,,,0.0,0.0
1952-06-10,,,0.0,0.0,0.0
1952-06-11,,,0.0,0.0,0.0
1952-06-12,,,130.0,0.0,0.0
1952-06-13,,,23.0,0.0,0.0
1952-06-14,,,135.0,0.0,0.0
1952-06-15,,,0.0,0.0,0.0
1952-06-16,,,0.0,0.0,0.0
1952-06-17,,,0.0,0.0,0.0
1952-06-18,,,0.0,0.0,0.0
1952-06-19,,,0.0,0.0,0.0
1952-06-20,,,241.0,0.0,0.0
1952-06-21,,,193.0,0.0,0.0
1952-06-22,,,0.0,0.0,0.0
1952-06-23,,,0.0,0.0,0.0
1952-06-24,,,0.0,0.0,0.0
1952-06-25,,,0.0,0.0,0.0
1952-06-26,,,0.0,0.0,0.0
1952-06-27,,,381.0,0.0,0.0
1952-06-28,,,0.0,0.0,0.0
1952-06-29,,,0.0,0.0,0.0
1952-06-30,,,0.0,0.0,0.0
1952-07-01,,,0.0,0.0,0.0
1952-07-02,,,180.0,0.0,0.0
1952-07-03,,,64.0,0.0,0.0
1952-07-04,,,0.0,0.0,0.0
1952-07-05,,,0.0,0.0,0.0
1952-07-06,,,0.0,0.0,0.0
1952-07-07,,,135.0,0.0,0.0
1952-07-08,,,229.0,0.0,0.0
1952-07-09,,,0.0,0.0,0.0
1952-07-10,,,0.0,0.0,0.0
1952-07-11,,,0.0,0.0,0.0
1952-07-12,,,0.0,0.0,0.0
1952-07-13,,,30.0,0.0,0.0
1952-07-14,,,36.0,0.0,0.0
1952-07-15,,,0.0,0.0,0.0
1952-07-16,,,5.0,0.0,0.0
1952-07-17,,,10.0,0.0,0.0
1952-07-18,,,,0.0,0.0
1952-07-19,,,,0.0,0.0
1952-07-20,,,0.0,0.0,0.0
1952-07-21,,,0.0,0.0,0.0
1952-07-22,,,0.0,0.0,0.0
1952-07-23,,,0.0,0.0,0.0
1952-07-24,,,0.0,0.0,0.0
1952-07-25,,,0.0,0.0,0.0
1952-07-26,,,0.0,0.0,0.0
1952-07-27,,,0.0,0.0,0.0
1952-07-28,,,5.0,0.0,0.0
1952-07-29,,,0.0,0.0,0.0
1952-07-30,,,0.0,0.0,0.0
1952-07-31,,,0.0,0.0,0.0
1952-08-01,,,0.0,0.0,0.0
1952-08-02,,,0.0,0.0,0.0
1952-08-03,,,10.0,0.0,0.0
1952-08-04,,,81.0,0.0,0.0
1952-08-05,,,0.0,0.0,0.0
1952-08-06,,,0.0,0.0,0.0
1952-08-07,,,0.0,0.0,0.0
1952-08-08,,,79.0,0.0,0.0
1952-08-09,,,61.0,0.0,0.0
1952-08-10,,,0.0,0.0,0.0
1952-08-11,,,89.0,0.0,0.0
1952-08-12,,,0.0,0.0,0.0
1952-08-13,,,0.0,0.0,0.0
1952-08-14,,,0.0,0.0,0.0
1952-08-15,,,124.0,0.0,0.0
1952-08-16,,,28.0,0.0,0.0
1952-08-17,,,0.0,0.0,0.0
1952-08-18,,,0.0,0.0,0.0
1952-08-19,,,0.0,0.0,0.0
1952-08-20,,,516.0,0.0,0.0
1952-08-21,,,28.0,0.0,0.0
1952-08-22,,,0.0,0.0,0.0
1952-08-23,,,0.0,0.0,0.0
1952-08-24,,,0.0,0.0,0.0
1952-08-25,,,0.0,0.0,0.0
1952-08-26,,,15.0,0.0,0.0
1952-08-27,,,0.0,0.0,0.0
1952-08-28,,,0.0,0.0,0.0
1952-08-29,,,0.0,0.0,0.0
1952-08-30,,,0.0,0.0,0.0
1952-08-31,,,15.0,0.0,0.0
1952-09-01,,,234.0,0.0,0.0
1952-09-02,,,0.0,0.0,0.0
1952-09-03,,,0.0,0.0,0.0
1952-09-04,,,0.0,0.0,0.0
1952-09-05,,,0.0,0.0,0.0
1952-09-06,,,20.0,0.0,0.0
1952-09-07,,,0.0,0.0,0.0
1952-09-08,,,0.0,0.0,0.0
1952-09-09,,,0.0,0.0,0.0
1952-09-10,,,0.0,0.0,0.0
1952-09-11,,,0.0,0.0,0.0
1952-09-12,,,0.0,0.0,0.0
1952-09-13,,,0.0,0.0,0.0
1952-09-14,,,5.0,0.0,0.0
1952-09-15,,,0.0,0.0,0.0
1952-09-16,,,0.0,0.0,0.0
1952-09-17,,,0.0,0.0,0.0
1952-09-18,,,20.0,0.0,0.0
1952-09-19,,,0.0,0.0,0.0
1952-09-20,,,0.0,0.0,0.0
1952-09-21,,,0.0,0.0,0.0
1952-09-22,,,15.0,0.0,0.0
1952-09-23,,,0.0,0.0,0.0
1952-09-24,,,0.0,0.0,0.0
1952-09-25,,,0.0,0.0,0.0
1952-09-26,,,0.0,0.0,0.0
1952-09-27,,,0.0,0.0,0.0
1952-09-28,,,0.0,0.0,0.0
1952-09-29,,,0.0,0.0,0.0
1952-09-30,,,0.0,0.0,0.0
1952-10-01,,,3.0,0.0,0.0
1952-10-02,,,0.0,0.0,0.0
1952-10-03,,,0.0,0.0,0.0
1952-10-04,,,0.0,0.0,0.0
1952-10-05,,,0.0,0.0,0.0
1952-10-06,,,0.0,0.0,0.0
1952-10-07,,,0.0,0.0,0.0
1952-10-08,,,0.0,0.0,0.0
1952-10-09,,,0.0,0.0,0.0
1952-10-10,,,0.0,0.0,0.0
1952-10-11,,,0.0,0.0,0.0
1952-10-12,,,0.0,0.0,0.0
1952-10-13,,,0.0,0.0,0.0
1952-10-14,,,30.0,0.0,0.0
1952-10-15,,,0.0,0.0,0.0
1952-10-16,,,0.0,0.0,0.0
1952-10-17,,,0.0,0.0,0.0
1952-10-18,,,0.0,0.0,0.0
1952-10-19,,,0.0,0.0,0.0
1952-10-20,,,0.0,0.0,0.0
1952-10-21,,,0.0,0.0,0.0
1952-10-22,,,0.0,0.0,0.0
1952-10-23,,,0.0,0.0,0.0
1952-10-24,,,0.0,0.0,0.0
1952-10-25,,,0.0,0.0,0.0
1952-10-26,,,0.0,0.0,0.0
1952-10-27,,,0.0,0.0,0.0
1952-10-28,,,0.0,0.0,0.0
1952-10-29,,,0.0,0.0,0.0
1952-10-30,,,0.0,0.0,0.0
1952-10-31,,,0.0,0.0,0.0
1952-11-01,,,0.0,0.0,0.0
1952-11-02,,,0.0,0.0,0.0
1952-11-03,,,0.0,0.0,0.0
1952-11-04,,,0.0,0.0,0.0
1952-11-05,,,0.0,0.0,0.0
1952-11-06,,,0.0,0.0,0.0
1952-11-07,,,0.0,0.0,0.0
1952-11-08,,,0.0,0.0,0.0
1952-11-09,,,0.0,0.0,0.0
1952-11-10,,,0.0,0.0,0.0
1952-11-11,,,0.0,0.0,0.0
1952-11-12,,,0.0,0.0,0.0
1952-11-13,,,0.0,0.0,0.0
1952-11-14,,,0.0,0.0,0.0
1952-11-15,,,0.0,0.0,0.0
1952-11-16,,,0.0,0.0,0.0
1952-11-17,,,5.0,0.0,0.0
1952-11-18,,,201.0,0.0,0.0
1952-11-19,,,0.0,0.0,0.0
1952-11-20,,,0.0,0.0,0.0
1952-11-21,,,0.0,0.0,0.0
1952-11-22,,,0.0,0.0,0.0
1952-11-23,,,0.0,0.0,0.0
1952-11-24,,,130.0,0.0,0.0
1952-11-25,,,178.0,0.0,0.0
1952-11-26,,,79.0,0.0,0.0
1952-11-27,,,0.0,0.0,0.0
1952-11-28,,,0.0,0.0,0.0
1952-11-29,,,0.0,0.0,0.0
1952-11-30,,,0.0,0.0,0.0
1952-12-01,,,3.0,0.0,0.0
1952-12-02,,,3.0,0.0,0.0
1952-12-03,,,0.0,,0.0
1952-12-04,,,74.0,0.0,0.0
1952-12-05,,,0.0,0.0,0.0
1952-12-06,,,0.0,0.0,0.0
1952-12-07,,,0.0,0.0,0.0
1952-12-08,,,0.0,0.0,0.0
1952-12-09,,,0.0,0.0,0.0
1952-12-10,,,0.0,0.0,0.0
1952-12-11,,,0.0,0.0,0.0
1952-12-12,,,0.0,0.0,0.0
1952-12-13,,,0.0,0.0,0.0
1952-12-14,,,0.0,0.0,0.0
1952-12-15,,,0.0,0.0,0.0
1952-12-16,,,0.0,0.0,0.0
1952-12-17,,,0.0,0.0,0.0
1952-12-18,,,0.0,0.0,0.0
1952-12-19,,,142.0,,0.0
1952-12-20,,,,0.0,0.0
1952-12-21,,,,0.0,0.0
1952-12-22,,,41.0,0.0,0.0
1952-12-23,,,48.0,0.0,0.0
1952-12-24,,,0.0,0.0,0.0
1952-12-25,,,0.0,0.0,0.0
1952-12-26,,,0.0,0.0,0.0
1952-12-27,,,0.0,0.0,0.0
1952-12-28,,,0.0,0.0,0.0
1952-12-29,,,0.0,0.0,0.0
1952-12-30,,,0.0,0.0,0.0
1952-12-31,,,0.0,0.0,0.0
1953-01-01,,,0.0,0.0,0.0
1953-01-02,,,0.0,0.0,0.0
1953-01-03,,,0.0,0.0,0.0
1953-01-04,,,0.0,0.0,0.0
1953-01-05,,,0.0,0.0,0.0
1953-01-06,,,20.0,76.0,
1953-01-07,,,0.0,51.0,0.0
1953-01-08,,,0.0,,0.0
1953-01-09,,,0.0,,0.0
1953-01-10,,,0.0,0.0,0.0
1953-01-11,,,0.0,0.0,0.0
1953-01-12,,,0.0,0.0,0.0
1953-01-13,,,0.0,0.0,0.0
1953-01-14,,,0.0,0.0,0.0
1953-01-15,,,0.0,0.0,0.0
1953-01-16,,,0.0,0.0,0.0
1953-01-17,,,58.0,76.0,
1953-01-18,,,0.0,,0.0
1953-01-19,,,0.0,,0.0
1953-01-20,,,10.0,51.0,0.0
1953-01-21,,,0.0,,0.0
1953-01-22,,,0.0,,0.0
1953-01-23,,,117.0,76.0,38.0
1953-01-24,,,0.0,,0.0
1953-01-25,,,0.0,,0.0
1953-01-26,,,0.0,25.0,0.0
1953-01-27,,,0.0,,0.0
1953-01-28,,,0.0,,0.0
1953-01-29,,,20.0,51.0,20.0
1953-01-30,,,0.0,,0.0
1953-01-31,,,0.0,,0.0
1953-02-01,,,0.0,0.0,0.0
1953-02-02,,,0.0,0.0,0.0
1953-02-03,,,0.0,0.0,0.0
1953-02-04,,,0.0,0.0,0.0
1953-02-05,,,25.0,0.0,0.0
1953-02-06,,,112.0,0.0,0.0
1953-02-07,,,0.0,0.0,0.0
1953-02-08,,,0.0,0.0,0.0
1953-02-09,,,0.0,0.0,0.0
1953-02-10,,,25.0,0.0,0.0
1953-02-11,,,28.0,0.0,0.0
1953-02-12,,,0.0,0.0,0.0
1953-02-13,,,0.0,0.0,0.0
1953-02-14,,,0.0,0.0,0.0
1953-02-15,,,0.0,0.0,0.0
1953-02-16,,,38.0,127.0,
1953-02-17,,,0.0,102.0,0.0
1953-02-18,,,0.0,,0.0
1953-02-19,,,0.0,0.0,0.0
1953-02-20,,,218.0,0.0,0.0
1953-02-21,,,0.0,0.0,0.0
1953-02-22,,,0.0,0.0,0.0
1953-02-23,,,0.0,0.0,0.0
1953-02-24,,,0.0,0.0,0.0
1953-02-25,,,0.0,0.0,0.0
1953-02-26,,,3.0,0.0,0.0
1953-02-27,,,0.0,0.0,0.0
1953-02-28,,,0.0,0.0,0.0
1953-03-01,,,0.0,0.0,0.0
1953-03-02,,,0.0,0.0,0.0
1953-03-03,,,46.0,51.0,51.0
1953-03-04,,,5.0,51.0,0.0
1953-03-05,,,0.0,25.0,0.0
1953-03-06,,,10.0,25.0,
1953-03-07,,,51.0,102.0,76.0
1953-03-08,,,0.0,51.0,0.0
1953-03-09,,,0.0,0.0,0.0
1953-03-10,,,0.0,0.0,0.0
1953-03-11,,,0.0,0.0,0.0
1953-03-12,,,150.0,0.0,0.0
1953-03-13,,,0.0,0.0,0.0
1953-03-14,,,152.0,0.0,0.0
1953-03-15,,,69.0,0.0,0.0
1953-03-16,,,0.0,0.0,0.0
1953-03-17,,,0.0,0.0,0.0
1953-03-18,,,0.0,0.0,0.0
1953-03-19,,,0.0,0.0,0.0
1953-03-20,,,3.0,0.0,0.0
1953-03-21,,,0.0,0.0,0.0
1953-03-22,,,102.0,0.0,0.0
1953-03-23,,,20.0,0.0,0.0
1953-03-24,,,8.0,0.0,0.0
1953-03-25,,,3.0,0.0,0.0
1953-03-26,,,0.0,0.0,0.0
1953-03-27,,,0.0,0.0,0.0
1953-03-28,,,0.0,0.0,0.0
1953-03-29,,,0.0,0.0,0.0
1953-03-30,,,264.0,0.0,0.0
1953-03-31,,,53.0,0.0,0.0
1953-04-01,,,8.0,0.0,0.0
1953-04-02,,,0.0,0.0,0.0
1953-04-03,,,18.0,0.0,0.0
1953-04-04,,,0.0,0.0,0.0
1953-04-05,,,0.0,0.0,0.0
1953-04-06,,,0.0,0.0,0.0
1953-04-07,,,0.0,0.0,0.0
1953-04-08,,,13.0,0.0,0.0
1953-04-09,,,20.0,0.0,0.0
1953-04-10,,,0.0,0.0,0.0
1953-04-11,,,0.0,0.0,0.0
1953-04-12,,,0.0,0.0,0.0
1953-04-13,,,0.0,0.0,0.0
1953-04-14,,,0.0,0.0,0.0
1953-04-15,,,102.0,0.0,0.0
1953-04-16,,,20.0,0.0,0.0
1953-04-17,,,0.0,0.0,0.0
1953-04-18,,,3.0,0.0,0.0
1953-04-19,,,0.0,0.0,0.0
1953-04-20,,,0.0,0.0,0.0
1953-04-21,,,0.0,0.0,0.0
1953-04-22,,,0.0,0.0,0.0
1953-04-23,,,0.0,0.0,0.0
1953-04-24,,,91.0,0.0,0.0
1953-04-25,,,97.0,0.0,0.0
1953-04-26,,,10.0,0.0,0.0
1953-04-27,,,0.0,0.0,0.0
1953-04-28,,,3.0,0.0,0.0
1953-04-29,,,0.0,0.0,0.0
1953-04-30,,,66.0,0.0,0.0
1953-05-01,,,20.0,0.0,0.0
1953-05-02,,,0.0,0.0,0.0
1953-05-03,,,0.0,0.0,0.0
1953-05-04,,,0.0,0.0,0.0
1953-05-05,,,58.0,0.0,0.0
1953-05-06,,,0.0,0.0,0.0
1953-05-07,,,0.0,0.0,0.0
1953-05-08,,,0.0,0.0,0.0
1953-05-09,,,0.0,0.0,0.0
1953-05-10,,,0.0,0.0,0.0
1953-05-11,,,0.0,0.0,0.0
1953-05-12,,,0.0,0.0,0.0
1953-05-13,,,0.0,0.0,0.0
1953-05-14,,,0.0,0.0,0.0
1953-05-15,,,0.0,0.0,0.0
1953-05-16,,,234.0,0.0,0.0
1953-05-17,,,18.0,0.0,0.0
1953-05-18,,,13.0,0.0,0.0
1953-05-19,,,0.0,0.0,0.0
1953-05-20,,,0.0,0.0,0.0
1953-05-21,,,13.0,0.0,0.0
1953-05-22,,,246.0,0.0,0.0
1953-05-23,,,0.0,0.0,0.0
1953-05-24,,,218.0,0.0,0.0
1953-05-25,,,0.0,0.0,0.0
1953-05-26,,,0.0,0.0,0.0
1953-05-27,,,0.0,0.0,0.0
1953-05-28,,,0.0,0.0,0.0
1953-05-29,,,0.0,0.0,0.0
1953-05-30,,,0.0,0.0,0.0
1953-05-31,,,0.0,0.0,0.0
1953-06-01,,,0.0,0.0,0.0
1953-06-02,,,0.0,0.0,0.0
1953-06-03,,,0.0,0.0,0.0
1953-06-04,,,0.0,0.0,0.0
1953-06-05,,,358.0,0.0,0.0
1953-06-06,,,0.0,0.0,0.0
1953-06-07,,,5.0,0.0,0.0
1953-06-08,,,127.0,0.0,0.0
1953-06-09,,,0.0,0.0,0.0
1953-06-10,,,122.0,0.0,0.0
1953-06-11,,,5.0,0.0,0.0
1953-06-12,,,0.0,0.0,0.0
1953-06-13,,,203.0,0.0,0.0
1953-06-14,,,0.0,0.0,0.0
1953-06-15,,,0.0,0.0,0.0
1953-06-16,,,0.0,0.0,0.0
1953-06-17,,,0.0,0.0,0.0
1953-06-18,,,0.0,0.0,0.0
1953-06-19,,,0.0,0.0,0.0
1953-06-20,,,0.0,0.0,0.0
1953-06-21,,,0.0,0.0,0.0
1953-06-22,,,0.0,0.0,0.0
1953-06-23,,,0.0,0.0,0.0
1953-06-24,,,0.0,0.0,0.0
1953-06-25,,,0.0,0.0,0.0
1953-06-26,,,0.0,0.0,0.0
1953-06-27,,,0.0,0.0,0.0
1953-06-28,,,48.0,0.0,0.0
1953-06-29,,,0.0,0.0,0.0
1953-06-30,,,0.0,0.0,0.0
1953-07-01,,,0.0,0.0,0.0
1953-07-02,,,,0.0,0.0
1953-07-03,,,0.0,0.0,0.0
1953-07-04,,,0.0,0.0,0.0
1953-07-05,,,38.0,0.0,0.0
1953-07-06,,,432.0,0.0,0.0
1953-07-07,,,0.0,0.0,0.0
1953-07-08,,,51.0,0.0,0.0
1953-07-09,,,0.0,0.0,0.0
1953-07-10,,,0.0,0.0,0.0
1953-07-11,,,0.0,0.0,0.0
1953-07-12,,,0.0,0.0,0.0
1953-07-13,,,0.0,0.0,0.0
1953-07-14,,,0.0,0.0,0.0
1953-07-15,,,0.0,0.0,0.0
1953-07-16,,,0.0,0.0,0.0
1953-07-17,,,71.0,0.0,0.0
1953-07-18,,,0.0,0.0,0.0
1953-07-19,,,15.0,0.0,0.0
1953-07-20,,,13.0,0.0,0.0
1953-07-21,,,61.0,0.0,0.0
1953-07-22,,,0.0,0.0,0.0
1953-07-23,,,0.0,0.0,0.0
1953-07-24,,,0.0,0.0,0.0
1953-07-25,,,0.0,0.0,0.0
1953-07-26,,,0.0,0.0,0.0
1953-07-27,,,0.0,0.0,0.0
1953-07-28,,,0.0,0.0,0.0
1953-07-29,,,,0.0,0.0
1953-07-30,,,,0.0,0.0
1953-07-31,,,0.0,0.0,0.0
1953-08-01,,,3.0,0.0,0.0
1953-08-02,,,0.0,0.0,0.0
1953-08-03,,,0.0,0.0,0.0
1953-08-04,,,13.0,0.0,0.0
1953-08-05,,,0.0,0.0,0.0
1953-08-06,,,0.0,0.0,0.0
1953-08-07,,,140.0,0.0,0.0
1953-08-08,,,41.0,0.0,0.0
1953-08-09,,,0.0,0.0,0.0
1953-08-10,,,0.0,0.0,0.0
1953-08-11,,,0.0,0.0,0.0
1953-08-12,,,28.0,0.0,0.0
1953-08-13,,,0.0,0.0,0.0
1953-08-14,,,0.0,0.0,0.0
1953-08-15,,,0.0,0.0,0.0
1953-08-16,,,0.0,0.0,0.0
1953-08-17,,,0.0,0.0,0.0
1953-08-18,,,0.0,0.0,0.0
1953-08-19,,,0.0,0.0,0.0
1953-08-20,,,0.0,0.0,0.0
1953-08-21,,,0.0,0.0,0.0
1953-08-22,,,0.0,0.0,0.0
1953-08-23,,,0.0,0.0,0.0
1953-08-24,,,0.0,0.0,0.0
1953-08-25,,,0.0,0.0,0.0
1953-08-26,,,0.0,0.0,0.0
1953-08-27,,,0.0,0.0,0.0
1953-08-28,,,0.0,0.0,0.0
1953-08-29,,,0.0,0.0,0.0
1953-08-30,,,0.0,0.0,0.0
1953-08-31,,,0.0,0.0,0.0
1953-09-01,,,0.0,0.0,0.0
1953-09-02,,,0.0,0.0,0.0
1953-09-03,,,33.0,0.0,0.0
1953-09-04,,,305.0,0.0,0.0
1953-09-05,,,0.0,0.0,0.0
1953-09-06,,,25.0,0.0,0.0
1953-09-07,,,5.0,0.0,0.0
1953-09-08,,,0.0,0.0,0.0
1953-09-09,,,46.0,0.0,0.0
1953-09-10,,,0.0,0.0,0.0
1953-09-11,,,0.0,0.0,0.0
1953-09-12,,,0.0,0.0,0.0
1953-09-13,,,0.0,0.0,0.0
1953-09-14,,,84.0,0.0,0.0
1953-09-15,,,0.0,0.0,0.0
1953-09-16,,,0.0,0.0,0.0
1953-09-17,,,0.0,0.0,0.0
1953-09-18,,,0.0,0.0,0.0
1953-09-19,,,124.0,0.0,0.0
1953-09-20,,,0.0,0.0,0.0
1953-09-21,,,0.0,0.0,0.0
1953-09-22,,,0.0,0.0,0.0
1953-09-23,,,0.0,0.0,0.0
1953-09-24,,,0.0,0.0,0.0
1953-09-25,,,0.0,0.0,0.0
1953-09-26,,,30.0,0.0,0.0
1953-09-27,,,0.0,0.0,0.0
1953-09-28,,,0.0,0.0,0.0
1953-09-29,,,0.0,0.0,0.0
1953-09-30,,,0.0,0.0,0.0
1953-10-01,,,0.0,0.0,0.0
1953-10-02,,,0.0,0.0,0.0
1953-10-03,,,64.0,0.0,0.0
1953-10-04,,,13.0,0.0,0.0
1953-10-05,,,0.0,0.0,0.0
1953-10-06,,,0.0,0.0,0.0
1953-10-07,,,0.0,0.0,0.0
1953-10-08,,,0.0,0.0,0.0
1953-10-09,,,0.0,0.0,0.0
1953-10-10,,,0.0,0.0,0.0
1953-10-11,,,0.0,0.0,0.0
1953-10-12,,,0.0,0.0,0.0
1953-10-13,,,0.0,0.0,0.0
1953-10-14,,,0.0,0.0,0.0
1953-10-15,,,0.0,0.0,0.0
1953-10-16,,,0.0,0.0,0.0
1953-10-17,,,0.0,0.0,0.0
1953-10-18,,,0.0,0.0,0.0
1953-10-19,,,0.0,0.0,0.0
1953-10-20,,,0.0,0.0,0.0
1953-10-21,,,0.0,0.0,0.0
1953-10-22,,,0.0,0.0,0.0
1953-10-23,,,0.0,0.0,0.0
1953-10-24,,,0.0,0.0,0.0
1953-10-25,,,0.0,0.0,0.0
1953-10-26,,,58.0,0.0,0.0
1953-10-27,,,30.0,0.0,0.0
1953-10-28,,,0.0,0.0,0.0
1953-10-29,,,0.0,0.0,0.0
1953-10-30,,,0.0,0.0,0.0
1953-10-31,,,0.0,0.0,0.0
1953-11-01,,,0.0,0.0,0.0
1953-11-02,,,0.0,0.0,0.0
1953-11-03,,,0.0,0.0,0.0
1953-11-04,,,0.0,0.0,0.0
1953-11-05,,,0.0,0.0,0.0
1953-11-06,,,0.0,0.0,0.0
1953-11-07,,,0.0,0.0,0.0
1953-11-08,,,0.0,0.0,0.0
1953-11-09,,,0.0,0.0,0.0
1953-11-10,,,0.0,0.0,0.0
1953-11-11,,,0.0,0.0,0.0
1953-11-12,,,0.0,0.0,0.0
1953-11-13,,,0.0,0.0,0.0
1953-11-14,,,0.0,0.0,0.0
1953-11-15,,,0.0,0.0,0.0
1953-11-16,,,0.0,0.0,0.0
1953-11-17,,,0.0,0.0,0.0
1953-11-18,,,0.0,0.0,0.0
1953-11-19,,,0.0,0.0,0.0
1953-11-20,,,66.0,0.0,0.0
1953-11-21,,,0.0,0.0,0.0
1953-11-22,,,0.0,0.0,0.0
1953-11-23,,,0.0,0.0,0.0
1953-11-24,,,0.0,0.0,0.0
1953-11-25,,,25.0,25.0,
1953-11-26,,,38.0,51.0,
1953-11-27,,,0.0,,0.0
1953-11-28,,,0.0,,0.0
1953-11-29,,,25.0,0.0,
1953-11-30,,,0.0,0.0,0.0
1953-12-01,,,0.0,0.0,0.0
1953-12-02,,,142.0,0.0,0.0
1953-12-03,,,86.0,0.0,0.0
1953-12-04,,,8.0,0.0,0.0
1953-12-05,,,10.0,0.0,0.0
1953-12-06,,,36.0,0.0,0.0
1953-12-07,,,0.0,0.0,0.0
1953-12-08,,,0.0,0.0,0.0
1953-12-09,,,109.0,25.0,25.0
1953-12-10,,,48.0,76.0,51.0
1953-12-11,,,0.0,,0.0
1953-12-12,,,0.0,,0.0
1953-12-13,,,0.0,,0.0
1953-12-14,,,0.0,0.0,0.0
1953-12-15,,,5.0,25.0,25.0
1953-12-16,,,0.0,,0.0
1953-12-17,,,0.0,,0.0
1953-12-18,,,0.0,,0.0
1953-12-19,,,0.0,,0.0
1953-12-20,,,0.0,,0.0
1953-12-21,,,5.0,,0.0
1953-12-22,,,8.0,76.0,76.0
1953-12-23,,,0.0,,0.0
1953-12-24,,,0.0,,0.0
1953-12-25,,,0.0,,0.0
1953-12-26,,,0.0,,0.0
1953-12-27,,,0.0,,0.0
1953-12-28,,,0.0,,0.0
1953-12-29,,,0.0,,0.0
1953-12-30,,,0.0,,0.0
1953-12-31,,,0.0,,0.0
1954-01-01,,,0.0,0.0,0.0
1954-01-02,,,0.0,0.0,0.0
1954-01-03,,,0.0,0.0,0.0
1954-01-04,,,0.0,0.0,0.0
1954-01-05,,,0.0,0.0,0.0
1954-01-06,,,0.0,0.0,0.0
1954-01-07,,,0.0,0.0,0.0
1954-01-08,,,0.0,0.0,0.0
1954-01-09,,,0.0,0.0,0.0
1954-01-10,,,0.0,0.0,0.0
1954-01-11,,,0.0,0.0,0.0
1954-01-12,,,0.0,0.0,0.0
1954-01-13,,,0.0,0.0,0.0
1954-01-14,,,0.0,0.0,0.0
1954-01-15,,,0.0,0.0,0.0
1954-01-16,,,0.0,0.0,0.0
1954-01-17,,,0.0,0.0,0.0
1954-01-18,,,0.0,0.0,0.0
1954-01-19,,,0.0,0.0,0.0
1954-01-20,,,124.0,0.0,0.0
1954-01-21,,,0.0,0.0,0.0
1954-01-22,,,0.0,0.0,0.0
1954-01-23,,,0.0,0.0,0.0
1954-01-24,,,0.0,0.0,0.0
1954-01-25,,,0.0,0.0,0.0
1954-01-26,,,5.0,0.0,0.0
1954-01-27,,,69.0,25.0,
1954-01-28,,,0.0,25.0,0.0
1954-01-29,,,0.0,0.0,0.0
1954-01-30,,,0.0,0.0,0.0
1954-01-31,,,0.0,0.0,0.0
1954-02-01,,,0.0,0.0,0.0
1954-02-02,,,0.0,0.0,0.0
1954-02-03,,,5.0,0.0,0.0
1954-02-04,,,0.0,0.0,0.0
1954-02-05,,,0.0,0.0,0.0
1954-02-06,,,0.0,0.0,0.0
1954-02-07,,,0.0,0.0,0.0
1954-02-08,,,0.0,0.0,0.0
1954-02-09,,,0.0,0.0,0.0
1954-02-10,,,0.0,0.0,0.0
1954-02-11,,,0.0,0.0,0.0
1954-02-12,,,0.0,0.0,0.0
1954-02-13,,,0.0,0.0,0.0
1954-02-14,,,0.0,0.0,0.0
1954-02-15,,,0.0,0.0,0.0
1954-02-16,,,295.0,0.0,
1954-02-17,,,0.0,0.0,0.0
1954-02-18,,,0.0,0.0,0.0
1954-02-19,,,0.0,0.0,0.0
1954-02-20,,,0.0,0.0,0.0
1954-02-21,,,3.0,0.0,0.0
1954-02-22,,,0.0,0.0,0.0
1954-02-23,,,0.0,0.0,0.0
1954-02-24,,,0.0,0.0,0.0
1954-02-25,,,53.0,152.0,152.0
1954-02-26,,,0.0,102.0,0.0
1954-02-27,,,76.0,76.0,
1954-02-28,,,0.0,,0.0
1954-03-01,,,0.0,,0.0
1954-03-02,,,66.0,51.0,51.0
1954-03-03,,,0.0,51.0,0.0
1954-03-04,,,0.0,25.0,0.0
1954-03-05,,,0.0,,0.0
1954-03-06,,,0.0,0.0,0.0
1954-03-07,,,0.0,0.0,0.0
1954-03-08,,,0.0,0.0,0.0
1954-03-09,,,0.0,0.0,0.0
1954-03-10,,,0.0,0.0,0.0
1954-03-11,,,86.0,0.0,0.0
1954-03-12,,,0.0,0.0,0.0
1954-03-13,,,15.0,0.0,0.0
1954-03-14,,,0.0,0.0,0.0
1954-03-15,,,0.0,0.0,0.0
1954-03-16,,,0.0,0.0,0.0
1954-03-17,,,0.0,0.0,0.0
1954-03-18,,,0.0,0.0,0.0
1954-03-19,,,38.0,0.0,0.0
1954-03-20,,,0.0,0.0,0.0
1954-03-21,,,0.0,0.0,0.0
1954-03-22,,,8.0,0.0,8.0
1954-03-23,,,0.0,0.0,0.0
1954-03-24,,,348.0,0.0,0.0
1954-03-25,,,259.0,0.0,0.0
1954-03-26,,,0.0,0.0,0.0
1954-03-27,,,0.0,0.0,0.0
1954-03-28,,,10.0,0.0,0.0
1954-03-29,,,89.0,76.0,76.0
1954-03-30,,,0.0,,0.0
1954-03-31,,,0.0,,0.0
1954-04-01,,,0.0,0.0,0.0
1954-04-02,,,0.0,0.0,0.0
1954-04-03,,,0.0,0.0,0.0
1954-04-04,,,0.0,0.0,0.0
1954-04-05,,,0.0,0.0,0.0
1954-04-06,,,264.0,0.0,0.0
1954-04-07,,,10.0,0.0,0.0
1954-04-08,,,0.0,0.0,0.0
1954-04-09,,,0.0,0.0,0.0
1954-04-10,,,94.0,0.0,0.0
1954-04-11,,,0.0,0.0,0.0
1954-04-12,,,0.0,0.0,0.0
1954-04-13,,,0.0,0.0,0.0
1954-04-14,,,0.0,0.0,0.0
1954-04-15,,,193.0,0.0,0.0
1954-04-16,,,0.0,0.0,0.0
1954-04-17,,,0.0,0.0,0.0
1954-04-18,,,0.0,0.0,0.0
1954-04-19,,,86.0,0.0,0.0
1954-04-20,,,493.0,0.0,0.0
1954-04-21,,,56.0,0.0,0.0
1954-04-22,,,0.0,0.0,0.0
1954-04-23,,,0.0,0.0,0.0
1954-04-24,,,0.0,0.0,0.0
1954-04-25,,,46.0,0.0,0.0
1954-04-26,,,0.0,0.0,0.0
1954-04-27,,,25.0,0.0,0.0
1954-04-28,,,0.0,0.0,0.0
1954-04-29,,,0.0,0.0,0.0
1954-04-30,,,0.0,0.0,0.0
1954-05-01,,,25.0,0.0,0.0
1954-05-02,,,64.0,0.0,0.0
1954-05-03,,,0.0,0.0,0.0
1954-05-04,,,0.0,0.0,0.0
1954-05-05,,,0.0,0.0,0.0
1954-05-06,,,0.0,0.0,0.0
1954-05-07,,,0.0,0.0,0.0
1954-05-08,,,8.0,0.0,0.0
1954-05-09,,,0.0,0.0,0.0
1954-05-10,,,0.0,0.0,0.0
1954-05-11,,,0.0,0.0,0.0
1954-05-12,,,0.0,0.0,0.0
1954-05-13,,,0.0,0.0,0.0
1954-05-14,,,0.0,0.0,0.0
1954-05-15,,,0.0,0.0,0.0
1954-05-16,,,0.0,0.0,0.0
1954-05-17,,,0.0,0.0,0.0
1954-05-18,,,0.0,0.0,0.0
1954-05-19,,,0.0,0.0,0.0
1954-05-20,,,0.0,0.0,0.0
1954-05-21,,,0.0,0.0,0.0
1954-05-22,,,0.0,0.0,0.0
1954-05-23,,,0.0,0.0,0.0
1954-05-24,,,0.0,0.0,0.0
1954-05-25,,,0.0,0.0,0.0
1954-05-26,,,0.0,0.0,0.0
1954-05-27,,,155.0,0.0,0.0
1954-05-28,,,36.0,0.0,0.0
1954-05-29,,,5.0,0.0,0.0
1954-05-30,,,0.0,0.0,0.0
1954-05-31,,,178.0,0.0,0.0
1954-06-01,,,363.0,0.0,0.0
1954-06-02,,,5.0,0.0,0.0
1954-06-03,,,267.0,0.0,0.0
1954-06-04,,,5.0,0.0,0.0
1954-06-05,,,0.0,0.0,0.0
1954-06-06,,,0.0,0.0,0.0
1954-06-07,,,0.0,0.0,0.0
1954-06-08,,,0.0,0.0,0.0
1954-06-09,,,0.0,0.0,0.0
1954-06-10,,,0.0,0.0,0.0
1954-06-11,,,0.0,0.0,0.0
1954-06-12,,,0.0,0.0,0.0
1954-06-13,,,0.0,0.0,0.0
1954-06-14,,,53.0,0.0,0.0
1954-06-15,,,0.0,0.0,0.0
1954-06-16,,,28.0,0.0,0.0
1954-06-17,,,0.0,0.0,0.0
1954-06-18,,,0.0,0.0,0.0
1954-06-19,,,0.0,0.0,0.0
1954-06-20,,,0.0,0.0,0.0
1954-06-21,,,28.0,0.0,0.0
1954-06-22,,,0.0,0.0,0.0
1954-06-23,,,0.0,0.0,0.0
1954-06-24,,,0.0,0.0,0.0
1954-06-25,,,0.0,0.0,0.0
1954-06-26,,,0.0,0.0,0.0
1954-06-27,,,0.0,0.0,0.0
1954-06-28,,,0.0,0.0,0.0
1954-06-29,,,8.0,0.0,0.0
1954-06-30,,,132.0,0.0,0.0
1954-07-01,,,0.0,0.0,0.0
1954-07-02,,,43.0,0.0,0.0
1954-07-03,,,86.0,0.0,0.0
1954-07-04,,,0.0,0.0,0.0
1954-07-05,,,0.0,0.0,0.0
1954-07-06,,,0.0,0.0,0.0
1954-07-07,,,135.0,0.0,0.0
1954-07-08,,,0.0,0.0,0.0
1954-07-09,,,0.0,0.0,0.0
1954-07-10,,,0.0,0.0,0.0
1954-07-11,,,0.0,0.0,0.0
1954-07-12,,,0.0,0.0,0.0
1954-07-13,,,0.0,0.0,0.0
1954-07-14,,,0.0,0.0,0.0
1954-07-15,,,0.0,0.0,0.0
1954-07-16,,,0.0,0.0,0.0
1954-07-17,,,0.0,0.0,0.0
1954-07-18,,,13.0,0.0,0.0
1954-07-19,,,0.0,0.0,0.0
1954-07-20,,,0.0,0.0,0.0
1954-07-21,,,307.0,0.0,0.0
1954-07-22,,,0.0,0.0,0.0
1954-07-23,,,0.0,0.0,0.0
1954-07-24,,,0.0,0.0,0.0
1954-07-25,,,0.0,0.0,0.0
1954-07-26,,,0.0,0.0,0.0
1954-07-27,,,0.0,0.0,0.0
1954-07-28,,,3.0,0.0,0.0
1954-07-29,,,13.0,0.0,0.0
1954-07-30,,,0.0,0.0,0.0
1954-07-31,,,0.0,0.0,0.0
1954-08-01,,,0.0,0.0,0.0
1954-08-02,,,13.0,0.0,0.0
1954-08-03,,,0.0,0.0,0.0
1954-08-04,,,76.0,0.0,0.0
1954-08-05,,,203.0,0.0,0.0
1954-08-06,,,0.0,0.0,0.0
1954-08-07,,,0.0,0.0,0.0
1954-08-08,,,58.0,0.0,0.0
1954-08-09,,,64.0,0.0,0.0
1954-08-10,,,48.0,0.0,0.0
1954-08-11,,,0.0,0.0,0.0
1954-08-12,,,0.0,0.0,0.0
1954-08-13,,,0.0,0.0,0.0
1954-08-14,,,3.0,0.0,0.0
1954-08-15,,,3.0,0.0,0.0
1954-08-16,,,46.0,0.0,0.0
1954-08-17,,,122.0,0.0,0.0
1954-08-18,,,127.0,0.0,0.0
1954-08-19,,,8.0,0.0,0.0
1954-08-20,,,0.0,0.0,0.0
1954-08-21,,,0.0,0.0,0.0
1954-08-22,,,0.0,0.0,0.0
1954-08-23,,,0.0,0.0,0.0
1954-08-24,,,216.0,0.0,0.0
1954-08-25,,,338.0,0.0,0.0
1954-08-26,,,307.0,0.0,0.0
1954-08-27,,,15.0,0.0,0.0
1954-08-28,,,0.0,0.0,0.0
1954-08-29,,,0.0,0.0,0.0
1954-08-30,,,0.0,0.0,0.0
1954-08-31,,,0.0,0.0,0.0
1954-09-01,,,0.0,0.0,0.0
1954-09-02,,,0.0,0.0,0.0
1954-09-03,,,0.0,0.0,0.0
1954-09-04,,,0.0,0.0,0.0
1954-09-05,,,0.0,0.0,0.0
1954-09-06,,,0.0,0.0,0.0
1954-09-07,,,0.0,0.0,0.0
1954-09-08,,,0.0,0.0,0.0
1954-09-09,,,97.0,0.0,0.0
1954-09-10,,,0.0,0.0,0.0
1954-09-11,,,0.0,0.0,0.0
1954-09-12,,,0.0,0.0,0.0
1954-09-13,,,0.0,0.0,0.0
1954-09-14,,,0.0,0.0,0.0
1954-09-15,,,0.0,0.0,0.0
1954-09-16,,,0.0,0.0,0.0
1954-09-17,,,0.0,0.0,0.0
1954-09-18,,,0.0,0.0,0.0
1954-09-19,,,0.0,0.0,0.0
1954-09-20,,,0.0,0.0,0.0
1954-09-21,,,0.0,0.0,0.0
1954-09-22,,,0.0,0.0,0.0
1954-09-23,,,0.0,0.0,0.0
1954-09-24,,,0.0,0.0,0.0
1954-09-25,,,0.0,0.0,0.0
1954-09-26,,,0.0,0.0,0.0
1954-09-27,,,0.0,0.0,0.0
1954-09-28,,,86.0,0.0,0.0
1954-09-29,,,254.0,0.0,0.0
1954-09-30,,,38.0,0.0,0.0
1954-10-01,,,0.0,0.0,0.0
1954-10-02,,,0.0,0.0,0.0
1954-10-03,,,0.0,0.0,0.0
1954-10-04,,,48.0,0.0,0.0
1954-10-05,,,442.0,0.0,0.0
1954-10-06,,,0.0,0.0,0.0
1954-10-07,,,0.0,0.0,0.0
1954-10-08,,,10.0,0.0,0.0
1954-10-09,,,0.0,0.0,0.0
1954-10-10,,,737.0,0.0,0.0
1954-10-11,,,373.0,0.0,0.0
1954-10-12,,,0.0,0.0,0.0
1954-10-13,,,0.0,0.0,0.0
1954-10-14,,,64.0,0.0,0.0
1954-10-15,,,15.0,0.0,0.0
1954-10-16,,,0.0,0.0,0.0
1954-10-17,,,0.0,0.0,0.0
1954-10-18,,,0.0,0.0,0.0
1954-10-19,,,0.0,0.0,0.0
1954-10-20,,,0.0,0.0,0.0
1954-10-21,,,0.0,0.0,0.0
1954-10-22,,,0.0,0.0,0.0
1954-10-23,,,0.0,0.0,0.0
1954-10-24,,,0.0,0.0,0.0
1954-10-25,,,0.0,0.0,0.0
1954-10-26,,,15.0,0.0,0.0
1954-10-27,,,0.0,0.0,0.0
1954-10-28,,,0.0,0.0,0.0
1954-10-29,,,3.0,0.0,0.0
1954-10-30,,,0.0,0.0,0.0
1954-10-31,,,0.0,0.0,0.0
1954-11-01,,,23.0,25.0,25.0
1954-11-02,,,5.0,0.0,0.0
1954-11-03,,,0.0,0.0,0.0
1954-11-04,,,0.0,0.0,0.0
1954-11-05,,,0.0,0.0,0.0
1954-11-06,,,0.0,0.0,0.0
1954-11-07,,,0.0,0.0,0.0
1954-11-08,,,0.0,0.0,0.0
1954-11-09,,,0.0,0.0,0.0
1954-11-10,,,0.0,0.0,0.0
1954-11-11,,,0.0,0.0,0.0
1954-11-12,,,0.0,0.0,0.0
1954-11-13,,,0.0,0.0,0.0
1954-11-14,,,0.0,0.0,0.0
1954-11-15,,,0.0,0.0,0.0
1954-11-16,,,0.0,0.0,0.0
1954-11-17,,,0.0,0.0,0.0
1954-11-18,,,343.0,0.0,0.0
1954-11-19,,,124.0,0.0,0.0
1954-11-20,,,0.0,0.0,0.0
1954-11-21,,,56.0,0.0,0.0
1954-11-22,,,5.0,0.0,0.0
1954-11-23,,,33.0,0.0,0.0
1954-11-24,,,38.0,0.0,0.0
1954-11-25,,,18.0,0.0,0.0
1954-11-26,,,30.0,0.0,0.0
1954-11-27,,,0.0,0.0,0.0
1954-11-28,,,0.0,0.0,0.0
1954-11-29,,,0.0,0.0,0.0
1954-11-30,,,0.0,0.0,0.0
1954-12-01,,,15.0,0.0,0.0
1954-12-02,,,0.0,0.0,0.0
1954-12-03,,,0.0,0.0,0.0
1954-12-04,,,0.0,0.0,0.0
1954-12-05,,,0.0,0.0,0.0
1954-12-06,,,0.0,0.0,0.0
1954-12-07,,,0.0,0.0,0.0
1954-12-08,,,0.0,0.0,0.0
1954-12-09,,,23.0,76.0,76.0
1954-12-10,,,0.0,51.0,0.0
1954-12-11,,,0.0,0.0,0.0
1954-12-12,,,0.0,0.0,0.0
1954-12-13,,,0.0,0.0,0.0
1954-12-14,,,0.0,0.0,0.0
1954-12-15,,,33.0,51.0,66.0
1954-12-16,,,0.0,25.0,0.0
1954-12-17,,,15.0,25.0,0.0
1954-12-18,,,20.0,25.0,0.0
1954-12-19,,,0.0,0.0,0.0
1954-12-20,,,0.0,0.0,0.0
1954-12-21,,,0.0,0.0,0.0
1954-12-22,,,0.0,0.0,0.0
1954-12-23,,,0.0,0.0,0.0
1954-12-24,,,0.0,0.0,0.0
1954-12-25,,,0.0,0.0,0.0
1954-12-26,,,112.0,0.0,0.0
1954-12-27,,,119.0,0.0,0.0
1954-12-28,,,25.0,0.0,0.0
1954-12-29,,,97.0,178.0,188.0
1954-12-30,,,0.0,178.0,0.0
1954-12-31,,,0.0,152.0,0.0
1955-01-01,,,0.0,102.0,0.0
1955-01-02,,,0.0,76.0,0.0
1955-01-03,,,20.0,0.0,0.0
1955-01-04,,,0.0,0.0,0.0
1955-01-05,,,287.0,0.0,0.0
1955-01-06,,,0.0,0.0,0.0
1955-01-07,,,0.0,0.0,0.0
1955-01-08,,,0.0,0.0,0.0
1955-01-09,,,0.0,0.0,0.0
1955-01-10,,,0.0,0.0,0.0
1955-01-11,,,0.0,0.0,0.0
1955-01-12,,,0.0,0.0,0.0
1955-01-13,,,0.0,0.0,0.0
1955-01-14,,,0.0,0.0,0.0
1955-01-15,,,0.0,0.0,0.0
1955-01-16,,,0.0,0.0,0.0
1955-01-17,,,0.0,0.0,0.0
1955-01-18,,,0.0,0.0,0.0
1955-01-19,,,10.0,0.0,13.0
1955-01-20,,,0.0,0.0,0.0
1955-01-21,,,5.0,0.0,0.0
1955-01-22,,,0.0,0.0,0.0
1955-01-23,,,0.0,0.0,0.0
1955-01-24,,,13.0,25.0,25.0
1955-01-25,,,0.0,25.0,0.0
1955-01-26,,,0.0,25.0,0.0
1955-01-27,,,0.0,25.0,0.0
1955-01-28,,,25.0,76.0,38.0
1955-01-29,,,0.0,76.0,0.0
1955-01-30,,,0.0,76.0,0.0
1955-01-31,,,0.0,76.0,0.0
1955-02-01,,,0.0,76.0,0.0
1955-02-02,,,0.0,51.0,0.0
1955-02-03,,,0.0,51.0,0.0
1955-02-04,,,0.0,51.0,0.0
1955-02-05,,,25.0,76.0,
1955-02-06,,,0.0,76.0,0.0
1955-02-07,,,0.0,51.0,0.0
1955-02-08,,,0.0,51.0,0.0
1955-02-09,,,0.0,25.0,0.0
1955-02-10,,,61.0,127.0,102.0
1955-02-11,,,0.0,127.0,0.0
1955-02-12,,,0.0,127.0,0.0
1955-02-13,,,0.0,102.0,0.0
1955-02-14,,,0.0,76.0,0.0
1955-02-15,,,0.0,51.0,0.0
1955-02-16,,,5.0,25.0,0.0
1955-02-17,,,0.0,,0.0
1955-02-18,,,0.0,,0.0
1955-02-19,,,117.0,,0.0
1955-02-20,,,58.0,0.0,0.0
1955-02-21,,,0.0,0.0,0.0
1955-02-22,,,0.0,0.0,0.0
1955-02-23,,,0.0,0.0,0.0
1955-02-24,,,5.0,0.0,0.0
1955-02-25,,,0.0,0.0,0.0
1955-02-26,,,91.0,0.0,0.0
1955-02-27,,,185.0,0.0,0.0
1955-02-28,,,0.0,0.0,0.0
1955-03-01,,,0.0,0.0,0.0
1955-03-02,,,0.0,0.0,0.0
1955-03-03,,,20.0,0.0,0.0
1955-03-04,,,0.0,0.0,0.0
1955-03-05,,,0.0,0.0,0.0
1955-03-06,,,0.0,0.0,0.0
1955-03-07,,,0.0,0.0,5.0
1955-03-08,,,0.0,0.0,0.0
1955-03-09,,,0.0,0.0,0.0
1955-03-10,,,0.0,0.0,0.0
1955-03-11,,,0.0,0.0,0.0
1955-03-12,,,0.0,0.0,0.0
1955-03-13,,,0.0,0.0,0.0
1955-03-14,,,30.0,0.0,0.0
1955-03-15,,,56.0,0.0,0.0
1955-03-16,,,0.0,0.0,0.0
1955-03-17,,,0.0,0.0,0.0
1955-03-18,,,0.0,0.0,0.0
1955-03-19,,,0.0,0.0,0.0
1955-03-20,,,25.0,0.0,0.0
1955-03-21,,,38.0,0.0,0.0
1955-03-22,,,91.0,127.0,
1955-03-23,,,0.0,,0.0
1955-03-24,,,18.0,0.0,0.0
1955-03-25,,,10.0,0.0,0.0
1955-03-26,,,0.0,0.0,0.0
1955-03-27,,,0.0,0.0,0.0
1955-03-28,,,0.0,0.0,0.0
1955-03-29,,,0.0,0.0,0.0
1955-03-30,,,0.0,0.0,0.0
1955-03-31,,,0.0,0.0,0.0
1955-04-01,,,0.0,0.0,0.0
1955-04-02,,,0.0,0.0,0.0
1955-04-03,,,0.0,0.0,0.0
1955-04-04,,,43.0,0.0,0.0
1955-04-05,,,135.0,0.0,0.0
1955-04-06,,,0.0,0.0,0.0
1955-04-07,,,0.0,0.0,0.0
1955-04-08,,,0.0,0.0,0.0
1955-04-09,,,0.0,0.0,0.0
1955-04-10,,,0.0,0.0,0.0
1955-04-11,,,69.0,0.0,0.0
1955-04-12,,,0.0,0.0,0.0
1955-04-13,,,188.0,0.0,0.0
1955-04-14,,,0.0,0.0,0.0
1955-04-15,,,0.0,0.0,0.0
1955-04-16,,,0.0,0.0,0.0
1955-04-17,,,0.0,0.0,0.0
1955-04-18,,,20.0,0.0,0.0
1955-04-19,,,356.0,0.0,0.0
1955-04-20,,,102.0,0.0,0.0
1955-04-21,,,0.0,0.0,0.0
1955-04-22,,,0.0,0.0,0.0
1955-04-23,,,5.0,0.0,0.0
1955-04-24,,,457.0,0.0,0.0
1955-04-25,,,30.0,0.0,0.0
1955-04-26,,,0.0,0.0,0.0
1955-04-27,,,0.0,0.0,0.0
1955-04-28,,,0.0,0.0,0.0
1955-04-29,,,0.0,0.0,0.0
1955-04-30,,,0.0,0.0,0.0
1955-05-01,,,0.0,0.0,0.0
1955-05-02,,,0.0,0.0,0.0
1955-05-03,,,0.0,0.0,0.0
1955-05-04,,,0.0,0.0,0.0
1955-05-05,,,0.0,0.0,0.0
1955-05-06,,,0.0,0.0,0.0
1955-05-07,,,0.0,0.0,0.0
1955-05-08,,,0.0,0.0,0.0
1955-05-09,,,147.0,0.0,0.0
1955-05-10,,,25.0,0.0,0.0
1955-05-11,,,0.0,0.0,0.0
1955-05-12,,,0.0,0.0,0.0
1955-05-13,,,48.0,0.0,0.0
1955-05-14,,,0.0,0.0,0.0
1955-05-15,,,0.0,0.0,0.0
1955-05-16,,,0.0,0.0,0.0
1955-05-17,,,0.0,0.0,0.0
1955-05-18,,,0.0,0.0,0.0
1955-05-19,,,0.0,0.0,0.0
1955-05-20,,,0.0,0.0,0.0
1955-05-21,,,0.0,0.0,0.0
1955-05-22,,,127.0,0.0,0.0
1955-05-23,,,0.0,0.0,0.0
1955-05-24,,,0.0,0.0,0.0
1955-05-25,,,0.0,0.0,0.0
1955-05-26,,,89.0,0.0,0.0
1955-05-27,,,8.0,0.0,0.0
1955-05-28,,,251.0,0.0,0.0
1955-05-29,,,0.0,0.0,0.0
1955-05-30,,,0.0,0.0,0.0
1955-05-31,,,0.0,0.0,0.0
1955-06-01,,,0.0,0.0,0.0
1955-06-02,,,163.0,0.0,0.0
1955-06-03,,,0.0,0.0,0.0
1955-06-04,,,94.0,0.0,0.0
1955-06-05,,,79.0,0.0,0.0
1955-06-06,,,193.0,0.0,0.0
1955-06-07,,,135.0,0.0,0.0
1955-06-08,,,127.0,0.0,0.0
1955-06-09,,,0.0,0.0,0.0
1955-06-10,,,0.0,0.0,0.0
1955-06-11,,,381.0,0.0,0.0
1955-06-12,,,0.0,0.0,0.0
1955-06-13,,,0.0,0.0,0.0
1955-06-14,,,0.0,0.0,0.0
1955-06-15,,,0.0,0.0,0.0
1955-06-16,,,0.0,0.0,0.0
1955-06-17,,,0.0,0.0,0.0
1955-06-18,,,0.0,0.0,0.0
1955-06-19,,,0.0,0.0,0.0
1955-06-20,,,0.0,0.0,0.0
1955-06-21,,,0.0,0.0,0.0
1955-06-22,,,0.0,0.0,0.0
1955-06-23,,,0.0,0.0,0.0
1955-06-24,,,0.0,0.0,0.0
1955-06-25,,,0.0,0.0,0.0
1955-06-26,,,0.0,0.0,0.0
1955-06-27,,,0.0,0.0,0.0
1955-06-28,,,0.0,0.0,0.0
1955-06-29,,,25.0,0.0,0.0
1955-06-30,,,0.0,0.0,0.0
1955-07-01,,,0.0,0.0,0.0
1955-07-02,,,0.0,0.0,0.0
1955-07-03,,,0.0,0.0,0.0
1955-07-04,,,0.0,0.0,0.0
1955-07-05,,,0.0,0.0,0.0
1955-07-06,,,0.0,0.0,0.0
1955-07-07,,,0.0,0.0,0.0
1955-07-08,,,0.0,0.0,0.0
1955-07-09,,,0.0,0.0,0.0
1955-07-10,,,0.0,0.0,0.0
1955-07-11,,,0.0,0.0,0.0
1955-07-12,,,0.0,0.0,0.0
1955-07-13,,,0.0,0.0,0.0
1955-07-14,,,0.0,0.0,0.0
1955-07-15,,,15.0,0.0,0.0
1955-07-16,,,0.0,0.0,0.0
1955-07-17,,,10.0,0.0,0.0
1955-07-18,,,0.0,0.0,0.0
1955-07-19,,,0.0,0.0,0.0
1955-07-20,,,0.0,0.0,0.0
1955-07-21,,,0.0,0.0,0.0
1955-07-22,,,0.0,0.0,0.0
1955-07-23,,,389.0,0.0,0.0
1955-07-24,,,0.0,0.0,0.0
1955-07-25,,,0.0,0.0,0.0
1955-07-26,,,0.0,0.0,0.0
1955-07-27,,,0.0,0.0,0.0
1955-07-28,,,0.0,0.0,0.0
1955-07-29,,,0.0,0.0,0.0
1955-07-30,,,0.0,0.0,0.0
1955-07-31,,,0.0,0.0,0.0
1955-08-01,,,0.0,0.0,0.0
1955-08-02,,,0.0,0.0,0.0
1955-08-03,,,0.0,0.0,0.0
1955-08-04,,,0.0,0.0,0.0
1955-08-05,,,160.0,0.0,0.0
1955-08-06,,,229.0,0.0,0.0
1955-08-07,,,0.0,0.0,0.0
1955-08-08,,,0.0,0.0,0.0
1955-08-09,,,0.0,0.0,0.0
1955-08-10,,,0.0,0.0,0.0
1955-08-11,,,0.0,0.0,0.0
1955-08-12,,,0.0,0.0,0.0
1955-08-13,,,0.0,0.0,0.0
1955-08-14,,,0.0,0.0,0.0
1955-08-15,,,0.0,0.0,0.0
1955-08-16,,,0.0,0.0,0.0
1955-08-17,,,0.0,0.0,0.0
1955-08-18,,,0.0,0.0,0.0
1955-08-19,,,0.0,0.0,0.0
1955-08-20,,,0.0,0.0,0.0
1955-08-21,,,0.0,0.0,0.0
1955-08-22,,,241.0,0.0,0.0
1955-08-23,,,0.0,0.0,0.0
1955-08-24,,,0.0,0.0,0.0
1955-08-25,,,0.0,0.0,0.0
1955-08-26,,,0.0,0.0,0.0
1955-08-27,,,0.0,0.0,0.0
1955-08-28,,,0.0,0.0,0.0
1955-08-29,,,262.0,0.0,0.0
1955-08-30,,,163.0,0.0,0.0
1955-08-31,,,0.0,0.0,0.0
1955-09-01,,,0.0,0.0,0.0
1955-09-02,,,0.0,0.0,0.0
1955-09-03,,,0.0,0.0,0.0
1955-09-04,,,0.0,0.0,0.0
1955-09-05,,,0.0,0.0,0.0
1955-09-06,,,0.0,0.0,0.0
1955-09-07,,,0.0,0.0,0.0
1955-09-08,,,0.0,0.0,0.0
1955-09-09,,,0.0,0.0,0.0
1955-09-10,,,30.0,0.0,0.0
1955-09-11,,,0.0,0.0,0.0
1955-09-12,,,0.0,0.0,0.0
1955-09-13,,,38.0,0.0,0.0
1955-09-14,,,18.0,0.0,0.0
1955-09-15,,,0.0,0.0,0.0
1955-09-16,,,0.0,0.0,0.0
1955-09-17,,,0.0,0.0,0.0
1955-09-18,,,0.0,0.0,0.0
1955-09-19,,,0.0,0.0,0.0
1955-09-20,,,0.0,0.0,0.0
1955-09-21,,,43.0,0.0,0.0
1955-09-22,,,0.0,0.0,0.0
1955-09-23,,,0.0,0.0,0.0
1955-09-24,,,0.0,0.0,0.0
1955-09-25,,,0.0,0.0,0.0
1955-09-26,,,15.0,0.0,0.0
1955-09-27,,,180.0,0.0,0.0
1955-09-28,,,0.0,0.0,0.0
1955-09-29,,,41.0,0.0,0.0
1955-09-30,,,0.0,0.0,0.0
1955-10-01,,,0.0,0.0,0.0
1955-10-02,,,0.0,0.0,0.0
1955-10-03,,,0.0,0.0,0.0
1955-10-04,,,15.0,0.0,0.0
1955-10-05,,,97.0,0.0,0.0
1955-10-06,,,742.0,0.0,0.0
1955-10-07,,,89.0,0.0,0.0
1955-10-08,,,0.0,0.0,0.0
1955-10-09,,,0.0,0.0,0.0
1955-10-10,,,0.0,0.0,0.0
1955-10-11,,,0.0,0.0,0.0
1955-10-12,,,5.0,0.0,0.0
1955-10-13,,,0.0,0.0,0.0
1955-10-14,,,0.0,0.0,0.0
1955-10-15,,,0.0,0.0,0.0
1955-10-16,,,0.0,0.0,0.0
1955-10-17,,,0.0,0.0,0.0
1955-10-18,,,0.0,0.0,0.0
1955-10-19,,,0.0,0.0,0.0
1955-10-20,,,0.0,0.0,0.0
1955-10-21,,,0.0,0.0,0.0
1955-10-22,,,0.0,0.0,0.0
1955-10-23,,,0.0,0.0,0.0
1955-10-24,,,0.0,0.0,0.0
1955-10-25,,,0.0,0.0,0.0
1955-10-26,,,0.0,0.0,0.0
1955-10-27,,,0.0,0.0,0.0
1955-10-28,,,97.0,0.0,0.0
1955-10-29,,,216.0,0.0,0.0
1955-10-30,,,41.0,0.0,0.0
1955-10-31,,,0.0,0.0,0.0
1955-11-01,,,0.0,0.0,0.0
1955-11-02,,,20.0,0.0,0.0
1955-11-03,,,0.0,0.0,0.0
1955-11-04,,,0.0,0.0,0.0
1955-11-05,,,0.0,0.0,0.0
1955-11-06,,,0.0,0.0,0.0
1955-11-07,,,0.0,0.0,0.0
1955-11-08,,,0.0,0.0,0.0
1955-11-09,,,0.0,0.0,0.0
1955-11-10,,,0.0,0.0,0.0
1955-11-11,,,0.0,0.0,0.0
1955-11-12,,,5.0,0.0,0.0
1955-11-13,,,0.0,0.0,0.0
1955-11-14,,,0.0,0.0,0.0
1955-11-15,,,43.0,0.0,0.0
1955-11-16,,,5.0,0.0,0.0
1955-11-17,,,0.0,0.0,0.0
1955-11-18,,,0.0,0.0,0.0
1955-11-19,,,64.0,76.0,76.0
1955-11-20,,,0.0,0.0,0.0
1955-11-21,,,0.0,0.0,0.0
1955-11-22,,,0.0,0.0,0.0
1955-11-23,,,0.0,0.0,0.0
1955-11-24,,,0.0,0.0,0.0
1955-11-25,,,0.0,0.0,0.0
1955-11-26,,,0.0,0.0,0.0
1955-11-27,,,0.0,0.0,0.0
1955-11-28,,,0.0,0.0,0.0
1955-11-29,,,0.0,0.0,0.0
1955-11-30,,,0.0,0.0,0.0
1955-12-01,,,5.0,25.0,25.0
1955-12-02,,,0.0,0.0,0.0
1955-12-03,,,10.0,0.0,0.0
1955-12-04,,,0.0,0.0,0.0
1955-12-05,,,0.0,0.0,0.0
1955-12-06,,,0.0,0.0,0.0
1955-12-07,,,0.0,0.0,0.0
1955-12-08,,,0.0,0.0,0.0
1955-12-09,,,0.0,0.0,0.0
1955-12-10,,,0.0,0.0,0.0
1955-12-11,,,0.0,0.0,0.0
1955-12-12,,,0.0,0.0,0.0
1955-12-13,,,0.0,0.0,0.0
1955-12-14,,,0.0,0.0,0.0
1955-12-15,,,0.0,0.0,0.0
1955-12-16,,,0.0,0.0,0.0
1955-12-17,,,0.0,0.0,0.0
1955-12-18,,,8.0,0.0,10.0
1955-12-19,,,0.0,0.0,0.0
1955-12-20,,,0.0,0.0,0.0
1955-12-21,,,0.0,0.0,0.0
1955-12-22,,,0.0,0.0,0.0
1955-12-23,,,0.0,0.0,0.0
1955-12-24,,,0.0,0.0,0.0
1955-12-25,,,0.0,0.0,0.0
1955-12-26,,,0.0,0.0,0.0
1955-12-27,,,0.0,0.0,0.0
1955-12-28,,,0.0,0.0,0.0
1955-12-29,,,0.0,0.0,0.0
1955-12-30,,,0.0,0.0,0.0
1955-12-31,,,0.0,0.0,0.0
1956-01-01,,,0.0,0.0,0.0
1956-01-02,,,0.0,0.0,0.0
1956-01-03,,,0.0,0.0,0.0
1956-01-04,,,0.0,0.0,0.0
1956-01-05,,,0.0,0.0,0.0
1956-01-06,,,0.0,0.0,0.0
1956-01-07,,,0.0,0.0,0.0
1956-01-08,,,0.0,0.0,0.0
1956-01-09,,,0.0,0.0,0.0
1956-01-10,,,0.0,0.0,0.0
1956-01-11,,,0.0,0.0,0.0
1956-01-12,,,0.0,0.0,0.0
1956-01-13,,,0.0,0.0,0.0
1956-01-14,,,0.0,0.0,0.0
1956-01-15,,,0.0,0.0,0.0
1956-01-16,,,8.0,76.0,69.0
1956-01-17,,,0.0,51.0,0.0
1956-01-18,,,0.0,51.0,0.0
1956-01-19,,,5.0,51.0,30.0
1956-01-20,,,0.0,51.0,0.0
1956-01-21,,,0.0,51.0,0.0
1956-01-22,,,0.0,51.0,0.0
1956-01-23,,,0.0,25.0,0.0
1956-01-24,,,0.0,0.0,0.0
1956-01-25,,,0.0,0.0,0.0
1956-01-26,,,0.0,0.0,0.0
1956-01-27,,,0.0,0.0,0.0
1956-01-28,,,18.0,0.0,0.0
1956-01-29,,,0.0,0.0,0.0
1956-01-30,,,0.0,0.0,0.0
1956-01-31,,,0.0,0.0,0.0
1956-02-01,,,0.0,0.0,8.0
1956-02-02,,,33.0,51.0,41.0
1956-02-03,,,0.0,51.0,0.0
1956-02-04,,,0.0,25.0,0.0
1956-02-05,,,0.0,0.0,0.0
1956-02-06,,,10.0,0.0,0.0
1956-02-07,,,0.0,0.0,0.0
1956-02-08,,,89.0,76.0,89.0
1956-02-09,,,0.0,76.0,0.0
1956-02-10,,,0.0,51.0,0.0
1956-02-11,,,0.0,25.0,0.0
1956-02-12,,,0.0,0.0,0.0
1956-02-13,,,0.0,0.0,0.0
1956-02-14,,,0.0,0.0,0.0
1956-02-15,,,0.0,0.0,0.0
1956-02-16,,,76.0,0.0,5.0
1956-02-17,,,23.0,0.0,3.0
1956-02-18,,,0.0,0.0,0.0
1956-02-19,,,0.0,0.0,0.0
1956-02-20,,,0.0,0.0,0.0
1956-02-21,,,0.0,0.0,0.0
1956-02-22,,,0.0,0.0,0.0
1956-02-23,,,0.0,0.0,0.0
1956-02-24,,,104.0,0.0,0.0
1956-02-25,,,28.0,0.0,10.0
1956-02-26,,,0.0,0.0,0.0
1956-02-27,,,0.0,0.0,0.0
1956-02-28,,,0.0,0.0,0.0
1956-02-29,,,0.0,0.0,0.0
1956-03-01,,,0.0,0.0,0.0
1956-03-02,,,0.0,0.0,0.0
1956-03-03,,,0.0,0.0,0.0
1956-03-04,,,0.0,0.0,0.0
1956-03-05,,,0.0,0.0,0.0
1956-03-06,,,0.0,0.0,0.0
1956-03-07,,,0.0,0.0,5.0
1956-03-08,,,0.0,0.0,0.0
1956-03-09,,,0.0,0.0,0.0
1956-03-10,,,5.0,0.0,0.0
1956-03-11,,,0.0,0.0,0.0
1956-03-12,,,0.0,0.0,0.0
1956-03-13,,,0.0,0.0,0.0
1956-03-14,,,0.0,0.0,0.0
1956-03-15,,,0.0,0.0,0.0
1956-03-16,,,8.0,0.0,5.0
1956-03-17,,,0.0,0.0,0.0
1956-03-18,,,0.0,0.0,0.0
1956-03-19,,,0.0,0.0,0.0
1956-03-20,,,0.0,0.0,0.0
1956-03-21,,,0.0,0.0,0.0
1956-03-22,,,20.0,0.0,0.0
1956-03-23,,,10.0,0.0,0.0
1956-03-24,,,0.0,0.0,0.0
1956-03-25,,,0.0,0.0,0.0
1956-03-26,,,0.0,0.0,0.0
1956-03-27,,,0.0,0.0,0.0
1956-03-28,,,94.0,0.0,0.0
1956-03-29,,,0.0,0.0,0.0
1956-03-30,,,0.0,0.0,0.0
1956-03-31,,,0.0,0.0,0.0
1956-04-01,,,0.0,0.0,0.0
1956-04-02,,,0.0,0.0,0.0
1956-04-03,,,0.0,0.0,0.0
1956-04-04,,,0.0,0.0,0.0
1956-04-05,,,0.0,0.0,0.0
1956-04-06,,,0.0,0.0,0.0
1956-04-07,,,38.0,0.0,0.0
1956-04-08,,,0.0,0.0,0.0
1956-04-09,,,0.0,0.0,0.0
1956-04-10,,,0.0,0.0,0.0
1956-04-11,,,0.0,0.0,0.0
1956-04-12,,,0.0,0.0,0.0
1956-04-13,,,0.0,0.0,0.0
1956-04-14,,,0.0,0.0,0.0
1956-04-15,,,0.0,0.0,0.0
1956-04-16,,,0.0,0.0,0.0
1956-04-17,,,0.0,0.0,0.0
1956-04-18,,,0.0,0.0,0.0
1956-04-19,,,0.0,0.0,0.0
1956-04-20,,,0.0,0.0,0.0
1956-04-21,,,0.0,0.0,0.0
1956-04-22,,,0.0,0.0,0.0
1956-04-23,,,0.0,0.0,0.0
1956-04-24,,,0.0,0.0,0.0
1956-04-25,,,53.0,0.0,0.0
1956-04-26,,,0.0,0.0,0.0
1956-04-27,,,84.0,0.0,0.0
1956-04-28,,,333.0,0.0,0.0
1956-04-29,,,340.0,0.0,0.0
1956-04-30,,,0.0,0.0,0.0
1956-05-01,,,0.0,0.0,0.0
1956-05-02,,,0.0,0.0,0.0
1956-05-03,,,0.0,0.0,0.0
1956-05-04,,,46.0,0.0,0.0
1956-05-05,,,119.0,0.0,0.0
1956-05-06,,,0.0,0.0,0.0
1956-05-07,,,0.0,0.0,0.0
1956-05-08,,,0.0,0.0,0.0
1956-05-09,,,36.0,0.0,0.0
1956-05-10,,,0.0,0.0,0.0
1956-05-11,,,0.0,0.0,0.0
1956-05-12,,,0.0,0.0,0.0
1956-05-13,,,0.0,0.0,0.0
1956-05-14,,,0.0,0.0,0.0
1956-05-15,,,18.0,0.0,0.0
1956-05-16,,,0.0,0.0,0.0
1956-05-17,,,25.0,0.0,0.0
1956-05-18,,,0.0,0.0,0.0
1956-05-19,,,0.0,0.0,0.0
1956-05-20,,,0.0,0.0,0.0
1956-05-21,,,0.0,0.0,0.0
1956-05-22,,,0.0,0.0,0.0
1956-05-23,,,15.0,0.0,0.0
1956-05-24,,,0.0,0.0,0.0
1956-05-25,,,0.0,0.0,0.0
1956-05-26,,,0.0,0.0,0.0
1956-05-27,,,0.0,0.0,0.0
1956-05-28,,,157.0,0.0,0.0
1956-05-29,,,333.0,0.0,0.0
1956-05-30,,,0.0,0.0,0.0
1956-05-31,,,0.0,0.0,0.0
1956-06-01,,,0.0,0.0,0.0
1956-06-02,,,0.0,0.0,0.0
1956-06-03,,,0.0,0.0,0.0
1956-06-04,,,0.0,0.0,0.0
1956-06-05,,,0.0,0.0,0.0
1956-06-06,,,0.0,0.0,0.0
1956-06-07,,,0.0,0.0,0.0
1956-06-08,,,0.0,0.0,0.0
1956-06-09,,,0.0,0.0,0.0
1956-06-10,,,0.0,0.0,0.0
1956-06-11,,,0.0,0.0,0.0
1956-06-12,,,0.0,0.0,0.0
1956-06-13,,,0.0,0.0,0.0
1956-06-14,,,0.0,0.0,0.0
1956-06-15,,,0.0,0.0,0.0
1956-06-16,,,0.0,0.0,0.0
1956-06-17,,,0.0,0.0,0.0
1956-06-18,,,0.0,0.0,0.0
1956-06-19,,,25.0,0.0,0.0
1956-06-20,,,0.0,0.0,0.0
1956-06-21,,,23.0,0.0,0.0
1956-06-22,,,15.0,0.0,0.0
1956-06-23,,,0.0,0.0,0.0
1956-06-24,,,0.0,0.0,0.0
1956-06-25,,,0.0,0.0,0.0
1956-06-26,,,13.0,0.0,0.0
1956-06-27,,,0.0,0.0,0.0
1956-06-28,,,0.0,0.0,0.0
1956-06-29,,,0.0,0.0,0.0
1956-06-30,,,0.0,0.0,0.0
1956-07-01,,,0.0,0.0,0.0
1956-07-02,,,191.0,0.0,0.0
1956-07-03,,,23.0,0.0,0.0
1956-07-04,,,69.0,0.0,0.0
1956-07-05,,,0.0,0.0,0.0
1956-07-06,,,0.0,0.0,0.0
1956-07-07,,,213.0,0.0,0.0
1956-07-08,,,312.0,0.0,0.0
1956-07-09,,,0.0,0.0,0.0
1956-07-10,,,0.0,0.0,0.0
1956-07-11,,,0.0,0.0,0.0
1956-07-12,,,0.0,0.0,0.0
1956-07-13,,,41.0,0.0,0.0
1956-07-14,,,0.0,0.0,0.0
1956-07-15,,,0.0,0.0,0.0
1956-07-16,,,18.0,0.0,0.0
1956-07-17,,,0.0,0.0,0.0
1956-07-18,,,0.0,0.0,0.0
1956-07-19,,,264.0,0.0,0.0
1956-07-20,,,0.0,0.0,0.0
1956-07-21,,,0.0,0.0,0.0
1956-07-22,,,0.0,0.0,0.0
1956-07-23,,,0.0,0.0,0.0
1956-07-24,,,0.0,0.0,0.0
1956-07-25,,,0.0,0.0,0.0
1956-07-26,,,0.0,0.0,0.0
1956-07-27,,,0.0,0.0,0.0
1956-07-28,,,0.0,0.0,0.0
1956-07-29,,,5.0,0.0,0.0
1956-07-30,,,0.0,0.0,0.0
1956-07-31,,,71.0,0.0,0.0
1956-08-01,,,109.0,0.0,0.0
1956-08-02,,,152.0,0.0,0.0
1956-08-03,,,5.0,0.0,0.0
1956-08-04,,,0.0,0.0,0.0
1956-08-05,,,0.0,0.0,0.0
1956-08-06,,,0.0,0.0,0.0
1956-08-07,,,10.0,0.0,0.0
1956-08-08,,,0.0,0.0,0.0
1956-08-09,,,0.0,0.0,0.0
1956-08-10,,,0.0,0.0,0.0
1956-08-11,,,0.0,0.0,0.0
1956-08-12,,,0.0,0.0,0.0
1956-08-13,,,122.0,0.0,0.0
1956-08-14,,,0.0,0.0,0.0
1956-08-15,,,0.0,0.0,0.0
1956-08-16,,,51.0,0.0,0.0
1956-08-17,,,30.0,0.0,0.0
1956-08-18,,,76.0,0.0,0.0
1956-08-19,,,0.0,0.0,0.0
1956-08-20,,,0.0,0.0,0.0
1956-08-21,,,0.0,0.0,0.0
1956-08-22,,,0.0,0.0,0.0
1956-08-23,,,0.0,0.0,0.0
1956-08-24,,,0.0,0.0,0.0
1956-08-25,,,0.0,0.0,0.0
1956-08-26,,,0.0,0.0,0.0
1956-08-27,,,0.0,0.0,0.0
1956-08-28,,,0.0,0.0,0.0
1956-08-29,,,1115.0,0.0,0.0
1956-08-30,,,74.0,0.0,0.0
1956-08-31,,,15.0,0.0,0.0
1956-09-01,,,0.0,0.0,0.0
1956-09-02,,,0.0,0.0,0.0
1956-09-03,,,0.0,0.0,0.0
1956-09-04,,,36.0,0.0,0.0
1956-09-05,,,8.0,0.0,0.0
1956-09-06,,,0.0,0.0,0.0
1956-09-07,,,0.0,0.0,0.0
1956-09-08,,,0.0,0.0,0.0
1956-09-09,,,0.0,0.0,0.0
1956-09-10,,,8.0,0.0,0.0
1956-09-11,,,5.0,0.0,0.0
1956-09-12,,,0.0,0.0,0.0
1956-09-13,,,0.0,0.0,0.0
1956-09-14,,,25.0,0.0,0.0
1956-09-15,,,0.0,0.0,0.0
1956-09-16,,,0.0,0.0,0.0
1956-09-17,,,0.0,0.0,0.0
1956-09-18,,,0.0,0.0,0.0
1956-09-19,,,0.0,0.0,0.0
1956-09-20,,,0.0,0.0,0.0
1956-09-21,,,0.0,0.0,0.0
1956-09-22,,,0.0,0.0,0.0
1956-09-23,,,0.0,0.0,0.0
1956-09-24,,,0.0,0.0,0.0
1956-09-25,,,0.0,0.0,0.0
1956-09-26,,,0.0,0.0,0.0
1956-09-27,,,0.0,0.0,0.0
1956-09-28,,,0.0,0.0,0.0
1956-09-29,,,0.0,0.0,0.0
1956-09-30,,,20.0,0.0,0.0
1956-10-01,,,0.0,0.0,0.0
1956-10-02,,,0.0,0.0,0.0
1956-10-03,,,0.0,0.0,0.0
1956-10-04,,,0.0,0.0,0.0
1956-10-05,,,0.0,0.0,0.0
1956-10-06,,,0.0,0.0,0.0
1956-10-07,,,0.0,0.0,0.0
1956-10-08,,,0.0,0.0,0.0
1956-10-09,,,0.0,0.0,0.0
1956-10-10,,,0.0,0.0,0.0
1956-10-11,,,0.0,0.0,0.0
1956-10-12,,,0.0,0.0,0.0
1956-10-13,,,0.0,0.0,0.0
1956-10-14,,,0.0,0.0,0.0
1956-10-15,,,0.0,0.0,0.0
1956-10-16,,,0.0,0.0,0.0
1956-10-17,,,0.0,0.0,0.0
1956-10-18,,,0.0,0.0,0.0
1956-10-19,,,0.0,0.0,0.0
1956-10-20,,,0.0,0.0,0.0
1956-10-21,,,0.0,0.0,0.0
1956-10-22,,,0.0,0.0,0.0
1956-10-23,,,0.0,0.0,0.0
1956-10-24,,,0.0,0.0,0.0
1956-10-25,,,0.0,0.0,0.0
1956-10-26,,,104.0,0.0,0.0
1956-10-27,,,0.0,0.0,0.0
1956-10-28,,,0.0,0.0,0.0
1956-10-29,,,0.0,0.0,0.0
1956-10-30,,,0.0,0.0,0.0
1956-10-31,,,0.0,0.0,0.0
1956-11-01,,,0.0,0.0,0.0
1956-11-02,,,0.0,0.0,0.0
1956-11-03,,,0.0,0.0,0.0
1956-11-04,,,0.0,0.0,0.0
1956-11-05,,,0.0,0.0,0.0
1956-11-06,,,351.0,0.0,0.0
1956-11-07,,,0.0,0.0,0.0
1956-11-08,,,0.0,0.0,0.0
1956-11-09,,,0.0,0.0,0.0
1956-11-10,,,0.0,0.0,0.0
1956-11-11,,,0.0,0.0,0.0
1956-11-12,,,0.0,0.0,0.0
1956-11-13,,,0.0,0.0,0.0
1956-11-14,,,0.0,0.0,0.0
1956-11-15,,,140.0,0.0,0.0
1956-11-16,,,0.0,0.0,0.0
1956-11-17,,,0.0,0.0,0.0
1956-11-18,,,0.0,0.0,0.0
1956-11-19,,,0.0,0.0,0.0
1956-11-20,,,163.0,0.0,0.0
1956-11-21,,,30.0,0.0,0.0
1956-11-22,,,0.0,0.0,0.0
1956-11-23,,,3.0,0.0,0.0
1956-11-24,,,0.0,0.0,0.0
1956-11-25,,,23.0,0.0,0.0
1956-11-26,,,0.0,0.0,0.0
1956-11-27,,,0.0,0.0,0.0
1956-11-28,,,0.0,0.0,0.0
1956-11-29,,,0.0,0.0,0.0
1956-11-30,,,0.0,0.0,0.0
1956-12-01,,,0.0,0.0,0.0
1956-12-02,,,0.0,0.0,0.0
1956-12-03,,,0.0,0.0,0.0
1956-12-04,,,0.0,0.0,0.0
1956-12-05,,,0.0,0.0,0.0
1956-12-06,,,0.0,0.0,0.0
1956-12-07,,,0.0,0.0,0.0
1956-12-08,,,43.0,51.0,61.0
1956-12-09,,,18.0,76.0,15.0
1956-12-10,,,0.0,51.0,0.0
1956-12-11,,,0.0,0.0,0.0
1956-12-12,,,25.0,51.0,51.0
1956-12-13,,,15.0,76.0,25.0
1956-12-14,,,0.0,76.0,0.0
1956-12-15,,,0.0,25.0,0.0
1956-12-16,,,0.0,0.0,0.0
1956-12-17,,,0.0,0.0,0.0
1956-12-18,,,0.0,0.0,0.0
1956-12-19,,,0.0,0.0,0.0
1956-12-20,,,10.0,0.0,0.0
1956-12-21,,,0.0,0.0,0.0
1956-12-22,,,5.0,0.0,0.0
1956-12-23,,,84.0,0.0,0.0
1956-12-24,,,0.0,0.0,0.0
1956-12-25,,,0.0,0.0,0.0
1956-12-26,,,0.0,0.0,0.0
1956-12-27,,,0.0,0.0,0.0
1956-12-28,,,104.0,76.0,102.0
1956-12-29,,,0.0,51.0,0.0
1956-12-30,,,0.0,0.0,0.0
1956-12-31,,,0.0,0.0,0.0
1957-01-01,,,0.0,0.0,0.0
1957-01-02,,,0.0,0.0,0.0
1957-01-03,,,3.0,0.0,0.0
1957-01-04,,,0.0,0.0,0.0
1957-01-05,,,0.0,0.0,0.0
1957-01-06,,,0.0,0.0,0.0
1957-01-07,,,8.0,0.0,3.0
1957-01-08,,,0.0,0.0,0.0
1957-01-09,,,28.0,76.0,76.0
1957-01-10,,,15.0,127.0,51.0
1957-01-11,,,0.0,127.0,0.0
1957-01-12,,,0.0,102.0,0.0
1957-01-13,,,0.0,102.0,0.0
1957-01-14,,,0.0,102.0,0.0
1957-01-15,,,18.0,152.0,48.0
1957-01-16,,,0.0,152.0,0.0
1957-01-17,,,0.0,127.0,0.0
1957-01-18,,,0.0,127.0,0.0
1957-01-19,,,0.0,76.0,0.0
1957-01-20,,,0.0,0.0,0.0
1957-01-21,,,0.0,0.0,0.0
1957-01-22,,,216.0,25.0,18.0
1957-01-23,,,0.0,25.0,0.0
1957-01-24,,,0.0,0.0,0.0
1957-01-25,,,36.0,51.0,51.0
1957-01-26,,,0.0,51.0,0.0
1957-01-27,,,15.0,76.0,33.0
1957-01-28,,,0.0,76.0,0.0
1957-01-29,,,0.0,76.0,0.0
1957-01-30,,,0.0,76.0,0.0
1957-01-31,,,0.0,76.0,0.0
1957-02-01,,,0.0,25.0,0.0
1957-02-02,,,0.0,0.0,0.0
1957-02-03,,,0.0,0.0,0.0
1957-02-04,,,0.0,0.0,0.0
1957-02-05,,,0.0,0.0,0.0
1957-02-06,,,0.0,0.0,0.0
1957-02-07,,,0.0,0.0,0.0
1957-02-08,,,0.0,0.0,0.0
1957-02-09,,,160.0,0.0,0.0
1957-02-10,,,15.0,25.0,25.0
1957-02-11,,,8.0,0.0,15.0
1957-02-12,,,0.0,0.0,0.0
1957-02-13,,,0.0,0.0,0.0
1957-02-14,,,0.0,0.0,0.0
1957-02-15,,,0.0,0.0,0.0
1957-02-16,,,0.0,0.0,0.0
1957-02-17,,,0.0,0.0,0.0
1957-02-18,,,0.0,0.0,0.0
1957-02-19,,,0.0,0.0,0.0
1957-02-20,,,0.0,0.0,0.0
1957-02-21,,,0.0,0.0,0.0
1957-02-22,,,0.0,0.0,0.0
1957-02-23,,,0.0,0.0,0.0
1957-02-24,,,0.0,0.0,0.0
1957-02-25,,,356.0,0.0,0.0
1957-02-26,,,25.0,0.0,0.0
1957-02-27,,,0.0,0.0,0.0
1957-02-28,,,0.0,0.0,0.0
1957-03-01,,,0.0,0.0,0.0
1957-03-02,,,0.0,0.0,0.0
1957-03-03,,,0.0,0.0,0.0
1957-03-04,,,0.0,0.0,0.0
1957-03-05,,,0.0,0.0,0.0
1957-03-06,,,0.0,0.0,0.0
1957-03-07,,,0.0,0.0,0.0
1957-03-08,,,0.0,0.0,0.0
1957-03-09,,,0.0,0.0,0.0
1957-03-10,,,0.0,0.0,0.0
1957-03-11,,,112.0,0.0,0.0
1957-03-12,,,0.0,0.0,0.0
1957-03-13,,,0.0,0.0,0.0
1957-03-14,,,132.0,0.0,0.0
1957-03-15,,,0.0,0.0,0.0
1957-03-16,,,0.0,0.0,0.0
1957-03-17,,,0.0,0.0,0.0
1957-03-18,,,132.0,0.0,0.0
1957-03-19,,,0.0,0.0,0.0
1957-03-20,,,0.0,0.0,0.0
1957-03-21,,,0.0,0.0,0.0
1957-03-22,,,0.0,0.0,0.0
1957-03-23,,,0.0,0.0,0.0
1957-03-24,,,0.0,0.0,0.0
1957-03-25,,,130.0,127.0,137.0
1957-03-26,,,0.0,51.0,0.0
1957-03-27,,,0.0,0.0,0.0
1957-03-28,,,0.0,0.0,0.0
1957-03-29,,,3.0,0.0,0.0
1957-03-30,,,0.0,0.0,0.0
1957-03-31,,,0.0,0.0,0.0
1957-04-01,,,23.0,0.0,0.0
1957-04-02,,,0.0,0.0,0.0
1957-04-03,,,272.0,76.0,91.0
1957-04-04,,,74.0,51.0,0.0
1957-04-05,,,124.0,0.0,0.0
1957-04-06,,,0.0,0.0,0.0
1957-04-07,,,64.0,0.0,0.0
1957-04-08,,,0.0,0.0,0.0
1957-04-09,,,0.0,0.0,0.0
1957-04-10,,,0.0,0.0,0.0
1957-04-11,,,0.0,0.0,0.0
1957-04-12,,,20.0,25.0,20.0
1957-04-13,,,0.0,0.0,0.0
1957-04-14,,,0.0,0.0,0.0
1957-04-15,,,0.0,0.0,0.0
1957-04-16,,,0.0,0.0,0.0
1957-04-17,,,102.0,0.0,0.0
1957-04-18,,,0.0,0.0,0.0
1957-04-19,,,23.0,0.0,0.0
1957-04-20,,,5.0,0.0,0.0
1957-04-21,,,0.0,0.0,0.0
1957-04-22,,,208.0,0.0,0.0
1957-04-23,,,10.0,0.0,0.0
1957-04-24,,,8.0,0.0,0.0
1957-04-25,,,76.0,0.0,0.0
1957-04-26,,,20.0,0.0,0.0
1957-04-27,,,23.0,0.0,0.0
1957-04-28,,,0.0,0.0,0.0
1957-04-29,,,0.0,0.0,0.0
1957-04-30,,,0.0,0.0,0.0
1957-05-01,,,0.0,0.0,0.0
1957-05-02,,,0.0,0.0,0.0
1957-05-03,,,0.0,0.0,0.0
1957-05-04,,,0.0,0.0,0.0
1957-05-05,,,0.0,0.0,0.0
1957-05-06,,,0.0,0.0,0.0
1957-05-07,,,0.0,0.0,0.0
1957-05-08,,,0.0,0.0,0.0
1957-05-09,,,18.0,0.0,0.0
1957-05-10,,,178.0,0.0,0.0
1957-05-11,,,8.0,0.0,0.0
1957-05-12,,,10.0,0.0,0.0
1957-05-13,,,142.0,0.0,0.0
1957-05-14,,,0.0,0.0,0.0
1957-05-15,,,0.0,0.0,0.0
1957-05-16,,,0.0,0.0,0.0
1957-05-17,,,0.0,0.0,0.0
1957-05-18,,,36.0,0.0,0.0
1957-05-19,,,5.0,0.0,0.0
1957-05-20,,,0.0,0.0,0.0
1957-05-21,,,41.0,0.0,0.0
1957-05-22,,,8.0,0.0,0.0
1957-05-23,,,13.0,0.0,0.0
1957-05-24,,,0.0,0.0,0.0
1957-05-25,,,147.0,0.0,0.0
1957-05-26,,,0.0,0.0,0.0
1957-05-27,,,0.0,0.0,0.0
1957-05-28,,,0.0,0.0,0.0
1957-05-29,,,0.0,0.0,0.0
1957-05-30,,,0.0,0.0,0.0
1957-05-31,,,165.0,0.0,0.0
1957-06-01,,,0.0,0.0,0.0
1957-06-02,,,0.0,0.0,0.0
1957-06-03,,,0.0,0.0,0.0
1957-06-04,,,0.0,0.0,0.0
1957-06-05,,,0.0,0.0,0.0
1957-06-06,,,0.0,0.0,0.0
1957-06-07,,,137.0,0.0,0.0
1957-06-08,,,36.0,0.0,0.0
1957-06-09,,,0.0,0.0,0.0
1957-06-10,,,0.0,0.0,0.0
1957-06-11,,,135.0,0.0,0.0
1957-06-12,,,51.0,0.0,0.0
1957-06-13,,,10.0,0.0,0.0
1957-06-14,,,0.0,0.0,0.0
1957-06-15,,,0.0,0.0,0.0
1957-06-16,,,0.0,0.0,0.0
1957-06-17,,,0.0,0.0,0.0
1957-06-18,,,0.0,0.0,0.0
1957-06-19,,,0.0,0.0,0.0
1957-06-20,,,0.0,0.0,0.0
1957-06-21,,,0.0,0.0,0.0
1957-06-22,,,0.0,0.0,0.0
1957-06-23,,,0.0,0.0,0.0
1957-06-24,,,0.0,0.0,0.0
1957-06-25,,,0.0,0.0,0.0
1957-06-26,,,137.0,0.0,0.0
1957-06-27,,,81.0,0.0,0.0
1957-06-28,,,0.0,0.0,0.0
1957-06-29,,,0.0,0.0,0.0
1957-06-30,,,0.0,0.0,0.0
1957-07-01,,,0.0,0.0,0.0
1957-07-02,,,0.0,0.0,0.0
1957-07-03,,,56.0,0.0,0.0
1957-07-04,,,58.0,0.0,0.0
1957-07-05,,,0.0,0.0,0.0
1957-07-06,,,0.0,0.0,0.0
1957-07-07,,,0.0,0.0,0.0
1957-07-08,,,0.0,0.0,0.0
1957-07-09,,,0.0,0.0,0.0
1957-07-10,,,0.0,0.0,0.0
1957-07-11,,,0.0,0.0,0.0
1957-07-12,,,5.0,0.0,0.0
1957-07-13,,,168.0,0.0,0.0
1957-07-14,,,0.0,0.0,0.0
1957-07-15,,,0.0,0.0,0.0
1957-07-16,,,71.0,0.0,0.0
1957-07-17,,,203.0,0.0,0.0
1957-07-18,,,0.0,0.0,0.0
1957-07-19,,,0.0,0.0,0.0
1957-07-20,,,0.0,0.0,0.0
1957-07-21,,,0.0,0.0,0.0
1957-07-22,,,0.0,0.0,0.0
1957-07-23,,,0.0,0.0,0.0
1957-07-24,,,0.0,0.0,0.0
1957-07-25,,,0.0,0.0,0.0
1957-07-26,,,0.0,0.0,0.0
1957-07-27,,,18.0,0.0,0.0
1957-07-28,,,0.0,0.0,0.0
1957-07-29,,,46.0,0.0,0.0
1957-07-30,,,0.0,0.0,0.0
1957-07-31,,,0.0,0.0,0.0
1957-08-01,,,3.0,0.0,0.0
1957-08-02,,,0.0,0.0,0.0
1957-08-03,,,173.0,0.0,0.0
1957-08-04,,,0.0,0.0,0.0
1957-08-05,,,0.0,0.0,0.0
1957-08-06,,,0.0,0.0,0.0
1957-08-07,,,0.0,0.0,0.0
1957-08-08,,,0.0,0.0,0.0
1957-08-09,,,0.0,0.0,0.0
1957-08-10,,,0.0,0.0,0.0
1957-08-11,,,0.0,0.0,0.0
1957-08-12,,,0.0,0.0,0.0
1957-08-13,,,0.0,0.0,0.0
1957-08-14,,,71.0,0.0,0.0
1957-08-15,,,0.0,0.0,0.0
1957-08-16,,,0.0,0.0,0.0
1957-08-17,,,0.0,0.0,0.0
1957-08-18,,,0.0,0.0,0.0
1957-08-19,,,0.0,0.0,0.0
1957-08-20,,,0.0,0.0,0.0
1957-08-21,,,0.0,0.0,0.0
1957-08-22,,,0.0,0.0,0.0
1957-08-23,,,0.0,0.0,0.0
1957-08-24,,,137.0,0.0,0.0
1957-08-25,,,0.0,0.0,0.0
1957-08-26,,,0.0,0.0,0.0
1957-08-27,,,8.0,0.0,0.0
1957-08-28,,,277.0,0.0,0.0
1957-08-29,,,0.0,0.0,0.0
1957-08-30,,,0.0,0.0,0.0
1957-08-31,,,0.0,0.0,0.0
1957-09-01,,,0.0,0.0,0.0
1957-09-02,,,0.0,0.0,0.0
1957-09-03,,,0.0,0.0,0.0
1957-09-04,,,0.0,0.0,0.0
1957-09-05,,,0.0,0.0,0.0
1957-09-06,,,0.0,0.0,0.0
1957-09-07,,,0.0,0.0,0.0
1957-09-08,,,0.0,0.0,0.0
1957-09-09,,,0.0,0.0,0.0
1957-09-10,,,0.0,0.0,0.0
1957-09-11,,,10.0,0.0,0.0
1957-09-12,,,74.0,0.0,0.0
1957-09-13,,,0.0,0.0,0.0
1957-09-14,,,0.0,0.0,0.0
1957-09-15,,,8.0,0.0,0.0
1957-09-16,,,0.0,0.0,0.0
1957-09-17,,,0.0,0.0,0.0
1957-09-18,,,0.0,0.0,0.0
1957-09-19,,,0.0,0.0,0.0
1957-09-20,,,142.0,0.0,0.0
1957-09-21,,,43.0,0.0,0.0
1957-09-22,,,0.0,0.0,0.0
1957-09-23,,,0.0,0.0,0.0
1957-09-24,,,0.0,0.0,0.0
1957-09-25,,,0.0,0.0,0.0
1957-09-26,,,0.0,0.0,0.0
1957-09-27,,,0.0,0.0,0.0
1957-09-28,,,0.0,0.0,0.0
1957-09-29,,,0.0,0.0,0.0
1957-09-30,,,0.0,0.0,0.0
1957-10-01,,,0.0,0.0,0.0
1957-10-02,,,0.0,0.0,0.0
1957-10-03,,,0.0,0.0,0.0
1957-10-04,,,0.0,0.0,0.0
1957-10-05,,,0.0,0.0,0.0
1957-10-06,,,0.0,0.0,0.0
1957-10-07,,,0.0,0.0,0.0
1957-10-08,,,0.0,0.0,0.0
1957-10-09,,,0.0,0.0,0.0
1957-10-10,,,0.0,0.0,0.0
1957-10-11,,,0.0,0.0,0.0
1957-10-12,,,0.0,0.0,0.0
1957-10-13,,,0.0,0.0,0.0
1957-10-14,,,0.0,0.0,0.0
1957-10-15,,,152.0,0.0,0.0
1957-10-16,,,25.0,0.0,0.0
1957-10-17,,,0.0,0.0,0.0
1957-10-18,,,0.0,0.0,0.0
1957-10-19,,,0.0,0.0,0.0
1957-10-20,,,0.0,0.0,0.0
1957-10-21,,,0.0,0.0,0.0
1957-10-22,,,127.0,0.0,0.0
1957-10-23,,,279.0,0.0,0.0
1957-10-24,,,86.0,0.0,0.0
1957-10-25,,,0.0,0.0,0.0
1957-10-26,,,0.0,0.0,0.0
1957-10-27,,,0.0,0.0,0.0
1957-10-28,,,0.0,0.0,0.0
1957-10-29,,,0.0,0.0,0.0
1957-10-30,,,0.0,0.0,0.0
1957-10-31,,,0.0,0.0,0.0
1957-11-01,,,0.0,0.0,0.0
1957-11-02,,,13.0,0.0,0.0
1957-11-03,,,15.0,0.0,0.0
1957-11-04,,,0.0,0.0,0.0
1957-11-05,,,0.0,0.0,0.0
1957-11-06,,,0.0,0.0,0.0
1957-11-07,,,0.0,0.0,0.0
1957-11-08,,,206.0,0.0,0.0
1957-11-09,,,0.0,0.0,0.0
1957-11-10,,,0.0,0.0,0.0
1957-11-11,,,0.0,0.0,0.0
1957-11-12,,,0.0,0.0,0.0
1957-11-13,,,46.0,0.0,0.0
1957-11-14,,,89.0,0.0,0.0
1957-11-15,,,0.0,0.0,0.0
1957-11-16,,,0.0,0.0,0.0
1957-11-17,,,0.0,0.0,0.0
1957-11-18,,,277.0,0.0,0.0
1957-11-19,,,0.0,0.0,0.0
1957-11-20,,,0.0,0.0,0.0
1957-11-21,,,0.0,0.0,0.0
1957-11-22,,,0.0,0.0,0.0
1957-11-23,,,0.0,0.0,0.0
1957-11-24,,,0.0,0.0,0.0
1957-11-25,,,0.0,0.0,0.0
1957-11-26,,,0.0,0.0,0.0
1957-11-27,,,0.0,0.0,0.0
1957-11-28,,,0.0,0.0,0.0
1957-11-29,,,0.0,0.0,0.0
1957-11-30,,,0.0,0.0,0.0
1957-12-01,,,0.0,0.0,0.0
1957-12-02,,,0.0,0.0,0.0
1957-12-03,,,0.0,0.0,0.0
1957-12-04,,,0.0,0.0,0.0
1957-12-05,,,0.0,0.0,0.0
1957-12-06,,,0.0,0.0,0.0
1957-12-07,,,0.0,0.0,0.0
1957-12-08,,,0.0,0.0,0.0
1957-12-09,,,0.0,0.0,0.0
1957-12-10,,,0.0,0.0,0.0
1957-12-11,,,0.0,0.0,0.0
1957-12-12,,,0.0,0.0,0.0
1957-12-13,,,0.0,0.0,0.0
1957-12-14,,,0.0,0.0,0.0
1957-12-15,,,0.0,0.0,0.0
1957-12-16,,,0.0,0.0,0.0
1957-12-17,,,0.0,0.0,0.0
1957-12-18,,,361.0,0.0,0.0
1957-12-19,,,0.0,0.0,0.0
1957-12-20,,,292.0,0.0,0.0
1957-12-21,,,0.0,0.0,0.0
1957-12-22,,,0.0,0.0,0.0
1957-12-23,,,0.0,0.0,0.0
1957-12-24,,,0.0,0.0,0.0
1957-12-25,,,165.0,0.0,0.0
1957-12-26,,,0.0,0.0,0.0
1957-12-27,,,0.0,0.0,0.0
1957-12-28,,,15.0,0.0,0.0
1957-12-29,,,18.0,0.0,0.0
1957-12-30,,,0.0,0.0,0.0
1957-12-31,,,86.0,152.0,152.0
1958-01-01,,,0.0,152.0,0.0
1958-01-02,,,0.0,152.0,0.0
1958-01-03,,,0.0,152.0,0.0
1958-01-04,,,0.0,152.0,0.0
1958-01-05,,,0.0,127.0,0.0
1958-01-06,,,0.0,127.0,0.0
1958-01-07,,,0.0,102.0,0.0
1958-01-08,,,0.0,102.0,0.0
1958-01-09,,,0.0,76.0,0.0
1958-01-10,,,0.0,76.0,0.0
1958-01-11,,,0.0,51.0,0.0
1958-01-12,,,0.0,51.0,0.0
1958-01-13,,,0.0,25.0,0.0
1958-01-14,,,0.0,0.0,0.0
1958-01-15,,,0.0,0.0,0.0
1958-01-16,,,0.0,0.0,0.0
1958-01-17,,,0.0,0.0,0.0
1958-01-18,,,0.0,0.0,0.0
1958-01-19,,,0.0,0.0,0.0
1958-01-20,,,10.0,0.0,0.0
1958-01-21,,,127.0,203.0,201.0
1958-01-22,,,3.0,203.0,13.0
1958-01-23,,,0.0,203.0,0.0
1958-01-24,,,0.0,203.0,0.0
1958-01-25,,,30.0,229.0,25.0
1958-01-26,,,25.0,229.0,38.0
1958-01-27,,,0.0,229.0,0.0
1958-01-28,,,0.0,229.0,0.0
1958-01-29,,,0.0,229.0,0.0
1958-01-30,,,0.0,203.0,0.0
1958-01-31,,,0.0,203.0,0.0
1958-02-01,,,0.0,203.0,0.0
1958-02-02,,,0.0,178.0,0.0
1958-02-03,,,0.0,152.0,0.0
1958-02-04,,,0.0,127.0,0.0
1958-02-05,,,0.0,102.0,0.0
1958-02-06,,,0.0,102.0,0.0
1958-02-07,,,0.0,76.0,0.0
1958-02-08,,,0.0,76.0,0.0
1958-02-09,,,0.0,76.0,0.0
1958-02-10,,,0.0,76.0,0.0
1958-02-11,,,0.0,76.0,0.0
1958-02-12,,,0.0,76.0,0.0
1958-02-13,,,0.0,76.0,0.0
1958-02-14,,,0.0,76.0,0.0
1958-02-15,,,0.0,76.0,0.0
1958-02-16,,,0.0,76.0,0.0
1958-02-17,,,0.0,0.0,0.0
1958-02-18,,,0.0,0.0,0.0
1958-02-19,,,0.0,0.0,0.0
1958-02-20,,,0.0,0.0,0.0
1958-02-21,,,0.0,0.0,0.0
1958-02-22,,,0.0,0.0,0.0
1958-02-23,,,0.0,0.0,0.0
1958-02-24,,,0.0,0.0,0.0
1958-02-25,,,0.0,0.0,0.0
1958-02-26,,,0.0,0.0,0.0
1958-02-27,,,76.0,0.0,0.0
1958-02-28,,,0.0,0.0,0.0
1958-03-01,,,0.0,0.0,0.0
1958-03-02,,,3.0,0.0,15.0
1958-03-03,,,0.0,0.0,0.0
1958-03-04,,,0.0,0.0,0.0
1958-03-05,,,23.0,0.0,0.0
1958-03-06,,,0.0,0.0,0.0
1958-03-07,,,0.0,0.0,0.0
1958-03-08,,,0.0,0.0,0.0
1958-03-09,,,0.0,0.0,0.0
1958-03-10,,,0.0,0.0,0.0
1958-03-11,,,0.0,0.0,0.0
1958-03-12,,,0.0,0.0,0.0
1958-03-13,,,0.0,0.0,0.0
1958-03-14,,,0.0,0.0,0.0
1958-03-15,,,0.0,0.0,0.0
1958-03-16,,,0.0,0.0,0.0
1958-03-17,,,0.0,0.0,0.0
1958-03-18,,,0.0,0.0,0.0
1958-03-19,,,0.0,0.0,0.0
1958-03-20,,,0.0,0.0,0.0
1958-03-21,,,0.0,0.0,0.0
1958-03-22,,,0.0,0.0,0.0
1958-03-23,,,0.0,0.0,0.0
1958-03-24,,,0.0,0.0,0.0
1958-03-25,,,0.0,0.0,0.0
1958-03-26,,,0.0,0.0,0.0
1958-03-27,,,0.0,0.0,0.0
1958-03-28,,,0.0,0.0,0.0
1958-03-29,,,0.0,0.0,0.0
1958-03-30,,,0.0,0.0,0.0
1958-03-31,,,0.0,0.0,0.0
1958-04-01,,,5.0,0.0,0.0
1958-04-02,,,0.0,0.0,0.0
1958-04-03,,,13.0,0.0,0.0
1958-04-04,,,20.0,0.0,0.0
1958-04-05,,,300.0,0.0,0.0
1958-04-06,,,48.0,0.0,0.0
1958-04-07,,,0.0,0.0,0.0
1958-04-08,,,0.0,0.0,0.0
1958-04-09,,,0.0,0.0,0.0
1958-04-10,,,0.0,0.0,0.0
1958-04-11,,,0.0,0.0,0.0
1958-04-12,,,0.0,0.0,0.0
1958-04-13,,,0.0,0.0,0.0
1958-04-14,,,0.0,0.0,0.0
1958-04-15,,,0.0,0.0,0.0
1958-04-16,,,0.0,0.0,0.0
1958-04-17,,,0.0,0.0,0.0
1958-04-18,,,0.0,0.0,0.0
1958-04-19,,,30.0,0.0,0.0
1958-04-20,,,20.0,0.0,0.0
1958-04-21,,,25.0,0.0,0.0
1958-04-22,,,15.0,0.0,0.0
1958-04-23,,,107.0,0.0,0.0
1958-04-24,,,36.0,0.0,0.0
1958-04-25,,,0.0,0.0,0.0
1958-04-26,,,0.0,0.0,0.0
1958-04-27,,,0.0,0.0,0.0
1958-04-28,,,0.0,0.0,0.0
1958-04-29,,,0.0,0.0,0.0
1958-04-30,,,0.0,0.0,0.0
1958-05-01,,,0.0,0.0,0.0
1958-05-02,,,5.0,0.0,0.0
1958-05-03,,,15.0,0.0,0.0
1958-05-04,,,56.0,0.0,0.0
1958-05-05,,,0.0,0.0,0.0
1958-05-06,,,0.0,0.0,0.0
1958-05-07,,,0.0,0.0,0.0
1958-05-08,,,0.0,0.0,0.0
1958-05-09,,,0.0,0.0,0.0
1958-05-10,,,0.0,0.0,0.0
1958-05-11,,,0.0,0.0,0.0
1958-05-12,,,0.0,0.0,0.0
1958-05-13,,,0.0,0.0,0.0
1958-05-14,,,0.0,0.0,0.0
1958-05-15,,,0.0,0.0,0.0
1958-05-16,,,10.0,0.0,0.0
1958-05-17,,,0.0,0.0,0.0
1958-05-18,,,71.0,0.0,0.0
1958-05-19,,,0.0,0.0,0.0
1958-05-20,,,0.0,0.0,0.0
1958-05-21,,,0.0,0.0,0.0
1958-05-22,,,66.0,0.0,0.0
1958-05-23,,,0.0,0.0,0.0
1958-05-24,,,0.0,0.0,0.0
1958-05-25,,,0.0,0.0,0.0
1958-05-26,,,0.0,0.0,0.0
1958-05-27,,,0.0,0.0,0.0
1958-05-28,,,0.0,0.0,0.0
1958-05-29,,,0.0,0.0,0.0
1958-05-30,,,0.0,0.0,0.0
1958-05-31,,,315.0,0.0,0.0
1958-06-01,,,,0.0,0.0
1958-06-02,,,0.0,0.0,0.0
1958-06-03,,,0.0,0.0,0.0
1958-06-04,,,0.0,0.0,0.0
1958-06-05,,,0.0,0.0,0.0
1958-06-06,,,0.0,0.0,0.0
1958-06-07,,,0.0,0.0,0.0
1958-06-08,,,0.0,0.0,0.0
1958-06-09,,,297.0,0.0,0.0
1958-06-10,,,175.0,0.0,0.0
1958-06-11,,,0.0,0.0,0.0
1958-06-12,,,89.0,0.0,0.0
1958-06-13,,,140.0,0.0,0.0
1958-06-14,,,0.0,0.0,0.0
1958-06-15,,,0.0,0.0,0.0
1958-06-16,,,0.0,0.0,0.0
1958-06-17,,,0.0,0.0,0.0
1958-06-18,,,0.0,0.0,0.0
1958-06-19,,,0.0,0.0,0.0
1958-06-20,,,64.0,0.0,0.0
1958-06-21,,,0.0,0.0,0.0
1958-06-22,,,0.0,0.0,0.0
1958-06-23,,,0.0,0.0,0.0
1958-06-24,,,25.0,0.0,0.0
1958-06-25,,,8.0,0.0,0.0
1958-06-26,,,0.0,0.0,0.0
1958-06-27,,,0.0,0.0,0.0
1958-06-28,,,0.0,0.0,0.0
1958-06-29,,,0.0,0.0,0.0
1958-06-30,,,0.0,0.0,0.0
1958-07-01,,,25.0,0.0,0.0
1958-07-02,,,64.0,0.0,0.0
1958-07-03,,,0.0,0.0,0.0
1958-07-04,,,71.0,0.0,0.0
1958-07-05,,,0.0,0.0,0.0
1958-07-06,,,0.0,0.0,0.0
1958-07-07,,,0.0,0.0,0.0
1958-07-08,,,0.0,0.0,0.0
1958-07-09,,,0.0,0.0,0.0
1958-07-10,,,0.0,0.0,0.0
1958-07-11,,,193.0,0.0,0.0
1958-07-12,,,0.0,0.0,0.0
1958-07-13,,,0.0,0.0,0.0
1958-07-14,,,76.0,0.0,0.0
1958-07-15,,,0.0,0.0,0.0
1958-07-16,,,0.0,0.0,0.0
1958-07-17,,,10.0,0.0,0.0
1958-07-18,,,0.0,0.0,0.0
1958-07-19,,,51.0,0.0,0.0
1958-07-20,,,0.0,0.0,0.0
1958-07-21,,,0.0,0.0,0.0
1958-07-22,,,0.0,0.0,0.0
1958-07-23,,,0.0,0.0,0.0
1958-07-24,,,0.0,0.0,0.0
1958-07-25,,,0.0,0.0,0.0
1958-07-26,,,0.0,0.0,0.0
1958-07-27,,,25.0,0.0,0.0
1958-07-28,,,0.0,0.0,0.0
1958-07-29,,,0.0,0.0,0.0
1958-07-30,,,300.0,0.0,0.0
1958-07-31,,,277.0,0.0,0.0
1958-08-01,,,0.0,0.0,0.0
1958-08-02,,,0.0,0.0,0.0
1958-08-03,,,0.0,0.0,0.0
1958-08-04,,,0.0,0.0,0.0
1958-08-05,,,0.0,0.0,0.0
1958-08-06,,,460.0,0.0,0.0
1958-08-07,,,86.0,0.0,0.0
1958-08-08,,,0.0,0.0,0.0
1958-08-09,,,0.0,0.0,0.0
1958-08-10,,,0.0,0.0,0.0
1958-08-11,,,0.0,0.0,0.0
1958-08-12,,,0.0,0.0,0.0
1958-08-13,,,0.0,0.0,0.0
1958-08-14,,,0.0,0.0,0.0
1958-08-15,,,122.0,0.0,0.0
1958-08-16,,,0.0,0.0,0.0
1958-08-17,,,0.0,0.0,0.0
1958-08-18,,,0.0,0.0,0.0
1958-08-19,,,0.0,0.0,0.0
1958-08-20,,,0.0,0.0,0.0
1958-08-21,,,0.0,0.0,0.0
1958-08-22,,,0.0,0.0,0.0
1958-08-23,,,0.0,0.0,0.0
1958-08-24,,,0.0,0.0,0.0
1958-08-25,,,0.0,0.0,0.0
1958-08-26,,,0.0,0.0,0.0
1958-08-27,,,0.0,0.0,0.0
1958-08-28,,,0.0,0.0,0.0
1958-08-29,,,0.0,0.0,0.0
1958-08-30,,,0.0,0.0,0.0
1958-08-31,,,183.0,0.0,0.0
1958-09-01,,,0.0,0.0,0.0
1958-09-02,,,0.0,0.0,0.0
1958-09-03,,,51.0,0.0,0.0
1958-09-04,,,0.0,0.0,0.0
1958-09-05,,,102.0,0.0,0.0
1958-09-06,,,0.0,0.0,0.0
1958-09-07,,,0.0,0.0,0.0
1958-09-08,,,0.0,0.0,0.0
1958-09-09,,,0.0,0.0,0.0
1958-09-10,,,0.0,0.0,0.0
1958-09-11,,,0.0,0.0,0.0
1958-09-12,,,0.0,0.0,0.0
1958-09-13,,,0.0,0.0,0.0
1958-09-14,,,0.0,0.0,0.0
1958-09-15,,,8.0,0.0,0.0
1958-09-16,,,0.0,0.0,0.0
1958-09-17,,,356.0,0.0,0.0
1958-09-18,,,0.0,0.0,0.0
1958-09-19,,,0.0,0.0,0.0
1958-09-20,,,0.0,0.0,0.0
1958-09-21,,,155.0,0.0,0.0
1958-09-22,,,0.0,0.0,0.0
1958-09-23,,,119.0,0.0,0.0
1958-09-24,,,0.0,0.0,0.0
1958-09-25,,,0.0,0.0,0.0
1958-09-26,,,0.0,0.0,0.0
1958-09-27,,,0.0,0.0,0.0
1958-09-28,,,0.0,0.0,0.0
1958-09-29,,,0.0,0.0,0.0
1958-09-30,,,84.0,0.0,0.0
1958-10-01,,,0.0,0.0,0.0
1958-10-02,,,0.0,0.0,0.0
1958-10-03,,,0.0,0.0,0.0
1958-10-04,,,0.0,0.0,0.0
1958-10-05,,,0.0,0.0,0.0
1958-10-06,,,0.0,0.0,0.0
1958-10-07,,,124.0,0.0,0.0
1958-10-08,,,30.0,0.0,0.0
1958-10-09,,,69.0,0.0,0.0
1958-10-10,,,0.0,0.0,0.0
1958-10-11,,,0.0,0.0,0.0
1958-10-12,,,0.0,0.0,0.0
1958-10-13,,,0.0,0.0,0.0
1958-10-14,,,0.0,0.0,0.0
1958-10-15,,,0.0,0.0,0.0
1958-10-16,,,0.0,0.0,0.0
1958-10-17,,,10.0,0.0,0.0
1958-10-18,,,0.0,0.0,0.0
1958-10-19,,,0.0,0.0,0.0
1958-10-20,,,0.0,0.0,0.0
1958-10-21,,,0.0,0.0,0.0
1958-10-22,,,,0.0,0.0
1958-10-23,,,0.0,0.0,0.0
1958-10-24,,,0.0,0.0,0.0
1958-10-25,,,0.0,0.0,0.0
1958-10-26,,,0.0,0.0,0.0
1958-10-27,,,0.0,0.0,0.0
1958-10-28,,,0.0,0.0,0.0
1958-10-29,,,0.0,0.0,0.0
1958-10-30,,,0.0,0.0,0.0
1958-10-31,,,0.0,0.0,0.0
1958-11-01,,,0.0,0.0,0.0
1958-11-02,,,0.0,0.0,0.0
1958-11-03,,,0.0,0.0,0.0
1958-11-04,,,0.0,0.0,0.0
1958-11-05,,,0.0,0.0,0.0
1958-11-06,,,0.0,0.0,0.0
1958-11-07,,,0.0,0.0,0.0
1958-11-08,,,51.0,0.0,0.0
1958-11-09,,,5.0,0.0,0.0
1958-11-10,,,0.0,0.0,0.0
1958-11-11,,,0.0,0.0,0.0
1958-11-12,,,0.0,0.0,0.0
1958-11-13,,,15.0,0.0,0.0
1958-11-14,,,0.0,0.0,0.0
1958-11-15,,,0.0,0.0,0.0
1958-11-16,,,0.0,0.0,0.0
1958-11-17,,,107.0,0.0,0.0
1958-11-18,,,0.0,0.0,0.0
1958-11-19,,,0.0,0.0,0.0
1958-11-20,,,0.0,0.0,0.0
1958-11-21,,,0.0,0.0,0.0
1958-11-22,,,0.0,0.0,0.0
1958-11-23,,,0.0,0.0,0.0
1958-11-24,,,0.0,0.0,0.0
1958-11-25,,,56.0,0.0,0.0
1958-11-26,,,0.0,0.0,0.0
1958-11-27,,,0.0,0.0,0.0
1958-11-28,,,0.0,0.0,0.0
1958-11-29,,,0.0,0.0,0.0
1958-11-30,,,0.0,0.0,0.0
1958-12-01,,,0.0,0.0,0.0
1958-12-02,,,0.0,0.0,0.0
1958-12-03,,,15.0,0.0,0.0
1958-12-04,,,0.0,0.0,0.0
1958-12-05,,,0.0,0.0,0.0
1958-12-06,,,0.0,0.0,0.0
1958-12-07,,,0.0,0.0,0.0
1958-12-08,,,13.0,102.0,94.0
1958-12-09,,,0.0,102.0,0.0
1958-12-10,,,0.0,102.0,0.0
1958-12-11,,,0.0,102.0,13.0
1958-12-12,,,0.0,102.0,0.0
1958-12-13,,,0.0,102.0,0.0
1958-12-14,,,0.0,102.0,0.0
1958-12-15,,,0.0,76.0,0.0
1958-12-16,,,0.0,76.0,0.0
1958-12-17,,,0.0,51.0,0.0
1958-12-18,,,0.0,25.0,0.0
1958-12-19,,,0.0,0.0,0.0
1958-12-20,,,0.0,0.0,0.0
1958-12-21,,,0.0,0.0,0.0
1958-12-22,,,0.0,0.0,0.0
1958-12-23,,,0.0,0.0,0.0
1958-12-24,,,0.0,0.0,0.0
1958-12-25,,,0.0,0.0,0.0
1958-12-26,,,0.0,0.0,0.0
1958-12-27,,,0.0,0.0,0.0
1958-12-28,,,0.0,0.0,0.0
1958-12-29,,,0.0,0.0,0.0
1958-12-30,,,0.0,0.0,0.0
1958-12-31,,,104.0,102.0,91.0
1959-01-01,,,,102.0,
1959-01-02,,,0.0,102.0,0.0
1959-01-03,,,5.0,127.0,23.0
1959-01-04,,,0.0,127.0,0.0
1959-01-05,,,0.0,127.0,0.0
1959-01-06,,,0.0,127.0,0.0
1959-01-07,,,0.0,127.0,0.0
1959-01-08,,,0.0,127.0,0.0
1959-01-09,,,0.0,127.0,0.0
1959-01-10,,,0.0,102.0,0.0
1959-01-11,,,0.0,76.0,0.0
1959-01-12,,,0.0,51.0,0.0
1959-01-13,,,0.0,25.0,0.0
1959-01-14,,,5.0,0.0,0.0
1959-01-15,,,0.0,0.0,0.0
1959-01-16,,,0.0,0.0,0.0
1959-01-17,,,0.0,0.0,0.0
1959-01-18,,,0.0,0.0,0.0
1959-01-19,,,25.0,25.0,28.0
1959-01-20,,,0.0,51.0,18.0
1959-01-21,,,,127.0,
1959-01-22,,,,203.0,
1959-01-23,,,0.0,203.0,0.0
1959-01-24,,,0.0,178.0,0.0
1959-01-25,,,0.0,127.0,0.0
1959-01-26,,,0.0,102.0,0.0
1959-01-27,,,5.0,76.0,0.0
1959-01-28,,,0.0,51.0,0.0
1959-01-29,,,43.0,51.0,0.0
1959-01-30,,,0.0,51.0,0.0
1959-01-31,,,0.0,51.0,0.0
1959-02-01,,,0.0,51.0,0.0
1959-02-02,,,0.0,51.0,0.0
1959-02-03,,,10.0,76.0,18.0
1959-02-04,,,0.0,51.0,0.0
1959-02-05,,,0.0,51.0,0.0
1959-02-06,,,0.0,51.0,0.0
1959-02-07,,,0.0,25.0,0.0
1959-02-08,,,0.0,25.0,0.0
1959-02-09,,,229.0,0.0,0.0
1959-02-10,,,104.0,0.0,8.0
1959-02-11,,,0.0,0.0,0.0
1959-02-12,,,15.0,0.0,0.0
1959-02-13,,,0.0,0.0,0.0
1959-02-14,,,0.0,0.0,0.0
1959-02-15,,,0.0,0.0,0.0
1959-02-16,,,0.0,0.0,0.0
1959-02-17,,,0.0,0.0,0.0
1959-02-18,,,0.0,0.0,15.0
1959-02-19,,,0.0,0.0,0.0
1959-02-20,,,0.0,0.0,0.0
1959-02-21,,,0.0,0.0,0.0
1959-02-22,,,5.0,0.0,0.0
1959-02-23,,,76.0,0.0,0.0
1959-02-24,,,0.0,0.0,0.0
1959-02-25,,,0.0,0.0,0.0
1959-02-26,,,15.0,0.0,5.0
1959-02-27,,,0.0,0.0,0.0
1959-02-28,,,0.0,0.0,0.0
1959-03-01,,,0.0,0.0,0.0
1959-03-02,,,5.0,0.0,0.0
1959-03-03,,,0.0,0.0,0.0
1959-03-04,,,0.0,0.0,0.0
1959-03-05,,,71.0,51.0,48.0
1959-03-06,,,0.0,51.0,0.0
1959-03-07,,,0.0,25.0,0.0
1959-03-08,,,0.0,0.0,0.0
1959-03-09,,,0.0,0.0,0.0
1959-03-10,,,46.0,0.0,3.0
1959-03-11,,,0.0,0.0,0.0
1959-03-12,,,0.0,0.0,0.0
1959-03-13,,,0.0,0.0,0.0
1959-03-14,,,0.0,0.0,0.0
1959-03-15,,,236.0,25.0,64.0
1959-03-16,,,0.0,0.0,0.0
1959-03-17,,,0.0,0.0,0.0
1959-03-18,,,0.0,0.0,0.0
1959-03-19,,,0.0,0.0,0.0
1959-03-20,,,0.0,0.0,0.0
1959-03-21,,,0.0,0.0,0.0
1959-03-22,,,0.0,0.0,0.0
1959-03-23,,,0.0,0.0,0.0
1959-03-24,,,0.0,0.0,0.0
1959-03-25,,,8.0,0.0,0.0
1959-03-26,,,180.0,0.0,0.0
1959-03-27,,,66.0,0.0,0.0
1959-03-28,,,0.0,0.0,0.0
1959-03-29,,,0.0,0.0,0.0
1959-03-30,,,76.0,0.0,0.0
1959-03-31,,,8.0,0.0,0.0
1959-04-01,,,152.0,0.0,0.0
1959-04-02,,,0.0,0.0,0.0
1959-04-03,,,33.0,0.0,0.0
1959-04-04,,,0.0,0.0,0.0
1959-04-05,,,0.0,0.0,0.0
1959-04-06,,,0.0,0.0,0.0
1959-04-07,,,0.0,0.0,0.0
1959-04-08,,,41.0,0.0,0.0
1959-04-09,,,0.0,0.0,0.0
1959-04-10,,,0.0,0.0,0.0
1959-04-11,,,0.0,0.0,0.0
1959-04-12,,,0.0,0.0,0.0
1959-04-13,,,0.0,0.0,0.0
1959-04-14,,,0.0,0.0,0.0
1959-04-15,,,0.0,0.0,0.0
1959-04-16,,,0.0,0.0,0.0
1959-04-17,,,178.0,0.0,0.0
1959-04-18,,,0.0,0.0,0.0
1959-04-19,,,0.0,0.0,0.0
1959-04-20,,,124.0,0.0,8.0
1959-04-21,,,0.0,0.0,0.0
1959-04-22,,,0.0,0.0,0.0
1959-04-23,,,0.0,0.0,0.0
1959-04-24,,,0.0,0.0,0.0
1959-04-25,,,0.0,0.0,0.0
1959-04-26,,,10.0,0.0,0.0
1959-04-27,,,305.0,0.0,0.0
1959-04-28,,,559.0,0.0,0.0
1959-04-29,,,0.0,0.0,0.0
1959-04-30,,,0.0,0.0,0.0
1959-05-01,,,0.0,0.0,0.0
1959-05-02,,,0.0,0.0,0.0
1959-05-03,,,0.0,0.0,0.0
1959-05-04,,,0.0,0.0,0.0
1959-05-05,,,0.0,0.0,0.0
1959-05-06,,,0.0,0.0,0.0
1959-05-07,,,0.0,0.0,0.0
1959-05-08,,,0.0,0.0,0.0
1959-05-09,,,8.0,0.0,0.0
1959-05-10,,,81.0,0.0,0.0
1959-05-11,,,127.0,0.0,0.0
1959-05-12,,,0.0,0.0,0.0
1959-05-13,,,0.0,0.0,0.0
1959-05-14,,,8.0,0.0,0.0
1959-05-15,,,0.0,0.0,0.0
1959-05-16,,,0.0,0.0,0.0
1959-05-17,,,0.0,0.0,0.0
1959-05-18,,,0.0,0.0,0.0
1959-05-19,,,307.0,0.0,0.0
1959-05-20,,,0.0,0.0,0.0
1959-05-21,,,33.0,0.0,0.0
1959-05-22,,,53.0,0.0,0.0
1959-05-23,,,0.0,0.0,0.0
1959-05-24,,,0.0,0.0,0.0
1959-05-25,,,0.0,0.0,0.0
1959-05-26,,,0.0,0.0,0.0
1959-05-27,,,25.0,0.0,0.0
1959-05-28,,,0.0,0.0,0.0
1959-05-29,,,140.0,0.0,0.0
1959-05-30,,,229.0,0.0,0.0
1959-05-31,,,33.0,0.0,0.0
1959-06-01,,,0.0,0.0,0.0
1959-06-02,,,0.0,0.0,0.0
1959-06-03,,,0.0,0.0,0.0
1959-06-04,,,0.0,0.0,0.0
1959-06-05,,,0.0,0.0,0.0
1959-06-06,,,0.0,0.0,0.0
1959-06-07,,,160.0,0.0,0.0
1959-06-08,,,0.0,0.0,0.0
1959-06-09,,,0.0,0.0,0.0
1959-06-10,,,0.0,0.0,0.0
1959-06-11,,,0.0,0.0,0.0
1959-06-12,,,0.0,0.0,0.0
1959-06-13,,,0.0,0.0,0.0
1959-06-14,,,0.0,0.0,0.0
1959-06-15,,,0.0,0.0,0.0
1959-06-16,,,0.0,0.0,0.0
1959-06-17,,,0.0,0.0,0.0
1959-06-18,,,0.0,0.0,0.0
1959-06-19,,,0.0,0.0,0.0
1959-06-20,,,0.0,0.0,0.0
1959-06-21,,,0.0,0.0,0.0
1959-06-22,,,109.0,0.0,0.0
1959-06-23,,,0.0,0.0,0.0
1959-06-24,,,0.0,0.0,0.0
1959-06-25,,,127.0,0.0,0.0
1959-06-26,,,0.0,0.0,0.0
1959-06-27,,,8.0,0.0,0.0
1959-06-28,,,0.0,0.0,0.0
1959-06-29,,,0.0,0.0,0.0
1959-06-30,,,218.0,0.0,0.0
1959-07-01,,,58.0,0.0,0.0
1959-07-02,,,0.0,0.0,0.0
1959-07-03,,,0.0,0.0,0.0
1959-07-04,,,91.0,0.0,0.0
1959-07-05,,,0.0,0.0,0.0
1959-07-06,,,0.0,0.0,0.0
1959-07-07,,,0.0,0.0,0.0
1959-07-08,,,0.0,0.0,0.0
1959-07-09,,,135.0,0.0,0.0
1959-07-10,,,0.0,0.0,0.0
1959-07-11,,,79.0,0.0,0.0
1959-07-12,,,0.0,0.0,0.0
1959-07-13,,,152.0,0.0,0.0
1959-07-14,,,0.0,0.0,0.0
1959-07-15,,,0.0,0.0,0.0
1959-07-16,,,0.0,0.0,0.0
1959-07-17,,,0.0,0.0,0.0
1959-07-18,,,173.0,0.0,0.0
1959-07-19,,,0.0,0.0,0.0
1959-07-20,,,0.0,0.0,0.0
1959-07-21,,,0.0,0.0,0.0
1959-07-22,,,0.0,0.0,0.0
1959-07-23,,,432.0,0.0,0.0
1959-07-24,,,0.0,0.0,0.0
1959-07-25,,,0.0,0.0,0.0
1959-07-26,,,0.0,0.0,0.0
1959-07-27,,,0.0,0.0,0.0
1959-07-28,,,8.0,0.0,0.0
1959-07-29,,,0.0,0.0,0.0
1959-07-30,,,104.0,0.0,0.0
1959-07-31,,,0.0,0.0,0.0
1959-08-01,,,0.0,0.0,0.0
1959-08-02,,,8.0,0.0,0.0
1959-08-03,,,229.0,0.0,0.0
1959-08-04,,,0.0,0.0,0.0
1959-08-05,,,0.0,0.0,0.0
1959-08-06,,,185.0,0.0,0.0
1959-08-07,,,84.0,0.0,0.0
1959-08-08,,,0.0,0.0,0.0
1959-08-09,,,0.0,0.0,0.0
1959-08-10,,,0.0,0.0,0.0
1959-08-11,,,0.0,0.0,0.0
1959-08-12,,,0.0,0.0,0.0
1959-08-13,,,0.0,0.0,0.0
1959-08-14,,,0.0,0.0,0.0
1959-08-15,,,0.0,0.0,0.0
1959-08-16,,,254.0,0.0,0.0
1959-08-17,,,0.0,0.0,0.0
1959-08-18,,,0.0,0.0,0.0
1959-08-19,,,0.0,0.0,0.0
1959-08-20,,,0.0,0.0,0.0
1959-08-21,,,0.0,0.0,0.0
1959-08-22,,,0.0,0.0,0.0
1959-08-23,,,8.0,0.0,0.0
1959-08-24,,,0.0,0.0,0.0
1959-08-25,,,0.0,0.0,0.0
1959-08-26,,,124.0,0.0,0.0
1959-08-27,,,0.0,0.0,0.0
1959-08-28,,,0.0,0.0,0.0
1959-08-29,,,0.0,0.0,0.0
1959-08-30,,,0.0,0.0,0.0
1959-08-31,,,0.0,0.0,0.0
1959-09-01,,,0.0,0.0,0.0
1959-09-02,,,0.0,0.0,0.0
1959-09-03,,,0.0,0.0,0.0
1959-09-04,,,0.0,0.0,0.0
1959-09-05,,,0.0,0.0,0.0
1959-09-06,,,0.0,0.0,0.0
1959-09-07,,,0.0,0.0,0.0
1959-09-08,,,0.0,0.0,0.0
1959-09-09,,,25.0,0.0,0.0
1959-09-10,,,0.0,0.0,0.0
1959-09-11,,,0.0,0.0,0.0
1959-09-12,,,0.0,0.0,0.0
1959-09-13,,,0.0,0.0,0.0
1959-09-14,,,0.0,0.0,0.0
1959-09-15,,,0.0,0.0,0.0
1959-09-16,,,0.0,0.0,0.0
1959-09-17,,,0.0,0.0,0.0
1959-09-18,,,0.0,0.0,0.0
1959-09-19,,,0.0,0.0,0.0
1959-09-20,,,0.0,0.0,0.0
1959-09-21,,,386.0,0.0,0.0
1959-09-22,,,0.0,0.0,0.0
1959-09-23,,,122.0,0.0,0.0
1959-09-24,,,0.0,0.0,0.0
1959-09-25,,,13.0,0.0,0.0
1959-09-26,,,155.0,0.0,0.0
1959-09-27,,,10.0,0.0,0.0
1959-09-28,,,180.0,0.0,0.0
1959-09-29,,,0.0,0.0,0.0
1959-09-30,,,0.0,0.0,0.0
1959-10-01,,,0.0,0.0,0.0
1959-10-02,,,132.0,0.0,0.0
1959-10-03,,,0.0,0.0,0.0
1959-10-04,,,155.0,0.0,0.0
1959-10-05,,,259.0,0.0,0.0
1959-10-06,,,724.0,0.0,0.0
1959-10-07,,,25.0,0.0,0.0
1959-10-08,,,0.0,0.0,0.0
1959-10-09,,,0.0,0.0,0.0
1959-10-10,,,0.0,0.0,0.0
1959-10-11,,,0.0,0.0,0.0
1959-10-12,,,0.0,0.0,0.0
1959-10-13,,,0.0,0.0,0.0
1959-10-14,,,0.0,0.0,0.0
1959-10-15,,,0.0,0.0,0.0
1959-10-16,,,0.0,0.0,0.0
1959-10-17,,,0.0,0.0,0.0
1959-10-18,,,0.0,0.0,0.0
1959-10-19,,,0.0,0.0,0.0
1959-10-20,,,0.0,0.0,0.0
1959-10-21,,,0.0,0.0,0.0
1959-10-22,,,0.0,0.0,0.0
1959-10-23,,,0.0,0.0,0.0
1959-10-24,,,0.0,0.0,0.0
1959-10-25,,,0.0,0.0,0.0
1959-10-26,,,0.0,0.0,0.0
1959-10-27,,,0.0,0.0,0.0
1959-10-28,,,0.0,0.0,0.0
1959-10-29,,,0.0,0.0,0.0
1959-10-30,,,,0.0,0.0
1959-10-31,,,,0.0,0.0
1959-11-01,,,0.0,0.0,0.0
1959-11-02,,,0.0,0.0,0.0
1959-11-03,,,0.0,0.0,0.0
1959-11-04,,,58.0,0.0,0.0
1959-11-05,,,25.0,0.0,0.0
1959-11-06,,,0.0,0.0,0.0
1959-11-07,,,0.0,0.0,0.0
1959-11-08,,,0.0,0.0,0.0
1959-11-09,,,0.0,0.0,0.0
1959-11-10,,,0.0,0.0,0.0
1959-11-11,,,0.0,0.0,0.0
1959-11-12,,,94.0,152.0,140.0
1959-11-13,,,0.0,152.0,0.0
1959-11-14,,,0.0,127.0,0.0
1959-11-15,,,0.0,102.0,0.0
1959-11-16,,,0.0,102.0,0.0
1959-11-17,,,0.0,76.0,0.0
1959-11-18,,,0.0,51.0,0.0
1959-11-19,,,0.0,25.0,0.0
1959-11-20,,,0.0,25.0,0.0
1959-11-21,,,0.0,0.0,0.0
1959-11-22,,,0.0,0.0,0.0
1959-11-23,,,8.0,0.0,0.0
1959-11-24,,,0.0,0.0,0.0
1959-11-25,,,0.0,0.0,0.0
1959-11-26,,,20.0,0.0,10.0
1959-11-27,,,0.0,0.0,0.0
1959-11-28,,,0.0,0.0,0.0
1959-11-29,,,0.0,0.0,0.0
1959-11-30,,,0.0,0.0,0.0
1959-12-01,,,0.0,0.0,0.0
1959-12-02,,,0.0,0.0,0.0
1959-12-03,,,0.0,0.0,0.0
1959-12-04,,,0.0,0.0,0.0
1959-12-05,,,0.0,0.0,0.0
1959-12-06,,,0.0,0.0,0.0
1959-12-07,,,0.0,0.0,0.0
1959-12-08,,,0.0,0.0,0.0
1959-12-09,,,0.0,0.0,0.0
1959-12-10,,,0.0,0.0,0.0
1959-12-11,,,206.0,0.0,0.0
1959-12-12,,,0.0,0.0,0.0
1959-12-13,,,0.0,0.0,0.0
1959-12-14,,,0.0,0.0,0.0
1959-12-15,,,0.0,0.0,0.0
1959-12-16,,,0.0,0.0,0.0
1959-12-17,,,0.0,0.0,0.0
1959-12-18,,,0.0,0.0,0.0
1959-12-19,,,0.0,0.0,0.0
1959-12-20,,,0.0,0.0,0.0
1959-12-21,,,5.0,0.0,10.0
1959-12-22,,,0.0,0.0,0.0
1959-12-23,,,127.0,51.0,53.0
1959-12-24,,,0.0,25.0,0.0
1959-12-25,,,0.0,0.0,0.0
1959-12-26,,,48.0,0.0,0.0
1959-12-27,,,191.0,0.0,0.0
1959-12-28,,,69.0,51.0,51.0
1959-12-29,,,0.0,25.0,0.0
1959-12-30,,,0.0,0.0,0.0
1959-12-31,,,0.0,0.0,0.0
1960-01-01,,,0.0,0.0,0.0
1960-01-02,,,0.0,0.0,0.0
1960-01-03,,,0.0,0.0,0.0
1960-01-04,,,0.0,0.0,0.0
1960-01-05,,,0.0,0.0,0.0
1960-01-06,,,0.0,0.0,0.0
1960-01-07,,,0.0,0.0,0.0
1960-01-08,,,0.0,0.0,0.0
1960-01-09,,,0.0,0.0,0.0
1960-01-10,,,0.0,0.0,0.0
1960-01-11,,,0.0,0.0,0.0
1960-01-12,,,409.0,0.0,0.0
1960-01-13,,,25.0,0.0,0.0
1960-01-14,,,0.0,0.0,0.0
1960-01-15,,,122.0,25.0,18.0
1960-01-16,,,0.0,0.0,0.0
1960-01-17,,,0.0,0.0,0.0
1960-01-18,,,66.0,127.0,117.0
1960-01-19,,,0.0,127.0,0.0
1960-01-20,,,0.0,127.0,0.0
1960-01-21,,,0.0,102.0,0.0
1960-01-22,,,0.0,102.0,0.0
1960-01-23,,,0.0,102.0,0.0
1960-01-24,,,0.0,76.0,0.0
1960-01-25,,,0.0,76.0,0.0
1960-01-26,,,0.0,76.0,0.0
1960-01-27,,,5.0,76.0,0.0
1960-01-28,,,0.0,76.0,0.0
1960-01-29,,,25.0,76.0,15.0
1960-01-30,,,0.0,76.0,0.0
1960-01-31,,,0.0,51.0,0.0
1960-02-01,,,0.0,76.0,0.0
1960-02-02,,,0.0,76.0,0.0
1960-02-03,,,0.0,76.0,0.0
1960-02-04,,,0.0,51.0,0.0
1960-02-05,,,58.0,51.0,0.0
1960-02-06,,,5.0,51.0,0.0
1960-02-07,,,0.0,25.0,0.0
1960-02-08,,,0.0,25.0,0.0
1960-02-09,,,,,
1960-02-10,,,,152.0,
1960-02-11,,,0.0,152.0,0.0
1960-02-12,,,0.0,152.0,0.0
1960-02-13,,,0.0,127.0,0.0
1960-02-14,,,0.0,127.0,0.0
1960-02-15,,,0.0,127.0,0.0
1960-02-16,,,0.0,127.0,0.0
1960-02-17,,,0.0,127.0,0.0
1960-02-18,,,0.0,102.0,0.0
1960-02-19,,,0.0,76.0,0.0
1960-02-20,,,0.0,76.0,0.0
1960-02-21,,,58.0,178.0,107.0
1960-02-22,,,0.0,178.0,0.0
1960-02-23,,,0.0,152.0,0.0
1960-02-24,,,38.0,203.0,61.0
1960-02-25,,,15.0,229.0,18.0
1960-02-26,,,0.0,229.0,0.0
1960-02-27,,,0.0,229.0,0.0
1960-02-28,,,13.0,229.0,25.0
1960-02-29,,,0.0,229.0,0.0
