DATE,TMAX,TMIN,PRCP,SNWD,SNOW
1962-03-01,,,,0.0,0.0
1962-03-02,,,,0.0,0.0
1962-03-03,183.0,22.0,0.0,0.0,0.0
1962-03-04,167.0,44.0,0.0,0.0,0.0
1962-03-05,150.0,6.0,0.0,0.0,0.0
1962-03-06,133.0,22.0,0.0,0.0,0.0
1962-03-07,156.0,56.0,0.0,0.0,0.0
1962-03-08,200.0,106.0,25.0,0.0,0.0
1962-03-09,200.0,56.0,0.0,0.0,0.0
1962-03-10,217.0,122.0,71.0,0.0,0.0
1962-03-11,233.0,72.0,13.0,0.0,0.0
1962-03-12,211.0,50.0,0.0,0.0,0.0
1962-03-13,150.0,11.0,0.0,0.0,0.0
1962-03-14,106.0,-11.0,76.0,,
1962-03-15,128.0,0.0,0.0,0.0,0.0
1962-03-16,194.0,11.0,0.0,0.0,0.0
1962-03-17,211.0,100.0,0.0,0.0,0.0
1962-03-18,211.0,106.0,0.0,0.0,0.0
1962-03-19,217.0,117.0,0.0,0.0,0.0
1962-03-20,250.0,139.0,61.0,0.0,0.0
1962-03-21,261.0,83.0,0.0,0.0,0.0
1962-03-22,183.0,67.0,0.0,0.0,0.0
1962-03-23,239.0,72.0,0.0,0.0,0.0
1962-03-24,233.0,133.0,56.0,0.0,0.0
1962-03-25,206.0,89.0,0.0,0.0,0.0
1962-03-26,222.0,44.0,0.0,0.0,0.0
1962-03-27,256.0,89.0,0.0,0.0,0.0
1962-03-28,267.0,156.0,0.0,0.0,0.0
1962-03-29,256.0,94.0,0.0,0.0,0.0
1962-03-30,189.0,22.0,147.0,0.0,0.0
1962-03-31,156.0,56.0,135.0,0.0,0.0
1962-04-01,156.0,33.0,0.0,0.0,0.0
1962-04-02,150.0,,0.0,0.0,0.0
1962-04-03,211.0,,0.0,0.0,0.0
1962-04-04,189.0,,74.0,0.0,0.0
1962-04-05,139.0,,23.0,0.0,0.0
1962-04-06,172.0,,0.0,0.0,0.0
1962-04-07,167.0,,0.0,0.0,0.0
1962-04-08,200.0,94.0,0.0,0.0,0.0
1962-04-09,228.0,,0.0,0.0,0.0
1962-04-10,278.0,183.0,0.0,0.0,0.0
1962-04-11,267.0,,508.0,0.0,0.0
1962-04-12,206.0,,0.0,0.0,0.0
1962-04-13,250.0,,0.0,0.0,0.0
1962-04-14,261.0,172.0,0.0,0.0,0.0
1962-04-15,256.0,139.0,0.0,0.0,0.0
1962-04-16,233.0,100.0,0.0,0.0,0.0
1962-04-17,206.0,,0.0,0.0,0.0
1962-04-18,256.0,150.0,0.0,0.0,0.0
1962-04-19,283.0,183.0,0.0,0.0,0.0
1962-04-20,278.0,172.0,0.0,0.0,0.0
1962-04-21,267.0,172.0,0.0,0.0,0.0
1962-04-22,256.0,,0.0,0.0,0.0
1962-04-23,228.0,,279.0,0.0,0.0
1962-04-24,194.0,,157.0,0.0,0.0
1962-04-25,217.0,122.0,38.0,0.0,0.0
1962-04-26,256.0,167.0,0.0,0.0,0.0
1962-04-27,250.0,128.0,305.0,0.0,0.0
1962-04-28,261.0,167.0,157.0,0.0,0.0
1962-04-29,289.0,189.0,0.0,0.0,0.0
1962-04-30,283.0,150.0,84.0,0.0,0.0
1962-05-01,233.0,133.0,0.0,0.0,0.0
1962-05-02,250.0,150.0,0.0,0.0,0.0
1962-05-03,256.0,156.0,0.0,0.0,0.0
1962-05-04,267.0,172.0,0.0,0.0,0.0
1962-05-05,283.0,172.0,0.0,0.0,0.0
1962-05-06,289.0,189.0,0.0,0.0,0.0
1962-05-07,294.0,194.0,0.0,0.0,0.0
1962-05-08,294.0,189.0,0.0,0.0,0.0
1962-05-09,300.0,200.0,0.0,0.0,0.0
1962-05-10,294.0,183.0,0.0,0.0,0.0
1962-05-11,289.0,189.0,0.0,0.0,0.0
1962-05-12,300.0,194.0,0.0,0.0,0.0
1962-05-13,311.0,200.0,0.0,0.0,0.0
1962-05-14,306.0,200.0,0.0,0.0,0.0
1962-05-15,311.0,206.0,0.0,0.0,0.0
1962-05-16,306.0,189.0,0.0,0.0,0.0
1962-05-17,317.0,206.0,0.0,0.0,0.0
1962-05-18,306.0,200.0,0.0,0.0,0.0
1962-05-19,311.0,200.0,0.0,0.0,0.0
1962-05-20,311.0,217.0,0.0,0.0,0.0
1962-05-21,311.0,200.0,0.0,0.0,0.0
1962-05-22,289.0,172.0,0.0,0.0,0.0
1962-05-23,322.0,222.0,0.0,0.0,0.0
1962-05-24,328.0,233.0,0.0,0.0,0.0
1962-05-25,356.0,228.0,0.0,0.0,0.0
1962-05-26,322.0,222.0,0.0,0.0,0.0
1962-05-27,328.0,228.0,0.0,0.0,0.0
1962-05-28,322.0,189.0,0.0,0.0,0.0
1962-05-29,294.0,200.0,508.0,0.0,0.0
1962-05-30,322.0,217.0,0.0,0.0,0.0
1962-05-31,317.0,183.0,51.0,0.0,0.0
1962-06-01,289.0,150.0,0.0,0.0,0.0
1962-06-02,278.0,178.0,0.0,0.0,0.0
1962-06-03,267.0,150.0,13.0,0.0,0.0
1962-06-04,300.0,217.0,0.0,0.0,0.0
1962-06-05,322.0,211.0,0.0,0.0,0.0
1962-06-06,317.0,222.0,0.0,0.0,0.0
1962-06-07,311.0,194.0,267.0,0.0,0.0
1962-06-08,311.0,206.0,76.0,0.0,0.0
1962-06-09,294.0,172.0,76.0,0.0,0.0
1962-06-10,306.0,,0.0,0.0,0.0
1962-06-11,306.0,211.0,0.0,0.0,0.0
1962-06-12,322.0,,97.0,0.0,0.0
1962-06-13,306.0,194.0,0.0,0.0,0.0
1962-06-14,300.0,200.0,0.0,0.0,0.0
1962-06-15,311.0,206.0,0.0,0.0,0.0
1962-06-16,322.0,,0.0,0.0,0.0
1962-06-17,344.0,,0.0,0.0,0.0
1962-06-18,350.0,,508.0,0.0,0.0
1962-06-19,344.0,,0.0,0.0,0.0
1962-06-20,350.0,,0.0,0.0,0.0
1962-06-21,344.0,,0.0,0.0,0.0
1962-06-22,333.0,,0.0,0.0,0.0
1962-06-23,328.0,,0.0,0.0,0.0
1962-06-24,333.0,,0.0,0.0,0.0
1962-06-25,333.0,,0.0,0.0,0.0
1962-06-26,317.0,,102.0,0.0,0.0
1962-06-27,322.0,,23.0,0.0,0.0
1962-06-28,306.0,,38.0,0.0,0.0
1962-06-29,283.0,222.0,13.0,0.0,0.0
1962-06-30,311.0,,76.0,0.0,0.0
1962-07-01,306.0,,0.0,0.0,0.0
1962-07-02,311.0,,0.0,0.0,0.0
1962-07-03,322.0,,0.0,0.0,0.0
1962-07-04,333.0,,0.0,0.0,0.0
1962-07-05,344.0,,0.0,0.0,0.0
1962-07-06,339.0,,0.0,0.0,0.0
1962-07-07,344.0,,0.0,0.0,0.0
1962-07-08,356.0,,0.0,0.0,0.0
1962-07-09,356.0,,0.0,0.0,0.0
1962-07-10,367.0,,0.0,0.0,0.0
1962-07-11,367.0,,0.0,0.0,0.0
1962-07-12,372.0,,0.0,0.0,0.0
1962-07-13,361.0,,0.0,0.0,0.0
1962-07-14,367.0,,0.0,0.0,0.0
1962-07-15,367.0,,0.0,0.0,0.0
1962-07-16,361.0,,94.0,0.0,0.0
1962-07-17,356.0,,69.0,0.0,0.0
1962-07-18,344.0,,10.0,0.0,0.0
1962-07-19,333.0,,0.0,0.0,0.0
1962-07-20,367.0,,0.0,0.0,0.0
1962-07-21,356.0,,0.0,0.0,0.0
1962-07-22,378.0,,0.0,0.0,0.0
1962-07-23,367.0,,0.0,0.0,0.0
1962-07-24,367.0,,0.0,0.0,0.0
1962-07-25,356.0,,5.0,0.0,0.0
1962-07-26,289.0,,826.0,0.0,0.0
1962-07-27,267.0,,269.0,0.0,0.0
1962-07-28,317.0,,0.0,0.0,0.0
1962-07-29,339.0,,0.0,0.0,0.0
1962-07-30,344.0,,0.0,0.0,0.0
1962-07-31,356.0,,0.0,0.0,0.0
1962-08-01,356.0,,0.0,0.0,0.0
1962-08-02,328.0,,76.0,0.0,0.0
1962-08-03,333.0,222.0,0.0,0.0,0.0
1962-08-04,350.0,222.0,0.0,0.0,0.0
1962-08-05,361.0,244.0,0.0,0.0,0.0
1962-08-06,367.0,250.0,0.0,0.0,0.0
1962-08-07,367.0,239.0,0.0,0.0,0.0
1962-08-08,383.0,228.0,0.0,0.0,0.0
1962-08-09,383.0,233.0,0.0,0.0,0.0
1962-08-10,378.0,239.0,0.0,0.0,0.0
1962-08-11,389.0,228.0,0.0,0.0,0.0
1962-08-12,378.0,239.0,0.0,0.0,0.0
1962-08-13,367.0,206.0,0.0,0.0,0.0
1962-08-14,356.0,211.0,0.0,0.0,0.0
1962-08-15,361.0,206.0,0.0,0.0,0.0
1962-08-16,367.0,211.0,51.0,0.0,0.0
1962-08-17,361.0,194.0,0.0,0.0,0.0
1962-08-18,378.0,200.0,0.0,0.0,0.0
1962-08-19,383.0,217.0,0.0,0.0,0.0
1962-08-20,367.0,222.0,0.0,0.0,0.0
1962-08-21,372.0,228.0,0.0,0.0,0.0
1962-08-22,372.0,222.0,0.0,0.0,0.0
1962-08-23,372.0,228.0,0.0,0.0,0.0
1962-08-24,389.0,244.0,0.0,0.0,0.0
1962-08-25,339.0,211.0,127.0,0.0,0.0
1962-08-26,333.0,183.0,0.0,0.0,0.0
1962-08-27,322.0,178.0,0.0,0.0,0.0
1962-08-28,350.0,222.0,0.0,0.0,0.0
1962-08-29,339.0,228.0,0.0,0.0,0.0
1962-08-30,367.0,211.0,0.0,0.0,0.0
1962-08-31,367.0,244.0,0.0,0.0,0.0
1962-09-01,350.0,206.0,635.0,0.0,0.0
1962-09-02,339.0,239.0,0.0,0.0,0.0
1962-09-03,339.0,233.0,0.0,0.0,0.0
1962-09-04,350.0,239.0,0.0,0.0,0.0
1962-09-05,328.0,217.0,152.0,0.0,0.0
1962-09-06,261.0,206.0,292.0,0.0,0.0
1962-09-07,233.0,189.0,457.0,0.0,0.0
1962-09-08,306.0,206.0,762.0,0.0,0.0
1962-09-09,311.0,244.0,0.0,0.0,0.0
1962-09-10,278.0,156.0,0.0,0.0,0.0
1962-09-11,317.0,189.0,0.0,0.0,0.0
1962-09-12,333.0,222.0,0.0,0.0,0.0
1962-09-13,339.0,233.0,0.0,0.0,0.0
1962-09-14,344.0,239.0,0.0,0.0,0.0
1962-09-15,350.0,228.0,0.0,0.0,0.0
1962-09-16,328.0,200.0,0.0,0.0,0.0
1962-09-17,317.0,217.0,0.0,0.0,0.0
1962-09-18,311.0,194.0,0.0,0.0,0.0
1962-09-19,322.0,200.0,0.0,0.0,0.0
1962-09-20,306.0,211.0,0.0,0.0,0.0
1962-09-21,267.0,150.0,0.0,0.0,0.0
1962-09-22,311.0,161.0,0.0,0.0,0.0
1962-09-23,317.0,156.0,0.0,0.0,0.0
1962-09-24,328.0,189.0,0.0,0.0,0.0
1962-09-25,317.0,200.0,0.0,0.0,0.0
1962-09-26,250.0,178.0,0.0,0.0,0.0
1962-09-27,294.0,122.0,10.0,0.0,0.0
1962-09-28,289.0,144.0,0.0,0.0,0.0
1962-09-29,278.0,150.0,0.0,0.0,0.0
1962-09-30,267.0,167.0,0.0,0.0,0.0
1962-10-01,244.0,133.0,198.0,0.0,0.0
1962-10-02,256.0,100.0,0.0,0.0,0.0
1962-10-03,278.0,117.0,0.0,0.0,0.0
1962-10-04,306.0,156.0,0.0,0.0,0.0
1962-10-05,306.0,178.0,0.0,0.0,0.0
1962-10-06,328.0,206.0,0.0,0.0,0.0
1962-10-07,339.0,233.0,0.0,0.0,0.0
1962-10-08,311.0,206.0,254.0,0.0,0.0
1962-10-09,306.0,183.0,0.0,0.0,0.0
1962-10-10,317.0,206.0,0.0,0.0,0.0
1962-10-11,322.0,228.0,0.0,0.0,0.0
1962-10-12,317.0,228.0,0.0,0.0,0.0
1962-10-13,294.0,233.0,0.0,0.0,0.0
1962-10-14,300.0,228.0,51.0,0.0,0.0
1962-10-15,317.0,200.0,0.0,0.0,0.0
1962-10-16,317.0,233.0,0.0,0.0,0.0
1962-10-17,267.0,172.0,0.0,0.0,0.0
1962-10-18,278.0,144.0,0.0,0.0,0.0
1962-10-19,289.0,156.0,0.0,0.0,0.0
1962-10-20,294.0,200.0,0.0,0.0,0.0
1962-10-21,289.0,150.0,0.0,0.0,0.0
1962-10-22,283.0,144.0,0.0,0.0,0.0
1962-10-23,239.0,122.0,0.0,0.0,0.0
1962-10-24,211.0,61.0,0.0,0.0,0.0
1962-10-25,189.0,67.0,0.0,0.0,0.0
1962-10-26,239.0,78.0,0.0,0.0,0.0
1962-10-27,283.0,144.0,0.0,0.0,0.0
1962-10-28,250.0,150.0,508.0,0.0,0.0
1962-10-29,222.0,122.0,0.0,0.0,0.0
1962-10-30,217.0,111.0,0.0,0.0,0.0
1962-10-31,211.0,50.0,0.0,0.0,0.0
1962-11-01,217.0,56.0,0.0,0.0,0.0
1962-11-02,211.0,72.0,0.0,0.0,0.0
1962-11-03,150.0,56.0,0.0,0.0,0.0
1962-11-04,189.0,11.0,0.0,0.0,0.0
1962-11-05,233.0,72.0,0.0,0.0,0.0
1962-11-06,217.0,111.0,0.0,0.0,0.0
1962-11-07,217.0,128.0,132.0,0.0,0.0
1962-11-08,156.0,61.0,0.0,0.0,0.0
1962-11-09,200.0,0.0,0.0,0.0,0.0
1962-11-10,261.0,83.0,0.0,0.0,0.0
1962-11-11,244.0,144.0,0.0,0.0,0.0
1962-11-12,206.0,56.0,0.0,0.0,0.0
1962-11-13,206.0,33.0,0.0,0.0,0.0
1962-11-14,228.0,11.0,0.0,0.0,0.0
1962-11-15,250.0,111.0,0.0,0.0,0.0
1962-11-16,228.0,106.0,0.0,0.0,0.0
1962-11-17,133.0,50.0,211.0,0.0,0.0
1962-11-18,78.0,44.0,25.0,0.0,0.0
1962-11-19,89.0,61.0,107.0,0.0,0.0
1962-11-20,89.0,56.0,0.0,0.0,0.0
1962-11-21,183.0,61.0,91.0,0.0,0.0
1962-11-22,183.0,67.0,0.0,0.0,0.0
1962-11-23,211.0,67.0,0.0,0.0,0.0
1962-11-24,206.0,139.0,0.0,0.0,0.0
1962-11-25,194.0,150.0,81.0,0.0,0.0
1962-11-26,172.0,106.0,173.0,0.0,0.0
1962-11-27,144.0,106.0,432.0,0.0,0.0
1962-11-28,183.0,94.0,0.0,0.0,0.0
1962-11-29,189.0,67.0,0.0,0.0,0.0
1962-11-30,183.0,128.0,0.0,0.0,0.0
1962-12-01,211.0,111.0,0.0,0.0,0.0
1962-12-02,183.0,117.0,25.0,0.0,0.0
1962-12-03,211.0,122.0,97.0,0.0,0.0
1962-12-04,183.0,89.0,0.0,0.0,0.0
1962-12-05,172.0,39.0,0.0,0.0,0.0
1962-12-06,161.0,-11.0,0.0,0.0,0.0
1962-12-07,167.0,50.0,0.0,0.0,0.0
1962-12-08,144.0,17.0,0.0,0.0,0.0
1962-12-09,122.0,11.0,0.0,0.0,0.0
1962-12-10,167.0,-11.0,0.0,0.0,0.0
1962-12-11,167.0,-11.0,0.0,0.0,0.0
1962-12-12,11.0,-83.0,0.0,0.0,0.0
1962-12-13,100.0,-67.0,0.0,0.0,0.0
1962-12-14,178.0,0.0,0.0,0.0,0.0
1962-12-15,206.0,61.0,0.0,0.0,0.0
1962-12-16,200.0,50.0,0.0,0.0,0.0
1962-12-17,200.0,39.0,0.0,0.0,0.0
1962-12-18,167.0,100.0,0.0,0.0,0.0
1962-12-19,183.0,111.0,0.0,0.0,0.0
1962-12-20,194.0,111.0,117.0,0.0,0.0
1962-12-21,144.0,56.0,0.0,0.0,0.0
1962-12-22,156.0,-11.0,0.0,0.0,0.0
1962-12-23,144.0,6.0,0.0,0.0,0.0
1962-12-24,72.0,11.0,56.0,0.0,0.0
1962-12-25,61.0,17.0,10.0,0.0,0.0
1962-12-26,61.0,-33.0,0.0,0.0,0.0
1962-12-27,94.0,-22.0,0.0,0.0,0.0
1962-12-28,89.0,33.0,46.0,0.0,0.0
1962-12-29,106.0,50.0,0.0,0.0,0.0
1962-12-30,150.0,6.0,0.0,0.0,0.0
1962-12-31,150.0,11.0,0.0,0.0,0.0
1963-01-01,161.0,56.0,0.0,0.0,0.0
1963-01-02,178.0,50.0,0.0,0.0,0.0
1963-01-03,161.0,6.0,0.0,0.0,0.0
1963-01-04,144.0,83.0,208.0,0.0,0.0
1963-01-05,133.0,78.0,41.0,0.0,0.0
1963-01-06,100.0,22.0,0.0,0.0,0.0
1963-01-07,128.0,-6.0,0.0,0.0,0.0
1963-01-08,194.0,22.0,0.0,0.0,0.0
1963-01-09,217.0,89.0,0.0,0.0,0.0
1963-01-10,222.0,111.0,0.0,0.0,0.0
1963-01-11,222.0,-39.0,0.0,0.0,0.0
1963-01-12,-17.0,-122.0,0.0,0.0,0.0
1963-01-13,-22.0,-111.0,0.0,0.0,0.0
1963-01-14,50.0,-106.0,0.0,0.0,0.0
1963-01-15,83.0,-50.0,0.0,0.0,0.0
1963-01-16,111.0,-33.0,0.0,0.0,0.0
1963-01-17,128.0,44.0,0.0,0.0,0.0
1963-01-18,172.0,61.0,0.0,0.0,0.0
1963-01-19,122.0,-89.0,0.0,0.0,0.0
1963-01-20,0.0,-117.0,0.0,0.0,0.0
1963-01-21,128.0,-56.0,0.0,0.0,0.0
1963-01-22,189.0,-17.0,0.0,0.0,0.0
1963-01-23,183.0,-111.0,0.0,0.0,0.0
1963-01-24,0.0,-139.0,0.0,0.0,0.0
1963-01-25,6.0,-67.0,0.0,0.0,0.0
1963-01-26,11.0,-28.0,0.0,0.0,0.0
1963-01-27,6.0,-117.0,0.0,0.0,0.0
1963-01-28,28.0,-83.0,0.0,0.0,0.0
1963-01-29,39.0,11.0,25.0,0.0,0.0
1963-01-30,50.0,-6.0,13.0,0.0,0.0
1963-01-31,83.0,17.0,0.0,0.0,0.0
1963-02-01,278.0,50.0,0.0,0.0,0.0
1963-02-02,267.0,44.0,0.0,0.0,0.0
1963-02-03,122.0,-61.0,0.0,0.0,0.0
1963-02-04,183.0,-11.0,0.0,0.0,0.0
1963-02-05,239.0,22.0,0.0,0.0,0.0
1963-02-06,256.0,39.0,0.0,0.0,0.0
1963-02-07,200.0,50.0,0.0,0.0,0.0
1963-02-08,144.0,17.0,0.0,0.0,0.0
1963-02-09,139.0,33.0,0.0,0.0,0.0
1963-02-10,144.0,72.0,13.0,0.0,0.0
1963-02-11,144.0,-39.0,0.0,0.0,0.0
1963-02-12,56.0,-78.0,0.0,0.0,0.0
1963-02-13,144.0,-44.0,0.0,0.0,0.0
1963-02-14,139.0,33.0,0.0,0.0,0.0
1963-02-15,117.0,-17.0,0.0,0.0,0.0
1963-02-16,111.0,-17.0,0.0,0.0,0.0
1963-02-17,161.0,17.0,0.0,0.0,0.0
1963-02-18,144.0,56.0,0.0,0.0,0.0
1963-02-19,100.0,6.0,18.0,0.0,0.0
1963-02-20,239.0,-11.0,0.0,0.0,0.0
1963-02-21,217.0,-11.0,0.0,0.0,0.0
1963-02-22,78.0,-89.0,0.0,0.0,0.0
1963-02-23,89.0,17.0,0.0,0.0,0.0
1963-02-24,206.0,-22.0,0.0,0.0,0.0
1963-02-25,194.0,89.0,0.0,0.0,0.0
1963-02-26,161.0,-17.0,0.0,0.0,0.0
1963-02-27,239.0,50.0,0.0,0.0,0.0
1963-02-28,233.0,56.0,38.0,0.0,0.0
1963-03-01,161.0,0.0,0.0,0.0,0.0
1963-03-02,239.0,50.0,0.0,0.0,0.0
1963-03-03,233.0,89.0,0.0,0.0,0.0
1963-03-04,278.0,194.0,0.0,0.0,0.0
1963-03-05,206.0,22.0,0.0,0.0,0.0
1963-03-06,178.0,-11.0,0.0,0.0,0.0
1963-03-07,206.0,17.0,0.0,0.0,0.0
1963-03-08,217.0,50.0,0.0,0.0,0.0
1963-03-09,222.0,39.0,135.0,0.0,0.0
1963-03-10,233.0,50.0,46.0,0.0,0.0
1963-03-11,244.0,67.0,0.0,0.0,0.0
1963-03-12,267.0,39.0,0.0,0.0,0.0
1963-03-13,244.0,50.0,0.0,0.0,0.0
1963-03-14,206.0,61.0,0.0,0.0,0.0
1963-03-15,150.0,61.0,28.0,0.0,0.0
1963-03-16,244.0,44.0,25.0,0.0,0.0
1963-03-17,261.0,133.0,0.0,0.0,0.0
1963-03-18,283.0,200.0,0.0,0.0,0.0
1963-03-19,267.0,200.0,0.0,0.0,0.0
1963-03-20,211.0,67.0,30.0,0.0,0.0
1963-03-21,200.0,67.0,0.0,0.0,0.0
1963-03-22,189.0,50.0,0.0,0.0,0.0
1963-03-23,228.0,39.0,0.0,0.0,0.0
1963-03-24,244.0,150.0,0.0,0.0,0.0
1963-03-25,283.0,178.0,0.0,0.0,0.0
1963-03-26,267.0,78.0,0.0,0.0,0.0
1963-03-27,267.0,61.0,0.0,0.0,0.0
1963-03-28,278.0,144.0,0.0,0.0,0.0
1963-03-29,272.0,183.0,0.0,0.0,0.0
1963-03-30,283.0,178.0,0.0,0.0,0.0
1963-03-31,278.0,178.0,0.0,0.0,0.0
1963-04-01,278.0,156.0,0.0,0.0,0.0
1963-04-02,272.0,150.0,0.0,0.0,0.0
1963-04-03,267.0,156.0,0.0,0.0,0.0
1963-04-04,222.0,133.0,0.0,0.0,0.0
1963-04-05,183.0,94.0,86.0,0.0,0.0
1963-04-06,189.0,89.0,117.0,0.0,0.0
1963-04-07,239.0,67.0,0.0,0.0,0.0
1963-04-08,267.0,133.0,0.0,0.0,0.0
1963-04-09,339.0,183.0,0.0,0.0,0.0
1963-04-10,350.0,183.0,0.0,0.0,0.0
1963-04-11,344.0,183.0,0.0,0.0,0.0
1963-04-12,267.0,117.0,0.0,0.0,0.0
1963-04-13,283.0,78.0,0.0,0.0,0.0
1963-04-14,300.0,122.0,0.0,0.0,0.0
1963-04-15,289.0,133.0,0.0,0.0,0.0
1963-04-16,283.0,189.0,0.0,0.0,0.0
1963-04-17,283.0,172.0,0.0,0.0,0.0
1963-04-18,278.0,200.0,0.0,0.0,0.0
1963-04-19,272.0,161.0,38.0,0.0,0.0
1963-04-20,311.0,122.0,0.0,0.0,0.0
1963-04-21,306.0,200.0,0.0,0.0,0.0
1963-04-22,306.0,211.0,0.0,0.0,0.0
1963-04-23,289.0,161.0,343.0,0.0,0.0
1963-04-24,217.0,111.0,254.0,0.0,0.0
1963-04-25,250.0,156.0,25.0,0.0,0.0
1963-04-26,228.0,167.0,0.0,0.0,0.0
1963-04-27,217.0,172.0,483.0,0.0,0.0
1963-04-28,239.0,167.0,889.0,0.0,0.0
1963-04-29,267.0,172.0,30.0,0.0,0.0
1963-04-30,272.0,167.0,0.0,0.0,0.0
1963-05-01,256.0,50.0,0.0,0.0,0.0
1963-05-02,228.0,106.0,25.0,0.0,0.0
1963-05-03,283.0,156.0,0.0,0.0,0.0
1963-05-04,289.0,183.0,0.0,0.0,0.0
1963-05-05,278.0,194.0,0.0,0.0,0.0
1963-05-06,267.0,183.0,0.0,0.0,0.0
1963-05-07,289.0,156.0,0.0,0.0,0.0
1963-05-08,289.0,172.0,0.0,0.0,0.0
1963-05-09,294.0,194.0,0.0,0.0,0.0
1963-05-10,322.0,200.0,0.0,0.0,0.0
1963-05-11,317.0,206.0,0.0,0.0,0.0
1963-05-12,300.0,183.0,0.0,0.0,0.0
1963-05-13,294.0,194.0,0.0,0.0,0.0
1963-05-14,306.0,194.0,0.0,0.0,0.0
1963-05-15,311.0,200.0,0.0,0.0,0.0
1963-05-16,306.0,206.0,0.0,0.0,0.0
1963-05-17,328.0,200.0,0.0,0.0,0.0
1963-05-18,306.0,189.0,0.0,0.0,0.0
1963-05-19,294.0,156.0,0.0,0.0,0.0
1963-05-20,294.0,150.0,216.0,0.0,0.0
1963-05-21,289.0,156.0,0.0,0.0,0.0
1963-05-22,267.0,117.0,208.0,0.0,0.0
1963-05-23,217.0,100.0,0.0,0.0,0.0
1963-05-24,272.0,150.0,0.0,0.0,0.0
1963-05-25,294.0,206.0,0.0,0.0,0.0
1963-05-26,311.0,211.0,0.0,0.0,0.0
1963-05-27,,,0.0,0.0,0.0
1963-05-28,300.0,178.0,89.0,0.0,0.0
1963-05-29,317.0,194.0,0.0,0.0,0.0
1963-05-30,306.0,200.0,114.0,0.0,0.0
1963-05-31,289.0,200.0,0.0,0.0,0.0
1963-06-01,311.0,200.0,0.0,0.0,0.0
1963-06-02,311.0,189.0,0.0,0.0,0.0
1963-06-03,317.0,200.0,0.0,0.0,0.0
1963-06-04,333.0,206.0,0.0,0.0,0.0
1963-06-05,322.0,211.0,0.0,0.0,0.0
1963-06-06,333.0,222.0,0.0,0.0,0.0
1963-06-07,333.0,217.0,0.0,0.0,0.0
1963-06-08,344.0,217.0,0.0,0.0,0.0
1963-06-09,339.0,211.0,0.0,0.0,0.0
1963-06-10,356.0,217.0,0.0,0.0,0.0
1963-06-11,350.0,211.0,0.0,0.0,0.0
1963-06-12,356.0,228.0,0.0,0.0,0.0
1963-06-13,361.0,239.0,0.0,0.0,0.0
1963-06-14,372.0,222.0,0.0,0.0,0.0
1963-06-15,367.0,228.0,0.0,0.0,0.0
1963-06-16,361.0,211.0,147.0,0.0,0.0
1963-06-17,267.0,189.0,351.0,0.0,0.0
1963-06-18,294.0,211.0,330.0,0.0,0.0
1963-06-19,328.0,194.0,104.0,0.0,0.0
1963-06-20,322.0,228.0,0.0,0.0,0.0
1963-06-21,328.0,200.0,0.0,0.0,0.0
1963-06-22,322.0,222.0,0.0,0.0,0.0
1963-06-23,328.0,222.0,0.0,0.0,0.0
1963-06-24,328.0,217.0,0.0,0.0,0.0
1963-06-25,333.0,206.0,0.0,0.0,0.0
1963-06-26,328.0,211.0,0.0,0.0,0.0
1963-06-27,333.0,200.0,0.0,0.0,0.0
1963-06-28,350.0,211.0,0.0,0.0,0.0
1963-06-29,350.0,211.0,0.0,0.0,0.0
1963-06-30,339.0,217.0,0.0,0.0,0.0
1963-07-01,344.0,200.0,0.0,0.0,0.0
1963-07-02,339.0,194.0,0.0,0.0,0.0
1963-07-03,361.0,206.0,0.0,0.0,0.0
1963-07-04,361.0,217.0,0.0,0.0,0.0
1963-07-05,344.0,211.0,0.0,0.0,0.0
1963-07-06,361.0,233.0,0.0,0.0,0.0
1963-07-07,372.0,239.0,0.0,0.0,0.0
1963-07-08,383.0,261.0,0.0,0.0,0.0
1963-07-09,378.0,233.0,0.0,0.0,0.0
1963-07-10,344.0,239.0,0.0,0.0,0.0
1963-07-11,311.0,244.0,0.0,0.0,0.0
1963-07-12,372.0,244.0,0.0,0.0,0.0
1963-07-13,372.0,239.0,0.0,0.0,0.0
1963-07-14,361.0,217.0,140.0,0.0,0.0
1963-07-15,361.0,211.0,0.0,0.0,0.0
1963-07-16,367.0,239.0,0.0,0.0,0.0
1963-07-17,367.0,233.0,0.0,0.0,0.0
1963-07-18,372.0,239.0,0.0,0.0,0.0
1963-07-19,367.0,244.0,0.0,0.0,0.0
1963-07-20,383.0,250.0,0.0,0.0,0.0
1963-07-21,406.0,239.0,0.0,0.0,0.0
1963-07-22,406.0,244.0,0.0,0.0,0.0
1963-07-23,400.0,250.0,0.0,0.0,0.0
1963-07-24,406.0,239.0,0.0,0.0,0.0
1963-07-25,367.0,189.0,419.0,0.0,0.0
1963-07-26,272.0,200.0,559.0,0.0,0.0
1963-07-27,333.0,222.0,0.0,0.0,0.0
1963-07-28,333.0,228.0,0.0,0.0,0.0
1963-07-29,350.0,233.0,0.0,0.0,0.0
1963-07-30,350.0,233.0,0.0,0.0,0.0
1963-07-31,367.0,250.0,0.0,0.0,0.0
1963-08-01,378.0,233.0,0.0,0.0,0.0
1963-08-02,372.0,222.0,0.0,0.0,0.0
1963-08-03,344.0,256.0,0.0,0.0,0.0
1963-08-04,361.0,233.0,0.0,0.0,0.0
1963-08-05,367.0,222.0,0.0,0.0,0.0
1963-08-06,367.0,233.0,0.0,0.0,0.0
1963-08-07,372.0,239.0,0.0,0.0,0.0
1963-08-08,361.0,233.0,0.0,0.0,0.0
1963-08-09,361.0,211.0,0.0,0.0,0.0
1963-08-10,383.0,244.0,0.0,0.0,0.0
1963-08-11,378.0,239.0,0.0,0.0,0.0
1963-08-12,372.0,244.0,0.0,0.0,0.0
1963-08-13,383.0,256.0,0.0,0.0,0.0
1963-08-14,339.0,217.0,0.0,0.0,0.0
1963-08-15,322.0,211.0,0.0,0.0,0.0
1963-08-16,367.0,183.0,0.0,0.0,0.0
1963-08-17,361.0,189.0,0.0,0.0,0.0
1963-08-18,356.0,217.0,0.0,0.0,0.0
1963-08-19,350.0,222.0,0.0,0.0,0.0
1963-08-20,361.0,211.0,0.0,0.0,0.0
1963-08-21,361.0,211.0,0.0,0.0,0.0
1963-08-22,367.0,217.0,0.0,0.0,0.0
1963-08-23,383.0,233.0,0.0,0.0,0.0
1963-08-24,389.0,233.0,0.0,0.0,0.0
1963-08-25,394.0,222.0,0.0,0.0,0.0
1963-08-26,400.0,228.0,0.0,0.0,0.0
1963-08-27,406.0,233.0,0.0,0.0,0.0
1963-08-28,383.0,250.0,0.0,0.0,0.0
1963-08-29,394.0,244.0,0.0,0.0,0.0
1963-08-30,378.0,233.0,0.0,0.0,0.0
1963-08-31,328.0,228.0,0.0,0.0,0.0
1963-09-01,356.0,228.0,0.0,0.0,0.0
1963-09-02,378.0,217.0,0.0,0.0,0.0
1963-09-03,383.0,233.0,0.0,0.0,0.0
1963-09-04,394.0,233.0,0.0,0.0,0.0
1963-09-05,383.0,228.0,13.0,0.0,0.0
1963-09-06,378.0,206.0,0.0,0.0,0.0
1963-09-07,389.0,222.0,310.0,0.0,0.0
1963-09-08,328.0,206.0,0.0,0.0,0.0
1963-09-09,350.0,200.0,0.0,0.0,0.0
1963-09-10,350.0,200.0,0.0,0.0,0.0
1963-09-11,372.0,228.0,0.0,0.0,0.0
1963-09-12,350.0,217.0,0.0,0.0,0.0
1963-09-13,322.0,194.0,0.0,0.0,0.0
1963-09-14,306.0,200.0,0.0,0.0,0.0
1963-09-15,306.0,194.0,0.0,0.0,0.0
1963-09-16,294.0,222.0,0.0,0.0,0.0
1963-09-17,261.0,206.0,0.0,0.0,0.0
1963-09-18,306.0,206.0,0.0,0.0,0.0
1963-09-19,333.0,217.0,0.0,0.0,0.0
1963-09-20,339.0,178.0,0.0,0.0,0.0
1963-09-21,339.0,172.0,0.0,0.0,0.0
1963-09-22,328.0,178.0,0.0,0.0,0.0
1963-09-23,322.0,167.0,0.0,0.0,0.0
1963-09-24,311.0,172.0,0.0,0.0,0.0
1963-09-25,294.0,139.0,0.0,0.0,0.0
1963-09-26,289.0,144.0,13.0,0.0,0.0
1963-09-27,294.0,144.0,0.0,0.0,0.0
1963-09-28,306.0,144.0,0.0,0.0,0.0
1963-09-29,294.0,156.0,0.0,0.0,0.0
1963-09-30,267.0,72.0,0.0,0.0,0.0
1963-10-01,294.0,83.0,0.0,0.0,0.0
1963-10-02,311.0,111.0,0.0,0.0,0.0
1963-10-03,333.0,117.0,0.0,0.0,0.0
1963-10-04,361.0,139.0,0.0,0.0,0.0
1963-10-05,356.0,111.0,0.0,0.0,0.0
1963-10-06,361.0,172.0,0.0,0.0,0.0
1963-10-07,356.0,161.0,0.0,0.0,0.0
1963-10-08,361.0,122.0,0.0,0.0,0.0
1963-10-09,361.0,144.0,0.0,0.0,0.0
1963-10-10,356.0,150.0,0.0,0.0,0.0
1963-10-11,356.0,133.0,0.0,0.0,0.0
1963-10-12,350.0,144.0,0.0,0.0,0.0
1963-10-13,350.0,150.0,0.0,0.0,0.0
1963-10-14,328.0,161.0,0.0,0.0,0.0
1963-10-15,328.0,167.0,0.0,0.0,0.0
1963-10-16,317.0,161.0,0.0,0.0,0.0
1963-10-17,306.0,144.0,0.0,0.0,0.0
1963-10-18,317.0,156.0,0.0,0.0,0.0
1963-10-19,294.0,144.0,0.0,0.0,0.0
1963-10-20,311.0,194.0,0.0,0.0,0.0
1963-10-21,306.0,161.0,0.0,0.0,0.0
1963-10-22,306.0,156.0,0.0,0.0,0.0
1963-10-23,317.0,178.0,0.0,0.0,0.0
1963-10-24,306.0,194.0,0.0,0.0,0.0
1963-10-25,283.0,194.0,0.0,0.0,0.0
1963-10-26,306.0,161.0,114.0,0.0,0.0
1963-10-27,300.0,144.0,0.0,0.0,0.0
1963-10-28,300.0,150.0,0.0,0.0,0.0
1963-10-29,228.0,56.0,0.0,0.0,0.0
1963-10-30,278.0,111.0,0.0,0.0,0.0
1963-10-31,306.0,161.0,0.0,0.0,0.0
1963-11-01,283.0,78.0,89.0,0.0,0.0
1963-11-02,200.0,0.0,0.0,0.0,0.0
1963-11-03,178.0,89.0,0.0,0.0,0.0
1963-11-04,289.0,167.0,0.0,0.0,0.0
1963-11-05,289.0,178.0,0.0,0.0,0.0
1963-11-06,300.0,72.0,0.0,0.0,0.0
1963-11-07,306.0,100.0,0.0,0.0,0.0
1963-11-08,272.0,122.0,0.0,0.0,0.0
1963-11-09,256.0,133.0,0.0,0.0,0.0
1963-11-10,278.0,78.0,0.0,0.0,0.0
1963-11-11,261.0,78.0,0.0,0.0,0.0
1963-11-12,217.0,56.0,0.0,0.0,0.0
1963-11-13,211.0,28.0,0.0,0.0,0.0
1963-11-14,211.0,0.0,0.0,0.0,0.0
1963-11-15,233.0,56.0,0.0,0.0,0.0
1963-11-16,267.0,122.0,0.0,0.0,0.0
1963-11-17,278.0,200.0,0.0,0.0,0.0
1963-11-18,261.0,117.0,76.0,0.0,0.0
1963-11-19,211.0,111.0,381.0,0.0,0.0
1963-11-20,200.0,78.0,0.0,0.0,0.0
1963-11-21,233.0,89.0,0.0,0.0,0.0
1963-11-22,239.0,144.0,94.0,0.0,0.0
1963-11-23,217.0,22.0,0.0,0.0,0.0
1963-11-24,133.0,-22.0,0.0,0.0,0.0
1963-11-25,144.0,11.0,0.0,0.0,0.0
1963-11-26,156.0,33.0,0.0,0.0,0.0
1963-11-27,178.0,22.0,0.0,0.0,0.0
1963-11-28,167.0,56.0,76.0,0.0,0.0
1963-11-29,150.0,22.0,0.0,0.0,0.0
1963-11-30,183.0,11.0,0.0,0.0,0.0
1963-12-01,189.0,39.0,0.0,0.0,0.0
1963-12-02,161.0,33.0,0.0,0.0,0.0
1963-12-03,183.0,-17.0,0.0,0.0,0.0
1963-12-04,178.0,-6.0,0.0,0.0,0.0
1963-12-05,189.0,6.0,0.0,0.0,0.0
1963-12-06,194.0,67.0,0.0,0.0,0.0
1963-12-07,200.0,100.0,0.0,0.0,0.0
1963-12-08,167.0,0.0,0.0,0.0,0.0
1963-12-09,133.0,-28.0,0.0,0.0,0.0
1963-12-10,122.0,78.0,147.0,0.0,0.0
1963-12-11,94.0,-11.0,107.0,0.0,0.0
1963-12-12,33.0,-50.0,18.0,0.0,0.0
1963-12-13,39.0,-33.0,13.0,0.0,0.0
1963-12-14,33.0,-56.0,0.0,0.0,0.0
1963-12-15,67.0,-78.0,0.0,0.0,0.0
1963-12-16,78.0,-44.0,0.0,0.0,0.0
1963-12-17,106.0,17.0,0.0,0.0,0.0
1963-12-18,78.0,-22.0,0.0,0.0,0.0
1963-12-19,39.0,-33.0,0.0,0.0,0.0
1963-12-20,33.0,-11.0,76.0,0.0,0.0
1963-12-21,6.0,-28.0,0.0,0.0,0.0
1963-12-22,0.0,-111.0,51.0,,51.0
1963-12-23,-11.0,-144.0,0.0,,0.0
1963-12-24,94.0,-94.0,0.0,0.0,0.0
1963-12-25,200.0,-22.0,0.0,0.0,0.0
1963-12-26,172.0,61.0,0.0,0.0,0.0
1963-12-27,172.0,0.0,0.0,0.0,0.0
1963-12-28,122.0,0.0,0.0,0.0,0.0
1963-12-29,117.0,-44.0,0.0,0.0,0.0
1963-12-30,78.0,-11.0,0.0,0.0,0.0
1963-12-31,67.0,-50.0,0.0,0.0,0.0
1964-01-01,133.0,-39.0,0.0,0.0,0.0
1964-01-02,211.0,22.0,0.0,0.0,0.0
1964-01-03,194.0,89.0,0.0,0.0,0.0
1964-01-04,178.0,0.0,0.0,0.0,0.0
1964-01-05,167.0,-6.0,0.0,0.0,0.0
1964-01-06,178.0,6.0,0.0,0.0,0.0
1964-01-07,172.0,11.0,0.0,0.0,0.0
1964-01-08,183.0,72.0,0.0,0.0,0.0
1964-01-09,172.0,-11.0,0.0,0.0,0.0
1964-01-10,128.0,-50.0,0.0,0.0,0.0
1964-01-11,144.0,22.0,0.0,0.0,0.0
1964-01-12,72.0,-117.0,0.0,0.0,0.0
1964-01-13,6.0,-117.0,0.0,0.0,0.0
1964-01-14,44.0,-150.0,0.0,0.0,0.0
1964-01-15,50.0,-56.0,0.0,0.0,0.0
1964-01-16,33.0,-11.0,165.0,,165.0
1964-01-17,72.0,-67.0,0.0,,0.0
1964-01-18,183.0,22.0,0.0,0.0,0.0
1964-01-19,217.0,117.0,0.0,0.0,0.0
1964-01-20,206.0,17.0,0.0,0.0,0.0
1964-01-21,222.0,6.0,0.0,0.0,0.0
1964-01-22,244.0,111.0,0.0,0.0,0.0
1964-01-23,239.0,106.0,0.0,0.0,0.0
1964-01-24,211.0,89.0,0.0,0.0,0.0
1964-01-25,167.0,-22.0,0.0,0.0,0.0
1964-01-26,194.0,11.0,0.0,0.0,0.0
1964-01-27,183.0,61.0,0.0,0.0,0.0
1964-01-28,156.0,6.0,0.0,0.0,0.0
1964-01-29,106.0,44.0,0.0,0.0,0.0
1964-01-30,111.0,44.0,157.0,0.0,0.0
1964-01-31,117.0,56.0,25.0,0.0,0.0
1964-02-01,178.0,0.0,0.0,0.0,0.0
1964-02-02,189.0,33.0,0.0,0.0,0.0
1964-02-03,167.0,72.0,0.0,0.0,0.0
1964-02-04,139.0,50.0,165.0,0.0,0.0
1964-02-05,78.0,33.0,20.0,0.0,0.0
1964-02-06,128.0,11.0,0.0,0.0,0.0
1964-02-07,100.0,-17.0,0.0,0.0,0.0
1964-02-08,167.0,-39.0,0.0,0.0,0.0
1964-02-09,178.0,-17.0,0.0,0.0,0.0
1964-02-10,183.0,17.0,0.0,0.0,0.0
1964-02-11,167.0,-6.0,0.0,0.0,0.0
1964-02-12,139.0,56.0,0.0,0.0,0.0
1964-02-13,150.0,33.0,107.0,0.0,0.0
1964-02-14,106.0,-17.0,0.0,0.0,0.0
1964-02-15,94.0,28.0,43.0,0.0,0.0
1964-02-16,122.0,-39.0,0.0,0.0,0.0
1964-02-17,106.0,0.0,0.0,0.0,0.0
1964-02-18,144.0,22.0,30.0,0.0,0.0
1964-02-19,128.0,6.0,0.0,0.0,0.0
1964-02-20,117.0,-22.0,0.0,0.0,0.0
1964-02-21,89.0,-17.0,0.0,0.0,0.0
1964-02-22,117.0,-72.0,0.0,0.0,0.0
1964-02-23,161.0,0.0,0.0,0.0,0.0
1964-02-24,139.0,-17.0,0.0,0.0,0.0
1964-02-25,144.0,11.0,0.0,0.0,0.0
1964-02-26,139.0,-17.0,0.0,0.0,0.0
1964-02-27,139.0,-17.0,0.0,0.0,0.0
1964-02-28,139.0,-17.0,0.0,0.0,0.0
1964-02-29,133.0,6.0,0.0,0.0,0.0
1964-03-01,200.0,89.0,0.0,0.0,0.0
1964-03-02,222.0,100.0,94.0,0.0,0.0
1964-03-03,222.0,89.0,0.0,0.0,0.0
1964-03-04,183.0,39.0,51.0,0.0,0.0
1964-03-05,183.0,-17.0,0.0,0.0,0.0
1964-03-06,217.0,89.0,0.0,0.0,0.0
1964-03-07,211.0,133.0,0.0,0.0,0.0
1964-03-08,239.0,161.0,0.0,0.0,0.0
1964-03-09,233.0,-6.0,457.0,0.0,0.0
1964-03-10,167.0,-28.0,0.0,0.0,0.0
1964-03-11,183.0,-11.0,0.0,0.0,0.0
1964-03-12,206.0,56.0,0.0,0.0,0.0
1964-03-13,211.0,100.0,0.0,0.0,0.0
1964-03-14,200.0,122.0,0.0,0.0,0.0
1964-03-15,194.0,6.0,0.0,0.0,0.0
1964-03-16,233.0,61.0,0.0,0.0,0.0
1964-03-17,244.0,56.0,0.0,0.0,0.0
1964-03-18,217.0,128.0,0.0,0.0,0.0
1964-03-19,200.0,100.0,203.0,0.0,0.0
1964-03-20,206.0,6.0,0.0,0.0,0.0
1964-03-21,122.0,11.0,0.0,0.0,0.0
1964-03-22,200.0,17.0,0.0,0.0,0.0
1964-03-23,200.0,89.0,0.0,0.0,0.0
1964-03-24,228.0,139.0,10.0,0.0,0.0
1964-03-25,228.0,44.0,0.0,0.0,0.0
1964-03-26,122.0,-39.0,0.0,0.0,0.0
1964-03-27,217.0,50.0,0.0,0.0,0.0
1964-03-28,211.0,94.0,0.0,0.0,0.0
1964-03-29,211.0,28.0,0.0,0.0,0.0
1964-03-30,206.0,33.0,0.0,0.0,0.0
1964-03-31,239.0,56.0,0.0,0.0,0.0
1964-04-01,233.0,139.0,0.0,0.0,0.0
1964-04-02,267.0,167.0,0.0,0.0,0.0
1964-04-03,289.0,194.0,0.0,0.0,0.0
1964-04-04,278.0,189.0,0.0,0.0,0.0
1964-04-05,239.0,111.0,305.0,0.0,0.0
1964-04-06,272.0,106.0,0.0,0.0,0.0
1964-04-07,267.0,117.0,0.0,0.0,0.0
1964-04-08,167.0,44.0,0.0,0.0,0.0
1964-04-09,194.0,-6.0,0.0,0.0,0.0
1964-04-10,244.0,56.0,0.0,0.0,0.0
1964-04-11,261.0,94.0,0.0,0.0,0.0
1964-04-12,283.0,178.0,0.0,0.0,0.0
1964-04-13,267.0,67.0,97.0,0.0,0.0
1964-04-14,250.0,67.0,0.0,0.0,0.0
1964-04-15,283.0,72.0,0.0,0.0,0.0
1964-04-16,267.0,117.0,127.0,0.0,0.0
1964-04-17,256.0,139.0,25.0,0.0,0.0
1964-04-18,256.0,144.0,0.0,0.0,0.0
1964-04-19,278.0,183.0,0.0,0.0,0.0
1964-04-20,283.0,189.0,0.0,0.0,0.0
1964-04-21,261.0,156.0,483.0,0.0,0.0
1964-04-22,283.0,161.0,76.0,0.0,0.0
1964-04-23,289.0,189.0,46.0,0.0,0.0
1964-04-24,300.0,194.0,0.0,0.0,0.0
1964-04-25,278.0,167.0,0.0,0.0,0.0
1964-04-26,256.0,178.0,140.0,0.0,0.0
1964-04-27,267.0,139.0,0.0,0.0,0.0
1964-04-28,256.0,106.0,0.0,0.0,0.0
1964-04-29,233.0,128.0,0.0,0.0,0.0
1964-04-30,256.0,111.0,0.0,0.0,0.0
1964-05-01,261.0,144.0,0.0,0.0,0.0
1964-05-02,272.0,122.0,38.0,0.0,0.0
1964-05-03,311.0,167.0,0.0,0.0,0.0
1964-05-04,278.0,167.0,0.0,0.0,0.0
1964-05-05,256.0,178.0,0.0,0.0,0.0
1964-05-06,239.0,189.0,0.0,0.0,0.0
1964-05-07,250.0,194.0,0.0,0.0,0.0
1964-05-08,250.0,194.0,13.0,0.0,0.0
1964-05-09,272.0,189.0,81.0,0.0,0.0
1964-05-10,294.0,194.0,20.0,0.0,0.0
1964-05-11,294.0,206.0,0.0,0.0,0.0
1964-05-12,278.0,183.0,18.0,0.0,0.0
1964-05-13,272.0,83.0,0.0,0.0,0.0
1964-05-14,283.0,111.0,0.0,0.0,0.0
1964-05-15,283.0,172.0,0.0,0.0,0.0
1964-05-16,294.0,156.0,0.0,0.0,0.0
1964-05-17,306.0,200.0,0.0,0.0,0.0
1964-05-18,311.0,161.0,0.0,0.0,0.0
1964-05-19,311.0,172.0,0.0,0.0,0.0
1964-05-20,317.0,156.0,0.0,0.0,0.0
1964-05-21,322.0,200.0,0.0,0.0,0.0
1964-05-22,300.0,194.0,0.0,0.0,0.0
1964-05-23,322.0,200.0,0.0,0.0,0.0
1964-05-24,328.0,206.0,0.0,0.0,0.0
1964-05-25,328.0,194.0,0.0,0.0,0.0
1964-05-26,367.0,194.0,0.0,0.0,0.0
1964-05-27,350.0,183.0,0.0,0.0,0.0
1964-05-28,311.0,167.0,0.0,0.0,0.0
1964-05-29,289.0,150.0,10.0,0.0,0.0
1964-05-30,283.0,183.0,411.0,0.0,0.0
1964-05-31,278.0,111.0,0.0,0.0,0.0
1964-06-01,250.0,117.0,0.0,0.0,0.0
1964-06-02,278.0,111.0,0.0,0.0,0.0
1964-06-03,294.0,139.0,0.0,0.0,0.0
1964-06-04,306.0,189.0,0.0,0.0,0.0
1964-06-05,300.0,178.0,0.0,0.0,0.0
1964-06-06,328.0,172.0,0.0,0.0,0.0
1964-06-07,339.0,211.0,0.0,0.0,0.0
1964-06-08,344.0,211.0,0.0,0.0,0.0
1964-06-09,350.0,233.0,0.0,0.0,0.0
1964-06-10,361.0,228.0,0.0,0.0,0.0
1964-06-11,344.0,250.0,0.0,0.0,0.0
1964-06-12,361.0,228.0,0.0,0.0,0.0
1964-06-13,350.0,222.0,0.0,0.0,0.0
1964-06-14,356.0,211.0,0.0,0.0,0.0
1964-06-15,278.0,217.0,25.0,0.0,0.0
1964-06-16,267.0,206.0,102.0,0.0,0.0
1964-06-17,339.0,222.0,25.0,0.0,0.0
1964-06-18,344.0,228.0,0.0,0.0,0.0
1964-06-19,356.0,233.0,0.0,0.0,0.0
1964-06-20,367.0,233.0,0.0,0.0,0.0
1964-06-21,361.0,217.0,0.0,0.0,0.0
1964-06-22,361.0,222.0,0.0,0.0,0.0
1964-06-23,356.0,211.0,0.0,0.0,0.0
1964-06-24,339.0,167.0,152.0,0.0,0.0
1964-06-25,328.0,172.0,0.0,0.0,0.0
1964-06-26,339.0,183.0,0.0,0.0,0.0
1964-06-27,344.0,172.0,0.0,0.0,0.0
1964-06-28,350.0,211.0,0.0,0.0,0.0
1964-06-29,344.0,211.0,0.0,0.0,0.0
1964-06-30,350.0,217.0,0.0,0.0,0.0
1964-07-01,356.0,206.0,0.0,0.0,0.0
1964-07-02,350.0,211.0,0.0,0.0,0.0
1964-07-03,356.0,206.0,0.0,0.0,0.0
1964-07-04,378.0,200.0,0.0,0.0,0.0
1964-07-05,394.0,217.0,0.0,0.0,0.0
1964-07-06,394.0,222.0,0.0,0.0,0.0
1964-07-07,406.0,239.0,0.0,0.0,0.0
1964-07-08,417.0,244.0,0.0,0.0,0.0
1964-07-09,411.0,250.0,0.0,0.0,0.0
1964-07-10,400.0,256.0,0.0,0.0,0.0
1964-07-11,400.0,244.0,0.0,0.0,0.0
1964-07-12,389.0,256.0,0.0,0.0,0.0
1964-07-13,367.0,211.0,0.0,0.0,0.0
1964-07-14,328.0,206.0,0.0,0.0,0.0
1964-07-15,383.0,178.0,0.0,0.0,0.0
1964-07-16,361.0,228.0,0.0,0.0,0.0
1964-07-17,356.0,217.0,0.0,0.0,0.0
1964-07-18,367.0,211.0,0.0,0.0,0.0
1964-07-19,378.0,206.0,0.0,0.0,0.0
1964-07-20,367.0,211.0,0.0,0.0,0.0
1964-07-21,394.0,239.0,0.0,0.0,0.0
1964-07-22,400.0,256.0,0.0,0.0,0.0
1964-07-23,406.0,228.0,0.0,0.0,0.0
1964-07-24,417.0,239.0,0.0,0.0,0.0
1964-07-25,422.0,239.0,0.0,0.0,0.0
1964-07-26,411.0,228.0,0.0,0.0,0.0
1964-07-27,389.0,250.0,0.0,0.0,0.0
1964-07-28,394.0,228.0,0.0,0.0,0.0
1964-07-29,389.0,233.0,0.0,0.0,0.0
1964-07-30,361.0,217.0,76.0,0.0,0.0
1964-07-31,378.0,222.0,13.0,0.0,0.0
1964-08-01,383.0,222.0,0.0,0.0,0.0
1964-08-02,389.0,233.0,0.0,0.0,0.0
1964-08-03,400.0,244.0,0.0,0.0,0.0
1964-08-04,417.0,239.0,0.0,0.0,0.0
1964-08-05,428.0,244.0,0.0,0.0,0.0
1964-08-06,422.0,250.0,0.0,0.0,0.0
1964-08-07,389.0,239.0,0.0,0.0,0.0
1964-08-08,383.0,222.0,0.0,0.0,0.0
1964-08-09,389.0,228.0,0.0,0.0,0.0
1964-08-10,411.0,250.0,0.0,0.0,0.0
1964-08-11,428.0,256.0,0.0,0.0,0.0
1964-08-12,417.0,189.0,0.0,0.0,0.0
1964-08-13,294.0,206.0,0.0,0.0,0.0
1964-08-14,400.0,211.0,0.0,0.0,0.0
1964-08-15,389.0,194.0,152.0,0.0,0.0
1964-08-16,300.0,194.0,406.0,0.0,0.0
1964-08-17,311.0,200.0,102.0,0.0,0.0
1964-08-18,328.0,222.0,0.0,0.0,0.0
1964-08-19,350.0,217.0,0.0,0.0,0.0
1964-08-20,372.0,222.0,0.0,0.0,0.0
1964-08-21,367.0,211.0,178.0,0.0,0.0
1964-08-22,278.0,206.0,64.0,0.0,0.0
1964-08-23,311.0,206.0,0.0,0.0,0.0
1964-08-24,317.0,200.0,38.0,0.0,0.0
1964-08-25,350.0,206.0,0.0,0.0,0.0
1964-08-26,333.0,217.0,0.0,0.0,0.0
1964-08-27,356.0,211.0,0.0,0.0,0.0
1964-08-28,350.0,239.0,0.0,0.0,0.0
1964-08-29,350.0,222.0,0.0,0.0,0.0
1964-08-30,367.0,233.0,0.0,0.0,0.0
1964-08-31,372.0,222.0,0.0,0.0,0.0
1964-09-01,372.0,217.0,0.0,0.0,0.0
1964-09-02,367.0,233.0,0.0,0.0,0.0
1964-09-03,378.0,222.0,0.0,0.0,0.0
1964-09-04,372.0,217.0,0.0,0.0,0.0
1964-09-05,361.0,211.0,0.0,0.0,0.0
1964-09-06,350.0,194.0,0.0,0.0,0.0
1964-09-07,344.0,206.0,0.0,0.0,0.0
1964-09-08,350.0,217.0,0.0,0.0,0.0
1964-09-09,350.0,228.0,0.0,0.0,0.0
1964-09-10,367.0,206.0,0.0,0.0,0.0
1964-09-11,367.0,228.0,0.0,0.0,0.0
1964-09-12,328.0,194.0,0.0,0.0,0.0
1964-09-13,306.0,161.0,0.0,0.0,0.0
1964-09-14,322.0,133.0,0.0,0.0,0.0
1964-09-15,322.0,178.0,0.0,0.0,0.0
1964-09-16,289.0,172.0,203.0,0.0,0.0
1964-09-17,283.0,167.0,406.0,0.0,0.0
1964-09-18,317.0,167.0,0.0,0.0,0.0
1964-09-19,311.0,178.0,0.0,0.0,0.0
1964-09-20,311.0,189.0,198.0,0.0,0.0
1964-09-21,311.0,200.0,51.0,0.0,0.0
1964-09-22,306.0,194.0,20.0,0.0,0.0
1964-09-23,300.0,194.0,76.0,0.0,0.0
1964-09-24,267.0,178.0,0.0,0.0,0.0
1964-09-25,283.0,167.0,0.0,0.0,0.0
1964-09-26,272.0,178.0,15.0,0.0,0.0
1964-09-27,267.0,122.0,361.0,0.0,0.0
1964-09-28,183.0,111.0,13.0,0.0,0.0
1964-09-29,228.0,139.0,0.0,0.0,0.0
1964-09-30,217.0,144.0,0.0,0.0,0.0
1964-10-01,239.0,139.0,0.0,0.0,0.0
1964-10-02,283.0,156.0,0.0,0.0,0.0
1964-10-03,294.0,150.0,0.0,0.0,0.0
1964-10-04,278.0,161.0,0.0,0.0,0.0
1964-10-05,239.0,67.0,0.0,0.0,0.0
1964-10-06,217.0,44.0,0.0,0.0,0.0
1964-10-07,239.0,78.0,0.0,0.0,0.0
1964-10-08,256.0,94.0,0.0,0.0,0.0
1964-10-09,244.0,67.0,0.0,0.0,0.0
1964-10-10,211.0,61.0,0.0,0.0,0.0
1964-10-11,244.0,72.0,0.0,0.0,0.0
1964-10-12,228.0,106.0,0.0,0.0,0.0
1964-10-13,228.0,78.0,0.0,0.0,0.0
1964-10-14,222.0,67.0,0.0,0.0,0.0
1964-10-15,256.0,78.0,0.0,0.0,0.0
1964-10-16,289.0,122.0,0.0,0.0,0.0
1964-10-17,317.0,139.0,0.0,0.0,0.0
1964-10-18,278.0,156.0,15.0,0.0,0.0
1964-10-19,194.0,67.0,0.0,0.0,0.0
1964-10-20,239.0,28.0,0.0,0.0,0.0
1964-10-21,294.0,44.0,0.0,0.0,0.0
1964-10-22,289.0,78.0,0.0,0.0,0.0
1964-10-23,267.0,100.0,0.0,0.0,0.0
1964-10-24,261.0,89.0,0.0,0.0,0.0
1964-10-25,267.0,89.0,0.0,0.0,0.0
1964-10-26,228.0,167.0,0.0,0.0,0.0
1964-10-27,233.0,150.0,25.0,0.0,0.0
1964-10-28,289.0,133.0,0.0,0.0,0.0
1964-10-29,294.0,117.0,0.0,0.0,0.0
1964-10-30,289.0,106.0,0.0,0.0,0.0
1964-10-31,283.0,122.0,0.0,0.0,0.0
1964-11-01,283.0,139.0,0.0,0.0,0.0
1964-11-02,278.0,161.0,0.0,0.0,0.0
1964-11-03,278.0,144.0,0.0,0.0,0.0
1964-11-04,250.0,139.0,107.0,0.0,0.0
1964-11-05,194.0,133.0,157.0,0.0,0.0
1964-11-06,217.0,111.0,0.0,0.0,0.0
1964-11-07,211.0,94.0,0.0,0.0,0.0
1964-11-08,239.0,67.0,0.0,0.0,0.0
1964-11-09,261.0,94.0,0.0,0.0,0.0
1964-11-10,250.0,111.0,0.0,0.0,0.0
1964-11-11,250.0,139.0,0.0,0.0,0.0
1964-11-12,239.0,117.0,18.0,0.0,0.0
1964-11-13,278.0,61.0,0.0,0.0,0.0
1964-11-14,261.0,144.0,0.0,0.0,0.0
1964-11-15,289.0,200.0,0.0,0.0,0.0
1964-11-16,272.0,178.0,0.0,0.0,0.0
1964-11-17,261.0,178.0,0.0,0.0,0.0
1964-11-18,228.0,111.0,267.0,0.0,0.0
1964-11-19,200.0,39.0,152.0,0.0,0.0
1964-11-20,150.0,-22.0,0.0,0.0,0.0
1964-11-21,144.0,-33.0,0.0,0.0,0.0
1964-11-22,89.0,-56.0,0.0,0.0,0.0
1964-11-23,122.0,-28.0,0.0,0.0,0.0
1964-11-24,150.0,33.0,0.0,0.0,0.0
1964-11-25,200.0,-11.0,0.0,0.0,0.0
1964-11-26,228.0,94.0,0.0,0.0,0.0
1964-11-27,272.0,100.0,0.0,0.0,0.0
1964-11-28,244.0,22.0,0.0,0.0,0.0
1964-11-29,206.0,33.0,0.0,0.0,0.0
1964-11-30,172.0,-44.0,0.0,0.0,0.0
1965-01-01,222.0,139.0,0.0,0.0,0.0
1965-01-02,200.0,128.0,127.0,0.0,0.0
1965-01-03,167.0,56.0,99.0,0.0,0.0
1965-01-04,139.0,61.0,0.0,0.0,0.0
1965-01-05,161.0,39.0,0.0,0.0,0.0
1965-01-06,222.0,139.0,0.0,0.0,0.0
1965-01-07,217.0,133.0,0.0,0.0,0.0
1965-01-08,233.0,161.0,0.0,0.0,0.0
1965-01-09,217.0,-17.0,150.0,0.0,0.0
1965-01-10,61.0,-33.0,0.0,0.0,0.0
1965-01-11,89.0,-33.0,0.0,0.0,0.0
1965-01-12,139.0,-6.0,0.0,0.0,0.0
1965-01-13,133.0,28.0,0.0,0.0,0.0
1965-01-14,133.0,11.0,0.0,0.0,0.0
1965-01-15,133.0,6.0,0.0,0.0,0.0
1965-01-16,122.0,-78.0,0.0,0.0,0.0
1965-01-17,72.0,-89.0,0.0,0.0,0.0
1965-01-18,100.0,-28.0,0.0,0.0,0.0
1965-01-19,156.0,-11.0,0.0,0.0,0.0
1965-01-20,183.0,61.0,0.0,0.0,0.0
1965-01-21,167.0,72.0,0.0,0.0,0.0
1965-01-22,183.0,133.0,406.0,0.0,0.0
1965-01-23,167.0,33.0,13.0,0.0,0.0
1965-01-24,89.0,-22.0,0.0,0.0,0.0
1965-01-25,200.0,56.0,0.0,0.0,0.0
1965-01-26,211.0,-6.0,0.0,0.0,0.0
1965-01-27,128.0,-22.0,0.0,0.0,0.0
1965-01-28,200.0,11.0,0.0,0.0,0.0
1965-01-29,167.0,-11.0,0.0,0.0,0.0
1965-01-30,83.0,6.0,0.0,0.0,0.0
1965-01-31,139.0,-44.0,0.0,0.0,0.0
1965-02-01,83.0,-6.0,0.0,0.0,0.0
1965-02-02,67.0,-56.0,0.0,0.0,0.0
1965-02-03,100.0,22.0,0.0,0.0,0.0
1965-02-04,139.0,11.0,0.0,0.0,0.0
1965-02-05,144.0,28.0,0.0,0.0,0.0
1965-02-06,139.0,61.0,0.0,0.0,0.0
1965-02-07,183.0,78.0,30.0,0.0,0.0
1965-02-08,178.0,56.0,559.0,0.0,0.0
1965-02-09,144.0,6.0,775.0,0.0,0.0
1965-02-10,206.0,50.0,0.0,0.0,0.0
1965-02-11,200.0,89.0,97.0,0.0,0.0
1965-02-12,167.0,-50.0,0.0,0.0,0.0
1965-02-13,78.0,-44.0,0.0,0.0,0.0
1965-02-14,117.0,-39.0,0.0,0.0,0.0
1965-02-15,133.0,-6.0,0.0,0.0,0.0
1965-02-16,133.0,44.0,196.0,0.0,0.0
1965-02-17,144.0,39.0,18.0,0.0,0.0
1965-02-18,172.0,6.0,0.0,0.0,0.0
1965-02-19,211.0,17.0,0.0,0.0,0.0
1965-02-20,194.0,50.0,0.0,0.0,0.0
1965-02-21,183.0,72.0,0.0,0.0,0.0
1965-02-22,133.0,-39.0,0.0,0.0,0.0
1965-02-23,144.0,22.0,107.0,0.0,0.0
1965-02-24,39.0,-94.0,279.0,,
1965-02-25,106.0,-56.0,0.0,,0.0
1965-02-26,189.0,6.0,0.0,0.0,0.0
1965-02-27,206.0,67.0,0.0,0.0,0.0
1965-02-28,200.0,128.0,0.0,0.0,0.0
1965-03-01,211.0,39.0,0.0,0.0,0.0
1965-03-02,56.0,-28.0,0.0,0.0,0.0
1965-03-03,72.0,-28.0,0.0,0.0,0.0
1965-03-04,67.0,-61.0,0.0,0.0,0.0
1965-03-05,128.0,0.0,0.0,0.0,0.0
1965-03-06,144.0,6.0,0.0,0.0,0.0
1965-03-07,139.0,-17.0,0.0,0.0,0.0
1965-03-08,189.0,-11.0,0.0,0.0,0.0
1965-03-09,189.0,50.0,0.0,0.0,0.0
1965-03-10,189.0,89.0,0.0,0.0,0.0
1965-03-11,167.0,72.0,0.0,0.0,0.0
1965-03-12,139.0,44.0,229.0,0.0,0.0
1965-03-13,161.0,67.0,0.0,0.0,0.0
1965-03-14,233.0,33.0,0.0,0.0,0.0
1965-03-15,244.0,89.0,0.0,0.0,0.0
1965-03-16,239.0,128.0,0.0,0.0,0.0
1965-03-17,217.0,111.0,0.0,0.0,0.0
1965-03-18,189.0,-17.0,0.0,0.0,0.0
1965-03-19,56.0,-56.0,0.0,0.0,0.0
1965-03-20,67.0,-89.0,0.0,0.0,0.0
1965-03-21,133.0,-33.0,0.0,0.0,0.0
1965-03-22,211.0,50.0,0.0,0.0,0.0
1965-03-23,228.0,94.0,0.0,0.0,0.0
1965-03-24,122.0,0.0,0.0,0.0,0.0
1965-03-25,67.0,-11.0,132.0,0.0,0.0
1965-03-26,100.0,-44.0,0.0,0.0,0.0
1965-03-27,133.0,-11.0,0.0,0.0,0.0
1965-03-28,211.0,56.0,0.0,0.0,0.0
1965-03-29,211.0,61.0,102.0,0.0,0.0
1965-03-30,172.0,67.0,69.0,0.0,0.0
1965-03-31,183.0,61.0,0.0,0.0,0.0
1965-04-01,222.0,72.0,0.0,0.0,0.0
1965-04-02,228.0,139.0,0.0,0.0,0.0
1965-04-03,272.0,183.0,0.0,0.0,0.0
1965-04-04,256.0,172.0,0.0,0.0,0.0
1965-04-05,267.0,183.0,0.0,0.0,0.0
1965-04-06,272.0,183.0,0.0,0.0,0.0
1965-04-07,294.0,167.0,0.0,0.0,0.0
1965-04-08,278.0,178.0,0.0,0.0,0.0
1965-04-09,272.0,167.0,0.0,0.0,0.0
1965-04-10,294.0,178.0,0.0,0.0,0.0
1965-04-11,278.0,172.0,89.0,0.0,0.0
1965-04-12,278.0,111.0,0.0,0.0,0.0
1965-04-13,272.0,128.0,0.0,0.0,0.0
1965-04-14,289.0,172.0,0.0,0.0,0.0
1965-04-15,278.0,144.0,0.0,0.0,0.0
1965-04-16,244.0,50.0,0.0,0.0,0.0
1965-04-17,272.0,89.0,0.0,0.0,0.0
1965-04-18,306.0,156.0,0.0,0.0,0.0
1965-04-19,300.0,133.0,0.0,0.0,0.0
1965-04-20,289.0,100.0,0.0,0.0,0.0
1965-04-21,300.0,128.0,0.0,0.0,0.0
1965-04-22,306.0,128.0,0.0,0.0,0.0
1965-04-23,306.0,156.0,0.0,0.0,0.0
1965-04-24,300.0,150.0,0.0,0.0,0.0
1965-04-25,294.0,156.0,0.0,0.0,0.0
1965-04-26,239.0,94.0,254.0,0.0,0.0
1965-04-27,206.0,106.0,0.0,0.0,0.0
1965-04-28,206.0,61.0,0.0,0.0,0.0
1965-04-29,239.0,33.0,0.0,0.0,0.0
1965-04-30,267.0,78.0,0.0,0.0,0.0
1965-05-01,267.0,89.0,0.0,0.0,0.0
1965-05-02,272.0,122.0,0.0,0.0,0.0
1965-05-03,283.0,161.0,0.0,0.0,0.0
1965-05-04,278.0,167.0,0.0,0.0,0.0
1965-05-05,256.0,178.0,0.0,0.0,0.0
1965-05-06,278.0,167.0,20.0,0.0,0.0
1965-05-07,294.0,172.0,0.0,0.0,0.0
1965-05-08,283.0,183.0,0.0,0.0,0.0
1965-05-09,294.0,167.0,191.0,0.0,0.0
1965-05-10,211.0,156.0,1016.0,0.0,0.0
1965-05-11,256.0,150.0,102.0,0.0,0.0
1965-05-12,256.0,161.0,0.0,0.0,0.0
1965-05-13,283.0,183.0,0.0,0.0,0.0
1965-05-14,267.0,161.0,76.0,0.0,0.0
1965-05-15,267.0,172.0,0.0,0.0,0.0
1965-05-16,272.0,156.0,559.0,0.0,0.0
1965-05-17,272.0,156.0,0.0,0.0,0.0
1965-05-18,256.0,194.0,0.0,0.0,0.0
1965-05-19,256.0,172.0,20.0,0.0,0.0
1965-05-20,272.0,156.0,0.0,0.0,0.0
1965-05-21,289.0,172.0,0.0,0.0,0.0
1965-05-22,300.0,167.0,0.0,0.0,0.0
1965-05-23,294.0,183.0,0.0,0.0,0.0
1965-05-24,289.0,172.0,0.0,0.0,0.0
1965-05-25,300.0,183.0,0.0,0.0,0.0
1965-05-26,306.0,178.0,0.0,0.0,0.0
1965-05-27,328.0,183.0,0.0,0.0,0.0
1965-05-28,311.0,167.0,711.0,0.0,0.0
1965-05-29,278.0,150.0,0.0,0.0,0.0
1965-05-30,294.0,156.0,0.0,0.0,0.0
1965-05-31,294.0,189.0,0.0,0.0,0.0
1965-06-01,306.0,200.0,0.0,0.0,0.0
1965-06-02,300.0,211.0,0.0,0.0,0.0
1965-06-03,311.0,194.0,0.0,0.0,0.0
1965-06-04,317.0,194.0,0.0,0.0,0.0
1965-06-05,300.0,167.0,140.0,0.0,0.0
1965-06-06,294.0,167.0,0.0,0.0,0.0
1965-06-07,311.0,200.0,0.0,0.0,0.0
1965-06-08,328.0,211.0,0.0,0.0,0.0
1965-06-09,322.0,217.0,0.0,0.0,0.0
1965-06-10,322.0,200.0,0.0,0.0,0.0
1965-06-11,322.0,194.0,0.0,0.0,0.0
1965-06-12,333.0,200.0,0.0,0.0,0.0
1965-06-13,300.0,167.0,208.0,0.0,0.0
1965-06-14,306.0,217.0,0.0,0.0,0.0
1965-06-15,322.0,172.0,127.0,0.0,0.0
1965-06-16,294.0,167.0,38.0,0.0,0.0
1965-06-17,294.0,189.0,0.0,0.0,0.0
1965-06-18,294.0,167.0,0.0,0.0,0.0
1965-06-19,300.0,183.0,0.0,0.0,0.0
1965-06-20,328.0,189.0,0.0,0.0,0.0
1965-06-21,333.0,206.0,0.0,0.0,0.0
1965-06-22,311.0,217.0,25.0,0.0,0.0
1965-06-23,322.0,222.0,0.0,0.0,0.0
1965-06-24,322.0,200.0,0.0,0.0,0.0
1965-06-25,328.0,217.0,0.0,0.0,0.0
1965-06-26,333.0,217.0,0.0,0.0,0.0
1965-06-27,339.0,206.0,0.0,0.0,0.0
1965-06-28,339.0,211.0,0.0,0.0,0.0
1965-06-29,344.0,217.0,0.0,0.0,0.0
1965-06-30,344.0,217.0,0.0,0.0,0.0
1965-07-01,356.0,211.0,0.0,0.0,0.0
1965-07-02,356.0,194.0,0.0,0.0,0.0
1965-07-03,361.0,217.0,0.0,0.0,0.0
1965-07-04,339.0,200.0,0.0,0.0,0.0
1965-07-05,361.0,217.0,0.0,0.0,0.0
1965-07-06,367.0,217.0,0.0,0.0,0.0
1965-07-07,367.0,228.0,0.0,0.0,0.0
1965-07-08,372.0,233.0,0.0,0.0,0.0
1965-07-09,372.0,228.0,0.0,0.0,0.0
1965-07-10,372.0,233.0,0.0,0.0,0.0
1965-07-11,372.0,217.0,0.0,0.0,0.0
1965-07-12,372.0,222.0,0.0,0.0,0.0
1965-07-13,378.0,239.0,0.0,0.0,0.0
1965-07-14,372.0,200.0,0.0,0.0,0.0
1965-07-15,339.0,206.0,284.0,0.0,0.0
1965-07-16,344.0,200.0,0.0,0.0,0.0
1965-07-17,361.0,228.0,0.0,0.0,0.0
1965-07-18,361.0,222.0,0.0,0.0,0.0
1965-07-19,361.0,222.0,0.0,0.0,0.0
1965-07-20,356.0,217.0,0.0,0.0,0.0
1965-07-21,367.0,217.0,0.0,0.0,0.0
1965-07-22,367.0,228.0,0.0,0.0,0.0
1965-07-23,378.0,222.0,0.0,0.0,0.0
1965-07-24,378.0,228.0,0.0,0.0,0.0
1965-07-25,367.0,211.0,102.0,0.0,0.0
1965-07-26,350.0,217.0,0.0,0.0,0.0
1965-07-27,367.0,217.0,0.0,0.0,0.0
1965-07-28,361.0,228.0,0.0,0.0,0.0
1965-07-29,339.0,244.0,0.0,0.0,0.0
1965-07-30,339.0,189.0,0.0,0.0,0.0
1965-07-31,339.0,189.0,0.0,0.0,0.0
1965-08-01,333.0,206.0,0.0,0.0,0.0
1965-08-02,328.0,156.0,0.0,0.0,0.0
1965-08-03,361.0,172.0,0.0,0.0,0.0
1965-08-04,350.0,200.0,0.0,0.0,0.0
1965-08-05,356.0,206.0,0.0,0.0,0.0
1965-08-06,367.0,200.0,0.0,0.0,0.0
1965-08-07,378.0,228.0,0.0,0.0,0.0
1965-08-08,372.0,217.0,0.0,0.0,0.0
1965-08-09,378.0,206.0,0.0,0.0,0.0
1965-08-10,361.0,189.0,0.0,0.0,0.0
1965-08-11,350.0,217.0,0.0,0.0,0.0
1965-08-12,344.0,183.0,0.0,0.0,0.0
1965-08-13,344.0,200.0,0.0,0.0,0.0
1965-08-14,356.0,217.0,0.0,0.0,0.0
1965-08-15,339.0,228.0,13.0,0.0,0.0
1965-08-16,344.0,222.0,0.0,0.0,0.0
1965-08-17,383.0,228.0,0.0,0.0,0.0
1965-08-18,378.0,233.0,0.0,0.0,0.0
1965-08-19,389.0,233.0,0.0,0.0,0.0
1965-08-20,394.0,233.0,0.0,0.0,0.0
1965-08-21,406.0,244.0,0.0,0.0,0.0
1965-08-22,372.0,228.0,56.0,0.0,0.0
1965-08-23,367.0,222.0,0.0,0.0,0.0
1965-08-24,322.0,211.0,173.0,0.0,0.0
1965-08-25,361.0,206.0,0.0,0.0,0.0
1965-08-26,367.0,222.0,0.0,0.0,0.0
1965-08-27,378.0,233.0,0.0,0.0,0.0
1965-08-28,344.0,222.0,0.0,0.0,0.0
1965-08-29,361.0,211.0,0.0,0.0,0.0
1965-08-30,372.0,222.0,0.0,0.0,0.0
1965-08-31,378.0,244.0,0.0,0.0,0.0
1965-09-01,367.0,206.0,437.0,0.0,0.0
1965-09-02,294.0,183.0,0.0,0.0,0.0
1965-09-03,344.0,200.0,0.0,0.0,0.0
1965-09-04,350.0,233.0,0.0,0.0,0.0
1965-09-05,350.0,233.0,0.0,0.0,0.0
1965-09-06,344.0,228.0,0.0,0.0,0.0
1965-09-07,350.0,217.0,0.0,0.0,0.0
1965-09-08,356.0,222.0,0.0,0.0,0.0
1965-09-09,350.0,211.0,0.0,0.0,0.0
1965-09-10,350.0,178.0,0.0,0.0,0.0
1965-09-11,339.0,211.0,0.0,0.0,0.0
1965-09-12,378.0,206.0,0.0,0.0,0.0
1965-09-13,389.0,233.0,0.0,0.0,0.0
1965-09-14,389.0,233.0,0.0,0.0,0.0
1965-09-15,378.0,228.0,0.0,0.0,0.0
1965-09-16,367.0,228.0,0.0,0.0,0.0
1965-09-17,356.0,233.0,0.0,0.0,0.0
1965-09-18,344.0,222.0,0.0,0.0,0.0
1965-09-19,333.0,228.0,0.0,0.0,0.0
1965-09-20,333.0,228.0,46.0,0.0,0.0
1965-09-21,317.0,183.0,445.0,0.0,0.0
1965-09-22,250.0,167.0,559.0,0.0,0.0
1965-09-23,267.0,167.0,0.0,0.0,0.0
1965-09-24,256.0,122.0,0.0,0.0,0.0
1965-09-25,222.0,106.0,0.0,0.0,0.0
1965-09-26,256.0,128.0,0.0,0.0,0.0
1965-09-27,267.0,122.0,0.0,0.0,0.0
1965-09-28,289.0,139.0,0.0,0.0,0.0
1965-09-29,289.0,167.0,0.0,0.0,0.0
1965-09-30,278.0,111.0,0.0,0.0,0.0
1965-10-01,222.0,89.0,0.0,0.0,0.0
1965-10-02,222.0,122.0,0.0,0.0,0.0
1965-10-03,244.0,139.0,0.0,0.0,0.0
1965-10-04,217.0,128.0,64.0,0.0,0.0
1965-10-05,183.0,122.0,0.0,0.0,0.0
1965-10-06,200.0,122.0,0.0,0.0,0.0
1965-10-07,289.0,106.0,0.0,0.0,0.0
1965-10-08,328.0,117.0,0.0,0.0,0.0
1965-10-09,328.0,100.0,0.0,0.0,0.0
1965-10-10,339.0,156.0,0.0,0.0,0.0
1965-10-11,311.0,167.0,0.0,0.0,0.0
1965-10-12,278.0,128.0,0.0,0.0,0.0
1965-10-13,283.0,150.0,0.0,0.0,0.0
1965-10-14,289.0,167.0,0.0,0.0,0.0
1965-10-15,278.0,172.0,0.0,0.0,0.0
1965-10-16,294.0,200.0,0.0,0.0,0.0
1965-10-17,300.0,178.0,0.0,0.0,0.0
1965-10-18,283.0,200.0,178.0,0.0,0.0
1965-10-19,278.0,161.0,0.0,0.0,0.0
1965-10-20,267.0,144.0,0.0,0.0,0.0
1965-10-21,222.0,106.0,0.0,0.0,0.0
1965-10-22,217.0,67.0,0.0,0.0,0.0
1965-10-23,278.0,61.0,0.0,0.0,0.0
1965-10-24,256.0,72.0,0.0,0.0,0.0
1965-10-25,206.0,33.0,0.0,0.0,0.0
1965-10-26,261.0,50.0,0.0,0.0,0.0
1965-10-27,250.0,61.0,0.0,0.0,0.0
1965-10-28,244.0,78.0,0.0,0.0,0.0
1965-10-29,250.0,67.0,0.0,0.0,0.0
1965-10-30,256.0,89.0,0.0,0.0,0.0
1965-10-31,272.0,83.0,0.0,0.0,0.0
1965-11-01,272.0,50.0,0.0,0.0,0.0
1965-11-02,256.0,117.0,0.0,0.0,0.0
1965-11-03,211.0,111.0,94.0,0.0,0.0
1965-11-04,183.0,150.0,538.0,0.0,0.0
1965-11-05,189.0,161.0,43.0,0.0,0.0
1965-11-06,200.0,156.0,0.0,0.0,0.0
1965-11-07,206.0,161.0,0.0,0.0,0.0
1965-11-08,217.0,117.0,0.0,0.0,0.0
1965-11-09,211.0,122.0,0.0,0.0,0.0
1965-11-10,183.0,117.0,0.0,0.0,0.0
1965-11-11,217.0,122.0,0.0,0.0,0.0
1965-11-12,261.0,150.0,0.0,0.0,0.0
1965-11-13,244.0,156.0,0.0,0.0,0.0
1965-11-14,244.0,156.0,0.0,0.0,0.0
1965-11-15,256.0,144.0,0.0,0.0,0.0
1965-11-16,256.0,178.0,0.0,0.0,0.0
1965-11-17,244.0,61.0,0.0,0.0,0.0
1965-11-18,211.0,56.0,0.0,0.0,0.0
1965-11-19,217.0,72.0,0.0,0.0,0.0
1965-11-20,261.0,144.0,0.0,0.0,0.0
1965-11-21,239.0,144.0,0.0,0.0,0.0
1965-11-22,244.0,61.0,0.0,0.0,0.0
1965-11-23,250.0,94.0,0.0,0.0,0.0
1965-11-24,294.0,161.0,0.0,0.0,0.0
1965-11-25,294.0,100.0,0.0,0.0,0.0
1965-11-26,283.0,161.0,0.0,0.0,0.0
1965-11-27,250.0,28.0,0.0,0.0,0.0
1965-11-28,183.0,78.0,0.0,0.0,0.0
1965-11-29,183.0,17.0,0.0,0.0,0.0
1965-11-30,167.0,22.0,0.0,0.0,0.0
1965-12-01,161.0,44.0,0.0,0.0,0.0
1965-12-02,144.0,61.0,89.0,0.0,0.0
1965-12-03,117.0,56.0,43.0,0.0,0.0
1965-12-04,206.0,39.0,0.0,0.0,0.0
1965-12-05,200.0,50.0,0.0,0.0,0.0
1965-12-06,211.0,56.0,0.0,0.0,0.0
1965-12-07,183.0,22.0,0.0,0.0,0.0
1965-12-08,178.0,6.0,0.0,0.0,0.0
1965-12-09,217.0,67.0,0.0,0.0,0.0
1965-12-10,222.0,156.0,0.0,0.0,0.0
1965-12-11,239.0,144.0,152.0,0.0,0.0
1965-12-12,183.0,78.0,0.0,0.0,0.0
1965-12-13,156.0,33.0,0.0,0.0,0.0
1965-12-14,167.0,106.0,0.0,0.0,0.0
1965-12-15,144.0,56.0,0.0,0.0,0.0
1965-12-16,128.0,50.0,30.0,0.0,0.0
1965-12-17,128.0,6.0,15.0,0.0,0.0
1965-12-18,106.0,72.0,76.0,0.0,0.0
1965-12-19,111.0,28.0,76.0,0.0,0.0
1965-12-20,172.0,0.0,0.0,0.0,0.0
1965-12-21,194.0,6.0,0.0,0.0,0.0
1965-12-22,194.0,78.0,0.0,0.0,0.0
1965-12-23,206.0,89.0,0.0,0.0,0.0
1965-12-24,178.0,56.0,56.0,0.0,0.0
1965-12-25,122.0,-22.0,0.0,0.0,0.0
1965-12-26,128.0,-22.0,0.0,0.0,0.0
1965-12-27,128.0,6.0,0.0,0.0,0.0
1965-12-28,133.0,0.0,0.0,0.0,0.0
1965-12-29,183.0,78.0,0.0,0.0,0.0
1965-12-30,200.0,133.0,0.0,0.0,0.0
1965-12-31,222.0,156.0,0.0,0.0,0.0
1966-01-01,222.0,167.0,0.0,0.0,0.0
1966-01-02,200.0,78.0,0.0,0.0,0.0
1966-01-03,122.0,-17.0,0.0,0.0,0.0
1966-01-04,106.0,6.0,0.0,0.0,0.0
1966-01-05,150.0,44.0,0.0,0.0,0.0
1966-01-06,183.0,22.0,0.0,0.0,0.0
1966-01-07,200.0,17.0,0.0,0.0,0.0
1966-01-08,183.0,6.0,0.0,0.0,0.0
1966-01-09,194.0,-6.0,0.0,0.0,0.0
1966-01-10,183.0,56.0,0.0,0.0,0.0
1966-01-11,200.0,72.0,0.0,0.0,0.0
1966-01-12,194.0,122.0,0.0,0.0,0.0
1966-01-13,172.0,44.0,0.0,0.0,0.0
1966-01-14,139.0,-6.0,0.0,0.0,0.0
1966-01-15,122.0,-39.0,0.0,0.0,0.0
1966-01-16,144.0,-28.0,0.0,0.0,0.0
1966-01-17,111.0,-17.0,0.0,0.0,0.0
1966-01-18,67.0,0.0,0.0,0.0,0.0
1966-01-19,61.0,-11.0,140.0,0.0,0.0
1966-01-20,22.0,-17.0,20.0,0.0,0.0
1966-01-21,28.0,-11.0,13.0,0.0,0.0
1966-01-22,0.0,-56.0,25.0,,
1966-01-23,39.0,-106.0,0.0,0.0,0.0
1966-01-24,50.0,-11.0,0.0,0.0,0.0
1966-01-25,28.0,-6.0,0.0,0.0,0.0
1966-01-26,61.0,0.0,0.0,0.0,0.0
1966-01-27,111.0,-44.0,0.0,0.0,0.0
1966-01-28,122.0,-17.0,310.0,0.0,0.0
1966-01-29,-6.0,-128.0,0.0,0.0,0.0
1966-01-30,0.0,-128.0,0.0,0.0,0.0
1966-01-31,139.0,-39.0,10.0,0.0,0.0
1966-02-01,111.0,-6.0,46.0,0.0,0.0
1966-02-02,56.0,-61.0,0.0,0.0,0.0
1966-02-03,78.0,-56.0,0.0,0.0,0.0
1966-02-04,144.0,-39.0,0.0,0.0,0.0
1966-02-05,167.0,-44.0,0.0,0.0,0.0
1966-02-06,211.0,89.0,0.0,0.0,0.0
1966-02-07,211.0,122.0,0.0,0.0,0.0
1966-02-08,206.0,161.0,13.0,0.0,0.0
1966-02-09,183.0,100.0,724.0,0.0,0.0
1966-02-10,183.0,100.0,0.0,0.0,0.0
1966-02-11,167.0,28.0,0.0,0.0,0.0
1966-02-12,139.0,67.0,0.0,0.0,0.0
1966-02-13,194.0,22.0,0.0,0.0,0.0
1966-02-14,189.0,6.0,0.0,0.0,0.0
1966-02-15,78.0,22.0,41.0,0.0,0.0
1966-02-16,89.0,33.0,0.0,0.0,0.0
1966-02-17,117.0,-56.0,0.0,0.0,0.0
1966-02-18,189.0,-6.0,0.0,0.0,0.0
1966-02-19,200.0,33.0,0.0,0.0,0.0
1966-02-20,206.0,39.0,0.0,0.0,0.0
1966-02-21,178.0,17.0,0.0,0.0,0.0
1966-02-22,56.0,-28.0,30.0,0.0,0.0
1966-02-23,44.0,-28.0,89.0,0.0,0.0
1966-02-24,111.0,-39.0,0.0,0.0,0.0
1966-02-25,150.0,-17.0,0.0,0.0,0.0
1966-02-26,128.0,61.0,56.0,0.0,0.0
1966-02-27,117.0,50.0,81.0,0.0,0.0
1966-02-28,167.0,67.0,43.0,0.0,0.0
1966-03-01,194.0,33.0,0.0,0.0,0.0
1966-03-02,217.0,89.0,0.0,0.0,0.0
1966-03-03,211.0,139.0,25.0,0.0,0.0
1966-03-04,172.0,17.0,0.0,0.0,0.0
1966-03-05,106.0,28.0,0.0,0.0,0.0
1966-03-06,111.0,-33.0,0.0,0.0,0.0
1966-03-07,133.0,0.0,0.0,0.0,0.0
1966-03-08,144.0,44.0,43.0,0.0,0.0
1966-03-09,200.0,50.0,0.0,0.0,0.0
1966-03-10,211.0,78.0,0.0,0.0,0.0
1966-03-11,217.0,122.0,0.0,0.0,0.0
1966-03-12,222.0,122.0,127.0,0.0,0.0
1966-03-13,189.0,89.0,18.0,0.0,0.0
1966-03-14,200.0,111.0,0.0,0.0,0.0
1966-03-15,239.0,89.0,0.0,0.0,0.0
1966-03-16,256.0,106.0,0.0,0.0,0.0
1966-03-17,250.0,139.0,0.0,0.0,0.0
1966-03-18,239.0,111.0,0.0,0.0,0.0
1966-03-19,250.0,56.0,0.0,0.0,0.0
1966-03-20,267.0,144.0,0.0,0.0,0.0
1966-03-21,261.0,156.0,0.0,0.0,0.0
1966-03-22,250.0,183.0,0.0,0.0,0.0
1966-03-23,239.0,33.0,0.0,0.0,0.0
1966-03-24,133.0,0.0,0.0,0.0,0.0
1966-03-25,156.0,11.0,0.0,0.0,0.0
1966-03-26,217.0,61.0,0.0,0.0,0.0
1966-03-27,233.0,89.0,0.0,0.0,0.0
1966-03-28,228.0,67.0,208.0,0.0,0.0
1966-03-29,183.0,56.0,13.0,0.0,0.0
1966-03-30,222.0,78.0,0.0,0.0,0.0
1966-03-31,300.0,106.0,0.0,0.0,0.0
1966-04-01,300.0,111.0,0.0,0.0,0.0
1966-04-02,256.0,50.0,0.0,0.0,0.0
1966-04-03,256.0,156.0,0.0,0.0,0.0
1966-04-04,211.0,83.0,0.0,0.0,0.0
1966-04-05,183.0,22.0,0.0,0.0,0.0
1966-04-06,256.0,33.0,0.0,0.0,0.0
1966-04-07,278.0,122.0,0.0,0.0,0.0
1966-04-08,244.0,89.0,0.0,0.0,0.0
1966-04-09,244.0,106.0,0.0,0.0,0.0
1966-04-10,244.0,111.0,0.0,0.0,0.0
1966-04-11,272.0,167.0,0.0,0.0,0.0
1966-04-12,306.0,189.0,0.0,0.0,0.0
1966-04-13,250.0,72.0,0.0,0.0,0.0
1966-04-14,239.0,106.0,178.0,0.0,0.0
1966-04-15,239.0,78.0,0.0,0.0,0.0
1966-04-16,256.0,83.0,0.0,0.0,0.0
1966-04-17,250.0,117.0,89.0,0.0,0.0
1966-04-18,222.0,144.0,330.0,0.0,0.0
1966-04-19,283.0,189.0,0.0,0.0,0.0
1966-04-20,272.0,83.0,13.0,0.0,0.0
1966-04-21,183.0,39.0,0.0,0.0,0.0
1966-04-22,183.0,117.0,56.0,0.0,0.0
1966-04-23,261.0,161.0,56.0,0.0,0.0
1966-04-24,250.0,156.0,508.0,0.0,0.0
1966-04-25,206.0,167.0,508.0,0.0,0.0
1966-04-26,222.0,167.0,406.0,0.0,0.0
1966-04-27,283.0,144.0,0.0,0.0,0.0
1966-04-28,278.0,144.0,46.0,0.0,0.0
1966-04-29,194.0,161.0,508.0,0.0,0.0
1966-04-30,261.0,161.0,376.0,0.0,0.0
1966-05-01,183.0,111.0,427.0,0.0,0.0
1966-05-02,189.0,111.0,15.0,0.0,0.0
1966-05-03,233.0,94.0,0.0,0.0,0.0
1966-05-04,256.0,106.0,0.0,0.0,0.0
1966-05-05,267.0,133.0,0.0,0.0,0.0
1966-05-06,278.0,139.0,0.0,0.0,0.0
1966-05-07,283.0,150.0,0.0,0.0,0.0
1966-05-08,289.0,150.0,0.0,0.0,0.0
1966-05-09,278.0,150.0,0.0,0.0,0.0
1966-05-10,222.0,128.0,0.0,0.0,0.0
1966-05-11,272.0,167.0,0.0,0.0,0.0
1966-05-12,267.0,161.0,282.0,0.0,0.0
1966-05-13,256.0,100.0,0.0,0.0,0.0
1966-05-14,267.0,133.0,0.0,0.0,0.0
1966-05-15,300.0,167.0,0.0,0.0,0.0
1966-05-16,294.0,194.0,0.0,0.0,0.0
1966-05-17,311.0,233.0,0.0,0.0,0.0
1966-05-18,289.0,217.0,0.0,0.0,0.0
1966-05-19,244.0,161.0,165.0,0.0,0.0
1966-05-20,272.0,172.0,0.0,0.0,0.0
1966-05-21,300.0,178.0,76.0,0.0,0.0
1966-05-22,311.0,194.0,0.0,0.0,0.0
1966-05-23,317.0,228.0,0.0,0.0,0.0
1966-05-24,300.0,172.0,165.0,0.0,0.0
1966-05-25,267.0,156.0,0.0,0.0,0.0
1966-05-26,272.0,144.0,0.0,0.0,0.0
1966-05-27,283.0,150.0,0.0,0.0,0.0
1966-05-28,306.0,156.0,0.0,0.0,0.0
1966-05-29,306.0,172.0,0.0,0.0,0.0
1966-05-30,311.0,178.0,0.0,0.0,0.0
1966-05-31,289.0,178.0,0.0,0.0,0.0
1966-06-01,283.0,172.0,0.0,0.0,0.0
1966-06-02,294.0,167.0,0.0,0.0,0.0
1966-06-03,300.0,172.0,0.0,0.0,0.0
1966-06-04,311.0,189.0,0.0,0.0,0.0
1966-06-05,317.0,211.0,0.0,0.0,0.0
1966-06-06,328.0,211.0,0.0,0.0,0.0
1966-06-07,322.0,211.0,0.0,0.0,0.0
1966-06-08,328.0,211.0,0.0,0.0,0.0
1966-06-09,333.0,194.0,0.0,0.0,0.0
1966-06-10,339.0,172.0,0.0,0.0,0.0
1966-06-11,344.0,217.0,0.0,0.0,0.0
1966-06-12,333.0,206.0,0.0,0.0,0.0
1966-06-13,322.0,189.0,191.0,0.0,0.0
1966-06-14,328.0,222.0,0.0,0.0,0.0
1966-06-15,344.0,200.0,0.0,0.0,0.0
1966-06-16,333.0,178.0,102.0,0.0,0.0
1966-06-17,300.0,167.0,279.0,0.0,0.0
1966-06-18,267.0,183.0,178.0,0.0,0.0
1966-06-19,283.0,200.0,0.0,0.0,0.0
1966-06-20,300.0,183.0,0.0,0.0,0.0
1966-06-21,317.0,172.0,0.0,0.0,0.0
1966-06-22,306.0,194.0,0.0,0.0,0.0
1966-06-23,311.0,178.0,0.0,0.0,0.0
1966-06-24,322.0,200.0,0.0,0.0,0.0
1966-06-25,333.0,211.0,0.0,0.0,0.0
1966-06-26,322.0,200.0,0.0,0.0,0.0
1966-06-27,339.0,189.0,0.0,0.0,0.0
1966-06-28,339.0,211.0,0.0,0.0,0.0
1966-06-29,344.0,206.0,0.0,0.0,0.0
1966-06-30,328.0,206.0,0.0,0.0,0.0
1966-07-01,306.0,178.0,340.0,0.0,0.0
1966-07-02,333.0,200.0,0.0,0.0,0.0
1966-07-03,333.0,222.0,0.0,0.0,0.0
1966-07-04,339.0,211.0,0.0,0.0,0.0
1966-07-05,344.0,217.0,0.0,0.0,0.0
1966-07-06,328.0,217.0,0.0,0.0,0.0
1966-07-07,306.0,222.0,297.0,0.0,0.0
1966-07-08,339.0,233.0,0.0,0.0,0.0
1966-07-09,344.0,233.0,0.0,0.0,0.0
1966-07-10,356.0,228.0,0.0,0.0,0.0
1966-07-11,356.0,228.0,0.0,0.0,0.0
1966-07-12,361.0,233.0,0.0,0.0,0.0
1966-07-13,361.0,222.0,0.0,0.0,0.0
1966-07-14,356.0,239.0,0.0,0.0,0.0
1966-07-15,378.0,233.0,0.0,0.0,0.0
1966-07-16,350.0,244.0,0.0,0.0,0.0
1966-07-17,333.0,228.0,241.0,0.0,0.0
1966-07-18,350.0,239.0,0.0,0.0,0.0
1966-07-19,361.0,233.0,0.0,0.0,0.0
1966-07-20,372.0,233.0,0.0,0.0,0.0
1966-07-21,344.0,239.0,0.0,0.0,0.0
1966-07-22,317.0,239.0,10.0,0.0,0.0
1966-07-23,350.0,222.0,0.0,0.0,0.0
1966-07-24,344.0,244.0,0.0,0.0,0.0
1966-07-25,339.0,239.0,0.0,0.0,0.0
1966-07-26,356.0,228.0,0.0,0.0,0.0
1966-07-27,367.0,239.0,0.0,0.0,0.0
1966-07-28,372.0,239.0,0.0,0.0,0.0
1966-07-29,378.0,233.0,0.0,0.0,0.0
1966-07-30,367.0,256.0,0.0,0.0,0.0
1966-07-31,378.0,239.0,0.0,0.0,0.0
1966-08-01,383.0,233.0,0.0,0.0,0.0
1966-08-02,367.0,250.0,30.0,0.0,0.0
1966-08-03,322.0,206.0,0.0,0.0,0.0
1966-08-04,333.0,183.0,0.0,0.0,0.0
1966-08-05,339.0,194.0,0.0,0.0,0.0
1966-08-06,350.0,194.0,0.0,0.0,0.0
1966-08-07,361.0,211.0,0.0,0.0,0.0
1966-08-08,372.0,200.0,0.0,0.0,0.0
1966-08-09,372.0,206.0,0.0,0.0,0.0
1966-08-10,372.0,217.0,0.0,0.0,0.0
1966-08-11,361.0,217.0,76.0,0.0,0.0
1966-08-12,283.0,200.0,157.0,0.0,0.0
1966-08-13,300.0,217.0,76.0,0.0,0.0
1966-08-14,333.0,211.0,13.0,0.0,0.0
1966-08-15,339.0,228.0,0.0,0.0,0.0
1966-08-16,350.0,228.0,0.0,0.0,0.0
1966-08-17,361.0,228.0,0.0,0.0,0.0
1966-08-18,367.0,222.0,0.0,0.0,0.0
1966-08-19,344.0,222.0,0.0,0.0,0.0
1966-08-20,333.0,217.0,0.0,0.0,0.0
1966-08-21,361.0,222.0,0.0,0.0,0.0
1966-08-22,339.0,222.0,0.0,0.0,0.0
1966-08-23,328.0,200.0,0.0,0.0,0.0
1966-08-24,272.0,150.0,310.0,0.0,0.0
1966-08-25,272.0,144.0,0.0,0.0,0.0
1966-08-26,289.0,150.0,0.0,0.0,0.0
1966-08-27,300.0,183.0,0.0,0.0,0.0
1966-08-28,300.0,194.0,43.0,0.0,0.0
1966-08-29,306.0,206.0,241.0,0.0,0.0
1966-08-30,294.0,206.0,76.0,0.0,0.0
1966-08-31,328.0,206.0,0.0,0.0,0.0
1966-09-01,311.0,211.0,76.0,0.0,0.0
1966-09-02,311.0,211.0,0.0,0.0,0.0
1966-09-03,333.0,206.0,343.0,0.0,0.0
1966-09-04,328.0,206.0,0.0,0.0,0.0
1966-09-05,322.0,200.0,0.0,0.0,0.0
1966-09-06,328.0,183.0,0.0,0.0,0.0
1966-09-07,322.0,194.0,0.0,0.0,0.0
1966-09-08,289.0,200.0,0.0,0.0,0.0
1966-09-09,272.0,183.0,51.0,0.0,0.0
1966-09-10,228.0,172.0,439.0,0.0,0.0
1966-09-11,222.0,172.0,20.0,0.0,0.0
1966-09-12,272.0,178.0,0.0,0.0,0.0
1966-09-13,306.0,156.0,0.0,0.0,0.0
1966-09-14,333.0,200.0,0.0,0.0,0.0
1966-09-15,317.0,172.0,20.0,0.0,0.0
1966-09-16,206.0,156.0,97.0,0.0,0.0
1966-09-17,233.0,178.0,0.0,0.0,0.0
1966-09-18,278.0,167.0,64.0,0.0,0.0
1966-09-19,267.0,139.0,0.0,0.0,0.0
1966-09-20,267.0,133.0,0.0,0.0,0.0
1966-09-21,283.0,128.0,0.0,0.0,0.0
1966-09-22,311.0,122.0,0.0,0.0,0.0
1966-09-23,300.0,133.0,0.0,0.0,0.0
1966-09-24,306.0,122.0,0.0,0.0,0.0
1966-09-25,317.0,167.0,0.0,0.0,0.0
1966-09-26,311.0,178.0,0.0,0.0,0.0
1966-09-27,300.0,172.0,234.0,0.0,0.0
1966-09-28,267.0,139.0,0.0,0.0,0.0
1966-09-29,322.0,133.0,0.0,0.0,0.0
1966-09-30,311.0,156.0,0.0,0.0,0.0
1966-10-01,289.0,72.0,140.0,0.0,0.0
1966-10-02,233.0,83.0,0.0,0.0,0.0
1966-10-03,289.0,139.0,0.0,0.0,0.0
1966-10-04,278.0,133.0,660.0,0.0,0.0
1966-10-05,228.0,128.0,0.0,0.0,0.0
1966-10-06,250.0,144.0,0.0,0.0,0.0
1966-10-07,244.0,133.0,0.0,0.0,0.0
1966-10-08,283.0,122.0,0.0,0.0,0.0
1966-10-09,322.0,172.0,0.0,0.0,0.0
1966-10-10,289.0,156.0,0.0,0.0,0.0
1966-10-11,283.0,122.0,0.0,0.0,0.0
1966-10-12,256.0,139.0,0.0,0.0,0.0
1966-10-13,328.0,183.0,0.0,0.0,0.0
1966-10-14,311.0,222.0,0.0,0.0,0.0
1966-10-15,272.0,56.0,0.0,0.0,0.0
1966-10-16,206.0,17.0,0.0,0.0,0.0
1966-10-17,172.0,100.0,33.0,0.0,0.0
1966-10-18,183.0,83.0,25.0,0.0,0.0
1966-10-19,183.0,50.0,0.0,0.0,0.0
1966-10-20,211.0,6.0,0.0,0.0,0.0
1966-10-21,222.0,89.0,0.0,0.0,0.0
1966-10-22,261.0,72.0,0.0,0.0,0.0
1966-10-23,261.0,83.0,0.0,0.0,0.0
1966-10-24,239.0,89.0,0.0,0.0,0.0
1966-10-25,256.0,44.0,0.0,0.0,0.0
1966-10-26,272.0,56.0,0.0,0.0,0.0
1966-10-27,267.0,89.0,0.0,0.0,0.0
1966-10-28,283.0,111.0,0.0,0.0,0.0
1966-10-29,283.0,100.0,0.0,0.0,0.0
1966-10-30,278.0,89.0,0.0,0.0,0.0
1966-10-31,278.0,94.0,0.0,0.0,0.0
1966-11-01,272.0,61.0,61.0,0.0,0.0
1966-11-02,189.0,-50.0,0.0,0.0,0.0
1966-11-03,178.0,-28.0,0.0,0.0,0.0
1966-11-04,211.0,50.0,0.0,0.0,0.0
1966-11-05,233.0,122.0,0.0,0.0,0.0
1966-11-06,267.0,139.0,0.0,0.0,0.0
1966-11-07,278.0,156.0,0.0,0.0,0.0
1966-11-08,267.0,144.0,0.0,0.0,0.0
1966-11-09,278.0,161.0,0.0,0.0,0.0
1966-11-10,250.0,17.0,0.0,0.0,0.0
1966-11-11,272.0,61.0,0.0,0.0,0.0
1966-11-12,233.0,78.0,0.0,0.0,0.0
1966-11-13,217.0,67.0,0.0,0.0,0.0
1966-11-14,217.0,44.0,0.0,0.0,0.0
1966-11-15,233.0,44.0,0.0,0.0,0.0
1966-11-16,244.0,67.0,0.0,0.0,0.0
1966-11-17,256.0,89.0,0.0,0.0,0.0
1966-11-18,267.0,167.0,0.0,0.0,0.0
1966-11-19,267.0,67.0,0.0,0.0,0.0
1966-11-20,272.0,56.0,0.0,0.0,0.0
1966-11-21,267.0,83.0,0.0,0.0,0.0
1966-11-22,272.0,156.0,0.0,0.0,0.0
1966-11-23,267.0,161.0,0.0,0.0,0.0
1966-11-24,261.0,167.0,0.0,0.0,0.0
1966-11-25,267.0,156.0,0.0,0.0,0.0
1966-11-26,222.0,156.0,0.0,0.0,0.0
1966-11-27,233.0,56.0,107.0,0.0,0.0
1966-11-28,122.0,17.0,0.0,0.0,0.0
1966-11-29,217.0,-17.0,0.0,0.0,0.0
1966-11-30,189.0,39.0,0.0,0.0,0.0
1966-12-01,167.0,-33.0,0.0,0.0,0.0
1966-12-02,128.0,50.0,0.0,0.0,0.0
1966-12-03,67.0,-6.0,0.0,0.0,0.0
1966-12-04,111.0,6.0,30.0,0.0,0.0
1966-12-05,239.0,94.0,0.0,0.0,0.0
1966-12-06,267.0,167.0,0.0,0.0,0.0
1966-12-07,272.0,189.0,0.0,0.0,0.0
1966-12-08,261.0,100.0,0.0,0.0,0.0
1966-12-09,156.0,-6.0,0.0,0.0,0.0
1966-12-10,94.0,-11.0,0.0,0.0,0.0
1966-12-11,67.0,-44.0,0.0,0.0,0.0
1966-12-12,144.0,-78.0,0.0,0.0,0.0
1966-12-13,117.0,-44.0,0.0,0.0,0.0
1966-12-14,161.0,-33.0,0.0,0.0,0.0
1966-12-15,178.0,17.0,0.0,0.0,0.0
1966-12-16,178.0,61.0,165.0,0.0,0.0
1966-12-17,117.0,67.0,30.0,0.0,0.0
1966-12-18,122.0,28.0,0.0,0.0,0.0
1966-12-19,139.0,39.0,0.0,0.0,0.0
1966-12-20,228.0,6.0,0.0,0.0,0.0
1966-12-21,200.0,61.0,0.0,0.0,0.0
1966-12-22,183.0,78.0,20.0,0.0,0.0
1966-12-23,78.0,-33.0,0.0,0.0,0.0
1966-12-24,89.0,-111.0,0.0,0.0,0.0
1966-12-25,111.0,-39.0,0.0,0.0,0.0
1966-12-26,111.0,39.0,0.0,0.0,0.0
1966-12-27,156.0,56.0,320.0,0.0,0.0
1966-12-28,117.0,-39.0,0.0,0.0,0.0
1966-12-29,61.0,-78.0,0.0,0.0,0.0
1966-12-30,44.0,-6.0,51.0,0.0,0.0
1966-12-31,61.0,0.0,0.0,0.0,0.0
1967-01-01,128.0,-11.0,0.0,0.0,0.0
1967-01-02,156.0,0.0,0.0,0.0,0.0
1967-01-03,117.0,-28.0,0.0,0.0,0.0
1967-01-04,144.0,-33.0,0.0,0.0,0.0
1967-01-05,183.0,-17.0,0.0,0.0,0.0
1967-01-06,217.0,78.0,0.0,0.0,0.0
1967-01-07,194.0,-56.0,0.0,0.0,0.0
1967-01-08,67.0,-78.0,0.0,0.0,0.0
1967-01-09,56.0,-78.0,0.0,0.0,0.0
1967-01-10,139.0,-11.0,0.0,0.0,0.0
1967-01-11,144.0,-33.0,0.0,0.0,0.0
1967-01-12,178.0,0.0,0.0,0.0,0.0
1967-01-13,156.0,72.0,38.0,0.0,0.0
1967-01-14,178.0,72.0,0.0,0.0,0.0
1967-01-15,167.0,11.0,0.0,0.0,0.0
1967-01-16,167.0,-11.0,0.0,0.0,0.0
1967-01-17,161.0,6.0,0.0,0.0,0.0
1967-01-18,39.0,-44.0,0.0,0.0,0.0
1967-01-19,78.0,-83.0,0.0,0.0,0.0
1967-01-20,178.0,-33.0,0.0,0.0,0.0
1967-01-21,211.0,117.0,0.0,0.0,0.0
1967-01-22,250.0,133.0,0.0,0.0,0.0
1967-01-23,228.0,150.0,0.0,0.0,0.0
1967-01-24,261.0,139.0,36.0,0.0,0.0
1967-01-25,239.0,133.0,0.0,0.0,0.0
1967-01-26,222.0,17.0,56.0,0.0,0.0
1967-01-27,111.0,-44.0,0.0,0.0,0.0
1967-01-28,183.0,-44.0,0.0,0.0,0.0
1967-01-29,211.0,44.0,0.0,0.0,0.0
1967-01-30,233.0,83.0,0.0,0.0,0.0
1967-01-31,256.0,111.0,0.0,0.0,0.0
1967-02-01,250.0,144.0,0.0,0.0,0.0
1967-02-02,233.0,28.0,81.0,0.0,0.0
1967-02-03,106.0,-6.0,0.0,0.0,0.0
1967-02-04,222.0,22.0,0.0,0.0,0.0
1967-02-05,239.0,72.0,0.0,0.0,0.0
1967-02-06,217.0,-33.0,0.0,0.0,0.0
1967-02-07,89.0,-83.0,0.0,0.0,0.0
1967-02-08,111.0,-39.0,0.0,0.0,0.0
1967-02-09,144.0,-11.0,0.0,0.0,0.0
1967-02-10,183.0,22.0,0.0,0.0,0.0
1967-02-11,183.0,22.0,102.0,0.0,0.0
1967-02-12,144.0,-39.0,25.0,0.0,0.0
1967-02-13,194.0,6.0,0.0,0.0,0.0
1967-02-14,222.0,61.0,0.0,0.0,0.0
1967-02-15,217.0,117.0,0.0,0.0,0.0
1967-02-16,156.0,22.0,0.0,0.0,0.0
1967-02-17,72.0,-17.0,0.0,0.0,0.0
1967-02-18,133.0,-33.0,0.0,0.0,0.0
1967-02-19,150.0,39.0,0.0,0.0,0.0
1967-02-20,139.0,17.0,140.0,0.0,0.0
1967-02-21,100.0,-28.0,0.0,0.0,0.0
1967-02-22,150.0,-44.0,0.0,0.0,0.0
1967-02-23,156.0,-44.0,0.0,0.0,0.0
1967-02-24,139.0,-56.0,0.0,0.0,0.0
1967-02-25,128.0,-61.0,0.0,0.0,0.0
1967-02-26,156.0,61.0,0.0,0.0,0.0
1967-02-27,183.0,61.0,56.0,0.0,0.0
1967-02-28,206.0,0.0,0.0,0.0,0.0
1967-03-01,239.0,39.0,0.0,0.0,0.0
1967-03-02,239.0,61.0,0.0,0.0,0.0
1967-03-03,278.0,100.0,0.0,0.0,0.0
1967-03-04,278.0,156.0,0.0,0.0,0.0
1967-03-05,256.0,156.0,0.0,0.0,0.0
1967-03-06,161.0,6.0,119.0,0.0,0.0
1967-03-07,156.0,-22.0,0.0,0.0,0.0
1967-03-08,156.0,-61.0,0.0,0.0,0.0
1967-03-09,217.0,17.0,0.0,0.0,0.0
1967-03-10,272.0,139.0,0.0,0.0,0.0
1967-03-11,311.0,178.0,0.0,0.0,0.0
1967-03-12,311.0,194.0,0.0,0.0,0.0
1967-03-13,300.0,167.0,0.0,0.0,0.0
1967-03-14,300.0,183.0,0.0,0.0,0.0
1967-03-15,289.0,67.0,0.0,0.0,0.0
1967-03-16,194.0,39.0,0.0,0.0,0.0
1967-03-17,217.0,50.0,0.0,0.0,0.0
1967-03-18,194.0,33.0,0.0,0.0,0.0
1967-03-19,189.0,78.0,0.0,0.0,0.0
1967-03-20,222.0,139.0,254.0,0.0,0.0
1967-03-21,228.0,78.0,0.0,0.0,0.0
1967-03-22,244.0,100.0,0.0,0.0,0.0
1967-03-23,256.0,117.0,0.0,0.0,0.0
1967-03-24,261.0,117.0,0.0,0.0,0.0
1967-03-25,239.0,161.0,43.0,0.0,0.0
1967-03-26,233.0,150.0,51.0,0.0,0.0
1967-03-27,261.0,78.0,0.0,0.0,0.0
1967-03-28,306.0,150.0,0.0,0.0,0.0
1967-03-29,300.0,167.0,0.0,0.0,0.0
1967-03-30,278.0,167.0,0.0,0.0,0.0
1967-03-31,250.0,183.0,20.0,0.0,0.0
1967-04-01,283.0,194.0,0.0,0.0,0.0
1967-04-02,272.0,172.0,0.0,0.0,0.0
1967-04-03,278.0,156.0,0.0,0.0,0.0
1967-04-04,300.0,156.0,0.0,0.0,0.0
1967-04-05,311.0,167.0,0.0,0.0,0.0
1967-04-06,311.0,167.0,0.0,0.0,0.0
1967-04-07,300.0,189.0,0.0,0.0,0.0
1967-04-08,289.0,172.0,0.0,0.0,0.0
1967-04-09,283.0,178.0,0.0,0.0,0.0
1967-04-10,244.0,156.0,0.0,0.0,0.0
1967-04-11,250.0,139.0,445.0,0.0,0.0
1967-04-12,278.0,189.0,0.0,0.0,0.0
1967-04-13,256.0,111.0,287.0,0.0,0.0
1967-04-14,278.0,117.0,0.0,0.0,0.0
1967-04-15,289.0,161.0,0.0,0.0,0.0
1967-04-16,300.0,206.0,0.0,0.0,0.0
1967-04-17,289.0,183.0,0.0,0.0,0.0
1967-04-18,239.0,128.0,38.0,0.0,0.0
1967-04-19,244.0,139.0,0.0,0.0,0.0
1967-04-20,250.0,172.0,0.0,0.0,0.0
1967-04-21,278.0,194.0,572.0,0.0,0.0
1967-04-22,283.0,183.0,25.0,0.0,0.0
1967-04-23,289.0,189.0,0.0,0.0,0.0
1967-04-24,278.0,78.0,0.0,0.0,0.0
1967-04-25,233.0,161.0,0.0,0.0,0.0
1967-04-26,239.0,167.0,25.0,0.0,0.0
1967-04-27,211.0,67.0,0.0,0.0,0.0
1967-04-28,200.0,122.0,0.0,0.0,0.0
1967-04-29,244.0,161.0,0.0,0.0,0.0
1967-04-30,267.0,178.0,264.0,0.0,0.0
1967-05-01,244.0,167.0,699.0,0.0,0.0
1967-05-02,239.0,67.0,0.0,0.0,0.0
1967-05-03,211.0,117.0,0.0,0.0,0.0
1967-05-04,222.0,122.0,216.0,0.0,0.0
1967-05-05,244.0,156.0,0.0,0.0,0.0
1967-05-06,294.0,206.0,0.0,0.0,0.0
1967-05-07,294.0,133.0,0.0,0.0,0.0
1967-05-08,283.0,178.0,0.0,0.0,0.0
1967-05-09,283.0,144.0,0.0,0.0,0.0
1967-05-10,317.0,194.0,0.0,0.0,0.0
1967-05-11,333.0,222.0,0.0,0.0,0.0
1967-05-12,328.0,228.0,0.0,0.0,0.0
1967-05-13,311.0,183.0,0.0,0.0,0.0
1967-05-14,306.0,139.0,191.0,0.0,0.0
1967-05-15,228.0,89.0,0.0,0.0,0.0
1967-05-16,267.0,83.0,0.0,0.0,0.0
1967-05-17,311.0,133.0,0.0,0.0,0.0
1967-05-18,333.0,156.0,0.0,0.0,0.0
1967-05-19,322.0,211.0,0.0,0.0,0.0
1967-05-20,294.0,194.0,152.0,0.0,0.0
1967-05-21,217.0,122.0,64.0,0.0,0.0
1967-05-22,250.0,111.0,0.0,0.0,0.0
1967-05-23,289.0,133.0,0.0,0.0,0.0
1967-05-24,300.0,139.0,0.0,0.0,0.0
1967-05-25,300.0,167.0,0.0,0.0,0.0
1967-05-26,306.0,172.0,0.0,0.0,0.0
1967-05-27,311.0,178.0,0.0,0.0,0.0
1967-05-28,317.0,194.0,0.0,0.0,0.0
1967-05-29,311.0,189.0,178.0,0.0,0.0
1967-05-30,289.0,161.0,305.0,0.0,0.0
1967-05-31,294.0,156.0,343.0,0.0,0.0
1967-06-01,294.0,206.0,0.0,0.0,0.0
1967-06-02,283.0,194.0,0.0,0.0,0.0
1967-06-03,294.0,161.0,0.0,0.0,0.0
1967-06-04,311.0,156.0,0.0,0.0,0.0
1967-06-05,322.0,211.0,0.0,0.0,0.0
1967-06-06,306.0,183.0,0.0,0.0,0.0
1967-06-07,300.0,194.0,0.0,0.0,0.0
1967-06-08,317.0,200.0,0.0,0.0,0.0
1967-06-09,322.0,206.0,0.0,0.0,0.0
1967-06-10,328.0,222.0,0.0,0.0,0.0
1967-06-11,322.0,233.0,0.0,0.0,0.0
1967-06-12,278.0,206.0,30.0,0.0,0.0
1967-06-13,339.0,206.0,0.0,0.0,0.0
1967-06-14,333.0,217.0,0.0,0.0,0.0
1967-06-15,339.0,211.0,0.0,0.0,0.0
1967-06-16,339.0,222.0,0.0,0.0,0.0
1967-06-17,344.0,228.0,0.0,0.0,0.0
1967-06-18,350.0,228.0,0.0,0.0,0.0
1967-06-19,350.0,250.0,0.0,0.0,0.0
1967-06-20,361.0,228.0,0.0,0.0,0.0
1967-06-21,361.0,233.0,0.0,0.0,0.0
1967-06-22,350.0,194.0,470.0,0.0,0.0
1967-06-23,350.0,239.0,0.0,0.0,0.0
1967-06-24,344.0,239.0,0.0,0.0,0.0
1967-06-25,350.0,239.0,0.0,0.0,0.0
1967-06-26,339.0,228.0,0.0,0.0,0.0
1967-06-27,322.0,244.0,0.0,0.0,0.0
1967-06-28,356.0,239.0,0.0,0.0,0.0
1967-06-29,356.0,233.0,0.0,0.0,0.0
1967-06-30,356.0,217.0,191.0,0.0,0.0
1967-07-01,311.0,200.0,508.0,0.0,0.0
1967-07-02,339.0,217.0,0.0,0.0,0.0
1967-07-03,333.0,222.0,13.0,0.0,0.0
1967-07-04,328.0,200.0,140.0,0.0,0.0
1967-07-05,322.0,228.0,20.0,0.0,0.0
1967-07-06,317.0,222.0,0.0,0.0,0.0
1967-07-07,311.0,217.0,46.0,0.0,0.0
1967-07-08,322.0,222.0,0.0,0.0,0.0
1967-07-09,333.0,228.0,0.0,0.0,0.0
1967-07-10,361.0,244.0,0.0,0.0,0.0
1967-07-11,367.0,233.0,0.0,0.0,0.0
1967-07-12,361.0,233.0,0.0,0.0,0.0
1967-07-13,339.0,217.0,241.0,0.0,0.0
1967-07-14,311.0,172.0,0.0,0.0,0.0
1967-07-15,289.0,144.0,0.0,0.0,0.0
1967-07-16,278.0,183.0,0.0,0.0,0.0
1967-07-17,289.0,200.0,0.0,0.0,0.0
1967-07-18,294.0,189.0,0.0,0.0,0.0
1967-07-19,267.0,200.0,89.0,0.0,0.0
1967-07-20,289.0,206.0,0.0,0.0,0.0
1967-07-21,322.0,206.0,0.0,0.0,0.0
1967-07-22,333.0,211.0,0.0,0.0,0.0
1967-07-23,339.0,222.0,0.0,0.0,0.0
1967-07-24,361.0,228.0,0.0,0.0,0.0
1967-07-25,350.0,228.0,0.0,0.0,0.0
1967-07-26,361.0,228.0,0.0,0.0,0.0
1967-07-27,361.0,233.0,0.0,0.0,0.0
1967-07-28,378.0,244.0,0.0,0.0,0.0
1967-07-29,378.0,250.0,0.0,0.0,0.0
1967-07-30,378.0,239.0,0.0,0.0,0.0
1967-07-31,389.0,244.0,0.0,0.0,0.0
1967-08-01,389.0,250.0,0.0,0.0,0.0
1967-08-02,383.0,239.0,0.0,0.0,0.0
1967-08-03,389.0,239.0,0.0,0.0,0.0
1967-08-04,383.0,244.0,0.0,0.0,0.0
1967-08-05,367.0,244.0,0.0,0.0,0.0
1967-08-06,389.0,233.0,0.0,0.0,0.0
1967-08-07,394.0,250.0,0.0,0.0,0.0
1967-08-08,383.0,250.0,0.0,0.0,0.0
1967-08-09,400.0,244.0,0.0,0.0,0.0
1967-08-10,383.0,228.0,0.0,0.0,0.0
1967-08-11,311.0,189.0,0.0,0.0,0.0
1967-08-12,300.0,144.0,0.0,0.0,0.0
1967-08-13,306.0,122.0,0.0,0.0,0.0
1967-08-14,311.0,133.0,0.0,0.0,0.0
1967-08-15,339.0,167.0,0.0,0.0,0.0
1967-08-16,333.0,200.0,0.0,0.0,0.0
1967-08-17,344.0,211.0,0.0,0.0,0.0
1967-08-18,328.0,217.0,0.0,0.0,0.0
1967-08-19,356.0,211.0,0.0,0.0,0.0
1967-08-20,356.0,183.0,241.0,0.0,0.0
1967-08-21,356.0,206.0,0.0,0.0,0.0
1967-08-22,328.0,189.0,0.0,0.0,0.0
1967-08-23,322.0,206.0,0.0,0.0,0.0
1967-08-24,322.0,194.0,0.0,0.0,0.0
1967-08-25,339.0,194.0,0.0,0.0,0.0
1967-08-26,339.0,206.0,0.0,0.0,0.0
1967-08-27,333.0,200.0,0.0,0.0,0.0
1967-08-28,350.0,211.0,0.0,0.0,0.0
1967-08-29,378.0,206.0,0.0,0.0,0.0
1967-08-30,400.0,194.0,0.0,0.0,0.0
1967-08-31,383.0,228.0,0.0,0.0,0.0
1967-09-01,289.0,200.0,0.0,0.0,0.0
1967-09-02,272.0,167.0,0.0,0.0,0.0
1967-09-03,322.0,189.0,0.0,0.0,0.0
1967-09-04,278.0,194.0,0.0,0.0,0.0
1967-09-05,217.0,178.0,635.0,0.0,0.0
1967-09-06,244.0,189.0,165.0,0.0,0.0
1967-09-07,239.0,189.0,381.0,0.0,0.0
1967-09-08,267.0,194.0,0.0,0.0,0.0
1967-09-09,300.0,178.0,0.0,0.0,0.0
1967-09-10,306.0,172.0,0.0,0.0,0.0
1967-09-11,317.0,189.0,0.0,0.0,0.0
1967-09-12,322.0,178.0,0.0,0.0,0.0
1967-09-13,311.0,200.0,0.0,0.0,0.0
1967-09-14,300.0,211.0,61.0,0.0,0.0
1967-09-15,250.0,200.0,216.0,0.0,0.0
1967-09-16,261.0,206.0,0.0,0.0,0.0
1967-09-17,300.0,206.0,0.0,0.0,0.0
1967-09-18,306.0,217.0,0.0,0.0,0.0
1967-09-19,306.0,206.0,76.0,0.0,0.0
1967-09-20,300.0,222.0,0.0,0.0,0.0
1967-09-21,300.0,233.0,0.0,0.0,0.0
1967-09-22,294.0,194.0,145.0,0.0,0.0
1967-09-23,311.0,156.0,0.0,0.0,0.0
1967-09-24,311.0,172.0,0.0,0.0,0.0
1967-09-25,311.0,178.0,0.0,0.0,0.0
1967-09-26,289.0,183.0,0.0,0.0,0.0
1967-09-27,278.0,133.0,183.0,0.0,0.0
1967-09-28,200.0,67.0,0.0,0.0,0.0
1967-09-29,239.0,67.0,0.0,0.0,0.0
1967-09-30,294.0,133.0,0.0,0.0,0.0
1967-10-01,289.0,144.0,0.0,0.0,0.0
1967-10-02,289.0,150.0,0.0,0.0,0.0
1967-10-03,311.0,178.0,0.0,0.0,0.0
1967-10-04,311.0,211.0,0.0,0.0,0.0
1967-10-05,306.0,178.0,0.0,0.0,0.0
1967-10-06,300.0,167.0,0.0,0.0,0.0
1967-10-07,289.0,183.0,102.0,0.0,0.0
1967-10-08,239.0,100.0,0.0,0.0,0.0
1967-10-09,267.0,83.0,0.0,0.0,0.0
1967-10-10,239.0,150.0,0.0,0.0,0.0
1967-10-11,239.0,83.0,0.0,0.0,0.0
1967-10-12,283.0,117.0,0.0,0.0,0.0
1967-10-13,289.0,183.0,0.0,0.0,0.0
1967-10-14,283.0,167.0,0.0,0.0,0.0
1967-10-15,261.0,178.0,546.0,0.0,0.0
1967-10-16,189.0,111.0,508.0,0.0,0.0
1967-10-17,239.0,67.0,0.0,0.0,0.0
1967-10-18,228.0,89.0,0.0,0.0,0.0
1967-10-19,239.0,67.0,0.0,0.0,0.0
1967-10-20,272.0,106.0,0.0,0.0,0.0
1967-10-21,272.0,100.0,0.0,0.0,0.0
1967-10-22,267.0,106.0,0.0,0.0,0.0
1967-10-23,261.0,117.0,0.0,0.0,0.0
1967-10-24,250.0,178.0,0.0,0.0,0.0
1967-10-25,256.0,56.0,0.0,0.0,0.0
1967-10-26,267.0,100.0,0.0,0.0,0.0
1967-10-27,244.0,61.0,0.0,0.0,0.0
1967-10-28,278.0,56.0,0.0,0.0,0.0
1967-10-29,278.0,156.0,145.0,0.0,0.0
1967-10-30,189.0,89.0,1016.0,0.0,0.0
1967-10-31,106.0,44.0,0.0,0.0,0.0
1967-11-01,133.0,61.0,30.0,0.0,0.0
1967-11-02,206.0,44.0,0.0,0.0,0.0
1967-11-03,178.0,44.0,119.0,0.0,0.0
1967-11-04,133.0,-11.0,0.0,0.0,0.0
1967-11-05,144.0,11.0,0.0,0.0,0.0
1967-11-06,178.0,50.0,0.0,0.0,0.0
1967-11-07,172.0,67.0,0.0,0.0,0.0
1967-11-08,194.0,39.0,0.0,0.0,0.0
1967-11-09,178.0,83.0,0.0,0.0,0.0
1967-11-10,194.0,128.0,234.0,0.0,0.0
1967-11-11,233.0,144.0,0.0,0.0,0.0
1967-11-12,267.0,67.0,0.0,0.0,0.0
1967-11-13,261.0,89.0,0.0,0.0,0.0
1967-11-14,239.0,78.0,0.0,0.0,0.0
1967-11-15,228.0,56.0,0.0,0.0,0.0
1967-11-16,228.0,83.0,0.0,0.0,0.0
1967-11-17,194.0,133.0,0.0,0.0,0.0
1967-11-18,222.0,61.0,0.0,0.0,0.0
1967-11-19,222.0,72.0,0.0,0.0,0.0
1967-11-20,228.0,122.0,0.0,0.0,0.0
1967-11-21,272.0,144.0,0.0,0.0,0.0
1967-11-22,228.0,89.0,0.0,0.0,0.0
1967-11-23,283.0,117.0,0.0,0.0,0.0
1967-11-24,261.0,156.0,0.0,0.0,0.0
1967-11-25,261.0,61.0,0.0,0.0,0.0
1967-11-26,250.0,72.0,0.0,0.0,0.0
1967-11-27,167.0,78.0,107.0,0.0,0.0
1967-11-28,89.0,33.0,0.0,0.0,0.0
1967-11-29,72.0,28.0,51.0,0.0,0.0
1967-11-30,106.0,44.0,0.0,0.0,0.0
1967-12-01,200.0,72.0,0.0,0.0,0.0
1967-12-02,211.0,83.0,0.0,0.0,0.0
1967-12-03,161.0,-22.0,0.0,0.0,0.0
1967-12-04,156.0,0.0,0.0,0.0,0.0
1967-12-05,139.0,83.0,102.0,0.0,0.0
1967-12-06,239.0,117.0,0.0,0.0,0.0
1967-12-07,189.0,50.0,0.0,0.0,0.0
1967-12-08,200.0,50.0,0.0,0.0,0.0
1967-12-09,194.0,100.0,0.0,0.0,0.0
1967-12-10,106.0,44.0,25.0,0.0,0.0
1967-12-11,106.0,28.0,0.0,0.0,0.0
1967-12-12,222.0,28.0,0.0,0.0,0.0
1967-12-13,200.0,61.0,56.0,0.0,0.0
1967-12-14,72.0,33.0,203.0,0.0,0.0
1967-12-15,44.0,22.0,224.0,0.0,0.0
1967-12-16,44.0,17.0,0.0,0.0,0.0
1967-12-17,167.0,39.0,145.0,0.0,0.0
1967-12-18,161.0,50.0,0.0,0.0,0.0
1967-12-19,206.0,44.0,0.0,0.0,0.0
1967-12-20,239.0,128.0,0.0,0.0,0.0
1967-12-21,222.0,100.0,107.0,0.0,0.0
1967-12-22,139.0,-39.0,0.0,0.0,0.0
1967-12-23,128.0,-33.0,0.0,0.0,0.0
1967-12-24,144.0,22.0,0.0,0.0,0.0
1967-12-25,122.0,17.0,0.0,0.0,0.0
1967-12-26,83.0,-56.0,0.0,0.0,0.0
1967-12-27,72.0,-6.0,33.0,0.0,0.0
1967-12-28,44.0,-39.0,25.0,0.0,0.0
1967-12-29,100.0,-50.0,0.0,0.0,0.0
1967-12-30,100.0,22.0,64.0,0.0,0.0
1967-12-31,50.0,-22.0,0.0,0.0,0.0
1968-01-01,44.0,-22.0,46.0,0.0,0.0
1968-01-02,78.0,28.0,0.0,0.0,0.0
1968-01-03,78.0,17.0,145.0,0.0,0.0
1968-01-04,39.0,-11.0,0.0,0.0,0.0
1968-01-05,44.0,6.0,53.0,0.0,0.0
1968-01-06,44.0,-17.0,0.0,0.0,0.0
1968-01-07,-11.0,-111.0,0.0,0.0,0.0
1968-01-08,-22.0,-67.0,58.0,0.0,0.0
1968-01-09,6.0,-28.0,114.0,0.0,0.0
1968-01-10,17.0,-11.0,0.0,0.0,0.0
1968-01-11,44.0,6.0,0.0,0.0,0.0
1968-01-12,67.0,22.0,0.0,0.0,0.0
1968-01-13,72.0,-39.0,0.0,0.0,0.0
1968-01-14,61.0,-56.0,0.0,0.0,0.0
1968-01-15,94.0,-28.0,0.0,0.0,0.0
1968-01-16,133.0,-39.0,0.0,0.0,0.0
1968-01-17,189.0,17.0,0.0,0.0,0.0
1968-01-18,167.0,78.0,114.0,0.0,0.0
1968-01-19,156.0,94.0,0.0,0.0,0.0
1968-01-20,156.0,89.0,0.0,0.0,0.0
1968-01-21,150.0,83.0,56.0,0.0,0.0
1968-01-22,156.0,100.0,191.0,0.0,0.0
1968-01-23,144.0,33.0,38.0,0.0,0.0
1968-01-24,111.0,-28.0,0.0,0.0,0.0
1968-01-25,222.0,17.0,0.0,0.0,0.0
1968-01-26,211.0,106.0,0.0,0.0,0.0
1968-01-27,183.0,156.0,0.0,0.0,0.0
1968-01-28,178.0,150.0,165.0,0.0,0.0
1968-01-29,200.0,156.0,25.0,0.0,0.0
1968-01-30,194.0,106.0,102.0,0.0,0.0
1968-01-31,211.0,106.0,43.0,0.0,0.0
1968-02-01,200.0,111.0,102.0,0.0,0.0
1968-02-02,156.0,17.0,0.0,0.0,0.0
1968-02-03,161.0,33.0,0.0,0.0,0.0
1968-02-04,167.0,39.0,0.0,0.0,0.0
1968-02-05,156.0,67.0,0.0,0.0,0.0
1968-02-06,167.0,33.0,0.0,0.0,0.0
1968-02-07,161.0,-11.0,0.0,0.0,0.0
1968-02-08,111.0,-33.0,0.0,0.0,0.0
1968-02-09,161.0,0.0,0.0,0.0,0.0
1968-02-10,178.0,17.0,0.0,0.0,0.0
1968-02-11,161.0,-28.0,0.0,0.0,0.0
1968-02-12,122.0,-22.0,0.0,0.0,0.0
1968-02-13,117.0,22.0,0.0,0.0,0.0
1968-02-14,61.0,-17.0,152.0,0.0,0.0
1968-02-15,33.0,0.0,56.0,0.0,0.0
1968-02-16,89.0,6.0,0.0,0.0,0.0
1968-02-17,83.0,-6.0,0.0,0.0,0.0
1968-02-18,100.0,33.0,0.0,0.0,0.0
1968-02-19,100.0,28.0,119.0,0.0,0.0
1968-02-20,189.0,44.0,0.0,0.0,0.0
1968-02-21,189.0,-11.0,81.0,0.0,0.0
1968-02-22,6.0,-50.0,0.0,0.0,0.0
1968-02-23,17.0,-44.0,76.0,0.0,0.0
1968-02-24,156.0,-44.0,0.0,0.0,0.0
1968-02-25,183.0,17.0,0.0,0.0,0.0
1968-02-26,194.0,44.0,0.0,0.0,0.0
1968-02-27,189.0,33.0,0.0,0.0,0.0
1968-02-28,167.0,56.0,157.0,0.0,0.0
1968-02-29,94.0,-39.0,0.0,0.0,0.0
1968-03-01,150.0,-33.0,0.0,0.0,0.0
1968-03-02,133.0,72.0,0.0,0.0,0.0
1968-03-03,122.0,-6.0,0.0,0.0,0.0
1968-03-04,128.0,-39.0,0.0,0.0,0.0
1968-03-05,167.0,28.0,0.0,0.0,0.0
1968-03-06,133.0,83.0,140.0,0.0,0.0
1968-03-07,178.0,94.0,0.0,0.0,0.0
1968-03-08,194.0,111.0,0.0,0.0,0.0
1968-03-09,239.0,144.0,224.0,0.0,0.0
1968-03-10,233.0,106.0,0.0,0.0,0.0
1968-03-11,161.0,44.0,584.0,0.0,0.0
1968-03-12,83.0,11.0,25.0,0.0,0.0
1968-03-13,139.0,-22.0,0.0,0.0,0.0
1968-03-14,189.0,50.0,0.0,0.0,0.0
1968-03-15,211.0,106.0,0.0,0.0,0.0
1968-03-16,244.0,67.0,0.0,0.0,0.0
1968-03-17,233.0,122.0,0.0,0.0,0.0
1968-03-18,206.0,156.0,0.0,0.0,0.0
1968-03-19,222.0,144.0,25.0,0.0,0.0
1968-03-20,156.0,67.0,508.0,0.0,0.0
1968-03-21,89.0,11.0,0.0,0.0,0.0
1968-03-22,94.0,-6.0,0.0,0.0,0.0
1968-03-23,111.0,-22.0,0.0,0.0,0.0
1968-03-24,167.0,33.0,0.0,0.0,0.0
1968-03-25,222.0,83.0,0.0,0.0,0.0
1968-03-26,228.0,111.0,0.0,0.0,0.0
1968-03-27,217.0,100.0,0.0,0.0,0.0
1968-03-28,256.0,144.0,0.0,0.0,0.0
1968-03-29,239.0,156.0,0.0,0.0,0.0
1968-03-30,244.0,161.0,0.0,0.0,0.0
1968-03-31,250.0,150.0,170.0,0.0,0.0
1968-04-01,239.0,139.0,0.0,0.0,0.0
1968-04-02,239.0,144.0,203.0,0.0,0.0
1968-04-03,239.0,178.0,38.0,0.0,0.0
1968-04-04,211.0,39.0,0.0,0.0,0.0
1968-04-05,167.0,22.0,0.0,0.0,0.0
1968-04-06,217.0,67.0,0.0,0.0,0.0
1968-04-07,239.0,139.0,0.0,0.0,0.0
1968-04-08,272.0,139.0,0.0,0.0,0.0
1968-04-09,239.0,133.0,0.0,0.0,0.0
1968-04-10,250.0,133.0,0.0,0.0,0.0
1968-04-11,250.0,89.0,0.0,0.0,0.0
1968-04-12,239.0,117.0,69.0,0.0,0.0
1968-04-13,267.0,144.0,127.0,0.0,0.0
1968-04-14,244.0,161.0,0.0,0.0,0.0
1968-04-15,250.0,56.0,0.0,0.0,0.0
1968-04-16,239.0,133.0,0.0,0.0,0.0
1968-04-17,272.0,206.0,0.0,0.0,0.0
1968-04-18,256.0,194.0,0.0,0.0,0.0
1968-04-19,256.0,200.0,25.0,0.0,0.0
1968-04-20,267.0,133.0,0.0,0.0,0.0
1968-04-21,228.0,133.0,25.0,0.0,0.0
1968-04-22,267.0,161.0,0.0,0.0,0.0
1968-04-23,244.0,106.0,0.0,0.0,0.0
1968-04-24,228.0,56.0,0.0,0.0,0.0
1968-04-25,239.0,78.0,0.0,0.0,0.0
1968-04-26,261.0,139.0,56.0,0.0,0.0
1968-04-27,267.0,144.0,97.0,0.0,0.0
1968-04-28,239.0,161.0,76.0,0.0,0.0
1968-04-29,233.0,106.0,0.0,0.0,0.0
1968-04-30,267.0,83.0,0.0,0.0,0.0
1968-05-01,278.0,106.0,0.0,0.0,0.0
1968-05-02,289.0,161.0,0.0,0.0,0.0
1968-05-03,294.0,172.0,0.0,0.0,0.0
1968-05-04,272.0,167.0,267.0,0.0,0.0
1968-05-05,256.0,117.0,0.0,0.0,0.0
1968-05-06,267.0,144.0,0.0,0.0,0.0
1968-05-07,261.0,183.0,43.0,0.0,0.0
1968-05-08,278.0,183.0,69.0,0.0,0.0
1968-05-09,278.0,200.0,0.0,0.0,0.0
1968-05-10,256.0,167.0,330.0,0.0,0.0
1968-05-11,256.0,161.0,140.0,0.0,0.0
1968-05-12,239.0,144.0,0.0,0.0,0.0
1968-05-13,283.0,200.0,38.0,0.0,0.0
1968-05-14,300.0,200.0,0.0,0.0,0.0
1968-05-15,289.0,228.0,0.0,0.0,0.0
1968-05-16,278.0,194.0,64.0,0.0,0.0
1968-05-17,256.0,161.0,551.0,0.0,0.0
1968-05-18,256.0,94.0,0.0,0.0,0.0
1968-05-19,256.0,139.0,0.0,0.0,0.0
1968-05-20,244.0,106.0,0.0,0.0,0.0
1968-05-21,250.0,128.0,0.0,0.0,0.0
1968-05-22,294.0,178.0,0.0,0.0,0.0
1968-05-23,300.0,222.0,0.0,0.0,0.0
1968-05-24,322.0,217.0,0.0,0.0,0.0
1968-05-25,322.0,233.0,0.0,0.0,0.0
1968-05-26,311.0,172.0,51.0,0.0,0.0
1968-05-27,256.0,139.0,0.0,0.0,0.0
1968-05-28,289.0,144.0,0.0,0.0,0.0
1968-05-29,317.0,156.0,0.0,0.0,0.0
1968-05-30,311.0,211.0,0.0,0.0,0.0
1968-05-31,311.0,211.0,0.0,0.0,0.0
1968-06-01,306.0,200.0,0.0,0.0,0.0
1968-06-02,278.0,194.0,30.0,0.0,0.0
1968-06-03,294.0,200.0,0.0,0.0,0.0
1968-06-04,311.0,189.0,0.0,0.0,0.0
1968-06-05,322.0,206.0,0.0,0.0,0.0
1968-06-06,322.0,211.0,0.0,0.0,0.0
1968-06-07,317.0,189.0,0.0,0.0,0.0
1968-06-08,317.0,211.0,0.0,0.0,0.0
1968-06-09,333.0,217.0,0.0,0.0,0.0
1968-06-10,339.0,222.0,0.0,0.0,0.0
1968-06-11,356.0,239.0,0.0,0.0,0.0
1968-06-12,367.0,183.0,183.0,0.0,0.0
1968-06-13,344.0,206.0,0.0,0.0,0.0
1968-06-14,339.0,200.0,0.0,0.0,0.0
1968-06-15,322.0,228.0,76.0,0.0,0.0
1968-06-16,322.0,200.0,0.0,0.0,0.0
1968-06-17,317.0,211.0,0.0,0.0,0.0
1968-06-18,306.0,211.0,0.0,0.0,0.0
1968-06-19,322.0,217.0,0.0,0.0,0.0
1968-06-20,317.0,200.0,0.0,0.0,0.0
1968-06-21,306.0,189.0,0.0,0.0,0.0
1968-06-22,294.0,211.0,38.0,0.0,0.0
1968-06-23,300.0,211.0,0.0,0.0,0.0
1968-06-24,300.0,217.0,508.0,0.0,0.0
1968-06-25,322.0,239.0,0.0,0.0,0.0
1968-06-26,294.0,183.0,142.0,0.0,0.0
1968-06-27,322.0,144.0,0.0,0.0,0.0
1968-06-28,322.0,156.0,0.0,0.0,0.0
1968-06-29,328.0,233.0,0.0,0.0,0.0
1968-06-30,328.0,244.0,0.0,0.0,0.0
1968-07-01,333.0,233.0,0.0,0.0,0.0
1968-07-02,294.0,206.0,127.0,0.0,0.0
1968-07-03,294.0,206.0,0.0,0.0,0.0
1968-07-04,294.0,189.0,0.0,0.0,0.0
1968-07-05,294.0,156.0,0.0,0.0,0.0
1968-07-06,306.0,183.0,0.0,0.0,0.0
1968-07-07,317.0,194.0,0.0,0.0,0.0
1968-07-08,294.0,217.0,38.0,0.0,0.0
1968-07-09,322.0,189.0,0.0,0.0,0.0
1968-07-10,333.0,206.0,0.0,0.0,0.0
1968-07-11,339.0,217.0,0.0,0.0,0.0
1968-07-12,339.0,206.0,0.0,0.0,0.0
1968-07-13,311.0,217.0,81.0,0.0,0.0
1968-07-14,328.0,233.0,0.0,0.0,0.0
1968-07-15,339.0,239.0,0.0,0.0,0.0
1968-07-16,339.0,233.0,0.0,0.0,0.0
1968-07-17,344.0,228.0,0.0,0.0,0.0
1968-07-18,350.0,222.0,0.0,0.0,0.0
1968-07-19,339.0,211.0,25.0,0.0,0.0
1968-07-20,322.0,211.0,191.0,0.0,0.0
1968-07-21,344.0,222.0,0.0,0.0,0.0
1968-07-22,339.0,228.0,0.0,0.0,0.0
1968-07-23,328.0,222.0,0.0,0.0,0.0
1968-07-24,350.0,228.0,0.0,0.0,0.0
1968-07-25,350.0,233.0,0.0,0.0,0.0
1968-07-26,350.0,217.0,0.0,0.0,0.0
1968-07-27,356.0,233.0,0.0,0.0,0.0
1968-07-28,367.0,228.0,0.0,0.0,0.0
1968-07-29,344.0,206.0,246.0,0.0,0.0
1968-07-30,339.0,228.0,0.0,0.0,0.0
1968-07-31,339.0,233.0,0.0,0.0,0.0
1968-08-01,350.0,222.0,0.0,0.0,0.0
1968-08-02,356.0,217.0,0.0,0.0,0.0
1968-08-03,361.0,222.0,0.0,0.0,0.0
1968-08-04,344.0,222.0,0.0,0.0,0.0
1968-08-05,356.0,222.0,0.0,0.0,0.0
1968-08-06,367.0,228.0,0.0,0.0,0.0
1968-08-07,367.0,222.0,0.0,0.0,0.0
1968-08-08,372.0,217.0,0.0,0.0,0.0
1968-08-09,367.0,250.0,0.0,0.0,0.0
1968-08-10,378.0,250.0,0.0,0.0,0.0
1968-08-11,356.0,233.0,0.0,0.0,0.0
1968-08-12,356.0,217.0,0.0,0.0,0.0
1968-08-13,328.0,222.0,69.0,0.0,0.0
1968-08-14,367.0,233.0,0.0,0.0,0.0
1968-08-15,361.0,239.0,0.0,0.0,0.0
1968-08-16,372.0,244.0,0.0,0.0,0.0
1968-08-17,361.0,239.0,0.0,0.0,0.0
1968-08-18,344.0,217.0,0.0,0.0,0.0
1968-08-19,350.0,211.0,0.0,0.0,0.0
1968-08-20,367.0,222.0,0.0,0.0,0.0
1968-08-21,356.0,217.0,0.0,0.0,0.0
1968-08-22,378.0,228.0,0.0,0.0,0.0
1968-08-23,372.0,233.0,0.0,0.0,0.0
1968-08-24,356.0,211.0,0.0,0.0,0.0
1968-08-25,361.0,211.0,0.0,0.0,0.0
1968-08-26,350.0,222.0,0.0,0.0,0.0
1968-08-27,339.0,200.0,0.0,0.0,0.0
1968-08-28,333.0,189.0,0.0,0.0,0.0
1968-08-29,317.0,183.0,0.0,0.0,0.0
1968-08-30,306.0,217.0,0.0,0.0,0.0
1968-08-31,311.0,200.0,0.0,0.0,0.0
1968-09-01,322.0,161.0,0.0,0.0,0.0
1968-09-02,339.0,189.0,0.0,0.0,0.0
1968-09-03,306.0,206.0,64.0,0.0,0.0
1968-09-04,289.0,183.0,310.0,0.0,0.0
1968-09-05,300.0,167.0,0.0,0.0,0.0
1968-09-06,300.0,139.0,0.0,0.0,0.0
1968-09-07,322.0,156.0,0.0,0.0,0.0
1968-09-08,350.0,172.0,0.0,0.0,0.0
1968-09-09,339.0,194.0,0.0,0.0,0.0
1968-09-10,278.0,139.0,0.0,0.0,0.0
1968-09-11,294.0,111.0,0.0,0.0,0.0
1968-09-12,289.0,156.0,0.0,0.0,0.0
1968-09-13,294.0,150.0,0.0,0.0,0.0
1968-09-14,278.0,167.0,0.0,0.0,0.0
1968-09-15,278.0,189.0,396.0,0.0,0.0
1968-09-16,344.0,206.0,0.0,0.0,0.0
1968-09-17,344.0,156.0,0.0,0.0,0.0
1968-09-18,300.0,117.0,0.0,0.0,0.0
1968-09-19,317.0,150.0,0.0,0.0,0.0
1968-09-20,322.0,178.0,0.0,0.0,0.0
1968-09-21,322.0,228.0,0.0,0.0,0.0
1968-09-22,328.0,206.0,0.0,0.0,0.0
1968-09-23,322.0,200.0,0.0,0.0,0.0
1968-09-24,306.0,200.0,51.0,0.0,0.0
1968-09-25,267.0,156.0,13.0,0.0,0.0
1968-09-26,283.0,122.0,0.0,0.0,0.0
1968-09-27,306.0,111.0,0.0,0.0,0.0
1968-09-28,294.0,133.0,0.0,0.0,0.0
1968-09-29,294.0,144.0,0.0,0.0,0.0
1968-09-30,294.0,144.0,0.0,0.0,0.0
1968-10-01,317.0,144.0,0.0,0.0,0.0
1968-10-02,328.0,183.0,0.0,0.0,0.0
1968-10-03,289.0,167.0,25.0,0.0,0.0
1968-10-04,228.0,150.0,0.0,0.0,0.0
1968-10-05,222.0,122.0,25.0,0.0,0.0
1968-10-06,233.0,111.0,0.0,0.0,0.0
1968-10-07,256.0,100.0,0.0,0.0,0.0
1968-10-08,294.0,156.0,0.0,0.0,0.0
1968-10-09,267.0,172.0,203.0,0.0,0.0
1968-10-10,217.0,100.0,0.0,0.0,0.0
1968-10-11,222.0,139.0,0.0,0.0,0.0
1968-10-12,294.0,167.0,0.0,0.0,0.0
1968-10-13,311.0,206.0,0.0,0.0,0.0
1968-10-14,311.0,211.0,0.0,0.0,0.0
1968-10-15,311.0,211.0,0.0,0.0,0.0
1968-10-16,278.0,178.0,0.0,0.0,0.0
1968-10-17,256.0,89.0,38.0,0.0,0.0
1968-10-18,222.0,44.0,0.0,0.0,0.0
1968-10-19,272.0,72.0,0.0,0.0,0.0
1968-10-20,300.0,122.0,0.0,0.0,0.0
1968-10-21,289.0,139.0,0.0,0.0,0.0
1968-10-22,278.0,122.0,0.0,0.0,0.0
1968-10-23,256.0,94.0,0.0,0.0,0.0
1968-10-24,233.0,78.0,0.0,0.0,0.0
1968-10-25,239.0,33.0,0.0,0.0,0.0
1968-10-26,289.0,72.0,0.0,0.0,0.0
1968-10-27,261.0,117.0,0.0,0.0,0.0
1968-10-28,211.0,50.0,0.0,0.0,0.0
1968-10-29,278.0,67.0,0.0,0.0,0.0
1968-10-30,306.0,156.0,0.0,0.0,0.0
1968-10-31,300.0,183.0,0.0,0.0,0.0
1968-11-01,,,0.0,0.0,0.0
1968-11-02,,,0.0,0.0,0.0
1968-11-03,,,0.0,0.0,0.0
1968-11-04,,,0.0,0.0,0.0
1968-11-05,,,0.0,0.0,0.0
1968-11-06,,,0.0,0.0,0.0
1968-11-07,,,0.0,0.0,0.0
1968-11-08,,,0.0,0.0,0.0
1968-11-09,,11.0,0.0,0.0,0.0
1968-11-10,,22.0,0.0,0.0,0.0
1968-11-11,,-17.0,0.0,0.0,0.0
1968-11-12,,-33.0,0.0,0.0,0.0
1968-11-13,,72.0,0.0,0.0,0.0
1968-11-14,228.0,144.0,0.0,0.0,0.0
1968-11-15,233.0,111.0,208.0,0.0,0.0
1968-11-16,239.0,44.0,0.0,0.0,0.0
1968-11-17,194.0,100.0,0.0,0.0,0.0
1968-11-18,161.0,11.0,0.0,0.0,0.0
1968-11-19,161.0,-33.0,0.0,0.0,0.0
1968-11-20,161.0,17.0,0.0,0.0,0.0
1968-11-21,233.0,44.0,0.0,0.0,0.0
1968-11-22,239.0,100.0,0.0,0.0,0.0
1968-11-23,244.0,133.0,127.0,0.0,0.0
1968-11-24,222.0,67.0,0.0,0.0,0.0
1968-11-25,211.0,33.0,0.0,0.0,0.0
1968-11-26,194.0,122.0,0.0,0.0,0.0
1968-11-27,178.0,61.0,508.0,0.0,0.0
1968-11-28,139.0,22.0,114.0,0.0,0.0
1968-11-29,133.0,6.0,0.0,0.0,0.0
1968-11-30,111.0,33.0,127.0,0.0,0.0
1968-12-01,139.0,39.0,140.0,0.0,0.0
1968-12-02,194.0,56.0,0.0,0.0,0.0
1968-12-03,178.0,39.0,0.0,0.0,0.0
1968-12-04,183.0,-11.0,0.0,0.0,0.0
1968-12-05,178.0,-6.0,0.0,0.0,0.0
1968-12-06,167.0,-28.0,0.0,0.0,0.0
1968-12-07,122.0,17.0,0.0,0.0,0.0
1968-12-08,100.0,-56.0,0.0,0.0,0.0
1968-12-09,128.0,0.0,0.0,0.0,0.0
1968-12-10,178.0,56.0,0.0,0.0,0.0
1968-12-11,183.0,78.0,0.0,0.0,0.0
1968-12-12,211.0,150.0,89.0,0.0,0.0
1968-12-13,167.0,17.0,0.0,0.0,0.0
1968-12-14,100.0,-39.0,0.0,0.0,0.0
1968-12-15,89.0,-50.0,0.0,0.0,0.0
1968-12-16,106.0,-11.0,0.0,0.0,0.0
1968-12-17,172.0,78.0,0.0,0.0,0.0
1968-12-18,217.0,122.0,38.0,0.0,0.0
1968-12-19,156.0,-6.0,0.0,0.0,0.0
1968-12-20,156.0,22.0,0.0,0.0,0.0
1968-12-21,128.0,67.0,292.0,0.0,0.0
1968-12-22,183.0,39.0,30.0,0.0,0.0
1968-12-23,61.0,-44.0,0.0,0.0,0.0
1968-12-24,156.0,-22.0,0.0,0.0,0.0
1968-12-25,200.0,-44.0,0.0,0.0,0.0
1968-12-26,211.0,133.0,0.0,0.0,0.0
1968-12-27,206.0,111.0,51.0,0.0,0.0
1968-12-28,144.0,-6.0,0.0,0.0,0.0
1968-12-29,200.0,11.0,0.0,0.0,0.0
1968-12-30,178.0,50.0,0.0,0.0,0.0
1968-12-31,56.0,-100.0,0.0,0.0,0.0
1969-01-01,44.0,-83.0,0.0,0.0,0.0
1969-01-02,89.0,6.0,0.0,0.0,0.0
1969-01-03,78.0,28.0,0.0,0.0,0.0
1969-01-04,39.0,-78.0,0.0,0.0,0.0
1969-01-05,111.0,-67.0,0.0,0.0,0.0
1969-01-06,178.0,17.0,0.0,0.0,0.0
1969-01-07,172.0,17.0,0.0,0.0,0.0
1969-01-08,267.0,111.0,0.0,0.0,0.0
1969-01-09,233.0,0.0,0.0,0.0,0.0
1969-01-10,117.0,-50.0,0.0,0.0,0.0
1969-01-11,83.0,-44.0,0.0,0.0,0.0
1969-01-12,133.0,17.0,0.0,0.0,0.0
1969-01-13,167.0,22.0,0.0,0.0,0.0
1969-01-14,161.0,6.0,0.0,0.0,0.0
1969-01-15,156.0,106.0,0.0,0.0,0.0
1969-01-16,200.0,139.0,69.0,0.0,0.0
1969-01-17,228.0,122.0,0.0,0.0,0.0
1969-01-18,228.0,56.0,0.0,0.0,0.0
1969-01-19,100.0,39.0,0.0,0.0,0.0
1969-01-20,167.0,67.0,0.0,0.0,0.0
1969-01-21,233.0,139.0,0.0,0.0,0.0
1969-01-22,272.0,56.0,0.0,0.0,0.0
1969-01-23,256.0,17.0,0.0,0.0,0.0
1969-01-24,100.0,-72.0,0.0,0.0,0.0
1969-01-25,117.0,-28.0,0.0,0.0,0.0
1969-01-26,167.0,39.0,0.0,0.0,0.0
1969-01-27,239.0,94.0,0.0,0.0,0.0
1969-01-28,244.0,167.0,0.0,0.0,0.0
1969-01-29,222.0,128.0,51.0,0.0,0.0
1969-01-30,200.0,100.0,196.0,0.0,0.0
1969-01-31,200.0,50.0,0.0,0.0,0.0
1969-02-01,100.0,61.0,25.0,0.0,0.0
1969-02-02,183.0,72.0,0.0,0.0,0.0
1969-02-03,161.0,-17.0,0.0,0.0,0.0
1969-02-04,150.0,-11.0,0.0,0.0,0.0
1969-02-05,144.0,56.0,0.0,0.0,0.0
1969-02-06,206.0,94.0,0.0,0.0,0.0
1969-02-07,272.0,83.0,0.0,0.0,0.0
1969-02-08,261.0,39.0,0.0,0.0,0.0
1969-02-09,139.0,-6.0,0.0,0.0,0.0
1969-02-10,200.0,28.0,0.0,0.0,0.0
1969-02-11,222.0,50.0,0.0,0.0,0.0
1969-02-12,217.0,44.0,0.0,0.0,0.0
1969-02-13,172.0,44.0,0.0,0.0,0.0
1969-02-14,89.0,39.0,152.0,0.0,0.0
1969-02-15,56.0,22.0,76.0,0.0,0.0
1969-02-16,56.0,11.0,0.0,0.0,0.0
1969-02-17,83.0,11.0,0.0,0.0,0.0
1969-02-18,111.0,-17.0,0.0,0.0,0.0
1969-02-19,100.0,6.0,0.0,0.0,0.0
1969-02-20,94.0,44.0,94.0,0.0,0.0
1969-02-21,50.0,50.0,356.0,0.0,0.0
1969-02-22,144.0,44.0,0.0,0.0,0.0
1969-02-23,161.0,22.0,0.0,0.0,0.0
1969-02-24,156.0,61.0,0.0,0.0,0.0
1969-02-25,167.0,56.0,0.0,0.0,0.0
1969-02-26,222.0,50.0,0.0,0.0,0.0
1969-02-27,217.0,94.0,0.0,0.0,0.0
1969-02-28,167.0,22.0,0.0,0.0,0.0
1969-03-01,150.0,28.0,0.0,0.0,0.0
1969-03-02,144.0,17.0,127.0,0.0,0.0
1969-03-03,100.0,11.0,94.0,0.0,0.0
1969-03-04,111.0,22.0,0.0,0.0,0.0
1969-03-05,133.0,-11.0,64.0,0.0,0.0
1969-03-06,122.0,17.0,0.0,0.0,0.0
1969-03-07,156.0,17.0,0.0,0.0,0.0
1969-03-08,156.0,22.0,89.0,0.0,0.0
1969-03-09,67.0,-50.0,0.0,0.0,0.0
1969-03-10,67.0,-33.0,0.0,0.0,0.0
1969-03-11,83.0,-44.0,0.0,0.0,0.0
1969-03-12,122.0,6.0,0.0,0.0,0.0
1969-03-13,128.0,-17.0,0.0,0.0,0.0
1969-03-14,139.0,56.0,0.0,0.0,0.0
1969-03-15,122.0,33.0,330.0,0.0,0.0
1969-03-16,156.0,39.0,8.0,0.0,0.0
1969-03-17,156.0,39.0,76.0,0.0,0.0
1969-03-18,217.0,39.0,274.0,0.0,0.0
1969-03-19,267.0,94.0,0.0,0.0,0.0
1969-03-20,267.0,83.0,0.0,0.0,0.0
1969-03-21,211.0,67.0,0.0,0.0,0.0
1969-03-22,206.0,144.0,0.0,0.0,0.0
1969-03-23,167.0,94.0,373.0,0.0,0.0
1969-03-24,144.0,-11.0,8.0,0.0,0.0
1969-03-25,133.0,11.0,0.0,0.0,0.0
1969-03-26,150.0,0.0,0.0,0.0,0.0
1969-03-27,194.0,44.0,0.0,0.0,0.0
1969-03-28,239.0,100.0,0.0,0.0,0.0
1969-03-29,239.0,83.0,0.0,0.0,0.0
1969-03-30,128.0,56.0,140.0,0.0,0.0
1969-03-31,200.0,61.0,0.0,0.0,0.0
1969-04-01,239.0,117.0,0.0,0.0,0.0
1969-04-02,250.0,172.0,0.0,0.0,0.0
1969-04-03,261.0,161.0,0.0,0.0,0.0
1969-04-04,250.0,156.0,0.0,0.0,0.0
1969-04-05,211.0,128.0,0.0,0.0,0.0
1969-04-06,256.0,122.0,0.0,0.0,0.0
1969-04-07,267.0,156.0,0.0,0.0,0.0
1969-04-08,267.0,133.0,0.0,0.0,0.0
1969-04-09,272.0,161.0,10.0,0.0,0.0
1969-04-10,283.0,156.0,0.0,0.0,0.0
1969-04-11,294.0,106.0,0.0,0.0,0.0
1969-04-12,222.0,133.0,305.0,0.0,0.0
1969-04-13,222.0,128.0,15.0,0.0,0.0
1969-04-14,233.0,122.0,0.0,0.0,0.0
1969-04-15,278.0,122.0,0.0,0.0,0.0
1969-04-16,267.0,156.0,0.0,0.0,0.0
1969-04-17,239.0,156.0,81.0,0.0,0.0
1969-04-18,244.0,117.0,0.0,0.0,0.0
1969-04-19,228.0,67.0,0.0,0.0,0.0
1969-04-20,211.0,111.0,0.0,0.0,0.0
1969-04-21,278.0,106.0,0.0,0.0,0.0
1969-04-22,289.0,111.0,0.0,0.0,0.0
1969-04-23,283.0,122.0,0.0,0.0,0.0
1969-04-24,239.0,122.0,0.0,0.0,0.0
1969-04-25,256.0,117.0,0.0,0.0,0.0
1969-04-26,250.0,167.0,0.0,0.0,0.0
1969-04-27,233.0,133.0,279.0,0.0,0.0
1969-04-28,217.0,83.0,0.0,0.0,0.0
1969-04-29,239.0,83.0,0.0,0.0,0.0
1969-04-30,256.0,117.0,0.0,0.0,0.0
1969-05-01,261.0,144.0,0.0,0.0,0.0
1969-05-02,283.0,139.0,0.0,0.0,0.0
1969-05-03,272.0,161.0,5.0,0.0,0.0
1969-05-04,289.0,161.0,0.0,0.0,0.0
1969-05-05,239.0,156.0,572.0,0.0,0.0
1969-05-06,272.0,156.0,,0.0,0.0
1969-05-07,267.0,167.0,,0.0,0.0
1969-05-08,250.0,167.0,38.0,0.0,0.0
1969-05-09,233.0,72.0,0.0,0.0,0.0
1969-05-10,267.0,122.0,0.0,0.0,0.0
1969-05-11,278.0,117.0,0.0,0.0,0.0
1969-05-12,272.0,117.0,0.0,0.0,0.0
1969-05-13,278.0,139.0,0.0,0.0,0.0
1969-05-14,267.0,172.0,,0.0,0.0
1969-05-15,283.0,167.0,,0.0,0.0
1969-05-16,278.0,178.0,,0.0,0.0
1969-05-17,250.0,167.0,,0.0,0.0
1969-05-18,206.0,133.0,,0.0,0.0
1969-05-19,283.0,133.0,0.0,0.0,0.0
1969-05-20,311.0,183.0,0.0,0.0,0.0
1969-05-21,311.0,183.0,0.0,0.0,0.0
1969-05-22,322.0,189.0,0.0,0.0,0.0
1969-05-23,317.0,194.0,0.0,0.0,0.0
1969-05-24,317.0,183.0,0.0,0.0,0.0
1969-05-25,244.0,189.0,216.0,0.0,0.0
1969-05-26,272.0,200.0,0.0,0.0,0.0
1969-05-27,306.0,200.0,0.0,0.0,0.0
1969-05-28,322.0,194.0,0.0,0.0,0.0
1969-05-29,322.0,200.0,0.0,0.0,0.0
1969-05-30,322.0,200.0,51.0,0.0,0.0
1969-05-31,311.0,194.0,0.0,0.0,0.0
1969-06-01,300.0,194.0,20.0,0.0,0.0
1969-06-02,256.0,122.0,0.0,0.0,0.0
1969-06-03,211.0,161.0,18.0,0.0,0.0
1969-06-04,250.0,150.0,0.0,0.0,0.0
1969-06-05,289.0,128.0,0.0,0.0,0.0
1969-06-06,311.0,161.0,0.0,0.0,0.0
1969-06-07,306.0,161.0,0.0,0.0,0.0
1969-06-08,322.0,172.0,0.0,0.0,0.0
1969-06-09,322.0,194.0,0.0,0.0,0.0
1969-06-10,333.0,161.0,0.0,0.0,0.0
1969-06-11,322.0,200.0,0.0,0.0,0.0
1969-06-12,322.0,222.0,0.0,0.0,0.0
1969-06-13,333.0,189.0,0.0,0.0,0.0
1969-06-14,328.0,200.0,0.0,0.0,0.0
1969-06-15,333.0,194.0,0.0,0.0,0.0
1969-06-16,300.0,150.0,0.0,0.0,0.0
1969-06-17,328.0,183.0,0.0,0.0,0.0
1969-06-18,344.0,194.0,0.0,0.0,0.0
1969-06-19,367.0,200.0,0.0,0.0,0.0
1969-06-20,367.0,200.0,0.0,0.0,0.0
1969-06-21,367.0,244.0,0.0,0.0,0.0
1969-06-22,367.0,250.0,0.0,0.0,0.0
1969-06-23,367.0,261.0,0.0,0.0,0.0
1969-06-24,372.0,228.0,81.0,0.0,0.0
1969-06-25,367.0,211.0,0.0,0.0,0.0
1969-06-26,361.0,261.0,0.0,0.0,0.0
1969-06-27,367.0,256.0,0.0,0.0,0.0
1969-06-28,361.0,244.0,0.0,0.0,0.0
1969-06-29,367.0,239.0,0.0,0.0,0.0
1969-06-30,372.0,239.0,0.0,0.0,0.0
1969-07-01,378.0,244.0,0.0,0.0,0.0
1969-07-02,389.0,239.0,0.0,0.0,0.0
1969-07-03,389.0,244.0,0.0,0.0,0.0
1969-07-04,378.0,239.0,0.0,0.0,0.0
1969-07-05,372.0,244.0,0.0,0.0,0.0
1969-07-06,372.0,250.0,0.0,0.0,0.0
1969-07-07,372.0,250.0,0.0,0.0,0.0
1969-07-08,378.0,250.0,0.0,0.0,0.0
1969-07-09,378.0,244.0,0.0,0.0,0.0
1969-07-10,394.0,250.0,0.0,0.0,0.0
1969-07-11,400.0,244.0,0.0,0.0,0.0
1969-07-12,389.0,250.0,0.0,0.0,0.0
1969-07-13,383.0,250.0,0.0,0.0,0.0
1969-07-14,394.0,256.0,0.0,0.0,0.0
1969-07-15,411.0,244.0,0.0,0.0,0.0
1969-07-16,400.0,233.0,0.0,0.0,0.0
1969-07-17,378.0,239.0,0.0,0.0,0.0
1969-07-18,383.0,233.0,0.0,0.0,0.0
1969-07-19,394.0,239.0,0.0,0.0,0.0
1969-07-20,372.0,244.0,0.0,0.0,0.0
1969-07-21,378.0,244.0,0.0,0.0,0.0
1969-07-22,378.0,244.0,0.0,0.0,0.0
1969-07-23,389.0,256.0,0.0,0.0,0.0
1969-07-24,400.0,256.0,0.0,0.0,0.0
1969-07-25,394.0,261.0,0.0,0.0,0.0
1969-07-26,389.0,256.0,0.0,0.0,0.0
1969-07-27,378.0,261.0,0.0,0.0,0.0
1969-07-28,383.0,233.0,0.0,0.0,0.0
1969-07-29,378.0,206.0,0.0,0.0,0.0
1969-07-30,356.0,206.0,0.0,0.0,0.0
1969-07-31,322.0,244.0,0.0,0.0,0.0
1969-08-01,361.0,194.0,0.0,0.0,0.0
1969-08-02,356.0,211.0,0.0,0.0,0.0
1969-08-03,367.0,228.0,0.0,0.0,0.0
1969-08-04,367.0,228.0,0.0,0.0,0.0
1969-08-05,350.0,206.0,114.0,0.0,0.0
1969-08-06,356.0,222.0,0.0,0.0,0.0
1969-08-07,378.0,228.0,0.0,0.0,0.0
1969-08-08,383.0,244.0,0.0,0.0,0.0
1969-08-09,389.0,250.0,0.0,0.0,0.0
1969-08-10,411.0,244.0,0.0,0.0,0.0
1969-08-11,406.0,261.0,0.0,0.0,0.0
1969-08-12,383.0,250.0,0.0,0.0,0.0
1969-08-13,406.0,244.0,0.0,0.0,0.0
1969-08-14,400.0,267.0,0.0,0.0,0.0
1969-08-15,306.0,228.0,69.0,0.0,0.0
1969-08-16,378.0,222.0,0.0,0.0,0.0
1969-08-17,383.0,222.0,0.0,0.0,0.0
1969-08-18,383.0,233.0,0.0,0.0,0.0
1969-08-19,383.0,250.0,0.0,0.0,0.0
1969-08-20,389.0,250.0,0.0,0.0,0.0
1969-08-21,394.0,239.0,0.0,0.0,0.0
1969-08-22,383.0,250.0,0.0,0.0,0.0
1969-08-23,383.0,233.0,0.0,0.0,0.0
1969-08-24,328.0,217.0,0.0,0.0,0.0
1969-08-25,328.0,217.0,0.0,0.0,0.0
1969-08-26,306.0,211.0,102.0,0.0,0.0
1969-08-27,333.0,228.0,0.0,0.0,0.0
1969-08-28,356.0,217.0,0.0,0.0,0.0
1969-08-29,367.0,206.0,0.0,0.0,0.0
1969-08-30,350.0,211.0,0.0,0.0,0.0
1969-08-31,361.0,194.0,0.0,0.0,0.0
1969-09-01,356.0,222.0,0.0,0.0,0.0
1969-09-02,350.0,222.0,0.0,0.0,0.0
1969-09-03,333.0,194.0,254.0,0.0,0.0
1969-09-04,328.0,206.0,0.0,0.0,0.0
1969-09-05,344.0,222.0,0.0,0.0,0.0
1969-09-06,350.0,217.0,0.0,0.0,0.0
1969-09-07,361.0,222.0,25.0,0.0,0.0
1969-09-08,356.0,194.0,0.0,0.0,0.0
1969-09-09,328.0,217.0,0.0,0.0,0.0
1969-09-10,267.0,200.0,0.0,0.0,0.0
1969-09-11,278.0,189.0,25.0,0.0,0.0
1969-09-12,322.0,139.0,0.0,0.0,0.0
1969-09-13,322.0,156.0,0.0,0.0,0.0
1969-09-14,328.0,194.0,0.0,0.0,0.0
1969-09-15,367.0,239.0,0.0,0.0,0.0
1969-09-16,322.0,233.0,0.0,0.0,0.0
1969-09-17,339.0,200.0,0.0,0.0,0.0
1969-09-18,317.0,172.0,0.0,0.0,0.0
1969-09-19,317.0,189.0,0.0,0.0,0.0
1969-09-20,322.0,178.0,0.0,0.0,0.0
1969-09-21,322.0,194.0,0.0,0.0,0.0
1969-09-22,289.0,206.0,51.0,0.0,0.0
1969-09-23,294.0,178.0,241.0,0.0,0.0
1969-09-24,300.0,167.0,0.0,0.0,0.0
1969-09-25,289.0,156.0,0.0,0.0,0.0
1969-09-26,322.0,150.0,0.0,0.0,0.0
1969-09-27,344.0,150.0,0.0,0.0,0.0
1969-09-28,344.0,167.0,0.0,0.0,0.0
1969-09-29,333.0,178.0,0.0,0.0,0.0
1969-09-30,344.0,156.0,0.0,0.0,0.0
1969-10-01,350.0,167.0,0.0,0.0,0.0
1969-10-02,339.0,194.0,0.0,0.0,0.0
1969-10-03,339.0,189.0,0.0,0.0,0.0
1969-10-04,322.0,178.0,0.0,0.0,0.0
1969-10-05,300.0,211.0,43.0,0.0,0.0
1969-10-06,267.0,161.0,13.0,0.0,0.0
1969-10-07,283.0,106.0,0.0,0.0,0.0
1969-10-08,294.0,100.0,0.0,0.0,0.0
1969-10-09,317.0,150.0,0.0,0.0,0.0
1969-10-10,339.0,200.0,0.0,0.0,0.0
1969-10-11,339.0,211.0,0.0,0.0,0.0
1969-10-12,322.0,189.0,622.0,0.0,0.0
1969-10-13,283.0,72.0,292.0,0.0,0.0
1969-10-14,183.0,39.0,0.0,0.0,0.0
1969-10-15,239.0,78.0,0.0,0.0,0.0
1969-10-16,228.0,72.0,0.0,0.0,0.0
1969-10-17,183.0,117.0,0.0,0.0,0.0
1969-10-18,283.0,128.0,0.0,0.0,0.0
1969-10-19,311.0,133.0,0.0,0.0,0.0
1969-10-20,283.0,122.0,0.0,0.0,0.0
1969-10-21,294.0,150.0,0.0,0.0,0.0
1969-10-22,256.0,111.0,0.0,0.0,0.0
1969-10-23,239.0,122.0,0.0,0.0,0.0
1969-10-24,211.0,94.0,0.0,0.0,0.0
1969-10-25,250.0,117.0,0.0,0.0,0.0
1969-10-26,256.0,144.0,0.0,0.0,0.0
1969-10-27,244.0,78.0,140.0,0.0,0.0
1969-10-28,128.0,61.0,0.0,0.0,0.0
1969-10-29,122.0,78.0,89.0,0.0,0.0
1969-10-30,161.0,106.0,800.0,0.0,0.0
1969-10-31,156.0,50.0,0.0,0.0,0.0
1969-11-01,200.0,61.0,0.0,0.0,0.0
1969-11-02,194.0,39.0,51.0,0.0,0.0
1969-11-03,156.0,22.0,0.0,0.0,0.0
1969-11-04,167.0,61.0,25.0,0.0,0.0
1969-11-05,222.0,44.0,0.0,0.0,0.0
1969-11-06,233.0,94.0,0.0,0.0,0.0
1969-11-07,272.0,117.0,0.0,0.0,0.0
1969-11-08,289.0,83.0,0.0,0.0,0.0
1969-11-09,294.0,89.0,0.0,0.0,0.0
1969-11-10,283.0,100.0,0.0,0.0,0.0
1969-11-11,267.0,150.0,0.0,0.0,0.0
1969-11-12,239.0,78.0,0.0,0.0,0.0
1969-11-13,206.0,89.0,0.0,0.0,0.0
1969-11-14,167.0,22.0,0.0,0.0,0.0
1969-11-15,144.0,-22.0,0.0,0.0,0.0
1969-11-16,211.0,-22.0,0.0,0.0,0.0
1969-11-17,267.0,133.0,127.0,0.0,0.0
1969-11-18,244.0,50.0,119.0,0.0,0.0
1969-11-19,150.0,-17.0,0.0,0.0,0.0
1969-11-20,183.0,-11.0,0.0,0.0,0.0
1969-11-21,206.0,28.0,0.0,0.0,0.0
1969-11-22,211.0,17.0,0.0,0.0,0.0
1969-11-23,211.0,122.0,0.0,0.0,0.0
1969-11-24,172.0,72.0,0.0,0.0,0.0
1969-11-25,233.0,67.0,0.0,0.0,0.0
1969-11-26,211.0,56.0,0.0,0.0,0.0
1969-11-27,189.0,39.0,102.0,0.0,0.0
1969-11-28,100.0,-11.0,0.0,0.0,0.0
1969-11-29,156.0,39.0,0.0,0.0,0.0
1969-11-30,172.0,-28.0,0.0,0.0,0.0
1969-12-01,217.0,17.0,0.0,0.0,0.0
1969-12-02,211.0,33.0,0.0,0.0,0.0
1969-12-03,206.0,39.0,0.0,0.0,0.0
1969-12-04,172.0,22.0,0.0,0.0,0.0
1969-12-05,117.0,44.0,56.0,0.0,0.0
1969-12-06,72.0,11.0,483.0,0.0,0.0
1969-12-07,100.0,0.0,114.0,0.0,0.0
1969-12-08,117.0,-17.0,0.0,0.0,0.0
1969-12-09,133.0,28.0,0.0,0.0,0.0
1969-12-10,139.0,56.0,0.0,0.0,0.0
1969-12-11,139.0,-6.0,0.0,0.0,0.0
1969-12-12,189.0,11.0,0.0,0.0,0.0
1969-12-13,217.0,83.0,0.0,0.0,0.0
1969-12-14,217.0,72.0,0.0,0.0,0.0
1969-12-15,211.0,33.0,0.0,0.0,0.0
1969-12-16,183.0,22.0,0.0,0.0,0.0
1969-12-17,183.0,67.0,0.0,0.0,0.0
1969-12-18,200.0,122.0,0.0,0.0,0.0
1969-12-19,183.0,72.0,20.0,0.0,0.0
1969-12-20,100.0,67.0,0.0,0.0,0.0
1969-12-21,167.0,61.0,0.0,0.0,0.0
1969-12-22,183.0,6.0,0.0,0.0,0.0
1969-12-23,172.0,17.0,0.0,0.0,0.0
1969-12-24,150.0,50.0,0.0,0.0,0.0
1969-12-25,133.0,56.0,0.0,0.0,0.0
1969-12-26,156.0,-17.0,0.0,0.0,0.0
1969-12-27,189.0,78.0,0.0,0.0,0.0
1969-12-28,189.0,61.0,457.0,0.0,0.0
1969-12-29,144.0,-11.0,279.0,0.0,0.0
1969-12-30,0.0,-22.0,0.0,0.0,0.0
1969-12-31,89.0,-67.0,0.0,0.0,0.0
1970-01-01,122.0,-33.0,0.0,0.0,0.0
1970-01-02,111.0,6.0,69.0,0.0,0.0
1970-01-03,83.0,-56.0,0.0,0.0,0.0
1970-01-04,100.0,-39.0,0.0,0.0,0.0
1970-01-05,89.0,39.0,127.0,0.0,0.0
1970-01-06,44.0,-78.0,0.0,0.0,0.0
1970-01-07,56.0,-100.0,0.0,0.0,0.0
1970-01-08,39.0,-72.0,0.0,0.0,0.0
1970-01-09,22.0,-106.0,0.0,0.0,0.0
1970-01-10,56.0,-33.0,0.0,0.0,0.0
1970-01-11,83.0,44.0,0.0,0.0,0.0
1970-01-12,67.0,28.0,0.0,0.0,0.0
1970-01-13,67.0,-11.0,0.0,0.0,0.0
1970-01-14,106.0,-22.0,0.0,0.0,0.0
1970-01-15,156.0,-6.0,0.0,0.0,0.0
1970-01-16,172.0,56.0,0.0,0.0,0.0
1970-01-17,156.0,50.0,0.0,0.0,0.0
1970-01-18,106.0,-72.0,0.0,0.0,0.0
1970-01-19,33.0,-78.0,0.0,0.0,0.0
1970-01-20,44.0,-39.0,0.0,0.0,0.0
1970-01-21,22.0,-39.0,0.0,0.0,0.0
1970-01-22,50.0,-11.0,0.0,0.0,0.0
1970-01-23,156.0,44.0,0.0,0.0,0.0
1970-01-24,183.0,33.0,0.0,0.0,0.0
1970-01-25,211.0,128.0,0.0,0.0,0.0
1970-01-26,211.0,56.0,0.0,0.0,0.0
1970-01-27,217.0,56.0,0.0,0.0,0.0
1970-01-28,261.0,167.0,0.0,0.0,0.0
1970-01-29,244.0,72.0,0.0,0.0,0.0
1970-01-30,133.0,-44.0,0.0,0.0,0.0
1970-01-31,144.0,22.0,0.0,0.0,0.0
1970-02-01,139.0,11.0,508.0,0.0,0.0
1970-02-02,89.0,11.0,0.0,0.0,0.0
1970-02-03,28.0,-61.0,0.0,0.0,0.0
1970-02-04,161.0,-28.0,0.0,0.0,0.0
1970-02-05,167.0,61.0,0.0,0.0,0.0
1970-02-06,161.0,100.0,89.0,0.0,0.0
1970-02-07,144.0,100.0,0.0,0.0,0.0
1970-02-08,150.0,94.0,0.0,0.0,0.0
1970-02-09,150.0,-22.0,0.0,0.0,0.0
1970-02-10,183.0,-17.0,0.0,0.0,0.0
1970-02-11,211.0,67.0,0.0,0.0,0.0
1970-02-12,178.0,-6.0,0.0,0.0,0.0
1970-02-13,200.0,50.0,0.0,0.0,0.0
1970-02-14,189.0,56.0,13.0,0.0,0.0
1970-02-15,122.0,22.0,203.0,0.0,0.0
1970-02-16,122.0,-17.0,0.0,0.0,0.0
1970-02-17,222.0,44.0,0.0,0.0,0.0
1970-02-18,,,0.0,0.0,0.0
1970-02-19,,,0.0,0.0,0.0
1970-02-20,,,0.0,0.0,0.0
1970-02-21,,,0.0,0.0,0.0
1970-02-22,,,0.0,0.0,0.0
1970-02-23,,,0.0,0.0,0.0
1970-02-24,,,0.0,0.0,0.0
1970-02-25,,,0.0,0.0,0.0
1970-02-26,,,0.0,0.0,0.0
1970-02-27,,,0.0,0.0,0.0
1970-02-28,,,152.0,0.0,0.0
1970-03-01,,,0.0,0.0,0.0
1970-03-02,,,0.0,0.0,0.0
1970-03-03,,,0.0,0.0,0.0
1970-03-04,233.0,50.0,0.0,0.0,0.0
1970-03-05,189.0,39.0,0.0,0.0,0.0
1970-03-06,183.0,94.0,0.0,0.0,0.0
1970-03-07,156.0,89.0,33.0,0.0,0.0
1970-03-08,150.0,39.0,0.0,0.0,0.0
1970-03-09,228.0,94.0,0.0,0.0,0.0
1970-03-10,222.0,61.0,0.0,0.0,0.0
1970-03-11,100.0,28.0,211.0,0.0,0.0
1970-03-12,44.0,0.0,23.0,0.0,0.0
1970-03-13,111.0,-6.0,0.0,0.0,0.0
1970-03-14,139.0,6.0,0.0,0.0,0.0
1970-03-15,183.0,11.0,0.0,0.0,0.0
1970-03-16,172.0,94.0,0.0,0.0,0.0
1970-03-17,172.0,22.0,310.0,0.0,0.0
1970-03-18,144.0,17.0,0.0,0.0,0.0
1970-03-19,139.0,67.0,0.0,0.0,0.0
1970-03-20,83.0,28.0,99.0,0.0,0.0
1970-03-21,61.0,0.0,135.0,0.0,0.0
1970-03-22,167.0,-11.0,0.0,0.0,0.0
1970-03-23,228.0,39.0,0.0,0.0,0.0
1970-03-24,239.0,117.0,0.0,0.0,0.0
1970-03-25,233.0,128.0,0.0,0.0,0.0
1970-03-26,133.0,22.0,0.0,0.0,0.0
1970-03-27,178.0,39.0,0.0,0.0,0.0
1970-03-28,178.0,44.0,0.0,0.0,0.0
1970-03-29,128.0,44.0,0.0,0.0,0.0
1970-03-30,183.0,67.0,0.0,0.0,0.0
1970-03-31,206.0,56.0,0.0,0.0,0.0
1970-04-01,222.0,111.0,0.0,0.0,0.0
1970-04-02,172.0,6.0,0.0,0.0,0.0
1970-04-03,206.0,44.0,0.0,0.0,0.0
1970-04-04,228.0,67.0,0.0,0.0,0.0
1970-04-05,183.0,44.0,0.0,0.0,0.0
1970-04-06,272.0,56.0,0.0,0.0,0.0
1970-04-07,267.0,106.0,0.0,0.0,0.0
1970-04-08,256.0,117.0,0.0,0.0,0.0
1970-04-09,222.0,172.0,0.0,0.0,0.0
1970-04-10,228.0,133.0,48.0,0.0,0.0
1970-04-11,239.0,117.0,0.0,0.0,0.0
1970-04-12,278.0,150.0,0.0,0.0,0.0
1970-04-13,250.0,111.0,0.0,0.0,0.0
1970-04-14,239.0,94.0,0.0,0.0,0.0
1970-04-15,222.0,133.0,0.0,0.0,0.0
1970-04-16,228.0,133.0,264.0,0.0,0.0
1970-04-17,256.0,189.0,8.0,0.0,0.0
1970-04-18,250.0,194.0,0.0,0.0,0.0
1970-04-19,311.0,144.0,140.0,0.0,0.0
1970-04-20,283.0,128.0,0.0,0.0,0.0
1970-04-21,272.0,122.0,0.0,0.0,0.0
1970-04-22,272.0,167.0,0.0,0.0,0.0
1970-04-23,272.0,217.0,0.0,0.0,0.0
1970-04-24,250.0,161.0,0.0,0.0,0.0
1970-04-25,211.0,144.0,584.0,0.0,0.0
1970-04-26,267.0,144.0,20.0,0.0,0.0
1970-04-27,267.0,206.0,0.0,0.0,0.0
1970-04-28,267.0,233.0,0.0,0.0,0.0
1970-04-29,267.0,222.0,0.0,0.0,0.0
1970-04-30,256.0,139.0,127.0,0.0,0.0
1970-05-01,183.0,83.0,0.0,0.0,0.0
1970-05-02,206.0,61.0,0.0,0.0,0.0
1970-05-03,233.0,83.0,0.0,0.0,0.0
1970-05-04,278.0,94.0,0.0,0.0,0.0
1970-05-05,283.0,100.0,0.0,0.0,0.0
1970-05-06,272.0,133.0,0.0,0.0,0.0
1970-05-07,267.0,133.0,0.0,0.0,0.0
1970-05-08,267.0,161.0,0.0,0.0,0.0
1970-05-09,272.0,178.0,0.0,0.0,0.0
1970-05-10,289.0,194.0,0.0,0.0,0.0
1970-05-11,294.0,211.0,0.0,0.0,0.0
1970-05-12,283.0,139.0,0.0,0.0,0.0
1970-05-13,272.0,194.0,0.0,0.0,0.0
1970-05-14,294.0,194.0,0.0,0.0,0.0
1970-05-15,267.0,167.0,0.0,0.0,0.0
1970-05-16,272.0,94.0,0.0,0.0,0.0
1970-05-17,267.0,133.0,0.0,0.0,0.0
1970-05-18,272.0,139.0,0.0,0.0,0.0
1970-05-19,306.0,156.0,0.0,0.0,0.0
1970-05-20,306.0,178.0,0.0,0.0,0.0
1970-05-21,306.0,167.0,0.0,0.0,0.0
1970-05-22,328.0,172.0,0.0,0.0,0.0
1970-05-23,294.0,178.0,0.0,0.0,0.0
1970-05-24,306.0,183.0,18.0,0.0,0.0
1970-05-25,311.0,167.0,0.0,0.0,0.0
1970-05-26,294.0,194.0,175.0,0.0,0.0
1970-05-27,289.0,183.0,0.0,0.0,0.0
1970-05-28,283.0,167.0,102.0,0.0,0.0
1970-05-29,289.0,206.0,0.0,0.0,0.0
1970-05-30,294.0,189.0,193.0,0.0,0.0
1970-05-31,311.0,178.0,142.0,0.0,0.0
1970-06-01,278.0,167.0,163.0,0.0,0.0
1970-06-02,244.0,144.0,0.0,0.0,0.0
1970-06-03,217.0,106.0,38.0,0.0,0.0
1970-06-04,217.0,128.0,3.0,0.0,0.0
1970-06-05,267.0,122.0,0.0,0.0,0.0
1970-06-06,294.0,128.0,0.0,0.0,0.0
1970-06-07,317.0,156.0,0.0,0.0,0.0
1970-06-08,322.0,161.0,0.0,0.0,0.0
1970-06-09,300.0,206.0,0.0,0.0,0.0
1970-06-10,306.0,189.0,0.0,0.0,0.0
1970-06-11,311.0,222.0,0.0,0.0,0.0
1970-06-12,333.0,217.0,0.0,0.0,0.0
1970-06-13,344.0,244.0,0.0,0.0,0.0
1970-06-14,333.0,222.0,0.0,0.0,0.0
1970-06-15,339.0,222.0,0.0,0.0,0.0
1970-06-16,344.0,206.0,0.0,0.0,0.0
1970-06-17,339.0,222.0,0.0,0.0,0.0
1970-06-18,339.0,222.0,0.0,0.0,0.0
1970-06-19,333.0,228.0,0.0,0.0,0.0
1970-06-20,350.0,228.0,0.0,0.0,0.0
1970-06-21,339.0,222.0,0.0,0.0,0.0
1970-06-22,328.0,206.0,0.0,0.0,0.0
1970-06-23,339.0,206.0,0.0,0.0,0.0
1970-06-24,333.0,217.0,241.0,0.0,0.0
1970-06-25,339.0,211.0,0.0,0.0,0.0
1970-06-26,333.0,222.0,0.0,0.0,0.0
1970-06-27,344.0,233.0,0.0,0.0,0.0
1970-06-28,356.0,233.0,0.0,0.0,0.0
1970-06-29,350.0,228.0,0.0,0.0,0.0
1970-06-30,350.0,233.0,0.0,0.0,0.0
1970-07-01,344.0,244.0,0.0,0.0,0.0
1970-07-02,356.0,244.0,0.0,0.0,0.0
1970-07-03,372.0,228.0,0.0,0.0,0.0
1970-07-04,372.0,233.0,0.0,0.0,0.0
1970-07-05,344.0,172.0,0.0,0.0,0.0
1970-07-06,317.0,189.0,0.0,0.0,0.0
1970-07-07,378.0,222.0,0.0,0.0,0.0
1970-07-08,372.0,233.0,0.0,0.0,0.0
1970-07-09,350.0,267.0,0.0,0.0,0.0
1970-07-10,367.0,256.0,0.0,0.0,0.0
1970-07-11,367.0,256.0,0.0,0.0,0.0
1970-07-12,317.0,239.0,0.0,0.0,0.0
1970-07-13,333.0,206.0,0.0,0.0,0.0
1970-07-14,339.0,228.0,0.0,0.0,0.0
1970-07-15,350.0,222.0,0.0,0.0,0.0
1970-07-16,344.0,217.0,0.0,0.0,0.0
1970-07-17,361.0,228.0,0.0,0.0,0.0
1970-07-18,372.0,222.0,0.0,0.0,0.0
1970-07-19,383.0,244.0,0.0,0.0,0.0
1970-07-20,378.0,244.0,0.0,0.0,0.0
1970-07-21,300.0,189.0,0.0,0.0,0.0
1970-07-22,289.0,161.0,0.0,0.0,0.0
1970-07-23,294.0,172.0,0.0,0.0,0.0
1970-07-24,322.0,189.0,69.0,0.0,0.0
1970-07-25,339.0,206.0,0.0,0.0,0.0
1970-07-26,333.0,211.0,0.0,0.0,0.0
1970-07-27,339.0,222.0,0.0,0.0,0.0
1970-07-28,350.0,211.0,0.0,0.0,0.0
1970-07-29,361.0,233.0,0.0,0.0,0.0
1970-07-30,367.0,244.0,0.0,0.0,0.0
1970-07-31,367.0,244.0,0.0,0.0,0.0
1970-08-01,372.0,250.0,0.0,0.0,0.0
1970-08-02,383.0,244.0,0.0,0.0,0.0
1970-08-03,372.0,256.0,0.0,0.0,0.0
1970-08-04,372.0,244.0,0.0,0.0,0.0
1970-08-05,372.0,222.0,0.0,0.0,0.0
1970-08-06,389.0,250.0,0.0,0.0,0.0
1970-08-07,394.0,250.0,0.0,0.0,0.0
1970-08-08,394.0,267.0,0.0,0.0,0.0
1970-08-09,389.0,261.0,0.0,0.0,0.0
1970-08-10,378.0,261.0,13.0,0.0,0.0
1970-08-11,356.0,233.0,0.0,0.0,0.0
1970-08-12,356.0,211.0,0.0,0.0,0.0
1970-08-13,361.0,206.0,0.0,0.0,0.0
1970-08-14,372.0,217.0,0.0,0.0,0.0
1970-08-15,367.0,228.0,0.0,0.0,0.0
1970-08-16,367.0,244.0,0.0,0.0,0.0
1970-08-17,389.0,239.0,0.0,0.0,0.0
1970-08-18,389.0,256.0,0.0,0.0,0.0
1970-08-19,383.0,250.0,0.0,0.0,0.0
1970-08-20,372.0,250.0,30.0,0.0,0.0
1970-08-21,350.0,194.0,429.0,0.0,0.0
1970-08-22,356.0,233.0,3.0,0.0,0.0
1970-08-23,361.0,217.0,678.0,0.0,0.0
1970-08-24,339.0,222.0,30.0,0.0,0.0
1970-08-25,306.0,183.0,0.0,0.0,0.0
1970-08-26,328.0,178.0,0.0,0.0,0.0
1970-08-27,361.0,178.0,0.0,0.0,0.0
1970-08-28,317.0,178.0,0.0,0.0,0.0
1970-08-29,333.0,183.0,0.0,0.0,0.0
1970-08-30,328.0,200.0,0.0,0.0,0.0
1970-08-31,322.0,222.0,0.0,0.0,0.0
1970-09-01,300.0,217.0,140.0,0.0,0.0
1970-09-02,328.0,211.0,274.0,0.0,0.0
1970-09-03,333.0,217.0,0.0,0.0,0.0
1970-09-04,333.0,250.0,0.0,0.0,0.0
1970-09-05,339.0,239.0,0.0,0.0,0.0
1970-09-06,333.0,239.0,0.0,0.0,0.0
1970-09-07,344.0,244.0,0.0,0.0,0.0
1970-09-08,339.0,228.0,0.0,0.0,0.0
1970-09-09,333.0,222.0,0.0,0.0,0.0
1970-09-10,339.0,228.0,0.0,0.0,0.0
1970-09-11,311.0,194.0,0.0,0.0,0.0
1970-09-12,328.0,222.0,0.0,0.0,0.0
1970-09-13,317.0,217.0,262.0,0.0,0.0
1970-09-14,328.0,217.0,0.0,0.0,0.0
1970-09-15,328.0,211.0,0.0,0.0,0.0
1970-09-16,306.0,228.0,20.0,0.0,0.0
1970-09-17,294.0,222.0,526.0,0.0,0.0
1970-09-18,322.0,217.0,0.0,0.0,0.0
1970-09-19,333.0,211.0,0.0,0.0,0.0
1970-09-20,322.0,233.0,0.0,0.0,0.0
1970-09-21,317.0,239.0,5.0,0.0,0.0
1970-09-22,317.0,228.0,8.0,0.0,0.0
1970-09-23,306.0,150.0,142.0,0.0,0.0
1970-09-24,306.0,128.0,0.0,0.0,0.0
1970-09-25,300.0,211.0,0.0,0.0,0.0
1970-09-26,278.0,133.0,523.0,0.0,0.0
1970-09-27,189.0,106.0,0.0,0.0,0.0
1970-09-28,228.0,117.0,0.0,0.0,0.0
1970-09-29,256.0,128.0,0.0,0.0,0.0
1970-09-30,278.0,139.0,0.0,0.0,0.0
1970-10-01,294.0,161.0,0.0,0.0,0.0
1970-10-02,306.0,172.0,0.0,0.0,0.0
1970-10-03,306.0,183.0,0.0,0.0,0.0
1970-10-04,300.0,172.0,0.0,0.0,0.0
1970-10-05,267.0,200.0,69.0,0.0,0.0
1970-10-06,283.0,189.0,107.0,0.0,0.0
1970-10-07,294.0,200.0,0.0,0.0,0.0
1970-10-08,294.0,100.0,234.0,0.0,0.0
1970-10-09,167.0,50.0,0.0,0.0,0.0
1970-10-10,200.0,61.0,0.0,0.0,0.0
1970-10-11,194.0,117.0,427.0,0.0,0.0
1970-10-12,183.0,133.0,249.0,0.0,0.0
1970-10-13,233.0,111.0,0.0,0.0,0.0
1970-10-14,228.0,111.0,0.0,0.0,0.0
1970-10-15,200.0,100.0,0.0,0.0,0.0
1970-10-16,161.0,94.0,0.0,0.0,0.0
1970-10-17,139.0,100.0,0.0,0.0,0.0
1970-10-18,183.0,67.0,15.0,0.0,0.0
1970-10-19,211.0,89.0,0.0,0.0,0.0
1970-10-20,233.0,72.0,0.0,0.0,0.0
1970-10-21,233.0,72.0,0.0,0.0,0.0
1970-10-22,311.0,183.0,0.0,0.0,0.0
1970-10-23,250.0,144.0,297.0,0.0,0.0
1970-10-24,244.0,128.0,0.0,0.0,0.0
1970-10-25,256.0,133.0,0.0,0.0,0.0
1970-10-26,289.0,200.0,0.0,0.0,0.0
1970-10-27,256.0,117.0,69.0,0.0,0.0
1970-10-28,167.0,44.0,0.0,0.0,0.0
1970-10-29,200.0,39.0,0.0,0.0,0.0
1970-10-30,217.0,78.0,0.0,0.0,0.0
1970-10-31,233.0,94.0,0.0,0.0,0.0
1970-11-01,194.0,100.0,0.0,0.0,0.0
1970-11-02,144.0,17.0,0.0,0.0,0.0
1970-11-03,128.0,22.0,0.0,0.0,0.0
1970-11-04,117.0,22.0,0.0,0.0,0.0
1970-11-05,178.0,11.0,0.0,0.0,0.0
1970-11-06,217.0,72.0,0.0,0.0,0.0
1970-11-07,244.0,78.0,0.0,0.0,0.0
1970-11-08,239.0,161.0,0.0,0.0,0.0
1970-11-09,194.0,78.0,0.0,0.0,0.0
1970-11-10,261.0,33.0,0.0,0.0,0.0
1970-11-11,222.0,72.0,0.0,0.0,0.0
1970-11-12,156.0,22.0,0.0,0.0,0.0
1970-11-13,133.0,61.0,254.0,0.0,0.0
1970-11-14,89.0,56.0,43.0,0.0,0.0
1970-11-15,72.0,6.0,0.0,0.0,0.0
1970-11-16,194.0,-6.0,0.0,0.0,0.0
1970-11-17,222.0,6.0,0.0,0.0,0.0
1970-11-18,211.0,28.0,0.0,0.0,0.0
1970-11-19,250.0,56.0,0.0,0.0,0.0
1970-11-20,250.0,17.0,0.0,0.0,0.0
1970-11-21,222.0,72.0,0.0,0.0,0.0
1970-11-22,206.0,111.0,0.0,0.0,0.0
1970-11-23,117.0,0.0,0.0,0.0,0.0
1970-11-24,61.0,-67.0,0.0,0.0,0.0
1970-11-25,183.0,17.0,0.0,0.0,0.0
1970-11-26,239.0,139.0,0.0,0.0,0.0
1970-11-27,233.0,172.0,0.0,0.0,0.0
1970-11-28,239.0,156.0,0.0,0.0,0.0
1970-11-29,217.0,150.0,0.0,0.0,0.0
1970-11-30,239.0,156.0,0.0,0.0,0.0
1970-12-01,256.0,172.0,0.0,0.0,0.0
1970-12-02,250.0,156.0,0.0,0.0,0.0
1970-12-03,261.0,172.0,0.0,0.0,0.0
1970-12-04,239.0,61.0,0.0,0.0,0.0
1970-12-05,233.0,128.0,0.0,0.0,0.0
1970-12-06,183.0,56.0,0.0,0.0,0.0
1970-12-07,161.0,17.0,0.0,0.0,0.0
1970-12-08,194.0,67.0,0.0,0.0,0.0
1970-12-09,239.0,144.0,0.0,0.0,0.0
1970-12-10,233.0,161.0,0.0,0.0,0.0
1970-12-11,200.0,11.0,3.0,0.0,0.0
1970-12-12,117.0,-39.0,0.0,0.0,0.0
1970-12-13,133.0,22.0,0.0,0.0,0.0
1970-12-14,156.0,11.0,0.0,0.0,0.0
1970-12-15,144.0,6.0,20.0,0.0,0.0
1970-12-16,133.0,61.0,0.0,0.0,0.0
1970-12-17,194.0,17.0,0.0,0.0,0.0
1970-12-18,222.0,117.0,0.0,0.0,0.0
1970-12-19,222.0,50.0,0.0,0.0,0.0
1970-12-20,111.0,56.0,89.0,0.0,0.0
1970-12-21,189.0,78.0,23.0,0.0,0.0
1970-12-22,211.0,167.0,0.0,0.0,0.0
1970-12-23,211.0,50.0,0.0,0.0,0.0
1970-12-24,122.0,-50.0,0.0,0.0,0.0
1970-12-25,167.0,39.0,0.0,0.0,0.0
1970-12-26,133.0,-50.0,0.0,0.0,0.0
1970-12-27,178.0,0.0,0.0,0.0,0.0
1970-12-28,183.0,50.0,0.0,0.0,0.0
1970-12-29,161.0,67.0,0.0,0.0,0.0
1970-12-30,161.0,67.0,178.0,0.0,0.0
1970-12-31,128.0,17.0,0.0,0.0,0.0
1971-01-01,167.0,28.0,0.0,0.0,0.0
1971-01-02,217.0,72.0,0.0,0.0,0.0
1971-01-03,217.0,61.0,64.0,0.0,0.0
1971-01-04,67.0,0.0,0.0,0.0,0.0
1971-01-05,11.0,-89.0,0.0,0.0,0.0
1971-01-06,22.0,-39.0,0.0,0.0,0.0
1971-01-07,-11.0,-56.0,0.0,0.0,0.0
1971-01-08,50.0,-72.0,0.0,0.0,0.0
1971-01-09,172.0,-11.0,0.0,0.0,0.0
1971-01-10,228.0,94.0,0.0,0.0,0.0
1971-01-11,250.0,33.0,0.0,0.0,0.0
1971-01-12,194.0,0.0,0.0,0.0,0.0
1971-01-13,206.0,50.0,0.0,0.0,0.0
1971-01-14,217.0,6.0,0.0,0.0,0.0
1971-01-15,228.0,-6.0,0.0,0.0,0.0
1971-01-16,161.0,-17.0,0.0,0.0,0.0
1971-01-17,178.0,17.0,0.0,0.0,0.0
1971-01-18,156.0,44.0,0.0,0.0,0.0
1971-01-19,50.0,-61.0,0.0,0.0,0.0
1971-01-20,133.0,-33.0,0.0,0.0,0.0
1971-01-21,211.0,72.0,0.0,0.0,0.0
1971-01-22,239.0,56.0,0.0,0.0,0.0
1971-01-23,194.0,44.0,0.0,0.0,0.0
1971-01-24,178.0,89.0,0.0,0.0,0.0
1971-01-25,239.0,56.0,0.0,0.0,0.0
1971-01-26,206.0,28.0,0.0,0.0,0.0
1971-01-27,172.0,-6.0,0.0,0.0,0.0
1971-01-28,194.0,17.0,0.0,0.0,0.0
1971-01-29,228.0,83.0,0.0,0.0,0.0
1971-01-30,250.0,111.0,0.0,0.0,0.0
1971-01-31,206.0,28.0,0.0,0.0,0.0
1971-02-01,83.0,-28.0,0.0,0.0,0.0
1971-02-02,61.0,-22.0,0.0,0.0,0.0
1971-02-03,150.0,11.0,20.0,0.0,0.0
1971-02-04,178.0,83.0,155.0,0.0,0.0
1971-02-05,156.0,-22.0,0.0,0.0,0.0
1971-02-06,144.0,39.0,0.0,0.0,0.0
1971-02-07,89.0,-17.0,3.0,0.0,0.0
1971-02-08,50.0,-111.0,0.0,0.0,0.0
1971-02-09,39.0,-83.0,0.0,0.0,0.0
1971-02-10,167.0,-17.0,0.0,0.0,0.0
1971-02-11,228.0,67.0,0.0,0.0,0.0
1971-02-12,211.0,61.0,10.0,0.0,0.0
1971-02-13,167.0,-39.0,0.0,0.0,0.0
1971-02-14,217.0,33.0,0.0,0.0,0.0
1971-02-15,217.0,72.0,0.0,0.0,0.0
1971-02-16,244.0,78.0,0.0,0.0,0.0
1971-02-17,244.0,139.0,0.0,0.0,0.0
1971-02-18,244.0,156.0,0.0,0.0,0.0
1971-02-19,222.0,133.0,99.0,0.0,0.0
1971-02-20,244.0,72.0,0.0,0.0,0.0
1971-02-21,217.0,39.0,203.0,0.0,0.0
1971-02-22,83.0,6.0,0.0,0.0,0.0
1971-02-23,189.0,-11.0,0.0,0.0,0.0
1971-02-24,206.0,33.0,0.0,0.0,0.0
1971-02-25,167.0,117.0,150.0,0.0,0.0
1971-02-26,183.0,139.0,0.0,0.0,0.0
1971-02-27,161.0,17.0,0.0,0.0,0.0
1971-02-28,200.0,61.0,0.0,0.0,0.0
1971-03-01,233.0,106.0,0.0,0.0,0.0
1971-03-02,178.0,17.0,0.0,0.0,0.0
1971-03-03,50.0,-56.0,5.0,0.0,0.0
1971-03-04,133.0,-33.0,0.0,0.0,0.0
1971-03-05,233.0,67.0,0.0,0.0,0.0
1971-03-06,222.0,83.0,0.0,0.0,0.0
1971-03-07,117.0,-11.0,0.0,0.0,0.0
1971-03-08,183.0,11.0,0.0,0.0,0.0
1971-03-09,222.0,83.0,0.0,0.0,0.0
1971-03-10,194.0,22.0,0.0,0.0,0.0
1971-03-11,256.0,67.0,0.0,0.0,0.0
1971-03-12,261.0,72.0,0.0,0.0,0.0
1971-03-13,306.0,133.0,0.0,0.0,0.0
1971-03-14,289.0,89.0,0.0,0.0,0.0
1971-03-15,233.0,72.0,0.0,0.0,0.0
1971-03-16,239.0,78.0,0.0,0.0,0.0
1971-03-17,239.0,61.0,0.0,0.0,0.0
1971-03-18,233.0,139.0,64.0,0.0,0.0
1971-03-19,167.0,44.0,0.0,0.0,0.0
1971-03-20,167.0,-11.0,0.0,0.0,0.0
1971-03-21,222.0,83.0,0.0,0.0,0.0
1971-03-22,200.0,50.0,0.0,0.0,0.0
1971-03-23,211.0,39.0,0.0,0.0,0.0
1971-03-24,,,0.0,0.0,0.0
1971-03-25,,,0.0,0.0,0.0
1971-03-26,,,0.0,0.0,0.0
1971-03-27,,,0.0,0.0,0.0
1971-03-28,,,0.0,0.0,0.0
1971-03-29,,,0.0,0.0,0.0
1971-03-30,256.0,67.0,0.0,0.0,0.0
1971-03-31,244.0,89.0,0.0,0.0,0.0
1971-04-01,239.0,61.0,0.0,0.0,0.0
1971-04-02,,,0.0,0.0,0.0
1971-04-03,,,0.0,0.0,0.0
1971-04-04,222.0,39.0,0.0,0.0,0.0
1971-04-05,156.0,28.0,0.0,0.0,0.0
1971-04-06,211.0,-6.0,0.0,0.0,0.0
1971-04-07,244.0,50.0,0.0,0.0,0.0
1971-04-08,250.0,122.0,0.0,0.0,0.0
1971-04-09,256.0,122.0,0.0,0.0,0.0
1971-04-10,267.0,128.0,0.0,0.0,0.0
1971-04-11,278.0,133.0,0.0,0.0,0.0
1971-04-12,283.0,144.0,0.0,0.0,0.0
1971-04-13,256.0,156.0,0.0,0.0,0.0
1971-04-14,194.0,100.0,0.0,0.0,0.0
1971-04-15,261.0,100.0,0.0,0.0,0.0
1971-04-16,250.0,139.0,0.0,0.0,0.0
1971-04-17,261.0,139.0,25.0,0.0,0.0
1971-04-18,256.0,133.0,254.0,0.0,0.0
1971-04-19,289.0,172.0,0.0,0.0,0.0
1971-04-20,206.0,117.0,135.0,0.0,0.0
1971-04-21,256.0,89.0,0.0,0.0,0.0
1971-04-22,283.0,150.0,0.0,0.0,0.0
1971-04-23,256.0,128.0,76.0,0.0,0.0
1971-04-24,,,0.0,0.0,0.0
1971-04-25,278.0,133.0,0.0,0.0,0.0
1971-04-26,278.0,172.0,0.0,0.0,0.0
1971-04-27,300.0,194.0,0.0,0.0,0.0
1971-04-28,283.0,139.0,0.0,0.0,0.0
1971-04-29,244.0,139.0,46.0,0.0,0.0
1971-04-30,228.0,117.0,0.0,0.0,0.0
1971-05-01,256.0,83.0,0.0,0.0,0.0
1971-05-02,294.0,106.0,0.0,0.0,0.0
1971-05-03,278.0,144.0,0.0,0.0,0.0
1971-05-04,278.0,122.0,0.0,0.0,0.0
1971-05-05,317.0,217.0,0.0,0.0,0.0
1971-05-06,311.0,178.0,0.0,0.0,0.0
1971-05-07,300.0,150.0,0.0,0.0,0.0
1971-05-08,289.0,139.0,0.0,0.0,0.0
1971-05-09,256.0,178.0,320.0,0.0,0.0
1971-05-10,217.0,189.0,13.0,0.0,0.0
1971-05-11,256.0,156.0,38.0,0.0,0.0
1971-05-12,222.0,139.0,0.0,0.0,0.0
1971-05-13,211.0,72.0,0.0,0.0,0.0
1971-05-14,228.0,83.0,0.0,0.0,0.0
1971-05-15,267.0,94.0,0.0,0.0,0.0
1971-05-16,294.0,117.0,0.0,0.0,0.0
1971-05-17,322.0,161.0,0.0,0.0,0.0
1971-05-18,294.0,144.0,0.0,0.0,0.0
1971-05-19,283.0,133.0,0.0,0.0,0.0
1971-05-20,317.0,144.0,0.0,0.0,0.0
1971-05-21,306.0,156.0,0.0,0.0,0.0
1971-05-22,294.0,161.0,0.0,0.0,0.0
1971-05-23,294.0,222.0,0.0,0.0,0.0
1971-05-24,278.0,183.0,13.0,0.0,0.0
1971-05-25,311.0,133.0,0.0,0.0,0.0
1971-05-26,317.0,172.0,0.0,0.0,0.0
1971-05-27,294.0,161.0,533.0,0.0,0.0
1971-05-28,261.0,206.0,0.0,0.0,0.0
1971-05-29,244.0,156.0,8.0,0.0,0.0
1971-05-30,278.0,172.0,0.0,0.0,0.0
1971-05-31,300.0,206.0,0.0,0.0,0.0
1971-06-01,306.0,178.0,0.0,0.0,0.0
1971-06-02,328.0,211.0,0.0,0.0,0.0
1971-06-03,317.0,217.0,0.0,0.0,0.0
1971-06-04,306.0,200.0,0.0,0.0,0.0
1971-06-05,328.0,194.0,0.0,0.0,0.0
1971-06-06,317.0,183.0,0.0,0.0,0.0
1971-06-07,333.0,211.0,0.0,0.0,0.0
1971-06-08,322.0,217.0,0.0,0.0,0.0
1971-06-09,328.0,200.0,0.0,0.0,0.0
1971-06-10,333.0,222.0,0.0,0.0,0.0
1971-06-11,344.0,228.0,0.0,0.0,0.0
1971-06-12,350.0,222.0,0.0,0.0,0.0
1971-06-13,344.0,217.0,0.0,0.0,0.0
1971-06-14,333.0,228.0,0.0,0.0,0.0
1971-06-15,322.0,206.0,0.0,0.0,0.0
1971-06-16,367.0,211.0,152.0,0.0,0.0
1971-06-17,367.0,239.0,0.0,0.0,0.0
1971-06-18,361.0,217.0,0.0,0.0,0.0
1971-06-19,339.0,211.0,0.0,0.0,0.0
1971-06-20,333.0,217.0,0.0,0.0,0.0
1971-06-21,328.0,211.0,89.0,0.0,0.0
1971-06-22,356.0,206.0,0.0,0.0,0.0
1971-06-23,361.0,228.0,0.0,0.0,0.0
1971-06-24,367.0,233.0,0.0,0.0,0.0
1971-06-25,361.0,228.0,0.0,0.0,0.0
1971-06-26,350.0,239.0,0.0,0.0,0.0
1971-06-27,356.0,222.0,0.0,0.0,0.0
1971-06-28,344.0,222.0,279.0,0.0,0.0
1971-06-29,350.0,211.0,0.0,0.0,0.0
1971-06-30,333.0,233.0,203.0,0.0,0.0
1971-07-01,361.0,233.0,0.0,0.0,0.0
1971-07-02,356.0,200.0,0.0,0.0,0.0
1971-07-03,361.0,211.0,23.0,0.0,0.0
1971-07-04,367.0,239.0,0.0,0.0,0.0
1971-07-05,372.0,244.0,0.0,0.0,0.0
1971-07-06,378.0,233.0,0.0,0.0,0.0
1971-07-07,361.0,239.0,0.0,0.0,0.0
1971-07-08,350.0,228.0,0.0,0.0,0.0
1971-07-09,356.0,250.0,0.0,0.0,0.0
1971-07-10,361.0,239.0,0.0,0.0,0.0
1971-07-11,367.0,228.0,0.0,0.0,0.0
1971-07-12,372.0,244.0,0.0,0.0,0.0
1971-07-13,378.0,244.0,0.0,0.0,0.0
1971-07-14,389.0,239.0,0.0,0.0,0.0
1971-07-15,383.0,256.0,0.0,0.0,0.0
1971-07-16,394.0,261.0,0.0,0.0,0.0
1971-07-17,383.0,261.0,0.0,0.0,0.0
1971-07-18,378.0,256.0,0.0,0.0,0.0
1971-07-19,383.0,222.0,0.0,0.0,0.0
1971-07-20,372.0,200.0,0.0,0.0,0.0
1971-07-21,322.0,206.0,25.0,0.0,0.0
1971-07-22,333.0,239.0,0.0,0.0,0.0
1971-07-23,306.0,244.0,0.0,0.0,0.0
1971-07-24,294.0,222.0,475.0,0.0,0.0
1971-07-25,328.0,228.0,0.0,0.0,0.0
1971-07-26,306.0,217.0,53.0,0.0,0.0
1971-07-27,272.0,200.0,246.0,0.0,0.0
1971-07-28,256.0,206.0,183.0,0.0,0.0
1971-07-29,300.0,211.0,8.0,0.0,0.0
1971-07-30,300.0,167.0,119.0,0.0,0.0
1971-07-31,333.0,161.0,0.0,0.0,0.0
1971-08-01,306.0,150.0,0.0,0.0,0.0
1971-08-02,256.0,194.0,0.0,0.0,0.0
1971-08-03,289.0,194.0,196.0,0.0,0.0
1971-08-04,289.0,206.0,0.0,0.0,0.0
1971-08-05,294.0,161.0,0.0,0.0,0.0
1971-08-06,300.0,206.0,0.0,0.0,0.0
1971-08-07,294.0,206.0,0.0,0.0,0.0
1971-08-08,328.0,200.0,0.0,0.0,0.0
1971-08-09,333.0,217.0,0.0,0.0,0.0
1971-08-10,333.0,222.0,0.0,0.0,0.0
1971-08-11,344.0,228.0,0.0,0.0,0.0
1971-08-12,328.0,222.0,0.0,0.0,0.0
1971-08-13,317.0,211.0,135.0,0.0,0.0
1971-08-14,294.0,200.0,163.0,0.0,0.0
1971-08-15,322.0,217.0,0.0,0.0,0.0
1971-08-16,311.0,217.0,0.0,0.0,0.0
1971-08-17,317.0,222.0,0.0,0.0,0.0
1971-08-18,300.0,211.0,0.0,0.0,0.0
1971-08-19,328.0,194.0,0.0,0.0,0.0
1971-08-20,322.0,217.0,0.0,0.0,0.0
1971-08-21,328.0,222.0,0.0,0.0,0.0
1971-08-22,350.0,228.0,0.0,0.0,0.0
1971-08-23,344.0,233.0,0.0,0.0,0.0
1971-08-24,328.0,211.0,221.0,0.0,0.0
1971-08-25,283.0,217.0,61.0,0.0,0.0
1971-08-26,328.0,206.0,0.0,0.0,0.0
1971-08-27,333.0,217.0,0.0,0.0,0.0
1971-08-28,328.0,217.0,0.0,0.0,0.0
1971-08-29,300.0,200.0,0.0,0.0,0.0
1971-08-30,328.0,156.0,0.0,0.0,0.0
1971-08-31,339.0,161.0,0.0,0.0,0.0
1971-09-01,311.0,178.0,0.0,0.0,0.0
1971-09-02,317.0,206.0,0.0,0.0,0.0
1971-09-03,322.0,200.0,0.0,0.0,0.0
1971-09-04,328.0,217.0,0.0,0.0,0.0
1971-09-05,344.0,211.0,0.0,0.0,0.0
1971-09-06,361.0,228.0,0.0,0.0,0.0
1971-09-07,356.0,217.0,0.0,0.0,0.0
1971-09-08,344.0,211.0,0.0,0.0,0.0
1971-09-09,322.0,217.0,0.0,0.0,0.0
1971-09-10,333.0,200.0,0.0,0.0,0.0
1971-09-11,333.0,183.0,0.0,0.0,0.0
1971-09-12,350.0,178.0,0.0,0.0,0.0
1971-09-13,350.0,183.0,0.0,0.0,0.0
1971-09-14,356.0,200.0,0.0,0.0,0.0
1971-09-15,339.0,189.0,0.0,0.0,0.0
1971-09-16,317.0,183.0,0.0,0.0,0.0
1971-09-17,311.0,178.0,0.0,0.0,0.0
1971-09-18,278.0,144.0,0.0,0.0,0.0
1971-09-19,194.0,117.0,0.0,0.0,0.0
1971-09-20,233.0,83.0,0.0,0.0,0.0
1971-09-21,244.0,122.0,0.0,0.0,0.0
1971-09-22,244.0,172.0,145.0,0.0,0.0
1971-09-23,222.0,172.0,203.0,0.0,0.0
1971-09-24,278.0,183.0,30.0,0.0,0.0
1971-09-25,311.0,222.0,643.0,0.0,0.0
1971-09-26,306.0,222.0,0.0,0.0,0.0
1971-09-27,311.0,217.0,0.0,0.0,0.0
1971-09-28,317.0,200.0,0.0,0.0,0.0
1971-09-29,306.0,206.0,0.0,0.0,0.0
1971-09-30,300.0,194.0,0.0,0.0,0.0
1971-10-01,306.0,189.0,0.0,0.0,0.0
1971-10-02,289.0,178.0,0.0,0.0,0.0
1971-10-03,256.0,172.0,665.0,0.0,0.0
1971-10-04,244.0,183.0,30.0,0.0,0.0
1971-10-05,267.0,178.0,0.0,0.0,0.0
1971-10-06,300.0,133.0,0.0,0.0,0.0
1971-10-07,272.0,122.0,0.0,0.0,0.0
1971-10-08,233.0,167.0,36.0,0.0,0.0
1971-10-09,233.0,156.0,0.0,0.0,0.0
1971-10-10,222.0,78.0,0.0,0.0,0.0
1971-10-11,272.0,94.0,0.0,0.0,0.0
1971-10-12,267.0,150.0,0.0,0.0,0.0
1971-10-13,261.0,156.0,0.0,0.0,0.0
1971-10-14,272.0,128.0,0.0,0.0,0.0
1971-10-15,278.0,183.0,0.0,0.0,0.0
1971-10-16,278.0,211.0,25.0,0.0,0.0
1971-10-17,250.0,194.0,84.0,0.0,0.0
1971-10-18,267.0,200.0,0.0,0.0,0.0
1971-10-19,228.0,172.0,836.0,0.0,0.0
1971-10-20,189.0,117.0,787.0,0.0,0.0
1971-10-21,222.0,111.0,0.0,0.0,0.0
1971-10-22,206.0,133.0,0.0,0.0,0.0
1971-10-23,217.0,128.0,0.0,0.0,0.0
1971-10-24,233.0,111.0,8.0,0.0,0.0
1971-10-25,261.0,128.0,0.0,0.0,0.0
1971-10-26,267.0,128.0,0.0,0.0,0.0
1971-10-27,283.0,139.0,56.0,0.0,0.0
1971-10-28,283.0,161.0,0.0,0.0,0.0
1971-10-29,278.0,183.0,0.0,0.0,0.0
1971-10-30,267.0,161.0,0.0,0.0,0.0
1971-10-31,278.0,178.0,0.0,0.0,0.0
1971-11-01,267.0,89.0,0.0,0.0,0.0
1971-11-02,222.0,78.0,0.0,0.0,0.0
1971-11-03,194.0,78.0,0.0,0.0,0.0
1971-11-04,244.0,94.0,0.0,0.0,0.0
1971-11-05,206.0,100.0,0.0,0.0,0.0
1971-11-06,194.0,72.0,0.0,0.0,0.0
1971-11-07,133.0,28.0,0.0,0.0,0.0
1971-11-08,111.0,61.0,0.0,0.0,0.0
1971-11-09,161.0,39.0,0.0,0.0,0.0
1971-11-10,211.0,33.0,0.0,0.0,0.0
1971-11-11,250.0,67.0,0.0,0.0,0.0
1971-11-12,239.0,117.0,0.0,0.0,0.0
1971-11-13,267.0,128.0,0.0,0.0,0.0
1971-11-14,272.0,167.0,0.0,0.0,0.0
1971-11-15,256.0,167.0,0.0,0.0,0.0
1971-11-16,239.0,117.0,0.0,0.0,0.0
1971-11-17,217.0,150.0,0.0,0.0,0.0
1971-11-18,206.0,111.0,135.0,0.0,0.0
1971-11-19,122.0,11.0,0.0,0.0,0.0
1971-11-20,206.0,39.0,0.0,0.0,0.0
1971-11-21,183.0,44.0,0.0,0.0,0.0
1971-11-22,117.0,44.0,0.0,0.0,0.0
1971-11-23,67.0,17.0,147.0,0.0,0.0
1971-11-24,133.0,6.0,0.0,0.0,0.0
1971-11-25,144.0,17.0,0.0,0.0,0.0
1971-11-26,189.0,67.0,0.0,0.0,0.0
1971-11-27,206.0,17.0,0.0,0.0,0.0
1971-11-28,167.0,67.0,0.0,0.0,0.0
1971-11-29,128.0,17.0,0.0,0.0,0.0
1971-11-30,83.0,39.0,0.0,0.0,0.0
1971-12-01,106.0,33.0,41.0,0.0,0.0
1971-12-02,89.0,22.0,264.0,0.0,0.0
1971-12-03,50.0,17.0,13.0,0.0,0.0
1971-12-04,61.0,39.0,0.0,0.0,0.0
1971-12-05,61.0,39.0,381.0,0.0,0.0
1971-12-06,67.0,56.0,112.0,0.0,0.0
1971-12-07,167.0,39.0,8.0,0.0,0.0
1971-12-08,144.0,78.0,64.0,0.0,0.0
1971-12-09,144.0,94.0,533.0,0.0,0.0
1971-12-10,167.0,67.0,152.0,0.0,0.0
1971-12-11,156.0,11.0,0.0,0.0,0.0
1971-12-12,161.0,17.0,0.0,0.0,0.0
1971-12-13,128.0,17.0,20.0,0.0,0.0
1971-12-14,261.0,94.0,5.0,0.0,0.0
1971-12-15,228.0,56.0,89.0,0.0,0.0
1971-12-16,217.0,72.0,0.0,0.0,0.0
1971-12-17,172.0,78.0,0.0,0.0,0.0
1971-12-18,150.0,0.0,0.0,0.0,0.0
1971-12-19,183.0,78.0,0.0,0.0,0.0
1971-12-20,217.0,83.0,0.0,0.0,0.0
1971-12-21,183.0,39.0,0.0,0.0,0.0
1971-12-22,106.0,22.0,10.0,0.0,0.0
1971-12-23,178.0,72.0,0.0,0.0,0.0
1971-12-24,206.0,117.0,0.0,0.0,0.0
1971-12-25,211.0,128.0,0.0,0.0,0.0
1971-12-26,228.0,139.0,0.0,0.0,0.0
1971-12-27,217.0,111.0,0.0,0.0,0.0
1971-12-28,228.0,61.0,43.0,0.0,0.0
1971-12-29,206.0,50.0,0.0,0.0,0.0
1971-12-30,206.0,83.0,20.0,0.0,0.0
1971-12-31,133.0,61.0,0.0,0.0,0.0
1972-01-01,106.0,61.0,213.0,0.0,0.0
1972-01-02,,22.0,0.0,0.0,0.0
1972-01-03,150.0,22.0,107.0,0.0,0.0
1972-01-04,139.0,-61.0,155.0,0.0,0.0
1972-01-05,22.0,-100.0,0.0,0.0,0.0
1972-01-06,83.0,-61.0,0.0,0.0,0.0
1972-01-07,144.0,-22.0,0.0,0.0,0.0
1972-01-08,183.0,22.0,0.0,0.0,0.0
1972-01-09,172.0,56.0,0.0,0.0,0.0
1972-01-10,144.0,50.0,0.0,0.0,0.0
1972-01-11,161.0,11.0,0.0,0.0,0.0
1972-01-12,217.0,50.0,0.0,0.0,0.0
1972-01-13,200.0,17.0,0.0,0.0,0.0
1972-01-14,78.0,-33.0,0.0,0.0,0.0
1972-01-15,28.0,-94.0,0.0,0.0,0.0
1972-01-16,72.0,-61.0,0.0,0.0,0.0
1972-01-17,128.0,0.0,0.0,0.0,0.0
1972-01-18,206.0,111.0,0.0,0.0,0.0
1972-01-19,233.0,128.0,0.0,0.0,0.0
1972-01-20,256.0,150.0,0.0,0.0,0.0
1972-01-21,228.0,67.0,0.0,0.0,0.0
1972-01-22,228.0,78.0,0.0,0.0,0.0
1972-01-23,222.0,6.0,0.0,0.0,0.0
1972-01-24,244.0,111.0,0.0,0.0,0.0
1972-01-25,139.0,0.0,0.0,0.0,0.0
1972-01-26,117.0,17.0,25.0,0.0,0.0
1972-01-27,117.0,-17.0,20.0,0.0,0.0
1972-01-28,28.0,-50.0,33.0,0.0,0.0
1972-01-29,6.0,-22.0,0.0,0.0,0.0
1972-01-30,89.0,-50.0,0.0,0.0,0.0
1972-01-31,122.0,-50.0,0.0,0.0,0.0
1972-02-01,89.0,17.0,5.0,0.0,0.0
1972-02-02,72.0,-6.0,0.0,0.0,0.0
1972-02-03,44.0,-72.0,0.0,0.0,0.0
1972-02-04,111.0,-61.0,0.0,0.0,0.0
1972-02-05,106.0,6.0,0.0,0.0,0.0
1972-02-06,194.0,44.0,25.0,0.0,0.0
1972-02-07,67.0,-39.0,0.0,0.0,0.0
1972-02-08,128.0,-50.0,0.0,0.0,0.0
1972-02-09,167.0,6.0,0.0,0.0,0.0
1972-02-10,161.0,17.0,0.0,0.0,0.0
1972-02-11,139.0,17.0,33.0,0.0,0.0
1972-02-12,67.0,-17.0,320.0,0.0,0.0
1972-02-13,178.0,-22.0,0.0,0.0,0.0
1972-02-14,211.0,72.0,0.0,0.0,0.0
1972-02-15,200.0,56.0,0.0,0.0,0.0
1972-02-16,172.0,11.0,0.0,0.0,0.0
1972-02-17,200.0,61.0,0.0,0.0,0.0
1972-02-18,156.0,56.0,0.0,0.0,0.0
1972-02-19,161.0,0.0,0.0,0.0,0.0
1972-02-20,211.0,56.0,0.0,0.0,0.0
1972-02-21,244.0,139.0,0.0,0.0,0.0
1972-02-22,228.0,111.0,0.0,0.0,0.0
1972-02-23,233.0,83.0,0.0,0.0,0.0
1972-02-24,267.0,150.0,0.0,0.0,0.0
1972-02-25,278.0,156.0,0.0,0.0,0.0
1972-02-26,233.0,67.0,0.0,0.0,0.0
1972-02-27,,,0.0,0.0,0.0
1972-02-28,,,0.0,0.0,0.0
1972-02-29,261.0,117.0,0.0,0.0,0.0
1972-03-01,222.0,117.0,0.0,0.0,0.0
1972-03-02,261.0,33.0,0.0,0.0,0.0
1972-03-03,222.0,44.0,0.0,0.0,0.0
1972-03-04,194.0,111.0,0.0,0.0,0.0
1972-03-05,172.0,17.0,0.0,0.0,0.0
1972-03-06,261.0,67.0,0.0,0.0,0.0
1972-03-07,289.0,111.0,0.0,0.0,0.0
1972-03-08,278.0,128.0,0.0,0.0,0.0
1972-03-09,261.0,111.0,0.0,0.0,0.0
1972-03-10,256.0,94.0,0.0,0.0,0.0
1972-03-11,211.0,117.0,0.0,0.0,0.0
1972-03-12,239.0,144.0,0.0,0.0,0.0
1972-03-13,261.0,161.0,0.0,0.0,0.0
1972-03-14,283.0,72.0,0.0,0.0,0.0
1972-03-15,244.0,150.0,0.0,0.0,0.0
1972-03-16,261.0,67.0,0.0,0.0,0.0
1972-03-17,267.0,56.0,0.0,0.0,0.0
1972-03-18,278.0,61.0,0.0,0.0,0.0
1972-03-19,272.0,67.0,0.0,0.0,0.0
1972-03-20,261.0,128.0,0.0,0.0,0.0
1972-03-21,267.0,133.0,0.0,0.0,0.0
1972-03-22,256.0,67.0,0.0,0.0,0.0
1972-03-23,306.0,133.0,0.0,0.0,0.0
1972-03-24,250.0,139.0,241.0,0.0,0.0
1972-03-25,278.0,89.0,0.0,0.0,0.0
1972-03-26,256.0,78.0,13.0,0.0,0.0
1972-03-27,283.0,117.0,0.0,0.0,0.0
1972-03-28,250.0,67.0,0.0,0.0,0.0
1972-03-29,183.0,56.0,0.0,0.0,0.0
1972-03-30,133.0,44.0,0.0,0.0,0.0
1972-03-31,189.0,33.0,0.0,0.0,0.0
1972-04-01,233.0,61.0,0.0,0.0,0.0
1972-04-02,272.0,61.0,0.0,0.0,0.0
1972-04-03,267.0,83.0,0.0,0.0,0.0
1972-04-04,244.0,39.0,0.0,0.0,0.0
1972-04-05,256.0,72.0,0.0,0.0,0.0
1972-04-06,294.0,200.0,0.0,0.0,0.0
1972-04-07,317.0,167.0,0.0,0.0,0.0
1972-04-08,256.0,139.0,0.0,0.0,0.0
1972-04-09,250.0,44.0,0.0,0.0,0.0
1972-04-10,256.0,161.0,0.0,0.0,0.0
1972-04-11,294.0,200.0,0.0,0.0,0.0
1972-04-12,344.0,194.0,0.0,0.0,0.0
1972-04-13,300.0,178.0,0.0,0.0,0.0
1972-04-14,317.0,200.0,0.0,0.0,0.0
1972-04-15,278.0,183.0,0.0,0.0,0.0
1972-04-16,261.0,111.0,0.0,0.0,0.0
1972-04-17,278.0,100.0,0.0,0.0,0.0
1972-04-18,272.0,139.0,0.0,0.0,0.0
1972-04-19,300.0,206.0,0.0,0.0,0.0
1972-04-20,300.0,211.0,155.0,0.0,0.0
1972-04-21,278.0,133.0,0.0,0.0,0.0
1972-04-22,283.0,100.0,0.0,0.0,0.0
1972-04-23,278.0,128.0,0.0,0.0,0.0
1972-04-24,244.0,117.0,0.0,0.0,0.0
1972-04-25,239.0,100.0,0.0,0.0,0.0
1972-04-26,233.0,117.0,13.0,0.0,0.0
1972-04-27,183.0,139.0,445.0,0.0,0.0
1972-04-28,244.0,128.0,0.0,0.0,0.0
1972-04-29,256.0,150.0,0.0,0.0,0.0
1972-04-30,250.0,133.0,0.0,0.0,0.0
1972-05-01,289.0,200.0,0.0,0.0,0.0
1972-05-02,250.0,172.0,18.0,0.0,0.0
1972-05-03,261.0,122.0,0.0,0.0,0.0
1972-05-04,272.0,122.0,0.0,0.0,0.0
1972-05-05,261.0,150.0,0.0,0.0,0.0
1972-05-06,244.0,172.0,10.0,0.0,0.0
1972-05-07,239.0,167.0,15.0,0.0,0.0
1972-05-08,233.0,128.0,0.0,0.0,0.0
1972-05-09,256.0,106.0,0.0,0.0,0.0
1972-05-10,250.0,128.0,0.0,0.0,0.0
1972-05-11,272.0,150.0,0.0,0.0,0.0
1972-05-12,261.0,144.0,99.0,0.0,0.0
1972-05-13,267.0,150.0,0.0,0.0,0.0
1972-05-14,272.0,150.0,0.0,0.0,0.0
1972-05-15,311.0,133.0,0.0,0.0,0.0
1972-05-16,322.0,150.0,0.0,0.0,0.0
1972-05-17,317.0,139.0,0.0,0.0,0.0
1972-05-18,322.0,144.0,0.0,0.0,0.0
1972-05-19,311.0,139.0,0.0,0.0,0.0
1972-05-20,317.0,150.0,0.0,0.0,0.0
1972-05-21,328.0,161.0,0.0,0.0,0.0
1972-05-22,322.0,183.0,0.0,0.0,0.0
1972-05-23,317.0,183.0,0.0,0.0,0.0
1972-05-24,317.0,178.0,0.0,0.0,0.0
1972-05-25,333.0,178.0,0.0,0.0,0.0
1972-05-26,333.0,178.0,0.0,0.0,0.0
1972-05-27,339.0,183.0,0.0,0.0,0.0
1972-05-28,333.0,206.0,0.0,0.0,0.0
1972-05-29,317.0,200.0,0.0,0.0,0.0
1972-05-30,311.0,172.0,0.0,0.0,0.0
1972-05-31,283.0,150.0,0.0,0.0,0.0
1972-06-01,300.0,122.0,0.0,0.0,0.0
1972-06-02,311.0,133.0,0.0,0.0,0.0
1972-06-03,317.0,189.0,0.0,0.0,0.0
1972-06-04,322.0,178.0,0.0,0.0,0.0
1972-06-05,328.0,172.0,0.0,0.0,0.0
1972-06-06,339.0,183.0,0.0,0.0,0.0
1972-06-07,356.0,206.0,0.0,0.0,0.0
1972-06-08,356.0,211.0,0.0,0.0,0.0
1972-06-09,339.0,228.0,0.0,0.0,0.0
1972-06-10,,,0.0,0.0,0.0
1972-06-11,333.0,206.0,0.0,0.0,0.0
1972-06-12,,,0.0,0.0,0.0
1972-06-13,,,0.0,0.0,0.0
1972-06-14,339.0,167.0,221.0,0.0,0.0
1972-06-15,317.0,222.0,0.0,0.0,0.0
1972-06-16,317.0,194.0,0.0,0.0,0.0
1972-06-17,311.0,200.0,0.0,0.0,0.0
1972-06-18,322.0,222.0,0.0,0.0,0.0
1972-06-19,350.0,222.0,0.0,0.0,0.0
1972-06-20,372.0,239.0,0.0,0.0,0.0
1972-06-21,356.0,200.0,152.0,0.0,0.0
1972-06-22,317.0,211.0,0.0,0.0,0.0
1972-06-23,322.0,239.0,0.0,0.0,0.0
1972-06-24,339.0,239.0,0.0,0.0,0.0
1972-06-25,372.0,256.0,0.0,0.0,0.0
1972-06-26,378.0,250.0,0.0,0.0,0.0
1972-06-27,372.0,250.0,0.0,0.0,0.0
1972-06-28,378.0,261.0,0.0,0.0,0.0
1972-06-29,356.0,239.0,0.0,0.0,0.0
1972-06-30,322.0,200.0,0.0,0.0,0.0
1972-07-01,356.0,244.0,0.0,0.0,0.0
1972-07-02,356.0,239.0,0.0,0.0,0.0
1972-07-03,333.0,250.0,0.0,0.0,0.0
1972-07-04,317.0,211.0,0.0,0.0,0.0
1972-07-05,289.0,194.0,0.0,0.0,0.0
1972-07-06,311.0,139.0,0.0,0.0,0.0
1972-07-07,294.0,133.0,0.0,0.0,0.0
1972-07-08,328.0,183.0,0.0,0.0,0.0
1972-07-09,350.0,228.0,0.0,0.0,0.0
1972-07-10,339.0,217.0,0.0,0.0,0.0
1972-07-11,333.0,211.0,0.0,0.0,0.0
1972-07-12,339.0,211.0,0.0,0.0,0.0
1972-07-13,333.0,206.0,0.0,0.0,0.0
1972-07-14,356.0,217.0,0.0,0.0,0.0
1972-07-15,361.0,233.0,0.0,0.0,0.0
1972-07-16,361.0,228.0,0.0,0.0,0.0
1972-07-17,333.0,222.0,18.0,0.0,0.0
1972-07-18,350.0,228.0,0.0,0.0,0.0
1972-07-19,344.0,228.0,0.0,0.0,0.0
1972-07-20,350.0,222.0,0.0,0.0,0.0
1972-07-21,344.0,222.0,0.0,0.0,0.0
1972-07-22,322.0,211.0,20.0,0.0,0.0
1972-07-23,344.0,211.0,84.0,0.0,0.0
1972-07-24,356.0,228.0,0.0,0.0,0.0
1972-07-25,378.0,222.0,0.0,0.0,0.0
1972-07-26,372.0,239.0,0.0,0.0,0.0
1972-07-27,372.0,239.0,0.0,0.0,0.0
1972-07-28,372.0,244.0,0.0,0.0,0.0
1972-07-29,361.0,239.0,0.0,0.0,0.0
1972-07-30,350.0,211.0,0.0,0.0,0.0
1972-07-31,344.0,217.0,0.0,0.0,0.0
1972-08-01,350.0,211.0,0.0,0.0,0.0
1972-08-02,361.0,228.0,0.0,0.0,0.0
1972-08-03,361.0,228.0,0.0,0.0,0.0
1972-08-04,344.0,239.0,0.0,0.0,0.0
1972-08-05,378.0,233.0,0.0,0.0,0.0
1972-08-06,394.0,228.0,0.0,0.0,0.0
1972-08-07,378.0,250.0,0.0,0.0,0.0
1972-08-08,378.0,239.0,0.0,0.0,0.0
1972-08-09,356.0,222.0,0.0,0.0,0.0
1972-08-10,361.0,228.0,0.0,0.0,0.0
1972-08-11,344.0,217.0,0.0,0.0,0.0
1972-08-12,322.0,217.0,15.0,0.0,0.0
1972-08-13,317.0,222.0,0.0,0.0,0.0
1972-08-14,322.0,233.0,0.0,0.0,0.0
1972-08-15,356.0,206.0,0.0,0.0,0.0
1972-08-16,344.0,206.0,43.0,0.0,0.0
1972-08-17,339.0,222.0,0.0,0.0,0.0
1972-08-18,344.0,233.0,0.0,0.0,0.0
1972-08-19,356.0,222.0,0.0,0.0,0.0
1972-08-20,367.0,228.0,0.0,0.0,0.0
1972-08-21,406.0,239.0,0.0,0.0,0.0
1972-08-22,378.0,244.0,0.0,0.0,0.0
1972-08-23,344.0,222.0,0.0,0.0,0.0
1972-08-24,356.0,200.0,0.0,0.0,0.0
1972-08-25,339.0,206.0,0.0,0.0,0.0
1972-08-26,356.0,233.0,0.0,0.0,0.0
1972-08-27,367.0,244.0,58.0,0.0,0.0
1972-08-28,361.0,200.0,0.0,0.0,0.0
1972-08-29,356.0,228.0,0.0,0.0,0.0
1972-08-30,344.0,228.0,0.0,0.0,0.0
1972-08-31,322.0,217.0,5.0,0.0,0.0
1972-09-01,300.0,217.0,0.0,0.0,0.0
1972-09-02,294.0,222.0,46.0,0.0,0.0
1972-09-03,311.0,183.0,0.0,0.0,0.0
1972-09-04,283.0,217.0,0.0,0.0,0.0
1972-09-05,300.0,200.0,0.0,0.0,0.0
1972-09-06,344.0,206.0,0.0,0.0,0.0
1972-09-07,378.0,239.0,0.0,0.0,0.0
1972-09-08,383.0,244.0,0.0,0.0,0.0
1972-09-09,383.0,233.0,0.0,0.0,0.0
1972-09-10,356.0,222.0,0.0,0.0,0.0
1972-09-11,356.0,217.0,0.0,0.0,0.0
1972-09-12,350.0,228.0,0.0,0.0,0.0
1972-09-13,361.0,233.0,0.0,0.0,0.0
1972-09-14,372.0,233.0,0.0,0.0,0.0
1972-09-15,356.0,228.0,0.0,0.0,0.0
1972-09-16,322.0,217.0,20.0,0.0,0.0
1972-09-17,350.0,233.0,0.0,0.0,0.0
1972-09-18,356.0,233.0,0.0,0.0,0.0
1972-09-19,350.0,228.0,0.0,0.0,0.0
1972-09-20,356.0,233.0,0.0,0.0,0.0
1972-09-21,333.0,222.0,41.0,0.0,0.0
1972-09-22,228.0,172.0,51.0,0.0,0.0
1972-09-23,311.0,183.0,0.0,0.0,0.0
1972-09-24,306.0,178.0,0.0,0.0,0.0
1972-09-25,289.0,217.0,5.0,0.0,0.0
1972-09-26,333.0,222.0,0.0,0.0,0.0
1972-09-27,311.0,206.0,0.0,0.0,0.0
1972-09-28,317.0,211.0,0.0,0.0,0.0
1972-09-29,294.0,128.0,0.0,0.0,0.0
1972-09-30,267.0,72.0,0.0,0.0,0.0
1972-10-01,294.0,89.0,0.0,0.0,0.0
1972-10-02,278.0,122.0,0.0,0.0,0.0
1972-10-03,267.0,111.0,0.0,0.0,0.0
1972-10-04,294.0,122.0,0.0,0.0,0.0
1972-10-05,317.0,144.0,0.0,0.0,0.0
1972-10-06,311.0,150.0,0.0,0.0,0.0
1972-10-07,272.0,172.0,0.0,0.0,0.0
1972-10-08,317.0,161.0,0.0,0.0,0.0
1972-10-09,322.0,172.0,0.0,0.0,0.0
1972-10-10,306.0,178.0,0.0,0.0,0.0
1972-10-11,322.0,161.0,0.0,0.0,0.0
1972-10-12,322.0,178.0,0.0,0.0,0.0
1972-10-13,339.0,183.0,0.0,0.0,0.0
1972-10-14,339.0,194.0,0.0,0.0,0.0
1972-10-15,317.0,211.0,0.0,0.0,0.0
1972-10-16,333.0,183.0,0.0,0.0,0.0
1972-10-17,356.0,206.0,0.0,0.0,0.0
1972-10-18,339.0,206.0,10.0,0.0,0.0
1972-10-19,261.0,78.0,191.0,0.0,0.0
1972-10-20,161.0,83.0,0.0,0.0,0.0
1972-10-21,217.0,133.0,91.0,0.0,0.0
1972-10-22,250.0,172.0,513.0,0.0,0.0
1972-10-23,217.0,106.0,0.0,0.0,0.0
1972-10-24,139.0,78.0,0.0,0.0,0.0
1972-10-25,150.0,50.0,0.0,0.0,0.0
1972-10-26,144.0,56.0,533.0,0.0,0.0
1972-10-27,156.0,50.0,0.0,0.0,0.0
1972-10-28,150.0,67.0,25.0,0.0,0.0
1972-10-29,172.0,139.0,160.0,0.0,0.0
1972-10-30,250.0,144.0,18.0,0.0,0.0
1972-10-31,233.0,111.0,13.0,0.0,0.0
1972-11-01,200.0,67.0,333.0,0.0,0.0
1972-11-02,194.0,56.0,0.0,0.0,0.0
1972-11-03,222.0,89.0,0.0,0.0,0.0
1972-11-04,233.0,111.0,0.0,0.0,0.0
1972-11-05,217.0,67.0,0.0,0.0,0.0
1972-11-06,222.0,61.0,142.0,0.0,0.0
1972-11-07,217.0,39.0,0.0,0.0,0.0
1972-11-08,222.0,44.0,0.0,0.0,0.0
1972-11-09,200.0,56.0,0.0,0.0,0.0
1972-11-10,172.0,56.0,0.0,0.0,0.0
1972-11-11,161.0,83.0,0.0,0.0,0.0
1972-11-12,156.0,67.0,0.0,0.0,0.0
1972-11-13,211.0,83.0,234.0,0.0,0.0
1972-11-14,117.0,39.0,0.0,0.0,0.0
1972-11-15,72.0,28.0,0.0,0.0,0.0
1972-11-16,139.0,22.0,0.0,0.0,0.0
1972-11-17,122.0,17.0,0.0,0.0,0.0
1972-11-18,72.0,6.0,188.0,0.0,0.0
1972-11-19,61.0,33.0,0.0,0.0,0.0
1972-11-20,50.0,17.0,0.0,0.0,0.0
1972-11-21,33.0,6.0,51.0,0.0,0.0
1972-11-22,72.0,-17.0,0.0,0.0,0.0
1972-11-23,83.0,-6.0,0.0,0.0,0.0
1972-11-24,61.0,39.0,64.0,0.0,0.0
1972-11-25,111.0,17.0,0.0,0.0,0.0
1972-11-26,183.0,11.0,0.0,0.0,0.0
1972-11-27,161.0,0.0,0.0,0.0,0.0
1972-11-28,128.0,11.0,0.0,0.0,0.0
1972-11-29,72.0,-6.0,0.0,0.0,0.0
1972-11-30,111.0,-6.0,0.0,0.0,0.0
1972-12-01,183.0,17.0,0.0,0.0,0.0
1972-12-02,217.0,33.0,0.0,0.0,0.0
1972-12-03,228.0,61.0,0.0,0.0,0.0
1972-12-04,100.0,-11.0,0.0,0.0,0.0
1972-12-05,178.0,-33.0,0.0,0.0,0.0
1972-12-06,33.0,-44.0,38.0,0.0,0.0
1972-12-07,44.0,-61.0,48.0,0.0,0.0
1972-12-08,44.0,0.0,0.0,0.0,0.0
1972-12-09,50.0,6.0,0.0,0.0,0.0
1972-12-10,44.0,-61.0,0.0,0.0,0.0
1972-12-11,33.0,-50.0,0.0,0.0,0.0
1972-12-12,94.0,-44.0,0.0,0.0,0.0
1972-12-13,94.0,-39.0,0.0,0.0,0.0
1972-12-14,22.0,0.0,135.0,0.0,0.0
1972-12-15,44.0,-17.0,0.0,0.0,0.0
1972-12-16,78.0,-67.0,0.0,0.0,0.0
1972-12-17,94.0,-44.0,0.0,0.0,0.0
1972-12-18,83.0,6.0,8.0,0.0,0.0
1972-12-19,178.0,78.0,8.0,0.0,0.0
1972-12-20,189.0,50.0,0.0,0.0,0.0
1972-12-21,144.0,56.0,0.0,0.0,0.0
1972-12-22,144.0,-22.0,0.0,0.0,0.0
1972-12-23,,,0.0,0.0,0.0
1972-12-24,,,0.0,0.0,0.0
1972-12-25,,,0.0,0.0,0.0
1972-12-26,156.0,-17.0,0.0,0.0,0.0
1972-12-27,178.0,17.0,0.0,0.0,0.0
1972-12-28,194.0,89.0,0.0,0.0,0.0
1972-12-29,250.0,139.0,71.0,0.0,0.0
1972-12-30,206.0,56.0,0.0,0.0,0.0
1972-12-31,122.0,-11.0,0.0,0.0,0.0
1973-01-01,83.0,0.0,0.0,,
1973-01-02,89.0,6.0,91.0,,
1973-01-03,133.0,0.0,0.0,,
1973-01-04,94.0,11.0,0.0,,
1973-01-05,128.0,6.0,36.0,,
1973-01-06,44.0,-22.0,0.0,,
1973-01-07,6.0,0.0,147.0,,
1973-01-08,0.0,-44.0,0.0,,
1973-01-09,-33.0,-67.0,0.0,,
1973-01-10,-44.0,-100.0,0.0,,
1973-01-11,17.0,,76.0,,
1973-01-12,44.0,-139.0,0.0,,
1973-01-13,144.0,-44.0,0.0,,
1973-01-14,161.0,-33.0,0.0,,
1973-01-15,194.0,0.0,0.0,,
1973-01-16,189.0,106.0,0.0,,
1973-01-17,200.0,128.0,0.0,,
1973-01-18,194.0,144.0,0.0,,
1973-01-19,206.0,39.0,0.0,,
1973-01-20,200.0,83.0,0.0,,
1973-01-21,183.0,61.0,8.0,,
1973-01-22,100.0,0.0,0.0,,
1973-01-23,161.0,-33.0,0.0,,
1973-01-24,128.0,-11.0,0.0,,
1973-01-25,128.0,39.0,318.0,,
1973-01-26,117.0,28.0,0.0,,
1973-01-27,161.0,22.0,0.0,,
1973-01-28,100.0,0.0,0.0,,
1973-01-29,78.0,-56.0,0.0,,
1973-01-30,144.0,0.0,0.0,,
1973-01-31,167.0,83.0,127.0,,
1973-02-01,133.0,61.0,140.0,0.0,0.0
1973-02-02,139.0,22.0,0.0,0.0,0.0
1973-02-03,211.0,39.0,0.0,0.0,0.0
1973-02-04,217.0,72.0,0.0,0.0,0.0
1973-02-05,206.0,61.0,0.0,0.0,0.0
1973-02-06,206.0,50.0,0.0,0.0,0.0
1973-02-07,167.0,89.0,114.0,,
1973-02-08,89.0,-28.0,279.0,,
1973-02-09,83.0,-56.0,0.0,,
1973-02-10,89.0,-67.0,0.0,,
1973-02-11,117.0,-11.0,0.0,,
1973-02-12,156.0,67.0,0.0,,
1973-02-13,139.0,72.0,0.0,,
1973-02-14,89.0,33.0,0.0,,
1973-02-15,94.0,-39.0,0.0,,
1973-02-16,94.0,-44.0,0.0,,
1973-02-17,78.0,-22.0,0.0,,
1973-02-18,106.0,22.0,0.0,,
1973-02-19,144.0,0.0,0.0,,
1973-02-20,150.0,61.0,0.0,,
1973-02-21,144.0,56.0,0.0,,
1973-02-22,139.0,17.0,69.0,,
1973-02-23,128.0,28.0,0.0,,
1973-02-24,144.0,6.0,0.0,,
1973-02-25,194.0,50.0,0.0,,
1973-02-26,,,0.0,,
1973-02-27,,,0.0,,
1973-02-28,,,0.0,,
1973-03-01,,,0.0,0.0,0.0
1973-03-02,,,,0.0,0.0
1973-03-03,,,,0.0,0.0
1973-03-04,,,,0.0,0.0
1973-03-05,,,,0.0,0.0
1973-03-06,,,,0.0,0.0
1973-03-07,,,,0.0,0.0
1973-03-08,,,,0.0,0.0
1973-03-09,,,,0.0,0.0
1973-03-10,,,,0.0,0.0
1973-03-11,,,,0.0,0.0
1973-03-12,,,,0.0,0.0
1973-03-13,,,0.0,0.0,0.0
1973-03-14,206.0,144.0,97.0,0.0,0.0
1973-03-15,261.0,100.0,0.0,0.0,0.0
1973-03-16,250.0,72.0,56.0,0.0,0.0
1973-03-17,261.0,28.0,0.0,0.0,0.0
1973-03-18,233.0,44.0,0.0,0.0,0.0
1973-03-19,239.0,139.0,0.0,0.0,0.0
1973-03-20,233.0,67.0,0.0,0.0,0.0
1973-03-21,233.0,50.0,0.0,0.0,0.0
1973-03-22,244.0,89.0,0.0,0.0,0.0
1973-03-23,222.0,78.0,10.0,0.0,0.0
1973-03-24,206.0,72.0,0.0,0.0,0.0
1973-03-25,211.0,89.0,0.0,0.0,0.0
1973-03-26,178.0,83.0,0.0,0.0,0.0
1973-03-27,167.0,61.0,0.0,0.0,0.0
1973-03-28,233.0,111.0,0.0,0.0,0.0
1973-03-29,222.0,83.0,0.0,0.0,0.0
1973-03-30,228.0,89.0,13.0,0.0,0.0
1973-03-31,233.0,72.0,0.0,0.0,0.0
1974-01-01,,,,0.0,0.0
1974-01-02,,,,0.0,0.0
1974-01-03,,,,0.0,0.0
1974-01-04,,,,0.0,0.0
1974-01-05,,,,0.0,0.0
1974-01-06,,,,0.0,0.0
1974-01-07,,,,0.0,0.0
1974-01-08,,,,0.0,0.0
1974-01-09,,,,0.0,0.0
1974-01-10,,,,0.0,0.0
1974-01-11,,,,0.0,0.0
1974-01-12,,,,0.0,0.0
1974-01-13,,,,0.0,0.0
1974-01-14,,,,0.0,0.0
1974-01-15,,,,0.0,0.0
1974-01-16,,,,0.0,0.0
1974-01-17,,,,0.0,0.0
1974-01-18,,,,0.0,0.0
1974-01-19,,,,0.0,0.0
1974-01-20,,,,0.0,0.0
1974-01-21,,,,0.0,0.0
1974-01-22,,,,0.0,0.0
1974-01-23,,,,0.0,0.0
1974-01-24,,,,0.0,0.0
1974-01-25,111.0,39.0,,0.0,0.0
1974-01-26,122.0,67.0,114.0,0.0,0.0
1974-01-27,183.0,56.0,8.0,0.0,0.0
1974-01-28,156.0,33.0,20.0,0.0,0.0
1974-01-29,156.0,0.0,3.0,0.0,0.0
1974-01-30,211.0,17.0,0.0,0.0,0.0
1974-01-31,233.0,33.0,0.0,0.0,0.0
1974-02-01,239.0,22.0,0.0,0.0,0.0
1974-02-02,233.0,83.0,0.0,0.0,0.0
1974-02-03,167.0,11.0,0.0,0.0,0.0
1974-02-04,183.0,11.0,0.0,0.0,0.0
1974-02-05,211.0,56.0,0.0,0.0,0.0
1974-02-06,206.0,33.0,0.0,0.0,0.0
1974-02-07,44.0,0.0,0.0,0.0,0.0
1974-02-08,89.0,-44.0,0.0,0.0,0.0
1974-02-09,133.0,-11.0,0.0,0.0,0.0
1974-02-10,200.0,-11.0,0.0,0.0,0.0
1974-02-11,222.0,11.0,0.0,0.0,0.0
1974-02-12,256.0,17.0,0.0,0.0,0.0
1974-02-13,256.0,128.0,0.0,0.0,0.0
1974-02-14,233.0,122.0,33.0,0.0,0.0
1974-02-15,189.0,111.0,0.0,0.0,0.0
1974-02-16,161.0,44.0,3.0,0.0,0.0
1974-02-17,200.0,33.0,0.0,0.0,0.0
1974-02-18,233.0,67.0,30.0,0.0,0.0
1974-02-19,200.0,56.0,0.0,0.0,0.0
1974-02-20,244.0,78.0,0.0,0.0,0.0
1974-02-21,183.0,22.0,211.0,0.0,0.0
1974-02-22,122.0,17.0,8.0,0.0,0.0
1974-02-23,183.0,11.0,0.0,0.0,0.0
1974-02-24,172.0,-11.0,0.0,0.0,0.0
1974-02-25,111.0,-61.0,0.0,0.0,0.0
1974-02-26,206.0,-56.0,0.0,0.0,0.0
1974-02-27,211.0,-6.0,0.0,0.0,0.0
1974-02-28,239.0,78.0,0.0,0.0,0.0
1974-03-01,244.0,150.0,0.0,0.0,0.0
1974-03-02,261.0,161.0,0.0,0.0,0.0
1974-03-03,278.0,183.0,0.0,0.0,0.0
1974-03-04,267.0,189.0,0.0,0.0,0.0
1974-03-05,283.0,183.0,0.0,0.0,0.0
1974-03-06,272.0,172.0,0.0,0.0,0.0
1974-03-07,278.0,183.0,20.0,0.0,0.0
1974-03-08,272.0,178.0,0.0,0.0,0.0
1974-03-09,261.0,172.0,0.0,0.0,0.0
1974-03-10,272.0,183.0,419.0,0.0,0.0
1974-03-11,272.0,89.0,0.0,0.0,0.0
1974-03-12,267.0,156.0,361.0,0.0,0.0
1974-03-13,261.0,56.0,0.0,0.0,0.0
1974-03-14,217.0,83.0,0.0,0.0,0.0
1974-03-15,222.0,106.0,0.0,0.0,0.0
1974-03-16,206.0,83.0,0.0,0.0,0.0
1974-03-17,244.0,67.0,0.0,0.0,0.0
1974-03-18,300.0,,0.0,0.0,0.0
1974-03-19,244.0,,0.0,0.0,0.0
1974-03-20,211.0,,58.0,0.0,0.0
1974-03-21,183.0,6.0,5.0,0.0,0.0
1974-03-22,189.0,-11.0,0.0,0.0,0.0
1974-03-23,172.0,17.0,0.0,0.0,0.0
1974-03-24,144.0,17.0,0.0,0.0,0.0
1974-03-25,139.0,11.0,15.0,0.0,0.0
1974-03-26,161.0,0.0,0.0,0.0,0.0
1974-03-27,217.0,83.0,0.0,0.0,0.0
1974-03-28,239.0,133.0,0.0,0.0,0.0
1974-03-29,278.0,122.0,0.0,0.0,0.0
1974-03-30,294.0,94.0,0.0,0.0,0.0
1974-03-31,328.0,183.0,0.0,0.0,0.0
1974-04-01,317.0,206.0,0.0,0.0,0.0
1974-04-02,289.0,111.0,0.0,0.0,0.0
1974-04-03,272.0,144.0,0.0,0.0,0.0
1974-04-04,256.0,61.0,165.0,0.0,0.0
1974-04-05,206.0,17.0,0.0,0.0,0.0
1974-04-06,244.0,72.0,0.0,0.0,0.0
1974-04-07,294.0,128.0,0.0,0.0,0.0
1974-04-08,294.0,83.0,0.0,0.0,0.0
1974-04-09,211.0,28.0,0.0,0.0,0.0
1974-04-10,206.0,133.0,0.0,0.0,0.0
1974-04-11,222.0,139.0,340.0,0.0,0.0
1974-04-12,294.0,128.0,0.0,0.0,0.0
1974-04-13,294.0,183.0,0.0,0.0,0.0
1974-04-14,289.0,78.0,0.0,0.0,0.0
1974-04-15,267.0,61.0,0.0,0.0,0.0
1974-04-16,206.0,78.0,0.0,0.0,0.0
1974-04-17,228.0,72.0,0.0,0.0,0.0
1974-04-18,272.0,133.0,0.0,0.0,0.0
1974-04-19,283.0,144.0,0.0,0.0,0.0
1974-04-20,267.0,178.0,0.0,0.0,0.0
1974-04-21,272.0,200.0,5.0,0.0,0.0
1974-04-22,233.0,156.0,660.0,0.0,0.0
1974-04-23,244.0,117.0,0.0,0.0,0.0
1974-04-24,250.0,111.0,0.0,0.0,0.0
1974-04-25,244.0,117.0,0.0,0.0,0.0
1974-04-26,267.0,150.0,0.0,0.0,0.0
1974-04-27,267.0,200.0,0.0,0.0,0.0
1974-04-28,261.0,194.0,0.0,0.0,0.0
1974-04-29,278.0,183.0,0.0,0.0,0.0
1974-04-30,244.0,156.0,343.0,0.0,0.0
1974-05-01,228.0,167.0,81.0,0.0,0.0
1974-05-02,294.0,161.0,0.0,0.0,0.0
1974-05-03,311.0,217.0,0.0,0.0,0.0
1974-05-04,306.0,200.0,8.0,0.0,0.0
1974-05-05,289.0,133.0,64.0,0.0,0.0
1974-05-06,261.0,122.0,0.0,0.0,0.0
1974-05-07,261.0,122.0,0.0,0.0,0.0
1974-05-08,289.0,156.0,0.0,0.0,0.0
1974-05-09,294.0,194.0,0.0,0.0,0.0
1974-05-10,294.0,161.0,0.0,0.0,0.0
1974-05-11,283.0,183.0,0.0,0.0,0.0
1974-05-12,300.0,194.0,0.0,0.0,0.0
1974-05-13,294.0,178.0,0.0,0.0,0.0
1974-05-14,300.0,222.0,0.0,0.0,0.0
1974-05-15,317.0,233.0,0.0,0.0,0.0
1974-05-16,306.0,239.0,0.0,0.0,0.0
1974-05-17,317.0,239.0,0.0,0.0,0.0
1974-05-18,311.0,228.0,0.0,0.0,0.0
1974-05-19,311.0,211.0,0.0,0.0,0.0
1974-05-20,306.0,200.0,0.0,0.0,0.0
1974-05-21,283.0,206.0,8.0,0.0,0.0
1974-05-22,294.0,206.0,0.0,0.0,0.0
1974-05-23,317.0,167.0,0.0,0.0,0.0
1974-05-24,322.0,200.0,0.0,0.0,0.0
1974-05-25,317.0,228.0,0.0,0.0,0.0
1974-05-26,294.0,222.0,391.0,0.0,0.0
1974-05-27,267.0,156.0,0.0,0.0,0.0
1974-05-28,300.0,189.0,0.0,0.0,0.0
1974-05-29,328.0,222.0,0.0,0.0,0.0
1974-05-30,322.0,217.0,0.0,0.0,0.0
1974-05-31,317.0,217.0,267.0,0.0,0.0
1974-06-01,300.0,161.0,0.0,0.0,0.0
1974-06-02,294.0,178.0,0.0,0.0,0.0
1974-06-03,322.0,161.0,0.0,0.0,0.0
1974-06-04,317.0,161.0,0.0,0.0,0.0
1974-06-05,322.0,189.0,0.0,0.0,0.0
1974-06-06,333.0,233.0,0.0,0.0,0.0
1974-06-07,317.0,194.0,457.0,0.0,0.0
1974-06-08,328.0,194.0,3.0,0.0,0.0
1974-06-09,306.0,183.0,460.0,0.0,0.0
1974-06-10,306.0,156.0,0.0,0.0,0.0
1974-06-11,311.0,178.0,0.0,0.0,0.0
1974-06-12,300.0,183.0,226.0,0.0,0.0
1974-06-13,306.0,167.0,0.0,0.0,0.0
1974-06-14,333.0,217.0,0.0,0.0,0.0
1974-06-15,339.0,217.0,0.0,0.0,0.0
1974-06-16,317.0,200.0,140.0,0.0,0.0
1974-06-17,289.0,200.0,0.0,0.0,0.0
1974-06-18,306.0,211.0,0.0,0.0,0.0
1974-06-19,333.0,228.0,0.0,0.0,0.0
1974-06-20,333.0,228.0,0.0,0.0,0.0
1974-06-21,333.0,222.0,0.0,0.0,0.0
1974-06-22,339.0,222.0,0.0,0.0,0.0
1974-06-23,339.0,217.0,0.0,0.0,0.0
1974-06-24,333.0,150.0,0.0,0.0,0.0
1974-06-25,272.0,128.0,0.0,0.0,0.0
1974-06-26,272.0,128.0,0.0,0.0,0.0
1974-06-27,289.0,128.0,0.0,0.0,0.0
1974-06-28,306.0,128.0,0.0,0.0,0.0
1974-06-29,339.0,217.0,0.0,0.0,0.0
1974-06-30,333.0,222.0,0.0,0.0,0.0
1974-07-01,328.0,217.0,0.0,0.0,0.0
1974-07-02,356.0,200.0,0.0,0.0,0.0
1974-07-03,356.0,200.0,0.0,0.0,0.0
1974-07-04,344.0,217.0,0.0,0.0,0.0
1974-07-05,350.0,211.0,0.0,0.0,0.0
1974-07-06,356.0,250.0,0.0,0.0,0.0
1974-07-07,367.0,228.0,0.0,0.0,0.0
1974-07-08,350.0,233.0,0.0,0.0,0.0
1974-07-09,350.0,228.0,0.0,0.0,0.0
1974-07-10,356.0,222.0,0.0,0.0,0.0
1974-07-11,350.0,222.0,0.0,0.0,0.0
1974-07-12,350.0,194.0,0.0,0.0,0.0
1974-07-13,367.0,222.0,0.0,0.0,0.0
1974-07-14,378.0,222.0,0.0,0.0,0.0
1974-07-15,344.0,206.0,0.0,0.0,0.0
1974-07-16,350.0,222.0,0.0,0.0,0.0
1974-07-17,344.0,206.0,0.0,0.0,0.0
1974-07-18,344.0,211.0,0.0,0.0,0.0
1974-07-19,367.0,211.0,0.0,0.0,0.0
1974-07-20,378.0,217.0,0.0,0.0,0.0
1974-07-21,394.0,239.0,0.0,0.0,0.0
1974-07-22,406.0,233.0,0.0,0.0,0.0
1974-07-23,411.0,239.0,0.0,0.0,0.0
1974-07-24,328.0,256.0,0.0,0.0,0.0
1974-07-25,383.0,222.0,0.0,0.0,0.0
1974-07-26,378.0,217.0,0.0,0.0,0.0
1974-07-27,361.0,233.0,0.0,0.0,0.0
1974-07-28,367.0,211.0,0.0,0.0,0.0
1974-07-29,378.0,222.0,0.0,0.0,0.0
1974-07-30,367.0,206.0,0.0,0.0,0.0
1974-07-31,333.0,211.0,0.0,0.0,0.0
1974-08-01,350.0,200.0,0.0,0.0,0.0
1974-08-02,339.0,194.0,13.0,0.0,0.0
1974-08-03,322.0,217.0,5.0,0.0,0.0
1974-08-04,328.0,172.0,0.0,0.0,0.0
1974-08-05,333.0,189.0,36.0,0.0,0.0
1974-08-06,311.0,200.0,635.0,0.0,0.0
1974-08-07,306.0,206.0,0.0,0.0,0.0
1974-08-08,311.0,217.0,0.0,0.0,0.0
1974-08-09,339.0,222.0,300.0,0.0,0.0
1974-08-10,328.0,183.0,0.0,0.0,0.0
1974-08-11,317.0,189.0,15.0,0.0,0.0
1974-08-12,333.0,233.0,0.0,0.0,0.0
1974-08-13,350.0,217.0,28.0,0.0,0.0
1974-08-14,344.0,206.0,0.0,0.0,0.0
1974-08-15,350.0,211.0,0.0,0.0,0.0
1974-08-16,339.0,200.0,0.0,0.0,0.0
1974-08-17,344.0,206.0,0.0,0.0,0.0
1974-08-18,378.0,222.0,0.0,0.0,0.0
1974-08-19,361.0,217.0,0.0,0.0,0.0
1974-08-20,378.0,211.0,0.0,0.0,0.0
1974-08-21,367.0,222.0,0.0,0.0,0.0
1974-08-22,356.0,217.0,0.0,0.0,0.0
1974-08-23,356.0,211.0,0.0,0.0,0.0
1974-08-24,367.0,217.0,0.0,0.0,0.0
1974-08-25,367.0,206.0,0.0,0.0,0.0
1974-08-26,344.0,211.0,279.0,0.0,0.0
1974-08-27,361.0,211.0,0.0,0.0,0.0
1974-08-28,333.0,217.0,18.0,0.0,0.0
1974-08-29,306.0,200.0,231.0,0.0,0.0
1974-08-30,317.0,206.0,292.0,0.0,0.0
1974-08-31,328.0,217.0,0.0,0.0,0.0
1974-09-01,328.0,222.0,0.0,0.0,0.0
1974-09-02,322.0,194.0,46.0,0.0,0.0
1974-09-03,294.0,128.0,0.0,0.0,0.0
1974-09-04,244.0,122.0,0.0,0.0,0.0
1974-09-05,239.0,106.0,0.0,0.0,0.0
1974-09-06,239.0,106.0,0.0,0.0,0.0
1974-09-07,272.0,100.0,0.0,0.0,0.0
1974-09-08,239.0,100.0,0.0,0.0,0.0
1974-09-09,256.0,100.0,0.0,0.0,0.0
1974-09-10,294.0,128.0,0.0,0.0,0.0
1974-09-11,278.0,128.0,0.0,0.0,0.0
1974-09-12,261.0,167.0,53.0,0.0,0.0
1974-09-13,239.0,194.0,262.0,0.0,0.0
1974-09-14,311.0,217.0,0.0,0.0,0.0
1974-09-15,322.0,156.0,0.0,0.0,0.0
1974-09-16,278.0,100.0,191.0,0.0,0.0
1974-09-17,300.0,50.0,508.0,0.0,0.0
1974-09-18,222.0,139.0,13.0,0.0,0.0
1974-09-19,228.0,139.0,0.0,0.0,0.0
1974-09-20,322.0,189.0,381.0,0.0,0.0
1974-09-21,261.0,189.0,107.0,0.0,0.0
1974-09-22,322.0,183.0,114.0,0.0,0.0
1974-09-23,272.0,144.0,0.0,0.0,0.0
1974-09-24,211.0,117.0,157.0,0.0,0.0
1974-09-25,194.0,106.0,0.0,0.0,0.0
1974-09-26,200.0,128.0,0.0,0.0,0.0
1974-09-27,261.0,144.0,0.0,0.0,0.0
1974-09-28,294.0,161.0,0.0,0.0,0.0
1974-09-29,256.0,50.0,0.0,0.0,0.0
1974-09-30,272.0,56.0,0.0,0.0,0.0
1974-11-01,256.0,111.0,5.0,0.0,0.0
1974-11-02,228.0,167.0,0.0,0.0,0.0
1974-11-03,272.0,161.0,15.0,0.0,0.0
1974-11-04,244.0,67.0,147.0,0.0,0.0
1974-11-05,183.0,50.0,0.0,0.0,0.0
1974-11-06,194.0,56.0,0.0,0.0,0.0
1974-11-07,189.0,50.0,0.0,0.0,0.0
1974-11-08,178.0,44.0,152.0,0.0,0.0
1974-11-09,183.0,56.0,305.0,0.0,0.0
1974-11-10,178.0,106.0,97.0,0.0,0.0
1974-11-11,172.0,44.0,0.0,0.0,0.0
1974-11-12,211.0,67.0,0.0,0.0,0.0
1974-11-13,206.0,39.0,0.0,0.0,0.0
1974-11-14,178.0,-11.0,0.0,0.0,0.0
1974-11-15,111.0,11.0,0.0,0.0,0.0
1974-11-16,117.0,67.0,0.0,0.0,0.0
1974-11-17,156.0,78.0,0.0,0.0,0.0
1974-11-18,,78.0,0.0,0.0,0.0
1974-11-19,261.0,106.0,0.0,0.0,0.0
1974-11-20,233.0,67.0,0.0,0.0,0.0
1974-11-21,256.0,106.0,0.0,0.0,0.0
1974-11-22,250.0,50.0,330.0,0.0,0.0
1974-11-23,200.0,,0.0,0.0,0.0
1974-11-24,161.0,61.0,0.0,0.0,0.0
1974-11-25,161.0,28.0,0.0,0.0,0.0
1974-11-26,161.0,28.0,0.0,0.0,0.0
1974-11-27,183.0,-6.0,0.0,0.0,0.0
1974-11-28,161.0,-6.0,211.0,0.0,0.0
1974-11-29,106.0,-50.0,0.0,0.0,0.0
1974-11-30,39.0,-44.0,0.0,0.0,0.0
