DATE,TMAX,TMIN,PRCP,SNWD,SNOW
2000-12-23,150,-17,,,
2000-12-24,39,11,,,
2000-12-25,0,-28,,,
2000-12-26,-28,-56,,,
2000-12-27,17,-61,,,
2000-12-28,139,-11,,,
2000-12-29,72,-22,,,
2000-12-30,94,-17,,,
2000-12-31,67,-11,,,
2001-01-01,72,-11,,,
2001-01-02,0,-33,,,
2001-01-03,133,-28,,,
2001-01-04,178,-6,,,
2001-01-05,167,11,,,
2001-01-06,239,22,,,
2001-01-07,122,6,,,
2001-01-08,111,-33,,,
2001-01-09,117,-11,,,
2001-01-10,61,17,,,
2001-01-11,156,28,,,
2001-01-12,133,33,,,
2001-01-13,144,50,,,
2001-01-14,133,0,,,
2001-01-15,139,11,,,
2001-01-16,78,33,,,
2001-01-17,28,-11,,,
2001-01-18,44,-11,,,
2001-01-19,78,-39,,,
2001-01-20,111,-33,,,
2001-01-21,117,6,,,
2001-01-22,139,-22,,,
2001-01-23,133,39,,,
2001-01-24,133,-17,,,
2001-01-25,117,39,,,
2001-01-26,161,22,,,
2001-01-27,78,-6,,,
2001-01-28,11,-11,,,
2001-01-29,111,6,,,
2001-01-30,122,28,,,
2001-01-31,89,-28,,,
2001-02-01,117,-11,,,
2001-02-02,111,-44,,,
2001-02-03,189,0,,,
2001-02-04,133,0,,,
2001-02-05,217,-6,,,
2001-02-06,206,39,,,
2001-02-07,217,78,,,
2001-02-08,178,100,,,
2001-02-09,72,0,,,
2001-02-10,94,-44,,,
2001-02-11,161,-6,,,
2001-02-12,150,56,,,
2001-02-13,222,111,,,
2001-02-14,200,117,,,
2001-02-15,139,56,,,
2001-02-16,67,22,,,
2001-02-17,94,-33,,,
2001-02-18,150,0,,,
2001-02-19,228,33,,,
2001-02-20,267,67,,,
2001-02-21,139,50,,,
2001-02-22,78,39,,,
2001-02-23,167,72,,,
2001-02-24,161,78,,,
2001-02-25,200,44,,,
2001-02-26,206,83,,,
2001-02-27,217,6,,,
2001-02-28,6,-17,,,
2001-03-01,156,6,,,
2001-03-02,122,78,,,
2001-03-03,172,56,,,
2001-03-04,161,39,,,
2001-03-05,194,50,,,
2001-03-06,200,72,,,
2001-03-07,189,56,,,
2001-03-08,161,67,,,
2001-03-09,122,61,,,
2001-03-10,211,44,,,
2001-03-11,200,72,,,
2001-03-12,200,50,,,
2001-03-13,222,44,,,
2001-03-14,228,106,,,
2001-03-15,167,50,,,
2001-03-16,150,0,,,
2001-03-17,144,50,,,
2001-03-18,83,33,,,
2001-03-19,144,22,,,
2001-03-20,228,39,,,
2001-03-21,278,72,,,
2001-03-22,278,94,,,
2001-03-23,256,89,,,
2001-03-24,156,50,,,
2001-03-25,150,39,,,
2001-03-26,72,11,,,
2001-03-27,61,22,,,
2001-03-28,133,44,,,
2001-03-29,139,78,,,
2001-03-30,211,78,,,
2001-03-31,172,89,,,
2001-04-01,278,83,,,
2001-04-02,294,133,,,
2001-04-03,300,167,,,
2001-04-04,306,128,,,
2001-04-05,317,183,,,
2001-04-06,256,156,,,
2001-04-07,267,61,,,
2001-04-08,322,150,,,
2001-04-09,306,139,,,
2001-04-10,283,183,,,
2001-04-11,222,83,,,
2001-04-12,244,67,,,
2001-04-13,250,111,,,
2001-04-14,317,189,,,
2001-04-15,267,83,,,
2001-04-16,306,128,,,
2001-04-17,144,61,,,
2001-04-18,206,78,,,
2001-04-19,311,111,,,
2001-04-20,328,183,,,
2001-04-21,283,183,,,
2001-04-22,250,183,,,
2001-04-23,211,100,,,
2001-04-24,233,56,,,
2001-04-25,256,89,,,
2001-04-26,244,100,,,
2001-04-27,244,94,,,
2001-04-28,250,128,,,
2001-04-29,267,128,,,
2001-04-30,294,161,,,
2001-05-01,333,161,,,
2001-05-02,322,194,,,
2001-05-03,283,194,,,
2001-05-04,244,150,,,
2001-05-05,272,128,,,
2001-05-06,306,133,,,
2001-05-07,250,133,,,
2001-05-08,283,172,,,
2001-05-09,294,156,,,
2001-05-10,317,178,,,
2001-05-11,317,189,,,
2001-05-12,289,161,,,
2001-05-13,267,144,,,
2001-05-14,289,161,,,
2001-05-15,339,189,,,
2001-05-16,361,189,,,
2001-05-17,372,178,,,
2001-05-18,356,183,,,
2001-05-19,306,239,,,
2001-05-20,328,172,,,
2001-05-21,261,106,,,
2001-05-28,383,289,,,
2001-05-29,344,222,,,
2001-05-30,361,200,,,
2001-05-31,289,172,,,
2001-06-01,339,200,,,
2001-06-02,378,200,,,
2001-06-03,378,244,,,
2001-06-04,378,244,,,
2001-06-05,372,228,,,
2001-06-06,372,217,,,
2001-06-07,328,228,,,
2001-06-08,328,206,,,
2001-06-09,328,206,,,
2001-06-10,361,211,,,
2001-06-11,278,267,,,
2001-06-17,333,200,,,
2001-06-18,339,200,,,
2001-06-19,333,222,,,
2001-06-20,328,228,,,
2001-06-21,333,211,,,
2001-06-22,333,217,,,
2001-06-23,344,217,,,
2001-06-24,356,211,,,
2001-06-25,333,228,,,
2001-06-26,333,217,,,
2001-06-27,344,217,,,
2001-06-28,344,228,,,
2001-06-29,344,239,,,
2001-06-30,356,222,,,
2001-07-01,356,217,,,
2001-07-02,294,222,,,
2001-07-03,311,178,,,
2001-07-04,328,194,,,
2001-07-05,344,217,,,
2001-07-06,350,233,,,
2001-07-07,361,233,,,
2001-07-08,350,222,,,
2001-07-09,361,228,,,
2001-07-10,372,222,,,
2001-07-11,372,233,,,
2001-07-12,372,228,,,
2001-07-13,383,233,,,
2001-07-14,378,239,,,
2001-07-15,383,256,,,
2001-07-16,383,261,,,
2001-07-17,367,250,,,
2001-07-18,367,250,,,
2001-07-19,356,256,,,
2001-07-20,367,239,,,
2001-07-21,367,261,,,
2001-07-22,378,250,,,
2001-07-23,378,244,,,
2001-07-24,367,239,,,
2001-07-25,356,244,,,
2001-07-26,356,244,,,
2001-07-27,350,261,,,
2001-07-28,356,244,,,
2001-07-29,372,256,,,
2001-07-30,361,267,,,
2001-07-31,350,250,,,
2001-08-01,356,244,,,
2001-08-02,350,233,,,
2001-08-03,339,239,,,
2001-08-04,344,228,,,
2001-08-05,356,222,,,
2001-08-06,367,233,,,
2001-08-07,344,233,,,
2001-08-08,344,211,,,
2001-08-09,350,217,,,
2001-08-10,322,206,,,
2001-08-11,350,217,,,
2001-08-12,356,228,,,
2001-08-13,350,233,,,
2001-08-14,350,228,,,
2001-08-15,356,228,,,
2001-08-16,306,217,,,
2001-08-17,300,206,,,
2001-08-18,300,217,,,
2001-08-19,339,183,,,
2001-08-20,339,217,,,
2001-08-21,344,233,,,
2001-08-22,339,239,,,
2001-08-23,356,233,,,
2001-08-24,361,233,,,
2001-08-25,356,233,,,
2001-08-26,278,194,,,
2001-08-27,283,200,,,
2001-08-28,300,189,,,
2001-08-29,272,200,,,
2001-08-30,311,178,,,
2001-08-31,267,194,,,
2001-09-01,300,189,,,
2001-09-02,339,206,,,
2001-09-03,344,222,,,
2001-09-04,267,189,,,
2001-09-05,278,183,,,
2001-09-06,333,200,,,
2001-09-07,367,233,,,
2001-09-08,350,172,,,
2001-09-09,239,167,,,
2001-09-10,272,189,,,
2001-09-11,278,194,,,
2001-09-12,300,200,,,
2001-09-13,306,194,,,
2001-09-14,294,206,,,
2001-09-15,294,228,,,
2001-09-16,300,217,,,
2001-09-17,328,189,,,
2001-09-18,344,206,,,
2001-09-19,322,211,,,
2001-09-20,344,200,,,
2001-09-21,306,194,,,
2001-09-22,272,172,,,
2001-09-23,278,156,,,
2001-09-24,222,128,,,
2001-09-25,228,94,,,
2001-09-26,261,111,,,
2001-09-27,300,128,,,
2001-09-28,306,144,,,
2001-09-29,272,150,,,
2001-09-30,244,139,,,
2001-10-01,233,117,,,
2001-10-02,261,122,,,
2001-10-03,306,150,,,
2001-10-04,306,167,,,
2001-10-05,217,106,,,
2001-10-06,189,111,,,
2001-10-07,239,94,,,
2001-10-08,278,139,,,
2001-10-09,294,200,,,
2001-10-10,300,161,,,
2001-10-11,239,100,,,
2001-10-12,250,117,,,
2001-10-13,233,56,,,
2001-10-14,294,89,,,
2001-10-15,244,117,,,
2001-10-16,178,28,,,
2001-10-17,261,89,,,
2001-10-18,317,117,,,
2001-10-19,261,94,,,
2001-10-20,294,111,,,
2001-10-21,317,133,,,
2001-10-22,322,150,,,
2001-10-23,294,161,,,
2001-10-24,244,150,,,
2001-10-25,244,94,,,
2001-10-26,228,106,,,
2001-10-27,222,133,,,
2001-10-28,244,106,,,
2001-10-29,244,122,,,
2001-10-30,239,100,,,
2001-10-31,267,139,,,
2001-11-01,300,133,,,
2001-11-02,289,144,,,
2001-11-03,250,144,,,
2001-11-04,233,117,,,
2001-11-05,222,122,,,
2001-11-06,228,111,,,
2001-11-07,261,128,,,
2001-11-08,161,94,,,
2001-11-09,133,50,,,
2001-11-10,194,67,,,
2001-11-11,206,128,,,
2001-11-12,250,100,,,
2001-11-13,217,133,,,
2001-11-14,172,106,,,
2001-11-15,156,100,,,
2001-11-16,144,72,,,
2001-11-17,183,100,,,
2001-11-18,228,111,,,
2001-11-19,144,39,,,
2001-11-20,128,6,,,
2001-11-21,189,33,,,
2001-11-22,244,50,,,
2001-11-23,217,111,,,
2001-11-24,183,56,,,
2001-11-25,211,61,,,
2001-11-26,144,61,,,
2001-11-27,94,-33,,,
2001-11-28,-39,-83,,,
2001-11-29,22,-94,,,
2001-11-30,161,11,,,
2001-12-01,194,11,,,
2001-12-02,189,28,,,
2001-12-03,194,89,,,
2001-12-04,183,139,,,
2001-12-05,200,106,,,
2001-12-06,200,56,,,
2001-12-07,189,61,,,
2001-12-08,111,22,,,
2001-12-09,117,-28,,,
2001-12-10,133,-11,,,
2001-12-11,128,44,,,
2001-12-12,128,22,,,
2001-12-13,94,28,,,
2001-12-14,144,-6,,,
2001-12-15,139,50,,,
2001-12-16,106,33,,,
2001-12-17,156,-6,,,
2001-12-18,217,0,,,
2001-12-19,122,-11,,,
2001-12-20,183,17,,,
2001-12-21,172,33,,,
2001-12-22,156,11,,,
2001-12-23,94,-6,,,
2001-12-24,78,-22,,,
2001-12-25,122,-39,,,
2001-12-26,111,-44,,,
2001-12-27,117,-6,,,
2001-12-28,167,-39,,,
2001-12-29,83,6,,,
2001-12-30,17,-22,,,
2001-12-31,17,-61,,,
2002-01-01,-17,-33,,,
2002-01-02,17,-17,,,
2002-01-03,89,-50,,,
2002-01-04,72,6,,,
2002-01-05,117,-6,,,
2002-01-06,122,-22,,,
2002-01-07,156,-28,,,
2002-01-08,211,6,,,
2002-01-09,239,28,,,
2002-01-10,133,67,,,
2002-01-11,122,0,,,
2002-01-12,139,-6,,,
2002-01-13,217,28,,,
2002-01-14,133,-17,,,
2002-01-15,178,28,,,
2002-01-16,233,72,,,
2002-01-17,144,28,,,
2002-01-18,128,28,,,
2002-01-19,94,-17,,,
2002-01-20,206,33,,,
2002-01-21,200,-17,,,
2002-01-22,233,67,,,
2002-01-23,211,83,,,
2002-01-24,78,6,,,
2002-01-25,128,-33,,,
2002-01-26,189,11,,,
2002-01-27,217,22,,,
2002-01-28,256,50,,,
2002-01-29,211,72,,,
2002-01-30,122,33,,,
2002-01-31,83,0,,,
2002-02-01,83,-72,,,
2002-02-02,100,-6,,,
2002-02-03,111,50,,,
2002-02-04,72,22,,,
2002-02-05,56,17,,,
2002-02-06,111,-11,,,
2002-02-07,167,-6,,,
2002-02-08,161,22,,,
2002-02-10,89,-11,,,
2002-02-11,122,-61,,,
2002-02-12,122,-22,,,
2002-02-13,100,-28,,,
2002-02-14,194,6,,,
2002-02-15,128,39,,,
2002-02-16,161,17,,,
2002-02-17,161,39,,,
2002-02-18,233,78,,,
2002-02-19,172,67,,,
2002-02-20,217,22,,,
2002-02-21,133,33,,,
2002-02-22,172,-11,,,
2002-02-23,256,28,,,
2002-02-24,278,100,,,
2002-02-25,200,-6,,,
2002-02-26,28,-83,,,
2002-02-27,100,-72,,,
2002-02-28,122,-17,,,
2002-03-01,239,33,,,
2002-03-02,17,-72,,,
2002-03-03,56,-78,,,
2002-03-04,150,-44,,,
2002-03-05,183,-22,,,
2002-03-06,250,22,,,
2002-03-07,244,89,,,
2002-03-08,256,111,,,
2002-03-09,156,0,,,
2002-03-10,150,0,,,
2002-03-11,228,44,,,
2002-03-12,256,33,,,
2002-03-13,300,83,,,
2002-03-14,272,117,,,
2002-03-15,183,39,,,
2002-03-16,156,44,,,
2002-03-17,194,111,,,
2002-03-18,206,117,,,
2002-03-19,194,67,,,
2002-03-20,161,61,,,
2002-03-21,189,0,,,
2002-03-22,106,-28,,,
2002-03-23,244,39,,,
2002-03-24,272,106,,,
2002-03-25,156,22,,,
2002-03-26,167,-11,,,
2002-03-27,250,56,,,
2002-03-28,294,122,,,
2002-03-29,306,144,,,
2002-03-30,139,100,,,
2002-03-31,189,89,,,
2002-04-01,294,94,,,
2002-04-02,239,94,,,
2002-04-03,122,50,,,
2002-04-04,172,44,,,
2002-04-05,217,67,,,
2002-04-06,161,122,,,
2002-04-07,244,133,,,
2002-04-08,244,111,,,
2002-04-09,217,106,,,
2002-04-10,283,111,,,
2002-04-11,322,150,,,
2002-04-12,317,150,,,
2002-04-13,300,183,,,
2002-04-14,300,139,,,
2002-04-15,328,156,,,
2002-04-16,306,189,,,
2002-04-17,311,150,,,
2002-04-18,306,200,,,
2002-04-19,294,200,,,
2002-04-20,278,200,,,
2002-04-21,256,139,,,
2002-04-22,283,122,,,
2002-04-23,339,183,,,
2002-04-24,350,194,,,
2002-04-25,172,78,,,
2002-04-26,183,78,,,
2002-04-27,294,161,,,
2002-04-28,322,122,,,
2002-04-29,361,161,,,
2002-04-30,367,211,,,
2002-05-01,356,200,,,
2002-05-02,228,133,,,
2002-05-03,278,83,,,
2002-05-04,333,144,,,
2002-05-05,311,222,,,
2002-05-06,339,189,,,
2002-05-07,356,222,,,
2002-05-08,333,222,,,
2002-05-09,256,156,,,
2002-05-10,317,156,,,
2002-05-11,322,211,,,
2002-05-12,300,194,,,
2002-05-13,233,100,,,
2002-05-14,261,139,,,
2002-05-15,317,167,,,
2002-05-16,344,206,,,
2002-05-17,261,172,,,
2002-05-18,267,117,,,
2002-05-19,278,128,,,
2002-05-20,267,144,,,
2002-05-21,256,144,,,
2002-05-22,306,172,,,
2002-05-23,322,194,,,
2002-05-24,344,194,,,
2002-05-25,267,156,,,
2002-05-26,322,156,,,
2002-05-27,328,194,,,
2002-05-28,294,150,,,
2002-05-29,356,172,,,
2002-05-30,356,189,,,
2002-05-31,344,189,,,
2002-06-01,333,194,,,
2002-06-02,350,189,,,
2002-06-03,356,206,,,
2002-06-04,350,244,,,
2002-06-05,250,178,,,
2002-06-06,283,161,,,
2002-06-07,322,200,,,
2002-06-08,333,211,,,
2002-06-09,350,228,,,
2002-06-10,350,244,,,
2002-06-11,356,239,,,
2002-06-12,367,233,,,
2002-06-13,378,233,,,
2002-06-14,300,200,,,
2002-06-15,361,194,,,
2002-06-16,294,183,,,
2002-06-17,356,183,,,
2002-06-18,367,217,,,
2002-06-19,378,233,,,
2002-06-20,339,239,,,
2002-06-21,339,233,,,
2002-06-22,339,222,,,
2002-06-23,344,217,,,
2002-06-24,361,217,,,
2002-06-25,367,211,,,
2002-06-26,367,217,,,
2002-06-27,317,183,,,
2002-06-28,344,206,,,
2002-06-29,344,206,,,
2002-06-30,339,206,,,
2002-07-01,322,211,,,
2002-07-02,328,200,,,
2002-07-03,306,228,,,
2002-07-04,333,200,,,
2002-07-05,344,200,,,
2002-07-06,328,189,,,
2002-07-07,311,200,,,
2002-07-08,317,211,,,
2002-07-09,344,206,,,
2002-07-10,339,211,,,
2002-07-11,339,200,,,
2002-07-12,328,206,,,
2002-07-13,333,211,,,
2002-07-14,344,200,,,
2002-07-15,322,189,,,
2002-07-16,328,194,,,
2002-07-17,333,222,,,
2002-07-18,328,222,,,
2002-07-19,339,217,,,
2002-07-20,344,211,,,
2002-07-21,344,217,,,
2002-07-22,344,217,,,
2002-07-23,344,222,,,
2002-07-24,361,217,,,
2002-07-25,378,222,,,
2002-07-26,389,239,,,
2002-07-27,383,244,,,
2002-07-28,361,261,,,
2002-07-29,294,228,,,
2002-07-30,322,194,,,
2002-07-31,350,222,,,
2002-08-01,372,239,,,
2002-08-02,356,228,,,
2002-08-03,356,228,,,
2002-08-04,356,222,,,
2002-08-05,339,222,,,
2002-08-06,328,200,,,
2002-08-07,322,244,,,
2002-08-08,356,239,,,
2002-08-09,356,228,,,
2002-08-10,344,228,,,
2002-08-11,333,222,,,
2002-08-12,361,222,,,
2002-08-13,378,183,,,
2002-08-14,339,189,,,
2002-08-15,383,228,,,
2002-08-16,361,244,,,
2002-08-17,361,233,,,
2002-08-18,350,233,,,
2002-08-19,344,250,,,
2002-08-20,350,244,,,
2002-08-21,350,239,,,
2002-08-22,350,228,,,
2002-08-23,361,233,,,
2002-08-24,372,233,,,
2002-08-25,383,233,,,
2002-08-26,389,244,,,
2002-08-27,400,261,,,
2002-08-28,383,222,,,
2002-08-29,322,200,,,
2002-08-30,339,217,,,
2002-08-31,328,217,,,
2002-09-01,339,206,,,
2002-09-02,356,217,,,
2002-09-03,339,228,,,
2002-09-04,328,233,,,
2002-09-05,339,217,,,
2002-09-06,333,222,,,
2002-09-07,322,206,,,
2002-09-08,294,200,,,
2002-09-09,300,206,,,
2002-09-10,283,211,,,
2002-09-11,300,189,,,
2002-09-12,317,194,,,
2002-09-13,322,189,,,
2002-09-14,294,167,,,
2002-09-15,239,178,,,
2002-09-16,294,150,,,
2002-09-17,339,178,,,
2002-09-18,350,211,,,
2002-09-19,222,167,,,
2002-09-20,294,128,,,
2002-09-21,333,172,,,
2002-09-22,278,172,,,
2002-09-23,278,133,,,
2002-09-24,267,150,,,
2002-09-25,283,111,,,
2002-09-26,322,117,,,
2002-09-27,339,139,,,
2002-09-28,317,167,,,
2002-09-29,289,167,,,
2002-09-30,311,178,,,
2002-10-01,317,194,,,
2002-10-02,317,222,,,
2002-10-03,311,200,,,
2002-10-04,278,128,,,
2002-10-05,300,167,,,
2002-10-06,322,194,,,
2002-10-07,178,122,,,
2002-10-08,211,128,,,
2002-10-09,211,150,,,
2002-10-10,233,133,,,
2002-10-11,300,144,,,
2002-10-12,261,156,,,
2002-10-13,144,83,,,
2002-10-14,156,72,,,
2002-10-15,222,83,,,
2002-10-16,239,100,,,
2002-10-17,222,111,,,
2002-10-18,217,128,,,
2002-10-19,228,111,,,
2002-10-20,161,94,,,
2002-10-21,239,106,,,
2002-10-22,233,161,,,
2002-10-23,233,133,,,
2002-10-24,111,72,,,
2002-10-25,156,72,,,
2002-10-26,128,94,,,
2002-10-27,178,106,,,
2002-10-28,178,122,,,
2002-10-29,211,83,,,
2002-10-30,111,72,,,
2002-10-31,72,33,,,
2002-11-01,56,44,,,
2002-11-02,83,39,,,
2002-11-03,111,72,,,
2002-11-04,78,44,,,
2002-11-05,167,56,,,
2002-11-06,200,39,,,
2002-11-07,211,44,,,
2002-11-08,250,72,,,
2002-11-09,256,144,,,
2002-11-10,211,128,,,
2002-11-11,194,72,,,
2002-11-12,144,33,,,
2002-11-13,178,44,,,
2002-11-14,183,61,,,
2002-11-15,89,33,,,
2002-11-16,133,22,,,
2002-11-17,200,28,,,
2002-11-18,172,72,,,
2002-11-19,178,17,,,
2002-11-20,200,22,,,
2002-11-21,211,39,,,
2002-11-22,200,39,,,
2002-11-23,222,50,,,
2002-11-24,233,61,,,
2002-11-25,56,17,,,
2002-11-26,50,22,,,
2002-11-27,78,11,,,
2002-11-28,150,-33,,,
2002-11-29,139,22,,,
2002-11-30,150,39,,,
2002-12-01,167,33,,,
2002-12-02,217,33,,,
2002-12-03,122,28,,,
2002-12-04,50,6,,,
2002-12-05,28,-11,,,
2002-12-06,72,-11,,,
2002-12-07,139,-6,,,
2002-12-08,61,17,,,
2002-12-09,56,11,,,
2002-12-10,128,-6,,,
2002-12-11,156,17,,,
2002-12-12,139,17,,,
2002-12-13,128,0,,,
2002-12-14,183,17,,,
2002-12-15,189,6,,,
2002-12-16,206,56,,,
2002-12-17,250,83,,,
2002-12-18,150,56,,,
2002-12-19,106,22,,,
2002-12-20,144,-17,,,
2002-12-21,161,6,,,
2002-12-22,106,6,,,
2002-12-23,67,0,,,
2002-12-24,33,-17,,,
2002-12-25,106,-33,,,
2002-12-26,117,-6,,,
2002-12-27,144,-39,,,
2002-12-28,172,0,,,
2002-12-29,161,44,,,
2002-12-30,156,28,,,
2002-12-31,150,-22,,,
2003-01-01,161,22,,,
2003-01-02,128,-22,,,
2003-01-03,156,0,,,
2003-01-04,194,0,,,
2003-01-05,189,-11,,,
2003-01-06,111,33,,,
2003-01-07,139,-11,,,
2003-01-08,189,22,,,
2003-01-09,200,67,,,
2003-01-10,100,6,,,
2003-01-11,122,33,,,
2003-01-12,56,28,,,
2003-01-13,139,28,,,
2003-01-14,150,-6,,,
2003-01-15,183,11,,,
2003-01-16,89,-17,,,
2003-01-17,78,-39,,,
2003-01-18,122,-50,,,
2003-01-19,189,-22,,,
2003-01-20,239,50,,,
2003-01-21,217,44,,,
2003-01-22,106,-22,,,
2003-01-23,22,-44,,,
2003-01-24,83,-44,,,
2003-01-25,111,-28,,,
2003-01-26,133,-11,,,
2003-01-27,194,-22,,,
2003-01-28,228,22,,,
2003-01-29,122,0,,,
2003-01-30,194,-22,,,
2003-01-31,183,50,,,
2003-02-01,228,39,,,
2003-02-02,272,67,,,
2003-02-03,133,50,,,
2003-02-04,144,-11,,,
2003-02-05,133,50,,,
2003-02-06,89,-6,,,
2003-02-07,-6,-39,,,
2003-02-08,78,-22,,,
2003-02-09,161,11,,,
2003-02-10,167,-33,,,
2003-02-11,189,22,,,
2003-02-12,211,33,,,
2003-02-13,217,117,,,
2003-02-14,217,122,,,
2003-02-15,117,33,,,
2003-02-16,117,-22,,,
2003-02-17,233,22,,,
2003-02-18,239,56,,,
2003-02-19,167,61,,,
2003-02-20,72,44,,,
2003-02-21,106,50,,,
2003-02-22,178,28,,,
2003-02-23,128,22,,,
2003-02-24,0,-78,,,
2003-02-25,6,-89,,,
2003-02-26,111,-22,,,
2003-02-27,156,6,,,
2003-02-28,178,94,,,
2003-03-01,183,39,,,
2003-03-02,72,33,,,
2003-03-03,156,33,,,
2003-03-04,222,72,,,
2003-03-05,183,-22,,,
2003-03-06,194,0,,,
2003-03-07,228,56,,,
2003-03-08,256,106,,,
2003-03-09,256,28,,,
2003-03-10,228,56,,,
2003-03-11,267,94,,,
2003-03-12,283,111,,,
2003-03-13,250,117,,,
2003-03-14,261,167,,,
2003-03-15,250,139,,,
2003-03-16,272,106,,,
2003-03-17,211,111,,,
2003-03-18,167,83,,,
2003-03-19,183,78,,,
2003-03-20,122,72,,,
2003-03-21,200,100,,,
2003-03-22,167,72,,,
2003-03-23,250,56,,,
2003-03-24,283,94,,,
2003-03-25,206,100,,,
2003-03-26,239,39,,,
2003-03-27,283,133,,,
2003-03-28,106,72,,,
2003-03-29,117,22,,,
2003-03-30,194,6,,,
2003-03-31,250,50,,,
2003-04-01,300,83,,,
2003-04-02,311,117,,,
2003-04-03,278,161,,,
2003-04-04,250,111,,,
2003-04-05,278,78,,,
2003-04-06,244,100,,,
2003-04-07,211,61,,,
2003-04-08,167,22,,,
2003-04-09,211,17,,,
2003-04-10,250,72,,,
2003-04-11,289,100,,,
2003-04-12,289,100,,,
2003-04-13,294,150,,,
2003-04-14,306,139,,,
2003-04-15,267,161,,,
2003-04-16,289,83,,,
2003-04-17,306,106,,,
2003-04-18,283,161,,,
2003-04-19,250,150,,,
2003-04-20,233,78,,,
2003-04-21,228,106,,,
2003-04-22,294,167,,,
2003-04-23,267,189,,,
2003-04-24,294,128,,,
2003-04-25,283,89,,,
2003-04-26,322,144,,,
2003-04-27,317,156,,,
2003-04-28,300,144,,,
2003-04-29,322,172,,,
2003-04-30,306,172,,,
2003-05-01,300,167,,,
2003-05-02,333,189,,,
2003-05-03,339,161,,,
2003-05-04,311,200,,,
2003-05-05,306,200,,,
2003-05-06,306,150,,,
2003-05-07,328,128,,,
2003-05-08,333,233,,,
2003-05-09,344,161,,,
2003-05-10,322,206,,,
2003-05-11,256,139,,,
2003-05-12,272,178,,,
2003-05-13,372,189,,,
2003-05-14,372,228,,,
2003-05-15,378,211,,,
2003-05-16,328,194,,,
2003-05-17,339,139,,,
2003-05-18,394,189,,,
2003-05-19,372,200,,,
2003-05-20,189,94,,,
2003-05-21,211,128,,,
2003-05-22,283,117,,,
2003-05-23,344,172,,,
2003-05-24,344,183,,,
2003-05-25,278,150,,,
2003-05-26,194,156,,,
2003-05-27,244,150,,,
2003-05-28,289,156,,,
2003-05-29,333,183,,,
2003-05-30,328,194,,,
2003-05-31,383,217,,,
2003-06-01,356,194,,,
2003-06-02,300,194,,,
2003-06-03,361,217,,,
2003-06-04,328,183,,,
2003-06-05,300,161,,,
2003-06-06,239,156,,,
2003-06-07,350,167,,,
2003-06-08,261,161,,,
2003-06-09,333,183,,,
2003-06-10,333,183,,,
2003-06-11,350,211,,,
2003-06-12,350,217,,,
2003-06-13,306,206,,,
2003-06-14,300,161,,,
2003-06-15,289,178,,,
2003-06-16,311,178,,,
2003-06-17,300,200,,,
2003-06-18,311,183,,,
2003-06-19,328,194,,,
2003-06-20,339,211,,,
2003-06-21,350,228,,,
2003-06-22,372,233,,,
2003-06-23,356,228,,,
2003-06-24,344,222,,,
2003-06-25,333,250,,,
2003-06-26,250,200,,,
2003-06-27,294,183,,,
2003-06-28,344,206,,,
2003-06-29,333,200,,,
2003-06-30,322,178,,,
2003-07-01,339,189,,,
2003-07-02,350,206,,,
2003-07-03,350,206,,,
2003-07-04,339,211,,,
2003-07-05,322,206,,,
2003-07-06,261,206,,,
2003-07-07,272,206,,,
2003-07-08,306,211,,,
2003-07-09,333,222,,,
2003-07-10,361,206,,,
2003-07-11,367,222,,,
2003-07-12,372,222,,,
2003-07-13,367,200,,,
2003-07-14,372,217,,,
2003-07-15,372,211,,,
2003-07-16,317,211,,,
2003-07-17,322,206,,,
2003-07-18,344,206,,,
2003-07-19,356,200,,,
2003-07-20,356,206,,,
2003-07-21,367,206,,,
2003-07-22,383,217,,,
2003-07-23,361,239,,,
2003-07-24,350,233,,,
2003-07-25,361,228,,,
2003-07-26,344,228,,,
2003-07-27,339,217,,,
2003-07-28,328,200,,,
2003-07-29,344,211,,,
2003-07-30,344,211,,,
2003-07-31,361,217,,,
2003-08-01,367,228,,,
2003-08-02,400,222,,,
2003-08-03,389,239,,,
2003-08-04,389,228,,,
2003-08-05,389,239,,,
2003-08-06,389,228,,,
2003-08-07,394,256,,,
2003-08-08,394,267,,,
2003-08-09,400,272,,,
2003-08-10,350,233,,,
2003-08-11,372,228,,,
2003-08-12,317,228,,,
2003-08-13,294,200,,,
2003-08-14,294,178,,,
2003-08-15,283,189,,,
2003-08-16,333,189,,,
2003-08-17,344,217,,,
2003-08-18,361,211,,,
2003-08-19,356,222,,,
2003-08-20,350,222,,,
2003-08-21,356,228,,,
2003-08-22,339,194,,,
2003-08-23,322,178,,,
2003-08-24,311,211,,,
2003-08-25,317,217,,,
2003-08-26,306,211,,,
2003-08-27,322,217,,,
2003-08-28,361,239,,,
2003-08-29,344,206,,,
2003-08-30,283,200,,,
2003-08-31,222,183,,,
2003-09-01,250,178,,,
2003-09-02,278,150,,,
2003-09-03,283,167,,,
2003-09-04,294,189,,,
2003-09-05,306,200,,,
2003-09-06,322,183,,,
2003-09-07,322,211,,,
2003-09-08,339,194,,,
2003-09-09,344,200,,,
2003-09-10,344,222,,,
2003-09-11,289,217,,,
2003-09-12,289,144,,,
2003-09-13,339,183,,,
2003-09-14,217,150,,,
2003-09-15,283,178,,,
2003-09-16,333,178,,,
2003-09-17,311,189,,,
2003-09-18,272,172,,,
2003-09-19,244,161,,,
2003-09-20,278,156,,,
2003-09-21,283,178,,,
2003-09-22,300,167,,,
2003-09-23,272,200,,,
2003-09-24,344,183,,,
2003-09-25,239,178,,,
2003-09-26,283,178,,,
2003-09-27,267,167,,,
2003-09-28,278,161,,,
2003-09-29,289,167,,,
2003-09-30,289,172,,,
2003-10-01,239,128,,,
2003-10-02,272,111,,,
2003-10-03,294,161,,,
2003-10-04,267,178,,,
2003-10-05,306,183,,,
2003-10-06,272,189,,,
2003-10-07,239,172,,,
2003-10-08,206,189,,,
2003-10-09,228,183,,,
2003-10-10,250,194,,,
2003-10-11,256,189,,,
2003-10-12,172,150,,,
2003-10-13,300,156,,,
2003-10-14,217,100,,,
2003-10-15,261,106,,,
2003-10-16,322,128,,,
2003-10-17,250,117,,,
2003-10-18,278,94,,,
2003-10-19,294,117,,,
2003-10-20,294,117,,,
2003-10-21,300,100,,,
2003-10-22,322,111,,,
2003-10-23,300,111,,,
2003-10-24,311,139,,,
2003-10-25,167,106,,,
2003-10-26,111,44,,,
2003-10-27,228,39,,,
2003-10-28,239,94,,,
2003-10-29,294,83,,,
2003-10-30,261,122,,,
2003-10-31,261,128,,,
2003-11-01,250,150,,,
2003-11-02,267,194,,,
2003-11-03,278,178,,,
2003-11-04,267,161,,,
2003-11-05,161,94,,,
2003-11-06,78,33,,,
2003-11-07,56,22,,,
2003-11-08,72,44,,,
2003-11-09,100,67,,,
2003-11-10,211,106,,,
2003-11-11,256,139,,,
2003-11-12,222,128,,,
2003-11-13,100,72,,,
2003-11-14,161,61,,,
2003-11-15,222,100,,,
2003-11-16,222,89,,,
2003-11-17,211,150,,,
2003-11-18,167,56,,,
2003-11-19,211,22,,,
2003-11-20,244,56,,,
2003-11-21,272,72,,,
2003-11-22,267,94,,,
2003-11-23,133,0,,,
2003-11-24,106,-50,,,
2003-11-25,167,28,,,
2003-11-26,211,56,,,
2003-11-27,150,0,,,
2003-11-28,122,-39,,,
2003-11-29,178,-11,,,
2003-11-30,233,22,,,
2003-12-01,172,22,,,
2003-12-02,172,89,,,
2003-12-03,178,17,,,
2003-12-04,211,44,,,
2003-12-05,89,-6,,,
2003-12-06,122,-44,,,
2003-12-07,250,22,,,
2003-12-08,244,50,,,
2003-12-09,139,0,,,
2003-12-10,117,-44,,,
2003-12-11,189,6,,,
2003-12-12,89,-11,,,
2003-12-13,133,-61,,,
2003-12-14,211,6,,,
2003-12-15,194,33,,,
2003-12-16,94,-17,,,
2003-12-17,172,-44,,,
2003-12-18,128,-6,,,
2003-12-19,139,-28,,,
2003-12-20,183,-6,,,
2003-12-21,217,22,,,
2003-12-22,178,44,,,
2003-12-23,128,-11,,,
2003-12-24,150,11,,,
2003-12-25,183,44,,,
2003-12-26,222,39,,,
2003-12-27,161,56,,,
2003-12-28,78,-22,,,
2003-12-29,106,-39,,,
2003-12-30,156,-11,,,
2003-12-31,167,33,,,
2004-01-01,206,89,,,
2004-01-02,233,61,,,
2004-01-03,256,56,,,
2004-01-04,150,39,,,
2004-01-05,61,-39,,,
2004-01-06,-22,-83,,,
2004-01-07,94,-44,,,
2004-01-08,194,-6,,,
2004-01-09,167,-11,,,
2004-01-10,167,-6,,,
2004-01-11,167,6,,,
2004-01-12,194,50,,,
2004-01-13,189,22,,,
2004-01-14,178,33,,,
2004-01-15,133,106,,,
2004-01-16,150,117,,,
2004-01-17,111,39,,,
2004-01-18,78,17,,,
2004-01-19,144,-6,,,
2004-01-20,167,22,,,
2004-01-21,67,6,,,
2004-01-22,117,33,,,
2004-01-23,122,83,,,
2004-01-24,150,67,,,
2004-01-25,161,83,,,
2004-01-26,94,6,,,
2004-01-27,128,-33,,,
2004-01-28,139,17,,,
2004-01-29,167,0,,,
2004-01-30,150,-33,,,
2004-01-31,200,17,,,
2004-02-01,150,39,,,
2004-02-02,139,-33,,,
2004-02-03,111,17,,,
2004-02-04,94,50,,,
2004-02-05,128,28,,,
2004-02-06,89,-17,,,
2004-02-07,139,0,,,
2004-02-08,150,50,,,
2004-02-09,106,-6,,,
2004-02-10,56,28,,,
2004-02-11,61,28,,,
2004-02-12,33,-44,,,
2004-02-13,-22,-44,,,
2004-02-14,100,-78,,,
2004-02-15,144,-33,,,
2004-02-16,194,0,,,
2004-02-17,200,0,,,
2004-02-18,239,44,,,
2004-02-19,250,94,,,
2004-02-20,150,39,,,
2004-02-21,172,56,,,
2004-02-22,194,61,,,
2004-02-23,156,94,,,
2004-02-24,89,11,,,
2004-02-25,100,6,,,
2004-02-26,167,-6,,,
2004-02-27,200,50,,,
2004-02-28,144,100,,,
2004-02-29,128,44,,,
2004-03-01,150,44,,,
2004-03-02,83,61,,,
2004-03-03,89,61,,,
2004-03-04,156,83,,,
2004-03-05,178,83,,,
2004-03-06,228,39,,,
2004-03-07,161,67,,,
2004-03-08,189,28,,,
2004-03-09,217,56,,,
2004-03-10,228,78,,,
2004-03-11,128,72,,,
2004-03-12,94,72,,,
2004-03-13,189,78,,,
2004-03-14,128,94,,,
2004-03-15,233,94,,,
2004-03-16,244,89,,,
2004-03-17,283,106,,,
2004-03-18,300,128,,,
2004-03-19,294,156,,,
2004-03-20,300,150,,,
2004-03-21,178,89,,,
2004-03-22,194,117,,,
2004-03-23,206,128,,,
2004-03-24,294,150,,,
2004-03-25,272,156,,,
2004-03-26,228,183,,,
2004-03-27,283,178,,,
2004-03-28,222,111,,,
2004-03-29,233,89,,,
2004-03-30,256,78,,,
2004-03-31,272,72,,,
2004-04-01,272,117,,,
2004-04-02,250,133,,,
2004-04-03,217,117,,,
2004-04-04,144,83,,,
2004-04-05,122,94,,,
2004-04-06,211,94,,,
2004-04-07,222,100,,,
2004-04-08,244,106,,,
2004-04-09,256,139,,,
2004-04-10,172,78,,,
2004-04-11,94,50,,,
2004-04-12,139,33,,,
2004-04-13,183,39,,,
2004-04-14,244,67,,,
2004-04-15,294,100,,,
2004-04-16,294,128,,,
2004-04-17,233,156,,,
2004-04-18,256,172,,,
2004-04-19,239,172,,,
2004-04-20,283,150,,,
2004-04-21,283,106,,,
2004-04-22,294,133,,,
2004-04-23,278,133,,,
2004-04-24,228,83,,,
2004-04-25,289,106,,,
2004-04-26,244,128,,,
2004-04-27,256,117,,,
2004-04-28,233,144,,,
2004-04-29,300,122,,,
2004-04-30,267,122,,,
2004-05-01,172,89,,,
2004-05-02,244,50,,,
2004-05-03,272,106,,,
2004-05-04,306,117,,,
2004-05-05,322,133,,,
2004-05-06,289,144,,,
2004-05-07,300,178,,,
2004-05-08,306,194,,,
2004-05-09,300,178,,,
2004-05-10,306,178,,,
2004-05-11,322,178,,,
2004-05-12,333,183,,,
2004-05-13,311,156,,,
2004-05-14,233,94,,,
2004-05-15,261,117,,,
2004-05-16,267,172,,,
2004-05-17,350,161,,,
2004-05-18,367,194,,,
2004-05-19,361,206,,,
2004-05-20,294,200,,,
2004-05-21,306,211,,,
2004-05-22,356,200,,,
2004-05-23,344,194,,,
2004-05-24,361,206,,,
2004-05-25,367,217,,,
2004-05-26,344,211,,,
2004-05-27,267,189,,,
2004-05-28,356,133,,,
2004-05-29,344,233,,,
2004-05-30,328,206,,,
2004-05-31,333,161,,,
2004-06-01,383,172,,,
2004-06-02,383,217,,,
2004-06-03,278,189,,,
2004-06-04,344,183,,,
2004-06-05,367,183,,,
2004-06-06,361,261,,,
2004-06-07,333,222,,,
2004-06-08,333,211,,,
2004-06-09,350,222,,,
2004-06-10,361,228,,,
2004-06-11,361,222,,,
2004-06-12,350,222,,,
2004-06-13,378,194,,,
2004-06-14,389,211,,,
2004-06-15,372,211,,,
2004-06-16,361,222,,,
2004-06-17,350,222,,,
2004-06-18,344,233,,,
2004-06-19,350,200,,,
2004-06-20,339,211,,,
2004-06-21,361,200,,,
2004-06-22,272,189,,,
2004-06-23,294,200,,,
2004-06-24,306,211,,,
2004-07-02,383,261,,,
2004-07-03,372,211,,,
2004-07-04,361,228,,,
2004-07-05,367,217,,,
2004-07-06,361,222,,,
2004-07-07,356,222,,,
2004-07-08,372,222,,,
2004-07-09,350,233,,,
2004-07-10,339,233,,,
2004-07-11,328,206,,,
2004-07-12,322,206,,,
2004-07-13,339,211,,,
2004-07-14,367,211,,,
2004-07-15,372,200,,,
2004-07-16,372,200,,,
2004-07-17,378,239,,,
2004-07-18,356,239,,,
2004-07-19,378,233,,,
2004-07-20,367,244,,,
2004-07-21,356,239,,,
2004-07-22,344,228,,,
2004-07-24,300,200,,,
2004-07-25,200,167,,,
2004-07-26,194,161,,,
2004-07-27,244,183,,,
2004-07-28,300,206,,,
2004-07-29,300,183,,,
2004-07-30,344,189,,,
2004-07-31,344,206,,,
2004-08-01,339,222,,,
2004-08-02,350,222,,,
2004-08-03,356,228,,,
2004-08-04,367,233,,,
2004-08-05,361,222,,,
2004-08-06,372,233,,,
2004-08-07,350,206,,,
2004-08-08,333,200,,,
2004-08-09,322,217,,,
2004-08-10,350,194,,,
2004-08-11,306,217,,,
2004-08-12,300,161,,,
2004-08-13,306,194,,,
2004-08-14,300,189,,,
2004-08-15,272,194,,,
2004-08-16,267,189,,,
2004-08-17,289,172,,,
2004-08-18,300,200,,,
2004-08-19,339,189,,,
2004-08-20,317,189,,,
2004-08-21,328,194,,,
2004-08-22,328,194,,,
2004-08-23,372,200,,,
2004-08-24,383,206,,,
2004-08-25,356,217,,,
2004-08-26,378,239,,,
2004-08-27,350,222,,,
2004-08-28,300,200,,,
2004-08-29,322,172,,,
2004-08-30,328,183,,,
2004-08-31,250,178,,,
2004-09-01,267,183,,,
2004-09-02,278,144,,,
2004-09-03,289,183,,,
2004-09-04,311,189,,,
2004-09-05,322,217,,,
2004-09-06,300,189,,,
2004-09-07,283,133,,,
2004-09-08,283,111,,,
2004-09-09,306,111,,,
2004-09-10,300,144,,,
2004-09-11,317,161,,,
2004-09-12,333,189,,,
2004-09-13,333,189,,,
2004-09-14,344,183,,,
2004-09-15,383,200,,,
2004-09-16,344,217,,,
2004-09-17,339,206,,,
2004-09-18,317,217,,,
2004-09-19,294,228,,,
2004-09-20,306,217,,,
2004-09-21,272,194,,,
2004-09-22,256,194,,,
2004-09-23,300,167,,,
2004-09-24,283,172,,,
2004-09-25,200,150,,,
2004-09-26,217,161,,,
2004-09-27,222,161,,,
2004-09-28,217,156,,,
2004-09-29,244,150,,,
2004-09-30,239,150,,,
2004-10-01,289,167,,,
2004-10-02,206,122,,,
2004-10-03,217,144,,,
2004-10-04,256,178,,,
2004-10-05,233,133,,,
2004-10-06,222,133,,,
2004-10-07,250,144,,,
2004-10-08,283,156,,,
2004-10-09,261,133,,,
2004-10-10,239,106,,,
2004-10-11,233,117,,,
2004-10-12,228,111,,,
2004-10-13,272,111,,,
2004-10-14,194,61,,,
2004-10-15,267,89,,,
2004-10-16,222,78,,,
2004-10-17,278,122,,,
2004-10-18,256,144,,,
2004-10-19,278,161,,,
2004-10-20,294,133,,,
2004-10-21,300,133,,,
2004-10-22,222,167,,,
2004-10-23,244,117,,,
2004-10-24,256,128,,,
2004-10-25,222,156,,,
2004-10-26,250,178,,,
2004-10-27,239,178,,,
2004-10-28,256,172,,,
2004-10-29,267,106,,,
2004-10-30,239,89,,,
2004-10-31,189,122,,,
2004-11-01,178,50,,,
2004-11-02,44,17,,,
2004-11-03,144,22,,,
2004-11-04,233,44,,,
2004-11-05,211,22,,,
2004-11-06,244,56,,,
2004-11-07,244,61,,,
2004-11-08,233,89,,,
2004-11-09,211,111,,,
2004-11-10,222,94,,,
2004-11-11,139,39,,,
2004-11-12,111,17,,,
2004-11-13,67,50,,,
2004-11-14,72,67,,,
2004-11-15,83,61,,,
2004-11-16,117,83,,,
2004-11-17,183,89,,,
2004-11-18,178,83,,,
2004-11-19,183,56,,,
2004-11-20,200,106,,,
2004-11-21,156,106,,,
2004-11-22,150,100,,,
2004-11-23,150,56,,,
2004-11-24,128,33,,,
2004-11-25,183,33,,,
2004-11-26,211,61,,,
2004-11-27,144,39,,,
2004-11-28,161,106,,,
2004-11-29,139,6,,,
2004-11-30,89,-17,,,
2004-12-01,144,-33,,,
2004-12-02,117,-11,,,
2004-12-03,144,-22,,,
2004-12-04,156,6,,,
2004-12-05,167,83,,,
2004-12-06,161,78,,,
2004-12-07,161,28,,,
2004-12-08,183,56,,,
2004-12-09,217,44,,,
2004-12-10,172,28,,,
2004-12-11,217,33,,,
2004-12-12,233,61,,,
2004-12-13,89,6,,,
2004-12-14,83,-39,,,
2004-12-15,122,-22,,,
2004-12-16,128,-22,,,
2004-12-17,133,-6,,,
2004-12-18,156,-28,,,
2004-12-19,161,-17,,,
2004-12-20,194,11,,,
2004-12-21,122,11,,,
2004-12-22,44,-44,,,
2004-12-23,-22,-83,,,
2004-12-24,-11,-89,,,
2004-12-25,128,-67,,,
2004-12-26,172,-33,,,
2004-12-27,144,6,,,
2004-12-28,178,22,,,
2004-12-29,172,67,,,
2004-12-30,222,83,,,
2004-12-31,217,39,,,
2005-01-01,206,94,,,
2005-01-02,183,94,,,
2005-01-03,189,106,,,
2005-01-04,217,156,,,
2005-01-05,167,17,,,
2005-01-06,83,-6,,,
2005-01-07,161,0,,,
2005-01-08,217,17,,,
2005-01-09,228,33,,,
2005-01-10,206,94,,,
2005-01-11,228,72,,,
2005-01-12,167,50,,,
2005-01-13,117,-17,,,
2005-01-14,128,-11,,,
2005-01-15,117,-39,,,
2005-01-16,67,-61,,,
2005-01-17,111,-50,,,
2005-01-18,100,28,,,
2005-01-19,200,-11,,,
2005-01-20,228,17,,,
2005-01-21,194,22,,,
2005-01-22,111,17,,,
2005-01-23,111,-33,,,
2005-01-24,200,44,,,
2005-01-25,228,56,,,
2005-01-26,161,50,,,
2005-01-27,83,50,,,
2005-01-28,172,56,,,
2005-01-29,89,39,,,
2005-01-30,150,50,,,
2005-01-31,67,22,,,
2005-02-01,39,0,,,
2005-02-02,61,-17,,,
2005-02-03,133,-33,,,
2005-02-04,128,-11,,,
2005-02-05,111,33,,,
2005-02-06,156,44,,,
2005-02-07,161,0,,,
2005-02-08,200,56,,,
2005-02-09,78,22,,,
2005-02-10,106,11,,,
2005-02-11,106,44,,,
2005-02-12,172,72,,,
2005-02-13,211,89,,,
2005-02-14,228,44,,,
2005-02-15,250,83,,,
2005-02-16,139,50,,,
2005-02-17,72,33,,,
2005-02-18,106,61,,,
2005-02-19,233,78,,,
2005-02-20,239,61,,,
2005-02-21,228,56,,,
2005-02-22,228,78,,,
2005-02-23,150,78,,,
2005-02-24,78,39,,,
2005-02-25,56,28,,,
2005-02-26,67,44,,,
2005-02-27,178,11,,,
2005-02-28,178,6,,,
2005-03-01,206,28,,,
2005-03-02,200,61,,,
2005-03-03,206,33,,,
2005-03-04,200,56,,,
2005-03-05,128,94,,,
2005-03-06,161,106,,,
2005-03-07,183,78,,,
2005-03-08,211,44,,,
2005-03-09,194,39,,,
2005-03-10,256,56,,,
2005-03-11,189,33,,,
2005-03-12,272,61,,,
2005-03-13,156,67,,,
2005-03-14,133,0,,,
2005-03-15,111,22,,,
2005-03-16,111,11,,,
2005-03-17,200,-6,,,
2005-03-18,222,44,,,
2005-03-19,200,89,,,
2005-03-20,228,61,,,
2005-03-21,211,50,,,
2005-03-22,206,28,,,
2005-03-23,239,39,,,
2005-03-24,233,78,,,
2005-03-25,206,50,,,
2005-03-26,94,33,,,
2005-03-27,178,0,,,
2005-03-28,267,50,,,
2005-03-29,256,106,,,
2005-03-30,228,72,,,
2005-03-31,189,22,,,
2005-04-01,183,17,,,
2005-04-02,239,17,,,
2005-04-03,267,56,,,
2005-04-04,300,117,,,
2005-04-05,233,128,,,
2005-04-06,228,89,,,
2005-04-07,244,39,,,
2005-04-08,272,67,,,
2005-04-09,294,100,,,
2005-04-10,222,78,,,
2005-04-11,217,17,,,
2005-04-12,267,61,,,
2005-04-13,267,44,,,
2005-04-14,267,100,,,
2005-04-15,250,150,,,
2005-04-16,228,111,,,
2005-04-17,233,144,,,
2005-04-18,267,156,,,
2005-04-19,322,139,,,
2005-04-20,317,150,,,
2005-04-21,317,144,,,
2005-04-22,256,100,,,
2005-04-23,200,106,,,
2005-04-24,228,83,,,
2005-04-25,261,106,,,
2005-04-26,256,39,,,
2005-04-27,306,111,,,
2005-04-28,328,128,,,
2005-04-29,283,94,,,
2005-04-30,206,56,,,
2005-05-01,272,72,,,
2005-05-02,156,67,,,
2005-05-03,106,67,,,
2005-05-04,167,83,,,
2005-05-05,233,122,,,
2005-05-06,250,133,,,
2005-05-07,300,156,,,
2005-05-08,300,133,,,
2005-05-09,328,94,,,
2005-05-10,306,172,,,
2005-05-11,306,183,,,
2005-05-12,306,194,,,
2005-05-13,350,172,,,
2005-05-14,278,167,,,
2005-05-15,183,111,,,
2005-05-16,261,122,,,
2005-05-17,333,156,,,
2005-05-18,333,167,,,
2005-05-19,361,172,,,
2005-05-20,356,183,,,
2005-05-21,361,194,,,
2005-05-22,367,194,,,
2005-05-23,394,183,,,
2005-05-24,411,183,,,
2005-05-25,372,194,,,
2005-05-26,239,167,,,
2005-05-27,239,167,,,
2005-05-28,244,161,,,
2005-05-29,256,156,,,
2005-05-30,289,156,,,
2005-05-31,339,172,,,
2005-06-01,306,167,,,
2005-06-02,350,194,,,
2005-06-03,322,156,,,
2005-06-04,344,178,,,
2005-06-05,333,206,,,
2005-06-06,306,200,,,
2005-06-07,333,217,,,
2005-06-08,344,211,,,
2005-06-09,339,222,,,
2005-06-10,283,217,,,
2005-06-11,317,217,,,
2005-06-12,356,217,,,
2005-06-13,367,206,,,
2005-06-14,322,233,,,
2005-06-15,344,200,,,
2005-06-16,361,206,,,
2005-06-17,400,222,,,
2005-06-18,394,217,,,
2005-06-19,367,222,,,
2005-06-20,339,222,,,
2005-06-21,344,200,,,
2005-06-22,339,183,,,
2005-06-23,333,183,,,
2005-06-24,344,194,,,
2005-06-25,333,211,,,
2005-06-26,339,206,,,
2005-06-27,344,217,,,
2005-06-28,350,200,,,
2005-06-29,356,211,,,
2005-06-30,372,211,,,
2005-07-01,378,222,,,
2005-07-02,378,228,,,
2005-07-03,406,222,,,
2005-07-04,400,233,,,
2005-07-05,356,189,,,
2005-07-06,361,206,,,
2005-07-07,383,217,,,
2005-07-08,372,217,,,
2005-07-09,367,233,,,
2005-07-10,350,211,,,
2005-07-11,356,183,,,
2005-07-12,311,206,,,
2005-07-13,367,200,,,
2005-07-14,361,194,,,
2005-07-15,317,211,,,
2005-07-16,350,200,,,
2005-07-17,333,200,,,
2005-07-18,356,217,,,
2005-07-19,344,222,,,
2005-07-20,344,217,,,
2005-07-21,317,228,,,
2005-07-22,344,217,,,
2005-07-23,356,206,,,
2005-07-24,356,217,,,
2005-07-25,361,217,,,
2005-07-26,389,194,,,
2005-07-27,200,178,,,
2005-07-28,239,172,,,
2005-07-29,272,194,,,
2005-07-30,328,200,,,
2005-07-31,339,206,,,
2005-08-01,328,206,,,
2005-08-02,328,194,,,
2005-08-03,339,206,,,
2005-08-04,333,183,,,
2005-08-05,300,200,,,
2005-08-06,317,200,,,
2005-08-07,322,200,,,
2005-08-08,328,206,,,
2005-08-09,333,194,,,
2005-08-10,328,183,,,
2005-08-11,339,189,,,
2005-08-12,328,206,,,
2005-08-13,317,206,,,
2005-08-14,239,200,,,
2005-08-15,272,194,,,
2005-08-16,300,200,,,
2005-08-17,322,206,,,
2005-08-18,339,206,,,
2005-08-19,333,200,,,
2005-08-20,322,211,,,
2005-08-21,322,206,,,
2005-08-22,339,206,,,
2005-08-23,344,211,,,
2005-08-24,344,211,,,
2005-08-25,339,217,,,
2005-08-26,344,217,,,
2005-08-27,344,206,,,
2005-08-28,300,183,,,
2005-08-29,311,194,,,
2005-08-30,317,172,,,
2005-08-31,339,189,,,
2005-09-01,322,200,,,
2005-09-02,317,189,,,
2005-09-03,300,194,,,
2005-09-04,311,200,,,
2005-09-05,311,206,,,
2005-09-06,317,194,,,
2005-09-07,306,172,,,
2005-09-08,294,167,,,
2005-09-09,306,161,,,
2005-09-10,328,189,,,
2005-09-11,328,200,,,
2005-09-12,328,217,,,
2005-09-13,356,211,,,
2005-09-14,367,211,,,
2005-09-15,339,222,,,
2005-09-16,283,206,,,
2005-09-17,372,194,,,
2005-09-18,367,200,,,
2005-09-19,344,211,,,
2005-09-20,328,200,,,
2005-09-21,333,161,,,
2005-09-22,356,183,,,
2005-09-23,339,156,,,
2005-09-24,344,167,,,
2005-09-25,400,183,,,
2005-09-26,344,200,,,
2005-09-27,356,167,,,
2005-09-28,378,178,,,
2005-09-29,211,128,,,
2005-09-30,333,139,,,
2005-10-01,350,200,,,
2005-10-02,311,217,,,
2005-10-03,317,206,,,
2005-10-04,306,217,,,
2005-10-05,317,144,,,
2005-10-06,117,67,,,
2005-10-07,161,61,,,
2005-10-08,228,83,,,
2005-10-09,239,128,,,
2005-10-10,244,117,,,
2005-10-11,244,78,,,
2005-10-12,256,122,,,
2005-10-13,183,133,,,
2005-10-14,239,139,,,
2005-10-15,228,144,,,
2005-10-16,256,133,,,
2005-10-17,278,150,,,
2005-10-18,300,156,,,
2005-10-19,306,161,,,
2005-10-20,261,106,,,
2005-10-21,256,94,,,
2005-10-22,244,106,,,
2005-10-23,150,61,,,
2005-10-24,172,61,,,
2005-10-25,228,44,,,
2005-10-26,244,83,,,
2005-10-27,167,117,,,
2005-10-28,172,117,,,
2005-10-29,200,89,,,
2005-10-30,256,139,,,
2005-10-31,183,61,,,
2005-11-01,228,44,,,
2005-11-02,256,61,,,
2005-11-03,294,78,,,
2005-11-04,294,106,,,
2005-11-05,283,106,,,
2005-11-06,267,67,,,
2005-11-07,278,122,,,
2005-11-08,306,128,,,
2005-11-09,244,117,,,
2005-11-10,222,28,,,
2005-11-11,272,78,,,
2005-11-12,250,117,,,
2005-11-13,178,44,,,
2005-11-14,250,28,,,
2005-11-15,128,-11,,,
2005-11-16,106,-50,,,
2005-11-17,150,-6,,,
2005-11-18,128,11,,,
2005-11-19,161,17,,,
2005-11-20,167,-17,,,
2005-11-21,228,11,,,
2005-11-22,233,17,,,
2005-11-23,250,39,,,
2005-11-24,250,72,,,
2005-11-25,172,33,,,
2005-11-26,244,89,,,
2005-11-27,167,44,,,
2005-11-28,122,11,,,
2005-11-29,133,-22,,,
2005-11-30,228,6,,,
2005-12-01,122,-22,,,
2005-12-02,283,17,,,
2005-12-03,267,83,,,
2005-12-04,100,-11,,,
2005-12-05,100,-72,,,
2005-12-06,161,-33,,,
2005-12-07,-11,-100,,,
2005-12-08,22,-139,,,
2005-12-09,139,-83,,,
2005-12-10,150,-56,,,
2005-12-11,133,-33,,,
2005-12-12,161,17,,,
2005-12-13,178,56,,,
2005-12-14,111,-28,,,
2005-12-15,106,-72,,,
2005-12-16,89,0,,,
2005-12-17,122,17,,,
2005-12-18,72,22,,,
2005-12-19,83,44,,,
2005-12-20,67,-22,,,
2005-12-21,178,-33,,,
2005-12-22,217,0,,,
2005-12-23,256,56,,,
2005-12-24,178,28,,,
2005-12-25,228,-17,,,
2005-12-26,256,44,,,
2005-12-27,228,78,,,
2005-12-28,200,17,,,
2005-12-29,233,33,,,
2005-12-30,161,17,,,
2005-12-31,244,22,,,
2006-01-01,239,89,,,
2006-01-02,228,44,,,
2006-01-03,283,83,,,
2006-01-04,183,50,,,
2006-01-05,150,6,,,
2006-01-06,194,-11,,,
2006-01-07,244,33,,,
2006-01-08,261,72,,,
2006-01-09,122,-22,,,
2006-01-10,150,-56,,,
2006-01-11,222,-11,,,
2006-01-12,233,56,,,
2006-01-13,144,-17,,,
2006-01-14,156,11,,,
2006-01-15,239,94,,,
2006-01-16,156,17,,,
2006-01-17,133,-33,,,
2006-01-18,233,-6,,,
2006-01-19,250,33,,,
2006-01-20,156,28,,,
2006-01-21,117,-28,,,
2006-01-22,111,-11,,,
2006-01-23,139,-50,,,
2006-01-24,189,-28,,,
2006-01-25,150,11,,,
2006-01-26,172,61,,,
2006-01-27,172,89,,,
2006-01-28,167,39,,,
2006-01-29,217,11,,,
2006-01-30,167,-11,,,
2006-01-31,222,39,,,
2006-02-01,211,50,,,
2006-02-02,222,94,,,
2006-02-03,167,39,,,
2006-02-04,161,-11,,,
2006-02-05,272,22,,,
2006-02-06,144,6,,,
2006-02-07,183,-22,,,
2006-02-08,222,22,,,
2006-02-09,178,6,,,
2006-02-10,106,6,,,
2006-02-11,67,-33,,,
2006-02-12,167,-56,,,
2006-02-13,200,-17,,,
2006-02-14,217,11,,,
2006-02-15,256,78,,,
2006-02-16,267,28,,,
2006-02-17,17,-44,,,
2006-02-18,6,-56,,,
2006-02-19,72,-67,,,
2006-02-20,200,6,,,
2006-02-21,233,33,,,
2006-02-22,211,78,,,
2006-02-23,100,50,,,
2006-02-24,156,72,,,
2006-02-25,161,67,,,
2006-02-26,122,17,,,
2006-02-27,244,44,,,
2006-02-28,294,78,,,
2006-03-01,317,111,,,
2006-03-02,233,128,,,
2006-03-03,217,94,,,
2006-03-04,217,144,,,
2006-03-05,278,117,,,
2006-03-06,294,83,,,
2006-03-07,283,128,,,
2006-03-08,228,133,,,
2006-03-09,172,78,,,
2006-03-10,244,89,,,
2006-03-11,261,56,,,
2006-03-12,272,67,,,
2006-03-13,172,33,,,
2006-03-14,194,-17,,,
2006-03-15,239,78,,,
2006-03-16,228,83,,,
2006-03-17,167,89,,,
2006-03-18,106,78,,,
2006-03-19,133,89,,,
2006-03-20,172,44,,,
2006-03-21,128,-22,,,
2006-03-22,83,11,,,
2006-03-23,72,-6,,,
2006-03-24,150,-28,,,
2006-03-25,217,17,,,
2006-03-26,261,83,,,
2006-03-27,194,122,,,
2006-03-28,228,122,,,
2006-03-29,261,122,,,
2006-03-30,244,167,,,
2006-03-31,278,111,,,
2006-04-01,294,161,,,
2006-04-02,283,133,,,
2006-04-03,222,122,,,
2006-04-04,294,144,,,
2006-04-05,333,161,,,
2006-04-06,250,150,,,
2006-04-07,256,100,,,
2006-04-08,211,56,,,
2006-04-09,272,83,,,
2006-04-10,272,133,,,
2006-04-11,267,144,,,
2006-04-12,328,133,,,
2006-04-13,311,161,,,
2006-04-14,350,178,,,
2006-04-15,344,194,,,
2006-04-16,328,128,,,
2006-04-17,350,161,,,
2006-04-18,344,178,,,
2006-04-19,267,122,,,
2006-04-20,189,128,,,
2006-04-21,278,106,,,
2006-04-22,306,150,,,
2006-04-23,333,189,,,
2006-04-24,333,183,,,
2006-04-25,222,94,,,
2006-04-26,244,94,,,
2006-04-27,272,122,,,
2006-04-28,311,156,,,
2006-04-29,233,83,,,
2006-04-30,322,83,,,
2006-05-01,356,178,,,
2006-05-02,356,167,,,
2006-05-03,344,172,,,
2006-05-04,328,161,,,
2006-05-05,283,178,,,
2006-05-06,267,139,,,
2006-05-07,294,122,,,
2006-05-08,350,150,,,
2006-05-09,356,156,,,
2006-05-10,261,156,,,
2006-05-11,256,83,,,
2006-05-12,339,122,,,
2006-05-13,389,167,,,
2006-05-14,311,189,,,
2006-05-15,228,122,,,
2006-05-16,306,89,,,
2006-05-17,328,122,,,
2006-05-18,367,161,,,
2006-05-19,383,183,,,
2006-05-20,406,194,,,
2006-05-21,372,211,,,
2006-05-22,339,200,,,
2006-05-23,372,217,,,
2006-05-24,383,206,,,
2006-05-25,372,194,,,
2006-05-26,361,217,,,
2006-05-27,350,206,,,
2006-05-28,372,211,,,
2006-05-29,372,194,,,
2006-05-30,367,206,,,
2006-05-31,322,183,,,
2006-06-01,300,183,,,
2006-06-02,311,156,,,
2006-06-03,344,178,,,
2006-06-04,367,194,,,
2006-06-05,383,206,,,
2006-06-06,394,200,,,
2006-06-07,378,222,,,
2006-06-08,356,217,,,
2006-06-09,361,217,,,
2006-06-10,383,206,,,
2006-06-11,411,233,,,
2006-06-12,383,239,,,
2006-06-13,378,211,,,
2006-06-14,394,228,,,
2006-06-15,383,233,,,
2006-06-16,378,233,,,
2006-06-17,378,211,,,
2006-06-18,383,211,,,
2006-06-19,383,222,,,
2006-06-20,372,206,,,
2006-06-21,372,228,,,
2006-06-22,350,239,,,
2006-06-23,311,178,,,
2006-06-24,328,194,,,
2006-06-25,339,211,,,
2006-06-26,272,194,,,
2006-06-27,306,172,,,
2006-06-28,294,200,,,
2006-06-29,306,206,,,
2006-06-30,322,200,,,
2006-07-01,339,194,,,
2006-07-02,339,189,,,
2006-07-03,350,194,,,
2006-07-04,356,200,,,
2006-07-05,344,228,,,
2006-07-06,333,222,,,
2006-07-07,344,217,,,
2006-07-08,344,200,,,
2006-07-09,361,222,,,
2006-07-10,367,239,,,
2006-07-11,383,239,,,
2006-07-12,389,239,,,
2006-07-13,389,233,,,
2006-07-14,383,233,,,
2006-07-15,356,222,,,
2006-07-16,367,228,,,
2006-07-17,389,233,,,
2006-07-18,383,250,,,
2006-07-19,378,239,,,
2006-07-20,372,239,,,
2006-07-21,367,222,,,
2006-07-22,356,233,,,
2006-07-23,356,183,,,
2006-07-24,367,217,,,
2006-07-25,367,228,,,
2006-07-26,378,211,,,
2006-07-27,383,239,,,
2006-07-28,356,217,,,
2006-07-29,344,233,,,
2006-07-30,344,222,,,
2006-07-31,361,239,,,
2006-08-01,361,222,,,
2006-08-02,333,211,,,
2006-08-03,289,206,,,
2006-08-04,306,206,,,
2006-08-05,344,217,,,
2006-08-06,361,217,,,
2006-08-07,344,222,,,
2006-08-08,344,217,,,
2006-08-09,356,222,,,
2006-08-10,383,222,,,
2006-08-11,378,244,,,
2006-08-12,356,217,,,
2006-08-13,361,233,,,
2006-08-14,328,217,,,
2006-08-15,306,194,,,
2006-08-16,272,211,,,
2006-08-17,344,206,,,
2006-08-18,350,206,,,
2006-08-19,350,217,,,
2006-08-20,339,228,,,
2006-08-21,339,200,,,
2006-08-22,350,222,,,
2006-08-23,356,222,,,
2006-08-24,372,228,,,
2006-08-25,372,233,,,
2006-08-26,356,222,,,
2006-08-27,306,206,,,
2006-08-28,294,200,,,
2006-08-29,289,189,,,
2006-08-30,306,178,,,
2006-08-31,328,194,,,
2006-09-01,283,222,,,
2006-09-02,256,172,,,
2006-09-03,189,156,,,
2006-09-04,189,172,,,
2006-09-05,250,156,,,
2006-09-06,272,172,,,
2006-09-07,272,156,,,
2006-09-08,250,172,,,
2006-09-09,300,156,,,
2006-09-10,322,178,,,
2006-09-11,306,189,,,
2006-09-12,289,183,,,
2006-09-13,289,178,,,
2006-09-14,300,178,,,
2006-09-15,333,200,,,
2006-09-16,333,228,,,
2006-09-17,289,139,,,
2006-09-18,272,111,,,
2006-09-19,283,133,,,
2006-09-20,311,161,,,
2006-09-21,311,183,,,
2006-09-22,333,178,,,
2006-09-23,294,167,,,
2006-09-24,222,111,,,
2006-09-25,261,111,,,
2006-09-26,317,133,,,
2006-09-27,344,172,,,
2006-09-28,222,144,,,
2006-09-29,322,106,,,
2006-09-30,339,156,,,
2006-10-01,311,189,,,
2006-10-02,322,172,,,
2006-10-03,322,161,,,
2006-10-04,300,167,,,
2006-10-05,300,144,,,
2006-10-06,306,144,,,
2006-10-07,283,172,,,
2006-10-08,267,156,,,
2006-10-09,217,128,,,
2006-10-10,233,128,,,
2006-10-11,283,117,,,
2006-10-12,267,100,,,
2006-10-13,228,72,,,
2006-10-14,217,178,,,
2006-10-15,228,156,,,
2006-10-16,228,150,,,
2006-10-17,278,111,,,
2006-10-18,211,106,,,
2006-10-19,194,61,,,
2006-10-20,256,72,,,
2006-10-21,217,89,,,
2006-10-22,161,39,,,
2006-10-23,217,44,,,
2006-10-24,217,94,,,
2006-10-25,278,144,,,
2006-10-26,244,122,,,
2006-10-27,206,72,,,
2006-10-28,239,33,,,
2006-10-29,267,56,,,
2006-10-30,261,122,,,
2006-10-31,178,72,,,
2006-11-01,167,22,,,
2006-11-02,139,6,,,
2006-11-03,189,89,,,
2006-11-04,250,78,,,
2006-11-05,250,111,,,
2006-11-06,256,56,,,
2006-11-07,267,61,,,
2006-11-08,300,94,,,
2006-11-09,300,94,,,
2006-11-10,217,89,,,
2006-11-11,167,-11,,,
2006-11-12,222,39,,,
2006-11-13,178,28,,,
2006-11-14,261,56,,,
2006-11-15,144,0,,,
2006-11-16,206,-17,,,
2006-11-17,233,44,,,
2006-11-18,211,17,,,
2006-11-19,194,56,,,
2006-11-20,189,22,,,
2006-11-21,228,39,,,
2006-11-22,239,67,,,
2006-11-23,256,61,,,
2006-11-24,261,67,,,
2006-11-25,211,106,,,
2006-11-26,194,94,,,
2006-11-27,228,106,,,
2006-11-28,239,72,,,
2006-11-29,228,-17,,,
2006-11-30,33,-56,,,
2006-12-01,156,-72,,,
2006-12-02,111,-33,,,
2006-12-03,61,-44,,,
2006-12-04,111,-78,,,
2006-12-05,172,-11,,,
2006-12-06,167,0,,,
2006-12-07,83,-33,,,
2006-12-08,94,-44,,,
2006-12-09,133,28,,,
2006-12-10,194,22,,,
2006-12-11,183,28,,,
2006-12-12,178,39,,,
2006-12-13,211,-11,,,
2006-12-14,211,17,,,
2006-12-15,233,22,,,
2006-12-16,256,44,,,
2006-12-17,244,56,,,
2006-12-18,122,33,,,
2006-12-19,33,17,,,
2006-12-20,117,6,,,
2006-12-21,122,-6,,,
2006-12-22,167,-17,,,
2006-12-23,44,22,,,
2006-12-24,133,6,,,
2006-12-25,94,0,,,
2006-12-26,183,-22,,,
2006-12-27,217,17,,,
2006-12-28,167,72,,,
2006-12-29,72,11,,,
2006-12-30,61,-17,,,
2006-12-31,122,-6,,,
2007-01-01,100,-44,,,
2007-01-02,67,-28,,,
2007-01-03,67,6,,,
2007-01-04,211,28,,,
2007-01-05,222,33,,,
2007-01-06,100,11,,,
2007-01-07,106,-11,,,
2007-01-08,194,-17,,,
2007-01-09,144,-17,,,
2007-01-10,183,-6,,,
2007-01-11,200,83,,,
2007-01-12,167,-22,,,
2007-01-13,-22,-44,,,
2007-01-15,-11,-72,,,
2007-01-16,-11,-50,,,
2007-01-17,-6,-56,,,
2007-01-18,61,-11,,,
2007-01-19,22,-6,,,
2007-01-20,67,-6,,,
2007-01-21,117,-6,,,
2007-01-22,39,-22,,,
2007-01-23,39,-17,,,
2007-01-24,111,-11,,,
2007-01-25,133,-39,,,
2007-01-26,139,-6,,,
2007-01-27,61,-17,,,
2007-01-28,83,-61,,,
2007-01-29,133,-11,,,
2007-01-30,33,-6,,,
2007-01-31,156,6,,,
2007-02-01,100,0,,,
2007-02-02,72,-17,,,
2007-02-03,156,-28,,,
2007-02-04,156,-22,,,
2007-02-05,194,-6,,,
2007-02-06,233,39,,,
2007-02-07,256,50,,,
2007-02-08,111,6,,,
2007-02-09,33,-22,,,
2007-02-10,61,-6,,,
2007-02-11,144,44,,,
2007-02-12,217,61,,,
2007-02-13,94,6,,,
2007-02-14,11,-44,,,
2007-02-15,56,-56,,,
2007-02-16,200,-61,,,
2007-02-17,150,-6,,,
2007-02-18,172,11,,,
2007-02-19,239,56,,,
2007-02-20,200,94,,,
2007-02-21,233,22,,,
2007-02-22,250,39,,,
2007-02-23,250,117,,,
2007-02-24,167,50,,,
2007-02-25,194,-33,,,
2007-02-26,261,83,,,
2007-02-27,267,61,,,
2007-02-28,261,122,,,
2007-03-01,150,22,,,
2007-03-02,167,-22,,,
2007-03-03,100,-17,,,
2007-03-04,150,-61,,,
2007-03-05,194,-17,,,
2007-03-06,233,44,,,
2007-03-07,261,50,,,
2007-03-08,244,33,,,
2007-03-09,267,106,,,
2007-03-10,272,78,,,
2007-03-11,194,100,,,
2007-03-12,172,100,,,
2007-03-13,228,94,,,
2007-03-14,261,78,,,
2007-03-15,306,106,,,
2007-03-16,161,72,,,
2007-03-17,283,56,,,
2007-03-18,256,106,,,
2007-03-19,289,133,,,
2007-03-20,256,133,,,
2007-03-21,283,156,,,
2007-03-22,217,167,,,
2007-03-23,244,172,,,
2007-03-24,233,122,,,
2007-03-25,217,117,,,
2007-03-26,189,117,,,
2007-03-27,278,100,,,
2007-03-28,256,167,,,
2007-03-29,217,78,,,
2007-03-30,167,67,,,
2007-03-31,217,33,,,
2007-04-01,272,83,,,
2007-04-02,300,111,,,
2007-04-03,278,144,,,
2007-04-04,189,89,,,
2007-04-05,211,94,,,
2007-04-06,106,6,,,
2007-04-07,0,-28,,,
2007-04-08,56,-28,,,
2007-04-09,200,44,,,
2007-04-10,278,94,,,
2007-04-11,239,50,,,
2007-04-12,272,83,,,
2007-04-13,222,44,,,
2007-04-14,167,39,,,
2007-04-15,233,39,,,
2007-04-16,222,83,,,
2007-04-17,250,100,,,
2007-04-18,272,61,,,
2007-04-19,300,106,,,
2007-04-20,311,139,,,
2007-04-21,283,150,,,
2007-04-22,278,72,,,
2007-04-23,300,183,,,
2007-04-24,272,150,,,
2007-04-25,239,94,,,
2007-04-26,272,89,,,
2007-04-27,283,133,,,
2007-04-28,283,133,,,
2007-04-29,194,139,,,
2007-04-30,267,122,,,
2007-05-01,278,172,,,
2007-05-02,211,128,,,
2007-05-03,294,106,,,
2007-05-04,311,161,,,
2007-05-05,322,206,,,
2007-05-06,294,178,,,
2007-05-07,261,139,,,
2007-05-08,211,128,,,
2007-05-09,178,117,,,
2007-05-10,250,106,,,
2007-05-11,256,122,,,
2007-05-12,267,133,,,
2007-05-13,289,133,,,
2007-05-14,294,156,,,
2007-05-15,261,167,,,
2007-05-16,167,122,,,
2007-05-17,156,133,,,
2007-05-18,189,133,,,
2007-05-19,183,133,,,
2007-05-20,250,144,,,
2007-05-21,261,167,,,
2007-05-22,311,139,,,
2007-05-23,294,206,,,
2007-05-24,239,167,,,
2007-05-25,261,156,,,
2007-05-26,261,139,,,
2007-05-27,272,150,,,
2007-05-28,300,156,,,
2007-05-29,328,156,,,
2007-05-30,294,167,,,
2007-05-31,317,189,,,
2007-06-01,317,211,,,
2007-06-02,306,206,,,
2007-06-03,317,172,,,
2007-06-04,300,150,,,
2007-06-05,311,150,,,
2007-06-06,350,200,,,
2007-06-07,344,217,,,
2007-06-08,256,172,,,
2007-06-09,317,200,,,
2007-06-10,317,183,,,
2007-06-11,306,211,,,
2007-06-12,300,178,,,
2007-06-13,328,183,,,
2007-06-14,317,161,,,
2007-06-15,311,189,,,
2007-06-16,294,172,,,
2007-06-17,306,178,,,
2007-06-18,394,211,,,
2007-06-19,372,211,,,
2007-06-20,333,178,,,
2007-06-21,317,172,,,
2007-06-22,317,206,,,
2007-06-23,322,194,,,
2007-06-24,317,183,,,
2007-06-25,333,206,,,
2007-06-26,339,183,,,
2007-06-27,300,183,,,
2007-06-28,294,183,,,
2007-06-29,311,167,,,
2007-06-30,333,167,,,
2007-07-01,333,194,,,
2007-07-02,339,194,,,
2007-07-03,328,200,,,
2007-07-04,317,194,,,
2007-07-05,300,183,,,
2007-07-06,317,206,,,
2007-07-07,333,189,,,
2007-07-08,356,200,,,
2007-07-09,367,211,,,
2007-07-10,356,217,,,
2007-07-11,339,228,,,
2007-07-12,350,206,,,
2007-07-13,300,222,,,
2007-07-14,322,206,,,
2007-07-15,344,183,,,
2007-07-16,350,200,,,
2007-07-17,333,200,,,
2007-07-18,306,194,,,
2007-07-19,311,189,,,
2007-07-20,294,206,,,
2007-07-21,272,200,,,
2007-07-22,294,189,,,
2007-07-23,322,183,,,
2007-07-24,300,200,,,
2007-07-25,306,172,,,
2007-07-26,306,189,,,
2007-07-27,306,178,,,
2007-07-28,317,189,,,
2007-07-29,311,194,,,
2007-07-30,289,200,,,
2007-07-31,306,206,,,
2007-08-01,333,211,,,
2007-08-02,272,194,,,
2007-08-03,283,206,,,
2007-08-04,317,206,,,
2007-08-05,328,200,,,
2007-08-06,339,217,,,
2007-08-07,339,211,,,
2007-08-08,356,217,,,
2007-08-09,344,206,,,
2007-08-10,339,194,,,
2007-08-11,344,194,,,
2007-08-12,344,217,,,
2007-08-13,339,217,,,
2007-08-14,344,206,,,
2007-08-15,344,200,,,
2007-08-16,328,206,,,
2007-08-17,250,211,,,
2007-08-18,322,211,,,
2007-08-19,367,222,,,
2007-08-20,361,222,,,
2007-08-21,317,217,,,
2007-08-22,322,211,,,
2007-08-23,333,206,,,
2007-08-24,356,228,,,
2007-08-25,333,222,,,
2007-08-26,322,206,,,
2007-08-27,333,206,,,
2007-08-28,322,200,,,
2007-08-29,333,194,,,
2007-08-30,317,194,,,
2007-08-31,317,183,,,
2007-09-01,322,183,,,
2007-09-02,317,178,,,
2007-09-03,306,150,,,
2007-09-04,294,183,,,
2007-09-05,322,183,,,
2007-09-06,361,228,,,
2007-09-07,356,217,,,
2007-09-08,339,206,,,
2007-09-09,333,211,,,
2007-09-10,317,194,,,
2007-09-11,217,150,,,
2007-09-12,256,167,,,
2007-09-13,317,167,,,
2007-09-14,317,183,,,
2007-09-15,300,183,,,
2007-09-16,306,172,,,
2007-09-17,306,194,,,
2007-09-18,322,189,,,
2007-09-19,306,200,,,
2007-09-20,300,194,,,
2007-09-21,328,178,,,
2007-09-22,328,189,,,
2007-09-23,317,178,,,
2007-09-24,317,189,,,
2007-09-25,317,194,,,
2007-09-26,311,161,,,
2007-09-27,339,178,,,
2007-09-28,306,189,,,
2007-09-29,306,194,,,
2007-09-30,317,194,,,
2007-10-01,317,200,,,
2007-10-02,344,200,,,
2007-10-03,350,178,,,
2007-10-04,344,206,,,
2007-10-05,333,189,,,
2007-10-06,322,172,,,
2007-10-07,311,183,,,
2007-10-08,300,150,,,
2007-10-09,267,178,,,
2007-10-10,294,150,,,
2007-10-11,317,172,,,
2007-10-12,311,167,,,
2007-10-13,322,183,,,
2007-10-14,306,144,,,
2007-10-15,244,100,,,
2007-10-16,283,122,,,
2007-10-17,272,178,,,
2007-10-18,267,100,,,
2007-10-19,289,67,,,
2007-10-20,344,100,,,
2007-10-21,333,106,,,
2007-10-22,167,17,,,
2007-10-23,233,0,,,
2007-10-24,261,78,,,
2007-10-25,256,50,,,
2007-10-26,278,72,,,
2007-10-27,244,83,,,
2007-10-28,228,39,,,
2007-10-29,250,56,,,
2007-10-30,272,72,,,
2007-10-31,244,83,,,
2007-11-01,189,17,,,
2007-11-02,278,50,,,
2007-11-03,228,67,,,
2007-11-04,272,94,,,
2007-11-05,317,117,,,
2007-11-06,144,56,,,
2007-11-07,233,39,,,
2007-11-08,300,83,,,
2007-11-09,294,83,,,
2007-11-10,267,111,,,
2007-11-11,244,150,,,
2007-11-12,267,117,,,
2007-11-13,239,94,,,
2007-11-14,200,83,,,
2007-11-15,139,-11,,,
2007-11-16,200,67,,,
2007-11-17,256,61,,,
2007-11-18,272,56,,,
2007-11-19,278,83,,,
2007-11-20,272,100,,,
2007-11-21,139,33,,,
2007-11-22,22,-22,,,
2007-11-23,56,-17,,,
2007-11-24,22,-6,,,
2007-11-25,28,-6,,,
2007-11-26,133,-28,,,
2007-11-27,156,0,,,
2007-11-28,211,22,,,
2007-11-29,156,-22,,,
2007-11-30,167,61,,,
2007-12-01,267,156,,,
2007-12-02,194,56,,,
2007-12-03,167,-22,,,
2007-12-04,261,28,,,
2007-12-05,222,28,,,
2007-12-06,250,28,,,
2007-12-07,256,94,,,
2007-12-08,244,67,,,
2007-12-09,61,6,,,
2007-12-10,28,0,,,
2007-12-11,172,22,,,
2007-12-12,89,11,,,
2007-12-13,156,-22,,,
2007-12-14,156,22,,,
2007-12-15,61,-39,,,
2007-12-16,117,-56,,,
2007-12-17,144,-11,,,
2007-12-18,217,-6,,,
2007-12-19,228,22,,,
2007-12-20,194,56,,,
2007-12-21,233,33,,,
2007-12-22,111,-50,,,
2007-12-23,161,-50,,,
2007-12-24,122,-28,,,
2007-12-25,194,-28,,,
2007-12-26,89,-6,,,
2007-12-27,144,-22,,,
2007-12-28,89,-61,,,
2007-12-29,139,-22,,,
2007-12-30,161,-44,,,
2007-12-31,106,-39,,,
2008-01-01,83,-83,,,
2008-01-02,72,-50,,,
2008-01-03,83,6,,,
2008-01-04,161,-6,,,
2008-01-05,250,39,,,
2008-01-06,250,72,,,
2008-01-07,233,67,,,
2008-01-08,122,6,,,
2008-01-09,194,-17,,,
2008-01-10,150,17,,,
2008-01-11,211,-17,,,
2008-01-12,144,-17,,,
2008-01-13,139,-17,,,
2008-01-14,133,-56,,,
2008-01-15,106,-28,,,
2008-01-16,89,-44,,,
2008-01-17,44,-56,,,
2008-01-18,117,-78,,,
2008-01-19,67,-67,,,
2008-01-20,117,-67,,,
2008-01-21,183,33,,,
2008-01-22,44,-28,,,
2008-01-23,100,-28,,,
2008-01-24,28,-17,,,
2008-01-25,133,-11,,,
2008-01-26,189,0,,,
2008-01-27,228,39,,,
2008-01-28,239,100,,,
2008-01-29,167,17,,,
2008-01-30,194,0,,,
2008-01-31,100,-33,,,
2008-02-01,194,-33,,,
2008-02-02,217,-28,,,
2008-02-03,261,50,,,
2008-02-04,256,50,,,
2008-02-05,156,-28,,,
2008-02-06,156,-72,,,
2008-02-07,144,22,,,
2008-02-08,222,22,,,
2008-02-09,217,17,,,
2008-02-10,211,33,,,
2008-02-11,250,67,,,
2008-02-12,150,0,,,
2008-02-13,217,6,,,
2008-02-14,256,67,,,
2008-02-15,117,-11,,,
2008-02-16,133,-11,,,
2008-02-17,178,50,,,
2008-02-18,139,-33,,,
2008-02-19,217,0,,,
2008-02-20,261,39,,,
2008-02-21,217,6,,,
2008-02-22,211,6,,,
2008-02-23,256,72,,,
2008-02-24,244,22,,,
2008-02-25,289,100,,,
2008-02-26,133,-6,,,
2008-02-27,211,-6,,,
2008-02-28,272,22,,,
2008-02-29,222,44,,,
2008-03-01,244,28,,,
2008-03-02,267,67,,,
2008-03-03,78,-11,,,
2008-03-04,211,-17,,,
2008-03-05,189,39,,,
2008-03-06,56,-28,,,
2008-03-07,133,-56,,,
2008-03-08,206,-56,,,
2008-03-09,206,50,,,
2008-03-10,194,17,,,
2008-03-11,211,50,,,
2008-03-12,250,50,,,
2008-03-13,256,83,,,
2008-03-14,300,100,,,
2008-03-15,267,33,,,
2008-03-16,311,117,,,
2008-03-17,233,111,,,
2008-03-18,122,17,,,
2008-03-19,200,-11,,,
2008-03-20,256,44,,,
2008-03-21,261,78,,,
2008-03-22,267,78,,,
2008-03-23,106,44,,,
2008-03-24,206,44,,,
2008-03-25,300,61,,,
2008-03-26,306,111,,,
2008-03-27,311,100,,,
2008-03-28,139,67,,,
2008-03-29,211,61,,,
2008-03-30,306,172,,,
2008-03-31,294,144,,,
2008-04-01,194,72,,,
2008-04-02,233,122,,,
2008-04-03,306,150,,,
2008-04-04,211,78,,,
2008-04-05,261,56,,,
2008-04-06,289,117,,,
2008-04-07,317,89,,,
2008-04-08,261,111,,,
2008-04-09,311,111,,,
2008-04-10,239,106,,,
2008-04-11,239,22,,,
2008-04-12,183,33,,,
2008-04-13,206,44,,,
2008-04-14,256,61,,,
2008-04-15,294,106,,,
2008-04-16,328,139,,,
2008-04-17,256,72,,,
2008-04-18,239,17,,,
2008-04-19,306,89,,,
2008-04-20,322,161,,,
2008-04-21,322,144,,,
2008-04-22,333,150,,,
2008-04-23,283,200,,,
2008-04-24,344,150,,,
2008-04-25,272,144,,,
2008-04-26,306,111,,,
2008-04-27,183,72,,,
2008-04-28,250,39,,,
2008-04-29,306,83,,,
2008-04-30,344,122,,,
2008-05-01,322,161,,,
2008-05-02,283,83,,,
2008-05-03,211,61,,,
2008-05-04,250,111,,,
2008-05-05,250,178,,,
2008-05-06,300,183,,,
2008-05-07,294,167,,,
2008-05-08,333,83,,,
2008-05-09,333,133,,,
2008-05-10,339,172,,,
2008-05-11,233,117,,,
2008-05-12,344,133,,,
2008-05-13,356,178,,,
2008-05-14,306,144,,,
2008-05-15,256,94,,,
2008-05-16,239,122,,,
2008-05-17,244,122,,,
2008-05-18,317,106,,,
2008-05-19,372,167,,,
2008-05-20,389,172,,,
2008-05-21,383,200,,,
2008-05-22,367,222,,,
2008-05-23,372,178,,,
2008-05-24,344,178,,,
2008-05-25,339,233,,,
2008-05-26,339,228,,,
2008-05-27,344,206,,,
2008-05-28,333,189,,,
2008-05-29,344,211,,,
2008-05-30,383,211,,,
2008-05-31,406,206,,,
2008-06-01,400,228,,,
2008-06-02,389,222,,,
2008-06-03,406,228,,,
2008-06-04,394,217,,,
2008-06-05,389,217,,,
2008-06-06,339,156,,,
2008-06-07,350,233,,,
2008-06-08,361,228,,,
2008-06-09,361,222,,,
2008-06-10,367,194,,,
2008-06-11,394,239,,,
2008-06-12,389,233,,,
2008-06-13,383,233,,,
2008-06-14,367,217,,,
2008-06-15,389,228,,,
2008-06-16,394,239,,,
2008-06-17,372,217,,,
2008-06-18,339,194,,,
2008-06-19,383,217,,,
2008-06-20,328,183,,,
2008-06-21,322,217,,,
2008-06-22,356,189,,,
2008-06-23,361,194,,,
2008-06-24,350,222,,,
2008-06-25,356,217,,,
2008-06-26,361,228,,,
2008-06-27,383,222,,,
2008-06-28,356,206,,,
2008-06-29,250,183,,,
2008-06-30,261,189,,,
2008-07-01,300,178,,,
2008-07-02,294,183,,,
2008-07-03,294,206,,,
2008-07-04,317,194,,,
2008-07-05,300,194,,,
2008-07-06,294,189,,,
2008-07-07,294,200,,,
2008-07-08,294,194,,,
2008-07-09,306,194,,,
2008-07-10,322,211,,,
2008-07-11,339,206,,,
2008-07-12,378,222,,,
2008-07-13,344,211,,,
2008-07-14,350,211,,,
2008-07-15,350,211,,,
2008-07-16,328,244,,,
2008-07-17,339,239,,,
2008-07-18,333,228,,,
2008-07-19,333,217,,,
2008-07-20,339,211,,,
2008-07-21,356,222,,,
2008-07-22,361,206,,,
2008-07-23,367,222,,,
2008-07-24,333,228,,,
2008-07-25,306,217,,,
2008-07-26,339,222,,,
2008-07-27,367,217,,,
2008-07-28,372,244,,,
2008-07-29,367,256,,,
2008-07-30,372,228,,,
2008-07-31,378,189,,,
2008-08-01,361,206,,,
2008-08-02,333,194,,,
2008-08-03,356,217,,,
2008-08-04,361,211,,,
2008-08-05,372,222,,,
2008-08-06,333,206,,,
2008-08-07,322,222,,,
2008-08-08,350,222,,,
2008-08-09,367,222,,,
2008-08-10,389,228,,,
2008-08-11,339,211,,,
2008-08-12,356,217,,,
2008-08-13,350,189,,,
2008-08-14,350,239,,,
2008-08-15,311,189,,,
2008-08-16,233,183,,,
2008-08-17,228,189,,,
2008-08-18,283,178,,,
2008-08-19,278,178,,,
2008-08-20,294,172,,,
2008-08-21,328,200,,,
2008-08-22,328,189,,,
2008-08-23,267,211,,,
2008-08-24,322,194,,,
2008-08-25,317,178,,,
2008-08-26,328,194,,,
2008-08-27,328,206,,,
2008-08-28,311,211,,,
2008-08-29,283,200,,,
2008-08-30,267,183,,,
2008-08-31,289,194,,,
2008-09-01,322,183,,,
2008-09-02,333,194,,,
2008-09-03,267,189,,,
2008-09-04,300,156,,,
2008-09-05,328,183,,,
2008-09-06,328,194,,,
2008-09-07,300,183,,,
2008-09-08,267,183,,,
2008-09-09,194,156,,,
2008-09-10,217,167,,,
2008-09-11,250,206,,,
2008-09-12,289,211,,,
2008-09-13,306,189,,,
2008-09-14,256,172,,,
2008-09-15,244,144,,,
2008-09-16,256,122,,,
2008-09-17,267,117,,,
2008-09-18,256,117,,,
2008-09-19,261,117,,,
2008-09-20,167,156,,,
2008-09-25,278,189,,,
2008-09-26,283,133,,,
2008-09-27,283,122,,,
2008-09-28,283,117,,,
2008-09-29,289,117,,,
2008-09-30,306,100,,,
2008-10-01,322,117,,,
2008-10-02,322,100,,,
2008-10-03,317,139,,,
2008-10-04,300,178,,,
2008-10-05,244,139,,,
2008-10-06,261,128,,,
2008-10-07,250,106,,,
2008-10-08,278,117,,,
2008-10-09,283,122,,,
2008-10-10,306,139,,,
2008-10-11,256,194,,,
2008-10-12,222,206,,,
2008-10-13,283,144,,,
2008-10-14,161,106,,,
2008-10-15,189,94,,,
2008-10-16,189,89,,,
2008-10-17,250,67,,,
2008-10-18,244,89,,,
2008-10-19,278,94,,,
2008-10-20,283,122,,,
2008-10-21,239,139,,,
2008-10-22,172,56,,,
2008-10-23,194,6,,,
2008-10-24,256,44,,,
2008-10-25,272,56,,,
2008-10-26,294,100,,,
2008-10-27,167,56,,,
2008-10-28,222,56,,,
2008-10-29,261,56,,,
2008-10-30,267,94,,,
2008-10-31,267,111,,,
2008-11-01,267,83,,,
2008-11-02,256,100,,,
2008-11-03,250,122,,,
2008-11-04,250,139,,,
2008-11-05,272,111,,,
2008-11-06,183,17,,,
2008-11-07,189,-22,,,
2008-11-08,200,6,,,
2008-11-09,233,61,,,
2008-11-10,233,117,,,
2008-11-11,217,44,,,
2008-11-12,211,22,,,
2008-11-13,228,50,,,
2008-11-14,183,61,,,
2008-11-15,122,-22,,,
2008-11-16,194,-17,,,
2008-11-17,239,6,,,
2008-11-18,206,-11,,,
2008-11-19,239,33,,,
2008-11-20,111,17,,,
2008-11-21,89,-61,,,
2008-11-22,194,-11,,,
2008-11-23,233,28,,,
2008-11-24,161,17,,,
2008-11-25,194,0,,,
2008-11-26,206,83,,,
2008-11-27,206,78,,,
2008-11-28,189,56,,,
2008-11-29,128,22,,,
2008-11-30,111,17,,,
2008-12-01,144,33,,,
2008-12-02,272,22,,,
2008-12-03,194,-17,,,
2008-12-04,83,-33,,,
2008-12-05,78,-50,,,
2008-12-06,172,-39,,,
2008-12-07,211,-11,,,
2008-12-08,217,61,,,
2008-12-09,133,-6,,,
2008-12-10,94,-72,,,
2008-12-11,172,-11,,,
2008-12-12,172,28,,,
2008-12-13,172,67,,,
2008-12-14,250,22,,,
2008-12-15,11,-67,,,
2008-12-16,111,-67,,,
2008-12-17,200,17,,,
2008-12-18,167,44,,,
2008-12-19,211,22,,,
2008-12-20,233,17,,,
2008-12-21,33,-56,,,
2008-12-22,67,-50,,,
2008-12-23,211,-17,,,
2008-12-24,161,39,,,
2008-12-25,222,39,,,
2008-12-26,250,106,,,
2008-12-27,139,-39,,,
2008-12-28,144,-50,,,
2008-12-29,194,-33,,,
2008-12-30,222,22,,,
2008-12-31,106,6,,,
2009-01-01,233,-17,,,
2009-01-02,233,22,,,
2009-01-03,233,72,,,
2009-01-04,72,-22,,,
2009-01-05,28,-33,,,
2009-01-06,128,0,,,
2009-01-07,189,-17,,,
2009-01-08,222,33,,,
2009-01-09,267,39,,,
2009-01-10,106,-22,,,
2009-01-11,150,-39,,,
2009-01-12,183,-17,,,
2009-01-13,122,-56,,,
2009-01-14,172,-22,,,
2009-01-15,39,-22,,,
2009-01-16,111,-6,,,
2009-01-17,211,-28,,,
2009-01-18,200,-17,,,
2009-01-19,233,28,,,
2009-01-20,172,17,,,
2009-01-21,244,17,,,
2009-01-22,272,61,,,
2009-01-23,256,50,,,
2009-01-24,89,-33,,,
2009-01-25,239,6,,,
2009-01-26,172,-28,,,
2009-01-27,-28,-72,,,
2009-01-28,167,-94,,,
2009-01-29,111,-50,,,
2009-01-30,167,-56,,,
2009-01-31,178,-17,,,
2009-02-01,194,11,,,
2009-02-02,139,-50,,,
2009-02-03,194,0,,,
2009-02-04,200,-11,,,
2009-02-05,222,33,,,
2009-02-06,244,72,,,
2009-02-07,244,106,,,
2009-02-08,194,83,,,
2009-02-09,172,56,,,
2009-02-10,222,61,,,
2009-02-11,172,33,,,
2009-02-12,228,33,,,
2009-02-13,217,89,,,
2009-02-14,106,-11,,,
2009-02-15,144,-50,,,
2009-02-16,133,39,,,
2009-02-17,261,83,,,
2009-02-18,189,44,,,
2009-02-19,161,6,,,
2009-02-20,217,6,,,
2009-02-21,106,6,,,
2009-02-22,178,-28,,,
2009-02-23,261,22,,,
2009-02-24,317,83,,,
2009-02-25,300,117,,,
2009-02-26,311,94,,,
2009-02-27,256,50,,,
2009-02-28,133,6,,,
2009-03-01,150,-50,,,
2009-03-02,267,22,,,
2009-03-03,311,61,,,
2009-03-04,306,72,,,
2009-03-05,317,122,,,
2009-03-06,256,117,,,
2009-03-07,267,139,,,
2009-03-08,239,100,,,
2009-03-09,278,133,,,
2009-03-10,200,122,,,
2009-03-11,94,-6,,,
2009-03-12,22,-6,,,
2009-03-13,39,11,,,
2009-03-14,100,17,,,
2009-03-15,217,17,,,
2009-03-16,261,50,,,
2009-03-17,294,83,,,
2009-03-18,306,111,,,
2009-03-19,228,100,,,
2009-03-20,250,117,,,
2009-03-21,250,150,,,
2009-03-22,222,144,,,
2009-03-23,311,150,,,
2009-03-24,233,72,,,
2009-03-25,244,83,,,
2009-03-26,256,72,,,
2009-03-27,189,-17,,,
2009-03-28,183,-17,,,
2009-03-29,261,22,,,
2009-03-30,278,94,,,
2009-03-31,217,33,,,
2009-04-01,278,78,,,
2009-04-02,211,78,,,
2009-04-03,278,83,,,
2009-04-04,289,128,,,
2009-04-05,156,28,,,
2009-04-06,167,17,,,
2009-04-07,250,0,,,
2009-04-08,311,111,,,
2009-04-09,267,117,,,
2009-04-10,200,83,,,
2009-04-11,244,106,,,
2009-04-12,222,89,,,
2009-04-13,233,61,,,
2009-04-14,267,100,,,
2009-04-15,278,161,,,
2009-04-16,289,122,,,
2009-04-17,233,72,,,
2009-04-18,261,72,,,
2009-04-19,239,78,,,
2009-04-20,283,50,,,
2009-04-21,333,133,,,
2009-04-22,361,156,,,
2009-04-23,328,189,,,
2009-04-24,339,167,,,
2009-04-25,317,194,,,
2009-04-26,328,183,,,
2009-04-27,283,144,,,
2009-04-28,206,156,,,
2009-04-29,344,200,,,
2009-04-30,361,167,,,
2009-05-01,372,167,,,
2009-05-02,239,133,,,
2009-05-03,272,128,,,
2009-05-04,306,117,,,
2009-05-05,372,161,,,
2009-05-06,328,150,,,
2009-05-07,400,167,,,
2009-05-08,400,222,,,
2009-05-09,283,167,,,
2009-05-10,333,156,,,
2009-05-11,272,133,,,
2009-05-12,378,183,,,
2009-05-13,383,206,,,
2009-05-14,339,206,,,
2009-05-15,333,200,,,
2009-05-16,222,150,,,
2009-05-17,261,117,,,
2009-05-18,294,128,,,
2009-05-19,289,144,,,
2009-05-20,283,133,,,
2009-05-21,300,161,,,
2009-05-22,278,167,,,
2009-05-23,250,156,,,
2009-05-24,278,156,,,
2009-05-25,328,167,,,
2009-05-26,339,183,,,
2009-05-27,294,156,,,
2009-05-28,317,144,,,
2009-05-29,311,144,,,
2009-05-30,322,172,,,
2009-05-31,328,172,,,
2009-06-01,317,156,,,
2009-06-02,361,194,,,
2009-06-03,300,178,,,
2009-06-04,311,172,,,
2009-06-05,356,178,,,
2009-06-06,367,211,,,
2009-06-07,367,233,,,
2009-06-08,378,211,,,
2009-06-09,350,211,,,
2009-06-10,339,211,,,
2009-06-11,372,161,,,
2009-06-12,378,206,,,
2009-06-13,394,233,,,
2009-06-14,378,256,,,
2009-06-15,372,228,,,
2009-06-16,394,250,,,
2009-06-17,350,250,,,
2009-06-18,328,211,,,
2009-06-19,283,194,,,
2009-06-20,294,194,,,
2009-06-21,322,211,,,
2009-06-22,333,217,,,
2009-06-23,339,222,,,
2009-06-24,356,211,,,
2009-06-25,367,211,,,
2009-06-26,356,244,,,
2009-06-27,372,244,,,
2009-06-28,350,239,,,
2009-06-29,322,222,,,
2009-06-30,278,211,,,
2009-07-01,322,200,,,
2009-07-02,344,222,,,
2009-07-03,350,222,,,
2009-07-04,361,233,,,
2009-07-05,256,206,,,
2009-07-06,306,200,,,
2009-07-07,356,206,,,
2009-07-08,389,222,,,
2009-07-09,389,244,,,
2009-07-10,383,222,,,
2009-07-11,356,228,,,
2009-07-12,361,233,,,
2009-07-13,372,228,,,
2009-07-14,378,233,,,
2009-07-15,372,233,,,
2009-07-16,378,239,,,
2009-07-17,383,194,,,
2009-07-18,333,194,,,
2009-07-19,356,222,,,
2009-07-20,400,228,,,
2009-07-21,356,228,,,
2009-07-22,261,189,,,
2009-07-23,261,178,,,
2009-07-24,328,194,,,
2009-07-25,356,206,,,
2009-07-26,333,228,,,
2009-07-27,356,239,,,
2009-07-28,344,217,,,
2009-07-29,344,200,,,
2009-07-30,306,194,,,
2009-07-31,300,183,,,
2009-08-01,333,217,,,
2009-08-02,328,206,,,
2009-08-03,322,228,,,
2009-08-04,350,222,,,
2009-08-05,350,217,,,
2009-08-06,350,211,,,
2009-08-07,356,211,,,
2009-08-08,356,233,,,
2009-08-09,350,211,,,
2009-08-10,356,228,,,
2009-08-11,356,222,,,
2009-08-12,344,217,,,
2009-08-13,350,206,,,
2009-08-14,344,217,,,
2009-08-15,378,211,,,
2009-08-16,389,211,,,
2009-08-17,361,222,,,
2009-08-18,344,222,,,
2009-08-19,372,217,,,
2009-08-20,372,222,,,
2009-08-21,344,222,,,
2009-08-22,378,217,,,
2009-08-23,361,217,,,
2009-08-24,367,217,,,
2009-08-25,356,206,,,
2009-08-26,361,183,,,
2009-08-27,322,239,,,
2009-08-28,317,189,,,
2009-08-29,350,156,,,
2009-08-30,322,194,,,
2009-08-31,322,189,,,
2009-09-01,328,183,,,
2009-09-02,328,172,,,
2009-09-03,328,194,,,
2009-09-04,311,194,,,
2009-09-05,267,189,,,
2009-09-06,300,189,,,
2009-09-07,317,194,,,
2009-09-08,300,206,,,
2009-09-09,311,183,,,
2009-09-10,289,183,,,
2009-09-11,272,178,,,
2009-09-12,239,172,,,
2009-09-13,250,167,,,
2009-09-14,300,172,,,
2009-09-15,311,156,,,
2009-09-16,278,178,,,
2009-09-17,283,150,,,
2009-09-18,267,133,,,
2009-09-19,283,133,,,
2009-09-20,328,156,,,
2009-09-21,350,144,,,
2009-09-22,211,106,,,
2009-09-23,239,83,,,
2009-09-24,222,106,,,
2009-09-25,283,100,,,
2009-09-26,339,144,,,
2009-09-27,350,172,,,
2009-09-28,283,172,,,
2009-09-29,306,156,,,
2009-09-30,344,178,,,
2009-10-01,333,172,,,
2009-10-02,289,78,,,
2009-10-03,261,144,,,
2009-10-04,283,161,,,
2009-10-05,350,189,,,
2009-10-06,261,156,,,
2009-10-07,228,117,,,
2009-10-08,322,139,,,
2009-10-09,194,89,,,
2009-10-10,211,72,,,
2009-10-11,100,83,,,
2009-10-12,183,94,,,
2009-10-13,306,161,,,
2009-10-14,339,172,,,
2009-10-15,283,128,,,
2009-10-16,239,94,,,
2009-10-17,233,89,,,
2009-10-18,261,78,,,
2009-10-19,294,133,,,
2009-10-20,261,150,,,
2009-10-21,200,94,,,
2009-10-22,189,44,,,
2009-10-23,217,33,,,
2009-10-24,272,72,,,
2009-10-25,278,100,,,
2009-10-26,139,33,,,
2009-10-27,244,11,,,
2009-10-28,283,106,,,
2009-10-29,100,33,,,
2009-10-30,150,11,,,
2009-10-31,211,17,,,
2009-11-01,250,50,,,
2009-11-02,250,17,,,
2009-11-03,233,50,,,
2009-11-04,256,72,,,
2009-11-05,244,44,,,
2009-11-06,278,78,,,
2009-11-07,244,89,,,
2009-11-08,244,133,,,
2009-11-09,172,100,,,
2009-11-10,228,72,,,
2009-11-11,244,67,,,
2009-11-12,244,94,,,
2009-11-13,250,111,,,
2009-11-14,256,117,,,
2009-11-15,222,50,,,
2009-11-16,144,-6,,,
2009-11-17,194,-28,,,
2009-11-18,233,17,,,
2009-11-19,256,44,,,
2009-11-20,172,22,,,
2009-11-21,211,-17,,,
2009-11-22,244,33,,,
2009-11-23,261,39,,,
2009-11-24,150,-6,,,
2009-11-25,189,-33,,,
2009-11-26,183,-28,,,
2009-11-27,217,33,,,
2009-11-28,244,39,,,
2009-11-29,139,44,,,
2009-11-30,100,-6,,,
2009-12-01,44,6,,,
2009-12-02,33,0,,,
2009-12-03,11,-28,,,
2009-12-04,17,-61,,,
2009-12-05,106,-72,,,
2009-12-06,183,-6,,,
2009-12-07,33,-33,,,
2009-12-08,206,-17,,,
2009-12-09,78,-61,,,
2009-12-10,122,-56,,,
2009-12-11,150,-22,,,
2009-12-12,206,56,,,
2009-12-13,233,28,,,
2009-12-14,200,33,,,
2009-12-15,106,-6,,,
2009-12-16,161,-44,,,
2009-12-17,200,-6,,,
2009-12-18,156,-17,,,
2009-12-19,144,17,,,
2009-12-20,183,11,,,
2009-12-21,189,17,,,
2009-12-22,172,56,,,
2009-12-23,200,17,,,
2009-12-24,39,-50,,,
2009-12-25,111,-67,,,
2009-12-26,94,-61,,,
2009-12-27,117,-67,,,
2009-12-28,94,-61,,,
2009-12-29,28,0,,,
2009-12-30,156,6,,,
2009-12-31,106,0,,,
2010-01-01,139,-39,,,
2010-01-02,133,-17,,,
2010-01-03,89,-33,,,
2010-01-04,44,-33,,,
2010-01-05,117,-33,,,
2010-01-06,200,-22,,,
2010-01-07,-6,-61,,,
2010-01-08,17,-67,,,
2010-01-09,133,-94,,,
2010-01-10,94,-61,,,
2010-01-11,94,-67,,,
2010-01-12,133,-61,,,
2010-01-13,172,11,,,
2010-01-14,172,56,,,
2010-01-15,111,28,,,
2010-01-16,150,-6,,,
2010-01-17,206,-22,,,
2010-01-18,211,44,,,
2010-01-19,194,44,,,
2010-01-20,211,28,,,
2010-01-21,217,44,,,
2010-01-22,272,61,,,
2010-01-23,144,67,,,
2010-01-24,133,33,,,
2010-01-25,139,6,,,
2010-01-26,178,-22,,,
2010-01-27,183,44,,,
2010-01-28,128,-28,,,
2010-01-29,22,-56,,,
2010-01-30,128,-56,,,
2010-01-31,117,-17,,,
2010-02-01,189,-11,,,
2010-02-02,61,22,,,
2010-02-03,61,39,,,
2010-02-04,111,22,,,
2010-02-05,172,22,,,
2010-02-06,161,22,,,
2010-02-07,150,39,,,
2010-02-08,61,11,,,
2010-02-09,61,-11,,,
2010-02-10,61,-6,,,
2010-02-11,56,-11,,,
2010-02-12,122,-39,,,
2010-02-13,189,6,,,
2010-02-14,117,11,,,
2010-02-15,94,-44,,,
2010-02-16,111,-44,,,
2010-02-17,167,-11,,,
2010-02-18,189,6,,,
2010-02-19,233,39,,,
2010-02-20,206,89,,,
2010-02-21,194,44,,,
2010-02-22,50,-17,,,
2010-02-23,44,-39,,,
2010-02-24,156,-56,,,
2010-02-25,194,22,,,
2010-02-26,144,6,,,
2010-02-27,172,-17,,,
2010-02-28,167,56,,,
2010-03-01,67,-11,,,
2010-03-02,156,-33,,,
2010-03-03,222,22,,,
2010-03-04,233,44,,,
2010-03-05,244,94,,,
2010-03-06,183,111,,,
2010-03-07,167,122,,,
2010-03-08,194,122,,,
2010-03-09,222,83,,,
2010-03-10,189,56,,,
2010-03-11,144,22,,,
2010-03-12,194,-6,,,
2010-03-13,250,6,,,
2010-03-14,272,72,,,
2010-03-15,94,33,,,
2010-03-16,144,28,,,
2010-03-17,244,33,,,
2010-03-18,222,44,,,
2010-03-19,267,50,,,
2010-03-20,67,-6,,,
2010-03-21,178,-22,,,
2010-03-22,250,22,,,
2010-03-23,294,61,,,
2010-03-24,211,50,,,
2010-03-25,194,22,,,
2010-03-26,278,56,,,
2010-03-27,200,56,,,
2010-03-28,206,44,,,
2010-03-29,267,39,,,
2010-03-30,322,50,,,
2010-03-31,333,122,,,
2010-04-01,272,144,,,
2010-04-02,206,72,,,
2010-04-03,267,17,,,
2010-04-04,317,122,,,
2010-04-05,322,167,,,
2010-04-06,294,144,,,
2010-04-07,200,56,,,
2010-04-08,217,-6,,,
2010-04-09,267,61,,,
2010-04-10,317,106,,,
2010-04-11,278,156,,,
2010-04-12,256,167,,,
2010-04-13,217,156,,,
2010-04-14,183,156,,,
2010-04-15,156,144,,,
2010-04-16,211,111,,,
2010-04-17,139,100,,,
2010-04-18,206,94,,,
2010-04-19,167,94,,,
2010-04-20,244,100,,,
2010-04-21,289,133,,,
2010-04-22,283,133,,,
2010-04-23,206,83,,,
2010-04-24,256,111,,,
2010-04-25,267,78,,,
2010-04-26,200,106,,,
2010-04-27,222,56,,,
2010-04-28,300,89,,,
2010-04-29,339,156,,,
2010-04-30,239,111,,,
2010-05-01,178,72,,,
2010-05-02,228,83,,,
2010-05-03,244,94,,,
2010-05-04,333,89,,,
2010-05-05,311,128,,,
2010-05-06,378,128,,,
2010-05-07,250,156,,,
2010-05-08,161,122,,,
2010-05-09,289,139,,,
2010-05-10,361,189,,,
2010-05-11,356,172,,,
2010-05-12,350,150,,,
2010-05-13,250,100,,,
2010-05-14,211,144,,,
2010-05-15,189,144,,,
2010-05-16,278,150,,,
2010-05-17,267,167,,,
2010-05-18,306,139,,,
2010-05-19,333,167,,,
2010-05-20,328,111,,,
2010-05-21,333,183,,,
2010-05-22,333,222,,,
2010-05-23,306,228,,,
2010-05-24,289,222,,,
2010-05-25,294,183,,,
2010-05-26,306,189,,,
2010-05-27,317,178,,,
2010-05-28,328,167,,,
2010-05-29,344,167,,,
2010-05-30,350,172,,,
2010-05-31,350,194,,,
2010-06-01,361,194,,,
2010-06-02,372,194,,,
2010-06-03,344,189,,,
2010-06-04,400,178,,,
2010-06-05,428,200,,,
2010-06-06,394,206,,,
2010-06-07,367,250,,,
2010-06-08,356,222,,,
2010-06-09,372,222,,,
2010-06-10,383,233,,,
2010-06-11,389,228,,,
2010-06-12,344,228,,,
2010-06-13,350,250,,,
2010-06-14,361,222,,,
2010-06-15,328,206,,,
2010-06-16,344,222,,,
2010-06-17,356,217,,,
2010-06-18,378,222,,,
2010-06-19,361,239,,,
2010-06-20,378,233,,,
2010-06-21,383,233,,,
2010-06-22,394,228,,,
2010-06-23,372,228,,,
2010-06-24,361,211,,,
2010-06-25,367,217,,,
2010-06-26,372,200,,,
2010-06-27,350,206,,,
2010-06-28,283,200,,,
2010-06-29,283,194,,,
2010-06-30,272,200,,,
2010-07-01,261,206,,,
2010-07-02,244,206,,,
2010-07-03,239,217,,,
2010-07-04,272,222,,,
2010-07-05,272,217,,,
2010-07-06,294,222,,,
2010-07-07,311,217,,,
2010-07-08,294,206,,,
2010-07-09,261,211,,,
2010-07-10,300,211,,,
2010-07-11,328,222,,,
2010-07-12,322,228,,,
2010-07-13,328,222,,,
2010-07-14,344,233,,,
2010-07-15,328,222,,,
2010-07-16,333,222,,,
2010-07-17,339,206,,,
2010-07-18,339,200,,,
2010-07-19,328,211,,,
2010-07-20,317,217,,,
2010-07-21,322,217,,,
2010-07-22,333,217,,,
2010-07-23,328,217,,,
2010-07-24,306,217,,,
2010-07-25,328,194,,,
2010-07-26,322,194,,,
2010-07-27,328,194,,,
2010-07-28,328,211,,,
2010-07-29,311,217,,,
2010-07-30,350,206,,,
2010-07-31,372,217,,,
2010-08-01,378,206,,,
2010-08-02,378,200,,,
2010-08-03,372,206,,,
2010-08-04,367,211,,,
2010-08-05,361,222,,,
2010-08-06,367,222,,,
2010-08-07,372,233,,,
2010-08-08,378,211,,,
2010-08-09,350,217,,,
2010-08-10,372,211,,,
2010-08-11,367,228,,,
2010-08-12,372,222,,,
2010-08-13,372,222,,,
2010-08-14,361,228,,,
2010-08-15,356,239,,,
2010-08-16,372,239,,,
2010-08-17,400,222,,,
2010-08-18,350,222,,,
2010-08-19,367,206,,,
2010-08-20,383,217,,,
2010-08-21,367,244,,,
2010-08-22,367,222,,,
2010-08-23,389,217,,,
2010-08-24,339,211,,,
2010-08-25,300,172,,,
2010-08-26,306,139,,,
2010-08-27,322,172,,,
2010-08-28,333,189,,,
2010-08-29,344,206,,,
2010-08-30,333,228,,,
2010-08-31,339,228,,,
2010-09-01,356,211,,,
2010-09-02,372,194,,,
2010-09-03,283,172,,,
2010-09-04,311,111,,,
2010-09-05,350,161,,,
2010-09-06,344,200,,,
2010-09-07,250,178,,,
2010-09-08,317,200,,,
2010-09-09,356,189,,,
2010-09-10,328,206,,,
2010-09-11,367,172,,,
2010-09-12,322,217,,,
2010-09-13,339,206,,,
2010-09-14,339,194,,,
2010-09-15,356,211,,,
2010-09-16,333,189,,,
2010-09-17,300,178,,,
2010-09-18,311,189,,,
2010-09-19,272,183,,,
2010-09-20,256,178,,,
2010-09-21,283,200,,,
2010-09-22,278,211,,,
2010-09-23,306,222,,,
2010-09-24,294,206,,,
2010-09-25,289,178,,,
2010-09-26,250,144,,,
2010-09-27,278,100,,,
2010-09-28,311,128,,,
2010-09-29,322,139,,,
2010-09-30,294,150,,,
2010-10-01,294,150,,,
2010-10-02,272,156,,,
2010-10-03,200,117,,,
2010-10-04,233,106,,,
2010-10-05,261,117,,,
2010-10-06,267,117,,,
2010-10-07,278,100,,,
2010-10-08,278,106,,,
2010-10-09,322,122,,,
2010-10-10,300,133,,,
2010-10-11,283,106,,,
2010-10-12,278,106,,,
2010-10-13,250,111,,,
2010-10-14,272,78,,,
2010-10-15,283,111,,,
2010-10-16,283,122,,,
2010-10-17,294,139,,,
2010-10-18,311,128,,,
2010-10-19,283,122,,,
2010-10-20,272,144,,,
2010-10-21,256,167,,,
2010-10-22,244,150,,,
2010-10-23,267,139,,,
2010-10-24,272,122,,,
2010-10-25,294,133,,,
2010-10-26,244,89,,,
2010-10-27,261,100,,,
2010-10-28,211,33,,,
2010-10-29,244,56,,,
2010-10-30,317,72,,,
2010-10-31,311,100,,,
2010-11-01,217,67,,,
2010-11-02,222,61,,,
2010-11-03,239,50,,,
2010-11-04,189,28,,,
2010-11-05,222,11,,,
2010-11-06,244,56,,,
2010-11-07,244,50,,,
2010-11-08,261,78,,,
2010-11-09,261,94,,,
2010-11-10,233,50,,,
2010-11-11,228,83,,,
2010-11-12,156,11,,,
2010-11-13,161,-33,,,
2010-11-14,206,17,,,
2010-11-15,194,56,,,
2010-11-16,189,-6,,,
2010-11-17,183,44,,,
2010-11-18,178,-33,,,
2010-11-19,244,33,,,
2010-11-20,256,61,,,
2010-11-21,278,122,,,
2010-11-22,256,83,,,
2010-11-23,233,22,,,
2010-11-24,261,139,,,
2010-11-25,144,-22,,,
2010-11-26,133,-83,,,
2010-11-27,172,-39,,,
2010-11-28,206,17,,,
2010-11-29,144,17,,,
2010-11-30,94,-61,,,
2010-12-01,167,-33,,,
2010-12-02,256,33,,,
2010-12-03,267,17,,,
2010-12-04,156,22,,,
2010-12-05,106,-6,,,
2010-12-06,111,-67,,,
2010-12-07,233,-11,,,
2010-12-08,161,-44,,,
2010-12-09,233,6,,,
2010-12-10,233,-6,,,
2010-12-11,161,39,,,
2010-12-12,111,-56,,,
2010-12-13,211,-6,,,
2010-12-14,250,11,,,
2010-12-15,261,39,,,
2010-12-16,133,22,,,
2010-12-17,106,6,,,
2010-12-18,156,-28,,,
2010-12-19,239,39,,,
2010-12-20,256,72,,,
2010-12-21,267,61,,,
2010-12-22,106,28,,,
2010-12-23,72,56,,,
2010-12-24,78,-22,,,
2010-12-25,106,-56,,,
2010-12-26,133,-44,,,
2010-12-27,183,-17,,,
2010-12-28,139,0,,,
2010-12-29,200,22,,,
2010-12-30,217,61,,,
2010-12-31,78,33,,,
2011-01-01,83,-28,,,
2011-01-02,106,-83,,,
2011-01-03,167,-39,,,
2011-01-04,161,-33,,,
2011-01-05,178,-50,,,
2011-01-06,139,-6,,,
2011-01-07,200,6,,,
2011-01-08,172,-28,,,
2011-01-09,189,6,,,
2011-01-10,83,-39,,,
2011-01-11,44,-61,,,
2011-01-12,28,-61,,,
2011-01-13,111,-56,,,
2011-01-14,161,-39,,,
2011-01-15,128,11,,,
2011-01-16,167,-28,,,
2011-01-17,244,11,,,
2011-01-18,206,22,,,
2011-01-19,250,44,,,
2011-01-20,83,-33,,,
2011-01-21,183,-67,,,
2011-01-22,200,-33,,,
2011-01-23,106,-6,,,
2011-01-24,172,-33,,,
2011-01-25,106,-22,,,
2011-01-26,133,-6,,,
2011-01-27,167,-56,,,
2011-01-28,194,0,,,
2011-01-29,228,28,,,
2011-01-30,161,22,,,
2011-01-31,222,-17,,,
2011-02-01,-33,-111,,,
2011-02-02,-100,-144,,,
2011-02-03,-78,-128,,,
2011-02-04,50,-133,,,
2011-02-05,150,-39,,,
2011-02-06,89,-17,,,
2011-02-07,106,-72,,,
2011-02-08,189,-106,,,
2011-02-09,-6,-122,,,
2011-02-10,72,-144,,,
2011-02-11,161,-100,,,
2011-02-12,183,-72,,,
2011-02-13,244,0,,,
2011-02-14,211,17,,,
2011-02-15,283,17,,,
2011-02-16,300,61,,,
2011-02-17,261,94,,,
2011-02-18,272,83,,,
2011-02-19,233,133,,,
2011-02-20,278,122,,,
2011-02-21,222,56,,,
2011-02-22,222,44,,,
2011-02-23,261,122,,,
2011-02-24,206,83,,,
2011-02-25,250,0,,,
2011-02-26,278,72,,,
2011-02-27,283,94,,,
2011-02-28,183,39,,,
2011-03-01,233,0,,,
2011-03-02,289,56,,,
2011-03-03,294,83,,,
2011-03-04,256,122,,,
2011-03-05,156,39,,,
2011-03-06,194,-11,,,
2011-03-07,278,67,,,
2011-03-08,228,39,,,
2011-03-09,194,-11,,,
2011-03-10,233,39,,,
2011-03-11,294,72,,,
2011-03-12,306,100,,,
2011-03-13,267,61,,,
2011-03-14,200,17,,,
2011-03-15,300,67,,,
2011-03-16,317,128,,,
2011-03-17,333,139,,,
2011-03-18,317,139,,,
2011-03-19,272,161,,,
2011-03-20,311,144,,,
2011-03-21,261,172,,,
2011-03-22,289,150,,,
2011-03-23,261,83,,,
2011-03-24,300,122,,,
2011-03-25,300,128,,,
2011-03-26,289,111,,,
2011-03-27,217,50,,,
2011-03-28,322,61,,,
2011-03-29,172,28,,,
2011-03-30,211,-11,,,
2011-03-31,294,44,,,
2011-04-01,322,117,,,
2011-04-02,350,94,,,
2011-04-03,356,200,,,
2011-04-04,250,67,,,
2011-04-05,289,44,,,
2011-04-06,356,111,,,
2011-04-07,311,150,,,
2011-04-08,344,128,,,
2011-04-09,350,206,,,
2011-04-10,283,161,,,
2011-04-11,244,111,,,
2011-04-12,283,94,,,
2011-04-13,322,117,,,
2011-04-14,300,128,,,
2011-04-15,233,72,,,
2011-04-16,272,72,,,
2011-04-17,350,133,,,
2011-04-18,350,161,,,
2011-04-19,339,172,,,
2011-04-20,311,144,,,
2011-04-21,350,139,,,
2011-04-22,344,200,,,
2011-04-23,350,178,,,
2011-04-24,328,144,,,
2011-04-25,300,172,,,
2011-04-26,311,117,,,
2011-04-27,239,133,,,
2011-04-28,289,89,,,
2011-04-29,350,161,,,
2011-04-30,311,172,,,
2011-05-01,189,78,,,
2011-05-02,200,78,,,
2011-05-03,233,22,,,
2011-05-04,267,100,,,
2011-05-05,283,122,,,
2011-05-06,339,144,,,
2011-05-07,372,167,,,
2011-05-08,378,183,,,
2011-05-09,367,222,,,
2011-05-10,339,228,,,
2011-05-11,306,167,,,
2011-05-12,317,122,,,
2011-05-13,289,122,,,
2011-05-14,261,122,,,
2011-05-15,261,122,,,
2011-05-16,300,111,,,
2011-05-17,344,167,,,
2011-05-18,333,156,,,
2011-05-19,344,206,,,
2011-05-20,300,156,,,
2011-05-21,333,167,,,
2011-05-22,367,156,,,
2011-05-23,367,200,,,
2011-05-24,350,194,,,
2011-05-25,339,150,,,
2011-05-26,344,161,,,
2011-05-27,406,228,,,
2011-05-28,411,222,,,
2011-05-29,367,233,,,
2011-05-30,361,228,,,
2011-05-31,322,233,,,
2011-06-01,344,233,,,
2011-06-02,350,217,,,
2011-06-03,356,200,,,
2011-06-04,339,217,,,
2011-06-05,344,211,,,
2011-06-06,361,194,,,
2011-06-07,389,217,,,
2011-06-08,406,228,,,
2011-06-09,394,239,,,
2011-06-10,394,233,,,
2011-06-11,378,222,,,
2011-06-12,394,233,,,
2011-06-13,389,233,,,
2011-06-14,417,239,,,
2011-06-15,422,211,,,
2011-06-16,428,250,,,
2011-06-17,417,244,,,
2011-06-18,417,250,,,
2011-06-19,406,267,,,
2011-06-20,394,256,,,
2011-06-21,361,228,,,
2011-06-22,356,183,,,
2011-06-23,372,200,,,
2011-06-24,411,228,,,
2011-06-25,433,228,,,
2011-06-26,422,244,,,
2011-06-27,394,256,,,
2011-06-28,383,244,,,
2011-06-29,383,244,,,
2011-06-30,361,228,,,
2011-07-01,344,217,,,
2011-07-02,350,228,,,
2011-07-03,344,222,,,
2011-07-04,361,211,,,
2011-07-05,372,228,,,
2011-07-06,372,228,,,
2011-07-07,383,228,,,
2011-07-08,389,228,,,
2011-07-09,378,228,,,
2011-07-10,361,233,,,
2011-07-11,361,239,,,
2011-07-12,378,250,,,
2011-07-13,383,250,,,
2011-07-14,383,239,,,
2011-07-15,383,233,,,
2011-07-16,378,244,,,
2011-07-17,367,239,,,
2011-07-18,372,217,,,
2011-07-19,383,244,,,
2011-07-20,383,222,,,
2011-07-21,367,256,,,
2011-07-22,367,244,,,
2011-07-23,361,222,,,
2011-07-24,367,250,,,
2011-07-25,383,239,,,
2011-07-26,389,244,,,
2011-07-27,389,250,,,
2011-07-28,383,250,,,
2011-07-29,372,228,,,
2011-07-30,361,250,,,
2011-07-31,367,233,,,
2011-08-01,372,222,,,
2011-08-02,394,233,,,
2011-08-03,389,256,,,
2011-08-04,389,244,,,
2011-08-05,389,239,,,
2011-08-06,394,239,,,
2011-08-07,394,244,,,
2011-08-08,400,256,,,
2011-08-09,394,256,,,
2011-08-10,406,261,,,
2011-08-11,400,239,,,
2011-08-12,361,228,,,
2011-08-13,322,222,,,
2011-08-14,317,217,,,
2011-08-15,367,222,,,
2011-08-16,372,233,,,
2011-08-17,367,244,,,
2011-08-18,372,239,,,
2011-08-19,372,239,,,
2011-08-20,383,244,,,
2011-08-21,367,244,,,
2011-08-22,367,222,,,
2011-08-23,372,233,,,
2011-08-24,378,239,,,
2011-08-25,394,239,,,
2011-08-26,378,222,,,
2011-08-27,389,211,,,
2011-08-28,389,233,,,
2011-08-29,411,244,,,
2011-08-30,406,267,,,
2011-08-31,372,261,,,
2011-09-01,344,228,,,
2011-09-02,356,217,,,
2011-09-03,378,217,,,
2011-09-04,272,194,,,
2011-09-05,283,144,,,
2011-09-06,311,122,,,
2011-09-07,333,117,,,
2011-09-08,306,200,,,
2011-09-09,306,156,,,
2011-09-10,317,200,,,
2011-09-11,350,167,,,
2011-09-12,372,189,,,
2011-09-13,378,206,,,
2011-09-14,350,194,,,
2011-09-15,194,144,,,
2011-09-16,289,139,,,
2011-09-17,339,194,,,
2011-09-18,333,194,,,
2011-09-19,317,172,,,
2011-09-20,344,172,,,
2011-09-21,333,200,,,
2011-09-22,239,150,,,
2011-09-23,306,128,,,
2011-09-24,356,161,,,
2011-09-25,378,172,,,
2011-09-26,367,150,,,
2011-09-27,372,167,,,
2011-09-28,367,178,,,
2011-09-29,361,206,,,
2011-09-30,267,172,,,
2011-10-01,300,122,,,
2011-10-02,317,144,,,
2011-10-03,294,156,,,
2011-10-04,278,139,,,
2011-10-05,283,156,,,
2011-10-06,306,178,,,
2011-10-07,300,206,,,
2011-10-08,233,133,,,
2011-10-09,233,133,,,
2011-10-10,233,144,,,
2011-10-11,267,133,,,
2011-10-12,289,156,,,
2011-10-13,272,128,,,
2011-10-14,322,122,,,
2011-10-15,294,133,,,
2011-10-16,322,144,,,
2011-10-17,350,139,,,
2011-10-18,200,78,,,
2011-10-19,222,44,,,
2011-10-20,322,83,,,
2011-10-21,317,78,,,
2011-10-22,317,133,,,
2011-10-23,289,106,,,
2011-10-24,294,128,,,
2011-10-25,322,144,,,
2011-10-26,283,144,,,
2011-10-27,117,61,,,
2011-10-28,156,50,,,
2011-10-29,194,22,,,
2011-10-30,222,72,,,
2011-10-31,250,39,,,
2011-11-01,283,106,,,
2011-11-02,244,33,,,
2011-11-03,150,-17,,,
2011-11-04,194,39,,,
2011-11-05,250,89,,,
2011-11-06,239,67,,,
2011-11-07,278,144,,,
2011-11-08,172,61,,,
2011-11-09,139,11,,,
2011-11-10,161,-11,,,
2011-11-11,200,28,,,
2011-11-12,244,106,,,
2011-11-13,261,106,,,
2011-11-14,211,122,,,
2011-11-15,239,100,,,
2011-11-16,206,39,,,
2011-11-17,139,-22,,,
2011-11-18,233,50,,,
2011-11-19,244,72,,,
2011-11-20,172,94,,,
2011-11-21,111,78,,,
2011-11-22,200,61,,,
2011-11-23,228,22,,,
2011-11-24,233,56,,,
2011-11-25,172,100,,,
2011-11-26,111,17,,,
2011-11-27,139,-33,,,
2011-11-28,233,17,,,
2011-11-29,161,17,,,
2011-11-30,183,-11,,,
2011-12-01,172,50,,,
2011-12-02,44,6,,,
2011-12-03,156,28,,,
2011-12-04,89,0,,,
2011-12-05,0,-44,,,
2011-12-06,-28,-72,,,
2011-12-07,111,-50,,,
2011-12-08,161,-22,,,
2011-12-09,100,-11,,,
2011-12-10,22,-17,,,
2011-12-11,50,22,,,
2011-12-12,94,50,,,
2011-12-13,150,94,,,
2011-12-14,161,61,,,
2011-12-15,122,39,,,
2011-12-16,111,6,,,
2011-12-17,122,0,,,
2011-12-18,111,78,,,
2011-12-19,133,28,,,
2011-12-20,83,0,,,
2011-12-21,156,-17,,,
2011-12-22,89,6,,,
2011-12-23,0,-17,,,
2011-12-24,0,-22,,,
2011-12-25,28,-33,,,
2011-12-26,94,-11,,,
2011-12-27,122,-11,,,
2011-12-28,161,22,,,
2011-12-29,200,0,,,
2011-12-30,183,28,,,
2011-12-31,256,56,,,
2012-01-01,122,-11,,,
2012-01-02,122,-33,,,
2012-01-03,189,-6,,,
2012-01-04,178,17,,,
2012-01-05,178,-11,,,
2012-01-06,228,17,,,
2012-01-07,150,0,,,
2012-01-08,139,33,,,
2012-01-09,56,0,,,
2012-01-10,78,-39,,,
2012-01-11,172,6,,,
2012-01-12,50,-39,,,
2012-01-13,117,-22,,,
2012-01-14,189,-17,,,
2012-01-15,217,11,,,
2012-01-16,222,56,,,
2012-01-17,111,6,,,
2012-01-18,194,-33,,,
2012-01-19,244,67,,,
2012-01-20,272,78,,,
2012-01-21,183,6,,,
2012-01-22,200,44,,,
2012-01-23,194,0,,,
2012-01-24,178,50,,,
2012-01-25,94,28,,,
2012-01-26,194,11,,,
2012-01-27,233,39,,,
2012-01-28,111,0,,,
2012-01-29,172,-11,,,
2012-01-30,217,22,,,
2012-01-31,239,44,,,
2012-02-01,222,56,,,
2012-02-02,217,61,,,
2012-02-03,200,72,,,
2012-02-04,117,39,,,
2012-02-05,89,17,,,
2012-02-06,133,39,,,
2012-02-07,128,0,,,
2012-02-08,100,-50,,,
2012-02-09,172,0,,,
2012-02-10,150,17,,,
2012-02-11,33,-33,,,
2012-02-12,6,-33,,,
2012-02-13,189,0,,,
2012-02-14,228,28,,,
2012-02-15,178,67,,,
2012-02-16,78,17,,,
2012-02-17,117,33,,,
2012-02-18,122,44,,,
2012-02-19,172,33,,,
2012-02-20,206,28,,,
2012-02-21,233,0,,,
2012-02-22,267,33,,,
2012-02-23,283,72,,,
2012-02-24,133,6,,,
2012-02-25,172,11,,,
2012-02-26,256,28,,,
2012-02-27,167,94,,,
2012-02-28,289,111,,,
2012-02-29,239,28,,,
2012-03-01,267,61,,,
2012-03-02,222,72,,,
2012-03-03,150,6,,,
2012-03-04,244,28,,,
2012-03-05,256,44,,,
2012-03-06,211,111,,,
2012-03-07,272,122,,,
2012-03-08,167,22,,,
2012-03-09,44,11,,,
2012-03-10,56,22,,,
2012-03-11,233,17,,,
2012-03-12,272,61,,,
2012-03-13,272,106,,,
2012-03-14,267,133,,,
2012-03-15,294,133,,,
2012-03-16,244,139,,,
2012-03-17,311,161,,,
2012-03-18,289,178,,,
2012-03-19,189,89,,,
2012-03-20,133,33,,,
2012-03-21,200,50,,,
2012-03-22,261,39,,,
2012-03-23,300,61,,,
2012-03-24,333,72,,,
2012-03-25,311,133,,,
2012-03-26,278,128,,,
2012-03-27,328,144,,,
2012-03-28,311,133,,,
2012-03-29,322,133,,,
2012-03-30,328,139,,,
2012-03-31,339,106,,,
2012-04-01,344,139,,,
2012-04-02,272,144,,,
2012-04-03,222,89,,,
2012-04-04,261,44,,,
2012-04-05,328,106,,,
2012-04-06,328,139,,,
2012-04-07,317,167,,,
2012-04-08,244,117,,,
2012-04-09,283,144,,,
2012-04-10,294,156,,,
2012-04-11,256,144,,,
2012-04-12,300,167,,,
2012-04-13,306,183,,,
2012-04-14,333,194,,,
2012-04-15,228,100,,,
2012-04-16,256,78,,,
2012-04-17,272,94,,,
2012-04-18,317,128,,,
2012-04-19,333,172,,,
2012-04-20,267,156,,,
2012-04-21,311,94,,,
2012-04-22,322,128,,,
2012-04-23,283,139,,,
2012-04-24,356,133,,,
2012-04-25,394,167,,,
2012-04-26,361,183,,,
2012-04-27,350,189,,,
2012-04-28,356,161,,,
2012-04-29,306,206,,,
2012-04-30,333,172,,,
2012-05-01,361,161,,,
2012-05-02,361,183,,,
2012-05-03,367,194,,,
2012-05-04,372,183,,,
2012-05-05,372,189,,,
2012-05-06,361,194,,,
2012-05-07,250,172,,,
2012-05-08,206,128,,,
2012-05-09,250,122,,,
2012-05-10,189,128,,,
2012-05-11,222,128,,,
2012-05-12,239,133,,,
2012-05-13,250,122,,,
2012-05-14,217,139,,,
2012-05-15,261,117,,,
2012-05-16,289,133,,,
2012-05-17,300,139,,,
2012-05-18,339,172,,,
2012-05-19,350,194,,,
2012-05-20,306,189,,,
2012-05-21,306,183,,,
2012-05-22,328,172,,,
2012-05-23,378,194,,,
2012-05-24,372,217,,,
2012-05-25,356,228,,,
2012-05-26,322,228,,,
2012-05-27,328,217,,,
2012-05-28,356,206,,,
2012-05-29,378,211,,,
2012-05-30,383,217,,,
2012-05-31,306,206,,,
2012-06-01,328,189,,,
2012-06-02,361,206,,,
2012-06-03,356,222,,,
2012-06-04,378,217,,,
2012-06-05,328,206,,,
2012-06-06,361,217,,,
2012-06-07,328,200,,,
2012-06-08,317,189,,,
2012-06-09,406,194,,,
2012-06-10,406,233,,,
2012-06-11,422,233,,,
2012-06-12,356,200,,,
2012-06-13,322,189,,,
2012-06-14,367,211,,,
2012-06-15,361,206,,,
2012-06-16,350,217,,,
2012-06-17,356,206,,,
2012-06-18,389,222,,,
2012-06-19,367,228,,,
2012-06-20,361,228,,,
2012-06-21,344,222,,,
2012-06-22,344,217,,,
2012-06-23,350,211,,,
2012-06-24,361,217,,,
2012-06-25,389,211,,,
2012-06-26,411,222,,,
2012-06-27,400,244,,,
2012-06-28,383,244,,,
2012-06-29,378,222,,,
2012-06-30,367,244,,,
2012-07-01,322,217,,,
2012-07-02,322,217,,,
2012-07-03,350,233,,,
2012-07-04,350,239,,,
2012-07-05,322,206,,,
2012-07-06,344,194,,,
2012-07-07,356,211,,,
2012-07-08,372,211,,,
2012-07-09,350,211,,,
2012-07-10,300,211,,,
2012-07-11,317,200,,,
2012-07-12,344,200,,,
2012-07-13,356,211,,,
2012-07-14,361,222,,,
2012-07-15,361,211,,,
2012-07-16,344,206,,,
2012-07-17,344,222,,,
2012-07-18,344,222,,,
2012-07-19,339,200,,,
2012-07-20,361,222,,,
2012-07-21,372,239,,,
2012-07-22,378,244,,,
2012-07-23,361,239,,,
2012-07-24,361,222,,,
2012-07-25,383,239,,,
2012-07-26,361,222,,,
2012-07-27,311,211,,,
2012-07-28,339,217,,,
2012-07-29,367,217,,,
2012-07-30,367,217,,,
2012-07-31,378,233,,,
2012-08-01,394,256,,,
2012-08-02,411,233,,,
2012-08-03,400,239,,,
2012-08-04,372,244,,,
2012-08-05,356,228,,,
2012-08-06,372,222,,,
2012-08-07,383,256,,,
2012-08-08,350,244,,,
2012-08-09,378,222,,,
2012-08-10,372,222,,,
2012-08-11,389,222,,,
2012-08-12,417,250,,,
2012-08-13,317,222,,,
2012-08-14,378,272,,,
2012-08-15,378,244,,,
2012-08-16,339,256,,,
2012-08-17,333,228,,,
2012-08-18,328,206,,,
2012-08-19,317,211,,,
2012-08-20,344,189,,,
2012-08-21,322,217,,,
2012-08-22,344,189,,,
2012-08-23,339,244,,,
2012-08-24,356,217,,,
2012-08-25,367,222,,,
2012-08-26,356,222,,,
2012-08-27,333,206,,,
2012-08-28,328,200,,,
2012-08-29,333,211,,,
2012-08-30,339,156,,,
2012-08-31,356,178,,,
2012-09-01,356,228,,,
2012-09-02,356,256,,,
2012-09-03,378,228,,,
2012-09-04,383,244,,,
2012-09-05,389,244,,,
2012-09-06,372,222,,,
2012-09-07,389,228,,,
2012-09-08,233,133,,,
2012-09-09,300,167,,,
2012-09-10,333,178,,,
2012-09-11,350,183,,,
2012-09-12,317,217,,,
2012-09-13,228,133,,,
2012-09-14,194,122,,,
2012-09-15,167,111,,,
2012-09-16,272,178,,,
2012-09-17,311,139,,,
2012-09-18,278,167,,,
2012-09-19,317,144,,,
2012-09-20,344,156,,,
2012-09-21,356,194,,,
2012-09-22,339,156,,,
2012-09-23,317,156,,,
2012-09-24,328,183,,,
2012-09-25,344,206,,,
2012-09-26,328,206,,,
2012-09-27,261,189,,,
2012-09-28,189,172,,,
2012-09-29,206,144,,,
2012-09-30,267,128,,,
2012-10-01,267,144,,,
2012-10-02,261,139,,,
2012-10-03,311,139,,,
2012-10-04,239,139,,,
2012-10-05,261,117,,,
2012-10-06,144,72,,,
2012-10-07,106,56,,,
2012-10-08,200,39,,,
2012-10-09,317,100,,,
2012-10-10,194,128,,,
2012-10-11,294,128,,,
2012-10-12,283,194,,,
2012-10-13,300,144,,,
2012-10-14,261,111,,,
2012-10-15,256,122,,,
2012-10-16,272,172,,,
2012-10-17,322,144,,,
2012-10-18,244,111,,,
2012-10-19,261,94,,,
2012-10-20,317,117,,,
2012-10-21,322,161,,,
2012-10-22,289,167,,,
2012-10-23,311,156,,,
2012-10-24,300,189,,,
2012-10-25,211,94,,,
2012-10-26,133,44,,,
2012-10-27,139,33,,,
2012-10-28,189,28,,,
2012-10-29,233,50,,,
2012-10-30,272,33,,,
2012-10-31,272,61,,,
2012-11-01,278,89,,,
2012-11-02,294,111,,,
2012-11-03,228,133,,,
2012-11-04,250,67,,,
2012-11-05,233,83,,,
2012-11-06,267,72,,,
2012-11-07,272,100,,,
2012-11-08,294,117,,,
2012-11-09,272,133,,,
2012-11-10,272,150,,,
2012-11-11,183,22,,,
2012-11-12,139,-17,,,
2012-11-13,150,28,,,
2012-11-14,172,17,,,
2012-11-15,228,33,,,
2012-11-16,189,44,,,
2012-11-17,194,89,,,
2012-11-18,194,111,,,
2012-11-19,244,83,,,
2012-11-20,250,56,,,
2012-11-21,233,106,,,
2012-11-22,261,128,,,
2012-11-23,156,28,,,
2012-11-24,189,-6,,,
2012-11-25,256,50,,,
2012-11-26,228,61,,,
2012-11-27,144,-11,,,
2012-11-28,233,17,,,
2012-11-29,244,56,,,
2012-11-30,250,56,,,
2012-12-01,272,72,,,
2012-12-02,256,100,,,
2012-12-03,261,100,,,
2012-12-04,194,44,,,
2012-12-05,211,6,,,
2012-12-06,272,61,,,
2012-12-07,217,28,,,
2012-12-08,233,61,,,
2012-12-09,144,0,,,
2012-12-10,67,-56,,,
2012-12-11,128,-39,,,
2012-12-12,183,-22,,,
2012-12-13,172,6,,,
2012-12-14,178,89,,,
2012-12-15,161,33,,,
2012-12-16,178,78,,,
2012-12-17,189,0,,,
2012-12-18,244,33,,,
2012-12-19,211,22,,,
2012-12-20,106,-44,,,
2012-12-21,150,-44,,,
2012-12-22,167,-11,,,
2012-12-23,183,39,,,
2012-12-24,183,-17,,,
2012-12-25,128,-56,,,
2012-12-26,50,-72,,,
2012-12-27,139,-28,,,
2012-12-28,72,-33,,,
2012-12-29,100,-72,,,
2012-12-30,72,-6,,,
2012-12-31,144,28,,,
2013-01-01,78,11,,,
2013-01-02,106,-50,,,
2013-01-03,11,-11,,,
2013-01-04,17,-17,,,
2013-01-05,122,-39,,,
2013-01-06,128,-56,,,
2013-01-07,111,0,,,
2013-01-08,83,6,,,
2013-01-09,72,50,,,
2013-01-10,139,56,,,
2013-01-11,183,72,,,
2013-01-12,111,-6,,,
2013-01-13,39,-50,,,
2013-01-14,33,-56,,,
2013-01-15,33,-56,,,
2013-01-16,122,-56,,,
2013-01-17,150,0,,,
2013-01-18,161,6,,,
2013-01-19,206,17,,,
2013-01-20,189,-6,,,
2013-01-21,111,-6,,,
2013-01-22,189,11,,,
2013-01-23,239,61,,,
2013-01-24,256,61,,,
2013-01-25,194,89,,,
2013-01-26,233,67,,,
2013-01-27,244,106,,,
2013-01-28,250,100,,,
2013-01-29,172,44,,,
2013-01-30,106,-22,,,
2013-01-31,172,-17,,,
2013-02-01,194,-6,,,
2013-02-02,172,22,,,
2013-02-03,167,17,,,
2013-02-04,200,56,,,
2013-02-05,239,22,,,
2013-02-06,233,44,,,
2013-02-07,200,61,,,
2013-02-08,167,17,,,
2013-02-09,233,83,,,
2013-02-10,167,39,,,
2013-02-11,194,22,,,
2013-02-12,122,-6,,,
2013-02-13,150,-28,,,
2013-02-14,194,-6,,,
2013-02-15,94,6,,,
2013-02-16,178,-33,,,
2013-02-17,217,0,,,
2013-02-18,200,67,,,
2013-02-19,133,50,,,
2013-02-20,172,78,,,
2013-02-21,161,44,,,
2013-02-22,156,-28,,,
2013-02-23,178,0,,,
2013-02-24,233,39,,,
2013-02-25,78,-22,,,
2013-02-26,200,-50,,,
2013-02-27,122,6,,,
2013-02-28,144,-39,,,
2013-03-01,167,-28,,,
2013-03-02,194,-33,,,
2013-03-03,283,33,,,
2013-03-04,283,128,,,
2013-03-05,144,17,,,
2013-03-06,178,22,,,
2013-03-07,228,44,,,
2013-03-08,256,133,,,
2013-03-09,206,128,,,
2013-03-10,128,28,,,
2013-03-11,217,-17,,,
2013-03-12,189,39,,,
2013-03-13,222,11,,,
2013-03-14,278,67,,,
2013-03-15,306,94,,,
2013-03-16,328,89,,,
2013-03-17,267,72,,,
2013-03-18,244,106,,,
2013-03-19,267,83,,,
2013-03-20,200,50,,,
2013-03-21,311,100,,,
2013-03-22,200,94,,,
2013-03-23,261,33,,,
2013-03-24,122,-33,,,
2013-03-25,122,-22,,,
2013-03-26,178,6,,,
2013-03-27,250,61,,,
2013-03-28,289,83,,,
2013-03-29,267,133,,,
2013-03-30,306,117,,,
2013-03-31,261,156,,,
2013-04-01,300,128,,,
2013-04-02,172,39,,,
2013-04-03,150,33,,,
2013-04-04,244,-11,,,
2013-04-05,283,67,,,
2013-04-06,300,111,,,
2013-04-07,317,117,,,
2013-04-08,317,156,,,
2013-04-09,317,67,,,
2013-04-10,150,11,,,
2013-04-11,217,33,,,
2013-04-12,283,72,,,
2013-04-13,217,139,,,
2013-04-14,317,122,,,
2013-04-15,322,133,,,
2013-04-16,344,144,,,
2013-04-17,344,156,,,
2013-04-18,167,44,,,
2013-04-19,194,28,,,
2013-04-20,267,83,,,
2013-04-21,294,106,,,
2013-04-22,339,144,,,
2013-04-23,206,33,,,
2013-04-24,178,6,,,
2013-04-25,233,122,,,
2013-04-26,322,122,,,
2013-04-27,283,111,,,
2013-04-28,300,144,,,
2013-04-29,311,133,,,
2013-04-30,367,167,,,
2013-05-01,328,94,,,
2013-05-02,133,28,,,
2013-05-03,194,-6,,,
2013-05-04,256,78,,,
2013-05-05,244,83,,,
2013-05-06,244,133,,,
2013-05-07,306,106,,,
2013-05-08,317,161,,,
2013-05-09,317,183,,,
2013-05-10,228,144,,,
2013-05-11,256,111,,,
2013-05-12,267,122,,,
2013-05-13,289,133,,,
2013-05-14,311,150,,,
2013-05-15,344,144,,,
2013-05-16,378,183,,,
2013-05-17,394,172,,,
2013-05-18,378,233,,,
2013-05-19,344,206,,,
2013-05-20,350,194,,,
2013-05-21,289,178,,,
2013-05-22,350,150,,,
2013-05-23,367,194,,,
2013-05-24,300,189,,,
2013-05-25,311,183,,,
2013-05-26,339,172,,,
2013-05-27,356,211,,,
2013-05-28,289,222,,,
2013-05-29,356,222,,,
2013-05-30,367,217,,,
2013-05-31,394,217,,,
2013-06-01,322,222,,,
2013-06-02,317,183,,,
2013-06-03,361,211,,,
2013-06-04,417,233,,,
2013-06-05,406,200,,,
2013-06-06,289,172,,,
2013-06-07,283,183,,,
2013-06-08,333,178,,,
2013-06-09,339,200,,,
2013-06-10,361,206,,,
2013-06-11,350,206,,,
2013-06-12,333,206,,,
2013-06-13,333,217,,,
2013-06-14,272,211,,,
2013-06-15,322,200,,,
2013-06-16,350,206,,,
2013-06-17,361,206,,,
2013-06-18,333,189,,,
2013-06-19,367,222,,,
2013-06-20,361,228,,,
2013-06-21,350,239,,,
2013-06-22,356,233,,,
2013-06-23,372,239,,,
2013-06-24,356,233,,,
2013-06-25,400,239,,,
2013-06-26,417,250,,,
2013-06-27,400,244,,,
2013-06-28,394,217,,,
2013-06-29,389,244,,,
2013-06-30,344,222,,,
2013-07-01,267,189,,,
2013-07-02,300,172,,,
2013-07-03,317,178,,,
2013-07-04,317,206,,,
2013-07-05,350,206,,,
2013-07-06,356,228,,,
2013-07-07,344,217,,,
2013-07-08,344,233,,,
2013-07-09,339,222,,,
2013-07-10,356,228,,,
2013-07-11,361,228,,,
2013-07-12,367,233,,,
2013-07-13,372,233,,,
2013-07-14,378,211,,,
2013-07-15,211,161,,,
2013-07-16,206,172,,,
2013-07-17,256,200,,,
2013-07-18,267,200,,,
2013-07-19,300,194,,,
2013-07-20,322,206,,,
2013-07-21,322,200,,,
2013-07-22,344,217,,,
2013-07-23,361,228,,,
2013-07-24,367,239,,,
2013-07-25,356,233,,,
2013-07-26,367,244,,,
2013-07-27,333,211,,,
2013-07-28,344,200,,,
2013-07-29,350,239,,,
2013-07-30,394,239,,,
2013-07-31,372,244,,,
2013-08-01,372,244,,,
2013-08-02,383,239,,,
2013-08-03,383,256,,,
2013-08-04,367,239,,,
2013-08-05,383,233,,,
2013-08-06,400,228,,,
2013-08-07,378,233,,,
2013-08-08,378,233,,,
2013-08-09,356,228,,,
2013-08-10,333,222,,,
2013-08-11,350,222,,,
2013-08-12,356,222,,,
2013-08-13,350,228,,,
2013-08-14,311,211,,,
2013-08-15,350,211,,,
2013-08-16,339,211,,,
2013-08-17,361,211,,,
2013-08-18,372,222,,,
2013-08-19,367,217,,,
2013-08-20,350,233,,,
2013-08-21,339,206,,,
2013-08-22,344,217,,,
2013-08-23,344,222,,,
2013-08-24,344,211,,,
2013-08-25,344,222,,,
2013-08-26,328,217,,,
2013-08-27,322,206,,,
2013-08-28,322,206,,,
2013-08-29,356,206,,,
2013-08-30,361,222,,,
2013-08-31,367,222,,,
2013-09-01,372,228,,,
2013-09-02,350,250,,,
2013-09-03,356,211,,,
2013-09-04,356,200,,,
2013-09-05,344,200,,,
2013-09-06,328,211,,,
2013-09-07,344,217,,,
2013-09-08,333,217,,,
2013-09-09,317,194,,,
2013-09-10,306,211,,,
2013-09-11,289,217,,,
2013-09-12,306,200,,,
2013-09-13,322,194,,,
2013-09-14,322,194,,,
2013-09-15,328,189,,,
2013-09-16,306,211,,,
2013-09-17,267,206,,,
2013-09-18,294,200,,,
2013-09-19,239,200,,,
2013-09-20,211,161,,,
2013-09-21,267,144,,,
2013-09-22,283,144,,,
2013-09-23,328,156,,,
2013-09-24,322,133,,,
2013-09-25,339,161,,,
2013-09-26,344,194,,,
2013-09-27,322,200,,,
2013-09-28,244,156,,,
2013-09-29,278,94,,,
2013-09-30,339,144,,,
2013-10-01,356,167,,,
2013-10-02,350,178,,,
2013-10-03,339,194,,,
2013-10-04,350,206,,,
2013-10-05,217,122,,,
2013-10-06,267,67,,,
2013-10-07,294,83,,,
2013-10-08,300,106,,,
2013-10-09,311,144,,,
2013-10-10,306,167,,,
2013-10-11,294,150,,,
2013-10-12,306,139,,,
2013-10-13,228,161,,,
2013-10-14,261,183,,,
2013-10-15,206,89,,,
2013-10-16,139,89,,,
2013-10-17,222,72,,,
2013-10-18,256,61,,,
2013-10-19,178,33,,,
2013-10-20,272,78,,,
2013-10-21,200,94,,,
2013-10-22,233,56,,,
2013-10-23,250,94,,,
2013-10-24,250,106,,,
2013-10-25,206,111,,,
2013-10-26,250,89,,,
2013-10-27,217,83,,,
2013-10-28,256,139,,,
2013-10-29,256,194,,,
2013-10-30,239,189,,,
2013-10-31,222,117,,,
2013-11-01,228,83,,,
2013-11-02,206,44,,,
2013-11-03,144,61,,,
2013-11-04,228,106,,,
2013-11-05,250,117,,,
2013-11-06,172,72,,,
2013-11-07,161,39,,,
2013-11-08,133,56,,,
2013-11-09,256,44,,,
2013-11-10,228,39,,,
2013-11-11,194,106,,,
2013-11-12,128,6,,,
2013-11-13,128,-28,,,
2013-11-14,194,44,,,
2013-11-15,261,39,,,
2013-11-16,267,122,,,
2013-11-17,261,133,,,
2013-11-18,167,83,,,
2013-11-19,233,61,,,
2013-11-20,250,128,,,
2013-11-21,272,33,,,
2013-11-22,22,-22,,,
2013-11-23,-17,-22,,,
2013-11-24,-11,-17,,,
2013-11-25,67,-11,,,
2013-11-26,94,-11,,,
2013-11-27,89,-22,,,
2013-11-28,139,6,,,
2013-11-29,156,6,,,
2013-11-30,206,33,,,
2013-12-01,144,67,,,
2013-12-02,239,44,,,
2013-12-03,261,61,,,
2013-12-04,250,100,,,
2013-12-05,67,-50,,,
2013-12-06,-28,-67,,,
2013-12-07,-67,-89,,,
2013-12-08,122,-61,,,
2013-12-09,22,-33,,,
2013-12-10,83,-50,,,
2013-12-11,67,-17,,,
2013-12-12,72,-39,,,
2013-12-13,172,6,,,
2013-12-14,122,0,,,
2013-12-15,150,-22,,,
2013-12-16,194,0,,,
2013-12-17,206,0,,,
2013-12-18,206,22,,,
2013-12-19,239,61,,,
2013-12-20,144,22,,,
2013-12-21,128,56,,,
2013-12-22,83,0,,,
2013-12-23,133,-11,,,
2013-12-24,144,-11,,,
2013-12-25,78,-11,,,
2013-12-26,111,-28,,,
2013-12-27,117,-28,,,
2013-12-28,150,50,,,
2013-12-29,56,-33,,,
2013-12-30,156,-44,,,
2013-12-31,139,-33,,,
2014-01-01,200,11,,,
2014-01-02,94,-33,,,
2014-01-03,150,-17,,,
2014-01-04,200,11,,,
2014-01-05,17,-39,,,
2014-01-06,-6,-106,,,
2014-01-07,100,-78,,,
2014-01-08,183,-6,,,
2014-01-09,167,-44,,,
2014-01-10,206,67,,,
2014-01-11,200,11,,,
2014-01-12,256,50,,,
2014-01-13,156,33,,,
2014-01-14,172,11,,,
2014-01-15,144,-39,,,
2014-01-16,167,22,,,
2014-01-17,139,-28,,,
2014-01-18,200,11,,,
2014-01-19,183,-22,,,
2014-01-20,222,56,,,
2014-01-21,150,-17,,,
2014-01-22,172,0,,,
2014-01-23,44,-67,,,
2014-01-24,72,-106,,,
2014-01-25,194,-17,,,
2014-01-26,222,56,,,
2014-01-27,56,-50,,,
2014-01-28,11,-100,,,
2014-01-29,106,-89,,,
2014-01-30,250,-11,,,
2014-01-31,222,56,,,
2014-02-01,194,33,,,
2014-02-02,28,-28,,,
2014-02-03,11,-17,,,
2014-02-04,144,0,,,
2014-02-05,11,-83,,,
2014-02-06,-56,-111,,,
2014-02-07,106,-72,,,
2014-02-08,194,6,,,
2014-02-09,250,-6,,,
2014-02-10,-11,-50,,,
2014-02-11,0,-56,,,
2014-02-12,167,-72,,,
2014-02-13,233,39,,,
2014-02-14,261,72,,,
2014-02-15,283,56,,,
2014-02-16,278,50,,,
2014-02-17,200,83,,,
2014-02-18,289,67,,,
2014-02-19,278,111,,,
2014-02-20,183,44,,,
2014-02-21,211,17,,,
2014-02-22,256,50,,,
2014-02-23,250,50,,,
2014-02-24,228,67,,,
2014-02-25,139,39,,,
2014-02-26,72,-33,,,
2014-02-27,183,-17,,,
2014-02-28,267,61,,,
2014-03-01,278,100,,,
2014-03-02,178,-67,,,
2014-03-03,28,-83,,,
2014-03-04,178,-22,,,
2014-03-05,194,22,,,
2014-03-06,200,-17,,,
2014-03-07,272,106,,,
2014-03-08,128,33,,,
2014-03-09,178,-6,,,
2014-03-10,233,44,,,
2014-03-11,283,67,,,
2014-03-12,139,28,,,
2014-03-13,189,22,,,
2014-03-14,250,67,,,
2014-03-15,239,106,,,
2014-03-16,156,28,,,
2014-03-17,256,-6,,,
2014-03-18,272,106,,,
2014-03-19,167,22,,,
2014-03-20,250,39,,,
2014-03-21,294,139,,,
2014-03-22,189,72,,,
2014-03-23,133,22,,,
2014-03-24,250,28,,,
2014-03-25,194,44,,,
2014-03-26,256,94,,,
2014-03-27,272,111,,,
2014-03-28,261,133,,,
2014-03-29,233,67,,,
2014-03-30,267,111,,,
2014-03-31,300,139,,,
2014-04-01,311,133,,,
2014-04-02,311,167,,,
2014-04-03,267,111,,,
2014-04-04,194,22,,,
2014-04-05,222,117,,,
2014-04-06,217,89,,,
2014-04-07,206,56,,,
2014-04-08,244,39,,,
2014-04-09,328,100,,,
2014-04-10,333,150,,,
2014-04-11,328,122,,,
2014-04-12,333,150,,,
2014-04-13,306,172,,,
2014-04-14,128,17,,,
2014-04-15,194,-6,,,
2014-04-16,272,83,,,
2014-04-17,250,111,,,
2014-04-18,250,106,,,
2014-04-19,256,139,,,
2014-04-20,272,150,,,
2014-04-21,311,167,,,
2014-04-22,300,144,,,
2014-04-23,328,183,,,
2014-04-24,278,144,,,
2014-04-25,339,133,,,
2014-04-26,344,206,,,
2014-04-27,261,178,,,
2014-04-28,283,117,,,
2014-04-29,222,100,,,
2014-04-30,206,83,,,
2014-05-01,206,94,,,
2014-05-02,261,72,,,
2014-05-03,322,111,,,
2014-05-04,350,139,,,
2014-05-05,372,161,,,
2014-05-06,350,194,,,
2014-05-07,350,161,,,
2014-05-08,300,150,,,
2014-05-09,300,133,,,
2014-05-10,350,150,,,
2014-05-11,344,211,,,
2014-05-12,289,122,,,
2014-05-13,172,78,,,
2014-05-14,222,56,,,
2014-05-15,278,94,,,
2014-05-16,339,144,,,
2014-05-17,306,178,,,
2014-05-18,333,156,,,
2014-05-19,367,183,,,
2014-05-20,372,194,,,
2014-05-21,333,206,,,
2014-05-22,283,217,,,
2014-05-23,306,189,,,
2014-05-24,256,167,,,
2014-05-25,233,150,,,
2014-05-26,294,167,,,
2014-05-27,328,167,,,
2014-05-28,317,167,,,
2014-05-29,317,172,,,
2014-05-30,328,183,,,
2014-05-31,350,200,,,
2014-06-01,367,217,,,
2014-06-02,394,222,,,
2014-06-03,344,211,,,
2014-06-04,383,217,,,
2014-06-05,383,211,,,
2014-06-06,344,233,,,
2014-06-07,339,228,,,
2014-06-08,306,194,,,
2014-06-09,289,167,,,
2014-06-10,333,133,,,
2014-06-11,411,194,,,
2014-06-12,350,228,,,
2014-06-13,339,206,,,
2014-06-14,361,194,,,
2014-06-15,411,228,,,
2014-06-16,350,244,,,
2014-06-17,361,250,,,
2014-06-18,367,189,,,
2014-06-19,333,217,,,
2014-06-20,283,200,,,
2014-06-21,278,211,,,
2014-06-22,350,194,,,
2014-06-23,328,217,,,
2014-06-24,311,194,,,
2014-06-25,311,200,,,
2014-06-26,339,206,,,
2014-06-27,356,228,,,
2014-06-28,394,228,,,
2014-06-29,372,239,,,
2014-06-30,361,239,,,
2014-07-01,344,233,,,
2014-07-02,333,228,,,
2014-07-03,311,217,,,
2014-07-04,339,200,,,
2014-07-05,344,211,,,
2014-07-06,344,200,,,
2014-07-07,356,222,,,
2014-07-08,356,206,,,
2014-07-09,339,217,,,
2014-07-10,339,211,,,
2014-07-11,289,200,,,
2014-07-12,333,211,,,
2014-07-13,356,217,,,
2014-07-14,361,217,,,
2014-07-15,317,222,,,
2014-07-16,344,206,,,
2014-07-17,272,211,,,
2014-07-18,311,194,,,
2014-07-19,344,200,,,
2014-07-20,378,239,,,
2014-07-21,378,244,,,
2014-07-22,367,250,,,
2014-07-23,372,233,,,
2014-07-24,372,222,,,
2014-07-25,367,222,,,
2014-07-26,378,228,,,
2014-07-27,378,239,,,
2014-07-28,361,239,,,
2014-07-29,361,228,,,
2014-07-30,406,233,,,
2014-07-31,289,200,,,
2014-08-01,289,200,,,
2014-08-02,300,211,,,
2014-08-03,339,217,,,
2014-08-04,333,200,,,
2014-08-05,356,217,,,
2014-08-06,372,228,,,
2014-08-07,383,239,,,
2014-08-08,372,239,,,
2014-08-09,367,239,,,
2014-08-10,356,228,,,
2014-08-11,328,233,,,
2014-08-12,339,222,,,
2014-08-13,350,211,,,
2014-08-14,356,211,,,
2014-08-15,378,217,,,
2014-08-16,356,239,,,
2014-08-17,350,211,,,
2014-08-18,333,206,,,
2014-08-19,339,194,,,
2014-08-20,350,222,,,
2014-08-21,361,228,,,
2014-08-22,361,239,,,
2014-08-23,356,222,,,
2014-08-24,378,233,,,
2014-08-25,372,233,,,
2014-08-26,361,233,,,
2014-08-27,356,228,,,
2014-08-28,372,233,,,
2014-08-29,350,206,,,
2014-08-30,356,211,,,
2014-08-31,378,228,,,
2014-09-01,394,244,,,
2014-09-02,383,244,,,
2014-09-03,333,233,,,
2014-09-04,317,206,,,
2014-09-05,267,206,,,
2014-09-06,233,172,,,
2014-09-07,256,167,,,
2014-09-08,317,183,,,
2014-09-09,361,211,,,
2014-09-10,378,233,,,
2014-09-11,294,206,,,
2014-09-12,233,111,,,
2014-09-13,133,89,,,
2014-09-14,206,139,,,
2014-09-15,256,178,,,
2014-09-16,294,200,,,
2014-09-17,322,206,,,
2014-09-18,267,211,,,
2014-09-19,256,200,,,
2014-09-20,278,211,,,
2014-09-21,261,211,,,
2014-09-22,278,206,,,
2014-09-23,283,183,,,
2014-09-24,294,200,,,
2014-09-25,256,178,,,
2014-09-26,256,167,,,
2014-09-27,256,167,,,
2014-09-28,272,150,,,
2014-09-29,289,161,,,
2014-09-30,328,172,,,
2014-10-01,328,189,,,
2014-10-02,283,183,,,
2014-10-03,283,122,,,
2014-10-04,300,117,,,
2014-10-05,317,122,,,
2014-10-06,328,128,,,
2014-10-07,333,161,,,
2014-10-08,333,172,,,
2014-10-09,322,200,,,
2014-10-10,289,150,,,
2014-10-11,200,111,,,
2014-10-12,306,94,,,
2014-10-13,217,100,,,
2014-10-14,250,61,,,
2014-10-15,294,94,,,
2014-10-16,339,122,,,
2014-10-17,300,117,,,
2014-10-18,256,139,,,
2014-10-19,267,139,,,
2014-10-20,250,144,,,
2014-10-21,228,144,,,
2014-10-22,239,139,,,
2014-10-23,289,128,,,
2014-10-24,311,128,,,
2014-10-25,317,150,,,
2014-10-26,317,139,,,
2014-10-27,317,150,,,
2014-10-28,228,128,,,
2014-10-29,256,100,,,
2014-10-30,294,122,,,
2014-10-31,206,94,,,
2014-11-01,211,72,,,
2014-11-02,206,128,,,
2014-11-03,222,161,,,
2014-11-04,161,78,,,
2014-11-05,128,72,,,
2014-11-06,178,94,,,
2014-11-07,189,67,,,
2014-11-08,189,78,,,
2014-11-09,228,61,,,
2014-11-10,272,100,,,
2014-11-11,122,11,,,
2014-11-12,17,-33,,,
2014-11-13,-6,-50,,,
2014-11-14,89,-33,,,
2014-11-15,200,6,,,
2014-11-16,83,-50,,,
2014-11-17,72,-61,,,
2014-11-18,122,-33,,,
2014-11-19,200,-6,,,
2014-11-20,217,39,,,
2014-11-21,217,50,,,
2014-11-22,211,117,,,
2014-11-23,217,50,,,
2014-11-24,139,17,,,
2014-11-25,128,11,,,
2014-11-26,172,33,,,
2014-11-27,183,22,,,
2014-11-28,233,28,,,
2014-11-29,244,50,,,
2014-11-30,256,50,,,
2014-12-01,106,-33,,,
2014-12-02,156,22,,,
2014-12-03,233,56,,,
2014-12-04,167,94,,,
2014-12-05,222,89,,,
2014-12-06,178,44,,,
2014-12-07,128,72,,,
2014-12-08,183,39,,,
2014-12-09,144,44,,,
2014-12-10,144,117,,,
2014-12-11,156,122,,,
2014-12-12,222,106,,,
2014-12-13,222,117,,,
2014-12-14,194,56,,,
2014-12-15,183,39,,,
2014-12-16,122,33,,,
2014-12-17,189,72,,,
2014-12-18,183,44,,,
2014-12-19,128,28,,,
2014-12-20,156,17,,,
2014-12-21,194,44,,,
2014-12-22,194,61,,,
2014-12-23,78,28,,,
2014-12-24,94,-11,,,
2014-12-25,172,6,,,
2014-12-26,194,44,,,
2014-12-27,61,-6,,,
2014-12-28,117,-28,,,
2014-12-29,167,11,,,
2014-12-30,28,-61,,,
2015-01-02,-6,-6,,,
2015-01-03,94,11,,,
2015-01-04,50,-17,,,
2015-01-05,133,-33,,,
2015-01-06,144,0,,,
2015-01-07,33,-56,,,
2015-01-08,39,-72,,,
2015-01-09,17,-22,,,
2015-01-10,39,-33,,,
2015-01-11,172,-17,,,
2015-01-12,56,-17,,,
2015-01-13,-6,-28,,,
2015-01-14,22,-11,,,
2015-01-15,133,17,,,
2015-01-16,156,-22,,,
2015-01-17,189,17,,,
2015-01-18,194,0,,,
2015-01-19,233,33,,,
2015-01-20,200,28,,,
2015-01-21,72,28,,,
2015-01-22,44,0,,,
2015-01-23,78,-44,,,
2015-01-24,144,-6,,,
2015-01-25,172,11,,,
2015-01-26,189,22,,,
2015-01-27,239,28,,,
2015-01-28,261,78,,,
2015-01-29,167,67,,,
2015-01-30,89,50,,,
2015-01-31,111,50,,,
2015-02-01,100,28,,,
2015-02-02,111,-11,,,
2015-02-03,150,22,,,
2015-02-04,239,-6,,,
2015-02-05,67,-11,,,
2015-02-06,211,-11,,,
2015-02-07,272,44,,,
2015-02-08,256,94,,,
2015-02-09,250,50,,,
2015-02-10,272,83,,,
2015-02-11,167,61,,,
2015-02-12,100,44,,,
2015-02-13,211,33,,,
2015-02-14,228,50,,,
2015-02-15,250,33,,,
2015-02-16,83,-6,,,
2015-02-17,89,0,,,
2015-02-18,211,-6,,,
2015-02-19,217,50,,,
2015-02-20,256,67,,,
2015-02-21,183,67,,,
2015-02-22,100,-56,,,
2015-02-23,-50,-72,,,
2015-02-24,44,-50,,,
2015-02-25,172,-6,,,
2015-02-26,94,-33,,,
2015-02-27,-33,-78,,,
2015-02-28,-72,-72,,,
2015-03-01,28,-6,,,
2015-03-02,33,-6,,,
2015-03-03,150,33,,,
2015-03-04,117,-44,,,
2015-03-05,61,-44,,,
2015-03-06,144,-39,,,
2015-03-07,156,11,,,
2015-03-08,183,61,,,
2015-03-09,128,50,,,
2015-03-10,206,22,,,
2015-03-11,217,50,,,
2015-03-12,206,28,,,
2015-03-13,222,33,,,
2015-03-14,206,61,,,
2015-03-15,206,17,,,
2015-03-16,228,56,,,
2015-03-17,144,89,,,
2015-03-18,183,72,,,
2015-03-19,244,117,,,
2015-03-20,128,78,,,
2015-03-21,122,94,,,
2015-03-22,250,100,,,
2015-03-23,278,89,,,
2015-03-24,289,122,,,
2015-03-25,283,106,,,
2015-03-26,172,44,,,
2015-03-27,256,50,,,
2015-03-28,300,89,,,
2015-03-29,317,106,,,
2015-03-30,267,100,,,
2015-03-31,272,139,,,
2015-04-01,294,150,,,
2015-04-02,311,139,,,
2015-04-03,211,100,,,
2015-04-04,156,89,,,
2015-04-05,283,100,,,
2015-04-06,300,150,,,
2015-04-07,322,156,,,
2015-04-08,306,172,,,
2015-04-09,267,167,,,
2015-04-10,233,111,,,
2015-04-11,272,156,,,
2015-04-12,283,144,,,
2015-04-13,206,100,,,
2015-04-14,183,89,,,
2015-04-15,272,78,,,
2015-04-16,278,144,,,
2015-04-17,267,128,,,
2015-04-18,267,111,,,
2015-04-19,239,106,,,
2015-04-20,228,89,,,
2015-04-21,300,106,,,
2015-04-22,311,167,,,
2015-04-23,267,156,,,
2015-04-24,272,156,,,
2015-04-25,283,128,,,
2015-04-26,294,133,,,
2015-04-27,206,78,,,
2015-04-28,150,67,,,
2015-04-29,250,39,,,
2015-04-30,272,100,,,
2015-05-01,294,128,,,
2015-05-02,294,133,,,
2015-05-03,300,139,,,
2015-05-04,267,183,,,
2015-05-05,283,178,,,
2015-05-06,300,172,,,
2015-05-07,322,172,,,
2015-05-08,333,167,,,
2015-05-09,311,178,,,
2015-05-10,294,144,,,
2015-05-11,233,139,,,
2015-05-12,222,117,,,
2015-05-13,261,144,,,
2015-05-14,278,172,,,
2015-05-15,289,167,,,
2015-05-16,311,178,,,
2015-05-17,283,111,,,
2015-05-18,317,150,,,
2015-05-19,294,172,,,
2015-05-20,244,122,,,
2015-05-21,139,106,,,
2015-05-22,261,139,,,
2015-05-23,294,156,,,
2015-05-24,283,161,,,
2015-05-25,283,128,,,
2015-05-26,311,144,,,
2015-05-27,317,206,,,
2015-05-28,289,167,,,
2015-05-29,294,144,,,
2015-05-30,250,156,,,
2015-05-31,272,156,,,
2015-06-01,322,167,,,
2015-06-02,328,189,,,
2015-06-03,339,189,,,
2015-06-04,328,194,,,
2015-06-05,311,183,,,
2015-06-06,317,194,,,
2015-06-07,317,194,,,
2015-06-08,328,206,,,
2015-06-09,339,206,,,
2015-06-10,356,194,,,
2015-06-11,372,211,,,
2015-06-12,322,228,,,
2015-06-13,328,206,,,
2015-06-14,339,172,,,
2015-06-15,267,194,,,
2015-06-16,294,183,,,
2015-06-17,322,200,,,
2015-06-18,339,211,,,
2015-06-19,328,217,,,
2015-06-20,328,200,,,
2015-06-21,328,217,,,
2015-06-22,306,217,,,
2015-06-23,317,200,,,
2015-06-24,322,206,,,
2015-06-25,344,211,,,
2015-06-26,356,217,,,
2015-06-27,328,217,,,
2015-06-28,333,189,,,
2015-06-29,350,200,,,
2015-06-30,311,178,,,
2015-07-01,317,200,,,
2015-07-02,322,217,,,
2015-07-03,317,211,,,
2015-07-04,322,211,,,
2015-07-05,350,228,,,
2015-07-06,367,233,,,
2015-07-07,283,211,,,
2015-07-08,317,200,,,
2015-07-09,322,211,,,
2015-07-10,350,228,,,
2015-07-11,350,233,,,
2015-07-12,372,194,,,
2015-07-13,383,206,,,
2015-07-14,378,211,,,
2015-07-15,372,211,,,
2015-07-16,383,222,,,
2015-07-17,378,211,,,
2015-07-18,383,222,,,
2015-07-19,383,222,,,
2015-07-20,383,250,,,
2015-07-21,356,222,,,
2015-07-22,367,228,,,
2015-07-23,378,239,,,
2015-07-24,372,222,,,
2015-07-25,389,228,,,
2015-07-26,389,244,,,
2015-07-27,394,250,,,
2015-07-28,389,239,,,
2015-07-29,367,250,,,
2015-07-30,372,239,,,
2015-07-31,372,228,,,
2015-08-01,361,233,,,
2015-08-02,372,233,,,
2015-08-03,372,211,,,
2015-08-04,383,211,,,
2015-08-05,394,233,,,
2015-08-06,394,239,,,
2015-08-07,389,228,,,
2015-08-08,400,244,,,
2015-08-09,400,261,,,
2015-08-10,389,244,,,
2015-08-11,378,222,,,
2015-08-12,389,239,,,
2015-08-13,394,233,,,
2015-08-14,400,217,,,
2015-08-15,356,217,,,
2015-08-16,356,228,,,
2015-08-17,361,217,,,
2015-08-18,372,233,,,
2015-08-19,294,183,,,
2015-08-20,333,172,,,
2015-08-21,361,217,,,
2015-08-22,383,244,,,
2015-08-23,350,206,,,
2015-08-24,333,183,,,
2015-08-25,356,211,,,
2015-08-26,350,211,,,
2015-08-27,356,217,,,
2015-08-28,372,217,,,
2015-08-29,278,206,,,
2015-08-30,333,167,,,
2015-08-31,344,183,,,
2015-09-01,344,200,,,
2015-09-02,344,194,,,
2015-09-03,350,200,,,
2015-09-04,350,211,,,
2015-09-05,350,233,,,
2015-09-06,356,228,,,
2015-09-07,356,228,,,
2015-09-08,361,228,,,
2015-09-09,317,217,,,
2015-09-10,350,194,,,
2015-09-11,339,217,,,
2015-09-12,322,200,,,
2015-09-13,356,200,,,
2015-09-14,339,200,,,
2015-09-15,344,183,,,
2015-09-16,333,211,,,
2015-09-17,361,211,,,
2015-09-18,367,228,,,
2015-09-19,267,194,,,
2015-09-20,261,189,,,
2015-09-21,317,189,,,
2015-09-22,317,222,,,
2015-09-23,306,206,,,
2015-09-24,289,189,,,
2015-09-25,311,183,,,
2015-09-26,333,167,,,
2015-09-27,317,167,,,
2015-09-28,328,172,,,
2015-09-29,317,172,,,
2015-09-30,328,150,,,
2015-10-01,344,189,,,
2015-10-02,294,189,,,
2015-10-03,294,178,,,
2015-10-04,206,144,,,
2015-10-05,256,156,,,
2015-10-06,294,133,,,
2015-10-07,289,178,,,
2015-10-08,194,150,,,
2015-10-09,267,172,,,
2015-10-10,256,161,,,
2015-10-11,322,156,,,
2015-10-12,306,178,,,
2015-10-13,300,111,,,
2015-10-14,328,144,,,
2015-10-15,328,172,,,
2015-10-16,250,150,,,
2015-10-17,272,122,,,
2015-10-18,261,150,,,
2015-10-19,261,144,,,
2015-10-20,278,156,,,
2015-10-21,222,167,,,
2015-10-22,222,144,,,
2015-10-23,239,156,,,
2015-10-24,172,89,,,
2015-10-25,206,44,,,
2015-10-26,228,28,,,
2015-10-27,278,89,,,
2015-10-28,206,89,,,
2015-10-29,250,83,,,
2015-10-30,244,139,,,
2015-10-31,222,89,,,
2015-11-01,250,56,,,
2015-11-02,272,89,,,
2015-11-03,267,106,,,
2015-11-04,261,144,,,
2015-11-05,261,67,,,
2015-11-06,211,33,,,
2015-11-07,183,78,,,
2015-11-08,161,78,,,
2015-11-09,239,72,,,
2015-11-10,239,117,,,
2015-11-11,206,67,,,
2015-11-12,194,22,,,
2015-11-13,200,89,,,
2015-11-14,167,94,,,
2015-11-15,161,122,,,
2015-11-16,228,94,,,
2015-11-17,167,61,,,
2015-11-18,211,17,,,
2015-11-19,178,28,,,
2015-11-20,239,22,,,
2015-11-21,111,-6,,,
2015-11-22,167,-22,,,
2015-11-23,172,11,,,
2015-11-24,228,44,,,
2015-11-25,233,106,,,
2015-11-26,217,172,,,
2015-11-27,172,0,,,
2015-11-28,22,0,,,
2015-11-29,61,17,,,
2015-11-30,128,50,,,
2015-12-01,167,28,,,
2015-12-02,161,-6,,,
2015-12-03,172,6,,,
2015-12-04,156,33,,,
2015-12-05,172,39,,,
2015-12-06,172,11,,,
2015-12-07,194,22,,,
2015-12-08,211,22,,,
2015-12-09,222,22,,,
2015-12-10,267,50,,,
2015-12-11,267,94,,,
2015-12-12,211,72,,,
2015-12-13,133,44,,,
2015-12-14,217,33,,,
2015-12-15,144,22,,,
2015-12-16,122,-33,,,
2015-12-17,139,-22,,,
2015-12-18,156,-33,,,
2015-12-19,161,11,,,
2015-12-20,183,83,,,
2015-12-21,200,17,,,
2015-12-22,211,28,,,
2015-12-23,211,94,,,
2015-12-24,211,56,,,
2015-12-25,222,17,,,
2015-12-26,150,0,,,
2015-12-27,-6,-28,,,
2015-12-28,33,-44,,,
2015-12-29,83,-33,,,
2015-12-30,100,-67,,,
2015-12-31,56,-11,,,
2016-01-01,17,-11,,,
2016-01-02,56,6,,,
2016-01-03,128,-17,,,
2016-01-04,100,-28,,,
2016-01-05,83,11,,,
2016-01-06,144,33,,,
2016-01-07,172,50,,,
2016-01-08,150,6,,,
2016-01-09,72,-11,,,
2016-01-10,78,-33,,,
2016-01-11,128,-22,,,
2016-01-12,144,-39,,,
2016-01-13,178,6,,,
2016-01-14,194,6,,,
2016-01-15,189,0,,,
2016-01-16,117,0,,,
2016-01-17,183,0,,,
2016-01-18,106,-17,,,
2016-01-19,217,39,,,
2016-01-20,206,17,,,
2016-01-21,139,0,,,
2016-01-22,139,-28,,,
2016-01-23,189,-11,,,
2016-01-24,239,22,,,
2016-01-25,178,39,,,
2016-01-26,83,0,,,
2016-01-27,111,-22,,,
2016-01-28,194,-6,,,
2016-01-29,239,39,,,
2016-01-30,261,44,,,
2016-01-31,250,94,,,
2016-02-01,250,33,,,
2016-02-02,128,17,,,
2016-02-03,89,-56,,,
2016-02-04,122,-50,,,
2016-02-05,133,-11,,,
2016-02-06,161,-44,,,
2016-02-07,211,6,,,
2016-02-08,133,-33,,,
2016-02-09,194,-22,,,
2016-02-10,239,0,,,
2016-02-11,217,61,,,
2016-02-12,244,11,,,
2016-02-13,244,61,,,
2016-02-14,200,72,,,
2016-02-15,183,17,,,
2016-02-16,206,61,,,
2016-02-17,267,44,,,
2016-02-18,278,117,,,
2016-02-19,306,106,,,
2016-02-22,167,50,,,
2016-02-23,94,28,,,
2016-02-24,150,-11,,,
2016-02-25,150,28,,,
2016-02-26,189,6,,,
2016-02-27,233,39,,,
2016-02-28,239,72,,,
2016-02-29,267,83,,,
2016-03-01,206,89,,,
2016-03-02,294,67,,,
2016-03-03,228,89,,,
2016-03-04,278,83,,,
2016-03-05,233,72,,,
2016-03-06,267,133,,,
2016-03-07,261,139,,,
2016-03-08,244,94,,,
2016-03-09,156,83,,,
2016-03-10,194,72,,,
2016-03-11,206,56,,,
2016-03-12,250,117,,,
2016-03-13,267,94,,,
2016-03-14,294,128,,,
2016-03-15,261,106,,,
2016-03-16,283,56,,,
2016-03-17,256,106,,,
2016-03-18,178,61,,,
2016-03-19,133,6,,,
2016-03-20,161,-17,,,
2016-03-21,233,22,,,
2016-03-22,311,83,,,
2016-03-23,278,100,,,
2016-03-24,194,17,,,
2016-03-25,267,50,,,
2016-03-26,272,78,,,
2016-03-27,194,33,,,
2016-03-28,256,61,,,
2016-03-29,300,133,,,
2016-03-30,289,161,,,
2016-03-31,239,72,,,
2016-04-01,161,28,,,
2016-04-02,194,17,,,
2016-04-03,239,67,,,
2016-04-04,300,100,,,
2016-04-05,306,128,,,
2016-04-06,256,111,,,
2016-04-07,300,89,,,
2016-04-08,233,144,,,
2016-04-09,272,122,,,
2016-04-10,306,161,,,
2016-04-11,267,122,,,
2016-04-12,122,100,,,
2016-04-13,244,100,,,
2016-04-14,289,111,,,
2016-04-15,283,144,,,
2016-04-16,294,133,,,
2016-04-17,250,117,,,
2016-04-18,189,106,,,
2016-04-19,267,139,,,
2016-04-20,289,133,,,
2016-04-21,267,128,,,
2016-04-22,272,133,,,
2016-04-23,300,139,,,
2016-04-24,328,144,,,
2016-04-25,333,144,,,
2016-04-26,317,172,,,
2016-04-27,294,122,,,
2016-04-28,322,139,,,
2016-04-29,294,178,,,
2016-04-30,283,100,,,
2016-05-01,167,106,,,
2016-05-02,222,72,,,
2016-05-03,278,89,,,
2016-05-04,300,72,,,
2016-05-05,311,128,,,
2016-05-06,317,144,,,
2016-05-07,344,178,,,
2016-05-08,339,189,,,
2016-05-09,300,167,,,
2016-05-10,350,139,,,
2016-05-11,350,194,,,
2016-05-12,267,178,,,
2016-05-13,333,183,,,
2016-05-14,217,139,,,
2016-05-15,233,133,,,
2016-05-16,350,150,,,
2016-05-17,228,117,,,
2016-05-18,122,106,,,
2016-05-19,211,117,,,
2016-05-20,333,128,,,
2016-05-21,328,194,,,
2016-05-22,361,233,,,
2016-05-23,378,233,,,
2016-05-24,367,228,,,
2016-05-25,372,211,,,
2016-05-26,356,222,,,
2016-05-27,322,150,,,
2016-05-28,350,150,,,
2016-05-29,278,167,,,
2016-05-30,328,150,,,
2016-05-31,317,161,,,
2016-06-01,289,156,,,
2016-06-02,244,167,,,
2016-06-03,294,172,,,
2016-06-04,322,172,,,
2016-06-05,322,172,,,
2016-06-06,328,183,,,
2016-06-07,333,183,,,
2016-06-08,339,189,,,
2016-06-09,350,206,,,
2016-06-10,333,222,,,
2016-06-11,333,206,,,
2016-06-12,339,189,,,
2016-06-13,378,228,,,
2016-06-14,389,233,,,
2016-06-15,367,211,,,
2016-06-16,367,211,,,
2016-06-17,389,233,,,
2016-06-18,389,228,,,
2016-06-19,333,200,,,
2016-06-20,322,206,,,
2016-06-21,344,217,,,
2016-06-22,372,217,,,
2016-06-23,361,228,,,
2016-06-24,344,206,,,
2016-06-25,350,217,,,
2016-06-26,272,194,,,
2016-06-27,283,206,,,
2016-06-28,333,222,,,
2016-06-29,339,189,,,
2016-06-30,350,206,,,
2016-07-01,350,222,,,
2016-07-02,356,233,,,
2016-07-03,400,283,,,
2016-07-04,417,256,,,
2016-07-05,406,261,,,
2016-07-06,400,261,,,
2016-07-07,406,272,,,
2016-07-08,383,244,,,
2016-07-09,356,294,,,
2016-07-10,383,294,,,
2016-07-11,289,289,,,
2016-07-12,422,294,,,
2016-07-13,400,272,,,
2016-07-14,406,233,,,
2016-07-15,378,256,,,
2016-07-16,372,283,,,
2016-07-17,372,294,,,
2016-07-19,361,272,,,
2016-07-20,361,244,,,
2016-07-21,367,267,,,
2016-07-22,372,250,,,
2016-07-23,372,283,,,
2016-07-24,378,272,,,
2016-07-25,372,300,,,
2016-07-26,367,233,,,
2016-07-27,367,217,,,
2016-07-28,356,222,,,
2016-07-29,350,211,,,
2016-07-30,356,222,,,
2016-07-31,367,228,,,
2016-08-01,372,228,,,
2016-08-02,378,239,,,
2016-08-03,378,244,,,
2016-08-04,383,244,,,
2016-08-05,372,244,,,
2016-08-06,367,233,,,
2016-08-07,378,244,,,
2016-08-08,372,250,,,
2016-08-09,361,239,,,
2016-08-10,344,222,,,
2016-08-11,372,233,,,
2016-08-12,356,222,,,
2016-08-13,317,222,,,
2016-08-14,283,206,,,
2016-08-15,322,172,,,
2016-08-16,328,189,,,
2016-08-17,317,189,,,
2016-08-18,317,217,,,
2016-08-19,311,217,,,
2016-08-20,278,211,,,
2016-08-21,289,194,,,
2016-08-22,300,211,,,
2016-08-23,311,228,,,
2016-08-24,322,189,,,
2016-08-25,333,206,,,
2016-08-26,272,206,,,
2016-08-27,328,200,,,
2016-08-28,328,206,,,
2016-08-29,278,189,,,
2016-08-30,289,200,,,
2016-08-31,300,206,,,
2016-09-01,272,200,,,
2016-09-02,300,189,,,
2016-09-03,311,200,,,
2016-09-04,317,211,,,
2016-09-05,300,211,,,
2016-09-06,311,228,,,
2016-09-07,339,222,,,
2016-09-08,344,217,,,
2016-09-09,361,206,,,
2016-09-10,256,178,,,
2016-09-11,306,156,,,
2016-09-12,339,194,,,
2016-09-13,328,183,,,
2016-09-14,311,206,,,
2016-09-15,322,200,,,
2016-09-16,328,194,,,
2016-09-17,317,189,,,
2016-09-18,344,200,,,
2016-09-19,356,217,,,
2016-09-20,344,217,,,
2016-09-21,333,194,,,
2016-09-22,322,194,,,
2016-09-23,328,189,,,
2016-09-24,317,194,,,
2016-09-25,228,144,,,
2016-09-26,200,156,,,
2016-09-27,261,122,,,
2016-09-28,311,117,,,
2016-09-29,278,128,,,
2016-09-30,272,139,,,
2016-10-01,300,161,,,
2016-10-02,317,161,,,
2016-10-03,322,172,,,
2016-10-04,317,189,,,
2016-10-05,333,167,,,
2016-10-06,339,211,,,
2016-10-07,211,128,,,
2016-10-08,217,144,,,
2016-10-09,261,156,,,
2016-10-10,300,150,,,
2016-10-11,333,144,,,
2016-10-12,339,133,,,
2016-10-13,161,117,,,
2016-10-14,278,156,,,
2016-10-15,344,172,,,
2016-10-16,350,167,,,
2016-10-17,356,150,,,
2016-10-18,306,150,,,
2016-10-19,339,133,,,
2016-10-20,239,139,,,
2016-10-21,244,89,,,
2016-10-22,289,106,,,
2016-10-23,311,161,,,
2016-10-24,300,150,,,
2016-10-25,283,167,,,
2016-10-26,317,133,,,
2016-10-27,300,122,,,
2016-10-28,289,156,,,
2016-10-29,300,150,,,
2016-10-30,322,139,,,
2016-10-31,311,133,,,
2016-11-01,322,144,,,
2016-11-02,278,161,,,
2016-11-03,211,139,,,
2016-11-04,178,144,,,
2016-11-05,178,150,,,
2016-11-06,222,139,,,
2016-11-07,250,150,,,
2016-11-08,172,122,,,
2016-11-09,133,94,,,
2016-11-10,144,100,,,
2016-11-11,183,94,,,
2016-11-12,178,94,,,
2016-11-13,217,72,,,
2016-11-14,256,89,,,
2016-11-15,272,78,,,
2016-11-16,278,100,,,
2016-11-17,250,122,,,
2016-11-18,150,28,,,
2016-11-19,144,-17,,,
2016-11-20,228,28,,,
2016-11-21,261,50,,,
2016-11-22,233,94,,,
2016-11-23,183,33,,,
2016-11-24,233,50,,,
2016-11-25,133,78,,,
2016-11-26,133,78,,,
2016-11-27,194,133,,,
2016-11-28,172,83,,,
2016-11-29,167,72,,,
2016-11-30,128,-28,,,
2016-12-01,183,17,,,
2016-12-02,117,56,,,
2016-12-03,78,56,,,
2016-12-04,83,44,,,
2016-12-05,167,39,,,
2016-12-06,106,17,,,
2016-12-07,83,17,,,
2016-12-08,17,-33,,,
2016-12-09,72,-28,,,
2016-12-10,150,-17,,,
2016-12-11,211,33,,,
2016-12-12,189,11,,,
2016-12-13,156,44,,,
2016-12-14,233,17,,,
2016-12-15,83,-6,,,
2016-12-16,267,72,,,
2016-12-17,261,-89,,,
2016-12-18,-6,-100,,,
2016-12-19,33,-67,,,
2016-12-20,189,-39,,,
2016-12-21,206,44,,,
2016-12-22,111,44,,,
2016-12-23,172,50,,,
2016-12-24,222,56,,,
2016-12-25,178,83,,,
2016-12-26,200,28,,,
2016-12-27,194,17,,,
2016-12-28,250,61,,,
2016-12-29,111,61,,,
2016-12-30,100,39,,,
2016-12-31,217,56,,,
2017-01-01,211,56,,,
2017-01-02,178,67,,,
2017-01-03,172,33,,,
2017-01-04,122,0,,,
2017-01-05,67,-67,,,
2017-01-06,-39,-100,,,
2017-01-07,44,-117,,,
2017-01-08,156,-44,,,
2017-01-09,261,0,,,
2017-01-10,228,56,,,
2017-01-11,278,78,,,
2017-01-12,233,78,,,
2017-01-13,100,22,,,
2017-01-14,28,6,,,
2017-01-15,94,11,,,
2017-01-16,172,22,,,
2017-01-17,61,17,,,
2017-01-18,150,61,,,
2017-01-19,189,50,,,
2017-01-20,194,78,,,
2017-01-21,161,72,,,
2017-01-22,167,67,,,
2017-01-23,239,22,,,
2017-01-24,217,78,,,
2017-01-25,122,-6,,,
2017-01-26,128,-44,,,
2017-01-27,56,-11,,,
2017-01-28,128,-22,,,
2017-01-29,183,-6,,,
2017-01-30,206,11,,,
2017-01-31,233,17,,,
2017-02-01,239,33,,,
2017-02-02,100,-6,,,
2017-02-03,89,-11,,,
2017-02-04,167,28,,,
2017-02-05,256,22,,,
2017-02-06,250,78,,,
2017-02-07,244,100,,,
2017-02-08,272,94,,,
2017-02-09,233,33,,,
2017-02-10,294,72,,,
2017-02-11,328,94,,,
2017-02-12,167,94,,,
2017-02-13,89,33,,,
2017-02-14,78,6,,,
2017-02-15,139,6,,,
2017-02-16,178,33,,,
2017-02-17,233,44,,,
2017-02-18,244,106,,,
2017-02-19,211,106,,,
2017-02-20,217,61,,,
2017-02-21,272,67,,,
2017-02-22,294,94,,,
2017-02-23,289,117,,,
2017-02-24,200,78,,,
2017-02-25,167,11,,,
2017-02-26,211,56,,,
2017-02-27,261,83,,,
2017-02-28,256,117,,,
2017-03-01,167,67,,,
2017-03-02,178,33,,,
2017-03-03,172,44,,,
2017-03-04,178,61,,,
2017-03-05,272,122,,,
2017-03-06,283,128,,,
2017-03-07,194,72,,,
2017-03-08,272,72,,,
2017-03-09,283,156,,,
2017-03-10,222,117,,,
2017-03-11,272,72,,,
2017-03-12,150,44,,,
2017-03-13,189,72,,,
2017-03-14,278,72,,,
2017-03-15,244,94,,,
2017-03-16,311,128,,,
2017-03-17,322,128,,,
2017-03-18,289,133,,,
2017-03-19,317,150,,,
2017-03-20,344,139,,,
2017-03-21,350,156,,,
2017-03-22,317,156,,,
2017-03-23,278,150,,,
2017-03-24,244,106,,,
2017-03-25,250,56,,,
2017-03-26,272,133,,,
2017-03-27,272,78,,,
2017-03-28,300,128,,,
2017-03-29,161,78,,,
2017-03-30,283,44,,,
2017-03-31,317,111,,,
2017-04-01,222,106,,,
2017-04-02,133,72,,,
2017-04-03,278,89,,,
2017-04-04,244,72,,,
2017-04-05,194,50,,,
2017-04-06,244,78,,,
2017-04-07,272,106,,,
2017-04-08,339,128,,,
2017-04-09,328,167,,,
2017-04-10,250,161,,,
2017-04-11,261,144,,,
2017-04-12,217,133,,,
2017-04-13,250,133,,,
2017-04-14,261,167,,,
2017-04-15,294,167,,,
2017-04-16,306,178,,,
2017-04-17,283,139,,,
2017-04-18,311,150,,,
2017-04-19,339,161,,,
2017-04-20,322,172,,,
2017-04-21,328,156,,,
2017-04-22,200,94,,,
2017-04-23,228,56,,,
2017-04-24,344,111,,,
2017-04-25,339,167,,,
2017-04-26,228,133,,,
2017-04-27,339,122,,,
2017-04-28,322,172,,,
2017-04-29,233,44,,,
2017-04-30,222,33,,,
2017-05-01,306,94,,,
2017-05-02,339,139,,,
2017-05-03,267,144,,,
2017-05-04,256,78,,,
2017-05-05,294,106,,,
2017-05-06,333,133,,,
2017-05-07,317,172,,,
2017-05-08,278,172,,,
2017-05-09,289,194,,,
2017-05-10,306,172,,,
2017-05-11,283,111,,,
2017-05-12,278,117,,,
2017-05-13,322,133,,,
2017-05-14,361,183,,,
2017-05-15,333,211,,,
2017-05-16,367,206,,,
2017-05-17,311,178,,,
2017-05-18,339,167,,,
2017-05-19,322,161,,,
2017-05-20,261,139,,,
2017-05-21,211,139,,,
2017-05-22,256,144,,,
2017-05-23,206,133,,,
2017-05-24,317,106,,,
2017-05-25,383,150,,,
2017-05-26,372,206,,,
2017-05-27,378,217,,,
2017-05-28,294,178,,,
2017-05-29,306,144,,,
2017-05-30,306,189,,,
2017-05-31,272,172,,,
2017-06-01,294,172,,,
2017-06-02,322,183,,,
2017-06-03,289,167,,,
2017-06-04,317,167,,,
2017-06-05,328,172,,,
2017-06-06,328,189,,,
2017-06-07,333,200,,,
2017-06-08,328,211,,,
2017-06-09,372,211,,,
2017-06-10,372,228,,,
2017-06-11,378,222,,,
2017-06-12,389,222,,,
2017-06-13,372,217,,,
2017-06-14,383,233,,,
2017-06-15,383,228,,,
2017-06-16,428,233,,,
2017-06-17,439,222,,,
2017-06-18,367,228,,,
2017-06-19,339,228,,,
2017-06-20,367,233,,,
2017-06-21,383,233,,,
2017-06-22,394,233,,,
2017-06-23,411,239,,,
2017-06-24,317,200,,,
2017-06-25,328,211,,,
2017-06-26,272,167,,,
2017-06-27,322,194,,,
2017-06-28,356,206,,,
2017-06-29,417,222,,,
2017-06-30,406,244,,,
2017-07-01,344,206,,,
2017-07-02,356,206,,,
2017-07-03,372,228,,,
2017-07-04,372,211,,,
2017-07-05,328,206,,,
2017-07-06,317,194,,,
2017-07-07,344,217,,,
2017-07-08,350,217,,,
2017-07-09,356,222,,,
2017-07-10,356,222,,,
2017-07-11,344,222,,,
2017-07-12,344,228,,,
2017-07-13,333,233,,,
2017-07-14,283,233,,,
2017-07-15,356,233,,,
2017-07-16,367,206,,,
2017-07-17,367,211,,,
2017-07-18,356,222,,,
2017-07-19,344,239,,,
2017-07-20,361,228,,,
2017-07-21,367,233,,,
2017-07-22,378,222,,,
2017-07-23,317,211,,,
2017-07-24,350,233,,,
2017-07-25,356,228,,,
2017-07-26,356,233,,,
2017-07-27,361,233,,,
2017-07-28,367,233,,,
2017-07-29,372,233,,,
2017-07-30,378,244,,,
2017-07-31,333,233,,,
2017-08-01,283,206,,,
2017-08-02,300,211,,,
2017-08-03,311,194,,,
2017-08-04,333,211,,,
2017-08-05,350,222,,,
2017-08-06,367,228,,,
2017-08-07,311,222,,,
2017-08-08,300,222,,,
2017-08-09,333,211,,,
2017-08-10,344,228,,,
2017-08-11,344,222,,,
2017-08-12,339,217,,,
2017-08-13,372,217,,,
2017-08-14,344,206,,,
2017-08-15,283,211,,,
2017-08-16,361,206,,,
2017-08-17,350,228,,,
2017-08-18,356,211,,,
2017-08-19,350,217,,,
2017-08-20,356,233,,,
2017-08-21,339,217,,,
2017-08-22,356,211,,,
2017-08-23,306,200,,,
2017-08-24,322,217,,,
2017-08-25,311,211,,,
2017-08-26,311,217,,,
2017-08-27,317,178,,,
2017-08-28,317,183,,,
2017-08-29,311,156,,,
2017-08-30,317,150,,,
2017-08-31,322,150,,,
2017-09-01,333,161,,,
2017-09-02,356,189,,,
2017-09-03,333,183,,,
2017-09-04,339,194,,,
2017-09-05,317,183,,,
2017-09-06,289,167,,,
2017-09-07,306,167,,,
2017-09-08,306,156,,,
2017-09-09,300,161,,,
2017-09-10,300,167,,,
2017-09-11,317,167,,,
2017-09-12,361,167,,,
2017-09-13,378,206,,,
2017-09-14,394,206,,,
2017-09-15,350,239,,,
2017-09-16,339,233,,,
2017-09-17,350,211,,,
2017-09-18,361,211,,,
2017-09-19,367,239,,,
2017-09-20,383,217,,,
2017-09-21,361,233,,,
2017-09-22,322,217,,,
2017-09-23,300,228,,,
2017-09-24,256,189,,,
2017-09-25,278,178,,,
2017-09-26,239,172,,,
2017-09-27,172,150,,,
2017-09-28,183,161,,,
2017-09-29,172,150,,,
2017-09-30,178,161,,,
2017-10-01,267,161,,,
2017-10-02,300,189,,,
2017-10-03,267,206,,,
2017-10-04,272,211,,,
2017-10-05,294,211,,,
2017-10-06,322,200,,,
2017-10-07,283,144,,,
2017-10-08,328,128,,,
2017-10-09,294,100,,,
2017-10-10,189,83,,,
2017-10-11,256,122,,,
2017-10-12,311,150,,,
2017-10-13,322,178,,,
2017-10-14,328,200,,,
2017-10-15,211,100,,,
2017-10-16,222,39,,,
2017-10-17,267,78,,,
2017-10-18,294,106,,,
2017-10-19,239,139,,,
2017-10-20,267,150,,,
2017-10-21,300,150,,,
2017-10-22,239,72,,,
2017-10-23,306,94,,,
2017-10-24,206,61,,,
2017-10-25,239,44,,,
2017-10-26,311,89,,,
2017-10-27,133,56,,,
2017-10-28,161,11,,,
2017-10-29,239,39,,,
2017-10-30,172,72,,,
2017-10-31,156,44,,,
2017-11-01,278,72,,,
2017-11-02,289,133,,,
2017-11-03,289,83,,,
2017-11-04,311,128,,,
2017-11-05,311,167,,,
2017-11-06,317,144,,,
2017-11-07,178,89,,,
2017-11-08,83,22,,,
2017-11-09,156,11,,,
2017-11-10,144,67,,,
2017-11-11,250,111,,,
2017-11-12,144,94,,,
2017-11-13,183,106,,,
2017-11-14,278,161,,,
2017-11-15,206,100,,,
2017-11-16,233,89,,,
2017-11-17,311,117,,,
2017-11-18,178,17,,,
2017-11-19,139,-17,,,
2017-11-20,211,11,,,
2017-11-21,228,72,,,
2017-11-22,156,17,,,
2017-11-23,239,17,,,
2017-11-24,272,72,,,
2017-11-25,222,83,,,
2017-11-26,222,22,,,
2017-11-27,261,78,,,
2017-11-28,278,56,,,
2017-11-29,172,22,,,
2017-11-30,183,39,,,
2017-12-01,228,28,,,
2017-12-02,233,100,,,
2017-12-03,239,100,,,
2017-12-04,256,111,,,
2017-12-05,117,50,,,
2017-12-06,56,17,,,
2017-12-07,28,-17,,,
2017-12-08,122,-28,,,
2017-12-09,189,-11,,,
2017-12-10,200,-11,,,
2017-12-11,183,11,,,
2017-12-12,156,-17,,,
2017-12-13,200,-6,,,
2017-12-14,133,-17,,,
2017-12-15,122,-22,,,
2017-12-16,106,-6,,,
2017-12-17,200,22,,,
2017-12-18,183,11,,,
2017-12-19,194,56,,,
2017-12-20,217,33,,,
2017-12-21,250,67,,,
2017-12-22,111,-17,,,
2017-12-23,178,-28,,,
2017-12-24,111,-6,,,
2017-12-25,139,-39,,,
2017-12-26,61,-50,,,
2017-12-27,-17,-56,,,
2017-12-28,94,-17,,,
2017-12-29,139,0,,,
2017-12-30,50,-6,,,
2017-12-31,6,-78,,,
2018-01-01,-39,-122,,,
2018-01-02,-11,-100,,,
2018-01-03,139,-100,,,
2018-01-04,100,-6,,,
2018-01-05,183,-50,,,
2018-01-06,183,-22,,,
2018-01-07,206,33,,,
2018-01-08,189,-6,,,
2018-01-09,250,50,,,
2018-01-10,250,83,,,
2018-01-11,122,-6,,,
2018-01-12,167,-22,,,
2018-01-13,100,-39,,,
2018-01-14,144,-11,,,
2018-01-15,183,-22,,,
2018-01-16,-17,-61,,,
2018-01-17,28,-56,,,
2018-01-18,106,-44,,,
2018-01-19,206,-44,,,
2018-01-20,256,0,,,
2018-01-21,161,39,,,
2018-01-22,139,-6,,,
2018-01-23,156,-39,,,
2018-01-24,161,-50,,,
2018-01-25,150,-11,,,
2018-01-26,200,67,,,
2018-01-27,156,-6,,,
2018-01-28,189,-33,,,
2018-01-29,167,-17,,,
2018-01-30,211,11,,,
2018-01-31,250,22,,,
2018-02-01,139,33,,,
2018-02-02,117,-11,,,
2018-02-03,244,33,,,
2018-02-04,211,6,,,
2018-02-05,217,-28,,,
2018-02-06,100,17,,,
2018-02-07,122,-22,,,
2018-02-08,189,-6,,,
2018-02-09,250,11,,,
2018-02-10,78,-28,,,
2018-02-11,61,-44,,,
2018-02-12,128,-11,,,
2018-02-13,189,17,,,
2018-02-14,278,78,,,
2018-02-15,272,106,,,
2018-02-16,167,72,,,
2018-02-17,217,56,,,
2018-02-18,256,89,,,
2018-02-19,250,133,,,
2018-02-20,244,39,,,
2018-02-21,33,-39,,,
2018-02-22,100,-33,,,
2018-02-23,189,39,,,
2018-02-24,206,28,,,
2018-02-25,217,6,,,
2018-02-26,222,-39,,,
2018-02-27,250,106,,,
2018-02-28,217,122,,,
2018-03-01,183,56,,,
2018-03-02,217,39,,,
2018-03-03,244,94,,,
2018-03-04,289,144,,,
2018-03-05,194,100,,,
2018-03-06,194,11,,,
2018-03-07,189,28,,,
2018-03-08,222,94,,,
2018-03-09,278,78,,,
2018-03-10,289,56,,,
2018-03-11,206,78,,,
2018-03-12,161,72,,,
2018-03-13,183,50,,,
2018-03-14,206,50,,,
2018-03-15,256,89,,,
2018-03-16,267,78,,,
2018-03-17,272,122,,,
2018-03-18,267,144,,,
2018-03-19,217,94,,,
2018-03-20,206,0,,,
2018-03-21,278,78,,,
2018-03-22,322,117,,,
2018-03-23,311,144,,,
2018-03-24,311,128,,,
2018-03-25,311,150,,,
2018-03-26,278,178,,,
2018-03-27,194,83,,,
2018-03-28,200,83,,,
2018-03-29,206,89,,,
2018-03-30,244,83,,,
2018-03-31,311,133,,,
2018-04-01,261,83,,,
2018-04-02,306,67,,,
2018-04-03,294,100,,,
2018-04-04,211,50,,,
2018-04-05,322,100,,,
2018-04-06,294,56,,,
2018-04-07,122,11,,,
2018-04-08,356,28,,,
2018-04-09,211,72,,,
2018-04-10,256,61,,,
2018-04-11,339,133,,,
2018-04-12,361,156,,,
2018-04-13,256,94,,,
2018-04-14,194,44,,,
2018-04-15,250,61,,,
2018-04-16,322,94,,,
2018-04-17,350,144,,,
2018-04-18,244,144,,,
2018-04-19,244,106,,,
2018-04-20,222,128,,,
2018-04-21,256,111,,,
2018-04-22,239,56,,,
2018-04-23,289,100,,,
2018-04-24,339,144,,,
2018-04-25,194,78,,,
2018-04-26,300,56,,,
2018-04-27,244,78,,,
2018-04-28,294,122,,,
2018-04-29,294,150,,,
2018-04-30,283,167,,,
2018-05-01,317,189,,,
2018-05-02,344,211,,,
2018-05-03,294,150,,,
2018-05-04,267,172,,,
2018-05-05,300,128,,,
2018-05-06,333,150,,,
2018-05-07,350,167,,,
2018-05-08,356,200,,,
2018-05-09,361,200,,,
2018-05-10,367,194,,,
2018-05-11,383,206,,,
2018-05-12,372,211,,,
2018-05-13,367,222,,,
2018-05-14,344,211,,,
2018-05-15,383,183,,,
2018-05-16,372,189,,,
2018-05-17,372,189,,,
2018-05-18,372,211,,,
2018-05-19,333,211,,,
2018-05-20,267,144,,,
2018-05-21,294,161,,,
2018-05-22,317,194,,,
2018-05-23,317,211,,,
2018-05-24,344,189,,,
2018-05-25,378,211,,,
2018-05-26,411,222,,,
2018-05-27,400,250,,,
2018-05-28,383,239,,,
2018-05-29,394,222,,,
2018-05-30,417,217,,,
2018-05-31,411,239,,,
2018-06-01,422,244,,,
2018-06-02,383,228,,,
2018-06-03,339,194,,,
2018-06-04,317,178,,,
2018-06-05,400,222,,,
2018-06-06,400,233,,,
2018-06-07,378,239,,,
2018-06-08,350,211,,,
2018-06-09,356,239,,,
2018-06-10,361,233,,,
2018-06-11,406,228,,,
2018-06-12,378,250,,,
2018-06-13,356,239,,,
2018-06-14,350,233,,,
2018-06-15,344,228,,,
2018-06-16,339,206,,,
2018-06-17,272,194,,,
2018-06-18,350,211,,,
2018-06-19,339,222,,,
2018-06-20,333,217,,,
2018-06-21,361,233,,,
2018-06-22,372,228,,,
2018-06-23,411,244,,,
2018-06-24,422,256,,,
2018-06-25,361,244,,,
2018-06-26,356,233,,,
2018-06-27,372,239,,,
2018-06-28,372,250,,,
2018-06-29,367,217,,,
2018-06-30,328,206,,,
2018-07-01,378,228,,,
2018-07-02,367,233,,,
2018-07-03,367,233,,,
2018-07-04,372,244,,,
2018-07-05,300,228,,,
2018-07-06,344,211,,,
2018-07-07,328,211,,,
2018-07-08,311,211,,,
2018-07-09,306,222,,,
2018-07-10,322,217,,,
2018-07-11,339,222,,,
2018-07-12,356,222,,,
2018-07-13,356,228,,,
2018-07-14,361,228,,,
2018-07-15,350,244,,,
2018-07-16,356,233,,,
2018-07-17,367,222,,,
2018-07-18,389,228,,,
2018-07-19,400,250,,,
2018-07-20,394,244,,,
2018-07-21,389,233,,,
2018-07-22,400,239,,,
2018-07-23,406,250,,,
2018-07-24,361,239,,,
2018-07-25,367,261,,,
2018-07-26,356,233,,,
2018-07-27,356,244,,,
2018-07-28,367,244,,,
2018-07-29,383,239,,,
2018-07-30,339,244,,,
2018-07-31,322,194,,,
2018-08-01,344,206,,,
2018-08-02,367,233,,,
2018-08-03,356,239,,,
2018-08-04,350,244,,,
2018-08-05,339,233,,,
2018-08-06,339,206,,,
2018-08-07,361,222,,,
2018-08-08,356,233,,,
2018-08-09,306,194,,,
2018-08-10,306,206,,,
2018-08-11,306,200,,,
2018-08-12,256,200,,,
2018-08-13,328,200,,,
2018-08-14,344,200,,,
2018-08-15,356,217,,,
2018-08-16,356,233,,,
2018-08-17,361,239,,,
2018-08-18,361,244,,,
2018-08-19,361,228,,,
2018-08-20,339,233,,,
2018-08-21,361,239,,,
2018-08-22,361,228,,,
2018-08-23,367,222,,,
2018-08-24,378,244,,,
2018-08-25,367,239,,,
2018-08-26,367,233,,,
2018-08-27,383,233,,,
2018-08-28,372,244,,,
2018-08-29,356,239,,,
2018-08-30,361,228,,,
2018-08-31,367,233,,,
2018-09-01,356,200,,,
2018-09-02,300,206,,,
2018-09-03,300,194,,,
2018-09-04,311,211,,,
2018-09-05,317,211,,,
2018-09-06,278,206,,,
2018-09-07,233,200,,,
2018-09-08,250,189,,,
2018-09-09,272,183,,,
2018-09-10,283,172,,,
2018-09-11,289,172,,,
2018-09-12,300,178,,,
2018-09-13,317,194,,,
2018-09-14,300,200,,,
2018-09-15,272,200,,,
2018-09-16,283,194,,,
2018-09-17,289,200,,,
2018-09-18,311,206,,,
2018-09-19,311,206,,,
2018-09-20,283,206,,,
2018-09-21,272,178,,,
2018-09-22,261,139,,,
2018-09-23,283,111,,,
2018-09-24,317,150,,,
2018-09-25,344,178,,,
2018-09-26,206,122,,,
2018-09-27,250,122,,,
2018-09-28,317,161,,,
2018-09-29,300,189,,,
2018-09-30,306,189,,,
2018-10-01,300,200,,,
2018-10-02,311,211,,,
2018-10-03,333,211,,,
2018-10-04,328,211,,,
2018-10-05,328,183,,,
2018-10-06,256,183,,,
2018-10-07,261,189,,,
2018-10-08,244,150,,,
2018-10-09,239,122,,,
2018-10-10,222,89,,,
2018-10-11,206,133,,,
2018-10-12,267,183,,,
2018-10-13,217,139,,,
2018-10-14,283,44,,,
2018-10-15,50,28,,,
2018-10-16,56,28,,,
2018-10-17,89,56,,,
2018-10-18,94,61,,,
2018-10-19,194,94,,,
2018-10-20,189,128,,,
2018-10-21,172,78,,,
2018-10-22,183,106,,,
2018-10-23,161,117,,,
2018-10-24,122,83,,,
2018-10-25,233,106,,,
2018-10-26,256,89,,,
2018-10-27,267,128,,,
2018-10-28,278,122,,,
2018-10-29,283,122,,,
2018-10-30,289,144,,,
2018-10-31,161,72,,,
2018-11-01,172,28,,,
2018-11-02,217,50,,,
2018-11-03,239,67,,,
2018-11-04,172,50,,,
2018-11-05,267,117,,,
2018-11-06,267,106,,,
2018-11-07,133,89,,,
2018-11-08,100,72,,,
2018-11-09,117,44,,,
2018-11-10,117,44,,,
2018-11-11,206,22,,,
2018-11-12,72,-28,,,
2018-11-13,94,-50,,,
2018-11-14,150,-39,,,
2018-11-15,189,11,,,
2018-11-16,206,6,,,
2018-11-17,194,28,,,
2018-11-18,67,6,,,
2018-11-19,172,-6,,,
2018-11-20,133,-17,,,
2018-11-21,122,22,,,
2018-11-22,161,28,,,
2018-11-23,211,78,,,
2018-11-24,228,50,,,
2018-11-25,167,11,,,
2018-11-26,139,-39,,,
2018-11-27,200,17,,,
2018-11-28,239,28,,,
2018-11-29,278,67,,,
2018-11-30,233,100,,,
2018-12-01,189,67,,,
2018-12-02,189,28,,,
2018-12-03,139,0,,,
2018-12-04,144,6,,,
2018-12-05,133,6,,,
2018-12-06,122,39,,,
2018-12-07,39,17,,,
2018-12-08,44,11,,,
2018-12-09,94,-22,,,
2018-12-10,128,-28,,,
2018-12-11,144,6,,,
2018-12-12,194,56,,,
2018-12-13,106,6,,,
2018-12-14,128,-11,,,
2018-12-15,183,-33,,,
2018-12-16,133,39,,,
2018-12-17,122,39,,,
2018-12-18,144,33,,,
2018-12-19,189,39,,,
2018-12-20,139,28,,,
2018-12-21,206,0,,,
2018-12-22,239,67,,,
2018-12-23,117,11,,,
2018-12-24,194,17,,,
2018-12-25,183,56,,,
2018-12-26,189,83,,,
2018-12-27,117,39,,,
2018-12-28,22,-22,,,
2018-12-29,6,-28,,,
2018-12-30,67,6,,,
2018-12-31,156,11,,,
2019-01-01,6,-44,,,
2019-01-02,-11,-39,,,
2019-01-03,122,-33,,,
2019-01-04,178,-11,,,
2019-01-05,206,-28,,,
2019-01-06,206,67,,,
2019-01-07,206,50,,,
2019-01-08,144,39,,,
2019-01-09,100,50,,,
2019-01-10,178,61,,,
2019-01-11,178,72,,,
2019-01-12,133,22,,,
2019-01-13,94,0,,,
2019-01-14,72,-6,,,
2019-01-15,133,44,,,
2019-01-16,217,22,,,
2019-01-17,217,44,,,
2019-01-18,211,72,,,
2019-01-19,150,11,,,
2019-01-20,178,11,,,
2019-01-21,211,33,,,
2019-01-22,167,0,,,
2019-01-23,117,-61,,,
2019-01-24,128,-6,,,
2019-01-25,161,-44,,,
2019-01-26,144,-33,,,
2019-01-27,156,-22,,,
2019-01-28,133,22,,,
2019-01-29,78,-39,,,
2019-01-30,117,11,,,
2019-01-31,217,17,,,
2019-02-01,211,50,,,
2019-02-02,222,94,,,
2019-02-03,239,78,,,
2019-02-04,256,89,,,
2019-02-05,239,94,,,
2019-02-06,256,133,,,
2019-02-07,133,0,,,
2019-02-08,17,-50,,,
2019-02-09,33,-17,,,
2019-02-10,111,28,,,
2019-02-11,189,56,,,
2019-02-12,144,-11,,,
2019-02-13,194,0,,,
2019-02-14,256,89,,,
2019-02-15,267,100,,,
2019-02-16,256,17,,,
2019-02-17,139,17,,,
2019-02-18,67,-11,,,
2019-02-19,33,-39,,,
2019-02-20,139,-39,,,
2019-02-21,189,56,,,
2019-02-22,222,39,,,
2019-02-23,172,17,,,
2019-02-24,161,-44,,,
2019-02-25,206,33,,,
2019-02-26,256,56,,,
2019-02-27,250,28,,,
2019-02-28,172,-6,,,
2019-03-01,278,78,,,
2019-03-02,133,39,,,
2019-03-03,33,-28,,,
2019-03-04,17,-72,,,
2019-03-05,78,-67,,,
2019-03-06,150,-22,,,
2019-03-07,239,28,,,
2019-03-08,267,106,,,
2019-03-09,206,89,,,
2019-03-10,156,72,,,
2019-03-11,106,67,,,
2019-03-12,200,94,,,
2019-03-13,200,72,,,
2019-03-14,167,50,,,
2019-03-15,117,22,,,
2019-03-16,128,33,,,
2019-03-17,172,33,,,
2019-03-18,178,33,,,
2019-03-19,200,56,,,
2019-03-20,167,78,,,
2019-03-21,200,72,,,
2019-03-22,200,111,,,
2019-03-23,239,100,,,
2019-03-24,278,128,,,
2019-03-25,244,72,,,
2019-03-26,233,100,,,
2019-03-27,250,133,,,
2019-03-28,294,150,,,
2019-03-29,311,139,,,
2019-03-30,167,61,,,
2019-03-31,122,22,,,
2019-04-01,178,33,,,
2019-04-02,250,39,,,
2019-04-03,283,106,,,
2019-04-04,283,78,,,
2019-04-05,283,122,,,
2019-04-06,272,128,,,
2019-04-07,300,111,,,
2019-04-08,306,83,,,
2019-04-09,350,144,,,
2019-04-10,356,150,,,
2019-04-11,222,111,,,
2019-04-12,233,56,,,
2019-04-13,94,50,,,
2019-04-14,239,33,,,
2019-04-15,289,111,,,
2019-04-16,294,150,,,
2019-04-17,272,128,,,
2019-04-18,233,122,,,
2019-04-19,244,83,,,
2019-04-20,311,106,,,
2019-04-21,322,156,,,
2019-04-22,228,167,,,
2019-04-23,239,128,,,
2019-04-24,178,117,,,
2019-04-25,311,111,,,
2019-04-26,261,139,,,
2019-04-27,328,156,,,
2019-04-28,317,150,,,
2019-04-29,306,172,,,
2019-04-30,311,178,,,
2019-05-01,311,178,,,
2019-05-02,267,178,,,
2019-05-03,244,144,,,
2019-05-04,256,122,,,
2019-05-05,306,167,,,
2019-05-06,306,139,,,
2019-05-07,272,178,,,
2019-05-08,294,156,,,
2019-05-09,217,122,,,
2019-05-10,111,67,,,
2019-05-11,217,78,,,
2019-05-12,267,100,,,
2019-05-13,239,133,,,
2019-05-14,261,111,,,
2019-05-15,283,150,,,
2019-05-16,289,172,,,
2019-05-17,328,194,,,
2019-05-18,294,139,,,
2019-05-19,306,111,,,
2019-05-20,306,172,,,
2019-05-21,267,111,,,
2019-05-22,333,111,,,
2019-05-23,317,233,,,
2019-05-24,289,217,,,
2019-05-25,289,217,,,
2019-05-26,267,211,,,
2019-05-27,333,206,,,
2019-05-28,322,200,,,
2019-05-29,267,139,,,
2019-05-30,244,161,,,
2019-05-31,278,178,,,
2019-06-01,317,206,,,
2019-06-02,294,200,,,
2019-06-03,306,172,,,
2019-06-04,311,178,,,
2019-06-05,328,172,,,
2019-06-06,317,150,,,
2019-06-07,333,161,,,
2019-06-08,383,194,,,
2019-06-09,333,183,,,
2019-06-10,233,167,,,
2019-06-11,294,167,,,
2019-06-12,300,167,,,
2019-06-13,322,183,,,
2019-06-14,367,211,,,
2019-06-15,394,206,,,
2019-06-16,356,222,,,
2019-06-17,328,211,,,
2019-06-18,361,200,,,
2019-06-19,394,183,,,
2019-06-20,406,189,,,
2019-06-21,400,233,,,
2019-06-22,389,244,,,
2019-06-23,372,233,,,
2019-06-24,378,189,,,
2019-06-25,361,194,,,
2019-06-26,328,194,,,
2019-06-27,339,211,,,
2019-06-28,344,217,,,
2019-06-29,350,211,,,
2019-06-30,378,194,,,
2019-07-01,356,211,,,
2019-07-02,344,217,,,
2019-07-03,344,178,,,
2019-07-04,339,200,,,
2019-07-05,350,217,,,
2019-07-06,333,228,,,
2019-07-07,322,222,,,
2019-07-08,372,217,,,
2019-07-09,422,228,,,
2019-07-10,394,217,,,
2019-07-11,361,228,,,
2019-07-12,367,206,,,
2019-07-13,350,222,,,
2019-07-14,344,172,,,
2019-07-15,372,233,,,
2019-07-16,372,244,,,
2019-07-17,372,239,,,
2019-07-18,378,250,,,
2019-07-19,383,250,,,
2019-07-20,389,239,,,
2019-07-21,383,233,,,
2019-07-22,356,200,,,
2019-07-23,311,206,,,
2019-07-24,317,189,,,
2019-07-25,322,183,,,
2019-07-26,333,178,,,
2019-07-27,339,194,,,
2019-07-28,361,222,,,
2019-07-29,361,239,,,
2019-07-30,367,233,,,
2019-07-31,372,228,,,
2019-08-01,372,228,,,
2019-08-02,378,228,,,
2019-08-03,394,233,,,
2019-08-04,367,244,,,
2019-08-05,372,228,,,
2019-08-06,383,250,,,
2019-08-07,389,244,,,
2019-08-08,383,250,,,
2019-08-09,383,250,,,
2019-08-10,389,244,,,
2019-08-11,389,233,,,
2019-08-12,411,256,,,
2019-08-13,394,261,,,
2019-08-14,361,250,,,
2019-08-15,372,228,,,
2019-08-16,400,228,,,
2019-08-17,406,256,,,
2019-08-18,400,267,,,
2019-08-19,383,256,,,
2019-08-20,372,244,,,
2019-08-21,361,228,,,
2019-08-22,356,222,,,
2019-08-23,339,217,,,
2019-08-24,350,217,,,
2019-08-25,411,211,,,
2019-08-26,444,228,,,
2019-08-27,344,250,,,
2019-08-28,322,206,,,
2019-08-29,372,222,,,
2019-08-30,367,244,,,
2019-08-31,361,222,,,
2019-09-01,344,217,,,
2019-09-02,344,194,,,
2019-09-03,350,211,,,
2019-09-04,339,222,,,
2019-09-05,339,222,,,
2019-09-06,356,222,,,
2019-09-07,356,233,,,
2019-09-08,356,217,,,
2019-09-09,294,217,,,
2019-09-10,306,217,,,
2019-09-11,322,211,,,
2019-09-12,333,217,,,
2019-09-13,306,194,,,
2019-09-14,322,206,,,
2019-09-15,328,189,,,
2019-09-16,311,206,,,
2019-09-17,344,206,,,
2019-09-18,361,211,,,
2019-09-19,361,228,,,
2019-09-20,344,228,,,
2019-09-21,272,211,,,
2019-09-22,306,200,,,
2019-09-23,322,217,,,
2019-09-24,328,200,,,
2019-09-25,339,211,,,
2019-09-26,356,211,,,
2019-09-27,350,211,,,
2019-09-28,300,206,,,
2019-09-29,328,239,,,
2019-09-30,306,233,,,
2019-10-01,317,239,,,
2019-10-02,322,228,,,
2019-10-03,317,206,,,
2019-10-04,306,161,,,
2019-10-05,339,183,,,
2019-10-06,350,167,,,
2019-10-07,239,133,,,
2019-10-08,306,128,,,
2019-10-09,339,206,,,
2019-10-10,333,117,,,
2019-10-11,156,39,,,
2019-10-12,206,50,,,
2019-10-13,311,72,,,
2019-10-14,256,172,,,
2019-10-15,311,167,,,
2019-10-16,228,78,,,
2019-10-17,278,89,,,
2019-10-18,311,128,,,
2019-10-19,272,122,,,
2019-10-20,317,111,,,
2019-10-21,250,44,,,
2019-10-22,256,33,,,
2019-10-23,289,94,,,
2019-10-24,167,33,,,
2019-10-25,156,-6,,,
2019-10-26,250,-6,,,
2019-10-27,300,61,,,
2019-10-28,139,33,,,
2019-10-29,72,11,,,
2019-10-30,50,-61,,,
2019-10-31,117,-94,,,
2019-11-01,239,0,,,
2019-11-02,167,0,,,
2019-11-03,250,44,,,
2019-11-08,111,61,,,
2019-11-09,217,28,,,
2019-11-10,261,94,,,
2019-11-11,156,-11,,,
2019-11-12,39,-44,,,
2019-11-13,117,-17,,,
2019-11-14,122,-6,,,
2019-11-15,167,-6,,,
2019-11-16,206,22,,,
2019-11-17,178,56,,,
2019-11-18,261,39,,,
2019-11-19,267,50,,,
2019-11-20,228,139,,,
2019-11-21,256,72,,,
2019-11-22,150,39,,,
2019-11-23,189,28,,,
2019-11-24,233,39,,,
2019-11-25,233,78,,,
2019-11-26,233,72,,,
2019-11-27,67,22,,,
2019-11-28,106,22,,,
2019-11-29,200,56,,,
2019-11-30,183,33,,,
2019-12-01,133,6,,,
2019-12-02,178,6,,,
2019-12-03,233,39,,,
2019-12-04,194,39,,,
2019-12-05,244,89,,,
2019-12-06,167,44,,,
2019-12-07,194,39,,,
2019-12-08,244,61,,,
2019-12-09,172,39,,,
2019-12-10,106,17,,,
2019-12-11,94,11,,,
2019-12-12,183,17,,,
2019-12-13,233,67,,,
2019-12-14,256,44,,,
2019-12-15,272,33,,,
2019-12-16,111,-11,,,
2019-12-17,89,-44,,,
2019-12-18,111,-50,,,
2019-12-19,111,-22,,,
2019-12-20,150,-28,,,
2019-12-21,172,-28,,,
2019-12-22,200,-22,,,
2019-12-23,211,17,,,
2019-12-24,217,56,,,
2019-12-25,206,78,,,
2019-12-26,156,72,,,
2019-12-27,178,106,,,
2019-12-28,161,50,,,
2019-12-29,94,-17,,,
2019-12-30,100,-33,,,
2019-12-31,133,-28,,,
2020-01-01,111,17,,,
2020-01-02,156,22,,,
2020-01-03,133,33,,,
2020-01-04,178,-11,,,
2020-01-05,183,22,,,
2020-01-06,178,-6,,,
2020-01-07,167,-22,,,
2020-01-08,178,11,,,
2020-01-09,228,72,,,
2020-01-10,172,50,,,
2020-01-11,128,-17,,,
2020-01-12,178,39,,,
2020-01-13,228,33,,,
2020-01-14,250,33,,,
2020-01-15,183,56,,,
2020-01-16,100,11,,,
2020-01-17,156,11,,,
2020-01-18,111,0,,,
2020-01-19,106,-6,,,
2020-01-20,122,28,,,
2020-01-21,106,44,,,
2020-01-22,189,50,,,
2020-01-23,156,17,,,
2020-01-24,167,11,,,
2020-01-25,222,50,,,
2020-01-26,222,22,,,
2020-01-27,228,50,,,
2020-01-28,133,11,,,
2020-01-29,139,-33,,,
2020-01-30,89,6,,,
2020-01-31,122,-11,,,
2020-02-01,206,0,,,
2020-02-02,228,22,,,
2020-02-03,233,89,,,
2020-02-04,128,-33,,,
2020-02-05,-17,-106,,,
2020-02-06,89,-122,,,
2020-02-07,128,33,,,
2020-02-08,183,17,,,
2020-02-09,239,89,,,
2020-02-10,100,28,,,
2020-02-11,28,6,,,
2020-02-12,133,0,,,
2020-02-13,122,-28,,,
2020-02-14,117,0,,,
2020-02-15,222,28,,,
2020-02-16,244,44,,,
2020-02-17,250,61,,,
2020-02-18,106,61,,,
2020-02-19,67,33,,,
2020-02-20,61,11,,,
2020-02-21,89,-17,,,
2020-02-22,172,39,,,
2020-02-23,200,78,,,
2020-02-24,222,61,,,
2020-02-25,117,0,,,
2020-02-26,89,-44,,,
2020-02-27,189,-22,,,
2020-02-28,228,0,,,
2020-02-29,233,83,,,
2020-03-01,222,94,,,
2020-03-02,217,144,,,
2020-03-03,161,89,,,
2020-03-04,100,39,,,
2020-03-05,211,33,,,
2020-03-06,189,67,,,
2020-03-07,217,72,,,
2020-03-08,172,111,,,
2020-03-09,233,111,,,
2020-03-10,256,117,,,
2020-03-11,272,128,,,
2020-03-12,256,156,,,
2020-03-13,150,106,,,
2020-03-14,211,106,,,
2020-03-15,117,89,,,
2020-03-16,206,78,,,
2020-03-17,256,144,,,
2020-03-18,250,128,,,
2020-03-19,217,117,,,
2020-03-20,139,56,,,
2020-03-21,67,39,,,
2020-03-22,211,67,,,
2020-03-23,289,94,,,
2020-03-24,267,106,,,
2020-03-25,322,100,,,
2020-03-26,339,139,,,
2020-03-27,267,172,,,
2020-03-28,206,72,,,
2020-03-29,217,50,,,
2020-03-30,261,128,,,
2020-03-31,250,61,,,
2020-04-01,233,133,,,
2020-04-02,300,139,,,
2020-04-03,167,44,,,
2020-04-04,94,39,,,
2020-04-05,256,83,,,
2020-04-06,239,150,,,
2020-04-07,294,161,,,
2020-04-08,311,139,,,
2020-04-09,256,139,,,
2020-04-10,244,94,,,
2020-04-11,283,156,,,
2020-04-12,250,72,,,
2020-04-13,144,17,,,
2020-04-14,117,22,,,
2020-04-15,217,44,,,
2020-04-16,278,89,,,
2020-04-17,156,67,,,
2020-04-18,244,78,,,
2020-04-19,278,144,,,
2020-04-20,311,133,,,
2020-04-21,333,117,,,
2020-04-22,294,172,,,
2020-04-23,306,106,,,
2020-04-24,306,144,,,
2020-04-25,261,100,,,
2020-04-26,306,122,,,
2020-04-27,350,183,,,
2020-04-28,372,189,,,
2020-04-29,278,161,,,
2020-04-30,328,117,,,
2020-05-01,367,172,,,
2020-05-02,389,183,,,
2020-05-03,389,200,,,
2020-05-04,383,206,,,
2020-05-05,267,183,,,
2020-05-06,294,133,,,
2020-05-07,361,172,,,
2020-05-08,244,139,,,
2020-05-09,272,94,,,
2020-05-10,278,139,,,
2020-05-11,278,144,,,
2020-05-12,322,133,,,
2020-05-13,328,189,,,
2020-05-14,350,172,,,
2020-05-15,306,156,,,
2020-05-16,283,156,,,
2020-05-17,328,156,,,
2020-05-18,389,183,,,
2020-05-19,400,222,,,
2020-05-20,378,211,,,
2020-05-21,361,172,,,
2020-05-22,361,194,,,
2020-05-23,333,217,,,
2020-05-24,339,189,,,
2020-05-25,233,156,,,
2020-05-26,289,106,,,
2020-05-27,356,167,,,
2020-05-28,322,178,,,
2020-05-29,317,144,,,
2020-05-30,317,172,,,
2020-05-31,306,172,,,
2020-06-01,294,194,,,
2020-06-02,311,183,,,
2020-06-03,356,200,,,
2020-06-04,372,211,,,
2020-06-05,378,222,,,
2020-06-06,356,217,,,
2020-06-07,372,217,,,
2020-06-08,406,222,,,
2020-06-09,328,211,,,
2020-06-10,339,150,,,
2020-06-11,350,206,,,
2020-06-12,350,194,,,
2020-06-13,344,189,,,
2020-06-14,339,189,,,
2020-06-15,328,194,,,
2020-06-16,339,206,,,
2020-06-17,367,228,,,
2020-06-18,394,217,,,
2020-06-19,378,217,,,
2020-06-20,361,200,,,
2020-06-21,406,217,,,
2020-06-22,422,233,,,
2020-06-23,328,206,,,
2020-06-24,344,211,,,
2020-06-25,361,194,,,
2020-06-26,361,222,,,
2020-06-27,356,222,,,
2020-06-28,378,239,,,
2020-06-29,389,244,,,
2020-06-30,394,233,,,
2020-07-01,417,250,,,
2020-07-02,367,222,,,
2020-07-03,372,244,,,
2020-07-04,383,228,,,
2020-07-05,389,217,,,
2020-07-06,356,211,,,
2020-07-07,372,228,,,
2020-07-08,400,222,,,
2020-07-09,417,256,,,
2020-07-10,406,256,,,
2020-07-11,417,244,,,
2020-07-12,417,256,,,
2020-07-13,433,256,,,
2020-07-14,444,306,,,
2020-07-15,417,267,,,
2020-07-16,383,267,,,
2020-07-17,394,250,,,
2020-07-18,378,244,,,
2020-07-19,361,222,,,
2020-07-20,367,239,,,
2020-07-21,367,261,,,
2020-07-22,367,239,,,
2020-07-23,344,228,,,
2020-07-24,367,239,,,
2020-07-25,361,250,,,
2020-07-26,350,228,,,
2020-07-27,361,222,,,
2020-07-28,372,250,,,
2020-07-29,383,256,,,
2020-07-30,389,233,,,
2020-07-31,344,217,,,
2020-08-01,367,228,,,
2020-08-02,383,222,,,
2020-08-03,344,206,,,
2020-08-04,389,217,,,
2020-08-05,394,256,,,
2020-08-06,383,250,,,
2020-08-07,372,244,,,
2020-08-08,367,239,,,
2020-08-09,372,233,,,
2020-08-10,383,233,,,
2020-08-11,389,244,,,
2020-08-12,400,244,,,
2020-08-13,406,239,,,
2020-08-14,417,233,,,
2020-08-15,417,289,,,
2020-08-16,372,250,,,
2020-08-17,339,206,,,
2020-08-18,367,206,,,
2020-08-19,372,233,,,
2020-08-20,378,244,,,
2020-08-21,372,222,,,
2020-08-22,372,244,,,
2020-08-23,361,233,,,
2020-08-24,344,217,,,
2020-08-25,350,211,,,
2020-08-26,361,228,,,
2020-08-27,372,228,,,
2020-08-28,394,228,,,
2020-08-29,394,256,,,
2020-08-30,400,256,,,
2020-08-31,383,261,,,
2020-09-01,361,256,,,
2020-09-02,328,183,,,
2020-09-03,367,206,,,
2020-09-04,344,206,,,
2020-09-05,322,206,,,
2020-09-06,339,194,,,
2020-09-07,356,200,,,
2020-09-08,333,122,,,
2020-09-09,122,83,,,
2020-09-10,122,78,,,
2020-09-11,228,117,,,
2020-09-12,306,150,,,
2020-09-13,294,194,,,
2020-09-14,272,200,,,
2020-09-15,300,194,,,
2020-09-16,311,172,,,
2020-09-17,300,194,,,
2020-09-18,289,161,,,
2020-09-19,278,144,,,
2020-09-20,283,144,,,
2020-09-21,294,111,,,
2020-09-22,306,128,,,
2020-09-23,317,167,,,
2020-09-24,339,172,,,
2020-09-25,344,172,,,
2020-09-26,367,178,,,
2020-09-27,400,172,,,
2020-09-28,239,111,,,
2020-09-29,278,72,,,
2020-09-30,328,133,,,
2020-10-01,289,128,,,
2020-10-02,294,133,,,
2020-10-03,333,161,,,
2020-10-04,289,150,,,
2020-10-05,339,144,,,
2020-10-06,350,161,,,
2020-10-07,328,161,,,
2020-10-08,317,150,,,
2020-10-09,350,156,,,
2020-10-10,378,144,,,
2020-10-11,356,178,,,
2020-10-12,267,156,,,
2020-10-13,339,117,,,
2020-10-14,367,150,,,
2020-10-15,233,144,,,
2020-10-16,228,100,,,
2020-10-17,322,83,,,
2020-10-18,311,122,,,
2020-10-19,261,72,,,
2020-10-20,322,133,,,
2020-10-21,311,178,,,
2020-10-22,317,194,,,
2020-10-23,200,89,,,
2020-10-24,222,50,,,
2020-10-25,322,61,,,
2020-10-26,50,-22,,,
2020-10-27,-28,-28,,,
2020-10-28,106,6,,,
2020-10-29,172,56,,,
2020-10-30,217,33,,,
2020-10-31,283,61,,,
2020-11-01,228,117,,,
2020-11-02,233,78,,,
2020-11-03,256,83,,,
2020-11-04,294,106,,,
2020-11-05,300,83,,,
2020-11-06,272,72,,,
2020-11-07,239,111,,,
2020-11-08,278,144,,,
2020-11-09,289,161,,,
2020-11-10,206,78,,,
2020-11-11,239,67,,,
2020-11-12,261,89,,,
2020-11-13,144,100,,,
2020-11-14,272,117,,,
2020-11-15,178,72,,,
2020-11-16,267,50,,,
2020-11-17,233,67,,,
2020-11-18,239,78,,,
2020-11-19,278,106,,,
2020-11-20,283,117,,,
2020-11-21,233,106,,,
2020-11-22,139,89,,,
2020-11-23,206,89,,,
2020-11-24,250,67,,,
2020-11-25,206,6,,,
2020-11-26,256,67,,,
2020-11-27,139,78,,,
2020-11-28,139,33,,,
2020-11-29,122,-6,,,
2020-11-30,122,-33,,,
2020-12-01,194,-6,,,
2020-12-02,72,-11,,,
2020-12-03,78,-28,,,
2020-12-04,144,-61,,,
2020-12-05,72,11,,,
2020-12-06,183,-11,,,
2020-12-07,211,0,,,
2020-12-08,233,11,,,
2020-12-09,222,22,,,
2020-12-10,261,61,,,
2020-12-11,194,67,,,
2020-12-12,156,22,,,
2020-12-13,106,-22,,,
2020-12-14,111,-50,,,
2020-12-15,100,-11,,,
2020-12-16,139,-44,,,
2020-12-17,161,-44,,,
2020-12-18,172,61,,,
2020-12-19,150,6,,,
2020-12-20,167,28,,,
2020-12-21,206,17,,,
2020-12-22,211,22,,,
2020-12-23,150,0,,,
2020-12-24,144,-56,,,
2020-12-25,172,-22,,,
2020-12-26,194,17,,,
2020-12-27,228,39,,,
2020-12-28,161,56,,,
2020-12-29,222,133,,,
2020-12-30,128,-11,,,
2020-12-31,11,-17,,,
2021-01-01,67,-50,,,
2021-01-02,139,-22,,,
2021-01-03,183,6,,,
2021-01-04,172,22,,,
2021-01-05,183,0,,,
2021-01-06,133,11,,,
2021-01-07,144,-28,,,
2021-01-08,33,-22,,,
2021-01-09,39,-22,,,
2021-01-10,17,-44,,,
2021-01-11,28,-61,,,
2021-01-12,100,-39,,,
2021-01-13,172,-33,,,
2021-01-14,128,11,,,
2021-01-15,111,-39,,,
2021-01-16,178,-22,,,
2021-01-17,150,-28,,,
2021-01-18,228,17,,,
2021-01-19,89,50,,,
2021-01-20,83,22,,,
2021-01-21,183,67,,,
2021-01-22,194,50,,,
2021-01-23,194,50,,,
2021-01-24,217,111,,,
2021-01-25,156,50,,,
2021-01-26,167,11,,,
2021-01-27,150,11,,,
2021-01-28,139,0,,,
2021-01-29,206,39,,,
2021-01-30,200,83,,,
2021-01-31,167,11,,,
2021-02-01,172,6,,,
2021-02-02,244,56,,,
2021-02-03,289,67,,,
2021-02-04,206,72,,,
2021-02-05,194,11,,,
2021-02-06,178,56,,,
2021-02-07,250,17,,,
2021-02-08,261,56,,,
2021-02-09,144,-17,,,
2021-02-10,22,-39,,,
2021-02-11,-17,-50,,,
2021-02-12,-28,-33,,,
2021-02-15,-61,-139,,,
2021-02-16,-11,-144,,,
2021-02-17,-11,-83,,,
2021-02-18,-44,-111,,,
2021-02-19,89,-128,,,
2021-02-20,167,-33,,,
2021-02-21,200,33,,,
2021-02-22,217,6,,,
2021-02-23,261,28,,,
2021-02-24,200,61,,,
2021-02-25,94,56,,,
2021-02-26,206,6,,,
2021-02-27,267,78,,,
2021-02-28,172,89,,,
2021-03-01,83,-17,,,
2021-03-02,161,-33,,,
2021-03-03,256,11,,,
2021-03-04,294,72,,,
2021-03-05,178,50,,,
2021-03-06,172,0,,,
2021-03-07,194,44,,,
2021-03-08,228,67,,,
2021-03-09,233,128,,,
2021-03-10,272,111,,,
2021-03-11,244,133,,,
2021-03-12,283,161,,,
2021-03-13,294,106,,,
2021-03-14,183,39,,,
2021-03-15,233,78,,,
2021-03-16,294,133,,,
2021-03-17,167,78,,,
2021-03-18,183,11,,,
2021-03-19,189,39,,,
2021-03-20,222,50,,,
2021-03-21,256,106,,,
2021-03-22,211,67,,,
2021-03-23,244,28,,,
2021-03-24,206,83,,,
2021-03-25,217,22,,,
2021-03-26,283,83,,,
2021-03-27,272,89,,,
2021-03-28,233,94,,,
2021-03-29,278,78,,,
2021-03-30,294,133,,,
2021-03-31,189,67,,,
2021-04-01,206,61,,,
2021-04-02,233,89,,,
2021-04-03,228,122,,,
2021-04-04,211,139,,,
2021-04-05,294,117,,,
2021-04-06,344,161,,,
2021-04-07,289,111,,,
2021-04-08,322,72,,,
2021-04-09,322,161,,,
2021-04-10,250,89,,,
2021-04-11,328,117,,,
2021-04-12,244,133,,,
2021-04-13,150,106,,,
2021-04-14,139,94,,,
2021-04-15,122,94,,,
2021-04-16,156,78,,,
2021-04-17,89,50,,,
2021-04-18,178,67,,,
2021-04-19,222,50,,,
2021-04-20,128,61,,,
2021-04-21,139,28,,,
2021-04-22,206,50,,,
2021-04-23,283,150,,,
2021-04-24,278,106,,,
2021-04-25,339,122,,,
2021-04-26,350,194,,,
2021-04-27,339,183,,,
2021-04-28,250,133,,,
2021-04-29,139,111,,,
2021-04-30,217,122,,,
2021-05-01,256,128,,,
2021-05-02,344,133,,,
2021-05-03,306,133,,,
2021-05-04,222,117,,,
2021-05-05,300,122,,,
2021-05-06,300,150,,,
2021-05-07,322,167,,,
2021-05-08,367,183,,,
2021-05-09,300,156,,,
2021-05-10,211,139,,,
2021-05-11,217,122,,,
2021-05-12,222,100,,,
2021-05-13,256,117,,,
2021-05-14,300,156,,,
2021-05-15,311,189,,,
2021-05-16,339,161,,,
2021-05-17,317,178,,,
2021-05-18,294,150,,,
2021-05-19,261,167,,,
2021-05-20,317,144,,,
2021-05-21,328,178,,,
2021-05-22,306,194,,,
2021-05-23,300,200,,,
2021-05-24,317,200,,,
2021-05-25,350,206,,,
2021-05-26,344,217,,,
2021-05-27,350,222,,,
2021-05-28,300,167,,,
2021-05-29,294,156,,,
2021-05-30,289,189,,,
2021-05-31,222,150,,,
2021-06-01,267,144,,,
2021-06-02,289,161,,,
2021-06-03,267,161,,,
2021-06-04,272,156,,,
2021-06-05,317,167,,,
2021-06-06,361,200,,,
2021-06-07,367,228,,,
2021-06-08,372,222,,,
2021-06-09,389,233,,,
2021-06-10,383,233,,,
2021-06-11,406,233,,,
2021-06-12,383,244,,,
2021-06-13,372,233,,,
2021-06-14,322,222,,,
2021-06-15,350,211,,,
2021-06-16,367,222,,,
2021-06-17,356,206,,,
2021-06-18,356,217,,,
2021-06-19,356,200,,,
2021-06-20,411,217,,,
2021-06-21,328,211,,,
2021-06-22,344,200,,,
2021-06-23,372,228,,,
2021-06-24,367,228,,,
2021-06-25,378,250,,,
2021-06-26,389,200,,,
2021-06-27,250,172,,,
2021-06-28,261,183,,,
2021-06-29,289,189,,,
2021-06-30,300,206,,,
2021-07-01,317,211,,,
2021-07-02,311,189,,,
2021-07-03,289,194,,,
2021-07-04,333,217,,,
2021-07-05,300,206,,,
2021-07-06,300,211,,,
2021-07-07,311,211,,,
2021-07-08,322,200,,,
2021-07-09,317,206,,,
2021-07-10,317,217,,,
2021-07-11,300,211,,,
2021-07-12,322,194,,,
2021-07-13,322,200,,,
2021-07-14,322,194,,,
2021-07-15,356,211,,,
2021-07-16,361,228,,,
2021-07-17,344,228,,,
2021-07-18,333,228,,,
2021-07-19,328,233,,,
2021-07-20,300,189,,,
2021-07-21,311,183,,,
2021-07-22,339,250,,,
2021-07-23,361,217,,,
2021-07-24,383,228,,,
2021-07-25,372,228,,,
2021-07-26,372,222,,,
2021-07-27,372,200,,,
2021-07-28,311,200,,,
2021-07-29,328,194,,,
2021-07-30,339,228,,,
2021-07-31,367,228,,,
2021-08-01,283,222,,,
2021-08-02,294,206,,,
2021-08-03,311,178,,,
2021-08-04,328,156,,,
2021-08-05,311,206,,,
2021-08-06,344,200,,,
2021-08-07,361,211,,,
2021-08-08,383,233,,,
2021-08-09,378,217,,,
2021-08-10,367,233,,,
2021-08-11,350,228,,,
2021-08-12,344,222,,,
2021-08-13,339,217,,,
2021-08-14,289,211,,,
2021-08-15,294,206,,,
2021-08-16,317,200,,,
2021-08-17,283,200,,,
2021-08-18,328,194,,,
2021-08-19,344,217,,,
2021-08-20,344,222,,,
2021-08-21,328,217,,,
2021-08-22,339,217,,,
2021-08-23,344,189,,,
2021-08-24,361,194,,,
2021-08-25,344,206,,,
2021-08-26,339,222,,,
2021-08-27,344,217,,,
2021-08-28,333,211,,,
2021-08-29,317,211,,,
2021-08-30,322,206,,,
2021-08-31,356,217,,,
2021-09-01,361,233,,,
2021-09-02,350,233,,,
2021-09-03,350,228,,,
2021-09-04,356,217,,,
2021-09-05,344,211,,,
2021-09-06,356,206,,,
2021-09-07,367,211,,,
2021-09-08,350,217,,,
2021-09-09,350,200,,,
2021-09-10,367,189,,,
2021-09-11,350,194,,,
2021-09-12,322,172,,,
2021-09-13,322,189,,,
2021-09-14,333,189,,,
2021-09-15,317,194,,,
2021-09-16,333,194,,,
2021-09-17,378,200,,,
2021-09-18,344,189,,,
2021-09-19,356,189,,,
2021-09-20,383,222,,,
2021-09-21,267,167,,,
2021-09-22,278,150,,,
2021-09-23,306,133,,,
2021-09-24,311,150,,,
2021-09-25,300,150,,,
2021-09-26,311,150,,,
2021-09-27,322,194,,,
2021-09-28,306,189,,,
2021-09-29,328,161,,,
2021-09-30,272,178,,,
2021-10-01,244,167,,,
2021-10-02,283,150,,,
2021-10-03,294,150,,,
2021-10-04,311,122,,,
2021-10-05,328,156,,,
2021-10-06,328,156,,,
2021-10-07,350,161,,,
2021-10-08,344,200,,,
2021-10-09,367,167,,,
2021-10-10,333,111,,,
2021-10-11,289,78,,,
2021-10-12,339,183,,,
2021-10-13,250,122,,,
2021-10-14,306,94,,,
2021-10-15,228,100,,,
2021-10-16,217,44,,,
2021-10-17,228,72,,,
2021-10-18,256,122,,,
2021-10-19,311,150,,,
2021-10-20,317,133,,,
2021-10-21,261,167,,,
2021-10-22,306,161,,,
2021-10-23,317,161,,,
2021-10-24,317,167,,,
2021-10-25,333,117,,,
2021-10-26,344,183,,,
2021-10-27,222,89,,,
2021-10-28,233,56,,,
2021-10-29,244,50,,,
2021-10-30,300,89,,,
2021-10-31,233,78,,,
2021-11-01,233,83,,,
2021-11-02,150,72,,,
2021-11-03,89,61,,,
2021-11-04,128,50,,,
2021-11-05,233,28,,,
2021-11-06,261,72,,,
2021-11-07,272,89,,,
2021-11-08,289,100,,,
2021-11-09,278,128,,,
2021-11-10,278,106,,,
2021-11-11,217,83,,,
2021-11-12,178,61,,,
2021-11-13,244,33,,,
2021-11-14,228,67,,,
2021-11-15,294,67,,,
2021-11-16,300,72,,,
2021-11-17,244,94,,,
2021-11-18,139,11,,,
2021-11-19,206,28,,,
2021-11-20,278,56,,,
2021-11-21,167,78,,,
2021-11-22,194,6,,,
2021-11-23,239,44,,,
2021-11-24,228,117,,,
2021-11-25,133,56,,,
2021-11-26,167,0,,,
2021-11-27,189,83,,,
2021-11-28,194,39,,,
2021-11-29,244,50,,,
2021-11-30,250,72,,,
2021-12-01,283,39,,,
2021-12-02,283,72,,,
2021-12-03,278,117,,,
2021-12-04,211,50,,,
2021-12-05,261,78,,,
2021-12-06,122,17,,,
2021-12-07,222,0,,,
2021-12-08,244,50,,,
2021-12-09,250,122,,,
2021-12-10,239,106,,,
2021-12-11,128,-11,,,
2021-12-12,200,-6,,,
2021-12-13,244,28,,,
2021-12-14,256,44,,,
2021-12-15,239,144,,,
2021-12-16,206,67,,,
2021-12-17,222,100,,,
2021-12-18,133,50,,,
2021-12-19,89,11,,,
2021-12-20,200,-6,,,
2021-12-21,217,-28,,,
2021-12-22,256,56,,,
2021-12-23,267,67,,,
2021-12-24,289,100,,,
2021-12-25,261,117,,,
2021-12-26,283,122,,,
2021-12-27,272,117,,,
2021-12-28,222,117,,,
2021-12-29,206,78,,,
2021-12-30,206,33,,,
2021-12-31,200,100,,,
2022-01-01,194,-67,,,
2022-01-02,78,-94,,,
2022-01-03,144,-44,,,
2022-01-04,211,-17,,,
2022-01-05,156,50,,,
2022-01-06,94,-39,,,
2022-01-07,156,-72,,,
2022-01-08,233,11,,,
2022-01-09,111,33,,,
2022-01-10,100,-22,,,
2022-01-11,128,22,,,
2022-01-12,200,-22,,,
2022-01-13,228,-17,,,
2022-01-14,256,33,,,
2022-01-15,94,-33,,,
2022-01-16,206,-39,,,
2022-01-17,206,-22,,,
2022-01-18,228,72,,,
2022-01-19,183,17,,,
2022-01-20,6,-33,,,
2022-01-21,100,-61,,,
2022-01-22,56,-33,,,
2022-01-23,111,22,,,
2022-01-24,183,6,,,
2022-01-25,178,-28,,,
2022-01-26,50,-44,,,
2022-01-27,133,-33,,,
2022-01-28,117,-50,,,
2022-01-29,144,-33,,,
2022-01-30,200,22,,,
2022-01-31,189,22,,,
2022-02-01,200,50,,,
2022-02-02,83,-61,,,
2022-02-03,-50,-94,,,
2022-02-04,56,-133,,,
2022-02-05,100,-67,,,
2022-02-06,144,-61,,,
2022-02-07,128,-39,,,
2022-02-08,183,-39,,,
2022-02-09,189,-17,,,
2022-02-10,200,-22,,,
2022-02-11,228,22,,,
2022-02-12,94,6,,,
2022-02-13,172,-28,,,
2022-02-14,228,17,,,
2022-02-15,239,33,,,
2022-02-16,256,83,,,
2022-02-17,122,-6,,,
2022-02-18,150,-50,,,
2022-02-19,183,11,,,
2022-02-20,244,39,,,
2022-02-21,228,72,,,
2022-02-22,211,-6,,,
2022-02-23,-17,-67,,,
2022-02-24,106,-72,,,
2022-02-25,67,-56,,,
2022-02-26,78,-22,,,
2022-02-27,150,-61,,,
2022-02-28,183,-6,,,
2022-03-01,189,50,,,
2022-03-02,239,39,,,
2022-03-03,239,50,,,
2022-03-04,283,106,,,
2022-03-05,250,106,,,
2022-03-06,283,28,,,
2022-03-07,78,-28,,,
2022-03-08,139,0,,,
2022-03-09,189,-6,,,
2022-03-10,172,6,,,
2022-03-11,50,-33,,,
2022-03-12,156,-61,,,
2022-03-13,211,-11,,,
2022-03-14,206,61,,,
2022-03-15,239,17,,,
2022-03-16,294,61,,,
2022-03-17,233,50,,,
2022-03-18,178,6,,,
2022-03-19,239,33,,,
2022-03-20,250,89,,,
2022-03-21,200,56,,,
2022-03-22,133,44,,,
2022-03-23,167,22,,,
2022-03-24,256,0,,,
2022-03-25,306,44,,,
2022-03-26,322,44,,,
2022-03-27,339,117,,,
2022-03-28,339,128,,,
2022-03-29,333,178,,,
2022-03-30,200,94,,,
2022-03-31,217,44,,,
2022-04-01,289,111,,,
2022-04-02,278,67,,,
2022-04-03,333,133,,,
2022-04-04,267,128,,,
2022-04-05,333,111,,,
2022-04-06,233,111,,,
2022-04-07,217,44,,,
2022-04-08,233,56,,,
2022-04-09,311,89,,,
2022-04-10,317,161,,,
2022-04-11,322,167,,,
2022-04-12,333,189,,,
2022-04-13,239,133,,,
2022-04-14,300,83,,,
2022-04-15,344,156,,,
2022-04-16,250,161,,,
2022-04-17,333,111,,,
2022-04-18,272,122,,,
2022-04-19,256,156,,,
2022-04-20,356,156,,,
2022-04-21,350,172,,,
2022-04-22,306,217,,,
2022-04-23,333,189,,,
2022-04-24,283,150,,,
2022-04-25,217,139,,,
2022-04-26,228,94,,,
2022-04-27,283,156,,,
2022-04-28,350,172,,,
2022-04-29,339,189,,,
2022-04-30,289,161,,,
2022-05-01,300,178,,,
2022-05-02,350,206,,,
2022-05-03,283,117,,,
2022-05-04,333,217,,,
2022-05-05,300,139,,,
2022-05-06,372,150,,,
2022-05-07,394,189,,,
2022-05-08,383,189,,,
2022-05-09,378,222,,,
2022-05-10,328,239,,,
2022-05-11,333,206,,,
2022-05-12,367,217,,,
2022-05-13,372,211,,,
2022-05-14,378,194,,,
2022-05-15,400,194,,,
2022-05-16,389,222,,,
2022-05-17,400,256,,,
2022-05-18,394,228,,,
2022-05-19,400,233,,,
2022-05-20,372,217,,,
2022-05-21,283,183,,,
2022-05-22,233,128,,,
2022-05-23,294,178,,,
2022-05-24,278,122,,,
2022-05-25,250,89,,,
2022-05-26,350,139,,,
2022-05-27,372,194,,,
2022-05-28,400,228,,,
2022-05-29,389,239,,,
2022-05-30,372,228,,,
2022-05-31,361,244,,,
2022-06-01,344,172,,,
2022-06-02,239,167,,,
2022-06-03,300,156,,,
2022-06-04,350,172,,,
2022-06-05,383,211,,,
2022-06-06,406,200,,,
2022-06-07,400,233,,,
2022-06-08,333,256,,,
2022-06-09,367,217,,,
2022-06-10,383,228,,,
2022-06-11,411,239,,,
2022-06-12,406,261,,,
2022-06-13,383,261,,,
2022-06-14,389,239,,,
2022-06-15,367,244,,,
2022-06-16,367,250,,,
2022-06-17,367,228,,,
2022-06-18,361,233,,,
2022-06-19,356,239,,,
2022-06-20,350,228,,,
2022-06-21,356,239,,,
2022-06-22,361,233,,,
2022-06-23,367,228,,,
2022-06-24,378,233,,,
2022-06-25,378,244,,,
2022-06-26,344,222,,,
2022-06-27,322,200,,,
2022-06-28,350,206,,,
2022-06-29,339,206,,,
2022-06-30,361,222,,,
2022-07-01,378,233,,,
2022-07-02,389,239,,,
2022-07-03,356,222,,,
2022-07-04,378,239,,,
2022-07-05,378,250,,,
2022-07-06,383,228,,,
2022-07-07,389,244,,,
2022-07-08,394,244,,,
2022-07-09,389,256,,,
2022-07-10,394,256,,,
2022-07-11,411,250,,,
2022-07-12,383,244,,,
2022-07-13,372,244,,,
2022-07-14,394,233,,,
2022-07-15,361,211,,,
2022-07-16,367,222,,,
2022-07-17,378,233,,,
2022-07-18,394,244,,,
2022-07-19,411,261,,,
2022-07-20,400,267,,,
2022-07-21,350,267,,,
2022-07-22,378,261,,,
2022-07-23,367,250,,,
2022-07-24,372,250,,,
2022-07-25,372,256,,,
2022-07-26,383,244,,,
2022-07-27,372,250,,,
2022-07-28,372,239,,,
2022-07-29,372,250,,,
2022-07-30,372,250,,,
2022-07-31,378,244,,,
2022-08-01,378,250,,,
2022-08-02,372,244,,,
2022-08-03,400,250,,,
2022-08-04,389,261,,,
2022-08-05,383,261,,,
2022-08-06,367,239,,,
2022-08-07,356,233,,,
2022-08-08,367,244,,,
2022-08-09,361,239,,,
2022-08-10,344,256,,,
2022-08-11,361,250,,,
2022-08-12,361,211,,,
2022-08-13,372,239,,,
2022-08-14,372,244,,,
2022-08-15,328,228,,,
2022-08-16,311,222,,,
2022-08-17,339,211,,,
2022-08-18,311,206,,,
2022-08-19,333,211,,,
2022-08-20,339,211,,,
2022-08-21,311,211,,,
2022-08-22,261,211,,,
2022-08-23,283,200,,,
2022-08-24,311,194,,,
2022-08-25,328,222,,,
2022-08-26,350,217,,,
2022-08-27,344,222,,,
2022-08-28,367,222,,,
2022-08-29,344,189,,,
2022-08-30,261,194,,,
2022-08-31,261,206,,,
2022-09-01,250,211,,,
2022-09-02,294,211,,,
2022-09-03,311,206,,,
2022-09-04,328,194,,,
2022-09-05,328,206,,,
2022-09-06,344,206,,,
2022-09-07,333,189,,,
2022-09-08,328,183,,,
2022-09-09,333,194,,,
2022-09-10,333,206,,,
2022-09-11,250,167,,,
2022-09-12,311,194,,,
2022-09-13,328,189,,,
2022-09-14,306,200,,,
2022-09-15,317,194,,,
2022-09-16,339,194,,,
2022-09-17,333,200,,,
2022-09-18,328,206,,,
2022-09-19,328,211,,,
2022-09-20,333,211,,,
2022-09-21,328,206,,,
2022-09-22,333,194,,,
2022-09-23,322,167,,,
2022-09-24,339,183,,,
2022-09-25,317,200,,,
2022-09-26,306,194,,,
2022-09-27,311,167,,,
2022-09-28,311,139,,,
2022-09-29,311,167,,,
2022-09-30,317,150,,,
2022-10-01,311,167,,,
2022-10-02,294,172,,,
2022-10-03,278,150,,,
2022-10-04,294,156,,,
2022-10-05,294,167,,,
2022-10-06,278,167,,,
2022-10-07,267,156,,,
2022-10-08,222,133,,,
2022-10-09,256,133,,,
2022-10-10,244,150,,,
2022-10-11,278,150,,,
2022-10-12,283,150,,,
2022-10-13,267,122,,,
2022-10-14,289,106,,,
2022-10-15,317,189,,,
2022-10-16,206,122,,,
2022-10-17,167,106,,,
2022-10-18,183,100,,,
2022-10-19,222,72,,,
2022-10-20,294,94,,,
2022-10-21,289,100,,,
2022-10-22,306,133,,,
2022-10-23,294,167,,,
2022-10-24,233,67,,,
2022-10-25,211,33,,,
2022-10-26,244,83,,,
2022-10-27,267,100,,,
2022-10-28,156,78,,,
2022-10-29,200,44,,,
2022-10-30,233,50,,,
2022-10-31,228,83,,,
2022-11-01,233,100,,,
2022-11-02,228,128,,,
2022-11-03,261,161,,,
2022-11-04,206,72,,,
2022-11-05,233,28,,,
2022-11-06,289,94,,,
2022-11-07,256,117,,,
2022-11-08,244,183,,,
2022-11-09,261,178,,,
2022-11-10,267,139,,,
2022-11-11,122,33,,,
2022-11-12,122,-33,,,
2022-11-13,133,11,,,
2022-11-14,133,6,,,
2022-11-15,100,-33,,,
2022-11-16,94,33,,,
2022-11-17,139,0,,,
2022-11-18,56,-6,,,
2022-11-19,50,-17,,,
2022-11-20,61,-28,,,
2022-11-21,150,-11,,,
2022-11-22,178,-17,,,
2022-11-23,183,78,,,
2022-11-24,150,56,,,
2022-11-25,67,6,,,
2022-11-26,128,6,,,
2022-11-27,161,39,,,
2022-11-28,217,22,,,
2022-11-29,228,39,,,
2022-11-30,78,-22,,,
2022-12-01,156,22,,,
2022-12-02,256,39,,,
2022-12-03,144,50,,,
2022-12-04,183,44,,,
2022-12-05,256,111,,,
2022-12-06,211,133,,,
2022-12-07,233,144,,,
2022-12-08,233,139,,,
2022-12-09,178,122,,,
2022-12-10,183,111,,,
2022-12-11,161,100,,,
2022-12-12,217,117,,,
2022-12-13,144,56,,,
2022-12-14,128,39,,,
2022-12-15,139,-6,,,
2022-12-16,89,-17,,,
2022-12-17,122,-50,,,
2022-12-18,133,17,,,
2022-12-19,183,17,,,
2022-12-20,111,-28,,,
2022-12-21,150,17,,,
2022-12-22,28,-111,,,
2022-12-23,-28,-117,,,
2022-12-24,33,-83,,,
2022-12-25,117,-61,,,
2022-12-26,161,0,,,
2022-12-27,183,0,,,
2022-12-28,228,61,,,
2022-12-29,206,78,,,
2022-12-30,150,50,,,
2022-12-31,222,56,,,
2023-01-01,239,89,,,
2023-01-02,244,100,,,
2023-01-03,144,61,,,
2023-01-04,183,39,,,
2023-01-05,189,-6,,,
2023-01-06,261,61,,,
2023-01-07,167,39,,,
2023-01-08,189,-11,,,
2023-01-09,228,67,,,
2023-01-10,261,61,,,
2023-01-11,233,67,,,
2023-01-12,139,33,,,
2023-01-13,183,0,,,
2023-01-14,217,39,,,
2023-01-15,217,89,,,
2023-01-16,200,89,,,
2023-01-17,200,100,,,
2023-01-18,150,50,,,
2023-01-19,144,0,,,
2023-01-20,194,44,,,
2023-01-21,144,-17,,,
2023-01-22,122,-39,,,
2023-01-23,139,6,,,
2023-01-24,50,0,,,
2023-01-25,78,-17,,,
2023-01-26,94,-44,,,
2023-01-27,144,-11,,,
2023-01-28,200,6,,,
2023-01-29,78,-22,,,
2023-01-30,-28,-56,,,
2023-01-31,-44,-61,,,
2023-02-01,-11,-44,,,
2023-02-02,128,-11,,,
2023-02-03,144,-33,,,
2023-02-04,183,0,,,
2023-02-05,250,17,,,
2023-02-06,272,94,,,
2023-02-07,139,56,,,
2023-02-08,150,28,,,
2023-02-09,150,11,,,
2023-02-10,83,-17,,,
2023-02-11,139,-44,,,
2023-02-12,206,17,,,
2023-02-13,161,61,,,
2023-02-14,189,72,,,
2023-02-15,239,50,,,
2023-02-16,78,-50,,,
2023-02-17,100,-72,,,
2023-02-18,122,17,,,
2023-02-19,194,44,,,
2023-02-20,256,117,,,
2023-02-21,294,106,,,
2023-02-22,239,106,,,
2023-02-23,211,50,,,
2023-02-24,72,6,,,
2023-02-25,78,33,,,
2023-02-26,294,78,,,
2023-02-27,233,22,,,
2023-02-28,261,78,,,
2023-03-01,239,111,,,
2023-03-02,256,61,,,
2023-03-03,206,33,,,
2023-03-04,228,44,,,
2023-03-05,283,72,,,
2023-03-06,294,117,,,
2023-03-07,294,128,,,
2023-03-08,122,67,,,
2023-03-09,211,67,,,
2023-03-10,211,83,,,
2023-03-11,306,139,,,
2023-03-12,217,100,,,
2023-03-13,189,50,,,
2023-03-14,217,39,,,
2023-03-15,217,100,,,
2023-03-16,233,50,,,
2023-03-17,111,28,,,
2023-03-18,122,22,,,
2023-03-19,139,0,,,
2023-03-20,194,28,,,
2023-03-21,267,78,,,
2023-03-22,300,133,,,
2023-03-23,300,150,,,
2023-03-24,206,89,,,
2023-03-25,217,61,,,
2023-03-26,233,56,,,
2023-03-27,233,39,,,
2023-03-28,156,44,,,
2023-03-29,244,83,,,
2023-03-30,267,117,,,
2023-03-31,233,106,,,
2023-04-01,272,56,,,
2023-04-02,300,122,,,
2023-04-03,328,122,,,
2023-04-04,306,167,,,
2023-04-05,206,67,,,
2023-04-06,200,72,,,
2023-04-07,206,56,,,
2023-04-08,239,78,,,
2023-04-09,272,128,,,
2023-04-10,278,128,,,
2023-04-11,300,128,,,
2023-04-12,300,133,,,
2023-04-13,306,144,,,
2023-04-14,294,156,,,
2023-04-15,267,139,,,
2023-04-16,233,89,,,
2023-04-17,267,111,,,
2023-04-18,328,144,,,
2023-04-19,333,167,,,
2023-04-20,283,167,,,
2023-04-21,256,83,,,
2023-04-22,289,89,,,
2023-04-23,89,44,,,
2023-04-24,194,72,,,
2023-04-25,300,133,,,
2023-04-26,289,128,,,
2023-04-27,272,67,,,
2023-04-28,194,89,,,
2023-04-29,272,56,,,
2023-04-30,356,111,,,
2023-05-01,283,128,,,
2023-05-02,289,161,,,
2023-05-03,306,161,,,
2023-05-04,311,194,,,
2023-05-05,344,172,,,
2023-05-06,356,161,,,
2023-05-07,350,178,,,
2023-05-08,367,183,,,
2023-05-09,361,183,,,
2023-05-10,333,178,,,
2023-05-11,317,183,,,
2023-05-12,333,150,,,
2023-05-13,217,150,,,
2023-05-14,267,144,,,
2023-05-15,289,150,,,
2023-05-16,300,178,,,
2023-05-17,322,167,,,
2023-05-18,328,183,,,
2023-05-19,328,178,,,
2023-05-20,233,150,,,
2023-05-21,283,183,,,
2023-05-22,311,178,,,
2023-05-23,350,172,,,
2023-05-24,289,189,,,
2023-05-25,289,172,,,
2023-05-26,278,189,,,
2023-05-27,283,200,,,
2023-05-28,294,172,,,
2023-05-29,344,178,,,
2023-05-30,350,183,,,
2023-05-31,317,194,,,
2023-06-01,322,211,,,
2023-06-02,283,178,,,
2023-06-03,283,167,,,
2023-06-04,294,156,,,
2023-06-05,289,172,,,
2023-06-06,300,156,,,
2023-06-07,333,194,,,
2023-06-08,350,167,,,
2023-06-09,389,200,,,
2023-06-10,378,211,,,
2023-06-11,394,206,,,
2023-06-12,356,228,,,
2023-06-13,372,211,,,
2023-06-14,367,200,,,
2023-06-15,400,217,,,
2023-06-16,400,233,,,
2023-06-17,411,239,,,
2023-06-18,400,217,,,
2023-06-19,428,228,,,
2023-06-20,439,267,,,
2023-06-21,433,272,,,
2023-06-22,422,256,,,
2023-06-23,428,256,,,
2023-06-24,433,250,,,
2023-06-25,450,272,,,
2023-06-26,450,261,,,
2023-06-27,428,267,,,
2023-06-28,406,267,,,
2023-06-29,378,250,,,
2023-06-30,361,228,,,
2023-07-01,361,206,,,
2023-07-02,333,194,,,
2023-07-03,350,222,,,
2023-07-04,356,217,,,
2023-07-05,367,233,,,
2023-07-06,361,239,,,
2023-07-07,356,228,,,
2023-07-08,367,239,,,
2023-07-09,400,261,,,
2023-07-10,411,239,,,
2023-07-11,417,289,,,
2023-07-12,433,283,,,
2023-07-13,422,283,,,
2023-07-14,406,261,,,
2023-07-15,389,278,,,
2023-07-16,389,228,,,
2023-07-17,400,244,,,
2023-07-18,417,239,,,
2023-07-19,411,244,,,
2023-07-20,383,256,,,
2023-07-21,383,250,,,
2023-07-22,350,239,,,
2023-07-23,389,250,,,
2023-07-24,394,244,,,
2023-07-25,378,256,,,
2023-07-26,372,244,,,
2023-07-27,372,233,,,
2023-07-28,372,239,,,
2023-07-29,372,233,,,
2023-07-30,361,239,,,
2023-07-31,383,244,,,
2023-08-01,389,261,,,
2023-08-02,383,250,,,
2023-08-03,389,250,,,
2023-08-04,400,261,,,
2023-08-05,411,267,,,
2023-08-06,417,256,,,
2023-08-07,422,261,,,
2023-08-08,400,250,,,
2023-08-09,417,278,,,
2023-08-10,428,283,,,
2023-08-11,422,283,,,
2023-08-12,417,283,,,
2023-08-13,406,278,,,
2023-08-14,350,261,,,
2023-08-15,356,233,,,
2023-08-16,394,244,,,
2023-08-17,422,250,,,
2023-08-18,400,267,,,
2023-08-19,389,228,,,
2023-08-20,372,239,,,
2023-08-21,389,239,,,
2023-08-22,344,244,,,
2023-08-23,328,244,,,
2023-08-24,361,233,,,
2023-08-25,372,211,,,
2023-08-26,383,239,,,
2023-08-27,356,244,,,
2023-08-28,311,239,,,
2023-08-29,350,206,,,
2023-08-30,350,222,,,
2023-08-31,372,211,,,
2023-09-01,372,228,,,
2023-09-02,383,206,,,
2023-09-03,378,211,,,
2023-09-04,394,239,,,
2023-09-05,411,261,,,
2023-09-06,389,256,,,
2023-09-07,389,239,,,
2023-09-08,406,250,,,
2023-09-09,383,244,,,
2023-09-10,361,244,,,
2023-09-11,361,194,,,
2023-09-12,194,178,,,
2023-09-13,261,183,,,
2023-09-14,306,194,,,
2023-09-15,300,194,,,
2023-09-16,283,161,,,
2023-09-17,306,183,,,
2023-09-18,328,200,,,
2023-09-19,372,206,,,
2023-09-20,378,211,,,
2023-09-21,333,217,,,
2023-09-22,372,233,,,
2023-09-23,394,233,,,
2023-09-24,372,233,,,
2023-09-25,322,228,,,
2023-09-26,333,194,,,
2023-09-27,356,211,,,
2023-09-28,344,194,,,
2023-09-29,350,217,,,
2023-09-30,322,222,,,
2023-10-01,311,217,,,
2023-10-02,306,211,,,
2023-10-03,322,217,,,
2023-10-04,311,200,,,
2023-10-05,261,183,,,
2023-10-06,278,139,,,
2023-10-07,239,106,,,
2023-10-08,283,133,,,
2023-10-09,311,117,,,
2023-10-10,294,144,,,
2023-10-11,333,161,,,
2023-10-12,333,178,,,
2023-10-13,250,156,,,
2023-10-14,211,111,,,
2023-10-15,217,100,,,
2023-10-16,256,78,,,
2023-10-17,289,111,,,
2023-10-18,356,128,,,
2023-10-19,306,106,,,
2023-10-20,333,122,,,
2023-10-21,328,167,,,
2023-10-22,278,206,,,
2023-10-23,217,183,,,
2023-10-24,267,194,,,
2023-10-25,256,161,,,
2023-10-26,272,139,,,
2023-10-27,233,133,,,
2023-10-28,239,128,,,
2023-10-29,111,22,,,
2023-10-30,72,0,,,
2023-10-31,139,-6,,,
2023-11-01,161,17,,,
2023-11-02,217,50,,,
2023-11-03,250,61,,,
2023-11-04,283,83,,,
2023-11-05,272,89,,,
2023-11-06,317,128,,,
2023-11-07,322,139,,,
2023-11-08,317,150,,,
2023-11-09,172,78,,,
2023-11-10,122,67,,,
2023-11-11,117,78,,,
2023-11-12,144,106,,,
2023-11-13,133,100,,,
2023-11-14,128,100,,,
2023-11-15,189,106,,,
2023-11-16,206,100,,,
2023-11-17,222,111,,,
2023-11-18,139,106,,,
2023-11-19,244,111,,,
2023-11-20,200,83,,,
2023-11-21,144,39,,,
2023-11-22,178,22,,,
2023-11-23,189,28,,,
2023-11-24,144,44,,,
2023-11-25,139,67,,,
2023-11-26,111,17,,,
2023-11-27,111,22,,,
2023-11-28,144,39,,,
2023-11-29,167,50,,,
2023-11-30,194,89,,,
2023-12-01,189,22,,,
2023-12-02,178,61,,,
2023-12-03,206,33,,,
2023-12-04,183,22,,,
2023-12-05,217,33,,,
2023-12-06,189,28,,,
2023-12-07,250,72,,,
2023-12-08,256,94,,,
2023-12-09,144,17,,,
2023-12-10,122,-28,,,
2023-12-11,211,11,,,
2023-12-12,144,44,,,
2023-12-13,133,94,,,
2023-12-14,128,67,,,
2023-12-15,122,17,,,
2023-12-16,172,22,,,
2023-12-17,217,22,,,
2023-12-18,161,28,,,
2023-12-19,178,72,,,
2023-12-20,167,78,,,
2023-12-21,206,94,,,
2023-12-22,194,78,,,
2023-12-23,167,100,,,
2023-12-24,156,33,,,
2023-12-25,72,0,,,
2023-12-26,128,-11,,,
2023-12-27,133,0,,,
2023-12-28,128,-6,,,
2023-12-29,150,-28,,,
2023-12-30,189,0,,,
2024-01-01,117,-22,,,
2024-01-02,61,22,,,
2024-01-03,100,6,,,
2024-01-04,67,17,,,
2024-01-05,139,0,,,
2024-01-06,122,-6,,,
2024-01-07,150,-17,,,
2024-01-08,117,11,,,
2024-01-09,111,-28,,,
2024-01-10,189,28,,,
2024-01-11,200,39,,,
2024-01-12,117,-11,,,
2024-01-13,194,-56,,,
2024-01-14,-39,-111,,,
2024-01-15,6,-128,,,
2024-01-16,-6,-117,,,
2024-01-17,156,-72,,,
2024-01-18,239,17,,,
2024-01-19,89,-56,,,
2024-01-20,39,-67,,,
2024-01-21,61,-11,,,
2024-01-22,150,22,,,
2024-01-23,183,56,,,
2024-01-24,156,67,,,
2024-01-25,172,39,,,
2024-01-26,161,50,,,
2024-01-27,161,33,,,
2024-01-28,183,17,,,
2024-01-29,206,28,,,
2024-01-30,211,22,,,
2024-01-31,200,44,,,
2024-02-01,239,72,,,
2024-02-02,239,106,,,
2024-02-03,167,72,,,
2024-02-04,178,67,,,
2024-02-05,167,33,,,
2024-02-06,178,39,,,
2024-02-07,194,94,,,
2024-02-08,161,39,,,
2024-02-09,183,67,,,
2024-02-10,206,78,,,
2024-02-11,94,6,,,
2024-02-12,144,-22,,,
2024-02-13,200,11,,,
2024-02-14,233,39,,,
2024-02-15,233,56,,,
2024-02-16,172,44,,,
2024-02-17,44,-22,,,
2024-02-18,128,-33,,,
2024-02-19,244,33,,,
2024-02-20,283,83,,,
2024-02-21,306,106,,,
2024-02-22,239,83,,,
2024-02-23,211,44,,,
2024-02-24,250,83,,,
2024-02-25,289,89,,,
2024-02-26,306,128,,,
2024-02-27,267,144,,,
2024-02-28,217,28,,,
2024-02-29,128,11,,,
2024-03-01,239,39,,,
2024-03-02,272,72,,,
2024-03-03,256,83,,,
2024-03-04,250,89,,,
2024-03-05,261,94,,,
2024-03-06,267,78,,,
2024-03-07,244,139,,,
2024-03-08,156,50,,,
2024-03-09,133,28,,,
2024-03-10,183,22,,,
2024-03-11,233,50,,,
2024-03-12,272,111,,,
2024-03-13,283,122,,,
2024-03-14,278,89,,,
2024-03-15,161,78,,,
2024-03-16,128,83,,,
2024-03-17,122,94,,,
2024-03-18,172,78,,,
2024-03-19,206,89,,,
2024-03-20,244,78,,,
2024-03-21,233,100,,,
2024-03-22,278,78,,,
2024-03-23,239,100,,,
2024-03-24,261,133,,,
2024-03-25,183,61,,,
2024-03-26,183,22,,,
2024-03-27,211,50,,,
2024-03-28,261,39,,,
2024-03-29,289,133,,,
2024-03-30,294,133,,,
2024-03-31,294,167,,,
2024-04-01,272,139,,,
2024-04-02,194,72,,,
2024-04-03,261,44,,,
2024-04-04,294,94,,,
2024-04-05,294,122,,,
2024-04-06,267,133,,,
2024-04-07,261,61,,,
2024-04-08,272,100,,,
2024-04-09,144,78,,,
2024-04-10,222,72,,,
2024-04-11,272,67,,,
2024-04-12,289,117,,,
2024-04-13,328,156,,,
2024-04-14,350,156,,,
2024-04-15,344,194,,,
2024-04-16,311,128,,,
2024-04-17,333,139,,,
2024-04-18,300,156,,,
2024-04-19,189,111,,,
2024-04-20,156,83,,,
2024-04-21,156,72,,,
2024-04-22,256,111,,,
2024-04-23,344,128,,,
2024-04-24,322,167,,,
2024-04-25,311,217,,,
2024-04-26,306,156,,,
2024-04-27,317,178,,,
2024-04-28,278,117,,,
2024-04-29,322,128,,,
2024-04-30,350,172,,,
2024-05-01,328,189,,,
2024-05-02,344,206,,,
2024-05-03,350,172,,,
2024-05-04,267,161,,,
2024-05-05,250,150,,,
2024-05-06,339,200,,,
2024-05-07,339,144,,,
2024-05-08,339,178,,,
2024-05-09,344,178,,,
2024-05-10,250,172,,,
2024-05-11,200,161,,,
2024-05-12,322,167,,,
2024-05-13,311,139,,,
2024-05-14,350,167,,,
2024-05-15,339,217,,,
2024-05-16,261,133,,,
2024-05-17,294,117,,,
2024-05-18,378,156,,,
2024-05-19,400,194,,,
2024-05-20,383,200,,,
2024-05-21,339,239,,,
2024-05-22,356,200,,,
2024-05-23,367,189,,,
2024-05-24,350,178,,,
2024-05-25,389,194,,,
2024-05-26,367,217,,,
2024-05-27,389,150,,,
2024-05-28,378,222,,,
2024-05-29,317,183,,,
2024-05-30,356,189,,,
2024-05-31,333,189,,,
2024-06-01,322,183,,,
2024-06-02,356,222,,,
2024-06-03,394,239,,,
2024-06-04,400,228,,,
2024-06-05,378,244,,,
2024-06-06,389,233,,,
2024-06-07,383,261,,,
2024-06-08,383,244,,,
2024-06-09,372,211,,,
2024-06-10,300,194,,,
2024-06-11,333,206,,,
2024-06-12,350,217,,,
2024-06-13,372,233,,,
2024-06-14,361,244,,,
2024-06-15,361,239,,,
2024-06-16,383,250,,,
2024-06-17,378,244,,,
2024-06-18,361,244,,,
2024-06-19,306,233,,,
2024-06-20,261,211,,,
2024-06-21,328,211,,,
2024-06-22,350,217,,,
2024-06-23,367,211,,,
2024-06-24,372,222,,,
2024-06-25,394,244,,,
2024-06-26,394,267,,,
2024-06-27,378,267,,,
2024-06-28,400,256,,,
2024-06-29,361,261,,,
2024-06-30,372,244,,,
2024-07-01,367,244,,,
2024-07-02,400,256,,,
2024-07-03,389,250,,,
2024-07-04,394,222,,,
2024-07-05,300,228,,,
2024-07-06,361,211,,,
2024-07-07,389,217,,,
2024-07-08,289,200,,,
2024-07-09,350,206,,,
2024-07-10,356,217,,,
2024-07-11,361,217,,,
2024-07-12,356,222,,,
2024-07-13,350,217,,,
2024-07-14,367,228,,,
2024-07-15,383,233,,,
2024-07-16,378,239,,,
2024-07-17,378,239,,,
2024-07-18,333,239,,,
2024-07-19,356,228,,,
2024-07-20,356,233,,,
2024-07-21,350,211,,,
2024-07-22,239,189,,,
2024-07-23,317,178,,,
2024-07-24,339,211,,,
2024-07-25,344,228,,,
2024-07-26,350,217,,,
2024-07-27,344,222,,,
2024-07-28,350,217,,,
2024-07-29,361,233,,,
2024-07-30,383,239,,,
2024-07-31,383,250,,,
2024-08-01,389,250,,,
2024-08-02,378,239,,,
2024-08-03,378,250,,,
2024-08-04,356,244,,,
2024-08-05,356,222,,,
2024-08-06,378,239,,,
2024-08-07,417,239,,,
2024-08-08,411,250,,,
2024-08-09,361,256,,,
2024-08-10,372,244,,,
2024-08-11,383,256,,,
2024-08-12,372,250,,,
2024-08-13,372,250,,,
2024-08-14,383,256,,,
2024-08-15,389,267,,,
2024-08-16,383,261,,,
2024-08-17,383,261,,,
2024-08-18,383,250,,,
2024-08-19,383,250,,,
2024-08-20,389,250,,,
2024-08-21,411,256,,,
2024-08-22,417,267,,,
2024-08-23,417,267,,,
2024-08-24,394,256,,,
2024-08-25,361,239,,,
2024-08-26,344,244,,,
2024-08-27,344,222,,,
2024-08-28,344,222,,,
2024-08-29,339,217,,,
2024-08-30,328,211,,,
2024-08-31,306,206,,,
2024-09-01,306,194,,,
2024-09-02,228,172,,,
2024-09-03,200,178,,,
2024-09-04,250,189,,,
2024-09-05,283,206,,,
2024-09-06,300,194,,,
2024-09-07,294,194,,,
2024-09-08,306,167,,,
2024-09-09,294,167,,,
2024-09-10,306,144,,,
2024-09-11,317,150,,,
2024-09-12,333,189,,,
2024-09-13,378,200,,,
2024-09-14,328,233,,,
2024-09-15,339,200,,,
2024-09-16,322,189,,,
2024-09-17,328,211,,,
2024-09-18,356,222,,,
2024-09-19,367,233,,,
2024-09-20,344,217,,,
2024-09-21,328,233,,,
2024-09-22,289,172,,,
2024-09-23,261,156,,,
2024-09-24,328,178,,,
2024-09-25,294,189,,,
2024-09-26,317,150,,,
2024-09-27,339,161,,,
2024-09-28,322,172,,,
2024-09-29,317,144,,,
2024-09-30,333,156,,,
2024-10-01,300,150,,,
2024-10-02,322,144,,,
2024-10-03,328,167,,,
2024-10-04,317,156,,,
2024-10-05,317,172,,,
2024-10-06,322,167,,,
2024-10-07,306,156,,,
2024-10-08,322,150,,,
2024-10-09,333,156,,,
2024-10-10,344,178,,,
2024-10-11,344,172,,,
2024-10-12,350,172,,,
2024-10-13,350,172,,,
2024-10-14,311,161,,,
2024-10-15,339,156,,,
2024-10-16,206,111,,,
2024-10-17,239,100,,,
2024-10-18,233,167,,,
2024-10-19,222,189,,,
2024-10-20,250,189,,,
2024-10-21,306,161,,,
2024-10-22,322,144,,,
2024-10-23,333,161,,,
2024-10-24,328,178,,,
2024-10-25,261,150,,,
2024-10-26,267,122,,,
2024-10-27,328,139,,,
2024-10-28,311,183,,,
2024-10-29,278,183,,,
2024-10-30,306,167,,,
2024-10-31,233,83,,,
2024-11-01,272,144,,,
2024-11-02,256,194,,,
2024-11-03,278,194,,,
2024-11-04,222,100,,,
2024-11-05,206,50,,,
2024-11-06,261,89,,,
2024-11-07,178,111,,,
2024-11-08,161,50,,,
2024-11-09,222,22,,,
2024-11-10,244,56,,,
2024-11-11,261,44,,,
2024-11-12,278,122,,,
2024-11-13,217,100,,,
2024-11-14,239,50,,,
2024-11-15,267,83,,,
2024-11-16,267,139,,,
2024-11-17,200,144,,,
2024-11-18,183,100,,,
2024-11-19,200,56,,,
2024-11-20,156,17,,,
2024-11-21,228,33,,,
2024-11-22,228,44,,,
2024-11-23,244,78,,,
2024-11-24,278,100,,,
2024-11-25,150,61,,,
2024-11-26,183,28,,,
2024-11-27,272,83,,,
2024-11-28,111,44,,,
2024-11-29,117,17,,,
2024-11-30,178,39,,,
2024-12-01,211,11,,,
2024-12-02,178,39,,,
2024-12-03,144,100,,,
2024-12-04,206,67,,,
2024-12-05,150,72,,,
2024-12-06,94,61,,,
2024-12-07,117,44,,,
2024-12-08,211,28,,,
2024-12-09,222,72,,,
2024-12-10,78,6,,,
2024-12-11,150,-11,,,
2024-12-12,139,11,,,
2024-12-13,217,61,,,
2024-12-14,217,33,,,
2024-12-15,250,72,,,
2024-12-16,194,61,,,
2024-12-17,222,6,,,
2024-12-18,144,39,,,
2024-12-19,211,17,,,
2024-12-20,178,6,,,
2024-12-21,211,39,,,
2024-12-22,183,39,,,
2024-12-23,239,61,,,
2024-12-24,144,83,,,
2024-12-25,167,78,,,
2024-12-26,178,44,,,
2024-12-27,206,67,,,
2024-12-28,206,100,,,
2024-12-29,256,72,,,
2024-12-30,256,100,,,
2024-12-31,139,6,,,
2025-01-01,117,22,,,
2025-01-02,222,-17,,,
2025-01-03,206,28,,,
2025-01-04,222,100,,,
2025-01-05,117,-11,,,
2025-01-06,44,-72,,,
2025-01-07,44,-11,,,
2025-01-08,22,-33,,,
2025-01-09,50,-22,,,
2025-01-10,67,-17,,,
2025-01-11,144,-33,,,
2025-01-12,122,-11,,,
2025-01-13,100,-22,,,
2025-01-14,133,-28,,,
2025-01-15,139,-22,,,
2025-01-16,156,-17,,,
2025-01-17,183,72,,,
2025-01-18,111,-17,,,
2025-01-19,6,-72,,,
2025-01-20,22,-72,,,
2025-01-21,6,-106,,,
2025-01-22,128,-50,,,
2025-01-23,78,-67,,,
2025-01-24,128,-61,,,
2025-01-25,183,-11,,,
2025-01-26,117,-33,,,
2025-01-27,78,-6,,,
2025-01-28,83,17,,,
2025-01-29,128,44,,,
2025-01-30,133,0,,,
2025-01-31,200,33,,,
2025-02-01,222,33,,,
2025-02-02,267,67,,,
2025-02-03,306,89,,,
2025-02-04,278,111,,,
2025-02-05,294,106,,,
2025-02-06,300,83,,,
2025-02-07,317,56,,,
2025-02-08,317,72,,,
2025-02-09,111,28,,,
2025-02-10,61,28,,,
2025-02-11,89,33,,,
2025-02-12,111,-28,,,
2025-02-13,44,-50,,,
2025-02-14,211,0,,,
2025-02-15,194,50,,,
2025-02-16,100,-22,,,
2025-02-17,211,0,,,
2025-02-18,89,-72,,,
2025-02-19,-39,-94,,,
2025-02-20,6,-94,,,
2025-02-21,44,-61,,,
2025-02-22,133,-39,,,
2025-02-23,233,0,,,
2025-02-24,289,22,,,
2025-02-25,300,72,,,
2025-02-26,239,111,,,
2025-02-27,189,83,,,
2025-02-28,222,56,,,
2025-03-01,267,94,,,
2025-03-02,233,133,,,
2025-03-03,289,100,,,
2025-03-04,211,83,,,
2025-03-05,189,28,,,
2025-03-06,217,89,,,
2025-03-07,256,133,,,
2025-03-08,150,33,,,
2025-03-09,189,22,,,
2025-03-10,239,39,,,
2025-03-11,278,94,,,
2025-03-12,244,106,,,
2025-03-13,250,94,,,
2025-03-14,194,128,,,
2025-03-15,167,72,,,
2025-03-16,222,67,,,
2025-03-17,294,67,,,
2025-03-18,322,133,,,
2025-03-19,161,67,,,
2025-03-20,183,0,,,
2025-03-21,256,72,,,
2025-03-22,311,94,,,
2025-03-23,250,122,,,
2025-03-24,283,78,,,
2025-03-25,317,139,,,
2025-03-26,283,183,,,
2025-03-27,250,156,,,
2025-03-28,300,139,,,
2025-03-29,300,161,,,
2025-03-30,283,139,,,
2025-03-31,267,94,,,
2025-04-01,317,133,,,
2025-04-02,256,122,,,
2025-04-03,206,106,,,
2025-04-04,139,89,,,
2025-04-05,94,22,,,
2025-04-06,139,22,,,
2025-04-07,228,44,,,
2025-04-08,272,83,,,
2025-04-09,328,111,,,
2025-04-10,317,133,,,
2025-04-11,317,156,,,
2025-04-12,356,167,,,
2025-04-13,367,167,,,
2025-04-14,267,178,,,
2025-04-15,256,128,,,
2025-04-16,317,156,,,
2025-04-17,356,172,,,
2025-04-18,283,206,,,
2025-04-19,244,111,,,
2025-04-20,239,67,,,
2025-04-21,294,100,,,
2025-04-22,289,161,,,
2025-04-23,289,167,,,
2025-04-24,294,189,,,
2025-04-25,289,211,,,
2025-04-26,272,206,,,
2025-04-27,328,211,,,
2025-04-28,328,211,,,
2025-04-29,322,183,,,
2025-04-30,294,161,,,
2025-05-01,333,128,,,
2025-05-02,206,150,,,
2025-05-03,261,83,,,
2025-05-04,261,139,,,
2025-05-05,267,144,,,
2025-05-06,250,139,,,
2025-05-07,267,117,,,
2025-05-08,217,156,,,
2025-05-09,250,128,,,
2025-05-10,272,122,,,
2025-05-11,300,106,,,
2025-05-12,344,144,,,
2025-05-13,372,194,,,
2025-05-14,372,217,,,
2025-05-15,322,217,,,
2025-05-16,350,183,,,
2025-05-17,367,206,,,
2025-05-18,361,244,,,
2025-05-19,328,178,,,
2025-05-20,306,150,,,
2025-05-21,350,172,,,
2025-05-22,389,217,,,
2025-05-23,383,206,,,
2025-05-24,389,239,,,
2025-05-25,367,217,,,
2025-05-26,300,189,,,
2025-05-27,294,178,,,
2025-05-28,317,161,,,
2025-05-29,344,189,,,
2025-05-30,261,167,,,
2025-05-31,333,189,,,
2025-06-01,378,222,,,
2025-06-02,344,217,,,
2025-06-03,356,211,,,
2025-06-04,294,156,,,
2025-06-05,328,222,,,
2025-06-06,361,211,,,
2025-06-07,400,233,,,
2025-06-08,389,211,,,
2025-06-09,339,194,,,
2025-06-10,289,183,,,
2025-06-11,300,189,,,
2025-06-12,350,183,,,
2025-06-13,372,228,,,
2025-06-14,383,239,,,
2025-06-15,344,233,,,
2025-06-16,378,228,,,
2025-06-17,394,239,,,
2025-06-18,378,250,,,
2025-06-19,344,239,,,
2025-06-20,350,233,,,
2025-06-21,344,228,,,
2025-06-22,333,228,,,
2025-06-23,333,244,,,
2025-06-24,344,233,,,
2025-06-25,350,228,,,
2025-06-26,350,233,,,
2025-06-27,356,222,,,
2025-06-28,361,239,,,
2025-06-29,367,244,,,
2025-06-30,344,200,,,
2025-07-01,250,194,,,
2025-07-02,256,200,,,
2025-07-03,272,211,,,
2025-07-04,328,228,,,
2025-07-05,339,222,,,
2025-07-06,344,233,,,
2025-07-07,333,222,,,
2025-07-08,344,222,,,
2025-07-09,328,189,,,
2025-07-10,339,211,,,
2025-07-11,339,228,,,
2025-07-12,294,211,,,
2025-07-13,322,206,,,
2025-07-14,328,211,,,
2025-07-15,328,211,,,
2025-07-16,361,222,,,
2025-07-17,350,228,,,
2025-07-18,361,222,,,
2025-07-19,378,222,,,
2025-07-20,394,233,,,
2025-07-21,378,244,,,
2025-07-22,344,233,,,
2025-07-23,350,217,,,
2025-07-24,378,228,,,
2025-07-25,356,211,,,
2025-07-26,367,233,,,
2025-07-27,333,228,,,
2025-07-28,350,228,,,
2025-07-29,356,228,,,
2025-07-30,372,211,,,
2025-07-31,367,211,,,
2025-08-01,356,244,,,
2025-08-02,361,228,,,
2025-08-03,378,222,,,
2025-08-04,406,239,,,
2025-08-05,383,244,,,
2025-08-06,383,233,,,
2025-08-07,372,228,,,
2025-08-08,389,228,,,
2025-08-09,389,233,,,
2025-08-10,389,244,,,
2025-08-11,344,206,,,
2025-08-12,344,194,,,
2025-08-13,367,222,,,
2025-08-14,378,233,,,
2025-08-15,367,244,,,
2025-08-16,367,239,,,
2025-08-17,361,256,,,
2025-08-18,378,244,,,
2025-08-19,372,228,,,
2025-08-20,322,217,,,
2025-08-21,344,206,,,
2025-08-22,350,228,,,
2025-08-23,339,222,,,
2025-08-24,344,206,,,
2025-08-25,350,222,,,
2025-08-26,344,233,,,
2025-08-27,356,222,,,
2025-08-28,383,228,,,
2025-08-29,378,244,,,
2025-08-30,350,206,,,
2025-08-31,311,222,,,
2025-09-01,333,200,,,
2025-09-02,356,194,,,
2025-09-03,344,172,,,
2025-09-04,367,222,,,
2025-09-05,306,239,,,
2025-09-06,261,167,,,
2025-09-07,306,206,,,
2025-09-08,311,200,,,
2025-09-09,339,183,,,
2025-09-10,333,194,,,
2025-09-11,344,194,,,
2025-09-12,333,194,,,
2025-09-13,322,200,,,
2025-09-14,311,211,,,
2025-09-15,328,200,,,
2025-09-16,322,200,,,
2025-09-17,317,194,,,
2025-09-18,306,200,,,
2025-09-19,322,206,,,
2025-09-20,333,211,,,
2025-09-21,372,200,,,
2025-09-22,378,217,,,
2025-09-23,372,239,,,
2025-09-24,283,189,,,
2025-09-25,294,150,,,
2025-09-26,311,172,,,
2025-09-27,317,189,,,
2025-09-28,306,183,,,
2025-09-29,272,194,,,
2025-09-30,311,161,,,
2025-10-01,339,178,,,
2025-10-02,344,178,,,
2025-10-03,328,172,,,
2025-10-04,317,172,,,
2025-10-05,317,194,,,
2025-10-06,317,189,,,
2025-10-07,311,194,,,
2025-10-08,294,194,,,
2025-10-09,306,194,,,
2025-10-10,300,189,,,
2025-10-11,311,172,,,
2025-10-12,289,200,,,
2025-10-13,283,183,,,
2025-10-14,289,183,,,
2025-10-15,289,167,,,
2025-10-16,306,172,,,
2025-10-17,328,183,,,
2025-10-18,300,172,,,
2025-10-19,250,128,,,
2025-10-20,339,156,,,
2025-10-21,250,122,,,
2025-10-22,294,100,,,
2025-10-23,306,167,,,
2025-10-24,206,128,,,
2025-10-25,222,122,,,
2025-10-26,278,111,,,
2025-10-27,306,133,,,
2025-10-28,211,106,,,
2025-10-29,167,39,,,
2025-10-30,228,44,,,
2025-10-31,239,72,,,
2025-11-01,206,89,,,
2025-11-02,239,72,,,
2025-11-03,278,83,,,
2025-11-04,289,111,,,
2025-11-05,317,111,,,
2025-11-06,300,67,,,
2025-11-07,261,122,,,
2025-11-08,289,100,,,
2025-11-09,161,78,,,
2025-11-10,178,39,,,
2025-11-11,256,56,,,
2025-11-12,278,83,,,
2025-11-13,300,100,,,
2025-11-14,306,122,,,
2025-11-15,306,128,,,
2025-11-16,294,139,,,
2025-11-17,272,150,,,
2025-11-18,278,122,,,
2025-11-19,250,139,,,
2025-11-20,228,106,,,
2025-11-21,206,78,,,
2025-11-22,222,44,,,
2025-11-23,211,144,,,
2025-11-24,217,83,,,
2025-11-25,228,61,,,
2025-11-26,139,50,,,
2025-11-27,172,22,,,
2025-11-28,156,106,,,
2025-11-29,244,50,,,
2025-11-30,44,0,,,
2025-12-01,122,0,,,
2025-12-02,183,-11,,,
2025-12-03,194,50,,,
2025-12-04,56,17,,,
2025-12-05,167,11,,,
2025-12-06,217,6,,,
2025-12-07,161,50,,,
2025-12-08,189,28,,,
2025-12-09,222,17,,,
2025-12-10,178,67,,,
2025-12-11,228,39,,,
2025-12-12,233,44,,,
2025-12-13,250,22,,,
2025-12-14,39,0,,,
2025-12-15,111,22,,,
2025-12-16,217,33,,,
2025-12-17,211,11,,,
2025-12-18,178,67,,,
2025-12-19,233,39,,,
2025-12-20,289,83,,,
2025-12-21,183,22,,,
2025-12-22,256,39,,,
2025-12-23,267,111,,,
2025-12-24,250,106,,,
2025-12-25,278,117,,,
2025-12-26,267,106,,,
2025-12-27,283,122,,,
2025-12-28,233,61,,,
2025-12-29,56,-11,,,
2025-12-30,111,11,,,
2025-12-31,167,-17,,,
2026-01-01,222,72,,,
2026-01-02,228,100,,,
2026-01-03,211,67,,,
2026-01-04,222,78,,,
2026-01-05,250,89,,,
2026-01-06,228,56,,,
2026-01-07,233,94,,,
2026-01-08,183,72,,,
2026-01-09,167,17,,,
2026-01-10,106,-22,,,
2026-01-11,133,-39,,,
2026-01-12,139,-11,,,
2026-01-13,139,44,,,
2026-01-14,178,33,,,
2026-01-15,200,28,,,
2026-01-16,122,33,,,
2026-01-17,50,-33,,,
2026-01-18,161,-39,,,
2026-01-19,106,0,,,
2026-01-20,117,-44,,,
2026-01-21,144,11,,,
2026-01-22,206,17,,,
2026-01-23,100,-56,,,
2026-01-24,-67,-100,,,
2026-01-25,-56,-128,,,
2026-01-26,11,-156,,,
2026-01-27,94,-94,,,
2026-01-28,122,-44,,,
2026-01-29,144,28,,,
2026-01-30,150,0,,,
2026-01-31,67,-33,,,
2026-02-01,144,-44,,,
2026-02-02,211,6,,,
2026-02-03,178,56,,,
2026-02-04,161,6,,,
2026-02-05,194,11,,,
2026-02-06,244,33,,,
2026-02-07,256,56,,,
2026-02-08,256,117,,,
2026-02-09,239,89,,,
2026-02-10,178,89,,,
2026-02-11,178,39,,,
2026-02-12,244,67,,,
2026-02-13,239,128,,,
2026-02-14,200,111,,,
2026-02-15,222,67,,,
2026-02-16,267,78,,,
2026-02-17,300,117,,,
2026-02-18,250,83,,,
2026-02-19,233,111,,,
2026-02-20,250,61,,,
2026-02-21,156,56,,,
2026-02-22,133,0,,,
2026-02-23,161,22,,,
2026-02-24,261,39,,,
2026-02-25,317,122,,,
2026-02-26,272,139,,,
2026-02-27,289,117,,,
2026-02-28,317,117,,,
2026-03-01,311,144,,,
2026-03-02,294,122,,,
2026-03-03,317,150,,,
2026-03-04,250,100,,,
2026-03-05,278,156,,,
2026-03-06,283,133,,,
2026-03-07,183,78,,,
2026-03-08,244,61,,,
2026-03-09,283,150,,,
2026-03-10,278,156,,,
2026-03-11,200,111,,,
2026-03-12,222,50,,,
2026-03-13,306,94,,,
2026-03-14,322,122,,,
2026-03-15,294,61,,,
2026-03-16,78,6,,,
2026-03-17,228,6,,,
2026-03-18,278,89,,,
2026-03-19,333,106,,,
2026-03-20,361,144,,,
2026-03-21,372,144,,,
2026-03-22,378,150,,,
2026-03-23,239,111,,,
2026-03-24,339,133,,,
2026-03-25,339,167,,,
2026-03-26,344,178,,,
2026-03-27,217,106,,,
2026-03-28,189,83,,,
2026-03-29,300,122,,,
2026-03-30,311,167,,,
2026-03-31,333,167,,,
2026-04-01,317,194,,,
2026-04-02,300,144,,,
2026-04-03,283,183,,,
2026-04-04,200,117,,,
2026-04-05,211,106,,,
2026-04-06,217,94,,,
2026-04-07,183,122,,,
2026-04-08,267,111,,,
2026-04-09,283,144,,,
2026-04-10,278,172,,,
2026-04-11,250,150,,,
2026-04-12,300,139,,,
2026-04-13,317,189,,,
2026-04-14,306,172,,,
2026-04-15,294,167,,,
2026-04-16,306,172,,,
2026-04-17,322,189,,,
2026-04-18,239,94,,,
2026-04-19,206,67,,,
2026-04-20,156,94,,,
2026-04-21,228,133,,,
2026-04-22,322,167,,,
2026-04-23,339,183,,,
2026-04-24,328,172,,,
2026-04-25,350,183,,,
2026-04-26,356,206,,,
2026-04-27,333,178,,,
2026-04-28,356,217,,,
2026-04-29,261,156,,,
2026-04-30,222,133,,,
2026-05-01,144,117,,,
2026-05-02,217,94,,,
2026-05-03,250,111,,,
2026-05-04,322,156,,,
2026-05-05,300,183,,,
2026-05-06,272,128,,,
2026-05-07,250,111,,,
2026-05-08,300,156,,,
2026-05-09,350,156,,,
2026-05-10,344,150,,,
2026-05-11,283,150,,,
2026-05-12,356,156,,,
2026-05-13,367,183,,,
2026-05-14,372,183,,,
2026-05-15,361,228,,,
2026-05-16,383,211,,,
2026-05-17,372,217,,,
2026-05-18,372,228,,,
2026-05-19,294,156,,,
2026-05-20,178,139,,,
2026-05-21,261,167,,,
2026-05-22,339,150,,,
2026-05-23,339,178,,,
2026-05-24,322,167,,,
2026-05-25,322,183,,,
2026-05-26,222,167,,,
2026-05-27,300,156,,,
2026-05-28,333,183,,,
2026-05-29,328,206,,,
2026-05-30,350,228,,,
2026-05-31,367,217,,,
2026-06-01,350,211,,,
2026-06-02,328,217,,,
2026-06-03,283,178,,,
2026-06-04,300,206,,,
2026-06-05,300,189,,,
2026-06-06,306,183,,,
2026-06-07,367,206,,,
2026-06-08,356,222,,,
2026-06-09,322,239,,,
2026-06-10,361,228,,,
2026-06-11,372,239,,,
2026-06-12,322,233,,,
2026-06-13,344,244,,,
2026-06-14,328,228,,,
2026-06-15,300,217,,,
2026-06-16,356,211,,,
2026-06-17,433,233,,,
2026-06-18,400,233,,,
2026-06-19,333,211,,,
2026-06-20,361,222,,,
2026-06-21,411,233,,,
2026-06-22,394,244,,,
2026-06-23,378,239,,,
2026-06-24,383,233,,,
2026-06-25,378,239,,,
2026-06-26,389,256,,,
2026-06-27,389,250,,,
2026-06-28,400,250,,,
2026-06-29,372,256,,,
2026-06-30,356,250,,,
2026-07-01,300,239,,,
2026-07-02,356,239,,,
2026-07-03,372,233,,,
2026-07-04,372,250,,,
2026-07-05,367,206,,,
2026-07-06,356,211,,,
2026-07-07,356,211,,,
2026-07-08,361,228,,,
2026-07-09,372,222,,,
2026-07-10,361,228,,,
2026-07-11,361,233,,,
2026-07-12,333,222,,,
2026-07-13,306,211,,,
2026-07-14,322,206,,,
2026-07-15,306,211,,,
2026-07-16,300,200,,,
2026-07-17,300,206,,,
2026-07-18,344,217,,,
2026-07-19,344,228,,,
2026-07-20,339,233,,,
2026-07-21,372,228,,,
2026-07-22,389,239,,,
2026-07-23,394,256,,,
2026-07-24,389,244,,,
2026-07-25,361,233,,,
2026-07-26,383,233,,,
2026-07-27,383,233,,,
2026-07-28,378,228,,,
2026-07-29,372,239,,,
2026-07-30,378,239,,,
2026-07-31,394,239,,,
2026-08-01,333,250,,,
2026-08-02,378,200,,,
2026-08-03,389,233,,,
2026-08-04,372,239,,,
2026-08-05,367,239,,,
2026-08-06,367,244,,,
2026-08-07,372,244,,,
2026-08-08,367,233,,,
2026-08-09,361,222,,,
2026-08-10,372,233,,,
2026-08-11,378,244,,,
2026-08-12,389,256,,,
2026-08-13,394,267,,,
2026-08-14,389,261,,,
2026-08-15,372,244,,,
2026-08-16,361,228,,,
2026-08-17,372,244,,,
2026-08-18,383,228,,,
2026-08-19,389,233,,,
2026-08-20,389,239,,,
2026-08-21,389,250,,,
