DATE,TMAX,TMIN,PRCP,SNWD,SNOW
2003-05-26,226.0,187.0,422.0,,
2003-05-27,270.0,163.0,0.0,,
2003-05-28,274.0,126.0,0.0,,
2003-05-29,314.0,140.0,0.0,,
2003-05-30,348.0,196.0,0.0,,
2003-05-31,341.0,204.0,0.0,,
2003-06-01,329.0,204.0,0.0,,
2003-06-02,312.0,232.0,0.0,,
2003-06-03,329.0,204.0,0.0,,
2003-06-04,278.0,216.0,0.0,,
2003-06-05,276.0,210.0,0.0,,
2003-06-06,265.0,172.0,8.0,,
2003-06-07,305.0,142.0,0.0,,
2003-06-08,262.0,167.0,0.0,,
2003-06-09,331.0,151.0,0.0,,
2003-06-10,310.0,239.0,0.0,,
2003-06-11,352.0,247.0,0.0,,
2003-06-12,304.0,191.0,528.0,,
2003-06-13,245.0,188.0,411.0,,
2003-06-14,301.0,184.0,0.0,,
2003-06-15,272.0,187.0,112.0,,
2003-06-16,286.0,204.0,113.0,,
2003-06-17,280.0,213.0,62.0,,
2003-06-18,297.0,207.0,0.0,,
2003-06-19,316.0,197.0,0.0,,
2003-06-20,320.0,214.0,0.0,,
2003-06-21,322.0,229.0,0.0,,
2003-06-22,331.0,237.0,0.0,,
2003-06-23,339.0,252.0,0.0,,
2003-06-24,344.0,248.0,0.0,,
2003-06-25,341.0,245.0,0.0,,
2003-06-26,311.0,231.0,50.0,,
2003-06-27,312.0,210.0,0.0,,
2003-06-28,314.0,190.0,0.0,,
2003-06-29,329.0,190.0,0.0,,
2003-06-30,322.0,222.0,0.0,,
2003-07-01,333.0,212.0,0.0,,
2003-07-02,345.0,221.0,0.0,,
2003-07-03,346.0,227.0,0.0,,
2003-07-04,320.0,222.0,0.0,,
2003-07-05,307.0,224.0,53.0,,
2003-07-06,322.0,240.0,26.0,,
2003-07-07,330.0,229.0,29.0,,
2003-07-08,323.0,223.0,115.0,,
2003-07-09,316.0,226.0,13.0,,
2003-07-10,329.0,224.0,0.0,,
2003-07-11,311.0,218.0,0.0,,
2003-07-12,334.0,208.0,0.0,,
2003-07-13,338.0,229.0,0.0,,
2003-07-14,339.0,225.0,0.0,,
2003-07-15,317.0,226.0,0.0,,
2003-07-16,311.0,232.0,0.0,,
2003-07-17,338.0,216.0,0.0,,
2003-07-18,358.0,224.0,0.0,,
2003-07-19,345.0,222.0,0.0,,
2003-07-20,352.0,228.0,0.0,,
2003-07-21,357.0,235.0,0.0,,
2003-07-22,358.0,239.0,0.0,,
2003-07-23,307.0,216.0,1377.0,,
2003-07-24,313.0,228.0,0.0,,
2003-07-25,327.0,225.0,0.0,,
2003-07-26,327.0,238.0,0.0,,
2003-07-27,330.0,220.0,0.0,,
2003-07-28,325.0,226.0,0.0,,
2003-07-29,334.0,222.0,0.0,,
2003-07-30,338.0,232.0,0.0,,
2003-07-31,315.0,220.0,87.0,,
2003-08-01,334.0,233.0,0.0,,
2003-08-02,329.0,235.0,0.0,,
2003-08-03,307.0,239.0,0.0,,
2003-08-04,338.0,232.0,0.0,,
2003-08-05,338.0,239.0,0.0,,
2003-08-06,357.0,240.0,0.0,,
2003-08-07,371.0,221.0,0.0,,
2003-08-08,351.0,230.0,0.0,,
2003-08-09,312.0,231.0,0.0,,
2003-08-10,354.0,206.0,0.0,,
2003-08-11,293.0,195.0,139.0,,
2003-08-12,294.0,184.0,2.0,,
2003-08-13,294.0,184.0,9.0,,
2003-08-14,308.0,222.0,0.0,,
2003-08-15,339.0,206.0,0.0,,
2003-08-16,348.0,248.0,0.0,,
2003-08-17,360.0,226.0,0.0,,
2003-08-18,369.0,236.0,0.0,,
2003-08-19,357.0,229.0,0.0,,
2003-08-20,353.0,231.0,0.0,,
2003-08-21,356.0,230.0,0.0,,
2003-08-22,348.0,205.0,0.0,,
2003-08-23,359.0,207.0,0.0,,
2003-08-24,363.0,214.0,0.0,,
2003-08-25,367.0,227.0,18.0,,
2003-08-26,348.0,242.0,0.0,,
2003-08-27,332.0,230.0,0.0,,
2003-08-28,350.0,237.0,0.0,,
2003-08-29,355.0,239.0,0.0,,
2003-08-30,350.0,236.0,0.0,,
2003-08-31,252.0,235.0,101.0,,
2003-09-01,265.0,226.0,314.0,,
2003-09-02,301.0,214.0,0.0,,
2003-09-03,313.0,225.0,0.0,,
2003-09-04,325.0,211.0,6.0,,
2003-09-05,309.0,195.0,0.0,,
2003-09-06,304.0,161.0,0.0,,
2003-09-07,298.0,137.0,0.0,,
2003-09-08,310.0,167.0,0.0,,
2003-09-09,315.0,180.0,0.0,,
2003-09-10,320.0,217.0,0.0,,
2003-09-11,305.0,198.0,368.0,,
2003-09-12,264.0,177.0,52.0,,
2003-09-13,308.0,171.0,0.0,,
2003-09-14,280.0,183.0,0.0,,
2003-09-15,292.0,159.0,0.0,,
2003-09-16,298.0,201.0,0.0,,
2003-09-17,308.0,186.0,0.0,,
2003-09-18,297.0,202.0,279.0,,
2003-09-19,271.0,179.0,0.0,,
2003-09-20,291.0,192.0,0.0,,
2003-09-21,231.0,186.0,49.0,,
2003-09-22,293.0,178.0,0.0,,
2003-09-23,286.0,159.0,0.0,,
2003-09-24,289.0,192.0,0.0,,
2003-09-25,297.0,188.0,0.0,,
2003-09-26,283.0,190.0,0.0,,
2003-09-27,313.0,161.0,0.0,,
2003-09-28,279.0,138.0,0.0,,
2003-09-29,253.0,142.0,0.0,,
2003-09-30,257.0,133.0,0.0,,
2003-10-01,262.0,130.0,0.0,,
2003-10-02,234.0,127.0,0.0,,
2003-10-03,253.0,119.0,0.0,,
2003-10-04,278.0,119.0,0.0,,
2003-10-05,229.0,164.0,264.0,,
2003-10-06,236.0,176.0,107.0,,
2003-10-07,270.0,165.0,0.0,,
2003-10-08,282.0,193.0,21.0,,
2003-10-09,229.0,195.0,366.0,,
2003-10-10,267.0,176.0,0.0,,
2003-10-11,281.0,149.0,0.0,,
2003-10-12,271.0,192.0,0.0,,
2003-10-13,282.0,190.0,0.0,,
2003-10-14,235.0,110.0,7.0,,
2003-10-15,240.0,73.0,2.0,,
2003-10-16,273.0,142.0,0.0,,
2003-10-17,258.0,129.0,0.0,,
2003-10-18,253.0,95.0,0.0,,
2003-10-19,268.0,102.0,0.0,,
2003-10-20,280.0,110.0,0.0,,
2003-10-21,298.0,127.0,0.0,,
2003-10-22,316.0,129.0,0.0,,
2003-10-23,314.0,118.0,0.0,,
2003-10-24,296.0,171.0,0.0,,
2003-10-25,268.0,149.0,0.0,,
2003-10-26,172.0,115.0,49.0,,
2003-10-27,224.0,70.0,0.0,,
2003-10-28,267.0,84.0,0.0,,
2003-10-29,261.0,113.0,0.0,,
2003-10-30,287.0,179.0,0.0,,
2003-10-31,288.0,217.0,5.0,,
2003-11-01,267.0,190.0,0.0,,
2003-11-02,271.0,188.0,0.0,,
2003-11-03,276.0,183.0,0.0,,
2003-11-04,264.0,173.0,0.0,,
2003-11-05,272.0,148.0,0.0,,
2003-11-06,147.0,94.0,13.0,,
2003-11-07,116.0,89.0,32.0,,
2003-11-08,117.0,99.0,14.0,,
2003-11-09,124.0,97.0,12.0,,
2003-11-10,239.0,95.0,0.0,,
2003-11-11,266.0,205.0,10.0,,
2003-11-12,271.0,197.0,0.0,,
2003-11-13,197.0,91.0,0.0,,
2003-11-14,195.0,71.0,0.0,,
2003-11-15,214.0,137.0,34.0,,
2003-11-16,203.0,171.0,192.0,,
2003-11-17,221.0,172.0,215.0,,
2003-11-18,207.0,112.0,2.0,,
2003-11-19,215.0,37.0,3.0,,
2003-11-20,234.0,45.0,0.0,,
2003-11-21,244.0,120.0,0.0,,
2003-11-22,261.0,169.0,0.0,,
2003-11-23,223.0,33.0,12.0,,
2003-11-24,89.0,-33.0,0.0,,
2003-11-25,154.0,-25.0,0.0,,
2003-11-26,210.0,135.0,30.0,,
2003-11-27,208.0,75.0,0.0,,
2003-11-28,144.0,-15.0,0.0,,
2003-11-29,163.0,-21.0,0.0,,
2003-11-30,209.0,53.0,0.0,,
2003-12-01,224.0,98.0,0.0,,
2003-12-02,187.0,68.0,0.0,,
2003-12-03,225.0,75.0,0.0,,
2003-12-04,167.0,19.0,0.0,,
2003-12-05,112.0,28.0,0.0,,
2003-12-06,110.0,-31.0,0.0,,
2003-12-07,159.0,-7.0,0.0,,
2003-12-08,228.0,96.0,0.0,,
2003-12-09,189.0,68.0,33.0,,
2003-12-10,124.0,-11.0,0.0,,
2003-12-11,139.0,-26.0,0.0,,
2003-12-12,130.0,67.0,136.0,,
2003-12-13,67.0,-10.0,0.0,,
2003-12-14,140.0,-39.0,0.0,,
2003-12-15,220.0,80.0,9.0,,
2003-12-16,153.0,-5.0,0.0,,
2003-12-17,169.0,-48.0,0.0,,
2003-12-18,163.0,1.0,0.0,,
2003-12-19,159.0,-26.0,0.0,,
2003-12-20,173.0,-22.0,0.0,,
2003-12-21,213.0,69.0,0.0,,
2003-12-22,233.0,86.0,11.0,,
2003-12-23,143.0,11.0,0.0,,
2003-12-24,161.0,-15.0,0.0,,
2003-12-25,140.0,47.0,0.0,,
2003-12-26,211.0,88.0,0.0,,
2003-12-27,216.0,154.0,0.0,,
2003-12-28,177.0,62.0,342.0,,
2003-12-29,129.0,8.0,0.0,,
2003-12-30,163.0,-21.0,0.0,,
2003-12-31,187.0,31.0,0.0,,
2004-01-01,202.0,154.0,5.0,,
2004-01-02,233.0,181.0,0.0,,
2004-01-03,240.0,181.0,0.0,,
2004-01-04,221.0,59.0,0.0,,
2004-01-05,74.0,-19.0,0.0,,
2004-01-06,59.0,-26.0,0.0,,
2004-01-07,53.0,-13.0,0.0,,
2004-01-08,99.0,31.0,10.0,,
2004-01-09,130.0,-3.0,0.0,,
2004-01-10,127.0,-14.0,0.0,,
2004-01-11,154.0,0.0,0.0,,
2004-01-12,172.0,35.0,5.0,,
2004-01-13,173.0,113.0,0.0,,
2004-01-14,214.0,98.0,0.0,,
2004-01-15,170.0,121.0,0.0,,
2004-01-16,180.0,141.0,93.0,,
2004-01-17,202.0,118.0,98.0,,
2004-01-18,119.0,26.0,68.0,,
2004-01-19,83.0,-19.0,0.0,,
2004-01-20,104.0,-16.0,0.0,,
2004-01-21,138.0,4.0,0.0,,
2004-01-22,172.0,6.0,0.0,,
2004-01-23,201.0,17.0,0.0,,
2004-01-24,180.0,124.0,266.0,,
2004-01-25,221.0,107.0,0.0,,
2004-01-26,187.0,2.0,0.0,,
2004-01-27,75.0,-43.0,0.0,,
2004-01-28,139.0,-47.0,0.0,,
2004-01-29,130.0,68.0,11.0,,
2004-01-30,126.0,42.0,0.0,,
2004-01-31,94.0,32.0,0.0,,
2004-02-01,153.0,66.0,56.0,,
2004-02-02,116.0,9.0,62.0,,
2004-02-03,134.0,-20.0,0.0,,
2004-02-04,79.0,42.0,158.0,,
2004-02-05,88.0,35.0,85.0,,
2004-02-06,96.0,10.0,0.0,,
2004-02-07,105.0,-40.0,0.0,,
2004-02-08,107.0,9.0,0.0,,
2004-02-09,180.0,78.0,226.0,,
2004-02-10,82.0,61.0,168.0,,
2004-02-11,69.0,54.0,234.0,,
2004-02-12,70.0,9.0,2.0,,
2004-02-14,21.0,2.0,93.0,,
2004-02-15,138.0,20.0,0.0,,
2004-02-16,164.0,5.0,0.0,,
2004-02-17,184.0,50.0,0.0,,
2004-02-18,197.0,22.0,0.0,,
2004-02-19,222.0,95.0,0.0,,
2004-02-20,221.0,128.0,0.0,,
2004-02-21,199.0,84.0,0.0,,
2004-02-22,205.0,61.0,0.0,,
2004-02-23,157.0,133.0,0.0,,
2004-02-24,134.0,97.0,67.0,,
2004-02-25,97.0,53.0,92.0,,
2004-02-26,147.0,4.0,0.0,,
2004-02-27,178.0,12.0,0.0,,
2004-02-28,169.0,58.0,0.0,,
2004-02-29,160.0,99.0,198.0,,
2004-03-01,228.0,96.0,0.0,,
2004-03-02,219.0,104.0,36.0,,
2004-03-03,254.0,166.0,24.0,,
2004-03-04,227.0,131.0,404.0,,
2004-03-05,233.0,131.0,0.0,,
2004-03-06,210.0,76.0,0.0,,
2004-03-07,239.0,98.0,0.0,,
2004-03-08,217.0,41.0,0.0,,
2004-03-09,224.0,66.0,0.0,,
2004-03-10,209.0,70.0,0.0,,
2004-03-11,216.0,96.0,0.0,,
2004-03-12,173.0,103.0,0.0,,
2004-03-13,204.0,94.0,25.0,,
2004-03-14,173.0,134.0,50.0,,
2004-03-15,209.0,127.0,0.0,,
2004-03-16,249.0,101.0,0.0,,
2004-03-17,262.0,108.0,0.0,,
2004-03-18,275.0,174.0,2.0,,
2004-03-19,258.0,191.0,0.0,,
2004-03-20,280.0,164.0,4.0,,
2004-03-21,232.0,134.0,0.0,,
2004-03-22,178.0,103.0,0.0,,
2004-03-23,233.0,84.0,0.0,,
2004-03-24,208.0,154.0,29.0,,
2004-03-25,262.0,165.0,0.0,,
2004-03-26,245.0,182.0,0.0,,
2004-03-27,266.0,173.0,0.0,,
2004-03-28,243.0,160.0,2.0,,
2004-03-29,245.0,93.0,0.0,,
2004-03-30,242.0,61.0,,,
2004-03-31,246.0,37.0,,,
2004-04-01,285.0,116.0,,,
2004-04-02,274.0,112.0,0.0,,
2004-04-03,273.0,132.0,0.0,,
2004-04-04,251.0,136.0,0.0,,
2004-04-05,236.0,146.0,0.0,,
2004-04-06,191.0,106.0,256.0,,
2004-04-07,252.0,131.0,0.0,,
2004-04-08,263.0,103.0,0.0,,
2004-04-09,277.0,109.0,0.0,,
2004-04-10,242.0,118.0,66.0,,
2004-04-11,118.0,101.0,71.0,,
2004-04-12,130.0,61.0,33.0,,
2004-04-13,179.0,52.0,0.0,,
2004-04-14,220.0,29.0,3.0,,
2004-04-15,246.0,83.0,0.0,,
2004-04-16,266.0,133.0,0.0,,
2004-04-17,274.0,153.0,3.0,,
2004-04-18,264.0,169.0,0.0,,
2004-04-19,256.0,181.0,3.0,,
2004-04-20,251.0,170.0,9.0,,
2004-04-21,271.0,191.0,2.0,,
2004-04-22,286.0,203.0,0.0,,
2004-04-23,288.0,217.0,3.0,,
2004-04-24,223.0,168.0,575.0,,
2004-04-25,222.0,158.0,441.0,,
2004-04-26,260.0,133.0,4.0,,
2004-04-27,267.0,104.0,0.0,,
2004-04-28,256.0,138.0,3.0,,
2004-04-29,272.0,172.0,131.0,,
2004-04-30,277.0,204.0,0.0,,
2004-05-01,229.0,110.0,850.0,,
2004-05-02,223.0,69.0,0.0,,
2004-05-03,263.0,91.0,0.0,,
2004-05-04,281.0,135.0,0.0,,
2004-05-05,268.0,137.0,0.0,,
2004-05-06,272.0,151.0,0.0,,
2004-05-07,275.0,165.0,0.0,,
2004-05-08,253.0,186.0,3.0,,
2004-05-09,279.0,190.0,4.0,,
2004-05-10,275.0,170.0,15.0,,
2004-05-11,287.0,188.0,38.0,,
2004-05-12,294.0,192.0,7.0,,
2004-05-13,247.0,183.0,191.0,,
2004-05-14,198.0,149.0,9.0,,
2004-05-15,258.0,143.0,4.0,,
2004-05-16,286.0,174.0,0.0,,
2004-05-17,302.0,201.0,0.0,,
2004-05-18,304.0,221.0,0.0,,
2004-05-19,302.0,210.0,0.0,,
2004-05-20,303.0,212.0,0.0,,
2004-05-21,303.0,207.0,0.0,,
2004-05-22,301.0,214.0,0.0,,
2004-05-23,297.0,210.0,0.0,,
2004-05-24,301.0,220.0,0.0,,
2004-05-25,296.0,220.0,0.0,,
2004-05-26,305.0,219.0,0.0,,
2004-05-27,309.0,221.0,0.0,,
2004-05-28,318.0,229.0,14.0,,
2004-05-29,317.0,222.0,3.0,,
2004-05-30,307.0,256.0,0.0,,
2004-05-31,332.0,233.0,109.0,,
2004-06-01,329.0,187.0,91.0,,
2004-06-02,318.0,179.0,274.0,,
2004-06-03,285.0,179.0,147.0,,
2004-06-04,309.0,183.0,0.0,,
2004-06-05,303.0,202.0,0.0,,
2004-06-06,316.0,225.0,0.0,,
2004-06-07,312.0,208.0,8.0,,
2004-06-08,245.0,207.0,439.0,,
2004-06-09,301.0,226.0,12.0,,
2004-06-10,306.0,216.0,32.0,,
2004-06-11,318.0,238.0,0.0,,
2004-06-12,316.0,243.0,3.0,,
2004-06-13,322.0,207.0,6.0,,
2004-06-14,321.0,191.0,3.0,,
2004-06-15,249.0,204.0,32.0,,
2004-06-16,300.0,193.0,5.0,,
2004-06-17,328.0,212.0,0.0,,
2004-06-18,329.0,241.0,3.0,,
2004-06-19,342.0,209.0,53.0,,
2004-06-20,333.0,203.0,5.0,,
2004-06-21,327.0,223.0,0.0,,
2004-06-22,281.0,215.0,197.0,,
2004-06-23,299.0,221.0,4.0,,
2004-06-24,280.0,219.0,7.0,,
2004-06-25,309.0,216.0,46.0,,
2004-06-26,283.0,218.0,78.0,,
2004-06-27,287.0,218.0,35.0,,
2004-06-28,292.0,212.0,21.0,,
2004-06-29,307.0,210.0,31.0,,
2004-06-30,266.0,215.0,120.0,,
2004-07-01,298.0,213.0,99.0,,
2004-07-02,319.0,233.0,0.0,,
2004-07-03,317.0,228.0,2.0,,
2004-07-04,324.0,235.0,2.0,,
2004-07-05,327.0,233.0,4.0,,
2004-07-06,328.0,238.0,3.0,,
2004-07-07,326.0,226.0,4.0,,
2004-07-08,328.0,242.0,3.0,,
2004-07-09,324.0,221.0,3.0,,
2004-07-10,320.0,218.0,12.0,,
2004-07-11,323.0,212.0,3.0,,
2004-07-12,326.0,209.0,2.0,,
2004-07-13,334.0,206.0,0.0,,
2004-07-14,348.0,215.0,4.0,,
2004-07-15,349.0,219.0,0.0,,
2004-07-16,345.0,226.0,0.0,,
2004-07-17,336.0,236.0,2.0,,
2004-07-18,321.0,205.0,5.0,,
2004-07-19,324.0,183.0,5.0,,
2004-07-20,334.0,211.0,6.0,,
2004-07-21,328.0,218.0,0.0,,
2004-07-22,342.0,227.0,3.0,,
2004-07-23,347.0,215.0,0.0,,
2004-07-24,355.0,217.0,0.0,,
2004-07-25,335.0,208.0,0.0,,
2004-07-26,263.0,193.0,0.0,,
2004-07-27,313.0,183.0,3.0,,
2004-07-28,323.0,210.0,0.0,,
2004-07-29,304.0,240.0,74.0,,
2004-07-30,330.0,219.0,187.0,,
2004-07-31,330.0,219.0,36.0,,
2004-08-01,352.0,222.0,7.0,,
2004-08-02,353.0,229.0,3.0,,
2004-08-03,359.0,234.0,0.0,,
2004-08-04,362.0,232.0,0.0,,
2004-08-05,377.0,239.0,0.0,,
2004-08-06,326.0,222.0,0.0,,
2004-08-07,318.0,198.0,0.0,,
2004-08-08,330.0,202.0,4.0,,
2004-08-09,340.0,215.0,5.0,,
2004-08-10,347.0,207.0,3.0,,
2004-08-11,352.0,203.0,6.0,,
2004-08-12,303.0,163.0,0.0,,
2004-08-13,295.0,151.0,0.0,,
2004-08-14,303.0,179.0,0.0,,
2004-08-15,316.0,177.0,0.0,,
2004-08-16,325.0,172.0,0.0,,
2004-08-17,337.0,187.0,0.0,,
2004-08-18,341.0,190.0,0.0,,
2004-08-19,292.0,211.0,350.0,,
2004-08-20,325.0,208.0,419.0,,
2004-08-21,296.0,209.0,196.0,,
2004-08-22,311.0,210.0,42.0,,
2004-08-23,320.0,231.0,129.0,,
2004-08-24,336.0,245.0,2.0,,
2004-08-25,336.0,245.0,0.0,,
2004-08-26,340.0,254.0,0.0,,
2004-08-27,331.0,250.0,0.0,,
2004-08-28,314.0,225.0,16.0,,
2004-08-29,317.0,194.0,0.0,,
2004-08-30,314.0,174.0,3.0,,
2004-08-31,301.0,183.0,7.0,,
2004-09-01,310.0,176.0,0.0,,
2004-09-02,277.0,192.0,2.0,,
2004-09-03,297.0,192.0,0.0,,
2004-09-04,313.0,210.0,3.0,,
2004-09-05,328.0,226.0,2.0,,
2004-09-06,312.0,228.0,2.0,,
2004-09-07,302.0,200.0,0.0,,
2004-09-08,299.0,143.0,2.0,,
2004-09-09,301.0,123.0,2.0,,
2004-09-10,318.0,167.0,4.0,,
2004-09-11,324.0,210.0,3.0,,
2004-09-12,328.0,186.0,0.0,,
2004-09-13,327.0,208.0,3.0,,
2004-09-14,325.0,229.0,92.0,,
2004-09-15,325.0,231.0,0.0,,
2004-09-16,337.0,200.0,0.0,,
2004-09-17,350.0,209.0,0.0,,
2004-09-18,347.0,220.0,0.0,,
2004-09-19,329.0,205.0,0.0,,
2004-09-20,311.0,196.0,0.0,,
2004-09-21,311.0,195.0,0.0,,
2004-09-22,316.0,199.0,0.0,,
2004-09-23,321.0,175.0,0.0,,
2004-09-24,258.0,206.0,0.0,,
2004-09-25,274.0,190.0,263.0,,
2004-09-26,307.0,201.0,0.0,,
2004-09-27,299.0,173.0,2.0,,
2004-09-28,306.0,167.0,0.0,,
2004-09-29,293.0,125.0,0.0,,
2004-09-30,301.0,149.0,0.0,,
2004-10-01,313.0,181.0,28.0,,
2004-10-02,265.0,183.0,255.0,,
2004-10-03,298.0,171.0,3.0,,
2004-10-04,225.0,171.0,470.0,,
2004-10-05,262.0,163.0,0.0,,
2004-10-06,293.0,194.0,12.0,,
2004-10-07,276.0,201.0,15.0,,
2004-10-08,283.0,188.0,12.0,,
2004-10-09,235.0,186.0,14.0,,
2004-10-10,208.0,181.0,7.0,,
2004-10-11,214.0,170.0,5.0,,
2004-10-12,227.0,122.0,4.0,,
2004-10-13,274.0,117.0,3.0,,
2004-10-14,188.0,90.0,0.0,,
2004-10-15,272.0,70.0,0.0,,
2004-10-16,288.0,128.0,2.0,,
2004-10-17,307.0,189.0,0.0,,
2004-10-18,302.0,244.0,2.0,,
2004-10-19,326.0,212.0,0.0,,
2004-10-20,301.0,215.0,6.0,,
2004-10-21,306.0,227.0,0.0,,
2004-10-22,309.0,222.0,2.0,,
2004-10-23,274.0,190.0,164.0,,
2004-10-24,286.0,175.0,72.0,,
2004-10-25,287.0,215.0,0.0,,
2004-10-26,300.0,204.0,75.0,,
2004-10-27,288.0,225.0,0.0,,
2004-10-28,293.0,222.0,0.0,,
2004-10-29,297.0,224.0,0.0,,
2004-10-30,292.0,212.0,0.0,,
2004-10-31,280.0,213.0,72.0,,
2004-11-01,238.0,158.0,180.0,,
2004-11-02,210.0,128.0,77.0,,
2004-11-03,140.0,71.0,2.0,,
2004-11-04,188.0,35.0,0.0,,
2004-11-05,206.0,34.0,0.0,,
2004-11-06,254.0,65.0,0.0,,
2004-11-07,260.0,102.0,0.0,,
2004-11-08,248.0,100.0,0.0,,
2004-11-09,211.0,115.0,0.0,,
2004-11-10,252.0,116.0,0.0,,
2004-11-11,187.0,97.0,0.0,,
2004-11-12,116.0,82.0,0.0,,
2004-11-13,117.0,96.0,3.0,,
2004-11-14,140.0,93.0,0.0,,
2004-11-15,194.0,141.0,0.0,,
2004-11-16,225.0,172.0,0.0,,
2004-11-17,186.0,138.0,546.0,,
2004-11-18,171.0,124.0,0.0,,
2004-11-19,198.0,124.0,2.0,,
2004-11-20,212.0,139.0,430.0,,
2004-11-21,200.0,163.0,249.0,,
2004-11-22,190.0,156.0,318.0,,
2004-11-26,216.0,78.0,0.0,,
2004-11-27,204.0,34.0,2.0,,
2004-11-28,180.0,26.0,0.0,,
2004-11-29,211.0,106.0,72.0,,
2004-11-30,104.0,0.0,189.0,,
2004-12-01,134.0,-22.0,0.0,,
2004-12-02,168.0,10.0,0.0,,
2004-12-03,143.0,3.0,2.0,,
2004-12-04,160.0,22.0,0.0,,
2004-12-05,207.0,120.0,34.0,,
2004-12-06,204.0,126.0,217.0,,
2004-12-07,198.0,62.0,0.0,,
2004-12-08,179.0,53.0,5.0,,
2004-12-09,223.0,70.0,0.0,,
2004-12-10,182.0,55.0,0.0,,
2004-12-11,183.0,20.0,0.0,,
2004-12-12,250.0,91.0,0.0,,
2004-12-13,138.0,37.0,0.0,,
2004-12-14,86.0,-29.0,0.0,,
2004-12-15,107.0,-53.0,0.0,,
2004-12-16,94.0,37.0,80.0,,
2004-12-17,119.0,22.0,0.0,,
2004-12-18,177.0,4.0,0.0,,
2004-12-19,149.0,22.0,3.0,,
2004-12-20,207.0,52.0,0.0,,
2004-12-21,230.0,92.0,0.0,,
2004-12-22,106.0,-22.0,133.0,,
2004-12-23,30.0,-61.0,0.0,,
2004-12-24,32.0,-44.0,0.0,,
2004-12-25,78.0,-79.0,0.0,,
2004-12-26,163.0,-35.0,0.0,,
2004-12-27,159.0,9.0,0.0,,
2004-12-28,197.0,56.0,0.0,,
2004-12-29,194.0,119.0,0.0,,
2004-12-30,210.0,161.0,0.0,,
2004-12-31,231.0,172.0,2.0,,
2005-01-01,223.0,174.0,2.0,,
2005-01-02,221.0,192.0,69.0,,
2005-01-03,252.0,195.0,0.0,,
2005-01-04,230.0,187.0,0.0,,
2005-01-05,216.0,17.0,25.0,,
2005-01-06,21.0,-10.0,30.0,,
2005-01-07,79.0,11.0,66.0,,
2005-01-08,141.0,-2.0,0.0,,
2005-01-09,207.0,56.0,3.0,,
2005-01-10,237.0,152.0,8.0,,
2005-01-11,238.0,182.0,0.0,,
2005-01-12,224.0,162.0,248.0,,
2005-01-13,162.0,50.0,0.0,,
2005-01-14,139.0,7.0,0.0,,
2005-01-15,126.0,17.0,0.0,,
2005-01-16,83.0,-10.0,0.0,,
2005-01-17,95.0,-34.0,0.0,,
2005-01-18,90.0,-9.0,0.0,,
2005-01-19,189.0,28.0,0.0,,
2005-01-20,224.0,84.0,0.0,,
2005-01-21,237.0,95.0,0.0,,
2005-01-22,164.0,10.0,0.0,,
2005-01-23,67.0,-37.0,0.0,,
2005-01-24,160.0,-22.0,0.0,,
2005-01-25,238.0,76.0,0.0,,
2005-01-26,247.0,68.0,0.0,,
2005-01-27,156.0,47.0,215.0,,
2005-01-28,73.0,38.0,168.0,,
2005-01-29,106.0,63.0,0.0,,
2005-01-30,99.0,58.0,84.0,,
2005-01-31,75.0,60.0,70.0,,
2005-02-01,65.0,41.0,235.0,,
2005-02-02,66.0,39.0,0.0,,
2005-02-03,133.0,41.0,0.0,,
2005-02-04,140.0,-1.0,3.0,,
2005-02-05,160.0,24.0,0.0,,
2005-02-06,175.0,102.0,555.0,,
2005-02-07,176.0,76.0,66.0,,
2005-02-08,137.0,69.0,21.0,,
2005-02-09,122.0,34.0,2.0,,
2005-02-10,122.0,-12.0,0.0,,
2005-02-13,254.0,118.0,19.0,,
2005-02-14,263.0,60.0,0.0,,
2005-02-15,275.0,117.0,2.0,,
2005-02-16,189.0,126.0,0.0,,
2005-02-17,153.0,93.0,0.0,,
2005-02-18,145.0,68.0,0.0,,
2005-02-19,176.0,111.0,2.0,,
2005-02-20,231.0,173.0,4.0,,
2005-02-21,286.0,172.0,7.0,,
2005-02-22,265.0,158.0,3.0,,
2005-02-23,220.0,127.0,378.0,,
2005-02-24,127.0,64.0,133.0,,
2005-02-25,143.0,27.0,4.0,,
2005-02-26,116.0,58.0,73.0,,
2005-02-27,114.0,70.0,4.0,,
2005-02-28,163.0,39.0,0.0,,
2005-03-01,156.0,42.0,0.0,,
2005-03-02,134.0,64.0,181.0,,
2005-03-03,180.0,81.0,0.0,,
2005-03-04,170.0,60.0,0.0,,
2005-03-05,185.0,91.0,2.0,,
2005-03-06,209.0,117.0,0.0,,
2005-03-07,238.0,115.0,9.0,,
2005-03-08,189.0,34.0,0.0,,
2005-03-09,190.0,75.0,6.0,,
2005-03-10,248.0,24.0,0.0,,
2005-03-11,205.0,95.0,0.0,,
2005-03-12,280.0,82.0,2.0,,
2005-03-13,266.0,89.0,0.0,,
2005-03-14,182.0,65.0,0.0,,
2005-03-15,117.0,77.0,0.0,,
2005-03-16,98.0,39.0,6.0,,
2005-03-17,157.0,-12.0,2.0,,
2005-03-18,222.0,70.0,3.0,,
2005-03-19,243.0,121.0,26.0,,
2005-03-20,233.0,97.0,0.0,,
2005-03-21,216.0,138.0,66.0,,
2005-03-22,199.0,104.0,0.0,,
2005-03-23,195.0,38.0,2.0,,
2005-03-24,247.0,113.0,0.0,,
2005-03-25,256.0,154.0,3.0,,
2005-03-26,163.0,100.0,0.0,,
2005-03-27,112.0,30.0,114.0,,
2005-03-28,243.0,14.0,0.0,,
2005-03-29,228.0,120.0,2.0,,
2005-03-30,290.0,133.0,4.0,,
2005-03-31,263.0,114.0,5.0,,
2005-04-01,172.0,51.0,0.0,,
2005-04-02,226.0,14.0,0.0,,
2005-04-03,244.0,62.0,0.0,,
2005-04-04,230.0,122.0,2.0,,
2005-04-05,257.0,141.0,269.0,,
2005-04-06,226.0,118.0,13.0,,
2005-04-07,224.0,112.0,0.0,,
2005-04-08,257.0,88.0,0.0,,
2005-04-09,271.0,145.0,2.0,,
2005-04-10,229.0,178.0,2.0,,
2005-04-11,232.0,95.0,6.0,,
2005-04-12,237.0,65.0,0.0,,
2005-04-13,233.0,73.0,0.0,,
2005-04-14,240.0,92.0,4.0,,
2005-04-15,234.0,100.0,0.0,,
2005-04-16,261.0,98.0,2.0,,
2005-04-17,260.0,117.0,3.0,,
2005-04-18,233.0,152.0,0.0,,
2005-04-19,244.0,154.0,2.0,,
2005-04-20,266.0,178.0,5.0,,
2005-04-21,279.0,178.0,7.0,,
2005-04-22,290.0,149.0,8.0,,
2005-04-23,202.0,70.0,8.0,,
2005-04-24,210.0,39.0,2.0,,
2005-04-25,213.0,98.0,10.0,,
2005-04-26,235.0,114.0,2.0,,
2005-04-27,291.0,78.0,3.0,,
2005-04-28,308.0,158.0,5.0,,
2005-04-29,279.0,134.0,8.0,,
2005-04-30,204.0,86.0,51.0,,
2005-05-01,229.0,54.0,0.0,,
2005-05-02,239.0,121.0,0.0,,
2005-05-03,219.0,114.0,0.0,,
2005-05-04,207.0,103.0,84.0,,
2005-05-05,255.0,108.0,0.0,,
2005-05-06,277.0,125.0,3.0,,
2005-05-07,278.0,151.0,0.0,,
2005-05-08,213.0,143.0,271.0,,
2005-05-09,269.0,129.0,5.0,,
2005-05-10,300.0,209.0,4.0,,
2005-05-11,295.0,185.0,15.0,,
2005-05-12,285.0,200.0,7.0,,
2005-05-13,285.0,192.0,17.0,,
2005-05-14,283.0,162.0,12.0,,
2005-05-15,282.0,133.0,3.0,,
2005-05-16,260.0,160.0,6.0,,
2005-05-17,288.0,152.0,12.0,,
2005-05-18,295.0,175.0,7.0,,
2005-05-19,299.0,194.0,14.0,,
2005-05-20,315.0,189.0,12.0,,
2005-05-21,359.0,197.0,3.0,,
2005-05-22,354.0,223.0,7.0,,
2005-05-23,339.0,207.0,14.0,,
2005-05-24,305.0,195.0,8.0,,
2005-05-25,331.0,194.0,104.0,,
2005-05-26,281.0,172.0,11.0,,
2005-05-27,311.0,161.0,16.0,,
2005-05-28,265.0,193.0,352.0,,
2005-05-29,268.0,182.0,49.0,,
2005-05-30,272.0,194.0,201.0,,
2005-05-31,286.0,201.0,8.0,,
2005-06-01,284.0,188.0,23.0,,
2005-06-02,316.0,180.0,7.0,,
2005-06-03,304.0,218.0,0.0,,
2005-06-04,324.0,236.0,9.0,,
2005-06-05,317.0,231.0,5.0,,
2005-06-06,328.0,227.0,20.0,,
2005-06-07,331.0,234.0,11.0,,
2005-06-08,336.0,223.0,6.0,,
2005-06-09,328.0,231.0,11.0,,
2005-06-10,332.0,227.0,5.0,,
2005-06-11,337.0,224.0,0.0,,
2005-06-12,340.0,226.0,2.0,,
2005-06-13,329.0,221.0,0.0,,
2005-06-14,344.0,205.0,28.0,,
2005-06-15,361.0,216.0,0.0,,
2005-06-16,362.0,226.0,0.0,,
2005-06-17,342.0,229.0,0.0,,
2005-06-18,314.0,225.0,0.0,,
2005-06-19,344.0,222.0,0.0,,
2005-06-20,331.0,173.0,0.0,,
2005-06-21,336.0,174.0,0.0,,
2005-06-22,347.0,200.0,0.0,,
2005-06-23,350.0,212.0,2.0,,
2005-06-24,348.0,216.0,2.0,,
2005-06-25,357.0,220.0,0.0,,
2005-06-26,353.0,217.0,0.0,,
2005-06-27,355.0,224.0,0.0,,
2005-06-28,367.0,213.0,0.0,,
2005-06-29,365.0,223.0,0.0,,
2005-06-30,378.0,228.0,0.0,,
2005-07-01,367.0,251.0,0.0,,
2005-07-02,337.0,213.0,43.0,,
2005-07-03,372.0,230.0,0.0,,
2005-07-04,371.0,252.0,0.0,,
2005-07-05,363.0,247.0,0.0,,
2005-07-06,368.0,223.0,0.0,,
2005-07-07,343.0,215.0,428.0,,
2005-07-08,328.0,219.0,7.0,,
2005-07-09,341.0,222.0,5.0,,
2005-07-10,353.0,222.0,3.0,,
2005-07-11,352.0,234.0,21.0,,
2005-07-12,362.0,226.0,3.0,,
2005-07-13,362.0,219.0,201.0,,
2005-07-14,350.0,216.0,2.0,,
2005-07-15,330.0,223.0,0.0,,
2005-07-16,313.0,221.0,2.0,,
2005-07-17,325.0,233.0,14.0,,
2005-07-18,313.0,233.0,112.0,,
2005-07-19,348.0,231.0,3.0,,
2005-07-20,310.0,228.0,7.0,,
2005-07-21,349.0,217.0,6.0,,
2005-07-22,319.0,224.0,29.0,,
2005-07-23,336.0,211.0,5.0,,
2005-07-24,355.0,230.0,6.0,,
2005-07-25,356.0,229.0,0.0,,
2005-07-26,340.0,229.0,6.0,,
2005-07-27,342.0,230.0,8.0,,
2005-07-28,313.0,219.0,0.0,,
2005-07-29,341.0,214.0,0.0,,
2005-07-30,345.0,196.0,7.0,,
2005-07-31,355.0,188.0,2.0,,
2005-08-01,367.0,228.0,5.0,,
2005-08-02,339.0,225.0,28.0,,
2005-08-03,353.0,218.0,13.0,,
2005-08-04,337.0,217.0,8.0,,
2005-08-05,356.0,205.0,2.0,,
2005-08-06,368.0,207.0,38.0,,
2005-08-07,357.0,219.0,37.0,,
2005-08-08,328.0,213.0,169.0,,
2005-08-09,273.0,217.0,156.0,,
2005-08-10,317.0,217.0,15.0,,
2005-08-11,339.0,223.0,0.0,,
2005-08-12,348.0,222.0,4.0,,
2005-08-13,344.0,236.0,3.0,,
2005-08-14,349.0,214.0,48.0,,
2005-08-15,343.0,223.0,153.0,,
2005-08-16,331.0,216.0,6.0,,
2005-08-17,338.0,220.0,11.0,,
2005-08-18,344.0,233.0,8.0,,
2005-08-19,352.0,232.0,0.0,,
2005-08-20,355.0,233.0,4.0,,
2005-08-21,360.0,232.0,12.0,,
2005-08-22,371.0,230.0,8.0,,
2005-08-23,372.0,238.0,12.0,,
2005-08-24,365.0,241.0,6.0,,
2005-08-25,370.0,250.0,4.0,,
2005-08-26,369.0,240.0,6.0,,
2005-08-27,376.0,222.0,53.0,,
2005-08-28,345.0,214.0,2.0,,
2005-08-29,342.0,212.0,125.0,,
2005-08-30,352.0,201.0,12.0,,
2005-08-31,366.0,192.0,0.0,,
2005-09-01,370.0,199.0,2.0,,
2005-09-02,347.0,212.0,5.0,,
2005-09-03,352.0,187.0,6.0,,
2005-09-04,352.0,213.0,4.0,,
2005-09-05,343.0,206.0,5.0,,
2005-09-06,347.0,193.0,7.0,,
2005-09-07,338.0,175.0,6.0,,
2005-09-08,337.0,182.0,10.0,,
2005-09-09,347.0,173.0,6.0,,
2005-09-10,331.0,193.0,4.0,,
2005-09-11,343.0,227.0,8.0,,
2005-09-12,335.0,203.0,9.0,,
2005-09-13,355.0,222.0,5.0,,
2005-09-14,365.0,242.0,11.0,,
2005-09-15,367.0,250.0,5.0,,
2005-09-16,316.0,216.0,39.0,,
2005-09-17,368.0,211.0,14.0,,
2005-09-18,373.0,230.0,9.0,,
2005-09-19,372.0,230.0,13.0,,
2005-09-20,377.0,207.0,11.0,,
2005-09-21,380.0,196.0,3.0,,
2005-09-22,386.0,217.0,6.0,,
2005-09-23,351.0,236.0,0.0,,
2005-09-24,293.0,213.0,463.0,,
2005-09-25,371.0,200.0,2.0,,
2005-09-26,392.0,246.0,0.0,,
2005-09-27,343.0,226.0,5.0,,
2005-09-28,353.0,215.0,140.0,,
2005-09-29,241.0,199.0,0.0,,
2005-09-30,265.0,179.0,0.0,,
2005-10-01,320.0,201.0,0.0,,
2005-10-02,331.0,220.0,5.0,,
2005-10-03,321.0,231.0,0.0,,
2005-10-04,324.0,217.0,0.0,,
2005-10-05,329.0,210.0,0.0,,
2005-10-06,276.0,164.0,0.0,,
2005-10-07,180.0,143.0,2.0,,
2005-10-08,232.0,129.0,0.0,,
2005-10-09,267.0,79.0,0.0,,
2005-10-10,230.0,132.0,15.0,,
2005-10-11,282.0,177.0,3.0,,
2005-10-12,287.0,183.0,2.0,,
2005-10-13,295.0,154.0,0.0,,
2005-10-14,300.0,146.0,0.0,,
2005-10-15,292.0,117.0,0.0,,
2005-10-16,300.0,116.0,0.0,,
2005-10-17,315.0,124.0,3.0,,
2005-10-18,328.0,154.0,4.0,,
2005-10-19,317.0,164.0,3.0,,
2005-10-20,323.0,170.0,5.0,,
2005-10-21,248.0,125.0,2.0,,
2005-10-22,255.0,97.0,0.0,,
2005-10-23,209.0,81.0,0.0,,
2005-10-24,180.0,18.0,0.0,,
2005-10-25,208.0,-2.0,0.0,,
2005-10-26,231.0,69.0,0.0,,
2005-10-27,235.0,83.0,0.0,,
2005-10-28,227.0,60.0,0.0,,
2005-10-29,228.0,85.0,0.0,,
2005-10-30,263.0,103.0,0.0,,
2005-10-31,243.0,109.0,220.0,,
2005-11-01,211.0,47.0,0.0,,
2005-11-02,252.0,31.0,0.0,,
2005-11-03,262.0,85.0,2.0,,
2005-11-04,250.0,142.0,0.0,,
2005-11-05,291.0,167.0,2.0,,
2005-11-06,281.0,205.0,0.0,,
2005-11-07,298.0,205.0,0.0,,
2005-11-08,300.0,213.0,0.0,,
2005-11-09,272.0,196.0,0.0,,
2005-11-10,221.0,119.0,0.0,,
2005-11-11,262.0,109.0,0.0,,
2005-11-12,270.0,196.0,7.0,,
2005-11-13,302.0,200.0,5.0,,
2005-11-14,285.0,203.0,0.0,,
2005-11-15,244.0,85.0,10.0,,
2005-11-16,123.0,-4.0,0.0,,
2005-11-17,152.0,-23.0,0.0,,
2005-11-18,154.0,25.0,0.0,,
2005-11-19,172.0,57.0,0.0,,
2005-11-20,175.0,31.0,0.0,,
2005-11-21,165.0,-7.0,0.0,,
2005-11-22,220.0,5.0,0.0,,
2005-11-23,266.0,48.0,0.0,,
2005-11-24,234.0,57.0,4.0,,
2005-11-25,180.0,128.0,0.0,,
2005-11-26,183.0,134.0,7.0,,
2005-11-27,287.0,127.0,107.0,,
2005-11-28,171.0,39.0,0.0,,
2005-11-29,139.0,-11.0,0.0,,
2005-11-30,182.0,-16.0,0.0,,
2005-12-01,157.0,59.0,0.0,,
2005-12-02,190.0,36.0,0.0,,
2005-12-03,288.0,186.0,2.0,,
2005-12-04,215.0,57.0,0.0,,
2005-12-05,113.0,-25.0,0.0,,
2005-12-06,148.0,-57.0,0.0,,
2005-12-07,106.0,-13.0,0.0,,
2005-12-08,2.0,-61.0,25.0,,
2005-12-09,66.0,-98.0,0.0,,
2005-12-10,147.0,6.0,0.0,,
2005-12-11,176.0,-30.0,0.0,,
2005-12-12,196.0,30.0,0.0,,
2005-12-13,211.0,5.0,0.0,,
2005-12-14,186.0,49.0,13.0,,
2005-12-15,138.0,-24.0,0.0,,
2005-12-16,92.0,-16.0,6.0,,
2005-12-17,114.0,9.0,2.0,,
2005-12-18,129.0,-9.0,0.0,,
2005-12-19,120.0,-5.0,0.0,,
2005-12-20,71.0,48.0,15.0,,
2005-12-21,87.0,7.0,0.0,,
2005-12-22,147.0,-15.0,0.0,,
2005-12-23,217.0,49.0,0.0,,
2005-12-24,189.0,110.0,0.0,,
2005-12-25,184.0,30.0,0.0,,
2005-12-26,253.0,29.0,0.0,,
2005-12-27,263.0,109.0,0.0,,
2005-12-28,194.0,63.0,0.0,,
2005-12-29,229.0,6.0,0.0,,
2005-12-30,214.0,44.0,0.0,,
2005-12-31,237.0,1.0,0.0,,
2006-01-01,275.0,151.0,0.0,,
2006-01-02,243.0,67.0,0.0,,
2006-01-03,265.0,35.0,0.0,,
2006-01-04,235.0,93.0,0.0,,
2006-01-05,184.0,39.0,0.0,,
2006-01-06,150.0,24.0,0.0,,
2006-01-07,254.0,35.0,0.0,,
2006-01-08,249.0,114.0,2.0,,
2006-01-09,253.0,102.0,172.0,,
2006-01-10,131.0,18.0,0.0,,
2006-01-11,207.0,4.0,0.0,,
2006-01-12,229.0,112.0,14.0,,
2006-01-13,167.0,30.0,0.0,,
2006-01-14,180.0,-24.0,0.0,,
2006-01-15,191.0,94.0,0.0,,
2006-01-16,184.0,116.0,27.0,,
2006-01-17,132.0,12.0,0.0,,
2006-01-18,222.0,20.0,0.0,,
2006-01-19,225.0,109.0,3.0,,
2006-01-21,160.0,21.0,10.0,,
2006-01-22,89.0,63.0,595.0,,
2006-01-23,108.0,53.0,0.0,,
2006-01-24,190.0,20.0,0.0,,
2006-01-25,207.0,13.0,0.0,,
2006-01-26,115.0,84.0,0.0,,
2006-01-27,214.0,40.0,0.0,,
2006-01-28,173.0,103.0,320.0,,
2006-01-29,241.0,37.0,0.0,,
2006-01-30,196.0,54.0,0.0,,
2006-01-31,206.0,18.0,0.0,,
2006-02-01,204.0,112.0,104.0,,
2006-02-02,216.0,112.0,4.0,,
2006-02-03,149.0,38.0,33.0,,
2006-02-04,166.0,-4.0,0.0,,
2006-02-05,229.0,2.0,0.0,,
2006-02-06,171.0,50.0,0.0,,
2006-02-07,147.0,-13.0,0.0,,
2006-02-08,214.0,15.0,0.0,,
2006-02-09,178.0,59.0,0.0,,
2006-02-10,132.0,50.0,242.0,,
2006-02-11,77.0,4.0,0.0,,
2006-02-12,152.0,-56.0,0.0,,
2006-02-13,143.0,-49.0,0.0,,
2006-02-14,219.0,18.0,0.0,,
2006-02-15,257.0,141.0,0.0,,
2006-02-16,262.0,124.0,2.0,,
2006-02-17,127.0,42.0,12.0,,
2006-02-18,42.0,-5.0,8.0,,
2006-02-19,10.0,-23.0,0.0,,
2006-02-20,55.0,-3.0,4.0,,
2006-02-21,88.0,42.0,12.0,,
2006-02-22,153.0,81.0,21.0,,
2006-02-23,186.0,62.0,0.0,,
2006-02-24,166.0,72.0,11.0,,
2006-02-25,135.0,87.0,249.0,,
2006-02-26,172.0,45.0,0.0,,
2006-02-27,220.0,37.0,0.0,,
2006-02-28,262.0,124.0,0.0,,
2006-03-01,283.0,147.0,0.0,,
2006-03-02,262.0,152.0,0.0,,
2006-03-03,243.0,148.0,0.0,,
2006-03-04,238.0,94.0,0.0,,
2006-03-05,233.0,162.0,0.0,,
2006-03-06,245.0,155.0,0.0,,
2006-03-07,268.0,156.0,0.0,,
2006-03-08,285.0,177.0,0.0,,
2006-03-09,242.0,142.0,61.0,,
2006-03-10,266.0,98.0,0.0,,
2006-03-11,288.0,210.0,0.0,,
2006-03-12,298.0,219.0,0.0,,
2006-03-13,236.0,126.0,34.0,,
2006-03-14,201.0,81.0,0.0,,
2006-03-15,201.0,73.0,0.0,,
2006-03-16,253.0,157.0,0.0,,
2006-03-17,236.0,127.0,10.0,,
2006-03-18,170.0,117.0,0.0,,
2006-03-19,133.0,108.0,91.0,,
2006-03-20,238.0,107.0,373.0,,
2006-03-21,154.0,42.0,0.0,,
2006-03-22,144.0,24.0,0.0,,
2006-03-23,73.0,38.0,10.0,,
2006-03-24,137.0,-22.0,0.0,,
2006-03-25,195.0,-6.0,0.0,,
2006-03-26,226.0,71.0,0.0,,
2006-03-27,190.0,141.0,60.0,,
2006-03-28,196.0,127.0,463.0,,
2006-03-29,220.0,130.0,63.0,,
2006-03-30,271.0,172.0,0.0,,
2006-03-31,293.0,184.0,0.0,,
2006-04-01,297.0,206.0,0.0,,
2006-04-02,280.0,202.0,9.0,,
2006-04-03,294.0,145.0,0.0,,
2006-04-04,280.0,140.0,0.0,,
2006-04-05,283.0,193.0,0.0,,
2006-04-06,264.0,188.0,0.0,,
2006-04-07,300.0,137.0,0.0,,
2006-04-08,221.0,95.0,0.0,,
2006-04-09,246.0,79.0,0.0,,
2006-04-10,259.0,91.0,0.0,,
2006-04-11,254.0,135.0,0.0,,
2006-04-12,271.0,154.0,0.0,,
2006-04-13,284.0,167.0,0.0,,
2006-04-14,276.0,153.0,0.0,,
2006-04-15,288.0,178.0,0.0,,
2006-04-16,314.0,205.0,0.0,,
2006-04-17,327.0,212.0,0.0,,
2006-04-18,335.0,201.0,0.0,,
2006-04-19,318.0,186.0,202.0,,
2006-04-20,264.0,174.0,113.0,,
2006-04-21,258.0,155.0,131.0,,
2006-04-22,296.0,134.0,0.0,,
2006-04-23,292.0,165.0,0.0,,
2006-04-24,292.0,204.0,0.0,,
2006-04-25,246.0,124.0,59.0,,
2006-04-26,198.0,106.0,0.0,,
2006-04-27,251.0,90.0,0.0,,
2006-04-28,268.0,167.0,0.0,,
2006-04-29,250.0,140.0,381.0,,
2006-04-30,282.0,117.0,0.0,,
2006-05-01,305.0,150.0,0.0,,
2006-05-02,293.0,211.0,3.0,,
2006-05-03,299.0,208.0,0.0,,
2006-05-04,284.0,200.0,0.0,,
2006-05-05,272.0,186.0,0.0,,
2006-05-06,254.0,174.0,415.0,,
2006-05-07,253.0,175.0,0.0,,
2006-05-08,289.0,172.0,5.0,,
2006-05-09,312.0,236.0,0.0,,
2006-05-10,298.0,167.0,0.0,,
2006-05-11,236.0,108.0,0.0,,
2006-05-12,283.0,85.0,0.0,,
2006-05-13,304.0,144.0,0.0,,
2006-05-14,225.0,161.0,93.0,,
2006-05-15,242.0,107.0,0.0,,
2006-05-16,259.0,99.0,0.0,,
2006-05-17,266.0,95.0,0.0,,
2006-05-18,306.0,112.0,0.0,,
2006-05-19,325.0,157.0,0.0,,
2006-05-20,309.0,190.0,0.0,,
2006-05-21,310.0,169.0,0.0,,
2006-05-22,318.0,211.0,0.0,,
2006-05-23,316.0,210.0,0.0,,
2006-05-24,323.0,194.0,0.0,,
2006-05-25,326.0,221.0,0.0,,
2006-05-26,333.0,219.0,0.0,,
2006-05-27,343.0,220.0,0.0,,
2006-05-28,314.0,237.0,0.0,,
2006-05-29,275.0,209.0,115.0,,
2006-05-30,296.0,205.0,0.0,,
2006-05-31,288.0,206.0,0.0,,
2006-06-01,315.0,195.0,245.0,,
2006-06-02,317.0,188.0,85.0,,
2006-06-03,315.0,209.0,0.0,,
2006-06-04,327.0,196.0,0.0,,
2006-06-05,332.0,215.0,0.0,,
2006-06-06,334.0,214.0,0.0,,
2006-06-07,341.0,209.0,0.0,,
2006-06-08,345.0,213.0,0.0,,
2006-06-09,347.0,225.0,0.0,,
2006-06-10,352.0,232.0,0.0,,
2006-06-11,338.0,207.0,0.0,,
2006-06-12,358.0,198.0,0.0,,
2006-06-13,345.0,217.0,0.0,,
2006-06-14,333.0,179.0,0.0,,
2006-06-15,344.0,189.0,0.0,,
2006-06-16,316.0,221.0,5.0,,
2006-06-17,287.0,202.0,856.0,,
2006-06-18,281.0,208.0,203.0,,
2006-06-19,311.0,209.0,0.0,,
2006-06-20,318.0,201.0,0.0,,
2006-06-21,334.0,208.0,0.0,,
2006-06-22,332.0,229.0,0.0,,
2006-06-23,319.0,212.0,0.0,,
2006-06-24,325.0,217.0,0.0,,
2006-06-25,338.0,214.0,8.0,,
2006-06-26,314.0,184.0,0.0,,
2006-06-27,312.0,152.0,0.0,,
2006-06-28,325.0,154.0,0.0,,
2006-06-29,326.0,168.0,0.0,,
2006-06-30,328.0,188.0,0.0,,
2006-07-01,327.0,207.0,27.0,,
2006-07-02,313.0,209.0,65.0,,
2006-07-03,289.0,222.0,79.0,,
2006-07-04,294.0,223.0,0.0,,
2006-07-05,322.0,226.0,11.0,,
2006-07-06,317.0,218.0,0.0,,
2006-07-07,320.0,203.0,0.0,,
2006-07-08,329.0,220.0,0.0,,
2006-07-09,333.0,232.0,0.0,,
2006-07-10,342.0,231.0,0.0,,
2006-07-11,352.0,239.0,0.0,,
2006-07-12,352.0,235.0,0.0,,
2006-07-13,356.0,241.0,0.0,,
2006-07-14,359.0,233.0,0.0,,
2006-07-15,363.0,230.0,0.0,,
2006-07-16,374.0,240.0,0.0,,
2006-07-17,379.0,252.0,0.0,,
2006-07-18,399.0,236.0,0.0,,
2006-07-19,372.0,235.0,0.0,,
2006-07-20,370.0,210.0,0.0,,
2006-07-21,367.0,221.0,0.0,,
2006-07-22,337.0,225.0,76.0,,
2006-07-23,333.0,217.0,28.0,,
2006-07-24,329.0,222.0,0.0,,
2006-07-25,340.0,222.0,0.0,,
2006-07-26,291.0,219.0,0.0,,
2006-07-27,336.0,239.0,6.0,,
2006-07-28,362.0,251.0,0.0,,
2006-07-29,360.0,236.0,0.0,,
2006-07-30,366.0,237.0,0.0,,
2006-07-31,363.0,239.0,0.0,,
2006-08-01,370.0,241.0,0.0,,
2006-08-02,370.0,236.0,0.0,,
2006-08-03,369.0,235.0,0.0,,
2006-08-04,380.0,228.0,0.0,,
2006-08-05,381.0,225.0,0.0,,
2006-08-06,370.0,250.0,0.0,,
2006-08-07,288.0,229.0,813.0,,
2006-08-08,349.0,228.0,0.0,,
2006-08-09,358.0,233.0,0.0,,
2006-08-10,362.0,240.0,0.0,,
2006-08-11,356.0,240.0,0.0,,
2006-08-12,355.0,241.0,0.0,,
2006-08-13,358.0,234.0,0.0,,
2006-08-14,361.0,232.0,0.0,,
2006-08-15,374.0,225.0,0.0,,
2006-08-16,372.0,236.0,0.0,,
2006-08-17,379.0,236.0,0.0,,
2006-08-18,375.0,237.0,0.0,,
2006-08-19,372.0,234.0,0.0,,
2006-08-20,377.0,236.0,0.0,,
2006-08-21,377.0,243.0,0.0,,
2006-08-22,376.0,231.0,35.0,,
2006-08-23,361.0,225.0,0.0,,
2006-08-24,365.0,243.0,0.0,,
2006-08-25,372.0,245.0,0.0,,
2006-08-26,380.0,253.0,0.0,,
2006-08-27,374.0,249.0,0.0,,
2006-08-28,340.0,249.0,0.0,,
2006-08-29,315.0,215.0,0.0,,
2006-08-30,340.0,174.0,0.0,,
2006-08-31,365.0,172.0,0.0,,
2006-09-01,367.0,218.0,0.0,,
2006-09-02,353.0,214.0,0.0,,
2006-09-03,312.0,214.0,0.0,,
2006-09-04,272.0,201.0,8.0,,
2006-09-05,296.0,201.0,0.0,,
2006-09-06,324.0,156.0,0.0,,
2006-09-07,339.0,200.0,0.0,,
2006-09-08,336.0,192.0,0.0,,
2006-09-09,332.0,203.0,0.0,,
2006-09-10,335.0,200.0,0.0,,
2006-09-11,360.0,217.0,23.0,,
2006-09-12,346.0,203.0,0.0,,
2006-09-13,322.0,169.0,0.0,,
2006-09-14,340.0,152.0,0.0,,
2006-09-15,354.0,209.0,0.0,,
2006-09-16,367.0,251.0,0.0,,
2006-09-17,353.0,228.0,124.0,,
2006-09-18,271.0,167.0,453.0,,
2006-09-19,311.0,134.0,0.0,,
2006-09-20,306.0,126.0,0.0,,
2006-09-21,339.0,168.0,0.0,,
2006-09-22,351.0,269.0,0.0,,
2006-09-23,326.0,235.0,15.0,,
2006-09-24,261.0,147.0,0.0,,
2006-09-25,273.0,105.0,0.0,,
2006-09-26,298.0,104.0,0.0,,
2006-09-27,307.0,154.0,0.0,,
2006-09-28,280.0,172.0,0.0,,
2006-09-29,287.0,146.0,0.0,,
2006-09-30,328.0,212.0,0.0,,
2006-10-01,323.0,197.0,0.0,,
2006-10-02,325.0,200.0,0.0,,
2006-10-03,320.0,209.0,0.0,,
2006-10-04,326.0,189.0,0.0,,
2006-10-05,339.0,165.0,0.0,,
2006-10-06,312.0,180.0,0.0,,
2006-10-07,290.0,108.0,0.0,,
2006-10-08,296.0,128.0,0.0,,
2006-10-09,304.0,124.0,0.0,,
2006-10-10,219.0,176.0,385.0,,
2006-10-11,271.0,144.0,0.0,,
2006-10-12,232.0,139.0,0.0,,
2006-10-13,244.0,74.0,0.0,,
2006-10-14,261.0,121.0,0.0,,
2006-10-15,258.0,184.0,79.0,,
2006-10-16,240.0,174.0,276.0,,
2006-10-17,315.0,174.0,0.0,,
2006-10-18,314.0,149.0,26.0,,
2006-10-19,187.0,70.0,13.0,,
2006-10-20,219.0,33.0,0.0,,
2006-10-21,261.0,127.0,0.0,,
2006-10-22,186.0,66.0,0.0,,
2006-10-23,210.0,23.0,0.0,,
2006-10-24,239.0,70.0,10.0,,
2006-10-25,198.0,163.0,579.0,,
2006-10-26,295.0,197.0,9.0,,
2006-10-27,200.0,105.0,0.0,,
2006-10-28,238.0,51.0,0.0,,
2006-10-29,253.0,86.0,0.0,,
2006-10-30,262.0,153.0,0.0,,
2006-10-31,281.0,104.0,0.0,,
2006-11-01,128.0,86.0,34.0,,
2006-11-02,151.0,30.0,0.0,,
2006-11-03,176.0,7.0,0.0,,
2006-11-04,195.0,53.0,0.0,,
2006-11-05,247.0,137.0,0.0,,
2006-11-06,203.0,104.0,415.0,,
2006-11-07,223.0,93.0,0.0,,
2006-11-08,272.0,110.0,0.0,,
2006-11-09,274.0,166.0,0.0,,
2006-11-10,294.0,123.0,0.0,,
2006-11-11,162.0,33.0,0.0,,
2006-11-12,182.0,24.0,0.0,,
2006-11-13,228.0,115.0,0.0,,
2006-11-14,271.0,140.0,0.0,,
2006-11-15,226.0,77.0,2.0,,
2006-11-16,145.0,13.0,0.0,,
2006-11-17,196.0,2.0,0.0,,
2006-11-18,219.0,34.0,0.0,,
2006-11-19,175.0,23.0,0.0,,
2006-11-20,157.0,-2.0,0.0,,
2006-11-21,178.0,-18.0,0.0,,
2006-11-22,215.0,48.0,0.0,,
2006-11-23,235.0,85.0,0.0,,
2006-11-24,228.0,92.0,0.0,,
2006-11-25,217.0,118.0,0.0,,
2006-11-26,244.0,130.0,0.0,,
2006-11-27,204.0,153.0,37.0,,
2006-11-28,251.0,179.0,136.0,,
2006-11-29,256.0,201.0,0.0,,
2006-11-30,214.0,-8.0,71.0,,
2006-12-01,102.0,-47.0,0.0,,
2006-12-02,128.0,-12.0,0.0,,
2006-12-03,94.0,-19.0,0.0,,
2006-12-04,101.0,-66.0,0.0,,
2006-12-05,141.0,-27.0,0.0,,
2006-12-06,185.0,74.0,0.0,,
2006-12-07,144.0,5.0,0.0,,
2006-12-08,72.0,-63.0,0.0,,
2006-12-09,92.0,-36.0,0.0,,
2006-12-10,140.0,49.0,42.0,,
2006-12-11,188.0,140.0,102.0,,
2006-12-12,209.0,49.0,0.0,,
2006-12-13,217.0,13.0,0.0,,
2006-12-14,237.0,53.0,0.0,,
2006-12-15,230.0,132.0,0.0,,
2006-12-16,250.0,177.0,0.0,,
2006-12-17,251.0,186.0,0.0,,
2006-12-18,217.0,174.0,7.0,,
2006-12-19,187.0,168.0,19.0,,
2006-12-20,198.0,117.0,21.0,,
2006-12-21,171.0,75.0,0.0,,
2006-12-22,137.0,8.0,0.0,,
2006-12-23,145.0,-1.0,23.0,,
2006-12-24,80.0,62.0,437.0,,
2006-12-25,104.0,25.0,32.0,,
2006-12-26,119.0,-34.0,0.0,,
2006-12-27,166.0,2.0,0.0,,
2006-12-28,194.0,94.0,0.0,,
2006-12-29,198.0,135.0,1119.0,,
2006-12-30,140.0,64.0,37.0,,
2006-12-31,118.0,17.0,0.0,,
2007-01-01,106.0,-3.0,0.0,,
2007-01-02,123.0,-19.0,0.0,,
2007-01-03,127.0,4.0,24.0,,
2007-01-04,128.0,78.0,338.0,,
2007-01-05,184.0,89.0,0.0,,
2007-01-06,158.0,75.0,78.0,,
2007-01-07,147.0,51.0,8.0,,
2007-01-08,163.0,-26.0,0.0,,
2007-01-09,183.0,2.0,0.0,,
2007-01-10,181.0,13.0,0.0,,
2007-01-11,210.0,99.0,0.0,,
2007-01-12,224.0,180.0,8.0,,
2007-01-13,197.0,28.0,449.0,,
2007-01-14,53.0,17.0,86.0,,
2007-01-15,18.0,-22.0,291.0,,
2007-01-16,-8.0,-30.0,0.0,,
2007-01-17,2.0,-17.0,44.0,,
2007-01-18,66.0,0.0,4.0,,
2007-01-19,65.0,31.0,4.0,,
2007-01-20,,,65.0,,
2007-01-21,,,0.0,,
2007-01-22,78.0,19.0,0.0,,
2007-01-23,68.0,10.0,0.0,,
2007-01-24,,,0.0,,
2007-01-25,163.0,-14.0,0.0,,
2007-01-26,168.0,-14.0,0.0,,
2007-01-27,174.0,47.0,0.0,,
2007-01-28,73.0,-28.0,0.0,,
2007-01-29,117.0,-41.0,0.0,,
2007-01-30,127.0,20.0,0.0,,
2007-01-31,47.0,-3.0,7.0,,
2007-02-01,96.0,30.0,24.0,,
2007-02-02,70.0,-28.0,0.0,,
2007-02-03,113.0,-75.0,0.0,,
2007-02-04,179.0,20.0,0.0,,
2007-02-05,186.0,33.0,0.0,,
2007-02-06,209.0,43.0,0.0,,
2007-02-07,201.0,112.0,0.0,,
2007-02-08,164.0,63.0,0.0,,
2007-02-09,66.0,47.0,0.0,,
2007-02-10,69.0,2.0,0.0,,
2007-02-11,109.0,37.0,0.0,,
2007-02-12,157.0,106.0,100.0,,
2007-02-13,134.0,20.0,0.0,,
2007-02-14,20.0,-17.0,0.0,,
2007-02-15,23.0,-37.0,0.0,,
2007-02-16,75.0,-94.0,0.0,,
2007-02-18,154.0,-32.0,0.0,,
2007-02-19,203.0,38.0,0.0,,
2007-02-20,195.0,153.0,0.0,,
2007-02-21,266.0,126.0,0.0,,
2007-02-22,266.0,97.0,0.0,,
2007-02-23,206.0,128.0,0.0,,
2007-02-24,246.0,134.0,39.0,,
2007-02-25,175.0,48.0,0.0,,
2007-02-26,262.0,62.0,0.0,,
2007-02-27,264.0,79.0,0.0,,
2007-02-28,235.0,173.0,0.0,,
2007-03-01,209.0,53.0,125.0,,
2007-03-02,175.0,18.0,0.0,,
2007-03-03,136.0,24.0,0.0,,
2007-03-04,131.0,-34.0,0.0,,
2007-03-05,194.0,-20.0,0.0,,
2007-03-06,206.0,49.0,0.0,,
2007-03-07,227.0,68.0,0.0,,
2007-03-08,238.0,85.0,0.0,,
2007-03-09,248.0,99.0,0.0,,
2007-03-10,273.0,141.0,0.0,,
2007-03-11,266.0,140.0,5.0,,
2007-03-12,201.0,157.0,609.0,,
2007-03-13,244.0,150.0,200.0,,
2007-03-14,219.0,123.0,0.0,,
2007-03-15,261.0,110.0,0.0,,
2007-03-16,207.0,81.0,0.0,,
2007-03-17,219.0,39.0,0.0,,
2007-03-18,228.0,142.0,0.0,,
2007-03-19,248.0,170.0,0.0,,
2007-03-20,255.0,173.0,0.0,,
2007-03-21,258.0,182.0,0.0,,
2007-03-22,256.0,161.0,0.0,,
2007-03-23,261.0,171.0,0.0,,
2007-03-24,278.0,167.0,0.0,,
2007-03-25,248.0,183.0,0.0,,
2007-03-26,253.0,157.0,389.0,,
2007-03-27,273.0,152.0,88.0,,
2007-03-28,279.0,191.0,0.0,,
2007-03-29,270.0,197.0,0.0,,
2007-03-30,226.0,194.0,0.0,,
2007-03-31,220.0,117.0,229.0,,
2007-04-01,270.0,84.0,0.0,,
2007-04-02,279.0,140.0,0.0,,
2007-04-03,273.0,193.0,0.0,,
2007-04-04,223.0,95.0,120.0,,
2007-04-05,193.0,67.0,0.0,,
2007-04-06,166.0,77.0,0.0,,
2007-04-07,77.0,2.0,37.0,,
2007-04-08,107.0,22.0,0.0,,
2007-04-09,161.0,71.0,0.0,,
2007-04-10,248.0,121.0,9.0,,
2007-04-11,232.0,104.0,0.0,,
2007-04-12,256.0,66.0,0.0,,
2007-04-13,228.0,158.0,80.0,,
2007-04-14,159.0,33.0,9.0,,
2007-04-15,205.0,10.0,0.0,,
2007-04-16,230.0,57.0,0.0,,
2007-04-17,201.0,112.0,46.0,,
2007-04-18,189.0,93.0,0.0,,
2007-04-19,249.0,80.0,0.0,,
2007-04-20,265.0,150.0,0.0,,
2007-04-21,269.0,134.0,0.0,,
2007-04-22,257.0,157.0,0.0,,
2007-04-23,260.0,187.0,0.0,,
2007-04-24,250.0,202.0,22.0,,
2007-04-25,251.0,127.0,224.0,,
2007-04-26,223.0,93.0,0.0,,
2007-04-27,269.0,115.0,0.0,,
2007-04-28,281.0,145.0,0.0,,
2007-04-29,288.0,142.0,0.0,,
2007-04-30,287.0,167.0,34.0,,
2007-05-01,208.0,170.0,455.0,,
2007-05-02,251.0,171.0,295.0,,
2007-05-03,201.0,167.0,207.0,,
2007-05-04,291.0,186.0,0.0,,
2007-05-05,292.0,218.0,0.0,,
2007-05-06,307.0,230.0,0.0,,
2007-05-07,298.0,215.0,0.0,,
2007-05-08,289.0,189.0,602.0,,
2007-05-09,272.0,192.0,53.0,,
2007-05-10,268.0,161.0,0.0,,
2007-05-11,284.0,150.0,4.0,,
2007-05-12,298.0,160.0,0.0,,
2007-05-13,301.0,173.0,38.0,,
2007-05-14,310.0,186.0,0.0,,
2007-05-15,305.0,181.0,0.0,,
2007-05-16,245.0,160.0,0.0,,
2007-05-17,254.0,120.0,0.0,,
2007-05-18,256.0,133.0,0.0,,
2007-05-19,256.0,139.0,0.0,,
2007-05-20,273.0,127.0,0.0,,
2007-05-21,275.0,168.0,400.0,,
2007-05-22,237.0,177.0,85.0,,
2007-05-23,297.0,188.0,0.0,,
2007-05-24,292.0,188.0,384.0,,
2007-05-25,273.0,191.0,51.0,,
2007-05-26,242.0,201.0,2.0,,
2007-05-27,273.0,195.0,11.0,,
2007-05-28,273.0,194.0,38.0,,
2007-05-29,280.0,179.0,299.0,,
2007-05-30,275.0,178.0,97.0,,
2007-05-31,305.0,170.0,0.0,,
2007-06-01,302.0,202.0,0.0,,
2007-06-02,293.0,195.0,0.0,,
2007-06-03,265.0,187.0,200.0,,
2007-06-04,295.0,180.0,0.0,,
2007-06-05,305.0,165.0,0.0,,
2007-06-06,306.0,181.0,0.0,,
2007-06-07,327.0,235.0,0.0,,
2007-06-08,325.0,244.0,19.0,,
2007-06-09,327.0,245.0,0.0,,
2007-06-10,317.0,219.0,0.0,,
2007-06-11,326.0,212.0,0.0,,
2007-06-12,326.0,223.0,0.0,,
2007-06-13,334.0,209.0,0.0,,
2007-06-14,322.0,209.0,60.0,,
2007-06-15,276.0,197.0,0.0,,
2007-06-16,259.0,206.0,193.0,,
2007-06-17,261.0,210.0,146.0,,
2007-06-18,321.0,232.0,0.0,,
2007-06-19,335.0,244.0,0.0,,
2007-06-20,305.0,232.0,0.0,,
2007-06-21,285.0,214.0,97.0,,
2007-06-22,303.0,215.0,0.0,,
2007-06-23,296.0,194.0,4.0,,
2007-06-24,300.0,202.0,0.0,,
2007-06-25,286.0,217.0,245.0,,
2007-06-26,281.0,207.0,238.0,,
2007-06-27,313.0,210.0,71.0,,
2007-06-28,312.0,231.0,0.0,,
2007-06-29,317.0,218.0,0.0,,
2007-06-30,327.0,228.0,0.0,,
2007-07-01,313.0,223.0,110.0,,
2007-07-02,282.0,225.0,6.0,,
2007-07-03,299.0,219.0,330.0,,
2007-07-04,279.0,218.0,19.0,,
2007-07-05,263.0,224.0,810.0,,
2007-07-06,278.0,211.0,134.0,,
2007-07-07,322.0,198.0,0.0,,
2007-07-08,307.0,213.0,81.0,,
2007-07-09,319.0,244.0,0.0,,
2007-07-10,321.0,247.0,0.0,,
2007-07-11,318.0,218.0,0.0,,
2007-07-12,323.0,229.0,0.0,,
2007-07-13,322.0,221.0,102.0,,
2007-07-14,298.0,219.0,115.0,,
2007-07-15,323.0,205.0,0.0,,
2007-07-16,324.0,208.0,0.0,,
2007-07-17,317.0,204.0,0.0,,
2007-07-18,318.0,208.0,0.0,,
2007-07-19,323.0,217.0,18.0,,
2007-07-20,265.0,214.0,149.0,,
2007-07-21,317.0,207.0,6.0,,
2007-07-22,318.0,218.0,6.0,,
2007-07-23,310.0,194.0,0.0,,
2007-07-24,300.0,163.0,0.0,,
2007-07-25,311.0,175.0,0.0,,
2007-07-26,307.0,217.0,120.0,,
2007-07-27,298.0,221.0,58.0,,
2007-07-28,307.0,223.0,3.0,,
2007-07-29,325.0,222.0,0.0,,
2007-07-30,325.0,230.0,0.0,,
2007-07-31,328.0,234.0,15.0,,
2007-08-01,314.0,232.0,237.0,,
2007-08-02,337.0,222.0,32.0,,
2007-08-03,340.0,214.0,0.0,,
2007-08-04,334.0,227.0,0.0,,
2007-08-05,334.0,234.0,0.0,,
2007-08-06,336.0,239.0,0.0,,
2007-08-07,336.0,234.0,0.0,,
2007-08-08,332.0,225.0,0.0,,
2007-08-09,337.0,217.0,0.0,,
2007-08-10,351.0,221.0,0.0,,
2007-08-11,358.0,225.0,0.0,,
2007-08-12,372.0,235.0,0.0,,
2007-08-13,364.0,241.0,0.0,,
2007-08-14,367.0,219.0,0.0,,
2007-08-15,362.0,237.0,0.0,,
2007-08-16,336.0,243.0,0.0,,
2007-08-17,318.0,228.0,34.0,,
2007-08-18,329.0,233.0,6.0,,
2007-08-19,329.0,244.0,0.0,,
2007-08-20,329.0,240.0,0.0,,
2007-08-21,335.0,230.0,0.0,,
2007-08-22,340.0,235.0,0.0,,
2007-08-23,342.0,241.0,0.0,,
2007-08-24,343.0,225.0,0.0,,
2007-08-25,342.0,216.0,0.0,,
2007-08-26,350.0,222.0,0.0,,
2007-08-27,353.0,217.0,0.0,,
2007-08-28,342.0,206.0,0.0,,
2007-08-29,337.0,220.0,0.0,,
2007-08-30,323.0,203.0,0.0,,
2007-08-31,332.0,211.0,0.0,,
2007-09-01,338.0,210.0,0.0,,
2007-09-02,308.0,216.0,0.0,,
2007-09-03,287.0,217.0,0.0,,
2007-09-04,314.0,205.0,0.0,,
2007-09-05,317.0,239.0,31.0,,
2007-09-06,330.0,249.0,0.0,,
2007-09-07,345.0,252.0,0.0,,
2007-09-08,342.0,243.0,0.0,,
2007-09-09,348.0,229.0,0.0,,
2007-09-10,333.0,229.0,0.0,,
2007-09-11,283.0,205.0,0.0,,
2007-09-12,305.0,182.0,0.0,,
2007-09-13,304.0,210.0,3.0,,
2007-09-14,330.0,199.0,0.0,,
2007-09-15,327.0,216.0,0.0,,
2007-09-16,319.0,167.0,0.0,,
2007-09-17,333.0,180.0,0.0,,
2007-09-18,336.0,174.0,0.0,,
2007-09-19,338.0,217.0,0.0,,
2007-09-20,325.0,184.0,0.0,,
2007-09-21,328.0,165.0,0.0,,
2007-09-22,331.0,155.0,0.0,,
2007-09-23,311.0,208.0,0.0,,
2007-09-24,326.0,196.0,0.0,,
2007-09-25,330.0,219.0,0.0,,
2007-09-26,324.0,218.0,0.0,,
2007-09-27,346.0,195.0,91.0,,
2007-09-28,323.0,193.0,0.0,,
2007-09-29,326.0,161.0,0.0,,
2007-09-30,332.0,225.0,0.0,,
2007-10-01,320.0,229.0,0.0,,
2007-10-02,326.0,224.0,0.0,,
2007-10-03,326.0,185.0,0.0,,
2007-10-04,332.0,186.0,0.0,,
2007-10-05,315.0,213.0,0.0,,
2007-10-06,299.0,240.0,173.0,,
2007-10-07,322.0,222.0,0.0,,
2007-10-08,321.0,213.0,0.0,,
2007-10-09,317.0,210.0,0.0,,
2007-10-10,296.0,164.0,0.0,,
2007-10-11,297.0,125.0,0.0,,
2007-10-12,286.0,161.0,0.0,,
2007-10-13,289.0,156.0,0.0,,
2007-10-14,299.0,172.0,0.0,,
2007-10-15,232.0,165.0,281.0,,
2007-10-16,264.0,172.0,0.0,,
2007-10-17,310.0,204.0,0.0,,
2007-10-18,305.0,126.0,0.0,,
2007-10-19,272.0,75.0,0.0,,
2007-10-20,297.0,117.0,0.0,,
2007-10-21,296.0,166.0,0.0,,
2007-10-22,207.0,107.0,246.0,,
2007-10-23,192.0,60.0,0.0,,
2007-10-24,212.0,49.0,0.0,,
2007-10-25,188.0,26.0,0.0,,
2007-10-26,213.0,14.0,0.0,,
2007-10-27,220.0,67.0,0.0,,
2007-10-28,233.0,68.0,0.0,,
2007-10-29,222.0,61.0,0.0,,
2007-10-30,241.0,63.0,0.0,,
2007-10-31,259.0,108.0,0.0,,
2007-11-01,253.0,107.0,0.0,,
2007-11-02,246.0,123.0,0.0,,
2007-11-03,244.0,110.0,0.0,,
2007-11-04,274.0,100.0,0.0,,
2007-11-05,269.0,146.0,0.0,,
2007-11-06,206.0,109.0,0.0,,
2007-11-07,153.0,64.0,0.0,,
2007-11-08,232.0,92.0,0.0,,
2007-11-09,269.0,185.0,0.0,,
2007-11-10,262.0,171.0,8.0,,
2007-11-11,266.0,173.0,0.0,,
2007-11-12,267.0,183.0,0.0,,
2007-11-13,276.0,171.0,0.0,,
2007-11-14,284.0,145.0,0.0,,
2007-11-15,161.0,21.0,0.0,,
2007-11-16,192.0,-3.0,0.0,,
2007-11-17,244.0,107.0,0.0,,
2007-11-18,250.0,133.0,0.0,,
2007-11-19,248.0,109.0,0.0,,
2007-11-20,258.0,171.0,0.0,,
2007-11-21,270.0,49.0,0.0,,
2007-11-22,114.0,25.0,6.0,,
2007-11-23,100.0,34.0,0.0,,
2007-11-24,71.0,34.0,372.0,,
2007-11-25,64.0,42.0,85.0,,
2007-11-26,129.0,41.0,0.0,,
2007-11-27,168.0,24.0,0.0,,
2007-11-28,188.0,47.0,0.0,,
2007-11-29,193.0,59.0,0.0,,
2007-11-30,196.0,114.0,0.0,,
2007-12-01,218.0,140.0,0.0,,
2007-12-02,257.0,82.0,9.0,,
2007-12-03,136.0,-8.0,0.0,,
2007-12-04,184.0,-29.0,0.0,,
2007-12-05,246.0,50.0,0.0,,
2007-12-06,186.0,62.0,0.0,,
2007-12-07,252.0,155.0,0.0,,
2007-12-08,269.0,197.0,0.0,,
2007-12-09,256.0,60.0,16.0,,
2007-12-10,164.0,46.0,170.0,,
2007-12-11,258.0,128.0,111.0,,
2007-12-12,157.0,48.0,97.0,,
2007-12-13,145.0,35.0,0.0,,
2007-12-14,148.0,89.0,18.0,,
2007-12-15,163.0,12.0,107.0,,
2007-12-16,101.0,-34.0,0.0,,
2007-12-17,117.0,-42.0,0.0,,
2007-12-18,217.0,74.0,0.0,,
2007-12-19,195.0,86.0,0.0,,
2007-12-20,203.0,49.0,0.0,,
2007-12-21,222.0,26.0,0.0,,
2007-12-22,211.0,6.0,9.0,,
2007-12-23,103.0,-60.0,0.0,,
2007-12-24,152.0,-26.0,0.0,,
2007-12-25,153.0,-12.0,0.0,,
2007-12-26,80.0,32.0,148.0,,
2007-12-27,109.0,31.0,0.0,,
2007-12-28,121.0,5.0,7.0,,
2007-12-29,140.0,-8.0,0.0,,
2007-12-30,182.0,15.0,0.0,,
2008-01-05,240.0,145.0,0.0,,
2008-01-06,246.0,178.0,0.0,,
2008-01-07,255.0,191.0,0.0,,
2008-01-08,218.0,36.0,12.0,,
2008-01-09,170.0,2.0,0.0,,
2008-01-10,162.0,31.0,0.0,,
2008-01-11,181.0,-17.0,0.0,,
2008-01-12,181.0,53.0,0.0,,
2008-01-13,157.0,10.0,0.0,,
2008-01-14,171.0,-7.0,0.0,,
2008-01-15,141.0,21.0,0.0,,
2008-01-16,110.0,72.0,0.0,,
2008-01-17,90.0,-8.0,0.0,,
2008-01-18,27.0,7.0,59.0,,
2008-01-19,83.0,-35.0,0.0,,
2008-01-20,106.0,-60.0,0.0,,
2008-01-21,110.0,22.0,63.0,,
2008-01-22,101.0,16.0,6.0,,
2008-01-23,57.0,-1.0,12.0,,
2008-01-24,99.0,26.0,13.0,,
2008-01-25,36.0,11.0,79.0,,
2008-01-26,68.0,10.0,0.0,,
2008-01-27,183.0,7.0,0.0,,
2008-01-28,188.0,53.0,0.0,,
2008-01-29,227.0,8.0,4.0,,
2008-01-30,130.0,-17.0,0.0,,
2008-01-31,141.0,15.0,130.0,,
2008-02-01,141.0,-46.0,0.0,,
2008-02-02,220.0,44.0,0.0,,
2008-02-03,248.0,164.0,0.0,,
2008-02-04,257.0,207.0,0.0,,
2008-02-05,264.0,79.0,20.0,,
2008-02-06,114.0,8.0,0.0,,
2008-02-07,163.0,20.0,0.0,,
2008-02-08,246.0,0.0,0.0,,
2008-02-09,224.0,39.0,0.0,,
2008-02-10,236.0,97.0,0.0,,
2008-02-11,230.0,108.0,0.0,,
2008-02-12,174.0,31.0,176.0,,
2008-02-13,148.0,-25.0,0.0,,
2008-02-14,210.0,64.0,0.0,,
2008-02-15,220.0,138.0,25.0,,
2008-02-16,208.0,59.0,315.0,,
2008-02-17,168.0,51.0,0.0,,
2008-02-18,155.0,35.0,0.0,,
2008-02-19,198.0,0.0,0.0,,
2008-02-20,225.0,103.0,0.0,,
2008-02-21,189.0,57.0,4.0,,
2008-02-22,86.0,26.0,0.0,,
2008-02-23,191.0,-13.0,0.0,,
2008-02-24,188.0,65.0,0.0,,
2008-02-25,257.0,67.0,0.0,,
2008-02-26,144.0,3.0,0.0,,
2008-02-27,161.0,-41.0,0.0,,
2008-02-28,218.0,48.0,0.0,,
2008-02-29,252.0,130.0,176.0,,
2008-03-01,253.0,125.0,0.0,,
2008-03-02,239.0,145.0,0.0,,
2008-03-03,209.0,22.0,363.0,,
2008-03-04,141.0,-8.0,0.0,,
2008-03-05,,,0.0,,
2008-03-06,134.0,33.0,236.0,,
2008-03-07,107.0,2.0,60.0,,
2008-03-08,124.0,-37.0,0.0,,
2008-03-09,223.0,46.0,2.0,,
2008-03-10,140.0,101.0,199.0,,
2008-03-11,171.0,57.0,0.0,,
2008-03-12,245.0,47.0,0.0,,
2008-03-13,224.0,108.0,0.0,,
2008-03-14,317.0,180.0,0.0,,
2008-03-15,243.0,132.0,0.0,,
2008-03-16,251.0,107.0,0.0,,
2008-03-17,286.0,197.0,0.0,,
2008-03-18,243.0,111.0,198.0,,
2008-03-19,183.0,48.0,57.0,,
2008-03-20,227.0,16.0,0.0,,
2008-03-21,227.0,74.0,0.0,,
2008-03-22,243.0,73.0,0.0,,
2008-03-23,181.0,55.0,0.0,,
2008-03-24,184.0,42.0,0.0,,
2008-03-25,237.0,74.0,0.0,,
2008-03-26,262.0,161.0,0.0,,
2008-03-27,275.0,175.0,0.0,,
2008-03-28,224.0,150.0,0.0,,
2008-03-29,268.0,125.0,270.0,,
2008-03-30,264.0,191.0,71.0,,
2008-03-31,269.0,199.0,0.0,,
2008-04-01,255.0,159.0,3.0,,
2008-04-02,226.0,144.0,0.0,,
2008-04-03,269.0,187.0,0.0,,
2008-04-04,219.0,88.0,111.0,,
2008-04-05,212.0,44.0,0.0,,
2008-04-06,234.0,92.0,0.0,,
2008-04-07,276.0,140.0,0.0,,
2008-04-08,286.0,184.0,0.0,,
2008-04-09,271.0,201.0,0.0,,
2008-04-10,272.0,154.0,31.0,,
2008-04-11,222.0,104.0,5.0,,
2008-04-12,201.0,57.0,0.0,,
2008-04-13,175.0,44.0,0.0,,
2008-04-14,187.0,2.0,0.0,,
2008-04-15,225.0,58.0,0.0,,
2008-04-16,249.0,98.0,0.0,,
2008-04-17,256.0,160.0,0.0,,
2008-04-18,204.0,92.0,219.0,,
2008-04-19,276.0,70.0,0.0,,
2008-04-20,261.0,122.0,0.0,,
2008-04-21,292.0,190.0,0.0,,
2008-04-22,283.0,205.0,0.0,,
2008-04-23,295.0,183.0,115.0,,
2008-04-24,283.0,167.0,25.0,,
2008-04-25,272.0,186.0,2.0,,
2008-04-26,249.0,165.0,0.0,,
2008-04-27,189.0,81.0,3.0,,
2008-04-28,223.0,52.0,0.0,,
2008-04-29,268.0,78.0,0.0,,
2008-04-30,276.0,119.0,0.0,,
2008-05-01,284.0,192.0,0.0,,
2008-05-02,247.0,119.0,27.0,,
2008-05-03,215.0,97.0,0.0,,
2008-05-04,268.0,85.0,0.0,,
2008-05-05,200.0,160.0,9.0,,
2008-05-06,261.0,161.0,0.0,,
2008-05-07,257.0,176.0,231.0,,
2008-05-08,274.0,140.0,0.0,,
2008-05-09,320.0,181.0,0.0,,
2008-05-10,286.0,222.0,0.0,,
2008-05-11,253.0,103.0,0.0,,
2008-05-12,252.0,78.0,0.0,,
2008-05-13,284.0,198.0,7.0,,
2008-05-14,258.0,206.0,445.0,,
2008-05-15,215.0,153.0,18.0,,
2008-05-16,246.0,124.0,0.0,,
2008-05-17,267.0,111.0,13.0,,
2008-05-18,300.0,153.0,0.0,,
2008-05-19,328.0,122.0,0.0,,
2008-05-20,325.0,190.0,0.0,,
2008-05-21,313.0,209.0,0.0,,
2008-05-22,312.0,225.0,0.0,,
2008-05-23,322.0,234.0,0.0,,
2008-05-24,315.0,241.0,0.0,,
2008-05-25,319.0,227.0,0.0,,
2008-05-26,315.0,230.0,27.0,,
2008-05-27,316.0,184.0,151.0,,
2008-05-28,311.0,179.0,0.0,,
2008-05-29,311.0,210.0,0.0,,
2008-05-30,304.0,198.0,0.0,,
2008-05-31,316.0,203.0,0.0,,
2008-06-01,319.0,225.0,0.0,,
2008-06-02,330.0,227.0,0.0,,
2008-06-03,334.0,234.0,0.0,,
2008-06-04,333.0,244.0,0.0,,
2008-06-05,333.0,252.0,0.0,,
2008-06-06,334.0,250.0,0.0,,
2008-06-07,343.0,253.0,0.0,,
2008-06-08,349.0,253.0,0.0,,
2008-06-09,343.0,226.0,31.0,,
2008-06-10,316.0,205.0,0.0,,
2008-06-11,341.0,220.0,0.0,,
2008-06-12,345.0,223.0,0.0,,
2008-06-13,348.0,232.0,0.0,,
2008-06-14,330.0,227.0,0.0,,
2008-06-15,356.0,229.0,0.0,,
2008-06-16,357.0,232.0,0.0,,
2008-06-17,340.0,201.0,47.0,,
2008-06-18,350.0,187.0,0.0,,
2008-06-19,315.0,225.0,0.0,,
2008-06-20,346.0,213.0,0.0,,
2008-06-21,345.0,203.0,0.0,,
2008-06-22,349.0,175.0,0.0,,
2008-06-23,355.0,178.0,0.0,,
2008-06-24,341.0,209.0,88.0,,
2008-06-25,347.0,218.0,19.0,,
2008-06-26,350.0,215.0,0.0,,
2008-06-27,355.0,226.0,0.0,,
2008-06-28,355.0,237.0,0.0,,
2008-06-29,330.0,206.0,72.0,,
2008-06-30,322.0,202.0,0.0,,
2008-07-01,335.0,161.0,0.0,,
2008-07-02,340.0,207.0,0.0,,
2008-07-03,352.0,212.0,0.0,,
2008-07-04,347.0,208.0,0.0,,
2008-07-05,355.0,212.0,0.0,,
2008-07-06,350.0,209.0,0.0,,
2008-07-07,368.0,223.0,0.0,,
2008-07-08,366.0,217.0,0.0,,
2008-07-09,362.0,213.0,0.0,,
2008-07-10,355.0,228.0,0.0,,
2008-07-11,365.0,227.0,0.0,,
2008-07-12,374.0,240.0,0.0,,
2008-07-13,373.0,210.0,64.0,,
2008-07-14,318.0,223.0,4.0,,
2008-07-15,356.0,214.0,0.0,,
2008-07-16,356.0,240.0,0.0,,
2008-07-17,368.0,230.0,0.0,,
2008-07-18,369.0,214.0,0.0,,
2008-07-19,362.0,214.0,0.0,,
2008-07-20,369.0,230.0,0.0,,
2008-07-21,379.0,234.0,0.0,,
2008-07-22,379.0,230.0,0.0,,
2008-07-23,372.0,222.0,0.0,,
2008-07-24,339.0,223.0,0.0,,
2008-07-25,370.0,242.0,0.0,,
2008-07-26,374.0,234.0,0.0,,
2008-07-27,394.0,214.0,0.0,,
2008-07-28,387.0,209.0,0.0,,
2008-07-29,377.0,226.0,0.0,,
2008-07-30,374.0,226.0,0.0,,
2008-07-31,372.0,253.0,0.0,,
2008-08-01,380.0,247.0,0.0,,
2008-08-02,397.0,242.0,0.0,,
2008-08-03,398.0,224.0,28.0,,
2008-08-04,389.0,209.0,0.0,,
2008-08-05,324.0,229.0,51.0,,
2008-08-06,345.0,233.0,57.0,,
2008-08-07,364.0,236.0,0.0,,
2008-08-08,344.0,227.0,0.0,,
2008-08-09,356.0,239.0,0.0,,
2008-08-10,356.0,247.0,0.0,,
2008-08-11,339.0,246.0,86.0,,
2008-08-12,326.0,241.0,673.0,,
2008-08-13,336.0,223.0,0.0,,
2008-08-14,354.0,209.0,0.0,,
2008-08-15,310.0,226.0,0.0,,
2008-08-16,299.0,221.0,0.0,,
2008-08-17,311.0,211.0,0.0,,
2008-08-18,283.0,217.0,218.0,,
2008-08-19,241.0,214.0,329.0,,
2008-08-20,307.0,218.0,35.0,,
2008-08-21,313.0,220.0,28.0,,
2008-08-22,331.0,237.0,0.0,,
2008-08-23,336.0,215.0,12.0,,
2008-08-24,322.0,206.0,0.0,,
2008-08-25,326.0,212.0,0.0,,
2008-08-26,326.0,215.0,0.0,,
2008-08-27,338.0,225.0,0.0,,
2008-08-28,332.0,230.0,0.0,,
2008-08-29,327.0,226.0,12.0,,
2008-08-30,341.0,220.0,0.0,,
2008-08-31,337.0,239.0,0.0,,
2008-09-01,328.0,224.0,0.0,,
2008-09-02,286.0,240.0,30.0,,
2008-09-03,262.0,221.0,5.0,,
2008-09-04,304.0,200.0,0.0,,
2008-09-05,306.0,168.0,0.0,,
2008-09-06,303.0,173.0,0.0,,
2008-09-07,319.0,166.0,0.0,,
2008-09-08,316.0,194.0,584.0,,
2008-09-09,284.0,216.0,98.0,,
2008-09-10,313.0,216.0,0.0,,
2008-09-11,332.0,230.0,0.0,,
2008-09-12,305.0,240.0,0.0,,
2008-09-13,271.0,237.0,1005.0,,
2008-09-14,282.0,196.0,0.0,,
2008-09-15,228.0,144.0,0.0,,
2008-09-16,251.0,125.0,0.0,,
2008-09-17,252.0,122.0,0.0,,
2008-09-18,233.0,148.0,0.0,,
2008-09-19,278.0,142.0,0.0,,
2008-09-20,293.0,160.0,0.0,,
2008-09-21,296.0,188.0,0.0,,
2008-09-22,301.0,193.0,0.0,,
2008-09-23,302.0,196.0,0.0,,
2008-09-24,291.0,197.0,0.0,,
2008-09-25,287.0,169.0,0.0,,
2008-09-26,291.0,146.0,0.0,,
2008-09-27,290.0,120.0,0.0,,
2008-09-28,287.0,124.0,0.0,,
2008-09-29,292.0,124.0,0.0,,
2008-09-30,283.0,134.0,0.0,,
2008-10-01,271.0,93.0,0.0,,
2008-10-02,289.0,101.0,0.0,,
2008-10-03,287.0,167.0,0.0,,
2008-10-04,295.0,183.0,0.0,,
2008-10-05,284.0,167.0,0.0,,
2008-10-06,278.0,192.0,102.0,,
2008-10-07,255.0,107.0,137.0,,
2008-10-08,256.0,75.0,0.0,,
2008-10-09,263.0,99.0,0.0,,
2008-10-10,268.0,139.0,0.0,,
2008-10-11,279.0,163.0,0.0,,
2008-10-12,285.0,172.0,0.0,,
2008-10-13,294.0,198.0,0.0,,
2008-10-14,279.0,212.0,0.0,,
2008-10-15,273.0,181.0,147.0,,
2008-10-16,185.0,145.0,0.0,,
2008-10-17,238.0,124.0,0.0,,
2008-10-18,248.0,91.0,0.0,,
2008-10-19,239.0,132.0,0.0,,
2008-10-20,255.0,117.0,0.0,,
2008-10-21,258.0,123.0,0.0,,
2008-10-22,259.0,126.0,51.0,,
2008-10-23,183.0,68.0,0.0,,
2008-10-24,226.0,38.0,0.0,,
2008-10-25,263.0,65.0,0.0,,
2008-10-26,277.0,109.0,0.0,,
2008-10-27,176.0,11.0,0.0,,
2008-10-28,182.0,-16.0,0.0,,
2008-10-29,222.0,35.0,0.0,,
2008-10-30,251.0,97.0,0.0,,
2008-10-31,256.0,126.0,0.0,,
2008-11-01,262.0,153.0,0.0,,
2008-11-02,258.0,150.0,0.0,,
2008-11-03,248.0,124.0,0.0,,
2008-11-04,255.0,107.0,0.0,,
2008-11-05,272.0,163.0,0.0,,
2008-11-06,228.0,87.0,47.0,,
2008-11-07,215.0,53.0,0.0,,
2008-11-08,228.0,29.0,0.0,,
2008-11-09,227.0,55.0,0.0,,
2008-11-10,183.0,129.0,14.0,,
2008-11-11,208.0,147.0,185.0,,
2008-11-12,209.0,110.0,0.0,,
2008-11-13,220.0,75.0,0.0,,
2008-11-14,224.0,124.0,8.0,,
2008-11-15,124.0,6.0,0.0,,
2008-11-16,172.0,-25.0,0.0,,
2008-11-17,237.0,32.0,0.0,,
2008-11-18,170.0,42.0,0.0,,
2008-11-19,229.0,41.0,0.0,,
2008-11-20,240.0,86.0,0.0,,
2008-11-21,108.0,12.0,0.0,,
2008-11-22,125.0,26.0,0.0,,
2008-11-23,223.0,112.0,0.0,,
2008-11-24,207.0,35.0,3.0,,
2008-11-25,189.0,-15.0,0.0,,
2008-11-26,206.0,62.0,0.0,,
2008-11-27,225.0,145.0,0.0,,
2008-11-28,188.0,126.0,247.0,,
2008-11-29,162.0,52.0,0.0,,
2008-11-30,141.0,21.0,0.0,,
2008-12-01,108.0,-19.0,0.0,,
2008-12-02,185.0,-21.0,0.0,,
2008-12-03,260.0,64.0,89.0,,
2008-12-04,123.0,5.0,0.0,,
2008-12-05,95.0,-10.0,0.0,,
2008-12-06,156.0,-32.0,0.0,,
2008-12-07,187.0,0.0,0.0,,
2008-12-08,215.0,82.0,0.0,,
2008-12-09,209.0,4.0,239.0,,
2008-12-10,21.0,-11.0,17.0,,
2008-12-11,125.0,-33.0,0.0,,
2008-12-12,171.0,-27.0,0.0,,
2008-12-13,186.0,59.0,0.0,,
2008-12-14,244.0,156.0,0.0,,
2008-12-15,184.0,-11.0,0.0,,
2008-12-16,29.0,-12.0,2.0,,
2008-12-17,120.0,28.0,0.0,,
2008-12-18,213.0,120.0,4.0,,
2008-12-19,242.0,158.0,0.0,,
2008-12-20,250.0,54.0,0.0,,
2008-12-21,75.0,-24.0,0.0,,
2008-12-22,9.0,-53.0,0.0,,
2008-12-23,179.0,2.0,0.0,,
2008-12-24,203.0,89.0,11.0,,
2008-12-25,200.0,72.0,0.0,,
2008-12-26,267.0,200.0,0.0,,
2008-12-27,229.0,73.0,52.0,,
2008-12-28,128.0,-13.0,0.0,,
2008-12-29,177.0,-20.0,0.0,,
2008-12-30,211.0,12.0,0.0,,
2008-12-31,151.0,46.0,0.0,,
2009-01-01,183.0,10.0,0.0,,
2009-01-02,227.0,139.0,0.0,,
2009-01-03,274.0,180.0,0.0,,
2009-01-04,202.0,41.0,5.0,,
2009-01-05,45.0,14.0,66.0,,
2009-01-06,157.0,21.0,140.0,,
2009-01-07,197.0,-12.0,0.0,,
2009-01-08,242.0,40.0,0.0,,
2009-01-09,252.0,137.0,0.0,,
2009-01-10,207.0,35.0,0.0,,
2009-01-11,141.0,-15.0,0.0,,
2009-01-12,171.0,-13.0,0.0,,
2009-01-13,86.0,-26.0,0.0,,
2009-01-14,164.0,-39.0,0.0,,
2009-01-15,113.0,10.0,0.0,,
2009-01-16,79.0,-19.0,0.0,,
2009-01-17,182.0,58.0,0.0,,
2009-01-18,203.0,23.0,0.0,,
2009-01-19,159.0,43.0,0.0,,
2009-01-20,119.0,-3.0,0.0,,
2009-01-21,193.0,-24.0,0.0,,
2009-01-22,245.0,54.0,0.0,,
2009-01-23,253.0,133.0,0.0,,
2009-01-24,176.0,38.0,0.0,,
2009-01-25,114.0,41.0,0.0,,
2009-01-26,168.0,75.0,0.0,,
2009-01-27,170.0,1.0,18.0,,
2009-01-28,34.0,-32.0,20.0,,
2009-01-29,119.0,-49.0,0.0,,
2009-01-30,165.0,-41.0,0.0,,
2009-01-31,212.0,-1.0,0.0,,
2009-02-01,226.0,75.0,80.0,,
2009-02-02,151.0,-6.0,0.0,,
2009-02-03,204.0,-12.0,0.0,,
2009-02-04,133.0,14.0,0.0,,
2009-02-05,211.0,14.0,0.0,,
2009-02-06,238.0,106.0,0.0,,
2009-02-07,247.0,144.0,0.0,,
2009-02-08,233.0,135.0,0.0,,
2009-02-09,182.0,112.0,91.0,,
2009-02-10,231.0,117.0,76.0,,
2009-02-11,208.0,75.0,0.0,,
2009-02-12,238.0,59.0,0.0,,
2009-02-13,246.0,143.0,0.0,,
2009-02-14,174.0,60.0,30.0,,
2009-02-15,176.0,90.0,0.0,,
2009-02-16,129.0,63.0,0.0,,
2009-02-17,203.0,89.0,15.0,,
2009-02-18,259.0,134.0,0.0,,
2009-02-19,152.0,13.0,0.0,,
2009-02-20,200.0,-6.0,0.0,,
2009-02-21,145.0,38.0,25.0,,
2009-02-22,152.0,-43.0,0.0,,
2009-02-23,182.0,29.0,0.0,,
2009-02-24,251.0,88.0,0.0,,
2009-02-25,263.0,158.0,0.0,,
2009-02-26,278.0,187.0,0.0,,
2009-02-27,246.0,118.0,0.0,,
2009-02-28,129.0,15.0,0.0,,
2009-03-01,121.0,-21.0,0.0,,
2009-03-02,160.0,-26.0,0.0,,
2009-03-03,188.0,41.0,0.0,,
2009-03-04,244.0,98.0,0.0,,
2009-03-05,284.0,150.0,0.0,,
2009-03-06,272.0,174.0,0.0,,
2009-03-07,259.0,180.0,0.0,,
2009-03-08,282.0,208.0,0.0,,
2009-03-09,276.0,187.0,0.0,,
2009-03-10,289.0,190.0,0.0,,
2009-03-11,212.0,47.0,312.0,,
2009-03-12,57.0,37.0,251.0,,
2009-03-13,42.0,30.0,524.0,,
2009-03-14,88.0,40.0,5.0,,
2009-03-15,118.0,77.0,0.0,,
2009-03-16,248.0,47.0,0.0,,
2009-03-17,229.0,102.0,0.0,,
2009-03-18,250.0,91.0,0.0,,
2009-03-19,264.0,86.0,0.0,,
2009-03-20,252.0,112.0,0.0,,
2009-03-21,270.0,136.0,0.0,,
2009-03-22,262.0,128.0,0.0,,
2009-03-23,263.0,182.0,0.0,,
2009-03-24,209.0,154.0,235.0,,
2009-03-25,200.0,111.0,207.0,,
2009-03-26,213.0,116.0,0.0,,
2009-03-27,220.0,33.0,27.0,,
2009-03-28,134.0,11.0,0.0,,
2009-03-29,211.0,-15.0,0.0,,
2009-03-30,218.0,97.0,0.0,,
2009-03-31,196.0,56.0,28.0,,
2009-04-01,247.0,57.0,0.0,,
2009-04-02,190.0,98.0,87.0,,
2009-04-03,228.0,22.0,0.0,,
2009-04-04,266.0,114.0,0.0,,
2009-04-05,197.0,95.0,0.0,,
2009-04-06,144.0,29.0,0.0,,
2009-04-07,188.0,-23.0,0.0,,
2009-04-08,262.0,69.0,0.0,,
2009-04-09,270.0,177.0,0.0,,
2009-04-10,216.0,102.0,0.0,,
2009-04-11,222.0,79.0,0.0,,
2009-04-12,211.0,123.0,222.0,,
2009-04-13,185.0,71.0,0.0,,
2009-04-14,228.0,39.0,0.0,,
2009-04-15,247.0,76.0,0.0,,
2009-04-16,248.0,127.0,0.0,,
2009-04-17,184.0,148.0,519.0,,
2009-04-18,242.0,155.0,123.0,,
2009-04-19,221.0,105.0,3.0,,
2009-04-20,250.0,76.0,0.0,,
2009-04-21,309.0,96.0,0.0,,
2009-04-22,319.0,161.0,0.0,,
2009-04-23,296.0,169.0,0.0,,
2009-04-24,254.0,193.0,0.0,,
2009-04-25,283.0,187.0,120.0,,
2009-04-26,282.0,203.0,5.0,,
2009-04-27,231.0,159.0,65.0,,
2009-04-28,211.0,147.0,249.0,,
2009-04-29,276.0,190.0,0.0,,
2009-04-30,274.0,190.0,0.0,,
2009-05-01,277.0,213.0,0.0,,
2009-05-02,282.0,215.0,0.0,,
2009-05-03,228.0,160.0,136.0,,
2009-05-04,231.0,140.0,0.0,,
2009-05-06,,,0.0,,
2009-05-07,309.0,224.0,0.0,,
2009-05-08,312.0,228.0,0.0,,
2009-05-09,311.0,202.0,0.0,,
2009-05-10,305.0,217.0,0.0,,
2009-05-11,296.0,186.0,38.0,,
2009-05-12,309.0,194.0,0.0,,
2009-05-13,314.0,221.0,0.0,,
2009-05-14,304.0,202.0,0.0,,
2009-05-15,309.0,206.0,0.0,,
2009-05-16,279.0,194.0,0.0,,
2009-05-17,244.0,123.0,0.0,,
2009-05-18,252.0,77.0,0.0,,
2009-05-19,270.0,91.0,0.0,,
2009-05-20,277.0,152.0,0.0,,
2009-05-21,303.0,130.0,0.0,,
2009-05-22,274.0,172.0,0.0,,
2009-05-23,277.0,191.0,31.0,,
2009-05-24,277.0,190.0,45.0,,
2009-05-25,297.0,176.0,0.0,,
2009-05-26,310.0,195.0,0.0,,
2009-05-27,275.0,174.0,0.0,,
2009-05-28,294.0,140.0,0.0,,
2009-05-29,305.0,153.0,0.0,,
2009-05-30,309.0,114.0,0.0,,
2009-05-31,330.0,176.0,0.0,,
2009-06-01,309.0,165.0,0.0,,
2009-06-02,316.0,192.0,0.0,,
2009-06-03,296.0,198.0,149.0,,
2009-06-04,273.0,176.0,0.0,,
2009-06-05,303.0,145.0,0.0,,
2009-06-06,318.0,168.0,0.0,,
2009-06-07,328.0,199.0,0.0,,
2009-06-08,327.0,207.0,0.0,,
2009-06-09,345.0,222.0,0.0,,
2009-06-10,340.0,213.0,20.0,,
2009-06-11,313.0,188.0,504.0,,
2009-06-12,344.0,226.0,0.0,,
2009-06-13,343.0,233.0,0.0,,
2009-06-14,333.0,236.0,0.0,,
2009-06-15,342.0,233.0,0.0,,
2009-06-16,349.0,248.0,0.0,,
2009-06-17,344.0,238.0,0.0,,
2009-06-18,353.0,230.0,0.0,,
2009-06-19,349.0,235.0,0.0,,
2009-06-20,355.0,228.0,0.0,,
2009-06-21,352.0,225.0,0.0,,
2009-06-22,362.0,234.0,0.0,,
2009-06-23,372.0,233.0,0.0,,
2009-06-24,383.0,232.0,0.0,,
2009-06-25,385.0,243.0,0.0,,
2009-06-26,382.0,220.0,0.0,,
2009-06-27,382.0,233.0,0.0,,
2009-06-28,381.0,237.0,0.0,,
2009-06-29,366.0,229.0,0.0,,
2009-06-30,325.0,203.0,0.0,,
2009-07-01,372.0,237.0,0.0,,
2009-07-02,401.0,218.0,0.0,,
2009-07-03,387.0,237.0,0.0,,
2009-07-04,381.0,248.0,0.0,,
2009-07-05,366.0,221.0,361.0,,
2009-07-06,287.0,230.0,243.0,,
2009-07-07,335.0,215.0,0.0,,
2009-07-08,360.0,241.0,0.0,,
2009-07-09,377.0,242.0,0.0,,
2009-07-10,370.0,256.0,0.0,,
2009-07-11,361.0,237.0,0.0,,
2009-07-12,361.0,234.0,0.0,,
2009-07-13,371.0,245.0,0.0,,
2009-07-14,375.0,236.0,0.0,,
2009-07-15,366.0,238.0,0.0,,
2009-07-16,365.0,250.0,100.0,,
2009-07-17,326.0,212.0,132.0,,
2009-07-18,333.0,220.0,0.0,,
2009-07-19,333.0,199.0,3.0,,
2009-07-20,290.0,224.0,151.0,,
2009-07-21,329.0,230.0,44.0,,
2009-07-22,327.0,226.0,0.0,,
2009-07-23,321.0,209.0,0.0,,
2009-07-24,318.0,225.0,4.0,,
2009-07-25,356.0,227.0,0.0,,
2009-07-26,315.0,239.0,0.0,,
2009-07-27,310.0,244.0,5.0,,
2009-07-28,319.0,254.0,4.0,,
2009-07-29,339.0,238.0,411.0,,
2009-07-30,305.0,219.0,85.0,,
2009-07-31,319.0,231.0,17.0,,
2009-08-01,343.0,212.0,353.0,,
2009-08-02,333.0,212.0,0.0,,
2009-08-03,354.0,222.0,0.0,,
2009-08-04,351.0,238.0,0.0,,
2009-08-05,359.0,237.0,0.0,,
2009-08-06,348.0,250.0,0.0,,
2009-08-07,356.0,243.0,0.0,,
2009-08-08,354.0,239.0,0.0,,
2009-08-09,341.0,240.0,0.0,,
2009-08-10,352.0,245.0,6.0,,
2009-08-11,333.0,244.0,0.0,,
2009-08-12,340.0,231.0,0.0,,
2009-08-13,346.0,218.0,0.0,,
2009-08-14,356.0,229.0,0.0,,
2009-08-15,361.0,223.0,0.0,,
2009-08-16,370.0,233.0,0.0,,
2009-08-17,364.0,233.0,68.0,,
2009-08-18,351.0,238.0,266.0,,
2009-08-19,358.0,232.0,0.0,,
2009-08-20,361.0,246.0,0.0,,
2009-08-21,323.0,228.0,0.0,,
2009-08-22,349.0,185.0,0.0,,
2009-08-23,354.0,232.0,0.0,,
2009-08-24,362.0,242.0,0.0,,
2009-08-25,358.0,225.0,0.0,,
2009-08-26,337.0,225.0,0.0,,
2009-08-27,319.0,228.0,0.0,,
2009-08-28,317.0,207.0,182.0,,
2009-08-29,312.0,201.0,0.0,,
2009-08-30,312.0,194.0,0.0,,
2009-08-31,302.0,199.0,0.0,,
2009-09-01,307.0,203.0,0.0,,
2009-09-02,316.0,181.0,0.0,,
2009-09-03,342.0,210.0,14.0,,
2009-09-04,278.0,203.0,21.0,,
2009-09-05,330.0,188.0,0.0,,
2009-09-06,346.0,198.0,0.0,,
2009-09-07,349.0,202.0,0.0,,
2009-09-08,346.0,211.0,0.0,,
2009-09-09,337.0,218.0,0.0,,
2009-09-10,338.0,205.0,35.0,,
2009-09-11,298.0,221.0,0.0,,
2009-09-12,235.0,211.0,70.0,,
2009-09-13,270.0,214.0,542.0,,
2009-09-14,280.0,216.0,26.0,,
2009-09-15,257.0,215.0,3.0,,
2009-09-16,253.0,202.0,68.0,,
2009-09-17,260.0,198.0,109.0,,
2009-09-18,278.0,211.0,26.0,,
2009-09-19,283.0,205.0,0.0,,
2009-09-20,308.0,190.0,0.0,,
2009-09-21,328.0,190.0,69.0,,
2009-09-22,226.0,175.0,44.0,,
2009-09-23,206.0,157.0,23.0,,
2009-09-24,200.0,149.0,26.0,,
2009-09-25,274.0,148.0,0.0,,
2009-09-26,301.0,177.0,0.0,,
2009-09-27,326.0,194.0,0.0,,
2009-09-28,308.0,191.0,0.0,,
2009-09-29,259.0,153.0,0.0,,
2009-09-30,287.0,158.0,0.0,,
2009-10-01,303.0,212.0,0.0,,
2009-10-02,260.0,129.0,0.0,,
2009-10-03,266.0,161.0,63.0,,
2009-10-04,235.0,152.0,58.0,,
2009-10-05,219.0,149.0,0.0,,
2009-10-06,323.0,216.0,0.0,,
2009-10-07,256.0,183.0,0.0,,
2009-10-08,327.0,236.0,0.0,,
2009-10-09,275.0,120.0,381.0,,
2009-10-10,152.0,112.0,0.0,,
2009-10-11,143.0,119.0,190.0,,
2009-10-12,205.0,142.0,47.0,,
2009-10-13,236.0,194.0,719.0,,
2009-10-14,293.0,216.0,63.0,,
2009-10-15,275.0,158.0,0.0,,
2009-10-16,215.0,116.0,0.0,,
2009-10-17,226.0,81.0,0.0,,
2009-10-18,199.0,82.0,0.0,,
2009-10-19,230.0,90.0,0.0,,
2009-10-20,262.0,138.0,0.0,,
2009-10-21,229.0,171.0,921.0,,
2009-10-22,215.0,114.0,241.0,,
2009-10-23,175.0,72.0,0.0,,
2009-10-24,218.0,54.0,0.0,,
2009-10-25,250.0,126.0,0.0,,
2009-10-26,201.0,114.0,573.0,,
2009-10-27,184.0,102.0,19.0,,
2009-10-28,242.0,108.0,0.0,,
2009-10-29,285.0,147.0,84.0,,
2009-10-30,181.0,67.0,0.0,,
2009-10-31,220.0,44.0,0.0,,
2009-11-01,233.0,64.0,0.0,,
2009-11-02,239.0,79.0,0.0,,
2009-11-03,246.0,83.0,0.0,,
2009-11-04,245.0,91.0,0.0,,
2009-11-05,250.0,100.0,0.0,,
2009-11-06,243.0,113.0,0.0,,
2009-11-07,240.0,140.0,0.0,,
2009-11-08,245.0,147.0,0.0,,
2009-11-09,244.0,164.0,0.0,,
2009-11-10,254.0,139.0,0.0,,
2009-11-11,243.0,118.0,0.0,,
2009-11-12,226.0,85.0,0.0,,
2009-11-13,228.0,103.0,0.0,,
2009-11-14,255.0,141.0,0.0,,
2009-11-15,256.0,168.0,71.0,,
2009-11-16,201.0,51.0,8.0,,
2009-11-17,150.0,35.0,0.0,,
2009-11-18,195.0,21.0,0.0,,
2009-11-19,208.0,86.0,0.0,,
2009-11-20,164.0,131.0,14.0,,
2009-11-21,156.0,85.0,0.0,,
2009-11-22,197.0,51.0,0.0,,
2009-11-23,214.0,86.0,0.0,,
2009-11-24,171.0,47.0,5.0,,
2009-11-25,187.0,7.0,0.0,,
2009-11-26,169.0,8.0,0.0,,
2009-11-27,213.0,33.0,0.0,,
2009-11-28,213.0,86.0,0.0,,
2009-11-29,236.0,92.0,94.0,,
2009-11-30,136.0,42.0,0.0,,
2009-12-01,109.0,43.0,185.0,,
2009-12-02,84.0,45.0,23.0,,
2009-12-03,91.0,-2.0,0.0,,
2009-12-04,41.0,-51.0,0.0,,
2009-12-05,81.0,-71.0,0.0,,
2009-12-06,97.0,16.0,0.0,,
2009-12-07,108.0,81.0,8.0,,
2009-12-08,147.0,82.0,4.0,,
2009-12-09,104.0,-15.0,0.0,,
2009-12-10,80.0,-22.0,0.0,,
2009-12-11,113.0,39.0,0.0,,
2009-12-12,82.0,52.0,69.0,,
2009-12-13,126.0,73.0,0.0,,
2009-12-14,199.0,91.0,3.0,,
2009-12-15,118.0,17.0,13.0,,
2009-12-16,135.0,24.0,0.0,,
2009-12-17,110.0,19.0,0.0,,
2009-12-18,167.0,-4.0,0.0,,
2009-12-19,136.0,-9.0,0.0,,
2009-12-20,140.0,-38.0,0.0,,
2009-12-21,186.0,38.0,0.0,,
2009-12-22,210.0,101.0,2.0,,
2009-12-23,212.0,169.0,214.0,,
2009-12-24,179.0,0.0,14.0,,
2009-12-25,68.0,-26.0,0.0,,
2009-12-26,115.0,-38.0,0.0,,
2009-12-27,96.0,-39.0,0.0,,
2009-12-28,87.0,-31.0,0.0,,
2009-12-29,67.0,-23.0,15.0,,
2009-12-30,113.0,40.0,12.0,,
2009-12-31,90.0,43.0,12.0,,
2010-01-01,113.0,-20.0,0.0,,
2010-01-02,127.0,-26.0,0.0,,
2010-01-03,103.0,5.0,0.0,,
2010-01-04,46.0,-37.0,0.0,,
2010-01-05,67.0,-72.0,0.0,,
2010-01-06,86.0,-28.0,2.0,,
2010-01-07,71.0,-45.0,0.0,,
2010-01-08,-14.0,-90.0,0.0,,
2010-01-09,35.0,-120.0,0.0,,
2010-01-10,63.0,-100.0,0.0,,
2010-01-11,125.0,-53.0,0.0,,
2010-01-12,163.0,-20.0,0.0,,
2010-01-13,152.0,27.0,0.0,,
2010-01-14,130.0,78.0,60.0,,
2010-01-15,121.0,78.0,4.0,,
2010-01-16,104.0,60.0,328.0,,
2010-01-17,157.0,16.0,0.0,,
2010-01-18,198.0,69.0,0.0,,
2010-01-19,219.0,148.0,2.0,,
2010-01-20,237.0,172.0,0.0,,
2010-01-21,205.0,77.0,0.0,,
2010-01-22,249.0,86.0,0.0,,
2010-01-23,201.0,137.0,2.0,,
2010-01-24,158.0,36.0,0.0,,
2010-01-25,158.0,-7.0,0.0,,
2010-01-26,180.0,-6.0,0.0,,
2010-01-27,157.0,76.0,0.0,,
2010-01-28,176.0,102.0,5.0,,
2010-01-29,102.0,5.0,321.0,,
2010-01-30,6.0,-14.0,0.0,,
2010-01-31,99.0,-11.0,0.0,,
2010-02-01,89.0,-11.0,0.0,,
2010-02-02,142.0,54.0,0.0,,
2010-02-03,98.0,48.0,42.0,,
2010-02-04,80.0,61.0,282.0,,
2010-02-05,125.0,46.0,0.0,,
2010-02-06,112.0,2.0,0.0,,
2010-02-07,91.0,-8.0,0.0,,
2010-02-08,143.0,42.0,314.0,,
2010-02-09,62.0,-17.0,0.0,,
2010-02-10,58.0,-26.0,0.0,,
2010-02-11,42.0,1.0,191.0,,
2010-02-12,22.0,0.0,29.0,,
2010-02-13,79.0,-4.0,0.0,,
2010-02-14,107.0,9.0,0.0,,
2010-02-15,81.0,-20.0,0.0,,
2010-02-16,112.0,-49.0,0.0,,
2010-02-17,123.0,-30.0,0.0,,
2010-02-18,170.0,-33.0,0.0,,
2010-02-19,166.0,47.0,0.0,,
2010-02-20,201.0,109.0,0.0,,
2010-02-21,228.0,83.0,4.0,,
2010-02-22,83.0,38.0,0.0,,
2010-02-23,43.0,-1.0,174.0,,
2010-02-24,91.0,-15.0,0.0,,
2010-02-25,143.0,-23.0,2.0,,
2010-02-27,162.0,3.0,0.0,,
2010-02-28,188.0,18.0,0.0,,
2010-03-01,113.0,54.0,191.0,,
2010-03-02,110.0,11.0,0.0,,
2010-03-03,152.0,-11.0,0.0,,
2010-03-04,190.0,31.0,0.0,,
2010-03-05,198.0,75.0,0.0,,
2010-03-06,213.0,73.0,0.0,,
2010-03-07,155.0,97.0,4.0,,
2010-03-08,157.0,131.0,359.0,,
2010-03-09,239.0,127.0,126.0,,
2010-03-10,247.0,113.0,0.0,,
2010-03-11,212.0,54.0,0.0,,
2010-03-12,191.0,54.0,0.0,,
2010-03-13,193.0,62.0,0.0,,
2010-03-14,250.0,45.0,0.0,,
2010-03-15,208.0,103.0,0.0,,
2010-03-16,140.0,79.0,71.0,,
2010-03-17,193.0,59.0,0.0,,
2010-03-18,185.0,17.0,0.0,,
2010-03-19,225.0,62.0,0.0,,
2010-03-20,147.0,15.0,164.0,,
2010-03-21,77.0,0.0,14.0,,
2010-03-22,184.0,13.0,0.0,,
2010-03-23,235.0,67.0,0.0,,
2010-03-24,203.0,128.0,213.0,,
2010-03-25,146.0,67.0,0.0,,
2010-03-26,203.0,36.0,0.0,,
2010-03-27,257.0,87.0,0.0,,
2010-03-28,175.0,55.0,0.0,,
2010-03-29,215.0,24.0,0.0,,
2010-03-30,251.0,99.0,0.0,,
2010-03-31,273.0,122.0,0.0,,
2010-04-01,272.0,144.0,0.0,,
2010-04-02,249.0,150.0,4.0,,
2010-04-03,270.0,78.0,0.0,,
2010-04-04,279.0,175.0,0.0,,
2010-04-05,269.0,188.0,0.0,,
2010-04-06,266.0,187.0,0.0,,
2010-04-07,237.0,115.0,6.0,,
2010-04-08,197.0,60.0,0.0,,
2010-04-09,231.0,36.0,0.0,,
2010-04-10,244.0,90.0,0.0,,
2010-04-11,266.0,97.0,0.0,,
2010-04-12,274.0,127.0,0.0,,
2010-04-13,266.0,130.0,0.0,,
2010-04-14,273.0,143.0,0.0,,
2010-04-15,262.0,166.0,74.0,,
2010-04-16,257.0,144.0,0.0,,
2010-04-17,229.0,170.0,13.0,,
2010-04-18,195.0,126.0,59.0,,
2010-04-19,205.0,115.0,0.0,,
2010-04-20,225.0,123.0,0.0,,
2010-04-21,256.0,97.0,0.0,,
2010-04-22,247.0,158.0,0.0,,
2010-04-23,288.0,191.0,121.0,,
2010-04-24,262.0,141.0,71.0,,
2010-04-25,238.0,117.0,0.0,,
2010-04-26,273.0,91.0,0.0,,
2010-04-27,225.0,78.0,0.0,,
2010-04-28,259.0,64.0,0.0,,
2010-04-29,284.0,156.0,0.0,,
2010-04-30,272.0,211.0,3.0,,
2010-05-01,281.0,163.0,0.0,,
2010-05-02,266.0,120.0,0.0,,
2010-05-03,304.0,124.0,13.0,,
2010-05-04,282.0,90.0,0.0,,
2010-05-05,321.0,136.0,0.0,,
2010-05-06,313.0,165.0,0.0,,
2010-05-07,312.0,190.0,0.0,,
2010-05-08,250.0,166.0,0.0,,
2010-05-09,211.0,173.0,0.0,,
2010-05-10,300.0,192.0,0.0,,
2010-05-11,327.0,206.0,0.0,,
2010-05-12,313.0,221.0,0.0,,
2010-05-13,305.0,231.0,0.0,,
2010-05-14,305.0,175.0,49.0,,
2010-05-15,268.0,173.0,0.0,,
2010-05-16,309.0,169.0,0.0,,
2010-05-17,332.0,183.0,11.0,,
2010-05-18,311.0,174.0,0.0,,
2010-05-19,315.0,209.0,0.0,,
2010-05-20,308.0,211.0,115.0,,
2010-05-21,321.0,200.0,0.0,,
2010-05-22,325.0,227.0,0.0,,
2010-05-23,334.0,238.0,0.0,,
2010-05-24,323.0,224.0,0.0,,
2010-05-25,331.0,211.0,0.0,,
2010-05-26,333.0,200.0,117.0,,
2010-05-27,326.0,191.0,0.0,,
2010-05-28,342.0,194.0,0.0,,
2010-05-29,344.0,199.0,0.0,,
2010-05-30,355.0,215.0,0.0,,
2010-05-31,347.0,208.0,0.0,,
2010-06-01,349.0,212.0,0.0,,
2010-06-02,340.0,205.0,403.0,,
2010-06-03,243.0,204.0,302.0,,
2010-06-04,319.0,205.0,0.0,,
2010-06-05,334.0,211.0,0.0,,
2010-06-06,339.0,240.0,0.0,,
2010-06-07,340.0,240.0,0.0,,
2010-06-08,306.0,216.0,80.0,,
2010-06-09,261.0,214.0,1246.0,,
2010-06-10,305.0,231.0,289.0,,
2010-06-11,321.0,240.0,0.0,,
2010-06-12,330.0,254.0,0.0,,
2010-06-13,327.0,254.0,0.0,,
2010-06-14,326.0,239.0,0.0,,
2010-06-15,327.0,233.0,0.0,,
2010-06-16,330.0,244.0,0.0,,
2010-06-17,330.0,233.0,0.0,,
2010-06-18,331.0,224.0,0.0,,
2010-06-19,333.0,243.0,0.0,,
2010-06-20,341.0,234.0,0.0,,
2010-06-21,344.0,241.0,0.0,,
2010-06-22,351.0,242.0,0.0,,
2010-06-23,345.0,240.0,0.0,,
2010-06-24,286.0,213.0,524.0,,
2010-06-25,332.0,224.0,0.0,,
2010-06-26,334.0,238.0,0.0,,
2010-06-27,331.0,226.0,0.0,,
2010-06-28,343.0,235.0,87.0,,
2010-06-29,326.0,232.0,7.0,,
2010-06-30,297.0,229.0,119.0,,
2010-07-01,314.0,236.0,53.0,,
2010-07-02,299.0,230.0,264.0,,
2010-07-03,315.0,232.0,3.0,,
2010-07-04,328.0,237.0,0.0,,
2010-07-05,328.0,245.0,0.0,,
2010-07-06,333.0,244.0,0.0,,
2010-07-07,325.0,238.0,36.0,,
2010-07-08,325.0,241.0,62.0,,
2010-07-09,327.0,234.0,0.0,,
2010-07-10,326.0,243.0,0.0,,
2010-07-11,335.0,239.0,0.0,,
2010-07-12,322.0,243.0,0.0,,
2010-07-13,334.0,251.0,0.0,,
2010-07-14,339.0,240.0,0.0,,
2010-07-15,337.0,238.0,0.0,,
2010-07-16,346.0,234.0,0.0,,
2010-07-17,350.0,231.0,0.0,,
2010-07-18,346.0,234.0,56.0,,
2010-07-19,330.0,235.0,0.0,,
2010-07-20,328.0,246.0,0.0,,
2010-07-21,344.0,233.0,29.0,,
2010-07-22,349.0,241.0,0.0,,
2010-07-23,343.0,247.0,0.0,,
2010-07-24,348.0,227.0,0.0,,
2010-07-25,363.0,222.0,4.0,,
2010-07-26,353.0,222.0,462.0,,
2010-07-27,324.0,222.0,0.0,,
2010-07-28,321.0,237.0,4.0,,
2010-07-29,327.0,232.0,0.0,,
2010-07-30,340.0,241.0,0.0,,
2010-07-31,347.0,235.0,0.0,,
2010-08-01,363.0,212.0,0.0,,
2010-08-02,366.0,220.0,0.0,,
2010-08-03,363.0,238.0,0.0,,
2010-08-04,360.0,247.0,0.0,,
2010-08-05,359.0,239.0,0.0,,
2010-08-06,366.0,244.0,0.0,,
2010-08-07,360.0,236.0,0.0,,
2010-08-08,365.0,247.0,0.0,,
2010-08-09,364.0,242.0,0.0,,
2010-08-10,374.0,242.0,0.0,,
2010-08-11,384.0,256.0,0.0,,
2010-08-12,386.0,249.0,0.0,,
2010-08-13,381.0,238.0,0.0,,
2010-08-14,376.0,251.0,0.0,,
2010-08-15,386.0,254.0,0.0,,
2010-08-16,388.0,237.0,0.0,,
2010-08-17,367.0,234.0,0.0,,
2010-08-18,379.0,237.0,73.0,,
2010-08-19,360.0,240.0,0.0,,
2010-08-20,364.0,251.0,0.0,,
2010-08-21,375.0,241.0,0.0,,
2010-08-22,377.0,241.0,0.0,,
2010-08-23,400.0,238.0,0.0,,
2010-08-24,391.0,243.0,0.0,,
2010-08-25,332.0,210.0,0.0,,
2010-08-26,356.0,238.0,0.0,,
2010-08-27,351.0,179.0,0.0,,
2010-08-28,359.0,227.0,0.0,,
2010-08-29,357.0,239.0,0.0,,
2010-08-30,357.0,250.0,196.0,,
2010-08-31,350.0,244.0,0.0,,
2010-09-01,350.0,242.0,0.0,,
2010-09-02,296.0,231.0,65.0,,
2010-09-03,278.0,219.0,5.0,,
2010-09-04,309.0,206.0,0.0,,
2010-09-05,326.0,176.0,0.0,,
2010-09-06,340.0,212.0,0.0,,
2010-09-07,281.0,226.0,135.0,,
2010-09-08,305.0,241.0,6.0,,
2010-09-09,313.0,255.0,47.0,,
2010-09-10,338.0,244.0,0.0,,
2010-09-11,345.0,237.0,0.0,,
2010-09-12,352.0,239.0,0.0,,
2010-09-13,342.0,222.0,0.0,,
2010-09-14,347.0,208.0,0.0,,
2010-09-15,343.0,221.0,0.0,,
2010-09-16,339.0,181.0,0.0,,
2010-09-17,351.0,229.0,0.0,,
2010-09-18,350.0,224.0,0.0,,
2010-09-19,344.0,218.0,105.0,,
2010-09-20,336.0,197.0,0.0,,
2010-09-21,318.0,203.0,16.0,,
2010-09-22,329.0,225.0,0.0,,
2010-09-23,339.0,232.0,0.0,,
2010-09-24,341.0,231.0,0.0,,
2010-09-25,318.0,216.0,8.0,,
2010-09-26,286.0,141.0,0.0,,
2010-09-27,246.0,104.0,0.0,,
2010-09-28,290.0,90.0,0.0,,
2010-09-29,302.0,117.0,0.0,,
2010-09-30,319.0,135.0,0.0,,
2010-10-01,300.0,153.0,0.0,,
2010-10-02,294.0,122.0,0.0,,
2010-10-03,229.0,106.0,0.0,,
2010-10-04,241.0,101.0,0.0,,
2010-10-05,257.0,76.0,0.0,,
2010-10-06,278.0,59.0,0.0,,
2010-10-07,298.0,66.0,0.0,,
2010-10-08,311.0,75.0,0.0,,
2010-10-09,307.0,99.0,0.0,,
2010-10-10,300.0,116.0,0.0,,
2010-10-11,298.0,157.0,242.0,,
2010-10-12,279.0,141.0,0.0,,
2010-10-13,285.0,123.0,0.0,,
2010-10-14,249.0,90.0,0.0,,
2010-10-15,278.0,60.0,0.0,,
2010-10-16,286.0,82.0,0.0,,
2010-10-17,281.0,124.0,0.0,,
2010-10-18,298.0,172.0,0.0,,
2010-10-19,297.0,160.0,0.0,,
2010-10-20,299.0,155.0,0.0,,
2010-10-21,304.0,171.0,0.0,,
2010-10-22,284.0,191.0,0.0,,
2010-10-23,286.0,165.0,353.0,,
2010-10-24,295.0,166.0,0.0,,
2010-10-25,298.0,209.0,0.0,,
2010-10-26,260.0,138.0,0.0,,
2010-10-27,305.0,143.0,0.0,,
2010-10-28,226.0,87.0,0.0,,
2010-10-29,210.0,31.0,0.0,,
2010-10-30,242.0,40.0,0.0,,
2010-10-31,282.0,100.0,0.0,,
2010-11-01,287.0,172.0,0.0,,
2010-11-02,176.0,110.0,183.0,,
2010-11-03,145.0,110.0,5.0,,
2010-11-04,183.0,37.0,0.0,,
2010-11-05,167.0,6.0,0.0,,
2010-11-06,184.0,9.0,0.0,,
2010-11-07,208.0,28.0,0.0,,
2010-11-08,236.0,63.0,0.0,,
2010-11-09,247.0,125.0,0.0,,
2010-11-10,269.0,156.0,0.0,,
2010-11-11,246.0,175.0,28.0,,
2010-11-12,260.0,128.0,84.0,,
2010-11-13,141.0,53.0,0.0,,
2010-11-14,141.0,19.0,0.0,,
2010-11-15,134.0,89.0,0.0,,
2010-11-16,168.0,92.0,0.0,,
2010-11-17,240.0,77.0,0.0,,
2010-11-18,151.0,45.0,0.0,,
2010-11-19,175.0,11.0,0.0,,
2010-11-20,221.0,93.0,0.0,,
2010-11-21,264.0,166.0,0.0,,
2010-11-22,265.0,195.0,0.0,,
2010-11-23,283.0,196.0,0.0,,
2010-11-24,274.0,216.0,0.0,,
2010-11-25,248.0,44.0,25.0,,
2010-11-26,116.0,-12.0,0.0,,
2010-11-27,163.0,-33.0,0.0,,
2010-11-28,182.0,27.0,0.0,,
2010-11-29,226.0,115.0,267.0,,
2010-11-30,123.0,-10.0,0.0,,
2010-12-01,170.0,-25.0,0.0,,
2010-12-02,199.0,23.0,0.0,,
2010-12-03,227.0,86.0,0.0,,
2010-12-04,228.0,80.0,0.0,,
2010-12-05,114.0,6.0,0.0,,
2010-12-06,114.0,-26.0,0.0,,
2010-12-07,140.0,-31.0,8.0,,
2010-12-08,99.0,10.0,12.0,,
2010-12-09,142.0,5.0,0.0,,
2010-12-10,210.0,79.0,0.0,,
2010-12-11,184.0,81.0,0.0,,
2010-12-12,86.0,-16.0,0.0,,
2010-12-13,116.0,-53.0,0.0,,
2010-12-14,191.0,31.0,0.0,,
2010-12-15,243.0,121.0,0.0,,
2010-12-16,174.0,68.0,0.0,,
2010-12-17,96.0,44.0,0.0,,
2010-12-18,129.0,18.0,0.0,,
2010-12-19,158.0,33.0,0.0,,
2010-12-20,246.0,95.0,0.0,,
2010-12-21,285.0,140.0,0.0,,
2010-12-22,178.0,92.0,0.0,,
2010-12-23,117.0,79.0,0.0,,
2010-12-24,134.0,46.0,117.0,,
2010-12-25,53.0,14.0,0.0,,
2010-12-26,70.0,-37.0,0.0,,
2010-12-27,111.0,-42.0,0.0,,
2010-12-28,138.0,66.0,25.0,,
2010-12-29,179.0,126.0,10.0,,
2010-12-30,228.0,151.0,0.0,,
2010-12-31,216.0,102.0,0.0,,
2011-01-01,110.0,0.0,0.0,,
2011-01-02,102.0,-18.0,0.0,,
2011-01-03,160.0,18.0,0.0,,
2011-01-04,184.0,81.0,38.0,,
2011-01-05,177.0,44.0,2.0,,
2011-01-06,168.0,3.0,0.0,,
2011-01-07,204.0,14.0,0.0,,
2011-01-08,143.0,34.0,0.0,,
2011-01-09,84.0,-5.0,432.0,,
2011-01-10,22.0,-6.0,0.0,,
2011-01-11,36.0,-52.0,0.0,,
2011-01-12,32.0,-50.0,0.0,,
2011-01-13,23.0,-72.0,0.0,,
2011-01-14,88.0,17.0,0.0,,
2011-01-15,74.0,47.0,179.0,,
2011-01-16,110.0,72.0,653.0,,
2011-01-17,109.0,81.0,20.0,,
2011-01-18,,,0.0,,
2011-01-19,,,0.0,,
2011-01-20,110.0,-28.0,9.0,,
2011-01-21,70.0,-62.0,0.0,,
2011-01-22,140.0,-50.0,0.0,,
2011-01-23,157.0,42.0,0.0,,
2011-01-24,120.0,-6.0,0.0,,
2011-01-25,111.0,6.0,0.0,,
2011-01-26,144.0,-40.0,0.0,,
2011-01-27,181.0,-16.0,0.0,,
2011-01-28,229.0,29.0,0.0,,
2011-01-29,227.0,72.0,0.0,,
2011-01-30,237.0,121.0,0.0,,
2011-01-31,180.0,99.0,5.0,,
2011-02-01,175.0,-84.0,116.0,,
2011-02-02,-21.0,-91.0,0.0,,
2011-02-03,-20.0,-62.0,12.0,,
2011-02-04,-20.0,-81.0,61.0,,
2011-02-05,151.0,-79.0,0.0,,
2011-02-06,201.0,35.0,0.0,,
2011-02-07,101.0,-13.0,0.0,,
2011-02-08,137.0,-10.0,0.0,,
2011-02-09,86.0,-62.0,33.0,,
2011-02-10,,,0.0,,
2011-02-11,107.0,-77.0,0.0,,
2011-02-12,177.0,-35.0,0.0,,
2011-02-13,210.0,18.0,0.0,,
2011-02-14,223.0,92.0,0.0,,
2011-02-15,241.0,145.0,0.0,,
2011-02-16,225.0,144.0,0.0,,
2011-02-17,233.0,162.0,0.0,,
2011-02-18,244.0,168.0,0.0,,
2011-02-19,243.0,155.0,0.0,,
2011-02-20,260.0,163.0,0.0,,
2011-02-21,262.0,105.0,0.0,,
2011-02-22,223.0,57.0,0.0,,
2011-02-23,224.0,157.0,0.0,,
2011-02-24,242.0,144.0,66.0,,
2011-02-25,157.0,50.0,0.0,,
2011-02-26,204.0,93.0,0.0,,
2011-02-27,277.0,176.0,0.0,,
2011-02-28,228.0,66.0,27.0,,
2011-03-01,215.0,26.0,0.0,,
2011-03-02,227.0,58.0,0.0,,
2011-03-03,228.0,91.0,0.0,,
2011-03-04,216.0,154.0,0.0,,
2011-03-05,191.0,62.0,28.0,,
2011-03-06,176.0,-11.0,0.0,,
2011-03-07,177.0,71.0,0.0,,
2011-03-08,246.0,149.0,32.0,,
2011-03-09,178.0,65.0,0.0,,
2011-03-10,175.0,7.0,0.0,,
2011-03-11,242.0,19.0,0.0,,
2011-03-12,259.0,121.0,0.0,,
2011-03-13,239.0,154.0,0.0,,
2011-03-14,184.0,52.0,31.0,,
2011-03-15,202.0,11.0,0.0,,
2011-03-16,241.0,117.0,0.0,,
2011-03-17,272.0,164.0,0.0,,
2011-03-18,288.0,172.0,0.0,,
2011-03-19,289.0,169.0,0.0,,
2011-03-20,276.0,158.0,0.0,,
2011-03-21,276.0,168.0,0.0,,
2011-03-22,272.0,182.0,0.0,,
2011-03-23,297.0,186.0,0.0,,
2011-03-24,275.0,118.0,0.0,,
2011-03-25,288.0,155.0,0.0,,
2011-03-26,305.0,172.0,0.0,,
2011-03-27,173.0,112.0,0.0,,
2011-03-28,150.0,91.0,0.0,,
2011-03-29,174.0,114.0,23.0,,
2011-03-30,156.0,68.0,0.0,,
2011-03-31,237.0,44.0,0.0,,
2011-04-01,304.0,101.0,0.0,,
2011-04-02,291.0,169.0,0.0,,
2011-04-03,261.0,190.0,0.0,,
2011-04-04,236.0,66.0,83.0,,
2011-04-05,212.0,22.0,0.0,,
2011-04-06,276.0,100.0,0.0,,
2011-04-07,268.0,166.0,0.0,,
2011-04-08,319.0,222.0,0.0,,
2011-04-09,324.0,192.0,0.0,,
2011-04-10,324.0,206.0,0.0,,
2011-04-11,253.0,102.0,66.0,,
2011-04-12,268.0,70.0,0.0,,
2011-04-13,276.0,112.0,0.0,,
2011-04-14,294.0,183.0,0.0,,
2011-04-15,247.0,145.0,0.0,,
2011-04-16,250.0,35.0,0.0,,
2011-04-17,293.0,85.0,0.0,,
2011-04-18,324.0,200.0,0.0,,
2011-04-19,338.0,227.0,0.0,,
2011-04-20,323.0,205.0,0.0,,
2011-04-21,317.0,193.0,0.0,,
2011-04-22,335.0,227.0,0.0,,
2011-04-23,321.0,231.0,0.0,,
2011-04-24,323.0,216.0,0.0,,
2011-04-25,298.0,181.0,99.0,,
2011-04-26,302.0,181.0,246.0,,
2011-04-27,242.0,149.0,0.0,,
2011-04-28,251.0,73.0,0.0,,
2011-04-29,288.0,103.0,0.0,,
2011-04-30,309.0,192.0,0.0,,
2011-05-01,322.0,110.0,0.0,,
2011-05-02,128.0,101.0,21.0,,
2011-05-03,218.0,87.0,0.0,,
2011-05-04,248.0,57.0,0.0,,
2011-05-05,254.0,115.0,0.0,,
2011-05-06,295.0,121.0,0.0,,
2011-05-07,327.0,167.0,0.0,,
2011-05-08,330.0,200.0,0.0,,
2011-05-09,350.0,214.0,0.0,,
2011-05-10,333.0,228.0,0.0,,
2011-05-11,299.0,176.0,165.0,,
2011-05-12,251.0,154.0,28.0,,
2011-05-13,264.0,139.0,0.0,,
2011-05-14,220.0,109.0,0.0,,
2011-05-15,234.0,76.0,0.0,,
2011-05-16,247.0,114.0,0.0,,
2011-05-17,282.0,94.0,0.0,,
2011-05-18,286.0,169.0,0.0,,
2011-05-19,286.0,206.0,0.0,,
2011-05-20,320.0,195.0,554.0,,
2011-05-21,287.0,187.0,0.0,,
2011-05-22,328.0,237.0,0.0,,
2011-05-23,322.0,225.0,0.0,,
2011-05-24,335.0,239.0,0.0,,
2011-05-25,345.0,223.0,5.0,,
2011-05-26,285.0,167.0,0.0,,
2011-05-27,350.0,183.0,0.0,,
2011-05-28,359.0,227.0,0.0,,
2011-05-29,344.0,230.0,0.0,,
2011-05-30,332.0,233.0,0.0,,
2011-05-31,332.0,221.0,0.0,,
2011-06-01,345.0,217.0,0.0,,
2011-06-02,351.0,201.0,0.0,,
2011-06-03,367.0,234.0,0.0,,
2011-06-04,359.0,199.0,0.0,,
2011-06-05,377.0,222.0,0.0,,
2011-06-06,381.0,198.0,16.0,,
2011-06-07,367.0,198.0,0.0,,
2011-06-08,355.0,222.0,0.0,,
2011-06-09,349.0,209.0,0.0,,
2011-06-10,355.0,223.0,0.0,,
2011-06-11,362.0,225.0,0.0,,
2011-06-12,377.0,220.0,0.0,,
2011-06-13,369.0,221.0,0.0,,
2011-06-14,374.0,229.0,0.0,,
2011-06-15,368.0,239.0,0.0,,
2011-06-16,383.0,243.0,0.0,,
2011-06-17,384.0,256.0,0.0,,
2011-06-18,395.0,259.0,0.0,,
2011-06-19,390.0,259.0,0.0,,
2011-06-20,379.0,258.0,0.0,,
2011-06-21,378.0,222.0,12.0,,
2011-06-22,294.0,191.0,208.0,,
2011-06-23,334.0,201.0,0.0,,
2011-06-24,356.0,229.0,0.0,,
2011-06-25,356.0,237.0,0.0,,
2011-06-26,365.0,242.0,0.0,,
2011-06-27,363.0,249.0,0.0,,
2011-06-28,364.0,235.0,0.0,,
2011-06-29,365.0,237.0,0.0,,
2011-06-30,375.0,233.0,0.0,,
2011-07-01,374.0,231.0,0.0,,
2011-07-02,382.0,230.0,23.0,,
2011-07-03,383.0,222.0,115.0,,
2011-07-04,373.0,225.0,0.0,,
2011-07-05,378.0,223.0,236.0,,
2011-07-06,370.0,224.0,0.0,,
2011-07-07,370.0,216.0,0.0,,
2011-07-08,371.0,249.0,0.0,,
2011-07-09,369.0,253.0,0.0,,
2011-07-10,372.0,245.0,0.0,,
2011-07-11,375.0,236.0,0.0,,
2011-07-12,372.0,246.0,0.0,,
2011-07-13,384.0,250.0,0.0,,
2011-07-14,385.0,254.0,0.0,,
2011-07-15,386.0,248.0,10.0,,
2011-07-16,382.0,247.0,0.0,,
2011-07-17,380.0,245.0,0.0,,
2011-07-18,369.0,259.0,6.0,,
2011-07-19,363.0,238.0,10.0,,
2011-07-20,366.0,237.0,0.0,,
2011-07-21,379.0,251.0,0.0,,
2011-07-22,386.0,251.0,0.0,,
2011-07-23,389.0,250.0,0.0,,
2011-07-24,390.0,252.0,0.0,,
2011-07-25,359.0,267.0,0.0,,
2011-07-26,391.0,258.0,0.0,,
2011-07-27,395.0,254.0,0.0,,
2011-07-28,381.0,249.0,0.0,,
2011-07-29,381.0,248.0,0.0,,
2011-07-30,381.0,245.0,0.0,,
2011-07-31,399.0,240.0,0.0,,
2011-08-01,412.0,249.0,0.0,,
2011-08-02,419.0,271.0,0.0,,
2011-08-03,419.0,266.0,0.0,,
2011-08-04,415.0,262.0,0.0,,
2011-08-05,406.0,258.0,0.0,,
2011-08-06,402.0,253.0,0.0,,
2011-08-07,392.0,262.0,0.0,,
2011-08-08,395.0,261.0,0.0,,
2011-08-09,401.0,255.0,0.0,,
2011-08-10,396.0,255.0,0.0,,
2011-08-11,394.0,259.0,0.0,,
2011-08-12,392.0,267.0,0.0,,
2011-08-13,365.0,269.0,0.0,,
2011-08-14,403.0,248.0,0.0,,
2011-08-15,399.0,233.0,0.0,,
2011-08-16,405.0,248.0,0.0,,
2011-08-17,406.0,248.0,0.0,,
2011-08-18,407.0,246.0,0.0,,
2011-08-19,414.0,273.0,0.0,,
2011-08-20,411.0,267.0,0.0,,
2011-08-21,392.0,255.0,0.0,,
2011-08-22,400.0,258.0,0.0,,
2011-08-23,400.0,260.0,0.0,,
2011-08-24,401.0,224.0,14.0,,
2011-08-25,370.0,221.0,0.0,,
2011-08-26,392.0,230.0,0.0,,
2011-08-27,414.0,236.0,0.0,,
2011-08-28,414.0,215.0,0.0,,
2011-08-29,375.0,258.0,0.0,,
2011-08-30,394.0,255.0,0.0,,
2011-08-31,388.0,246.0,0.0,,
2011-09-01,388.0,226.0,0.0,,
2011-09-02,390.0,250.0,0.0,,
2011-09-03,354.0,216.0,0.0,,
2011-09-04,358.0,243.0,0.0,,
2011-09-05,312.0,161.0,0.0,,
2011-09-06,321.0,120.0,0.0,,
2011-09-07,332.0,127.0,0.0,,
2011-09-08,325.0,160.0,0.0,,
2011-09-09,331.0,110.0,0.0,,
2011-09-10,344.0,106.0,0.0,,
2011-09-11,373.0,170.0,0.0,,
2011-09-12,393.0,203.0,0.0,,
2011-09-13,405.0,213.0,0.0,,
2011-09-14,375.0,223.0,31.0,,
2011-09-15,302.0,200.0,0.0,,
2011-09-16,335.0,192.0,0.0,,
2011-09-17,346.0,216.0,0.0,,
2011-09-18,338.0,195.0,88.0,,
2011-09-19,308.0,180.0,68.0,,
2011-09-20,326.0,173.0,0.0,,
2011-09-21,340.0,206.0,0.0,,
2011-09-22,326.0,190.0,0.0,,
2011-09-23,286.0,153.0,0.0,,
2011-09-24,333.0,122.0,0.0,,
2011-09-25,381.0,231.0,0.0,,
2011-09-26,370.0,203.0,0.0,,
2011-09-27,360.0,208.0,0.0,,
2011-09-28,364.0,206.0,0.0,,
2011-09-29,374.0,217.0,0.0,,
2011-09-30,305.0,161.0,0.0,,
2011-10-01,291.0,96.0,0.0,,
2011-10-02,288.0,147.0,0.0,,
2011-10-03,298.0,120.0,0.0,,
2011-10-04,304.0,111.0,0.0,,
2011-10-05,312.0,137.0,0.0,,
2011-10-06,323.0,164.0,0.0,,
2011-10-07,323.0,204.0,0.0,,
2011-10-08,324.0,208.0,0.0,,
2011-10-09,275.0,194.0,110.0,,
2011-10-10,280.0,187.0,0.0,,
2011-10-11,307.0,156.0,0.0,,
2011-10-12,249.0,167.0,120.0,,
2011-10-13,272.0,132.0,0.0,,
2011-10-14,311.0,100.0,0.0,,
2011-10-15,310.0,127.0,0.0,,
2011-10-16,307.0,154.0,0.0,,
2011-10-17,308.0,177.0,12.0,,
2011-10-18,213.0,82.0,123.0,,
2011-10-19,203.0,54.0,0.0,,
2011-10-20,232.0,26.0,0.0,,
2011-10-21,294.0,123.0,0.0,,
2011-10-22,300.0,165.0,0.0,,
2011-10-23,273.0,158.0,150.0,,
2011-10-24,286.0,140.0,0.0,,
2011-10-25,290.0,193.0,0.0,,
2011-10-26,294.0,199.0,0.0,,
2011-10-27,217.0,116.0,34.0,,
2011-10-28,164.0,53.0,0.0,,
2011-10-29,192.0,12.0,0.0,,
2011-10-30,212.0,65.0,0.0,,
2011-10-31,245.0,58.0,0.0,,
2011-11-01,253.0,103.0,0.0,,
2011-11-02,269.0,119.0,0.0,,
2011-11-03,157.0,15.0,0.0,,
2011-11-04,191.0,-15.0,0.0,,
2011-11-05,222.0,75.0,0.0,,
2011-11-06,256.0,176.0,0.0,,
2011-11-07,256.0,202.0,0.0,,
2011-11-08,275.0,109.0,17.0,,
2011-11-09,166.0,59.0,0.0,,
2011-11-10,179.0,13.0,0.0,,
2011-11-11,202.0,0.0,0.0,,
2011-11-12,252.0,117.0,0.0,,
2011-11-13,291.0,179.0,0.0,,
2011-11-14,289.0,213.0,0.0,,
2011-11-15,247.0,167.0,23.0,,
2011-11-16,227.0,121.0,0.0,,
2011-11-17,161.0,36.0,0.0,,
2011-11-18,196.0,37.0,0.0,,
2011-11-19,257.0,165.0,0.0,,
2011-11-20,293.0,219.0,0.0,,
2011-11-21,270.0,137.0,99.0,,
2011-11-22,225.0,75.0,475.0,,
2011-11-23,199.0,46.0,0.0,,
2011-11-24,121.0,54.0,0.0,,
2011-11-25,229.0,48.0,0.0,,
2011-11-26,185.0,88.0,112.0,,
2011-11-27,100.0,-12.0,0.0,,
2011-11-28,120.0,-42.0,0.0,,
2011-11-29,158.0,-15.0,0.0,,
2011-11-30,158.0,-6.0,0.0,,
2011-12-01,214.0,61.0,0.0,,
2011-12-02,212.0,121.0,0.0,,
2011-12-03,231.0,133.0,0.0,,
2011-12-04,172.0,66.0,336.0,,
2011-12-05,76.0,20.0,132.0,,
2011-12-06,25.0,-8.0,0.0,,
2011-12-07,70.0,-50.0,0.0,,
2011-12-08,115.0,-32.0,0.0,,
2011-12-09,158.0,32.0,0.0,,
2011-12-10,139.0,39.0,0.0,,
2011-12-11,129.0,18.0,0.0,,
2011-12-12,159.0,65.0,0.0,,
2011-12-13,200.0,106.0,0.0,,
2011-12-14,225.0,161.0,0.0,,
2011-12-15,204.0,101.0,272.0,,
2011-12-16,143.0,62.0,50.0,,
2011-12-17,152.0,19.0,0.0,,
2011-12-18,160.0,19.0,0.0,,
2011-12-19,201.0,102.0,295.0,,
2011-12-20,129.0,56.0,2.0,,
2011-12-21,93.0,34.0,9.0,,
2011-12-22,128.0,66.0,216.0,,
2011-12-23,91.0,46.0,0.0,,
2011-12-24,76.0,50.0,145.0,,
2011-12-25,,,41.0,,
2011-12-26,,,39.0,,
2011-12-27,,,0.0,,
2011-12-28,152.0,-4.0,0.0,,
2011-12-29,123.0,43.0,0.0,,
2011-12-30,215.0,38.0,0.0,,
2011-12-31,204.0,34.0,0.0,,
2012-01-01,159.0,52.0,0.0,,
2012-01-02,123.0,-7.0,0.0,,
2012-01-03,138.0,-33.0,0.0,,
2012-01-04,189.0,31.0,0.0,,
2012-01-05,195.0,2.0,0.0,,
2012-01-06,237.0,109.0,0.0,,
2012-01-07,189.0,76.0,0.0,,
2012-01-08,195.0,78.0,143.0,,
2012-01-09,137.0,90.0,195.0,,
2012-01-10,91.0,67.0,9.0,,
2012-01-11,184.0,10.0,0.0,,
2012-01-12,81.0,-43.0,0.0,,
2012-01-13,130.0,-49.0,0.0,,
2012-01-14,186.0,-2.0,0.0,,
2012-01-15,189.0,34.0,0.0,,
2012-01-16,232.0,158.0,0.0,,
2012-01-17,214.0,44.0,20.0,,
2012-01-18,146.0,-21.0,0.0,,
2012-01-19,235.0,66.0,0.0,,
2012-01-20,252.0,152.0,0.0,,
2012-01-21,209.0,65.0,0.0,,
2012-01-22,254.0,104.0,0.0,,
2012-01-23,185.0,50.0,0.0,,
2012-01-24,200.0,90.0,42.0,,
2012-01-25,182.0,90.0,553.0,,
2012-01-27,201.0,15.0,0.0,,
2012-01-28,135.0,40.0,0.0,,
2012-01-29,181.0,-15.0,0.0,,
2012-01-30,207.0,48.0,0.0,,
2012-01-31,214.0,148.0,22.0,,
2012-02-01,243.0,143.0,0.0,,
2012-02-02,202.0,115.0,300.0,,
2012-02-03,246.0,167.0,50.0,,
2012-02-04,201.0,75.0,79.0,,
2012-02-05,99.0,24.0,0.0,,
2012-02-06,135.0,4.0,0.0,,
2012-02-07,148.0,55.0,3.0,,
2012-02-08,129.0,29.0,0.0,,
2012-02-09,148.0,-9.0,0.0,,
2012-02-10,150.0,37.0,28.0,,
2012-02-11,77.0,-4.0,0.0,,
2012-02-12,98.0,-22.0,0.0,,
2012-02-13,87.0,23.0,73.0,,
2012-02-14,157.0,83.0,0.0,,
2012-02-15,212.0,113.0,0.0,,
2012-02-16,149.0,66.0,0.0,,
2012-02-17,171.0,106.0,60.0,,
2012-02-18,128.0,78.0,564.0,,
2012-02-19,157.0,74.0,0.0,,
2012-02-20,170.0,70.0,9.0,,
2012-02-21,226.0,35.0,0.0,,
2012-02-22,274.0,145.0,0.0,,
2012-02-23,298.0,163.0,0.0,,
2012-02-24,163.0,33.0,0.0,,
2012-02-25,161.0,-2.0,0.0,,
2012-02-26,191.0,34.0,0.0,,
2012-02-27,227.0,142.0,0.0,,
2012-02-28,248.0,167.0,0.0,,
2012-02-29,227.0,142.0,7.0,,
2012-03-01,263.0,123.0,0.0,,
2012-03-02,249.0,132.0,0.0,,
2012-03-03,168.0,38.0,0.0,,
2012-03-04,223.0,13.0,0.0,,
2012-03-05,250.0,63.0,0.0,,
2012-03-06,233.0,132.0,0.0,,
2012-03-07,228.0,176.0,5.0,,
2012-03-08,220.0,112.0,133.0,,
2012-03-09,112.0,58.0,84.0,,
2012-03-10,118.0,89.0,201.0,,
2012-03-11,161.0,117.0,237.0,,
2012-03-12,249.0,121.0,0.0,,
2012-03-13,269.0,182.0,0.0,,
2012-03-14,266.0,188.0,0.0,,
2012-03-15,267.0,186.0,0.0,,
2012-03-16,265.0,191.0,0.0,,
2012-03-17,279.0,193.0,0.0,,
2012-03-18,265.0,190.0,0.0,,
2012-03-19,274.0,212.0,0.0,,
2012-03-20,224.0,122.0,592.0,,
2012-03-21,192.0,102.0,0.0,,
2012-03-22,261.0,97.0,0.0,,
2012-03-23,245.0,68.0,0.0,,
2012-03-24,269.0,93.0,0.0,,
2012-03-25,286.0,116.0,0.0,,
2012-03-26,282.0,107.0,0.0,,
2012-03-27,262.0,150.0,0.0,,
2012-03-28,253.0,151.0,0.0,,
2012-03-29,227.0,180.0,41.0,,
2012-03-30,258.0,188.0,0.0,,
2012-03-31,290.0,183.0,0.0,,
2012-04-01,296.0,195.0,0.0,,
2012-04-02,265.0,192.0,0.0,,
2012-04-03,292.0,179.0,121.0,,
2012-04-04,253.0,155.0,2.0,,
2012-04-05,260.0,131.0,0.0,,
2012-04-06,266.0,128.0,0.0,,
2012-04-07,271.0,157.0,0.0,,
2012-04-08,273.0,151.0,690.0,,
2012-04-09,265.0,143.0,0.0,,
2012-04-10,274.0,161.0,0.0,,
2012-04-11,284.0,166.0,0.0,,
2012-04-12,257.0,171.0,0.0,,
2012-04-13,283.0,179.0,2.0,,
2012-04-14,282.0,215.0,0.0,,
2012-04-15,256.0,127.0,18.0,,
2012-04-16,249.0,113.0,0.0,,
2012-04-17,266.0,113.0,0.0,,
2012-04-18,260.0,98.0,0.0,,
2012-04-19,269.0,104.0,0.0,,
2012-04-20,210.0,134.0,10.0,,
2012-04-21,226.0,81.0,0.0,,
2012-04-22,286.0,81.0,0.0,,
2012-04-23,236.0,78.0,0.0,,
2012-04-24,286.0,76.0,0.0,,
2012-04-25,300.0,157.0,0.0,,
2012-04-26,314.0,188.0,2.0,,
2012-04-27,295.0,199.0,0.0,,
2012-04-28,309.0,194.0,2.0,,
2012-04-29,298.0,203.0,0.0,,
2012-04-30,295.0,219.0,0.0,,
2012-05-01,301.0,204.0,0.0,,
2012-05-02,314.0,204.0,0.0,,
2012-05-03,319.0,197.0,0.0,,
2012-05-04,315.0,201.0,28.0,,
2012-05-05,329.0,183.0,3.0,,
2012-05-06,308.0,226.0,0.0,,
2012-05-07,321.0,194.0,60.0,,
2012-05-08,262.0,173.0,34.0,,
2012-05-09,280.0,159.0,0.0,,
2012-05-10,275.0,135.0,0.0,,
2012-05-11,254.0,169.0,131.0,,
2012-05-12,259.0,162.0,3.0,,
2012-05-13,291.0,148.0,0.0,,
2012-05-14,287.0,147.0,0.0,,
2012-05-15,231.0,157.0,22.0,,
2012-05-16,299.0,143.0,0.0,,
2012-05-17,312.0,149.0,0.0,,
2012-05-18,314.0,187.0,0.0,,
2012-05-19,318.0,173.0,0.0,,
2012-05-20,315.0,174.0,3.0,,
2012-05-21,327.0,170.0,0.0,,
2012-05-22,336.0,170.0,0.0,,
2012-05-23,328.0,205.0,0.0,,
2012-05-24,333.0,215.0,0.0,,
2012-05-25,336.0,220.0,0.0,,
2012-05-26,338.0,227.0,0.0,,
2012-05-27,333.0,204.0,0.0,,
2012-05-28,333.0,207.0,2.0,,
2012-05-29,337.0,198.0,0.0,,
2012-05-30,337.0,229.0,0.0,,
2012-05-31,294.0,185.0,215.0,,
2012-06-01,306.0,167.0,0.0,,
2012-06-02,341.0,196.0,3.0,,
2012-06-03,346.0,221.0,2.0,,
2012-06-04,323.0,223.0,0.0,,
2012-06-05,354.0,216.0,0.0,,
2012-06-06,353.0,201.0,558.0,,
2012-06-07,253.0,197.0,0.0,,
2012-06-08,291.0,195.0,29.0,,
2012-06-09,323.0,192.0,0.0,,
2012-06-10,330.0,222.0,0.0,,
2012-06-11,350.0,251.0,0.0,,
2012-06-12,336.0,199.0,605.0,,
2012-06-13,313.0,192.0,0.0,,
2012-06-14,326.0,235.0,0.0,,
2012-06-15,332.0,233.0,0.0,,
2012-06-16,320.0,227.0,0.0,,
2012-06-17,319.0,216.0,0.0,,
2012-06-18,324.0,218.0,0.0,,
2012-06-19,306.0,231.0,2.0,,
2012-06-20,312.0,225.0,16.0,,
2012-06-21,327.0,208.0,0.0,,
2012-06-22,342.0,212.0,0.0,,
2012-06-23,338.0,218.0,0.0,,
2012-06-24,353.0,212.0,0.0,,
2012-06-25,374.0,217.0,0.0,,
2012-06-26,386.0,236.0,0.0,,
2012-06-27,365.0,256.0,0.0,,
2012-06-28,355.0,234.0,0.0,,
2012-06-29,346.0,227.0,0.0,,
2012-06-30,344.0,221.0,0.0,,
2012-07-01,314.0,236.0,0.0,,
2012-07-02,337.0,231.0,0.0,,
2012-07-03,345.0,237.0,0.0,,
2012-07-04,353.0,226.0,0.0,,
2012-07-05,356.0,225.0,0.0,,
2012-07-06,359.0,227.0,0.0,,
2012-07-07,364.0,226.0,3.0,,
2012-07-08,341.0,225.0,9.0,,
2012-07-09,344.0,228.0,90.0,,
2012-07-10,316.0,222.0,8.0,,
2012-07-11,282.0,229.0,121.0,,
2012-07-12,297.0,229.0,135.0,,
2012-07-13,308.0,225.0,0.0,,
2012-07-14,306.0,223.0,0.0,,
2012-07-15,304.0,219.0,2.0,,
2012-07-16,327.0,214.0,0.0,,
2012-07-17,340.0,224.0,0.0,,
2012-07-18,344.0,219.0,0.0,,
2012-07-19,351.0,233.0,0.0,,
2012-07-20,374.0,231.0,0.0,,
2012-07-21,393.0,226.0,276.0,,
2012-07-22,347.0,233.0,0.0,,
2012-07-23,330.0,242.0,0.0,,
2012-07-24,342.0,233.0,0.0,,
2012-07-25,347.0,243.0,0.0,,
2012-07-26,351.0,243.0,0.0,,
2012-07-27,343.0,235.0,0.0,,
2012-07-28,372.0,229.0,0.0,,
2012-07-29,387.0,221.0,0.0,,
2012-07-30,380.0,236.0,0.0,,
2012-07-31,384.0,229.0,0.0,,
2012-08-01,385.0,232.0,0.0,,
2012-08-02,377.0,224.0,0.0,,
2012-08-03,374.0,243.0,0.0,,
2012-08-04,370.0,239.0,0.0,,
2012-08-05,375.0,243.0,0.0,,
2012-08-06,375.0,231.0,0.0,,
2012-08-07,398.0,242.0,0.0,,
2012-08-08,379.0,240.0,122.0,,
2012-08-09,375.0,230.0,76.0,,
2012-08-10,376.0,247.0,0.0,,
2012-08-11,371.0,203.0,0.0,,
2012-08-12,369.0,235.0,0.0,,
2012-08-13,372.0,247.0,0.0,,
2012-08-14,385.0,240.0,0.0,,
2012-08-15,366.0,258.0,0.0,,
2012-08-16,369.0,262.0,0.0,,
2012-08-17,360.0,235.0,18.0,,
2012-08-18,280.0,206.0,171.0,,
2012-08-19,330.0,194.0,0.0,,
2012-08-20,332.0,185.0,0.0,,
2012-08-21,287.0,190.0,7.0,,
2012-08-22,335.0,188.0,0.0,,
2012-08-23,342.0,204.0,0.0,,
2012-08-24,334.0,219.0,0.0,,
2012-08-25,359.0,237.0,0.0,,
2012-08-26,352.0,228.0,0.0,,
2012-08-27,320.0,229.0,6.0,,
2012-08-28,356.0,231.0,0.0,,
2012-08-29,356.0,231.0,0.0,,
2012-08-30,358.0,242.0,0.0,,
2012-08-31,389.0,243.0,14.0,,
2012-09-01,369.0,256.0,0.0,,
2012-09-02,371.0,238.0,0.0,,
2012-09-03,376.0,236.0,0.0,,
2012-09-04,381.0,242.0,0.0,,
2012-09-05,387.0,224.0,0.0,,
2012-09-06,390.0,223.0,0.0,,
2012-09-07,391.0,234.0,0.0,,
2012-09-08,302.0,205.0,0.0,,
2012-09-09,318.0,145.0,0.0,,
2012-09-10,333.0,139.0,0.0,,
2012-09-11,336.0,153.0,0.0,,
2012-09-12,356.0,199.0,0.0,,
2012-09-13,340.0,210.0,37.0,,
2012-09-14,263.0,207.0,0.0,,
2012-09-15,275.0,189.0,0.0,,
2012-09-16,219.0,188.0,178.0,,
2012-09-17,260.0,194.0,31.0,,
2012-09-18,292.0,179.0,0.0,,
2012-09-19,292.0,139.0,0.0,,
2012-09-20,315.0,130.0,0.0,,
2012-09-21,321.0,164.0,0.0,,
2012-09-22,337.0,163.0,0.0,,
2012-09-23,346.0,183.0,0.0,,
2012-09-24,337.0,195.0,0.0,,
2012-09-25,338.0,207.0,0.0,,
2012-09-26,333.0,208.0,0.0,,
2012-09-27,317.0,203.0,0.0,,
2012-09-28,327.0,191.0,0.0,,
2012-09-29,255.0,196.0,902.0,,
2012-09-30,197.0,142.0,141.0,,
2012-10-01,282.0,117.0,0.0,,
2012-10-02,258.0,155.0,7.0,,
2012-10-03,280.0,131.0,0.0,,
2012-10-04,300.0,180.0,0.0,,
2012-10-05,303.0,193.0,0.0,,
2012-10-06,196.0,108.0,0.0,,
2012-10-07,128.0,90.0,0.0,,
2012-10-08,193.0,76.0,0.0,,
2012-10-09,258.0,104.0,0.0,,
2012-10-10,296.0,204.0,0.0,,
2012-10-11,294.0,207.0,21.0,,
2012-10-12,299.0,205.0,0.0,,
2012-10-13,299.0,210.0,23.0,,
2012-10-14,292.0,161.0,34.0,,
2012-10-15,274.0,113.0,0.0,,
2012-10-16,203.0,141.0,20.0,,
2012-10-17,299.0,167.0,0.0,,
2012-10-18,245.0,83.0,0.0,,
2012-10-19,249.0,54.0,0.0,,
2012-10-20,283.0,103.0,2.0,,
2012-10-21,303.0,213.0,0.0,,
2012-10-22,284.0,213.0,0.0,,
2012-10-23,285.0,203.0,0.0,,
2012-10-24,285.0,187.0,0.0,,
2012-10-25,295.0,138.0,5.0,,
2012-10-26,138.0,67.0,21.0,,
2012-10-27,154.0,33.0,0.0,,
2012-10-28,175.0,22.0,0.0,,
2012-10-29,199.0,10.0,0.0,,
2012-10-30,227.0,44.0,0.0,,
2012-10-31,278.0,98.0,0.0,,
2012-11-01,296.0,89.0,2.0,,
2012-11-02,285.0,140.0,0.0,,
2012-11-03,275.0,143.0,10.0,,
2012-11-04,259.0,115.0,0.0,,
2012-11-05,247.0,128.0,0.0,,
2012-11-06,210.0,55.0,0.0,,
2012-11-07,240.0,53.0,0.0,,
2012-11-08,251.0,89.0,2.0,,
2012-11-09,272.0,149.0,0.0,,
2012-11-10,266.0,162.0,0.0,,
2012-11-11,257.0,123.0,99.0,,
2012-11-12,146.0,14.0,0.0,,
2012-11-13,139.0,-1.0,0.0,,
2012-11-14,165.0,35.0,0.0,,
2012-11-15,177.0,0.0,0.0,,
2012-11-16,174.0,12.0,0.0,,
2012-11-17,201.0,-8.0,0.0,,
2012-11-18,214.0,54.0,0.0,,
2012-11-19,230.0,110.0,0.0,,
2012-11-20,258.0,119.0,0.0,,
2012-11-21,262.0,88.0,3.0,,
2012-11-22,240.0,102.0,0.0,,
2012-11-23,208.0,74.0,0.0,,
2012-11-24,156.0,-2.0,0.0,,
2012-11-25,227.0,37.0,0.0,,
2012-11-26,275.0,114.0,0.0,,
2012-11-27,155.0,32.0,0.0,,
2012-11-28,181.0,-10.0,0.0,,
2012-11-29,199.0,44.0,0.0,,
2012-11-30,229.0,124.0,0.0,,
2012-12-01,269.0,185.0,0.0,,
2012-12-02,263.0,192.0,0.0,,
2012-12-03,272.0,192.0,2.0,,
2012-12-04,237.0,133.0,0.0,,
2012-12-05,185.0,82.0,2.0,,
2012-12-06,204.0,78.0,0.0,,
2012-12-07,235.0,150.0,0.0,,
2012-12-08,234.0,156.0,5.0,,
2012-12-09,253.0,114.0,0.0,,
2012-12-10,114.0,-17.0,22.0,,
2012-12-11,113.0,-53.0,3.0,,
2012-12-12,138.0,-44.0,0.0,,
2012-12-13,174.0,-9.0,0.0,,
2012-12-14,178.0,39.0,0.0,,
2012-12-15,207.0,134.0,102.0,,
2012-12-16,177.0,100.0,3.0,,
2012-12-17,167.0,58.0,0.0,,
2012-12-18,254.0,68.0,0.0,,
2012-12-19,261.0,143.0,62.0,,
2012-12-20,169.0,-2.0,0.0,,
2012-12-21,169.0,-41.0,0.0,,
2012-12-22,195.0,11.0,0.0,,
2012-12-23,227.0,124.0,0.0,,
2012-12-24,163.0,8.0,0.0,,
2012-12-25,142.0,-6.0,239.0,,
2012-12-26,27.0,-29.0,0.0,,
2012-12-27,97.0,-31.0,30.0,,
2012-12-28,69.0,14.0,40.0,,
2012-12-29,82.0,-27.0,0.0,,
2012-12-30,82.0,-43.0,0.0,,
2012-12-31,119.0,59.0,194.0,,
2013-01-01,107.0,48.0,36.0,,
2013-01-02,48.0,11.0,0.0,,
2013-01-03,108.0,-34.0,0.0,,
2013-01-04,103.0,39.0,14.0,,
2013-01-05,116.0,20.0,0.0,,
2013-01-06,153.0,-6.0,0.0,,
2013-01-07,137.0,-18.0,0.0,,
2013-01-08,153.0,72.0,131.0,,
2013-01-09,170.0,143.0,570.0,,
2013-01-10,179.0,70.0,8.0,,
2013-01-11,230.0,81.0,0.0,,
2013-01-12,221.0,47.0,121.0,,
2013-01-13,90.0,11.0,32.0,,
2013-01-14,77.0,0.0,0.0,,
2013-01-15,19.0,-5.0,67.0,,
2013-01-16,81.0,-26.0,0.0,,
2013-01-17,166.0,-32.0,0.0,,
2013-01-18,167.0,33.0,0.0,,
2013-01-19,174.0,28.0,0.0,,
2013-01-20,200.0,73.0,0.0,,
2013-01-21,182.0,72.0,0.0,,
2013-01-22,192.0,55.0,0.0,,
2013-01-23,229.0,90.0,0.0,,
2013-01-24,225.0,130.0,0.0,,
2013-01-25,215.0,111.0,0.0,,
2013-01-26,136.0,115.0,4.0,,
2013-01-27,244.0,122.0,0.0,,
2013-01-28,265.0,192.0,0.0,,
2013-01-29,251.0,123.0,119.0,,
2013-01-30,124.0,5.0,0.0,,
2013-01-31,,,0.0,,
2013-02-01,191.0,55.0,0.0,,
2013-02-02,216.0,79.0,0.0,,
2013-02-03,209.0,25.0,0.0,,
2013-02-04,194.0,113.0,5.0,,
2013-02-05,226.0,158.0,0.0,,
2013-02-06,178.0,156.0,29.0,,
2013-02-07,198.0,137.0,0.0,,
2013-02-08,181.0,90.0,0.0,,
2013-02-09,172.0,69.0,4.0,,
2013-02-10,190.0,118.0,566.0,,
2013-02-11,138.0,93.0,90.0,,
2013-02-12,124.0,76.0,31.0,,
2013-02-13,103.0,24.0,0.0,,
2013-02-14,182.0,4.0,0.0,,
2013-02-15,126.0,43.0,0.0,,
2013-02-16,127.0,-22.0,0.0,,
2013-02-17,209.0,38.0,0.0,,
2013-02-18,247.0,116.0,48.0,,
2013-02-19,176.0,52.0,0.0,,
2013-02-20,117.0,83.0,2.0,,
2013-02-21,215.0,82.0,42.0,,
2013-02-22,142.0,51.0,0.0,,
2013-02-23,157.0,9.0,0.0,,
2013-02-24,211.0,52.0,0.0,,
2013-02-25,184.0,63.0,15.0,,
2013-02-26,141.0,42.0,0.0,,
2013-02-27,155.0,15.0,0.0,,
2013-02-28,135.0,10.0,0.0,,
2013-03-01,137.0,-15.0,0.0,,
2013-03-02,106.0,-1.0,0.0,,
2013-03-03,193.0,-16.0,0.0,,
2013-03-04,250.0,118.0,0.0,,
2013-03-05,178.0,49.0,0.0,,
2013-03-06,171.0,5.0,0.0,,
2013-03-07,210.0,51.0,0.0,,
2013-03-08,199.0,101.0,0.0,,
2013-03-09,239.0,148.0,0.0,,
2013-03-10,191.0,49.0,204.0,,
2013-03-11,134.0,6.0,0.0,,
2013-03-12,208.0,1.0,0.0,,
2013-03-13,212.0,67.0,0.0,,
2013-03-14,234.0,86.0,0.0,,
2013-03-15,257.0,95.0,0.0,,
2013-03-16,266.0,155.0,0.0,,
2013-03-17,257.0,176.0,0.0,,
2013-03-18,268.0,143.0,0.0,,
2013-03-19,229.0,102.0,68.0,,
2013-03-20,209.0,88.0,9.0,,
2013-03-21,213.0,101.0,0.0,,
2013-03-22,258.0,110.0,0.0,,
2013-03-23,134.0,98.0,94.0,,
2013-03-24,132.0,14.0,0.0,,
2013-03-25,131.0,1.0,0.0,,
2013-03-26,139.0,-22.0,0.0,,
2013-03-27,207.0,20.0,0.0,,
2013-03-28,213.0,102.0,0.0,,
2013-03-29,230.0,146.0,0.0,,
2013-03-30,253.0,143.0,145.0,,
2013-03-31,237.0,141.0,214.0,,
2013-04-01,268.0,116.0,0.0,,
2013-04-02,251.0,127.0,0.0,,
2013-04-03,127.0,81.0,84.0,,
2013-04-04,95.0,58.0,0.0,,
2013-04-05,207.0,32.0,0.0,,
2013-04-06,239.0,97.0,0.0,,
2013-04-07,240.0,148.0,0.0,,
2013-04-08,257.0,180.0,0.0,,
2013-04-09,296.0,195.0,0.0,,
2013-04-10,229.0,57.0,74.0,,
2013-04-11,171.0,38.0,2.0,,
2013-04-12,247.0,32.0,0.0,,
2013-04-13,258.0,109.0,0.0,,
2013-04-14,267.0,106.0,0.0,,
2013-04-15,293.0,204.0,0.0,,
2013-04-16,307.0,222.0,0.0,,
2013-04-17,293.0,226.0,0.0,,
2013-04-18,237.0,78.0,252.0,,
2013-04-19,160.0,21.0,0.0,,
2013-04-20,219.0,23.0,0.0,,
2013-04-21,226.0,69.0,0.0,,
2013-04-22,252.0,98.0,0.0,,
2013-04-23,255.0,74.0,19.0,,
2013-04-24,172.0,54.0,0.0,,
2013-04-25,228.0,104.0,4.0,,
2013-04-26,269.0,157.0,0.0,,
2013-04-27,275.0,188.0,0.0,,
2013-04-28,283.0,142.0,0.0,,
2013-04-29,283.0,152.0,0.0,,
2013-04-30,277.0,154.0,0.0,,
2013-05-01,285.0,173.0,0.0,,
2013-05-02,193.0,63.0,6.0,,
2013-05-03,185.0,54.0,0.0,,
2013-05-04,239.0,23.0,0.0,,
2013-05-05,194.0,49.0,0.0,,
2013-05-06,249.0,53.0,0.0,,
2013-05-07,289.0,134.0,0.0,,
2013-05-08,296.0,157.0,0.0,,
2013-05-09,238.0,172.0,60.0,,
2013-05-10,276.0,174.0,13.0,,
2013-05-11,267.0,137.0,0.0,,
2013-05-12,252.0,123.0,0.0,,
2013-05-13,289.0,81.0,0.0,,
2013-05-14,294.0,137.0,0.0,,
2013-05-15,216.0,195.0,239.0,,
2013-05-16,267.0,167.0,125.0,,
2013-05-17,317.0,223.0,0.0,,
2013-05-18,330.0,221.0,0.0,,
2013-05-19,325.0,221.0,0.0,,
2013-05-20,314.0,221.0,0.0,,
2013-05-21,307.0,184.0,242.0,,
2013-05-22,295.0,162.0,0.0,,
2013-05-23,306.0,218.0,0.0,,
2013-05-24,305.0,207.0,4.0,,
2013-05-25,306.0,203.0,0.0,,
2013-05-26,305.0,226.0,2.0,,
2013-05-27,310.0,206.0,0.0,,
2013-05-28,309.0,220.0,0.0,,
2013-05-29,298.0,235.0,0.0,,
2013-05-30,315.0,239.0,0.0,,
2013-05-31,328.0,247.0,0.0,,
2013-06-01,335.0,236.0,8.0,,
2013-06-02,288.0,180.0,16.0,,
2013-06-03,313.0,139.0,0.0,,
2013-06-04,331.0,209.0,0.0,,
2013-06-05,337.0,204.0,0.0,,
2013-06-06,285.0,191.0,371.0,,
2013-06-07,284.0,171.0,0.0,,
2013-06-08,303.0,155.0,0.0,,
2013-06-09,318.0,212.0,0.0,,
2013-06-10,339.0,201.0,0.0,,
2013-06-11,333.0,226.0,0.0,,
2013-06-12,333.0,237.0,0.0,,
2013-06-13,346.0,231.0,0.0,,
2013-06-14,352.0,219.0,0.0,,
2013-06-15,330.0,206.0,4.0,,
2013-06-16,346.0,243.0,0.0,,
2013-06-17,339.0,248.0,0.0,,
2013-06-18,295.0,216.0,19.0,,
2013-06-19,341.0,208.0,0.0,,
2013-06-20,358.0,237.0,0.0,,
2013-06-21,350.0,230.0,0.0,,
2013-06-22,351.0,230.0,0.0,,
2013-06-23,353.0,226.0,0.0,,
2013-06-24,359.0,232.0,0.0,,
2013-06-25,364.0,241.0,0.0,,
2013-06-26,371.0,240.0,0.0,,
2013-06-27,373.0,241.0,0.0,,
2013-06-28,399.0,233.0,0.0,,
2013-06-29,388.0,216.0,0.0,,
2013-06-30,347.0,194.0,0.0,,
2013-07-01,321.0,188.0,0.0,,
2013-07-02,331.0,167.0,0.0,,
2013-07-03,340.0,169.0,0.0,,
2013-07-04,329.0,196.0,0.0,,
2013-07-05,351.0,178.0,0.0,,
2013-07-06,362.0,219.0,0.0,,
2013-07-07,367.0,220.0,0.0,,
2013-07-08,344.0,232.0,0.0,,
2013-07-09,371.0,229.0,0.0,,
2013-07-10,381.0,240.0,0.0,,
2013-07-11,377.0,222.0,34.0,,
2013-07-12,378.0,216.0,0.0,,
2013-07-13,374.0,241.0,0.0,,
2013-07-14,261.0,216.0,31.0,,
2013-07-15,264.0,204.0,75.0,,
2013-07-16,315.0,218.0,328.0,,
2013-07-17,331.0,225.0,62.0,,
2013-07-18,343.0,217.0,0.0,,
2013-07-19,273.0,213.0,190.0,,
2013-07-20,337.0,212.0,0.0,,
2013-07-21,347.0,226.0,0.0,,
2013-07-22,354.0,245.0,0.0,,
2013-07-23,354.0,250.0,0.0,,
2013-07-24,331.0,239.0,0.0,,
2013-07-25,345.0,232.0,0.0,,
2013-07-26,336.0,249.0,0.0,,
2013-07-27,290.0,207.0,0.0,,
2013-07-28,339.0,190.0,0.0,,
2013-07-29,364.0,241.0,0.0,,
2013-07-30,372.0,244.0,0.0,,
2013-07-31,367.0,237.0,0.0,,
2013-08-01,381.0,248.0,0.0,,
2013-08-02,377.0,249.0,0.0,,
2013-08-03,372.0,234.0,0.0,,
2013-08-04,371.0,245.0,0.0,,
2013-08-05,380.0,251.0,0.0,,
2013-08-06,386.0,244.0,0.0,,
2013-08-07,391.0,248.0,0.0,,
2013-08-08,386.0,236.0,0.0,,
2013-08-09,382.0,238.0,0.0,,
2013-08-10,394.0,240.0,10.0,,
2013-08-11,374.0,234.0,0.0,,
2013-08-12,364.0,239.0,0.0,,
2013-08-13,380.0,247.0,28.0,,
2013-08-14,337.0,238.0,14.0,,
2013-08-15,321.0,228.0,0.0,,
2013-08-16,321.0,206.0,0.0,,
2013-08-17,330.0,183.0,0.0,,
2013-08-18,337.0,177.0,0.0,,
2013-08-19,348.0,224.0,0.0,,
2013-08-20,358.0,204.0,0.0,,
2013-08-21,346.0,214.0,0.0,,
2013-08-22,364.0,230.0,0.0,,
2013-08-23,377.0,232.0,0.0,,
2013-08-24,370.0,221.0,0.0,,
2013-08-25,364.0,225.0,0.0,,
2013-08-26,346.0,224.0,0.0,,
2013-08-27,350.0,217.0,0.0,,
2013-08-28,358.0,206.0,0.0,,
2013-08-29,387.0,223.0,0.0,,
2013-08-30,389.0,244.0,0.0,,
2013-08-31,389.0,242.0,0.0,,
2013-09-01,384.0,247.0,0.0,,
2013-09-02,376.0,240.0,0.0,,
2013-09-03,386.0,226.0,2.0,,
2013-09-04,375.0,223.0,0.0,,
2013-09-05,367.0,224.0,0.0,,
2013-09-06,380.0,219.0,0.0,,
2013-09-07,377.0,219.0,0.0,,
2013-09-08,361.0,195.0,0.0,,
2013-09-09,350.0,197.0,0.0,,
2013-09-10,339.0,224.0,0.0,,
2013-09-11,364.0,219.0,138.0,,
2013-09-12,353.0,216.0,0.0,,
2013-09-13,371.0,208.0,0.0,,
2013-09-14,347.0,232.0,0.0,,
2013-09-15,347.0,228.0,0.0,,
2013-09-16,349.0,226.0,0.0,,
2013-09-17,346.0,221.0,0.0,,
2013-09-18,360.0,233.0,0.0,,
2013-09-19,336.0,239.0,37.0,,
2013-09-20,247.0,213.0,979.0,,
2013-09-21,285.0,183.0,0.0,,
2013-09-22,283.0,131.0,0.0,,
2013-09-23,302.0,153.0,0.0,,
2013-09-24,341.0,181.0,0.0,,
2013-09-25,337.0,142.0,0.0,,
2013-09-26,332.0,193.0,0.0,,
2013-09-27,314.0,197.0,0.0,,
2013-09-28,303.0,216.0,446.0,,
2013-09-29,236.0,198.0,9.0,,
2013-09-30,293.0,201.0,0.0,,
2013-10-01,310.0,229.0,0.0,,
2013-10-02,302.0,226.0,0.0,,
2013-10-03,310.0,226.0,0.0,,
2013-10-04,310.0,218.0,0.0,,
2013-10-05,310.0,144.0,0.0,,
2013-10-06,242.0,94.0,0.0,,
2013-10-07,263.0,69.0,0.0,,
2013-10-08,256.0,95.0,0.0,,
2013-10-09,272.0,116.0,0.0,,
2013-10-10,281.0,153.0,0.0,,
2013-10-11,298.0,183.0,0.0,,
2013-10-12,279.0,190.0,217.0,,
2013-10-13,231.0,203.0,10.0,,
2013-10-14,254.0,213.0,0.0,,
2013-10-15,269.0,167.0,51.0,,
2013-10-16,167.0,129.0,243.0,,
2013-10-17,217.0,101.0,0.0,,
2013-10-18,216.0,104.0,0.0,,
2013-10-19,185.0,58.0,0.0,,
2013-10-20,213.0,39.0,0.0,,
2013-10-21,246.0,132.0,19.0,,
2013-10-22,225.0,105.0,0.0,,
2013-10-23,268.0,87.0,0.0,,
2013-10-24,270.0,102.0,0.0,,
2013-10-25,211.0,113.0,0.0,,
2013-10-26,256.0,118.0,85.0,,
2013-10-27,196.0,142.0,110.0,,
2013-10-28,260.0,134.0,0.0,,
2013-10-29,260.0,195.0,0.0,,
2013-10-30,219.0,182.0,1426.0,,
2013-10-31,256.0,115.0,690.0,,
2013-11-01,239.0,79.0,0.0,,
2013-11-02,204.0,67.0,0.0,,
2013-11-03,184.0,48.0,0.0,,
2013-11-04,185.0,127.0,10.0,,
2013-11-05,219.0,169.0,79.0,,
2013-11-06,211.0,80.0,199.0,,
2013-11-07,170.0,40.0,0.0,,
2013-11-08,179.0,55.0,0.0,,
2013-11-09,159.0,105.0,0.0,,
2013-11-10,212.0,83.0,0.0,,
2013-11-11,217.0,64.0,0.0,,
2013-11-12,134.0,24.0,0.0,,
2013-11-13,119.0,-16.0,0.0,,
2013-11-14,159.0,-20.0,0.0,,
2013-11-15,225.0,91.0,8.0,,
2013-11-16,246.0,172.0,0.0,,
2013-11-17,293.0,191.0,0.0,,
2013-11-18,237.0,150.0,0.0,,
2013-11-19,,,0.0,,
2013-11-20,172.0,69.0,0.0,,
2013-11-21,241.0,172.0,15.0,,
2013-11-22,217.0,36.0,1036.0,,
2013-11-23,71.0,39.0,204.0,,
2013-11-24,62.0,15.0,19.0,,
2013-11-25,36.0,16.0,387.0,,
2013-11-26,76.0,24.0,45.0,,
2013-11-27,82.0,-26.0,0.0,,
2013-11-28,110.0,-26.0,0.0,,
2013-11-29,149.0,-12.0,0.0,,
2013-11-30,165.0,58.0,0.0,,
2013-12-01,205.0,130.0,0.0,,
2013-12-02,222.0,108.0,0.0,,
2013-12-03,270.0,106.0,0.0,,
2013-12-04,254.0,166.0,0.0,,
2013-12-05,205.0,2.0,5.0,,
2013-12-06,16.0,-22.0,48.0,,
2013-12-07,5.0,-24.0,0.0,,
2013-12-08,40.0,-3.0,0.0,,
2013-12-09,41.0,0.0,10.0,,
2013-12-10,61.0,-44.0,0.0,,
2013-12-11,113.0,-39.0,0.0,,
2013-12-12,117.0,-20.0,0.0,,
2013-12-13,79.0,29.0,223.0,,
2013-12-14,92.0,7.0,0.0,,
2013-12-15,126.0,-32.0,0.0,,
2013-12-16,178.0,1.0,0.0,,
2013-12-17,207.0,36.0,0.0,,
2013-12-18,197.0,33.0,0.0,,
2013-12-19,233.0,116.0,0.0,,
2013-12-20,233.0,194.0,0.0,,
2013-12-21,223.0,52.0,502.0,,
2013-12-22,114.0,1.0,0.0,,
2013-12-23,92.0,-29.0,0.0,,
2013-12-24,121.0,-34.0,0.0,,
2013-12-25,130.0,18.0,0.0,,
2013-12-26,139.0,4.0,0.0,,
2013-12-27,145.0,12.0,0.0,,
2013-12-28,141.0,19.0,0.0,,
2013-12-29,140.0,22.0,0.0,,
2013-12-30,41.0,4.0,0.0,,
2013-12-31,120.0,-20.0,0.0,,
2014-01-01,173.0,0.0,0.0,,
2014-01-02,123.0,-25.0,0.0,,
2014-01-03,109.0,-46.0,0.0,,
2014-01-04,196.0,31.0,0.0,,
2014-01-05,174.0,-39.0,2.0,,
2014-01-06,-10.0,-85.0,0.0,,
2014-01-07,61.0,-83.0,0.0,,
2014-01-08,112.0,34.0,0.0,,
2014-01-09,154.0,76.0,48.0,,
2014-01-10,188.0,150.0,18.0,,
2014-01-11,198.0,60.0,0.0,,
2014-01-12,211.0,58.0,0.0,,
2014-01-13,182.0,37.0,0.0,,
2014-01-14,208.0,9.0,0.0,,
2014-01-15,119.0,-17.0,0.0,,
2014-01-16,186.0,31.0,0.0,,
2014-01-17,120.0,4.0,0.0,,
2014-01-18,189.0,-5.0,0.0,,
2014-01-19,165.0,-4.0,0.0,,
2014-01-20,234.0,58.0,0.0,,
2014-01-21,137.0,-13.0,0.0,,
2014-01-22,173.0,-29.0,0.0,,
2014-01-23,96.0,-20.0,18.0,,
2014-01-24,44.0,-36.0,0.0,,
2014-01-25,157.0,-39.0,0.0,,
2014-01-26,213.0,73.0,0.0,,
2014-01-27,119.0,11.0,0.0,,
2014-01-28,39.0,-17.0,0.0,,
2014-01-29,63.0,-65.0,0.0,,
2014-01-30,127.0,-28.0,0.0,,
2014-01-31,222.0,112.0,0.0,,
2014-02-01,196.0,75.0,61.0,,
2014-02-02,75.0,5.0,177.0,,
2014-02-03,55.0,4.0,0.0,,
2014-02-04,78.0,13.0,109.0,,
2014-02-05,35.0,-22.0,0.0,,
2014-02-06,0.0,-48.0,0.0,,
2014-02-07,21.0,-21.0,7.0,,
2014-02-08,111.0,13.0,0.0,,
2014-02-09,169.0,56.0,0.0,,
2014-02-10,91.0,13.0,0.0,,
2014-02-11,22.0,-8.0,159.0,,
2014-02-12,89.0,-13.0,0.0,,
2014-02-13,164.0,-21.0,0.0,,
2014-02-14,222.0,68.0,0.0,,
2014-02-15,199.0,16.0,0.0,,
2014-02-16,238.0,93.0,0.0,,
2014-02-17,257.0,149.0,0.0,,
2014-02-18,252.0,128.0,0.0,,
2014-02-19,246.0,172.0,0.0,,
2014-02-20,266.0,92.0,0.0,,
2014-02-21,189.0,12.0,0.0,,
2014-02-22,222.0,65.0,0.0,,
2014-02-23,240.0,121.0,0.0,,
2014-02-24,188.0,99.0,0.0,,
2014-02-25,155.0,78.0,64.0,,
2014-02-26,78.0,-8.0,5.0,,
2014-02-27,126.0,-42.0,0.0,,
2014-02-28,209.0,45.0,0.0,,
2014-03-01,245.0,153.0,0.0,,
2014-03-02,207.0,-57.0,106.0,,
2014-03-03,-23.0,-71.0,0.0,,
2014-03-04,86.0,-35.0,0.0,,
2014-03-05,94.0,-19.0,0.0,,
2014-03-06,131.0,30.0,0.0,,
2014-03-07,187.0,-2.0,0.0,,
2014-03-08,143.0,49.0,98.0,,
2014-03-09,139.0,36.0,0.0,,
2014-03-10,226.0,34.0,0.0,,
2014-03-11,234.0,128.0,0.0,,
2014-03-12,163.0,50.0,0.0,,
2014-03-13,186.0,-6.0,0.0,,
2014-03-14,201.0,73.0,0.0,,
2014-03-15,195.0,132.0,124.0,,
2014-03-16,137.0,54.0,53.0,,
2014-03-17,154.0,48.0,0.0,,
2014-03-18,244.0,80.0,0.0,,
2014-03-19,178.0,78.0,0.0,,
2014-03-20,219.0,54.0,0.0,,
2014-03-21,250.0,105.0,0.0,,
2014-03-22,233.0,139.0,0.0,,
2014-03-23,139.0,90.0,31.0,,
2014-03-24,185.0,72.0,0.0,,
2014-03-25,180.0,51.0,0.0,,
2014-03-26,174.0,72.0,0.0,,
2014-03-27,207.0,135.0,100.0,,
2014-03-28,274.0,124.0,206.0,,
2014-03-29,230.0,90.0,0.0,,
2014-03-30,237.0,55.0,0.0,,
2014-03-31,255.0,125.0,0.0,,
2014-04-01,268.0,170.0,0.0,,
2014-04-02,274.0,205.0,0.0,,
2014-04-03,279.0,216.0,0.0,,
2014-04-04,226.0,107.0,10.0,,
2014-04-05,163.0,106.0,0.0,,
2014-04-06,126.0,90.0,257.0,,
2014-04-07,164.0,95.0,0.0,,
2014-04-08,205.0,76.0,0.0,,
2014-04-09,249.0,43.0,0.0,,
2014-04-10,274.0,129.0,0.0,,
2014-04-11,268.0,159.0,0.0,,
2014-04-12,278.0,178.0,0.0,,
2014-04-13,241.0,183.0,0.0,,
2014-04-14,228.0,39.0,113.0,,
2014-04-15,162.0,-7.0,0.0,,
2014-04-16,186.0,28.0,0.0,,
2014-04-17,215.0,109.0,0.0,,
2014-04-18,244.0,126.0,0.0,,
2014-04-19,256.0,101.0,0.0,,
2014-04-20,257.0,148.0,0.0,,
2014-04-21,254.0,166.0,44.0,,
2014-04-22,272.0,141.0,0.0,,
2014-04-23,287.0,139.0,0.0,,
2014-04-24,274.0,162.0,0.0,,
2014-04-25,279.0,133.0,0.0,,
2014-04-26,273.0,160.0,0.0,,
2014-04-27,288.0,226.0,0.0,,
2014-04-28,268.0,153.0,99.0,,
2014-04-29,248.0,114.0,0.0,,
2014-04-30,193.0,64.0,0.0,,
2014-05-01,228.0,41.0,0.0,,
2014-05-02,263.0,74.0,0.0,,
2014-05-03,294.0,109.0,0.0,,
2014-05-04,302.0,142.0,0.0,,
2014-05-05,289.0,138.0,0.0,,
2014-05-06,294.0,168.0,0.0,,
2014-05-07,283.0,176.0,0.0,,
2014-05-08,236.0,190.0,219.0,,
2014-05-09,294.0,177.0,284.0,,
2014-05-10,293.0,165.0,0.0,,
2014-05-11,302.0,219.0,0.0,,
2014-05-12,294.0,181.0,403.0,,
2014-05-13,190.0,134.0,255.0,,
2014-05-14,205.0,95.0,40.0,,
2014-05-15,254.0,67.0,0.0,,
2014-05-16,277.0,116.0,0.0,,
2014-05-17,279.0,143.0,0.0,,
2014-05-18,278.0,168.0,0.0,,
2014-05-19,281.0,184.0,0.0,,
2014-05-20,296.0,204.0,0.0,,
2014-05-21,297.0,203.0,0.0,,
2014-05-22,297.0,190.0,0.0,,
2014-05-23,274.0,194.0,0.0,,
2014-05-24,286.0,201.0,0.0,,
2014-05-25,295.0,206.0,41.0,,
2014-05-26,270.0,178.0,229.0,,
2014-05-27,230.0,183.0,126.0,,
2014-05-28,276.0,189.0,0.0,,
2014-05-29,290.0,168.0,0.0,,
2014-05-30,288.0,200.0,0.0,,
2014-05-31,290.0,215.0,6.0,,
2014-06-01,305.0,204.0,0.0,,
2014-06-02,310.0,229.0,0.0,,
2014-06-03,310.0,217.0,0.0,,
2014-06-04,311.0,222.0,0.0,,
2014-06-05,311.0,226.0,0.0,,
2014-06-06,315.0,229.0,0.0,,
2014-06-07,326.0,218.0,0.0,,
2014-06-08,312.0,233.0,0.0,,
2014-06-09,257.0,175.0,433.0,,
2014-06-10,275.0,181.0,0.0,,
2014-06-11,313.0,163.0,0.0,,
2014-06-12,271.0,217.0,335.0,,
2014-06-13,312.0,203.0,2.0,,
2014-06-14,313.0,211.0,0.0,,
2014-06-15,320.0,232.0,0.0,,
2014-06-16,319.0,239.0,0.0,,
2014-06-17,321.0,243.0,0.0,,
2014-06-18,320.0,219.0,78.0,,
2014-06-19,315.0,231.0,0.0,,
2014-06-20,318.0,221.0,0.0,,
2014-06-21,301.0,215.0,0.0,,
2014-06-22,266.0,230.0,29.0,,
2014-06-23,296.0,221.0,229.0,,
2014-06-24,319.0,211.0,255.0,,
2014-06-25,262.0,203.0,11.0,,
2014-06-26,296.0,216.0,0.0,,
2014-06-27,301.0,215.0,3.0,,
2014-06-28,316.0,241.0,0.0,,
2014-06-29,326.0,257.0,0.0,,
2014-06-30,321.0,246.0,0.0,,
2014-07-01,322.0,225.0,0.0,,
2014-07-02,330.0,232.0,0.0,,
2014-07-03,325.0,214.0,0.0,,
2014-07-04,309.0,200.0,0.0,,
2014-07-05,314.0,212.0,0.0,,
2014-07-06,320.0,214.0,0.0,,
2014-07-07,328.0,222.0,0.0,,
2014-07-08,331.0,226.0,0.0,,
2014-07-09,335.0,220.0,0.0,,
2014-07-10,334.0,211.0,0.0,,
2014-07-11,339.0,205.0,0.0,,
2014-07-12,349.0,216.0,0.0,,
2014-07-13,353.0,221.0,0.0,,
2014-07-14,356.0,221.0,0.0,,
2014-07-15,311.0,211.0,138.0,,
2014-07-16,312.0,201.0,0.0,,
2014-07-17,268.0,219.0,259.0,,
2014-07-18,238.0,195.0,56.0,,
2014-07-19,249.0,191.0,0.0,,
2014-07-20,312.0,177.0,0.0,,
2014-07-21,335.0,222.0,0.0,,
2014-07-22,338.0,234.0,0.0,,
2014-07-23,330.0,207.0,72.0,,
2014-07-24,321.0,196.0,0.0,,
2014-07-25,332.0,231.0,0.0,,
2014-07-26,339.0,234.0,0.0,,
2014-07-27,340.0,239.0,0.0,,
2014-07-28,348.0,226.0,66.0,,
2014-07-29,308.0,222.0,0.0,,
2014-07-30,316.0,229.0,0.0,,
2014-07-31,290.0,225.0,386.0,,
2014-08-01,244.0,206.0,0.0,,
2014-08-02,289.0,202.0,0.0,,
2014-08-03,311.0,211.0,0.0,,
2014-08-04,322.0,223.0,0.0,,
2014-08-05,328.0,226.0,0.0,,
2014-08-06,331.0,231.0,0.0,,
2014-08-07,335.0,242.0,0.0,,
2014-08-08,340.0,251.0,0.0,,
2014-08-09,341.0,243.0,0.0,,
2014-08-10,347.0,234.0,0.0,,
2014-08-11,347.0,226.0,4.0,,
2014-08-12,339.0,204.0,0.0,,
2014-08-13,317.0,181.0,0.0,,
2014-08-14,322.0,194.0,0.0,,
2014-08-15,339.0,219.0,0.0,,
2014-08-16,360.0,244.0,0.0,,
2014-08-17,326.0,257.0,0.0,,
2014-08-18,346.0,254.0,0.0,,
2014-08-19,356.0,231.0,0.0,,
2014-08-20,353.0,236.0,0.0,,
2014-08-21,356.0,248.0,0.0,,
2014-08-22,358.0,239.0,0.0,,
2014-08-23,353.0,225.0,0.0,,
2014-08-24,359.0,225.0,0.0,,
2014-08-25,368.0,224.0,0.0,,
2014-08-26,356.0,229.0,0.0,,
2014-08-27,351.0,212.0,0.0,,
2014-08-28,357.0,219.0,0.0,,
2014-08-29,338.0,226.0,156.0,,
2014-08-30,322.0,225.0,0.0,,
2014-08-31,334.0,229.0,0.0,,
2014-09-01,346.0,238.0,0.0,,
2014-09-02,342.0,242.0,43.0,,
2014-09-03,343.0,234.0,0.0,,
2014-09-04,347.0,234.0,0.0,,
2014-09-05,346.0,226.0,0.0,,
2014-09-06,355.0,219.0,60.0,,
2014-09-07,315.0,219.0,2.0,,
2014-09-08,333.0,215.0,0.0,,
2014-09-09,340.0,220.0,0.0,,
2014-09-10,352.0,243.0,0.0,,
2014-09-11,354.0,239.0,8.0,,
2014-09-12,320.0,190.0,123.0,,
2014-09-13,211.0,169.0,0.0,,
2014-09-14,276.0,166.0,0.0,,
2014-09-15,268.0,205.0,0.0,,
2014-09-16,325.0,231.0,0.0,,
2014-09-17,314.0,219.0,2.0,,
2014-09-18,294.0,209.0,179.0,,
2014-09-19,303.0,218.0,0.0,,
2014-09-20,316.0,212.0,0.0,,
2014-09-21,327.0,186.0,0.0,,
2014-09-22,307.0,198.0,0.0,,
2014-09-23,278.0,159.0,0.0,,
2014-09-24,295.0,140.0,0.0,,
2014-09-25,302.0,159.0,0.0,,
2014-09-26,302.0,179.0,0.0,,
2014-09-27,304.0,183.0,0.0,,
2014-09-28,312.0,208.0,0.0,,
2014-09-29,313.0,166.0,0.0,,
2014-09-30,315.0,196.0,0.0,,
2014-10-01,334.0,219.0,6.0,,
2014-10-02,336.0,198.0,110.0,,
2014-10-03,271.0,144.0,0.0,,
2014-10-04,246.0,87.0,0.0,,
2014-10-05,283.0,128.0,0.0,,
2014-10-06,264.0,165.0,569.0,,
2014-10-07,306.0,177.0,0.0,,
2014-10-08,298.0,227.0,0.0,,
2014-10-09,301.0,232.0,0.0,,
2014-10-10,315.0,219.0,0.0,,
2014-10-11,240.0,159.0,248.0,,
2014-10-12,231.0,151.0,45.0,,
2014-10-13,243.0,129.0,499.0,,
2014-10-14,234.0,102.0,0.0,,
2014-10-15,272.0,79.0,0.0,,
2014-10-16,286.0,124.0,0.0,,
2014-10-17,283.0,149.0,0.0,,
2014-10-18,282.0,164.0,0.0,,
2014-10-19,245.0,155.0,0.0,,
2014-10-20,257.0,123.0,0.0,,
2014-10-21,266.0,108.0,0.0,,
2014-10-22,260.0,152.0,0.0,,
2014-10-23,241.0,148.0,0.0,,
2014-10-24,261.0,123.0,0.0,,
2014-10-25,289.0,141.0,0.0,,
2014-10-26,280.0,151.0,0.0,,
2014-10-27,277.0,163.0,0.0,,
2014-10-28,265.0,175.0,0.0,,
2014-10-29,241.0,122.0,0.0,,
2014-10-30,239.0,87.0,0.0,,
2014-10-31,208.0,95.0,0.0,,
2014-11-01,160.0,46.0,0.0,,
2014-11-02,191.0,56.0,0.0,,
2014-11-03,243.0,112.0,0.0,,
2014-11-04,240.0,150.0,56.0,,
2014-11-05,153.0,133.0,530.0,,
2014-11-06,202.0,89.0,0.0,,
2014-11-07,184.0,51.0,0.0,,
2014-11-08,200.0,58.0,0.0,,
2014-11-09,201.0,19.0,0.0,,
2014-11-10,244.0,94.0,0.0,,
2014-11-11,182.0,41.0,0.0,,
2014-11-12,94.0,11.0,0.0,,
2014-11-13,51.0,-27.0,0.0,,
2014-11-14,59.0,-33.0,0.0,,
2014-11-15,70.0,39.0,12.0,,
2014-11-16,63.0,16.0,13.0,,
2014-11-17,80.0,-36.0,0.0,,
2014-11-18,110.0,-44.0,0.0,,
2014-11-20,213.0,85.0,19.0,,
2014-11-21,183.0,143.0,27.0,,
2014-11-22,177.0,143.0,346.0,,
2014-11-23,248.0,117.0,27.0,,
2014-11-24,171.0,20.0,0.0,,
2014-11-25,181.0,-2.0,0.0,,
2014-11-26,194.0,45.0,0.0,,
2014-11-27,171.0,25.0,0.0,,
2014-11-28,209.0,48.0,0.0,,
2014-11-29,248.0,126.0,0.0,,
2014-11-30,251.0,180.0,0.0,,
2014-12-01,181.0,51.0,0.0,,
2014-12-02,111.0,29.0,0.0,,
2014-12-03,173.0,90.0,0.0,,
2014-12-04,213.0,136.0,0.0,,
2014-12-05,247.0,152.0,5.0,,
2014-12-06,207.0,85.0,0.0,,
2014-12-07,146.0,67.0,0.0,,
2014-12-08,172.0,23.0,0.0,,
2014-12-09,188.0,22.0,0.0,,
2014-12-10,162.0,45.0,0.0,,
2014-12-11,182.0,107.0,42.0,,
2014-12-12,203.0,131.0,0.0,,
2014-12-13,211.0,107.0,0.0,,
2014-12-14,227.0,156.0,0.0,,
2014-12-15,208.0,77.0,0.0,,
2014-12-16,132.0,25.0,0.0,,
2014-12-17,101.0,9.0,53.0,,
2014-12-18,115.0,76.0,0.0,,
2014-12-19,112.0,85.0,88.0,,
2014-12-20,109.0,51.0,0.0,,
2014-12-21,118.0,37.0,0.0,,
2014-12-22,214.0,108.0,0.0,,
2014-12-23,124.0,75.0,0.0,,
2014-12-24,117.0,14.0,0.0,,
2014-12-25,169.0,6.0,0.0,,
2014-12-26,185.0,109.0,14.0,,
2014-12-27,178.0,36.0,34.0,,
2014-12-28,41.0,-5.0,46.0,,
2014-12-29,82.0,-8.0,0.0,,
2014-12-30,65.0,-5.0,0.0,,
2014-12-31,50.0,-6.0,0.0,,
2015-01-01,49.0,25.0,153.0,,
2015-01-02,66.0,41.0,115.0,,
2015-01-03,116.0,32.0,200.0,,
2015-01-04,60.0,-29.0,0.0,,
2015-01-05,104.0,-42.0,0.0,,
2015-01-06,164.0,-2.0,0.0,,
2015-01-07,105.0,-37.0,0.0,,
2015-01-08,46.0,-76.0,0.0,,
2015-01-09,30.0,-4.0,39.0,,
2015-01-10,44.0,12.0,8.0,,
2015-01-11,60.0,8.0,315.0,,
2015-01-12,70.0,40.0,0.0,,
2015-01-13,56.0,28.0,0.0,,
2015-01-14,68.0,15.0,0.0,,
2015-01-15,127.0,-1.0,0.0,,
2015-01-16,161.0,-22.0,0.0,,
2015-01-17,198.0,38.0,0.0,,
2015-01-18,204.0,-1.0,0.0,,
2015-01-19,207.0,32.0,0.0,,
2015-01-20,213.0,101.0,0.0,,
2015-01-21,159.0,96.0,10.0,,
2015-01-22,107.0,45.0,522.0,,
2015-01-23,100.0,6.0,6.0,,
2015-01-24,147.0,-23.0,0.0,,
2015-01-25,198.0,18.0,0.0,,
2015-01-26,201.0,-3.0,0.0,,
2015-01-27,263.0,41.0,0.0,,
2015-01-28,263.0,91.0,0.0,,
2015-01-29,237.0,99.0,0.0,,
2015-01-30,156.0,57.0,0.0,,
2015-01-31,149.0,61.0,7.0,,
2015-02-01,205.0,40.0,13.0,,
2015-02-02,61.0,-31.0,0.0,,
2015-02-03,96.0,2.0,0.0,,
2015-02-04,118.0,50.0,2.0,,
2015-02-05,106.0,14.0,12.0,,
2015-02-06,116.0,18.0,0.0,,
2015-02-07,199.0,61.0,0.0,,
2015-02-08,227.0,113.0,0.0,,
2015-02-09,259.0,60.0,0.0,,
2015-02-10,234.0,90.0,0.0,,
2015-02-11,231.0,109.0,0.0,,
2015-02-12,159.0,44.0,0.0,,
2015-02-13,180.0,11.0,0.0,,
2015-02-14,250.0,50.0,0.0,,
2015-02-15,208.0,108.0,19.0,,
2015-02-16,172.0,0.0,171.0,,
2015-02-17,99.0,-12.0,0.0,,
2015-02-18,154.0,-15.0,0.0,,
2015-02-19,159.0,18.0,0.0,,
2015-02-20,201.0,93.0,0.0,,
2015-02-21,218.0,133.0,0.0,,
2015-02-22,133.0,45.0,24.0,,
2015-02-23,45.0,-12.0,44.0,,
2015-02-24,20.0,-14.0,0.0,,
2015-02-25,47.0,-8.0,122.0,,
2015-02-26,61.0,-31.0,0.0,,
2015-02-27,15.0,0.0,0.0,,
2015-02-28,75.0,2.0,6.0,,
2015-03-01,70.0,26.0,25.0,,
2015-03-02,78.0,48.0,5.0,,
2015-03-03,210.0,74.0,0.0,,
2015-03-04,198.0,14.0,235.0,,
2015-03-05,,,70.0,,
2015-03-06,124.0,-49.0,0.0,,
2015-03-07,149.0,-27.0,0.0,,
2015-03-08,107.0,67.0,241.0,,
2015-03-09,107.0,83.0,568.0,,
2015-03-10,123.0,97.0,0.0,,
2015-03-11,160.0,108.0,0.0,,
2015-03-12,154.0,120.0,0.0,,
2015-03-13,154.0,128.0,25.0,,
2015-03-14,169.0,128.0,0.0,,
2015-03-15,185.0,112.0,0.0,,
2015-03-16,253.0,83.0,0.0,,
2015-03-17,270.0,176.0,0.0,,
2015-03-18,218.0,167.0,69.0,,
2015-03-19,256.0,163.0,0.0,,
2015-03-20,219.0,149.0,57.0,,
2015-03-21,163.0,137.0,99.0,,
2015-03-22,180.0,118.0,34.0,,
2015-03-23,244.0,92.0,0.0,,
2015-03-24,252.0,126.0,0.0,,
2015-03-25,280.0,155.0,0.0,,
2015-03-26,193.0,90.0,0.0,,
2015-03-27,232.0,26.0,0.0,,
2015-03-28,279.0,62.0,0.0,,
2015-03-29,283.0,136.0,0.0,,
2015-03-30,251.0,179.0,0.0,,
2015-03-31,274.0,170.0,0.0,,
2015-04-01,271.0,191.0,0.0,,
2015-04-02,287.0,193.0,0.0,,
2015-04-03,284.0,161.0,0.0,,
2015-04-04,220.0,113.0,0.0,,
2015-04-05,167.0,100.0,193.0,,
2015-04-06,279.0,167.0,0.0,,
2015-04-07,288.0,198.0,0.0,,
2015-04-08,273.0,199.0,0.0,,
2015-04-09,277.0,182.0,49.0,,
2015-04-10,191.0,105.0,0.0,,
2015-04-11,261.0,93.0,0.0,,
2015-04-12,262.0,175.0,109.0,,
2015-04-13,271.0,180.0,114.0,,
2015-04-14,188.0,122.0,2.0,,
2015-04-15,241.0,95.0,0.0,,
2015-04-16,281.0,160.0,176.0,,
2015-04-17,242.0,154.0,37.0,,
2015-04-18,262.0,149.0,104.0,,
2015-04-19,279.0,118.0,0.0,,
2015-04-20,217.0,96.0,0.0,,
2015-04-21,252.0,118.0,0.0,,
2015-04-22,278.0,145.0,186.0,,
2015-04-23,245.0,181.0,0.0,,
2015-04-24,265.0,190.0,91.0,,
2015-04-25,306.0,186.0,2.0,,
2015-04-26,288.0,187.0,0.0,,
2015-04-27,253.0,164.0,586.0,,
2015-04-28,166.0,108.0,78.0,,
2015-04-29,239.0,82.0,0.0,,
2015-04-30,258.0,94.0,0.0,,
2015-05-01,273.0,104.0,0.0,,
2015-05-02,274.0,121.0,0.0,,
2015-05-03,270.0,140.0,0.0,,
2015-05-04,284.0,167.0,0.0,,
2015-05-05,274.0,162.0,316.0,,
2015-05-06,273.0,196.0,63.0,,
2015-05-07,284.0,208.0,11.0,,
2015-05-08,289.0,224.0,26.0,,
2015-05-09,292.0,223.0,0.0,,
2015-05-10,280.0,220.0,47.0,,
2015-05-11,242.0,186.0,293.0,,
2015-05-12,205.0,171.0,58.0,,
2015-05-13,243.0,174.0,131.0,,
2015-05-14,290.0,173.0,18.0,,
2015-05-15,253.0,202.0,0.0,,
2015-05-16,306.0,221.0,0.0,,
2015-05-17,250.0,189.0,242.0,,
2015-05-18,284.0,206.0,36.0,,
2015-05-19,286.0,204.0,0.0,,
2015-05-20,303.0,224.0,0.0,,
2015-05-21,241.0,157.0,158.0,,
2015-05-22,266.0,152.0,0.0,,
2015-05-23,294.0,202.0,0.0,,
2015-05-24,248.0,192.0,214.0,,
2015-05-25,291.0,179.0,304.0,,
2015-05-26,302.0,179.0,0.0,,
2015-05-27,290.0,177.0,122.0,,
2015-05-28,308.0,204.0,0.0,,
2015-05-29,283.0,210.0,34.0,,
2015-05-30,279.0,189.0,38.0,,
2015-05-31,275.0,170.0,0.0,,
2015-06-01,285.0,146.0,0.0,,
2015-06-02,302.0,166.0,0.0,,
2015-06-03,307.0,183.0,0.0,,
2015-06-04,314.0,201.0,0.0,,
2015-06-05,326.0,208.0,0.0,,
2015-06-06,326.0,198.0,0.0,,
2015-06-07,326.0,207.0,0.0,,
2015-06-08,327.0,213.0,0.0,,
2015-06-09,344.0,211.0,0.0,,
2015-06-10,334.0,219.0,0.0,,
2015-06-11,327.0,225.0,0.0,,
2015-06-12,333.0,228.0,0.0,,
2015-06-13,298.0,229.0,212.0,,
2015-06-14,302.0,229.0,84.0,,
2015-06-15,323.0,228.0,0.0,,
2015-06-16,284.0,235.0,35.0,,
2015-06-17,277.0,235.0,466.0,,
2015-06-18,300.0,236.0,5.0,,
2015-06-19,321.0,230.0,0.0,,
2015-06-20,313.0,224.0,0.0,,
2015-06-21,309.0,226.0,0.0,,
2015-06-22,322.0,241.0,0.0,,
2015-06-23,330.0,231.0,0.0,,
2015-06-24,330.0,227.0,0.0,,
2015-06-25,326.0,223.0,0.0,,
2015-06-26,329.0,232.0,0.0,,
2015-06-27,298.0,228.0,0.0,,
2015-06-28,322.0,202.0,0.0,,
2015-06-29,329.0,233.0,0.0,,
2015-06-30,326.0,220.0,7.0,,
2015-07-01,325.0,202.0,0.0,,
2015-07-02,321.0,206.0,0.0,,
2015-07-03,326.0,237.0,0.0,,
2015-07-04,331.0,243.0,0.0,,
2015-07-05,334.0,240.0,0.0,,
2015-07-06,332.0,245.0,0.0,,
2015-07-07,331.0,248.0,0.0,,
2015-07-08,331.0,248.0,0.0,,
2015-07-09,341.0,234.0,0.0,,
2015-07-10,341.0,231.0,0.0,,
2015-07-11,342.0,235.0,0.0,,
2015-07-12,344.0,234.0,0.0,,
2015-07-13,353.0,227.0,0.0,,
2015-07-14,354.0,224.0,0.0,,
2015-07-15,346.0,224.0,0.0,,
2015-07-16,352.0,229.0,0.0,,
2015-07-17,352.0,237.0,0.0,,
2015-07-18,356.0,242.0,0.0,,
2015-07-19,356.0,235.0,0.0,,
2015-07-20,361.0,241.0,0.0,,
2015-07-21,363.0,235.0,0.0,,
2015-07-22,353.0,248.0,0.0,,
2015-07-23,361.0,237.0,0.0,,
2015-07-24,350.0,228.0,0.0,,
2015-07-25,369.0,235.0,0.0,,
2015-07-26,371.0,226.0,0.0,,
2015-07-27,368.0,243.0,0.0,,
2015-07-28,373.0,244.0,0.0,,
2015-07-29,376.0,229.0,0.0,,
2015-07-30,390.0,230.0,0.0,,
2015-07-31,367.0,241.0,0.0,,
2015-08-01,365.0,219.0,0.0,,
2015-08-02,367.0,209.0,0.0,,
2015-08-03,368.0,212.0,0.0,,
2015-08-04,364.0,231.0,0.0,,
2015-08-05,370.0,250.0,0.0,,
2015-08-06,373.0,248.0,0.0,,
2015-08-07,378.0,242.0,0.0,,
2015-08-08,376.0,239.0,0.0,,
2015-08-09,383.0,236.0,0.0,,
2015-08-10,403.0,222.0,0.0,,
2015-08-11,405.0,248.0,0.0,,
2015-08-12,387.0,234.0,0.0,,
2015-08-13,368.0,253.0,0.0,,
2015-08-14,367.0,238.0,0.0,,
2015-08-15,356.0,231.0,0.0,,
2015-08-16,361.0,210.0,0.0,,
2015-08-17,352.0,212.0,0.0,,
2015-08-18,365.0,234.0,0.0,,
2015-08-19,355.0,235.0,0.0,,
2015-08-20,257.0,212.0,72.0,,
2015-08-21,291.0,205.0,208.0,,
2015-08-22,356.0,241.0,0.0,,
2015-08-23,359.0,246.0,0.0,,
2015-08-24,366.0,240.0,0.0,,
2015-08-25,320.0,203.0,79.0,,
2015-08-26,336.0,198.0,0.0,,
2015-08-27,326.0,170.0,0.0,,
2015-08-28,338.0,183.0,0.0,,
2015-08-29,331.0,224.0,0.0,,
2015-08-30,315.0,229.0,0.0,,
2015-08-31,335.0,208.0,0.0,,
2015-09-01,332.0,199.0,0.0,,
2015-09-02,331.0,200.0,0.0,,
2015-09-03,338.0,210.0,0.0,,
2015-09-04,344.0,229.0,10.0,,
2015-09-05,356.0,233.0,0.0,,
2015-09-06,363.0,241.0,0.0,,
2015-09-07,367.0,237.0,0.0,,
2015-09-08,360.0,237.0,0.0,,
2015-09-09,302.0,231.0,0.0,,
2015-09-10,344.0,220.0,0.0,,
2015-09-11,349.0,215.0,0.0,,
2015-09-12,302.0,150.0,0.0,,
2015-09-13,314.0,127.0,0.0,,
2015-09-14,309.0,164.0,0.0,,
2015-09-15,340.0,210.0,0.0,,
2015-09-16,344.0,229.0,0.0,,
2015-09-17,344.0,205.0,0.0,,
2015-09-18,347.0,212.0,0.0,,
2015-09-19,349.0,192.0,0.0,,
2015-09-20,346.0,191.0,0.0,,
2015-09-21,348.0,221.0,0.0,,
2015-09-22,349.0,202.0,0.0,,
2015-09-23,338.0,169.0,0.0,,
2015-09-24,335.0,175.0,0.0,,
2015-09-25,341.0,193.0,0.0,,
2015-09-26,337.0,164.0,0.0,,
2015-09-27,324.0,171.0,0.0,,
2015-09-28,317.0,205.0,2.0,,
2015-09-29,331.0,199.0,0.0,,
2015-09-30,334.0,203.0,0.0,,
2015-10-01,301.0,177.0,0.0,,
2015-10-02,274.0,108.0,0.0,,
2015-10-03,274.0,99.0,0.0,,
2015-10-04,266.0,129.0,0.0,,
2015-10-05,280.0,141.0,0.0,,
2015-10-06,302.0,143.0,0.0,,
2015-10-07,317.0,158.0,0.0,,
2015-10-08,326.0,175.0,0.0,,
2015-10-09,328.0,183.0,0.0,,
2015-10-10,290.0,150.0,0.0,,
2015-10-11,333.0,134.0,0.0,,
2015-10-12,342.0,211.0,0.0,,
2015-10-13,324.0,138.0,0.0,,
2015-10-14,355.0,116.0,0.0,,
2015-10-15,349.0,132.0,0.0,,
2015-10-16,325.0,126.0,0.0,,
2015-10-17,274.0,157.0,0.0,,
2015-10-18,274.0,115.0,0.0,,
2015-10-19,280.0,140.0,0.0,,
2015-10-20,291.0,131.0,0.0,,
2015-10-21,307.0,203.0,0.0,,
2015-10-22,281.0,198.0,0.0,,
2015-10-23,259.0,197.0,575.0,,
2015-10-24,217.0,180.0,384.0,,
2015-10-25,184.0,146.0,68.0,,
2015-10-26,232.0,139.0,2.0,,
2015-10-27,250.0,150.0,0.0,,
2015-10-28,240.0,135.0,0.0,,
2015-10-29,261.0,104.0,0.0,,
2015-10-30,214.0,163.0,230.0,,
2015-10-31,222.0,176.0,303.0,,
2015-11-01,180.0,163.0,142.0,,
2015-11-02,233.0,146.0,0.0,,
2015-11-03,240.0,133.0,0.0,,
2015-11-04,241.0,168.0,0.0,,
2015-11-05,278.0,210.0,519.0,,
2015-11-06,232.0,152.0,163.0,,
2015-11-07,161.0,124.0,184.0,,
2015-11-08,198.0,100.0,0.0,,
2015-11-09,204.0,96.0,0.0,,
2015-11-10,,,0.0,,
2015-11-11,263.0,141.0,130.0,,
2015-11-12,202.0,77.0,0.0,,
2015-11-13,173.0,74.0,0.0,,
2015-11-14,190.0,58.0,0.0,,
2015-11-15,184.0,104.0,15.0,,
2015-11-16,235.0,138.0,81.0,,
2015-11-17,244.0,96.0,239.0,,
2015-11-18,199.0,69.0,0.0,,
2015-11-19,241.0,85.0,0.0,,
2015-11-20,224.0,108.0,0.0,,
2015-11-21,155.0,30.0,0.0,,
2015-11-22,128.0,4.0,0.0,,
2015-11-23,171.0,-8.0,0.0,,
2015-11-24,200.0,70.0,0.0,,
2015-11-25,219.0,152.0,0.0,,
2015-11-26,228.0,186.0,79.0,,
2015-11-27,222.0,67.0,78.0,,
2015-11-28,68.0,51.0,131.0,,
2015-11-29,88.0,63.0,155.0,,
2015-11-30,102.0,82.0,8.0,,
2015-12-01,115.0,60.0,0.0,,
2015-12-02,159.0,15.0,0.0,,
2015-12-03,162.0,4.0,0.0,,
2015-12-04,154.0,18.0,0.0,,
2015-12-05,170.0,21.0,0.0,,
2015-12-06,193.0,37.0,0.0,,
2015-12-07,193.0,24.0,0.0,,
2015-12-08,212.0,77.0,0.0,,
2015-12-09,227.0,70.0,0.0,,
2015-12-10,245.0,94.0,0.0,,
2015-12-11,262.0,175.0,0.0,,
2015-12-12,238.0,208.0,559.0,,
2015-12-13,228.0,98.0,371.0,,
2015-12-14,205.0,68.0,0.0,,
2015-12-15,210.0,111.0,0.0,,
2015-12-16,194.0,44.0,241.0,,
2015-12-17,153.0,-6.0,0.0,,
2015-12-18,108.0,3.0,0.0,,
2015-12-19,167.0,15.0,0.0,,
2015-12-20,184.0,68.0,0.0,,
2015-12-21,233.0,111.0,0.0,,
2015-12-22,238.0,82.0,2.0,,
2015-12-23,250.0,146.0,0.0,,
2015-12-24,225.0,110.0,2.0,,
2015-12-25,249.0,136.0,0.0,,
2015-12-26,260.0,228.0,5.0,,
2015-12-27,235.0,68.0,965.0,,
2015-12-28,70.0,28.0,53.0,,
2015-12-29,65.0,20.0,0.0,,
2015-12-30,118.0,33.0,0.0,,
2015-12-31,108.0,33.0,0.0,,
2016-01-01,83.0,38.0,0.0,,
2016-01-02,83.0,39.0,0.0,,
2016-01-03,149.0,26.0,0.0,,
2016-01-04,140.0,-12.0,0.0,,
2016-01-05,90.0,-16.0,0.0,,
2016-01-06,126.0,40.0,283.0,,
2016-01-07,176.0,107.0,88.0,,
2016-01-08,160.0,104.0,83.0,,
2016-01-09,115.0,33.0,6.0,,
2016-01-10,73.0,-20.0,0.0,,
2016-01-11,100.0,-20.0,0.0,,
2016-01-12,163.0,-8.0,0.0,,
2016-01-13,174.0,42.0,3.0,,
2016-01-14,183.0,51.0,3.0,,
2016-01-15,184.0,59.0,2.0,,
2016-01-16,109.0,16.0,6.0,,
2016-01-17,127.0,-28.0,0.0,,
2016-01-18,129.0,-13.0,0.0,,
2016-01-19,193.0,46.0,2.0,,
2016-01-20,145.0,23.0,2.0,,
2016-01-21,155.0,43.0,89.0,,
2016-01-22,96.0,12.0,0.0,,
2016-01-23,100.0,-31.0,0.0,,
2016-01-24,176.0,15.0,0.0,,
2016-01-25,227.0,126.0,0.0,,
2016-01-26,141.0,52.0,0.0,,
2016-01-27,129.0,-10.0,0.0,,
2016-01-28,184.0,-27.0,0.0,,
2016-01-29,243.0,25.0,0.0,,
2016-01-30,237.0,98.0,0.0,,
2016-01-31,258.0,111.0,0.0,,
2016-02-01,249.0,70.0,3.0,,
2016-02-02,207.0,91.0,0.0,,
2016-02-03,118.0,1.0,0.0,,
2016-02-04,127.0,-27.0,0.0,,
2016-02-05,136.0,-14.0,0.0,,
2016-02-06,121.0,3.0,10.0,,
2016-02-07,177.0,-13.0,0.0,,
2016-02-08,138.0,39.0,0.0,,
2016-02-09,162.0,-10.0,0.0,,
2016-02-10,205.0,-9.0,0.0,,
2016-02-11,267.0,75.0,2.0,,
2016-02-12,235.0,75.0,2.0,,
2016-02-13,193.0,80.0,0.0,,
2016-02-14,223.0,134.0,0.0,,
2016-02-15,210.0,75.0,0.0,,
2016-02-16,245.0,50.0,2.0,,
2016-02-17,214.0,87.0,2.0,,
2016-02-18,249.0,86.0,2.0,,
2016-02-19,253.0,149.0,0.0,,
2016-02-20,213.0,174.0,2.0,,
2016-02-21,225.0,155.0,28.0,,
2016-02-22,185.0,123.0,6.0,,
2016-02-23,149.0,61.0,165.0,,
2016-02-24,147.0,37.0,2.0,,
2016-02-25,171.0,22.0,0.0,,
2016-02-26,151.0,-5.0,0.0,,
2016-02-27,215.0,32.0,0.0,,
2016-02-28,227.0,101.0,0.0,,
2016-02-29,249.0,148.0,2.0,,
2016-03-01,245.0,122.0,0.0,,
2016-03-02,216.0,88.0,0.0,,
2016-03-03,260.0,113.0,0.0,,
2016-03-04,229.0,31.0,3.0,,
2016-03-05,247.0,78.0,3.0,,
2016-03-06,238.0,106.0,2.0,,
2016-03-07,237.0,160.0,0.0,,
2016-03-08,219.0,165.0,344.0,,
2016-03-09,186.0,146.0,1132.0,,
2016-03-10,213.0,152.0,246.0,,
2016-03-11,236.0,165.0,0.0,,
2016-03-12,205.0,139.0,60.0,,
2016-03-13,268.0,125.0,2.0,,
2016-03-14,317.0,112.0,2.0,,
2016-03-15,300.0,179.0,0.0,,
2016-03-16,267.0,134.0,0.0,,
2016-03-17,231.0,154.0,0.0,,
2016-03-18,243.0,123.0,0.0,,
2016-03-19,170.0,80.0,0.0,,
2016-03-20,137.0,20.0,0.0,,
2016-03-21,172.0,-7.0,0.0,,
2016-03-22,224.0,72.0,0.0,,
2016-03-23,258.0,178.0,0.0,,
2016-03-24,209.0,75.0,118.0,,
2016-03-25,206.0,27.0,3.0,,
2016-03-26,253.0,85.0,2.0,,
2016-03-27,208.0,93.0,2.0,,
2016-03-28,229.0,70.0,0.0,,
2016-03-29,234.0,126.0,0.0,,
2016-03-30,251.0,204.0,23.0,,
2016-03-31,284.0,169.0,0.0,,
2016-04-01,169.0,60.0,19.0,,
2016-04-02,203.0,30.0,3.0,,
2016-04-03,233.0,22.0,3.0,,
2016-04-04,276.0,92.0,0.0,,
2016-04-05,273.0,102.0,2.0,,
2016-04-06,254.0,98.0,0.0,,
2016-04-07,288.0,70.0,2.0,,
2016-04-08,247.0,136.0,0.0,,
2016-04-09,218.0,96.0,2.0,,
2016-04-10,264.0,169.0,0.0,,
2016-04-11,270.0,175.0,101.0,,
2016-04-12,195.0,163.0,0.0,,
2016-04-13,221.0,134.0,30.0,,
2016-04-14,212.0,123.0,2.0,,
2016-04-15,241.0,105.0,3.0,,
2016-04-16,266.0,180.0,0.0,,
2016-04-17,233.0,174.0,525.0,,
2016-04-18,218.0,175.0,302.0,,
2016-04-19,274.0,181.0,0.0,,
2016-04-20,238.0,154.0,133.0,,
2016-04-21,254.0,143.0,146.0,,
2016-04-22,264.0,125.0,3.0,,
2016-04-23,270.0,115.0,3.0,,
2016-04-24,258.0,151.0,0.0,,
2016-04-25,294.0,199.0,0.0,,
2016-04-26,293.0,227.0,0.0,,
2016-04-27,286.0,158.0,301.0,,
2016-04-28,304.0,154.0,0.0,,
2016-04-29,291.0,212.0,274.0,,
2016-04-30,275.0,193.0,101.0,,
2016-05-01,269.0,172.0,17.0,,
2016-05-02,204.0,123.0,16.0,,
2016-05-03,228.0,84.0,2.0,,
2016-05-04,271.0,101.0,2.0,,
2016-05-05,270.0,114.0,2.0,,
2016-05-06,280.0,99.0,2.0,,
2016-05-07,283.0,141.0,2.0,,
2016-05-08,226.0,168.0,0.0,,
2016-05-09,286.0,190.0,0.0,,
2016-05-10,314.0,195.0,64.0,,
2016-05-11,303.0,181.0,0.0,,
2016-05-12,301.0,186.0,5.0,,
2016-05-13,289.0,192.0,0.0,,
2016-05-14,270.0,191.0,0.0,,
2016-05-15,254.0,150.0,2.0,,
2016-05-16,240.0,186.0,3.0,,
2016-05-17,282.0,188.0,0.0,,
2016-05-18,209.0,162.0,0.0,,
2016-05-19,195.0,151.0,319.0,,
2016-05-20,272.0,151.0,2.0,,
2016-05-21,298.0,151.0,2.0,,
2016-05-22,301.0,213.0,0.0,,
2016-05-23,286.0,214.0,0.0,,
2016-05-24,308.0,208.0,2.0,,
2016-05-25,299.0,246.0,0.0,,
2016-05-26,254.0,206.0,213.0,,
2016-05-27,213.0,185.0,460.0,,
2016-05-28,301.0,168.0,3.0,,
2016-05-29,307.0,218.0,2.0,,
2016-05-30,293.0,214.0,0.0,,
2016-05-31,298.0,201.0,75.0,,
2016-06-01,280.0,199.0,141.0,,
2016-06-02,255.0,207.0,494.0,,
2016-06-03,255.0,205.0,135.0,,
2016-06-04,260.0,209.0,238.0,,
2016-06-05,306.0,198.0,0.0,,
2016-06-06,301.0,186.0,0.0,,
2016-06-07,316.0,197.0,0.0,,
2016-06-08,321.0,186.0,0.0,,
2016-06-09,324.0,207.0,0.0,,
2016-06-10,324.0,211.0,0.0,,
2016-06-11,317.0,235.0,3.0,,
2016-06-12,322.0,222.0,233.0,,
2016-06-13,314.0,221.0,716.0,,
2016-06-14,321.0,247.0,0.0,,
2016-06-15,331.0,244.0,0.0,,
2016-06-16,335.0,238.0,0.0,,
2016-06-17,328.0,237.0,0.0,,
2016-06-18,328.0,227.0,0.0,,
2016-06-19,325.0,203.0,2.0,,
2016-06-20,324.0,231.0,0.0,,
2016-06-21,330.0,232.0,0.0,,
2016-06-22,328.0,240.0,0.0,,
2016-06-23,325.0,231.0,0.0,,
2016-06-24,325.0,223.0,2.0,,
2016-06-25,330.0,240.0,23.0,,
2016-06-26,330.0,239.0,0.0,,
2016-06-27,343.0,235.0,0.0,,
2016-06-28,340.0,222.0,214.0,,
2016-06-29,329.0,224.0,2.0,,
2016-06-30,338.0,213.0,3.0,,
2016-07-01,340.0,220.0,2.0,,
2016-07-02,336.0,237.0,2.0,,
2016-07-03,344.0,249.0,0.0,,
2016-07-04,319.0,214.0,238.0,,
2016-07-05,330.0,247.0,0.0,,
2016-07-06,341.0,257.0,0.0,,
2016-07-07,342.0,251.0,0.0,,
2016-07-08,346.0,248.0,0.0,,
2016-07-09,344.0,239.0,2.0,,
2016-07-10,332.0,252.0,0.0,,
2016-07-11,343.0,250.0,0.0,,
2016-07-12,344.0,249.0,0.0,,
2016-07-13,352.0,251.0,0.0,,
2016-07-14,350.0,239.0,0.0,,
2016-07-15,339.0,238.0,0.0,,
2016-07-16,340.0,231.0,2.0,,
2016-07-17,351.0,229.0,2.0,,
2016-07-18,354.0,234.0,2.0,,
2016-07-19,360.0,234.0,0.0,,
2016-07-20,350.0,232.0,2.0,,
2016-07-21,361.0,237.0,2.0,,
2016-07-22,363.0,234.0,2.0,,
2016-07-23,364.0,244.0,0.0,,
2016-07-24,361.0,247.0,0.0,,
2016-07-25,360.0,232.0,45.0,,
2016-07-26,345.0,227.0,2.0,,
2016-07-27,341.0,232.0,0.0,,
2016-07-28,351.0,235.0,0.0,,
2016-07-29,332.0,235.0,0.0,,
2016-07-30,360.0,250.0,0.0,,
2016-07-31,356.0,241.0,0.0,,
2016-08-01,364.0,240.0,0.0,,
2016-08-02,370.0,235.0,2.0,,
2016-08-03,370.0,241.0,0.0,,
2016-08-04,376.0,244.0,0.0,,
2016-08-05,374.0,242.0,0.0,,
2016-08-06,372.0,246.0,0.0,,
2016-08-07,375.0,242.0,0.0,,
2016-08-08,374.0,247.0,0.0,,
2016-08-09,375.0,246.0,0.0,,
2016-08-10,378.0,252.0,0.0,,
2016-08-11,380.0,259.0,0.0,,
2016-08-12,388.0,255.0,0.0,,
2016-08-13,331.0,236.0,10.0,,
2016-08-14,342.0,228.0,3.0,,
2016-08-15,247.0,218.0,267.0,,
2016-08-16,255.0,230.0,215.0,,
2016-08-17,276.0,226.0,236.0,,
2016-08-18,280.0,227.0,62.0,,
2016-08-19,325.0,230.0,54.0,,
2016-08-20,300.0,234.0,10.0,,
2016-08-21,250.0,214.0,315.0,,
2016-08-22,291.0,222.0,87.0,,
2016-08-23,328.0,230.0,0.0,,
2016-08-24,331.0,238.0,2.0,,
2016-08-25,325.0,236.0,0.0,,
2016-08-26,302.0,222.0,17.0,,
2016-08-27,322.0,229.0,2.0,,
2016-08-28,313.0,222.0,70.0,,
2016-08-29,319.0,220.0,34.0,,
2016-08-30,332.0,223.0,33.0,,
2016-08-31,338.0,234.0,2.0,,
2016-09-01,338.0,232.0,0.0,,
2016-09-02,317.0,215.0,2.0,,
2016-09-03,303.0,213.0,0.0,,
2016-09-04,322.0,208.0,0.0,,
2016-09-05,328.0,230.0,32.0,,
2016-09-06,324.0,232.0,0.0,,
2016-09-07,330.0,227.0,0.0,,
2016-09-08,329.0,247.0,0.0,,
2016-09-09,330.0,235.0,0.0,,
2016-09-10,312.0,218.0,0.0,,
2016-09-11,310.0,186.0,0.0,,
2016-09-12,318.0,191.0,0.0,,
2016-09-13,329.0,220.0,0.0,,
2016-09-14,332.0,223.0,0.0,,
2016-09-15,336.0,216.0,0.0,,
2016-09-16,335.0,222.0,0.0,,
2016-09-17,346.0,229.0,0.0,,
2016-09-18,343.0,233.0,0.0,,
2016-09-19,354.0,234.0,0.0,,
2016-09-20,351.0,221.0,0.0,,
2016-09-21,335.0,188.0,0.0,,
2016-09-22,340.0,183.0,0.0,,
2016-09-23,327.0,230.0,0.0,,
2016-09-24,335.0,227.0,0.0,,
2016-09-25,309.0,210.0,536.0,,
2016-09-26,243.0,191.0,0.0,,
2016-09-27,264.0,173.0,2.0,,
2016-09-28,286.0,130.0,3.0,,
2016-09-29,264.0,138.0,0.0,,
2016-09-30,263.0,101.0,3.0,,
2016-10-01,254.0,141.0,2.0,,
2016-10-02,279.0,125.0,2.0,,
2016-10-03,285.0,151.0,0.0,,
2016-10-04,304.0,167.0,0.0,,
2016-10-05,314.0,221.0,0.0,,
2016-10-06,315.0,212.0,0.0,,
2016-10-07,306.0,173.0,2.0,,
2016-10-08,278.0,141.0,2.0,,
2016-10-09,259.0,120.0,2.0,,
2016-10-10,284.0,97.0,3.0,,
2016-10-11,272.0,132.0,2.0,,
2016-10-12,315.0,209.0,0.0,,
2016-10-13,296.0,214.0,0.0,,
2016-10-14,270.0,199.0,23.0,,
2016-10-15,307.0,204.0,0.0,,
2016-10-16,311.0,213.0,0.0,,
2016-10-17,314.0,233.0,0.0,,
2016-10-18,320.0,227.0,0.0,,
2016-10-19,321.0,227.0,0.0,,
2016-10-20,257.0,121.0,217.0,,
2016-10-21,223.0,93.0,3.0,,
2016-10-22,241.0,69.0,3.0,,
2016-10-23,254.0,116.0,2.0,,
2016-10-24,255.0,164.0,0.0,,
2016-10-25,262.0,145.0,2.0,,
2016-10-26,286.0,166.0,0.0,,
2016-10-27,293.0,161.0,0.0,,
2016-10-28,291.0,141.0,0.0,,
2016-10-29,286.0,153.0,2.0,,
2016-10-30,289.0,159.0,0.0,,
2016-10-31,297.0,145.0,0.0,,
2016-11-01,288.0,183.0,0.0,,
2016-11-02,284.0,200.0,0.0,,
2016-11-03,253.0,191.0,0.0,,
2016-11-04,261.0,182.0,2.0,,
2016-11-05,204.0,139.0,184.0,,
2016-11-06,250.0,165.0,19.0,,
2016-11-07,237.0,157.0,0.0,,
2016-11-08,232.0,155.0,3.0,,
2016-11-09,225.0,144.0,5.0,,
2016-11-10,216.0,92.0,4.0,,
2016-11-11,240.0,87.0,3.0,,
2016-11-12,238.0,104.0,2.0,,
2016-11-13,213.0,89.0,3.0,,
2016-11-14,250.0,114.0,2.0,,
2016-11-15,280.0,91.0,3.0,,
2016-11-16,289.0,122.0,2.0,,
2016-11-17,268.0,157.0,2.0,,
2016-11-18,219.0,87.0,3.0,,
2016-11-19,158.0,9.0,2.0,,
2016-11-20,174.0,-18.0,3.0,,
2016-11-21,225.0,55.0,3.0,,
2016-11-22,246.0,150.0,169.0,,
2016-11-23,198.0,85.0,159.0,,
2016-11-24,217.0,53.0,5.0,,
2016-11-25,203.0,103.0,3.0,,
2016-11-26,188.0,96.0,0.0,,
2016-11-27,205.0,90.0,0.0,,
2016-11-28,246.0,101.0,86.0,,
2016-11-29,234.0,83.0,4.0,,
2016-11-30,174.0,28.0,0.0,,
2016-12-01,184.0,1.0,2.0,,
2016-12-02,185.0,71.0,68.0,,
2016-12-03,101.0,88.0,417.0,,
2016-12-04,112.0,88.0,0.0,,
2016-12-05,99.0,81.0,82.0,,
2016-12-06,113.0,90.0,2.0,,
2016-12-07,127.0,86.0,3.0,,
2016-12-08,89.0,-10.0,0.0,,
2016-12-09,82.0,-30.0,0.0,,
2016-12-10,98.0,12.0,2.0,,
2016-12-11,218.0,98.0,0.0,,
2016-12-12,184.0,86.0,2.0,,
2016-12-13,159.0,109.0,3.0,,
2016-12-14,151.0,99.0,3.0,,
2016-12-15,100.0,68.0,0.0,,
2016-12-16,211.0,72.0,0.0,,
2016-12-17,263.0,-5.0,0.0,,
2016-12-18,11.0,-50.0,0.0,,
2016-12-19,69.0,-70.0,0.0,,
2016-12-20,133.0,-33.0,0.0,,
2016-12-21,205.0,78.0,0.0,,
2016-12-22,183.0,63.0,3.0,,
2016-12-23,197.0,108.0,26.0,,
2016-12-24,243.0,197.0,8.0,,
2016-12-25,260.0,196.0,7.0,,
2016-12-26,247.0,199.0,44.0,,
2016-12-27,223.0,142.0,12.0,,
2016-12-28,240.0,142.0,2.0,,
2016-12-29,184.0,64.0,0.0,,
2016-12-30,125.0,44.0,0.0,,
2016-12-31,227.0,92.0,0.0,,
2017-01-01,204.0,125.0,8.0,,
2017-01-02,226.0,117.0,170.0,,
2017-01-03,204.0,52.0,2.0,,
2017-01-04,57.0,19.0,0.0,,
2017-01-05,118.0,0.0,3.0,,
2017-01-06,0.0,-72.0,0.0,,
2017-01-07,44.0,-105.0,0.0,,
2017-01-08,89.0,-75.0,0.0,,
2017-01-09,178.0,20.0,3.0,,
2017-01-10,253.0,152.0,0.0,,
2017-01-11,261.0,185.0,0.0,,
2017-01-12,258.0,190.0,0.0,,
2017-01-13,255.0,114.0,0.0,,
2017-01-14,170.0,99.0,19.0,,
2017-01-15,207.0,118.0,125.0,,
2017-01-16,200.0,132.0,596.0,,
2017-01-17,132.0,95.0,254.0,,
2017-01-18,129.0,92.0,393.0,,
2017-01-19,143.0,103.0,2.0,,
2017-01-20,227.0,122.0,0.0,,
2017-01-21,216.0,121.0,9.0,,
2017-01-22,170.0,103.0,0.0,,
2017-01-23,196.0,50.0,0.0,,
2017-01-25,208.0,62.0,0.0,,
2017-01-26,128.0,14.0,0.0,,
2017-01-27,133.0,-13.0,0.0,,
2017-01-28,138.0,17.0,0.0,,
2017-01-29,185.0,-2.0,0.0,,
2017-01-30,254.0,33.0,0.0,,
2017-01-31,241.0,80.0,0.0,,
2017-02-01,250.0,128.0,0.0,,
2017-02-02,191.0,74.0,0.0,,
2017-02-03,135.0,63.0,0.0,,
2017-02-04,107.0,56.0,0.0,,
2017-02-05,234.0,94.0,8.0,,
2017-02-06,245.0,180.0,0.0,,
2017-02-07,271.0,137.0,0.0,,
2017-02-08,260.0,102.0,0.0,,
2017-02-09,184.0,35.0,0.0,,
2017-02-10,228.0,71.0,0.0,,
2017-02-11,294.0,199.0,0.0,,
2017-02-12,237.0,188.0,0.0,,
2017-02-13,223.0,159.0,0.0,,
2017-02-14,179.0,64.0,247.0,,
2017-02-15,161.0,37.0,0.0,,
2017-02-16,188.0,-3.0,0.0,,
2017-02-17,199.0,72.0,0.0,,
2017-02-18,277.0,128.0,3.0,,
2017-02-19,226.0,176.0,6.0,,
2017-02-20,211.0,129.0,538.0,,
2017-02-21,225.0,110.0,0.0,,
2017-02-22,273.0,74.0,0.0,,
2017-02-23,289.0,134.0,0.0,,
2017-02-24,193.0,109.0,0.0,,
2017-02-25,147.0,31.0,0.0,,
2017-02-26,195.0,60.0,0.0,,
2017-02-27,279.0,176.0,0.0,,
2017-02-28,278.0,207.0,0.0,,
2017-03-01,219.0,110.0,0.0,,
2017-03-02,188.0,64.0,0.0,,
2017-03-03,206.0,30.0,0.0,,
2017-03-04,144.0,94.0,98.0,,
2017-03-05,185.0,110.0,19.0,,
2017-03-06,275.0,183.0,0.0,,
2017-03-07,220.0,103.0,14.0,,
2017-03-08,228.0,93.0,0.0,,
2017-03-09,247.0,179.0,0.0,,
2017-03-10,278.0,175.0,342.0,,
2017-03-11,227.0,77.0,139.0,,
2017-03-12,105.0,49.0,0.0,,
2017-03-13,166.0,56.0,2.0,,
2017-03-14,178.0,13.0,0.0,,
2017-03-15,182.0,76.0,0.0,,
2017-03-16,220.0,102.0,0.0,,
2017-03-17,262.0,185.0,0.0,,
2017-03-18,269.0,158.0,0.0,,
2017-03-19,276.0,170.0,0.0,,
2017-03-20,290.0,190.0,0.0,,
2017-03-21,282.0,153.0,0.0,,
2017-03-22,271.0,172.0,0.0,,
2017-03-23,288.0,174.0,0.0,,
2017-03-24,242.0,179.0,303.0,,
2017-03-25,219.0,113.0,0.0,,
2017-03-26,285.0,102.0,0.0,,
2017-03-27,272.0,184.0,0.0,,
2017-03-28,287.0,194.0,0.0,,
2017-03-29,259.0,152.0,269.0,,
2017-03-30,227.0,104.0,0.0,,
2017-03-31,282.0,127.0,0.0,,
2017-04-01,276.0,159.0,0.0,,
2017-04-02,216.0,151.0,212.0,,
2017-04-03,264.0,122.0,0.0,,
2017-04-04,296.0,163.0,0.0,,
2017-04-05,208.0,89.0,0.0,,
2017-04-06,235.0,58.0,0.0,,
2017-04-07,245.0,82.0,0.0,,
2017-04-08,260.0,125.0,0.0,,
2017-04-09,276.0,156.0,0.0,,
2017-04-10,261.0,195.0,65.0,,
2017-04-11,211.0,153.0,315.0,,
2017-04-12,252.0,158.0,0.0,,
2017-04-13,268.0,176.0,0.0,,
2017-04-14,271.0,140.0,0.0,,
2017-04-15,271.0,175.0,0.0,,
2017-04-16,286.0,193.0,0.0,,
2017-04-17,276.0,179.0,46.0,,
2017-04-18,259.0,178.0,6.0,,
2017-04-19,277.0,187.0,0.0,,
2017-04-20,274.0,204.0,0.0,,
2017-04-21,286.0,195.0,0.0,,
2017-04-22,222.0,104.0,28.0,,
2017-04-23,220.0,66.0,0.0,,
2017-04-24,248.0,71.0,0.0,,
2017-04-25,283.0,157.0,0.0,,
2017-04-26,287.0,100.0,82.0,,
2017-04-27,250.0,69.0,0.0,,
2017-04-28,321.0,182.0,0.0,,
2017-04-29,307.0,136.0,42.0,,
2017-04-30,215.0,96.0,13.0,,
2017-05-01,276.0,61.0,0.0,,
2017-05-02,300.0,147.0,0.0,,
2017-05-03,300.0,138.0,4.0,,
2017-05-04,222.0,102.0,0.0,,
2017-05-05,249.0,70.0,0.0,,
2017-05-06,275.0,82.0,0.0,,
2017-05-07,284.0,126.0,0.0,,
2017-05-08,273.0,151.0,0.0,,
2017-05-09,280.0,166.0,2.0,,
2017-05-10,278.0,192.0,3.0,,
2017-05-11,284.0,163.0,192.0,,
2017-05-12,255.0,146.0,0.0,,
2017-05-13,276.0,139.0,0.0,,
2017-05-14,290.0,146.0,0.0,,
2017-05-15,295.0,178.0,0.0,,
2017-05-16,291.0,187.0,0.0,,
2017-05-17,268.0,209.0,3.0,,
2017-05-18,306.0,236.0,0.0,,
2017-05-19,318.0,229.0,0.0,,
2017-05-20,275.0,197.0,90.0,,
2017-05-21,234.0,156.0,125.0,,
2017-05-22,201.0,160.0,180.0,,
2017-05-23,249.0,136.0,139.0,,
2017-05-24,249.0,108.0,0.0,,
2017-05-25,306.0,147.0,0.0,,
2017-05-26,312.0,211.0,0.0,,
2017-05-27,324.0,244.0,0.0,,
2017-05-28,307.0,207.0,362.0,,
2017-05-29,280.0,196.0,0.0,,
2017-05-30,297.0,194.0,0.0,,
2017-05-31,292.0,201.0,0.0,,
2017-06-01,285.0,192.0,15.0,,
2017-06-02,306.0,210.0,7.0,,
2017-06-03,297.0,205.0,44.0,,
2017-06-04,279.0,208.0,2.0,,
2017-06-05,280.0,203.0,9.0,,
2017-06-06,312.0,206.0,0.0,,
2017-06-07,312.0,202.0,0.0,,
2017-06-08,296.0,184.0,0.0,,
2017-06-09,244.0,192.0,62.0,,
2017-06-10,299.0,201.0,0.0,,
2017-06-11,317.0,213.0,0.0,,
2017-06-12,322.0,238.0,0.0,,
2017-06-13,324.0,246.0,0.0,,
2017-06-14,326.0,244.0,0.0,,
2017-06-15,326.0,237.0,0.0,,
2017-06-16,326.0,239.0,0.0,,
2017-06-17,325.0,242.0,0.0,,
2017-06-18,330.0,243.0,0.0,,
2017-06-19,319.0,242.0,0.0,,
2017-06-20,328.0,231.0,0.0,,
2017-06-21,312.0,215.0,8.0,,
2017-06-22,270.0,234.0,21.0,,
2017-06-23,342.0,241.0,0.0,,
2017-06-24,281.0,202.0,272.0,,
2017-06-25,289.0,226.0,0.0,,
2017-06-26,317.0,208.0,0.0,,
2017-06-27,324.0,222.0,13.0,,
2017-06-28,317.0,209.0,0.0,,
2017-06-29,328.0,218.0,0.0,,
2017-06-30,348.0,253.0,0.0,,
2017-07-01,313.0,228.0,0.0,,
2017-07-02,345.0,232.0,0.0,,
2017-07-03,345.0,252.0,0.0,,
2017-07-04,328.0,211.0,77.0,,
2017-07-05,335.0,243.0,0.0,,
2017-07-06,338.0,224.0,0.0,,
2017-07-07,347.0,231.0,0.0,,
2017-07-08,347.0,229.0,87.0,,
2017-07-09,328.0,214.0,390.0,,
2017-07-10,312.0,207.0,0.0,,
2017-07-11,336.0,227.0,6.0,,
2017-07-12,336.0,240.0,0.0,,
2017-07-13,346.0,236.0,0.0,,
2017-07-14,349.0,235.0,0.0,,
2017-07-15,314.0,227.0,42.0,,
2017-07-16,332.0,218.0,0.0,,
2017-07-17,338.0,223.0,0.0,,
2017-07-18,339.0,234.0,0.0,,
2017-07-19,345.0,239.0,0.0,,
2017-07-20,355.0,239.0,0.0,,
2017-07-21,356.0,239.0,0.0,,
2017-07-22,358.0,239.0,0.0,,
2017-07-23,357.0,240.0,0.0,,
2017-07-24,283.0,242.0,0.0,,
2017-07-25,351.0,230.0,0.0,,
2017-07-26,358.0,241.0,0.0,,
2017-07-27,362.0,237.0,0.0,,
2017-07-28,374.0,238.0,0.0,,
2017-07-29,358.0,249.0,0.0,,
2017-07-30,345.0,237.0,0.0,,
2017-07-31,338.0,199.0,0.0,,
2017-08-01,347.0,213.0,0.0,,
2017-08-02,260.0,225.0,487.0,,
2017-08-03,315.0,226.0,0.0,,
2017-08-04,339.0,218.0,0.0,,
2017-08-05,344.0,233.0,0.0,,
2017-08-06,356.0,249.0,0.0,,
2017-08-07,288.0,245.0,0.0,,
2017-08-08,311.0,233.0,0.0,,
2017-08-09,291.0,232.0,14.0,,
2017-08-10,334.0,242.0,0.0,,
2017-08-11,353.0,245.0,0.0,,
2017-08-12,368.0,246.0,0.0,,
2017-08-13,345.0,256.0,0.0,,
2017-08-14,356.0,256.0,0.0,,
2017-08-15,360.0,256.0,0.0,,
2017-08-16,367.0,249.0,0.0,,
2017-08-17,331.0,240.0,0.0,,
2017-08-18,368.0,243.0,0.0,,
2017-08-19,369.0,240.0,0.0,,
2017-08-20,369.0,237.0,0.0,,
2017-08-21,351.0,237.0,0.0,,
2017-08-22,363.0,222.0,0.0,,
2017-08-23,361.0,232.0,0.0,,
2017-08-24,347.0,234.0,0.0,,
2017-08-25,322.0,236.0,0.0,,
2017-08-26,247.0,229.0,126.0,,
2017-08-27,241.0,197.0,202.0,,
2017-08-28,248.0,198.0,92.0,,
2017-08-29,293.0,210.0,0.0,,
2017-08-30,278.0,215.0,0.0,,
2017-08-31,325.0,209.0,0.0,,
2017-09-01,320.0,192.0,0.0,,
2017-09-02,328.0,209.0,0.0,,
2017-09-03,329.0,216.0,0.0,,
2017-09-04,326.0,210.0,0.0,,
2017-09-05,343.0,208.0,41.0,,
2017-09-06,291.0,161.0,0.0,,
2017-09-07,279.0,131.0,0.0,,
2017-09-08,281.0,130.0,0.0,,
2017-09-09,294.0,140.0,0.0,,
2017-09-10,291.0,164.0,0.0,,
2017-09-11,285.0,151.0,0.0,,
2017-09-12,300.0,110.0,0.0,,
2017-09-13,306.0,153.0,0.0,,
2017-09-14,334.0,194.0,0.0,,
2017-09-15,323.0,209.0,0.0,,
2017-09-16,327.0,208.0,0.0,,
2017-09-17,334.0,209.0,0.0,,
2017-09-18,325.0,227.0,0.0,,
2017-09-19,338.0,227.0,0.0,,
2017-09-20,348.0,244.0,0.0,,
2017-09-21,347.0,236.0,0.0,,
2017-09-22,334.0,226.0,0.0,,
2017-09-23,343.0,200.0,0.0,,
2017-09-24,332.0,211.0,0.0,,
2017-09-25,333.0,200.0,0.0,,
2017-09-26,331.0,197.0,0.0,,
2017-09-27,328.0,234.0,0.0,,
2017-09-28,338.0,225.0,101.0,,
2017-09-29,308.0,206.0,0.0,,
2017-09-30,310.0,178.0,0.0,,
2017-10-01,317.0,160.0,0.0,,
2017-10-02,314.0,218.0,0.0,,
2017-10-03,276.0,234.0,320.0,,
2017-10-04,314.0,222.0,0.0,,
2017-10-05,302.0,200.0,0.0,,
2017-10-06,303.0,172.0,0.0,,
2017-10-07,324.0,171.0,0.0,,
2017-10-08,316.0,184.0,0.0,,
2017-10-09,327.0,213.0,0.0,,
2017-10-10,251.0,151.0,0.0,,
2017-10-11,257.0,104.0,0.0,,
2017-10-12,303.0,130.0,0.0,,
2017-10-13,321.0,207.0,0.0,,
2017-10-14,317.0,208.0,0.0,,
2017-10-15,253.0,152.0,0.0,,
2017-10-16,236.0,95.0,0.0,,
2017-10-17,252.0,69.0,0.0,,
2017-10-18,271.0,59.0,0.0,,
2017-10-19,279.0,125.0,0.0,,
2017-10-20,274.0,183.0,0.0,,
2017-10-21,311.0,210.0,0.0,,
2017-10-22,248.0,104.0,395.0,,
2017-10-23,265.0,69.0,0.0,,
2017-10-24,226.0,69.0,0.0,,
2017-10-25,245.0,36.0,0.0,,
2017-10-26,273.0,106.0,0.0,,
2017-10-27,187.0,26.0,0.0,,
2017-10-28,145.0,-3.0,0.0,,
2017-10-29,227.0,-9.0,0.0,,
2017-10-30,247.0,72.0,0.0,,
2017-10-31,172.0,113.0,76.0,,
2017-11-01,232.0,132.0,182.0,,
2017-11-02,290.0,205.0,0.0,,
2017-11-03,302.0,192.0,0.0,,
2017-11-04,288.0,210.0,0.0,,
2017-11-05,283.0,215.0,0.0,,
2017-11-06,300.0,200.0,0.0,,
2017-11-07,205.0,111.0,0.0,,
2017-11-08,111.0,96.0,232.0,,
2017-11-09,154.0,71.0,0.0,,
2017-11-10,191.0,38.0,0.0,,
2017-11-11,198.0,125.0,0.0,,
2017-11-12,234.0,150.0,0.0,,
2017-11-13,209.0,153.0,0.0,,
2017-11-14,245.0,148.0,0.0,,
2017-11-15,209.0,167.0,0.0,,
2017-11-16,233.0,180.0,32.0,,
2017-11-17,269.0,192.0,0.0,,
2017-11-18,266.0,93.0,0.0,,
2017-11-19,172.0,34.0,0.0,,
2017-11-20,174.0,17.0,0.0,,
2017-11-21,203.0,83.0,0.0,,
2017-11-22,156.0,21.0,0.0,,
2017-11-23,179.0,-6.0,0.0,,
2017-11-24,220.0,49.0,0.0,,
2017-11-25,247.0,102.0,0.0,,
2017-11-26,221.0,116.0,0.0,,
2017-11-27,220.0,71.0,0.0,,
2017-11-28,245.0,102.0,0.0,,
2017-11-29,200.0,70.0,0.0,,
2017-11-30,211.0,29.0,0.0,,
2017-12-01,218.0,49.0,0.0,,
2017-12-02,246.0,106.0,0.0,,
2017-12-03,240.0,127.0,0.0,,
2017-12-04,268.0,179.0,0.0,,
2017-12-05,217.0,76.0,216.0,,
2017-12-06,76.0,47.0,24.0,,
2017-12-07,89.0,18.0,0.0,,
2017-12-08,67.0,-26.0,0.0,,
2017-12-09,156.0,-31.0,0.0,,
2017-12-10,189.0,-25.0,0.0,,
2017-12-11,245.0,8.0,0.0,,
2017-12-12,140.0,0.0,0.0,,
2017-12-13,179.0,-14.0,0.0,,
2017-12-14,171.0,52.0,0.0,,
2017-12-15,133.0,16.0,0.0,,
2017-12-16,115.0,19.0,340.0,,
2017-12-17,94.0,28.0,0.0,,
2017-12-18,163.0,93.0,0.0,,
2017-12-19,214.0,158.0,327.0,,
2017-12-20,211.0,101.0,0.0,,
2017-12-21,242.0,96.0,0.0,,
2017-12-22,218.0,32.0,26.0,,
2017-12-23,109.0,5.0,0.0,,
2017-12-24,108.0,1.0,0.0,,
2017-12-25,102.0,-15.0,0.0,,
2017-12-26,67.0,31.0,36.0,,
2017-12-27,64.0,32.0,0.0,,
2017-12-28,60.0,20.0,0.0,,
2017-12-29,86.0,33.0,0.0,,
2017-12-30,93.0,62.0,5.0,,
2017-12-31,63.0,-29.0,0.0,,
2018-01-01,8.0,-59.0,0.0,,
2018-01-02,-16.0,-55.0,0.0,,
2018-01-03,77.0,-76.0,0.0,,
2018-01-04,102.0,-55.0,0.0,,
2018-01-05,147.0,1.0,0.0,,
2018-01-06,167.0,9.0,0.0,,
2018-01-07,170.0,87.0,83.0,,
2018-01-08,160.0,46.0,0.0,,
2018-01-09,92.0,22.0,0.0,,
2018-01-10,149.0,79.0,0.0,,
2018-01-11,167.0,2.0,30.0,,
2018-01-12,59.0,-43.0,0.0,,
2018-01-13,83.0,-40.0,0.0,,
2018-01-14,114.0,-22.0,0.0,,
2018-01-15,167.0,-6.0,35.0,,
2018-01-16,-7.0,-80.0,4.0,,
2018-01-17,15.0,-127.0,0.0,,
2018-01-18,63.0,-102.0,0.0,,
2018-01-19,136.0,29.0,0.0,,
2018-01-20,187.0,114.0,0.0,,
2018-01-21,225.0,177.0,31.0,,
2018-01-22,188.0,31.0,6.0,,
2018-01-23,155.0,-17.0,0.0,,
2018-01-24,180.0,-20.0,0.0,,
2018-01-25,185.0,4.0,0.0,,
2018-01-26,188.0,50.0,0.0,,
2018-01-27,179.0,133.0,30.0,,
2018-01-28,193.0,85.0,0.0,,
2018-01-29,140.0,5.0,0.0,,
2018-01-31,214.0,40.0,0.0,,
2018-02-01,223.0,115.0,0.0,,
2018-02-02,134.0,56.0,0.0,,
2018-02-03,95.0,40.0,0.0,,
2018-02-04,197.0,57.0,0.0,,
2018-02-05,139.0,-12.0,0.0,,
2018-02-06,110.0,22.0,154.0,,
2018-02-07,38.0,8.0,11.0,,
2018-02-08,168.0,-14.0,0.0,,
2018-02-09,171.0,85.0,0.0,,
2018-02-10,176.0,13.0,10.0,,
2018-02-11,14.0,-18.0,5.0,,
2018-02-12,77.0,-12.0,0.0,,
2018-02-13,74.0,21.0,99.0,,
2018-02-14,196.0,72.0,19.0,,
2018-02-15,253.0,180.0,0.0,,
2018-02-16,197.0,121.0,0.0,,
2018-02-17,127.0,72.0,8.0,,
2018-02-18,208.0,93.0,13.0,,
2018-02-19,264.0,186.0,0.0,,
2018-02-20,249.0,165.0,111.0,,
2018-02-21,164.0,45.0,532.0,,
2018-02-22,92.0,44.0,21.0,,
2018-02-23,197.0,68.0,148.0,,
2018-02-24,222.0,122.0,107.0,,
2018-02-25,135.0,107.0,19.0,,
2018-02-26,216.0,101.0,0.0,,
2018-02-27,212.0,119.0,87.0,,
2018-02-28,273.0,196.0,0.0,,
2018-03-01,225.0,91.0,145.0,,
2018-03-02,225.0,98.0,0.0,,
2018-03-03,233.0,102.0,0.0,,
2018-03-04,238.0,167.0,5.0,,
2018-03-05,265.0,120.0,7.0,,
2018-03-06,205.0,25.0,0.0,,
2018-03-07,148.0,45.0,0.0,,
2018-03-08,200.0,40.0,0.0,,
2018-03-09,221.0,84.0,0.0,,
2018-03-10,273.0,170.0,0.0,,
2018-03-11,211.0,109.0,4.0,,
2018-03-12,169.0,41.0,0.0,,
2018-03-13,182.0,36.0,0.0,,
2018-03-14,199.0,39.0,0.0,,
2018-03-15,228.0,71.0,0.0,,
2018-03-16,288.0,176.0,0.0,,
2018-03-17,286.0,173.0,119.0,,
2018-03-18,259.0,163.0,0.0,,
2018-03-19,243.0,122.0,9.0,,
2018-03-20,180.0,60.0,0.0,,
2018-03-21,229.0,37.0,0.0,,
2018-03-22,248.0,96.0,0.0,,
2018-03-23,249.0,138.0,0.0,,
2018-03-24,279.0,194.0,0.0,,
2018-03-25,251.0,196.0,0.0,,
2018-03-26,283.0,184.0,0.0,,
2018-03-27,272.0,160.0,66.0,,
2018-03-28,179.0,148.0,652.0,,
2018-03-29,217.0,141.0,30.0,,
2018-03-30,232.0,95.0,0.0,,
2018-03-31,256.0,112.0,0.0,,
2018-04-01,256.0,140.0,0.0,,
2018-04-02,245.0,110.0,0.0,,
2018-04-03,255.0,125.0,261.0,,
2018-04-04,196.0,71.0,0.0,,
2018-04-05,222.0,90.0,0.0,,
2018-04-06,275.0,161.0,104.0,,
2018-04-07,161.0,43.0,6.0,,
2018-04-08,121.0,23.0,0.0,,
2018-04-09,190.0,81.0,0.0,,
2018-04-10,221.0,94.0,0.0,,
2018-04-11,252.0,64.0,0.0,,
2018-04-12,277.0,153.0,0.0,,
2018-04-13,255.0,158.0,171.0,,
2018-04-14,164.0,73.0,15.0,,
2018-04-15,168.0,45.0,0.0,,
2018-04-16,252.0,31.0,0.0,,
2018-04-17,276.0,119.0,0.0,,
2018-04-18,266.0,152.0,0.0,,
2018-04-19,218.0,122.0,0.0,,
2018-04-20,202.0,88.0,0.0,,
2018-04-21,196.0,110.0,198.0,,
2018-04-22,201.0,95.0,0.0,,
2018-04-23,227.0,77.0,0.0,,
2018-04-24,276.0,95.0,0.0,,
2018-04-25,259.0,93.0,0.0,,
2018-04-26,220.0,69.0,0.0,,
2018-04-27,250.0,97.0,0.0,,
2018-04-28,277.0,97.0,0.0,,
2018-04-29,281.0,127.0,0.0,,
2018-04-30,269.0,136.0,0.0,,
2018-05-01,269.0,191.0,0.0,,
2018-05-02,294.0,217.0,0.0,,
2018-05-03,270.0,216.0,0.0,,
2018-05-04,231.0,173.0,358.0,,
2018-05-05,274.0,153.0,2.0,,
2018-05-06,295.0,121.0,0.0,,
2018-05-07,307.0,137.0,0.0,,
2018-05-08,303.0,166.0,0.0,,
2018-05-09,300.0,161.0,0.0,,
2018-05-10,298.0,174.0,0.0,,
2018-05-11,303.0,193.0,0.0,,
2018-05-12,314.0,219.0,0.0,,
2018-05-13,313.0,215.0,0.0,,
2018-05-14,302.0,210.0,0.0,,
2018-05-15,315.0,201.0,0.0,,
2018-05-16,326.0,184.0,0.0,,
2018-05-17,334.0,188.0,0.0,,
2018-05-18,329.0,212.0,0.0,,
2018-05-19,330.0,224.0,0.0,,
2018-05-20,306.0,191.0,86.0,,
2018-05-21,295.0,183.0,0.0,,
2018-05-22,293.0,199.0,0.0,,
2018-05-23,323.0,199.0,0.0,,
2018-05-24,322.0,184.0,0.0,,
2018-05-25,327.0,207.0,0.0,,
2018-05-26,340.0,214.0,4.0,,
2018-05-27,338.0,206.0,11.0,,
2018-05-28,336.0,205.0,0.0,,
2018-05-29,351.0,204.0,0.0,,
2018-05-30,339.0,214.0,0.0,,
2018-05-31,342.0,225.0,0.0,,
2018-06-01,343.0,229.0,0.0,,
2018-06-02,347.0,238.0,0.0,,
2018-06-03,343.0,244.0,0.0,,
2018-06-04,322.0,235.0,0.0,,
2018-06-05,334.0,227.0,7.0,,
2018-06-06,349.0,235.0,0.0,,
2018-06-07,347.0,235.0,0.0,,
2018-06-08,348.0,232.0,0.0,,
2018-06-09,352.0,216.0,0.0,,
2018-06-10,349.0,229.0,0.0,,
2018-06-11,355.0,248.0,0.0,,
2018-06-12,355.0,240.0,0.0,,
2018-06-13,361.0,224.0,0.0,,
2018-06-14,358.0,226.0,0.0,,
2018-06-15,360.0,220.0,0.0,,
2018-06-16,363.0,235.0,0.0,,
2018-06-17,351.0,235.0,3.0,,
2018-06-18,325.0,238.0,60.0,,
2018-06-19,300.0,231.0,4.0,,
2018-06-20,285.0,228.0,406.0,,
2018-06-21,329.0,229.0,0.0,,
2018-06-22,351.0,235.0,0.0,,
2018-06-23,337.0,243.0,0.0,,
2018-06-24,346.0,252.0,0.0,,
2018-06-25,327.0,247.0,0.0,,
2018-06-26,342.0,243.0,0.0,,
2018-06-27,346.0,238.0,0.0,,
2018-06-28,343.0,240.0,0.0,,
2018-06-29,347.0,247.0,0.0,,
2018-06-30,351.0,238.0,0.0,,
2018-07-01,359.0,234.0,0.0,,
2018-07-02,361.0,230.0,0.0,,
2018-07-03,376.0,226.0,8.0,,
2018-07-04,315.0,217.0,0.0,,
2018-07-05,365.0,200.0,6.0,,
2018-07-06,363.0,242.0,0.0,,
2018-07-07,359.0,219.0,12.0,,
2018-07-08,344.0,214.0,0.0,,
2018-07-09,308.0,227.0,127.0,,
2018-07-10,335.0,223.0,0.0,,
2018-07-11,346.0,232.0,5.0,,
2018-07-12,339.0,227.0,0.0,,
2018-07-13,347.0,226.0,0.0,,
2018-07-14,355.0,235.0,0.0,,
2018-07-15,359.0,236.0,0.0,,
2018-07-16,369.0,231.0,0.0,,
2018-07-17,384.0,230.0,0.0,,
2018-07-18,384.0,240.0,0.0,,
2018-07-19,393.0,253.0,0.0,,
2018-07-20,395.0,238.0,0.0,,
2018-07-21,399.0,234.0,0.0,,
2018-07-22,406.0,244.0,0.0,,
2018-07-23,418.0,251.0,0.0,,
2018-07-24,362.0,252.0,0.0,,
2018-07-25,377.0,209.0,0.0,,
2018-07-26,382.0,220.0,0.0,,
2018-07-27,376.0,235.0,0.0,,
2018-07-28,370.0,248.0,0.0,,
2018-07-29,383.0,238.0,0.0,,
2018-07-30,373.0,247.0,0.0,,
2018-07-31,346.0,229.0,84.0,,
2018-08-01,345.0,180.0,0.0,,
2018-08-02,348.0,191.0,0.0,,
2018-08-03,358.0,181.0,0.0,,
2018-08-04,361.0,223.0,0.0,,
2018-08-05,360.0,219.0,0.0,,
2018-08-06,360.0,229.0,8.0,,
2018-08-07,369.0,232.0,0.0,,
2018-08-08,372.0,238.0,0.0,,
2018-08-09,373.0,230.0,70.0,,
2018-08-10,298.0,227.0,30.0,,
2018-08-11,320.0,231.0,83.0,,
2018-08-12,307.0,220.0,79.0,,
2018-08-13,343.0,217.0,0.0,,
2018-08-14,351.0,230.0,0.0,,
2018-08-15,359.0,245.0,0.0,,
2018-08-16,366.0,246.0,0.0,,
2018-08-17,373.0,247.0,0.0,,
2018-08-18,379.0,244.0,0.0,,
2018-08-19,367.0,255.0,0.0,,
2018-08-20,367.0,262.0,0.0,,
2018-08-21,362.0,220.0,0.0,,
2018-08-22,365.0,194.0,0.0,,
2018-08-23,372.0,237.0,0.0,,
2018-08-24,376.0,239.0,0.0,,
2018-08-25,371.0,234.0,0.0,,
2018-08-26,370.0,239.0,0.0,,
2018-08-27,375.0,243.0,0.0,,
2018-08-28,377.0,247.0,0.0,,
2018-08-29,355.0,241.0,32.0,,
2018-08-30,367.0,218.0,0.0,,
2018-08-31,368.0,226.0,0.0,,
2018-09-01,351.0,230.0,0.0,,
2018-09-02,341.0,236.0,0.0,,
2018-09-03,266.0,231.0,357.0,,
2018-09-04,302.0,224.0,23.0,,
2018-09-05,338.0,229.0,0.0,,
2018-09-06,342.0,229.0,0.0,,
2018-09-07,338.0,224.0,3.0,,
2018-09-08,327.0,229.0,35.0,,
2018-09-09,265.0,221.0,0.0,,
2018-09-10,251.0,210.0,7.0,,
2018-09-11,233.0,207.0,126.0,,
2018-09-12,300.0,212.0,52.0,,
2018-09-13,317.0,206.0,0.0,,
2018-09-14,308.0,225.0,0.0,,
2018-09-15,339.0,215.0,0.0,,
2018-09-16,336.0,226.0,0.0,,
2018-09-17,343.0,226.0,0.0,,
2018-09-18,349.0,222.0,0.0,,
2018-09-19,350.0,228.0,0.0,,
2018-09-20,327.0,229.0,22.0,,
2018-09-21,294.0,229.0,95.0,,
2018-09-22,283.0,216.0,157.0,,
2018-09-23,248.0,205.0,0.0,,
2018-09-24,269.0,214.0,0.0,,
2018-09-25,305.0,209.0,149.0,,
2018-09-26,305.0,179.0,2.0,,
2018-09-27,217.0,162.0,44.0,,
2018-09-28,284.0,168.0,0.0,,
2018-09-29,247.0,212.0,0.0,,
2018-09-30,286.0,209.0,0.0,,
2018-10-01,294.0,195.0,21.0,,
2018-10-02,298.0,199.0,0.0,,
2018-10-03,312.0,215.0,0.0,,
2018-10-04,316.0,236.0,0.0,,
2018-10-05,315.0,228.0,0.0,,
2018-10-06,317.0,228.0,0.0,,
2018-10-07,317.0,234.0,16.0,,
2018-10-08,298.0,220.0,28.0,,
2018-10-09,274.0,186.0,320.0,,
2018-10-10,249.0,146.0,0.0,,
2018-10-11,246.0,111.0,0.0,,
2018-10-12,262.0,140.0,0.0,,
2018-10-13,279.0,177.0,533.0,,
2018-10-14,304.0,180.0,0.0,,
2018-10-15,220.0,78.0,358.0,,
2018-10-16,130.0,91.0,199.0,,
2018-10-17,130.0,108.0,225.0,,
2018-10-18,181.0,128.0,2.0,,
2018-10-19,177.0,136.0,384.0,,
2018-10-20,204.0,138.0,6.0,,
2018-10-21,207.0,112.0,0.0,,
2018-10-22,174.0,84.0,0.0,,
2018-10-23,209.0,127.0,0.0,,
2018-10-24,154.0,123.0,344.0,,
2018-10-25,156.0,101.0,10.0,,
2018-10-26,211.0,77.0,0.0,,
2018-10-27,274.0,99.0,0.0,,
2018-10-28,284.0,136.0,0.0,,
2018-10-29,273.0,145.0,0.0,,
2018-10-30,272.0,174.0,0.0,,
2018-10-31,262.0,134.0,342.0,,
2018-11-01,169.0,74.0,0.0,,
2018-11-02,223.0,49.0,0.0,,
2018-11-03,234.0,102.0,0.0,,
2018-11-04,195.0,97.0,258.0,,
2018-11-05,256.0,118.0,0.0,,
2018-11-06,257.0,164.0,0.0,,
2018-11-07,237.0,132.0,11.0,,
2018-11-08,144.0,119.0,78.0,,
2018-11-09,135.0,65.0,116.0,,
2018-11-10,97.0,19.0,0.0,,
2018-11-11,111.0,46.0,226.0,,
2018-11-12,78.0,21.0,584.0,,
2018-11-13,21.0,1.0,0.0,,
2018-11-14,82.0,-39.0,0.0,,
2018-11-15,149.0,-36.0,0.0,,
2018-11-16,207.0,33.0,0.0,,
2018-11-17,212.0,67.0,0.0,,
2018-11-18,144.0,61.0,0.0,,
2018-11-19,105.0,27.0,79.0,,
2018-11-20,158.0,3.0,0.0,,
2018-11-21,163.0,-3.0,0.0,,
2018-11-22,174.0,23.0,0.0,,
2018-11-23,212.0,78.0,0.0,,
2018-11-24,231.0,58.0,0.0,,
2018-11-25,186.0,44.0,0.0,,
2018-11-26,103.0,-6.0,0.0,,
2018-11-27,167.0,-21.0,0.0,,
2018-11-28,201.0,46.0,0.0,,
2018-11-29,232.0,149.0,0.0,,
2018-11-30,251.0,190.0,0.0,,
2018-12-01,230.0,114.0,0.0,,
2018-12-02,182.0,71.0,0.0,,
2018-12-03,144.0,44.0,0.0,,
2018-12-04,106.0,-11.0,0.0,,
2018-12-05,136.0,9.0,0.0,,
2018-12-06,144.0,77.0,97.0,,
2018-12-07,121.0,66.0,608.0,,
2018-12-08,66.0,41.0,166.0,,
2018-12-09,100.0,26.0,0.0,,
2018-12-10,131.0,-21.0,0.0,,
2018-12-11,154.0,-11.0,0.0,,
2018-12-12,172.0,80.0,0.0,,
2018-12-13,194.0,75.0,20.0,,
2018-12-14,89.0,71.0,2.0,,
2018-12-15,164.0,41.0,0.0,,
2018-12-16,158.0,20.0,0.0,,
2018-12-17,140.0,34.0,0.0,,
2018-12-18,178.0,8.0,8.0,,
2018-12-19,129.0,92.0,194.0,,
2018-12-20,152.0,87.0,0.0,,
2018-12-21,150.0,37.0,0.0,,
2018-12-22,224.0,75.0,0.0,,
2018-12-23,162.0,46.0,0.0,,
2018-12-24,177.0,33.0,0.0,,
2018-12-25,209.0,138.0,0.0,,
2018-12-26,193.0,131.0,546.0,,
2018-12-27,194.0,74.0,538.0,,
2018-12-28,117.0,22.0,0.0,,
2018-12-29,92.0,43.0,0.0,,
2018-12-30,68.0,55.0,24.0,,
2018-12-31,157.0,55.0,109.0,,
2019-01-01,129.0,28.0,0.0,,
2019-01-02,79.0,42.0,643.0,,
2019-01-03,66.0,38.0,126.0,,
2019-01-04,137.0,25.0,0.0,,
2019-01-05,209.0,21.0,0.0,,
2019-01-06,210.0,60.0,0.0,,
2019-01-07,219.0,155.0,0.0,,
2019-01-08,225.0,126.0,0.0,,
2019-01-09,160.0,48.0,0.0,,
2019-01-10,114.0,21.0,0.0,,
2019-01-11,158.0,73.0,125.0,,
2019-01-12,131.0,66.0,3.0,,
2019-01-13,91.0,39.0,0.0,,
2019-01-14,93.0,11.0,0.0,,
2019-01-15,98.0,-4.0,0.0,,
2019-01-16,137.0,85.0,6.0,,
2019-01-17,193.0,69.0,3.0,,
2019-01-18,189.0,55.0,6.0,,
2019-01-19,189.0,-2.0,15.0,,
2019-01-20,92.0,-39.0,0.0,,
2019-01-21,142.0,13.0,0.0,,
2019-01-22,190.0,49.0,72.0,,
2019-01-23,64.0,-25.0,50.0,,
2019-01-24,152.0,-35.0,0.0,,
2019-01-25,147.0,-9.0,0.0,,
2019-01-26,125.0,40.0,32.0,,
2019-01-27,170.0,20.0,0.0,,
2019-01-28,203.0,46.0,0.0,,
2019-01-29,85.0,-21.0,0.0,,
2019-01-30,110.0,9.0,0.0,,
2019-01-31,136.0,52.0,0.0,,
2019-02-01,201.0,106.0,0.0,,
2019-02-02,196.0,116.0,0.0,,
2019-02-03,203.0,149.0,0.0,,
2019-02-04,254.0,179.0,0.0,,
2019-02-05,246.0,192.0,0.0,,
2019-02-06,231.0,199.0,0.0,,
2019-02-07,228.0,10.0,117.0,,
2019-02-08,10.0,-23.0,60.0,,
2019-02-09,26.0,-5.0,98.0,,
2019-02-10,93.0,26.0,3.0,,
2019-02-11,167.0,77.0,135.0,,
2019-02-13,162.0,-9.0,0.0,,
2019-02-14,234.0,98.0,6.0,,
2019-02-15,273.0,88.0,7.0,,
2019-02-16,87.0,47.0,2.0,,
2019-02-17,130.0,66.0,2.0,,
2019-02-18,136.0,52.0,0.0,,
2019-02-19,60.0,34.0,45.0,,
2019-02-20,144.0,40.0,5.0,,
2019-02-21,104.0,52.0,71.0,,
2019-02-22,110.0,77.0,375.0,,
2019-02-23,214.0,105.0,58.0,,
2019-02-24,162.0,42.0,0.0,,
2019-02-25,167.0,51.0,0.0,,
2019-02-26,144.0,82.0,61.0,,
2019-02-27,188.0,69.0,0.0,,
2019-02-28,69.0,20.0,3.0,,
2019-03-01,81.0,21.0,5.0,,
2019-03-02,111.0,67.0,9.0,,
2019-03-03,99.0,-6.0,19.0,,
2019-03-04,5.0,-32.0,0.0,,
2019-03-05,73.0,-59.0,0.0,,
2019-03-06,140.0,-41.0,6.0,,
2019-03-07,211.0,94.0,0.0,,
2019-03-08,268.0,185.0,0.0,,
2019-03-09,267.0,126.0,30.0,,
2019-03-10,240.0,95.0,0.0,,
2019-03-11,183.0,121.0,2.0,,
2019-03-12,213.0,135.0,0.0,,
2019-03-13,210.0,121.0,149.0,,
2019-03-14,221.0,95.0,280.0,,
2019-03-15,157.0,65.0,3.0,,
2019-03-16,169.0,52.0,0.0,,
2019-03-17,196.0,32.0,0.0,,
2019-03-18,216.0,48.0,0.0,,
2019-03-19,222.0,90.0,0.0,,
2019-03-20,221.0,72.0,0.0,,
2019-03-21,240.0,42.0,0.0,,
2019-03-22,253.0,70.0,0.0,,
2019-03-23,239.0,127.0,0.0,,
2019-03-24,258.0,155.0,0.0,,
2019-03-25,252.0,145.0,68.0,,
2019-03-26,219.0,101.0,0.0,,
2019-03-27,234.0,85.0,0.0,,
2019-03-28,245.0,107.0,0.0,,
2019-03-29,254.0,157.0,2.0,,
2019-03-30,208.0,85.0,0.0,,
2019-03-31,138.0,28.0,0.0,,
2019-04-01,131.0,11.0,3.0,,
2019-04-02,197.0,14.0,0.0,,
2019-04-03,213.0,81.0,0.0,,
2019-04-04,297.0,165.0,2.0,,
2019-04-05,224.0,149.0,0.0,,
2019-04-06,221.0,159.0,546.0,,
2019-04-07,203.0,168.0,291.0,,
2019-04-08,262.0,154.0,35.0,,
2019-04-09,298.0,112.0,0.0,,
2019-04-10,311.0,160.0,0.0,,
2019-04-11,258.0,103.0,0.0,,
2019-04-12,250.0,84.0,0.0,,
2019-04-13,189.0,77.0,236.0,,
2019-04-14,194.0,72.0,0.0,,
2019-04-15,256.0,94.0,0.0,,
2019-04-16,261.0,141.0,0.0,,
2019-04-17,244.0,188.0,3.0,,
2019-04-18,214.0,115.0,414.0,,
2019-04-19,193.0,79.0,0.0,,
2019-04-20,244.0,56.0,0.0,,
2019-04-21,275.0,132.0,0.0,,
2019-04-22,265.0,163.0,0.0,,
2019-04-23,255.0,179.0,0.0,,
2019-04-24,201.0,166.0,872.0,,
2019-04-25,256.0,154.0,0.0,,
2019-04-26,261.0,146.0,0.0,,
2019-04-27,282.0,122.0,0.0,,
2019-04-28,270.0,180.0,0.0,,
2019-04-29,287.0,178.0,0.0,,
2019-04-30,286.0,231.0,0.0,,
2019-05-01,291.0,219.0,4.0,,
2019-05-02,256.0,166.0,832.0,,
2019-05-03,242.0,164.0,9.0,,
2019-05-04,263.0,181.0,0.0,,
2019-05-05,276.0,149.0,0.0,,
2019-05-06,288.0,179.0,0.0,,
2019-05-07,290.0,202.0,162.0,,
2019-05-08,239.0,173.0,314.0,,
2019-05-09,280.0,171.0,0.0,,
2019-05-10,211.0,130.0,4.0,,
2019-05-11,193.0,157.0,214.0,,
2019-05-12,242.0,154.0,0.0,,
2019-05-13,280.0,135.0,0.0,,
2019-05-14,277.0,150.0,0.0,,
2019-05-15,287.0,161.0,0.0,,
2019-05-16,288.0,168.0,0.0,,
2019-05-17,298.0,179.0,0.0,,
2019-05-18,282.0,192.0,1208.0,,
2019-05-19,315.0,205.0,0.0,,
2019-05-20,311.0,220.0,0.0,,
2019-05-21,276.0,177.0,65.0,,
2019-05-22,316.0,208.0,0.0,,
2019-05-23,316.0,244.0,0.0,,
2019-05-24,311.0,225.0,0.0,,
2019-05-25,313.0,221.0,0.0,,
2019-05-26,311.0,223.0,0.0,,
2019-05-27,302.0,221.0,0.0,,
2019-05-28,317.0,221.0,0.0,,
2019-05-29,302.0,226.0,515.0,,
2019-05-30,289.0,212.0,23.0,,
2019-05-31,278.0,195.0,143.0,,
2019-06-01,314.0,190.0,0.0,,
2019-06-02,310.0,219.0,0.0,,
2019-06-03,320.0,216.0,0.0,,
2019-06-04,303.0,226.0,0.0,,
2019-06-05,249.0,224.0,157.0,,
2019-06-06,303.0,210.0,115.0,,
2019-06-07,287.0,196.0,0.0,,
2019-06-08,320.0,197.0,0.0,,
2019-06-09,331.0,214.0,0.0,,
2019-06-10,294.0,213.0,0.0,,
2019-06-11,283.0,191.0,0.0,,
2019-06-12,300.0,159.0,0.0,,
2019-06-13,298.0,163.0,0.0,,
2019-06-14,312.0,203.0,0.0,,
2019-06-15,335.0,221.0,0.0,,
2019-06-16,258.0,191.0,712.0,,
2019-06-17,295.0,185.0,13.0,,
2019-06-18,319.0,201.0,0.0,,
2019-06-19,331.0,219.0,20.0,,
2019-06-20,333.0,214.0,5.0,,
2019-06-21,334.0,256.0,0.0,,
2019-06-22,326.0,264.0,0.0,,
2019-06-23,321.0,196.0,606.0,,
2019-06-24,262.0,191.0,111.0,,
2019-06-25,323.0,221.0,0.0,,
2019-06-26,316.0,200.0,0.0,,
2019-06-27,322.0,212.0,0.0,,
2019-06-28,320.0,199.0,0.0,,
2019-06-29,323.0,205.0,109.0,,
2019-06-30,295.0,194.0,0.0,,
2019-07-01,301.0,215.0,67.0,,
2019-07-02,324.0,216.0,0.0,,
2019-07-03,300.0,220.0,0.0,,
2019-07-04,323.0,245.0,0.0,,
2019-07-05,329.0,243.0,0.0,,
2019-07-06,326.0,242.0,0.0,,
2019-07-07,334.0,234.0,0.0,,
2019-07-08,332.0,242.0,0.0,,
2019-07-09,330.0,245.0,0.0,,
2019-07-10,346.0,213.0,101.0,,
2019-07-11,336.0,212.0,0.0,,
2019-07-12,331.0,235.0,0.0,,
2019-07-13,337.0,236.0,0.0,,
2019-07-14,287.0,218.0,19.0,,
2019-07-15,328.0,205.0,0.0,,
2019-07-16,343.0,249.0,0.0,,
2019-07-17,339.0,245.0,0.0,,
2019-07-18,337.0,246.0,0.0,,
2019-07-19,339.0,242.0,0.0,,
2019-07-20,340.0,243.0,0.0,,
2019-07-21,337.0,240.0,0.0,,
2019-07-22,355.0,240.0,16.0,,
2019-07-23,318.0,200.0,0.0,,
2019-07-24,304.0,176.0,0.0,,
2019-07-25,316.0,170.0,0.0,,
2019-07-26,327.0,188.0,0.0,,
2019-07-27,345.0,211.0,0.0,,
2019-07-28,344.0,237.0,0.0,,
2019-07-29,343.0,242.0,0.0,,
2019-07-30,358.0,218.0,90.0,,
2019-07-31,341.0,214.0,0.0,,
2019-08-01,338.0,235.0,0.0,,
2019-08-02,336.0,243.0,15.0,,
2019-08-03,305.0,245.0,0.0,,
2019-08-04,332.0,242.0,0.0,,
2019-08-05,339.0,233.0,16.0,,
2019-08-06,353.0,239.0,0.0,,
2019-08-07,351.0,246.0,0.0,,
2019-08-08,345.0,251.0,0.0,,
2019-08-09,358.0,251.0,0.0,,
2019-08-10,354.0,237.0,0.0,,
2019-08-11,356.0,248.0,0.0,,
2019-08-12,363.0,249.0,0.0,,
2019-08-13,366.0,250.0,0.0,,
2019-08-14,356.0,242.0,0.0,,
2019-08-15,364.0,222.0,0.0,,
2019-08-16,361.0,235.0,0.0,,
2019-08-17,359.0,252.0,0.0,,
2019-08-18,363.0,251.0,0.0,,
2019-08-19,373.0,250.0,0.0,,
2019-08-20,367.0,247.0,0.0,,
2019-08-21,361.0,240.0,0.0,,
2019-08-22,360.0,234.0,0.0,,
2019-08-23,363.0,234.0,0.0,,
2019-08-24,338.0,236.0,0.0,,
2019-08-25,369.0,240.0,0.0,,
2019-08-26,369.0,252.0,0.0,,
2019-08-27,311.0,254.0,0.0,,
2019-08-28,345.0,225.0,4.0,,
2019-08-29,355.0,225.0,0.0,,
2019-08-30,355.0,236.0,0.0,,
2019-08-31,315.0,231.0,0.0,,
2019-09-01,338.0,222.0,142.0,,
2019-09-02,360.0,199.0,0.0,,
2019-09-03,360.0,224.0,0.0,,
2019-09-04,364.0,218.0,0.0,,
2019-09-05,364.0,210.0,0.0,,
2019-09-06,373.0,221.0,0.0,,
2019-09-07,371.0,216.0,0.0,,
2019-09-08,369.0,214.0,0.0,,
2019-09-09,346.0,225.0,115.0,,
2019-09-10,342.0,228.0,0.0,,
2019-09-11,342.0,224.0,13.0,,
2019-09-12,345.0,209.0,0.0,,
2019-09-13,351.0,211.0,0.0,,
2019-09-14,373.0,214.0,0.0,,
2019-09-15,356.0,207.0,0.0,,
2019-09-16,359.0,221.0,0.0,,
2019-09-17,336.0,210.0,0.0,,
2019-09-18,315.0,237.0,0.0,,
2019-09-19,272.0,231.0,35.0,,
2019-09-20,325.0,230.0,321.0,,
2019-09-21,325.0,229.0,0.0,,
2019-09-22,332.0,229.0,0.0,,
2019-09-23,337.0,240.0,0.0,,
2019-09-24,333.0,242.0,0.0,,
2019-09-25,337.0,212.0,0.0,,
2019-09-26,331.0,218.0,0.0,,
2019-09-27,328.0,212.0,0.0,,
2019-09-28,337.0,243.0,0.0,,
2019-09-29,344.0,243.0,0.0,,
2019-09-30,343.0,221.0,0.0,,
2019-10-01,345.0,222.0,0.0,,
2019-10-02,344.0,207.0,0.0,,
2019-10-03,347.0,207.0,2.0,,
2019-10-04,339.0,200.0,0.0,,
2019-10-05,341.0,198.0,0.0,,
2019-10-06,341.0,215.0,0.0,,
2019-10-07,259.0,167.0,27.0,,
2019-10-08,270.0,112.0,0.0,,
2019-10-09,307.0,131.0,0.0,,
2019-10-10,343.0,225.0,0.0,,
2019-10-11,252.0,69.0,102.0,,
2019-10-12,199.0,54.0,2.0,,
2019-10-13,231.0,116.0,9.0,,
2019-10-14,224.0,174.0,9.0,,
2019-10-15,265.0,220.0,68.0,,
2019-10-16,228.0,97.0,11.0,,
2019-10-17,210.0,87.0,3.0,,
2019-10-18,253.0,71.0,0.0,,
2019-10-19,301.0,150.0,0.0,,
2019-10-20,306.0,133.0,3.0,,
2019-10-21,266.0,98.0,256.0,,
2019-10-22,240.0,64.0,4.0,,
2019-10-23,257.0,87.0,0.0,,
2019-10-24,276.0,149.0,21.0,,
2019-10-25,163.0,83.0,104.0,,
2019-10-26,187.0,94.0,2.0,,
2019-10-27,241.0,94.0,14.0,,
2019-10-28,222.0,144.0,0.0,,
2019-10-29,206.0,118.0,44.0,,
2019-10-30,117.0,45.0,86.0,,
2019-10-31,112.0,-13.0,8.0,,
2019-11-01,152.0,-26.0,0.0,,
2019-11-02,193.0,12.0,0.0,,
2019-11-03,193.0,23.0,0.0,,
2019-11-04,248.0,98.0,4.0,,
2019-11-05,269.0,173.0,0.0,,
2019-11-06,264.0,171.0,0.0,,
2019-11-07,190.0,71.0,19.0,,
2019-11-08,136.0,40.0,0.0,,
2019-11-09,185.0,5.0,0.0,,
2019-11-10,230.0,67.0,0.0,,
2019-11-11,192.0,3.0,13.0,,
2019-11-12,58.0,-43.0,0.0,,
2019-11-13,83.0,-71.0,8.0,,
2019-11-14,77.0,4.0,72.0,,
2019-11-15,164.0,-14.0,0.0,,
2019-11-16,167.0,-9.0,0.0,,
2019-11-17,204.0,9.0,0.0,,
2019-11-18,220.0,32.0,0.0,,
2019-11-19,263.0,60.0,0.0,,
2019-11-20,257.0,136.0,0.0,,
2019-11-21,265.0,183.0,48.0,,
2019-11-22,204.0,76.0,0.0,,
2019-11-23,153.0,29.0,0.0,,
2019-11-24,204.0,13.0,0.0,,
2019-11-25,254.0,104.0,0.0,,
2019-11-26,232.0,174.0,3.0,,
2019-11-27,174.0,86.0,0.0,,
2019-11-28,155.0,99.0,2.0,,
2019-11-29,226.0,140.0,0.0,,
2019-11-30,267.0,139.0,14.0,,
2019-12-01,156.0,43.0,0.0,,
2019-12-02,146.0,5.0,0.0,,
2019-12-03,207.0,13.0,0.0,,
2019-12-04,213.0,17.0,0.0,,
2019-12-05,236.0,85.0,0.0,,
2019-12-06,205.0,103.0,0.0,,
2019-12-07,191.0,38.0,0.0,,
2019-12-08,202.0,85.0,3.0,,
2019-12-09,271.0,118.0,0.0,,
2019-12-10,118.0,46.0,154.0,,
2019-12-11,134.0,20.0,0.0,,
2019-12-12,153.0,23.0,0.0,,
2019-12-13,190.0,60.0,0.0,,
2019-12-14,206.0,16.0,0.0,,
2019-12-15,269.0,127.0,0.0,,
2019-12-16,209.0,36.0,0.0,,
2019-12-17,107.0,-15.0,0.0,,
2019-12-18,142.0,-43.0,0.0,,
2019-12-19,139.0,-13.0,0.0,,
2019-12-20,104.0,43.0,56.0,,
2019-12-21,137.0,44.0,0.0,,
2019-12-22,159.0,32.0,0.0,,
2019-12-23,198.0,-7.0,0.0,,
2019-12-24,217.0,22.0,0.0,,
2019-12-25,210.0,78.0,0.0,,
2019-12-26,211.0,119.0,0.0,,
2019-12-27,214.0,109.0,10.0,,
2019-12-28,205.0,127.0,121.0,,
2019-12-29,151.0,45.0,0.0,,
2019-12-30,134.0,-14.0,0.0,,
2019-12-31,143.0,-23.0,0.0,,
2020-01-01,124.0,13.0,0.0,,
2020-01-02,156.0,108.0,12.0,,
2020-01-03,147.0,52.0,0.0,,
2020-01-04,182.0,3.0,0.0,,
2020-01-05,235.0,65.0,0.0,,
2020-01-06,215.0,49.0,0.0,,
2020-01-07,183.0,4.0,0.0,,
2020-01-08,186.0,25.0,0.0,,
2020-01-09,220.0,127.0,0.0,,
2020-01-10,224.0,149.0,171.0,,
2020-01-11,151.0,-14.0,22.0,,
2020-01-12,123.0,-19.0,0.0,,
2020-01-13,184.0,53.0,7.0,,
2020-01-14,194.0,139.0,3.0,,
2020-01-15,258.0,189.0,0.0,,
2020-01-16,200.0,127.0,38.0,,
2020-01-17,183.0,118.0,23.0,,
2020-01-18,191.0,67.0,43.0,,
2020-01-19,136.0,31.0,0.0,,
2020-01-20,146.0,5.0,0.0,,
2020-01-21,,,0.0,,
2020-01-22,83.0,31.0,276.0,,
2020-01-23,123.0,37.0,6.0,,
2020-01-24,163.0,3.0,0.0,,
2020-01-25,179.0,26.0,7.0,,
2020-01-26,199.0,88.0,0.0,,
2020-01-27,184.0,70.0,0.0,,
2020-01-28,166.0,73.0,145.0,,
2020-01-29,89.0,53.0,0.0,,
2020-01-30,104.0,54.0,17.0,,
2020-01-31,113.0,23.0,0.0,,
2020-02-01,194.0,-11.0,0.0,,
2020-02-02,262.0,58.0,0.0,,
2020-02-03,214.0,110.0,0.0,,
2020-02-04,235.0,73.0,37.0,,
2020-02-05,73.0,20.0,72.0,,
2020-02-06,78.0,-20.0,7.0,,
2020-02-07,182.0,-13.0,0.0,,
2020-02-08,193.0,11.0,0.0,,
2020-02-09,216.0,144.0,89.0,,
2020-02-10,198.0,67.0,103.0,,
2020-02-11,98.0,57.0,258.0,,
2020-02-12,98.0,51.0,408.0,,
2020-02-13,94.0,15.0,0.0,,
2020-02-14,133.0,-5.0,0.0,,
2020-02-15,178.0,11.0,0.0,,
2020-02-16,233.0,134.0,0.0,,
2020-02-17,236.0,149.0,0.0,,
2020-02-18,230.0,96.0,28.0,,
2020-02-19,97.0,57.0,777.0,,
2020-02-20,113.0,52.0,197.0,,
2020-02-21,116.0,-7.0,0.0,,
2020-02-22,135.0,7.0,0.0,,
2020-02-23,159.0,69.0,10.0,,
2020-02-24,198.0,107.0,3.0,,
2020-02-25,179.0,40.0,0.0,,
2020-02-26,105.0,-8.0,0.0,,
2020-02-27,144.0,-38.0,0.0,,
2020-02-28,199.0,5.0,0.0,,
2020-02-29,230.0,43.0,0.0,,
2020-03-01,219.0,145.0,0.0,,
2020-03-02,227.0,181.0,0.0,,
2020-03-03,226.0,176.0,0.0,,
2020-03-04,193.0,111.0,990.0,,
2020-03-05,227.0,92.0,0.0,,
2020-03-06,206.0,58.0,0.0,,
2020-03-07,169.0,72.0,0.0,,
2020-03-08,218.0,73.0,0.0,,
2020-03-09,189.0,153.0,15.0,,
2020-03-10,251.0,149.0,0.0,,
2020-03-11,263.0,160.0,0.0,,
2020-03-12,286.0,189.0,0.0,,
2020-03-13,273.0,192.0,0.0,,
2020-03-14,263.0,177.0,0.0,,
2020-03-15,232.0,131.0,0.0,,
2020-03-16,217.0,126.0,0.0,,
2020-03-17,267.0,163.0,144.0,,
2020-03-18,260.0,198.0,0.0,,
2020-03-19,261.0,204.0,8.0,,
2020-03-20,222.0,90.0,271.0,,
2020-03-21,143.0,73.0,268.0,,
2020-03-22,164.0,112.0,63.0,,
2020-03-23,255.0,164.0,27.0,,
2020-03-24,291.0,137.0,0.0,,
2020-03-25,296.0,103.0,0.0,,
2020-03-26,286.0,186.0,0.0,,
2020-03-27,303.0,205.0,0.0,,
2020-03-28,241.0,100.0,59.0,,
2020-03-29,237.0,79.0,0.0,,
2020-03-30,184.0,148.0,192.0,,
2020-03-31,195.0,90.0,0.0,,
2020-04-01,227.0,78.0,0.0,,
2020-04-02,219.0,141.0,154.0,,
2020-04-03,234.0,80.0,40.0,,
2020-04-04,102.0,67.0,28.0,,
2020-04-05,191.0,98.0,2.0,,
2020-04-06,232.0,139.0,2.0,,
2020-04-07,303.0,211.0,0.0,,
2020-04-08,314.0,215.0,0.0,,
2020-04-09,296.0,164.0,25.0,,
2020-04-10,215.0,124.0,0.0,,
2020-04-11,246.0,107.0,0.0,,
2020-04-12,266.0,112.0,729.0,,
2020-04-13,163.0,66.0,0.0,,
2020-04-14,177.0,66.0,0.0,,
2020-04-15,188.0,45.0,0.0,,
2020-04-16,232.0,92.0,0.0,,
2020-04-17,229.0,119.0,13.0,,
2020-04-18,209.0,97.0,3.0,,
2020-04-19,227.0,158.0,602.0,,
2020-04-20,255.0,157.0,0.0,,
2020-04-21,291.0,162.0,0.0,,
2020-04-22,234.0,185.0,328.0,,
2020-04-23,267.0,149.0,0.0,,
2020-04-24,298.0,132.0,0.0,,
2020-04-25,228.0,135.0,0.0,,
2020-04-26,276.0,99.0,0.0,,
2020-04-27,283.0,143.0,0.0,,
2020-04-28,303.0,188.0,33.0,,
2020-04-29,258.0,128.0,254.0,,
2020-04-30,268.0,91.0,0.0,,
2020-05-01,283.0,115.0,0.0,,
2020-05-02,292.0,173.0,0.0,,
2020-05-03,297.0,212.0,0.0,,
2020-05-04,300.0,206.0,0.0,,
2020-05-05,278.0,178.0,4.0,,
2020-05-06,282.0,108.0,0.0,,
2020-05-07,286.0,141.0,3.0,,
2020-05-08,250.0,132.0,87.0,,
2020-05-09,226.0,113.0,0.0,,
2020-05-10,250.0,93.0,0.0,,
2020-05-11,270.0,114.0,0.0,,
2020-05-12,249.0,173.0,77.0,,
2020-05-13,285.0,186.0,0.0,,
2020-05-14,310.0,207.0,0.0,,
2020-05-15,302.0,202.0,0.0,,
2020-05-16,226.0,190.0,349.0,,
2020-05-17,285.0,170.0,72.0,,
2020-05-18,307.0,150.0,0.0,,
2020-05-19,330.0,200.0,0.0,,
2020-05-20,303.0,200.0,0.0,,
2020-05-21,297.0,208.0,0.0,,
2020-05-22,324.0,226.0,0.0,,
2020-05-23,312.0,208.0,0.0,,
2020-05-24,296.0,179.0,109.0,,
2020-05-25,228.0,163.0,334.0,,
2020-05-26,265.0,159.0,0.0,,
2020-05-27,279.0,142.0,0.0,,
2020-05-28,290.0,156.0,0.0,,
2020-05-29,307.0,175.0,0.0,,
2020-05-30,305.0,167.0,0.0,,
2020-05-31,305.0,195.0,0.0,,
2020-06-01,295.0,205.0,0.0,,
2020-06-02,319.0,206.0,0.0,,
2020-06-03,322.0,216.0,0.0,,
2020-06-04,322.0,212.0,0.0,,
2020-06-05,333.0,227.0,0.0,,
2020-06-06,349.0,210.0,0.0,,
2020-06-07,336.0,230.0,0.0,,
2020-06-08,342.0,228.0,0.0,,
2020-06-09,342.0,248.0,0.0,,
2020-06-10,313.0,164.0,0.0,,
2020-06-11,323.0,131.0,0.0,,
2020-06-12,325.0,172.0,0.0,,
2020-06-13,333.0,180.0,0.0,,
2020-06-14,342.0,175.0,0.0,,
2020-06-15,348.0,212.0,0.0,,
2020-06-16,334.0,206.0,0.0,,
2020-06-17,332.0,209.0,0.0,,
2020-06-18,338.0,205.0,0.0,,
2020-06-19,346.0,205.0,0.0,,
2020-06-20,317.0,196.0,112.0,,
2020-06-21,328.0,228.0,0.0,,
2020-06-22,301.0,230.0,0.0,,
2020-06-23,308.0,215.0,183.0,,
2020-06-24,292.0,216.0,44.0,,
2020-06-25,305.0,213.0,0.0,,
2020-06-26,284.0,224.0,15.0,,
2020-06-27,322.0,251.0,0.0,,
2020-06-28,327.0,248.0,0.0,,
2020-06-29,318.0,259.0,0.0,,
2020-06-30,327.0,258.0,0.0,,
2020-07-01,329.0,255.0,0.0,,
2020-07-02,342.0,251.0,0.0,,
2020-07-03,351.0,221.0,0.0,,
2020-07-04,347.0,206.0,0.0,,
2020-07-05,347.0,238.0,0.0,,
2020-07-06,321.0,221.0,381.0,,
2020-07-07,267.0,231.0,371.0,,
2020-07-08,337.0,235.0,0.0,,
2020-07-09,342.0,246.0,0.0,,
2020-07-10,344.0,237.0,0.0,,
2020-07-11,344.0,252.0,0.0,,
2020-07-12,352.0,244.0,0.0,,
2020-07-13,358.0,248.0,0.0,,
2020-07-14,353.0,244.0,0.0,,
2020-07-15,329.0,256.0,0.0,,
2020-07-16,347.0,244.0,0.0,,
2020-07-17,348.0,242.0,0.0,,
2020-07-18,344.0,231.0,0.0,,
2020-07-19,347.0,225.0,0.0,,
2020-07-20,344.0,229.0,0.0,,
2020-07-21,323.0,231.0,0.0,,
2020-07-22,336.0,234.0,0.0,,
2020-07-23,346.0,233.0,0.0,,
2020-07-24,337.0,243.0,9.0,,
2020-07-25,333.0,240.0,79.0,,
2020-07-26,330.0,228.0,0.0,,
2020-07-27,322.0,222.0,0.0,,
2020-07-28,341.0,234.0,12.0,,
2020-07-29,342.0,236.0,0.0,,
2020-07-30,353.0,242.0,0.0,,
2020-07-31,329.0,242.0,0.0,,
2020-08-01,333.0,223.0,0.0,,
2020-08-02,346.0,217.0,0.0,,
2020-08-03,345.0,199.0,0.0,,
2020-08-04,347.0,215.0,0.0,,
2020-08-05,356.0,245.0,0.0,,
2020-08-06,365.0,236.0,0.0,,
2020-08-07,365.0,240.0,0.0,,
2020-08-08,368.0,242.0,0.0,,
2020-08-09,369.0,244.0,0.0,,
2020-08-10,369.0,241.0,0.0,,
2020-08-11,368.0,247.0,0.0,,
2020-08-12,368.0,253.0,0.0,,
2020-08-13,379.0,250.0,0.0,,
2020-08-14,376.0,245.0,0.0,,
2020-08-15,396.0,250.0,0.0,,
2020-08-16,393.0,212.0,438.0,,
2020-08-17,310.0,209.0,110.0,,
2020-08-18,349.0,219.0,0.0,,
2020-08-19,330.0,194.0,0.0,,
2020-08-20,325.0,213.0,0.0,,
2020-08-21,331.0,179.0,0.0,,
2020-08-22,337.0,200.0,0.0,,
2020-08-23,348.0,203.0,0.0,,
2020-08-24,343.0,219.0,0.0,,
2020-08-25,355.0,239.0,0.0,,
2020-08-26,335.0,242.0,8.0,,
2020-08-27,334.0,232.0,0.0,,
2020-08-28,368.0,239.0,117.0,,
2020-08-29,364.0,238.0,0.0,,
2020-08-30,359.0,242.0,0.0,,
2020-08-31,370.0,266.0,0.0,,
2020-09-01,356.0,256.0,15.0,,
2020-09-02,256.0,221.0,653.0,,
2020-09-03,246.0,214.0,901.0,,
2020-09-04,284.0,209.0,191.0,,
2020-09-05,280.0,218.0,36.0,,
2020-09-06,324.0,204.0,0.0,,
2020-09-07,329.0,215.0,0.0,,
2020-09-08,301.0,230.0,12.0,,
2020-09-09,323.0,233.0,123.0,,
2020-09-10,240.0,166.0,0.0,,
2020-09-11,296.0,181.0,0.0,,
2020-09-12,321.0,204.0,0.0,,
2020-09-13,328.0,226.0,0.0,,
2020-09-14,309.0,222.0,0.0,,
2020-09-15,312.0,230.0,0.0,,
2020-09-16,319.0,216.0,0.0,,
2020-09-17,317.0,220.0,8.0,,
2020-09-18,295.0,208.0,0.0,,
2020-09-19,271.0,179.0,0.0,,
2020-09-20,287.0,152.0,0.0,,
2020-09-21,230.0,192.0,123.0,,
2020-09-22,214.0,192.0,70.0,,
2020-09-23,229.0,191.0,0.0,,
2020-09-24,216.0,184.0,0.0,,
2020-09-25,272.0,174.0,0.0,,
2020-09-26,285.0,175.0,0.0,,
2020-09-27,309.0,212.0,0.0,,
2020-09-28,254.0,133.0,27.0,,
2020-09-29,269.0,84.0,0.0,,
2020-09-30,297.0,104.0,0.0,,
2020-10-01,284.0,114.0,0.0,,
2020-10-02,253.0,142.0,0.0,,
2020-10-03,270.0,102.0,0.0,,
2020-10-04,264.0,130.0,0.0,,
2020-10-05,257.0,127.0,0.0,,
2020-10-06,283.0,143.0,0.0,,
2020-10-07,292.0,127.0,0.0,,
2020-10-08,277.0,159.0,4.0,,
2020-10-09,270.0,199.0,11.0,,
2020-10-10,302.0,179.0,0.0,,
2020-10-11,330.0,175.0,0.0,,
2020-10-12,280.0,170.0,0.0,,
2020-10-13,277.0,101.0,0.0,,
2020-10-14,296.0,123.0,0.0,,
2020-10-15,279.0,158.0,11.0,,
2020-10-16,219.0,94.0,0.0,,
2020-10-17,255.0,96.0,0.0,,
2020-10-18,308.0,219.0,0.0,,
2020-10-19,301.0,218.0,0.0,,
2020-10-20,300.0,211.0,0.0,,
2020-10-21,300.0,191.0,0.0,,
2020-10-22,300.0,189.0,0.0,,
2020-10-23,243.0,108.0,80.0,,
2020-10-24,162.0,92.0,0.0,,
2020-10-25,165.0,120.0,0.0,,
2020-10-26,214.0,88.0,35.0,,
2020-10-27,110.0,70.0,27.0,,
2020-10-28,100.0,32.0,282.0,,
2020-10-29,112.0,25.0,0.0,,
2020-10-30,190.0,39.0,0.0,,
2020-10-31,207.0,60.0,0.0,,
2020-11-01,232.0,73.0,0.0,,
2020-11-02,209.0,66.0,0.0,,
2020-11-03,231.0,56.0,0.0,,
2020-11-04,239.0,68.0,0.0,,
2020-11-05,254.0,159.0,0.0,,
2020-11-06,248.0,130.0,0.0,,
2020-11-07,259.0,104.0,0.0,,
2020-11-08,243.0,161.0,0.0,,
2020-11-09,269.0,194.0,0.0,,
2020-11-10,263.0,177.0,9.0,,
2020-11-11,262.0,114.0,0.0,,
2020-11-12,268.0,114.0,0.0,,
2020-11-13,276.0,147.0,0.0,,
2020-11-14,280.0,197.0,0.0,,
2020-11-15,233.0,68.0,0.0,,
2020-11-16,211.0,16.0,0.0,,
2020-11-17,236.0,36.0,0.0,,
2020-11-18,237.0,107.0,0.0,,
2020-11-19,256.0,99.0,0.0,,
2020-11-20,255.0,170.0,0.0,,
2020-11-21,254.0,170.0,0.0,,
2020-11-22,236.0,111.0,0.0,,
2020-11-23,188.0,104.0,0.0,,
2020-11-24,227.0,103.0,0.0,,
2020-11-25,228.0,56.0,136.0,,
2020-11-26,234.0,43.0,0.0,,
2020-11-27,193.0,153.0,62.0,,
2020-11-28,156.0,111.0,18.0,,
2020-11-29,111.0,69.0,29.0,,
2020-11-30,106.0,-20.0,0.0,,
2020-12-01,144.0,-29.0,0.0,,
2020-12-02,121.0,58.0,136.0,,
2020-12-03,89.0,9.0,0.0,,
2020-12-04,130.0,15.0,0.0,,
2020-12-05,159.0,-15.0,2.0,,
2020-12-06,161.0,32.0,0.0,,
2020-12-07,167.0,9.0,0.0,,
2020-12-08,219.0,10.0,0.0,,
2020-12-09,255.0,22.0,0.0,,
2020-12-10,234.0,73.0,0.0,,
2020-12-11,173.0,146.0,127.0,,
2020-12-12,147.0,55.0,0.0,,
2020-12-13,84.0,35.0,351.0,,
2020-12-14,111.0,24.0,0.0,,
2020-12-15,63.0,14.0,5.0,,
2020-12-16,61.0,-23.0,0.0,,
2020-12-17,137.0,-38.0,0.0,,
2020-12-18,174.0,20.0,0.0,,
2020-12-19,160.0,118.0,150.0,,
2020-12-20,161.0,50.0,0.0,,
2020-12-21,211.0,34.0,0.0,,
2020-12-22,210.0,89.0,0.0,,
2020-12-23,241.0,56.0,0.0,,
2020-12-24,104.0,-1.0,0.0,,
2020-12-25,147.0,-17.0,0.0,,
2020-12-26,198.0,40.0,0.0,,
2020-12-27,230.0,106.0,0.0,,
2020-12-28,211.0,129.0,0.0,,
2020-12-29,222.0,124.0,0.0,,
2020-12-30,209.0,76.0,360.0,,
2020-12-31,88.0,52.0,491.0,,
2021-01-01,56.0,26.0,0.0,,
2021-01-02,117.0,32.0,0.0,,
2021-01-03,187.0,37.0,0.0,,
2021-01-04,216.0,56.0,0.0,,
2021-01-05,195.0,22.0,0.0,,
2021-01-06,151.0,83.0,468.0,,
2021-01-07,89.0,71.0,0.0,,
2021-01-08,78.0,2.0,0.0,,
2021-01-09,98.0,-23.0,0.0,,
2021-01-10,47.0,1.0,159.0,,
2021-01-11,36.0,-21.0,0.0,,
2021-01-12,100.0,-33.0,0.0,,
2021-01-13,151.0,0.0,2.0,,
2021-01-14,175.0,50.0,0.0,,
2021-01-15,124.0,-9.0,0.0,,
2021-01-16,130.0,-22.0,0.0,,
2021-01-17,167.0,-4.0,0.0,,
2021-01-18,202.0,4.0,0.0,,
2021-01-19,151.0,101.0,129.0,,
2021-01-20,134.0,89.0,3.0,,
2021-01-21,163.0,88.0,27.0,,
2021-01-22,141.0,105.0,10.0,,
2021-01-23,129.0,104.0,0.0,,
2021-01-24,205.0,118.0,0.0,,
2021-01-25,217.0,83.0,44.0,,
2021-01-26,194.0,45.0,0.0,,
2021-01-27,144.0,32.0,0.0,,
2021-01-28,120.0,3.0,0.0,,
2021-01-29,167.0,40.0,0.0,,
2021-01-30,227.0,122.0,25.0,,
2021-01-31,151.0,53.0,0.0,,
2021-02-01,155.0,21.0,0.0,,
2021-02-02,178.0,12.0,0.0,,
2021-02-03,206.0,64.0,0.0,,
2021-02-04,242.0,102.0,0.0,,
2021-02-05,150.0,57.0,0.0,,
2021-02-06,145.0,52.0,0.0,,
2021-02-07,169.0,3.0,0.0,,
2021-02-08,192.0,81.0,0.0,,
2021-02-09,153.0,50.0,2.0,,
2021-02-10,67.0,8.0,22.0,,
2021-02-12,-17.0,-30.0,0.0,,
2021-02-13,-17.0,-32.0,0.0,,
2021-02-14,-25.0,-103.0,72.0,,
2021-02-15,-94.0,-159.0,113.0,,
2021-02-16,-40.0,-190.0,,,
2021-02-19,20.0,-106.0,10.0,,
2021-02-20,132.0,-44.0,0.0,,
2021-02-21,207.0,52.0,0.0,,
2021-02-22,204.0,16.0,0.0,,
2021-02-23,246.0,58.0,0.0,,
2021-02-24,266.0,133.0,0.0,,
2021-02-25,175.0,118.0,9.0,,
2021-02-26,147.0,95.0,31.0,,
2021-02-27,249.0,131.0,4.0,,
2021-02-28,267.0,124.0,47.0,,
2021-03-01,124.0,74.0,117.0,,
2021-03-02,169.0,58.0,5.0,,
2021-03-03,193.0,24.0,0.0,,
2021-03-04,219.0,57.0,0.0,,
2021-03-05,181.0,104.0,0.0,,
2021-03-06,186.0,53.0,0.0,,
2021-03-07,197.0,28.0,0.0,,
2021-03-08,212.0,59.0,0.0,,
2021-03-09,224.0,124.0,0.0,,
2021-03-10,255.0,157.0,0.0,,
2021-03-11,255.0,197.0,0.0,,
2021-03-12,267.0,185.0,0.0,,
2021-03-13,265.0,173.0,0.0,,
2021-03-14,201.0,92.0,83.0,,
2021-03-15,278.0,92.0,0.0,,
2021-03-16,276.0,174.0,0.0,,
2021-03-17,234.0,91.0,143.0,,
2021-03-18,157.0,60.0,0.0,,
2021-03-19,137.0,46.0,0.0,,
2021-03-20,191.0,25.0,0.0,,
2021-03-21,208.0,30.0,0.0,,
2021-03-22,200.0,117.0,34.0,,
2021-03-23,235.0,121.0,43.0,,
2021-03-24,249.0,110.0,0.0,,
2021-03-25,210.0,96.0,16.0,,
2021-03-26,273.0,89.0,0.0,,
2021-03-27,259.0,177.0,5.0,,
2021-03-28,227.0,95.0,0.0,,
2021-03-29,230.0,47.0,0.0,,
2021-03-30,275.0,149.0,0.0,,
2021-03-31,215.0,61.0,0.0,,
2021-04-01,200.0,20.0,0.0,,
2021-04-02,198.0,38.0,0.0,,
2021-04-03,175.0,96.0,7.0,,
2021-04-04,236.0,123.0,0.0,,
2021-04-05,249.0,133.0,0.0,,
2021-04-06,277.0,165.0,0.0,,
2021-04-07,251.0,108.0,133.0,,
2021-04-08,279.0,76.0,3.0,,
2021-04-09,267.0,180.0,87.0,,
2021-04-10,229.0,94.0,8.0,,
2021-04-11,287.0,67.0,0.0,,
2021-04-12,294.0,132.0,0.0,,
2021-04-13,290.0,184.0,8.0,,
2021-04-14,221.0,156.0,10.0,,
2021-04-15,191.0,140.0,87.0,,
2021-04-16,148.0,131.0,406.0,,
2021-04-17,132.0,86.0,3.0,,
2021-04-18,198.0,50.0,0.0,,
2021-04-19,218.0,45.0,0.0,,
2021-04-20,234.0,64.0,0.0,,
2021-04-21,170.0,41.0,0.0,,
2021-04-22,197.0,76.0,0.0,,
2021-04-23,216.0,165.0,260.0,,
2021-04-24,246.0,130.0,0.0,,
2021-04-25,267.0,107.0,0.0,,
2021-04-26,273.0,155.0,0.0,,
2021-04-27,252.0,191.0,0.0,,
2021-04-28,309.0,226.0,0.0,,
2021-04-29,285.0,215.0,22.0,,
2021-04-30,228.0,192.0,6.0,,
2021-05-01,236.0,181.0,149.0,,
2021-05-02,283.0,178.0,314.0,,
2021-05-03,316.0,219.0,0.0,,
2021-05-04,252.0,154.0,0.0,,
2021-05-05,260.0,107.0,0.0,,
2021-05-06,283.0,125.0,0.0,,
2021-05-07,286.0,124.0,0.0,,
2021-05-08,297.0,152.0,0.0,,
2021-05-09,285.0,209.0,114.0,,
2021-05-10,225.0,166.0,5.0,,
2021-05-11,229.0,157.0,392.0,,
2021-05-12,171.0,145.0,0.0,,
2021-05-13,248.0,145.0,0.0,,
2021-05-14,256.0,152.0,0.0,,
2021-05-15,276.0,154.0,0.0,,
2021-05-16,252.0,189.0,157.0,,
2021-05-17,268.0,179.0,257.0,,
2021-05-18,290.0,179.0,326.0,,
2021-05-19,253.0,170.0,56.0,,
2021-05-20,247.0,193.0,25.0,,
2021-05-21,281.0,208.0,73.0,,
2021-05-22,269.0,212.0,22.0,,
2021-05-23,263.0,205.0,4.0,,
2021-05-24,256.0,205.0,33.0,,
2021-05-25,280.0,189.0,60.0,,
2021-05-26,303.0,212.0,0.0,,
2021-05-27,304.0,219.0,0.0,,
2021-05-28,258.0,182.0,190.0,,
2021-05-29,296.0,188.0,0.0,,
2021-05-30,248.0,175.0,0.0,,
2021-05-31,291.0,186.0,250.0,,
2021-06-01,254.0,174.0,175.0,,
2021-06-02,270.0,157.0,0.0,,
2021-06-03,266.0,197.0,0.0,,
2021-06-04,264.0,200.0,39.0,,
2021-06-05,300.0,205.0,0.0,,
2021-06-06,312.0,212.0,0.0,,
2021-06-07,282.0,201.0,260.0,,
2021-06-08,307.0,207.0,92.0,,
2021-06-09,332.0,246.0,0.0,,
2021-06-10,329.0,239.0,0.0,,
2021-06-11,321.0,241.0,0.0,,
2021-06-12,306.0,228.0,0.0,,
2021-06-13,343.0,219.0,0.0,,
2021-06-14,351.0,234.0,0.0,,
2021-06-15,346.0,222.0,0.0,,
2021-06-16,344.0,206.0,0.0,,
2021-06-17,341.0,216.0,0.0,,
2021-06-18,323.0,208.0,0.0,,
2021-06-19,331.0,195.0,0.0,,
2021-06-20,334.0,228.0,0.0,,
2021-06-21,332.0,242.0,0.0,,
2021-06-22,287.0,220.0,0.0,,
2021-06-23,338.0,231.0,0.0,,
2021-06-24,343.0,249.0,0.0,,
2021-06-25,338.0,243.0,0.0,,
2021-06-26,340.0,243.0,0.0,,
2021-06-27,314.0,228.0,140.0,,
2021-06-28,289.0,223.0,19.0,,
2021-06-29,316.0,228.0,21.0,,
2021-06-30,319.0,224.0,0.0,,
2021-07-01,333.0,226.0,0.0,,
2021-07-02,314.0,238.0,0.0,,
2021-07-03,295.0,219.0,0.0,,
2021-07-04,314.0,231.0,0.0,,
2021-07-05,327.0,225.0,0.0,,
2021-07-06,337.0,211.0,0.0,,
2021-07-07,325.0,207.0,0.0,,
2021-07-08,339.0,222.0,0.0,,
2021-07-09,300.0,224.0,0.0,,
2021-07-10,339.0,221.0,0.0,,
2021-07-11,313.0,197.0,570.0,,
2021-07-12,267.0,207.0,276.0,,
2021-07-13,317.0,194.0,0.0,,
2021-07-14,326.0,194.0,0.0,,
2021-07-15,317.0,232.0,6.0,,
2021-07-16,325.0,237.0,0.0,,
2021-07-17,324.0,240.0,0.0,,
2021-07-18,333.0,236.0,0.0,,
2021-07-19,282.0,214.0,153.0,,
2021-07-20,312.0,202.0,12.0,,
2021-07-21,313.0,222.0,0.0,,
2021-07-23,332.0,218.0,0.0,,
2021-07-24,336.0,243.0,0.0,,
2021-07-25,338.0,231.0,0.0,,
2021-07-26,343.0,221.0,0.0,,
2021-07-27,349.0,223.0,0.0,,
2021-07-28,346.0,228.0,98.0,,
2021-07-29,355.0,225.0,2.0,,
2021-07-30,351.0,234.0,0.0,,
2021-07-31,345.0,238.0,0.0,,
2021-08-01,349.0,245.0,0.0,,
2021-08-02,299.0,236.0,206.0,,
2021-08-03,318.0,236.0,0.0,,
2021-08-04,,,0.0,,
2021-08-05,307.0,212.0,0.0,,
2021-08-06,322.0,198.0,0.0,,
2021-08-07,321.0,226.0,22.0,,
2021-08-08,338.0,242.0,0.0,,
2021-08-09,342.0,249.0,0.0,,
2021-08-10,344.0,248.0,0.0,,
2021-08-11,345.0,238.0,0.0,,
2021-08-12,348.0,244.0,0.0,,
2021-08-13,346.0,237.0,0.0,,
2021-08-14,340.0,219.0,161.0,,
2021-08-15,317.0,214.0,0.0,,
2021-08-16,335.0,220.0,0.0,,
2021-08-17,334.0,227.0,310.0,,
2021-08-18,315.0,227.0,403.0,,
2021-08-19,342.0,249.0,0.0,,
2021-08-20,338.0,243.0,0.0,,
2021-08-21,342.0,228.0,0.0,,
2021-08-22,338.0,234.0,0.0,,
2021-08-23,343.0,224.0,0.0,,
2021-08-24,343.0,227.0,0.0,,
2021-08-25,352.0,232.0,0.0,,
2021-08-26,351.0,243.0,0.0,,
2021-08-27,335.0,231.0,0.0,,
2021-08-28,321.0,232.0,0.0,,
2021-08-29,327.0,236.0,0.0,,
2021-08-30,340.0,224.0,0.0,,
2021-08-31,356.0,222.0,0.0,,
2021-09-01,350.0,241.0,0.0,,
2021-09-02,345.0,237.0,0.0,,
2021-09-03,343.0,237.0,0.0,,
2021-09-04,342.0,234.0,0.0,,
2021-09-05,357.0,229.0,151.0,,
2021-09-06,329.0,208.0,0.0,,
2021-09-07,328.0,171.0,0.0,,
2021-09-08,331.0,163.0,0.0,,
2021-09-09,323.0,184.0,0.0,,
2021-09-10,321.0,146.0,0.0,,
2021-09-11,308.0,164.0,0.0,,
2021-09-12,324.0,173.0,0.0,,
2021-09-13,309.0,232.0,0.0,,
2021-09-14,264.0,216.0,10.0,,
2021-09-15,306.0,213.0,0.0,,
2021-09-16,300.0,204.0,0.0,,
2021-09-17,323.0,198.0,0.0,,
2021-09-18,329.0,205.0,0.0,,
2021-09-19,334.0,210.0,0.0,,
2021-09-20,351.0,236.0,0.0,,
2021-09-21,316.0,226.0,0.0,,
2021-09-22,283.0,138.0,0.0,,
2021-09-23,290.0,89.0,0.0,,
2021-09-24,292.0,121.0,0.0,,
2021-09-25,306.0,128.0,0.0,,
2021-09-26,314.0,150.0,0.0,,
2021-09-27,315.0,169.0,0.0,,
2021-09-28,336.0,216.0,0.0,,
2021-09-29,310.0,208.0,0.0,,
2021-09-30,327.0,196.0,0.0,,
2021-10-01,269.0,203.0,10.0,,
2021-10-02,306.0,202.0,0.0,,
2021-10-03,310.0,200.0,0.0,,
2021-10-04,313.0,138.0,0.0,,
2021-10-05,305.0,109.0,0.0,,
2021-10-06,308.0,135.0,0.0,,
2021-10-07,320.0,148.0,0.0,,
2021-10-08,327.0,178.0,0.0,,
2021-10-09,321.0,171.0,0.0,,
2021-10-10,331.0,166.0,179.0,,
2021-10-11,279.0,157.0,18.0,,
2021-10-12,274.0,182.0,23.0,,
2021-10-13,318.0,216.0,34.0,,
2021-10-14,276.0,212.0,401.0,,
2021-10-15,291.0,154.0,0.0,,
2021-10-16,232.0,85.0,0.0,,
2021-10-17,232.0,63.0,0.0,,
2021-10-18,249.0,87.0,0.0,,
2021-10-19,263.0,137.0,0.0,,
2021-10-20,293.0,146.0,0.0,,
2021-10-21,305.0,169.0,0.0,,
2021-10-22,302.0,183.0,0.0,,
2021-10-23,300.0,198.0,0.0,,
2021-10-24,302.0,186.0,0.0,,
2021-10-25,310.0,203.0,0.0,,
2021-10-26,291.0,213.0,0.0,,
2021-10-27,247.0,138.0,159.0,,
2021-10-28,225.0,131.0,0.0,,
2021-10-29,214.0,72.0,0.0,,
2021-10-30,230.0,29.0,0.0,,
2021-10-31,261.0,73.0,0.0,,
2021-11-01,255.0,94.0,0.0,,
2021-11-02,242.0,113.0,0.0,,
2021-11-03,169.0,79.0,105.0,,
2021-11-04,161.0,54.0,0.0,,
2021-11-05,163.0,25.0,0.0,,
2021-11-06,194.0,18.0,0.0,,
2021-11-07,220.0,65.0,0.0,,
2021-11-08,236.0,86.0,0.0,,
2021-11-09,233.0,124.0,0.0,,
2021-11-10,250.0,151.0,0.0,,
2021-11-11,211.0,72.0,261.0,,
2021-11-12,207.0,43.0,0.0,,
2021-11-13,172.0,6.0,0.0,,
2021-11-14,237.0,57.0,0.0,,
2021-11-15,265.0,103.0,0.0,,
2021-11-16,261.0,156.0,0.0,,
2021-11-17,271.0,169.0,0.0,,
2021-11-18,194.0,43.0,0.0,,
2021-11-19,173.0,27.0,0.0,,
2021-11-20,200.0,64.0,0.0,,
2021-11-21,232.0,129.0,0.0,,
2021-11-22,194.0,45.0,0.0,,
2021-11-23,198.0,33.0,0.0,,
2021-11-24,239.0,124.0,0.0,,
2021-11-25,199.0,76.0,198.0,,
2021-11-26,106.0,33.0,0.0,,
2021-11-27,126.0,32.0,73.0,,
2021-11-28,196.0,57.0,0.0,,
2021-11-29,204.0,23.0,0.0,,
2021-11-30,223.0,83.0,0.0,,
2021-12-01,245.0,103.0,0.0,,
2021-12-02,255.0,107.0,0.0,,
2021-12-03,234.0,163.0,0.0,,
2021-12-04,239.0,181.0,0.0,,
2021-12-05,240.0,197.0,0.0,,
2021-12-06,215.0,66.0,21.0,,
2021-12-07,165.0,53.0,0.0,,
2021-12-08,186.0,77.0,0.0,,
2021-12-09,260.0,151.0,0.0,,
2021-12-10,281.0,215.0,3.0,,
2021-12-11,238.0,6.0,84.0,,
2021-12-12,152.0,-14.0,0.0,,
2021-12-13,168.0,56.0,14.0,,
2021-12-14,239.0,167.0,11.0,,
2021-12-15,263.0,206.0,0.0,,
2021-12-16,262.0,209.0,10.0,,
2021-12-17,249.0,206.0,0.0,,
2021-12-18,209.0,65.0,512.0,,
2021-12-19,108.0,20.0,0.0,,
2021-12-20,113.0,23.0,34.0,,
2021-12-21,145.0,-4.0,0.0,,
2021-12-22,201.0,63.0,0.0,,
2021-12-23,230.0,134.0,0.0,,
2021-12-24,247.0,152.0,0.0,,
2021-12-25,249.0,159.0,0.0,,
2021-12-26,259.0,164.0,2.0,,
2021-12-27,253.0,186.0,0.0,,
2021-12-28,253.0,166.0,0.0,,
2021-12-29,264.0,152.0,0.0,,
2021-12-30,252.0,94.0,0.0,,
2021-12-31,257.0,172.0,0.0,,
2022-01-01,262.0,20.0,0.0,,
2022-01-02,39.0,-49.0,0.0,,
2022-01-03,102.0,-61.0,0.0,,
2022-01-04,166.0,-13.0,0.0,,
2022-01-05,190.0,79.0,0.0,,
2022-01-06,112.0,-1.0,0.0,,
2022-01-07,103.0,-34.0,0.0,,
2022-01-08,203.0,91.0,242.0,,
2022-01-09,202.0,99.0,0.0,,
2022-01-10,137.0,17.0,0.0,,
2022-01-11,133.0,-10.0,0.0,,
2022-01-12,171.0,52.0,0.0,,
2022-01-13,229.0,32.0,0.0,,
2022-01-14,230.0,38.0,0.0,,
2022-01-15,172.0,-10.0,0.0,,
2022-01-16,112.0,-24.0,0.0,,
2022-01-17,182.0,-21.0,0.0,,
2022-01-18,222.0,65.0,0.0,,
2022-01-19,233.0,47.0,0.0,,
2022-01-20,47.0,-16.0,0.0,,
2022-01-21,80.0,-49.0,0.0,,
2022-01-22,108.0,-40.0,0.0,,
2022-01-23,172.0,-31.0,0.0,,
2022-01-24,107.0,48.0,232.0,,
2022-01-25,123.0,54.0,0.0,,
2022-01-26,113.0,0.0,0.0,,
2022-01-27,145.0,22.0,0.0,,
2022-01-28,134.0,-5.0,0.0,,
2022-01-29,179.0,-24.0,0.0,,
2022-01-30,203.0,18.0,0.0,,
2022-01-31,149.0,83.0,64.0,,
2022-02-01,183.0,117.0,0.0,,
2022-02-02,180.0,10.0,270.0,,
2022-02-03,16.0,-40.0,305.0,,
2022-02-04,-2.0,-53.0,0.0,,
2022-02-05,92.0,-76.0,8.0,,
2022-02-06,134.0,-29.0,2.0,,
2022-02-07,155.0,-27.0,2.0,,
2022-02-08,179.0,-27.0,0.0,,
2022-02-09,211.0,23.0,0.0,,
2022-02-10,223.0,-1.0,0.0,,
2022-02-11,231.0,63.0,0.0,,
2022-02-12,128.0,-18.0,81.0,,
2022-02-13,163.0,-51.0,0.0,,
2022-02-14,206.0,24.0,0.0,,
2022-02-15,218.0,60.0,0.0,,
2022-02-16,227.0,160.0,10.0,,
2022-02-17,205.0,10.0,75.0,,
2022-02-18,124.0,-2.0,0.0,,
2022-02-19,186.0,-25.0,0.0,,
2022-02-20,193.0,39.0,0.0,,
2022-02-21,269.0,149.0,2.0,,
2022-02-22,256.0,72.0,0.0,,
2022-02-23,72.0,-18.0,36.0,,
2022-02-24,5.0,-12.0,8.0,,
2022-02-25,41.0,-23.0,0.0,,
2022-02-26,41.0,16.0,159.0,,
2022-02-27,136.0,7.0,0.0,,
2022-02-28,184.0,-30.0,3.0,,
2022-03-01,215.0,7.0,0.0,,
2022-03-02,232.0,74.0,0.0,,
2022-03-03,246.0,84.0,0.0,,
2022-03-04,240.0,120.0,0.0,,
2022-03-05,272.0,179.0,0.0,,
2022-03-06,273.0,152.0,0.0,,
2022-03-07,152.0,35.0,0.0,,
2022-03-08,60.0,23.0,29.0,,
2022-03-09,141.0,-11.0,0.0,,
2022-03-10,214.0,30.0,0.0,,
2022-03-11,159.0,8.0,24.0,,
2022-03-12,135.0,-49.0,2.0,,
2022-03-13,180.0,-6.0,0.0,,
2022-03-14,236.0,85.0,290.0,,
2022-03-15,207.0,70.0,0.0,,
2022-03-16,249.0,60.0,0.0,,
2022-03-17,236.0,113.0,2.0,,
2022-03-18,187.0,66.0,0.0,,
2022-03-19,231.0,25.0,0.0,,
2022-03-20,260.0,82.0,0.0,,
2022-03-21,231.0,145.0,666.0,,
2022-03-22,153.0,57.0,155.0,,
2022-03-23,181.0,52.0,0.0,,
2022-03-24,191.0,35.0,0.0,,
2022-03-25,265.0,30.0,0.0,,
2022-03-26,287.0,80.0,0.0,,
2022-03-27,292.0,122.0,0.0,,
2022-03-28,275.0,126.0,0.0,,
2022-03-29,275.0,189.0,0.0,,
2022-03-30,231.0,73.0,148.0,,
2022-03-31,206.0,45.0,0.0,,
2022-04-01,242.0,58.0,0.0,,
2022-04-02,269.0,115.0,0.0,,
2022-04-03,279.0,148.0,0.0,,
2022-04-04,265.0,152.0,0.0,,
2022-04-05,312.0,153.0,171.0,,
2022-04-06,239.0,110.0,0.0,,
2022-04-07,217.0,77.0,0.0,,
2022-04-08,201.0,46.0,0.0,,
2022-04-09,280.0,29.0,0.0,,
2022-04-10,281.0,158.0,0.0,,
2022-04-11,284.0,200.0,0.0,,
2022-04-12,268.0,168.0,125.0,,
2022-04-13,265.0,147.0,47.0,,
2022-04-14,253.0,89.0,0.0,,
2022-04-15,249.0,138.0,0.0,,
2022-04-16,279.0,183.0,0.0,,
2022-04-17,261.0,157.0,0.0,,
2022-04-18,237.0,125.0,0.0,,
2022-04-19,236.0,107.0,0.0,,
2022-04-20,274.0,181.0,0.0,,
2022-04-21,269.0,211.0,0.0,,
2022-04-22,289.0,199.0,0.0,,
2022-04-23,291.0,194.0,0.0,,
2022-04-24,294.0,185.0,0.0,,
2022-04-25,227.0,152.0,432.0,,
2022-04-26,238.0,114.0,0.0,,
2022-04-27,255.0,126.0,0.0,,
2022-04-28,275.0,136.0,0.0,,
2022-04-29,280.0,198.0,0.0,,
2022-04-30,293.0,179.0,65.0,,
2022-05-01,290.0,170.0,0.0,,
2022-05-02,300.0,222.0,0.0,,
2022-05-03,276.0,187.0,114.0,,
2022-05-04,308.0,188.0,0.0,,
2022-05-05,256.0,162.0,164.0,,
2022-05-06,,,0.0,,
2022-05-07,316.0,206.0,0.0,,
2022-05-08,324.0,235.0,0.0,,
2022-05-09,324.0,234.0,0.0,,
2022-05-10,319.0,229.0,0.0,,
2022-05-11,310.0,210.0,0.0,,
2022-05-12,315.0,190.0,0.0,,
2022-05-13,303.0,178.0,0.0,,
2022-05-14,310.0,211.0,0.0,,
2022-05-15,311.0,196.0,44.0,,
2022-05-16,318.0,187.0,18.0,,
2022-05-17,320.0,205.0,0.0,,
2022-05-18,328.0,219.0,0.0,,
2022-05-19,317.0,228.0,0.0,,
2022-05-20,334.0,225.0,0.0,,
2022-05-21,339.0,189.0,88.0,,
2022-05-22,196.0,158.0,0.0,,
2022-05-23,272.0,181.0,0.0,,
2022-05-24,281.0,166.0,134.0,,
2022-05-25,242.0,136.0,91.0,,
2022-05-26,316.0,119.0,0.0,,
2022-05-27,318.0,135.0,0.0,,
2022-05-28,323.0,188.0,0.0,,
2022-05-29,321.0,227.0,0.0,,
2022-05-30,328.0,232.0,0.0,,
2022-05-31,339.0,242.0,0.0,,
2022-06-01,341.0,219.0,18.0,,
2022-06-02,282.0,208.0,5.0,,
2022-06-03,305.0,197.0,50.0,,
2022-06-04,300.0,198.0,7.0,,
2022-06-05,332.0,210.0,0.0,,
2022-06-06,332.0,227.0,0.0,,
2022-06-07,340.0,243.0,0.0,,
2022-06-08,335.0,239.0,0.0,,
2022-06-09,346.0,236.0,0.0,,
2022-06-10,343.0,238.0,0.0,,
2022-06-11,351.0,237.0,0.0,,
2022-06-12,364.0,243.0,0.0,,
2022-06-13,366.0,241.0,0.0,,
2022-06-14,358.0,245.0,0.0,,
2022-06-15,349.0,247.0,0.0,,
2022-06-16,367.0,235.0,0.0,,
2022-06-17,365.0,240.0,95.0,,
2022-06-18,345.0,227.0,49.0,,
2022-06-19,373.0,231.0,0.0,,
2022-06-20,367.0,241.0,0.0,,
2022-06-21,373.0,245.0,0.0,,
2022-06-22,360.0,234.0,0.0,,
2022-06-23,376.0,236.0,0.0,,
2022-06-24,377.0,239.0,0.0,,
2022-06-25,369.0,239.0,0.0,,
2022-06-26,384.0,220.0,5.0,,
2022-06-27,362.0,236.0,0.0,,
2022-06-28,342.0,228.0,0.0,,
2022-06-29,355.0,226.0,0.0,,
2022-06-30,355.0,227.0,0.0,,
2022-07-01,337.0,218.0,0.0,,
2022-07-02,322.0,230.0,119.0,,
2022-07-03,371.0,252.0,0.0,,
2022-07-04,368.0,242.0,0.0,,
2022-07-05,367.0,242.0,0.0,,
2022-07-06,381.0,245.0,0.0,,
2022-07-07,376.0,252.0,0.0,,
2022-07-08,381.0,252.0,0.0,,
2022-07-09,403.0,255.0,0.0,,
2022-07-10,402.0,255.0,0.0,,
2022-07-11,394.0,257.0,0.0,,
2022-07-12,406.0,254.0,0.0,,
2022-07-13,406.0,256.0,0.0,,
2022-07-14,329.0,210.0,102.0,,
2022-07-15,353.0,216.0,0.0,,
2022-07-16,363.0,229.0,0.0,,
2022-07-17,380.0,244.0,0.0,,
2022-07-18,390.0,254.0,0.0,,
2022-07-19,391.0,255.0,0.0,,
2022-07-20,395.0,252.0,0.0,,
2022-07-21,378.0,250.0,0.0,,
2022-07-22,350.0,240.0,0.0,,
2022-07-23,371.0,231.0,0.0,,
2022-07-24,382.0,249.0,0.0,,
2022-07-25,387.0,249.0,0.0,,
2022-07-26,381.0,243.0,0.0,,
2022-07-27,383.0,245.0,0.0,,
2022-07-28,380.0,247.0,0.0,,
2022-07-29,380.0,248.0,0.0,,
2022-07-30,385.0,264.0,0.0,,
2022-07-31,379.0,256.0,0.0,,
2022-08-01,375.0,242.0,0.0,,
2022-08-02,382.0,250.0,0.0,,
2022-08-03,393.0,250.0,0.0,,
2022-08-04,387.0,247.0,0.0,,
2022-08-05,383.0,256.0,0.0,,
2022-08-06,346.0,226.0,0.0,,
2022-08-07,368.0,237.0,0.0,,
2022-08-08,380.0,243.0,0.0,,
2022-08-09,380.0,237.0,0.0,,
2022-08-10,374.0,220.0,200.0,,
2022-08-11,363.0,218.0,68.0,,
2022-08-12,362.0,235.0,0.0,,
2022-08-13,368.0,238.0,0.0,,
2022-08-14,357.0,236.0,0.0,,
2022-08-15,369.0,232.0,0.0,,
2022-08-16,372.0,231.0,0.0,,
2022-08-17,376.0,242.0,0.0,,
2022-08-18,343.0,221.0,23.0,,
2022-08-19,324.0,220.0,92.0,,
2022-08-20,330.0,225.0,9.0,,
2022-08-21,335.0,245.0,39.0,,
2022-08-22,254.0,227.0,298.0,,
2022-08-23,307.0,221.0,0.0,,
2022-08-24,301.0,220.0,0.0,,
2022-08-25,309.0,210.0,0.0,,
2022-08-26,335.0,228.0,0.0,,
2022-08-27,348.0,238.0,0.0,,
2022-08-28,347.0,242.0,0.0,,
2022-08-29,321.0,241.0,133.0,,
2022-08-30,285.0,224.0,4.0,,
2022-08-31,340.0,217.0,6.0,,
2022-09-01,332.0,227.0,253.0,,
2022-09-02,290.0,228.0,4.0,,
2022-09-03,322.0,227.0,0.0,,
2022-09-04,322.0,189.0,22.0,,
2022-09-05,333.0,185.0,0.0,,
2022-09-06,335.0,221.0,0.0,,
2022-09-07,326.0,196.0,75.0,,
2022-09-08,320.0,214.0,0.0,,
2022-09-09,315.0,197.0,0.0,,
2022-09-10,321.0,176.0,0.0,,
2022-09-11,306.0,192.0,0.0,,
2022-09-12,299.0,172.0,0.0,,
2022-09-13,316.0,169.0,0.0,,
2022-09-14,313.0,169.0,0.0,,
2022-09-15,323.0,154.0,0.0,,
2022-09-16,329.0,184.0,0.0,,
2022-09-17,333.0,218.0,0.0,,
2022-09-18,348.0,216.0,0.0,,
2022-09-19,354.0,222.0,0.0,,
2022-09-20,364.0,219.0,0.0,,
2022-09-21,360.0,208.0,0.0,,
2022-09-22,366.0,194.0,0.0,,
2022-09-23,370.0,228.0,0.0,,
2022-09-24,360.0,215.0,0.0,,
2022-09-25,361.0,186.0,0.0,,
2022-09-26,313.0,135.0,0.0,,
2022-09-27,325.0,101.0,0.0,,
2022-09-28,325.0,135.0,0.0,,
2022-09-29,290.0,154.0,0.0,,
2022-09-30,289.0,117.0,0.0,,
2022-10-01,290.0,85.0,0.0,,
2022-10-02,296.0,97.0,0.0,,
2022-10-03,311.0,116.0,0.0,,
2022-10-04,309.0,116.0,0.0,,
2022-10-05,312.0,112.0,0.0,,
2022-10-06,327.0,137.0,0.0,,
2022-10-07,303.0,151.0,0.0,,
2022-10-08,303.0,164.0,0.0,,
2022-10-09,297.0,139.0,0.0,,
2022-10-10,308.0,144.0,0.0,,
2022-10-11,299.0,169.0,0.0,,
2022-10-12,334.0,201.0,0.0,,
2022-10-13,307.0,139.0,0.0,,
2022-10-14,312.0,91.0,0.0,,
2022-10-15,335.0,183.0,0.0,,
2022-10-16,266.0,191.0,70.0,,
2022-10-17,230.0,109.0,35.0,,
2022-10-18,181.0,71.0,0.0,,
2022-10-19,,,0.0,,
2022-10-20,286.0,72.0,0.0,,
2022-10-21,304.0,122.0,0.0,,
2022-10-22,300.0,171.0,0.0,,
2022-10-23,301.0,197.0,0.0,,
2022-10-24,259.0,155.0,155.0,,
2022-10-25,209.0,73.0,0.0,,
2022-10-26,232.0,41.0,0.0,,
2022-10-27,242.0,115.0,0.0,,
2022-10-28,176.0,130.0,517.0,,
2022-10-29,173.0,138.0,6.0,,
2022-10-30,236.0,106.0,0.0,,
2022-10-31,258.0,99.0,0.0,,
2022-11-01,217.0,124.0,0.0,,
2022-11-02,255.0,103.0,0.0,,
2022-11-03,279.0,181.0,0.0,,
2022-11-04,281.0,128.0,115.0,,
2022-11-05,187.0,69.0,0.0,,
2022-11-06,257.0,104.0,0.0,,
2022-11-07,288.0,221.0,0.0,,
2022-11-08,282.0,198.0,0.0,,
2022-11-09,283.0,196.0,0.0,,
2022-11-10,254.0,177.0,0.0,,
2022-11-11,205.0,61.0,240.0,,
2022-11-12,118.0,-6.0,0.0,,
2022-11-13,129.0,-25.0,0.0,,
2022-11-14,89.0,57.0,118.0,,
2022-11-15,66.0,15.0,0.0,,
2022-11-16,126.0,10.0,0.0,,
2022-11-17,143.0,33.0,0.0,,
2022-11-18,140.0,5.0,0.0,,
2022-11-19,81.0,-4.0,0.0,,
2022-11-20,108.0,-23.0,7.0,,
2022-11-21,103.0,54.0,7.0,,
2022-11-22,169.0,61.0,0.0,,
2022-11-23,204.0,98.0,0.0,,
2022-11-24,181.0,139.0,305.0,,
2022-11-25,152.0,136.0,0.0,,
2022-11-26,157.0,77.0,228.0,,
2022-11-27,186.0,42.0,0.0,,
2022-11-28,213.0,35.0,0.0,,
2022-11-29,278.0,136.0,0.0,,
2022-11-30,138.0,34.0,0.0,,
2022-12-01,156.0,20.0,0.0,,
2022-12-02,207.0,103.0,14.0,,
2022-12-03,210.0,123.0,0.0,,
2022-12-04,174.0,104.0,18.0,,
2022-12-05,245.0,129.0,0.0,,
2022-12-06,256.0,200.0,0.0,,
2022-12-07,272.0,199.0,0.0,,
2022-12-08,260.0,197.0,0.0,,
2022-12-09,251.0,169.0,0.0,,
2022-12-10,250.0,170.0,11.0,,
2022-12-11,173.0,140.0,0.0,,
2022-12-12,190.0,138.0,0.0,,
2022-12-13,241.0,134.0,9.0,,
2022-12-14,173.0,26.0,23.0,,
2022-12-15,137.0,-7.0,0.0,,
2022-12-16,79.0,8.0,9.0,,
2022-12-17,122.0,-19.0,0.0,,
2022-12-18,135.0,-36.0,0.0,,
2022-12-19,92.0,46.0,322.0,,
2022-12-20,83.0,6.0,13.0,,
2022-12-21,111.0,-9.0,0.0,,
2022-12-22,89.0,-107.0,0.0,,
2022-12-23,-31.0,-117.0,0.0,,
2022-12-24,36.0,-73.0,0.0,,
2022-12-25,91.0,-76.0,0.0,,
2022-12-26,125.0,-30.0,0.0,,
2022-12-27,98.0,-43.0,0.0,,
2022-12-28,229.0,38.0,0.0,,
2022-12-29,231.0,152.0,268.0,,
2022-12-30,180.0,117.0,7.0,,
2022-12-31,224.0,111.0,0.0,,
2023-01-01,239.0,132.0,0.0,,
2023-01-02,245.0,201.0,158.0,,
2023-01-03,224.0,121.0,7.0,,
2023-01-04,177.0,44.0,0.0,,
2023-01-05,180.0,7.0,0.0,,
2023-01-06,237.0,64.0,0.0,,
2023-01-07,218.0,140.0,0.0,,
2023-01-08,191.0,47.0,0.0,,
2023-01-09,202.0,29.0,0.0,,
2023-01-10,232.0,107.0,0.0,,
2023-01-11,247.0,153.0,0.0,,
2023-01-12,197.0,50.0,0.0,,
2023-01-13,152.0,9.0,0.0,,
2023-01-14,165.0,-10.0,0.0,,
2023-01-15,215.0,77.0,0.0,,
2023-01-16,237.0,157.0,0.0,,
2023-01-17,246.0,133.0,0.0,,
2023-01-18,219.0,136.0,61.0,,
2023-01-19,168.0,49.0,0.0,,
2023-01-20,133.0,46.0,0.0,,
2023-01-21,103.0,69.0,7.0,,
2023-01-22,122.0,4.0,0.0,,
2023-01-23,135.0,-2.0,0.0,,
2023-01-24,83.0,43.0,446.0,,
2023-01-25,80.0,-2.0,0.0,,
2023-01-26,116.0,-26.0,0.0,,
2023-01-27,152.0,-10.0,0.0,,
2023-01-28,184.0,98.0,112.0,,
2023-01-29,190.0,22.0,58.0,,
2023-01-30,24.0,-2.0,85.0,,
2023-01-31,4.0,-11.0,76.0,,
2023-02-01,9.0,-14.0,166.0,,
2023-02-02,38.0,5.0,234.0,,
2023-02-03,134.0,17.0,0.0,,
2023-02-04,157.0,-2.0,0.0,,
2023-02-05,219.0,56.0,0.0,,
2023-02-06,228.0,122.0,0.0,,
2023-02-07,203.0,149.0,21.0,,
2023-02-08,195.0,38.0,455.0,,
2023-02-09,198.0,21.0,0.0,,
2023-02-10,112.0,48.0,8.0,,
2023-02-11,109.0,25.0,3.0,,
2023-02-12,189.0,-10.0,2.0,,
2023-02-13,206.0,48.0,0.0,,
2023-02-14,248.0,113.0,59.0,,
2023-02-15,255.0,121.0,0.0,,
2023-02-16,222.0,37.0,9.0,,
2023-02-17,112.0,-8.0,0.0,,
2023-02-18,125.0,-26.0,0.0,,
2023-02-19,214.0,74.0,0.0,,
2023-02-20,285.0,156.0,0.0,,
2023-02-21,279.0,174.0,0.0,,
2023-02-22,265.0,151.0,81.0,,
2023-02-23,240.0,135.0,0.0,,
2023-02-24,204.0,125.0,0.0,,
2023-02-25,166.0,101.0,0.0,,
2023-02-26,269.0,125.0,0.0,,
2023-02-27,237.0,110.0,0.0,,
2023-02-28,287.0,101.0,0.0,,
2023-03-01,267.0,203.0,0.0,,
2023-03-02,263.0,133.0,269.0,,
2023-03-03,174.0,74.0,55.0,,
2023-03-04,236.0,62.0,0.0,,
2023-03-05,262.0,110.0,0.0,,
2023-03-06,260.0,131.0,0.0,,
2023-03-07,261.0,183.0,0.0,,
2023-03-08,266.0,166.0,0.0,,
2023-03-09,272.0,156.0,148.0,,
2023-03-10,164.0,123.0,18.0,,
2023-03-11,280.0,145.0,0.0,,
2023-03-12,219.0,118.0,0.0,,
2023-03-13,187.0,74.0,0.0,,
2023-03-14,158.0,64.0,3.0,,
2023-03-15,209.0,54.0,0.0,,
2023-03-16,212.0,87.0,159.0,,
2023-03-17,132.0,46.0,10.0,,
2023-03-18,132.0,39.0,0.0,,
2023-03-19,126.0,-12.0,0.0,,
2023-03-20,133.0,4.0,0.0,,
2023-03-21,205.0,96.0,2.0,,
2023-03-22,272.0,186.0,0.0,,
2023-03-23,287.0,207.0,0.0,,
2023-03-24,268.0,138.0,18.0,,
2023-03-25,254.0,78.0,0.0,,
2023-03-26,247.0,81.0,0.0,,
2023-03-27,256.0,129.0,0.0,,
2023-03-28,208.0,99.0,0.0,,
2023-03-29,200.0,95.0,49.0,,
2023-03-30,238.0,133.0,0.0,,
2023-03-31,285.0,145.0,8.0,,
2023-04-01,256.0,82.0,0.0,,
2023-04-02,260.0,110.0,0.0,,
2023-04-03,304.0,202.0,0.0,,
2023-04-04,286.0,220.0,0.0,,
2023-04-05,246.0,129.0,168.0,,
2023-04-06,134.0,96.0,317.0,,
2023-04-07,117.0,91.0,4.0,,
2023-04-08,220.0,109.0,0.0,,
2023-04-09,220.0,124.0,0.0,,
2023-04-10,222.0,128.0,0.0,,
2023-04-11,238.0,109.0,0.0,,
2023-04-12,242.0,112.0,0.0,,
2023-04-13,249.0,96.0,0.0,,
2023-04-14,266.0,142.0,0.0,,
2023-04-15,296.0,173.0,0.0,,
2023-04-16,213.0,83.0,0.0,,
2023-04-17,253.0,58.0,0.0,,
2023-04-18,222.0,127.0,2.0,,
2023-04-19,278.0,178.0,0.0,,
2023-04-20,262.0,178.0,248.0,,
2023-04-21,239.0,133.0,0.0,,
2023-04-22,251.0,103.0,0.0,,
2023-04-23,170.0,90.0,72.0,,
2023-04-24,211.0,77.0,0.0,,
2023-04-25,229.0,127.0,0.0,,
2023-04-26,238.0,139.0,753.0,,
2023-04-27,218.0,116.0,18.0,,
2023-04-28,263.0,98.0,32.0,,
2023-04-29,206.0,93.0,10.0,,
2023-04-30,291.0,79.0,0.0,,
2023-05-01,266.0,147.0,0.0,,
2023-05-02,279.0,146.0,0.0,,
2023-05-03,286.0,172.0,0.0,,
2023-05-04,271.0,164.0,268.0,,
2023-05-05,312.0,172.0,0.0,,
2023-05-06,310.0,182.0,0.0,,
2023-05-07,290.0,205.0,0.0,,
2023-05-08,301.0,200.0,0.0,,
2023-05-09,281.0,182.0,0.0,,
2023-05-10,219.0,199.0,106.0,,
2023-05-11,298.0,200.0,5.0,,
2023-05-12,306.0,232.0,0.0,,
2023-05-13,300.0,194.0,123.0,,
2023-05-14,254.0,203.0,269.0,,
2023-05-15,298.0,187.0,52.0,,
2023-05-16,267.0,182.0,0.0,,
2023-05-17,276.0,155.0,0.0,,
2023-05-18,301.0,155.0,0.0,,
2023-05-19,321.0,190.0,0.0,,
2023-05-20,258.0,176.0,0.0,,
2023-05-21,246.0,170.0,0.0,,
2023-05-22,280.0,152.0,0.0,,
2023-05-23,277.0,161.0,17.0,,
2023-05-24,288.0,177.0,16.0,,
2023-05-25,289.0,175.0,0.0,,
2023-05-26,300.0,181.0,0.0,,
2023-05-27,294.0,187.0,0.0,,
2023-05-28,308.0,170.0,0.0,,
2023-05-29,307.0,197.0,186.0,,
2023-05-30,302.0,183.0,2.0,,
2023-05-31,307.0,182.0,0.0,,
2023-06-01,309.0,196.0,0.0,,
2023-06-02,316.0,199.0,0.0,,
2023-06-03,316.0,200.0,0.0,,
2023-06-04,302.0,184.0,0.0,,
2023-06-05,296.0,176.0,72.0,,
2023-06-06,304.0,191.0,0.0,,
2023-06-07,316.0,185.0,4.0,,
2023-06-08,320.0,187.0,0.0,,
2023-06-09,333.0,184.0,0.0,,
2023-06-10,333.0,195.0,450.0,,
2023-06-11,322.0,179.0,0.0,,
2023-06-12,323.0,231.0,0.0,,
2023-06-13,314.0,230.0,0.0,,
2023-06-14,314.0,244.0,0.0,,
2023-06-15,337.0,245.0,0.0,,
2023-06-16,339.0,202.0,27.0,,
2023-06-17,337.0,253.0,0.0,,
2023-06-18,337.0,249.0,0.0,,
2023-06-19,356.0,251.0,0.0,,
2023-06-20,350.0,265.0,0.0,,
2023-06-21,352.0,249.0,5.0,,
2023-06-22,331.0,240.0,3.0,,
2023-06-23,337.0,217.0,63.0,,
2023-06-24,341.0,223.0,0.0,,
2023-06-25,352.0,252.0,0.0,,
2023-06-26,346.0,249.0,0.0,,
2023-06-27,365.0,249.0,0.0,,
2023-06-28,352.0,244.0,0.0,,
2023-06-29,356.0,247.0,0.0,,
2023-06-30,350.0,242.0,0.0,,
2023-07-01,351.0,239.0,0.0,,
2023-07-02,335.0,249.0,0.0,,
2023-07-03,342.0,238.0,0.0,,
2023-07-04,350.0,229.0,5.0,,
2023-07-05,349.0,255.0,0.0,,
2023-07-06,345.0,230.0,0.0,,
2023-07-07,341.0,219.0,0.0,,
2023-07-08,357.0,243.0,0.0,,
2023-07-09,349.0,251.0,0.0,,
2023-07-10,365.0,254.0,0.0,,
2023-07-11,345.0,256.0,0.0,,
2023-07-12,380.0,256.0,0.0,,
2023-07-13,385.0,255.0,0.0,,
2023-07-14,375.0,256.0,0.0,,
2023-07-15,381.0,257.0,0.0,,
2023-07-16,347.0,254.0,0.0,,
2023-07-17,390.0,250.0,0.0,,
2023-07-18,391.0,250.0,0.0,,
2023-07-19,384.0,246.0,0.0,,
2023-07-20,379.0,251.0,0.0,,
2023-07-21,382.0,240.0,0.0,,
2023-07-22,363.0,228.0,0.0,,
2023-07-23,367.0,226.0,0.0,,
2023-07-24,385.0,205.0,0.0,,
2023-07-25,378.0,245.0,0.0,,
2023-07-26,376.0,246.0,0.0,,
2023-07-27,375.0,245.0,0.0,,
2023-07-28,377.0,233.0,0.0,,
2023-07-29,379.0,239.0,0.0,,
2023-07-30,392.0,231.0,0.0,,
2023-07-31,400.0,233.0,0.0,,
2023-08-01,402.0,271.0,0.0,,
2023-08-02,406.0,254.0,0.0,,
2023-08-03,396.0,251.0,0.0,,
2023-08-04,393.0,259.0,0.0,,
2023-08-05,394.0,258.0,0.0,,
2023-08-06,391.0,256.0,0.0,,
2023-08-07,390.0,266.0,0.0,,
2023-08-08,388.0,265.0,0.0,,
2023-08-09,405.0,270.0,0.0,,
2023-08-10,407.0,277.0,0.0,,
2023-08-11,402.0,269.0,0.0,,
2023-08-12,402.0,259.0,0.0,,
2023-08-13,398.0,261.0,0.0,,
2023-08-14,402.0,255.0,0.0,,
2023-08-15,361.0,228.0,0.0,,
2023-08-16,363.0,190.0,0.0,,
2023-08-17,412.0,216.0,0.0,,
2023-08-18,413.0,250.0,0.0,,
2023-08-19,411.0,250.0,0.0,,
2023-08-20,429.0,252.0,0.0,,
2023-08-21,406.0,273.0,0.0,,
2023-08-22,394.0,260.0,0.0,,
2023-08-23,400.0,241.0,0.0,,
2023-08-24,419.0,269.0,0.0,,
2023-08-25,417.0,272.0,0.0,,
2023-08-26,413.0,262.0,0.0,,
2023-08-27,416.0,221.0,76.0,,
2023-08-28,337.0,221.0,0.0,,
2023-08-29,352.0,222.0,0.0,,
2023-08-30,364.0,191.0,0.0,,
2023-08-31,364.0,211.0,0.0,,
2023-09-01,359.0,204.0,0.0,,
2023-09-02,371.0,181.0,0.0,,
2023-09-03,379.0,235.0,0.0,,
2023-09-04,368.0,259.0,0.0,,
2023-09-05,386.0,266.0,0.0,,
2023-09-06,382.0,261.0,0.0,,
2023-09-07,404.0,256.0,0.0,,
2023-09-08,409.0,250.0,0.0,,
2023-09-09,341.0,202.0,222.0,,
2023-09-10,335.0,181.0,0.0,,
2023-09-11,324.0,204.0,0.0,,
2023-09-12,334.0,224.0,0.0,,
2023-09-13,272.0,220.0,8.0,,
2023-09-14,249.0,214.0,372.0,,
2023-09-15,278.0,215.0,14.0,,
2023-09-16,294.0,203.0,13.0,,
2023-09-17,327.0,185.0,0.0,,
2023-09-18,329.0,160.0,0.0,,
2023-09-19,337.0,192.0,0.0,,
2023-09-20,340.0,214.0,0.0,,
2023-09-21,340.0,225.0,0.0,,
2023-09-22,353.0,240.0,0.0,,
2023-09-23,354.0,248.0,0.0,,
2023-09-24,358.0,212.0,118.0,,
2023-09-25,316.0,211.0,283.0,,
2023-09-26,332.0,213.0,0.0,,
2023-09-27,336.0,200.0,0.0,,
2023-09-28,340.0,214.0,0.0,,
2023-09-29,327.0,213.0,0.0,,
2023-09-30,335.0,209.0,0.0,,
2023-10-01,327.0,190.0,0.0,,
2023-10-02,319.0,216.0,0.0,,
2023-10-03,324.0,178.0,3.0,,
2023-10-04,317.0,238.0,0.0,,
2023-10-05,264.0,191.0,508.0,,
2023-10-06,294.0,180.0,0.0,,
2023-10-07,216.0,105.0,0.0,,
2023-10-08,239.0,78.0,0.0,,
2023-10-09,292.0,120.0,0.0,,
2023-10-10,278.0,164.0,0.0,,
2023-10-11,203.0,163.0,3.0,,
2023-10-12,230.0,148.0,0.0,,
2023-10-13,301.0,146.0,0.0,,
2023-10-14,210.0,96.0,0.0,,
2023-10-15,204.0,74.0,0.0,,
2023-10-16,189.0,65.0,0.0,,
2023-10-17,226.0,36.0,0.0,,
2023-10-18,264.0,102.0,0.0,,
2023-10-19,281.0,131.0,0.0,,
2023-10-20,315.0,106.0,0.0,,
2023-10-21,307.0,110.0,0.0,,
2023-10-22,297.0,188.0,0.0,,
2023-10-23,262.0,203.0,336.0,,
2023-10-24,290.0,217.0,0.0,,
2023-10-25,292.0,208.0,0.0,,
2023-10-26,240.0,200.0,277.0,,
2023-10-27,294.0,221.0,0.0,,
2023-10-28,277.0,226.0,4.0,,
2023-10-29,230.0,70.0,35.0,,
2023-10-30,98.0,42.0,176.0,,
2023-10-31,151.0,22.0,0.0,,
2023-11-01,136.0,9.0,0.0,,
2023-11-02,173.0,7.0,0.0,,
2023-11-03,223.0,67.0,0.0,,
2023-11-04,250.0,114.0,0.0,,
2023-11-05,253.0,150.0,0.0,,
2023-11-06,257.0,170.0,0.0,,
2023-11-07,281.0,180.0,0.0,,
2023-11-08,277.0,202.0,0.0,,
2023-11-09,231.0,148.0,342.0,,
2023-11-10,150.0,119.0,32.0,,
2023-11-11,159.0,120.0,0.0,,
2023-11-12,169.0,129.0,0.0,,
2023-11-13,196.0,130.0,0.0,,
2023-11-14,220.0,107.0,11.0,,
2023-11-15,227.0,79.0,0.0,,
2023-11-16,168.0,137.0,0.0,,
2023-11-17,199.0,136.0,0.0,,
2023-11-18,225.0,109.0,0.0,,
2023-11-19,210.0,106.0,0.0,,
2023-11-20,228.0,144.0,74.0,,
2023-11-21,144.0,69.0,0.0,,
2023-11-22,142.0,5.0,0.0,,
2023-11-23,139.0,16.0,2.0,,
2023-11-24,183.0,49.0,0.0,,
2023-11-25,173.0,54.0,4.0,,
2023-11-26,111.0,18.0,0.0,,
2023-11-27,119.0,-7.0,0.0,,
2023-11-28,169.0,28.0,0.0,,
2023-11-29,180.0,30.0,0.0,,
2023-11-30,191.0,125.0,148.0,,
2023-12-01,191.0,93.0,0.0,,
2023-12-02,179.0,64.0,0.0,,
2023-12-03,209.0,47.0,0.0,,
2023-12-04,183.0,40.0,0.0,,
2023-12-05,212.0,25.0,0.0,,
2023-12-06,179.0,81.0,0.0,,
2023-12-07,207.0,63.0,0.0,,
2023-12-08,254.0,160.0,0.0,,
2023-12-09,231.0,97.0,0.0,,
2023-12-10,124.0,-1.0,0.0,,
2023-12-11,,,0.0,,
2023-12-12,184.0,35.0,0.0,,
2023-12-13,151.0,68.0,0.0,,
2023-12-14,204.0,96.0,0.0,,
2023-12-15,176.0,112.0,55.0,,
2023-12-16,151.0,27.0,0.0,,
2023-12-17,195.0,-1.0,0.0,,
2023-12-18,192.0,32.0,0.0,,
2023-12-19,155.0,29.0,0.0,,
2023-12-20,203.0,83.0,0.0,,
2023-12-21,175.0,128.0,4.0,,
2023-12-22,174.0,134.0,80.0,,
2023-12-23,195.0,139.0,57.0,,
2023-12-24,177.0,103.0,583.0,,
2023-12-25,107.0,15.0,0.0,,
2023-12-26,137.0,-15.0,0.0,,
2023-12-27,125.0,7.0,0.0,,
2023-12-28,94.0,-4.0,0.0,,
2023-12-29,125.0,-23.0,0.0,,
2023-12-30,168.0,-22.0,0.0,,
2023-12-31,211.0,52.0,0.0,,
2024-01-01,126.0,25.0,0.0,,
2024-01-02,135.0,12.0,215.0,,
2024-01-03,138.0,40.0,0.0,,
2024-01-04,156.0,11.0,0.0,,
2024-01-05,103.0,30.0,151.0,,
2024-01-06,94.0,18.0,0.0,,
2024-01-07,157.0,-4.0,0.0,,
2024-01-08,163.0,80.0,45.0,,
2024-01-09,96.0,-11.0,0.0,,
2024-01-10,186.0,-13.0,0.0,,
2024-01-11,221.0,95.0,0.0,,
2024-01-12,202.0,-13.0,24.0,,
2024-01-13,163.0,-24.0,0.0,,
2024-01-14,-10.0,-72.0,0.0,,
2024-01-15,-67.0,-88.0,7.0,,
2024-01-16,-30.0,-98.0,0.0,,
2024-01-17,60.0,-108.0,0.0,,
2024-01-18,187.0,38.0,0.0,,
2024-01-19,85.0,-26.0,0.0,,
2024-01-20,50.0,-57.0,0.0,,
2024-01-21,51.0,-8.0,0.0,,
2024-01-22,149.0,34.0,479.0,,
2024-01-23,177.0,132.0,670.0,,
2024-01-24,133.0,104.0,202.0,,
2024-01-25,127.0,101.0,54.0,,
2024-01-26,140.0,92.0,53.0,,
2024-01-27,129.0,55.0,6.0,,
2024-01-28,150.0,3.0,0.0,,
2024-01-29,211.0,11.0,0.0,,
2024-01-30,238.0,62.0,0.0,,
2024-01-31,241.0,57.0,0.0,,
2024-02-01,209.0,92.0,0.0,,
2024-02-02,208.0,128.0,5.0,,
2024-02-03,193.0,115.0,203.0,,
2024-02-04,163.0,87.0,0.0,,
2024-02-05,173.0,80.0,0.0,,
2024-02-06,207.0,30.0,0.0,,
2024-02-07,199.0,94.0,0.0,,
2024-02-08,208.0,151.0,0.0,,
2024-02-09,225.0,163.0,0.0,,
2024-02-10,181.0,129.0,336.0,,
2024-02-11,160.0,79.0,356.0,,
2024-02-12,132.0,27.0,0.0,,
2024-02-13,173.0,-3.0,0.0,,
2024-02-14,192.0,52.0,0.0,,
2024-02-15,207.0,108.0,0.0,,
2024-02-16,221.0,78.0,0.0,,
2024-02-17,78.0,29.0,0.0,,
2024-02-18,112.0,-22.0,0.0,,
2024-02-19,174.0,-16.0,0.0,,
2024-02-20,250.0,67.0,0.0,,
2024-02-21,247.0,155.0,0.0,,
2024-02-22,269.0,165.0,0.0,,
2024-02-23,224.0,88.0,0.0,,
2024-02-24,245.0,44.0,0.0,,
2024-02-25,262.0,97.0,0.0,,
2024-02-26,291.0,175.0,0.0,,
2024-02-27,263.0,198.0,0.0,,
2024-02-28,220.0,76.0,0.0,,
2024-02-29,124.0,61.0,9.0,,
2024-03-01,196.0,61.0,10.0,,
2024-03-02,240.0,96.0,0.0,,
2024-03-03,263.0,156.0,0.0,,
2024-03-04,285.0,194.0,0.0,,
2024-03-05,262.0,156.0,220.0,,
2024-03-06,260.0,148.0,0.0,,
2024-03-07,213.0,170.0,5.0,,
2024-03-08,220.0,132.0,24.0,,
2024-03-09,143.0,58.0,0.0,,
2024-03-10,189.0,25.0,0.0,,
2024-03-11,208.0,104.0,0.0,,
2024-03-12,243.0,108.0,0.0,,
2024-03-13,258.0,180.0,0.0,,
2024-03-14,282.0,216.0,0.0,,
2024-03-15,228.0,170.0,6.0,,
2024-03-16,186.0,153.0,48.0,,
2024-03-17,196.0,153.0,34.0,,
2024-03-18,174.0,45.0,0.0,,
2024-03-19,183.0,9.0,0.0,,
2024-03-20,180.0,71.0,0.0,,
2024-03-21,164.0,137.0,212.0,,
2024-03-22,190.0,101.0,14.0,,
2024-03-23,224.0,90.0,0.0,,
2024-03-24,208.0,125.0,0.0,,
2024-03-25,216.0,121.0,178.0,,
2024-03-26,164.0,50.0,0.0,,
2024-03-27,200.0,53.0,0.0,,
2024-03-28,227.0,55.0,0.0,,
2024-03-29,249.0,119.0,0.0,,
2024-03-30,251.0,144.0,0.0,,
2024-03-31,270.0,175.0,0.0,,
2024-04-01,275.0,207.0,0.0,,
2024-04-02,226.0,120.0,4.0,,
2024-04-03,233.0,60.0,0.0,,
2024-04-04,271.0,48.0,0.0,,
2024-04-05,289.0,124.0,0.0,,
2024-04-06,280.0,141.0,0.0,,
2024-04-07,259.0,168.0,0.0,,
2024-04-08,279.0,164.0,129.0,,
2024-04-09,209.0,167.0,824.0,,
2024-04-10,192.0,130.0,231.0,,
2024-04-11,232.0,84.0,0.0,,
2024-04-12,263.0,75.0,0.0,,
2024-04-13,272.0,120.0,0.0,,
2024-04-14,264.0,171.0,0.0,,
2024-04-15,267.0,198.0,0.0,,
2024-04-16,259.0,197.0,0.0,,
2024-04-17,283.0,208.0,0.0,,
2024-04-18,299.0,216.0,0.0,,
2024-04-19,226.0,176.0,0.0,,
2024-04-20,192.0,94.0,286.0,,
2024-04-21,198.0,100.0,5.0,,
2024-04-22,211.0,63.0,0.0,,
2024-04-23,254.0,108.0,0.0,,
2024-04-24,284.0,196.0,0.0,,
2024-04-25,267.0,182.0,0.0,,
2024-04-26,273.0,220.0,0.0,,
2024-04-27,291.0,229.0,0.0,,
2024-04-28,260.0,170.0,584.0,,
2024-04-29,275.0,164.0,0.0,,
2024-04-30,295.0,186.0,0.0,,
2024-05-01,293.0,197.0,35.0,,
2024-05-02,263.0,188.0,328.0,,
2024-05-03,275.0,172.0,21.0,,
2024-05-04,279.0,189.0,88.0,,
2024-05-05,282.0,190.0,684.0,,
2024-05-06,290.0,196.0,0.0,,
2024-05-07,311.0,235.0,0.0,,
2024-05-08,298.0,238.0,0.0,,
2024-05-09,309.0,228.0,12.0,,
2024-05-10,287.0,162.0,3.0,,
2024-05-11,273.0,188.0,0.0,,
2024-05-12,204.0,179.0,654.0,,
2024-05-13,225.0,186.0,0.0,,
2024-05-14,284.0,172.0,0.0,,
2024-05-15,309.0,159.0,0.0,,
2024-05-16,263.0,169.0,270.0,,
2024-05-17,276.0,162.0,0.0,,
2024-05-18,315.0,181.0,0.0,,
2024-05-19,318.0,220.0,0.0,,
2024-05-20,313.0,194.0,0.0,,
2024-05-21,313.0,235.0,0.0,,
2024-05-22,315.0,213.0,39.0,,
2024-05-23,269.0,230.0,11.0,,
2024-05-24,319.0,235.0,171.0,,
2024-05-25,326.0,237.0,0.0,,
2024-05-26,316.0,246.0,0.0,,
2024-05-27,331.0,247.0,0.0,,
2024-05-28,267.0,184.0,350.0,,
2024-05-29,302.0,193.0,3.0,,
2024-05-30,294.0,184.0,252.0,,
2024-05-31,268.0,183.0,236.0,,
2024-06-01,308.0,187.0,0.0,,
2024-06-02,310.0,201.0,294.0,,
2024-06-03,308.0,195.0,0.0,,
2024-06-04,322.0,222.0,0.0,,
2024-06-05,305.0,191.0,259.0,,
2024-06-06,334.0,193.0,0.0,,
2024-06-07,332.0,199.0,0.0,,
2024-06-08,331.0,220.0,0.0,,
2024-06-09,324.0,213.0,0.0,,
2024-06-10,323.0,221.0,228.0,,
2024-06-11,307.0,221.0,29.0,,
2024-06-12,314.0,214.0,0.0,,
2024-06-13,325.0,203.0,0.0,,
2024-06-14,330.0,190.0,0.0,,
2024-06-15,327.0,198.0,0.0,,
2024-06-16,330.0,224.0,0.0,,
2024-06-17,331.0,232.0,3.0,,
2024-06-18,326.0,228.0,0.0,,
2024-06-19,302.0,224.0,0.0,,
2024-06-20,326.0,238.0,0.0,,
2024-06-21,332.0,226.0,0.0,,
2024-06-22,336.0,224.0,0.0,,
2024-06-23,341.0,234.0,0.0,,
2024-06-24,348.0,233.0,0.0,,
2024-06-25,347.0,244.0,0.0,,
2024-06-26,345.0,243.0,3.0,,
2024-06-27,346.0,236.0,0.0,,
2024-06-28,359.0,241.0,0.0,,
2024-06-29,364.0,259.0,0.0,,
2024-06-30,356.0,246.0,0.0,,
2024-07-01,368.0,245.0,0.0,,
2024-07-02,366.0,246.0,0.0,,
2024-07-03,361.0,248.0,0.0,,
2024-07-04,359.0,247.0,0.0,,
2024-07-05,362.0,243.0,0.0,,
2024-07-06,354.0,232.0,0.0,,
2024-07-07,338.0,225.0,153.0,,
2024-07-08,246.0,205.0,560.0,,
2024-07-09,322.0,186.0,0.0,,
2024-07-10,343.0,206.0,0.0,,
2024-07-11,341.0,220.0,0.0,,
2024-07-12,328.0,224.0,0.0,,
2024-07-13,322.0,214.0,0.0,,
2024-07-14,334.0,220.0,0.0,,
2024-07-15,339.0,239.0,0.0,,
2024-07-16,338.0,242.0,0.0,,
2024-07-17,345.0,233.0,13.0,,
2024-07-18,301.0,213.0,406.0,,
2024-07-19,313.0,218.0,0.0,,
2024-07-20,321.0,194.0,0.0,,
2024-07-21,306.0,226.0,0.0,,
2024-07-22,275.0,226.0,160.0,,
2024-07-23,248.0,217.0,496.0,,
2024-07-24,304.0,229.0,0.0,,
2024-07-25,264.0,223.0,6.0,,
2024-07-26,265.0,217.0,12.0,,
2024-07-27,296.0,228.0,0.0,,
2024-07-28,323.0,230.0,0.0,,
2024-07-29,335.0,246.0,0.0,,
2024-07-30,337.0,251.0,0.0,,
2024-07-31,336.0,250.0,0.0,,
2024-08-01,335.0,239.0,0.0,,
2024-08-02,348.0,243.0,0.0,,
2024-08-03,352.0,246.0,0.0,,
2024-08-04,347.0,233.0,0.0,,
2024-08-05,344.0,220.0,0.0,,
2024-08-06,350.0,216.0,0.0,,
2024-08-07,359.0,219.0,0.0,,
2024-08-08,364.0,229.0,0.0,,
2024-08-09,346.0,256.0,0.0,,
2024-08-10,341.0,241.0,0.0,,
2024-08-11,343.0,219.0,0.0,,
2024-08-12,351.0,233.0,0.0,,
2024-08-13,356.0,244.0,0.0,,
2024-08-14,357.0,242.0,0.0,,
2024-08-15,358.0,247.0,0.0,,
2024-08-16,366.0,243.0,0.0,,
2024-08-17,354.0,245.0,0.0,,
2024-08-18,374.0,237.0,0.0,,
2024-08-19,371.0,237.0,0.0,,
2024-08-20,388.0,264.0,0.0,,
2024-08-21,358.0,243.0,0.0,,
2024-08-22,360.0,246.0,0.0,,
2024-08-23,345.0,246.0,0.0,,
2024-08-24,354.0,228.0,0.0,,
2024-08-25,353.0,221.0,0.0,,
2024-08-26,355.0,217.0,2.0,,
2024-08-27,335.0,215.0,9.0,,
2024-08-28,349.0,199.0,0.0,,
2024-08-29,321.0,221.0,390.0,,
2024-08-30,312.0,221.0,0.0,,
2024-08-31,325.0,226.0,0.0,,
2024-09-01,316.0,233.0,11.0,,
2024-09-02,321.0,238.0,2.0,,
2024-09-03,323.0,246.0,0.0,,
2024-09-04,303.0,238.0,0.0,,
2024-09-05,308.0,240.0,0.0,,
2024-09-06,302.0,211.0,0.0,,
2024-09-07,305.0,189.0,0.0,,
2024-09-08,284.0,145.0,0.0,,
2024-09-09,297.0,123.0,0.0,,
2024-09-10,328.0,143.0,0.0,,
2024-09-11,288.0,215.0,12.0,,
2024-09-12,270.0,190.0,18.0,,
2024-09-13,341.0,164.0,0.0,,
2024-09-14,361.0,223.0,0.0,,
2024-09-15,333.0,213.0,0.0,,
2024-09-16,316.0,184.0,0.0,,
2024-09-17,321.0,187.0,0.0,,
2024-09-18,342.0,211.0,0.0,,
2024-09-19,350.0,229.0,0.0,,
2024-09-20,353.0,219.0,0.0,,
2024-09-21,350.0,222.0,0.0,,
2024-09-22,344.0,224.0,0.0,,
2024-09-23,278.0,216.0,0.0,,
2024-09-24,314.0,211.0,10.0,,
2024-09-25,275.0,185.0,95.0,,
2024-09-26,299.0,158.0,0.0,,
2024-09-27,303.0,139.0,0.0,,
2024-09-28,313.0,142.0,0.0,,
2024-09-29,321.0,135.0,0.0,,
2024-09-30,330.0,169.0,0.0,,
2024-10-01,340.0,169.0,0.0,,
2024-10-02,330.0,209.0,0.0,,
2024-10-03,327.0,185.0,0.0,,
2024-10-04,329.0,143.0,0.0,,
2024-10-05,324.0,180.0,0.0,,
2024-10-06,332.0,188.0,0.0,,
2024-10-07,332.0,195.0,0.0,,
2024-10-08,293.0,163.0,0.0,,
2024-10-09,305.0,120.0,0.0,,
2024-10-10,318.0,131.0,0.0,,
2024-10-11,314.0,129.0,0.0,,
2024-10-12,329.0,161.0,0.0,,
2024-10-13,349.0,197.0,0.0,,
2024-10-14,286.0,154.0,0.0,,
2024-10-15,340.0,129.0,0.0,,
2024-10-16,209.0,87.0,5.0,,
2024-10-17,222.0,66.0,0.0,,
2024-10-18,249.0,109.0,45.0,,
2024-10-19,267.0,120.0,0.0,,
2024-10-20,286.0,118.0,0.0,,
2024-10-21,290.0,105.0,0.0,,
2024-10-22,300.0,129.0,0.0,,
2024-10-23,314.0,179.0,0.0,,
2024-10-24,304.0,174.0,0.0,,
2024-10-25,309.0,179.0,0.0,,
2024-10-26,324.0,185.0,0.0,,
2024-10-27,321.0,174.0,0.0,,
2024-10-28,306.0,188.0,0.0,,
2024-10-29,306.0,222.0,0.0,,
2024-10-30,310.0,225.0,22.0,,
2024-10-31,255.0,178.0,87.0,,
2024-11-01,246.0,183.0,0.0,,
2024-11-02,266.0,206.0,11.0,,
2024-11-03,289.0,223.0,5.0,,
2024-11-04,304.0,227.0,137.0,,
2024-11-05,227.0,112.0,420.0,,
2024-11-06,250.0,94.0,0.0,,
2024-11-07,227.0,182.0,0.0,,
2024-11-08,260.0,167.0,437.0,,
2024-11-09,246.0,153.0,0.0,,
2024-11-10,279.0,155.0,0.0,,
2024-11-11,263.0,136.0,0.0,,
2024-11-12,241.0,119.0,0.0,,
2024-11-13,273.0,116.0,0.0,,
2024-11-14,223.0,63.0,0.0,,
2024-11-15,220.0,41.0,2.0,,
2024-11-16,235.0,94.0,0.0,,
2024-11-17,246.0,180.0,101.0,,
2024-11-18,256.0,119.0,53.0,,
2024-11-19,236.0,89.0,0.0,,
2024-11-20,189.0,44.0,0.0,,
2024-11-21,199.0,10.0,0.0,,
2024-11-22,201.0,32.0,0.0,,
2024-11-23,220.0,34.0,0.0,,
2024-11-24,256.0,130.0,0.0,,
2024-11-25,248.0,80.0,0.0,,
2024-11-26,175.0,33.0,0.0,,
2024-11-27,259.0,101.0,0.0,,
2024-11-28,149.0,72.0,3.0,,
2024-11-29,133.0,32.0,3.0,,
2024-11-30,136.0,2.0,0.0,,
2024-12-01,190.0,15.0,0.0,,
2024-12-02,185.0,24.0,0.0,,
2024-12-03,177.0,33.0,17.0,,
2024-12-04,149.0,94.0,690.0,,
2024-12-05,162.0,62.0,0.0,,
2024-12-06,,,0.0,,
2024-12-07,74.0,46.0,63.0,,
2024-12-08,126.0,71.0,10.0,,
2024-12-09,244.0,109.0,0.0,,
2024-12-10,138.0,18.0,0.0,,
2024-12-11,157.0,-16.0,0.0,,
2024-12-12,165.0,21.0,0.0,,
2024-12-13,155.0,105.0,8.0,,
2024-12-14,221.0,138.0,91.0,,
2024-12-15,251.0,174.0,18.0,,
2024-12-16,259.0,184.0,0.0,,
2024-12-17,251.0,185.0,0.0,,
2024-12-18,199.0,69.0,34.0,,
2024-12-19,172.0,21.0,0.0,,
2024-12-20,175.0,38.0,0.0,,
2024-12-21,138.0,23.0,0.0,,
2024-12-22,161.0,18.0,0.0,,
2024-12-23,198.0,111.0,0.0,,
2024-12-24,211.0,139.0,565.0,,
2024-12-25,166.0,130.0,2.0,,
2024-12-26,171.0,113.0,364.0,,
2024-12-27,218.0,101.0,0.0,,
2024-12-28,215.0,113.0,219.0,,
2024-12-29,178.0,105.0,0.0,,
2024-12-30,261.0,114.0,0.0,,
2024-12-31,165.0,51.0,0.0,,
2025-01-01,137.0,34.0,0.0,,
2025-01-02,156.0,21.0,0.0,,
2025-01-03,200.0,93.0,0.0,,
2025-01-04,193.0,116.0,0.0,,
2025-01-05,218.0,-17.0,52.0,,
2025-01-06,49.0,-46.0,0.0,,
2025-01-07,62.0,-23.0,0.0,,
2025-01-08,74.0,-20.0,0.0,,
2025-01-09,36.0,0.0,313.0,,
2025-01-10,29.0,-24.0,7.0,,
2025-01-11,124.0,-36.0,0.0,,
2025-01-12,159.0,7.0,0.0,,
2025-01-13,128.0,13.0,0.0,,
2025-01-14,139.0,-11.0,0.0,,
2025-01-15,165.0,30.0,0.0,,
2025-01-16,156.0,-12.0,0.0,,
2025-01-17,150.0,31.0,0.0,,
2025-01-18,137.0,14.0,0.0,,
2025-01-19,31.0,-45.0,0.0,,
2025-01-20,18.0,-64.0,0.0,,
2025-01-21,21.0,-80.0,0.0,,
2025-01-22,87.0,-81.0,0.0,,
2025-01-23,122.0,-50.0,0.0,,
2025-01-24,135.0,-56.0,0.0,,
2025-01-25,141.0,21.0,7.0,,
2025-01-26,124.0,86.0,54.0,,
2025-01-27,126.0,48.0,0.0,,
2025-01-28,134.0,72.0,42.0,,
2025-01-29,195.0,118.0,39.0,,
2025-01-30,200.0,105.0,238.0,,
2025-01-31,188.0,55.0,0.0,,
2025-02-01,218.0,17.0,0.0,,
2025-02-02,250.0,89.0,0.0,,
2025-02-03,260.0,158.0,0.0,,
2025-02-04,259.0,158.0,0.0,,
2025-02-05,257.0,143.0,0.0,,
2025-02-06,281.0,181.0,0.0,,
2025-02-07,272.0,191.0,0.0,,
2025-02-08,299.0,159.0,0.0,,
2025-02-09,178.0,98.0,0.0,,
2025-02-10,98.0,69.0,0.0,,
2025-02-11,101.0,69.0,447.0,,
2025-02-12,116.0,37.0,122.0,,
2025-02-13,63.0,-17.0,0.0,,
2025-02-14,101.0,14.0,6.0,,
2025-02-15,166.0,59.0,25.0,,
2025-02-16,91.0,-5.0,0.0,,
2025-02-17,146.0,-13.0,0.0,,
2025-02-18,162.0,-13.0,60.0,,
2025-02-19,-13.0,-65.0,0.0,,
2025-02-20,19.0,-92.0,0.0,,
2025-02-21,16.0,-35.0,0.0,,
2025-02-22,84.0,8.0,27.0,,
2025-02-23,121.0,53.0,14.0,,
2025-02-24,207.0,59.0,0.0,,
2025-02-25,245.0,76.0,0.0,,
2025-02-26,264.0,134.0,0.0,,
2025-02-27,218.0,83.0,0.0,,
2025-02-28,240.0,30.0,0.0,,
2025-03-01,273.0,78.0,0.0,,
2025-03-02,246.0,123.0,8.0,,
2025-03-03,226.0,144.0,0.0,,
2025-03-04,222.0,123.0,346.0,,
2025-03-05,165.0,40.0,0.0,,
2025-03-06,215.0,19.0,0.0,,
2025-03-07,257.0,123.0,0.0,,
2025-03-08,187.0,101.0,40.0,,
2025-03-09,102.0,43.0,6.0,,
2025-03-10,224.0,9.0,0.0,,
2025-03-11,258.0,72.0,0.0,,
2025-03-12,271.0,144.0,2.0,,
2025-03-13,309.0,147.0,0.0,,
2025-03-14,309.0,180.0,0.0,,
2025-03-15,239.0,99.0,34.0,,
2025-03-16,214.0,39.0,0.0,,
2025-03-17,263.0,57.0,0.0,,
2025-03-18,265.0,127.0,0.0,,
2025-03-19,226.0,93.0,0.0,,
2025-03-20,175.0,24.0,0.0,,
2025-03-21,230.0,16.0,0.0,,
2025-03-22,270.0,102.0,0.0,,
2025-03-23,288.0,180.0,0.0,,
2025-03-24,277.0,133.0,0.0,,
2025-03-25,315.0,129.0,0.0,,
2025-03-26,290.0,168.0,0.0,,
2025-03-27,222.0,158.0,51.0,,
2025-03-28,223.0,170.0,75.0,,
2025-03-29,291.0,173.0,0.0,,
2025-03-30,287.0,179.0,20.0,,
2025-03-31,250.0,121.0,0.0,,
2025-04-01,244.0,132.0,0.0,,
2025-04-02,262.0,223.0,0.0,,
2025-04-03,289.0,194.0,7.0,,
2025-04-04,282.0,161.0,306.0,,
2025-04-05,224.0,101.0,293.0,,
2025-04-06,101.0,57.0,0.0,,
2025-04-07,186.0,39.0,0.0,,
2025-04-08,228.0,34.0,0.0,,
2025-04-09,262.0,86.0,0.0,,
2025-04-10,288.0,138.0,0.0,,
2025-04-11,280.0,124.0,0.0,,
2025-04-12,280.0,94.0,0.0,,
2025-04-13,303.0,165.0,0.0,,
2025-04-14,286.0,180.0,0.0,,
2025-04-15,258.0,138.0,0.0,,
2025-04-16,271.0,128.0,0.0,,
2025-04-17,290.0,187.0,0.0,,
2025-04-18,294.0,203.0,0.0,,
2025-04-19,261.0,205.0,0.0,,
2025-04-20,262.0,177.0,0.0,,
2025-04-21,286.0,140.0,0.0,,
2025-04-22,292.0,156.0,0.0,,
2025-04-23,260.0,196.0,41.0,,
2025-04-24,256.0,165.0,518.0,,
2025-04-25,277.0,156.0,0.0,,
2025-04-26,289.0,185.0,0.0,,
2025-04-27,297.0,194.0,0.0,,
2025-04-28,277.0,213.0,0.0,,
2025-04-29,279.0,214.0,0.0,,
2025-04-30,274.0,168.0,828.0,,
2025-05-01,298.0,155.0,0.0,,
2025-05-02,274.0,153.0,155.0,,
2025-05-03,238.0,121.0,0.0,,
2025-05-04,248.0,97.0,0.0,,
2025-05-05,250.0,124.0,45.0,,
2025-05-06,213.0,158.0,503.0,,
2025-05-07,251.0,161.0,0.0,,
2025-05-08,278.0,144.0,0.0,,
2025-05-09,263.0,168.0,10.0,,
2025-05-10,264.0,155.0,0.0,,
2025-05-11,227.0,146.0,0.0,,
2025-05-12,261.0,140.0,0.0,,
2025-05-13,324.0,169.0,0.0,,
2025-05-14,307.0,217.0,0.0,,
2025-05-15,310.0,217.0,0.0,,
2025-05-16,313.0,242.0,0.0,,
2025-05-17,318.0,235.0,0.0,,
2025-05-18,290.0,237.0,0.0,,
2025-05-19,298.0,229.0,0.0,,
2025-05-20,297.0,162.0,0.0,,
2025-05-21,317.0,129.0,0.0,,
2025-05-22,321.0,179.0,0.0,,
2025-05-23,332.0,217.0,0.0,,
2025-05-24,333.0,240.0,0.0,,
2025-05-25,328.0,245.0,0.0,,
2025-05-26,261.0,186.0,950.0,,
2025-05-27,289.0,179.0,25.0,,
2025-05-28,225.0,185.0,164.0,,
2025-05-29,299.0,180.0,0.0,,
2025-05-30,276.0,193.0,101.0,,
2025-05-31,286.0,163.0,0.0,,
2025-06-01,289.0,171.0,0.0,,
2025-06-02,320.0,224.0,0.0,,
2025-06-03,315.0,220.0,0.0,,
2025-06-04,305.0,219.0,102.0,,
2025-06-05,320.0,213.0,0.0,,
2025-06-06,327.0,241.0,0.0,,
2025-06-07,331.0,245.0,0.0,,
2025-06-08,332.0,242.0,0.0,,
2025-06-09,300.0,199.0,217.0,,
2025-06-10,285.0,205.0,1093.0,,
2025-06-11,266.0,202.0,429.0,,
2025-06-12,248.0,198.0,866.0,,
2025-06-13,327.0,192.0,0.0,,
2025-06-14,322.0,211.0,0.0,,
2025-06-15,327.0,202.0,107.0,,
2025-06-16,322.0,203.0,0.0,,
2025-06-17,328.0,224.0,0.0,,
2025-06-18,325.0,242.0,10.0,,
2025-06-19,334.0,236.0,0.0,,
2025-06-20,329.0,248.0,0.0,,
2025-06-21,327.0,238.0,0.0,,
2025-06-22,335.0,234.0,0.0,,
2025-06-23,336.0,230.0,0.0,,
2025-06-24,334.0,221.0,199.0,,
2025-06-25,321.0,221.0,172.0,,
2025-06-26,321.0,218.0,38.0,,
2025-06-27,326.0,224.0,0.0,,
2025-06-28,330.0,232.0,0.0,,
2025-06-29,335.0,228.0,0.0,,
2025-06-30,333.0,223.0,0.0,,
2025-07-01,335.0,219.0,0.0,,
2025-07-02,336.0,223.0,0.0,,
2025-07-03,301.0,230.0,79.0,,
2025-07-04,314.0,216.0,168.0,,
2025-07-05,335.0,216.0,4.0,,
2025-07-06,335.0,212.0,68.0,,
2025-07-07,325.0,226.0,115.0,,
2025-07-08,327.0,228.0,0.0,,
2025-07-09,326.0,226.0,51.0,,
2025-07-10,328.0,223.0,0.0,,
2025-07-11,329.0,233.0,11.0,,
2025-07-12,334.0,228.0,187.0,,
2025-07-13,310.0,212.0,92.0,,
2025-07-14,326.0,210.0,0.0,,
2025-07-15,333.0,234.0,0.0,,
2025-07-16,329.0,235.0,0.0,,
2025-07-17,331.0,225.0,0.0,,
2025-07-18,304.0,221.0,0.0,,
2025-07-19,335.0,248.0,0.0,,
2025-07-20,336.0,254.0,0.0,,
2025-07-21,336.0,246.0,0.0,,
2025-07-22,334.0,237.0,0.0,,
2025-07-23,335.0,226.0,0.0,,
2025-07-24,346.0,228.0,0.0,,
2025-07-25,343.0,240.0,0.0,,
2025-07-26,314.0,242.0,0.0,,
2025-07-27,343.0,240.0,0.0,,
2025-07-28,341.0,238.0,0.0,,
2025-07-29,353.0,227.0,0.0,,
2025-07-30,355.0,224.0,0.0,,
2025-07-31,365.0,226.0,0.0,,
2025-08-01,359.0,233.0,0.0,,
2025-08-02,325.0,230.0,0.0,,
2025-08-03,340.0,241.0,0.0,,
2025-08-04,303.0,202.0,435.0,,
2025-08-05,328.0,201.0,0.0,,
2025-08-06,337.0,221.0,0.0,,
2025-08-07,342.0,236.0,0.0,,
2025-08-08,342.0,237.0,0.0,,
2025-08-09,341.0,245.0,0.0,,
2025-08-10,340.0,228.0,0.0,,
2025-08-11,341.0,226.0,0.0,,
2025-08-12,349.0,229.0,0.0,,
2025-08-13,309.0,238.0,0.0,,
2025-08-14,350.0,235.0,0.0,,
2025-08-15,357.0,246.0,0.0,,
2025-08-16,361.0,240.0,0.0,,
2025-08-17,358.0,238.0,0.0,,
2025-08-18,375.0,238.0,0.0,,
2025-08-19,376.0,232.0,0.0,,
2025-08-20,355.0,225.0,17.0,,
2025-08-21,339.0,223.0,0.0,,
2025-08-22,334.0,217.0,0.0,,
2025-08-23,357.0,216.0,0.0,,
2025-08-24,356.0,209.0,0.0,,
2025-08-25,360.0,199.0,0.0,,
2025-08-26,344.0,225.0,0.0,,
2025-08-27,337.0,219.0,0.0,,
2025-08-28,355.0,234.0,0.0,,
2025-08-29,317.0,244.0,89.0,,
2025-08-30,280.0,222.0,128.0,,
2025-08-31,267.0,224.0,282.0,,
2025-09-01,320.0,217.0,4.0,,
2025-09-02,328.0,212.0,0.0,,
2025-09-03,318.0,199.0,0.0,,
2025-09-04,344.0,178.0,0.0,,
2025-09-05,332.0,228.0,0.0,,
2025-09-06,288.0,217.0,0.0,,
2025-09-07,287.0,197.0,0.0,,
2025-09-08,288.0,175.0,0.0,,
2025-09-09,298.0,146.0,0.0,,
2025-09-10,325.0,148.0,0.0,,
2025-09-11,341.0,182.0,0.0,,
2025-09-12,340.0,202.0,0.0,,
2025-09-13,334.0,211.0,0.0,,
2025-09-14,332.0,199.0,0.0,,
2025-09-15,343.0,203.0,0.0,,
2025-09-16,343.0,197.0,0.0,,
2025-09-17,347.0,197.0,0.0,,
2025-09-18,337.0,199.0,0.0,,
2025-09-19,336.0,207.0,0.0,,
2025-09-20,343.0,206.0,0.0,,
2025-09-21,345.0,217.0,0.0,,
2025-09-22,349.0,236.0,0.0,,
2025-09-23,357.0,243.0,0.0,,
2025-09-24,287.0,201.0,108.0,,
2025-09-25,300.0,169.0,0.0,,
2025-09-26,307.0,150.0,0.0,,
2025-09-27,311.0,148.0,0.0,,
2025-09-28,305.0,150.0,0.0,,
2025-09-29,313.0,149.0,0.0,,
2025-09-30,329.0,196.0,0.0,,
2025-10-01,326.0,174.0,0.0,,
2025-10-02,339.0,165.0,0.0,,
2025-10-03,331.0,206.0,0.0,,
2025-10-04,313.0,182.0,0.0,,
2025-10-05,326.0,181.0,0.0,,
2025-10-06,327.0,184.0,0.0,,
2025-10-07,341.0,198.0,0.0,,
2025-10-08,331.0,197.0,0.0,,
2025-10-09,315.0,196.0,0.0,,
2025-10-10,310.0,172.0,0.0,,
2025-10-11,320.0,154.0,0.0,,
2025-10-12,319.0,161.0,0.0,,
2025-10-13,315.0,157.0,0.0,,
2025-10-14,320.0,160.0,0.0,,
2025-10-15,312.0,159.0,0.0,,
2025-10-16,314.0,151.0,0.0,,
2025-10-17,323.0,189.0,0.0,,
2025-10-18,319.0,196.0,0.0,,
2025-10-19,267.0,120.0,0.0,,
2025-10-20,321.0,113.0,0.0,,
2025-10-21,282.0,137.0,4.0,,
2025-10-22,276.0,86.0,0.0,,
2025-10-23,298.0,143.0,0.0,,
2025-10-24,293.0,189.0,4.0,,
2025-10-25,251.0,151.0,1088.0,,
2025-10-26,233.0,152.0,0.0,,
2025-10-27,273.0,143.0,0.0,,
2025-10-28,282.0,135.0,0.0,,
2025-10-29,189.0,87.0,0.0,,
2025-10-30,195.0,44.0,0.0,,
2025-10-31,222.0,41.0,0.0,,
2025-11-01,197.0,90.0,3.0,,
2025-11-02,213.0,68.0,0.0,,
2025-11-03,234.0,71.0,0.0,,
2025-11-04,238.0,89.0,0.0,,
2025-11-05,269.0,105.0,0.0,,
2025-11-06,263.0,148.0,0.0,,
2025-11-07,281.0,172.0,0.0,,
2025-11-08,270.0,136.0,0.0,,
2025-11-09,191.0,71.0,0.0,,
2025-11-10,134.0,-15.0,0.0,,
2025-11-11,205.0,8.0,0.0,,
2025-11-12,257.0,112.0,0.0,,
2025-11-13,270.0,156.0,0.0,,
2025-11-14,277.0,167.0,0.0,,
2025-11-15,280.0,168.0,0.0,,
2025-11-16,295.0,178.0,0.0,,
2025-11-17,285.0,196.0,0.0,,
2025-11-18,289.0,198.0,0.0,,
2025-11-19,279.0,191.0,0.0,,
2025-11-20,287.0,195.0,300.0,,
2025-11-21,228.0,171.0,236.0,,
2025-11-22,218.0,119.0,0.0,,
2025-11-23,220.0,79.0,0.0,,
2025-11-24,197.0,162.0,467.0,,
2025-11-25,235.0,121.0,,,
2025-11-26,174.0,69.0,,,
2025-11-27,177.0,71.0,0.0,,
2025-11-28,182.0,30.0,0.0,,
2025-11-29,207.0,94.0,30.0,,
2025-11-30,105.0,49.0,0.0,,
2025-12-01,64.0,33.0,36.0,,
2025-12-02,111.0,-16.0,3.0,,
2025-12-03,94.0,20.0,19.0,,
2025-12-04,81.0,50.0,33.0,,
2025-12-05,102.0,47.0,0.0,,
2025-12-06,184.0,45.0,0.0,,
2025-12-07,178.0,76.0,,,
2025-12-08,135.0,11.0,4.0,,
2025-12-09,170.0,23.0,0.0,,
2025-12-10,202.0,59.0,,,
2025-12-11,188.0,15.0,3.0,,
2025-12-12,192.0,74.0,0.0,,
2025-12-13,193.0,107.0,38.0,,
2025-12-14,150.0,6.0,0.0,,
2025-12-15,123.0,-27.0,0.0,,
2025-12-16,155.0,31.0,0.0,,
2025-12-17,175.0,128.0,0.0,,
2025-12-18,225.0,49.0,8.0,,
2025-12-19,185.0,4.0,0.0,,
2025-12-20,241.0,95.0,0.0,,
2025-12-21,214.0,161.0,0.0,,
2025-12-22,250.0,148.0,0.0,,
2025-12-23,258.0,183.0,0.0,,
2025-12-24,252.0,174.0,0.0,,
2025-12-25,243.0,173.0,0.0,,
2025-12-26,277.0,179.0,0.0,,
2025-12-27,268.0,192.0,0.0,,
2025-12-28,256.0,80.0,64.0,,
2025-12-29,80.0,18.0,,,
2025-12-30,111.0,-10.0,0.0,,
2025-12-31,198.0,-8.0,0.0,,
2026-01-01,216.0,39.0,0.0,,
2026-01-02,276.0,119.0,0.0,,
2026-01-03,187.0,71.0,,,
2026-01-04,185.0,31.0,,,
2026-01-05,226.0,93.0,0.0,,
2026-01-06,263.0,98.0,,,
2026-01-07,235.0,61.0,,,
2026-01-08,248.0,193.0,0.0,,
2026-01-09,214.0,130.0,100.0,,
2026-01-10,131.0,19.0,,,
2026-01-11,162.0,-12.0,,,
2026-01-12,164.0,24.0,,,
2026-01-13,170.0,37.0,,,
2026-01-14,180.0,50.0,0.0,,
2026-01-15,135.0,0.0,0.0,,
2026-01-16,191.0,66.0,0.0,,
2026-01-17,105.0,-28.0,,,
2026-01-18,138.0,-65.0,,,
2026-01-19,183.0,14.0,0.0,,
2026-01-20,173.0,9.0,0.0,,
2026-01-21,163.0,120.0,39.0,,
2026-01-22,135.0,94.0,0.0,,
2026-01-23,122.0,26.0,53.0,,
2026-01-24,27.0,-20.0,320.0,,
2026-01-25,-20.0,-71.0,152.0,,
2026-01-26,8.0,-85.0,2.0,,
2026-01-27,51.0,-82.0,0.0,,
2026-01-28,128.0,-49.0,,,
2026-01-29,181.0,-6.0,0.0,,
2026-01-30,115.0,-2.0,,,
2026-01-31,34.0,-35.0,0.0,,
2026-02-01,111.0,-51.0,,,
2026-02-02,199.0,8.0,0.0,,
2026-02-03,215.0,106.0,0.0,,
2026-02-04,159.0,31.0,0.0,,
2026-02-05,191.0,-12.0,,,
2026-02-06,275.0,37.0,0.0,,
2026-02-07,243.0,99.0,0.0,,
2026-02-08,247.0,95.0,0.0,,
2026-02-09,280.0,135.0,0.0,,
2026-02-10,231.0,168.0,0.0,,
2026-02-11,219.0,99.0,0.0,,
2026-02-12,247.0,87.0,,,
2026-02-13,261.0,141.0,0.0,,
2026-02-14,236.0,145.0,110.0,,
2026-02-15,168.0,77.0,0.0,,
2026-02-16,228.0,76.0,0.0,,
2026-02-17,248.0,129.0,,,
2026-02-18,265.0,169.0,0.0,,
2026-02-19,291.0,137.0,,,
2026-02-20,209.0,121.0,,,
2026-02-21,222.0,85.0,0.0,,
2026-02-22,152.0,31.0,0.0,,
2026-02-23,164.0,-12.0,0.0,,
2026-02-24,215.0,14.0,0.0,,
2026-02-25,270.0,148.0,0.0,,
2026-02-26,273.0,155.0,0.0,,
2026-02-27,277.0,138.0,0.0,,
2026-02-28,285.0,125.0,0.0,,
2026-03-01,281.0,146.0,0.0,,
2026-03-02,273.0,148.0,0.0,,
2026-03-03,294.0,186.0,0.0,,
2026-03-04,274.0,203.0,0.0,,
2026-03-05,282.0,202.0,0.0,,
2026-03-06,302.0,193.0,0.0,,
2026-03-07,258.0,125.0,,,
2026-03-08,232.0,114.0,,,
2026-03-09,269.0,182.0,0.0,,
2026-03-10,267.0,215.0,7.0,,
2026-03-11,227.0,114.0,,,
2026-03-12,184.0,35.0,,,
2026-03-13,246.0,52.0,,,
2026-03-14,268.0,117.0,,,
2026-03-15,311.0,89.0,,,
2026-03-16,91.0,-14.0,,,
2026-03-17,159.0,-27.0,,,
2026-03-18,233.0,36.0,,,
2026-03-19,279.0,96.0,0.0,,
2026-03-20,294.0,140.0,0.0,,
2026-03-21,310.0,162.0,0.0,,
2026-03-22,308.0,161.0,0.0,,
2026-03-23,290.0,141.0,0.0,,
2026-03-24,271.0,160.0,0.0,,
2026-03-25,290.0,190.0,0.0,,
2026-03-26,287.0,187.0,,,
2026-03-27,282.0,158.0,,,
2026-03-28,196.0,118.0,0.0,,
2026-03-29,276.0,122.0,,,
2026-03-30,283.0,183.0,0.0,,
2026-03-31,297.0,196.0,0.0,,
2026-04-01,303.0,195.0,,,
2026-04-02,260.0,198.0,226.0,,
2026-04-03,274.0,216.0,,,
2026-04-04,228.0,132.0,268.0,,
2026-04-05,211.0,105.0,,,
2026-04-06,232.0,70.0,0.0,,
2026-04-07,238.0,92.0,0.0,,
2026-04-08,271.0,100.0,0.0,,
2026-04-09,277.0,155.0,0.0,,
2026-04-10,283.0,174.0,,,
2026-04-11,289.0,179.0,11.0,,
2026-04-12,221.0,183.0,164.0,,
2026-04-13,280.0,184.0,161.0,,
2026-04-14,281.0,207.0,,,
2026-04-15,279.0,204.0,0.0,,
2026-04-16,294.0,199.0,0.0,,
2026-04-17,294.0,197.0,0.0,,
2026-04-18,235.0,100.0,31.0,,
2026-04-19,228.0,73.0,0.0,,
2026-04-20,225.0,99.0,0.0,,
2026-04-21,176.0,128.0,55.0,,
2026-04-23,284.0,197.0,0.0,,
2026-04-24,294.0,212.0,0.0,,
2026-04-25,307.0,195.0,2.0,,
2026-04-26,304.0,219.0,0.0,,
2026-04-27,302.0,236.0,0.0,,
2026-04-28,300.0,239.0,0.0,,
2026-04-29,252.0,179.0,180.0,,
2026-04-30,186.0,151.0,65.0,,
2026-05-01,152.0,121.0,248.0,,
2026-05-02,245.0,98.0,0.0,,
2026-05-03,267.0,95.0,0.0,,
2026-05-04,271.0,129.0,0.0,,
2026-05-05,294.0,202.0,0.0,,
2026-05-06,236.0,144.0,0.0,,
2026-05-07,200.0,118.0,0.0,,
2026-05-08,255.0,140.0,0.0,,
2026-05-09,311.0,210.0,0.0,,
2026-05-10,302.0,184.0,88.0,,
2026-05-11,265.0,167.0,42.0,,
2026-05-12,284.0,144.0,0.0,,
2026-05-13,309.0,134.0,0.0,,
2026-05-14,315.0,168.0,0.0,,
2026-05-15,297.0,197.0,0.0,,
2026-05-16,303.0,214.0,0.0,,
2026-05-17,299.0,238.0,6.0,,
2026-05-18,312.0,250.0,0.0,,
2026-05-19,282.0,180.0,6.0,,
2026-05-20,274.0,181.0,0.0,,
2026-05-21,259.0,194.0,172.0,,
2026-05-22,301.0,193.0,0.0,,
2026-05-23,283.0,183.0,101.0,,
2026-05-24,308.0,182.0,10.0,,
2026-05-25,316.0,178.0,0.0,,
2026-05-26,306.0,182.0,0.0,,
2026-05-27,261.0,194.0,102.0,,
2026-05-28,306.0,171.0,0.0,,
2026-05-29,317.0,198.0,0.0,,
2026-05-30,315.0,219.0,0.0,,
2026-05-31,317.0,230.0,0.0,,
2026-06-01,330.0,223.0,0.0,,
2026-06-02,347.0,208.0,0.0,,
2026-06-03,313.0,201.0,0.0,,
2026-06-04,299.0,208.0,84.0,,
2026-06-05,278.0,228.0,31.0,,
2026-06-06,312.0,215.0,152.0,,
2026-06-07,311.0,245.0,0.0,,
2026-06-08,331.0,248.0,0.0,,
2026-06-09,329.0,239.0,0.0,,
2026-06-10,332.0,246.0,0.0,,
2026-06-11,335.0,253.0,0.0,,
2026-06-12,334.0,250.0,151.0,,
2026-06-13,324.0,244.0,0.0,,
2026-06-14,322.0,237.0,44.0,,
2026-06-15,290.0,231.0,904.0,,
2026-06-16,311.0,232.0,0.0,,
2026-06-17,311.0,229.0,3.0,,
2026-06-18,335.0,229.0,0.0,,
2026-06-19,298.0,237.0,10.0,,
2026-06-20,311.0,223.0,251.0,,
2026-06-21,314.0,226.0,0.0,,
2026-06-22,335.0,257.0,0.0,,
2026-06-23,334.0,249.0,0.0,,
2026-06-24,326.0,243.0,0.0,,
2026-06-25,327.0,227.0,0.0,,
2026-06-26,332.0,241.0,0.0,,
2026-06-27,331.0,243.0,0.0,,
2026-06-28,336.0,246.0,0.0,,
2026-06-29,342.0,256.0,0.0,,
2026-06-30,336.0,241.0,0.0,,
2026-07-01,342.0,226.0,0.0,,
2026-07-02,338.0,244.0,0.0,,
2026-07-03,345.0,232.0,0.0,,
2026-07-04,348.0,238.0,0.0,,
2026-07-05,353.0,230.0,0.0,,
2026-07-06,354.0,226.0,0.0,,
2026-07-07,353.0,231.0,0.0,,
2026-07-08,359.0,215.0,0.0,,
2026-07-09,359.0,235.0,0.0,,
2026-07-10,360.0,236.0,0.0,,
2026-07-11,359.0,234.0,0.0,,
2026-07-12,315.0,245.0,135.0,,
2026-07-13,277.0,235.0,46.0,,
2026-07-14,295.0,218.0,120.0,,
2026-07-15,300.0,218.0,135.0,,
2026-07-16,321.0,221.0,161.0,,
2026-07-17,335.0,234.0,0.0,,
2026-07-18,339.0,245.0,0.0,,
2026-07-19,347.0,232.0,0.0,,
2026-07-20,350.0,222.0,0.0,,
2026-07-21,373.0,231.0,0.0,,
2026-07-22,399.0,249.0,0.0,,
2026-07-23,347.0,249.0,0.0,,
2026-07-24,346.0,254.0,13.0,,
2026-07-25,346.0,245.0,0.0,,
2026-07-26,348.0,234.0,0.0,,
2026-07-27,356.0,238.0,0.0,,
2026-07-28,351.0,234.0,0.0,,
2026-07-29,351.0,237.0,0.0,,
2026-07-30,358.0,242.0,0.0,,
2026-07-31,370.0,246.0,0.0,,
2026-08-01,374.0,259.0,0.0,,
2026-08-02,355.0,196.0,0.0,,
2026-08-03,375.0,216.0,0.0,,
2026-08-04,367.0,235.0,0.0,,
2026-08-05,372.0,241.0,0.0,,
2026-08-06,367.0,244.0,0.0,,
2026-08-07,374.0,241.0,0.0,,
2026-08-08,370.0,236.0,0.0,,
2026-08-09,366.0,217.0,0.0,,
2026-08-10,366.0,229.0,0.0,,
2026-08-11,370.0,229.0,0.0,,
2026-08-12,373.0,249.0,0.0,,
2026-08-13,378.0,253.0,0.0,,
2026-08-14,376.0,258.0,0.0,,
2026-08-15,377.0,250.0,0.0,,
2026-08-16,385.0,234.0,0.0,,
2026-08-17,399.0,222.0,0.0,,
2026-08-18,392.0,229.0,0.0,,
2026-08-19,387.0,245.0,0.0,,
2026-08-20,396.0,241.0,0.0,,
2026-08-21,404.0,244.0,0.0,,
2026-08-22,411.0,246.0,0.0,,
2026-08-23,400.0,262.0,0.0,,
2026-08-24,404.0,239.0,0.0,,
2026-08-25,360.0,249.0,0.0,,
2026-08-26,383.0,256.0,3.0,,
2026-08-27,379.0,226.0,272.0,,
2026-08-28,388.0,243.0,0.0,,
2026-08-29,379.0,220.0,0.0,,
2026-08-30,376.0,243.0,0.0,,
2026-08-31,383.0,236.0,0.0,,
2026-09-01,377.0,238.0,0.0,,
