DATE,TMAX,TMIN,PRCP,SNWD,SNOW
1893-01-01,-22.0,-67.0,0.0,,0.0
1893-01-02,-150.0,-200.0,0.0,,0.0
1893-01-03,-167.0,-267.0,18.0,,15.0
1893-01-04,-94.0,-133.0,20.0,,18.0
1893-01-05,-156.0,-178.0,0.0,,0.0
1893-01-06,-100.0,-211.0,38.0,,30.0
1893-01-07,-100.0,-161.0,0.0,,0.0
1893-01-08,-39.0,-222.0,0.0,,0.0
1893-01-09,-56.0,-189.0,0.0,,0.0
1893-01-10,-200.0,-278.0,0.0,,0.0
1893-01-11,-133.0,-178.0,69.0,,61.0
1893-01-12,-150.0,-206.0,0.0,,0.0
1893-01-13,-211.0,-289.0,0.0,,0.0
1893-01-14,-200.0,-244.0,0.0,,0.0
1893-01-15,-133.0,-278.0,0.0,279.0,0.0
1893-01-16,-156.0,-239.0,0.0,,0.0
1893-01-17,-94.0,-300.0,0.0,,0.0
1893-01-18,-150.0,-194.0,0.0,,0.0
1893-01-19,-89.0,-267.0,0.0,,0.0
1893-01-20,0.0,-94.0,30.0,,25.0
1893-01-21,-11.0,-67.0,0.0,,0.0
1893-01-22,-11.0,-144.0,0.0,,0.0
1893-01-23,-67.0,-156.0,0.0,,0.0
1893-01-24,44.0,-122.0,71.0,,58.0
1893-01-25,-22.0,-122.0,0.0,,0.0
1893-01-26,-183.0,-244.0,0.0,,0.0
1893-01-27,-133.0,-233.0,18.0,,8.0
1893-01-28,-61.0,-122.0,20.0,,8.0
1893-01-29,-156.0,-239.0,0.0,,0.0
1893-01-30,-89.0,-183.0,0.0,,0.0
1893-01-31,-6.0,-156.0,15.0,356.0,5.0
1893-02-01,-211.0,-239.0,0.0,,0.0
1893-02-02,-111.0,-133.0,38.0,,30.0
1893-02-03,-200.0,-278.0,0.0,,0.0
1893-02-04,-94.0,-289.0,0.0,,0.0
1893-02-05,28.0,-122.0,0.0,,0.0
1893-02-06,-139.0,-256.0,20.0,,25.0
1893-02-07,-206.0,-289.0,0.0,,0.0
1893-02-08,-106.0,-300.0,0.0,,0.0
1893-02-09,-11.0,-89.0,46.0,,41.0
1893-02-10,-67.0,-200.0,0.0,,0.0
1893-02-11,-72.0,-233.0,0.0,,0.0
1893-02-12,-11.0,-133.0,0.0,,0.0
1893-02-13,78.0,-111.0,0.0,,0.0
1893-02-14,33.0,-111.0,51.0,,0.0
1893-02-15,-100.0,-211.0,0.0,457.0,0.0
1893-02-16,-39.0,-144.0,0.0,,0.0
1893-02-17,-22.0,-100.0,0.0,,0.0
1893-02-18,-56.0,-128.0,0.0,,0.0
1893-02-19,11.0,-56.0,0.0,,0.0
1893-02-20,-33.0,-156.0,0.0,,0.0
1893-02-21,22.0,-67.0,0.0,,0.0
1893-02-22,17.0,-144.0,0.0,,0.0
1893-02-23,-6.0,-50.0,3.0,,3.0
1893-02-24,-33.0,-83.0,0.0,,0.0
1893-02-25,-22.0,-161.0,0.0,,0.0
1893-02-26,-17.0,-194.0,0.0,,0.0
1893-02-27,33.0,-11.0,178.0,,8.0
1893-02-28,-28.0,-106.0,0.0,254.0,0.0
1893-03-01,0.0,-89.0,0.0,,0.0
1893-03-02,22.0,-94.0,0.0,,0.0
1893-03-03,-128.0,-172.0,0.0,,0.0
1893-03-04,-133.0,-200.0,0.0,,0.0
1893-03-05,-17.0,-167.0,0.0,,0.0
1893-03-06,28.0,-167.0,0.0,,0.0
1893-03-07,44.0,-67.0,0.0,,0.0
1893-03-08,50.0,33.0,241.0,,0.0
1893-03-09,61.0,17.0,3.0,,0.0
1893-03-10,106.0,17.0,0.0,,0.0
1893-03-11,28.0,0.0,13.0,,8.0
1893-03-12,67.0,-11.0,0.0,,0.0
1893-03-13,111.0,-33.0,15.0,,15.0
1893-03-14,-56.0,-111.0,0.0,,0.0
1893-03-15,-78.0,-156.0,0.0,0.0,0.0
1893-03-16,0.0,-100.0,0.0,,0.0
1893-03-17,-11.0,-100.0,5.0,,5.0
1893-03-18,22.0,-133.0,25.0,,25.0
1893-03-19,6.0,-56.0,0.0,,0.0
1893-03-20,28.0,-11.0,107.0,,0.0
1893-03-21,39.0,-39.0,51.0,,25.0
1893-03-22,6.0,-17.0,122.0,,0.0
1893-03-23,150.0,44.0,38.0,,0.0
1893-03-24,0.0,-22.0,0.0,,0.0
1893-03-25,6.0,-28.0,0.0,,0.0
1893-03-26,39.0,-39.0,0.0,,0.0
1893-03-27,33.0,-44.0,0.0,,0.0
1893-03-28,33.0,-50.0,0.0,,0.0
1893-03-29,100.0,-33.0,0.0,,0.0
1893-03-30,167.0,22.0,0.0,,0.0
1893-03-31,200.0,33.0,0.0,76.0,0.0
1893-04-01,94.0,-6.0,0.0,,0.0
1893-04-02,189.0,-11.0,0.0,,0.0
1893-04-03,261.0,100.0,0.0,,0.0
1893-04-04,156.0,50.0,0.0,,0.0
1893-04-05,211.0,44.0,0.0,,0.0
1893-04-06,89.0,-11.0,10.0,,0.0
1893-04-07,289.0,100.0,0.0,,0.0
1893-04-08,100.0,22.0,0.0,,0.0
1893-04-09,133.0,-56.0,0.0,,0.0
1893-04-10,161.0,0.0,0.0,,0.0
1893-04-11,133.0,61.0,71.0,,0.0
1893-04-12,189.0,44.0,160.0,,0.0
1893-04-13,44.0,-33.0,0.0,,0.0
1893-04-14,44.0,-61.0,0.0,,0.0
1893-04-15,94.0,-22.0,0.0,0.0,0.0
1893-04-16,144.0,22.0,0.0,,0.0
1893-04-17,100.0,-28.0,86.0,,0.0
1893-04-18,189.0,44.0,0.0,,0.0
1893-04-19,83.0,56.0,102.0,,0.0
1893-04-20,11.0,-6.0,216.0,,76.0
1893-04-21,56.0,-11.0,10.0,,25.0
1893-04-22,17.0,-17.0,,,0.0
1893-04-23,100.0,-44.0,0.0,,0.0
1893-04-24,72.0,22.0,23.0,,0.0
1893-04-25,78.0,28.0,0.0,,0.0
1893-04-26,144.0,44.0,122.0,,0.0
1893-04-27,111.0,17.0,0.0,,0.0
1893-04-28,89.0,33.0,15.0,,0.0
1893-04-29,67.0,39.0,33.0,,0.0
1893-04-30,56.0,0.0,61.0,102.0,0.0
1893-05-01,61.0,22.0,61.0,,
1893-05-02,117.0,22.0,0.0,,
1893-05-03,156.0,-11.0,0.0,,
1893-05-04,156.0,-22.0,155.0,,
1893-05-05,83.0,33.0,0.0,,
1893-05-06,139.0,-6.0,0.0,,
1893-05-07,172.0,11.0,0.0,,
1893-05-08,133.0,67.0,8.0,,
1893-05-09,222.0,100.0,0.0,,
1893-05-10,272.0,89.0,0.0,,
1893-05-11,200.0,117.0,132.0,,
1893-05-12,144.0,89.0,0.0,,
1893-05-13,167.0,56.0,0.0,,
1893-05-14,239.0,67.0,8.0,,
1893-05-15,167.0,72.0,3.0,0.0,
1893-05-16,178.0,44.0,0.0,,
1893-05-17,183.0,50.0,0.0,,
1893-05-18,222.0,44.0,0.0,,
1893-05-19,272.0,100.0,0.0,,
1893-05-20,256.0,122.0,0.0,,
1893-05-21,272.0,78.0,0.0,,
1893-05-22,283.0,111.0,10.0,,
1893-05-23,167.0,44.0,28.0,,
1893-05-24,244.0,94.0,0.0,,
1893-05-25,167.0,61.0,53.0,,
1893-05-26,117.0,61.0,112.0,,
1893-05-27,178.0,72.0,53.0,,
1893-05-28,206.0,39.0,5.0,,
1893-05-29,256.0,106.0,0.0,,
1893-05-30,267.0,78.0,0.0,,
1893-05-31,211.0,122.0,25.0,0.0,
1893-06-01,156.0,144.0,61.0,,
1893-06-02,261.0,156.0,0.0,,
1893-06-03,256.0,167.0,333.0,,
1893-06-04,250.0,167.0,135.0,,
1893-06-05,222.0,133.0,0.0,,
1893-06-06,217.0,94.0,0.0,,
1893-06-07,261.0,100.0,0.0,,
1893-06-08,267.0,122.0,0.0,,
1893-06-09,272.0,178.0,0.0,,
1893-06-10,206.0,156.0,658.0,,
1893-06-11,256.0,144.0,0.0,,
1893-06-12,322.0,178.0,0.0,,
1893-06-13,328.0,194.0,0.0,,
1893-06-14,306.0,200.0,5.0,,
1893-06-15,300.0,167.0,0.0,,
1893-06-16,278.0,161.0,0.0,,
1893-06-17,300.0,178.0,0.0,,
1893-06-18,300.0,139.0,0.0,,
1893-06-19,339.0,178.0,0.0,,
1893-06-20,267.0,189.0,236.0,,
1893-06-21,328.0,183.0,0.0,,
1893-06-22,244.0,111.0,0.0,,
1893-06-23,311.0,122.0,28.0,,
1893-06-24,278.0,167.0,0.0,,
1893-06-25,267.0,167.0,0.0,,
1893-06-26,267.0,122.0,0.0,,
1893-06-27,300.0,133.0,0.0,,
1893-06-28,289.0,144.0,0.0,,
1893-06-29,322.0,156.0,0.0,,
1893-06-30,267.0,178.0,23.0,,
1893-07-01,300.0,156.0,0.0,,
1893-07-02,267.0,189.0,3.0,,
1893-07-03,278.0,122.0,0.0,,
1893-07-04,289.0,167.0,25.0,,
1893-07-05,294.0,156.0,0.0,,
1893-07-06,322.0,189.0,178.0,,
1893-07-07,322.0,200.0,0.0,,
1893-07-08,267.0,189.0,69.0,,
1893-07-09,278.0,144.0,0.0,,
1893-07-10,294.0,178.0,0.0,,
1893-07-11,311.0,156.0,0.0,,
1893-07-12,322.0,211.0,0.0,,
1893-07-13,344.0,239.0,10.0,,
1893-07-14,333.0,211.0,3.0,,
1893-07-15,311.0,200.0,0.0,0.0,
1893-07-16,300.0,217.0,51.0,,
1893-07-17,267.0,167.0,0.0,,
1893-07-18,267.0,156.0,0.0,,
1893-07-19,283.0,117.0,0.0,,
1893-07-20,294.0,139.0,0.0,,
1893-07-21,311.0,144.0,0.0,,
1893-07-22,317.0,167.0,0.0,,
1893-07-23,339.0,194.0,0.0,,
1893-07-24,339.0,189.0,0.0,,
1893-07-25,339.0,200.0,0.0,,
1893-07-26,278.0,167.0,0.0,,
1893-07-27,261.0,100.0,0.0,,
1893-07-28,300.0,189.0,150.0,,
1893-07-29,278.0,144.0,0.0,,
1893-07-30,311.0,172.0,0.0,,
1893-07-31,278.0,167.0,0.0,0.0,
1893-08-01,289.0,122.0,0.0,,
1893-08-02,300.0,144.0,0.0,,
1893-08-03,300.0,144.0,0.0,,
1893-08-04,311.0,139.0,0.0,,
1893-08-05,317.0,189.0,0.0,,
1893-08-06,250.0,144.0,0.0,,
1893-08-07,261.0,100.0,0.0,,
1893-08-08,322.0,133.0,0.0,,
1893-08-09,333.0,178.0,0.0,,
1893-08-10,350.0,200.0,15.0,,
1893-08-11,239.0,156.0,0.0,,
1893-08-12,244.0,78.0,0.0,,
1893-08-13,244.0,111.0,0.0,,
1893-08-14,272.0,111.0,0.0,,
1893-08-15,267.0,183.0,0.0,0.0,
1893-08-16,267.0,172.0,297.0,,
1893-08-17,289.0,106.0,0.0,,
1893-08-18,244.0,156.0,0.0,,
1893-08-19,244.0,111.0,0.0,,
1893-08-20,244.0,122.0,0.0,,
1893-08-21,278.0,133.0,0.0,,
1893-08-22,294.0,139.0,0.0,,
1893-08-23,311.0,194.0,0.0,,
1893-08-24,278.0,178.0,0.0,,
1893-08-25,244.0,117.0,0.0,,
1893-08-26,272.0,122.0,0.0,,
1893-08-27,250.0,161.0,0.0,,
1893-08-28,189.0,83.0,0.0,,
1893-08-29,200.0,56.0,0.0,,
1893-08-30,233.0,39.0,0.0,,
1893-08-31,256.0,56.0,0.0,0.0,
1893-09-01,239.0,128.0,0.0,,
1893-09-02,211.0,44.0,0.0,,
1893-09-03,267.0,72.0,0.0,,
1893-09-04,306.0,128.0,0.0,,
1893-09-05,289.0,133.0,0.0,,
1893-09-06,306.0,122.0,0.0,,
1893-09-07,322.0,172.0,0.0,,
1893-09-08,283.0,133.0,0.0,,
1893-09-09,294.0,122.0,0.0,,
1893-09-10,289.0,128.0,0.0,,
1893-09-11,300.0,144.0,0.0,,
1893-09-12,289.0,111.0,0.0,,
1893-09-13,283.0,189.0,0.0,,
1893-09-14,306.0,178.0,0.0,,
1893-09-15,244.0,144.0,0.0,,
1893-09-16,194.0,67.0,0.0,,
1893-09-17,267.0,50.0,0.0,,
1893-09-18,239.0,178.0,23.0,,
1893-09-19,239.0,122.0,0.0,,
1893-09-20,222.0,144.0,48.0,,
1893-09-21,322.0,189.0,43.0,,
1893-09-22,239.0,67.0,0.0,,
1893-09-23,167.0,83.0,0.0,,
1893-09-24,167.0,44.0,0.0,,
1893-09-25,100.0,-11.0,0.0,,
1893-09-26,172.0,-22.0,0.0,,
1893-09-27,183.0,0.0,0.0,,
1893-09-28,161.0,-11.0,0.0,,
1893-09-29,94.0,67.0,353.0,,
1893-09-30,189.0,117.0,168.0,,
1893-10-01,233.0,161.0,3.0,,
1893-10-02,161.0,117.0,79.0,,
1893-10-03,133.0,33.0,0.0,,
1893-10-04,150.0,50.0,0.0,,
1893-10-05,217.0,106.0,0.0,,
1893-10-06,144.0,78.0,216.0,,
1893-10-07,211.0,50.0,0.0,,
1893-10-08,239.0,67.0,0.0,,
1893-10-09,217.0,89.0,0.0,,
1893-10-10,272.0,133.0,0.0,,
1893-10-11,244.0,133.0,0.0,,
1893-10-12,144.0,100.0,147.0,,
1893-10-13,144.0,100.0,0.0,,
1893-10-14,78.0,56.0,0.0,,
1893-10-15,106.0,-11.0,0.0,,
1893-10-16,156.0,-11.0,0.0,,
1893-10-17,178.0,22.0,0.0,,
1893-10-18,194.0,44.0,0.0,,
1893-10-19,167.0,67.0,0.0,,
1893-10-20,133.0,44.0,0.0,,
1893-10-21,167.0,44.0,0.0,,
1893-10-22,211.0,100.0,0.0,,
1893-10-23,233.0,83.0,0.0,,
1893-10-24,61.0,-17.0,0.0,,
1893-10-25,100.0,-33.0,69.0,,
1893-10-26,56.0,6.0,0.0,,
1893-10-27,133.0,-22.0,15.0,,
1893-10-28,17.0,-50.0,0.0,,
1893-10-29,33.0,-78.0,0.0,,
1893-10-30,89.0,-89.0,0.0,,
1893-10-31,189.0,44.0,0.0,,
1893-11-01,200.0,67.0,0.0,,0.0
1893-11-02,44.0,-22.0,0.0,,0.0
1893-11-03,67.0,-78.0,0.0,,0.0
1893-11-04,83.0,-83.0,0.0,,0.0
1893-11-05,156.0,11.0,0.0,,0.0
1893-11-06,189.0,0.0,0.0,,0.0
1893-11-07,161.0,11.0,0.0,,0.0
1893-11-08,106.0,11.0,0.0,,0.0
1893-11-09,156.0,-22.0,0.0,,0.0
1893-11-10,156.0,17.0,0.0,,0.0
1893-11-11,194.0,17.0,0.0,,0.0
1893-11-12,33.0,-22.0,51.0,,0.0
1893-11-13,67.0,-78.0,0.0,,0.0
1893-11-14,-6.0,-72.0,0.0,,0.0
1893-11-15,-17.0,-117.0,0.0,0.0,0.0
1893-11-16,100.0,-50.0,0.0,,0.0
1893-11-17,-6.0,-56.0,0.0,,0.0
1893-11-18,0.0,-122.0,0.0,,0.0
1893-11-19,-6.0,-83.0,0.0,,0.0
1893-11-20,100.0,-56.0,0.0,,0.0
1893-11-21,44.0,6.0,127.0,,89.0
1893-11-22,-56.0,-100.0,0.0,,0.0
1893-11-23,-111.0,-167.0,0.0,,0.0
1893-11-24,-111.0,-206.0,0.0,,0.0
1893-11-25,-22.0,-111.0,0.0,,0.0
1893-11-26,6.0,-33.0,30.0,,25.0
1893-11-27,22.0,-17.0,114.0,,25.0
1893-11-28,22.0,-67.0,8.0,,0.0
1893-11-29,-11.0,-72.0,0.0,,0.0
1893-11-30,-56.0,-200.0,127.0,203.0,127.0
1893-12-01,-183.0,-233.0,0.0,,0.0
1893-12-02,-128.0,-156.0,58.0,,64.0
1893-12-03,-117.0,-211.0,0.0,,0.0
1893-12-04,-22.0,-144.0,0.0,,0.0
1893-12-05,-22.0,-133.0,0.0,,0.0
1893-12-06,-78.0,-161.0,13.0,,13.0
1893-12-07,0.0,-133.0,38.0,,38.0
1893-12-08,-11.0,-72.0,0.0,,0.0
1893-12-09,22.0,-117.0,0.0,,0.0
1893-12-10,-94.0,-183.0,0.0,,0.0
1893-12-11,22.0,-111.0,8.0,,8.0
1893-12-12,-172.0,-267.0,0.0,,0.0
1893-12-13,-83.0,-244.0,,,0.0
1893-12-14,17.0,-56.0,,,0.0
1893-12-15,50.0,-11.0,135.0,0.0,8.0
1893-12-16,-61.0,-100.0,5.0,,5.0
1893-12-17,-122.0,-189.0,0.0,,0.0
1893-12-18,28.0,-111.0,0.0,,0.0
1893-12-19,-78.0,-156.0,0.0,,0.0
1893-12-20,-22.0,-167.0,0.0,,0.0
1893-12-21,44.0,-39.0,0.0,,0.0
1893-12-22,89.0,11.0,0.0,,0.0
1893-12-23,72.0,-44.0,5.0,,0.0
1893-12-24,111.0,56.0,107.0,,0.0
1893-12-25,33.0,-56.0,0.0,,0.0
1893-12-26,-22.0,-56.0,0.0,,0.0
1893-12-27,133.0,-61.0,23.0,,0.0
1893-12-28,28.0,-28.0,0.0,,0.0
1893-12-29,-39.0,-72.0,0.0,,0.0
1893-12-30,-61.0,-117.0,0.0,,0.0
1893-12-31,0.0,-56.0,0.0,0.0,0.0
1894-01-01,61.0,-61.0,0.0,,0.0
1894-01-02,56.0,-22.0,0.0,,0.0
1894-01-03,-6.0,-33.0,0.0,,0.0
1894-01-04,-50.0,-122.0,0.0,,0.0
1894-01-05,-56.0,-139.0,0.0,,0.0
1894-01-06,-11.0,-150.0,13.0,,10.0
1894-01-07,-100.0,-222.0,0.0,,0.0
1894-01-08,-44.0,-178.0,0.0,,0.0
1894-01-09,-56.0,-122.0,0.0,,0.0
1894-01-10,22.0,-178.0,0.0,,0.0
1894-01-11,-67.0,-122.0,0.0,,0.0
1894-01-12,11.0,-106.0,0.0,,0.0
1894-01-13,78.0,-33.0,0.0,,0.0
1894-01-14,56.0,17.0,0.0,,0.0
1894-01-15,67.0,28.0,5.0,0.0,0.0
1894-01-16,78.0,17.0,5.0,,0.0
1894-01-17,139.0,39.0,0.0,,0.0
1894-01-18,17.0,-50.0,0.0,,0.0
1894-01-19,11.0,-56.0,0.0,,0.0
1894-01-20,61.0,0.0,155.0,,0.0
1894-01-21,11.0,-133.0,0.0,,0.0
1894-01-22,-117.0,-167.0,0.0,,0.0
1894-01-23,-156.0,-211.0,76.0,,102.0
1894-01-24,-211.0,-300.0,0.0,,0.0
1894-01-25,-183.0,-344.0,0.0,,0.0
1894-01-26,-122.0,-178.0,,,0.0
1894-01-27,-122.0,-222.0,0.0,,0.0
1894-01-28,-44.0,-178.0,20.0,,25.0
1894-01-29,-100.0,-144.0,0.0,,0.0
1894-01-30,-22.0,-133.0,0.0,,0.0
1894-01-31,-56.0,-144.0,0.0,127.0,0.0
1894-02-01,-89.0,-189.0,0.0,,0.0
1894-02-02,17.0,-122.0,0.0,,0.0
1894-02-03,-78.0,-144.0,0.0,,0.0
1894-02-04,-89.0,-222.0,0.0,,0.0
1894-02-05,6.0,-133.0,0.0,,0.0
1894-02-06,56.0,-56.0,0.0,,0.0
1894-02-07,72.0,-50.0,0.0,,0.0
1894-02-08,61.0,-44.0,0.0,,0.0
1894-02-09,0.0,-6.0,79.0,,30.0
1894-02-10,-72.0,-133.0,0.0,,0.0
1894-02-11,-83.0,-178.0,0.0,,0.0
1894-02-12,-67.0,-89.0,46.0,,51.0
1894-02-13,-67.0,-133.0,0.0,,0.0
1894-02-14,-6.0,-133.0,0.0,,0.0
1894-02-15,-78.0,-167.0,0.0,25.0,0.0
1894-02-16,-6.0,-167.0,0.0,,0.0
1894-02-17,33.0,-56.0,5.0,,0.0
1894-02-18,22.0,-144.0,0.0,,0.0
1894-02-19,-122.0,-156.0,0.0,,0.0
1894-02-20,-100.0,-211.0,76.0,,89.0
1894-02-21,-128.0,-233.0,0.0,,0.0
1894-02-22,-56.0,-189.0,0.0,,0.0
1894-02-23,-100.0,-200.0,0.0,,0.0
1894-02-24,-94.0,-211.0,0.0,,0.0
1894-02-25,-28.0,-189.0,0.0,,0.0
1894-02-26,50.0,-133.0,0.0,,0.0
1894-02-27,61.0,-22.0,0.0,,0.0
1894-02-28,22.0,-6.0,0.0,51.0,0.0
1894-03-01,89.0,-6.0,0.0,,0.0
1894-03-02,78.0,-33.0,0.0,,0.0
1894-03-03,150.0,11.0,0.0,,0.0
1894-03-04,144.0,78.0,140.0,,0.0
1894-03-05,122.0,11.0,424.0,,0.0
1894-03-06,22.0,-56.0,20.0,,0.0
1894-03-07,67.0,-28.0,0.0,,0.0
1894-03-08,44.0,-67.0,0.0,,0.0
1894-03-09,117.0,-11.0,18.0,,0.0
1894-03-10,211.0,44.0,0.0,,0.0
1894-03-11,100.0,-11.0,0.0,,0.0
1894-03-12,133.0,11.0,0.0,,0.0
1894-03-13,89.0,0.0,0.0,,0.0
1894-03-14,78.0,-28.0,99.0,,0.0
1894-03-15,78.0,0.0,0.0,0.0,0.0
1894-03-16,156.0,-17.0,0.0,,0.0
1894-03-17,244.0,94.0,0.0,,0.0
1894-03-18,133.0,89.0,117.0,,0.0
1894-03-19,78.0,39.0,0.0,,0.0
1894-03-20,100.0,44.0,43.0,,0.0
1894-03-21,211.0,117.0,13.0,,0.0
1894-03-22,78.0,0.0,,,0.0
1894-03-23,89.0,-28.0,0.0,,0.0
1894-03-24,-6.0,-89.0,0.0,,0.0
1894-03-25,-72.0,-161.0,0.0,,0.0
1894-03-26,-50.0,-144.0,0.0,,0.0
1894-03-27,22.0,-133.0,0.0,,0.0
1894-03-28,0.0,-61.0,102.0,,102.0
1894-03-29,-11.0,-156.0,0.0,,0.0
1894-03-30,111.0,-22.0,0.0,,0.0
1894-03-31,117.0,6.0,0.0,0.0,0.0
1894-04-01,78.0,-28.0,0.0,,
1894-04-02,111.0,-39.0,0.0,,
1894-04-03,133.0,83.0,173.0,,
1894-04-04,44.0,22.0,5.0,,
1894-04-05,106.0,6.0,3.0,,
1894-04-06,178.0,11.0,0.0,,
1894-04-07,106.0,22.0,0.0,,
1894-04-08,89.0,0.0,0.0,,
1894-04-09,28.0,17.0,150.0,,
1894-04-10,56.0,-6.0,8.0,,
1894-04-11,67.0,11.0,0.0,,
1894-04-12,167.0,22.0,0.0,,
1894-04-13,172.0,89.0,0.0,,
1894-04-14,122.0,0.0,0.0,,
1894-04-15,200.0,89.0,0.0,0.0,
1894-04-16,244.0,67.0,0.0,,
1894-04-17,239.0,139.0,160.0,,
1894-04-18,261.0,139.0,0.0,,
1894-04-19,117.0,50.0,8.0,,
1894-04-20,89.0,17.0,15.0,,
1894-04-21,122.0,33.0,0.0,,
1894-04-22,133.0,61.0,0.0,,
1894-04-23,178.0,22.0,0.0,,
1894-04-24,189.0,22.0,0.0,,
1894-04-25,217.0,67.0,0.0,,
1894-04-26,222.0,61.0,0.0,,
1894-04-27,289.0,100.0,0.0,,
1894-04-28,306.0,156.0,0.0,,
1894-04-29,267.0,133.0,119.0,,
1894-04-30,244.0,167.0,239.0,0.0,
1894-05-01,233.0,122.0,185.0,,
1894-05-02,200.0,128.0,0.0,,
1894-05-03,178.0,100.0,0.0,,
1894-05-04,211.0,33.0,0.0,,
1894-05-05,200.0,106.0,0.0,,
1894-05-06,189.0,94.0,18.0,,
1894-05-07,211.0,67.0,0.0,,
1894-05-08,272.0,133.0,112.0,,
1894-05-09,217.0,67.0,0.0,,
1894-05-10,222.0,61.0,0.0,,
1894-05-11,289.0,100.0,0.0,,
1894-05-12,306.0,156.0,0.0,,
1894-05-13,311.0,133.0,0.0,,
1894-05-14,322.0,167.0,0.0,,
1894-05-15,322.0,172.0,0.0,0.0,
1894-05-16,311.0,200.0,0.0,,
1894-05-17,283.0,178.0,0.0,,
1894-05-18,111.0,50.0,20.0,,
1894-05-19,139.0,22.0,0.0,,
1894-05-20,178.0,22.0,0.0,,
1894-05-21,100.0,78.0,46.0,,
1894-05-22,161.0,78.0,5.0,,
1894-05-23,211.0,117.0,0.0,,
1894-05-24,211.0,133.0,0.0,,
1894-05-25,222.0,128.0,8.0,,
1894-05-26,278.0,83.0,0.0,,
1894-05-27,161.0,78.0,0.0,,
1894-05-28,200.0,11.0,0.0,,
1894-05-29,222.0,100.0,0.0,,
1894-05-30,156.0,44.0,0.0,,
1894-05-31,206.0,33.0,0.0,0.0,
1894-06-01,283.0,89.0,0.0,,
1894-06-02,294.0,133.0,0.0,,
1894-06-03,311.0,156.0,0.0,,
1894-06-04,278.0,89.0,0.0,,
1894-06-05,167.0,78.0,0.0,,
1894-06-06,200.0,44.0,0.0,,
1894-06-07,278.0,78.0,0.0,,
1894-06-08,300.0,122.0,0.0,,
1894-06-09,294.0,100.0,0.0,,
1894-06-10,317.0,167.0,25.0,,
1894-06-11,333.0,178.0,0.0,,
1894-06-12,339.0,167.0,0.0,,
1894-06-13,344.0,156.0,0.0,,
1894-06-14,339.0,167.0,0.0,,
1894-06-15,339.0,167.0,163.0,,
1894-06-16,322.0,183.0,0.0,,
1894-06-17,228.0,172.0,160.0,,
1894-06-18,261.0,183.0,0.0,,
1894-06-19,283.0,139.0,0.0,,
1894-06-20,328.0,178.0,0.0,,
1894-06-21,333.0,178.0,163.0,,
1894-06-22,328.0,178.0,0.0,,
1894-06-23,311.0,189.0,196.0,,
1894-06-24,294.0,178.0,0.0,,
1894-06-25,294.0,178.0,41.0,,
1894-06-26,294.0,156.0,23.0,,
1894-06-27,317.0,167.0,0.0,,
1894-06-28,300.0,200.0,0.0,,
1894-06-29,333.0,167.0,0.0,,
1894-06-30,306.0,211.0,0.0,,
1894-07-01,333.0,200.0,0.0,,
1894-07-02,278.0,144.0,0.0,,
1894-07-03,256.0,161.0,0.0,,
1894-07-04,244.0,144.0,5.0,,
1894-07-05,267.0,139.0,0.0,,
1894-07-06,244.0,139.0,0.0,,
1894-07-07,267.0,78.0,0.0,,
1894-07-08,311.0,100.0,0.0,,
1894-07-09,317.0,117.0,0.0,,
1894-07-10,339.0,133.0,0.0,,
1894-07-11,350.0,189.0,0.0,,
1894-07-12,367.0,189.0,0.0,,
1894-07-13,267.0,167.0,0.0,,
1894-07-14,311.0,122.0,0.0,,
1894-07-15,333.0,167.0,0.0,,
1894-07-16,333.0,156.0,0.0,,
1894-07-17,356.0,156.0,0.0,,
1894-07-18,367.0,167.0,0.0,,
1894-07-19,367.0,189.0,0.0,,
1894-07-20,283.0,189.0,28.0,,
1894-07-21,283.0,117.0,0.0,,
1894-07-22,289.0,78.0,0.0,,
1894-07-23,328.0,122.0,0.0,,
1894-07-24,361.0,189.0,0.0,,
1894-07-25,339.0,133.0,0.0,,
1894-07-26,394.0,167.0,0.0,,
1894-07-27,361.0,222.0,0.0,,
1894-07-28,344.0,222.0,0.0,,
1894-07-29,328.0,133.0,0.0,,
1894-07-30,356.0,161.0,0.0,,
1894-07-31,322.0,189.0,0.0,,
1894-08-01,367.0,178.0,0.0,,
1894-08-02,267.0,133.0,0.0,,
1894-08-03,239.0,67.0,0.0,,
1894-08-04,272.0,67.0,0.0,,
1894-08-05,300.0,111.0,0.0,,
1894-08-06,322.0,144.0,0.0,,
1894-08-07,356.0,178.0,0.0,,
1894-08-08,367.0,217.0,0.0,,
1894-08-09,372.0,200.0,0.0,,
1894-08-10,322.0,183.0,0.0,,
1894-08-11,322.0,178.0,145.0,,
1894-08-12,300.0,178.0,0.0,,
1894-08-13,306.0,167.0,8.0,,
1894-08-14,311.0,183.0,323.0,,
1894-08-15,283.0,172.0,0.0,,
1894-08-16,289.0,156.0,0.0,,
1894-08-17,300.0,156.0,371.0,,
1894-08-18,283.0,161.0,0.0,,
1894-08-19,294.0,167.0,0.0,,
1894-08-20,289.0,183.0,0.0,,
1894-08-21,278.0,156.0,0.0,,
1894-08-22,289.0,156.0,0.0,,
1894-08-23,322.0,167.0,0.0,,
1894-08-24,311.0,178.0,0.0,,
1894-08-25,250.0,178.0,23.0,,
1894-08-26,278.0,122.0,0.0,,
1894-08-27,294.0,122.0,0.0,,
1894-08-28,306.0,139.0,0.0,,
1894-08-29,278.0,156.0,0.0,,
1894-08-30,267.0,144.0,0.0,,
1894-08-31,278.0,122.0,0.0,,
1894-09-01,328.0,150.0,,,
1894-09-02,322.0,189.0,,,
1894-09-03,278.0,200.0,20.0,,
1894-09-04,289.0,200.0,,,
1894-09-05,300.0,161.0,,,
1894-09-06,283.0,200.0,218.0,,
1894-09-07,278.0,178.0,323.0,,
1894-09-08,272.0,194.0,0.0,,
1894-09-09,289.0,178.0,84.0,,
1894-09-10,178.0,100.0,,,
1894-09-11,183.0,50.0,,,
1894-09-12,194.0,72.0,38.0,,
1894-09-13,200.0,128.0,,,
1894-09-14,267.0,189.0,109.0,,
1894-09-15,217.0,111.0,,,
1894-09-16,244.0,111.0,,,
1894-09-17,200.0,100.0,,,
1894-09-18,189.0,22.0,,,
1894-09-19,244.0,72.0,,,
1894-09-20,256.0,78.0,15.0,,
1894-09-21,256.0,133.0,3.0,,
1894-09-22,256.0,161.0,,,
1894-09-23,167.0,72.0,,,
1894-09-24,128.0,33.0,,,
1894-09-25,167.0,0.0,,,
1894-09-26,222.0,78.0,,,
1894-09-27,267.0,100.0,,,
1894-09-28,278.0,133.0,,,
1894-09-29,256.0,89.0,58.0,,
1894-09-30,122.0,0.0,,,
1894-10-01,156.0,0.0,0.0,,
1894-10-02,206.0,133.0,91.0,,
1894-10-03,100.0,50.0,3.0,,
1894-10-04,117.0,50.0,0.0,,
1894-10-05,89.0,33.0,0.0,,
1894-10-06,156.0,-17.0,0.0,,
1894-10-07,189.0,56.0,18.0,,
1894-10-08,89.0,22.0,0.0,,
1894-10-09,133.0,-39.0,0.0,,
1894-10-10,89.0,33.0,0.0,,
1894-10-11,156.0,11.0,0.0,,
1894-10-12,167.0,89.0,0.0,,
1894-10-13,100.0,6.0,0.0,,
1894-10-14,100.0,-33.0,0.0,,
1894-10-15,178.0,56.0,0.0,,
1894-10-16,239.0,67.0,0.0,,
1894-10-17,189.0,44.0,0.0,,
1894-10-18,256.0,56.0,0.0,,
1894-10-19,200.0,111.0,28.0,,
1894-10-20,244.0,122.0,0.0,,
1894-10-21,211.0,122.0,185.0,,
1894-10-22,194.0,67.0,0.0,,
1894-10-23,167.0,89.0,18.0,,
1894-10-24,144.0,28.0,0.0,,
1894-10-25,178.0,89.0,64.0,,
1894-10-26,133.0,67.0,81.0,,
1894-10-27,156.0,17.0,0.0,,
1894-10-28,161.0,56.0,48.0,,
1894-10-29,83.0,56.0,0.0,,
1894-10-30,72.0,28.0,0.0,,
1894-10-31,56.0,33.0,0.0,,
1894-11-01,106.0,-6.0,0.0,,0.0
1894-11-02,44.0,-44.0,439.0,,0.0
1894-11-03,100.0,-17.0,0.0,,0.0
1894-11-04,106.0,33.0,0.0,,0.0
1894-11-05,22.0,-50.0,0.0,,0.0
1894-11-06,33.0,-44.0,0.0,,0.0
1894-11-07,33.0,-6.0,5.0,,0.0
1894-11-08,33.0,0.0,0.0,,0.0
1894-11-09,0.0,-33.0,15.0,,10.0
1894-11-10,-28.0,-78.0,0.0,,0.0
1894-11-11,-50.0,-133.0,,,13.0
1894-11-12,0.0,-33.0,43.0,,0.0
1894-11-13,22.0,-6.0,0.0,,0.0
1894-11-14,61.0,-50.0,0.0,,0.0
1894-11-15,122.0,33.0,0.0,0.0,0.0
1894-11-16,-28.0,-78.0,0.0,,0.0
1894-11-17,-22.0,-133.0,0.0,,0.0
1894-11-18,28.0,-89.0,0.0,,0.0
1894-11-19,-72.0,-167.0,0.0,,0.0
1894-11-20,100.0,-39.0,0.0,,0.0
1894-11-21,22.0,-111.0,0.0,,0.0
1894-11-22,94.0,-17.0,0.0,,0.0
1894-11-23,56.0,-78.0,0.0,,0.0
1894-11-24,28.0,-61.0,0.0,,0.0
1894-11-25,50.0,-56.0,0.0,,0.0
1894-11-26,128.0,-6.0,0.0,,0.0
1894-11-27,11.0,-89.0,0.0,,0.0
1894-11-28,-67.0,-144.0,0.0,,0.0
1894-11-29,-11.0,-50.0,13.0,,0.0
1894-11-30,6.0,-28.0,0.0,0.0,0.0
1894-12-01,50.0,-11.0,0.0,,0.0
1894-12-02,-50.0,-106.0,0.0,,0.0
1894-12-03,-17.0,-122.0,0.0,,0.0
1894-12-04,44.0,-106.0,0.0,,0.0
1894-12-05,56.0,-44.0,0.0,,0.0
1894-12-06,89.0,-44.0,0.0,,0.0
1894-12-07,133.0,67.0,0.0,,0.0
1894-12-08,28.0,-11.0,5.0,,3.0
1894-12-09,22.0,-6.0,0.0,,0.0
1894-12-10,28.0,-11.0,0.0,,0.0
1894-12-11,33.0,0.0,23.0,,13.0
1894-12-12,22.0,11.0,0.0,,0.0
1894-12-13,56.0,-44.0,0.0,,0.0
1894-12-14,78.0,-33.0,0.0,,0.0
1894-12-15,78.0,28.0,198.0,0.0,0.0
1894-12-16,0.0,-28.0,0.0,,0.0
1894-12-17,0.0,-67.0,0.0,,0.0
1894-12-18,22.0,-39.0,0.0,,0.0
1894-12-19,83.0,-39.0,0.0,,0.0
1894-12-20,94.0,0.0,0.0,,0.0
1894-12-21,67.0,6.0,0.0,,0.0
1894-12-22,17.0,-17.0,0.0,,0.0
1894-12-23,11.0,-6.0,0.0,,0.0
1894-12-24,0.0,-11.0,0.0,,0.0
1894-12-25,-22.0,-67.0,20.0,,0.0
1894-12-26,-67.0,-133.0,0.0,,0.0
1894-12-27,-156.0,-194.0,0.0,,0.0
1894-12-28,-89.0,-178.0,0.0,,0.0
1894-12-29,-44.0,-100.0,0.0,,0.0
1894-12-30,-106.0,-150.0,0.0,,0.0
1894-12-31,-22.0,-167.0,0.0,0.0,0.0
1895-01-01,-67.0,-161.0,0.0,,0.0
1895-01-02,-22.0,-150.0,0.0,,0.0
1895-01-03,-56.0,-156.0,0.0,,0.0
1895-01-04,-133.0,-200.0,20.0,,13.0
1895-01-05,-44.0,-122.0,0.0,,0.0
1895-01-06,-6.0,-56.0,0.0,,0.0
1895-01-07,-39.0,-128.0,0.0,,0.0
1895-01-08,-122.0,-228.0,0.0,,0.0
1895-01-09,-44.0,-156.0,0.0,,0.0
1895-01-10,0.0,-128.0,0.0,,0.0
1895-01-11,-100.0,-233.0,0.0,,0.0
1895-01-12,-89.0,-178.0,10.0,,10.0
1895-01-13,-106.0,-178.0,0.0,,0.0
1895-01-14,-67.0,-217.0,13.0,,13.0
1895-01-15,-33.0,-122.0,0.0,0.0,0.0
1895-01-16,6.0,-150.0,0.0,,0.0
1895-01-17,-11.0,-117.0,0.0,,0.0
1895-01-18,17.0,-50.0,15.0,,15.0
1895-01-19,6.0,-78.0,0.0,,0.0
1895-01-20,72.0,0.0,0.0,,0.0
1895-01-21,-22.0,-100.0,191.0,,191.0
1895-01-22,-100.0,-161.0,0.0,,0.0
1895-01-23,-150.0,-211.0,0.0,,0.0
1895-01-24,-100.0,-256.0,0.0,,0.0
1895-01-25,-89.0,-139.0,0.0,,0.0
1895-01-26,-156.0,-189.0,0.0,,0.0
1895-01-27,-178.0,-267.0,0.0,,0.0
1895-01-28,-133.0,-278.0,0.0,,0.0
1895-01-29,-111.0,-161.0,0.0,,0.0
1895-01-30,-167.0,-278.0,0.0,,0.0
1895-01-31,-44.0,-161.0,0.0,203.0,0.0
1895-02-01,-211.0,-300.0,0.0,,0.0
1895-02-02,-111.0,-278.0,0.0,,0.0
1895-02-03,-161.0,-244.0,3.0,,8.0
1895-02-04,-172.0,-278.0,0.0,,0.0
1895-02-05,-156.0,-306.0,0.0,,0.0
1895-02-06,-128.0,-194.0,64.0,,76.0
1895-02-07,-233.0,-278.0,0.0,,0.0
1895-02-08,-189.0,-311.0,0.0,,0.0
1895-02-09,-117.0,-278.0,0.0,,0.0
1895-02-10,-144.0,-256.0,0.0,,0.0
1895-02-11,-133.0,-228.0,0.0,,0.0
1895-02-12,-72.0,-167.0,0.0,,0.0
1895-02-13,6.0,-200.0,0.0,,0.0
1895-02-14,-67.0,-133.0,0.0,,0.0
1895-02-15,-78.0,-200.0,0.0,254.0,0.0
1895-02-16,-39.0,-206.0,0.0,,0.0
1895-02-17,22.0,-44.0,,,0.0
1895-02-18,-39.0,-117.0,0.0,,0.0
1895-02-19,-6.0,-144.0,0.0,,0.0
1895-02-20,50.0,-33.0,0.0,,0.0
1895-02-21,-44.0,-72.0,0.0,,0.0
1895-02-22,22.0,-139.0,0.0,,0.0
1895-02-23,-6.0,-128.0,0.0,,0.0
1895-02-24,100.0,22.0,0.0,,0.0
1895-02-25,61.0,-22.0,0.0,,0.0
1895-02-26,100.0,-39.0,0.0,,0.0
1895-02-27,72.0,33.0,43.0,,0.0
1895-02-28,156.0,44.0,0.0,0.0,0.0
1895-03-01,-11.0,-67.0,0.0,,0.0
1895-03-02,56.0,-78.0,0.0,,0.0
1895-03-03,-11.0,-78.0,51.0,,51.0
1895-03-04,-44.0,-144.0,0.0,,0.0
1895-03-05,11.0,-128.0,0.0,,0.0
1895-03-06,11.0,-144.0,,,0.0
1895-03-07,56.0,-100.0,0.0,,0.0
1895-03-08,-67.0,-100.0,8.0,,8.0
1895-03-09,89.0,-39.0,0.0,,0.0
1895-03-10,-39.0,-100.0,0.0,,0.0
1895-03-11,11.0,-106.0,0.0,,0.0
1895-03-12,28.0,-22.0,5.0,,5.0
1895-03-13,-78.0,-122.0,0.0,,0.0
1895-03-14,-67.0,-172.0,0.0,,0.0
1895-03-15,-39.0,-111.0,10.0,0.0,10.0
1895-03-16,-6.0,-128.0,0.0,,0.0
1895-03-17,78.0,-89.0,0.0,,0.0
1895-03-18,89.0,-106.0,0.0,,0.0
1895-03-19,56.0,-39.0,0.0,,0.0
1895-03-20,44.0,-67.0,0.0,,0.0
1895-03-21,67.0,-67.0,0.0,,0.0
1895-03-22,111.0,-33.0,0.0,,0.0
1895-03-23,128.0,33.0,0.0,,0.0
1895-03-24,183.0,11.0,0.0,,0.0
1895-03-25,94.0,-11.0,0.0,,0.0
1895-03-26,89.0,-33.0,0.0,,0.0
1895-03-27,211.0,11.0,0.0,,0.0
1895-03-28,111.0,22.0,0.0,,0.0
1895-03-29,300.0,39.0,0.0,,0.0
1895-03-30,89.0,0.0,0.0,,0.0
1895-03-31,17.0,0.0,178.0,0.0,0.0
1895-04-01,-6.0,-17.0,51.0,,25.0
1895-04-02,56.0,-67.0,0.0,,0.0
1895-04-03,100.0,-28.0,0.0,,0.0
1895-04-04,178.0,22.0,0.0,,0.0
1895-04-05,206.0,67.0,0.0,,0.0
1895-04-06,167.0,100.0,15.0,,0.0
1895-04-07,111.0,56.0,36.0,,0.0
1895-04-08,106.0,56.0,23.0,,0.0
1895-04-09,189.0,22.0,0.0,,0.0
1895-04-10,117.0,0.0,0.0,,0.0
1895-04-11,189.0,0.0,0.0,,0.0
1895-04-12,183.0,72.0,0.0,,0.0
1895-04-13,133.0,33.0,0.0,,0.0
1895-04-14,144.0,0.0,0.0,,0.0
1895-04-15,100.0,33.0,3.0,0.0,0.0
1895-04-16,156.0,33.0,0.0,,0.0
1895-04-17,133.0,11.0,0.0,,0.0
1895-04-18,178.0,-6.0,0.0,,0.0
1895-04-19,206.0,11.0,0.0,,0.0
1895-04-20,233.0,67.0,0.0,,0.0
1895-04-21,161.0,83.0,0.0,,0.0
1895-04-22,200.0,39.0,0.0,,0.0
1895-04-23,178.0,33.0,0.0,,0.0
1895-04-24,261.0,111.0,0.0,,0.0
1895-04-25,261.0,94.0,0.0,,0.0
1895-04-26,200.0,89.0,0.0,,0.0
1895-04-27,217.0,56.0,0.0,,0.0
1895-04-28,244.0,78.0,0.0,,0.0
1895-04-29,261.0,122.0,0.0,,0.0
1895-04-30,322.0,150.0,0.0,0.0,0.0
1895-05-01,283.0,156.0,203.0,,
1895-05-02,222.0,150.0,25.0,,
1895-05-03,294.0,167.0,0.0,,
1895-05-04,267.0,156.0,163.0,,
1895-05-05,256.0,178.0,10.0,,
1895-05-06,256.0,156.0,36.0,,
1895-05-07,283.0,156.0,0.0,,
1895-05-08,289.0,133.0,0.0,,
1895-05-09,311.0,167.0,0.0,,
1895-05-10,289.0,78.0,0.0,,
1895-05-11,167.0,67.0,0.0,,
1895-05-12,156.0,22.0,66.0,,
1895-05-13,100.0,28.0,0.0,,
1895-05-14,161.0,-11.0,0.0,,
1895-05-15,100.0,44.0,15.0,,
1895-05-16,167.0,39.0,0.0,,
1895-05-17,178.0,67.0,33.0,,
1895-05-18,200.0,78.0,0.0,,
1895-05-19,144.0,22.0,0.0,,
1895-05-20,178.0,33.0,0.0,,
1895-05-21,178.0,44.0,0.0,,
1895-05-22,206.0,56.0,0.0,,
1895-05-23,233.0,56.0,0.0,,
1895-05-24,261.0,72.0,0.0,,
1895-05-25,244.0,106.0,0.0,,
1895-05-26,150.0,50.0,0.0,,
1895-05-27,183.0,22.0,5.0,,
1895-05-28,322.0,156.0,0.0,,
1895-05-29,317.0,183.0,0.0,,
1895-05-30,222.0,189.0,160.0,,
1895-05-31,272.0,189.0,0.0,,
1895-06-01,300.0,183.0,0.0,,
1895-06-02,294.0,172.0,0.0,,
1895-06-03,306.0,183.0,0.0,,
1895-06-04,172.0,117.0,0.0,,
1895-06-05,178.0,89.0,0.0,,
1895-06-06,250.0,78.0,0.0,,
1895-06-07,278.0,133.0,0.0,,
1895-06-08,283.0,156.0,0.0,,
1895-06-09,333.0,183.0,0.0,,
1895-06-10,306.0,178.0,137.0,,
1895-06-11,267.0,189.0,0.0,,
1895-06-12,272.0,139.0,0.0,,
1895-06-13,250.0,139.0,0.0,,
1895-06-14,250.0,156.0,0.0,,
1895-06-15,272.0,156.0,0.0,0.0,
1895-06-16,306.0,156.0,10.0,,
1895-06-17,267.0,189.0,0.0,,
1895-06-18,233.0,139.0,0.0,,
1895-06-19,244.0,139.0,0.0,,
1895-06-20,267.0,139.0,36.0,,
1895-06-21,289.0,139.0,0.0,,
1895-06-22,267.0,156.0,0.0,,
1895-06-23,278.0,167.0,0.0,,
1895-06-24,294.0,156.0,0.0,,
1895-06-25,233.0,167.0,135.0,,
1895-06-26,250.0,139.0,0.0,,
1895-06-27,244.0,89.0,5.0,,
1895-06-28,200.0,94.0,0.0,,
1895-06-29,261.0,94.0,0.0,,
1895-06-30,267.0,156.0,0.0,0.0,
1895-07-01,278.0,144.0,0.0,,
1895-07-02,267.0,150.0,0.0,,
1895-07-03,300.0,150.0,0.0,,
1895-07-04,311.0,167.0,0.0,,
1895-07-05,322.0,172.0,0.0,,
1895-07-06,322.0,189.0,0.0,,
1895-07-07,339.0,194.0,5.0,,
1895-07-08,233.0,128.0,0.0,,
1895-07-09,211.0,78.0,0.0,,
1895-07-10,228.0,83.0,0.0,,
1895-07-11,300.0,122.0,0.0,,
1895-07-12,300.0,133.0,0.0,,
1895-07-13,317.0,156.0,0.0,,
1895-07-14,322.0,206.0,3.0,,
1895-07-15,272.0,150.0,142.0,0.0,
1895-07-16,344.0,133.0,20.0,,
1895-07-17,272.0,128.0,0.0,,
1895-07-18,311.0,156.0,13.0,,
1895-07-19,300.0,200.0,0.0,,
1895-07-20,317.0,200.0,259.0,,
1895-07-21,250.0,189.0,0.0,,
1895-07-22,217.0,128.0,0.0,,
1895-07-23,267.0,133.0,0.0,,
1895-07-24,272.0,156.0,3.0,,
1895-07-25,278.0,122.0,0.0,,
1895-07-26,272.0,156.0,23.0,,
1895-07-27,233.0,156.0,130.0,,
1895-07-28,272.0,178.0,0.0,,
1895-07-29,261.0,156.0,20.0,,
1895-07-30,200.0,111.0,0.0,,
1895-07-31,222.0,117.0,0.0,0.0,
1895-08-01,267.0,100.0,0.0,,
1895-08-02,272.0,156.0,0.0,,
1895-08-03,233.0,133.0,0.0,,
1895-08-04,289.0,156.0,0.0,,
1895-08-05,267.0,194.0,0.0,,
1895-08-06,256.0,144.0,0.0,,
1895-08-07,300.0,156.0,0.0,,
1895-08-08,278.0,178.0,0.0,,
1895-08-09,322.0,233.0,0.0,,
1895-08-10,272.0,200.0,0.0,,
1895-08-11,289.0,189.0,0.0,,
1895-08-12,289.0,156.0,0.0,,
1895-08-13,328.0,189.0,0.0,,
1895-08-14,322.0,194.0,38.0,,
1895-08-15,289.0,133.0,0.0,,
1895-08-16,322.0,189.0,0.0,,
1895-08-17,289.0,183.0,3.0,,
1895-08-18,250.0,150.0,0.0,,
1895-08-19,239.0,133.0,0.0,,
1895-08-20,250.0,139.0,0.0,,
1895-08-21,289.0,133.0,0.0,,
1895-08-22,294.0,156.0,0.0,,
1895-08-23,250.0,178.0,76.0,,
1895-08-24,244.0,178.0,203.0,,
1895-08-25,267.0,156.0,0.0,,
1895-08-26,267.0,189.0,13.0,,
1895-08-27,317.0,200.0,0.0,,
1895-08-28,250.0,183.0,38.0,,
1895-08-29,228.0,144.0,0.0,,
1895-08-30,244.0,144.0,0.0,,
1895-08-31,183.0,122.0,0.0,,
1895-09-01,206.0,56.0,0.0,,
1895-09-02,244.0,78.0,0.0,,
1895-09-03,294.0,189.0,33.0,,
1895-09-04,267.0,167.0,0.0,,
1895-09-05,300.0,161.0,0.0,,
1895-09-06,256.0,156.0,216.0,,
1895-09-07,161.0,78.0,0.0,,
1895-09-08,222.0,111.0,0.0,,
1895-09-09,267.0,144.0,0.0,,
1895-09-10,339.0,189.0,0.0,,
1895-09-11,344.0,189.0,0.0,,
1895-09-12,267.0,194.0,0.0,,
1895-09-13,167.0,133.0,76.0,,
1895-09-14,217.0,122.0,127.0,,
1895-09-15,256.0,156.0,119.0,,
1895-09-16,267.0,167.0,0.0,,
1895-09-17,294.0,161.0,0.0,,
1895-09-18,267.0,194.0,0.0,,
1895-09-19,333.0,194.0,0.0,,
1895-09-20,328.0,206.0,0.0,,
1895-09-21,322.0,178.0,0.0,,
1895-09-22,289.0,89.0,71.0,,
1895-09-23,128.0,28.0,0.0,,
1895-09-24,178.0,33.0,0.0,,
1895-09-25,256.0,89.0,0.0,,
1895-09-26,211.0,83.0,0.0,,
1895-09-27,122.0,33.0,0.0,,
1895-09-28,94.0,61.0,15.0,,
1895-09-29,100.0,22.0,0.0,,
1895-09-30,100.0,-22.0,0.0,,
1895-10-01,144.0,-22.0,0.0,,
1895-10-02,183.0,11.0,0.0,,
1895-10-03,178.0,28.0,0.0,,
1895-10-04,156.0,72.0,0.0,,
1895-10-05,189.0,94.0,0.0,,
1895-10-06,117.0,89.0,193.0,,
1895-10-07,111.0,44.0,0.0,,
1895-10-08,50.0,-11.0,0.0,,
1895-10-09,78.0,-72.0,0.0,,
1895-10-10,172.0,17.0,0.0,,
1895-10-11,94.0,22.0,64.0,,
1895-10-12,89.0,-39.0,0.0,,
1895-10-13,167.0,28.0,0.0,,
1895-10-14,133.0,39.0,23.0,,
1895-10-15,78.0,33.0,0.0,,
1895-10-16,144.0,44.0,0.0,,
1895-10-17,111.0,-33.0,0.0,,
1895-10-18,178.0,44.0,0.0,,
1895-10-19,11.0,-39.0,0.0,,
1895-10-20,44.0,-44.0,0.0,,
1895-10-21,144.0,-56.0,0.0,,
1895-10-22,44.0,-39.0,0.0,,
1895-10-23,56.0,-89.0,0.0,,
1895-10-24,139.0,-33.0,0.0,,
1895-10-25,111.0,-17.0,0.0,,
1895-10-26,194.0,33.0,0.0,,
1895-10-27,44.0,-44.0,0.0,,
1895-10-28,22.0,-56.0,0.0,,
1895-10-29,0.0,-100.0,0.0,,
1895-10-30,17.0,-133.0,0.0,,
1895-10-31,33.0,-56.0,0.0,,
1895-11-01,39.0,-128.0,0.0,,0.0
1895-11-02,117.0,-11.0,0.0,,0.0
1895-11-03,161.0,17.0,0.0,,0.0
1895-11-04,183.0,89.0,0.0,,0.0
1895-11-05,200.0,89.0,0.0,,0.0
1895-11-06,50.0,28.0,94.0,,0.0
1895-11-07,33.0,0.0,114.0,,0.0
1895-11-08,22.0,-22.0,0.0,,0.0
1895-11-09,11.0,-44.0,0.0,,0.0
1895-11-10,0.0,-89.0,0.0,,0.0
1895-11-11,44.0,-78.0,0.0,,0.0
1895-11-12,78.0,-44.0,0.0,,0.0
1895-11-13,22.0,0.0,0.0,,0.0
1895-11-14,44.0,-22.0,23.0,,0.0
1895-11-15,50.0,-67.0,0.0,0.0,0.0
1895-11-16,33.0,0.0,38.0,,0.0
1895-11-17,100.0,-6.0,0.0,,0.0
1895-11-18,67.0,0.0,0.0,,0.0
1895-11-19,-22.0,-89.0,79.0,,38.0
1895-11-20,-22.0,-122.0,10.0,,13.0
1895-11-21,-56.0,-106.0,10.0,,13.0
1895-11-22,-44.0,-111.0,0.0,,0.0
1895-11-23,-44.0,-122.0,0.0,,0.0
1895-11-24,-50.0,-133.0,0.0,,0.0
1895-11-25,-33.0,-72.0,20.0,,13.0
1895-11-26,-111.0,-167.0,0.0,,0.0
1895-11-27,-11.0,-106.0,0.0,,0.0
1895-11-28,44.0,-39.0,0.0,,0.0
1895-11-29,11.0,-22.0,,,0.0
1895-11-30,-11.0,-39.0,0.0,25.0,0.0
1895-12-01,17.0,-78.0,91.0,,89.0
1895-12-02,-117.0,-172.0,0.0,,0.0
1895-12-03,-94.0,-211.0,0.0,,0.0
1895-12-04,-122.0,-167.0,0.0,,0.0
1895-12-05,-94.0,-222.0,0.0,,0.0
1895-12-06,-6.0,-150.0,0.0,,0.0
1895-12-07,-50.0,-100.0,0.0,,0.0
1895-12-08,-44.0,-111.0,0.0,,0.0
1895-12-09,-56.0,-189.0,0.0,,0.0
1895-12-10,17.0,-67.0,0.0,,0.0
1895-12-11,-11.0,-33.0,,,0.0
1895-12-12,-6.0,-33.0,0.0,,0.0
1895-12-13,-17.0,-44.0,0.0,,0.0
1895-12-14,33.0,-44.0,0.0,,0.0
1895-12-15,0.0,-56.0,0.0,25.0,0.0
1895-12-16,50.0,-39.0,0.0,,0.0
1895-12-17,94.0,-11.0,71.0,,0.0
1895-12-18,28.0,-33.0,0.0,,0.0
1895-12-19,-11.0,-22.0,61.0,,25.0
1895-12-20,-6.0,-33.0,5.0,,0.0
1895-12-21,0.0,-22.0,0.0,,0.0
1895-12-22,17.0,-22.0,0.0,,0.0
1895-12-23,22.0,-33.0,0.0,,0.0
1895-12-24,0.0,-11.0,361.0,,8.0
1895-12-25,-39.0,-94.0,0.0,,0.0
1895-12-26,-17.0,-117.0,0.0,,0.0
1895-12-27,-28.0,-61.0,0.0,,0.0
1895-12-28,17.0,-22.0,0.0,,0.0
1895-12-29,-50.0,-122.0,0.0,,0.0
1895-12-30,-56.0,-144.0,38.0,,56.0
1895-12-31,-144.0,-211.0,0.0,76.0,0.0
1896-01-01,-22.0,-144.0,0.0,,0.0
1896-01-02,-78.0,-189.0,0.0,,0.0
1896-01-03,-217.0,-272.0,0.0,,0.0
1896-01-04,-167.0,-256.0,0.0,,0.0
1896-01-05,-128.0,-211.0,0.0,,0.0
1896-01-06,-33.0,-133.0,0.0,,0.0
1896-01-07,-67.0,-111.0,0.0,,0.0
1896-01-08,6.0,-94.0,0.0,,0.0
1896-01-09,33.0,-56.0,0.0,,0.0
1896-01-10,39.0,-39.0,0.0,,0.0
1896-01-11,61.0,-44.0,0.0,,0.0
1896-01-12,-78.0,-144.0,0.0,,0.0
1896-01-13,-89.0,-156.0,0.0,,0.0
1896-01-14,-44.0,-167.0,0.0,,0.0
1896-01-15,-11.0,-78.0,0.0,0.0,0.0
1896-01-16,-44.0,-56.0,0.0,,0.0
1896-01-17,11.0,-50.0,0.0,,0.0
1896-01-18,-67.0,-106.0,0.0,,0.0
1896-01-19,11.0,-50.0,0.0,,0.0
1896-01-20,11.0,-78.0,0.0,,0.0
1896-01-21,-11.0,-50.0,0.0,,0.0
1896-01-22,-28.0,-56.0,51.0,,51.0
1896-01-23,-11.0,-56.0,25.0,,25.0
1896-01-24,-33.0,-122.0,0.0,,0.0
1896-01-25,-28.0,-111.0,0.0,,0.0
1896-01-26,-83.0,-200.0,0.0,,0.0
1896-01-27,0.0,-94.0,0.0,,0.0
1896-01-28,-11.0,-100.0,0.0,,0.0
1896-01-29,44.0,-67.0,0.0,,0.0
1896-01-30,56.0,0.0,0.0,,0.0
1896-01-31,39.0,11.0,30.0,0.0,0.0
1896-02-01,0.0,-39.0,0.0,,0.0
1896-02-02,6.0,-33.0,0.0,,0.0
1896-02-03,6.0,-28.0,51.0,,51.0
1896-02-04,56.0,-33.0,0.0,,0.0
1896-02-05,22.0,-44.0,0.0,,0.0
1896-02-06,22.0,-61.0,0.0,,0.0
1896-02-07,-22.0,-83.0,0.0,,0.0
1896-02-08,-44.0,-156.0,0.0,,0.0
1896-02-09,-6.0,-67.0,0.0,,0.0
1896-02-10,-22.0,-67.0,25.0,,25.0
1896-02-11,-56.0,-117.0,0.0,,0.0
1896-02-12,-50.0,-117.0,76.0,,76.0
1896-02-13,11.0,-106.0,0.0,,0.0
1896-02-14,-22.0,-183.0,0.0,,0.0
1896-02-15,-44.0,-156.0,0.0,76.0,0.0
1896-02-16,-117.0,-200.0,0.0,,0.0
1896-02-17,-56.0,-239.0,8.0,,8.0
1896-02-18,-50.0,-122.0,0.0,,0.0
1896-02-19,-161.0,-244.0,0.0,,0.0
1896-02-20,-161.0,-244.0,0.0,,0.0
1896-02-21,-78.0,-222.0,0.0,,0.0
1896-02-22,39.0,-67.0,53.0,,0.0
1896-02-23,44.0,-17.0,0.0,,0.0
1896-02-24,22.0,-22.0,,,0.0
1896-02-25,50.0,-61.0,0.0,,0.0
1896-02-26,106.0,-11.0,0.0,,0.0
1896-02-27,100.0,-6.0,0.0,,0.0
1896-02-28,11.0,-56.0,0.0,,0.0
1896-02-29,0.0,-67.0,0.0,0.0,0.0
1896-03-01,-17.0,-61.0,0.0,,0.0
1896-03-02,-28.0,-106.0,28.0,,25.0
1896-03-03,-33.0,-61.0,0.0,,0.0
1896-03-04,-28.0,-89.0,38.0,,0.0
1896-03-05,-6.0,-33.0,0.0,,0.0
1896-03-06,-11.0,-50.0,0.0,,0.0
1896-03-07,-33.0,-100.0,0.0,,0.0
1896-03-08,-22.0,-128.0,0.0,,0.0
1896-03-09,56.0,-33.0,13.0,,5.0
1896-03-10,6.0,-72.0,0.0,,0.0
1896-03-11,-94.0,-139.0,0.0,,0.0
1896-03-12,-106.0,-178.0,0.0,,0.0
1896-03-13,-78.0,-189.0,0.0,,0.0
1896-03-14,-39.0,-178.0,0.0,,0.0
1896-03-15,-11.0,-122.0,0.0,0.0,0.0
1896-03-16,22.0,-89.0,0.0,,0.0
1896-03-17,44.0,-78.0,10.0,,5.0
1896-03-18,33.0,-22.0,0.0,,0.0
1896-03-19,-11.0,-50.0,0.0,,0.0
1896-03-20,11.0,-111.0,0.0,,0.0
1896-03-21,111.0,-6.0,0.0,,0.0
1896-03-22,11.0,-122.0,0.0,,0.0
1896-03-23,6.0,-89.0,0.0,,0.0
1896-03-24,78.0,-44.0,0.0,,0.0
1896-03-25,144.0,28.0,0.0,,0.0
1896-03-26,133.0,-56.0,0.0,,0.0
1896-03-27,56.0,-44.0,0.0,,0.0
1896-03-28,144.0,11.0,46.0,,0.0
1896-03-29,100.0,-56.0,0.0,,0.0
1896-03-30,144.0,-22.0,0.0,,0.0
1896-03-31,89.0,39.0,0.0,0.0,0.0
1896-04-01,0.0,-67.0,18.0,,0.0
1896-04-02,-6.0,-78.0,0.0,,0.0
1896-04-03,39.0,-83.0,0.0,,0.0
1896-04-04,78.0,-50.0,0.0,,0.0
1896-04-05,122.0,-33.0,0.0,,0.0
1896-04-06,78.0,-22.0,0.0,,0.0
1896-04-07,44.0,-22.0,0.0,,0.0
1896-04-08,11.0,-17.0,147.0,,127.0
1896-04-09,44.0,-11.0,241.0,,25.0
1896-04-10,117.0,17.0,122.0,,0.0
1896-04-11,239.0,100.0,0.0,,0.0
1896-04-12,228.0,111.0,0.0,,0.0
1896-04-13,189.0,111.0,76.0,,0.0
1896-04-14,178.0,61.0,0.0,,0.0
1896-04-15,256.0,122.0,0.0,0.0,0.0
1896-04-16,272.0,139.0,0.0,,0.0
1896-04-17,267.0,161.0,0.0,,0.0
1896-04-18,244.0,172.0,102.0,,0.0
1896-04-19,183.0,67.0,0.0,,0.0
1896-04-20,217.0,111.0,221.0,,0.0
1896-04-21,94.0,28.0,0.0,,0.0
1896-04-22,128.0,17.0,0.0,,0.0
1896-04-23,200.0,67.0,173.0,,0.0
1896-04-24,189.0,89.0,0.0,,0.0
1896-04-25,211.0,72.0,0.0,,0.0
1896-04-26,178.0,111.0,0.0,,0.0
1896-04-27,228.0,128.0,23.0,,0.0
1896-04-28,239.0,156.0,310.0,,0.0
1896-04-29,228.0,133.0,0.0,,0.0
1896-04-30,183.0,117.0,3.0,0.0,0.0
1896-05-01,183.0,122.0,5.0,,
1896-05-02,178.0,94.0,0.0,,
1896-05-03,222.0,106.0,0.0,,
1896-05-04,239.0,100.0,0.0,,
1896-05-05,267.0,133.0,0.0,,
1896-05-06,278.0,139.0,0.0,,
1896-05-07,278.0,139.0,0.0,,
1896-05-08,289.0,183.0,0.0,,
1896-05-09,289.0,156.0,0.0,,
1896-05-10,283.0,144.0,0.0,,
1896-05-11,267.0,133.0,0.0,,
1896-05-12,283.0,133.0,0.0,,
1896-05-13,239.0,133.0,104.0,,
1896-05-14,156.0,83.0,76.0,,
1896-05-15,189.0,61.0,257.0,0.0,
1896-05-16,189.0,139.0,132.0,,
1896-05-17,200.0,100.0,0.0,,
1896-05-18,200.0,122.0,81.0,,
1896-05-19,183.0,78.0,76.0,,
1896-05-20,206.0,100.0,0.0,,
1896-05-21,211.0,122.0,0.0,,
1896-05-22,222.0,122.0,0.0,,
1896-05-23,228.0,111.0,0.0,,
1896-05-24,267.0,133.0,99.0,,
1896-05-25,278.0,156.0,0.0,,
1896-05-26,239.0,144.0,203.0,,
1896-05-27,167.0,100.0,0.0,,
1896-05-28,178.0,89.0,0.0,,
1896-05-29,178.0,78.0,0.0,,
1896-05-30,233.0,106.0,119.0,,
1896-05-31,194.0,100.0,0.0,0.0,
1896-06-01,189.0,78.0,0.0,,
1896-06-02,189.0,100.0,15.0,,
1896-06-03,228.0,122.0,0.0,,
1896-06-04,256.0,139.0,0.0,,
1896-06-05,289.0,178.0,0.0,,
1896-06-06,294.0,189.0,51.0,,
1896-06-07,278.0,172.0,99.0,,
1896-06-08,183.0,139.0,18.0,,
1896-06-09,150.0,89.0,0.0,,
1896-06-10,211.0,94.0,0.0,,
1896-06-11,228.0,78.0,0.0,,
1896-06-12,200.0,94.0,13.0,,
1896-06-13,228.0,67.0,0.0,,
1896-06-14,244.0,94.0,0.0,,
1896-06-15,278.0,133.0,0.0,,
1896-06-16,256.0,156.0,25.0,,
1896-06-17,272.0,150.0,0.0,,
1896-06-18,283.0,156.0,0.0,,
1896-06-19,289.0,189.0,94.0,,
1896-06-20,311.0,161.0,64.0,,
1896-06-21,272.0,178.0,0.0,,
1896-06-22,267.0,178.0,0.0,,
1896-06-23,278.0,161.0,0.0,,
1896-06-24,278.0,161.0,0.0,,
1896-06-25,267.0,178.0,76.0,,
1896-06-26,233.0,117.0,0.0,,
1896-06-27,261.0,122.0,30.0,,
1896-06-28,211.0,122.0,0.0,,
1896-06-29,250.0,128.0,0.0,,
1896-06-30,289.0,144.0,0.0,,
1896-07-01,300.0,156.0,0.0,,
1896-07-02,306.0,189.0,3.0,,
1896-07-03,278.0,189.0,114.0,,
1896-07-04,256.0,178.0,0.0,,
1896-07-05,256.0,144.0,0.0,,
1896-07-06,244.0,144.0,0.0,,
1896-07-07,222.0,89.0,0.0,,
1896-07-08,244.0,100.0,0.0,,
1896-07-09,267.0,122.0,0.0,,
1896-07-10,278.0,139.0,0.0,,
1896-07-11,306.0,156.0,0.0,,
1896-07-12,311.0,172.0,0.0,,
1896-07-13,333.0,194.0,0.0,,
1896-07-14,339.0,206.0,0.0,,
1896-07-15,267.0,194.0,28.0,,
1896-07-16,211.0,133.0,0.0,,
1896-07-17,239.0,78.0,0.0,,
1896-07-18,189.0,150.0,376.0,,
1896-07-19,267.0,172.0,5.0,,
1896-07-20,289.0,156.0,0.0,,
1896-07-21,294.0,128.0,234.0,,
1896-07-22,233.0,156.0,0.0,,
1896-07-23,167.0,133.0,295.0,,
1896-07-24,222.0,122.0,0.0,,
1896-07-25,244.0,94.0,0.0,,
1896-07-26,317.0,189.0,168.0,,
1896-07-27,278.0,172.0,335.0,,
1896-07-28,256.0,167.0,0.0,,
1896-07-29,300.0,167.0,0.0,,
1896-07-30,289.0,183.0,0.0,,
1896-07-31,217.0,172.0,361.0,,
1896-08-01,267.0,183.0,0.0,,
1896-08-02,272.0,150.0,0.0,,
1896-08-03,306.0,161.0,18.0,,
1896-08-04,333.0,217.0,0.0,,
1896-08-05,333.0,239.0,5.0,,
1896-08-06,294.0,211.0,0.0,,
1896-08-07,306.0,206.0,0.0,,
1896-08-08,328.0,222.0,0.0,,
1896-08-09,311.0,206.0,221.0,,
1896-08-10,328.0,206.0,8.0,,
1896-08-11,311.0,217.0,25.0,,
1896-08-12,256.0,156.0,0.0,,
1896-08-13,289.0,211.0,0.0,,
1896-08-14,272.0,189.0,8.0,,
1896-08-15,256.0,161.0,84.0,,
1896-08-16,233.0,150.0,0.0,,
1896-08-17,222.0,111.0,0.0,,
1896-08-18,217.0,133.0,0.0,,
1896-08-19,233.0,111.0,0.0,,
1896-08-20,233.0,128.0,0.0,,
1896-08-21,278.0,183.0,81.0,,
1896-08-22,239.0,183.0,5.0,,
1896-08-23,250.0,122.0,0.0,,
1896-08-24,250.0,106.0,0.0,,
1896-08-25,267.0,156.0,0.0,,
1896-08-26,222.0,128.0,0.0,,
1896-08-27,211.0,94.0,0.0,,
1896-08-28,239.0,100.0,0.0,,
1896-08-29,261.0,156.0,30.0,,
1896-08-30,261.0,167.0,0.0,,
1896-08-31,217.0,111.0,0.0,,
1896-09-01,244.0,78.0,0.0,,
1896-09-02,289.0,167.0,18.0,,
1896-09-03,200.0,128.0,0.0,,
1896-09-04,172.0,111.0,30.0,,
1896-09-05,167.0,111.0,3.0,,
1896-09-06,189.0,83.0,0.0,,
1896-09-07,233.0,83.0,0.0,,
1896-09-08,256.0,139.0,8.0,,
1896-09-09,278.0,183.0,10.0,,
1896-09-10,233.0,122.0,99.0,,
1896-09-11,178.0,111.0,0.0,,
1896-09-12,189.0,139.0,3.0,,
1896-09-13,272.0,161.0,0.0,,
1896-09-14,222.0,178.0,371.0,,
1896-09-15,206.0,161.0,0.0,,
1896-09-16,222.0,133.0,46.0,,
1896-09-17,222.0,122.0,0.0,,
1896-09-18,150.0,106.0,91.0,,
1896-09-19,106.0,33.0,0.0,,
1896-09-20,156.0,-11.0,0.0,,
1896-09-21,194.0,44.0,0.0,,
1896-09-22,122.0,22.0,0.0,,
1896-09-23,172.0,22.0,0.0,,
1896-09-24,200.0,50.0,0.0,,
1896-09-25,189.0,89.0,20.0,,
1896-09-26,133.0,39.0,43.0,,
1896-09-27,128.0,28.0,0.0,,
1896-09-28,144.0,6.0,0.0,,
1896-09-29,89.0,72.0,302.0,,
1896-09-30,228.0,94.0,0.0,,
1896-10-01,167.0,67.0,0.0,,0.0
1896-10-02,167.0,83.0,41.0,,0.0
1896-10-03,172.0,106.0,0.0,,0.0
1896-10-04,183.0,-17.0,0.0,,0.0
1896-10-05,139.0,83.0,3.0,,0.0
1896-10-06,133.0,28.0,0.0,,0.0
1896-10-07,89.0,-11.0,0.0,,0.0
1896-10-08,111.0,-17.0,0.0,,0.0
1896-10-09,139.0,50.0,0.0,,0.0
1896-10-10,167.0,72.0,53.0,,0.0
1896-10-11,183.0,83.0,0.0,,0.0
1896-10-12,183.0,50.0,0.0,,0.0
1896-10-13,172.0,17.0,0.0,,0.0
1896-10-14,194.0,22.0,0.0,,0.0
1896-10-15,183.0,67.0,0.0,,0.0
1896-10-16,111.0,11.0,0.0,,0.0
1896-10-17,67.0,11.0,0.0,,0.0
1896-10-18,56.0,-56.0,0.0,,0.0
1896-10-19,100.0,28.0,,,0.0
1896-10-20,50.0,-44.0,0.0,,0.0
1896-10-21,67.0,-67.0,0.0,,0.0
1896-10-22,83.0,-44.0,0.0,,0.0
1896-10-23,83.0,-56.0,0.0,,0.0
1896-10-24,56.0,-56.0,0.0,,0.0
1896-10-25,167.0,-17.0,0.0,,0.0
1896-10-26,139.0,33.0,0.0,,0.0
1896-10-27,211.0,61.0,0.0,,0.0
1896-10-28,228.0,189.0,0.0,,0.0
1896-10-29,194.0,150.0,389.0,,0.0
1896-10-30,61.0,22.0,18.0,,0.0
1896-10-31,61.0,11.0,0.0,,0.0
1896-11-01,89.0,-28.0,,,0.0
1896-11-02,94.0,28.0,25.0,,0.0
1896-11-03,111.0,0.0,13.0,,0.0
1896-11-04,94.0,-11.0,,,0.0
1896-11-05,11.0,-11.0,,,0.0
1896-11-06,28.0,-33.0,25.0,,13.0
1896-11-07,-28.0,-39.0,,,0.0
1896-11-08,-22.0,-50.0,,,0.0
1896-11-09,22.0,-50.0,13.0,,13.0
1896-11-10,33.0,6.0,28.0,,0.0
1896-11-11,-22.0,-44.0,,,0.0
1896-11-12,-33.0,-100.0,,,0.0
1896-11-13,-22.0,-94.0,,,0.0
1896-11-14,94.0,-33.0,,,0.0
1896-11-15,139.0,0.0,,0.0,0.0
1896-11-16,-39.0,-39.0,,,0.0
1896-11-17,128.0,128.0,0.0,,0.0
1896-11-18,156.0,-44.0,20.0,,0.0
1896-11-19,-50.0,-72.0,,,0.0
1896-11-20,0.0,-56.0,3.0,,0.0
1896-11-21,-11.0,-78.0,,,0.0
1896-11-22,-6.0,-89.0,,,0.0
1896-11-23,61.0,-6.0,,,0.0
1896-11-24,39.0,-50.0,,,0.0
1896-11-25,183.0,122.0,56.0,,0.0
1896-11-26,156.0,22.0,196.0,,0.0
1896-11-27,-78.0,-128.0,,,0.0
1896-11-28,-94.0,-161.0,,,0.0
1896-11-29,-94.0,-172.0,,,0.0
1896-11-30,-106.0,-189.0,,0.0,0.0
1896-12-01,-72.0,-128.0,0.0,,0.0
1896-12-02,-11.0,-100.0,0.0,,0.0
1896-12-03,6.0,-111.0,8.0,,8.0
1896-12-04,6.0,-61.0,0.0,,0.0
1896-12-05,89.0,-44.0,18.0,,0.0
1896-12-06,0.0,-61.0,61.0,,38.0
1896-12-07,0.0,-61.0,0.0,,0.0
1896-12-08,11.0,-17.0,3.0,,0.0
1896-12-09,61.0,-17.0,0.0,,0.0
1896-12-10,72.0,17.0,0.0,,0.0
1896-12-11,111.0,-17.0,0.0,,0.0
1896-12-12,89.0,6.0,0.0,,0.0
1896-12-13,11.0,-22.0,0.0,,0.0
1896-12-14,28.0,6.0,0.0,,0.0
1896-12-15,11.0,-6.0,0.0,0.0,0.0
1896-12-16,28.0,-6.0,0.0,,0.0
1896-12-17,17.0,6.0,71.0,,38.0
1896-12-18,-17.0,-111.0,0.0,,0.0
1896-12-19,-28.0,-72.0,0.0,,0.0
1896-12-20,-39.0,-111.0,0.0,,0.0
1896-12-21,-50.0,-133.0,0.0,,0.0
1896-12-22,0.0,-44.0,0.0,,0.0
1896-12-23,-39.0,-94.0,0.0,,0.0
1896-12-24,-56.0,-67.0,0.0,,0.0
1896-12-25,17.0,-61.0,0.0,,0.0
1896-12-26,-11.0,-50.0,0.0,,0.0
1896-12-27,-6.0,-39.0,0.0,,0.0
1896-12-28,56.0,17.0,10.0,,0.0
1896-12-29,61.0,44.0,0.0,,0.0
1896-12-30,72.0,56.0,0.0,,0.0
1896-12-31,117.0,61.0,0.0,0.0,0.0
1897-01-01,,,53.0,,
1897-01-02,,,10.0,,20.0
1897-01-03,,,264.0,,3.0
1897-01-04,,,5.0,,20.0
1897-01-05,,,0.0,,
1897-01-06,,,0.0,,
1897-01-07,,,0.0,,
1897-01-08,,,0.0,,
1897-01-09,,,0.0,,
1897-01-10,,,0.0,,
1897-01-11,,,0.0,,
1897-01-12,,,0.0,,
1897-01-13,,,64.0,,64.0
1897-01-14,,,23.0,,18.0
1897-01-15,,,0.0,76.0,
1897-01-16,,,23.0,,
1897-01-17,,,66.0,,0.0
1897-01-18,,,0.0,,
1897-01-19,,,0.0,,
1897-01-20,,,46.0,,25.0
1897-01-21,,,5.0,,25.0
1897-01-22,,,0.0,,
1897-01-23,,,38.0,,38.0
1897-01-24,,,0.0,,
1897-01-25,,,0.0,,
1897-01-26,,,0.0,,
1897-01-27,,,0.0,,
1897-01-28,,,0.0,,
1897-01-29,,,0.0,,
1897-01-30,,,0.0,,
1897-01-31,,,0.0,76.0,
1897-03-01,,,0.0,,0.0
1897-03-02,,,13.0,,8.0
1897-03-03,,,0.0,,0.0
1897-03-04,,,0.0,,0.0
1897-03-05,,,38.0,,0.0
1897-03-06,,,0.0,,0.0
1897-03-07,,,0.0,,0.0
1897-03-08,,,274.0,,0.0
1897-03-09,,,0.0,,0.0
1897-03-10,,,0.0,,0.0
1897-03-11,,,30.0,,0.0
1897-03-12,,,,,25.0
1897-03-13,,,25.0,,0.0
1897-03-14,,,0.0,,0.0
1897-03-15,,,0.0,0.0,0.0
1897-03-16,,,0.0,,0.0
1897-03-17,,,41.0,,0.0
1897-03-18,,,0.0,,0.0
1897-03-19,,,178.0,,0.0
1897-03-20,,,0.0,,0.0
1897-03-21,,,0.0,,0.0
1897-03-22,,,0.0,,0.0
1897-03-23,,,51.0,,51.0
1897-03-24,,,0.0,,0.0
1897-03-25,,,0.0,,0.0
1897-03-26,,,0.0,,0.0
1897-03-27,,,0.0,,0.0
1897-03-28,,,0.0,,0.0
1897-03-29,,,0.0,,0.0
1897-03-30,,,0.0,,0.0
1897-03-31,,,0.0,0.0,0.0
1897-04-01,,,89.0,,0.0
1897-04-02,,,,,0.0
1897-04-03,,,,,0.0
1897-04-04,,,36.0,,0.0
1897-04-05,,,,,0.0
1897-04-06,,,3.0,,0.0
1897-04-07,,,,,0.0
1897-04-08,,,,,0.0
1897-04-09,,,,,0.0
1897-04-10,,,,,0.0
1897-04-11,,,,,0.0
1897-04-12,,,43.0,,0.0
1897-04-13,,,168.0,,0.0
1897-04-14,,,,,0.0
1897-04-15,,,53.0,0.0,0.0
1897-04-16,,,,,0.0
1897-04-17,,,,,0.0
1897-04-18,,,,,0.0
1897-04-19,,,,,0.0
1897-04-20,,,,,0.0
1897-04-21,,,193.0,,0.0
1897-04-22,,,25.0,,0.0
1897-04-23,,,574.0,,0.0
1897-04-24,,,163.0,,0.0
1897-04-25,,,,,0.0
1897-04-26,,,,,0.0
1897-04-27,,,0.0,,0.0
1897-04-28,,,15.0,,0.0
1897-04-29,,,,,0.0
1897-04-30,,,,0.0,0.0
1897-07-01,,,,,0.0
1897-07-02,,,,,0.0
1897-07-03,,,,,0.0
1897-07-04,,,,,0.0
1897-07-05,,,,,0.0
1897-07-06,,,,,0.0
1897-07-07,,,,,0.0
1897-07-08,,,,,0.0
1897-07-09,,,,,0.0
1897-07-10,,,,,0.0
1897-07-11,,,,,0.0
1897-07-12,,,,,0.0
1897-07-13,,,,,0.0
1897-07-14,,,,,0.0
1897-07-15,222.0,172.0,3.0,0.0,0.0
1897-07-16,294.0,133.0,0.0,,0.0
1897-07-17,300.0,156.0,0.0,,0.0
1897-07-18,317.0,156.0,0.0,,0.0
1897-07-19,322.0,150.0,0.0,,0.0
1897-07-20,306.0,194.0,185.0,,0.0
1897-07-21,300.0,139.0,0.0,,0.0
1897-07-22,272.0,156.0,0.0,,0.0
1897-07-23,294.0,144.0,0.0,,0.0
1897-07-24,311.0,200.0,130.0,,0.0
1897-07-25,322.0,206.0,0.0,,0.0
1897-07-26,272.0,172.0,0.0,,0.0
1897-07-27,283.0,161.0,0.0,,0.0
1897-07-28,294.0,122.0,0.0,,0.0
1897-07-29,322.0,122.0,0.0,,0.0
1897-07-30,333.0,200.0,0.0,,0.0
1897-07-31,328.0,200.0,0.0,0.0,0.0
1897-08-01,339.0,217.0,0.0,,0.0
1897-08-02,294.0,200.0,18.0,,0.0
1897-08-03,306.0,200.0,0.0,,0.0
1897-08-04,233.0,183.0,145.0,,0.0
1897-08-05,267.0,178.0,0.0,,0.0
1897-08-06,267.0,161.0,0.0,,0.0
1897-08-07,283.0,133.0,0.0,,0.0
1897-08-08,311.0,133.0,0.0,,0.0
1897-08-09,294.0,189.0,30.0,,0.0
1897-08-10,256.0,144.0,0.0,,0.0
1897-08-11,256.0,117.0,0.0,,0.0
1897-08-12,283.0,83.0,0.0,,0.0
1897-08-13,306.0,106.0,0.0,,0.0
1897-08-14,283.0,167.0,25.0,,0.0
1897-08-15,211.0,156.0,0.0,,0.0
1897-08-16,211.0,133.0,0.0,,0.0
1897-08-17,233.0,122.0,0.0,,0.0
1897-08-18,278.0,89.0,0.0,,0.0
1897-08-19,200.0,128.0,18.0,,0.0
1897-08-20,239.0,33.0,0.0,,0.0
1897-08-21,250.0,67.0,0.0,,0.0
1897-08-22,267.0,67.0,0.0,,0.0
1897-08-23,272.0,133.0,0.0,,0.0
1897-08-24,244.0,150.0,30.0,,0.0
1897-08-25,256.0,67.0,0.0,,0.0
1897-08-26,244.0,133.0,0.0,,0.0
1897-08-27,272.0,100.0,0.0,,0.0
1897-08-28,233.0,128.0,0.0,,0.0
1897-08-29,250.0,183.0,30.0,,0.0
1897-08-30,244.0,39.0,0.0,,0.0
1897-08-31,289.0,89.0,0.0,,0.0
1897-09-01,256.0,172.0,132.0,,0.0
1897-09-02,311.0,178.0,5.0,,0.0
1897-09-03,289.0,206.0,0.0,,0.0
1897-09-04,322.0,156.0,0.0,,0.0
1897-09-05,333.0,167.0,0.0,,0.0
1897-09-06,322.0,178.0,0.0,,0.0
1897-09-07,328.0,206.0,0.0,,0.0
1897-09-08,339.0,189.0,0.0,,0.0
1897-09-09,350.0,189.0,0.0,,0.0
1897-09-10,322.0,211.0,0.0,,0.0
1897-09-11,233.0,200.0,84.0,,0.0
1897-09-12,344.0,172.0,0.0,,0.0
1897-09-13,344.0,189.0,0.0,,0.0
1897-09-14,322.0,189.0,0.0,,0.0
1897-09-15,278.0,194.0,104.0,0.0,0.0
1897-09-16,361.0,139.0,211.0,,0.0
1897-09-17,194.0,83.0,0.0,,0.0
1897-09-18,250.0,61.0,0.0,,0.0
1897-09-19,167.0,72.0,0.0,,0.0
1897-09-20,161.0,11.0,0.0,,0.0
1897-09-21,211.0,6.0,0.0,,0.0
1897-09-22,217.0,61.0,0.0,,0.0
1897-09-23,250.0,83.0,0.0,,0.0
1897-09-24,200.0,83.0,0.0,,0.0
1897-09-25,283.0,61.0,0.0,,0.0
1897-09-26,272.0,106.0,0.0,,0.0
1897-09-27,200.0,83.0,0.0,,0.0
1897-09-28,267.0,89.0,0.0,,0.0
1897-09-29,294.0,89.0,0.0,,0.0
1897-09-30,294.0,89.0,0.0,0.0,0.0
1897-10-01,294.0,117.0,0.0,,0.0
1897-10-02,294.0,94.0,0.0,,0.0
1897-10-03,294.0,83.0,0.0,,0.0
1897-10-04,300.0,83.0,0.0,,0.0
1897-10-05,250.0,139.0,0.0,,0.0
1897-10-06,250.0,28.0,0.0,,0.0
1897-10-07,217.0,28.0,0.0,,0.0
1897-10-08,217.0,44.0,0.0,,0.0
1897-10-09,206.0,-11.0,0.0,,0.0
1897-10-10,133.0,33.0,0.0,,0.0
1897-10-11,178.0,100.0,193.0,,0.0
1897-10-12,128.0,33.0,0.0,,0.0
1897-10-13,233.0,111.0,0.0,,0.0
1897-10-14,294.0,167.0,0.0,,0.0
1897-10-15,300.0,156.0,0.0,0.0,0.0
1897-10-16,256.0,100.0,28.0,,0.0
1897-10-17,200.0,0.0,0.0,,0.0
1897-10-18,189.0,78.0,0.0,,0.0
1897-10-19,239.0,100.0,64.0,,0.0
1897-10-20,128.0,56.0,0.0,,0.0
1897-10-21,133.0,72.0,0.0,,0.0
1897-10-22,189.0,61.0,0.0,,0.0
1897-10-23,200.0,-6.0,0.0,,0.0
1897-10-24,222.0,56.0,0.0,,0.0
1897-10-25,228.0,72.0,0.0,,0.0
1897-10-26,211.0,39.0,0.0,,0.0
1897-10-27,211.0,39.0,0.0,,0.0
1897-10-28,128.0,50.0,0.0,,0.0
1897-10-29,139.0,-44.0,0.0,,0.0
1897-10-30,150.0,-17.0,0.0,,0.0
1897-10-31,133.0,11.0,0.0,0.0,0.0
1897-11-01,106.0,39.0,0.0,,0.0
1897-11-02,128.0,-28.0,0.0,,0.0
1897-11-03,172.0,-50.0,0.0,,0.0
1897-11-04,183.0,33.0,0.0,,0.0
1897-11-05,139.0,56.0,51.0,,0.0
1897-11-06,78.0,-67.0,0.0,,0.0
1897-11-07,83.0,-11.0,0.0,,0.0
1897-11-08,94.0,6.0,0.0,,0.0
1897-11-09,72.0,-6.0,0.0,,0.0
1897-11-10,61.0,-28.0,0.0,,0.0
1897-11-11,83.0,-44.0,0.0,,0.0
1897-11-12,33.0,-67.0,0.0,,0.0
1897-11-13,67.0,-39.0,0.0,,0.0
1897-11-14,100.0,33.0,107.0,,0.0
1897-11-15,72.0,6.0,43.0,25.0,0.0
1897-11-16,44.0,-72.0,0.0,,0.0
1897-11-17,72.0,-50.0,0.0,,0.0
1897-11-18,128.0,-61.0,0.0,,0.0
1897-11-19,133.0,-33.0,0.0,,0.0
1897-11-20,189.0,11.0,0.0,,0.0
1897-11-21,61.0,6.0,0.0,,0.0
1897-11-22,17.0,-39.0,0.0,,0.0
1897-11-23,-22.0,-111.0,0.0,,0.0
1897-11-24,44.0,-122.0,0.0,,0.0
1897-11-25,33.0,-50.0,0.0,,0.0
1897-11-26,-11.0,-39.0,51.0,,0.0
1897-11-27,-56.0,-156.0,0.0,,0.0
1897-11-28,-67.0,-111.0,13.0,,13.0
1897-11-29,-67.0,-189.0,0.0,,0.0
1897-11-30,-67.0,-150.0,0.0,,0.0
1897-12-01,-72.0,-128.0,0.0,,0.0
1897-12-02,-117.0,-156.0,0.0,,0.0
1897-12-03,-28.0,-111.0,51.0,,25.0
1897-12-04,6.0,-61.0,292.0,,203.0
1897-12-05,-6.0,-106.0,0.0,,0.0
1897-12-06,44.0,-133.0,0.0,,0.0
1897-12-07,17.0,-161.0,0.0,,0.0
1897-12-08,44.0,-133.0,0.0,,0.0
1897-12-09,72.0,-28.0,0.0,,0.0
1897-12-10,67.0,11.0,178.0,,0.0
1897-12-11,-6.0,-22.0,0.0,,25.0
1897-12-12,-11.0,-56.0,0.0,,0.0
1897-12-13,28.0,-28.0,,,
1897-12-14,33.0,-33.0,28.0,,51.0
1897-12-15,6.0,-128.0,0.0,102.0,0.0
1897-12-16,-150.0,-200.0,0.0,,0.0
1897-12-17,-122.0,-178.0,0.0,,8.0
1897-12-18,-183.0,-261.0,0.0,,0.0
1897-12-19,-78.0,-206.0,0.0,,0.0
1897-12-20,-33.0,-200.0,102.0,,102.0
1897-12-21,-83.0,-244.0,5.0,,56.0
1897-12-22,-150.0,-233.0,0.0,,0.0
1897-12-23,-78.0,-194.0,0.0,,0.0
1897-12-24,-78.0,-233.0,0.0,,0.0
1897-12-25,11.0,-111.0,0.0,,0.0
1897-12-26,11.0,-150.0,0.0,,0.0
1897-12-27,-11.0,-133.0,0.0,,0.0
1897-12-28,-50.0,-178.0,0.0,,0.0
1897-12-29,-44.0,-167.0,0.0,,0.0
1897-12-30,89.0,-67.0,0.0,,0.0
1897-12-31,-67.0,-111.0,0.0,102.0,0.0
1898-01-01,-67.0,-167.0,0.0,,0.0
1898-01-02,0.0,-167.0,,,
1898-01-03,6.0,-133.0,,,
1898-01-04,33.0,-100.0,,,
1898-01-05,44.0,-122.0,,,
1898-01-06,11.0,-44.0,,,
1898-01-07,50.0,-39.0,,,
1898-01-08,17.0,-67.0,,,
1898-01-09,17.0,-72.0,,,
1898-01-10,28.0,-78.0,,,
1898-01-11,33.0,-39.0,51.0,,
1898-01-12,28.0,-50.0,239.0,,8.0
1898-01-13,6.0,-22.0,,,
1898-01-14,-6.0,-111.0,,,
1898-01-15,0.0,-50.0,13.0,102.0,13.0
1898-01-16,-28.0,-189.0,,,
1898-01-17,11.0,-156.0,,,
1898-01-18,33.0,-22.0,,,
1898-01-19,33.0,-39.0,,,
1898-01-20,33.0,-17.0,33.0,,64.0
1898-01-21,17.0,-11.0,,,
1898-01-22,-17.0,-50.0,76.0,,76.0
1898-01-23,-17.0,-106.0,,,
1898-01-24,0.0,-167.0,,,
1898-01-25,0.0,-39.0,254.0,,229.0
1898-01-26,-56.0,-172.0,,,
1898-01-27,-44.0,-183.0,,,
1898-01-28,33.0,-161.0,,,
1898-01-29,-72.0,-172.0,,,
1898-01-30,-67.0,-117.0,,,
1898-01-31,-67.0,-133.0,,279.0,
1898-02-01,-106.0,-250.0,0.0,,
1898-02-02,-150.0,-200.0,0.0,,8.0
1898-02-03,-44.0,-206.0,0.0,,
1898-02-04,39.0,-128.0,0.0,,
1898-02-05,-11.0,-122.0,38.0,,38.0
1898-02-06,33.0,-150.0,0.0,,
1898-02-07,61.0,-72.0,0.0,,
1898-02-08,67.0,-56.0,0.0,,
1898-02-09,56.0,-67.0,0.0,,
1898-02-10,72.0,17.0,41.0,,
1898-02-11,0.0,-50.0,0.0,,
1898-02-12,-39.0,-56.0,0.0,,8.0
1898-02-13,44.0,-33.0,0.0,,
1898-02-14,44.0,-33.0,,,8.0
1898-02-15,0.0,-78.0,0.0,51.0,
1898-02-16,-44.0,-111.0,0.0,,0.0
1898-02-17,72.0,-39.0,0.0,,
1898-02-18,56.0,-50.0,0.0,,
1898-02-19,-11.0,-67.0,0.0,,
1898-02-20,-44.0,-67.0,168.0,,23.0
1898-02-21,-11.0,-100.0,0.0,,
1898-02-22,-44.0,-167.0,0.0,,
1898-02-23,-28.0,-167.0,0.0,,
1898-02-24,-67.0,-167.0,0.0,,
1898-02-25,6.0,-128.0,0.0,,
1898-02-26,22.0,-111.0,0.0,,
1898-02-27,22.0,-78.0,0.0,,
1898-02-28,,,0.0,51.0,13.0
1898-03-01,17.0,-39.0,51.0,,51.0
1898-03-02,33.0,-56.0,,,0.0
1898-03-03,39.0,-117.0,,,0.0
1898-03-04,0.0,-111.0,,,0.0
1898-03-05,50.0,-72.0,,,0.0
1898-03-06,67.0,-39.0,,,0.0
1898-03-07,89.0,-33.0,,,0.0
1898-03-08,0.0,-39.0,,,0.0
1898-03-09,89.0,17.0,,,0.0
1898-03-10,61.0,-39.0,,,0.0
1898-03-11,144.0,0.0,170.0,,0.0
1898-03-12,39.0,0.0,,,0.0
1898-03-13,117.0,-22.0,51.0,,76.0
1898-03-14,133.0,17.0,,,0.0
1898-03-15,144.0,17.0,,,0.0
1898-03-16,156.0,22.0,,,0.0
1898-03-17,144.0,56.0,,,0.0
1898-03-18,78.0,22.0,109.0,,0.0
1898-03-19,89.0,44.0,58.0,,0.0
1898-03-20,111.0,-28.0,,,0.0
1898-03-21,156.0,-22.0,,,0.0
1898-03-22,111.0,100.0,43.0,,0.0
1898-03-23,28.0,-111.0,,,0.0
1898-03-24,106.0,-67.0,,,0.0
1898-03-25,144.0,-22.0,,,0.0
1898-03-26,144.0,-94.0,,,0.0
1898-03-27,144.0,111.0,109.0,,0.0
1898-03-28,17.0,-72.0,,,0.0
1898-03-29,67.0,-67.0,,,0.0
1898-03-30,61.0,-72.0,,,0.0
1898-03-31,111.0,-50.0,,,0.0
1898-04-01,117.0,22.0,,,
1898-04-02,94.0,-39.0,,,
1898-04-03,128.0,-44.0,,,
1898-04-04,17.0,-39.0,,,
1898-04-05,44.0,-72.0,,,
1898-04-06,89.0,-56.0,,,
1898-04-07,144.0,-56.0,,,
1898-04-08,100.0,17.0,20.0,,
1898-04-09,189.0,0.0,0.0,,
1898-04-10,156.0,56.0,,,
1898-04-11,183.0,-17.0,,,
1898-04-12,206.0,-17.0,,,
1898-04-13,67.0,11.0,191.0,,
1898-04-14,156.0,17.0,,,
1898-04-15,183.0,6.0,,,
1898-04-16,172.0,50.0,,,
1898-04-17,200.0,50.0,,,
1898-04-18,72.0,44.0,117.0,,
1898-04-19,83.0,28.0,,,
1898-04-22,,,91.0,,
1898-04-25,161.0,128.0,,,
1898-04-26,189.0,72.0,,,
1898-04-27,133.0,22.0,,,
1898-04-28,178.0,11.0,51.0,,
1898-04-29,167.0,67.0,,,
1898-04-30,222.0,17.0,127.0,,
1898-05-01,239.0,128.0,,,
1898-05-02,233.0,128.0,28.0,,
1898-05-03,233.0,33.0,,,
1898-05-04,217.0,128.0,,,
1898-05-05,133.0,33.0,69.0,,
1898-05-06,161.0,11.0,,,
1898-05-07,256.0,-11.0,,,
1898-05-08,244.0,0.0,,,
1898-05-09,200.0,106.0,0.0,,
1898-05-10,233.0,33.0,0.0,,
1898-05-11,144.0,-33.0,,,
1898-05-12,256.0,33.0,,,
1898-05-13,189.0,0.0,,,
1898-05-14,189.0,56.0,,,
1898-05-15,200.0,128.0,,,
1898-05-16,211.0,67.0,,,
1898-05-17,211.0,61.0,,,
1898-05-18,222.0,50.0,46.0,,
1898-05-19,239.0,61.0,36.0,,
1898-05-20,272.0,144.0,58.0,,
1898-05-21,278.0,117.0,25.0,,
1898-05-22,289.0,122.0,,,
1898-05-23,289.0,100.0,,,
1898-05-24,294.0,106.0,,,
1898-05-25,256.0,144.0,,,
1898-05-26,278.0,89.0,267.0,,
1898-05-27,267.0,144.0,,,
1898-05-28,244.0,144.0,,,
1898-05-29,217.0,122.0,,,
1898-05-30,211.0,78.0,,,
1898-05-31,217.0,100.0,,,
1898-06-01,289.0,139.0,,,
1898-06-02,300.0,144.0,,,
1898-06-03,322.0,156.0,,,
1898-06-04,328.0,150.0,,,
1898-06-05,311.0,183.0,,,
1898-06-06,311.0,167.0,,,
1898-06-07,294.0,183.0,,,
1898-06-08,311.0,178.0,,,
1898-06-09,278.0,172.0,,,
1898-06-10,283.0,178.0,,,
1898-06-11,267.0,167.0,,,
1898-06-12,267.0,172.0,,,
1898-06-13,300.0,161.0,,,
1898-06-14,217.0,172.0,,,
1898-06-15,183.0,133.0,,,
1898-06-16,217.0,150.0,,,
1898-06-17,256.0,156.0,,,
1898-06-18,294.0,189.0,,,
1898-06-19,306.0,144.0,,,
1898-06-20,300.0,117.0,,,
1898-06-21,306.0,128.0,,,
1898-06-22,250.0,128.0,,,
1898-06-23,333.0,178.0,,,
1898-06-24,339.0,211.0,,,
1898-06-25,283.0,194.0,,,
1898-06-26,267.0,172.0,,,
1898-06-27,278.0,167.0,,,
1898-06-28,283.0,178.0,,,
1898-06-29,306.0,194.0,,,
1898-06-30,317.0,194.0,,,
1898-07-01,328.0,244.0,0.0,,
1898-07-02,300.0,167.0,0.0,,
1898-07-03,272.0,211.0,0.0,,
1898-07-04,306.0,194.0,0.0,,
1898-07-05,272.0,189.0,0.0,,
1898-07-06,300.0,156.0,0.0,,
1898-07-07,256.0,161.0,0.0,,
1898-07-08,200.0,189.0,0.0,,
1898-07-09,161.0,161.0,0.0,,
1898-07-10,300.0,139.0,0.0,,
1898-07-11,306.0,106.0,0.0,,
1898-07-12,311.0,133.0,0.0,,
1898-07-13,317.0,150.0,0.0,,
1898-07-14,322.0,167.0,0.0,,
1898-07-15,333.0,183.0,0.0,,
1898-07-16,222.0,178.0,0.0,,
1898-07-17,339.0,194.0,0.0,,
1898-07-18,350.0,239.0,0.0,,
1898-07-19,356.0,239.0,0.0,,
1898-07-20,344.0,244.0,173.0,,
1898-07-21,300.0,222.0,0.0,,
1898-07-22,333.0,233.0,0.0,,
1898-07-23,333.0,244.0,0.0,,
1898-07-24,322.0,200.0,0.0,,
1898-07-25,306.0,167.0,0.0,,
1898-07-26,294.0,156.0,0.0,,
1898-07-27,289.0,144.0,241.0,,
1898-07-28,294.0,156.0,0.0,,
1898-07-29,267.0,133.0,5.0,,
1898-07-30,256.0,128.0,0.0,,
1898-07-31,256.0,122.0,15.0,,
1898-08-01,,,503.0,,
1898-08-02,256.0,167.0,0.0,,
1898-08-03,183.0,122.0,5.0,,
1898-08-04,183.0,111.0,0.0,,
1898-08-05,267.0,72.0,0.0,,
1898-08-06,283.0,128.0,76.0,,
1898-08-07,278.0,139.0,0.0,,
1898-08-08,294.0,167.0,0.0,,
1898-08-09,311.0,167.0,0.0,,
1898-08-10,306.0,128.0,0.0,,
1898-08-11,294.0,139.0,0.0,,
1898-08-12,300.0,156.0,0.0,,
1898-08-13,283.0,117.0,89.0,,
1898-08-14,289.0,133.0,0.0,,
1898-08-15,300.0,133.0,0.0,,
1898-08-16,317.0,156.0,391.0,,
1898-08-17,322.0,167.0,0.0,,
1898-08-18,,,64.0,,
1898-08-19,,,0.0,,
1898-08-20,,,112.0,,
1898-08-21,,,0.0,,
1898-08-22,,,0.0,,
1898-08-23,,,51.0,,
1898-08-24,,,0.0,,
1898-08-25,,,0.0,,
1898-08-26,289.0,128.0,0.0,,
1898-08-27,283.0,122.0,0.0,,
1898-08-28,278.0,100.0,0.0,,
1898-08-29,267.0,89.0,0.0,,
1898-08-30,322.0,117.0,0.0,,
1898-08-31,356.0,206.0,0.0,,
1898-09-01,350.0,228.0,0.0,,
1898-09-02,350.0,200.0,0.0,,
1898-09-03,333.0,217.0,8.0,,
1898-09-04,311.0,117.0,381.0,,
1898-09-05,294.0,178.0,56.0,,
1898-09-06,228.0,122.0,0.0,,
1898-09-07,217.0,72.0,0.0,,
1898-09-08,206.0,39.0,58.0,,
1898-09-09,167.0,78.0,0.0,,
1898-09-10,178.0,94.0,0.0,,
1898-09-11,256.0,94.0,0.0,,
1898-09-12,228.0,50.0,0.0,,
1898-09-13,228.0,133.0,0.0,,
1898-09-14,228.0,100.0,0.0,,
1898-09-15,256.0,72.0,0.0,,
1898-09-16,211.0,106.0,0.0,,
1898-09-17,289.0,100.0,0.0,,
1898-09-18,317.0,144.0,0.0,,
1898-09-19,250.0,94.0,0.0,,
1898-09-20,261.0,128.0,0.0,,
1898-09-21,294.0,122.0,396.0,,
1898-09-22,233.0,161.0,0.0,,
1898-09-23,272.0,100.0,0.0,,
1898-09-24,272.0,133.0,0.0,,
1898-09-25,278.0,89.0,0.0,,
1898-09-26,278.0,50.0,0.0,,
1898-09-27,272.0,61.0,0.0,,
1898-09-28,317.0,122.0,13.0,,
1898-09-29,306.0,261.0,0.0,,
1898-09-30,256.0,72.0,0.0,51.0,
1898-10-01,206.0,156.0,0.0,,
1898-10-02,233.0,178.0,53.0,,
1898-10-03,228.0,156.0,0.0,,
1898-10-04,261.0,111.0,0.0,,
1898-10-05,211.0,72.0,0.0,,
1898-10-06,150.0,11.0,0.0,,
1898-10-07,167.0,89.0,0.0,,
1898-10-08,222.0,50.0,0.0,,
1898-10-09,217.0,17.0,0.0,,
1898-10-10,222.0,161.0,58.0,,
1898-10-11,172.0,78.0,0.0,,
1898-10-12,122.0,-6.0,0.0,,
1898-10-13,111.0,39.0,0.0,,
1898-10-14,111.0,-22.0,0.0,,
1898-10-15,189.0,-33.0,0.0,,
1898-10-16,167.0,22.0,8.0,,
1898-10-17,161.0,61.0,330.0,,
1898-10-18,67.0,17.0,51.0,,
1898-10-19,56.0,17.0,25.0,,
1898-10-20,67.0,17.0,0.0,,
1898-10-21,83.0,17.0,58.0,,
1898-10-22,56.0,17.0,0.0,,
1898-10-23,150.0,-39.0,0.0,,
1898-10-24,172.0,56.0,0.0,,
1898-10-25,128.0,17.0,229.0,,
1898-10-26,39.0,-44.0,0.0,,
1898-10-27,44.0,-67.0,0.0,,
1898-10-28,133.0,-11.0,0.0,,
1898-10-29,,,13.0,,
1898-10-30,,,0.0,,
1898-10-31,,,0.0,,
1898-11-01,144.0,-11.0,0.0,,0.0
1898-11-02,156.0,-28.0,0.0,,0.0
1898-11-03,178.0,11.0,0.0,,0.0
1898-11-04,200.0,100.0,0.0,,0.0
1898-11-05,172.0,39.0,8.0,,0.0
1898-11-06,89.0,-17.0,0.0,,0.0
1898-11-07,189.0,-33.0,0.0,,0.0
1898-11-08,133.0,-11.0,0.0,,0.0
1898-11-09,72.0,-11.0,0.0,,0.0
1898-11-10,56.0,-33.0,36.0,,0.0
1898-11-11,67.0,-117.0,0.0,,0.0
1898-11-12,78.0,-83.0,0.0,,0.0
1898-11-13,44.0,-22.0,18.0,,0.0
1898-11-14,33.0,-78.0,0.0,,0.0
1898-11-15,89.0,-67.0,0.0,,0.0
1898-11-16,100.0,-44.0,0.0,,0.0
1898-11-17,83.0,-22.0,18.0,,0.0
1898-11-18,67.0,22.0,0.0,,0.0
1898-11-19,56.0,-6.0,0.0,,0.0
1898-11-20,128.0,-33.0,0.0,,0.0
1898-11-21,117.0,11.0,229.0,,229.0
1898-11-22,11.0,-139.0,0.0,,0.0
1898-11-23,-39.0,-183.0,0.0,,0.0
1898-11-24,-50.0,-178.0,0.0,,0.0
1898-11-25,-17.0,-100.0,0.0,,0.0
1898-11-26,-39.0,-211.0,0.0,,0.0
1898-11-27,-44.0,-217.0,,,76.0
1898-11-28,-11.0,-61.0,53.0,,0.0
1898-11-29,17.0,-44.0,0.0,,0.0
1898-11-30,-17.0,-144.0,0.0,,0.0
1898-12-01,11.0,-133.0,38.0,,38.0
1898-12-02,6.0,-61.0,0.0,,
1898-12-03,-11.0,-117.0,0.0,,
1898-12-04,-67.0,-167.0,0.0,,
1898-12-05,-44.0,-194.0,13.0,,13.0
1898-12-06,-33.0,-111.0,5.0,,5.0
1898-12-07,-61.0,-150.0,0.0,,
1898-12-08,-128.0,-217.0,0.0,,
1898-12-09,-106.0,-228.0,0.0,,
1898-12-10,-44.0,-194.0,0.0,,
1898-12-11,-6.0,-122.0,0.0,,
1898-12-12,-44.0,-139.0,0.0,,
1898-12-13,-78.0,-222.0,0.0,,
1898-12-14,-39.0,-233.0,0.0,,
1898-12-15,-11.0,-183.0,0.0,,
1898-12-16,6.0,-111.0,0.0,,
1898-12-17,33.0,-139.0,0.0,,
1898-12-18,44.0,-128.0,51.0,,
1898-12-19,11.0,-33.0,0.0,,
1898-12-20,17.0,0.0,0.0,,
1898-12-21,17.0,-11.0,0.0,,
1898-12-22,11.0,-28.0,28.0,,28.0
1898-12-23,-6.0,-67.0,0.0,,
1898-12-24,-6.0,-128.0,0.0,,
1898-12-25,-28.0,-78.0,0.0,,
1898-12-26,-11.0,-172.0,0.0,,
1898-12-27,0.0,-100.0,0.0,,
1898-12-28,44.0,-117.0,0.0,,
1898-12-29,72.0,-39.0,0.0,,
1898-12-30,-28.0,-189.0,0.0,,
1898-12-31,-144.0,-239.0,0.0,,
1899-01-01,-83.0,-217.0,0.0,,0.0
1899-01-02,28.0,-133.0,0.0,,0.0
1899-01-03,67.0,-61.0,0.0,,0.0
1899-01-04,67.0,-122.0,0.0,,0.0
1899-01-05,-67.0,-178.0,0.0,,0.0
1899-01-06,-39.0,-161.0,0.0,,0.0
1899-01-07,-83.0,-200.0,46.0,,46.0
1899-01-08,-11.0,-172.0,0.0,,0.0
1899-01-09,6.0,-161.0,0.0,,0.0
1899-01-10,0.0,-117.0,0.0,,0.0
1899-01-11,-17.0,-106.0,0.0,,0.0
1899-01-12,11.0,-100.0,48.0,,0.0
1899-01-13,28.0,11.0,0.0,,0.0
1899-01-14,50.0,-50.0,0.0,,0.0
1899-01-15,67.0,-39.0,0.0,,0.0
1899-01-16,67.0,-67.0,0.0,,0.0
1899-01-17,17.0,-89.0,0.0,,0.0
1899-01-18,-11.0,-144.0,0.0,,0.0
1899-01-19,28.0,-122.0,0.0,,0.0
1899-01-20,83.0,-44.0,0.0,,0.0
1899-01-21,39.0,-17.0,0.0,,0.0
1899-01-22,33.0,-72.0,0.0,,0.0
1899-01-23,28.0,-22.0,25.0,,25.0
1899-01-24,11.0,-122.0,0.0,,0.0
1899-01-25,44.0,-111.0,0.0,,0.0
1899-01-26,39.0,-156.0,0.0,,0.0
1899-01-27,-94.0,-217.0,0.0,,0.0
1899-01-28,-89.0,-206.0,0.0,,0.0
1899-01-29,-139.0,-272.0,0.0,,0.0
1899-01-30,-133.0,-278.0,0.0,,0.0
1899-01-31,-167.0,-272.0,0.0,,0.0
1899-02-01,-94.0,-194.0,0.0,,0.0
1899-02-02,-72.0,-194.0,0.0,,0.0
1899-02-03,-122.0,-189.0,0.0,,0.0
1899-02-04,-111.0,-228.0,0.0,,0.0
1899-02-05,-111.0,-211.0,0.0,,0.0
1899-02-06,-122.0,-217.0,0.0,,0.0
1899-02-07,-128.0,-250.0,0.0,,0.0
1899-02-08,-206.0,-294.0,0.0,,0.0
1899-02-09,-233.0,-317.0,0.0,,0.0
1899-02-10,-167.0,-306.0,0.0,,0.0
1899-02-11,-183.0,-289.0,0.0,,0.0
1899-02-12,-139.0,-289.0,0.0,,0.0
1899-02-13,-83.0,-256.0,0.0,,0.0
1899-02-14,6.0,-139.0,25.0,,51.0
1899-02-15,89.0,-172.0,0.0,,0.0
1899-02-16,106.0,-39.0,0.0,,0.0
1899-02-17,89.0,-6.0,0.0,,0.0
1899-02-18,56.0,-39.0,0.0,,0.0
1899-02-19,83.0,-39.0,0.0,,0.0
1899-02-20,117.0,0.0,0.0,,0.0
1899-02-21,67.0,-33.0,0.0,,0.0
1899-02-22,28.0,-11.0,0.0,,0.0
1899-02-23,0.0,-128.0,69.0,,114.0
1899-02-24,-61.0,-250.0,0.0,,0.0
1899-02-25,6.0,-94.0,0.0,,0.0
1899-02-26,11.0,-94.0,152.0,,51.0
1899-02-27,-72.0,-211.0,0.0,,0.0
1899-02-28,17.0,-111.0,0.0,,0.0
1899-03-01,-6.0,-183.0,0.0,,0.0
1899-03-02,28.0,-89.0,0.0,,0.0
1899-03-03,39.0,-11.0,0.0,,0.0
1899-03-04,-6.0,-56.0,0.0,,0.0
1899-03-05,-17.0,-106.0,0.0,,0.0
1899-03-06,-89.0,-206.0,0.0,,0.0
1899-03-07,-89.0,-228.0,0.0,,0.0
1899-03-08,28.0,-128.0,0.0,,0.0
1899-03-09,61.0,-61.0,0.0,,0.0
1899-03-10,139.0,11.0,0.0,,0.0
1899-03-11,122.0,50.0,0.0,,0.0
1899-03-12,122.0,-67.0,0.0,,0.0
1899-03-13,22.0,-39.0,0.0,,0.0
1899-03-14,22.0,-100.0,0.0,,0.0
1899-03-15,22.0,-28.0,0.0,,0.0
1899-03-16,17.0,-67.0,94.0,,0.0
1899-03-17,11.0,-17.0,0.0,,0.0
1899-03-18,11.0,-39.0,0.0,,0.0
1899-03-19,39.0,-89.0,0.0,,0.0
1899-03-20,-39.0,-111.0,0.0,,0.0
1899-03-21,17.0,-78.0,0.0,,0.0
1899-03-22,-6.0,-72.0,0.0,,0.0
1899-03-23,-28.0,-117.0,0.0,,0.0
1899-03-24,28.0,-106.0,0.0,,0.0
1899-03-25,28.0,-11.0,0.0,,0.0
1899-03-26,28.0,-83.0,0.0,,0.0
1899-03-27,28.0,-83.0,0.0,,0.0
1899-03-28,-11.0,-89.0,0.0,,0.0
1899-03-29,6.0,-100.0,0.0,,0.0
1899-03-30,11.0,-94.0,0.0,,0.0
1899-03-31,6.0,-89.0,0.0,,0.0
1899-04-01,-6.0,-94.0,0.0,,
1899-04-02,17.0,-89.0,0.0,,
1899-04-03,17.0,-100.0,0.0,,
1899-04-04,89.0,-89.0,0.0,,
1899-04-05,89.0,-94.0,0.0,,
1899-04-06,72.0,-6.0,0.0,,
1899-04-07,72.0,0.0,0.0,,
1899-04-08,100.0,-39.0,0.0,,
1899-04-09,139.0,-33.0,0.0,,
1899-04-10,178.0,-22.0,0.0,,
1899-04-11,244.0,50.0,0.0,,
1899-04-12,239.0,44.0,0.0,,
1899-04-13,267.0,106.0,0.0,,
1899-04-14,211.0,44.0,0.0,,
1899-04-15,122.0,0.0,0.0,,
1899-04-16,156.0,-33.0,0.0,,
1899-04-17,233.0,56.0,0.0,,
1899-04-18,206.0,67.0,216.0,,
1899-04-19,200.0,-22.0,0.0,,
1899-04-20,211.0,100.0,107.0,,
1899-04-21,150.0,50.0,0.0,,
1899-04-22,194.0,-11.0,0.0,,
1899-04-23,206.0,44.0,15.0,,
1899-04-24,250.0,67.0,0.0,,
1899-04-25,278.0,83.0,0.0,,
1899-04-26,267.0,72.0,0.0,,
1899-04-27,261.0,94.0,0.0,,
1899-04-28,272.0,83.0,254.0,,
1899-04-29,267.0,89.0,0.0,,
1899-04-30,239.0,106.0,376.0,,
1899-05-01,211.0,172.0,8.0,,
1899-05-02,200.0,83.0,0.0,,
1899-05-03,211.0,22.0,0.0,,
1899-05-04,228.0,39.0,0.0,,
1899-05-05,233.0,67.0,0.0,,
1899-05-06,239.0,122.0,0.0,,
1899-05-07,211.0,122.0,102.0,,
1899-05-08,239.0,111.0,0.0,,
1899-05-09,239.0,94.0,0.0,,
1899-05-10,222.0,94.0,0.0,,
1899-05-11,267.0,44.0,0.0,,
1899-05-12,289.0,72.0,0.0,,
1899-05-13,256.0,33.0,0.0,,
1899-05-14,222.0,44.0,0.0,,
1899-05-15,156.0,50.0,0.0,,
1899-05-16,283.0,133.0,503.0,,
1899-05-17,228.0,78.0,56.0,,
1899-05-18,200.0,39.0,0.0,,
1899-05-19,200.0,44.0,0.0,,
1899-05-20,144.0,39.0,0.0,,
1899-05-21,156.0,39.0,43.0,,
1899-05-22,200.0,39.0,0.0,,
1899-05-23,211.0,44.0,0.0,,
1899-05-24,233.0,72.0,0.0,,
1899-05-25,278.0,100.0,0.0,,
1899-05-26,244.0,156.0,152.0,,
1899-05-27,256.0,156.0,51.0,,
1899-05-28,267.0,133.0,417.0,,
1899-05-29,244.0,133.0,114.0,,
1899-05-30,267.0,100.0,0.0,,
1899-05-31,172.0,111.0,127.0,,
1899-06-01,267.0,100.0,0.0,,
1899-06-02,283.0,128.0,81.0,,
1899-06-03,322.0,178.0,178.0,,
1899-06-04,294.0,200.0,0.0,,
1899-06-05,322.0,194.0,20.0,,
1899-06-06,300.0,167.0,56.0,,
1899-06-07,256.0,156.0,0.0,,
1899-06-08,244.0,100.0,0.0,,
1899-06-09,289.0,122.0,0.0,,
1899-06-10,256.0,100.0,0.0,,
1899-06-11,267.0,128.0,0.0,,
1899-06-12,306.0,111.0,0.0,,
1899-06-13,300.0,144.0,33.0,,
1899-06-14,306.0,139.0,323.0,,
1899-06-15,339.0,128.0,0.0,,
1899-06-16,233.0,72.0,0.0,,
1899-06-17,256.0,89.0,0.0,,
1899-06-18,306.0,144.0,211.0,,
1899-06-19,333.0,139.0,0.0,,
1899-06-20,239.0,139.0,30.0,,
1899-06-21,306.0,133.0,0.0,,
1899-06-22,311.0,156.0,117.0,,
1899-06-23,306.0,144.0,0.0,,
1899-06-24,278.0,133.0,0.0,,
1899-06-25,272.0,139.0,0.0,,
1899-06-26,283.0,128.0,0.0,,
1899-06-27,278.0,144.0,0.0,,
1899-06-28,294.0,200.0,28.0,,
1899-06-29,239.0,183.0,0.0,,
1899-06-30,294.0,100.0,0.0,,
1899-07-01,294.0,128.0,0.0,,
1899-07-02,311.0,133.0,0.0,,
1899-07-03,300.0,172.0,450.0,,
1899-07-04,311.0,239.0,56.0,,
1899-07-05,306.0,183.0,0.0,,
1899-07-06,306.0,194.0,5.0,,
1899-07-07,294.0,167.0,0.0,,
1899-07-08,267.0,144.0,0.0,,
1899-07-09,278.0,111.0,0.0,,
1899-07-10,267.0,100.0,89.0,,
1899-07-11,322.0,156.0,0.0,,
1899-07-12,328.0,178.0,13.0,,
1899-07-13,278.0,183.0,5.0,,
1899-07-14,289.0,194.0,13.0,,
1899-07-15,289.0,211.0,0.0,,
1899-07-16,300.0,222.0,0.0,,
1899-07-17,294.0,200.0,0.0,,
1899-07-18,300.0,128.0,0.0,,
1899-07-19,333.0,150.0,0.0,,
1899-07-20,328.0,200.0,0.0,,
1899-07-21,339.0,194.0,0.0,,
1899-07-22,333.0,200.0,0.0,,
1899-07-23,339.0,206.0,0.0,,
1899-07-24,328.0,156.0,0.0,,
1899-07-25,322.0,161.0,0.0,,0.0
1899-07-26,328.0,156.0,0.0,,
1899-07-27,322.0,150.0,0.0,,
1899-07-28,322.0,156.0,0.0,,
1899-07-29,317.0,122.0,0.0,,
1899-07-30,322.0,94.0,0.0,,0.0
1899-07-31,306.0,89.0,0.0,,
1899-08-01,300.0,167.0,0.0,,
1899-08-02,267.0,156.0,193.0,,
1899-08-03,328.0,183.0,0.0,,
1899-08-04,283.0,167.0,38.0,,
1899-08-05,278.0,156.0,0.0,,
1899-08-06,283.0,139.0,53.0,,
1899-08-07,278.0,144.0,0.0,,
1899-08-08,233.0,167.0,0.0,,
1899-08-09,311.0,183.0,0.0,,
1899-08-10,322.0,200.0,25.0,,
1899-08-11,350.0,222.0,0.0,,
1899-08-12,328.0,156.0,0.0,,
1899-08-13,278.0,111.0,0.0,,
1899-08-14,289.0,117.0,0.0,,
1899-08-15,294.0,100.0,0.0,,
1899-08-16,306.0,128.0,0.0,,
1899-08-17,322.0,156.0,0.0,,
1899-08-18,350.0,211.0,0.0,,
1899-08-19,350.0,183.0,0.0,,
1899-08-20,339.0,156.0,0.0,,
1899-08-21,322.0,144.0,25.0,,
1899-08-22,317.0,100.0,0.0,,
1899-08-23,339.0,156.0,0.0,,
1899-08-24,333.0,144.0,109.0,,
1899-08-25,322.0,156.0,0.0,,
1899-08-26,317.0,122.0,0.0,,
1899-08-27,344.0,156.0,0.0,,
1899-08-28,339.0,156.0,0.0,,
1899-08-29,328.0,156.0,0.0,,
1899-08-30,339.0,183.0,0.0,,
1899-08-31,328.0,156.0,0.0,,
1899-09-01,344.0,156.0,0.0,,
1899-09-02,339.0,161.0,0.0,,
1899-09-03,333.0,133.0,0.0,,
1899-09-04,294.0,244.0,0.0,,
1899-09-05,367.0,239.0,20.0,,
1899-09-06,333.0,156.0,0.0,,
1899-09-07,244.0,144.0,0.0,,
1899-09-08,239.0,111.0,8.0,,
1899-09-09,261.0,72.0,0.0,,
1899-09-10,306.0,61.0,0.0,,
1899-09-11,283.0,50.0,0.0,,
1899-09-12,228.0,56.0,0.0,,
1899-09-13,217.0,28.0,0.0,,
1899-09-14,161.0,33.0,0.0,,
1899-09-15,267.0,100.0,0.0,,
1899-09-16,311.0,106.0,0.0,,
1899-09-17,261.0,89.0,0.0,,
1899-09-18,222.0,83.0,0.0,,
1899-09-19,228.0,39.0,0.0,,
1899-09-20,217.0,33.0,0.0,,
1899-09-21,211.0,22.0,0.0,,
1899-09-22,267.0,78.0,114.0,,
1899-09-23,194.0,83.0,0.0,,
1899-09-24,167.0,78.0,0.0,,
1899-09-25,211.0,83.0,0.0,,
1899-09-26,183.0,0.0,0.0,,
1899-09-27,222.0,6.0,0.0,,
1899-09-28,167.0,11.0,0.0,,
1899-09-29,89.0,11.0,0.0,,
1899-09-30,128.0,-89.0,0.0,,
1899-10-01,200.0,44.0,0.0,,
1899-10-02,156.0,44.0,0.0,,
1899-10-03,167.0,89.0,0.0,,
1899-10-04,222.0,-11.0,0.0,,
1899-10-05,217.0,-17.0,0.0,,
1899-10-06,244.0,-6.0,0.0,,
1899-10-07,239.0,11.0,0.0,,
1899-10-08,222.0,-11.0,0.0,,
1899-10-09,211.0,-6.0,0.0,,
1899-10-10,217.0,61.0,64.0,,
1899-10-11,278.0,178.0,0.0,,
1899-10-12,311.0,206.0,0.0,,
1899-10-13,267.0,156.0,0.0,,
1899-10-14,278.0,144.0,0.0,,
1899-10-15,294.0,94.0,33.0,,
1899-10-16,300.0,78.0,0.0,,
1899-10-17,283.0,6.0,0.0,,
1899-10-18,239.0,0.0,0.0,,
1899-10-19,200.0,6.0,0.0,,
1899-10-20,156.0,-6.0,0.0,,
1899-10-21,183.0,50.0,38.0,,
1899-10-22,300.0,122.0,0.0,,
1899-10-23,306.0,133.0,0.0,,
1899-10-24,267.0,144.0,0.0,,
1899-10-25,222.0,111.0,0.0,,
1899-10-26,194.0,83.0,145.0,,
1899-10-27,200.0,6.0,0.0,,
1899-10-28,156.0,-17.0,0.0,,
1899-10-29,144.0,-39.0,0.0,,
1899-10-30,156.0,-28.0,0.0,,
1899-10-31,189.0,-33.0,0.0,,
1899-11-01,178.0,-44.0,0.0,,0.0
1899-11-02,200.0,-33.0,0.0,,0.0
1899-11-03,83.0,-72.0,0.0,,0.0
1899-11-04,144.0,-89.0,0.0,,0.0
1899-11-05,178.0,-94.0,0.0,,0.0
1899-11-06,167.0,6.0,0.0,,0.0
1899-11-07,178.0,0.0,0.0,,0.0
1899-11-08,167.0,-6.0,0.0,,0.0
1899-11-09,211.0,-11.0,0.0,,0.0
1899-11-10,156.0,-11.0,0.0,,0.0
1899-11-11,89.0,-44.0,,,13.0
1899-11-12,89.0,-39.0,13.0,,0.0
1899-11-13,100.0,-6.0,0.0,,0.0
1899-11-14,156.0,17.0,333.0,,0.0
1899-11-15,161.0,28.0,0.0,,0.0
1899-11-16,211.0,28.0,0.0,,0.0
1899-11-17,211.0,39.0,0.0,,0.0
1899-11-18,222.0,33.0,0.0,,0.0
1899-11-19,167.0,6.0,0.0,,0.0
1899-11-20,144.0,-39.0,0.0,,0.0
1899-11-21,167.0,122.0,25.0,,0.0
1899-11-22,122.0,100.0,0.0,,0.0
1899-11-23,72.0,6.0,0.0,,0.0
1899-11-24,61.0,22.0,0.0,,0.0
1899-11-25,94.0,-56.0,0.0,,0.0
1899-11-26,94.0,-61.0,0.0,,0.0
1899-11-27,111.0,-72.0,0.0,,0.0
1899-11-28,128.0,-39.0,0.0,,0.0
1899-11-29,133.0,-17.0,15.0,,0.0
1899-11-30,144.0,-6.0,20.0,,0.0
1899-12-01,111.0,-28.0,76.0,,0.0
1899-12-02,89.0,-6.0,0.0,,0.0
1899-12-03,56.0,-11.0,0.0,,0.0
1899-12-04,-11.0,-100.0,8.0,,13.0
1899-12-05,17.0,-156.0,0.0,,0.0
1899-12-06,89.0,-111.0,0.0,,0.0
1899-12-07,111.0,-89.0,0.0,,0.0
1899-12-08,133.0,39.0,0.0,,0.0
1899-12-09,144.0,28.0,0.0,,0.0
1899-12-10,167.0,72.0,0.0,,0.0
1899-12-11,78.0,33.0,203.0,,0.0
1899-12-12,11.0,-83.0,800.0,,152.0
1899-12-13,-61.0,-117.0,0.0,,0.0
1899-12-14,-67.0,-139.0,0.0,,0.0
1899-12-15,-61.0,-211.0,0.0,,0.0
1899-12-16,-11.0,-117.0,0.0,,0.0
1899-12-17,28.0,-67.0,0.0,,0.0
1899-12-18,6.0,-61.0,0.0,,0.0
1899-12-19,-6.0,-183.0,0.0,,0.0
1899-12-20,6.0,-122.0,0.0,,0.0
1899-12-21,33.0,-67.0,0.0,,0.0
1899-12-22,50.0,-39.0,0.0,,0.0
1899-12-23,56.0,-6.0,0.0,,0.0
1899-12-24,6.0,-133.0,0.0,,0.0
1899-12-25,0.0,-128.0,0.0,,0.0
1899-12-26,-39.0,-200.0,0.0,,0.0
1899-12-27,-50.0,-200.0,0.0,,0.0
1899-12-28,-67.0,-200.0,0.0,,0.0
1899-12-29,-72.0,-228.0,0.0,,0.0
1899-12-30,-117.0,-228.0,0.0,,0.0
1899-12-31,-150.0,-267.0,0.0,,0.0
1900-01-01,-50.0,-150.0,0.0,,0.0
1900-01-02,17.0,-172.0,0.0,,0.0
1900-01-03,61.0,-67.0,0.0,,0.0
1900-01-04,61.0,-39.0,0.0,,0.0
1900-01-05,61.0,-44.0,0.0,,0.0
1900-01-06,44.0,-83.0,0.0,,0.0
1900-01-07,61.0,-89.0,0.0,,0.0
1900-01-08,56.0,-89.0,0.0,,0.0
1900-01-09,61.0,-39.0,13.0,,0.0
1900-01-10,44.0,-67.0,25.0,,0.0
1900-01-11,22.0,-50.0,5.0,0.0,13.0
1900-01-12,6.0,-33.0,0.0,,0.0
1900-01-13,0.0,-28.0,25.0,0.0,76.0
1900-01-14,6.0,-39.0,0.0,,0.0
1900-01-15,39.0,-22.0,13.0,0.0,13.0
1900-01-16,61.0,-39.0,0.0,,0.0
1900-01-17,56.0,-50.0,104.0,0.0,0.0
1900-01-18,-17.0,-50.0,0.0,,0.0
1900-01-19,6.0,-50.0,0.0,,0.0
1900-01-20,67.0,-39.0,0.0,,0.0
1900-01-21,72.0,-39.0,0.0,,0.0
1900-01-22,83.0,-28.0,0.0,,0.0
1900-01-23,78.0,-50.0,0.0,,0.0
1900-01-24,89.0,-22.0,0.0,,0.0
1900-01-25,-122.0,-150.0,0.0,,0.0
1900-01-26,-56.0,-172.0,0.0,,0.0
1900-01-27,-22.0,-233.0,0.0,0.0,0.0
1900-01-28,-106.0,-244.0,0.0,0.0,0.0
1900-01-29,6.0,-178.0,0.0,0.0,0.0
1900-01-30,,-217.0,0.0,,0.0
1900-01-31,,-244.0,0.0,0.0,0.0
1900-02-01,,,0.0,,0.0
1900-02-02,-44.0,-139.0,0.0,,0.0
1900-02-03,6.0,-122.0,46.0,76.0,64.0
1900-02-04,-11.0,-111.0,0.0,,0.0
1900-02-05,-39.0,-156.0,0.0,0.0,0.0
1900-02-06,-11.0,-228.0,0.0,0.0,0.0
1900-02-07,6.0,-39.0,5.0,0.0,13.0
1900-02-08,56.0,-150.0,239.0,,0.0
1900-02-09,-100.0,-217.0,,0.0,0.0
1900-02-10,33.0,-144.0,,0.0,0.0
1900-02-11,67.0,-106.0,,0.0,0.0
1900-02-12,44.0,-78.0,,0.0,0.0
1900-02-13,44.0,-189.0,64.0,76.0,64.0
1900-02-14,-67.0,-156.0,30.0,25.0,0.0
1900-02-15,-89.0,-228.0,0.0,25.0,0.0
1900-02-16,-172.0,-250.0,0.0,0.0,0.0
1900-02-17,-144.0,-217.0,0.0,0.0,0.0
1900-02-18,-122.0,-194.0,0.0,0.0,0.0
1900-02-19,-67.0,-122.0,0.0,0.0,0.0
1900-02-20,33.0,-167.0,0.0,0.0,0.0
1900-02-21,17.0,-72.0,46.0,0.0,51.0
1900-02-22,22.0,-89.0,0.0,0.0,0.0
1900-02-23,11.0,-106.0,0.0,0.0,0.0
1900-02-24,-72.0,-211.0,13.0,0.0,0.0
1900-02-25,-67.0,-222.0,0.0,0.0,0.0
1900-02-26,-44.0,-189.0,0.0,0.0,0.0
1900-02-27,-50.0,-156.0,0.0,0.0,0.0
1900-02-28,-39.0,-161.0,5.0,25.0,13.0
1900-03-01,-17.0,-111.0,0.0,0.0,0.0
1900-03-02,6.0,-50.0,0.0,,0.0
1900-03-03,17.0,-150.0,0.0,,0.0
1900-03-04,-11.0,-39.0,74.0,0.0,0.0
1900-03-05,6.0,-94.0,0.0,,0.0
1900-03-06,11.0,-89.0,152.0,0.0,64.0
1900-03-07,17.0,-139.0,0.0,,0.0
1900-03-08,33.0,-122.0,0.0,,0.0
1900-03-09,72.0,-22.0,0.0,,0.0
1900-03-10,100.0,-33.0,0.0,0.0,0.0
1900-03-11,111.0,-28.0,0.0,0.0,0.0
1900-03-12,122.0,-39.0,0.0,0.0,0.0
1900-03-13,44.0,-33.0,0.0,0.0,0.0
1900-03-14,-50.0,-67.0,0.0,0.0,0.0
1900-03-15,-50.0,-128.0,0.0,0.0,0.0
1900-03-16,-100.0,-189.0,0.0,0.0,0.0
1900-03-17,-22.0,-122.0,0.0,0.0,0.0
1900-03-18,17.0,0.0,0.0,0.0,0.0
1900-03-19,100.0,-11.0,0.0,0.0,0.0
1900-03-20,72.0,-122.0,0.0,0.0,0.0
1900-03-21,,-89.0,0.0,0.0,0.0
1900-03-22,,-106.0,0.0,0.0,0.0
1900-03-23,,-67.0,0.0,0.0,0.0
1900-03-24,83.0,0.0,0.0,0.0,0.0
1900-03-25,17.0,-17.0,51.0,0.0,0.0
1900-03-26,61.0,-28.0,0.0,0.0,0.0
1900-03-27,61.0,-17.0,239.0,127.0,114.0
1900-03-28,44.0,-33.0,0.0,229.0,0.0
1900-03-29,61.0,-61.0,89.0,152.0,51.0
1900-03-30,89.0,-72.0,28.0,203.0,51.0
1900-03-31,111.0,-78.0,0.0,0.0,0.0
1900-04-01,100.0,-67.0,0.0,,0.0
1900-04-02,133.0,-72.0,0.0,,0.0
1900-04-03,150.0,0.0,0.0,,0.0
1900-04-04,156.0,6.0,0.0,,0.0
1900-04-05,172.0,-39.0,0.0,,0.0
1900-04-06,233.0,-6.0,0.0,,0.0
1900-04-07,256.0,44.0,0.0,,0.0
1900-04-08,144.0,-11.0,0.0,,0.0
1900-04-09,206.0,-28.0,0.0,,0.0
1900-04-10,78.0,-33.0,0.0,0.0,0.0
1900-04-11,56.0,-33.0,71.0,0.0,64.0
1900-04-12,183.0,-39.0,0.0,,0.0
1900-04-13,156.0,-22.0,0.0,,0.0
1900-04-14,183.0,-22.0,0.0,,0.0
1900-04-15,189.0,56.0,0.0,,0.0
1900-04-16,200.0,72.0,457.0,,0.0
1900-04-17,211.0,78.0,292.0,,0.0
1900-04-18,211.0,17.0,0.0,,0.0
1900-04-19,217.0,6.0,0.0,,0.0
1900-04-20,233.0,56.0,0.0,,0.0
1900-04-21,239.0,17.0,0.0,,0.0
1900-04-22,228.0,22.0,0.0,,0.0
1900-04-23,222.0,-28.0,0.0,,0.0
1900-04-24,244.0,72.0,0.0,,0.0
1900-04-25,256.0,44.0,0.0,,0.0
1900-04-26,250.0,89.0,0.0,,0.0
1900-04-27,250.0,122.0,0.0,,0.0
1900-04-28,261.0,111.0,0.0,,0.0
1900-04-29,267.0,100.0,0.0,,0.0
1900-04-30,278.0,144.0,0.0,,0.0
1900-05-01,283.0,172.0,0.0,,
1900-05-02,239.0,56.0,0.0,,
1900-05-03,211.0,39.0,0.0,,
1900-05-04,111.0,33.0,91.0,,
1900-05-05,117.0,89.0,0.0,,
1900-05-06,194.0,-11.0,0.0,,
1900-05-07,200.0,28.0,91.0,,
1900-05-08,267.0,44.0,147.0,,
1900-05-09,283.0,56.0,0.0,,
1900-05-10,278.0,39.0,0.0,,
1900-05-11,289.0,39.0,0.0,,
1900-05-12,306.0,150.0,0.0,,
1900-05-13,311.0,139.0,0.0,,
1900-05-14,300.0,133.0,58.0,,
1900-05-15,267.0,156.0,0.0,,
1900-05-16,200.0,128.0,122.0,,
1900-05-17,156.0,67.0,61.0,,
1900-05-18,100.0,67.0,53.0,,
1900-05-19,144.0,28.0,0.0,,
1900-05-20,156.0,33.0,0.0,,
1900-05-21,200.0,56.0,0.0,,
1900-05-22,211.0,100.0,41.0,,
1900-05-23,222.0,111.0,0.0,,
1900-05-24,200.0,94.0,0.0,,
1900-05-25,294.0,100.0,0.0,,
1900-05-26,317.0,128.0,0.0,,
1900-05-27,322.0,156.0,0.0,,
1900-05-28,289.0,167.0,33.0,,
1900-05-29,311.0,156.0,0.0,,
1900-05-30,306.0,100.0,0.0,,
1900-05-31,317.0,111.0,0.0,,
1900-06-01,289.0,100.0,0.0,,
1900-06-02,261.0,100.0,0.0,,
1900-06-03,267.0,100.0,0.0,,
1900-06-04,239.0,39.0,0.0,,
1900-06-05,317.0,44.0,0.0,,
1900-06-06,322.0,56.0,0.0,,
1900-06-07,333.0,122.0,0.0,,
1900-06-08,256.0,144.0,0.0,,
1900-06-09,261.0,167.0,0.0,,
1900-06-10,267.0,89.0,229.0,,
1900-06-11,267.0,61.0,0.0,,
1900-06-12,267.0,100.0,0.0,,
1900-06-13,272.0,94.0,0.0,,
1900-06-14,278.0,83.0,0.0,,
1900-06-15,278.0,117.0,0.0,,
1900-06-16,272.0,100.0,0.0,,
1900-06-17,278.0,72.0,0.0,,
1900-06-18,278.0,100.0,0.0,,
1900-06-19,272.0,117.0,0.0,,
1900-06-20,300.0,128.0,28.0,,
1900-06-21,300.0,144.0,64.0,,
1900-06-22,294.0,128.0,0.0,,
1900-06-23,300.0,122.0,0.0,,
1900-06-24,311.0,128.0,0.0,,
1900-06-25,333.0,128.0,0.0,,
1900-06-26,339.0,122.0,0.0,,
1900-06-27,344.0,117.0,0.0,,
1900-06-28,311.0,167.0,0.0,,
1900-06-29,294.0,167.0,0.0,,
1900-06-30,261.0,117.0,0.0,,
1900-07-01,294.0,122.0,71.0,,
1900-07-02,300.0,144.0,272.0,,
1900-07-03,322.0,156.0,0.0,,
1900-07-04,350.0,156.0,0.0,,
1900-07-05,328.0,172.0,81.0,,
1900-07-06,322.0,172.0,0.0,,
1900-07-07,322.0,117.0,495.0,,
1900-07-08,278.0,106.0,0.0,,
1900-07-09,311.0,100.0,0.0,,
1900-07-10,289.0,106.0,36.0,,
1900-07-11,283.0,100.0,0.0,,
1900-07-12,267.0,100.0,0.0,,
1900-07-13,283.0,117.0,0.0,,
1900-07-14,328.0,156.0,0.0,,
1900-07-15,333.0,172.0,0.0,,
1900-07-16,339.0,183.0,391.0,,
1900-07-17,322.0,106.0,0.0,,
1900-07-18,317.0,100.0,0.0,,
1900-07-19,311.0,172.0,249.0,,
1900-07-20,294.0,183.0,0.0,,
1900-07-21,289.0,172.0,0.0,,
1900-07-22,294.0,167.0,0.0,,
1900-07-23,294.0,200.0,0.0,,
1900-07-24,300.0,89.0,53.0,,
1900-07-25,300.0,106.0,0.0,,
1900-07-26,294.0,111.0,0.0,,
1900-07-27,289.0,111.0,0.0,,
1900-07-28,306.0,144.0,0.0,,
1900-07-29,311.0,100.0,0.0,,
1900-07-30,322.0,156.0,0.0,,
1900-07-31,339.0,183.0,0.0,,
1900-08-01,339.0,111.0,13.0,,
1900-08-02,339.0,183.0,0.0,,
1900-08-03,333.0,178.0,0.0,,
1900-08-04,339.0,183.0,0.0,,
1900-08-05,356.0,183.0,0.0,,
1900-08-06,350.0,172.0,0.0,,
1900-08-07,344.0,167.0,0.0,,
1900-08-08,344.0,172.0,0.0,,
1900-08-09,350.0,183.0,0.0,,
1900-08-10,350.0,167.0,0.0,,
1900-08-11,344.0,172.0,175.0,,
1900-08-12,317.0,183.0,36.0,,
1900-08-13,322.0,183.0,142.0,,
1900-08-14,317.0,167.0,178.0,,
1900-08-15,311.0,172.0,13.0,,
1900-08-16,317.0,156.0,53.0,,
1900-08-17,350.0,200.0,0.0,,
1900-08-18,344.0,183.0,0.0,,
1900-08-19,339.0,156.0,0.0,,
1900-08-20,322.0,183.0,0.0,,
1900-08-21,311.0,167.0,0.0,,
1900-08-22,317.0,183.0,0.0,,
1900-08-23,322.0,172.0,145.0,,
1900-08-24,311.0,156.0,0.0,,
1900-08-25,306.0,144.0,0.0,,
1900-08-26,300.0,144.0,0.0,,
1900-08-27,300.0,133.0,0.0,,
1900-08-28,317.0,133.0,0.0,,
1900-08-29,311.0,122.0,0.0,,
1900-08-30,322.0,144.0,0.0,,
1900-08-31,328.0,122.0,0.0,,
1900-09-01,311.0,150.0,0.0,,
1900-09-02,306.0,156.0,0.0,,
1900-09-03,300.0,128.0,8.0,,
1900-09-04,289.0,61.0,0.0,,
1900-09-05,344.0,189.0,0.0,,
1900-09-06,294.0,167.0,0.0,,
1900-09-07,267.0,156.0,0.0,,
1900-09-08,322.0,172.0,0.0,,
1900-09-09,311.0,183.0,0.0,,
1900-09-10,328.0,144.0,0.0,,
1900-09-11,267.0,139.0,0.0,,
1900-09-12,289.0,83.0,0.0,,
1900-09-13,261.0,61.0,0.0,,
1900-09-14,289.0,111.0,0.0,,
1900-09-15,278.0,139.0,81.0,,
1900-09-16,233.0,33.0,0.0,,
1900-09-17,239.0,6.0,0.0,,
1900-09-18,222.0,0.0,0.0,,
1900-09-19,211.0,33.0,284.0,,
1900-09-20,206.0,44.0,0.0,,
1900-09-21,222.0,67.0,0.0,,
1900-09-22,211.0,61.0,0.0,,
1900-09-23,222.0,72.0,0.0,,
1900-09-24,244.0,89.0,191.0,,
1900-09-25,300.0,100.0,254.0,,
1900-09-26,267.0,94.0,0.0,,
1900-09-27,156.0,67.0,0.0,,
1900-09-28,144.0,94.0,64.0,,
1900-09-29,239.0,61.0,0.0,,
1900-09-30,222.0,56.0,0.0,,
1900-10-01,239.0,67.0,0.0,,
1900-10-02,256.0,61.0,279.0,,
1900-10-03,300.0,100.0,0.0,,
1900-10-04,306.0,128.0,0.0,,
1900-10-05,289.0,183.0,8.0,,
1900-10-06,267.0,156.0,0.0,,
1900-10-07,272.0,28.0,0.0,,
1900-10-08,156.0,-17.0,0.0,,
1900-10-09,200.0,-22.0,0.0,,
1900-10-10,200.0,6.0,0.0,,
1900-10-11,206.0,6.0,0.0,,
1900-10-12,256.0,6.0,0.0,,
1900-10-13,267.0,11.0,0.0,,
1900-10-14,261.0,28.0,0.0,,
1900-10-15,278.0,6.0,0.0,,
1900-10-16,200.0,-33.0,0.0,,
1900-10-17,233.0,11.0,0.0,,
1900-10-18,222.0,6.0,0.0,,
1900-10-19,217.0,33.0,0.0,,
1900-10-20,200.0,56.0,0.0,,
1900-10-21,189.0,56.0,127.0,,
1900-10-22,233.0,89.0,33.0,,
1900-10-23,239.0,100.0,0.0,,
1900-10-24,250.0,56.0,0.0,,
1900-10-25,222.0,61.0,0.0,,
1900-10-26,233.0,72.0,0.0,,
1900-10-27,244.0,56.0,0.0,,
1900-10-28,239.0,56.0,320.0,,
1900-10-29,233.0,50.0,0.0,,
1900-10-30,183.0,89.0,0.0,,
1900-10-31,167.0,100.0,503.0,,
1900-11-01,178.0,44.0,25.0,,0.0
1900-11-02,172.0,-6.0,0.0,,0.0
1900-11-03,189.0,-11.0,0.0,,0.0
1900-11-04,144.0,-17.0,0.0,,0.0
1900-11-05,100.0,-22.0,0.0,,0.0
1900-11-06,72.0,-22.0,0.0,,0.0
1900-11-07,61.0,-28.0,0.0,,0.0
1900-11-08,72.0,-56.0,0.0,,0.0
1900-11-09,61.0,-78.0,0.0,,0.0
1900-11-10,56.0,-72.0,0.0,,0.0
1900-11-11,56.0,-61.0,0.0,,0.0
1900-11-12,72.0,-56.0,0.0,,0.0
1900-11-13,61.0,-67.0,0.0,,0.0
1900-11-14,-22.0,-117.0,0.0,,0.0
1900-11-15,-28.0,-150.0,0.0,,0.0
1900-11-16,-56.0,-133.0,0.0,,0.0
1900-11-17,61.0,-56.0,0.0,,0.0
1900-11-18,111.0,-50.0,5.0,25.0,5.0
1900-11-19,33.0,-44.0,203.0,,0.0
1900-11-20,61.0,-6.0,0.0,,0.0
1900-11-21,72.0,6.0,20.0,25.0,20.0
1900-11-22,111.0,-22.0,25.0,0.0,0.0
1900-11-23,6.0,-83.0,,0.0,0.0
1900-11-24,56.0,-94.0,51.0,51.0,51.0
1900-11-25,17.0,-117.0,0.0,,0.0
1900-11-26,78.0,-39.0,0.0,,0.0
1900-11-27,39.0,-33.0,0.0,,0.0
1900-11-28,61.0,-56.0,0.0,,0.0
1900-11-29,67.0,-44.0,0.0,,0.0
1900-11-30,72.0,-56.0,0.0,,0.0
1900-12-01,17.0,-17.0,0.0,,0.0
1900-12-02,33.0,-22.0,0.0,,0.0
1900-12-03,56.0,-17.0,0.0,,0.0
1900-12-04,28.0,-33.0,0.0,,0.0
1900-12-05,0.0,-39.0,0.0,,0.0
1900-12-06,17.0,-28.0,0.0,0.0,0.0
1900-12-07,33.0,-72.0,25.0,0.0,25.0
1900-12-08,39.0,-117.0,0.0,,0.0
1900-12-09,6.0,-128.0,0.0,,0.0
1900-12-10,11.0,-122.0,0.0,,0.0
1900-12-11,-22.0,-133.0,0.0,,0.0
1900-12-12,-28.0,-128.0,0.0,,0.0
1900-12-13,-33.0,-94.0,0.0,,0.0
1900-12-14,-44.0,-83.0,0.0,,0.0
1900-12-15,11.0,-67.0,0.0,,0.0
1900-12-16,22.0,-72.0,0.0,,0.0
1900-12-17,11.0,-56.0,0.0,,0.0
1900-12-18,78.0,-61.0,0.0,,0.0
1900-12-19,89.0,-50.0,0.0,,0.0
1900-12-20,94.0,-33.0,0.0,,0.0
1900-12-21,100.0,-44.0,0.0,,0.0
1900-12-22,89.0,-67.0,0.0,25.0,0.0
1900-12-23,-22.0,,0.0,,0.0
1900-12-24,-28.0,,0.0,,0.0
1900-12-25,-33.0,,0.0,,0.0
1900-12-26,17.0,,0.0,,0.0
1900-12-27,-28.0,-78.0,0.0,,0.0
1900-12-28,-67.0,-144.0,0.0,,0.0
1900-12-29,22.0,-150.0,,,0.0
1900-12-30,-67.0,-178.0,0.0,,0.0
1900-12-31,-78.0,-172.0,51.0,,51.0
1901-01-01,-61.0,-283.0,0.0,,0.0
1901-01-02,-67.0,-239.0,0.0,,0.0
1901-01-03,0.0,-189.0,0.0,,0.0
1901-01-04,0.0,-111.0,0.0,,0.0
1901-01-05,17.0,-111.0,0.0,,0.0
1901-01-06,6.0,-94.0,0.0,,0.0
1901-01-07,-33.0,-72.0,0.0,,0.0
1901-01-08,39.0,-89.0,0.0,,0.0
1901-01-09,-50.0,-111.0,0.0,,0.0
1901-01-10,-11.0,-61.0,122.0,102.0,102.0
1901-01-11,11.0,-44.0,0.0,,0.0
1901-01-12,-28.0,-144.0,0.0,,0.0
1901-01-13,17.0,0.0,0.0,,0.0
1901-01-14,33.0,-11.0,0.0,,0.0
1901-01-15,72.0,0.0,0.0,,0.0
1901-01-16,-11.0,-56.0,0.0,,0.0
1901-01-17,-22.0,-150.0,0.0,,0.0
1901-01-18,-50.0,-150.0,0.0,,0.0
1901-01-19,17.0,-122.0,0.0,,0.0
1901-01-20,100.0,-67.0,0.0,,0.0
1901-01-21,111.0,-39.0,0.0,,0.0
1901-01-22,17.0,6.0,0.0,,0.0
1901-01-23,89.0,-22.0,58.0,,0.0
1901-01-24,-11.0,-144.0,0.0,0.0,0.0
1901-01-25,-11.0,-150.0,0.0,,0.0
1901-01-26,17.0,-67.0,114.0,127.0,114.0
1901-01-27,0.0,-128.0,0.0,102.0,0.0
1901-01-28,-11.0,-133.0,51.0,127.0,51.0
1901-01-29,-22.0,-144.0,0.0,127.0,0.0
1901-01-30,-39.0,-228.0,0.0,127.0,0.0
1901-01-31,-22.0,-139.0,0.0,127.0,0.0
1901-02-01,-22.0,-161.0,0.0,,0.0
1901-02-02,-22.0,-139.0,0.0,,0.0
1901-02-03,,-150.0,71.0,102.0,102.0
1901-02-04,-22.0,-133.0,0.0,102.0,0.0
1901-02-05,-11.0,-222.0,0.0,102.0,0.0
1901-02-06,-33.0,-250.0,0.0,102.0,0.0
1901-02-07,0.0,-100.0,0.0,102.0,0.0
1901-02-08,-28.0,-139.0,71.0,229.0,152.0
1901-02-09,-39.0,-133.0,0.0,25.0,0.0
1901-02-10,-44.0,-256.0,,203.0,0.0
1901-02-11,-33.0,-122.0,0.0,178.0,0.0
1901-02-12,-39.0,-200.0,0.0,127.0,0.0
1901-02-13,17.0,-228.0,0.0,127.0,0.0
1901-02-14,11.0,-122.0,0.0,127.0,0.0
1901-02-15,-11.0,-150.0,0.0,51.0,0.0
1901-02-16,-11.0,-100.0,0.0,51.0,0.0
1901-02-17,11.0,-122.0,18.0,51.0,38.0
1901-02-18,39.0,-150.0,0.0,51.0,0.0
1901-02-19,-22.0,-167.0,0.0,51.0,0.0
1901-02-20,,-189.0,0.0,51.0,0.0
1901-02-21,-78.0,-206.0,0.0,51.0,0.0
1901-02-22,-100.0,-211.0,0.0,51.0,0.0
1901-02-23,-28.0,-189.0,0.0,51.0,0.0
1901-02-24,6.0,-183.0,0.0,51.0,0.0
1901-02-25,0.0,-189.0,0.0,51.0,0.0
1901-02-26,11.0,-194.0,0.0,51.0,0.0
1901-02-27,33.0,-211.0,0.0,51.0,0.0
1901-02-28,44.0,-178.0,0.0,51.0,0.0
1901-03-01,67.0,-11.0,0.0,,0.0
1901-03-02,39.0,-61.0,0.0,,0.0
1901-03-03,56.0,-22.0,0.0,,0.0
1901-03-04,28.0,-56.0,0.0,,0.0
1901-03-05,-39.0,-150.0,0.0,,0.0
1901-03-06,6.0,-189.0,0.0,,0.0
1901-03-07,94.0,-122.0,0.0,,0.0
1901-03-08,83.0,-100.0,0.0,,0.0
1901-03-09,56.0,-94.0,0.0,,0.0
1901-03-10,33.0,-111.0,183.0,,203.0
1901-03-11,17.0,-100.0,0.0,,0.0
1901-03-12,89.0,-11.0,114.0,,0.0
1901-03-13,111.0,-22.0,0.0,,0.0
1901-03-14,56.0,-83.0,0.0,,0.0
1901-03-15,44.0,-89.0,0.0,,0.0
1901-03-16,72.0,-78.0,0.0,,0.0
1901-03-17,128.0,-33.0,0.0,,0.0
1901-03-18,183.0,-28.0,0.0,,0.0
1901-03-19,156.0,-28.0,0.0,,0.0
1901-03-20,-11.0,-83.0,445.0,,0.0
1901-03-21,0.0,-100.0,0.0,0.0,0.0
1901-03-22,89.0,-11.0,0.0,,0.0
1901-03-23,167.0,,0.0,,0.0
1901-03-24,117.0,17.0,53.0,,0.0
1901-03-25,89.0,0.0,0.0,,0.0
1901-03-26,44.0,33.0,,,0.0
1901-03-27,44.0,-11.0,0.0,,0.0
1901-03-28,61.0,-44.0,0.0,,0.0
1901-03-29,61.0,-22.0,0.0,,0.0
1901-03-30,-11.0,-17.0,64.0,51.0,140.0
1901-03-31,50.0,-94.0,0.0,0.0,0.0
1901-04-01,72.0,-94.0,0.0,0.0,
1901-04-02,56.0,-78.0,0.0,,
1901-04-03,156.0,-22.0,0.0,,
1901-04-04,167.0,-17.0,0.0,,
1901-04-05,156.0,39.0,0.0,,
1901-04-06,156.0,44.0,175.0,,
1901-04-07,133.0,-17.0,0.0,,
1901-04-08,144.0,-22.0,0.0,,
1901-04-09,183.0,-39.0,0.0,,
1901-04-10,178.0,-22.0,0.0,,
1901-04-11,144.0,17.0,0.0,,
1901-04-12,172.0,28.0,0.0,,
1901-04-13,167.0,39.0,0.0,,
1901-04-14,178.0,0.0,5.0,,
1901-04-15,172.0,6.0,0.0,0.0,
1901-04-16,167.0,72.0,135.0,,
1901-04-17,172.0,-22.0,0.0,,
1901-04-18,144.0,-33.0,0.0,,
1901-04-19,139.0,-39.0,0.0,,
1901-04-20,,-28.0,0.0,,
1901-04-21,200.0,-28.0,0.0,,
1901-04-22,189.0,-17.0,0.0,,
1901-04-23,200.0,44.0,0.0,,
1901-04-24,194.0,56.0,0.0,,
1901-04-25,222.0,17.0,0.0,,
1901-04-26,250.0,33.0,0.0,,
1901-04-27,278.0,61.0,0.0,,
1901-04-28,311.0,144.0,0.0,,
1901-04-29,294.0,167.0,0.0,,
1901-04-30,306.0,106.0,0.0,0.0,
1901-05-01,311.0,111.0,0.0,,
1901-05-02,322.0,133.0,0.0,,
1901-05-03,311.0,111.0,0.0,,
1901-05-04,278.0,100.0,0.0,,
1901-05-05,,128.0,0.0,,
1901-05-06,200.0,144.0,0.0,,
1901-05-07,211.0,128.0,178.0,,
1901-05-08,211.0,72.0,0.0,,
1901-05-09,261.0,100.0,38.0,,
1901-05-10,250.0,111.0,0.0,,
1901-05-11,183.0,33.0,5.0,,
1901-05-12,167.0,28.0,0.0,,
1901-05-13,200.0,22.0,0.0,,
1901-05-14,239.0,56.0,0.0,,
1901-05-15,250.0,72.0,0.0,0.0,
1901-05-16,300.0,72.0,0.0,,
1901-05-17,306.0,78.0,0.0,,
1901-05-18,289.0,106.0,0.0,,
1901-05-19,250.0,111.0,0.0,,
1901-05-20,233.0,72.0,5.0,,
1901-05-21,211.0,122.0,10.0,,
1901-05-22,211.0,111.0,51.0,,
1901-05-23,222.0,106.0,84.0,,
1901-05-24,211.0,72.0,0.0,,
1901-05-25,122.0,17.0,25.0,,
1901-05-26,244.0,78.0,0.0,,
1901-05-27,211.0,94.0,0.0,,
1901-05-28,222.0,111.0,0.0,,
1901-05-29,183.0,89.0,0.0,,
1901-05-30,211.0,39.0,0.0,,
1901-05-31,267.0,89.0,0.0,0.0,
1901-06-01,261.0,89.0,0.0,,
1901-06-02,278.0,39.0,13.0,,
1901-06-03,267.0,56.0,0.0,,
1901-06-04,256.0,72.0,0.0,,
1901-06-05,294.0,156.0,203.0,,
1901-06-06,261.0,111.0,76.0,,
1901-06-07,,44.0,0.0,,
1901-06-08,178.0,28.0,0.0,,
1901-06-09,222.0,56.0,64.0,,
1901-06-10,289.0,89.0,0.0,,
1901-06-11,317.0,156.0,0.0,,
1901-06-12,311.0,183.0,0.0,,
1901-06-13,328.0,167.0,0.0,,
1901-06-14,339.0,156.0,0.0,,
1901-06-15,322.0,178.0,0.0,,
1901-06-16,322.0,189.0,0.0,,
1901-06-17,289.0,139.0,0.0,,
1901-06-18,267.0,106.0,0.0,,
1901-06-19,267.0,100.0,0.0,,
1901-06-20,256.0,111.0,0.0,,
1901-06-21,300.0,117.0,549.0,,
1901-06-22,278.0,122.0,0.0,,
1901-06-23,317.0,117.0,0.0,,
1901-06-24,350.0,200.0,0.0,,
1901-06-25,361.0,217.0,0.0,,
1901-06-26,367.0,222.0,0.0,,
1901-06-27,361.0,211.0,0.0,,
1901-06-28,361.0,167.0,0.0,,
1901-06-29,344.0,111.0,0.0,,
1901-06-30,378.0,,0.0,,
1901-07-01,361.0,239.0,0.0,,
1901-07-02,339.0,244.0,0.0,,
1901-07-03,322.0,256.0,0.0,,
1901-07-04,383.0,267.0,0.0,,
1901-07-05,300.0,211.0,0.0,,
1901-07-06,306.0,156.0,0.0,,
1901-07-07,283.0,72.0,0.0,,
1901-07-08,289.0,78.0,0.0,,
1901-07-09,389.0,183.0,0.0,,
1901-07-10,400.0,267.0,0.0,,
1901-07-11,350.0,194.0,0.0,,
1901-07-12,367.0,189.0,0.0,,
1901-07-13,367.0,183.0,0.0,,
1901-07-14,367.0,144.0,0.0,,
1901-07-15,378.0,128.0,0.0,,
1901-07-16,406.0,167.0,0.0,,
1901-07-17,356.0,200.0,0.0,,
1901-07-18,361.0,183.0,0.0,,
1901-07-19,372.0,128.0,0.0,,
1901-07-20,400.0,72.0,0.0,,
1901-07-21,417.0,317.0,0.0,,
1901-07-22,400.0,244.0,0.0,,
1901-07-23,406.0,206.0,0.0,,
1901-07-24,422.0,239.0,0.0,,
1901-07-25,389.0,211.0,0.0,,
1901-07-26,383.0,222.0,0.0,,
1901-07-27,350.0,211.0,0.0,,
1901-07-28,333.0,200.0,150.0,,
1901-07-29,322.0,211.0,0.0,,
1901-07-30,311.0,167.0,0.0,,
1901-07-31,311.0,100.0,0.0,,
1901-08-01,306.0,100.0,0.0,,
1901-08-02,339.0,100.0,0.0,,
1901-08-03,267.0,156.0,0.0,,
1901-08-04,300.0,83.0,0.0,,
1901-08-05,289.0,67.0,0.0,,
1901-08-06,311.0,100.0,0.0,,
1901-08-07,344.0,128.0,0.0,,
1901-08-08,322.0,156.0,0.0,,
1901-08-09,267.0,156.0,86.0,,
1901-08-10,267.0,128.0,0.0,,
1901-08-11,278.0,122.0,0.0,,
1901-08-12,317.0,89.0,0.0,,
1901-08-13,333.0,122.0,0.0,,
1901-08-14,356.0,128.0,0.0,,
1901-08-15,333.0,111.0,0.0,,
1901-08-16,328.0,78.0,0.0,,
1901-08-17,317.0,83.0,0.0,,
1901-08-18,339.0,144.0,0.0,,
1901-08-19,339.0,183.0,0.0,,
1901-08-20,322.0,144.0,0.0,,
1901-08-21,333.0,128.0,0.0,,
1901-08-22,322.0,106.0,0.0,,
1901-08-23,317.0,144.0,0.0,,
1901-08-24,322.0,117.0,0.0,,
1901-08-25,328.0,100.0,0.0,,
1901-08-26,311.0,89.0,160.0,,
1901-08-27,317.0,100.0,0.0,,
1901-08-28,333.0,122.0,0.0,,
1901-08-29,322.0,100.0,0.0,,
1901-08-30,283.0,67.0,0.0,,
1901-08-31,239.0,72.0,0.0,,
1901-09-01,278.0,56.0,0.0,,
1901-09-02,283.0,44.0,0.0,,
1901-09-03,306.0,33.0,0.0,,
1901-09-04,322.0,111.0,0.0,,
1901-09-05,333.0,122.0,0.0,,
1901-09-06,350.0,144.0,0.0,,
1901-09-07,339.0,61.0,0.0,,
1901-09-08,222.0,128.0,0.0,,
1901-09-09,228.0,122.0,373.0,,
1901-09-10,172.0,122.0,0.0,,
1901-09-11,189.0,117.0,246.0,,
1901-09-12,194.0,100.0,0.0,,
1901-09-13,267.0,78.0,0.0,,
1901-09-14,222.0,83.0,51.0,,
1901-09-15,206.0,89.0,38.0,,
1901-09-16,211.0,78.0,0.0,,
1901-09-17,,33.0,0.0,,
1901-09-18,144.0,11.0,0.0,,
1901-09-19,144.0,17.0,84.0,,
1901-09-20,150.0,33.0,0.0,,
1901-09-21,222.0,72.0,0.0,,
1901-09-22,283.0,83.0,0.0,,
1901-09-23,289.0,100.0,0.0,,
1901-09-24,278.0,100.0,0.0,,
1901-09-25,283.0,111.0,43.0,,
1901-09-26,289.0,122.0,0.0,,
1901-09-27,278.0,117.0,0.0,,
1901-09-28,294.0,122.0,0.0,,
1901-09-29,267.0,100.0,0.0,,
1901-09-30,244.0,61.0,0.0,,
1901-10-01,267.0,61.0,0.0,,
1901-10-02,178.0,44.0,0.0,,
1901-10-03,144.0,6.0,0.0,,
1901-10-04,139.0,-50.0,0.0,,
1901-10-05,183.0,-28.0,0.0,,
1901-10-06,239.0,-11.0,0.0,,
1901-10-07,222.0,6.0,0.0,,
1901-10-08,211.0,-11.0,122.0,,
1901-10-09,222.0,-11.0,0.0,,
1901-10-10,211.0,33.0,25.0,,
1901-10-11,200.0,56.0,254.0,,
1901-10-12,183.0,72.0,0.0,,
1901-10-13,122.0,17.0,0.0,,
1901-10-14,100.0,11.0,13.0,,
1901-10-15,139.0,94.0,0.0,,
1901-10-16,111.0,11.0,0.0,,
1901-10-17,111.0,-33.0,0.0,,
1901-10-18,228.0,122.0,0.0,,
1901-10-19,183.0,50.0,0.0,,
1901-10-20,222.0,-22.0,0.0,,
1901-10-21,256.0,-17.0,0.0,,
1901-10-22,278.0,22.0,0.0,,
1901-10-23,239.0,61.0,0.0,,
1901-10-24,200.0,17.0,0.0,,
1901-10-25,211.0,89.0,0.0,,
1901-10-26,167.0,44.0,0.0,,
1901-10-27,156.0,39.0,0.0,,
1901-10-28,150.0,6.0,0.0,,
1901-10-29,267.0,128.0,0.0,,
1901-10-30,244.0,133.0,0.0,,
1901-10-31,256.0,6.0,86.0,,
1901-11-01,178.0,17.0,0.0,,0.0
1901-11-02,183.0,17.0,0.0,,0.0
1901-11-03,128.0,-117.0,122.0,,25.0
1901-11-04,17.0,-122.0,0.0,,0.0
1901-11-05,17.0,-122.0,0.0,,0.0
1901-11-06,172.0,-78.0,0.0,,0.0
1901-11-07,117.0,-11.0,0.0,,0.0
1901-11-08,122.0,-61.0,0.0,,0.0
1901-11-09,117.0,-67.0,0.0,,0.0
1901-11-10,189.0,28.0,0.0,,0.0
1901-11-11,89.0,28.0,0.0,,0.0
1901-11-12,67.0,-44.0,0.0,,0.0
1901-11-13,100.0,-22.0,0.0,,0.0
1901-11-14,111.0,-17.0,0.0,,0.0
1901-11-15,17.0,-56.0,0.0,0.0,0.0
1901-11-16,6.0,-56.0,0.0,,0.0
1901-11-17,33.0,-128.0,0.0,,0.0
1901-11-18,56.0,-122.0,0.0,,0.0
1901-11-19,44.0,-106.0,0.0,,0.0
1901-11-20,72.0,-100.0,0.0,,0.0
1901-11-21,100.0,-111.0,0.0,,0.0
1901-11-22,78.0,-22.0,0.0,,0.0
1901-11-23,17.0,-22.0,0.0,,0.0
1901-11-24,33.0,-44.0,51.0,0.0,25.0
1901-11-25,28.0,-67.0,0.0,,0.0
1901-11-26,56.0,-78.0,41.0,,25.0
1901-11-27,17.0,-72.0,0.0,,0.0
1901-11-28,89.0,-106.0,0.0,,0.0
1901-11-29,72.0,-100.0,0.0,,0.0
1901-11-30,106.0,-50.0,0.0,0.0,0.0
1901-12-01,67.0,-39.0,0.0,,0.0
1901-12-02,61.0,-39.0,0.0,,0.0
1901-12-03,-22.0,-50.0,,,0.0
1901-12-04,-28.0,-78.0,,,0.0
1901-12-05,-11.0,-78.0,5.0,,13.0
1901-12-06,17.0,-72.0,0.0,,0.0
1901-12-07,11.0,-39.0,0.0,,0.0
1901-12-08,6.0,-39.0,13.0,,13.0
1901-12-09,11.0,-44.0,0.0,,0.0
1901-12-10,0.0,-50.0,0.0,,0.0
1901-12-11,6.0,-11.0,5.0,,0.0
1901-12-12,6.0,-17.0,0.0,,0.0
1901-12-13,17.0,-161.0,300.0,0.0,0.0
1901-12-14,-161.0,-278.0,0.0,0.0,0.0
1901-12-15,-150.0,-283.0,0.0,0.0,0.0
1901-12-16,-100.0,-228.0,0.0,0.0,0.0
1901-12-17,-128.0,-206.0,0.0,0.0,0.0
1901-12-18,-150.0,-222.0,0.0,0.0,0.0
1901-12-19,-167.0,-233.0,0.0,0.0,0.0
1901-12-20,-150.0,-250.0,0.0,,0.0
1901-12-21,-11.0,-78.0,0.0,,0.0
1901-12-22,11.0,-89.0,0.0,,0.0
1901-12-23,44.0,-50.0,0.0,,0.0
1901-12-24,28.0,-39.0,0.0,,0.0
1901-12-25,17.0,-22.0,0.0,,0.0
1901-12-26,11.0,-28.0,0.0,,0.0
1901-12-27,6.0,-67.0,0.0,,0.0
1901-12-28,22.0,-100.0,0.0,0.0,0.0
1901-12-29,11.0,-111.0,0.0,,0.0
1901-12-30,17.0,-78.0,0.0,,0.0
1901-12-31,22.0,-83.0,0.0,,0.0
1902-01-01,6.0,-67.0,0.0,,0.0
1902-01-02,22.0,-100.0,0.0,,0.0
1902-01-03,-61.0,-172.0,0.0,,0.0
1902-01-04,-33.0,-189.0,0.0,,0.0
1902-01-05,-11.0,-122.0,0.0,,0.0
1902-01-06,72.0,-83.0,0.0,,0.0
1902-01-07,56.0,-67.0,0.0,,0.0
1902-01-08,89.0,-50.0,0.0,,0.0
1902-01-09,111.0,-33.0,0.0,,0.0
1902-01-10,17.0,-33.0,0.0,,0.0
1902-01-11,-11.0,-61.0,0.0,,0.0
1902-01-12,-11.0,-122.0,0.0,,0.0
1902-01-13,-17.0,-167.0,0.0,,0.0
1902-01-14,22.0,-122.0,0.0,,0.0
1902-01-15,44.0,-94.0,0.0,,0.0
1902-01-16,17.0,-94.0,0.0,,0.0
1902-01-17,72.0,-78.0,0.0,,0.0
1902-01-18,44.0,-94.0,0.0,,0.0
1902-01-19,33.0,-39.0,0.0,,0.0
1902-01-20,17.0,-28.0,,152.0,152.0
1902-01-21,33.0,-78.0,102.0,127.0,0.0
1902-01-22,17.0,-122.0,0.0,102.0,0.0
1902-01-23,-11.0,-128.0,0.0,102.0,0.0
1902-01-24,-22.0,-200.0,0.0,102.0,0.0
1902-01-25,-78.0,-233.0,,178.0,76.0
1902-01-26,-133.0,-206.0,71.0,178.0,0.0
1902-01-27,-167.0,-278.0,0.0,178.0,0.0
1902-01-28,-150.0,,0.0,178.0,0.0
1902-01-29,-78.0,-111.0,0.0,178.0,0.0
1902-01-30,-61.0,-122.0,0.0,178.0,0.0
1902-01-31,-17.0,-150.0,0.0,178.0,0.0
1902-02-01,-61.0,-233.0,0.0,152.0,0.0
1902-02-02,-122.0,-222.0,0.0,152.0,0.0
1902-02-03,-133.0,-250.0,25.0,178.0,25.0
1902-02-04,-122.0,-239.0,0.0,178.0,0.0
1902-02-05,-128.0,-239.0,0.0,178.0,0.0
1902-02-06,-78.0,-183.0,0.0,178.0,0.0
1902-02-07,-122.0,-194.0,0.0,178.0,0.0
1902-02-08,-122.0,-228.0,0.0,178.0,0.0
1902-02-09,-50.0,-206.0,0.0,152.0,0.0
1902-02-10,-39.0,-233.0,0.0,152.0,0.0
1902-02-11,-56.0,-222.0,0.0,152.0,0.0
1902-02-12,-50.0,-189.0,0.0,152.0,0.0
1902-02-13,11.0,-206.0,0.0,127.0,0.0
1902-02-14,-17.0,-178.0,0.0,127.0,0.0
1902-02-15,-11.0,-256.0,0.0,127.0,0.0
1902-02-16,,,0.0,127.0,0.0
1902-02-17,6.0,-217.0,0.0,102.0,0.0
1902-02-18,-6.0,-222.0,0.0,102.0,0.0
1902-02-19,-11.0,-228.0,0.0,102.0,0.0
1902-02-20,-22.0,-222.0,0.0,76.0,0.0
1902-02-21,-11.0,-206.0,0.0,51.0,0.0
1902-02-22,44.0,-139.0,0.0,0.0,0.0
1902-02-23,72.0,-78.0,0.0,0.0,0.0
1902-02-24,67.0,-50.0,0.0,0.0,0.0
1902-02-25,67.0,-83.0,0.0,0.0,0.0
1902-02-26,78.0,-6.0,0.0,0.0,0.0
1902-02-27,61.0,28.0,0.0,,0.0
1902-02-28,56.0,11.0,208.0,0.0,0.0
1902-03-01,44.0,-50.0,,,0.0
1902-03-02,-11.0,-83.0,0.0,,0.0
1902-03-03,-17.0,-78.0,0.0,,0.0
1902-03-04,22.0,-56.0,0.0,,0.0
1902-03-05,72.0,-56.0,0.0,,0.0
1902-03-06,100.0,-11.0,0.0,,0.0
1902-03-07,106.0,11.0,0.0,,0.0
1902-03-08,100.0,0.0,0.0,,0.0
1902-03-09,106.0,6.0,0.0,,0.0
1902-03-10,100.0,17.0,191.0,,0.0
1902-03-11,133.0,17.0,94.0,,0.0
1902-03-12,94.0,56.0,0.0,,0.0
1902-03-13,144.0,-39.0,0.0,,0.0
1902-03-14,144.0,17.0,0.0,,0.0
1902-03-15,117.0,17.0,76.0,0.0,0.0
1902-03-16,17.0,-122.0,0.0,,0.0
1902-03-17,-78.0,-194.0,0.0,,0.0
1902-03-18,56.0,-211.0,0.0,,0.0
1902-03-19,94.0,-56.0,0.0,,0.0
1902-03-20,89.0,-11.0,0.0,,0.0
1902-03-21,94.0,-17.0,0.0,,0.0
1902-03-22,128.0,11.0,0.0,,0.0
1902-03-23,156.0,39.0,0.0,,0.0
1902-03-24,172.0,39.0,0.0,,0.0
1902-03-25,178.0,39.0,0.0,,0.0
1902-03-26,183.0,56.0,76.0,,0.0
1902-03-27,194.0,11.0,0.0,,0.0
1902-03-28,156.0,-33.0,0.0,,0.0
1902-03-29,100.0,6.0,0.0,,0.0
1902-03-30,72.0,-11.0,,,0.0
1902-03-31,33.0,-17.0,,0.0,0.0
1902-04-01,6.0,-17.0,,,
1902-04-02,44.0,-44.0,,,
1902-04-03,111.0,-17.0,,,
1902-04-04,167.0,-50.0,,,
1902-04-05,139.0,28.0,0.0,,
1902-04-06,156.0,-28.0,,,
1902-04-07,139.0,-61.0,,,
1902-04-08,167.0,-67.0,,,
1902-04-09,183.0,-39.0,,,
1902-04-10,200.0,-17.0,,,
1902-04-11,,,,,
1902-04-23,211.0,28.0,,,
1902-04-24,200.0,-6.0,,,
1902-04-25,167.0,17.0,358.0,,
1902-04-26,156.0,6.0,,,
1902-04-27,183.0,33.0,76.0,,
1902-04-28,200.0,44.0,,,
1902-04-29,206.0,28.0,,,
1902-04-30,211.0,39.0,,,
1902-05-01,278.0,89.0,0.0,,
1902-05-02,311.0,111.0,0.0,,
1902-05-03,317.0,122.0,279.0,,
1902-05-04,156.0,128.0,0.0,,
1902-05-05,200.0,100.0,10.0,,
1902-05-06,211.0,89.0,61.0,,
1902-05-07,239.0,50.0,0.0,,
1902-05-08,211.0,56.0,0.0,,
1902-05-09,183.0,33.0,0.0,,
1902-05-10,156.0,33.0,119.0,,
1902-05-11,128.0,17.0,0.0,,
1902-05-12,300.0,50.0,84.0,,
1902-05-13,267.0,100.0,0.0,,
1902-05-14,289.0,117.0,0.0,,
1902-05-15,256.0,139.0,0.0,,
1902-05-16,261.0,156.0,0.0,,
1902-05-17,278.0,200.0,0.0,,
1902-05-18,267.0,211.0,343.0,,
1902-05-19,306.0,222.0,0.0,,
1902-05-20,311.0,239.0,0.0,,
1902-05-21,317.0,211.0,127.0,,
1902-05-22,294.0,211.0,226.0,,
1902-05-23,256.0,156.0,74.0,,
1902-05-24,222.0,128.0,0.0,,
1902-05-25,239.0,111.0,152.0,,
1902-05-26,233.0,100.0,0.0,,
1902-05-27,211.0,44.0,0.0,,
1902-05-28,200.0,56.0,0.0,,
1902-05-29,211.0,72.0,0.0,,
1902-05-30,222.0,156.0,0.0,,
1902-05-31,211.0,167.0,0.0,,
1902-06-01,256.0,156.0,163.0,,
1902-06-02,261.0,167.0,279.0,,
1902-06-03,278.0,156.0,38.0,,
1902-06-04,267.0,150.0,0.0,,
1902-06-05,261.0,150.0,0.0,,
1902-06-06,239.0,139.0,279.0,,
1902-06-07,222.0,111.0,142.0,,
1902-06-08,239.0,83.0,0.0,,
1902-06-09,261.0,156.0,0.0,,
1902-06-10,311.0,211.0,478.0,,
1902-06-11,294.0,261.0,38.0,,
1902-06-12,322.0,267.0,152.0,,
1902-06-13,294.0,183.0,0.0,,
1902-06-14,300.0,211.0,28.0,,
1902-06-15,294.0,183.0,0.0,,
1902-06-16,278.0,144.0,0.0,,
1902-06-17,239.0,111.0,0.0,,
1902-06-18,239.0,94.0,0.0,,
1902-06-19,222.0,78.0,64.0,,
1902-06-20,211.0,67.0,0.0,,
1902-06-21,206.0,39.0,0.0,,
1902-06-22,211.0,56.0,0.0,,
1902-06-23,200.0,89.0,338.0,,
1902-06-24,233.0,72.0,203.0,,
1902-06-25,222.0,89.0,0.0,,
1902-06-26,200.0,106.0,0.0,,
1902-06-27,211.0,100.0,0.0,,
1902-06-28,200.0,128.0,0.0,,
1902-06-29,156.0,117.0,46.0,,
1902-06-30,183.0,111.0,236.0,,
1902-07-01,228.0,94.0,76.0,,
1902-07-02,278.0,167.0,495.0,,
1902-07-03,311.0,167.0,0.0,,
1902-07-04,317.0,167.0,0.0,,
1902-07-05,311.0,183.0,0.0,,
1902-07-06,300.0,194.0,221.0,,
1902-07-07,294.0,167.0,381.0,,
1902-07-08,294.0,156.0,0.0,,
1902-07-09,278.0,222.0,0.0,,
1902-07-10,289.0,239.0,0.0,,
1902-07-11,306.0,239.0,0.0,,
1902-07-12,311.0,239.0,0.0,,
1902-07-13,317.0,211.0,38.0,,
1902-07-14,311.0,206.0,0.0,,
1902-07-15,294.0,200.0,193.0,,
1902-07-16,322.0,206.0,0.0,,
1902-07-17,311.0,211.0,183.0,,
1902-07-18,289.0,167.0,178.0,,
1902-07-19,278.0,111.0,0.0,,
1902-07-20,267.0,144.0,0.0,,
1902-07-21,250.0,117.0,0.0,,
1902-07-22,256.0,111.0,89.0,,
1902-07-23,294.0,144.0,0.0,,
1902-07-24,311.0,156.0,0.0,,
1902-07-25,317.0,172.0,0.0,,
1902-07-26,294.0,183.0,0.0,,
1902-07-27,278.0,172.0,127.0,,
1902-07-28,311.0,161.0,0.0,,
1902-07-29,317.0,183.0,0.0,,
1902-07-30,333.0,206.0,0.0,,
1902-07-31,311.0,156.0,0.0,,
1902-08-01,300.0,161.0,0.0,,
1902-08-02,322.0,183.0,38.0,,
1902-08-03,333.0,189.0,0.0,,
1902-08-04,322.0,200.0,0.0,,
1902-08-05,311.0,183.0,0.0,,
1902-08-06,294.0,128.0,0.0,,
1902-08-07,289.0,133.0,0.0,,
1902-08-08,283.0,111.0,0.0,,
1902-08-09,256.0,111.0,0.0,,
1902-08-10,222.0,83.0,119.0,,
1902-08-11,222.0,72.0,0.0,,
1902-08-12,200.0,83.0,135.0,,
1902-08-13,211.0,111.0,0.0,,
1902-08-14,222.0,144.0,0.0,,
1902-08-15,233.0,122.0,160.0,,
1902-08-16,250.0,111.0,0.0,,
1902-08-17,211.0,122.0,102.0,,
1902-08-18,311.0,128.0,0.0,,
1902-08-19,306.0,167.0,229.0,,
1902-08-20,244.0,150.0,0.0,,
1902-08-21,250.0,139.0,0.0,,
1902-08-22,256.0,122.0,0.0,,
1902-08-23,256.0,133.0,0.0,,
1902-08-24,250.0,94.0,0.0,,
1902-08-25,233.0,89.0,46.0,,
1902-08-26,250.0,83.0,0.0,,
1902-08-27,278.0,111.0,0.0,,
1902-08-28,294.0,128.0,0.0,,
1902-08-29,289.0,111.0,0.0,,
1902-08-30,261.0,144.0,13.0,,
1902-08-31,,,0.0,,
1902-09-01,267.0,83.0,0.0,,
1902-09-02,256.0,72.0,0.0,,
1902-09-03,211.0,128.0,13.0,,
1902-09-04,222.0,56.0,0.0,,
1902-09-05,256.0,61.0,0.0,,
1902-09-06,278.0,89.0,394.0,,
1902-09-07,278.0,83.0,0.0,,
1902-09-08,256.0,72.0,38.0,,
1902-09-09,239.0,67.0,0.0,,
1902-09-10,256.0,61.0,0.0,,
1902-09-11,267.0,56.0,0.0,,
1902-09-12,128.0,0.0,0.0,,
1902-09-13,178.0,-6.0,0.0,,
1902-09-14,200.0,17.0,0.0,,
1902-09-15,183.0,33.0,0.0,,
1902-09-16,250.0,28.0,0.0,,
1902-09-17,256.0,144.0,0.0,,
1902-09-18,239.0,56.0,0.0,,
1902-09-19,211.0,33.0,0.0,,
1902-09-20,239.0,17.0,0.0,,
1902-09-21,250.0,28.0,0.0,,
1902-09-22,200.0,100.0,0.0,,
1902-09-23,156.0,100.0,533.0,,
1902-09-24,144.0,111.0,0.0,,
1902-09-25,172.0,89.0,0.0,,
1902-09-26,211.0,72.0,157.0,,
1902-09-27,183.0,83.0,0.0,,
1902-09-28,200.0,94.0,0.0,,
1902-09-29,167.0,111.0,0.0,,
1902-09-30,211.0,106.0,89.0,,
1902-10-01,200.0,17.0,0.0,,
1902-10-02,167.0,33.0,0.0,,
1902-10-03,144.0,17.0,0.0,,
1902-10-04,128.0,39.0,76.0,,
1902-10-05,206.0,44.0,0.0,,
1902-10-06,211.0,33.0,0.0,,
1902-10-07,222.0,22.0,0.0,,
1902-10-08,239.0,39.0,0.0,,
1902-10-09,222.0,56.0,0.0,,
1902-10-10,244.0,39.0,0.0,,
1902-10-11,256.0,61.0,0.0,,
1902-10-12,200.0,50.0,0.0,,
1902-10-13,111.0,44.0,150.0,,
1902-10-14,156.0,-28.0,0.0,,
1902-10-15,183.0,-17.0,0.0,,
1902-10-16,206.0,33.0,0.0,,
1902-10-17,200.0,28.0,0.0,,
1902-10-18,189.0,89.0,89.0,,
1902-10-19,200.0,0.0,0.0,,
1902-10-20,189.0,-11.0,0.0,,
1902-10-21,189.0,28.0,0.0,,
1902-10-22,222.0,111.0,0.0,,
1902-10-23,250.0,200.0,0.0,,
1902-10-24,239.0,144.0,0.0,,
1902-10-25,256.0,156.0,38.0,,
1902-10-26,211.0,89.0,0.0,,
1902-10-27,211.0,44.0,0.0,,
1902-10-28,222.0,-6.0,0.0,,
1902-10-29,206.0,-11.0,0.0,,
1902-10-30,211.0,17.0,0.0,,
1902-10-31,222.0,39.0,0.0,,
1902-12-01,56.0,-72.0,0.0,25.0,0.0
1902-12-02,44.0,-100.0,152.0,178.0,152.0
1902-12-03,6.0,-94.0,0.0,152.0,0.0
1902-12-04,44.0,-122.0,0.0,127.0,0.0
1902-12-05,-11.0,-178.0,0.0,127.0,0.0
1902-12-06,-22.0,-150.0,191.0,203.0,76.0
1902-12-07,-78.0,-189.0,0.0,203.0,0.0
1902-12-08,-94.0,-256.0,0.0,203.0,0.0
1902-12-09,-11.0,-178.0,0.0,203.0,0.0
1902-12-10,17.0,-94.0,0.0,152.0,0.0
1902-12-11,6.0,-122.0,0.0,127.0,0.0
1902-12-12,0.0,-111.0,0.0,127.0,0.0
1902-12-13,-11.0,-122.0,0.0,127.0,0.0
1902-12-14,0.0,-94.0,0.0,127.0,0.0
1902-12-15,-11.0,-94.0,114.0,178.0,38.0
1902-12-16,-11.0,-122.0,0.0,152.0,0.0
1902-12-17,-11.0,-144.0,0.0,152.0,0.0
1902-12-18,17.0,-117.0,0.0,102.0,0.0
1902-12-19,100.0,-33.0,0.0,51.0,0.0
1902-12-20,89.0,-11.0,140.0,51.0,0.0
1902-12-21,17.0,-72.0,0.0,51.0,0.0
1902-12-22,0.0,-67.0,0.0,51.0,0.0
1902-12-23,-11.0,-78.0,13.0,76.0,51.0
1902-12-24,-67.0,-156.0,0.0,76.0,0.0
1902-12-25,-139.0,-217.0,0.0,76.0,0.0
1902-12-26,-117.0,-222.0,0.0,76.0,0.0
1902-12-27,-33.0,-150.0,0.0,76.0,0.0
1902-12-28,-44.0,-144.0,15.0,127.0,38.0
1902-12-29,-11.0,-178.0,0.0,102.0,0.0
1902-12-30,-17.0,-150.0,0.0,76.0,0.0
1902-12-31,-11.0,-117.0,0.0,76.0,0.0
1903-01-01,-67.0,-183.0,0.0,76.0,0.0
1903-01-02,-44.0,-167.0,0.0,76.0,0.0
1903-01-03,-56.0,-139.0,0.0,51.0,0.0
1903-01-04,-78.0,-144.0,0.0,51.0,0.0
1903-01-05,-100.0,-139.0,0.0,51.0,0.0
1903-01-06,-67.0,-122.0,0.0,51.0,0.0
1903-01-07,56.0,-133.0,0.0,51.0,0.0
1903-01-08,-78.0,-150.0,0.0,51.0,0.0
1903-01-09,-94.0,-156.0,0.0,51.0,0.0
1903-01-10,-122.0,-178.0,0.0,51.0,0.0
1903-01-11,-133.0,-189.0,0.0,51.0,0.0
1903-01-12,-111.0,-206.0,0.0,51.0,0.0
1903-01-13,-39.0,-211.0,0.0,51.0,0.0
1903-01-14,0.0,-78.0,0.0,51.0,0.0
1903-01-15,-22.0,-144.0,0.0,0.0,0.0
1903-01-16,-28.0,-122.0,0.0,0.0,0.0
1903-01-17,-39.0,-139.0,0.0,0.0,0.0
1903-01-18,-17.0,-150.0,0.0,0.0,0.0
1903-01-19,33.0,-111.0,0.0,0.0,0.0
1903-01-20,44.0,-111.0,0.0,0.0,0.0
1903-01-21,17.0,-178.0,0.0,0.0,0.0
1903-01-22,-56.0,,51.0,0.0,0.0
1903-01-23,-22.0,-94.0,0.0,0.0,0.0
1903-01-24,0.0,-78.0,0.0,0.0,0.0
1903-01-25,33.0,-56.0,0.0,0.0,0.0
1903-01-26,72.0,-22.0,0.0,0.0,0.0
1903-01-27,44.0,6.0,0.0,0.0,0.0
1903-01-28,44.0,0.0,0.0,0.0,0.0
1903-01-29,33.0,-83.0,0.0,0.0,0.0
1903-01-30,-22.0,-150.0,0.0,0.0,0.0
1903-01-31,72.0,-67.0,0.0,0.0,0.0
1903-02-01,44.0,6.0,0.0,0.0,0.0
1903-02-02,33.0,0.0,0.0,0.0,0.0
1903-02-03,-11.0,-67.0,0.0,0.0,0.0
1903-02-04,-78.0,-122.0,152.0,152.0,152.0
1903-02-05,-78.0,-189.0,0.0,152.0,0.0
1903-02-06,-11.0,-178.0,0.0,127.0,0.0
1903-02-07,6.0,-133.0,0.0,127.0,0.0
1903-02-08,56.0,-56.0,0.0,0.0,0.0
1903-02-09,83.0,-22.0,0.0,0.0,0.0
1903-02-10,44.0,-22.0,0.0,0.0,0.0
1903-02-11,28.0,-39.0,0.0,0.0,0.0
1903-02-12,6.0,-56.0,0.0,0.0,0.0
1903-02-13,-11.0,-94.0,0.0,0.0,0.0
1903-02-14,-22.0,-106.0,25.0,25.0,25.0
1903-02-15,-50.0,-122.0,0.0,25.0,0.0
1903-02-16,-67.0,-233.0,0.0,25.0,0.0
1903-02-17,-178.0,-250.0,0.0,0.0,0.0
1903-02-18,-122.0,-261.0,0.0,25.0,0.0
1903-02-19,-78.0,-194.0,0.0,25.0,0.0
1903-02-20,-67.0,-217.0,0.0,0.0,0.0
1903-02-21,-39.0,-189.0,0.0,0.0,0.0
1903-02-22,6.0,-244.0,0.0,0.0,0.0
1903-02-23,17.0,-67.0,0.0,0.0,0.0
1903-02-24,44.0,-11.0,0.0,,0.0
1903-02-25,72.0,-22.0,0.0,,0.0
1903-02-26,61.0,-28.0,203.0,,0.0
1903-02-27,44.0,-78.0,0.0,,0.0
1903-02-28,-17.0,-56.0,0.0,0.0,0.0
1903-03-01,0.0,-44.0,0.0,,0.0
1903-03-02,22.0,-50.0,203.0,,0.0
1903-03-03,33.0,-22.0,0.0,,0.0
1903-03-04,44.0,6.0,0.0,,0.0
1903-03-05,78.0,22.0,0.0,,0.0
1903-03-06,89.0,33.0,25.0,,0.0
1903-03-07,100.0,-6.0,0.0,,0.0
1903-03-08,111.0,-22.0,0.0,,0.0
1903-03-09,144.0,-61.0,0.0,,0.0
1903-03-10,156.0,-39.0,0.0,,0.0
1903-03-11,156.0,-22.0,0.0,,0.0
1903-03-12,167.0,-28.0,0.0,,0.0
1903-03-13,178.0,-39.0,0.0,,0.0
1903-03-14,156.0,6.0,0.0,,0.0
1903-03-15,167.0,-11.0,0.0,0.0,0.0
1903-03-16,144.0,-6.0,0.0,,0.0
1903-03-17,144.0,33.0,279.0,,0.0
1903-03-18,239.0,28.0,0.0,,0.0
1903-03-19,211.0,22.0,25.0,,0.0
1903-03-20,156.0,33.0,0.0,,0.0
1903-03-21,100.0,-56.0,0.0,,0.0
1903-03-22,89.0,-67.0,0.0,,0.0
1903-03-23,6.0,-39.0,13.0,,76.0
1903-03-24,89.0,-94.0,,,0.0
1903-03-25,56.0,-67.0,,0.0,0.0
1903-03-26,167.0,-17.0,25.0,0.0,51.0
1903-03-27,128.0,0.0,0.0,0.0,0.0
1903-03-28,167.0,-50.0,0.0,,0.0
1903-03-29,183.0,-78.0,0.0,,0.0
1903-03-30,200.0,-67.0,0.0,,0.0
1903-03-31,189.0,28.0,0.0,0.0,0.0
1903-04-01,206.0,128.0,229.0,,0.0
1903-04-02,239.0,6.0,0.0,,0.0
1903-04-03,222.0,-11.0,0.0,,0.0
1903-04-04,200.0,-22.0,,0.0,0.0
1903-04-05,194.0,6.0,0.0,,0.0
1903-04-06,211.0,17.0,0.0,,0.0
1903-04-07,222.0,11.0,0.0,,0.0
1903-04-08,211.0,28.0,0.0,,0.0
1903-04-09,256.0,72.0,0.0,,0.0
1903-04-10,211.0,17.0,0.0,,0.0
1903-04-11,167.0,0.0,394.0,,0.0
1903-04-12,222.0,56.0,0.0,,0.0
1903-04-13,167.0,28.0,318.0,,0.0
1903-04-14,100.0,11.0,,0.0,0.0
1903-04-15,144.0,6.0,0.0,,0.0
1903-04-16,167.0,-22.0,0.0,,0.0
1903-04-17,139.0,-39.0,0.0,,0.0
1903-04-18,100.0,0.0,0.0,,0.0
1903-04-19,122.0,-11.0,38.0,,0.0
1903-04-20,100.0,-6.0,0.0,,0.0
1903-04-21,133.0,-11.0,0.0,,0.0
1903-04-22,144.0,-22.0,0.0,,0.0
1903-04-23,172.0,6.0,0.0,,0.0
1903-04-24,156.0,17.0,25.0,,0.0
1903-04-25,167.0,33.0,0.0,,0.0
1903-04-26,222.0,44.0,152.0,,0.0
1903-04-27,200.0,11.0,0.0,,0.0
1903-04-28,167.0,17.0,0.0,,0.0
1903-04-29,89.0,-22.0,25.0,,0.0
1903-04-30,100.0,-39.0,0.0,,0.0
1903-05-01,222.0,6.0,0.0,,
1903-05-02,211.0,56.0,0.0,,
1903-05-03,200.0,-17.0,0.0,,
1903-05-04,222.0,11.0,0.0,,
1903-05-05,233.0,0.0,0.0,,
1903-05-06,211.0,17.0,0.0,,
1903-05-07,200.0,28.0,0.0,,
1903-05-08,239.0,39.0,0.0,,
1903-05-09,256.0,56.0,38.0,,
1903-05-10,261.0,89.0,0.0,,
1903-05-11,244.0,100.0,25.0,,
1903-05-12,267.0,144.0,0.0,,
1903-05-13,244.0,61.0,0.0,,
1903-05-14,256.0,128.0,0.0,,
1903-05-15,267.0,111.0,0.0,,
1903-05-16,261.0,100.0,0.0,,
1903-05-17,244.0,89.0,0.0,,
1903-05-18,239.0,111.0,0.0,,
1903-05-19,250.0,133.0,0.0,,
1903-05-20,261.0,100.0,25.0,,
1903-05-21,278.0,100.0,333.0,,
1903-05-22,294.0,200.0,0.0,,
1903-05-23,267.0,167.0,0.0,,
1903-05-24,294.0,206.0,0.0,,
1903-05-25,278.0,167.0,84.0,,
1903-05-26,256.0,156.0,231.0,,
1903-05-27,278.0,167.0,445.0,,
1903-05-28,261.0,183.0,140.0,,
1903-05-29,244.0,56.0,0.0,,
1903-05-30,167.0,39.0,0.0,,
1903-05-31,144.0,56.0,279.0,,
1903-06-01,150.0,61.0,0.0,,
1903-06-02,167.0,89.0,38.0,,
1903-06-03,200.0,100.0,257.0,,
1903-06-04,222.0,100.0,25.0,,
1903-06-05,256.0,111.0,0.0,,
1903-06-06,300.0,144.0,0.0,,
1903-06-07,278.0,156.0,0.0,,
1903-06-08,283.0,167.0,81.0,,
1903-06-09,256.0,89.0,0.0,,
1903-06-10,222.0,67.0,0.0,,
1903-06-11,211.0,33.0,0.0,,
1903-06-12,200.0,22.0,0.0,,
1903-06-13,256.0,56.0,0.0,,
1903-06-14,278.0,100.0,0.0,,
1903-06-15,306.0,111.0,0.0,,
1903-06-16,294.0,139.0,0.0,,
1903-06-17,211.0,144.0,0.0,,
1903-06-18,194.0,167.0,0.0,,
1903-06-19,183.0,156.0,25.0,,
1903-06-20,222.0,128.0,38.0,,
1903-06-21,239.0,144.0,0.0,,
1903-06-22,278.0,139.0,64.0,,
1903-06-23,267.0,156.0,0.0,,
1903-06-24,267.0,56.0,0.0,,
1903-06-25,278.0,144.0,0.0,,
1903-06-26,272.0,167.0,0.0,,
1903-06-27,283.0,150.0,0.0,,
1903-06-28,294.0,183.0,0.0,,
1903-06-29,311.0,200.0,495.0,,
1903-06-30,317.0,222.0,0.0,,
1903-07-01,311.0,222.0,419.0,,
1903-07-02,317.0,261.0,0.0,,
1903-07-03,322.0,239.0,191.0,,
1903-07-04,311.0,200.0,0.0,,
1903-07-05,317.0,167.0,0.0,,
1903-07-06,328.0,194.0,0.0,,
1903-07-07,322.0,200.0,0.0,,
1903-07-08,317.0,189.0,0.0,,
1903-07-09,339.0,244.0,381.0,,
1903-07-10,311.0,211.0,762.0,,
1903-07-11,294.0,206.0,25.0,,
1903-07-12,306.0,200.0,0.0,,
1903-07-13,256.0,139.0,0.0,,
1903-07-14,239.0,150.0,0.0,,
1903-07-15,267.0,156.0,0.0,,
1903-07-16,283.0,200.0,0.0,,
1903-07-17,261.0,144.0,279.0,,
1903-07-18,267.0,100.0,0.0,,
1903-07-19,278.0,111.0,0.0,,
1903-07-20,289.0,144.0,0.0,,
1903-07-21,306.0,111.0,0.0,,
1903-07-22,317.0,94.0,0.0,,
1903-07-23,322.0,117.0,0.0,,
1903-07-24,289.0,144.0,0.0,,
1903-07-25,322.0,167.0,0.0,,
1903-07-26,339.0,239.0,76.0,,
1903-07-27,333.0,178.0,0.0,,
1903-07-28,322.0,200.0,0.0,,
1903-07-29,278.0,117.0,0.0,,
1903-07-30,239.0,78.0,0.0,,
1903-07-31,200.0,89.0,0.0,,
1903-08-01,228.0,94.0,13.0,,
1903-08-02,311.0,144.0,445.0,,
1903-08-03,289.0,94.0,76.0,,
1903-08-04,300.0,167.0,0.0,,
1903-08-05,322.0,183.0,38.0,,
1903-08-06,278.0,144.0,0.0,,
1903-08-07,294.0,111.0,0.0,,
1903-08-08,317.0,144.0,0.0,,
1903-08-09,322.0,128.0,0.0,,
1903-08-10,311.0,117.0,0.0,,
1903-08-11,278.0,89.0,0.0,,
1903-08-12,283.0,78.0,0.0,,
1903-08-13,294.0,89.0,0.0,,
1903-08-14,311.0,111.0,0.0,,
1903-08-15,239.0,89.0,0.0,,
1903-08-16,222.0,111.0,0.0,,
1903-08-17,283.0,128.0,0.0,,
1903-08-18,267.0,144.0,0.0,,
1903-08-19,278.0,139.0,0.0,,
1903-08-20,306.0,167.0,0.0,,
1903-08-21,311.0,183.0,0.0,,
1903-08-22,317.0,239.0,0.0,,
1903-08-23,350.0,256.0,0.0,,
1903-08-24,344.0,267.0,0.0,,
1903-08-25,328.0,261.0,279.0,,
1903-08-26,311.0,239.0,302.0,,
1903-08-27,278.0,211.0,0.0,,
1903-08-28,300.0,167.0,0.0,,
1903-08-29,317.0,150.0,0.0,,
1903-08-30,256.0,133.0,0.0,,
1903-08-31,278.0,94.0,0.0,,
1903-09-01,283.0,94.0,0.0,,
1903-09-02,306.0,78.0,0.0,,
1903-09-03,294.0,72.0,0.0,,
1903-09-04,283.0,94.0,0.0,,
1903-09-05,267.0,111.0,0.0,,
1903-09-06,289.0,89.0,152.0,,
1903-09-07,239.0,122.0,140.0,,
1903-09-08,256.0,144.0,0.0,,
1903-09-09,267.0,156.0,297.0,,
1903-09-10,294.0,94.0,0.0,,
1903-09-11,289.0,89.0,0.0,,
1903-09-12,300.0,111.0,43.0,,
1903-09-13,267.0,83.0,254.0,,
1903-09-14,239.0,72.0,175.0,,
1903-09-15,222.0,67.0,10.0,,
1903-09-16,200.0,100.0,25.0,,
1903-09-17,206.0,22.0,0.0,,
1903-09-18,222.0,-6.0,0.0,,
1903-09-19,256.0,0.0,0.0,,
1903-09-20,267.0,33.0,0.0,,
1903-09-21,261.0,44.0,0.0,,
1903-09-22,278.0,28.0,0.0,,
1903-09-23,294.0,39.0,0.0,,
1903-09-24,278.0,11.0,0.0,,
1903-09-25,267.0,11.0,0.0,,
1903-09-26,283.0,17.0,38.0,,
1903-09-27,261.0,6.0,0.0,,
1903-09-28,256.0,28.0,0.0,,
1903-09-29,267.0,22.0,25.0,,
1903-09-30,278.0,72.0,0.0,,
1903-10-01,239.0,156.0,0.0,,
1903-10-02,294.0,200.0,25.0,,
1903-10-03,278.0,111.0,229.0,,
1903-10-04,239.0,6.0,51.0,,
1903-10-05,183.0,28.0,13.0,,
1903-10-06,167.0,39.0,0.0,,
1903-10-07,156.0,44.0,241.0,,
1903-10-08,206.0,-6.0,0.0,,
1903-10-09,183.0,0.0,0.0,,
1903-10-10,183.0,6.0,0.0,,
1903-10-11,178.0,28.0,0.0,,
1903-10-12,183.0,-11.0,0.0,,
1903-10-13,167.0,44.0,0.0,,
1903-10-14,178.0,28.0,0.0,,
1903-10-15,211.0,-33.0,0.0,,
1903-10-16,239.0,-17.0,0.0,,
1903-10-17,222.0,6.0,0.0,,
1903-10-18,211.0,0.0,0.0,,
1903-10-19,183.0,-17.0,0.0,,
1903-10-20,156.0,-33.0,0.0,,
1903-10-21,178.0,-28.0,0.0,,
1903-10-22,167.0,-22.0,0.0,,
1903-10-23,183.0,-44.0,0.0,,
1903-10-24,183.0,-33.0,0.0,,
1903-10-25,172.0,-39.0,0.0,,
1903-10-26,200.0,-56.0,0.0,,
1903-10-27,183.0,-67.0,0.0,,
1903-10-28,167.0,-50.0,0.0,,
1903-10-29,194.0,11.0,0.0,,
1903-10-30,183.0,28.0,0.0,,
1903-10-31,194.0,17.0,0.0,,
1903-11-01,189.0,6.0,,,
1903-11-02,183.0,28.0,0.0,,
1903-11-03,189.0,22.0,0.0,,
1903-11-04,183.0,-28.0,,,
1903-11-05,172.0,-39.0,,,
1903-11-06,178.0,-50.0,,,
1903-11-07,167.0,-61.0,,,
1903-11-08,111.0,-67.0,,,
1903-11-09,94.0,-28.0,,,
1903-11-10,83.0,-44.0,132.0,,
1903-11-11,100.0,-67.0,,,
1903-11-12,89.0,-78.0,,,0.0
1903-11-13,111.0,-78.0,,,
1903-12-01,6.0,-144.0,0.0,,0.0
1903-12-02,-11.0,-156.0,0.0,0.0,0.0
1903-12-03,17.0,-144.0,0.0,,0.0
1903-12-04,28.0,-133.0,0.0,,0.0
1903-12-05,56.0,-122.0,0.0,,0.0
1903-12-06,72.0,-106.0,0.0,,0.0
1903-12-07,89.0,-78.0,0.0,,0.0
1903-12-08,44.0,-67.0,0.0,,0.0
1903-12-09,-28.0,-100.0,51.0,51.0,51.0
1903-12-10,-22.0,-133.0,0.0,51.0,0.0
1903-12-11,6.0,-167.0,0.0,0.0,0.0
1903-12-12,-78.0,-178.0,13.0,76.0,76.0
1903-12-13,-133.0,-289.0,0.0,0.0,0.0
1903-12-14,-122.0,-222.0,0.0,0.0,0.0
1903-12-15,-28.0,-239.0,0.0,,0.0
1903-12-16,-22.0,-189.0,0.0,,0.0
1903-12-17,28.0,-217.0,0.0,,0.0
1903-12-18,6.0,-178.0,0.0,,0.0
1903-12-19,-11.0,-156.0,0.0,,0.0
1903-12-20,28.0,-122.0,0.0,,0.0
1903-12-21,33.0,-106.0,0.0,,0.0
1903-12-22,39.0,-67.0,0.0,,0.0
1903-12-23,28.0,-50.0,0.0,0.0,0.0
1903-12-24,39.0,-67.0,0.0,0.0,0.0
1903-12-25,-39.0,-189.0,5.0,76.0,76.0
1903-12-26,-106.0,-272.0,0.0,76.0,0.0
1903-12-27,-78.0,-222.0,13.0,127.0,38.0
1903-12-28,-67.0,-172.0,0.0,102.0,0.0
1903-12-29,-122.0,-183.0,0.0,102.0,0.0
1903-12-30,-94.0,-239.0,0.0,102.0,0.0
1903-12-31,-117.0,-122.0,0.0,102.0,0.0
1904-01-01,-122.0,-183.0,,102.0,0.0
1904-01-02,-106.0,-178.0,,102.0,
1904-01-03,-194.0,-300.0,,102.0,
1904-01-04,-111.0,-267.0,,102.0,
1904-01-05,-11.0,-211.0,,51.0,
1904-01-06,33.0,-150.0,,0.0,0.0
1904-01-07,56.0,-133.0,,0.0,
1904-01-08,72.0,-67.0,,0.0,
1904-01-09,6.0,-39.0,,0.0,
1904-01-10,-11.0,-56.0,,51.0,51.0
1904-01-11,-22.0,-39.0,,0.0,
1904-01-12,56.0,-78.0,,0.0,
1904-01-13,72.0,-89.0,,51.0,
1904-01-14,33.0,-150.0,,0.0,
1904-01-15,6.0,-161.0,,0.0,
1904-01-16,33.0,-122.0,,0.0,
1904-01-17,44.0,-111.0,,0.0,
1904-01-18,50.0,-78.0,,0.0,
1904-01-19,72.0,-67.0,,0.0,
1904-01-20,44.0,-39.0,,51.0,64.0
1904-01-21,-11.0,-78.0,,51.0,
1904-01-22,-56.0,-122.0,,51.0,
1904-01-23,-78.0,-206.0,,51.0,
1904-01-24,-133.0,-283.0,,51.0,
1904-01-25,-206.0,-294.0,,51.0,0.0
1904-01-26,-183.0,-289.0,,51.0,
1904-01-27,-183.0,-283.0,,51.0,0.0
1904-01-28,-122.0,-261.0,,51.0,
1904-01-29,-111.0,-300.0,,51.0,
1904-01-30,-11.0,-233.0,,51.0,0.0
1904-01-31,-78.0,-189.0,,51.0,
1904-02-01,-122.0,-267.0,0.0,51.0,0.0
1904-02-02,-100.0,-189.0,0.0,51.0,0.0
1904-02-03,-111.0,-194.0,0.0,51.0,0.0
1904-02-04,-67.0,-222.0,0.0,51.0,0.0
1904-02-05,56.0,-122.0,0.0,25.0,0.0
1904-02-06,128.0,17.0,0.0,0.0,0.0
1904-02-07,44.0,-122.0,0.0,0.0,0.0
1904-02-08,-111.0,-189.0,0.0,0.0,0.0
1904-02-09,-83.0,-178.0,0.0,0.0,0.0
1904-02-10,-72.0,-189.0,0.0,0.0,0.0
1904-02-11,-94.0,-217.0,0.0,0.0,0.0
1904-02-12,-39.0,-233.0,0.0,0.0,0.0
1904-02-13,6.0,-189.0,0.0,0.0,0.0
1904-02-14,-111.0,-211.0,0.0,0.0,0.0
1904-02-15,-94.0,-233.0,0.0,0.0,0.0
1904-02-16,-67.0,-211.0,0.0,0.0,0.0
1904-02-17,-39.0,-144.0,38.0,51.0,51.0
1904-02-18,-67.0,-172.0,51.0,102.0,51.0
1904-02-19,-56.0,-250.0,0.0,102.0,0.0
1904-02-20,-22.0,-228.0,0.0,76.0,0.0
1904-02-21,-11.0,-189.0,0.0,51.0,0.0
1904-02-22,0.0,-222.0,0.0,51.0,0.0
1904-02-23,-11.0,-133.0,51.0,51.0,51.0
1904-02-24,-72.0,-144.0,51.0,102.0,51.0
1904-02-25,-111.0,-156.0,51.0,152.0,51.0
1904-02-26,0.0,-78.0,0.0,51.0,0.0
1904-02-27,-11.0,-83.0,0.0,0.0,0.0
1904-02-28,33.0,-39.0,0.0,0.0,0.0
1904-02-29,72.0,-33.0,0.0,0.0,0.0
1904-03-01,83.0,-78.0,0.0,0.0,0.0
1904-03-02,100.0,-72.0,0.0,0.0,0.0
1904-03-03,56.0,-133.0,0.0,0.0,0.0
1904-03-04,44.0,-161.0,0.0,0.0,0.0
1904-03-05,100.0,-122.0,0.0,,0.0
1904-03-06,89.0,-94.0,0.0,,0.0
1904-03-07,72.0,-78.0,0.0,,0.0
1904-03-08,56.0,-28.0,0.0,,0.0
1904-03-09,72.0,-44.0,0.0,0.0,0.0
1904-03-10,44.0,-33.0,0.0,0.0,0.0
1904-03-11,78.0,-39.0,0.0,,0.0
1904-03-12,72.0,-28.0,0.0,,0.0
1904-03-13,33.0,-17.0,0.0,,0.0
1904-03-14,28.0,-67.0,135.0,0.0,203.0
1904-03-15,44.0,-89.0,20.0,127.0,51.0
1904-03-16,72.0,-61.0,0.0,51.0,0.0
1904-03-17,56.0,-39.0,0.0,0.0,0.0
1904-03-18,72.0,6.0,0.0,0.0,0.0
1904-03-19,94.0,11.0,38.0,,0.0
1904-03-20,122.0,-50.0,0.0,,0.0
1904-03-21,128.0,28.0,0.0,,0.0
1904-03-22,111.0,17.0,0.0,,0.0
1904-03-23,100.0,6.0,0.0,,0.0
1904-03-24,111.0,22.0,127.0,,0.0
1904-03-25,94.0,-28.0,0.0,,0.0
1904-03-26,39.0,-122.0,0.0,,0.0
1904-03-27,72.0,-139.0,0.0,,0.0
1904-03-28,111.0,-17.0,0.0,,0.0
1904-03-29,128.0,6.0,0.0,,0.0
1904-03-30,117.0,17.0,46.0,,0.0
1904-03-31,100.0,28.0,0.0,,0.0
1904-05-01,256.0,94.0,0.0,,
1904-05-02,239.0,111.0,0.0,,
1904-05-03,250.0,117.0,0.0,,
1904-05-04,256.0,89.0,0.0,,
1904-05-05,256.0,89.0,0.0,,
1904-05-06,239.0,89.0,229.0,,
1904-05-07,233.0,83.0,0.0,,
1904-05-08,167.0,56.0,0.0,,
1904-05-09,211.0,61.0,155.0,,
1904-05-10,283.0,56.0,0.0,,
1904-05-11,239.0,44.0,0.0,,
1904-05-12,206.0,28.0,0.0,,
1904-05-13,111.0,17.0,191.0,,
1904-05-14,156.0,11.0,0.0,,
1904-05-15,128.0,33.0,0.0,,
1904-05-16,200.0,39.0,0.0,,
1904-05-17,211.0,44.0,0.0,,
1904-05-18,239.0,72.0,0.0,,
1904-05-19,267.0,61.0,0.0,,
1904-05-20,283.0,44.0,0.0,,
1904-05-21,278.0,56.0,0.0,,
1904-05-22,311.0,50.0,0.0,,
1904-05-23,239.0,100.0,0.0,,
1904-05-24,256.0,200.0,0.0,,
1904-05-25,267.0,206.0,0.0,,
1904-05-26,244.0,44.0,185.0,,
1904-05-27,211.0,56.0,0.0,,
1904-05-28,222.0,72.0,0.0,,
1904-05-29,239.0,61.0,0.0,,
1904-05-30,200.0,50.0,0.0,,
1904-05-31,211.0,39.0,0.0,,
1904-06-01,211.0,61.0,0.0,,
1904-06-02,278.0,144.0,0.0,,
1904-06-03,283.0,128.0,127.0,,
1904-06-04,283.0,94.0,0.0,,
1904-06-05,244.0,78.0,0.0,,
1904-06-06,239.0,94.0,0.0,,
1904-06-07,256.0,133.0,0.0,,
1904-06-08,244.0,144.0,0.0,,
1904-06-09,256.0,167.0,0.0,,
1904-06-10,250.0,183.0,0.0,,
1904-06-11,267.0,156.0,0.0,,
1904-06-12,283.0,128.0,0.0,,
1904-06-13,289.0,150.0,0.0,,
1904-06-14,294.0,211.0,0.0,,
1904-06-15,311.0,239.0,0.0,,
1904-06-16,278.0,211.0,0.0,,
1904-06-17,267.0,206.0,0.0,,
1904-06-18,311.0,222.0,0.0,,
1904-06-19,289.0,211.0,0.0,,
1904-06-20,283.0,222.0,0.0,,
1904-06-21,300.0,211.0,0.0,,
1904-06-22,283.0,206.0,0.0,,
1904-06-23,278.0,239.0,0.0,,
1904-06-24,294.0,211.0,102.0,,
1904-06-25,278.0,144.0,0.0,,
1904-06-26,267.0,111.0,0.0,,
1904-06-27,267.0,83.0,0.0,,
1904-06-28,261.0,89.0,0.0,,
1904-06-29,272.0,94.0,0.0,,
1904-06-30,239.0,100.0,0.0,,
1904-08-01,278.0,83.0,0.0,,
1904-08-02,283.0,72.0,0.0,,
1904-08-03,289.0,111.0,0.0,,
1904-08-04,278.0,144.0,191.0,,
1904-08-05,267.0,72.0,0.0,,
1904-08-06,211.0,56.0,0.0,,
1904-08-07,222.0,100.0,0.0,,
1904-08-08,239.0,111.0,0.0,,
1904-08-09,256.0,144.0,0.0,,
1904-08-10,294.0,156.0,0.0,,
1904-08-11,306.0,111.0,0.0,,
1904-08-12,339.0,128.0,0.0,,
1904-08-13,339.0,133.0,114.0,,
1904-08-14,333.0,144.0,0.0,,
1904-08-15,306.0,122.0,0.0,,
1904-08-16,311.0,111.0,0.0,,
1904-08-17,283.0,100.0,0.0,,
1904-08-18,278.0,139.0,0.0,,
1904-08-19,267.0,144.0,0.0,,
1904-08-20,278.0,167.0,0.0,,
1904-08-21,311.0,261.0,254.0,,
1904-08-22,294.0,183.0,0.0,,
1904-08-23,267.0,156.0,0.0,,
1904-08-24,283.0,111.0,0.0,,
1904-08-25,278.0,89.0,0.0,,
1904-08-26,261.0,100.0,0.0,,
1904-08-27,267.0,111.0,0.0,,
1904-08-28,272.0,94.0,224.0,,
1904-08-29,278.0,83.0,0.0,,
1904-08-30,311.0,72.0,0.0,,
1904-08-31,311.0,139.0,0.0,,
1905-02-13,-28.0,-67.0,,51.0,
1905-02-14,-156.0,-156.0,,51.0,
1905-02-15,-67.0,-178.0,,51.0,
1905-02-16,-100.0,-156.0,,,
1905-02-17,-11.0,-144.0,,,
1905-02-18,28.0,-156.0,,,
1905-02-19,67.0,-133.0,,,
1905-02-20,61.0,-117.0,,,
1905-02-21,11.0,-39.0,,,
1905-02-22,94.0,-33.0,,,
1905-02-23,133.0,-67.0,,,
1905-02-24,17.0,-33.0,775.0,,
1905-02-25,28.0,-39.0,,,
1905-02-26,144.0,-72.0,787.0,,97.0
1905-02-27,50.0,-167.0,,,
1905-02-28,94.0,-139.0,,,
1905-03-01,150.0,-56.0,0.0,,
1905-03-02,56.0,-17.0,0.0,,
1905-03-03,100.0,-28.0,0.0,,
1905-03-04,128.0,0.0,0.0,,
1905-03-05,89.0,-33.0,0.0,,
1905-03-06,56.0,-61.0,0.0,,
1905-03-07,17.0,-11.0,8.0,,
1905-03-08,33.0,-61.0,0.0,,
1905-03-09,183.0,-22.0,0.0,,
1905-03-10,133.0,-78.0,10.0,25.0,20.0
1905-03-11,44.0,-144.0,0.0,,
1905-03-12,50.0,-78.0,0.0,,
1905-03-13,72.0,-67.0,,,102.0
1905-03-14,-11.0,-83.0,157.0,152.0,51.0
1905-03-15,0.0,-61.0,0.0,152.0,
1905-03-16,50.0,-33.0,0.0,,
1905-03-17,172.0,11.0,0.0,,
1905-03-18,161.0,33.0,51.0,,
1905-03-19,250.0,-39.0,262.0,,13.0
1905-03-20,17.0,-56.0,0.0,,
1905-03-21,22.0,-44.0,0.0,,
1905-03-22,72.0,-11.0,0.0,,
1905-03-23,239.0,61.0,140.0,,
1905-03-24,128.0,28.0,41.0,,
1905-03-25,256.0,6.0,0.0,,
1905-03-26,183.0,28.0,0.0,,
1905-03-27,261.0,-11.0,20.0,,
1905-03-28,239.0,61.0,0.0,,
1905-03-29,233.0,-11.0,0.0,,
1905-03-30,239.0,50.0,0.0,,
1905-03-31,228.0,67.0,0.0,,
1905-04-01,239.0,33.0,0.0,,0.0
1905-04-02,206.0,17.0,0.0,,0.0
1905-04-03,278.0,72.0,43.0,,0.0
1905-04-04,239.0,0.0,127.0,,0.0
1905-04-05,183.0,-33.0,0.0,,0.0
1905-04-06,167.0,-56.0,38.0,,0.0
1905-04-07,161.0,-50.0,0.0,,0.0
1905-04-08,194.0,-28.0,0.0,,0.0
1905-04-09,211.0,0.0,0.0,,0.0
1905-04-10,211.0,61.0,0.0,,0.0
1905-04-11,111.0,22.0,0.0,,0.0
1905-04-12,239.0,-39.0,0.0,,0.0
1905-04-13,211.0,-22.0,0.0,,0.0
1905-04-14,200.0,-28.0,0.0,,0.0
1905-04-15,172.0,-56.0,0.0,,0.0
1905-04-16,156.0,-44.0,0.0,,0.0
1905-04-17,139.0,-44.0,0.0,,0.0
1905-04-18,144.0,-39.0,0.0,,0.0
1905-04-19,244.0,-11.0,0.0,,0.0
1905-04-20,256.0,72.0,64.0,,0.0
1905-04-21,122.0,0.0,254.0,,0.0
1905-04-22,211.0,-22.0,0.0,,0.0
1905-04-23,256.0,6.0,0.0,,0.0
1905-04-24,217.0,61.0,0.0,,0.0
1905-04-25,222.0,-11.0,0.0,,0.0
1905-04-26,139.0,89.0,188.0,,0.0
1905-04-27,194.0,28.0,0.0,,0.0
1905-04-28,261.0,44.0,0.0,,0.0
1905-04-29,267.0,33.0,0.0,,0.0
1905-04-30,228.0,0.0,0.0,0.0,0.0
1905-05-01,200.0,39.0,0.0,,0.0
1905-05-02,217.0,111.0,0.0,,0.0
1905-05-03,261.0,122.0,0.0,,0.0
1905-05-04,278.0,144.0,58.0,,0.0
1905-05-05,267.0,6.0,0.0,,0.0
1905-05-06,250.0,56.0,76.0,,0.0
1905-05-07,178.0,6.0,0.0,,0.0
1905-05-08,211.0,56.0,0.0,,0.0
1905-05-09,206.0,56.0,0.0,,0.0
1905-05-10,83.0,50.0,244.0,,0.0
1905-05-11,89.0,83.0,178.0,,0.0
1905-05-12,194.0,28.0,264.0,,0.0
1905-05-13,261.0,111.0,20.0,,0.0
1905-05-14,239.0,117.0,124.0,,0.0
1905-05-15,206.0,67.0,10.0,0.0,0.0
1905-05-16,161.0,61.0,157.0,,0.0
1905-05-17,111.0,56.0,36.0,,0.0
1905-05-18,150.0,61.0,0.0,,0.0
1905-05-19,156.0,44.0,0.0,,0.0
1905-05-20,272.0,56.0,0.0,,0.0
1905-05-21,294.0,89.0,0.0,,0.0
1905-05-22,300.0,111.0,0.0,,0.0
1905-05-23,200.0,44.0,0.0,,0.0
1905-05-24,194.0,56.0,0.0,,0.0
1905-05-25,172.0,167.0,53.0,,0.0
1905-05-26,222.0,0.0,0.0,,0.0
1905-05-27,233.0,72.0,56.0,,0.0
1905-05-28,183.0,117.0,124.0,,0.0
1905-05-29,206.0,122.0,13.0,,0.0
1905-05-30,250.0,94.0,0.0,,0.0
1905-05-31,267.0,72.0,0.0,0.0,0.0
1905-06-01,289.0,78.0,56.0,,0.0
1905-06-02,278.0,111.0,0.0,,0.0
1905-06-03,228.0,72.0,0.0,,0.0
1905-06-04,289.0,6.0,0.0,,0.0
1905-06-05,322.0,211.0,0.0,,0.0
1905-06-06,328.0,217.0,18.0,,0.0
1905-06-07,322.0,133.0,0.0,,0.0
1905-06-08,206.0,67.0,0.0,,0.0
1905-06-09,239.0,122.0,310.0,,0.0
1905-06-10,233.0,122.0,132.0,,0.0
1905-06-11,222.0,144.0,46.0,,0.0
1905-06-12,261.0,122.0,0.0,,0.0
1905-06-13,306.0,139.0,0.0,,0.0
1905-06-14,350.0,150.0,0.0,,0.0
1905-06-15,328.0,178.0,0.0,0.0,0.0
1905-06-16,239.0,183.0,0.0,,0.0
1905-06-17,356.0,194.0,0.0,,0.0
1905-06-18,306.0,122.0,0.0,,0.0
1905-06-19,339.0,178.0,244.0,,0.0
1905-06-20,311.0,128.0,0.0,,0.0
1905-06-21,267.0,100.0,0.0,,0.0
1905-06-22,278.0,78.0,0.0,,0.0
1905-06-23,311.0,94.0,0.0,,0.0
1905-06-24,306.0,133.0,0.0,,0.0
1905-06-25,300.0,178.0,0.0,,0.0
1905-06-26,350.0,39.0,33.0,,0.0
1905-06-27,361.0,256.0,0.0,,0.0
1905-06-28,350.0,106.0,0.0,,0.0
1905-06-29,311.0,144.0,0.0,,0.0
1905-06-30,306.0,156.0,127.0,0.0,0.0
1905-07-01,322.0,150.0,0.0,,0.0
1905-07-02,311.0,156.0,0.0,,0.0
1905-07-03,317.0,167.0,292.0,,0.0
1905-07-04,244.0,150.0,0.0,,0.0
1905-07-05,289.0,128.0,58.0,,0.0
1905-07-06,294.0,128.0,0.0,,0.0
1905-07-07,300.0,133.0,0.0,,0.0
1905-07-08,333.0,122.0,0.0,,0.0
1905-07-09,250.0,117.0,0.0,,0.0
1905-07-10,239.0,100.0,51.0,,0.0
1905-07-11,183.0,128.0,0.0,,0.0
1905-07-12,244.0,122.0,145.0,,0.0
1905-07-13,311.0,122.0,0.0,,0.0
1905-07-14,333.0,150.0,0.0,,0.0
1905-07-15,361.0,150.0,0.0,0.0,0.0
1905-07-16,367.0,156.0,0.0,,0.0
1905-07-17,333.0,211.0,0.0,,0.0
1905-07-18,339.0,194.0,0.0,,0.0
1905-07-19,333.0,194.0,0.0,,0.0
1905-07-20,300.0,161.0,0.0,,0.0
1905-07-21,294.0,150.0,0.0,,0.0
1905-07-22,267.0,128.0,0.0,,0.0
1905-07-23,283.0,117.0,0.0,,0.0
1905-07-24,356.0,106.0,0.0,,0.0
1905-07-25,239.0,72.0,0.0,,0.0
1905-07-26,261.0,111.0,23.0,,0.0
1905-07-27,261.0,161.0,0.0,,0.0
1905-07-28,278.0,156.0,0.0,,0.0
1905-07-29,289.0,122.0,0.0,,0.0
1905-07-30,289.0,133.0,0.0,,0.0
1905-07-31,283.0,133.0,0.0,0.0,0.0
1905-08-01,289.0,139.0,51.0,,
1905-08-02,278.0,172.0,0.0,,
1905-08-03,283.0,156.0,0.0,,
1905-08-04,311.0,189.0,0.0,,
1905-08-05,333.0,150.0,0.0,,
1905-08-06,306.0,128.0,0.0,,
1905-08-07,311.0,144.0,0.0,,
1905-08-08,317.0,167.0,0.0,,
1905-08-09,311.0,144.0,0.0,,
1905-08-10,333.0,156.0,0.0,,
1905-08-11,344.0,178.0,0.0,,
1905-08-12,356.0,178.0,0.0,,
1905-08-13,339.0,178.0,445.0,,
1905-08-14,278.0,189.0,0.0,,
1905-08-15,250.0,156.0,0.0,0.0,
1905-08-16,261.0,156.0,0.0,,
1905-08-17,272.0,183.0,0.0,,
1905-08-18,278.0,133.0,0.0,,
1905-08-19,167.0,117.0,0.0,,
1905-08-20,311.0,189.0,0.0,,
1905-08-21,311.0,189.0,0.0,,
1905-08-22,272.0,161.0,0.0,,
1905-08-23,294.0,206.0,0.0,,
1905-08-24,250.0,128.0,330.0,,
1905-08-25,244.0,83.0,0.0,,
1905-08-26,261.0,167.0,0.0,,
1905-08-27,233.0,161.0,76.0,,
1905-08-28,289.0,156.0,0.0,,
1905-08-29,306.0,183.0,0.0,,
1905-08-30,244.0,133.0,51.0,,
1905-08-31,272.0,167.0,0.0,0.0,
1905-09-01,306.0,144.0,25.0,,0.0
1905-09-02,194.0,106.0,0.0,,0.0
1905-09-03,156.0,111.0,0.0,,0.0
1905-09-04,200.0,72.0,0.0,,0.0
1905-09-05,228.0,100.0,0.0,,0.0
1905-09-06,189.0,122.0,0.0,,0.0
1905-09-07,228.0,94.0,0.0,,0.0
1905-09-08,244.0,144.0,0.0,,0.0
1905-09-09,261.0,161.0,0.0,,0.0
1905-09-10,250.0,117.0,0.0,,0.0
1905-09-11,278.0,139.0,0.0,,0.0
1905-09-12,272.0,117.0,0.0,,0.0
1905-09-13,206.0,111.0,0.0,,0.0
1905-09-14,200.0,150.0,79.0,,0.0
1905-09-15,283.0,161.0,0.0,0.0,0.0
1905-09-16,361.0,128.0,0.0,,0.0
1905-09-17,239.0,156.0,38.0,,0.0
1905-09-18,267.0,128.0,284.0,,0.0
1905-09-19,206.0,56.0,0.0,,0.0
1905-09-20,256.0,128.0,0.0,,0.0
1905-09-21,261.0,78.0,0.0,,0.0
1905-09-22,272.0,44.0,0.0,,0.0
1905-09-23,228.0,94.0,0.0,,0.0
1905-09-24,267.0,72.0,0.0,,0.0
1905-09-25,194.0,67.0,0.0,,0.0
1905-09-26,250.0,128.0,191.0,,0.0
1905-09-27,183.0,100.0,0.0,,0.0
1905-09-28,278.0,122.0,0.0,,0.0
1905-09-29,289.0,133.0,0.0,,0.0
1905-09-30,267.0,100.0,53.0,0.0,0.0
1905-10-01,200.0,50.0,0.0,,
1905-10-02,239.0,78.0,0.0,,
1905-10-03,244.0,150.0,0.0,,
1905-10-04,272.0,100.0,0.0,,
1905-10-05,233.0,83.0,0.0,,
1905-10-06,222.0,139.0,0.0,,
1905-10-07,294.0,100.0,0.0,,
1905-10-08,272.0,128.0,0.0,,
1905-10-09,267.0,72.0,0.0,,
1905-10-10,156.0,11.0,0.0,,
1905-10-11,72.0,-28.0,0.0,,
1905-10-12,133.0,22.0,0.0,,
1905-10-13,228.0,89.0,0.0,,
1905-10-14,172.0,72.0,170.0,,
1905-10-15,100.0,-17.0,0.0,0.0,
1905-10-16,111.0,28.0,292.0,,
1905-10-17,106.0,78.0,419.0,,
1905-10-18,139.0,33.0,0.0,,
1905-10-19,94.0,17.0,173.0,,
1905-10-20,78.0,-44.0,0.0,,
1905-10-21,111.0,-28.0,0.0,,
1905-10-22,44.0,-28.0,0.0,,
1905-10-23,150.0,39.0,0.0,,
1905-10-24,133.0,-22.0,0.0,,
1905-10-25,94.0,-11.0,0.0,,
1905-10-26,144.0,-6.0,0.0,,
1905-10-27,78.0,-67.0,0.0,,
1905-10-28,-11.0,-67.0,0.0,,
1905-10-29,61.0,-17.0,0.0,,
1905-10-30,156.0,-78.0,33.0,,
1905-10-31,100.0,-67.0,0.0,0.0,
1905-11-01,17.0,-78.0,0.0,,0.0
1905-11-02,72.0,-11.0,0.0,,0.0
1905-11-03,94.0,-67.0,0.0,,0.0
1905-11-04,122.0,-11.0,0.0,,0.0
1905-11-05,67.0,0.0,356.0,,0.0
1905-11-06,61.0,0.0,0.0,,0.0
1905-11-07,56.0,-44.0,0.0,,0.0
1905-11-08,28.0,-56.0,0.0,,0.0
1905-11-09,94.0,-17.0,0.0,,0.0
1905-11-10,94.0,-28.0,0.0,,0.0
1905-11-11,156.0,0.0,0.0,,0.0
1905-11-12,156.0,-6.0,0.0,,0.0
1905-11-13,100.0,-83.0,0.0,,0.0
1905-11-14,67.0,-50.0,0.0,,0.0
1905-11-15,117.0,0.0,0.0,0.0,0.0
1905-11-16,111.0,6.0,0.0,,0.0
1905-11-17,156.0,-17.0,0.0,,0.0
1905-11-18,106.0,-56.0,0.0,,0.0
1905-11-19,67.0,-78.0,0.0,,0.0
1905-11-20,72.0,-67.0,0.0,,0.0
1905-11-21,72.0,-72.0,0.0,,0.0
1905-11-22,117.0,-78.0,0.0,,0.0
1905-11-23,144.0,33.0,122.0,,0.0
1905-11-24,44.0,-50.0,0.0,,0.0
1905-11-25,83.0,-56.0,0.0,,0.0
1905-11-26,44.0,-28.0,0.0,,0.0
1905-11-27,144.0,-11.0,241.0,,0.0
1905-11-28,94.0,-89.0,0.0,,0.0
1905-11-29,-67.0,-178.0,0.0,,0.0
1905-11-30,-56.0,-106.0,0.0,0.0,0.0
1905-12-01,-17.0,-111.0,0.0,0.0,0.0
1905-12-02,-44.0,-156.0,0.0,0.0,0.0
1905-12-03,-67.0,-150.0,0.0,0.0,0.0
1905-12-04,-6.0,-117.0,0.0,0.0,0.0
1905-12-05,44.0,-94.0,0.0,0.0,0.0
1905-12-06,89.0,-61.0,0.0,0.0,0.0
1905-12-07,100.0,-56.0,0.0,0.0,0.0
1905-12-08,100.0,-22.0,0.0,0.0,0.0
1905-12-09,-11.0,-128.0,0.0,0.0,0.0
1905-12-10,50.0,-106.0,0.0,0.0,0.0
1905-12-11,72.0,-50.0,0.0,0.0,0.0
1905-12-12,39.0,-100.0,0.0,0.0,0.0
1905-12-13,50.0,-122.0,0.0,0.0,0.0
1905-12-14,0.0,-111.0,0.0,0.0,0.0
1905-12-15,28.0,-133.0,0.0,0.0,0.0
1905-12-16,56.0,-100.0,0.0,0.0,0.0
1905-12-17,78.0,-44.0,0.0,0.0,0.0
1905-12-18,11.0,-17.0,0.0,0.0,0.0
1905-12-19,122.0,-94.0,0.0,0.0,0.0
1905-12-20,17.0,-22.0,122.0,76.0,84.0
1905-12-21,22.0,-39.0,0.0,51.0,0.0
1905-12-22,-22.0,-133.0,0.0,25.0,0.0
1905-12-23,-44.0,-239.0,0.0,25.0,0.0
1905-12-24,-50.0,-239.0,0.0,25.0,0.0
1905-12-25,39.0,-128.0,0.0,25.0,0.0
1905-12-26,-6.0,-72.0,0.0,25.0,0.0
1905-12-27,56.0,-11.0,,51.0,25.0
1905-12-28,22.0,-56.0,229.0,,229.0
1905-12-29,-28.0,-167.0,0.0,102.0,
1905-12-30,-22.0,-200.0,0.0,102.0,
1905-12-31,-56.0,-183.0,0.0,102.0,
1906-01-01,11.0,-67.0,,,
1906-01-02,17.0,-11.0,,,
1906-01-03,17.0,-50.0,,,
1906-01-04,-22.0,-139.0,,,
1906-01-05,17.0,-106.0,,,
1906-01-06,-17.0,-94.0,,,
1906-01-07,-39.0,-217.0,,,
1906-01-08,-89.0,-217.0,,,
1906-01-09,-39.0,-156.0,,,
1906-01-10,0.0,-106.0,,,
1906-01-11,22.0,-106.0,,0.0,0.0
1906-01-12,17.0,-67.0,,,
1906-01-13,6.0,-22.0,,,
1906-01-14,33.0,0.0,,,
1906-01-15,33.0,-94.0,,,
1906-01-16,-67.0,-133.0,,0.0,0.0
1906-01-17,33.0,-72.0,,0.0,0.0
1906-01-18,-6.0,-100.0,,,
1906-01-19,61.0,-39.0,,,
1906-01-20,100.0,-56.0,,,
1906-01-21,-44.0,-144.0,,,
1906-01-22,-111.0,-172.0,,,
1906-01-23,-67.0,-178.0,,,
1906-01-24,-28.0,-111.0,,,
1906-01-25,39.0,-122.0,,,
1906-01-26,50.0,-106.0,,,
1906-01-27,67.0,-50.0,,,
1906-01-28,61.0,-56.0,,,
1906-01-29,72.0,-17.0,,,
1906-01-30,28.0,-150.0,,0.0,0.0
1906-01-31,22.0,-133.0,,,
