DATE,TMAX,TMIN,PRCP,SNWD,SNOW
2008-02-02,,,0.0,,
2008-02-03,134.0,73.0,5.0,,
2008-02-04,244.0,133.0,9.0,,
2008-02-05,249.0,162.0,274.0,,
2008-02-06,162.0,25.0,18.0,,
2008-02-07,93.0,-38.0,0.0,,
2008-02-08,145.0,-21.0,0.0,,
2008-02-09,162.0,-8.0,0.0,,
2008-02-10,120.0,-32.0,0.0,,
2008-02-11,190.0,-34.0,0.0,,
2008-02-12,156.0,-28.0,117.0,,
2008-02-13,5.0,-69.0,0.0,,
2008-02-14,136.0,-73.0,0.0,,
2008-02-15,136.0,22.0,0.0,,
2008-02-16,161.0,37.0,6.0,,
2008-02-17,195.0,63.0,81.0,,
2008-02-18,104.0,-34.0,0.0,,
2008-02-19,100.0,-35.0,0.0,,
2008-02-20,159.0,3.0,0.0,,
2008-02-21,121.0,11.0,3.0,,
2008-02-22,113.0,18.0,51.0,,
2008-02-23,78.0,1.0,0.0,,
2008-02-24,100.0,7.0,3.0,,
2008-02-25,177.0,-27.0,7.0,,
2008-02-26,157.0,-15.0,5.0,,
2008-02-27,41.0,-62.0,0.0,,
2008-02-28,138.0,-69.0,0.0,,
2008-02-29,137.0,36.0,47.0,,
2008-03-01,204.0,0.0,0.0,,
2008-03-02,245.0,70.0,0.0,,
2008-03-03,197.0,55.0,967.0,,
2008-03-04,56.0,-21.0,12.0,,
2008-03-05,131.0,-51.0,0.0,,
2008-03-06,162.0,-4.0,0.0,,
2008-03-07,39.0,-20.0,61.0,,
2008-03-08,42.0,-44.0,23.0,,
2008-03-09,142.0,-52.0,0.0,,
2008-03-10,194.0,-12.0,0.0,,
2008-03-11,166.0,4.0,0.0,,
2008-03-12,236.0,-7.0,0.0,,
2008-03-13,221.0,104.0,0.0,,
2008-03-14,210.0,106.0,165.0,,
2008-03-15,164.0,36.0,270.0,,
2008-03-16,169.0,13.0,0.0,,
2008-03-17,239.0,60.0,0.0,,
2008-03-18,241.0,178.0,0.0,,
2008-03-19,201.0,21.0,647.0,,
2008-03-20,174.0,-13.0,0.0,,
2008-03-21,226.0,21.0,0.0,,
2008-03-22,166.0,55.0,0.0,,
2008-03-23,124.0,16.0,0.0,,
2008-03-24,112.0,-40.0,0.0,,
2008-03-25,202.0,-25.0,0.0,,
2008-03-26,233.0,91.0,0.0,,
2008-03-27,255.0,144.0,0.0,,
2008-03-28,197.0,81.0,7.0,,
2008-03-29,146.0,79.0,13.0,,
2008-03-30,174.0,95.0,256.0,,
2008-03-31,206.0,134.0,208.0,,
2008-04-01,168.0,91.0,167.0,,
2008-04-02,115.0,65.0,45.0,,
2008-04-03,229.0,81.0,436.0,,
2008-04-04,212.0,80.0,390.0,,
2008-04-05,153.0,45.0,0.0,,
2008-04-06,206.0,30.0,0.0,,
2008-04-07,255.0,57.0,0.0,,
2008-04-08,256.0,97.0,0.0,,
2008-04-09,260.0,168.0,0.0,,
2008-04-10,277.0,171.0,115.0,,
2008-04-11,236.0,124.0,77.0,,
2008-04-12,157.0,49.0,0.0,,
2008-04-13,93.0,8.0,0.0,,
2008-04-14,106.0,-8.0,0.0,,
2008-04-15,174.0,-27.0,0.0,,
2008-04-16,229.0,14.0,0.0,,
2008-04-17,244.0,97.0,0.0,,
2008-04-18,177.0,54.0,120.0,,
2008-04-19,227.0,58.0,0.0,,
2008-04-20,248.0,45.0,0.0,,
2008-04-21,278.0,85.0,0.0,,
2008-04-22,284.0,113.0,0.0,,
2008-04-23,301.0,97.0,0.0,,
2008-04-24,250.0,168.0,0.0,,
2008-04-25,289.0,153.0,115.0,,
2008-04-26,209.0,125.0,282.0,,
2008-04-27,184.0,113.0,209.0,,
2008-04-28,187.0,59.0,0.0,,
2008-04-29,177.0,18.0,0.0,,
2008-04-30,266.0,60.0,0.0,,
2008-05-01,243.0,142.0,0.0,,
2008-05-02,247.0,187.0,930.0,,
2008-05-03,203.0,69.0,67.0,,
2008-05-04,210.0,47.0,0.0,,
2008-05-05,245.0,62.0,0.0,,
2008-05-06,264.0,85.0,0.0,,
2008-05-07,283.0,167.0,0.0,,
2008-05-08,236.0,153.0,356.0,,
2008-05-09,275.0,133.0,0.0,,
2008-05-10,249.0,163.0,273.0,,
2008-05-11,203.0,81.0,0.0,,
2008-05-12,222.0,47.0,0.0,,
2008-05-13,228.0,86.0,0.0,,
2008-05-14,227.0,157.0,180.0,,
2008-05-15,239.0,128.0,131.0,,
2008-05-16,198.0,86.0,0.0,,
2008-05-17,242.0,73.0,0.0,,
2008-05-18,257.0,119.0,0.0,,
2008-05-19,295.0,99.0,0.0,,
2008-05-20,293.0,145.0,0.0,,
2008-05-21,241.0,113.0,0.0,,
2008-05-22,278.0,114.0,0.0,,
2008-05-23,287.0,168.0,0.0,,
2008-05-24,296.0,182.0,5.0,,
2008-05-25,311.0,166.0,0.0,,
2008-05-26,312.0,202.0,115.0,,
2008-05-27,288.0,196.0,478.0,,
2008-05-28,218.0,183.0,36.0,,
2008-05-29,253.0,170.0,0.0,,
2008-05-30,304.0,173.0,0.0,,
2008-05-31,307.0,192.0,0.0,,
2008-06-01,300.0,179.0,12.0,,
2008-06-02,295.0,169.0,0.0,,
2008-06-03,306.0,216.0,0.0,,
2008-06-04,305.0,221.0,0.0,,
2008-06-05,314.0,228.0,0.0,,
2008-06-06,316.0,218.0,0.0,,
2008-06-07,321.0,230.0,0.0,,
2008-06-08,320.0,213.0,0.0,,
2008-06-09,314.0,197.0,75.0,,
2008-06-10,272.0,184.0,8.0,,
2008-06-11,312.0,175.0,0.0,,
2008-06-12,295.0,198.0,0.0,,
2008-06-13,286.0,203.0,106.0,,
2008-06-14,292.0,190.0,7.0,,
2008-06-15,310.0,179.0,0.0,,
2008-06-16,319.0,169.0,133.0,,
2008-06-17,268.0,149.0,0.0,,
2008-06-18,265.0,124.0,0.0,,
2008-06-19,284.0,119.0,0.0,,
2008-06-20,284.0,148.0,0.0,,
2008-06-21,287.0,170.0,0.0,,
2008-06-22,301.0,150.0,0.0,,
2008-06-23,289.0,157.0,0.0,,
2008-06-24,321.0,161.0,0.0,,
2008-06-25,317.0,187.0,0.0,,
2008-06-26,301.0,181.0,0.0,,
2008-06-27,310.0,213.0,0.0,,
2008-06-28,308.0,206.0,0.0,,
2008-06-29,295.0,186.0,0.0,,
2008-06-30,283.0,137.0,0.0,,
2008-07-01,292.0,113.0,0.0,,
2008-07-02,305.0,131.0,0.0,,
2008-07-03,316.0,142.0,0.0,,
2008-07-04,297.0,200.0,45.0,,
2008-07-05,294.0,183.0,268.0,,
2008-07-06,316.0,191.0,0.0,,
2008-07-07,323.0,205.0,0.0,,
2008-07-08,333.0,206.0,0.0,,
2008-07-10,310.0,217.0,8.0,,
2008-07-11,321.0,220.0,0.0,,
2008-07-12,335.0,225.0,0.0,,
2008-07-13,279.0,166.0,0.0,,
2008-07-14,304.0,133.0,0.0,,
2008-07-15,318.0,127.0,0.0,,
2008-07-16,329.0,144.0,0.0,,
2008-07-17,334.0,166.0,0.0,,
2008-07-18,333.0,189.0,0.0,,
2008-07-19,342.0,184.0,0.0,,
2008-07-20,351.0,191.0,0.0,,
2008-07-21,363.0,198.0,0.0,,
2008-07-22,343.0,213.0,0.0,,
2008-07-23,314.0,213.0,116.0,,
2008-07-24,332.0,186.0,0.0,,
2008-07-25,342.0,212.0,0.0,,
2008-07-26,343.0,231.0,2.0,,
2008-07-27,321.0,199.0,0.0,,
2008-07-28,355.0,189.0,0.0,,
2008-07-29,361.0,213.0,0.0,,
2008-07-30,348.0,222.0,7.0,,
2008-07-31,340.0,214.0,15.0,,
2008-08-01,340.0,205.0,0.0,,
2008-08-02,363.0,237.0,0.0,,
2008-08-03,352.0,211.0,0.0,,
2008-08-04,358.0,186.0,0.0,,
2008-08-05,352.0,212.0,0.0,,
2008-08-06,342.0,202.0,0.0,,
2008-08-07,282.0,191.0,301.0,,
2008-08-08,296.0,161.0,0.0,,
2008-08-09,290.0,134.0,0.0,,
2008-08-10,226.0,171.0,6.0,,
2008-08-11,299.0,154.0,0.0,,
2008-08-12,241.0,199.0,77.0,,
2008-08-13,295.0,174.0,0.0,,
2008-08-14,303.0,153.0,0.0,,
2008-08-15,303.0,180.0,166.0,,
2008-08-16,288.0,185.0,0.0,,
2008-08-17,297.0,161.0,0.0,,
2008-08-18,313.0,141.0,0.0,,
2008-08-19,300.0,169.0,0.0,,
2008-08-20,233.0,198.0,545.0,,
2008-08-21,300.0,200.0,0.0,,
2008-08-22,306.0,214.0,0.0,,
2008-08-23,263.0,205.0,9.0,,
2008-08-24,285.0,214.0,26.0,,
2008-08-25,306.0,208.0,2.0,,
2008-08-26,259.0,195.0,0.0,,
2008-08-27,298.0,179.0,0.0,,
2008-08-28,311.0,168.0,0.0,,
2008-08-29,310.0,187.0,0.0,,
2008-08-30,307.0,184.0,0.0,,
2008-08-31,325.0,185.0,0.0,,
2008-09-01,302.0,214.0,0.0,,
2008-09-02,286.0,244.0,0.0,,
2008-09-03,259.0,215.0,113.0,,
2008-09-04,274.0,197.0,95.0,,
2008-09-05,220.0,182.0,0.0,,
2008-09-06,247.0,147.0,0.0,,
2008-09-07,295.0,135.0,0.0,,
2008-09-08,301.0,161.0,0.0,,
2008-09-09,266.0,201.0,283.0,,
2008-09-10,298.0,191.0,0.0,,
2008-09-11,313.0,219.0,0.0,,
2008-09-12,312.0,231.0,0.0,,
2008-09-13,307.0,228.0,0.0,,
2008-09-14,265.0,159.0,52.0,,
2008-09-15,210.0,130.0,0.0,,
2008-09-16,224.0,108.0,0.0,,
2008-09-17,259.0,109.0,0.0,,
2008-09-18,284.0,114.0,0.0,,
2008-09-19,254.0,161.0,16.0,,
2008-09-20,236.0,168.0,45.0,,
2008-09-21,260.0,156.0,0.0,,
2008-09-22,283.0,131.0,0.0,,
2008-09-23,292.0,131.0,0.0,,
2008-09-24,278.0,133.0,0.0,,
2008-09-25,280.0,105.0,0.0,,
2008-09-26,274.0,77.0,0.0,,
2008-09-27,282.0,109.0,0.0,,
2008-09-28,285.0,115.0,0.0,,
2008-09-29,302.0,85.0,0.0,,
2008-09-30,255.0,111.0,0.0,,
2008-10-01,234.0,53.0,0.0,,
2008-10-02,230.0,69.0,0.0,,
2008-10-03,238.0,39.0,0.0,,
2008-10-04,261.0,54.0,0.0,,
2008-10-05,276.0,81.0,0.0,,
2008-10-06,282.0,101.0,0.0,,
2008-10-07,234.0,193.0,867.0,,
2008-10-08,207.0,115.0,39.0,,
2008-10-09,245.0,88.0,0.0,,
2008-10-10,271.0,96.0,0.0,,
2008-10-11,284.0,137.0,0.0,,
2008-10-12,247.0,143.0,0.0,,
2008-10-13,253.0,177.0,0.0,,
2008-10-14,277.0,153.0,0.0,,
2008-10-15,268.0,141.0,0.0,,
2008-10-16,206.0,126.0,103.0,,
2008-10-17,194.0,62.0,0.0,,
2008-10-18,195.0,39.0,0.0,,
2008-10-19,191.0,21.0,0.0,,
2008-10-20,206.0,34.0,0.0,,
2008-10-21,232.0,61.0,0.0,,
2008-10-22,230.0,109.0,0.0,,
2008-10-23,169.0,83.0,318.0,,
2008-10-24,181.0,58.0,28.0,,
2008-10-25,163.0,20.0,0.0,,
2008-10-26,235.0,27.0,0.0,,
2008-10-27,116.0,-23.0,0.0,,
2008-10-28,106.0,-33.0,0.0,,
2008-10-29,162.0,-34.0,0.0,,
2008-10-30,212.0,-1.0,0.0,,
2008-10-31,223.0,21.0,0.0,,
2008-11-01,226.0,36.0,0.0,,
2008-11-02,230.0,28.0,0.0,,
2008-11-03,239.0,26.0,0.0,,
2008-11-04,232.0,44.0,0.0,,
2008-11-05,235.0,52.0,0.0,,
2008-11-06,230.0,126.0,142.0,,
2008-11-07,180.0,22.0,4.0,,
2008-11-08,141.0,-2.0,0.0,,
2008-11-09,98.0,-31.0,0.0,,
2008-11-10,148.0,-30.0,0.0,,
2008-11-11,146.0,76.0,3.0,,
2008-11-12,135.0,105.0,130.0,,
2008-11-13,148.0,48.0,0.0,,
2008-11-14,164.0,55.0,48.0,,
2008-11-15,100.0,26.0,0.0,,
2008-11-16,99.0,-17.0,0.0,,
2008-11-17,143.0,-8.0,0.0,,
2008-11-18,66.0,-52.0,0.0,,
2008-11-19,138.0,-54.0,0.0,,
2008-11-20,115.0,-9.0,0.0,,
2008-11-21,39.0,-84.0,0.0,,
2008-11-22,71.0,-96.0,0.0,,
2008-11-23,119.0,42.0,0.0,,
2008-11-24,150.0,-14.0,310.0,,
2008-11-25,133.0,-27.0,0.0,,
2008-11-26,169.0,-22.0,0.0,,
2008-11-27,198.0,-4.0,0.0,,
2008-11-28,158.0,30.0,3.0,,
2008-11-29,141.0,72.0,21.0,,
2008-11-30,74.0,16.0,25.0,,
2008-12-01,33.0,-24.0,3.0,,
2008-12-02,84.0,-64.0,0.0,,
2008-12-03,170.0,21.0,78.0,,
2008-12-04,119.0,-22.0,104.0,,
2008-12-05,34.0,-60.0,0.0,,
2008-12-06,88.0,-64.0,0.0,,
2008-12-07,58.0,-44.0,0.0,,
2008-12-08,128.0,5.0,0.0,,
2008-12-09,137.0,104.0,1113.0,,
2008-12-10,136.0,16.0,22.0,,
2008-12-11,49.0,-32.0,16.0,,
2008-12-12,82.0,-49.0,0.0,,
2008-12-13,87.0,-53.0,0.0,,
2008-12-14,152.0,57.0,0.0,,
2008-12-15,149.0,-16.0,25.0,,
2008-12-16,30.0,-20.0,0.0,,
2008-12-17,44.0,24.0,7.0,,
2008-12-18,152.0,40.0,0.0,,
2008-12-19,200.0,52.0,0.0,,
2008-12-20,176.0,38.0,23.0,,
2008-12-21,38.0,-71.0,0.0,,
2008-12-22,-9.0,-112.0,0.0,,
2008-12-23,111.0,-23.0,84.0,,
2008-12-24,192.0,21.0,280.0,,
2008-12-25,139.0,0.0,0.0,,
2008-12-26,211.0,92.0,7.0,,
2008-12-27,239.0,79.0,249.0,,
2008-12-28,106.0,-25.0,0.0,,
2008-12-29,146.0,-46.0,0.0,,
2008-12-30,172.0,-26.0,0.0,,
2008-12-31,90.0,-47.0,0.0,,
2009-01-01,112.0,-57.0,0.0,,
2009-01-02,171.0,65.0,0.0,,
2009-01-03,210.0,130.0,3.0,,
2009-01-04,182.0,34.0,4.0,,
2009-01-05,35.0,9.0,190.0,,
2009-01-06,62.0,20.0,201.0,,
2009-01-07,101.0,19.0,0.0,,
2009-01-08,94.0,-26.0,0.0,,
2009-01-09,174.0,-36.0,0.0,,
2009-01-10,179.0,13.0,71.0,,
2009-01-11,68.0,-43.0,0.0,,
2009-01-12,122.0,-49.0,0.0,,
2009-01-13,57.0,-73.0,0.0,,
2009-01-14,103.0,-82.0,0.0,,
2009-01-15,-29.0,-103.0,0.0,,
2009-01-16,-48.0,-138.0,0.0,,
2009-01-17,83.0,-76.0,0.0,,
2009-01-18,127.0,-19.0,0.0,,
2009-01-19,53.0,-49.0,0.0,,
2009-01-20,-11.0,-101.0,0.0,,
2009-01-21,58.0,-116.0,0.0,,
2009-01-22,171.0,-40.0,0.0,,
2009-01-23,186.0,76.0,0.0,,
2009-01-24,76.0,-29.0,3.0,,
2009-01-25,26.0,-48.0,0.0,,
2009-01-26,78.0,-6.0,3.0,,
2009-01-27,50.0,10.0,24.0,,
2009-01-28,18.0,-36.0,61.0,,
2009-01-29,56.0,-41.0,0.0,,
2009-01-30,93.0,-30.0,0.0,,
2009-01-31,145.0,-63.0,0.0,,
2009-02-01,179.0,31.0,45.0,,
2009-02-02,88.0,-56.0,21.0,,
2009-02-03,59.0,-108.0,0.0,,
2009-02-04,10.0,-126.0,0.0,,
2009-02-05,91.0,-105.0,0.0,,
2009-02-06,192.0,-26.0,0.0,,
2009-02-07,203.0,90.0,0.0,,
2009-02-08,212.0,80.0,0.0,,
2009-02-09,217.0,98.0,0.0,,
2009-02-10,206.0,152.0,35.0,,
2009-02-11,190.0,87.0,59.0,,
2009-02-12,183.0,1.0,0.0,,
2009-02-13,185.0,5.0,0.0,,
2009-02-14,123.0,31.0,0.0,,
2009-02-15,103.0,-26.0,0.0,,
2009-02-16,86.0,-52.0,0.0,,
2009-02-17,97.0,-57.0,79.0,,
2009-02-18,236.0,78.0,22.0,,
2009-02-19,78.0,-66.0,0.0,,
2009-02-20,116.0,-92.0,0.0,,
2009-02-21,115.0,-31.0,52.0,,
2009-02-22,56.0,-72.0,0.0,,
2009-02-23,91.0,-74.0,0.0,,
2009-02-24,131.0,2.0,0.0,,
2009-02-25,172.0,76.0,0.0,,
2009-02-26,202.0,135.0,0.0,,
2009-02-27,189.0,60.0,568.0,,
2009-02-28,60.0,-17.0,195.0,,
2009-03-01,18.0,-40.0,37.0,,
2009-03-02,15.0,-59.0,0.0,,
2009-03-03,62.0,-86.0,0.0,,
2009-03-04,174.0,-7.0,0.0,,
2009-03-05,208.0,88.0,0.0,,
2009-03-06,232.0,135.0,0.0,,
2009-03-07,249.0,157.0,0.0,,
2009-03-08,249.0,162.0,0.0,,
2009-03-09,266.0,104.0,0.0,,
2009-03-10,259.0,165.0,0.0,,
2009-03-11,209.0,35.0,2.0,,
2009-03-12,35.0,9.0,226.0,,
2009-03-13,48.0,10.0,150.0,,
2009-03-14,98.0,48.0,115.0,,
2009-03-15,129.0,88.0,0.0,,
2009-03-16,163.0,32.0,0.0,,
2009-03-17,226.0,17.0,0.0,,
2009-03-18,250.0,24.0,0.0,,
2009-03-19,180.0,44.0,0.0,,
2009-03-20,185.0,2.0,0.0,,
2009-03-21,177.0,22.0,4.0,,
2009-03-22,246.0,32.0,0.0,,
2009-03-23,225.0,84.0,0.0,,
2009-03-24,226.0,140.0,104.0,,
2009-03-25,195.0,112.0,756.0,,
2009-03-26,189.0,72.0,99.0,,
2009-03-27,200.0,123.0,167.0,,
2009-03-28,178.0,54.0,100.0,,
2009-03-29,146.0,2.0,0.0,,
2009-03-30,210.0,-6.0,0.0,,
2009-03-31,204.0,47.0,15.0,,
2009-04-01,231.0,-11.0,0.0,,
2009-04-02,189.0,68.0,145.0,,
2009-04-03,177.0,41.0,0.0,,
2009-04-04,225.0,20.0,0.0,,
2009-04-05,244.0,74.0,0.0,,
2009-04-06,79.0,34.0,0.0,,
2009-04-07,121.0,8.0,0.0,,
2009-04-08,229.0,-17.0,0.0,,
2009-04-09,247.0,47.0,0.0,,
2009-04-10,206.0,106.0,132.0,,
2009-04-11,196.0,60.0,0.0,,
2009-04-12,189.0,44.0,216.0,,
2009-04-13,196.0,90.0,0.0,,
2009-04-14,107.0,23.0,0.0,,
2009-04-15,179.0,6.0,0.0,,
2009-04-16,207.0,34.0,0.0,,
2009-04-17,250.0,93.0,0.0,,
2009-04-18,205.0,99.0,55.0,,
2009-04-19,225.0,126.0,318.0,,
2009-04-20,208.0,113.0,0.0,,
2009-04-21,192.0,52.0,0.0,,
2009-04-22,271.0,45.0,0.0,,
2009-04-23,300.0,118.0,0.0,,
2009-04-24,285.0,168.0,0.0,,
2009-04-25,300.0,142.0,0.0,,
2009-04-26,281.0,153.0,0.0,,
2009-04-27,287.0,156.0,0.0,,
2009-04-28,259.0,187.0,37.0,,
2009-04-29,276.0,184.0,0.0,,
2009-04-30,250.0,197.0,0.0,,
2009-05-01,275.0,198.0,0.0,,
2009-05-02,222.0,169.0,493.0,,
2009-05-03,197.0,160.0,126.0,,
2009-05-04,181.0,141.0,14.0,,
2009-05-05,222.0,134.0,26.0,,
2009-05-06,240.0,155.0,373.0,,
2009-05-07,283.0,162.0,0.0,,
2009-05-08,283.0,219.0,0.0,,
2009-05-09,239.0,164.0,138.0,,
2009-05-10,183.0,140.0,58.0,,
2009-05-11,185.0,104.0,0.0,,
2009-05-12,248.0,85.0,0.0,,
2009-05-13,287.0,175.0,0.0,,
2009-05-14,275.0,185.0,109.0,,
2009-05-15,287.0,183.0,97.0,,
2009-05-16,273.0,169.0,36.0,,
2009-05-17,194.0,65.0,0.0,,
2009-05-18,219.0,42.0,0.0,,
2009-05-19,241.0,45.0,0.0,,
2009-05-20,274.0,69.0,0.0,,
2009-05-21,286.0,120.0,0.0,,
2009-05-22,267.0,176.0,0.0,,
2009-05-23,265.0,174.0,127.0,,
2009-05-24,256.0,193.0,320.0,,
2009-05-25,281.0,204.0,67.0,,
2009-05-26,270.0,202.0,85.0,,
2009-05-27,303.0,187.0,12.0,,
2009-05-28,227.0,178.0,0.0,,
2009-05-29,249.0,136.0,0.0,,
2009-05-30,296.0,117.0,0.0,,
2009-05-31,310.0,161.0,0.0,,
2009-06-01,317.0,160.0,0.0,,
2009-06-02,311.0,168.0,0.0,,
2009-06-03,280.0,177.0,145.0,,
2009-06-04,227.0,150.0,83.0,,
2009-06-05,240.0,115.0,0.0,,
2009-06-06,269.0,90.0,0.0,,
2009-06-07,288.0,127.0,0.0,,
2009-06-08,292.0,174.0,0.0,,
2009-06-09,309.0,174.0,0.0,,
2009-06-10,306.0,210.0,0.0,,
2009-06-11,292.0,211.0,8.0,,
2009-06-12,305.0,182.0,229.0,,
2009-06-13,283.0,178.0,0.0,,
2009-06-14,277.0,198.0,111.0,,
2009-06-15,316.0,199.0,116.0,,
2009-06-16,315.0,184.0,0.0,,
2009-06-17,328.0,217.0,0.0,,
2009-06-18,331.0,209.0,0.0,,
2009-06-19,337.0,207.0,0.0,,
2009-06-20,336.0,208.0,0.0,,
2009-06-21,342.0,197.0,0.0,,
2009-06-22,332.0,200.0,0.0,,
2009-06-24,323.0,201.0,0.0,,
2009-06-25,324.0,177.0,0.0,,
2009-06-26,333.0,194.0,0.0,,
2009-06-27,342.0,225.0,0.0,,
2009-06-28,323.0,187.0,0.0,,
2009-06-29,303.0,156.0,0.0,,
2009-06-30,328.0,155.0,0.0,,
2009-07-01,306.0,174.0,0.0,,
2009-07-02,305.0,158.0,0.0,,
2009-07-03,313.0,157.0,0.0,,
2009-07-04,316.0,192.0,0.0,,
2009-07-05,283.0,220.0,216.0,,
2009-07-06,266.0,194.0,0.0,,
2009-07-07,294.0,181.0,0.0,,
2009-07-08,301.0,168.0,0.0,,
2009-07-09,323.0,164.0,0.0,,
2009-07-10,322.0,176.0,0.0,,
2009-07-11,328.0,219.0,0.0,,
2009-07-12,321.0,236.0,22.0,,
2009-07-13,281.0,211.0,269.0,,
2009-07-14,313.0,225.0,0.0,,
2009-07-15,333.0,231.0,0.0,,
2009-07-16,290.0,206.0,574.0,,
2009-07-17,279.0,153.0,0.0,,
2009-07-18,258.0,128.0,0.0,,
2009-07-19,266.0,133.0,0.0,,
2009-07-20,276.0,131.0,0.0,,
2009-07-21,241.0,170.0,483.0,,
2009-07-22,245.0,170.0,42.0,,
2009-07-23,273.0,155.0,0.0,,
2009-07-24,302.0,152.0,0.0,,
2009-07-25,314.0,184.0,0.0,,
2009-07-26,284.0,197.0,170.0,,
2009-07-27,302.0,186.0,0.0,,
2009-07-28,246.0,212.0,306.0,,
2009-07-29,299.0,221.0,9.0,,
2009-07-30,286.0,219.0,195.0,,
2009-07-31,282.0,194.0,0.0,,
2009-08-01,281.0,181.0,11.0,,
2009-08-02,290.0,200.0,0.0,,
2009-08-03,316.0,194.0,0.0,,
2009-08-04,325.0,223.0,0.0,,
2009-08-05,284.0,194.0,183.0,,
2009-08-06,297.0,191.0,0.0,,
2009-08-07,316.0,183.0,0.0,,
2009-08-08,327.0,208.0,0.0,,
2009-08-09,316.0,212.0,0.0,,
2009-08-10,325.0,211.0,5.0,,
2009-08-11,296.0,202.0,0.0,,
2009-08-12,301.0,181.0,0.0,,
2009-08-13,293.0,153.0,0.0,,
2009-08-14,307.0,162.0,0.0,,
2009-08-15,324.0,182.0,0.0,,
2009-08-16,311.0,203.0,0.0,,
2009-08-17,291.0,209.0,0.0,,
2009-08-18,315.0,222.0,0.0,,
2009-08-19,312.0,217.0,0.0,,
2009-08-20,289.0,210.0,0.0,,
2009-08-21,293.0,160.0,104.0,,
2009-08-22,251.0,134.0,0.0,,
2009-08-23,250.0,117.0,0.0,,
2009-08-24,262.0,123.0,0.0,,
2009-08-25,300.0,129.0,0.0,,
2009-08-26,302.0,151.0,0.0,,
2009-08-27,303.0,165.0,0.0,,
2009-08-28,300.0,186.0,0.0,,
2009-08-29,286.0,172.0,0.0,,
2009-08-30,259.0,163.0,0.0,,
2009-08-31,254.0,128.0,0.0,,
2009-09-01,253.0,96.0,0.0,,
2009-09-02,267.0,128.0,0.0,,
2009-09-03,278.0,146.0,0.0,,
2009-09-04,283.0,159.0,0.0,,
2009-09-05,303.0,156.0,0.0,,
2009-09-06,305.0,173.0,0.0,,
2009-09-07,296.0,160.0,0.0,,
2009-09-08,311.0,170.0,0.0,,
2009-09-09,295.0,187.0,141.0,,
2009-09-10,285.0,190.0,0.0,,
2009-09-11,274.0,198.0,57.0,,
2009-09-12,282.0,197.0,11.0,,
2009-09-13,250.0,196.0,15.0,,
2009-09-14,261.0,200.0,65.0,,
2009-09-15,275.0,216.0,203.0,,
2009-09-16,272.0,211.0,260.0,,
2009-09-17,252.0,206.0,217.0,,
2009-09-18,235.0,206.0,275.0,,
2009-09-19,258.0,204.0,3.0,,
2009-09-20,250.0,209.0,296.0,,
2009-09-21,275.0,208.0,0.0,,
2009-09-22,288.0,209.0,69.0,,
2009-09-23,262.0,205.0,269.0,,
2009-09-24,268.0,209.0,47.0,,
2009-09-25,241.0,211.0,111.0,,
2009-09-26,273.0,157.0,90.0,,
2009-09-27,275.0,120.0,0.0,,
2009-09-28,236.0,96.0,0.0,,
2009-09-29,217.0,70.0,0.0,,
2009-09-30,230.0,60.0,0.0,,
2009-10-01,244.0,94.0,0.0,,
2009-10-02,227.0,79.0,0.0,,
2009-10-03,239.0,57.0,0.0,,
2009-10-04,142.0,112.0,395.0,,
2009-10-05,157.0,117.0,0.0,,
2009-10-06,240.0,151.0,28.0,,
2009-10-07,218.0,125.0,0.0,,
2009-10-08,284.0,150.0,0.0,,
2009-10-09,281.0,124.0,153.0,,
2009-10-10,127.0,103.0,0.0,,
2009-10-11,191.0,105.0,13.0,,
2009-10-12,188.0,135.0,37.0,,
2009-10-13,188.0,167.0,302.0,,
2009-10-14,193.0,152.0,3.0,,
2009-10-15,183.0,101.0,36.0,,
2009-10-16,127.0,65.0,0.0,,
2009-10-17,117.0,18.0,0.0,,
2009-10-18,147.0,-10.0,0.0,,
2009-10-19,183.0,-2.0,0.0,,
2009-10-20,207.0,40.0,0.0,,
2009-10-21,197.0,44.0,0.0,,
2009-10-22,218.0,151.0,273.0,,
2009-10-23,190.0,85.0,18.0,,
2009-10-24,161.0,25.0,0.0,,
2009-10-25,199.0,7.0,0.0,,
2009-10-26,213.0,45.0,0.0,,
2009-10-27,149.0,113.0,248.0,,
2009-10-28,205.0,96.0,0.0,,
2009-10-29,235.0,112.0,34.0,,
2009-10-30,247.0,94.0,396.0,,
2009-10-31,171.0,36.0,0.0,,
2009-11-01,173.0,13.0,0.0,,
2009-11-02,221.0,11.0,0.0,,
2009-11-03,192.0,33.0,0.0,,
2009-11-04,219.0,25.0,0.0,,
2009-11-05,187.0,6.0,0.0,,
2009-11-06,216.0,13.0,0.0,,
2009-11-07,233.0,46.0,0.0,,
2009-11-08,238.0,47.0,0.0,,
2009-11-09,219.0,102.0,0.0,,
2009-11-10,238.0,104.0,0.0,,
2009-11-11,188.0,60.0,0.0,,
2009-11-12,178.0,-3.0,0.0,,
2009-11-13,191.0,-12.0,0.0,,
2009-11-14,208.0,10.0,0.0,,
2009-11-15,233.0,61.0,0.0,,
2009-11-16,156.0,64.0,63.0,,
2009-11-17,79.0,52.0,3.0,,
2009-11-18,80.0,29.0,0.0,,
2009-11-19,169.0,20.0,0.0,,
2009-11-20,178.0,-5.0,0.0,,
2009-11-21,188.0,23.0,0.0,,
2009-11-22,130.0,87.0,2.0,,
2009-11-23,131.0,97.0,0.0,,
2009-11-24,176.0,48.0,31.0,,
2009-11-25,146.0,-7.0,0.0,,
2009-11-26,109.0,-29.0,0.0,,
2009-11-27,135.0,-56.0,0.0,,
2009-11-28,205.0,-3.0,0.0,,
2009-11-29,143.0,81.0,714.0,,
2009-11-30,139.0,-28.0,74.0,,
2009-12-01,109.0,-44.0,0.0,,
2009-12-02,104.0,50.0,65.0,,
2009-12-03,67.0,-37.0,0.0,,
2009-12-04,31.0,-47.0,0.0,,
2009-12-05,49.0,-80.0,0.0,,
2009-12-06,62.0,-71.0,0.0,,
2009-12-07,78.0,29.0,9.0,,
2009-12-08,179.0,68.0,659.0,,
2009-12-09,136.0,-22.0,0.0,,
2009-12-10,23.0,-78.0,0.0,,
2009-12-11,47.0,-88.0,0.0,,
2009-12-12,80.0,-12.0,130.0,,
2009-12-13,112.0,79.0,312.0,,
2009-12-14,184.0,52.0,4.0,,
2009-12-15,89.0,-8.0,0.0,,
2009-12-16,76.0,-43.0,0.0,,
2009-12-17,80.0,-50.0,0.0,,
2009-12-18,138.0,26.0,0.0,,
2009-12-19,45.0,11.0,0.0,,
2009-12-20,51.0,-43.0,0.0,,
2009-12-21,130.0,-50.0,0.0,,
2009-12-22,153.0,-24.0,0.0,,
2009-12-23,120.0,90.0,58.0,,
2009-12-24,146.0,75.0,289.0,,
2009-12-25,75.0,-10.0,10.0,,
2009-12-26,91.0,-27.0,0.0,,
2009-12-27,74.0,-42.0,0.0,,
2009-12-28,47.0,-71.0,0.0,,
2009-12-29,48.0,-69.0,0.0,,
2009-12-30,65.0,12.0,127.0,,
2009-12-31,80.0,40.0,12.0,,
2010-01-01,43.0,-53.0,0.0,,
2010-01-02,-10.0,-66.0,0.0,,
2010-01-03,4.0,-54.0,0.0,,
2010-01-04,-32.0,-112.0,0.0,,
2010-01-05,-19.0,-123.0,0.0,,
2010-01-06,35.0,-142.0,0.0,,
2010-01-07,9.0,-99.0,19.0,,
2010-01-08,-76.0,-133.0,0.0,,
2010-01-09,-41.0,-130.0,0.0,,
2010-01-10,-7.0,-152.0,0.0,,
2010-01-11,76.0,-92.0,0.0,,
2010-01-12,39.0,-88.0,0.0,,
2010-01-13,81.0,-110.0,0.0,,
2010-01-14,119.0,-86.0,0.0,,
2010-01-15,168.0,-48.0,0.0,,
2010-01-17,131.0,3.0,156.0,,
2010-01-18,170.0,-23.0,0.0,,
2010-01-19,165.0,32.0,0.0,,
2010-01-20,159.0,113.0,136.0,,
2010-01-21,187.0,104.0,293.0,,
2010-01-22,104.0,76.0,0.0,,
2010-01-23,165.0,65.0,149.0,,
2010-01-24,145.0,45.0,57.0,,
2010-01-25,80.0,-28.0,0.0,,
2010-01-26,59.0,-47.0,0.0,,
2010-01-27,133.0,-56.0,0.0,,
2010-01-28,87.0,19.0,0.0,,
2010-01-29,19.0,-19.0,186.0,,
2010-01-30,-3.0,-81.0,0.0,,
2010-01-31,34.0,-98.0,0.0,,
2010-02-01,77.0,-70.0,0.0,,
2010-02-02,92.0,-38.0,0.0,,
2010-02-03,96.0,-64.0,0.0,,
2010-02-04,66.0,23.0,176.0,,
2010-02-05,81.0,38.0,37.0,,
2010-02-06,38.0,5.0,0.0,,
2010-02-07,55.0,-30.0,0.0,,
2010-02-08,11.0,-28.0,457.0,,
2010-02-09,17.0,-37.0,46.0,,
2010-02-10,13.0,-58.0,0.0,,
2010-02-11,30.0,-62.0,0.0,,
2010-02-12,50.0,-34.0,0.0,,
2010-02-13,89.0,-45.0,0.0,,
2010-02-14,69.0,-28.0,56.0,,
2010-02-15,-27.0,-68.0,2.0,,
2010-02-16,0.0,-79.0,0.0,,
2010-02-17,68.0,-86.0,0.0,,
2010-02-18,110.0,-76.0,0.0,,
2010-02-19,153.0,-69.0,0.0,,
2010-02-20,184.0,-36.0,0.0,,
2010-02-21,200.0,33.0,220.0,,
2010-02-22,106.0,33.0,0.0,,
2010-02-23,52.0,-21.0,0.0,,
2010-02-24,36.0,-75.0,0.0,,
2010-02-25,63.0,-100.0,0.0,,
2010-02-26,99.0,-62.0,0.0,,
2010-02-27,109.0,-73.0,0.0,,
2010-02-28,124.0,-69.0,0.0,,
2010-03-01,104.0,-13.0,0.0,,
2010-03-02,52.0,-30.0,16.0,,
2010-03-03,91.0,-46.0,0.0,,
2010-03-04,119.0,-85.0,0.0,,
2010-03-05,138.0,-66.0,0.0,,
2010-03-06,162.0,-75.0,0.0,,
2010-03-07,197.0,-22.0,0.0,,
2010-03-08,233.0,-5.0,0.0,,
2010-03-09,146.0,83.0,90.0,,
2010-03-10,207.0,133.0,0.0,,
2010-03-11,228.0,86.0,146.0,,
2010-03-12,150.0,70.0,101.0,,
2010-03-13,87.0,49.0,20.0,,
2010-03-14,118.0,71.0,10.0,,
2010-03-15,132.0,54.0,0.0,,
2010-03-16,115.0,30.0,0.0,,
2010-03-17,143.0,67.0,0.0,,
2010-03-18,194.0,28.0,0.0,,
2010-03-19,209.0,-2.0,0.0,,
2010-03-20,214.0,27.0,21.0,,
2010-03-21,120.0,20.0,381.0,,
2010-03-22,103.0,13.0,28.0,,
2010-03-23,215.0,6.0,0.0,,
2010-03-24,231.0,31.0,0.0,,
2010-03-25,202.0,75.0,90.0,,
2010-03-26,149.0,27.0,0.0,,
2010-03-27,204.0,14.0,138.0,,
2010-03-28,126.0,79.0,25.0,,
2010-03-29,175.0,18.0,0.0,,
2010-03-30,215.0,-4.0,0.0,,
2010-03-31,265.0,60.0,0.0,,
2010-04-01,284.0,100.0,0.0,,
2010-04-02,249.0,121.0,0.0,,
2010-04-03,243.0,84.0,198.0,,
2010-04-04,266.0,78.0,0.0,,
2010-04-05,288.0,180.0,0.0,,
2010-04-06,291.0,165.0,0.0,,
2010-04-07,244.0,129.0,212.0,,
2010-04-08,167.0,32.0,2.0,,
2010-04-09,214.0,2.0,0.0,,
2010-04-10,243.0,24.0,0.0,,
2010-04-11,263.0,47.0,0.0,,
2010-04-12,282.0,59.0,0.0,,
2010-04-13,289.0,66.0,0.0,,
2010-04-14,292.0,77.0,0.0,,
2010-04-15,295.0,82.0,0.0,,
2010-04-16,281.0,92.0,0.0,,
2010-04-17,211.0,99.0,0.0,,
2010-04-18,213.0,71.0,0.0,,
2010-04-19,174.0,53.0,0.0,,
2010-04-20,221.0,42.0,0.0,,
2010-04-21,246.0,35.0,0.0,,
2010-04-22,271.0,110.0,0.0,,
2010-04-23,261.0,145.0,195.0,,
2010-04-24,269.0,167.0,386.0,,
2010-04-25,247.0,121.0,25.0,,
2010-04-26,172.0,98.0,3.0,,
2010-04-27,175.0,46.0,0.0,,
2010-04-28,212.0,27.0,0.0,,
2010-04-29,267.0,106.0,0.0,,
2010-04-30,237.0,165.0,0.0,,
2010-05-01,259.0,206.0,553.0,,
2010-05-02,246.0,147.0,1396.0,,
2010-05-03,277.0,118.0,0.0,,
2010-05-04,301.0,102.0,0.0,,
2010-05-05,300.0,135.0,0.0,,
2010-05-06,307.0,139.0,0.0,,
2010-05-07,310.0,187.0,0.0,,
2010-05-08,203.0,65.0,0.0,,
2010-05-09,185.0,64.0,0.0,,
2010-05-10,144.0,97.0,147.0,,
2010-05-11,276.0,139.0,0.0,,
2010-05-12,293.0,196.0,0.0,,
2010-05-13,295.0,212.0,0.0,,
2010-05-14,303.0,177.0,0.0,,
2010-05-15,290.0,168.0,11.0,,
2010-05-16,266.0,152.0,113.0,,
2010-05-17,257.0,154.0,0.0,,
2010-05-18,221.0,103.0,0.0,,
2010-05-19,253.0,84.0,0.0,,
2010-05-20,252.0,168.0,47.0,,
2010-05-21,269.0,181.0,61.0,,
2010-05-22,312.0,206.0,0.0,,
2010-05-23,318.0,206.0,0.0,,
2010-05-24,313.0,166.0,125.0,,
2010-05-25,301.0,155.0,61.0,,
2010-05-26,290.0,167.0,16.0,,
2010-05-27,298.0,157.0,0.0,,
2010-05-28,297.0,166.0,74.0,,
2010-05-29,276.0,179.0,268.0,,
2010-05-30,266.0,186.0,0.0,,
2010-05-31,284.0,187.0,41.0,,
2010-06-01,307.0,198.0,0.0,,
2010-06-02,308.0,192.0,0.0,,
2010-06-03,305.0,200.0,0.0,,
2010-06-04,300.0,206.0,0.0,,
2010-06-05,287.0,192.0,24.0,,
2010-06-06,317.0,171.0,0.0,,
2010-06-07,289.0,149.0,0.0,,
2010-06-08,316.0,190.0,0.0,,
2010-06-09,306.0,220.0,126.0,,
2010-06-10,305.0,217.0,0.0,,
2010-06-11,302.0,228.0,0.0,,
2010-06-12,326.0,225.0,0.0,,
2010-06-13,332.0,216.0,5.0,,
2010-06-14,330.0,215.0,0.0,,
2010-06-15,331.0,212.0,0.0,,
2010-06-16,330.0,206.0,5.0,,
2010-06-17,333.0,210.0,0.0,,
2010-06-18,340.0,212.0,93.0,,
2010-06-19,338.0,219.0,0.0,,
2010-06-20,341.0,206.0,0.0,,
2010-06-21,349.0,193.0,0.0,,
2010-06-22,343.0,206.0,0.0,,
2010-06-23,324.0,206.0,0.0,,
2010-06-24,331.0,218.0,0.0,,
2010-06-25,336.0,218.0,23.0,,
2010-06-26,323.0,222.0,18.0,,
2010-06-27,329.0,215.0,0.0,,
2010-06-28,332.0,217.0,0.0,,
2010-06-29,319.0,214.0,0.0,,
2010-06-30,311.0,223.0,0.0,,
2010-07-01,309.0,169.0,0.0,,
2010-07-02,324.0,136.0,0.0,,
2010-07-03,321.0,174.0,0.0,,
2010-07-04,315.0,181.0,0.0,,
2010-07-05,325.0,168.0,0.0,,
2010-07-06,329.0,193.0,69.0,,
2010-07-07,318.0,220.0,0.0,,
2010-07-08,334.0,206.0,0.0,,
2010-07-09,325.0,215.0,58.0,,
2010-07-10,319.0,217.0,0.0,,
2010-07-11,324.0,205.0,0.0,,
2010-07-12,323.0,214.0,173.0,,
2010-07-13,308.0,228.0,248.0,,
2010-07-14,339.0,230.0,0.0,,
2010-07-15,336.0,230.0,0.0,,
2010-07-16,320.0,224.0,568.0,,
2010-07-17,292.0,223.0,0.0,,
2010-07-18,310.0,225.0,0.0,,
2010-07-19,324.0,234.0,0.0,,
2010-07-20,326.0,230.0,0.0,,
2010-07-21,337.0,219.0,0.0,,
2010-07-22,335.0,224.0,0.0,,
2010-07-23,334.0,209.0,0.0,,
2010-07-24,342.0,211.0,0.0,,
2010-07-25,342.0,230.0,2.0,,
2010-07-26,340.0,212.0,458.0,,
2010-07-27,314.0,212.0,0.0,,
2010-07-28,306.0,218.0,0.0,,
2010-07-29,331.0,227.0,71.0,,
2010-07-30,332.0,221.0,0.0,,
2010-07-31,346.0,227.0,0.0,,
2010-08-01,341.0,235.0,0.0,,
2010-08-02,352.0,222.0,0.0,,
2010-08-03,373.0,247.0,0.0,,
2010-08-04,370.0,244.0,0.0,,
2010-08-05,355.0,237.0,0.0,,
2010-08-06,308.0,224.0,0.0,,
2010-08-07,331.0,213.0,0.0,,
2010-08-08,340.0,222.0,0.0,,
2010-08-09,345.0,242.0,0.0,,
2010-08-10,349.0,235.0,64.0,,
2010-08-11,351.0,233.0,0.0,,
2010-08-12,354.0,235.0,2.0,,
2010-08-13,359.0,228.0,0.0,,
2010-08-14,360.0,235.0,0.0,,
2010-08-15,369.0,243.0,0.0,,
2010-08-16,323.0,221.0,0.0,,
2010-08-17,331.0,216.0,78.0,,
2010-08-18,317.0,244.0,3.0,,
2010-08-19,343.0,223.0,0.0,,
2010-08-20,345.0,220.0,0.0,,
2010-08-21,355.0,254.0,27.0,,
2010-08-22,335.0,211.0,362.0,,
2010-08-23,324.0,191.0,0.0,,
2010-08-24,305.0,162.0,0.0,,
2010-08-25,298.0,170.0,0.0,,
2010-08-26,302.0,161.0,0.0,,
2010-08-27,312.0,133.0,0.0,,
2010-08-28,318.0,184.0,0.0,,
2010-08-29,259.0,210.0,45.0,,
2010-08-30,292.0,217.0,62.0,,
2010-08-31,312.0,198.0,0.0,,
2010-09-01,319.0,191.0,0.0,,
2010-09-02,329.0,168.0,0.0,,
2010-09-03,279.0,132.0,0.0,,
2010-09-04,267.0,91.0,0.0,,
2010-09-05,292.0,77.0,0.0,,
2010-09-06,334.0,96.0,0.0,,
2010-09-07,324.0,194.0,7.0,,
2010-09-08,274.0,212.0,7.0,,
2010-09-09,314.0,217.0,0.0,,
2010-09-10,333.0,241.0,11.0,,
2010-09-11,315.0,204.0,47.0,,
2010-09-12,290.0,116.0,0.0,,
2010-09-13,305.0,96.0,0.0,,
2010-09-14,326.0,118.0,0.0,,
2010-09-15,344.0,157.0,0.0,,
2010-09-16,334.0,181.0,0.0,,
2010-09-17,321.0,151.0,0.0,,
2010-09-18,345.0,125.0,0.0,,
2010-09-19,352.0,109.0,0.0,,
2010-09-20,359.0,140.0,0.0,,
2010-09-21,351.0,146.0,0.0,,
2010-09-22,344.0,159.0,0.0,,
2010-09-23,339.0,172.0,0.0,,
2010-09-24,333.0,212.0,0.0,,
2010-09-25,257.0,178.0,118.0,,
2010-09-26,240.0,116.0,0.0,,
2010-09-27,241.0,89.0,0.0,,
2010-09-28,238.0,61.0,0.0,,
2010-09-29,264.0,70.0,0.0,,
2010-09-30,280.0,56.0,0.0,,
2010-10-01,259.0,65.0,0.0,,
2010-10-02,258.0,29.0,0.0,,
2010-10-03,186.0,30.0,0.0,,
2010-10-04,191.0,-8.0,0.0,,
2010-10-05,225.0,-10.0,0.0,,
2010-10-06,248.0,2.0,0.0,,
2010-10-07,297.0,36.0,0.0,,
2010-10-08,303.0,73.0,0.0,,
2010-10-09,310.0,68.0,0.0,,
2010-10-10,318.0,81.0,0.0,,
2010-10-11,307.0,119.0,0.0,,
2010-10-12,272.0,94.0,21.0,,
2010-10-13,264.0,83.0,0.0,,
2010-10-14,224.0,43.0,0.0,,
2010-10-15,251.0,36.0,0.0,,
2010-10-16,254.0,1.0,0.0,,
2010-10-17,283.0,11.0,0.0,,
2010-10-18,291.0,77.0,0.0,,
2010-10-19,233.0,96.0,11.0,,
2010-10-20,236.0,55.0,0.0,,
2010-10-21,271.0,46.0,0.0,,
2010-10-22,277.0,43.0,0.0,,
2010-10-23,286.0,77.0,0.0,,
2010-10-24,255.0,160.0,325.0,,
2010-10-25,266.0,127.0,3.0,,
2010-10-26,254.0,147.0,110.0,,
2010-10-27,274.0,95.0,0.0,,
2010-10-28,175.0,43.0,0.0,,
2010-10-29,170.0,-10.0,0.0,,
2010-10-30,206.0,-24.0,0.0,,
2010-10-31,242.0,16.0,0.0,,
2010-11-01,256.0,50.0,0.0,,
2010-11-02,161.0,107.0,440.0,,
2010-11-03,142.0,106.0,41.0,,
2010-11-04,153.0,27.0,0.0,,
2010-11-05,119.0,-28.0,0.0,,
2010-11-06,128.0,-46.0,0.0,,
2010-11-07,173.0,-30.0,0.0,,
2010-11-08,218.0,-14.0,0.0,,
2010-11-09,236.0,1.0,0.0,,
2010-11-10,242.0,22.0,0.0,,
2010-11-11,252.0,16.0,0.0,,
2010-11-12,252.0,13.0,0.0,,
2010-11-13,197.0,74.0,32.0,,
2010-11-14,132.0,-17.0,0.0,,
2010-11-15,125.0,-24.0,0.0,,
2010-11-16,95.0,15.0,210.0,,
2010-11-17,166.0,-8.0,6.0,,
2010-11-18,145.0,73.0,28.0,,
2010-11-19,160.0,19.0,0.0,,
2010-11-20,207.0,11.0,0.0,,
2010-11-21,228.0,54.0,0.0,,
2010-11-22,252.0,145.0,0.0,,
2010-11-23,210.0,102.0,120.0,,
2010-11-24,233.0,100.0,15.0,,
2010-11-25,228.0,38.0,319.0,,
2010-11-26,62.0,-34.0,19.0,,
2010-11-27,144.0,-40.0,0.0,,
2010-11-28,147.0,-36.0,0.0,,
2010-11-29,171.0,71.0,186.0,,
2010-11-30,147.0,-23.0,4.0,,
2010-12-01,81.0,-44.0,0.0,,
2010-12-02,155.0,-55.0,0.0,,
2010-12-03,160.0,-15.0,0.0,,
2010-12-04,177.0,24.0,0.0,,
2010-12-05,39.0,-49.0,0.0,,
2010-12-06,30.0,-89.0,0.0,,
2010-12-07,53.0,-85.0,0.0,,
2010-12-08,40.0,-89.0,0.0,,
2010-12-09,67.0,-105.0,0.0,,
2010-12-10,87.0,-34.0,0.0,,
2010-12-11,129.0,22.0,405.0,,
2010-12-12,21.0,-55.0,0.0,,
2010-12-13,-14.0,-114.0,0.0,,
2010-12-14,11.0,-124.0,0.0,,
2010-12-15,68.0,-12.0,26.0,,
2010-12-16,161.0,18.0,15.0,,
2010-12-17,65.0,-4.0,0.0,,
2010-12-18,66.0,-65.0,0.0,,
2010-12-19,96.0,-68.0,0.0,,
2010-12-20,114.0,-48.0,0.0,,
2010-12-21,190.0,110.0,0.0,,
2010-12-22,139.0,-19.0,0.0,,
2010-12-23,68.0,-26.0,0.0,,
2010-12-24,99.0,-44.0,6.0,,
2010-12-25,17.0,-2.0,14.0,,
2010-12-26,-1.0,-21.0,3.0,,
2010-12-27,45.0,-83.0,0.0,,
2010-12-28,84.0,-91.0,0.0,,
2010-12-29,111.0,39.0,15.0,,
2010-12-30,151.0,97.0,8.0,,
2010-12-31,197.0,142.0,35.0,,
2011-01-01,165.0,-37.0,77.0,,
2011-01-02,46.0,-85.0,0.0,,
2011-01-03,89.0,-106.0,0.0,,
2011-01-04,139.0,-11.0,0.0,,
2011-01-05,72.0,-20.0,48.0,,
2011-01-06,103.0,-48.0,0.0,,
2011-01-07,151.0,-17.0,0.0,,
2011-01-08,48.0,-65.0,0.0,,
2011-01-09,-8.0,-76.0,125.0,,
2011-01-10,7.0,-36.0,32.0,,
2011-01-11,7.0,-61.0,4.0,,
2011-01-12,-39.0,-147.0,0.0,,
2011-01-13,3.0,-175.0,0.0,,
2011-01-14,40.0,-126.0,0.0,,
2011-01-15,91.0,-48.0,0.0,,
2011-01-16,68.0,-39.0,0.0,,
2011-01-17,90.0,26.0,59.0,,
2011-01-18,103.0,39.0,9.0,,
2011-01-19,39.0,8.0,0.0,,
2011-01-20,23.0,-81.0,48.0,,
2011-01-21,,,4.0,,
2011-01-22,44.0,-72.0,0.0,,
2011-01-23,70.0,-35.0,0.0,,
2011-01-24,88.0,19.0,29.0,,
2011-01-25,66.0,1.0,241.0,,
2011-01-26,83.0,-31.0,0.0,,
2011-01-27,107.0,-38.0,0.0,,
2011-01-28,132.0,-8.0,0.0,,
2011-01-29,226.0,6.0,0.0,,
2011-01-30,150.0,65.0,21.0,,
2011-01-31,152.0,111.0,0.0,,
2011-02-01,159.0,-32.0,255.0,,
2011-02-02,-3.0,-59.0,0.0,,
2011-02-03,-7.0,-62.0,0.0,,
2011-02-04,45.0,-28.0,14.0,,
2011-02-05,22.0,-23.0,0.0,,
2011-02-06,140.0,-32.0,0.0,,
2011-02-07,45.0,-16.0,56.0,,
2011-02-08,38.0,-44.0,0.0,,
2011-02-09,-20.0,-80.0,55.0,,
2011-02-10,-10.0,-134.0,0.0,,
2011-02-11,48.0,-167.0,0.0,,
2011-02-12,130.0,-48.0,0.0,,
2011-02-13,187.0,13.0,0.0,,
2011-02-14,199.0,15.0,0.0,,
2011-02-15,203.0,25.0,0.0,,
2011-02-16,219.0,109.0,0.0,,
2011-02-17,191.0,110.0,0.0,,
2011-02-18,206.0,135.0,0.0,,
2011-02-19,243.0,111.0,0.0,,
2011-02-20,247.0,86.0,0.0,,
2011-02-22,128.0,-4.0,0.0,,
2011-02-23,154.0,-23.0,16.0,,
2011-02-24,238.0,98.0,312.0,,
2011-02-25,154.0,-16.0,0.0,,
2011-02-26,216.0,-34.0,0.0,,
2011-02-27,232.0,147.0,0.0,,
2011-02-28,226.0,30.0,116.0,,
2011-03-01,167.0,-11.0,0.0,,
2011-03-02,206.0,-34.0,0.0,,
2011-03-03,221.0,28.0,0.0,,
2011-03-04,197.0,141.0,104.0,,
2011-03-05,150.0,37.0,244.0,,
2011-03-06,50.0,22.0,0.0,,
2011-03-07,129.0,15.0,0.0,,
2011-03-08,127.0,53.0,236.0,,
2011-03-09,162.0,51.0,171.0,,
2011-03-10,79.0,-20.0,2.0,,
2011-03-11,173.0,-46.0,0.0,,
2011-03-12,220.0,22.0,0.0,,
2011-03-13,206.0,68.0,0.0,,
2011-03-14,169.0,68.0,34.0,,
2011-03-15,68.0,42.0,0.0,,
2011-03-16,188.0,-19.0,0.0,,
2011-03-17,268.0,83.0,0.0,,
2011-03-18,261.0,112.0,0.0,,
2011-03-19,254.0,120.0,0.0,,
2011-03-20,286.0,97.0,0.0,,
2011-03-21,259.0,135.0,0.0,,
2011-03-22,274.0,150.0,0.0,,
2011-03-23,258.0,154.0,0.0,,
2011-03-24,161.0,19.0,0.0,,
2011-03-25,169.0,7.0,0.0,,
2011-03-26,123.0,68.0,177.0,,
2011-03-27,74.0,42.0,104.0,,
2011-03-28,158.0,43.0,0.0,,
2011-03-29,166.0,39.0,4.0,,
2011-03-30,115.0,49.0,49.0,,
2011-03-31,149.0,29.0,10.0,,
2011-04-01,172.0,37.0,3.0,,
2011-04-02,233.0,7.0,0.0,,
2011-04-03,294.0,96.0,0.0,,
2011-04-04,233.0,49.0,185.0,,
2011-04-05,163.0,12.0,0.0,,
2011-04-06,239.0,22.0,0.0,,
2011-04-07,250.0,114.0,0.0,,
2011-04-08,288.0,178.0,0.0,,
2011-04-09,320.0,205.0,0.0,,
2011-04-10,319.0,193.0,0.0,,
2011-04-11,263.0,134.0,138.0,,
2011-04-12,223.0,61.0,0.0,,
2011-04-13,261.0,37.0,0.0,,
2011-04-14,271.0,81.0,0.0,,
2011-04-15,255.0,113.0,268.0,,
2011-04-16,139.0,26.0,0.0,,
2011-04-17,242.0,3.0,0.0,,
2011-04-18,251.0,115.0,0.0,,
2011-04-19,313.0,188.0,3.0,,
2011-04-20,205.0,130.0,282.0,,
2011-04-21,166.0,111.0,11.0,,
2011-04-22,283.0,156.0,0.0,,
2011-04-23,297.0,191.0,0.0,,
2011-04-24,294.0,191.0,0.0,,
2011-04-25,280.0,153.0,199.0,,
2011-04-26,278.0,150.0,993.0,,
2011-04-27,224.0,112.0,1110.0,,
2011-04-28,206.0,64.0,0.0,,
2011-04-29,256.0,69.0,0.0,,
2011-04-30,259.0,130.0,0.0,,
2011-05-01,248.0,175.0,9.0,,
2011-05-02,254.0,89.0,82.0,,
2011-05-03,170.0,48.0,167.0,,
2011-05-04,191.0,23.0,0.0,,
2011-05-05,204.0,16.0,0.0,,
2011-05-06,221.0,66.0,0.0,,
2011-05-07,264.0,72.0,2.0,,
2011-05-08,291.0,140.0,0.0,,
2011-05-09,311.0,170.0,0.0,,
2011-05-10,313.0,177.0,0.0,,
2011-05-11,309.0,160.0,0.0,,
2011-05-12,301.0,173.0,0.0,,
2011-05-13,262.0,143.0,440.0,,
2011-05-14,158.0,125.0,0.0,,
2011-05-15,156.0,78.0,0.0,,
2011-05-16,157.0,41.0,0.0,,
2011-05-17,194.0,21.0,0.0,,
2011-05-18,217.0,30.0,0.0,,
2011-05-19,273.0,124.0,0.0,,
2011-05-20,293.0,161.0,0.0,,
2011-05-21,300.0,158.0,0.0,,
2011-05-22,266.0,191.0,35.0,,
2011-05-23,286.0,174.0,0.0,,
2011-05-24,300.0,180.0,0.0,,
2011-05-25,307.0,200.0,0.0,,
2011-05-26,241.0,133.0,0.0,,
2011-05-27,234.0,119.0,0.0,,
2011-05-28,322.0,136.0,0.0,,
2011-05-29,320.0,185.0,0.0,,
2011-05-30,324.0,187.0,0.0,,
2011-05-31,327.0,193.0,0.0,,
2011-06-01,328.0,172.0,0.0,,
2011-06-02,338.0,175.0,0.0,,
2011-06-03,340.0,192.0,0.0,,
2011-06-04,341.0,201.0,0.0,,
2011-06-05,344.0,186.0,0.0,,
2011-06-06,340.0,180.0,0.0,,
2011-06-07,349.0,176.0,0.0,,
2011-06-08,328.0,189.0,0.0,,
2011-06-09,328.0,186.0,0.0,,
2011-06-10,331.0,173.0,0.0,,
2011-06-11,338.0,170.0,11.0,,
2011-06-12,312.0,184.0,0.0,,
2011-06-13,326.0,170.0,4.0,,
2011-06-14,335.0,148.0,0.0,,
2011-06-15,338.0,191.0,0.0,,
2011-06-16,335.0,158.0,140.0,,
2011-06-17,293.0,189.0,414.0,,
2011-06-18,318.0,225.0,0.0,,
2011-06-19,325.0,256.0,0.0,,
2011-06-20,329.0,246.0,0.0,,
2011-06-21,280.0,203.0,355.0,,
2011-06-22,284.0,203.0,5.0,,
2011-06-23,311.0,217.0,0.0,,
2011-06-24,308.0,197.0,0.0,,
2011-06-25,322.0,191.0,0.0,,
2011-06-26,328.0,224.0,0.0,,
2011-06-27,316.0,227.0,0.0,,
2011-06-28,277.0,203.0,227.0,,
2011-06-29,309.0,190.0,0.0,,
2011-06-30,312.0,174.0,0.0,,
2011-07-01,321.0,147.0,0.0,,
2011-07-02,330.0,174.0,0.0,,
2011-07-03,334.0,186.0,0.0,,
2011-07-04,336.0,204.0,4.0,,
2011-07-05,311.0,218.0,0.0,,
2011-07-06,323.0,196.0,0.0,,
2011-07-07,292.0,222.0,0.0,,
2011-07-08,321.0,220.0,258.0,,
2011-07-09,328.0,203.0,0.0,,
2011-07-10,351.0,239.0,0.0,,
2011-07-11,359.0,233.0,0.0,,
2011-07-12,359.0,236.0,0.0,,
2011-07-13,339.0,220.0,0.0,,
2011-07-14,326.0,211.0,108.0,,
2011-07-15,327.0,214.0,0.0,,
2011-07-16,304.0,232.0,0.0,,
2011-07-17,310.0,215.0,6.0,,
2011-07-18,326.0,196.0,0.0,,
2011-07-19,336.0,203.0,0.0,,
2011-07-20,341.0,212.0,0.0,,
2011-07-21,347.0,217.0,38.0,,
2011-07-22,339.0,225.0,0.0,,
2011-07-23,323.0,223.0,0.0,,
2011-07-24,346.0,231.0,0.0,,
2011-07-25,319.0,220.0,0.0,,
2011-07-26,349.0,211.0,0.0,,
2011-07-27,360.0,203.0,0.0,,
2011-07-28,331.0,222.0,3.0,,
2011-07-29,316.0,235.0,8.0,,
2011-07-30,335.0,214.0,0.0,,
2011-07-31,354.0,219.0,0.0,,
2011-08-01,358.0,220.0,0.0,,
2011-08-02,371.0,194.0,0.0,,
2011-08-03,398.0,208.0,0.0,,
2011-08-04,378.0,231.0,0.0,,
2011-08-05,335.0,217.0,35.0,,
2011-08-06,360.0,211.0,0.0,,
2011-08-07,373.0,250.0,0.0,,
2011-08-08,354.0,232.0,47.0,,
2011-08-09,322.0,206.0,17.0,,
2011-08-10,323.0,187.0,0.0,,
2011-08-11,321.0,225.0,21.0,,
2011-08-12,340.0,209.0,80.0,,
2011-08-13,313.0,209.0,0.0,,
2011-08-14,308.0,159.0,0.0,,
2011-08-15,290.0,128.0,0.0,,
2011-08-16,323.0,140.0,0.0,,
2011-08-17,336.0,206.0,4.0,,
2011-08-18,283.0,179.0,84.0,,
2011-08-19,327.0,166.0,0.0,,
2011-08-20,337.0,198.0,13.0,,
2011-08-21,326.0,219.0,37.0,,
2011-08-22,351.0,211.0,0.0,,
2011-08-23,352.0,207.0,0.0,,
2011-08-24,299.0,193.0,0.0,,
2011-08-25,345.0,167.0,0.0,,
2011-08-26,331.0,183.0,0.0,,
2011-08-27,337.0,150.0,0.0,,
2011-08-28,334.0,159.0,0.0,,
2011-08-29,333.0,139.0,0.0,,
2011-08-30,352.0,151.0,0.0,,
2011-08-31,367.0,172.0,0.0,,
2011-09-01,372.0,212.0,0.0,,
2011-09-02,365.0,200.0,2.0,,
2011-09-03,351.0,182.0,0.0,,
2011-09-04,248.0,190.0,123.0,,
2011-09-05,221.0,151.0,0.0,,
2011-09-06,241.0,79.0,0.0,,
2011-09-07,254.0,67.0,0.0,,
2011-09-08,257.0,61.0,0.0,,
2011-09-09,286.0,65.0,0.0,,
2011-09-10,298.0,92.0,0.0,,
2011-09-11,300.0,145.0,109.0,,
2011-09-12,317.0,127.0,0.0,,
2011-09-13,328.0,144.0,0.0,,
2011-09-14,304.0,167.0,0.0,,
2011-09-15,230.0,93.0,0.0,,
2011-09-16,242.0,87.0,0.0,,
2011-09-17,282.0,112.0,0.0,,
2011-09-18,245.0,190.0,4.0,,
2011-09-19,224.0,188.0,908.0,,
2011-09-20,257.0,162.0,0.0,,
2011-09-21,279.0,150.0,0.0,,
2011-09-22,290.0,138.0,40.0,,
2011-09-23,238.0,97.0,0.0,,
2011-09-24,258.0,95.0,4.0,,
2011-09-25,287.0,160.0,76.0,,
2011-09-26,226.0,88.0,3.0,,
2011-09-27,267.0,83.0,0.0,,
2011-09-28,278.0,102.0,0.0,,
2011-09-29,303.0,112.0,0.0,,
2011-09-30,230.0,59.0,0.0,,
2011-10-01,195.0,35.0,0.0,,
2011-10-02,214.0,11.0,0.0,,
2011-10-03,239.0,2.0,0.0,,
2011-10-04,260.0,33.0,0.0,,
2011-10-05,276.0,57.0,0.0,,
2011-10-06,285.0,81.0,0.0,,
2011-10-07,278.0,100.0,0.0,,
2011-10-08,274.0,117.0,0.0,,
2011-10-09,272.0,109.0,0.0,,
2011-10-10,257.0,111.0,0.0,,
2011-10-11,256.0,111.0,0.0,,
2011-10-12,197.0,105.0,71.0,,
2011-10-13,235.0,91.0,3.0,,
2011-10-14,260.0,52.0,0.0,,
2011-10-15,244.0,54.0,0.0,,
2011-10-16,294.0,66.0,0.0,,
2011-10-17,293.0,111.0,0.0,,
2011-10-18,189.0,75.0,50.0,,
2011-10-19,92.0,38.0,0.0,,
2011-10-20,149.0,1.0,0.0,,
2011-10-21,176.0,-28.0,0.0,,
2011-10-22,222.0,-10.0,0.0,,
2011-10-23,152.0,35.0,10.0,,
2011-10-24,214.0,54.0,0.0,,
2011-10-25,257.0,36.0,0.0,,
2011-10-26,262.0,130.0,0.0,,
2011-10-27,194.0,89.0,19.0,,
2011-10-28,125.0,-12.0,177.0,,
2011-10-29,166.0,-26.0,0.0,,
2011-10-30,182.0,-29.0,0.0,,
2011-10-31,200.0,-7.0,0.0,,
2011-11-01,210.0,-10.0,0.0,,
2011-11-02,216.0,28.0,0.0,,
2011-11-03,163.0,69.0,72.0,,
2011-11-04,123.0,38.0,0.0,,
2011-11-05,204.0,7.0,0.0,,
2011-11-06,199.0,75.0,0.0,,
2011-11-07,239.0,96.0,0.0,,
2011-11-08,251.0,112.0,0.0,,
2011-11-09,203.0,-1.0,0.0,,
2011-11-10,136.0,-32.0,0.0,,
2011-11-11,184.0,-47.0,0.0,,
2011-11-12,186.0,34.0,0.0,,
2011-11-13,240.0,143.0,0.0,,
2011-11-14,261.0,181.0,0.0,,
2011-11-15,254.0,157.0,0.0,,
2011-11-16,183.0,71.0,111.0,,
2011-11-17,109.0,-50.0,0.0,,
2011-11-18,143.0,-69.0,0.0,,
2011-11-19,212.0,66.0,0.0,,
2011-11-20,209.0,143.0,14.0,,
2011-11-21,187.0,159.0,186.0,,
2011-11-22,197.0,119.0,122.0,,
2011-11-23,120.0,82.0,0.0,,
2011-11-24,160.0,9.0,0.0,,
2011-11-25,195.0,-4.0,0.0,,
2011-11-26,227.0,133.0,289.0,,
2011-11-27,134.0,37.0,233.0,,
2011-11-28,38.0,2.0,111.0,,
2011-11-29,39.0,-20.0,27.0,,
2011-11-30,83.0,-52.0,0.0,,
2011-12-01,138.0,-77.0,0.0,,
2011-12-02,171.0,-32.0,0.0,,
2011-12-03,182.0,23.0,0.0,,
2011-12-04,169.0,117.0,123.0,,
2011-12-05,157.0,29.0,638.0,,
2011-12-06,35.0,17.0,3.0,,
2011-12-07,26.0,-31.0,69.0,,
2011-12-08,76.0,-58.0,0.0,,
2011-12-10,69.0,-55.0,0.0,,
2011-12-11,99.0,-84.0,0.0,,
2011-12-12,140.0,-65.0,0.0,,
2011-12-13,133.0,32.0,0.0,,
2011-12-14,198.0,82.0,0.0,,
2011-12-15,190.0,100.0,94.0,,
2011-12-16,104.0,-20.0,112.0,,
2011-12-17,96.0,-50.0,0.0,,
2011-12-18,147.0,-47.0,0.0,,
2011-12-19,156.0,17.0,0.0,,
2011-12-20,180.0,61.0,241.0,,
2011-12-21,178.0,58.0,0.0,,
2011-12-22,90.0,61.0,228.0,,
2011-12-23,70.0,34.0,0.0,,
2011-12-24,99.0,-4.0,0.0,,
2011-12-25,110.0,-12.0,0.0,,
2011-12-26,93.0,-8.0,228.0,,
2011-12-27,112.0,-11.0,23.0,,
2011-12-28,113.0,-46.0,0.0,,
2011-12-29,148.0,-40.0,0.0,,
2011-12-30,159.0,62.0,0.0,,
2011-12-31,185.0,-17.0,0.0,,
2012-01-01,184.0,14.0,0.0,,
2012-01-02,56.0,-16.0,0.0,,
2012-01-03,42.0,-94.0,0.0,,
2012-01-04,118.0,-37.0,0.0,,
2012-01-05,154.0,-51.0,0.0,,
2012-01-06,201.0,-28.0,0.0,,
2012-01-07,161.0,99.0,280.0,,
2012-01-08,132.0,71.0,9.0,,
2012-01-09,110.0,79.0,0.0,,
2012-01-10,148.0,89.0,173.0,,
2012-01-11,132.0,66.0,3.0,,
2012-01-12,86.0,-32.0,3.0,,
2012-01-13,42.0,-61.0,0.0,,
2012-01-14,130.0,-63.0,0.0,,
2012-01-15,126.0,-49.0,0.0,,
2012-01-16,179.0,85.0,2.0,,
2012-01-17,198.0,-3.0,115.0,,
2012-01-18,55.0,-40.0,0.0,,
2012-01-19,149.0,-43.0,5.0,,
2012-01-20,197.0,77.0,17.0,,
2012-01-21,194.0,18.0,146.0,,
2012-01-22,200.0,26.0,141.0,,
2012-01-23,157.0,-7.0,12.0,,
2012-01-24,162.0,-34.0,0.0,,
2012-01-25,189.0,72.0,56.0,,
2012-01-26,172.0,59.0,20.0,,
2012-01-27,139.0,-3.0,0.0,,
2012-01-28,97.0,-56.0,0.0,,
2012-01-29,142.0,-70.0,0.0,,
2012-01-30,182.0,-23.0,0.0,,
2012-01-31,207.0,77.0,0.0,,
2012-02-01,213.0,63.0,85.0,,
2012-02-02,196.0,49.0,0.0,,
2012-02-03,134.0,91.0,0.0,,
2012-02-04,158.0,85.0,210.0,,
2012-02-05,95.0,32.0,0.0,,
2012-02-06,126.0,-15.0,0.0,,
2012-02-07,142.0,-43.0,0.0,,
2012-02-08,81.0,11.0,0.0,,
2012-02-09,75.0,-26.0,0.0,,
2012-02-10,45.0,-25.0,35.0,,
2012-02-11,21.0,-91.0,0.0,,
2012-02-12,43.0,-99.0,0.0,,
2012-02-13,49.0,-89.0,63.0,,
2012-02-14,65.0,9.0,0.0,,
2012-02-15,138.0,-9.0,41.0,,
2012-02-16,126.0,38.0,0.0,,
2012-02-17,130.0,6.0,0.0,,
2012-02-18,121.0,-9.0,0.0,,
2012-02-19,107.0,-26.0,152.0,,
2012-02-20,139.0,-57.0,0.0,,
2012-02-21,172.0,31.0,0.0,,
2012-02-22,191.0,34.0,6.0,,
2012-02-23,271.0,93.0,0.0,,
2012-02-24,178.0,-16.0,0.0,,
2012-02-25,127.0,-54.0,0.0,,
2012-02-26,184.0,-32.0,0.0,,
2012-02-27,208.0,18.0,0.0,,
2012-02-28,214.0,31.0,0.0,,
2012-02-29,219.0,76.0,12.0,,
2012-03-01,244.0,5.0,0.0,,
2012-03-02,276.0,68.0,40.0,,
2012-03-03,146.0,-16.0,0.0,,
2012-03-04,162.0,-31.0,0.0,,
2012-03-05,142.0,14.0,0.0,,
2012-03-06,209.0,61.0,0.0,,
2012-03-07,223.0,104.0,0.0,,
2012-03-08,214.0,42.0,660.0,,
2012-03-09,157.0,2.0,3.0,,
2012-03-10,202.0,-7.0,0.0,,
2012-03-11,195.0,30.0,107.0,,
2012-03-12,233.0,156.0,19.0,,
2012-03-13,261.0,121.0,0.0,,
2012-03-14,282.0,108.0,0.0,,
2012-03-15,276.0,134.0,49.0,,
2012-03-16,254.0,121.0,5.0,,
2012-03-17,254.0,112.0,0.0,,
2012-03-18,279.0,124.0,0.0,,
2012-03-19,277.0,148.0,0.0,,
2012-03-20,285.0,126.0,0.0,,
2012-03-21,238.0,182.0,6.0,,
2012-03-22,188.0,117.0,300.0,,
2012-03-23,222.0,115.0,0.0,,
2012-03-24,226.0,63.0,0.0,,
2012-03-25,243.0,78.0,0.0,,
2012-03-26,260.0,67.0,0.0,,
2012-03-27,282.0,99.0,0.0,,
2012-03-28,282.0,120.0,0.0,,
2012-03-29,272.0,108.0,0.0,,
2012-03-30,232.0,130.0,136.0,,
2012-03-31,290.0,127.0,0.0,,
2012-04-01,297.0,138.0,0.0,,
2012-04-02,296.0,153.0,0.0,,
2012-04-03,273.0,124.0,0.0,,
2012-04-04,261.0,128.0,0.0,,
2012-04-05,205.0,119.0,0.0,,
2012-04-06,204.0,42.0,0.0,,
2012-04-07,237.0,17.0,0.0,,
2012-04-08,212.0,57.0,0.0,,
2012-04-09,240.0,10.0,0.0,,
2012-04-10,228.0,56.0,0.0,,
2012-04-11,189.0,17.0,0.0,,
2012-04-12,199.0,-15.0,0.0,,
2012-04-13,251.0,53.0,0.0,,
2012-04-14,282.0,145.0,0.0,,
2012-04-15,292.0,171.0,0.0,,
2012-04-16,233.0,128.0,128.0,,
2012-04-17,155.0,69.0,3.0,,
2012-04-18,235.0,42.0,0.0,,
2012-04-19,256.0,35.0,0.0,,
2012-04-20,260.0,105.0,793.0,,
2012-04-21,154.0,46.0,19.0,,
2012-04-22,195.0,15.0,7.0,,
2012-04-23,171.0,33.0,0.0,,
2012-04-24,233.0,19.0,0.0,,
2012-04-25,290.0,164.0,0.0,,
2012-04-26,271.0,178.0,0.0,,
2012-04-27,262.0,170.0,0.0,,
2012-04-28,286.0,167.0,0.0,,
2012-04-29,285.0,153.0,0.0,,
2012-04-30,293.0,135.0,0.0,,
2012-05-01,299.0,157.0,0.0,,
2012-05-02,313.0,173.0,0.0,,
2012-05-03,286.0,170.0,0.0,,
2012-05-04,313.0,192.0,0.0,,
2012-05-05,317.0,193.0,0.0,,
2012-05-06,325.0,179.0,234.0,,
2012-05-07,235.0,162.0,190.0,,
2012-05-08,255.0,154.0,3.0,,
2012-05-09,250.0,94.0,7.0,,
2012-05-10,242.0,71.0,0.0,,
2012-05-11,243.0,76.0,0.0,,
2012-05-12,219.0,162.0,21.0,,
2012-05-13,200.0,124.0,5.0,,
2012-05-14,255.0,111.0,0.0,,
2012-05-15,269.0,112.0,0.0,,
2012-05-16,288.0,106.0,0.0,,
2012-05-17,300.0,122.0,296.0,,
2012-05-18,303.0,130.0,0.0,,
2012-05-19,299.0,146.0,0.0,,
2012-05-20,306.0,136.0,77.0,,
2012-05-21,275.0,142.0,79.0,,
2012-05-22,246.0,101.0,0.0,,
2012-05-23,277.0,83.0,0.0,,
2012-05-24,310.0,150.0,0.0,,
2012-05-25,314.0,188.0,0.0,,
2012-05-26,319.0,169.0,0.0,,
2012-05-27,321.0,155.0,0.0,,
2012-05-28,324.0,176.0,0.0,,
2012-05-29,326.0,183.0,0.0,,
2012-05-30,312.0,130.0,0.0,,
2012-05-31,274.0,127.0,39.0,,
2012-06-01,210.0,110.0,0.0,,
2012-06-02,246.0,92.0,0.0,,
2012-06-03,308.0,147.0,11.0,,
2012-06-04,282.0,186.0,235.0,,
2012-06-05,274.0,150.0,0.0,,
2012-06-06,265.0,110.0,0.0,,
2012-06-07,273.0,110.0,0.0,,
2012-06-08,299.0,143.0,0.0,,
2012-06-09,277.0,162.0,0.0,,
2012-06-10,276.0,203.0,0.0,,
2012-06-11,303.0,183.0,142.0,,
2012-06-12,271.0,170.0,43.0,,
2012-06-13,282.0,136.0,0.0,,
2012-06-14,306.0,121.0,0.0,,
2012-06-15,310.0,162.0,0.0,,
2012-06-16,308.0,177.0,95.0,,
2012-06-17,302.0,165.0,0.0,,
2012-06-18,311.0,167.0,0.0,,
2012-06-19,318.0,181.0,0.0,,
2012-06-20,315.0,174.0,0.0,,
2012-06-21,312.0,159.0,0.0,,
2012-06-22,317.0,153.0,0.0,,
2012-06-23,330.0,167.0,0.0,,
2012-06-24,345.0,152.0,0.0,,
2012-06-25,349.0,168.0,0.0,,
2012-06-26,312.0,121.0,0.0,,
2012-06-27,344.0,94.0,0.0,,
2012-06-28,377.0,141.0,0.0,,
2012-06-29,379.0,185.0,0.0,,
2012-06-30,370.0,187.0,0.0,,
2012-07-01,363.0,205.0,0.0,,
2012-07-02,351.0,194.0,0.0,,
2012-07-03,346.0,166.0,0.0,,
2012-07-04,367.0,203.0,0.0,,
2012-07-05,374.0,207.0,0.0,,
2012-07-06,373.0,209.0,17.0,,
2012-07-07,359.0,206.0,0.0,,
2012-07-08,301.0,212.0,80.0,,
2012-07-09,293.0,217.0,27.0,,
2012-07-10,317.0,197.0,22.0,,
2012-07-11,278.0,216.0,4.0,,
2012-07-12,257.0,216.0,0.0,,
2012-07-13,299.0,211.0,2.0,,
2012-07-14,280.0,205.0,222.0,,
2012-07-15,307.0,211.0,0.0,,
2012-07-16,323.0,208.0,0.0,,
2012-07-17,320.0,205.0,3.0,,
2012-07-18,342.0,210.0,103.0,,
2012-07-19,350.0,205.0,44.0,,
2012-07-20,346.0,227.0,0.0,,
2012-07-21,323.0,224.0,20.0,,
2012-07-22,323.0,219.0,0.0,,
2012-07-23,334.0,218.0,0.0,,
2012-07-24,340.0,212.0,0.0,,
2012-07-25,346.0,229.0,0.0,,
2012-07-26,340.0,227.0,42.0,,
2012-07-27,308.0,217.0,0.0,,
2012-07-28,350.0,189.0,0.0,,
2012-07-29,329.0,162.0,0.0,,
2012-07-30,365.0,205.0,9.0,,
2012-07-31,337.0,211.0,16.0,,
2012-08-01,357.0,185.0,0.0,,
2012-08-02,352.0,218.0,0.0,,
2012-08-03,326.0,241.0,64.0,,
2012-08-04,354.0,247.0,0.0,,
2012-08-05,329.0,232.0,59.0,,
2012-08-06,346.0,213.0,0.0,,
2012-08-07,349.0,204.0,0.0,,
2012-08-08,356.0,187.0,0.0,,
2012-08-09,335.0,213.0,33.0,,
2012-08-10,319.0,160.0,0.0,,
2012-08-11,294.0,132.0,0.0,,
2012-08-12,322.0,113.0,0.0,,
2012-08-13,314.0,192.0,236.0,,
2012-08-14,286.0,174.0,0.0,,
2012-08-15,304.0,166.0,0.0,,
2012-08-16,342.0,194.0,0.0,,
2012-08-17,279.0,210.0,47.0,,
2012-08-18,249.0,180.0,0.0,,
2012-08-19,289.0,149.0,0.0,,
2012-08-20,305.0,142.0,0.0,,
2012-08-21,309.0,118.0,0.0,,
2012-08-22,326.0,122.0,0.0,,
2012-08-23,332.0,140.0,0.0,,
2012-08-24,330.0,144.0,0.0,,
2012-08-25,233.0,185.0,62.0,,
2012-08-26,317.0,200.0,0.0,,
2012-08-27,345.0,178.0,0.0,,
2012-08-28,347.0,206.0,0.0,,
2012-08-29,352.0,215.0,0.0,,
2012-08-30,288.0,240.0,65.0,,
2012-08-31,324.0,244.0,0.0,,
2012-09-01,326.0,212.0,74.0,,
2012-09-02,334.0,226.0,336.0,,
2012-09-03,337.0,225.0,0.0,,
2012-09-04,323.0,207.0,0.0,,
2012-09-05,342.0,203.0,74.0,,
2012-09-06,335.0,213.0,6.0,,
2012-09-07,333.0,195.0,33.0,,
2012-09-08,247.0,117.0,60.0,,
2012-09-09,270.0,90.0,0.0,,
2012-09-10,269.0,105.0,0.0,,
2012-09-11,287.0,100.0,0.0,,
2012-09-12,282.0,142.0,0.0,,
2012-09-13,297.0,169.0,0.0,,
2012-09-14,287.0,165.0,0.0,,
2012-09-15,279.0,160.0,0.0,,
2012-09-16,291.0,194.0,53.0,,
2012-09-17,220.0,192.0,349.0,,
2012-09-18,216.0,77.0,2.0,,
2012-09-19,229.0,51.0,0.0,,
2012-09-20,262.0,56.0,0.0,,
2012-09-21,266.0,97.0,0.0,,
2012-09-22,277.0,114.0,0.0,,
2012-09-23,218.0,72.0,0.0,,
2012-09-24,231.0,45.0,0.0,,
2012-09-25,291.0,152.0,0.0,,
2012-09-26,287.0,166.0,0.0,,
2012-09-27,297.0,143.0,0.0,,
2012-09-28,294.0,145.0,0.0,,
2012-09-29,254.0,159.0,0.0,,
2012-09-30,180.0,133.0,308.0,,
2012-10-01,174.0,132.0,373.0,,
2012-10-02,222.0,79.0,0.0,,
2012-10-03,244.0,66.0,0.0,,
2012-10-04,272.0,117.0,0.0,,
2012-10-05,269.0,94.0,0.0,,
2012-10-06,146.0,65.0,176.0,,
2012-10-07,143.0,67.0,17.0,,
2012-10-08,151.0,31.0,36.0,,
2012-10-09,188.0,9.0,0.0,,
2012-10-10,189.0,46.0,0.0,,
2012-10-11,162.0,51.0,70.0,,
2012-10-12,246.0,141.0,0.0,,
2012-10-13,274.0,183.0,0.0,,
2012-10-14,244.0,129.0,70.0,,
2012-10-15,230.0,72.0,0.0,,
2012-10-16,234.0,71.0,0.0,,
2012-10-17,257.0,122.0,556.0,,
2012-10-18,210.0,66.0,0.0,,
2012-10-19,188.0,58.0,0.0,,
2012-10-20,212.0,27.0,0.0,,
2012-10-21,263.0,63.0,0.0,,
2012-10-22,269.0,112.0,0.0,,
2012-10-23,263.0,93.0,0.0,,
2012-10-24,267.0,120.0,0.0,,
2012-10-25,262.0,143.0,0.0,,
2012-10-26,179.0,58.0,97.0,,
2012-10-27,133.0,40.0,0.0,,
2012-10-28,138.0,16.0,0.0,,
2012-10-29,134.0,-11.0,0.0,,
2012-10-30,154.0,-11.0,0.0,,
2012-10-31,179.0,-10.0,0.0,,
2012-11-01,192.0,-11.0,0.0,,
2012-11-02,247.0,31.0,0.0,,
2012-11-03,278.0,60.0,49.0,,
2012-11-04,158.0,6.0,0.0,,
2012-11-05,123.0,-2.0,8.0,,
2012-11-06,122.0,20.0,0.0,,
2012-11-07,117.0,-20.0,0.0,,
2012-11-08,155.0,-37.0,0.0,,
2012-11-10,230.0,73.0,0.0,,
2012-11-11,235.0,133.0,150.0,,
2012-11-12,166.0,-27.0,173.0,,
2012-11-13,114.0,-55.0,0.0,,
2012-11-14,108.0,-26.0,0.0,,
2012-11-15,144.0,-41.0,0.0,,
2012-11-16,158.0,-39.0,0.0,,
2012-11-17,176.0,-41.0,0.0,,
2012-11-18,186.0,-31.0,0.0,,
2012-11-19,195.0,-12.0,0.0,,
2012-11-20,216.0,45.0,0.0,,
2012-11-21,197.0,13.0,0.0,,
2012-11-22,209.0,-10.0,0.0,,
2012-11-23,162.0,39.0,9.0,,
2012-11-24,78.0,-49.0,0.0,,
2012-11-25,147.0,-64.0,0.0,,
2012-11-26,124.0,18.0,84.0,,
2012-11-27,78.0,-44.0,0.0,,
2012-11-28,115.0,-73.0,0.0,,
2012-11-29,160.0,-56.0,0.0,,
2012-11-30,177.0,-4.0,0.0,,
2012-12-01,214.0,36.0,0.0,,
2012-12-02,214.0,139.0,0.0,,
2012-12-03,236.0,134.0,0.0,,
2012-12-04,232.0,123.0,19.0,,
2012-12-05,177.0,55.0,0.0,,
2012-12-06,164.0,50.0,0.0,,
2012-12-07,193.0,128.0,0.0,,
2012-12-08,183.0,146.0,32.0,,
2012-12-09,228.0,150.0,197.0,,
2012-12-10,151.0,4.0,252.0,,
2012-12-11,73.0,-49.0,0.0,,
2012-12-12,107.0,-75.0,0.0,,
2012-12-13,148.0,-75.0,0.0,,
2012-12-14,151.0,-59.0,15.0,,
2012-12-15,160.0,88.0,82.0,,
2012-12-16,164.0,140.0,92.0,,
2012-12-17,177.0,-3.0,7.0,,
2012-12-18,166.0,-26.0,0.0,,
2012-12-19,210.0,36.0,0.0,,
2012-12-20,184.0,26.0,151.0,,
2012-12-21,80.0,-55.0,0.0,,
2012-12-22,151.0,-75.0,0.0,,
2012-12-23,131.0,55.0,52.0,,
2012-12-24,150.0,67.0,57.0,,
2012-12-25,72.0,22.0,188.0,,
2012-12-26,31.0,-9.0,20.0,,
2012-12-27,54.0,-31.0,0.0,,
2012-12-28,49.0,-2.0,361.0,,
2012-12-29,20.0,-66.0,0.0,,
2012-12-30,57.0,-90.0,0.0,,
2012-12-31,74.0,-9.0,89.0,,
2013-01-01,69.0,1.0,144.0,,
2013-01-02,6.0,-34.0,0.0,,
2013-01-03,66.0,-68.0,0.0,,
2013-01-04,91.0,-74.0,0.0,,
2013-01-05,69.0,-54.0,0.0,,
2013-01-06,108.0,-28.0,0.0,,
2013-01-07,118.0,-64.0,0.0,,
2013-01-08,154.0,-44.0,0.0,,
2013-01-09,130.0,109.0,236.0,,
2013-01-10,196.0,130.0,110.0,,
2013-01-11,203.0,113.0,17.0,,
2013-01-12,222.0,181.0,53.0,,
2013-01-13,208.0,-5.0,970.0,,
2013-01-14,-5.0,-31.0,24.0,,
2013-01-15,-4.0,-33.0,75.0,,
2013-01-16,1.0,-14.0,0.0,,
2013-01-17,87.0,-25.0,0.0,,
2013-01-18,118.0,-64.0,0.0,,
2013-01-19,145.0,-16.0,0.0,,
2013-01-20,155.0,-20.0,0.0,,
2013-01-21,65.0,-63.0,0.0,,
2013-01-22,48.0,-83.0,0.0,,
2013-01-23,109.0,-46.0,0.0,,
2013-01-24,75.0,22.0,0.0,,
2013-01-25,95.0,-16.0,32.0,,
2013-01-26,126.0,-25.0,0.0,,
2013-01-27,171.0,69.0,0.0,,
2013-01-28,212.0,130.0,7.0,,
2013-01-29,240.0,145.0,8.0,,
2013-01-30,207.0,-2.0,471.0,,
2013-01-31,119.0,-34.0,0.0,,
2013-02-01,27.0,-58.0,0.0,,
2013-02-02,100.0,-55.0,19.0,,
2013-02-03,131.0,-32.0,0.0,,
2013-02-04,132.0,-21.0,5.0,,
2013-02-05,182.0,5.0,0.0,,
2013-02-06,173.0,-14.0,0.0,,
2013-02-07,194.0,90.0,11.0,,
2013-02-08,128.0,-24.0,161.0,,
2013-02-09,125.0,-43.0,0.0,,
2013-02-10,156.0,93.0,271.0,,
2013-02-11,139.0,46.0,0.0,,
2013-02-12,105.0,12.0,16.0,,
2013-02-13,59.0,-14.0,24.0,,
2013-02-14,162.0,-10.0,0.0,,
2013-02-15,121.0,-31.0,0.0,,
2013-02-16,45.0,-69.0,0.0,,
2013-02-17,123.0,-57.0,0.0,,
2013-02-18,145.0,41.0,287.0,,
2013-02-19,99.0,-44.0,0.0,,
2013-02-20,32.0,-56.0,3.0,,
2013-02-21,90.0,-1.0,147.0,,
2013-02-22,114.0,27.0,0.0,,
2013-02-23,111.0,-25.0,0.0,,
2013-02-24,153.0,-41.0,0.0,,
2013-02-25,143.0,55.0,162.0,,
2013-02-26,121.0,44.0,6.0,,
2013-02-27,85.0,21.0,0.0,,
2013-02-28,52.0,-29.0,0.0,,
2013-03-01,31.0,-26.0,0.0,,
2013-03-02,15.0,-12.0,2.0,,
2013-03-03,82.0,-86.0,0.0,,
2013-03-04,197.0,-26.0,0.0,,
2013-03-05,155.0,21.0,28.0,,
2013-03-06,65.0,-35.0,0.0,,
2013-03-07,116.0,-48.0,0.0,,
2013-03-08,184.0,-39.0,0.0,,
2013-03-09,208.0,43.0,0.0,,
2013-03-10,183.0,107.0,625.0,,
2013-03-11,108.0,-20.0,33.0,,
2013-03-12,139.0,-47.0,0.0,,
2013-03-13,100.0,-34.0,0.0,,
2013-03-14,170.0,-61.0,0.0,,
2013-03-15,246.0,28.0,0.0,,
2013-03-16,241.0,85.0,0.0,,
2013-03-17,238.0,90.0,0.0,,
2013-03-18,196.0,23.0,131.0,,
2013-03-19,145.0,-18.0,0.0,,
2013-03-20,136.0,-15.0,0.0,,
2013-03-21,90.0,-40.0,35.0,,
2013-03-22,85.0,17.0,60.0,,
2013-03-23,108.0,72.0,158.0,,
2013-03-24,109.0,18.0,7.0,,
2013-03-25,39.0,0.0,0.0,,
2013-03-26,75.0,-50.0,0.0,,
2013-03-27,137.0,-72.0,0.0,,
2013-03-28,189.0,-21.0,0.0,,
2013-03-29,184.0,47.0,13.0,,
2013-03-30,141.0,103.0,153.0,,
2013-03-31,185.0,49.0,15.0,,
2013-04-01,208.0,29.0,0.0,,
2013-04-02,111.0,47.0,4.0,,
2013-04-03,91.0,54.0,28.0,,
2013-04-04,88.0,50.0,51.0,,
2013-04-05,195.0,36.0,4.0,,
2013-04-06,241.0,21.0,0.0,,
2013-04-07,232.0,113.0,0.0,,
2013-04-08,258.0,132.0,0.0,,
2013-04-09,270.0,148.0,2.0,,
2013-04-10,289.0,193.0,0.0,,
2013-04-11,234.0,50.0,894.0,,
2013-04-12,195.0,11.0,0.0,,
2013-04-13,238.0,30.0,0.0,,
2013-04-14,189.0,84.0,0.0,,
2013-04-15,271.0,120.0,0.0,,
2013-04-16,285.0,183.0,11.0,,
2013-04-17,306.0,174.0,16.0,,
2013-04-18,274.0,72.0,490.0,,
2013-04-19,121.0,12.0,0.0,,
2013-04-20,194.0,-3.0,0.0,,
2013-04-21,216.0,30.0,0.0,,
2013-04-22,237.0,33.0,0.0,,
2013-04-23,238.0,119.0,0.0,,
2013-04-24,207.0,7.0,109.0,,
2013-04-25,205.0,-12.0,0.0,,
2013-04-26,216.0,39.0,11.0,,
2013-04-27,248.0,124.0,27.0,,
2013-04-28,209.0,82.0,0.0,,
2013-04-29,259.0,57.0,0.0,,
2013-04-30,272.0,72.0,0.0,,
2013-05-01,262.0,129.0,0.0,,
2013-05-02,189.0,164.0,93.0,,
2013-05-03,179.0,12.0,373.0,,
2013-05-04,155.0,-8.0,36.0,,
2013-05-05,148.0,64.0,192.0,,
2013-05-06,180.0,105.0,3.0,,
2013-05-07,231.0,88.0,0.0,,
2013-05-08,270.0,77.0,0.0,,
2013-05-09,273.0,107.0,0.0,,
2013-05-10,250.0,159.0,296.0,,
2013-05-11,226.0,115.0,0.0,,
2013-05-12,189.0,39.0,0.0,,
2013-05-13,236.0,28.0,0.0,,
2013-05-14,293.0,99.0,0.0,,
2013-05-15,294.0,172.0,0.0,,
2013-05-16,257.0,164.0,0.0,,
2013-05-17,261.0,167.0,160.0,,
2013-05-18,279.0,163.0,0.0,,
2013-05-19,302.0,217.0,0.0,,
2013-05-20,301.0,214.0,0.0,,
2013-05-21,250.0,178.0,664.0,,
2013-05-22,260.0,154.0,13.0,,
2013-05-23,273.0,147.0,0.0,,
2013-05-24,242.0,91.0,0.0,,
2013-05-25,264.0,58.0,0.0,,
2013-05-26,283.0,103.0,0.0,,
2013-05-27,292.0,134.0,0.0,,
2013-05-28,304.0,183.0,0.0,,
2013-05-29,303.0,150.0,0.0,,
2013-05-30,292.0,210.0,9.0,,
2013-05-31,302.0,219.0,0.0,,
2013-06-01,287.0,187.0,85.0,,
2013-06-02,262.0,154.0,0.0,,
2013-06-03,265.0,129.0,0.0,,
2013-06-04,285.0,123.0,0.0,,
2013-06-05,290.0,169.0,213.0,,
2013-06-06,271.0,190.0,0.0,,
2013-06-07,265.0,132.0,0.0,,
2013-06-08,277.0,116.0,0.0,,
2013-06-09,304.0,170.0,724.0,,
2013-06-10,310.0,190.0,0.0,,
2013-06-11,332.0,232.0,0.0,,
2013-06-12,335.0,206.0,0.0,,
2013-06-13,323.0,180.0,0.0,,
2013-06-14,284.0,148.0,0.0,,
2013-06-15,301.0,140.0,0.0,,
2013-06-16,304.0,176.0,0.0,,
2013-06-17,281.0,203.0,105.0,,
2013-06-18,273.0,193.0,0.0,,
2013-06-19,306.0,164.0,0.0,,
2013-06-20,314.0,170.0,0.0,,
2013-06-21,311.0,182.0,0.0,,
2013-06-22,308.0,177.0,0.0,,
2013-06-23,310.0,184.0,0.0,,
2013-06-24,324.0,193.0,0.0,,
2013-06-25,313.0,214.0,0.0,,
2013-06-26,318.0,208.0,0.0,,
2013-06-27,340.0,215.0,0.0,,
2013-06-28,298.0,206.0,83.0,,
2013-06-29,301.0,163.0,0.0,,
2013-06-30,262.0,142.0,0.0,,
2013-07-01,256.0,152.0,24.0,,
2013-07-02,270.0,143.0,0.0,,
2013-07-03,278.0,132.0,0.0,,
2013-07-04,295.0,161.0,3.0,,
2013-07-05,293.0,182.0,37.0,,
2013-07-06,294.0,197.0,61.0,,
2013-07-07,297.0,208.0,0.0,,
2013-07-08,310.0,202.0,0.0,,
2013-07-09,326.0,207.0,0.0,,
2013-07-10,328.0,221.0,11.0,,
2013-07-11,331.0,216.0,0.0,,
2013-07-12,299.0,159.0,0.0,,
2013-07-13,293.0,125.0,0.0,,
2013-07-14,296.0,168.0,0.0,,
2013-07-15,316.0,214.0,10.0,,
2013-07-16,327.0,204.0,0.0,,
2013-07-17,340.0,187.0,0.0,,
2013-07-18,326.0,196.0,0.0,,
2013-07-19,318.0,188.0,0.0,,
2013-07-20,327.0,191.0,0.0,,
2013-07-21,330.0,205.0,0.0,,
2013-07-22,287.0,198.0,405.0,,
2013-07-23,298.0,211.0,125.0,,
2013-07-24,293.0,215.0,0.0,,
2013-07-25,276.0,168.0,0.0,,
2013-07-26,272.0,137.0,0.0,,
2013-07-27,287.0,185.0,5.0,,
2013-07-28,277.0,169.0,0.0,,
2013-07-29,301.0,170.0,0.0,,
2013-07-30,299.0,206.0,0.0,,
2013-07-31,306.0,215.0,36.0,,
2013-08-01,300.0,173.0,0.0,,
2013-08-02,312.0,150.0,0.0,,
2013-08-03,283.0,195.0,0.0,,
2013-08-04,308.0,179.0,0.0,,
2013-08-05,285.0,207.0,33.0,,
2013-08-06,299.0,226.0,0.0,,
2013-08-07,321.0,225.0,0.0,,
2013-08-08,341.0,240.0,0.0,,
2013-08-09,341.0,217.0,0.0,,
2013-08-10,311.0,210.0,0.0,,
2013-08-11,294.0,216.0,110.0,,
2013-08-12,321.0,211.0,88.0,,
2013-08-13,283.0,195.0,0.0,,
2013-08-14,261.0,141.0,0.0,,
2013-08-15,263.0,109.0,0.0,,
2013-08-16,269.0,131.0,0.0,,
2013-08-17,269.0,170.0,7.0,,
2013-08-18,279.0,176.0,0.0,,
2013-08-19,299.0,160.0,0.0,,
2013-08-20,312.0,179.0,0.0,,
2013-08-21,313.0,184.0,7.0,,
2013-08-22,325.0,197.0,27.0,,
2013-08-23,329.0,184.0,0.0,,
2013-08-24,329.0,199.0,0.0,,
2013-08-25,306.0,191.0,0.0,,
2013-08-26,308.0,173.0,0.0,,
2013-08-27,307.0,151.0,0.0,,
2013-08-28,323.0,158.0,0.0,,
2013-08-29,330.0,167.0,0.0,,
2013-08-30,342.0,184.0,0.0,,
2013-08-31,350.0,190.0,0.0,,
2013-09-01,332.0,211.0,11.0,,
2013-09-02,312.0,209.0,0.0,,
2013-09-03,312.0,152.0,0.0,,
2013-09-04,316.0,127.0,0.0,,
2013-09-05,322.0,139.0,0.0,,
2013-09-06,331.0,144.0,0.0,,
2013-09-07,340.0,149.0,0.0,,
2013-09-08,349.0,165.0,0.0,,
2013-09-09,329.0,196.0,0.0,,
2013-09-10,330.0,210.0,11.0,,
2013-09-11,334.0,199.0,0.0,,
2013-09-12,335.0,182.0,0.0,,
2013-09-13,294.0,140.0,0.0,,
2013-09-14,252.0,85.0,0.0,,
2013-09-15,302.0,65.0,0.0,,
2013-09-16,325.0,115.0,0.0,,
2013-09-17,327.0,157.0,0.0,,
2013-09-18,290.0,188.0,0.0,,
2013-09-19,326.0,185.0,0.0,,
2013-09-20,272.0,192.0,1048.0,,
2013-09-21,245.0,107.0,65.0,,
2013-09-22,251.0,82.0,0.0,,
2013-09-23,280.0,86.0,0.0,,
2013-09-24,231.0,144.0,40.0,,
2013-09-25,273.0,166.0,0.0,,
2013-09-26,292.0,148.0,0.0,,
2013-09-27,293.0,132.0,0.0,,
2013-09-28,270.0,125.0,0.0,,
2013-09-29,196.0,168.0,36.0,,
2013-09-30,239.0,182.0,111.0,,
2013-10-01,275.0,183.0,0.0,,
2013-10-02,269.0,182.0,0.0,,
2013-10-03,286.0,160.0,0.0,,
2013-10-04,281.0,197.0,0.0,,
2013-10-05,295.0,196.0,47.0,,
2013-10-06,228.0,88.0,287.0,,
2013-10-07,194.0,53.0,0.0,,
2013-10-08,226.0,42.0,0.0,,
2013-10-09,227.0,91.0,0.0,,
2013-10-10,250.0,110.0,0.0,,
2013-10-11,266.0,104.0,0.0,,
2013-10-12,256.0,109.0,4.0,,
2013-10-13,254.0,129.0,0.0,,
2013-10-14,274.0,107.0,0.0,,
2013-10-15,234.0,184.0,34.0,,
2013-10-16,199.0,137.0,283.0,,
2013-10-17,195.0,63.0,12.0,,
2013-10-18,203.0,40.0,0.0,,
2013-10-19,135.0,15.0,0.0,,
2013-10-20,184.0,-1.0,0.0,,
2013-10-21,222.0,21.0,0.0,,
2013-10-22,189.0,64.0,0.0,,
2013-10-23,145.0,21.0,0.0,,
2013-10-24,185.0,5.0,0.0,,
2013-10-25,118.0,-17.0,0.0,,
2013-10-26,180.0,-13.0,0.0,,
2013-10-27,203.0,95.0,16.0,,
2013-10-28,211.0,117.0,0.0,,
2013-10-29,239.0,95.0,0.0,,
2013-10-30,252.0,125.0,0.0,,
2013-10-31,208.0,131.0,790.0,,
2013-11-01,215.0,65.0,0.0,,
2013-11-02,161.0,15.0,0.0,,
2013-11-03,159.0,-9.0,0.0,,
2013-11-04,191.0,14.0,0.0,,
2013-11-05,211.0,78.0,0.0,,
2013-11-06,179.0,73.0,133.0,,
2013-11-07,132.0,-7.0,0.0,,
2013-11-08,166.0,-19.0,0.0,,
2013-11-09,161.0,26.0,0.0,,
2013-11-10,200.0,27.0,0.0,,
2013-11-11,212.0,3.0,0.0,,
2013-11-12,114.0,-15.0,0.0,,
2013-11-13,93.0,-54.0,0.0,,
2013-11-14,138.0,-75.0,0.0,,
2013-11-15,148.0,45.0,8.0,,
2013-11-16,195.0,115.0,5.0,,
2013-11-17,230.0,109.0,180.0,,
2013-11-18,174.0,21.0,0.0,,
2013-11-19,114.0,-25.0,0.0,,
2013-11-20,173.0,-35.0,0.0,,
2013-11-21,203.0,94.0,54.0,,
2013-11-23,74.0,-16.0,6.0,,
2013-11-24,37.0,-54.0,0.0,,
2013-11-25,32.0,-7.0,64.0,,
2013-11-26,38.0,15.0,37.0,,
2013-11-27,16.0,-88.0,0.0,,
2013-11-28,72.0,-102.0,0.0,,
2013-11-29,131.0,-68.0,0.0,,
2013-11-30,138.0,-58.0,0.0,,
2013-12-01,147.0,-1.0,0.0,,
2013-12-02,152.0,60.0,0.0,,
2013-12-03,153.0,74.0,0.0,,
2013-12-04,239.0,150.0,0.0,,
2013-12-05,201.0,16.0,353.0,,
2013-12-06,17.0,-33.0,257.0,,
2013-12-07,-15.0,-50.0,3.0,,
2013-12-08,24.0,-15.0,59.0,,
2013-12-09,6.0,-4.0,25.0,,
2013-12-10,,,7.0,,
2013-12-11,85.0,-87.0,0.0,,
2013-12-12,70.0,-85.0,0.0,,
2013-12-13,87.0,-73.0,132.0,,
2013-12-14,75.0,20.0,216.0,,
2013-12-15,38.0,-34.0,0.0,,
2013-12-16,140.0,-16.0,0.0,,
2013-12-17,165.0,-29.0,0.0,,
2013-12-18,140.0,-55.0,0.0,,
2013-12-19,151.0,27.0,0.0,,
2013-12-20,197.0,136.0,0.0,,
2013-12-21,243.0,157.0,341.0,,
2013-12-22,157.0,33.0,0.0,,
2013-12-23,33.0,-51.0,0.0,,
2013-12-24,21.0,-74.0,0.0,,
2013-12-25,92.0,-91.0,0.0,,
2013-12-26,92.0,-59.0,0.0,,
2013-12-27,130.0,-71.0,0.0,,
2013-12-28,78.0,-30.0,39.0,,
2013-12-29,131.0,23.0,19.0,,
2013-12-30,24.0,-13.0,7.0,,
2013-12-31,82.0,-74.0,0.0,,
2014-01-01,120.0,-75.0,3.0,,
2014-01-02,107.0,-57.0,4.0,,
2014-01-03,11.0,-102.0,0.0,,
2014-01-04,89.0,-51.0,0.0,,
2014-01-05,107.0,-74.0,64.0,,
2014-01-06,-74.0,-166.0,0.0,,
2014-01-07,-32.0,-169.0,0.0,,
2014-01-08,58.0,-111.0,0.0,,
2014-01-09,78.0,-3.0,85.0,,
2014-01-10,140.0,66.0,131.0,,
2014-01-11,135.0,14.0,140.0,,
2014-01-12,161.0,-42.0,0.0,,
2014-01-13,133.0,39.0,136.0,,
2014-01-14,157.0,-30.0,0.0,,
2014-01-15,67.0,-88.0,0.0,,
2014-01-16,110.0,-88.0,0.0,,
2014-01-17,44.0,-87.0,0.0,,
2014-01-18,123.0,-107.0,0.0,,
2014-01-19,101.0,-9.0,0.0,,
2014-01-20,182.0,-3.0,0.0,,
2014-01-21,72.0,-106.0,0.0,,
2014-01-22,29.0,-125.0,0.0,,
2014-01-23,-26.0,-131.0,0.0,,
2014-01-24,-1.0,-172.0,0.0,,
2014-01-25,100.0,-41.0,0.0,,
2014-01-26,171.0,-66.0,0.0,,
2014-01-27,98.0,-70.0,0.0,,
2014-01-28,-65.0,-161.0,2.0,,
2014-01-29,2.0,-183.0,0.0,,
2014-01-30,77.0,-150.0,0.0,,
2014-01-31,153.0,25.0,0.0,,
2014-02-01,196.0,96.0,0.0,,
2014-02-02,165.0,1.0,594.0,,
2014-02-03,1.0,-24.0,5.0,,
2014-02-04,32.0,-18.0,536.0,,
2014-02-05,16.0,-32.0,0.0,,
2014-02-06,-32.0,-63.0,0.0,,
2014-02-07,-17.0,-68.0,0.0,,
2014-02-08,26.0,-35.0,14.0,,
2014-02-09,,,0.0,,
2014-02-10,,,0.0,,
2014-02-11,29.0,-70.0,15.0,,
2014-02-12,10.0,-28.0,16.0,,
2014-02-13,102.0,-79.0,0.0,,
2014-02-14,106.0,-30.0,65.0,,
2014-02-15,80.0,-57.0,0.0,,
2014-02-16,153.0,-36.0,0.0,,
2014-02-17,198.0,19.0,0.0,,
2014-02-18,211.0,-32.0,0.0,,
2014-02-19,193.0,151.0,0.0,,
2014-02-20,236.0,76.0,297.0,,
2014-02-21,142.0,-21.0,0.0,,
2014-02-22,191.0,-37.0,0.0,,
2014-02-23,203.0,7.0,0.0,,
2014-02-24,118.0,-14.0,0.0,,
2014-02-25,125.0,10.0,70.0,,
2014-02-26,20.0,-93.0,0.0,,
2014-02-27,87.0,-113.0,0.0,,
2014-02-28,134.0,-63.0,5.0,,
2014-03-01,204.0,65.0,0.0,,
2014-03-02,180.0,2.0,215.0,,
2014-03-03,3.0,-88.0,26.0,,
2014-03-04,33.0,-90.0,0.0,,
2014-03-05,66.0,-33.0,0.0,,
2014-03-06,51.0,-31.0,0.0,,
2014-03-07,163.0,-57.0,0.0,,
2014-03-08,188.0,-16.0,0.0,,
2014-03-09,141.0,21.0,0.0,,
2014-03-10,194.0,-16.0,0.0,,
2014-03-11,246.0,38.0,0.0,,
2014-03-12,173.0,-32.0,0.0,,
2014-03-13,169.0,-55.0,0.0,,
2014-03-14,186.0,30.0,0.0,,
2014-03-15,197.0,32.0,7.0,,
2014-03-16,167.0,22.0,98.0,,
2014-03-17,58.0,-6.0,0.0,,
2014-03-18,153.0,-33.0,0.0,,
2014-03-19,177.0,32.0,0.0,,
2014-03-20,186.0,-10.0,0.0,,
2014-03-21,218.0,-31.0,0.0,,
2014-03-22,202.0,54.0,30.0,,
2014-03-23,120.0,22.0,30.0,,
2014-03-24,132.0,-18.0,0.0,,
2014-03-25,94.0,-50.0,0.0,,
2014-03-26,133.0,-77.0,0.0,,
2014-03-27,202.0,75.0,12.0,,
2014-03-28,215.0,148.0,294.0,,
2014-03-29,152.0,1.0,135.0,,
2014-03-30,183.0,-30.0,0.0,,
2014-03-31,246.0,-7.0,0.0,,
2014-04-01,256.0,81.0,0.0,,
2014-04-02,266.0,103.0,0.0,,
2014-04-03,279.0,181.0,0.0,,
2014-04-04,227.0,47.0,175.0,,
2014-04-05,136.0,6.0,0.0,,
2014-04-06,156.0,24.0,172.0,,
2014-04-07,126.0,15.0,18.0,,
2014-04-08,170.0,-1.0,61.0,,
2014-04-09,193.0,4.0,0.0,,
2014-04-10,255.0,77.0,0.0,,
2014-04-11,246.0,115.0,0.0,,
2014-04-12,260.0,128.0,0.0,,
2014-04-13,259.0,175.0,46.0,,
2014-04-14,187.0,45.0,157.0,,
2014-04-15,98.0,-22.0,0.0,,
2014-04-16,174.0,-38.0,0.0,,
2014-04-17,210.0,-2.0,0.0,,
2014-04-18,226.0,94.0,0.0,,
2014-04-19,259.0,55.0,0.0,,
2014-04-20,275.0,47.0,0.0,,
2014-04-21,274.0,85.0,4.0,,
2014-04-22,246.0,65.0,6.0,,
2014-04-23,255.0,31.0,0.0,,
2014-04-24,278.0,52.0,169.0,,
2014-04-25,241.0,72.0,0.0,,
2014-04-26,286.0,50.0,0.0,,
2014-04-27,214.0,183.0,461.0,,
2014-04-28,231.0,172.0,162.0,,
2014-04-29,233.0,89.0,0.0,,
2014-04-30,168.0,46.0,0.0,,
2014-05-01,198.0,49.0,0.0,,
2014-05-02,210.0,49.0,0.0,,
2014-05-03,264.0,42.0,0.0,,
2014-05-04,312.0,83.0,0.0,,
2014-05-05,292.0,133.0,0.0,,
2014-05-06,288.0,109.0,0.0,,
2014-05-07,282.0,158.0,0.0,,
2014-05-08,290.0,178.0,0.0,,
2014-05-09,231.0,179.0,7.0,,
2014-05-10,285.0,163.0,0.0,,
2014-05-11,296.0,178.0,0.0,,
2014-05-12,310.0,207.0,0.0,,
2014-05-13,292.0,170.0,32.0,,
2014-05-14,183.0,87.0,358.0,,
2014-05-15,190.0,78.0,3.0,,
2014-05-16,207.0,53.0,0.0,,
2014-05-17,173.0,95.0,141.0,,
2014-05-18,186.0,103.0,263.0,,
2014-05-19,271.0,99.0,0.0,,
2014-05-20,286.0,166.0,0.0,,
2014-05-21,291.0,166.0,0.0,,
2014-05-22,300.0,143.0,0.0,,
2014-05-23,298.0,141.0,0.0,,
2014-05-24,306.0,163.0,0.0,,
2014-05-25,297.0,168.0,0.0,,
2014-05-26,308.0,163.0,0.0,,
2014-05-27,284.0,179.0,82.0,,
2014-05-28,262.0,180.0,91.0,,
2014-05-29,245.0,194.0,52.0,,
2014-05-30,281.0,199.0,28.0,,
2014-05-31,294.0,191.0,0.0,,
2014-06-01,298.0,189.0,0.0,,
2014-06-02,283.0,214.0,0.0,,
2014-06-03,298.0,212.0,10.0,,
2014-06-04,293.0,209.0,0.0,,
2014-06-05,297.0,196.0,168.0,,
2014-06-06,300.0,187.0,183.0,,
2014-06-07,307.0,168.0,30.0,,
2014-06-08,273.0,188.0,158.0,,
2014-06-09,284.0,187.0,860.0,,
2014-06-10,246.0,191.0,158.0,,
2014-06-11,259.0,168.0,0.0,,
2014-06-12,290.0,150.0,45.0,,
2014-06-13,266.0,151.0,0.0,,
2014-06-14,282.0,122.0,0.0,,
2014-06-15,307.0,164.0,0.0,,
2014-06-16,308.0,186.0,0.0,,
2014-06-17,313.0,216.0,0.0,,
2014-06-18,315.0,200.0,0.0,,
2014-06-19,315.0,192.0,0.0,,
2014-06-20,314.0,204.0,37.0,,
2014-06-21,316.0,201.0,0.0,,
2014-06-22,316.0,203.0,56.0,,
2014-06-23,310.0,199.0,0.0,,
2014-06-24,264.0,194.0,179.0,,
2014-06-25,302.0,191.0,0.0,,
2014-06-26,280.0,211.0,5.0,,
2014-06-27,268.0,210.0,90.0,,
2014-06-28,288.0,201.0,208.0,,
2014-06-29,287.0,202.0,243.0,,
2014-06-30,312.0,237.0,0.0,,
2014-07-01,314.0,206.0,0.0,,
2014-07-02,305.0,178.0,0.0,,
2014-07-03,261.0,146.0,0.0,,
2014-07-04,265.0,120.0,0.0,,
2014-07-05,280.0,114.0,0.0,,
2014-07-06,288.0,126.0,0.0,,
2014-07-07,313.0,170.0,0.0,,
2014-07-08,311.0,211.0,155.0,,
2014-07-09,267.0,194.0,28.0,,
2014-07-10,299.0,183.0,0.0,,
2014-07-11,305.0,197.0,0.0,,
2014-07-12,319.0,189.0,0.0,,
2014-07-13,326.0,194.0,0.0,,
2014-07-14,331.0,211.0,119.0,,
2014-07-15,259.0,138.0,0.0,,
2014-07-16,249.0,110.0,0.0,,
2014-07-17,240.0,149.0,7.0,,
2014-07-18,197.0,168.0,323.0,,
2014-07-19,234.0,181.0,10.0,,
2014-07-20,275.0,172.0,0.0,,
2014-07-21,291.0,153.0,0.0,,
2014-07-22,312.0,175.0,0.0,,
2014-07-23,315.0,192.0,34.0,,
2014-07-24,274.0,151.0,0.0,,
2014-07-25,280.0,126.0,0.0,,
2014-07-26,319.0,161.0,0.0,,
2014-07-27,317.0,243.0,0.0,,
2014-07-28,284.0,185.0,0.0,,
2014-07-29,253.0,125.0,0.0,,
2014-07-30,276.0,110.0,0.0,,
2014-07-31,267.0,193.0,5.0,,
2014-08-01,287.0,193.0,0.0,,
2014-08-02,308.0,185.0,0.0,,
2014-08-03,310.0,169.0,0.0,,
2014-08-04,318.0,163.0,0.0,,
2014-08-05,319.0,167.0,0.0,,
2014-08-06,326.0,183.0,0.0,,
2014-08-07,323.0,190.0,87.0,,
2014-08-08,313.0,221.0,103.0,,
2014-08-09,301.0,221.0,9.0,,
2014-08-10,316.0,207.0,0.0,,
2014-08-11,295.0,205.0,0.0,,
2014-08-12,282.0,153.0,0.0,,
2014-08-13,269.0,127.0,0.0,,
2014-08-14,284.0,117.0,0.0,,
2014-08-15,290.0,125.0,0.0,,
2014-08-16,302.0,147.0,0.0,,
2014-08-17,296.0,225.0,5.0,,
2014-08-18,268.0,210.0,7.0,,
2014-08-19,322.0,207.0,0.0,,
2014-08-20,335.0,213.0,0.0,,
2014-08-21,335.0,204.0,0.0,,
2014-08-22,340.0,215.0,0.0,,
2014-08-23,346.0,207.0,4.0,,
2014-08-24,351.0,212.0,0.0,,
2014-08-25,334.0,207.0,0.0,,
2014-08-26,310.0,199.0,0.0,,
2014-08-27,324.0,174.0,0.0,,
2014-08-28,330.0,174.0,0.0,,
2014-08-29,333.0,181.0,0.0,,
2014-08-30,263.0,215.0,214.0,,
2014-08-31,301.0,221.0,34.0,,
2014-09-01,319.0,221.0,0.0,,
2014-09-02,308.0,215.0,2.0,,
2014-09-03,302.0,195.0,0.0,,
2014-09-04,321.0,176.0,0.0,,
2014-09-05,331.0,182.0,0.0,,
2014-09-06,319.0,194.0,0.0,,
2014-09-07,276.0,180.0,0.0,,
2014-09-08,293.0,158.0,0.0,,
2014-09-09,325.0,161.0,0.0,,
2014-09-10,327.0,231.0,0.0,,
2014-09-11,281.0,201.0,60.0,,
2014-09-12,201.0,157.0,0.0,,
2014-09-13,179.0,119.0,0.0,,
2014-09-14,252.0,113.0,0.0,,
2014-09-15,272.0,142.0,0.0,,
2014-09-16,258.0,169.0,0.0,,
2014-09-17,247.0,131.0,0.0,,
2014-09-18,281.0,167.0,87.0,,
2014-09-19,292.0,152.0,0.0,,
2014-09-20,298.0,162.0,0.0,,
2014-09-21,307.0,150.0,0.0,,
2014-09-22,243.0,83.0,0.0,,
2014-09-23,262.0,49.0,0.0,,
2014-09-24,275.0,82.0,0.0,,
2014-09-25,286.0,101.0,0.0,,
2014-09-26,294.0,108.0,0.0,,
2014-09-27,281.0,144.0,0.0,,
2014-09-28,276.0,122.0,0.0,,
2014-09-29,293.0,118.0,0.0,,
2014-09-30,309.0,120.0,0.0,,
2014-10-01,306.0,132.0,0.0,,
2014-10-02,300.0,179.0,195.0,,
2014-10-03,227.0,93.0,22.0,,
2014-10-04,185.0,26.0,0.0,,
2014-10-05,245.0,32.0,0.0,,
2014-10-06,245.0,153.0,60.0,,
2014-10-07,285.0,184.0,6.0,,
2014-10-08,273.0,159.0,0.0,,
2014-10-09,288.0,156.0,0.0,,
2014-10-10,294.0,169.0,86.0,,
2014-10-11,192.0,159.0,100.0,,
2014-10-12,248.0,160.0,13.0,,
2014-10-13,262.0,165.0,347.0,,
2014-10-14,174.0,114.0,29.0,,
2014-10-15,179.0,87.0,0.0,,
2014-10-16,228.0,51.0,0.0,,
2014-10-17,260.0,77.0,0.0,,
2014-10-18,205.0,55.0,0.0,,
2014-10-19,191.0,34.0,0.0,,
2014-10-20,211.0,30.0,0.0,,
2014-10-21,232.0,58.0,0.0,,
2014-10-22,191.0,33.0,0.0,,
2014-10-23,189.0,3.0,0.0,,
2014-10-24,226.0,29.0,0.0,,
2014-10-25,267.0,71.0,0.0,,
2014-10-26,286.0,105.0,0.0,,
2014-10-27,266.0,138.0,0.0,,
2014-10-28,237.0,122.0,439.0,,
2014-10-29,201.0,35.0,14.0,,
2014-10-30,196.0,4.0,0.0,,
2014-10-31,146.0,14.0,0.0,,
2014-11-01,103.0,-31.0,0.0,,
2014-11-02,154.0,-59.0,0.0,,
2014-11-03,194.0,-3.0,0.0,,
2014-11-04,233.0,92.0,9.0,,
2014-11-05,143.0,131.0,325.0,,
2014-11-06,183.0,23.0,0.0,,
2014-11-07,133.0,-15.0,0.0,,
2014-11-08,144.0,-11.0,0.0,,
2014-11-09,155.0,-12.0,0.0,,
2014-11-10,215.0,3.0,0.0,,
2014-11-11,191.0,50.0,7.0,,
2014-11-12,64.0,-7.0,0.0,,
2014-11-13,28.0,-57.0,8.0,,
2014-11-14,31.0,-76.0,0.0,,
2014-11-15,81.0,-84.0,0.0,,
2014-11-16,68.0,23.0,305.0,,
2014-11-17,25.0,-59.0,0.0,,
2014-11-18,25.0,-96.0,0.0,,
2014-11-19,121.0,-40.0,0.0,,
2014-11-20,134.0,-40.0,0.0,,
2014-11-21,150.0,19.0,3.0,,
2014-11-22,186.0,84.0,0.0,,
2014-11-23,168.0,135.0,125.0,,
2014-11-24,166.0,-2.0,0.0,,
2014-11-25,93.0,-49.0,0.0,,
2014-11-26,101.0,-66.0,0.0,,
2014-11-27,64.0,-41.0,0.0,,
2014-11-28,116.0,-45.0,0.0,,
2014-11-29,194.0,56.0,0.0,,
2014-11-30,226.0,150.0,0.0,,
2014-12-01,171.0,28.0,202.0,,
2014-12-02,46.0,28.0,4.0,,
2014-12-03,117.0,41.0,5.0,,
2014-12-04,200.0,72.0,0.0,,
2014-12-05,188.0,81.0,464.0,,
2014-12-06,190.0,59.0,5.0,,
2014-12-07,82.0,33.0,0.0,,
2014-12-08,143.0,-6.0,0.0,,
2014-12-09,104.0,-26.0,2.0,,
2014-12-10,62.0,-37.0,0.0,,
2014-12-11,69.0,-6.0,0.0,,
2014-12-12,136.0,17.0,0.0,,
2014-12-13,119.0,45.0,0.0,,
2014-12-14,159.0,11.0,0.0,,
2014-12-15,147.0,70.0,80.0,,
2014-12-16,106.0,2.0,0.0,,
2014-12-17,71.0,-30.0,0.0,,
2014-12-18,71.0,25.0,12.0,,
2014-12-19,58.0,30.0,4.0,,
2014-12-20,112.0,-32.0,0.0,,
2014-12-21,128.0,-48.0,0.0,,
2014-12-22,140.0,69.0,7.0,,
2014-12-23,140.0,79.0,51.0,,
2014-12-24,81.0,42.0,5.0,,
2014-12-25,114.0,-24.0,0.0,,
2014-12-26,104.0,24.0,0.0,,
2014-12-27,117.0,87.0,300.0,,
2014-12-28,89.0,31.0,66.0,,
2014-12-29,33.0,21.0,11.0,,
2014-12-30,59.0,-14.0,0.0,,
2014-12-31,39.0,-38.0,0.0,,
2015-01-01,53.0,-2.0,44.0,,
2015-01-02,98.0,31.0,13.0,,
2015-01-03,167.0,98.0,123.0,,
2015-01-04,122.0,-31.0,0.0,,
2015-01-05,26.0,-64.0,0.0,,
2015-01-06,87.0,-67.0,0.0,,
2015-01-07,-10.0,-118.0,0.0,,
2015-01-08,-30.0,-164.0,0.0,,
2015-01-09,24.0,-118.0,0.0,,
2015-01-10,39.0,-151.0,0.0,,
2015-01-11,82.0,2.0,30.0,,
2015-01-12,92.0,11.0,121.0,,
2015-01-13,11.0,-18.0,0.0,,
2015-01-14,43.0,-47.0,0.0,,
2015-01-15,48.0,-54.0,0.0,,
2015-01-16,131.0,-80.0,0.0,,
2015-01-17,153.0,-54.0,0.0,,
2015-01-18,162.0,-3.0,0.0,,
2015-01-19,185.0,23.0,0.0,,
2015-01-20,163.0,0.0,0.0,,
2015-01-21,146.0,-37.0,0.0,,
2015-01-22,72.0,-3.0,0.0,,
2015-01-23,39.0,-4.0,58.0,,
2015-01-24,120.0,-50.0,0.0,,
2015-01-25,132.0,7.0,45.0,,
2015-01-26,83.0,-13.0,0.0,,
2015-01-27,128.0,-19.0,0.0,,
2015-01-28,145.0,-41.0,0.0,,
2015-01-29,177.0,53.0,0.0,,
2015-01-30,101.0,-41.0,0.0,,
2015-01-31,91.0,-39.0,0.0,,
2015-02-01,147.0,28.0,198.0,,
2015-02-02,28.0,-74.0,0.0,,
2015-02-03,87.0,-80.0,0.0,,
2015-02-04,116.0,-42.0,0.0,,
2015-02-05,37.0,-77.0,0.0,,
2015-02-06,113.0,-100.0,0.0,,
2015-02-07,179.0,-24.0,0.0,,
2015-02-08,165.0,101.0,0.0,,
2015-02-09,128.0,16.0,0.0,,
2015-02-10,94.0,-39.0,0.0,,
2015-02-11,144.0,-55.0,0.0,,
2015-02-12,44.0,-45.0,0.0,,
2015-02-13,60.0,-64.0,0.0,,
2015-02-14,172.0,-35.0,0.0,,
2015-02-15,7.0,-71.0,0.0,,
2015-02-16,0.0,-65.0,234.0,,
2015-02-17,-14.0,-104.0,0.0,,
2015-02-18,-8.0,-98.0,13.0,,
2015-02-19,-30.0,-149.0,0.0,,
2015-02-20,11.0,-64.0,158.0,,
2015-02-21,144.0,11.0,644.0,,
2015-02-22,73.0,-15.0,73.0,,
2015-02-23,-15.0,-64.0,0.0,,
2015-02-24,26.0,-57.0,0.0,,
2015-02-25,17.0,-66.0,56.0,,
2015-02-26,45.0,-33.0,0.0,,
2015-02-27,27.0,-70.0,0.0,,
2015-02-28,121.0,-19.0,0.0,,
2015-03-01,115.0,14.0,216.0,,
2015-03-02,55.0,9.0,6.0,,
2015-03-03,177.0,53.0,85.0,,
2015-03-04,194.0,-30.0,279.0,,
2015-03-05,-15.0,-94.0,155.0,,
2015-03-06,43.0,-134.0,0.0,,
2015-03-07,145.0,-76.0,0.0,,
2015-03-08,159.0,-51.0,64.0,,
2015-03-09,109.0,55.0,67.0,,
2015-03-10,175.0,109.0,165.0,,
2015-03-11,125.0,100.0,3.0,,
2015-03-12,196.0,90.0,0.0,,
2015-03-13,173.0,142.0,195.0,,
2015-03-14,195.0,138.0,59.0,,
2015-03-15,234.0,52.0,0.0,,
2015-03-16,247.0,32.0,0.0,,
2015-03-17,256.0,70.0,0.0,,
2015-03-18,195.0,78.0,15.0,,
2015-03-19,180.0,75.0,3.0,,
2015-03-20,139.0,47.0,103.0,,
2015-03-21,154.0,47.0,0.0,,
2015-03-22,150.0,91.0,66.0,,
2015-03-23,227.0,38.0,0.0,,
2015-03-24,243.0,49.0,0.0,,
2015-03-25,246.0,121.0,0.0,,
2015-03-26,205.0,29.0,42.0,,
2015-03-27,97.0,-22.0,0.0,,
2015-03-28,54.0,-29.0,0.0,,
2015-03-29,206.0,-31.0,12.0,,
2015-03-30,227.0,55.0,77.0,,
2015-03-31,261.0,52.0,98.0,,
2015-04-01,267.0,118.0,34.0,,
2015-04-02,248.0,184.0,0.0,,
2015-04-03,256.0,102.0,0.0,,
2015-04-04,171.0,10.0,0.0,,
2015-04-05,162.0,-5.0,0.0,,
2015-04-06,232.0,84.0,12.0,,
2015-04-07,257.0,169.0,0.0,,
2015-04-08,305.0,188.0,0.0,,
2015-04-09,294.0,181.0,50.0,,
2015-04-10,199.0,47.0,148.0,,
2015-04-11,243.0,27.0,0.0,,
2015-04-12,274.0,49.0,0.0,,
2015-04-13,244.0,184.0,437.0,,
2015-04-14,192.0,138.0,29.0,,
2015-04-15,256.0,147.0,392.0,,
2015-04-16,278.0,152.0,13.0,,
2015-04-17,,,5.0,,
2015-04-18,222.0,121.0,6.0,,
2015-04-19,246.0,156.0,134.0,,
2015-04-20,190.0,52.0,0.0,,
2015-04-21,219.0,17.0,0.0,,
2015-04-22,247.0,62.0,34.0,,
2015-04-23,200.0,72.0,0.0,,
2015-04-24,190.0,70.0,354.0,,
2015-04-25,276.0,132.0,83.0,,
2015-04-26,211.0,100.0,0.0,,
2015-04-27,191.0,76.0,0.0,,
2015-04-28,159.0,80.0,0.0,,
2015-04-29,219.0,47.0,0.0,,
2015-04-30,250.0,39.0,0.0,,
2015-05-01,212.0,30.0,0.0,,
2015-05-02,242.0,34.0,0.0,,
2015-05-03,267.0,59.0,0.0,,
2015-05-04,279.0,122.0,0.0,,
2015-05-05,283.0,125.0,0.0,,
2015-05-06,279.0,111.0,0.0,,
2015-05-07,293.0,143.0,0.0,,
2015-05-08,285.0,152.0,0.0,,
2015-05-09,275.0,174.0,46.0,,
2015-05-10,304.0,167.0,0.0,,
2015-05-11,249.0,143.0,45.0,,
2015-05-12,232.0,116.0,0.0,,
2015-05-13,257.0,69.0,0.0,,
2015-05-14,250.0,123.0,0.0,,
2015-05-15,291.0,158.0,117.0,,
2015-05-16,277.0,198.0,174.0,,
2015-05-17,256.0,196.0,136.0,,
2015-05-18,249.0,166.0,450.0,,
2015-05-19,267.0,152.0,0.0,,
2015-05-20,258.0,155.0,92.0,,
2015-05-21,182.0,51.0,0.0,,
2015-05-22,229.0,29.0,0.0,,
2015-05-23,272.0,109.0,0.0,,
2015-05-24,280.0,191.0,158.0,,
2015-05-25,264.0,195.0,66.0,,
2015-05-26,273.0,183.0,0.0,,
2015-05-27,249.0,175.0,38.0,,
2015-05-28,268.0,182.0,0.0,,
2015-05-29,290.0,176.0,5.0,,
2015-05-30,277.0,181.0,49.0,,
2015-05-31,251.0,167.0,130.0,,
2015-06-01,210.0,136.0,0.0,,
2015-06-02,224.0,124.0,0.0,,
2015-06-03,232.0,112.0,0.0,,
2015-06-04,277.0,108.0,0.0,,
2015-06-05,302.0,143.0,0.0,,
2015-06-06,302.0,185.0,0.0,,
2015-06-07,319.0,176.0,0.0,,
2015-06-08,311.0,197.0,580.0,,
2015-06-09,308.0,187.0,0.0,,
2015-06-10,313.0,185.0,0.0,,
2015-06-11,314.0,198.0,0.0,,
2015-06-12,312.0,205.0,0.0,,
2015-06-13,308.0,215.0,7.0,,
2015-06-14,308.0,212.0,0.0,,
2015-06-15,317.0,203.0,0.0,,
2015-06-16,322.0,201.0,0.0,,
2015-06-17,325.0,201.0,0.0,,
2015-06-18,310.0,213.0,0.0,,
2015-06-19,301.0,227.0,76.0,,
2015-06-20,318.0,216.0,0.0,,
2015-06-21,320.0,230.0,0.0,,
2015-06-22,316.0,233.0,0.0,,
2015-06-23,334.0,212.0,104.0,,
2015-06-24,330.0,207.0,3.0,,
2015-06-25,330.0,200.0,0.0,,
2015-06-26,326.0,215.0,0.0,,
2015-06-27,274.0,163.0,34.0,,
2015-06-28,288.0,139.0,0.0,,
2015-06-29,312.0,188.0,0.0,,
2015-06-30,290.0,192.0,0.0,,
2015-07-01,293.0,218.0,0.0,,
2015-07-02,289.0,218.0,41.0,,
2015-07-03,240.0,203.0,834.0,,
2015-07-04,253.0,206.0,57.0,,
2015-07-05,266.0,181.0,0.0,,
2015-07-06,285.0,189.0,0.0,,
2015-07-07,315.0,233.0,0.0,,
2015-07-08,317.0,217.0,0.0,,
2015-07-09,326.0,204.0,0.0,,
2015-07-10,331.0,193.0,0.0,,
2015-07-11,334.0,207.0,0.0,,
2015-07-12,330.0,225.0,0.0,,
2015-07-13,338.0,214.0,0.0,,
2015-07-14,342.0,219.0,74.0,,
2015-07-15,340.0,221.0,0.0,,
2015-07-16,331.0,217.0,0.0,,
2015-07-17,333.0,221.0,0.0,,
2015-07-18,338.0,217.0,0.0,,
2015-07-19,336.0,224.0,0.0,,
2015-07-20,345.0,221.0,0.0,,
2015-07-21,313.0,229.0,129.0,,
2015-07-22,320.0,221.0,36.0,,
2015-07-23,316.0,225.0,100.0,,
2015-07-24,326.0,228.0,0.0,,
2015-07-25,331.0,214.0,0.0,,
2015-07-26,329.0,193.0,0.0,,
2015-07-27,345.0,216.0,0.0,,
2015-07-28,348.0,218.0,0.0,,
2015-07-29,354.0,235.0,0.0,,
2015-07-30,311.0,177.0,0.0,,
2015-07-31,323.0,154.0,0.0,,
2015-08-01,334.0,169.0,0.0,,
2015-08-02,331.0,174.0,0.0,,
2015-08-03,346.0,180.0,0.0,,
2015-08-04,347.0,193.0,0.0,,
2015-08-05,340.0,205.0,252.0,,
2015-08-06,300.0,197.0,222.0,,
2015-08-07,293.0,200.0,171.0,,
2015-08-08,312.0,205.0,0.0,,
2015-08-09,331.0,193.0,0.0,,
2015-08-10,321.0,215.0,3.0,,
2015-08-11,311.0,204.0,0.0,,
2015-08-12,301.0,181.0,0.0,,
2015-08-13,288.0,146.0,0.0,,
2015-08-14,294.0,136.0,0.0,,
2015-08-15,313.0,187.0,40.0,,
2015-08-16,315.0,175.0,0.0,,
2015-08-17,295.0,203.0,3.0,,
2015-08-18,311.0,201.0,0.0,,
2015-08-19,298.0,214.0,343.0,,
2015-08-20,262.0,181.0,119.0,,
2015-08-21,275.0,175.0,0.0,,
2015-08-22,280.0,205.0,7.0,,
2015-08-23,297.0,217.0,18.0,,
2015-08-24,268.0,136.0,0.0,,
2015-08-25,271.0,103.0,0.0,,
2015-08-26,267.0,97.0,0.0,,
2015-08-27,268.0,109.0,0.0,,
2015-08-28,302.0,120.0,0.0,,
2015-08-29,318.0,174.0,0.0,,
2015-08-30,306.0,201.0,125.0,,
2015-08-31,303.0,180.0,0.0,,
2015-09-01,307.0,176.0,0.0,,
2015-09-02,292.0,190.0,0.0,,
2015-09-03,318.0,174.0,0.0,,
2015-09-04,327.0,189.0,0.0,,
2015-09-05,337.0,192.0,0.0,,
2015-09-06,322.0,195.0,0.0,,
2015-09-07,319.0,201.0,0.0,,
2015-09-08,320.0,180.0,0.0,,
2015-09-09,287.0,200.0,142.0,,
2015-09-10,284.0,182.0,0.0,,
2015-09-11,285.0,163.0,41.0,,
2015-09-12,228.0,83.0,0.0,,
2015-09-13,229.0,56.0,0.0,,
2015-09-14,260.0,71.0,0.0,,
2015-09-15,277.0,96.0,0.0,,
2015-09-16,293.0,127.0,0.0,,
2015-09-17,298.0,144.0,0.0,,
2015-09-18,312.0,131.0,0.0,,
2015-09-19,315.0,154.0,0.0,,
2015-09-20,273.0,157.0,0.0,,
2015-09-21,276.0,118.0,19.0,,
2015-09-22,286.0,82.0,0.0,,
2015-09-23,303.0,99.0,0.0,,
2015-09-24,297.0,133.0,0.0,,
2015-09-25,300.0,133.0,0.0,,
2015-09-26,234.0,122.0,3.0,,
2015-09-27,272.0,168.0,0.0,,
2015-09-28,247.0,195.0,17.0,,
2015-09-29,268.0,180.0,0.0,,
2015-09-30,230.0,163.0,0.0,,
2015-10-01,240.0,133.0,0.0,,
2015-10-02,170.0,125.0,0.0,,
2015-10-03,136.0,110.0,0.0,,
2015-10-04,154.0,105.0,0.0,,
2015-10-05,273.0,114.0,0.0,,
2015-10-06,288.0,144.0,0.0,,
2015-10-07,294.0,144.0,0.0,,
2015-10-08,297.0,137.0,0.0,,
2015-10-09,295.0,135.0,12.0,,
2015-10-10,203.0,54.0,0.0,,
2015-10-11,243.0,33.0,0.0,,
2015-10-12,294.0,107.0,21.0,,
2015-10-13,254.0,55.0,0.0,,
2015-10-14,284.0,30.0,0.0,,
2015-10-15,329.0,69.0,0.0,,
2015-10-16,220.0,17.0,0.0,,
2015-10-17,193.0,-2.0,0.0,,
2015-10-18,196.0,-15.0,0.0,,
2015-10-19,223.0,8.0,0.0,,
2015-10-20,239.0,29.0,0.0,,
2015-10-21,269.0,74.0,0.0,,
2015-10-22,271.0,63.0,0.0,,
2015-10-23,263.0,126.0,0.0,,
2015-10-24,241.0,171.0,8.0,,
2015-10-25,190.0,138.0,246.0,,
2015-10-26,179.0,144.0,195.0,,
2015-10-27,175.0,145.0,64.0,,
2015-10-28,225.0,109.0,7.0,,
2015-10-29,223.0,57.0,0.0,,
2015-10-30,209.0,24.0,0.0,,
2015-10-31,157.0,131.0,101.0,,
2015-11-01,169.0,154.0,0.0,,
2015-11-02,216.0,120.0,0.0,,
2015-11-03,242.0,118.0,0.0,,
2015-11-04,225.0,148.0,3.0,,
2015-11-05,265.0,144.0,0.0,,
2015-11-06,228.0,161.0,129.0,,
2015-11-07,161.0,113.0,0.0,,
2015-11-08,184.0,66.0,0.0,,
2015-11-09,170.0,41.0,0.0,,
2015-11-10,197.0,44.0,0.0,,
2015-11-11,238.0,40.0,35.0,,
2015-11-12,182.0,19.0,0.0,,
2015-11-13,173.0,-12.0,0.0,,
2015-11-14,184.0,-24.0,0.0,,
2015-11-15,178.0,13.0,0.0,,
2015-11-16,201.0,86.0,2.0,,
2015-11-17,229.0,174.0,233.0,,
2015-11-18,195.0,42.0,590.0,,
2015-11-19,193.0,13.0,0.0,,
2015-11-20,175.0,-4.0,0.0,,
2015-11-21,142.0,-4.0,10.0,,
2015-11-22,64.0,-62.0,0.0,,
2015-11-23,138.0,-72.0,0.0,,
2015-11-24,167.0,-33.0,0.0,,
2015-11-25,191.0,5.0,0.0,,
2015-11-26,227.0,127.0,0.0,,
2015-11-27,195.0,155.0,0.0,,
2015-11-28,186.0,162.0,223.0,,
2015-11-29,169.0,83.0,216.0,,
2015-11-30,151.0,80.0,283.0,,
2015-12-01,129.0,66.0,46.0,,
2015-12-02,118.0,-10.0,0.0,,
2015-12-03,99.0,-38.0,0.0,,
2015-12-04,139.0,-53.0,0.0,,
2015-12-05,156.0,-51.0,0.0,,
2015-12-06,182.0,-10.0,0.0,,
2015-12-07,169.0,-18.0,0.0,,
2015-12-08,181.0,-29.0,0.0,,
2015-12-09,167.0,29.0,0.0,,
2015-12-10,180.0,16.0,0.0,,
2015-12-11,247.0,129.0,0.0,,
2015-12-12,222.0,175.0,0.0,,
2015-12-13,225.0,120.0,142.0,,
2015-12-14,156.0,47.0,59.0,,
2015-12-15,198.0,5.0,0.0,,
2015-12-16,134.0,65.0,36.0,,
2015-12-17,99.0,-30.0,0.0,,
2015-12-18,69.0,-54.0,0.0,,
2015-12-19,123.0,-61.0,0.0,,
2015-12-20,118.0,-37.0,0.0,,
2015-12-21,167.0,81.0,266.0,,
2015-12-22,196.0,69.0,0.0,,
2015-12-23,221.0,166.0,173.0,,
2015-12-24,238.0,54.0,0.0,,
2015-12-25,200.0,129.0,479.0,,
2015-12-26,254.0,149.0,0.0,,
2015-12-27,248.0,164.0,125.0,,
2015-12-28,215.0,76.0,141.0,,
2015-12-29,76.0,48.0,0.0,,
2015-12-30,77.0,43.0,0.0,,
2015-12-31,85.0,1.0,0.0,,
2016-01-01,64.0,-40.0,0.0,,
2016-01-02,94.0,-64.0,0.0,,
2016-01-03,133.0,-49.0,0.0,,
2016-01-04,38.0,-52.0,0.0,,
2016-01-05,75.0,-90.0,0.0,,
2016-01-06,99.0,-60.0,0.0,,
2016-01-07,99.0,-28.0,67.0,,
2016-01-08,123.0,92.0,0.0,,
2016-01-09,143.0,18.0,158.0,,
2016-01-10,18.0,-99.0,0.0,,
2016-01-11,56.0,-116.0,0.0,,
2016-01-12,110.0,-39.0,0.0,,
2016-01-13,129.0,-70.0,0.0,,
2016-01-14,162.0,-21.0,0.0,,
2016-01-15,165.0,50.0,6.0,,
2016-01-16,69.0,-34.0,0.0,,
2016-01-17,74.0,-63.0,0.0,,
2016-01-18,-14.0,-105.0,0.0,,
2016-01-19,7.0,-109.0,0.0,,
2016-01-20,27.0,4.0,76.0,,
2016-01-21,44.0,9.0,130.0,,
2016-01-22,17.0,-21.0,35.0,,
2016-01-23,25.0,-76.0,0.0,,
2016-01-24,93.0,-93.0,0.0,,
2016-01-25,147.0,24.0,0.0,,
2016-01-26,147.0,13.0,37.0,,
2016-01-27,81.0,-63.0,0.0,,
2016-01-28,139.0,-89.0,0.0,,
2016-01-29,163.0,-40.0,0.0,,
2016-01-30,203.0,58.0,0.0,,
2016-01-31,229.0,137.0,0.0,,
2016-02-01,174.0,104.0,20.0,,
2016-02-02,216.0,129.0,225.0,,
2016-02-03,145.0,-22.0,0.0,,
2016-02-04,73.0,-59.0,0.0,,
2016-02-05,113.0,-82.0,0.0,,
2016-02-06,121.0,-47.0,0.0,,
2016-02-07,148.0,-72.0,0.0,,
2016-02-08,81.0,15.0,0.0,,
2016-02-09,38.0,-75.0,0.0,,
2016-02-10,46.0,-93.0,0.0,,
2016-02-11,130.0,-33.0,0.0,,
2016-02-12,123.0,-43.0,0.0,,
2016-02-13,43.0,-44.0,0.0,,
2016-02-14,114.0,-32.0,47.0,,
2016-02-15,95.0,45.0,677.0,,
2016-02-16,133.0,35.0,6.0,,
2016-02-17,113.0,6.0,0.0,,
2016-02-18,189.0,-8.0,0.0,,
2016-02-19,227.0,106.0,0.0,,
2016-02-20,198.0,158.0,0.0,,
2016-02-21,195.0,142.0,79.0,,
2016-02-22,145.0,79.0,30.0,,
2016-02-23,153.0,51.0,279.0,,
2016-02-24,99.0,28.0,39.0,,
2016-02-25,94.0,-24.0,0.0,,
2016-02-26,109.0,-53.0,0.0,,
2016-02-27,181.0,-43.0,0.0,,
2016-02-28,199.0,68.0,0.0,,
2016-02-29,214.0,53.0,0.0,,
2016-03-01,163.0,38.0,240.0,,
2016-03-02,112.0,-27.0,0.0,,
2016-03-03,106.0,45.0,46.0,,
2016-03-04,118.0,-6.0,0.0,,
2016-03-05,196.0,-15.0,0.0,,
2016-03-06,212.0,-9.0,0.0,,
2016-03-07,231.0,88.0,0.0,,
2016-03-08,252.0,138.0,0.0,,
2016-03-09,219.0,142.0,517.0,,
2016-03-10,182.0,130.0,886.0,,
2016-03-11,163.0,126.0,40.0,,
2016-03-12,221.0,152.0,178.0,,
2016-03-13,211.0,136.0,176.0,,
2016-03-14,225.0,97.0,30.0,,
2016-03-15,296.0,95.0,0.0,,
2016-03-16,229.0,49.0,0.0,,
2016-03-17,206.0,29.0,0.0,,
2016-03-18,238.0,34.0,63.0,,
2016-03-19,116.0,1.0,6.0,,
2016-03-20,99.0,-20.0,0.0,,
2016-03-21,148.0,-38.0,0.0,,
2016-03-22,209.0,14.0,0.0,,
2016-03-23,244.0,115.0,0.0,,
2016-03-24,194.0,53.0,133.0,,
2016-03-25,152.0,15.0,0.0,,
2016-03-26,238.0,-1.0,0.0,,
2016-03-27,208.0,93.0,46.0,,
2016-03-28,184.0,18.0,0.0,,
2016-03-29,218.0,0.0,0.0,,
2016-03-30,251.0,115.0,142.0,,
2016-03-31,269.0,150.0,311.0,,
2016-04-01,171.0,72.0,0.0,,
2016-04-02,170.0,34.0,0.0,,
2016-04-03,231.0,6.0,0.0,,
2016-04-04,265.0,64.0,0.0,,
2016-04-05,217.0,68.0,0.0,,
2016-04-06,227.0,57.0,63.0,,
2016-04-07,233.0,38.0,0.0,,
2016-04-08,180.0,18.0,0.0,,
2016-04-09,179.0,5.0,0.0,,
2016-04-10,270.0,78.0,6.0,,
2016-04-11,193.0,108.0,448.0,,
2016-04-12,191.0,63.0,0.0,,
2016-04-13,165.0,44.0,0.0,,
2016-04-14,217.0,61.0,138.0,,
2016-04-15,175.0,126.0,33.0,,
2016-04-16,224.0,120.0,0.0,,
2016-04-17,260.0,98.0,0.0,,
2016-04-18,258.0,65.0,0.0,,
2016-04-19,199.0,104.0,2.0,,
2016-04-20,259.0,130.0,17.0,,
2016-04-21,252.0,130.0,197.0,,
2016-04-22,245.0,94.0,0.0,,
2016-04-23,259.0,70.0,0.0,,
2016-04-24,272.0,72.0,0.0,,
2016-04-25,271.0,129.0,0.0,,
2016-04-26,288.0,153.0,0.0,,
2016-04-27,257.0,145.0,90.0,,
2016-04-28,279.0,130.0,0.0,,
2016-04-29,210.0,118.0,261.0,,
2016-04-30,226.0,152.0,39.0,,
2016-05-01,267.0,148.0,0.0,,
2016-05-02,192.0,125.0,135.0,,
2016-05-03,193.0,71.0,0.0,,
2016-05-04,241.0,49.0,0.0,,
2016-05-05,210.0,44.0,0.0,,
2016-05-06,223.0,36.0,0.0,,
2016-05-07,275.0,67.0,0.0,,
2016-05-08,275.0,108.0,0.0,,
2016-05-09,223.0,183.0,0.0,,
2016-05-10,276.0,160.0,58.0,,
2016-05-11,299.0,190.0,0.0,,
2016-05-12,262.0,149.0,108.0,,
2016-05-13,241.0,91.0,0.0,,
2016-05-14,185.0,70.0,0.0,,
2016-05-15,201.0,59.0,8.0,,
2016-05-16,180.0,120.0,4.0,,
2016-05-17,271.0,143.0,4.0,,
2016-05-18,162.0,89.0,0.0,,
2016-05-19,242.0,68.0,0.0,,
2016-05-20,240.0,148.0,96.0,,
2016-05-21,242.0,105.0,0.0,,
2016-05-22,262.0,95.0,0.0,,
2016-05-23,274.0,78.0,0.0,,
2016-05-24,301.0,133.0,89.0,,
2016-05-25,287.0,155.0,286.0,,
2016-05-26,315.0,173.0,214.0,,
2016-05-27,271.0,189.0,0.0,,
2016-05-28,281.0,182.0,0.0,,
2016-05-29,305.0,163.0,0.0,,
2016-05-30,301.0,176.0,0.0,,
2016-05-31,278.0,186.0,17.0,,
2016-06-01,302.0,181.0,21.0,,
2016-06-02,290.0,188.0,128.0,,
2016-06-03,286.0,199.0,0.0,,
2016-06-04,282.0,200.0,13.0,,
2016-06-05,282.0,171.0,0.0,,
2016-06-06,283.0,152.0,0.0,,
2016-06-07,299.0,136.0,0.0,,
2016-06-08,280.0,112.0,0.0,,
2016-06-09,298.0,133.0,0.0,,
2016-06-10,314.0,123.0,0.0,,
2016-06-11,325.0,160.0,0.0,,
2016-06-12,320.0,209.0,4.0,,
2016-06-13,324.0,198.0,15.0,,
2016-06-14,295.0,196.0,6.0,,
2016-06-15,326.0,207.0,38.0,,
2016-06-16,340.0,197.0,0.0,,
2016-06-17,323.0,198.0,0.0,,
2016-06-18,303.0,169.0,0.0,,
2016-06-19,297.0,200.0,0.0,,
2016-06-20,309.0,185.0,0.0,,
2016-06-21,322.0,203.0,0.0,,
2016-06-22,331.0,216.0,0.0,,
2016-06-23,330.0,227.0,0.0,,
2016-06-24,333.0,225.0,0.0,,
2016-06-25,335.0,217.0,0.0,,
2016-06-26,338.0,215.0,0.0,,
2016-06-27,319.0,220.0,349.0,,
2016-06-28,318.0,191.0,0.0,,
2016-06-29,296.0,174.0,0.0,,
2016-06-30,301.0,149.0,0.0,,
2016-07-01,323.0,187.0,0.0,,
2016-07-02,323.0,190.0,0.0,,
2016-07-03,330.0,214.0,0.0,,
2016-07-04,325.0,222.0,115.0,,
2016-07-05,307.0,230.0,0.0,,
2016-07-06,319.0,227.0,0.0,,
2016-07-07,325.0,229.0,0.0,,
2016-07-08,337.0,224.0,0.0,,
2016-07-09,316.0,211.0,587.0,,
2016-07-10,291.0,212.0,150.0,,
2016-07-11,300.0,203.0,94.0,,
2016-07-12,320.0,212.0,0.0,,
2016-07-13,328.0,223.0,0.0,,
2016-07-14,300.0,215.0,69.0,,
2016-07-15,322.0,202.0,341.0,,
2016-07-16,316.0,200.0,0.0,,
2016-07-17,327.0,206.0,0.0,,
2016-07-18,330.0,213.0,0.0,,
2016-07-19,333.0,221.0,0.0,,
2016-07-20,338.0,217.0,0.0,,
2016-07-21,340.0,208.0,0.0,,
2016-07-22,343.0,227.0,4.0,,
2016-07-23,299.0,233.0,39.0,,
2016-07-24,319.0,233.0,7.0,,
2016-07-25,337.0,227.0,0.0,,
2016-07-26,339.0,215.0,0.0,,
2016-07-27,310.0,220.0,0.0,,
2016-07-28,287.0,231.0,386.0,,
2016-07-29,307.0,214.0,157.0,,
2016-07-30,302.0,199.0,2.0,,
2016-07-31,301.0,224.0,9.0,,
2016-08-01,330.0,211.0,0.0,,
2016-08-02,332.0,228.0,0.0,,
2016-08-03,336.0,223.0,0.0,,
2016-08-04,341.0,216.0,0.0,,
2016-08-05,343.0,226.0,0.0,,
2016-08-06,322.0,220.0,0.0,,
2016-08-07,305.0,218.0,0.0,,
2016-08-08,313.0,206.0,0.0,,
2016-08-09,326.0,210.0,0.0,,
2016-08-10,321.0,219.0,0.0,,
2016-08-11,313.0,220.0,0.0,,
2016-08-12,315.0,247.0,12.0,,
2016-08-13,301.0,223.0,3.0,,
2016-08-14,322.0,217.0,130.0,,
2016-08-15,297.0,223.0,98.0,,
2016-08-16,292.0,219.0,126.0,,
2016-08-17,286.0,217.0,4.0,,
2016-08-18,280.0,226.0,0.0,,
2016-08-19,284.0,227.0,0.0,,
2016-08-20,288.0,234.0,22.0,,
2016-08-21,277.0,187.0,41.0,,
2016-08-22,279.0,181.0,0.0,,
2016-08-23,317.0,199.0,0.0,,
2016-08-24,337.0,212.0,0.0,,
2016-08-25,330.0,218.0,0.0,,
2016-08-26,306.0,216.0,136.0,,
2016-08-27,312.0,203.0,4.0,,
2016-08-28,336.0,202.0,0.0,,
2016-08-29,333.0,212.0,0.0,,
2016-08-30,332.0,205.0,0.0,,
2016-08-31,329.0,196.0,0.0,,
2016-09-01,293.0,213.0,0.0,,
2016-09-02,280.0,152.0,0.0,,
2016-09-03,293.0,126.0,0.0,,
2016-09-04,324.0,186.0,0.0,,
2016-09-05,310.0,197.0,0.0,,
2016-09-06,332.0,175.0,0.0,,
2016-09-07,336.0,180.0,0.0,,
2016-09-08,309.0,193.0,0.0,,
2016-09-09,302.0,203.0,40.0,,
2016-09-10,326.0,195.0,0.0,,
2016-09-11,281.0,135.0,0.0,,
2016-09-12,315.0,124.0,0.0,,
2016-09-13,327.0,175.0,0.0,,
2016-09-14,327.0,182.0,0.0,,
2016-09-15,345.0,188.0,0.0,,
2016-09-16,345.0,192.0,0.0,,
2016-09-17,294.0,203.0,123.0,,
2016-09-18,273.0,198.0,173.0,,
2016-09-19,300.0,168.0,0.0,,
2016-09-20,316.0,144.0,0.0,,
2016-09-21,313.0,145.0,0.0,,
2016-09-22,326.0,163.0,0.0,,
2016-09-23,328.0,172.0,0.0,,
2016-09-24,337.0,176.0,0.0,,
2016-09-25,340.0,176.0,0.0,,
2016-09-26,242.0,132.0,0.0,,
2016-09-27,256.0,84.0,0.0,,
2016-09-28,298.0,67.0,0.0,,
2016-09-29,230.0,70.0,0.0,,
2016-09-30,233.0,96.0,0.0,,
2016-10-01,236.0,82.0,0.0,,
2016-10-02,268.0,102.0,0.0,,
2016-10-03,276.0,99.0,0.0,,
2016-10-04,307.0,129.0,0.0,,
2016-10-05,305.0,153.0,0.0,,
2016-10-06,309.0,122.0,0.0,,
2016-10-07,317.0,104.0,0.0,,
2016-10-08,239.0,72.0,0.0,,
2016-10-09,255.0,37.0,0.0,,
2016-10-10,259.0,79.0,0.0,,
2016-10-11,283.0,80.0,0.0,,
2016-10-12,281.0,119.0,0.0,,
2016-10-13,222.0,146.0,0.0,,
2016-10-14,175.0,148.0,559.0,,
2016-10-15,271.0,154.0,0.0,,
2016-10-16,285.0,166.0,0.0,,
2016-10-17,295.0,175.0,0.0,,
2016-10-18,298.0,156.0,0.0,,
2016-10-19,306.0,142.0,0.0,,
2016-10-20,245.0,116.0,23.0,,
2016-10-21,181.0,28.0,0.0,,
2016-10-22,199.0,2.0,0.0,,
2016-10-23,238.0,41.0,0.0,,
2016-10-24,253.0,67.0,0.0,,
2016-10-25,259.0,71.0,0.0,,
2016-10-26,266.0,89.0,0.0,,
2016-10-27,263.0,112.0,0.0,,
2016-10-28,276.0,103.0,0.0,,
2016-10-29,283.0,105.0,0.0,,
2016-10-30,282.0,99.0,0.0,,
2016-10-31,289.0,118.0,0.0,,
2016-11-01,284.0,109.0,0.0,,
2016-11-02,274.0,121.0,0.0,,
2016-11-03,279.0,126.0,49.0,,
2016-11-04,230.0,57.0,0.0,,
2016-11-05,193.0,31.0,0.0,,
2016-11-06,231.0,65.0,0.0,,
2016-11-07,232.0,34.0,30.0,,
2016-11-08,157.0,116.0,42.0,,
2016-11-09,180.0,34.0,0.0,,
2016-11-10,183.0,-9.0,4.0,,
2016-11-11,205.0,-4.0,0.0,,
2016-11-12,171.0,5.0,0.0,,
2016-11-13,181.0,-16.0,3.0,,
2016-11-14,191.0,-13.0,2.0,,
2016-11-15,214.0,41.0,32.0,,
2016-11-16,250.0,21.0,0.0,,
2016-11-17,263.0,61.0,0.0,,
2016-11-18,252.0,67.0,144.0,,
2016-11-19,114.0,-21.0,0.0,,
2016-11-20,118.0,-45.0,0.0,,
2016-11-21,148.0,-45.0,0.0,,
2016-11-22,190.0,-15.0,0.0,,
2016-11-23,165.0,101.0,51.0,,
2016-11-24,128.0,63.0,0.0,,
2016-11-25,156.0,3.0,0.0,,
2016-11-26,127.0,-30.0,0.0,,
2016-11-27,114.0,-46.0,0.0,,
2016-11-28,152.0,78.0,403.0,,
2016-11-29,219.0,60.0,99.0,,
2016-11-30,146.0,1.0,4.0,,
2016-12-01,132.0,-32.0,0.0,,
2016-12-02,163.0,-33.0,0.0,,
2016-12-03,84.0,33.0,141.0,,
2016-12-04,86.0,51.0,119.0,,
2016-12-05,91.0,51.0,32.0,,
2016-12-06,100.0,-1.0,132.0,,
2016-12-07,71.0,38.0,0.0,,
2016-12-08,45.0,-62.0,0.0,,
2016-12-09,30.0,-81.0,0.0,,
2016-12-10,78.0,-96.0,0.0,,
2016-12-11,145.0,-27.0,19.0,,
2016-12-12,123.0,8.0,115.0,,
2016-12-13,107.0,21.0,0.0,,
2016-12-14,85.0,-14.0,0.0,,
2016-12-15,18.0,-42.0,0.0,,
2016-12-16,138.0,-51.0,3.0,,
2016-12-17,240.0,11.0,120.0,,
2016-12-18,11.0,-71.0,113.0,,
2016-12-19,-4.0,-98.0,0.0,,
2016-12-20,39.0,-122.0,0.0,,
2016-12-21,140.0,-17.0,0.0,,
2016-12-22,118.0,-22.0,0.0,,
2016-12-23,161.0,-12.0,41.0,,
2016-12-24,181.0,132.0,103.0,,
2016-12-25,201.0,129.0,0.0,,
2016-12-26,249.0,177.0,3.0,,
2016-12-27,204.0,-11.0,4.0,,
2016-12-28,179.0,-12.0,38.0,,
2016-12-29,127.0,-14.0,0.0,,
2016-12-30,115.0,-48.0,0.0,,
2016-12-31,92.0,49.0,73.0,,
2017-01-01,122.0,92.0,4.0,,
2017-01-02,191.0,118.0,427.0,,
2017-01-03,159.0,70.0,2.0,,
2017-01-04,70.0,-44.0,0.0,,
2017-01-05,24.0,-32.0,0.0,,
2017-01-06,-21.0,-81.0,36.0,,
2017-01-07,-52.0,-143.0,0.0,,
2017-01-08,-11.0,-161.0,0.0,,
2017-01-09,94.0,-73.0,0.0,,
2017-01-10,165.0,84.0,3.0,,
2017-01-11,216.0,154.0,6.0,,
2017-01-12,234.0,134.0,0.0,,
2017-01-13,134.0,92.0,0.0,,
2017-01-14,216.0,90.0,0.0,,
2017-01-15,192.0,79.0,0.0,,
2017-01-16,210.0,105.0,29.0,,
2017-01-17,188.0,89.0,68.0,,
2017-01-18,134.0,66.0,5.0,,
2017-01-19,171.0,129.0,175.0,,
2017-01-20,194.0,117.0,0.0,,
2017-01-21,208.0,115.0,3.0,,
2017-01-22,145.0,105.0,116.0,,
2017-01-23,117.0,-6.0,0.0,,
2017-01-24,162.0,-28.0,0.0,,
2017-01-25,190.0,89.0,0.0,,
2017-01-26,89.0,-21.0,0.0,,
2017-01-27,90.0,-35.0,0.0,,
2017-01-28,113.0,-38.0,0.0,,
2017-01-29,102.0,-30.0,0.0,,
2017-01-30,163.0,-40.0,0.0,,
2017-01-31,220.0,14.0,0.0,,
2017-02-01,199.0,95.0,0.0,,
2017-02-02,108.0,25.0,31.0,,
2017-02-03,63.0,-39.0,0.0,,
2017-02-04,100.0,-76.0,11.0,,
2017-02-05,118.0,48.0,2.0,,
2017-02-06,220.0,102.0,29.0,,
2017-02-07,236.0,116.0,13.0,,
2017-02-08,222.0,8.0,0.0,,
2017-02-09,72.0,-35.0,0.0,,
2017-02-10,200.0,-37.0,0.0,,
2017-02-11,241.0,159.0,0.0,,
2017-02-12,217.0,93.0,20.0,,
2017-02-13,147.0,7.0,0.0,,
2017-02-14,117.0,12.0,304.0,,
2017-02-15,112.0,-28.0,0.0,,
2017-02-16,170.0,-47.0,0.0,,
2017-02-17,202.0,0.0,0.0,,
2017-02-18,175.0,77.0,4.0,,
2017-02-19,241.0,34.0,0.0,,
2017-02-20,256.0,70.0,0.0,,
2017-02-21,187.0,139.0,81.0,,
2017-02-22,221.0,101.0,3.0,,
2017-02-23,242.0,67.0,0.0,,
2017-02-24,217.0,112.0,0.0,,
2017-02-25,112.0,-39.0,0.0,,
2017-02-26,157.0,-57.0,3.0,,
2017-02-27,170.0,71.0,173.0,,
2017-02-28,231.0,130.0,66.0,,
2017-03-01,226.0,71.0,0.0,,
2017-03-02,140.0,-22.0,0.0,,
2017-03-03,135.0,-30.0,0.0,,
2017-03-04,203.0,-22.0,0.0,,
2017-03-05,115.0,87.0,16.0,,
2017-03-06,218.0,115.0,5.0,,
2017-03-07,181.0,-1.0,194.0,,
2017-03-08,207.0,-24.0,0.0,,
2017-03-09,236.0,14.0,0.0,,
2017-03-10,184.0,9.0,81.0,,
2017-03-11,62.0,0.0,20.0,,
2017-03-12,116.0,-25.0,0.0,,
2017-03-13,74.0,-33.0,32.0,,
2017-03-14,31.0,-1.0,0.0,,
2017-03-15,60.0,-49.0,0.0,,
2017-03-16,81.0,-39.0,0.0,,
2017-03-17,219.0,70.0,7.0,,
2017-03-18,225.0,38.0,149.0,,
2017-03-19,190.0,18.0,0.0,,
2017-03-20,289.0,93.0,0.0,,
2017-03-21,291.0,107.0,0.0,,
2017-03-22,182.0,78.0,53.0,,
2017-03-23,257.0,52.0,0.0,,
2017-03-24,240.0,169.0,0.0,,
2017-03-25,194.0,141.0,81.0,,
2017-03-26,243.0,102.0,0.0,,
2017-03-27,261.0,107.0,113.0,,
2017-03-28,257.0,101.0,0.0,,
2017-03-29,277.0,144.0,0.0,,
2017-03-30,220.0,91.0,6.0,,
2017-03-31,220.0,73.0,0.0,,
2017-04-01,233.0,69.0,0.0,,
2017-04-02,270.0,70.0,244.0,,
2017-04-03,225.0,117.0,186.0,,
2017-04-04,276.0,84.0,0.0,,
2017-04-05,240.0,99.0,17.0,,
2017-04-06,184.0,52.0,0.0,,
2017-04-07,189.0,4.0,0.0,,
2017-04-08,237.0,-10.0,0.0,,
2017-04-09,268.0,107.0,0.0,,
2017-04-10,248.0,140.0,0.0,,
2017-04-11,231.0,150.0,3.0,,
2017-04-12,267.0,120.0,0.0,,
2017-04-13,294.0,102.0,0.0,,
2017-04-14,297.0,121.0,0.0,,
2017-04-15,280.0,110.0,0.0,,
2017-04-16,257.0,151.0,16.0,,
2017-04-17,249.0,128.0,46.0,,
2017-04-18,257.0,130.0,8.0,,
2017-04-20,292.0,152.0,5.0,,
2017-04-21,259.0,167.0,199.0,,
2017-04-22,216.0,113.0,171.0,,
2017-04-23,137.0,76.0,15.0,,
2017-04-24,217.0,68.0,0.0,,
2017-04-25,267.0,86.0,0.0,,
2017-04-26,269.0,142.0,234.0,,
2017-04-27,200.0,98.0,11.0,,
2017-04-28,290.0,99.0,0.0,,
2017-04-29,304.0,224.0,0.0,,
2017-04-30,244.0,135.0,95.0,,
2017-05-01,203.0,82.0,0.0,,
2017-05-02,261.0,41.0,0.0,,
2017-05-03,270.0,93.0,24.0,,
2017-05-04,169.0,80.0,107.0,,
2017-05-05,198.0,52.0,8.0,,
2017-05-06,250.0,33.0,0.0,,
2017-05-07,242.0,72.0,0.0,,
2017-05-08,274.0,64.0,0.0,,
2017-05-09,287.0,112.0,0.0,,
2017-05-10,287.0,128.0,0.0,,
2017-05-11,261.0,173.0,36.0,,
2017-05-12,217.0,161.0,180.0,,
2017-05-13,246.0,101.0,0.0,,
2017-05-14,269.0,77.0,0.0,,
2017-05-15,279.0,94.0,0.0,,
2017-05-16,299.0,128.0,0.0,,
2017-05-17,292.0,191.0,0.0,,
2017-05-18,304.0,197.0,0.0,,
2017-05-19,303.0,214.0,5.0,,
2017-05-20,267.0,198.0,4.0,,
2017-05-21,248.0,126.0,0.0,,
2017-05-22,222.0,106.0,2.0,,
2017-05-23,245.0,157.0,5.0,,
2017-05-24,200.0,104.0,155.0,,
2017-05-25,234.0,90.0,0.0,,
2017-05-26,291.0,139.0,0.0,,
2017-05-27,299.0,170.0,167.0,,
2017-05-28,261.0,169.0,278.0,,
2017-05-29,265.0,176.0,21.0,,
2017-05-30,289.0,142.0,33.0,,
2017-05-31,291.0,156.0,0.0,,
2017-06-01,280.0,160.0,0.0,,
2017-06-02,264.0,183.0,144.0,,
2017-06-03,294.0,180.0,0.0,,
2017-06-04,260.0,199.0,88.0,,
2017-06-05,275.0,200.0,258.0,,
2017-06-06,284.0,187.0,12.0,,
2017-06-07,266.0,132.0,0.0,,
2017-06-08,242.0,107.0,0.0,,
2017-06-09,268.0,99.0,0.0,,
2017-06-10,289.0,120.0,0.0,,
2017-06-11,307.0,162.0,0.0,,
2017-06-12,308.0,201.0,0.0,,
2017-06-13,307.0,198.0,0.0,,
2017-06-14,317.0,196.0,4.0,,
2017-06-15,290.0,217.0,0.0,,
2017-06-16,318.0,185.0,0.0,,
2017-06-17,308.0,160.0,5.0,,
2017-06-18,303.0,212.0,0.0,,
2017-06-19,290.0,171.0,0.0,,
2017-06-20,307.0,145.0,0.0,,
2017-06-21,285.0,173.0,0.0,,
2017-06-22,304.0,226.0,70.0,,
2017-06-23,278.0,209.0,492.0,,
2017-06-24,276.0,168.0,0.0,,
2017-06-25,282.0,142.0,0.0,,
2017-06-26,282.0,128.0,0.0,,
2017-06-27,284.0,162.0,0.0,,
2017-06-28,300.0,162.0,0.0,,
2017-06-29,298.0,202.0,18.0,,
2017-06-30,297.0,219.0,35.0,,
2017-07-01,307.0,218.0,0.0,,
2017-07-02,293.0,208.0,0.0,,
2017-07-03,295.0,212.0,234.0,,
2017-07-04,300.0,200.0,8.0,,
2017-07-05,306.0,213.0,19.0,,
2017-07-06,312.0,221.0,0.0,,
2017-07-07,325.0,205.0,0.0,,
2017-07-08,311.0,171.0,0.0,,
2017-07-09,317.0,157.0,0.0,,
2017-07-10,325.0,171.0,0.0,,
2017-07-11,331.0,172.0,0.0,,
2017-07-12,326.0,212.0,0.0,,
2017-07-13,335.0,220.0,0.0,,
2017-07-14,325.0,213.0,33.0,,
2017-07-15,321.0,204.0,55.0,,
2017-07-16,312.0,186.0,0.0,,
2017-07-17,321.0,177.0,0.0,,
2017-07-18,339.0,198.0,0.0,,
2017-07-19,338.0,208.0,0.0,,
2017-07-20,344.0,212.0,0.0,,
2017-07-21,347.0,214.0,0.0,,
2017-07-22,350.0,224.0,0.0,,
2017-07-23,334.0,228.0,66.0,,
2017-07-24,314.0,219.0,0.0,,
2017-07-25,337.0,210.0,119.0,,
2017-07-26,337.0,214.0,0.0,,
2017-07-27,328.0,219.0,27.0,,
2017-07-28,266.0,236.0,242.0,,
2017-07-29,291.0,169.0,0.0,,
2017-07-30,298.0,142.0,0.0,,
2017-07-31,308.0,148.0,0.0,,
2017-08-01,300.0,176.0,0.0,,
2017-08-02,293.0,210.0,0.0,,
2017-08-03,309.0,183.0,0.0,,
2017-08-04,289.0,180.0,81.0,,
2017-08-05,298.0,146.0,0.0,,
2017-08-06,297.0,185.0,0.0,,
2017-08-07,278.0,215.0,44.0,,
2017-08-08,294.0,195.0,0.0,,
2017-08-09,307.0,188.0,0.0,,
2017-08-10,316.0,205.0,0.0,,
2017-08-11,307.0,209.0,21.0,,
2017-08-12,303.0,206.0,0.0,,
2017-08-13,266.0,193.0,9.0,,
2017-08-14,266.0,225.0,7.0,,
2017-08-15,298.0,227.0,120.0,,
2017-08-16,313.0,230.0,0.0,,
2017-08-17,306.0,214.0,92.0,,
2017-08-18,311.0,197.0,0.0,,
2017-08-19,330.0,195.0,0.0,,
2017-08-20,327.0,215.0,0.0,,
2017-08-21,328.0,210.0,12.0,,
2017-08-22,341.0,214.0,136.0,,
2017-08-23,291.0,157.0,0.0,,
2017-08-24,289.0,127.0,0.0,,
2017-08-25,306.0,133.0,0.0,,
2017-08-26,297.0,181.0,0.0,,
2017-08-27,310.0,206.0,0.0,,
2017-08-28,277.0,171.0,0.0,,
2017-08-29,289.0,147.0,0.0,,
2017-08-30,239.0,191.0,134.0,,
2017-08-31,261.0,185.0,1105.0,,
2017-09-01,265.0,154.0,68.0,,
2017-09-02,277.0,133.0,0.0,,
2017-09-03,290.0,134.0,0.0,,
2017-09-04,301.0,159.0,0.0,,
2017-09-05,251.0,132.0,34.0,,
2017-09-06,233.0,91.0,0.0,,
2017-09-07,233.0,69.0,0.0,,
2017-09-08,255.0,81.0,0.0,,
2017-09-09,265.0,92.0,0.0,,
2017-09-10,258.0,112.0,0.0,,
2017-09-11,236.0,95.0,2.0,,
2017-09-12,167.0,141.0,412.0,,
2017-09-13,203.0,164.0,21.0,,
2017-09-14,279.0,161.0,0.0,,
2017-09-15,299.0,146.0,0.0,,
2017-09-16,303.0,165.0,0.0,,
2017-09-17,310.0,174.0,0.0,,
2017-09-18,315.0,177.0,0.0,,
2017-09-19,312.0,175.0,0.0,,
2017-09-20,316.0,202.0,0.0,,
2017-09-21,315.0,190.0,0.0,,
2017-09-22,316.0,193.0,0.0,,
2017-09-23,316.0,173.0,0.0,,
2017-09-24,309.0,174.0,0.0,,
2017-09-25,305.0,164.0,0.0,,
2017-09-26,302.0,165.0,0.0,,
2017-09-27,311.0,164.0,0.0,,
2017-09-28,281.0,140.0,0.0,,
2017-09-29,266.0,102.0,0.0,,
2017-09-30,260.0,124.0,0.0,,
2017-10-01,279.0,124.0,0.0,,
2017-10-02,248.0,171.0,0.0,,
2017-10-03,293.0,177.0,0.0,,
2017-10-04,277.0,131.0,0.0,,
2017-10-05,283.0,126.0,0.0,,
2017-10-06,289.0,106.0,0.0,,
2017-10-07,290.0,174.0,0.0,,
2017-10-08,296.0,183.0,0.0,,
2017-10-09,316.0,174.0,0.0,,
2017-10-10,299.0,178.0,182.0,,
2017-10-11,189.0,89.0,0.0,,
2017-10-12,216.0,68.0,0.0,,
2017-10-13,276.0,80.0,0.0,,
2017-10-14,309.0,129.0,0.0,,
2017-10-15,277.0,99.0,146.0,,
2017-10-16,186.0,40.0,0.0,,
2017-10-17,211.0,24.0,0.0,,
2017-10-18,224.0,30.0,0.0,,
2017-10-19,240.0,33.0,0.0,,
2017-10-20,242.0,44.0,0.0,,
2017-10-21,270.0,117.0,0.0,,
2017-10-22,228.0,142.0,228.0,,
2017-10-23,202.0,93.0,8.0,,
2017-10-24,169.0,17.0,0.0,,
2017-10-25,168.0,-4.0,0.0,,
2017-10-26,247.0,46.0,0.0,,
2017-10-27,154.0,43.0,297.0,,
2017-10-28,98.0,-16.0,0.0,,
2017-10-29,127.0,-39.0,0.0,,
2017-10-30,216.0,-9.0,0.0,,
2017-10-31,157.0,9.0,0.0,,
2017-11-01,189.0,90.0,13.0,,
2017-11-02,254.0,177.0,0.0,,
2017-11-03,240.0,149.0,169.0,,
2017-11-04,210.0,119.0,17.0,,
2017-11-05,260.0,186.0,0.0,,
2017-11-06,220.0,146.0,217.0,,
2017-11-07,171.0,96.0,24.0,,
2017-11-08,98.0,88.0,7.0,,
2017-11-09,162.0,16.0,0.0,,
2017-11-10,147.0,-4.0,0.0,,
2017-11-11,176.0,-20.0,0.0,,
2017-11-12,179.0,86.0,0.0,,
2017-11-13,156.0,13.0,0.0,,
2017-11-14,184.0,-6.0,0.0,,
2017-11-15,164.0,41.0,3.0,,
2017-11-16,180.0,27.0,0.0,,
2017-11-17,215.0,20.0,0.0,,
2017-11-18,232.0,64.0,123.0,,
2017-11-19,104.0,-39.0,0.0,,
2017-11-20,125.0,-64.0,0.0,,
2017-11-21,153.0,-21.0,0.0,,
2017-11-22,94.0,-38.0,0.0,,
2017-11-23,128.0,-68.0,0.0,,
2017-11-24,158.0,-31.0,0.0,,
2017-11-25,191.0,12.0,0.0,,
2017-11-26,183.0,-23.0,0.0,,
2017-11-27,194.0,-25.0,0.0,,
2017-11-28,193.0,-8.0,0.0,,
2017-11-29,214.0,5.0,0.0,,
2017-11-30,213.0,89.0,0.0,,
2017-12-01,178.0,-2.0,0.0,,
2017-12-02,200.0,15.0,0.0,,
2017-12-03,212.0,19.0,0.0,,
2017-12-04,205.0,91.0,0.0,,
2017-12-05,185.0,7.0,435.0,,
2017-12-06,90.0,-9.0,0.0,,
2017-12-07,62.0,-13.0,0.0,,
2017-12-08,33.0,-77.0,0.0,,
2017-12-09,79.0,-93.0,0.0,,
2017-12-10,111.0,-80.0,0.0,,
2017-12-11,180.0,-30.0,0.0,,
2017-12-12,98.0,-45.0,0.0,,
2017-12-13,132.0,-69.0,0.0,,
2017-12-14,99.0,-41.0,0.0,,
2017-12-15,70.0,-60.0,0.0,,
2017-12-16,120.0,-38.0,0.0,,
2017-12-17,85.0,41.0,121.0,,
2017-12-18,90.0,65.0,0.0,,
2017-12-19,142.0,65.0,201.0,,
2017-12-20,164.0,94.0,148.0,,
2017-12-21,125.0,85.0,2.0,,
2017-12-22,203.0,119.0,1293.0,,
2017-12-23,204.0,32.0,99.0,,
2017-12-24,62.0,-20.0,2.0,,
2017-12-25,18.0,-33.0,0.0,,
2017-12-26,53.0,-12.0,0.0,,
2017-12-27,-8.0,-65.0,0.0,,
2017-12-28,18.0,-92.0,0.0,,
2017-12-29,67.0,-93.0,0.0,,
2017-12-30,53.0,-28.0,0.0,,
2017-12-31,-28.0,-101.0,0.0,,
2018-01-01,-58.0,-129.0,0.0,,
2018-01-02,-26.0,-136.0,0.0,,
2018-01-03,12.0,-114.0,0.0,,
2018-01-04,-18.0,-117.0,0.0,,
2018-01-05,46.0,-138.0,0.0,,
2018-01-06,43.0,-83.0,0.0,,
2018-01-07,84.0,-33.0,50.0,,
2018-01-08,72.0,37.0,129.0,,
2018-01-09,113.0,54.0,4.0,,
2018-01-10,161.0,108.0,2.0,,
2018-01-11,179.0,121.0,168.0,,
2018-01-12,122.0,-68.0,293.0,,
2018-01-13,-27.0,-110.0,0.0,,
2018-01-14,-7.0,-116.0,0.0,,
2018-01-15,87.0,-65.0,3.0,,
2018-01-16,-28.0,-160.0,19.0,,
2018-01-17,-55.0,-180.0,0.0,,
2018-01-18,32.0,-165.0,0.0,,
2018-01-19,68.0,-106.0,0.0,,
2018-01-20,166.0,50.0,0.0,,
2018-01-21,218.0,111.0,0.0,,
2018-01-22,180.0,71.0,104.0,,
2018-01-23,82.0,-43.0,0.0,,
2018-01-24,114.0,-72.0,0.0,,
2018-01-25,159.0,-59.0,0.0,,
2018-01-26,159.0,-31.0,0.0,,
2018-01-27,132.0,89.0,184.0,,
2018-01-28,152.0,-14.0,9.0,,
2018-01-29,86.0,-40.0,0.0,,
2018-01-30,60.0,-63.0,0.0,,
2018-01-31,167.0,-8.0,0.0,,
2018-02-01,151.0,-14.0,18.0,,
2018-02-02,20.0,-51.0,0.0,,
2018-02-03,116.0,-33.0,60.0,,
2018-02-04,133.0,-9.0,94.0,,
2018-02-05,81.0,-59.0,0.0,,
2018-02-06,64.0,38.0,345.0,,
2018-02-07,48.0,-30.0,153.0,,
2018-02-08,111.0,-68.0,0.0,,
2018-02-09,179.0,-35.0,0.0,,
2018-02-10,147.0,78.0,522.0,,
2018-02-11,80.0,-9.0,84.0,,
2018-02-12,70.0,-30.0,0.0,,
2018-02-13,111.0,-19.0,102.0,,
2018-02-14,192.0,109.0,313.0,,
2018-02-15,237.0,184.0,0.0,,
2018-02-16,209.0,60.0,11.0,,
2018-02-17,85.0,20.0,81.0,,
2018-02-18,156.0,-9.0,0.0,,
2018-02-19,236.0,121.0,0.0,,
2018-02-20,240.0,175.0,0.0,,
2018-02-21,216.0,84.0,560.0,,
2018-02-22,165.0,79.0,314.0,,
2018-02-23,234.0,162.0,86.0,,
2018-02-24,238.0,121.0,276.0,,
2018-02-25,123.0,80.0,33.0,,
2018-02-26,184.0,20.0,3.0,,
2018-02-27,202.0,1.0,136.0,,
2018-02-28,209.0,126.0,885.0,,
2018-03-01,183.0,65.0,248.0,,
2018-03-02,152.0,0.0,0.0,,
2018-03-03,175.0,-19.0,0.0,,
2018-03-04,212.0,-13.0,0.0,,
2018-03-05,168.0,90.0,110.0,,
2018-03-06,175.0,-2.0,0.0,,
2018-03-07,93.0,-24.0,0.0,,
2018-03-08,94.0,-29.0,0.0,,
2018-03-09,193.0,-35.0,0.0,,
2018-03-10,197.0,104.0,81.0,,
2018-03-11,148.0,36.0,7.0,,
2018-03-12,120.0,3.0,0.0,,
2018-03-13,126.0,-37.0,0.0,,
2018-03-14,124.0,-46.0,0.0,,
2018-03-15,199.0,-26.0,0.0,,
2018-03-16,154.0,42.0,96.0,,
2018-03-17,248.0,100.0,0.0,,
2018-03-18,165.0,80.0,8.0,,
2018-03-19,222.0,89.0,278.0,,
2018-03-20,131.0,28.0,3.0,,
2018-03-21,114.0,-13.0,0.0,,
2018-03-22,176.0,-29.0,0.0,,
2018-03-23,213.0,67.0,0.0,,
2018-03-24,193.0,118.0,28.0,,
2018-03-25,143.0,69.0,0.0,,
2018-03-26,153.0,79.0,0.0,,
2018-03-27,249.0,120.0,0.0,,
2018-03-28,193.0,162.0,706.0,,
2018-03-29,200.0,110.0,103.0,,
2018-03-30,162.0,23.0,0.0,,
2018-03-31,218.0,3.0,0.0,,
2018-04-01,215.0,67.0,0.0,,
2018-04-02,202.0,76.0,0.0,,
2018-04-03,280.0,89.0,197.0,,
2018-04-04,121.0,-9.0,0.0,,
2018-04-05,167.0,-19.0,0.0,,
2018-04-06,115.0,83.0,256.0,,
2018-04-07,85.0,-29.0,5.0,,
2018-04-08,114.0,-41.0,0.0,,
2018-04-09,172.0,6.0,0.0,,
2018-04-10,171.0,7.0,0.0,,
2018-04-11,223.0,-6.0,0.0,,
2018-04-12,278.0,91.0,0.0,,
2018-04-13,270.0,162.0,0.0,,
2018-04-14,223.0,82.0,310.0,,
2018-04-15,82.0,12.0,0.0,,
2018-04-16,123.0,9.0,0.0,,
2018-04-17,262.0,6.0,0.0,,
2018-04-19,144.0,33.0,0.0,,
2018-04-20,215.0,-14.0,0.0,,
2018-04-21,241.0,29.0,0.0,,
2018-04-22,185.0,146.0,232.0,,
2018-04-23,178.0,121.0,50.0,,
2018-04-24,183.0,99.0,0.0,,
2018-04-25,244.0,67.0,28.0,,
2018-04-26,169.0,81.0,422.0,,
2018-04-27,227.0,56.0,0.0,,
2018-04-28,256.0,46.0,0.0,,
2018-04-29,212.0,40.0,0.0,,
2018-04-30,256.0,13.0,0.0,,
2018-05-01,286.0,70.0,0.0,,
2018-05-02,297.0,173.0,0.0,,
2018-05-03,292.0,182.0,0.0,,
2018-05-04,248.0,178.0,15.0,,
2018-05-05,226.0,105.0,290.0,,
2018-05-06,280.0,85.0,0.0,,
2018-05-07,286.0,121.0,6.0,,
2018-05-08,294.0,114.0,0.0,,
2018-05-09,304.0,184.0,0.0,,
2018-05-10,304.0,167.0,0.0,,
2018-05-11,298.0,152.0,0.0,,
2018-05-12,292.0,160.0,0.0,,
2018-05-13,316.0,153.0,0.0,,
2018-05-14,319.0,161.0,0.0,,
2018-05-15,321.0,170.0,39.0,,
2018-05-16,293.0,173.0,7.0,,
2018-05-17,253.0,157.0,13.0,,
2018-05-18,269.0,179.0,0.0,,
2018-05-19,305.0,161.0,209.0,,
2018-05-20,305.0,184.0,260.0,,
2018-05-21,257.0,197.0,88.0,,
2018-05-22,282.0,186.0,4.0,,
2018-05-23,304.0,179.0,0.0,,
2018-05-24,304.0,188.0,66.0,,
2018-05-25,291.0,198.0,43.0,,
2018-05-26,290.0,193.0,0.0,,
2018-05-27,297.0,199.0,0.0,,
2018-05-28,291.0,186.0,0.0,,
2018-05-29,264.0,197.0,260.0,,
2018-05-30,313.0,204.0,0.0,,
2018-05-31,299.0,218.0,0.0,,
2018-06-01,255.0,188.0,437.0,,
2018-06-02,318.0,178.0,141.0,,
2018-06-03,283.0,151.0,114.0,,
2018-06-04,288.0,127.0,0.0,,
2018-06-05,285.0,153.0,0.0,,
2018-06-06,302.0,137.0,0.0,,
2018-06-07,318.0,143.0,0.0,,
2018-06-08,322.0,170.0,0.0,,
2018-06-09,320.0,186.0,0.0,,
2018-06-10,317.0,207.0,0.0,,
2018-06-11,304.0,211.0,0.0,,
2018-06-12,313.0,197.0,789.0,,
2018-06-13,273.0,205.0,70.0,,
2018-06-14,305.0,201.0,0.0,,
2018-06-15,323.0,197.0,0.0,,
2018-06-16,326.0,204.0,0.0,,
2018-06-17,320.0,218.0,0.0,,
2018-06-18,315.0,205.0,0.0,,
2018-06-19,297.0,200.0,0.0,,
2018-06-20,300.0,210.0,266.0,,
2018-06-21,305.0,196.0,519.0,,
2018-06-22,296.0,185.0,0.0,,
2018-06-23,317.0,201.0,48.0,,
2018-06-24,311.0,233.0,0.0,,
2018-06-25,317.0,218.0,0.0,,
2018-06-26,331.0,227.0,0.0,,
2018-06-27,329.0,209.0,0.0,,
2018-06-28,339.0,205.0,156.0,,
2018-06-29,276.0,204.0,39.0,,
2018-06-30,327.0,201.0,0.0,,
2018-07-01,334.0,206.0,0.0,,
2018-07-02,326.0,215.0,0.0,,
2018-07-03,315.0,223.0,0.0,,
2018-07-04,334.0,205.0,107.0,,
2018-07-05,327.0,214.0,13.0,,
2018-07-06,316.0,211.0,22.0,,
2018-07-07,290.0,220.0,0.0,,
2018-07-08,299.0,213.0,0.0,,
2018-07-09,299.0,212.0,131.0,,
2018-07-10,319.0,206.0,0.0,,
2018-07-11,328.0,213.0,0.0,,
2018-07-12,327.0,213.0,219.0,,
2018-07-13,333.0,215.0,0.0,,
2018-07-14,334.0,232.0,0.0,,
2018-07-15,329.0,224.0,28.0,,
2018-07-16,320.0,232.0,2.0,,
2018-07-17,324.0,226.0,0.0,,
2018-07-18,311.0,215.0,0.0,,
2018-07-19,321.0,211.0,343.0,,
2018-07-20,327.0,219.0,0.0,,
2018-07-21,320.0,209.0,0.0,,
2018-07-22,295.0,190.0,0.0,,
2018-07-23,281.0,185.0,0.0,,
2018-07-24,296.0,168.0,0.0,,
2018-07-25,317.0,171.0,0.0,,
2018-07-26,322.0,162.0,0.0,,
2018-07-27,302.0,187.0,125.0,,
2018-07-28,307.0,166.0,0.0,,
2018-07-29,311.0,178.0,0.0,,
2018-07-30,301.0,198.0,0.0,,
2018-07-31,265.0,192.0,0.0,,
2018-08-01,287.0,165.0,0.0,,
2018-08-02,306.0,151.0,0.0,,
2018-08-03,329.0,156.0,0.0,,
2018-08-04,330.0,175.0,0.0,,
2018-08-05,326.0,222.0,0.0,,
2018-08-06,334.0,206.0,0.0,,
2018-08-07,332.0,197.0,0.0,,
2018-08-08,311.0,215.0,0.0,,
2018-08-09,287.0,203.0,61.0,,
2018-08-10,320.0,183.0,0.0,,
2018-08-11,335.0,178.0,26.0,,
2018-08-12,331.0,204.0,0.0,,
2018-08-13,323.0,192.0,0.0,,
2018-08-14,320.0,194.0,0.0,,
2018-08-15,333.0,222.0,0.0,,
2018-08-16,330.0,246.0,0.0,,
2018-08-17,304.0,219.0,0.0,,
2018-08-18,295.0,213.0,0.0,,
2018-08-19,303.0,205.0,0.0,,
2018-08-20,296.0,215.0,125.0,,
2018-08-21,271.0,203.0,0.0,,
2018-08-22,289.0,167.0,0.0,,
2018-08-23,280.0,139.0,0.0,,
2018-08-24,302.0,154.0,0.0,,
2018-08-25,320.0,208.0,0.0,,
2018-08-26,333.0,203.0,0.0,,
2018-08-27,331.0,207.0,0.0,,
2018-08-28,333.0,210.0,0.0,,
2018-08-29,326.0,205.0,106.0,,
2018-08-30,284.0,190.0,0.0,,
2018-08-31,300.0,192.0,0.0,,
2018-09-01,313.0,203.0,0.0,,
2018-09-02,330.0,194.0,0.0,,
2018-09-03,324.0,200.0,0.0,,
2018-09-04,330.0,195.0,0.0,,
2018-09-05,286.0,192.0,17.0,,
2018-09-06,298.0,228.0,109.0,,
2018-09-07,313.0,222.0,0.0,,
2018-09-08,319.0,220.0,0.0,,
2018-09-09,238.0,177.0,104.0,,
2018-09-10,204.0,152.0,6.0,,
2018-09-11,232.0,148.0,0.0,,
2018-09-12,297.0,175.0,3.0,,
2018-09-13,324.0,179.0,0.0,,
2018-09-14,335.0,198.0,0.0,,
2018-09-15,335.0,193.0,0.0,,
2018-09-16,331.0,191.0,0.0,,
2018-09-17,323.0,174.0,0.0,,
2018-09-18,336.0,167.0,0.0,,
2018-09-19,348.0,174.0,0.0,,
2018-09-20,349.0,184.0,0.0,,
2018-09-21,335.0,212.0,20.0,,
2018-09-22,291.0,204.0,425.0,,
2018-09-23,261.0,207.0,267.0,,
2018-09-24,269.0,216.0,235.0,,
2018-09-25,299.0,214.0,80.0,,
2018-09-26,247.0,190.0,6.0,,
2018-09-27,190.0,151.0,24.0,,
2018-09-28,204.0,124.0,0.0,,
2018-09-29,266.0,114.0,0.0,,
2018-09-30,290.0,118.0,0.0,,
2018-10-01,297.0,182.0,0.0,,
2018-10-02,300.0,195.0,3.0,,
2018-10-03,307.0,186.0,0.0,,
2018-10-04,313.0,189.0,0.0,,
2018-10-05,311.0,186.0,0.0,,
2018-10-06,306.0,183.0,0.0,,
2018-10-07,309.0,166.0,0.0,,
2018-10-08,307.0,175.0,0.0,,
2018-10-09,293.0,189.0,0.0,,
2018-10-10,280.0,172.0,9.0,,
2018-10-11,201.0,67.0,0.0,,
2018-10-12,202.0,47.0,0.0,,
2018-10-13,173.0,122.0,56.0,,
2018-10-14,251.0,140.0,57.0,,
2018-10-15,217.0,89.0,0.0,,
2018-10-16,101.0,78.0,39.0,,
2018-10-17,199.0,67.0,0.0,,
2018-10-18,187.0,59.0,0.0,,
2018-10-19,224.0,44.0,90.0,,
2018-10-20,190.0,70.0,74.0,,
2018-10-21,148.0,5.0,0.0,,
2018-10-22,187.0,-12.0,0.0,,
2018-10-23,202.0,33.0,0.0,,
2018-10-24,203.0,26.0,0.0,,
2018-10-25,134.0,102.0,224.0,,
2018-10-26,130.0,104.0,15.0,,
2018-10-27,192.0,57.0,0.0,,
2018-10-28,260.0,66.0,0.0,,
2018-10-29,209.0,25.0,0.0,,
2018-10-30,258.0,98.0,0.0,,
2018-10-31,249.0,166.0,115.0,,
2018-11-01,196.0,74.0,270.0,,
2018-11-02,140.0,40.0,19.0,,
2018-11-03,190.0,6.0,0.0,,
2018-11-04,138.0,117.0,44.0,,
2018-11-05,204.0,123.0,464.0,,
2018-11-06,211.0,63.0,0.0,,
2018-11-07,158.0,61.0,32.0,,
2018-11-08,145.0,76.0,0.0,,
2018-11-09,105.0,-12.0,112.0,,
2018-11-10,57.0,-41.0,0.0,,
2018-11-11,111.0,-47.0,0.0,,
2018-11-12,107.0,34.0,210.0,,
2018-11-13,35.0,-10.0,14.0,,
2018-11-14,-9.0,-20.0,16.0,,
2018-11-15,59.0,-32.0,0.0,,
2018-11-16,164.0,-31.0,0.0,,
2018-11-17,193.0,-7.0,0.0,,
2018-11-18,189.0,14.0,0.0,,
2018-11-19,125.0,68.0,4.0,,
2018-11-20,120.0,-25.0,0.0,,
2018-11-21,134.0,-52.0,0.0,,
2018-11-22,169.0,-29.0,0.0,,
2018-11-23,127.0,22.0,129.0,,
2018-11-24,186.0,60.0,0.0,,
2018-11-25,172.0,41.0,3.0,,
2018-11-26,50.0,-43.0,0.0,,
2018-11-27,37.0,-61.0,0.0,,
2018-11-28,107.0,-70.0,0.0,,
2018-11-29,187.0,67.0,3.0,,
2018-11-30,186.0,169.0,99.0,,
2018-12-01,215.0,94.0,467.0,,
2018-12-02,185.0,53.0,0.0,,
2018-12-03,92.0,-4.0,0.0,,
2018-12-04,67.0,-40.0,0.0,,
2018-12-05,68.0,-55.0,0.0,,
2018-12-06,85.0,-53.0,5.0,,
2018-12-07,56.0,40.0,91.0,,
2018-12-08,45.0,10.0,396.0,,
2018-12-09,10.0,-7.0,67.0,,
2018-12-10,52.0,-54.0,0.0,,
2018-12-11,103.0,-85.0,0.0,,
2018-12-12,112.0,31.0,0.0,,
2018-12-13,152.0,88.0,97.0,,
2018-12-14,137.0,82.0,64.0,,
2018-12-15,91.0,72.0,64.0,,
2018-12-16,152.0,20.0,0.0,,
2018-12-17,157.0,-8.0,0.0,,
2018-12-18,152.0,-19.0,0.0,,
2018-12-19,154.0,-8.0,22.0,,
2018-12-20,101.0,47.0,91.0,,
2018-12-21,52.0,-32.0,20.0,,
2018-12-22,135.0,-37.0,0.0,,
2018-12-23,107.0,-32.0,2.0,,
2018-12-24,107.0,-56.0,0.0,,
2018-12-25,110.0,25.0,13.0,,
2018-12-26,147.0,71.0,0.0,,
2018-12-27,147.0,112.0,298.0,,
2018-12-28,139.0,2.0,5.0,,
2018-12-29,88.0,-20.0,0.0,,
2018-12-30,130.0,19.0,306.0,,
2018-12-31,211.0,76.0,289.0,,
2019-01-01,91.0,28.0,0.0,,
2019-01-02,63.0,44.0,154.0,,
2019-01-03,80.0,37.0,16.0,,
2019-01-04,110.0,22.0,78.0,,
2019-01-05,135.0,5.0,0.0,,
2019-01-06,185.0,-8.0,0.0,,
2019-01-07,181.0,66.0,0.0,,
2019-01-08,201.0,63.0,0.0,,
2019-01-09,92.0,-27.0,0.0,,
2019-01-10,71.0,-37.0,0.0,,
2019-01-11,69.0,-38.0,0.0,,
2019-01-12,96.0,58.0,131.0,,
2019-01-13,78.0,18.0,3.0,,
2019-01-14,32.0,12.0,0.0,,
2019-01-15,68.0,-33.0,0.0,,
2019-01-16,128.0,-44.0,0.0,,
2019-01-17,110.0,79.0,55.0,,
2019-01-18,116.0,56.0,88.0,,
2019-01-19,161.0,-7.0,605.0,,
2019-01-20,11.0,-49.0,0.0,,
2019-01-21,55.0,-63.0,0.0,,
2019-01-22,116.0,11.0,0.0,,
2019-01-23,125.0,-6.0,187.0,,
2019-01-24,68.0,-44.0,0.0,,
2019-01-25,49.0,-62.0,0.0,,
2019-01-26,107.0,-21.0,0.0,,
2019-01-27,139.0,-30.0,0.0,,
2019-01-28,166.0,-30.0,4.0,,
2019-01-29,20.0,-56.0,0.0,,
2019-01-30,9.0,-54.0,0.0,,
2019-01-31,114.0,-91.0,0.0,,
2019-02-01,129.0,33.0,0.0,,
2019-02-02,204.0,0.0,0.0,,
2019-02-03,219.0,33.0,0.0,,
2019-02-04,188.0,129.0,6.0,,
2019-02-05,209.0,154.0,3.0,,
2019-02-06,227.0,161.0,41.0,,
2019-02-07,239.0,3.0,87.0,,
2019-02-08,15.0,-53.0,0.0,,
2019-02-09,73.0,-42.0,0.0,,
2019-02-10,134.0,26.0,19.0,,
2019-02-11,179.0,119.0,352.0,,
2019-02-12,143.0,-2.0,214.0,,
2019-02-13,142.0,-35.0,0.0,,
2019-02-14,149.0,63.0,0.0,,
2019-02-15,131.0,21.0,43.0,,
2019-02-16,51.0,0.0,0.0,,
2019-02-17,79.0,24.0,73.0,,
2019-02-18,54.0,-10.0,0.0,,
2019-02-19,83.0,-4.0,245.0,,
2019-02-20,127.0,2.0,240.0,,
2019-02-21,75.0,-15.0,146.0,,
2019-02-22,139.0,75.0,471.0,,
2019-02-23,232.0,138.0,542.0,,
2019-02-24,153.0,-23.0,0.0,,
2019-02-25,147.0,-39.0,0.0,,
2019-02-26,189.0,-25.0,0.0,,
2019-02-27,218.0,29.0,11.0,,
2019-02-28,134.0,33.0,6.0,,
2019-03-01,64.0,20.0,0.0,,
2019-03-02,69.0,32.0,0.0,,
2019-03-03,51.0,-18.0,350.0,,
2019-03-04,-3.0,-61.0,0.0,,
2019-03-05,30.0,-75.0,0.0,,
2019-03-06,69.0,-93.0,0.0,,
2019-03-07,106.0,-60.0,0.0,,
2019-03-08,168.0,76.0,28.0,,
2019-03-09,199.0,130.0,479.0,,
2019-03-10,183.0,42.0,0.0,,
2019-03-11,176.0,64.0,73.0,,
2019-03-12,173.0,48.0,0.0,,
2019-03-13,217.0,88.0,31.0,,
2019-03-14,242.0,119.0,26.0,,
2019-03-15,138.0,-6.0,0.0,,
2019-03-16,142.0,-24.0,0.0,,
2019-03-17,180.0,-33.0,0.0,,
2019-03-18,149.0,-21.0,0.0,,
2019-03-19,159.0,-37.0,0.0,,
2019-03-20,193.0,-23.0,63.0,,
2019-03-21,162.0,6.0,0.0,,
2019-03-22,192.0,-21.0,0.0,,
2019-03-23,212.0,-5.0,0.0,,
2019-03-24,223.0,77.0,39.0,,
2019-03-25,190.0,95.0,83.0,,
2019-03-26,151.0,-12.0,0.0,,
2019-03-27,198.0,-38.0,0.0,,
2019-03-28,237.0,12.0,0.0,,
2019-03-29,231.0,114.0,0.0,,
2019-03-30,228.0,56.0,88.0,,
2019-03-31,115.0,11.0,0.0,,
2019-04-01,140.0,-17.0,0.0,,
2019-04-02,177.0,-17.0,0.0,,
2019-04-03,229.0,4.0,0.0,,
2019-04-04,137.0,101.0,328.0,,
2019-04-05,207.0,89.0,2.0,,
2019-04-06,266.0,64.0,63.0,,
2019-04-07,206.0,165.0,181.0,,
2019-04-08,196.0,149.0,105.0,,
2019-04-09,273.0,111.0,0.0,,
2019-04-10,293.0,77.0,0.0,,
2019-04-11,289.0,165.0,0.0,,
2019-04-12,194.0,117.0,40.0,,
2019-04-13,195.0,125.0,619.0,,
2019-04-14,195.0,20.0,10.0,,
2019-04-15,,,0.0,,
2019-04-16,254.0,99.0,0.0,,
2019-04-17,229.0,127.0,0.0,,
2019-04-18,208.0,92.0,328.0,,
2019-04-19,92.0,68.0,98.0,,
2019-04-20,200.0,38.0,0.0,,
2019-04-21,261.0,37.0,0.0,,
2019-04-22,265.0,64.0,0.0,,
2019-04-23,266.0,95.0,0.0,,
2019-04-24,268.0,106.0,3.0,,
2019-04-25,190.0,136.0,18.0,,
2019-04-26,237.0,69.0,0.0,,
2019-04-27,259.0,53.0,0.0,,
2019-04-28,251.0,152.0,0.0,,
2019-04-29,269.0,122.0,0.0,,
2019-04-30,278.0,150.0,0.0,,
2019-05-01,264.0,171.0,0.0,,
2019-05-02,273.0,179.0,0.0,,
2019-05-03,237.0,174.0,18.0,,
2019-05-04,211.0,151.0,229.0,,
2019-05-05,226.0,101.0,0.0,,
2019-05-06,263.0,80.0,0.0,,
2019-05-07,288.0,116.0,0.0,,
2019-05-08,300.0,137.0,16.0,,
2019-05-09,207.0,171.0,378.0,,
2019-05-10,181.0,153.0,20.0,,
2019-05-11,197.0,142.0,267.0,,
2019-05-12,188.0,101.0,0.0,,
2019-05-13,222.0,73.0,0.0,,
2019-05-14,233.0,84.0,0.0,,
2019-05-15,292.0,113.0,0.0,,
2019-05-16,303.0,152.0,0.0,,
2019-05-17,302.0,146.0,0.0,,
2019-05-18,299.0,171.0,81.0,,
2019-05-19,270.0,176.0,52.0,,
2019-05-20,297.0,160.0,0.0,,
2019-05-21,308.0,207.0,0.0,,
2019-05-22,310.0,220.0,0.0,,
2019-05-23,314.0,182.0,0.0,,
2019-05-24,308.0,177.0,0.0,,
2019-05-25,318.0,176.0,0.0,,
2019-05-26,324.0,169.0,0.0,,
2019-05-27,318.0,187.0,0.0,,
2019-05-28,303.0,210.0,3.0,,
2019-05-29,301.0,207.0,0.0,,
2019-05-30,280.0,182.0,29.0,,
2019-05-31,295.0,156.0,0.0,,
2019-06-01,297.0,132.0,0.0,,
2019-06-02,307.0,165.0,0.0,,
2019-06-03,299.0,160.0,0.0,,
2019-06-04,298.0,188.0,14.0,,
2019-06-05,297.0,217.0,7.0,,
2019-06-06,225.0,206.0,500.0,,
2019-06-07,285.0,193.0,118.0,,
2019-06-08,273.0,200.0,322.0,,
2019-06-09,279.0,197.0,0.0,,
2019-06-10,269.0,122.0,0.0,,
2019-06-11,254.0,98.0,0.0,,
2019-06-12,261.0,135.0,0.0,,
2019-06-13,255.0,104.0,0.0,,
2019-06-14,273.0,81.0,0.0,,
2019-06-15,301.0,191.0,0.0,,
2019-06-16,291.0,214.0,5.0,,
2019-06-17,296.0,202.0,114.0,,
2019-06-18,284.0,197.0,58.0,,
2019-06-19,310.0,201.0,118.0,,
2019-06-20,294.0,200.0,11.0,,
2019-06-21,322.0,192.0,24.0,,
2019-06-22,308.0,206.0,45.0,,
2019-06-23,315.0,190.0,151.0,,
2019-06-24,282.0,183.0,357.0,,
2019-06-25,299.0,175.0,0.0,,
2019-06-26,310.0,184.0,0.0,,
2019-06-27,274.0,183.0,159.0,,
2019-06-28,284.0,186.0,70.0,,
2019-06-29,310.0,190.0,49.0,,
2019-06-30,308.0,197.0,0.0,,
2019-07-01,320.0,200.0,0.0,,
2019-07-02,314.0,200.0,0.0,,
2019-07-03,311.0,216.0,16.0,,
2019-07-04,312.0,217.0,0.0,,
2019-07-05,324.0,198.0,0.0,,
2019-07-06,310.0,204.0,0.0,,
2019-07-07,321.0,221.0,0.0,,
2019-07-08,333.0,209.0,0.0,,
2019-07-09,332.0,212.0,0.0,,
2019-07-10,333.0,215.0,153.0,,
2019-07-11,323.0,218.0,0.0,,
2019-07-12,319.0,206.0,75.0,,
2019-07-13,315.0,227.0,0.0,,
2019-07-14,240.0,215.0,360.0,,
2019-07-15,257.0,215.0,367.0,,
2019-07-16,285.0,232.0,45.0,,
2019-07-17,323.0,229.0,0.0,,
2019-07-18,325.0,235.0,0.0,,
2019-07-19,326.0,225.0,0.0,,
2019-07-20,329.0,221.0,306.0,,
2019-07-21,305.0,226.0,0.0,,
2019-07-22,295.0,213.0,251.0,,
2019-07-23,257.0,148.0,0.0,,
2019-07-24,282.0,130.0,0.0,,
2019-07-25,284.0,117.0,0.0,,
2019-07-26,299.0,142.0,0.0,,
2019-07-27,312.0,163.0,0.0,,
2019-07-28,315.0,179.0,0.0,,
2019-07-29,311.0,182.0,64.0,,
2019-07-30,282.0,207.0,46.0,,
2019-07-31,307.0,183.0,0.0,,
2019-08-01,301.0,159.0,0.0,,
2019-08-02,306.0,163.0,0.0,,
2019-08-03,322.0,191.0,3.0,,
2019-08-04,317.0,199.0,3.0,,
2019-08-05,312.0,184.0,0.0,,
2019-08-06,328.0,187.0,0.0,,
2019-08-07,338.0,209.0,352.0,,
2019-08-08,277.0,207.0,6.0,,
2019-08-09,293.0,215.0,325.0,,
2019-08-10,309.0,213.0,0.0,,
2019-08-11,330.0,220.0,0.0,,
2019-08-12,346.0,230.0,0.0,,
2019-08-13,351.0,235.0,0.0,,
2019-08-14,317.0,199.0,0.0,,
2019-08-15,321.0,182.0,0.0,,
2019-08-16,324.0,170.0,0.0,,
2019-08-17,330.0,190.0,0.0,,
2019-08-18,335.0,189.0,55.0,,
2019-08-19,335.0,206.0,0.0,,
2019-08-20,335.0,216.0,0.0,,
2019-08-21,332.0,209.0,0.0,,
2019-08-22,309.0,221.0,0.0,,
2019-08-23,315.0,210.0,4.0,,
2019-08-24,300.0,208.0,5.0,,
2019-08-25,282.0,217.0,511.0,,
2019-08-26,296.0,225.0,43.0,,
2019-08-27,303.0,220.0,0.0,,
2019-08-28,294.0,157.0,0.0,,
2019-08-29,296.0,127.0,0.0,,
2019-08-30,303.0,137.0,0.0,,
2019-08-31,313.0,144.0,0.0,,
2019-09-01,321.0,169.0,0.0,,
2019-09-02,321.0,181.0,0.0,,
2019-09-03,328.0,176.0,0.0,,
2019-09-04,332.0,173.0,0.0,,
2019-09-05,309.0,163.0,0.0,,
2019-09-06,330.0,150.0,0.0,,
2019-09-07,321.0,196.0,0.0,,
2019-09-08,329.0,177.0,0.0,,
2019-09-09,344.0,190.0,0.0,,
2019-09-10,323.0,200.0,0.0,,
2019-09-11,339.0,196.0,0.0,,
2019-09-12,347.0,201.0,0.0,,
2019-09-13,347.0,191.0,0.0,,
2019-09-14,339.0,200.0,0.0,,
2019-09-15,344.0,191.0,0.0,,
2019-09-16,352.0,181.0,0.0,,
2019-09-17,350.0,177.0,0.0,,
2019-09-18,352.0,180.0,0.0,,
2019-09-19,324.0,183.0,0.0,,
2019-09-20,311.0,182.0,0.0,,
2019-09-21,311.0,155.0,0.0,,
2019-09-22,313.0,162.0,0.0,,
2019-09-23,274.0,181.0,0.0,,
2019-09-24,308.0,164.0,0.0,,
2019-09-25,326.0,162.0,0.0,,
2019-09-26,316.0,189.0,0.0,,
2019-09-27,338.0,194.0,0.0,,
2019-09-28,328.0,183.0,0.0,,
2019-09-29,337.0,182.0,0.0,,
2019-09-30,341.0,183.0,0.0,,
2019-10-01,347.0,173.0,0.0,,
2019-10-02,349.0,175.0,0.0,,
2019-10-03,349.0,183.0,0.0,,
2019-10-04,292.0,148.0,0.0,,
2019-10-05,324.0,116.0,0.0,,
2019-10-06,308.0,181.0,342.0,,
2019-10-07,193.0,102.0,344.0,,
2019-10-08,245.0,86.0,0.0,,
2019-10-09,268.0,99.0,0.0,,
2019-10-10,291.0,153.0,0.0,,
2019-10-11,254.0,89.0,57.0,,
2019-10-12,165.0,24.0,0.0,,
2019-10-13,201.0,4.0,0.0,,
2019-10-14,215.0,26.0,0.0,,
2019-10-15,207.0,127.0,4.0,,
2019-10-16,192.0,41.0,72.0,,
2019-10-17,183.0,14.0,0.0,,
2019-10-18,217.0,32.0,0.0,,
2019-10-19,224.0,38.0,0.0,,
2019-10-20,256.0,155.0,0.0,,
2019-10-21,208.0,120.0,138.0,,
2019-10-22,178.0,27.0,0.0,,
2019-10-23,211.0,8.0,0.0,,
2019-10-24,230.0,24.0,0.0,,
2019-10-25,157.0,86.0,437.0,,
2019-10-26,221.0,125.0,302.0,,
2019-10-27,149.0,125.0,0.0,,
2019-10-28,150.0,122.0,3.0,,
2019-10-29,177.0,124.0,54.0,,
2019-10-30,184.0,105.0,339.0,,
2019-10-31,105.0,-25.0,221.0,,
2019-11-01,124.0,-39.0,0.0,,
2019-11-02,147.0,-31.0,0.0,,
2019-11-03,156.0,-25.0,0.0,,
2019-11-04,185.0,-10.0,0.0,,
2019-11-05,206.0,20.0,0.0,,
2019-11-06,217.0,38.0,0.0,,
2019-11-07,130.0,27.0,32.0,,
2019-11-08,74.0,-43.0,0.0,,
2019-11-09,141.0,-61.0,0.0,,
2019-11-10,196.0,-6.0,0.0,,
2019-11-11,144.0,-20.0,138.0,,
2019-11-12,-14.0,-92.0,0.0,,
2019-11-13,79.0,-112.0,0.0,,
2019-11-14,124.0,-40.0,0.0,,
2019-11-15,97.0,-41.0,0.0,,
2019-11-16,145.0,-58.0,0.0,,
2019-11-17,159.0,-39.0,0.0,,
2019-11-18,131.0,-27.0,0.0,,
2019-11-19,182.0,6.0,2.0,,
2019-11-20,210.0,-11.0,0.0,,
2019-11-21,138.0,85.0,55.0,,
2019-11-22,161.0,89.0,177.0,,
2019-11-23,90.0,8.0,29.0,,
2019-11-24,123.0,-22.0,0.0,,
2019-11-25,181.0,0.0,0.0,,
2019-11-26,193.0,103.0,461.0,,
2019-11-27,214.0,14.0,36.0,,
2019-11-28,101.0,33.0,0.0,,
2019-11-29,132.0,76.0,0.0,,
2019-11-30,190.0,108.0,325.0,,
2019-12-01,148.0,31.0,0.0,,
2019-12-02,43.0,-35.0,0.0,,
2019-12-03,103.0,-34.0,0.0,,
2019-12-04,162.0,-21.0,0.0,,
2019-12-05,159.0,12.0,0.0,,
2019-12-06,122.0,65.0,124.0,,
2019-12-07,141.0,10.0,0.0,,
2019-12-08,169.0,-6.0,0.0,,
2019-12-09,195.0,138.0,0.0,,
2019-12-10,138.0,-26.0,86.0,,
2019-12-11,104.0,-54.0,0.0,,
2019-12-12,118.0,-51.0,0.0,,
2019-12-13,82.0,18.0,3.0,,
2019-12-14,115.0,5.0,0.0,,
2019-12-15,171.0,44.0,0.0,,
2019-12-16,172.0,20.0,245.0,,
2019-12-17,20.0,-49.0,0.0,,
2019-12-18,77.0,-72.0,0.0,,
2019-12-19,102.0,-65.0,0.0,,
2019-12-20,124.0,-50.0,0.0,,
2019-12-21,115.0,24.0,15.0,,
2019-12-22,101.0,71.0,203.0,,
2019-12-23,183.0,41.0,4.0,,
2019-12-24,196.0,11.0,0.0,,
2019-12-25,207.0,29.0,0.0,,
2019-12-26,186.0,101.0,0.0,,
2019-12-27,212.0,85.0,0.0,,
2019-12-28,196.0,144.0,73.0,,
2019-12-29,192.0,86.0,522.0,,
2019-12-30,106.0,14.0,0.0,,
2019-12-31,106.0,6.0,0.0,,
2020-01-01,125.0,-27.0,0.0,,
2020-01-02,125.0,75.0,364.0,,
2020-01-03,152.0,98.0,132.0,,
2020-01-04,98.0,-30.0,0.0,,
2020-01-05,164.0,-35.0,0.0,,
2020-01-06,154.0,-5.0,0.0,,
2020-01-07,127.0,-27.0,0.0,,
2020-01-08,171.0,-36.0,0.0,,
2020-01-09,172.0,56.0,0.0,,
2020-01-10,189.0,146.0,21.0,,
2020-01-11,208.0,43.0,553.0,,
2020-01-12,85.0,2.0,5.0,,
2020-01-13,135.0,-11.0,22.0,,
2020-01-14,173.0,126.0,185.0,,
2020-01-15,208.0,149.0,142.0,,
2020-01-16,149.0,49.0,0.0,,
2020-01-17,147.0,33.0,2.0,,
2020-01-18,170.0,40.0,85.0,,
2020-01-19,63.0,-31.0,0.0,,
2020-01-20,-4.0,-58.0,0.0,,
2020-01-21,36.0,-60.0,0.0,,
2020-01-22,65.0,-61.0,0.0,,
2020-01-23,61.0,12.0,162.0,,
2020-01-24,71.0,34.0,5.0,,
2020-01-25,91.0,7.0,0.0,,
2020-01-26,106.0,18.0,14.0,,
2020-01-27,150.0,-2.0,0.0,,
2020-01-28,159.0,-21.0,0.0,,
2020-01-29,133.0,56.0,2.0,,
2020-01-30,84.0,12.0,0.0,,
2020-01-31,81.0,42.0,40.0,,
2020-02-01,113.0,6.0,0.0,,
2020-02-02,215.0,4.0,0.0,,
2020-02-03,213.0,77.0,0.0,,
2020-02-04,173.0,144.0,241.0,,
2020-02-05,144.0,44.0,281.0,,
2020-02-06,44.0,1.0,75.0,,
2020-02-07,65.0,-20.0,2.0,,
2020-02-08,118.0,-35.0,0.0,,
2020-02-09,198.0,-10.0,28.0,,
2020-02-10,158.0,76.0,275.0,,
2020-02-11,76.0,42.0,113.0,,
2020-02-12,134.0,46.0,189.0,,
2020-02-13,72.0,-18.0,6.0,,
2020-02-14,39.0,-62.0,0.0,,
2020-02-15,150.0,-63.0,0.0,,
2020-02-16,119.0,38.0,0.0,,
2020-02-17,135.0,24.0,0.0,,
2020-02-18,174.0,51.0,132.0,,
2020-02-19,125.0,29.0,0.0,,
2020-02-20,74.0,-8.0,136.0,,
2020-02-21,62.0,-56.0,0.0,,
2020-02-22,124.0,-81.0,0.0,,
2020-02-23,125.0,-1.0,31.0,,
2020-02-24,153.0,70.0,124.0,,
2020-02-25,115.0,62.0,0.0,,
2020-02-26,75.0,-1.0,0.0,,
2020-02-27,90.0,-48.0,0.0,,
2020-02-28,123.0,21.0,0.0,,
2020-02-29,168.0,-24.0,0.0,,
2020-03-01,210.0,30.0,0.0,,
2020-03-02,224.0,131.0,13.0,,
2020-03-03,194.0,106.0,106.0,,
2020-03-04,146.0,82.0,0.0,,
2020-03-05,201.0,62.0,0.0,,
2020-03-06,133.0,-25.0,0.0,,
2020-03-07,156.0,-44.0,0.0,,
2020-03-08,206.0,-12.0,0.0,,
2020-03-09,188.0,120.0,121.0,,
2020-03-10,197.0,47.0,17.0,,
2020-03-11,202.0,26.0,145.0,,
2020-03-12,241.0,145.0,85.0,,
2020-03-13,184.0,99.0,59.0,,
2020-03-14,238.0,74.0,399.0,,
2020-03-15,90.0,59.0,191.0,,
2020-03-16,106.0,55.0,93.0,,
2020-03-17,191.0,98.0,0.0,,
2020-03-18,242.0,115.0,34.0,,
2020-03-19,251.0,177.0,0.0,,
2020-03-20,228.0,90.0,178.0,,
2020-03-21,122.0,50.0,0.0,,
2020-03-22,114.0,50.0,134.0,,
2020-03-23,194.0,103.0,207.0,,
2020-03-24,219.0,123.0,419.0,,
2020-03-25,158.0,71.0,0.0,,
2020-03-26,303.0,69.0,0.0,,
2020-03-27,298.0,175.0,0.0,,
2020-03-28,290.0,186.0,86.0,,
2020-03-29,220.0,79.0,0.0,,
2020-03-30,167.0,78.0,204.0,,
2020-03-31,153.0,38.0,330.0,,
2020-04-01,199.0,24.0,0.0,,
2020-04-02,232.0,46.0,0.0,,
2020-04-03,249.0,69.0,0.0,,
2020-04-04,229.0,83.0,0.0,,
2020-04-05,258.0,92.0,0.0,,
2020-04-06,272.0,93.0,0.0,,
2020-04-07,216.0,147.0,20.0,,
2020-04-08,274.0,187.0,0.0,,
2020-04-09,215.0,118.0,8.0,,
2020-04-10,148.0,13.0,0.0,,
2020-04-11,222.0,-3.0,39.0,,
2020-04-12,167.0,118.0,,,
2020-04-13,146.0,24.0,,,
2020-04-14,115.0,-8.0,,,
2020-04-15,163.0,-27.0,,,
2020-04-16,207.0,-5.0,,,
2020-04-17,233.0,93.0,,,
2020-04-18,174.0,51.0,,,
2020-04-19,142.0,81.0,,,
2020-04-20,226.0,96.0,,,
2020-04-21,253.0,79.0,,,
2020-04-22,192.0,73.0,,,
2020-04-23,208.0,112.0,,,
2020-04-24,240.0,78.0,,,
2020-04-25,195.0,90.0,,,
2020-04-26,202.0,59.0,,,
2020-04-27,230.0,51.0,,,
2020-04-28,240.0,109.0,,,
2020-04-29,225.0,115.0,,,
2020-04-30,217.0,73.0,,,
2020-05-01,265.0,50.0,,,
2020-05-02,276.0,106.0,,,
2020-05-03,270.0,155.0,,,
2020-05-04,278.0,170.0,,,
2020-05-05,227.0,100.0,,,
2020-05-06,183.0,38.0,,,
2020-05-07,213.0,27.0,,,
2020-05-08,174.0,51.0,,,
2020-05-09,188.0,11.0,,,
2020-05-10,230.0,15.0,,,
2020-05-11,186.0,34.0,,,
2020-05-12,157.0,86.0,,,
2020-05-13,273.0,121.0,,,
2020-05-14,280.0,164.0,,,
2020-05-15,275.0,177.0,,,
2020-05-16,286.0,193.0,,,
2020-05-17,287.0,200.0,,,
2020-05-18,242.0,145.0,,,
2020-05-19,197.0,108.0,,,
2020-05-20,239.0,114.0,,,
2020-05-21,271.0,101.0,,,
2020-05-22,298.0,181.0,,,
2020-05-23,312.0,182.0,,,
2020-05-24,292.0,188.0,0.0,,
2020-05-25,310.0,179.0,0.0,,
2020-05-26,267.0,200.0,6.0,,
2020-05-27,267.0,184.0,54.0,,
2020-05-28,272.0,157.0,88.0,,
2020-05-29,268.0,137.0,0.0,,
2020-05-30,271.0,117.0,0.0,,
2020-05-31,272.0,105.0,0.0,,
2020-06-01,287.0,131.0,0.0,,
2020-06-02,309.0,125.0,0.0,,
2020-06-03,305.0,189.0,179.0,,
2020-06-04,279.0,195.0,121.0,,
2020-06-05,311.0,192.0,123.0,,
2020-06-06,315.0,172.0,0.0,,
2020-06-07,327.0,186.0,0.0,,
2020-06-08,266.0,238.0,120.0,,
2020-06-09,302.0,227.0,248.0,,
2020-06-10,263.0,158.0,0.0,,
2020-06-11,274.0,126.0,0.0,,
2020-06-12,296.0,117.0,0.0,,
2020-06-13,302.0,134.0,0.0,,
2020-06-14,309.0,142.0,0.0,,
2020-06-15,276.0,132.0,0.0,,
2020-06-16,278.0,113.0,0.0,,
2020-06-17,285.0,135.0,0.0,,
2020-06-18,295.0,139.0,0.0,,
2020-06-19,309.0,156.0,0.0,,
2020-06-20,320.0,163.0,0.0,,
2020-06-21,294.0,209.0,109.0,,
2020-06-22,271.0,194.0,151.0,,
2020-06-23,297.0,193.0,57.0,,
2020-06-24,284.0,193.0,11.0,,
2020-06-25,299.0,190.0,0.0,,
2020-06-26,251.0,203.0,39.0,,
2020-06-27,303.0,213.0,31.0,,
2020-06-28,308.0,235.0,0.0,,
2020-06-29,306.0,214.0,0.0,,
2020-06-30,312.0,237.0,50.0,,
2020-07-01,307.0,210.0,5.0,,
2020-07-02,316.0,208.0,0.0,,
2020-07-03,327.0,203.0,0.0,,
2020-07-04,327.0,203.0,0.0,,
2020-07-05,314.0,199.0,366.0,,
2020-07-06,325.0,205.0,2.0,,
2020-07-07,310.0,195.0,0.0,,
2020-07-08,305.0,209.0,0.0,,
2020-07-09,312.0,205.0,0.0,,
2020-07-10,315.0,203.0,0.0,,
2020-07-11,329.0,180.0,0.0,,
2020-07-12,299.0,211.0,172.0,,
2020-07-13,306.0,184.0,0.0,,
2020-07-14,322.0,187.0,0.0,,
2020-07-15,333.0,206.0,0.0,,
2020-07-16,329.0,218.0,0.0,,
2020-07-17,333.0,220.0,0.0,,
2020-07-18,337.0,210.0,0.0,,
2020-07-19,341.0,204.0,0.0,,
2020-07-20,335.0,212.0,24.0,,
2020-07-21,326.0,217.0,48.0,,
2020-07-22,326.0,224.0,2.0,,
2020-07-23,332.0,220.0,57.0,,
2020-07-24,326.0,215.0,0.0,,
2020-07-25,320.0,217.0,49.0,,
2020-07-26,321.0,215.0,35.0,,
2020-07-27,326.0,204.0,0.0,,
2020-07-28,323.0,206.0,20.0,,
2020-07-29,323.0,212.0,0.0,,
2020-07-30,313.0,231.0,0.0,,
2020-07-31,317.0,227.0,0.0,,
2020-08-01,238.0,168.0,24.0,,
2020-08-02,298.0,159.0,0.0,,
2020-08-03,321.0,173.0,0.0,,
2020-08-04,276.0,171.0,0.0,,
2020-08-05,280.0,143.0,0.0,,
2020-08-06,291.0,138.0,0.0,,
2020-08-07,315.0,147.0,0.0,,
2020-08-08,335.0,173.0,0.0,,
2020-08-09,348.0,196.0,0.0,,
2020-08-10,350.0,215.0,0.0,,
2020-08-11,346.0,220.0,8.0,,
2020-08-12,312.0,210.0,0.0,,
2020-08-13,309.0,210.0,0.0,,
2020-08-14,305.0,213.0,36.0,,
2020-08-15,326.0,197.0,0.0,,
2020-08-16,320.0,176.0,0.0,,
2020-08-17,322.0,151.0,0.0,,
2020-08-18,316.0,162.0,0.0,,
2020-08-19,250.0,186.0,0.0,,
2020-08-20,318.0,157.0,4.0,,
2020-08-21,264.0,186.0,12.0,,
2020-08-22,306.0,183.0,0.0,,
2020-08-23,334.0,163.0,0.0,,
2020-08-24,338.0,168.0,0.0,,
2020-08-25,319.0,202.0,18.0,,
2020-08-26,324.0,227.0,9.0,,
2020-08-27,294.0,223.0,11.0,,
2020-08-28,309.0,228.0,469.0,,
2020-08-29,319.0,227.0,7.0,,
2020-08-30,290.0,223.0,103.0,,
2020-08-31,309.0,215.0,31.0,,
2020-09-01,313.0,208.0,7.0,,
2020-09-02,309.0,236.0,93.0,,
2020-09-03,311.0,213.0,37.0,,
2020-09-04,308.0,176.0,7.0,,
2020-09-05,286.0,159.0,9.0,,
2020-09-06,319.0,148.0,7.0,,
2020-09-07,325.0,160.0,9.0,,
2020-09-08,309.0,172.0,10.0,,
2020-09-09,313.0,177.0,9.0,,
2020-09-10,321.0,161.0,16.0,,
2020-09-11,328.0,174.0,21.0,,
2020-09-12,309.0,206.0,119.0,,
2020-09-13,262.0,212.0,29.0,,
2020-09-14,294.0,210.0,11.0,,
2020-09-15,298.0,191.0,15.0,,
2020-09-16,256.0,188.0,6.0,,
2020-09-17,289.0,169.0,14.0,,
2020-09-18,261.0,150.0,4.0,,
2020-09-19,246.0,111.0,3.0,,
2020-09-20,265.0,130.0,11.0,,
2020-09-21,251.0,116.0,5.0,,
2020-09-22,220.0,151.0,10.0,,
2020-09-23,175.0,140.0,128.0,,
2020-09-24,196.0,141.0,211.0,,
2020-09-25,206.0,174.0,0.0,,
2020-09-26,235.0,160.0,6.0,,
2020-09-27,278.0,146.0,7.0,,
2020-09-28,208.0,92.0,43.0,,
2020-09-29,210.0,71.0,5.0,,
2020-09-30,266.0,67.0,0.0,,
2020-10-01,231.0,65.0,,,
2020-10-02,194.0,31.0,,,
2020-10-03,211.0,20.0,,,
2020-10-04,221.0,59.0,,,
2020-10-05,202.0,30.0,,,
2020-10-06,248.0,28.0,,,
2020-10-07,277.0,56.0,,,
2020-10-08,252.0,89.0,,,
2020-10-09,204.0,172.0,,,
2020-10-10,214.0,193.0,,,
2020-10-11,228.0,195.0,,,
2020-10-12,273.0,113.0,,,
2020-10-13,235.0,60.0,,,
2020-10-14,270.0,49.0,,,
2020-10-15,215.0,88.0,,,
2020-10-16,175.0,14.0,,,
2020-10-17,200.0,8.0,,,
2020-10-18,247.0,133.0,,,
2020-10-19,276.0,149.0,,,
2020-10-20,277.0,144.0,,,
2020-10-21,286.0,134.0,,,
2020-10-22,291.0,163.0,,,
2020-10-23,279.0,114.0,,,
2020-10-24,114.0,89.0,,,
2020-10-25,142.0,96.0,,,
2020-10-26,143.0,111.0,,,
2020-10-27,160.0,117.0,0.0,,
2020-10-28,226.0,124.0,424.0,,
2020-10-29,216.0,71.0,73.0,,
2020-10-30,145.0,22.0,0.0,,
2020-10-31,187.0,4.0,0.0,,
2020-11-01,179.0,35.0,0.0,,
2020-11-02,145.0,-27.0,0.0,,
2020-11-03,194.0,-11.0,0.0,,
2020-11-04,222.0,21.0,0.0,,
2020-11-05,211.0,51.0,0.0,,
2020-11-06,232.0,31.0,0.0,,
2020-11-07,256.0,80.0,0.0,,
2020-11-08,260.0,169.0,0.0,,
2020-11-09,245.0,152.0,0.0,,
2020-11-10,214.0,166.0,3.0,,
2020-11-11,209.0,70.0,7.0,,
2020-11-12,205.0,24.0,0.0,,
2020-11-13,186.0,49.0,0.0,,
2020-11-14,234.0,48.0,0.0,,
2020-11-15,214.0,12.0,40.0,,
2020-11-16,184.0,-21.0,0.0,,
2020-11-17,171.0,-12.0,0.0,,
2020-11-18,192.0,-13.0,0.0,,
2020-11-19,206.0,74.0,0.0,,
2020-11-20,216.0,81.0,0.0,,
2020-11-21,225.0,72.0,0.0,,
2020-11-22,151.0,37.0,32.0,,
2020-11-23,133.0,-15.0,0.0,,
2020-11-24,165.0,0.0,0.0,,
2020-11-25,214.0,47.0,60.0,,
2020-11-26,167.0,-9.0,0.0,,
2020-11-27,175.0,14.0,14.0,,
2020-11-28,130.0,9.0,0.0,,
2020-11-29,105.0,4.0,109.0,,
2020-11-30,60.0,-37.0,0.0,,
2020-12-01,88.0,-79.0,0.0,,
2020-12-02,125.0,-70.0,0.0,,
2020-12-03,58.0,10.0,111.0,,
2020-12-04,78.0,-10.0,29.0,,
2020-12-05,153.0,-21.0,0.0,,
2020-12-06,148.0,-20.0,0.0,,
2020-12-07,88.0,-30.0,0.0,,
2020-12-08,148.0,-36.0,0.0,,
2020-12-09,189.0,-17.0,0.0,,
2020-12-10,225.0,10.0,0.0,,
2020-12-11,189.0,30.0,27.0,,
2020-12-12,163.0,17.0,4.0,,
2020-12-13,108.0,-28.0,242.0,,
2020-12-14,55.0,3.0,28.0,,
2020-12-15,35.0,-4.0,5.0,,
2020-12-16,23.0,9.0,17.0,,
2020-12-17,52.0,-49.0,0.0,,
2020-12-18,105.0,-60.0,0.0,,
2020-12-19,74.0,34.0,177.0,,
2020-12-20,96.0,33.0,0.0,,
2020-12-21,167.0,46.0,0.0,,
2020-12-22,168.0,-18.0,0.0,,
2020-12-23,160.0,73.0,95.0,,
2020-12-24,73.0,-37.0,0.0,,
2020-12-25,1.0,-77.0,0.0,,
2020-12-26,137.0,-77.0,0.0,,
2020-12-27,172.0,-21.0,0.0,,
2020-12-28,140.0,22.0,0.0,,
2020-12-29,140.0,12.0,0.0,,
2020-12-30,193.0,54.0,265.0,,
2020-12-31,92.0,36.0,609.0,,
2021-01-01,161.0,54.0,149.0,,
2021-01-02,67.0,28.0,9.0,,
2021-01-03,110.0,-19.0,0.0,,
2021-01-04,134.0,-8.0,0.0,,
2021-01-05,113.0,-27.0,0.0,,
2021-01-06,118.0,-31.0,0.0,,
2021-01-07,76.0,15.0,103.0,,
2021-01-08,35.0,11.0,0.0,,
2021-01-09,18.0,5.0,0.0,,
2021-01-10,23.0,-2.0,0.0,,
2021-01-11,7.0,-17.0,16.0,,
2021-01-12,63.0,-72.0,0.0,,
2021-01-13,107.0,-62.0,0.0,,
2021-01-14,145.0,-7.0,0.0,,
2021-01-15,88.0,-31.0,0.0,,
2021-01-16,69.0,-22.0,0.0,,
2021-01-17,110.0,-16.0,0.0,,
2021-01-18,131.0,-37.0,0.0,,
2021-01-19,151.0,37.0,0.0,,
2021-01-20,98.0,-20.0,36.0,,
2021-01-21,96.0,47.0,60.0,,
2021-01-22,115.0,10.0,0.0,,
2021-01-23,116.0,-18.0,0.0,,
2021-01-24,122.0,73.0,135.0,,
2021-01-25,229.0,116.0,132.0,,
2021-01-26,177.0,43.0,0.0,,
2021-01-27,86.0,10.0,0.0,,
2021-01-28,62.0,-42.0,0.0,,
2021-01-29,109.0,-47.0,0.0,,
2021-01-30,144.0,58.0,93.0,,
2021-01-31,154.0,34.0,0.0,,
2021-02-01,38.0,15.0,0.0,,
2021-02-02,66.0,-42.0,0.0,,
2021-02-03,109.0,-73.0,0.0,,
2021-02-04,127.0,-3.0,83.0,,
2021-02-05,109.0,-45.0,0.0,,
2021-02-06,125.0,-23.0,71.0,,
2021-02-07,38.0,4.0,0.0,,
2021-02-08,113.0,13.0,0.0,,
2021-02-09,120.0,37.0,0.0,,
2021-02-10,134.0,4.0,0.0,,
2021-02-11,5.0,-21.0,156.0,,
2021-02-12,-21.0,-42.0,0.0,,
2021-02-13,-41.0,-78.0,0.0,,
2021-02-14,-74.0,-93.0,25.0,,
2021-02-15,-81.0,-129.0,209.0,,
2021-02-16,-76.0,-164.0,0.0,,
2021-02-17,-36.0,-94.0,99.0,,
2021-02-18,-18.0,-65.0,55.0,,
2021-02-19,8.0,-118.0,0.0,,
2021-02-20,74.0,-143.0,0.0,,
2021-02-21,151.0,-33.0,13.0,,
2021-02-22,135.0,6.0,72.0,,
2021-02-23,212.0,-6.0,0.0,,
2021-02-24,210.0,43.0,0.0,,
2021-02-25,156.0,64.0,25.0,,
2021-02-26,138.0,59.0,366.0,,
2021-02-27,188.0,121.0,34.0,,
2021-02-28,237.0,143.0,322.0,,
2021-03-01,143.0,30.0,174.0,,
2021-03-02,103.0,-2.0,2.0,,
2021-03-03,165.0,-32.0,0.0,,
2021-03-04,223.0,-14.0,0.0,,
2021-03-05,128.0,49.0,0.0,,
2021-03-06,148.0,-6.0,0.0,,
2021-03-07,173.0,-34.0,0.0,,
2021-03-08,204.0,-30.0,0.0,,
2021-03-09,216.0,-5.0,0.0,,
2021-03-10,229.0,123.0,0.0,,
2021-03-11,232.0,147.0,0.0,,
2021-03-12,236.0,121.0,0.0,,
2021-03-13,227.0,137.0,0.0,,
2021-03-14,247.0,120.0,0.0,,
2021-03-15,244.0,107.0,176.0,,
2021-03-16,261.0,83.0,0.0,,
2021-03-17,218.0,155.0,,,
2021-03-18,170.0,62.0,,,
2021-03-19,88.0,56.0,,,
2021-03-20,185.0,28.0,,,
2021-03-21,195.0,-9.0,,,
2021-03-22,210.0,33.0,,,
2021-03-23,194.0,127.0,,,
2021-03-24,247.0,129.0,,,
2021-03-25,247.0,108.0,382.0,,
2021-03-26,230.0,56.0,0.0,,
2021-03-27,264.0,148.0,368.0,,
2021-03-28,186.0,22.0,81.0,,
2021-03-29,194.0,-5.0,0.0,,
2021-03-30,226.0,73.0,515.0,,
2021-03-31,191.0,6.0,339.0,,
2021-04-01,108.0,-20.0,0.0,,
2021-04-02,138.0,-37.0,0.0,,
2021-04-03,196.0,-19.0,0.0,,
2021-04-04,233.0,5.0,0.0,,
2021-04-05,248.0,42.0,0.0,,
2021-04-06,263.0,82.0,0.0,,
2021-04-07,258.0,149.0,245.0,,
2021-04-08,223.0,107.0,0.0,,
2021-04-09,282.0,81.0,7.0,,
2021-04-10,222.0,85.0,16.0,,
2021-04-11,232.0,81.0,0.0,,
2021-04-12,284.0,88.0,0.0,,
2021-04-13,259.0,91.0,0.0,,
2021-04-14,167.0,89.0,49.0,,
2021-04-15,181.0,81.0,2.0,,
2021-04-16,163.0,73.0,0.0,,
2021-04-17,171.0,49.0,0.0,,
2021-04-18,170.0,26.0,0.0,,
2021-04-19,205.0,22.0,2.0,,
2021-04-20,229.0,24.0,0.0,,
2021-04-21,133.0,-2.0,0.0,,
2021-04-22,178.0,-15.0,0.0,,
2021-04-23,210.0,82.0,41.0,,
2021-04-24,193.0,93.0,99.0,,
2021-04-25,225.0,58.0,0.0,,
2021-04-26,265.0,52.0,0.0,,
2021-04-27,276.0,124.0,0.0,,
2021-04-28,273.0,213.0,0.0,,
2021-04-29,240.0,161.0,165.0,,
2021-04-30,253.0,95.0,0.0,,
2021-05-01,273.0,70.0,0.0,,
2021-05-02,215.0,155.0,101.0,,
2021-05-03,293.0,182.0,77.0,,
2021-05-04,265.0,149.0,284.0,,
2021-05-05,209.0,77.0,0.0,,
2021-05-06,236.0,51.0,68.0,,
2021-05-07,209.0,60.0,0.0,,
2021-05-08,250.0,103.0,0.0,,
2021-05-09,236.0,127.0,98.0,,
2021-05-10,161.0,101.0,0.0,,
2021-05-11,188.0,99.0,80.0,,
2021-05-12,211.0,77.0,0.0,,
2021-05-13,215.0,64.0,0.0,,
2021-05-14,225.0,35.0,0.0,,
2021-05-15,258.0,53.0,0.0,,
2021-05-16,266.0,123.0,0.0,,
2021-05-17,253.0,170.0,73.0,,
2021-05-18,223.0,185.0,0.0,,
2021-05-19,280.0,178.0,2.0,,
2021-05-20,282.0,172.0,0.0,,
2021-05-21,279.0,160.0,0.0,,
2021-05-22,285.0,137.0,0.0,,
2021-05-23,293.0,131.0,0.0,,
2021-05-24,303.0,144.0,0.0,,
2021-05-25,304.0,178.0,0.0,,
2021-05-26,255.0,181.0,18.0,,
2021-05-27,308.0,165.0,16.0,,
2021-05-28,265.0,142.0,84.0,,
2021-05-29,152.0,120.0,0.0,,
2021-05-30,224.0,71.0,0.0,,
2021-05-31,251.0,68.0,0.0,,
2021-06-01,238.0,144.0,36.0,,
2021-06-02,283.0,196.0,13.0,,
2021-06-03,269.0,152.0,3.0,,
2021-06-04,289.0,131.0,0.0,,
2021-06-05,263.0,154.0,6.0,,
2021-06-06,226.0,199.0,108.0,,
2021-06-07,262.0,198.0,71.0,,
2021-06-08,223.0,200.0,803.0,,
2021-06-09,252.0,197.0,311.0,,
2021-06-10,263.0,194.0,2.0,,
2021-06-11,308.0,202.0,97.0,,
2021-06-12,328.0,229.0,3.0,,
2021-06-13,335.0,217.0,15.0,,
2021-06-14,317.0,197.0,0.0,,
2021-06-15,298.0,163.0,0.0,,
2021-06-16,304.0,133.0,0.0,,
2021-06-17,324.0,163.0,0.0,,
2021-06-18,313.0,175.0,0.0,,
2021-06-19,277.0,192.0,0.0,,
2021-06-20,323.0,174.0,0.0,,
2021-06-21,304.0,183.0,194.0,,
2021-06-22,255.0,124.0,0.0,,
2021-06-23,286.0,106.0,2.0,,
2021-06-24,314.0,152.0,0.0,,
2021-06-25,295.0,234.0,63.0,,
2021-06-26,308.0,224.0,0.0,,
2021-06-27,316.0,215.0,0.0,,
2021-06-28,317.0,215.0,0.0,,
2021-06-29,319.0,196.0,0.0,,
2021-06-30,284.0,213.0,43.0,,
2021-07-01,297.0,207.0,272.0,,
2021-07-02,286.0,142.0,20.0,,
2021-07-03,268.0,133.0,0.0,,
2021-07-04,287.0,134.0,2.0,,
2021-07-05,303.0,157.0,0.0,,
2021-07-06,310.0,177.0,66.0,,
2021-07-07,295.0,204.0,0.0,,
2021-07-08,316.0,211.0,0.0,,
2021-07-09,269.0,222.0,89.0,,
2021-07-10,302.0,227.0,0.0,,
2021-07-11,278.0,202.0,179.0,,
2021-07-12,286.0,200.0,15.0,,
2021-07-13,286.0,199.0,14.0,,
2021-07-14,316.0,191.0,3.0,,
2021-07-15,321.0,198.0,2.0,,
2021-07-16,302.0,211.0,40.0,,
2021-07-17,285.0,218.0,0.0,,
2021-07-18,265.0,208.0,62.0,,
2021-07-19,267.0,209.0,78.0,,
2021-07-20,285.0,199.0,102.0,,
2021-07-21,298.0,191.0,5.0,,
2021-07-22,313.0,209.0,5.0,,
2021-07-23,310.0,204.0,5.0,,
2021-07-24,329.0,213.0,3.0,,
2021-07-25,335.0,221.0,2.0,,
2021-07-26,336.0,228.0,3.0,,
2021-07-27,336.0,221.0,2.0,,
2021-07-28,337.0,211.0,4.0,,
2021-07-29,334.0,202.0,6.0,,
2021-07-30,340.0,210.0,7.0,,
2021-07-31,349.0,229.0,12.0,,
2021-08-01,302.0,201.0,12.0,,
2021-08-02,277.0,195.0,11.0,,
2021-08-03,286.0,156.0,10.0,,
2021-08-04,291.0,144.0,21.0,,
2021-08-05,297.0,139.0,13.0,,
2021-08-06,281.0,173.0,9.0,,
2021-08-07,311.0,174.0,15.0,,
2021-08-08,315.0,187.0,14.0,,
2021-08-09,334.0,222.0,16.0,,
2021-08-10,338.0,240.0,19.0,,
2021-08-11,339.0,226.0,20.0,,
2021-08-12,338.0,214.0,22.0,,
2021-08-13,320.0,217.0,176.0,,
2021-08-14,316.0,204.0,9.0,,
2021-08-15,298.0,206.0,5.0,,
2021-08-16,292.0,193.0,62.0,,
2021-08-17,305.0,196.0,194.0,,
2021-08-18,297.0,211.0,494.0,,
2021-08-19,307.0,216.0,438.0,,
2021-08-20,285.0,224.0,335.0,,
2021-08-21,313.0,237.0,10.0,,
2021-08-22,321.0,210.0,12.0,,
2021-08-23,324.0,192.0,13.0,,
2021-08-24,327.0,206.0,18.0,,
2021-08-25,333.0,200.0,17.0,,
2021-08-26,332.0,217.0,14.0,,
2021-08-27,320.0,209.0,10.0,,
2021-08-28,318.0,206.0,15.0,,
2021-08-29,317.0,223.0,50.0,,
2021-08-30,239.0,215.0,378.0,,
2021-08-31,283.0,198.0,159.0,,
2021-09-01,298.0,190.0,100.0,,
2021-09-02,290.0,170.0,12.0,,
2021-09-03,286.0,145.0,18.0,,
2021-09-04,303.0,142.0,14.0,,
2021-09-05,290.0,188.0,18.0,,
2021-09-06,284.0,137.0,14.0,,
2021-09-07,292.0,115.0,11.0,,
2021-09-08,298.0,127.0,11.0,,
2021-09-09,280.0,111.0,7.0,,
2021-09-10,278.0,99.0,11.0,,
2021-09-11,277.0,135.0,9.0,,
2021-09-12,291.0,150.0,7.0,,
2021-09-13,304.0,189.0,12.0,,
2021-09-14,304.0,209.0,82.0,,
2021-09-15,252.0,194.0,29.0,,
2021-09-16,267.0,183.0,8.0,,
2021-09-17,286.0,225.0,14.0,,
2021-09-18,270.0,200.0,839.0,,
2021-09-19,270.0,205.0,59.0,,
2021-09-20,271.0,215.0,65.0,,
2021-09-21,290.0,166.0,227.0,,
2021-09-22,226.0,103.0,86.0,,
2021-09-23,227.0,71.0,9.0,,
2021-09-24,242.0,74.0,14.0,,
2021-09-25,265.0,100.0,16.0,,
2021-09-26,275.0,110.0,18.0,,
2021-09-27,280.0,120.0,13.0,,
2021-09-28,290.0,155.0,21.0,,
2021-09-29,270.0,178.0,19.0,,
2021-09-30,224.0,201.0,113.0,,
2021-10-01,285.0,188.0,16.0,,
2021-10-02,240.0,207.0,272.0,,
2021-10-03,274.0,175.0,40.0,,
2021-10-04,261.0,150.0,14.0,,
2021-10-05,260.0,142.0,12.0,,
2021-10-06,257.0,148.0,18.0,,
2021-10-07,275.0,128.0,20.0,,
2021-10-08,287.0,138.0,18.0,,
2021-10-10,289.0,180.0,0.0,,
2021-10-11,275.0,160.0,5.0,,
2021-10-12,277.0,122.0,0.0,,
2021-10-13,290.0,198.0,0.0,,
2021-10-14,271.0,192.0,0.0,,
2021-10-15,254.0,131.0,333.0,,
2021-10-16,192.0,56.0,0.0,,
2021-10-17,201.0,26.0,0.0,,
2021-10-18,208.0,27.0,0.0,,
2021-10-19,211.0,37.0,0.0,,
2021-10-20,248.0,65.0,0.0,,
2021-10-21,242.0,81.0,0.0,,
2021-10-22,203.0,53.0,0.0,,
2021-10-23,247.0,75.0,0.0,,
2021-10-24,262.0,156.0,0.0,,
2021-10-25,217.0,87.0,120.0,,
2021-10-26,195.0,49.0,0.0,,
2021-10-27,211.0,93.0,118.0,,
2021-10-28,151.0,99.0,74.0,,
2021-10-29,122.0,93.0,93.0,,
2021-10-30,147.0,98.0,2.0,,
2021-10-31,201.0,51.0,0.0,,
2021-11-01,179.0,38.0,0.0,,
2021-11-02,130.0,48.0,0.0,,
2021-11-03,73.0,23.0,38.0,,
2021-11-04,128.0,-17.0,0.0,,
2021-11-05,147.0,-28.0,0.0,,
2021-11-06,159.0,5.0,0.0,,
2021-11-07,187.0,-10.0,0.0,,
2021-11-08,212.0,2.0,0.0,,
2021-11-09,209.0,25.0,0.0,,
2021-11-10,211.0,31.0,0.0,,
2021-11-11,169.0,37.0,98.0,,
2021-11-12,172.0,6.0,8.0,,
2021-11-13,98.0,-19.0,0.0,,
2021-11-14,173.0,-16.0,0.0,,
2021-11-15,184.0,-13.0,0.0,,
2021-11-16,233.0,86.0,0.0,,
2021-11-17,240.0,123.0,0.0,,
2021-11-18,190.0,-23.0,41.0,,
2021-11-19,132.0,-35.0,0.0,,
2021-11-20,160.0,-24.0,0.0,,
2021-11-21,165.0,101.0,0.0,,
2021-11-22,110.0,-26.0,0.0,,
2021-11-23,130.0,-37.0,0.0,,
2021-11-24,170.0,37.0,0.0,,
2021-11-25,132.0,23.0,70.0,,
2021-11-26,76.0,-29.0,0.0,,
2021-11-27,134.0,-31.0,0.0,,
2021-11-28,153.0,-13.0,0.0,,
2021-11-29,140.0,-29.0,0.0,,
2021-11-30,204.0,13.0,0.0,,
2021-12-01,198.0,56.0,0.0,,
2021-12-02,224.0,49.0,0.0,,
2021-12-03,228.0,54.0,0.0,,
2021-12-04,184.0,149.0,18.0,,
2021-12-05,224.0,148.0,0.0,,
2021-12-06,183.0,-10.0,62.0,,
2021-12-07,69.0,-23.0,0.0,,
2021-12-08,126.0,-4.0,0.0,,
2021-12-09,158.0,2.0,4.0,,
2021-12-10,251.0,154.0,11.0,,
2021-12-11,235.0,-21.0,0.0,,
2021-12-12,112.0,-43.0,0.0,,
2021-12-13,156.0,-35.0,0.0,,
2021-12-14,210.0,53.0,0.0,,
2021-12-15,186.0,122.0,0.0,,
2021-12-16,194.0,131.0,61.0,,
2021-12-17,216.0,125.0,29.0,,
2021-12-18,185.0,47.0,10.0,,
2021-12-19,62.0,-29.0,0.0,,
2021-12-20,81.0,-48.0,0.0,,
2021-12-21,119.0,13.0,0.0,,
2021-12-22,107.0,-26.0,0.0,,
2021-12-23,162.0,-29.0,0.0,,
2021-12-24,215.0,102.0,0.0,,
2021-12-25,229.0,140.0,0.0,,
2021-12-26,219.0,106.0,0.0,,
2021-12-27,213.0,179.0,0.0,,
2021-12-28,241.0,165.0,0.0,,
2021-12-29,195.0,122.0,55.0,,
2021-12-30,193.0,112.0,0.0,,
2021-12-31,236.0,124.0,4.0,,
2022-01-01,242.0,138.0,218.0,,
2022-01-02,146.0,-28.0,95.0,,
2022-01-03,19.0,-53.0,0.0,,
2022-01-04,68.0,-60.0,0.0,,
2022-01-05,138.0,-11.0,0.0,,
2022-01-06,49.0,-66.0,2.0,,
2022-01-07,-3.0,-78.0,0.0,,
2022-01-08,143.0,-40.0,0.0,,
2022-01-09,165.0,5.0,45.0,,
2022-01-10,79.0,-50.0,0.0,,
2022-01-11,102.0,-41.0,0.0,,
2022-01-12,139.0,-27.0,0.0,,
2022-01-13,170.0,13.0,0.0,,
2022-01-14,115.0,-16.0,0.0,,
2022-01-15,105.0,55.0,73.0,,
2022-01-16,55.0,-21.0,96.0,,
2022-01-17,63.0,-24.0,0.0,,
2022-01-18,137.0,-35.0,0.0,,
2022-01-19,154.0,-3.0,89.0,,
2022-01-20,-3.0,-59.0,0.0,,
2022-01-21,1.0,-83.0,0.0,,
2022-01-22,27.0,-119.0,0.0,,
2022-01-23,113.0,-76.0,0.0,,
2022-01-24,166.0,-39.0,0.0,,
2022-01-25,89.0,-28.0,0.0,,
2022-01-26,42.0,-64.0,0.0,,
2022-01-27,106.0,-75.0,0.0,,
2022-01-28,74.0,-42.0,0.0,,
2022-01-29,54.0,-102.0,0.0,,
2022-01-30,145.0,-29.0,0.0,,
2022-01-31,179.0,-47.0,0.0,,
2022-02-01,194.0,14.0,12.0,,
2022-02-02,133.0,19.0,69.0,,
2022-02-03,20.0,-28.0,371.0,,
2022-02-04,-25.0,-82.0,47.0,,
2022-02-05,34.0,-93.0,0.0,,
2022-02-06,97.0,-82.0,0.0,,
2022-02-07,106.0,-73.0,0.0,,
2022-02-08,141.0,-58.0,0.0,,
2022-02-09,177.0,51.0,0.0,,
2022-02-10,185.0,-22.0,0.0,,
2022-02-11,207.0,3.0,0.0,,
2022-02-12,124.0,-44.0,0.0,,
2022-02-13,76.0,-88.0,0.0,,
2022-02-14,162.0,-66.0,0.0,,
2022-02-15,196.0,-20.0,0.0,,
2022-02-16,218.0,90.0,0.0,,
2022-02-17,207.0,6.0,314.0,,
2022-02-18,69.0,-39.0,0.0,,
2022-02-19,126.0,-57.0,0.0,,
2022-02-20,187.0,-30.0,0.0,,
2022-02-21,143.0,102.0,76.0,,
2022-02-22,231.0,78.0,737.0,,
2022-02-23,78.0,8.0,283.0,,
2022-02-24,62.0,5.0,233.0,,
2022-02-25,11.0,-8.0,0.0,,
2022-02-26,25.0,-9.0,121.0,,
2022-02-27,90.0,-16.0,,,
2022-02-28,150.0,-41.0,,,
2022-03-01,210.0,-22.0,0.0,,
2022-03-02,246.0,7.0,0.0,,
2022-03-03,259.0,30.0,0.0,,
2022-03-04,259.0,30.0,0.0,,
2022-03-05,248.0,84.0,0.0,,
2022-03-06,262.0,193.0,0.0,,
2022-03-07,221.0,41.0,214.0,,
2022-03-08,83.0,29.0,95.0,,
2022-03-09,123.0,24.0,9.0,,
2022-03-10,167.0,-5.0,0.0,,
2022-03-11,162.0,-26.0,50.0,,
2022-03-12,9.0,-60.0,0.0,,
2022-03-13,154.0,-66.0,0.0,,
2022-03-14,184.0,-3.0,0.0,,
2022-03-15,160.0,100.0,97.0,,
2022-03-16,201.0,77.0,8.0,,
2022-03-17,226.0,49.0,0.0,,
2022-03-18,216.0,88.0,171.0,,
2022-03-19,165.0,35.0,0.0,,
2022-03-20,229.0,9.0,0.0,,
2022-03-21,230.0,40.0,0.0,,
2022-03-22,187.0,123.0,343.0,,
2022-03-23,140.0,17.0,0.0,,
2022-03-24,154.0,-13.0,0.0,,
2022-03-25,146.0,49.0,0.0,,
2022-03-26,169.0,8.0,0.0,,
2022-03-27,153.0,2.0,0.0,,
2022-03-28,190.0,38.0,0.0,,
2022-03-29,255.0,85.0,0.0,,
2022-03-30,242.0,119.0,229.0,,
2022-03-31,149.0,19.0,6.0,,
2022-04-01,154.0,-15.0,0.0,,
2022-04-02,200.0,11.0,0.0,,
2022-04-03,203.0,44.0,0.0,,
2022-04-04,247.0,64.0,0.0,,
2022-04-05,206.0,124.0,149.0,,
2022-04-06,208.0,46.0,7.0,,
2022-04-07,162.0,43.0,0.0,,
2022-04-08,94.0,48.0,0.0,,
2022-04-09,169.0,-3.0,0.0,,
2022-04-10,270.0,26.0,0.0,,
2022-04-11,229.0,161.0,16.0,,
2022-04-12,273.0,178.0,355.0,,
2022-04-13,271.0,109.0,395.0,,
2022-04-14,203.0,45.0,0.0,,
2022-04-15,263.0,35.0,23.0,,
2022-04-16,205.0,152.0,53.0,,
2022-04-17,152.0,84.0,89.0,,
2022-04-18,158.0,34.0,0.0,,
2022-04-19,174.0,-3.0,0.0,,
2022-04-20,189.0,47.0,13.0,,
2022-04-21,257.0,146.0,279.0,,
2022-04-22,280.0,139.0,0.0,,
2022-04-23,278.0,150.0,0.0,,
2022-04-24,274.0,174.0,0.0,,
2022-04-25,227.0,127.0,168.0,,
2022-04-26,177.0,36.0,0.0,,
2022-04-27,230.0,16.0,0.0,,
2022-04-28,255.0,47.0,0.0,,
2022-04-29,281.0,95.0,0.0,,
2022-04-30,277.0,183.0,0.0,,
2022-05-01,267.0,115.0,0.0,,
2022-05-02,283.0,91.0,0.0,,
2022-05-03,284.0,179.0,6.0,,
2022-05-04,258.0,143.0,0.0,,
2022-05-05,278.0,164.0,288.0,,
2022-05-06,210.0,118.0,5.0,,
2022-05-07,197.0,96.0,0.0,,
2022-05-08,249.0,69.0,0.0,,
2022-05-09,274.0,176.0,0.0,,
2022-05-10,282.0,190.0,0.0,,
2022-05-11,310.0,165.0,0.0,,
2022-05-12,318.0,189.0,0.0,,
2022-05-13,270.0,153.0,102.0,,
2022-05-14,282.0,153.0,0.0,,
2022-05-15,300.0,161.0,0.0,,
2022-05-16,251.0,116.0,0.0,,
2022-05-17,270.0,92.0,0.0,,
2022-05-18,308.0,136.0,0.0,,
2022-05-19,303.0,208.0,0.0,,
2022-05-20,301.0,214.0,0.0,,
2022-05-21,302.0,185.0,480.0,,
2022-05-22,212.0,160.0,187.0,,
2022-05-23,209.0,151.0,0.0,,
2022-05-24,254.0,173.0,34.0,,
2022-05-25,247.0,194.0,150.0,,
2022-05-26,231.0,130.0,5.0,,
2022-05-27,207.0,110.0,0.0,,
2022-05-28,253.0,87.0,0.0,,
2022-05-29,285.0,132.0,0.0,,
2022-05-30,303.0,169.0,0.0,,
2022-05-31,313.0,178.0,0.0,,
2022-06-01,321.0,187.0,0.0,,
2022-06-02,262.0,182.0,37.0,,
2022-06-03,277.0,146.0,0.0,,
2022-06-04,283.0,124.0,0.0,,
2022-06-05,304.0,138.0,0.0,,
2022-06-06,295.0,182.0,0.0,,
2022-06-07,307.0,212.0,0.0,,
2022-06-08,291.0,197.0,11.0,,
2022-06-09,291.0,158.0,0.0,,
2022-06-10,249.0,138.0,15.0,,
2022-06-11,286.0,145.0,0.0,,
2022-06-12,331.0,181.0,0.0,,
2022-06-13,338.0,235.0,0.0,,
2022-06-14,334.0,220.0,0.0,,
2022-06-15,339.0,204.0,0.0,,
2022-06-16,348.0,222.0,0.0,,
2022-06-17,327.0,226.0,0.0,,
2022-06-18,332.0,176.0,0.0,,
2022-06-19,310.0,144.0,0.0,,
2022-06-20,336.0,135.0,0.0,,
2022-06-21,350.0,184.0,0.0,,
2022-06-22,353.0,201.0,0.0,,
2022-06-23,338.0,185.0,0.0,,
2022-06-24,335.0,164.0,0.0,,
2022-06-25,352.0,164.0,0.0,,
2022-06-26,343.0,202.0,0.0,,
2022-06-27,293.0,171.0,0.0,,
2022-06-28,307.0,158.0,0.0,,
2022-06-29,327.0,136.0,0.0,,
2022-06-30,332.0,201.0,0.0,,
2022-07-01,324.0,199.0,6.0,,
2022-07-02,331.0,206.0,0.0,,
2022-07-03,313.0,206.0,0.0,,
2022-07-04,341.0,215.0,0.0,,
2022-07-05,362.0,245.0,0.0,,
2022-07-06,357.0,238.0,0.0,,
2022-07-07,355.0,244.0,0.0,,
2022-07-08,363.0,239.0,0.0,,
2022-07-09,343.0,233.0,372.0,,
2022-07-10,312.0,200.0,0.0,,
2022-07-11,328.0,170.0,0.0,,
2022-07-12,348.0,194.0,0.0,,
2022-07-13,306.0,215.0,203.0,,
2022-07-14,325.0,199.0,0.0,,
2022-07-15,330.0,183.0,0.0,,
2022-07-16,342.0,207.0,0.0,,
2022-07-17,336.0,222.0,0.0,,
2022-07-18,298.0,211.0,215.0,,
2022-07-19,317.0,214.0,123.0,,
2022-07-20,330.0,255.0,0.0,,
2022-07-21,345.0,219.0,0.0,,
2022-07-22,334.0,198.0,0.0,,
2022-07-23,322.0,216.0,0.0,,
2022-07-24,333.0,226.0,0.0,,
2022-07-25,348.0,233.0,0.0,,
2022-07-26,337.0,242.0,0.0,,
2022-07-27,341.0,241.0,0.0,,
2022-07-28,329.0,238.0,49.0,,
2022-07-29,300.0,220.0,89.0,,
2022-07-30,309.0,226.0,0.0,,
2022-07-31,265.0,225.0,199.0,,
2022-08-01,311.0,224.0,14.0,,
2022-08-02,322.0,213.0,0.0,,
2022-08-03,318.0,216.0,0.0,,
2022-08-04,301.0,225.0,0.0,,
2022-08-05,324.0,231.0,0.0,,
2022-08-06,333.0,214.0,0.0,,
2022-08-07,333.0,211.0,0.0,,
2022-08-08,338.0,218.0,144.0,,
2022-08-09,321.0,213.0,201.0,,
2022-08-10,305.0,204.0,4.0,,
2022-08-11,305.0,217.0,0.0,,
2022-08-12,308.0,179.0,0.0,,
2022-08-13,301.0,153.0,0.0,,
2022-08-14,319.0,158.0,0.0,,
2022-08-15,331.0,202.0,0.0,,
2022-08-16,286.0,177.0,9.0,,
2022-08-17,236.0,177.0,126.0,,
2022-08-18,296.0,163.0,0.0,,
2022-08-19,305.0,180.0,0.0,,
2022-08-20,298.0,203.0,0.0,,
2022-08-21,271.0,212.0,263.0,,
2022-08-22,286.0,214.0,468.0,,
2022-08-23,267.0,202.0,46.0,,
2022-08-24,280.0,200.0,0.0,,
2022-08-25,299.0,183.0,0.0,,
2022-08-26,317.0,194.0,12.0,,
2022-08-27,320.0,196.0,0.0,,
2022-08-28,316.0,213.0,0.0,,
2022-08-29,307.0,225.0,592.0,,
2022-08-30,309.0,211.0,4.0,,
2022-08-31,305.0,161.0,0.0,,
2022-09-01,297.0,144.0,,,
2022-09-02,306.0,162.0,,,
2022-09-03,309.0,209.0,,,
2022-09-04,289.0,212.0,,,
2022-09-05,305.0,207.0,,,
2022-09-06,311.0,198.0,,,
2022-09-07,291.0,183.0,,,
2022-09-08,280.0,156.0,,,
2022-09-09,266.0,152.0,,,
2022-09-10,250.0,200.0,,,
2022-09-11,280.0,163.0,3.0,,
2022-09-12,248.0,108.0,0.0,,
2022-09-13,281.0,94.0,0.0,,
2022-09-14,290.0,119.0,0.0,,
2022-09-15,281.0,133.0,0.0,,
2022-09-16,288.0,146.0,0.0,,
2022-09-17,289.0,142.0,0.0,,
2022-09-19,324.0,166.0,0.0,,
2022-09-20,342.0,175.0,0.0,,
2022-09-21,347.0,171.0,0.0,,
2022-09-22,278.0,146.0,0.0,,
2022-09-23,267.0,119.0,0.0,,
2022-09-24,323.0,127.0,144.0,,
2022-09-25,295.0,131.0,0.0,,
2022-09-26,250.0,86.0,0.0,,
2022-09-27,249.0,53.0,0.0,,
2022-09-28,226.0,63.0,8.0,,
2022-09-29,231.0,61.0,6.0,,
2022-09-30,242.0,49.0,3.0,,
2022-10-01,250.0,47.0,6.0,,
2022-10-02,266.0,53.0,3.0,,
2022-10-03,251.0,65.0,3.0,,
2022-10-04,248.0,61.0,3.0,,
2022-10-05,261.0,33.0,0.0,,
2022-10-06,284.0,50.0,0.0,,
2022-10-07,271.0,83.0,0.0,,
2022-10-08,205.0,41.0,0.0,,
2022-10-09,232.0,20.0,0.0,,
2022-10-10,265.0,58.0,0.0,,
2022-10-11,265.0,83.0,2.0,,
2022-10-12,286.0,148.0,454.0,,
2022-10-13,211.0,53.0,3.0,,
2022-10-14,253.0,30.0,6.0,,
2022-10-15,217.0,102.0,161.0,,
2022-10-16,232.0,147.0,5.0,,
2022-10-17,159.0,21.0,0.0,,
2022-10-18,104.0,-22.0,0.0,,
2022-10-19,145.0,-33.0,0.0,,
2022-10-20,192.0,-26.0,0.0,,
2022-10-21,253.0,30.0,0.0,,
2022-10-22,244.0,138.0,0.0,,
2022-10-23,255.0,135.0,3.0,,
2022-10-24,251.0,119.0,4.0,,
2022-10-25,221.0,84.0,108.0,,
2022-10-26,168.0,29.0,0.0,,
2022-10-27,201.0,17.0,0.0,,
2022-10-28,231.0,55.0,0.0,,
2022-10-29,203.0,126.0,365.0,,
2022-10-30,201.0,149.0,12.0,,
2022-10-31,201.0,86.0,0.0,,
2022-11-01,218.0,67.0,10.0,,
2022-11-02,244.0,81.0,2.0,,
2022-11-03,252.0,66.0,0.0,,
2022-11-04,251.0,149.0,0.0,,
2022-11-05,212.0,56.0,198.0,,
2022-11-06,191.0,37.0,2.0,,
2022-11-07,221.0,160.0,45.0,,
2022-11-08,277.0,145.0,0.0,,
2022-11-09,253.0,112.0,3.0,,
2022-11-10,235.0,64.0,0.0,,
2022-11-11,222.0,88.0,3.0,,
2022-11-12,89.0,-3.0,15.0,,
2022-11-13,64.0,-40.0,0.0,,
2022-11-14,110.0,-47.0,47.0,,
2022-11-15,67.0,33.0,0.0,,
2022-11-16,101.0,-12.0,0.0,,
2022-11-17,63.0,-61.0,0.0,,
2022-11-18,79.0,-60.0,0.0,,
2022-11-19,49.0,-58.0,0.0,,
2022-11-20,68.0,-75.0,0.0,,
2022-11-21,102.0,-77.0,0.0,,
2022-11-22,166.0,-30.0,0.0,,
2022-11-23,186.0,-25.0,0.0,,
2022-11-24,183.0,81.0,35.0,,
2022-11-25,187.0,89.0,13.0,,
2022-11-26,171.0,70.0,45.0,,
2022-11-27,169.0,29.0,9.0,,
2022-11-28,158.0,8.0,0.0,,
2022-11-29,198.0,67.0,496.0,,
2022-11-30,193.0,-37.0,0.0,,
2022-12-01,97.0,-52.0,0.0,,
2022-12-02,173.0,61.0,0.0,,
2022-12-03,184.0,13.0,24.0,,
2022-12-04,81.0,-19.0,0.0,,
2022-12-05,176.0,60.0,157.0,,
2022-12-06,232.0,177.0,29.0,,
2022-12-07,205.0,176.0,340.0,,
2022-12-08,202.0,148.0,22.0,,
2022-12-09,159.0,77.0,2.0,,
2022-12-10,128.0,68.0,382.0,,
2022-12-11,116.0,91.0,0.0,,
2022-12-12,110.0,78.0,0.0,,
2022-12-13,162.0,76.0,275.0,,
2022-12-14,157.0,56.0,556.0,,
2022-12-15,93.0,-4.0,0.0,,
2022-12-16,86.0,-16.0,0.0,,
2022-12-17,72.0,-35.0,0.0,,
2022-12-18,69.0,-66.0,0.0,,
2022-12-19,51.0,-40.0,0.0,,
2022-12-20,119.0,-7.0,0.0,,
2022-12-21,112.0,-35.0,0.0,,
2022-12-22,80.0,-140.0,35.0,,
2022-12-23,-111.0,-178.0,0.0,,
2022-12-24,-29.0,-131.0,0.0,,
2022-12-25,2.0,-83.0,0.0,,
2022-12-26,5.0,-75.0,22.0,,
2022-12-27,47.0,-33.0,0.0,,
2022-12-28,166.0,-35.0,0.0,,
2022-12-29,182.0,104.0,25.0,,
2022-12-30,169.0,102.0,43.0,,
2022-12-31,173.0,77.0,0.0,,
2023-01-01,230.0,76.0,0.0,,
2023-01-02,213.0,154.0,239.0,,
2023-01-03,208.0,140.0,424.0,,
2023-01-04,163.0,15.0,8.0,,
2023-01-05,126.0,-8.0,0.0,,
2023-01-06,130.0,-30.0,0.0,,
2023-01-07,139.0,79.0,12.0,,
2023-01-08,127.0,6.0,0.0,,
2023-01-09,129.0,-30.0,0.0,,
2023-01-10,174.0,-9.0,0.0,,
2023-01-11,208.0,125.0,0.0,,
2023-01-12,200.0,43.0,18.0,,
2023-01-13,43.0,9.0,0.0,,
2023-01-14,76.0,-34.0,0.0,,
2023-01-15,135.0,-46.0,0.0,,
2023-01-16,150.0,83.0,11.0,,
2023-01-17,206.0,92.0,7.0,,
2023-01-18,209.0,85.0,224.0,,
2023-01-19,151.0,0.0,6.0,,
2023-01-20,107.0,-25.0,0.0,,
2023-01-21,111.0,-38.0,8.0,,
2023-01-22,88.0,45.0,59.0,,
2023-01-23,91.0,-24.0,0.0,,
2023-01-24,93.0,-42.0,245.0,,
2023-01-25,87.0,27.0,16.0,,
2023-01-26,59.0,-30.0,0.0,,
2023-01-27,131.0,-36.0,0.0,,
2023-01-28,142.0,-19.0,3.0,,
2023-01-29,134.0,96.0,149.0,,
2023-01-30,104.0,5.0,0.0,,
2023-01-31,6.0,-23.0,262.0,,
2023-02-01,-9.0,-35.0,44.0,,
2023-02-02,4.0,-9.0,103.0,,
2023-02-03,16.0,-40.0,0.0,,
2023-02-04,89.0,-60.0,0.0,,
2023-02-05,160.0,11.0,0.0,,
2023-02-06,190.0,-14.0,0.0,,
2023-02-07,214.0,60.0,0.0,,
2023-02-08,214.0,98.0,157.0,,
2023-02-09,177.0,21.0,64.0,,
2023-02-10,139.0,-12.0,0.0,,
2023-02-11,101.0,32.0,5.0,,
2023-02-12,142.0,-17.0,0.0,,
2023-02-13,198.0,-27.0,0.0,,
2023-02-14,183.0,28.0,14.0,,
2023-02-15,214.0,164.0,270.0,,
2023-02-16,218.0,34.0,65.0,,
2023-02-17,73.0,-40.0,0.0,,
2023-02-18,129.0,-66.0,0.0,,
2023-02-19,181.0,7.0,0.0,,
2023-02-20,209.0,131.0,0.0,,
2023-02-21,218.0,92.0,0.0,,
2023-02-22,253.0,150.0,144.0,,
2023-02-23,254.0,148.0,0.0,,
2023-02-24,148.0,52.0,136.0,,
2023-02-25,84.0,64.0,44.0,,
2023-02-26,167.0,82.0,0.0,,
2023-02-27,237.0,90.0,9.0,,
2023-02-28,250.0,47.0,0.0,,
2023-03-01,231.0,125.0,277.0,,
2023-03-02,189.0,149.0,340.0,,
2023-03-03,207.0,109.0,106.0,,
2023-03-04,174.0,58.0,0.0,,
2023-03-05,224.0,26.0,3.0,,
2023-03-06,251.0,98.0,3.0,,
2023-03-07,221.0,116.0,2.0,,
2023-03-08,136.0,62.0,153.0,,
2023-03-09,164.0,61.0,124.0,,
2023-03-10,140.0,28.0,14.0,,
2023-03-11,123.0,7.0,52.0,,
2023-03-12,147.0,30.0,75.0,,
2023-03-13,88.0,-23.0,0.0,,
2023-03-14,84.0,-40.0,0.0,,
2023-03-15,135.0,-52.0,0.0,,
2023-03-16,201.0,48.0,98.0,,
2023-03-17,150.0,-17.0,131.0,,
2023-03-18,98.0,-24.0,0.0,,
2023-03-19,47.0,-56.0,0.0,,
2023-03-20,116.0,-83.0,0.0,,
2023-03-21,141.0,17.0,9.0,,
2023-03-22,221.0,94.0,82.0,,
2023-03-23,251.0,156.0,0.0,,
2023-03-24,266.0,151.0,442.0,,
2023-03-25,219.0,106.0,0.0,,
2023-03-26,263.0,66.0,0.0,,
2023-03-27,204.0,105.0,0.0,,
2023-03-28,164.0,29.0,0.0,,
2023-03-29,181.0,-10.0,0.0,,
2023-03-30,235.0,30.0,5.0,,
2023-03-31,245.0,168.0,13.0,,
2023-04-01,225.0,49.0,9.0,,
2023-04-02,236.0,14.0,7.0,,
2023-04-03,230.0,127.0,104.0,,
2023-04-04,300.0,188.0,0.0,,
2023-04-05,271.0,169.0,130.0,,
2023-04-06,171.0,82.0,431.0,,
2023-04-07,145.0,74.0,14.0,,
2023-04-08,141.0,101.0,7.0,,
2023-04-09,196.0,86.0,16.0,,
2023-04-10,214.0,67.0,6.0,,
2023-04-11,232.0,31.0,5.0,,
2023-04-12,251.0,31.0,5.0,,
2023-04-13,221.0,92.0,17.0,,
2023-04-14,198.0,116.0,24.0,,
2023-04-15,260.0,116.0,148.0,,
2023-04-16,171.0,85.0,3.0,,
2023-04-17,206.0,62.0,5.0,,
2023-04-18,255.0,52.0,5.0,,
2023-04-19,272.0,69.0,3.0,,
2023-04-20,276.0,114.0,11.0,,
2023-04-21,181.0,62.0,502.0,,
2023-04-22,203.0,26.0,9.0,,
2023-04-23,120.0,47.0,10.0,,
2023-04-24,175.0,4.0,8.0,,
2023-04-25,193.0,45.0,32.0,,
2023-04-26,194.0,87.0,36.0,,
2023-04-27,186.0,133.0,131.0,,
2023-04-28,184.0,100.0,28.0,,
2023-04-29,186.0,93.0,13.0,,
2023-04-30,195.0,49.0,3.0,,
2023-05-01,191.0,39.0,0.0,,
2023-05-02,202.0,27.0,7.0,,
2023-05-04,243.0,33.0,0.0,,
2023-05-05,225.0,127.0,15.0,,
2023-05-06,270.0,163.0,0.0,,
2023-05-07,287.0,197.0,10.0,,
2023-05-08,289.0,186.0,0.0,,
2023-05-09,303.0,166.0,20.0,,
2023-05-10,289.0,182.0,3.0,,
2023-05-11,271.0,180.0,226.0,,
2023-05-12,229.0,179.0,94.0,,
2023-05-13,289.0,167.0,0.0,,
2023-05-14,308.0,165.0,0.0,,
2023-05-15,310.0,178.0,0.0,,
2023-05-16,295.0,184.0,266.0,,
2023-05-17,232.0,153.0,0.0,,
2023-05-18,276.0,137.0,0.0,,
2023-05-19,266.0,168.0,0.0,,
2023-05-20,213.0,129.0,50.0,,
2023-05-21,242.0,94.0,8.0,,
2023-05-22,269.0,122.0,2.0,,
2023-05-23,241.0,140.0,0.0,,
2023-05-24,273.0,124.0,0.0,,
2023-05-25,280.0,130.0,2.0,,
2023-05-26,270.0,135.0,0.0,,
2023-05-27,238.0,126.0,15.0,,
2023-05-28,269.0,116.0,3.0,,
2023-05-29,273.0,113.0,3.0,,
2023-05-30,282.0,122.0,5.0,,
2023-05-31,283.0,156.0,0.0,,
2023-06-01,296.0,171.0,0.0,,
2023-06-02,312.0,165.0,0.0,,
2023-06-03,321.0,159.0,0.0,,
2023-06-04,325.0,150.0,0.0,,
2023-06-05,308.0,168.0,51.0,,
2023-06-06,295.0,152.0,3.0,,
2023-06-07,295.0,141.0,6.0,,
2023-06-08,276.0,161.0,0.0,,
2023-06-09,284.0,163.0,0.0,,
2023-06-10,295.0,147.0,214.0,,
2023-06-11,285.0,186.0,89.0,,
2023-06-12,233.0,137.0,7.0,,
2023-06-13,254.0,126.0,23.0,,
2023-06-14,270.0,189.0,396.0,,
2023-06-15,287.0,194.0,204.0,,
2023-06-16,310.0,180.0,126.0,,
2023-06-17,306.0,183.0,0.0,,
2023-06-18,279.0,188.0,342.0,,
2023-06-19,283.0,183.0,0.0,,
2023-06-20,295.0,176.0,0.0,,
2023-06-21,290.0,185.0,2.0,,
2023-06-22,284.0,166.0,2.0,,
2023-06-23,304.0,146.0,9.0,,
2023-06-24,320.0,174.0,0.0,,
2023-06-25,341.0,201.0,204.0,,
2023-06-26,307.0,188.0,0.0,,
2023-06-27,317.0,162.0,0.0,,
2023-06-28,323.0,163.0,0.0,,
2023-06-29,344.0,223.0,0.0,,
2023-06-30,348.0,236.0,0.0,,
2023-07-01,333.0,242.0,0.0,,
2023-07-02,334.0,221.0,26.0,,
2023-07-03,323.0,211.0,0.0,,
2023-07-04,317.0,214.0,72.0,,
2023-07-05,310.0,212.0,0.0,,
2023-07-06,302.0,213.0,0.0,,
2023-07-07,301.0,202.0,252.0,,
2023-07-08,308.0,212.0,110.0,,
2023-07-09,269.0,206.0,216.0,,
2023-07-10,278.0,176.0,0.0,,
2023-07-11,302.0,163.0,3.0,,
2023-07-12,315.0,213.0,2.0,,
2023-07-13,324.0,222.0,0.0,,
2023-07-14,287.0,233.0,323.0,,
2023-07-15,303.0,216.0,15.0,,
2023-07-16,312.0,206.0,0.0,,
2023-07-17,318.0,192.0,3.0,,
2023-07-18,339.0,213.0,91.0,,
2023-07-19,307.0,220.0,0.0,,
2023-07-20,335.0,224.0,0.0,,
2023-07-21,292.0,211.0,218.0,,
2023-07-22,280.0,177.0,2.0,,
2023-07-23,298.0,162.0,4.0,,
2023-07-24,315.0,175.0,3.0,,
2023-07-25,320.0,190.0,0.0,,
2023-07-26,307.0,210.0,0.0,,
2023-07-27,337.0,232.0,3.0,,
2023-07-28,343.0,214.0,0.0,,
2023-07-29,337.0,218.0,0.0,,
2023-07-30,316.0,216.0,18.0,,
2023-07-31,315.0,200.0,0.0,,
2023-08-01,302.0,208.0,0.0,,
2023-08-02,327.0,200.0,2.0,,
2023-08-03,319.0,231.0,0.0,,
2023-08-04,283.0,217.0,231.0,,
2023-08-05,358.0,220.0,0.0,,
2023-08-06,327.0,219.0,0.0,,
2023-08-07,276.0,199.0,187.0,,
2023-08-08,269.0,189.0,28.0,,
2023-08-09,282.0,197.0,221.0,,
2023-08-10,265.0,194.0,310.0,,
2023-08-11,338.0,215.0,0.0,,
2023-08-12,311.0,235.0,0.0,,
2023-08-13,341.0,233.0,3.0,,
2023-08-14,338.0,232.0,0.0,,
2023-08-15,265.0,168.0,2.0,,
2023-08-16,272.0,149.0,5.0,,
2023-08-17,295.0,142.0,2.0,,
2023-08-18,309.0,182.0,2.0,,
2023-08-19,319.0,175.0,3.0,,
2023-08-20,328.0,182.0,3.0,,
2023-08-21,340.0,205.0,0.0,,
2023-08-22,337.0,212.0,0.0,,
2023-08-23,345.0,218.0,0.0,,
2023-08-24,353.0,224.0,0.0,,
2023-08-25,361.0,231.0,0.0,,
2023-08-26,358.0,225.0,0.0,,
2023-08-27,280.0,219.0,85.0,,
2023-08-28,287.0,208.0,0.0,,
2023-08-29,295.0,170.0,2.0,,
2023-08-30,293.0,143.0,3.0,,
2023-08-31,274.0,132.0,0.0,,
2023-09-01,290.0,141.0,0.0,,
2023-09-02,272.0,222.0,0.0,,
2023-09-03,317.0,206.0,2.0,,
2023-09-04,323.0,222.0,0.0,,
2023-09-05,319.0,210.0,9.0,,
2023-09-06,326.0,201.0,73.0,,
2023-09-07,291.0,153.0,0.0,,
2023-09-08,278.0,131.0,0.0,,
2023-09-09,283.0,152.0,2.0,,
2023-09-10,288.0,125.0,0.0,,
2023-09-11,302.0,148.0,2.0,,
2023-09-12,247.0,165.0,2.0,,
2023-09-13,281.0,174.0,0.0,,
2023-09-14,269.0,135.0,2.0,,
2023-09-15,297.0,112.0,0.0,,
2023-09-16,291.0,143.0,3.0,,
2023-09-17,280.0,118.0,0.0,,
2023-09-18,271.0,95.0,0.0,,
2023-09-19,285.0,91.0,0.0,,
2023-09-20,290.0,149.0,274.0,,
2023-09-21,299.0,179.0,0.0,,
2023-09-22,291.0,165.0,2.0,,
2023-09-23,302.0,155.0,0.0,,
2023-09-24,297.0,149.0,0.0,,
2023-09-25,314.0,163.0,2.0,,
2023-09-26,318.0,141.0,0.0,,
2023-09-27,307.0,165.0,2.0,,
2023-09-28,307.0,191.0,0.0,,
2023-09-29,313.0,160.0,0.0,,
2023-09-30,317.0,160.0,0.0,,
2023-10-01,313.0,139.0,0.0,,
2023-10-02,308.0,151.0,0.0,,
2023-10-03,293.0,132.0,0.0,,
2023-10-04,273.0,133.0,0.0,,
2023-10-05,206.0,180.0,76.0,,
2023-10-06,258.0,124.0,0.0,,
2023-10-07,189.0,43.0,0.0,,
2023-10-08,208.0,20.0,0.0,,
2023-10-09,267.0,71.0,0.0,,
2023-10-10,271.0,92.0,0.0,,
2023-10-11,226.0,123.0,0.0,,
2023-10-12,206.0,111.0,0.0,,
2023-10-13,226.0,142.0,0.0,,
2023-10-14,190.0,105.0,0.0,,
2023-10-15,161.0,50.0,3.0,,
2023-10-16,177.0,40.0,0.0,,
2023-10-17,208.0,18.0,0.0,,
2023-10-18,234.0,52.0,0.0,,
2023-10-19,255.0,114.0,0.0,,
2023-10-20,256.0,72.0,0.0,,
2023-10-21,288.0,51.0,0.0,,
2023-10-22,254.0,82.0,0.0,,
2023-10-23,268.0,109.0,0.0,,
2023-10-24,276.0,158.0,0.0,,
2023-10-25,273.0,153.0,0.0,,
2023-10-26,277.0,148.0,0.0,,
2023-10-27,263.0,171.0,109.0,,
2023-10-28,280.0,155.0,0.0,,
2023-10-29,256.0,107.0,0.0,,
2023-10-30,107.0,15.0,136.0,,
2023-10-31,115.0,-16.0,0.0,,
2023-11-01,104.0,-43.0,0.0,,
2023-11-02,154.0,-47.0,0.0,,
2023-11-03,197.0,-21.0,0.0,,
2023-11-04,231.0,15.0,0.0,,
2023-11-05,244.0,56.0,0.0,,
2023-11-06,263.0,62.0,0.0,,
2023-11-07,265.0,107.0,0.0,,
2023-11-08,274.0,132.0,0.0,,
2023-11-09,208.0,95.0,266.0,,
2023-11-10,151.0,66.0,18.0,,
2023-11-11,185.0,32.0,0.0,,
2023-11-12,206.0,41.0,0.0,,
2023-11-13,213.0,25.0,0.0,,
2023-11-14,206.0,62.0,0.0,,
2023-11-15,151.0,96.0,2.0,,
2023-11-16,224.0,90.0,0.0,,
2023-11-17,182.0,121.0,34.0,,
2023-11-18,159.0,4.0,0.0,,
2023-11-19,184.0,-17.0,0.0,,
2023-11-20,191.0,74.0,389.0,,
2023-11-21,132.0,69.0,11.0,,
2023-11-22,100.0,6.0,0.0,,
2023-11-23,142.0,-17.0,0.0,,
2023-11-24,162.0,44.0,0.0,,
2023-11-25,145.0,2.0,0.0,,
2023-11-26,119.0,-19.0,2.0,,
2023-11-27,83.0,-41.0,0.0,,
2023-11-28,96.0,-39.0,0.0,,
2023-11-29,161.0,-36.0,0.0,,
2023-11-30,135.0,4.0,107.0,,
2023-12-01,180.0,62.0,101.0,,
2023-12-02,175.0,89.0,5.0,,
2023-12-03,153.0,34.0,0.0,,
2023-12-04,121.0,-2.0,0.0,,
2023-12-05,161.0,-21.0,0.0,,
2023-12-06,111.0,-18.0,0.0,,
2023-12-07,159.0,-21.0,12.0,,
2023-12-08,168.0,50.0,0.0,,
2023-12-09,228.0,104.0,174.0,,
2023-12-10,106.0,-33.0,0.0,,
2023-12-11,118.0,-58.0,0.0,,
2023-12-12,150.0,-35.0,0.0,,
2023-12-13,158.0,-16.0,0.0,,
2023-12-14,188.0,12.0,0.0,,
2023-12-15,178.0,14.0,0.0,,
2023-12-16,133.0,77.0,10.0,,
2023-12-17,115.0,-7.0,0.0,,
2023-12-18,111.0,-30.0,0.0,,
2023-12-19,89.0,-73.0,0.0,,
2023-12-20,123.0,-34.0,0.0,,
2023-12-21,137.0,-24.0,0.0,,
2023-12-22,170.0,11.0,0.0,,
2023-12-23,171.0,93.0,10.0,,
2023-12-24,174.0,95.0,31.0,,
2023-12-25,160.0,60.0,203.0,,
2023-12-26,112.0,-25.0,0.0,,
2023-12-27,126.0,-30.0,0.0,,
2023-12-28,73.0,-36.0,0.0,,
2023-12-29,34.0,-2.0,0.0,,
2023-12-30,101.0,14.0,0.0,,
2023-12-31,158.0,-16.0,0.0,,
2024-01-01,44.0,-41.0,0.0,,
2024-01-02,69.0,-74.0,0.0,,
2024-01-03,73.0,-42.0,0.0,,
2024-01-04,67.0,-58.0,0.0,,
2024-01-05,77.0,-51.0,88.0,,
2024-01-06,55.0,43.0,10.0,,
2024-01-07,108.0,-28.0,0.0,,
2024-01-08,104.0,-30.0,348.0,,
2024-01-09,91.0,23.0,116.0,,
2024-01-10,91.0,-25.0,0.0,,
2024-01-11,171.0,-21.0,0.0,,
2024-01-12,151.0,-20.0,135.0,,
2024-01-13,68.0,-49.0,0.0,,
2024-01-14,-4.0,-104.0,67.0,,
2024-01-15,-104.0,-125.0,149.0,,
2024-01-16,-84.0,-211.0,0.0,,
2024-01-17,3.0,-233.0,0.0,,
2024-01-18,11.0,-55.0,38.0,,
2024-01-19,-2.0,-122.0,0.0,,
2024-01-20,-66.0,-153.0,0.0,,
2024-01-21,14.0,-166.0,0.0,,
2024-01-22,84.0,-46.0,0.0,,
2024-01-23,132.0,72.0,59.0,,
2024-01-24,159.0,129.0,278.0,,
2024-01-25,174.0,131.0,188.0,,
2024-01-26,156.0,90.0,7.0,,
2024-01-27,128.0,59.0,329.0,,
2024-01-28,61.0,-15.0,0.0,,
2024-01-29,99.0,-23.0,0.0,,
2024-01-30,189.0,-16.0,0.0,,
2024-01-31,121.0,-18.0,0.0,,
2024-02-01,166.0,-37.0,0.0,,
2024-02-02,213.0,6.0,0.0,,
2024-02-03,213.0,31.0,29.0,,
2024-02-04,111.0,57.0,342.0,,
2024-02-05,151.0,20.0,0.0,,
2024-02-06,165.0,-22.0,0.0,,
2024-02-07,196.0,-16.0,0.0,,
2024-02-08,170.0,85.0,0.0,,
2024-02-09,186.0,138.0,100.0,,
2024-02-10,170.0,103.0,501.0,,
2024-02-11,116.0,71.0,8.0,,
2024-02-12,102.0,14.0,123.0,,
2024-02-13,126.0,-11.0,0.0,,
2024-02-14,174.0,-17.0,0.0,,
2024-02-15,192.0,11.0,0.0,,
2024-02-16,200.0,15.0,35.0,,
2024-02-17,32.0,-42.0,0.0,,
2024-02-18,95.0,-80.0,0.0,,
2024-02-19,148.0,-62.0,0.0,,
2024-02-20,191.0,13.0,0.0,,
2024-02-21,228.0,21.0,0.0,,
2024-02-22,185.0,112.0,76.0,,
2024-02-23,183.0,53.0,0.0,,
2024-02-24,143.0,0.0,0.0,,
2024-02-25,237.0,6.0,0.0,,
2024-02-26,239.0,100.0,0.0,,
2024-02-27,247.0,178.0,0.0,,
2024-02-28,228.0,-7.0,79.0,,
2024-02-29,117.0,-25.0,0.0,,
2024-03-01,84.0,48.0,5.0,,
2024-03-02,174.0,74.0,0.0,,
2024-03-03,231.0,83.0,0.0,,
2024-03-04,260.0,154.0,0.0,,
2024-03-05,205.0,133.0,52.0,,
2024-03-06,154.0,128.0,0.0,,
2024-03-07,219.0,89.0,0.0,,
2024-03-08,185.0,138.0,64.0,,
2024-03-09,138.0,6.0,0.0,,
2024-03-10,151.0,-19.0,0.0,,
2024-03-11,189.0,-25.0,0.0,,
2024-03-12,217.0,-2.0,0.0,,
2024-03-13,252.0,61.0,0.0,,
2024-03-14,264.0,158.0,4.0,,
2024-03-15,182.0,101.0,559.0,,
2024-03-16,197.0,39.0,6.0,,
2024-03-17,166.0,44.0,0.0,,
2024-03-18,90.0,-29.0,0.0,,
2024-03-19,139.0,-54.0,0.0,,
2024-03-20,233.0,69.0,0.0,,
2024-03-21,216.0,42.0,0.0,,
2024-03-23,130.0,25.0,0.0,,
2024-03-24,188.0,14.0,0.0,,
2024-03-25,187.0,137.0,540.0,,
2024-03-26,178.0,44.0,0.0,,
2024-03-27,151.0,9.0,0.0,,
2024-03-28,188.0,1.0,0.0,,
2024-03-29,228.0,6.0,0.0,,
2024-03-30,249.0,77.0,0.0,,
2024-03-31,248.0,125.0,0.0,,
2024-04-01,237.0,193.0,2.0,,
2024-04-02,251.0,103.0,29.0,,
2024-04-03,144.0,35.0,0.0,,
2024-04-04,171.0,39.0,0.0,,
2024-04-05,169.0,-1.0,0.0,,
2024-04-06,198.0,36.0,0.0,,
2024-04-07,262.0,94.0,48.0,,
2024-04-08,250.0,167.0,154.0,,
2024-04-09,175.0,139.0,262.0,,
2024-04-10,195.0,152.0,87.0,,
2024-04-11,200.0,114.0,315.0,,
2024-04-12,205.0,64.0,0.0,,
2024-04-13,273.0,43.0,0.0,,
2024-04-14,273.0,142.0,0.0,,
2024-04-15,261.0,127.0,0.0,,
2024-04-16,279.0,167.0,0.0,,
2024-04-17,272.0,188.0,0.0,,
2024-04-18,261.0,194.0,0.0,,
2024-04-19,205.0,139.0,35.0,,
2024-04-20,159.0,84.0,37.0,,
2024-04-21,153.0,21.0,0.0,,
2024-04-22,199.0,-8.0,0.0,,
2024-04-23,235.0,27.0,0.0,,
2024-04-24,255.0,97.0,0.0,,
2024-04-25,195.0,90.0,9.0,,
2024-04-26,289.0,130.0,0.0,,
2024-04-27,284.0,195.0,0.0,,
2024-04-28,264.0,176.0,19.0,,
2024-04-29,218.0,156.0,154.0,,
2024-04-30,274.0,131.0,0.0,,
2024-05-01,291.0,128.0,0.0,,
2024-05-02,289.0,147.0,138.0,,
2024-05-03,232.0,172.0,0.0,,
2024-05-04,267.0,162.0,0.0,,
2024-05-05,274.0,144.0,248.0,,
2024-05-06,290.0,168.0,334.0,,
2024-05-07,288.0,203.0,12.0,,
2024-05-08,283.0,221.0,0.0,,
2024-05-09,295.0,178.0,160.0,,
2024-05-10,230.0,108.0,0.0,,
2024-05-11,269.0,86.0,0.0,,
2024-05-12,256.0,121.0,0.0,,
2024-05-13,208.0,166.0,11.0,,
2024-05-14,239.0,156.0,648.0,,
2024-05-15,247.0,150.0,0.0,,
2024-05-16,276.0,141.0,0.0,,
2024-05-17,248.0,185.0,77.0,,
2024-05-18,253.0,164.0,76.0,,
2024-05-19,293.0,140.0,0.0,,
2024-05-20,305.0,150.0,0.0,,
2024-05-21,305.0,184.0,0.0,,
2024-05-22,286.0,210.0,0.0,,
2024-05-23,267.0,181.0,81.0,,
2024-05-24,256.0,199.0,154.0,,
2024-05-25,299.0,187.0,10.0,,
2024-05-26,308.0,224.0,0.0,,
2024-05-27,298.0,177.0,146.0,,
2024-05-28,285.0,156.0,0.0,,
2024-05-29,292.0,142.0,0.0,,
2024-05-30,270.0,157.0,0.0,,
2024-05-31,250.0,172.0,65.0,,
2024-06-01,267.0,191.0,154.0,,
2024-06-02,297.0,186.0,0.0,,
2024-06-03,270.0,196.0,177.0,,
2024-06-04,282.0,194.0,9.0,,
2024-06-05,287.0,189.0,0.0,,
2024-06-06,307.0,200.0,0.0,,
2024-06-07,291.0,148.0,0.0,,
2024-06-08,296.0,133.0,0.0,,
2024-06-09,305.0,198.0,0.0,,
2024-06-10,281.0,152.0,0.0,,
2024-06-11,260.0,127.0,0.0,,
2024-06-12,277.0,114.0,0.0,,
2024-06-13,304.0,115.0,0.0,,
2024-06-14,326.0,150.0,0.0,,
2024-06-15,333.0,189.0,0.0,,
2024-06-16,344.0,207.0,0.0,,
2024-06-17,312.0,219.0,15.0,,
2024-06-18,282.0,212.0,2.0,,
2024-06-19,298.0,193.0,0.0,,
2024-06-20,312.0,179.0,0.0,,
2024-06-21,330.0,188.0,0.0,,
2024-06-22,331.0,190.0,0.0,,
2024-06-23,334.0,206.0,0.0,,
2024-06-24,349.0,212.0,0.0,,
2024-06-25,357.0,196.0,0.0,,
2024-06-26,326.0,235.0,220.0,,
2024-06-27,295.0,221.0,0.0,,
2024-06-28,322.0,205.0,0.0,,
2024-06-29,340.0,231.0,0.0,,
2024-06-30,325.0,234.0,81.0,,
2024-07-01,296.0,176.0,0.0,,
2024-07-02,339.0,157.0,0.0,,
2024-07-03,359.0,210.0,0.0,,
2024-07-04,354.0,240.0,0.0,,
2024-07-05,317.0,220.0,0.0,,
2024-07-06,306.0,194.0,0.0,,
2024-07-07,328.0,181.0,0.0,,
2024-07-08,331.0,227.0,95.0,,
2024-07-09,281.0,192.0,42.0,,
2024-07-10,299.0,174.0,0.0,,
2024-07-11,310.0,162.0,0.0,,
2024-07-12,324.0,178.0,0.0,,
2024-07-13,338.0,192.0,0.0,,
2024-07-14,337.0,220.0,0.0,,
2024-07-15,340.0,217.0,0.0,,
2024-07-16,344.0,245.0,0.0,,
2024-07-17,306.0,217.0,13.0,,
2024-07-18,299.0,221.0,2.0,,
2024-07-19,263.0,180.0,281.0,,
2024-07-20,306.0,201.0,0.0,,
2024-07-21,308.0,198.0,0.0,,
2024-07-22,303.0,204.0,0.0,,
2024-07-23,262.0,211.0,555.0,,
2024-07-24,285.0,217.0,11.0,,
2024-07-25,250.0,217.0,53.0,,
2024-07-26,286.0,219.0,83.0,,
2024-07-27,282.0,220.0,0.0,,
2024-07-28,280.0,223.0,187.0,,
2024-07-29,318.0,230.0,0.0,,
2024-07-30,329.0,238.0,0.0,,
2024-07-31,338.0,228.0,0.0,,
2024-08-01,339.0,234.0,0.0,,
2024-08-02,342.0,219.0,0.0,,
2024-08-03,314.0,199.0,0.0,,
2024-08-04,326.0,195.0,0.0,,
2024-08-05,341.0,204.0,0.0,,
2024-08-06,341.0,208.0,0.0,,
2024-08-07,276.0,194.0,0.0,,
2024-08-08,301.0,188.0,0.0,,
2024-08-09,306.0,179.0,0.0,,
2024-08-10,279.0,149.0,0.0,,
2024-08-11,291.0,150.0,0.0,,
2024-08-12,292.0,176.0,0.0,,
2024-08-13,322.0,180.0,0.0,,
2024-08-14,285.0,217.0,8.0,,
2024-08-15,344.0,201.0,0.0,,
2024-08-16,350.0,233.0,0.0,,
2024-08-17,337.0,217.0,0.0,,
2024-08-18,341.0,206.0,0.0,,
2024-08-19,306.0,176.0,0.0,,
2024-08-20,290.0,157.0,0.0,,
2024-08-21,282.0,122.0,0.0,,
2024-08-22,318.0,116.0,0.0,,
2024-08-23,339.0,185.0,0.0,,
2024-08-24,332.0,170.0,0.0,,
2024-08-25,345.0,147.0,0.0,,
2024-08-26,356.0,158.0,0.0,,
2024-08-27,367.0,157.0,0.0,,
2024-08-28,370.0,170.0,0.0,,
2024-08-29,362.0,206.0,99.0,,
2024-08-30,331.0,215.0,801.0,,
2024-08-31,281.0,215.0,15.0,,
2024-09-01,294.0,201.0,57.0,,
2024-09-02,306.0,202.0,0.0,,
2024-09-03,296.0,165.0,0.0,,
2024-09-04,280.0,200.0,4.0,,
2024-09-05,299.0,201.0,0.0,,
2024-09-06,277.0,212.0,0.0,,
2024-09-07,252.0,123.0,0.0,,
2024-09-08,250.0,84.0,0.0,,
2024-09-09,283.0,73.0,0.0,,
2024-09-10,302.0,137.0,0.0,,
2024-09-11,296.0,150.0,0.0,,
2024-09-12,229.0,178.0,934.0,,
2024-09-13,217.0,187.0,27.0,,
2024-09-14,234.0,188.0,41.0,,
2024-09-15,226.0,204.0,162.0,,
2024-09-16,266.0,181.0,0.0,,
2024-09-17,304.0,151.0,0.0,,
2024-09-18,298.0,124.0,0.0,,
2024-09-19,304.0,151.0,0.0,,
2024-09-20,315.0,166.0,0.0,,
2024-09-21,323.0,192.0,0.0,,
2024-09-22,328.0,191.0,0.0,,
2024-09-23,313.0,194.0,18.0,,
2024-09-24,291.0,180.0,168.0,,
2024-09-25,243.0,134.0,0.0,,
2024-09-26,267.0,119.0,0.0,,
2024-09-27,185.0,155.0,544.0,,
2024-09-28,210.0,157.0,8.0,,
2024-09-29,240.0,173.0,45.0,,
2024-09-30,248.0,170.0,0.0,,
2024-10-01,284.0,155.0,0.0,,
2024-10-02,249.0,104.0,0.0,,
2024-10-03,284.0,96.0,0.0,,
2024-10-04,301.0,150.0,0.0,,
2024-10-05,306.0,151.0,0.0,,
2024-10-06,311.0,154.0,0.0,,
2024-10-07,247.0,95.0,0.0,,
2024-10-08,240.0,80.0,0.0,,
2024-10-09,259.0,70.0,0.0,,
2024-10-10,265.0,79.0,0.0,,
2024-10-11,268.0,83.0,0.0,,
2024-10-12,279.0,100.0,0.0,,
2024-10-13,297.0,133.0,0.0,,
2024-10-14,197.0,51.0,0.0,,
2024-10-15,202.0,39.0,0.0,,
2024-10-16,158.0,3.0,0.0,,
2024-10-17,183.0,-6.0,0.0,,
2024-10-18,209.0,5.0,0.0,,
2024-10-19,220.0,27.0,0.0,,
2024-10-20,240.0,21.0,0.0,,
2024-10-21,253.0,33.0,0.0,,
2024-10-22,259.0,54.0,0.0,,
2024-10-23,284.0,94.0,0.0,,
2024-10-24,281.0,123.0,0.0,,
2024-10-25,285.0,119.0,0.0,,
2024-10-26,244.0,112.0,80.0,,
2024-10-27,234.0,97.0,0.0,,
2024-10-28,286.0,117.0,0.0,,
2024-10-29,264.0,159.0,0.0,,
2024-10-30,255.0,155.0,0.0,,
2024-10-31,240.0,171.0,210.0,,
2024-11-01,194.0,143.0,0.0,,
2024-11-02,237.0,132.0,0.0,,
2024-11-03,268.0,169.0,0.0,,
2024-11-04,235.0,208.0,0.0,,
2024-11-05,245.0,195.0,7.0,,
2024-11-06,250.0,168.0,252.0,,
2024-11-07,216.0,152.0,76.0,,
2024-11-08,177.0,145.0,0.0,,
2024-11-09,205.0,142.0,78.0,,
2024-11-10,245.0,170.0,94.0,,
2024-11-11,209.0,75.0,0.0,,
2024-11-12,211.0,67.0,0.0,,
2024-11-13,186.0,81.0,628.0,,
2024-11-14,172.0,50.0,0.0,,
2024-11-15,170.0,25.0,0.0,,
2024-11-16,186.0,22.0,0.0,,
2024-11-17,216.0,54.0,0.0,,
2024-11-18,238.0,145.0,34.0,,
2024-11-19,227.0,98.0,147.0,,
2024-11-20,156.0,20.0,0.0,,
2024-11-21,125.0,20.0,0.0,,
2024-11-22,112.0,4.0,0.0,,
2024-11-23,141.0,-19.0,0.0,,
2024-11-24,189.0,6.0,0.0,,
2024-11-25,210.0,114.0,11.0,,
2024-11-26,133.0,11.0,0.0,,
2024-11-27,143.0,7.0,74.0,,
2024-11-28,107.0,-13.0,0.0,,
2024-11-29,73.0,-41.0,0.0,,
2024-11-30,103.0,-61.0,0.0,,
2024-12-01,93.0,-33.0,0.0,,
2024-12-02,101.0,-51.0,0.0,,
2024-12-03,54.0,-48.0,0.0,,
2024-12-04,114.0,-32.0,2.0,,
2024-12-05,83.0,-48.0,0.0,,
2024-12-06,45.0,-72.0,0.0,,
2024-12-07,129.0,-55.0,0.0,,
2024-12-08,152.0,50.0,507.0,,
2024-12-09,171.0,111.0,118.0,,
2024-12-10,169.0,57.0,0.0,,
2024-12-11,87.0,-29.0,0.0,,
2024-12-12,123.0,-40.0,0.0,,
2024-12-13,109.0,-1.0,0.0,,
2024-12-14,137.0,69.0,172.0,,
2024-12-15,163.0,137.0,61.0,,
2024-12-16,191.0,150.0,504.0,,
2024-12-17,163.0,119.0,20.0,,
2024-12-18,176.0,20.0,198.0,,
2024-12-19,106.0,4.0,0.0,,
2024-12-20,59.0,3.0,0.0,,
2024-12-21,59.0,-36.0,0.0,,
2024-12-22,87.0,-58.0,0.0,,
2024-12-23,127.0,-25.0,0.0,,
2024-12-24,154.0,44.0,0.0,,
2024-12-25,141.0,78.0,0.0,,
2024-12-26,123.0,96.0,44.0,,
2024-12-27,188.0,108.0,235.0,,
2024-12-28,177.0,142.0,495.0,,
2024-12-29,163.0,106.0,43.0,,
2024-12-30,178.0,64.0,0.0,,
2024-12-31,140.0,66.0,0.0,,
2025-01-01,66.0,-30.0,0.0,,
2025-01-02,103.0,-37.0,0.0,,
2025-01-03,98.0,-29.0,0.0,,
2025-01-04,92.0,-50.0,0.0,,
2025-01-05,155.0,32.0,246.0,,
2025-01-06,32.0,-36.0,11.0,,
2025-01-07,-10.0,-30.0,0.0,,
2025-01-08,13.0,-80.0,0.0,,
2025-01-09,33.0,-102.0,4.0,,
2025-01-10,5.0,-14.0,260.0,,
2025-01-11,40.0,-42.0,0.0,,
2025-01-12,92.0,-49.0,0.0,,
2025-01-13,53.0,-54.0,0.0,,
2025-01-14,104.0,-72.0,0.0,,
2025-01-15,106.0,-32.0,0.0,,
2025-01-16,137.0,-33.0,0.0,,
2025-01-17,147.0,-24.0,32.0,,
2025-01-18,102.0,2.0,24.0,,
2025-01-19,2.0,-77.0,0.0,,
2025-01-20,-32.0,-106.0,0.0,,
2025-01-21,-34.0,-138.0,0.0,,
2025-01-22,11.0,-149.0,0.0,,
2025-01-23,78.0,-94.0,0.0,,
2025-01-24,31.0,-58.0,0.0,,
2025-01-25,116.0,-53.0,0.0,,
2025-01-26,76.0,20.0,71.0,,
2025-01-27,96.0,-37.0,34.0,,
2025-01-28,147.0,-48.0,0.0,,
2025-01-29,178.0,27.0,0.0,,
2025-01-30,180.0,93.0,244.0,,
2025-01-31,196.0,95.0,3.0,,
2025-02-01,147.0,33.0,0.0,,
2025-02-02,207.0,8.0,0.0,,
2025-02-03,222.0,70.0,0.0,,
2025-02-04,185.0,100.0,0.0,,
2025-02-05,223.0,102.0,0.0,,
2025-02-06,214.0,102.0,30.0,,
2025-02-07,139.0,93.0,0.0,,
2025-02-08,239.0,98.0,47.0,,
2025-02-09,98.0,21.0,3.0,,
2025-02-10,86.0,22.0,0.0,,
2025-02-11,76.0,43.0,357.0,,
2025-02-12,135.0,40.0,276.0,,
2025-02-13,40.0,-26.0,0.0,,
2025-02-14,119.0,-39.0,5.0,,
2025-02-15,217.0,94.0,428.0,,
2025-02-16,102.0,-16.0,0.0,,
2025-02-17,64.0,-52.0,0.0,,
2025-02-18,64.0,-31.0,18.0,,
2025-02-19,-27.0,-82.0,2.0,,
2025-02-20,-49.0,-119.0,15.0,,
2025-02-21,26.0,-112.0,0.0,,
2025-02-22,78.0,-70.0,0.0,,
2025-02-23,117.0,-62.0,0.0,,
2025-02-24,179.0,-54.0,0.0,,
2025-02-25,232.0,32.0,0.0,,
2025-02-26,246.0,50.0,0.0,,
2025-02-27,187.0,52.0,0.0,,
2025-02-28,215.0,-10.0,0.0,,
2025-03-01,165.0,15.0,0.0,,
2025-03-02,118.0,-33.0,0.0,,
2025-03-03,192.0,10.0,0.0,,
2025-03-04,175.0,105.0,232.0,,
2025-03-05,116.0,31.0,0.0,,
2025-03-06,123.0,-5.0,0.0,,
2025-03-07,182.0,30.0,0.0,,
2025-03-08,164.0,70.0,12.0,,
2025-03-09,164.0,50.0,14.0,,
2025-03-10,203.0,9.0,0.0,,
2025-03-11,243.0,13.0,0.0,,
2025-03-12,255.0,86.0,0.0,,
2025-03-13,241.0,133.0,7.0,,
2025-03-14,265.0,144.0,0.0,,
2025-03-15,229.0,118.0,726.0,,
2025-03-16,132.0,11.0,0.0,,
2025-03-17,190.0,-26.0,0.0,,
2025-03-18,248.0,76.0,0.0,,
2025-03-19,234.0,76.0,0.0,,
2025-03-20,114.0,-20.0,5.0,,
2025-03-21,175.0,-36.0,0.0,,
2025-03-22,214.0,50.0,0.0,,
2025-03-23,228.0,94.0,0.0,,
2025-03-24,218.0,68.0,0.0,,
2025-03-25,252.0,56.0,0.0,,
2025-03-26,234.0,44.0,0.0,,
2025-03-27,268.0,58.0,0.0,,
2025-03-28,267.0,133.0,0.0,,
2025-03-29,219.0,165.0,114.0,,
2025-03-30,247.0,177.0,45.0,,
2025-03-31,177.0,60.0,35.0,,
2025-04-01,224.0,38.0,0.0,,
2025-04-02,307.0,198.0,165.0,,
2025-04-03,242.0,149.0,341.0,,
2025-04-04,282.0,151.0,228.0,,
2025-04-05,266.0,157.0,907.0,,
2025-04-06,173.0,74.0,65.0,,
2025-04-07,149.0,36.0,0.0,,
2025-04-08,139.0,17.0,0.0,,
2025-04-09,212.0,-7.0,0.0,,
2025-04-10,264.0,92.0,7.0,,
2025-04-11,192.0,53.0,0.0,,
2025-04-12,184.0,26.0,0.0,,
2025-04-13,267.0,39.0,0.0,,
2025-04-14,273.0,173.0,0.0,,
2025-04-15,202.0,43.0,0.0,,
2025-04-16,232.0,15.0,0.0,,
2025-04-17,269.0,88.0,0.0,,
2025-04-18,289.0,184.0,0.0,,
2025-04-19,270.0,182.0,0.0,,
2025-04-20,269.0,148.0,0.0,,
2025-04-21,230.0,132.0,219.0,,
2025-04-22,265.0,112.0,0.0,,
2025-04-23,257.0,162.0,16.0,,
2025-04-24,261.0,164.0,69.0,,
2025-04-25,254.0,170.0,8.0,,
2025-04-26,257.0,154.0,0.0,,
2025-04-27,263.0,150.0,16.0,,
2025-04-28,309.0,159.0,0.0,,
2025-04-29,294.0,191.0,0.0,,
2025-04-30,286.0,169.0,25.0,,
2025-05-01,253.0,167.0,0.0,,
2025-05-02,251.0,163.0,88.0,,
2025-05-03,219.0,96.0,29.0,,
2025-05-04,188.0,78.0,0.0,,
2025-05-05,222.0,82.0,0.0,,
2025-05-06,249.0,83.0,26.0,,
2025-05-07,209.0,154.0,12.0,,
2025-05-08,265.0,141.0,14.0,,
2025-05-09,221.0,133.0,0.0,,
2025-05-10,183.0,144.0,52.0,,
2025-05-11,236.0,151.0,138.0,,
2025-05-12,240.0,152.0,67.0,,
2025-05-13,259.0,150.0,36.0,,
2025-05-14,283.0,179.0,0.0,,
2025-05-15,292.0,193.0,0.0,,
2025-05-16,281.0,228.0,0.0,,
2025-05-17,305.0,176.0,3.0,,
2025-05-18,283.0,187.0,429.0,,
2025-05-19,301.0,194.0,3.0,,
2025-05-20,275.0,185.0,134.0,,
2025-05-21,277.0,124.0,0.0,,
2025-05-22,269.0,160.0,0.0,,
2025-05-23,239.0,136.0,0.0,,
2025-05-24,209.0,156.0,573.0,,
2025-05-25,254.0,172.0,200.0,,
2025-05-26,224.0,183.0,178.0,,
2025-05-27,221.0,187.0,22.0,,
2025-05-28,249.0,181.0,0.0,,
2025-05-29,271.0,180.0,0.0,,
2025-05-30,246.0,136.0,0.0,,
2025-05-31,258.0,119.0,0.0,,
2025-06-01,283.0,127.0,0.0,,
2025-06-02,296.0,147.0,0.0,,
2025-06-03,293.0,158.0,0.0,,
2025-06-04,304.0,178.0,0.0,,
2025-06-05,310.0,209.0,5.0,,
2025-06-06,311.0,208.0,0.0,,
2025-06-07,282.0,198.0,318.0,,
2025-06-08,295.0,192.0,0.0,,
2025-06-09,281.0,190.0,292.0,,
2025-06-10,290.0,156.0,0.0,,
2025-06-11,298.0,148.0,0.0,,
2025-06-12,313.0,176.0,355.0,,
2025-06-13,289.0,202.0,161.0,,
2025-06-14,288.0,203.0,201.0,,
2025-06-15,298.0,215.0,0.0,,
2025-06-16,297.0,209.0,0.0,,
2025-06-17,293.0,224.0,64.0,,
2025-06-18,309.0,216.0,0.0,,
2025-06-19,294.0,182.0,308.0,,
2025-06-20,321.0,198.0,0.0,,
2025-06-21,325.0,224.0,0.0,,
2025-06-22,332.0,207.0,0.0,,
2025-06-23,332.0,221.0,85.0,,
2025-06-24,330.0,214.0,0.0,,
2025-06-25,346.0,222.0,0.0,,
2025-06-26,333.0,224.0,55.0,,
2025-06-27,322.0,216.0,0.0,,
2025-06-28,319.0,222.0,55.0,,
2025-06-29,320.0,216.0,2.0,,
2025-06-30,300.0,225.0,98.0,,
2025-07-01,311.0,218.0,208.0,,
2025-07-02,308.0,192.0,0.0,,
2025-07-03,309.0,192.0,0.0,,
2025-07-04,314.0,184.0,0.0,,
2025-07-05,323.0,193.0,0.0,,
2025-07-06,328.0,222.0,0.0,,
2025-07-07,327.0,212.0,564.0,,
2025-07-08,317.0,207.0,33.0,,
2025-07-09,299.0,206.0,0.0,,
2025-07-10,307.0,215.0,17.0,,
2025-07-11,320.0,215.0,0.0,,
2025-07-12,319.0,208.0,0.0,,
2025-07-13,313.0,222.0,0.0,,
2025-07-14,308.0,218.0,0.0,,
2025-07-15,331.0,216.0,0.0,,
2025-07-16,338.0,231.0,0.0,,
2025-07-17,333.0,230.0,0.0,,
2025-07-18,327.0,231.0,0.0,,
2025-07-19,316.0,241.0,12.0,,
2025-07-20,331.0,238.0,0.0,,
2025-07-21,340.0,236.0,0.0,,
2025-07-22,342.0,232.0,0.0,,
2025-07-23,346.0,225.0,0.0,,
2025-07-24,333.0,243.0,0.0,,
2025-07-25,323.0,233.0,7.0,,
2025-07-26,328.0,234.0,0.0,,
2025-07-27,324.0,222.0,0.0,,
2025-07-28,336.0,234.0,0.0,,
2025-07-29,358.0,233.0,0.0,,
2025-07-30,344.0,224.0,0.0,,
2025-07-31,347.0,217.0,65.0,,
2025-08-01,266.0,212.0,0.0,,
2025-08-02,289.0,184.0,0.0,,
2025-08-03,290.0,160.0,0.0,,
2025-08-04,276.0,175.0,0.0,,
2025-08-05,296.0,183.0,0.0,,
2025-08-06,311.0,182.0,0.0,,
2025-08-07,329.0,186.0,0.0,,
2025-08-08,327.0,203.0,604.0,,
2025-08-09,312.0,203.0,0.0,,
2025-08-10,318.0,199.0,0.0,,
2025-08-11,323.0,203.0,0.0,,
2025-08-12,333.0,215.0,0.0,,
2025-08-13,336.0,223.0,0.0,,
2025-08-14,325.0,209.0,17.0,,
2025-08-15,336.0,212.0,0.0,,
2025-08-16,345.0,221.0,0.0,,
2025-08-17,351.0,224.0,0.0,,
2025-08-18,352.0,219.0,0.0,,
2025-08-19,358.0,218.0,0.0,,
2025-08-20,346.0,213.0,39.0,,
2025-08-21,308.0,184.0,0.0,,
2025-08-22,309.0,168.0,0.0,,
2025-08-23,322.0,172.0,0.0,,
2025-08-24,320.0,163.0,0.0,,
2025-08-25,271.0,138.0,0.0,,
2025-08-26,269.0,130.0,16.0,,
2025-08-27,278.0,99.0,0.0,,
2025-08-28,234.0,147.0,2.0,,
2025-08-29,309.0,120.0,0.0,,
2025-08-30,322.0,140.0,0.0,,
2025-08-31,316.0,139.0,0.0,,
2025-09-01,315.0,155.0,0.0,,
2025-09-02,290.0,169.0,13.0,,
2025-09-03,296.0,173.0,0.0,,
2025-09-04,319.0,197.0,0.0,,
2025-09-05,332.0,204.0,0.0,,
2025-09-06,217.0,120.0,33.0,,
2025-09-07,271.0,88.0,0.0,,
2025-09-08,271.0,80.0,0.0,,
2025-09-09,302.0,122.0,0.0,,
2025-09-10,314.0,157.0,0.0,,
2025-09-11,328.0,165.0,0.0,,
2025-09-12,339.0,163.0,0.0,,
2025-09-13,334.0,163.0,0.0,,
2025-09-14,343.0,161.0,0.0,,
2025-09-15,337.0,190.0,35.0,,
2025-09-16,330.0,179.0,0.0,,
2025-09-17,339.0,171.0,0.0,,
2025-09-18,342.0,176.0,0.0,,
2025-09-19,293.0,175.0,0.0,,
2025-09-20,318.0,152.0,0.0,,
2025-09-21,337.0,175.0,150.0,,
2025-09-22,286.0,190.0,354.0,,
2025-09-23,313.0,208.0,706.0,,
2025-09-24,266.0,207.0,50.0,,
2025-09-25,267.0,188.0,3.0,,
2025-09-26,270.0,138.0,0.0,,
2025-09-27,279.0,113.0,0.0,,
2025-09-28,293.0,120.0,0.0,,
2025-09-29,300.0,133.0,0.0,,
2025-09-30,305.0,141.0,,,
2025-10-01,310.0,153.0,,,
2025-10-02,288.0,161.0,,,
2025-10-03,274.0,132.0,,,
2025-10-04,274.0,116.0,,,
2025-10-05,294.0,145.0,,,
2025-10-06,254.0,210.0,,,
2025-10-07,275.0,182.0,,,
2025-10-08,262.0,145.0,,,
2025-10-09,235.0,91.0,,,
2025-10-10,258.0,83.0,,,
2025-10-11,261.0,92.0,,,
2025-10-12,267.0,88.0,,,
2025-10-13,272.0,91.0,,,
2025-10-14,268.0,97.0,,,
2025-10-15,284.0,90.0,,,
2025-10-16,284.0,107.0,,,
2025-10-17,284.0,132.0,,,
2025-10-18,290.0,149.0,,,
2025-10-19,196.0,58.0,,,
2025-10-20,231.0,42.0,,,
2025-10-21,231.0,61.0,,,
2025-10-22,222.0,27.0,,,
2025-10-23,244.0,53.0,,,
2025-10-24,174.0,73.0,,,
2025-10-25,212.0,98.0,,,
2025-10-26,146.0,120.0,,,
2025-10-27,157.0,133.0,,,
2025-10-28,163.0,135.0,,,
2025-10-29,136.0,89.0,249.0,,
2025-10-30,159.0,32.0,,,
2025-10-31,176.0,12.0,,,
2025-11-01,174.0,34.0,,,
2025-11-02,121.0,2.0,,,
2025-11-03,186.0,-14.0,,,
2025-11-04,219.0,30.0,,,
2025-11-05,234.0,55.0,,,
2025-11-06,234.0,75.0,,,
2025-11-07,249.0,111.0,,,
2025-11-08,222.0,110.0,,,
2025-11-09,154.0,6.0,,,
2025-11-10,40.0,-55.0,,,
2025-11-11,131.0,-62.0,,,
2025-11-12,203.0,47.0,,,
2025-11-13,236.0,23.0,,,
2025-11-14,245.0,68.0,,,
2025-11-15,252.0,150.0,,,
2025-11-16,231.0,50.0,,,
2025-11-17,200.0,44.0,,,
2025-11-18,239.0,146.0,,,
2025-11-19,232.0,175.0,,,
2025-11-20,195.0,143.0,,,
2025-11-21,203.0,165.0,,,
2025-11-22,205.0,130.0,,,
2025-11-23,188.0,62.0,,,
2025-11-24,160.0,48.0,,,
2025-11-25,199.0,117.0,,,
2025-11-26,118.0,1.0,,,
2025-11-27,103.0,-28.0,,,
2025-11-28,109.0,-45.0,,,
2025-11-29,98.0,3.0,,,
2025-11-30,68.0,-5.0,,,
2025-12-01,41.0,-18.0,,,
2025-12-02,12.0,-16.0,,,
2025-12-03,58.0,-22.0,,,
2025-12-04,27.0,-8.0,,,
2025-12-05,22.0,0.0,,,
2025-12-06,72.0,1.0,,,
2025-12-07,83.0,2.0,,,
2025-12-08,64.0,9.0,0.0,,
2025-12-09,90.0,6.0,,,
2025-12-10,151.0,4.0,,,
2025-12-11,119.0,-6.0,,,
2025-12-12,174.0,23.0,,,
2025-12-13,172.0,-11.0,,,
2025-12-14,11.0,-87.0,,,
2025-12-15,48.0,-110.0,,,
2025-12-16,131.0,-53.0,,,
2025-12-17,135.0,34.0,,,
2025-12-18,177.0,55.0,,,
2025-12-19,87.0,-16.0,,,
2025-12-20,182.0,17.0,,,
2025-12-21,159.0,59.0,,,
2025-12-22,165.0,32.0,,,
2025-12-23,229.0,138.0,,,
2025-12-24,240.0,130.0,,,
2025-12-25,234.0,130.0,,,
2025-12-26,213.0,135.0,,,
2025-12-27,194.0,129.0,,,
2025-12-28,228.0,78.0,,,
2025-12-29,77.0,-37.0,,,
2025-12-30,39.0,-61.0,,,
2025-12-31,125.0,-45.0,,,
2026-01-01,186.0,-14.0,,,
2026-01-02,119.0,73.0,,,
2026-01-03,97.0,7.0,,,
2026-01-04,115.0,-25.0,,,
2026-01-05,172.0,-3.0,,,
2026-01-06,213.0,88.0,,,
2026-01-07,191.0,70.0,,,
2026-01-08,213.0,145.0,,,
2026-01-09,222.0,145.0,,,
2026-01-10,146.0,11.0,,,
2026-01-11,79.0,-38.0,,,
2026-01-12,108.0,-61.0,,,
2026-01-13,171.0,-14.0,,,
2026-01-14,108.0,9.0,,,
2026-01-15,40.0,-56.0,,,
2026-01-16,120.0,-23.0,,,
2026-01-17,59.0,-70.0,,,
2026-01-18,16.0,-84.0,,,
2026-01-19,71.0,-75.0,,,
2026-01-20,75.0,-95.0,,,
2026-01-21,75.0,17.0,,,
2026-01-22,107.0,19.0,,,
2026-01-23,40.0,-44.0,,,
2026-01-24,-32.0,-81.0,,,
2026-01-25,-5.0,-94.0,,,
2026-01-26,-59.0,-127.0,,,
2026-01-29,,-56.0,,,
2026-01-30,11.0,-69.0,,,
2026-01-31,-41.0,-111.0,,,
2026-02-03,97.0,1.0,,,
2026-02-04,36.0,-30.0,,,
2026-02-05,41.0,-74.0,,,
2026-02-06,188.0,-16.0,,,
2026-02-07,108.0,-32.0,,,
2026-02-08,165.0,-26.0,,,
2026-02-09,227.0,6.0,,,
2026-02-10,186.0,71.0,,,
2026-02-11,169.0,22.0,,,
2026-02-12,164.0,9.0,,,
2026-02-13,189.0,11.0,,,
2026-02-14,188.0,34.0,,,
2026-02-15,133.0,91.0,,,
2026-02-16,196.0,2.0,,,
2026-02-17,151.0,83.0,,,
2026-02-18,186.0,130.0,,,
2026-02-19,246.0,157.0,,,
2026-02-20,187.0,58.0,,,
2026-02-21,156.0,12.0,,,
2026-02-22,68.0,-5.0,,,
2026-02-23,26.0,-67.0,,,
2026-02-24,120.0,-77.0,,,
2026-02-25,160.0,88.0,,,
2026-02-26,214.0,107.0,,,
2026-02-27,217.0,45.0,,,
2026-02-28,246.0,21.0,,,
2026-03-01,255.0,55.0,,,
2026-03-02,240.0,112.0,,,
2026-03-04,276.0,173.0,,,
2026-03-05,262.0,177.0,,,
2026-03-06,266.0,150.0,,,
2026-04-26,282.0,137.0,0.0,,
2026-04-27,286.0,191.0,2.0,,
2026-04-28,249.0,181.0,824.0,,
2026-04-29,212.0,148.0,3.0,,
2026-04-30,193.0,88.0,0.0,,
2026-05-01,184.0,70.0,0.0,,
2026-05-02,210.0,37.0,0.0,,
2026-05-03,225.0,30.0,0.0,,
2026-05-04,259.0,107.0,0.0,,
2026-05-05,219.0,143.0,7.0,,
2026-05-06,221.0,114.0,215.0,,
2026-05-07,199.0,90.0,0.0,,
2026-05-08,231.0,53.0,0.0,,
2026-05-09,269.0,109.0,0.0,,
2026-05-10,271.0,120.0,6.0,,
2026-05-11,237.0,87.0,0.0,,
2026-05-12,259.0,61.0,0.0,,
2026-05-13,279.0,97.0,0.0,,
2026-05-14,240.0,63.0,0.0,,
2026-05-15,275.0,102.0,0.0,,
2026-05-16,282.0,184.0,0.0,,
2026-05-17,296.0,171.0,0.0,,
2026-05-18,302.0,222.0,0.0,,
2026-05-19,312.0,206.0,535.0,,
2026-05-20,273.0,189.0,417.0,,
2026-05-21,238.0,176.0,3.0,,
2026-05-22,260.0,184.0,120.0,,
2026-05-23,273.0,180.0,118.0,,
2026-05-24,261.0,190.0,0.0,,
2026-05-25,250.0,184.0,10.0,,
2026-05-26,280.0,194.0,5.0,,
2026-05-27,287.0,204.0,9.0,,
2026-05-28,296.0,199.0,0.0,,
2026-05-29,287.0,209.0,7.0,,
2026-05-30,301.0,200.0,0.0,,
2026-05-31,317.0,193.0,0.0,,
2026-06-01,322.0,205.0,7.0,,
2026-06-02,292.0,165.0,0.0,,
2026-06-03,280.0,143.0,0.0,,
2026-06-04,270.0,150.0,0.0,,
2026-06-05,288.0,134.0,0.0,,
2026-06-06,294.0,174.0,0.0,,
2026-06-07,278.0,212.0,39.0,,
2026-06-08,310.0,236.0,0.0,,
2026-06-09,334.0,222.0,0.0,,
2026-06-10,332.0,198.0,0.0,,
2026-06-11,329.0,212.0,0.0,,
2026-06-12,306.0,192.0,427.0,,
2026-06-13,315.0,184.0,210.0,,
2026-06-14,294.0,203.0,23.0,,
2026-06-15,269.0,172.0,0.0,,
2026-06-16,282.0,158.0,0.0,,
2026-06-17,306.0,153.0,0.0,,
2026-06-18,266.0,218.0,14.0,,
2026-06-19,289.0,215.0,0.0,,
2026-06-20,284.0,195.0,0.0,,
2026-06-21,310.0,192.0,3.0,,
2026-06-22,285.0,178.0,437.0,,
2026-06-23,268.0,169.0,0.0,,
2026-06-24,271.0,176.0,0.0,,
2026-06-25,318.0,199.0,0.0,,
2026-06-26,321.0,232.0,0.0,,
2026-06-27,319.0,244.0,0.0,,
2026-06-28,319.0,226.0,0.0,,
2026-06-29,330.0,219.0,0.0,,
2026-06-30,338.0,206.0,0.0,,
2026-07-01,345.0,220.0,184.0,,
2026-07-02,334.0,207.0,0.0,,
2026-07-03,337.0,219.0,0.0,,
2026-07-04,331.0,211.0,6.0,,
2026-07-05,311.0,216.0,709.0,,
2026-07-06,313.0,210.0,0.0,,
2026-07-07,297.0,212.0,114.0,,
2026-07-08,303.0,201.0,403.0,,
2026-07-09,335.0,215.0,0.0,,
2026-07-10,313.0,222.0,179.0,,
2026-07-11,331.0,218.0,26.0,,
2026-07-12,305.0,211.0,0.0,,
2026-07-13,310.0,218.0,7.0,,
2026-07-14,296.0,220.0,210.0,,
2026-07-17,326.0,225.0,0.0,,
2026-07-18,330.0,232.0,0.0,,
2026-07-19,336.0,229.0,0.0,,
2026-07-20,339.0,234.0,23.0,,
2026-07-21,342.0,233.0,0.0,,
2026-07-22,313.0,227.0,0.0,,
2026-07-23,279.0,211.0,0.0,,
2026-07-24,270.0,210.0,60.0,,
2026-07-25,276.0,239.0,93.0,,
2026-07-26,331.0,237.0,30.0,,
2026-07-27,342.0,243.0,0.0,,
2026-07-28,347.0,235.0,0.0,,
2026-07-29,334.0,236.0,0.0,,
2026-07-30,324.0,217.0,0.0,,
2026-07-31,329.0,200.0,270.0,,
2026-08-01,287.0,200.0,3.0,,
2026-08-02,253.0,195.0,0.0,,
2026-08-03,299.0,186.0,0.0,,
2026-08-04,304.0,173.0,0.0,,
2026-08-05,316.0,185.0,0.0,,
2026-08-06,334.0,190.0,0.0,,
2026-08-07,323.0,212.0,0.0,,
2026-08-08,313.0,218.0,0.0,,
2026-08-09,318.0,210.0,41.0,,
2026-08-10,338.0,218.0,0.0,,
