DATE,TMAX,TMIN,PRCP,SNWD,SNOW
1954-08-17,294.0,222.0,43.0,0.0,0.0
1954-08-18,278.0,178.0,0.0,0.0,0.0
1954-08-19,328.0,189.0,0.0,0.0,0.0
1954-08-20,322.0,217.0,0.0,0.0,0.0
1954-08-21,328.0,211.0,0.0,0.0,0.0
1954-08-22,289.0,206.0,0.0,0.0,0.0
1954-08-23,283.0,189.0,0.0,0.0,0.0
1954-08-24,311.0,211.0,0.0,0.0,0.0
1954-08-25,333.0,133.0,104.0,0.0,0.0
1954-08-26,328.0,233.0,0.0,0.0,0.0
1954-08-27,317.0,217.0,0.0,0.0,0.0
1954-08-28,283.0,222.0,333.0,0.0,0.0
1954-08-29,294.0,233.0,0.0,0.0,0.0
1954-08-30,278.0,200.0,0.0,0.0,0.0
1954-08-31,267.0,200.0,81.0,0.0,0.0
1954-09-01,272.0,144.0,0.0,0.0,0.0
1954-09-02,272.0,144.0,0.0,0.0,0.0
1954-09-03,322.0,189.0,0.0,0.0,0.0
1954-09-04,294.0,183.0,0.0,0.0,0.0
1954-09-05,300.0,194.0,0.0,0.0,0.0
1954-09-06,361.0,222.0,0.0,0.0,0.0
1954-09-07,328.0,222.0,0.0,0.0,0.0
1954-09-08,322.0,211.0,0.0,0.0,0.0
1954-09-09,294.0,228.0,0.0,0.0,0.0
1954-09-10,272.0,222.0,157.0,0.0,0.0
1954-09-11,272.0,206.0,523.0,0.0,0.0
1954-09-12,239.0,167.0,0.0,0.0,0.0
1954-09-13,244.0,111.0,0.0,0.0,0.0
1954-09-14,289.0,133.0,0.0,0.0,0.0
1954-09-15,261.0,161.0,0.0,0.0,0.0
1954-09-16,267.0,206.0,0.0,0.0,0.0
1954-09-17,267.0,183.0,0.0,0.0,0.0
1954-09-18,322.0,167.0,51.0,0.0,0.0
1954-09-19,328.0,200.0,43.0,0.0,0.0
1954-09-20,283.0,211.0,0.0,0.0,0.0
1954-09-21,294.0,167.0,23.0,0.0,0.0
1954-09-22,278.0,128.0,0.0,0.0,0.0
1954-09-23,217.0,128.0,0.0,0.0,0.0
1954-09-24,217.0,94.0,0.0,0.0,0.0
1954-09-25,250.0,117.0,0.0,0.0,0.0
1954-09-26,283.0,189.0,0.0,0.0,0.0
1954-09-27,306.0,150.0,0.0,0.0,0.0
1954-09-28,289.0,156.0,0.0,0.0,0.0
1954-09-29,306.0,194.0,0.0,0.0,0.0
1954-09-30,306.0,194.0,0.0,0.0,0.0
1954-10-01,317.0,222.0,0.0,0.0,0.0
1954-10-02,317.0,211.0,0.0,0.0,0.0
1954-10-03,333.0,206.0,0.0,0.0,0.0
1954-10-04,339.0,206.0,0.0,0.0,0.0
1954-10-05,306.0,200.0,0.0,0.0,0.0
1954-10-06,278.0,178.0,0.0,0.0,0.0
1954-10-07,256.0,83.0,0.0,0.0,0.0
1954-10-08,194.0,67.0,0.0,0.0,0.0
1954-10-09,261.0,117.0,0.0,0.0,0.0
1954-10-10,300.0,167.0,0.0,0.0,0.0
1954-10-11,306.0,183.0,0.0,0.0,0.0
1954-10-12,317.0,189.0,0.0,0.0,0.0
1954-10-13,322.0,194.0,0.0,0.0,0.0
1954-10-14,294.0,183.0,0.0,0.0,0.0
1954-10-15,,183.0,5.0,0.0,0.0
1954-10-16,,67.0,0.0,0.0,0.0
1954-10-17,,78.0,0.0,0.0,0.0
1954-10-18,,22.0,0.0,0.0,0.0
1954-10-19,,78.0,0.0,0.0,0.0
1954-10-20,,94.0,0.0,0.0,0.0
1954-10-21,,72.0,140.0,0.0,0.0
1954-10-22,167.0,72.0,0.0,0.0,0.0
1954-10-23,211.0,33.0,0.0,0.0,0.0
1954-10-24,222.0,67.0,0.0,0.0,0.0
1954-10-25,239.0,72.0,0.0,0.0,0.0
1954-10-26,261.0,72.0,0.0,0.0,0.0
1954-10-27,267.0,144.0,0.0,0.0,0.0
1954-10-28,244.0,78.0,76.0,0.0,0.0
1954-10-29,222.0,89.0,114.0,0.0,0.0
1954-10-30,211.0,56.0,76.0,0.0,0.0
1954-10-31,161.0,11.0,0.0,0.0,0.0
1954-11-01,111.0,-22.0,0.0,0.0,0.0
1954-11-02,156.0,56.0,112.0,0.0,0.0
1954-11-03,100.0,11.0,0.0,0.0,0.0
1954-11-04,133.0,-11.0,0.0,0.0,0.0
1954-11-05,111.0,50.0,94.0,0.0,0.0
1954-11-06,111.0,44.0,0.0,0.0,0.0
1954-11-07,100.0,44.0,0.0,0.0,0.0
1954-11-08,156.0,-11.0,0.0,0.0,0.0
1954-11-09,128.0,33.0,0.0,0.0,0.0
1954-11-10,111.0,33.0,0.0,0.0,0.0
1954-11-11,128.0,11.0,0.0,0.0,0.0
1954-11-12,194.0,-6.0,0.0,0.0,0.0
1954-11-13,139.0,39.0,0.0,0.0,0.0
1954-11-14,211.0,-6.0,0.0,0.0,0.0
1954-11-15,183.0,67.0,0.0,0.0,0.0
1954-11-16,128.0,78.0,0.0,0.0,0.0
1954-11-17,161.0,106.0,0.0,0.0,0.0
1954-11-18,167.0,128.0,0.0,0.0,0.0
1954-11-19,178.0,111.0,0.0,0.0,0.0
1954-11-20,183.0,139.0,109.0,0.0,0.0
1954-11-21,161.0,89.0,104.0,0.0,0.0
1954-11-22,111.0,56.0,0.0,0.0,0.0
1954-11-23,100.0,11.0,13.0,0.0,0.0
1954-11-24,111.0,11.0,18.0,0.0,0.0
1954-11-25,122.0,-6.0,8.0,0.0,0.0
1954-11-26,89.0,-22.0,0.0,0.0,0.0
1954-11-27,111.0,-33.0,0.0,0.0,0.0
1954-11-28,117.0,-33.0,18.0,0.0,0.0
1954-11-29,167.0,33.0,79.0,0.0,0.0
1954-11-30,106.0,6.0,0.0,0.0,0.0
1954-12-01,100.0,0.0,0.0,0.0,0.0
1954-12-02,67.0,0.0,0.0,0.0,0.0
1954-12-03,50.0,-33.0,0.0,0.0,0.0
1954-12-04,89.0,-44.0,0.0,0.0,0.0
1954-12-05,144.0,-22.0,0.0,0.0,0.0
1954-12-06,78.0,-50.0,79.0,51.0,38.0
1954-12-07,22.0,-56.0,0.0,0.0,0.0
1954-12-08,61.0,-111.0,0.0,0.0,0.0
1954-12-09,106.0,28.0,114.0,0.0,0.0
1954-12-10,117.0,6.0,25.0,0.0,0.0
1954-12-11,61.0,6.0,0.0,0.0,0.0
1954-12-12,100.0,-44.0,0.0,0.0,0.0
1954-12-13,50.0,11.0,112.0,0.0,0.0
1954-12-14,111.0,11.0,152.0,0.0,0.0
1954-12-15,106.0,28.0,165.0,0.0,0.0
1954-12-16,78.0,0.0,38.0,0.0,0.0
1954-12-17,67.0,-17.0,0.0,0.0,0.0
1954-12-18,150.0,33.0,145.0,0.0,0.0
1954-12-19,106.0,11.0,0.0,0.0,0.0
1954-12-20,50.0,-11.0,0.0,0.0,0.0
1954-12-21,0.0,-72.0,0.0,0.0,0.0
1954-12-22,-6.0,-72.0,0.0,0.0,0.0
1954-12-23,111.0,-83.0,0.0,0.0,0.0
1954-12-24,106.0,11.0,0.0,0.0,0.0
1954-12-25,78.0,6.0,0.0,0.0,0.0
1954-12-26,83.0,-78.0,0.0,0.0,0.0
1954-12-27,178.0,-28.0,0.0,0.0,0.0
1954-12-28,183.0,17.0,0.0,0.0,0.0
1954-12-29,161.0,94.0,0.0,0.0,0.0
1954-12-30,194.0,61.0,0.0,0.0,0.0
1954-12-31,78.0,-17.0,0.0,0.0,0.0
1955-01-01,106.0,11.0,0.0,0.0,0.0
1955-01-02,167.0,56.0,0.0,0.0,0.0
1955-01-03,139.0,28.0,0.0,0.0,0.0
1955-01-04,150.0,50.0,0.0,0.0,0.0
1955-01-05,106.0,0.0,0.0,0.0,0.0
1955-01-06,167.0,39.0,25.0,0.0,0.0
1955-01-07,122.0,28.0,0.0,0.0,0.0
1955-01-08,72.0,-28.0,0.0,0.0,0.0
1955-01-09,67.0,-28.0,13.0,0.0,0.0
1955-01-10,72.0,0.0,0.0,0.0,0.0
1955-01-11,50.0,-17.0,206.0,127.0,127.0
1955-01-12,50.0,-67.0,0.0,0.0,0.0
1955-01-13,22.0,-17.0,0.0,0.0,0.0
1955-01-14,28.0,-17.0,0.0,0.0,0.0
1955-01-15,94.0,-22.0,0.0,0.0,0.0
1955-01-16,83.0,-6.0,0.0,0.0,0.0
1955-01-17,78.0,-50.0,0.0,0.0,0.0
1955-01-18,67.0,-17.0,0.0,0.0,0.0
1955-01-19,17.0,-22.0,0.0,0.0,0.0
1955-01-20,28.0,-22.0,0.0,0.0,0.0
1955-01-21,22.0,-28.0,0.0,0.0,0.0
1955-01-22,83.0,-11.0,99.0,0.0,0.0
1955-01-23,44.0,-11.0,0.0,0.0,0.0
1955-01-24,28.0,0.0,18.0,0.0,13.0
1955-01-25,89.0,-56.0,0.0,0.0,0.0
1955-01-26,78.0,-22.0,0.0,0.0,0.0
1955-01-27,83.0,-17.0,0.0,0.0,0.0
1955-01-28,0.0,-78.0,0.0,0.0,0.0
1955-01-29,0.0,-22.0,0.0,0.0,0.0
1955-01-30,-6.0,-44.0,0.0,0.0,0.0
1955-01-31,6.0,-78.0,0.0,0.0,0.0
1955-02-01,156.0,-17.0,0.0,0.0,0.0
1955-02-02,183.0,-22.0,76.0,0.0,0.0
1955-02-03,-6.0,-89.0,0.0,0.0,0.0
1955-02-04,-6.0,-83.0,0.0,0.0,0.0
1955-02-05,44.0,-83.0,0.0,0.0,0.0
1955-02-06,89.0,-22.0,51.0,0.0,0.0
1955-02-07,156.0,50.0,89.0,0.0,0.0
1955-02-08,72.0,0.0,0.0,0.0,0.0
1955-02-09,78.0,-61.0,0.0,0.0,0.0
1955-02-10,172.0,11.0,0.0,0.0,0.0
1955-02-11,172.0,-11.0,213.0,0.0,0.0
1955-02-12,28.0,-94.0,0.0,25.0,25.0
1955-02-13,-17.0,-106.0,0.0,25.0,0.0
1955-02-14,28.0,-106.0,0.0,0.0,0.0
1955-02-15,89.0,-11.0,0.0,0.0,0.0
1955-02-16,133.0,-17.0,0.0,0.0,0.0
1955-02-17,139.0,39.0,51.0,0.0,0.0
1955-02-18,56.0,0.0,0.0,0.0,0.0
1955-02-19,67.0,-33.0,0.0,0.0,0.0
1955-02-20,111.0,-39.0,0.0,0.0,0.0
1955-02-21,139.0,-17.0,0.0,0.0,0.0
1955-02-22,183.0,44.0,0.0,0.0,0.0
1955-02-23,139.0,67.0,30.0,0.0,0.0
1955-02-24,89.0,6.0,122.0,0.0,0.0
1955-02-25,78.0,-6.0,0.0,0.0,0.0
1955-02-26,106.0,-39.0,0.0,0.0,0.0
1955-02-27,161.0,50.0,84.0,0.0,0.0
1955-02-28,183.0,100.0,0.0,0.0,0.0
1955-03-01,194.0,128.0,84.0,0.0,0.0
1955-03-02,233.0,78.0,0.0,0.0,0.0
1955-03-03,178.0,0.0,0.0,0.0,0.0
1955-03-04,211.0,78.0,81.0,0.0,0.0
1955-03-05,161.0,61.0,173.0,0.0,0.0
1955-03-06,106.0,61.0,188.0,0.0,0.0
1955-03-07,78.0,-6.0,20.0,0.0,0.0
1955-03-08,61.0,-28.0,0.0,0.0,0.0
1955-03-09,217.0,39.0,0.0,0.0,0.0
1955-03-10,228.0,89.0,0.0,0.0,0.0
1955-03-11,233.0,133.0,46.0,0.0,0.0
1955-03-12,167.0,72.0,0.0,0.0,0.0
1955-03-13,156.0,72.0,0.0,0.0,0.0
1955-03-14,150.0,67.0,0.0,0.0,0.0
1955-03-15,144.0,56.0,18.0,0.0,0.0
1955-03-16,228.0,106.0,25.0,0.0,0.0
1955-03-17,200.0,50.0,0.0,0.0,0.0
1955-03-18,106.0,39.0,79.0,0.0,0.0
1955-03-19,122.0,44.0,0.0,0.0,0.0
1955-03-20,106.0,56.0,0.0,0.0,0.0
1955-03-21,106.0,44.0,102.0,0.0,0.0
1955-03-22,261.0,83.0,76.0,0.0,0.0
1955-03-23,222.0,11.0,0.0,0.0,0.0
1955-03-24,211.0,67.0,0.0,0.0,0.0
1955-03-25,256.0,50.0,0.0,0.0,0.0
1955-03-26,194.0,50.0,38.0,0.0,0.0
1955-03-27,100.0,-50.0,25.0,0.0,0.0
1955-03-28,78.0,-33.0,0.0,0.0,0.0
1955-03-29,72.0,11.0,0.0,0.0,0.0
1955-03-30,128.0,28.0,0.0,0.0,0.0
1955-03-31,150.0,-11.0,0.0,0.0,0.0
1955-04-01,200.0,17.0,0.0,0.0,0.0
1955-04-02,211.0,78.0,0.0,0.0,0.0
1955-04-03,200.0,100.0,0.0,0.0,0.0
1955-04-04,183.0,67.0,0.0,0.0,0.0
1955-04-05,178.0,39.0,0.0,0.0,0.0
1955-04-06,183.0,100.0,0.0,0.0,0.0
1955-04-07,172.0,67.0,0.0,0.0,0.0
1955-04-08,183.0,17.0,0.0,0.0,0.0
1955-04-09,228.0,17.0,0.0,0.0,0.0
1955-04-10,250.0,89.0,0.0,0.0,0.0
1955-04-11,250.0,133.0,0.0,0.0,0.0
1955-04-12,206.0,128.0,104.0,0.0,0.0
1955-04-13,189.0,111.0,0.0,0.0,0.0
1955-04-14,194.0,122.0,56.0,0.0,0.0
1955-04-15,256.0,133.0,0.0,0.0,0.0
1955-04-16,239.0,100.0,0.0,0.0,0.0
1955-04-17,178.0,94.0,0.0,0.0,0.0
1955-04-18,150.0,106.0,0.0,0.0,0.0
1955-04-19,311.0,117.0,0.0,0.0,0.0
1955-04-20,256.0,100.0,25.0,0.0,0.0
1955-04-21,183.0,111.0,0.0,0.0,0.0
1955-04-22,222.0,122.0,140.0,0.0,0.0
1955-04-23,267.0,128.0,0.0,0.0,0.0
1955-04-24,322.0,139.0,203.0,0.0,0.0
1955-04-25,200.0,133.0,170.0,0.0,0.0
1955-04-26,150.0,111.0,23.0,0.0,0.0
1955-04-27,133.0,94.0,20.0,0.0,0.0
1955-04-28,156.0,111.0,0.0,0.0,0.0
1955-04-29,178.0,67.0,30.0,0.0,0.0
1955-04-30,217.0,106.0,15.0,0.0,0.0
1955-05-01,172.0,89.0,0.0,0.0,0.0
1955-05-02,200.0,94.0,0.0,0.0,0.0
1955-05-03,211.0,111.0,0.0,0.0,0.0
1955-05-04,256.0,139.0,0.0,0.0,0.0
1955-05-05,300.0,122.0,0.0,0.0,0.0
1955-05-06,239.0,128.0,0.0,0.0,0.0
1955-05-07,239.0,122.0,0.0,0.0,0.0
1955-05-08,250.0,161.0,13.0,0.0,0.0
1955-05-09,206.0,122.0,0.0,0.0,0.0
1955-05-10,200.0,111.0,0.0,0.0,0.0
1955-05-11,206.0,150.0,0.0,0.0,0.0
1955-05-12,239.0,139.0,0.0,0.0,0.0
1955-05-13,183.0,144.0,84.0,0.0,0.0
1955-05-14,183.0,139.0,188.0,0.0,0.0
1955-05-15,183.0,111.0,0.0,0.0,0.0
1955-05-16,211.0,72.0,0.0,0.0,0.0
1955-05-17,183.0,128.0,0.0,0.0,0.0
1955-05-18,211.0,72.0,0.0,0.0,0.0
1955-05-19,283.0,122.0,0.0,0.0,0.0
1955-05-20,267.0,150.0,0.0,0.0,0.0
1955-05-21,278.0,161.0,0.0,0.0,0.0
1955-05-22,272.0,167.0,18.0,0.0,0.0
1955-05-23,289.0,194.0,0.0,0.0,0.0
1955-05-24,306.0,206.0,0.0,0.0,0.0
1955-05-25,311.0,200.0,0.0,0.0,0.0
1955-05-26,289.0,189.0,0.0,0.0,0.0
1955-05-27,289.0,161.0,0.0,0.0,0.0
1955-05-28,283.0,172.0,0.0,0.0,0.0
1955-05-29,322.0,211.0,0.0,0.0,0.0
1955-05-30,289.0,194.0,323.0,0.0,0.0
1955-05-31,222.0,172.0,0.0,0.0,0.0
1955-06-01,233.0,117.0,0.0,0.0,0.0
1955-06-02,228.0,144.0,79.0,0.0,0.0
1955-06-03,217.0,156.0,38.0,0.0,0.0
1955-06-04,272.0,122.0,0.0,0.0,0.0
1955-06-05,294.0,178.0,0.0,0.0,0.0
1955-06-06,250.0,178.0,0.0,0.0,0.0
1955-06-07,228.0,172.0,0.0,0.0,0.0
1955-06-08,233.0,161.0,221.0,0.0,0.0
1955-06-09,244.0,144.0,41.0,0.0,0.0
1955-06-10,211.0,128.0,0.0,0.0,0.0
1955-06-11,233.0,167.0,386.0,0.0,0.0
1955-06-12,267.0,183.0,0.0,0.0,0.0
1955-06-13,250.0,144.0,0.0,0.0,0.0
1955-06-14,244.0,144.0,64.0,0.0,0.0
1955-06-15,261.0,122.0,0.0,0.0,0.0
1955-06-16,289.0,150.0,0.0,0.0,0.0
1955-06-17,306.0,144.0,0.0,0.0,0.0
1955-06-18,300.0,189.0,0.0,0.0,0.0
1955-06-19,267.0,200.0,155.0,0.0,0.0
1955-06-20,289.0,144.0,0.0,0.0,0.0
1955-06-21,300.0,200.0,41.0,0.0,0.0
1955-06-22,300.0,189.0,0.0,0.0,0.0
1955-06-23,294.0,183.0,0.0,0.0,0.0
1955-06-24,294.0,200.0,0.0,0.0,0.0
1955-06-25,289.0,189.0,201.0,0.0,0.0
1955-06-26,283.0,183.0,48.0,0.0,0.0
1955-06-27,267.0,156.0,0.0,0.0,0.0
1955-06-28,272.0,161.0,0.0,0.0,0.0
1955-06-29,300.0,161.0,0.0,0.0,0.0
1955-06-30,322.0,194.0,0.0,0.0,0.0
1955-07-01,333.0,222.0,0.0,0.0,0.0
1955-07-02,328.0,228.0,0.0,0.0,0.0
1955-07-03,333.0,239.0,30.0,0.0,0.0
1955-07-04,339.0,233.0,0.0,0.0,0.0
1955-07-05,333.0,233.0,0.0,0.0,0.0
1955-07-06,328.0,233.0,0.0,0.0,0.0
1955-07-07,311.0,211.0,401.0,0.0,0.0
1955-07-08,289.0,233.0,0.0,0.0,0.0
1955-07-09,306.0,228.0,0.0,0.0,0.0
1955-07-10,322.0,239.0,0.0,0.0,0.0
1955-07-11,306.0,222.0,371.0,0.0,0.0
1955-07-12,294.0,222.0,102.0,0.0,0.0
1955-07-13,267.0,178.0,0.0,0.0,0.0
1955-07-14,272.0,144.0,0.0,0.0,0.0
1955-07-15,322.0,150.0,0.0,0.0,0.0
1955-07-16,344.0,239.0,0.0,0.0,0.0
1955-07-17,333.0,239.0,0.0,0.0,0.0
1955-07-18,339.0,250.0,0.0,0.0,0.0
1955-07-19,328.0,233.0,0.0,0.0,0.0
1955-07-20,322.0,228.0,0.0,0.0,0.0
1955-07-21,317.0,233.0,0.0,0.0,0.0
1955-07-22,356.0,239.0,0.0,0.0,0.0
1955-07-23,350.0,244.0,0.0,0.0,0.0
1955-07-24,339.0,228.0,259.0,0.0,0.0
1955-07-25,311.0,222.0,64.0,0.0,0.0
1955-07-26,322.0,217.0,0.0,0.0,0.0
1955-07-27,328.0,228.0,0.0,0.0,0.0
1955-07-28,333.0,239.0,0.0,0.0,0.0
1955-07-29,306.0,228.0,0.0,0.0,0.0
1955-07-30,289.0,228.0,127.0,0.0,0.0
1955-07-31,306.0,233.0,25.0,0.0,0.0
1955-08-01,317.0,217.0,0.0,0.0,0.0
1955-08-02,356.0,233.0,0.0,0.0,0.0
1955-08-03,328.0,222.0,0.0,0.0,0.0
1955-08-04,317.0,239.0,0.0,0.0,0.0
1955-08-05,328.0,244.0,0.0,0.0,0.0
1955-08-06,344.0,244.0,0.0,0.0,0.0
1955-08-07,328.0,244.0,0.0,0.0,0.0
1955-08-08,289.0,217.0,41.0,0.0,0.0
1955-08-09,261.0,222.0,0.0,0.0,0.0
1955-08-10,278.0,222.0,0.0,0.0,0.0
1955-08-11,311.0,244.0,0.0,0.0,0.0
1955-08-12,278.0,222.0,965.0,0.0,0.0
1955-08-13,300.0,206.0,445.0,0.0,0.0
1955-08-14,300.0,228.0,135.0,0.0,0.0
1955-08-15,300.0,233.0,0.0,0.0,0.0
1955-08-16,300.0,239.0,13.0,0.0,0.0
1955-08-17,267.0,244.0,23.0,0.0,0.0
1955-08-18,294.0,233.0,142.0,0.0,0.0
1955-08-19,311.0,228.0,64.0,0.0,0.0
1955-08-20,333.0,222.0,0.0,0.0,0.0
1955-08-21,322.0,217.0,0.0,0.0,0.0
1955-08-22,328.0,239.0,0.0,0.0,0.0
1955-08-23,300.0,217.0,64.0,0.0,0.0
1955-08-24,267.0,200.0,0.0,0.0,0.0
1955-08-25,267.0,222.0,0.0,0.0,0.0
1955-08-26,261.0,200.0,0.0,0.0,0.0
1955-08-27,294.0,161.0,0.0,0.0,0.0
1955-08-28,283.0,211.0,0.0,0.0,0.0
1955-08-29,278.0,200.0,0.0,0.0,0.0
1955-08-30,294.0,200.0,0.0,0.0,0.0
1955-08-31,294.0,228.0,0.0,0.0,0.0
1955-09-01,278.0,194.0,559.0,0.0,0.0
1955-09-02,261.0,206.0,292.0,0.0,0.0
1955-09-03,239.0,206.0,178.0,0.0,0.0
1955-09-04,256.0,211.0,13.0,0.0,0.0
1955-09-05,283.0,183.0,0.0,0.0,0.0
1955-09-06,289.0,206.0,0.0,0.0,0.0
1955-09-07,294.0,217.0,0.0,0.0,0.0
1955-09-08,294.0,167.0,0.0,0.0,0.0
1955-09-09,250.0,161.0,0.0,0.0,0.0
1955-09-10,278.0,167.0,0.0,0.0,0.0
1955-09-11,244.0,206.0,36.0,0.0,0.0
1955-09-12,233.0,172.0,0.0,0.0,0.0
1955-09-13,217.0,183.0,0.0,0.0,0.0
1955-09-14,250.0,150.0,0.0,0.0,0.0
1955-09-15,278.0,156.0,0.0,0.0,0.0
1955-09-16,306.0,183.0,0.0,0.0,0.0
1955-09-17,267.0,183.0,0.0,0.0,0.0
1955-09-18,267.0,189.0,0.0,0.0,0.0
1955-09-19,244.0,211.0,610.0,0.0,0.0
1955-09-20,283.0,222.0,216.0,0.0,0.0
1955-09-21,283.0,183.0,0.0,0.0,0.0
1955-09-22,239.0,156.0,0.0,0.0,0.0
1955-09-23,222.0,183.0,0.0,0.0,0.0
1955-09-24,272.0,206.0,0.0,0.0,0.0
1955-09-25,256.0,189.0,127.0,0.0,0.0
1955-09-26,228.0,144.0,0.0,0.0,0.0
1955-09-27,244.0,150.0,0.0,0.0,0.0
1955-09-28,267.0,194.0,46.0,0.0,0.0
1955-09-29,256.0,161.0,0.0,0.0,0.0
1955-09-30,278.0,178.0,0.0,0.0,0.0
1955-10-01,244.0,194.0,351.0,0.0,0.0
1955-10-02,217.0,167.0,0.0,0.0,0.0
1955-10-03,222.0,144.0,0.0,0.0,0.0
1955-10-04,233.0,106.0,0.0,0.0,0.0
1955-10-05,256.0,117.0,0.0,0.0,0.0
1955-10-06,272.0,183.0,0.0,0.0,0.0
1955-10-07,289.0,194.0,0.0,0.0,0.0
1955-10-08,256.0,133.0,51.0,0.0,0.0
1955-10-09,194.0,106.0,25.0,0.0,0.0
1955-10-10,239.0,78.0,0.0,0.0,0.0
1955-10-11,256.0,89.0,0.0,0.0,0.0
1955-10-12,278.0,89.0,0.0,0.0,0.0
1955-10-13,250.0,150.0,0.0,0.0,0.0
1955-10-14,222.0,183.0,25.0,0.0,0.0
1955-10-15,217.0,133.0,178.0,0.0,0.0
1955-10-16,183.0,89.0,0.0,0.0,0.0
1955-10-17,183.0,67.0,0.0,0.0,0.0
1955-10-18,194.0,72.0,0.0,0.0,0.0
1955-10-19,178.0,94.0,13.0,0.0,0.0
1955-10-20,183.0,89.0,0.0,0.0,0.0
1955-10-21,233.0,89.0,0.0,0.0,0.0
1955-10-22,183.0,100.0,0.0,0.0,0.0
1955-10-23,183.0,22.0,0.0,0.0,0.0
1955-10-24,239.0,139.0,0.0,0.0,0.0
1955-10-25,167.0,61.0,46.0,0.0,0.0
1955-10-26,211.0,56.0,0.0,0.0,0.0
1955-10-27,178.0,72.0,0.0,0.0,0.0
1955-10-28,222.0,61.0,0.0,0.0,0.0
1955-10-29,217.0,144.0,0.0,0.0,0.0
1955-10-30,217.0,139.0,71.0,0.0,0.0
1955-10-31,178.0,39.0,0.0,0.0,0.0
1955-11-01,172.0,33.0,0.0,0.0,0.0
1955-11-02,194.0,50.0,0.0,0.0,0.0
1955-11-03,183.0,72.0,48.0,0.0,0.0
1955-11-04,111.0,50.0,0.0,0.0,0.0
1955-11-05,100.0,50.0,0.0,0.0,0.0
1955-11-06,128.0,-6.0,0.0,0.0,0.0
1955-11-07,156.0,33.0,13.0,0.0,0.0
1955-11-08,139.0,17.0,0.0,0.0,0.0
1955-11-09,100.0,39.0,0.0,0.0,0.0
1955-11-10,128.0,-11.0,203.0,0.0,0.0
1955-11-11,144.0,39.0,170.0,0.0,0.0
1955-11-12,228.0,72.0,0.0,0.0,0.0
1955-11-13,256.0,72.0,0.0,0.0,0.0
1955-11-14,261.0,128.0,0.0,0.0,0.0
1955-11-15,194.0,100.0,0.0,0.0,0.0
1955-11-16,267.0,111.0,0.0,0.0,0.0
1955-11-17,256.0,100.0,0.0,0.0,0.0
1955-11-18,111.0,28.0,0.0,0.0,0.0
1955-11-19,78.0,6.0,114.0,0.0,0.0
1955-11-20,67.0,0.0,0.0,0.0,0.0
1955-11-21,172.0,-11.0,0.0,0.0,0.0
1955-11-22,111.0,44.0,0.0,0.0,0.0
1955-11-23,228.0,61.0,0.0,0.0,0.0
1955-11-24,200.0,89.0,0.0,0.0,0.0
1955-11-25,94.0,-17.0,0.0,0.0,0.0
1955-11-26,67.0,17.0,38.0,0.0,0.0
1955-11-27,117.0,-33.0,0.0,0.0,0.0
1955-11-28,172.0,44.0,8.0,0.0,0.0
1955-11-29,50.0,-89.0,0.0,0.0,0.0
1955-11-30,44.0,-33.0,0.0,0.0,0.0
1955-12-01,39.0,-17.0,0.0,0.0,0.0
1955-12-02,56.0,-44.0,0.0,0.0,0.0
1955-12-03,128.0,33.0,25.0,0.0,0.0
1955-12-04,206.0,56.0,0.0,0.0,0.0
1955-12-05,183.0,56.0,0.0,0.0,0.0
1955-12-06,72.0,28.0,0.0,0.0,0.0
1955-12-07,67.0,-39.0,0.0,0.0,0.0
1955-12-08,83.0,-17.0,0.0,0.0,0.0
1955-12-09,72.0,0.0,229.0,0.0,0.0
1955-12-10,39.0,-11.0,0.0,0.0,0.0
1955-12-11,17.0,-33.0,0.0,0.0,0.0
1955-12-12,39.0,-39.0,0.0,0.0,0.0
1955-12-13,33.0,-33.0,0.0,0.0,0.0
1955-12-14,106.0,-67.0,0.0,0.0,0.0
1955-12-15,100.0,-11.0,0.0,0.0,0.0
1955-12-16,56.0,-83.0,0.0,0.0,0.0
1955-12-17,56.0,-72.0,0.0,0.0,0.0
1955-12-18,44.0,-28.0,36.0,0.0,0.0
1955-12-19,39.0,-28.0,0.0,0.0,0.0
1955-12-20,17.0,-50.0,0.0,0.0,0.0
1955-12-21,-22.0,-72.0,0.0,0.0,0.0
1955-12-22,22.0,-94.0,0.0,0.0,0.0
1955-12-23,61.0,-28.0,0.0,0.0,0.0
1955-12-24,83.0,11.0,0.0,0.0,0.0
1955-12-25,183.0,39.0,0.0,0.0,0.0
1955-12-26,122.0,0.0,0.0,0.0,0.0
1955-12-27,28.0,-44.0,0.0,0.0,0.0
1955-12-28,-6.0,-56.0,0.0,0.0,0.0
1955-12-29,39.0,-89.0,0.0,0.0,0.0
1955-12-30,44.0,0.0,0.0,0.0,0.0
1955-12-31,44.0,-67.0,0.0,0.0,0.0
1956-01-01,50.0,-83.0,0.0,0.0,0.0
1956-01-02,61.0,-11.0,0.0,0.0,0.0
1956-01-03,100.0,-28.0,0.0,0.0,0.0
1956-01-04,72.0,-17.0,0.0,0.0,0.0
1956-01-05,89.0,0.0,0.0,0.0,0.0
1956-01-06,67.0,0.0,0.0,0.0,0.0
1956-01-07,22.0,-33.0,8.0,25.0,25.0
1956-01-08,0.0,-56.0,0.0,0.0,0.0
1956-01-09,11.0,-56.0,61.0,0.0,0.0
1956-01-10,61.0,0.0,180.0,0.0,0.0
1956-01-11,56.0,33.0,112.0,0.0,0.0
1956-01-12,56.0,33.0,38.0,0.0,0.0
1956-01-13,56.0,22.0,0.0,0.0,0.0
1956-01-14,56.0,6.0,0.0,0.0,0.0
1956-01-15,72.0,0.0,0.0,0.0,0.0
1956-01-16,44.0,-33.0,0.0,0.0,0.0
1956-01-17,33.0,-6.0,91.0,0.0,0.0
1956-01-18,50.0,-6.0,0.0,0.0,0.0
1956-01-19,44.0,-33.0,30.0,0.0,0.0
1956-01-20,17.0,-6.0,76.0,0.0,0.0
1956-01-21,39.0,-22.0,0.0,0.0,0.0
1956-01-22,67.0,-50.0,0.0,0.0,0.0
1956-01-23,39.0,-6.0,36.0,0.0,0.0
1956-01-24,11.0,-39.0,0.0,0.0,0.0
1956-01-25,17.0,-56.0,0.0,0.0,0.0
1956-01-26,22.0,-22.0,0.0,0.0,0.0
1956-01-27,11.0,-33.0,0.0,0.0,0.0
1956-01-28,22.0,-83.0,0.0,0.0,0.0
1956-01-29,106.0,-11.0,94.0,0.0,0.0
1956-01-30,189.0,50.0,0.0,0.0,0.0
1956-01-31,139.0,-6.0,0.0,0.0,0.0
1956-02-01,39.0,-22.0,0.0,0.0,0.0
1956-02-02,94.0,-28.0,43.0,0.0,0.0
1956-02-03,111.0,11.0,107.0,0.0,0.0
1956-02-04,39.0,6.0,244.0,0.0,0.0
1956-02-05,94.0,11.0,0.0,0.0,0.0
1956-02-06,78.0,0.0,188.0,0.0,0.0
1956-02-07,122.0,22.0,94.0,0.0,0.0
1956-02-08,117.0,-28.0,0.0,0.0,0.0
1956-02-09,183.0,17.0,0.0,0.0,0.0
1956-02-10,128.0,28.0,0.0,0.0,0.0
1956-02-11,117.0,44.0,173.0,0.0,0.0
1956-02-12,106.0,56.0,0.0,0.0,0.0
1956-02-13,89.0,-11.0,0.0,0.0,0.0
1956-02-14,111.0,-33.0,0.0,0.0,0.0
1956-02-15,206.0,56.0,0.0,0.0,0.0
1956-02-16,172.0,22.0,0.0,0.0,0.0
1956-02-17,72.0,22.0,58.0,0.0,0.0
1956-02-18,211.0,44.0,0.0,0.0,0.0
1956-02-19,178.0,28.0,0.0,0.0,0.0
1956-02-20,94.0,44.0,0.0,0.0,0.0
1956-02-21,78.0,-6.0,0.0,0.0,0.0
1956-02-22,44.0,-44.0,0.0,0.0,0.0
1956-02-23,39.0,-61.0,0.0,0.0,0.0
1956-02-24,50.0,-67.0,0.0,0.0,0.0
1956-02-25,200.0,39.0,51.0,0.0,0.0
1956-02-26,178.0,22.0,0.0,0.0,0.0
1956-02-27,133.0,67.0,0.0,0.0,0.0
1956-02-28,128.0,56.0,0.0,0.0,0.0
1956-02-29,78.0,-17.0,0.0,0.0,0.0
1956-03-01,94.0,-56.0,0.0,0.0,0.0
1956-03-02,156.0,72.0,0.0,0.0,0.0
1956-03-03,156.0,6.0,0.0,0.0,0.0
1956-03-04,133.0,44.0,0.0,0.0,0.0
1956-03-05,222.0,17.0,0.0,0.0,0.0
1956-03-06,228.0,117.0,0.0,0.0,0.0
1956-03-07,233.0,72.0,0.0,0.0,0.0
1956-03-08,222.0,67.0,84.0,0.0,0.0
1956-03-09,128.0,0.0,0.0,0.0,0.0
1956-03-10,161.0,22.0,0.0,0.0,0.0
1956-03-11,178.0,72.0,0.0,0.0,0.0
1956-03-12,156.0,61.0,0.0,0.0,0.0
1956-03-13,67.0,33.0,102.0,0.0,0.0
1956-03-14,194.0,56.0,224.0,0.0,0.0
1956-03-15,194.0,44.0,0.0,0.0,0.0
1956-03-16,100.0,28.0,191.0,0.0,0.0
1956-03-17,89.0,-6.0,0.0,0.0,0.0
1956-03-18,89.0,0.0,15.0,0.0,0.0
1956-03-19,83.0,-11.0,74.0,0.0,0.0
1956-03-20,44.0,-17.0,0.0,0.0,0.0
1956-03-21,78.0,0.0,0.0,0.0,0.0
1956-03-22,128.0,-39.0,0.0,0.0,0.0
1956-03-23,122.0,11.0,0.0,0.0,0.0
1956-03-24,128.0,28.0,18.0,0.0,0.0
1956-03-25,56.0,-28.0,0.0,0.0,0.0
1956-03-26,144.0,0.0,0.0,0.0,0.0
1956-03-27,128.0,-17.0,0.0,0.0,0.0
1956-03-28,106.0,28.0,25.0,0.0,0.0
1956-03-29,44.0,17.0,20.0,0.0,0.0
1956-03-30,106.0,39.0,0.0,0.0,0.0
1956-03-31,106.0,-11.0,0.0,0.0,0.0
1956-04-01,106.0,6.0,0.0,0.0,0.0
1956-04-02,194.0,56.0,0.0,0.0,0.0
1956-04-03,211.0,94.0,0.0,0.0,0.0
1956-04-04,289.0,89.0,0.0,0.0,0.0
1956-04-05,261.0,94.0,0.0,0.0,0.0
1956-04-06,161.0,89.0,246.0,0.0,0.0
1956-04-07,150.0,89.0,165.0,0.0,0.0
1956-04-08,94.0,22.0,51.0,0.0,0.0
1956-04-09,144.0,22.0,0.0,0.0,0.0
1956-04-10,139.0,28.0,0.0,0.0,0.0
1956-04-11,122.0,67.0,51.0,0.0,0.0
1956-04-12,167.0,44.0,0.0,0.0,0.0
1956-04-13,172.0,33.0,0.0,0.0,0.0
1956-04-14,139.0,39.0,0.0,0.0,0.0
1956-04-15,172.0,89.0,51.0,0.0,0.0
1956-04-16,239.0,94.0,13.0,0.0,0.0
1956-04-17,156.0,44.0,0.0,0.0,0.0
1956-04-18,150.0,-6.0,0.0,0.0,0.0
1956-04-19,117.0,0.0,0.0,0.0,0.0
1956-04-20,122.0,22.0,0.0,0.0,0.0
1956-04-21,156.0,33.0,0.0,0.0,0.0
1956-04-22,233.0,89.0,0.0,0.0,0.0
1956-04-23,200.0,72.0,0.0,0.0,0.0
1956-04-24,128.0,44.0,94.0,0.0,0.0
1956-04-25,122.0,0.0,0.0,0.0,0.0
1956-04-26,233.0,72.0,25.0,0.0,0.0
1956-04-27,217.0,100.0,0.0,0.0,0.0
1956-04-28,278.0,117.0,0.0,0.0,0.0
1956-04-29,278.0,183.0,0.0,0.0,0.0
1956-04-30,283.0,200.0,0.0,0.0,0.0
1956-05-01,200.0,100.0,0.0,0.0,0.0
1956-05-02,156.0,72.0,0.0,0.0,0.0
1956-05-03,172.0,128.0,71.0,0.0,0.0
1956-05-04,217.0,139.0,0.0,0.0,0.0
1956-05-05,194.0,94.0,33.0,0.0,0.0
1956-05-06,278.0,100.0,0.0,0.0,0.0
1956-05-07,261.0,128.0,140.0,0.0,0.0
1956-05-08,144.0,83.0,0.0,0.0,0.0
1956-05-09,161.0,17.0,0.0,0.0,0.0
1956-05-10,261.0,128.0,0.0,0.0,0.0
1956-05-11,211.0,144.0,0.0,0.0,0.0
1956-05-12,300.0,122.0,0.0,0.0,0.0
1956-05-13,339.0,178.0,0.0,0.0,0.0
1956-05-14,328.0,178.0,0.0,0.0,0.0
1956-05-15,261.0,167.0,0.0,0.0,0.0
1956-05-16,233.0,128.0,119.0,0.0,0.0
1956-05-17,200.0,89.0,0.0,0.0,0.0
1956-05-18,200.0,111.0,43.0,0.0,0.0
1956-05-19,233.0,83.0,0.0,0.0,0.0
1956-05-20,211.0,122.0,102.0,0.0,0.0
1956-05-21,200.0,67.0,0.0,0.0,0.0
1956-05-22,267.0,144.0,0.0,0.0,0.0
1956-05-23,289.0,178.0,109.0,0.0,0.0
1956-05-24,200.0,106.0,0.0,0.0,0.0
1956-05-25,167.0,61.0,0.0,0.0,0.0
1956-05-26,200.0,106.0,0.0,0.0,0.0
1956-05-27,211.0,150.0,79.0,0.0,0.0
1956-05-28,261.0,156.0,0.0,0.0,0.0
1956-05-29,194.0,128.0,0.0,0.0,0.0
1956-05-30,294.0,122.0,0.0,0.0,0.0
1956-05-31,328.0,194.0,51.0,0.0,0.0
1956-06-01,294.0,183.0,127.0,0.0,0.0
1956-06-02,200.0,156.0,221.0,0.0,0.0
1956-06-03,217.0,117.0,0.0,0.0,0.0
1956-06-04,222.0,133.0,0.0,0.0,0.0
1956-06-05,250.0,128.0,0.0,0.0,0.0
1956-06-06,256.0,133.0,0.0,0.0,0.0
1956-06-07,261.0,167.0,0.0,0.0,0.0
1956-06-08,283.0,144.0,0.0,0.0,0.0
1956-06-09,267.0,178.0,0.0,0.0,0.0
1956-06-10,239.0,167.0,0.0,0.0,0.0
1956-06-11,278.0,189.0,0.0,0.0,0.0
1956-06-12,300.0,161.0,0.0,0.0,0.0
1956-06-13,339.0,206.0,0.0,0.0,0.0
1956-06-14,322.0,206.0,0.0,0.0,0.0
1956-06-15,344.0,228.0,0.0,0.0,0.0
1956-06-16,328.0,217.0,0.0,0.0,0.0
1956-06-17,328.0,222.0,0.0,0.0,0.0
1956-06-18,317.0,206.0,0.0,0.0,0.0
1956-06-19,228.0,172.0,0.0,0.0,0.0
1956-06-20,228.0,161.0,0.0,0.0,0.0
1956-06-21,278.0,189.0,0.0,0.0,0.0
1956-06-22,328.0,217.0,0.0,0.0,0.0
1956-06-23,317.0,222.0,0.0,0.0,0.0
1956-06-24,317.0,222.0,0.0,0.0,0.0
1956-06-25,328.0,183.0,0.0,0.0,0.0
1956-06-26,328.0,211.0,0.0,0.0,0.0
1956-06-27,333.0,217.0,170.0,0.0,0.0
1956-06-28,328.0,189.0,0.0,0.0,0.0
1956-06-29,306.0,200.0,0.0,0.0,0.0
1956-06-30,300.0,167.0,0.0,0.0,0.0
1956-07-01,328.0,217.0,0.0,0.0,0.0
1956-07-02,328.0,239.0,0.0,0.0,0.0
1956-07-03,322.0,244.0,0.0,0.0,0.0
1956-07-04,328.0,217.0,0.0,0.0,0.0
1956-07-05,333.0,239.0,119.0,0.0,0.0
1956-07-06,311.0,217.0,53.0,0.0,0.0
1956-07-07,283.0,206.0,58.0,0.0,0.0
1956-07-08,289.0,228.0,0.0,0.0,0.0
1956-07-09,278.0,222.0,137.0,0.0,0.0
1956-07-10,272.0,194.0,224.0,0.0,0.0
1956-07-11,294.0,156.0,0.0,0.0,0.0
1956-07-12,322.0,194.0,0.0,0.0,0.0
1956-07-13,317.0,217.0,0.0,0.0,0.0
1956-07-14,322.0,239.0,0.0,0.0,0.0
1956-07-15,294.0,200.0,0.0,0.0,0.0
1956-07-16,339.0,233.0,0.0,0.0,0.0
1956-07-17,300.0,206.0,81.0,0.0,0.0
1956-07-18,267.0,200.0,140.0,0.0,0.0
1956-07-19,272.0,200.0,0.0,0.0,0.0
1956-07-20,256.0,228.0,0.0,0.0,0.0
1956-07-21,294.0,233.0,119.0,0.0,0.0
1956-07-22,306.0,217.0,0.0,0.0,0.0
1956-07-23,317.0,211.0,53.0,0.0,0.0
1956-07-24,289.0,194.0,318.0,0.0,0.0
1956-07-25,294.0,211.0,0.0,0.0,0.0
1956-07-26,306.0,200.0,0.0,0.0,0.0
1956-07-27,322.0,206.0,0.0,0.0,0.0
1956-07-28,328.0,228.0,0.0,0.0,0.0
1956-07-29,272.0,200.0,251.0,0.0,0.0
1956-07-30,211.0,167.0,13.0,0.0,0.0
1956-07-31,233.0,139.0,0.0,0.0,0.0
1956-08-01,289.0,206.0,0.0,0.0,0.0
1956-08-02,294.0,217.0,46.0,0.0,0.0
1956-08-03,278.0,206.0,0.0,0.0,0.0
1956-08-04,278.0,178.0,0.0,0.0,0.0
1956-08-05,306.0,200.0,74.0,0.0,0.0
1956-08-06,272.0,206.0,0.0,0.0,0.0
1956-08-07,272.0,206.0,0.0,0.0,0.0
1956-08-08,289.0,183.0,0.0,0.0,0.0
1956-08-09,317.0,194.0,0.0,0.0,0.0
1956-08-10,322.0,228.0,0.0,0.0,0.0
1956-08-11,306.0,217.0,0.0,0.0,0.0
1956-08-12,317.0,222.0,0.0,0.0,0.0
1956-08-13,339.0,200.0,0.0,0.0,0.0
1956-08-14,306.0,244.0,0.0,0.0,0.0
1956-08-15,306.0,200.0,0.0,0.0,0.0
1956-08-16,311.0,189.0,0.0,0.0,0.0
1956-08-17,322.0,194.0,0.0,0.0,0.0
1956-08-18,344.0,222.0,0.0,0.0,0.0
1956-08-19,361.0,222.0,0.0,0.0,0.0
1956-08-20,333.0,189.0,678.0,0.0,0.0
1956-08-21,244.0,178.0,1295.0,0.0,0.0
1956-08-22,256.0,200.0,0.0,0.0,0.0
1956-08-23,261.0,144.0,0.0,0.0,0.0
1956-08-24,267.0,178.0,0.0,0.0,0.0
1956-08-25,256.0,156.0,0.0,0.0,0.0
1956-08-26,267.0,156.0,0.0,0.0,0.0
1956-08-27,300.0,194.0,46.0,0.0,0.0
1956-08-28,317.0,206.0,0.0,0.0,0.0
1956-08-29,300.0,217.0,0.0,0.0,0.0
1956-08-30,300.0,200.0,0.0,0.0,0.0
1956-08-31,317.0,233.0,0.0,0.0,0.0
1956-09-01,317.0,222.0,0.0,0.0,0.0
1956-09-02,322.0,233.0,0.0,0.0,0.0
1956-09-03,278.0,228.0,0.0,0.0,0.0
1956-09-04,283.0,217.0,0.0,0.0,0.0
1956-09-05,294.0,211.0,102.0,0.0,0.0
1956-09-06,289.0,211.0,0.0,0.0,0.0
1956-09-07,256.0,189.0,147.0,0.0,0.0
1956-09-08,217.0,178.0,0.0,0.0,0.0
1956-09-09,206.0,150.0,0.0,0.0,0.0
1956-09-10,206.0,150.0,0.0,0.0,0.0
1956-09-11,228.0,89.0,0.0,0.0,0.0
1956-09-12,261.0,150.0,0.0,0.0,0.0
1956-09-13,289.0,178.0,0.0,0.0,0.0
1956-09-14,322.0,200.0,0.0,0.0,0.0
1956-09-15,278.0,178.0,25.0,0.0,0.0
1956-09-16,317.0,183.0,0.0,0.0,0.0
1956-09-17,322.0,183.0,0.0,0.0,0.0
1956-09-18,294.0,167.0,178.0,0.0,0.0
1956-09-19,228.0,100.0,0.0,0.0,0.0
1956-09-20,211.0,161.0,0.0,0.0,0.0
1956-09-21,172.0,111.0,0.0,0.0,0.0
1956-09-22,261.0,72.0,0.0,0.0,0.0
1956-09-23,283.0,178.0,0.0,0.0,0.0
1956-09-24,267.0,156.0,46.0,0.0,0.0
1956-09-25,222.0,133.0,0.0,0.0,0.0
1956-09-26,200.0,150.0,0.0,0.0,0.0
1956-09-27,172.0,133.0,254.0,0.0,0.0
1956-09-28,167.0,133.0,76.0,0.0,0.0
1956-09-29,172.0,133.0,0.0,0.0,0.0
1956-09-30,222.0,133.0,0.0,0.0,0.0
1956-10-01,206.0,150.0,0.0,0.0,0.0
1956-10-02,228.0,83.0,0.0,0.0,0.0
1956-10-03,256.0,144.0,0.0,0.0,0.0
1956-10-04,256.0,167.0,10.0,0.0,0.0
1956-10-05,228.0,183.0,0.0,0.0,0.0
1956-10-06,194.0,150.0,43.0,0.0,0.0
1956-10-07,206.0,144.0,0.0,0.0,0.0
1956-10-08,200.0,139.0,0.0,0.0,0.0
1956-10-09,217.0,133.0,0.0,0.0,0.0
1956-10-10,200.0,117.0,0.0,0.0,0.0
1956-10-11,150.0,100.0,0.0,0.0,0.0
1956-10-12,200.0,100.0,0.0,0.0,0.0
1956-10-13,189.0,122.0,0.0,0.0,0.0
1956-10-14,189.0,67.0,0.0,0.0,0.0
1956-10-15,228.0,72.0,0.0,0.0,0.0
1956-10-16,206.0,139.0,0.0,0.0,0.0
1956-10-17,194.0,144.0,36.0,0.0,0.0
1956-10-18,211.0,161.0,737.0,0.0,0.0
1956-10-19,189.0,117.0,0.0,0.0,0.0
1956-10-20,206.0,144.0,0.0,0.0,0.0
1956-10-21,200.0,122.0,0.0,0.0,0.0
1956-10-22,200.0,161.0,117.0,0.0,0.0
1956-10-23,211.0,167.0,0.0,0.0,0.0
1956-10-24,194.0,133.0,0.0,0.0,0.0
1956-10-25,183.0,111.0,0.0,0.0,0.0
1956-10-26,167.0,128.0,0.0,0.0,0.0
1956-10-27,189.0,161.0,0.0,0.0,0.0
1956-10-28,183.0,150.0,0.0,0.0,0.0
1956-10-29,178.0,144.0,0.0,0.0,0.0
1956-10-30,189.0,156.0,97.0,0.0,0.0
1956-10-31,217.0,167.0,221.0,0.0,0.0
1956-11-01,228.0,167.0,246.0,0.0,0.0
1956-11-02,244.0,172.0,84.0,0.0,0.0
1956-11-03,256.0,178.0,0.0,0.0,0.0
1956-11-04,222.0,122.0,0.0,0.0,0.0
1956-11-05,172.0,117.0,0.0,0.0,0.0
1956-11-06,183.0,56.0,0.0,0.0,0.0
1956-11-07,217.0,50.0,0.0,0.0,0.0
1956-11-08,189.0,67.0,43.0,0.0,0.0
1956-11-09,144.0,39.0,114.0,0.0,0.0
1956-11-10,83.0,28.0,0.0,0.0,0.0
1956-11-11,144.0,-11.0,0.0,0.0,0.0
1956-11-12,217.0,111.0,0.0,0.0,0.0
1956-11-13,183.0,67.0,0.0,0.0,0.0
1956-11-14,211.0,11.0,0.0,0.0,0.0
1956-11-15,206.0,50.0,0.0,0.0,0.0
1956-11-16,228.0,122.0,0.0,0.0,0.0
1956-11-17,189.0,61.0,0.0,0.0,0.0
1956-11-18,100.0,44.0,109.0,0.0,0.0
1956-11-19,94.0,22.0,0.0,0.0,0.0
1956-11-20,133.0,-17.0,0.0,0.0,0.0
1956-11-21,211.0,56.0,0.0,0.0,0.0
1956-11-22,189.0,39.0,104.0,0.0,0.0
1956-11-23,61.0,-33.0,0.0,0.0,0.0
1956-11-24,17.0,-56.0,0.0,0.0,0.0
1956-11-25,72.0,0.0,0.0,0.0,0.0
1956-11-26,83.0,0.0,0.0,0.0,0.0
1956-11-27,78.0,39.0,0.0,0.0,0.0
1956-11-28,83.0,-44.0,0.0,0.0,0.0
1956-11-29,128.0,28.0,0.0,0.0,0.0
1956-11-30,89.0,11.0,0.0,0.0,0.0
1956-12-01,67.0,-39.0,0.0,0.0,0.0
1956-12-02,94.0,-22.0,0.0,0.0,0.0
1956-12-03,183.0,61.0,0.0,0.0,0.0
1956-12-04,200.0,11.0,0.0,0.0,0.0
1956-12-05,150.0,33.0,0.0,0.0,0.0
1956-12-06,217.0,94.0,5.0,0.0,0.0
1956-12-07,239.0,111.0,0.0,0.0,0.0
1956-12-08,211.0,117.0,0.0,0.0,0.0
1956-12-09,228.0,72.0,0.0,0.0,0.0
1956-12-10,100.0,-11.0,0.0,0.0,0.0
1956-12-11,122.0,6.0,0.0,0.0,0.0
1956-12-12,144.0,61.0,28.0,0.0,0.0
1956-12-13,211.0,100.0,0.0,0.0,0.0
1956-12-14,144.0,72.0,5.0,0.0,0.0
1956-12-15,89.0,61.0,394.0,0.0,0.0
1956-12-16,133.0,72.0,218.0,0.0,0.0
1956-12-17,111.0,61.0,13.0,0.0,0.0
1956-12-18,122.0,56.0,0.0,0.0,0.0
1956-12-19,94.0,-28.0,0.0,0.0,0.0
1956-12-20,156.0,22.0,0.0,0.0,0.0
1956-12-21,211.0,94.0,0.0,0.0,0.0
1956-12-22,144.0,89.0,107.0,0.0,0.0
1956-12-23,150.0,94.0,137.0,0.0,0.0
1956-12-24,167.0,83.0,79.0,0.0,0.0
1956-12-25,133.0,39.0,0.0,0.0,0.0
1956-12-26,61.0,-17.0,0.0,0.0,0.0
1956-12-27,111.0,-17.0,13.0,0.0,0.0
1956-12-28,139.0,6.0,0.0,0.0,0.0
1956-12-29,106.0,11.0,69.0,0.0,0.0
1956-12-30,22.0,-28.0,0.0,0.0,0.0
1956-12-31,156.0,-44.0,0.0,0.0,0.0
1957-01-01,100.0,6.0,0.0,0.0,0.0
1957-01-02,28.0,-67.0,0.0,0.0,0.0
1957-01-03,11.0,-61.0,0.0,0.0,0.0
1957-01-04,106.0,-33.0,0.0,0.0,0.0
1957-01-05,100.0,17.0,18.0,0.0,0.0
1957-01-06,39.0,-11.0,0.0,0.0,0.0
1957-01-07,56.0,-11.0,8.0,0.0,0.0
1957-01-08,44.0,-6.0,0.0,0.0,0.0
1957-01-09,78.0,-17.0,36.0,0.0,0.0
1957-01-10,172.0,44.0,38.0,0.0,0.0
1957-01-11,50.0,-17.0,0.0,0.0,0.0
1957-01-12,61.0,-44.0,0.0,0.0,0.0
1957-01-13,72.0,11.0,0.0,0.0,0.0
1957-01-14,44.0,-39.0,76.0,76.0,76.0
1957-01-15,-22.0,-72.0,13.0,25.0,13.0
1957-01-16,-6.0,-44.0,76.0,76.0,76.0
1957-01-17,-17.0,-94.0,0.0,0.0,0.0
1957-01-18,0.0,-167.0,0.0,0.0,0.0
1957-01-19,44.0,-139.0,0.0,0.0,0.0
1957-01-20,56.0,-67.0,0.0,0.0,0.0
1957-01-21,89.0,6.0,0.0,0.0,0.0
1957-01-22,156.0,33.0,0.0,0.0,0.0
1957-01-23,200.0,56.0,38.0,0.0,0.0
1957-01-24,61.0,-44.0,0.0,0.0,0.0
1957-01-25,0.0,-33.0,25.0,0.0,0.0
1957-01-26,56.0,0.0,0.0,0.0,0.0
1957-01-27,67.0,17.0,8.0,0.0,0.0
1957-01-28,44.0,28.0,279.0,0.0,0.0
1957-01-29,206.0,28.0,20.0,0.0,0.0
1957-01-30,78.0,22.0,5.0,0.0,0.0
1957-01-31,61.0,17.0,94.0,0.0,0.0
1957-02-01,44.0,22.0,213.0,0.0,0.0
1957-02-02,44.0,17.0,69.0,0.0,0.0
1957-02-03,72.0,-17.0,89.0,0.0,0.0
1957-02-04,150.0,67.0,10.0,0.0,0.0
1957-02-05,106.0,17.0,10.0,0.0,0.0
1957-02-06,39.0,11.0,30.0,0.0,0.0
1957-02-07,67.0,22.0,18.0,0.0,0.0
1957-02-08,61.0,39.0,8.0,0.0,0.0
1957-02-09,128.0,28.0,58.0,0.0,0.0
1957-02-10,167.0,78.0,28.0,0.0,0.0
1957-02-11,144.0,6.0,0.0,0.0,0.0
1957-02-12,33.0,-22.0,0.0,0.0,0.0
1957-02-13,61.0,-11.0,0.0,0.0,0.0
1957-02-14,78.0,-28.0,15.0,0.0,0.0
1957-02-15,44.0,-6.0,38.0,0.0,0.0
1957-02-16,106.0,-11.0,0.0,0.0,0.0
1957-02-17,72.0,-6.0,0.0,0.0,0.0
1957-02-18,83.0,-50.0,0.0,0.0,0.0
1957-02-19,111.0,50.0,71.0,0.0,0.0
1957-02-20,56.0,-39.0,130.0,0.0,0.0
1957-02-21,72.0,-17.0,0.0,0.0,0.0
1957-02-22,94.0,-44.0,0.0,0.0,0.0
1957-02-23,144.0,-11.0,0.0,0.0,0.0
1957-02-24,122.0,6.0,0.0,0.0,0.0
1957-02-25,150.0,22.0,0.0,0.0,0.0
1957-02-26,139.0,89.0,211.0,0.0,0.0
1957-02-27,206.0,78.0,0.0,0.0,0.0
1957-02-28,161.0,33.0,147.0,0.0,0.0
1957-03-01,44.0,17.0,81.0,0.0,0.0
1957-03-02,144.0,-11.0,0.0,0.0,0.0
1957-03-03,133.0,6.0,20.0,0.0,0.0
1957-03-04,39.0,-39.0,0.0,0.0,0.0
1957-03-05,56.0,11.0,0.0,0.0,0.0
1957-03-06,56.0,22.0,23.0,0.0,0.0
1957-03-07,67.0,28.0,41.0,0.0,0.0
1957-03-08,106.0,44.0,107.0,0.0,0.0
1957-03-09,83.0,11.0,411.0,0.0,0.0
1957-03-10,89.0,17.0,0.0,0.0,0.0
1957-03-11,89.0,22.0,0.0,0.0,0.0
1957-03-12,222.0,56.0,0.0,0.0,0.0
1957-03-13,172.0,11.0,0.0,0.0,0.0
1957-03-14,194.0,28.0,0.0,0.0,0.0
1957-03-15,161.0,94.0,119.0,0.0,0.0
1957-03-16,139.0,83.0,0.0,0.0,0.0
1957-03-17,167.0,11.0,0.0,0.0,0.0
1957-03-18,167.0,72.0,0.0,0.0,0.0
1957-03-19,144.0,56.0,145.0,0.0,0.0
1957-03-20,83.0,56.0,0.0,0.0,0.0
1957-03-21,111.0,39.0,0.0,0.0,0.0
1957-03-22,139.0,44.0,5.0,0.0,0.0
1957-03-23,133.0,50.0,0.0,0.0,0.0
1957-03-24,156.0,17.0,0.0,0.0,0.0
1957-03-25,139.0,72.0,0.0,0.0,0.0
1957-03-26,89.0,44.0,13.0,0.0,0.0
1957-03-27,122.0,61.0,0.0,0.0,0.0
1957-03-28,100.0,50.0,8.0,0.0,0.0
1957-03-29,128.0,28.0,0.0,0.0,0.0
1957-03-30,128.0,44.0,10.0,0.0,0.0
1957-03-31,128.0,39.0,0.0,0.0,0.0
1957-04-01,133.0,39.0,0.0,0.0,0.0
1957-04-02,239.0,111.0,38.0,0.0,0.0
1957-04-03,194.0,56.0,0.0,0.0,0.0
1957-04-04,111.0,67.0,0.0,0.0,0.0
1957-04-05,178.0,100.0,18.0,0.0,0.0
1957-04-06,183.0,89.0,81.0,0.0,0.0
1957-04-07,194.0,17.0,0.0,0.0,0.0
1957-04-08,222.0,100.0,127.0,0.0,0.0
1957-04-09,167.0,56.0,157.0,0.0,0.0
1957-04-10,150.0,6.0,0.0,0.0,0.0
1957-04-11,161.0,17.0,0.0,0.0,0.0
1957-04-12,228.0,111.0,0.0,0.0,0.0
1957-04-13,178.0,0.0,81.0,0.0,0.0
1957-04-14,111.0,22.0,0.0,0.0,0.0
1957-04-15,111.0,0.0,0.0,0.0,0.0
1957-04-16,139.0,0.0,0.0,0.0,0.0
1957-04-17,217.0,94.0,0.0,0.0,0.0
1957-04-18,256.0,133.0,0.0,0.0,0.0
1957-04-19,200.0,133.0,0.0,0.0,0.0
1957-04-20,244.0,100.0,0.0,0.0,0.0
1957-04-21,278.0,167.0,36.0,0.0,0.0
1957-04-22,250.0,150.0,0.0,0.0,0.0
1957-04-23,211.0,133.0,0.0,0.0,0.0
1957-04-24,283.0,167.0,0.0,0.0,0.0
1957-04-25,239.0,167.0,0.0,0.0,0.0
1957-04-26,228.0,144.0,0.0,0.0,0.0
1957-04-27,300.0,156.0,0.0,0.0,0.0
1957-04-28,300.0,172.0,64.0,0.0,0.0
1957-04-29,278.0,167.0,0.0,0.0,0.0
1957-04-30,250.0,128.0,0.0,0.0,0.0
1957-05-01,278.0,144.0,0.0,0.0,0.0
1957-05-02,278.0,144.0,0.0,0.0,0.0
1957-05-03,178.0,83.0,0.0,0.0,0.0
1957-05-04,144.0,72.0,0.0,0.0,0.0
1957-05-05,194.0,83.0,0.0,0.0,0.0
1957-05-06,211.0,106.0,0.0,0.0,0.0
1957-05-07,239.0,94.0,0.0,0.0,0.0
1957-05-08,294.0,117.0,0.0,0.0,0.0
1957-05-09,283.0,150.0,0.0,0.0,0.0
1957-05-10,306.0,167.0,0.0,0.0,0.0
1957-05-11,289.0,183.0,0.0,0.0,0.0
1957-05-12,233.0,183.0,0.0,0.0,0.0
1957-05-13,278.0,172.0,0.0,0.0,0.0
1957-05-14,283.0,194.0,0.0,0.0,0.0
1957-05-15,322.0,189.0,0.0,0.0,0.0
1957-05-16,294.0,183.0,0.0,0.0,0.0
1957-05-17,222.0,133.0,0.0,0.0,0.0
1957-05-18,300.0,161.0,91.0,0.0,0.0
1957-05-19,256.0,172.0,140.0,0.0,0.0
1957-05-20,200.0,167.0,10.0,0.0,0.0
1957-05-21,200.0,122.0,0.0,0.0,0.0
1957-05-22,200.0,122.0,0.0,0.0,0.0
1957-05-23,322.0,183.0,0.0,0.0,0.0
1957-05-24,317.0,222.0,0.0,0.0,0.0
1957-05-25,272.0,194.0,0.0,0.0,0.0
1957-05-26,317.0,189.0,33.0,0.0,0.0
1957-05-27,294.0,194.0,58.0,0.0,0.0
1957-05-28,261.0,156.0,0.0,0.0,0.0
1957-05-29,217.0,122.0,0.0,0.0,0.0
1957-05-30,217.0,139.0,0.0,0.0,0.0
1957-05-31,244.0,172.0,0.0,0.0,0.0
1957-06-01,256.0,172.0,0.0,0.0,0.0
1957-06-02,267.0,178.0,13.0,0.0,0.0
1957-06-03,239.0,178.0,71.0,0.0,0.0
1957-06-04,206.0,167.0,10.0,0.0,0.0
1957-06-05,228.0,194.0,439.0,0.0,0.0
1957-06-06,222.0,189.0,15.0,0.0,0.0
1957-06-07,289.0,183.0,112.0,0.0,0.0
1957-06-08,261.0,161.0,0.0,0.0,0.0
1957-06-09,200.0,144.0,15.0,0.0,0.0
1957-06-10,233.0,156.0,0.0,0.0,0.0
1957-06-11,250.0,128.0,0.0,0.0,0.0
1957-06-12,322.0,200.0,58.0,0.0,0.0
1957-06-13,311.0,211.0,0.0,0.0,0.0
1957-06-14,306.0,217.0,94.0,0.0,0.0
1957-06-15,333.0,222.0,0.0,0.0,0.0
1957-06-16,333.0,222.0,0.0,0.0,0.0
1957-06-17,322.0,222.0,0.0,0.0,0.0
1957-06-18,339.0,239.0,0.0,0.0,0.0
1957-06-19,333.0,233.0,25.0,0.0,0.0
1957-06-20,294.0,211.0,0.0,0.0,0.0
1957-06-21,294.0,189.0,0.0,0.0,0.0
1957-06-22,311.0,222.0,0.0,0.0,0.0
1957-06-23,311.0,222.0,0.0,0.0,0.0
1957-06-24,317.0,228.0,0.0,0.0,0.0
1957-06-25,294.0,211.0,0.0,0.0,0.0
1957-06-26,294.0,222.0,0.0,0.0,0.0
1957-06-27,306.0,200.0,0.0,0.0,0.0
1957-06-28,306.0,228.0,13.0,0.0,0.0
1957-06-29,311.0,217.0,0.0,0.0,0.0
1957-06-30,311.0,206.0,36.0,0.0,0.0
1957-07-01,311.0,183.0,0.0,0.0,0.0
1957-07-02,272.0,189.0,0.0,0.0,0.0
1957-07-03,294.0,117.0,0.0,0.0,0.0
1957-07-04,344.0,206.0,0.0,0.0,0.0
1957-07-05,350.0,256.0,0.0,0.0,0.0
1957-07-06,317.0,222.0,0.0,0.0,0.0
1957-07-07,311.0,183.0,0.0,0.0,0.0
1957-07-08,322.0,194.0,0.0,0.0,0.0
1957-07-09,344.0,239.0,290.0,0.0,0.0
1957-07-10,294.0,206.0,0.0,0.0,0.0
1957-07-11,278.0,178.0,0.0,0.0,0.0
1957-07-12,311.0,217.0,0.0,0.0,0.0
1957-07-13,322.0,233.0,0.0,0.0,0.0
1957-07-14,317.0,244.0,0.0,0.0,0.0
1957-07-15,322.0,222.0,74.0,0.0,0.0
1957-07-16,300.0,211.0,0.0,0.0,0.0
1957-07-17,283.0,167.0,0.0,0.0,0.0
1957-07-18,278.0,217.0,0.0,0.0,0.0
1957-07-19,289.0,144.0,0.0,0.0,0.0
1957-07-20,306.0,150.0,0.0,0.0,0.0
1957-07-21,333.0,217.0,0.0,0.0,0.0
1957-07-22,356.0,250.0,20.0,0.0,0.0
1957-07-23,339.0,239.0,107.0,0.0,0.0
1957-07-24,267.0,206.0,183.0,0.0,0.0
1957-07-25,272.0,167.0,0.0,0.0,0.0
1957-07-26,267.0,172.0,0.0,0.0,0.0
1957-07-27,278.0,183.0,0.0,0.0,0.0
1957-07-28,283.0,211.0,0.0,0.0,0.0
1957-07-29,289.0,206.0,0.0,0.0,0.0
1957-07-30,300.0,211.0,0.0,0.0,0.0
1957-07-31,322.0,206.0,0.0,0.0,0.0
1957-08-01,317.0,211.0,0.0,0.0,0.0
1957-08-02,311.0,200.0,0.0,0.0,0.0
1957-08-03,328.0,194.0,0.0,0.0,0.0
1957-08-04,356.0,228.0,160.0,0.0,0.0
1957-08-05,278.0,228.0,0.0,0.0,0.0
1957-08-06,256.0,178.0,0.0,0.0,0.0
1957-08-07,272.0,128.0,0.0,0.0,0.0
1957-08-08,300.0,139.0,0.0,0.0,0.0
1957-08-09,317.0,189.0,0.0,0.0,0.0
1957-08-10,283.0,233.0,8.0,0.0,0.0
1957-08-11,294.0,200.0,0.0,0.0,0.0
1957-08-12,333.0,211.0,102.0,0.0,0.0
1957-08-13,283.0,194.0,0.0,0.0,0.0
1957-08-14,278.0,161.0,0.0,0.0,0.0
1957-08-15,283.0,222.0,231.0,0.0,0.0
1957-08-16,311.0,211.0,0.0,0.0,0.0
1957-08-17,294.0,167.0,0.0,0.0,0.0
1957-08-18,261.0,156.0,18.0,0.0,0.0
1957-08-19,256.0,172.0,612.0,0.0,0.0
1957-08-20,211.0,167.0,0.0,0.0,0.0
1957-08-21,278.0,156.0,0.0,0.0,0.0
1957-08-22,250.0,161.0,13.0,0.0,0.0
1957-08-23,244.0,183.0,0.0,0.0,0.0
1957-08-24,239.0,172.0,0.0,0.0,0.0
1957-08-25,267.0,183.0,422.0,0.0,0.0
1957-08-26,272.0,161.0,0.0,0.0,0.0
1957-08-27,294.0,178.0,0.0,0.0,0.0
1957-08-28,272.0,183.0,0.0,0.0,0.0
1957-08-29,250.0,156.0,0.0,0.0,0.0
1957-08-30,289.0,194.0,0.0,0.0,0.0
1957-08-31,283.0,167.0,135.0,0.0,0.0
1957-09-01,272.0,211.0,0.0,0.0,0.0
1957-09-02,272.0,200.0,0.0,0.0,0.0
1957-09-03,328.0,233.0,0.0,0.0,0.0
1957-09-04,306.0,211.0,15.0,0.0,0.0
1957-09-05,272.0,194.0,0.0,0.0,0.0
1957-09-06,250.0,144.0,0.0,0.0,0.0
1957-09-07,289.0,211.0,0.0,0.0,0.0
1957-09-08,250.0,194.0,38.0,0.0,0.0
1957-09-09,261.0,200.0,25.0,0.0,0.0
1957-09-10,289.0,206.0,97.0,0.0,0.0
1957-09-11,267.0,200.0,0.0,0.0,0.0
1957-09-12,317.0,228.0,0.0,0.0,0.0
1957-09-13,322.0,228.0,0.0,0.0,0.0
1957-09-14,317.0,211.0,140.0,0.0,0.0
1957-09-15,306.0,211.0,0.0,0.0,0.0
1957-09-16,289.0,211.0,0.0,0.0,0.0
1957-09-17,261.0,211.0,213.0,0.0,0.0
1957-09-18,233.0,211.0,0.0,0.0,0.0
1957-09-19,256.0,194.0,0.0,0.0,0.0
1957-09-20,261.0,156.0,0.0,0.0,0.0
1957-09-21,294.0,211.0,0.0,0.0,0.0
1957-09-22,289.0,222.0,0.0,0.0,0.0
1957-09-23,261.0,206.0,0.0,0.0,0.0
1957-09-24,211.0,178.0,0.0,0.0,0.0
1957-09-25,233.0,94.0,0.0,0.0,0.0
1957-09-26,272.0,128.0,0.0,0.0,0.0
1957-09-27,228.0,111.0,0.0,0.0,0.0
1957-09-28,167.0,83.0,0.0,0.0,0.0
1957-09-29,178.0,128.0,0.0,0.0,0.0
1957-09-30,194.0,133.0,119.0,0.0,0.0
1957-10-01,183.0,144.0,89.0,0.0,0.0
1957-10-02,211.0,144.0,0.0,0.0,0.0
1957-10-03,183.0,78.0,0.0,0.0,0.0
1957-10-04,217.0,128.0,0.0,0.0,0.0
1957-10-05,183.0,139.0,0.0,0.0,0.0
1957-10-06,167.0,111.0,780.0,0.0,0.0
1957-10-07,222.0,83.0,0.0,0.0,0.0
1957-10-08,211.0,94.0,0.0,0.0,0.0
1957-10-09,233.0,150.0,0.0,0.0,0.0
1957-10-10,211.0,128.0,0.0,0.0,0.0
1957-10-11,183.0,122.0,0.0,0.0,0.0
1957-10-12,139.0,89.0,0.0,0.0,0.0
1957-10-13,156.0,17.0,0.0,0.0,0.0
1957-10-14,189.0,28.0,0.0,0.0,0.0
1957-10-15,189.0,56.0,0.0,0.0,0.0
1957-10-16,200.0,44.0,0.0,0.0,0.0
1957-10-17,211.0,128.0,0.0,0.0,0.0
1957-10-18,200.0,156.0,236.0,0.0,0.0
1957-10-19,161.0,111.0,0.0,0.0,0.0
1957-10-20,172.0,83.0,0.0,0.0,0.0
1957-10-21,156.0,94.0,0.0,0.0,0.0
1957-10-22,189.0,50.0,0.0,0.0,0.0
1957-10-23,222.0,67.0,0.0,0.0,0.0
1957-10-24,189.0,156.0,84.0,0.0,0.0
1957-10-25,183.0,106.0,81.0,0.0,0.0
1957-10-26,122.0,56.0,0.0,0.0,0.0
1957-10-27,94.0,39.0,30.0,0.0,0.0
1957-10-28,100.0,39.0,0.0,0.0,0.0
1957-10-29,172.0,-6.0,0.0,0.0,0.0
1957-10-30,156.0,83.0,0.0,0.0,0.0
1957-10-31,144.0,89.0,10.0,0.0,0.0
1957-11-01,144.0,117.0,292.0,0.0,0.0
1957-11-02,156.0,133.0,28.0,0.0,0.0
1957-11-03,200.0,133.0,0.0,0.0,0.0
1957-11-04,183.0,78.0,0.0,0.0,0.0
1957-11-05,150.0,83.0,0.0,0.0,0.0
1957-11-06,122.0,67.0,0.0,0.0,0.0
1957-11-07,167.0,-6.0,0.0,0.0,0.0
1957-11-08,194.0,83.0,38.0,0.0,0.0
1957-11-09,178.0,83.0,0.0,0.0,0.0
1957-11-10,100.0,22.0,0.0,0.0,0.0
1957-11-11,67.0,17.0,0.0,0.0,0.0
1957-11-12,100.0,-56.0,0.0,0.0,0.0
1957-11-13,156.0,-17.0,0.0,0.0,0.0
1957-11-14,161.0,100.0,33.0,0.0,0.0
1957-11-15,183.0,100.0,0.0,0.0,0.0
1957-11-16,183.0,72.0,0.0,0.0,0.0
1957-11-17,206.0,122.0,0.0,0.0,0.0
1957-11-18,144.0,89.0,86.0,0.0,0.0
1957-11-19,194.0,139.0,15.0,0.0,0.0
1957-11-20,172.0,56.0,0.0,0.0,0.0
1957-11-21,156.0,6.0,0.0,0.0,0.0
1957-11-22,106.0,39.0,0.0,0.0,0.0
1957-11-23,78.0,50.0,198.0,0.0,0.0
1957-11-24,156.0,50.0,0.0,0.0,0.0
1957-11-25,111.0,56.0,,0.0,0.0
1957-11-26,100.0,0.0,0.0,0.0,0.0
1957-11-27,128.0,28.0,0.0,0.0,0.0
1957-11-28,167.0,94.0,51.0,0.0,0.0
1957-11-29,200.0,133.0,0.0,0.0,0.0
1957-11-30,156.0,72.0,249.0,0.0,0.0
1957-12-01,83.0,-11.0,0.0,0.0,0.0
1957-12-02,156.0,33.0,0.0,0.0,0.0
1957-12-03,100.0,39.0,0.0,0.0,0.0
1957-12-04,89.0,0.0,274.0,0.0,0.0
1957-12-05,39.0,-11.0,0.0,0.0,0.0
1957-12-06,122.0,-44.0,0.0,0.0,0.0
1957-12-07,194.0,106.0,15.0,0.0,0.0
1957-12-08,139.0,78.0,229.0,0.0,0.0
1957-12-09,117.0,61.0,284.0,0.0,0.0
1957-12-10,67.0,33.0,145.0,0.0,0.0
1957-12-11,44.0,-39.0,254.0,0.0,0.0
1957-12-12,-28.0,-106.0,0.0,0.0,0.0
1957-12-13,22.0,-94.0,0.0,0.0,0.0
1957-12-14,117.0,-17.0,0.0,0.0,0.0
1957-12-15,89.0,-17.0,0.0,0.0,0.0
1957-12-16,167.0,-6.0,0.0,0.0,0.0
1957-12-17,111.0,33.0,0.0,0.0,0.0
1957-12-18,100.0,33.0,0.0,0.0,0.0
1957-12-19,156.0,78.0,0.0,0.0,0.0
1957-12-20,150.0,94.0,94.0,0.0,0.0
1957-12-21,156.0,83.0,0.0,0.0,0.0
1957-12-22,111.0,0.0,0.0,0.0,0.0
1957-12-23,156.0,17.0,0.0,0.0,0.0
1957-12-24,183.0,67.0,5.0,0.0,0.0
1957-12-25,111.0,22.0,0.0,0.0,0.0
1957-12-26,150.0,44.0,224.0,0.0,0.0
1957-12-27,94.0,11.0,0.0,0.0,0.0
1957-12-28,100.0,-17.0,0.0,0.0,0.0
1957-12-29,100.0,44.0,89.0,0.0,0.0
1957-12-30,72.0,11.0,0.0,0.0,0.0
1957-12-31,100.0,-11.0,0.0,0.0,0.0
1958-01-01,72.0,22.0,18.0,0.0,0.0
1958-01-02,61.0,-28.0,0.0,0.0,0.0
1958-01-03,17.0,-78.0,0.0,0.0,0.0
1958-01-04,6.0,-67.0,0.0,0.0,0.0
1958-01-05,0.0,-67.0,0.0,0.0,0.0
1958-01-06,44.0,-89.0,0.0,0.0,0.0
1958-01-07,33.0,-11.0,127.0,152.0,152.0
1958-01-08,6.0,-61.0,0.0,0.0,0.0
1958-01-09,-11.0,-67.0,0.0,0.0,0.0
1958-01-10,50.0,-133.0,0.0,0.0,0.0
1958-01-11,61.0,-11.0,0.0,0.0,0.0
1958-01-12,44.0,-44.0,0.0,0.0,0.0
1958-01-13,17.0,-106.0,0.0,0.0,0.0
1958-01-14,111.0,11.0,284.0,0.0,0.0
1958-01-15,111.0,39.0,10.0,0.0,0.0
1958-01-16,56.0,11.0,18.0,0.0,0.0
1958-01-17,44.0,0.0,0.0,0.0,0.0
1958-01-18,39.0,-11.0,0.0,0.0,0.0
1958-01-19,17.0,-44.0,0.0,0.0,0.0
1958-01-20,28.0,-67.0,0.0,0.0,0.0
1958-01-21,72.0,-11.0,10.0,0.0,0.0
1958-01-22,117.0,44.0,25.0,0.0,0.0
1958-01-23,56.0,-50.0,0.0,0.0,0.0
1958-01-24,44.0,-22.0,18.0,0.0,0.0
1958-01-25,56.0,11.0,279.0,0.0,0.0
1958-01-26,78.0,0.0,0.0,0.0,0.0
1958-01-27,94.0,-28.0,0.0,0.0,0.0
1958-01-28,78.0,17.0,8.0,0.0,0.0
1958-01-29,56.0,-39.0,0.0,0.0,0.0
1958-01-30,67.0,17.0,0.0,0.0,0.0
1958-01-31,122.0,-11.0,0.0,0.0,0.0
1958-02-01,61.0,0.0,267.0,0.0,0.0
1958-02-02,22.0,-11.0,0.0,0.0,0.0
1958-02-03,17.0,-39.0,0.0,0.0,0.0
1958-02-04,50.0,-28.0,0.0,0.0,0.0
1958-02-05,78.0,-39.0,5.0,0.0,0.0
1958-02-06,83.0,0.0,0.0,0.0,0.0
1958-02-07,83.0,39.0,165.0,0.0,0.0
1958-02-08,50.0,-11.0,0.0,0.0,0.0
1958-02-09,-6.0,-122.0,0.0,0.0,0.0
1958-02-10,-6.0,-94.0,0.0,0.0,0.0
1958-02-11,11.0,-67.0,0.0,0.0,0.0
1958-02-12,11.0,-56.0,0.0,0.0,0.0
1958-02-13,0.0,-50.0,0.0,0.0,0.0
1958-02-14,6.0,-83.0,0.0,0.0,0.0
1958-02-15,89.0,-44.0,69.0,0.0,0.0
1958-02-16,56.0,-39.0,102.0,0.0,3.0
1958-02-17,-28.0,-133.0,0.0,0.0,0.0
1958-02-18,-61.0,-106.0,0.0,0.0,0.0
1958-02-19,17.0,-100.0,0.0,0.0,0.0
1958-02-20,22.0,-28.0,0.0,0.0,0.0
1958-02-21,50.0,-28.0,0.0,0.0,0.0
1958-02-22,122.0,-11.0,0.0,0.0,0.0
1958-02-23,78.0,-17.0,0.0,0.0,0.0
1958-02-24,144.0,-17.0,0.0,0.0,0.0
1958-02-25,167.0,33.0,0.0,0.0,0.0
1958-02-26,83.0,-6.0,231.0,0.0,0.0
1958-02-27,83.0,39.0,175.0,0.0,0.0
1958-02-28,183.0,44.0,0.0,0.0,0.0
1958-03-01,156.0,44.0,0.0,0.0,0.0
1958-03-02,122.0,-11.0,15.0,0.0,0.0
1958-03-03,111.0,39.0,0.0,0.0,0.0
1958-03-04,89.0,17.0,0.0,0.0,0.0
1958-03-05,100.0,0.0,0.0,0.0,0.0
1958-03-06,139.0,22.0,5.0,0.0,0.0
1958-03-07,106.0,39.0,0.0,0.0,0.0
1958-03-08,117.0,22.0,0.0,0.0,0.0
1958-03-09,106.0,6.0,76.0,0.0,8.0
1958-03-10,78.0,0.0,0.0,0.0,0.0
1958-03-11,83.0,11.0,0.0,0.0,0.0
1958-03-12,83.0,17.0,0.0,0.0,0.0
1958-03-13,83.0,-6.0,165.0,0.0,
1958-03-14,78.0,17.0,0.0,0.0,0.0
1958-03-15,89.0,22.0,0.0,0.0,0.0
1958-03-16,72.0,0.0,0.0,0.0,0.0
1958-03-17,83.0,-11.0,0.0,0.0,0.0
1958-03-18,67.0,-11.0,20.0,0.0,0.0
1958-03-19,50.0,28.0,1003.0,0.0,0.0
1958-03-20,44.0,0.0,135.0,0.0,13.0
1958-03-21,56.0,6.0,13.0,0.0,0.0
1958-03-22,106.0,22.0,0.0,0.0,0.0
1958-03-23,122.0,28.0,0.0,0.0,0.0
1958-03-24,89.0,-22.0,0.0,0.0,0.0
1958-03-25,89.0,50.0,122.0,0.0,0.0
1958-03-26,89.0,56.0,152.0,0.0,0.0
1958-03-27,61.0,39.0,114.0,0.0,0.0
1958-03-28,139.0,39.0,0.0,0.0,0.0
1958-03-29,106.0,-11.0,0.0,0.0,0.0
1958-03-30,106.0,39.0,28.0,0.0,0.0
1958-03-31,83.0,61.0,183.0,0.0,0.0
1958-04-01,122.0,50.0,0.0,0.0,0.0
1958-04-02,150.0,39.0,0.0,0.0,0.0
1958-04-03,144.0,28.0,0.0,0.0,0.0
1958-04-04,122.0,6.0,0.0,0.0,0.0
1958-04-05,111.0,44.0,0.0,0.0,0.0
1958-04-06,128.0,72.0,185.0,0.0,0.0
1958-04-07,194.0,100.0,0.0,0.0,0.0
1958-04-08,172.0,39.0,0.0,0.0,0.0
1958-04-09,167.0,44.0,0.0,0.0,0.0
1958-04-10,94.0,33.0,424.0,0.0,0.0
1958-04-11,89.0,67.0,20.0,0.0,0.0
1958-04-12,128.0,50.0,0.0,0.0,0.0
1958-04-13,167.0,56.0,0.0,0.0,0.0
1958-04-14,189.0,61.0,0.0,0.0,0.0
1958-04-15,211.0,56.0,0.0,0.0,0.0
1958-04-16,178.0,106.0,0.0,0.0,0.0
1958-04-17,178.0,94.0,0.0,0.0,0.0
1958-04-18,211.0,89.0,0.0,0.0,0.0
1958-04-19,256.0,117.0,0.0,0.0,0.0
1958-04-20,256.0,128.0,0.0,0.0,0.0
1958-04-21,250.0,150.0,0.0,0.0,0.0
1958-04-22,189.0,144.0,89.0,0.0,0.0
1958-04-23,222.0,122.0,137.0,0.0,0.0
1958-04-24,244.0,106.0,8.0,0.0,0.0
1958-04-25,239.0,144.0,0.0,0.0,0.0
1958-04-26,183.0,100.0,0.0,0.0,0.0
1958-04-27,156.0,100.0,23.0,0.0,0.0
1958-04-28,200.0,117.0,61.0,0.0,0.0
1958-04-29,239.0,156.0,23.0,0.0,0.0
1958-04-30,200.0,117.0,86.0,0.0,0.0
1958-05-01,156.0,106.0,0.0,0.0,0.0
1958-05-02,172.0,117.0,0.0,0.0,0.0
1958-05-03,233.0,128.0,15.0,0.0,0.0
1958-05-04,289.0,183.0,0.0,0.0,0.0
1958-05-05,244.0,128.0,30.0,0.0,0.0
1958-05-06,139.0,100.0,208.0,0.0,0.0
1958-05-07,133.0,111.0,198.0,0.0,0.0
1958-05-08,200.0,94.0,0.0,0.0,0.0
1958-05-09,244.0,78.0,0.0,0.0,0.0
1958-05-10,239.0,94.0,0.0,0.0,0.0
1958-05-11,256.0,139.0,0.0,0.0,0.0
1958-05-12,244.0,183.0,0.0,0.0,0.0
1958-05-13,217.0,128.0,0.0,0.0,0.0
1958-05-14,228.0,78.0,0.0,0.0,0.0
1958-05-15,233.0,156.0,0.0,0.0,0.0
1958-05-16,233.0,150.0,0.0,0.0,0.0
1958-05-17,228.0,133.0,0.0,0.0,0.0
1958-05-18,278.0,178.0,0.0,0.0,0.0
1958-05-19,289.0,156.0,224.0,0.0,0.0
1958-05-20,244.0,172.0,28.0,0.0,0.0
1958-05-21,222.0,161.0,0.0,0.0,0.0
1958-05-22,244.0,117.0,0.0,0.0,0.0
1958-05-23,233.0,183.0,0.0,0.0,0.0
1958-05-24,217.0,156.0,0.0,0.0,0.0
1958-05-25,250.0,178.0,8.0,0.0,0.0
1958-05-26,217.0,144.0,373.0,0.0,0.0
1958-05-27,239.0,156.0,0.0,0.0,0.0
1958-05-28,239.0,150.0,58.0,0.0,0.0
1958-05-29,239.0,144.0,0.0,0.0,0.0
1958-05-30,239.0,106.0,0.0,0.0,0.0
1958-05-31,272.0,161.0,0.0,0.0,0.0
1958-06-01,261.0,183.0,0.0,0.0,0.0
1958-06-02,272.0,211.0,0.0,0.0,0.0
1958-06-03,222.0,156.0,51.0,0.0,0.0
1958-06-04,222.0,144.0,0.0,0.0,0.0
1958-06-05,228.0,100.0,0.0,0.0,0.0
1958-06-06,239.0,172.0,0.0,0.0,0.0
1958-06-07,228.0,122.0,0.0,0.0,0.0
1958-06-08,283.0,139.0,0.0,0.0,0.0
1958-06-09,333.0,222.0,61.0,0.0,0.0
1958-06-10,333.0,194.0,0.0,0.0,0.0
1958-06-11,328.0,244.0,64.0,0.0,0.0
1958-06-12,317.0,183.0,160.0,0.0,0.0
1958-06-13,322.0,178.0,160.0,0.0,0.0
1958-06-14,306.0,211.0,0.0,0.0,0.0
1958-06-15,244.0,172.0,0.0,0.0,0.0
1958-06-16,250.0,139.0,0.0,0.0,0.0
1958-06-17,250.0,156.0,0.0,0.0,0.0
1958-06-18,267.0,133.0,241.0,0.0,0.0
1958-06-19,239.0,161.0,0.0,0.0,0.0
1958-06-20,222.0,167.0,127.0,0.0,0.0
1958-06-21,211.0,172.0,0.0,0.0,0.0
1958-06-22,217.0,144.0,191.0,0.0,0.0
1958-06-23,217.0,144.0,86.0,0.0,0.0
1958-06-24,239.0,133.0,0.0,0.0,0.0
1958-06-25,272.0,189.0,0.0,0.0,0.0
1958-06-26,322.0,217.0,191.0,0.0,0.0
1958-06-27,256.0,172.0,0.0,0.0,0.0
1958-06-28,267.0,167.0,0.0,0.0,0.0
1958-06-29,283.0,156.0,0.0,0.0,0.0
1958-06-30,300.0,183.0,0.0,0.0,0.0
1958-07-01,306.0,200.0,0.0,0.0,0.0
1958-07-02,311.0,172.0,0.0,0.0,0.0
1958-07-03,322.0,228.0,0.0,0.0,0.0
1958-07-04,317.0,211.0,0.0,0.0,0.0
1958-07-05,333.0,239.0,0.0,0.0,0.0
1958-07-06,322.0,233.0,58.0,0.0,0.0
1958-07-07,322.0,211.0,0.0,0.0,0.0
1958-07-08,328.0,239.0,10.0,0.0,0.0
1958-07-09,283.0,211.0,315.0,0.0,0.0
1958-07-10,283.0,211.0,69.0,0.0,0.0
1958-07-11,317.0,233.0,33.0,0.0,0.0
1958-07-12,317.0,222.0,122.0,0.0,0.0
1958-07-13,294.0,211.0,0.0,0.0,0.0
1958-07-14,300.0,211.0,0.0,0.0,0.0
1958-07-15,322.0,228.0,0.0,0.0,0.0
1958-07-16,333.0,239.0,0.0,0.0,0.0
1958-07-17,322.0,211.0,0.0,0.0,0.0
1958-07-18,267.0,183.0,0.0,0.0,0.0
1958-07-19,322.0,228.0,0.0,0.0,0.0
1958-07-20,300.0,217.0,10.0,0.0,0.0
1958-07-21,261.0,194.0,0.0,0.0,0.0
1958-07-22,328.0,222.0,0.0,0.0,0.0
1958-07-23,339.0,233.0,102.0,0.0,0.0
1958-07-24,311.0,211.0,447.0,0.0,0.0
1958-07-25,294.0,211.0,274.0,0.0,0.0
1958-07-26,306.0,206.0,0.0,0.0,0.0
1958-07-27,294.0,233.0,33.0,0.0,0.0
1958-07-28,306.0,239.0,0.0,0.0,0.0
1958-07-29,311.0,239.0,0.0,0.0,0.0
1958-07-30,311.0,189.0,0.0,0.0,0.0
1958-07-31,333.0,217.0,10.0,0.0,0.0
1958-08-01,294.0,228.0,0.0,0.0,0.0
1958-08-02,278.0,217.0,0.0,0.0,0.0
1958-08-03,256.0,183.0,0.0,0.0,0.0
1958-08-04,267.0,211.0,188.0,0.0,0.0
1958-08-05,294.0,183.0,0.0,0.0,0.0
1958-08-06,289.0,200.0,0.0,0.0,0.0
1958-08-07,311.0,200.0,0.0,0.0,0.0
1958-08-08,328.0,233.0,15.0,0.0,0.0
1958-08-09,306.0,228.0,0.0,0.0,0.0
1958-08-10,317.0,172.0,0.0,0.0,0.0
1958-08-11,322.0,206.0,0.0,0.0,0.0
1958-08-12,300.0,200.0,305.0,0.0,0.0
1958-08-13,300.0,233.0,25.0,0.0,0.0
1958-08-14,283.0,228.0,140.0,0.0,0.0
1958-08-15,333.0,233.0,33.0,0.0,0.0
1958-08-16,306.0,211.0,0.0,0.0,0.0
1958-08-17,272.0,194.0,0.0,0.0,0.0
1958-08-18,278.0,172.0,0.0,0.0,0.0
1958-08-19,261.0,183.0,0.0,0.0,0.0
1958-08-20,272.0,139.0,0.0,0.0,0.0
1958-08-21,300.0,211.0,0.0,0.0,0.0
1958-08-22,311.0,222.0,213.0,0.0,0.0
1958-08-23,278.0,228.0,0.0,0.0,0.0
1958-08-24,294.0,233.0,23.0,0.0,0.0
1958-08-25,278.0,211.0,699.0,0.0,0.0
1958-08-26,217.0,183.0,635.0,0.0,0.0
1958-08-27,244.0,189.0,0.0,0.0,0.0
1958-08-28,222.0,200.0,30.0,0.0,0.0
1958-08-29,278.0,200.0,0.0,0.0,0.0
1958-08-30,289.0,172.0,0.0,0.0,0.0
1958-08-31,294.0,211.0,0.0,0.0,0.0
1958-09-01,272.0,211.0,13.0,0.0,0.0
1958-09-02,239.0,161.0,0.0,0.0,0.0
1958-09-03,250.0,106.0,0.0,0.0,0.0
1958-09-04,261.0,117.0,0.0,0.0,0.0
1958-09-05,283.0,167.0,0.0,0.0,0.0
1958-09-06,289.0,183.0,0.0,0.0,0.0
1958-09-07,311.0,189.0,0.0,0.0,0.0
1958-09-08,256.0,161.0,0.0,0.0,0.0
1958-09-09,233.0,139.0,0.0,0.0,0.0
1958-09-10,289.0,128.0,0.0,0.0,0.0
1958-09-11,250.0,144.0,0.0,0.0,0.0
1958-09-12,206.0,144.0,0.0,0.0,0.0
1958-09-13,222.0,83.0,0.0,0.0,0.0
1958-09-14,256.0,100.0,0.0,0.0,0.0
1958-09-15,272.0,150.0,0.0,0.0,0.0
1958-09-16,294.0,206.0,0.0,0.0,0.0
1958-09-17,311.0,217.0,0.0,0.0,0.0
1958-09-18,294.0,211.0,0.0,0.0,0.0
1958-09-19,239.0,183.0,0.0,0.0,0.0
1958-09-20,233.0,133.0,0.0,0.0,0.0
1958-09-21,211.0,178.0,160.0,0.0,0.0
1958-09-22,256.0,183.0,0.0,0.0,0.0
1958-09-23,250.0,133.0,0.0,0.0,0.0
1958-09-24,239.0,100.0,0.0,0.0,0.0
1958-09-25,278.0,117.0,0.0,0.0,0.0
1958-09-26,311.0,200.0,0.0,0.0,0.0
1958-09-27,283.0,211.0,28.0,0.0,0.0
1958-09-28,233.0,156.0,0.0,0.0,0.0
1958-09-29,189.0,128.0,0.0,0.0,0.0
1958-09-30,228.0,94.0,0.0,0.0,0.0
1958-10-01,222.0,117.0,145.0,0.0,0.0
1958-10-02,150.0,106.0,23.0,0.0,0.0
1958-10-03,156.0,128.0,33.0,0.0,0.0
1958-10-04,183.0,139.0,43.0,0.0,0.0
1958-10-05,239.0,94.0,0.0,0.0,0.0
1958-10-06,206.0,72.0,0.0,0.0,0.0
1958-10-07,211.0,100.0,0.0,0.0,0.0
1958-10-08,194.0,150.0,0.0,0.0,0.0
1958-10-09,217.0,128.0,0.0,0.0,0.0
1958-10-10,294.0,133.0,0.0,0.0,0.0
1958-10-11,239.0,111.0,0.0,0.0,0.0
1958-10-12,167.0,50.0,0.0,0.0,0.0
1958-10-13,211.0,33.0,0.0,0.0,0.0
1958-10-14,189.0,133.0,0.0,0.0,0.0
1958-10-15,267.0,128.0,0.0,0.0,0.0
1958-10-16,283.0,139.0,0.0,0.0,0.0
1958-10-17,267.0,150.0,0.0,0.0,0.0
1958-10-18,261.0,156.0,0.0,0.0,0.0
1958-10-19,183.0,128.0,0.0,0.0,0.0
1958-10-20,189.0,111.0,0.0,0.0,0.0
1958-10-21,156.0,128.0,160.0,0.0,0.0
1958-10-22,183.0,139.0,348.0,0.0,0.0
1958-10-23,206.0,167.0,10.0,0.0,0.0
1958-10-24,222.0,144.0,0.0,0.0,0.0
1958-10-25,189.0,128.0,0.0,0.0,0.0
1958-10-26,156.0,89.0,30.0,0.0,0.0
1958-10-27,150.0,72.0,8.0,0.0,0.0
1958-10-28,139.0,72.0,0.0,0.0,0.0
1958-10-29,167.0,83.0,0.0,0.0,0.0
1958-10-30,189.0,50.0,0.0,0.0,0.0
1958-10-31,206.0,39.0,0.0,0.0,0.0
1958-11-01,172.0,44.0,0.0,0.0,0.0
1958-11-02,144.0,100.0,244.0,0.0,0.0
1958-11-03,139.0,61.0,0.0,0.0,0.0
1958-11-04,156.0,28.0,0.0,0.0,0.0
1958-11-05,189.0,33.0,0.0,0.0,0.0
1958-11-06,183.0,122.0,0.0,0.0,0.0
1958-11-07,144.0,89.0,0.0,0.0,0.0
1958-11-08,139.0,-11.0,0.0,0.0,0.0
1958-11-09,150.0,100.0,46.0,0.0,0.0
1958-11-10,133.0,44.0,0.0,0.0,0.0
1958-11-11,139.0,39.0,0.0,0.0,0.0
1958-11-12,194.0,39.0,0.0,0.0,0.0
1958-11-13,189.0,56.0,0.0,0.0,0.0
1958-11-14,244.0,89.0,0.0,0.0,0.0
1958-11-15,206.0,128.0,15.0,0.0,0.0
1958-11-16,189.0,144.0,0.0,0.0,0.0
1958-11-17,161.0,122.0,0.0,0.0,0.0
1958-11-18,239.0,150.0,0.0,0.0,0.0
1958-11-19,239.0,117.0,0.0,0.0,0.0
1958-11-20,172.0,6.0,0.0,0.0,0.0
1958-11-21,139.0,61.0,0.0,0.0,0.0
1958-11-22,144.0,17.0,0.0,0.0,0.0
1958-11-23,144.0,6.0,0.0,0.0,0.0
1958-11-24,222.0,111.0,8.0,0.0,0.0
1958-11-25,183.0,44.0,0.0,0.0,0.0
1958-11-26,167.0,56.0,0.0,0.0,0.0
1958-11-27,139.0,17.0,0.0,0.0,0.0
1958-11-28,133.0,17.0,196.0,0.0,0.0
1958-11-29,167.0,6.0,0.0,0.0,0.0
1958-11-30,50.0,-61.0,0.0,0.0,0.0
1958-12-01,72.0,-83.0,0.0,0.0,0.0
1958-12-02,56.0,-39.0,0.0,0.0,0.0
1958-12-03,89.0,-11.0,117.0,0.0,0.0
1958-12-04,122.0,56.0,0.0,0.0,0.0
1958-12-05,183.0,50.0,0.0,0.0,0.0
1958-12-06,144.0,-11.0,0.0,0.0,0.0
1958-12-07,11.0,-50.0,0.0,0.0,0.0
1958-12-08,28.0,-56.0,0.0,0.0,0.0
1958-12-09,44.0,-56.0,0.0,0.0,0.0
1958-12-10,-6.0,-44.0,0.0,0.0,0.0
1958-12-11,28.0,-50.0,53.0,0.0,102.0
1958-12-12,-6.0,-61.0,0.0,0.0,0.0
1958-12-13,6.0,-117.0,0.0,0.0,0.0
1958-12-14,-6.0,-111.0,104.0,102.0,178.0
1958-12-15,-6.0,-56.0,0.0,,0.0
1958-12-16,0.0,-161.0,0.0,,0.0
1958-12-17,83.0,-111.0,0.0,0.0,0.0
1958-12-18,61.0,-28.0,0.0,0.0,0.0
1958-12-19,67.0,-83.0,0.0,0.0,0.0
1958-12-20,61.0,-11.0,0.0,0.0,0.0
1958-12-21,11.0,-44.0,0.0,0.0,0.0
1958-12-22,22.0,-67.0,0.0,0.0,0.0
1958-12-23,128.0,11.0,0.0,0.0,0.0
1958-12-24,106.0,6.0,10.0,0.0,0.0
1958-12-25,39.0,-22.0,0.0,0.0,0.0
1958-12-26,-6.0,-50.0,0.0,0.0,0.0
1958-12-27,39.0,-94.0,0.0,0.0,0.0
1958-12-28,50.0,-11.0,18.0,0.0,0.0
1958-12-29,89.0,44.0,437.0,0.0,0.0
1958-12-30,139.0,39.0,0.0,0.0,0.0
1958-12-31,128.0,-6.0,0.0,0.0,0.0
1959-01-01,78.0,-39.0,,0.0,0.0
1959-01-02,117.0,44.0,,0.0,0.0
1959-01-03,67.0,-22.0,0.0,0.0,0.0
1959-01-04,156.0,-17.0,0.0,0.0,0.0
1959-01-05,61.0,-78.0,0.0,0.0,0.0
1959-01-06,-22.0,-122.0,0.0,0.0,0.0
1959-01-07,6.0,-89.0,0.0,0.0,0.0
1959-01-08,22.0,-61.0,0.0,0.0,0.0
1959-01-09,6.0,-56.0,0.0,0.0,0.0
1959-01-10,17.0,-56.0,0.0,0.0,0.0
1959-01-11,39.0,-61.0,0.0,0.0,0.0
1959-01-12,50.0,-72.0,0.0,0.0,0.0
1959-01-13,111.0,0.0,0.0,0.0,0.0
1959-01-14,44.0,-44.0,10.0,0.0,0.0
1959-01-15,200.0,11.0,0.0,0.0,0.0
1959-01-16,156.0,-6.0,36.0,0.0,10.0
1959-01-17,0.0,-111.0,0.0,0.0,0.0
1959-01-18,-39.0,-122.0,0.0,0.0,0.0
1959-01-19,44.0,-111.0,0.0,0.0,0.0
1959-01-20,122.0,28.0,0.0,0.0,0.0
1959-01-21,189.0,67.0,0.0,0.0,0.0
1959-01-22,183.0,56.0,104.0,0.0,0.0
1959-01-23,56.0,-39.0,0.0,0.0,0.0
1959-01-24,56.0,-56.0,0.0,0.0,0.0
1959-01-25,161.0,33.0,0.0,0.0,0.0
1959-01-26,111.0,11.0,0.0,0.0,0.0
1959-01-27,17.0,-6.0,8.0,0.0,0.0
1959-01-28,28.0,-11.0,0.0,0.0,0.0
1959-01-29,100.0,-39.0,0.0,0.0,0.0
1959-01-30,178.0,50.0,0.0,0.0,0.0
1959-01-31,144.0,28.0,0.0,0.0,0.0
1959-02-01,39.0,-22.0,0.0,0.0,0.0
1959-02-02,-11.0,-72.0,0.0,0.0,0.0
1959-02-03,22.0,-83.0,10.0,0.0,0.0
1959-02-04,89.0,11.0,231.0,0.0,0.0
1959-02-05,78.0,0.0,0.0,0.0,0.0
1959-02-06,89.0,-6.0,0.0,0.0,0.0
1959-02-07,61.0,-67.0,0.0,0.0,0.0
1959-02-08,167.0,33.0,0.0,0.0,0.0
1959-02-09,83.0,17.0,25.0,0.0,0.0
1959-02-10,233.0,17.0,0.0,0.0,0.0
1959-02-11,217.0,44.0,0.0,0.0,0.0
1959-02-12,56.0,-22.0,0.0,0.0,0.0
1959-02-13,122.0,11.0,142.0,0.0,0.0
1959-02-14,117.0,61.0,33.0,0.0,0.0
1959-02-15,172.0,56.0,0.0,0.0,0.0
1959-02-16,67.0,11.0,0.0,0.0,0.0
1959-02-17,111.0,0.0,0.0,0.0,0.0
1959-02-18,122.0,33.0,0.0,0.0,0.0
1959-02-19,100.0,-33.0,0.0,0.0,0.0
1959-02-20,-11.0,-89.0,0.0,0.0,0.0
1959-02-21,72.0,-106.0,0.0,0.0,0.0
1959-02-22,78.0,-61.0,0.0,0.0,0.0
1959-02-23,167.0,17.0,15.0,0.0,0.0
1959-02-24,156.0,50.0,0.0,0.0,0.0
1959-02-25,67.0,-11.0,0.0,0.0,0.0
1959-02-26,100.0,-28.0,0.0,0.0,0.0
1959-02-27,89.0,17.0,0.0,0.0,0.0
1959-02-28,100.0,-11.0,8.0,0.0,0.0
1959-03-01,83.0,33.0,0.0,0.0,0.0
1959-03-02,67.0,33.0,0.0,0.0,0.0
1959-03-03,111.0,-22.0,84.0,0.0,0.0
1959-03-04,144.0,17.0,0.0,0.0,0.0
1959-03-05,139.0,22.0,0.0,0.0,0.0
1959-03-06,206.0,56.0,160.0,0.0,0.0
1959-03-07,167.0,44.0,0.0,0.0,0.0
1959-03-08,83.0,0.0,0.0,0.0,0.0
1959-03-09,128.0,72.0,0.0,0.0,0.0
1959-03-10,106.0,50.0,8.0,0.0,0.0
1959-03-11,89.0,6.0,0.0,0.0,0.0
1959-03-12,122.0,44.0,112.0,0.0,0.0
1959-03-13,89.0,-6.0,0.0,0.0,0.0
1959-03-14,217.0,-17.0,0.0,0.0,0.0
1959-03-15,161.0,72.0,0.0,0.0,0.0
1959-03-16,161.0,39.0,0.0,0.0,0.0
1959-03-17,111.0,44.0,0.0,0.0,0.0
1959-03-18,100.0,22.0,0.0,0.0,0.0
1959-03-19,122.0,-44.0,0.0,0.0,0.0
1959-03-20,183.0,44.0,0.0,0.0,0.0
1959-03-21,194.0,78.0,15.0,0.0,0.0
1959-03-22,161.0,0.0,0.0,0.0,0.0
1959-03-23,78.0,6.0,0.0,0.0,0.0
1959-03-24,194.0,17.0,0.0,0.0,0.0
1959-03-25,256.0,44.0,0.0,0.0,0.0
1959-03-26,189.0,94.0,0.0,0.0,0.0
1959-03-27,200.0,72.0,229.0,0.0,0.0
1959-03-28,122.0,6.0,0.0,0.0,0.0
1959-03-29,67.0,-6.0,0.0,0.0,0.0
1959-03-30,122.0,44.0,163.0,0.0,0.0
1959-03-31,106.0,50.0,0.0,0.0,0.0
1959-04-01,150.0,44.0,0.0,0.0,0.0
1959-04-02,183.0,100.0,183.0,0.0,0.0
1959-04-03,172.0,28.0,0.0,0.0,0.0
1959-04-04,156.0,56.0,38.0,0.0,0.0
1959-04-05,167.0,11.0,0.0,0.0,0.0
1959-04-06,172.0,111.0,0.0,0.0,0.0
1959-04-07,156.0,11.0,0.0,0.0,0.0
1959-04-08,294.0,111.0,0.0,0.0,0.0
1959-04-09,311.0,183.0,0.0,0.0,0.0
1959-04-10,278.0,128.0,84.0,0.0,0.0
1959-04-11,217.0,117.0,23.0,0.0,0.0
1959-04-12,122.0,44.0,518.0,0.0,0.0
1959-04-13,61.0,33.0,0.0,0.0,0.0
1959-04-14,133.0,44.0,0.0,0.0,0.0
1959-04-15,200.0,67.0,0.0,0.0,0.0
1959-04-16,222.0,78.0,0.0,0.0,0.0
1959-04-17,239.0,94.0,0.0,0.0,0.0
1959-04-18,244.0,133.0,0.0,0.0,0.0
1959-04-19,211.0,150.0,23.0,0.0,0.0
1959-04-20,211.0,139.0,86.0,0.0,0.0
1959-04-21,144.0,100.0,64.0,0.0,0.0
1959-04-22,144.0,72.0,56.0,0.0,0.0
1959-04-23,133.0,89.0,0.0,0.0,0.0
1959-04-24,183.0,67.0,0.0,0.0,0.0
1959-04-25,222.0,100.0,0.0,0.0,0.0
1959-04-26,250.0,156.0,0.0,0.0,0.0
1959-04-27,267.0,133.0,38.0,0.0,0.0
1959-04-28,228.0,94.0,8.0,0.0,0.0
1959-04-29,183.0,106.0,0.0,0.0,0.0
1959-04-30,206.0,94.0,0.0,0.0,0.0
1959-05-01,200.0,128.0,0.0,0.0,0.0
1959-05-02,222.0,83.0,0.0,0.0,0.0
1959-05-03,267.0,139.0,0.0,0.0,0.0
1959-05-04,217.0,139.0,0.0,0.0,0.0
1959-05-05,222.0,67.0,0.0,0.0,0.0
1959-05-06,233.0,128.0,0.0,0.0,0.0
1959-05-07,289.0,150.0,0.0,0.0,0.0
1959-05-08,244.0,172.0,0.0,0.0,0.0
1959-05-09,183.0,94.0,0.0,0.0,0.0
1959-05-10,222.0,144.0,0.0,0.0,0.0
1959-05-11,289.0,172.0,0.0,0.0,0.0
1959-05-12,322.0,189.0,0.0,0.0,0.0
1959-05-13,278.0,189.0,356.0,0.0,0.0
1959-05-14,211.0,167.0,0.0,0.0,0.0
1959-05-15,178.0,78.0,0.0,0.0,0.0
1959-05-16,167.0,72.0,0.0,0.0,0.0
1959-05-17,206.0,94.0,0.0,0.0,0.0
1959-05-18,183.0,156.0,41.0,0.0,0.0
1959-05-19,256.0,167.0,0.0,0.0,0.0
1959-05-20,267.0,194.0,0.0,0.0,0.0
1959-05-21,267.0,194.0,0.0,0.0,0.0
1959-05-22,306.0,211.0,18.0,0.0,0.0
1959-05-23,283.0,194.0,10.0,0.0,0.0
1959-05-24,261.0,194.0,0.0,0.0,0.0
1959-05-25,233.0,161.0,0.0,0.0,0.0
1959-05-26,244.0,139.0,0.0,0.0,0.0
1959-05-27,289.0,183.0,0.0,0.0,0.0
1959-05-28,294.0,200.0,0.0,0.0,0.0
1959-05-29,306.0,217.0,0.0,0.0,0.0
1959-05-30,317.0,217.0,25.0,0.0,0.0
1959-05-31,283.0,211.0,0.0,0.0,0.0
1959-06-01,239.0,178.0,0.0,0.0,0.0
1959-06-02,244.0,200.0,262.0,0.0,0.0
1959-06-03,244.0,183.0,0.0,0.0,0.0
1959-06-04,267.0,156.0,0.0,0.0,0.0
1959-06-05,267.0,150.0,0.0,0.0,0.0
1959-06-06,289.0,156.0,0.0,0.0,0.0
1959-06-07,294.0,189.0,0.0,0.0,0.0
1959-06-08,300.0,194.0,0.0,0.0,0.0
1959-06-09,322.0,194.0,0.0,0.0,0.0
1959-06-10,333.0,189.0,0.0,0.0,0.0
1959-06-11,317.0,200.0,0.0,0.0,0.0
1959-06-12,294.0,228.0,0.0,0.0,0.0
1959-06-13,322.0,206.0,64.0,0.0,0.0
1959-06-14,244.0,139.0,0.0,0.0,0.0
1959-06-15,267.0,150.0,0.0,0.0,0.0
1959-06-16,272.0,172.0,46.0,0.0,0.0
1959-06-17,233.0,128.0,0.0,0.0,0.0
1959-06-18,217.0,133.0,0.0,0.0,0.0
1959-06-19,278.0,122.0,0.0,0.0,0.0
1959-06-20,294.0,183.0,0.0,0.0,0.0
1959-06-21,294.0,161.0,0.0,0.0,0.0
1959-06-22,339.0,194.0,10.0,0.0,0.0
1959-06-23,311.0,239.0,0.0,0.0,0.0
1959-06-24,278.0,189.0,0.0,0.0,0.0
1959-06-25,300.0,178.0,0.0,0.0,0.0
1959-06-26,328.0,217.0,0.0,0.0,0.0
1959-06-27,333.0,233.0,0.0,0.0,0.0
1959-06-28,339.0,228.0,0.0,0.0,0.0
1959-06-29,361.0,250.0,0.0,0.0,0.0
1959-06-30,367.0,261.0,0.0,0.0,0.0
1959-07-01,322.0,222.0,18.0,0.0,0.0
1959-07-02,328.0,250.0,0.0,0.0,0.0
1959-07-03,306.0,222.0,0.0,0.0,0.0
1959-07-04,294.0,167.0,0.0,0.0,0.0
1959-07-05,294.0,211.0,0.0,0.0,0.0
1959-07-06,294.0,200.0,0.0,0.0,0.0
1959-07-07,300.0,167.0,0.0,0.0,0.0
1959-07-08,300.0,139.0,0.0,0.0,0.0
1959-07-09,306.0,206.0,0.0,0.0,0.0
1959-07-10,272.0,217.0,488.0,0.0,0.0
1959-07-11,278.0,206.0,23.0,0.0,0.0
1959-07-12,256.0,206.0,0.0,0.0,0.0
1959-07-13,261.0,211.0,8.0,0.0,0.0
1959-07-14,261.0,194.0,681.0,0.0,0.0
1959-07-15,261.0,217.0,20.0,0.0,0.0
1959-07-16,267.0,217.0,76.0,0.0,0.0
1959-07-17,261.0,194.0,0.0,0.0,0.0
1959-07-18,283.0,189.0,0.0,0.0,0.0
1959-07-19,317.0,239.0,0.0,0.0,0.0
1959-07-20,317.0,239.0,41.0,0.0,0.0
1959-07-21,283.0,217.0,30.0,0.0,0.0
1959-07-22,311.0,228.0,10.0,0.0,0.0
1959-07-23,322.0,239.0,0.0,0.0,0.0
1959-07-24,328.0,239.0,0.0,0.0,0.0
1959-07-25,306.0,239.0,0.0,0.0,0.0
1959-07-26,289.0,233.0,0.0,0.0,0.0
1959-07-27,311.0,217.0,0.0,0.0,0.0
1959-07-28,300.0,233.0,0.0,0.0,0.0
1959-07-29,317.0,222.0,0.0,0.0,0.0
1959-07-30,311.0,239.0,0.0,0.0,0.0
1959-07-31,300.0,217.0,0.0,0.0,0.0
1959-08-01,311.0,233.0,0.0,0.0,0.0
1959-08-02,306.0,211.0,0.0,0.0,0.0
1959-08-03,267.0,117.0,0.0,0.0,0.0
1959-08-04,267.0,189.0,0.0,0.0,0.0
1959-08-05,317.0,217.0,0.0,0.0,0.0
1959-08-06,311.0,200.0,0.0,0.0,0.0
1959-08-07,306.0,194.0,0.0,0.0,0.0
1959-08-08,289.0,222.0,64.0,0.0,0.0
1959-08-09,278.0,228.0,69.0,0.0,0.0
1959-08-10,289.0,206.0,0.0,0.0,0.0
1959-08-11,294.0,194.0,0.0,0.0,0.0
1959-08-12,306.0,189.0,0.0,0.0,0.0
1959-08-13,322.0,206.0,0.0,0.0,0.0
1959-08-14,333.0,206.0,0.0,0.0,0.0
1959-08-15,328.0,211.0,0.0,0.0,0.0
1959-08-16,328.0,228.0,0.0,0.0,0.0
1959-08-17,344.0,228.0,0.0,0.0,0.0
1959-08-18,322.0,233.0,0.0,0.0,0.0
1959-08-19,311.0,189.0,0.0,0.0,0.0
1959-08-20,317.0,239.0,0.0,0.0,0.0
1959-08-21,356.0,211.0,0.0,0.0,0.0
1959-08-22,361.0,250.0,0.0,0.0,0.0
1959-08-23,339.0,250.0,0.0,0.0,0.0
1959-08-24,317.0,244.0,0.0,0.0,0.0
1959-08-25,311.0,222.0,0.0,0.0,0.0
1959-08-26,339.0,217.0,0.0,0.0,0.0
1959-08-27,344.0,233.0,0.0,0.0,0.0
1959-08-28,322.0,217.0,401.0,0.0,0.0
1959-08-29,322.0,233.0,81.0,0.0,0.0
1959-08-30,306.0,217.0,188.0,0.0,0.0
1959-08-31,306.0,222.0,74.0,0.0,0.0
1959-09-01,306.0,217.0,0.0,0.0,0.0
1959-09-02,300.0,250.0,0.0,0.0,0.0
1959-09-03,311.0,239.0,0.0,0.0,0.0
1959-09-04,294.0,228.0,0.0,0.0,0.0
1959-09-05,294.0,244.0,0.0,0.0,0.0
1959-09-06,267.0,222.0,257.0,0.0,0.0
1959-09-07,294.0,211.0,30.0,0.0,0.0
1959-09-08,294.0,206.0,0.0,0.0,0.0
1959-09-09,294.0,178.0,0.0,0.0,0.0
1959-09-10,289.0,167.0,0.0,0.0,0.0
1959-09-11,244.0,183.0,0.0,0.0,0.0
1959-09-12,233.0,172.0,0.0,0.0,0.0
1959-09-13,244.0,111.0,0.0,0.0,0.0
1959-09-14,256.0,117.0,0.0,0.0,0.0
1959-09-15,267.0,128.0,0.0,0.0,0.0
1959-09-16,250.0,178.0,0.0,0.0,0.0
1959-09-17,189.0,128.0,0.0,0.0,0.0
1959-09-18,200.0,89.0,0.0,0.0,0.0
1959-09-19,200.0,122.0,0.0,0.0,0.0
1959-09-20,217.0,61.0,0.0,0.0,0.0
1959-09-21,267.0,106.0,0.0,0.0,0.0
1959-09-22,278.0,150.0,0.0,0.0,0.0
1959-09-23,300.0,167.0,0.0,0.0,0.0
1959-09-24,300.0,183.0,0.0,0.0,0.0
1959-09-25,278.0,178.0,0.0,0.0,0.0
1959-09-26,261.0,200.0,0.0,0.0,0.0
1959-09-27,283.0,211.0,0.0,0.0,0.0
1959-09-28,278.0,189.0,135.0,0.0,0.0
1959-09-29,278.0,228.0,0.0,0.0,0.0
1959-09-30,267.0,228.0,0.0,0.0,0.0
1959-10-01,294.0,222.0,427.0,0.0,0.0
1959-10-02,250.0,206.0,0.0,0.0,0.0
1959-10-03,228.0,183.0,0.0,0.0,0.0
1959-10-04,294.0,161.0,0.0,0.0,0.0
1959-10-05,300.0,183.0,0.0,0.0,0.0
1959-10-06,306.0,200.0,0.0,0.0,0.0
1959-10-07,294.0,206.0,0.0,0.0,0.0
1959-10-08,278.0,206.0,8.0,0.0,0.0
1959-10-09,300.0,222.0,0.0,0.0,0.0
1959-10-10,272.0,228.0,13.0,0.0,0.0
1959-10-11,294.0,200.0,8.0,0.0,0.0
1959-10-12,261.0,144.0,0.0,0.0,0.0
1959-10-13,194.0,83.0,0.0,0.0,0.0
1959-10-14,200.0,128.0,345.0,0.0,0.0
1959-10-15,139.0,106.0,0.0,0.0,0.0
1959-10-16,172.0,50.0,0.0,0.0,0.0
1959-10-17,200.0,61.0,0.0,0.0,0.0
1959-10-18,167.0,111.0,0.0,0.0,0.0
1959-10-19,144.0,67.0,0.0,0.0,0.0
1959-10-20,194.0,0.0,0.0,0.0,0.0
1959-10-21,183.0,72.0,0.0,0.0,0.0
1959-10-22,167.0,133.0,99.0,0.0,0.0
1959-10-23,239.0,161.0,0.0,0.0,0.0
1959-10-24,222.0,156.0,475.0,0.0,0.0
1959-10-25,183.0,94.0,46.0,0.0,0.0
1959-10-26,156.0,50.0,0.0,0.0,0.0
1959-10-27,161.0,100.0,58.0,0.0,0.0
1959-10-28,144.0,78.0,0.0,0.0,0.0
1959-10-29,128.0,39.0,0.0,0.0,0.0
1959-10-30,178.0,100.0,0.0,0.0,0.0
1959-10-31,200.0,128.0,0.0,0.0,0.0
1959-11-01,233.0,144.0,0.0,0.0,0.0
1959-11-02,183.0,67.0,0.0,0.0,0.0
1959-11-03,111.0,11.0,0.0,0.0,0.0
1959-11-04,200.0,78.0,0.0,0.0,0.0
1959-11-05,239.0,144.0,0.0,0.0,0.0
1959-11-06,239.0,167.0,76.0,0.0,0.0
1959-11-07,206.0,44.0,343.0,0.0,0.0
1959-11-08,78.0,44.0,0.0,0.0,0.0
1959-11-09,100.0,94.0,0.0,0.0,0.0
1959-11-10,122.0,0.0,0.0,0.0,0.0
1959-11-11,139.0,0.0,0.0,0.0,0.0
1959-11-12,144.0,61.0,0.0,0.0,0.0
1959-11-13,144.0,100.0,0.0,0.0,0.0
1959-11-14,211.0,89.0,53.0,0.0,0.0
1959-11-15,189.0,83.0,0.0,0.0,0.0
1959-11-16,94.0,67.0,0.0,0.0,0.0
1959-11-17,128.0,83.0,38.0,0.0,0.0
1959-11-18,89.0,-44.0,0.0,0.0,0.0
1959-11-19,94.0,-44.0,0.0,0.0,0.0
1959-11-20,67.0,6.0,0.0,0.0,0.0
1959-11-21,94.0,-6.0,224.0,0.0,0.0
1959-11-22,111.0,50.0,0.0,0.0,0.0
1959-11-23,133.0,0.0,0.0,0.0,0.0
1959-11-24,172.0,100.0,500.0,0.0,0.0
1959-11-25,161.0,44.0,23.0,0.0,0.0
1959-11-26,94.0,-22.0,0.0,0.0,0.0
1959-11-27,189.0,72.0,0.0,0.0,0.0
1959-11-28,161.0,72.0,33.0,0.0,0.0
1959-11-29,83.0,22.0,0.0,0.0,0.0
1959-11-30,67.0,-39.0,0.0,0.0,0.0
1959-12-01,83.0,-28.0,0.0,0.0,0.0
1959-12-02,117.0,-22.0,0.0,0.0,0.0
1959-12-03,111.0,6.0,0.0,0.0,0.0
1959-12-04,100.0,50.0,0.0,0.0,0.0
1959-12-05,100.0,0.0,0.0,0.0,0.0
1959-12-06,89.0,50.0,,0.0,0.0
1959-12-07,94.0,17.0,,0.0,0.0
1959-12-08,,0.0,0.0,0.0,0.0
1959-12-09,,-28.0,0.0,0.0,0.0
1959-12-10,,-11.0,0.0,0.0,0.0
1959-12-11,,-22.0,0.0,0.0,0.0
1959-12-12,,83.0,208.0,0.0,0.0
1959-12-13,,72.0,0.0,0.0,0.0
1959-12-14,89.0,17.0,0.0,0.0,0.0
1959-12-15,100.0,-33.0,0.0,0.0,0.0
1959-12-16,167.0,0.0,0.0,0.0,0.0
1959-12-17,128.0,44.0,0.0,0.0,0.0
1959-12-18,100.0,72.0,,0.0,0.0
1959-12-19,78.0,28.0,,0.0,0.0
1959-12-20,44.0,-6.0,0.0,0.0,0.0
1959-12-21,61.0,-11.0,20.0,0.0,0.0
1959-12-22,56.0,-11.0,0.0,0.0,0.0
1959-12-23,0.0,-39.0,0.0,0.0,0.0
1959-12-24,33.0,-28.0,0.0,0.0,0.0
1959-12-25,72.0,17.0,0.0,0.0,0.0
1959-12-26,150.0,-6.0,0.0,0.0,0.0
1959-12-27,144.0,44.0,0.0,0.0,0.0
1959-12-28,144.0,61.0,43.0,0.0,0.0
1959-12-29,139.0,39.0,46.0,0.0,0.0
1959-12-30,106.0,0.0,0.0,0.0,0.0
1959-12-31,67.0,17.0,0.0,0.0,0.0
1960-01-01,33.0,-6.0,0.0,0.0,0.0
1960-01-02,44.0,-50.0,20.0,0.0,0.0
1960-01-03,144.0,39.0,122.0,0.0,0.0
1960-01-04,100.0,-22.0,0.0,0.0,0.0
1960-01-05,89.0,-6.0,0.0,0.0,0.0
1960-01-06,67.0,0.0,94.0,0.0,13.0
1960-01-07,33.0,17.0,41.0,0.0,0.0
1960-01-08,128.0,-17.0,0.0,0.0,0.0
1960-01-09,100.0,-17.0,0.0,0.0,0.0
1960-01-10,189.0,17.0,0.0,0.0,0.0
1960-01-11,128.0,39.0,0.0,0.0,0.0
1960-01-12,44.0,17.0,23.0,0.0,0.0
1960-01-13,194.0,6.0,25.0,0.0,0.0
1960-01-14,83.0,33.0,0.0,0.0,0.0
1960-01-15,167.0,44.0,102.0,0.0,0.0
1960-01-16,161.0,22.0,0.0,0.0,0.0
1960-01-17,61.0,-22.0,0.0,0.0,0.0
1960-01-18,72.0,17.0,51.0,0.0,0.0
1960-01-19,78.0,28.0,0.0,0.0,0.0
1960-01-20,44.0,-22.0,0.0,0.0,0.0
1960-01-21,17.0,-39.0,0.0,0.0,0.0
1960-01-22,6.0,-61.0,0.0,0.0,0.0
1960-01-23,28.0,-56.0,0.0,0.0,0.0
1960-01-24,17.0,-56.0,0.0,0.0,0.0
1960-01-25,28.0,-72.0,0.0,0.0,0.0
1960-01-26,139.0,6.0,0.0,0.0,0.0
1960-01-27,106.0,6.0,43.0,0.0,0.0
1960-01-28,100.0,56.0,38.0,0.0,0.0
1960-01-29,83.0,33.0,0.0,0.0,0.0
1960-01-30,56.0,28.0,0.0,0.0,0.0
1960-01-31,61.0,22.0,0.0,0.0,0.0
1960-02-01,56.0,33.0,0.0,0.0,0.0
1960-02-02,56.0,0.0,0.0,0.0,0.0
1960-02-03,39.0,-44.0,0.0,0.0,0.0
1960-02-04,61.0,-33.0,0.0,0.0,0.0
1960-02-05,78.0,-33.0,267.0,0.0,0.0
1960-02-06,156.0,61.0,0.0,0.0,0.0
1960-02-07,139.0,33.0,0.0,0.0,0.0
1960-02-08,83.0,-28.0,0.0,0.0,0.0
1960-02-09,172.0,11.0,0.0,0.0,0.0
1960-02-10,172.0,72.0,0.0,0.0,0.0
1960-02-11,200.0,100.0,191.0,0.0,0.0
1960-02-12,167.0,-11.0,0.0,0.0,0.0
1960-02-13,56.0,-28.0,124.0,,152.0
1960-02-14,28.0,-44.0,0.0,76.0,0.0
1960-02-15,33.0,-61.0,0.0,0.0,0.0
1960-02-16,56.0,-78.0,0.0,0.0,0.0
1960-02-17,89.0,-22.0,0.0,0.0,0.0
1960-02-18,89.0,28.0,274.0,0.0,0.0
1960-02-19,106.0,22.0,0.0,0.0,0.0
1960-02-20,61.0,-39.0,0.0,0.0,0.0
1960-02-21,44.0,-22.0,0.0,0.0,0.0
1960-02-22,72.0,6.0,13.0,0.0,0.0
1960-02-23,56.0,-11.0,0.0,0.0,0.0
1960-02-24,44.0,-6.0,0.0,0.0,0.0
1960-02-25,83.0,0.0,191.0,0.0,0.0
1960-02-26,128.0,33.0,0.0,0.0,0.0
1960-02-27,67.0,-11.0,0.0,0.0,0.0
1960-02-28,56.0,-17.0,0.0,0.0,0.0
1960-02-29,67.0,17.0,0.0,0.0,0.0
1960-03-01,33.0,-39.0,0.0,0.0,0.0
1960-03-02,11.0,-39.0,0.0,0.0,0.0
1960-03-03,17.0,-33.0,135.0,127.0,140.0
1960-03-04,-6.0,-61.0,0.0,,0.0
1960-03-05,-17.0,-78.0,0.0,,0.0
1960-03-06,6.0,-61.0,0.0,,0.0
1960-03-07,0.0,-50.0,0.0,,0.0
1960-03-08,-6.0,-67.0,0.0,51.0,0.0
1960-03-09,-11.0,-56.0,28.0,76.0,25.0
1960-03-10,-6.0,-50.0,127.0,229.0,152.0
1960-03-11,6.0,-67.0,0.0,,0.0
1960-03-12,17.0,-100.0,0.0,,0.0
1960-03-13,17.0,-50.0,0.0,,0.0
1960-03-14,39.0,-61.0,0.0,,0.0
1960-03-15,28.0,-67.0,0.0,,0.0
1960-03-16,17.0,-50.0,216.0,25.0,51.0
1960-03-17,61.0,11.0,0.0,0.0,0.0
1960-03-18,50.0,-11.0,0.0,0.0,0.0
1960-03-19,94.0,0.0,0.0,0.0,0.0
1960-03-20,89.0,-17.0,0.0,0.0,0.0
1960-03-21,50.0,-11.0,0.0,0.0,0.0
1960-03-22,89.0,-28.0,0.0,0.0,0.0
1960-03-23,50.0,-22.0,0.0,0.0,0.0
1960-03-24,133.0,-6.0,0.0,0.0,0.0
1960-03-25,117.0,-22.0,0.0,0.0,0.0
1960-03-26,89.0,-33.0,10.0,0.0,0.0
1960-03-27,133.0,-28.0,0.0,0.0,0.0
1960-03-28,267.0,61.0,0.0,0.0,0.0
1960-03-29,211.0,56.0,0.0,0.0,0.0
1960-03-30,161.0,106.0,102.0,0.0,0.0
1960-03-31,211.0,106.0,13.0,0.0,0.0
1960-04-01,172.0,78.0,0.0,0.0,0.0
1960-04-02,156.0,56.0,0.0,0.0,0.0
1960-04-03,128.0,67.0,236.0,0.0,0.0
1960-04-04,239.0,117.0,64.0,0.0,0.0
1960-04-05,183.0,72.0,229.0,0.0,0.0
1960-04-06,128.0,11.0,0.0,0.0,0.0
1960-04-07,161.0,78.0,0.0,0.0,0.0
1960-04-08,206.0,67.0,0.0,0.0,0.0
1960-04-09,156.0,78.0,0.0,0.0,0.0
1960-04-10,106.0,33.0,0.0,0.0,0.0
1960-04-11,100.0,28.0,0.0,0.0,0.0
1960-04-12,267.0,72.0,0.0,0.0,0.0
1960-04-13,250.0,39.0,0.0,0.0,0.0
1960-04-14,306.0,111.0,0.0,0.0,0.0
1960-04-15,300.0,183.0,0.0,0.0,0.0
1960-04-16,261.0,167.0,0.0,0.0,0.0
1960-04-17,250.0,161.0,0.0,0.0,0.0
1960-04-18,211.0,122.0,130.0,0.0,0.0
1960-04-19,139.0,78.0,0.0,0.0,0.0
1960-04-20,161.0,6.0,0.0,0.0,0.0
1960-04-21,211.0,100.0,0.0,0.0,0.0
1960-04-22,267.0,156.0,18.0,0.0,0.0
1960-04-23,278.0,144.0,0.0,0.0,0.0
1960-04-24,283.0,167.0,0.0,0.0,0.0
1960-04-25,306.0,178.0,0.0,0.0,0.0
1960-04-26,289.0,156.0,0.0,0.0,0.0
1960-04-27,250.0,156.0,38.0,0.0,0.0
1960-04-28,183.0,122.0,89.0,0.0,0.0
1960-04-29,200.0,72.0,0.0,0.0,0.0
1960-04-30,183.0,89.0,0.0,0.0,0.0
1960-05-01,211.0,139.0,0.0,0.0,0.0
1960-05-02,156.0,89.0,0.0,0.0,0.0
1960-05-03,178.0,33.0,0.0,0.0,0.0
1960-05-04,211.0,100.0,0.0,0.0,0.0
1960-05-05,217.0,111.0,0.0,0.0,0.0
1960-05-06,222.0,67.0,0.0,0.0,0.0
1960-05-07,228.0,111.0,0.0,0.0,0.0
1960-05-08,200.0,161.0,318.0,0.0,0.0
1960-05-09,183.0,94.0,305.0,0.0,0.0
1960-05-10,228.0,78.0,0.0,0.0,0.0
1960-05-11,217.0,150.0,0.0,0.0,0.0
1960-05-12,172.0,128.0,97.0,0.0,0.0
1960-05-13,183.0,78.0,0.0,0.0,0.0
1960-05-14,183.0,72.0,0.0,0.0,0.0
1960-05-15,267.0,78.0,0.0,0.0,0.0
1960-05-16,283.0,133.0,0.0,0.0,0.0
1960-05-17,278.0,139.0,0.0,0.0,0.0
1960-05-18,244.0,150.0,107.0,0.0,0.0
1960-05-19,239.0,150.0,0.0,0.0,0.0
1960-05-20,239.0,144.0,0.0,0.0,0.0
1960-05-21,278.0,194.0,178.0,0.0,0.0
1960-05-22,278.0,178.0,0.0,0.0,0.0
1960-05-23,244.0,172.0,10.0,0.0,0.0
1960-05-24,289.0,122.0,0.0,0.0,0.0
1960-05-25,289.0,156.0,0.0,0.0,0.0
1960-05-26,239.0,150.0,18.0,0.0,0.0
1960-05-27,222.0,172.0,10.0,0.0,0.0
1960-05-28,189.0,161.0,424.0,0.0,0.0
1960-05-29,217.0,156.0,0.0,0.0,0.0
1960-05-30,228.0,172.0,23.0,0.0,0.0
1960-05-31,283.0,167.0,0.0,0.0,0.0
1960-06-01,272.0,150.0,0.0,0.0,0.0
1960-06-02,283.0,178.0,0.0,0.0,0.0
1960-06-03,289.0,211.0,30.0,0.0,0.0
1960-06-04,250.0,211.0,38.0,0.0,0.0
1960-06-05,267.0,200.0,13.0,0.0,0.0
1960-06-06,272.0,194.0,0.0,0.0,0.0
1960-06-07,250.0,189.0,0.0,0.0,0.0
1960-06-08,250.0,156.0,0.0,0.0,0.0
1960-06-09,239.0,150.0,0.0,0.0,0.0
1960-06-10,239.0,161.0,0.0,0.0,0.0
1960-06-11,267.0,111.0,0.0,0.0,0.0
1960-06-12,333.0,189.0,0.0,0.0,0.0
1960-06-13,306.0,206.0,0.0,0.0,0.0
1960-06-14,317.0,200.0,61.0,0.0,0.0
1960-06-15,322.0,222.0,0.0,0.0,0.0
1960-06-16,294.0,161.0,0.0,0.0,0.0
1960-06-17,322.0,233.0,28.0,0.0,0.0
1960-06-18,272.0,206.0,0.0,0.0,0.0
1960-06-19,278.0,189.0,0.0,0.0,0.0
1960-06-20,283.0,183.0,127.0,0.0,0.0
1960-06-21,283.0,200.0,0.0,0.0,0.0
1960-06-22,261.0,189.0,0.0,0.0,0.0
1960-06-23,311.0,222.0,0.0,0.0,0.0
1960-06-24,356.0,211.0,13.0,0.0,0.0
1960-06-25,339.0,211.0,0.0,0.0,0.0
1960-06-26,289.0,139.0,0.0,0.0,0.0
1960-06-27,294.0,128.0,0.0,0.0,0.0
1960-06-28,289.0,150.0,0.0,0.0,0.0
1960-06-29,328.0,211.0,84.0,0.0,0.0
1960-06-30,317.0,200.0,0.0,0.0,0.0
1960-07-01,294.0,211.0,71.0,0.0,0.0
1960-07-02,278.0,206.0,0.0,0.0,0.0
1960-07-03,300.0,211.0,0.0,0.0,0.0
1960-07-04,294.0,239.0,0.0,0.0,0.0
1960-07-05,272.0,200.0,13.0,0.0,0.0
1960-07-06,272.0,183.0,0.0,0.0,0.0
1960-07-07,261.0,194.0,48.0,0.0,0.0
1960-07-08,278.0,167.0,0.0,0.0,0.0
1960-07-09,300.0,172.0,0.0,0.0,0.0
1960-07-10,278.0,206.0,46.0,0.0,0.0
1960-07-11,267.0,194.0,767.0,0.0,0.0
1960-07-12,272.0,211.0,0.0,0.0,0.0
1960-07-13,283.0,194.0,0.0,0.0,0.0
1960-07-14,311.0,233.0,0.0,0.0,0.0
1960-07-15,250.0,189.0,0.0,0.0,0.0
1960-07-16,256.0,172.0,0.0,0.0,0.0
1960-07-17,267.0,172.0,0.0,0.0,0.0
1960-07-18,278.0,178.0,0.0,0.0,0.0
1960-07-19,300.0,222.0,36.0,0.0,0.0
1960-07-20,306.0,228.0,0.0,0.0,0.0
1960-07-21,289.0,217.0,0.0,0.0,0.0
1960-07-22,283.0,167.0,0.0,0.0,0.0
1960-07-23,328.0,211.0,178.0,0.0,0.0
1960-07-24,294.0,211.0,0.0,0.0,0.0
1960-07-25,289.0,206.0,0.0,0.0,0.0
1960-07-26,272.0,211.0,0.0,0.0,0.0
1960-07-27,289.0,228.0,224.0,0.0,0.0
1960-07-28,300.0,211.0,0.0,0.0,0.0
1960-07-29,272.0,194.0,686.0,0.0,0.0
1960-07-30,289.0,189.0,46.0,0.0,0.0
1960-07-31,283.0,228.0,79.0,0.0,0.0
1960-08-01,272.0,200.0,0.0,0.0,0.0
1960-08-02,322.0,217.0,0.0,0.0,0.0
1960-08-03,344.0,239.0,213.0,0.0,0.0
1960-08-04,322.0,217.0,335.0,0.0,0.0
1960-08-05,289.0,211.0,0.0,0.0,0.0
1960-08-06,289.0,211.0,74.0,0.0,0.0
1960-08-07,289.0,200.0,107.0,0.0,0.0
1960-08-08,333.0,222.0,0.0,0.0,0.0
1960-08-09,294.0,211.0,0.0,0.0,0.0
1960-08-10,311.0,244.0,127.0,0.0,0.0
1960-08-11,294.0,206.0,0.0,0.0,0.0
1960-08-12,256.0,222.0,28.0,0.0,0.0
1960-08-13,306.0,228.0,13.0,0.0,0.0
1960-08-14,322.0,211.0,221.0,0.0,0.0
1960-08-15,294.0,206.0,0.0,0.0,0.0
1960-08-16,278.0,217.0,0.0,0.0,0.0
1960-08-17,261.0,211.0,0.0,0.0,0.0
1960-08-18,244.0,206.0,0.0,0.0,0.0
1960-08-19,294.0,189.0,0.0,0.0,0.0
1960-08-20,306.0,200.0,0.0,0.0,0.0
1960-08-21,322.0,222.0,0.0,0.0,0.0
1960-08-22,306.0,228.0,0.0,0.0,0.0
1960-08-23,306.0,222.0,0.0,0.0,0.0
1960-08-24,261.0,222.0,0.0,0.0,0.0
1960-08-25,250.0,194.0,0.0,0.0,0.0
1960-08-26,250.0,189.0,0.0,0.0,0.0
1960-08-27,283.0,211.0,0.0,0.0,0.0
1960-08-28,306.0,211.0,0.0,0.0,0.0
1960-08-29,294.0,200.0,0.0,0.0,0.0
1960-08-30,317.0,233.0,8.0,0.0,0.0
1960-08-31,311.0,206.0,561.0,0.0,0.0
1960-09-01,289.0,172.0,0.0,0.0,0.0
1960-09-02,289.0,217.0,0.0,0.0,0.0
1960-09-03,261.0,200.0,0.0,0.0,0.0
1960-09-04,289.0,156.0,0.0,0.0,0.0
1960-09-05,289.0,217.0,312.0,0.0,0.0
1960-09-06,267.0,206.0,0.0,0.0,0.0
1960-09-07,261.0,144.0,0.0,0.0,0.0
1960-09-08,272.0,172.0,0.0,0.0,0.0
1960-09-09,289.0,211.0,0.0,0.0,0.0
1960-09-10,278.0,206.0,0.0,0.0,0.0
1960-09-11,283.0,217.0,124.0,0.0,0.0
1960-09-12,250.0,183.0,1689.0,0.0,0.0
1960-09-13,261.0,139.0,0.0,0.0,0.0
1960-09-14,211.0,122.0,0.0,0.0,0.0
1960-09-15,244.0,128.0,0.0,0.0,0.0
1960-09-16,250.0,139.0,0.0,0.0,0.0
1960-09-17,239.0,189.0,0.0,0.0,0.0
1960-09-18,261.0,200.0,13.0,0.0,0.0
1960-09-19,278.0,194.0,0.0,0.0,0.0
1960-09-20,272.0,183.0,13.0,0.0,0.0
1960-09-21,250.0,200.0,0.0,0.0,0.0
1960-09-22,222.0,178.0,0.0,0.0,0.0
1960-09-23,222.0,156.0,0.0,0.0,0.0
1960-09-24,228.0,133.0,0.0,0.0,0.0
1960-09-25,217.0,167.0,0.0,0.0,0.0
1960-09-26,200.0,161.0,0.0,0.0,0.0
1960-09-27,206.0,156.0,0.0,0.0,0.0
1960-09-28,211.0,183.0,13.0,0.0,0.0
1960-09-29,211.0,178.0,224.0,0.0,0.0
1960-09-30,239.0,189.0,36.0,0.0,0.0
1960-10-01,206.0,150.0,0.0,0.0,0.0
1960-10-02,206.0,61.0,0.0,0.0,0.0
1960-10-03,217.0,133.0,0.0,0.0,0.0
1960-10-04,194.0,156.0,0.0,0.0,0.0
1960-10-05,206.0,122.0,0.0,0.0,0.0
1960-10-06,267.0,156.0,38.0,0.0,0.0
1960-10-07,233.0,161.0,0.0,0.0,0.0
1960-10-08,178.0,111.0,23.0,0.0,0.0
1960-10-09,178.0,139.0,0.0,0.0,0.0
1960-10-10,233.0,111.0,0.0,0.0,0.0
1960-10-11,272.0,111.0,0.0,0.0,0.0
1960-10-12,228.0,128.0,0.0,0.0,0.0
1960-10-13,239.0,144.0,0.0,0.0,0.0
1960-10-14,261.0,133.0,0.0,0.0,0.0
1960-10-15,267.0,139.0,0.0,0.0,0.0
1960-10-16,256.0,172.0,0.0,0.0,0.0
1960-10-17,222.0,144.0,0.0,0.0,0.0
1960-10-18,233.0,106.0,0.0,0.0,0.0
1960-10-19,250.0,111.0,13.0,0.0,0.0
1960-10-20,222.0,139.0,312.0,0.0,0.0
1960-10-21,150.0,72.0,0.0,0.0,0.0
1960-10-22,150.0,33.0,0.0,0.0,0.0
1960-10-23,172.0,28.0,0.0,0.0,0.0
1960-10-24,156.0,89.0,0.0,0.0,0.0
1960-10-25,144.0,28.0,0.0,0.0,0.0
1960-10-26,133.0,56.0,0.0,0.0,0.0
1960-10-27,161.0,61.0,0.0,0.0,0.0
1960-10-28,144.0,111.0,536.0,0.0,0.0
1960-10-29,128.0,94.0,36.0,0.0,0.0
1960-10-30,150.0,100.0,0.0,0.0,0.0
1960-10-31,133.0,117.0,13.0,0.0,0.0
1960-11-01,178.0,128.0,71.0,0.0,0.0
1960-11-02,217.0,56.0,0.0,0.0,0.0
1960-11-03,161.0,106.0,0.0,0.0,0.0
1960-11-04,167.0,56.0,0.0,0.0,0.0
1960-11-05,178.0,56.0,43.0,0.0,0.0
1960-11-06,178.0,-6.0,0.0,0.0,0.0
1960-11-07,100.0,0.0,0.0,0.0,0.0
1960-11-08,83.0,17.0,0.0,0.0,0.0
1960-11-09,189.0,17.0,0.0,0.0,0.0
1960-11-10,167.0,106.0,91.0,0.0,0.0
1960-11-11,111.0,39.0,0.0,0.0,0.0
1960-11-12,111.0,-22.0,0.0,0.0,0.0
1960-11-13,133.0,-22.0,0.0,0.0,0.0
1960-11-14,178.0,0.0,0.0,0.0,0.0
1960-11-15,178.0,28.0,0.0,0.0,0.0
1960-11-16,239.0,100.0,0.0,0.0,0.0
1960-11-17,194.0,89.0,0.0,0.0,0.0
1960-11-18,156.0,22.0,0.0,0.0,0.0
1960-11-19,150.0,61.0,0.0,0.0,0.0
1960-11-20,139.0,44.0,0.0,0.0,0.0
1960-11-21,156.0,33.0,0.0,0.0,0.0
1960-11-22,194.0,44.0,0.0,0.0,0.0
1960-11-23,144.0,94.0,51.0,0.0,0.0
1960-11-24,122.0,67.0,0.0,0.0,0.0
1960-11-25,139.0,56.0,0.0,0.0,0.0
1960-11-26,156.0,17.0,0.0,0.0,0.0
1960-11-27,194.0,83.0,0.0,0.0,0.0
1960-11-28,189.0,78.0,0.0,0.0,0.0
1960-11-29,211.0,122.0,74.0,0.0,0.0
1960-11-30,183.0,0.0,0.0,0.0,0.0
1960-12-01,44.0,-22.0,0.0,0.0,0.0
1960-12-02,50.0,-11.0,0.0,0.0,0.0
1960-12-03,100.0,-50.0,0.0,0.0,0.0
1960-12-04,111.0,-44.0,0.0,0.0,0.0
1960-12-05,144.0,-6.0,0.0,0.0,0.0
1960-12-06,172.0,-11.0,0.0,0.0,0.0
1960-12-07,172.0,72.0,0.0,0.0,0.0
1960-12-08,94.0,11.0,0.0,0.0,0.0
1960-12-09,44.0,-50.0,0.0,0.0,0.0
1960-12-10,94.0,-72.0,0.0,0.0,0.0
1960-12-11,44.0,-22.0,157.0,0.0,0.0
1960-12-12,56.0,-50.0,320.0,0.0,5.0
1960-12-13,-50.0,-106.0,0.0,0.0,0.0
1960-12-14,17.0,-122.0,0.0,0.0,0.0
1960-12-15,44.0,-56.0,0.0,0.0,0.0
1960-12-16,61.0,17.0,0.0,0.0,0.0
1960-12-17,61.0,-67.0,0.0,0.0,0.0
1960-12-18,33.0,-39.0,0.0,0.0,0.0
1960-12-19,72.0,-56.0,0.0,0.0,0.0
1960-12-20,28.0,-17.0,0.0,0.0,0.0
1960-12-21,100.0,11.0,135.0,0.0,0.0
1960-12-22,17.0,-78.0,0.0,0.0,0.0
1960-12-23,-11.0,-100.0,0.0,0.0,0.0
1960-12-24,11.0,-83.0,0.0,0.0,0.0
1960-12-25,94.0,-39.0,0.0,0.0,0.0
1960-12-26,133.0,-11.0,0.0,0.0,0.0
1960-12-27,111.0,6.0,0.0,0.0,0.0
1960-12-28,11.0,-61.0,0.0,0.0,0.0
1960-12-29,72.0,-28.0,71.0,0.0,0.0
1960-12-30,61.0,17.0,51.0,0.0,0.0
1960-12-31,78.0,-50.0,25.0,0.0,0.0
1961-01-01,128.0,17.0,406.0,0.0,0.0
1961-01-02,78.0,-28.0,0.0,0.0,0.0
1961-01-03,61.0,-33.0,0.0,0.0,0.0
1961-01-04,44.0,-39.0,0.0,0.0,0.0
1961-01-05,44.0,-50.0,0.0,0.0,0.0
1961-01-06,144.0,6.0,0.0,0.0,0.0
1961-01-07,128.0,11.0,0.0,0.0,0.0
1961-01-08,94.0,39.0,0.0,0.0,0.0
1961-01-09,44.0,-28.0,0.0,0.0,0.0
1961-01-10,22.0,-44.0,0.0,0.0,0.0
1961-01-11,122.0,-44.0,0.0,0.0,0.0
1961-01-12,89.0,-17.0,0.0,0.0,0.0
1961-01-13,72.0,-39.0,0.0,0.0,0.0
1961-01-14,78.0,-6.0,51.0,0.0,0.0
1961-01-15,83.0,33.0,279.0,0.0,0.0
1961-01-16,39.0,17.0,25.0,0.0,0.0
1961-01-17,117.0,-6.0,0.0,0.0,0.0
1961-01-18,106.0,-6.0,0.0,0.0,0.0
1961-01-19,61.0,-11.0,137.0,0.0,0.0
1961-01-20,72.0,-56.0,0.0,0.0,0.0
1961-01-21,-22.0,-56.0,0.0,0.0,0.0
1961-01-22,-28.0,-78.0,0.0,0.0,0.0
1961-01-23,50.0,-67.0,0.0,0.0,0.0
1961-01-24,89.0,-50.0,0.0,0.0,0.0
1961-01-25,0.0,-111.0,0.0,0.0,0.0
1961-01-26,-56.0,-111.0,86.0,0.0,10.0
1961-01-27,-17.0,-111.0,0.0,0.0,0.0
1961-01-28,-22.0,-133.0,0.0,0.0,0.0
1961-01-29,-17.0,-128.0,0.0,0.0,0.0
1961-01-30,-11.0,-128.0,0.0,0.0,0.0
1961-01-31,39.0,-111.0,0.0,0.0,0.0
1961-02-01,11.0,-39.0,0.0,0.0,0.0
1961-02-02,-17.0,-133.0,0.0,0.0,0.0
1961-02-03,33.0,-122.0,145.0,76.0,58.0
1961-02-04,61.0,-28.0,0.0,0.0,0.0
1961-02-05,17.0,-22.0,0.0,0.0,0.0
1961-02-06,56.0,-117.0,0.0,0.0,0.0
1961-02-07,17.0,-39.0,38.0,0.0,0.0
1961-02-08,17.0,0.0,757.0,0.0,0.0
1961-02-09,61.0,-11.0,0.0,0.0,0.0
1961-02-10,72.0,17.0,0.0,0.0,0.0
1961-02-11,61.0,-17.0,0.0,0.0,0.0
1961-02-12,28.0,-6.0,36.0,0.0,3.0
1961-02-13,44.0,0.0,0.0,0.0,0.0
1961-02-14,122.0,11.0,0.0,0.0,0.0
1961-02-15,106.0,-22.0,0.0,0.0,0.0
1961-02-16,89.0,28.0,0.0,0.0,0.0
1961-02-17,94.0,-39.0,0.0,0.0,0.0
1961-02-18,133.0,72.0,216.0,0.0,0.0
1961-02-19,244.0,111.0,0.0,0.0,0.0
1961-02-20,200.0,39.0,0.0,0.0,0.0
1961-02-21,56.0,17.0,127.0,0.0,0.0
1961-02-22,61.0,28.0,0.0,0.0,0.0
1961-02-23,172.0,50.0,191.0,0.0,0.0
1961-02-24,178.0,67.0,0.0,0.0,0.0
1961-02-25,156.0,89.0,94.0,0.0,0.0
1961-02-26,172.0,33.0,0.0,0.0,0.0
1961-02-27,172.0,0.0,0.0,0.0,0.0
1961-02-28,156.0,39.0,18.0,0.0,0.0
1961-03-01,72.0,28.0,58.0,0.0,0.0
1961-03-02,122.0,28.0,0.0,0.0,0.0
1961-03-03,178.0,56.0,0.0,0.0,0.0
1961-03-04,200.0,78.0,0.0,0.0,0.0
1961-03-05,261.0,128.0,0.0,0.0,0.0
1961-03-06,272.0,139.0,0.0,0.0,0.0
1961-03-07,250.0,100.0,0.0,0.0,0.0
1961-03-08,183.0,67.0,180.0,0.0,0.0
1961-03-09,94.0,33.0,46.0,0.0,0.0
1961-03-10,72.0,6.0,0.0,0.0,0.0
1961-03-11,106.0,-33.0,0.0,0.0,0.0
1961-03-12,167.0,17.0,0.0,0.0,0.0
1961-03-13,139.0,72.0,0.0,0.0,0.0
1961-03-14,106.0,72.0,81.0,0.0,0.0
1961-03-15,194.0,28.0,0.0,0.0,0.0
1961-03-16,183.0,44.0,51.0,0.0,0.0
1961-03-17,72.0,-33.0,0.0,0.0,0.0
1961-03-18,50.0,-6.0,13.0,0.0,0.0
1961-03-19,83.0,33.0,152.0,0.0,0.0
1961-03-20,94.0,33.0,0.0,0.0,0.0
1961-03-21,89.0,11.0,38.0,0.0,0.0
1961-03-22,61.0,28.0,297.0,0.0,0.0
1961-03-23,72.0,50.0,13.0,0.0,0.0
1961-03-24,67.0,17.0,74.0,0.0,0.0
1961-03-25,133.0,50.0,0.0,0.0,0.0
1961-03-26,128.0,-6.0,0.0,0.0,0.0
1961-03-27,178.0,56.0,0.0,0.0,0.0
1961-03-28,250.0,72.0,48.0,0.0,0.0
1961-03-29,189.0,78.0,0.0,0.0,0.0
1961-03-30,133.0,78.0,10.0,0.0,0.0
1961-03-31,117.0,22.0,160.0,0.0,0.0
1961-04-01,133.0,56.0,122.0,0.0,0.0
1961-04-02,128.0,39.0,0.0,0.0,0.0
1961-04-03,122.0,-17.0,0.0,0.0,0.0
1961-04-04,94.0,50.0,0.0,0.0,0.0
1961-04-05,144.0,33.0,0.0,0.0,0.0
1961-04-06,150.0,89.0,0.0,0.0,0.0
1961-04-07,144.0,17.0,0.0,0.0,0.0
1961-04-08,122.0,44.0,0.0,0.0,0.0
1961-04-09,111.0,33.0,15.0,0.0,0.0
1961-04-10,161.0,61.0,91.0,0.0,0.0
1961-04-11,133.0,61.0,0.0,0.0,0.0
1961-04-12,128.0,22.0,28.0,0.0,0.0
1961-04-13,111.0,44.0,196.0,0.0,0.0
1961-04-14,156.0,61.0,0.0,0.0,0.0
1961-04-15,183.0,83.0,0.0,0.0,0.0
1961-04-16,217.0,111.0,91.0,0.0,0.0
1961-04-17,206.0,33.0,0.0,0.0,0.0
1961-04-18,161.0,50.0,0.0,0.0,0.0
1961-04-19,128.0,61.0,0.0,0.0,0.0
1961-04-20,128.0,56.0,0.0,0.0,0.0
1961-04-21,139.0,11.0,13.0,0.0,0.0
1961-04-22,244.0,111.0,0.0,0.0,0.0
1961-04-23,222.0,133.0,0.0,0.0,0.0
1961-04-24,289.0,128.0,0.0,0.0,0.0
1961-04-25,317.0,178.0,0.0,0.0,0.0
1961-04-26,289.0,178.0,8.0,0.0,0.0
1961-04-27,228.0,100.0,0.0,0.0,0.0
1961-04-28,156.0,50.0,99.0,0.0,0.0
1961-04-29,144.0,56.0,0.0,0.0,0.0
1961-04-30,156.0,50.0,0.0,0.0,0.0
1961-05-01,178.0,100.0,340.0,0.0,0.0
1961-05-02,167.0,100.0,53.0,0.0,0.0
1961-05-03,183.0,39.0,0.0,0.0,0.0
1961-05-04,167.0,72.0,0.0,0.0,0.0
1961-05-05,178.0,67.0,0.0,0.0,0.0
1961-05-06,156.0,111.0,33.0,0.0,0.0
1961-05-07,261.0,128.0,38.0,0.0,0.0
1961-05-08,306.0,178.0,0.0,0.0,0.0
1961-05-09,294.0,194.0,38.0,0.0,0.0
1961-05-10,228.0,167.0,8.0,0.0,0.0
1961-05-11,183.0,167.0,465.0,0.0,0.0
1961-05-12,217.0,156.0,99.0,0.0,0.0
1961-05-13,228.0,167.0,0.0,0.0,0.0
1961-05-14,239.0,156.0,0.0,0.0,0.0
1961-05-15,233.0,150.0,0.0,0.0,0.0
1961-05-16,233.0,194.0,13.0,0.0,0.0
1961-05-17,211.0,139.0,0.0,0.0,0.0
1961-05-18,200.0,100.0,0.0,0.0,0.0
1961-05-19,194.0,122.0,0.0,0.0,0.0
1961-05-20,194.0,128.0,0.0,0.0,0.0
1961-05-21,194.0,128.0,0.0,0.0,0.0
1961-05-22,206.0,111.0,0.0,0.0,0.0
1961-05-23,200.0,128.0,0.0,0.0,0.0
1961-05-24,228.0,117.0,0.0,0.0,0.0
1961-05-25,278.0,128.0,0.0,0.0,0.0
1961-05-26,261.0,144.0,376.0,0.0,0.0
1961-05-27,150.0,72.0,0.0,0.0,0.0
1961-05-28,233.0,61.0,0.0,0.0,0.0
1961-05-29,250.0,128.0,0.0,0.0,0.0
1961-05-30,217.0,128.0,0.0,0.0,0.0
1961-05-31,239.0,94.0,0.0,0.0,0.0
1961-06-01,300.0,167.0,0.0,0.0,0.0
1961-06-02,328.0,211.0,0.0,0.0,0.0
1961-06-03,311.0,200.0,20.0,0.0,0.0
1961-06-04,306.0,156.0,0.0,0.0,0.0
1961-06-05,256.0,122.0,0.0,0.0,0.0
1961-06-06,289.0,189.0,13.0,0.0,0.0
1961-06-07,283.0,200.0,61.0,0.0,0.0
1961-06-08,322.0,183.0,89.0,0.0,0.0
1961-06-09,306.0,206.0,61.0,0.0,0.0
1961-06-10,300.0,206.0,254.0,0.0,0.0
1961-06-11,278.0,194.0,0.0,0.0,0.0
1961-06-12,283.0,200.0,0.0,0.0,0.0
1961-06-13,294.0,217.0,0.0,0.0,0.0
1961-06-14,317.0,211.0,211.0,0.0,0.0
1961-06-15,261.0,156.0,10.0,0.0,0.0
1961-06-16,217.0,156.0,0.0,0.0,0.0
1961-06-17,239.0,106.0,0.0,0.0,0.0
1961-06-18,239.0,117.0,0.0,0.0,0.0
1961-06-19,250.0,122.0,0.0,0.0,0.0
1961-06-20,278.0,172.0,0.0,0.0,0.0
1961-06-21,239.0,200.0,229.0,0.0,0.0
1961-06-22,256.0,200.0,8.0,0.0,0.0
1961-06-23,300.0,189.0,0.0,0.0,0.0
1961-06-24,267.0,189.0,0.0,0.0,0.0
1961-06-25,256.0,172.0,0.0,0.0,0.0
1961-06-26,239.0,183.0,76.0,0.0,0.0
1961-06-27,206.0,178.0,8.0,0.0,0.0
1961-06-28,217.0,178.0,0.0,0.0,0.0
1961-06-29,244.0,156.0,0.0,0.0,0.0
1961-06-30,311.0,183.0,0.0,0.0,0.0
1961-07-01,300.0,211.0,0.0,0.0,0.0
1961-07-02,344.0,222.0,0.0,0.0,0.0
1961-07-03,322.0,211.0,0.0,0.0,0.0
1961-07-04,278.0,178.0,0.0,0.0,0.0
1961-07-05,283.0,189.0,69.0,0.0,0.0
1961-07-06,272.0,189.0,406.0,0.0,0.0
1961-07-07,256.0,200.0,8.0,0.0,0.0
1961-07-08,306.0,194.0,15.0,0.0,0.0
1961-07-09,256.0,183.0,0.0,0.0,0.0
1961-07-10,256.0,150.0,0.0,0.0,0.0
1961-07-11,283.0,144.0,0.0,0.0,0.0
1961-07-12,261.0,183.0,0.0,0.0,0.0
1961-07-13,322.0,217.0,140.0,0.0,0.0
1961-07-14,294.0,206.0,0.0,0.0,0.0
1961-07-15,328.0,239.0,0.0,0.0,0.0
1961-07-16,333.0,217.0,15.0,0.0,0.0
1961-07-17,322.0,217.0,0.0,0.0,0.0
1961-07-18,322.0,222.0,0.0,0.0,0.0
1961-07-19,306.0,200.0,0.0,0.0,0.0
1961-07-20,333.0,239.0,0.0,0.0,0.0
1961-07-21,339.0,233.0,0.0,0.0,0.0
1961-07-22,333.0,222.0,0.0,0.0,0.0
1961-07-23,328.0,239.0,0.0,0.0,0.0
1961-07-24,322.0,239.0,97.0,0.0,0.0
1961-07-25,317.0,239.0,0.0,0.0,0.0
1961-07-26,306.0,217.0,0.0,0.0,0.0
1961-07-27,306.0,222.0,0.0,0.0,0.0
1961-07-28,300.0,200.0,0.0,0.0,0.0
1961-07-29,344.0,244.0,0.0,0.0,0.0
1961-07-30,333.0,233.0,0.0,0.0,0.0
1961-07-31,328.0,233.0,46.0,0.0,0.0
1961-08-01,294.0,239.0,0.0,0.0,0.0
1961-08-02,278.0,200.0,0.0,0.0,0.0
1961-08-03,328.0,233.0,157.0,0.0,0.0
1961-08-04,272.0,228.0,0.0,0.0,0.0
1961-08-05,267.0,217.0,10.0,0.0,0.0
1961-08-06,300.0,228.0,84.0,0.0,0.0
1961-08-07,300.0,222.0,0.0,0.0,0.0
1961-08-08,300.0,217.0,0.0,0.0,0.0
1961-08-09,339.0,222.0,0.0,0.0,0.0
1961-08-10,322.0,228.0,10.0,0.0,0.0
1961-08-11,322.0,233.0,0.0,0.0,0.0
1961-08-12,311.0,233.0,257.0,0.0,0.0
1961-08-13,272.0,206.0,0.0,0.0,0.0
1961-08-14,261.0,183.0,0.0,0.0,0.0
1961-08-15,261.0,144.0,0.0,0.0,0.0
1961-08-16,294.0,161.0,0.0,0.0,0.0
1961-08-17,283.0,211.0,0.0,0.0,0.0
1961-08-18,272.0,194.0,0.0,0.0,0.0
1961-08-19,256.0,183.0,0.0,0.0,0.0
1961-08-20,244.0,189.0,475.0,0.0,0.0
1961-08-21,256.0,194.0,211.0,0.0,0.0
1961-08-22,283.0,178.0,20.0,0.0,0.0
1961-08-23,267.0,206.0,15.0,0.0,0.0
1961-08-24,283.0,189.0,0.0,0.0,0.0
1961-08-25,294.0,233.0,86.0,0.0,0.0
1961-08-26,283.0,233.0,48.0,0.0,0.0
1961-08-27,306.0,217.0,0.0,0.0,0.0
1961-08-28,300.0,228.0,0.0,0.0,0.0
1961-08-29,322.0,217.0,0.0,0.0,0.0
1961-08-30,317.0,233.0,0.0,0.0,0.0
1961-08-31,322.0,183.0,0.0,0.0,0.0
1961-09-01,317.0,217.0,0.0,0.0,0.0
1961-09-02,322.0,228.0,0.0,0.0,0.0
1961-09-03,317.0,239.0,0.0,0.0,0.0
1961-09-04,311.0,222.0,13.0,0.0,0.0
1961-09-05,317.0,228.0,0.0,0.0,0.0
1961-09-06,322.0,233.0,0.0,0.0,0.0
1961-09-07,300.0,222.0,13.0,0.0,0.0
1961-09-08,283.0,233.0,0.0,0.0,0.0
1961-09-09,283.0,211.0,0.0,0.0,0.0
1961-09-10,306.0,200.0,0.0,0.0,0.0
1961-09-11,322.0,217.0,0.0,0.0,0.0
1961-09-12,328.0,217.0,0.0,0.0,0.0
1961-09-13,300.0,211.0,0.0,0.0,0.0
1961-09-14,294.0,222.0,729.0,0.0,0.0
1961-09-15,239.0,167.0,13.0,0.0,0.0
1961-09-16,211.0,156.0,0.0,0.0,0.0
1961-09-17,222.0,167.0,0.0,0.0,0.0
1961-09-18,200.0,156.0,38.0,0.0,0.0
1961-09-19,222.0,178.0,0.0,0.0,0.0
1961-09-20,228.0,206.0,290.0,0.0,0.0
1961-09-21,289.0,194.0,0.0,0.0,0.0
1961-09-22,294.0,211.0,0.0,0.0,0.0
1961-09-23,306.0,206.0,0.0,0.0,0.0
1961-09-24,300.0,189.0,0.0,0.0,0.0
1961-09-25,306.0,217.0,0.0,0.0,0.0
1961-09-26,267.0,194.0,0.0,0.0,0.0
1961-09-27,239.0,172.0,30.0,0.0,0.0
1961-09-28,256.0,172.0,0.0,0.0,0.0
1961-09-29,217.0,144.0,0.0,0.0,0.0
1961-09-30,217.0,78.0,0.0,0.0,0.0
1961-10-01,239.0,111.0,0.0,0.0,0.0
1961-10-02,217.0,183.0,1006.0,0.0,0.0
1961-10-03,194.0,150.0,160.0,0.0,0.0
1961-10-04,161.0,100.0,0.0,0.0,0.0
1961-10-05,183.0,44.0,0.0,0.0,0.0
1961-10-06,239.0,94.0,0.0,0.0,0.0
1961-10-07,250.0,78.0,0.0,0.0,0.0
1961-10-08,256.0,111.0,0.0,0.0,0.0
1961-10-09,250.0,139.0,0.0,0.0,0.0
1961-10-10,250.0,117.0,0.0,0.0,0.0
1961-10-11,239.0,111.0,0.0,0.0,0.0
1961-10-12,211.0,156.0,0.0,0.0,0.0
1961-10-13,244.0,106.0,0.0,0.0,0.0
1961-10-14,206.0,139.0,102.0,0.0,0.0
1961-10-15,156.0,50.0,0.0,0.0,0.0
1961-10-16,156.0,67.0,0.0,0.0,0.0
1961-10-17,217.0,44.0,0.0,0.0,0.0
1961-10-18,244.0,117.0,0.0,0.0,0.0
1961-10-19,222.0,89.0,0.0,0.0,0.0
1961-10-20,217.0,144.0,284.0,0.0,0.0
1961-10-21,183.0,122.0,445.0,0.0,0.0
1961-10-22,133.0,100.0,216.0,0.0,0.0
1961-10-23,139.0,94.0,0.0,0.0,0.0
1961-10-24,139.0,44.0,0.0,0.0,0.0
1961-10-25,228.0,72.0,0.0,0.0,0.0
1961-10-26,189.0,128.0,0.0,0.0,0.0
1961-10-27,139.0,50.0,0.0,0.0,0.0
1961-10-28,161.0,17.0,0.0,0.0,0.0
1961-10-29,233.0,89.0,0.0,0.0,0.0
1961-10-30,278.0,133.0,0.0,0.0,0.0
1961-10-31,272.0,183.0,0.0,0.0,0.0
1961-11-01,233.0,100.0,0.0,0.0,0.0
1961-11-02,189.0,122.0,0.0,0.0,0.0
1961-11-03,233.0,161.0,0.0,0.0,0.0
1961-11-04,239.0,178.0,0.0,0.0,0.0
1961-11-05,239.0,150.0,0.0,0.0,0.0
1961-11-06,228.0,128.0,0.0,0.0,0.0
1961-11-07,178.0,106.0,20.0,0.0,0.0
1961-11-08,167.0,50.0,0.0,0.0,0.0
1961-11-09,94.0,11.0,0.0,0.0,0.0
1961-11-10,94.0,17.0,0.0,0.0,0.0
1961-11-11,122.0,0.0,0.0,0.0,0.0
1961-11-12,194.0,72.0,0.0,0.0,0.0
1961-11-13,200.0,128.0,0.0,0.0,0.0
1961-11-14,194.0,139.0,97.0,0.0,0.0
1961-11-15,167.0,139.0,0.0,0.0,0.0
1961-11-16,156.0,89.0,28.0,0.0,0.0
1961-11-17,172.0,111.0,0.0,0.0,0.0
1961-11-18,117.0,61.0,0.0,0.0,0.0
1961-11-19,72.0,33.0,122.0,0.0,0.0
1961-11-20,72.0,44.0,81.0,0.0,0.0
1961-11-21,89.0,28.0,0.0,0.0,0.0
1961-11-22,100.0,0.0,0.0,0.0,0.0
1961-11-23,133.0,6.0,89.0,0.0,0.0
1961-11-24,144.0,100.0,28.0,0.0,0.0
1961-11-25,128.0,61.0,0.0,0.0,0.0
1961-11-26,128.0,39.0,0.0,0.0,0.0
1961-11-27,156.0,67.0,0.0,0.0,0.0
1961-11-28,128.0,11.0,0.0,0.0,0.0
1961-11-29,72.0,-11.0,0.0,0.0,0.0
1961-11-30,100.0,11.0,0.0,0.0,0.0
1961-12-01,111.0,-11.0,0.0,,
1961-12-02,144.0,17.0,0.0,,
1961-12-03,117.0,17.0,0.0,,
1961-12-04,122.0,-6.0,0.0,,
1961-12-05,194.0,94.0,0.0,,
1961-12-06,111.0,17.0,0.0,,
1961-12-07,128.0,28.0,0.0,,
1961-12-08,100.0,-6.0,0.0,,
1961-12-09,28.0,-11.0,23.0,,
1961-12-10,72.0,-6.0,455.0,,
1961-12-11,72.0,33.0,102.0,,
1961-12-12,117.0,56.0,152.0,,
1961-12-13,128.0,22.0,30.0,,
1961-12-14,28.0,-17.0,0.0,,
1961-12-15,39.0,11.0,0.0,,
1961-12-16,17.0,-39.0,152.0,,
1961-12-17,61.0,0.0,137.0,,
1961-12-18,100.0,39.0,206.0,,
1961-12-19,61.0,33.0,8.0,,
1961-12-20,94.0,11.0,0.0,,
1961-12-21,67.0,17.0,0.0,,
1961-12-22,39.0,-39.0,0.0,,
1961-12-23,72.0,-39.0,140.0,,
1961-12-24,67.0,11.0,23.0,,
1961-12-25,39.0,-6.0,0.0,,
1961-12-26,83.0,-50.0,0.0,,
1961-12-27,128.0,11.0,0.0,,
1961-12-28,78.0,0.0,10.0,,
1961-12-29,11.0,-33.0,0.0,,
1961-12-30,28.0,-72.0,0.0,,
1961-12-31,44.0,-67.0,0.0,,
1962-01-01,33.0,0.0,64.0,0.0,51.0
1962-01-02,11.0,-33.0,0.0,0.0,0.0
1962-01-03,44.0,-117.0,0.0,0.0,0.0
1962-01-04,178.0,39.0,0.0,0.0,0.0
1962-01-05,128.0,28.0,0.0,0.0,0.0
1962-01-06,156.0,33.0,787.0,0.0,0.0
1962-01-07,156.0,67.0,0.0,0.0,0.0
1962-01-08,106.0,44.0,0.0,0.0,0.0
1962-01-09,89.0,-17.0,0.0,0.0,0.0
1962-01-10,17.0,-78.0,76.0,102.0,102.0
1962-01-11,-44.0,-106.0,0.0,76.0,0.0
1962-01-12,-33.0,-128.0,0.0,76.0,0.0
1962-01-13,6.0,-67.0,0.0,25.0,0.0
1962-01-14,44.0,-111.0,0.0,0.0,0.0
1962-01-15,144.0,17.0,145.0,0.0,0.0
1962-01-16,117.0,17.0,0.0,0.0,0.0
1962-01-17,61.0,-44.0,0.0,0.0,0.0
1962-01-18,33.0,-28.0,0.0,0.0,0.0
1962-01-19,17.0,-17.0,10.0,0.0,8.0
1962-01-20,44.0,-11.0,0.0,0.0,0.0
1962-01-21,50.0,-11.0,0.0,0.0,0.0
1962-01-22,128.0,33.0,18.0,0.0,0.0
1962-01-23,156.0,44.0,13.0,0.0,0.0
1962-01-24,61.0,-22.0,10.0,0.0,0.0
1962-01-25,150.0,44.0,0.0,0.0,0.0
1962-01-26,94.0,56.0,33.0,0.0,0.0
1962-01-27,150.0,56.0,30.0,0.0,0.0
1962-01-28,61.0,-44.0,91.0,102.0,102.0
1962-01-29,11.0,-89.0,0.0,51.0,0.0
1962-01-30,122.0,0.0,0.0,0.0,0.0
1962-01-31,100.0,-94.0,0.0,0.0,0.0
1962-02-01,17.0,-33.0,76.0,102.0,89.0
1962-02-02,17.0,-33.0,0.0,76.0,0.0
1962-02-03,50.0,-28.0,0.0,25.0,0.0
1962-02-04,128.0,-28.0,0.0,0.0,0.0
1962-02-05,183.0,-6.0,0.0,0.0,0.0
1962-02-06,156.0,-11.0,0.0,0.0,0.0
1962-02-07,-6.0,-89.0,0.0,0.0,0.0
1962-02-08,39.0,-56.0,0.0,0.0,0.0
1962-02-09,28.0,-39.0,163.0,0.0,0.0
1962-02-10,17.0,-28.0,0.0,0.0,0.0
1962-02-11,-22.0,-100.0,0.0,0.0,0.0
1962-02-12,-22.0,-61.0,18.0,25.0,13.0
1962-02-13,11.0,-83.0,0.0,0.0,0.0
1962-02-14,83.0,-6.0,56.0,0.0,0.0
1962-02-15,50.0,6.0,0.0,0.0,0.0
1962-02-16,33.0,-33.0,61.0,0.0,0.0
1962-02-17,89.0,-6.0,0.0,0.0,0.0
1962-02-18,72.0,-33.0,10.0,0.0,0.0
1962-02-19,67.0,17.0,213.0,0.0,0.0
1962-02-20,67.0,17.0,0.0,0.0,0.0
1962-02-21,61.0,-28.0,15.0,0.0,0.0
1962-02-22,128.0,22.0,13.0,0.0,0.0
1962-02-23,156.0,39.0,23.0,0.0,0.0
1962-02-24,156.0,39.0,0.0,0.0,0.0
1962-02-25,89.0,-28.0,0.0,0.0,0.0
1962-02-26,83.0,22.0,117.0,0.0,0.0
1962-02-27,94.0,44.0,79.0,0.0,0.0
1962-02-28,94.0,44.0,36.0,0.0,0.0
1962-03-01,67.0,0.0,0.0,0.0,0.0
1962-03-02,6.0,-72.0,0.0,0.0,0.0
1962-03-03,6.0,-56.0,0.0,0.0,0.0
1962-03-04,33.0,-61.0,0.0,0.0,0.0
1962-03-05,56.0,-17.0,406.0,0.0,0.0
1962-03-06,44.0,0.0,279.0,0.0,0.0
1962-03-07,39.0,0.0,0.0,0.0,0.0
1962-03-08,44.0,6.0,0.0,0.0,0.0
1962-03-09,56.0,-11.0,23.0,0.0,0.0
1962-03-10,56.0,22.0,0.0,0.0,0.0
1962-03-11,89.0,17.0,38.0,0.0,0.0
1962-03-12,156.0,50.0,279.0,0.0,0.0
1962-03-13,150.0,56.0,0.0,0.0,0.0
1962-03-14,122.0,11.0,0.0,0.0,0.0
1962-03-15,94.0,6.0,0.0,0.0,0.0
1962-03-16,89.0,17.0,0.0,0.0,0.0
1962-03-17,106.0,6.0,0.0,0.0,0.0
1962-03-18,106.0,17.0,0.0,0.0,0.0
1962-03-19,117.0,-28.0,13.0,0.0,0.0
1962-03-20,128.0,61.0,0.0,0.0,0.0
1962-03-21,128.0,61.0,279.0,0.0,0.0
1962-03-22,128.0,39.0,0.0,0.0,0.0
1962-03-23,106.0,6.0,0.0,0.0,0.0
1962-03-24,139.0,-6.0,0.0,0.0,0.0
1962-03-25,156.0,44.0,0.0,0.0,0.0
1962-03-26,133.0,44.0,0.0,0.0,0.0
1962-03-27,144.0,11.0,0.0,0.0,0.0
1962-03-28,144.0,39.0,0.0,0.0,0.0
1962-03-29,217.0,72.0,0.0,0.0,0.0
1962-03-30,239.0,111.0,0.0,0.0,0.0
1962-03-31,206.0,128.0,107.0,0.0,0.0
1962-04-01,206.0,128.0,142.0,0.0,0.0
1962-04-02,144.0,28.0,0.0,0.0,0.0
1962-04-03,100.0,11.0,0.0,0.0,0.0
1962-04-04,111.0,-28.0,0.0,0.0,0.0
1962-04-05,144.0,33.0,0.0,0.0,0.0
1962-04-06,178.0,78.0,0.0,0.0,0.0
1962-04-07,183.0,122.0,170.0,0.0,0.0
1962-04-08,,,,0.0,0.0
1962-04-09,250.0,83.0,23.0,0.0,0.0
1962-04-10,200.0,78.0,0.0,0.0,0.0
1962-04-11,150.0,83.0,175.0,0.0,0.0
1962-04-12,111.0,72.0,64.0,0.0,0.0
1962-04-13,167.0,78.0,58.0,0.0,0.0
1962-04-14,144.0,28.0,0.0,0.0,0.0
1962-04-15,144.0,11.0,0.0,0.0,0.0
1962-04-16,94.0,22.0,0.0,0.0,0.0
1962-04-17,106.0,22.0,0.0,0.0,0.0
1962-04-18,144.0,39.0,0.0,0.0,0.0
1962-04-19,156.0,33.0,10.0,0.0,0.0
1962-04-20,133.0,39.0,13.0,0.0,0.0
1962-04-21,172.0,61.0,0.0,0.0,0.0
1962-04-22,278.0,61.0,0.0,0.0,0.0
1962-04-23,278.0,172.0,0.0,0.0,0.0
1962-04-24,200.0,78.0,0.0,0.0,0.0
1962-04-25,278.0,100.0,0.0,0.0,0.0
1962-04-26,289.0,150.0,0.0,0.0,0.0
1962-04-27,267.0,161.0,0.0,0.0,0.0
1962-04-28,239.0,161.0,0.0,0.0,0.0
1962-04-29,250.0,178.0,97.0,0.0,0.0
1962-04-30,239.0,156.0,0.0,0.0,0.0
1962-05-01,233.0,150.0,0.0,0.0,0.0
1962-05-02,200.0,139.0,25.0,0.0,0.0
1962-05-03,206.0,122.0,0.0,0.0,0.0
1962-05-04,272.0,111.0,0.0,0.0,0.0
1962-05-05,244.0,122.0,0.0,0.0,0.0
1962-05-06,289.0,150.0,0.0,0.0,0.0
1962-05-07,261.0,144.0,0.0,0.0,0.0
1962-05-08,256.0,156.0,0.0,0.0,0.0
1962-05-09,194.0,106.0,99.0,0.0,0.0
1962-05-10,183.0,72.0,0.0,0.0,0.0
1962-05-11,183.0,139.0,10.0,0.0,0.0
1962-05-12,194.0,67.0,0.0,0.0,0.0
1962-05-13,189.0,106.0,38.0,0.0,0.0
1962-05-14,278.0,117.0,0.0,0.0,0.0
1962-05-15,300.0,189.0,0.0,0.0,0.0
1962-05-16,228.0,156.0,0.0,0.0,0.0
1962-05-17,194.0,144.0,0.0,0.0,0.0
1962-05-18,294.0,128.0,0.0,0.0,0.0
1962-05-19,328.0,194.0,0.0,0.0,0.0
1962-05-20,317.0,189.0,0.0,0.0,0.0
1962-05-21,306.0,194.0,0.0,0.0,0.0
1962-05-22,261.0,183.0,0.0,0.0,0.0
1962-05-23,244.0,156.0,0.0,0.0,0.0
1962-05-24,294.0,172.0,160.0,0.0,0.0
1962-05-25,294.0,172.0,0.0,0.0,0.0
1962-05-26,294.0,194.0,0.0,0.0,0.0
1962-05-27,278.0,150.0,183.0,0.0,0.0
1962-05-28,222.0,150.0,0.0,0.0,0.0
1962-05-29,228.0,167.0,25.0,0.0,0.0
1962-05-30,267.0,189.0,5.0,0.0,0.0
1962-05-31,283.0,206.0,23.0,0.0,0.0
1962-06-01,294.0,200.0,0.0,0.0,0.0
1962-06-02,311.0,200.0,0.0,0.0,0.0
1962-06-03,278.0,150.0,94.0,0.0,0.0
1962-06-04,206.0,150.0,0.0,0.0,0.0
1962-06-05,267.0,183.0,18.0,0.0,0.0
1962-06-06,261.0,194.0,0.0,0.0,0.0
1962-06-07,267.0,144.0,0.0,0.0,0.0
1962-06-08,272.0,133.0,0.0,0.0,0.0
1962-06-09,278.0,117.0,0.0,0.0,0.0
1962-06-10,294.0,183.0,0.0,0.0,0.0
1962-06-11,322.0,200.0,0.0,0.0,0.0
1962-06-12,283.0,200.0,145.0,0.0,0.0
1962-06-13,222.0,183.0,836.0,0.0,0.0
1962-06-14,228.0,161.0,0.0,0.0,0.0
1962-06-15,256.0,161.0,0.0,0.0,0.0
1962-06-16,294.0,161.0,0.0,0.0,0.0
1962-06-17,317.0,178.0,0.0,0.0,0.0
1962-06-18,317.0,200.0,0.0,0.0,0.0
1962-06-19,350.0,222.0,41.0,0.0,0.0
1962-06-20,322.0,211.0,107.0,0.0,0.0
1962-06-21,261.0,189.0,0.0,0.0,0.0
1962-06-22,272.0,172.0,0.0,0.0,0.0
1962-06-23,294.0,211.0,0.0,0.0,0.0
1962-06-24,278.0,222.0,84.0,0.0,0.0
1962-06-25,300.0,206.0,0.0,0.0,0.0
1962-06-26,294.0,211.0,0.0,0.0,0.0
1962-06-27,294.0,222.0,0.0,0.0,0.0
1962-06-28,267.0,189.0,0.0,0.0,0.0
1962-06-29,261.0,189.0,0.0,0.0,0.0
1962-06-30,256.0,200.0,74.0,0.0,0.0
1962-07-01,289.0,211.0,0.0,0.0,0.0
1962-07-02,283.0,189.0,0.0,0.0,0.0
1962-07-03,244.0,167.0,61.0,0.0,0.0
1962-07-04,228.0,178.0,0.0,0.0,0.0
1962-07-05,283.0,189.0,0.0,0.0,0.0
1962-07-06,283.0,167.0,0.0,0.0,0.0
1962-07-07,294.0,194.0,0.0,0.0,0.0
1962-07-08,311.0,211.0,0.0,0.0,0.0
1962-07-09,306.0,233.0,8.0,0.0,0.0
1962-07-10,300.0,194.0,0.0,0.0,0.0
1962-07-11,300.0,150.0,0.0,0.0,0.0
1962-07-12,311.0,200.0,422.0,0.0,0.0
1962-07-13,294.0,217.0,0.0,0.0,0.0
1962-07-14,289.0,200.0,58.0,0.0,0.0
1962-07-15,294.0,211.0,0.0,0.0,0.0
1962-07-16,261.0,200.0,58.0,0.0,0.0
1962-07-17,256.0,200.0,33.0,0.0,0.0
1962-07-18,267.0,167.0,48.0,0.0,0.0
1962-07-19,278.0,183.0,0.0,0.0,0.0
1962-07-20,306.0,189.0,0.0,0.0,0.0
1962-07-21,322.0,222.0,0.0,0.0,0.0
1962-07-22,300.0,206.0,0.0,0.0,0.0
1962-07-23,300.0,206.0,102.0,0.0,0.0
1962-07-24,300.0,183.0,0.0,0.0,0.0
1962-07-25,261.0,178.0,69.0,0.0,0.0
1962-07-26,283.0,206.0,0.0,0.0,0.0
1962-07-27,278.0,128.0,0.0,0.0,0.0
1962-07-28,267.0,128.0,0.0,0.0,0.0
1962-07-29,256.0,183.0,109.0,0.0,0.0
1962-07-30,256.0,183.0,0.0,0.0,0.0
1962-07-31,267.0,194.0,399.0,0.0,0.0
1962-08-01,289.0,194.0,0.0,0.0,0.0
1962-08-02,322.0,189.0,0.0,0.0,0.0
1962-08-03,289.0,178.0,0.0,0.0,0.0
1962-08-04,278.0,200.0,0.0,0.0,0.0
1962-08-05,289.0,211.0,0.0,0.0,0.0
1962-08-06,294.0,222.0,74.0,0.0,0.0
1962-08-07,311.0,222.0,0.0,0.0,0.0
1962-08-08,317.0,228.0,0.0,0.0,0.0
1962-08-09,306.0,194.0,544.0,0.0,0.0
1962-08-10,217.0,189.0,0.0,0.0,0.0
1962-08-11,228.0,172.0,0.0,0.0,0.0
1962-08-12,250.0,139.0,0.0,0.0,0.0
1962-08-13,261.0,139.0,0.0,0.0,0.0
1962-08-14,294.0,211.0,0.0,0.0,0.0
1962-08-15,267.0,211.0,0.0,0.0,0.0
1962-08-16,289.0,217.0,0.0,0.0,0.0
1962-08-17,300.0,211.0,8.0,0.0,0.0
1962-08-18,261.0,194.0,0.0,0.0,0.0
1962-08-19,278.0,133.0,0.0,0.0,0.0
1962-08-20,333.0,222.0,0.0,0.0,0.0
1962-08-21,328.0,256.0,218.0,0.0,0.0
1962-08-22,300.0,194.0,0.0,0.0,0.0
1962-08-23,272.0,200.0,0.0,0.0,0.0
1962-08-24,261.0,178.0,0.0,0.0,0.0
1962-08-25,267.0,172.0,0.0,0.0,0.0
1962-08-26,272.0,167.0,0.0,0.0,0.0
1962-08-27,278.0,217.0,71.0,0.0,0.0
1962-08-28,261.0,206.0,264.0,0.0,0.0
1962-08-29,283.0,178.0,0.0,0.0,0.0
1962-08-30,294.0,183.0,0.0,0.0,0.0
1962-08-31,317.0,194.0,0.0,0.0,0.0
1962-09-01,322.0,206.0,0.0,0.0,0.0
1962-09-02,306.0,222.0,457.0,0.0,0.0
1962-09-03,272.0,200.0,51.0,0.0,0.0
1962-09-04,244.0,200.0,0.0,0.0,0.0
1962-09-05,272.0,222.0,48.0,0.0,0.0
1962-09-06,244.0,150.0,0.0,0.0,0.0
1962-09-07,217.0,150.0,0.0,0.0,0.0
1962-09-08,239.0,106.0,0.0,0.0,0.0
1962-09-09,256.0,144.0,0.0,0.0,0.0
1962-09-10,278.0,206.0,0.0,0.0,0.0
1962-09-11,278.0,228.0,0.0,0.0,0.0
1962-09-12,272.0,139.0,0.0,0.0,0.0
1962-09-13,283.0,128.0,0.0,0.0,0.0
1962-09-14,311.0,189.0,0.0,0.0,0.0
1962-09-15,267.0,183.0,0.0,0.0,0.0
1962-09-16,261.0,167.0,0.0,0.0,0.0
1962-09-17,244.0,172.0,414.0,0.0,0.0
1962-09-18,233.0,167.0,0.0,0.0,0.0
1962-09-19,244.0,89.0,0.0,0.0,0.0
1962-09-20,211.0,128.0,23.0,0.0,0.0
1962-09-21,161.0,106.0,0.0,0.0,0.0
1962-09-22,206.0,50.0,0.0,0.0,0.0
1962-09-23,200.0,156.0,81.0,0.0,0.0
1962-09-24,194.0,133.0,0.0,0.0,0.0
1962-09-25,217.0,83.0,0.0,0.0,0.0
1962-09-26,206.0,161.0,15.0,0.0,0.0
1962-09-27,200.0,167.0,198.0,0.0,0.0
1962-09-28,222.0,111.0,0.0,0.0,0.0
1962-09-29,217.0,83.0,0.0,0.0,0.0
1962-09-30,222.0,89.0,0.0,0.0,0.0
1962-10-01,228.0,94.0,0.0,0.0,0.0
1962-10-02,222.0,111.0,0.0,0.0,0.0
1962-10-03,222.0,161.0,0.0,0.0,0.0
1962-10-04,239.0,194.0,211.0,0.0,0.0
1962-10-05,228.0,161.0,0.0,0.0,0.0
1962-10-06,233.0,139.0,0.0,0.0,0.0
1962-10-07,244.0,150.0,0.0,0.0,0.0
1962-10-08,239.0,139.0,91.0,0.0,0.0
1962-10-09,228.0,144.0,8.0,0.0,0.0
1962-10-10,228.0,156.0,0.0,0.0,0.0
1962-10-11,294.0,117.0,0.0,0.0,0.0
1962-10-12,300.0,156.0,0.0,0.0,0.0
1962-10-13,261.0,161.0,0.0,0.0,0.0
1962-10-14,217.0,83.0,0.0,0.0,0.0
1962-10-15,233.0,161.0,0.0,0.0,0.0
1962-10-16,239.0,172.0,0.0,0.0,0.0
1962-10-17,244.0,172.0,0.0,0.0,0.0
1962-10-18,200.0,144.0,0.0,0.0,0.0
1962-10-19,200.0,133.0,0.0,0.0,0.0
1962-10-20,200.0,128.0,0.0,0.0,0.0
1962-10-21,244.0,89.0,8.0,0.0,0.0
1962-10-22,200.0,122.0,0.0,0.0,0.0
1962-10-23,228.0,72.0,23.0,0.0,0.0
1962-10-24,150.0,56.0,0.0,0.0,0.0
1962-10-25,111.0,44.0,15.0,0.0,0.0
1962-10-26,94.0,0.0,0.0,0.0,0.0
1962-10-27,128.0,-17.0,0.0,0.0,0.0
1962-10-28,206.0,28.0,0.0,0.0,0.0
1962-10-29,167.0,117.0,0.0,0.0,0.0
1962-10-30,161.0,89.0,10.0,0.0,0.0
1962-10-31,167.0,89.0,10.0,0.0,0.0
1962-11-01,133.0,67.0,0.0,0.0,0.0
1962-11-02,156.0,33.0,0.0,0.0,0.0
1962-11-03,111.0,61.0,272.0,0.0,0.0
1962-11-04,100.0,22.0,0.0,0.0,0.0
1962-11-05,89.0,17.0,231.0,0.0,0.0
1962-11-06,83.0,11.0,0.0,0.0,0.0
1962-11-07,133.0,-33.0,0.0,0.0,0.0
1962-11-08,167.0,39.0,0.0,0.0,0.0
1962-11-09,144.0,83.0,384.0,0.0,0.0
1962-11-10,161.0,100.0,0.0,0.0,0.0
1962-11-11,167.0,111.0,0.0,0.0,0.0
1962-11-12,128.0,56.0,0.0,0.0,0.0
1962-11-13,106.0,6.0,0.0,0.0,0.0
1962-11-14,117.0,61.0,0.0,0.0,0.0
1962-11-15,117.0,11.0,0.0,0.0,0.0
1962-11-16,150.0,11.0,0.0,0.0,0.0
1962-11-17,189.0,61.0,0.0,0.0,0.0
1962-11-18,167.0,61.0,386.0,0.0,0.0
1962-11-19,72.0,28.0,0.0,0.0,0.0
1962-11-20,83.0,22.0,124.0,0.0,0.0
1962-11-21,122.0,44.0,71.0,0.0,0.0
1962-11-22,161.0,100.0,81.0,0.0,0.0
1962-11-23,117.0,22.0,0.0,0.0,0.0
1962-11-24,128.0,-6.0,0.0,0.0,0.0
1962-11-25,94.0,44.0,0.0,0.0,0.0
1962-11-26,78.0,33.0,0.0,0.0,0.0
1962-11-27,106.0,44.0,0.0,0.0,0.0
1962-11-28,106.0,67.0,0.0,0.0,0.0
1962-11-29,133.0,67.0,0.0,0.0,0.0
1962-11-30,117.0,61.0,0.0,0.0,0.0
1962-12-01,111.0,50.0,0.0,0.0,0.0
1962-12-02,117.0,78.0,0.0,0.0,0.0
1962-12-03,111.0,67.0,0.0,0.0,0.0
1962-12-04,106.0,56.0,0.0,0.0,0.0
1962-12-05,117.0,72.0,0.0,0.0,0.0
1962-12-06,100.0,11.0,130.0,0.0,0.0
1962-12-07,89.0,-6.0,0.0,0.0,0.0
1962-12-08,94.0,-6.0,0.0,0.0,0.0
1962-12-09,94.0,11.0,15.0,0.0,0.0
1962-12-10,22.0,-67.0,0.0,0.0,0.0
1962-12-11,11.0,-72.0,0.0,0.0,0.0
1962-12-12,-6.0,-78.0,0.0,0.0,0.0
1962-12-13,-28.0,-117.0,0.0,0.0,0.0
1962-12-14,-6.0,-61.0,0.0,0.0,0.0
1962-12-15,17.0,-111.0,0.0,0.0,0.0
1962-12-16,28.0,-22.0,0.0,0.0,0.0
1962-12-17,78.0,-67.0,0.0,0.0,0.0
1962-12-18,83.0,-44.0,0.0,0.0,0.0
1962-12-19,139.0,-33.0,0.0,0.0,0.0
1962-12-20,128.0,39.0,0.0,0.0,0.0
1962-12-21,44.0,-44.0,234.0,0.0,89.0
1962-12-22,17.0,-11.0,0.0,0.0,0.0
1962-12-23,106.0,-39.0,0.0,0.0,0.0
1962-12-24,83.0,-22.0,0.0,0.0,0.0
1962-12-25,6.0,-39.0,102.0,0.0,64.0
1962-12-26,28.0,-6.0,0.0,0.0,0.0
1962-12-27,17.0,-11.0,0.0,0.0,0.0
1962-12-28,33.0,-22.0,0.0,0.0,0.0
1962-12-29,28.0,-50.0,234.0,0.0,0.0
1962-12-30,33.0,-44.0,0.0,0.0,0.0
1962-12-31,-22.0,-100.0,0.0,0.0,0.0
1963-01-01,-6.0,-78.0,0.0,0.0,0.0
1963-01-02,17.0,-39.0,0.0,0.0,0.0
1963-01-03,17.0,-6.0,0.0,0.0,0.0
1963-01-04,28.0,-11.0,0.0,0.0,0.0
1963-01-05,33.0,-22.0,0.0,0.0,0.0
1963-01-06,33.0,-22.0,0.0,0.0,0.0
1963-01-07,44.0,-56.0,0.0,0.0,0.0
1963-01-08,44.0,-11.0,0.0,0.0,0.0
1963-01-09,106.0,6.0,0.0,0.0,0.0
1963-01-10,172.0,22.0,0.0,0.0,0.0
1963-01-11,183.0,33.0,0.0,0.0,0.0
1963-01-12,183.0,72.0,8.0,0.0,0.0
1963-01-13,89.0,22.0,89.0,0.0,0.0
1963-01-14,28.0,-39.0,0.0,0.0,0.0
1963-01-15,17.0,-83.0,0.0,0.0,0.0
1963-01-16,67.0,-78.0,0.0,0.0,0.0
1963-01-17,89.0,-44.0,0.0,0.0,0.0
1963-01-18,61.0,28.0,74.0,0.0,0.0
1963-01-19,50.0,28.0,0.0,0.0,0.0
1963-01-20,172.0,33.0,132.0,0.0,0.0
1963-01-21,161.0,-44.0,15.0,0.0,0.0
1963-01-22,44.0,-94.0,0.0,0.0,0.0
1963-01-23,128.0,0.0,0.0,0.0,0.0
1963-01-24,122.0,-122.0,18.0,0.0,0.0
1963-01-25,-17.0,-100.0,0.0,0.0,0.0
1963-01-26,11.0,-72.0,,0.0,0.0
1963-01-27,56.0,-11.0,,0.0,0.0
1963-01-28,-6.0,-94.0,0.0,0.0,0.0
1963-01-29,-22.0,-89.0,0.0,0.0,0.0
1963-01-30,17.0,-33.0,30.0,0.0,0.0
1963-01-31,17.0,-17.0,25.0,0.0,51.0
1963-02-01,0.0,-39.0,0.0,0.0,0.0
1963-02-02,56.0,-6.0,76.0,0.0,0.0
1963-02-03,44.0,-22.0,0.0,0.0,0.0
1963-02-04,-11.0,-67.0,0.0,0.0,0.0
1963-02-05,44.0,-28.0,0.0,0.0,0.0
1963-02-06,94.0,-11.0,0.0,0.0,0.0
1963-02-07,128.0,-22.0,0.0,0.0,0.0
1963-02-08,89.0,-61.0,0.0,0.0,0.0
1963-02-09,0.0,-67.0,0.0,0.0,0.0
1963-02-10,67.0,-39.0,0.0,0.0,0.0
1963-02-11,161.0,22.0,102.0,0.0,0.0
1963-02-12,139.0,-11.0,61.0,0.0,0.0
1963-02-13,22.0,-33.0,0.0,0.0,0.0
1963-02-14,94.0,-56.0,0.0,0.0,0.0
1963-02-15,78.0,-56.0,0.0,0.0,0.0
1963-02-16,-17.0,-106.0,0.0,0.0,0.0
1963-02-17,22.0,-94.0,0.0,0.0,0.0
1963-02-18,89.0,-67.0,0.0,0.0,0.0
1963-02-19,44.0,6.0,132.0,0.0,0.0
1963-02-20,139.0,6.0,0.0,0.0,0.0
1963-02-21,128.0,-39.0,0.0,0.0,0.0
1963-02-22,-28.0,-111.0,0.0,0.0,0.0
1963-02-23,-11.0,-106.0,0.0,0.0,0.0
1963-02-24,33.0,-28.0,107.0,0.0,0.0
1963-02-25,44.0,-50.0,0.0,0.0,0.0
1963-02-26,44.0,-72.0,20.0,0.0,33.0
1963-02-27,-11.0,-94.0,0.0,0.0,0.0
1963-02-28,83.0,-72.0,0.0,0.0,0.0
1963-03-01,67.0,-6.0,112.0,0.0,0.0
1963-03-02,94.0,0.0,0.0,0.0,0.0
1963-03-03,100.0,-44.0,0.0,0.0,0.0
1963-03-04,206.0,17.0,0.0,0.0,0.0
1963-03-05,183.0,44.0,91.0,0.0,0.0
1963-03-06,167.0,33.0,119.0,0.0,0.0
1963-03-07,156.0,17.0,0.0,0.0,0.0
1963-03-08,156.0,-28.0,0.0,0.0,0.0
1963-03-09,156.0,28.0,0.0,0.0,0.0
1963-03-10,150.0,44.0,0.0,0.0,0.0
1963-03-11,133.0,-6.0,216.0,0.0,0.0
1963-03-12,128.0,39.0,206.0,0.0,0.0
1963-03-13,250.0,72.0,0.0,0.0,0.0
1963-03-14,239.0,50.0,0.0,0.0,0.0
1963-03-15,78.0,22.0,0.0,0.0,0.0
1963-03-16,83.0,6.0,170.0,0.0,0.0
1963-03-17,233.0,72.0,371.0,0.0,0.0
1963-03-18,217.0,83.0,0.0,0.0,0.0
1963-03-19,156.0,28.0,368.0,0.0,0.0
1963-03-20,117.0,28.0,0.0,0.0,0.0
1963-03-21,117.0,17.0,0.0,0.0,0.0
1963-03-22,83.0,17.0,0.0,0.0,0.0
1963-03-23,117.0,0.0,0.0,0.0,0.0
1963-03-24,183.0,-11.0,0.0,0.0,0.0
1963-03-25,250.0,83.0,0.0,0.0,0.0
1963-03-26,200.0,100.0,61.0,0.0,0.0
1963-03-27,183.0,89.0,0.0,0.0,0.0
1963-03-28,244.0,50.0,0.0,0.0,0.0
1963-03-29,183.0,67.0,0.0,0.0,0.0
1963-03-30,272.0,78.0,0.0,0.0,0.0
1963-03-31,244.0,117.0,0.0,0.0,0.0
1963-04-01,139.0,83.0,0.0,0.0,0.0
1963-04-02,261.0,106.0,0.0,0.0,0.0
1963-04-03,278.0,150.0,0.0,0.0,0.0
1963-04-04,283.0,144.0,0.0,0.0,0.0
1963-04-05,144.0,67.0,0.0,0.0,0.0
1963-04-06,144.0,11.0,0.0,0.0,0.0
1963-04-07,156.0,83.0,0.0,0.0,0.0
1963-04-08,133.0,61.0,0.0,0.0,0.0
1963-04-09,189.0,83.0,20.0,0.0,0.0
1963-04-10,117.0,50.0,0.0,0.0,0.0
1963-04-11,150.0,33.0,0.0,0.0,0.0
1963-04-12,161.0,72.0,0.0,0.0,0.0
1963-04-13,167.0,61.0,0.0,0.0,0.0
1963-04-14,183.0,83.0,0.0,0.0,0.0
1963-04-15,161.0,72.0,0.0,0.0,0.0
1963-04-16,167.0,44.0,0.0,0.0,0.0
1963-04-17,200.0,111.0,8.0,0.0,0.0
1963-04-18,289.0,144.0,0.0,0.0,0.0
1963-04-19,278.0,128.0,0.0,0.0,0.0
1963-04-20,300.0,200.0,0.0,0.0,0.0
1963-04-21,294.0,78.0,0.0,0.0,0.0
1963-04-22,211.0,150.0,0.0,0.0,0.0
1963-04-23,172.0,100.0,8.0,0.0,0.0
1963-04-24,167.0,72.0,0.0,0.0,0.0
1963-04-25,150.0,72.0,0.0,0.0,0.0
1963-04-26,183.0,44.0,0.0,0.0,0.0
1963-04-27,183.0,56.0,0.0,0.0,0.0
1963-04-28,189.0,72.0,0.0,0.0,0.0
1963-04-29,178.0,89.0,43.0,0.0,0.0
1963-04-30,222.0,122.0,56.0,0.0,0.0
1963-05-01,222.0,28.0,8.0,0.0,0.0
1963-05-02,183.0,39.0,0.0,0.0,0.0
1963-05-03,228.0,28.0,0.0,0.0,0.0
1963-05-04,283.0,106.0,0.0,0.0,0.0
1963-05-05,261.0,117.0,0.0,0.0,0.0
1963-05-06,222.0,117.0,0.0,0.0,0.0
1963-05-07,222.0,67.0,0.0,0.0,0.0
1963-05-08,306.0,128.0,0.0,0.0,0.0
1963-05-09,350.0,183.0,0.0,0.0,0.0
1963-05-10,333.0,183.0,0.0,0.0,0.0
1963-05-11,283.0,139.0,0.0,0.0,0.0
1963-05-12,172.0,89.0,0.0,0.0,0.0
1963-05-13,178.0,28.0,0.0,0.0,0.0
1963-05-14,244.0,128.0,76.0,0.0,0.0
1963-05-15,239.0,150.0,0.0,0.0,0.0
1963-05-16,200.0,111.0,15.0,0.0,0.0
1963-05-17,211.0,100.0,483.0,0.0,0.0
1963-05-18,261.0,161.0,0.0,0.0,0.0
1963-05-19,272.0,139.0,0.0,0.0,0.0
1963-05-20,267.0,183.0,61.0,0.0,0.0
1963-05-21,222.0,144.0,33.0,0.0,0.0
1963-05-22,217.0,156.0,48.0,0.0,0.0
1963-05-23,200.0,117.0,0.0,0.0,0.0
1963-05-24,172.0,83.0,0.0,0.0,0.0
1963-05-25,178.0,100.0,0.0,0.0,0.0
1963-05-26,239.0,117.0,0.0,0.0,0.0
1963-05-27,244.0,139.0,0.0,0.0,0.0
1963-05-28,217.0,139.0,0.0,0.0,0.0
1963-05-29,244.0,144.0,132.0,0.0,0.0
1963-05-30,233.0,178.0,0.0,0.0,0.0
1963-05-31,244.0,133.0,0.0,0.0,0.0
1963-06-01,244.0,128.0,25.0,0.0,0.0
1963-06-02,211.0,161.0,381.0,0.0,0.0
1963-06-03,211.0,172.0,813.0,0.0,0.0
1963-06-04,256.0,178.0,0.0,0.0,0.0
1963-06-05,256.0,200.0,8.0,0.0,0.0
1963-06-06,283.0,194.0,0.0,0.0,0.0
1963-06-07,322.0,211.0,38.0,0.0,0.0
1963-06-08,267.0,183.0,97.0,0.0,0.0
1963-06-09,306.0,183.0,0.0,0.0,0.0
1963-06-10,350.0,233.0,0.0,0.0,0.0
1963-06-11,344.0,189.0,318.0,0.0,0.0
1963-06-12,294.0,194.0,0.0,0.0,0.0
1963-06-13,244.0,144.0,0.0,0.0,0.0
1963-06-14,261.0,161.0,48.0,0.0,0.0
1963-06-15,250.0,183.0,0.0,0.0,0.0
1963-06-16,256.0,156.0,0.0,0.0,0.0
1963-06-17,256.0,172.0,0.0,0.0,0.0
1963-06-18,267.0,156.0,0.0,0.0,0.0
1963-06-19,272.0,139.0,0.0,0.0,0.0
1963-06-20,294.0,200.0,51.0,0.0,0.0
1963-06-21,272.0,161.0,178.0,0.0,0.0
1963-06-22,244.0,133.0,0.0,0.0,0.0
1963-06-23,267.0,133.0,0.0,0.0,0.0
1963-06-24,294.0,139.0,0.0,0.0,0.0
1963-06-25,306.0,161.0,0.0,0.0,0.0
1963-06-26,317.0,189.0,0.0,0.0,0.0
1963-06-27,344.0,183.0,0.0,0.0,0.0
1963-06-28,350.0,211.0,0.0,0.0,0.0
1963-06-29,322.0,228.0,0.0,0.0,0.0
1963-06-30,322.0,222.0,0.0,0.0,0.0
1963-07-01,328.0,222.0,0.0,0.0,0.0
1963-07-02,322.0,211.0,28.0,0.0,0.0
1963-07-03,306.0,211.0,0.0,0.0,0.0
1963-07-04,289.0,183.0,0.0,0.0,0.0
1963-07-05,289.0,139.0,0.0,0.0,0.0
1963-07-06,294.0,167.0,0.0,0.0,0.0
1963-07-07,294.0,156.0,0.0,0.0,0.0
1963-07-08,311.0,189.0,0.0,0.0,0.0
1963-07-09,283.0,150.0,84.0,0.0,0.0
1963-07-10,261.0,150.0,0.0,0.0,0.0
1963-07-11,267.0,144.0,0.0,0.0,0.0
1963-07-12,283.0,161.0,0.0,0.0,0.0
1963-07-13,272.0,150.0,0.0,0.0,0.0
1963-07-14,244.0,178.0,69.0,0.0,0.0
1963-07-15,317.0,206.0,0.0,0.0,0.0
1963-07-16,317.0,194.0,0.0,0.0,0.0
1963-07-17,328.0,217.0,0.0,0.0,0.0
1963-07-18,350.0,239.0,0.0,0.0,0.0
1963-07-19,344.0,239.0,0.0,0.0,0.0
1963-07-20,344.0,244.0,0.0,0.0,0.0
1963-07-21,300.0,200.0,0.0,0.0,0.0
1963-07-22,289.0,211.0,0.0,0.0,0.0
1963-07-23,294.0,206.0,38.0,0.0,0.0
1963-07-24,283.0,172.0,0.0,0.0,0.0
1963-07-25,294.0,183.0,0.0,0.0,0.0
1963-07-26,317.0,206.0,0.0,0.0,0.0
1963-07-27,344.0,211.0,0.0,0.0,0.0
1963-07-28,322.0,244.0,0.0,0.0,0.0
1963-07-29,317.0,211.0,20.0,0.0,0.0
1963-07-30,306.0,233.0,0.0,0.0,0.0
1963-07-31,306.0,200.0,0.0,0.0,0.0
1963-08-01,322.0,217.0,0.0,0.0,0.0
1963-08-02,311.0,217.0,0.0,0.0,0.0
1963-08-03,350.0,200.0,0.0,0.0,0.0
1963-08-04,339.0,256.0,0.0,0.0,0.0
1963-08-05,339.0,222.0,0.0,0.0,0.0
1963-08-06,306.0,167.0,0.0,0.0,0.0
1963-08-07,294.0,183.0,0.0,0.0,0.0
1963-08-08,300.0,217.0,0.0,0.0,0.0
1963-08-09,322.0,183.0,0.0,0.0,0.0
1963-08-10,294.0,211.0,0.0,0.0,0.0
1963-08-11,294.0,178.0,0.0,0.0,0.0
1963-08-12,311.0,183.0,0.0,0.0,0.0
1963-08-13,322.0,228.0,0.0,0.0,0.0
1963-08-14,283.0,206.0,0.0,0.0,0.0
1963-08-15,256.0,172.0,0.0,0.0,0.0
1963-08-16,283.0,128.0,0.0,0.0,0.0
1963-08-17,294.0,144.0,0.0,0.0,0.0
1963-08-18,294.0,211.0,0.0,0.0,0.0
1963-08-19,267.0,206.0,0.0,0.0,0.0
1963-08-20,317.0,183.0,229.0,0.0,0.0
1963-08-21,283.0,200.0,0.0,0.0,0.0
1963-08-22,283.0,211.0,18.0,0.0,0.0
1963-08-23,311.0,211.0,38.0,0.0,0.0
1963-08-24,317.0,189.0,0.0,0.0,0.0
1963-08-25,283.0,172.0,0.0,0.0,0.0
1963-08-26,256.0,111.0,0.0,0.0,0.0
1963-08-27,267.0,150.0,0.0,0.0,0.0
1963-08-28,267.0,128.0,0.0,0.0,0.0
1963-08-29,300.0,189.0,0.0,0.0,0.0
1963-08-30,283.0,217.0,51.0,0.0,0.0
1963-08-31,294.0,189.0,10.0,0.0,0.0
1963-09-01,267.0,194.0,0.0,0.0,0.0
1963-09-02,278.0,133.0,0.0,0.0,0.0
1963-09-03,306.0,189.0,0.0,0.0,0.0
1963-09-04,278.0,217.0,5.0,0.0,0.0
1963-09-05,256.0,189.0,0.0,0.0,0.0
1963-09-06,211.0,161.0,0.0,0.0,0.0
1963-09-07,256.0,117.0,0.0,0.0,0.0
1963-09-08,267.0,117.0,0.0,0.0,0.0
1963-09-09,289.0,128.0,0.0,0.0,0.0
1963-09-10,294.0,178.0,0.0,0.0,0.0
1963-09-11,272.0,183.0,0.0,0.0,0.0
1963-09-12,328.0,206.0,0.0,0.0,0.0
1963-09-13,294.0,150.0,0.0,0.0,0.0
1963-09-14,183.0,133.0,20.0,0.0,0.0
1963-09-15,167.0,139.0,1029.0,0.0,0.0
1963-09-16,183.0,150.0,46.0,0.0,0.0
1963-09-17,183.0,150.0,0.0,0.0,0.0
1963-09-18,217.0,167.0,0.0,0.0,0.0
1963-09-19,267.0,161.0,0.0,0.0,0.0
1963-09-20,306.0,183.0,0.0,0.0,0.0
1963-09-21,244.0,167.0,0.0,0.0,0.0
1963-09-22,194.0,128.0,84.0,0.0,0.0
1963-09-23,167.0,122.0,0.0,0.0,0.0
1963-09-24,172.0,106.0,0.0,0.0,0.0
1963-09-25,194.0,33.0,0.0,0.0,0.0
1963-09-26,222.0,72.0,0.0,0.0,0.0
1963-09-27,256.0,106.0,0.0,0.0,0.0
1963-09-28,278.0,133.0,0.0,0.0,0.0
1963-09-29,233.0,150.0,234.0,0.0,0.0
1963-09-30,222.0,128.0,0.0,0.0,0.0
1963-10-01,222.0,78.0,0.0,0.0,0.0
1963-10-02,239.0,94.0,0.0,0.0,0.0
1963-10-03,278.0,128.0,69.0,0.0,0.0
1963-10-04,200.0,150.0,0.0,0.0,0.0
1963-10-05,178.0,128.0,0.0,0.0,0.0
1963-10-06,233.0,50.0,0.0,0.0,0.0
1963-10-07,267.0,94.0,0.0,0.0,0.0
1963-10-08,267.0,117.0,0.0,0.0,0.0
1963-10-09,211.0,139.0,0.0,0.0,0.0
1963-10-10,189.0,61.0,0.0,0.0,0.0
1963-10-11,222.0,72.0,0.0,0.0,0.0
1963-10-12,194.0,83.0,0.0,0.0,0.0
1963-10-13,178.0,111.0,0.0,0.0,0.0
1963-10-14,194.0,33.0,0.0,0.0,0.0
1963-10-15,217.0,72.0,0.0,0.0,0.0
1963-10-16,233.0,72.0,0.0,0.0,0.0
1963-10-17,239.0,56.0,0.0,0.0,0.0
1963-10-18,239.0,78.0,0.0,0.0,0.0
1963-10-19,222.0,128.0,0.0,0.0,0.0
1963-10-20,217.0,150.0,0.0,0.0,0.0
1963-10-21,233.0,161.0,0.0,0.0,0.0
1963-10-22,206.0,156.0,0.0,0.0,0.0
1963-10-23,183.0,139.0,0.0,0.0,0.0
1963-10-24,194.0,83.0,0.0,0.0,0.0
1963-10-25,200.0,111.0,18.0,0.0,0.0
1963-10-26,211.0,133.0,0.0,0.0,0.0
1963-10-27,239.0,117.0,0.0,0.0,0.0
1963-10-28,194.0,122.0,0.0,0.0,0.0
1963-10-29,156.0,94.0,13.0,0.0,0.0
1963-10-30,133.0,67.0,0.0,0.0,0.0
1963-10-31,183.0,28.0,0.0,0.0,0.0
1963-11-01,222.0,111.0,102.0,0.0,0.0
1963-11-02,172.0,61.0,76.0,0.0,0.0
1963-11-03,122.0,17.0,0.0,0.0,0.0
1963-11-04,144.0,-11.0,0.0,0.0,0.0
1963-11-05,156.0,61.0,0.0,0.0,0.0
1963-11-06,156.0,128.0,559.0,0.0,0.0
1963-11-07,156.0,128.0,,0.0,0.0
1963-11-08,156.0,106.0,,0.0,0.0
1963-11-09,172.0,100.0,0.0,0.0,0.0
1963-11-10,156.0,78.0,0.0,0.0,0.0
1963-11-11,183.0,72.0,0.0,0.0,0.0
1963-11-12,139.0,17.0,0.0,0.0,0.0
1963-11-13,111.0,17.0,0.0,0.0,0.0
1963-11-14,100.0,22.0,0.0,0.0,0.0
1963-11-15,111.0,17.0,0.0,0.0,0.0
1963-11-16,156.0,-11.0,0.0,0.0,0.0
1963-11-17,189.0,56.0,0.0,0.0,0.0
1963-11-18,233.0,89.0,0.0,0.0,0.0
1963-11-19,200.0,111.0,0.0,0.0,0.0
1963-11-20,122.0,28.0,0.0,0.0,0.0
1963-11-21,183.0,83.0,0.0,0.0,0.0
1963-11-22,211.0,61.0,0.0,0.0,0.0
1963-11-23,183.0,139.0,,0.0,0.0
1963-11-24,172.0,56.0,,0.0,0.0
1963-11-25,89.0,33.0,0.0,0.0,0.0
1963-11-26,106.0,-11.0,10.0,0.0,0.0
1963-11-27,211.0,67.0,0.0,0.0,0.0
1963-11-28,161.0,83.0,0.0,0.0,0.0
1963-11-29,167.0,111.0,,0.0,0.0
1963-11-30,156.0,17.0,,0.0,0.0
1963-12-01,78.0,-11.0,0.0,0.0,0.0
1963-12-02,89.0,-28.0,0.0,0.0,0.0
1963-12-03,83.0,39.0,46.0,0.0,0.0
1963-12-04,61.0,-11.0,0.0,0.0,0.0
1963-12-05,83.0,-28.0,0.0,0.0,0.0
1963-12-06,72.0,39.0,0.0,0.0,0.0
1963-12-07,100.0,-28.0,0.0,0.0,0.0
1963-12-08,133.0,39.0,147.0,0.0,0.0
1963-12-09,133.0,0.0,0.0,0.0,0.0
1963-12-10,83.0,-6.0,0.0,0.0,0.0
1963-12-11,56.0,11.0,0.0,0.0,0.0
1963-12-12,83.0,22.0,43.0,0.0,0.0
1963-12-13,67.0,17.0,0.0,0.0,0.0
1963-12-14,67.0,6.0,122.0,0.0,0.0
1963-12-15,22.0,-72.0,0.0,0.0,0.0
1963-12-16,-6.0,-67.0,0.0,0.0,0.0
1963-12-17,-6.0,-72.0,0.0,0.0,0.0
1963-12-18,11.0,-72.0,10.0,0.0,8.0
1963-12-19,-6.0,-78.0,0.0,0.0,0.0
1963-12-20,-11.0,-100.0,0.0,0.0,0.0
1963-12-21,-11.0,-100.0,0.0,0.0,0.0
1963-12-22,0.0,-78.0,0.0,0.0,0.0
1963-12-23,44.0,-89.0,185.0,0.0,0.0
1963-12-24,56.0,-22.0,0.0,0.0,0.0
1963-12-25,78.0,-28.0,0.0,0.0,0.0
1963-12-26,144.0,-39.0,0.0,0.0,0.0
1963-12-27,117.0,-11.0,0.0,0.0,0.0
1963-12-28,44.0,-28.0,0.0,0.0,0.0
1963-12-29,17.0,-11.0,0.0,0.0,0.0
1963-12-30,0.0,-50.0,0.0,0.0,0.0
1963-12-31,0.0,-50.0,0.0,0.0,0.0
1964-01-01,128.0,-6.0,137.0,0.0,0.0
1964-01-02,106.0,11.0,0.0,0.0,0.0
1964-01-03,183.0,44.0,0.0,0.0,0.0
1964-01-04,150.0,83.0,0.0,0.0,0.0
1964-01-05,122.0,17.0,0.0,0.0,0.0
1964-01-06,139.0,-11.0,0.0,0.0,0.0
1964-01-07,133.0,50.0,165.0,0.0,0.0
1964-01-08,61.0,17.0,0.0,0.0,0.0
1964-01-09,144.0,39.0,213.0,0.0,0.0
1964-01-10,122.0,17.0,0.0,0.0,0.0
1964-01-11,22.0,-33.0,0.0,0.0,0.0
1964-01-12,11.0,-39.0,13.0,0.0,8.0
1964-01-13,17.0,-61.0,114.0,102.0,102.0
1964-01-14,-44.0,-89.0,0.0,102.0,0.0
1964-01-15,-11.0,-78.0,0.0,76.0,0.0
1964-01-16,67.0,-83.0,0.0,51.0,0.0
1964-01-17,39.0,-22.0,0.0,25.0,0.0
1964-01-18,56.0,-78.0,0.0,25.0,0.0
1964-01-19,100.0,-33.0,0.0,0.0,0.0
1964-01-20,83.0,17.0,155.0,0.0,0.0
1964-01-21,156.0,50.0,0.0,0.0,0.0
1964-01-22,117.0,-6.0,0.0,0.0,0.0
1964-01-23,106.0,-22.0,0.0,0.0,0.0
1964-01-24,156.0,39.0,0.0,0.0,0.0
1964-01-25,200.0,78.0,147.0,0.0,0.0
1964-01-26,139.0,22.0,0.0,0.0,0.0
1964-01-27,122.0,-11.0,0.0,0.0,0.0
1964-01-28,100.0,6.0,0.0,0.0,0.0
1964-01-29,11.0,-39.0,0.0,0.0,0.0
1964-01-30,89.0,-33.0,0.0,0.0,0.0
1964-01-31,67.0,-39.0,81.0,0.0,0.0
1964-02-01,56.0,22.0,64.0,0.0,0.0
1964-02-02,78.0,22.0,0.0,0.0,0.0
1964-02-03,72.0,-11.0,0.0,0.0,0.0
1964-02-04,111.0,-39.0,0.0,0.0,0.0
1964-02-05,172.0,-17.0,0.0,0.0,0.0
1964-02-06,150.0,39.0,226.0,0.0,0.0
1964-02-07,133.0,56.0,0.0,0.0,0.0
1964-02-08,122.0,-6.0,112.0,0.0,0.0
1964-02-09,83.0,-39.0,0.0,0.0,0.0
1964-02-10,89.0,11.0,8.0,0.0,0.0
1964-02-11,44.0,-28.0,97.0,51.0,58.0
1964-02-12,17.0,-39.0,0.0,0.0,0.0
1964-02-13,61.0,-78.0,0.0,0.0,0.0
1964-02-14,72.0,28.0,0.0,0.0,0.0
1964-02-15,56.0,-50.0,203.0,0.0,0.0
1964-02-16,111.0,6.0,114.0,0.0,0.0
1964-02-17,56.0,-11.0,0.0,0.0,0.0
1964-02-18,56.0,0.0,246.0,0.0,0.0
1964-02-19,67.0,17.0,0.0,0.0,0.0
1964-02-20,61.0,0.0,0.0,0.0,0.0
1964-02-21,50.0,-22.0,0.0,0.0,0.0
1964-02-22,39.0,-28.0,0.0,0.0,0.0
1964-02-23,11.0,-44.0,0.0,0.0,0.0
1964-02-24,111.0,-28.0,0.0,0.0,0.0
1964-02-25,100.0,-11.0,69.0,0.0,0.0
1964-02-26,139.0,0.0,0.0,0.0,0.0
1964-02-27,128.0,6.0,0.0,0.0,0.0
1964-02-28,89.0,11.0,198.0,102.0,89.0
1964-02-29,78.0,-22.0,0.0,25.0,0.0
1964-03-01,106.0,-11.0,0.0,0.0,0.0
1964-03-02,150.0,44.0,0.0,0.0,0.0
1964-03-03,144.0,50.0,203.0,0.0,0.0
1964-03-04,78.0,56.0,0.0,0.0,0.0
1964-03-05,250.0,61.0,0.0,0.0,0.0
1964-03-06,211.0,44.0,0.0,0.0,0.0
1964-03-07,117.0,22.0,0.0,0.0,0.0
1964-03-08,156.0,44.0,0.0,0.0,0.0
1964-03-09,267.0,89.0,0.0,0.0,0.0
1964-03-10,256.0,39.0,0.0,0.0,0.0
1964-03-11,189.0,22.0,0.0,0.0,0.0
1964-03-12,117.0,28.0,0.0,0.0,0.0
1964-03-13,78.0,22.0,0.0,0.0,0.0
1964-03-14,139.0,44.0,20.0,0.0,0.0
1964-03-15,156.0,44.0,76.0,0.0,0.0
1964-03-16,144.0,22.0,0.0,0.0,0.0
1964-03-17,211.0,72.0,0.0,0.0,0.0
1964-03-18,183.0,-11.0,0.0,0.0,0.0
1964-03-19,89.0,-6.0,0.0,0.0,0.0
1964-03-20,72.0,6.0,0.0,0.0,0.0
1964-03-21,56.0,39.0,262.0,0.0,0.0
1964-03-22,78.0,6.0,0.0,0.0,0.0
1964-03-23,94.0,39.0,0.0,0.0,0.0
1964-03-24,144.0,33.0,0.0,0.0,0.0
1964-03-25,206.0,67.0,0.0,0.0,0.0
1964-03-26,250.0,128.0,10.0,0.0,0.0
1964-03-27,189.0,17.0,0.0,0.0,0.0
1964-03-28,117.0,39.0,0.0,0.0,0.0
1964-03-29,111.0,61.0,15.0,0.0,0.0
1964-03-30,72.0,-11.0,71.0,0.0,64.0
1964-03-31,56.0,-33.0,0.0,0.0,0.0
1964-04-01,56.0,6.0,13.0,0.0,0.0
1964-04-02,83.0,-28.0,28.0,0.0,0.0
1964-04-03,222.0,78.0,15.0,0.0,0.0
1964-04-04,211.0,6.0,0.0,0.0,0.0
1964-04-05,100.0,-17.0,0.0,0.0,0.0
1964-04-06,100.0,39.0,97.0,0.0,0.0
1964-04-07,172.0,72.0,122.0,0.0,0.0
1964-04-08,183.0,100.0,152.0,0.0,0.0
1964-04-09,128.0,22.0,0.0,0.0,0.0
1964-04-10,133.0,11.0,0.0,0.0,0.0
1964-04-11,156.0,28.0,0.0,0.0,0.0
1964-04-12,167.0,44.0,0.0,0.0,0.0
1964-04-13,183.0,100.0,0.0,0.0,0.0
1964-04-14,183.0,133.0,74.0,0.0,0.0
1964-04-15,172.0,122.0,86.0,0.0,0.0
1964-04-16,150.0,72.0,0.0,0.0,0.0
1964-04-17,283.0,100.0,0.0,0.0,0.0
1964-04-18,294.0,172.0,0.0,0.0,0.0
1964-04-19,272.0,133.0,86.0,0.0,0.0
1964-04-20,172.0,117.0,89.0,0.0,0.0
1964-04-21,144.0,56.0,0.0,0.0,0.0
1964-04-22,189.0,78.0,0.0,0.0,0.0
1964-04-23,183.0,94.0,0.0,0.0,0.0
1964-04-24,178.0,122.0,13.0,0.0,0.0
1964-04-25,172.0,83.0,0.0,0.0,0.0
1964-04-26,139.0,22.0,0.0,0.0,0.0
1964-04-27,167.0,56.0,0.0,0.0,0.0
1964-04-28,233.0,139.0,48.0,0.0,0.0
1964-04-29,211.0,111.0,25.0,0.0,0.0
1964-04-30,128.0,100.0,94.0,0.0,0.0
1964-05-01,122.0,89.0,0.0,0.0,0.0
1964-05-02,156.0,83.0,0.0,0.0,0.0
1964-05-03,156.0,83.0,13.0,0.0,0.0
1964-05-04,200.0,100.0,0.0,0.0,0.0
1964-05-05,206.0,61.0,0.0,0.0,0.0
1964-05-06,211.0,100.0,0.0,0.0,0.0
1964-05-07,228.0,67.0,0.0,0.0,0.0
1964-05-08,294.0,133.0,0.0,0.0,0.0
1964-05-09,322.0,211.0,0.0,0.0,0.0
1964-05-10,311.0,183.0,0.0,0.0,0.0
1964-05-11,261.0,128.0,0.0,0.0,0.0
1964-05-12,256.0,167.0,38.0,0.0,0.0
1964-05-13,222.0,172.0,28.0,0.0,0.0
1964-05-14,217.0,161.0,0.0,0.0,0.0
1964-05-15,194.0,106.0,0.0,0.0,0.0
1964-05-16,206.0,89.0,0.0,0.0,0.0
1964-05-17,272.0,133.0,18.0,0.0,0.0
1964-05-18,261.0,139.0,0.0,0.0,0.0
1964-05-19,300.0,156.0,0.0,0.0,0.0
1964-05-20,289.0,194.0,0.0,0.0,0.0
1964-05-21,250.0,133.0,0.0,0.0,0.0
1964-05-22,289.0,133.0,0.0,0.0,0.0
1964-05-23,311.0,189.0,0.0,0.0,0.0
1964-05-24,333.0,206.0,0.0,0.0,0.0
1964-05-25,311.0,189.0,15.0,0.0,0.0
1964-05-26,278.0,128.0,0.0,0.0,0.0
1964-05-27,322.0,183.0,0.0,0.0,0.0
1964-05-28,317.0,161.0,10.0,0.0,0.0
1964-05-29,206.0,122.0,43.0,0.0,0.0
1964-05-30,222.0,72.0,0.0,0.0,0.0
1964-05-31,211.0,144.0,0.0,0.0,0.0
1964-06-01,211.0,128.0,0.0,0.0,0.0
1964-06-02,183.0,150.0,191.0,0.0,0.0
1964-06-03,228.0,122.0,0.0,0.0,0.0
1964-06-04,261.0,89.0,0.0,0.0,0.0
1964-06-05,239.0,144.0,0.0,0.0,0.0
1964-06-06,256.0,150.0,0.0,0.0,0.0
1964-06-07,261.0,189.0,0.0,0.0,0.0
1964-06-08,261.0,128.0,0.0,0.0,0.0
1964-06-09,289.0,156.0,0.0,0.0,0.0
1964-06-10,350.0,211.0,0.0,0.0,0.0
1964-06-11,294.0,211.0,0.0,0.0,0.0
1964-06-12,261.0,122.0,0.0,0.0,0.0
1964-06-13,306.0,206.0,30.0,0.0,0.0
1964-06-14,339.0,211.0,0.0,0.0,0.0
1964-06-15,361.0,206.0,130.0,0.0,0.0
1964-06-16,339.0,200.0,0.0,0.0,0.0
1964-06-17,250.0,128.0,0.0,0.0,0.0
1964-06-18,267.0,117.0,0.0,0.0,0.0
1964-06-19,339.0,222.0,0.0,0.0,0.0
1964-06-20,350.0,211.0,531.0,0.0,0.0
1964-06-21,322.0,200.0,0.0,0.0,0.0
1964-06-22,322.0,206.0,0.0,0.0,0.0
1964-06-23,306.0,228.0,0.0,0.0,0.0
1964-06-24,333.0,211.0,704.0,0.0,0.0
1964-06-25,261.0,211.0,0.0,0.0,0.0
1964-06-26,278.0,156.0,0.0,0.0,0.0
1964-06-27,311.0,172.0,13.0,0.0,0.0
1964-06-28,294.0,222.0,0.0,0.0,0.0
1964-06-29,289.0,167.0,0.0,0.0,0.0
1964-06-30,344.0,194.0,0.0,0.0,0.0
1964-07-01,333.0,222.0,0.0,0.0,0.0
1964-07-02,311.0,222.0,0.0,0.0,0.0
1964-07-03,322.0,228.0,0.0,0.0,0.0
1964-07-04,306.0,233.0,23.0,0.0,0.0
1964-07-05,267.0,189.0,0.0,0.0,0.0
1964-07-06,283.0,178.0,0.0,0.0,0.0
1964-07-07,294.0,161.0,0.0,0.0,0.0
1964-07-08,278.0,189.0,140.0,0.0,0.0
1964-07-09,261.0,183.0,0.0,0.0,0.0
1964-07-10,278.0,194.0,0.0,0.0,0.0
1964-07-11,294.0,194.0,0.0,0.0,0.0
1964-07-12,283.0,206.0,91.0,0.0,0.0
1964-07-13,283.0,211.0,488.0,0.0,0.0
1964-07-14,294.0,211.0,0.0,0.0,0.0
1964-07-15,294.0,217.0,0.0,0.0,0.0
1964-07-16,300.0,200.0,241.0,0.0,0.0
1964-07-17,300.0,194.0,0.0,0.0,0.0
1964-07-18,283.0,222.0,124.0,0.0,0.0
1964-07-19,289.0,211.0,0.0,0.0,0.0
1964-07-20,289.0,222.0,0.0,0.0,0.0
1964-07-21,283.0,217.0,0.0,0.0,0.0
1964-07-22,267.0,228.0,0.0,0.0,0.0
1964-07-23,289.0,228.0,0.0,0.0,0.0
1964-07-24,278.0,228.0,13.0,0.0,0.0
1964-07-25,239.0,206.0,0.0,0.0,0.0
1964-07-26,256.0,183.0,0.0,0.0,0.0
1964-07-27,283.0,178.0,0.0,0.0,0.0
1964-07-28,278.0,228.0,170.0,0.0,0.0
1964-07-29,339.0,228.0,15.0,0.0,0.0
1964-07-30,278.0,206.0,0.0,0.0,0.0
1964-07-31,256.0,172.0,0.0,0.0,0.0
1964-08-01,256.0,150.0,0.0,0.0,0.0
1964-08-02,283.0,183.0,13.0,0.0,0.0
1964-08-03,272.0,200.0,239.0,0.0,0.0
1964-08-04,233.0,172.0,0.0,0.0,0.0
1964-08-05,250.0,161.0,0.0,0.0,0.0
1964-08-06,256.0,150.0,0.0,0.0,0.0
1964-08-07,272.0,150.0,0.0,0.0,0.0
1964-08-08,322.0,211.0,79.0,0.0,0.0
1964-08-09,256.0,200.0,0.0,0.0,0.0
1964-08-10,250.0,156.0,15.0,0.0,0.0
1964-08-11,283.0,211.0,0.0,0.0,0.0
1964-08-12,322.0,211.0,150.0,0.0,0.0
1964-08-13,261.0,178.0,0.0,0.0,0.0
1964-08-14,239.0,128.0,0.0,0.0,0.0
1964-08-15,239.0,122.0,0.0,0.0,0.0
1964-08-16,222.0,144.0,8.0,0.0,0.0
1964-08-17,250.0,161.0,0.0,0.0,0.0
1964-08-18,294.0,167.0,0.0,0.0,0.0
1964-08-19,272.0,183.0,0.0,0.0,0.0
1964-08-20,267.0,128.0,0.0,0.0,0.0
1964-08-21,311.0,183.0,0.0,0.0,0.0
1964-08-22,322.0,217.0,0.0,0.0,0.0
1964-08-23,339.0,239.0,0.0,0.0,0.0
1964-08-24,311.0,217.0,0.0,0.0,0.0
1964-08-25,300.0,206.0,0.0,0.0,0.0
1964-08-26,311.0,222.0,0.0,0.0,0.0
1964-08-27,267.0,206.0,0.0,0.0,0.0
1964-08-28,283.0,217.0,0.0,0.0,0.0
1964-08-29,267.0,200.0,0.0,0.0,0.0
1964-08-30,294.0,228.0,13.0,0.0,0.0
1964-08-31,294.0,217.0,373.0,0.0,0.0
1964-09-01,261.0,217.0,0.0,0.0,0.0
1964-09-02,256.0,200.0,0.0,0.0,0.0
1964-09-03,272.0,139.0,0.0,0.0,0.0
1964-09-04,311.0,156.0,0.0,0.0,0.0
1964-09-05,311.0,206.0,0.0,0.0,0.0
1964-09-06,283.0,194.0,0.0,0.0,0.0
1964-09-07,267.0,122.0,0.0,0.0,0.0
1964-09-08,261.0,189.0,0.0,0.0,0.0
1964-09-09,272.0,128.0,0.0,0.0,0.0
1964-09-10,294.0,172.0,0.0,0.0,0.0
1964-09-11,322.0,233.0,0.0,0.0,0.0
1964-09-12,283.0,172.0,30.0,0.0,0.0
1964-09-13,194.0,139.0,447.0,0.0,0.0
1964-09-14,217.0,133.0,0.0,0.0,0.0
1964-09-15,250.0,100.0,0.0,0.0,0.0
1964-09-16,239.0,117.0,0.0,0.0,0.0
1964-09-17,278.0,144.0,0.0,0.0,0.0
1964-09-18,278.0,167.0,0.0,0.0,0.0
1964-09-19,261.0,172.0,0.0,0.0,0.0
1964-09-20,222.0,183.0,25.0,0.0,0.0
1964-09-21,217.0,172.0,0.0,0.0,0.0
1964-09-22,211.0,167.0,0.0,0.0,0.0
1964-09-23,289.0,183.0,0.0,0.0,0.0
1964-09-24,272.0,194.0,0.0,0.0,0.0
1964-09-25,239.0,100.0,0.0,0.0,0.0
1964-09-26,233.0,72.0,0.0,0.0,0.0
1964-09-27,244.0,156.0,0.0,0.0,0.0
1964-09-28,222.0,150.0,84.0,0.0,0.0
1964-09-29,267.0,144.0,0.0,0.0,0.0
1964-09-30,239.0,167.0,36.0,0.0,0.0
1964-10-01,172.0,144.0,193.0,0.0,0.0
1964-10-02,250.0,161.0,18.0,0.0,0.0
1964-10-03,222.0,156.0,0.0,0.0,0.0
1964-10-04,194.0,111.0,345.0,0.0,0.0
1964-10-05,194.0,94.0,114.0,0.0,0.0
1964-10-06,156.0,100.0,0.0,0.0,0.0
1964-10-07,150.0,94.0,0.0,0.0,0.0
1964-10-08,167.0,100.0,0.0,0.0,0.0
1964-10-09,200.0,56.0,0.0,0.0,0.0
1964-10-10,172.0,89.0,0.0,0.0,0.0
1964-10-11,117.0,50.0,0.0,0.0,0.0
1964-10-12,167.0,-11.0,0.0,0.0,0.0
1964-10-13,217.0,39.0,0.0,0.0,0.0
1964-10-14,200.0,83.0,0.0,0.0,0.0
1964-10-15,183.0,56.0,0.0,0.0,0.0
1964-10-16,172.0,144.0,251.0,0.0,0.0
1964-10-17,183.0,156.0,216.0,0.0,0.0
1964-10-18,239.0,144.0,0.0,0.0,0.0
1964-10-19,194.0,94.0,0.0,0.0,0.0
1964-10-20,122.0,83.0,23.0,0.0,0.0
1964-10-21,161.0,22.0,0.0,0.0,0.0
1964-10-22,167.0,72.0,0.0,0.0,0.0
1964-10-23,144.0,83.0,0.0,0.0,0.0
1964-10-24,133.0,0.0,0.0,0.0,0.0
1964-10-25,172.0,11.0,0.0,0.0,0.0
1964-10-26,222.0,56.0,0.0,0.0,0.0
1964-10-27,233.0,72.0,0.0,0.0,0.0
1964-10-28,228.0,67.0,0.0,0.0,0.0
1964-10-29,233.0,117.0,0.0,0.0,0.0
1964-10-30,172.0,78.0,0.0,0.0,0.0
1964-10-31,150.0,28.0,0.0,0.0,0.0
1964-11-01,167.0,17.0,0.0,0.0,0.0
1964-11-02,167.0,17.0,0.0,0.0,0.0
1964-11-03,167.0,78.0,0.0,0.0,0.0
1964-11-04,172.0,33.0,0.0,0.0,0.0
1964-11-05,228.0,39.0,0.0,0.0,0.0
1964-11-06,172.0,100.0,0.0,0.0,0.0
1964-11-07,183.0,11.0,0.0,0.0,0.0
1964-11-08,183.0,33.0,0.0,0.0,0.0
1964-11-09,156.0,89.0,0.0,0.0,0.0
1964-11-10,183.0,28.0,0.0,0.0,0.0
1964-11-11,228.0,78.0,0.0,0.0,0.0
1964-11-12,239.0,117.0,0.0,0.0,0.0
1964-11-13,244.0,156.0,0.0,0.0,0.0
1964-11-14,211.0,67.0,0.0,0.0,0.0
1964-11-15,200.0,28.0,0.0,0.0,0.0
1964-11-16,250.0,94.0,5.0,0.0,0.0
1964-11-17,239.0,111.0,0.0,0.0,0.0
1964-11-18,144.0,67.0,0.0,0.0,0.0
1964-11-19,189.0,94.0,191.0,0.0,0.0
1964-11-20,200.0,78.0,51.0,0.0,0.0
1964-11-21,111.0,33.0,0.0,0.0,0.0
1964-11-22,72.0,-22.0,0.0,0.0,0.0
1964-11-23,106.0,-50.0,0.0,0.0,0.0
1964-11-24,128.0,-11.0,0.0,0.0,0.0
1964-11-25,156.0,100.0,,0.0,0.0
1964-11-26,189.0,94.0,,0.0,0.0
1964-11-27,144.0,111.0,0.0,0.0,0.0
1964-11-28,167.0,56.0,43.0,0.0,0.0
1964-11-29,156.0,94.0,0.0,0.0,0.0
1964-11-30,106.0,6.0,8.0,0.0,0.0
1964-12-01,11.0,-39.0,0.0,0.0,0.0
1964-12-02,72.0,-56.0,0.0,0.0,0.0
1964-12-03,167.0,50.0,20.0,0.0,0.0
1964-12-04,172.0,111.0,89.0,0.0,0.0
1964-12-05,167.0,94.0,198.0,0.0,0.0
1964-12-06,100.0,28.0,0.0,0.0,0.0
1964-12-07,33.0,-11.0,0.0,0.0,0.0
1964-12-08,72.0,-56.0,0.0,0.0,0.0
1964-12-09,72.0,17.0,0.0,0.0,0.0
1964-12-10,61.0,-22.0,0.0,0.0,0.0
1964-12-11,156.0,6.0,0.0,0.0,0.0
1964-12-12,189.0,117.0,51.0,0.0,0.0
1964-12-13,133.0,83.0,8.0,0.0,0.0
1964-12-14,106.0,22.0,0.0,0.0,0.0
1964-12-15,89.0,-6.0,0.0,0.0,0.0
1964-12-16,61.0,-67.0,0.0,0.0,0.0
1964-12-17,122.0,33.0,0.0,0.0,0.0
1964-12-18,144.0,-22.0,33.0,0.0,0.0
1964-12-19,17.0,-44.0,0.0,0.0,0.0
1964-12-20,61.0,-17.0,109.0,0.0,0.0
1964-12-21,39.0,0.0,0.0,0.0,0.0
1964-12-22,44.0,11.0,0.0,0.0,0.0
1964-12-23,61.0,-28.0,0.0,0.0,0.0
1964-12-24,133.0,61.0,0.0,0.0,0.0
1964-12-25,228.0,100.0,0.0,0.0,0.0
1964-12-26,200.0,128.0,58.0,0.0,0.0
1964-12-27,167.0,117.0,150.0,0.0,0.0
1964-12-28,133.0,44.0,0.0,0.0,0.0
1964-12-29,67.0,33.0,0.0,0.0,0.0
1964-12-30,139.0,56.0,0.0,0.0,0.0
1964-12-31,,,0.0,0.0,0.0
1965-01-01,78.0,11.0,5.0,0.0,0.0
1965-01-02,139.0,17.0,20.0,0.0,0.0
1965-01-03,150.0,28.0,0.0,0.0,0.0
1965-01-04,72.0,0.0,0.0,0.0,0.0
1965-01-05,139.0,-50.0,0.0,0.0,0.0
1965-01-06,72.0,-17.0,0.0,0.0,0.0
1965-01-07,83.0,-50.0,0.0,0.0,0.0
1965-01-08,189.0,50.0,102.0,0.0,0.0
1965-01-09,217.0,111.0,18.0,0.0,0.0
1965-01-10,144.0,17.0,137.0,0.0,0.0
1965-01-11,33.0,0.0,0.0,0.0,0.0
1965-01-12,78.0,-39.0,0.0,0.0,0.0
1965-01-13,78.0,-39.0,0.0,0.0,0.0
1965-01-14,78.0,-11.0,0.0,0.0,0.0
1965-01-15,6.0,-56.0,8.0,25.0,25.0
1965-01-16,6.0,-56.0,23.0,127.0,102.0
1965-01-17,-44.0,-78.0,0.0,127.0,0.0
1965-01-18,17.0,-161.0,0.0,127.0,0.0
1965-01-19,0.0,-106.0,0.0,102.0,0.0
1965-01-20,83.0,-61.0,0.0,76.0,0.0
1965-01-21,56.0,-50.0,0.0,51.0,0.0
1965-01-22,172.0,-11.0,0.0,25.0,0.0
1965-01-23,172.0,22.0,0.0,0.0,0.0
1965-01-24,67.0,28.0,66.0,0.0,0.0
1965-01-25,78.0,0.0,0.0,0.0,0.0
1965-01-26,156.0,-17.0,0.0,0.0,0.0
1965-01-27,156.0,39.0,0.0,0.0,0.0
1965-01-28,100.0,-67.0,0.0,0.0,0.0
1965-01-29,89.0,-6.0,0.0,0.0,0.0
1965-01-30,0.0,-78.0,46.0,51.0,51.0
1965-01-31,-39.0,-72.0,0.0,51.0,0.0
1965-02-01,22.0,-144.0,0.0,0.0,0.0
1965-02-02,33.0,-39.0,0.0,0.0,0.0
1965-02-03,11.0,-117.0,0.0,0.0,0.0
1965-02-04,11.0,-139.0,0.0,0.0,0.0
1965-02-05,11.0,-78.0,0.0,0.0,0.0
1965-02-06,133.0,6.0,0.0,0.0,0.0
1965-02-07,106.0,44.0,216.0,0.0,0.0
1965-02-08,194.0,72.0,0.0,0.0,0.0
1965-02-09,156.0,56.0,5.0,0.0,0.0
1965-02-10,100.0,44.0,18.0,0.0,0.0
1965-02-11,139.0,78.0,5.0,0.0,0.0
1965-02-12,200.0,61.0,13.0,0.0,0.0
1965-02-13,183.0,33.0,0.0,0.0,0.0
1965-02-14,39.0,-6.0,56.0,76.0,64.0
1965-02-15,39.0,-22.0,0.0,51.0,0.0
1965-02-16,50.0,-61.0,0.0,25.0,0.0
1965-02-17,50.0,11.0,0.0,0.0,0.0
1965-02-18,117.0,6.0,0.0,0.0,0.0
1965-02-19,72.0,0.0,0.0,0.0,0.0
1965-02-20,11.0,-72.0,0.0,0.0,0.0
1965-02-21,133.0,-28.0,0.0,0.0,0.0
1965-02-22,106.0,-33.0,0.0,0.0,0.0
1965-02-23,33.0,-33.0,0.0,0.0,0.0
1965-02-24,72.0,-22.0,25.0,0.0,0.0
1965-02-25,167.0,33.0,56.0,0.0,0.0
1965-02-26,39.0,-22.0,0.0,0.0,0.0
1965-02-27,67.0,-78.0,0.0,0.0,0.0
1965-02-28,183.0,17.0,0.0,0.0,0.0
1965-03-01,139.0,22.0,0.0,0.0,0.0
1965-03-02,72.0,-28.0,0.0,0.0,0.0
1965-03-03,94.0,28.0,0.0,0.0,0.0
1965-03-04,100.0,28.0,0.0,0.0,0.0
1965-03-05,100.0,61.0,348.0,0.0,0.0
1965-03-06,78.0,-28.0,0.0,0.0,0.0
1965-03-07,111.0,-6.0,0.0,0.0,0.0
1965-03-08,100.0,-11.0,0.0,0.0,0.0
1965-03-09,106.0,44.0,0.0,0.0,0.0
1965-03-10,78.0,28.0,0.0,0.0,0.0
1965-03-11,67.0,6.0,0.0,0.0,0.0
1965-03-12,67.0,6.0,0.0,0.0,0.0
1965-03-13,56.0,-39.0,0.0,0.0,0.0
1965-03-14,100.0,-33.0,0.0,0.0,0.0
1965-03-15,106.0,22.0,0.0,0.0,0.0
1965-03-16,172.0,-28.0,0.0,0.0,0.0
1965-03-17,156.0,17.0,249.0,0.0,0.0
1965-03-18,83.0,28.0,0.0,0.0,0.0
1965-03-19,100.0,44.0,0.0,0.0,0.0
1965-03-20,83.0,-17.0,46.0,51.0,38.0
1965-03-21,50.0,-44.0,0.0,0.0,0.0
1965-03-22,117.0,-17.0,0.0,0.0,0.0
1965-03-23,194.0,50.0,25.0,0.0,0.0
1965-03-24,156.0,61.0,0.0,0.0,0.0
1965-03-25,83.0,44.0,147.0,0.0,0.0
1965-03-26,94.0,44.0,127.0,0.0,0.0
1965-03-27,89.0,44.0,0.0,0.0,0.0
1965-03-28,100.0,-17.0,0.0,0.0,0.0
1965-03-29,211.0,61.0,0.0,0.0,0.0
1965-03-30,200.0,61.0,0.0,0.0,0.0
1965-03-31,83.0,11.0,0.0,0.0,0.0
1965-04-01,78.0,-11.0,0.0,0.0,0.0
1965-04-02,100.0,39.0,0.0,0.0,0.0
1965-04-03,111.0,11.0,0.0,0.0,0.0
1965-04-04,117.0,-11.0,0.0,0.0,0.0
1965-04-05,139.0,-22.0,0.0,0.0,0.0
1965-04-06,133.0,72.0,122.0,0.0,0.0
1965-04-07,89.0,67.0,160.0,0.0,0.0
1965-04-08,211.0,72.0,0.0,0.0,0.0
1965-04-09,206.0,89.0,173.0,0.0,0.0
1965-04-10,133.0,61.0,0.0,0.0,0.0
1965-04-11,128.0,56.0,0.0,0.0,0.0
1965-04-12,289.0,100.0,0.0,0.0,0.0
1965-04-13,278.0,117.0,0.0,0.0,0.0
1965-04-14,133.0,61.0,0.0,0.0,0.0
1965-04-15,128.0,50.0,33.0,0.0,0.0
1965-04-16,194.0,111.0,0.0,0.0,0.0
1965-04-17,172.0,50.0,0.0,0.0,0.0
1965-04-18,161.0,89.0,0.0,0.0,0.0
1965-04-19,144.0,72.0,15.0,0.0,0.0
1965-04-20,117.0,67.0,0.0,0.0,0.0
1965-04-21,183.0,33.0,0.0,0.0,0.0
1965-04-22,233.0,106.0,0.0,0.0,0.0
1965-04-23,211.0,100.0,0.0,0.0,0.0
1965-04-24,161.0,78.0,46.0,0.0,0.0
1965-04-25,83.0,50.0,0.0,0.0,0.0
1965-04-26,239.0,72.0,0.0,0.0,0.0
1965-04-27,239.0,111.0,170.0,0.0,0.0
1965-04-28,139.0,100.0,0.0,0.0,0.0
1965-04-29,172.0,72.0,0.0,0.0,0.0
1965-04-30,256.0,78.0,0.0,0.0,0.0
1965-05-01,233.0,56.0,5.0,0.0,0.0
1965-05-02,244.0,117.0,0.0,0.0,0.0
1965-05-03,289.0,117.0,0.0,0.0,0.0
1965-05-04,294.0,178.0,0.0,0.0,0.0
1965-05-05,278.0,161.0,0.0,0.0,0.0
1965-05-06,211.0,122.0,0.0,0.0,0.0
1965-05-07,194.0,128.0,18.0,0.0,0.0
1965-05-08,167.0,122.0,0.0,0.0,0.0
1965-05-09,217.0,133.0,0.0,0.0,0.0
1965-05-10,306.0,150.0,0.0,0.0,0.0
1965-05-11,289.0,206.0,0.0,0.0,0.0
1965-05-12,267.0,172.0,0.0,0.0,0.0
1965-05-13,267.0,150.0,0.0,0.0,0.0
1965-05-14,239.0,139.0,0.0,0.0,0.0
1965-05-15,222.0,89.0,0.0,0.0,0.0
1965-05-16,256.0,144.0,0.0,0.0,0.0
1965-05-17,306.0,211.0,0.0,0.0,0.0
1965-05-18,261.0,167.0,0.0,0.0,0.0
1965-05-19,267.0,117.0,0.0,0.0,0.0
1965-05-20,250.0,167.0,0.0,0.0,0.0
1965-05-21,239.0,156.0,0.0,0.0,0.0
1965-05-22,256.0,156.0,0.0,0.0,0.0
1965-05-23,283.0,189.0,0.0,0.0,0.0
1965-05-24,278.0,183.0,0.0,0.0,0.0
1965-05-25,267.0,161.0,0.0,0.0,0.0
1965-05-26,306.0,183.0,0.0,0.0,0.0
1965-05-27,350.0,211.0,13.0,0.0,0.0
1965-05-28,283.0,200.0,0.0,0.0,0.0
1965-05-29,261.0,150.0,91.0,0.0,0.0
1965-05-30,211.0,144.0,0.0,0.0,0.0
1965-05-31,233.0,106.0,0.0,0.0,0.0
1965-06-01,294.0,172.0,0.0,0.0,0.0
1965-06-02,328.0,206.0,0.0,0.0,0.0
1965-06-03,306.0,156.0,310.0,0.0,0.0
1965-06-04,211.0,111.0,0.0,0.0,0.0
1965-06-05,222.0,106.0,0.0,0.0,0.0
1965-06-06,256.0,133.0,0.0,0.0,0.0
1965-06-07,283.0,194.0,0.0,0.0,0.0
1965-06-08,322.0,217.0,5.0,0.0,0.0
1965-06-09,267.0,217.0,28.0,0.0,0.0
1965-06-10,311.0,211.0,338.0,0.0,0.0
1965-06-11,294.0,194.0,0.0,0.0,0.0
1965-06-12,267.0,211.0,0.0,0.0,0.0
1965-06-13,267.0,211.0,0.0,0.0,0.0
1965-06-14,261.0,139.0,0.0,0.0,0.0
1965-06-15,217.0,144.0,386.0,0.0,0.0
1965-06-16,156.0,128.0,272.0,0.0,0.0
1965-06-17,172.0,139.0,13.0,0.0,0.0
1965-06-18,206.0,128.0,0.0,0.0,0.0
1965-06-19,261.0,117.0,86.0,0.0,0.0
1965-06-20,283.0,150.0,0.0,0.0,0.0
1965-06-21,289.0,178.0,0.0,0.0,0.0
1965-06-22,311.0,206.0,0.0,0.0,0.0
1965-06-23,317.0,211.0,0.0,0.0,0.0
1965-06-24,317.0,217.0,13.0,0.0,0.0
1965-06-25,239.0,189.0,0.0,0.0,0.0
1965-06-26,244.0,172.0,0.0,0.0,0.0
1965-06-27,244.0,178.0,0.0,0.0,0.0
1965-06-28,294.0,183.0,0.0,0.0,0.0
1965-06-29,339.0,222.0,132.0,0.0,0.0
1965-06-30,311.0,211.0,79.0,0.0,0.0
1965-07-01,261.0,194.0,0.0,0.0,0.0
1965-07-02,250.0,122.0,0.0,0.0,0.0
1965-07-03,294.0,200.0,249.0,0.0,0.0
1965-07-04,289.0,183.0,0.0,0.0,0.0
1965-07-05,278.0,211.0,356.0,0.0,0.0
1965-07-06,283.0,194.0,0.0,0.0,0.0
1965-07-07,278.0,206.0,23.0,0.0,0.0
1965-07-08,283.0,206.0,0.0,0.0,0.0
1965-07-09,294.0,211.0,0.0,0.0,0.0
1965-07-10,322.0,239.0,0.0,0.0,0.0
1965-07-11,306.0,222.0,323.0,0.0,0.0
1965-07-12,256.0,206.0,64.0,0.0,0.0
1965-07-13,278.0,206.0,0.0,0.0,0.0
1965-07-14,306.0,211.0,0.0,0.0,0.0
1965-07-15,317.0,217.0,163.0,0.0,0.0
1965-07-16,294.0,194.0,0.0,0.0,0.0
1965-07-17,289.0,206.0,0.0,0.0,0.0
1965-07-18,311.0,233.0,0.0,0.0,0.0
1965-07-19,306.0,194.0,58.0,0.0,0.0
1965-07-20,267.0,183.0,0.0,0.0,0.0
1965-07-21,267.0,150.0,0.0,0.0,0.0
1965-07-22,256.0,139.0,0.0,0.0,0.0
1965-07-23,283.0,183.0,0.0,0.0,0.0
1965-07-24,328.0,228.0,0.0,0.0,0.0
1965-07-25,344.0,250.0,363.0,0.0,0.0
1965-07-26,289.0,222.0,0.0,0.0,0.0
1965-07-27,283.0,206.0,175.0,0.0,0.0
1965-07-28,289.0,211.0,0.0,0.0,0.0
1965-07-29,267.0,194.0,0.0,0.0,0.0
1965-07-30,261.0,183.0,0.0,0.0,0.0
1965-07-31,267.0,200.0,0.0,0.0,0.0
1965-08-01,261.0,211.0,20.0,0.0,0.0
1965-08-02,283.0,206.0,0.0,0.0,0.0
1965-08-03,283.0,156.0,0.0,0.0,0.0
1965-08-04,278.0,156.0,0.0,0.0,0.0
1965-08-05,267.0,200.0,0.0,0.0,0.0
1965-08-06,294.0,183.0,0.0,0.0,0.0
1965-08-07,311.0,211.0,0.0,0.0,0.0
1965-08-08,294.0,228.0,0.0,0.0,0.0
1965-08-09,294.0,228.0,0.0,0.0,0.0
1965-08-10,317.0,228.0,0.0,0.0,0.0
1965-08-11,306.0,200.0,0.0,0.0,0.0
1965-08-12,289.0,150.0,0.0,0.0,0.0
1965-08-13,322.0,211.0,0.0,0.0,0.0
1965-08-14,294.0,228.0,0.0,0.0,0.0
1965-08-15,306.0,189.0,0.0,0.0,0.0
1965-08-16,300.0,183.0,0.0,0.0,0.0
1965-08-17,300.0,194.0,0.0,0.0,0.0
1965-08-18,300.0,217.0,0.0,0.0,0.0
1965-08-19,328.0,222.0,0.0,0.0,0.0
1965-08-20,294.0,228.0,0.0,0.0,0.0
1965-08-21,289.0,178.0,0.0,0.0,0.0
1965-08-22,306.0,217.0,94.0,0.0,0.0
1965-08-23,289.0,211.0,0.0,0.0,0.0
1965-08-24,267.0,222.0,0.0,0.0,0.0
1965-08-25,278.0,189.0,0.0,0.0,0.0
1965-08-26,322.0,228.0,114.0,0.0,0.0
1965-08-27,322.0,194.0,0.0,0.0,0.0
1965-08-28,322.0,239.0,0.0,0.0,0.0
1965-08-29,272.0,128.0,0.0,0.0,0.0
1965-08-30,228.0,100.0,0.0,0.0,0.0
1965-08-31,256.0,100.0,0.0,0.0,0.0
1965-09-01,289.0,211.0,0.0,0.0,0.0
1965-09-02,256.0,183.0,160.0,0.0,0.0
1965-09-03,250.0,128.0,0.0,0.0,0.0
1965-09-04,261.0,183.0,0.0,0.0,0.0
1965-09-05,256.0,183.0,0.0,0.0,0.0
1965-09-06,244.0,183.0,0.0,0.0,0.0
1965-09-07,272.0,100.0,0.0,0.0,0.0
1965-09-08,300.0,139.0,0.0,0.0,0.0
1965-09-09,317.0,172.0,0.0,0.0,0.0
1965-09-10,333.0,161.0,0.0,0.0,0.0
1965-09-11,322.0,206.0,15.0,0.0,0.0
1965-09-12,244.0,206.0,5.0,0.0,0.0
1965-09-13,300.0,200.0,69.0,0.0,0.0
1965-09-14,261.0,206.0,3.0,0.0,0.0
1965-09-15,306.0,206.0,0.0,0.0,0.0
1965-09-16,294.0,217.0,8.0,0.0,0.0
1965-09-17,267.0,200.0,0.0,0.0,0.0
1965-09-18,311.0,183.0,0.0,0.0,0.0
1965-09-19,322.0,200.0,0.0,0.0,0.0
1965-09-20,322.0,200.0,0.0,0.0,0.0
1965-09-21,322.0,222.0,0.0,0.0,0.0
1965-09-22,306.0,217.0,0.0,0.0,0.0
1965-09-23,300.0,144.0,0.0,0.0,0.0
1965-09-24,300.0,211.0,117.0,0.0,0.0
1965-09-25,256.0,161.0,0.0,0.0,0.0
1965-09-26,222.0,78.0,0.0,0.0,0.0
1965-09-27,211.0,111.0,0.0,0.0,0.0
1965-09-28,233.0,150.0,0.0,0.0,0.0
1965-09-29,222.0,161.0,0.0,0.0,0.0
1965-09-30,217.0,100.0,0.0,0.0,0.0
1965-10-01,250.0,194.0,23.0,0.0,0.0
1965-10-02,239.0,144.0,0.0,0.0,0.0
1965-10-03,256.0,72.0,0.0,0.0,0.0
1965-10-04,217.0,100.0,0.0,0.0,0.0
1965-10-05,139.0,61.0,0.0,0.0,0.0
1965-10-06,200.0,0.0,0.0,0.0,0.0
1965-10-07,200.0,100.0,132.0,0.0,0.0
1965-10-08,244.0,133.0,0.0,0.0,0.0
1965-10-09,239.0,106.0,0.0,0.0,0.0
1965-10-10,217.0,61.0,0.0,0.0,0.0
1965-10-11,211.0,67.0,0.0,0.0,0.0
1965-10-12,194.0,133.0,0.0,0.0,0.0
1965-10-13,183.0,72.0,0.0,0.0,0.0
1965-10-14,211.0,89.0,36.0,0.0,0.0
1965-10-15,244.0,161.0,0.0,0.0,0.0
1965-10-16,239.0,144.0,0.0,0.0,0.0
1965-10-17,194.0,122.0,0.0,0.0,0.0
1965-10-18,189.0,117.0,0.0,0.0,0.0
1965-10-19,217.0,139.0,0.0,0.0,0.0
1965-10-20,228.0,100.0,0.0,0.0,0.0
1965-10-21,200.0,156.0,89.0,0.0,0.0
1965-10-22,189.0,172.0,23.0,0.0,0.0
1965-10-23,222.0,128.0,0.0,0.0,0.0
1965-10-24,178.0,106.0,0.0,0.0,0.0
1965-10-25,128.0,72.0,0.0,0.0,0.0
1965-10-26,161.0,28.0,0.0,0.0,0.0
1965-10-27,183.0,39.0,0.0,0.0,0.0
1965-10-28,167.0,39.0,0.0,0.0,0.0
1965-10-29,122.0,22.0,0.0,0.0,0.0
1965-10-30,172.0,-33.0,0.0,0.0,0.0
1965-10-31,228.0,39.0,0.0,0.0,0.0
1965-11-01,183.0,94.0,0.0,0.0,0.0
1965-11-02,122.0,39.0,0.0,0.0,0.0
1965-11-03,217.0,61.0,0.0,0.0,0.0
1965-11-04,256.0,111.0,0.0,0.0,0.0
1965-11-05,167.0,72.0,0.0,0.0,0.0
1965-11-06,178.0,22.0,0.0,0.0,0.0
1965-11-07,239.0,83.0,0.0,0.0,0.0
1965-11-08,206.0,83.0,0.0,0.0,0.0
1965-11-09,172.0,111.0,0.0,0.0,0.0
1965-11-10,128.0,72.0,8.0,0.0,0.0
1965-11-11,128.0,83.0,0.0,0.0,0.0
1965-11-12,156.0,89.0,0.0,0.0,0.0
1965-11-13,156.0,111.0,38.0,0.0,0.0
1965-11-14,156.0,44.0,0.0,0.0,0.0
1965-11-15,117.0,44.0,0.0,0.0,0.0
1965-11-16,200.0,94.0,10.0,0.0,0.0
1965-11-17,183.0,0.0,0.0,0.0,0.0
1965-11-18,106.0,33.0,0.0,0.0,0.0
1965-11-19,111.0,17.0,0.0,0.0,0.0
1965-11-20,122.0,-33.0,0.0,0.0,0.0
1965-11-21,150.0,67.0,13.0,0.0,0.0
1965-11-22,117.0,94.0,23.0,0.0,0.0
1965-11-23,167.0,33.0,0.0,0.0,0.0
1965-11-24,139.0,22.0,0.0,0.0,0.0
1965-11-25,128.0,-22.0,0.0,0.0,0.0
1965-11-26,156.0,39.0,0.0,0.0,0.0
1965-11-27,222.0,117.0,0.0,0.0,0.0
1965-11-28,172.0,17.0,0.0,0.0,0.0
1965-11-29,128.0,17.0,0.0,0.0,0.0
1965-11-30,50.0,-6.0,0.0,0.0,0.0
1965-12-01,61.0,-6.0,0.0,0.0,0.0
1965-12-02,133.0,-50.0,0.0,0.0,0.0
1965-12-03,122.0,11.0,0.0,0.0,0.0
1965-12-04,122.0,61.0,0.0,0.0,0.0
1965-12-05,89.0,-33.0,0.0,0.0,0.0
1965-12-06,117.0,-33.0,0.0,0.0,0.0
1965-12-07,78.0,6.0,0.0,0.0,0.0
1965-12-08,128.0,-67.0,0.0,0.0,0.0
1965-12-09,94.0,-44.0,0.0,0.0,0.0
1965-12-10,122.0,-17.0,0.0,0.0,0.0
1965-12-11,194.0,50.0,0.0,0.0,0.0
1965-12-12,144.0,44.0,0.0,0.0,0.0
1965-12-13,167.0,100.0,58.0,0.0,0.0
1965-12-14,128.0,72.0,0.0,0.0,0.0
1965-12-15,128.0,44.0,0.0,0.0,0.0
1965-12-16,111.0,33.0,0.0,0.0,0.0
1965-12-17,128.0,28.0,0.0,0.0,0.0
1965-12-18,89.0,0.0,0.0,0.0,0.0
1965-12-19,89.0,0.0,0.0,0.0,0.0
1965-12-20,33.0,-11.0,0.0,0.0,0.0
1965-12-21,22.0,-28.0,5.0,0.0,8.0
1965-12-22,78.0,-61.0,0.0,0.0,0.0
1965-12-23,133.0,-17.0,0.0,0.0,0.0
1965-12-24,133.0,67.0,0.0,0.0,0.0
1965-12-25,167.0,94.0,107.0,0.0,0.0
1965-12-26,161.0,-33.0,0.0,0.0,0.0
1965-12-27,39.0,-39.0,0.0,0.0,0.0
1965-12-28,61.0,-33.0,0.0,0.0,0.0
1965-12-29,94.0,-67.0,0.0,0.0,0.0
1965-12-30,144.0,-22.0,0.0,0.0,0.0
1965-12-31,217.0,50.0,0.0,0.0,0.0
1966-01-01,239.0,128.0,0.0,0.0,0.0
1966-01-02,144.0,67.0,0.0,0.0,0.0
1966-01-03,106.0,72.0,5.0,0.0,0.0
1966-01-04,89.0,22.0,0.0,0.0,0.0
1966-01-05,83.0,-50.0,66.0,0.0,0.0
1966-01-06,100.0,61.0,246.0,0.0,0.0
1966-01-07,94.0,11.0,0.0,0.0,0.0
1966-01-08,89.0,-28.0,0.0,0.0,0.0
1966-01-09,6.0,-56.0,0.0,0.0,0.0
1966-01-10,117.0,-56.0,0.0,0.0,0.0
1966-01-11,89.0,17.0,0.0,0.0,0.0
1966-01-12,22.0,-67.0,0.0,0.0,0.0
1966-01-13,33.0,-78.0,18.0,0.0,0.0
1966-01-14,44.0,-17.0,0.0,0.0,0.0
1966-01-15,17.0,-56.0,10.0,51.0,51.0
1966-01-16,17.0,-44.0,0.0,51.0,0.0
1966-01-17,22.0,-39.0,0.0,25.0,0.0
1966-01-18,17.0,-44.0,0.0,25.0,0.0
1966-01-19,22.0,-44.0,0.0,0.0,0.0
1966-01-20,39.0,-17.0,0.0,0.0,0.0
1966-01-21,44.0,-39.0,0.0,0.0,0.0
1966-01-22,39.0,-50.0,20.0,0.0,0.0
1966-01-23,72.0,17.0,109.0,0.0,0.0
1966-01-24,44.0,-22.0,0.0,0.0,0.0
1966-01-25,-6.0,-28.0,0.0,0.0,0.0
1966-01-26,-11.0,-39.0,76.0,102.0,89.0
1966-01-27,17.0,-50.0,122.0,203.0,114.0
1966-01-28,6.0,-78.0,0.0,203.0,0.0
1966-01-29,-56.0,-100.0,0.0,203.0,0.0
1966-01-30,-50.0,-111.0,160.0,356.0,152.0
1966-01-31,0.0,-122.0,0.0,330.0,0.0
1966-02-01,17.0,-111.0,46.0,178.0,64.0
1966-02-02,-6.0,-28.0,0.0,152.0,0.0
1966-02-03,22.0,-39.0,0.0,152.0,0.0
1966-02-04,22.0,-61.0,0.0,102.0,0.0
1966-02-05,6.0,-50.0,0.0,76.0,0.0
1966-02-06,-6.0,-106.0,0.0,76.0,0.0
1966-02-07,22.0,-33.0,0.0,25.0,0.0
1966-02-08,22.0,-6.0,0.0,0.0,0.0
1966-02-09,44.0,-89.0,0.0,0.0,0.0
1966-02-10,100.0,-17.0,0.0,0.0,0.0
1966-02-11,139.0,44.0,0.0,0.0,0.0
1966-02-12,128.0,44.0,30.0,0.0,0.0
1966-02-13,167.0,39.0,259.0,0.0,0.0
1966-02-14,167.0,50.0,0.0,0.0,0.0
1966-02-15,94.0,44.0,0.0,0.0,0.0
1966-02-16,72.0,28.0,99.0,0.0,0.0
1966-02-17,83.0,33.0,0.0,0.0,0.0
1966-02-18,61.0,-33.0,0.0,0.0,0.0
1966-02-19,72.0,28.0,36.0,0.0,0.0
1966-02-20,44.0,-67.0,0.0,0.0,0.0
1966-02-21,28.0,-83.0,0.0,0.0,0.0
1966-02-22,39.0,-33.0,0.0,0.0,0.0
1966-02-23,33.0,-33.0,0.0,0.0,0.0
1966-02-24,22.0,-11.0,216.0,0.0,
1966-02-25,100.0,6.0,18.0,0.0,0.0
1966-02-26,94.0,-22.0,0.0,0.0,0.0
1966-02-27,61.0,-11.0,0.0,0.0,0.0
1966-02-28,94.0,28.0,198.0,0.0,0.0
1966-03-01,161.0,72.0,0.0,0.0,0.0
1966-03-02,161.0,33.0,0.0,0.0,0.0
1966-03-03,194.0,39.0,0.0,0.0,0.0
1966-03-04,183.0,100.0,56.0,0.0,0.0
1966-03-05,211.0,94.0,18.0,0.0,0.0
1966-03-06,172.0,0.0,15.0,0.0,20.0
1966-03-07,72.0,-39.0,0.0,0.0,0.0
1966-03-08,39.0,-17.0,0.0,0.0,0.0
1966-03-09,50.0,-33.0,0.0,0.0,0.0
1966-03-10,83.0,-39.0,0.0,0.0,0.0
1966-03-11,172.0,17.0,0.0,0.0,0.0
1966-03-12,161.0,39.0,0.0,0.0,0.0
1966-03-13,156.0,39.0,0.0,0.0,0.0
1966-03-14,94.0,44.0,5.0,0.0,0.0
1966-03-15,78.0,50.0,0.0,0.0,0.0
1966-03-16,72.0,22.0,0.0,0.0,0.0
1966-03-17,89.0,-50.0,0.0,0.0,0.0
1966-03-18,183.0,28.0,0.0,0.0,0.0
1966-03-19,150.0,89.0,64.0,0.0,0.0
1966-03-20,133.0,56.0,0.0,0.0,0.0
1966-03-21,100.0,22.0,0.0,0.0,0.0
1966-03-22,267.0,61.0,0.0,0.0,0.0
1966-03-23,267.0,139.0,0.0,0.0,0.0
1966-03-24,194.0,67.0,119.0,0.0,0.0
1966-03-25,72.0,28.0,0.0,0.0,0.0
1966-03-26,139.0,-17.0,0.0,0.0,0.0
1966-03-27,133.0,6.0,0.0,0.0,0.0
1966-03-28,72.0,-6.0,0.0,0.0,0.0
1966-03-29,83.0,-6.0,0.0,0.0,0.0
1966-03-30,150.0,50.0,15.0,0.0,0.0
1966-03-31,122.0,33.0,0.0,0.0,0.0
1966-04-01,233.0,-11.0,0.0,0.0,0.0
1966-04-02,200.0,72.0,0.0,0.0,0.0
1966-04-03,156.0,-44.0,0.0,0.0,0.0
1966-04-04,122.0,83.0,0.0,0.0,0.0
1966-04-05,128.0,28.0,0.0,0.0,0.0
1966-04-06,133.0,6.0,0.0,0.0,0.0
1966-04-07,156.0,17.0,0.0,0.0,0.0
1966-04-08,133.0,56.0,0.0,0.0,0.0
1966-04-09,122.0,56.0,0.0,0.0,0.0
1966-04-10,122.0,39.0,0.0,0.0,0.0
1966-04-11,122.0,0.0,0.0,0.0,0.0
1966-04-12,117.0,67.0,36.0,0.0,0.0
1966-04-13,83.0,56.0,251.0,0.0,0.0
1966-04-14,117.0,39.0,0.0,0.0,0.0
1966-04-15,144.0,17.0,0.0,0.0,0.0
1966-04-16,156.0,33.0,0.0,0.0,0.0
1966-04-17,161.0,22.0,0.0,0.0,0.0
1966-04-18,183.0,72.0,0.0,0.0,0.0
1966-04-19,183.0,83.0,0.0,0.0,0.0
1966-04-20,222.0,72.0,0.0,0.0,0.0
1966-04-21,233.0,128.0,0.0,0.0,0.0
1966-04-22,211.0,133.0,119.0,0.0,0.0
1966-04-23,156.0,111.0,0.0,0.0,0.0
1966-04-24,294.0,111.0,0.0,0.0,0.0
1966-04-25,267.0,144.0,30.0,0.0,0.0
1966-04-26,211.0,111.0,0.0,0.0,0.0
1966-04-27,156.0,83.0,71.0,0.0,0.0
1966-04-28,94.0,72.0,152.0,0.0,0.0
1966-04-29,117.0,72.0,0.0,0.0,0.0
1966-04-30,156.0,89.0,0.0,0.0,0.0
1966-05-01,222.0,128.0,0.0,0.0,0.0
1966-05-02,172.0,78.0,145.0,0.0,0.0
1966-05-03,167.0,39.0,0.0,0.0,0.0
1966-05-04,156.0,94.0,0.0,0.0,0.0
1966-05-05,178.0,39.0,0.0,0.0,0.0
1966-05-06,294.0,150.0,0.0,0.0,0.0
1966-05-07,283.0,133.0,0.0,0.0,0.0
1966-05-08,261.0,128.0,0.0,0.0,0.0
1966-05-09,228.0,111.0,0.0,0.0,0.0
1966-05-10,172.0,39.0,0.0,0.0,0.0
1966-05-11,156.0,17.0,0.0,0.0,0.0
1966-05-12,194.0,111.0,0.0,0.0,0.0
1966-05-13,256.0,156.0,0.0,0.0,0.0
1966-05-14,217.0,94.0,112.0,0.0,0.0
1966-05-15,217.0,100.0,0.0,0.0,0.0
1966-05-16,217.0,61.0,0.0,0.0,0.0
1966-05-17,217.0,128.0,0.0,0.0,0.0
1966-05-18,239.0,133.0,0.0,0.0,0.0
1966-05-19,256.0,178.0,15.0,0.0,0.0
1966-05-20,267.0,178.0,0.0,0.0,0.0
1966-05-21,283.0,167.0,483.0,0.0,0.0
1966-05-22,222.0,167.0,0.0,0.0,0.0
1966-05-23,228.0,111.0,0.0,0.0,0.0
1966-05-24,228.0,117.0,0.0,0.0,0.0
1966-05-25,228.0,183.0,0.0,0.0,0.0
1966-05-26,250.0,178.0,76.0,0.0,0.0
1966-05-27,244.0,178.0,97.0,0.0,0.0
1966-05-28,222.0,189.0,0.0,0.0,0.0
1966-05-29,250.0,167.0,0.0,0.0,0.0
1966-05-30,233.0,156.0,99.0,0.0,0.0
1966-05-31,183.0,100.0,0.0,0.0,0.0
1966-06-01,178.0,72.0,0.0,0.0,0.0
1966-06-02,200.0,72.0,0.0,0.0,0.0
1966-06-03,256.0,89.0,0.0,0.0,0.0
1966-06-04,267.0,161.0,0.0,0.0,0.0
1966-06-05,289.0,183.0,0.0,0.0,0.0
1966-06-06,272.0,172.0,0.0,0.0,0.0
1966-06-07,294.0,194.0,84.0,0.0,0.0
1966-06-08,283.0,183.0,102.0,0.0,0.0
1966-06-09,311.0,200.0,0.0,0.0,0.0
1966-06-10,306.0,211.0,48.0,0.0,0.0
1966-06-11,267.0,144.0,0.0,0.0,0.0
1966-06-12,200.0,139.0,0.0,0.0,0.0
1966-06-13,256.0,161.0,0.0,0.0,0.0
1966-06-14,322.0,183.0,0.0,0.0,0.0
1966-06-15,294.0,172.0,157.0,0.0,0.0
1966-06-16,311.0,172.0,274.0,0.0,0.0
1966-06-17,283.0,178.0,208.0,0.0,0.0
1966-06-18,239.0,144.0,13.0,0.0,0.0
1966-06-19,244.0,178.0,25.0,0.0,0.0
1966-06-20,256.0,122.0,0.0,0.0,0.0
1966-06-21,300.0,139.0,0.0,0.0,0.0
1966-06-22,289.0,167.0,0.0,0.0,0.0
1966-06-23,289.0,150.0,0.0,0.0,0.0
1966-06-24,333.0,200.0,0.0,0.0,0.0
1966-06-25,328.0,233.0,0.0,0.0,0.0
1966-06-26,322.0,206.0,0.0,0.0,0.0
1966-06-27,317.0,211.0,0.0,0.0,0.0
1966-06-28,322.0,228.0,0.0,0.0,0.0
1966-06-29,311.0,211.0,53.0,0.0,0.0
1966-06-30,333.0,217.0,0.0,0.0,0.0
1966-07-01,322.0,206.0,0.0,0.0,0.0
1966-07-02,339.0,222.0,0.0,0.0,0.0
1966-07-03,361.0,228.0,0.0,0.0,0.0
1966-07-04,350.0,233.0,0.0,0.0,0.0
1966-07-05,322.0,228.0,38.0,0.0,0.0
1966-07-06,306.0,217.0,127.0,0.0,0.0
1966-07-07,333.0,228.0,0.0,0.0,0.0
1966-07-08,339.0,244.0,0.0,0.0,0.0
1966-07-09,317.0,194.0,0.0,0.0,0.0
1966-07-10,333.0,189.0,0.0,0.0,0.0
1966-07-11,350.0,228.0,0.0,0.0,0.0
1966-07-12,333.0,211.0,0.0,0.0,0.0
1966-07-13,344.0,239.0,0.0,0.0,0.0
1966-07-14,350.0,239.0,0.0,0.0,0.0
1966-07-15,350.0,200.0,160.0,0.0,0.0
1966-07-16,278.0,183.0,0.0,0.0,0.0
1966-07-17,283.0,200.0,0.0,0.0,0.0
1966-07-18,294.0,161.0,0.0,0.0,0.0
1966-07-19,322.0,206.0,0.0,0.0,0.0
1966-07-20,311.0,228.0,0.0,0.0,0.0
1966-07-21,278.0,111.0,0.0,0.0,0.0
1966-07-22,289.0,139.0,0.0,0.0,0.0
1966-07-23,278.0,156.0,0.0,0.0,0.0
1966-07-24,278.0,183.0,0.0,0.0,0.0
1966-07-25,283.0,167.0,0.0,0.0,0.0
1966-07-26,322.0,200.0,0.0,0.0,0.0
1966-07-27,339.0,233.0,0.0,0.0,0.0
1966-07-28,356.0,217.0,163.0,0.0,0.0
1966-07-29,294.0,217.0,20.0,0.0,0.0
1966-07-30,272.0,178.0,173.0,0.0,0.0
1966-07-31,267.0,178.0,0.0,0.0,0.0
1966-08-01,300.0,156.0,0.0,0.0,0.0
1966-08-02,300.0,194.0,0.0,0.0,0.0
1966-08-03,278.0,217.0,0.0,0.0,0.0
1966-08-04,256.0,183.0,36.0,0.0,0.0
1966-08-05,239.0,178.0,526.0,0.0,0.0
1966-08-06,283.0,156.0,0.0,0.0,0.0
1966-08-07,267.0,167.0,0.0,0.0,0.0
1966-08-08,278.0,211.0,0.0,0.0,0.0
1966-08-09,272.0,211.0,8.0,0.0,0.0
1966-08-10,289.0,211.0,0.0,0.0,0.0
1966-08-11,311.0,228.0,48.0,0.0,0.0
1966-08-12,289.0,222.0,71.0,0.0,0.0
1966-08-13,267.0,206.0,0.0,0.0,0.0
1966-08-14,256.0,206.0,0.0,0.0,0.0
1966-08-15,294.0,228.0,0.0,0.0,0.0
1966-08-16,317.0,211.0,0.0,0.0,0.0
1966-08-17,317.0,233.0,0.0,0.0,0.0
1966-08-18,317.0,200.0,0.0,0.0,0.0
1966-08-19,322.0,217.0,0.0,0.0,0.0
1966-08-20,311.0,228.0,0.0,0.0,0.0
1966-08-21,294.0,233.0,0.0,0.0,0.0
1966-08-22,294.0,206.0,0.0,0.0,0.0
1966-08-23,328.0,239.0,0.0,0.0,0.0
1966-08-24,289.0,217.0,0.0,0.0,0.0
1966-08-25,272.0,150.0,0.0,0.0,0.0
1966-08-26,278.0,172.0,0.0,0.0,0.0
1966-08-27,294.0,167.0,0.0,0.0,0.0
1966-08-28,306.0,189.0,0.0,0.0,0.0
1966-08-29,311.0,172.0,0.0,0.0,0.0
1966-08-30,294.0,194.0,0.0,0.0,0.0
1966-08-31,306.0,172.0,0.0,0.0,0.0
1966-09-01,294.0,206.0,0.0,0.0,0.0
1966-09-02,311.0,183.0,0.0,0.0,0.0
1966-09-03,328.0,206.0,0.0,0.0,0.0
1966-09-04,344.0,222.0,0.0,0.0,0.0
1966-09-05,306.0,206.0,0.0,0.0,0.0
1966-09-06,306.0,144.0,0.0,0.0,0.0
1966-09-07,267.0,183.0,0.0,0.0,0.0
1966-09-08,250.0,183.0,0.0,0.0,0.0
1966-09-09,267.0,122.0,0.0,0.0,0.0
1966-09-10,278.0,122.0,0.0,0.0,0.0
1966-09-11,289.0,117.0,0.0,0.0,0.0
1966-09-12,267.0,183.0,0.0,0.0,0.0
1966-09-13,239.0,194.0,61.0,0.0,0.0
1966-09-14,239.0,183.0,942.0,0.0,0.0
1966-09-15,239.0,183.0,30.0,0.0,0.0
1966-09-16,217.0,111.0,0.0,0.0,0.0
1966-09-17,228.0,122.0,0.0,0.0,0.0
1966-09-18,228.0,89.0,0.0,0.0,0.0
1966-09-19,239.0,122.0,170.0,0.0,0.0
1966-09-20,200.0,167.0,414.0,0.0,0.0
1966-09-21,272.0,189.0,145.0,0.0,0.0
1966-09-22,256.0,156.0,0.0,0.0,0.0
1966-09-23,250.0,128.0,0.0,0.0,0.0
1966-09-24,217.0,100.0,0.0,0.0,0.0
1966-09-25,239.0,83.0,0.0,0.0,0.0
1966-09-26,183.0,128.0,48.0,0.0,0.0
1966-09-27,194.0,133.0,99.0,0.0,0.0
1966-09-28,211.0,156.0,551.0,0.0,0.0
1966-09-29,200.0,156.0,33.0,0.0,0.0
1966-09-30,278.0,133.0,0.0,0.0,0.0
1966-10-01,222.0,106.0,218.0,0.0,0.0
1966-10-02,172.0,56.0,0.0,0.0,0.0
1966-10-03,194.0,50.0,0.0,0.0,0.0
1966-10-04,239.0,139.0,5.0,0.0,0.0
1966-10-05,211.0,128.0,64.0,0.0,0.0
1966-10-06,178.0,89.0,0.0,0.0,0.0
1966-10-07,189.0,39.0,0.0,0.0,0.0
1966-10-08,228.0,78.0,0.0,0.0,0.0
1966-10-09,217.0,122.0,0.0,0.0,0.0
1966-10-10,272.0,178.0,0.0,0.0,0.0
1966-10-11,222.0,67.0,0.0,0.0,0.0
1966-10-12,217.0,72.0,0.0,0.0,0.0
1966-10-13,222.0,56.0,0.0,0.0,0.0
1966-10-14,222.0,122.0,0.0,0.0,0.0
1966-10-15,233.0,156.0,0.0,0.0,0.0
1966-10-16,256.0,178.0,53.0,0.0,0.0
1966-10-17,183.0,128.0,0.0,0.0,0.0
1966-10-18,144.0,94.0,38.0,0.0,0.0
1966-10-19,172.0,111.0,394.0,0.0,0.0
1966-10-20,156.0,72.0,0.0,0.0,0.0
1966-10-21,167.0,17.0,0.0,0.0,0.0
1966-10-22,194.0,33.0,0.0,0.0,0.0
1966-10-23,222.0,139.0,0.0,0.0,0.0
1966-10-24,183.0,117.0,0.0,0.0,0.0
1966-10-25,156.0,128.0,8.0,0.0,0.0
1966-10-26,172.0,128.0,0.0,0.0,0.0
1966-10-27,167.0,100.0,0.0,0.0,0.0
1966-10-28,178.0,106.0,0.0,0.0,0.0
1966-10-29,239.0,44.0,0.0,0.0,0.0
1966-10-30,194.0,61.0,0.0,0.0,0.0
1966-10-31,144.0,-6.0,0.0,0.0,0.0
1966-11-01,200.0,83.0,0.0,0.0,0.0
1966-11-02,211.0,144.0,0.0,0.0,0.0
1966-11-03,189.0,67.0,15.0,0.0,0.0
1966-11-04,100.0,6.0,0.0,0.0,0.0
1966-11-05,128.0,-22.0,0.0,0.0,0.0
1966-11-06,128.0,56.0,0.0,0.0,0.0
1966-11-07,139.0,0.0,0.0,0.0,0.0
1966-11-08,172.0,67.0,0.0,0.0,0.0
1966-11-09,239.0,117.0,0.0,0.0,0.0
1966-11-10,250.0,150.0,0.0,0.0,0.0
1966-11-11,206.0,144.0,0.0,0.0,0.0
1966-11-12,150.0,100.0,58.0,0.0,0.0
1966-11-13,117.0,72.0,0.0,0.0,0.0
1966-11-14,117.0,61.0,0.0,0.0,0.0
1966-11-15,94.0,-6.0,0.0,0.0,0.0
1966-11-16,144.0,-6.0,0.0,0.0,0.0
1966-11-17,206.0,56.0,0.0,0.0,0.0
1966-11-18,222.0,94.0,0.0,0.0,0.0
1966-11-19,178.0,67.0,0.0,0.0,0.0
1966-11-20,89.0,17.0,0.0,0.0,0.0
1966-11-21,100.0,44.0,0.0,0.0,0.0
1966-11-22,106.0,56.0,0.0,0.0,0.0
1966-11-23,106.0,-22.0,0.0,0.0,0.0
1966-11-24,189.0,-17.0,0.0,0.0,0.0
1966-11-25,211.0,44.0,28.0,0.0,0.0
1966-11-26,150.0,106.0,0.0,0.0,0.0
1966-11-27,144.0,17.0,0.0,0.0,0.0
1966-11-28,144.0,94.0,191.0,0.0,0.0
1966-11-29,100.0,11.0,0.0,0.0,0.0
1966-11-30,67.0,-11.0,0.0,0.0,0.0
1966-12-01,100.0,-28.0,0.0,0.0,0.0
1966-12-02,89.0,39.0,0.0,0.0,0.0
1966-12-03,39.0,-50.0,0.0,0.0,0.0
1966-12-04,6.0,-72.0,0.0,0.0,0.0
1966-12-05,78.0,-17.0,0.0,0.0,0.0
1966-12-06,78.0,0.0,0.0,0.0,0.0
1966-12-07,133.0,6.0,0.0,0.0,0.0
1966-12-08,233.0,100.0,0.0,0.0,0.0
1966-12-09,217.0,83.0,0.0,0.0,0.0
1966-12-10,206.0,117.0,25.0,0.0,0.0
1966-12-11,156.0,78.0,0.0,0.0,0.0
1966-12-12,83.0,28.0,0.0,0.0,0.0
1966-12-13,56.0,33.0,160.0,0.0,0.0
1966-12-14,50.0,28.0,0.0,0.0,0.0
1966-12-15,50.0,6.0,0.0,0.0,0.0
1966-12-16,83.0,-44.0,0.0,0.0,0.0
1966-12-17,128.0,-22.0,0.0,0.0,0.0
1966-12-18,156.0,67.0,0.0,0.0,0.0
1966-12-19,89.0,17.0,0.0,0.0,0.0
1966-12-20,72.0,-22.0,86.0,0.0,0.0
1966-12-21,61.0,11.0,0.0,0.0,0.0
1966-12-22,61.0,-33.0,0.0,0.0,0.0
1966-12-23,33.0,-28.0,53.0,0.0,51.0
1966-12-24,33.0,-44.0,112.0,152.0,89.0
1966-12-25,17.0,-72.0,0.0,102.0,0.0
1966-12-26,17.0,-89.0,0.0,51.0,0.0
1966-12-27,17.0,-83.0,0.0,25.0,0.0
1966-12-28,6.0,-100.0,84.0,102.0,64.0
1966-12-29,89.0,0.0,193.0,25.0,0.0
1966-12-30,50.0,-39.0,0.0,25.0,0.0
1966-12-31,33.0,-33.0,0.0,0.0,0.0
1967-01-01,44.0,-6.0,5.0,0.0,0.0
1967-01-02,78.0,-6.0,0.0,0.0,0.0
1967-01-03,89.0,0.0,0.0,0.0,0.0
1967-01-04,44.0,0.0,13.0,0.0,0.0
1967-01-05,44.0,-6.0,13.0,25.0,13.0
1967-01-06,39.0,-17.0,0.0,0.0,0.0
1967-01-07,111.0,-11.0,0.0,0.0,0.0
1967-01-08,133.0,89.0,53.0,0.0,0.0
1967-01-09,122.0,28.0,0.0,0.0,0.0
1967-01-10,61.0,17.0,0.0,0.0,0.0
1967-01-11,44.0,-11.0,0.0,0.0,0.0
1967-01-12,67.0,-56.0,0.0,0.0,0.0
1967-01-13,89.0,-28.0,0.0,0.0,0.0
1967-01-14,100.0,50.0,107.0,0.0,0.0
1967-01-15,89.0,50.0,0.0,0.0,0.0
1967-01-16,61.0,17.0,0.0,0.0,0.0
1967-01-17,100.0,-28.0,0.0,0.0,0.0
1967-01-18,67.0,-17.0,0.0,0.0,0.0
1967-01-19,-11.0,-50.0,79.0,102.0,102.0
1967-01-20,33.0,-100.0,0.0,102.0,0.0
1967-01-21,89.0,-44.0,0.0,51.0,0.0
1967-01-22,156.0,6.0,0.0,0.0,0.0
1967-01-23,200.0,50.0,0.0,0.0,0.0
1967-01-24,222.0,89.0,0.0,0.0,0.0
1967-01-25,222.0,67.0,0.0,0.0,0.0
1967-01-26,183.0,61.0,0.0,0.0,0.0
1967-01-27,150.0,72.0,38.0,0.0,0.0
1967-01-28,150.0,17.0,0.0,0.0,0.0
1967-01-29,67.0,-11.0,0.0,0.0,0.0
1967-01-30,50.0,-6.0,0.0,0.0,0.0
1967-01-31,61.0,-72.0,0.0,0.0,0.0
1967-02-01,139.0,44.0,0.0,0.0,0.0
1967-02-02,211.0,44.0,36.0,0.0,0.0
1967-02-03,189.0,6.0,0.0,0.0,0.0
1967-02-04,61.0,-11.0,0.0,0.0,0.0
1967-02-05,89.0,17.0,0.0,0.0,0.0
1967-02-06,94.0,6.0,0.0,0.0,0.0
1967-02-07,11.0,-56.0,119.0,102.0,89.0
1967-02-08,-17.0,-61.0,0.0,76.0,0.0
1967-02-09,6.0,-111.0,0.0,76.0,0.0
1967-02-10,44.0,-33.0,160.0,254.0,165.0
1967-02-11,100.0,6.0,0.0,152.0,0.0
1967-02-12,89.0,-33.0,0.0,76.0,0.0
1967-02-13,17.0,-56.0,0.0,51.0,0.0
1967-02-14,150.0,-17.0,0.0,25.0,0.0
1967-02-15,172.0,83.0,0.0,0.0,0.0
1967-02-16,189.0,56.0,0.0,0.0,0.0
1967-02-17,67.0,-22.0,137.0,152.0,152.0
1967-02-18,28.0,-22.0,135.0,178.0,25.0
1967-02-19,44.0,-50.0,0.0,127.0,0.0
1967-02-20,39.0,-28.0,20.0,102.0,0.0
1967-02-21,44.0,11.0,89.0,76.0,0.0
1967-02-22,44.0,-67.0,8.0,25.0,0.0
1967-02-23,72.0,6.0,102.0,0.0,0.0
1967-02-24,44.0,-22.0,0.0,0.0,0.0
1967-02-25,-11.0,-106.0,0.0,0.0,0.0
1967-02-26,11.0,-78.0,0.0,0.0,0.0
1967-02-27,44.0,-89.0,0.0,0.0,0.0
1967-02-28,100.0,17.0,33.0,0.0,0.0
1967-03-01,61.0,-39.0,0.0,0.0,0.0
1967-03-02,128.0,-72.0,0.0,0.0,0.0
1967-03-03,222.0,83.0,0.0,0.0,0.0
1967-03-04,206.0,44.0,0.0,0.0,0.0
1967-03-05,139.0,33.0,0.0,0.0,0.0
1967-03-06,200.0,50.0,0.0,0.0,0.0
1967-03-07,100.0,0.0,89.0,0.0,0.0
1967-03-08,72.0,-17.0,0.0,0.0,0.0
1967-03-09,122.0,17.0,0.0,0.0,0.0
1967-03-10,222.0,56.0,0.0,0.0,0.0
1967-03-11,261.0,94.0,5.0,0.0,0.0
1967-03-12,172.0,61.0,0.0,0.0,0.0
1967-03-13,94.0,50.0,0.0,0.0,0.0
1967-03-14,256.0,67.0,69.0,0.0,0.0
1967-03-15,172.0,72.0,191.0,0.0,0.0
1967-03-16,78.0,11.0,18.0,0.0,0.0
1967-03-17,78.0,-6.0,0.0,0.0,0.0
1967-03-18,6.0,-56.0,0.0,0.0,0.0
1967-03-19,6.0,-56.0,0.0,0.0,0.0
1967-03-20,72.0,-17.0,0.0,0.0,0.0
1967-03-21,56.0,28.0,137.0,0.0,0.0
1967-03-22,72.0,17.0,0.0,0.0,0.0
1967-03-23,61.0,-22.0,36.0,0.0,0.0
1967-03-24,72.0,22.0,0.0,0.0,0.0
1967-03-25,94.0,-17.0,0.0,0.0,0.0
1967-03-26,133.0,17.0,0.0,0.0,0.0
1967-03-27,128.0,39.0,0.0,0.0,0.0
1967-03-28,111.0,50.0,0.0,0.0,0.0
1967-03-29,139.0,72.0,8.0,0.0,0.0
1967-03-30,133.0,6.0,0.0,0.0,0.0
1967-03-31,133.0,6.0,0.0,0.0,0.0
1967-04-01,178.0,56.0,0.0,0.0,0.0
1967-04-02,222.0,89.0,0.0,0.0,0.0
1967-04-03,278.0,100.0,15.0,0.0,0.0
1967-04-04,211.0,50.0,0.0,0.0,0.0
1967-04-05,156.0,44.0,33.0,0.0,0.0
1967-04-06,278.0,100.0,3.0,0.0,0.0
1967-04-07,256.0,100.0,0.0,0.0,0.0
1967-04-08,128.0,72.0,0.0,0.0,0.0
1967-04-09,128.0,17.0,0.0,0.0,0.0
1967-04-10,217.0,89.0,0.0,0.0,0.0
1967-04-11,206.0,56.0,0.0,0.0,0.0
1967-04-12,106.0,0.0,0.0,0.0,0.0
1967-04-13,117.0,33.0,0.0,0.0,0.0
1967-04-14,211.0,89.0,0.0,0.0,0.0
1967-04-15,306.0,144.0,0.0,0.0,0.0
1967-04-16,261.0,144.0,0.0,0.0,0.0
1967-04-17,200.0,83.0,13.0,0.0,0.0
1967-04-18,211.0,139.0,15.0,0.0,0.0
1967-04-19,200.0,83.0,0.0,0.0,0.0
1967-04-20,172.0,83.0,0.0,0.0,0.0
1967-04-21,250.0,56.0,0.0,0.0,0.0
1967-04-22,267.0,161.0,20.0,0.0,0.0
1967-04-23,267.0,117.0,0.0,0.0,0.0
1967-04-24,211.0,106.0,0.0,0.0,0.0
1967-04-25,144.0,50.0,0.0,0.0,0.0
1967-04-26,144.0,28.0,84.0,0.0,0.0
1967-04-27,100.0,50.0,137.0,0.0,0.0
1967-04-28,144.0,67.0,0.0,0.0,0.0
1967-04-29,172.0,39.0,0.0,0.0,0.0
1967-04-30,206.0,56.0,0.0,0.0,0.0
1967-05-01,239.0,122.0,0.0,0.0,0.0
1967-05-02,278.0,150.0,0.0,0.0,0.0
1967-05-03,267.0,100.0,145.0,0.0,0.0
1967-05-04,178.0,39.0,0.0,0.0,0.0
1967-05-05,178.0,56.0,0.0,0.0,0.0
1967-05-06,211.0,94.0,38.0,0.0,0.0
1967-05-07,239.0,89.0,356.0,0.0,0.0
1967-05-08,200.0,89.0,0.0,0.0,0.0
1967-05-09,189.0,67.0,0.0,0.0,0.0
1967-05-10,183.0,67.0,0.0,0.0,0.0
1967-05-11,244.0,89.0,0.0,0.0,0.0
1967-05-12,239.0,139.0,0.0,0.0,0.0
1967-05-13,156.0,89.0,28.0,0.0,0.0
1967-05-14,139.0,100.0,81.0,0.0,0.0
1967-05-15,294.0,128.0,81.0,0.0,0.0
1967-05-16,239.0,106.0,0.0,0.0,0.0
1967-05-17,183.0,44.0,0.0,0.0,0.0
1967-05-18,211.0,67.0,0.0,0.0,0.0
1967-05-19,278.0,139.0,0.0,0.0,0.0
1967-05-20,267.0,178.0,0.0,0.0,0.0
1967-05-21,228.0,106.0,10.0,0.0,0.0
1967-05-22,150.0,83.0,30.0,0.0,0.0
1967-05-23,183.0,106.0,0.0,0.0,0.0
1967-05-24,156.0,94.0,0.0,0.0,0.0
1967-05-25,183.0,100.0,0.0,0.0,0.0
1967-05-26,200.0,78.0,0.0,0.0,0.0
1967-05-27,250.0,89.0,0.0,0.0,0.0
1967-05-28,244.0,150.0,0.0,0.0,0.0
1967-05-29,217.0,144.0,69.0,0.0,0.0
1967-05-30,206.0,122.0,0.0,0.0,0.0
1967-05-31,183.0,100.0,36.0,0.0,0.0
1967-06-01,183.0,56.0,0.0,0.0,0.0
1967-06-02,233.0,61.0,0.0,0.0,0.0
1967-06-03,239.0,83.0,0.0,0.0,0.0
1967-06-04,250.0,150.0,0.0,0.0,0.0
1967-06-05,256.0,156.0,0.0,0.0,0.0
1967-06-06,256.0,133.0,0.0,0.0,0.0
1967-06-07,261.0,139.0,0.0,0.0,0.0
1967-06-08,261.0,128.0,0.0,0.0,0.0
1967-06-09,272.0,178.0,0.0,0.0,0.0
1967-06-10,311.0,178.0,0.0,0.0,0.0
1967-06-11,283.0,183.0,0.0,0.0,0.0
1967-06-12,289.0,194.0,0.0,0.0,0.0
1967-06-13,311.0,183.0,0.0,0.0,0.0
1967-06-14,283.0,183.0,0.0,0.0,0.0
1967-06-15,267.0,150.0,0.0,0.0,0.0
1967-06-16,294.0,200.0,0.0,0.0,0.0
1967-06-17,283.0,206.0,0.0,0.0,0.0
1967-06-18,289.0,222.0,0.0,0.0,0.0
1967-06-19,244.0,200.0,18.0,0.0,0.0
1967-06-20,272.0,183.0,0.0,0.0,0.0
1967-06-21,311.0,183.0,0.0,0.0,0.0
1967-06-22,294.0,228.0,0.0,0.0,0.0
1967-06-23,300.0,206.0,64.0,0.0,0.0
1967-06-24,311.0,206.0,0.0,0.0,0.0
1967-06-25,350.0,244.0,51.0,0.0,0.0
1967-06-26,333.0,189.0,0.0,0.0,0.0
1967-06-27,278.0,150.0,0.0,0.0,0.0
1967-06-28,267.0,128.0,0.0,0.0,0.0
1967-06-29,261.0,161.0,0.0,0.0,0.0
1967-06-30,267.0,200.0,61.0,0.0,0.0
1967-07-01,267.0,178.0,0.0,0.0,0.0
1967-07-02,283.0,161.0,20.0,0.0,0.0
1967-07-03,306.0,222.0,0.0,0.0,0.0
1967-07-04,294.0,189.0,81.0,0.0,0.0
1967-07-05,261.0,139.0,0.0,0.0,0.0
1967-07-06,267.0,156.0,0.0,0.0,0.0
1967-07-07,272.0,206.0,0.0,0.0,0.0
1967-07-08,267.0,217.0,56.0,0.0,0.0
1967-07-09,322.0,217.0,0.0,0.0,0.0
1967-07-10,339.0,233.0,0.0,0.0,0.0
1967-07-11,322.0,233.0,221.0,0.0,0.0
1967-07-12,339.0,217.0,0.0,0.0,0.0
1967-07-13,306.0,233.0,0.0,0.0,0.0
1967-07-14,256.0,217.0,28.0,0.0,0.0
1967-07-15,272.0,211.0,511.0,0.0,0.0
1967-07-16,267.0,189.0,20.0,0.0,0.0
1967-07-17,283.0,172.0,0.0,0.0,0.0
1967-07-18,267.0,194.0,0.0,0.0,0.0
1967-07-19,278.0,200.0,0.0,0.0,0.0
1967-07-20,283.0,200.0,0.0,0.0,0.0
1967-07-21,267.0,183.0,145.0,0.0,0.0
1967-07-22,289.0,189.0,0.0,0.0,0.0
1967-07-23,300.0,200.0,0.0,0.0,0.0
1967-07-24,311.0,228.0,0.0,0.0,0.0
1967-07-25,322.0,244.0,0.0,0.0,0.0
1967-07-26,294.0,233.0,0.0,0.0,0.0
1967-07-27,300.0,206.0,0.0,0.0,0.0
1967-07-28,317.0,228.0,38.0,0.0,0.0
1967-07-29,278.0,200.0,264.0,0.0,0.0
1967-07-30,272.0,211.0,0.0,0.0,0.0
1967-07-31,289.0,200.0,0.0,0.0,0.0
1967-08-01,300.0,200.0,48.0,0.0,0.0
1967-08-02,294.0,200.0,0.0,0.0,0.0
1967-08-03,311.0,244.0,0.0,0.0,0.0
1967-08-04,311.0,206.0,726.0,0.0,0.0
1967-08-05,278.0,206.0,290.0,0.0,0.0
1967-08-06,267.0,183.0,0.0,0.0,0.0
1967-08-07,283.0,183.0,0.0,0.0,0.0
1967-08-08,278.0,200.0,23.0,0.0,0.0
1967-08-09,294.0,206.0,0.0,0.0,0.0
1967-08-10,283.0,211.0,226.0,0.0,0.0
1967-08-11,244.0,189.0,53.0,0.0,0.0
1967-08-12,239.0,172.0,10.0,0.0,0.0
1967-08-13,222.0,183.0,23.0,0.0,0.0
1967-08-14,261.0,161.0,0.0,0.0,0.0
1967-08-15,283.0,150.0,0.0,0.0,0.0
1967-08-16,289.0,150.0,0.0,0.0,0.0
1967-08-17,283.0,150.0,0.0,0.0,0.0
1967-08-18,289.0,211.0,0.0,0.0,0.0
1967-08-19,311.0,211.0,292.0,0.0,0.0
1967-08-20,278.0,211.0,0.0,0.0,0.0
1967-08-21,267.0,211.0,30.0,0.0,0.0
1967-08-22,250.0,211.0,516.0,0.0,0.0
1967-08-23,256.0,217.0,51.0,0.0,0.0
1967-08-24,239.0,206.0,660.0,0.0,0.0
1967-08-25,283.0,228.0,417.0,0.0,0.0
1967-08-26,300.0,228.0,0.0,0.0,0.0
1967-08-27,294.0,222.0,51.0,0.0,0.0
1967-08-28,272.0,217.0,15.0,0.0,0.0
1967-08-29,267.0,167.0,0.0,0.0,0.0
1967-08-30,278.0,167.0,0.0,0.0,0.0
1967-08-31,289.0,189.0,0.0,0.0,0.0
1967-09-01,256.0,156.0,64.0,0.0,0.0
1967-09-02,222.0,156.0,0.0,0.0,0.0
1967-09-03,239.0,94.0,0.0,0.0,0.0
1967-09-04,267.0,128.0,0.0,0.0,0.0
1967-09-05,278.0,139.0,0.0,0.0,0.0
1967-09-06,272.0,156.0,0.0,0.0,0.0
1967-09-07,278.0,144.0,0.0,0.0,0.0
1967-09-08,261.0,150.0,0.0,0.0,0.0
1967-09-09,267.0,183.0,0.0,0.0,0.0
1967-09-10,256.0,183.0,66.0,0.0,0.0
1967-09-11,211.0,139.0,0.0,0.0,0.0
1967-09-12,211.0,144.0,0.0,0.0,0.0
1967-09-13,228.0,139.0,0.0,0.0,0.0
1967-09-14,244.0,161.0,0.0,0.0,0.0
1967-09-15,250.0,94.0,0.0,0.0,0.0
1967-09-16,233.0,200.0,25.0,0.0,0.0
1967-09-17,239.0,194.0,0.0,0.0,0.0
1967-09-18,283.0,128.0,0.0,0.0,0.0
1967-09-19,278.0,167.0,0.0,0.0,0.0
1967-09-20,272.0,144.0,0.0,0.0,0.0
1967-09-21,283.0,194.0,61.0,0.0,0.0
1967-09-22,250.0,172.0,0.0,0.0,0.0
1967-09-23,211.0,128.0,0.0,0.0,0.0
1967-09-24,222.0,67.0,0.0,0.0,0.0
1967-09-25,200.0,111.0,0.0,0.0,0.0
1967-09-26,217.0,67.0,0.0,0.0,0.0
1967-09-27,256.0,150.0,0.0,0.0,0.0
1967-09-28,250.0,206.0,419.0,0.0,0.0
1967-09-29,261.0,194.0,0.0,0.0,0.0
1967-09-30,228.0,83.0,0.0,0.0,0.0
1967-10-01,239.0,83.0,0.0,0.0,0.0
1967-10-02,217.0,67.0,0.0,0.0,0.0
1967-10-03,256.0,139.0,0.0,0.0,0.0
1967-10-04,294.0,150.0,0.0,0.0,0.0
1967-10-05,306.0,161.0,0.0,0.0,0.0
1967-10-06,250.0,167.0,0.0,0.0,0.0
1967-10-07,183.0,133.0,102.0,0.0,0.0
1967-10-08,194.0,150.0,0.0,0.0,0.0
1967-10-09,239.0,178.0,0.0,0.0,0.0
1967-10-10,211.0,150.0,25.0,0.0,0.0
1967-10-11,183.0,111.0,0.0,0.0,0.0
1967-10-12,178.0,117.0,0.0,0.0,0.0
1967-10-13,178.0,61.0,0.0,0.0,0.0
1967-10-14,194.0,72.0,0.0,0.0,0.0
1967-10-15,206.0,83.0,0.0,0.0,0.0
1967-10-16,239.0,94.0,0.0,0.0,0.0
1967-10-17,239.0,144.0,0.0,0.0,0.0
1967-10-18,211.0,172.0,0.0,0.0,0.0
1967-10-19,178.0,72.0,0.0,0.0,0.0
1967-10-20,156.0,44.0,0.0,0.0,0.0
1967-10-21,211.0,89.0,0.0,0.0,0.0
1967-10-22,161.0,56.0,0.0,0.0,0.0
1967-10-23,172.0,28.0,0.0,0.0,0.0
1967-10-24,217.0,61.0,0.0,0.0,0.0
1967-10-25,217.0,139.0,185.0,0.0,0.0
1967-10-26,161.0,39.0,0.0,0.0,0.0
1967-10-27,183.0,39.0,0.0,0.0,0.0
1967-10-28,156.0,78.0,0.0,0.0,0.0
1967-10-29,133.0,11.0,0.0,0.0,0.0
1967-10-30,133.0,11.0,0.0,0.0,0.0
1967-10-31,156.0,11.0,0.0,0.0,0.0
1967-11-01,156.0,50.0,0.0,0.0,0.0
1967-11-02,189.0,133.0,102.0,0.0,0.0
1967-11-03,178.0,100.0,0.0,0.0,0.0
1967-11-04,178.0,111.0,0.0,0.0,0.0
1967-11-05,111.0,44.0,0.0,0.0,0.0
1967-11-06,72.0,11.0,0.0,0.0,0.0
1967-11-07,61.0,-17.0,0.0,0.0,0.0
1967-11-08,83.0,-6.0,0.0,0.0,0.0
1967-11-09,167.0,-33.0,0.0,0.0,0.0
1967-11-10,172.0,0.0,0.0,0.0,0.0
1967-11-11,183.0,39.0,0.0,0.0,0.0
1967-11-12,233.0,94.0,0.0,0.0,0.0
1967-11-13,189.0,94.0,0.0,0.0,0.0
1967-11-14,106.0,39.0,0.0,0.0,0.0
1967-11-15,83.0,17.0,0.0,0.0,0.0
1967-11-16,17.0,-33.0,0.0,0.0,0.0
1967-11-17,106.0,-44.0,0.0,0.0,0.0
1967-11-18,183.0,-44.0,0.0,0.0,0.0
1967-11-19,150.0,33.0,0.0,0.0,0.0
1967-11-20,89.0,-22.0,0.0,0.0,0.0
1967-11-21,100.0,39.0,0.0,0.0,0.0
1967-11-22,144.0,83.0,0.0,0.0,0.0
1967-11-23,128.0,61.0,25.0,0.0,0.0
1967-11-24,100.0,-39.0,74.0,0.0,0.0
1967-11-25,133.0,67.0,0.0,0.0,0.0
1967-11-26,178.0,17.0,0.0,0.0,0.0
1967-11-27,128.0,33.0,0.0,0.0,0.0
1967-11-28,72.0,-11.0,0.0,0.0,0.0
1967-11-29,61.0,-56.0,0.0,0.0,0.0
1967-11-30,50.0,-22.0,244.0,0.0,0.0
1967-12-01,22.0,-11.0,0.0,0.0,0.0
1967-12-02,56.0,-56.0,0.0,0.0,0.0
1967-12-03,117.0,22.0,244.0,0.0,0.0
1967-12-04,94.0,28.0,0.0,0.0,0.0
1967-12-05,83.0,-22.0,0.0,0.0,0.0
1967-12-06,100.0,-11.0,0.0,0.0,0.0
1967-12-07,117.0,33.0,0.0,0.0,0.0
1967-12-08,167.0,78.0,0.0,0.0,0.0
1967-12-09,94.0,56.0,0.0,0.0,0.0
1967-12-10,94.0,72.0,391.0,0.0,0.0
1967-12-11,100.0,67.0,48.0,0.0,0.0
1967-12-12,156.0,78.0,99.0,0.0,0.0
1967-12-13,144.0,17.0,0.0,0.0,0.0
1967-12-14,167.0,39.0,0.0,0.0,0.0
1967-12-15,117.0,33.0,0.0,0.0,0.0
1967-12-16,94.0,0.0,0.0,0.0,0.0
1967-12-17,72.0,-28.0,0.0,0.0,0.0
1967-12-18,128.0,11.0,61.0,0.0,0.0
1967-12-19,161.0,94.0,0.0,0.0,0.0
1967-12-20,106.0,33.0,0.0,0.0,0.0
1967-12-21,106.0,6.0,0.0,0.0,0.0
1967-12-22,156.0,83.0,241.0,0.0,0.0
1967-12-23,89.0,-89.0,66.0,76.0,64.0
1967-12-24,17.0,-67.0,0.0,25.0,0.0
1967-12-25,72.0,-28.0,0.0,0.0,0.0
1967-12-26,67.0,33.0,0.0,0.0,0.0
1967-12-27,39.0,-6.0,0.0,0.0,0.0
1967-12-28,67.0,11.0,279.0,0.0,0.0
1967-12-29,67.0,11.0,0.0,0.0,0.0
1967-12-30,28.0,-17.0,0.0,0.0,0.0
1967-12-31,44.0,-22.0,5.0,0.0,0.0
1968-01-01,39.0,-22.0,0.0,0.0,
1968-01-02,-17.0,-56.0,0.0,0.0,
1968-01-03,44.0,-28.0,18.0,0.0,
1968-01-04,78.0,22.0,94.0,0.0,
1968-01-05,33.0,-78.0,0.0,0.0,
1968-01-06,17.0,-89.0,71.0,0.0,
1968-01-07,6.0,-50.0,33.0,0.0,
1968-01-08,-39.0,-94.0,0.0,0.0,
1968-01-09,-44.0,-83.0,18.0,0.0,
1968-01-10,-11.0,-56.0,0.0,25.0,
1968-01-11,-17.0,-72.0,0.0,25.0,
1968-01-12,-39.0,-89.0,0.0,0.0,
1968-01-13,39.0,-50.0,10.0,0.0,
1968-01-14,89.0,11.0,295.0,0.0,
1968-01-15,28.0,-22.0,0.0,0.0,
1968-01-16,28.0,-33.0,0.0,0.0,
1968-01-17,17.0,-78.0,0.0,0.0,
1968-01-18,94.0,-28.0,0.0,0.0,
1968-01-19,122.0,-17.0,0.0,0.0,
1968-01-20,122.0,-28.0,0.0,0.0,
1968-01-21,144.0,-22.0,0.0,0.0,
1968-01-22,106.0,-28.0,0.0,0.0,
1968-01-23,117.0,22.0,0.0,0.0,
1968-01-24,94.0,-44.0,8.0,0.0,
1968-01-25,-17.0,-50.0,0.0,0.0,
1968-01-26,44.0,-61.0,0.0,0.0,
1968-01-27,78.0,-44.0,0.0,0.0,
1968-01-28,78.0,-11.0,0.0,0.0,
1968-01-29,111.0,0.0,0.0,0.0,
1968-01-30,144.0,28.0,0.0,0.0,
1968-01-31,117.0,33.0,0.0,0.0,
1968-02-01,50.0,28.0,0.0,0.0,0.0
1968-02-02,78.0,33.0,140.0,0.0,0.0
1968-02-03,128.0,-6.0,0.0,0.0,0.0
1968-02-04,83.0,-11.0,0.0,0.0,0.0
1968-02-05,106.0,-11.0,0.0,0.0,0.0
1968-02-06,94.0,-39.0,0.0,0.0,0.0
1968-02-07,56.0,-17.0,0.0,0.0,0.0
1968-02-08,44.0,6.0,0.0,0.0,0.0
1968-02-09,61.0,-39.0,0.0,0.0,0.0
1968-02-10,39.0,-56.0,0.0,0.0,0.0
1968-02-11,-17.0,-111.0,0.0,0.0,0.0
1968-02-12,11.0,-111.0,0.0,0.0,0.0
1968-02-13,0.0,-89.0,0.0,0.0,0.0
1968-02-14,72.0,-83.0,0.0,0.0,0.0
1968-02-15,67.0,-33.0,0.0,0.0,0.0
1968-02-16,78.0,-56.0,0.0,0.0,0.0
1968-02-17,133.0,-22.0,0.0,0.0,0.0
1968-02-18,44.0,-50.0,0.0,0.0,0.0
1968-02-19,44.0,-94.0,0.0,0.0,0.0
1968-02-20,100.0,-33.0,0.0,0.0,0.0
1968-02-21,44.0,-94.0,0.0,0.0,0.0
1968-02-22,6.0,-94.0,0.0,0.0,0.0
1968-02-23,28.0,-56.0,0.0,0.0,0.0
1968-02-24,17.0,-61.0,0.0,0.0,0.0
1968-02-25,28.0,-44.0,0.0,0.0,0.0
1968-02-26,33.0,-56.0,0.0,0.0,0.0
1968-02-27,72.0,-78.0,0.0,0.0,0.0
1968-02-28,89.0,-50.0,0.0,0.0,0.0
1968-02-29,61.0,0.0,69.0,51.0,38.0
1968-03-01,28.0,-89.0,114.0,0.0,10.0
1968-03-02,128.0,-28.0,0.0,0.0,0.0
1968-03-03,117.0,-56.0,0.0,0.0,0.0
1968-03-04,117.0,-50.0,0.0,0.0,0.0
1968-03-05,106.0,17.0,0.0,0.0,0.0
1968-03-06,83.0,-11.0,0.0,0.0,0.0
1968-03-07,50.0,0.0,0.0,0.0,0.0
1968-03-08,117.0,-44.0,0.0,0.0,0.0
1968-03-09,239.0,44.0,0.0,0.0,0.0
1968-03-10,233.0,50.0,239.0,0.0,0.0
1968-03-11,156.0,72.0,0.0,0.0,0.0
1968-03-12,94.0,44.0,315.0,0.0,0.0
1968-03-13,78.0,-11.0,5.0,0.0,0.0
1968-03-14,28.0,-39.0,0.0,0.0,0.0
1968-03-15,78.0,-6.0,0.0,0.0,0.0
1968-03-16,144.0,44.0,0.0,0.0,0.0
1968-03-17,117.0,72.0,201.0,0.0,0.0
1968-03-18,94.0,56.0,251.0,0.0,0.0
1968-03-19,117.0,72.0,0.0,0.0,0.0
1968-03-20,100.0,-6.0,0.0,0.0,0.0
1968-03-21,228.0,50.0,0.0,0.0,0.0
1968-03-22,250.0,106.0,0.0,0.0,0.0
1968-03-23,167.0,44.0,84.0,0.0,0.0
1968-03-24,117.0,0.0,0.0,0.0,0.0
1968-03-25,100.0,11.0,0.0,0.0,0.0
1968-03-26,128.0,39.0,0.0,0.0,0.0
1968-03-27,183.0,50.0,0.0,0.0,0.0
1968-03-28,256.0,83.0,0.0,0.0,0.0
1968-03-29,256.0,122.0,0.0,0.0,0.0
1968-03-30,222.0,111.0,0.0,0.0,0.0
1968-03-31,200.0,83.0,0.0,0.0,0.0
1968-04-01,206.0,83.0,58.0,0.0,0.0
1968-04-02,133.0,56.0,0.0,0.0,0.0
1968-04-03,111.0,61.0,0.0,0.0,0.0
1968-04-04,256.0,106.0,0.0,0.0,0.0
1968-04-05,233.0,100.0,64.0,0.0,0.0
1968-04-06,111.0,44.0,0.0,0.0,0.0
1968-04-07,117.0,0.0,0.0,0.0,0.0
1968-04-08,256.0,78.0,0.0,0.0,0.0
1968-04-09,239.0,128.0,0.0,0.0,0.0
1968-04-10,211.0,106.0,0.0,0.0,0.0
1968-04-11,144.0,44.0,0.0,0.0,0.0
1968-04-12,183.0,22.0,0.0,0.0,0.0
1968-04-13,200.0,56.0,0.0,0.0,0.0
1968-04-14,250.0,72.0,0.0,0.0,0.0
1968-04-15,183.0,94.0,15.0,0.0,0.0
1968-04-16,156.0,72.0,0.0,0.0,0.0
1968-04-17,194.0,33.0,0.0,0.0,0.0
1968-04-18,200.0,39.0,0.0,0.0,0.0
1968-04-19,228.0,111.0,15.0,0.0,0.0
1968-04-20,222.0,106.0,0.0,0.0,0.0
1968-04-21,167.0,111.0,18.0,0.0,0.0
1968-04-22,150.0,100.0,0.0,0.0,0.0
1968-04-23,139.0,78.0,0.0,0.0,0.0
1968-04-24,172.0,89.0,109.0,0.0,0.0
1968-04-25,183.0,67.0,0.0,0.0,0.0
1968-04-26,189.0,39.0,0.0,0.0,0.0
1968-04-27,200.0,106.0,23.0,0.0,0.0
1968-04-28,172.0,67.0,0.0,0.0,0.0
1968-04-29,178.0,50.0,10.0,0.0,0.0
1968-04-30,194.0,72.0,23.0,0.0,0.0
1968-05-01,200.0,61.0,0.0,0.0,0.0
1968-05-02,206.0,94.0,0.0,0.0,0.0
1968-05-03,311.0,128.0,0.0,0.0,0.0
1968-05-04,311.0,139.0,0.0,0.0,0.0
1968-05-05,206.0,128.0,10.0,0.0,0.0
1968-05-06,189.0,89.0,46.0,0.0,0.0
1968-05-07,178.0,44.0,0.0,0.0,0.0
1968-05-08,200.0,39.0,0.0,0.0,0.0
1968-05-09,233.0,117.0,0.0,0.0,0.0
1968-05-10,278.0,156.0,0.0,0.0,0.0
1968-05-11,244.0,178.0,0.0,0.0,0.0
1968-05-12,267.0,189.0,81.0,0.0,0.0
1968-05-13,239.0,161.0,0.0,0.0,0.0
1968-05-14,172.0,106.0,10.0,0.0,0.0
1968-05-15,183.0,133.0,0.0,0.0,0.0
1968-05-16,256.0,161.0,0.0,0.0,0.0
1968-05-17,278.0,172.0,0.0,0.0,0.0
1968-05-18,272.0,150.0,10.0,0.0,0.0
1968-05-19,244.0,128.0,112.0,0.0,0.0
1968-05-20,200.0,78.0,0.0,0.0,0.0
1968-05-21,206.0,61.0,25.0,0.0,0.0
1968-05-22,222.0,89.0,0.0,0.0,0.0
1968-05-23,217.0,111.0,0.0,0.0,0.0
1968-05-24,267.0,172.0,15.0,0.0,0.0
1968-05-25,239.0,122.0,79.0,0.0,0.0
1968-05-26,239.0,83.0,0.0,0.0,0.0
1968-05-27,211.0,128.0,84.0,0.0,0.0
1968-05-28,172.0,67.0,373.0,0.0,0.0
1968-05-29,222.0,117.0,0.0,0.0,0.0
1968-05-30,233.0,156.0,0.0,0.0,0.0
1968-05-31,233.0,128.0,0.0,0.0,0.0
1968-06-01,228.0,144.0,0.0,0.0,0.0
1968-06-02,283.0,178.0,0.0,0.0,0.0
1968-06-03,272.0,183.0,20.0,0.0,0.0
1968-06-04,256.0,139.0,0.0,0.0,0.0
1968-06-05,272.0,128.0,0.0,0.0,0.0
1968-06-06,283.0,156.0,0.0,0.0,0.0
1968-06-07,267.0,178.0,51.0,0.0,0.0
1968-06-08,289.0,217.0,0.0,0.0,0.0
1968-06-09,294.0,217.0,0.0,0.0,0.0
1968-06-10,278.0,211.0,0.0,0.0,0.0
1968-06-11,289.0,222.0,0.0,0.0,0.0
1968-06-12,289.0,217.0,48.0,0.0,0.0
1968-06-13,250.0,178.0,28.0,0.0,0.0
1968-06-14,250.0,133.0,0.0,0.0,0.0
1968-06-15,294.0,144.0,0.0,0.0,0.0
1968-06-16,333.0,200.0,170.0,0.0,0.0
1968-06-17,317.0,183.0,361.0,0.0,0.0
1968-06-18,250.0,172.0,0.0,0.0,0.0
1968-06-19,256.0,183.0,0.0,0.0,0.0
1968-06-20,261.0,172.0,696.0,0.0,0.0
1968-06-21,250.0,128.0,0.0,0.0,0.0
1968-06-22,306.0,183.0,0.0,0.0,0.0
1968-06-23,317.0,239.0,0.0,0.0,0.0
1968-06-24,306.0,228.0,71.0,0.0,0.0
1968-06-25,322.0,228.0,0.0,0.0,0.0
1968-06-26,350.0,256.0,0.0,0.0,0.0
1968-06-27,339.0,222.0,145.0,0.0,0.0
1968-06-28,261.0,194.0,0.0,0.0,0.0
1968-06-29,306.0,144.0,0.0,0.0,0.0
1968-06-30,328.0,222.0,0.0,0.0,0.0
1968-07-01,350.0,217.0,0.0,0.0,0.0
1968-07-02,339.0,256.0,0.0,0.0,0.0
1968-07-03,322.0,217.0,130.0,0.0,0.0
1968-07-04,267.0,194.0,79.0,0.0,0.0
1968-07-05,283.0,161.0,0.0,0.0,0.0
1968-07-06,278.0,172.0,5.0,0.0,0.0
1968-07-07,272.0,178.0,0.0,0.0,0.0
1968-07-08,294.0,200.0,0.0,0.0,0.0
1968-07-09,278.0,172.0,0.0,0.0,0.0
1968-07-10,278.0,217.0,241.0,0.0,0.0
1968-07-11,267.0,211.0,51.0,0.0,0.0
1968-07-12,250.0,211.0,23.0,0.0,0.0
1968-07-13,267.0,189.0,0.0,0.0,0.0
1968-07-14,289.0,228.0,8.0,0.0,0.0
1968-07-15,300.0,233.0,58.0,0.0,0.0
1968-07-16,322.0,228.0,0.0,0.0,0.0
1968-07-17,328.0,233.0,0.0,0.0,0.0
1968-07-18,317.0,222.0,0.0,0.0,0.0
1968-07-19,306.0,233.0,58.0,0.0,0.0
1968-07-20,283.0,217.0,0.0,0.0,0.0
1968-07-21,294.0,183.0,0.0,0.0,0.0
1968-07-22,300.0,194.0,0.0,0.0,0.0
1968-07-23,322.0,211.0,0.0,0.0,0.0
1968-07-24,339.0,228.0,0.0,0.0,0.0
1968-07-25,333.0,244.0,102.0,0.0,0.0
1968-07-26,294.0,200.0,338.0,0.0,0.0
1968-07-27,267.0,222.0,0.0,0.0,0.0
1968-07-28,306.0,228.0,0.0,0.0,0.0
1968-07-29,306.0,211.0,0.0,0.0,0.0
1968-07-30,272.0,183.0,0.0,0.0,0.0
1968-07-31,283.0,222.0,86.0,0.0,0.0
1968-08-01,322.0,233.0,0.0,0.0,0.0
1968-08-02,322.0,211.0,279.0,0.0,0.0
1968-08-03,300.0,217.0,61.0,0.0,0.0
1968-08-04,333.0,217.0,152.0,0.0,0.0
1968-08-05,306.0,217.0,0.0,0.0,0.0
1968-08-06,306.0,217.0,0.0,0.0,0.0
1968-08-07,344.0,256.0,10.0,0.0,0.0
1968-08-08,311.0,217.0,0.0,0.0,0.0
1968-08-09,317.0,228.0,368.0,0.0,0.0
1968-08-10,322.0,239.0,33.0,0.0,0.0
1968-08-11,306.0,189.0,0.0,0.0,0.0
1968-08-12,267.0,189.0,0.0,0.0,0.0
1968-08-13,261.0,144.0,0.0,0.0,0.0
1968-08-14,317.0,217.0,10.0,0.0,0.0
1968-08-15,294.0,222.0,0.0,0.0,0.0
1968-08-16,294.0,200.0,0.0,0.0,0.0
1968-08-17,328.0,233.0,0.0,0.0,0.0
1968-08-18,322.0,233.0,0.0,0.0,0.0
1968-08-19,300.0,239.0,500.0,0.0,0.0
1968-08-20,333.0,167.0,0.0,0.0,0.0
1968-08-21,328.0,244.0,0.0,0.0,0.0
1968-08-22,306.0,206.0,0.0,0.0,0.0
1968-08-23,339.0,233.0,0.0,0.0,0.0
1968-08-24,333.0,244.0,0.0,0.0,0.0
1968-08-25,350.0,239.0,0.0,0.0,0.0
1968-08-26,317.0,222.0,0.0,0.0,0.0
1968-08-27,239.0,183.0,0.0,0.0,0.0
1968-08-28,233.0,189.0,0.0,0.0,0.0
1968-08-29,250.0,183.0,0.0,0.0,0.0
1968-08-30,250.0,128.0,0.0,0.0,0.0
1968-08-31,250.0,111.0,0.0,0.0,0.0
1968-09-01,222.0,189.0,417.0,0.0,0.0
1968-09-02,272.0,172.0,0.0,0.0,0.0
1968-09-03,278.0,194.0,0.0,0.0,0.0
1968-09-04,300.0,167.0,0.0,0.0,0.0
1968-09-05,283.0,194.0,0.0,0.0,0.0
1968-09-06,267.0,217.0,353.0,0.0,0.0
1968-09-07,261.0,200.0,0.0,0.0,0.0
1968-09-08,267.0,133.0,0.0,0.0,0.0
1968-09-09,256.0,172.0,0.0,0.0,0.0
1968-09-10,250.0,211.0,20.0,0.0,0.0
1968-09-11,272.0,194.0,0.0,0.0,0.0
1968-09-12,239.0,156.0,0.0,0.0,0.0
1968-09-13,267.0,117.0,0.0,0.0,0.0
1968-09-14,256.0,133.0,0.0,0.0,0.0
1968-09-15,250.0,122.0,0.0,0.0,0.0
1968-09-16,239.0,128.0,0.0,0.0,0.0
1968-09-17,250.0,133.0,0.0,0.0,0.0
1968-09-18,239.0,156.0,0.0,0.0,0.0
1968-09-19,250.0,161.0,0.0,0.0,0.0
1968-09-20,244.0,139.0,0.0,0.0,0.0
1968-09-21,250.0,117.0,0.0,0.0,0.0
1968-09-22,256.0,117.0,0.0,0.0,0.0
1968-09-23,267.0,144.0,0.0,0.0,0.0
1968-09-24,289.0,144.0,0.0,0.0,0.0
1968-09-25,294.0,161.0,0.0,0.0,0.0
1968-09-26,261.0,172.0,0.0,0.0,0.0
1968-09-27,239.0,178.0,272.0,0.0,0.0
1968-09-28,250.0,122.0,0.0,0.0,0.0
1968-09-29,222.0,133.0,0.0,0.0,0.0
1968-09-30,250.0,100.0,0.0,0.0,0.0
1968-10-01,256.0,94.0,0.0,0.0,0.0
1968-10-02,261.0,128.0,0.0,0.0,0.0
1968-10-03,300.0,183.0,36.0,0.0,0.0
1968-10-04,250.0,128.0,0.0,0.0,0.0
1968-10-05,172.0,56.0,0.0,0.0,0.0
1968-10-06,194.0,39.0,0.0,0.0,0.0
1968-10-07,222.0,167.0,160.0,0.0,0.0
1968-10-08,194.0,133.0,0.0,0.0,0.0
1968-10-09,189.0,156.0,0.0,0.0,0.0
1968-10-10,189.0,150.0,0.0,0.0,0.0
1968-10-11,217.0,139.0,0.0,0.0,0.0
1968-10-12,233.0,117.0,0.0,0.0,0.0
1968-10-13,211.0,167.0,25.0,0.0,0.0
1968-10-14,239.0,139.0,0.0,0.0,0.0
1968-10-15,228.0,172.0,0.0,0.0,0.0
1968-10-16,261.0,150.0,0.0,0.0,0.0
1968-10-17,267.0,183.0,0.0,0.0,0.0
1968-10-18,278.0,194.0,0.0,0.0,0.0
1968-10-19,228.0,189.0,224.0,0.0,0.0
1968-10-20,217.0,161.0,0.0,0.0,0.0
1968-10-21,194.0,111.0,0.0,0.0,0.0
1968-10-22,222.0,50.0,0.0,0.0,0.0
1968-10-23,233.0,150.0,0.0,0.0,0.0
1968-10-24,239.0,122.0,8.0,0.0,0.0
1968-10-25,194.0,111.0,10.0,0.0,0.0
1968-10-26,150.0,67.0,0.0,0.0,0.0
1968-10-27,183.0,44.0,0.0,0.0,0.0
1968-10-28,156.0,94.0,89.0,0.0,0.0
1968-10-29,144.0,22.0,0.0,0.0,0.0
1968-10-30,128.0,17.0,0.0,0.0,0.0
1968-10-31,133.0,-11.0,0.0,0.0,0.0
1968-11-01,183.0,22.0,0.0,0.0,0.0
1968-11-02,283.0,106.0,0.0,0.0,0.0
1968-11-03,239.0,89.0,0.0,0.0,0.0
1968-11-04,167.0,128.0,0.0,0.0,0.0
1968-11-05,183.0,128.0,0.0,0.0,0.0
1968-11-06,161.0,128.0,0.0,0.0,0.0
1968-11-07,167.0,106.0,13.0,0.0,0.0
1968-11-08,156.0,100.0,0.0,0.0,0.0
1968-11-09,122.0,67.0,61.0,0.0,0.0
1968-11-10,78.0,44.0,224.0,0.0,0.0
1968-11-11,106.0,17.0,0.0,0.0,0.0
1968-11-12,117.0,17.0,216.0,0.0,0.0
1968-11-13,83.0,22.0,0.0,0.0,0.0
1968-11-14,117.0,0.0,0.0,0.0,0.0
1968-11-15,183.0,78.0,0.0,0.0,0.0
1968-11-16,178.0,100.0,0.0,0.0,0.0
1968-11-17,167.0,100.0,0.0,0.0,0.0
1968-11-18,183.0,106.0,127.0,0.0,0.0
1968-11-19,189.0,50.0,0.0,0.0,0.0
1968-11-20,72.0,0.0,0.0,0.0,0.0
1968-11-21,72.0,-22.0,0.0,0.0,0.0
1968-11-22,183.0,17.0,0.0,0.0,0.0
1968-11-23,150.0,-22.0,0.0,0.0,0.0
1968-11-24,194.0,78.0,0.0,0.0,0.0
1968-11-25,172.0,61.0,48.0,0.0,0.0
1968-11-26,117.0,-22.0,0.0,0.0,0.0
1968-11-27,161.0,83.0,0.0,0.0,0.0
1968-11-28,172.0,94.0,0.0,0.0,0.0
1968-11-29,217.0,128.0,0.0,0.0,0.0
1968-11-30,133.0,67.0,0.0,0.0,0.0
1968-12-01,89.0,39.0,8.0,0.0,0.0
1968-12-02,122.0,67.0,61.0,0.0,0.0
1968-12-03,111.0,61.0,0.0,0.0,0.0
1968-12-04,144.0,89.0,97.0,0.0,0.0
1968-12-05,128.0,17.0,0.0,0.0,0.0
1968-12-06,78.0,-17.0,0.0,0.0,0.0
1968-12-07,56.0,-17.0,30.0,0.0,38.0
1968-12-08,44.0,-22.0,0.0,0.0,0.0
1968-12-09,22.0,-39.0,0.0,0.0,0.0
1968-12-10,11.0,-72.0,0.0,0.0,0.0
1968-12-11,17.0,-106.0,0.0,0.0,0.0
1968-12-12,56.0,-89.0,0.0,0.0,0.0
1968-12-13,128.0,-6.0,0.0,0.0,0.0
1968-12-14,106.0,39.0,91.0,0.0,0.0
1968-12-15,50.0,-17.0,0.0,0.0,0.0
1968-12-16,33.0,-72.0,0.0,0.0,0.0
1968-12-17,61.0,-39.0,0.0,0.0,0.0
1968-12-18,72.0,-72.0,0.0,0.0,0.0
1968-12-19,128.0,11.0,0.0,0.0,0.0
1968-12-20,139.0,11.0,0.0,0.0,0.0
1968-12-21,83.0,28.0,0.0,0.0,0.0
1968-12-22,44.0,-33.0,30.0,0.0,0.0
1968-12-23,100.0,33.0,193.0,0.0,0.0
1968-12-24,56.0,-22.0,0.0,0.0,0.0
1968-12-25,6.0,-56.0,0.0,0.0,0.0
1968-12-26,-17.0,-61.0,0.0,0.0,0.0
1968-12-27,83.0,-33.0,0.0,0.0,0.0
1968-12-28,194.0,44.0,28.0,0.0,0.0
1968-12-29,183.0,44.0,0.0,0.0,0.0
1968-12-30,56.0,-6.0,0.0,0.0,0.0
1968-12-31,61.0,-22.0,178.0,0.0,0.0
1969-01-01,67.0,-22.0,0.0,0.0,0.0
1969-01-02,17.0,-100.0,0.0,0.0,0.0
1969-01-03,33.0,-67.0,0.0,0.0,0.0
1969-01-04,39.0,-56.0,0.0,0.0,0.0
1969-01-05,-33.0,-78.0,0.0,0.0,0.0
1969-01-06,28.0,-111.0,0.0,0.0,0.0
1969-01-07,39.0,0.0,0.0,0.0,0.0
1969-01-08,28.0,-44.0,0.0,0.0,0.0
1969-01-09,156.0,-22.0,0.0,0.0,0.0
1969-01-10,111.0,-28.0,0.0,0.0,0.0
1969-01-11,22.0,-50.0,0.0,0.0,0.0
1969-01-12,0.0,-61.0,0.0,0.0,0.0
1969-01-13,11.0,-61.0,0.0,0.0,0.0
1969-01-14,33.0,-33.0,0.0,0.0,0.0
1969-01-15,33.0,-22.0,0.0,0.0,0.0
1969-01-16,11.0,-44.0,0.0,0.0,0.0
1969-01-17,61.0,-44.0,0.0,0.0,0.0
1969-01-18,144.0,6.0,0.0,0.0,0.0
1969-01-19,117.0,33.0,122.0,0.0,0.0
1969-01-20,44.0,11.0,71.0,0.0,0.0
1969-01-21,72.0,28.0,196.0,0.0,0.0
1969-01-22,39.0,11.0,160.0,0.0,0.0
1969-01-23,50.0,28.0,56.0,0.0,0.0
1969-01-24,78.0,44.0,0.0,0.0,0.0
1969-01-25,100.0,22.0,0.0,0.0,0.0
1969-01-26,22.0,-22.0,0.0,0.0,0.0
1969-01-27,0.0,-61.0,0.0,0.0,0.0
1969-01-28,6.0,-78.0,0.0,0.0,0.0
1969-01-29,28.0,0.0,0.0,0.0,0.0
1969-01-30,150.0,17.0,0.0,0.0,0.0
1969-01-31,189.0,67.0,0.0,0.0,0.0
1969-02-01,72.0,28.0,102.0,0.0,0.0
1969-02-02,61.0,33.0,53.0,0.0,0.0
1969-02-03,72.0,33.0,13.0,0.0,0.0
1969-02-04,50.0,-17.0,0.0,0.0,0.0
1969-02-05,83.0,0.0,0.0,0.0,0.0
1969-02-06,94.0,-33.0,0.0,0.0,0.0
1969-02-07,72.0,6.0,13.0,0.0,0.0
1969-02-08,44.0,6.0,0.0,0.0,0.0
1969-02-09,44.0,22.0,249.0,0.0,0.0
1969-02-10,44.0,-39.0,0.0,0.0,0.0
1969-02-11,61.0,-83.0,0.0,0.0,0.0
1969-02-12,78.0,-11.0,0.0,0.0,0.0
1969-02-13,50.0,-39.0,0.0,0.0,0.0
1969-02-14,11.0,-50.0,0.0,0.0,0.0
1969-02-15,33.0,-50.0,0.0,0.0,0.0
1969-02-16,17.0,-17.0,0.0,0.0,0.0
1969-02-17,28.0,-11.0,0.0,0.0,0.0
1969-02-18,17.0,-11.0,5.0,0.0,0.0
1969-02-19,61.0,11.0,0.0,0.0,0.0
1969-02-20,56.0,0.0,53.0,0.0,51.0
1969-02-21,33.0,6.0,0.0,0.0,0.0
1969-02-22,44.0,17.0,0.0,0.0,0.0
1969-02-23,39.0,17.0,610.0,0.0,0.0
1969-02-24,72.0,17.0,0.0,0.0,0.0
1969-02-25,78.0,11.0,0.0,0.0,0.0
1969-02-26,61.0,11.0,0.0,0.0,0.0
1969-02-27,44.0,0.0,0.0,0.0,0.0
1969-02-28,44.0,0.0,0.0,0.0,0.0
1969-03-01,44.0,11.0,30.0,0.0,0.0
1969-03-02,22.0,-6.0,117.0,0.0,51.0
1969-03-03,72.0,0.0,0.0,0.0,0.0
1969-03-04,67.0,6.0,0.0,0.0,0.0
1969-03-05,61.0,-22.0,0.0,0.0,0.0
1969-03-06,106.0,-33.0,0.0,0.0,0.0
1969-03-07,94.0,0.0,274.0,0.0,51.0
1969-03-08,89.0,-39.0,0.0,0.0,0.0
1969-03-09,61.0,-11.0,33.0,0.0,38.0
1969-03-10,44.0,-33.0,0.0,0.0,0.0
1969-03-11,44.0,-17.0,0.0,0.0,0.0
1969-03-12,44.0,-67.0,0.0,0.0,0.0
1969-03-13,78.0,-11.0,0.0,0.0,0.0
1969-03-14,89.0,6.0,0.0,0.0,0.0
1969-03-15,83.0,17.0,0.0,0.0,0.0
1969-03-16,100.0,-44.0,0.0,0.0,0.0
1969-03-17,139.0,-33.0,0.0,0.0,0.0
1969-03-18,133.0,44.0,0.0,0.0,0.0
1969-03-19,161.0,61.0,28.0,0.0,0.0
1969-03-20,117.0,17.0,0.0,0.0,0.0
1969-03-21,200.0,50.0,0.0,0.0,0.0
1969-03-22,178.0,50.0,0.0,0.0,0.0
1969-03-23,122.0,-28.0,0.0,0.0,0.0
1969-03-24,117.0,56.0,30.0,0.0,0.0
1969-03-25,183.0,94.0,91.0,0.0,0.0
1969-03-26,161.0,44.0,0.0,0.0,0.0
1969-03-27,100.0,17.0,0.0,0.0,0.0
1969-03-28,100.0,-28.0,0.0,0.0,0.0
1969-03-29,233.0,61.0,64.0,0.0,0.0
1969-03-30,211.0,44.0,5.0,0.0,0.0
1969-03-31,72.0,0.0,0.0,0.0,0.0
1969-04-01,106.0,-11.0,0.0,0.0,0.0
1969-04-02,267.0,83.0,0.0,0.0,0.0
1969-04-03,194.0,67.0,0.0,0.0,0.0
1969-04-04,111.0,56.0,18.0,0.0,0.0
1969-04-05,217.0,100.0,25.0,0.0,0.0
1969-04-06,211.0,89.0,112.0,0.0,0.0
1969-04-07,156.0,11.0,0.0,0.0,0.0
1969-04-08,211.0,100.0,0.0,0.0,0.0
1969-04-09,200.0,100.0,0.0,0.0,0.0
1969-04-10,250.0,144.0,15.0,0.0,0.0
1969-04-11,211.0,133.0,0.0,0.0,0.0
1969-04-12,156.0,50.0,0.0,0.0,0.0
1969-04-13,139.0,6.0,0.0,0.0,0.0
1969-04-14,156.0,44.0,0.0,0.0,0.0
1969-04-15,194.0,89.0,0.0,0.0,0.0
1969-04-16,167.0,128.0,114.0,0.0,0.0
1969-04-17,206.0,128.0,0.0,0.0,0.0
1969-04-18,200.0,122.0,244.0,0.0,0.0
1969-04-19,261.0,144.0,130.0,0.0,0.0
1969-04-20,200.0,83.0,0.0,0.0,0.0
1969-04-21,139.0,44.0,0.0,0.0,0.0
1969-04-22,144.0,83.0,76.0,0.0,0.0
1969-04-23,167.0,56.0,0.0,0.0,0.0
1969-04-24,144.0,78.0,0.0,0.0,0.0
1969-04-25,178.0,28.0,0.0,0.0,0.0
1969-04-26,217.0,50.0,0.0,0.0,0.0
1969-04-27,294.0,111.0,0.0,0.0,0.0
1969-04-28,267.0,161.0,0.0,0.0,0.0
1969-04-29,261.0,144.0,20.0,0.0,0.0
1969-04-30,200.0,106.0,0.0,0.0,0.0
1969-05-01,183.0,44.0,0.0,0.0,0.0
1969-05-02,194.0,44.0,0.0,0.0,0.0
1969-05-03,261.0,111.0,0.0,0.0,0.0
1969-05-04,278.0,150.0,0.0,0.0,0.0
1969-05-05,244.0,128.0,0.0,0.0,0.0
1969-05-06,244.0,111.0,0.0,0.0,0.0
1969-05-07,228.0,128.0,0.0,0.0,0.0
1969-05-08,294.0,144.0,0.0,0.0,0.0
1969-05-09,261.0,72.0,76.0,0.0,0.0
1969-05-10,189.0,83.0,0.0,0.0,0.0
1969-05-11,189.0,139.0,0.0,0.0,0.0
1969-05-12,194.0,56.0,0.0,0.0,0.0
1969-05-13,239.0,44.0,0.0,0.0,0.0
1969-05-14,217.0,139.0,0.0,0.0,0.0
1969-05-15,217.0,39.0,0.0,0.0,0.0
1969-05-16,222.0,128.0,0.0,0.0,0.0
1969-05-17,239.0,139.0,0.0,0.0,0.0
1969-05-18,250.0,161.0,0.0,0.0,0.0
1969-05-19,239.0,183.0,64.0,0.0,0.0
1969-05-20,256.0,183.0,38.0,0.0,0.0
1969-05-21,239.0,172.0,84.0,0.0,0.0
1969-05-22,233.0,150.0,0.0,0.0,0.0
1969-05-23,228.0,128.0,0.0,0.0,0.0
1969-05-24,211.0,133.0,0.0,0.0,0.0
1969-05-25,256.0,161.0,0.0,0.0,0.0
1969-05-26,239.0,144.0,0.0,0.0,0.0
1969-05-27,222.0,83.0,0.0,0.0,0.0
1969-05-28,267.0,100.0,0.0,0.0,0.0
1969-05-29,339.0,189.0,0.0,0.0,0.0
1969-05-30,339.0,194.0,0.0,0.0,0.0
1969-05-31,294.0,183.0,0.0,0.0,0.0
1969-06-01,306.0,189.0,0.0,0.0,0.0
1969-06-02,294.0,217.0,0.0,0.0,0.0
1969-06-03,272.0,117.0,0.0,0.0,0.0
1969-06-04,256.0,139.0,0.0,0.0,0.0
1969-06-05,256.0,183.0,0.0,0.0,0.0
1969-06-06,289.0,178.0,0.0,0.0,0.0
1969-06-07,294.0,194.0,0.0,0.0,0.0
1969-06-08,289.0,161.0,86.0,0.0,0.0
1969-06-09,267.0,189.0,0.0,0.0,0.0
1969-06-10,239.0,167.0,0.0,0.0,0.0
1969-06-11,261.0,189.0,0.0,0.0,0.0
1969-06-12,294.0,211.0,0.0,0.0,0.0
1969-06-13,300.0,222.0,0.0,0.0,0.0
1969-06-14,289.0,217.0,257.0,0.0,0.0
1969-06-15,283.0,222.0,36.0,0.0,0.0
1969-06-16,244.0,183.0,76.0,0.0,0.0
1969-06-17,267.0,194.0,0.0,0.0,0.0
1969-06-18,267.0,161.0,97.0,0.0,0.0
1969-06-19,294.0,200.0,0.0,0.0,0.0
1969-06-20,311.0,206.0,0.0,0.0,0.0
1969-06-21,283.0,211.0,0.0,0.0,0.0
1969-06-22,244.0,183.0,0.0,0.0,0.0
1969-06-23,322.0,206.0,0.0,0.0,0.0
1969-06-24,344.0,228.0,0.0,0.0,0.0
1969-06-25,333.0,222.0,0.0,0.0,0.0
1969-06-26,311.0,211.0,0.0,0.0,0.0
1969-06-27,294.0,200.0,0.0,0.0,0.0
1969-06-28,344.0,239.0,0.0,0.0,0.0
1969-06-29,333.0,233.0,0.0,0.0,0.0
1969-06-30,322.0,189.0,0.0,0.0,0.0
1969-07-01,356.0,244.0,0.0,0.0,0.0
1969-07-02,294.0,211.0,0.0,0.0,0.0
1969-07-03,278.0,217.0,251.0,0.0,0.0
1969-07-04,278.0,183.0,0.0,0.0,0.0
1969-07-05,350.0,228.0,0.0,0.0,0.0
1969-07-06,322.0,222.0,0.0,0.0,0.0
1969-07-07,294.0,217.0,69.0,0.0,0.0
1969-07-08,267.0,206.0,18.0,0.0,0.0
1969-07-09,256.0,189.0,0.0,0.0,0.0
1969-07-10,256.0,206.0,0.0,0.0,0.0
1969-07-11,283.0,222.0,25.0,0.0,0.0
1969-07-12,283.0,189.0,592.0,0.0,0.0
1969-07-13,294.0,183.0,0.0,0.0,0.0
1969-07-14,300.0,200.0,0.0,0.0,0.0
1969-07-15,322.0,206.0,0.0,0.0,0.0
1969-07-16,311.0,217.0,0.0,0.0,0.0
1969-07-17,344.0,217.0,0.0,0.0,0.0
1969-07-18,344.0,250.0,0.0,0.0,0.0
1969-07-19,328.0,250.0,38.0,0.0,0.0
1969-07-20,322.0,233.0,297.0,0.0,0.0
1969-07-21,294.0,217.0,0.0,0.0,0.0
1969-07-22,294.0,211.0,132.0,0.0,0.0
1969-07-23,272.0,233.0,51.0,0.0,0.0
1969-07-24,267.0,206.0,0.0,0.0,0.0
1969-07-25,261.0,200.0,48.0,0.0,0.0
1969-07-26,278.0,217.0,10.0,0.0,0.0
1969-07-27,294.0,228.0,23.0,0.0,0.0
1969-07-28,294.0,211.0,198.0,0.0,0.0
1969-07-29,278.0,211.0,61.0,0.0,0.0
1969-07-30,294.0,222.0,20.0,0.0,0.0
1969-07-31,300.0,222.0,0.0,0.0,0.0
1969-08-01,294.0,217.0,53.0,0.0,0.0
1969-08-02,306.0,222.0,0.0,0.0,0.0
1969-08-03,278.0,217.0,99.0,0.0,0.0
1969-08-04,267.0,211.0,445.0,0.0,0.0
1969-08-05,250.0,189.0,399.0,0.0,0.0
1969-08-06,289.0,189.0,0.0,0.0,0.0
1969-08-07,311.0,194.0,0.0,0.0,0.0
1969-08-08,317.0,211.0,0.0,0.0,0.0
1969-08-09,322.0,211.0,41.0,0.0,0.0
1969-08-10,267.0,194.0,97.0,0.0,0.0
1969-08-11,272.0,194.0,0.0,0.0,0.0
1969-08-12,283.0,167.0,0.0,0.0,0.0
1969-08-13,278.0,211.0,0.0,0.0,0.0
1969-08-14,294.0,233.0,0.0,0.0,0.0
1969-08-15,306.0,222.0,0.0,0.0,0.0
1969-08-16,294.0,228.0,0.0,0.0,0.0
1969-08-17,322.0,233.0,0.0,0.0,0.0
1969-08-18,322.0,228.0,76.0,0.0,0.0
1969-08-19,311.0,222.0,0.0,0.0,0.0
1969-08-20,283.0,211.0,1232.0,0.0,0.0
1969-08-21,244.0,172.0,0.0,0.0,0.0
1969-08-22,256.0,133.0,0.0,0.0,0.0
1969-08-23,289.0,133.0,0.0,0.0,0.0
1969-08-24,306.0,161.0,0.0,0.0,0.0
1969-08-25,322.0,189.0,0.0,0.0,0.0
1969-08-26,311.0,206.0,10.0,0.0,0.0
1969-08-27,272.0,178.0,0.0,0.0,0.0
1969-08-28,261.0,139.0,0.0,0.0,0.0
1969-08-29,256.0,139.0,0.0,0.0,0.0
1969-08-30,283.0,161.0,0.0,0.0,0.0
1969-08-31,294.0,178.0,0.0,0.0,0.0
1969-09-01,306.0,200.0,0.0,0.0,0.0
1969-09-02,294.0,217.0,0.0,0.0,0.0
1969-09-03,283.0,217.0,0.0,0.0,0.0
1969-09-04,289.0,189.0,0.0,0.0,0.0
1969-09-05,289.0,222.0,0.0,0.0,0.0
1969-09-06,317.0,206.0,0.0,0.0,0.0
1969-09-07,311.0,211.0,0.0,0.0,0.0
1969-09-08,300.0,211.0,51.0,0.0,0.0
1969-09-09,256.0,200.0,25.0,0.0,0.0
1969-09-10,239.0,156.0,0.0,0.0,0.0
1969-09-11,239.0,139.0,0.0,0.0,0.0
1969-09-12,256.0,111.0,0.0,0.0,0.0
1969-09-13,267.0,111.0,0.0,0.0,0.0
1969-09-14,294.0,133.0,0.0,0.0,0.0
1969-09-15,272.0,156.0,0.0,0.0,0.0
1969-09-16,283.0,189.0,0.0,0.0,0.0
1969-09-17,294.0,206.0,38.0,0.0,0.0
1969-09-18,239.0,178.0,0.0,0.0,0.0
1969-09-19,211.0,161.0,0.0,0.0,0.0
1969-09-20,189.0,156.0,58.0,0.0,0.0
1969-09-21,211.0,161.0,51.0,0.0,0.0
1969-09-22,228.0,156.0,0.0,0.0,0.0
1969-09-23,233.0,78.0,0.0,0.0,0.0
1969-09-24,233.0,78.0,25.0,0.0,0.0
1969-09-25,239.0,183.0,94.0,0.0,0.0
1969-09-26,239.0,172.0,0.0,0.0,0.0
1969-09-27,256.0,150.0,0.0,0.0,0.0
1969-09-28,228.0,172.0,0.0,0.0,0.0
1969-09-29,206.0,128.0,0.0,0.0,0.0
1969-09-30,222.0,67.0,0.0,0.0,0.0
1969-10-01,250.0,100.0,0.0,0.0,0.0
1969-10-02,222.0,189.0,251.0,0.0,0.0
1969-10-03,272.0,200.0,0.0,0.0,0.0
1969-10-04,244.0,189.0,0.0,0.0,0.0
1969-10-05,206.0,156.0,0.0,0.0,0.0
1969-10-06,206.0,144.0,0.0,0.0,0.0
1969-10-07,239.0,150.0,0.0,0.0,0.0
1969-10-08,222.0,178.0,86.0,0.0,0.0
1969-10-09,228.0,172.0,0.0,0.0,0.0
1969-10-10,228.0,72.0,0.0,0.0,0.0
1969-10-11,228.0,128.0,0.0,0.0,0.0
1969-10-12,233.0,167.0,0.0,0.0,0.0
1969-10-13,217.0,183.0,0.0,0.0,0.0
1969-10-14,239.0,189.0,0.0,0.0,0.0
1969-10-15,194.0,78.0,0.0,0.0,0.0
1969-10-16,211.0,94.0,0.0,0.0,0.0
1969-10-17,200.0,111.0,0.0,0.0,0.0
1969-10-18,172.0,94.0,0.0,0.0,0.0
1969-10-19,239.0,56.0,0.0,0.0,0.0
1969-10-20,289.0,122.0,0.0,0.0,0.0
1969-10-21,239.0,172.0,0.0,0.0,0.0
1969-10-22,211.0,83.0,0.0,0.0,0.0
1969-10-23,150.0,39.0,0.0,0.0,0.0
1969-10-24,106.0,28.0,0.0,0.0,0.0
1969-10-25,167.0,-6.0,0.0,0.0,0.0
1969-10-26,144.0,89.0,0.0,0.0,0.0
1969-10-27,189.0,100.0,0.0,0.0,0.0
1969-10-28,156.0,78.0,0.0,0.0,0.0
1969-10-29,117.0,50.0,0.0,0.0,0.0
1969-10-30,167.0,67.0,0.0,0.0,0.0
1969-10-31,200.0,100.0,0.0,0.0,0.0
1969-11-01,194.0,133.0,0.0,0.0,0.0
1969-11-02,189.0,133.0,135.0,0.0,0.0
1969-11-03,194.0,144.0,0.0,0.0,0.0
1969-11-04,161.0,111.0,0.0,0.0,0.0
1969-11-05,128.0,83.0,0.0,0.0,0.0
1969-11-06,133.0,67.0,0.0,0.0,0.0
1969-11-07,117.0,50.0,38.0,0.0,0.0
1969-11-08,106.0,50.0,0.0,0.0,0.0
1969-11-09,117.0,67.0,25.0,0.0,0.0
1969-11-10,150.0,106.0,0.0,0.0,0.0
1969-11-11,167.0,94.0,0.0,0.0,0.0
1969-11-12,144.0,44.0,109.0,0.0,0.0
1969-11-13,122.0,56.0,0.0,0.0,0.0
1969-11-14,133.0,67.0,0.0,0.0,0.0
1969-11-15,128.0,-17.0,0.0,0.0,0.0
1969-11-16,111.0,-33.0,0.0,0.0,0.0
1969-11-17,128.0,-17.0,0.0,0.0,0.0
1969-11-18,167.0,22.0,0.0,0.0,0.0
1969-11-19,183.0,117.0,140.0,0.0,0.0
1969-11-20,156.0,22.0,0.0,0.0,0.0
1969-11-21,56.0,-11.0,0.0,0.0,0.0
1969-11-22,100.0,-56.0,0.0,0.0,0.0
1969-11-23,189.0,56.0,0.0,0.0,0.0
1969-11-24,144.0,78.0,0.0,0.0,0.0
1969-11-25,117.0,-28.0,0.0,0.0,0.0
1969-11-26,128.0,61.0,0.0,0.0,0.0
1969-11-27,100.0,-22.0,0.0,0.0,0.0
1969-11-28,111.0,67.0,0.0,0.0,0.0
1969-11-29,100.0,17.0,0.0,0.0,0.0
1969-11-30,89.0,0.0,0.0,0.0,0.0
1969-12-01,106.0,6.0,0.0,,
1969-12-02,44.0,-17.0,0.0,,
1969-12-03,111.0,-28.0,0.0,,
1969-12-04,67.0,-17.0,0.0,,
1969-12-05,56.0,-22.0,0.0,,
1969-12-06,56.0,-28.0,0.0,,
1969-12-07,78.0,-33.0,221.0,,
1969-12-08,117.0,56.0,0.0,,
1969-12-09,72.0,44.0,0.0,,
1969-12-10,128.0,56.0,452.0,,
1969-12-11,156.0,72.0,0.0,,
1969-12-12,111.0,33.0,0.0,,
1969-12-13,72.0,0.0,0.0,,
1969-12-14,100.0,-39.0,155.0,,
1969-12-15,72.0,22.0,0.0,,
1969-12-16,50.0,0.0,0.0,,
1969-12-17,28.0,-28.0,0.0,,
1969-12-18,44.0,-39.0,0.0,,
1969-12-19,83.0,33.0,0.0,,
1969-12-20,50.0,-6.0,0.0,,
1969-12-21,50.0,-67.0,0.0,,
1969-12-22,106.0,6.0,206.0,,
1969-12-23,33.0,-28.0,0.0,,
1969-12-24,28.0,-6.0,0.0,,
1969-12-25,6.0,-33.0,279.0,,
1969-12-26,33.0,-17.0,254.0,,
1969-12-27,44.0,-6.0,0.0,,
1969-12-28,61.0,-28.0,0.0,,
1969-12-29,56.0,6.0,0.0,,
1969-12-30,61.0,17.0,84.0,,
1969-12-31,78.0,22.0,64.0,,
1970-01-01,44.0,-6.0,8.0,0.0,0.0
1970-01-02,44.0,-39.0,0.0,0.0,0.0
1970-01-03,50.0,-22.0,0.0,0.0,0.0
1970-01-04,22.0,-39.0,0.0,0.0,0.0
1970-01-05,72.0,-117.0,0.0,0.0,0.0
1970-01-06,39.0,0.0,23.0,25.0,20.0
1970-01-07,6.0,-67.0,127.0,152.0,122.0
1970-01-08,-17.0,-111.0,0.0,152.0,0.0
1970-01-09,-89.0,-156.0,0.0,152.0,0.0
1970-01-10,-22.0,-156.0,0.0,127.0,0.0
1970-01-11,-11.0,-144.0,0.0,102.0,0.0
1970-01-12,22.0,-44.0,13.0,127.0,13.0
1970-01-13,28.0,-39.0,0.0,102.0,0.0
1970-01-14,17.0,-100.0,0.0,76.0,0.0
1970-01-15,-11.0,-89.0,0.0,76.0,0.0
1970-01-16,44.0,-106.0,0.0,51.0,0.0
1970-01-17,100.0,-28.0,89.0,25.0,0.0
1970-01-18,100.0,17.0,46.0,0.0,0.0
1970-01-19,56.0,-50.0,0.0,0.0,0.0
1970-01-20,-33.0,-61.0,33.0,51.0,51.0
1970-01-21,-50.0,-122.0,0.0,51.0,0.0
1970-01-22,-56.0,-111.0,0.0,51.0,0.0
1970-01-23,-6.0,-139.0,0.0,25.0,0.0
1970-01-24,-6.0,-61.0,0.0,25.0,0.0
1970-01-25,94.0,-33.0,0.0,0.0,0.0
1970-01-26,172.0,28.0,0.0,0.0,0.0
1970-01-27,72.0,0.0,0.0,0.0,0.0
1970-01-28,83.0,-39.0,0.0,0.0,0.0
1970-01-29,244.0,33.0,66.0,0.0,0.0
1970-01-30,150.0,17.0,0.0,0.0,0.0
1970-01-31,78.0,-50.0,0.0,0.0,0.0
1970-02-01,144.0,6.0,0.0,0.0,0.0
1970-02-02,100.0,33.0,56.0,0.0,0.0
1970-02-03,117.0,22.0,244.0,0.0,0.0
1970-02-04,22.0,-111.0,0.0,0.0,0.0
1970-02-05,17.0,-111.0,0.0,0.0,0.0
1970-02-06,56.0,-33.0,0.0,0.0,0.0
1970-02-07,50.0,-28.0,0.0,0.0,0.0
1970-02-08,44.0,-33.0,0.0,0.0,0.0
1970-02-09,67.0,22.0,150.0,0.0,0.0
1970-02-10,83.0,50.0,10.0,0.0,0.0
1970-02-11,106.0,17.0,0.0,0.0,0.0
1970-02-12,94.0,-17.0,0.0,0.0,0.0
1970-02-13,72.0,-22.0,0.0,0.0,0.0
1970-02-14,33.0,-17.0,0.0,0.0,0.0
1970-02-15,44.0,-22.0,28.0,0.0,0.0
1970-02-16,39.0,0.0,5.0,0.0,0.0
1970-02-17,17.0,-67.0,201.0,0.0,0.0
1970-02-18,50.0,-6.0,0.0,0.0,0.0
1970-02-19,189.0,22.0,0.0,0.0,0.0
1970-02-20,78.0,-22.0,0.0,0.0,0.0
1970-02-21,56.0,-39.0,0.0,0.0,0.0
1970-02-22,161.0,-44.0,0.0,0.0,0.0
1970-02-23,144.0,61.0,0.0,0.0,0.0
1970-02-24,156.0,-39.0,0.0,0.0,0.0
1970-02-25,156.0,33.0,8.0,0.0,0.0
1970-02-26,72.0,-89.0,0.0,0.0,0.0
1970-02-27,100.0,-67.0,0.0,0.0,0.0
1970-02-28,89.0,11.0,0.0,0.0,0.0
1970-03-01,50.0,-44.0,0.0,0.0,0.0
1970-03-02,106.0,17.0,0.0,0.0,0.0
1970-03-03,100.0,28.0,20.0,0.0,0.0
1970-03-04,61.0,28.0,20.0,0.0,0.0
1970-03-05,89.0,39.0,41.0,0.0,0.0
1970-03-06,72.0,33.0,0.0,0.0,0.0
1970-03-07,100.0,-28.0,0.0,0.0,0.0
1970-03-08,144.0,39.0,0.0,0.0,0.0
1970-03-09,111.0,6.0,0.0,0.0,0.0
1970-03-10,56.0,17.0,0.0,0.0,0.0
1970-03-11,94.0,17.0,0.0,0.0,0.0
1970-03-12,89.0,17.0,99.0,0.0,0.0
1970-03-13,72.0,17.0,0.0,0.0,0.0
1970-03-14,72.0,6.0,0.0,0.0,0.0
1970-03-15,56.0,-50.0,0.0,0.0,0.0
1970-03-16,44.0,-22.0,0.0,0.0,0.0
1970-03-17,44.0,-11.0,0.0,0.0,0.0
1970-03-18,83.0,22.0,165.0,0.0,0.0
1970-03-19,83.0,28.0,0.0,0.0,0.0
1970-03-20,72.0,44.0,102.0,0.0,0.0
1970-03-21,94.0,50.0,0.0,0.0,0.0
1970-03-22,78.0,44.0,71.0,0.0,0.0
1970-03-23,144.0,17.0,10.0,0.0,0.0
1970-03-24,139.0,17.0,0.0,0.0,0.0
1970-03-25,122.0,-17.0,0.0,0.0,0.0
1970-03-26,178.0,56.0,124.0,0.0,0.0
1970-03-27,144.0,44.0,0.0,0.0,0.0
1970-03-28,133.0,6.0,0.0,0.0,0.0
1970-03-29,117.0,22.0,196.0,0.0,0.0
1970-03-30,33.0,0.0,15.0,0.0,0.0
1970-03-31,72.0,22.0,102.0,0.0,0.0
1970-04-01,100.0,0.0,13.0,0.0,0.0
1970-04-02,233.0,50.0,152.0,0.0,0.0
1970-04-03,228.0,28.0,0.0,0.0,0.0
1970-04-04,189.0,39.0,0.0,0.0,0.0
1970-04-05,128.0,44.0,0.0,0.0,0.0
1970-04-06,94.0,39.0,104.0,0.0,0.0
1970-04-07,122.0,44.0,0.0,0.0,0.0
1970-04-08,161.0,33.0,0.0,0.0,0.0
1970-04-09,278.0,83.0,15.0,0.0,0.0
1970-04-10,261.0,39.0,0.0,0.0,0.0
1970-04-11,189.0,39.0,0.0,0.0,0.0
1970-04-12,117.0,-6.0,0.0,0.0,0.0
1970-04-13,139.0,33.0,38.0,0.0,0.0
1970-04-14,139.0,56.0,91.0,0.0,0.0
1970-04-15,106.0,72.0,10.0,0.0,0.0
1970-04-16,183.0,72.0,0.0,0.0,0.0
1970-04-17,178.0,50.0,0.0,0.0,0.0
1970-04-18,183.0,94.0,0.0,0.0,0.0
1970-04-19,178.0,67.0,0.0,0.0,0.0
1970-04-20,211.0,78.0,25.0,0.0,0.0
1970-04-21,289.0,100.0,0.0,0.0,0.0
1970-04-22,183.0,67.0,0.0,0.0,0.0
1970-04-23,172.0,122.0,79.0,0.0,0.0
1970-04-24,261.0,117.0,0.0,0.0,0.0
1970-04-25,261.0,122.0,0.0,0.0,0.0
1970-04-26,183.0,128.0,122.0,0.0,0.0
1970-04-27,172.0,122.0,58.0,0.0,0.0
1970-04-28,183.0,100.0,8.0,0.0,0.0
1970-04-29,228.0,139.0,0.0,0.0,0.0
1970-04-30,211.0,122.0,0.0,0.0,0.0
1970-05-01,228.0,128.0,0.0,0.0,0.0
1970-05-02,228.0,150.0,0.0,0.0,0.0
1970-05-03,217.0,106.0,25.0,0.0,0.0
1970-05-04,128.0,106.0,211.0,0.0,0.0
1970-05-05,206.0,67.0,0.0,0.0,0.0
1970-05-06,211.0,106.0,0.0,0.0,0.0
1970-05-07,167.0,61.0,0.0,0.0,0.0
1970-05-08,256.0,67.0,0.0,0.0,0.0
1970-05-09,306.0,167.0,0.0,0.0,0.0
1970-05-10,317.0,183.0,0.0,0.0,0.0
1970-05-11,300.0,206.0,0.0,0.0,0.0
1970-05-12,278.0,172.0,0.0,0.0,0.0
1970-05-13,289.0,172.0,0.0,0.0,0.0
1970-05-14,278.0,178.0,0.0,0.0,0.0
1970-05-15,261.0,128.0,0.0,0.0,0.0
1970-05-16,206.0,133.0,0.0,0.0,0.0
1970-05-17,200.0,122.0,185.0,0.0,0.0
1970-05-18,206.0,106.0,0.0,0.0,0.0
1970-05-19,267.0,100.0,0.0,0.0,0.0
1970-05-20,300.0,156.0,0.0,0.0,0.0
1970-05-21,278.0,144.0,0.0,0.0,0.0
1970-05-22,250.0,139.0,0.0,0.0,0.0
1970-05-23,317.0,206.0,0.0,0.0,0.0
1970-05-24,289.0,211.0,0.0,0.0,0.0
1970-05-25,272.0,172.0,28.0,0.0,0.0
1970-05-26,267.0,200.0,119.0,0.0,0.0
1970-05-27,233.0,167.0,0.0,0.0,0.0
1970-05-28,217.0,150.0,0.0,0.0,0.0
1970-05-29,217.0,111.0,0.0,0.0,0.0
1970-05-30,228.0,144.0,0.0,0.0,0.0
1970-05-31,256.0,144.0,0.0,0.0,0.0
