DATE,TMAX,TMIN,PRCP,SNWD,SNOW
1998-09-01,311.0,139.0,0.0,,0.0
1998-09-02,289.0,139.0,0.0,0.0,0.0
1998-09-03,289.0,144.0,0.0,0.0,0.0
1998-09-04,289.0,144.0,0.0,0.0,0.0
1998-09-05,289.0,161.0,0.0,0.0,0.0
1998-09-06,311.0,172.0,0.0,0.0,0.0
1998-09-07,344.0,194.0,0.0,0.0,0.0
1998-09-08,311.0,139.0,264.0,0.0,0.0
1998-09-09,228.0,72.0,0.0,0.0,0.0
1998-09-10,217.0,72.0,0.0,0.0,0.0
1998-09-11,239.0,72.0,0.0,0.0,0.0
1998-09-12,278.0,78.0,0.0,0.0,0.0
1998-09-13,311.0,117.0,0.0,0.0,0.0
1998-09-14,328.0,122.0,0.0,0.0,0.0
1998-09-15,361.0,133.0,0.0,0.0,0.0
1998-09-16,328.0,156.0,0.0,0.0,0.0
1998-09-17,322.0,167.0,0.0,0.0,0.0
1998-09-18,306.0,172.0,0.0,0.0,0.0
1998-09-19,317.0,178.0,0.0,0.0,0.0
1998-09-20,300.0,167.0,30.0,0.0,0.0
1998-09-21,317.0,167.0,0.0,0.0,0.0
1998-09-22,239.0,183.0,201.0,0.0,0.0
1998-09-23,261.0,106.0,5.0,0.0,0.0
1998-09-24,211.0,56.0,0.0,0.0,0.0
1998-09-25,267.0,61.0,0.0,0.0,0.0
1998-09-26,283.0,150.0,0.0,0.0,0.0
1998-09-27,317.0,161.0,0.0,0.0,0.0
1998-09-28,317.0,172.0,0.0,0.0,0.0
1998-09-29,289.0,117.0,0.0,0.0,0.0
1998-09-30,317.0,106.0,3.0,0.0,0.0
1998-10-01,294.0,161.0,0.0,,0.0
1998-10-02,222.0,39.0,0.0,,0.0
1998-10-03,217.0,44.0,0.0,,0.0
1998-10-04,156.0,89.0,61.0,,0.0
1998-10-05,200.0,133.0,3.0,,0.0
1998-10-06,294.0,133.0,0.0,,0.0
1998-10-07,294.0,133.0,0.0,,0.0
1998-10-08,211.0,133.0,218.0,,0.0
1998-10-09,156.0,117.0,8.0,,0.0
1998-10-10,167.0,78.0,0.0,,0.0
1998-10-11,178.0,78.0,0.0,,0.0
1998-10-12,183.0,67.0,0.0,,0.0
1998-10-13,239.0,56.0,0.0,,0.0
1998-10-14,233.0,28.0,0.0,,0.0
1998-10-15,172.0,22.0,0.0,,0.0
1998-10-16,211.0,17.0,0.0,,0.0
1998-10-17,267.0,39.0,0.0,,0.0
1998-10-18,289.0,44.0,0.0,,0.0
1998-10-19,278.0,89.0,38.0,,0.0
1998-10-20,194.0,50.0,0.0,,0.0
1998-10-21,194.0,44.0,0.0,,0.0
1998-10-22,161.0,33.0,33.0,,0.0
1998-10-23,117.0,-11.0,0.0,,0.0
1998-10-24,161.0,-17.0,0.0,,0.0
1998-10-25,211.0,-17.0,0.0,,0.0
1998-10-26,217.0,-11.0,0.0,,0.0
1998-10-27,222.0,-11.0,0.0,,0.0
1998-10-28,233.0,33.0,0.0,,0.0
1998-10-29,161.0,67.0,18.0,,0.0
1998-10-30,217.0,33.0,20.0,,0.0
1998-10-31,183.0,72.0,61.0,,0.0
1998-11-01,183.0,50.0,0.0,0.0,0.0
1998-11-02,,,,0.0,0.0
1998-11-03,,,,0.0,0.0
1998-11-04,,,,0.0,0.0
1998-11-05,,,,0.0,0.0
1998-11-06,,,,0.0,0.0
1998-11-07,,,0.0,0.0,0.0
1998-11-08,117.0,-11.0,13.0,0.0,0.0
1998-11-09,67.0,22.0,8.0,0.0,0.0
1998-11-10,156.0,61.0,74.0,0.0,0.0
1998-11-11,256.0,78.0,99.0,0.0,0.0
1998-11-12,144.0,-39.0,0.0,0.0,0.0
1998-11-13,139.0,-44.0,0.0,0.0,0.0
1998-11-14,156.0,17.0,0.0,0.0,0.0
1998-11-15,156.0,39.0,5.0,0.0,0.0
1998-11-16,161.0,-17.0,0.0,0.0,0.0
1998-11-17,200.0,-11.0,0.0,0.0,0.0
1998-11-18,106.0,-22.0,0.0,0.0,0.0
1998-11-19,167.0,-28.0,0.0,0.0,0.0
1998-11-20,211.0,61.0,0.0,0.0,0.0
1998-11-21,100.0,-39.0,66.0,0.0,0.0
1998-11-22,83.0,-72.0,0.0,0.0,0.0
1998-11-23,111.0,-67.0,0.0,0.0,0.0
1998-11-24,217.0,-44.0,3.0,0.0,0.0
1998-11-25,161.0,-33.0,0.0,0.0,0.0
1998-11-26,,,,0.0,0.0
1998-11-27,,,,0.0,0.0
1998-11-28,,,,0.0,0.0
1998-11-29,,,,0.0,0.0
1998-11-30,,,0.0,0.0,0.0
1998-12-01,244.0,0.0,10.0,0.0,0.0
1998-12-02,167.0,-39.0,0.0,0.0,0.0
1998-12-03,217.0,-39.0,0.0,0.0,0.0
1998-12-04,206.0,28.0,0.0,0.0,0.0
1998-12-05,228.0,56.0,3.0,0.0,0.0
1998-12-06,194.0,78.0,18.0,0.0,0.0
1998-12-07,250.0,150.0,0.0,0.0,0.0
1998-12-08,194.0,117.0,259.0,0.0,0.0
1998-12-09,122.0,6.0,124.0,0.0,0.0
1998-12-10,100.0,-22.0,0.0,0.0,0.0
1998-12-11,78.0,-22.0,0.0,0.0,0.0
1998-12-12,94.0,-17.0,0.0,0.0,0.0
1998-12-13,72.0,6.0,107.0,0.0,0.0
1998-12-14,61.0,-39.0,36.0,0.0,0.0
1998-12-15,39.0,-56.0,0.0,0.0,0.0
1998-12-16,28.0,-61.0,0.0,0.0,0.0
1998-12-17,106.0,-67.0,41.0,0.0,0.0
1998-12-18,50.0,-61.0,5.0,0.0,0.0
1998-12-19,83.0,-61.0,0.0,0.0,0.0
1998-12-20,106.0,0.0,23.0,0.0,0.0
1998-12-21,139.0,22.0,3.0,0.0,0.0
1998-12-22,206.0,6.0,157.0,0.0,0.0
1998-12-23,6.0,-94.0,0.0,0.0,0.0
1998-12-24,-56.0,-89.0,25.0,25.0,25.0
1998-12-25,-6.0,-139.0,0.0,25.0,0.0
1998-12-26,17.0,-144.0,0.0,0.0,0.0
1998-12-27,61.0,-83.0,0.0,0.0,0.0
1998-12-28,83.0,-67.0,0.0,0.0,0.0
1998-12-29,33.0,0.0,48.0,0.0,0.0
1998-12-30,67.0,-94.0,25.0,0.0,0.0
1998-12-31,-39.0,-94.0,23.0,51.0,51.0
1999-01-01,-22.0,-139.0,0.0,51.0,13.0
1999-01-02,-22.0,-89.0,3.0,0.0,0.0
1999-01-03,67.0,-22.0,91.0,0.0,0.0
1999-01-04,-17.0,-94.0,0.0,0.0,0.0
1999-01-05,-56.0,-150.0,3.0,0.0,5.0
1999-01-06,-61.0,-150.0,0.0,0.0,0.0
1999-01-07,22.0,-83.0,30.0,0.0,5.0
1999-01-08,-6.0,-56.0,173.0,0.0,0.0
1999-01-09,100.0,-17.0,343.0,0.0,3.0
1999-01-10,-17.0,-89.0,8.0,0.0,5.0
1999-01-11,11.0,-78.0,0.0,0.0,0.0
1999-01-12,89.0,-56.0,0.0,0.0,0.0
1999-01-13,144.0,89.0,0.0,0.0,0.0
1999-01-14,139.0,17.0,51.0,0.0,0.0
1999-01-15,28.0,-44.0,180.0,76.0,74.0
1999-01-16,-22.0,-89.0,0.0,76.0,0.0
1999-01-17,139.0,-67.0,0.0,0.0,0.0
1999-01-18,150.0,-44.0,8.0,0.0,0.0
1999-01-19,117.0,11.0,38.0,0.0,0.0
1999-01-20,117.0,-11.0,5.0,0.0,0.0
1999-01-21,150.0,6.0,0.0,0.0,0.0
1999-01-22,122.0,22.0,104.0,0.0,0.0
1999-01-23,250.0,39.0,0.0,0.0,0.0
1999-01-24,167.0,61.0,191.0,0.0,0.0
1999-01-25,61.0,-33.0,0.0,0.0,0.0
1999-01-26,72.0,-33.0,0.0,0.0,0.0
1999-01-27,128.0,-28.0,0.0,0.0,0.0
1999-01-28,217.0,-28.0,0.0,0.0,0.0
1999-01-29,178.0,22.0,0.0,0.0,0.0
1999-01-30,67.0,-50.0,0.0,0.0,0.0
1999-01-31,117.0,-50.0,0.0,0.0,0.0
1999-02-01,89.0,28.0,74.0,0.0,0.0
1999-02-02,106.0,33.0,43.0,0.0,0.0
1999-02-03,133.0,-17.0,10.0,0.0,0.0
1999-02-04,133.0,-17.0,20.0,0.0,0.0
1999-02-05,111.0,-56.0,0.0,0.0,0.0
1999-02-06,106.0,-56.0,18.0,0.0,0.0
1999-02-07,167.0,33.0,53.0,0.0,0.0
1999-02-08,200.0,28.0,36.0,0.0,0.0
1999-02-09,128.0,-6.0,0.0,0.0,0.0
1999-02-10,167.0,-17.0,0.0,0.0,0.0
1999-02-11,178.0,-22.0,0.0,0.0,0.0
1999-02-12,256.0,28.0,20.0,0.0,0.0
1999-02-13,89.0,-67.0,89.0,51.0,109.0
1999-02-14,-17.0,-67.0,5.0,25.0,0.0
1999-02-15,44.0,-83.0,0.0,0.0,0.0
1999-02-16,144.0,-56.0,0.0,0.0,0.0
1999-02-17,183.0,-50.0,13.0,0.0,0.0
1999-02-18,89.0,17.0,5.0,0.0,0.0
1999-02-19,39.0,-56.0,0.0,0.0,0.0
1999-02-20,50.0,-61.0,0.0,0.0,0.0
1999-02-21,44.0,-56.0,0.0,0.0,0.0
1999-02-22,6.0,-83.0,0.0,0.0,0.0
1999-02-23,11.0,-78.0,0.0,0.0,0.0
1999-02-24,28.0,-72.0,0.0,0.0,0.0
1999-02-25,44.0,-72.0,20.0,0.0,13.0
1999-02-26,50.0,-39.0,25.0,0.0,13.0
1999-02-27,83.0,-50.0,0.0,0.0,0.0
1999-02-28,106.0,-39.0,224.0,0.0,0.0
1999-03-01,106.0,17.0,51.0,0.0,0.0
1999-03-02,50.0,-28.0,18.0,0.0,0.0
1999-03-03,139.0,-28.0,58.0,0.0,0.0
1999-03-04,78.0,-17.0,218.0,51.0,51.0
1999-03-05,39.0,-44.0,0.0,0.0,0.0
1999-03-06,139.0,-33.0,66.0,0.0,0.0
1999-03-07,111.0,-61.0,25.0,25.0,15.0
1999-03-08,22.0,-100.0,3.0,0.0,0.0
1999-03-09,56.0,-100.0,41.0,25.0,25.0
1999-03-10,50.0,0.0,119.0,0.0,0.0
1999-03-11,11.0,-78.0,5.0,0.0,0.0
1999-03-12,28.0,-89.0,0.0,0.0,0.0
1999-03-13,78.0,-83.0,0.0,0.0,0.0
1999-03-14,67.0,-72.0,51.0,0.0,5.0
1999-03-15,28.0,6.0,251.0,0.0,0.0
1999-03-16,89.0,-61.0,0.0,0.0,0.0
1999-03-17,172.0,-56.0,0.0,0.0,0.0
1999-03-18,250.0,-28.0,5.0,0.0,0.0
1999-03-19,150.0,-28.0,0.0,0.0,0.0
1999-03-20,128.0,-50.0,0.0,0.0,0.0
1999-03-21,172.0,-44.0,5.0,0.0,0.0
1999-03-22,156.0,-44.0,0.0,0.0,0.0
1999-03-23,106.0,-44.0,0.0,0.0,0.0
1999-03-24,56.0,-39.0,99.0,0.0,0.0
1999-03-25,89.0,-11.0,51.0,0.0,0.0
1999-03-26,111.0,-22.0,0.0,0.0,0.0
1999-03-27,117.0,-50.0,0.0,0.0,0.0
1999-03-28,150.0,-33.0,0.0,0.0,0.0
1999-03-29,183.0,-11.0,0.0,0.0,0.0
1999-03-30,183.0,-33.0,0.0,0.0,0.0
1999-03-31,200.0,-17.0,0.0,0.0,0.0
1999-04-01,228.0,-17.0,18.0,0.0,0.0
1999-04-02,189.0,83.0,5.0,0.0,0.0
1999-04-03,244.0,83.0,0.0,0.0,0.0
1999-04-04,289.0,94.0,25.0,0.0,0.0
1999-04-05,261.0,78.0,0.0,0.0,0.0
1999-04-06,261.0,78.0,0.0,0.0,0.0
1999-04-07,278.0,61.0,0.0,0.0,0.0
1999-04-08,244.0,33.0,0.0,0.0,0.0
1999-04-09,283.0,39.0,13.0,0.0,0.0
1999-04-10,283.0,72.0,66.0,0.0,0.0
1999-04-11,194.0,72.0,71.0,0.0,0.0
1999-04-12,267.0,83.0,5.0,0.0,0.0
1999-04-13,89.0,-11.0,18.0,0.0,0.0
1999-04-14,178.0,-17.0,0.0,0.0,0.0
1999-04-15,206.0,-17.0,23.0,0.0,0.0
1999-04-16,217.0,78.0,124.0,0.0,0.0
1999-04-17,144.0,72.0,0.0,0.0,0.0
1999-04-18,128.0,50.0,8.0,0.0,0.0
1999-04-19,133.0,28.0,0.0,0.0,0.0
1999-04-20,189.0,39.0,84.0,0.0,0.0
1999-04-21,183.0,44.0,13.0,0.0,0.0
1999-04-22,244.0,67.0,58.0,0.0,0.0
1999-04-23,306.0,72.0,0.0,0.0,0.0
1999-04-24,283.0,67.0,5.0,0.0,0.0
1999-04-25,200.0,0.0,0.0,0.0,0.0
1999-04-26,256.0,28.0,0.0,0.0,0.0
1999-04-27,189.0,72.0,5.0,0.0,0.0
1999-04-28,228.0,139.0,114.0,0.0,0.0
1999-04-29,161.0,106.0,13.0,0.0,0.0
1999-04-30,189.0,39.0,0.0,0.0,0.0
1999-05-01,233.0,22.0,0.0,0.0,0.0
1999-05-02,244.0,22.0,0.0,0.0,0.0
1999-05-03,,,0.0,0.0,0.0
1999-05-04,,,0.0,0.0,0.0
1999-05-05,,,0.0,0.0,0.0
1999-05-06,,,0.0,0.0,0.0
1999-05-07,,,0.0,0.0,0.0
1999-05-08,,,89.0,,
1999-05-09,228.0,139.0,0.0,,0.0
1999-05-10,250.0,89.0,0.0,,0.0
1999-05-11,278.0,78.0,0.0,,0.0
1999-05-12,306.0,78.0,0.0,0.0,0.0
1999-05-13,294.0,106.0,0.0,0.0,0.0
1999-05-14,233.0,133.0,10.0,0.0,0.0
1999-05-15,211.0,56.0,0.0,0.0,0.0
1999-05-16,267.0,67.0,0.0,0.0,0.0
1999-05-17,272.0,94.0,0.0,0.0,0.0
1999-05-18,289.0,117.0,0.0,0.0,0.0
1999-05-19,283.0,122.0,94.0,0.0,0.0
1999-05-20,228.0,78.0,0.0,0.0,0.0
1999-05-21,239.0,67.0,0.0,0.0,0.0
1999-05-22,278.0,67.0,0.0,0.0,0.0
1999-05-23,244.0,139.0,94.0,0.0,0.0
1999-05-24,239.0,133.0,107.0,0.0,0.0
1999-05-25,178.0,78.0,8.0,0.0,0.0
1999-05-26,211.0,83.0,0.0,0.0,0.0
1999-05-27,222.0,100.0,0.0,0.0,0.0
1999-05-28,239.0,56.0,0.0,0.0,0.0
1999-05-29,272.0,83.0,0.0,0.0,0.0
1999-05-30,294.0,94.0,0.0,0.0,0.0
1999-05-31,289.0,144.0,0.0,0.0,0.0
1999-06-01,306.0,189.0,0.0,0.0,0.0
1999-06-02,256.0,172.0,0.0,0.0,0.0
1999-06-03,278.0,172.0,8.0,0.0,0.0
1999-06-04,267.0,117.0,0.0,0.0,0.0
1999-06-05,267.0,106.0,0.0,0.0,0.0
1999-06-06,300.0,133.0,0.0,0.0,0.0
1999-06-07,317.0,167.0,0.0,0.0,0.0
1999-06-08,317.0,167.0,0.0,0.0,0.0
1999-06-09,333.0,172.0,0.0,0.0,0.0
1999-06-10,350.0,161.0,0.0,0.0,0.0
1999-06-11,367.0,172.0,0.0,0.0,0.0
1999-06-12,339.0,172.0,0.0,0.0,0.0
1999-06-13,333.0,133.0,0.0,0.0,0.0
1999-06-14,328.0,150.0,0.0,0.0,0.0
1999-06-15,239.0,161.0,30.0,0.0,0.0
1999-06-16,261.0,128.0,0.0,0.0,0.0
1999-06-17,200.0,128.0,25.0,0.0,0.0
1999-06-18,222.0,83.0,0.0,0.0,0.0
1999-06-19,239.0,67.0,0.0,0.0,0.0
1999-06-20,267.0,78.0,0.0,0.0,0.0
1999-06-21,289.0,111.0,0.0,0.0,0.0
1999-06-22,294.0,111.0,0.0,0.0,0.0
1999-06-23,317.0,128.0,0.0,0.0,0.0
1999-06-24,317.0,133.0,0.0,0.0,0.0
1999-06-25,294.0,172.0,0.0,0.0,0.0
1999-06-26,306.0,167.0,0.0,0.0,0.0
1999-06-27,333.0,183.0,0.0,0.0,0.0
1999-06-28,322.0,211.0,246.0,0.0,0.0
1999-06-29,,,0.0,0.0,0.0
1999-06-30,,,0.0,0.0,0.0
1999-07-01,,,0.0,0.0,0.0
1999-07-02,,,0.0,0.0,0.0
1999-07-03,,,0.0,0.0,0.0
1999-07-04,,,0.0,0.0,0.0
1999-07-05,,,0.0,0.0,0.0
1999-07-06,,,0.0,0.0,0.0
1999-07-07,,,0.0,0.0,0.0
1999-07-08,,,0.0,0.0,0.0
1999-07-09,,,0.0,0.0,0.0
1999-07-10,,,0.0,0.0,0.0
1999-07-11,,,0.0,0.0,0.0
1999-07-12,,,0.0,0.0,0.0
1999-07-13,,,0.0,0.0,0.0
1999-07-14,,,0.0,0.0,0.0
1999-07-15,,,0.0,0.0,0.0
1999-07-16,,,0.0,0.0,0.0
1999-07-17,,,0.0,0.0,0.0
1999-07-18,356.0,189.0,64.0,0.0,0.0
1999-07-19,317.0,200.0,119.0,0.0,0.0
1999-07-20,344.0,206.0,46.0,0.0,0.0
1999-07-21,306.0,206.0,165.0,0.0,0.0
1999-07-22,328.0,211.0,25.0,0.0,0.0
1999-07-23,350.0,217.0,0.0,0.0,0.0
1999-07-24,356.0,217.0,10.0,0.0,0.0
1999-07-25,322.0,200.0,122.0,0.0,0.0
1999-07-26,350.0,178.0,0.0,0.0,0.0
1999-07-27,350.0,183.0,0.0,0.0,0.0
1999-07-28,322.0,194.0,0.0,0.0,0.0
1999-07-29,322.0,206.0,282.0,0.0,0.0
1999-07-30,344.0,211.0,269.0,0.0,0.0
1999-07-31,328.0,217.0,0.0,0.0,0.0
1999-08-01,356.0,228.0,0.0,0.0,0.0
1999-08-02,311.0,200.0,61.0,0.0,0.0
1999-08-03,283.0,139.0,0.0,0.0,0.0
1999-08-04,289.0,139.0,0.0,0.0,0.0
1999-08-05,311.0,144.0,0.0,0.0,0.0
1999-08-06,300.0,128.0,0.0,0.0,0.0
1999-08-07,306.0,133.0,0.0,0.0,0.0
1999-08-08,328.0,156.0,0.0,0.0,0.0
1999-08-09,250.0,161.0,203.0,0.0,0.0
1999-08-10,261.0,128.0,0.0,0.0,0.0
1999-08-11,300.0,128.0,0.0,0.0,0.0
1999-08-12,317.0,156.0,0.0,0.0,0.0
1999-08-13,317.0,161.0,0.0,0.0,0.0
1999-08-14,333.0,178.0,188.0,0.0,0.0
1999-08-15,222.0,178.0,10.0,0.0,0.0
1999-08-16,267.0,150.0,0.0,0.0,0.0
1999-08-17,311.0,161.0,0.0,0.0,0.0
1999-08-18,339.0,161.0,0.0,0.0,0.0
1999-08-19,294.0,167.0,0.0,0.0,0.0
1999-08-20,317.0,167.0,51.0,0.0,0.0
1999-08-21,261.0,150.0,0.0,0.0,0.0
1999-08-22,278.0,128.0,0.0,0.0,0.0
1999-08-23,278.0,139.0,0.0,0.0,0.0
1999-08-24,311.0,167.0,0.0,0.0,0.0
1999-08-25,306.0,172.0,452.0,0.0,0.0
1999-08-26,289.0,178.0,5.0,0.0,0.0
1999-08-27,267.0,161.0,0.0,0.0,0.0
1999-08-28,283.0,161.0,0.0,0.0,0.0
1999-08-29,294.0,172.0,0.0,0.0,0.0
1999-08-30,311.0,128.0,0.0,0.0,0.0
1999-08-31,244.0,83.0,0.0,0.0,0.0
1999-09-01,267.0,83.0,0.0,0.0,0.0
1999-09-02,289.0,83.0,0.0,0.0,0.0
1999-09-03,311.0,100.0,0.0,0.0,0.0
1999-09-04,333.0,117.0,0.0,0.0,0.0
1999-09-05,322.0,122.0,28.0,0.0,0.0
1999-09-06,272.0,189.0,53.0,0.0,0.0
1999-09-07,289.0,172.0,56.0,0.0,0.0
1999-09-08,272.0,139.0,0.0,0.0,0.0
1999-09-09,306.0,139.0,0.0,0.0,0.0
1999-09-10,272.0,111.0,10.0,0.0,0.0
1999-09-11,256.0,78.0,0.0,0.0,0.0
1999-09-12,283.0,78.0,0.0,0.0,0.0
1999-09-13,317.0,100.0,0.0,0.0,0.0
1999-09-14,267.0,144.0,25.0,0.0,0.0
1999-09-15,256.0,78.0,0.0,0.0,0.0
1999-09-16,244.0,83.0,0.0,0.0,0.0
1999-09-17,233.0,67.0,0.0,0.0,0.0
1999-09-18,228.0,56.0,0.0,0.0,0.0
1999-09-19,256.0,56.0,0.0,0.0,0.0
1999-09-20,278.0,89.0,0.0,0.0,0.0
1999-09-21,194.0,128.0,89.0,0.0,0.0
1999-09-22,194.0,28.0,0.0,0.0,0.0
1999-09-23,189.0,28.0,0.0,0.0,0.0
1999-09-24,244.0,28.0,0.0,0.0,0.0
1999-09-25,283.0,44.0,0.0,0.0,0.0
1999-09-26,294.0,72.0,0.0,0.0,0.0
1999-09-27,306.0,78.0,0.0,0.0,0.0
1999-09-28,261.0,133.0,114.0,0.0,0.0
1999-09-29,300.0,150.0,0.0,0.0,0.0
1999-09-30,267.0,78.0,130.0,0.0,0.0
1999-10-01,194.0,39.0,0.0,0.0,0.0
1999-10-02,228.0,39.0,0.0,0.0,0.0
1999-10-03,261.0,44.0,0.0,0.0,0.0
1999-10-04,267.0,78.0,203.0,0.0,0.0
1999-10-05,200.0,72.0,135.0,0.0,0.0
1999-10-06,178.0,44.0,0.0,0.0,0.0
1999-10-07,206.0,44.0,0.0,0.0,0.0
1999-10-08,222.0,44.0,0.0,0.0,0.0
1999-10-09,267.0,44.0,5.0,0.0,0.0
1999-10-10,178.0,144.0,300.0,0.0,0.0
1999-10-11,228.0,167.0,249.0,0.0,0.0
1999-10-12,228.0,61.0,5.0,0.0,0.0
1999-10-13,261.0,72.0,0.0,0.0,0.0
1999-10-14,239.0,56.0,163.0,0.0,0.0
1999-10-15,161.0,28.0,0.0,0.0,0.0
1999-10-18,,,8.0,0.0,
1999-10-19,156.0,33.0,0.0,0.0,0.0
1999-10-20,150.0,50.0,84.0,0.0,0.0
1999-10-21,156.0,22.0,5.0,0.0,0.0
1999-10-22,172.0,22.0,0.0,0.0,0.0
1999-10-23,178.0,39.0,0.0,0.0,0.0
1999-10-24,94.0,33.0,20.0,0.0,0.0
1999-10-25,72.0,-22.0,0.0,0.0,0.0
1999-10-26,167.0,-22.0,0.0,0.0,0.0
1999-10-27,206.0,-17.0,0.0,0.0,0.0
1999-10-28,189.0,-17.0,0.0,0.0,0.0
1999-10-29,250.0,-11.0,0.0,0.0,0.0
1999-10-30,261.0,11.0,0.0,0.0,0.0
1999-10-31,261.0,22.0,0.0,0.0,0.0
1999-11-01,256.0,56.0,0.0,0.0,0.0
1999-11-02,278.0,56.0,117.0,0.0,0.0
1999-11-03,156.0,17.0,297.0,0.0,0.0
1999-11-04,72.0,-50.0,0.0,0.0,0.0
1999-11-05,172.0,-50.0,0.0,0.0,0.0
1999-11-06,211.0,-33.0,0.0,0.0,0.0
1999-11-07,217.0,-6.0,0.0,0.0,0.0
1999-11-08,167.0,-28.0,0.0,0.0,0.0
1999-11-09,,,0.0,0.0,0.0
1999-11-10,,,0.0,0.0,0.0
1999-11-11,,,0.0,0.0,0.0
1999-11-12,217.0,61.0,0.0,0.0,0.0
1999-11-13,194.0,17.0,0.0,0.0,0.0
1999-11-14,200.0,28.0,0.0,0.0,0.0
1999-11-15,222.0,-22.0,0.0,0.0,0.0
1999-11-16,111.0,-33.0,0.0,0.0,0.0
1999-11-17,89.0,-72.0,0.0,0.0,0.0
1999-11-18,67.0,-72.0,0.0,0.0,0.0
1999-11-19,178.0,-72.0,0.0,0.0,0.0
1999-11-20,206.0,-39.0,5.0,0.0,0.0
1999-11-21,144.0,44.0,5.0,0.0,0.0
1999-11-22,228.0,33.0,0.0,0.0,0.0
1999-11-23,244.0,33.0,0.0,0.0,0.0
1999-11-24,250.0,33.0,8.0,0.0,0.0
1999-11-25,,,,0.0,0.0
1999-11-26,,,,0.0,0.0
1999-11-27,,,,0.0,0.0
1999-11-28,150.0,-11.0,0.0,0.0,0.0
1999-11-29,111.0,-22.0,0.0,0.0,0.0
1999-11-30,89.0,-67.0,0.0,0.0,0.0
1999-12-01,39.0,-94.0,0.0,0.0,0.0
1999-12-02,50.0,-94.0,0.0,0.0,0.0
1999-12-03,150.0,-83.0,0.0,0.0,0.0
1999-12-04,200.0,-39.0,36.0,0.0,0.0
1999-12-05,200.0,11.0,5.0,0.0,0.0
1999-12-06,189.0,11.0,38.0,0.0,0.0
1999-12-07,83.0,-6.0,5.0,0.0,0.0
1999-12-08,78.0,-61.0,0.0,0.0,0.0
1999-12-09,139.0,-61.0,0.0,0.0,0.0
1999-12-10,128.0,-33.0,109.0,0.0,0.0
1999-12-11,156.0,-61.0,38.0,0.0,0.0
1999-12-12,78.0,-61.0,0.0,0.0,0.0
1999-12-13,161.0,-17.0,104.0,0.0,0.0
1999-12-14,122.0,67.0,295.0,0.0,0.0
1999-12-15,117.0,-17.0,25.0,0.0,0.0
1999-12-16,156.0,-17.0,5.0,0.0,0.0
1999-12-17,78.0,-50.0,0.0,0.0,0.0
1999-12-18,133.0,-28.0,0.0,0.0,0.0
1999-12-19,128.0,-22.0,0.0,0.0,0.0
1999-12-20,172.0,6.0,0.0,0.0,0.0
1999-12-21,161.0,-17.0,0.0,0.0,0.0
1999-12-22,-6.0,-67.0,3.0,0.0,3.0
1999-12-23,33.0,-78.0,0.0,0.0,0.0
1999-12-24,28.0,-50.0,18.0,25.0,25.0
1999-12-25,0.0,-144.0,0.0,25.0,0.0
1999-12-26,6.0,-139.0,0.0,0.0,0.0
1999-12-27,44.0,-39.0,0.0,0.0,0.0
1999-12-28,0.0,-50.0,3.0,25.0,13.0
1999-12-29,-22.0,-50.0,25.0,76.0,76.0
1999-12-30,39.0,-67.0,0.0,0.0,0.0
1999-12-31,156.0,-28.0,0.0,0.0,0.0
2000-01-01,144.0,-50.0,0.0,0.0,0.0
2000-01-02,161.0,-33.0,0.0,0.0,0.0
2000-01-03,239.0,78.0,30.0,0.0,0.0
2000-01-04,217.0,117.0,99.0,0.0,0.0
2000-01-05,117.0,-17.0,13.0,0.0,5.0
2000-01-06,6.0,-83.0,0.0,0.0,0.0
2000-01-07,111.0,-83.0,0.0,0.0,0.0
2000-01-08,100.0,-83.0,0.0,0.0,0.0
2000-01-09,61.0,-83.0,25.0,0.0,0.0
2000-01-10,67.0,11.0,18.0,0.0,0.0
2000-01-11,156.0,11.0,13.0,0.0,0.0
2000-01-12,117.0,-56.0,13.0,0.0,0.0
2000-01-13,156.0,-56.0,13.0,0.0,0.0
2000-01-14,133.0,-89.0,8.0,0.0,3.0
2000-01-15,0.0,-100.0,0.0,0.0,0.0
2000-01-16,128.0,-89.0,0.0,0.0,0.0
2000-01-17,139.0,-83.0,0.0,0.0,0.0
2000-01-18,6.0,-78.0,8.0,25.0,13.0
2000-01-19,-17.0,-50.0,0.0,0.0,0.0
2000-01-20,28.0,-17.0,48.0,51.0,43.0
2000-01-21,6.0,-128.0,5.0,51.0,5.0
2000-01-22,-50.0,-167.0,0.0,0.0,0.0
2000-01-23,-28.0,-150.0,18.0,25.0,25.0
2000-01-24,28.0,-28.0,0.0,0.0,0.0
2000-01-25,-6.0,-122.0,0.0,0.0,0.0
2000-01-26,-39.0,-128.0,5.0,25.0,25.0
2000-01-27,-33.0,-156.0,3.0,25.0,3.0
2000-01-28,-44.0,-183.0,0.0,0.0,0.0
2000-01-29,-22.0,-183.0,0.0,0.0,0.0
2000-01-30,50.0,-94.0,53.0,0.0,0.0
2000-01-31,28.0,-33.0,28.0,0.0,3.0
2000-02-01,6.0,-50.0,0.0,0.0,0.0
2000-02-02,6.0,-56.0,5.0,0.0,0.0
2000-02-03,39.0,-67.0,0.0,0.0,0.0
2000-02-04,56.0,-17.0,5.0,0.0,0.0
2000-02-05,28.0,-22.0,8.0,25.0,13.0
2000-02-06,28.0,-67.0,0.0,0.0,0.0
2000-02-07,56.0,-67.0,0.0,0.0,0.0
2000-02-08,117.0,-67.0,0.0,0.0,0.0
2000-02-09,117.0,-72.0,0.0,0.0,0.0
2000-02-10,150.0,-67.0,0.0,0.0,0.0
2000-02-11,178.0,0.0,25.0,0.0,0.0
2000-02-12,111.0,-6.0,3.0,0.0,0.0
2000-02-13,39.0,-6.0,0.0,0.0,0.0
2000-02-14,183.0,11.0,361.0,0.0,0.0
2000-02-15,111.0,-11.0,8.0,0.0,0.0
2000-02-16,144.0,-11.0,0.0,0.0,0.0
2000-02-17,183.0,-33.0,0.0,0.0,0.0
2000-02-18,89.0,-33.0,102.0,0.0,0.0
2000-02-19,167.0,0.0,767.0,0.0,0.0
2000-02-20,44.0,0.0,8.0,0.0,0.0
2000-02-21,28.0,-44.0,0.0,0.0,0.0
2000-02-22,117.0,-28.0,0.0,0.0,0.0
2000-02-23,128.0,6.0,23.0,0.0,0.0
2000-02-24,211.0,33.0,0.0,0.0,0.0
2000-02-25,222.0,33.0,0.0,0.0,0.0
2000-02-26,250.0,39.0,0.0,0.0,0.0
2000-02-27,272.0,50.0,8.0,0.0,0.0
2000-02-28,150.0,-6.0,46.0,0.0,0.0
2000-02-29,144.0,-44.0,0.0,0.0,0.0
2000-03-01,206.0,-44.0,0.0,0.0,0.0
2000-03-02,206.0,6.0,13.0,0.0,0.0
2000-03-03,100.0,-56.0,0.0,0.0,0.0
2000-03-04,94.0,-56.0,0.0,0.0,0.0
2000-03-05,206.0,-17.0,0.0,0.0,0.0
2000-03-06,206.0,-6.0,0.0,0.0,0.0
2000-03-07,228.0,-6.0,0.0,0.0,0.0
2000-03-08,261.0,0.0,0.0,0.0,0.0
2000-03-09,283.0,33.0,0.0,0.0,0.0
2000-03-10,256.0,17.0,33.0,0.0,0.0
2000-03-11,194.0,17.0,89.0,0.0,0.0
2000-03-12,78.0,-6.0,155.0,0.0,3.0
2000-03-13,61.0,-72.0,0.0,0.0,0.0
2000-03-14,89.0,-61.0,0.0,0.0,0.0
2000-03-15,178.0,-33.0,0.0,0.0,0.0
2000-03-16,228.0,6.0,5.0,0.0,0.0
2000-03-17,128.0,17.0,112.0,0.0,0.0
2000-03-18,61.0,-44.0,10.0,0.0,0.0
2000-03-19,133.0,-33.0,0.0,0.0,0.0
2000-03-20,172.0,72.0,58.0,0.0,0.0
2000-03-21,133.0,67.0,155.0,0.0,0.0
2000-03-22,117.0,22.0,5.0,0.0,0.0
2000-03-23,167.0,11.0,0.0,0.0,0.0
2000-03-24,206.0,11.0,0.0,0.0,0.0
2000-03-25,267.0,44.0,0.0,0.0,0.0
2000-03-26,261.0,44.0,0.0,0.0,0.0
2000-03-27,206.0,17.0,0.0,0.0,0.0
2000-03-28,167.0,0.0,18.0,0.0,0.0
2000-03-29,106.0,33.0,53.0,0.0,0.0
2000-03-30,144.0,0.0,0.0,0.0,0.0
2000-03-31,172.0,-28.0,0.0,0.0,0.0
2000-04-01,178.0,-33.0,0.0,0.0,0.0
2000-04-02,250.0,-28.0,0.0,0.0,0.0
2000-04-03,211.0,33.0,30.0,0.0,0.0
2000-04-04,233.0,83.0,262.0,0.0,0.0
2000-04-05,106.0,-11.0,23.0,0.0,0.0
2000-04-06,150.0,-11.0,0.0,0.0,0.0
2000-04-07,222.0,61.0,0.0,0.0,0.0
2000-04-08,278.0,61.0,51.0,0.0,0.0
2000-04-09,117.0,-11.0,89.0,0.0,0.0
2000-04-10,128.0,6.0,0.0,0.0,0.0
2000-04-11,194.0,17.0,0.0,0.0,0.0
2000-04-12,183.0,28.0,76.0,0.0,0.0
2000-04-13,83.0,-11.0,0.0,0.0,0.0
2000-04-14,167.0,-6.0,0.0,0.0,0.0
2000-04-15,256.0,17.0,0.0,0.0,0.0
2000-04-16,256.0,72.0,3.0,0.0,0.0
2000-04-17,239.0,128.0,51.0,0.0,0.0
2000-04-18,211.0,83.0,292.0,0.0,0.0
2000-04-19,100.0,78.0,25.0,0.0,0.0
2000-04-20,178.0,61.0,0.0,0.0,0.0
2000-04-21,289.0,61.0,46.0,0.0,0.0
2000-04-22,128.0,56.0,81.0,0.0,0.0
2000-04-23,100.0,22.0,5.0,0.0,0.0
2000-04-24,194.0,28.0,0.0,0.0,0.0
2000-04-25,133.0,78.0,145.0,0.0,0.0
2000-04-26,167.0,17.0,28.0,0.0,0.0
2000-04-27,178.0,-6.0,0.0,0.0,0.0
2000-04-28,206.0,0.0,0.0,0.0,0.0
2000-04-29,233.0,17.0,0.0,0.0,0.0
2000-04-30,222.0,22.0,0.0,0.0,0.0
2000-05-01,233.0,28.0,0.0,0.0,0.0
2000-05-02,272.0,44.0,86.0,0.0,0.0
2000-05-03,233.0,56.0,0.0,0.0,0.0
2000-05-04,294.0,56.0,0.0,0.0,0.0
2000-05-05,,,0.0,0.0,0.0
2000-05-06,,,0.0,0.0,0.0
2000-05-07,,,0.0,0.0,0.0
2000-05-08,,,0.0,0.0,0.0
2000-05-09,300.0,150.0,0.0,0.0,0.0
2000-05-10,300.0,167.0,0.0,0.0,0.0
2000-05-11,233.0,56.0,0.0,0.0,0.0
2000-05-12,278.0,67.0,0.0,0.0,0.0
2000-05-13,311.0,156.0,0.0,0.0,0.0
2000-05-14,261.0,72.0,38.0,0.0,0.0
2000-05-15,194.0,33.0,0.0,0.0,0.0
2000-05-16,206.0,33.0,0.0,0.0,0.0
2000-05-17,261.0,39.0,13.0,0.0,0.0
2000-05-18,267.0,94.0,5.0,0.0,0.0
2000-05-19,311.0,133.0,0.0,0.0,0.0
2000-05-20,244.0,172.0,203.0,0.0,0.0
2000-05-21,217.0,133.0,28.0,0.0,0.0
2000-05-22,228.0,139.0,0.0,0.0,0.0
2000-05-24,,,,,
2000-05-25,283.0,161.0,43.0,,0.0
2000-05-26,244.0,83.0,5.0,,0.0
2000-05-27,256.0,94.0,0.0,,0.0
2000-05-28,228.0,172.0,439.0,,0.0
2000-05-29,233.0,139.0,43.0,0.0,0.0
2000-05-30,194.0,111.0,8.0,0.0,0.0
2000-05-31,261.0,117.0,0.0,0.0,0.0
2000-06-01,283.0,122.0,0.0,0.0,0.0
2000-06-02,300.0,172.0,0.0,0.0,0.0
2000-06-03,300.0,156.0,137.0,0.0,0.0
2000-06-04,244.0,100.0,0.0,0.0,0.0
2000-06-05,256.0,128.0,0.0,0.0,0.0
2000-06-06,267.0,122.0,0.0,0.0,0.0
2000-06-07,161.0,67.0,0.0,0.0,0.0
2000-06-08,244.0,78.0,0.0,0.0,0.0
2000-06-09,300.0,94.0,0.0,0.0,0.0
2000-06-10,311.0,194.0,0.0,0.0,0.0
2000-06-11,317.0,217.0,0.0,0.0,0.0
2000-06-12,322.0,200.0,0.0,0.0,0.0
2000-06-13,317.0,194.0,0.0,0.0,0.0
2000-06-14,333.0,189.0,0.0,0.0,0.0
2000-06-15,317.0,178.0,61.0,0.0,0.0
2000-06-16,289.0,178.0,71.0,0.0,0.0
2000-06-17,300.0,194.0,0.0,0.0,0.0
2000-06-18,294.0,194.0,244.0,0.0,0.0
2000-06-19,267.0,178.0,165.0,0.0,0.0
2000-06-20,239.0,161.0,28.0,0.0,0.0
2000-06-21,294.0,167.0,18.0,0.0,0.0
2000-06-22,311.0,178.0,282.0,0.0,0.0
2000-06-23,283.0,178.0,0.0,0.0,0.0
2000-06-24,,,,0.0,0.0
2000-06-25,,,,0.0,0.0
2000-06-26,,,,0.0,0.0
2000-06-27,,,,0.0,0.0
2000-06-28,,,,0.0,0.0
2000-06-29,,,,0.0,0.0
2000-06-30,261.0,128.0,0.0,0.0,0.0
2000-07-01,261.0,133.0,0.0,0.0,0.0
2000-07-02,278.0,128.0,0.0,0.0,0.0
2000-07-03,294.0,156.0,0.0,0.0,0.0
2000-07-04,306.0,167.0,554.0,0.0,0.0
2000-07-05,289.0,217.0,8.0,0.0,0.0
2000-07-06,250.0,178.0,211.0,0.0,0.0
2000-07-07,294.0,167.0,0.0,0.0,0.0
2000-07-08,278.0,133.0,0.0,0.0,0.0
2000-07-09,283.0,144.0,0.0,0.0,0.0
2000-07-10,311.0,144.0,0.0,0.0,0.0
2000-07-11,,,,0.0,0.0
2000-07-12,,,,0.0,0.0
2000-07-13,,,,0.0,0.0
2000-07-14,,,,0.0,0.0
2000-07-15,,,,0.0,0.0
2000-07-16,,,,0.0,0.0
2000-07-17,,,,0.0,0.0
2000-07-18,,,,0.0,0.0
2000-07-19,,,0.0,0.0,0.0
2000-07-20,239.0,144.0,264.0,0.0,0.0
2000-07-21,244.0,144.0,0.0,0.0,0.0
2000-07-22,267.0,161.0,0.0,0.0,0.0
2000-07-23,261.0,133.0,0.0,0.0,0.0
2000-07-24,256.0,144.0,0.0,0.0,0.0
2000-07-25,239.0,139.0,0.0,0.0,0.0
2000-07-26,261.0,139.0,0.0,0.0,0.0
2000-07-27,289.0,144.0,0.0,0.0,0.0
2000-07-28,306.0,172.0,0.0,0.0,0.0
2000-07-29,300.0,172.0,208.0,0.0,0.0
2000-07-30,267.0,183.0,165.0,0.0,0.0
2000-07-31,289.0,189.0,5.0,0.0,0.0
2000-08-01,278.0,189.0,43.0,0.0,0.0
2000-08-02,283.0,189.0,13.0,0.0,0.0
2000-08-03,294.0,189.0,0.0,0.0,0.0
2000-08-04,294.0,194.0,8.0,0.0,0.0
2000-08-05,239.0,144.0,0.0,0.0,0.0
2000-08-06,267.0,161.0,36.0,0.0,0.0
2000-08-07,294.0,189.0,3.0,0.0,0.0
2000-08-08,311.0,189.0,8.0,0.0,0.0
2000-08-09,300.0,189.0,71.0,0.0,0.0
2000-08-10,306.0,194.0,498.0,0.0,0.0
2000-08-11,283.0,178.0,0.0,0.0,0.0
2000-08-12,278.0,150.0,0.0,0.0,0.0
2000-08-13,267.0,139.0,0.0,0.0,0.0
2000-08-14,267.0,144.0,0.0,0.0,0.0
2000-08-15,283.0,150.0,0.0,0.0,0.0
2000-08-16,294.0,161.0,0.0,0.0,0.0
2000-08-17,306.0,144.0,0.0,0.0,0.0
2000-08-18,250.0,144.0,71.0,0.0,0.0
2000-08-19,,,18.0,,
2000-08-20,,,0.0,,0.0
2000-08-21,261.0,144.0,0.0,,0.0
2000-08-22,283.0,144.0,0.0,,0.0
2000-08-23,289.0,167.0,0.0,0.0,0.0
2000-08-24,250.0,189.0,81.0,0.0,0.0
2000-08-25,233.0,200.0,30.0,0.0,0.0
2000-08-26,272.0,172.0,5.0,0.0,0.0
2000-08-27,211.0,172.0,5.0,0.0,0.0
2000-08-28,272.0,178.0,30.0,0.0,0.0
2000-08-29,261.0,172.0,0.0,0.0,0.0
2000-08-30,300.0,172.0,0.0,0.0,0.0
2000-08-31,300.0,172.0,0.0,0.0,0.0
2000-09-01,300.0,183.0,0.0,0.0,0.0
2000-09-02,306.0,206.0,150.0,0.0,0.0
2000-09-03,306.0,206.0,94.0,0.0,0.0
2000-09-04,283.0,200.0,0.0,0.0,0.0
2000-09-05,283.0,172.0,137.0,0.0,0.0
2000-09-06,200.0,122.0,0.0,0.0,0.0
2000-09-07,244.0,100.0,0.0,0.0,0.0
2000-09-08,267.0,100.0,0.0,0.0,0.0
2000-09-09,244.0,167.0,5.0,0.0,0.0
2000-09-10,289.0,194.0,0.0,0.0,0.0
2000-09-11,300.0,200.0,48.0,0.0,0.0
2000-09-12,283.0,200.0,3.0,0.0,0.0
2000-09-13,283.0,194.0,38.0,0.0,0.0
2000-09-14,272.0,167.0,0.0,0.0,0.0
2000-09-15,261.0,128.0,0.0,0.0,0.0
2000-09-16,206.0,61.0,3.0,0.0,0.0
2000-09-17,178.0,44.0,0.0,0.0,0.0
2000-09-18,217.0,44.0,0.0,0.0,0.0
2000-09-19,222.0,83.0,0.0,0.0,0.0
2000-09-20,278.0,100.0,0.0,0.0,0.0
2000-09-21,294.0,100.0,36.0,0.0,0.0
2000-09-22,222.0,94.0,0.0,0.0,0.0
2000-09-23,256.0,106.0,3.0,0.0,0.0
2000-09-24,294.0,144.0,61.0,0.0,0.0
2000-09-25,233.0,133.0,81.0,0.0,0.0
2000-09-26,144.0,83.0,318.0,0.0,0.0
2000-09-27,144.0,72.0,5.0,0.0,0.0
2000-09-28,200.0,72.0,0.0,0.0,0.0
2000-09-29,217.0,72.0,0.0,0.0,0.0
2000-09-30,206.0,67.0,0.0,0.0,0.0
2000-10-01,233.0,78.0,0.0,0.0,0.0
2000-10-02,244.0,83.0,0.0,0.0,0.0
2000-10-03,272.0,89.0,0.0,0.0,0.0
2000-10-04,289.0,122.0,0.0,0.0,0.0
2000-10-05,294.0,128.0,0.0,0.0,0.0
2000-10-06,294.0,139.0,15.0,0.0,0.0
2000-10-07,183.0,33.0,56.0,0.0,0.0
2000-10-08,100.0,-17.0,0.0,0.0,0.0
2000-10-09,117.0,-6.0,0.0,0.0,0.0
2000-10-10,100.0,-6.0,0.0,0.0,0.0
2000-10-11,172.0,-17.0,0.0,0.0,0.0
2000-10-12,206.0,-17.0,0.0,0.0,0.0
2000-10-13,233.0,-6.0,0.0,0.0,0.0
2000-10-14,244.0,-6.0,0.0,0.0,0.0
2000-10-15,261.0,11.0,0.0,0.0,0.0
2000-10-16,267.0,56.0,0.0,0.0,0.0
2000-10-17,239.0,94.0,5.0,0.0,0.0
2000-10-18,222.0,128.0,81.0,0.0,0.0
2000-10-19,206.0,56.0,3.0,0.0,0.0
2000-10-20,222.0,39.0,0.0,0.0,0.0
2000-10-21,256.0,33.0,0.0,0.0,0.0
2000-10-22,244.0,78.0,0.0,0.0,0.0
2000-10-23,261.0,100.0,0.0,0.0,0.0
2000-10-24,272.0,94.0,0.0,0.0,0.0
2000-10-25,183.0,111.0,163.0,0.0,0.0
2000-10-26,261.0,117.0,5.0,0.0,0.0
2000-10-27,267.0,94.0,0.0,0.0,0.0
2000-10-28,261.0,94.0,0.0,0.0,0.0
2000-10-29,172.0,-6.0,0.0,0.0,0.0
2000-10-30,161.0,-28.0,0.0,0.0,0.0
2000-10-31,183.0,-28.0,0.0,0.0,0.0
2000-11-01,200.0,-28.0,0.0,0.0,0.0
2000-11-02,217.0,-28.0,0.0,0.0,0.0
2000-11-03,261.0,0.0,0.0,0.0,0.0
2000-11-04,228.0,94.0,5.0,0.0,0.0
2000-11-05,156.0,-17.0,0.0,0.0,0.0
2000-11-06,150.0,-39.0,0.0,0.0,0.0
2000-11-07,211.0,-39.0,43.0,0.0,0.0
2000-11-08,206.0,100.0,5.0,0.0,0.0
2000-11-09,222.0,100.0,23.0,0.0,0.0
2000-11-10,217.0,61.0,86.0,0.0,0.0
2000-11-11,83.0,50.0,3.0,0.0,0.0
2000-11-12,100.0,-17.0,0.0,0.0,0.0
2000-11-13,144.0,-11.0,0.0,0.0,0.0
2000-11-16,,,18.0,,
2000-11-17,,,0.0,0.0,0.0
2000-11-18,33.0,-17.0,0.0,0.0,0.0
2000-11-19,22.0,-22.0,0.0,0.0,0.0
2000-11-20,67.0,-56.0,0.0,0.0,0.0
2000-11-21,56.0,-44.0,8.0,0.0,8.0
2000-11-22,-6.0,-117.0,0.0,0.0,0.0
2000-11-23,44.0,-117.0,0.0,0.0,0.0
2000-11-24,56.0,-100.0,0.0,0.0,0.0
2000-11-25,106.0,-83.0,0.0,0.0,0.0
2000-11-26,133.0,11.0,43.0,0.0,0.0
2000-11-27,100.0,56.0,28.0,0.0,0.0
2000-11-28,117.0,-22.0,0.0,0.0,0.0
2000-11-29,89.0,-56.0,0.0,0.0,0.0
2000-11-30,117.0,-39.0,53.0,0.0,0.0
2000-12-01,56.0,-33.0,3.0,0.0,0.0
2000-12-02,61.0,-22.0,13.0,0.0,0.0
2000-12-03,33.0,-39.0,0.0,0.0,0.0
2000-12-04,56.0,-106.0,0.0,0.0,0.0
2000-12-05,78.0,-106.0,0.0,0.0,0.0
2000-12-06,56.0,-89.0,0.0,0.0,0.0
2000-12-07,-11.0,-78.0,0.0,0.0,0.0
2000-12-08,67.0,-17.0,0.0,0.0,0.0
2000-12-09,72.0,-61.0,0.0,0.0,0.0
2000-12-10,67.0,-61.0,8.0,0.0,0.0
2000-12-11,72.0,-11.0,20.0,0.0,0.0
2000-12-12,156.0,-28.0,5.0,0.0,0.0
2000-12-13,-22.0,-78.0,0.0,0.0,0.0
2000-12-14,50.0,-72.0,307.0,0.0,0.0
2000-12-15,61.0,6.0,5.0,0.0,0.0
2000-12-16,83.0,0.0,30.0,0.0,0.0
2000-12-17,133.0,11.0,206.0,0.0,0.0
2000-12-18,11.0,-111.0,5.0,0.0,13.0
2000-12-19,17.0,-111.0,25.0,0.0,0.0
2000-12-20,-6.0,-106.0,5.0,25.0,13.0
2000-12-21,-44.0,-106.0,0.0,,0.0
2000-12-22,17.0,-128.0,3.0,0.0,3.0
2000-12-23,-89.0,-167.0,0.0,0.0,0.0
2000-12-24,17.0,-167.0,0.0,0.0,0.0
2000-12-27,,,13.0,25.0,25.0
2000-12-28,-22.0,-61.0,0.0,25.0,0.0
2000-12-29,-22.0,-111.0,3.0,0.0,3.0
2000-12-30,-17.0,-83.0,3.0,0.0,3.0
2000-12-31,-61.0,-83.0,5.0,25.0,13.0
2001-01-01,-22.0,-61.0,0.0,25.0,0.0
2001-01-02,-22.0,-94.0,0.0,25.0,0.0
2001-01-03,-22.0,-161.0,0.0,25.0,0.0
2001-01-04,-6.0,-167.0,3.0,0.0,3.0
2001-01-05,22.0,-50.0,0.0,0.0,0.0
2001-01-06,50.0,-22.0,0.0,0.0,0.0
2001-01-07,67.0,-61.0,0.0,0.0,0.0
2001-01-08,128.0,-39.0,0.0,0.0,0.0
2001-01-09,17.0,-83.0,0.0,0.0,0.0
2001-01-10,-17.0,-100.0,0.0,0.0,0.0
2001-01-11,67.0,-106.0,0.0,0.0,0.0
2001-01-12,72.0,-94.0,0.0,0.0,0.0
2001-01-13,111.0,-111.0,0.0,0.0,0.0
2001-01-14,133.0,-61.0,0.0,0.0,0.0
2001-01-15,100.0,-33.0,3.0,0.0,0.0
2001-01-16,133.0,-11.0,0.0,0.0,0.0
2001-01-17,28.0,-22.0,0.0,0.0,0.0
2001-01-18,56.0,-17.0,15.0,0.0,0.0
2001-01-19,33.0,0.0,191.0,0.0,0.0
2001-01-20,28.0,-28.0,193.0,25.0,30.0
2001-01-21,-17.0,-111.0,33.0,76.0,84.0
2001-01-22,-6.0,-122.0,0.0,25.0,0.0
2001-01-23,50.0,-122.0,0.0,0.0,0.0
2001-01-24,72.0,-117.0,0.0,0.0,0.0
2001-01-25,89.0,-61.0,5.0,25.0,13.0
2001-01-26,11.0,-111.0,0.0,0.0,0.0
2001-01-27,78.0,-111.0,20.0,0.0,0.0
2001-01-28,22.0,-94.0,18.0,0.0,0.0
2001-01-29,44.0,-83.0,0.0,0.0,0.0
2001-01-30,183.0,0.0,86.0,0.0,0.0
2001-01-31,178.0,39.0,33.0,0.0,0.0
2001-02-01,67.0,17.0,0.0,0.0,0.0
2001-02-02,61.0,-50.0,0.0,0.0,0.0
2001-02-03,17.0,-111.0,0.0,0.0,0.0
2001-02-04,39.0,-94.0,0.0,0.0,0.0
2001-02-05,139.0,-72.0,0.0,0.0,0.0
2001-02-06,28.0,-39.0,10.0,0.0,13.0
2001-02-07,128.0,-22.0,8.0,0.0,0.0
2001-02-08,122.0,-28.0,0.0,0.0,0.0
2001-02-09,211.0,-22.0,0.0,0.0,0.0
2001-02-10,217.0,22.0,43.0,0.0,0.0
2001-02-11,56.0,-83.0,0.0,0.0,0.0
2001-02-12,44.0,-83.0,0.0,0.0,0.0
2001-02-13,106.0,6.0,0.0,0.0,0.0
2001-02-14,111.0,61.0,10.0,0.0,0.0
2001-02-15,161.0,78.0,97.0,0.0,0.0
2001-02-16,128.0,78.0,86.0,0.0,0.0
2001-02-17,117.0,-17.0,168.0,0.0,0.0
2001-02-18,6.0,-72.0,0.0,0.0,0.0
2001-02-19,17.0,-78.0,0.0,0.0,0.0
2001-02-20,144.0,-67.0,0.0,0.0,0.0
2001-02-21,156.0,-6.0,5.0,0.0,0.0
2001-02-22,61.0,-39.0,0.0,0.0,0.0
2001-02-23,6.0,-33.0,36.0,0.0,28.0
2001-02-24,89.0,-39.0,0.0,0.0,0.0
2001-02-25,200.0,28.0,15.0,0.0,0.0
2001-02-26,239.0,17.0,0.0,0.0,0.0
2001-02-27,128.0,-39.0,0.0,0.0,0.0
2001-02-28,128.0,-39.0,10.0,0.0,5.0
2001-03-01,67.0,-83.0,0.0,0.0,0.0
2001-03-02,78.0,-83.0,5.0,0.0,0.0
2001-03-03,94.0,6.0,0.0,0.0,0.0
2001-03-04,128.0,39.0,13.0,0.0,0.0
2001-03-05,106.0,11.0,180.0,0.0,0.0
2001-03-06,33.0,-50.0,20.0,25.0,33.0
2001-03-07,11.0,-50.0,3.0,0.0,3.0
2001-03-08,17.0,-67.0,0.0,0.0,0.0
2001-03-09,44.0,-72.0,0.0,0.0,0.0
2001-03-10,89.0,-28.0,0.0,0.0,0.0
2001-03-11,106.0,-44.0,0.0,0.0,0.0
2001-03-12,183.0,-39.0,0.0,0.0,0.0
2001-03-13,222.0,-33.0,178.0,0.0,0.0
2001-03-14,156.0,11.0,13.0,0.0,0.0
2001-03-15,150.0,11.0,0.0,0.0,0.0
2001-03-16,83.0,22.0,107.0,0.0,0.0
2001-03-17,161.0,56.0,41.0,0.0,0.0
2001-03-18,67.0,-33.0,3.0,0.0,0.0
2001-03-19,100.0,-61.0,0.0,0.0,0.0
2001-03-20,,,,0.0,0.0
2001-03-21,,,,0.0,0.0
2001-03-22,,,,0.0,0.0
2001-03-23,,,,0.0,0.0
2001-03-24,,,,0.0,0.0
2001-03-25,,,,0.0,0.0
2001-03-26,,,,0.0,0.0
2001-03-27,,,,0.0,0.0
2001-03-28,,,,0.0,0.0
2001-03-29,,,,0.0,0.0
2001-03-30,,,318.0,0.0,0.0
2001-03-31,,,0.0,0.0,0.0
2001-04-01,128.0,61.0,30.0,0.0,0.0
2001-04-02,89.0,-22.0,114.0,0.0,0.0
2001-04-03,161.0,-28.0,15.0,0.0,0.0
2001-04-04,161.0,22.0,23.0,0.0,0.0
2001-04-05,194.0,6.0,0.0,0.0,0.0
2001-04-06,244.0,6.0,0.0,0.0,0.0
2001-04-07,244.0,117.0,114.0,0.0,0.0
2001-04-08,294.0,122.0,0.0,0.0,0.0
2001-04-09,306.0,111.0,0.0,0.0,0.0
2001-04-10,289.0,117.0,3.0,0.0,0.0
2001-04-11,306.0,161.0,3.0,0.0,0.0
2001-04-12,317.0,161.0,13.0,0.0,0.0
2001-04-13,300.0,144.0,28.0,0.0,0.0
2001-04-14,244.0,44.0,0.0,0.0,0.0
2001-04-15,250.0,44.0,0.0,0.0,0.0
2001-04-16,200.0,61.0,38.0,0.0,0.0
2001-04-17,172.0,-6.0,13.0,25.0,15.0
2001-04-18,50.0,-17.0,41.0,0.0,30.0
2001-04-19,117.0,-28.0,0.0,0.0,0.0
2001-04-20,183.0,-22.0,0.0,0.0,0.0
2001-04-21,183.0,44.0,13.0,0.0,0.0
2001-04-22,272.0,128.0,10.0,0.0,0.0
2001-04-23,294.0,117.0,3.0,0.0,0.0
2001-04-24,311.0,133.0,0.0,0.0,0.0
2001-04-25,194.0,33.0,0.0,0.0,0.0
2001-04-26,178.0,-11.0,0.0,0.0,0.0
2001-04-27,211.0,-11.0,0.0,0.0,0.0
2001-04-28,261.0,11.0,18.0,0.0,0.0
2001-04-29,200.0,0.0,0.0,0.0,0.0
2001-04-30,261.0,6.0,0.0,0.0,0.0
2001-05-01,283.0,50.0,0.0,0.0,0.0
2001-05-02,272.0,89.0,0.0,0.0,0.0
2001-05-03,289.0,100.0,0.0,0.0,0.0
2001-05-04,306.0,111.0,0.0,0.0,0.0
2001-05-05,289.0,117.0,0.0,0.0,0.0
2001-05-06,294.0,117.0,0.0,0.0,0.0
2001-05-07,283.0,122.0,0.0,0.0,0.0
2001-05-08,189.0,128.0,3.0,0.0,0.0
2001-05-09,194.0,106.0,25.0,0.0,0.0
2001-05-10,239.0,72.0,0.0,0.0,0.0
2001-05-11,267.0,72.0,0.0,0.0,0.0
2001-05-12,278.0,100.0,8.0,0.0,0.0
2001-05-13,233.0,44.0,0.0,0.0,0.0
2001-05-14,200.0,17.0,0.0,0.0,0.0
2001-05-15,222.0,17.0,8.0,0.0,0.0
2001-05-16,256.0,111.0,378.0,0.0,0.0
2001-05-17,233.0,156.0,414.0,0.0,0.0
2001-05-18,294.0,172.0,292.0,0.0,0.0
2001-05-19,278.0,183.0,653.0,0.0,0.0
2001-05-22,,,272.0,,
2001-05-23,211.0,78.0,180.0,,0.0
2001-05-24,217.0,78.0,20.0,,0.0
2001-05-25,206.0,83.0,71.0,,0.0
2001-05-26,211.0,67.0,8.0,,0.0
2001-05-27,228.0,89.0,46.0,,0.0
2001-05-28,211.0,111.0,33.0,,0.0
2001-05-29,228.0,100.0,0.0,,0.0
2001-05-30,244.0,100.0,0.0,0.0,0.0
2001-05-31,228.0,67.0,0.0,0.0,0.0
2001-06-01,217.0,72.0,30.0,0.0,0.0
2001-06-02,244.0,111.0,30.0,0.0,0.0
2001-06-03,217.0,111.0,157.0,0.0,0.0
2001-06-04,194.0,117.0,5.0,0.0,0.0
2001-06-05,189.0,133.0,132.0,0.0,0.0
2001-06-06,267.0,156.0,257.0,0.0,0.0
2001-06-07,272.0,167.0,135.0,0.0,0.0
2001-06-08,256.0,156.0,0.0,0.0,0.0
2001-06-09,256.0,117.0,0.0,0.0,0.0
2001-06-10,261.0,106.0,0.0,0.0,0.0
2001-06-11,278.0,128.0,0.0,0.0,0.0
2001-06-12,289.0,128.0,0.0,0.0,0.0
2001-06-14,,,147.0,,
2001-06-15,,,0.0,,0.0
2001-06-16,322.0,189.0,10.0,,0.0
2001-06-17,283.0,144.0,5.0,,0.0
2001-06-18,294.0,122.0,0.0,,0.0
2001-06-23,,,127.0,,
2001-06-24,,,0.0,,0.0
2001-06-25,267.0,133.0,0.0,,0.0
2001-06-26,283.0,133.0,5.0,,0.0
2001-06-27,289.0,161.0,28.0,,0.0
2001-06-28,306.0,167.0,0.0,,0.0
2001-06-29,311.0,178.0,0.0,0.0,0.0
2001-06-30,322.0,183.0,33.0,0.0,0.0
2001-07-01,300.0,183.0,0.0,0.0,0.0
2001-07-02,289.0,156.0,160.0,0.0,0.0
2001-07-03,256.0,111.0,0.0,0.0,0.0
2001-07-04,239.0,111.0,0.0,0.0,0.0
2001-07-05,228.0,194.0,74.0,0.0,0.0
2001-07-06,278.0,128.0,38.0,0.0,0.0
2001-07-07,261.0,111.0,0.0,0.0,0.0
2001-07-08,278.0,122.0,69.0,0.0,0.0
2001-07-09,317.0,206.0,97.0,0.0,0.0
2001-07-10,294.0,200.0,0.0,0.0,0.0
2001-07-11,317.0,194.0,0.0,0.0,0.0
2001-07-12,283.0,128.0,0.0,0.0,0.0
2001-07-13,267.0,133.0,0.0,0.0,0.0
2001-07-14,278.0,111.0,0.0,0.0,0.0
2001-07-15,278.0,111.0,0.0,0.0,0.0
2001-07-16,294.0,117.0,0.0,0.0,0.0
2001-07-17,306.0,128.0,0.0,0.0,0.0
2001-07-18,294.0,150.0,775.0,0.0,0.0
2001-07-19,278.0,194.0,5.0,0.0,0.0
2001-07-20,,,,0.0,0.0
2001-07-21,,,,0.0,0.0
2001-07-22,,,,0.0,0.0
2001-07-23,,,,0.0,0.0
2001-07-24,,,,0.0,0.0
2001-07-25,,,,0.0,0.0
2001-07-26,,,,0.0,0.0
2001-07-27,,,,0.0,0.0
2001-07-28,,,,0.0,0.0
2001-07-29,,,1519.0,0.0,0.0
2001-07-30,,,5.0,0.0,0.0
2001-07-31,289.0,178.0,0.0,0.0,0.0
2001-08-01,306.0,178.0,0.0,0.0,0.0
2001-08-02,317.0,189.0,0.0,0.0,0.0
2001-08-03,300.0,189.0,0.0,0.0,0.0
2001-08-04,283.0,194.0,8.0,0.0,0.0
2001-08-05,294.0,206.0,0.0,0.0,0.0
2001-08-06,311.0,206.0,0.0,0.0,0.0
2001-08-07,322.0,206.0,0.0,0.0,0.0
2001-08-08,317.0,206.0,0.0,0.0,0.0
2001-08-09,328.0,217.0,0.0,0.0,0.0
2001-08-10,333.0,228.0,23.0,0.0,0.0
2001-08-11,300.0,217.0,0.0,0.0,0.0
2001-08-12,306.0,217.0,3.0,0.0,0.0
2001-08-13,306.0,206.0,41.0,0.0,0.0
2001-08-14,300.0,178.0,5.0,0.0,0.0
2001-08-15,283.0,144.0,0.0,0.0,0.0
2001-08-16,289.0,156.0,0.0,0.0,0.0
2001-08-17,300.0,189.0,8.0,0.0,0.0
2001-08-18,272.0,150.0,0.0,0.0,0.0
2001-08-19,267.0,167.0,3.0,0.0,0.0
2001-08-20,289.0,156.0,198.0,0.0,0.0
2001-08-21,239.0,133.0,0.0,0.0,0.0
2001-08-22,267.0,128.0,0.0,0.0,0.0
2001-08-23,272.0,139.0,5.0,0.0,0.0
2001-08-24,317.0,183.0,140.0,0.0,0.0
2001-08-25,283.0,189.0,0.0,0.0,0.0
2001-08-26,306.0,189.0,0.0,0.0,0.0
2001-08-27,311.0,194.0,178.0,0.0,0.0
2001-08-28,272.0,178.0,0.0,0.0,0.0
2001-08-29,294.0,178.0,0.0,0.0,0.0
2001-08-30,306.0,183.0,46.0,0.0,0.0
2001-08-31,311.0,183.0,119.0,0.0,0.0
2001-09-01,272.0,194.0,20.0,0.0,0.0
2001-09-02,267.0,150.0,0.0,0.0,0.0
2001-09-03,267.0,139.0,0.0,0.0,0.0
2001-09-04,283.0,144.0,10.0,0.0,0.0
2001-09-05,,,5.0,0.0,
2001-09-06,289.0,139.0,0.0,0.0,0.0
2001-09-07,306.0,139.0,0.0,0.0,0.0
2001-09-08,322.0,172.0,0.0,0.0,0.0
2001-09-09,311.0,167.0,0.0,0.0,0.0
2001-09-10,311.0,167.0,0.0,0.0,0.0
2001-09-11,261.0,117.0,18.0,0.0,0.0
2001-09-12,272.0,117.0,0.0,0.0,0.0
2001-09-13,300.0,122.0,0.0,0.0,0.0
2001-09-14,306.0,122.0,13.0,0.0,0.0
2001-09-15,217.0,67.0,0.0,0.0,0.0
2001-09-16,233.0,67.0,0.0,0.0,0.0
2001-09-17,233.0,78.0,0.0,0.0,0.0
2001-09-18,267.0,78.0,0.0,0.0,0.0
2001-09-19,272.0,117.0,0.0,0.0,0.0
2001-09-20,267.0,139.0,147.0,0.0,0.0
2001-09-21,244.0,128.0,8.0,0.0,0.0
2001-09-22,272.0,128.0,0.0,0.0,0.0
2001-09-23,261.0,122.0,0.0,0.0,0.0
2001-09-24,294.0,128.0,15.0,0.0,0.0
2001-09-25,178.0,83.0,109.0,0.0,0.0
2001-09-26,133.0,78.0,5.0,0.0,0.0
2001-09-27,172.0,61.0,0.0,0.0,0.0
2001-09-28,217.0,44.0,0.0,0.0,0.0
2001-09-29,161.0,39.0,0.0,0.0,0.0
2001-09-30,189.0,44.0,0.0,0.0,0.0
2001-10-01,206.0,28.0,0.0,0.0,0.0
2001-10-02,233.0,28.0,0.0,0.0,0.0
2001-10-03,267.0,67.0,0.0,0.0,0.0
2001-10-04,278.0,100.0,0.0,0.0,0.0
2001-10-05,267.0,78.0,0.0,0.0,0.0
2001-10-06,267.0,67.0,56.0,0.0,0.0
2001-10-07,161.0,-6.0,0.0,0.0,0.0
2001-10-08,150.0,-17.0,0.0,0.0,0.0
2001-10-09,178.0,-17.0,0.0,0.0,0.0
2001-10-10,233.0,-6.0,0.0,0.0,0.0
2001-10-11,250.0,22.0,0.0,0.0,0.0
2001-10-12,272.0,56.0,8.0,0.0,0.0
2001-10-13,228.0,128.0,71.0,0.0,0.0
2001-10-14,283.0,139.0,13.0,0.0,0.0
2001-10-15,261.0,50.0,81.0,0.0,0.0
2001-10-16,211.0,56.0,0.0,0.0,0.0
2001-10-17,133.0,56.0,28.0,0.0,0.0
2001-10-18,133.0,-17.0,0.0,0.0,0.0
2001-10-19,183.0,-17.0,0.0,0.0,0.0
2001-10-20,211.0,-6.0,0.0,0.0,0.0
2001-10-21,233.0,28.0,0.0,0.0,0.0
2001-10-22,267.0,44.0,0.0,0.0,0.0
2001-10-23,272.0,56.0,0.0,0.0,0.0
2001-10-24,283.0,83.0,0.0,0.0,0.0
2001-10-25,294.0,111.0,53.0,0.0,0.0
2001-10-26,178.0,67.0,0.0,0.0,0.0
2001-10-27,100.0,11.0,0.0,0.0,0.0
2001-10-28,67.0,-44.0,0.0,0.0,0.0
2001-10-29,117.0,-44.0,0.0,0.0,0.0
2001-10-30,194.0,-44.0,0.0,0.0,0.0
2001-10-31,200.0,-6.0,0.0,0.0,0.0
2001-11-01,250.0,6.0,0.0,0.0,0.0
2001-11-02,250.0,22.0,0.0,0.0,0.0
2001-11-03,244.0,78.0,86.0,0.0,0.0
2001-11-04,194.0,-11.0,0.0,0.0,0.0
2001-11-05,206.0,-11.0,0.0,0.0,0.0
2001-11-06,139.0,-39.0,0.0,0.0,0.0
2001-11-07,144.0,-44.0,0.0,0.0,0.0
2001-11-08,206.0,-44.0,0.0,0.0,0.0
2001-11-09,217.0,-33.0,0.0,0.0,0.0
2001-11-10,144.0,-44.0,0.0,0.0,0.0
2001-11-11,194.0,-28.0,0.0,0.0,0.0
2001-11-12,,,0.0,0.0,0.0
2001-11-13,,-56.0,0.0,0.0,0.0
2001-11-14,200.0,-56.0,0.0,0.0,0.0
2001-11-15,200.0,-33.0,0.0,0.0,0.0
2001-11-16,211.0,-17.0,0.0,0.0,0.0
2001-11-17,211.0,-17.0,0.0,0.0,0.0
2001-11-18,211.0,17.0,0.0,0.0,0.0
2001-11-19,239.0,17.0,0.0,0.0,0.0
2001-11-20,228.0,17.0,64.0,0.0,0.0
2001-11-21,94.0,-28.0,0.0,0.0,0.0
2001-11-25,,,119.0,,
2001-11-26,,,0.0,,0.0
2001-11-27,189.0,22.0,0.0,,0.0
2001-11-28,233.0,78.0,13.0,,0.0
2001-11-29,167.0,56.0,15.0,,0.0
2001-11-30,172.0,61.0,38.0,,0.0
2001-12-01,217.0,17.0,5.0,0.0,0.0
2001-12-02,133.0,0.0,0.0,0.0,0.0
2001-12-03,144.0,-39.0,0.0,0.0,0.0
2001-12-04,206.0,-39.0,0.0,0.0,0.0
2001-12-05,233.0,0.0,0.0,0.0,0.0
2001-12-06,261.0,11.0,0.0,0.0,0.0
2001-12-07,133.0,39.0,84.0,0.0,0.0
2001-12-08,133.0,56.0,25.0,0.0,0.0
2001-12-09,94.0,17.0,241.0,0.0,0.0
2001-12-10,78.0,-17.0,0.0,0.0,0.0
2001-12-11,122.0,0.0,43.0,0.0,0.0
2001-12-12,139.0,28.0,0.0,0.0,0.0
2001-12-13,189.0,28.0,13.0,0.0,0.0
2001-12-14,183.0,111.0,61.0,0.0,0.0
2001-12-15,228.0,67.0,5.0,0.0,0.0
2001-12-16,122.0,11.0,0.0,0.0,0.0
2001-12-17,133.0,33.0,0.0,0.0,0.0
2001-12-18,172.0,67.0,114.0,0.0,0.0
2001-12-19,100.0,-22.0,0.0,0.0,0.0
2001-12-20,150.0,-22.0,30.0,0.0,0.0
2001-12-21,72.0,-61.0,0.0,0.0,0.0
2001-12-22,78.0,-72.0,0.0,0.0,0.0
2001-12-23,156.0,-72.0,81.0,0.0,0.0
2001-12-24,89.0,-33.0,0.0,0.0,0.0
2001-12-25,44.0,-94.0,0.0,0.0,0.0
2001-12-26,17.0,-106.0,0.0,0.0,0.0
2001-12-27,11.0,-106.0,3.0,0.0,0.0
2001-12-28,17.0,-56.0,0.0,0.0,0.0
2001-12-29,56.0,-11.0,13.0,51.0,51.0
2001-12-30,-6.0,-89.0,5.0,51.0,5.0
2001-12-31,-17.0,-139.0,0.0,0.0,0.0
2002-01-01,-17.0,-122.0,0.0,0.0,0.0
2002-01-02,-11.0,-150.0,0.0,0.0,0.0
2002-01-03,6.0,-150.0,0.0,0.0,0.0
2002-01-04,0.0,-117.0,0.0,0.0,0.0
2002-01-05,33.0,-122.0,0.0,0.0,0.0
2002-01-06,89.0,-78.0,8.0,0.0,8.0
2002-01-07,11.0,-11.0,254.0,127.0,170.0
2002-01-08,0.0,-44.0,8.0,127.0,51.0
2002-01-09,17.0,-72.0,0.0,102.0,0.0
2002-01-10,117.0,-22.0,0.0,51.0,0.0
2002-01-11,72.0,28.0,152.0,0.0,0.0
2002-01-12,78.0,-61.0,0.0,0.0,0.0
2002-01-13,111.0,-61.0,10.0,0.0,0.0
2002-01-14,78.0,-28.0,0.0,0.0,0.0
2002-01-15,128.0,-22.0,3.0,0.0,0.0
2002-01-16,72.0,-67.0,0.0,0.0,0.0
2002-01-17,94.0,-61.0,0.0,0.0,0.0
2002-01-18,89.0,-50.0,20.0,51.0,38.0
2002-01-19,56.0,-61.0,185.0,203.0,211.0
2002-01-20,11.0,-56.0,18.0,203.0,38.0
2002-01-21,17.0,-50.0,0.0,127.0,0.0
2002-01-22,78.0,-78.0,0.0,51.0,0.0
2002-01-23,133.0,-78.0,61.0,0.0,0.0
2002-01-24,156.0,33.0,5.0,0.0,0.0
2002-01-25,150.0,-28.0,147.0,0.0,0.0
2002-01-26,89.0,-72.0,0.0,0.0,0.0
2002-01-27,150.0,-72.0,0.0,0.0,0.0
2002-01-28,183.0,-44.0,0.0,0.0,0.0
2002-01-29,222.0,-28.0,0.0,0.0,0.0
2002-01-30,239.0,111.0,8.0,0.0,0.0
2002-01-31,211.0,78.0,56.0,0.0,0.0
2002-02-01,256.0,72.0,5.0,0.0,0.0
2002-02-02,183.0,-6.0,58.0,0.0,0.0
2002-02-03,44.0,-39.0,0.0,0.0,0.0
2002-02-04,50.0,-22.0,5.0,0.0,0.0
2002-02-05,11.0,-111.0,3.0,0.0,25.0
2002-02-06,33.0,-106.0,0.0,0.0,0.0
2002-02-07,22.0,-72.0,23.0,0.0,0.0
2002-02-08,78.0,-56.0,0.0,0.0,0.0
2002-02-09,144.0,-67.0,0.0,0.0,0.0
2002-02-10,217.0,-67.0,0.0,0.0,0.0
2002-02-11,189.0,0.0,51.0,0.0,0.0
2002-02-12,44.0,-61.0,0.0,0.0,0.0
2002-02-13,133.0,-44.0,3.0,0.0,0.0
2002-02-14,72.0,-94.0,0.0,0.0,0.0
2002-02-15,111.0,-100.0,0.0,0.0,0.0
2002-02-16,144.0,-39.0,0.0,0.0,0.0
2002-02-17,122.0,-22.0,10.0,0.0,0.0
2002-02-18,56.0,-94.0,3.0,0.0,3.0
2002-02-19,100.0,-83.0,0.0,0.0,0.0
2002-02-20,161.0,-61.0,0.0,0.0,0.0
2002-02-21,189.0,17.0,69.0,0.0,0.0
2002-02-22,144.0,17.0,0.0,0.0,0.0
2002-02-23,33.0,-6.0,0.0,0.0,0.0
2002-02-24,67.0,-78.0,0.0,0.0,0.0
2002-02-25,167.0,-28.0,0.0,0.0,0.0
2002-02-26,211.0,-33.0,10.0,0.0,0.0
2002-02-27,122.0,-83.0,20.0,0.0,3.0
2002-02-28,-33.0,-83.0,0.0,0.0,0.0
2002-03-01,17.0,-111.0,0.0,0.0,0.0
2002-03-02,117.0,-111.0,0.0,0.0,0.0
2002-03-03,122.0,11.0,147.0,0.0,0.0
2002-03-04,78.0,-89.0,0.0,0.0,0.0
2002-03-05,-22.0,-111.0,0.0,0.0,0.0
2002-03-06,111.0,-44.0,0.0,0.0,0.0
2002-03-07,183.0,-22.0,0.0,0.0,0.0
2002-03-08,200.0,-6.0,0.0,0.0,0.0
2002-03-09,233.0,11.0,0.0,0.0,0.0
2002-03-10,239.0,-17.0,41.0,0.0,0.0
2002-03-11,78.0,-78.0,0.0,0.0,0.0
2002-03-12,117.0,-78.0,3.0,0.0,0.0
2002-03-13,139.0,44.0,13.0,0.0,0.0
2002-03-14,161.0,17.0,0.0,0.0,0.0
2002-03-15,239.0,28.0,0.0,0.0,0.0
2002-03-17,,,320.0,,
2002-03-18,,,,,
2002-03-19,156.0,78.0,18.0,0.0,0.0
2002-03-20,117.0,78.0,229.0,0.0,0.0
2002-03-21,133.0,44.0,226.0,0.0,0.0
2002-03-22,150.0,-72.0,8.0,0.0,3.0
2002-03-23,22.0,-78.0,0.0,0.0,0.0
2002-03-24,111.0,-44.0,0.0,0.0,0.0
2002-03-25,194.0,-39.0,0.0,0.0,0.0
2002-03-26,233.0,39.0,20.0,0.0,0.0
2002-03-27,139.0,6.0,244.0,0.0,0.0
2002-03-28,44.0,-44.0,5.0,0.0,0.0
2002-04-01,,,0.0,,
2002-04-02,,,0.0,,
2002-04-03,,,0.0,,
2002-04-04,,,38.0,,
2002-04-05,100.0,-11.0,0.0,,
2002-04-06,106.0,-6.0,0.0,,
2002-04-07,72.0,-61.0,30.0,25.0,13.0
2002-04-08,206.0,50.0,0.0,,
2002-04-09,267.0,61.0,0.0,,
2002-04-10,206.0,61.0,30.0,,
2002-04-11,239.0,33.0,0.0,,
2002-04-12,278.0,83.0,0.0,,
2002-04-13,,,0.0,,
2002-04-14,267.0,106.0,30.0,,
2002-04-15,250.0,122.0,109.0,,
2002-04-16,300.0,111.0,0.0,,
2002-04-17,322.0,111.0,0.0,,
2002-04-18,311.0,128.0,66.0,,
2002-04-19,317.0,133.0,3.0,,
2002-04-20,322.0,156.0,0.0,,
2002-04-21,256.0,139.0,89.0,,
2002-04-22,189.0,133.0,262.0,,
2002-04-23,172.0,22.0,0.0,,
2002-04-24,150.0,17.0,0.0,,
2002-04-25,256.0,17.0,48.0,,
2002-04-26,161.0,33.0,5.0,,
2002-04-27,183.0,22.0,0.0,,
2002-04-28,189.0,56.0,419.0,,
2002-04-29,272.0,78.0,25.0,,
2002-04-30,106.0,22.0,0.0,,
2002-05-01,228.0,22.0,0.0,,0.0
2002-05-02,250.0,78.0,43.0,,0.0
2002-05-03,261.0,56.0,46.0,,0.0
2002-05-04,161.0,28.0,0.0,0.0,0.0
2002-05-05,133.0,50.0,18.0,0.0,0.0
2002-05-06,239.0,56.0,0.0,0.0,0.0
2002-05-07,233.0,61.0,193.0,0.0,0.0
2002-05-08,244.0,156.0,109.0,0.0,0.0
2002-05-09,283.0,150.0,58.0,0.0,0.0
2002-05-10,272.0,128.0,137.0,0.0,0.0
2002-05-11,189.0,61.0,0.0,0.0,0.0
2002-05-12,278.0,78.0,0.0,0.0,0.0
2002-05-13,283.0,161.0,5.0,0.0,0.0
2002-05-14,211.0,72.0,163.0,0.0,0.0
2002-05-15,183.0,44.0,13.0,0.0,0.0
2002-05-16,228.0,44.0,0.0,0.0,0.0
2002-05-17,267.0,61.0,5.0,0.0,0.0
2002-05-18,244.0,61.0,264.0,0.0,0.0
2002-05-19,122.0,17.0,0.0,0.0,0.0
2002-05-20,144.0,11.0,0.0,0.0,0.0
2002-05-21,128.0,11.0,18.0,0.0,0.0
2002-05-22,122.0,-6.0,3.0,0.0,0.0
2002-05-23,206.0,-6.0,0.0,0.0,0.0
2002-05-24,250.0,67.0,0.0,0.0,0.0
2002-05-25,,,0.0,0.0,0.0
2002-05-26,,,0.0,0.0,0.0
2002-05-27,,,0.0,0.0,0.0
2002-05-28,,,0.0,0.0,0.0
2002-05-29,289.0,139.0,0.0,0.0,0.0
2002-05-30,294.0,161.0,58.0,0.0,0.0
2002-05-31,306.0,156.0,0.0,0.0,0.0
2002-06-01,311.0,156.0,8.0,0.0,0.0
2002-06-02,267.0,200.0,13.0,0.0,0.0
2002-06-03,278.0,133.0,0.0,0.0,0.0
2002-06-04,300.0,139.0,0.0,0.0,0.0
2002-06-05,328.0,189.0,8.0,0.0,0.0
2002-06-06,306.0,194.0,368.0,0.0,0.0
2002-06-07,206.0,161.0,246.0,0.0,0.0
2002-06-10,,,10.0,0.0,
2002-06-11,306.0,183.0,0.0,0.0,0.0
2002-06-12,306.0,183.0,0.0,0.0,0.0
2002-06-13,283.0,200.0,66.0,0.0,0.0
2002-06-14,272.0,200.0,10.0,0.0,0.0
2002-06-15,244.0,122.0,69.0,0.0,0.0
2002-06-16,228.0,133.0,0.0,0.0,0.0
2002-06-17,244.0,122.0,0.0,0.0,0.0
2002-06-18,256.0,106.0,0.0,0.0,0.0
2002-06-19,289.0,122.0,0.0,0.0,0.0
2002-06-20,311.0,144.0,0.0,0.0,0.0
2002-06-21,317.0,156.0,0.0,0.0,0.0
2002-06-22,306.0,156.0,0.0,0.0,0.0
2002-06-23,306.0,144.0,0.0,0.0,0.0
2002-06-24,322.0,156.0,0.0,0.0,0.0
2002-06-25,322.0,178.0,0.0,0.0,0.0
2002-06-26,328.0,200.0,0.0,0.0,0.0
2002-06-27,300.0,194.0,13.0,0.0,0.0
2002-06-28,283.0,200.0,203.0,0.0,0.0
2002-06-29,289.0,183.0,5.0,0.0,0.0
2002-06-30,306.0,189.0,0.0,0.0,0.0
2002-07-01,311.0,189.0,0.0,0.0,0.0
2002-07-02,306.0,194.0,5.0,0.0,0.0
2002-07-03,333.0,183.0,58.0,0.0,0.0
2002-07-04,328.0,183.0,0.0,0.0,0.0
2002-07-05,339.0,183.0,0.0,0.0,0.0
2002-07-06,322.0,139.0,0.0,0.0,0.0
2002-07-07,289.0,133.0,0.0,0.0,0.0
2002-07-08,311.0,161.0,0.0,0.0,0.0
2002-07-09,322.0,206.0,0.0,0.0,0.0
2002-07-10,317.0,217.0,33.0,0.0,0.0
2002-07-11,267.0,167.0,231.0,0.0,0.0
2002-07-12,261.0,144.0,0.0,0.0,0.0
2002-07-13,261.0,156.0,84.0,0.0,0.0
2002-07-14,211.0,183.0,145.0,0.0,0.0
2002-07-15,244.0,189.0,8.0,0.0,0.0
2002-07-16,294.0,194.0,0.0,0.0,0.0
2002-07-17,317.0,183.0,0.0,0.0,0.0
2002-07-18,317.0,211.0,0.0,0.0,0.0
2002-07-19,294.0,206.0,0.0,0.0,0.0
2002-07-20,278.0,200.0,10.0,0.0,0.0
2002-07-21,306.0,206.0,5.0,0.0,0.0
2002-07-22,328.0,200.0,56.0,0.0,0.0
2002-07-23,333.0,200.0,0.0,0.0,0.0
2002-07-24,317.0,211.0,874.0,0.0,0.0
2002-07-25,272.0,200.0,5.0,0.0,0.0
2002-07-26,311.0,206.0,13.0,0.0,0.0
2002-07-27,306.0,211.0,48.0,0.0,0.0
2002-07-28,,,112.0,,
2002-07-29,333.0,222.0,0.0,,0.0
2002-07-30,344.0,217.0,30.0,,0.0
2002-07-31,317.0,217.0,0.0,,0.0
2002-08-01,317.0,194.0,0.0,0.0,0.0
2002-08-02,328.0,200.0,0.0,0.0,0.0
2002-08-03,339.0,206.0,0.0,0.0,0.0
2002-08-04,350.0,211.0,0.0,0.0,0.0
2002-08-05,356.0,211.0,0.0,0.0,0.0
2002-08-06,344.0,183.0,130.0,0.0,0.0
2002-08-07,272.0,111.0,0.0,0.0,0.0
2002-08-08,261.0,111.0,0.0,0.0,0.0
2002-08-09,278.0,111.0,0.0,0.0,0.0
2002-08-10,294.0,117.0,0.0,0.0,0.0
2002-08-11,322.0,144.0,0.0,0.0,0.0
2002-08-12,328.0,178.0,140.0,0.0,0.0
2002-08-13,322.0,183.0,0.0,0.0,0.0
2002-08-14,339.0,178.0,0.0,0.0,0.0
2002-08-15,339.0,178.0,0.0,0.0,0.0
2002-08-16,322.0,206.0,0.0,0.0,0.0
2002-08-17,306.0,206.0,3.0,0.0,0.0
2002-08-18,300.0,217.0,10.0,0.0,0.0
2002-08-19,289.0,183.0,218.0,0.0,0.0
2002-08-20,294.0,183.0,5.0,0.0,0.0
2002-08-21,278.0,172.0,0.0,0.0,0.0
2002-08-22,328.0,167.0,0.0,0.0,0.0
2002-08-23,344.0,178.0,0.0,0.0,0.0
2002-08-24,328.0,211.0,18.0,0.0,0.0
2002-08-25,294.0,194.0,0.0,0.0,0.0
2002-08-26,289.0,172.0,0.0,0.0,0.0
2002-08-27,283.0,167.0,0.0,0.0,0.0
2002-08-28,256.0,183.0,41.0,0.0,0.0
2002-08-29,256.0,167.0,18.0,0.0,0.0
2002-08-30,267.0,167.0,0.0,0.0,0.0
2002-08-31,300.0,144.0,0.0,0.0,0.0
2002-09-01,300.0,144.0,0.0,0.0,0.0
2002-09-02,328.0,167.0,0.0,0.0,0.0
2002-09-03,339.0,183.0,0.0,0.0,0.0
2002-09-04,317.0,111.0,0.0,0.0,0.0
2002-09-05,294.0,111.0,0.0,0.0,0.0
2002-09-06,339.0,117.0,0.0,0.0,0.0
2002-09-07,344.0,139.0,0.0,0.0,0.0
2002-09-08,350.0,139.0,0.0,0.0,0.0
2002-09-09,350.0,144.0,0.0,0.0,0.0
2002-09-10,350.0,100.0,0.0,0.0,0.0
2002-09-11,344.0,100.0,0.0,0.0,0.0
2002-09-12,272.0,78.0,0.0,0.0,0.0
2002-09-13,272.0,72.0,0.0,0.0,0.0
2002-09-14,317.0,72.0,0.0,0.0,0.0
2002-09-15,300.0,172.0,36.0,0.0,0.0
2002-09-16,233.0,183.0,269.0,0.0,0.0
2002-09-17,272.0,161.0,0.0,0.0,0.0
2002-09-18,317.0,161.0,15.0,0.0,0.0
2002-09-19,328.0,178.0,0.0,0.0,0.0
2002-09-20,294.0,178.0,25.0,0.0,0.0
2002-09-21,333.0,183.0,20.0,0.0,0.0
2002-09-22,228.0,178.0,3.0,0.0,0.0
2002-09-23,261.0,89.0,81.0,0.0,0.0
2002-09-24,222.0,83.0,0.0,0.0,0.0
2002-09-25,250.0,83.0,0.0,0.0,0.0
2002-09-26,222.0,111.0,89.0,0.0,0.0
2002-09-27,167.0,133.0,305.0,0.0,0.0
2002-09-28,250.0,144.0,53.0,0.0,0.0
2002-09-29,250.0,122.0,0.0,0.0,0.0
2002-09-30,278.0,122.0,0.0,0.0,0.0
2002-10-01,289.0,128.0,0.0,0.0,0.0
2002-10-02,272.0,139.0,20.0,0.0,0.0
2002-10-03,289.0,172.0,0.0,0.0,0.0
2002-10-04,294.0,172.0,0.0,0.0,0.0
2002-10-05,317.0,178.0,145.0,0.0,0.0
2002-10-06,222.0,100.0,0.0,0.0,0.0
2002-10-07,272.0,100.0,0.0,0.0,0.0
2002-10-08,161.0,50.0,0.0,0.0,0.0
2002-10-09,200.0,56.0,0.0,0.0,0.0
2002-10-10,211.0,106.0,71.0,0.0,0.0
2002-10-11,178.0,150.0,432.0,0.0,0.0
2002-10-12,217.0,167.0,107.0,0.0,0.0
2002-10-13,239.0,161.0,51.0,0.0,0.0
2002-10-14,178.0,33.0,5.0,0.0,0.0
2002-10-15,178.0,33.0,0.0,0.0,0.0
2002-10-16,156.0,61.0,272.0,0.0,0.0
2002-10-17,117.0,72.0,81.0,0.0,0.0
2002-10-18,117.0,39.0,3.0,0.0,0.0
2002-10-19,178.0,33.0,0.0,0.0,0.0
2002-10-20,178.0,89.0,114.0,0.0,0.0
2002-10-21,117.0,56.0,8.0,0.0,0.0
2002-10-22,161.0,56.0,0.0,0.0,0.0
2002-10-23,194.0,44.0,0.0,0.0,0.0
2002-10-24,183.0,44.0,0.0,0.0,0.0
2002-10-25,156.0,67.0,0.0,0.0,0.0
2002-10-26,217.0,72.0,51.0,0.0,0.0
2002-10-27,150.0,106.0,3.0,0.0,0.0
2002-10-28,156.0,72.0,13.0,0.0,0.0
2002-10-29,128.0,83.0,36.0,0.0,0.0
2002-10-30,133.0,56.0,229.0,0.0,0.0
2002-10-31,61.0,44.0,10.0,0.0,0.0
2002-11-01,78.0,28.0,0.0,0.0,0.0
2002-11-02,111.0,-44.0,0.0,0.0,0.0
2002-11-03,111.0,-44.0,0.0,0.0,0.0
2002-11-04,122.0,-33.0,79.0,0.0,0.0
2002-11-05,117.0,50.0,221.0,0.0,0.0
2002-11-06,78.0,50.0,0.0,0.0,0.0
2002-11-07,106.0,44.0,20.0,0.0,0.0
2002-11-08,111.0,-17.0,0.0,0.0,0.0
2002-11-09,206.0,-17.0,0.0,0.0,0.0
2002-11-10,206.0,78.0,20.0,0.0,0.0
2002-11-11,267.0,133.0,424.0,0.0,0.0
2002-11-12,178.0,72.0,0.0,0.0,0.0
2002-11-13,111.0,56.0,5.0,0.0,0.0
2002-11-14,128.0,-11.0,0.0,0.0,0.0
2002-11-15,161.0,0.0,0.0,0.0,0.0
2002-11-16,144.0,11.0,94.0,0.0,0.0
2002-11-17,83.0,17.0,157.0,0.0,0.0
2002-11-18,33.0,-17.0,13.0,0.0,0.0
2002-11-20,,,64.0,,
2002-11-21,,,0.0,,
2002-11-22,156.0,22.0,61.0,,0.0
2002-11-23,22.0,6.0,25.0,0.0,0.0
2002-11-24,83.0,-28.0,0.0,0.0,0.0
2002-11-25,167.0,-28.0,0.0,0.0,0.0
2002-11-26,122.0,-17.0,0.0,0.0,0.0
2002-11-27,39.0,-6.0,43.0,0.0,3.0
2002-11-28,,,0.0,0.0,0.0
2002-11-29,,,0.0,0.0,0.0
2002-11-30,,,0.0,0.0,0.0
2002-12-01,106.0,-39.0,8.0,0.0,3.0
2002-12-02,17.0,-39.0,0.0,0.0,0.0
2002-12-03,94.0,-28.0,0.0,0.0,0.0
2002-12-04,17.0,-72.0,0.0,0.0,0.0
2002-12-05,-11.0,-72.0,71.0,25.0,25.0
2002-12-06,-11.0,-33.0,0.0,0.0,0.0
2002-12-07,-22.0,-117.0,0.0,0.0,0.0
2002-12-08,44.0,-44.0,0.0,0.0,0.0
2002-12-12,,,254.0,,
2002-12-15,,,91.0,,
2002-12-16,,,0.0,0.0,0.0
2002-12-17,67.0,-33.0,0.0,0.0,0.0
2002-12-18,56.0,-28.0,30.0,0.0,0.0
2002-12-19,122.0,6.0,0.0,0.0,0.0
2002-12-20,183.0,56.0,142.0,0.0,0.0
2002-12-21,89.0,33.0,0.0,0.0,0.0
2002-12-22,111.0,50.0,13.0,0.0,0.0
2002-12-23,117.0,-22.0,10.0,0.0,0.0
2002-12-24,89.0,6.0,0.0,0.0,0.0
2002-12-25,61.0,6.0,99.0,0.0,0.0
2002-12-26,11.0,-17.0,13.0,25.0,25.0
2002-12-27,0.0,-33.0,0.0,0.0,0.0
2002-12-28,17.0,-67.0,0.0,0.0,0.0
2002-12-29,61.0,-44.0,0.0,0.0,0.0
2002-12-30,133.0,-33.0,0.0,0.0,0.0
2002-12-31,100.0,-39.0,0.0,0.0,0.0
2003-01-01,217.0,6.0,102.0,0.0,0.0
2003-01-02,133.0,22.0,23.0,0.0,0.0
2003-01-03,50.0,22.0,89.0,0.0,0.0
2003-01-04,22.0,-33.0,20.0,0.0,3.0
2003-01-05,6.0,-33.0,0.0,0.0,0.0
2003-01-06,44.0,-6.0,28.0,0.0,0.0
2003-01-07,22.0,-83.0,30.0,0.0,13.0
2003-01-08,50.0,-89.0,0.0,0.0,0.0
2003-01-09,128.0,22.0,0.0,0.0,0.0
2003-01-10,150.0,-11.0,0.0,0.0,0.0
2003-01-11,33.0,-78.0,5.0,0.0,5.0
2003-01-12,0.0,-122.0,0.0,0.0,0.0
2003-01-13,6.0,-122.0,0.0,0.0,0.0
2003-01-14,50.0,-94.0,0.0,0.0,0.0
2003-01-15,-22.0,-128.0,41.0,51.0,51.0
2003-01-17,,,,102.0,102.0
2003-01-18,,,0.0,,0.0
2003-01-20,,,0.0,,0.0
2003-01-21,,,0.0,0.0,0.0
2003-01-22,-6.0,-106.0,0.0,0.0,0.0
2003-01-23,-61.0,-128.0,25.0,51.0,51.0
2003-01-24,-89.0,-128.0,0.0,51.0,5.0
2003-01-25,-56.0,-122.0,0.0,51.0,0.0
2003-01-26,0.0,-94.0,0.0,25.0,0.0
2003-01-27,-6.0,-156.0,13.0,51.0,18.0
2003-01-28,-39.0,-178.0,0.0,25.0,0.0
2003-01-29,56.0,-44.0,18.0,0.0,0.0
2003-01-30,44.0,-6.0,64.0,0.0,0.0
2003-01-31,17.0,-11.0,0.0,0.0,0.0
2003-02-01,67.0,-11.0,13.0,0.0,0.0
2003-02-02,22.0,0.0,15.0,0.0,3.0
2003-02-03,144.0,-17.0,0.0,0.0,0.0
2003-02-04,167.0,-17.0,104.0,0.0,0.0
2003-02-05,56.0,-56.0,5.0,0.0,0.0
2003-02-06,28.0,-72.0,0.0,0.0,0.0
2003-02-07,44.0,-56.0,71.0,51.0,51.0
2003-02-08,0.0,-128.0,38.0,127.0,66.0
2003-02-09,-33.0,-133.0,0.0,51.0,0.0
2003-02-10,44.0,-33.0,10.0,25.0,25.0
2003-02-11,22.0,-56.0,30.0,25.0,30.0
2003-02-12,44.0,-50.0,13.0,0.0,13.0
2003-02-13,17.0,-83.0,0.0,0.0,0.0
2003-02-14,61.0,-72.0,0.0,0.0,0.0
2003-02-15,22.0,-44.0,246.0,0.0,0.0
2003-02-16,17.0,6.0,386.0,0.0,0.0
2003-02-17,11.0,0.0,589.0,51.0,64.0
2003-02-18,17.0,-28.0,36.0,51.0,13.0
2003-02-19,-6.0,-28.0,0.0,51.0,0.0
2003-02-20,44.0,-22.0,0.0,25.0,0.0
2003-02-21,72.0,6.0,5.0,25.0,0.0
2003-02-22,67.0,11.0,147.0,0.0,0.0
2003-02-23,222.0,-28.0,226.0,25.0,13.0
2003-02-24,6.0,-33.0,20.0,0.0,20.0
2003-02-25,78.0,-56.0,3.0,0.0,3.0
2003-02-26,-17.0,-67.0,0.0,0.0,3.0
2003-02-27,-17.0,-50.0,30.0,25.0,30.0
2003-02-28,22.0,-17.0,46.0,0.0,0.0
2003-03-01,44.0,6.0,3.0,0.0,0.0
2003-03-02,133.0,17.0,0.0,0.0,0.0
2003-03-03,56.0,-50.0,13.0,0.0,3.0
2003-03-04,39.0,-67.0,0.0,0.0,0.0
2003-03-05,167.0,-67.0,5.0,0.0,0.0
2003-03-06,172.0,22.0,58.0,0.0,0.0
2003-03-07,22.0,-50.0,18.0,0.0,0.0
2003-03-08,139.0,-50.0,0.0,0.0,0.0
2003-03-09,233.0,-39.0,0.0,0.0,0.0
2003-03-10,78.0,-50.0,0.0,0.0,0.0
2003-03-11,44.0,-56.0,3.0,25.0,13.0
2003-03-12,128.0,-33.0,0.0,0.0,0.0
2003-03-13,122.0,-22.0,46.0,0.0,0.0
2003-03-14,222.0,17.0,79.0,0.0,0.0
2003-03-15,161.0,17.0,0.0,0.0,0.0
2003-03-16,233.0,33.0,0.0,0.0,0.0
2003-03-17,239.0,44.0,0.0,0.0,0.0
2003-03-18,,,,0.0,0.0
2003-03-19,,,,0.0,0.0
2003-03-20,,,,0.0,0.0
2003-03-21,,,,0.0,0.0
2003-03-22,,,71.0,0.0,0.0
2003-03-23,178.0,44.0,0.0,0.0,0.0
2003-03-24,178.0,6.0,0.0,0.0,0.0
2003-03-25,233.0,22.0,0.0,0.0,0.0
2003-03-26,261.0,33.0,18.0,0.0,0.0
2003-03-27,133.0,0.0,41.0,0.0,0.0
2003-03-28,222.0,0.0,0.0,0.0,0.0
2003-03-29,256.0,56.0,0.0,0.0,0.0
2003-03-30,122.0,0.0,163.0,0.0,10.0
2003-03-31,39.0,-39.0,8.0,0.0,3.0
2003-04-01,89.0,-33.0,8.0,0.0,0.0
2003-04-02,250.0,89.0,0.0,0.0,0.0
2003-04-03,267.0,50.0,0.0,0.0,0.0
2003-04-04,278.0,61.0,0.0,0.0,0.0
2003-04-05,256.0,128.0,114.0,0.0,0.0
2003-04-06,189.0,28.0,0.0,0.0,0.0
2003-04-07,133.0,33.0,178.0,0.0,0.0
2003-04-08,150.0,83.0,20.0,0.0,0.0
2003-04-09,156.0,78.0,135.0,0.0,0.0
2003-04-10,106.0,78.0,30.0,0.0,0.0
2003-04-11,150.0,61.0,30.0,0.0,0.0
2003-04-12,94.0,17.0,5.0,0.0,0.0
2003-04-13,217.0,6.0,0.0,0.0,0.0
2003-04-14,200.0,6.0,0.0,0.0,0.0
2003-04-15,283.0,11.0,0.0,0.0,0.0
2003-04-16,294.0,44.0,0.0,0.0,0.0
2003-04-17,278.0,83.0,0.0,0.0,0.0
2003-04-18,267.0,94.0,89.0,0.0,0.0
2003-04-19,189.0,56.0,8.0,0.0,0.0
2003-04-20,272.0,72.0,0.0,0.0,0.0
2003-04-21,283.0,117.0,188.0,0.0,0.0
2003-04-22,244.0,83.0,10.0,0.0,0.0
2003-04-23,128.0,61.0,0.0,0.0,0.0
2003-04-24,178.0,0.0,0.0,0.0,0.0
2003-04-25,189.0,0.0,5.0,0.0,0.0
2003-04-26,200.0,67.0,23.0,0.0,0.0
2003-04-27,172.0,28.0,46.0,0.0,0.0
2003-04-28,228.0,28.0,0.0,0.0,0.0
2003-04-29,278.0,28.0,102.0,0.0,0.0
2003-04-30,244.0,117.0,0.0,0.0,0.0
2003-05-01,283.0,117.0,20.0,0.0,0.0
2003-05-02,267.0,117.0,10.0,0.0,0.0
2003-05-05,,,,,
2003-05-06,211.0,122.0,224.0,,0.0
2003-05-07,250.0,133.0,5.0,,0.0
2003-05-08,239.0,144.0,46.0,,0.0
2003-05-09,267.0,150.0,5.0,,0.0
2003-05-10,283.0,161.0,15.0,0.0,0.0
2003-05-11,228.0,156.0,528.0,0.0,0.0
2003-05-12,278.0,139.0,3.0,0.0,0.0
2003-05-13,178.0,94.0,0.0,0.0,0.0
2003-05-14,206.0,61.0,0.0,0.0,0.0
2003-05-15,239.0,67.0,183.0,0.0,0.0
2003-05-16,211.0,117.0,84.0,0.0,0.0
2003-05-17,239.0,122.0,8.0,0.0,0.0
2003-05-18,189.0,133.0,130.0,0.0,0.0
2003-05-19,183.0,128.0,147.0,0.0,0.0
2003-05-20,244.0,128.0,0.0,0.0,0.0
2003-05-21,244.0,117.0,25.0,0.0,0.0
2003-05-22,144.0,89.0,3.0,0.0,0.0
2003-05-23,172.0,94.0,0.0,0.0,0.0
2003-05-24,239.0,94.0,0.0,0.0,0.0
2003-05-25,211.0,78.0,0.0,0.0,0.0
2003-05-26,233.0,83.0,18.0,0.0,0.0
2003-05-27,189.0,100.0,0.0,0.0,0.0
2003-05-28,211.0,100.0,137.0,0.0,0.0
2003-05-29,233.0,117.0,74.0,0.0,0.0
2003-05-30,217.0,117.0,84.0,0.0,0.0
2003-05-31,239.0,133.0,58.0,0.0,0.0
2003-06-01,211.0,111.0,71.0,0.0,0.0
2003-06-02,189.0,56.0,0.0,0.0,0.0
2003-06-03,211.0,56.0,102.0,0.0,0.0
2003-06-04,217.0,139.0,94.0,0.0,0.0
2003-06-05,194.0,106.0,0.0,0.0,0.0
2003-06-06,233.0,83.0,0.0,0.0,0.0
2003-06-07,261.0,122.0,279.0,0.0,0.0
2003-06-08,217.0,167.0,5.0,0.0,0.0
2003-06-09,278.0,111.0,13.0,0.0,0.0
2003-06-10,256.0,128.0,0.0,0.0,0.0
2003-06-11,278.0,128.0,0.0,0.0,0.0
2003-06-12,261.0,172.0,193.0,0.0,0.0
2003-06-13,289.0,189.0,3.0,0.0,0.0
2003-06-14,278.0,178.0,53.0,0.0,0.0
2003-06-15,289.0,189.0,81.0,0.0,0.0
2003-06-16,239.0,194.0,51.0,0.0,0.0
2003-06-17,256.0,178.0,157.0,0.0,0.0
2003-06-18,244.0,178.0,5.0,0.0,0.0
2003-06-19,267.0,183.0,0.0,0.0,0.0
2003-06-20,278.0,128.0,89.0,0.0,0.0
2003-06-21,194.0,94.0,5.0,0.0,0.0
2003-06-22,233.0,100.0,0.0,0.0,0.0
2003-06-23,283.0,122.0,0.0,0.0,0.0
2003-06-24,294.0,128.0,0.0,0.0,0.0
2003-06-25,306.0,133.0,0.0,0.0,0.0
2003-06-26,311.0,156.0,0.0,0.0,0.0
2003-06-27,311.0,172.0,41.0,0.0,0.0
2003-06-28,,,5.0,0.0,
2003-06-29,,,0.0,0.0,0.0
2003-06-30,,,0.0,0.0,0.0
2003-07-01,,,0.0,0.0,0.0
2003-07-02,261.0,189.0,36.0,0.0,0.0
2003-07-03,250.0,178.0,41.0,0.0,0.0
2003-07-04,300.0,189.0,0.0,0.0,0.0
2003-07-05,311.0,194.0,0.0,0.0,0.0
2003-07-06,317.0,200.0,0.0,0.0,0.0
2003-07-07,322.0,194.0,58.0,0.0,0.0
2003-07-08,311.0,200.0,8.0,0.0,0.0
2003-07-09,322.0,194.0,36.0,0.0,0.0
2003-07-10,283.0,200.0,259.0,0.0,0.0
2003-07-11,306.0,200.0,188.0,0.0,0.0
2003-07-12,261.0,167.0,3.0,0.0,0.0
2003-07-13,267.0,156.0,208.0,0.0,0.0
2003-07-14,,,5.0,0.0,
2003-07-15,,,0.0,0.0,0.0
2003-07-16,300.0,200.0,8.0,0.0,0.0
2003-07-17,294.0,161.0,0.0,0.0,0.0
2003-07-18,294.0,161.0,0.0,0.0,0.0
2003-07-19,283.0,183.0,51.0,0.0,0.0
2003-07-20,267.0,161.0,0.0,0.0,0.0
2003-07-21,289.0,167.0,0.0,0.0,0.0
2003-07-22,289.0,200.0,0.0,0.0,0.0
2003-07-23,261.0,178.0,229.0,0.0,0.0
2003-07-24,233.0,139.0,127.0,0.0,0.0
2003-07-25,256.0,139.0,0.0,0.0,0.0
2003-07-26,294.0,156.0,0.0,0.0,0.0
2003-07-27,306.0,167.0,0.0,0.0,0.0
2003-07-28,300.0,211.0,8.0,0.0,0.0
2003-07-29,272.0,200.0,13.0,0.0,0.0
2003-07-30,278.0,172.0,0.0,0.0,0.0
2003-07-31,300.0,172.0,0.0,0.0,0.0
2003-08-01,267.0,206.0,185.0,0.0,0.0
2003-08-02,289.0,194.0,0.0,0.0,0.0
2003-08-04,,,,,
2003-08-05,278.0,167.0,145.0,,0.0
2003-08-06,278.0,172.0,3.0,,0.0
2003-08-07,272.0,178.0,20.0,,0.0
2003-08-08,250.0,189.0,234.0,,0.0
2003-08-09,261.0,189.0,5.0,,0.0
2003-08-10,272.0,178.0,3.0,,0.0
2003-08-11,272.0,189.0,0.0,0.0,0.0
2003-08-12,283.0,183.0,18.0,0.0,0.0
2003-08-13,294.0,189.0,0.0,0.0,0.0
2003-08-14,311.0,189.0,0.0,0.0,0.0
2003-08-15,317.0,206.0,0.0,0.0,0.0
2003-08-16,322.0,211.0,191.0,0.0,0.0
2003-08-17,306.0,194.0,201.0,0.0,0.0
2003-08-18,278.0,167.0,5.0,0.0,0.0
2003-08-19,278.0,161.0,0.0,0.0,0.0
2003-08-20,289.0,172.0,0.0,0.0,0.0
2003-08-21,317.0,178.0,0.0,0.0,0.0
2003-08-22,322.0,194.0,0.0,0.0,0.0
2003-08-23,278.0,211.0,0.0,0.0,0.0
2003-08-24,283.0,156.0,0.0,0.0,0.0
2003-08-25,278.0,150.0,0.0,0.0,0.0
2003-08-26,306.0,150.0,0.0,0.0,0.0
2003-08-27,317.0,183.0,0.0,0.0,0.0
2003-08-28,322.0,200.0,3.0,0.0,0.0
2003-08-29,322.0,200.0,0.0,0.0,0.0
2003-08-30,317.0,200.0,46.0,0.0,0.0
2003-08-31,267.0,189.0,137.0,0.0,0.0
2003-09-01,289.0,194.0,8.0,0.0,0.0
2003-09-02,300.0,206.0,43.0,0.0,0.0
2003-09-03,250.0,206.0,127.0,0.0,0.0
2003-09-04,250.0,206.0,64.0,0.0,0.0
2003-09-05,272.0,128.0,0.0,0.0,0.0
2003-09-06,228.0,128.0,0.0,0.0,0.0
2003-09-07,233.0,128.0,0.0,0.0,0.0
2003-09-08,250.0,139.0,0.0,0.0,0.0
2003-09-09,256.0,150.0,0.0,0.0,0.0
2003-09-10,278.0,144.0,0.0,0.0,0.0
2003-09-11,267.0,144.0,0.0,0.0,0.0
2003-09-12,261.0,111.0,0.0,0.0,0.0
2003-09-13,267.0,100.0,0.0,0.0,0.0
2003-09-14,278.0,117.0,0.0,0.0,0.0
2003-09-15,300.0,144.0,66.0,0.0,0.0
2003-09-16,250.0,117.0,15.0,0.0,0.0
2003-09-17,261.0,106.0,0.0,0.0,0.0
2003-09-18,272.0,106.0,0.0,0.0,0.0
2003-09-19,217.0,122.0,686.0,0.0,0.0
2003-09-20,256.0,156.0,8.0,0.0,0.0
2003-09-21,200.0,144.0,0.0,0.0,0.0
2003-09-22,272.0,161.0,5.0,0.0,0.0
2003-09-23,206.0,133.0,163.0,0.0,0.0
2003-09-24,228.0,89.0,0.0,0.0,0.0
2003-09-25,256.0,89.0,0.0,0.0,0.0
2003-09-26,206.0,111.0,18.0,0.0,0.0
2003-09-27,283.0,144.0,0.0,0.0,0.0
2003-09-28,228.0,106.0,259.0,0.0,0.0
2003-09-29,156.0,67.0,58.0,0.0,0.0
2003-09-30,161.0,44.0,3.0,0.0,0.0
2003-10-01,189.0,44.0,76.0,0.0,0.0
2003-10-02,150.0,28.0,30.0,0.0,0.0
2003-10-03,122.0,-11.0,0.0,0.0,0.0
2003-10-05,,,,,
2003-10-06,,,0.0,,0.0
2003-10-07,222.0,94.0,0.0,,0.0
2003-10-08,244.0,89.0,0.0,,0.0
2003-10-09,267.0,89.0,0.0,0.0,0.0
2003-10-10,244.0,117.0,10.0,0.0,0.0
2003-10-11,228.0,122.0,0.0,0.0,0.0
2003-10-12,256.0,106.0,0.0,0.0,0.0
2003-10-13,256.0,100.0,0.0,0.0,0.0
2003-10-14,244.0,94.0,3.0,0.0,0.0
2003-10-15,244.0,94.0,145.0,0.0,0.0
2003-10-16,178.0,28.0,0.0,0.0,0.0
2003-10-17,222.0,28.0,0.0,0.0,0.0
2003-10-18,117.0,67.0,36.0,0.0,0.0
2003-10-19,161.0,22.0,0.0,0.0,0.0
2003-10-20,222.0,39.0,0.0,0.0,0.0
2003-10-21,256.0,39.0,0.0,0.0,0.0
2003-10-22,233.0,72.0,0.0,0.0,0.0
2003-10-23,111.0,39.0,0.0,0.0,0.0
2003-10-24,,,0.0,0.0,0.0
2003-10-25,,,0.0,0.0,0.0
2003-10-26,272.0,22.0,0.0,0.0,0.0
2003-10-27,178.0,72.0,208.0,0.0,0.0
2003-10-28,122.0,22.0,107.0,0.0,0.0
2003-10-29,178.0,39.0,69.0,0.0,0.0
2003-10-30,161.0,11.0,3.0,0.0,0.0
2003-10-31,267.0,11.0,0.0,0.0,0.0
2003-11-01,272.0,61.0,0.0,0.0,0.0
2003-11-02,261.0,89.0,0.0,0.0,0.0
2003-11-03,289.0,67.0,0.0,0.0,0.0
2003-11-04,283.0,50.0,0.0,0.0,0.0
2003-11-05,300.0,56.0,130.0,0.0,0.0
2003-11-06,206.0,139.0,391.0,0.0,0.0
2003-11-07,144.0,78.0,61.0,0.0,0.0
2003-11-08,111.0,-17.0,5.0,0.0,0.0
2003-11-09,100.0,-17.0,0.0,0.0,0.0
2003-11-10,117.0,-17.0,5.0,0.0,0.0
2003-11-11,183.0,22.0,23.0,0.0,0.0
2003-11-12,200.0,89.0,206.0,0.0,0.0
2003-11-13,178.0,39.0,533.0,0.0,0.0
2003-11-14,72.0,-39.0,0.0,0.0,0.0
2003-11-15,78.0,-28.0,23.0,0.0,0.0
2003-11-16,83.0,28.0,5.0,0.0,0.0
2003-11-17,117.0,78.0,13.0,0.0,0.0
2003-11-18,183.0,56.0,0.0,0.0,0.0
2003-11-19,228.0,72.0,445.0,0.0,0.0
2003-11-20,161.0,22.0,305.0,0.0,0.0
2003-11-21,156.0,11.0,0.0,0.0,0.0
2003-11-22,228.0,6.0,0.0,0.0,0.0
2003-11-23,228.0,6.0,0.0,0.0,0.0
2003-11-24,233.0,17.0,0.0,0.0,0.0
2003-11-25,178.0,-44.0,69.0,0.0,0.0
2003-11-26,56.0,-56.0,0.0,0.0,0.0
2003-11-27,122.0,0.0,0.0,0.0,0.0
2003-11-28,133.0,11.0,30.0,0.0,0.0
2003-11-29,117.0,-22.0,147.0,25.0,20.0
2003-11-30,28.0,-39.0,0.0,0.0,0.0
2003-12-01,144.0,6.0,0.0,0.0,0.0
2003-12-02,78.0,-61.0,0.0,0.0,0.0
2003-12-03,61.0,-67.0,0.0,0.0,0.0
2003-12-04,28.0,-28.0,0.0,0.0,0.0
2003-12-05,67.0,6.0,30.0,0.0,0.0
2003-12-06,61.0,11.0,94.0,0.0,0.0
2003-12-07,33.0,-6.0,0.0,0.0,0.0
2003-12-08,50.0,-56.0,0.0,0.0,0.0
2003-12-09,83.0,-39.0,0.0,0.0,0.0
2003-12-10,117.0,6.0,0.0,0.0,0.0
2003-12-11,150.0,17.0,140.0,0.0,0.0
2003-12-12,22.0,-11.0,10.0,0.0,0.0
2003-12-13,39.0,-61.0,0.0,0.0,0.0
2003-12-14,6.0,-39.0,104.0,0.0,5.0
2003-12-15,28.0,0.0,36.0,0.0,0.0
2003-12-16,61.0,-44.0,0.0,0.0,0.0
2003-12-17,178.0,-50.0,145.0,25.0,13.0
2003-12-18,-6.0,-33.0,0.0,0.0,0.0
2003-12-19,11.0,-28.0,53.0,25.0,33.0
2003-12-20,-11.0,-33.0,25.0,76.0,38.0
2003-12-21,-11.0,-100.0,0.0,51.0,0.0
2003-12-22,83.0,-100.0,0.0,0.0,0.0
2003-12-23,106.0,-22.0,0.0,0.0,0.0
2003-12-24,178.0,-6.0,86.0,0.0,0.0
2003-12-25,11.0,-22.0,3.0,0.0,3.0
2003-12-26,0.0,-67.0,5.0,0.0,13.0
2003-12-27,61.0,-72.0,0.0,0.0,0.0
2003-12-28,106.0,-78.0,0.0,0.0,0.0
2003-12-29,194.0,-33.0,0.0,0.0,0.0
2003-12-30,189.0,17.0,76.0,0.0,0.0
2003-12-31,78.0,-61.0,0.0,0.0,0.0
2004-01-01,133.0,-61.0,0.0,0.0,0.0
2004-01-02,128.0,-56.0,376.0,0.0,0.0
2004-01-03,178.0,89.0,18.0,0.0,0.0
2004-01-04,217.0,122.0,18.0,0.0,0.0
2004-01-05,217.0,100.0,221.0,0.0,0.0
2004-01-06,106.0,-6.0,28.0,0.0,0.0
2004-01-07,-6.0,-94.0,5.0,0.0,5.0
2004-01-08,-33.0,-94.0,0.0,0.0,0.0
2004-01-09,6.0,-72.0,51.0,51.0,51.0
2004-01-10,-11.0,-122.0,5.0,51.0,0.0
2004-01-11,-44.0,-150.0,0.0,25.0,0.0
2004-01-12,61.0,-106.0,0.0,0.0,0.0
2004-01-13,83.0,-6.0,0.0,0.0,0.0
2004-01-14,67.0,-50.0,0.0,0.0,0.0
2004-01-15,94.0,-56.0,13.0,0.0,0.0
2004-01-16,11.0,-67.0,0.0,0.0,0.0
2004-01-17,-17.0,-61.0,0.0,0.0,0.0
2004-01-18,39.0,-44.0,91.0,0.0,0.0
2004-01-19,39.0,-72.0,99.0,0.0,8.0
2004-01-20,-50.0,-78.0,0.0,0.0,0.0
2004-01-21,-22.0,-94.0,0.0,0.0,0.0
2004-01-22,11.0,-72.0,0.0,0.0,0.0
2004-01-23,50.0,-122.0,0.0,0.0,0.0
2004-01-24,33.0,-117.0,0.0,0.0,0.0
2004-01-25,44.0,-83.0,0.0,0.0,0.0
2004-01-26,0.0,-83.0,145.0,25.0,13.0
2004-01-27,133.0,-22.0,3.0,0.0,0.0
2004-01-28,33.0,-83.0,43.0,25.0,13.0
2004-01-29,-6.0,-83.0,0.0,0.0,0.0
2004-01-30,50.0,-94.0,15.0,25.0,28.0
2004-01-31,-67.0,-189.0,8.0,25.0,8.0
2004-02-01,-28.0,-189.0,0.0,25.0,0.0
2004-02-02,50.0,-133.0,0.0,0.0,0.0
2004-02-03,106.0,-78.0,175.0,0.0,0.0
2004-02-04,61.0,-17.0,38.0,0.0,0.0
2004-02-05,44.0,-50.0,0.0,0.0,0.0
2004-02-06,67.0,-17.0,363.0,0.0,0.0
2004-02-07,128.0,-6.0,97.0,0.0,3.0
2004-02-08,0.0,-28.0,13.0,25.0,25.0
2004-02-09,33.0,-67.0,5.0,0.0,5.0
2004-02-10,67.0,-61.0,8.0,0.0,0.0
2004-02-11,100.0,-56.0,0.0,0.0,0.0
2004-02-12,72.0,-61.0,5.0,0.0,0.0
2004-02-13,83.0,-22.0,10.0,0.0,0.0
2004-02-14,78.0,-39.0,0.0,0.0,0.0
2004-02-15,83.0,-67.0,0.0,0.0,0.0
2004-02-16,44.0,-83.0,0.0,0.0,0.0
2004-02-17,56.0,-83.0,0.0,0.0,0.0
2004-02-18,61.0,-78.0,0.0,0.0,0.0
2004-02-19,83.0,-78.0,0.0,0.0,0.0
2004-02-20,178.0,-44.0,0.0,0.0,0.0
2004-02-21,189.0,-17.0,8.0,0.0,0.0
2004-02-22,56.0,17.0,0.0,0.0,0.0
2004-02-23,83.0,-56.0,0.0,0.0,0.0
2004-02-24,133.0,-56.0,0.0,0.0,0.0
2004-02-25,56.0,-22.0,20.0,0.0,0.0
2004-02-26,83.0,-33.0,0.0,0.0,0.0
2004-02-27,83.0,-28.0,0.0,0.0,0.0
2004-02-28,133.0,-72.0,0.0,0.0,0.0
2004-02-29,172.0,-56.0,0.0,0.0,0.0
2004-03-01,200.0,-50.0,0.0,0.0,0.0
2004-03-02,206.0,17.0,20.0,0.0,0.0
2004-03-03,189.0,-6.0,0.0,0.0,0.0
2004-03-04,156.0,-6.0,43.0,0.0,0.0
2004-03-05,200.0,83.0,3.0,0.0,0.0
2004-03-06,272.0,78.0,488.0,0.0,0.0
2004-03-07,144.0,17.0,15.0,0.0,0.0
2004-03-08,150.0,17.0,20.0,0.0,0.0
2004-03-09,56.0,-17.0,0.0,0.0,0.0
2004-03-10,67.0,-56.0,0.0,0.0,0.0
2004-03-11,106.0,-61.0,0.0,0.0,0.0
2004-03-12,128.0,-56.0,0.0,0.0,0.0
2004-03-13,78.0,-72.0,0.0,0.0,0.0
2004-03-14,94.0,-72.0,0.0,0.0,0.0
2004-03-15,139.0,-11.0,20.0,0.0,0.0
2004-03-16,150.0,-17.0,61.0,0.0,0.0
2004-03-17,67.0,-6.0,46.0,0.0,0.0
2004-03-18,44.0,-11.0,15.0,0.0,0.0
2004-03-19,128.0,17.0,84.0,0.0,0.0
2004-03-20,117.0,-22.0,0.0,0.0,0.0
2004-03-21,256.0,-22.0,107.0,0.0,0.0
2004-03-22,33.0,-33.0,0.0,0.0,0.0
2004-03-23,33.0,-83.0,0.0,0.0,0.0
2004-03-24,128.0,-83.0,8.0,0.0,0.0
2004-03-25,194.0,11.0,5.0,0.0,0.0
2004-03-26,250.0,61.0,0.0,0.0,0.0
2004-03-27,272.0,89.0,46.0,0.0,0.0
2004-03-28,217.0,94.0,8.0,0.0,0.0
2004-03-29,261.0,111.0,0.0,0.0,0.0
2004-03-30,272.0,100.0,5.0,0.0,0.0
2004-03-31,156.0,56.0,89.0,0.0,0.0
2004-04-01,,,,0.0,0.0
2004-04-02,,,,0.0,0.0
2004-04-03,,,,0.0,0.0
2004-04-04,,,,0.0,0.0
2004-04-05,,,,0.0,0.0
2004-04-06,,,,0.0,0.0
2004-04-07,,,,0.0,0.0
2004-04-08,,,498.0,,
2004-04-09,,,,,
2004-04-10,178.0,39.0,0.0,,0.0
2004-04-11,200.0,56.0,18.0,,0.0
2004-04-12,156.0,67.0,25.0,,0.0
2004-04-13,100.0,61.0,302.0,,0.0
2004-04-14,106.0,33.0,279.0,,0.0
2004-04-15,139.0,-11.0,25.0,,0.0
2004-04-16,211.0,-6.0,0.0,,0.0
2004-04-17,261.0,22.0,0.0,,0.0
2004-04-18,294.0,56.0,0.0,,0.0
2004-04-19,311.0,94.0,0.0,,0.0
2004-04-20,278.0,100.0,3.0,,0.0
2004-04-21,250.0,100.0,33.0,0.0,0.0
2004-04-22,283.0,94.0,20.0,0.0,0.0
2004-04-23,239.0,128.0,38.0,0.0,0.0
2004-04-24,200.0,106.0,91.0,0.0,0.0
2004-04-25,239.0,106.0,0.0,0.0,0.0
2004-04-26,272.0,89.0,142.0,0.0,0.0
2004-04-27,189.0,56.0,13.0,0.0,0.0
2004-04-28,150.0,-11.0,3.0,0.0,0.0
2004-04-29,228.0,-11.0,0.0,0.0,0.0
2004-04-30,272.0,44.0,0.0,0.0,0.0
2004-05-01,206.0,83.0,8.0,0.0,0.0
2004-05-02,283.0,128.0,3.0,0.0,0.0
2004-05-03,228.0,50.0,104.0,0.0,0.0
2004-05-04,139.0,6.0,5.0,0.0,0.0
2004-05-05,183.0,6.0,10.0,0.0,0.0
2004-05-06,250.0,67.0,0.0,0.0,0.0
2004-05-07,300.0,78.0,0.0,0.0,0.0
2004-05-08,294.0,133.0,0.0,0.0,0.0
2004-05-09,294.0,117.0,0.0,0.0,0.0
2004-05-10,306.0,122.0,0.0,0.0,0.0
2004-05-11,306.0,128.0,0.0,0.0,0.0
2004-05-12,283.0,156.0,363.0,0.0,0.0
2004-05-13,294.0,150.0,0.0,0.0,0.0
2004-05-14,289.0,156.0,0.0,0.0,0.0
2004-05-15,294.0,139.0,0.0,0.0,0.0
2004-05-16,278.0,167.0,102.0,0.0,0.0
2004-05-17,239.0,156.0,28.0,0.0,0.0
2004-05-18,283.0,156.0,0.0,0.0,0.0
2004-05-19,283.0,167.0,175.0,0.0,0.0
2004-05-20,244.0,161.0,135.0,0.0,0.0
2004-05-21,289.0,167.0,0.0,0.0,0.0
2004-05-22,300.0,161.0,102.0,0.0,0.0
2004-05-23,300.0,167.0,5.0,0.0,0.0
2004-05-24,306.0,183.0,0.0,0.0,0.0
2004-05-25,289.0,183.0,81.0,0.0,0.0
2004-05-26,289.0,183.0,340.0,0.0,0.0
2004-05-27,228.0,167.0,312.0,0.0,0.0
2004-05-28,278.0,161.0,775.0,0.0,0.0
2004-05-29,250.0,128.0,5.0,0.0,0.0
2004-05-30,244.0,133.0,0.0,0.0,0.0
2004-05-31,244.0,144.0,188.0,0.0,0.0
2004-06-01,256.0,117.0,13.0,0.0,0.0
2004-06-02,261.0,117.0,107.0,0.0,0.0
2004-06-03,267.0,128.0,8.0,0.0,0.0
2004-06-04,256.0,144.0,10.0,0.0,0.0
2004-06-05,172.0,139.0,305.0,0.0,0.0
2004-06-06,211.0,133.0,0.0,0.0,0.0
2004-06-07,244.0,117.0,0.0,0.0,0.0
2004-06-08,294.0,133.0,0.0,0.0,0.0
2004-06-09,300.0,161.0,0.0,0.0,0.0
2004-06-10,311.0,172.0,0.0,0.0,0.0
2004-06-11,283.0,194.0,74.0,0.0,0.0
2004-06-12,300.0,194.0,23.0,0.0,0.0
2004-06-13,283.0,189.0,18.0,0.0,0.0
2004-06-14,306.0,194.0,3.0,0.0,0.0
2004-06-15,289.0,194.0,155.0,0.0,0.0
2004-06-16,283.0,194.0,175.0,0.0,0.0
2004-06-17,300.0,206.0,10.0,0.0,0.0
2004-06-18,306.0,211.0,5.0,0.0,0.0
2004-06-19,,,18.0,,
2004-06-20,,,0.0,,0.0
2004-06-21,,,0.0,,0.0
2004-06-22,289.0,100.0,5.0,,0.0
2004-06-23,283.0,178.0,117.0,,0.0
2004-06-24,261.0,161.0,5.0,0.0,0.0
2004-06-25,278.0,167.0,0.0,0.0,0.0
2004-06-26,239.0,172.0,8.0,0.0,0.0
2004-06-29,,,,0.0,
2004-06-30,278.0,156.0,0.0,0.0,0.0
2004-07-01,289.0,156.0,0.0,0.0,0.0
2004-07-02,289.0,178.0,0.0,0.0,0.0
2004-07-03,311.0,189.0,0.0,0.0,0.0
2004-07-04,,,,0.0,0.0
2004-07-05,,,,0.0,0.0
2004-07-06,,,,0.0,0.0
2004-07-07,,,,0.0,0.0
2004-07-08,,,,0.0,0.0
2004-07-09,,,,0.0,0.0
2004-07-10,,,292.0,0.0,0.0
2004-07-11,,,,0.0,0.0
2004-07-12,,,0.0,0.0,0.0
2004-07-13,306.0,211.0,0.0,0.0,0.0
2004-07-14,317.0,200.0,0.0,0.0,0.0
2004-07-15,283.0,150.0,0.0,0.0,0.0
2004-07-16,267.0,133.0,0.0,0.0,0.0
2004-07-17,278.0,150.0,0.0,0.0,0.0
2004-07-18,233.0,161.0,15.0,0.0,0.0
2004-07-19,256.0,150.0,0.0,0.0,0.0
2004-07-20,267.0,156.0,0.0,0.0,0.0
2004-07-21,294.0,161.0,0.0,0.0,0.0
2004-07-22,311.0,167.0,0.0,0.0,0.0
2004-07-23,272.0,206.0,770.0,0.0,0.0
2004-07-24,,,76.0,0.0,0.0
2004-07-25,,,,0.0,0.0
2004-07-26,,,,0.0,0.0
2004-07-27,278.0,206.0,279.0,0.0,0.0
2004-07-28,267.0,156.0,38.0,0.0,0.0
2004-07-29,244.0,150.0,0.0,0.0,0.0
2004-07-30,289.0,150.0,0.0,0.0,0.0
2004-07-31,283.0,200.0,0.0,0.0,0.0
2004-08-01,289.0,200.0,20.0,0.0,0.0
2004-08-02,294.0,189.0,0.0,0.0,0.0
2004-08-03,306.0,178.0,0.0,0.0,0.0
2004-08-04,311.0,178.0,0.0,0.0,0.0
2004-08-05,306.0,189.0,206.0,0.0,0.0
2004-08-06,250.0,111.0,43.0,0.0,0.0
2004-08-07,222.0,111.0,0.0,0.0,0.0
2004-08-08,250.0,117.0,0.0,0.0,0.0
2004-08-09,267.0,133.0,0.0,0.0,0.0
2004-08-10,283.0,133.0,0.0,0.0,0.0
2004-08-11,294.0,150.0,38.0,0.0,0.0
2004-08-12,278.0,156.0,56.0,0.0,0.0
2004-08-13,172.0,139.0,97.0,0.0,0.0
2004-08-14,222.0,122.0,0.0,0.0,0.0
2004-08-15,239.0,122.0,0.0,0.0,0.0
2004-08-16,256.0,133.0,0.0,0.0,0.0
2004-08-19,,,,,
2004-08-20,,,0.0,,0.0
2004-08-21,306.0,172.0,102.0,,0.0
2004-08-22,222.0,150.0,211.0,,0.0
2004-08-23,267.0,150.0,0.0,0.0,0.0
2004-08-24,294.0,156.0,0.0,0.0,0.0
2004-08-25,306.0,183.0,3.0,0.0,0.0
2004-08-26,300.0,183.0,0.0,0.0,0.0
2004-08-27,283.0,194.0,5.0,0.0,0.0
2004-08-28,311.0,200.0,0.0,0.0,0.0
2004-08-29,322.0,200.0,74.0,0.0,0.0
2004-08-30,311.0,206.0,5.0,0.0,0.0
2004-08-31,256.0,172.0,0.0,0.0,0.0
2004-09-01,261.0,144.0,0.0,0.0,0.0
2004-09-02,272.0,144.0,0.0,0.0,0.0
2004-09-03,294.0,156.0,0.0,0.0,0.0
2004-09-04,272.0,161.0,0.0,0.0,0.0
2004-09-05,300.0,178.0,0.0,0.0,0.0
2004-09-06,306.0,150.0,0.0,0.0,0.0
2004-09-07,311.0,150.0,0.0,0.0,0.0
2004-09-08,267.0,172.0,485.0,0.0,0.0
2004-09-09,222.0,183.0,518.0,0.0,0.0
2004-09-10,233.0,178.0,0.0,0.0,0.0
2004-09-11,267.0,150.0,0.0,0.0,0.0
2004-09-12,283.0,150.0,0.0,0.0,0.0
2004-09-13,267.0,161.0,0.0,0.0,0.0
2004-09-14,283.0,172.0,66.0,0.0,0.0
2004-09-15,267.0,144.0,0.0,0.0,0.0
2004-09-16,283.0,139.0,0.0,0.0,0.0
2004-09-17,233.0,156.0,368.0,0.0,0.0
2004-09-18,206.0,139.0,325.0,0.0,0.0
2004-09-19,228.0,72.0,0.0,0.0,0.0
2004-09-20,228.0,78.0,0.0,0.0,0.0
2004-09-21,250.0,83.0,0.0,0.0,0.0
2004-09-22,272.0,78.0,0.0,0.0,0.0
2004-09-23,294.0,106.0,0.0,0.0,0.0
2004-09-24,294.0,122.0,0.0,0.0,0.0
2004-09-25,300.0,122.0,0.0,0.0,0.0
2004-09-26,278.0,144.0,0.0,0.0,0.0
2004-09-27,239.0,133.0,0.0,0.0,0.0
2004-09-28,239.0,156.0,107.0,0.0,0.0
2004-09-29,217.0,122.0,25.0,0.0,0.0
2004-09-30,183.0,106.0,5.0,0.0,0.0
2004-10-01,194.0,111.0,3.0,0.0,0.0
2004-10-02,267.0,117.0,0.0,0.0,0.0
2004-10-03,211.0,111.0,86.0,0.0,0.0
2004-10-04,211.0,83.0,0.0,0.0,0.0
2004-10-05,250.0,50.0,0.0,0.0,0.0
2004-10-06,183.0,33.0,0.0,0.0,0.0
2004-10-07,217.0,39.0,0.0,0.0,0.0
2004-10-08,244.0,39.0,0.0,0.0,0.0
2004-10-09,256.0,56.0,0.0,0.0,0.0
2004-10-10,233.0,100.0,0.0,0.0,0.0
2004-10-11,222.0,50.0,0.0,0.0,0.0
2004-10-12,200.0,44.0,0.0,0.0,0.0
2004-10-13,222.0,44.0,0.0,0.0,0.0
2004-10-14,178.0,100.0,163.0,0.0,0.0
2004-10-15,150.0,83.0,28.0,0.0,0.0
2004-10-16,117.0,56.0,10.0,0.0,0.0
2004-10-17,122.0,0.0,38.0,0.0,0.0
2004-10-18,172.0,6.0,0.0,0.0,0.0
2004-10-19,156.0,6.0,229.0,0.0,0.0
2004-10-20,233.0,144.0,71.0,0.0,0.0
2004-10-21,222.0,144.0,3.0,0.0,0.0
2004-10-22,167.0,89.0,0.0,0.0,0.0
2004-10-23,194.0,72.0,0.0,0.0,0.0
2004-10-24,222.0,67.0,147.0,0.0,0.0
2004-10-25,233.0,78.0,0.0,0.0,0.0
2004-10-26,233.0,56.0,0.0,0.0,0.0
2004-10-27,233.0,50.0,23.0,0.0,0.0
2004-10-28,167.0,128.0,28.0,0.0,0.0
2004-10-29,217.0,117.0,5.0,0.0,0.0
2004-10-30,244.0,117.0,0.0,0.0,0.0
2004-10-31,256.0,83.0,8.0,0.0,0.0
2004-11-01,222.0,83.0,0.0,0.0,0.0
2004-11-02,211.0,89.0,18.0,0.0,0.0
2004-11-03,289.0,89.0,46.0,0.0,0.0
2004-11-04,128.0,106.0,109.0,0.0,0.0
2004-11-05,189.0,50.0,94.0,0.0,0.0
2004-11-06,133.0,-11.0,0.0,0.0,0.0
2004-11-07,200.0,0.0,0.0,0.0,0.0
2004-11-08,239.0,28.0,0.0,0.0,0.0
2004-11-09,117.0,-33.0,0.0,0.0,0.0
2004-11-10,122.0,-33.0,0.0,0.0,0.0
2004-11-11,194.0,-28.0,0.0,0.0,0.0
2004-11-12,133.0,17.0,216.0,0.0,0.0
2004-11-13,83.0,44.0,25.0,0.0,0.0
2004-11-14,122.0,-44.0,0.0,0.0,0.0
2004-11-15,139.0,-44.0,0.0,0.0,0.0
2004-11-16,150.0,-39.0,0.0,0.0,0.0
2004-11-17,117.0,28.0,5.0,0.0,0.0
2004-11-18,150.0,67.0,97.0,0.0,0.0
2004-11-19,144.0,117.0,114.0,0.0,0.0
2004-11-20,161.0,122.0,109.0,0.0,0.0
2004-11-21,150.0,111.0,8.0,0.0,0.0
2004-11-22,139.0,89.0,0.0,0.0,0.0
2004-11-23,150.0,89.0,0.0,0.0,0.0
2004-11-24,167.0,94.0,15.0,0.0,0.0
2004-11-25,189.0,83.0,76.0,0.0,0.0
2004-11-26,83.0,-44.0,10.0,0.0,0.0
2004-11-27,83.0,-50.0,0.0,0.0,0.0
2004-11-28,150.0,-17.0,33.0,0.0,0.0
2004-11-29,61.0,-11.0,5.0,0.0,0.0
2004-11-30,72.0,11.0,0.0,0.0,0.0
2004-12-01,139.0,33.0,257.0,0.0,0.0
2004-12-02,72.0,-33.0,0.0,0.0,0.0
2004-12-03,111.0,-33.0,0.0,0.0,0.0
2004-12-04,89.0,-56.0,0.0,0.0,0.0
2004-12-05,122.0,-50.0,0.0,0.0,0.0
2004-12-10,,,,,
2004-12-11,,,0.0,,
2004-12-12,61.0,22.0,61.0,,0.0
2004-12-13,83.0,22.0,5.0,,0.0
2004-12-14,39.0,-33.0,13.0,25.0,38.0
2004-12-15,-6.0,-78.0,3.0,0.0,3.0
2004-12-16,6.0,-100.0,0.0,0.0,0.0
2004-12-17,100.0,-100.0,0.0,0.0,0.0
2004-12-18,89.0,-56.0,0.0,0.0,0.0
2004-12-19,94.0,-50.0,0.0,0.0,0.0
2004-12-20,28.0,-189.0,13.0,25.0,33.0
2004-12-21,-67.0,-189.0,0.0,25.0,0.0
2004-12-22,83.0,-89.0,0.0,,0.0
2004-12-23,167.0,0.0,46.0,,0.0
2004-12-24,100.0,-72.0,64.0,0.0,0.0
2004-12-25,-33.0,-111.0,0.0,0.0,0.0
2004-12-26,6.0,-100.0,0.0,0.0,0.0
2004-12-27,28.0,-78.0,0.0,0.0,0.0
2004-12-28,-11.0,-94.0,0.0,0.0,0.0
2004-12-29,,,0.0,0.0,0.0
2004-12-30,,,0.0,0.0,0.0
2004-12-31,,,0.0,0.0,0.0
2005-01-01,156.0,17.0,10.0,0.0,0.0
2005-01-02,133.0,39.0,5.0,0.0,0.0
2005-01-03,167.0,39.0,13.0,0.0,0.0
2005-01-04,178.0,100.0,46.0,0.0,0.0
2005-01-05,167.0,133.0,124.0,0.0,0.0
2005-01-06,183.0,133.0,5.0,0.0,0.0
2005-01-07,178.0,17.0,61.0,0.0,0.0
2005-01-08,128.0,17.0,198.0,0.0,0.0
2005-01-09,117.0,17.0,3.0,0.0,0.0
2005-01-10,144.0,6.0,0.0,0.0,0.0
2005-01-11,100.0,28.0,0.0,0.0,0.0
2005-01-12,178.0,44.0,3.0,0.0,0.0
2005-01-13,222.0,94.0,0.0,0.0,0.0
2005-01-14,244.0,33.0,130.0,0.0,0.0
2005-01-15,39.0,-39.0,0.0,0.0,0.0
2005-01-16,56.0,-44.0,0.0,0.0,0.0
2005-01-17,17.0,-106.0,5.0,0.0,5.0
2005-01-18,-61.0,-150.0,0.0,0.0,0.0
2005-01-19,-11.0,-150.0,5.0,25.0,13.0
2005-01-20,22.0,-39.0,10.0,0.0,0.0
2005-01-21,-6.0,-50.0,89.0,76.0,81.0
2005-01-22,-6.0,-94.0,0.0,25.0,0.0
2005-01-23,39.0,-128.0,64.0,25.0,13.0
2005-01-24,-67.0,-172.0,0.0,0.0,0.0
2005-01-25,-17.0,-161.0,0.0,0.0,0.0
2005-01-26,94.0,-106.0,13.0,0.0,0.0
2005-01-27,100.0,-83.0,3.0,0.0,0.0
2005-01-28,-11.0,-117.0,0.0,0.0,0.0
2005-01-29,39.0,-122.0,5.0,0.0,0.0
2005-01-30,22.0,-17.0,64.0,0.0,0.0
2005-01-31,17.0,-6.0,0.0,0.0,0.0
2005-02-01,,,,0.0,0.0
2005-02-02,,,,0.0,0.0
2005-02-03,,,,0.0,0.0
2005-02-04,,,,,
2005-02-05,,,0.0,,0.0
2005-02-06,,,0.0,,0.0
2005-02-07,,,0.0,,0.0
2005-02-08,189.0,-11.0,33.0,,0.0
2005-02-09,133.0,50.0,5.0,,0.0
2005-02-10,133.0,-6.0,81.0,0.0,0.0
2005-02-11,6.0,-78.0,13.0,0.0,25.0
2005-02-12,0.0,-50.0,3.0,0.0,0.0
2005-02-13,144.0,-28.0,0.0,0.0,0.0
2005-02-14,89.0,-17.0,61.0,0.0,0.0
2005-02-15,133.0,-6.0,64.0,0.0,0.0
2005-02-16,183.0,-6.0,0.0,0.0,0.0
2005-02-17,133.0,-17.0,41.0,0.0,0.0
2005-02-18,56.0,-44.0,0.0,0.0,0.0
2005-02-19,28.0,-94.0,0.0,0.0,0.0
2005-02-20,61.0,-94.0,0.0,0.0,0.0
2005-02-21,111.0,11.0,36.0,0.0,0.0
2005-02-22,117.0,28.0,107.0,0.0,0.0
2005-02-23,111.0,17.0,0.0,0.0,0.0
2005-02-24,78.0,6.0,25.0,0.0,0.0
2005-02-25,11.0,-22.0,46.0,25.0,13.0
2005-02-26,44.0,-56.0,0.0,,0.0
2005-02-27,106.0,-44.0,0.0,,0.0
2005-02-28,128.0,-28.0,137.0,0.0,0.0
2005-03-01,33.0,-22.0,191.0,0.0,8.0
2005-03-02,-11.0,-61.0,25.0,25.0,25.0
2005-03-03,11.0,-94.0,0.0,0.0,0.0
2005-03-04,28.0,-94.0,0.0,0.0,0.0
2005-03-05,56.0,-89.0,150.0,0.0,10.0
2005-03-06,56.0,-22.0,38.0,0.0,0.0
2005-03-07,156.0,-22.0,0.0,0.0,0.0
2005-03-08,183.0,-11.0,218.0,25.0,25.0
2005-03-09,-11.0,-94.0,13.0,25.0,13.0
2005-03-10,33.0,-94.0,0.0,0.0,0.0
2005-03-11,56.0,-61.0,5.0,0.0,0.0
2005-03-12,56.0,-17.0,71.0,51.0,64.0
2005-03-13,83.0,0.0,61.0,0.0,0.0
2005-03-14,33.0,-67.0,33.0,51.0,48.0
2005-03-15,72.0,-67.0,0.0,0.0,0.0
2005-03-16,117.0,-56.0,0.0,0.0,0.0
2005-03-17,67.0,11.0,0.0,0.0,0.0
2005-03-18,128.0,-44.0,0.0,0.0,0.0
2005-03-19,161.0,-44.0,0.0,0.0,0.0
2005-03-20,161.0,-17.0,13.0,0.0,0.0
2005-03-21,89.0,-22.0,0.0,0.0,0.0
2005-03-22,111.0,-44.0,0.0,0.0,0.0
2005-03-23,167.0,-39.0,58.0,0.0,0.0
2005-03-24,183.0,22.0,208.0,0.0,0.0
2005-03-25,50.0,22.0,5.0,0.0,0.0
2005-03-26,156.0,33.0,5.0,0.0,0.0
2005-03-27,161.0,28.0,0.0,0.0,0.0
2005-03-28,178.0,33.0,86.0,0.0,0.0
2005-03-29,178.0,72.0,140.0,0.0,0.0
2005-03-30,,,,0.0,0.0
2005-03-31,,,,0.0,0.0
2005-04-01,,,,0.0,0.0
2005-04-02,,,,0.0,0.0
2005-04-03,,,,,
2005-04-08,,,,,
2005-04-09,,,0.0,,0.0
2005-04-10,256.0,44.0,0.0,,0.0
2005-04-11,278.0,50.0,0.0,,0.0
2005-04-12,283.0,67.0,0.0,,0.0
2005-04-13,178.0,106.0,25.0,,0.0
2005-04-14,178.0,44.0,0.0,,0.0
2005-04-15,211.0,17.0,0.0,,0.0
2005-04-16,228.0,6.0,0.0,,0.0
2005-04-17,228.0,0.0,0.0,,0.0
2005-04-18,256.0,6.0,0.0,,0.0
2005-04-19,272.0,78.0,0.0,0.0,0.0
2005-04-20,283.0,78.0,0.0,0.0,0.0
2005-04-21,278.0,83.0,0.0,0.0,0.0
2005-04-22,233.0,106.0,43.0,0.0,0.0
2005-04-23,233.0,106.0,229.0,0.0,0.0
2005-04-24,106.0,-6.0,107.0,0.0,8.0
2005-04-25,56.0,0.0,89.0,0.0,3.0
2005-04-26,183.0,28.0,0.0,0.0,0.0
2005-04-27,194.0,44.0,109.0,0.0,0.0
2005-04-28,144.0,0.0,18.0,0.0,0.0
2005-04-29,167.0,6.0,10.0,0.0,0.0
2005-04-30,161.0,89.0,318.0,0.0,0.0
2005-05-01,161.0,44.0,8.0,0.0,0.0
2005-05-02,167.0,28.0,0.0,0.0,0.0
2005-05-03,128.0,-6.0,8.0,0.0,0.0
2005-05-04,133.0,0.0,0.0,0.0,0.0
2005-05-05,178.0,6.0,0.0,0.0,0.0
2005-05-06,233.0,17.0,0.0,0.0,0.0
2005-05-07,222.0,33.0,0.0,0.0,0.0
2005-05-08,228.0,33.0,33.0,0.0,0.0
2005-05-09,,,,0.0,0.0
2005-05-10,,,,0.0,0.0
2005-05-11,,,,0.0,0.0
2005-05-12,,,,0.0,0.0
2005-05-13,,,,0.0,0.0
2005-05-14,,,,0.0,0.0
2005-05-15,,,,0.0,0.0
2005-05-16,,,,0.0,0.0
2005-05-17,,,,0.0,0.0
2005-05-18,,,,0.0,0.0
2005-05-19,,,0.0,0.0,0.0
2005-05-20,283.0,106.0,345.0,0.0,0.0
2005-05-21,200.0,72.0,20.0,0.0,0.0
2005-05-22,228.0,61.0,0.0,0.0,0.0
2005-05-23,239.0,72.0,25.0,0.0,0.0
2005-05-24,233.0,111.0,229.0,0.0,0.0
2005-05-25,161.0,100.0,5.0,0.0,0.0
2005-05-26,200.0,72.0,0.0,0.0,0.0
2005-05-27,256.0,78.0,0.0,0.0,0.0
2005-05-28,256.0,89.0,0.0,0.0,0.0
2005-05-29,222.0,83.0,36.0,0.0,0.0
2005-05-30,244.0,78.0,0.0,0.0,0.0
2005-05-31,239.0,83.0,0.0,0.0,0.0
2005-06-01,250.0,100.0,0.0,0.0,0.0
2005-06-02,261.0,106.0,5.0,0.0,0.0
2005-06-03,200.0,139.0,28.0,0.0,0.0
2005-06-04,250.0,144.0,79.0,0.0,0.0
2005-06-05,283.0,156.0,0.0,0.0,0.0
2005-06-06,317.0,167.0,0.0,0.0,0.0
2005-06-07,322.0,183.0,0.0,0.0,0.0
2005-06-08,294.0,189.0,0.0,0.0,0.0
2005-06-09,306.0,189.0,0.0,0.0,0.0
2005-06-10,306.0,189.0,0.0,0.0,0.0
2005-06-11,317.0,200.0,274.0,0.0,0.0
2005-06-12,283.0,178.0,48.0,0.0,0.0
2005-06-13,317.0,183.0,0.0,0.0,0.0
2005-06-14,289.0,183.0,43.0,0.0,0.0
2005-06-15,322.0,178.0,213.0,0.0,0.0
2005-06-16,283.0,167.0,0.0,0.0,0.0
2005-06-17,233.0,106.0,0.0,0.0,0.0
2005-06-18,250.0,122.0,0.0,0.0,0.0
2005-06-19,267.0,122.0,0.0,0.0,0.0
2005-06-20,267.0,128.0,0.0,0.0,0.0
2005-06-21,278.0,144.0,0.0,0.0,0.0
2005-06-22,267.0,167.0,58.0,0.0,0.0
2005-06-23,294.0,150.0,0.0,0.0,0.0
2005-06-24,306.0,156.0,0.0,0.0,0.0
2005-06-25,328.0,150.0,0.0,0.0,0.0
2005-06-26,333.0,150.0,0.0,0.0,0.0
2005-06-27,317.0,167.0,0.0,0.0,0.0
2005-06-28,344.0,194.0,0.0,0.0,0.0
2005-06-29,311.0,200.0,5.0,0.0,0.0
2005-06-30,328.0,194.0,0.0,0.0,0.0
2005-07-01,322.0,194.0,411.0,0.0,0.0
2005-07-02,,,38.0,0.0,0.0
2005-07-03,,,0.0,0.0,0.0
2005-07-04,,,0.0,0.0,0.0
2005-07-05,322.0,189.0,3.0,0.0,0.0
2005-07-06,294.0,200.0,188.0,0.0,0.0
2005-07-07,289.0,194.0,86.0,0.0,0.0
2005-07-08,217.0,167.0,145.0,0.0,0.0
2005-07-09,,,,0.0,0.0
2005-07-10,,,,0.0,0.0
2005-07-11,,,,0.0,0.0
2005-07-12,,,,0.0,0.0
2005-07-13,,,,0.0,0.0
2005-07-14,,,,0.0,0.0
2005-07-15,,,,0.0,0.0
2005-07-16,,,,0.0,0.0
2005-07-17,,,,0.0,0.0
2005-07-18,,,10.0,0.0,0.0
2005-07-19,306.0,217.0,8.0,0.0,0.0
2005-07-20,300.0,200.0,754.0,0.0,0.0
2005-07-21,311.0,200.0,13.0,0.0,0.0
2005-07-22,,,15.0,0.0,0.0
2005-07-23,,,0.0,0.0,0.0
2005-07-24,311.0,178.0,0.0,0.0,0.0
2005-07-25,306.0,178.0,0.0,0.0,0.0
2005-07-26,339.0,200.0,18.0,0.0,0.0
2005-07-27,333.0,200.0,0.0,0.0,0.0
2005-07-28,311.0,200.0,274.0,0.0,0.0
2005-07-29,272.0,194.0,56.0,0.0,0.0
2005-07-30,,,0.0,0.0,0.0
2005-07-31,,,0.0,0.0,0.0
2005-08-01,,,0.0,0.0,0.0
2005-08-02,311.0,172.0,0.0,0.0,0.0
2005-08-03,322.0,189.0,0.0,0.0,0.0
2005-08-04,333.0,178.0,0.0,0.0,0.0
2005-08-05,339.0,178.0,0.0,0.0,0.0
2005-08-06,328.0,194.0,0.0,0.0,0.0
2005-08-07,300.0,200.0,0.0,0.0,0.0
2005-08-08,289.0,194.0,28.0,0.0,0.0
2005-08-09,289.0,183.0,23.0,0.0,0.0
2005-08-10,306.0,183.0,0.0,0.0,0.0
2005-08-11,322.0,194.0,0.0,0.0,0.0
2005-08-12,333.0,194.0,0.0,0.0,0.0
2005-08-13,344.0,200.0,0.0,0.0,0.0
2005-08-14,344.0,200.0,10.0,0.0,0.0
2005-08-15,328.0,206.0,0.0,0.0,0.0
2005-08-16,328.0,206.0,0.0,0.0,0.0
2005-08-17,,,69.0,,
2005-08-18,,,0.0,,0.0
2005-08-19,306.0,194.0,91.0,,0.0
2005-08-20,317.0,217.0,5.0,,0.0
2005-08-21,333.0,222.0,18.0,,0.0
2005-08-22,328.0,172.0,0.0,0.0,0.0
2005-08-23,294.0,156.0,0.0,0.0,0.0
2005-08-24,283.0,122.0,0.0,0.0,0.0
2005-08-25,289.0,128.0,0.0,0.0,0.0
2005-08-26,317.0,144.0,0.0,0.0,0.0
2005-08-27,217.0,200.0,579.0,0.0,0.0
2005-08-28,283.0,189.0,163.0,0.0,0.0
2005-08-29,306.0,194.0,122.0,0.0,0.0
2005-08-30,250.0,211.0,503.0,0.0,0.0
2005-08-31,294.0,211.0,28.0,0.0,0.0
2005-09-01,267.0,178.0,25.0,0.0,0.0
2005-09-02,289.0,167.0,0.0,0.0,0.0
2005-09-03,283.0,133.0,0.0,0.0,0.0
2005-09-04,267.0,133.0,0.0,0.0,0.0
2005-09-05,261.0,128.0,0.0,0.0,0.0
2005-09-06,278.0,122.0,0.0,0.0,0.0
2005-09-07,278.0,111.0,0.0,0.0,0.0
2005-09-08,267.0,106.0,0.0,0.0,0.0
2005-09-09,278.0,106.0,0.0,0.0,0.0
2005-09-10,283.0,122.0,0.0,0.0,0.0
2005-09-11,294.0,144.0,0.0,0.0,0.0
2005-09-12,294.0,144.0,0.0,0.0,0.0
2005-09-13,289.0,139.0,0.0,0.0,0.0
2005-09-14,283.0,139.0,0.0,0.0,0.0
2005-09-15,300.0,144.0,0.0,0.0,0.0
2005-09-16,300.0,172.0,0.0,0.0,0.0
2005-09-17,283.0,183.0,124.0,0.0,0.0
2005-09-18,250.0,156.0,0.0,0.0,0.0
2005-09-19,256.0,139.0,0.0,0.0,0.0
2005-09-20,294.0,139.0,0.0,0.0,0.0
2005-09-21,267.0,150.0,0.0,0.0,0.0
2005-09-22,283.0,139.0,0.0,0.0,0.0
2005-09-23,306.0,139.0,0.0,0.0,0.0
2005-09-24,300.0,172.0,0.0,0.0,0.0
2005-09-25,317.0,178.0,0.0,0.0,0.0
2005-09-26,300.0,178.0,15.0,0.0,0.0
2005-09-27,222.0,156.0,51.0,0.0,0.0
2005-09-28,244.0,117.0,0.0,0.0,0.0
2005-09-29,294.0,117.0,114.0,0.0,0.0
2005-09-30,194.0,61.0,0.0,0.0,0.0
2005-10-01,228.0,56.0,0.0,0.0,0.0
2005-10-02,278.0,83.0,0.0,0.0,0.0
2005-10-03,289.0,128.0,0.0,0.0,0.0
2005-10-04,300.0,106.0,0.0,0.0,0.0
2005-10-05,294.0,106.0,0.0,0.0,0.0
2005-10-06,294.0,100.0,0.0,0.0,0.0
2005-10-07,278.0,139.0,302.0,0.0,0.0
2005-10-08,217.0,128.0,74.0,0.0,0.0
2005-10-09,133.0,106.0,25.0,0.0,0.0
2005-10-10,139.0,111.0,5.0,0.0,0.0
2005-10-11,194.0,133.0,122.0,0.0,0.0
2005-10-12,183.0,150.0,5.0,0.0,0.0
2005-10-13,206.0,144.0,0.0,0.0,0.0
2005-10-14,200.0,144.0,0.0,0.0,0.0
2005-10-15,211.0,94.0,0.0,0.0,0.0
2005-10-16,233.0,39.0,0.0,0.0,0.0
2005-10-17,183.0,39.0,0.0,0.0,0.0
2005-10-18,206.0,44.0,0.0,0.0,0.0
2005-10-19,239.0,67.0,0.0,0.0,0.0
2005-10-20,272.0,61.0,0.0,0.0,0.0
2005-10-21,211.0,106.0,5.0,0.0,0.0
2005-10-22,228.0,117.0,112.0,0.0,0.0
2005-10-23,117.0,44.0,18.0,0.0,0.0
2005-10-24,156.0,50.0,109.0,0.0,0.0
2005-10-25,94.0,28.0,15.0,0.0,0.0
2005-10-26,72.0,33.0,114.0,0.0,0.0
2005-10-27,122.0,17.0,3.0,0.0,0.0
2005-10-28,111.0,11.0,0.0,0.0,0.0
2005-10-29,111.0,-11.0,0.0,0.0,0.0
2005-10-30,133.0,-22.0,0.0,0.0,0.0
2005-10-31,194.0,-22.0,0.0,0.0,0.0
2005-11-01,211.0,-11.0,0.0,0.0,0.0
2005-11-02,200.0,0.0,48.0,0.0,0.0
2005-11-03,156.0,0.0,0.0,0.0,0.0
2005-11-04,228.0,6.0,0.0,0.0,0.0
2005-11-05,233.0,11.0,0.0,0.0,0.0
2005-11-06,250.0,67.0,0.0,0.0,0.0
2005-11-07,233.0,17.0,15.0,0.0,0.0
2005-11-08,178.0,17.0,28.0,0.0,0.0
2005-11-09,217.0,72.0,53.0,0.0,0.0
2005-11-10,261.0,56.0,5.0,0.0,0.0
2005-11-11,111.0,-33.0,0.0,0.0,0.0
2005-11-12,133.0,-33.0,0.0,0.0,0.0
2005-11-13,211.0,-22.0,0.0,0.0,0.0
2005-11-14,189.0,28.0,5.0,0.0,0.0
2005-11-15,156.0,106.0,79.0,0.0,0.0
2005-11-16,256.0,83.0,173.0,0.0,0.0
2005-11-17,83.0,-33.0,41.0,0.0,0.0
2005-11-18,28.0,-83.0,0.0,0.0,0.0
2005-11-19,56.0,-83.0,0.0,0.0,0.0
2005-11-20,133.0,-72.0,0.0,0.0,0.0
2005-11-21,167.0,6.0,0.0,0.0,0.0
2005-11-22,128.0,0.0,0.0,0.0,0.0
2005-11-23,56.0,-28.0,10.0,0.0,0.0
2005-11-26,,,,,
2005-11-27,,,0.0,,0.0
2005-11-28,183.0,17.0,0.0,,0.0
2005-11-29,233.0,33.0,99.0,,0.0
2005-11-30,156.0,22.0,43.0,0.0,0.0
2005-12-01,44.0,-61.0,0.0,0.0,0.0
2005-12-02,50.0,-50.0,20.0,0.0,3.0
2005-12-03,6.0,-67.0,0.0,0.0,0.0
2005-12-04,39.0,-44.0,84.0,0.0,0.0
2005-12-05,39.0,-6.0,5.0,0.0,0.0
2005-12-06,-6.0,-33.0,0.0,0.0,0.0
2005-12-07,6.0,-72.0,0.0,0.0,0.0
2005-12-08,11.0,-89.0,0.0,0.0,0.0
2005-12-09,67.0,-83.0,145.0,0.0,0.0
2005-12-10,-22.0,-94.0,0.0,0.0,0.0
2005-12-11,72.0,-94.0,3.0,0.0,0.0
2005-12-12,33.0,-11.0,61.0,25.0,28.0
2005-12-13,-11.0,-117.0,5.0,25.0,5.0
2005-12-14,17.0,-117.0,0.0,0.0,0.0
2005-12-15,33.0,-56.0,33.0,0.0,0.0
2005-12-16,50.0,-28.0,165.0,0.0,0.0
2005-12-17,44.0,-50.0,0.0,0.0,0.0
2005-12-18,56.0,-56.0,0.0,0.0,0.0
2005-12-19,72.0,-56.0,0.0,0.0,0.0
2005-12-20,0.0,-128.0,0.0,0.0,0.0
2005-12-21,-6.0,-128.0,0.0,0.0,0.0
2005-12-22,17.0,-106.0,0.0,0.0,0.0
2005-12-23,50.0,-94.0,0.0,0.0,0.0
2005-12-24,128.0,-94.0,0.0,0.0,0.0
2005-12-25,156.0,-56.0,18.0,0.0,0.0
2005-12-26,100.0,6.0,71.0,0.0,0.0
2005-12-27,33.0,6.0,8.0,0.0,0.0
2005-12-28,111.0,-22.0,0.0,0.0,0.0
2005-12-29,183.0,-11.0,89.0,0.0,0.0
2005-12-30,33.0,22.0,18.0,0.0,0.0
2005-12-31,78.0,28.0,13.0,0.0,0.0
2006-01-01,78.0,-28.0,0.0,0.0,0.0
2006-01-02,128.0,-22.0,132.0,0.0,0.0
2006-01-03,167.0,56.0,89.0,0.0,0.0
2006-01-04,94.0,33.0,5.0,0.0,0.0
2006-01-05,183.0,28.0,0.0,0.0,0.0
2006-01-06,67.0,6.0,8.0,0.0,0.0
2006-01-07,17.0,-17.0,5.0,0.0,5.0
2006-01-08,67.0,-33.0,0.0,0.0,0.0
2006-01-09,183.0,-28.0,0.0,0.0,0.0
2006-01-10,178.0,-22.0,0.0,0.0,0.0
2006-01-11,106.0,-22.0,5.0,0.0,0.0
2006-01-12,161.0,-33.0,5.0,0.0,0.0
2006-01-14,,,,25.0,
2006-01-15,,,0.0,,0.0
2006-01-16,,,0.0,,0.0
2006-01-17,,,0.0,,0.0
2006-01-18,,,0.0,0.0,0.0
2006-01-19,11.0,-56.0,3.0,0.0,3.0
2006-01-20,167.0,-44.0,0.0,0.0,0.0
2006-01-21,183.0,0.0,3.0,0.0,0.0
2006-01-22,128.0,-28.0,30.0,0.0,0.0
2006-01-23,89.0,-22.0,521.0,0.0,0.0
2006-01-24,67.0,-6.0,41.0,0.0,0.0
2006-01-25,117.0,0.0,8.0,0.0,0.0
2006-01-26,28.0,-11.0,15.0,0.0,15.0
2006-01-27,44.0,-72.0,0.0,0.0,0.0
2006-01-28,106.0,-72.0,0.0,0.0,0.0
2006-01-29,172.0,-28.0,30.0,0.0,0.0
2006-01-30,183.0,-11.0,20.0,0.0,0.0
2006-01-31,139.0,-6.0,23.0,0.0,0.0
2006-02-01,33.0,-33.0,0.0,0.0,0.0
2006-02-02,111.0,-39.0,0.0,0.0,0.0
2006-02-03,156.0,44.0,36.0,0.0,0.0
2006-02-04,139.0,28.0,5.0,0.0,0.0
2006-02-05,100.0,-22.0,76.0,25.0,13.0
2006-02-06,-11.0,-33.0,3.0,0.0,8.0
2006-02-07,50.0,-78.0,0.0,0.0,0.0
2006-02-08,50.0,-78.0,0.0,0.0,0.0
2006-02-09,22.0,-78.0,0.0,0.0,0.0
2006-02-10,22.0,-83.0,0.0,0.0,0.0
2006-02-11,83.0,-50.0,15.0,0.0,0.0
2006-02-12,11.0,-56.0,74.0,51.0,74.0
2006-02-13,-6.0,-61.0,13.0,25.0,53.0
2006-02-14,-11.0,-67.0,3.0,25.0,3.0
2006-02-15,128.0,-50.0,0.0,0.0,0.0
2006-02-16,172.0,-50.0,0.0,0.0,0.0
2006-02-17,222.0,-6.0,30.0,0.0,0.0
2006-02-18,72.0,-28.0,0.0,0.0,0.0
2006-02-19,-17.0,-156.0,15.0,25.0,30.0
2006-02-20,-22.0,-144.0,0.0,0.0,0.0
2006-02-21,0.0,-56.0,0.0,0.0,0.0
2006-02-22,78.0,-22.0,38.0,0.0,0.0
2006-02-23,78.0,11.0,5.0,0.0,0.0
2006-02-24,117.0,-39.0,0.0,0.0,0.0
2006-02-25,94.0,-39.0,0.0,0.0,0.0
2006-02-26,161.0,-39.0,0.0,0.0,0.0
2006-02-27,22.0,-72.0,0.0,0.0,0.0
2006-02-28,78.0,-39.0,0.0,0.0,0.0
2006-03-01,139.0,11.0,0.0,0.0,0.0
2006-03-02,172.0,39.0,3.0,0.0,0.0
2006-03-03,211.0,6.0,8.0,0.0,0.0
2006-03-04,28.0,-89.0,0.0,0.0,0.0
2006-03-05,72.0,-89.0,0.0,0.0,0.0
2006-03-06,72.0,-89.0,0.0,0.0,0.0
2006-03-07,106.0,-67.0,76.0,0.0,0.0
2006-03-08,50.0,-28.0,30.0,0.0,0.0
2006-03-09,94.0,-33.0,3.0,0.0,0.0
2006-03-10,178.0,-6.0,10.0,0.0,0.0
2006-03-11,233.0,50.0,10.0,0.0,0.0
2006-03-12,183.0,17.0,0.0,0.0,0.0
2006-03-13,167.0,22.0,15.0,0.0,0.0
2006-03-14,211.0,67.0,94.0,0.0,0.0
2006-03-15,278.0,44.0,38.0,0.0,0.0
2006-03-16,106.0,17.0,0.0,0.0,0.0
2006-03-17,122.0,0.0,0.0,0.0,0.0
2006-03-18,144.0,0.0,0.0,0.0,0.0
2006-03-19,94.0,-56.0,0.0,0.0,0.0
2006-03-20,89.0,-72.0,0.0,0.0,0.0
2006-03-21,94.0,-67.0,0.0,0.0,0.0
2006-03-22,78.0,-39.0,10.0,0.0,0.0
2006-03-23,6.0,-67.0,64.0,0.0,13.0
2006-03-24,44.0,-61.0,0.0,0.0,0.0
2006-03-25,106.0,-44.0,5.0,0.0,0.0
2006-03-26,72.0,17.0,46.0,0.0,0.0
2006-03-27,61.0,6.0,112.0,0.0,13.0
2006-03-28,72.0,-17.0,10.0,0.0,0.0
2006-03-29,128.0,-17.0,5.0,0.0,0.0
2006-03-30,117.0,50.0,48.0,0.0,0.0
2006-03-31,156.0,-6.0,0.0,0.0,0.0
2006-04-01,261.0,50.0,102.0,0.0,0.0
2006-04-02,,,,0.0,0.0
2006-04-03,,,,0.0,0.0
2006-04-04,,,,0.0,0.0
2006-04-05,156.0,6.0,0.0,0.0,0.0
2006-04-06,161.0,56.0,0.0,0.0,0.0
2006-04-07,211.0,56.0,53.0,0.0,0.0
2006-04-08,267.0,83.0,157.0,0.0,0.0
2006-04-09,89.0,-28.0,25.0,0.0,0.0
2006-04-10,144.0,-17.0,0.0,0.0,0.0
2006-04-11,,,,0.0,0.0
2006-04-12,,,,0.0,0.0
2006-04-13,,,,0.0,0.0
2006-04-14,,,,0.0,0.0
2006-04-15,,,,0.0,0.0
2006-04-16,,,,0.0,0.0
2006-04-17,,,,0.0,0.0
2006-04-18,189.0,78.0,56.0,0.0,0.0
2006-04-19,239.0,56.0,0.0,0.0,0.0
2006-04-20,272.0,44.0,0.0,0.0,0.0
2006-04-21,289.0,44.0,8.0,0.0,0.0
2006-04-22,211.0,150.0,140.0,0.0,0.0
2006-04-23,244.0,89.0,41.0,0.0,0.0
2006-04-24,244.0,61.0,0.0,0.0,0.0
2006-04-25,250.0,61.0,0.0,0.0,0.0
2006-04-26,244.0,67.0,163.0,0.0,0.0
2006-04-27,150.0,33.0,0.0,0.0,0.0
2006-04-28,211.0,33.0,0.0,0.0,0.0
2006-04-29,228.0,33.0,0.0,0.0,0.0
2006-04-30,244.0,50.0,0.0,0.0,0.0
2006-05-01,244.0,117.0,0.0,0.0,0.0
2006-05-02,244.0,67.0,0.0,0.0,0.0
2006-05-03,244.0,78.0,0.0,0.0,0.0
2006-05-04,233.0,89.0,0.0,0.0,0.0
2006-05-05,278.0,106.0,13.0,0.0,0.0
2006-05-06,244.0,83.0,3.0,0.0,0.0
2006-05-07,200.0,44.0,0.0,0.0,0.0
2006-05-08,139.0,50.0,33.0,0.0,0.0
2006-05-09,189.0,67.0,0.0,0.0,0.0
2006-05-10,244.0,67.0,0.0,0.0,0.0
2006-05-11,244.0,128.0,0.0,0.0,0.0
2006-05-12,194.0,72.0,140.0,0.0,0.0
2006-05-13,161.0,94.0,5.0,0.0,0.0
2006-05-14,222.0,100.0,13.0,0.0,0.0
2006-05-15,144.0,56.0,18.0,0.0,0.0
2006-05-16,150.0,50.0,51.0,0.0,0.0
2006-05-17,156.0,78.0,5.0,0.0,0.0
2006-05-18,206.0,100.0,36.0,0.0,0.0
2006-05-19,206.0,61.0,36.0,0.0,0.0
2006-05-20,200.0,78.0,3.0,0.0,0.0
2006-05-21,211.0,39.0,0.0,0.0,0.0
2006-05-22,233.0,44.0,0.0,0.0,0.0
2006-05-23,206.0,22.0,0.0,0.0,0.0
2006-05-24,211.0,28.0,0.0,0.0,0.0
2006-05-25,256.0,39.0,3.0,0.0,0.0
2006-05-26,294.0,122.0,127.0,0.0,0.0
2006-05-27,,,234.0,0.0,0.0
2006-05-28,,,0.0,0.0,0.0
2006-05-29,,,0.0,0.0,0.0
2006-05-30,322.0,156.0,0.0,0.0,0.0
2006-05-31,322.0,156.0,0.0,0.0,0.0
2006-06-01,322.0,172.0,0.0,,0.0
2006-06-02,294.0,189.0,58.0,,0.0
2006-06-03,256.0,122.0,79.0,,0.0
2006-06-04,244.0,122.0,3.0,,0.0
2006-06-05,239.0,89.0,91.0,0.0,0.0
2006-06-06,228.0,89.0,18.0,0.0,0.0
2006-06-07,267.0,94.0,0.0,0.0,0.0
2006-06-08,267.0,117.0,140.0,0.0,0.0
2006-06-09,250.0,144.0,0.0,0.0,0.0
2006-06-10,261.0,122.0,0.0,0.0,0.0
2006-06-11,178.0,133.0,135.0,0.0,0.0
2006-06-12,194.0,133.0,33.0,0.0,0.0
2006-06-13,228.0,94.0,0.0,0.0,0.0
2006-06-14,261.0,94.0,0.0,0.0,0.0
2006-06-15,261.0,106.0,0.0,0.0,0.0
2006-06-16,272.0,106.0,0.0,0.0,0.0
2006-06-17,289.0,106.0,0.0,0.0,0.0
2006-06-20,,,,,
2006-06-21,289.0,161.0,5.0,,0.0
2006-06-22,300.0,172.0,15.0,,0.0
2006-06-23,328.0,178.0,150.0,,0.0
2006-06-24,278.0,189.0,8.0,0.0,0.0
2006-06-25,267.0,194.0,13.0,0.0,0.0
2006-06-26,228.0,189.0,170.0,0.0,0.0
2006-06-27,217.0,189.0,206.0,0.0,0.0
2006-06-28,278.0,172.0,8.0,0.0,0.0
2006-06-29,,,0.0,0.0,0.0
2006-06-30,,,0.0,0.0,0.0
2006-07-01,,,,0.0,0.0
2006-07-02,,,,0.0,0.0
2006-07-03,,,,0.0,0.0
2006-07-04,,,,0.0,0.0
2006-07-05,,,401.0,0.0,0.0
2006-07-06,,,51.0,0.0,0.0
2006-07-07,,,0.0,0.0,0.0
2006-07-08,,,0.0,0.0,0.0
2006-07-09,,,0.0,0.0,0.0
2006-07-10,267.0,150.0,0.0,0.0,0.0
2006-07-11,294.0,161.0,0.0,0.0,0.0
2006-07-12,261.0,172.0,5.0,0.0,0.0
2006-07-13,311.0,206.0,328.0,0.0,0.0
2006-07-14,272.0,217.0,193.0,0.0,0.0
2006-07-15,306.0,206.0,81.0,0.0,0.0
2006-07-16,289.0,200.0,5.0,0.0,0.0
2006-07-17,322.0,189.0,0.0,0.0,0.0
2006-07-18,,,0.0,0.0,0.0
2006-07-19,,,0.0,0.0,0.0
2006-07-20,322.0,206.0,0.0,0.0,0.0
2006-07-21,328.0,206.0,0.0,0.0,0.0
2006-07-22,311.0,206.0,117.0,0.0,0.0
2006-07-23,250.0,167.0,25.0,0.0,0.0
2006-07-24,267.0,150.0,0.0,0.0,0.0
2006-07-25,289.0,150.0,30.0,0.0,0.0
2006-07-26,300.0,178.0,0.0,0.0,0.0
2006-07-27,306.0,183.0,0.0,0.0,0.0
2006-07-28,306.0,222.0,0.0,0.0,0.0
2006-07-29,261.0,200.0,127.0,0.0,0.0
2006-07-30,272.0,200.0,0.0,0.0,0.0
2006-07-31,306.0,206.0,0.0,0.0,0.0
2006-08-01,317.0,206.0,0.0,0.0,0.0
2006-08-02,333.0,206.0,0.0,0.0,0.0
2006-08-03,339.0,222.0,0.0,0.0,0.0
2006-08-04,333.0,211.0,0.0,0.0,0.0
2006-08-05,289.0,178.0,0.0,0.0,0.0
2006-08-06,306.0,194.0,0.0,0.0,0.0
2006-08-07,333.0,217.0,5.0,0.0,0.0
2006-08-08,328.0,211.0,20.0,0.0,0.0
2006-08-09,294.0,183.0,0.0,0.0,0.0
2006-08-10,300.0,183.0,0.0,0.0,0.0
2006-08-11,300.0,217.0,5.0,0.0,0.0
2006-08-12,283.0,200.0,0.0,0.0,0.0
2006-08-13,244.0,150.0,0.0,0.0,0.0
2006-08-14,294.0,161.0,0.0,0.0,0.0
2006-08-15,300.0,183.0,0.0,0.0,0.0
2006-08-16,294.0,128.0,0.0,0.0,0.0
2006-08-17,300.0,128.0,0.0,0.0,0.0
2006-08-18,317.0,144.0,0.0,0.0,0.0
2006-08-19,311.0,189.0,0.0,0.0,0.0
2006-08-20,322.0,200.0,142.0,0.0,0.0
2006-08-21,250.0,150.0,69.0,0.0,0.0
2006-08-22,272.0,150.0,0.0,0.0,0.0
2006-08-23,283.0,133.0,0.0,0.0,0.0
2006-08-24,294.0,133.0,0.0,0.0,0.0
2006-08-25,317.0,150.0,0.0,0.0,0.0
2006-08-26,317.0,156.0,0.0,0.0,0.0
2006-08-27,328.0,194.0,0.0,0.0,0.0
2006-08-28,317.0,211.0,28.0,0.0,0.0
2006-08-29,306.0,211.0,5.0,0.0,0.0
2006-08-30,300.0,217.0,48.0,0.0,0.0
2006-08-31,289.0,200.0,274.0,0.0,0.0
2006-09-01,211.0,167.0,538.0,0.0,0.0
2006-09-02,172.0,139.0,76.0,0.0,0.0
2006-09-03,183.0,139.0,0.0,0.0,0.0
2006-09-04,200.0,139.0,0.0,0.0,0.0
2006-09-05,233.0,144.0,91.0,0.0,0.0
2006-09-06,217.0,167.0,15.0,0.0,0.0
2006-09-07,244.0,128.0,5.0,0.0,0.0
2006-09-08,256.0,128.0,0.0,0.0,0.0
2006-09-09,267.0,133.0,0.0,0.0,0.0
2006-09-10,272.0,133.0,0.0,0.0,0.0
2006-09-11,272.0,139.0,0.0,0.0,0.0
2006-09-13,,,,,
2006-09-14,,,25.0,,
2006-09-15,200.0,133.0,0.0,,0.0
2006-09-16,206.0,139.0,0.0,,0.0
2006-09-17,233.0,133.0,0.0,,0.0
2006-09-18,278.0,122.0,0.0,,0.0
2006-09-19,289.0,122.0,89.0,,0.0
2006-09-20,228.0,122.0,0.0,,0.0
2006-09-21,144.0,61.0,0.0,,0.0
2006-09-22,194.0,56.0,0.0,,0.0
2006-09-23,178.0,94.0,320.0,,0.0
2006-09-24,256.0,178.0,142.0,0.0,0.0
2006-09-25,228.0,128.0,33.0,0.0,0.0
2006-09-26,206.0,83.0,0.0,0.0,0.0
2006-09-27,222.0,83.0,0.0,0.0,0.0
2006-09-28,233.0,78.0,15.0,0.0,0.0
2006-09-29,167.0,94.0,119.0,0.0,0.0
2006-09-30,156.0,56.0,30.0,0.0,0.0
2006-10-01,206.0,83.0,43.0,0.0,0.0
2006-10-02,228.0,89.0,0.0,0.0,0.0
2006-10-03,256.0,72.0,0.0,0.0,0.0
2006-10-04,267.0,94.0,0.0,0.0,0.0
2006-10-05,278.0,122.0,183.0,0.0,0.0
2006-10-06,222.0,89.0,15.0,0.0,0.0
2006-10-07,122.0,50.0,0.0,0.0,0.0
2006-10-08,172.0,50.0,0.0,0.0,0.0
2006-10-09,239.0,94.0,0.0,0.0,0.0
2006-10-10,256.0,111.0,0.0,0.0,0.0
2006-10-11,244.0,117.0,0.0,0.0,0.0
2006-10-12,211.0,94.0,71.0,0.0,0.0
2006-10-13,94.0,-17.0,5.0,0.0,0.0
2006-10-14,122.0,-22.0,0.0,0.0,0.0
2006-10-15,144.0,-28.0,0.0,0.0,0.0
2006-10-16,150.0,-28.0,0.0,0.0,0.0
2006-10-17,172.0,39.0,262.0,0.0,0.0
2006-10-18,211.0,133.0,23.0,0.0,0.0
2006-10-19,233.0,100.0,0.0,0.0,0.0
2006-10-20,233.0,83.0,94.0,0.0,0.0
2006-10-21,89.0,33.0,5.0,0.0,0.0
2006-10-22,161.0,28.0,0.0,0.0,0.0
2006-10-23,156.0,44.0,5.0,0.0,0.0
2006-10-24,50.0,-17.0,0.0,0.0,0.0
2006-10-25,83.0,-6.0,0.0,0.0,0.0
2006-10-26,117.0,-22.0,0.0,0.0,0.0
2006-10-27,94.0,6.0,15.0,0.0,0.0
2006-10-28,133.0,72.0,445.0,0.0,0.0
2006-10-29,117.0,50.0,8.0,0.0,0.0
2006-10-30,172.0,6.0,0.0,0.0,0.0
2006-10-31,233.0,6.0,0.0,0.0,0.0
2006-11-01,228.0,56.0,38.0,0.0,0.0
2006-11-02,156.0,0.0,188.0,0.0,0.0
2006-11-03,89.0,-56.0,0.0,0.0,0.0
2006-11-04,61.0,-61.0,0.0,0.0,0.0
2006-11-05,94.0,-61.0,0.0,0.0,0.0
2006-11-06,178.0,11.0,0.0,0.0,0.0
2006-11-07,194.0,33.0,5.0,0.0,0.0
2006-11-08,156.0,72.0,97.0,0.0,0.0
2006-11-09,139.0,78.0,8.0,0.0,0.0
2006-11-10,211.0,39.0,0.0,0.0,0.0
2006-11-11,256.0,39.0,0.0,0.0,0.0
2006-11-12,217.0,44.0,114.0,0.0,0.0
2006-11-13,56.0,39.0,5.0,0.0,0.0
2006-11-14,61.0,39.0,0.0,0.0,0.0
2006-11-15,89.0,0.0,0.0,0.0,0.0
2006-11-16,150.0,22.0,89.0,0.0,0.0
2006-11-17,161.0,50.0,41.0,0.0,0.0
2006-11-18,83.0,6.0,0.0,0.0,0.0
2006-11-19,122.0,11.0,8.0,0.0,0.0
2006-11-20,56.0,17.0,28.0,0.0,0.0
2006-11-21,39.0,-22.0,25.0,0.0,0.0
2006-11-22,,,0.0,0.0,0.0
2006-11-23,,,0.0,0.0,0.0
2006-11-24,,,0.0,0.0,0.0
2006-11-25,,,0.0,0.0,0.0
2006-11-26,,,0.0,0.0,0.0
2006-11-27,,,0.0,0.0,0.0
2006-11-28,189.0,-6.0,0.0,0.0,0.0
2006-11-29,150.0,0.0,13.0,0.0,0.0
2006-11-30,194.0,94.0,5.0,0.0,0.0
2006-12-01,217.0,94.0,8.0,0.0,0.0
2006-12-02,222.0,-6.0,64.0,0.0,0.0
2006-12-03,56.0,-56.0,0.0,0.0,0.0
2006-12-04,72.0,-61.0,0.0,0.0,0.0
2006-12-05,0.0,-56.0,0.0,0.0,0.0
2006-12-06,50.0,-72.0,0.0,0.0,0.0
2006-12-07,128.0,-72.0,0.0,0.0,0.0
2006-12-08,17.0,-117.0,13.0,25.0,13.0
2006-12-09,-33.0,-128.0,0.0,,0.0
2006-12-10,56.0,-128.0,0.0,,0.0
2006-12-11,122.0,-83.0,0.0,,0.0
2006-12-12,161.0,-50.0,0.0,0.0,0.0
2006-12-13,194.0,-56.0,20.0,0.0,0.0
2006-12-14,167.0,-22.0,5.0,0.0,0.0
2006-12-15,172.0,-22.0,0.0,0.0,0.0
2006-12-16,161.0,-28.0,0.0,0.0,0.0
2006-12-17,156.0,-28.0,0.0,0.0,0.0
2006-12-18,206.0,-17.0,0.0,0.0,0.0
2006-12-19,183.0,56.0,0.0,0.0,0.0
2006-12-20,106.0,-50.0,0.0,0.0,0.0
2006-12-21,128.0,-56.0,8.0,0.0,0.0
2006-12-22,89.0,50.0,97.0,0.0,0.0
2006-12-23,133.0,56.0,201.0,0.0,0.0
2006-12-24,111.0,-11.0,0.0,0.0,0.0
2006-12-25,72.0,0.0,0.0,0.0,0.0
2006-12-26,106.0,28.0,94.0,0.0,0.0
2006-12-27,89.0,11.0,23.0,0.0,0.0
2006-12-28,61.0,-33.0,0.0,0.0,0.0
2006-12-29,133.0,-33.0,0.0,0.0,0.0
2006-12-30,139.0,-33.0,0.0,0.0,0.0
2006-12-31,128.0,-33.0,0.0,0.0,0.0
2007-01-01,172.0,22.0,119.0,0.0,0.0
2007-01-02,122.0,28.0,5.0,0.0,0.0
2007-01-03,78.0,-56.0,0.0,0.0,0.0
2007-01-04,139.0,-56.0,0.0,0.0,0.0
2007-01-05,189.0,-39.0,43.0,0.0,0.0
2007-01-06,161.0,89.0,30.0,0.0,0.0
2007-01-07,150.0,33.0,0.0,0.0,0.0
2007-01-08,117.0,33.0,203.0,0.0,0.0
2007-01-09,56.0,-22.0,5.0,0.0,0.0
2007-01-10,39.0,-22.0,30.0,0.0,3.0
2007-01-11,22.0,-72.0,0.0,0.0,0.0
2007-01-12,122.0,-72.0,5.0,0.0,0.0
2007-01-13,156.0,83.0,10.0,0.0,0.0
2007-01-14,144.0,100.0,91.0,0.0,0.0
2007-01-15,189.0,94.0,8.0,0.0,0.0
2007-01-16,189.0,17.0,119.0,0.0,0.0
2007-01-17,17.0,-72.0,8.0,0.0,0.0
2007-01-18,11.0,-78.0,0.0,0.0,0.0
2007-01-19,56.0,-44.0,3.0,0.0,0.0
2007-01-20,22.0,-39.0,5.0,0.0,0.0
2007-01-21,22.0,-50.0,3.0,0.0,3.0
2007-01-22,11.0,-28.0,135.0,0.0,13.0
2007-01-23,44.0,-6.0,8.0,0.0,0.0
2007-01-24,11.0,-22.0,8.0,0.0,3.0
2007-01-25,11.0,-22.0,3.0,0.0,3.0
2007-01-26,-11.0,-89.0,8.0,0.0,10.0
2007-01-27,61.0,-61.0,0.0,0.0,0.0
2007-01-28,144.0,-11.0,38.0,0.0,0.0
2007-01-29,-6.0,-100.0,13.0,0.0,25.0
2007-01-30,-11.0,-94.0,0.0,0.0,0.0
2007-01-31,22.0,-100.0,3.0,0.0,3.0
2007-02-01,-28.0,-100.0,0.0,0.0,0.0
2007-02-02,22.0,-28.0,3.0,0.0,0.0
2007-02-03,0.0,-106.0,18.0,0.0,20.0
2007-02-04,11.0,-94.0,0.0,0.0,0.0
2007-02-05,-44.0,-156.0,5.0,0.0,10.0
2007-02-06,-83.0,-194.0,0.0,0.0,0.0
2007-02-07,-50.0,-194.0,76.0,102.0,152.0
2007-02-08,-33.0,-150.0,0.0,76.0,0.0
2007-02-09,-28.0,-183.0,0.0,51.0,0.0
2007-02-10,-17.0,-183.0,0.0,51.0,0.0
2007-02-11,-22.0,-172.0,0.0,25.0,0.0
2007-02-12,-17.0,-150.0,0.0,25.0,0.0
2007-02-13,17.0,-100.0,51.0,0.0,0.0
2007-02-14,78.0,-61.0,15.0,0.0,3.0
2007-02-15,-56.0,-139.0,5.0,0.0,13.0
2007-02-16,-33.0,-139.0,0.0,0.0,0.0
2007-02-17,-22.0,-133.0,0.0,0.0,0.0
2007-02-18,-6.0,-100.0,15.0,25.0,23.0
2007-02-19,-39.0,-172.0,5.0,25.0,10.0
2007-02-20,106.0,-156.0,0.0,0.0,0.0
2007-02-21,150.0,44.0,79.0,0.0,0.0
2007-02-22,61.0,6.0,5.0,0.0,0.0
2007-02-23,117.0,-17.0,0.0,0.0,0.0
2007-02-24,61.0,-72.0,0.0,0.0,0.0
2007-02-25,72.0,-56.0,89.0,0.0,0.0
2007-02-26,161.0,39.0,66.0,0.0,0.0
2007-02-27,100.0,-22.0,0.0,0.0,0.0
2007-02-28,100.0,-61.0,0.0,0.0,0.0
2007-03-01,111.0,-61.0,0.0,0.0,0.0
2007-03-02,133.0,-6.0,305.0,0.0,0.0
2007-03-03,139.0,22.0,5.0,0.0,0.0
2007-03-04,100.0,-33.0,0.0,0.0,0.0
2007-03-05,6.0,-50.0,5.0,0.0,5.0
2007-03-06,111.0,-61.0,0.0,0.0,0.0
2007-03-07,39.0,-61.0,0.0,0.0,0.0
2007-03-08,106.0,-72.0,0.0,0.0,0.0
2007-03-09,111.0,-72.0,0.0,0.0,0.0
2007-03-10,222.0,-56.0,0.0,0.0,0.0
2007-03-11,178.0,-6.0,25.0,0.0,0.0
2007-03-12,150.0,-44.0,0.0,0.0,0.0
2007-03-13,178.0,-50.0,0.0,0.0,0.0
2007-03-14,261.0,56.0,5.0,0.0,0.0
2007-03-15,244.0,78.0,203.0,0.0,0.0
2007-03-16,133.0,22.0,307.0,0.0,0.0
2007-03-17,22.0,-17.0,114.0,0.0,3.0
2007-03-18,22.0,-44.0,3.0,0.0,3.0
2007-03-19,67.0,-67.0,0.0,0.0,0.0
2007-03-20,172.0,-67.0,8.0,0.0,0.0
2007-03-21,183.0,28.0,0.0,0.0,0.0
2007-03-22,228.0,33.0,0.0,0.0,0.0
2007-03-23,244.0,100.0,5.0,0.0,0.0
2007-03-24,261.0,117.0,25.0,0.0,0.0
2007-03-25,272.0,122.0,5.0,0.0,0.0
2007-03-26,283.0,106.0,0.0,0.0,0.0
2007-03-27,278.0,106.0,3.0,0.0,0.0
2007-03-28,283.0,106.0,0.0,0.0,0.0
2007-03-29,222.0,106.0,46.0,0.0,0.0
2007-03-30,178.0,39.0,3.0,0.0,0.0
2007-03-31,250.0,39.0,36.0,0.0,0.0
2007-04-01,200.0,117.0,173.0,0.0,0.0
2007-04-02,250.0,117.0,13.0,0.0,0.0
2007-04-03,256.0,50.0,0.0,0.0,0.0
2007-04-04,283.0,50.0,46.0,0.0,0.0
2007-04-05,156.0,-11.0,5.0,0.0,0.0
2007-04-06,44.0,-17.0,0.0,0.0,0.0
2007-04-07,61.0,-39.0,13.0,25.0,15.0
2007-04-08,17.0,-39.0,5.0,0.0,5.0
2007-04-09,39.0,-28.0,0.0,0.0,0.0
2007-04-10,72.0,-50.0,0.0,0.0,0.0
2007-04-11,139.0,-50.0,0.0,0.0,0.0
2007-04-12,172.0,33.0,180.0,0.0,0.0
2007-04-13,128.0,39.0,5.0,0.0,0.0
2007-04-14,122.0,28.0,56.0,0.0,0.0
2007-04-15,117.0,39.0,475.0,0.0,0.0
2007-04-16,44.0,28.0,38.0,0.0,0.0
2007-04-17,139.0,11.0,0.0,0.0,0.0
2007-04-18,194.0,11.0,0.0,0.0,0.0
2007-04-19,194.0,44.0,0.0,0.0,0.0
2007-04-20,128.0,44.0,5.0,0.0,0.0
2007-04-21,217.0,17.0,0.0,0.0,0.0
2007-04-22,250.0,17.0,0.0,0.0,0.0
2007-04-23,283.0,39.0,0.0,0.0,0.0
2007-04-24,272.0,61.0,18.0,0.0,0.0
2007-04-25,278.0,117.0,0.0,0.0,0.0
2007-04-26,300.0,122.0,0.0,0.0,0.0
2007-04-27,261.0,128.0,107.0,0.0,0.0
2007-04-28,206.0,94.0,0.0,0.0,0.0
2007-04-29,228.0,89.0,33.0,0.0,0.0
2007-04-30,250.0,72.0,0.0,0.0,0.0
2007-05-01,306.0,72.0,0.0,0.0,0.0
2007-05-02,317.0,106.0,0.0,0.0,0.0
2007-05-03,239.0,133.0,124.0,0.0,0.0
2007-05-04,167.0,117.0,279.0,0.0,0.0
2007-05-05,244.0,117.0,3.0,0.0,0.0
2007-05-06,200.0,111.0,33.0,0.0,0.0
2007-05-07,206.0,22.0,0.0,0.0,0.0
2007-05-08,244.0,22.0,0.0,0.0,0.0
2007-05-09,278.0,50.0,0.0,0.0,0.0
2007-05-10,294.0,78.0,0.0,0.0,0.0
2007-05-11,294.0,122.0,0.0,0.0,0.0
2007-05-12,294.0,133.0,0.0,0.0,0.0
2007-05-13,289.0,89.0,0.0,0.0,0.0
2007-05-14,228.0,44.0,0.0,0.0,0.0
2007-05-15,272.0,50.0,0.0,0.0,0.0
2007-05-16,283.0,111.0,5.0,0.0,0.0
2007-05-17,217.0,61.0,163.0,0.0,0.0
2007-05-18,183.0,61.0,56.0,0.0,0.0
2007-05-19,156.0,39.0,10.0,0.0,0.0
2007-05-20,206.0,39.0,0.0,0.0,0.0
2007-05-21,256.0,106.0,0.0,0.0,0.0
2007-05-22,267.0,122.0,0.0,0.0,0.0
2007-05-23,300.0,122.0,0.0,0.0,0.0
2007-05-24,294.0,128.0,0.0,0.0,0.0
2007-05-25,283.0,139.0,0.0,0.0,0.0
2007-05-26,294.0,133.0,0.0,0.0,0.0
2007-05-27,294.0,139.0,0.0,0.0,0.0
2007-05-28,283.0,156.0,0.0,0.0,0.0
2007-05-29,283.0,156.0,0.0,0.0,0.0
2007-05-30,306.0,156.0,0.0,0.0,0.0
2007-05-31,311.0,156.0,0.0,0.0,0.0
2007-06-01,283.0,161.0,0.0,0.0,0.0
2007-06-02,311.0,156.0,0.0,0.0,0.0
2007-06-03,300.0,156.0,0.0,0.0,0.0
2007-06-04,228.0,156.0,5.0,0.0,0.0
2007-06-05,267.0,150.0,79.0,0.0,0.0
2007-06-06,239.0,128.0,5.0,0.0,0.0
2007-06-07,250.0,106.0,0.0,0.0,0.0
2007-06-08,328.0,106.0,0.0,0.0,0.0
2007-06-09,322.0,183.0,15.0,0.0,0.0
2007-06-10,261.0,100.0,0.0,0.0,0.0
2007-06-11,267.0,117.0,0.0,0.0,0.0
2007-06-12,283.0,122.0,0.0,0.0,0.0
2007-06-13,294.0,139.0,0.0,0.0,0.0
2007-06-14,300.0,139.0,3.0,0.0,0.0
2007-06-15,289.0,128.0,0.0,0.0,0.0
2007-06-16,283.0,117.0,0.0,0.0,0.0
2007-06-17,294.0,117.0,0.0,0.0,0.0
2007-06-18,322.0,172.0,0.0,0.0,0.0
2007-06-19,344.0,178.0,0.0,0.0,0.0
2007-06-20,322.0,167.0,94.0,0.0,0.0
2007-06-21,278.0,100.0,0.0,0.0,0.0
2007-06-22,306.0,106.0,0.0,0.0,0.0
2007-06-23,250.0,133.0,13.0,0.0,0.0
2007-06-24,256.0,139.0,0.0,0.0,0.0
2007-06-25,283.0,172.0,8.0,0.0,0.0
2007-06-26,317.0,183.0,0.0,0.0,0.0
2007-06-27,328.0,189.0,0.0,0.0,0.0
2007-06-28,333.0,194.0,36.0,0.0,0.0
2007-06-29,317.0,194.0,434.0,0.0,0.0
2007-06-30,272.0,194.0,25.0,0.0,0.0
2007-07-01,,,,0.0,0.0
2007-07-02,,,,0.0,0.0
2007-07-03,,,,0.0,0.0
2007-07-04,,,,0.0,0.0
2007-07-05,,,,0.0,0.0
2007-07-06,,,,0.0,0.0
2007-07-07,,,,0.0,0.0
2007-07-08,,,,0.0,0.0
2007-07-09,,,,0.0,0.0
2007-07-10,,,,0.0,0.0
2007-07-11,,,,0.0,0.0
2007-07-12,,,,0.0,0.0
2007-07-13,,,,0.0,0.0
2007-07-14,,,0.0,0.0,0.0
2007-07-15,300.0,150.0,0.0,0.0,0.0
2007-07-16,317.0,172.0,18.0,0.0,0.0
2007-07-17,306.0,167.0,0.0,0.0,0.0
2007-07-18,322.0,172.0,315.0,0.0,0.0
2007-07-19,289.0,194.0,0.0,0.0,0.0
2007-07-20,289.0,172.0,528.0,0.0,0.0
2007-07-21,256.0,117.0,0.0,0.0,0.0
2007-07-22,256.0,117.0,0.0,0.0,0.0
2007-07-23,272.0,117.0,0.0,0.0,0.0
2007-07-24,278.0,122.0,0.0,0.0,0.0
2007-07-25,233.0,139.0,0.0,0.0,0.0
2007-07-26,267.0,144.0,3.0,0.0,0.0
2007-07-27,294.0,161.0,216.0,0.0,0.0
2007-07-28,300.0,161.0,178.0,0.0,0.0
2007-07-29,278.0,189.0,10.0,0.0,0.0
2007-07-30,306.0,194.0,81.0,0.0,0.0
2007-07-31,306.0,194.0,8.0,0.0,0.0
2007-08-01,311.0,178.0,0.0,0.0,0.0
2007-08-02,322.0,178.0,0.0,0.0,0.0
2007-08-03,328.0,178.0,0.0,0.0,0.0
2007-08-04,322.0,183.0,0.0,0.0,0.0
2007-08-05,,,,0.0,0.0
2007-08-06,267.0,211.0,,0.0,0.0
2007-08-07,306.0,222.0,13.0,0.0,0.0
2007-08-08,333.0,222.0,0.0,0.0,0.0
2007-08-09,350.0,217.0,15.0,0.0,0.0
2007-08-10,350.0,217.0,5.0,0.0,0.0
2007-08-11,328.0,183.0,3.0,0.0,0.0
2007-08-12,306.0,150.0,0.0,0.0,0.0
2007-08-13,322.0,156.0,0.0,0.0,0.0
2007-08-14,322.0,128.0,0.0,0.0,0.0
2007-08-15,294.0,128.0,0.0,0.0,0.0
2007-08-16,328.0,144.0,0.0,0.0,0.0
2007-08-17,378.0,194.0,142.0,0.0,0.0
2007-08-18,,,0.0,0.0,0.0
2007-08-19,,,0.0,0.0,0.0
2007-08-20,,,0.0,0.0,0.0
2007-08-21,,,0.0,0.0,0.0
