DATE,TMAX,TMIN,PRCP,SNWD,SNOW
1961-12-01,,,10.0,0.0,0
1961-12-02,,,338.0,0.0,0
1961-12-03,,,20.0,0.0,0
1961-12-04,,,0.0,0.0,0
1961-12-05,,,0.0,0.0,0
1961-12-06,,,0.0,0.0,0
1961-12-07,194.0,,0.0,0.0,0
1961-12-08,194.0,11.0,0.0,0.0,0
1961-12-09,122.0,33.0,0.0,0.0,0
1961-12-10,111.0,50.0,0.0,0.0,0
1961-12-11,117.0,22.0,0.0,0.0,0
1961-12-12,156.0,6.0,0.0,0.0,0
1961-12-13,161.0,-17.0,0.0,0.0,0
1961-12-14,128.0,50.0,10.0,0.0,0
1961-12-15,139.0,39.0,18.0,0.0,0
1961-12-16,150.0,56.0,0.0,0.0,0
1961-12-17,128.0,50.0,0.0,0.0,0
1961-12-18,128.0,,0.0,0.0,0
1961-12-19,194.0,28.0,0.0,0.0,0
1961-12-20,233.0,39.0,0.0,0.0,0
1961-12-21,222.0,,0.0,0.0,0
1961-12-22,233.0,,0.0,0.0,0
1961-12-23,244.0,50.0,0.0,0.0,0
1961-12-24,239.0,17.0,0.0,0.0,0
1961-12-25,217.0,22.0,0.0,0.0,0
1961-12-26,217.0,11.0,0.0,0.0,0
1961-12-27,272.0,-6.0,0.0,0.0,0
1961-12-28,211.0,11.0,0.0,0.0,0
1961-12-29,233.0,-6.0,0.0,0.0,0
1961-12-30,228.0,-6.0,0.0,0.0,0
1961-12-31,211.0,61.0,0.0,0.0,0
1962-01-01,267.0,117.0,0.0,0.0,0
1962-01-02,206.0,22.0,0.0,0.0,0
1962-01-03,217.0,6.0,0.0,0.0,0
1962-01-04,217.0,0.0,0.0,0.0,0
1962-01-05,228.0,44.0,0.0,0.0,0
1962-01-06,267.0,17.0,0.0,0.0,0
1962-01-07,300.0,83.0,0.0,0.0,0
1962-01-08,278.0,39.0,0.0,0.0,0
1962-01-09,256.0,39.0,0.0,0.0,0
1962-01-10,239.0,28.0,0.0,0.0,0
1962-01-11,156.0,0.0,0.0,0.0,0
1962-01-12,189.0,-39.0,0.0,0.0,0
1962-01-13,139.0,33.0,30.0,0.0,0
1962-01-14,128.0,-22.0,0.0,0.0,0
1962-01-15,144.0,-39.0,0.0,0.0,0
1962-01-16,183.0,-11.0,0.0,0.0,0
1962-01-17,150.0,39.0,0.0,0.0,0
1962-01-18,156.0,-17.0,0.0,0.0,0
1962-01-19,144.0,17.0,0.0,0.0,0
1962-01-20,144.0,44.0,325.0,0.0,0
1962-01-21,94.0,6.0,130.0,,0
1962-01-22,83.0,-11.0,150.0,,51
1962-01-23,128.0,39.0,114.0,0.0,0
1962-01-24,117.0,50.0,0.0,0.0,0
1962-01-25,156.0,17.0,0.0,0.0,0
1962-01-26,200.0,0.0,0.0,0.0,0
1962-01-27,250.0,-6.0,0.0,0.0,0
1962-01-28,244.0,122.0,0.0,0.0,0
1962-01-29,278.0,133.0,0.0,0.0,0
1962-01-30,283.0,67.0,0.0,0.0,0
1962-01-31,283.0,22.0,0.0,0.0,0
1962-02-01,244.0,28.0,0.0,0.0,0
1962-02-02,228.0,33.0,0.0,0.0,0
1962-02-03,283.0,28.0,0.0,0.0,0
1962-02-04,239.0,-6.0,0.0,0.0,0
1962-02-05,206.0,28.0,0.0,0.0,0
1962-02-06,178.0,22.0,0.0,0.0,0
1962-02-07,150.0,67.0,28.0,0.0,0
1962-02-08,117.0,67.0,246.0,0.0,0
1962-02-09,144.0,83.0,20.0,0.0,0
1962-02-10,139.0,94.0,20.0,0.0,0
1962-02-11,139.0,100.0,43.0,0.0,0
1962-02-12,161.0,83.0,89.0,0.0,0
1962-02-13,150.0,33.0,41.0,0.0,0
1962-02-14,167.0,72.0,0.0,0.0,0
1962-02-15,128.0,100.0,38.0,0.0,0
1962-02-16,133.0,61.0,107.0,0.0,0
1962-02-17,150.0,44.0,0.0,0.0,0
1962-02-18,150.0,39.0,0.0,0.0,0
1962-02-19,128.0,50.0,191.0,0.0,0
1962-02-20,133.0,39.0,56.0,0.0,0
1962-02-21,128.0,33.0,30.0,0.0,0
1962-02-22,139.0,-6.0,10.0,0.0,0
1962-02-23,167.0,44.0,0.0,0.0,0
1962-02-24,183.0,33.0,0.0,0.0,0
1962-02-25,100.0,0.0,18.0,0.0,0
1962-02-26,122.0,22.0,15.0,0.0,0
1962-02-27,106.0,6.0,13.0,0.0,0
1962-02-28,156.0,-17.0,0.0,0.0,0
1962-03-01,156.0,-17.0,0.0,0.0,0
1962-03-02,133.0,33.0,0.0,0.0,0
1962-03-03,156.0,44.0,0.0,0.0,0
1962-03-04,206.0,6.0,0.0,0.0,0
1962-03-05,167.0,44.0,0.0,0.0,0
1962-03-06,156.0,50.0,124.0,0.0,0
1962-03-07,128.0,17.0,0.0,0.0,0
1962-03-08,156.0,6.0,10.0,0.0,0
1962-03-09,122.0,56.0,0.0,0.0,0
1962-03-10,139.0,-17.0,10.0,0.0,0
1962-03-11,128.0,6.0,0.0,0.0,0
1962-03-12,161.0,0.0,0.0,0.0,0
1962-03-13,156.0,39.0,0.0,0.0,0
1962-03-14,178.0,17.0,0.0,0.0,0
1962-03-15,178.0,-11.0,0.0,0.0,0
1962-03-16,156.0,22.0,0.0,0.0,0
1962-03-17,172.0,61.0,3.0,0.0,0
1962-03-18,150.0,11.0,0.0,0.0,0
1962-03-19,139.0,61.0,66.0,0.0,0
1962-03-20,133.0,72.0,0.0,0.0,0
1962-03-21,156.0,28.0,0.0,0.0,0
1962-03-22,144.0,67.0,0.0,0.0,0
1962-03-23,150.0,17.0,13.0,0.0,0
1962-03-24,206.0,6.0,0.0,0.0,0
1962-03-25,267.0,22.0,0.0,0.0,0
1962-03-26,278.0,33.0,0.0,0.0,0
1962-03-27,261.0,39.0,0.0,0.0,0
1962-03-28,200.0,39.0,0.0,0.0,0
1962-03-29,111.0,50.0,0.0,0.0,0
1962-03-30,228.0,78.0,0.0,0.0,0
1962-03-31,261.0,28.0,0.0,0.0,0
1962-04-01,256.0,39.0,0.0,0.0,0
1962-04-02,233.0,72.0,0.0,0.0,0
1962-04-03,217.0,78.0,0.0,0.0,0
1962-04-04,200.0,72.0,0.0,0.0,0
1962-04-05,300.0,33.0,0.0,0.0,0
1962-04-06,306.0,89.0,0.0,0.0,0
1962-04-07,328.0,72.0,0.0,0.0,0
1962-04-08,311.0,72.0,0.0,0.0,0
1962-04-09,283.0,67.0,0.0,0.0,0
1962-04-10,300.0,50.0,0.0,0.0,0
1962-04-11,311.0,44.0,0.0,0.0,0
1962-04-12,339.0,89.0,0.0,0.0,0
1962-04-13,367.0,83.0,0.0,0.0,0
1962-04-14,333.0,100.0,0.0,0.0,0
1962-04-15,294.0,89.0,0.0,0.0,0
1962-04-16,311.0,83.0,0.0,0.0,0
1962-04-17,311.0,67.0,0.0,0.0,0
1962-04-18,311.0,72.0,0.0,0.0,0
1962-04-19,289.0,89.0,0.0,0.0,0
1962-04-20,239.0,67.0,0.0,0.0,0
1962-04-21,294.0,44.0,0.0,0.0,0
1962-04-22,333.0,44.0,0.0,0.0,0
1962-04-23,344.0,44.0,0.0,0.0,0
1962-04-24,239.0,89.0,0.0,0.0,0
1962-04-25,206.0,106.0,0.0,0.0,0
1962-04-26,233.0,61.0,0.0,0.0,0
1962-04-27,239.0,56.0,0.0,0.0,0
1962-04-28,222.0,89.0,0.0,0.0,0
1962-04-29,289.0,39.0,0.0,0.0,0
1962-04-30,306.0,56.0,0.0,0.0,0
1962-05-01,344.0,100.0,0.0,0.0,0
1962-05-02,,,0.0,0.0,0
1962-05-03,344.0,72.0,0.0,0.0,0
1962-05-04,328.0,61.0,0.0,0.0,0
1962-05-05,317.0,61.0,0.0,0.0,0
1962-05-06,333.0,67.0,0.0,0.0,0
1962-05-07,322.0,67.0,0.0,0.0,0
1962-05-08,278.0,89.0,0.0,0.0,0
1962-05-09,283.0,67.0,0.0,0.0,0
1962-05-10,250.0,89.0,0.0,0.0,0
1962-05-11,256.0,111.0,0.0,0.0,0
1962-05-12,206.0,61.0,0.0,0.0,0
1962-05-13,194.0,28.0,0.0,0.0,0
1962-05-14,167.0,106.0,0.0,0.0,0
1962-05-15,167.0,122.0,71.0,0.0,0
1962-05-16,144.0,83.0,30.0,0.0,0
1962-05-17,239.0,11.0,0.0,0.0,0
1962-05-18,272.0,39.0,0.0,0.0,0
1962-05-19,244.0,56.0,0.0,0.0,0
1962-05-20,217.0,133.0,0.0,0.0,0
1962-05-21,228.0,72.0,0.0,0.0,0
1962-05-22,306.0,61.0,0.0,0.0,0
1962-05-23,272.0,50.0,0.0,0.0,0
1962-05-24,228.0,106.0,0.0,0.0,0
1962-05-25,211.0,89.0,0.0,0.0,0
1962-05-26,200.0,89.0,0.0,0.0,0
1962-05-27,150.0,139.0,0.0,0.0,0
1962-05-28,217.0,106.0,0.0,0.0,0
1962-05-29,250.0,122.0,0.0,0.0,0
1962-05-30,239.0,94.0,0.0,0.0,0
1962-05-31,289.0,106.0,0.0,0.0,0
1962-06-01,333.0,100.0,0.0,0.0,0
1962-06-02,350.0,128.0,0.0,0.0,0
1962-06-03,289.0,106.0,0.0,0.0,0
1962-06-04,244.0,111.0,0.0,0.0,0
1962-06-05,222.0,94.0,0.0,0.0,0
1962-06-06,233.0,94.0,0.0,0.0,0
1962-06-07,250.0,128.0,0.0,0.0,0
1962-06-08,272.0,106.0,0.0,0.0,0
1962-06-09,283.0,106.0,0.0,0.0,0
1962-06-10,256.0,133.0,0.0,0.0,0
1962-06-11,289.0,122.0,0.0,0.0,0
1962-06-12,289.0,94.0,0.0,0.0,0
1962-06-13,250.0,106.0,0.0,0.0,0
1962-06-14,228.0,106.0,0.0,0.0,0
1962-06-15,150.0,78.0,15.0,0.0,0
1962-06-16,217.0,106.0,0.0,0.0,0
1962-06-17,333.0,78.0,0.0,0.0,0
1962-06-18,367.0,133.0,0.0,0.0,0
1962-06-19,389.0,144.0,0.0,0.0,0
1962-06-20,367.0,122.0,0.0,0.0,0
1962-06-21,372.0,128.0,0.0,0.0,0
1962-06-22,378.0,128.0,0.0,0.0,0
1962-06-23,356.0,122.0,0.0,0.0,0
1962-06-24,367.0,128.0,0.0,0.0,0
1962-06-25,367.0,117.0,0.0,0.0,0
1962-06-26,389.0,144.0,0.0,0.0,0
1962-06-27,394.0,122.0,0.0,0.0,0
1962-06-28,322.0,117.0,0.0,0.0,0
1962-06-29,317.0,106.0,0.0,0.0,0
1962-06-30,356.0,133.0,0.0,0.0,0
1962-07-01,344.0,111.0,0.0,0.0,0
1962-07-02,350.0,106.0,0.0,0.0,0
1962-07-03,350.0,106.0,0.0,0.0,0
1962-07-04,339.0,78.0,0.0,0.0,0
1962-07-05,350.0,111.0,0.0,0.0,0
1962-07-06,344.0,94.0,0.0,0.0,0
1962-07-07,372.0,117.0,0.0,0.0,0
1962-07-08,378.0,111.0,0.0,0.0,0
1962-07-09,367.0,144.0,0.0,0.0,0
1962-07-10,367.0,139.0,0.0,0.0,0
1962-07-11,361.0,128.0,0.0,0.0,0
1962-07-12,356.0,144.0,0.0,0.0,0
1962-07-13,267.0,133.0,0.0,0.0,0
1962-07-14,306.0,94.0,0.0,0.0,0
1962-07-15,300.0,122.0,0.0,0.0,0
1962-07-16,311.0,150.0,0.0,0.0,0
1962-07-17,322.0,133.0,0.0,0.0,0
1962-07-18,328.0,106.0,0.0,0.0,0
1962-07-19,350.0,56.0,0.0,0.0,0
1962-07-20,400.0,94.0,0.0,0.0,0
1962-07-21,383.0,144.0,0.0,0.0,0
1962-07-22,383.0,167.0,0.0,0.0,0
1962-07-23,367.0,144.0,0.0,0.0,0
1962-07-24,372.0,111.0,0.0,0.0,0
1962-07-25,400.0,128.0,0.0,0.0,0
1962-07-26,372.0,150.0,0.0,0.0,0
1962-07-27,361.0,150.0,0.0,0.0,0
1962-07-28,356.0,133.0,0.0,0.0,0
1962-07-29,383.0,111.0,0.0,0.0,0
1962-07-30,333.0,111.0,0.0,0.0,0
1962-07-31,356.0,117.0,0.0,0.0,0
1962-08-01,367.0,122.0,0.0,0.0,0
1962-08-02,372.0,94.0,0.0,0.0,0
1962-08-03,328.0,50.0,0.0,0.0,0
1962-08-04,339.0,50.0,0.0,0.0,0
1962-08-05,328.0,117.0,0.0,0.0,0
1962-08-06,367.0,139.0,0.0,0.0,0
1962-08-07,383.0,144.0,0.0,0.0,0
1962-08-08,394.0,133.0,0.0,0.0,0
1962-08-09,367.0,172.0,0.0,0.0,0
1962-08-10,356.0,144.0,0.0,0.0,0
1962-08-11,372.0,122.0,0.0,0.0,0
1962-08-12,411.0,139.0,0.0,0.0,0
1962-08-13,417.0,139.0,0.0,0.0,0
1962-08-14,400.0,139.0,0.0,0.0,0
1962-08-15,406.0,144.0,0.0,0.0,0
1962-08-16,406.0,139.0,0.0,0.0,0
1962-08-17,406.0,144.0,0.0,0.0,0
1962-08-18,378.0,144.0,0.0,0.0,0
1962-08-19,361.0,150.0,0.0,0.0,0
1962-08-20,383.0,122.0,0.0,0.0,0
1962-08-21,378.0,122.0,0.0,0.0,0
1962-08-22,344.0,100.0,0.0,0.0,0
1962-08-23,333.0,106.0,0.0,0.0,0
1962-08-24,406.0,111.0,0.0,0.0,0
1962-08-25,406.0,156.0,0.0,0.0,0
1962-08-26,400.0,100.0,0.0,0.0,0
1962-08-27,378.0,161.0,0.0,0.0,0
1962-08-28,378.0,161.0,0.0,0.0,0
1962-08-29,339.0,128.0,0.0,0.0,0
1962-08-30,322.0,128.0,0.0,0.0,0
1962-08-31,383.0,128.0,0.0,0.0,0
1962-09-01,406.0,89.0,0.0,0.0,0
1962-09-02,406.0,50.0,0.0,0.0,0
1962-09-03,394.0,44.0,0.0,0.0,0
1962-09-04,394.0,106.0,0.0,0.0,0
1962-09-05,383.0,117.0,0.0,0.0,0
1962-09-06,367.0,94.0,0.0,0.0,0
1962-09-07,333.0,50.0,0.0,0.0,0
1962-09-08,328.0,83.0,0.0,0.0,0
1962-09-09,300.0,72.0,0.0,0.0,0
1962-09-10,306.0,78.0,0.0,0.0,0
1962-09-11,333.0,117.0,0.0,0.0,0
1962-09-12,311.0,67.0,0.0,0.0,0
1962-09-13,317.0,39.0,0.0,0.0,0
1962-09-14,328.0,94.0,0.0,0.0,0
1962-09-15,294.0,72.0,0.0,0.0,0
1962-09-16,333.0,83.0,0.0,0.0,0
1962-09-17,372.0,128.0,0.0,0.0,0
1962-09-18,378.0,150.0,0.0,0.0,0
1962-09-19,389.0,117.0,0.0,0.0,0
1962-09-20,367.0,100.0,0.0,0.0,0
1962-09-21,367.0,72.0,0.0,0.0,0
1962-09-22,367.0,111.0,0.0,0.0,0
1962-09-23,356.0,122.0,0.0,0.0,0
1962-09-24,367.0,200.0,0.0,0.0,0
1962-09-25,328.0,161.0,0.0,0.0,0
1962-09-26,289.0,111.0,0.0,0.0,0
1962-09-27,283.0,122.0,0.0,0.0,0
1962-09-28,239.0,117.0,0.0,0.0,0
1962-09-29,294.0,78.0,0.0,0.0,0
1962-09-30,344.0,44.0,0.0,0.0,0
1962-10-01,367.0,122.0,0.0,0.0,0
1962-10-02,317.0,117.0,0.0,0.0,0
1962-10-03,300.0,94.0,0.0,0.0,0
1962-10-04,228.0,122.0,0.0,0.0,0
1962-10-05,206.0,50.0,0.0,0.0,0
1962-10-06,239.0,83.0,0.0,0.0,0
1962-10-07,233.0,89.0,0.0,0.0,0
1962-10-08,322.0,56.0,0.0,0.0,0
1962-10-09,328.0,89.0,0.0,0.0,0
1962-10-10,294.0,50.0,0.0,0.0,0
1962-10-11,272.0,61.0,0.0,0.0,0
1962-10-12,300.0,61.0,0.0,0.0,0
1962-10-13,261.0,56.0,0.0,0.0,0
1962-10-14,261.0,111.0,0.0,0.0,0
1962-10-15,239.0,56.0,0.0,0.0,0
1962-10-16,239.0,72.0,0.0,0.0,0
1962-10-17,289.0,72.0,0.0,0.0,0
1962-10-18,233.0,83.0,0.0,0.0,0
1962-10-19,244.0,133.0,0.0,0.0,0
1962-10-20,283.0,106.0,0.0,0.0,0
1962-10-21,339.0,61.0,0.0,0.0,0
1962-10-22,294.0,72.0,0.0,0.0,0
1962-10-23,289.0,67.0,0.0,0.0,0
1962-10-24,283.0,67.0,0.0,0.0,0
1962-10-25,267.0,61.0,0.0,0.0,0
1962-10-26,333.0,94.0,0.0,0.0,0
1962-10-27,350.0,72.0,0.0,0.0,0
1962-10-28,328.0,44.0,0.0,0.0,0
1962-10-29,328.0,83.0,0.0,0.0,0
1962-10-30,322.0,111.0,0.0,0.0,0
1962-10-31,333.0,72.0,0.0,0.0,0
1962-11-01,333.0,78.0,0.0,0.0,0
1962-11-02,283.0,117.0,0.0,0.0,0
1962-11-03,278.0,61.0,0.0,0.0,0
1962-11-04,244.0,72.0,0.0,0.0,0
1962-11-05,217.0,72.0,0.0,0.0,0
1962-11-06,311.0,33.0,0.0,0.0,0
1962-11-07,311.0,39.0,0.0,0.0,0
1962-11-08,317.0,56.0,0.0,0.0,0
1962-11-09,272.0,44.0,0.0,0.0,0
1962-11-10,222.0,50.0,0.0,0.0,0
1962-11-11,289.0,22.0,0.0,0.0,0
1962-11-12,294.0,56.0,0.0,0.0,0
1962-11-13,239.0,78.0,0.0,0.0,0
1962-11-14,172.0,111.0,0.0,0.0,0
1962-11-15,194.0,94.0,0.0,0.0,0
1962-11-16,183.0,28.0,0.0,0.0,0
1962-11-17,194.0,11.0,0.0,0.0,0
1962-11-18,183.0,-6.0,0.0,0.0,0
1962-11-19,206.0,17.0,0.0,0.0,0
1962-11-20,244.0,17.0,0.0,0.0,0
1962-11-21,278.0,11.0,0.0,0.0,0
1962-11-22,239.0,44.0,0.0,0.0,0
1962-11-23,200.0,44.0,0.0,0.0,0
1962-11-24,217.0,89.0,0.0,0.0,0
1962-11-25,206.0,39.0,0.0,0.0,0
1962-11-26,239.0,11.0,0.0,0.0,0
1962-11-27,200.0,0.0,0.0,0.0,0
1962-11-28,189.0,0.0,0.0,0.0,0
1962-11-29,156.0,50.0,0.0,0.0,0
1962-11-30,200.0,6.0,0.0,0.0,0
1962-12-01,239.0,17.0,0.0,0.0,0
1962-12-02,217.0,11.0,0.0,0.0,0
1962-12-03,217.0,0.0,0.0,0.0,0
1962-12-04,256.0,33.0,0.0,0.0,0
1962-12-05,256.0,33.0,0.0,0.0,0
1962-12-06,256.0,17.0,0.0,0.0,0
1962-12-07,272.0,6.0,0.0,0.0,0
1962-12-08,267.0,6.0,0.0,0.0,0
1962-12-09,289.0,17.0,0.0,0.0,0
1962-12-10,283.0,33.0,0.0,0.0,0
1962-12-11,256.0,56.0,0.0,0.0,0
1962-12-12,172.0,50.0,0.0,0.0,0
1962-12-13,228.0,-6.0,0.0,0.0,0
1962-12-14,267.0,0.0,0.0,0.0,0
1962-12-15,244.0,11.0,0.0,0.0,0
1962-12-16,222.0,0.0,0.0,0.0,0
1962-12-17,256.0,83.0,0.0,0.0,0
1962-12-18,244.0,106.0,0.0,0.0,0
1962-12-19,211.0,83.0,0.0,0.0,0
1962-12-20,244.0,22.0,0.0,0.0,0
1962-12-21,283.0,0.0,0.0,0.0,0
1962-12-22,222.0,-11.0,0.0,0.0,0
1962-12-23,117.0,39.0,0.0,0.0,0
1962-12-24,111.0,61.0,0.0,0.0,0
1962-12-25,106.0,39.0,0.0,0.0,0
1962-12-26,111.0,28.0,0.0,0.0,0
1962-12-27,222.0,-39.0,0.0,0.0,0
1962-12-28,272.0,-44.0,0.0,0.0,0
1962-12-29,217.0,-56.0,0.0,0.0,0
1962-12-30,206.0,-22.0,0.0,0.0,0
1962-12-31,222.0,-22.0,0.0,0.0,0
1963-01-01,183.0,33.0,0.0,0.0,0
1963-01-02,156.0,61.0,0.0,0.0,0
1963-01-03,150.0,50.0,0.0,0.0,0
1963-01-04,183.0,-28.0,0.0,0.0,0
1963-01-05,183.0,11.0,0.0,0.0,0
1963-01-06,200.0,17.0,0.0,0.0,0
1963-01-07,256.0,50.0,0.0,0.0,0
1963-01-08,244.0,61.0,0.0,0.0,0
1963-01-09,183.0,50.0,0.0,0.0,0
1963-01-10,144.0,50.0,0.0,0.0,0
1963-01-11,128.0,17.0,0.0,0.0,0
1963-01-12,122.0,0.0,0.0,0.0,0
1963-01-13,111.0,-44.0,0.0,0.0,0
1963-01-14,161.0,-83.0,0.0,0.0,0
1963-01-15,183.0,-44.0,0.0,0.0,0
1963-01-16,189.0,-61.0,0.0,0.0,0
1963-01-17,222.0,-67.0,0.0,0.0,0
1963-01-18,161.0,-39.0,0.0,0.0,0
1963-01-19,133.0,-17.0,0.0,0.0,0
1963-01-20,172.0,11.0,0.0,0.0,0
1963-01-21,222.0,-28.0,0.0,0.0,0
1963-01-22,211.0,-44.0,0.0,0.0,0
1963-01-23,244.0,-44.0,0.0,0.0,0
1963-01-24,189.0,-28.0,0.0,0.0,0
1963-01-25,133.0,11.0,0.0,0.0,0
1963-01-26,178.0,33.0,0.0,0.0,0
1963-01-27,161.0,6.0,0.0,0.0,0
1963-01-28,167.0,33.0,0.0,0.0,0
1963-01-29,172.0,50.0,0.0,0.0,0
1963-01-30,200.0,67.0,0.0,0.0,0
1963-01-31,,,0.0,0.0,0
1963-02-01,161.0,117.0,25.0,0.0,0
1963-02-02,267.0,83.0,3.0,0.0,0
1963-02-03,372.0,50.0,0.0,0.0,0
1963-02-04,306.0,78.0,0.0,0.0,0
1963-02-05,311.0,50.0,0.0,0.0,0
1963-02-06,306.0,44.0,0.0,0.0,0
1963-02-07,278.0,33.0,0.0,0.0,0
1963-02-08,228.0,44.0,0.0,0.0,0
1963-02-09,156.0,33.0,432.0,0.0,0
1963-02-10,178.0,94.0,137.0,0.0,0
1963-02-11,206.0,72.0,0.0,0.0,0
1963-02-12,239.0,83.0,3.0,0.0,0
1963-02-13,239.0,83.0,3.0,0.0,0
1963-02-14,217.0,111.0,0.0,0.0,0
1963-02-15,206.0,72.0,10.0,0.0,0
1963-02-16,200.0,72.0,0.0,0.0,0
1963-02-17,183.0,78.0,0.0,0.0,0
1963-02-18,200.0,50.0,0.0,0.0,0
1963-02-19,256.0,44.0,0.0,0.0,0
1963-02-20,233.0,39.0,0.0,0.0,0
1963-02-21,250.0,33.0,0.0,0.0,0
1963-02-22,222.0,44.0,0.0,0.0,0
1963-02-23,256.0,44.0,0.0,0.0,0
1963-02-24,272.0,44.0,0.0,0.0,0
1963-02-25,289.0,50.0,0.0,0.0,0
1963-02-26,289.0,61.0,0.0,0.0,0
1963-02-27,261.0,56.0,0.0,0.0,0
1963-02-28,250.0,106.0,0.0,0.0,0
1963-03-01,272.0,39.0,0.0,0.0,0
1963-03-02,244.0,39.0,0.0,0.0,0
1963-03-03,200.0,39.0,0.0,0.0,0
1963-03-04,172.0,-17.0,0.0,0.0,0
1963-03-05,194.0,-50.0,0.0,0.0,0
1963-03-06,222.0,11.0,0.0,0.0,0
1963-03-07,222.0,22.0,0.0,0.0,0
1963-03-08,217.0,50.0,0.0,0.0,0
1963-03-09,172.0,83.0,5.0,0.0,0
1963-03-10,172.0,44.0,0.0,0.0,0
1963-03-11,178.0,17.0,0.0,0.0,0
1963-03-12,183.0,67.0,0.0,0.0,0
1963-03-13,222.0,39.0,0.0,0.0,0
1963-03-14,217.0,33.0,0.0,0.0,0
1963-03-15,167.0,17.0,8.0,0.0,0
1963-03-16,128.0,0.0,0.0,0.0,0
1963-03-17,100.0,0.0,196.0,0.0,0
1963-03-18,144.0,0.0,66.0,0.0,0
1963-03-19,211.0,11.0,0.0,0.0,0
1963-03-20,244.0,28.0,0.0,0.0,0
1963-03-21,228.0,44.0,0.0,0.0,0
1963-03-22,206.0,89.0,0.0,0.0,0
1963-03-23,161.0,83.0,5.0,0.0,0
1963-03-24,217.0,33.0,0.0,0.0,0
1963-03-25,250.0,61.0,0.0,0.0,0
1963-03-26,244.0,56.0,0.0,0.0,0
1963-03-27,278.0,72.0,0.0,0.0,0
1963-03-28,222.0,67.0,102.0,0.0,0
1963-03-29,183.0,78.0,0.0,0.0,0
1963-03-30,206.0,44.0,0.0,0.0,0
1963-03-31,233.0,61.0,0.0,0.0,0
1963-04-01,211.0,56.0,0.0,0.0,0
1963-04-02,161.0,106.0,0.0,0.0,0
1963-04-03,239.0,122.0,0.0,0.0,0
1963-04-04,239.0,0.0,0.0,0.0,0
1963-04-05,283.0,111.0,0.0,0.0,0
1963-04-06,267.0,28.0,0.0,0.0,0
1963-04-07,261.0,72.0,0.0,0.0,0
1963-04-08,200.0,89.0,0.0,0.0,0
1963-04-09,167.0,56.0,0.0,0.0,0
1963-04-10,206.0,50.0,0.0,0.0,0
1963-04-11,228.0,-6.0,0.0,0.0,0
1963-04-12,283.0,-6.0,0.0,0.0,0
1963-04-13,267.0,89.0,0.0,0.0,0
1963-04-14,233.0,39.0,38.0,0.0,0
1963-04-15,178.0,67.0,8.0,0.0,0
1963-04-16,167.0,33.0,0.0,0.0,0
1963-04-17,122.0,6.0,107.0,0.0,0
1963-04-18,156.0,28.0,0.0,0.0,0
1963-04-19,139.0,11.0,0.0,0.0,0
1963-04-20,144.0,-17.0,0.0,0.0,0
1963-04-21,156.0,-11.0,66.0,0.0,0
1963-04-22,228.0,11.0,0.0,0.0,0
1963-04-23,261.0,39.0,0.0,0.0,0
1963-04-24,244.0,33.0,0.0,0.0,0
1963-04-25,206.0,22.0,0.0,0.0,0
1963-04-26,156.0,28.0,119.0,0.0,0
1963-04-27,172.0,67.0,0.0,0.0,0
1963-04-28,244.0,39.0,0.0,0.0,0
1963-04-29,283.0,61.0,0.0,0.0,0
1963-04-30,272.0,89.0,0.0,0.0,0
1963-05-01,256.0,94.0,0.0,0.0,0
1963-05-02,211.0,94.0,0.0,0.0,0
1963-05-03,206.0,83.0,0.0,0.0,0
1963-05-04,211.0,100.0,0.0,0.0,0
1963-05-05,267.0,67.0,0.0,0.0,0
1963-05-06,333.0,94.0,0.0,0.0,0
1963-05-07,339.0,106.0,0.0,0.0,0
1963-05-08,278.0,144.0,0.0,0.0,0
1963-05-09,233.0,117.0,0.0,0.0,0
1963-05-10,228.0,106.0,0.0,0.0,0
1963-05-11,217.0,50.0,0.0,0.0,0
1963-05-12,261.0,50.0,0.0,0.0,0
1963-05-13,283.0,61.0,0.0,0.0,0
1963-05-14,256.0,67.0,0.0,0.0,0
1963-05-15,283.0,67.0,0.0,0.0,0
1963-05-16,317.0,83.0,0.0,0.0,0
1963-05-17,294.0,106.0,0.0,0.0,0
1963-05-18,250.0,83.0,0.0,0.0,0
1963-05-19,256.0,122.0,0.0,0.0,0
1963-05-20,300.0,128.0,0.0,0.0,0
1963-05-21,261.0,128.0,0.0,0.0,0
1963-05-22,261.0,139.0,0.0,0.0,0
1963-05-23,233.0,133.0,0.0,0.0,0
1963-05-24,239.0,122.0,0.0,0.0,0
1963-05-25,244.0,128.0,0.0,0.0,0
1963-05-26,228.0,122.0,0.0,0.0,0
1963-05-27,211.0,94.0,0.0,0.0,0
1963-05-28,233.0,106.0,0.0,0.0,0
1963-05-29,217.0,72.0,13.0,0.0,0
1963-05-30,222.0,106.0,0.0,0.0,0
1963-05-31,244.0,106.0,0.0,0.0,0
1963-06-01,256.0,133.0,0.0,0.0,0
1963-06-02,256.0,133.0,0.0,0.0,0
1963-06-03,244.0,56.0,0.0,0.0,0
1963-06-04,244.0,128.0,0.0,0.0,0
1963-06-05,222.0,106.0,0.0,0.0,0
1963-06-06,183.0,61.0,0.0,0.0,0
1963-06-07,233.0,78.0,0.0,0.0,0
1963-06-08,256.0,106.0,0.0,0.0,0
1963-06-09,261.0,100.0,0.0,0.0,0
1963-06-10,228.0,133.0,0.0,0.0,0
1963-06-11,211.0,111.0,0.0,0.0,0
1963-06-12,222.0,78.0,0.0,0.0,0
1963-06-13,233.0,44.0,0.0,0.0,0
1963-06-14,300.0,72.0,0.0,0.0,0
1963-06-15,356.0,89.0,0.0,0.0,0
1963-06-16,361.0,122.0,0.0,0.0,0
1963-06-17,344.0,144.0,0.0,0.0,0
1963-06-18,322.0,44.0,0.0,0.0,0
1963-06-19,317.0,122.0,0.0,0.0,0
1963-06-20,322.0,94.0,0.0,0.0,0
1963-06-21,300.0,83.0,0.0,0.0,0
1963-06-22,239.0,78.0,0.0,0.0,0
1963-06-23,244.0,67.0,0.0,0.0,0
1963-06-24,306.0,72.0,0.0,0.0,0
1963-06-25,361.0,78.0,0.0,0.0,0
1963-06-26,317.0,89.0,0.0,0.0,0
1963-06-27,294.0,83.0,0.0,0.0,0
1963-06-28,317.0,106.0,0.0,0.0,0
1963-06-29,344.0,78.0,0.0,0.0,0
1963-06-30,328.0,117.0,0.0,0.0,0
1963-07-01,344.0,122.0,0.0,0.0,0
1963-07-02,344.0,106.0,0.0,0.0,0
1963-07-03,356.0,106.0,0.0,0.0,0
1963-07-04,339.0,106.0,0.0,0.0,0
1963-07-05,294.0,128.0,0.0,0.0,0
1963-07-06,311.0,106.0,0.0,0.0,0
1963-07-07,300.0,128.0,0.0,0.0,0
1963-07-08,356.0,111.0,0.0,0.0,0
1963-07-09,367.0,122.0,0.0,0.0,0
1963-07-10,328.0,139.0,0.0,0.0,0
1963-07-11,350.0,139.0,0.0,0.0,0
1963-07-12,361.0,128.0,0.0,0.0,0
1963-07-13,378.0,150.0,0.0,0.0,0
1963-07-14,367.0,128.0,0.0,0.0,0
1963-07-15,383.0,172.0,0.0,0.0,0
1963-07-16,372.0,139.0,0.0,0.0,0
1963-07-17,356.0,89.0,0.0,0.0,0
1963-07-18,367.0,83.0,0.0,0.0,0
1963-07-19,383.0,150.0,0.0,0.0,0
1963-07-20,361.0,161.0,0.0,0.0,0
1963-07-21,383.0,128.0,0.0,0.0,0
1963-07-22,361.0,150.0,0.0,0.0,0
1963-07-23,383.0,156.0,0.0,0.0,0
1963-07-24,394.0,150.0,0.0,0.0,0
1963-07-25,400.0,150.0,0.0,0.0,0
1963-07-26,367.0,128.0,0.0,0.0,0
1963-07-27,339.0,128.0,0.0,0.0,0
1963-07-28,339.0,117.0,0.0,0.0,0
1963-07-29,356.0,117.0,0.0,0.0,0
1963-07-30,344.0,150.0,0.0,0.0,0
1963-07-31,339.0,128.0,0.0,0.0,0
1963-08-01,328.0,144.0,0.0,0.0,0
1963-08-02,328.0,111.0,0.0,0.0,0
1963-08-03,333.0,106.0,0.0,0.0,0
1963-08-04,350.0,111.0,0.0,0.0,0
1963-08-05,344.0,111.0,0.0,0.0,0
1963-08-06,300.0,111.0,0.0,0.0,0
1963-08-07,317.0,128.0,0.0,0.0,0
1963-08-08,333.0,161.0,0.0,0.0,0
1963-08-09,356.0,128.0,0.0,0.0,0
1963-08-10,361.0,139.0,0.0,0.0,0
1963-08-11,356.0,128.0,0.0,0.0,0
1963-08-12,372.0,117.0,0.0,0.0,0
1963-08-13,406.0,167.0,0.0,0.0,0
1963-08-14,406.0,167.0,0.0,0.0,0
1963-08-15,356.0,133.0,0.0,0.0,0
1963-08-16,356.0,139.0,0.0,0.0,0
1963-08-17,344.0,128.0,0.0,0.0,0
1963-08-18,372.0,161.0,0.0,0.0,0
1963-08-19,378.0,150.0,0.0,0.0,0
1963-08-20,367.0,133.0,0.0,0.0,0
1963-08-21,350.0,100.0,0.0,0.0,0
1963-08-22,317.0,89.0,0.0,0.0,0
1963-08-23,306.0,111.0,0.0,0.0,0
1963-08-24,322.0,111.0,0.0,0.0,0
1963-08-25,344.0,139.0,0.0,0.0,0
1963-08-26,339.0,139.0,0.0,0.0,0
1963-08-27,361.0,133.0,0.0,0.0,0
1963-08-28,378.0,133.0,0.0,0.0,0
1963-08-29,339.0,139.0,0.0,0.0,0
1963-08-30,333.0,89.0,0.0,0.0,0
1963-08-31,289.0,72.0,0.0,0.0,0
1963-09-01,328.0,106.0,0.0,0.0,0
1963-09-02,333.0,128.0,0.0,0.0,0
1963-09-03,344.0,100.0,0.0,0.0,0
1963-09-04,311.0,78.0,0.0,0.0,0
1963-09-05,356.0,122.0,0.0,0.0,0
1963-09-06,333.0,128.0,0.0,0.0,0
1963-09-07,367.0,106.0,0.0,0.0,0
1963-09-08,383.0,133.0,0.0,0.0,0
1963-09-09,383.0,106.0,0.0,0.0,0
1963-09-10,383.0,133.0,0.0,0.0,0
1963-09-11,406.0,156.0,0.0,0.0,0
1963-09-12,406.0,172.0,0.0,0.0,0
1963-09-13,356.0,183.0,0.0,0.0,0
1963-09-14,356.0,144.0,0.0,0.0,0
1963-09-15,306.0,139.0,0.0,0.0,0
1963-09-16,289.0,128.0,0.0,0.0,0
1963-09-17,267.0,139.0,356.0,0.0,0
1963-09-18,200.0,144.0,211.0,0.0,0
1963-09-19,217.0,156.0,150.0,0.0,0
1963-09-20,250.0,133.0,0.0,0.0,0
1963-09-21,306.0,122.0,0.0,0.0,0
1963-09-22,294.0,111.0,0.0,0.0,0
1963-09-23,306.0,128.0,0.0,0.0,0
1963-09-24,378.0,139.0,0.0,0.0,0
1963-09-25,400.0,106.0,0.0,0.0,0
1963-09-26,394.0,122.0,0.0,0.0,0
1963-09-27,406.0,128.0,0.0,0.0,0
1963-09-28,400.0,161.0,0.0,0.0,0
1963-09-29,411.0,167.0,0.0,0.0,0
1963-09-30,356.0,161.0,0.0,0.0,0
1963-10-01,339.0,150.0,0.0,0.0,0
1963-10-02,294.0,133.0,0.0,0.0,0
1963-10-03,294.0,144.0,0.0,0.0,0
1963-10-04,261.0,122.0,0.0,0.0,0
1963-10-05,256.0,139.0,0.0,0.0,0
1963-10-06,300.0,72.0,0.0,0.0,0
1963-10-07,317.0,61.0,0.0,0.0,0
1963-10-08,317.0,94.0,0.0,0.0,0
1963-10-09,300.0,128.0,0.0,0.0,0
1963-10-10,300.0,106.0,0.0,0.0,0
1963-10-11,278.0,72.0,0.0,0.0,0
1963-10-12,267.0,44.0,0.0,0.0,0
1963-10-13,306.0,72.0,0.0,0.0,0
1963-10-14,311.0,72.0,0.0,0.0,0
1963-10-15,256.0,72.0,0.0,0.0,0
1963-10-16,189.0,106.0,25.0,0.0,0
1963-10-17,217.0,111.0,33.0,0.0,0
1963-10-18,217.0,106.0,64.0,0.0,0
1963-10-19,206.0,106.0,0.0,0.0,0
1963-10-20,200.0,61.0,0.0,0.0,0
1963-10-21,267.0,78.0,0.0,0.0,0
1963-10-22,278.0,94.0,0.0,0.0,0
1963-10-23,228.0,72.0,0.0,0.0,0
1963-10-24,261.0,100.0,0.0,0.0,0
1963-10-25,306.0,89.0,0.0,0.0,0
1963-10-26,278.0,106.0,0.0,0.0,0
1963-10-27,306.0,111.0,0.0,0.0,0
1963-10-28,289.0,89.0,0.0,0.0,0
1963-10-29,261.0,44.0,0.0,0.0,0
1963-10-30,244.0,44.0,0.0,0.0,0
1963-10-31,267.0,56.0,0.0,0.0,0
1963-11-01,233.0,83.0,0.0,0.0,0
1963-11-02,217.0,94.0,0.0,0.0,0
1963-11-03,250.0,94.0,0.0,0.0,0
1963-11-04,217.0,89.0,0.0,0.0,0
1963-11-05,222.0,78.0,0.0,0.0,0
1963-11-06,189.0,89.0,79.0,0.0,0
1963-11-07,183.0,106.0,0.0,0.0,0
1963-11-08,194.0,33.0,0.0,0.0,0
1963-11-09,283.0,39.0,0.0,0.0,0
1963-11-10,311.0,78.0,0.0,0.0,0
1963-11-11,294.0,56.0,0.0,0.0,0
1963-11-12,278.0,72.0,0.0,0.0,0
1963-11-13,239.0,33.0,0.0,0.0,0
1963-11-14,200.0,100.0,0.0,0.0,0
1963-11-15,172.0,111.0,15.0,0.0,0
1963-11-16,217.0,78.0,0.0,0.0,0
1963-11-17,183.0,11.0,0.0,0.0,0
1963-11-18,183.0,-11.0,0.0,0.0,0
1963-11-19,183.0,-11.0,0.0,0.0,0
1963-11-20,150.0,78.0,267.0,0.0,0
1963-11-21,139.0,61.0,58.0,0.0,0
1963-11-22,200.0,11.0,0.0,0.0,0
1963-11-23,222.0,22.0,0.0,0.0,0
1963-11-24,206.0,44.0,0.0,0.0,0
1963-11-25,200.0,33.0,0.0,0.0,0
1963-11-26,211.0,44.0,0.0,0.0,0
1963-11-27,233.0,17.0,0.0,0.0,0
1963-11-28,239.0,11.0,0.0,0.0,0
1963-11-29,261.0,17.0,0.0,0.0,0
1963-11-30,250.0,28.0,0.0,0.0,0
1963-12-01,244.0,39.0,0.0,0.0,0
1963-12-02,233.0,6.0,0.0,0.0,0
1963-12-03,233.0,6.0,0.0,0.0,0
1963-12-04,239.0,0.0,0.0,0.0,0
1963-12-05,233.0,-11.0,0.0,0.0,0
1963-12-06,239.0,-6.0,0.0,0.0,0
1963-12-07,239.0,11.0,0.0,0.0,0
1963-12-08,228.0,17.0,0.0,0.0,0
1963-12-09,178.0,33.0,0.0,0.0,0
1963-12-10,150.0,-17.0,0.0,0.0,0
1963-12-11,156.0,-11.0,0.0,0.0,0
1963-12-12,150.0,-17.0,0.0,0.0,0
1963-12-13,183.0,-39.0,0.0,0.0,0
1963-12-14,211.0,-22.0,0.0,0.0,0
1963-12-15,172.0,-17.0,0.0,0.0,0
1963-12-16,178.0,17.0,0.0,0.0,0
1963-12-17,228.0,28.0,0.0,0.0,0
1963-12-18,189.0,6.0,0.0,0.0,0
1963-12-19,172.0,22.0,0.0,0.0,0
1963-12-20,189.0,-6.0,0.0,0.0,0
1963-12-21,178.0,-33.0,0.0,0.0,0
1963-12-22,178.0,83.0,0.0,0.0,0
1963-12-23,233.0,17.0,0.0,0.0,0
1963-12-24,178.0,-28.0,0.0,0.0,0
1963-12-25,189.0,-17.0,0.0,0.0,0
1963-12-26,233.0,-17.0,0.0,0.0,0
1963-12-27,233.0,6.0,0.0,0.0,0
1963-12-28,272.0,72.0,0.0,0.0,0
1963-12-29,233.0,44.0,0.0,0.0,0
1963-12-30,211.0,83.0,0.0,0.0,0
1963-12-31,261.0,22.0,0.0,0.0,0
1964-01-01,300.0,28.0,0.0,0.0,0
1964-01-02,244.0,-39.0,0.0,0.0,0
1964-01-03,206.0,-17.0,0.0,0.0,0
1964-01-04,211.0,0.0,0.0,0.0,0
1964-01-05,183.0,44.0,0.0,0.0,0
1964-01-06,194.0,-6.0,0.0,0.0,0
1964-01-07,178.0,11.0,0.0,0.0,0
1964-01-08,167.0,-11.0,0.0,0.0,0
1964-01-09,183.0,-28.0,0.0,0.0,0
1964-01-10,144.0,-39.0,0.0,0.0,0
1964-01-11,206.0,11.0,0.0,0.0,0
1964-01-12,167.0,17.0,0.0,0.0,0
1964-01-13,144.0,-11.0,0.0,0.0,0
1964-01-14,133.0,-22.0,0.0,0.0,0
1964-01-15,172.0,-39.0,0.0,0.0,0
1964-01-16,194.0,-28.0,0.0,0.0,0
1964-01-17,183.0,-22.0,0.0,0.0,0
1964-01-18,200.0,67.0,0.0,0.0,0
1964-01-19,128.0,44.0,13.0,0.0,0
1964-01-20,156.0,-6.0,0.0,0.0,0
1964-01-21,128.0,72.0,185.0,0.0,0
1964-01-22,117.0,50.0,180.0,0.0,0
1964-01-23,106.0,-6.0,0.0,0.0,0
1964-01-24,144.0,-11.0,0.0,0.0,0
1964-01-25,178.0,22.0,0.0,0.0,0
1964-01-26,156.0,-6.0,0.0,0.0,0
1964-01-27,189.0,11.0,0.0,0.0,0
1964-01-28,194.0,0.0,0.0,0.0,0
1964-01-29,200.0,11.0,0.0,0.0,0
1964-01-30,217.0,-6.0,0.0,0.0,0
1964-01-31,233.0,-17.0,0.0,0.0,0
1964-02-01,256.0,33.0,0.0,0.0,0
1964-02-02,228.0,17.0,0.0,0.0,0
1964-02-03,217.0,67.0,0.0,0.0,0
1964-02-04,211.0,0.0,0.0,0.0,0
1964-02-05,183.0,-6.0,0.0,0.0,0
1964-02-06,167.0,17.0,0.0,0.0,0
1964-02-07,178.0,0.0,0.0,0.0,0
1964-02-08,239.0,11.0,0.0,0.0,0
1964-02-09,244.0,-6.0,0.0,0.0,0
1964-02-10,233.0,-6.0,0.0,0.0,0
1964-02-11,222.0,33.0,0.0,0.0,0
1964-02-12,167.0,33.0,0.0,0.0,0
1964-02-13,172.0,-22.0,0.0,0.0,0
1964-02-14,156.0,-17.0,0.0,0.0,0
1964-02-15,178.0,-22.0,0.0,0.0,0
1964-02-16,183.0,-11.0,0.0,0.0,0
1964-02-17,239.0,-11.0,0.0,0.0,0
1964-02-18,244.0,11.0,0.0,0.0,0
1964-02-19,233.0,89.0,0.0,0.0,0
1964-02-20,183.0,-22.0,0.0,0.0,0
1964-02-21,211.0,-22.0,0.0,0.0,0
1964-02-22,211.0,6.0,0.0,0.0,0
1964-02-23,189.0,11.0,0.0,0.0,0
1964-02-24,183.0,-22.0,0.0,0.0,0
1964-02-25,161.0,33.0,0.0,0.0,0
1964-02-26,167.0,-33.0,0.0,0.0,0
1964-02-27,194.0,-33.0,0.0,0.0,0
1964-02-28,183.0,-17.0,0.0,0.0,0
1964-02-29,156.0,28.0,0.0,0.0,0
1964-03-01,178.0,0.0,0.0,0.0,0
1964-03-02,144.0,72.0,8.0,0.0,0
1964-03-03,167.0,44.0,0.0,0.0,0
1964-03-04,206.0,-17.0,0.0,0.0,0
1964-03-05,183.0,-17.0,0.0,0.0,0
1964-03-06,161.0,50.0,0.0,0.0,0
1964-03-07,128.0,11.0,0.0,0.0,0
1964-03-08,150.0,-28.0,0.0,0.0,0
1964-03-09,178.0,-22.0,0.0,0.0,0
1964-03-10,172.0,33.0,0.0,0.0,0
1964-03-11,178.0,11.0,0.0,0.0,0
1964-03-12,111.0,89.0,20.0,0.0,0
1964-03-13,167.0,67.0,23.0,0.0,0
1964-03-14,233.0,-6.0,0.0,0.0,0
1964-03-15,228.0,33.0,0.0,0.0,0
1964-03-16,228.0,89.0,0.0,0.0,0
1964-03-17,261.0,144.0,0.0,0.0,0
1964-03-18,267.0,33.0,0.0,0.0,0
1964-03-19,233.0,72.0,0.0,0.0,0
1964-03-20,239.0,44.0,0.0,0.0,0
1964-03-21,228.0,50.0,0.0,0.0,0
1964-03-22,144.0,28.0,13.0,0.0,0
1964-03-23,94.0,39.0,244.0,0.0,0
1964-03-24,117.0,11.0,102.0,0.0,0
1964-03-25,172.0,6.0,0.0,0.0,0
1964-03-26,206.0,17.0,0.0,0.0,0
1964-03-27,256.0,28.0,0.0,0.0,0
1964-03-28,289.0,39.0,0.0,0.0,0
1964-03-29,311.0,72.0,0.0,0.0,0
1964-03-30,267.0,56.0,0.0,0.0,0
1964-03-31,178.0,56.0,0.0,0.0,0
1964-04-01,133.0,94.0,117.0,0.0,0
1964-04-02,156.0,39.0,0.0,0.0,0
1964-04-03,178.0,28.0,0.0,0.0,0
1964-04-04,183.0,33.0,0.0,0.0,0
1964-04-05,178.0,44.0,0.0,0.0,0
1964-04-06,183.0,39.0,0.0,0.0,0
1964-04-07,222.0,28.0,0.0,0.0,0
1964-04-08,256.0,39.0,0.0,0.0,0
1964-04-09,283.0,50.0,0.0,0.0,0
1964-04-10,272.0,28.0,0.0,0.0,0
1964-04-11,272.0,72.0,0.0,0.0,0
1964-04-12,306.0,72.0,0.0,0.0,0
1964-04-13,311.0,67.0,0.0,0.0,0
1964-04-14,350.0,72.0,0.0,0.0,0
1964-04-15,344.0,72.0,0.0,0.0,0
1964-04-16,317.0,72.0,0.0,0.0,0
1964-04-17,233.0,94.0,0.0,0.0,0
1964-04-18,217.0,100.0,0.0,0.0,0
1964-04-19,217.0,50.0,5.0,0.0,0
1964-04-20,200.0,33.0,5.0,0.0,0
1964-04-21,228.0,33.0,0.0,0.0,0
1964-04-22,217.0,83.0,0.0,0.0,0
1964-04-23,189.0,50.0,0.0,0.0,0
1964-04-24,167.0,28.0,0.0,0.0,0
1964-04-25,233.0,44.0,0.0,0.0,0
1964-04-26,256.0,50.0,0.0,0.0,0
1964-04-27,256.0,50.0,0.0,0.0,0
1964-04-28,222.0,106.0,102.0,0.0,0
1964-04-29,139.0,94.0,0.0,0.0,0
1964-04-30,161.0,89.0,0.0,0.0,0
1964-05-01,178.0,72.0,0.0,0.0,0
1964-05-02,172.0,56.0,0.0,0.0,0
1964-05-03,189.0,56.0,0.0,0.0,0
1964-05-04,161.0,56.0,0.0,0.0,0
1964-05-05,128.0,44.0,10.0,0.0,0
1964-05-06,117.0,50.0,20.0,0.0,0
1964-05-07,161.0,28.0,0.0,0.0,0
1964-05-08,233.0,56.0,0.0,0.0,0
1964-05-09,272.0,67.0,0.0,0.0,0
1964-05-10,289.0,78.0,0.0,0.0,0
1964-05-11,311.0,72.0,0.0,0.0,0
1964-05-12,283.0,89.0,0.0,0.0,0
1964-05-13,267.0,78.0,0.0,0.0,0
1964-05-14,283.0,72.0,0.0,0.0,0
1964-05-15,289.0,78.0,0.0,0.0,0
1964-05-16,244.0,67.0,0.0,0.0,0
1964-05-17,244.0,61.0,0.0,0.0,0
1964-05-18,300.0,72.0,0.0,0.0,0
1964-05-19,306.0,94.0,0.0,0.0,0
1964-05-20,311.0,100.0,0.0,0.0,0
1964-05-21,322.0,89.0,0.0,0.0,0
1964-05-22,306.0,83.0,0.0,0.0,0
1964-05-23,267.0,94.0,0.0,0.0,0
1964-05-24,283.0,117.0,0.0,0.0,0
1964-05-25,306.0,122.0,0.0,0.0,0
1964-05-26,272.0,100.0,0.0,0.0,0
1964-05-27,211.0,61.0,0.0,0.0,0
1964-05-28,250.0,44.0,0.0,0.0,0
1964-05-29,261.0,61.0,0.0,0.0,0
1964-05-30,311.0,78.0,0.0,0.0,0
1964-05-31,322.0,94.0,0.0,0.0,0
1964-06-01,300.0,111.0,0.0,0.0,0
1964-06-02,283.0,106.0,0.0,0.0,0
1964-06-03,278.0,89.0,0.0,0.0,0
1964-06-04,278.0,89.0,0.0,0.0,0
1964-06-05,300.0,72.0,0.0,0.0,0
1964-06-06,294.0,122.0,0.0,0.0,0
1964-06-07,256.0,128.0,0.0,0.0,0
1964-06-08,183.0,111.0,0.0,0.0,0
1964-06-09,194.0,111.0,5.0,0.0,0
1964-06-10,217.0,56.0,0.0,0.0,0
1964-06-11,267.0,67.0,0.0,0.0,0
1964-06-12,267.0,78.0,0.0,0.0,0
1964-06-13,300.0,89.0,0.0,0.0,0
1964-06-14,344.0,122.0,0.0,0.0,0
1964-06-15,317.0,117.0,0.0,0.0,0
1964-06-16,256.0,111.0,0.0,0.0,0
1964-06-17,250.0,111.0,0.0,0.0,0
1964-06-18,244.0,94.0,0.0,0.0,0
1964-06-19,250.0,122.0,0.0,0.0,0
1964-06-20,244.0,106.0,0.0,0.0,0
1964-06-21,278.0,94.0,0.0,0.0,0
1964-06-22,333.0,111.0,0.0,0.0,0
1964-06-23,361.0,83.0,0.0,0.0,0
1964-06-24,378.0,72.0,0.0,0.0,0
1964-06-25,411.0,139.0,0.0,0.0,0
1964-06-26,367.0,156.0,0.0,0.0,0
1964-06-27,367.0,133.0,0.0,0.0,0
1964-06-28,356.0,111.0,0.0,0.0,0
1964-06-29,344.0,100.0,0.0,0.0,0
1964-06-30,339.0,89.0,0.0,0.0,0
1964-07-01,350.0,111.0,0.0,0.0,0
1964-07-02,367.0,111.0,0.0,0.0,0
1964-07-03,356.0,117.0,0.0,0.0,0
1964-07-04,328.0,106.0,0.0,0.0,0
1964-07-05,333.0,106.0,0.0,0.0,0
1964-07-06,339.0,106.0,0.0,0.0,0
1964-07-07,350.0,106.0,0.0,0.0,0
1964-07-08,367.0,133.0,0.0,0.0,0
1964-07-09,367.0,133.0,0.0,0.0,0
1964-07-10,361.0,139.0,0.0,0.0,0
1964-07-11,383.0,183.0,0.0,0.0,0
1964-07-12,406.0,144.0,0.0,0.0,0
1964-07-13,411.0,161.0,0.0,0.0,0
1964-07-14,378.0,156.0,0.0,0.0,0
1964-07-15,356.0,133.0,0.0,0.0,0
1964-07-16,367.0,133.0,0.0,0.0,0
1964-07-17,367.0,139.0,0.0,0.0,0
1964-07-18,367.0,133.0,0.0,0.0,0
1964-07-19,378.0,144.0,0.0,0.0,0
1964-07-20,389.0,150.0,0.0,0.0,0
1964-07-21,344.0,139.0,0.0,0.0,0
1964-07-22,367.0,150.0,0.0,0.0,0
1964-07-23,350.0,150.0,0.0,0.0,0
1964-07-24,372.0,161.0,0.0,0.0,0
1964-07-25,372.0,161.0,0.0,0.0,0
1964-07-26,333.0,189.0,0.0,0.0,0
1964-07-27,400.0,183.0,0.0,0.0,0
1964-07-28,389.0,178.0,0.0,0.0,0
1964-07-29,378.0,178.0,0.0,0.0,0
1964-07-30,372.0,144.0,0.0,0.0,0
1964-07-31,356.0,144.0,0.0,0.0,0
1964-08-01,333.0,133.0,0.0,0.0,0
1964-08-02,339.0,122.0,0.0,0.0,0
1964-08-03,344.0,128.0,0.0,0.0,0
1964-08-04,356.0,167.0,0.0,0.0,0
1964-08-05,372.0,167.0,0.0,0.0,0
1964-08-06,361.0,211.0,0.0,0.0,0
1964-08-07,400.0,172.0,0.0,0.0,0
1964-08-08,400.0,183.0,0.0,0.0,0
1964-08-09,356.0,200.0,0.0,0.0,0
1964-08-10,344.0,183.0,0.0,0.0,0
1964-08-11,344.0,167.0,0.0,0.0,0
1964-08-12,367.0,167.0,0.0,0.0,0
1964-08-13,328.0,144.0,0.0,0.0,0
1964-08-14,333.0,150.0,0.0,0.0,0
1964-08-15,350.0,128.0,0.0,0.0,0
1964-08-16,356.0,117.0,0.0,0.0,0
1964-08-17,372.0,144.0,0.0,0.0,0
1964-08-18,361.0,189.0,0.0,0.0,0
1964-08-19,361.0,161.0,0.0,0.0,0
1964-08-20,344.0,128.0,0.0,0.0,0
1964-08-21,344.0,106.0,0.0,0.0,0
1964-08-22,356.0,117.0,0.0,0.0,0
1964-08-23,394.0,111.0,0.0,0.0,0
1964-08-24,383.0,167.0,0.0,0.0,0
1964-08-25,389.0,128.0,0.0,0.0,0
1964-08-26,339.0,106.0,0.0,0.0,0
1964-08-27,294.0,139.0,0.0,0.0,0
1964-08-28,283.0,122.0,0.0,0.0,0
1964-08-29,283.0,128.0,0.0,0.0,0
1964-08-30,267.0,106.0,0.0,0.0,0
1964-08-31,256.0,117.0,0.0,0.0,0
1964-09-01,261.0,122.0,0.0,0.0,0
1964-09-02,339.0,106.0,0.0,0.0,0
1964-09-03,361.0,72.0,0.0,0.0,0
1964-09-04,361.0,106.0,0.0,0.0,0
1964-09-05,350.0,150.0,0.0,0.0,0
1964-09-06,294.0,94.0,0.0,0.0,0
1964-09-07,317.0,94.0,0.0,0.0,0
1964-09-08,344.0,78.0,0.0,0.0,0
1964-09-09,361.0,111.0,0.0,0.0,0
1964-09-10,356.0,117.0,0.0,0.0,0
1964-09-11,389.0,133.0,0.0,0.0,0
1964-09-12,350.0,139.0,0.0,0.0,0
1964-09-13,350.0,128.0,0.0,0.0,0
1964-09-14,306.0,94.0,0.0,0.0,0
1964-09-15,278.0,72.0,0.0,0.0,0
1964-09-16,322.0,67.0,0.0,0.0,0
1964-09-17,294.0,61.0,0.0,0.0,0
1964-09-18,228.0,106.0,0.0,0.0,0
1964-09-19,333.0,56.0,0.0,0.0,0
1964-09-20,333.0,89.0,0.0,0.0,0
1964-09-21,283.0,122.0,0.0,0.0,0
1964-09-22,322.0,78.0,0.0,0.0,0
1964-09-23,361.0,94.0,0.0,0.0,0
1964-09-24,350.0,156.0,0.0,0.0,0
1964-09-25,294.0,133.0,41.0,0.0,0
1964-09-26,278.0,133.0,0.0,0.0,0
1964-09-27,306.0,111.0,0.0,0.0,0
1964-09-28,306.0,78.0,0.0,0.0,0
1964-09-29,278.0,67.0,0.0,0.0,0
1964-09-30,322.0,67.0,0.0,0.0,0
1964-10-01,356.0,83.0,0.0,0.0,0
1964-10-02,378.0,94.0,0.0,0.0,0
1964-10-03,383.0,117.0,0.0,0.0,0
1964-10-04,378.0,128.0,0.0,0.0,0
1964-10-05,383.0,106.0,0.0,0.0,0
1964-10-06,367.0,161.0,0.0,0.0,0
1964-10-07,356.0,161.0,0.0,0.0,0
1964-10-08,339.0,161.0,0.0,0.0,0
1964-10-09,344.0,144.0,0.0,0.0,0
1964-10-10,333.0,144.0,0.0,0.0,0
1964-10-11,339.0,167.0,0.0,0.0,0
1964-10-12,344.0,106.0,0.0,0.0,0
1964-10-13,294.0,78.0,0.0,0.0,0
1964-10-14,300.0,106.0,0.0,0.0,0
1964-10-15,244.0,89.0,10.0,0.0,0
1964-10-16,261.0,117.0,0.0,0.0,0
1964-10-17,261.0,128.0,0.0,0.0,0
1964-10-18,311.0,128.0,0.0,0.0,0
1964-10-19,328.0,78.0,0.0,0.0,0
1964-10-20,328.0,122.0,0.0,0.0,0
1964-10-21,328.0,111.0,0.0,0.0,0
1964-10-22,294.0,111.0,0.0,0.0,0
1964-10-23,239.0,128.0,0.0,0.0,0
1964-10-24,233.0,128.0,0.0,0.0,0
1964-10-25,211.0,122.0,0.0,0.0,0
1964-10-26,222.0,100.0,0.0,0.0,0
1964-10-27,283.0,56.0,0.0,0.0,0
1964-10-28,272.0,111.0,0.0,0.0,0
1964-10-29,250.0,128.0,25.0,0.0,0
1964-10-30,239.0,44.0,0.0,0.0,0
1964-10-31,278.0,39.0,0.0,0.0,0
1964-11-01,233.0,56.0,0.0,0.0,0
1964-11-02,228.0,50.0,0.0,0.0,0
1964-11-03,261.0,22.0,0.0,0.0,0
1964-11-04,283.0,39.0,0.0,0.0,0
1964-11-05,289.0,39.0,0.0,0.0,0
1964-11-06,278.0,94.0,0.0,0.0,0
1964-11-07,244.0,33.0,0.0,0.0,0
1964-11-08,194.0,39.0,0.0,0.0,0
1964-11-09,183.0,67.0,30.0,0.0,0
1964-11-10,139.0,61.0,30.0,0.0,0
1964-11-11,144.0,33.0,0.0,0.0,0
1964-11-12,150.0,83.0,3.0,0.0,0
1964-11-13,144.0,67.0,0.0,0.0,0
1964-11-14,122.0,-33.0,0.0,0.0,0
1964-11-15,111.0,-44.0,0.0,0.0,0
1964-11-16,117.0,-22.0,0.0,0.0,0
1964-11-17,94.0,44.0,241.0,0.0,0
1964-11-18,117.0,11.0,46.0,0.0,0
1964-11-19,156.0,-11.0,0.0,0.0,0
1964-11-20,172.0,-11.0,0.0,0.0,0
1964-11-21,211.0,-17.0,0.0,0.0,0
1964-11-22,217.0,-17.0,0.0,0.0,0
1964-11-23,228.0,0.0,0.0,0.0,0
1964-11-24,228.0,28.0,0.0,0.0,0
1964-11-25,233.0,33.0,0.0,0.0,0
1964-11-26,194.0,56.0,0.0,0.0,0
1964-11-27,161.0,50.0,0.0,0.0,0
1964-11-28,200.0,11.0,0.0,0.0,0
1964-11-29,283.0,61.0,0.0,0.0,0
1964-11-30,278.0,61.0,0.0,0.0,0
1964-12-01,239.0,50.0,0.0,0.0,0
1964-12-02,156.0,89.0,0.0,0.0,0
1964-12-03,156.0,39.0,0.0,0.0,0
1964-12-04,194.0,11.0,0.0,0.0,0
1964-12-05,189.0,0.0,0.0,0.0,0
1964-12-06,200.0,44.0,0.0,0.0,0
1964-12-07,167.0,67.0,0.0,0.0,0
1964-12-08,211.0,17.0,0.0,0.0,0
1964-12-09,217.0,0.0,0.0,0.0,0
1964-12-10,228.0,-6.0,0.0,0.0,0
1964-12-11,161.0,0.0,0.0,0.0,0
1964-12-12,194.0,39.0,0.0,0.0,0
1964-12-13,189.0,89.0,0.0,0.0,0
1964-12-14,217.0,-44.0,0.0,0.0,0
1964-12-15,222.0,-22.0,0.0,0.0,0
1964-12-16,172.0,-22.0,0.0,0.0,0
1964-12-17,156.0,22.0,0.0,0.0,0
1964-12-18,128.0,6.0,0.0,0.0,0
1964-12-19,139.0,39.0,0.0,0.0,0
1964-12-20,161.0,72.0,0.0,0.0,0
1964-12-21,200.0,22.0,0.0,0.0,0
1964-12-22,183.0,83.0,0.0,0.0,0
1964-12-23,156.0,72.0,0.0,0.0,0
1964-12-24,167.0,100.0,0.0,0.0,0
1964-12-25,211.0,94.0,0.0,0.0,0
1964-12-26,161.0,78.0,0.0,0.0,0
1964-12-27,144.0,83.0,0.0,0.0,0
1964-12-28,122.0,61.0,0.0,0.0,0
1964-12-29,100.0,-11.0,0.0,0.0,0
1964-12-30,122.0,-22.0,0.0,0.0,0
1964-12-31,94.0,-6.0,0.0,0.0,0
1965-01-01,117.0,-22.0,0.0,0.0,0
1965-01-02,122.0,-39.0,0.0,0.0,0
1965-01-03,144.0,-22.0,0.0,0.0,0
1965-01-04,167.0,-33.0,0.0,0.0,0
1965-01-05,172.0,-22.0,0.0,0.0,0
1965-01-06,183.0,-6.0,0.0,0.0,0
1965-01-07,156.0,6.0,0.0,0.0,0
1965-01-08,139.0,-44.0,0.0,0.0,0
1965-01-09,167.0,-22.0,0.0,0.0,0
1965-01-10,222.0,17.0,0.0,0.0,0
1965-01-11,194.0,0.0,0.0,0.0,0
1965-01-12,200.0,-17.0,0.0,0.0,0
1965-01-13,217.0,17.0,0.0,0.0,0
1965-01-14,233.0,17.0,0.0,0.0,0
1965-01-15,172.0,44.0,0.0,0.0,0
1965-01-16,244.0,56.0,0.0,0.0,0
1965-01-17,278.0,44.0,0.0,0.0,0
1965-01-18,261.0,67.0,0.0,0.0,0
1965-01-19,244.0,50.0,0.0,0.0,0
1965-01-20,206.0,83.0,0.0,0.0,0
1965-01-21,139.0,94.0,0.0,0.0,0
1965-01-22,156.0,72.0,0.0,0.0,0
1965-01-23,183.0,44.0,0.0,0.0,0
1965-01-24,150.0,94.0,30.0,0.0,0
1965-01-25,133.0,-17.0,0.0,0.0,0
1965-01-26,183.0,-28.0,0.0,0.0,0
1965-01-27,178.0,-17.0,0.0,0.0,0
1965-01-28,239.0,-6.0,0.0,0.0,0
1965-01-29,244.0,6.0,0.0,0.0,0
1965-01-30,278.0,39.0,0.0,0.0,0
1965-01-31,244.0,33.0,0.0,0.0,0
1965-02-01,217.0,11.0,0.0,0.0,0
1965-02-02,233.0,6.0,0.0,0.0,0
1965-02-03,244.0,33.0,0.0,0.0,0
1965-02-04,228.0,39.0,0.0,0.0,0
1965-02-05,194.0,39.0,0.0,0.0,0
1965-02-06,167.0,28.0,0.0,0.0,0
1965-02-07,144.0,50.0,0.0,0.0,0
1965-02-08,178.0,-17.0,0.0,0.0,0
1965-02-09,156.0,-6.0,0.0,0.0,0
1965-02-10,156.0,-17.0,0.0,0.0,0
1965-02-11,128.0,-28.0,0.0,0.0,0
1965-02-12,161.0,-50.0,0.0,0.0,0
1965-02-13,189.0,-28.0,0.0,0.0,0
1965-02-14,167.0,-11.0,0.0,0.0,0
1965-02-15,172.0,-17.0,0.0,0.0,0
1965-02-16,194.0,-17.0,0.0,0.0,0
1965-02-17,233.0,-11.0,0.0,0.0,0
1965-02-18,256.0,22.0,0.0,0.0,0
1965-02-19,278.0,17.0,0.0,0.0,0
1965-02-20,272.0,28.0,0.0,0.0,0
1965-02-21,294.0,33.0,0.0,0.0,0
1965-02-22,261.0,17.0,0.0,0.0,0
1965-02-23,194.0,56.0,0.0,0.0,0
1965-02-24,228.0,0.0,0.0,0.0,0
1965-02-25,267.0,0.0,0.0,0.0,0
1965-02-26,267.0,39.0,0.0,0.0,0
1965-02-27,217.0,39.0,0.0,0.0,0
1965-02-28,222.0,89.0,0.0,0.0,0
1965-03-01,233.0,11.0,0.0,0.0,0
1965-03-02,211.0,78.0,0.0,0.0,0
1965-03-03,206.0,0.0,0.0,0.0,0
1965-03-04,217.0,28.0,0.0,0.0,0
1965-03-05,200.0,0.0,0.0,0.0,0
1965-03-06,200.0,11.0,0.0,0.0,0
1965-03-07,156.0,50.0,84.0,0.0,0
1965-03-08,178.0,50.0,0.0,0.0,0
1965-03-09,178.0,61.0,0.0,0.0,0
1965-03-10,167.0,50.0,0.0,0.0,0
1965-03-11,144.0,56.0,3.0,0.0,0
1965-03-12,128.0,67.0,46.0,0.0,0
1965-03-13,133.0,61.0,25.0,0.0,0
1965-03-14,200.0,50.0,25.0,0.0,0
1965-03-15,167.0,50.0,272.0,0.0,0
1965-03-16,150.0,44.0,0.0,0.0,0
1965-03-17,167.0,83.0,0.0,0.0,0
1965-03-18,183.0,72.0,0.0,0.0,0
1965-03-19,233.0,72.0,0.0,0.0,0
1965-03-20,256.0,50.0,0.0,0.0,0
1965-03-21,278.0,83.0,0.0,0.0,0
1965-03-22,228.0,117.0,0.0,0.0,0
1965-03-23,189.0,94.0,0.0,0.0,0
1965-03-24,139.0,61.0,0.0,0.0,0
1965-03-25,167.0,56.0,0.0,0.0,0
1965-03-26,172.0,44.0,0.0,0.0,0
1965-03-27,161.0,72.0,0.0,0.0,0
1965-03-28,183.0,78.0,0.0,0.0,0
1965-03-29,239.0,33.0,0.0,0.0,0
1965-03-30,256.0,50.0,0.0,0.0,0
1965-03-31,217.0,72.0,191.0,0.0,0
1965-04-01,128.0,56.0,272.0,0.0,0
1965-04-02,128.0,72.0,185.0,0.0,0
1965-04-03,139.0,72.0,183.0,0.0,0
1965-04-04,128.0,39.0,36.0,0.0,0
1965-04-05,150.0,83.0,5.0,0.0,0
1965-04-06,156.0,44.0,0.0,0.0,0
1965-04-07,156.0,72.0,15.0,0.0,0
1965-04-08,133.0,72.0,41.0,0.0,0
1965-04-09,117.0,39.0,191.0,0.0,0
1965-04-10,128.0,39.0,254.0,0.0,0
1965-04-11,117.0,39.0,5.0,0.0,0
1965-04-12,106.0,11.0,71.0,0.0,0
1965-04-13,150.0,44.0,28.0,0.0,0
1965-04-14,189.0,28.0,0.0,0.0,0
1965-04-15,222.0,39.0,0.0,0.0,0
1965-04-16,239.0,50.0,0.0,0.0,0
1965-04-17,256.0,72.0,0.0,0.0,0
1965-04-18,261.0,56.0,0.0,0.0,0
1965-04-19,300.0,94.0,0.0,0.0,0
1965-04-20,306.0,100.0,0.0,0.0,0
1965-04-21,294.0,94.0,0.0,0.0,0
1965-04-22,267.0,83.0,0.0,0.0,0
1965-04-23,283.0,72.0,0.0,0.0,0
1965-04-24,322.0,100.0,0.0,0.0,0
1965-04-25,322.0,94.0,0.0,0.0,0
1965-04-26,317.0,100.0,0.0,0.0,0
1965-04-27,328.0,106.0,0.0,0.0,0
1965-04-28,339.0,100.0,0.0,0.0,0
1965-04-29,350.0,122.0,0.0,0.0,0
1965-04-30,311.0,89.0,0.0,0.0,0
1965-05-01,272.0,89.0,0.0,0.0,0
1965-05-02,233.0,100.0,0.0,0.0,0
1965-05-03,178.0,44.0,0.0,0.0,0
1965-05-04,206.0,67.0,0.0,0.0,0
1965-05-05,211.0,67.0,0.0,0.0,0
1965-05-06,211.0,100.0,0.0,0.0,0
1965-05-07,200.0,72.0,0.0,0.0,0
1965-05-08,239.0,83.0,0.0,0.0,0
1965-05-09,261.0,61.0,0.0,0.0,0
1965-05-10,278.0,78.0,0.0,0.0,0
1965-05-11,289.0,44.0,0.0,0.0,0
1965-05-12,211.0,117.0,0.0,0.0,0
1965-05-13,217.0,100.0,0.0,0.0,0
1965-05-14,217.0,111.0,0.0,0.0,0
1965-05-15,317.0,133.0,0.0,0.0,0
1965-05-16,339.0,122.0,0.0,0.0,0
1965-05-17,317.0,100.0,0.0,0.0,0
1965-05-18,300.0,100.0,0.0,0.0,0
1965-05-19,289.0,94.0,0.0,0.0,0
1965-05-20,289.0,117.0,0.0,0.0,0
1965-05-21,267.0,89.0,0.0,0.0,0
1965-05-22,211.0,72.0,0.0,0.0,0
1965-05-23,172.0,100.0,0.0,0.0,0
1965-05-24,172.0,78.0,0.0,0.0,0
1965-05-25,244.0,100.0,0.0,0.0,0
1965-05-26,278.0,72.0,0.0,0.0,0
1965-05-27,339.0,106.0,0.0,0.0,0
1965-05-28,361.0,111.0,0.0,0.0,0
1965-05-29,344.0,139.0,0.0,0.0,0
1965-05-30,283.0,106.0,0.0,0.0,0
1965-05-31,233.0,78.0,5.0,0.0,0
1965-06-01,167.0,67.0,0.0,0.0,0
1965-06-02,228.0,111.0,0.0,0.0,0
1965-06-03,222.0,100.0,0.0,0.0,0
1965-06-04,244.0,106.0,0.0,0.0,0
1965-06-05,294.0,111.0,0.0,0.0,0
1965-06-06,283.0,122.0,0.0,0.0,0
1965-06-07,244.0,100.0,0.0,0.0,0
1965-06-08,222.0,72.0,0.0,0.0,0
1965-06-09,244.0,100.0,0.0,0.0,0
1965-06-10,289.0,94.0,0.0,0.0,0
1965-06-11,311.0,117.0,0.0,0.0,0
1965-06-12,272.0,117.0,0.0,0.0,0
1965-06-13,283.0,117.0,0.0,0.0,0
1965-06-14,239.0,117.0,0.0,0.0,0
1965-06-15,211.0,128.0,0.0,0.0,0
1965-06-16,172.0,100.0,0.0,0.0,0
1965-06-17,244.0,111.0,0.0,0.0,0
1965-06-18,278.0,89.0,0.0,0.0,0
1965-06-19,261.0,122.0,0.0,0.0,0
1965-06-20,272.0,133.0,0.0,0.0,0
1965-06-21,278.0,122.0,0.0,0.0,0
1965-06-22,233.0,128.0,0.0,0.0,0
1965-06-23,222.0,133.0,0.0,0.0,0
1965-06-24,244.0,128.0,0.0,0.0,0
1965-06-25,228.0,122.0,0.0,0.0,0
1965-06-26,222.0,72.0,0.0,0.0,0
1965-06-27,317.0,72.0,0.0,0.0,0
1965-06-28,344.0,72.0,0.0,0.0,0
1965-06-29,333.0,117.0,0.0,0.0,0
1965-06-30,333.0,117.0,0.0,0.0,0
1965-07-01,350.0,106.0,0.0,0.0,0
1965-07-02,367.0,122.0,0.0,0.0,0
1965-07-03,378.0,133.0,0.0,0.0,0
1965-07-04,389.0,139.0,0.0,0.0,0
1965-07-05,411.0,128.0,0.0,0.0,0
1965-07-06,378.0,150.0,0.0,0.0,0
1965-07-07,367.0,128.0,0.0,0.0,0
1965-07-08,333.0,94.0,0.0,0.0,0
1965-07-09,339.0,94.0,0.0,0.0,0
1965-07-10,344.0,94.0,0.0,0.0,0
1965-07-11,322.0,106.0,0.0,0.0,0
1965-07-12,317.0,106.0,0.0,0.0,0
1965-07-13,322.0,111.0,0.0,0.0,0
1965-07-14,333.0,144.0,0.0,0.0,0
1965-07-15,361.0,183.0,0.0,0.0,0
1965-07-16,361.0,200.0,0.0,0.0,0
1965-07-17,344.0,139.0,0.0,0.0,0
1965-07-18,339.0,122.0,0.0,0.0,0
1965-07-19,339.0,133.0,0.0,0.0,0
1965-07-20,322.0,111.0,0.0,0.0,0
1965-07-21,344.0,139.0,0.0,0.0,0
1965-07-22,328.0,133.0,0.0,0.0,0
1965-07-23,344.0,139.0,0.0,0.0,0
1965-07-24,333.0,133.0,0.0,0.0,0
1965-07-25,283.0,122.0,0.0,0.0,0
1965-07-26,289.0,133.0,0.0,0.0,0
1965-07-27,344.0,106.0,0.0,0.0,0
1965-07-28,394.0,100.0,0.0,0.0,0
1965-07-29,350.0,206.0,0.0,0.0,0
1965-07-30,350.0,167.0,0.0,0.0,0
1965-07-31,356.0,156.0,0.0,0.0,0
1965-08-01,378.0,150.0,0.0,0.0,0
1965-08-02,378.0,139.0,0.0,0.0,0
1965-08-03,361.0,139.0,0.0,0.0,0
1965-08-04,361.0,122.0,0.0,0.0,0
1965-08-05,367.0,144.0,0.0,0.0,0
1965-08-06,417.0,161.0,0.0,0.0,0
1965-08-07,411.0,172.0,0.0,0.0,0
1965-08-08,406.0,217.0,0.0,0.0,0
1965-08-09,406.0,189.0,0.0,0.0,0
1965-08-10,422.0,189.0,0.0,0.0,0
1965-08-11,372.0,217.0,0.0,0.0,0
1965-08-12,356.0,194.0,0.0,0.0,0
1965-08-13,378.0,200.0,46.0,0.0,0
1965-08-14,367.0,206.0,0.0,0.0,0
1965-08-15,350.0,194.0,0.0,0.0,0
1965-08-16,344.0,217.0,0.0,0.0,0
1965-08-17,339.0,217.0,0.0,0.0,0
1965-08-18,289.0,144.0,0.0,0.0,0
1965-08-19,328.0,167.0,0.0,0.0,0
1965-08-20,350.0,144.0,0.0,0.0,0
1965-08-21,333.0,128.0,0.0,0.0,0
1965-08-22,317.0,111.0,0.0,0.0,0
1965-08-23,311.0,133.0,0.0,0.0,0
1965-08-24,328.0,117.0,0.0,0.0,0
1965-08-25,372.0,122.0,0.0,0.0,0
1965-08-26,394.0,133.0,0.0,0.0,0
1965-08-27,394.0,139.0,0.0,0.0,0
1965-08-28,372.0,106.0,0.0,0.0,0
1965-08-29,367.0,100.0,0.0,0.0,0
1965-08-30,344.0,128.0,0.0,0.0,0
1965-08-31,339.0,94.0,0.0,0.0,0
1965-09-01,328.0,100.0,0.0,0.0,0
1965-09-02,333.0,106.0,0.0,0.0,0
1965-09-03,317.0,100.0,0.0,0.0,0
1965-09-04,317.0,117.0,0.0,0.0,0
1965-09-05,283.0,161.0,0.0,0.0,0
1965-09-06,256.0,150.0,0.0,0.0,0
1965-09-07,239.0,133.0,0.0,0.0,0
1965-09-08,294.0,56.0,0.0,0.0,0
1965-09-09,333.0,89.0,0.0,0.0,0
1965-09-10,339.0,94.0,0.0,0.0,0
1965-09-11,322.0,89.0,0.0,0.0,0
1965-09-12,350.0,72.0,0.0,0.0,0
1965-09-13,361.0,94.0,0.0,0.0,0
1965-09-14,361.0,94.0,0.0,0.0,0
1965-09-15,350.0,117.0,0.0,0.0,0
1965-09-16,317.0,117.0,8.0,0.0,0
1965-09-17,211.0,122.0,0.0,0.0,0
1965-09-18,200.0,122.0,0.0,0.0,0
1965-09-19,222.0,94.0,20.0,0.0,0
1965-09-20,283.0,89.0,0.0,0.0,0
1965-09-21,317.0,67.0,0.0,0.0,0
1965-09-22,339.0,89.0,0.0,0.0,0
1965-09-23,344.0,111.0,0.0,0.0,0
1965-09-24,344.0,94.0,0.0,0.0,0
1965-09-25,311.0,106.0,0.0,0.0,0
1965-09-26,283.0,111.0,0.0,0.0,0
1965-09-27,239.0,122.0,0.0,0.0,0
1965-09-28,233.0,122.0,0.0,0.0,0
1965-09-29,283.0,72.0,0.0,0.0,0
1965-09-30,317.0,72.0,0.0,0.0,0
1965-10-01,361.0,72.0,0.0,0.0,0
1965-10-02,372.0,67.0,0.0,0.0,0
1965-10-03,372.0,100.0,0.0,0.0,0
1965-10-04,339.0,94.0,0.0,0.0,0
1965-10-05,333.0,94.0,0.0,0.0,0
1965-10-06,372.0,78.0,0.0,0.0,0
1965-10-07,344.0,83.0,0.0,0.0,0
1965-10-08,294.0,94.0,0.0,0.0,0
1965-10-09,267.0,94.0,0.0,0.0,0
1965-10-10,217.0,89.0,0.0,0.0,0
1965-10-11,339.0,72.0,0.0,0.0,0
1965-10-12,356.0,100.0,0.0,0.0,0
1965-10-13,294.0,117.0,0.0,0.0,0
1965-10-14,256.0,122.0,0.0,0.0,0
1965-10-15,206.0,106.0,0.0,0.0,0
1965-10-16,211.0,44.0,0.0,0.0,0
1965-10-17,239.0,22.0,0.0,0.0,0
1965-10-18,256.0,50.0,0.0,0.0,0
1965-10-19,317.0,56.0,0.0,0.0,0
1965-10-20,333.0,67.0,0.0,0.0,0
1965-10-21,333.0,172.0,0.0,0.0,0
1965-10-22,344.0,111.0,0.0,0.0,0
1965-10-23,356.0,89.0,0.0,0.0,0
1965-10-24,356.0,67.0,0.0,0.0,0
1965-10-25,361.0,78.0,0.0,0.0,0
1965-10-26,367.0,83.0,0.0,0.0,0
1965-10-27,361.0,83.0,0.0,0.0,0
1965-10-28,344.0,89.0,0.0,0.0,0
1965-10-29,344.0,89.0,0.0,0.0,0
1965-10-30,344.0,78.0,0.0,0.0,0
1965-10-31,306.0,67.0,0.0,0.0,0
1965-11-01,317.0,56.0,0.0,0.0,0
1965-11-02,272.0,61.0,0.0,0.0,0
1965-11-03,294.0,44.0,0.0,0.0,0
1965-11-04,306.0,61.0,0.0,0.0,0
1965-11-05,300.0,56.0,0.0,0.0,0
1965-11-06,278.0,67.0,0.0,0.0,0
1965-11-07,228.0,56.0,0.0,0.0,0
1965-11-08,233.0,78.0,0.0,0.0,0
1965-11-09,228.0,67.0,0.0,0.0,0
1965-11-10,200.0,100.0,0.0,0.0,0
1965-11-11,222.0,17.0,0.0,0.0,0
1965-11-12,200.0,50.0,0.0,0.0,0
1965-11-13,211.0,44.0,,0.0,0
1965-11-14,172.0,56.0,,0.0,0
1965-11-15,156.0,100.0,213.0,0.0,0
1965-11-16,156.0,100.0,196.0,0.0,0
1965-11-17,161.0,117.0,290.0,0.0,0
1965-11-18,194.0,122.0,53.0,0.0,0
1965-11-19,183.0,100.0,0.0,0.0,0
1965-11-20,161.0,78.0,0.0,0.0,0
1965-11-21,178.0,111.0,0.0,0.0,0
1965-11-22,172.0,94.0,572.0,0.0,0
1965-11-23,189.0,89.0,269.0,0.0,0
1965-11-24,172.0,111.0,13.0,0.0,0
1965-11-25,133.0,89.0,150.0,0.0,0
1965-11-26,167.0,6.0,0.0,0.0,0
1965-11-27,183.0,6.0,0.0,0.0,0
1965-11-28,183.0,67.0,0.0,0.0,0
1965-11-29,194.0,6.0,0.0,0.0,0
1965-11-30,189.0,6.0,0.0,0.0,0
1965-12-01,206.0,11.0,0.0,0.0,0
1965-12-02,233.0,11.0,0.0,0.0,0
1965-12-03,261.0,44.0,0.0,0.0,0
1965-12-04,267.0,61.0,0.0,0.0,0
1965-12-05,267.0,44.0,0.0,0.0,0
1965-12-06,278.0,44.0,0.0,0.0,0
1965-12-07,250.0,61.0,0.0,0.0,0
1965-12-08,228.0,72.0,0.0,0.0,0
1965-12-09,178.0,78.0,64.0,0.0,0
1965-12-10,144.0,89.0,102.0,0.0,0
1965-12-11,156.0,78.0,28.0,0.0,0
1965-12-12,133.0,56.0,18.0,0.0,0
1965-12-13,128.0,33.0,13.0,0.0,0
1965-12-14,111.0,11.0,124.0,0.0,0
1965-12-15,117.0,-11.0,15.0,0.0,0
1965-12-16,89.0,39.0,109.0,0.0,0
1965-12-17,139.0,28.0,8.0,0.0,0
1965-12-18,139.0,-22.0,0.0,0.0,0
1965-12-19,172.0,-22.0,0.0,0.0,0
1965-12-20,222.0,-11.0,0.0,0.0,0
1965-12-21,161.0,11.0,0.0,0.0,0
1965-12-22,122.0,28.0,25.0,0.0,0
1965-12-23,150.0,-11.0,30.0,0.0,0
1965-12-24,156.0,-22.0,0.0,0.0,0
1965-12-25,133.0,-11.0,0.0,0.0,0
1965-12-26,156.0,-11.0,0.0,0.0,0
1965-12-27,189.0,11.0,0.0,0.0,0
1965-12-28,150.0,17.0,0.0,0.0,0
1965-12-29,133.0,22.0,20.0,0.0,0
1965-12-30,111.0,22.0,191.0,0.0,0
1965-12-31,106.0,17.0,13.0,0.0,0
1966-01-01,122.0,6.0,30.0,0.0,0
1966-01-02,144.0,-11.0,0.0,0.0,0
1966-01-03,161.0,-17.0,0.0,0.0,0
1966-01-04,156.0,-17.0,0.0,0.0,0
1966-01-05,172.0,-17.0,0.0,0.0,0
1966-01-06,222.0,6.0,0.0,0.0,0
1966-01-07,256.0,11.0,0.0,0.0,0
1966-01-08,228.0,72.0,0.0,0.0,0
1966-01-09,222.0,11.0,0.0,0.0,0
1966-01-10,222.0,17.0,0.0,0.0,0
1966-01-11,211.0,28.0,0.0,0.0,0
1966-01-12,211.0,39.0,0.0,0.0,0
1966-01-13,211.0,11.0,0.0,0.0,0
1966-01-14,228.0,11.0,0.0,0.0,0
1966-01-15,217.0,6.0,0.0,0.0,0
1966-01-16,156.0,33.0,0.0,0.0,0
1966-01-17,128.0,67.0,0.0,0.0,0
1966-01-18,161.0,0.0,0.0,0.0,0
1966-01-19,139.0,11.0,0.0,0.0,0
1966-01-20,128.0,-6.0,0.0,0.0,0
1966-01-21,144.0,-44.0,0.0,0.0,0
1966-01-22,194.0,-44.0,0.0,0.0,0
1966-01-23,128.0,-11.0,0.0,0.0,0
1966-01-24,144.0,-39.0,0.0,0.0,0
1966-01-25,183.0,-39.0,0.0,0.0,0
1966-01-26,167.0,-22.0,0.0,0.0,0
1966-01-27,156.0,39.0,0.0,0.0,0
1966-01-28,183.0,-22.0,0.0,0.0,0
1966-01-29,183.0,-22.0,0.0,0.0,0
1966-01-30,128.0,22.0,0.0,0.0,0
1966-01-31,128.0,6.0,0.0,0.0,0
1966-02-01,111.0,17.0,0.0,0.0,0
1966-02-02,167.0,22.0,0.0,0.0,0
1966-02-03,211.0,-6.0,0.0,0.0,0
1966-02-04,194.0,39.0,0.0,0.0,0
1966-02-05,183.0,6.0,0.0,0.0,0
1966-02-06,156.0,89.0,3.0,0.0,0
1966-02-07,128.0,44.0,191.0,0.0,0
1966-02-08,128.0,17.0,48.0,0.0,0
1966-02-09,128.0,-11.0,0.0,0.0,0
1966-02-10,128.0,-6.0,0.0,0.0,0
1966-02-11,156.0,39.0,0.0,0.0,0
1966-02-12,161.0,-17.0,0.0,0.0,0
1966-02-13,161.0,28.0,0.0,0.0,0
1966-02-14,183.0,-17.0,0.0,0.0,0
1966-02-15,172.0,0.0,0.0,0.0,0
1966-02-16,183.0,39.0,0.0,0.0,0
1966-02-17,211.0,-17.0,0.0,0.0,0
1966-02-18,211.0,0.0,0.0,0.0,0
1966-02-19,217.0,-33.0,0.0,0.0,0
1966-02-20,222.0,-6.0,0.0,0.0,0
1966-02-21,233.0,33.0,0.0,0.0,0
1966-02-22,228.0,33.0,0.0,0.0,0
1966-02-23,211.0,17.0,0.0,0.0,0
1966-02-24,183.0,72.0,0.0,0.0,0
1966-02-25,156.0,22.0,0.0,0.0,0
1966-02-26,156.0,44.0,0.0,0.0,0
1966-02-27,183.0,-6.0,0.0,0.0,0
1966-02-28,217.0,0.0,0.0,0.0,0
1966-03-01,161.0,39.0,0.0,0.0,0
1966-03-02,111.0,33.0,23.0,0.0,0
1966-03-03,139.0,-44.0,0.0,0.0,0
1966-03-04,167.0,-33.0,0.0,0.0,0
1966-03-05,200.0,44.0,0.0,0.0,0
1966-03-06,261.0,33.0,0.0,0.0,0
1966-03-07,239.0,33.0,0.0,0.0,0
1966-03-08,233.0,33.0,0.0,0.0,0
1966-03-09,239.0,28.0,0.0,0.0,0
1966-03-10,233.0,22.0,0.0,0.0,0
1966-03-11,256.0,28.0,0.0,0.0,0
1966-03-12,294.0,50.0,0.0,0.0,0
1966-03-13,256.0,89.0,0.0,0.0,0
1966-03-14,222.0,67.0,0.0,0.0,0
1966-03-15,239.0,39.0,0.0,0.0,0
1966-03-16,194.0,94.0,0.0,0.0,0
1966-03-17,261.0,39.0,0.0,0.0,0
1966-03-18,278.0,39.0,0.0,0.0,0
1966-03-19,261.0,39.0,0.0,0.0,0
1966-03-20,250.0,61.0,0.0,0.0,0
1966-03-21,211.0,28.0,0.0,0.0,0
1966-03-22,233.0,28.0,0.0,0.0,0
1966-03-23,211.0,83.0,0.0,0.0,0
1966-03-24,206.0,89.0,8.0,0.0,0
1966-03-25,178.0,67.0,0.0,0.0,0
1966-03-26,183.0,67.0,0.0,0.0,0
1966-03-27,167.0,100.0,0.0,0.0,0
1966-03-28,217.0,72.0,0.0,0.0,0
1966-03-29,278.0,78.0,0.0,0.0,0
1966-03-30,328.0,72.0,0.0,0.0,0
1966-03-31,350.0,72.0,0.0,0.0,0
1966-04-01,350.0,72.0,0.0,0.0,0
1966-04-02,300.0,72.0,0.0,0.0,0
1966-04-03,239.0,106.0,0.0,0.0,0
1966-04-04,294.0,89.0,0.0,0.0,0
1966-04-05,306.0,44.0,0.0,0.0,0
1966-04-06,294.0,44.0,0.0,0.0,0
1966-04-07,256.0,56.0,0.0,0.0,0
1966-04-08,250.0,83.0,0.0,0.0,0
1966-04-09,217.0,83.0,0.0,0.0,0
1966-04-10,211.0,78.0,0.0,0.0,0
1966-04-11,222.0,78.0,0.0,0.0,0
1966-04-12,211.0,78.0,0.0,0.0,0
1966-04-13,289.0,61.0,0.0,0.0,0
1966-04-14,311.0,50.0,0.0,0.0,0
1966-04-15,339.0,83.0,0.0,0.0,0
1966-04-16,322.0,78.0,0.0,0.0,0
1966-04-17,233.0,67.0,0.0,0.0,0
1966-04-18,183.0,89.0,0.0,0.0,0
1966-04-19,178.0,67.0,0.0,0.0,0
1966-04-20,239.0,28.0,0.0,0.0,0
1966-04-21,233.0,33.0,0.0,0.0,0
1966-04-22,256.0,50.0,0.0,0.0,0
1966-04-23,289.0,44.0,0.0,0.0,0
1966-04-24,317.0,56.0,0.0,0.0,0
1966-04-25,306.0,67.0,0.0,0.0,0
1966-04-26,278.0,67.0,0.0,0.0,0
1966-04-27,261.0,72.0,0.0,0.0,0
1966-04-28,256.0,106.0,0.0,0.0,0
1966-04-29,228.0,106.0,0.0,0.0,0
1966-04-30,278.0,61.0,0.0,0.0,0
1966-05-01,356.0,61.0,0.0,0.0,0
1966-05-02,383.0,78.0,0.0,0.0,0
1966-05-03,350.0,100.0,0.0,0.0,0
1966-05-04,289.0,100.0,0.0,0.0,0
1966-05-05,278.0,89.0,0.0,0.0,0
1966-05-06,300.0,78.0,0.0,0.0,0
1966-05-07,311.0,56.0,0.0,0.0,0
1966-05-08,200.0,61.0,0.0,0.0,0
1966-05-09,161.0,106.0,0.0,0.0,0
1966-05-10,156.0,100.0,0.0,0.0,0
1966-05-11,172.0,111.0,0.0,0.0,0
1966-05-12,272.0,106.0,0.0,0.0,0
1966-05-13,272.0,67.0,0.0,0.0,0
1966-05-14,267.0,50.0,0.0,0.0,0
1966-05-15,244.0,94.0,0.0,0.0,0
1966-05-16,272.0,111.0,0.0,0.0,0
1966-05-17,317.0,78.0,0.0,0.0,0
1966-05-18,333.0,72.0,0.0,0.0,0
1966-05-19,344.0,72.0,0.0,0.0,0
1966-05-20,306.0,72.0,0.0,0.0,0
1966-05-21,294.0,122.0,0.0,0.0,0
1966-05-22,256.0,106.0,0.0,0.0,0
1966-05-23,267.0,122.0,0.0,0.0,0
1966-05-24,289.0,78.0,0.0,0.0,0
1966-05-25,278.0,100.0,0.0,0.0,0
1966-05-26,278.0,106.0,0.0,0.0,0
1966-05-27,239.0,111.0,0.0,0.0,0
1966-05-28,261.0,106.0,0.0,0.0,0
1966-05-29,256.0,106.0,0.0,0.0,0
1966-05-30,256.0,111.0,0.0,0.0,0
1966-05-31,250.0,56.0,0.0,0.0,0
1966-06-01,272.0,56.0,0.0,0.0,0
1966-06-02,261.0,56.0,0.0,0.0,0
1966-06-03,278.0,67.0,0.0,0.0,0
1966-06-04,306.0,67.0,0.0,0.0,0
1966-06-05,317.0,67.0,0.0,0.0,0
1966-06-06,344.0,111.0,0.0,0.0,0
1966-06-07,256.0,122.0,0.0,0.0,0
1966-06-08,222.0,122.0,0.0,0.0,0
1966-06-09,222.0,111.0,0.0,0.0,0
1966-06-10,306.0,128.0,0.0,0.0,0
1966-06-11,339.0,111.0,0.0,0.0,0
1966-06-12,356.0,100.0,0.0,0.0,0
1966-06-13,400.0,111.0,0.0,0.0,0
1966-06-14,417.0,144.0,0.0,0.0,0
1966-06-15,350.0,139.0,0.0,0.0,0
1966-06-16,300.0,133.0,0.0,0.0,0
1966-06-17,328.0,117.0,0.0,0.0,0
1966-06-18,356.0,78.0,0.0,0.0,0
1966-06-19,350.0,122.0,0.0,0.0,0
1966-06-20,350.0,133.0,0.0,0.0,0
1966-06-21,356.0,128.0,0.0,0.0,0
1966-06-22,311.0,133.0,0.0,0.0,0
1966-06-23,300.0,94.0,0.0,0.0,0
1966-06-24,322.0,117.0,0.0,0.0,0
1966-06-25,311.0,106.0,0.0,0.0,0
1966-06-26,322.0,133.0,0.0,0.0,0
1966-06-27,378.0,122.0,0.0,0.0,0
1966-06-28,378.0,139.0,0.0,0.0,0
1966-06-29,367.0,150.0,0.0,0.0,0
1966-06-30,344.0,122.0,0.0,0.0,0
1966-07-01,328.0,100.0,0.0,0.0,0
1966-07-02,322.0,106.0,0.0,0.0,0
1966-07-03,356.0,122.0,0.0,0.0,0
1966-07-04,344.0,117.0,0.0,0.0,0
1966-07-05,378.0,106.0,0.0,0.0,0
1966-07-06,378.0,150.0,0.0,0.0,0
1966-07-07,367.0,128.0,0.0,0.0,0
1966-07-08,356.0,150.0,0.0,0.0,0
1966-07-09,322.0,156.0,0.0,0.0,0
1966-07-10,356.0,133.0,0.0,0.0,0
1966-07-11,356.0,111.0,0.0,0.0,0
1966-07-12,356.0,111.0,0.0,0.0,0
1966-07-13,328.0,89.0,0.0,0.0,0
1966-07-14,356.0,100.0,0.0,0.0,0
1966-07-15,367.0,106.0,0.0,0.0,0
1966-07-16,383.0,133.0,0.0,0.0,0
1966-07-17,383.0,133.0,0.0,0.0,0
1966-07-18,389.0,139.0,0.0,0.0,0
1966-07-19,361.0,128.0,0.0,0.0,0
1966-07-20,344.0,117.0,0.0,0.0,0
1966-07-21,367.0,139.0,0.0,0.0,0
1966-07-22,389.0,178.0,0.0,0.0,0
1966-07-23,383.0,178.0,0.0,0.0,0
1966-07-24,400.0,183.0,0.0,0.0,0
1966-07-25,389.0,156.0,0.0,0.0,0
1966-07-26,361.0,172.0,0.0,0.0,0
1966-07-27,361.0,156.0,0.0,0.0,0
1966-07-28,328.0,156.0,0.0,0.0,0
1966-07-29,300.0,156.0,0.0,0.0,0
1966-07-30,356.0,161.0,0.0,0.0,0
1966-07-31,356.0,161.0,0.0,0.0,0
1966-08-01,383.0,172.0,0.0,0.0,0
1966-08-02,383.0,189.0,0.0,0.0,0
1966-08-03,383.0,194.0,0.0,0.0,0
1966-08-04,383.0,178.0,0.0,0.0,0
1966-08-05,394.0,172.0,0.0,0.0,0
1966-08-06,367.0,144.0,0.0,0.0,0
1966-08-07,372.0,172.0,0.0,0.0,0
1966-08-08,378.0,161.0,0.0,0.0,0
1966-08-09,383.0,156.0,0.0,0.0,0
1966-08-10,350.0,139.0,0.0,0.0,0
1966-08-11,350.0,150.0,0.0,0.0,0
1966-08-12,350.0,139.0,0.0,0.0,0
1966-08-13,378.0,150.0,0.0,0.0,0
1966-08-14,383.0,139.0,0.0,0.0,0
1966-08-15,389.0,178.0,0.0,0.0,0
1966-08-16,394.0,194.0,0.0,0.0,0
1966-08-17,394.0,183.0,0.0,0.0,0
1966-08-18,383.0,178.0,0.0,0.0,0
1966-08-19,361.0,161.0,0.0,0.0,0
1966-08-20,350.0,133.0,0.0,0.0,0
1966-08-21,339.0,128.0,0.0,0.0,0
1966-08-22,339.0,117.0,0.0,0.0,0
1966-08-23,367.0,111.0,0.0,0.0,0
1966-08-24,394.0,189.0,0.0,0.0,0
1966-08-25,378.0,144.0,0.0,0.0,0
1966-08-26,367.0,133.0,0.0,0.0,0
1966-08-27,350.0,117.0,0.0,0.0,0
1966-08-28,339.0,106.0,0.0,0.0,0
1966-08-29,322.0,139.0,0.0,0.0,0
1966-08-30,311.0,122.0,0.0,0.0,0
1966-08-31,272.0,94.0,0.0,0.0,0
1966-09-01,283.0,144.0,0.0,0.0,0
1966-09-02,306.0,111.0,0.0,0.0,0
1966-09-03,372.0,117.0,0.0,0.0,0
1966-09-04,361.0,61.0,0.0,0.0,0
1966-09-05,372.0,139.0,0.0,0.0,0
1966-09-06,311.0,122.0,0.0,0.0,0
1966-09-07,328.0,106.0,0.0,0.0,0
1966-09-08,378.0,94.0,0.0,0.0,0
1966-09-09,367.0,156.0,0.0,0.0,0
1966-09-10,367.0,122.0,0.0,0.0,0
1966-09-11,300.0,56.0,0.0,0.0,0
1966-09-12,317.0,100.0,0.0,0.0,0
1966-09-13,317.0,61.0,0.0,0.0,0
1966-09-14,339.0,50.0,0.0,0.0,0
1966-09-15,350.0,106.0,0.0,0.0,0
1966-09-16,383.0,117.0,0.0,0.0,0
1966-09-17,344.0,161.0,0.0,0.0,0
1966-09-18,311.0,167.0,0.0,0.0,0
1966-09-19,239.0,133.0,0.0,0.0,0
1966-09-20,311.0,61.0,0.0,0.0,0
1966-09-21,361.0,167.0,0.0,0.0,0
1966-09-22,378.0,139.0,0.0,0.0,0
1966-09-23,394.0,156.0,0.0,0.0,0
1966-09-24,372.0,144.0,0.0,0.0,0
1966-09-25,356.0,222.0,0.0,0.0,0
1966-09-26,300.0,94.0,0.0,0.0,0
1966-09-27,278.0,122.0,0.0,0.0,0
1966-09-28,306.0,122.0,0.0,0.0,0
1966-09-29,283.0,167.0,0.0,0.0,0
1966-09-30,267.0,144.0,0.0,0.0,0
1966-10-01,278.0,100.0,0.0,0.0,0
1966-10-02,239.0,133.0,0.0,0.0,0
1966-10-03,239.0,117.0,0.0,0.0,0
1966-10-04,244.0,117.0,0.0,0.0,0
1966-10-05,300.0,106.0,0.0,0.0,0
1966-10-06,289.0,83.0,0.0,0.0,0
1966-10-07,261.0,128.0,0.0,0.0,0
1966-10-08,339.0,94.0,0.0,0.0,0
1966-10-09,356.0,100.0,0.0,0.0,0
1966-10-10,306.0,139.0,81.0,0.0,0
1966-10-11,206.0,139.0,0.0,0.0,0
1966-10-12,239.0,150.0,0.0,0.0,0
1966-10-13,239.0,111.0,0.0,0.0,0
1966-10-14,233.0,111.0,0.0,0.0,0
1966-10-15,261.0,22.0,0.0,0.0,0
1966-10-16,256.0,-17.0,0.0,0.0,0
1966-10-17,289.0,6.0,0.0,0.0,0
1966-10-18,333.0,0.0,0.0,0.0,0
1966-10-19,350.0,44.0,0.0,0.0,0
1966-10-20,300.0,61.0,0.0,0.0,0
1966-10-21,261.0,50.0,0.0,0.0,0
1966-10-22,294.0,17.0,0.0,0.0,0
1966-10-23,339.0,50.0,0.0,0.0,0
1966-10-24,333.0,78.0,0.0,0.0,0
1966-10-25,339.0,67.0,0.0,0.0,0
1966-10-26,317.0,67.0,0.0,0.0,0
1966-10-27,272.0,61.0,0.0,0.0,0
1966-10-28,278.0,72.0,0.0,0.0,0
1966-10-29,344.0,39.0,0.0,0.0,0
1966-10-30,350.0,28.0,0.0,0.0,0
1966-10-31,344.0,61.0,0.0,0.0,0
1966-11-01,328.0,106.0,0.0,0.0,0
1966-11-02,344.0,39.0,0.0,0.0,0
1966-11-03,272.0,61.0,0.0,0.0,0
1966-11-04,233.0,106.0,0.0,0.0,0
1966-11-05,250.0,83.0,0.0,0.0,0
1966-11-06,167.0,106.0,0.0,0.0,0
1966-11-07,133.0,111.0,168.0,0.0,0
1966-11-08,117.0,44.0,74.0,0.0,0
1966-11-09,172.0,39.0,0.0,0.0,0
1966-11-10,200.0,17.0,0.0,0.0,0
1966-11-11,194.0,28.0,0.0,0.0,0
1966-11-12,217.0,56.0,0.0,0.0,0
1966-11-13,272.0,33.0,0.0,0.0,0
1966-11-14,244.0,33.0,0.0,0.0,0
1966-11-15,211.0,61.0,0.0,0.0,0
1966-11-16,178.0,100.0,0.0,0.0,0
1966-11-17,206.0,111.0,0.0,0.0,0
1966-11-18,272.0,39.0,0.0,0.0,0
1966-11-19,283.0,39.0,0.0,0.0,0
1966-11-20,228.0,67.0,0.0,0.0,0
1966-11-21,183.0,78.0,0.0,0.0,0
1966-11-22,156.0,17.0,0.0,0.0,0
1966-11-23,178.0,33.0,0.0,0.0,0
1966-11-24,183.0,-17.0,0.0,0.0,0
1966-11-25,178.0,-17.0,0.0,0.0,0
1966-11-26,200.0,-28.0,0.0,0.0,0
1966-11-27,228.0,11.0,0.0,0.0,0
1966-11-28,250.0,100.0,0.0,0.0,0
1966-11-29,228.0,67.0,0.0,0.0,0
1966-11-30,272.0,17.0,0.0,0.0,0
1966-12-01,211.0,22.0,0.0,0.0,0
1966-12-02,211.0,22.0,0.0,0.0,0
1966-12-03,183.0,83.0,531.0,0.0,0
1966-12-04,156.0,50.0,3.0,0.0,0
1966-12-05,172.0,89.0,267.0,0.0,0
1966-12-06,167.0,89.0,38.0,0.0,0
1966-12-07,167.0,61.0,94.0,0.0,0
1966-12-08,172.0,6.0,0.0,0.0,0
1966-12-09,189.0,6.0,0.0,0.0,0
1966-12-10,183.0,-6.0,0.0,0.0,0
1966-12-11,206.0,50.0,0.0,0.0,0
1966-12-12,211.0,22.0,0.0,0.0,0
1966-12-13,228.0,11.0,0.0,0.0,0
1966-12-14,211.0,17.0,0.0,0.0,0
1966-12-15,233.0,33.0,0.0,0.0,0
1966-12-16,233.0,6.0,0.0,0.0,0
1966-12-17,228.0,39.0,0.0,0.0,0
1966-12-18,239.0,11.0,0.0,0.0,0
1966-12-19,244.0,11.0,0.0,0.0,0
1966-12-20,211.0,-6.0,0.0,0.0,0
1966-12-21,167.0,33.0,0.0,0.0,0
1966-12-22,217.0,-17.0,0.0,0.0,0
1966-12-23,217.0,-33.0,0.0,0.0,0
1966-12-24,211.0,-11.0,0.0,0.0,0
1966-12-25,133.0,17.0,0.0,0.0,0
1966-12-26,128.0,11.0,0.0,0.0,0
1966-12-27,139.0,-17.0,0.0,0.0,0
1966-12-28,144.0,-33.0,0.0,0.0,0
1966-12-29,172.0,-22.0,0.0,0.0,0
1966-12-30,172.0,39.0,0.0,0.0,0
1966-12-31,,,0.0,0.0,0
1967-01-01,172.0,-28.0,0.0,0.0,0
1967-01-02,178.0,-28.0,0.0,0.0,0
1967-01-03,178.0,6.0,0.0,0.0,0
1967-01-04,200.0,11.0,0.0,0.0,0
1967-01-05,178.0,-6.0,0.0,0.0,0
1967-01-06,139.0,17.0,0.0,0.0,0
1967-01-07,150.0,-33.0,0.0,0.0,0
1967-01-08,156.0,50.0,0.0,0.0,0
1967-01-09,194.0,44.0,0.0,0.0,0
1967-01-10,233.0,39.0,0.0,0.0,0
1967-01-11,233.0,33.0,0.0,0.0,0
1967-01-12,228.0,39.0,0.0,0.0,0
1967-01-13,233.0,11.0,0.0,0.0,0
1967-01-14,256.0,28.0,0.0,0.0,0
1967-01-15,267.0,17.0,0.0,0.0,0
1967-01-16,244.0,11.0,0.0,0.0,0
1967-01-17,211.0,22.0,0.0,0.0,0
1967-01-18,239.0,-6.0,0.0,0.0,0
1967-01-19,239.0,11.0,0.0,0.0,0
1967-01-20,206.0,-6.0,0.0,0.0,0
1967-01-21,183.0,11.0,0.0,0.0,0
1967-01-22,122.0,83.0,0.0,0.0,0
1967-01-23,133.0,33.0,417.0,0.0,0
1967-01-24,106.0,17.0,135.0,0.0,0
1967-01-25,150.0,17.0,51.0,0.0,0
1967-01-26,183.0,11.0,0.0,0.0,0
1967-01-27,222.0,17.0,0.0,0.0,0
1967-01-28,228.0,33.0,0.0,0.0,0
1967-01-29,194.0,22.0,0.0,0.0,0
1967-01-30,194.0,17.0,0.0,0.0,0
1967-01-31,156.0,100.0,3.0,0.0,0
1967-02-01,183.0,39.0,0.0,0.0,0
1967-02-02,189.0,-6.0,0.0,0.0,0
1967-02-03,206.0,67.0,0.0,0.0,0
1967-02-04,239.0,22.0,0.0,0.0,0
1967-02-05,244.0,11.0,0.0,0.0,0
1967-02-06,239.0,56.0,0.0,0.0,0
1967-02-07,244.0,11.0,0.0,0.0,0
1967-02-08,244.0,0.0,0.0,0.0,0
1967-02-09,222.0,11.0,0.0,0.0,0
1967-02-10,233.0,17.0,0.0,0.0,0
1967-02-11,267.0,0.0,0.0,0.0,0
1967-02-12,267.0,11.0,0.0,0.0,0
1967-02-13,267.0,67.0,0.0,0.0,0
1967-02-14,200.0,61.0,0.0,0.0,0
1967-02-15,183.0,-6.0,0.0,0.0,0
1967-02-16,194.0,-11.0,0.0,0.0,0
1967-02-17,217.0,-11.0,0.0,0.0,0
1967-02-18,222.0,-11.0,0.0,0.0,0
1967-02-19,183.0,-11.0,0.0,0.0,0
1967-02-20,217.0,6.0,0.0,0.0,0
1967-02-21,222.0,-11.0,0.0,0.0,0
1967-02-22,261.0,-17.0,0.0,0.0,0
1967-02-23,267.0,6.0,0.0,0.0,0
1967-02-24,233.0,39.0,0.0,0.0,0
1967-02-25,172.0,83.0,0.0,0.0,0
1967-02-26,183.0,-6.0,0.0,0.0,0
1967-02-27,244.0,11.0,0.0,0.0,0
1967-02-28,283.0,11.0,0.0,0.0,0
1967-03-01,294.0,28.0,0.0,0.0,0
1967-03-02,267.0,28.0,0.0,0.0,0
1967-03-03,211.0,67.0,0.0,0.0,0
1967-03-04,144.0,44.0,0.0,0.0,0
1967-03-05,167.0,-22.0,0.0,0.0,0
1967-03-06,211.0,-17.0,0.0,0.0,0
1967-03-07,222.0,-6.0,0.0,0.0,0
1967-03-08,233.0,17.0,0.0,0.0,0
1967-03-09,206.0,67.0,0.0,0.0,0
1967-03-10,139.0,83.0,5.0,0.0,0
1967-03-11,156.0,22.0,30.0,0.0,0
1967-03-12,156.0,78.0,20.0,0.0,0
1967-03-13,156.0,83.0,10.0,0.0,0
1967-03-14,167.0,72.0,58.0,0.0,0
1967-03-15,233.0,44.0,0.0,0.0,0
1967-03-16,256.0,89.0,0.0,0.0,0
1967-03-17,233.0,89.0,0.0,0.0,0
1967-03-18,200.0,94.0,0.0,0.0,0
1967-03-19,194.0,89.0,0.0,0.0,0
1967-03-20,206.0,72.0,0.0,0.0,0
1967-03-21,239.0,39.0,0.0,0.0,0
1967-03-22,289.0,61.0,0.0,0.0,0
1967-03-23,267.0,83.0,0.0,0.0,0
1967-03-24,206.0,89.0,0.0,0.0,0
1967-03-25,206.0,39.0,0.0,0.0,0
1967-03-26,206.0,67.0,0.0,0.0,0
1967-03-27,239.0,44.0,0.0,0.0,0
1967-03-28,217.0,39.0,0.0,0.0,0
1967-03-29,167.0,78.0,0.0,0.0,0
1967-03-30,178.0,-28.0,0.0,0.0,0
1967-03-31,144.0,67.0,0.0,0.0,0
1967-04-01,128.0,0.0,46.0,0.0,0
1967-04-02,156.0,11.0,58.0,0.0,0
1967-04-03,228.0,11.0,0.0,0.0,0
1967-04-04,194.0,0.0,0.0,0.0,0
1967-04-05,172.0,33.0,0.0,0.0,0
1967-04-06,194.0,6.0,0.0,0.0,0
1967-04-07,167.0,56.0,0.0,0.0,0
1967-04-08,167.0,0.0,0.0,0.0,0
1967-04-09,217.0,11.0,0.0,0.0,0
1967-04-10,189.0,50.0,0.0,0.0,0
1967-04-11,139.0,61.0,236.0,0.0,0
1967-04-12,144.0,-6.0,43.0,0.0,0
1967-04-13,144.0,33.0,0.0,0.0,0
1967-04-14,172.0,33.0,0.0,0.0,0
1967-04-15,156.0,61.0,0.0,0.0,0
1967-04-16,183.0,-6.0,0.0,0.0,0
1967-04-17,200.0,22.0,0.0,0.0,0
1967-04-18,172.0,28.0,38.0,0.0,0
1967-04-19,122.0,33.0,191.0,0.0,0
1967-04-20,133.0,11.0,10.0,0.0,0
1967-04-21,133.0,11.0,10.0,0.0,0
1967-04-22,144.0,44.0,36.0,0.0,0
1967-04-23,167.0,6.0,0.0,0.0,0
1967-04-24,156.0,33.0,23.0,0.0,0
1967-04-25,194.0,33.0,0.0,0.0,0
1967-04-26,244.0,22.0,0.0,0.0,0
1967-04-27,222.0,44.0,0.0,0.0,0
1967-04-28,183.0,61.0,0.0,0.0,0
1967-04-29,161.0,22.0,18.0,0.0,0
1967-04-30,183.0,17.0,0.0,0.0,0
1967-05-01,222.0,11.0,0.0,0.0,0
1967-05-02,233.0,11.0,0.0,0.0,0
1967-05-03,217.0,44.0,0.0,0.0,0
1967-05-04,206.0,39.0,0.0,0.0,0
1967-05-05,178.0,61.0,0.0,0.0,0
1967-05-06,261.0,33.0,0.0,0.0,0
1967-05-07,317.0,61.0,0.0,0.0,0
1967-05-08,283.0,106.0,0.0,0.0,0
1967-05-09,261.0,94.0,0.0,0.0,0
1967-05-10,200.0,94.0,0.0,0.0,0
1967-05-11,200.0,50.0,0.0,0.0,0
1967-05-12,211.0,94.0,0.0,0.0,0
1967-05-13,267.0,39.0,0.0,0.0,0
1967-05-14,294.0,50.0,0.0,0.0,0
1967-05-15,344.0,44.0,0.0,0.0,0
1967-05-16,378.0,94.0,0.0,0.0,0
1967-05-17,350.0,89.0,0.0,0.0,0
1967-05-18,311.0,89.0,0.0,0.0,0
1967-05-19,322.0,78.0,0.0,0.0,0
1967-05-20,350.0,94.0,0.0,0.0,0
1967-05-21,411.0,89.0,0.0,0.0,0
1967-05-22,372.0,117.0,0.0,0.0,0
1967-05-23,344.0,144.0,0.0,0.0,0
1967-05-24,322.0,139.0,0.0,0.0,0
1967-05-25,317.0,128.0,0.0,0.0,0
1967-05-26,278.0,122.0,0.0,0.0,0
1967-05-27,256.0,117.0,0.0,0.0,0
1967-05-28,172.0,106.0,0.0,0.0,0
1967-05-29,161.0,106.0,15.0,0.0,0
1967-05-30,167.0,94.0,8.0,0.0,0
1967-05-31,172.0,94.0,0.0,0.0,0
1967-06-01,217.0,50.0,0.0,0.0,0
1967-06-02,256.0,28.0,0.0,0.0,0
1967-06-03,272.0,33.0,0.0,0.0,0
1967-06-04,278.0,61.0,0.0,0.0,0
1967-06-05,267.0,50.0,0.0,0.0,0
1967-06-06,267.0,61.0,0.0,0.0,0
1967-06-07,283.0,56.0,0.0,0.0,0
1967-06-08,244.0,122.0,0.0,0.0,0
1967-06-09,228.0,117.0,0.0,0.0,0
1967-06-10,200.0,106.0,0.0,0.0,0
1967-06-11,183.0,111.0,0.0,0.0,0
1967-06-12,172.0,106.0,0.0,0.0,0
1967-06-13,200.0,106.0,0.0,0.0,0
1967-06-14,256.0,106.0,0.0,0.0,0
1967-06-15,306.0,94.0,0.0,0.0,0
1967-06-16,267.0,78.0,0.0,0.0,0
1967-06-17,239.0,67.0,0.0,0.0,0
1967-06-18,278.0,117.0,0.0,0.0,0
1967-06-19,306.0,100.0,0.0,0.0,0
1967-06-20,350.0,83.0,0.0,0.0,0
1967-06-21,378.0,67.0,0.0,0.0,0
1967-06-22,328.0,56.0,0.0,0.0,0
1967-06-23,339.0,100.0,0.0,0.0,0
1967-06-24,339.0,89.0,0.0,0.0,0
1967-06-25,367.0,94.0,0.0,0.0,0
1967-06-26,367.0,94.0,0.0,0.0,0
1967-06-27,367.0,94.0,0.0,0.0,0
1967-06-28,367.0,100.0,0.0,0.0,0
1967-06-29,356.0,94.0,0.0,0.0,0
1967-06-30,367.0,89.0,0.0,0.0,0
1967-07-01,367.0,83.0,0.0,0.0,0
1967-07-02,411.0,122.0,0.0,0.0,0
1967-07-03,350.0,178.0,0.0,0.0,0
1967-07-04,350.0,139.0,0.0,0.0,0
1967-07-05,356.0,167.0,0.0,0.0,0
1967-07-06,328.0,144.0,0.0,0.0,0
1967-07-07,356.0,144.0,0.0,0.0,0
1967-07-08,367.0,139.0,0.0,0.0,0
1967-07-09,367.0,139.0,0.0,0.0,0
1967-07-10,383.0,144.0,0.0,0.0,0
1967-07-11,378.0,128.0,0.0,0.0,0
1967-07-12,389.0,178.0,0.0,0.0,0
1967-07-13,356.0,206.0,0.0,0.0,0
1967-07-14,378.0,178.0,0.0,0.0,0
1967-07-15,372.0,161.0,0.0,0.0,0
1967-07-16,350.0,161.0,0.0,0.0,0
1967-07-17,361.0,128.0,0.0,0.0,0
1967-07-18,356.0,122.0,0.0,0.0,0
1967-07-19,383.0,122.0,0.0,0.0,0
1967-07-20,383.0,133.0,0.0,0.0,0
1967-07-21,417.0,144.0,0.0,0.0,0
1967-07-22,367.0,144.0,0.0,0.0,0
1967-07-23,367.0,156.0,0.0,0.0,0
1967-07-24,367.0,156.0,0.0,0.0,0
1967-07-25,394.0,150.0,0.0,0.0,0
1967-07-26,378.0,178.0,0.0,0.0,0
1967-07-27,394.0,178.0,0.0,0.0,0
1967-07-28,394.0,194.0,0.0,0.0,0
1967-07-29,367.0,172.0,0.0,0.0,0
1967-07-30,367.0,172.0,0.0,0.0,0
1967-07-31,367.0,167.0,0.0,0.0,0
1967-08-01,350.0,172.0,0.0,0.0,0
1967-08-02,356.0,150.0,0.0,0.0,0
1967-08-03,367.0,150.0,0.0,0.0,0
1967-08-04,361.0,144.0,0.0,0.0,0
1967-08-05,367.0,161.0,0.0,0.0,0
1967-08-06,361.0,161.0,0.0,0.0,0
1967-08-07,311.0,144.0,0.0,0.0,0
1967-08-08,344.0,144.0,5.0,0.0,0
1967-08-09,344.0,139.0,0.0,0.0,0
1967-08-10,378.0,161.0,0.0,0.0,0
1967-08-11,400.0,167.0,0.0,0.0,0
1967-08-12,406.0,172.0,0.0,0.0,0
1967-08-13,417.0,200.0,0.0,0.0,0
1967-08-14,417.0,211.0,0.0,0.0,0
1967-08-15,372.0,222.0,0.0,0.0,0
1967-08-16,378.0,200.0,0.0,0.0,0
1967-08-17,394.0,183.0,0.0,0.0,0
1967-08-18,383.0,194.0,0.0,0.0,0
1967-08-19,378.0,178.0,0.0,0.0,0
1967-08-20,389.0,194.0,0.0,0.0,0
1967-08-21,394.0,189.0,0.0,0.0,0
1967-08-22,367.0,144.0,0.0,0.0,0
1967-08-23,406.0,139.0,0.0,0.0,0
1967-08-24,394.0,144.0,0.0,0.0,0
1967-08-25,389.0,211.0,0.0,0.0,0
1967-08-26,389.0,172.0,0.0,0.0,0
1967-08-27,400.0,183.0,0.0,0.0,0
1967-08-28,411.0,156.0,0.0,0.0,0
1967-08-29,428.0,161.0,0.0,0.0,0
1967-08-30,433.0,167.0,0.0,0.0,0
1967-08-31,378.0,178.0,0.0,0.0,0
1967-09-01,350.0,200.0,0.0,0.0,0
1967-09-02,317.0,211.0,15.0,0.0,0
1967-09-03,272.0,211.0,0.0,0.0,0
1967-09-04,333.0,167.0,0.0,0.0,0
1967-09-05,333.0,150.0,0.0,0.0,0
1967-09-06,333.0,144.0,0.0,0.0,0
1967-09-07,356.0,139.0,0.0,0.0,0
1967-09-08,328.0,122.0,0.0,0.0,0
1967-09-09,339.0,128.0,0.0,0.0,0
1967-09-10,344.0,183.0,0.0,0.0,0
1967-09-11,333.0,133.0,0.0,0.0,0
1967-09-12,361.0,122.0,0.0,0.0,0
1967-09-13,289.0,117.0,0.0,0.0,0
1967-09-14,367.0,122.0,0.0,0.0,0
1967-09-15,367.0,128.0,0.0,0.0,0
1967-09-16,344.0,122.0,0.0,0.0,0
1967-09-17,344.0,133.0,0.0,0.0,0
1967-09-18,244.0,128.0,0.0,0.0,0
1967-09-19,272.0,128.0,0.0,0.0,0
1967-09-20,322.0,117.0,0.0,0.0,0
1967-09-21,294.0,144.0,0.0,0.0,0
1967-09-22,278.0,133.0,0.0,0.0,0
1967-09-23,317.0,111.0,0.0,0.0,0
1967-09-24,278.0,156.0,0.0,0.0,0
1967-09-25,267.0,150.0,0.0,0.0,0
1967-09-26,306.0,128.0,3.0,0.0,0
1967-09-27,339.0,122.0,3.0,0.0,0
1967-09-28,328.0,122.0,51.0,0.0,0
1967-09-29,283.0,161.0,81.0,0.0,0
1967-09-30,283.0,133.0,0.0,0.0,0
1967-10-01,322.0,133.0,0.0,0.0,0
1967-10-02,311.0,106.0,0.0,0.0,0
1967-10-03,311.0,94.0,0.0,0.0,0
1967-10-04,289.0,122.0,0.0,0.0,0
1967-10-05,261.0,83.0,0.0,0.0,0
1967-10-06,328.0,61.0,0.0,0.0,0
1967-10-07,339.0,78.0,0.0,0.0,0
1967-10-08,322.0,78.0,0.0,0.0,0
1967-10-09,328.0,44.0,0.0,0.0,0
1967-10-10,350.0,72.0,0.0,0.0,0
1967-10-11,361.0,44.0,0.0,0.0,0
1967-10-12,350.0,39.0,0.0,0.0,0
1967-10-13,350.0,83.0,0.0,0.0,0
1967-10-14,339.0,83.0,0.0,0.0,0
1967-10-15,328.0,111.0,0.0,0.0,0
1967-10-16,333.0,78.0,0.0,0.0,0
1967-10-17,356.0,50.0,0.0,0.0,0
1967-10-18,350.0,67.0,0.0,0.0,0
1967-10-19,350.0,67.0,0.0,0.0,0
1967-10-20,344.0,67.0,0.0,0.0,0
1967-10-21,278.0,61.0,0.0,0.0,0
1967-10-22,250.0,89.0,0.0,0.0,0
1967-10-23,322.0,61.0,0.0,0.0,0
1967-10-24,300.0,50.0,0.0,0.0,0
1967-10-25,289.0,56.0,0.0,0.0,0
1967-10-26,278.0,72.0,0.0,0.0,0
1967-10-27,250.0,56.0,0.0,0.0,0
1967-10-28,283.0,61.0,0.0,0.0,0
1967-10-29,267.0,33.0,0.0,0.0,0
1967-10-30,267.0,167.0,0.0,0.0,0
1967-10-31,333.0,78.0,0.0,0.0,0
1967-11-01,322.0,56.0,0.0,0.0,0
1967-11-02,317.0,50.0,0.0,0.0,0
1967-11-03,322.0,56.0,0.0,0.0,0
1967-11-04,267.0,72.0,0.0,0.0,0
1967-11-05,228.0,83.0,0.0,0.0,0
1967-11-06,256.0,78.0,0.0,0.0,0
1967-11-07,306.0,50.0,0.0,0.0,0
1967-11-08,294.0,67.0,0.0,0.0,0
1967-11-09,278.0,61.0,0.0,0.0,0
1967-11-10,294.0,50.0,0.0,0.0,0
1967-11-11,311.0,44.0,0.0,0.0,0
1967-11-12,306.0,61.0,0.0,0.0,0
1967-11-13,322.0,50.0,0.0,0.0,0
1967-11-14,294.0,78.0,0.0,0.0,0
1967-11-15,272.0,72.0,0.0,0.0,0
1967-11-16,278.0,89.0,0.0,0.0,0
1967-11-17,244.0,67.0,0.0,0.0,0
1967-11-18,244.0,61.0,0.0,0.0,0
1967-11-19,183.0,117.0,739.0,0.0,0
1967-11-20,206.0,100.0,175.0,0.0,0
1967-11-21,161.0,83.0,145.0,0.0,0
1967-11-22,194.0,56.0,0.0,0.0,0
1967-11-23,194.0,78.0,0.0,0.0,0
1967-11-24,222.0,33.0,0.0,0.0,0
1967-11-25,222.0,44.0,0.0,0.0,0
1967-11-26,239.0,83.0,0.0,0.0,0
1967-11-27,206.0,56.0,0.0,0.0,0
1967-11-28,150.0,89.0,5.0,0.0,0
1967-11-29,150.0,-11.0,0.0,0.0,0
1967-11-30,133.0,44.0,107.0,0.0,0
1967-12-01,150.0,-6.0,0.0,0.0,0
1967-12-02,183.0,6.0,0.0,0.0,0
1967-12-03,183.0,-22.0,0.0,0.0,0
1967-12-04,161.0,-17.0,0.0,0.0,0
1967-12-05,167.0,11.0,0.0,0.0,0
1967-12-06,167.0,33.0,0.0,0.0,0
1967-12-07,144.0,39.0,0.0,0.0,0
1967-12-08,156.0,78.0,8.0,0.0,0
1967-12-09,156.0,33.0,0.0,0.0,0
1967-12-10,239.0,-17.0,0.0,0.0,0
1967-12-11,233.0,-28.0,0.0,0.0,0
1967-12-12,167.0,33.0,0.0,0.0,0
1967-12-13,111.0,-39.0,20.0,0.0,51
1967-12-14,78.0,-33.0,0.0,0.0,0
1967-12-15,100.0,-17.0,0.0,0.0,0
1967-12-16,94.0,17.0,13.0,0.0,0
1967-12-17,122.0,17.0,23.0,0.0,0
1967-12-18,106.0,33.0,206.0,0.0,0
1967-12-19,89.0,28.0,0.0,0.0,0
1967-12-20,94.0,-28.0,0.0,0.0,0
1967-12-21,117.0,-44.0,0.0,0.0,0
1967-12-22,183.0,-11.0,0.0,0.0,0
1967-12-23,206.0,-6.0,0.0,0.0,0
1967-12-24,233.0,17.0,0.0,0.0,0
1967-12-25,267.0,50.0,0.0,0.0,0
1967-12-26,239.0,22.0,0.0,0.0,0
1967-12-27,261.0,28.0,0.0,0.0,0
1967-12-28,206.0,11.0,0.0,0.0,0
1967-12-29,167.0,28.0,0.0,0.0,0
1967-12-30,183.0,-11.0,0.0,0.0,0
1967-12-31,172.0,-56.0,0.0,0.0,0
1968-01-01,161.0,-6.0,0.0,0.0,0
1968-01-02,117.0,28.0,0.0,0.0,0
1968-01-03,144.0,-6.0,0.0,0.0,0
1968-01-04,161.0,-44.0,0.0,0.0,0
1968-01-05,161.0,-44.0,0.0,0.0,0
1968-01-06,178.0,-39.0,0.0,0.0,0
1968-01-07,178.0,-44.0,0.0,0.0,0
1968-01-08,156.0,-56.0,0.0,0.0,0
1968-01-09,183.0,6.0,0.0,0.0,0
1968-01-10,139.0,50.0,0.0,0.0,0
1968-01-11,167.0,61.0,0.0,0.0,0
1968-01-12,194.0,33.0,0.0,0.0,0
1968-01-13,228.0,6.0,0.0,0.0,0
1968-01-14,261.0,-17.0,0.0,0.0,0
1968-01-15,211.0,17.0,0.0,0.0,0
1968-01-16,172.0,39.0,0.0,0.0,0
1968-01-17,189.0,39.0,0.0,0.0,0
1968-01-18,206.0,6.0,0.0,0.0,0
1968-01-19,222.0,33.0,0.0,0.0,0
1968-01-20,256.0,6.0,0.0,0.0,0
1968-01-21,256.0,-6.0,0.0,0.0,0
1968-01-22,261.0,17.0,0.0,0.0,0
1968-01-23,239.0,117.0,0.0,0.0,0
1968-01-24,256.0,11.0,0.0,0.0,0
1968-01-25,228.0,-6.0,0.0,0.0,0
1968-01-26,122.0,-17.0,0.0,0.0,0
1968-01-27,106.0,-6.0,43.0,0.0,0
1968-01-28,122.0,-17.0,71.0,0.0,0
1968-01-29,128.0,-33.0,0.0,0.0,0
1968-01-30,167.0,-39.0,0.0,0.0,0
1968-01-31,167.0,33.0,13.0,0.0,0
1968-02-01,222.0,33.0,0.0,0.0,0
1968-02-02,222.0,56.0,0.0,0.0,0
1968-02-03,261.0,-11.0,0.0,0.0,0
1968-02-04,256.0,39.0,0.0,0.0,0
1968-02-05,233.0,22.0,0.0,0.0,0
1968-02-06,239.0,39.0,0.0,0.0,0
1968-02-07,217.0,17.0,0.0,0.0,0
1968-02-08,217.0,28.0,0.0,0.0,0
1968-02-09,178.0,67.0,0.0,0.0,0
1968-02-10,183.0,72.0,13.0,0.0,0
1968-02-11,183.0,56.0,0.0,0.0,0
1968-02-12,167.0,50.0,0.0,0.0,0
1968-02-13,161.0,61.0,64.0,0.0,0
1968-02-14,161.0,50.0,38.0,0.0,0
1968-02-15,194.0,22.0,0.0,0.0,0
1968-02-16,200.0,44.0,0.0,0.0,0
1968-02-17,211.0,78.0,0.0,0.0,0
1968-02-18,244.0,72.0,0.0,0.0,0
1968-02-19,272.0,39.0,0.0,0.0,0
1968-02-20,217.0,44.0,0.0,0.0,0
1968-02-21,183.0,94.0,0.0,0.0,0
1968-02-22,217.0,72.0,0.0,0.0,0
1968-02-23,294.0,44.0,0.0,0.0,0
1968-02-24,300.0,44.0,0.0,0.0,0
1968-02-25,317.0,89.0,0.0,0.0,0
1968-02-26,289.0,100.0,0.0,0.0,0
1968-02-27,239.0,89.0,0.0,0.0,0
1968-02-28,244.0,67.0,0.0,0.0,0
1968-02-29,261.0,22.0,0.0,0.0,0
1968-03-01,239.0,11.0,0.0,0.0,0
1968-03-02,256.0,72.0,0.0,0.0,0
1968-03-03,272.0,50.0,0.0,0.0,0
1968-03-04,283.0,28.0,0.0,0.0,0
1968-03-05,256.0,50.0,0.0,0.0,0
1968-03-06,183.0,72.0,66.0,0.0,0
1968-03-07,150.0,28.0,18.0,0.0,0
1968-03-08,167.0,61.0,348.0,0.0,0
1968-03-09,161.0,22.0,18.0,0.0,0
1968-03-10,183.0,0.0,0.0,0.0,0
1968-03-11,211.0,17.0,0.0,0.0,0
1968-03-12,200.0,33.0,0.0,0.0,0
1968-03-13,172.0,22.0,5.0,0.0,0
1968-03-14,172.0,6.0,0.0,0.0,0
1968-03-15,211.0,0.0,0.0,0.0,0
1968-03-16,194.0,44.0,0.0,0.0,0
1968-03-17,167.0,22.0,0.0,0.0,0
1968-03-18,172.0,6.0,0.0,0.0,0
1968-03-19,178.0,6.0,0.0,0.0,0
1968-03-20,206.0,-6.0,0.0,0.0,0
1968-03-21,239.0,-17.0,0.0,0.0,0
1968-03-22,256.0,39.0,0.0,0.0,0
1968-03-23,233.0,33.0,0.0,0.0,0
1968-03-24,267.0,11.0,0.0,0.0,0
1968-03-25,261.0,67.0,0.0,0.0,0
1968-03-26,239.0,22.0,0.0,0.0,0
1968-03-27,289.0,39.0,0.0,0.0,0
1968-03-28,333.0,39.0,0.0,0.0,0
1968-03-29,306.0,56.0,0.0,0.0,0
1968-03-30,261.0,56.0,0.0,0.0,0
1968-03-31,228.0,22.0,0.0,0.0,0
1968-04-01,183.0,89.0,0.0,0.0,0
1968-04-02,144.0,56.0,163.0,0.0,0
1968-04-03,211.0,39.0,20.0,0.0,0
1968-04-04,233.0,22.0,0.0,0.0,0
1968-04-05,222.0,89.0,0.0,0.0,0
1968-04-06,206.0,33.0,0.0,0.0,0
1968-04-07,256.0,28.0,0.0,0.0,0
1968-04-08,272.0,39.0,0.0,0.0,0
1968-04-09,278.0,44.0,0.0,0.0,0
1968-04-10,311.0,44.0,0.0,0.0,0
1968-04-11,300.0,78.0,0.0,0.0,0
1968-04-12,233.0,94.0,0.0,0.0,0
1968-04-13,233.0,83.0,0.0,0.0,0
1968-04-14,294.0,50.0,0.0,0.0,0
1968-04-15,233.0,50.0,0.0,0.0,0
1968-04-16,189.0,78.0,0.0,0.0,0
1968-04-17,139.0,44.0,25.0,0.0,0
1968-04-18,183.0,-22.0,20.0,0.0,0
1968-04-19,217.0,-11.0,0.0,0.0,0
1968-04-20,183.0,-39.0,0.0,0.0,0
1968-04-21,183.0,44.0,0.0,0.0,0
1968-04-22,228.0,11.0,0.0,0.0,0
1968-04-23,261.0,0.0,0.0,0.0,0
1968-04-24,289.0,11.0,0.0,0.0,0
1968-04-25,300.0,28.0,0.0,0.0,0
1968-04-26,272.0,56.0,0.0,0.0,0
1968-04-27,244.0,89.0,0.0,0.0,0
1968-04-28,322.0,111.0,0.0,0.0,0
1968-04-29,311.0,61.0,0.0,0.0,0
1968-04-30,306.0,67.0,0.0,0.0,0
1968-05-01,267.0,56.0,0.0,0.0,0
1968-05-02,267.0,72.0,0.0,0.0,0
1968-05-03,256.0,100.0,0.0,0.0,0
1968-05-04,244.0,106.0,0.0,0.0,0
1968-05-05,189.0,111.0,0.0,0.0,0
1968-05-06,233.0,106.0,0.0,0.0,0
1968-05-07,272.0,50.0,0.0,0.0,0
1968-05-08,256.0,89.0,0.0,0.0,0
1968-05-09,239.0,100.0,0.0,0.0,0
1968-05-10,239.0,78.0,0.0,0.0,0
1968-05-11,239.0,94.0,0.0,0.0,0
1968-05-12,167.0,78.0,33.0,0.0,0
1968-05-13,178.0,72.0,0.0,0.0,0
1968-05-14,211.0,44.0,0.0,0.0,0
1968-05-15,267.0,28.0,0.0,0.0,0
1968-05-16,283.0,44.0,0.0,0.0,0
1968-05-17,317.0,61.0,0.0,0.0,0
1968-05-18,339.0,78.0,0.0,0.0,0
1968-05-19,333.0,100.0,0.0,0.0,0
1968-05-20,306.0,94.0,0.0,0.0,0
1968-05-21,267.0,106.0,0.0,0.0,0
1968-05-22,233.0,106.0,0.0,0.0,0
1968-05-23,239.0,50.0,0.0,0.0,0
1968-05-24,261.0,44.0,0.0,0.0,0
1968-05-25,306.0,117.0,0.0,0.0,0
1968-05-26,378.0,122.0,0.0,0.0,0
1968-05-27,383.0,117.0,0.0,0.0,0
1968-05-28,356.0,128.0,0.0,0.0,0
1968-05-29,322.0,111.0,0.0,0.0,0
1968-05-30,294.0,67.0,0.0,0.0,0
1968-05-31,289.0,128.0,0.0,0.0,0
1968-06-01,333.0,106.0,0.0,0.0,0
1968-06-02,372.0,100.0,0.0,0.0,0
1968-06-03,344.0,122.0,0.0,0.0,0
1968-06-04,261.0,117.0,0.0,0.0,0
1968-06-05,239.0,122.0,0.0,0.0,0
1968-06-06,200.0,83.0,0.0,0.0,0
1968-06-07,167.0,72.0,0.0,0.0,0
1968-06-08,172.0,67.0,0.0,0.0,0
1968-06-09,250.0,122.0,0.0,0.0,0
1968-06-10,300.0,78.0,0.0,0.0,0
1968-06-11,333.0,106.0,0.0,0.0,0
1968-06-12,300.0,106.0,0.0,0.0,0
1968-06-13,322.0,100.0,0.0,0.0,0
1968-06-14,350.0,111.0,0.0,0.0,0
1968-06-15,344.0,100.0,0.0,0.0,0
1968-06-16,356.0,117.0,0.0,0.0,0
1968-06-17,322.0,94.0,0.0,0.0,0
1968-06-18,356.0,117.0,0.0,0.0,0
1968-06-19,378.0,117.0,0.0,0.0,0
1968-06-20,367.0,100.0,0.0,0.0,0
1968-06-21,394.0,122.0,0.0,0.0,0
1968-06-22,350.0,133.0,0.0,0.0,0
1968-06-23,339.0,111.0,0.0,0.0,0
1968-06-24,289.0,144.0,0.0,0.0,0
1968-06-25,339.0,128.0,0.0,0.0,0
1968-06-26,339.0,144.0,0.0,0.0,0
1968-06-27,294.0,139.0,0.0,0.0,0
1968-06-28,289.0,128.0,0.0,0.0,0
1968-06-29,300.0,122.0,0.0,0.0,0
1968-06-30,306.0,89.0,0.0,0.0,0
1968-07-01,350.0,111.0,0.0,0.0,0
1968-07-02,344.0,83.0,0.0,0.0,0
1968-07-03,367.0,50.0,0.0,0.0,0
1968-07-04,,,0.0,0.0,0
1968-07-05,378.0,161.0,0.0,0.0,0
1968-07-06,306.0,206.0,0.0,0.0,0
1968-07-07,294.0,178.0,20.0,0.0,0
1968-07-08,317.0,150.0,28.0,0.0,0
1968-07-09,361.0,128.0,0.0,0.0,0
1968-07-10,383.0,139.0,0.0,0.0,0
1968-07-11,389.0,161.0,0.0,0.0,0
1968-07-12,389.0,167.0,0.0,0.0,0
1968-07-13,350.0,106.0,0.0,0.0,0
1968-07-14,311.0,150.0,0.0,0.0,0
1968-07-15,311.0,117.0,0.0,0.0,0
1968-07-16,322.0,128.0,0.0,0.0,0
1968-07-17,322.0,133.0,0.0,0.0,0
1968-07-18,389.0,161.0,0.0,0.0,0
1968-07-19,378.0,156.0,0.0,0.0,0
1968-07-20,383.0,167.0,0.0,0.0,0
1968-07-21,383.0,178.0,0.0,0.0,0
1968-07-22,378.0,150.0,0.0,0.0,0
1968-07-23,378.0,183.0,0.0,0.0,0
1968-07-24,356.0,178.0,46.0,0.0,0
1968-07-25,344.0,183.0,0.0,0.0,0
1968-07-26,361.0,161.0,0.0,0.0,0
1968-07-27,328.0,183.0,0.0,0.0,0
1968-07-28,372.0,194.0,51.0,0.0,0
1968-07-29,311.0,206.0,638.0,0.0,0
1968-07-30,333.0,189.0,145.0,0.0,0
1968-07-31,350.0,150.0,0.0,0.0,0
1968-08-01,339.0,156.0,0.0,0.0,0
1968-08-02,344.0,150.0,0.0,0.0,0
1968-08-03,361.0,150.0,0.0,0.0,0
1968-08-04,344.0,183.0,0.0,0.0,0
1968-08-05,333.0,167.0,0.0,0.0,0
1968-08-06,350.0,167.0,0.0,0.0,0
1968-08-07,350.0,183.0,0.0,0.0,0
1968-08-08,361.0,167.0,0.0,0.0,0
1968-08-09,367.0,161.0,0.0,0.0,0
1968-08-10,344.0,144.0,0.0,0.0,0
1968-08-11,356.0,128.0,0.0,0.0,0
1968-08-12,333.0,122.0,0.0,0.0,0
1968-08-13,278.0,128.0,0.0,0.0,0
1968-08-14,317.0,128.0,0.0,0.0,0
1968-08-15,311.0,117.0,0.0,0.0,0
1968-08-16,278.0,139.0,0.0,0.0,0
1968-08-17,272.0,144.0,0.0,0.0,0
1968-08-18,283.0,161.0,0.0,0.0,0
1968-08-19,306.0,117.0,0.0,0.0,0
1968-08-20,261.0,111.0,0.0,0.0,0
1968-08-21,283.0,150.0,0.0,0.0,0
1968-08-22,294.0,78.0,0.0,0.0,0
1968-08-23,344.0,128.0,0.0,0.0,0
1968-08-24,344.0,128.0,0.0,0.0,0
1968-08-25,344.0,139.0,0.0,0.0,0
1968-08-26,328.0,83.0,0.0,0.0,0
1968-08-27,356.0,83.0,0.0,0.0,0
1968-08-28,361.0,133.0,0.0,0.0,0
1968-08-29,389.0,161.0,0.0,0.0,0
1968-08-30,350.0,150.0,0.0,0.0,0
1968-08-31,350.0,156.0,0.0,0.0,0
1968-09-01,372.0,144.0,0.0,0.0,0
1968-09-02,317.0,128.0,0.0,0.0,0
1968-09-03,267.0,117.0,0.0,0.0,0
1968-09-04,289.0,117.0,0.0,0.0,0
1968-09-05,339.0,128.0,0.0,0.0,0
1968-09-06,372.0,139.0,0.0,0.0,0
1968-09-07,383.0,144.0,0.0,0.0,0
1968-09-08,389.0,139.0,0.0,0.0,0
1968-09-09,394.0,172.0,0.0,0.0,0
1968-09-10,383.0,150.0,0.0,0.0,0
1968-09-11,372.0,89.0,0.0,0.0,0
1968-09-12,361.0,122.0,0.0,0.0,0
1968-09-13,322.0,111.0,0.0,0.0,0
1968-09-14,289.0,100.0,0.0,0.0,0
1968-09-15,233.0,89.0,0.0,0.0,0
1968-09-16,306.0,133.0,0.0,0.0,0
1968-09-17,344.0,94.0,0.0,0.0,0
1968-09-18,306.0,106.0,0.0,0.0,0
1968-09-19,272.0,100.0,0.0,0.0,0
1968-09-20,217.0,106.0,0.0,0.0,0
1968-09-21,256.0,94.0,0.0,0.0,0
1968-09-22,306.0,72.0,0.0,0.0,0
1968-09-23,322.0,61.0,0.0,0.0,0
1968-09-24,378.0,72.0,0.0,0.0,0
1968-09-25,383.0,100.0,0.0,0.0,0
1968-09-26,389.0,167.0,0.0,0.0,0
1968-09-27,356.0,106.0,0.0,0.0,0
1968-09-28,300.0,50.0,0.0,0.0,0
1968-09-29,261.0,56.0,0.0,0.0,0
1968-09-30,222.0,94.0,0.0,0.0,0
1968-10-01,289.0,183.0,0.0,0.0,0
1968-10-02,256.0,122.0,0.0,0.0,0
1968-10-03,211.0,106.0,20.0,0.0,0
1968-10-04,244.0,111.0,0.0,0.0,0
1968-10-05,289.0,111.0,0.0,0.0,0
1968-10-06,250.0,78.0,0.0,0.0,0
1968-10-07,206.0,139.0,0.0,0.0,0
1968-10-08,244.0,122.0,0.0,0.0,0
1968-10-09,244.0,122.0,0.0,0.0,0
1968-10-10,233.0,83.0,0.0,0.0,0
1968-10-11,228.0,117.0,0.0,0.0,0
1968-10-12,256.0,111.0,0.0,0.0,0
1968-10-13,272.0,122.0,0.0,0.0,0
1968-10-14,256.0,122.0,0.0,0.0,0
1968-10-15,250.0,78.0,0.0,0.0,0
1968-10-16,278.0,44.0,0.0,0.0,0
1968-10-17,289.0,83.0,0.0,0.0,0
1968-10-18,306.0,67.0,0.0,0.0,0
1968-10-19,317.0,106.0,0.0,0.0,0
1968-10-20,283.0,56.0,0.0,0.0,0
1968-10-21,294.0,50.0,0.0,0.0,0
1968-10-22,339.0,56.0,0.0,0.0,0
1968-10-23,350.0,94.0,0.0,0.0,0
1968-10-24,367.0,67.0,0.0,0.0,0
1968-10-25,344.0,89.0,0.0,0.0,0
1968-10-26,344.0,106.0,0.0,0.0,0
1968-10-27,350.0,72.0,0.0,0.0,0
1968-10-28,300.0,78.0,0.0,0.0,0
1968-10-29,300.0,50.0,0.0,0.0,0
1968-10-30,217.0,117.0,18.0,0.0,0
1968-10-31,189.0,67.0,0.0,0.0,0
1968-11-01,189.0,56.0,0.0,0.0,0
1968-11-02,250.0,33.0,0.0,0.0,0
1968-11-03,244.0,56.0,0.0,0.0,0
1968-11-04,211.0,67.0,0.0,0.0,0
1968-11-05,206.0,56.0,0.0,0.0,0
1968-11-06,256.0,33.0,0.0,0.0,0
1968-11-07,250.0,56.0,0.0,0.0,0
1968-11-08,250.0,56.0,0.0,0.0,0
1968-11-09,311.0,28.0,0.0,0.0,0
1968-11-10,311.0,39.0,0.0,0.0,0
1968-11-11,294.0,72.0,0.0,0.0,0
1968-11-12,228.0,67.0,0.0,0.0,0
1968-11-13,178.0,94.0,0.0,0.0,0
1968-11-14,178.0,0.0,0.0,0.0,0
1968-11-15,178.0,61.0,168.0,0.0,0
1968-11-16,211.0,72.0,66.0,0.0,0
1968-11-17,200.0,72.0,0.0,0.0,0
1968-11-18,239.0,39.0,0.0,0.0,0
1968-11-19,256.0,33.0,0.0,0.0,0
1968-11-20,256.0,39.0,0.0,0.0,0
1968-11-21,256.0,39.0,0.0,0.0,0
1968-11-22,256.0,39.0,0.0,0.0,0
1968-11-23,294.0,39.0,0.0,0.0,0
1968-11-24,244.0,61.0,0.0,0.0,0
1968-11-25,156.0,67.0,0.0,0.0,0
1968-11-26,178.0,39.0,0.0,0.0,0
1968-11-27,200.0,0.0,0.0,0.0,0
1968-11-28,256.0,-17.0,0.0,0.0,0
1968-11-29,200.0,44.0,0.0,0.0,0
1968-11-30,178.0,6.0,0.0,0.0,0
1968-12-01,172.0,0.0,0.0,0.0,0
1968-12-02,178.0,6.0,0.0,0.0,0
1968-12-03,200.0,61.0,0.0,0.0,0
1968-12-04,244.0,22.0,0.0,0.0,0
1968-12-05,233.0,-17.0,0.0,0.0,0
1968-12-06,239.0,-17.0,0.0,0.0,0
1968-12-07,244.0,6.0,0.0,0.0,0
1968-12-08,233.0,6.0,0.0,0.0,0
1968-12-09,233.0,-17.0,0.0,0.0,0
1968-12-10,217.0,11.0,0.0,0.0,0
1968-12-11,150.0,72.0,5.0,0.0,0
1968-12-12,183.0,-39.0,0.0,0.0,0
1968-12-13,200.0,-11.0,0.0,0.0,0
1968-12-14,244.0,17.0,0.0,0.0,0
1968-12-15,189.0,28.0,0.0,0.0,0
1968-12-16,144.0,44.0,0.0,0.0,0
1968-12-17,144.0,-11.0,0.0,0.0,0
1968-12-18,156.0,-44.0,0.0,0.0,0
1968-12-19,122.0,-33.0,0.0,0.0,0
1968-12-20,89.0,-11.0,15.0,0.0,0
1968-12-21,83.0,-111.0,25.0,0.0,0
1968-12-22,128.0,-61.0,0.0,0.0,0
1968-12-23,222.0,0.0,0.0,0.0,0
1968-12-24,211.0,-22.0,0.0,0.0,0
1968-12-25,150.0,6.0,0.0,0.0,0
1968-12-26,172.0,-17.0,168.0,0.0,0
1968-12-27,122.0,-11.0,23.0,0.0,0
1968-12-28,111.0,-11.0,0.0,0.0,0
1968-12-29,133.0,28.0,5.0,0.0,0
1968-12-30,194.0,-17.0,0.0,0.0,0
1968-12-31,222.0,11.0,0.0,0.0,0
1969-01-01,256.0,17.0,0.0,0.0,0
1969-01-02,250.0,0.0,0.0,0.0,0
1969-01-03,283.0,33.0,0.0,0.0,0
1969-01-04,267.0,28.0,0.0,0.0,0
1969-01-05,272.0,61.0,0.0,0.0,0
1969-01-06,289.0,39.0,0.0,0.0,0
1969-01-07,272.0,33.0,0.0,0.0,0
1969-01-08,206.0,17.0,0.0,0.0,0
1969-01-09,156.0,17.0,0.0,0.0,0
1969-01-10,178.0,17.0,0.0,0.0,0
1969-01-11,194.0,33.0,0.0,0.0,0
1969-01-12,200.0,22.0,0.0,0.0,0
1969-01-13,144.0,94.0,48.0,0.0,0
1969-01-14,144.0,89.0,267.0,0.0,0
1969-01-15,178.0,106.0,97.0,0.0,0
1969-01-16,172.0,72.0,0.0,0.0,0
1969-01-17,133.0,67.0,0.0,0.0,0
1969-01-18,161.0,33.0,0.0,0.0,0
1969-01-19,133.0,50.0,107.0,0.0,0
1969-01-20,144.0,67.0,76.0,0.0,0
1969-01-21,167.0,111.0,259.0,0.0,0
1969-01-22,161.0,94.0,76.0,0.0,0
1969-01-23,139.0,50.0,0.0,0.0,0
1969-01-24,139.0,50.0,79.0,0.0,0
1969-01-25,167.0,117.0,650.0,0.0,0
1969-01-26,167.0,122.0,137.0,0.0,0
1969-01-27,144.0,39.0,0.0,0.0,0
1969-01-28,111.0,22.0,25.0,0.0,0
1969-01-29,111.0,-11.0,10.0,0.0,0
1969-01-30,122.0,-28.0,0.0,0.0,0
1969-01-31,156.0,-11.0,0.0,0.0,0
1969-02-01,144.0,22.0,0.0,0.0,0
1969-02-02,183.0,-11.0,0.0,0.0,0
1969-02-03,200.0,28.0,0.0,0.0,0
1969-02-04,178.0,17.0,0.0,0.0,0
1969-02-05,139.0,67.0,109.0,0.0,0
1969-02-06,122.0,67.0,445.0,0.0,0
1969-02-07,128.0,6.0,114.0,0.0,0
1969-02-08,194.0,6.0,0.0,0.0,0
1969-02-09,189.0,6.0,0.0,0.0,0
1969-02-10,206.0,6.0,0.0,0.0,0
1969-02-11,167.0,44.0,0.0,0.0,0
1969-02-12,133.0,78.0,8.0,0.0,0
1969-02-13,150.0,50.0,0.0,0.0,0
1969-02-14,139.0,50.0,0.0,0.0,0
1969-02-15,111.0,56.0,0.0,0.0,0
1969-02-16,150.0,50.0,0.0,0.0,0
1969-02-17,206.0,22.0,0.0,0.0,0
1969-02-18,183.0,67.0,79.0,0.0,0
1969-02-19,83.0,39.0,157.0,0.0,0
1969-02-20,122.0,11.0,23.0,0.0,0
1969-02-21,122.0,39.0,0.0,0.0,0
1969-02-22,106.0,11.0,152.0,0.0,0
1969-02-23,78.0,11.0,170.0,0.0,0
1969-02-24,122.0,61.0,1059.0,0.0,0
1969-02-25,122.0,100.0,551.0,0.0,0
1969-02-26,133.0,39.0,20.0,0.0,0
1969-02-27,178.0,11.0,0.0,0.0,0
1969-02-28,150.0,44.0,8.0,0.0,0
1969-03-01,128.0,33.0,25.0,0.0,0
1969-03-02,178.0,6.0,0.0,0.0,0
1969-03-03,133.0,0.0,0.0,0.0,0
1969-03-04,150.0,-6.0,0.0,0.0,0
1969-03-05,172.0,6.0,0.0,0.0,0
1969-03-06,144.0,39.0,0.0,0.0,0
1969-03-07,139.0,-11.0,0.0,0.0,0
1969-03-08,128.0,-11.0,0.0,0.0,0
1969-03-09,117.0,11.0,0.0,0.0,0
1969-03-10,94.0,28.0,84.0,0.0,0
1969-03-11,133.0,-11.0,0.0,0.0,0
1969-03-12,133.0,28.0,0.0,0.0,0
1969-03-13,111.0,17.0,66.0,0.0,0
1969-03-14,156.0,-6.0,0.0,0.0,0
1969-03-15,189.0,-11.0,0.0,0.0,0
1969-03-16,211.0,-17.0,0.0,0.0,0
1969-03-17,217.0,-22.0,0.0,0.0,0
1969-03-18,222.0,44.0,0.0,0.0,0
1969-03-19,261.0,56.0,0.0,0.0,0
1969-03-20,239.0,61.0,0.0,0.0,0
1969-03-21,183.0,56.0,38.0,0.0,0
1969-03-22,167.0,50.0,20.0,0.0,0
1969-03-23,133.0,72.0,0.0,0.0,0
1969-03-24,211.0,28.0,0.0,0.0,0
1969-03-25,272.0,50.0,0.0,0.0,0
1969-03-26,272.0,39.0,0.0,0.0,0
1969-03-27,283.0,50.0,0.0,0.0,0
1969-03-28,294.0,67.0,0.0,0.0,0
1969-03-29,294.0,33.0,0.0,0.0,0
1969-03-30,278.0,83.0,0.0,0.0,0
1969-03-31,256.0,111.0,0.0,0.0,0
1969-04-01,211.0,100.0,0.0,0.0,0
1969-04-02,189.0,111.0,0.0,0.0,0
1969-04-03,172.0,89.0,0.0,0.0,0
1969-04-04,228.0,33.0,0.0,0.0,0
1969-04-05,228.0,17.0,0.0,0.0,0
1969-04-06,200.0,44.0,46.0,0.0,0
1969-04-07,200.0,17.0,0.0,0.0,0
1969-04-08,239.0,44.0,0.0,0.0,0
1969-04-09,233.0,89.0,0.0,0.0,0
1969-04-10,206.0,94.0,18.0,0.0,0
1969-04-11,200.0,100.0,0.0,0.0,0
1969-04-12,189.0,67.0,0.0,0.0,0
1969-04-13,222.0,94.0,0.0,0.0,0
1969-04-14,206.0,100.0,0.0,0.0,0
1969-04-15,206.0,56.0,0.0,0.0,0
1969-04-16,278.0,39.0,0.0,0.0,0
1969-04-17,278.0,56.0,0.0,0.0,0
1969-04-18,256.0,61.0,0.0,0.0,0
1969-04-19,261.0,44.0,0.0,0.0,0
1969-04-20,317.0,67.0,0.0,0.0,0
1969-04-21,261.0,83.0,0.0,0.0,0
1969-04-22,222.0,117.0,0.0,0.0,0
1969-04-23,200.0,106.0,0.0,0.0,0
1969-04-24,200.0,44.0,0.0,0.0,0
1969-04-25,233.0,33.0,0.0,0.0,0
1969-04-26,311.0,22.0,0.0,0.0,0
1969-04-27,283.0,44.0,0.0,0.0,0
1969-04-28,311.0,56.0,0.0,0.0,0
1969-04-29,283.0,61.0,0.0,0.0,0
1969-04-30,256.0,83.0,0.0,0.0,0
1969-05-01,233.0,100.0,0.0,0.0,0
1969-05-02,228.0,44.0,0.0,0.0,0
1969-05-03,172.0,100.0,0.0,0.0,0
1969-05-04,156.0,61.0,43.0,0.0,0
1969-05-05,139.0,72.0,25.0,0.0,0
1969-05-06,167.0,67.0,20.0,0.0,0
1969-05-07,161.0,122.0,46.0,0.0,0
1969-05-08,289.0,83.0,0.0,0.0,0
1969-05-09,322.0,100.0,0.0,0.0,0
1969-05-10,322.0,111.0,0.0,0.0,0
1969-05-11,306.0,128.0,0.0,0.0,0
1969-05-12,272.0,122.0,0.0,0.0,0
1969-05-13,239.0,111.0,0.0,0.0,0
1969-05-14,256.0,94.0,0.0,0.0,0
1969-05-15,278.0,72.0,0.0,0.0,0
1969-05-16,328.0,56.0,0.0,0.0,0
1969-05-17,344.0,72.0,0.0,0.0,0
1969-05-18,294.0,94.0,0.0,0.0,0
1969-05-19,278.0,83.0,0.0,0.0,0
1969-05-20,267.0,100.0,0.0,0.0,0
1969-05-21,256.0,100.0,0.0,0.0,0
1969-05-22,272.0,83.0,0.0,0.0,0
1969-05-23,289.0,78.0,0.0,0.0,0
1969-05-24,311.0,94.0,0.0,0.0,0
1969-05-25,328.0,106.0,0.0,0.0,0
1969-05-26,300.0,100.0,0.0,0.0,0
1969-05-27,289.0,83.0,0.0,0.0,0
1969-05-28,361.0,72.0,0.0,0.0,0
1969-05-29,367.0,128.0,0.0,0.0,0
1969-05-30,322.0,111.0,0.0,0.0,0
1969-05-31,294.0,133.0,0.0,0.0,0
1969-06-01,,128.0,0.0,0.0,0
1969-06-02,217.0,111.0,0.0,0.0,0
1969-06-03,250.0,111.0,0.0,0.0,0
1969-06-04,250.0,117.0,0.0,0.0,0
1969-06-05,239.0,117.0,0.0,0.0,0
1969-06-06,239.0,139.0,0.0,0.0,0
1969-06-07,278.0,133.0,0.0,0.0,0
1969-06-08,256.0,111.0,0.0,0.0,0
1969-06-09,222.0,111.0,0.0,0.0,0
1969-06-10,200.0,111.0,0.0,0.0,0
1969-06-11,167.0,122.0,0.0,0.0,0
1969-06-12,228.0,122.0,0.0,0.0,0
1969-06-13,278.0,122.0,0.0,0.0,0
1969-06-14,289.0,122.0,0.0,0.0,0
1969-06-15,283.0,139.0,0.0,0.0,0
1969-06-16,261.0,133.0,0.0,0.0,0
1969-06-17,256.0,133.0,0.0,0.0,0
1969-06-18,294.0,144.0,0.0,0.0,0
1969-06-19,283.0,111.0,0.0,0.0,0
1969-06-20,256.0,156.0,0.0,0.0,0
1969-06-21,233.0,144.0,0.0,0.0,0
1969-06-22,261.0,128.0,0.0,0.0,0
1969-06-23,278.0,111.0,0.0,0.0,0
1969-06-24,222.0,156.0,0.0,0.0,0
1969-06-25,244.0,133.0,0.0,0.0,0
1969-06-26,283.0,133.0,0.0,0.0,0
1969-06-27,278.0,100.0,0.0,0.0,0
1969-06-28,317.0,139.0,0.0,0.0,0
1969-06-29,350.0,117.0,0.0,0.0,0
1969-06-30,378.0,111.0,0.0,0.0,0
1969-07-01,389.0,100.0,0.0,0.0,0
1969-07-02,394.0,156.0,0.0,0.0,0
1969-07-03,378.0,150.0,0.0,0.0,0
1969-07-04,361.0,122.0,0.0,0.0,0
1969-07-05,311.0,117.0,0.0,0.0,0
1969-07-06,300.0,133.0,0.0,0.0,0
1969-07-07,278.0,128.0,0.0,0.0,0
1969-07-08,306.0,122.0,0.0,0.0,0
1969-07-09,344.0,100.0,0.0,0.0,0
1969-07-10,367.0,106.0,0.0,0.0,0
1969-07-11,367.0,111.0,0.0,0.0,0
1969-07-12,350.0,106.0,0.0,0.0,0
1969-07-13,333.0,117.0,0.0,0.0,0
1969-07-14,339.0,122.0,0.0,0.0,0
1969-07-15,339.0,139.0,0.0,0.0,0
1969-07-16,372.0,133.0,0.0,0.0,0
1969-07-17,356.0,167.0,0.0,0.0,0
1969-07-18,367.0,139.0,0.0,0.0,0
1969-07-19,361.0,183.0,0.0,0.0,0
1969-07-20,339.0,172.0,0.0,0.0,0
1969-07-21,356.0,156.0,0.0,0.0,0
1969-07-22,361.0,139.0,0.0,0.0,0
1969-07-23,356.0,139.0,0.0,0.0,0
1969-07-24,339.0,139.0,0.0,0.0,0
1969-07-25,350.0,133.0,0.0,0.0,0
1969-07-26,350.0,128.0,0.0,0.0,0
1969-07-27,328.0,172.0,0.0,0.0,0
1969-07-28,356.0,156.0,0.0,0.0,0
1969-07-29,356.0,156.0,0.0,0.0,0
1969-07-30,378.0,156.0,0.0,0.0,0
1969-07-31,378.0,206.0,0.0,0.0,0
1969-08-01,394.0,200.0,0.0,0.0,0
1969-08-02,400.0,161.0,0.0,0.0,0
1969-08-03,417.0,139.0,0.0,0.0,0
1969-08-04,411.0,133.0,0.0,0.0,0
1969-08-05,422.0,144.0,0.0,0.0,0
1969-08-06,389.0,139.0,0.0,0.0,0
1969-08-07,400.0,144.0,0.0,0.0,0
1969-08-08,367.0,156.0,0.0,0.0,0
1969-08-09,389.0,150.0,0.0,0.0,0
1969-08-10,372.0,161.0,0.0,0.0,0
1969-08-11,372.0,172.0,0.0,0.0,0
1969-08-12,378.0,161.0,0.0,0.0,0
1969-08-13,367.0,172.0,0.0,0.0,0
1969-08-14,372.0,178.0,0.0,0.0,0
1969-08-15,367.0,167.0,0.0,0.0,0
1969-08-16,383.0,172.0,0.0,0.0,0
1969-08-17,383.0,161.0,0.0,0.0,0
1969-08-18,361.0,128.0,0.0,0.0,0
1969-08-19,367.0,150.0,0.0,0.0,0
1969-08-20,406.0,156.0,0.0,0.0,0
1969-08-21,417.0,111.0,0.0,0.0,0
1969-08-22,400.0,156.0,0.0,0.0,0
1969-08-23,389.0,133.0,0.0,0.0,0
1969-08-24,389.0,172.0,0.0,0.0,0
1969-08-25,372.0,161.0,0.0,0.0,0
1969-08-26,350.0,150.0,0.0,0.0,0
1969-08-27,333.0,106.0,0.0,0.0,0
1969-08-28,317.0,111.0,0.0,0.0,0
1969-08-29,333.0,128.0,0.0,0.0,0
1969-08-30,344.0,117.0,0.0,0.0,0
1969-08-31,389.0,94.0,0.0,0.0,0
1969-09-01,406.0,100.0,0.0,0.0,0
1969-09-02,394.0,139.0,0.0,0.0,0
1969-09-03,383.0,144.0,0.0,0.0,0
1969-09-04,361.0,139.0,0.0,0.0,0
1969-09-05,372.0,133.0,0.0,0.0,0
1969-09-06,378.0,172.0,0.0,0.0,0
1969-09-07,383.0,178.0,0.0,0.0,0
1969-09-08,378.0,122.0,0.0,0.0,0
1969-09-09,394.0,161.0,0.0,0.0,0
1969-09-10,411.0,117.0,0.0,0.0,0
1969-09-11,378.0,122.0,0.0,0.0,0
1969-09-12,356.0,100.0,0.0,0.0,0
1969-09-13,328.0,156.0,0.0,0.0,0
1969-09-14,317.0,150.0,0.0,0.0,0
1969-09-15,278.0,144.0,0.0,0.0,0
1969-09-16,267.0,133.0,0.0,0.0,0
1969-09-17,306.0,117.0,0.0,0.0,0
1969-09-18,311.0,133.0,0.0,0.0,0
1969-09-19,306.0,100.0,0.0,0.0,0
1969-09-20,278.0,128.0,0.0,0.0,0
1969-09-21,261.0,117.0,0.0,0.0,0
1969-09-22,317.0,106.0,0.0,0.0,0
1969-09-23,,,0.0,0.0,0
1969-09-24,,,0.0,0.0,0
1969-09-25,344.0,100.0,0.0,0.0,0
1969-09-26,322.0,106.0,0.0,0.0,0
1969-09-27,,,0.0,0.0,0
1969-09-28,,,0.0,0.0,0
1969-09-29,,,0.0,0.0,0
1969-09-30,367.0,139.0,0.0,0.0,0
1969-10-01,333.0,106.0,0.0,0.0,0
1969-10-02,306.0,139.0,0.0,0.0,0
1969-10-03,250.0,117.0,0.0,0.0,0
1969-10-04,256.0,100.0,0.0,0.0,0
1969-10-05,283.0,33.0,0.0,0.0,0
1969-10-06,289.0,50.0,0.0,0.0,0
1969-10-07,328.0,50.0,0.0,0.0,0
1969-10-08,339.0,56.0,0.0,0.0,0
1969-10-09,283.0,67.0,0.0,0.0,0
1969-10-10,256.0,83.0,0.0,0.0,0
1969-10-11,239.0,83.0,0.0,0.0,0
1969-10-12,261.0,22.0,0.0,0.0,0
1969-10-13,261.0,17.0,0.0,0.0,0
1969-10-14,228.0,33.0,0.0,0.0,0
1969-10-15,239.0,67.0,0.0,0.0,0
1969-10-16,256.0,56.0,0.0,0.0,0
1969-10-17,250.0,128.0,0.0,0.0,0
1969-10-18,200.0,67.0,0.0,0.0,0
1969-10-19,217.0,22.0,0.0,0.0,0
1969-10-20,244.0,17.0,0.0,0.0,0
1969-10-21,250.0,78.0,0.0,0.0,0
1969-10-22,233.0,89.0,0.0,0.0,0
1969-10-23,267.0,56.0,0.0,0.0,0
1969-10-24,194.0,94.0,0.0,0.0,0
1969-10-25,211.0,72.0,0.0,0.0,0
1969-10-26,239.0,50.0,0.0,0.0,0
1969-10-27,272.0,44.0,0.0,0.0,0
1969-10-28,272.0,33.0,0.0,0.0,0
1969-10-29,278.0,22.0,0.0,0.0,0
1969-10-30,300.0,39.0,0.0,0.0,0
1969-10-31,300.0,39.0,0.0,0.0,0
1969-11-01,306.0,39.0,0.0,0.0,0
1969-11-02,311.0,56.0,0.0,0.0,0
1969-11-03,311.0,50.0,0.0,0.0,0
1969-11-04,289.0,39.0,0.0,0.0,0
1969-11-05,222.0,44.0,0.0,0.0,0
1969-11-06,156.0,100.0,33.0,0.0,0
1969-11-07,167.0,67.0,226.0,0.0,0
1969-11-08,178.0,50.0,0.0,0.0,0
1969-11-09,189.0,56.0,0.0,0.0,0
1969-11-10,228.0,133.0,0.0,0.0,0
1969-11-11,256.0,100.0,0.0,0.0,0
1969-11-12,267.0,94.0,0.0,0.0,0
1969-11-13,272.0,83.0,0.0,0.0,0
1969-11-14,261.0,67.0,0.0,0.0,0
1969-11-15,206.0,122.0,0.0,0.0,0
1969-11-16,222.0,56.0,0.0,0.0,0
1969-11-17,222.0,67.0,0.0,0.0,0
1969-11-18,172.0,83.0,0.0,0.0,0
1969-11-19,211.0,17.0,0.0,0.0,0
1969-11-20,244.0,22.0,0.0,0.0,0
1969-11-21,228.0,6.0,0.0,0.0,0
1969-11-22,233.0,-22.0,0.0,0.0,0
1969-11-23,233.0,-11.0,0.0,0.0,0
1969-11-24,244.0,0.0,0.0,0.0,0
1969-11-25,250.0,11.0,0.0,0.0,0
1969-11-26,256.0,11.0,0.0,0.0,0
1969-11-27,256.0,22.0,0.0,0.0,0
1969-11-28,233.0,67.0,0.0,0.0,0
1969-11-29,222.0,33.0,0.0,0.0,0
1969-11-30,200.0,67.0,0.0,0.0,0
1969-12-01,211.0,44.0,3.0,0.0,0
1969-12-02,233.0,28.0,0.0,0.0,0
1969-12-03,206.0,133.0,0.0,0.0,0
1969-12-04,206.0,17.0,0.0,0.0,0
1969-12-05,189.0,83.0,0.0,0.0,0
1969-12-06,194.0,89.0,0.0,0.0,0
1969-12-07,194.0,-22.0,0.0,0.0,0
1969-12-08,161.0,-11.0,0.0,0.0,0
1969-12-09,139.0,39.0,0.0,0.0,0
1969-12-10,189.0,-6.0,0.0,0.0,0
1969-12-11,211.0,-17.0,0.0,0.0,0
1969-12-12,239.0,-22.0,0.0,0.0,0
1969-12-13,261.0,-17.0,0.0,0.0,0
1969-12-14,256.0,-17.0,0.0,0.0,0
1969-12-15,272.0,-22.0,0.0,0.0,0
1969-12-16,217.0,6.0,0.0,0.0,0
1969-12-17,206.0,50.0,0.0,0.0,0
1969-12-18,167.0,50.0,0.0,0.0,0
1969-12-19,167.0,39.0,0.0,0.0,0
1969-12-20,178.0,89.0,0.0,0.0,0
1969-12-21,189.0,44.0,0.0,0.0,0
1969-12-22,206.0,100.0,0.0,0.0,0
1969-12-23,200.0,39.0,0.0,0.0,0
1969-12-24,161.0,72.0,0.0,0.0,0
1969-12-25,178.0,39.0,0.0,0.0,0
1969-12-26,156.0,72.0,0.0,0.0,0
1969-12-27,156.0,17.0,0.0,0.0,0
1969-12-28,128.0,17.0,0.0,0.0,0
1969-12-29,150.0,28.0,0.0,0.0,0
1969-12-30,156.0,-61.0,0.0,0.0,0
1969-12-31,178.0,-50.0,0.0,0.0,0
1970-01-01,139.0,22.0,0.0,0.0,0
1970-01-02,139.0,28.0,0.0,0.0,0
1970-01-03,183.0,-17.0,0.0,0.0,0
1970-01-04,150.0,-56.0,0.0,0.0,0
1970-01-05,150.0,-61.0,0.0,0.0,0
1970-01-06,172.0,-11.0,0.0,0.0,0
1970-01-07,189.0,39.0,0.0,0.0,0
1970-01-08,194.0,0.0,0.0,0.0,0
1970-01-09,183.0,22.0,0.0,0.0,0
1970-01-10,172.0,17.0,69.0,0.0,0
1970-01-11,133.0,17.0,5.0,0.0,0
1970-01-12,161.0,28.0,0.0,0.0,0
1970-01-13,161.0,72.0,0.0,0.0,0
1970-01-14,161.0,61.0,0.0,0.0,0
1970-01-15,167.0,67.0,8.0,0.0,0
1970-01-16,150.0,94.0,0.0,0.0,0
1970-01-17,167.0,67.0,58.0,0.0,0
1970-01-18,172.0,44.0,8.0,0.0,0
1970-01-19,172.0,61.0,0.0,0.0,0
1970-01-20,189.0,83.0,0.0,0.0,0
1970-01-21,217.0,50.0,0.0,0.0,0
1970-01-22,211.0,39.0,0.0,0.0,0
1970-01-23,228.0,22.0,0.0,0.0,0
1970-01-24,183.0,67.0,0.0,0.0,0
1970-01-25,172.0,39.0,0.0,0.0,0
1970-01-26,211.0,11.0,0.0,0.0,0
1970-01-27,178.0,50.0,0.0,0.0,0
1970-01-28,206.0,33.0,0.0,0.0,0
1970-01-29,200.0,-22.0,0.0,0.0,0
1970-01-30,217.0,-28.0,0.0,0.0,0
1970-01-31,200.0,39.0,0.0,0.0,0
1970-02-01,206.0,-6.0,0.0,0.0,0
1970-02-02,206.0,61.0,0.0,0.0,0
1970-02-03,217.0,0.0,0.0,0.0,0
1970-02-04,194.0,50.0,0.0,0.0,0
1970-02-05,200.0,11.0,0.0,0.0,0
1970-02-06,261.0,0.0,0.0,0.0,0
1970-02-07,278.0,22.0,0.0,0.0,0
1970-02-08,278.0,94.0,0.0,0.0,0
1970-02-09,222.0,67.0,5.0,0.0,0
1970-02-10,156.0,100.0,165.0,0.0,0
1970-02-11,194.0,106.0,251.0,0.0,0
1970-02-12,172.0,72.0,0.0,0.0,0
1970-02-13,167.0,61.0,0.0,0.0,0
1970-02-14,217.0,50.0,0.0,0.0,0
1970-02-15,239.0,22.0,0.0,0.0,0
1970-02-16,233.0,11.0,0.0,0.0,0
1970-02-17,211.0,61.0,0.0,0.0,0
1970-02-18,194.0,28.0,0.0,0.0,0
1970-02-19,183.0,61.0,0.0,0.0,0
1970-02-20,194.0,-33.0,0.0,0.0,0
1970-02-21,194.0,-33.0,0.0,0.0,0
1970-02-22,200.0,-11.0,0.0,0.0,0
1970-02-23,222.0,0.0,0.0,0.0,0
1970-02-24,228.0,44.0,0.0,0.0,0
1970-02-25,244.0,22.0,0.0,0.0,0
1970-02-26,250.0,44.0,0.0,0.0,0
1970-02-27,211.0,61.0,0.0,0.0,0
1970-02-28,156.0,22.0,5.0,0.0,0
1970-03-01,122.0,83.0,330.0,0.0,0
1970-03-02,139.0,78.0,236.0,0.0,0
1970-03-03,139.0,50.0,0.0,0.0,0
1970-03-04,133.0,44.0,0.0,0.0,0
1970-03-05,161.0,28.0,160.0,0.0,0
1970-03-06,194.0,11.0,0.0,0.0,0
1970-03-07,228.0,28.0,0.0,0.0,0
1970-03-08,194.0,28.0,0.0,0.0,0
1970-03-09,167.0,39.0,0.0,0.0,0
1970-03-10,144.0,39.0,13.0,0.0,0
1970-03-11,161.0,17.0,0.0,0.0,0
1970-03-12,211.0,22.0,0.0,0.0,0
1970-03-13,289.0,50.0,0.0,0.0,0
1970-03-14,289.0,50.0,0.0,0.0,0
1970-03-15,267.0,50.0,0.0,0.0,0
1970-03-16,250.0,78.0,0.0,0.0,0
1970-03-17,233.0,39.0,0.0,0.0,0
1970-03-18,189.0,39.0,0.0,0.0,0
1970-03-19,194.0,39.0,0.0,0.0,0
1970-03-20,211.0,0.0,0.0,0.0,0
1970-03-21,239.0,0.0,0.0,0.0,0
1970-03-22,272.0,33.0,0.0,0.0,0
1970-03-23,283.0,39.0,0.0,0.0,0
1970-03-24,250.0,44.0,0.0,0.0,0
1970-03-25,272.0,44.0,0.0,0.0,0
1970-03-26,233.0,67.0,0.0,0.0,0
1970-03-27,228.0,39.0,0.0,0.0,0
1970-03-28,244.0,17.0,0.0,0.0,0
1970-03-29,233.0,11.0,0.0,0.0,0
1970-03-30,161.0,50.0,0.0,0.0,0
1970-03-31,178.0,28.0,0.0,0.0,0
1970-04-01,211.0,33.0,0.0,0.0,0
1970-04-02,250.0,6.0,0.0,0.0,0
1970-04-03,267.0,44.0,0.0,0.0,0
1970-04-04,267.0,50.0,0.0,0.0,0
1970-04-05,289.0,50.0,0.0,0.0,0
1970-04-06,261.0,22.0,0.0,0.0,0
1970-04-07,217.0,56.0,0.0,0.0,0
1970-04-08,228.0,50.0,0.0,0.0,0
1970-04-09,289.0,50.0,0.0,0.0,0
1970-04-10,300.0,78.0,0.0,0.0,0
1970-04-11,283.0,67.0,0.0,0.0,0
1970-04-12,283.0,56.0,0.0,0.0,0
1970-04-13,256.0,83.0,0.0,0.0,0
1970-04-14,156.0,28.0,0.0,0.0,0
1970-04-15,206.0,6.0,0.0,0.0,0
1970-04-16,172.0,56.0,0.0,0.0,0
1970-04-17,211.0,33.0,0.0,0.0,0
1970-04-18,211.0,33.0,0.0,0.0,0
1970-04-19,211.0,17.0,0.0,0.0,0
1970-04-20,222.0,67.0,0.0,0.0,0
1970-04-21,189.0,61.0,0.0,0.0,0
1970-04-22,194.0,6.0,0.0,0.0,0
1970-04-23,244.0,11.0,0.0,0.0,0
1970-04-24,244.0,17.0,0.0,0.0,0
1970-04-25,267.0,44.0,0.0,0.0,0
1970-04-26,233.0,44.0,0.0,0.0,0
1970-04-27,156.0,72.0,10.0,0.0,0
1970-04-28,167.0,0.0,10.0,0.0,0
1970-04-29,200.0,-17.0,10.0,0.0,0
1970-04-30,244.0,6.0,0.0,0.0,0
1970-05-01,283.0,39.0,0.0,0.0,0
1970-05-02,311.0,72.0,0.0,0.0,0
1970-05-03,339.0,17.0,0.0,0.0,0
1970-05-04,350.0,44.0,0.0,0.0,0
1970-05-05,289.0,50.0,0.0,0.0,0
1970-05-06,250.0,89.0,0.0,0.0,0
1970-05-07,272.0,72.0,0.0,0.0,0
1970-05-08,233.0,61.0,0.0,0.0,0
1970-05-09,239.0,61.0,0.0,0.0,0
1970-05-10,228.0,117.0,0.0,0.0,0
1970-05-11,250.0,83.0,0.0,0.0,0
1970-05-12,250.0,61.0,0.0,0.0,0
1970-05-13,278.0,67.0,0.0,0.0,0
1970-05-14,339.0,56.0,0.0,0.0,0
1970-05-15,356.0,128.0,0.0,0.0,0
1970-05-16,389.0,122.0,0.0,0.0,0
1970-05-17,383.0,111.0,0.0,0.0,0
1970-05-18,344.0,100.0,0.0,0.0,0
1970-05-19,289.0,128.0,0.0,0.0,0
1970-05-20,267.0,94.0,0.0,0.0,0
1970-05-21,278.0,94.0,0.0,0.0,0
1970-05-22,311.0,67.0,0.0,0.0,0
1970-05-23,294.0,106.0,0.0,0.0,0
1970-05-24,294.0,122.0,0.0,0.0,0
1970-05-25,256.0,106.0,0.0,0.0,0
1970-05-26,222.0,106.0,0.0,0.0,0
1970-05-27,189.0,128.0,0.0,0.0,0
1970-05-28,189.0,122.0,0.0,0.0,0
1970-05-29,272.0,111.0,0.0,0.0,0
1970-05-30,311.0,94.0,0.0,0.0,0
1970-05-31,333.0,106.0,0.0,0.0,0
1970-06-01,394.0,111.0,0.0,0.0,0
1970-06-02,406.0,133.0,0.0,0.0,0
1970-06-03,400.0,133.0,0.0,0.0,0
1970-06-04,300.0,122.0,0.0,0.0,0
1970-06-05,289.0,122.0,0.0,0.0,0
1970-06-06,317.0,117.0,0.0,0.0,0
1970-06-07,300.0,128.0,0.0,0.0,0
1970-06-08,256.0,133.0,0.0,0.0,0
1970-06-09,211.0,133.0,0.0,0.0,0
1970-06-10,194.0,128.0,0.0,0.0,0
1970-06-11,267.0,122.0,0.0,0.0,0
1970-06-12,261.0,144.0,0.0,0.0,0
1970-06-13,206.0,78.0,0.0,0.0,0
1970-06-14,256.0,50.0,0.0,0.0,0
1970-06-15,261.0,44.0,0.0,0.0,0
1970-06-16,261.0,117.0,0.0,0.0,0
1970-06-17,283.0,100.0,0.0,0.0,0
1970-06-18,317.0,100.0,0.0,0.0,0
1970-06-19,356.0,128.0,0.0,0.0,0
1970-06-20,350.0,122.0,0.0,0.0,0
1970-06-21,361.0,139.0,0.0,0.0,0
1970-06-22,372.0,133.0,0.0,0.0,0
1970-06-23,356.0,117.0,0.0,0.0,0
1970-06-24,383.0,117.0,0.0,0.0,0
1970-06-25,406.0,156.0,0.0,0.0,0
1970-06-26,383.0,167.0,0.0,0.0,0
1970-06-27,344.0,139.0,0.0,0.0,0
1970-06-28,317.0,117.0,0.0,0.0,0
1970-06-29,278.0,72.0,0.0,0.0,0
1970-06-30,356.0,61.0,0.0,0.0,0
1970-07-01,378.0,128.0,0.0,0.0,0
1970-07-02,400.0,100.0,0.0,0.0,0
1970-07-03,383.0,161.0,0.0,0.0,0
1970-07-04,400.0,117.0,0.0,0.0,0
1970-07-05,422.0,111.0,0.0,0.0,0
1970-07-06,378.0,167.0,0.0,0.0,0
1970-07-07,367.0,167.0,0.0,0.0,0
1970-07-08,356.0,167.0,0.0,0.0,0
1970-07-09,356.0,78.0,0.0,0.0,0
1970-07-10,328.0,156.0,0.0,0.0,0
1970-07-11,339.0,144.0,0.0,0.0,0
1970-07-12,350.0,144.0,0.0,0.0,0
1970-07-13,367.0,122.0,0.0,0.0,0
1970-07-14,361.0,100.0,0.0,0.0,0
1970-07-15,361.0,156.0,0.0,0.0,0
1970-07-16,383.0,161.0,0.0,0.0,0
1970-07-17,400.0,156.0,0.0,0.0,0
1970-07-18,378.0,161.0,0.0,0.0,0
1970-07-19,389.0,183.0,0.0,0.0,0
1970-07-20,400.0,150.0,0.0,0.0,0
1970-07-21,367.0,156.0,0.0,0.0,0
1970-07-22,367.0,172.0,0.0,0.0,0
1970-07-23,350.0,128.0,0.0,0.0,0
1970-07-24,344.0,128.0,0.0,0.0,0
1970-07-25,339.0,144.0,0.0,0.0,0
1970-07-26,356.0,133.0,0.0,0.0,0
1970-07-27,367.0,122.0,0.0,0.0,0
1970-07-28,356.0,156.0,0.0,0.0,0
1970-07-29,361.0,167.0,0.0,0.0,0
1970-07-30,356.0,156.0,0.0,0.0,0
1970-07-31,367.0,128.0,0.0,0.0,0
1970-08-01,394.0,150.0,0.0,0.0,0
1970-08-02,400.0,133.0,0.0,0.0,0
1970-08-03,400.0,117.0,0.0,0.0,0
1970-08-04,333.0,150.0,0.0,0.0,0
1970-08-05,356.0,144.0,0.0,0.0,0
1970-08-06,406.0,150.0,0.0,0.0,0
1970-08-07,417.0,211.0,0.0,0.0,0
1970-08-08,400.0,172.0,0.0,0.0,0
1970-08-09,383.0,172.0,0.0,0.0,0
1970-08-10,378.0,156.0,0.0,0.0,0
1970-08-11,394.0,144.0,0.0,0.0,0
1970-08-12,378.0,161.0,0.0,0.0,0
1970-08-13,361.0,189.0,0.0,0.0,0
1970-08-14,361.0,156.0,0.0,0.0,0
1970-08-15,372.0,183.0,0.0,0.0,0
1970-08-16,367.0,156.0,0.0,0.0,0
1970-08-17,350.0,133.0,0.0,0.0,0
1970-08-18,339.0,139.0,0.0,0.0,0
1970-08-19,361.0,156.0,0.0,0.0,0
1970-08-20,339.0,144.0,0.0,0.0,0
1970-08-21,333.0,144.0,0.0,0.0,0
1970-08-22,333.0,144.0,0.0,0.0,0
1970-08-23,383.0,172.0,0.0,0.0,0
1970-08-24,372.0,128.0,0.0,0.0,0
1970-08-25,389.0,150.0,0.0,0.0,0
1970-08-26,378.0,133.0,0.0,0.0,0
1970-08-27,344.0,144.0,41.0,0.0,0
1970-08-28,344.0,172.0,0.0,0.0,0
1970-08-29,350.0,161.0,0.0,0.0,0
1970-08-30,344.0,183.0,0.0,0.0,0
1970-08-31,389.0,183.0,0.0,0.0,0
1970-09-01,378.0,156.0,0.0,0.0,0
1970-09-02,367.0,100.0,0.0,0.0,0
1970-09-03,350.0,100.0,0.0,0.0,0
1970-09-04,328.0,78.0,0.0,0.0,0
1970-09-05,289.0,100.0,0.0,0.0,0
1970-09-06,333.0,111.0,0.0,0.0,0
1970-09-07,367.0,67.0,0.0,0.0,0
1970-09-08,350.0,128.0,0.0,0.0,0
1970-09-09,356.0,122.0,0.0,0.0,0
1970-09-10,400.0,156.0,0.0,0.0,0
1970-09-11,400.0,167.0,0.0,0.0,0
1970-09-12,322.0,133.0,0.0,0.0,0
1970-09-13,261.0,128.0,0.0,0.0,0
1970-09-14,256.0,100.0,0.0,0.0,0
1970-09-15,300.0,72.0,0.0,0.0,0
1970-09-16,367.0,89.0,0.0,0.0,0
1970-09-17,350.0,94.0,0.0,0.0,0
1970-09-18,356.0,100.0,0.0,0.0,0
1970-09-19,361.0,94.0,0.0,0.0,0
1970-09-20,322.0,78.0,0.0,0.0,0
1970-09-21,311.0,72.0,0.0,0.0,0
1970-09-22,311.0,161.0,0.0,0.0,0
1970-09-23,333.0,72.0,0.0,0.0,0
1970-09-24,333.0,78.0,0.0,0.0,0
1970-09-25,328.0,61.0,0.0,0.0,0
1970-09-26,356.0,61.0,0.0,0.0,0
1970-09-27,328.0,61.0,0.0,0.0,0
1970-09-28,,,0.0,0.0,0
1970-09-29,328.0,111.0,0.0,0.0,0
1970-09-30,339.0,128.0,0.0,0.0,0
1970-10-01,,,0.0,0.0,0
1970-10-02,,,0.0,0.0,0
1970-10-03,283.0,128.0,0.0,0.0,0
1970-10-04,239.0,117.0,0.0,0.0,0
1970-10-05,250.0,111.0,0.0,0.0,0
1970-10-06,239.0,111.0,0.0,0.0,0
1970-10-07,256.0,89.0,0.0,0.0,0
1970-10-08,283.0,61.0,0.0,0.0,0
1970-10-09,306.0,56.0,0.0,0.0,0
1970-10-10,278.0,44.0,0.0,0.0,0
1970-10-11,311.0,61.0,0.0,0.0,0
1970-10-12,300.0,122.0,0.0,0.0,0
1970-10-13,244.0,122.0,0.0,0.0,0
1970-10-14,300.0,144.0,0.0,0.0,0
1970-10-15,244.0,100.0,0.0,0.0,0
1970-10-16,294.0,61.0,0.0,0.0,0
1970-10-17,300.0,56.0,0.0,0.0,0
1970-10-18,300.0,94.0,0.0,0.0,0
1970-10-19,244.0,72.0,0.0,0.0,0
1970-10-20,222.0,111.0,0.0,0.0,0
1970-10-21,217.0,94.0,0.0,0.0,0
1970-10-22,206.0,83.0,0.0,0.0,0
1970-10-23,200.0,56.0,0.0,0.0,0
1970-10-24,206.0,139.0,0.0,0.0,0
1970-10-25,211.0,83.0,0.0,0.0,0
1970-10-26,222.0,11.0,0.0,0.0,0
1970-10-27,217.0,94.0,0.0,0.0,0
1970-10-28,267.0,61.0,0.0,0.0,0
1970-10-29,317.0,17.0,0.0,0.0,0
1970-10-30,289.0,17.0,0.0,0.0,0
1970-10-31,294.0,28.0,0.0,0.0,0
1970-11-01,311.0,33.0,0.0,0.0,0
1970-11-02,300.0,83.0,0.0,0.0,0
1970-11-03,294.0,39.0,0.0,0.0,0
1970-11-04,222.0,56.0,0.0,0.0,0
1970-11-05,244.0,61.0,0.0,0.0,0
1970-11-06,200.0,133.0,0.0,0.0,0
1970-11-07,200.0,89.0,0.0,0.0,0
1970-11-08,244.0,56.0,0.0,0.0,0
1970-11-09,278.0,28.0,0.0,0.0,0
1970-11-10,256.0,28.0,0.0,0.0,0
1970-11-11,256.0,50.0,0.0,0.0,0
1970-11-12,200.0,89.0,0.0,0.0,0
1970-11-13,211.0,117.0,0.0,0.0,0
1970-11-14,217.0,106.0,0.0,0.0,0
1970-11-15,239.0,33.0,0.0,0.0,0
1970-11-16,256.0,17.0,0.0,0.0,0
1970-11-17,283.0,17.0,0.0,0.0,0
1970-11-18,244.0,17.0,0.0,0.0,0
1970-11-19,261.0,-11.0,0.0,0.0,0
1970-11-20,233.0,61.0,0.0,0.0,0
1970-11-21,172.0,39.0,0.0,0.0,0
1970-11-22,206.0,17.0,0.0,0.0,0
1970-11-23,283.0,-6.0,0.0,0.0,0
1970-11-24,283.0,33.0,0.0,0.0,0
1970-11-25,200.0,39.0,0.0,0.0,0
1970-11-26,172.0,67.0,43.0,0.0,0
1970-11-27,156.0,33.0,48.0,0.0,0
1970-11-28,167.0,61.0,3.0,0.0,0
1970-11-29,139.0,72.0,140.0,0.0,0
1970-11-30,139.0,50.0,257.0,0.0,0
1970-12-01,144.0,50.0,0.0,0.0,0
1970-12-02,122.0,39.0,0.0,0.0,0
1970-12-03,161.0,0.0,0.0,0.0,0
1970-12-04,200.0,-6.0,0.0,0.0,0
1970-12-05,250.0,17.0,0.0,0.0,0
1970-12-06,244.0,17.0,0.0,0.0,0
1970-12-07,256.0,44.0,0.0,0.0,0
1970-12-08,194.0,44.0,0.0,0.0,0
1970-12-09,167.0,83.0,0.0,0.0,0
1970-12-10,189.0,-22.0,0.0,0.0,0
1970-12-11,206.0,11.0,0.0,0.0,0
1970-12-12,222.0,-11.0,0.0,0.0,0
1970-12-13,194.0,-11.0,0.0,0.0,0
1970-12-14,144.0,33.0,15.0,0.0,0
1970-12-15,150.0,28.0,0.0,0.0,0
1970-12-16,156.0,6.0,0.0,0.0,0
1970-12-17,122.0,72.0,69.0,0.0,0
1970-12-18,111.0,0.0,69.0,0.0,0
1970-12-19,111.0,39.0,241.0,0.0,0
1970-12-20,100.0,-6.0,86.0,0.0,0
1970-12-21,106.0,39.0,277.0,0.0,0
1970-12-22,111.0,39.0,0.0,0.0,0
1970-12-23,133.0,-11.0,0.0,0.0,0
1970-12-24,111.0,-17.0,0.0,0.0,0
1970-12-25,156.0,-28.0,0.0,0.0,0
1970-12-26,150.0,0.0,0.0,0.0,0
1970-12-27,133.0,-6.0,0.0,0.0,0
1970-12-28,133.0,-17.0,0.0,0.0,0
1970-12-29,156.0,-6.0,0.0,0.0,0
1970-12-30,183.0,-11.0,0.0,0.0,0
1970-12-31,200.0,39.0,0.0,0.0,0
1971-01-01,194.0,-22.0,0.0,0.0,0
1971-01-02,156.0,-17.0,76.0,0.0,0
1971-01-03,89.0,0.0,5.0,0.0,0
1971-01-04,94.0,-17.0,0.0,0.0,0
1971-01-05,100.0,-33.0,0.0,0.0,0
1971-01-06,78.0,6.0,0.0,0.0,0
1971-01-07,117.0,0.0,0.0,0.0,0
1971-01-08,133.0,-33.0,0.0,0.0,0
1971-01-09,150.0,-22.0,0.0,0.0,0
1971-01-10,172.0,11.0,0.0,0.0,0
1971-01-11,94.0,0.0,0.0,0.0,0
1971-01-12,111.0,56.0,8.0,0.0,0
1971-01-13,111.0,11.0,25.0,0.0,0
1971-01-14,133.0,28.0,0.0,0.0,0
1971-01-15,222.0,17.0,0.0,0.0,0
1971-01-16,256.0,6.0,0.0,0.0,0
1971-01-17,289.0,56.0,0.0,0.0,0
1971-01-18,306.0,67.0,0.0,0.0,0
1971-01-19,256.0,89.0,0.0,0.0,0
1971-01-20,256.0,89.0,0.0,0.0,0
1971-01-21,211.0,61.0,0.0,0.0,0
1971-01-22,167.0,50.0,0.0,0.0,0
1971-01-23,183.0,50.0,0.0,0.0,0
1971-01-24,228.0,33.0,0.0,0.0,0
1971-01-25,228.0,17.0,0.0,0.0,0
1971-01-26,267.0,11.0,0.0,0.0,0
1971-01-27,272.0,33.0,0.0,0.0,0
1971-01-28,261.0,17.0,0.0,0.0,0
1971-01-29,278.0,22.0,0.0,0.0,0
1971-01-30,272.0,11.0,0.0,0.0,0
1971-01-31,228.0,17.0,0.0,0.0,0
1971-02-01,167.0,-17.0,0.0,0.0,0
1971-02-02,150.0,78.0,0.0,0.0,0
1971-02-03,172.0,44.0,0.0,0.0,0
1971-02-04,189.0,-6.0,0.0,0.0,0
1971-02-05,189.0,0.0,0.0,0.0,0
1971-02-06,189.0,-6.0,0.0,0.0,0
1971-02-07,217.0,-11.0,0.0,0.0,0
1971-02-08,228.0,-11.0,0.0,0.0,0
1971-02-09,239.0,6.0,0.0,0.0,0
1971-02-10,289.0,0.0,0.0,0.0,0
1971-02-11,294.0,0.0,0.0,0.0,0
1971-02-12,300.0,44.0,0.0,0.0,0
1971-02-13,300.0,33.0,0.0,0.0,0
1971-02-14,272.0,11.0,0.0,0.0,0
1971-02-15,222.0,50.0,0.0,0.0,0
1971-02-16,117.0,83.0,13.0,0.0,0
1971-02-17,139.0,50.0,99.0,0.0,0
1971-02-18,156.0,50.0,5.0,0.0,0
1971-02-19,144.0,28.0,0.0,0.0,0
1971-02-20,144.0,11.0,0.0,0.0,0
1971-02-21,172.0,-28.0,0.0,0.0,0
1971-02-22,156.0,11.0,0.0,0.0,0
1971-02-23,156.0,28.0,0.0,0.0,0
1971-02-24,200.0,-17.0,0.0,0.0,0
1971-02-25,178.0,0.0,0.0,0.0,0
1971-02-26,150.0,50.0,0.0,0.0,0
1971-02-27,150.0,-44.0,0.0,0.0,0
1971-02-28,122.0,-22.0,0.0,0.0,0
1971-03-01,122.0,-33.0,0.0,0.0,0
1971-03-02,144.0,-44.0,0.0,0.0,0
1971-03-03,222.0,-11.0,0.0,0.0,0
1971-03-04,217.0,6.0,0.0,0.0,0
1971-03-05,178.0,6.0,0.0,0.0,0
1971-03-06,194.0,22.0,0.0,0.0,0
1971-03-07,239.0,0.0,0.0,0.0,0
1971-03-08,211.0,0.0,0.0,0.0,0
1971-03-09,194.0,33.0,0.0,0.0,0
1971-03-10,167.0,17.0,0.0,0.0,0
1971-03-11,183.0,50.0,0.0,0.0,0
1971-03-12,172.0,33.0,0.0,0.0,0
1971-03-13,172.0,28.0,25.0,0.0,0
1971-03-14,189.0,56.0,0.0,0.0,0
1971-03-15,256.0,-11.0,0.0,0.0,0
1971-03-16,283.0,33.0,0.0,0.0,0
1971-03-17,244.0,39.0,0.0,0.0,0
1971-03-18,228.0,22.0,0.0,0.0,0
1971-03-19,256.0,0.0,0.0,0.0,0
1971-03-20,244.0,-11.0,0.0,0.0,0
1971-03-21,244.0,-17.0,0.0,0.0,0
1971-03-22,267.0,22.0,0.0,0.0,0
1971-03-23,244.0,33.0,0.0,0.0,0
1971-03-24,206.0,78.0,0.0,0.0,0
1971-03-25,194.0,44.0,0.0,0.0,0
1971-03-26,233.0,100.0,0.0,0.0,0
1971-03-27,222.0,106.0,0.0,0.0,0
1971-03-28,294.0,61.0,0.0,0.0,0
1971-03-29,328.0,50.0,0.0,0.0,0
1971-03-30,289.0,72.0,0.0,0.0,0
1971-03-31,267.0,89.0,0.0,0.0,0
1971-04-01,272.0,67.0,0.0,0.0,0
1971-04-02,278.0,28.0,0.0,0.0,0
1971-04-03,300.0,44.0,0.0,0.0,0
1971-04-04,300.0,50.0,0.0,0.0,0
1971-04-05,317.0,33.0,0.0,0.0,0
1971-04-06,294.0,50.0,0.0,0.0,0
1971-04-07,244.0,33.0,0.0,0.0,0
1971-04-08,217.0,67.0,0.0,0.0,0
1971-04-09,244.0,50.0,0.0,0.0,0
1971-04-10,272.0,50.0,0.0,0.0,0
1971-04-11,272.0,44.0,0.0,0.0,0
1971-04-12,283.0,39.0,0.0,0.0,0
1971-04-13,278.0,61.0,0.0,0.0,0
1971-04-14,217.0,100.0,0.0,0.0,0
1971-04-15,228.0,83.0,0.0,0.0,0
1971-04-16,211.0,111.0,0.0,0.0,0
1971-04-17,150.0,83.0,0.0,0.0,0
1971-04-18,161.0,22.0,0.0,0.0,0
1971-04-19,156.0,22.0,0.0,0.0,0
1971-04-20,139.0,44.0,0.0,0.0,0
1971-04-21,144.0,50.0,0.0,0.0,0
1971-04-22,206.0,6.0,0.0,0.0,0
1971-04-23,222.0,28.0,0.0,0.0,0
1971-04-24,211.0,22.0,0.0,0.0,0
1971-04-25,144.0,17.0,15.0,0.0,0
1971-04-26,167.0,44.0,0.0,0.0,0
1971-04-27,206.0,17.0,0.0,0.0,0
1971-04-28,183.0,56.0,0.0,0.0,0
1971-04-29,217.0,83.0,0.0,0.0,0
1971-04-30,278.0,56.0,0.0,0.0,0
1971-05-01,233.0,67.0,0.0,0.0,0
1971-05-02,228.0,56.0,0.0,0.0,0
1971-05-03,189.0,83.0,0.0,0.0,0
1971-05-04,183.0,67.0,0.0,0.0,0
1971-05-05,156.0,78.0,0.0,0.0,0
1971-05-06,156.0,89.0,0.0,0.0,0
1971-05-07,183.0,61.0,0.0,0.0,0
1971-05-08,194.0,56.0,84.0,0.0,0
1971-05-09,239.0,67.0,0.0,0.0,0
1971-05-10,256.0,72.0,0.0,0.0,0
1971-05-11,272.0,56.0,0.0,0.0,0
1971-05-12,272.0,83.0,0.0,0.0,0
1971-05-13,272.0,94.0,0.0,0.0,0
1971-05-14,278.0,100.0,0.0,0.0,0
1971-05-15,278.0,67.0,0.0,0.0,0
1971-05-16,261.0,94.0,0.0,0.0,0
1971-05-17,272.0,56.0,0.0,0.0,0
1971-05-18,289.0,61.0,0.0,0.0,0
1971-05-19,311.0,67.0,0.0,0.0,0
1971-05-20,289.0,67.0,0.0,0.0,0
1971-05-21,244.0,94.0,0.0,0.0,0
1971-05-22,200.0,67.0,0.0,0.0,0
1971-05-23,272.0,50.0,0.0,0.0,0
1971-05-24,328.0,50.0,0.0,0.0,0
1971-05-25,317.0,89.0,0.0,0.0,0
1971-05-26,278.0,94.0,0.0,0.0,0
1971-05-27,172.0,78.0,0.0,0.0,0
1971-05-28,167.0,83.0,5.0,0.0,0
1971-05-29,178.0,94.0,20.0,0.0,0
1971-05-30,178.0,78.0,0.0,0.0,0
1971-05-31,211.0,50.0,0.0,0.0,0
1971-06-01,233.0,33.0,0.0,0.0,0
1971-06-02,200.0,72.0,0.0,0.0,0
1971-06-03,211.0,94.0,0.0,0.0,0
1971-06-04,272.0,83.0,0.0,0.0,0
1971-06-05,278.0,61.0,0.0,0.0,0
1971-06-06,272.0,94.0,0.0,0.0,0
1971-06-07,233.0,106.0,0.0,0.0,0
1971-06-08,250.0,106.0,0.0,0.0,0
1971-06-09,233.0,122.0,0.0,0.0,0
1971-06-10,161.0,100.0,20.0,0.0,0
1971-06-11,250.0,117.0,0.0,0.0,0
1971-06-12,317.0,100.0,0.0,0.0,0
1971-06-13,333.0,106.0,0.0,0.0,0
1971-06-14,378.0,117.0,0.0,0.0,0
1971-06-15,378.0,128.0,0.0,0.0,0
1971-06-16,372.0,128.0,0.0,0.0,0
1971-06-17,344.0,83.0,0.0,0.0,0
1971-06-18,339.0,128.0,0.0,0.0,0
1971-06-19,350.0,122.0,0.0,0.0,0
1971-06-20,400.0,139.0,0.0,0.0,0
1971-06-21,389.0,144.0,0.0,0.0,0
1971-06-22,372.0,139.0,0.0,0.0,0
1971-06-23,328.0,144.0,0.0,0.0,0
1971-06-24,344.0,139.0,0.0,0.0,0
1971-06-25,328.0,117.0,0.0,0.0,0
1971-06-26,311.0,144.0,0.0,0.0,0
1971-06-27,311.0,144.0,0.0,0.0,0
1971-06-28,278.0,100.0,0.0,0.0,0
1971-06-29,294.0,100.0,0.0,0.0,0
1971-06-30,317.0,106.0,0.0,0.0,0
1971-07-01,317.0,89.0,0.0,0.0,0
1971-07-02,328.0,133.0,0.0,0.0,0
1971-07-03,333.0,111.0,0.0,0.0,0
1971-07-04,322.0,111.0,0.0,0.0,0
1971-07-05,328.0,144.0,0.0,0.0,0
1971-07-06,333.0,111.0,0.0,0.0,0
1971-07-07,328.0,144.0,0.0,0.0,0
1971-07-08,350.0,128.0,0.0,0.0,0
1971-07-09,372.0,128.0,0.0,0.0,0
1971-07-10,383.0,144.0,0.0,0.0,0
1971-07-11,411.0,144.0,0.0,0.0,0
1971-07-12,406.0,122.0,0.0,0.0,0
1971-07-13,400.0,144.0,0.0,0.0,0
1971-07-14,383.0,167.0,0.0,0.0,0
1971-07-15,344.0,167.0,0.0,0.0,0
1971-07-16,367.0,161.0,0.0,0.0,0
1971-07-17,367.0,178.0,0.0,0.0,0
1971-07-18,372.0,178.0,0.0,0.0,0
1971-07-19,356.0,161.0,0.0,0.0,0
1971-07-20,378.0,178.0,0.0,0.0,0
1971-07-21,372.0,200.0,0.0,0.0,0
1971-07-22,367.0,172.0,0.0,0.0,0
1971-07-23,361.0,161.0,0.0,0.0,0
1971-07-24,361.0,139.0,0.0,0.0,0
1971-07-25,344.0,156.0,0.0,0.0,0
1971-07-26,350.0,150.0,0.0,0.0,0
1971-07-27,361.0,144.0,0.0,0.0,0
1971-07-28,367.0,178.0,0.0,0.0,0
1971-07-29,367.0,178.0,0.0,0.0,0
1971-07-30,361.0,189.0,0.0,0.0,0
1971-07-31,378.0,189.0,0.0,0.0,0
1971-08-01,394.0,189.0,0.0,0.0,0
1971-08-02,394.0,206.0,0.0,0.0,0
1971-08-03,389.0,183.0,0.0,0.0,0
1971-08-04,383.0,194.0,0.0,0.0,0
1971-08-05,394.0,194.0,0.0,0.0,0
1971-08-06,394.0,183.0,0.0,0.0,0
1971-08-07,394.0,183.0,0.0,0.0,0
1971-08-08,406.0,172.0,0.0,0.0,0
1971-08-09,422.0,139.0,0.0,0.0,0
1971-08-10,383.0,128.0,0.0,0.0,0
1971-08-11,389.0,211.0,0.0,0.0,0
1971-08-12,350.0,178.0,0.0,0.0,0
1971-08-13,333.0,183.0,0.0,0.0,0
1971-08-14,333.0,167.0,0.0,0.0,0
1971-08-15,356.0,156.0,0.0,0.0,0
1971-08-16,378.0,161.0,0.0,0.0,0
1971-08-17,372.0,156.0,0.0,0.0,0
1971-08-18,350.0,172.0,0.0,0.0,0
1971-08-19,339.0,167.0,0.0,0.0,0
1971-08-20,328.0,150.0,0.0,0.0,0
1971-08-21,322.0,150.0,0.0,0.0,0
1971-08-22,322.0,150.0,0.0,0.0,0
1971-08-23,322.0,150.0,0.0,0.0,0
1971-08-24,322.0,100.0,0.0,0.0,0
1971-08-25,356.0,144.0,0.0,0.0,0
1971-08-26,372.0,144.0,0.0,0.0,0
1971-08-27,389.0,122.0,0.0,0.0,0
1971-08-28,389.0,172.0,0.0,0.0,0
1971-08-29,372.0,156.0,0.0,0.0,0
1971-08-30,333.0,128.0,0.0,0.0,0
1971-08-31,311.0,100.0,0.0,0.0,0
1971-09-01,344.0,117.0,0.0,0.0,0
1971-09-02,306.0,100.0,0.0,0.0,0
1971-09-03,322.0,122.0,0.0,0.0,0
1971-09-04,356.0,128.0,0.0,0.0,0
1971-09-05,378.0,144.0,0.0,0.0,0
1971-09-06,350.0,133.0,0.0,0.0,0
1971-09-07,367.0,194.0,0.0,0.0,0
1971-09-08,400.0,189.0,0.0,0.0,0
1971-09-09,378.0,194.0,0.0,0.0,0
1971-09-10,389.0,189.0,0.0,0.0,0
1971-09-11,433.0,167.0,0.0,0.0,0
1971-09-12,450.0,194.0,0.0,0.0,0
1971-09-13,456.0,194.0,0.0,0.0,0
1971-09-14,406.0,194.0,0.0,0.0,0
1971-09-15,328.0,161.0,0.0,0.0,0
1971-09-16,300.0,150.0,0.0,0.0,0
1971-09-17,256.0,178.0,0.0,0.0,0
1971-09-18,339.0,150.0,0.0,0.0,0
1971-09-19,328.0,128.0,0.0,0.0,0
1971-09-20,306.0,89.0,0.0,0.0,0
1971-09-21,267.0,150.0,0.0,0.0,0
1971-09-22,322.0,133.0,0.0,0.0,0
1971-09-23,350.0,89.0,0.0,0.0,0
1971-09-24,322.0,83.0,0.0,0.0,0
1971-09-25,272.0,89.0,0.0,0.0,0
1971-09-26,244.0,100.0,0.0,0.0,0
1971-09-27,250.0,56.0,0.0,0.0,0
1971-09-28,256.0,56.0,0.0,0.0,0
1971-09-29,244.0,33.0,0.0,0.0,0
1971-09-30,217.0,78.0,0.0,0.0,0
1971-10-01,256.0,44.0,0.0,0.0,0
1971-10-02,283.0,39.0,0.0,0.0,0
1971-10-03,306.0,,0.0,0.0,0
1971-10-04,317.0,56.0,0.0,0.0,0
1971-10-05,339.0,128.0,0.0,0.0,0
1971-10-06,350.0,128.0,0.0,0.0,0
1971-10-07,350.0,122.0,0.0,0.0,0
1971-10-08,356.0,106.0,0.0,0.0,0
1971-10-09,378.0,100.0,0.0,0.0,0
1971-10-10,378.0,128.0,0.0,0.0,0
1971-10-11,378.0,128.0,0.0,0.0,0
1971-10-12,367.0,117.0,0.0,0.0,0
1971-10-13,367.0,111.0,0.0,0.0,0
1971-10-14,300.0,100.0,0.0,0.0,0
1971-10-15,217.0,122.0,0.0,0.0,0
1971-10-16,133.0,72.0,0.0,0.0,0
1971-10-17,156.0,39.0,0.0,0.0,0
1971-10-18,178.0,17.0,0.0,0.0,0
1971-10-19,233.0,6.0,0.0,0.0,0
1971-10-20,261.0,44.0,0.0,0.0,0
1971-10-21,267.0,50.0,0.0,0.0,0
1971-10-22,306.0,56.0,0.0,0.0,0
1971-10-23,261.0,50.0,0.0,0.0,0
1971-10-24,183.0,94.0,0.0,0.0,0
1971-10-25,172.0,0.0,0.0,0.0,0
1971-10-26,189.0,-6.0,0.0,0.0,0
1971-10-27,178.0,61.0,0.0,0.0,0
1971-10-28,144.0,56.0,0.0,0.0,0
1971-10-29,139.0,0.0,0.0,0.0,0
1971-10-30,183.0,-33.0,0.0,0.0,0
1971-10-31,194.0,-17.0,0.0,0.0,0
1971-11-01,228.0,17.0,0.0,0.0,0
1971-11-02,272.0,6.0,0.0,0.0,0
1971-11-03,289.0,50.0,0.0,0.0,0
1971-11-04,306.0,39.0,0.0,0.0,0
1971-11-05,267.0,50.0,0.0,0.0,0
1971-11-06,272.0,33.0,0.0,0.0,0
1971-11-07,233.0,17.0,0.0,0.0,0
1971-11-08,256.0,11.0,0.0,0.0,0
1971-11-09,289.0,33.0,0.0,0.0,0
1971-11-10,289.0,39.0,0.0,0.0,0
1971-11-11,239.0,61.0,0.0,0.0,0
1971-11-12,178.0,106.0,18.0,0.0,0
1971-11-13,206.0,17.0,0.0,0.0,0
1971-11-14,183.0,72.0,0.0,0.0,0
1971-11-15,150.0,-17.0,0.0,0.0,0
1971-11-16,172.0,0.0,0.0,0.0,0
1971-11-17,222.0,-6.0,0.0,0.0,0
1971-11-18,144.0,6.0,0.0,0.0,0
1971-11-19,189.0,67.0,0.0,0.0,0
1971-11-20,167.0,89.0,0.0,0.0,0
1971-11-21,189.0,17.0,0.0,0.0,0
1971-11-22,194.0,17.0,0.0,0.0,0
1971-11-23,239.0,-17.0,0.0,0.0,0
1971-11-24,239.0,6.0,0.0,0.0,0
1971-11-25,222.0,17.0,0.0,0.0,0
1971-11-26,233.0,-11.0,0.0,0.0,0
1971-11-27,172.0,11.0,0.0,0.0,0
1971-11-28,183.0,17.0,0.0,0.0,0
1971-11-29,183.0,0.0,0.0,0.0,0
1971-11-30,156.0,44.0,0.0,0.0,0
1971-12-01,183.0,6.0,0.0,0.0,0
1971-12-02,156.0,-11.0,0.0,0.0,0
1971-12-03,128.0,39.0,15.0,0.0,0
1971-12-04,133.0,17.0,38.0,0.0,0
1971-12-05,228.0,-33.0,0.0,0.0,0
1971-12-06,183.0,-17.0,0.0,0.0,0
1971-12-07,111.0,44.0,30.0,0.0,0
1971-12-08,106.0,-11.0,0.0,0.0,0
1971-12-09,139.0,-50.0,0.0,0.0,0
1971-12-10,106.0,-17.0,0.0,0.0,0
1971-12-11,122.0,-6.0,13.0,0.0,0
1971-12-12,156.0,-33.0,0.0,0.0,0
1971-12-13,156.0,50.0,0.0,0.0,0
1971-12-14,150.0,-33.0,0.0,0.0,0
1971-12-15,122.0,-22.0,0.0,0.0,0
1971-12-16,133.0,-56.0,0.0,0.0,0
1971-12-17,167.0,94.0,0.0,0.0,0
1971-12-18,178.0,22.0,0.0,0.0,0
1971-12-19,183.0,11.0,0.0,0.0,0
1971-12-20,183.0,-22.0,0.0,0.0,0
1971-12-21,150.0,-11.0,0.0,0.0,0
1971-12-22,144.0,56.0,97.0,0.0,0
1971-12-23,156.0,94.0,74.0,0.0,0
1971-12-24,144.0,94.0,89.0,0.0,0
1971-12-25,150.0,67.0,211.0,0.0,0
1971-12-26,150.0,56.0,36.0,0.0,0
1971-12-27,144.0,6.0,3.0,0.0,0
1971-12-28,144.0,6.0,196.0,0.0,0
1971-12-29,144.0,-17.0,74.0,0.0,0
1971-12-30,128.0,-28.0,0.0,0.0,0
1971-12-31,150.0,28.0,0.0,0.0,0
1972-01-01,194.0,22.0,0.0,0.0,0
1972-01-02,211.0,-6.0,0.0,0.0,0
1972-01-03,211.0,-6.0,0.0,0.0,0
1972-01-04,128.0,28.0,0.0,0.0,0
1972-01-05,178.0,-6.0,0.0,0.0,0
1972-01-06,211.0,-11.0,0.0,0.0,0
1972-01-07,172.0,0.0,0.0,0.0,0
1972-01-08,150.0,-28.0,0.0,0.0,0
1972-01-09,183.0,-44.0,0.0,0.0,0
1972-01-10,217.0,-22.0,0.0,0.0,0
1972-01-11,239.0,-11.0,0.0,0.0,0
1972-01-12,217.0,0.0,0.0,0.0,0
1972-01-13,222.0,6.0,0.0,0.0,0
1972-01-14,233.0,6.0,0.0,0.0,0
1972-01-15,233.0,50.0,0.0,0.0,0
1972-01-16,244.0,56.0,0.0,0.0,0
1972-01-17,228.0,-11.0,0.0,0.0,0
1972-01-18,228.0,-11.0,0.0,0.0,0
1972-01-19,222.0,28.0,0.0,0.0,0
1972-01-20,217.0,6.0,0.0,0.0,0
1972-01-21,206.0,-11.0,0.0,0.0,0
1972-01-22,200.0,17.0,0.0,0.0,0
1972-01-23,194.0,-22.0,0.0,0.0,0
1972-01-24,217.0,-11.0,0.0,0.0,0
1972-01-25,211.0,-11.0,0.0,0.0,0
1972-01-26,139.0,28.0,0.0,0.0,0
1972-01-27,128.0,-28.0,0.0,0.0,0
1972-01-28,189.0,-28.0,0.0,0.0,0
1972-01-29,183.0,-11.0,0.0,0.0,0
1972-01-30,206.0,-6.0,0.0,0.0,0
1972-01-31,200.0,-33.0,0.0,0.0,0
1972-02-01,156.0,-11.0,0.0,0.0,0
1972-02-02,156.0,6.0,0.0,0.0,0
1972-02-03,189.0,-33.0,0.0,0.0,0
1972-02-04,183.0,0.0,0.0,0.0,0
1972-02-05,156.0,50.0,0.0,0.0,0
1972-02-06,189.0,67.0,41.0,0.0,0
1972-02-07,211.0,33.0,0.0,0.0,0
1972-02-08,200.0,22.0,0.0,0.0,0
1972-02-09,183.0,50.0,0.0,0.0,0
1972-02-10,222.0,11.0,0.0,0.0,0
1972-02-11,233.0,17.0,0.0,0.0,0
1972-02-12,228.0,6.0,0.0,0.0,0
1972-02-13,233.0,11.0,0.0,0.0,0
1972-02-14,239.0,-17.0,0.0,0.0,0
1972-02-15,217.0,56.0,0.0,0.0,0
1972-02-16,256.0,39.0,0.0,0.0,0
1972-02-17,294.0,28.0,0.0,0.0,0
1972-02-18,267.0,56.0,0.0,0.0,0
1972-02-19,267.0,44.0,0.0,0.0,0
1972-02-20,267.0,33.0,0.0,0.0,0
1972-02-21,222.0,33.0,0.0,0.0,0
1972-02-22,206.0,33.0,0.0,0.0,0
1972-02-23,200.0,56.0,0.0,0.0,0
1972-02-24,222.0,39.0,0.0,0.0,0
1972-02-25,244.0,17.0,0.0,0.0,0
1972-02-26,244.0,56.0,0.0,0.0,0
1972-02-27,300.0,72.0,0.0,0.0,0
1972-02-28,294.0,39.0,0.0,0.0,0
1972-02-29,217.0,61.0,0.0,0.0,0
1972-04-01,256.0,44.0,0.0,0.0,0
1972-04-02,267.0,50.0,0.0,0.0,0
1972-04-03,272.0,61.0,0.0,0.0,0
1972-04-04,311.0,100.0,0.0,0.0,0
1972-04-05,300.0,106.0,0.0,0.0,0
1972-04-06,289.0,94.0,0.0,0.0,0
1972-04-07,278.0,39.0,0.0,0.0,0
1972-04-08,289.0,50.0,0.0,0.0,0
1972-04-09,283.0,56.0,0.0,0.0,0
1972-04-10,256.0,56.0,0.0,0.0,0
1972-04-11,222.0,61.0,0.0,0.0,0
1972-04-12,194.0,56.0,0.0,0.0,0
1972-04-13,183.0,50.0,0.0,0.0,0
1972-04-14,217.0,39.0,0.0,0.0,0
1972-04-15,267.0,33.0,0.0,0.0,0
1972-04-16,267.0,28.0,0.0,0.0,0
1972-04-17,272.0,72.0,0.0,0.0,0
1972-04-18,194.0,72.0,0.0,0.0,0
1972-04-19,144.0,28.0,0.0,0.0,0
1972-04-20,222.0,-11.0,0.0,0.0,0
1972-04-21,,22.0,0.0,0.0,0
1972-04-22,278.0,44.0,0.0,0.0,0
1972-04-23,272.0,44.0,0.0,0.0,0
1972-04-24,244.0,72.0,0.0,0.0,0
1972-04-25,250.0,72.0,0.0,0.0,0
1972-04-26,300.0,61.0,0.0,0.0,0
1972-04-27,306.0,72.0,0.0,0.0,0
1972-04-28,317.0,61.0,0.0,0.0,0
1972-04-29,256.0,67.0,0.0,0.0,0
1972-04-30,300.0,67.0,0.0,0.0,0
1972-05-01,306.0,39.0,0.0,0.0,0
1972-05-02,306.0,83.0,0.0,0.0,0
1972-05-03,289.0,83.0,0.0,0.0,0
1972-05-04,228.0,72.0,0.0,0.0,0
1972-05-05,222.0,72.0,0.0,0.0,0
1972-05-06,194.0,100.0,0.0,0.0,0
1972-05-07,222.0,94.0,0.0,0.0,0
1972-05-08,244.0,94.0,0.0,0.0,0
1972-05-09,233.0,61.0,0.0,0.0,0
1972-05-10,283.0,67.0,0.0,0.0,0
1972-05-11,322.0,78.0,0.0,0.0,0
1972-05-12,350.0,100.0,0.0,0.0,0
1972-05-13,367.0,122.0,0.0,0.0,0
1972-05-14,372.0,89.0,0.0,0.0,0
1972-05-15,333.0,83.0,0.0,0.0,0
1972-05-16,306.0,94.0,0.0,0.0,0
1972-05-17,250.0,100.0,0.0,0.0,0
1972-05-18,206.0,94.0,0.0,0.0,0
1972-05-19,178.0,83.0,0.0,0.0,0
1972-05-20,,,0.0,0.0,0
1972-05-21,222.0,22.0,0.0,0.0,0
1972-05-22,244.0,61.0,0.0,0.0,0
1972-05-23,261.0,72.0,0.0,0.0,0
1972-05-24,233.0,94.0,0.0,0.0,0
1972-05-25,222.0,100.0,0.0,0.0,0
1972-05-26,283.0,72.0,0.0,0.0,0
1972-05-27,294.0,133.0,0.0,0.0,0
1972-05-28,344.0,122.0,0.0,0.0,0
1972-05-29,361.0,139.0,0.0,0.0,0
1972-05-30,350.0,133.0,0.0,0.0,0
1972-05-31,350.0,144.0,0.0,0.0,0
1972-06-01,356.0,144.0,0.0,0.0,0
1972-06-02,333.0,150.0,0.0,0.0,0
1972-06-03,328.0,122.0,0.0,0.0,0
1972-06-04,372.0,128.0,0.0,0.0,0
1972-06-05,339.0,183.0,0.0,0.0,0
1972-06-06,228.0,161.0,33.0,0.0,0
1972-06-07,294.0,167.0,28.0,0.0,0
1972-06-08,278.0,106.0,0.0,0.0,0
1972-06-09,222.0,144.0,3.0,0.0,0
1972-06-10,261.0,100.0,0.0,0.0,0
1972-06-11,344.0,128.0,0.0,0.0,0
1972-06-12,294.0,122.0,0.0,0.0,0
1972-06-13,294.0,117.0,0.0,0.0,0
1972-06-14,328.0,122.0,0.0,0.0,0
1972-06-15,328.0,122.0,0.0,0.0,0
1972-06-16,328.0,89.0,0.0,0.0,0
1972-06-17,322.0,144.0,0.0,0.0,0
1972-06-18,306.0,139.0,0.0,0.0,0
1972-06-19,344.0,122.0,0.0,0.0,0
1972-06-20,328.0,144.0,0.0,0.0,0
1972-06-21,306.0,167.0,71.0,0.0,0
1972-06-22,294.0,144.0,0.0,0.0,0
1972-06-23,239.0,133.0,3.0,0.0,0
1972-06-24,261.0,122.0,0.0,0.0,0
1972-06-25,267.0,100.0,0.0,0.0,0
1972-06-26,294.0,94.0,0.0,0.0,0
1972-06-27,333.0,83.0,0.0,0.0,0
1972-06-28,367.0,106.0,0.0,0.0,0
1972-06-29,417.0,106.0,0.0,0.0,0
1972-06-30,367.0,178.0,0.0,0.0,0
1972-07-01,344.0,144.0,0.0,0.0,0
1972-07-02,367.0,144.0,0.0,0.0,0
1972-07-03,367.0,156.0,0.0,0.0,0
1972-07-04,394.0,150.0,0.0,0.0,0
1972-07-05,400.0,167.0,0.0,0.0,0
1972-07-06,389.0,139.0,0.0,0.0,0
1972-07-07,372.0,161.0,0.0,0.0,0
1972-07-08,361.0,167.0,0.0,0.0,0
1972-07-09,361.0,156.0,0.0,0.0,0
1972-07-10,361.0,128.0,0.0,0.0,0
1972-07-11,378.0,178.0,0.0,0.0,0
1972-07-12,400.0,189.0,0.0,0.0,0
1972-07-13,406.0,183.0,0.0,0.0,0
1972-07-14,417.0,144.0,0.0,0.0,0
1972-07-15,344.0,150.0,0.0,0.0,0
1972-07-16,356.0,133.0,0.0,0.0,0
1972-07-17,339.0,150.0,0.0,0.0,0
1972-07-18,333.0,150.0,0.0,0.0,0
1972-07-19,289.0,156.0,0.0,0.0,0
1972-07-20,294.0,144.0,0.0,0.0,0
1972-07-21,300.0,150.0,0.0,0.0,0
1972-07-22,339.0,117.0,0.0,0.0,0
1972-07-23,400.0,111.0,0.0,0.0,0
1972-07-24,378.0,144.0,0.0,0.0,0
1972-07-25,378.0,150.0,0.0,0.0,0
1972-07-26,383.0,156.0,0.0,0.0,0
1972-07-27,383.0,156.0,0.0,0.0,0
1972-07-28,433.0,167.0,0.0,0.0,0
1972-07-29,411.0,156.0,0.0,0.0,0
1972-07-30,422.0,200.0,0.0,0.0,0
1972-07-31,417.0,200.0,0.0,0.0,0
1972-08-01,422.0,233.0,0.0,0.0,0
1972-08-02,372.0,167.0,0.0,0.0,0
1972-08-03,333.0,128.0,0.0,0.0,0
1972-08-04,350.0,139.0,0.0,0.0,0
1972-08-05,394.0,167.0,0.0,0.0,0
1972-08-06,383.0,150.0,0.0,0.0,0
1972-08-07,383.0,178.0,0.0,0.0,0
1972-08-08,372.0,150.0,0.0,0.0,0
1972-08-09,372.0,178.0,0.0,0.0,0
1972-08-10,367.0,167.0,0.0,0.0,0
1972-08-11,361.0,167.0,0.0,0.0,0
1972-08-12,328.0,167.0,0.0,0.0,0
1972-08-13,306.0,172.0,69.0,0.0,0
1972-08-14,306.0,156.0,0.0,0.0,0
1972-08-15,317.0,183.0,0.0,0.0,0
1972-08-16,317.0,111.0,0.0,0.0,0
1972-08-17,311.0,106.0,0.0,0.0,0
1972-08-18,283.0,117.0,0.0,0.0,0
1972-08-19,317.0,128.0,0.0,0.0,0
1972-08-20,350.0,78.0,0.0,0.0,0
1972-08-21,378.0,106.0,0.0,0.0,0
1972-08-22,406.0,161.0,0.0,0.0,0
1972-08-23,372.0,150.0,0.0,0.0,0
1972-08-24,333.0,156.0,0.0,0.0,0
1972-08-25,294.0,167.0,0.0,0.0,0
1972-08-26,311.0,139.0,0.0,0.0,0
1972-08-27,317.0,156.0,0.0,0.0,0
1972-08-28,356.0,150.0,0.0,0.0,0
1972-08-29,356.0,128.0,0.0,0.0,0
1972-08-30,361.0,206.0,0.0,0.0,0
1972-08-31,350.0,139.0,0.0,0.0,0
1972-09-01,378.0,144.0,0.0,0.0,0
1972-09-02,356.0,133.0,0.0,0.0,0
1972-09-03,328.0,133.0,0.0,0.0,0
1972-09-04,356.0,183.0,0.0,0.0,0
1972-09-05,344.0,167.0,0.0,0.0,0
1972-09-06,289.0,178.0,43.0,0.0,0
1972-09-07,278.0,178.0,0.0,0.0,0
1972-09-08,289.0,206.0,0.0,0.0,0
1972-09-09,261.0,161.0,0.0,0.0,0
1972-09-10,233.0,156.0,0.0,0.0,0
1972-09-11,261.0,122.0,0.0,0.0,0
1972-09-12,283.0,78.0,0.0,0.0,0
1972-09-13,317.0,78.0,0.0,0.0,0
1972-09-14,267.0,100.0,0.0,0.0,0
1972-09-15,300.0,89.0,0.0,0.0,0
1972-09-16,,122.0,0.0,0.0,0
1972-09-17,289.0,94.0,0.0,0.0,0
1972-09-18,289.0,100.0,0.0,0.0,0
1972-09-19,239.0,106.0,0.0,0.0,0
1972-09-20,361.0,100.0,0.0,0.0,0
1972-09-21,378.0,106.0,0.0,0.0,0
1972-09-22,356.0,111.0,0.0,0.0,0
1972-09-23,317.0,100.0,0.0,0.0,0
1972-09-24,250.0,100.0,0.0,0.0,0
1972-09-25,250.0,89.0,0.0,0.0,0
1972-09-26,272.0,89.0,0.0,0.0,0
1972-09-27,267.0,61.0,0.0,0.0,0
1972-09-28,294.0,156.0,0.0,0.0,0
1972-09-29,344.0,161.0,0.0,0.0,0
1972-09-30,422.0,133.0,0.0,0.0,0
1972-10-01,311.0,144.0,0.0,0.0,0
1972-10-02,233.0,144.0,0.0,0.0,0
1972-10-03,228.0,78.0,0.0,0.0,0
1972-10-04,267.0,94.0,0.0,0.0,0
1972-10-05,311.0,117.0,0.0,0.0,0
1972-10-06,311.0,161.0,0.0,0.0,0
1972-10-07,289.0,156.0,0.0,0.0,0
1972-10-08,239.0,144.0,20.0,0.0,0
1972-10-09,189.0,128.0,0.0,0.0,0
1972-10-10,217.0,83.0,0.0,0.0,0
1972-10-11,261.0,56.0,0.0,0.0,0
1972-10-12,222.0,128.0,0.0,0.0,0
1972-10-13,261.0,100.0,0.0,0.0,0
1972-10-14,233.0,100.0,0.0,0.0,0
1972-10-15,256.0,56.0,0.0,0.0,0
1972-10-16,222.0,50.0,0.0,0.0,0
1972-10-17,211.0,83.0,0.0,0.0,0
1972-10-18,200.0,106.0,0.0,0.0,0
1972-10-19,189.0,100.0,69.0,0.0,0
1972-10-20,161.0,122.0,0.0,0.0,0
1972-10-21,200.0,56.0,0.0,0.0,0
1972-10-22,244.0,100.0,0.0,0.0,0
1972-10-23,289.0,61.0,0.0,0.0,0
1972-10-24,272.0,56.0,0.0,0.0,0
1972-10-25,239.0,94.0,0.0,0.0,0
1972-10-26,211.0,94.0,0.0,0.0,0
1972-10-27,189.0,106.0,30.0,0.0,0
1972-10-28,211.0,67.0,0.0,0.0,0
1972-10-29,194.0,89.0,0.0,0.0,0
1972-10-30,172.0,83.0,0.0,0.0,0
1972-10-31,200.0,94.0,0.0,0.0,0
1972-11-01,206.0,33.0,0.0,0.0,0
1972-11-02,261.0,44.0,0.0,0.0,0
1972-11-03,278.0,78.0,0.0,0.0,0
1972-11-04,233.0,56.0,0.0,0.0,0
1972-11-05,200.0,44.0,0.0,0.0,0
1972-11-06,256.0,22.0,0.0,0.0,0
1972-11-07,217.0,56.0,0.0,0.0,0
1972-11-08,183.0,61.0,0.0,0.0,0
1972-11-09,228.0,28.0,0.0,0.0,0
1972-11-10,172.0,11.0,0.0,0.0,0
1972-11-11,144.0,6.0,86.0,0.0,0
1972-11-12,172.0,11.0,0.0,0.0,0
1972-11-13,183.0,28.0,0.0,0.0,0
1972-11-14,139.0,33.0,0.0,0.0,0
1972-11-15,172.0,44.0,165.0,0.0,0
1972-11-16,161.0,72.0,81.0,0.0,0
1972-11-17,156.0,61.0,0.0,0.0,0
1972-11-18,183.0,67.0,0.0,0.0,0
1972-11-19,156.0,44.0,0.0,0.0,0
1972-11-20,178.0,56.0,0.0,0.0,0
1972-11-21,194.0,11.0,0.0,0.0,0
1972-11-22,156.0,44.0,0.0,0.0,0
1972-11-23,178.0,72.0,0.0,0.0,0
1972-11-24,206.0,-11.0,0.0,0.0,0
1972-11-25,244.0,6.0,0.0,0.0,0
1972-11-26,250.0,39.0,0.0,0.0,0
1972-11-27,256.0,39.0,0.0,0.0,0
1972-11-28,228.0,39.0,0.0,0.0,0
1972-11-29,211.0,61.0,0.0,0.0,0
1972-11-30,267.0,44.0,0.0,0.0,0
1972-12-01,272.0,11.0,0.0,0.0,0
1972-12-02,267.0,44.0,0.0,0.0,0
1972-12-03,194.0,0.0,0.0,0.0,0
1972-12-04,128.0,83.0,132.0,0.0,0
1972-12-05,111.0,-17.0,3.0,0.0,0
1972-12-06,106.0,-6.0,0.0,0.0,0
1972-12-07,122.0,50.0,18.0,0.0,0
1972-12-08,89.0,22.0,38.0,0.0,0
1972-12-09,122.0,-17.0,0.0,0.0,0
1972-12-10,56.0,44.0,0.0,0.0,0
1972-12-11,89.0,0.0,0.0,0.0,0
1972-12-12,111.0,-39.0,0.0,0.0,0
1972-12-13,106.0,-11.0,0.0,0.0,0
1972-12-14,144.0,-44.0,0.0,0.0,0
1972-12-15,150.0,33.0,0.0,0.0,0
1972-12-16,156.0,22.0,0.0,0.0,0
1972-12-17,172.0,22.0,0.0,0.0,0
1972-12-18,,,0.0,0.0,0
1972-12-19,,,0.0,0.0,0
1972-12-20,261.0,28.0,0.0,0.0,0
1972-12-21,239.0,33.0,0.0,0.0,0
1972-12-22,211.0,33.0,0.0,0.0,0
1972-12-23,211.0,33.0,0.0,0.0,0
1972-12-24,211.0,44.0,0.0,0.0,0
1972-12-25,228.0,78.0,0.0,0.0,0
1972-12-26,256.0,33.0,0.0,0.0,0
1972-12-27,261.0,44.0,0.0,0.0,0
1972-12-28,200.0,50.0,0.0,0.0,0
1972-12-29,144.0,-11.0,0.0,0.0,0
1972-12-30,,,0.0,0.0,0
1972-12-31,128.0,-11.0,0.0,0.0,0
1973-01-01,189.0,0.0,0.0,0.0,0
1973-01-02,200.0,33.0,0.0,0.0,0
1973-01-03,194.0,28.0,0.0,0.0,0
1973-01-04,100.0,11.0,117.0,0.0,0
1973-01-05,122.0,-44.0,0.0,0.0,0
1973-01-06,139.0,-44.0,0.0,0.0,0
1973-01-07,156.0,-28.0,0.0,0.0,0
1973-01-08,133.0,-11.0,0.0,0.0,0
1973-01-09,133.0,56.0,66.0,0.0,0
1973-01-10,150.0,56.0,61.0,0.0,0
1973-01-11,200.0,0.0,0.0,0.0,0
1973-01-12,222.0,28.0,0.0,0.0,0
1973-01-13,267.0,39.0,0.0,0.0,0
1973-01-14,272.0,67.0,0.0,0.0,0
1973-01-15,256.0,17.0,0.0,0.0,0
1973-01-16,139.0,72.0,58.0,0.0,0
1973-01-17,139.0,39.0,422.0,0.0,0
1973-01-18,156.0,0.0,0.0,0.0,0
1973-01-19,128.0,28.0,191.0,0.0,0
1973-01-20,133.0,11.0,0.0,0.0,0
1973-01-21,128.0,-22.0,5.0,0.0,0
1973-01-22,144.0,-17.0,0.0,0.0,0
1973-01-23,161.0,39.0,0.0,0.0,0
1973-01-24,183.0,-11.0,0.0,0.0,0
1973-01-25,189.0,-11.0,0.0,0.0,0
1973-01-26,139.0,0.0,38.0,0.0,0
1973-01-27,167.0,-17.0,0.0,0.0,0
1973-01-28,178.0,6.0,0.0,0.0,0
1973-01-29,206.0,17.0,0.0,0.0,0
1973-01-30,183.0,6.0,0.0,0.0,0
1973-01-31,178.0,0.0,5.0,0.0,0
1973-02-01,194.0,0.0,0.0,0.0,0
1973-02-02,178.0,11.0,0.0,0.0,0
1973-02-03,194.0,56.0,25.0,0.0,0
1973-02-04,200.0,56.0,69.0,0.0,0
1973-02-05,178.0,6.0,0.0,0.0,0
1973-02-06,178.0,11.0,0.0,0.0,0
1973-02-07,150.0,61.0,0.0,0.0,0
1973-02-08,167.0,61.0,0.0,0.0,0
1973-02-09,167.0,72.0,0.0,0.0,0
1973-02-10,128.0,56.0,216.0,0.0,0
1973-02-11,161.0,56.0,160.0,0.0,0
1973-02-12,139.0,56.0,0.0,0.0,0
1973-02-13,144.0,33.0,0.0,0.0,0
1973-02-14,150.0,11.0,0.0,0.0,0
1973-02-15,150.0,56.0,15.0,0.0,0
1973-02-16,178.0,17.0,0.0,0.0,0
1973-02-17,189.0,6.0,0.0,0.0,0
1973-02-18,211.0,11.0,0.0,0.0,0
1973-02-19,222.0,17.0,0.0,0.0,0
1973-02-20,211.0,89.0,0.0,0.0,0
1973-02-21,211.0,78.0,0.0,0.0,0
1973-02-22,211.0,56.0,0.0,0.0,0
1973-02-23,211.0,89.0,0.0,0.0,0
1973-02-24,211.0,61.0,0.0,0.0,0
1973-02-25,211.0,44.0,0.0,0.0,0
1973-02-26,228.0,22.0,0.0,0.0,0
1973-02-27,222.0,,0.0,0.0,0
1973-02-28,172.0,94.0,0.0,0.0,0
1973-03-01,167.0,39.0,0.0,0.0,0
1973-03-02,183.0,83.0,0.0,0.0,0
1973-03-03,178.0,50.0,0.0,0.0,0
1973-03-04,206.0,67.0,,0.0,0
1973-03-05,156.0,28.0,,0.0,0
1973-03-06,189.0,89.0,,0.0,0
1973-03-07,189.0,78.0,,0.0,0
1973-03-08,133.0,67.0,,0.0,0
1973-03-09,161.0,22.0,,0.0,0
1973-03-10,150.0,61.0,0.0,0.0,0
1973-03-11,139.0,61.0,,0.0,0
1973-03-12,172.0,28.0,,0.0,0
1973-03-13,178.0,61.0,,0.0,0
1973-03-14,178.0,78.0,0.0,0.0,0
1973-03-15,222.0,-6.0,0.0,0.0,0
1973-03-16,217.0,11.0,0.0,0.0,0
1973-03-17,211.0,22.0,0.0,0.0,0
1973-03-18,200.0,44.0,0.0,0.0,0
1973-03-19,189.0,11.0,0.0,0.0,0
1973-03-20,183.0,44.0,0.0,0.0,0
1973-03-21,139.0,11.0,0.0,0.0,0
1973-03-22,139.0,50.0,53.0,0.0,0
1973-03-23,211.0,0.0,0.0,0.0,0
1973-03-24,206.0,22.0,0.0,0.0,0
1973-03-25,150.0,28.0,0.0,0.0,0
1973-03-26,139.0,61.0,15.0,0.0,0
1973-03-27,117.0,67.0,18.0,0.0,0
1973-03-28,144.0,61.0,13.0,0.0,0
1973-03-29,178.0,-11.0,3.0,0.0,0
1973-03-30,,,0.0,0.0,0
1973-03-31,,,0.0,0.0,0
