DATE,TMAX,TMIN,PRCP,SNWD,SNOW
1992-07-27,311,100,,,
1992-07-28,328,50,,,
1992-07-29,322,56,,,
1992-07-30,322,89,,,
1992-07-31,311,22,,,
1992-08-01,311,11,,,
1992-08-02,311,33,,,
1992-08-03,294,-11,,,
1992-08-04,294,0,,,
1992-08-05,300,0,,,
1992-08-06,283,22,,,
1992-08-07,261,33,,,
1992-08-08,256,56,,,
1992-08-09,311,0,,,
1992-08-10,350,39,,,
1992-08-11,339,67,,,
1992-08-12,333,122,,,
1992-08-13,328,83,,,
1992-08-14,322,83,,,
1992-08-15,289,128,,,
1992-08-16,306,72,,,
1992-08-17,311,61,,,
1992-08-18,328,28,,,
1992-08-19,306,28,,,
1992-08-20,283,50,,,
1992-08-21,228,17,,,
1992-08-22,194,-28,,,
1992-08-23,206,-39,,,
1992-08-24,244,-17,,,
1992-08-25,267,-17,,,
1992-08-26,283,-22,,,
1992-08-27,300,-6,,,
1992-08-28,283,17,,,
1992-08-29,250,50,,,
1992-08-30,233,61,,,
1992-08-31,244,17,,,
1992-09-01,239,22,,,
1992-09-02,239,0,,,
1992-09-03,200,-17,,,
1992-09-04,217,11,,,
1992-09-05,194,11,,,
1992-09-06,206,-6,,,
1992-09-07,228,-28,,,
1992-09-08,272,-6,,,
1992-09-09,289,11,,,
1992-09-10,261,39,,,
1992-09-11,256,28,,,
1992-09-12,233,11,,,
1992-09-13,206,-44,,,
1992-09-14,206,33,,,
1992-09-15,222,-6,,,
1992-09-16,244,0,,,
1992-09-17,244,-28,,,
1992-09-18,272,-22,,,
1992-09-19,267,6,,,
1992-09-20,283,-17,,,
1992-09-21,300,6,,,
1992-09-22,267,11,,,
1992-09-23,228,0,,,
1992-09-24,2072,-11,,,
1992-09-25,200,-56,,,
1992-09-26,267,-44,,,
1992-09-27,283,-28,,,
1992-09-28,294,-39,,,
1992-09-29,278,17,,,
1992-09-30,222,72,,,
1992-10-01,206,11,,,
1992-10-02,117,-22,,,
1992-10-03,150,-28,,,
1992-10-04,200,-39,,,
1992-10-05,222,-56,,,
1992-10-06,189,-56,,,
1992-10-07,244,-78,,,
1992-10-08,233,-44,,,
1992-10-09,228,-50,,,
1992-10-10,250,-39,,,
1992-10-11,278,-39,,,
1992-10-12,283,-33,,,
1992-10-13,239,-39,,,
1992-10-14,206,-56,,,
1992-10-15,189,-67,,,
1992-10-16,200,-33,,,
1992-10-17,211,-56,,,
1992-10-18,189,-44,,,
1992-10-19,194,-67,,,
1992-10-20,183,-44,,,
1992-10-21,133,-22,,,
1992-10-22,167,-39,,,
1992-10-23,194,-39,,,
1992-10-24,206,-44,,,
1992-10-25,200,-11,,,
1992-10-26,183,-11,,,
1992-10-27,189,-17,,,
1992-10-28,100,0,,,
1992-10-29,67,6,,,
1992-10-30,61,0,,,
1992-10-31,78,-11,,,
1992-11-01,144,33,,,
1992-11-02,133,-28,,,
1992-11-03,83,-50,,,
1992-11-04,144,-33,,,
1992-11-05,161,-28,,,
1992-11-06,194,-44,,,
1992-11-07,133,-44,,,
1992-11-08,83,-94,,,
1992-11-09,44,-133,,,
1992-11-10,50,-150,,,
1992-11-11,156,-128,,,
1992-11-12,161,-83,,,
1992-11-13,144,-78,,,
1992-11-14,172,-78,,,
1992-11-15,150,-67,,,
1992-11-16,133,-56,,,
1992-11-17,83,-28,,,
1992-11-18,94,-72,,,
1992-11-19,44,-44,,,
1992-11-20,33,-106,,,
1992-11-21,44,-44,,,
1992-11-22,50,-72,,,
1992-11-23,28,-122,,,
1992-11-24,-6,-133,,,
1992-11-25,50,-50,,,
1992-11-26,67,-94,,,
1992-11-27,89,-78,,,
1992-11-28,56,-83,,,
1992-11-29,50,-117,,,
1992-11-30,128,-100,,,
1992-12-01,94,-33,,,
1992-12-02,33,-28,,,
1992-12-03,39,-106,,,
1992-12-04,17,-161,,,
1992-12-05,33,-217,,,
1992-12-06,11,-33,,,
1992-12-07,28,-128,,,
1992-12-08,17,-144,,,
1992-12-09,39,0,,,
1992-12-10,44,-117,,,
1992-12-11,33,-144,,,
1992-12-12,-11,-144,,,
1992-12-13,56,-178,,,
1992-12-14,6,-172,,,
1992-12-15,22,-117,,,
1992-12-16,6,-144,,,
1992-12-17,-11,-194,,,
1992-12-18,-11,-233,,,
1992-12-19,11,-250,,,
1992-12-20,22,-117,,,
1992-12-21,28,-150,,,
1992-12-22,61,-206,,,
1992-12-23,56,-189,,,
1992-12-24,50,-200,,,
1992-12-25,39,-217,,,
1992-12-26,94,-206,,,
1992-12-27,39,-83,,,
1992-12-28,-11,-39,,,
1992-12-29,-28,-67,,,
1992-12-30,-22,-178,,,
1992-12-31,-11,-39,,,
1993-01-01,11,-156,,,
1993-01-02,-11,-267,,,
1993-01-03,-28,-294,,,
1993-01-04,11,-217,,,
1993-01-05,-44,-89,,,
1993-01-06,-22,-72,,,
1993-01-07,33,-50,,,
1993-01-08,28,-133,,,
1993-01-09,-28,-150,,,
1993-01-10,-11,-156,,,
1993-01-11,-28,-39,,,
1993-04-12,94,-67,,,
1993-04-13,133,-72,,,
1993-04-14,133,-67,,,
1993-04-15,106,72,,,
1993-04-16,133,-28,,,
1993-04-19,133,-177,,,
1993-04-20,133,-39,,,
1993-04-21,150,17,,,
1993-04-22,111,-50,,,
1993-04-23,78,-56,,,
1993-04-24,94,-44,,,
1993-04-25,133,-6,,,
1993-04-26,144,-33,,,
1993-04-27,150,-56,,,
1993-04-28,200,-44,,,
1993-04-29,194,-6,,,
1993-04-30,150,-28,,,
1993-05-01,189,-28,,,
1993-05-02,178,-11,,,
1993-05-03,83,0,,,
1993-05-04,117,-11,,,
1993-05-05,178,-33,,,
1993-05-06,117,-22,,,
1993-05-07,133,-50,,,
1993-05-08,161,-33,,,
1993-05-09,217,-28,,,
1993-05-10,211,-6,,,
1993-05-11,189,39,,,
1993-05-12,61,-11,,,
1993-05-13,144,-6,,,
1993-05-14,178,-28,,,
1993-05-15,211,-6,,,
1993-05-16,211,-22,,,
1993-05-17,217,-17,,,
1993-05-18,189,22,,,
1993-05-19,172,6,,,
1993-05-20,150,17,,,
1993-05-21,161,-11,,,
1993-05-22,211,-22,,,
1993-05-23,206,-11,,,
1993-05-24,183,0,,,
1993-05-25,106,50,,,
1993-05-26,144,44,,,
1993-05-27,100,28,,,
1993-05-28,111,11,,,
1993-05-29,172,-11,,,
1993-05-30,172,72,,,
1993-05-31,72,67,,,
1993-06-01,122,-6,,,
1993-06-02,111,0,,,
1993-06-03,139,-6,,,
1993-06-04,111,44,,,
1993-06-05,106,78,,,
1993-06-06,106,22,,,
1993-06-07,128,11,,,
1993-06-08,4861,-28,,,
1993-06-09,4833,-17,,,
1993-06-10,189,61,,,
1993-06-11,161,-11,,,
1993-06-12,194,-39,,,
1993-06-13,256,-6,,,
1993-06-14,233,22,,,
1993-06-15,211,11,,,
1993-06-16,189,0,,,
1993-06-17,222,22,,,
1993-06-18,283,22,,,
1993-06-19,278,72,,,
1993-06-20,267,33,,,
1993-06-21,189,22,,,
1993-06-22,200,-22,,,
1993-06-23,211,-22,,,
1993-06-24,233,-11,,,
1993-06-25,294,0,,,
1993-06-26,289,33,,,
1993-06-27,250,44,,,
1993-06-28,206,6,,,
1993-06-29,233,-11,,,
1993-06-30,261,0,,,
1993-07-01,267,17,,,
1993-07-02,217,11,,,
1993-07-03,244,-17,,,
1993-07-04,233,22,,,
1993-07-05,278,-6,,,
1993-07-06,289,-6,,,
1993-07-07,294,0,,,
1993-07-08,294,6,,,
1993-07-09,278,28,,,
1993-07-10,261,22,,,
1993-07-11,61,33,,,
1993-07-12,233,33,,,
1993-07-13,244,6,,,
1993-07-14,217,0,,,
1993-07-15,167,-6,,,
1993-07-16,183,-17,,,
1993-07-17,233,-17,,,
1993-07-18,233,0,,,
1993-07-19,233,61,,,
1993-07-20,222,22,,,
1993-07-21,222,-22,,,
1993-07-22,222,72,,,
1993-07-23,211,44,,,
1993-07-24,261,11,,,
1993-07-25,250,17,,,
1993-07-26,256,-6,,,
1993-07-27,272,0,,,
1993-07-28,222,22,,,
1993-07-29,217,28,,,
1993-07-30,283,-11,,,
1993-07-31,317,11,,,
1993-08-01,339,33,,,
1993-08-02,328,61,,,
1993-08-03,328,72,,,
1993-08-04,311,78,,,
1993-08-05,4311,33,,,
1993-08-06,278,28,,,
1993-08-07,250,17,,,
1993-08-08,250,-6,,,
1993-08-09,244,6,,,
1993-08-10,239,28,,,
1993-08-11,217,-17,,,
1993-08-12,239,0,,,
1993-08-13,261,33,,,
1993-08-14,228,11,,,
1993-08-15,161,6,,,
1993-08-16,206,-11,,,
1993-08-17,256,-6,,,
1993-08-18,261,17,,,
1993-08-19,189,11,,,
1993-08-20,194,-6,,,
1993-08-21,261,0,,,
1993-08-22,294,17,,,
1993-08-23,278,22,,,
1993-08-24,233,-11,,,
1993-08-25,239,-39,,,
1993-08-26,261,-39,,,
1993-08-27,294,-17,,,
1993-08-28,294,0,,,
1993-08-29,239,11,,,
1993-08-30,250,6,,,
1993-08-31,256,0,,,
1993-09-01,267,11,,,
1993-09-02,278,11,,,
1993-09-03,272,17,,,
1993-09-04,272,6,,,
1993-09-05,250,11,,,
1993-09-06,267,28,,,
1993-09-07,283,22,,,
1993-09-08,306,22,,,
1993-09-09,322,22,,,
1993-09-10,311,11,,,
1993-09-11,283,17,,,
1993-09-12,217,-17,,,
1993-09-13,194,-56,,,
1993-09-14,211,-50,,,
1993-09-15,217,-39,,,
1993-09-16,172,-33,,,
1993-09-17,150,-6,,,
1993-09-18,189,-39,,,
1993-09-19,211,-61,,,
1993-09-20,200,-50,,,
1993-09-21,211,-67,,,
1993-09-22,194,-50,,,
1993-09-23,217,-72,,,
1993-09-24,233,-78,,,
1993-09-25,272,-72,,,
1993-09-26,261,-44,,,
1993-09-27,283,-39,,,
1993-09-28,278,-39,,,
1993-09-29,283,-28,,,
1993-09-30,3761,-89,,,
1993-10-01,378,-139,,,
1993-10-02,283,-22,,,
1993-10-03,267,-22,,,
1993-10-04,178,33,,,
1993-10-05,150,33,,,
1993-10-06,178,39,,,
1993-10-07,161,-22,,,
1993-10-08,156,-44,,,
1993-10-09,122,-39,,,
1993-10-10,128,33,,,
1993-10-11,111,44,,,
1993-10-12,144,22,,,
1993-10-13,156,-11,,,
1993-10-14,100,39,,,
1993-10-15,106,33,,,
1993-10-16,94,6,,,
1993-10-17,117,-33,,,
1993-10-18,156,-56,,,
1993-10-19,189,-50,,,
1993-10-20,156,-39,,,
1993-10-21,161,-28,,,
1993-10-22,194,-56,,,
1993-10-23,200,-44,,,
1993-10-24,183,-33,,,
1993-10-25,183,-50,,,
1993-10-26,167,-56,,,
1993-10-27,189,-67,,,
1993-10-28,183,-61,,,
1993-10-29,150,-28,,,
1993-10-30,206,-56,,,
1993-10-31,178,-33,,,
1993-11-01,111,-78,,,
1993-11-02,161,-94,,,
1993-11-03,183,-83,,,
1993-11-04,156,-72,,,
1993-11-05,128,-94,,,
1993-11-06,172,-106,,,
1993-11-07,156,-117,,,
1993-11-08,161,-122,,,
1993-11-09,117,-78,,,
1993-11-10,83,-28,,,
1993-11-11,117,-50,,,
1993-11-12,83,-72,,,
1993-11-13,72,-150,,,
1993-11-14,61,-133,,,
1993-11-15,128,-189,,,
1993-11-16,106,-161,,,
1993-11-17,83,-67,,,
1993-11-18,56,-106,,,
1993-11-19,72,-156,,,
1993-11-20,111,-144,,,
1993-11-21,83,-133,,,
1993-11-22,33,-117,,,
1993-11-23,44,-178,,,
1993-11-24,0,-217,,,
1993-11-25,11,-217,,,
1993-11-26,44,-189,,,
1993-11-27,33,-139,,,
1993-11-28,44,-39,,,
1993-11-29,33,0,,,
1993-11-30,72,-106,,,
1993-12-01,33,-122,,,
1993-12-02,122,-72,,,
1993-12-03,100,-94,,,
1993-12-04,61,-78,,,
1993-12-05,39,-94,,,
1993-12-06,44,-78,,,
1993-12-07,28,-6,,,
1993-12-08,17,-6,,,
1993-12-09,50,-6,,,
1993-12-10,89,28,,,
1993-12-11,44,-44,,,
1993-12-12,-11,-128,,,
1993-12-13,28,-78,,,
1993-12-14,28,-44,,,
1993-12-15,22,-56,,,
1993-12-16,50,-189,,,
1993-12-17,-17,-228,,,
1993-12-18,11,-228,,,
1993-12-19,50,-233,,,
1993-12-20,44,-211,,,
1993-12-21,83,-244,,,
1993-12-22,83,-244,,,
1993-12-23,28,-211,,,
1993-12-24,44,-189,,,
1993-12-25,44,-161,,,
1993-12-26,72,-89,,,
1993-12-28,6,-33,,,
1993-12-29,6,-39,,,
1993-12-30,67,-89,,,
1993-12-31,28,-106,,,
1994-01-01,61,-33,,,
1994-01-02,106,-78,,,
1994-01-03,106,-117,,,
1994-01-04,56,-44,,,
1994-01-05,44,-89,,,
1994-01-06,44,-150,,,
1994-01-07,39,-150,,,
1994-01-08,17,-106,,,
1994-01-09,67,-122,,,
1994-01-10,-133,-178,,,
1994-01-12,-39,-94,,,
1994-01-13,-28,-139,,,
1994-01-14,89,-128,,,
1994-01-15,150,-100,,,
1994-01-16,139,-122,,,
1994-01-17,167,-117,,,
1994-01-18,167,-156,,,
1994-01-19,156,-150,,,
1994-01-20,117,-133,,,
1994-01-21,100,-78,,,
1994-01-22,117,-33,,,
1994-01-23,33,-6,,,
1994-01-24,6,-67,,,
1994-01-25,6,-78,,,
1994-01-26,50,-150,,,
1994-01-27,33,-156,,,
1994-01-28,11,-150,,,
1994-01-29,128,-211,,,
1994-01-30,61,-189,,,
1994-01-31,22,-194,,,
1994-02-01,39,-233,,,
1994-02-02,61,-206,,,
1994-02-03,139,-172,,,
1994-02-04,94,-206,,,
1994-02-05,61,-194,,,
1994-02-06,22,-11,,,
1994-02-07,67,-28,,,
1994-02-08,50,-178,,,
1994-02-09,94,-161,,,
1994-02-10,6,-61,,,
1994-02-11,50,-217,,,
1994-02-12,11,-250,,,
1994-02-13,89,-161,,,
1994-02-14,72,-211,,,
1994-02-15,89,-111,,,
1994-02-16,89,-50,,,
1994-02-17,0,-56,,,
1994-02-18,39,-133,,,
1994-02-19,-22,-89,,,
1994-02-20,61,-78,,,
1994-02-21,33,-44,,,
1994-02-22,44,-189,,,
1994-02-23,83,-178,,,
1994-02-24,133,-67,,,
1994-02-25,117,-67,,,
1994-02-26,89,-17,,,
1994-02-27,78,-11,,,
1994-02-28,122,-67,,,
1994-03-01,156,-83,,,
1994-03-02,172,-89,,,
1994-03-03,139,-89,,,
1994-03-04,122,-39,,,
1994-03-05,56,-11,,,
1994-03-06,100,-67,,,
1994-03-07,133,-111,,,
1994-03-08,167,-94,,,
1994-03-09,156,-89,,,
1994-03-10,139,-50,,,
1994-03-11,100,-44,,,
1994-03-12,117,-83,,,
1994-03-13,200,-94,,,
1994-03-14,200,-89,,,
1994-03-15,144,-56,,,
1994-03-16,83,-39,,,
1994-03-17,150,-94,,,
1994-03-18,100,-67,,,
1994-03-19,72,-78,,,
1994-03-20,144,-111,,,
1994-03-21,100,-17,,,
1994-03-22,39,-106,,,
1994-03-23,22,-150,,,
1994-03-24,67,-78,,,
1994-03-25,111,-50,,,
1994-03-26,167,-83,,,
1994-03-27,172,-89,,,
1994-03-28,150,-72,,,
1994-03-29,117,-61,,,
1994-03-30,122,0,,,
1994-03-31,128,-61,,,
1994-04-01,133,-72,,,
1994-04-02,150,-56,,,
1994-04-03,117,-28,,,
1994-04-04,100,-61,,,
1994-04-05,122,-83,,,
1994-04-06,78,-33,,,
1994-04-07,67,-67,,,
1994-04-08,44,-17,,,
1994-04-09,61,-28,,,
1994-04-10,106,-44,,,
1994-04-11,161,-67,,,
1994-04-12,167,-44,,,
1994-04-13,183,-56,,,
1994-04-14,183,-28,,,
1994-04-15,222,-39,,,
1994-04-16,211,-11,,,
1994-04-17,211,6,,,
1994-04-18,206,-22,,,
1994-04-19,206,0,,,
1994-04-20,211,-39,,,
1994-04-21,161,-33,,,
1994-04-22,111,-39,,,
1994-04-23,72,-56,,,
1994-04-24,72,-11,,,
1994-04-25,61,-33,,,
1994-04-26,72,-33,,,
1994-04-27,78,-33,,,
1994-04-28,133,-61,,,
1994-04-29,150,-56,,,
1994-04-30,122,-17,,,
1994-05-01,161,-50,,,
1994-05-02,122,-28,,,
1994-05-03,128,-28,,,
1994-05-04,150,50,,,
1994-05-05,144,22,,,
1994-05-06,100,33,,,
1994-05-07,139,11,,,
1994-05-08,206,50,,,
1994-05-09,222,39,,,
1994-05-10,244,33,,,
1994-05-11,256,44,,,
1994-05-12,217,39,,,
1994-05-13,222,-28,,,
1994-05-14,211,-28,,,
1994-05-15,89,0,,,
1994-05-16,56,-6,,,
1994-05-17,61,-28,,,
1994-05-18,94,6,,,
1994-05-19,94,11,,,
1994-05-20,133,-6,,,
1994-05-21,144,-17,,,
1994-05-22,200,-39,,,
1994-05-23,239,-22,,,
1994-05-24,256,0,,,
1994-05-25,250,22,,,
1994-05-26,206,39,,,
1994-05-27,211,28,,,
1994-05-28,211,-6,,,
1994-05-29,228,17,,,
1994-05-30,256,0,,,
1994-05-31,194,89,,,
1994-06-01,211,44,,,
1994-06-02,222,11,,,
1994-06-03,206,-6,,,
1994-07-10,289,261,,,
1994-07-11,311,144,,,
1994-07-12,311,39,,,
1994-07-13,317,22,,,
1994-07-14,322,67,,,
1994-07-15,306,50,,,
1994-07-16,322,78,,,
1994-07-17,317,61,,,
1994-07-18,317,33,,,
1994-07-19,322,39,,,
1994-07-20,317,94,,,
1994-07-21,361,72,,,
1994-07-22,283,89,,,
1994-07-23,300,56,,,
1994-07-24,278,28,,,
1994-07-25,300,-22,,,
1994-07-26,311,17,,,
1994-07-27,311,28,,,
1994-07-28,328,44,,,
1994-07-29,317,67,,,
1994-07-30,306,67,,,
1994-07-31,289,28,,,
1994-08-01,283,6,,,
1994-08-02,294,11,,,
1994-08-03,306,6,,,
1994-08-04,311,17,,,
1994-08-05,311,11,,,
1994-08-06,311,11,,,
1994-08-07,283,17,,,
1994-08-08,256,22,,,
1994-08-09,272,-17,,,
1994-08-10,278,0,,,
1994-08-11,283,-11,,,
1994-08-12,294,-28,,,
1994-08-13,300,-17,,,
1994-08-14,300,0,,,
1994-08-15,322,-22,,,
1994-08-16,317,-6,,,
1994-08-17,322,-11,,,
1994-08-18,289,0,,,
1994-08-19,283,6,,,
1994-08-20,283,-11,,,
1994-08-21,267,-11,,,
1994-08-22,267,-17,,,
1994-08-23,267,-28,,,
1994-08-24,272,-28,,,
1994-08-25,267,-33,,,
1994-08-26,261,-22,,,
1994-08-27,261,6,,,
1994-08-28,250,-11,,,
1994-08-29,283,-39,,,
1994-08-30,300,-11,,,
1994-08-31,278,0,,,
1994-09-01,256,-11,,,
1994-09-02,211,-22,,,
1994-09-03,244,-28,,,
1994-09-04,283,-28,,,
1994-09-05,283,-6,,,
1994-09-06,283,-39,,,
1994-09-07,261,-28,,,
1994-09-08,239,-33,,,
1994-09-09,189,0,,,
1994-09-10,189,-39,,,
1994-09-11,133,-28,,,
1994-09-12,156,-56,,,
1994-09-13,183,-50,,,
1994-09-14,239,-44,,,
1994-09-15,239,-33,,,
1994-09-16,256,-28,,,
1994-09-17,267,17,,,
1994-09-18,267,0,,,
1994-09-19,272,-6,,,
1994-09-20,283,0,,,
1994-09-21,272,-11,,,
1994-09-22,289,-22,,,
1994-09-23,272,-11,,,
1994-09-24,261,0,,,
1994-09-25,244,28,,,
1994-09-26,283,11,,,
1994-09-27,289,6,,,
1994-09-28,128,50,,,
1994-09-29,139,0,,,
1994-09-30,200,-17,,,
1994-10-01,228,-22,,,
1994-10-02,244,-28,,,
1994-10-03,117,-50,,,
1994-10-04,44,-17,,,
1994-10-05,139,-33,,,
1994-10-06,161,-28,,,
1994-10-07,183,-50,,,
1994-10-08,217,-50,,,
1994-10-09,194,-39,,,
1994-10-10,172,-17,,,
1994-10-11,178,-61,,,
1994-10-12,94,-11,,,
1994-10-13,139,-28,,,
1994-10-14,111,-22,,,
1994-10-15,67,-28,,,
1994-10-16,100,-50,,,
1994-10-17,150,-67,,,
1994-10-18,178,-67,,,
1994-10-19,172,-61,,,
1994-10-20,167,-72,,,
1994-10-21,194,-67,,,
1994-10-22,200,-72,,,
1994-10-23,211,-67,,,
1994-10-24,189,-61,,,
1994-10-25,183,-61,,,
1994-10-26,150,11,,,
1994-10-27,178,22,,,
1994-10-28,133,-61,,,
1994-10-29,117,-106,,,
1994-10-30,150,-117,,,
1994-10-31,189,-67,,,
1994-11-01,78,-28,,,
1994-11-02,22,-89,,,
1994-11-03,33,-128,,,
1994-11-04,39,-61,,,
1994-11-05,22,-28,,,
1994-11-06,22,-11,,,
1994-11-07,72,-39,,,
1994-11-08,33,-178,,,
1994-11-09,6,-28,,,
1994-11-10,17,-44,,,
1994-11-11,56,-22,,,
1994-11-12,28,-144,,,
1994-11-13,6,-178,,,
1994-11-14,11,-150,,,
1994-11-15,-6,-144,,,
1994-11-16,22,-117,,,
1994-11-17,11,-72,,,
1994-11-18,6,-200,,,
1994-11-19,89,-244,,,
1994-11-20,100,-72,,,
1994-11-21,11,-183,,,
1994-11-22,6,-217,,,
1994-11-23,61,-178,,,
1994-11-24,67,-61,,,
1994-11-25,-17,-106,,,
1994-11-26,17,-167,,,
1994-11-27,33,-111,,,
1994-11-28,72,-200,,,
1994-11-29,117,-156,,,
1994-11-30,150,-117,,,
1994-12-01,67,-83,,,
1994-12-02,78,-78,,,
1994-12-03,11,-11,,,
1994-12-04,22,-39,,,
1994-12-05,22,-44,,,
1994-12-06,6,-167,,,
1994-12-07,6,-233,,,
1994-12-08,0,-261,,,
1994-12-09,33,-250,,,
1994-12-10,11,-228,,,
1994-12-11,0,-89,,,
1994-12-12,6,-117,,,
1994-12-13,6,-133,,,
1994-12-14,0,-150,,,
1994-12-15,-6,-200,,,
1994-12-16,33,-22,,,
1994-12-17,94,6,,,
1994-12-18,56,-83,,,
1994-12-19,50,-128,,,
1994-12-20,83,-139,,,
1994-12-21,122,-133,,,
1994-12-22,106,-183,,,
1994-12-23,61,-194,,,
1994-12-24,11,-56,,,
1994-12-25,78,-117,,,
1994-12-26,50,-111,,,
1994-12-27,61,-106,,,
1994-12-28,-6,-94,,,
1994-12-29,11,-228,,,
1994-12-30,6,-239,,,
1994-12-31,-39,-206,,,
1995-01-03,-22,-50,,,
1995-01-05,61,-39,,,
1995-04-19,100,-11,,,
1995-04-20,33,-39,,,
1995-04-21,94,-56,,,
1995-04-22,144,-94,,,
1995-04-23,172,-78,,,
1995-04-24,178,-61,,,
1995-04-25,172,-44,,,
1995-04-26,144,-50,,,
1995-04-27,72,6,,,
1995-04-28,72,0,,,
1995-04-29,56,-17,,,
1995-04-30,61,-39,,,
1995-05-01,83,-11,,,
1995-05-03,100,-44,,,
1995-05-04,78,-17,,,
1995-05-05,44,0,,,
1995-05-06,72,0,,,
1995-05-07,122,-28,,,
1995-05-08,117,-28,,,
1995-05-09,72,-17,,,
1995-05-10,122,-22,,,
1995-05-11,83,-11,,,
1995-05-12,61,-22,,,
1995-05-13,83,-6,,,
1995-05-14,106,0,,,
1995-05-15,100,-11,,,
1995-05-16,128,17,,,
1995-05-17,150,28,,,
1995-05-18,178,-22,,,
1995-05-19,183,17,,,
1995-05-20,189,-11,,,
1995-05-21,183,-11,,,
1995-05-22,156,28,,,
1995-05-23,161,-6,,,
1995-05-24,139,17,,,
1995-05-25,183,0,,,
1995-05-26,206,-11,,,
1995-05-27,200,22,,,
1995-05-28,206,-11,,,
1995-05-29,233,-11,,,
1995-05-30,228,33,,,
1995-05-31,222,-6,,,
1995-06-01,233,33,,,
1995-06-02,211,44,,,
1995-06-03,222,28,,,
1995-06-04,200,11,,,
1995-06-05,106,6,,,
1995-06-06,50,-22,,,
1995-06-07,78,-17,,,
1995-06-08,167,-17,,,
1995-06-09,189,-22,,,
1995-06-10,194,11,,,
1995-06-11,206,-11,,,
1995-06-12,217,-39,,,
1995-06-13,206,-6,,,
1995-06-14,94,33,,,
1995-06-15,61,17,,,
1995-06-16,128,44,,,
1995-06-17,117,44,,,
1995-06-18,117,28,,,
1995-06-19,133,17,,,
1995-06-20,161,6,,,
1995-06-21,194,-17,,,
1995-06-22,233,11,,,
1995-06-23,267,28,,,
1995-06-24,272,50,,,
1995-06-25,294,56,,,
1995-06-26,267,78,,,
1995-06-27,250,50,,,
1995-06-28,261,67,,,
1995-06-29,267,33,,,
1995-06-30,239,56,,,
1995-07-01,244,17,,,
1995-07-02,256,39,,,
1995-07-03,233,61,,,
1995-07-04,272,22,,,
1995-07-05,272,33,,,
1995-07-06,222,61,,,
1995-07-07,233,28,,,
1995-07-08,233,39,,,
1995-07-09,200,61,,,
1995-07-10,200,11,,,
1995-07-11,189,-17,,,
1995-07-12,156,-6,,,
1995-07-13,233,-17,,,
1995-07-14,272,22,,,
1995-07-15,306,33,,,
1995-07-16,317,50,,,
1995-07-17,294,67,,,
1995-07-18,128,89,,,
1995-07-19,244,56,,,
1995-07-20,256,22,,,
1995-07-21,261,44,,,
1995-07-22,250,11,,,
1995-07-23,278,6,,,
1995-07-24,289,0,,,
1995-07-25,256,0,,,
1995-07-26,294,-17,,,
1995-07-27,306,-17,,,
1995-07-28,300,61,,,
1995-07-29,250,72,,,
1995-07-30,250,17,,,
1995-07-31,300,11,,,
1995-08-01,311,11,,,
1995-08-02,322,28,,,
1995-08-03,311,17,,,
1995-08-04,317,22,,,
1995-08-05,317,56,,,
1995-08-06,272,33,,,
1995-08-07,228,39,,,
1995-08-08,250,-33,,,
1995-08-09,267,0,,,
1995-08-10,217,11,,,
1995-08-11,239,-33,,,
1995-08-12,278,-22,,,
1995-08-13,272,6,,,
1995-08-14,311,17,,,
1995-08-15,278,44,,,
1995-08-16,211,33,,,
1995-08-17,206,-17,,,
1995-08-18,250,-33,,,
1995-08-19,294,-17,,,
1995-08-20,300,28,,,
1995-08-21,289,44,,,
1995-08-22,283,39,,,
1995-08-23,267,72,,,
1995-08-24,250,28,,,
1995-08-25,244,-11,,,
1995-08-26,256,-39,,,
1995-08-27,244,-39,,,
1995-08-28,233,-22,,,
1995-08-29,239,-28,,,
1995-08-30,272,-39,,,
1995-08-31,283,-17,,,
1995-09-01,261,-11,,,
1995-09-02,278,6,,,
1995-09-03,250,22,,,
1995-09-04,233,-39,,,
1995-09-05,267,-44,,,
1995-09-06,278,-17,,,
1995-09-07,256,-6,,,
1995-09-08,267,-22,,,
1995-09-09,261,-6,,,
1995-09-10,278,-11,,,
1995-09-11,283,11,,,
1995-09-12,294,6,,,
1995-09-13,306,11,,,
1995-09-14,306,50,,,
1995-09-15,289,6,,,
1995-09-16,244,17,,,
1995-09-17,256,-6,,,
1995-09-18,289,11,,,
1995-09-19,300,6,,,
1995-09-20,278,11,,,
1995-09-21,217,0,,,
1995-09-22,239,-6,,,
1995-09-23,250,-39,,,
1995-09-24,222,33,,,
1995-09-25,189,0,,,
1995-09-26,194,17,,,
1995-09-27,189,-11,,,
1995-09-28,156,-6,,,
1995-09-29,161,-22,,,
1995-09-30,211,-50,,,
1995-10-01,200,-39,,,
1995-10-02,244,-44,,,
1995-10-03,211,-33,,,
1995-10-04,133,-89,,,
1995-10-05,167,-72,,,
1995-10-06,206,-61,,,
1995-10-07,206,-78,,,
1995-10-08,211,-72,,,
1995-10-09,217,-56,,,
1995-10-10,239,-39,,,
1995-10-11,178,6,,,
1995-10-12,139,-44,,,
1995-10-13,172,-78,,,
1995-10-14,244,-67,,,
1995-10-15,228,-50,,,
1995-10-16,194,-28,,,
1995-10-17,256,-56,,,
1995-10-18,194,-33,,,
1995-10-19,194,-61,,,
1995-10-20,233,-67,,,
1995-10-21,128,-44,,,
1995-10-22,83,-67,,,
1995-10-23,161,-72,,,
1995-10-24,167,-100,,,
1995-10-25,183,-94,,,
1995-10-26,200,-28,,,
1995-10-27,217,-67,,,
1995-10-28,144,0,,,
1995-10-29,139,-33,,,
1995-10-30,133,-44,,,
1995-10-31,150,-33,,,
1995-11-01,161,-78,,,
1995-11-02,117,-100,,,
1995-11-03,133,-128,,,
1995-11-04,144,-139,,,
1995-11-05,133,-78,,,
1995-11-06,139,-94,,,
1995-11-07,189,-33,,,
1995-11-08,0,-39,,,
1995-11-21,72,-17,,,
1995-11-22,139,-39,,,
1995-11-23,194,-67,,,
1995-11-24,194,-44,,,
1995-11-25,111,6,,,
1995-11-26,56,-67,,,
1995-11-27,94,-106,,,
1995-11-28,133,-28,,,
1995-11-29,156,-56,,,
1995-11-30,139,39,,,
1995-12-01,100,-22,,,
1995-12-02,72,-50,,,
1995-12-03,61,-28,,,
1995-12-04,94,17,,,
1995-12-05,122,28,,,
1995-12-06,111,-28,,,
1995-12-07,89,-28,,,
1995-12-08,94,-33,,,
1995-12-09,133,-11,,,
1995-12-10,106,0,,,
1995-12-11,61,22,,,
1995-12-12,67,-17,,,
1995-12-13,39,-78,,,
1995-12-14,33,-106,,,
1995-12-15,33,-39,,,
1995-12-16,61,-167,,,
1995-12-17,-6,-206,,,
1995-12-18,0,-67,,,
1995-12-19,44,-106,,,
1995-12-20,89,-139,,,
1995-12-21,-6,-167,,,
1995-12-22,-11,-122,,,
1995-12-23,11,-178,,,
1995-12-24,22,-206,,,
1995-12-25,28,-206,,,
1995-12-26,50,-183,,,
1995-12-27,61,-106,,,
1995-12-28,11,-83,,,
1995-12-29,33,-6,,,
1995-12-30,122,17,,,
1995-12-31,100,-56,,,
1996-01-01,122,-106,,,
1996-01-02,161,-78,,,
1996-01-03,83,-44,,,
1996-01-04,89,-122,,,
1996-01-05,61,-50,,,
1996-01-06,100,-56,,,
1996-01-07,94,-72,,,
1996-01-08,94,-33,,,
1996-01-09,61,-17,,,
1996-01-10,72,-122,,,
1996-01-11,100,-72,,,
1996-01-12,144,-83,,,
1996-01-13,150,-78,,,
1996-01-14,111,-100,,,
1996-01-15,61,0,,,
1996-01-16,61,-17,,,
1996-01-17,17,-100,,,
1996-01-18,6,-56,,,
1996-01-19,39,-94,,,
1996-01-20,17,-117,,,
1996-01-21,0,-139,,,
1996-01-22,6,-178,,,
1996-01-23,17,-117,,,
1996-01-24,44,-22,,,
1996-01-25,17,-172,,,
1996-01-26,-6,-217,,,
1996-01-27,39,-50,,,
1996-01-28,50,-156,,,
1996-01-29,28,-128,,,
1996-01-30,22,-22,,,
1996-01-31,56,-6,,,
1996-02-01,56,-33,,,
1996-02-02,78,-106,,,
1996-02-03,33,-22,,,
1996-02-05,39,17,,,
1996-02-06,144,-28,,,
1996-02-07,156,-39,,,
1996-02-08,128,-39,,,
1996-02-09,139,-44,,,
1996-02-10,139,-33,,,
1996-02-11,144,-61,,,
1996-02-12,133,-78,,,
1996-02-13,167,-78,,,
1996-02-14,178,-100,,,
1996-02-15,144,-83,,,
1996-02-16,100,28,,,
1996-02-17,94,22,,,
1996-02-18,56,0,,,
1996-02-19,39,0,,,
1996-02-20,61,-6,,,
1996-02-21,6,-33,,,
1996-02-22,6,-172,,,
1996-02-23,28,-167,,,
1996-02-24,67,-178,,,
1996-02-25,39,-267,,,
1996-02-26,11,-283,,,
1996-02-27,-6,-183,,,
1996-02-28,-17,-67,,,
1996-02-29,44,-78,,,
1996-03-01,100,-133,,,
1996-03-02,150,-150,,,
1996-03-03,33,-50,,,
1996-03-04,33,-17,,,
1996-03-05,44,-156,,,
1996-03-06,50,-228,,,
1996-03-07,106,-39,,,
1996-03-08,133,-72,,,
1996-03-09,156,-44,,,
1996-03-10,78,-72,,,
1996-03-11,39,-11,,,
1996-03-12,78,-17,,,
1996-03-13,61,-33,,,
1996-03-14,139,-72,,,
1996-03-15,172,-89,,,
1996-03-16,144,-78,,,
1996-03-17,189,-67,,,
1996-03-18,206,-89,,,
1996-03-19,194,-83,,,
1996-03-20,194,-67,,,
1996-03-21,172,-83,,,
1996-03-22,61,-50,,,
1996-03-23,78,-67,,,
1996-03-24,122,-117,,,
1996-03-25,56,-56,,,
1996-03-26,161,-117,,,
1996-03-27,106,-28,,,
1996-03-28,44,-89,,,
1996-03-29,100,-128,,,
1996-03-30,133,-67,,,
1996-03-31,117,-33,,,
1996-04-01,33,-11,,,
1996-04-02,83,-39,,,
1996-04-03,117,-39,,,
1996-04-04,117,-72,,,
1996-04-05,161,-50,,,
1996-04-06,211,-44,,,
1996-04-07,206,-39,,,
1996-04-08,189,-33,,,
1996-04-09,128,-28,,,
1996-04-10,100,-50,,,
1996-04-11,100,-33,,,
1996-04-12,78,-39,,,
1996-04-13,133,-78,,,
1996-04-14,150,-39,,,
1996-04-15,117,-17,,,
1996-04-16,83,-28,,,
1996-04-17,39,-61,,,
1996-04-18,78,-39,,,
1996-04-19,44,-56,,,
1996-04-20,44,-122,,,
1996-04-21,89,-61,,,
1996-04-22,133,-17,,,
1996-04-23,150,-6,,,
1996-04-24,117,-11,,,
1996-04-25,211,-39,,,
1996-04-26,194,-17,,,
1996-04-27,139,-56,,,
1996-04-28,144,-28,,,
1996-04-29,244,-50,,,
1996-04-30,228,-33,,,
1996-05-01,222,-17,,,
1996-05-02,161,-17,,,
1996-05-03,150,-72,,,
1996-05-04,172,-56,,,
1996-05-05,156,-39,,,
1996-05-06,167,-44,,,
1996-05-07,161,-39,,,
1996-05-08,161,-44,,,
1996-05-09,178,-56,,,
1996-05-10,222,-39,,,
1996-05-11,261,-17,,,
1996-05-12,261,6,,,
1996-05-13,211,28,,,
1996-05-14,156,83,,,
1996-05-15,133,39,,,
1996-05-16,83,28,,,
1996-05-17,61,33,,,
1996-05-18,72,6,,,
1996-05-19,106,-22,,,
1996-05-20,156,-39,,,
1996-05-21,94,28,,,
1996-05-22,117,6,,,
1996-05-23,89,-17,,,
1996-05-24,144,-11,,,
1996-05-25,189,22,,,
1996-05-26,200,0,,,
1996-05-27,167,6,,,
1996-05-28,167,-22,,,
1996-05-29,144,6,,,
1996-05-30,178,-17,,,
1996-05-31,200,-22,,,
1996-06-01,239,0,,,
1996-06-02,283,28,,,
1996-06-03,289,17,,,
1996-06-04,267,33,,,
1996-06-05,283,22,,,
1996-06-06,300,39,,,
1996-06-07,300,61,,,
1996-06-08,278,44,,,
1996-06-09,256,17,,,
1996-06-10,250,6,,,
1996-06-11,233,28,,,
1996-06-12,267,11,,,
1996-06-13,261,22,,,
1996-06-14,256,22,,,
1996-06-15,250,11,,,
1996-06-16,222,6,,,
1996-06-17,211,-11,,,
1996-06-18,222,-28,,,
1996-06-19,239,-22,,,
1996-06-20,206,33,,,
1996-06-21,200,33,,,
1996-06-22,233,11,,,
1996-06-23,200,-6,,,
1996-06-24,161,6,,,
1996-06-25,144,-6,,,
1996-06-26,144,44,,,
1996-06-27,117,6,,,
1996-06-28,211,-22,,,
1996-06-29,267,6,,,
1996-06-30,300,39,,,
1996-07-01,311,44,,,
1996-07-02,289,33,,,
1996-07-03,272,33,,,
1996-07-04,261,33,,,
1996-07-05,294,6,,,
1996-07-06,317,22,,,
1996-07-07,322,56,,,
1996-07-08,306,78,,,
1996-07-09,322,61,,,
1996-07-10,322,61,,,
1996-07-11,322,61,,,
1996-07-12,306,72,,,
1996-07-13,317,128,,,
1996-07-14,294,128,,,
1996-07-15,272,94,,,
1996-07-16,261,72,,,
1996-07-17,222,44,,,
1996-07-18,222,22,,,
1996-07-19,261,-17,,,
1996-07-20,300,-6,,,
1996-07-21,317,28,,,
1996-07-22,333,61,,,
1996-07-23,322,67,,,
1996-07-24,333,72,,,
1996-07-25,328,56,,,
1996-07-26,333,44,,,
1996-07-27,317,89,,,
1996-07-28,222,106,,,
1996-07-29,272,67,,,
1996-07-30,294,56,,,
1996-07-31,294,56,,,
1996-08-01,289,22,,,
1996-08-02,261,0,,,
1996-08-03,233,44,,,
1996-08-04,278,-11,,,
1996-08-05,256,22,,,
1996-08-06,272,-6,,,
1996-08-07,300,-11,,,
1996-08-08,328,28,,,
1996-08-09,339,33,,,
1996-08-10,328,44,,,
1996-08-11,306,83,,,
1996-08-12,300,83,,,
1996-08-13,311,67,,,
1996-08-14,311,67,,,
1996-08-15,317,33,,,
1996-08-16,306,17,,,
1996-08-17,283,11,,,
1996-08-18,250,6,,,
1996-08-19,244,-6,,,
1996-08-20,250,-28,,,
1996-08-21,283,-17,,,
1996-08-22,306,0,,,
1996-08-23,322,33,,,
1996-08-24,328,67,,,
1996-08-25,306,72,,,
1996-08-26,250,39,,,
1996-08-27,244,-6,,,
1996-08-28,311,6,,,
1996-08-29,333,28,,,
1996-08-30,311,22,,,
1996-08-31,306,0,,,
1996-09-01,289,6,,,
1996-09-02,294,0,,,
1996-09-03,250,-11,,,
1996-09-04,200,-6,,,
1996-09-05,206,-33,,,
1996-09-06,244,-56,,,
1996-09-07,267,-44,,,
1996-09-08,278,-17,,,
1996-09-09,283,-39,,,
1996-09-10,283,-28,,,
1996-09-11,250,0,,,
1996-09-12,189,-17,,,
1996-09-13,89,-6,,,
1996-09-14,172,11,,,
1996-09-15,150,39,,,
1996-09-16,128,-17,,,
1996-09-17,172,-33,,,
1996-09-18,200,-50,,,
1996-09-19,222,-6,,,
1996-09-20,261,-17,,,
1996-09-21,233,11,,,
1996-09-22,200,-6,,,
1996-09-23,233,-33,,,
1996-09-24,244,-22,,,
1996-09-25,239,-17,,,
1996-09-26,233,-28,,,
1996-09-27,228,-22,,,
1996-09-28,267,-28,,,
1996-09-29,283,-11,,,
1996-09-30,250,22,,,
1996-10-01,261,-6,,,
1996-10-02,244,0,,,
1996-10-03,261,-17,,,
1996-10-04,250,-22,,,
1996-10-05,272,-22,,,
1996-10-06,289,-22,,,
1996-10-07,283,-17,,,
1996-10-08,300,-17,,,
1996-10-09,294,-11,,,
1996-10-10,244,-11,,,
1996-10-11,211,-44,,,
1996-10-12,194,-22,,,
1996-10-13,150,-33,,,
1996-10-14,200,-72,,,
1996-10-15,172,-61,,,
1996-10-16,100,-106,,,
1996-10-17,167,-94,,,
1996-10-18,89,-28,,,
1996-10-19,61,-78,,,
1996-10-20,61,-128,,,
1996-10-21,111,-128,,,
1996-10-22,133,-78,,,
1996-10-23,139,-50,,,
1996-10-24,133,-17,,,
1996-10-25,28,-56,,,
1996-10-26,50,-33,,,
1996-10-27,111,-56,,,
1996-10-28,128,-72,,,
1996-10-29,17,-6,,,
1996-10-30,50,-11,,,
1996-10-31,72,-56,,,
1996-11-01,111,-78,,,
1996-11-02,156,-67,,,
1996-11-03,117,-78,,,
1996-11-04,67,-50,,,
1996-11-05,61,-89,,,
1996-11-06,106,-100,,,
1996-11-07,144,-83,,,
1996-11-08,172,-78,,,
1996-11-09,172,-78,,,
1996-11-10,189,-67,,,
1996-11-11,189,-28,,,
1996-11-12,156,-22,,,
1996-11-13,144,-39,,,
1996-11-14,61,-78,,,
1996-11-15,50,-83,,,
1996-11-16,22,-117,,,
1996-11-17,89,-17,,,
1996-11-18,83,44,,,
1996-11-19,67,44,,,
1996-11-20,106,39,,,
1996-11-21,106,39,,,
1996-11-22,39,6,,,
1996-11-23,83,-44,,,
1996-11-24,106,-28,,,
1996-11-25,78,-56,,,
1996-11-26,78,-89,,,
1996-11-27,83,-89,,,
1996-11-28,33,-56,,,
1996-11-29,39,-61,,,
1996-11-30,61,-67,,,
1996-12-01,28,-139,,,
1996-12-02,11,-139,,,
1996-12-03,44,-94,,,
1996-12-04,28,-100,,,
1996-12-05,39,-22,,,
1996-12-06,44,-44,,,
1996-12-07,44,-28,,,
1996-12-08,61,39,,,
1996-12-09,39,6,,,
1996-12-10,39,-17,,,
1996-12-11,39,-22,,,
1996-12-12,67,0,,,
1996-12-13,72,-89,,,
1996-12-14,22,-133,,,
1996-12-15,72,-117,,,
1996-12-16,150,-111,,,
1996-12-17,28,-94,,,
1996-12-18,56,-117,,,
1996-12-19,444,-139,,,
1996-12-20,61,-61,,,
1996-12-21,28,-61,,,
1996-12-22,-6,-72,,,
1996-12-23,44,-94,,,
1996-12-24,22,-161,,,
1996-12-25,106,-111,,,
1996-12-26,33,11,,,
1996-12-27,28,11,,,
1996-12-28,33,11,,,
1996-12-29,39,17,,,
1996-12-30,56,33,,,
1996-12-31,72,44,,,
1997-01-01,83,67,,,
1997-01-02,72,11,,,
1997-01-03,39,-50,,,
1997-01-04,17,-67,,,
1997-01-05,-17,-111,,,
1997-01-06,50,-150,,,
1997-01-07,94,-106,,,
1997-01-08,72,-106,,,
1997-01-09,139,-72,,,
1997-01-10,83,-72,,,
1997-01-11,94,-89,,,
1997-01-12,0,-139,,,
1997-01-13,-94,-178,,,
1997-01-14,-17,-172,,,
1997-01-15,6,-122,,,
1997-01-16,56,-67,,,
1997-01-17,89,-28,,,
1997-01-18,83,-50,,,
1997-01-19,94,-50,,,
1997-01-20,44,-56,,,
1997-01-21,6,-28,,,
1997-01-22,0,-56,,,
1997-01-23,133,-128,,,
1997-01-24,28,-128,,,
1997-01-25,28,-6,,,
1997-01-26,67,11,,,
1997-01-27,50,6,,,
1997-01-28,83,-22,,,
1997-01-29,61,-50,,,
1997-01-30,78,-6,,,
1997-01-31,111,-22,,,
1997-02-01,100,-83,,,
1997-02-02,106,-144,,,
1997-02-03,44,-106,,,
1997-02-04,61,-56,,,
1997-02-05,78,-133,,,
1997-02-06,94,-183,,,
1997-02-07,78,-94,,,
1997-02-08,78,-117,,,
1997-02-09,50,-128,,,
1997-02-10,111,-94,,,
1997-02-11,133,-139,,,
1997-02-12,44,-44,,,
1997-02-13,111,-133,,,
1997-02-14,156,-111,,,
1997-02-15,156,-117,,,
1997-02-16,139,-67,,,
1997-02-17,50,-72,,,
1997-02-18,133,-133,,,
1997-02-19,83,-28,,,
1997-02-20,72,-117,,,
1997-02-21,61,-94,,,
1997-02-22,89,-89,,,
1997-02-23,44,-83,,,
1997-02-24,67,-94,,,
1997-02-25,150,-111,,,
1997-02-26,94,-11,,,
1997-02-27,33,-67,,,
1997-02-28,83,-67,,,
1997-03-01,94,-100,,,
1997-03-02,61,-39,,,
1997-03-03,33,-167,,,
1997-03-04,100,-239,,,
1997-03-05,111,-161,,,
1997-03-06,111,-78,,,
1997-03-07,133,-111,,,
1997-03-08,144,-106,,,
1997-03-09,172,-94,,,
1997-03-10,189,-78,,,
1997-03-11,161,-56,,,
1997-03-12,122,-78,,,
1997-03-13,128,-117,,,
1997-03-14,161,-72,,,
1997-03-15,611,-6,,,
1997-03-16,22,-6,,,
1997-03-17,83,-11,,,
1997-03-18,144,-22,,,
1997-03-19,178,-33,,,
1997-03-20,133,-11,,,
1997-03-21,144,-11,,,
1997-03-22,161,-28,,,
1997-03-23,150,-28,,,
1997-03-24,133,-28,,,
1997-03-25,172,-39,,,
1997-03-26,161,-28,,,
1997-03-27,144,-39,,,
1997-03-28,94,-50,,,
1997-03-29,133,-72,,,
1997-03-30,106,-28,,,
1997-03-31,33,-67,,,
1997-04-01,6,-44,,,
1997-04-02,72,-67,,,
1997-04-03,150,-50,,,
1997-04-04,67,-72,,,
1997-04-05,94,-83,,,
1997-04-06,111,-100,,,
1997-04-07,100,-72,,,
1997-04-08,89,-72,,,
1997-04-09,72,-56,,,
1997-04-10,94,-61,,,
1997-04-11,89,-83,,,
1997-04-12,111,-67,,,
1997-04-13,133,-61,,,
1997-04-14,150,-44,,,
1997-04-15,194,-44,,,
1997-04-16,172,-28,,,
1997-04-17,167,17,,,
1997-04-18,111,50,,,
1997-04-19,122,39,,,
1997-04-20,144,56,,,
1997-04-21,139,6,,,
1997-04-22,150,-22,,,
1997-04-23,83,-28,,,
1997-04-24,133,-39,,,
1997-04-25,183,-50,,,
1997-04-26,233,-17,,,
1997-04-27,167,-11,,,
1997-04-28,94,-17,,,
1997-04-29,133,-28,,,
1997-04-30,128,-44,,,
1997-05-01,133,-78,,,
1997-05-02,156,-50,,,
1997-05-03,161,-39,,,
1997-05-04,183,-44,,,
1997-05-05,194,-39,,,
1997-05-06,194,-6,,,
1997-05-07,222,-44,,,
1997-05-08,233,-17,,,
1997-05-09,239,-11,,,
1997-05-10,244,6,,,
1997-05-11,261,22,,,
1997-05-12,272,17,,,
1997-05-13,244,-6,,,
1997-05-14,233,28,,,
1997-05-15,233,11,,,
1997-05-16,228,0,,,
1997-05-17,256,0,,,
1997-05-18,261,6,,,
1997-05-19,267,0,,,
1997-05-20,228,-11,,,
1997-05-21,206,-22,,,
1997-05-22,150,11,,,
1997-05-23,122,0,,,
1997-05-24,139,-22,,,
1997-05-25,172,-33,,,
1997-05-26,194,-33,,,
1997-05-27,211,44,,,
1997-05-28,200,44,,,
1997-05-29,194,67,,,
1997-05-30,261,61,,,
1997-05-31,194,44,,,
1997-06-01,194,44,,,
1997-06-02,217,-6,,,
1997-06-03,128,67,,,
1997-06-04,150,28,,,
1997-06-05,167,6,,,
1997-06-06,233,-22,,,
1997-06-07,211,-6,,,
1997-06-08,206,17,,,
1997-06-09,183,61,,,
1997-06-10,211,78,,,
1997-06-11,200,28,,,
1997-06-12,133,44,,,
1997-06-13,172,39,,,
1997-06-14,217,61,,,
1997-06-15,256,61,,,
1997-06-16,278,50,,,
1997-06-17,256,50,,,
1997-06-18,278,39,,,
1997-06-19,267,28,,,
1997-06-20,250,22,,,
1997-06-21,211,0,,,
1997-06-22,206,-6,,,
1997-06-23,211,-28,,,
1997-06-24,233,-33,,,
1997-06-25,267,50,,,
1997-06-26,250,6,,,
1997-06-27,239,6,,,
1997-06-28,194,-33,,,
1997-06-29,178,-22,,,
1997-06-30,133,6,,,
1997-07-01,189,-33,,,
1997-07-02,350,-6,,,
1997-07-04,267,11,,,
1997-07-08,317,106,,,
1997-07-09,261,61,,,
1997-07-10,233,44,,,
1997-07-11,244,-17,,,
1997-07-12,272,-11,,,
1997-07-13,300,-6,,,
1997-07-14,300,28,,,
1997-07-15,294,22,,,
1997-07-16,261,11,,,
1997-07-17,250,33,,,
1997-07-18,261,6,,,
1997-07-19,283,11,,,
1997-07-20,317,33,,,
1997-07-21,300,44,,,
1997-07-22,211,78,,,
1997-07-23,300,22,,,
1997-07-24,283,44,,,
1997-07-25,267,72,,,
1997-07-26,289,61,,,
1997-07-27,283,44,,,
1997-07-28,272,83,,,
1997-07-29,222,100,,,
1997-07-30,244,61,,,
1997-07-31,250,17,,,
1997-08-01,250,33,,,
1997-08-02,261,-6,,,
1997-08-03,289,0,,,
1997-08-04,306,28,,,
1997-08-05,322,28,,,
1997-08-06,333,61,,,
1997-08-07,322,56,,,
1997-08-08,317,50,,,
1997-08-09,272,44,,,
1997-08-10,244,0,,,
1997-08-11,267,33,,,
1997-08-12,289,22,,,
1997-08-13,311,39,,,
1997-08-14,311,44,,,
1997-08-15,306,44,,,
1997-08-16,267,22,,,
1997-08-17,244,-6,,,
1997-08-18,250,-17,,,
1997-08-19,250,-6,,,
1997-08-20,272,61,,,
1997-08-21,261,28,,,
1997-08-22,256,17,,,
1997-08-23,233,28,,,
1997-08-24,228,28,,,
1997-08-25,239,-17,,,
1997-08-26,222,-17,,,
1997-08-27,222,-11,,,
1997-08-28,239,-22,,,
1997-08-29,256,-17,,,
1997-08-30,250,-11,,,
1997-08-31,244,56,,,
1997-09-01,261,6,,,
1997-09-02,239,39,,,
1997-09-03,239,50,,,
1997-09-04,250,17,,,
1997-09-05,244,17,,,
1997-09-06,250,17,,,
1997-09-07,261,-6,,,
1997-09-08,256,56,,,
1997-09-09,250,22,,,
1997-09-10,211,22,,,
1997-09-11,211,11,,,
1997-09-12,244,-17,,,
1997-09-13,222,-6,,,
1997-09-14,161,17,,,
1997-09-15,133,0,,,
1997-09-16,211,-33,,,
1997-09-17,178,22,,,
1997-09-18,167,-6,,,
1997-09-19,178,-22,,,
1997-09-20,217,-33,,,
1997-09-21,261,-28,,,
1997-09-22,261,-17,,,
1997-09-23,261,-22,,,
1997-09-24,267,-6,,,
1997-09-25,228,22,,,
1997-09-26,206,22,,,
1997-09-27,211,-22,,,
1997-09-28,222,-28,,,
1997-09-29,261,-17,,,
1997-09-30,244,22,,,
1997-10-01,211,72,,,
1997-10-02,144,-17,,,
1997-10-03,200,-44,,,
1997-10-04,217,-11,,,
1997-10-05,144,-56,,,
1997-10-06,100,-50,,,
1997-10-07,89,-17,,,
1997-10-08,89,-17,,,
1997-10-09,89,-17,,,
1997-10-10,39,-22,,,
1997-10-11,72,-44,,,
1997-10-12,111,-67,,,
1997-10-13,161,-61,,,
1997-10-14,206,-56,,,
1997-10-15,222,-50,,,
1997-10-16,233,-50,,,
1997-10-17,228,-67,,,
1997-10-18,228,-78,,,
1997-10-19,172,-67,,,
1997-10-20,178,-56,,,
1997-10-21,217,-56,,,
1997-10-22,194,-56,,,
1997-10-23,128,-28,,,
1997-10-24,89,-78,,,
1997-10-25,111,-56,,,
1997-10-26,156,-94,,,
1997-10-27,144,-50,,,
1997-10-28,144,-56,,,
1997-10-29,144,-11,,,
1997-10-30,217,-11,,,
1997-10-31,167,6,,,
1997-11-01,217,-39,,,
1997-11-02,217,-67,,,
1997-11-03,211,-33,,,
1997-11-04,194,-50,,,
1997-11-05,194,-61,,,
1997-11-06,144,-28,,,
1997-11-07,100,-17,,,
1997-11-08,94,-50,,,
1997-11-09,72,-61,,,
1997-11-10,83,-22,,,
1997-11-11,61,-17,,,
1997-11-12,72,-39,,,
1997-11-13,11,-17,,,
1997-11-14,33,-33,,,
1997-11-15,0,-28,,,
1997-11-16,22,-11,,,
1997-11-17,61,-39,,,
1997-11-18,33,-28,,,
1997-11-19,39,-33,,,
1997-11-20,72,-61,,,
1997-11-21,89,-50,,,
1997-11-22,56,-56,,,
1997-11-23,94,17,,,
1997-11-24,50,11,,,
1997-11-25,61,-39,,,
1997-11-26,22,0,,,
1997-11-27,61,-39,,,
1997-11-28,100,-67,,,
1997-11-29,61,-56,,,
1997-11-30,83,-39,,,
1997-12-01,56,-83,,,
1997-12-02,44,-111,,,
1997-12-03,56,-78,,,
1997-12-04,56,-39,,,
1997-12-05,0,-28,,,
1997-12-06,22,-17,,,
1997-12-07,17,-83,,,
1997-12-08,39,-89,,,
1997-12-09,33,-150,,,
1997-12-10,50,-211,,,
1997-12-11,17,-194,,,
1997-12-12,-6,-189,,,
1997-12-13,11,-144,,,
1997-12-14,6,-39,,,
1997-12-15,0,-122,,,
1997-12-16,50,-28,,,
1997-12-17,28,-22,,,
1997-12-18,28,-122,,,
1997-12-19,22,-206,,,
1997-12-20,28,-156,,,
1997-12-21,0,-156,,,
1997-12-22,-11,-183,,,
1997-12-23,39,-211,,,
1997-12-24,6,-150,,,
1997-12-25,22,-206,,,
1997-12-26,89,-233,,,
1997-12-27,111,-194,,,
1997-12-28,106,-128,,,
1997-12-29,100,-128,,,
1997-12-30,56,-144,,,
1997-12-31,78,-83,,,
1998-01-01,72,-11,,,
1998-01-02,33,-11,,,
1998-01-03,28,-17,,,
1998-01-04,-6,-161,,,
1998-01-05,28,-178,,,
1998-01-06,-28,-200,,,
1998-01-07,44,-78,,,
1998-01-08,61,-100,,,
1998-01-09,22,-28,,,
1998-01-10,44,-11,,,
1998-01-11,33,-11,,,
1998-01-12,33,-56,,,
1998-01-13,50,-94,,,
1998-01-14,22,-17,,,
1998-01-15,56,0,,,
1998-01-16,67,0,,,
1998-01-17,94,17,,,
1998-01-18,56,17,,,
1998-01-26,44,39,,,
1998-01-29,39,6,,,
1998-02-03,17,0,,,
1998-02-04,28,6,,,
1998-02-05,0,0,,,
1998-02-06,11,0,,,
1998-02-08,50,0,,,
1998-02-11,67,22,,,
1998-02-13,50,6,,,
1998-02-14,11,11,,,
1998-02-15,33,17,,,
1998-02-19,0,0,,,
1998-02-21,0,0,,,
1998-02-28,106,-28,,,
1998-03-01,72,-39,,,
1998-03-02,83,0,,,
1998-03-03,61,-44,,,
1998-03-04,67,-144,,,
1998-03-05,-11,-67,,,
1998-03-06,33,-61,,,
1998-03-07,17,-83,,,
1998-03-08,100,-94,,,
1998-03-09,156,-156,,,
1998-03-10,150,-139,,,
1998-03-11,128,-72,,,
1998-03-12,89,-72,,,
1998-03-13,100,-33,,,
1998-03-14,194,-44,,,
1998-03-15,172,-33,,,
1998-03-16,144,-44,,,
1998-03-17,139,-83,,,
1998-03-18,161,-122,,,
1998-03-19,178,-94,,,
1998-03-20,150,-61,,,
1998-03-21,100,-50,,,
1998-03-22,78,17,,,
1998-03-23,67,11,,,
1998-03-24,89,-28,,,
1998-03-25,111,-11,,,
1998-03-26,128,-44,,,
1998-03-27,56,-50,,,
1998-03-28,28,-61,,,
1998-03-29,56,-106,,,
1998-03-30,122,-178,,,
1998-03-31,17,-22,,,
1998-04-01,83,-39,,,
1998-04-02,61,-50,,,
1998-04-03,56,-22,,,
1998-04-04,39,-72,,,
1998-04-05,72,-100,,,
1998-04-06,28,-44,,,
1998-04-07,78,-89,,,
1998-04-08,61,-100,,,
1998-04-09,44,-28,,,
1998-04-10,61,-6,,,
1998-04-11,39,-33,,,
1998-04-12,61,-89,,,
1998-04-13,22,-128,,,
1998-04-14,83,-122,,,
1998-04-15,89,-72,,,
1998-04-16,122,-89,,,
1998-04-17,144,-106,,,
1998-04-18,156,-67,,,
1998-04-19,172,-61,,,
1998-04-20,167,-56,,,
1998-04-21,189,-50,,,
1998-04-22,167,-33,,,
1998-04-23,94,-17,,,
1998-04-24,100,-28,,,
1998-04-25,133,-56,,,
1998-04-26,178,-61,,,
1998-04-27,194,-44,,,
1998-04-28,200,-44,,,
1998-04-29,211,-33,,,
1998-04-30,194,-33,,,
1998-05-01,139,-22,,,
1998-05-02,94,11,,,
1998-05-03,139,0,,,
1998-05-04,94,22,,,
1998-05-05,144,-22,,,
1998-05-06,94,44,,,
1998-05-07,167,61,,,
1998-05-08,144,33,,,
1998-05-09,28,22,,,
1998-05-10,106,17,,,
1998-05-11,78,-6,,,
1998-05-12,83,-11,,,
1998-05-13,89,6,,,
1998-05-14,89,22,,,
1998-05-15,111,11,,,
1998-05-16,50,-17,,,
1998-05-17,89,-44,,,
1998-05-18,144,-61,,,
1998-05-19,128,-33,,,
1998-05-20,106,-17,,,
1998-05-21,106,-6,,,
1998-05-22,167,-28,,,
1998-05-23,133,11,,,
1998-05-24,128,-11,,,
1998-05-25,67,-6,,,
1998-05-26,50,-28,,,
1998-05-27,50,-17,,,
1998-05-28,61,0,,,
1998-05-29,72,-6,,,
1998-05-30,161,-6,,,
1998-05-31,183,-17,,,
1998-06-01,222,11,,,
1998-06-02,161,22,,,
1998-06-03,144,28,,,
1998-06-04,167,33,,,
1998-06-05,194,6,,,
1998-06-06,172,28,,,
1998-06-07,189,33,,,
1998-06-08,167,44,,,
1998-06-09,178,17,,,
1998-06-10,111,72,,,
1998-06-11,144,61,,,
1998-06-12,161,33,,,
1998-06-13,200,56,,,
1998-06-14,200,22,,,
1998-06-15,222,39,,,
1998-06-16,150,17,,,
1998-06-17,228,-11,,,
1998-06-18,222,17,,,
1998-06-19,217,22,,,
1998-06-20,222,11,,,
1998-06-21,211,33,,,
1998-06-22,206,44,,,
1998-06-23,217,50,,,
1998-06-24,178,28,,,
1998-06-26,189,28,,,
1998-06-27,239,-6,,,
1998-06-28,244,11,,,
1998-06-29,244,11,,,
1998-06-30,250,0,,,
1998-07-01,244,11,,,
1998-07-02,239,33,,,
1998-07-03,222,72,,,
1998-07-04,256,28,,,
1998-07-05,267,33,,,
1998-07-06,283,56,,,
1998-07-28,311,56,,,
1998-07-29,261,44,,,
1998-07-30,261,0,,,
1998-07-31,222,33,,,
1998-08-01,283,33,,,
1998-08-02,322,33,,,
1998-08-03,328,44,,,
1998-08-04,339,44,,,
1998-08-05,333,61,,,
1998-08-06,306,72,,,
1998-08-07,289,28,,,
1998-08-08,272,0,,,
1998-08-09,283,-17,,,
1998-08-10,300,-6,,,
1998-08-11,328,0,,,
1998-08-12,344,50,,,
1998-08-13,339,78,,,
1998-08-14,328,72,,,
1998-08-15,300,67,,,
1998-08-16,283,17,,,
1998-08-17,250,6,,,
1998-08-18,222,11,,,
1998-08-19,244,22,,,
1998-08-20,233,-6,,,
1998-08-21,256,-17,,,
1998-08-22,267,-17,,,
1998-08-23,272,-11,,,
1998-08-24,278,-17,,,
1998-08-25,261,-17,,,
1998-08-26,272,-33,,,
1998-08-27,300,-11,,,
1998-08-28,311,11,,,
1998-08-29,333,28,,,
1998-08-30,322,72,,,
1998-08-31,333,33,,,
1998-09-01,344,33,,,
1998-09-02,350,33,,,
1998-09-03,333,33,,,
1998-09-04,322,56,,,
1998-09-05,222,139,,,
1998-09-06,267,117,,,
1998-09-07,256,78,,,
1998-09-08,244,83,,,
1998-09-09,194,78,,,
1998-09-10,167,28,,,
1998-09-11,222,6,,,
1998-09-12,256,22,,,
1998-09-13,267,0,,,
1998-09-14,283,11,,,
1998-09-15,289,44,,,
1998-09-16,272,11,,,
1998-09-17,228,11,,,
1998-09-18,200,-33,,,
1998-09-19,189,-39,,,
1998-09-20,211,-11,,,
1998-09-21,206,-33,,,
1998-09-22,194,-33,,,
1998-09-23,211,-22,,,
1998-09-24,222,-17,,,
1998-09-25,156,33,,,
1998-09-26,100,11,,,
1998-09-27,106,-6,,,
1998-09-28,189,-28,,,
1998-09-29,217,33,,,
1998-09-30,244,-6,,,
1998-10-20,139,-28,,,
1998-10-21,183,-83,,,
1998-10-22,189,-67,,,
1998-10-23,172,-83,,,
1998-10-24,83,6,,,
1998-10-25,94,-11,,,
1998-10-26,172,-33,,,
1998-10-27,172,-56,,,
1998-10-28,89,22,,,
1998-10-29,89,-44,,,
1998-10-30,117,-94,,,
1998-10-31,100,-89,,,
1998-11-01,89,-56,,,
1998-11-02,111,-83,,,
1998-11-03,94,-33,,,
1998-11-04,106,-44,,,
1998-11-05,50,-50,,,
1998-11-06,50,-67,,,
1998-11-07,39,-67,,,
1998-11-08,56,-117,,,
1998-11-09,39,-100,,,
1998-11-10,6,-33,,,
1998-11-11,56,-56,,,
1998-11-12,83,-100,,,
1998-11-13,117,-72,,,
1998-11-14,133,-67,,,
1998-11-15,94,-50,,,
1998-11-16,50,-61,,,
1998-11-17,44,-11,,,
1998-11-18,67,-89,,,
1998-11-19,61,-117,,,
1998-11-20,56,-72,,,
1998-11-21,39,0,,,
1998-11-22,72,0,,,
1998-11-23,28,-11,,,
1998-11-24,-6,-11,,,
1998-11-25,-22,-44,,,
1998-11-28,17,-33,,,
1998-12-01,44,-22,,,
1998-12-02,39,39,,,
1998-12-04,11,-78,,,
1998-12-15,50,-78,,,
1998-12-16,161,-111,,,
1998-12-17,167,-117,,,
1998-12-18,122,-172,,,
1998-12-19,-28,-183,,,
1998-12-20,-72,-289,,,
1998-12-21,-72,-322,,,
1998-12-22,-50,-283,,,
1998-12-23,-17,-283,,,
1998-12-24,6,-194,,,
1998-12-25,56,-61,,,
1998-12-26,122,-61,,,
1998-12-27,83,-44,,,
1998-12-28,133,-56,,,
1998-12-29,178,-106,,,
1998-12-30,100,-111,,,
1998-12-31,72,-89,,,
1999-01-01,106,-117,,,
1999-01-02,133,-139,,,
1999-01-03,72,-150,,,
1999-01-04,150,-150,,,
1999-01-05,144,-117,,,
1999-01-06,83,-128,,,
1999-01-07,100,-139,,,
1999-01-08,72,-150,,,
1999-01-09,117,-133,,,
1999-01-10,122,-128,,,
1999-01-11,122,-83,,,
1999-01-12,94,-106,,,
1999-01-13,100,-72,,,
1999-01-14,67,-78,,,
1999-01-15,83,0,,,
1999-01-16,72,-11,,,
1999-01-17,28,-6,,,
1999-01-18,44,0,,,
1999-01-19,28,-11,,,
1999-01-20,33,-11,,,
1999-01-21,44,-50,,,
1999-01-22,22,-44,,,
1999-01-23,56,-67,,,
1999-01-24,-11,-156,,,
1999-01-25,0,-172,,,
1999-01-26,6,-56,,,
1999-01-27,61,-150,,,
1999-01-28,22,-150,,,
1999-01-29,61,-194,,,
1999-01-30,44,-183,,,
1999-01-31,22,-94,,,
1999-02-01,72,-233,,,
1999-02-02,78,-150,,,
1999-02-03,100,-128,,,
1999-02-04,72,-111,,,
1999-02-05,61,-167,,,
1999-02-06,6,-33,,,
1999-02-07,67,-28,,,
1999-02-08,22,-22,,,
1999-02-09,11,-94,,,
1999-02-10,28,-200,,,
1999-02-11,-11,-233,,,
1999-02-12,11,-111,,,
1999-02-13,78,-161,,,
1999-02-14,50,-172,,,
1999-02-15,61,-189,,,
1999-02-16,22,-33,,,
1999-02-17,94,-50,,,
1999-02-18,28,-44,,,
1999-02-19,44,-172,,,
1999-02-20,28,-167,,,
1999-02-21,44,-72,,,
1999-02-22,50,-67,,,
1999-02-23,78,-17,,,
1999-02-24,78,-22,,,
1999-02-25,56,-50,,,
1999-02-26,39,-72,,,
1999-02-27,61,-28,,,
1999-02-28,94,11,,,
1999-03-01,122,-72,,,
1999-03-02,100,-106,,,
1999-03-03,72,-61,,,
1999-03-04,33,-78,,,
1999-03-05,61,-144,,,
1999-03-06,44,-94,,,
1999-03-07,67,-133,,,
1999-03-08,-17,-50,,,
1999-03-09,67,-117,,,
1999-03-10,39,-150,,,
1999-03-11,83,-217,,,
1999-03-12,117,-189,,,
1999-03-13,117,-56,,,
1999-03-14,67,-28,,,
1999-03-15,144,-78,,,
1999-03-16,156,-61,,,
1999-03-17,189,-78,,,
1999-03-18,122,-61,,,
1999-03-19,122,-33,,,
1999-03-20,50,-39,,,
1999-03-21,67,-67,,,
1999-03-22,78,-83,,,
1999-03-23,78,-17,,,
1999-03-24,28,0,,,
1999-03-25,100,0,,,
1999-03-26,128,-39,,,
1999-03-27,106,-100,,,
1999-03-28,106,-106,,,
1999-03-29,94,-44,,,
1999-03-30,28,-128,,,
1999-03-31,28,-183,,,
1999-04-01,50,-100,,,
1999-04-02,78,-122,,,
1999-04-03,17,-72,,,
1999-04-04,117,-128,,,
1999-04-05,6,-94,,,
1999-04-06,78,-117,,,
1999-04-07,111,-89,,,
1999-04-08,33,-78,,,
1999-04-09,33,-128,,,
1999-04-10,22,-78,,,
1999-04-11,83,-44,,,
1999-04-12,172,-83,,,
1999-04-13,183,-67,,,
1999-04-14,117,-89,,,
1999-04-15,139,-67,,,
1999-04-16,178,-72,,,
1999-04-17,178,-17,,,
1999-04-18,189,-44,,,
1999-04-19,194,0,,,
1999-04-20,161,-33,,,
1999-04-21,106,-44,,,
1999-04-22,72,-17,,,
1999-04-23,133,-22,,,
1999-04-24,167,-33,,,
1999-04-25,189,-39,,,
1999-04-26,111,-28,,,
1999-04-27,78,-61,,,
1999-04-28,50,-50,,,
1999-04-29,111,-28,,,
1999-04-30,161,17,,,
1999-05-01,156,-28,,,
1999-05-02,61,0,,,
1999-05-03,78,-44,,,
1999-05-04,106,-67,,,
1999-05-05,189,-56,,,
1999-05-06,189,-28,,,
1999-05-07,156,-50,,,
1999-05-08,117,-61,,,
1999-05-09,111,-78,,,
1999-05-10,139,-61,,,
1999-05-11,161,17,,,
1999-05-12,161,-17,,,
1999-05-13,111,-50,,,
1999-05-14,100,-78,,,
1999-05-15,111,-94,,,
1999-05-16,167,-78,,,
1999-05-17,194,-39,,,
1999-05-18,183,-11,,,
1999-05-19,194,-39,,,
1999-05-20,189,-17,,,
1999-05-21,211,-33,,,
1999-05-22,222,-11,,,
1999-05-23,272,-11,,,
1999-05-24,283,33,,,
1999-05-25,267,56,,,
1999-05-26,256,17,,,
1999-05-27,256,6,,,
1999-05-28,233,-6,,,
1999-05-29,172,6,,,
1999-05-30,200,-6,,,
1999-05-31,233,-17,,,
1999-06-01,161,-6,,,
1999-06-02,61,0,,,
1999-06-03,39,-6,,,
1999-06-04,167,28,,,
1999-06-05,189,28,,,
1999-06-06,150,-28,,,
1999-06-07,156,-39,,,
1999-06-08,161,-50,,,
1999-06-09,172,-50,,,
1999-06-10,206,-39,,,
1999-06-11,228,-28,,,
1999-06-12,244,-17,,,
1999-06-13,256,22,,,
1999-06-14,267,6,,,
1999-06-15,244,0,,,
1999-06-16,261,11,,,
1999-06-17,267,0,,,
1999-06-18,239,22,,,
1999-06-19,261,-6,,,
1999-06-20,267,6,,,
1999-06-21,267,111,,,
1999-06-22,267,33,,,
1999-06-23,294,17,,,
1999-06-24,233,56,,,
1999-06-25,228,-22,,,
1999-06-26,244,-22,,,
1999-06-27,261,-17,,,
1999-06-28,272,6,,,
1999-06-29,294,33,,,
1999-06-30,311,44,,,
1999-07-01,306,39,,,
1999-07-02,261,22,,,
1999-07-03,189,17,,,
1999-07-04,217,-33,,,
1999-07-05,272,-33,,,
1999-07-06,283,-11,,,
1999-07-07,250,-11,,,
1999-07-08,283,-17,,,
1999-07-09,317,0,,,
1999-07-10,339,17,,,
1999-07-11,339,50,,,
1999-07-12,350,72,,,
1999-07-13,328,89,,,
1999-07-14,294,67,,,
1999-07-15,267,28,,,
1999-07-16,244,17,,,
1999-07-17,250,-28,,,
1999-07-18,250,-33,,,
1999-07-19,239,17,,,
1999-07-20,217,-11,,,
1999-07-21,233,-33,,,
1999-07-22,261,-17,,,
1999-07-23,239,-28,,,
1999-07-24,250,-28,,,
1999-07-25,283,0,,,
1999-07-26,272,22,,,
1999-07-27,272,-17,,,
1999-07-28,294,39,,,
1999-07-29,272,6,,,
1999-07-30,283,-11,,,
1999-07-31,289,11,,,
1999-08-01,267,22,,,
1999-08-02,278,11,,,
1999-08-03,294,11,,,
1999-08-04,311,39,,,
1999-08-05,244,39,,,
1999-08-06,178,28,,,
1999-08-07,206,6,,,
1999-08-08,228,0,,,
1999-08-09,256,39,,,
1999-08-10,211,61,,,
1999-08-11,217,56,,,
1999-08-12,250,28,,,
1999-08-13,222,-11,,,
1999-08-14,233,-22,,,
1999-08-15,261,-28,,,
1999-08-16,283,0,,,
1999-08-17,289,0,,,
1999-08-18,267,6,,,
1999-08-19,283,-33,,,
1999-08-20,289,-17,,,
1999-08-21,294,6,,,
1999-08-22,311,50,,,
1999-08-23,306,61,,,
1999-08-24,300,0,,,
1999-08-25,317,17,,,
1999-08-26,311,39,,,
1999-08-27,267,128,,,
1999-08-28,278,50,,,
1999-08-29,272,6,,,
1999-08-30,128,-17,,,
1999-08-31,167,-61,,,
1999-09-01,194,-50,,,
1999-09-02,217,-33,,,
1999-09-03,228,-22,,,
1999-09-04,256,-44,,,
1999-09-05,294,-33,,,
1999-09-06,294,-6,,,
1999-09-07,294,-17,,,
1999-09-08,300,6,,,
1999-09-09,250,28,,,
1999-09-10,261,6,,,
1999-09-11,267,0,,,
1999-09-12,283,-17,,,
1999-09-13,272,0,,,
1999-09-14,289,6,,,
1999-09-15,283,-11,,,
1999-09-16,289,0,,,
1999-09-17,267,0,,,
1999-09-18,272,11,,,
1999-09-19,261,22,,,
1999-09-20,272,6,,,
1999-09-21,283,6,,,
1999-09-22,289,0,,,
1999-09-23,272,11,,,
1999-09-24,261,11,,,
1999-09-25,289,0,,,
1999-09-26,244,-28,,,
1999-09-27,200,-44,,,
1999-09-28,189,-50,,,
1999-09-29,272,-39,,,
1999-09-30,278,-28,,,
1999-10-01,244,-28,,,
1999-10-02,250,-28,,,
1999-10-03,256,-44,,,
1999-10-04,228,-39,,,
1999-10-05,189,-39,,,
1999-10-06,100,-11,,,
1999-10-07,222,-39,,,
1999-10-08,272,-33,,,
1999-10-09,256,-33,,,
1999-10-10,256,-28,,,
1999-10-11,239,-11,,,
1999-10-12,256,-50,,,
1999-10-13,267,-67,,,
1999-10-14,239,-28,,,
1999-10-15,156,-67,,,
1999-10-16,117,-83,,,
1999-10-17,189,-78,,,
1999-10-18,228,-89,,,
1999-10-19,239,-67,,,
1999-10-20,244,-61,,,
1999-10-21,244,-56,,,
1999-10-22,228,-61,,,
1999-10-23,217,-39,,,
1999-10-24,206,-78,,,
1999-10-25,217,-67,,,
1999-10-26,161,-44,,,
1999-10-27,122,-17,,,
1999-10-29,139,-22,,,
1999-10-30,178,-44,,,
1999-10-31,206,-44,,,
1999-11-01,172,-61,,,
1999-11-02,222,-72,,,
1999-11-03,206,-50,,,
1999-11-04,194,-39,,,
1999-11-05,172,-22,,,
1999-11-06,183,-28,,,
1999-11-07,122,6,,,
1999-11-08,78,0,,,
1999-11-09,72,0,,,
1999-11-10,56,11,,,
1999-11-11,150,0,,,
1999-11-12,183,-39,,,
1999-11-13,200,-67,,,
1999-11-14,183,-44,,,
1999-11-15,94,28,,,
1999-11-16,72,0,,,
1999-11-17,61,-33,,,
1999-11-18,44,-67,,,
1999-11-19,33,0,,,
1999-11-20,78,-44,,,
1999-11-21,33,-100,,,
1999-11-22,28,-144,,,
1999-11-23,56,-100,,,
1999-11-24,111,-94,,,
1999-11-25,133,-56,,,
1999-11-26,111,-56,,,
1999-11-27,106,-17,,,
1999-11-28,117,-33,,,
1999-11-29,111,22,,,
1999-11-30,22,-44,,,
1999-12-01,72,-117,,,
1999-12-02,28,-117,,,
1999-12-03,11,-144,,,
1999-12-04,33,-156,,,
1999-12-05,61,-111,,,
1999-12-06,117,-72,,,
1999-12-07,44,-139,,,
1999-12-08,0,-178,,,
1999-12-09,11,-39,,,
1999-12-10,50,-133,,,
1999-12-11,106,-106,,,
1999-12-12,100,-100,,,
1999-12-13,11,-144,,,
1999-12-14,22,-172,,,
1999-12-15,83,-117,,,
1999-12-16,150,-139,,,
1999-12-17,139,-128,,,
1999-12-18,72,-67,,,
1999-12-19,122,-83,,,
1999-12-20,128,-106,,,
1999-12-21,100,-122,,,
1999-12-22,100,-117,,,
1999-12-23,128,-133,,,
1999-12-24,117,-133,,,
1999-12-25,89,-133,,,
1999-12-26,106,-144,,,
1999-12-27,100,-139,,,
1999-12-28,94,-128,,,
1999-12-29,111,-150,,,
1999-12-30,94,-161,,,
1999-12-31,122,-167,,,
2000-01-01,61,-139,,,
2000-01-02,44,-206,,,
2000-01-03,61,-61,,,
2000-01-04,94,-67,,,
2000-01-05,33,-122,,,
2000-01-06,50,-161,,,
2000-01-07,61,-89,,,
2000-01-08,106,-89,,,
2000-01-09,72,-83,,,
2000-01-10,78,0,,,
2000-01-11,33,-72,,,
2000-01-12,6,-67,,,
2000-01-13,39,-17,,,
2000-01-14,72,28,,,
2000-01-15,56,0,,,
2000-01-16,28,-83,,,
2000-01-17,28,-83,,,
2000-01-18,33,-17,,,
2000-01-19,56,-17,,,
2000-01-20,322,-56,,,
2000-01-21,39,-61,,,
2000-01-22,39,-117,,,
2000-01-23,11,-17,,,
2000-01-24,17,-6,,,
2000-01-25,89,-6,,,
2000-01-26,94,-117,,,
2000-01-27,89,-172,,,
2000-01-28,28,-228,,,
2000-01-29,28,-206,,,
2000-01-30,6,-117,,,
2000-01-31,11,-61,,,
2000-02-01,78,-28,,,
2000-02-02,144,-89,,,
2000-02-03,89,-89,,,
2000-02-04,50,-78,,,
2000-02-05,28,6,,,
2000-02-06,89,-33,,,
2000-02-07,122,-56,,,
2000-02-08,106,-44,,,
2000-02-09,56,0,,,
2000-02-10,67,-22,,,
2000-02-11,22,-28,,,
2000-02-12,44,-44,,,
2000-02-13,56,-17,,,
2000-02-14,33,-39,,,
2000-02-15,50,-89,,,
2000-02-16,56,-17,,,
2000-02-17,56,-78,,,
2000-02-18,72,-150,,,
2000-02-19,72,-161,,,
2000-02-20,33,0,,,
2000-02-21,67,-6,,,
2000-02-22,28,-11,,,
2000-02-23,50,-156,,,
2000-02-24,17,-200,,,
2000-02-25,33,-50,,,
2000-02-26,44,-6,,,
2000-02-27,39,-50,,,
2000-02-28,100,-72,,,
2000-02-29,78,-61,,,
2000-03-01,72,-144,,,
2000-03-02,22,-17,,,
2000-03-03,106,-67,,,
2000-03-04,133,-89,,,
2000-03-05,61,-17,,,
2000-03-06,39,-33,,,
2000-03-07,17,-28,,,
2000-03-08,44,-28,,,
2000-03-09,61,-44,,,
2000-03-10,61,-50,,,
2000-03-11,56,-17,,,
2000-03-12,172,-67,,,
2000-03-13,167,-78,,,
2000-03-14,144,-39,,,
2000-03-15,161,-94,,,
2000-03-16,94,-28,,,
2000-03-17,144,-111,,,
2000-03-18,183,-61,,,
2000-03-19,100,-39,,,
2000-03-20,72,-72,,,
2000-03-21,122,-44,,,
2000-03-22,183,-67,,,
2000-03-23,133,-33,,,
2000-03-24,133,-67,,,
2000-03-25,139,-67,,,
2000-03-26,150,-72,,,
2000-03-27,139,-33,,,
2000-03-28,156,-39,,,
2000-03-29,144,-83,,,
2000-03-30,100,-89,,,
2000-03-31,150,-78,,,
2000-04-01,189,-39,,,
2000-04-02,233,-39,,,
2000-04-03,228,-44,,,
2000-04-04,183,-17,,,
2000-04-05,183,-56,,,
2000-04-06,183,-39,,,
2000-04-07,194,-39,,,
2000-04-08,150,-28,,,
2000-04-09,117,-22,,,
2000-04-10,178,-39,,,
2000-04-11,183,-33,,,
2000-04-12,167,6,,,
2000-04-13,89,0,,,
2000-04-14,94,-17,,,
2000-04-15,61,-22,,,
2000-04-16,56,0,,,
2000-04-17,44,-6,,,
2000-04-18,56,-11,,,
2000-04-19,89,6,,,
2000-04-20,161,6,,,
2000-04-21,200,-22,,,
2000-04-22,111,11,,,
2000-04-23,106,-33,,,
2000-04-24,150,-56,,,
2000-04-25,150,-11,,,
2000-04-26,222,-28,,,
2000-04-27,178,-6,,,
2000-04-28,106,-39,,,
2000-04-29,178,-72,,,
2000-04-30,228,-28,,,
2000-05-01,211,-17,,,
2000-05-02,194,-11,,,
2000-05-03,189,-22,,,
2000-05-04,156,11,,,
2000-05-05,144,6,,,
2000-05-06,111,0,,,
2000-05-07,106,0,,,
2000-05-08,150,6,,,
2000-05-09,133,-6,,,
2000-05-10,28,-50,,,
2000-05-11,94,-89,,,
2000-05-12,117,-72,,,
2000-05-13,122,0,,,
2000-05-14,150,-39,,,
2000-05-15,89,11,,,
2000-05-16,111,17,,,
2000-05-17,167,0,,,
2000-05-18,206,-22,,,
2000-05-19,239,0,,,
2000-05-20,261,0,,,
2000-05-21,289,11,,,
2000-05-22,278,28,,,
2000-05-23,278,39,,,
2000-05-24,250,44,,,
2000-05-25,211,28,,,
2000-05-26,222,6,,,
2000-05-27,233,28,,,
2000-05-28,211,17,,,
2000-05-29,206,-17,,,
2000-05-30,178,-28,,,
2000-05-31,172,-56,,,
2000-06-01,244,-50,,,
2000-06-02,244,-28,,,
2000-06-03,272,-39,,,
2000-06-04,256,-28,,,
2000-06-05,217,17,,,
2000-06-06,239,-22,,,
2000-06-07,194,-17,,,
2000-06-08,122,28,,,
2000-06-09,144,33,,,
2000-06-10,183,0,,,
2000-06-11,200,-28,,,
2000-06-12,217,50,,,
2000-06-13,283,39,,,
2000-06-14,328,11,,,
2000-06-15,306,44,,,
2000-06-16,239,28,,,
2000-06-17,283,6,,,
2000-06-18,261,17,,,
2000-06-19,261,50,,,
2000-06-20,272,0,,,
2000-06-21,306,6,,,
2000-06-22,294,33,,,
2000-06-23,294,17,,,
2000-06-24,289,11,,,
2000-06-25,306,28,,,
2000-06-26,311,50,,,
2000-06-27,306,56,,,
2000-06-28,322,56,,,
2000-06-29,317,44,,,
2000-06-30,278,39,,,
2000-07-01,244,11,,,
2000-07-02,233,0,,,
2000-07-03,183,0,,,
2000-07-04,206,0,,,
2000-07-05,172,17,,,
2000-07-06,200,-11,,,
2000-07-07,206,17,,,
2000-07-08,222,-11,,,
2000-07-09,267,0,,,
2000-07-10,283,11,,,
2000-07-11,294,28,,,
2000-07-12,289,17,,,
2000-07-13,272,-11,,,
2000-07-14,272,-22,,,
2000-07-15,267,6,,,
2000-07-16,261,72,,,
2000-07-17,256,6,,,
2000-07-18,272,-11,,,
2000-07-19,294,6,,,
2000-07-20,322,17,,,
2000-07-21,306,22,,,
2000-07-22,283,-6,,,
2000-07-23,300,-11,,,
2000-07-24,306,0,,,
2000-07-25,306,28,,,
2000-07-26,283,11,,,
2000-07-27,289,0,,,
2000-07-28,300,11,,,
2000-07-29,333,6,,,
2000-07-30,311,33,,,
2000-07-31,339,50,,,
2000-08-01,350,67,,,
2000-08-02,350,50,,,
2000-08-03,311,78,,,
2000-08-04,300,89,,,
2000-08-05,306,28,,,
2000-08-06,311,39,,,
2000-08-07,311,50,,,
2000-08-08,289,56,,,
2000-08-09,267,33,,,
2000-08-10,244,-6,,,
2000-08-11,289,-11,,,
2000-08-12,300,-11,,,
2000-08-13,294,6,,,
2000-08-14,300,-17,,,
2000-08-15,306,-17,,,
2000-08-16,317,-11,,,
2000-08-17,289,0,,,
2000-08-18,261,-6,,,
2000-08-19,244,-22,,,
2000-08-20,244,-17,,,
2000-08-21,267,0,,,
2000-08-22,278,6,,,
2000-08-23,261,0,,,
2000-08-24,250,-22,,,
2000-08-25,278,-33,,,
2000-08-26,283,6,,,
2000-08-27,294,-22,,,
2000-08-28,294,6,,,
2000-08-29,294,28,,,
2000-08-30,261,44,,,
2000-08-31,183,44,,,
2000-09-01,106,33,,,
2000-09-02,128,-17,,,
2000-09-03,122,-33,,,
2000-09-04,133,-61,,,
2000-09-05,172,-33,,,
2000-09-06,189,-56,,,
2000-09-07,256,-56,,,
2000-09-08,239,-44,,,
2000-09-09,261,-28,,,
2000-09-10,272,-28,,,
2000-09-11,294,0,,,
2000-09-12,272,-6,,,
2000-09-13,272,50,,,
2000-09-14,261,17,,,
2000-09-15,244,22,,,
2000-09-16,233,-28,,,
2000-09-17,267,-6,,,
2000-09-18,300,17,,,
2000-09-19,311,17,,,
2000-09-20,306,17,,,
2000-09-21,256,22,,,
2000-09-22,106,-11,,,
2000-09-23,172,-56,,,
2000-09-24,211,-50,,,
2000-09-25,222,-33,,,
2000-09-26,233,-33,,,
2000-09-27,244,-28,,,
2000-09-28,222,0,,,
2000-09-29,261,-17,,,
2000-09-30,289,-6,,,
2000-10-01,267,0,,,
2000-10-02,233,-6,,,
2000-10-03,233,-39,,,
2000-10-04,250,-39,,,
2000-10-05,244,-44,,,
2000-10-06,256,-28,,,
2000-10-07,250,-33,,,
2000-10-08,256,-28,,,
2000-10-09,139,0,,,
2000-10-10,78,0,,,
2000-10-11,78,0,,,
2000-10-12,89,6,,,
2000-10-13,106,-6,,,
2000-10-14,156,-44,,,
2000-10-15,172,-44,,,
2000-10-16,189,-44,,,
2000-10-17,194,-50,,,
2000-10-18,194,-33,,,
2000-10-19,206,-44,,,
2000-10-20,122,-22,,,
2000-10-21,72,-17,,,
2000-10-22,94,-33,,,
2000-10-23,144,-44,,,
2000-10-24,172,-67,,,
2000-10-25,61,0,,,
2000-10-26,83,-28,,,
2000-10-27,111,-72,,,
2000-10-28,39,0,,,
2000-10-29,39,-17,,,
2000-10-30,61,-39,,,
2000-10-31,100,-72,,,
2000-11-01,111,-61,,,
2000-11-02,117,-22,,,
2000-11-03,117,-44,,,
2000-11-04,172,-61,,,
2000-11-05,122,-11,,,
2000-11-06,72,-50,,,
2000-11-07,128,-78,,,
2000-11-08,89,-111,,,
2000-11-09,39,-139,,,
2000-11-10,0,-122,,,
2000-11-11,22,-167,,,
2000-11-12,83,-150,,,
2000-11-13,6,-139,,,
2000-11-14,6,-78,,,
2000-11-15,22,-83,,,
2000-11-16,17,-167,,,
2000-11-17,78,-183,,,
2000-11-18,128,-156,,,
2000-11-19,111,-89,,,
2000-11-20,83,-100,,,
2000-11-21,78,-100,,,
2000-11-22,89,-100,,,
2000-11-23,83,-100,,,
2000-11-24,100,-44,,,
2000-11-25,89,-78,,,
2000-11-26,83,-39,,,
2000-11-27,83,-11,,,
2000-11-28,122,-11,,,
2000-11-29,56,-50,,,
2000-11-30,33,-78,,,
2000-12-01,61,-100,,,
2000-12-02,139,-111,,,
2000-12-03,122,-100,,,
2000-12-04,94,-72,,,
2000-12-05,122,-94,,,
2000-12-06,94,-78,,,
2000-12-07,61,-61,,,
2000-12-08,117,-44,,,
2000-12-09,61,-33,,,
2000-12-10,72,-67,,,
2000-12-11,33,-78,,,
2000-12-12,44,-83,,,
2000-12-13,33,-56,,,
2000-12-14,11,-100,,,
2000-12-15,56,-61,,,
2000-12-16,78,-133,,,
2000-12-17,44,-150,,,
2000-12-18,44,-183,,,
2000-12-19,122,-122,,,
2000-12-20,111,-61,,,
2000-12-21,67,-44,,,
2000-12-22,50,-56,,,
2000-12-23,44,-83,,,
2000-12-24,50,-111,,,
2000-12-25,33,-139,,,
2000-12-26,56,-144,,,
2000-12-27,50,-128,,,
2000-12-28,89,-139,,,
2000-12-29,128,-117,,,
2000-12-30,150,-150,,,
2000-12-31,78,-133,,,
2001-01-01,111,-139,,,
2001-01-02,89,-106,,,
2001-01-03,122,-133,,,
2001-01-04,161,-111,,,
2001-01-05,172,-117,,,
2001-01-06,111,-94,,,
2001-01-07,61,-83,,,
2001-01-08,39,-11,,,
2001-01-09,11,-89,,,
2001-01-10,17,-50,,,
2001-01-11,33,-100,,,
2001-01-12,78,-133,,,
2001-01-13,50,-89,,,
2001-01-14,22,-161,,,
2001-01-15,0,-189,,,
2001-01-16,-6,-228,,,
2001-01-17,28,-267,,,
2001-01-18,33,-178,,,
2001-01-19,117,-139,,,
2001-01-20,33,-189,,,
2001-01-21,56,-139,,,
2001-01-22,100,-83,,,
2001-01-23,61,-111,,,
2001-01-24,28,-150,,,
2001-01-25,-17,-161,,,
2001-01-26,22,-100,,,
2001-01-27,56,-172,,,
2001-01-28,78,-250,,,
2001-01-29,50,-150,,,
2001-01-30,-11,-228,,,
2001-01-31,33,-239,,,
2001-02-01,83,-172,,,
2001-02-02,78,-39,,,
2001-02-03,139,-56,,,
2001-02-04,211,-83,,,
2001-02-05,133,-139,,,
2001-02-06,6,-89,,,
2001-02-07,-11,-172,,,
2001-02-08,6,-217,,,
2001-02-09,-22,-83,,,
2001-02-10,28,-78,,,
2001-02-11,0,-133,,,
2001-02-12,22,-167,,,
2001-02-13,33,-194,,,
2001-02-14,67,-267,,,
2001-02-15,89,-211,,,
2001-02-16,56,-78,,,
2001-02-17,50,-100,,,
2001-02-18,33,0,,,
2001-02-19,33,-11,,,
2001-02-20,33,-17,,,
2001-02-21,56,-17,,,
2001-02-22,17,-133,,,
2001-02-23,50,-167,,,
2001-02-24,11,-33,,,
2001-02-25,61,-83,,,
2001-02-26,72,-144,,,
2001-02-27,89,-156,,,
2001-02-28,39,-200,,,
2001-03-01,67,-183,,,
2001-03-02,44,-156,,,
2001-03-03,33,-206,,,
2001-03-04,11,-17,,,
2001-03-05,39,-22,,,
2001-03-06,117,-50,,,
2001-03-07,167,-78,,,
2001-03-08,111,-28,,,
2001-03-09,28,-83,,,
2001-03-10,111,-100,,,
2001-03-11,111,-61,,,
2001-03-12,156,-94,,,
2001-03-13,161,-106,,,
2001-03-14,128,-94,,,
2001-03-15,67,-94,,,
2001-03-16,100,-44,,,
2001-03-17,128,-44,,,
2001-03-18,189,-39,,,
2001-03-19,172,-28,,,
2001-03-20,178,-6,,,
2001-03-21,156,-11,,,
2001-03-22,228,-39,,,
2001-03-23,144,-39,,,
2001-03-24,122,-28,,,
2001-03-25,122,-39,,,
2001-03-26,150,-56,,,
2001-03-27,172,-67,,,
2001-03-28,172,17,,,
2001-03-29,150,-11,,,
2001-03-30,172,-44,,,
2001-03-31,189,-50,,,
2001-04-01,117,-11,,,
2001-04-02,33,-50,,,
2001-04-03,39,-78,,,
2001-04-04,39,-122,,,
2001-04-05,111,-100,,,
2001-04-06,39,-28,,,
2001-04-07,11,-111,,,
2001-04-08,6,-167,,,
2001-04-09,44,-172,,,
2001-04-10,67,-117,,,
2001-04-11,56,-28,,,
2001-04-12,94,-94,,,
2001-04-13,61,-28,,,
2001-04-14,111,-67,,,
2001-04-15,139,-78,,,
2001-04-16,156,-50,,,
2001-04-17,133,-17,,,
2001-04-18,133,-11,,,
2001-04-19,67,-17,,,
2001-04-20,39,-28,,,
2001-04-21,83,-33,,,
2001-04-22,144,-67,,,
2001-04-23,172,-28,,,
2001-04-24,206,-33,,,
2001-04-25,222,-22,,,
2001-04-26,222,-17,,,
2001-04-27,194,-28,,,
2001-04-28,111,-33,,,
2001-04-29,200,-61,,,
2001-04-30,211,-22,,,
2001-05-01,150,-11,,,
2001-05-02,106,-39,,,
2001-05-03,172,-33,,,
2001-05-04,217,-56,,,
2001-05-05,206,-28,,,
2001-05-06,233,-39,,,
2001-05-07,250,-28,,,
2001-05-08,272,0,,,
2001-05-09,256,0,,,
2001-05-10,261,-11,,,
2001-05-11,267,-11,,,
2001-05-12,233,0,,,
2001-05-13,206,-22,,,
2001-05-14,167,-11,,,
2001-05-15,156,44,,,
2001-05-16,217,11,,,
2001-05-17,244,-22,,,
2001-05-18,239,-6,,,
2001-05-19,244,-11,,,
2001-05-20,256,56,,,
2001-05-21,244,6,,,
2001-05-22,300,-6,,,
2001-05-23,294,6,,,
2001-05-24,289,-6,,,
2001-05-25,278,6,,,
2001-05-26,261,11,,,
2001-05-27,222,-22,,,
2001-05-28,228,-28,,,
2001-05-29,250,11,,,
2001-05-30,267,6,,,
2001-05-31,306,22,,,
2001-06-01,250,56,,,
2001-06-02,211,6,,,
2001-06-03,161,-17,,,
2001-06-04,228,-56,,,
2001-06-05,194,17,,,
2001-06-06,250,-17,,,
2001-06-07,272,-11,,,
2001-06-08,256,11,,,
2001-06-09,250,0,,,
2001-06-10,261,-17,,,
2001-06-11,222,0,,,
2001-06-12,189,0,,,
2001-06-13,211,-28,,,
2001-06-14,272,-28,,,
2001-06-15,278,0,,,
2001-06-16,289,0,,,
2001-06-17,278,17,,,
2001-06-18,283,0,,,
2001-06-19,306,0,,,
2001-06-20,328,22,,,
2001-06-21,333,50,,,
2001-06-22,311,44,,,
2001-06-23,272,50,,,
2001-06-24,211,33,,,
2001-06-25,156,28,,,
2001-06-26,161,33,,,
2001-06-27,128,72,,,
2001-06-28,222,33,,,
2001-06-29,278,-6,,,
2001-06-30,289,17,,,
2001-07-01,306,17,,,
2001-07-02,333,22,,,
2001-07-03,344,56,,,
2001-07-04,322,89,,,
2001-07-05,306,94,,,
2001-07-06,294,28,,,
2001-07-07,267,67,,,
2001-07-08,311,11,,,
2001-07-09,322,50,,,
2001-07-10,283,67,,,
2001-07-11,233,67,,,
2001-07-12,267,39,,,
2001-07-13,289,22,,,
2001-07-14,267,22,,,
2001-07-15,256,39,,,
2001-07-16,217,44,,,
2001-07-17,228,22,,,
2001-07-18,250,6,,,
2001-07-19,250,6,,,
2001-07-20,233,0,,,
2001-07-21,239,-11,,,
2001-07-22,261,6,,,
2001-07-23,283,44,,,
2001-07-24,333,39,,,
2001-07-25,333,67,,,
2001-07-26,300,61,,,
2001-07-27,311,28,,,
2001-07-28,300,17,,,
2001-07-29,272,22,,,
2001-07-30,222,72,,,
2001-07-31,278,11,,,
2001-08-01,289,6,,,
2001-08-02,294,0,,,
2001-08-03,256,0,,,
2001-08-04,233,61,,,
2001-08-05,289,11,,,
2001-08-06,328,11,,,
2001-08-07,350,50,,,
2001-08-08,339,83,,,
2001-08-09,339,67,,,
2001-08-10,322,44,,,
2001-08-11,328,-6,,,
2001-08-12,306,17,,,
2001-08-13,294,28,,,
2001-08-14,306,0,,,
2001-08-15,322,-11,,,
2001-08-16,339,-11,,,
2001-08-17,306,-17,,,
2001-08-18,300,0,,,
2001-08-19,294,6,,,
2001-08-20,267,0,,,
2001-08-21,256,0,,,
2001-08-22,233,-11,,,
2001-08-23,239,28,,,
2001-08-24,289,-6,,,
2001-08-25,322,0,,,
2001-08-26,328,6,,,
2001-08-27,339,28,,,
2001-08-28,333,39,,,
2001-08-29,311,39,,,
2001-08-30,311,44,,,
2001-08-31,306,22,,,
2001-09-01,300,17,,,
2001-09-02,283,0,,,
2001-09-03,294,0,,,
2001-09-04,283,0,,,
2001-09-05,261,-6,,,
2001-09-06,261,-39,,,
2001-09-07,289,-22,,,
2001-09-08,244,-17,,,
2001-09-09,289,-28,,,
2001-09-10,261,22,,,
2001-09-11,200,11,,,
2001-09-12,239,39,,,
2001-09-13,178,61,,,
2001-09-14,233,17,,,
2001-09-15,211,11,,,
2001-09-16,206,39,,,
2001-09-17,256,6,,,
2001-09-18,272,6,,,
2001-09-19,289,0,,,
2001-09-20,283,6,,,
2001-09-21,283,-11,,,
2001-09-22,294,0,,,
2001-09-23,244,28,,,
2001-09-24,256,11,,,
2001-09-25,150,11,,,
2001-09-26,189,-11,,,
2001-09-27,206,0,,,
2001-09-28,200,-17,,,
2001-09-29,217,-22,,,
2001-09-30,283,-17,,,
2001-10-01,289,0,,,
2001-10-02,289,11,,,
2001-10-03,294,0,,,
2001-10-04,267,-11,,,
2001-10-05,228,-17,,,
2001-10-06,256,-17,,,
2001-10-07,233,-22,,,
2001-10-08,200,-11,,,
2001-10-09,194,-67,,,
2001-10-10,222,-61,,,
2001-10-11,161,-22,,,
2001-10-12,211,-50,,,
2001-10-13,250,-56,,,
2001-10-14,256,-44,,,
2001-10-15,250,-39,,,
2001-10-16,228,0,,,
2001-10-17,200,-11,,,
2001-10-18,239,-56,,,
2001-10-19,239,-50,,,
2001-10-20,217,-44,,,
2001-10-21,200,-22,,,
2001-10-22,200,-17,,,
2001-10-23,144,-67,,,
2001-10-24,183,-100,,,
2001-10-25,200,-83,,,
2001-10-26,211,-56,,,
2001-10-27,167,-50,,,
2001-10-28,139,6,,,
2001-10-29,122,39,,,
2001-10-30,67,6,,,
2001-10-31,111,-22,,,
2001-11-01,161,-61,,,
2001-11-02,167,-50,,,
2001-11-03,172,-61,,,
2001-11-04,194,-50,,,
2001-11-05,183,-56,,,
2001-11-06,139,-39,,,
2001-11-07,117,-89,,,
2001-11-08,150,-78,,,
2001-11-09,156,-78,,,
2001-11-10,144,-67,,,
2001-11-11,72,39,,,
2001-11-12,72,6,,,
2001-11-13,39,-22,,,
2001-11-14,111,-6,,,
2001-11-15,128,-11,,,
2001-11-16,106,-17,,,
2001-11-17,94,-33,,,
2001-11-18,89,-56,,,
2001-11-19,106,-6,,,
2001-11-20,89,28,,,
2001-11-21,61,17,,,
2001-11-22,61,-61,,,
2001-11-23,11,-89,,,
2001-11-24,33,-61,,,
2001-11-25,33,-139,,,
2001-11-26,28,-178,,,
2001-11-27,-6,-233,,,
2001-11-28,-11,-39,,,
2001-11-29,50,-67,,,
2001-11-30,44,-78,,,
2001-12-01,6,-17,,,
2001-12-02,6,-28,,,
2001-12-03,22,-156,,,
2001-12-04,28,-222,,,
2001-12-05,72,-28,,,
2001-12-06,94,-61,,,
2001-12-07,78,-133,,,
2001-12-08,94,-122,,,
2001-12-09,11,-150,,,
2001-12-10,6,-172,,,
2001-12-11,6,-94,,,
2001-12-12,56,-161,,,
2001-12-13,33,-61,,,
2001-12-14,0,-167,,,
2001-12-15,17,-189,,,
2001-12-16,39,-89,,,
2001-12-17,50,-39,,,
2001-12-18,28,-50,,,
2001-12-19,28,-22,,,
2001-12-20,6,-67,,,
2001-12-21,0,-83,,,
2001-12-22,11,-39,,,
2001-12-23,33,-117,,,
2001-12-24,0,-117,,,
2001-12-25,6,-78,,,
2001-12-26,28,-22,,,
2001-12-27,44,-11,,,
2001-12-28,28,0,,,
2001-12-29,39,0,,,
2001-12-30,33,0,,,
2001-12-31,83,-6,,,
2002-01-01,28,6,,,
2002-01-02,44,0,,,
2002-01-03,61,-94,,,
2002-01-04,17,-144,,,
2002-01-05,22,-33,,,
2002-01-06,50,0,,,
2002-01-07,78,6,,,
2002-01-08,61,0,,,
2002-01-09,83,-56,,,
2002-01-10,61,-89,,,
2002-01-11,39,-72,,,
2002-01-12,133,-78,,,
2002-01-13,83,-156,,,
2002-01-14,33,-178,,,
2002-01-15,6,-150,,,
2002-01-16,28,-194,,,
2002-01-17,44,-161,,,
2002-01-18,67,-222,,,
2002-01-19,17,-194,,,
2002-01-20,89,-178,,,
2002-01-21,22,-167,,,
2002-01-22,0,-244,,,
2002-01-23,22,-244,,,
2002-01-24,94,-189,,,
2002-01-25,67,-28,,,
2002-01-26,17,-94,,,
2002-01-27,17,-233,,,
2002-01-28,-61,-272,,,
2002-01-29,6,-256,,,
2002-01-30,22,-289,,,
2002-01-31,50,-250,,,
2002-02-01,56,-156,,,
2002-02-02,44,-194,,,
2002-02-03,111,-189,,,
2002-02-04,72,-228,,,
2002-02-05,128,-200,,,
2002-02-06,111,-156,,,
2002-02-07,39,-67,,,
2002-02-08,39,-139,,,
2002-02-09,50,-178,,,
2002-02-10,94,-150,,,
2002-02-11,139,-144,,,
2002-02-12,89,-100,,,
2002-02-13,72,-67,,,
2002-02-14,100,-128,,,
2002-02-15,67,-94,,,
2002-02-16,61,-39,,,
2002-02-17,78,-33,,,
2002-02-18,61,-11,,,
2002-02-19,50,-11,,,
2002-02-20,128,-22,,,
2002-02-21,144,-22,,,
2002-02-22,144,-39,,,
2002-02-23,89,-17,,,
2002-02-24,133,-61,,,
2002-02-25,106,-128,,,
2002-02-26,167,-100,,,
2002-02-27,150,-100,,,
2002-02-28,111,-100,,,
2002-03-01,78,-144,,,
2002-03-02,83,-150,,,
2002-03-03,128,-139,,,
2002-03-04,128,-117,,,
2002-03-05,117,-83,,,
2002-03-06,83,-39,,,
2002-03-07,17,-133,,,
2002-03-08,22,-144,,,
2002-03-09,56,-117,,,
2002-03-10,56,-17,,,
2002-03-11,128,-11,,,
2002-03-12,94,-44,,,
2002-03-13,33,-117,,,
2002-03-14,44,-128,,,
2002-03-15,6,-183,,,
2002-03-16,33,-128,,,
2002-03-17,33,-139,,,
2002-03-18,106,-211,,,
2002-03-19,167,-128,,,
2002-03-20,161,-72,,,
2002-03-21,156,-28,,,
2002-03-22,94,-44,,,
2002-03-23,78,-17,,,
2002-03-24,106,-50,,,
2002-03-25,94,-94,,,
2002-03-26,150,-89,,,
2002-03-27,167,-78,,,
2002-03-28,178,-50,,,
2002-03-29,194,-44,,,
2002-03-30,200,-83,,,
2002-03-31,211,-78,,,
2002-04-01,233,-67,,,
2002-04-02,200,-39,,,
2002-04-03,244,-44,,,
2002-04-04,228,-33,,,
2002-04-05,122,-6,,,
2002-04-06,161,-17,,,
2002-04-07,156,-44,,,
2002-04-08,161,-22,,,
2002-04-09,89,0,,,
2002-04-10,139,-6,,,
2002-04-11,139,-11,,,
2002-04-12,194,-22,,,
2002-04-13,233,-17,,,
2002-04-14,167,28,,,
2002-04-15,61,-39,,,
2002-04-16,33,-33,,,
2002-04-17,39,-39,,,
2002-04-18,50,-44,,,
2002-04-19,83,-39,,,
2002-04-20,117,-56,,,
2002-04-21,144,-56,,,
2002-04-22,183,-50,,,
2002-04-23,200,-33,,,
2002-04-24,194,-50,,,
2002-04-25,200,-11,,,
2002-04-26,117,0,,,
2002-04-27,28,-28,,,
2002-04-28,89,-67,,,
2002-04-29,78,-11,,,
2002-04-30,39,-17,,,
2002-05-01,111,-11,,,
2002-05-02,178,-33,,,
2002-05-03,183,-28,,,
2002-05-04,200,-33,,,
2002-05-05,194,-28,,,
2002-05-06,200,-33,,,
2002-05-07,100,-50,,,
2002-05-08,156,-89,,,
2002-05-09,150,-39,,,
2002-05-10,72,-17,,,
2002-05-11,161,-50,,,
2002-05-12,206,-39,,,
2002-05-13,183,6,,,
2002-05-14,189,-28,,,
2002-05-15,189,-28,,,
2002-05-16,233,-28,,,
2002-05-17,222,-6,,,
2002-05-18,194,28,,,
2002-05-19,106,6,,,
2002-05-20,56,-28,,,
2002-05-21,83,-39,,,
2002-05-22,139,-61,,,
2002-05-23,172,-44,,,
2002-05-24,200,-33,,,
2002-05-25,228,-17,,,
2002-05-26,222,0,,,
2002-05-27,200,6,,,
2002-05-28,222,39,,,
2002-05-29,267,28,,,
2002-05-30,278,56,,,
2002-05-31,283,33,,,
2002-06-01,217,72,,,
2002-06-02,211,17,,,
2002-06-03,250,-11,,,
2002-06-04,267,6,,,
2002-06-05,294,22,,,
2002-06-06,294,11,,,
2002-06-07,250,-6,,,
2002-06-08,122,-39,,,
2002-06-09,139,-39,,,
2002-06-10,189,-22,,,
2002-06-11,239,-33,,,
2002-06-12,272,0,,,
2002-06-13,294,6,,,
2002-06-14,272,0,,,
2002-06-15,283,0,,,
2002-06-16,267,-17,,,
2002-06-17,256,0,,,
2002-06-18,239,56,,,
2002-06-19,261,-11,,,
2002-06-20,278,0,,,
2002-06-21,233,28,,,
2002-06-22,244,11,,,
2002-06-23,267,22,,,
2002-06-24,289,17,,,
2002-06-25,333,33,,,
2002-06-26,300,61,,,
2002-06-27,294,39,,,
2002-06-28,283,78,,,
2002-06-29,278,50,,,
2002-06-30,311,17,,,
2002-07-01,322,22,,,
2002-07-02,311,39,,,
2002-07-03,272,17,,,
2002-07-04,278,33,,,
2002-07-05,294,17,,,
2002-07-06,311,28,,,
2002-07-07,272,28,,,
2002-07-08,311,6,,,
2002-07-09,356,17,,,
2002-07-10,383,50,,,
2002-07-11,389,78,,,
2002-07-12,344,111,,,
2002-07-13,333,89,,,
2002-07-14,311,72,,,
2002-07-15,300,11,,,
2002-07-16,289,6,,,
2002-07-17,294,-356,,,
2002-07-18,272,67,,,
2002-07-19,272,100,,,
2002-07-20,322,56,,,
2002-07-21,328,83,,,
2002-07-22,294,72,,,
2002-07-23,283,0,,,
2002-07-24,294,6,,,
2002-07-25,289,0,,,
2002-07-26,306,39,,,
2002-07-27,311,61,,,
2002-07-28,333,28,,,
2002-07-29,339,72,,,
2002-07-30,328,67,,,
2002-07-31,306,106,,,
2002-08-01,322,56,,,
2002-08-02,294,50,,,
2002-08-03,261,44,,,
2002-08-04,217,33,,,
2002-08-05,200,-17,,,
2002-08-06,217,-28,,,
2002-08-07,250,-11,,,
2002-08-08,289,-22,,,
2002-08-09,311,0,,,
2002-08-10,339,22,,,
2002-08-11,339,28,,,
2002-08-12,344,39,,,
2002-08-13,356,50,,,
2002-08-14,344,72,,,
2002-08-15,350,56,,,
2002-08-16,328,56,,,
2002-08-17,311,33,,,
2002-08-18,311,33,,,
2002-08-19,278,17,,,
2002-08-20,217,22,,,
2002-08-21,228,-22,,,
2002-08-22,250,-11,,,
2002-08-23,256,0,,,
2002-08-24,261,6,,,
2002-08-25,261,-17,,,
2002-08-26,261,17,,,
2002-08-27,267,28,,,
2002-08-28,283,44,,,
2002-08-29,261,28,,,
2002-08-30,261,28,,,
2002-08-31,289,11,,,
2002-09-01,306,17,,,
2002-09-02,322,39,,,
2002-09-03,272,17,,,
2002-09-04,233,39,,,
2002-09-05,206,50,,,
2002-09-06,172,-6,,,
2002-09-07,172,-44,,,
2002-09-08,222,-56,,,
2002-09-09,256,-33,,,
2002-09-10,294,-22,,,
2002-09-11,300,-6,,,
2002-09-12,300,0,,,
2002-09-13,300,0,,,
2002-09-14,261,0,,,
2002-09-15,250,22,,,
2002-09-16,217,-28,,,
2002-09-17,189,17,,,
2002-09-18,233,17,,,
2002-09-19,267,6,,,
2002-09-20,294,-6,,,
2002-09-21,300,0,,,
2002-09-22,306,0,,,
2002-09-23,300,0,,,
2002-09-24,289,-6,,,
2002-09-25,267,0,,,
2002-09-26,267,-39,,,
2002-09-27,211,0,,,
2002-09-28,211,-39,,,
2002-09-29,156,-22,,,
2002-09-30,133,-6,,,
2002-10-01,106,-28,,,
2002-10-02,150,-50,,,
2002-10-03,189,-67,,,
2002-10-04,183,0,,,
2002-10-05,222,-33,,,
2002-10-06,244,-11,,,
2002-10-07,278,-33,,,
2002-10-08,256,-33,,,
2002-10-09,244,-44,,,
2002-10-10,211,28,,,
2002-10-11,194,-67,,,
2002-10-12,200,-94,,,
2002-10-13,222,-78,,,
2002-10-14,233,-56,,,
2002-10-15,233,-56,,,
2002-10-16,239,-72,,,
2002-10-17,261,-61,,,
2002-10-18,239,-50,,,
2002-10-19,206,-44,,,
2002-10-20,189,-44,,,
2002-10-21,156,-44,,,
2002-10-22,161,-83,,,
2002-10-23,161,-72,,,
2002-10-24,139,-83,,,
2002-10-25,122,-11,,,
2002-10-26,156,-44,,,
2002-10-27,161,-83,,,
2002-10-28,156,-50,,,
2002-10-29,111,-100,,,
2002-10-30,111,-150,,,
2002-10-31,106,-150,,,
2002-11-01,56,-178,,,
2002-11-02,150,-167,,,
2002-11-03,144,-117,,,
2002-11-04,156,-139,,,
2002-11-05,172,-111,,,
2002-11-06,133,-100,,,
2002-11-07,72,0,,,
2002-11-08,72,0,,,
2002-11-09,28,-17,,,
2002-11-10,50,-22,,,
2002-11-11,78,-28,,,
2002-11-12,89,0,,,
2002-11-13,111,-28,,,
2002-11-14,111,-56,,,
2002-11-15,117,-78,,,
2002-11-16,111,0,,,
2002-11-17,89,-56,,,
2002-11-18,133,-67,,,
2002-11-19,183,-33,,,
2002-11-20,150,-39,,,
2002-11-21,183,-44,,,
2002-11-22,128,-22,,,
2002-11-23,133,-39,,,
2002-11-24,111,-50,,,
2002-11-25,89,-72,,,
2002-11-26,139,-78,,,
2002-11-27,128,-67,,,
2002-11-28,117,-67,,,
2002-11-29,128,-100,,,
2002-11-30,133,-94,,,
2002-12-01,100,-94,,,
2002-12-02,122,-83,,,
2002-12-03,133,-94,,,
2002-12-04,111,-39,,,
2002-12-05,106,-67,,,
2002-12-06,100,-44,,,
2002-12-07,139,-89,,,
2002-12-08,83,-89,,,
2002-12-09,44,-56,,,
2002-12-10,39,-50,,,
2002-12-11,44,-78,,,
2002-12-12,61,-22,,,
2002-12-13,39,6,,,
2002-12-14,56,6,,,
2002-12-15,17,0,,,
2002-12-16,6,-22,,,
2002-12-17,11,-122,,,
2002-12-18,17,-167,,,
2002-12-19,-17,-61,,,
2002-12-20,-6,-28,,,
2002-12-21,28,-78,,,
2002-12-22,17,-122,,,
2002-12-23,-22,-233,,,
2002-12-24,6,-183,,,
2002-12-25,11,-139,,,
2002-12-26,17,-22,,,
2002-12-27,44,11,,,
2002-12-28,39,-28,,,
2002-12-29,39,-61,,,
2002-12-30,6,-28,,,
2002-12-31,44,-67,,,
2003-01-01,22,-78,,,
2003-01-02,78,-72,,,
2003-01-03,106,-33,,,
2003-01-04,72,-22,,,
2003-01-05,117,-78,,,
2003-01-06,50,-100,,,
2003-01-07,100,-144,,,
2003-01-08,139,-144,,,
2003-01-09,61,-44,,,
2003-01-10,28,0,,,
2003-01-11,28,0,,,
2003-01-12,28,0,,,
2003-01-13,44,0,,,
2003-01-14,56,-28,,,
2003-01-15,50,-44,,,
2003-01-16,111,-94,,,
2003-01-17,100,-100,,,
2003-01-18,122,-89,,,
2003-01-19,161,-100,,,
2003-01-20,94,-106,,,
2003-01-21,67,-22,,,
2003-01-22,50,17,,,
2003-01-23,83,-22,,,
2003-01-24,78,-28,,,
2003-01-25,111,-6,,,
2003-01-26,128,-11,,,
2003-01-27,78,0,,,
2003-01-28,94,-28,,,
2003-01-29,117,-44,,,
2003-01-30,111,-17,,,
2003-01-31,144,-22,,,
2003-02-01,61,-33,,,
2003-02-02,44,-89,,,
2003-02-03,78,-150,,,
2003-02-04,33,-161,,,
2003-02-05,56,-156,,,
2003-02-06,11,-156,,,
2003-02-07,17,-133,,,
2003-02-08,89,-189,,,
2003-02-09,117,-156,,,
2003-02-10,139,-122,,,
2003-02-11,94,-122,,,
2003-02-12,67,-56,,,
2003-02-13,78,-22,,,
2003-02-14,100,-28,,,
2003-02-15,56,-17,,,
2003-02-16,28,-61,,,
2003-02-17,67,-83,,,
2003-02-18,56,-100,,,
2003-02-19,22,-61,,,
2003-02-20,100,-39,,,
2003-02-21,111,-122,,,
2003-02-22,100,-67,,,
2003-02-23,106,-122,,,
2003-02-24,72,-39,,,
2003-02-25,44,-83,,,
2003-02-26,94,-150,,,
2003-02-27,33,-61,,,
2003-02-28,39,-133,,,
2003-03-01,67,-56,,,
2003-03-02,122,-128,,,
2003-03-03,11,-111,,,
2003-03-04,78,-194,,,
2003-03-05,111,-111,,,
2003-03-06,100,-56,,,
2003-03-07,106,-50,,,
2003-03-08,111,-83,,,
2003-03-09,89,-39,,,
2003-03-10,100,-22,,,
2003-03-11,122,-28,,,
2003-03-12,111,-28,,,
2003-03-13,89,11,,,
2003-03-14,50,6,,,
2003-03-15,44,-33,,,
2003-03-16,50,-17,,,
2003-03-17,39,-22,,,
2003-03-18,106,-83,,,
2003-03-19,89,-94,,,
2003-03-20,100,-44,,,
2003-03-21,122,-22,,,
2003-03-22,100,6,,,
2003-03-23,50,-33,,,
2003-03-24,111,-44,,,
2003-03-25,111,-22,,,
2003-03-26,72,-17,,,
2003-03-27,83,-33,,,
2003-03-28,106,-61,,,
2003-03-29,178,-44,,,
2003-03-30,206,-39,,,
2003-03-31,178,50,,,
2003-04-01,83,-17,,,
2003-04-02,-6,-122,,,
2003-04-03,17,-167,,,
2003-04-04,28,-83,,,
2003-04-05,56,-56,,,
2003-04-06,61,-33,,,
2003-04-07,133,-28,,,
2003-04-08,156,-22,,,
2003-04-09,156,-28,,,
2003-04-10,117,-28,,,
2003-04-11,111,11,,,
2003-04-12,33,-17,,,
2003-04-13,22,-28,,,
2003-04-14,67,-72,,,
2003-04-15,50,-100,,,
2003-04-16,50,-11,,,
2003-04-17,72,-6,,,
2003-04-18,72,-39,,,
2003-04-19,133,-61,,,
2003-04-20,111,-33,,,
2003-04-21,67,0,,,
2003-04-22,89,-6,,,
2003-04-23,89,-11,,,
2003-04-24,39,-22,,,
2003-04-25,6,-33,,,
2003-04-26,50,-67,,,
2003-04-27,67,-39,,,
2003-04-28,33,-6,,,
2003-04-29,39,-11,,,
2003-04-30,94,-28,,,
2003-05-01,133,-44,,,
2003-05-02,72,17,,,
2003-05-03,111,0,,,
2003-05-04,83,-6,,,
2003-05-05,117,-28,,,
2003-05-06,72,-44,,,
2003-05-07,94,-6,,,
2003-05-08,39,-17,,,
2003-05-09,56,-11,,,
2003-05-10,89,0,,,
2003-05-11,133,-11,,,
2003-05-12,178,-11,,,
2003-05-13,206,-17,,,
2003-05-14,228,-17,,,
2003-05-15,189,0,,,
2003-05-16,194,-33,,,
2003-05-17,156,-44,,,
2003-05-18,156,-50,,,
2003-05-19,189,-33,,,
2003-05-20,239,-28,,,
2003-05-21,267,6,,,
2003-05-22,272,39,,,
2003-05-23,294,33,,,
2003-05-24,261,28,,,
2003-05-25,189,67,,,
2003-05-26,222,17,,,
2003-05-27,294,0,,,
2003-05-28,283,56,,,
2003-05-29,261,50,,,
2003-05-30,233,44,,,
2003-05-31,250,11,,,
2003-06-01,283,6,,,
2003-06-02,278,22,,,
2003-06-03,300,22,,,
2003-06-04,294,28,,,
2003-06-05,294,22,,,
2003-06-06,311,28,,,
2003-06-07,311,56,,,
2003-06-08,289,44,,,
2003-06-09,250,56,,,
2003-06-10,256,28,,,
2003-06-11,239,11,,,
2003-06-12,228,17,,,
2003-06-13,233,28,,,
2003-06-14,256,-11,,,
2003-06-15,272,17,,,
2003-06-16,317,39,,,
2003-06-17,322,61,,,
2003-06-18,256,94,,,
2003-06-19,244,50,,,
2003-06-20,211,67,,,
2003-06-21,206,33,,,
2003-06-22,206,0,,,
2003-06-23,183,-6,,,
2003-06-24,228,-17,,,
2003-06-25,256,-11,,,
2003-06-26,306,6,,,
2003-06-27,322,33,,,
2003-06-28,322,33,,,
2003-06-29,267,50,,,
2003-06-30,267,6,,,
2003-07-01,239,-17,,,
2003-07-02,250,-11,,,
2003-07-03,261,-6,,,
2003-07-04,294,-11,,,
2003-07-05,306,0,,,
2003-07-06,289,11,,,
2003-07-07,261,28,,,
2003-07-08,289,0,,,
2003-07-09,322,-11,,,
2003-07-10,306,22,,,
2003-07-11,317,17,,,
2003-07-12,289,17,,,
2003-07-13,283,17,,,
2003-07-14,317,11,,,
2003-07-15,300,39,,,
2003-07-16,306,6,,,
2003-07-17,328,17,,,
2003-07-18,333,44,,,
2003-07-19,350,89,,,
2003-07-20,350,133,,,
2003-07-21,356,100,,,
2003-07-22,378,100,,,
2003-07-23,339,144,,,
2003-07-24,278,117,,,
2003-07-25,294,78,,,
2003-07-26,306,61,,,
2003-07-27,322,44,,,
2003-07-28,339,67,,,
2003-07-29,367,83,,,
2003-07-30,367,100,,,
2003-07-31,350,94,,,
2003-08-01,267,144,,,
2003-08-02,161,128,,,
2003-08-03,200,100,,,
2003-08-04,256,72,,,
2003-08-05,222,61,,,
2003-08-06,222,17,,,
2003-08-07,228,11,,,
2003-08-08,244,6,,,
2003-08-09,256,0,,,
2003-08-10,261,0,,,
2003-08-11,267,6,,,
2003-08-12,261,-28,,,
2003-08-13,272,-28,,,
2003-08-14,283,6,,,
2003-08-15,306,44,,,
2003-08-16,306,-11,,,
2003-08-17,328,11,,,
2003-08-18,339,33,,,
2003-08-19,322,67,,,
2003-08-20,317,33,,,
2003-08-21,228,106,,,
2003-08-22,189,78,,,
2003-08-23,244,50,,,
2003-08-24,278,17,,,
2003-08-25,300,6,,,
2003-08-26,256,56,,,
2003-08-27,278,22,,,
2003-08-28,261,11,,,
2003-08-29,294,-6,,,
2003-08-30,306,17,,,
2003-08-31,300,39,,,
2003-09-01,311,22,,,
2003-09-02,317,33,,,
2003-09-03,317,44,,,
2003-09-04,289,61,,,
2003-09-05,272,50,,,
2003-09-06,256,0,,,
2003-09-07,222,22,,,
2003-09-08,189,0,,,
2003-09-09,150,44,,,
2003-09-10,222,17,,,
2003-09-11,272,6,,,
2003-09-12,272,44,,,
2003-09-13,222,-11,,,
2003-09-14,278,-28,,,
2003-09-15,256,0,,,
2003-09-16,189,0,,,
2003-09-17,183,-28,,,
2003-09-18,244,-44,,,
2003-09-19,261,-22,,,
2003-09-20,294,-22,,,
2003-09-21,300,-11,,,
2003-09-22,311,-11,,,
2003-09-23,322,0,,,
2003-09-24,328,6,,,
2003-09-25,322,6,,,
2003-09-26,317,-11,,,
2003-09-27,322,0,,,
2003-09-28,306,0,,,
2003-09-29,244,0,,,
2003-09-30,261,-39,,,
2003-10-01,250,17,,,
2003-10-02,233,-6,,,
2003-10-03,244,-6,,,
2003-10-04,250,33,,,
2003-10-05,239,6,,,
2003-10-06,272,-11,,,
2003-10-07,233,0,,,
2003-10-08,233,6,,,
2003-10-09,161,-22,,,
2003-10-10,150,-61,,,
2003-10-11,217,-72,,,
2003-10-12,200,-44,,,
2003-10-13,183,-100,,,
2003-10-14,206,-56,,,
2003-10-15,194,-78,,,
2003-10-16,233,-33,,,
2003-10-17,239,-28,,,
2003-10-18,222,-44,,,
2003-10-19,211,28,,,
2003-10-20,256,0,,,
2003-10-21,267,-33,,,
2003-10-22,228,-39,,,
2003-10-23,206,-44,,,
2003-10-24,228,-72,,,
2003-10-25,211,-50,,,
2003-10-26,244,-39,,,
2003-10-27,272,-50,,,
2003-10-28,272,-17,,,
2003-10-29,144,-17,,,
2003-10-30,61,-39,,,
2003-10-31,6,-106,,,
2003-11-01,56,-167,,,
2003-11-02,22,-106,,,
2003-11-03,50,-94,,,
2003-11-04,56,-117,,,
2003-11-05,33,-67,,,
2003-11-06,61,-89,,,
2003-11-07,33,0,,,
2003-11-08,44,0,,,
2003-11-09,44,0,,,
2003-11-10,78,-56,,,
2003-11-11,106,-83,,,
2003-11-12,94,-67,,,
2003-11-13,67,-72,,,
2003-11-14,56,0,,,
2003-11-15,22,-17,,,
2003-11-16,44,-28,,,
2003-11-17,78,-33,,,
2003-11-18,150,-61,,,
2003-11-19,139,-28,,,
2003-11-20,89,-39,,,
2003-11-21,17,-94,,,
2003-11-22,28,-111,,,
2003-11-23,56,-139,,,
2003-11-24,78,-78,,,
2003-11-25,56,-122,,,
2003-11-26,56,-111,,,
2003-11-27,61,-128,,,
2003-11-28,83,11,,,
2003-11-29,50,0,,,
2003-11-30,61,6,,,
2003-12-01,33,0,,,
2003-12-02,67,-6,,,
2003-12-03,117,-39,,,
2003-12-04,83,-56,,,
2003-12-05,67,22,,,
2003-12-06,44,17,,,
2003-12-07,33,-67,,,
2003-12-08,39,-94,,,
2003-12-09,33,-67,,,
2003-12-10,72,-22,,,
2003-12-11,11,-78,,,
2003-12-12,17,-56,,,
2003-12-13,33,-6,,,
2003-12-14,22,-94,,,
2003-12-15,22,-150,,,
2003-12-16,44,-150,,,
2003-12-17,50,-133,,,
2003-12-18,56,-139,,,
2003-12-19,83,-67,,,
2003-12-20,39,0,,,
2003-12-21,56,0,,,
2003-12-22,28,-6,,,
2003-12-23,22,-28,,,
2003-12-24,28,-39,,,
2003-12-25,6,-61,,,
2003-12-26,-6,-211,,,
2003-12-27,6,-250,,,
2003-12-28,-28,-194,,,
2003-12-29,6,-39,,,
2003-12-30,39,-44,,,
2003-12-31,6,-33,,,
2004-01-01,0,-61,,,
2004-01-02,-6,-117,,,
2004-01-03,-17,-244,,,
2004-01-04,-6,-211,,,
2004-01-05,-6,-239,,,
2004-01-06,6,-50,,,
2004-01-07,17,-17,,,
2004-01-08,39,0,,,
2004-01-09,72,-22,,,
2004-01-10,67,-6,,,
2004-01-11,100,-83,,,
2004-01-12,89,-61,,,
2004-01-13,100,-122,,,
2004-01-14,72,-122,,,
2004-01-15,106,-61,,,
2004-01-16,39,-117,,,
2004-01-17,72,-56,,,
2004-01-18,100,-50,,,
2004-01-19,78,-106,,,
2004-01-20,61,-61,,,
2004-01-21,67,-150,,,
2004-01-22,61,-189,,,
2004-01-23,117,-172,,,
2004-01-24,56,-56,,,
2004-01-25,33,-167,,,
2004-01-26,-11,-144,,,
2004-01-27,39,-39,,,
2004-01-28,56,-94,,,
2004-01-29,94,-122,,,
2004-01-30,28,-50,,,
2004-01-31,39,-161,,,
2004-02-01,6,-144,,,
2004-02-02,0,-33,,,
2004-02-03,28,-78,,,
2004-02-04,50,-133,,,
2004-02-05,33,-211,,,
2004-02-06,44,-111,,,
2004-02-07,56,-139,,,
2004-02-08,56,-222,,,
2004-02-09,22,-178,,,
2004-02-10,72,-194,,,
2004-02-11,122,-189,,,
2004-02-12,44,-178,,,
2004-02-13,44,-144,,,
2004-02-14,56,-17,,,
2004-02-15,28,-11,,,
2004-02-16,44,0,,,
2004-02-17,39,0,,,
2004-02-18,61,-11,,,
2004-02-19,61,-89,,,
2004-02-20,56,-128,,,
2004-02-21,44,-83,,,
2004-02-22,22,-22,,,
2004-02-23,83,-28,,,
2004-02-24,44,-22,,,
2004-02-25,6,-11,,,
2004-02-26,28,-61,,,
2004-02-27,39,-178,,,
2004-02-28,72,-44,,,
2004-02-29,61,-144,,,
2004-03-01,28,-17,,,
2004-03-02,61,-72,,,
2004-03-03,56,-161,,,
2004-03-04,78,-139,,,
2004-03-05,89,-89,,,
2004-03-06,139,-72,,,
2004-03-07,150,-78,,,
2004-03-08,144,-78,,,
2004-03-09,194,-44,,,
2004-03-10,128,-67,,,
2004-03-11,150,-89,,,
2004-03-12,194,-78,,,
2004-03-13,194,-72,,,
2004-03-14,178,-44,,,
2004-03-15,189,-61,,,
2004-03-16,200,-61,,,
2004-03-17,222,-78,,,
2004-03-18,161,-56,,,
2004-03-19,156,-39,,,
2004-03-20,200,-72,,,
2004-03-21,206,-28,,,
2004-03-22,189,-33,,,
2004-03-23,172,-61,,,
2004-03-24,100,-39,,,
2004-03-25,28,-44,,,
2004-03-26,50,-61,,,
2004-03-27,111,-72,,,
2004-03-28,133,-89,,,
2004-03-29,144,-67,,,
2004-03-30,94,-28,,,
2004-03-31,128,-6,,,
2004-04-01,89,-39,,,
2004-04-02,128,-50,,,
2004-04-03,189,-39,,,
2004-04-04,172,-22,,,
2004-04-05,139,-50,,,
2004-04-06,150,-33,,,
2004-04-07,172,-22,,,
2004-04-08,189,-33,,,
2004-04-09,189,-39,,,
2004-04-10,178,-50,,,
2004-04-11,189,-50,,,
2004-04-12,172,-28,,,
2004-04-13,111,-28,,,
2004-04-14,94,0,,,
2004-04-15,67,-50,,,
2004-04-16,83,-72,,,
2004-04-17,56,-72,,,
2004-04-18,33,-50,,,
2004-04-19,39,-11,,,
2004-04-20,67,6,,,
2004-04-21,78,-11,,,
2004-04-22,144,-33,,,
2004-04-23,183,-50,,,
2004-04-24,222,-39,,,
2004-04-25,228,-28,,,
2004-04-26,250,-22,,,
2004-04-27,244,-6,,,
2004-04-28,133,17,,,
2004-04-29,178,-44,,,
2004-04-30,233,-56,,,
2004-05-01,244,-28,,,
2004-05-02,272,-17,,,
2004-05-03,261,0,,,
2004-05-04,228,11,,,
2004-05-05,194,-6,,,
2004-05-06,172,50,,,
2004-05-07,156,22,,,
2004-05-08,161,-11,,,
2004-05-09,194,-44,,,
2004-05-10,56,-6,,,
2004-05-11,89,-22,,,
2004-05-12,156,-50,,,
2004-05-13,194,-39,,,
2004-05-14,200,-28,,,
2004-05-15,167,6,,,
2004-05-16,183,-22,,,
2004-05-17,156,-11,,,
2004-05-18,111,0,,,
2004-05-19,150,0,,,
2004-05-20,161,-22,,,
2004-05-21,167,0,,,
2004-05-22,167,6,,,
2004-05-23,172,-11,,,
2004-05-24,189,-39,,,
2004-05-25,206,-17,,,
2004-05-26,233,-6,,,
2004-05-27,172,61,,,
2004-05-28,133,11,,,
2004-05-29,172,0,,,
2004-05-30,222,-28,,,
2004-05-31,250,-6,,,
2004-06-01,244,-6,,,
2004-06-02,272,0,,,
2004-06-03,256,17,,,
2004-06-04,283,0,,,
2004-06-05,250,6,,,
2004-06-06,217,6,,,
2004-06-07,167,6,,,
2004-06-08,139,-28,,,
2004-06-09,150,6,,,
2004-06-10,167,17,,,
2004-06-11,183,-11,,,
2004-06-12,228,0,,,
2004-06-13,239,11,,,
2004-06-14,267,17,,,
2004-06-15,272,11,,,
2004-06-16,267,22,,,
2004-06-17,256,28,,,
2004-06-18,261,17,,,
2004-06-19,256,17,,,
2004-06-20,250,6,,,
2004-06-21,283,17,,,
2004-06-22,289,28,,,
2004-06-23,283,11,,,
2004-06-24,278,33,,,
2004-06-25,278,0,,,
2004-06-26,283,0,,,
2004-06-27,300,28,,,
2004-06-28,294,50,,,
2004-06-29,250,28,,,
2004-06-30,239,28,,,
2004-07-01,256,28,,,
2004-07-02,278,39,,,
2004-07-03,256,44,,,
2004-07-04,289,50,,,
2004-07-05,317,50,,,
2004-07-06,317,50,,,
2004-07-07,283,61,,,
2004-07-08,272,44,,,
2004-07-09,239,0,,,
2004-07-10,244,-17,,,
2004-07-11,278,-6,,,
2004-07-12,272,-11,,,
2004-07-13,278,0,,,
2004-07-14,283,0,,,
2004-07-15,294,-17,,,
2004-07-16,311,6,,,
2004-07-17,306,106,,,
2004-07-18,278,89,,,
2004-07-19,267,67,,,
2004-07-20,283,61,,,
2004-07-21,311,50,,,
2004-07-22,306,33,,,
2004-07-24,328,144,,,
2004-07-25,328,67,,,
2004-07-26,311,28,,,
2004-07-27,322,39,,,
2004-07-28,339,67,,,
2004-07-29,300,44,,,
2004-07-30,289,39,,,
2004-07-31,278,-6,,,
2004-08-01,278,6,,,
2004-08-02,250,6,,,
2004-08-03,256,6,,,
2004-08-04,261,11,,,
2004-08-05,239,6,,,
2004-08-06,250,11,,,
2004-08-07,311,0,,,
2004-08-08,322,28,,,
2004-08-09,317,33,,,
2004-08-10,333,-11,,,
2004-08-11,333,28,,,
2004-08-12,350,28,,,
2004-08-13,328,56,,,
2004-08-14,300,61,,,
2004-08-15,294,61,,,
2004-08-16,278,61,,,
2004-08-17,306,17,,,
2004-08-18,311,39,,,
2004-08-19,322,56,,,
2004-08-20,317,33,,,
2004-08-21,294,33,,,
2004-08-22,189,78,,,
2004-08-23,189,44,,,
2004-08-24,233,17,,,
2004-08-25,222,33,,,
2004-08-26,211,44,,,
2004-08-27,256,-17,,,
2004-08-28,300,-11,,,
2004-08-29,317,6,,,
2004-08-30,306,17,,,
2004-08-31,294,-6,,,
2004-09-01,278,17,,,
2004-09-02,211,6,,,
2004-09-03,194,0,,,
2004-09-04,261,0,,,
2004-09-05,289,-11,,,
2004-09-06,294,0,,,
2004-09-07,294,6,,,
2004-09-08,300,6,,,
2004-09-09,289,0,,,
2004-09-10,289,6,,,
2004-09-11,289,6,,,
2004-09-12,261,56,,,
2004-09-13,217,-6,,,
2004-09-14,222,-39,,,
2004-09-15,239,-22,,,
2004-09-16,261,0,,,
2004-09-17,217,11,,,
2004-09-18,139,-39,,,
2004-09-19,78,-39,,,
2004-09-20,122,-28,,,
2004-09-21,194,-61,,,
2004-09-22,256,-39,,,
2004-09-23,267,-22,,,
2004-09-24,272,-22,,,
2004-09-25,256,-28,,,
2004-09-26,261,-44,,,
2004-09-27,256,-17,,,
2004-09-28,261,-11,,,
2004-09-29,244,11,,,
2004-09-30,244,-17,,,
2004-10-01,256,-22,,,
2004-10-02,239,11,,,
2004-10-03,239,-11,,,
2004-10-04,250,0,,,
2004-10-05,239,-17,,,
2004-10-06,250,-28,,,
2004-10-07,244,-39,,,
2004-10-08,222,-28,,,
2004-10-09,144,-22,,,
2004-10-10,161,-67,,,
2004-10-11,206,-22,,,
2004-10-12,239,-50,,,
2004-10-13,233,-22,,,
2004-10-14,267,-50,,,
2004-10-15,283,-56,,,
2004-10-16,211,-50,,,
2004-10-17,89,-22,,,
2004-10-18,44,-44,,,
2004-10-19,17,0,,,
2004-10-20,56,0,,,
2004-10-21,100,-22,,,
2004-10-22,89,-44,,,
2004-10-23,33,0,,,
2004-10-24,83,-50,,,
2004-10-25,72,-50,,,
2004-10-26,56,-50,,,
2004-10-27,89,-117,,,
2004-10-28,33,-17,,,
2004-10-29,100,-56,,,
2004-10-30,106,-100,,,
2004-10-31,83,-106,,,
2004-11-01,100,-100,,,
2004-11-02,150,-78,,,
2004-11-03,28,-11,,,
2004-11-04,89,-39,,,
2004-11-05,122,-106,,,
2004-11-06,139,-78,,,
2004-11-07,161,-72,,,
2004-11-08,189,-11,,,
2004-11-09,67,11,,,
2004-11-10,56,0,,,
2004-11-11,56,0,,,
2004-11-12,100,-6,,,
2004-11-13,106,-33,,,
2004-11-14,83,-67,,,
2004-11-15,89,0,,,
2004-11-16,94,-33,,,
2004-11-17,156,-72,,,
2004-11-18,133,-78,,,
2004-11-19,67,-67,,,
2004-11-20,50,-122,,,
2004-11-21,56,-83,,,
2004-11-22,117,-100,,,
2004-11-23,100,-89,,,
2004-11-24,150,-83,,,
2004-11-25,33,-44,,,
2004-11-26,39,-50,,,
2004-11-27,11,-89,,,
2004-11-28,17,-217,,,
2004-11-29,17,-256,,,
2004-11-30,50,-183,,,
2004-12-01,339,-194,,,
2004-12-02,222,-133,,,
2004-12-03,61,-156,,,
2004-12-04,17,-150,,,
2004-12-05,67,-150,,,
2004-12-06,6,-39,,,
2004-12-07,28,-11,,,
2004-12-08,56,-6,,,
2004-12-09,122,0,,,
2004-12-10,111,-39,,,
2004-12-11,128,-72,,,
2004-12-12,117,-33,,,
2004-12-13,111,-39,,,
2004-12-14,111,-100,,,
2004-12-15,111,-133,,,
2004-12-16,72,-122,,,
2004-12-17,67,-144,,,
2004-12-18,100,-117,,,
2004-12-19,161,-111,,,
2004-12-20,111,-117,,,
2004-12-21,94,-144,,,
2004-12-22,56,-139,,,
2004-12-23,56,-178,,,
2004-12-24,100,-161,,,
2004-12-25,61,-150,,,
2004-12-26,28,-17,,,
2004-12-27,17,-17,,,
2004-12-28,17,-11,,,
2004-12-29,33,-33,,,
2004-12-30,0,-39,,,
2004-12-31,22,-117,,,
2005-01-01,-17,-61,,,
2005-01-02,-6,-83,,,
2005-01-03,0,-106,,,
2005-01-04,0,-128,,,
2005-01-05,28,-61,,,
2005-01-06,22,-156,,,
2005-01-07,6,-50,,,
2005-01-08,-22,-56,,,
2005-01-09,22,-67,,,
2005-01-10,17,-128,,,
2005-01-11,11,-117,,,
2005-01-12,56,-222,,,
2005-01-13,28,-222,,,
2005-01-14,89,-172,,,
2005-01-15,89,-44,,,
2005-01-16,78,-17,,,
2005-01-17,94,-50,,,
2005-01-18,106,-78,,,
2005-01-19,139,-106,,,
2005-01-20,133,-122,,,
2005-01-21,128,-94,,,
2005-01-22,128,-144,,,
2005-01-23,106,-139,,,
2005-01-24,94,-128,,,
2005-01-25,17,-39,,,
2005-01-26,28,-11,,,
2005-01-27,33,-11,,,
2005-01-28,39,-89,,,
2005-01-29,67,-128,,,
2005-01-30,89,-183,,,
2005-01-31,128,-161,,,
2005-02-01,89,-150,,,
2005-02-02,83,-161,,,
2005-02-03,111,-133,,,
2005-02-04,128,-133,,,
2005-02-05,117,-139,,,
2005-02-06,72,-128,,,
2005-02-07,56,-122,,,
2005-02-08,61,-150,,,
2005-02-09,83,-89,,,
2005-02-10,56,-161,,,
2005-02-11,72,-122,,,
2005-02-12,89,-133,,,
2005-02-13,61,-6,,,
2005-02-14,44,0,,,
2005-02-15,11,-17,,,
2005-02-16,44,-22,,,
2005-02-17,72,-39,,,
2005-02-18,44,-78,,,
2005-02-19,72,-44,,,
2005-02-20,56,-33,,,
2005-02-21,56,-39,,,
2005-02-22,50,0,,,
2005-02-23,89,-56,,,
2005-02-24,122,-89,,,
2005-02-25,128,-117,,,
2005-02-26,100,-100,,,
2005-02-27,39,-44,,,
2005-02-28,56,-56,,,
2005-03-01,56,-78,,,
2005-03-02,83,-78,,,
2005-03-03,72,-111,,,
2005-03-04,122,-44,,,
2005-03-05,133,-100,,,
2005-03-06,133,-89,,,
2005-03-07,200,-72,,,
2005-03-08,200,-72,,,
2005-03-09,233,-72,,,
2005-03-10,139,-61,,,
2005-03-11,206,-67,,,
2005-03-12,200,-50,,,
2005-03-13,139,-78,,,
2005-03-14,117,-67,,,
2005-03-15,133,-117,,,
2005-03-16,83,-67,,,
2005-03-17,83,-39,,,
2005-03-18,72,-61,,,
2005-03-19,44,-11,,,
2005-03-20,22,-44,,,
2005-03-21,67,-56,,,
2005-03-22,72,0,,,
2005-03-23,56,-33,,,
2005-03-24,33,-78,,,
2005-03-25,72,-139,,,
2005-03-26,117,-39,,,
2005-03-27,61,6,,,
2005-03-28,56,-11,,,
2005-03-29,50,-56,,,
2005-03-30,83,-117,,,
2005-03-31,117,-128,,,
2005-04-01,111,-44,,,
2005-04-02,111,-78,,,
2005-04-03,28,-44,,,
2005-04-04,72,-50,,,
2005-04-05,139,-22,,,
2005-04-06,128,-22,,,
2005-04-07,56,-72,,,
2005-04-08,50,-67,,,
2005-04-09,94,-33,,,
2005-04-10,144,-72,,,
2005-04-11,100,-28,,,
2005-04-12,83,-6,,,
2005-04-13,44,-78,,,
2005-04-14,89,-122,,,
2005-04-15,150,-83,,,
2005-04-16,161,-44,,,
2005-04-17,111,-11,,,
2005-04-18,72,-50,,,
2005-04-19,72,-22,,,
2005-04-20,94,-61,,,
2005-04-21,156,-44,,,
2005-04-22,178,-28,,,
2005-04-23,67,0,,,
2005-04-24,100,-17,,,
2005-04-25,150,-22,,,
2005-04-26,172,-28,,,
2005-04-27,133,-17,,,
2005-04-28,100,6,,,
2005-04-29,122,-11,,,
2005-04-30,122,17,,,
2005-05-01,94,17,,,
2005-05-02,133,-6,,,
2005-05-03,178,-11,,,
2005-05-04,106,28,,,
2005-05-05,117,28,,,
2005-05-06,89,28,,,
2005-05-07,133,11,,,
2005-05-08,56,6,,,
2005-05-09,44,-17,,,
2005-05-10,56,-28,,,
2005-05-11,111,0,,,
2005-05-12,172,-28,,,
2005-05-13,200,-6,,,
2005-05-14,211,28,,,
2005-05-15,122,72,,,
2005-05-16,94,0,,,
2005-05-17,72,-11,,,
2005-05-18,78,0,,,
2005-05-19,128,39,,,
2005-05-20,139,-6,,,
2005-05-21,211,-28,,,
2005-05-22,206,11,,,
2005-05-23,217,-11,,,
2005-05-24,233,-11,,,
2005-05-25,244,17,,,
2005-05-26,278,28,,,
2005-05-27,272,39,,,
2005-05-28,189,28,,,
2005-05-29,139,0,,,
2005-05-30,233,56,,,
2005-05-31,222,28,,,
2005-06-01,178,22,,,
2005-06-02,161,-22,,,
2005-06-03,211,-22,,,
2005-06-04,222,-11,,,
2005-06-05,139,-11,,,
2005-06-06,106,-50,,,
2005-06-07,111,-33,,,
2005-06-08,83,22,,,
2005-06-09,144,50,,,
2005-06-10,183,28,,,
2005-06-11,189,0,,,
2005-06-12,200,-17,,,
2005-06-13,261,-6,,,
2005-06-14,239,-6,,,
2005-06-15,239,22,,,
2005-06-16,139,17,,,
2005-06-17,78,6,,,
2005-06-18,117,17,,,
2005-06-19,161,11,,,
2005-06-20,211,-11,,,
2005-06-21,206,17,,,
2005-06-22,244,-22,,,
2005-06-23,250,-6,,,
2005-06-24,244,17,,,
2005-06-25,217,0,,,
2005-06-26,211,39,,,
2005-06-27,222,50,,,
2005-06-28,233,28,,,
2005-06-29,278,22,,,
2005-06-30,300,28,,,
2005-07-01,294,39,,,
2005-07-02,278,44,,,
2005-07-03,278,17,,,
2005-07-04,283,22,,,
2005-07-05,311,28,,,
2005-07-06,294,39,,,
2005-07-07,289,56,,,
2005-07-08,267,28,,,
2005-07-09,233,78,,,
2005-07-10,256,56,,,
2005-07-11,311,6,,,
2005-07-12,333,28,,,
2005-07-13,333,33,,,
2005-07-14,328,56,,,
2005-07-15,317,50,,,
2005-07-16,344,50,,,
2005-07-17,344,50,,,
2005-07-18,344,72,,,
2005-07-19,322,67,,,
2005-07-20,339,39,,,
2005-07-21,311,72,,,
2005-07-22,289,78,,,
2005-07-23,317,17,,,
2005-07-24,300,22,,,
2005-07-25,306,11,,,
2005-07-26,322,22,,,
2005-07-27,317,44,,,
2005-07-28,306,50,,,
2005-07-29,300,50,,,
2005-07-30,300,50,,,
2005-07-31,300,56,,,
2005-08-01,278,6,,,
2005-08-02,278,0,,,
2005-08-03,306,17,,,
2005-08-04,328,39,,,
2005-08-05,333,50,,,
2005-08-06,317,61,,,
2005-08-07,311,61,,,
2005-08-08,311,44,,,
2005-08-09,306,39,,,
2005-08-10,294,28,,,
2005-08-11,306,11,,,
2005-08-12,306,22,,,
2005-08-13,300,17,,,
2005-08-14,300,6,,,
2005-08-15,294,44,,,
2005-08-16,278,50,,,
2005-08-17,278,22,,,
2005-08-18,261,22,,,
2005-08-19,283,-6,,,
2005-08-20,300,6,,,
2005-08-21,300,11,,,
2005-08-22,311,6,,,
2005-08-23,306,22,,,
2005-08-24,283,11,,,
2005-08-25,278,-11,,,
2005-08-26,283,-11,,,
2005-08-27,311,0,,,
2005-08-28,300,0,,,
2005-08-29,233,11,,,
2005-08-30,239,-33,,,
2005-08-31,267,-28,,,
2005-09-01,289,-11,,,
2005-09-02,278,-11,,,
2005-09-03,250,-28,,,
2005-09-04,244,0,,,
2005-09-05,250,-28,,,
2005-09-06,256,-17,,,
2005-09-07,267,-17,,,
2005-09-08,256,0,,,
2005-09-09,206,28,,,
2005-09-10,133,-11,,,
2005-09-11,139,-33,,,
2005-09-12,183,-39,,,
2005-09-13,206,-28,,,
2005-09-14,228,-22,,,
2005-09-15,239,-22,,,
2005-09-16,178,-17,,,
2005-09-17,161,-6,,,
2005-09-18,200,-28,,,
2005-09-19,261,-33,,,
2005-09-20,283,-22,,,
2005-09-21,239,28,,,
2005-09-22,239,-11,,,
2005-09-23,139,-6,,,
2005-09-24,161,-50,,,
2005-09-25,183,-56,,,
2005-09-26,161,-17,,,
2005-09-27,206,33,,,
2005-09-28,250,-28,,,
2005-09-29,283,-50,,,
2005-09-30,267,-39,,,
2005-10-01,189,28,,,
2005-10-02,133,-17,,,
2005-10-03,94,-6,,,
2005-10-04,122,-33,,,
2005-10-05,172,-56,,,
2005-10-06,228,-67,,,
2005-10-07,211,-33,,,
2005-10-08,156,-28,,,
2005-10-09,183,-56,,,
2005-10-10,222,-56,,,
2005-10-11,194,-22,,,
2005-10-12,222,-61,,,
2005-10-13,239,-39,,,
2005-10-14,206,-33,,,
2005-10-15,100,0,,,
2005-10-16,183,-28,,,
2005-10-17,206,-50,,,
2005-10-18,222,-39,,,
2005-10-19,150,-17,,,
2005-10-20,194,-44,,,
2005-10-21,194,-56,,,
2005-10-22,222,-44,,,
2005-10-23,211,-39,,,
2005-10-24,211,-33,,,
2005-10-25,161,-17,,,
2005-10-26,78,22,,,
2005-10-27,78,-6,,,
2005-10-28,78,-17,,,
2005-10-29,117,-50,,,
2005-10-30,139,-56,,,
2005-10-31,200,-44,,,
2005-11-01,161,-39,,,
2005-11-02,72,-22,,,
2005-11-03,33,0,,,
2005-11-04,67,-28,,,
2005-11-05,44,-50,,,
2005-11-06,78,44,,,
2005-11-07,72,-11,,,
2005-11-08,44,-11,,,
2005-11-09,78,-39,,,
2005-11-10,161,-67,,,
2005-11-11,100,-61,,,
2005-11-12,106,-72,,,
2005-11-13,122,-11,,,
2005-11-14,122,-17,,,
2005-11-15,72,-56,,,
2005-11-16,128,-83,,,
2005-11-17,139,-83,,,
2005-11-18,156,-100,,,
2005-11-19,161,-111,,,
2005-11-20,161,-67,,,
2005-11-21,156,-72,,,
2005-11-22,128,-83,,,
2005-11-23,156,-89,,,
2005-11-24,100,-83,,,
2005-11-25,50,-17,,,
2005-11-26,11,-144,,,
2005-11-27,28,-144,,,
2005-11-28,-6,-61,,,
2005-11-29,50,-56,,,
2005-11-30,17,-94,,,
2005-12-01,56,-11,,,
2005-12-02,6,-78,,,
2005-12-03,6,-100,,,
2005-12-04,11,-128,,,
2005-12-05,72,-139,,,
2005-12-06,89,-133,,,
2005-12-07,11,-28,,,
2005-12-08,28,-17,,,
2005-12-09,39,-33,,,
2005-12-10,50,-50,,,
2005-12-11,17,-78,,,
2005-12-12,22,-67,,,
2005-12-13,89,-117,,,
2005-12-14,6,-72,,,
2005-12-15,28,-111,,,
2005-12-16,94,-150,,,
2005-12-17,17,-133,,,
2005-12-18,39,-22,,,
2005-12-19,61,17,,,
2005-12-20,89,6,,,
2005-12-21,72,28,,,
2005-12-22,72,11,,,
2005-12-23,122,-17,,,
2005-12-24,122,0,,,
2005-12-25,67,6,,,
2005-12-26,67,0,,,
2005-12-27,33,0,,,
2005-12-28,33,-50,,,
2005-12-29,11,-72,,,
2005-12-30,39,-6,,,
2005-12-31,444,-33,,,
2006-01-01,6,-17,,,
2006-01-02,22,-83,,,
2006-01-03,0,-111,,,
2006-01-04,39,-28,,,
2006-01-05,89,-72,,,
2006-01-06,111,-83,,,
2006-01-07,50,-39,,,
2006-01-08,44,-133,,,
2006-01-09,56,-139,,,
2006-01-10,50,-17,,,
2006-01-11,67,-67,,,
2006-01-12,61,-78,,,
2006-01-13,56,-6,,,
2006-01-14,22,-39,,,
2006-01-15,11,-150,,,
2006-01-16,11,-144,,,
2006-01-17,22,-11,,,
2006-01-18,11,-94,,,
2006-01-19,33,-161,,,
2006-01-20,22,-161,,,
2006-01-21,50,-156,,,
2006-01-22,22,-161,,,
2006-01-23,67,-183,,,
2006-01-24,50,-144,,,
2006-01-25,61,-150,,,
2006-01-26,22,-61,,,
2006-01-27,28,-44,,,
2006-01-28,11,-39,,,
2006-01-29,39,-56,,,
2006-01-30,33,-33,,,
2006-01-31,11,-111,,,
2006-02-01,61,-22,,,
2006-02-02,78,-39,,,
2006-02-03,89,-50,,,
2006-02-04,39,-83,,,
2006-02-05,67,-156,,,
2006-02-06,122,-139,,,
2006-02-07,156,-117,,,
2006-02-08,117,-133,,,
2006-02-09,94,-122,,,
2006-02-10,111,-111,,,
2006-02-11,128,-117,,,
2006-02-12,167,-117,,,
2006-02-13,156,-89,,,
2006-02-14,67,-106,,,
2006-02-15,6,-144,,,
2006-02-16,0,-206,,,
2006-02-17,-11,-150,,,
2006-02-18,11,-128,,,
2006-02-19,11,-206,,,
2006-02-20,39,-267,,,
2006-02-21,83,-217,,,
2006-02-22,111,-161,,,
2006-02-23,122,-139,,,
2006-02-24,139,-133,,,
2006-02-25,122,-106,,,
2006-02-26,83,0,,,
2006-02-27,44,0,,,
2006-02-28,28,-39,,,
2006-03-01,22,-50,,,
2006-03-02,11,-100,,,
2006-03-03,0,-139,,,
2006-03-04,6,-161,,,
2006-03-05,6,-44,,,
2006-03-06,44,-22,,,
2006-03-07,33,-56,,,
2006-03-08,61,-156,,,
2006-03-09,17,-72,,,
2006-03-10,-11,-139,,,
2006-03-11,-22,-178,,,
2006-03-12,33,-239,,,
2006-03-13,-6,-189,,,
2006-03-14,28,-100,,,
2006-03-15,28,-83,,,
2006-03-16,17,-28,,,
2006-03-17,39,-72,,,
2006-03-18,39,-111,,,
2006-03-19,39,-206,,,
2006-03-20,22,-161,,,
2006-03-21,50,-100,,,
2006-03-22,17,0,,,
2006-03-23,89,0,,,
2006-03-24,56,0,,,
2006-03-25,39,-78,,,
2006-03-26,100,-156,,,
2006-03-27,89,-78,,,
2006-03-28,33,-39,,,
2006-03-29,39,-56,,,
2006-03-30,44,-33,,,
2006-03-31,44,-22,,,
2006-04-01,39,-33,,,
2006-04-02,28,-17,,,
2006-04-03,33,0,,,
2006-04-04,56,-22,,,
2006-04-05,67,-17,,,
2006-04-06,83,-61,,,
2006-04-07,89,-44,,,
2006-04-08,56,-28,,,
2006-04-09,50,-39,,,
2006-04-10,50,-50,,,
2006-04-11,44,-11,,,
2006-04-12,78,-6,,,
2006-04-13,106,-17,,,
2006-04-14,94,-28,,,
2006-04-15,28,0,,,
2006-04-16,50,-56,,,
2006-04-17,56,-78,,,
2006-04-18,67,-161,,,
2006-04-19,156,-111,,,
2006-04-20,133,-61,,,
2006-04-21,117,-44,,,
2006-04-22,50,0,,,
2006-04-23,100,-11,,,
2006-04-24,139,0,,,
2006-04-25,161,-33,,,
2006-04-26,200,-33,,,
2006-04-27,211,-17,,,
2006-04-28,228,-17,,,
2006-04-29,250,-11,,,
2006-04-30,211,-28,,,
2006-05-01,206,-39,,,
2006-05-02,178,-33,,,
2006-05-03,183,-22,,,
2006-05-04,172,-28,,,
2006-05-05,189,-44,,,
2006-05-06,178,-17,,,
2006-05-07,178,-6,,,
2006-05-08,172,-17,,,
2006-05-09,194,-33,,,
2006-05-10,222,-22,,,
2006-05-11,222,0,,,
2006-05-12,228,0,,,
2006-05-13,233,17,,,
2006-05-14,272,6,,,
2006-05-15,272,39,,,
2006-05-16,289,39,,,
2006-05-17,278,50,,,
2006-05-18,261,67,,,
2006-05-19,211,50,,,
2006-05-20,161,61,,,
2006-05-21,122,44,,,
2006-05-22,111,39,,,
2006-05-23,133,44,,,
2006-05-24,161,0,,,
2006-05-25,178,-17,,,
2006-05-26,128,0,,,
2006-05-27,44,-11,,,
2006-05-28,117,-17,,,
2006-05-29,161,-33,,,
2006-05-30,206,-22,,,
2006-05-31,222,0,,,
2006-06-01,206,39,,,
2006-06-02,194,100,,,
2006-06-03,233,61,,,
2006-06-04,222,50,,,
2006-06-05,267,11,,,
2006-06-06,283,17,,,
2006-06-07,250,50,,,
2006-06-08,222,17,,,
2006-06-09,217,0,,,
2006-06-10,222,6,,,
2006-06-11,222,56,,,
2006-06-12,189,33,,,
2006-06-13,139,0,,,
2006-06-14,161,17,,,
2006-06-15,211,33,,,
2006-06-16,272,11,,,
2006-06-17,272,22,,,
2006-06-18,261,6,,,
2006-06-19,256,17,,,
2006-06-20,272,6,,,
2006-06-21,272,22,,,
2006-06-22,317,0,,,
2006-06-23,333,28,,,
2006-06-24,350,44,,,
2006-06-25,344,61,,,
2006-06-26,333,61,,,
2006-06-27,306,67,,,
2006-06-28,250,100,,,
2006-06-29,261,67,,,
2006-06-30,283,33,,,
2006-07-01,294,33,,,
2006-07-02,283,39,,,
2006-07-03,283,22,,,
2006-07-04,261,39,,,
2006-07-05,261,6,,,
2006-07-06,250,0,,,
2006-07-07,311,0,,,
2006-07-08,322,39,,,
2006-07-09,300,39,,,
2006-07-10,289,28,,,
2006-07-11,272,6,,,
2006-07-12,267,6,,,
2006-07-13,294,17,,,
2006-07-14,311,17,,,
2006-07-15,311,11,,,
2006-07-16,328,44,,,
2006-07-17,356,50,,,
2006-07-18,344,56,,,
2006-07-19,333,78,,,
2006-07-20,350,144,,,
2006-07-21,289,122,,,
2006-07-22,350,117,,,
2006-07-23,350,100,,,
2006-07-24,344,89,,,
2006-07-25,344,78,,,
2006-07-26,344,44,,,
2006-07-27,339,44,,,
2006-07-28,311,28,,,
2006-07-29,283,39,,,
2006-07-30,256,39,,,
2006-07-31,244,17,,,
2006-08-01,272,6,,,
2006-08-02,289,17,,,
2006-08-03,300,28,,,
2006-08-04,317,50,,,
2006-08-05,306,67,,,
2006-08-06,294,61,,,
2006-08-07,267,56,,,
2006-08-08,233,6,,,
2006-08-09,300,11,,,
2006-08-10,278,33,,,
2006-08-11,283,22,,,
2006-08-12,289,0,,,
2006-08-13,311,22,,,
2006-08-14,294,39,,,
2006-08-15,278,6,,,
2006-08-16,244,6,,,
2006-08-17,278,-11,,,
2006-08-18,294,0,,,
2006-08-19,311,17,,,
2006-08-20,294,17,,,
2006-08-21,278,6,,,
2006-08-22,294,-28,,,
2006-08-23,283,0,,,
2006-08-24,283,-11,,,
2006-08-25,272,0,,,
2006-08-26,289,0,,,
2006-08-27,322,6,,,
2006-08-28,300,33,,,
2006-08-29,278,0,,,
2006-08-30,250,0,,,
2006-08-31,278,-22,,,
2006-09-01,306,-6,,,
2006-09-02,283,17,,,
2006-09-03,283,44,,,
2006-09-04,294,17,,,
2006-09-05,306,0,,,
2006-09-06,306,-11,,,
2006-09-07,294,33,,,
2006-09-08,278,33,,,
2006-09-09,244,0,,,
2006-09-10,289,-11,,,
2006-09-11,311,6,,,
2006-09-12,311,17,,,
2006-09-13,300,28,,,
2006-09-14,211,17,,,
2006-09-15,100,-28,,,
2006-09-16,172,-50,,,
2006-09-17,244,-39,,,
2006-09-18,250,-28,,,
2006-09-19,183,0,,,
2006-09-20,189,-56,,,
2006-09-21,194,0,,,
2006-09-22,156,-22,,,
2006-09-23,194,-39,,,
2006-09-24,239,-61,,,
2006-09-25,256,-56,,,
2006-09-26,272,-44,,,
2006-09-27,283,-33,,,
2006-09-28,278,-33,,,
2006-09-29,283,-28,,,
2006-09-30,233,-28,,,
2006-10-01,206,-33,,,
2006-10-02,178,0,,,
2006-10-03,167,50,,,
2006-10-04,89,28,,,
2006-10-05,117,22,,,
2006-10-06,172,22,,,
2006-10-07,172,-17,,,
2006-10-08,211,-50,,,
2006-10-09,178,-39,,,
2006-10-10,139,-39,,,
2006-10-11,189,-50,,,
2006-10-12,217,-67,,,
2006-10-13,228,-50,,,
2006-10-14,228,-44,,,
2006-10-15,189,-17,,,
2006-10-16,100,0,,,
2006-10-17,83,-50,,,
2006-10-18,172,-89,,,
2006-10-19,206,-39,,,
2006-10-20,200,-39,,,
2006-10-21,161,-67,,,
2006-10-22,228,-72,,,
2006-10-23,222,-50,,,
2006-10-24,189,-56,,,
2006-10-25,128,-78,,,
2006-10-26,167,-106,,,
2006-10-27,194,-100,,,
2006-10-28,222,-100,,,
2006-10-29,172,-89,,,
2006-10-30,161,-117,,,
2006-10-31,150,-117,,,
2006-11-01,78,-94,,,
2006-11-02,89,6,,,
2006-11-03,72,-11,,,
2006-11-04,122,-11,,,
2006-11-05,133,-11,,,
2006-11-06,206,-17,,,
2006-11-07,194,-11,,,
2006-11-08,117,-39,,,
2006-11-09,83,-78,,,
2006-11-10,117,-94,,,
2006-11-11,28,-94,,,
2006-11-12,11,-178,,,
2006-11-13,67,-6,,,
2006-11-14,83,-44,,,
2006-11-15,144,-50,,,
2006-11-16,128,6,,,
2006-11-17,122,0,,,
2006-11-18,144,-11,,,
2006-11-19,156,-28,,,
2006-11-20,122,-17,,,
2006-11-21,83,17,,,
2006-11-22,61,-11,,,
2006-11-23,50,-94,,,
2006-11-24,67,-122,,,
2006-11-25,67,-117,,,
2006-11-26,6,-78,,,
2006-11-27,6,-122,,,
2006-11-28,-28,-150,,,
2006-11-29,-6,-228,,,
2006-11-30,89,-156,,,
2006-12-01,94,-128,,,
2006-12-02,39,-178,,,
2006-12-03,56,-156,,,
2006-12-04,89,-150,,,
2006-12-05,139,-128,,,
2006-12-06,106,-128,,,
2006-12-07,106,-128,,,
2006-12-08,94,-44,,,
2006-12-09,56,0,,,
2006-12-10,39,-67,,,
2006-12-11,28,-44,,,
2006-12-12,61,0,,,
2006-12-13,94,11,,,
2006-12-14,83,28,,,
2006-12-15,28,-117,,,
2006-12-16,-17,-144,,,
2006-12-17,6,-183,,,
2006-12-18,39,-217,,,
2006-12-19,61,-178,,,
2006-12-20,72,-150,,,
2006-12-21,28,-17,,,
2006-12-22,22,-67,,,
2006-12-23,67,-44,,,
2006-12-24,78,-6,,,
2006-12-25,78,17,,,
2006-12-26,56,0,,,
2006-12-27,0,-78,,,
2006-12-28,-22,-144,,,
2006-12-29,11,-189,,,
2006-12-30,11,-206,,,
2006-12-31,22,-161,,,
2007-01-01,56,-178,,,
2007-01-02,72,-100,,,
2007-01-03,56,-44,,,
2007-01-04,17,-67,,,
2007-01-05,11,-161,,,
2007-01-06,50,-178,,,
2007-01-07,106,-161,,,
2007-01-08,111,-150,,,
2007-01-09,128,-139,,,
2007-01-10,67,-83,,,
2007-01-11,-28,-183,,,
2007-01-12,-33,-233,,,
2007-01-13,-6,-261,,,
2007-01-14,6,-194,,,
2007-01-15,17,-239,,,
2007-01-16,28,-222,,,
2007-01-17,44,-133,,,
2007-01-18,50,-178,,,
2007-01-19,61,-172,,,
2007-01-20,39,-167,,,
2007-01-21,22,-161,,,
2007-01-22,67,-178,,,
2007-01-23,117,-178,,,
2007-01-24,94,-133,,,
2007-01-25,111,-139,,,
2007-01-26,106,-128,,,
2007-01-27,50,-117,,,
2007-01-28,61,-156,,,
2007-01-29,78,-128,,,
2007-01-30,111,-128,,,
2007-01-31,83,-172,,,
2007-02-01,89,-161,,,
2007-02-02,106,-172,,,
2007-02-03,133,-122,,,
2007-02-04,139,-89,,,
2007-02-05,128,-61,,,
2007-02-06,122,-89,,,
2007-02-07,28,0,,,
2007-02-08,33,-44,,,
2007-02-09,61,-6,,,
2007-02-10,44,6,,,
2007-02-11,50,-17,,,
2007-02-12,28,-28,,,
2007-02-13,78,-56,,,
2007-02-14,89,-122,,,
2007-02-15,128,-28,,,
2007-02-16,122,-61,,,
2007-02-17,117,-61,,,
2007-02-18,61,-50,,,
2007-02-19,83,-106,,,
2007-02-20,72,-78,,,
2007-02-21,33,0,,,
2007-02-22,6,-67,,,
2007-02-23,-6,-128,,,
2007-02-24,17,-100,,,
2007-02-25,6,-44,,,
2007-02-26,11,-61,,,
2007-02-27,-17,-167,,,
2007-02-28,6,-167,,,
2007-03-01,22,-133,,,
2007-03-02,61,-89,,,
2007-03-03,61,-89,,,
2007-03-04,117,-78,,,
2007-03-05,106,-33,,,
2007-03-06,122,-94,,,
2007-03-07,83,-39,,,
2007-03-08,106,-72,,,
2007-03-09,78,-17,,,
2007-03-10,161,-72,,,
2007-03-11,217,-56,,,
2007-03-12,228,-50,,,
2007-03-13,200,-39,,,
2007-03-14,172,-39,,,
2007-03-15,189,-61,,,
2007-03-16,206,-50,,,
2007-03-17,206,-44,,,
2007-03-18,183,-39,,,
2007-03-19,139,-28,,,
2007-03-20,61,-11,,,
2007-03-21,100,-39,,,
2007-03-22,156,-50,,,
2007-03-23,194,-50,,,
2007-03-24,200,-28,,,
2007-03-25,144,17,,,
2007-03-26,78,-50,,,
2007-03-27,11,-89,,,
2007-03-28,83,-67,,,
2007-03-29,144,-100,,,
2007-03-30,172,-50,,,
2007-03-31,167,-28,,,
2007-04-01,139,0,,,
2007-04-02,156,-44,,,
2007-04-03,189,-50,,,
2007-04-04,178,-17,,,
2007-04-05,217,-28,,,
2007-04-06,239,-22,,,
2007-04-07,156,0,,,
2007-04-08,161,0,,,
2007-04-09,94,-39,,,
2007-04-10,111,-78,,,
2007-04-11,61,-22,,,
2007-04-12,78,-44,,,
2007-04-13,161,-78,,,
2007-04-14,39,-6,,,
2007-04-15,94,-28,,,
2007-04-16,194,-72,,,
2007-04-17,83,-39,,,
2007-04-18,28,-67,,,
2007-04-19,28,-78,,,
2007-04-20,106,-94,,,
2007-04-21,56,-39,,,
2007-04-22,72,-17,,,
2007-04-23,161,-17,,,
2007-04-24,200,-28,,,
2007-04-25,150,-28,,,
2007-04-26,200,-33,,,
2007-04-27,261,-17,,,
2007-04-28,233,-6,,,
2007-04-29,217,-6,,,
2007-04-30,206,-17,,,
2007-05-01,178,0,,,
2007-05-02,78,-28,,,
2007-05-03,61,-56,,,
2007-05-04,56,-28,,,
2007-05-05,128,-33,,,
2007-05-06,206,-22,,,
2007-05-07,239,22,,,
2007-05-08,244,0,,,
2007-05-09,228,0,,,
2007-05-10,211,-17,,,
2007-05-11,211,-6,,,
2007-05-12,189,-11,,,
2007-05-13,217,-33,,,
2007-05-14,233,-39,,,
2007-05-15,261,-28,,,
2007-05-16,244,6,,,
2007-05-17,239,-39,,,
2007-05-18,233,-22,,,
2007-05-19,217,0,,,
2007-05-20,178,0,,,
2007-05-21,156,-28,,,
2007-05-22,150,-33,,,
2007-05-23,200,-33,,,
2007-05-24,228,-22,,,
2007-05-25,228,-11,,,
2007-05-26,261,0,,,
2007-05-27,233,6,,,
2007-05-28,239,-11,,,
2007-05-29,272,-28,,,
2007-05-30,283,0,,,
2007-05-31,294,44,,,
2007-06-01,294,28,,,
2007-06-02,272,33,,,
2007-06-03,256,0,,,
2007-06-04,228,61,,,
2007-06-05,106,0,,,
2007-06-06,94,-22,,,
2007-06-07,183,-44,,,
2007-06-08,228,-22,,,
2007-06-09,222,-17,,,
2007-06-10,194,6,,,
2007-06-11,228,-17,,,
2007-06-12,261,-17,,,
2007-06-13,272,22,,,
2007-06-14,278,28,,,
2007-06-15,289,33,,,
2007-06-16,267,22,,,
2007-06-17,261,0,,,
2007-06-18,294,-11,,,
2007-06-19,283,6,,,
2007-06-20,261,0,,,
2007-06-21,272,-17,,,
2007-06-22,261,-17,,,
2007-06-23,239,0,,,
2007-06-24,222,-28,,,
2007-06-25,267,-33,,,
2007-06-26,283,-11,,,
2007-06-27,272,11,,,
2007-06-28,244,6,,,
2007-06-29,228,22,,,
2007-06-30,261,-22,,,
2007-07-01,261,-17,,,
2007-07-02,272,-6,,,
2007-07-03,322,0,,,
2007-07-04,356,39,,,
2007-07-05,378,61,,,
2007-07-06,344,111,,,
2007-07-07,328,44,,,
2007-07-08,344,61,,,
2007-07-09,344,67,,,
2007-07-10,350,83,,,
2007-07-11,244,100,,,
2007-07-12,289,44,,,
2007-07-13,300,17,,,
2007-07-14,306,11,,,
2007-07-15,294,0,,,
2007-07-16,289,0,,,
2007-07-17,250,17,,,
2007-07-18,156,56,,,
2007-07-19,233,0,,,
2007-07-20,244,6,,,
2007-07-21,267,44,,,
2007-07-22,306,33,,,
2007-07-23,311,56,,,
2007-07-24,306,83,,,
2007-07-25,300,50,,,
2007-07-26,306,0,,,
2007-07-27,311,11,,,
2007-07-28,322,6,,,
2007-07-29,328,0,,,
2007-07-30,311,39,,,
2007-07-31,333,39,,,
2007-08-01,317,56,,,
2007-08-02,294,67,,,
2007-08-03,311,61,,,
2007-08-04,289,28,,,
2007-08-05,256,11,,,
2007-08-06,239,-6,,,
2007-08-07,250,0,,,
2007-08-08,283,0,,,
2007-08-09,283,33,,,
2007-08-10,278,6,,,
2007-08-11,267,-17,,,
2007-08-12,261,-11,,,
2007-08-13,283,-28,,,
2007-08-14,300,-17,,,
2007-08-15,289,22,,,
2007-08-16,272,6,,,
2007-08-17,267,-33,,,
2007-08-18,256,-17,,,
2007-08-19,222,61,,,
2007-08-20,283,0,,,
2007-08-21,294,39,,,
2007-08-22,294,44,,,
2007-08-23,322,17,,,
2007-08-24,333,17,,,
2007-08-25,322,33,,,
2007-08-26,300,33,,,
2007-08-27,300,0,,,
2007-08-28,322,6,,,
2007-08-29,317,44,,,
2007-08-30,306,44,,,
2007-08-31,283,83,,,
2007-09-01,300,44,,,
2007-09-02,311,0,,,
2007-09-03,294,-11,,,
2007-09-04,217,11,,,
2007-09-05,244,-6,,,
2007-09-06,283,0,,,
2007-09-07,289,0,,,
2007-09-08,289,11,,,
2007-09-09,289,0,,,
2007-09-10,289,-11,,,
2007-09-11,300,-22,,,
2007-09-12,283,0,,,
2007-09-13,217,-11,,,
2007-09-14,189,-44,,,
2007-09-15,211,-44,,,
2007-09-16,211,-39,,,
2007-09-17,211,6,,,
2007-09-18,194,-28,,,
2007-09-19,117,6,,,
2007-09-20,206,22,,,
2007-09-21,244,-17,,,
2007-09-22,117,44,,,
2007-09-23,122,-33,,,
2007-09-24,167,-56,,,
2007-09-25,217,-61,,,
2007-09-26,239,-50,,,
2007-09-27,222,-39,,,
2007-09-28,161,-33,,,
2007-09-29,122,-61,,,
2007-09-30,167,-56,,,
2007-10-01,139,-28,,,
2007-10-02,222,-50,,,
2007-10-03,172,0,,,
2007-10-04,111,-6,,,
2007-10-05,44,-50,,,
2007-10-06,100,-106,,,
2007-10-07,183,-61,,,
2007-10-08,194,-39,,,
2007-10-09,172,28,,,
2007-10-10,89,-22,,,
2007-10-11,111,-50,,,
2007-10-12,72,22,,,
2007-10-13,172,-22,,,
2007-10-14,183,-44,,,
2007-10-15,133,11,,,
2007-10-16,72,-11,,,
2007-10-17,61,-6,,,
2007-10-18,89,11,,,
2007-10-19,128,0,,,
2007-10-20,67,-56,,,
2007-10-21,117,-78,,,
2007-10-22,183,-56,,,
2007-10-23,217,-44,,,
2007-10-24,239,-44,,,
2007-10-25,189,-39,,,
2007-10-26,122,-33,,,
2007-10-27,178,-44,,,
2007-10-28,172,-50,,,
2007-10-29,178,-17,,,
2007-10-30,117,-22,,,
2007-10-31,122,-28,,,
2007-11-01,144,-44,,,
2007-11-02,156,-78,,,
2007-11-03,172,-78,,,
2007-11-04,194,-89,,,
2007-11-05,189,-89,,,
2007-11-06,200,-78,,,
2007-11-07,211,-78,,,
2007-11-08,200,-67,,,
2007-11-09,161,-33,,,
2007-11-10,89,-33,,,
2007-11-11,106,-67,,,
2007-11-12,117,-67,,,
2007-11-13,150,28,,,
2007-11-14,133,-11,,,
2007-11-15,150,-39,,,
2007-11-16,144,0,,,
2007-11-17,150,-6,,,
2007-11-18,156,-11,,,
2007-11-19,61,-39,,,
2007-11-20,50,-67,,,
2007-11-21,56,-94,,,
2007-11-22,89,-133,,,
2007-11-23,106,-167,,,
2007-11-24,111,-150,,,
2007-11-25,122,-83,,,
2007-11-26,89,-111,,,
2007-11-27,61,-89,,,
2007-11-28,72,-122,,,
2007-11-29,78,-106,,,
2007-11-30,28,-117,,,
2007-12-01,11,-167,,,
2007-12-02,6,-33,,,
2007-12-03,72,0,,,
2007-12-04,122,-33,,,
2007-12-05,89,-39,,,
2007-12-06,17,-11,,,
2007-12-07,0,-39,,,
2007-12-08,-17,-89,,,
2007-12-09,44,-167,,,
2007-12-10,50,-144,,,
2007-12-11,0,-117,,,
2007-12-12,72,-94,,,
2007-12-13,67,-128,,,
2007-12-14,78,-144,,,
2007-12-15,56,-72,,,
2007-12-16,44,-106,,,
2007-12-17,39,-39,,,
2007-12-18,17,-100,,,
2007-12-19,22,-72,,,
2007-12-20,0,-117,,,
2007-12-21,-11,-189,,,
2007-12-22,6,-211,,,
2007-12-23,56,-33,,,
2007-12-24,28,-156,,,
2007-12-25,28,-228,,,
2007-12-26,-22,-194,,,
2007-12-27,-33,-239,,,
2007-12-28,-11,-106,,,
2007-12-29,28,-44,,,
2007-12-30,11,-200,,,
2007-12-31,-17,-261,,,
2008-01-01,-6,-178,,,
2008-01-02,61,-128,,,
2008-01-03,44,-11,,,
2008-01-04,17,-17,,,
2008-01-05,-22,-56,,,
2008-01-06,-11,-122,,,
2008-01-07,28,-67,,,
2008-01-08,-11,-111,,,
2008-01-09,6,-128,,,
2008-01-10,50,-78,,,
2008-01-11,56,-144,,,
2008-01-12,83,-100,,,
2008-01-13,89,-167,,,
2008-01-14,44,-139,,,
2008-01-15,44,-172,,,
2008-01-16,6,-222,,,
2008-01-17,78,-228,,,
2008-01-18,78,-189,,,
2008-01-19,100,-189,,,
2008-01-20,-11,-89,,,
2008-01-21,-11,-100,,,
2008-01-22,-39,-144,,,
2008-01-23,-17,-128,,,
2008-01-24,-22,-122,,,
2008-01-25,-17,-56,,,
2008-01-26,22,-67,,,
2008-01-27,11,-67,,,
2008-01-28,-22,-144,,,
2008-01-29,-11,-117,,,
2008-01-30,-11,-194,,,
2008-01-31,-17,-100,,,
2008-02-01,6,-183,,,
2008-02-02,-22,-200,,,
2008-02-03,-6,-94,,,
2008-02-04,6,-183,,,
2008-02-05,56,-222,,,
2008-02-06,67,-122,,,
2008-02-07,89,-61,,,
2008-02-08,100,-167,,,
2008-02-09,150,-144,,,
2008-02-10,133,-128,,,
2008-02-11,111,-83,,,
2008-02-12,156,-122,,,
2008-02-13,22,-78,,,
2008-02-14,61,-144,,,
2008-02-15,94,-156,,,
2008-02-16,139,-128,,,
2008-02-17,111,-150,,,
2008-02-18,100,-139,,,
2008-02-19,56,-117,,,
2008-02-20,94,-56,,,
2008-02-21,17,-56,,,
2008-02-22,22,-44,,,
2008-02-23,0,-100,,,
2008-02-24,6,-22,,,
2008-02-25,156,-78,,,
2008-02-26,122,-139,,,
2008-02-27,167,-89,,,
2008-02-28,133,-122,,,
2008-02-29,128,-83,,,
2008-03-01,50,-50,,,
2008-03-02,56,-111,,,
2008-03-03,144,-139,,,
2008-03-04,106,-128,,,
2008-03-05,67,-150,,,
2008-03-06,106,-150,,,
2008-03-07,150,-128,,,
2008-03-08,117,-72,,,
2008-03-09,144,-100,,,
2008-03-10,133,-67,,,
2008-03-11,144,-44,,,
2008-03-12,133,-50,,,
2008-03-13,78,-50,,,
2008-03-14,28,-94,,,
2008-03-15,44,-139,,,
2008-03-16,56,-100,,,
2008-03-17,111,-133,,,
2008-03-18,139,-39,,,
2008-03-19,67,-61,,,
2008-03-20,61,-83,,,
2008-03-21,106,-100,,,
2008-03-22,111,-122,,,
2008-03-23,167,-100,,,
2008-03-24,133,-50,,,
2008-03-25,94,11,,,
2008-03-26,39,-50,,,
2008-03-27,78,-111,,,
2008-03-28,56,-61,,,
2008-03-29,39,-39,,,
2008-03-30,33,-56,,,
2008-03-31,78,-122,,,
2008-04-01,117,-61,,,
2008-04-02,139,-89,,,
2008-04-03,156,-89,,,
2008-04-04,78,-44,,,
2008-04-05,111,-72,,,
2008-04-06,83,-33,,,
2008-04-07,100,-89,,,
2008-04-08,50,-44,,,
2008-04-09,106,-89,,,
2008-04-10,150,-50,,,
2008-04-11,150,-61,,,
2008-04-12,189,-61,,,
2008-04-13,194,-50,,,
2008-04-14,122,-28,,,
2008-04-15,56,-50,,,
2008-04-16,139,-83,,,
2008-04-17,200,-56,,,
2008-04-18,167,-33,,,
2008-04-19,94,-67,,,
2008-04-20,17,-139,,,
2008-04-21,72,-94,,,
2008-04-22,94,-44,,,
2008-04-23,33,-78,,,
2008-04-24,111,-117,,,
2008-04-25,156,-61,,,
2008-04-26,211,-28,,,
2008-04-27,228,-28,,,
2008-04-28,189,-17,,,
2008-04-29,94,-22,,,
2008-04-30,72,-61,,,
2008-05-01,150,-83,,,
2008-05-02,156,-33,,,
2008-05-03,172,-44,,,
2008-05-04,178,-44,,,
2008-05-05,222,-17,,,
2008-05-06,206,-17,,,
2008-05-07,156,-11,,,
2008-05-08,172,-50,,,
2008-05-09,167,-11,,,
2008-05-10,211,-39,,,
2008-05-11,172,-11,,,
2008-05-12,150,-28,,,
2008-05-13,211,-44,,,
2008-05-14,217,39,,,
2008-05-15,261,39,,,
2008-05-16,311,22,,,
2008-05-17,317,44,,,
2008-05-18,294,44,,,
2008-05-19,294,17,,,
2008-05-20,217,17,,,
2008-05-21,122,-6,,,
2008-05-22,106,-11,,,
2008-05-23,94,0,,,
2008-05-24,83,11,,,
2008-05-25,94,22,,,
2008-05-26,111,22,,,
2008-05-27,122,17,,,
2008-05-28,100,33,,,
2008-05-29,106,-6,,,
2008-05-30,194,11,,,
2008-05-31,167,28,,,
2008-06-01,183,-11,,,
2008-06-02,200,-17,,,
2008-06-03,172,56,,,
2008-06-04,128,-17,,,
2008-06-05,194,-33,,,
2008-06-06,161,-22,,,
2008-06-07,183,-28,,,
2008-06-08,233,-39,,,
2008-06-09,244,-6,,,
2008-06-10,144,17,,,
2008-06-11,189,-39,,,
2008-06-12,233,-28,,,
2008-06-13,283,-28,,,
2008-06-14,278,6,,,
2008-06-15,272,0,,,
2008-06-16,272,-17,,,
2008-06-17,256,0,,,
2008-06-18,250,-33,,,
2008-06-19,256,-17,,,
2008-06-20,278,0,,,
2008-06-21,267,33,,,
2008-06-22,261,11,,,
2008-06-23,267,-11,,,
2008-06-24,278,0,,,
2008-06-25,272,28,,,
2008-06-26,283,11,,,
2008-06-27,317,33,,,
2008-06-28,328,56,,,
2008-06-29,306,22,,,
2008-06-30,272,0,,,
2008-07-01,278,6,,,
2008-07-02,300,22,,,
2008-07-03,261,17,,,
2008-07-04,233,39,,,
2008-07-05,272,6,,,
2008-07-06,311,11,,,
2008-07-07,333,39,,,
2008-07-08,322,44,,,
2008-07-09,344,33,,,
2008-07-10,333,56,,,
2008-07-11,311,39,,,
2008-07-12,322,33,,,
2008-07-13,322,50,,,
2008-07-14,300,61,,,
2008-07-15,300,44,,,
2008-07-16,289,28,,,
2008-07-17,300,17,,,
2008-07-18,300,0,,,
2008-07-19,300,6,,,
2008-07-20,289,28,,,
2008-07-21,283,61,,,
2008-07-22,272,6,,,
2008-07-23,289,6,,,
2008-07-24,300,0,,,
2008-07-25,306,6,,,
2008-07-26,289,11,,,
2008-07-27,294,6,,,
2008-07-28,283,0,,,
2008-07-29,278,56,,,
2008-07-30,294,17,,,
2008-07-31,283,6,,,
2008-08-01,289,22,,,
2008-08-02,283,22,,,
2008-08-03,289,0,,,
2008-08-04,294,-6,,,
2008-08-05,294,0,,,
2008-08-06,300,128,,,
2008-08-07,289,72,,,
2008-08-08,250,28,,,
2008-08-09,261,-17,,,
2008-08-10,267,-17,,,
2008-08-11,311,28,,,
2008-08-12,311,33,,,
2008-08-13,333,39,,,
2008-08-14,367,44,,,
2008-08-15,367,61,,,
2008-08-16,328,67,,,
2008-08-17,328,56,,,
2008-08-18,250,89,,,
2008-08-19,222,28,,,
2008-08-20,250,28,,,
2008-08-21,267,56,,,
2008-08-22,306,6,,,
2008-08-23,294,33,,,
2008-08-24,317,28,,,
2008-08-25,278,17,,,
2008-08-26,278,17,,,
2008-08-27,317,11,,,
2008-08-28,317,22,,,
2008-08-29,339,11,,,
2008-08-30,294,39,,,
2008-08-31,167,22,,,
2008-09-01,194,-50,,,
2008-09-02,261,-39,,,
2008-09-03,294,-22,,,
2008-09-04,300,-11,,,
2008-09-05,311,11,,,
2008-09-06,317,0,,,
2008-09-07,311,11,,,
2008-09-08,294,6,,,
2008-09-09,261,-50,,,
2008-09-10,278,11,,,
2008-09-11,289,-33,,,
2008-09-12,289,-28,,,
2008-09-13,300,-11,,,
2008-09-14,311,0,,,
2008-09-15,317,6,,,
2008-09-16,300,0,,,
2008-09-17,261,50,,,
2008-09-18,239,-11,,,
2008-09-19,189,28,,,
2008-09-20,183,-22,,,
2008-09-21,178,-22,,,
2008-09-22,206,-33,,,
2008-09-23,250,-50,,,
2008-09-24,256,-39,,,
2008-09-25,239,22,,,
2008-09-26,256,-28,,,
2008-09-27,267,-44,,,
2008-09-28,294,-22,,,
2008-09-29,267,39,,,
2008-09-30,244,17,,,
2008-10-01,239,6,,,
2008-10-02,167,61,,,
2008-10-03,106,56,,,
2008-10-04,122,17,,,
2008-10-05,128,-17,,,
2008-10-06,233,-33,,,
2008-10-07,222,-28,,,
2008-10-08,206,-39,,,
2008-10-09,89,-33,,,
2008-10-10,33,-50,,,
2008-10-11,44,-61,,,
2008-10-12,111,-100,,,
2008-10-13,172,-78,,,
2008-10-14,217,-67,,,
2008-10-15,211,-50,,,
2008-10-16,233,-44,,,
2008-10-17,233,-39,,,
2008-10-18,189,-50,,,
2008-10-19,194,-44,,,
2008-10-20,178,-50,,,
2008-10-21,161,-61,,,
2008-10-22,172,-83,,,
2008-10-23,239,-83,,,
2008-10-24,233,-67,,,
2008-10-25,261,-50,,,
2008-10-26,222,-50,,,
2008-10-27,228,-56,,,
2008-10-28,211,-44,,,
2008-10-29,211,-56,,,
2008-10-30,167,-22,,,
2008-10-31,78,44,,,
2008-11-01,72,11,,,
2008-11-02,72,11,,,
2008-11-03,28,0,,,
2008-11-04,78,-78,,,
2008-11-05,22,-128,,,
2008-11-06,106,-33,,,
2008-11-07,139,-44,,,
2008-11-08,133,-17,,,
2008-11-09,67,-28,,,
2008-11-10,78,-56,,,
2008-11-11,61,-17,,,
2008-11-12,167,-11,,,
2008-11-13,144,-22,,,
2008-11-14,161,-39,,,
2008-11-15,167,-56,,,
2008-11-16,211,-56,,,
2008-11-17,200,-44,,,
2008-11-18,178,-50,,,
2008-11-19,161,-56,,,
2008-11-20,111,-39,,,
2008-11-21,100,-89,,,
2008-11-22,106,-72,,,
2008-11-23,106,-89,,,
2008-11-24,111,-100,,,
2008-11-25,94,-39,,,
2008-11-26,144,-17,,,
2008-11-27,133,-50,,,
2008-11-28,144,-83,,,
2008-11-29,161,-61,,,
2008-11-30,156,-72,,,
2008-12-01,161,-67,,,
2008-12-02,111,-78,,,
2008-12-03,133,-122,,,
2008-12-04,111,-111,,,
2008-12-05,94,-106,,,
2008-12-06,139,-111,,,
2008-12-07,133,-83,,,
2008-12-08,50,-106,,,
2008-12-09,83,-122,,,
2008-12-10,156,-94,,,
2008-12-11,139,-89,,,
2008-12-12,83,-89,,,
2008-12-13,-6,-117,,,
2008-12-14,-22,-111,,,
2008-12-15,6,-83,,,
2008-12-16,0,-228,,,
2008-12-17,-22,-289,,,
2008-12-18,-6,-256,,,
2008-12-19,0,-183,,,
2008-12-20,33,-206,,,
2008-12-21,22,-28,,,
2008-12-22,-11,-122,,,
2008-12-23,0,-100,,,
2008-12-24,11,-44,,,
2008-12-25,-6,-111,,,
2008-12-26,-17,-139,,,
2008-12-27,17,-67,,,
2008-12-28,39,-17,,,
2008-12-29,72,-83,,,
2008-12-30,78,-122,,,
2008-12-31,100,-122,,,
2009-01-01,89,-111,,,
2009-01-02,39,-61,,,
2009-01-03,-22,-183,,,
2009-01-04,-17,-233,,,
2009-01-05,61,-50,,,
2009-01-06,111,-67,,,
2009-01-07,156,-78,,,
2009-01-08,61,-72,,,
2009-01-09,44,-144,,,
2009-01-10,139,-167,,,
2009-01-11,128,-144,,,
2009-01-12,122,-89,,,
2009-01-13,150,-111,,,
2009-01-14,128,-139,,,
2009-01-15,144,-139,,,
2009-01-16,89,-144,,,
2009-01-17,122,-144,,,
2009-01-18,61,-144,,,
2009-01-19,78,-144,,,
2009-01-20,111,-133,,,
2009-01-21,39,-106,,,
2009-01-22,39,0,,,
2009-01-23,39,0,,,
2009-01-24,78,-6,,,
2009-01-25,6,-61,,,
2009-01-26,0,-233,,,
2009-01-27,67,-244,,,
2009-01-28,94,-100,,,
2009-01-29,94,-167,,,
2009-01-30,100,-150,,,
2009-01-31,133,-167,,,
2009-02-01,89,-156,,,
2009-02-02,133,-133,,,
2009-02-03,106,-117,,,
2009-02-04,117,-100,,,
2009-02-05,22,-56,,,
2009-02-06,61,-50,,,
2009-02-07,78,-61,,,
2009-02-08,50,-122,,,
2009-02-09,-6,-156,,,
2009-02-10,6,-217,,,
2009-02-11,-6,-67,,,
2009-02-12,22,-50,,,
2009-02-13,-17,-67,,,
2009-02-14,-11,-78,,,
2009-02-15,6,-39,,,
2009-02-16,0,-33,,,
2009-02-17,11,-28,,,
2009-02-18,22,-89,,,
2009-02-19,67,-106,,,
2009-02-20,122,-111,,,
2009-02-21,89,-128,,,
2009-02-22,39,0,,,
2009-02-23,50,0,,,
2009-02-24,56,-28,,,
2009-02-25,44,0,,,
2009-02-26,61,-28,,,
2009-02-27,72,-89,,,
2009-02-28,106,-50,,,
2009-03-01,39,0,,,
2009-03-02,44,-11,,,
2009-03-03,6,-28,,,
2009-03-04,33,-100,,,
2009-03-05,33,-139,,,
2009-03-06,28,-139,,,
2009-03-07,106,-183,,,
2009-03-08,78,-139,,,
2009-03-09,22,-144,,,
2009-03-10,117,-211,,,
2009-03-11,106,-172,,,
2009-03-12,94,-150,,,
2009-03-13,139,-150,,,
2009-03-14,106,-89,,,
2009-03-15,50,-6,,,
2009-03-16,67,11,,,
2009-03-17,128,-28,,,
2009-03-18,161,-78,,,
2009-03-19,167,-39,,,
2009-03-20,167,-72,,,
2009-03-21,61,-33,,,
2009-03-22,6,-78,,,
2009-03-23,78,-106,,,
2009-03-24,117,-106,,,
2009-03-25,100,-50,,,
2009-03-26,111,-33,,,
2009-03-27,161,-61,,,
2009-03-28,178,-61,,,
2009-03-29,33,-67,,,
2009-03-30,111,-106,,,
2009-03-31,117,-78,,,
2009-04-01,122,-33,,,
2009-04-02,89,-61,,,
2009-04-03,44,-72,,,
2009-04-04,83,-133,,,
2009-04-05,144,-111,,,
2009-04-06,178,-72,,,
2009-04-07,122,-50,,,
2009-04-08,56,-22,,,
2009-04-09,50,0,,,
2009-04-10,61,-11,,,
2009-04-11,106,-44,,,
2009-04-12,156,-44,,,
2009-04-13,144,-28,,,
2009-04-14,11,-61,,,
2009-04-15,56,-56,,,
2009-04-16,139,-89,,,
2009-04-17,178,-56,,,
2009-04-18,211,-33,,,
2009-04-19,233,-28,,,
2009-04-20,256,-17,,,
2009-04-21,267,-11,,,
2009-04-22,228,-11,,,
2009-04-23,150,22,,,
2009-04-24,39,-11,,,
2009-04-25,128,-39,,,
2009-04-26,150,-28,,,
2009-04-27,111,-39,,,
2009-04-28,61,-56,,,
2009-04-29,122,-39,,,
2009-04-30,144,-56,,,
2009-05-01,89,17,,,
2009-05-02,61,6,,,
2009-05-03,106,6,,,
2009-05-04,78,-6,,,
2009-05-05,128,44,,,
2009-05-06,139,28,,,
2009-05-07,161,-11,,,
2009-05-08,194,-39,,,
2009-05-09,200,-33,,,
2009-05-10,228,-28,,,
2009-05-11,200,-22,,,
2009-05-12,161,-28,,,
2009-05-13,178,-39,,,
2009-05-14,183,6,,,
2009-05-15,250,0,,,
2009-05-16,294,-6,,,
2009-05-17,300,22,,,
2009-05-18,278,11,,,
2009-05-19,222,33,,,
2009-05-20,233,-11,,,
2009-05-21,250,-22,,,
2009-05-22,267,-28,,,
2009-05-23,256,0,,,
2009-05-24,217,0,,,
2009-05-25,244,0,,,
2009-05-26,261,0,,,
2009-05-27,261,6,,,
2009-05-28,294,22,,,
2009-05-29,278,39,,,
2009-05-30,250,56,,,
2009-05-31,228,39,,,
2009-06-01,211,17,,,
2009-06-02,200,44,,,
2009-06-03,194,28,,,
2009-06-04,167,44,,,
2009-06-05,78,44,,,
2009-06-06,122,50,,,
2009-06-07,183,22,,,
2009-06-08,211,-11,,,
2009-06-09,200,0,,,
2009-06-10,161,6,,,
2009-06-11,150,50,,,
2009-06-12,161,22,,,
2009-06-13,156,0,,,
2009-06-14,167,6,,,
2009-06-15,206,6,,,
2009-06-16,228,17,,,
2009-06-17,228,61,,,
2009-06-18,261,11,,,
2009-06-19,200,17,,,
2009-06-20,200,6,,,
2009-06-21,156,0,,,
2009-06-22,233,-39,,,
2009-06-23,267,-11,,,
2009-06-24,289,22,,,
2009-06-25,283,17,,,
2009-06-26,278,22,,,
2009-06-27,322,28,,,
2009-06-28,311,33,,,
2009-06-29,317,39,,,
2009-06-30,306,6,,,
2009-07-01,294,50,,,
2009-07-02,306,33,,,
2009-07-03,283,39,,,
2009-07-04,294,6,,,
2009-07-05,272,17,,,
2009-07-06,256,17,,,
2009-07-07,233,-11,,,
2009-07-08,228,6,,,
2009-07-09,228,-17,,,
2009-07-10,244,-17,,,
2009-07-11,256,6,,,
2009-07-12,239,28,,,
2009-07-13,267,-17,,,
2009-07-14,300,6,,,
2009-07-15,317,22,,,
2009-07-16,328,28,,,
2009-07-17,344,6,,,
2009-07-18,339,50,,,
2009-07-19,333,72,,,
2009-07-20,322,61,,,
2009-07-21,317,50,,,
2009-07-22,328,28,,,
2009-07-23,339,28,,,
2009-07-24,322,33,,,
2009-07-25,333,11,,,
2009-07-26,344,39,,,
2009-07-27,344,50,,,
2009-07-28,339,61,,,
2009-07-29,317,67,,,
2009-07-30,317,61,,,
2009-07-31,333,56,,,
2009-08-01,344,78,,,
2009-08-02,294,94,,,
2009-08-03,294,44,,,
2009-08-04,272,22,,,
2009-08-05,250,-11,,,
2009-08-06,156,28,,,
2009-08-07,183,50,,,
2009-08-08,250,0,,,
2009-08-09,267,11,,,
2009-08-10,306,22,,,
2009-08-11,306,28,,,
2009-08-12,294,11,,,
2009-08-13,256,28,,,
2009-08-14,233,28,,,
2009-08-15,256,-11,,,
2009-08-16,278,-11,,,
2009-08-17,300,11,,,
2009-08-18,333,17,,,
2009-08-19,350,39,,,
2009-08-20,339,50,,,
2009-08-21,333,56,,,
2009-08-22,311,28,,,
2009-08-23,261,44,,,
2009-08-24,272,-17,,,
2009-08-25,283,-6,,,
2009-08-26,283,-11,,,
2009-08-27,306,-6,,,
2009-08-28,278,50,,,
2009-08-29,300,33,,,
2009-08-30,289,28,,,
2009-08-31,267,0,,,
2009-09-01,261,61,,,
2009-09-02,278,17,,,
2009-09-03,278,28,,,
2009-09-04,278,6,,,
2009-09-05,239,-33,,,
2009-09-06,222,6,,,
2009-09-07,244,-39,,,
2009-09-08,289,-33,,,
2009-09-09,283,6,,,
2009-09-10,322,33,,,
2009-09-11,339,17,,,
2009-09-12,278,44,,,
2009-09-13,222,11,,,
2009-09-14,211,22,,,
2009-09-15,278,-17,,,
2009-09-16,294,0,,,
2009-09-17,294,0,,,
2009-09-18,300,11,,,
2009-09-19,278,11,,,
2009-09-20,283,0,,,
2009-09-21,267,-33,,,
2009-09-22,306,-44,,,
2009-09-23,328,-11,,,
2009-09-24,322,0,,,
2009-09-25,339,6,,,
2009-09-26,328,11,,,
2009-09-27,333,-6,,,
2009-09-28,256,0,,,
2009-09-29,133,-11,,,
2009-09-30,133,-44,,,
2009-10-01,211,-78,,,
2009-10-02,189,-61,,,
2009-10-03,100,-61,,,
2009-10-04,56,-56,,,
2009-10-05,89,-17,,,
2009-10-06,156,-50,,,
2009-10-07,211,-94,,,
2009-10-08,206,-61,,,
2009-10-09,206,-56,,,
2009-10-10,217,-61,,,
2009-10-11,200,-61,,,
2009-10-12,139,-28,,,
2009-10-13,72,22,,,
2009-10-14,78,50,,,
2009-10-15,167,17,,,
2009-10-16,206,-6,,,
2009-10-17,206,0,,,
2009-10-18,161,0,,,
2009-10-19,67,-11,,,
2009-10-20,156,-44,,,
2009-10-21,194,-17,,,
2009-10-22,200,-22,,,
2009-10-23,211,-22,,,
2009-10-24,167,-39,,,
2009-10-25,178,-50,,,
2009-10-26,194,-33,,,
2009-10-27,39,-33,,,
2009-10-28,67,-67,,,
2009-10-29,83,-78,,,
2009-10-30,200,-28,,,
2009-10-31,211,-56,,,
2009-11-01,217,-56,,,
2009-11-02,222,-67,,,
2009-11-03,217,-61,,,
2009-11-04,189,-61,,,
2009-11-05,128,33,,,
2009-11-06,106,17,,,
2009-11-07,94,-72,,,
2009-11-08,122,-111,,,
2009-11-09,111,-78,,,
2009-11-10,111,-6,,,
2009-11-11,61,-6,,,
2009-11-12,56,-44,,,
2009-11-13,56,-56,,,
2009-11-14,72,-78,,,
2009-11-15,100,-106,,,
2009-11-16,133,-94,,,
2009-11-17,117,-6,,,
2009-11-18,61,-94,,,
2009-11-19,122,-117,,,
2009-11-20,44,-72,,,
2009-11-21,50,-117,,,
2009-11-22,78,-128,,,
2009-11-23,94,-167,,,
2009-11-24,128,-128,,,
2009-11-25,128,-133,,,
2009-11-26,106,-128,,,
2009-11-27,28,-11,,,
2009-11-28,78,-78,,,
2009-11-29,78,-128,,,
2009-11-30,111,-133,,,
2009-12-01,122,-139,,,
2009-12-02,111,-150,,,
2009-12-03,78,-172,,,
2009-12-04,94,-161,,,
2009-12-05,11,-178,,,
2009-12-06,-39,-233,,,
2009-12-07,-56,-244,,,
2009-12-08,-11,-289,,,
2009-12-09,17,-289,,,
2009-12-10,39,-244,,,
2009-12-11,17,-94,,,
2009-12-12,11,-28,,,
2009-12-13,39,-44,,,
2009-12-14,17,-111,,,
2009-12-15,28,-6,,,
2009-12-16,50,-17,,,
2009-12-17,61,-28,,,
2009-12-18,122,-89,,,
2009-12-19,111,-94,,,
2009-12-20,61,-44,,,
2009-12-21,50,-61,,,
2009-12-22,-11,-144,,,
2009-12-23,33,-206,,,
2009-12-24,39,-200,,,
2009-12-25,56,-200,,,
2009-12-26,6,-172,,,
2009-12-27,22,-89,,,
2009-12-28,-28,-111,,,
2009-12-29,-17,-172,,,
2009-12-30,28,-111,,,
2009-12-31,22,-44,,,
2010-01-01,44,-33,,,
2010-01-02,67,-100,,,
2010-01-03,78,-144,,,
2010-01-04,122,-150,,,
2010-01-05,128,-72,,,
2010-01-06,61,-94,,,
2010-01-07,28,0,,,
2010-01-08,56,0,,,
2010-01-09,61,-39,,,
2010-01-10,33,-6,,,
2010-01-11,78,-11,,,
2010-01-12,56,0,,,
2010-01-13,72,-33,,,
2010-01-14,50,-100,,,
2010-01-15,83,-67,,,
2010-01-16,61,-61,,,
2010-01-17,6,-6,,,
2010-01-18,6,-17,,,
2010-01-19,0,-22,,,
2010-01-20,-6,-28,,,
2010-01-21,-6,-28,,,
2010-01-22,17,-139,,,
2010-01-23,39,-128,,,
2010-01-24,0,-39,,,
2010-01-25,17,-22,,,
2010-01-26,78,-39,,,
2010-01-27,44,-117,,,
2010-01-28,67,-144,,,
2010-01-29,56,-50,,,
2010-01-30,44,-39,,,
2010-01-31,72,-78,,,
2010-02-01,6,-72,,,
2010-02-02,61,-100,,,
2010-02-03,39,-33,,,
2010-02-04,17,-6,,,
2010-02-05,33,-11,,,
2010-02-06,39,-11,,,
2010-02-07,56,-11,,,
2010-02-08,67,-61,,,
2010-02-09,67,-44,,,
2010-02-10,56,-150,,,
2010-02-11,39,-17,,,
2010-02-12,61,-6,,,
2010-02-13,94,-33,,,
2010-02-14,122,-78,,,
2010-02-15,150,-50,,,
2010-02-16,156,-44,,,
2010-02-17,144,-94,,,
2010-02-18,156,-111,,,
2010-02-19,122,-94,,,
2010-02-20,72,-100,,,
2010-02-21,56,-106,,,
2010-02-22,50,-178,,,
2010-02-23,6,-117,,,
2010-02-24,122,-44,,,
2010-02-25,78,-67,,,
2010-02-26,22,-11,,,
2010-02-27,106,-44,,,
2010-02-28,128,-100,,,
2010-03-01,78,-67,,,
2010-03-02,33,-11,,,
2010-03-03,6,-61,,,
2010-03-04,61,-72,,,
2010-03-05,56,-61,,,
2010-03-06,94,-39,,,
2010-03-07,122,-100,,,
2010-03-08,28,-56,,,
2010-03-09,39,-139,,,
2010-03-10,50,-122,,,
2010-03-11,89,-144,,,
2010-03-12,17,-67,,,
2010-03-13,50,-150,,,
2010-03-14,83,-194,,,
2010-03-15,128,-144,,,
2010-03-16,139,-56,,,
2010-03-17,200,-50,,,
2010-03-18,139,-67,,,
2010-03-19,200,-122,,,
2010-03-20,128,-83,,,
2010-03-21,100,-50,,,
2010-03-22,106,-61,,,
2010-03-23,150,-106,,,
2010-03-24,111,-67,,,
2010-03-25,39,-44,,,
2010-03-26,83,-94,,,
2010-03-27,111,-106,,,
2010-03-28,106,6,,,
2010-03-29,72,17,,,
2010-03-30,22,-44,,,
2010-03-31,50,-89,,,
2010-04-01,56,-94,,,
2010-04-02,6,-72,,,
2010-04-03,50,-150,,,
2010-04-04,0,-111,,,
2010-04-05,50,-89,,,
2010-04-06,100,-122,,,
2010-04-07,139,-106,,,
2010-04-08,106,-33,,,
2010-04-09,94,-78,,,
2010-04-10,56,-39,,,
2010-04-11,33,-17,,,
2010-04-12,28,-17,,,
2010-04-13,61,-28,,,
2010-04-14,61,-50,,,
2010-04-15,133,-83,,,
2010-04-16,106,-28,,,
2010-04-17,172,-50,,,
2010-04-18,211,-78,,,
2010-04-19,133,-50,,,
2010-04-20,67,-6,,,
2010-04-21,33,-28,,,
2010-04-22,122,-6,,,
2010-04-23,172,-39,,,
2010-04-24,156,-50,,,
2010-04-25,189,-50,,,
2010-04-26,161,-44,,,
2010-04-27,61,-28,,,
2010-04-28,39,-67,,,
2010-04-29,56,-39,,,
2010-04-30,111,-33,,,
2010-05-01,144,-17,,,
2010-05-02,161,-39,,,
2010-05-03,183,-33,,,
2010-05-04,161,-17,,,
2010-05-05,83,-33,,,
2010-05-06,111,-89,,,
2010-05-07,161,-72,,,
2010-05-08,128,-11,,,
2010-05-09,100,-33,,,
2010-05-10,28,-28,,,
2010-05-11,83,-22,,,
2010-05-12,161,-33,,,
2010-05-13,172,-39,,,
2010-05-14,200,-39,,,
2010-05-15,206,-17,,,
2010-05-16,178,-6,,,
2010-05-17,100,6,,,
2010-05-18,122,-11,,,
2010-05-19,117,0,,,
2010-05-20,144,-17,,,
2010-05-21,83,-44,,,
2010-05-22,50,-94,,,
2010-05-23,122,-33,,,
2010-05-24,100,-22,,,
2010-05-25,100,-28,,,
2010-05-26,94,-11,,,
2010-05-27,67,-11,,,
2010-05-28,117,-22,,,
2010-05-29,189,-44,,,
2010-05-30,217,-22,,,
2010-05-31,172,50,,,
2010-06-01,172,61,,,
2010-06-02,178,56,,,
2010-06-03,161,67,,,
2010-06-04,167,83,,,
2010-06-05,200,67,,,
2010-06-06,217,78,,,
2010-06-07,239,28,,,
2010-06-08,222,6,,,
2010-06-09,172,44,,,
2010-06-10,111,28,,,
2010-06-11,178,6,,,
2010-06-12,228,6,,,
2010-06-13,261,0,,,
2010-06-14,256,0,,,
2010-06-15,211,6,,,
2010-06-16,161,-17,,,
2010-06-17,217,-39,,,
2010-06-18,200,-22,,,
2010-06-19,200,-17,,,
2010-06-20,183,17,,,
2010-06-21,233,-22,,,
2010-06-22,256,0,,,
2010-06-23,261,44,,,
2010-06-24,256,56,,,
2010-06-25,239,33,,,
2010-06-26,289,39,,,
2010-06-27,333,28,,,
2010-06-28,317,33,,,
2010-06-29,278,39,,,
2010-06-30,256,17,,,
2010-07-01,250,0,,,
2010-07-02,233,0,,,
2010-07-03,239,-28,,,
2010-07-04,289,0,,,
2010-07-05,283,11,,,
2010-07-06,283,33,,,
2010-07-07,311,44,,,
2010-07-08,317,83,,,
2010-07-09,311,44,,,
2010-07-10,306,22,,,
2010-07-11,306,22,,,
2010-07-12,311,50,,,
2010-07-13,289,44,,,
2010-07-14,306,28,,,
2010-07-15,328,50,,,
2010-07-16,339,67,,,
2010-07-17,311,78,,,
2010-07-18,311,61,,,
2010-07-19,322,28,,,
2010-07-20,322,39,,,
2010-07-21,283,44,,,
2010-07-22,322,39,,,
2010-07-23,328,56,,,
2010-07-24,350,67,,,
2010-07-25,328,78,,,
2010-07-26,311,61,,,
2010-07-27,300,39,,,
2010-07-28,278,44,,,
2010-07-29,294,0,,,
2010-07-30,278,-17,,,
2010-07-31,283,0,,,
2010-08-01,294,0,,,
2010-08-02,278,0,,,
2010-08-03,306,6,,,
2010-08-04,311,22,,,
2010-08-05,306,11,,,
2010-08-06,289,22,,,
2010-08-07,300,44,,,
2010-08-08,272,50,,,
2010-08-09,272,28,,,
2010-08-10,239,6,,,
2010-08-11,250,17,,,
2010-08-12,283,0,,,
2010-08-13,311,22,,,
2010-08-14,328,39,,,
2010-08-15,289,67,,,
2010-08-16,322,39,,,
2010-08-17,283,50,,,
2010-08-18,272,-6,,,
2010-08-19,300,-6,,,
2010-08-20,278,0,,,
2010-08-21,233,-11,,,
2010-08-22,228,-11,,,
2010-08-23,272,-17,,,
2010-08-24,333,0,,,
2010-08-25,339,22,,,
2010-08-26,306,56,,,
2010-08-27,267,6,,,
2010-08-28,117,44,,,
2010-08-29,161,28,,,
2010-08-30,156,0,,,
2010-08-31,233,-17,,,
2010-09-01,283,-6,,,
2010-09-02,306,17,,,
2010-09-03,306,0,,,
2010-09-04,289,-11,,,
2010-09-05,228,-11,,,
2010-09-06,261,-39,,,
2010-09-07,239,-28,,,
2010-09-08,156,17,,,
2010-09-09,144,-6,,,
2010-09-10,239,-39,,,
2010-09-11,256,-17,,,
2010-09-12,256,-17,,,
2010-09-13,239,6,,,
2010-09-14,256,-28,,,
2010-09-15,250,-22,,,
2010-09-16,261,-6,,,
2010-09-17,228,0,,,
2010-09-18,228,0,,,
2010-09-19,161,17,,,
2010-09-20,228,0,,,
2010-09-21,200,-44,,,
2010-09-22,194,-17,,,
2010-09-23,239,-44,,,
2010-09-24,283,-50,,,
2010-09-25,283,-28,,,
2010-09-26,294,-33,,,
2010-09-27,322,-17,,,
2010-09-28,317,0,,,
2010-09-29,328,0,,,
2010-09-30,328,6,,,
2010-10-01,322,6,,,
2010-10-02,278,6,,,
2010-10-03,139,61,,,
2010-10-04,128,39,,,
2010-10-05,117,17,,,
2010-10-06,161,17,,,
2010-10-07,106,0,,,
2010-10-08,172,-11,,,
2010-10-09,222,6,,,
2010-10-10,244,0,,,
2010-10-11,211,-17,,,
2010-10-12,206,-50,,,
2010-10-13,250,-33,,,
2010-10-14,228,-22,,,
2010-10-15,206,6,,,
2010-10-16,200,17,,,
2010-10-17,100,0,,,
2010-10-18,206,-6,,,
2010-10-19,206,-33,,,
2010-10-20,211,-39,,,
2010-10-21,161,-22,,,
2010-10-22,111,-17,,,
2010-10-23,56,6,,,
2010-10-24,83,6,,,
2010-10-25,72,-39,,,
2010-10-26,61,-78,,,
2010-10-27,83,-106,,,
2010-10-28,122,22,,,
2010-10-29,122,-17,,,
2010-10-30,56,28,,,
2010-10-31,111,6,,,
2010-11-01,189,-22,,,
2010-11-02,200,-33,,,
2010-11-03,194,-28,,,
2010-11-04,211,-33,,,
2010-11-05,183,0,,,
2010-11-06,161,6,,,
2010-11-07,78,-6,,,
2010-11-08,33,-78,,,
2010-11-09,33,-100,,,
2010-11-10,39,-50,,,
2010-11-11,89,-100,,,
2010-11-12,111,-72,,,
2010-11-13,128,-67,,,
2010-11-14,139,33,,,
2010-11-15,150,-28,,,
2010-11-16,111,-72,,,
2010-11-17,167,-89,,,
2010-11-18,117,-6,,,
2010-11-19,39,-39,,,
2010-11-20,-6,-56,,,
2010-11-21,6,-83,,,
2010-11-22,11,-83,,,
2010-11-23,6,-239,,,
2010-11-24,-11,-283,,,
2010-11-25,11,-244,,,
2010-11-26,56,-189,,,
2010-11-27,6,-56,,,
2010-11-28,6,-211,,,
2010-11-29,28,-261,,,
2010-11-30,33,-83,,,
2010-12-01,67,-11,,,
2010-12-02,78,0,,,
2010-12-03,56,6,,,
2010-12-04,50,6,,,
2010-12-05,44,0,,,
2010-12-06,67,-17,,,
2010-12-07,89,-50,,,
2010-12-08,33,0,,,
2010-12-09,78,17,,,
2010-12-10,67,0,,,
2010-12-11,117,-11,,,
2010-12-12,117,-39,,,
2010-12-13,89,-22,,,
2010-12-14,56,-100,,,
2010-12-15,39,-167,,,
2010-12-16,11,-133,,,
2010-12-17,6,-94,,,
2010-12-18,33,0,,,
2010-12-19,11,-33,,,
2010-12-20,6,-28,,,
2010-12-21,6,-28,,,
2010-12-22,44,-39,,,
2010-12-23,33,-111,,,
2010-12-24,39,-56,,,
2010-12-25,56,-17,,,
2010-12-26,6,-39,,,
2010-12-27,44,-122,,,
2010-12-28,17,-22,,,
2010-12-29,6,-139,,,
2010-12-30,-22,-161,,,
2010-12-31,-33,-256,,,
2011-01-01,-44,-94,,,
2011-01-02,-11,-172,,,
2011-01-03,44,-217,,,
2011-01-04,39,-206,,,
2011-01-05,72,-222,,,
2011-01-06,56,-167,,,
2011-01-07,117,-178,,,
2011-01-08,78,-150,,,
2011-01-09,0,-239,,,
2011-01-10,-6,-278,,,
2011-01-11,6,-89,,,
2011-01-12,33,-17,,,
2011-01-13,83,-22,,,
2011-01-14,111,-39,,,
2011-01-15,156,-72,,,
2011-01-16,133,17,,,
2011-01-17,128,-33,,,
2011-01-18,128,-89,,,
2011-01-19,89,-78,,,
2011-01-20,122,-111,,,
2011-01-21,161,-106,,,
2011-01-22,111,-67,,,
2011-01-23,111,-117,,,
2011-01-24,161,-94,,,
2011-01-25,133,-122,,,
2011-01-26,100,-106,,,
2011-01-27,156,-117,,,
2011-01-28,150,-111,,,
2011-01-29,89,-61,,,
2011-01-30,61,-117,,,
2011-01-31,89,-161,,,
2011-02-01,39,-156,,,
2011-02-02,83,-217,,,
2011-02-03,128,-144,,,
2011-02-04,150,-100,,,
2011-02-05,106,-28,,,
2011-02-06,150,-44,,,
2011-02-07,117,-72,,,
2011-02-08,11,-83,,,
2011-02-09,56,-117,,,
2011-02-10,122,-144,,,
2011-02-11,139,-111,,,
2011-02-12,100,-94,,,
2011-02-13,94,-83,,,
2011-02-14,28,-22,,,
2011-02-15,11,-6,,,
2011-02-16,-6,-78,,,
2011-02-17,-22,-89,,,
2011-02-18,11,-117,,,
2011-02-19,17,-189,,,
2011-02-20,11,-250,,,
2011-02-21,17,-167,,,
2011-02-22,50,-228,,,
2011-02-23,61,-144,,,
2011-02-24,-6,-61,,,
2011-02-25,0,-89,,,
2011-02-26,0,-178,,,
2011-02-27,78,-233,,,
2011-02-28,6,-61,,,
2011-03-01,56,-161,,,
2011-03-02,50,-17,,,
2011-03-03,56,-56,,,
2011-03-04,67,-111,,,
2011-03-05,83,-28,,,
2011-03-06,61,0,,,
2011-03-07,28,-50,,,
2011-03-08,106,-50,,,
2011-03-09,117,-11,,,
2011-03-10,61,-6,,,
2011-03-11,94,-50,,,
2011-03-12,89,-50,,,
2011-03-13,33,-17,,,
2011-03-14,61,-11,,,
2011-03-15,44,0,,,
2011-03-16,39,-89,,,
2011-03-17,22,-100,,,
2011-03-18,-11,-56,,,
2011-03-19,-6,-56,,,
2011-03-20,11,-72,,,
2011-03-21,50,-89,,,
2011-03-22,28,-61,,,
2011-03-23,6,-28,,,
2011-03-24,-17,-50,,,
2011-03-25,28,-39,,,
2011-03-26,39,-39,,,
2011-03-27,39,-39,,,
2011-03-28,100,-50,,,
2011-03-29,117,-61,,,
2011-03-30,156,-39,,,
2011-03-31,228,-89,,,
2011-04-01,189,-67,,,
2011-04-02,106,-61,,,
2011-04-03,94,-111,,,
2011-04-04,189,-78,,,
2011-04-05,128,-50,,,
2011-04-06,100,-100,,,
2011-04-07,0,-94,,,
2011-04-08,28,-61,,,
2011-04-09,83,-106,,,
2011-04-10,128,-72,,,
2011-04-11,94,-39,,,
2011-04-12,117,-100,,,
2011-04-13,33,-44,,,
2011-04-14,94,-50,,,
2011-04-15,100,-11,,,
2011-04-16,167,-11,,,
2011-04-17,150,0,,,
2011-04-18,117,6,,,
2011-04-19,161,-22,,,
2011-04-20,78,-17,,,
2011-04-21,111,-33,,,
2011-04-22,106,-61,,,
2011-04-23,61,-11,,,
2011-04-24,83,6,,,
2011-04-25,72,-39,,,
2011-04-26,117,-78,,,
2011-04-27,144,-44,,,
2011-04-28,83,-33,,,
2011-04-29,67,-83,,,
2011-04-30,111,-94,,,
2011-05-01,156,-72,,,
2011-05-02,156,-33,,,
2011-05-03,167,-39,,,
2011-05-04,194,-44,,,
2011-05-05,211,-28,,,
2011-05-06,217,-11,,,
2011-05-07,161,28,,,
2011-05-08,78,0,,,
2011-05-09,78,-11,,,
2011-05-10,178,-22,,,
2011-05-11,183,-22,,,
2011-05-12,167,0,,,
2011-05-13,194,-17,,,
2011-05-14,111,6,,,
2011-05-15,17,-22,,,
2011-05-16,61,-33,,,
2011-05-17,17,0,,,
2011-05-18,94,0,,,
2011-05-19,156,-6,,,
2011-05-20,194,-28,,,
2011-05-21,167,17,,,
2011-05-22,139,0,,,
2011-05-23,128,0,,,
2011-05-24,161,-33,,,
2011-05-25,56,-17,,,
2011-05-26,78,-17,,,
2011-05-27,106,11,,,
2011-05-28,72,-11,,,
2011-05-29,94,-22,,,
2011-05-30,106,-44,,,
2011-05-31,94,0,,,
2011-06-01,78,0,,,
2011-06-02,78,-28,,,
2011-06-03,117,-56,,,
2011-06-04,122,28,,,
2011-06-05,139,0,,,
2011-06-06,122,44,,,
2011-06-07,189,39,,,
2011-06-08,200,6,,,
2011-06-09,228,-6,,,
2011-06-10,206,0,,,
2011-06-11,161,11,,,
2011-06-12,222,11,,,
2011-06-13,233,56,,,
2011-06-14,272,11,,,
2011-06-15,250,17,,,
2011-06-16,206,6,,,
2011-06-17,250,-28,,,
2011-06-18,228,17,,,
2011-06-19,233,44,,,
2011-06-20,283,17,,,
2011-06-21,311,44,,,
2011-06-22,289,44,,,
2011-06-23,256,56,,,
2011-06-24,250,17,,,
2011-06-25,233,11,,,
2011-06-26,244,33,,,
2011-06-27,256,28,,,
2011-06-28,128,78,,,
2011-06-29,167,50,,,
2011-06-30,228,61,,,
2011-07-01,294,6,,,
2011-07-02,300,39,,,
2011-07-03,306,33,,,
2011-07-04,306,28,,,
2011-07-05,333,50,,,
2011-07-06,328,72,,,
2011-07-07,289,67,,,
2011-07-08,283,61,,,
2011-07-09,272,33,,,
2011-07-10,272,39,,,
2011-07-11,256,22,,,
2011-07-12,244,6,,,
2011-07-13,211,39,,,
2011-07-14,217,0,,,
2011-07-15,239,6,,,
2011-07-16,217,6,,,
2011-07-17,211,11,,,
2011-07-18,217,17,,,
2011-07-19,233,39,,,
2011-07-20,272,6,,,
2011-07-21,272,17,,,
2011-07-22,267,39,,,
2011-07-23,300,44,,,
2011-07-24,283,28,,,
2011-07-25,261,17,,,
2011-07-26,267,6,,,
2011-07-27,294,28,,,
2011-07-28,317,33,,,
2011-07-29,328,56,,,
2011-07-30,322,78,,,
2011-07-31,300,56,,,
2011-08-01,278,33,,,
2011-08-02,278,6,,,
2011-08-03,278,-6,,,
2011-08-04,272,-6,,,
2011-08-05,289,28,,,
2011-08-06,278,39,,,
2011-08-07,283,6,,,
2011-08-08,278,0,,,
2011-08-09,272,6,,,
2011-08-10,283,28,,,
2011-08-11,289,17,,,
2011-08-12,289,33,,,
2011-08-13,283,17,,,
2011-08-14,261,17,,,
2011-08-15,267,0,,,
2011-08-16,283,0,,,
2011-08-17,300,-6,,,
2011-08-18,300,6,,,
2011-08-19,294,33,,,
2011-08-20,289,28,,,
2011-08-21,283,11,,,
2011-08-22,283,-11,,,
2011-08-23,311,0,,,
2011-08-24,300,56,,,
2011-08-25,289,17,,,
2011-08-26,300,11,,,
2011-08-27,294,44,,,
2011-08-28,306,6,,,
2011-08-29,306,6,,,
2011-08-30,306,0,,,
2011-08-31,261,0,,,
2011-09-01,261,-11,,,
2011-09-02,294,-22,,,
2011-09-03,306,-11,,,
2011-09-04,294,0,,,
2011-09-05,272,17,,,
2011-09-06,300,-17,,,
2011-09-07,306,11,,,
2011-09-08,306,83,,,
2011-09-09,300,44,,,
2011-09-10,300,17,,,
2011-09-11,261,28,,,
2011-09-12,261,44,,,
2011-09-13,267,17,,,
2011-09-14,272,39,,,
2011-09-15,228,39,,,
2011-09-16,211,0,,,
2011-09-17,228,-11,,,
2011-09-18,267,-6,,,
2011-09-19,278,0,,,
2011-09-20,289,0,,,
2011-09-21,294,6,,,
2011-09-22,306,0,,,
2011-09-23,306,6,,,
2011-09-24,261,11,,,
2011-09-25,161,50,,,
2011-09-26,256,11,,,
2011-09-27,267,0,,,
2011-09-28,289,0,,,
2011-09-29,278,22,,,
2011-09-30,256,11,,,
2011-10-01,183,61,,,
2011-10-02,183,39,,,
2011-10-03,161,-6,,,
2011-10-04,78,0,,,
2011-10-05,78,-39,,,
2011-10-06,72,-50,,,
2011-10-07,156,0,,,
2011-10-08,178,-22,,,
2011-10-09,189,-44,,,
2011-10-10,150,44,,,
2011-10-11,172,-22,,,
2011-10-12,228,-39,,,
2011-10-13,233,-17,,,
2011-10-14,239,-11,,,
2011-10-15,222,0,,,
2011-10-16,211,28,,,
2011-10-17,200,-11,,,
2011-10-18,228,-33,,,
2011-10-19,206,-17,,,
2011-10-20,217,-39,,,
2011-10-21,211,-44,,,
2011-10-22,233,-50,,,
2011-10-23,222,-50,,,
2011-10-24,178,-39,,,
2011-10-25,139,-67,,,
2011-10-26,111,-106,,,
2011-10-27,150,-78,,,
2011-10-28,194,-83,,,
2011-10-29,194,-72,,,
2011-10-30,217,-50,,,
2011-10-31,189,-33,,,
2011-11-01,100,-78,,,
2011-11-02,122,-94,,,
2011-11-03,78,-33,,,
2011-11-04,28,-133,,,
2011-11-05,11,-156,,,
2011-11-06,22,-61,,,
2011-11-07,67,-100,,,
2011-11-08,89,-144,,,
2011-11-09,56,-111,,,
2011-11-10,117,-78,,,
2011-11-11,94,-72,,,
2011-11-12,89,-22,,,
2011-11-13,100,-28,,,
2011-11-14,122,-67,,,
2011-11-15,106,-78,,,
2011-11-16,139,-50,,,
2011-11-17,89,0,,,
2011-11-18,22,-117,,,
2011-11-19,6,-167,,,
2011-11-20,44,-39,,,
2011-11-21,39,-50,,,
2011-11-22,22,-17,,,
2011-11-23,56,-6,,,
2011-11-24,78,-11,,,
2011-11-25,100,-61,,,
2011-11-26,111,-83,,,
2011-11-27,133,-61,,,
2011-11-28,128,-50,,,
2011-11-29,156,-83,,,
2011-11-30,44,-50,,,
2011-12-01,72,-94,,,
2011-12-02,94,-61,,,
2011-12-03,44,-100,,,
2011-12-04,100,-128,,,
2011-12-05,44,-111,,,
2011-12-06,106,-139,,,
2011-12-07,133,-106,,,
2011-12-08,100,-106,,,
2011-12-09,89,-144,,,
2011-12-10,111,-156,,,
2011-12-11,78,-122,,,
2011-12-12,61,-94,,,
2011-12-13,67,-150,,,
2011-12-14,83,-161,,,
2011-12-15,61,-39,,,
2011-12-16,83,-83,,,
2011-12-17,89,-106,,,
2011-12-18,117,-139,,,
2011-12-19,78,-78,,,
2011-12-20,128,-122,,,
2011-12-21,78,-117,,,
2011-12-22,39,-167,,,
2011-12-23,94,-172,,,
2011-12-24,89,-156,,,
2011-12-25,122,-139,,,
2011-12-26,128,-139,,,
2011-12-27,100,-117,,,
2011-12-28,111,-11,,,
2011-12-29,106,-28,,,
2011-12-30,78,-56,,,
2011-12-31,50,-89,,,
2012-01-01,78,-72,,,
2012-01-02,117,-72,,,
2012-01-03,144,-67,,,
2012-01-04,189,-67,,,
2012-01-05,144,-67,,,
2012-01-06,94,-106,,,
2012-01-07,78,-78,,,
2012-01-08,106,-128,,,
2012-01-09,117,-150,,,
2012-01-10,122,-106,,,
2012-01-11,78,-150,,,
2012-01-12,83,-167,,,
2012-01-13,128,-144,,,
2012-01-14,128,-117,,,
2012-01-15,78,-106,,,
2012-01-16,0,-200,,,
2012-01-17,28,-222,,,
2012-01-18,33,-28,,,
2012-01-19,11,-17,,,
2012-01-20,33,0,,,
2012-01-21,22,-89,,,
2012-01-22,-6,-44,,,
2012-01-23,72,-39,,,
2012-01-24,94,-39,,,
2012-01-25,128,-28,,,
2012-01-26,89,-39,,,
2012-01-27,61,-122,,,
2012-01-28,83,-144,,,
2012-01-29,150,-100,,,
2012-01-30,128,-72,,,
2012-01-31,106,-111,,,
2012-02-01,61,-56,,,
2012-02-02,67,-106,,,
2012-02-03,50,-122,,,
2012-02-04,78,-139,,,
2012-02-05,72,-139,,,
2012-02-06,67,-128,,,
2012-02-07,11,-33,,,
2012-02-08,122,-39,,,
2012-02-09,150,-44,,,
2012-02-10,44,-17,,,
2012-02-11,78,-39,,,
2012-02-12,89,-78,,,
2012-02-13,28,-28,,,
2012-02-14,72,-67,,,
2012-02-15,56,-128,,,
2012-02-16,94,-161,,,
2012-02-17,128,-94,,,
2012-02-18,56,-72,,,
2012-02-19,72,-122,,,
2012-02-20,67,-50,,,
2012-02-21,117,-11,,,
2012-02-22,133,-22,,,
2012-02-23,117,-44,,,
2012-02-24,156,-67,,,
2012-02-25,33,-89,,,
2012-02-26,11,-117,,,
2012-02-27,0,-83,,,
2012-02-28,22,-117,,,
2012-02-29,0,-72,,,
2012-03-01,17,-167,,,
2012-03-02,100,-222,,,
2012-03-03,167,-150,,,
2012-03-04,194,-128,,,
2012-03-05,128,-67,,,
2012-03-06,22,-89,,,
2012-03-07,72,-144,,,
2012-03-08,122,-94,,,
2012-03-09,161,-72,,,
2012-03-10,122,-44,,,
2012-03-11,50,-6,,,
2012-03-12,50,-22,,,
2012-03-13,22,-6,,,
2012-03-14,83,0,,,
2012-03-15,61,6,,,
2012-03-16,28,0,,,
2012-03-17,50,-83,,,
2012-03-18,17,-72,,,
2012-03-19,44,-156,,,
2012-03-20,100,-28,,,
2012-03-21,72,11,,,
2012-03-22,44,28,,,
2012-03-23,61,-39,,,
2012-03-24,61,-6,,,
2012-03-25,61,-33,,,
2012-03-26,22,-44,,,
2012-03-27,22,-6,,,
2012-03-28,39,-11,,,
2012-03-29,50,-6,,,
2012-03-30,83,6,,,
2012-03-31,39,-33,,,
2012-04-01,56,-61,,,
2012-04-02,100,-83,,,
2012-04-03,133,-33,,,
2012-04-04,33,-100,,,
2012-04-05,11,-94,,,
2012-04-06,72,-144,,,
2012-04-07,122,-78,,,
2012-04-08,150,-78,,,
2012-04-09,144,-56,,,
2012-04-10,106,6,,,
2012-04-11,67,-11,,,
2012-04-12,39,-17,,,
2012-04-13,78,-17,,,
2012-04-14,94,-22,,,
2012-04-15,139,-56,,,
2012-04-16,139,-11,,,
2012-04-17,144,-39,,,
2012-04-18,128,6,,,
2012-04-19,172,17,,,
2012-04-20,244,-17,,,
2012-04-21,250,-11,,,
2012-04-22,239,0,,,
2012-04-23,233,-6,,,
2012-04-24,189,0,,,
2012-04-25,100,0,,,
2012-04-26,67,-22,,,
2012-04-27,144,-56,,,
2012-04-28,189,-39,,,
2012-04-29,217,-28,,,
2012-04-30,156,11,,,
2012-05-01,172,-39,,,
2012-05-02,150,-356,,,
2012-05-03,94,-356,,,
2012-05-04,100,0,,,
2012-05-05,144,-44,,,
2012-05-06,172,-50,,,
2012-05-07,222,-33,,,
2012-05-08,256,-39,,,
2012-05-09,244,-6,,,
2012-05-10,206,-6,,,
2012-05-11,222,-44,,,
2012-05-12,256,-28,,,
2012-05-13,261,-11,,,
2012-05-14,228,6,,,
2012-05-15,267,83,,,
2012-05-16,256,17,,,
2012-05-17,194,6,,,
2012-05-18,183,-22,,,
2012-05-19,222,-28,,,
2012-05-20,272,0,,,
2012-05-21,228,50,,,
2012-05-22,167,0,,,
2012-05-23,150,-33,,,
2012-05-24,144,-44,,,
2012-05-25,56,-11,,,
2012-05-26,100,17,,,
2012-05-27,144,0,,,
2012-05-28,194,-39,,,
2012-05-29,222,-28,,,
2012-05-30,261,-17,,,
2012-05-31,289,17,,,
2012-06-01,306,33,,,
2012-06-02,244,61,,,
2012-06-03,239,56,,,
2012-06-04,128,0,,,
2012-06-05,89,-22,,,
2012-06-06,183,-39,,,
2012-06-07,178,-22,,,
2012-06-08,167,-6,,,
2012-06-09,161,-11,,,
2012-06-10,211,-39,,,
2012-06-11,272,-28,,,
2012-06-12,256,11,,,
2012-06-13,267,11,,,
2012-06-14,272,11,,,
2012-06-15,278,78,,,
2012-06-16,289,22,,,
2012-06-17,311,39,,,
2012-06-18,250,50,,,
2012-06-19,222,-6,,,
2012-06-20,283,-22,,,
2012-06-21,267,0,,,
2012-06-22,183,11,,,
2012-06-23,144,-11,,,
2012-06-24,178,-22,,,
2012-06-25,172,-28,,,
2012-06-26,200,-22,,,
2012-06-27,256,-33,,,
2012-06-28,244,-17,,,
2012-06-29,256,-6,,,
2012-06-30,250,0,,,
2012-07-01,239,44,,,
2012-07-02,289,28,,,
2012-07-03,278,33,,,
2012-07-04,278,6,,,
2012-07-05,261,11,,,
2012-07-06,283,0,,,
2012-07-07,300,6,,,
2012-07-08,306,28,,,
2012-07-09,311,17,,,
2012-07-10,317,11,,,
2012-07-11,333,11,,,
2012-07-12,328,17,,,
2012-07-13,306,28,,,
2012-07-14,294,11,,,
2012-07-15,294,56,,,
2012-07-16,239,56,,,
2012-07-17,217,39,,,
2012-07-18,228,-17,,,
2012-07-19,228,22,,,
2012-07-20,267,44,,,
2012-07-21,306,6,,,
2012-07-22,306,11,,,
2012-07-23,294,78,,,
2012-07-24,283,61,,,
2012-07-25,300,0,,,
2012-07-26,294,6,,,
2012-07-27,283,6,,,
2012-07-28,294,6,,,
2012-07-29,306,6,,,
2012-07-30,300,11,,,
2012-07-31,306,22,,,
2012-08-01,317,22,,,
2012-08-02,311,28,,,
2012-08-03,339,17,,,
2012-08-04,356,28,,,
2012-08-05,306,78,,,
2012-08-06,289,11,,,
2012-08-07,294,-6,,,
2012-08-08,322,0,,,
2012-08-09,339,11,,,
2012-08-10,322,17,,,
2012-08-11,328,11,,,
2012-08-12,333,44,,,
2012-08-13,328,61,,,
2012-08-14,350,78,,,
2012-08-15,333,83,,,
2012-08-16,339,72,,,
2012-08-17,339,56,,,
2012-08-18,300,83,,,
2012-08-19,300,33,,,
2012-08-20,294,17,,,
2012-08-21,278,11,,,
2012-08-22,300,0,,,
2012-08-23,300,22,,,
2012-08-24,300,6,,,
2012-08-25,289,0,,,
2012-08-26,244,11,,,
2012-08-27,250,-17,,,
2012-08-28,267,-33,,,
2012-08-29,289,-33,,,
2012-08-30,294,-22,,,
2012-08-31,261,-6,,,
2012-09-01,256,-39,,,
2012-09-02,289,-11,,,
2012-09-03,300,0,,,
2012-09-04,289,-17,,,
2012-09-05,289,-17,,,
2012-09-06,267,67,,,
2012-09-07,289,0,,,
2012-09-08,294,28,,,
2012-09-09,267,17,,,
2012-09-10,283,-33,,,
2012-09-11,283,-22,,,
2012-09-12,300,-11,,,
2012-09-13,300,-11,,,
2012-09-14,272,6,,,
2012-09-15,272,6,,,
2012-09-16,278,-22,,,
2012-09-17,283,-11,,,
2012-09-18,283,0,,,
2012-09-19,294,6,,,
2012-09-20,300,0,,,
2012-09-21,272,11,,,
2012-09-22,278,0,,,
2012-09-23,233,39,,,
2012-09-24,239,-22,,,
2012-09-25,267,-17,,,
2012-09-26,267,-6,,,
2012-09-27,278,-11,,,
2012-09-28,272,0,,,
2012-09-29,289,-6,,,
2012-09-30,306,-17,,,
2012-10-01,311,-11,,,
2012-10-02,300,0,,,
2012-10-03,289,-11,,,
2012-10-04,250,-17,,,
2012-10-05,211,-28,,,
2012-10-06,222,-61,,,
2012-10-07,222,-50,,,
2012-10-08,189,-50,,,
2012-10-09,200,-39,,,
2012-10-10,228,0,,,
2012-10-11,250,-28,,,
2012-10-12,194,-11,,,
2012-10-13,200,0,,,
2012-10-14,239,-33,,,
2012-10-15,228,28,,,
2012-10-16,206,-28,,,
2012-10-17,239,-72,,,
2012-10-18,250,-72,,,
2012-10-19,228,-39,,,
2012-10-20,183,-39,,,
2012-10-21,128,-56,,,
2012-10-22,33,-17,,,
2012-10-23,50,-89,,,
2012-10-24,44,-39,,,
2012-10-25,78,-78,,,
2012-10-26,150,-128,,,
2012-10-27,161,-67,,,
2012-10-28,183,-44,,,
2012-10-29,200,-28,,,
2012-10-30,172,-39,,,
2012-10-31,128,0,,,
2012-11-01,122,-28,,,
2012-11-02,133,-39,,,
2012-11-03,172,-17,,,
2012-11-04,206,-22,,,
2012-11-05,228,-33,,,
2012-11-06,222,-61,,,
2012-11-07,183,-44,,,
2012-11-08,72,-89,,,
2012-11-09,17,-89,,,
2012-11-10,11,-83,,,
2012-11-11,33,-128,,,
2012-11-12,83,-50,,,
2012-11-13,89,-61,,,
2012-11-14,133,-50,,,
2012-11-15,139,-72,,,
2012-11-16,50,22,,,
2012-11-17,72,0,,,
2012-11-18,33,-6,,,
2012-11-19,33,-6,,,
2012-11-20,78,28,,,
2012-11-21,78,-22,,,
2012-11-22,94,-39,,,
2012-11-23,167,-61,,,
2012-11-24,167,-83,,,
2012-11-25,128,-50,,,
2012-11-26,122,-78,,,
2012-11-27,89,-56,,,
2012-11-28,61,0,,,
2012-11-29,56,11,,,
2012-11-30,50,17,,,
2012-12-01,94,11,,,
2012-12-02,61,-33,,,
2012-12-03,72,-44,,,
2012-12-04,33,6,,,
2012-12-05,111,6,,,
2012-12-06,83,-39,,,
2012-12-07,106,-78,,,
2012-12-08,78,-67,,,
2012-12-09,100,-61,,,
2012-12-10,122,-72,,,
2012-12-11,100,-83,,,
2012-12-12,6,-50,,,
2012-12-13,-6,-167,,,
2012-12-14,6,-194,,,
2012-12-15,-22,-172,,,
2012-12-16,28,-33,,,
2012-12-17,44,-100,,,
2012-12-18,11,-183,,,
2012-12-19,6,-217,,,
2012-12-20,6,-83,,,
2012-12-21,-6,-39,,,
2012-12-22,6,-39,,,
2012-12-23,6,-28,,,
2012-12-24,28,-150,,,
2012-12-25,-6,-161,,,
2012-12-26,22,-78,,,
2012-12-27,6,-189,,,
2012-12-28,-28,-189,,,
2012-12-29,0,-156,,,
2012-12-30,6,-217,,,
2012-12-31,33,-261,,,
2013-01-01,-11,-189,,,
2013-01-02,-11,-244,,,
2013-01-03,0,-206,,,
2013-01-04,56,-217,,,
2013-01-05,56,-161,,,
2013-01-06,33,-156,,,
2013-01-07,67,-161,,,
2013-01-08,139,-83,,,
2013-01-09,50,-78,,,
2013-01-10,-6,-139,,,
2013-01-11,0,-217,,,
2013-01-12,-17,-294,,,
2013-01-13,-17,-322,,,
2013-01-14,11,-272,,,
2013-01-15,72,-222,,,
2013-01-16,78,-217,,,
2013-01-17,56,-228,,,
2013-01-18,50,-244,,,
2013-01-19,67,-256,,,
2013-01-20,72,-256,,,
2013-01-21,78,-206,,,
2013-01-22,100,-189,,,
2013-01-23,89,-67,,,
2013-01-24,50,0,,,
2013-01-25,83,0,,,
2013-01-26,78,-33,,,
2013-01-27,-6,-94,,,
2013-01-28,6,-100,,,
2013-01-29,67,-39,,,
2013-01-30,128,-122,,,
2013-01-31,156,-128,,,
2013-02-01,128,-133,,,
2013-02-02,94,-117,,,
2013-02-03,117,-133,,,
2013-02-04,156,-106,,,
2013-02-05,94,-78,,,
2013-02-06,72,-144,,,
2013-02-07,50,-117,,,
2013-02-08,17,-150,,,
2013-02-09,44,-150,,,
2013-02-10,78,-167,,,
2013-02-11,117,-144,,,
2013-02-12,111,-139,,,
2013-02-13,128,-128,,,
2013-02-14,94,-111,,,
2013-02-15,111,-111,,,
2013-02-16,139,-106,,,
2013-02-17,100,-117,,,
2013-02-18,78,-111,,,
2013-02-19,-11,-61,,,
2013-02-20,50,-150,,,
2013-02-21,56,-150,,,
2013-02-22,117,-144,,,
2013-02-23,22,-94,,,
2013-02-24,78,-161,,,
2013-02-25,61,-139,,,
2013-02-26,78,-161,,,
2013-02-27,133,-150,,,
2013-02-28,133,-44,,,
2013-03-01,172,-78,,,
2013-03-02,111,-44,,,
2013-03-03,83,-28,,,
2013-03-04,83,-39,,,
2013-03-05,39,-28,,,
2013-03-06,17,-44,,,
2013-03-07,39,-144,,,
2013-03-08,83,-172,,,
2013-03-09,117,-94,,,
2013-03-10,144,-144,,,
2013-03-11,189,-89,,,
2013-03-12,194,-72,,,
2013-03-13,189,-61,,,
2013-03-14,178,-50,,,
2013-03-15,172,-44,,,
2013-03-16,139,-67,,,
2013-03-17,117,-67,,,
2013-03-18,133,-89,,,
2013-03-19,83,0,,,
2013-03-20,78,6,,,
2013-03-21,83,-44,,,
2013-03-22,56,-100,,,
2013-03-23,122,-117,,,
2013-03-24,144,-67,,,
2013-03-25,139,-56,,,
2013-03-26,111,-17,,,
2013-03-27,106,0,,,
2013-03-28,89,11,,,
2013-03-29,167,-11,,,
2013-03-30,178,-28,,,
2013-03-31,78,0,,,
2013-04-01,94,0,,,
2013-04-02,150,-6,,,
2013-04-03,178,-28,,,
2013-04-04,78,28,,,
2013-04-05,100,-11,,,
2013-04-06,111,17,,,
2013-04-07,94,-11,,,
2013-04-08,56,-39,,,
2013-04-09,122,-22,,,
2013-04-10,189,-17,,,
2013-04-11,161,-22,,,
2013-04-12,194,-50,,,
2013-04-13,139,-22,,,
2013-04-14,122,-56,,,
2013-04-15,28,-44,,,
2013-04-16,44,-44,,,
2013-04-17,94,-67,,,
2013-04-18,172,-72,,,
2013-04-19,161,-39,,,
2013-04-20,194,-44,,,
2013-04-21,200,-39,,,
2013-04-22,178,-33,,,
2013-04-23,183,-44,,,
2013-04-24,178,-39,,,
2013-04-25,211,-72,,,
2013-04-26,244,-17,,,
2013-04-27,250,-17,,,
2013-04-28,233,-6,,,
2013-04-29,200,-11,,,
2013-04-30,161,-33,,,
2013-05-01,172,-39,,,
2013-05-02,239,-33,,,
2013-05-03,239,-22,,,
2013-05-04,189,-17,,,
2013-05-05,156,6,,,
2013-05-06,139,11,,,
2013-05-07,133,39,,,
2013-05-08,144,56,,,
2013-05-09,217,6,,,
2013-05-10,261,28,,,
2013-05-11,267,22,,,
2013-05-12,261,39,,,
2013-05-13,250,-6,,,
2013-05-14,250,17,,,
2013-05-15,217,0,,,
2013-05-16,111,39,,,
2013-05-17,150,-6,,,
2013-05-18,172,-28,,,
2013-05-19,194,-11,,,
2013-05-20,239,-28,,,
2013-05-21,161,0,,,
2013-05-22,122,-56,,,
2013-05-23,144,-22,,,
2013-05-24,189,-61,,,
2013-05-25,172,-33,,,
2013-05-26,161,-17,,,
2013-05-27,117,-17,,,
2013-05-28,161,28,,,
2013-05-29,172,0,,,
2013-05-30,206,-33,,,
2013-05-31,261,-39,,,
2013-06-01,283,-11,,,
2013-06-02,267,11,,,
2013-06-03,294,0,,,
2013-06-04,300,0,,,
2013-06-05,311,28,,,
2013-06-06,317,39,,,
2013-06-07,328,28,,,
2013-06-08,339,50,,,
2013-06-09,339,56,,,
2013-06-10,200,50,,,
2013-06-11,222,11,,,
2013-06-12,222,-17,,,
2013-06-13,189,0,,,
2013-06-14,228,-33,,,
2013-06-15,256,-17,,,
2013-06-16,244,-6,,,
2013-06-17,250,-6,,,
2013-06-18,183,0,,,
2013-06-19,161,0,,,
2013-06-20,189,-33,,,
2013-06-21,222,-22,,,
2013-06-22,250,-11,,,
2013-06-23,178,22,,,
2013-06-24,111,83,,,
2013-06-25,156,78,,,
2013-06-26,233,72,,,
2013-06-27,306,44,,,
2013-06-28,339,50,,,
2013-06-29,339,72,,,
2013-06-30,356,44,,,
2013-07-01,361,67,,,
2013-07-02,361,122,,,
2013-07-03,344,94,,,
2013-07-04,322,100,,,
2013-07-05,311,61,,,
2013-07-06,300,22,,,
2013-07-07,289,6,,,
2013-07-08,300,6,,,
2013-07-09,289,0,,,
2013-07-10,294,6,,,
2013-07-11,294,6,,,
2013-07-12,283,-6,,,
2013-07-13,289,6,,,
2013-07-14,300,0,,,
2013-07-15,306,28,,,
2013-07-16,272,39,,,
2013-07-17,300,-22,,,
2013-07-18,333,6,,,
2013-07-19,372,44,,,
2013-07-20,378,72,,,
2013-07-21,367,61,,,
2013-07-22,344,78,,,
2013-07-23,333,78,,,
2013-07-24,333,128,,,
2013-07-25,350,78,,,
2013-07-26,311,78,,,
2013-07-27,306,78,,,
2013-07-28,300,67,,,
2013-07-29,278,44,,,
2013-07-30,294,6,,,
2013-07-31,278,56,,,
2013-08-01,256,0,,,
2013-08-02,261,0,,,
2013-08-03,300,0,,,
2013-08-04,300,6,,,
2013-08-05,311,6,,,
2013-08-06,322,11,,,
2013-08-07,272,50,,,
2013-08-08,244,0,,,
2013-08-09,256,39,,,
2013-08-10,233,-6,,,
2013-08-11,278,-6,,,
2013-08-12,272,0,,,
2013-08-13,300,0,,,
2013-08-14,311,6,,,
2013-08-15,300,11,,,
2013-08-16,306,0,,,
2013-08-17,322,11,,,
2013-08-18,361,61,,,
2013-08-19,344,94,,,
2013-08-20,306,106,,,
2013-08-21,317,94,,,
2013-08-22,261,56,,,
2013-08-23,278,0,,,
2013-08-24,256,0,,,
2013-08-25,222,39,,,
2013-08-26,239,39,,,
2013-08-27,267,-11,,,
2013-08-28,261,11,,,
2013-08-29,267,6,,,
2013-08-30,300,0,,,
2013-08-31,311,-11,,,
2013-09-01,272,44,,,
2013-09-02,222,89,,,
2013-09-03,250,94,,,
2013-09-04,261,44,,,
2013-09-05,233,6,,,
2013-09-06,283,-33,,,
2013-09-07,289,-11,,,
2013-09-08,311,-6,,,
2013-09-09,311,22,,,
2013-09-10,311,6,,,
2013-09-11,311,11,,,
2013-09-12,289,83,,,
2013-09-13,289,67,,,
2013-09-14,306,28,,,
2013-09-15,256,11,,,
2013-09-16,261,-33,,,
2013-09-17,200,11,,,
2013-09-18,233,-39,,,
2013-09-19,267,-50,,,
2013-09-20,222,-28,,,
2013-09-21,111,0,,,
2013-09-22,156,0,,,
2013-09-23,228,0,,,
2013-09-24,161,17,,,
2013-09-25,106,0,,,
2013-09-26,106,-50,,,
2013-09-27,189,-89,,,
2013-09-28,189,-28,,,
2013-09-29,144,72,,,
2013-09-30,172,33,,,
2013-10-01,200,-17,,,
2013-10-02,178,-28,,,
2013-10-03,128,-50,,,
2013-10-04,161,-39,,,
2013-10-05,211,-83,,,
2013-10-06,239,-67,,,
2013-10-07,206,-67,,,
2013-10-08,156,-83,,,
2013-10-09,83,-28,,,
2013-10-10,172,-39,,,
2013-10-11,178,-78,,,
2013-10-12,150,-83,,,
2013-10-13,111,-39,,,
2013-10-14,161,-72,,,
2013-10-15,161,-83,,,
2013-10-16,200,-100,,,
2013-10-17,211,-78,,,
2013-10-18,228,-72,,,
2013-10-19,239,-72,,,
2013-10-20,239,-61,,,
2013-10-21,233,-56,,,
2013-10-22,239,-61,,,
2013-10-23,244,-61,,,
2013-10-24,228,-56,,,
2013-10-25,222,-89,,,
2013-10-26,228,-78,,,
2013-10-27,172,-72,,,
2013-10-28,17,-11,,,
2013-10-29,39,-6,,,
2013-10-30,89,-39,,,
2013-10-31,178,-67,,,
2013-11-01,194,-61,,,
2013-11-02,150,-61,,,
2013-11-03,50,-100,,,
2013-11-04,94,-106,,,
2013-11-05,156,-89,,,
2013-11-06,178,-50,,,
2013-11-07,161,0,,,
2013-11-08,161,-39,,,
2013-11-09,189,-83,,,
2013-11-10,178,-67,,,
2013-11-11,189,-22,,,
2013-11-12,161,50,,,
2013-11-13,189,-44,,,
2013-11-14,167,-78,,,
2013-11-15,94,-100,,,
2013-11-16,122,-61,,,
2013-11-17,150,-106,,,
2013-11-18,89,-72,,,
2013-11-19,89,6,,,
2013-11-20,61,-11,,,
2013-11-21,33,-94,,,
2013-11-22,78,-78,,,
2013-11-23,106,-133,,,
2013-11-24,117,-161,,,
2013-11-25,128,-122,,,
2013-11-26,139,-83,,,
2013-11-27,78,-39,,,
2013-11-28,128,-61,,,
2013-11-29,128,-83,,,
2013-11-30,133,-44,,,
2013-12-01,144,-61,,,
2013-12-02,139,-22,,,
2013-12-03,17,-89,,,
2013-12-04,-6,-178,,,
2013-12-05,6,-217,,,
2013-12-06,-28,-189,,,
2013-12-07,-22,-267,,,
2013-12-08,-17,-322,,,
2013-12-09,22,-289,,,
2013-12-10,72,-233,,,
2013-12-11,61,-183,,,
2013-12-12,106,-206,,,
2013-12-13,100,-144,,,
2013-12-14,106,-167,,,
2013-12-15,139,-144,,,
2013-12-16,150,-150,,,
2013-12-17,94,-111,,,
2013-12-18,150,-122,,,
2013-12-19,22,-122,,,
2013-12-20,67,-156,,,
2013-12-21,106,-50,,,
2013-12-22,122,-67,,,
2013-12-23,156,-89,,,
2013-12-24,117,-94,,,
2013-12-25,100,-117,,,
2013-12-26,139,-122,,,
2013-12-27,128,-122,,,
2013-12-28,117,-122,,,
2013-12-29,83,-117,,,
2013-12-30,133,-111,,,
2013-12-31,156,-50,,,
2014-01-01,122,-100,,,
2014-01-02,150,-100,,,
2014-01-03,150,-67,,,
2014-01-04,106,-133,,,
2014-01-05,83,-144,,,
2014-01-06,50,-128,,,
2014-01-07,117,-83,,,
2014-01-08,94,-94,,,
2014-01-09,50,-22,,,
2014-01-10,106,-56,,,
2014-01-11,61,-61,,,
2014-01-12,61,-106,,,
2014-01-13,139,-94,,,
2014-01-14,167,-117,,,
2014-01-15,167,-117,,,
2014-01-16,161,-133,,,
2014-01-17,144,-106,,,
2014-01-18,150,-111,,,
2014-01-19,167,-106,,,
2014-01-20,156,-117,,,
2014-01-21,150,-122,,,
2014-01-22,161,-122,,,
2014-01-23,94,-89,,,
2014-01-24,117,-61,,,
2014-01-25,150,-106,,,
2014-01-26,178,-100,,,
2014-01-27,117,-83,,,
2014-01-28,133,0,,,
2014-01-29,106,0,,,
2014-01-30,72,-33,,,
2014-01-31,33,-94,,,
2014-02-01,56,-150,,,
2014-02-02,39,-100,,,
2014-02-03,39,-122,,,
2014-02-04,56,-128,,,
2014-02-05,83,-128,,,
2014-02-06,39,-33,,,
2014-02-07,6,-11,,,
2014-02-08,33,6,,,
2014-02-09,72,0,,,
2014-02-10,111,-22,,,
2014-02-11,111,-61,,,
2014-02-12,122,11,,,
2014-02-13,100,6,,,
2014-02-14,100,44,,,
2014-02-15,94,11,,,
2014-02-16,89,-44,,,
2014-02-17,100,-67,,,
2014-02-18,117,-61,,,
2014-02-19,61,-61,,,
2014-02-20,117,-94,,,
2014-02-21,128,-78,,,
2014-02-22,144,-89,,,
2014-02-23,156,-94,,,
2014-02-24,183,-61,,,
2014-02-25,161,-67,,,
2014-02-26,56,-28,,,
2014-02-27,61,-6,,,
2014-02-28,28,-6,,,
2014-03-01,89,-17,,,
2014-03-02,67,6,,,
2014-03-03,78,0,,,
2014-03-04,89,-6,,,
2014-03-05,94,28,,,
2014-03-06,61,-28,,,
2014-03-07,122,-67,,,
2014-03-08,167,-61,,,
2014-03-09,61,11,,,
2014-03-10,72,-28,,,
2014-03-11,89,-78,,,
2014-03-12,133,-56,,,
2014-03-13,178,-100,,,
2014-03-14,156,-56,,,
2014-03-15,200,-72,,,
2014-03-16,189,-56,,,
2014-03-17,83,-50,,,
2014-03-18,117,-83,,,
2014-03-19,167,-111,,,
2014-03-20,167,-78,,,
2014-03-21,167,-67,,,
2014-03-22,156,-100,,,
2014-03-23,178,-89,,,
2014-03-24,200,-83,,,
2014-03-25,100,-78,,,
2014-03-26,67,-17,,,
2014-03-27,67,-28,,,
2014-03-28,83,0,,,
2014-03-29,28,-17,,,
2014-03-30,117,-44,,,
2014-03-31,22,-78,,,
2014-04-01,33,-100,,,
2014-04-02,100,-106,,,
2014-04-03,83,-83,,,
2014-04-04,94,-28,,,
2014-04-05,133,-28,,,
2014-04-06,161,-33,,,
2014-04-07,211,-44,,,
2014-04-08,200,-33,,,
2014-04-09,206,-22,,,
2014-04-10,228,-44,,,
2014-04-11,244,-39,,,
2014-04-12,217,-22,,,
2014-04-13,183,-56,,,
2014-04-14,233,-67,,,
2014-04-15,183,-44,,,
2014-04-16,200,-39,,,
2014-04-17,217,-28,,,
2014-04-18,200,-11,,,
2014-04-19,183,-39,,,
2014-04-20,211,-44,,,
2014-04-21,156,-28,,,
2014-04-22,61,-39,,,
2014-04-23,133,-72,,,
2014-04-24,133,0,,,
2014-04-25,44,-11,,,
2014-04-26,72,-11,,,
2014-04-27,83,-28,,,
2014-04-28,156,-61,,,
2014-04-29,200,-44,,,
2014-04-30,233,-22,,,
2014-05-01,261,-50,,,
2014-05-02,228,-33,,,
2014-05-03,206,0,,,
2014-05-04,156,-33,,,
2014-05-05,106,6,,,
2014-05-06,133,0,,,
2014-05-07,161,-44,,,
2014-05-08,128,0,,,
2014-05-09,139,11,,,
2014-05-10,78,-33,,,
2014-05-11,183,-28,,,
2014-05-12,211,-50,,,
2014-05-13,244,-33,,,
2014-05-14,272,-22,,,
2014-05-15,261,0,,,
2014-05-16,256,6,,,
2014-05-17,217,-17,,,
2014-05-18,161,-6,,,
2014-05-19,117,-28,,,
2014-05-20,156,-11,,,
2014-05-21,189,11,,,
2014-05-22,239,6,,,
2014-05-23,256,-6,,,
2014-05-24,250,28,,,
2014-05-25,272,11,,,
2014-05-26,250,0,,,
2014-05-27,222,0,,,
2014-05-28,161,-17,,,
2014-05-29,228,-56,,,
2014-05-30,222,0,,,
2014-05-31,233,-50,,,
2014-06-01,250,-11,,,
2014-06-02,244,-22,,,
2014-06-03,250,-6,,,
2014-06-04,278,-11,,,
2014-06-05,289,-6,,,
2014-06-06,283,6,,,
2014-06-07,294,6,,,
2014-06-08,300,28,,,
2014-06-09,300,6,,,
2014-06-10,283,44,,,
2014-06-11,289,11,,,
2014-06-12,239,28,,,
2014-06-13,183,0,,,
2014-06-14,211,-39,,,
2014-06-15,211,33,,,
2014-06-16,172,22,,,
2014-06-17,172,6,,,
2014-06-18,244,-44,,,
2014-06-19,283,-17,,,
2014-06-20,256,6,,,
2014-06-21,267,0,,,
2014-06-22,272,0,,,
2014-06-23,278,17,,,
2014-06-24,256,28,,,
2014-06-25,228,44,,,
2014-06-26,139,72,,,
2014-06-27,222,56,,,
2014-06-28,261,0,,,
2014-06-29,300,11,,,
2014-06-30,350,17,,,
2014-07-01,350,39,,,
2014-07-02,322,39,,,
2014-07-03,317,50,,,
2014-07-04,294,17,,,
2014-07-05,311,0,,,
2014-07-06,344,6,,,
2014-07-07,356,61,,,
2014-07-08,317,133,,,
2014-07-09,322,117,,,
2014-07-10,306,56,,,
2014-07-11,261,111,,,
2014-07-12,317,72,,,
2014-07-13,356,83,,,
2014-07-14,372,56,,,
2014-07-15,350,67,,,
2014-07-16,344,117,,,
2014-07-17,311,133,,,
2014-07-18,311,100,,,
2014-07-19,339,78,,,
2014-07-20,278,106,,,
2014-07-21,206,83,,,
2014-07-22,256,61,,,
2014-07-23,250,44,,,
2014-07-24,278,6,,,
2014-07-25,306,11,,,
2014-07-26,328,22,,,
2014-07-27,306,44,,,
2014-07-28,333,61,,,
2014-07-29,300,94,,,
2014-07-30,311,50,,,
2014-07-31,311,56,,,
2014-08-01,317,44,,,
2014-08-02,317,39,,,
2014-08-03,306,50,,,
2014-08-04,250,111,,,
2014-08-05,167,111,,,
2014-08-06,261,89,,,
2014-08-07,294,50,,,
2014-08-08,289,56,,,
2014-08-09,300,50,,,
2014-08-10,294,56,,,
2014-08-11,300,78,,,
2014-08-12,244,56,,,
2014-08-13,233,56,,,
2014-08-14,250,6,,,
2014-08-15,283,22,,,
2014-08-16,306,11,,,
2014-08-17,306,0,,,
2014-08-18,300,6,,,
2014-08-19,300,28,,,
2014-08-20,283,50,,,
2014-08-21,272,44,,,
2014-08-22,256,28,,,
2014-08-23,272,0,,,
2014-08-24,283,0,,,
2014-08-25,256,56,,,
2014-08-26,289,11,,,
2014-08-27,317,28,,,
2014-08-28,300,44,,,
2014-08-29,283,39,,,
2014-08-30,267,11,,,
2014-08-31,272,6,,,
2014-09-01,311,0,,,
2014-09-02,300,17,,,
2014-09-03,278,17,,,
2014-09-04,272,-28,,,
2014-09-05,289,-17,,,
2014-09-06,283,0,,,
2014-09-07,283,-11,,,
2014-09-08,261,-22,,,
2014-09-09,267,-11,,,
2014-09-10,300,-17,,,
2014-09-11,317,0,,,
2014-09-12,300,6,,,
2014-09-13,283,0,,,
2014-09-14,294,11,,,
2014-09-15,261,11,,,
2014-09-16,261,22,,,
2014-09-17,256,39,,,
2014-09-18,211,39,,,
2014-09-19,283,-6,,,
2014-09-20,311,17,,,
2014-09-21,250,67,,,
2014-09-22,261,11,,,
2014-09-23,233,56,,,
2014-09-24,233,33,,,
2014-09-25,150,6,,,
2014-09-26,172,-17,,,
2014-09-27,139,39,,,
2014-09-28,139,56,,,
2014-09-29,206,28,,,
2014-09-30,183,6,,,
2014-10-01,200,-44,,,
2014-10-02,261,-61,,,
2014-10-03,272,-39,,,
2014-10-04,300,-28,,,
2014-10-05,294,-28,,,
2014-10-06,306,-17,,,
2014-10-07,283,-22,,,
2014-10-08,239,-33,,,
2014-10-09,239,-33,,,
2014-10-10,239,-28,,,
2014-10-11,244,-17,,,
2014-10-12,211,-39,,,
2014-10-13,250,-39,,,
2014-10-14,194,61,,,
2014-10-15,117,0,,,
2014-10-16,156,0,,,
2014-10-17,150,-6,,,
2014-10-18,200,-39,,,
2014-10-19,194,-33,,,
2014-10-20,150,11,,,
2014-10-21,133,-22,,,
2014-10-22,172,-22,,,
2014-10-23,111,44,,,
2014-10-24,183,22,,,
2014-10-25,89,6,,,
2014-10-26,94,-33,,,
2014-10-27,122,-61,,,
2014-10-28,194,-50,,,
2014-10-29,200,-22,,,
2014-10-30,194,-11,,,
2014-10-31,100,17,,,
2014-11-01,61,-11,,,
2014-11-02,89,-44,,,
2014-11-03,117,-72,,,
2014-11-04,156,-22,,,
2014-11-05,172,-44,,,
2014-11-06,183,-11,,,
2014-11-07,206,-39,,,
2014-11-08,206,-39,,,
2014-11-09,217,-33,,,
2014-11-10,172,-78,,,
2014-11-11,156,-89,,,
2014-11-12,100,-17,,,
2014-11-13,106,-6,,,
2014-11-14,106,-17,,,
2014-11-15,83,-72,,,
2014-11-16,50,-106,,,
2014-11-17,83,-150,,,
2014-11-18,122,-128,,,
2014-11-19,83,-28,,,
2014-11-20,61,0,,,
2014-11-21,44,-11,,,
2014-11-22,72,-22,,,
2014-11-23,61,-61,,,
2014-11-24,111,-94,,,
2014-11-25,172,-67,,,
2014-11-26,172,-61,,,
2014-11-27,156,-33,,,
2014-11-28,106,-6,,,
2014-11-29,61,0,,,
2014-11-30,33,0,,,
2014-12-01,94,0,,,
2014-12-02,28,0,,,
2014-12-03,33,0,,,
2014-12-04,56,11,,,
2014-12-05,72,11,,,
2014-12-06,83,-22,,,
2014-12-07,89,-17,,,
2014-12-08,83,17,,,
2014-12-09,89,-6,,,
2014-12-10,83,-11,,,
2014-12-11,50,0,,,
2014-12-12,50,-17,,,
2014-12-13,28,-50,,,
2014-12-14,11,-61,,,
2014-12-15,6,-11,,,
2014-12-16,22,-11,,,
2014-12-17,39,-11,,,
2014-12-18,33,-17,,,
2014-12-19,33,0,,,
2014-12-20,44,6,,,
2014-12-21,106,11,,,
2014-12-22,122,-11,,,
2014-12-23,94,-39,,,
2014-12-24,56,-44,,,
2014-12-25,22,-67,,,
2014-12-26,33,-111,,,
2014-12-27,78,-150,,,
2014-12-28,78,-100,,,
2014-12-29,28,-150,,,
2014-12-30,-6,-144,,,
2014-12-31,39,-150,,,
2015-01-01,72,-178,,,
2015-01-02,100,-161,,,
2015-01-03,133,-117,,,
2015-01-04,111,-61,,,
2015-01-05,161,-56,,,
2015-01-06,144,-61,,,
2015-01-07,167,-72,,,
2015-01-08,144,-83,,,
2015-01-09,144,-50,,,
2015-01-10,100,-28,,,
2015-01-11,128,-44,,,
2015-01-12,72,-28,,,
2015-01-13,67,-72,,,
2015-01-14,61,-100,,,
2015-01-15,61,-61,,,
2015-01-16,78,0,,,
2015-01-17,83,11,,,
2015-01-18,111,-6,,,
2015-01-19,122,-39,,,
2015-01-20,83,-56,,,
2015-01-21,72,-78,,,
2015-01-22,111,-72,,,
2015-01-23,128,-67,,,
2015-01-24,150,-44,,,
2015-01-25,150,-39,,,
2015-01-26,150,-39,,,
2015-01-27,83,-22,,,
2015-01-28,133,-33,,,
2015-01-29,128,-56,,,
2015-01-30,128,-56,,,
2015-01-31,133,-67,,,
2015-02-01,156,-67,,,
2015-02-02,83,-22,,,
2015-02-03,122,-11,,,
2015-02-04,117,-17,,,
2015-02-05,122,28,,,
2015-02-06,83,0,,,
2015-02-07,78,11,,,
2015-02-08,61,6,,,
2015-02-09,72,-28,,,
2015-02-10,94,-33,,,
2015-02-11,106,-33,,,
2015-02-12,167,-28,,,
2015-02-13,167,-11,,,
2015-02-14,189,-28,,,
2015-02-15,139,-56,,,
2015-02-16,161,-67,,,
2015-02-17,194,-50,,,
2015-02-18,194,-56,,,
2015-02-19,178,-44,,,
2015-02-20,139,-61,,,
2015-02-21,122,-67,,,
2015-02-22,61,-44,,,
2015-02-23,67,-106,,,
2015-02-24,161,-111,,,
2015-02-25,144,-72,,,
2015-02-26,128,-28,,,
2015-02-27,83,-33,,,
2015-02-28,33,-44,,,
2015-03-01,83,-78,,,
2015-03-02,56,-78,,,
2015-03-03,94,-61,,,
2015-03-04,122,-106,,,
2015-03-05,167,-94,,,
2015-03-06,172,-83,,,
2015-03-07,200,-78,,,
2015-03-08,206,-67,,,
2015-03-09,206,-67,,,
2015-03-10,156,-61,,,
2015-03-11,83,0,,,
2015-03-12,161,-17,,,
2015-03-13,200,-17,,,
2015-03-14,167,28,,,
2015-03-15,167,22,,,
2015-03-16,144,0,,,
2015-03-17,144,-11,,,
2015-03-18,178,-44,,,
2015-03-19,206,-67,,,
2015-03-20,167,-50,,,
2015-03-21,161,-28,,,
2015-03-22,111,0,,,
2015-03-23,56,-11,,,
2015-03-24,89,-11,,,
2015-03-25,156,-39,,,
2015-03-26,222,-33,,,
2015-03-27,211,-22,,,
2015-03-28,200,-39,,,
2015-03-29,222,-67,,,
2015-03-30,217,-39,,,
2015-03-31,122,-61,,,
2015-04-01,111,-100,,,
2015-04-02,111,-56,,,
2015-04-03,144,-106,,,
2015-04-04,117,-39,,,
2015-04-05,33,-56,,,
2015-04-06,50,-78,,,
2015-04-07,39,-22,,,
2015-04-08,106,-78,,,
2015-04-09,144,-83,,,
2015-04-10,150,-61,,,
2015-04-11,139,-33,,,
2015-04-12,211,-67,,,
2015-04-13,178,-61,,,
2015-04-14,61,-39,,,
2015-04-15,144,-89,,,
2015-04-16,200,-78,,,
2015-04-17,233,-72,,,
2015-04-18,217,-39,,,
2015-04-19,239,-39,,,
2015-04-20,233,-44,,,
2015-04-21,233,-28,,,
2015-04-22,183,-6,,,
2015-04-23,189,-50,,,
2015-04-24,111,11,,,
2015-04-25,83,0,,,
2015-04-26,150,-28,,,
2015-04-27,217,-17,,,
2015-04-28,233,-39,,,
2015-04-29,222,-6,,,
2015-04-30,217,-33,,,
2015-05-01,244,-39,,,
2015-05-02,228,-28,,,
2015-05-03,222,-17,,,
2015-05-04,217,-22,,,
2015-05-05,194,-33,,,
2015-05-06,144,-28,,,
2015-05-07,122,-17,,,
2015-05-08,161,6,,,
2015-05-09,200,-6,,,
2015-05-10,217,-33,,,
2015-05-11,178,0,,,
2015-05-12,83,-28,,,
2015-05-13,122,-39,,,
2015-05-14,128,-44,,,
2015-05-15,78,11,,,
2015-05-16,161,0,,,
2015-05-17,150,-6,,,
2015-05-18,144,33,,,
2015-05-19,133,50,,,
2015-05-20,156,33,,,
2015-05-21,167,17,,,
2015-05-22,161,56,,,
2015-05-23,161,56,,,
2015-05-24,217,50,,,
2015-05-25,200,28,,,
2015-05-26,222,11,,,
2015-05-27,228,33,,,
2015-05-28,256,6,,,
2015-05-29,261,22,,,
2015-05-30,267,17,,,
2015-05-31,239,33,,,
2015-06-01,178,0,,,
2015-06-02,206,0,,,
2015-06-03,178,0,,,
2015-06-04,200,33,,,
2015-06-05,239,39,,,
2015-06-06,233,6,,,
2015-06-07,300,39,,,
2015-06-08,317,50,,,
2015-06-09,294,67,,,
2015-06-10,256,94,,,
2015-06-11,300,56,,,
2015-06-12,311,56,,,
2015-06-13,306,44,,,
2015-06-14,289,33,,,
2015-06-15,289,17,,,
2015-06-16,283,11,,,
2015-06-17,306,11,,,
2015-06-18,289,22,,,
2015-06-19,267,6,,,
2015-06-20,283,6,,,
2015-06-21,250,28,,,
2015-06-22,272,-11,,,
2015-06-23,300,0,,,
2015-06-24,328,33,,,
2015-06-25,356,61,,,
2015-06-26,361,78,,,
2015-06-27,322,89,,,
2015-06-28,306,100,,,
2015-06-29,333,106,,,
2015-06-30,339,61,,,
2015-07-01,350,67,,,
2015-07-02,350,106,,,
2015-07-03,306,122,,,
2015-07-04,289,78,,,
2015-07-05,289,106,,,
2015-07-06,306,67,,,
2015-07-07,283,67,,,
2015-07-08,239,56,,,
2015-07-09,217,78,,,
2015-07-10,206,78,,,
2015-07-11,222,78,,,
2015-07-12,211,61,,,
2015-07-13,250,17,,,
2015-07-14,261,22,,,
2015-07-15,294,39,,,
2015-07-16,300,67,,,
2015-07-17,294,50,,,
2015-07-18,272,106,,,
2015-07-19,283,67,,,
2015-07-20,294,72,,,
2015-07-21,272,83,,,
2015-07-22,267,67,,,
2015-07-23,261,17,,,
2015-07-24,261,-6,,,
2015-07-25,267,-6,,,
2015-07-26,261,17,,,
2015-07-27,256,11,,,
2015-07-28,294,0,,,
2015-07-29,333,6,,,
2015-07-30,344,50,,,
2015-07-31,322,61,,,
2015-08-01,333,83,,,
2015-08-02,244,100,,,
2015-08-03,300,50,,,
2015-08-04,289,22,,,
2015-08-05,261,56,,,
2015-08-06,289,0,,,
2015-08-07,267,83,,,
2015-08-08,267,44,,,
2015-08-09,289,6,,,
2015-08-10,278,56,,,
2015-08-11,272,28,,,
2015-08-12,278,11,,,
2015-08-13,283,0,,,
2015-08-14,261,22,,,
2015-08-15,311,-17,,,
2015-08-16,333,6,,,
2015-08-17,339,17,,,
2015-08-18,344,33,,,
2015-08-19,333,39,,,
2015-08-20,311,67,,,
2015-08-21,306,17,,,
2015-08-22,322,28,,,
2015-08-23,311,17,,,
2015-08-24,300,56,,,
2015-08-25,300,6,,,
2015-08-26,289,17,,,
2015-08-27,294,61,,,
2015-08-28,289,50,,,
2015-08-29,217,28,,,
2015-08-30,244,-11,,,
2015-08-31,283,-22,,,
2015-09-01,278,0,,,
2015-09-02,239,39,,,
2015-09-03,217,6,,,
2015-09-04,167,-28,,,
2015-09-05,194,-50,,,
2015-09-06,256,-39,,,
2015-09-07,283,-28,,,
2015-09-08,300,-17,,,
2015-09-09,317,11,,,
2015-09-10,322,28,,,
2015-09-11,350,50,,,
2015-09-12,339,44,,,
2015-09-13,300,100,,,
2015-09-14,217,78,,,
2015-09-15,144,44,,,
2015-09-16,122,11,,,
2015-09-17,183,0,,,
2015-09-18,256,-44,,,
2015-09-19,294,-22,,,
2015-09-20,300,-6,,,
2015-09-21,306,6,,,
2015-09-22,261,6,,,
2015-09-23,272,-22,,,
2015-09-24,283,6,,,
2015-09-25,278,-6,,,
2015-09-26,272,-6,,,
2015-09-27,272,-22,,,
2015-09-28,250,-17,,,
2015-09-29,239,-17,,,
2015-09-30,167,-39,,,
2015-10-01,128,44,,,
2015-10-02,206,11,,,
2015-10-03,167,-28,,,
2015-10-04,200,6,,,
2015-10-05,222,-11,,,
2015-10-06,239,-6,,,
2015-10-07,228,-6,,,
2015-10-08,267,44,,,
2015-10-09,272,6,,,
2015-10-10,233,-6,,,
2015-10-11,256,-11,,,
2015-10-12,283,-17,,,
2015-10-13,283,0,,,
2015-10-14,294,6,,,
2015-10-15,283,6,,,
2015-10-16,222,33,,,
2015-10-17,144,28,,,
2015-10-18,156,0,,,
2015-10-19,139,-11,,,
2015-10-20,178,-44,,,
2015-10-21,178,-56,,,
2015-10-22,194,-28,,,
2015-10-23,189,-61,,,
2015-10-24,178,-28,,,
2015-10-25,167,-17,,,
2015-10-26,206,-56,,,
2015-10-27,133,-22,,,
2015-10-28,117,11,,,
2015-10-29,133,-39,,,
2015-10-30,183,-56,,,
2015-10-31,189,-28,,,
2015-11-01,117,28,,,
2015-11-02,56,0,,,
2015-11-03,56,-22,,,
2015-11-04,61,-61,,,
2015-11-05,83,-83,,,
2015-11-06,111,-94,,,
2015-11-07,144,-83,,,
2015-11-08,39,-22,,,
2015-11-09,28,-39,,,
2015-11-10,50,-117,,,
2015-11-11,83,-167,,,
2015-11-12,94,-133,,,
2015-11-13,128,-106,,,
2015-11-14,117,-72,,,
2015-11-15,22,-50,,,
2015-11-16,28,-83,,,
2015-11-17,83,-100,,,
2015-11-18,117,-50,,,
2015-11-19,139,-56,,,
2015-11-20,100,-44,,,
2015-11-21,94,-44,,,
2015-11-22,128,-67,,,
2015-11-23,117,-56,,,
2015-11-24,33,-100,,,
2015-11-25,-22,-144,,,
2015-11-26,-6,-161,,,
2015-11-27,-6,-206,,,
2015-11-28,-22,-239,,,
2015-11-29,44,-239,,,
2015-11-30,50,-222,,,
2015-12-01,67,-161,,,
2015-12-02,78,-11,,,
2015-12-03,61,-6,,,
2015-12-04,61,-56,,,
2015-12-05,39,-89,,,
2015-12-06,39,-17,,,
2015-12-07,83,11,,,
2015-12-08,94,-11,,,
2015-12-09,94,22,,,
2015-12-10,56,-22,,,
2015-12-11,33,-89,,,
2015-12-12,0,-61,,,
2015-12-13,17,-72,,,
2015-12-14,-22,-106,,,
2015-12-15,28,-172,,,
2015-12-16,72,-189,,,
2015-12-17,33,-50,,,
2015-12-18,11,-6,,,
2015-12-19,28,-161,,,
2015-12-20,28,-156,,,
2015-12-21,39,-22,,,
2015-12-22,78,-6,,,
2015-12-23,11,-67,,,
2015-12-24,6,-150,,,
2015-12-25,-6,-183,,,
2015-12-26,-33,-267,,,
2015-12-27,0,-161,,,
2015-12-28,-17,-78,,,
2015-12-29,22,-172,,,
2015-12-30,0,-178,,,
2015-12-31,-39,-217,,,
2016-01-01,-56,-239,,,
2016-01-02,-33,-256,,,
2016-01-03,6,-94,,,
2016-01-04,33,-100,,,
2016-01-05,22,-50,,,
2016-01-06,0,-33,,,
2016-01-07,44,-89,,,
2016-01-08,33,-183,,,
2016-01-09,17,-44,,,
2016-01-10,6,-67,,,
2016-01-11,33,-56,,,
2016-01-12,39,-39,,,
2016-01-13,22,-100,,,
2016-01-14,-11,-156,,,
2016-01-15,33,-89,,,
2016-01-16,78,-33,,,
2016-01-17,50,-17,,,
2016-01-18,50,6,,,
2016-01-19,72,0,,,
2016-01-20,78,-39,,,
2016-01-21,94,-22,,,
2016-01-22,33,6,,,
2016-01-23,33,-22,,,
2016-01-24,33,-78,,,
2016-01-25,39,-83,,,
2016-01-26,50,-100,,,
2016-01-27,111,-72,,,
2016-01-28,56,-72,,,
2016-01-29,72,-11,,,
2016-01-30,44,-78,,,
2016-01-31,-22,-78,,,
2016-02-01,11,-156,,,
2016-02-02,-6,-150,,,
2016-02-03,11,-156,,,
2016-02-04,78,-122,,,
2016-02-05,94,-144,,,
2016-02-06,128,-78,,,
2016-02-07,122,-106,,,
2016-02-08,94,-83,,,
2016-02-09,128,-89,,,
2016-02-10,139,-83,,,
2016-02-11,144,-39,,,
2016-02-12,150,-67,,,
2016-02-13,150,-94,,,
2016-02-14,128,-33,,,
2016-02-15,144,-33,,,
2016-02-16,189,-67,,,
2016-02-17,72,-17,,,
2016-02-18,17,-28,,,
2016-02-19,17,-17,,,
2016-02-22,106,-106,,,
2016-02-23,89,-128,,,
2016-02-24,133,-56,,,
2016-02-25,167,-78,,,
2016-02-26,117,-44,,,
2016-02-27,94,-39,,,
2016-02-28,122,-50,,,
2016-02-29,122,-78,,,
2016-03-01,106,-17,,,
2016-03-02,111,-11,,,
2016-03-03,78,11,,,
2016-03-04,94,17,,,
2016-03-05,72,0,,,
2016-03-06,33,-28,,,
2016-03-07,11,-111,,,
2016-03-08,39,-161,,,
2016-03-09,78,-11,,,
2016-03-10,44,6,,,
2016-03-11,39,-11,,,
2016-03-12,6,-11,,,
2016-03-13,39,-6,,,
2016-03-14,72,-67,,,
2016-03-15,106,-106,,,
2016-03-16,139,-94,,,
2016-03-17,167,-78,,,
2016-03-18,178,-72,,,
2016-03-19,139,-33,,,
2016-03-20,67,11,,,
2016-03-21,17,-33,,,
2016-03-22,56,-78,,,
2016-03-23,117,-100,,,
2016-03-24,122,-44,,,
2016-03-25,122,-50,,,
2016-03-26,117,-61,,,
2016-03-27,106,-33,,,
2016-03-28,28,-39,,,
2016-03-29,44,-28,,,
2016-03-30,128,-33,,,
2016-03-31,161,-56,,,
2016-04-01,194,-33,,,
2016-04-02,178,-28,,,
2016-04-03,167,-44,,,
2016-04-04,150,-28,,,
2016-04-05,172,-44,,,
2016-04-06,217,-33,,,
2016-04-07,239,-22,,,
2016-04-08,211,-6,,,
2016-04-09,144,22,,,
2016-04-10,150,56,,,
2016-04-11,161,44,,,
2016-04-12,100,17,,,
2016-04-13,94,-11,,,
2016-04-14,50,-83,,,
2016-04-15,111,-28,,,
2016-04-16,167,-50,,,
2016-04-17,200,-33,,,
2016-04-18,228,-33,,,
2016-04-19,222,-17,,,
2016-04-20,183,-6,,,
2016-04-21,167,-33,,,
2016-04-22,78,6,,,
2016-04-23,100,0,,,
2016-04-24,94,-11,,,
2016-04-25,83,-33,,,
2016-04-26,122,-50,,,
2016-04-27,94,6,,,
2016-04-28,122,6,,,
2016-04-29,139,-17,,,
2016-04-30,133,0,,,
2016-05-01,172,-17,,,
2016-05-02,183,-22,,,
2016-05-03,172,0,,,
2016-05-04,183,28,,,
2016-05-05,128,6,,,
2016-05-06,144,50,,,
2016-05-07,122,67,,,
2016-05-08,189,72,,,
2016-05-09,172,44,,,
2016-05-10,178,6,,,
2016-05-11,217,-28,,,
2016-05-12,228,-11,,,
2016-05-13,233,11,,,
2016-05-14,150,33,,,
2016-05-15,161,28,,,
2016-05-16,161,0,,,
2016-05-17,222,0,,,
2016-05-18,244,6,,,
2016-05-19,167,39,,,
2016-05-20,50,0,,,
2016-05-21,89,-17,,,
2016-05-22,94,-28,,,
2016-05-23,111,-33,,,
2016-05-24,139,28,,,
2016-05-25,161,6,,,
2016-05-26,189,6,,,
2016-05-27,183,-17,,,
2016-05-28,217,-11,,,
2016-05-29,233,0,,,
2016-05-30,250,11,,,
2016-05-31,278,11,,,
2016-06-01,261,22,,,
2016-06-02,267,44,,,
2016-06-03,294,6,,,
2016-06-04,294,50,,,
2016-06-05,267,100,,,
2016-06-06,294,50,,,
2016-06-07,289,72,,,
2016-06-08,244,44,,,
2016-06-09,222,-6,,,
2016-06-10,194,22,,,
2016-06-11,217,0,,,
2016-06-12,239,-6,,,
2016-06-13,222,-6,,,
2016-06-14,172,6,,,
2016-06-15,122,0,,,
2016-06-16,128,17,,,
2016-06-17,133,44,,,
2016-06-18,183,17,,,
2016-06-19,233,-22,,,
2016-06-20,261,-6,,,
2016-06-21,289,6,,,
2016-06-22,272,22,,,
2016-06-23,250,11,,,
2016-06-24,239,17,,,
2016-06-25,289,-11,,,
2016-06-26,300,28,,,
2016-06-27,306,22,,,
2016-06-28,311,22,,,
2016-06-29,306,17,,,
2016-06-30,311,50,,,
2016-07-01,317,56,,,
2016-07-02,300,67,,,
2016-07-03,283,50,,,
2016-07-04,272,50,,,
2016-07-05,256,28,,,
2016-07-06,250,28,,,
2016-07-07,272,22,,,
2016-07-08,239,33,,,
2016-07-09,217,39,,,
2016-07-10,178,17,,,
2016-07-11,244,-28,,,
2016-07-12,250,6,,,
2016-07-13,300,6,,,
2016-07-14,306,17,,,
2016-07-15,294,33,,,
2016-07-16,283,28,,,
2016-07-17,256,22,,,
2016-07-18,228,0,,,
2016-07-19,239,-17,,,
2016-07-20,261,-11,,,
2016-07-21,267,6,,,
2016-07-22,278,-22,,,
2016-07-23,317,11,,,
2016-07-24,322,17,,,
2016-07-25,317,33,,,
2016-07-26,339,39,,,
2016-07-27,344,67,,,
2016-07-28,356,61,,,
2016-07-29,350,83,,,
2016-07-30,339,72,,,
2016-07-31,311,61,,,
2016-08-01,311,28,,,
2016-08-02,306,22,,,
2016-08-03,317,6,,,
2016-08-04,294,22,,,
2016-08-05,278,33,,,
2016-08-06,267,11,,,
2016-08-07,261,11,,,
2016-08-08,256,0,,,
2016-08-09,244,6,,,
2016-08-10,256,22,,,
2016-08-11,300,17,,,
2016-08-12,328,33,,,
2016-08-13,322,44,,,
2016-08-14,300,28,,,
2016-08-15,317,17,,,
2016-08-16,322,50,,,
2016-08-17,328,72,,,
2016-08-18,328,61,,,
2016-08-19,339,61,,,
2016-08-20,333,72,,,
2016-08-21,317,67,,,
2016-08-22,300,44,,,
2016-08-23,283,33,,,
2016-08-24,289,6,,,
2016-08-25,289,6,,,
2016-08-26,289,6,,,
2016-08-27,294,11,,,
2016-08-28,289,6,,,
2016-08-29,261,6,,,
2016-08-30,267,72,,,
2016-08-31,261,17,,,
2016-09-01,256,-28,,,
2016-09-02,233,6,,,
2016-09-03,217,-22,,,
2016-09-04,189,0,,,
2016-09-05,233,-50,,,
2016-09-06,239,-33,,,
2016-09-07,272,-11,,,
2016-09-08,278,0,,,
2016-09-09,289,-11,,,
2016-09-10,306,-6,,,
2016-09-11,278,11,,,
2016-09-12,206,0,,,
2016-09-13,194,-33,,,
2016-09-14,206,-39,,,
2016-09-15,244,-44,,,
2016-09-16,261,-39,,,
2016-09-17,283,-11,,,
2016-09-18,278,11,,,
2016-09-19,272,28,,,
2016-09-20,244,72,,,
2016-09-21,194,6,,,
2016-09-22,106,-6,,,
2016-09-23,178,-56,,,
2016-09-24,250,-50,,,
2016-09-25,267,-28,,,
2016-09-26,294,0,,,
2016-09-27,300,6,,,
2016-09-28,289,6,,,
2016-09-29,250,0,,,
2016-09-30,206,-17,,,
2016-10-01,167,-67,,,
2016-10-02,89,-100,,,
2016-10-03,44,-44,,,
2016-10-04,111,-28,,,
2016-10-05,122,-39,,,
2016-10-06,178,-72,,,
2016-10-07,228,-50,,,
2016-10-08,239,-44,,,
2016-10-09,233,-39,,,
2016-10-10,206,0,,,
2016-10-11,206,-44,,,
2016-10-12,217,-56,,,
2016-10-13,167,39,,,
2016-10-14,94,50,,,
2016-10-15,89,28,,,
2016-10-16,89,11,,,
2016-10-17,94,0,,,
2016-10-18,89,-39,,,
2016-10-19,139,-56,,,
2016-10-20,200,-44,,,
2016-10-21,194,-39,,,
2016-10-22,156,-56,,,
2016-10-23,150,-50,,,
2016-10-24,94,44,,,
2016-10-25,83,56,,,
2016-10-26,133,56,,,
2016-10-27,94,67,,,
2016-10-28,78,67,,,
2016-10-29,111,50,,,
2016-10-30,83,6,,,
2016-10-31,56,0,,,
2016-11-01,67,-33,,,
2016-11-02,117,-67,,,
2016-11-03,133,-50,,,
2016-11-04,172,-39,,,
2016-11-05,150,-56,,,
2016-11-06,100,39,,,
2016-11-07,139,22,,,
2016-11-08,194,-11,,,
2016-11-09,194,-28,,,
2016-11-10,194,-39,,,
2016-11-11,161,-33,,,
2016-11-12,117,0,,,
2016-11-13,150,-33,,,
2016-11-14,167,-33,,,
2016-11-15,94,-11,,,
2016-11-16,33,-56,,,
2016-11-17,61,-106,,,
2016-11-18,89,-89,,,
2016-11-19,56,-6,,,
2016-11-20,44,0,,,
2016-11-21,67,-72,,,
2016-11-22,39,-89,,,
2016-11-23,33,-117,,,
2016-11-24,44,-133,,,
2016-11-25,39,-122,,,
2016-11-26,33,-33,,,
2016-11-27,22,-39,,,
2016-11-28,39,-83,,,
2016-11-29,50,-150,,,
2016-11-30,33,-128,,,
2016-12-01,33,-172,,,
2016-12-02,28,-189,,,
2016-12-03,111,-156,,,
2016-12-04,89,-100,,,
2016-12-05,61,-144,,,
2016-12-06,6,-189,,,
2016-12-07,-44,-206,,,
2016-12-08,50,-56,,,
2016-12-09,72,22,,,
2016-12-10,61,-56,,,
2016-12-11,39,-117,,,
2016-12-12,94,-106,,,
2016-12-13,50,-56,,,
2016-12-14,56,6,,,
2016-12-15,44,0,,,
2016-12-16,0,-100,,,
2016-12-17,17,-156,,,
2016-12-18,-6,-167,,,
2016-12-19,56,-144,,,
2016-12-20,89,-83,,,
2016-12-21,50,-50,,,
2016-12-22,67,-83,,,
2016-12-23,6,-89,,,
2016-12-24,-33,-150,,,
2016-12-25,-6,-244,,,
2016-12-26,-6,-267,,,
2016-12-27,56,-122,,,
2016-12-28,83,-167,,,
2016-12-29,78,-167,,,
2016-12-30,133,-156,,,
2016-12-31,72,-122,,,
2017-01-01,17,-183,,,
2017-01-02,-33,-78,,,
2017-01-03,0,-44,,,
2017-01-04,17,-61,,,
2017-01-05,-28,-228,,,
2017-01-06,-50,-250,,,
2017-01-07,28,-100,,,
2017-01-08,61,11,,,
2017-01-09,33,-17,,,
2017-01-10,17,-6,,,
2017-01-11,39,-39,,,
2017-01-12,-6,-128,,,
2017-01-13,11,-194,,,
2017-01-14,-11,-122,,,
2017-01-15,22,-72,,,
2017-01-16,83,-111,,,
2017-01-17,439,-128,,,
2017-01-18,100,-100,,,
2017-01-19,89,-33,,,
2017-01-20,17,-39,,,
2017-01-21,22,-50,,,
2017-01-22,11,-50,,,
2017-01-23,11,-139,,,
2017-01-24,17,-194,,,
2017-01-25,6,-178,,,
2017-01-26,44,-167,,,
2017-01-27,33,-217,,,
2017-01-28,61,-200,,,
2017-01-29,72,-172,,,
2017-01-30,128,-161,,,
2017-01-31,50,-139,,,
2017-02-01,78,-111,,,
2017-02-02,50,-6,,,
2017-02-03,67,11,,,
2017-02-04,67,17,,,
2017-02-05,61,0,,,
2017-02-06,61,6,,,
2017-02-07,94,6,,,
2017-02-08,89,33,,,
2017-02-09,72,17,,,
2017-02-10,72,-11,,,
2017-02-11,100,-61,,,
2017-02-12,67,-111,,,
2017-02-13,78,-72,,,
2017-02-14,128,-100,,,
2017-02-15,89,-61,,,
2017-02-16,61,-11,,,
2017-02-17,22,-6,,,
2017-02-18,61,0,,,
2017-02-19,28,-11,,,
2017-02-20,28,0,,,
2017-02-21,44,-39,,,
2017-02-22,33,-111,,,
2017-02-23,22,-183,,,
2017-02-24,0,-244,,,
2017-02-25,50,-178,,,
2017-02-26,17,-222,,,
2017-02-27,22,-211,,,
2017-02-28,67,-156,,,
2017-03-01,128,-206,,,
2017-03-02,144,-183,,,
2017-03-03,106,-111,,,
2017-03-04,39,-39,,,
2017-03-05,-6,-139,,,
2017-03-06,11,-78,,,
2017-03-07,39,-33,,,
2017-03-08,117,6,,,
2017-03-09,161,11,,,
2017-03-10,167,-17,,,
2017-03-11,183,-50,,,
2017-03-12,217,-78,,,
2017-03-13,217,-83,,,
2017-03-14,167,-72,,,
2017-03-15,122,17,,,
2017-03-16,139,-11,,,
2017-03-17,167,-39,,,
2017-03-18,106,28,,,
2017-03-19,139,11,,,
2017-03-20,117,11,,,
2017-03-21,78,22,,,
2017-03-22,72,0,,,
2017-03-23,106,-50,,,
2017-03-24,61,6,,,
2017-03-25,111,-56,,,
2017-03-26,56,-50,,,
2017-03-27,83,-44,,,
2017-03-28,128,-39,,,
2017-03-29,150,-33,,,
2017-03-30,56,-11,,,
2017-03-31,117,-33,,,
2017-04-01,200,-39,,,
2017-04-02,167,0,,,
2017-04-03,150,-28,,,
2017-04-04,178,-11,,,
2017-04-05,150,11,,,
2017-04-06,72,22,,,
2017-04-07,61,0,,,
2017-04-08,72,-50,,,
2017-04-09,72,-67,,,
2017-04-10,100,-11,,,
2017-04-11,50,17,,,
2017-04-12,100,22,,,
2017-04-13,72,-22,,,
2017-04-14,72,-72,,,
2017-04-15,139,-44,,,
2017-04-16,122,11,,,
2017-04-17,106,44,,,
2017-04-18,128,-6,,,
2017-04-19,117,-22,,,
2017-04-20,106,-11,,,
2017-04-21,178,-28,,,
2017-04-22,156,-11,,,
2017-04-23,139,-22,,,
2017-04-24,100,11,,,
2017-04-25,111,-6,,,
2017-04-26,139,50,,,
2017-04-27,122,-6,,,
2017-04-28,117,-33,,,
2017-04-29,178,-39,,,
2017-04-30,189,-17,,,
2017-05-01,211,-17,,,
2017-05-02,200,6,,,
2017-05-03,239,11,,,
2017-05-04,244,22,,,
2017-05-05,189,44,,,
2017-05-06,94,11,,,
2017-05-07,194,-11,,,
2017-05-08,183,-28,,,
2017-05-09,233,33,,,
2017-05-10,222,-6,,,
2017-05-11,167,50,,,
2017-05-12,89,-28,,,
2017-05-13,117,-44,,,
2017-05-14,100,-50,,,
2017-05-15,133,-50,,,
2017-05-16,89,-11,,,
2017-05-17,117,-28,,,
2017-05-18,189,-44,,,
2017-05-19,233,-28,,,
2017-05-20,239,6,,,
2017-05-21,244,0,,,
2017-05-22,261,22,,,
2017-05-23,283,28,,,
2017-05-24,250,17,,,
2017-05-25,217,33,,,
2017-05-26,206,17,,,
2017-05-27,228,-6,,,
2017-05-28,267,-6,,,
2017-05-29,261,22,,,
2017-05-30,244,22,,,
2017-05-31,156,28,,,
2017-06-01,206,22,,,
2017-06-02,250,-6,,,
2017-06-03,239,28,,,
2017-06-04,228,6,,,
2017-06-05,244,-11,,,
2017-06-06,261,0,,,
2017-06-07,211,17,,,
2017-06-08,139,17,,,
2017-06-09,133,0,,,
2017-06-10,128,11,,,
2017-06-11,83,0,,,
2017-06-12,94,22,,,
2017-06-13,194,28,,,
2017-06-14,217,-11,,,
2017-06-15,233,17,,,
2017-06-16,272,56,,,
2017-06-17,267,61,,,
2017-06-18,311,61,,,
2017-06-19,339,94,,,
2017-06-20,322,83,,,
2017-06-21,306,89,,,
2017-06-22,306,56,,,
2017-06-23,317,50,,,
2017-06-24,328,67,,,
2017-06-25,317,94,,,
2017-06-26,272,61,,,
2017-06-27,267,17,,,
2017-06-28,267,39,,,
2017-06-29,283,28,,,
2017-06-30,300,44,,,
2017-07-01,289,67,,,
2017-07-02,311,61,,,
2017-07-03,317,61,,,
2017-07-04,289,33,,,
2017-07-05,300,17,,,
2017-07-06,311,39,,,
2017-07-07,317,39,,,
2017-07-08,328,44,,,
2017-07-09,317,61,,,
2017-07-10,306,22,,,
2017-07-11,300,50,,,
2017-07-12,306,33,,,
2017-07-13,300,33,,,
2017-07-14,306,28,,,
2017-07-15,306,44,,,
2017-07-16,317,39,,,
2017-07-17,289,33,,,
2017-07-18,267,33,,,
2017-07-19,283,-22,,,
2017-07-20,283,6,,,
2017-07-21,294,17,,,
2017-07-22,328,50,,,
2017-07-23,328,67,,,
2017-07-24,300,61,,,
2017-07-25,300,78,,,
2017-07-26,278,67,,,
2017-07-27,300,39,,,
2017-07-28,322,50,,,
2017-07-29,322,33,,,
2017-07-30,328,72,,,
2017-07-31,356,78,,,
2017-08-01,356,89,,,
2017-08-02,344,89,,,
2017-08-03,344,83,,,
2017-08-04,317,111,,,
2017-08-05,272,83,,,
2017-08-06,272,72,,,
2017-08-07,256,50,,,
2017-08-08,300,50,,,
2017-08-09,294,61,,,
2017-08-10,283,33,,,
2017-08-11,278,28,,,
2017-08-12,278,44,,,
2017-08-13,283,33,,,
2017-08-14,250,100,,,
2017-08-15,261,44,,,
2017-08-16,300,56,,,
2017-08-17,317,39,,,
2017-08-18,322,44,,,
2017-08-19,311,50,,,
2017-08-20,317,44,,,
2017-08-21,328,56,,,
2017-08-22,272,78,,,
2017-08-23,283,67,,,
2017-08-24,289,22,,,
2017-08-25,294,-6,,,
2017-08-26,322,22,,,
2017-08-27,328,44,,,
2017-08-28,322,61,,,
2017-08-29,322,39,,,
2017-08-30,300,44,,,
2017-08-31,300,0,,,
2017-09-01,322,17,,,
2017-09-02,344,39,,,
2017-09-03,367,56,,,
2017-09-04,339,94,,,
2017-09-05,339,61,,,
2017-09-06,294,111,,,
2017-09-07,222,72,,,
2017-09-08,261,44,,,
2017-09-09,272,28,,,
2017-09-10,294,28,,,
2017-09-11,300,44,,,
2017-09-12,278,83,,,
2017-09-13,261,33,,,
2017-09-14,211,33,,,
2017-09-15,200,-17,,,
2017-09-16,200,-33,,,
2017-09-17,222,-39,,,
2017-09-18,167,39,,,
2017-09-19,156,-28,,,
2017-09-20,128,11,,,
2017-09-21,83,-6,,,
2017-09-22,89,-50,,,
2017-09-23,144,-83,,,
2017-09-24,172,-67,,,
2017-09-25,194,-56,,,
2017-09-26,206,-39,,,
2017-09-27,222,-39,,,
2017-09-28,239,-44,,,
2017-09-29,189,-11,,,
2017-09-30,189,-39,,,
2017-10-01,133,-33,,,
2017-10-02,133,-72,,,
2017-10-03,128,-50,,,
2017-10-04,167,-89,,,
2017-10-05,189,-78,,,
2017-10-06,239,-72,,,
2017-10-07,239,-44,,,
2017-10-08,133,-28,,,
2017-10-09,150,-39,,,
2017-10-10,172,-83,,,
2017-10-11,111,-67,,,
2017-10-12,139,-133,,,
2017-10-13,139,-111,,,
2017-10-14,144,-89,,,
2017-10-15,217,-117,,,
2017-10-16,244,-78,,,
2017-10-17,228,-67,,,
2017-10-18,233,-83,,,
2017-10-19,139,-39,,,
2017-10-20,44,-50,,,
2017-10-21,89,-67,,,
2017-10-22,183,-28,,,
2017-10-23,217,-28,,,
2017-10-24,217,-22,,,
2017-10-25,250,-39,,,
2017-10-26,239,-50,,,
2017-10-27,228,-44,,,
2017-10-28,228,-44,,,
2017-10-29,244,-39,,,
2017-10-30,183,-39,,,
2017-10-31,172,-72,,,
2017-11-01,200,-72,,,
2017-11-02,117,-39,,,
2017-11-03,39,11,,,
2017-11-04,61,0,,,
2017-11-05,50,-11,,,
2017-11-06,61,-61,,,
2017-11-07,89,-89,,,
2017-11-08,61,-6,,,
2017-11-09,72,22,,,
2017-11-10,61,6,,,
2017-11-11,100,-28,,,
2017-11-12,78,-22,,,
2017-11-13,83,28,,,
2017-11-14,72,-11,,,
2017-11-15,22,0,,,
2017-11-16,67,-6,,,
2017-11-17,44,-106,,,
2017-11-18,78,-128,,,
2017-11-19,83,-94,,,
2017-11-20,83,17,,,
2017-11-21,128,-11,,,
2017-11-22,172,-28,,,
2017-11-23,133,-6,,,
2017-11-24,117,0,,,
2017-11-25,144,0,,,
2017-11-26,106,11,,,
2017-11-27,33,-50,,,
2017-11-28,89,-67,,,
2017-11-29,67,-78,,,
2017-11-30,89,-67,,,
2017-12-01,100,-67,,,
2017-12-02,72,-72,,,
2017-12-03,17,-133,,,
2017-12-04,17,-178,,,
2017-12-05,28,-172,,,
2017-12-06,44,-150,,,
2017-12-07,78,-144,,,
2017-12-08,100,-133,,,
2017-12-09,83,-133,,,
2017-12-10,83,-150,,,
2017-12-11,94,-139,,,
2017-12-12,94,-161,,,
2017-12-13,122,-139,,,
2017-12-14,89,-117,,,
2017-12-15,122,-94,,,
2017-12-16,22,-61,,,
2017-12-17,44,-106,,,
2017-12-18,133,-94,,,
2017-12-19,89,-67,,,
2017-12-20,6,-100,,,
2017-12-21,17,-161,,,
2017-12-22,39,-122,,,
2017-12-23,106,-50,,,
2017-12-24,44,-50,,,
2017-12-25,106,-67,,,
2017-12-26,122,-106,,,
2017-12-27,111,-106,,,
2017-12-28,144,-100,,,
2017-12-29,156,-78,,,
2017-12-30,150,-44,,,
2017-12-31,100,-67,,,
2018-01-01,139,-44,,,
2018-01-02,94,-67,,,
2018-01-03,94,-22,,,
2018-01-04,61,6,,,
2018-01-05,78,17,,,
2018-01-06,72,-56,,,
2018-01-07,83,-83,,,
2018-01-08,33,11,,,
2018-01-09,72,11,,,
2018-01-10,78,-11,,,
2018-01-11,94,-33,,,
2018-01-12,94,-44,,,
2018-01-13,111,-67,,,
2018-01-14,94,-50,,,
2018-01-15,111,-44,,,
2018-01-16,67,-6,,,
2018-01-17,111,-6,,,
2018-01-18,61,-11,,,
2018-01-19,17,-117,,,
2018-01-20,17,-144,,,
2018-01-21,17,-111,,,
2018-01-22,50,-50,,,
2018-01-23,56,-72,,,
2018-01-24,33,-28,,,
2018-01-25,17,-106,,,
2018-01-26,22,-183,,,
2018-01-27,56,-56,,,
2018-01-28,89,-106,,,
2018-01-29,144,-67,,,
2018-01-30,144,-72,,,
2018-01-31,128,-100,,,
2018-02-01,144,-44,,,
2018-02-02,161,-72,,,
2018-02-03,156,-61,,,
2018-02-04,150,-61,,,
2018-02-05,139,-44,,,
2018-02-06,117,-72,,,
2018-02-07,139,-72,,,
2018-02-08,183,-56,,,
2018-02-09,117,-50,,,
2018-02-10,56,-67,,,
2018-02-11,50,-117,,,
2018-02-12,11,-89,,,
2018-02-13,56,-111,,,
2018-02-14,56,-100,,,
2018-02-15,50,-156,,,
2018-02-16,100,-106,,,
2018-02-17,139,-83,,,
2018-02-18,39,-89,,,
2018-02-19,-22,-122,,,
2018-02-20,-6,-161,,,
2018-02-21,28,-150,,,
2018-02-22,-6,-117,,,
2018-02-23,6,-144,,,
2018-02-24,6,-144,,,
2018-02-25,50,-139,,,
2018-02-26,0,-144,,,
2018-02-27,17,-250,,,
2018-02-28,11,-183,,,
2018-03-01,0,-61,,,
2018-03-02,-33,-150,,,
2018-03-03,-6,-94,,,
2018-03-04,17,-183,,,
2018-03-05,67,-228,,,
2018-03-06,100,-172,,,
2018-03-07,100,-89,,,
2018-03-08,61,-33,,,
2018-03-09,72,-61,,,
2018-03-10,44,-72,,,
2018-03-11,111,-44,,,
2018-03-12,111,-72,,,
2018-03-13,56,-22,,,
2018-03-14,50,-94,,,
2018-03-15,-6,-122,,,
2018-03-16,44,-94,,,
2018-03-17,39,-111,,,
2018-03-18,56,-189,,,
2018-03-19,67,-128,,,
2018-03-20,50,-50,,,
2018-03-21,72,6,,,
2018-03-22,72,-6,,,
2018-03-23,44,-28,,,
2018-03-24,22,-89,,,
2018-03-25,39,-128,,,
2018-03-26,83,-156,,,
2018-03-27,156,-83,,,
2018-03-28,161,-50,,,
2018-03-29,172,-50,,,
2018-03-30,183,-50,,,
2018-03-31,161,-39,,,
2018-04-01,167,-44,,,
2018-04-02,111,-50,,,
2018-04-03,161,-83,,,
2018-04-04,156,6,,,
2018-04-05,111,6,,,
2018-04-06,78,22,,,
2018-04-07,83,11,,,
2018-04-08,122,-28,,,
2018-04-09,189,-44,,,
2018-04-10,133,6,,,
2018-04-11,72,-39,,,
2018-04-12,28,-89,,,
2018-04-13,122,-83,,,
2018-04-14,156,-39,,,
2018-04-15,89,-33,,,
2018-04-16,33,-50,,,
2018-04-17,72,-67,,,
2018-04-18,33,-44,,,
2018-04-19,61,-28,,,
2018-04-20,178,-44,,,
2018-04-21,211,-28,,,
2018-04-22,189,-28,,,
2018-04-23,194,-39,,,
2018-04-24,206,-33,,,
2018-04-25,239,-17,,,
2018-04-26,256,-11,,,
2018-04-27,122,6,,,
2018-04-28,83,-11,,,
2018-04-29,56,-28,,,
2018-04-30,89,-56,,,
2018-05-01,133,-28,,,
2018-05-02,178,-50,,,
2018-05-03,211,-33,,,
2018-05-04,217,-17,,,
2018-05-05,194,11,,,
2018-05-06,200,-11,,,
2018-05-07,244,-28,,,
2018-05-08,250,6,,,
2018-05-09,206,22,,,
2018-05-10,183,-22,,,
2018-05-11,128,-6,,,
2018-05-12,139,22,,,
2018-05-13,194,0,,,
2018-05-14,211,28,,,
2018-05-15,172,6,,,
2018-05-16,161,6,,,
2018-05-17,150,67,,,
2018-05-18,194,17,,,
2018-05-19,206,0,,,
2018-05-20,167,11,,,
2018-05-21,189,-11,,,
2018-05-22,206,6,,,
2018-05-23,178,28,,,
2018-05-24,222,44,,,
2018-05-25,83,39,,,
2018-05-26,133,39,,,
2018-05-27,194,11,,,
2018-05-28,233,22,,,
2018-05-29,244,28,,,
2018-05-30,206,33,,,
2018-05-31,122,17,,,
2018-06-01,222,-22,,,
2018-06-02,272,-6,,,
2018-06-03,272,28,,,
2018-06-04,239,33,,,
2018-06-05,244,0,,,
2018-06-06,239,-6,,,
2018-06-07,222,11,,,
2018-06-08,228,-6,,,
2018-06-09,133,-17,,,
2018-06-10,189,-50,,,
2018-06-11,250,-22,,,
2018-06-12,289,0,,,
2018-06-13,272,17,,,
2018-06-14,261,28,,,
2018-06-15,217,28,,,
2018-06-16,217,-6,,,
2018-06-17,144,44,,,
2018-06-18,194,11,,,
2018-06-19,239,11,,,
2018-06-20,261,33,,,
2018-06-21,272,17,,,
2018-06-22,278,17,,,
2018-06-23,272,28,,,
2018-06-24,311,17,,,
2018-06-25,283,39,,,
2018-06-26,289,33,,,
2018-06-27,278,6,,,
2018-06-28,233,44,,,
2018-06-29,244,17,,,
2018-06-30,283,44,,,
2018-07-01,311,28,,,
2018-07-02,283,50,,,
2018-07-03,250,28,,,
2018-07-04,250,0,,,
2018-07-05,244,11,,,
2018-07-06,233,39,,,
2018-07-07,283,11,,,
2018-07-08,289,39,,,
2018-07-09,294,6,,,
2018-07-10,306,17,,,
2018-07-11,317,33,,,
2018-07-12,333,50,,,
2018-07-13,311,67,,,
2018-07-14,322,111,,,
2018-07-15,311,100,,,
2018-07-16,294,67,,,
2018-07-17,322,56,,,
2018-07-18,328,67,,,
2018-07-19,328,44,,,
2018-07-20,328,50,,,
2018-07-21,311,50,,,
2018-07-22,289,67,,,
2018-07-23,317,94,,,
2018-07-24,328,83,,,
2018-07-25,328,78,,,
2018-07-26,333,72,,,
2018-07-27,328,61,,,
2018-07-28,311,56,,,
2018-07-29,339,39,,,
2018-07-30,333,78,,,
2018-07-31,333,44,,,
2018-08-01,322,56,,,
2018-08-02,306,28,,,
2018-08-03,289,28,,,
2018-08-04,261,11,,,
2018-08-05,261,0,,,
2018-08-06,306,17,,,
2018-08-07,333,39,,,
2018-08-08,333,44,,,
2018-08-09,350,44,,,
2018-08-10,328,44,,,
2018-08-11,311,50,,,
2018-08-12,317,33,,,
2018-08-13,311,11,,,
2018-08-14,328,28,,,
2018-08-15,311,94,,,
2018-08-16,289,39,,,
2018-08-17,294,17,,,
2018-08-18,306,17,,,
2018-08-19,311,28,,,
2018-08-20,283,28,,,
2018-08-21,278,17,,,
2018-08-22,283,11,,,
2018-08-23,278,-22,,,
2018-08-24,250,-28,,,
2018-08-25,267,-22,,,
2018-08-26,244,6,,,
2018-08-27,256,6,,,
2018-08-28,272,6,,,
2018-08-29,278,22,,,
2018-08-30,250,-17,,,
2018-08-31,256,6,,,
2018-09-01,289,-11,,,
2018-09-02,306,6,,,
2018-09-03,294,22,,,
2018-09-04,300,17,,,
2018-09-05,289,22,,,
2018-09-06,283,6,,,
2018-09-07,300,-6,,,
2018-09-08,278,11,,,
2018-09-09,289,-28,,,
2018-09-10,267,-17,,,
2018-09-11,239,-28,,,
2018-09-12,178,-11,,,
2018-09-13,189,-33,,,
2018-09-14,200,-72,,,
2018-09-15,183,-44,,,
2018-09-16,222,-83,,,
2018-09-17,228,-61,,,
2018-09-18,222,-61,,,
2018-09-19,211,-44,,,
2018-09-20,244,-61,,,
2018-09-21,272,-39,,,
2018-09-22,250,-28,,,
2018-09-23,222,-22,,,
2018-09-24,239,-50,,,
2018-09-25,256,-61,,,
2018-09-26,300,-50,,,
2018-09-27,311,-28,,,
2018-09-28,278,-22,,,
2018-09-29,178,-6,,,
2018-09-30,189,22,,,
2018-10-01,156,39,,,
2018-10-02,189,17,,,
2018-10-03,183,-22,,,
2018-10-04,122,-6,,,
2018-10-05,139,6,,,
2018-10-06,111,17,,,
2018-10-07,150,-28,,,
2018-10-08,167,-28,,,
2018-10-09,172,-22,,,
2018-10-10,144,-61,,,
2018-10-11,150,-67,,,
2018-10-12,194,-67,,,
2018-10-13,206,-61,,,
2018-10-14,122,-106,,,
2018-10-15,172,-89,,,
2018-10-16,189,-94,,,
2018-10-17,200,-78,,,
2018-10-18,217,-72,,,
2018-10-19,217,-67,,,
2018-10-20,217,-67,,,
2018-10-21,200,-72,,,
2018-10-22,200,-72,,,
2018-10-23,156,-83,,,
2018-10-24,172,-39,,,
2018-10-25,211,-50,,,
2018-10-26,222,-33,,,
2018-10-27,211,-22,,,
2018-10-28,156,-22,,,
2018-10-29,106,-67,,,
2018-10-30,117,-117,,,
2018-10-31,156,-89,,,
2018-11-01,200,-28,,,
2018-11-02,189,-72,,,
2018-11-03,189,-72,,,
2018-11-04,183,-44,,,
2018-11-05,156,-100,,,
2018-11-06,156,-150,,,
2018-11-07,122,-128,,,
2018-11-08,89,-117,,,
2018-11-09,128,-172,,,
2018-11-10,144,-133,,,
2018-11-11,100,-156,,,
2018-11-12,117,-161,,,
2018-11-13,106,-122,,,
2018-11-14,172,-128,,,
2018-11-15,172,-111,,,
2018-11-16,172,-117,,,
2018-11-17,156,-117,,,
2018-11-18,144,-144,,,
2018-11-19,133,-150,,,
2018-11-20,133,-150,,,
2018-11-21,72,-39,,,
2018-11-22,39,-11,,,
2018-11-23,67,6,,,
2018-11-24,89,-33,,,
2018-11-25,83,-50,,,
2018-11-26,67,-56,,,
2018-11-27,50,0,,,
2018-11-28,78,0,,,
2018-11-29,28,-6,,,
2018-11-30,28,-61,,,
2018-12-01,28,-50,,,
2018-12-02,28,-161,,,
2018-12-03,17,-200,,,
2018-12-04,-22,-50,,,
2018-12-05,22,-44,,,
2018-12-06,-17,-50,,,
2018-12-07,-6,-56,,,
2018-12-08,33,-56,,,
2018-12-09,0,-72,,,
2018-12-10,56,-78,,,
2018-12-11,50,-106,,,
2018-12-12,67,-100,,,
2018-12-13,83,-111,,,
2018-12-14,67,-61,,,
2018-12-15,33,11,,,
2018-12-16,44,0,,,
2018-12-17,44,-6,,,
2018-12-18,56,-39,,,
2018-12-19,94,-72,,,
2018-12-20,83,-72,,,
2018-12-21,56,-61,,,
2018-12-22,6,-133,,,
2018-12-23,33,-28,,,
2018-12-24,39,-33,,,
2018-12-25,56,-94,,,
2018-12-26,33,-156,,,
2018-12-27,6,-78,,,
2018-12-28,17,-156,,,
2018-12-29,67,-144,,,
2018-12-30,94,-83,,,
2018-12-31,-6,-150,,,
2019-01-01,22,-183,,,
2019-01-02,72,-161,,,
2019-01-03,83,-117,,,
2019-01-04,72,-67,,,
2019-01-05,39,-22,,,
2019-01-06,-17,-56,,,
2019-01-07,33,-33,,,
2019-01-08,56,-6,,,
2019-01-09,22,0,,,
2019-01-10,50,-72,,,
2019-01-11,50,-67,,,
2019-01-12,61,-106,,,
2019-01-13,67,-150,,,
2019-01-14,44,-128,,,
2019-01-15,6,-28,,,
2019-01-16,22,-17,,,
2019-01-17,22,-78,,,
2019-01-18,28,-78,,,
2019-01-19,67,11,,,
2019-01-20,56,-22,,,
2019-01-21,50,-111,,,
2019-01-22,33,-178,,,
2019-01-23,100,-144,,,
2019-01-24,89,-111,,,
2019-01-25,144,-172,,,
2019-01-26,78,-117,,,
2019-01-27,161,-78,,,
2019-01-28,94,-111,,,
2019-01-29,144,-56,,,
2019-01-30,133,-100,,,
2019-01-31,139,-67,,,
2019-02-01,44,-6,,,
2019-02-02,22,-17,,,
2019-02-03,50,-28,,,
2019-02-04,-11,-106,,,
2019-02-05,-6,-167,,,
2019-02-06,11,-222,,,
2019-02-07,0,-244,,,
2019-02-08,6,-111,,,
2019-02-09,-17,-83,,,
2019-02-10,-17,-206,,,
2019-02-11,0,-183,,,
2019-02-12,11,-133,,,
2019-02-13,44,-28,,,
2019-02-14,50,-33,,,
2019-02-15,0,-67,,,
2019-02-16,22,-139,,,
2019-02-17,22,-189,,,
2019-02-18,33,-239,,,
2019-02-19,72,-250,,,
2019-02-20,22,-117,,,
2019-02-21,6,-189,,,
2019-02-22,39,-261,,,
2019-02-23,50,-161,,,
2019-02-24,39,-33,,,
2019-02-25,0,-28,,,
2019-02-26,6,-11,,,
2019-02-27,44,-11,,,
2019-02-28,44,-83,,,
2019-03-01,44,-144,,,
2019-03-02,50,-11,,,
2019-03-03,61,-6,,,
2019-03-04,67,-44,,,
2019-03-05,28,-33,,,
2019-03-06,72,-11,,,
2019-03-07,33,-83,,,
2019-03-08,28,-94,,,
2019-03-09,11,-72,,,
2019-03-10,72,-78,,,
2019-03-11,78,-133,,,
2019-03-12,56,-122,,,
2019-03-13,72,-111,,,
2019-03-14,56,-167,,,
2019-03-15,94,-139,,,
2019-03-16,161,-139,,,
2019-03-17,161,-111,,,
2019-03-18,144,-89,,,
2019-03-19,111,-56,,,
2019-03-20,61,-22,,,
2019-03-21,106,-50,,,
2019-03-22,33,-89,,,
2019-03-23,44,-61,,,
2019-03-24,78,-67,,,
2019-03-25,50,-72,,,
2019-03-26,56,-6,,,
2019-03-27,56,-6,,,
2019-03-28,56,-22,,,
2019-03-29,83,-67,,,
2019-03-30,122,-122,,,
2019-03-31,156,-94,,,
2019-04-01,106,-33,,,
2019-04-02,89,-11,,,
2019-04-03,78,-11,,,
2019-04-04,72,11,,,
2019-04-05,72,6,,,
2019-04-06,78,6,,,
2019-04-07,117,28,,,
2019-04-08,94,11,,,
2019-04-09,83,-22,,,
2019-04-10,111,-33,,,
2019-04-11,72,-22,,,
2019-04-12,128,-33,,,
2019-04-13,178,-72,,,
2019-04-14,117,17,,,
2019-04-15,61,-6,,,
2019-04-16,122,-33,,,
2019-04-17,189,-56,,,
2019-04-18,217,-39,,,
2019-04-19,189,-33,,,
2019-04-20,128,-11,,,
2019-04-21,139,-22,,,
2019-04-22,200,-56,,,
2019-04-23,217,-17,,,
2019-04-24,233,-11,,,
2019-04-25,222,-17,,,
2019-04-26,206,-6,,,
2019-04-27,200,-28,,,
2019-04-28,183,0,,,
2019-04-29,172,-22,,,
2019-04-30,89,-44,,,
2019-05-01,144,-67,,,
2019-05-02,172,-44,,,
2019-05-03,194,-33,,,
2019-05-04,211,-22,,,
2019-05-05,206,-17,,,
2019-05-06,211,6,,,
2019-05-07,200,11,,,
2019-05-08,217,-6,,,
2019-05-09,189,17,,,
2019-05-10,206,-6,,,
2019-05-11,239,-28,,,
2019-05-12,239,6,,,
2019-05-13,200,0,,,
2019-05-14,161,56,,,
2019-05-15,78,33,,,
2019-05-16,61,6,,,
2019-05-17,100,-6,,,
2019-05-18,83,-11,,,
2019-05-19,89,0,,,
2019-05-20,106,6,,,
2019-05-21,72,-6,,,
2019-05-22,111,11,,,
2019-05-23,122,28,,,
2019-05-24,156,11,,,
2019-05-25,150,11,,,
2019-05-26,83,6,,,
2019-05-27,133,22,,,
2019-05-28,150,44,,,
2019-05-29,178,28,,,
2019-05-30,161,28,,,
2019-05-31,183,6,,,
2019-06-01,222,22,,,
2019-06-02,228,22,,,
2019-06-03,239,67,,,
2019-06-04,261,44,,,
2019-06-05,261,39,,,
2019-06-06,194,50,,,
2019-06-07,128,0,,,
2019-06-08,183,-33,,,
2019-06-09,228,11,,,
2019-06-10,283,0,,,
2019-06-11,300,28,,,
2019-06-12,261,50,,,
2019-06-13,261,50,,,
2019-06-14,250,50,,,
2019-06-15,250,44,,,
2019-06-16,256,56,,,
2019-06-17,272,67,,,
2019-06-18,278,50,,,
2019-06-19,267,44,,,
2019-06-20,200,28,,,
2019-06-21,194,-17,,,
2019-06-22,222,-11,,,
2019-06-23,250,6,,,
2019-06-24,239,11,,,
2019-06-25,206,28,,,
2019-06-26,178,39,,,
2019-06-27,167,-22,,,
2019-06-28,200,-11,,,
2019-06-29,228,-28,,,
2019-06-30,239,-6,,,
2019-07-01,239,-17,,,
2019-07-02,228,6,,,
2019-07-03,217,0,,,
2019-07-04,250,0,,,
2019-07-05,272,28,,,
2019-07-06,250,28,,,
2019-07-07,228,33,,,
2019-07-08,228,17,,,
2019-07-09,244,22,,,
2019-07-10,256,44,,,
2019-07-11,283,39,,,
2019-07-12,300,39,,,
2019-07-13,283,39,,,
2019-07-14,272,33,,,
2019-07-15,267,44,,,
2019-07-16,250,44,,,
2019-07-17,272,50,,,
2019-07-18,278,50,,,
2019-07-19,278,39,,,
2019-07-20,294,56,,,
2019-07-21,289,56,,,
2019-07-22,289,61,,,
2019-07-23,283,39,,,
2019-07-24,300,17,,,
2019-07-25,294,39,,,
2019-07-26,294,100,,,
2019-07-27,311,72,,,
2019-07-28,311,50,,,
2019-07-29,289,61,,,
2019-07-30,278,17,,,
2019-07-31,294,-6,,,
2019-08-01,283,11,,,
2019-08-02,294,6,,,
2019-08-03,306,33,,,
2019-08-04,300,33,,,
2019-08-05,300,11,,,
2019-08-06,300,100,,,
2019-08-07,289,72,,,
2019-08-08,272,33,,,
2019-08-09,217,39,,,
2019-08-10,172,22,,,
2019-08-11,222,-6,,,
2019-08-12,278,11,,,
2019-08-13,289,33,,,
2019-08-14,322,39,,,
2019-08-15,317,50,,,
2019-08-16,294,50,,,
2019-08-17,294,33,,,
2019-08-18,283,17,,,
2019-08-19,283,-11,,,
2019-08-20,289,6,,,
2019-08-21,294,0,,,
2019-08-22,283,78,,,
2019-08-23,306,22,,,
2019-08-24,311,44,,,
2019-08-25,300,50,,,
2019-08-26,322,39,,,
2019-08-27,339,39,,,
2019-08-28,322,72,,,
2019-08-29,272,56,,,
2019-08-30,283,6,,,
2019-08-31,294,11,,,
2019-09-01,294,0,,,
2019-09-02,283,11,,,
2019-09-03,289,39,,,
2019-09-04,294,17,,,
2019-09-05,267,89,,,
2019-09-06,278,22,,,
2019-09-07,233,6,,,
2019-09-08,211,-22,,,
2019-09-09,189,-22,,,
2019-09-10,150,-17,,,
2019-09-11,211,-50,,,
2019-09-12,256,-33,,,
2019-09-13,289,-17,,,
2019-09-14,278,-22,,,
2019-09-15,244,-17,,,
2019-09-16,100,-6,,,
2019-09-17,167,-33,,,
2019-09-18,133,39,,,
2019-09-19,106,11,,,
2019-09-20,161,-17,,,
2019-09-21,194,-33,,,
2019-09-22,200,-17,,,
2019-09-23,206,0,,,
2019-09-24,261,-6,,,
2019-09-25,256,28,,,
2019-09-26,272,0,,,
2019-09-27,183,17,,,
2019-09-28,78,-28,,,
2019-09-29,56,-44,,,
2019-09-30,50,-33,,,
2019-10-01,106,-56,,,
2019-10-02,167,-78,,,
2019-10-03,150,-39,,,
2019-10-04,139,-33,,,
2019-10-05,189,-61,,,
2019-10-06,183,-72,,,
2019-10-07,239,-50,,,
2019-10-08,206,-39,,,
2019-10-09,111,-50,,,
2019-10-10,117,-89,,,
2019-10-11,167,-111,,,
2019-10-12,206,-94,,,
2019-10-13,178,-61,,,
2019-10-14,194,-94,,,
2019-10-15,206,-72,,,
2019-10-16,183,-39,,,
2019-10-17,100,-56,,,
2019-10-18,133,-78,,,
2019-10-19,117,-33,,,
2019-10-20,150,-72,,,
2019-10-21,178,-61,,,
2019-10-22,200,-67,,,
2019-10-23,183,-33,,,
2019-10-24,178,-44,,,
2019-10-25,239,-67,,,
2019-10-26,167,-67,,,
2019-10-27,61,-94,,,
2019-10-28,150,-144,,,
2019-10-29,61,-83,,,
2019-10-30,61,-156,,,
2019-10-31,172,-156,,,
2019-11-01,167,-106,,,
2019-11-02,189,-100,,,
2019-11-03,217,-94,,,
2019-11-04,206,-83,,,
2019-11-05,200,-78,,,
2019-11-06,211,-44,,,
2019-11-07,183,-83,,,
2019-11-08,206,-83,,,
2019-11-09,211,-94,,,
2019-11-10,194,-44,,,
2019-11-11,167,-50,,,
2019-11-12,194,-72,,,
2019-11-13,178,-83,,,
2019-11-14,172,-33,,,
2019-11-15,150,-44,,,
2019-11-16,161,-78,,,
2019-11-17,200,-67,,,
2019-11-18,200,-67,,,
2019-11-19,106,-33,,,
2019-11-20,61,-33,,,
2019-11-21,100,-83,,,
2019-11-22,106,-111,,,
2019-11-23,117,-128,,,
2019-11-24,161,-133,,,
2019-11-25,17,-83,,,
2019-11-26,-39,-122,,,
2019-11-27,-11,-100,,,
2019-11-28,-11,-150,,,
2019-11-29,0,-189,,,
2019-11-30,-33,-194,,,
2019-12-01,6,-44,,,
2019-12-02,33,-6,,,
2019-12-03,28,0,,,
2019-12-04,22,-6,,,
2019-12-05,44,0,,,
2019-12-06,50,0,,,
2019-12-07,33,0,,,
2019-12-08,67,-22,,,
2019-12-09,72,-72,,,
2019-12-10,61,-83,,,
2019-12-11,33,0,,,
2019-12-12,72,-17,,,
2019-12-13,33,-6,,,
2019-12-14,28,-72,,,
2019-12-15,11,-150,,,
2019-12-16,22,-183,,,
2019-12-17,-28,-144,,,
2019-12-18,11,-111,,,
2019-12-19,61,-11,,,
2019-12-20,67,11,,,
2019-12-21,61,22,,,
2019-12-22,28,-33,,,
2019-12-23,22,-78,,,
2019-12-24,17,-117,,,
2019-12-25,-6,-133,,,
2019-12-26,17,-183,,,
2019-12-27,50,-222,,,
2019-12-28,83,-161,,,
2019-12-29,44,-61,,,
2019-12-30,72,-89,,,
2019-12-31,89,-128,,,
2020-01-01,72,-50,,,
2020-01-02,89,-72,,,
2020-01-03,117,-83,,,
2020-01-04,50,-50,,,
2020-01-05,39,-106,,,
2020-01-06,100,-133,,,
2020-01-07,94,-111,,,
2020-01-08,44,-83,,,
2020-01-09,22,-133,,,
2020-01-10,78,-161,,,
2020-01-11,22,-72,,,
2020-01-12,28,-117,,,
2020-01-13,22,-106,,,
2020-01-14,-11,-106,,,
2020-01-15,6,-100,,,
2020-01-16,-22,-111,,,
2020-01-17,-11,-183,,,
2020-01-18,33,-122,,,
2020-01-19,17,-150,,,
2020-01-20,56,-56,,,
2020-01-21,17,-6,,,
2020-01-22,67,-28,,,
2020-01-23,72,-78,,,
2020-01-24,72,-6,,,
2020-01-25,61,6,,,
2020-01-26,72,-22,,,
2020-01-27,72,-17,,,
2020-01-28,67,-39,,,
2020-01-29,89,-67,,,
2020-01-30,83,-39,,,
2020-01-31,156,-67,,,
2020-02-01,156,-72,,,
2020-02-02,22,-128,,,
2020-02-03,-6,-139,,,
2020-02-04,17,-172,,,
2020-02-05,72,-78,,,
2020-02-06,128,-61,,,
2020-02-07,150,-89,,,
2020-02-08,67,-89,,,
2020-02-09,44,-67,,,
2020-02-10,94,-106,,,
2020-02-11,122,-100,,,
2020-02-12,122,-72,,,
2020-02-13,122,-106,,,
2020-02-14,117,-72,,,
2020-02-15,89,-61,,,
2020-02-16,89,-22,,,
2020-02-17,67,-89,,,
2020-02-18,78,-100,,,
2020-02-19,67,-111,,,
2020-02-20,94,-61,,,
2020-02-21,122,-67,,,
2020-02-22,128,-83,,,
2020-02-23,111,-72,,,
2020-02-24,100,-78,,,
2020-02-25,133,-78,,,
2020-02-26,156,-78,,,
2020-02-27,150,-72,,,
2020-02-28,128,-67,,,
2020-02-29,83,-44,,,
2020-03-01,22,-83,,,
2020-03-02,100,-94,,,
2020-03-03,167,-61,,,
2020-03-04,172,-61,,,
2020-03-05,156,-61,,,
2020-03-06,128,-28,,,
2020-03-07,39,-22,,,
2020-03-08,33,-28,,,
2020-03-09,56,-50,,,
2020-03-10,133,-83,,,
2020-03-11,156,-67,,,
2020-03-12,161,-61,,,
2020-03-13,144,-89,,,
2020-03-14,11,-61,,,
2020-03-15,0,-67,,,
2020-03-16,22,-61,,,
2020-03-17,-6,-50,,,
2020-03-18,39,-122,,,
2020-03-19,78,-200,,,
2020-03-20,78,-178,,,
2020-03-21,106,-150,,,
2020-03-22,122,-133,,,
2020-03-23,67,-94,,,
2020-03-24,22,-67,,,
2020-03-25,6,-122,,,
2020-03-26,50,-183,,,
2020-03-27,72,-167,,,
2020-03-28,44,-33,,,
2020-03-29,72,-28,,,
2020-03-30,56,11,,,
2020-03-31,94,-17,,,
2020-04-01,44,-50,,,
2020-04-02,78,-111,,,
2020-04-03,94,-111,,,
2020-04-04,28,-56,,,
2020-04-05,17,-39,,,
2020-04-06,61,-50,,,
2020-04-07,111,-28,,,
2020-04-08,167,-39,,,
2020-04-09,189,-11,,,
2020-04-10,189,-11,,,
2020-04-11,167,-11,,,
2020-04-12,144,-28,,,
2020-04-13,122,-67,,,
2020-04-14,156,-89,,,
2020-04-15,178,-44,,,
2020-04-16,144,-39,,,
2020-04-17,144,-61,,,
2020-04-18,144,-44,,,
2020-04-19,106,-28,,,
2020-04-20,144,-56,,,
2020-04-21,172,-39,,,
2020-04-22,172,-28,,,
2020-04-23,178,-22,,,
2020-04-24,200,-33,,,
2020-04-25,200,0,,,
2020-04-26,206,-17,,,
2020-04-27,194,11,,,
2020-04-28,256,-6,,,
2020-04-29,222,33,,,
2020-04-30,167,6,,,
2020-05-01,183,-33,,,
2020-05-02,156,-33,,,
2020-05-03,139,-44,,,
2020-05-04,189,-67,,,
2020-05-05,194,-39,,,
2020-05-06,189,-28,,,
2020-05-07,217,-61,,,
2020-05-08,261,-44,,,
2020-05-09,261,6,,,
2020-05-10,217,-17,,,
2020-05-11,161,33,,,
2020-05-12,83,6,,,
2020-05-13,89,-6,,,
2020-05-14,100,-6,,,
2020-05-15,172,28,,,
2020-05-16,178,17,,,
2020-05-17,100,39,,,
2020-05-18,83,0,,,
2020-05-19,100,0,,,
2020-05-20,139,-11,,,
2020-05-21,161,0,,,
2020-05-22,122,-33,,,
2020-05-23,189,-56,,,
2020-05-24,222,-28,,,
2020-05-25,278,6,,,
2020-05-26,272,44,,,
2020-05-27,267,50,,,
2020-05-28,289,44,,,
2020-05-29,289,22,,,
2020-05-30,172,50,,,
2020-05-31,200,-6,,,
2020-06-01,172,56,,,
2020-06-02,261,11,,,
2020-06-03,283,0,,,
2020-06-04,278,33,,,
2020-06-05,239,22,,,
2020-06-06,144,-28,,,
2020-06-07,78,-33,,,
2020-06-08,178,-33,,,
2020-06-09,233,-22,,,
2020-06-10,256,-11,,,
2020-06-11,239,28,,,
2020-06-12,194,28,,,
2020-06-13,122,-6,,,
2020-06-14,206,-39,,,
2020-06-15,172,17,,,
2020-06-16,150,-11,,,
2020-06-17,200,-39,,,
2020-06-18,239,-33,,,
2020-06-19,272,-11,,,
2020-06-20,278,28,,,
2020-06-21,289,33,,,
2020-06-22,317,44,,,
2020-06-23,333,61,,,
2020-06-24,300,72,,,
2020-06-25,317,50,,,
2020-06-26,333,56,,,
2020-06-27,294,67,,,
2020-06-28,189,56,,,
2020-06-29,200,11,,,
2020-06-30,244,11,,,
2020-07-01,244,-11,,,
2020-07-02,250,-6,,,
2020-07-03,256,-6,,,
2020-07-04,261,0,,,
2020-07-05,272,-6,,,
2020-07-06,267,-6,,,
2020-07-07,256,-6,,,
2020-07-08,267,0,,,
2020-07-09,267,22,,,
2020-07-10,300,33,,,
2020-07-11,306,-6,,,
2020-07-12,306,11,,,
2020-07-13,306,17,,,
2020-07-14,311,39,,,
2020-07-15,322,56,,,
2020-07-16,328,50,,,
2020-07-17,317,56,,,
2020-07-18,328,56,,,
2020-07-19,333,50,,,
2020-07-20,333,50,,,
2020-07-21,322,89,,,
2020-07-22,289,67,,,
2020-07-23,267,44,,,
2020-07-24,289,44,,,
2020-07-25,306,44,,,
2020-07-26,328,50,,,
2020-07-27,317,94,,,
2020-07-28,300,50,,,
2020-07-29,306,50,,,
2020-07-30,306,17,,,
2020-07-31,311,0,,,
2020-08-01,317,-17,,,
2020-08-02,300,22,,,
2020-08-03,300,28,,,
2020-08-04,306,39,,,
2020-08-05,289,39,,,
2020-08-06,261,22,,,
2020-08-07,278,39,,,
2020-08-08,311,39,,,
2020-08-09,328,44,,,
2020-08-10,322,50,,,
2020-08-11,300,61,,,
2020-08-12,278,56,,,
2020-08-13,289,22,,,
2020-08-14,317,28,,,
2020-08-15,339,67,,,
2020-08-16,283,89,,,
2020-08-17,267,83,,,
2020-08-18,317,72,,,
2020-08-19,250,56,,,
2020-08-20,294,6,,,
2020-08-21,283,17,,,
2020-08-22,300,33,,,
2020-08-23,311,39,,,
2020-08-24,289,128,,,
2020-08-25,278,72,,,
2020-08-26,272,39,,,
2020-08-27,289,39,,,
2020-08-28,306,28,,,
2020-08-29,311,33,,,
2020-08-30,294,39,,,
2020-08-31,283,11,,,
2020-09-01,294,28,,,
2020-09-02,339,28,,,
2020-09-03,356,50,,,
2020-09-04,344,56,,,
2020-09-05,344,44,,,
2020-09-06,350,61,,,
2020-09-07,322,61,,,
2020-09-08,217,39,,,
2020-09-09,256,0,,,
2020-09-10,261,-28,,,
2020-09-11,289,-17,,,
2020-09-12,306,-6,,,
2020-09-13,272,-11,,,
2020-09-14,261,-11,,,
2020-09-15,267,-17,,,
2020-09-16,256,-11,,,
2020-09-17,244,-28,,,
2020-09-18,211,17,,,
2020-09-19,222,-33,,,
2020-09-20,267,-39,,,
2020-09-21,244,-22,,,
2020-09-22,244,17,,,
2020-09-23,256,0,,,
2020-09-24,228,28,,,
2020-09-25,239,-6,,,
2020-09-26,222,6,,,
2020-09-27,233,-22,,,
2020-09-28,256,0,,,
2020-09-29,267,-17,,,
2020-09-30,278,0,,,
2020-10-01,306,-11,,,
2020-10-02,306,-11,,,
2020-10-03,294,-11,,,
2020-10-04,267,-22,,,
2020-10-05,272,-50,,,
2020-10-06,272,-39,,,
2020-10-07,267,-56,,,
2020-10-08,228,-50,,,
2020-10-09,217,-44,,,
2020-10-10,144,28,,,
2020-10-11,189,-11,,,
2020-10-12,228,-67,,,
2020-10-13,228,-33,,,
2020-10-14,228,-28,,,
2020-10-15,211,-44,,,
2020-10-16,244,-56,,,
2020-10-17,256,-44,,,
2020-10-18,233,-39,,,
2020-10-19,244,-44,,,
2020-10-20,239,-56,,,
2020-10-21,217,-39,,,
2020-10-22,139,-61,,,
2020-10-23,194,-94,,,
2020-10-24,178,-67,,,
2020-10-25,78,-61,,,
2020-10-26,122,-128,,,
2020-10-27,194,-100,,,
2020-10-28,217,-106,,,
2020-10-29,228,-106,,,
2020-10-30,217,-94,,,
2020-10-31,228,-72,,,
2020-11-01,233,-78,,,
2020-11-02,239,-83,,,
2020-11-03,211,-61,,,
2020-11-04,211,-61,,,
2020-11-05,233,-67,,,
2020-11-06,72,-22,,,
2020-11-07,17,-61,,,
2020-11-08,-11,-117,,,
2020-11-09,11,-144,,,
2020-11-10,94,-100,,,
2020-11-11,72,-144,,,
2020-11-12,100,-150,,,
2020-11-13,28,-28,,,
2020-11-14,39,-100,,,
2020-11-15,83,-33,,,
2020-11-16,161,-33,,,
2020-11-17,78,0,,,
2020-11-18,44,-22,,,
2020-11-19,56,-89,,,
2020-11-20,44,-144,,,
2020-11-21,44,-167,,,
2020-11-22,83,-139,,,
2020-11-23,78,-83,,,
2020-11-24,100,-128,,,
2020-11-25,50,-83,,,
2020-11-26,39,-128,,,
2020-11-27,67,-144,,,
2020-11-28,128,-139,,,
2020-11-29,83,-139,,,
2020-11-30,117,-100,,,
2020-12-01,61,-122,,,
2020-12-02,61,-122,,,
2020-12-03,94,-128,,,
2020-12-04,100,-106,,,
2020-12-05,100,-122,,,
2020-12-06,83,-56,,,
2020-12-07,83,-83,,,
2020-12-08,100,-150,,,
2020-12-09,94,-128,,,
2020-12-10,94,-139,,,
2020-12-11,39,-106,,,
2020-12-12,28,-50,,,
2020-12-13,44,-50,,,
2020-12-14,6,-100,,,
2020-12-15,17,-78,,,
2020-12-16,44,-22,,,
2020-12-17,22,-94,,,
2020-12-18,33,-139,,,
2020-12-19,61,-144,,,
2020-12-20,117,-111,,,
2020-12-21,128,-122,,,
2020-12-22,39,-139,,,
2020-12-23,17,-194,,,
2020-12-24,33,-172,,,
2020-12-25,17,-67,,,
2020-12-26,28,-83,,,
2020-12-27,0,-100,,,
2020-12-28,17,-144,,,
2020-12-29,39,-233,,,
2020-12-30,72,-106,,,
2020-12-31,67,-128,,,
2021-01-01,44,-156,,,
2021-01-02,39,-72,,,
2021-01-03,67,-6,,,
2021-01-04,33,-56,,,
2021-01-05,56,-100,,,
2021-01-06,56,-89,,,
2021-01-07,33,-156,,,
2021-01-08,44,-139,,,
2021-01-09,44,-178,,,
2021-01-10,83,-106,,,
2021-01-11,78,-122,,,
2021-01-12,56,-11,,,
2021-01-13,122,-33,,,
2021-01-14,133,-78,,,
2021-01-15,128,-61,,,
2021-01-16,117,-89,,,
2021-01-17,139,-83,,,
2021-01-18,94,-61,,,
2021-01-19,44,-61,,,
2021-01-20,100,-128,,,
2021-01-21,94,-94,,,
2021-01-22,11,-61,,,
2021-01-23,39,-161,,,
2021-01-24,0,-189,,,
2021-01-25,-33,-139,,,
2021-01-26,-44,-250,,,
2021-01-27,-6,-44,,,
2021-01-28,0,-44,,,
2021-01-29,17,-56,,,
2021-01-30,33,-67,,,
2021-01-31,33,-50,,,
2021-02-01,56,-6,,,
2021-02-02,44,-33,,,
2021-02-03,17,-117,,,
2021-02-04,83,-183,,,
2021-02-05,100,-178,,,
2021-02-06,144,-156,,,
2021-02-07,133,-161,,,
2021-02-08,111,-122,,,
2021-02-09,111,-72,,,
2021-02-10,117,-56,,,
2021-02-11,39,-61,,,
2021-02-12,56,-56,,,
2021-02-13,44,-61,,,
2021-02-14,22,-89,,,
2021-02-15,94,-33,,,
2021-02-16,39,-67,,,
2021-02-17,50,-128,,,
2021-02-18,0,-144,,,
2021-02-19,56,-50,,,
2021-02-20,28,-122,,,
2021-02-21,89,-167,,,
2021-02-22,150,-122,,,
2021-02-23,128,-111,,,
2021-02-24,33,-150,,,
2021-02-25,111,-156,,,
2021-02-26,67,-122,,,
2021-02-27,44,-122,,,
2021-02-28,72,-144,,,
2021-03-01,83,-128,,,
2021-03-02,128,-122,,,
2021-03-03,133,-89,,,
2021-03-04,78,-94,,,
2021-03-05,83,-17,,,
2021-03-06,56,-89,,,
2021-03-07,89,-94,,,
2021-03-08,28,-44,,,
2021-03-09,17,-56,,,
2021-03-10,39,-100,,,
2021-03-11,44,-100,,,
2021-03-12,106,-183,,,
2021-03-13,139,-150,,,
2021-03-14,61,-106,,,
2021-03-15,6,-83,,,
2021-03-16,56,-72,,,
2021-03-17,72,-94,,,
2021-03-18,28,-17,,,
2021-03-19,50,-44,,,
2021-03-20,56,-61,,,
2021-03-21,94,-117,,,
2021-03-22,89,-33,,,
2021-03-23,50,-50,,,
2021-03-24,106,-111,,,
2021-03-25,39,-39,,,
2021-03-26,117,-89,,,
2021-03-27,183,-89,,,
2021-03-28,161,-78,,,
2021-03-29,100,-61,,,
2021-03-30,100,-117,,,
2021-03-31,167,-94,,,
2021-04-01,144,-72,,,
2021-04-02,144,-67,,,
2021-04-03,150,-50,,,
2021-04-04,156,-67,,,
2021-04-05,139,-39,,,
2021-04-06,172,-89,,,
2021-04-07,144,-56,,,
2021-04-08,156,-72,,,
2021-04-09,172,-72,,,
2021-04-10,178,-56,,,
2021-04-11,172,-72,,,
2021-04-12,161,-78,,,
2021-04-13,100,-61,,,
2021-04-14,111,-50,,,
2021-04-15,122,-83,,,
2021-04-16,161,-61,,,
2021-04-17,167,-67,,,
2021-04-18,211,-67,,,
2021-04-19,206,-50,,,
2021-04-20,150,-28,,,
2021-04-21,161,-28,,,
2021-04-22,172,-50,,,
2021-04-23,183,-50,,,
2021-04-24,83,11,,,
2021-04-25,33,-11,,,
2021-04-26,50,-67,,,
2021-04-27,144,-17,,,
2021-04-28,211,-61,,,
2021-04-29,261,-33,,,
2021-04-30,239,-11,,,
2021-05-01,194,0,,,
2021-05-02,144,6,,,
2021-05-03,178,-39,,,
2021-05-04,217,-28,,,
2021-05-05,244,-28,,,
2021-05-06,217,6,,,
2021-05-07,150,-28,,,
2021-05-08,172,-44,,,
2021-05-09,172,-33,,,
2021-05-10,200,-44,,,
2021-05-11,222,-50,,,
2021-05-12,244,-28,,,
2021-05-13,256,-11,,,
2021-05-14,239,-11,,,
2021-05-15,167,28,,,
2021-05-16,222,0,,,
2021-05-17,228,0,,,
2021-05-18,206,-17,,,
2021-05-19,156,-17,,,
2021-05-20,44,-28,,,
2021-05-21,72,-17,,,
2021-05-22,78,0,,,
2021-05-23,156,-11,,,
2021-05-24,194,-33,,,
2021-05-25,172,-11,,,
2021-05-26,222,-44,,,
2021-05-27,211,-28,,,
2021-05-28,244,6,,,
2021-05-29,272,6,,,
2021-05-30,283,11,,,
2021-05-31,306,22,,,
2021-06-01,317,39,,,
2021-06-02,322,50,,,
2021-06-03,317,44,,,
2021-06-04,306,39,,,
2021-06-05,283,33,,,
2021-06-06,239,-6,,,
2021-06-07,206,-11,,,
2021-06-08,150,-39,,,
2021-06-09,144,-50,,,
2021-06-10,161,-39,,,
2021-06-11,200,22,,,
2021-06-12,233,61,,,
2021-06-13,244,17,,,
2021-06-14,211,28,,,
2021-06-15,228,17,,,
2021-06-16,306,-39,,,
2021-06-17,328,0,,,
2021-06-18,333,11,,,
2021-06-19,333,44,,,
2021-06-20,328,56,,,
2021-06-21,311,44,,,
2021-06-22,283,67,,,
2021-06-23,267,17,,,
2021-06-24,267,6,,,
2021-06-25,306,67,,,
2021-06-26,322,72,,,
2021-06-27,350,83,,,
2021-06-28,361,94,,,
2021-06-29,350,67,,,
2021-06-30,328,72,,,
2021-07-01,317,56,,,
2021-07-02,328,50,,,
2021-07-03,333,78,,,
2021-07-04,306,78,,,
2021-07-05,317,56,,,
2021-07-06,333,78,,,
2021-07-07,328,50,,,
2021-07-08,322,39,,,
2021-07-09,344,39,,,
2021-07-10,356,89,,,
2021-07-11,361,83,,,
2021-07-12,356,72,,,
2021-07-13,350,50,,,
2021-07-14,317,44,,,
2021-07-15,289,22,,,
2021-07-16,289,17,,,
2021-07-17,294,22,,,
2021-07-18,317,11,,,
2021-07-19,300,94,,,
2021-07-20,278,67,,,
2021-07-21,294,0,,,
2021-07-22,283,72,,,
2021-07-23,311,11,,,
2021-07-24,344,50,,,
2021-07-25,328,78,,,
2021-07-26,306,144,,,
2021-07-27,200,83,,,
2021-07-28,300,28,,,
2021-07-29,322,61,,,
2021-07-30,289,122,,,
2021-07-31,272,122,,,
2021-08-01,289,83,,,
2021-08-02,300,67,,,
2021-08-03,322,39,,,
2021-08-04,311,28,,,
2021-08-05,239,6,,,
2021-08-06,278,22,,,
2021-08-07,289,6,,,
2021-08-08,289,33,,,
2021-08-09,283,50,,,
2021-08-10,317,50,,,
2021-08-11,339,61,,,
2021-08-12,350,89,,,
2021-08-13,328,94,,,
2021-08-14,339,128,,,
2021-08-15,344,83,,,
2021-08-16,333,83,,,
2021-08-17,239,67,,,
2021-08-18,211,-11,,,
2021-08-19,244,0,,,
2021-08-20,261,6,,,
2021-08-21,228,22,,,
2021-08-22,250,-22,,,
2021-08-23,261,-17,,,
2021-08-24,250,-33,,,
2021-08-25,256,-11,,,
2021-08-26,250,-6,,,
2021-08-27,294,0,,,
2021-08-28,311,-6,,,
2021-08-29,300,22,,,
2021-08-30,283,28,,,
2021-08-31,250,6,,,
2021-09-01,239,-22,,,
2021-09-02,233,-28,,,
2021-09-03,261,-22,,,
2021-09-04,283,-11,,,
2021-09-05,311,-6,,,
2021-09-06,317,-11,,,
2021-09-07,333,39,,,
2021-09-08,322,44,,,
2021-09-09,317,44,,,
2021-09-10,228,56,,,
2021-09-11,267,-6,,,
2021-09-12,267,-6,,,
2021-09-13,278,0,,,
2021-09-14,306,-6,,,
2021-09-15,283,-6,,,
2021-09-16,256,-6,,,
2021-09-17,267,-11,,,
2021-09-18,194,83,,,
2021-09-19,150,6,,,
2021-09-20,222,-44,,,
2021-09-21,267,-39,,,
2021-09-22,250,-11,,,
2021-09-23,250,-22,,,
2021-09-24,289,-11,,,
2021-09-25,272,-6,,,
2021-09-26,256,-6,,,
2021-09-27,206,-44,,,
2021-09-28,144,-33,,,
2021-09-29,189,-61,,,
2021-09-30,217,-61,,,
2021-10-01,250,-39,,,
2021-10-02,256,-44,,,
2021-10-03,261,-33,,,
2021-10-04,239,-33,,,
2021-10-05,194,-39,,,
2021-10-06,139,-22,,,
2021-10-07,139,22,,,
2021-10-08,128,-39,,,
2021-10-09,167,-39,,,
2021-10-10,194,-72,,,
2021-10-11,50,-44,,,
2021-10-12,100,-56,,,
2021-10-13,122,-39,,,
2021-10-14,133,-94,,,
2021-10-15,217,-94,,,
2021-10-16,228,-72,,,
2021-10-17,139,-39,,,
2021-10-18,22,-6,,,
2021-10-19,83,-22,,,
2021-10-20,78,17,,,
2021-10-21,144,61,,,
2021-10-22,100,17,,,
2021-10-23,56,11,,,
2021-10-24,67,0,,,
2021-10-25,67,-22,,,
2021-10-26,72,-11,,,
2021-10-27,150,-6,,,
2021-10-28,178,-22,,,
2021-10-29,178,-17,,,
2021-10-30,133,-22,,,
2021-10-31,122,-17,,,
2021-11-01,78,44,,,
2021-11-02,122,-6,,,
2021-11-03,156,-22,,,
2021-11-04,100,-33,,,
2021-11-05,94,-56,,,
2021-11-06,67,-22,,,
2021-11-07,72,-72,,,
2021-11-08,83,-72,,,
2021-11-09,89,-22,,,
2021-11-10,78,-22,,,
2021-11-11,178,-28,,,
2021-11-12,200,-44,,,
2021-11-13,189,-50,,,
2021-11-14,211,-22,,,
2021-11-15,156,-22,,,
2021-11-16,111,-61,,,
2021-11-17,67,-89,,,
2021-11-18,100,-50,,,
2021-11-19,89,-44,,,
2021-11-20,100,-89,,,
2021-11-21,83,-89,,,
2021-11-22,144,-106,,,
2021-11-23,72,-78,,,
2021-11-24,67,-117,,,
2021-11-25,100,-100,,,
2021-11-26,167,-50,,,
2021-11-27,156,-50,,,
2021-11-28,172,-44,,,
2021-11-29,183,-50,,,
2021-11-30,183,-61,,,
2021-12-01,156,-67,,,
2021-12-02,183,-67,,,
2021-12-03,178,-67,,,
2021-12-04,156,-78,,,
2021-12-05,144,-83,,,
2021-12-06,83,-50,,,
2021-12-07,111,-44,,,
2021-12-08,100,-67,,,
2021-12-09,11,-133,,,
2021-12-10,22,-156,,,
2021-12-11,50,-106,,,
2021-12-12,6,-28,,,
2021-12-13,6,-39,,,
2021-12-14,17,-167,,,
2021-12-15,-28,-167,,,
2021-12-16,39,-72,,,
2021-12-17,39,-206,,,
2021-12-18,17,-178,,,
2021-12-19,44,-83,,,
2021-12-20,44,-94,,,
2021-12-21,72,-144,,,
2021-12-22,44,-11,,,
2021-12-23,50,-11,,,
2021-12-24,22,-28,,,
2021-12-25,-6,-78,,,
2021-12-26,-39,-89,,,
2021-12-27,-22,-106,,,
2021-12-28,-11,-111,,,
2021-12-29,6,-100,,,
2021-12-30,33,-139,,,
2021-12-31,6,-139,,,
2022-01-01,0,-239,,,
2022-01-02,11,-217,,,
2022-01-03,17,-61,,,
2022-01-04,50,6,,,
2022-01-05,111,0,,,
2022-01-06,94,-6,,,
2022-01-07,50,-89,,,
2022-01-08,50,-133,,,
2022-01-09,22,-156,,,
2022-01-10,89,-122,,,
2022-01-11,94,-106,,,
2022-01-12,128,-106,,,
2022-01-13,117,-89,,,
2022-01-14,67,-139,,,
2022-01-15,89,-128,,,
2022-01-16,61,-167,,,
2022-01-17,122,-156,,,
2022-01-18,111,-122,,,
2022-01-19,89,-133,,,
2022-01-20,133,-111,,,
2022-01-21,72,-83,,,
2022-01-22,72,-50,,,
2022-01-23,89,-89,,,
2022-01-24,139,-144,,,
2022-01-25,50,-144,,,
2022-01-26,94,-161,,,
2022-01-27,50,-172,,,
2022-01-28,61,-128,,,
2022-01-29,111,-167,,,
2022-01-30,133,-161,,,
2022-01-31,83,-106,,,
2022-02-01,22,-167,,,
2022-02-02,28,-133,,,
2022-02-03,67,-167,,,
2022-02-04,94,-150,,,
2022-02-05,106,-133,,,
2022-02-06,83,-128,,,
2022-02-07,139,-128,,,
2022-02-08,133,-106,,,
2022-02-09,128,-94,,,
2022-02-10,144,-72,,,
2022-02-11,144,-89,,,
2022-02-12,150,-106,,,
2022-02-13,189,-89,,,
2022-02-14,100,-44,,,
2022-02-15,44,-56,,,
2022-02-16,72,-89,,,
2022-02-17,111,-106,,,
2022-02-18,122,-111,,,
2022-02-19,150,-111,,,
2022-02-20,106,-61,,,
2022-02-21,17,-67,,,
2022-02-22,0,-211,,,
2022-02-23,11,-217,,,
2022-02-24,56,-233,,,
2022-02-25,44,-217,,,
2022-02-26,78,-178,,,
2022-02-27,100,-39,,,
2022-02-28,167,-67,,,
2022-03-01,117,-33,,,
2022-03-02,128,-39,,,
2022-03-03,89,-50,,,
2022-03-04,83,-50,,,
2022-03-05,0,-106,,,
2022-03-06,61,-183,,,
2022-03-07,111,-156,,,
2022-03-08,106,-83,,,
2022-03-09,89,-67,,,
2022-03-10,56,-117,,,
2022-03-11,133,-144,,,
2022-03-12,100,-89,,,
2022-03-13,78,-44,,,
2022-03-14,106,-56,,,
2022-03-15,94,-28,,,
2022-03-16,117,-56,,,
2022-03-17,89,-72,,,
2022-03-18,122,-89,,,
2022-03-19,61,-33,,,
2022-03-20,94,-72,,,
2022-03-21,139,-50,,,
2022-03-22,161,-28,,,
2022-03-23,189,-39,,,
2022-03-24,189,-50,,,
2022-03-25,194,-39,,,
2022-03-26,183,-39,,,
2022-03-27,161,-22,,,
2022-03-28,89,22,,,
2022-03-29,150,0,,,
2022-03-30,122,-28,,,
2022-03-31,128,-56,,,
2022-04-01,183,-67,,,
2022-04-02,156,-50,,,
2022-04-03,156,-78,,,
2022-04-04,128,-28,,,
2022-04-05,128,-44,,,
2022-04-06,183,-72,,,
2022-04-07,244,-50,,,
2022-04-08,206,-22,,,
2022-04-09,106,-50,,,
2022-04-10,117,-83,,,
2022-04-11,22,-72,,,
2022-04-12,17,-139,,,
2022-04-13,39,-78,,,
2022-04-14,33,-22,,,
2022-04-15,83,-22,,,
2022-04-16,83,0,,,
2022-04-17,128,-39,,,
2022-04-18,117,-56,,,
2022-04-19,67,6,,,
2022-04-20,78,0,,,
2022-04-21,67,-33,,,
2022-04-22,83,-50,,,
2022-04-23,133,-56,,,
2022-04-24,167,-56,,,
2022-04-25,167,-28,,,
2022-04-26,161,-28,,,
2022-04-27,156,-44,,,
2022-04-28,78,-39,,,
2022-04-29,172,-67,,,
2022-04-30,144,-6,,,
2022-05-01,161,-39,,,
2022-05-02,100,-33,,,
2022-05-03,183,-50,,,
2022-05-04,239,-39,,,
2022-05-05,156,39,,,
2022-05-06,144,50,,,
2022-05-07,106,-6,,,
2022-05-08,28,-56,,,
2022-05-09,33,-61,,,
2022-05-10,50,-94,,,
2022-05-11,89,-39,,,
2022-05-12,117,-39,,,
2022-05-13,161,-39,,,
2022-05-14,217,-11,,,
2022-05-15,228,-17,,,
2022-05-16,211,-6,,,
2022-05-17,233,-44,,,
2022-05-18,244,-17,,,
2022-05-19,167,-11,,,
2022-05-20,150,-33,,,
2022-05-21,189,-61,,,
2022-05-22,206,-39,,,
2022-05-23,228,-22,,,
2022-05-24,233,-17,,,
2022-05-25,278,6,,,
2022-05-26,256,17,,,
2022-05-27,200,11,,,
2022-05-28,150,11,,,
2022-05-29,133,-11,,,
2022-05-30,144,-33,,,
2022-05-31,206,-61,,,
2022-06-01,244,-33,,,
2022-06-02,233,33,,,
2022-06-03,189,39,,,
2022-06-04,122,61,,,
2022-06-05,178,50,,,
2022-06-06,222,0,,,
2022-06-07,261,-39,,,
2022-06-08,244,33,,,
2022-06-09,267,22,,,
2022-06-10,283,39,,,
2022-06-11,256,39,,,
2022-06-12,178,33,,,
2022-06-13,139,-22,,,
2022-06-14,200,-44,,,
2022-06-15,261,-33,,,
2022-06-16,222,33,,,
2022-06-17,156,-11,,,
2022-06-18,100,-17,,,
2022-06-19,172,-39,,,
2022-06-20,217,-33,,,
2022-06-21,272,-11,,,
2022-06-22,294,0,,,
2022-06-23,272,33,,,
2022-06-24,272,39,,,
2022-06-25,311,28,,,
2022-06-26,306,39,,,
2022-06-27,306,-6,,,
2022-06-28,272,22,,,
2022-06-29,283,-11,,,
2022-06-30,278,-6,,,
2022-07-01,278,-11,,,
2022-07-02,256,-11,,,
2022-07-03,217,-22,,,
2022-07-04,200,28,,,
2022-07-05,200,56,,,
2022-07-06,233,22,,,
2022-07-07,256,6,,,
2022-07-08,272,-11,,,
2022-07-09,272,0,,,
2022-07-10,311,11,,,
2022-07-11,344,44,,,
2022-07-12,333,78,,,
2022-07-13,300,39,,,
2022-07-14,306,0,,,
2022-07-15,317,17,,,
2022-07-16,322,17,,,
2022-07-17,317,44,,,
2022-07-18,311,44,,,
2022-07-19,311,44,,,
2022-07-20,322,28,,,
2022-07-21,322,22,,,
2022-07-22,311,22,,,
2022-07-23,317,0,,,
2022-07-24,322,39,,,
2022-07-25,350,50,,,
2022-07-26,317,72,,,
2022-07-27,361,128,,,
2022-07-28,356,94,,,
2022-07-29,361,83,,,
2022-07-30,356,128,,,
2022-07-31,333,139,,,
2022-08-01,289,111,,,
2022-08-02,294,89,,,
2022-08-03,283,89,,,
2022-08-04,300,78,,,
2022-08-05,267,111,,,
2022-08-06,294,83,,,
2022-08-07,317,61,,,
2022-08-08,300,83,,,
2022-08-09,256,78,,,
2022-08-10,261,22,,,
2022-08-11,278,17,,,
2022-08-12,283,0,,,
2022-08-13,294,-17,,,
2022-08-14,306,6,,,
2022-08-15,322,28,,,
2022-08-16,333,39,,,
2022-08-17,300,106,,,
2022-08-18,261,106,,,
2022-08-19,306,50,,,
2022-08-20,328,61,,,
2022-08-21,322,56,,,
2022-08-22,306,33,,,
2022-08-23,328,22,,,
2022-08-24,317,28,,,
2022-08-25,311,22,,,
2022-08-26,306,0,,,
2022-08-27,289,6,,,
2022-08-28,300,-11,,,
2022-08-29,328,28,,,
2022-08-30,317,78,,,
2022-08-31,317,44,,,
2022-09-01,333,6,,,
2022-09-02,322,50,,,
2022-09-03,311,44,,,
2022-09-04,333,22,,,
2022-09-05,356,61,,,
2022-09-06,361,72,,,
2022-09-07,344,94,,,
2022-09-08,328,78,,,
2022-09-09,317,33,,,
2022-09-10,311,28,,,
2022-09-11,283,67,,,
2022-09-12,222,133,,,
2022-09-13,244,17,,,
2022-09-14,222,-33,,,
2022-09-15,228,-33,,,
2022-09-16,244,-33,,,
2022-09-17,194,-28,,,
2022-09-18,144,67,,,
2022-09-19,161,50,,,
2022-09-20,161,17,,,
2022-09-21,144,-11,,,
2022-09-22,194,-28,,,
2022-09-23,239,-28,,,
2022-09-24,256,-22,,,
2022-09-25,272,-11,,,
2022-09-26,278,22,,,
2022-09-27,261,28,,,
2022-09-28,239,17,,,
2022-09-29,222,-22,,,
2022-09-30,228,-39,,,
2022-10-01,233,-33,,,
2022-10-02,250,-22,,,
2022-10-03,261,-17,,,
2022-10-04,272,-28,,,
2022-10-05,267,-22,,,
2022-10-06,272,-33,,,
2022-10-07,278,-22,,,
2022-10-08,278,-11,,,
2022-10-09,250,-17,,,
2022-10-10,244,-28,,,
2022-10-11,250,-33,,,
2022-10-12,267,-33,,,
2022-10-13,267,-39,,,
2022-10-14,261,-44,,,
2022-10-15,256,-44,,,
2022-10-16,244,-44,,,
2022-10-17,239,-44,,,
2022-10-18,244,-39,,,
2022-10-19,250,-44,,,
2022-10-20,244,-50,,,
2022-10-21,222,-39,,,
2022-10-22,106,-39,,,
2022-10-23,78,-89,,,
2022-10-24,161,-111,,,
2022-10-25,139,-67,,,
2022-10-26,100,-89,,,
2022-10-27,122,-100,,,
2022-10-28,139,-94,,,
2022-10-29,172,-89,,,
2022-10-30,178,-94,,,
2022-10-31,183,-72,,,
2022-11-01,50,-50,,,
2022-11-02,28,-89,,,
2022-11-03,33,-83,,,
2022-11-04,83,-44,,,
2022-11-05,111,-17,,,
2022-11-06,72,-33,,,
2022-11-07,17,-111,,,
2022-11-08,-6,-39,,,
2022-11-09,50,-144,,,
2022-11-10,67,-194,,,
2022-11-11,50,-167,,,
2022-11-12,33,-122,,,
2022-11-13,61,-189,,,
2022-11-14,39,-189,,,
2022-11-15,61,-178,,,
2022-11-16,72,-189,,,
2022-11-17,128,-178,,,
2022-11-18,33,-144,,,
2022-11-19,28,-183,,,
2022-11-20,94,-211,,,
2022-11-21,56,-189,,,
2022-11-22,94,-150,,,
2022-11-23,111,-133,,,
2022-11-24,67,-133,,,
2022-11-25,100,-111,,,
2022-11-26,78,-106,,,
2022-11-27,100,-139,,,
2022-11-28,50,-89,,,
2022-11-29,50,-128,,,
2022-11-30,50,-22,,,
2022-12-01,-6,-183,,,
2022-12-02,-17,-272,,,
2022-12-03,-6,-156,,,
2022-12-04,11,-44,,,
2022-12-05,33,-72,,,
2022-12-06,50,-133,,,
2022-12-07,33,-183,,,
2022-12-08,0,-50,,,
2022-12-09,-17,-94,,,
2022-12-10,6,-17,,,
2022-12-11,11,-161,,,
2022-12-12,-17,-178,,,
2022-12-13,39,-150,,,
2022-12-14,17,-200,,,
2022-12-15,0,-211,,,
2022-12-16,0,-150,,,
2022-12-17,33,-144,,,
2022-12-18,0,-222,,,
2022-12-19,0,-206,,,
2022-12-20,44,-89,,,
2022-12-21,78,-28,,,
2022-12-22,39,-39,,,
2022-12-23,72,-11,,,
2022-12-24,133,-44,,,
2022-12-25,133,-44,,,
2022-12-26,100,-39,,,
2022-12-27,50,-67,,,
2022-12-28,28,-100,,,
2022-12-29,39,-33,,,
2022-12-30,72,11,,,
2022-12-31,56,-17,,,
2023-01-01,39,-144,,,
2023-01-02,-28,-161,,,
2023-01-03,28,-61,,,
2023-01-04,33,-28,,,
2023-01-05,22,-39,,,
2023-01-06,39,-78,,,
2023-01-07,11,-11,,,
2023-01-08,33,-11,,,
2023-01-09,56,-61,,,
2023-01-10,6,-78,,,
2023-01-11,11,-33,,,
2023-01-12,44,6,,,
2023-01-13,50,-6,,,
2023-01-14,17,-39,,,
2023-01-15,22,-100,,,
2023-01-16,0,-61,,,
2023-01-17,33,-111,,,
2023-01-18,33,-161,,,
2023-01-19,17,-167,,,
2023-01-20,28,-233,,,
2023-01-21,61,-233,,,
2023-01-22,22,-117,,,
2023-01-23,28,-172,,,
2023-01-24,100,-211,,,
2023-01-25,89,-189,,,
2023-01-26,122,-178,,,
2023-01-27,106,-161,,,
2023-01-28,100,-189,,,
2023-01-29,0,-189,,,
2023-01-30,-28,-272,,,
2023-01-31,50,-261,,,
2023-02-01,89,-200,,,
2023-02-02,72,-161,,,
2023-02-03,39,-11,,,
2023-02-04,56,-17,,,
2023-02-05,44,-50,,,
2023-02-06,61,-122,,,
2023-02-07,100,-144,,,
2023-02-08,122,-150,,,
2023-02-09,106,-122,,,
2023-02-10,72,-128,,,
2023-02-11,100,-67,,,
2023-02-12,111,-139,,,
2023-02-13,144,-150,,,
2023-02-14,-6,-139,,,
2023-02-15,28,-194,,,
2023-02-16,22,-222,,,
2023-02-17,72,-150,,,
2023-02-18,89,-172,,,
2023-02-19,133,-156,,,
2023-02-20,156,-83,,,
2023-02-21,61,-94,,,
2023-02-22,-11,-178,,,
2023-02-23,-39,-183,,,
2023-02-24,-33,-72,,,
2023-02-25,61,-83,,,
2023-02-26,0,-56,,,
2023-02-27,-39,-83,,,
2023-02-28,-17,-161,,,
2023-03-01,-11,-161,,,
2023-03-02,106,-211,,,
2023-03-03,83,-78,,,
2023-03-04,-11,-78,,,
2023-03-05,-17,-111,,,
2023-03-06,-6,-133,,,
2023-03-07,-6,-117,,,
2023-03-08,11,-61,,,
2023-03-09,6,-50,,,
2023-03-10,50,-94,,,
2023-03-11,33,-150,,,
2023-03-12,61,-11,,,
2023-03-13,61,6,,,
2023-03-14,44,-6,,,
2023-03-15,72,-89,,,
2023-03-16,61,-144,,,
2023-03-17,106,-144,,,
2023-03-18,94,-128,,,
2023-03-19,44,-6,,,
2023-03-20,78,-78,,,
2023-03-21,22,-122,,,
2023-03-22,67,-28,,,
2023-03-23,72,-50,,,
2023-03-24,39,-150,,,
2023-03-25,33,-150,,,
2023-03-26,39,-117,,,
2023-03-27,44,-172,,,
2023-03-28,-11,-72,,,
2023-03-29,11,-100,,,
2023-03-30,50,-200,,,
2023-03-31,61,-50,,,
2023-04-01,78,-44,,,
2023-04-02,50,-67,,,
2023-04-03,6,-122,,,
2023-04-04,44,-106,,,
2023-04-05,89,-150,,,
2023-04-06,78,-83,,,
2023-04-07,61,-6,,,
2023-04-08,89,-44,,,
2023-04-09,189,-61,,,
2023-04-10,139,-44,,,
2023-04-11,106,6,,,
2023-04-12,89,-67,,,
2023-04-13,89,-117,,,
2023-04-14,128,-122,,,
2023-04-15,122,-94,,,
2023-04-16,106,-67,,,
2023-04-17,72,-50,,,
2023-04-18,61,-100,,,
2023-04-19,78,-89,,,
2023-04-20,133,-111,,,
2023-04-21,150,-11,,,
2023-04-22,211,-39,,,
2023-04-23,178,-39,,,
2023-04-24,167,-39,,,
2023-04-25,161,-67,,,
2023-04-26,222,-56,,,
2023-04-27,239,-44,,,
2023-04-28,239,-39,,,
2023-04-29,194,-33,,,
2023-04-30,161,-39,,,
2023-05-01,94,-28,,,
2023-05-02,100,-11,,,
2023-05-03,128,-6,,,
2023-05-04,111,11,,,
2023-05-05,67,6,,,
2023-05-06,72,-11,,,
2023-05-07,61,-11,,,
2023-05-08,50,-39,,,
2023-05-09,133,-56,,,
2023-05-10,144,-44,,,
2023-05-11,178,-28,,,
2023-05-12,222,-17,,,
2023-05-13,239,0,,,
2023-05-14,217,6,,,
2023-05-15,217,6,,,
2023-05-16,233,-11,,,
2023-05-17,244,0,,,
2023-05-18,256,11,,,
2023-05-19,272,22,,,
2023-05-20,261,22,,,
2023-05-21,256,22,,,
2023-05-22,222,28,,,
2023-05-23,217,33,,,
2023-05-24,194,-11,,,
2023-05-25,189,11,,,
2023-05-26,206,11,,,
2023-05-27,206,61,,,
2023-05-28,189,39,,,
2023-05-29,211,22,,,
2023-05-30,200,50,,,
2023-05-31,194,44,,,
2023-06-01,194,6,,,
2023-06-02,222,0,,,
2023-06-03,250,11,,,
2023-06-04,261,33,,,
2023-06-05,250,56,,,
2023-06-06,244,61,,,
2023-06-07,239,44,,,
2023-06-08,217,78,,,
2023-06-09,189,50,,,
2023-06-10,217,28,,,
2023-06-11,211,44,,,
2023-06-12,228,83,,,
2023-06-13,233,67,,,
2023-06-14,222,61,,,
2023-06-15,233,6,,,
2023-06-16,239,11,,,
2023-06-17,244,33,,,
2023-06-18,189,83,,,
2023-06-19,128,-11,,,
2023-06-20,122,-22,,,
2023-06-21,200,-33,,,
2023-06-22,206,-17,,,
2023-06-23,183,-6,,,
2023-06-24,228,6,,,
2023-06-25,228,22,,,
2023-06-26,211,6,,,
2023-06-27,217,33,,,
2023-06-28,256,22,,,
2023-06-29,283,33,,,
2023-06-30,311,50,,,
2023-07-01,317,67,,,
2023-07-02,317,61,,,
2023-07-03,300,61,,,
2023-07-04,311,67,,,
2023-07-05,306,67,,,
2023-07-06,278,61,,,
2023-07-07,267,61,,,
2023-07-08,278,50,,,
2023-07-09,278,17,,,
2023-07-10,267,17,,,
2023-07-11,283,22,,,
2023-07-12,272,33,,,
2023-07-13,289,28,,,
2023-07-14,322,50,,,
2023-07-15,356,67,,,
2023-07-16,350,61,,,
2023-07-17,328,117,,,
2023-07-18,317,56,,,
2023-07-19,311,11,,,
2023-07-20,322,17,,,
2023-07-21,344,33,,,
2023-07-22,350,39,,,
2023-07-23,322,39,,,
2023-07-24,283,50,,,
2023-07-25,300,6,,,
2023-07-26,300,0,,,
2023-07-27,283,22,,,
2023-07-28,289,17,,,
2023-07-29,289,17,,,
2023-07-30,294,17,,,
2023-07-31,300,0,,,
2023-08-01,278,6,,,
2023-08-02,294,17,,,
2023-08-03,278,33,,,
2023-08-04,289,33,,,
2023-08-05,267,39,,,
2023-08-06,278,39,,,
2023-08-07,283,39,,,
2023-08-08,278,39,,,
2023-08-09,272,6,,,
2023-08-10,289,6,,,
2023-08-11,306,28,,,
2023-08-12,328,78,,,
2023-08-13,333,72,,,
2023-08-14,339,72,,,
2023-08-15,328,67,,,
2023-08-16,328,106,,,
2023-08-17,289,117,,,
2023-08-18,289,56,,,
2023-08-19,267,67,,,
2023-08-20,200,100,,,
2023-08-21,150,83,,,
2023-08-22,172,50,,,
2023-08-23,261,22,,,
2023-08-24,278,28,,,
2023-08-25,256,33,,,
2023-08-26,267,22,,,
2023-08-27,294,-17,,,
2023-08-28,306,-11,,,
2023-08-29,256,-22,,,
2023-08-30,289,-17,,,
2023-08-31,250,0,,,
2023-09-01,150,22,,,
2023-09-02,122,17,,,
2023-09-03,172,61,,,
2023-09-04,200,61,,,
2023-09-05,244,22,,,
2023-09-06,239,6,,,
2023-09-07,239,-6,,,
2023-09-08,239,-11,,,
2023-09-09,244,-6,,,
2023-09-10,267,-17,,,
2023-09-11,267,-11,,,
2023-09-12,267,-11,,,
2023-09-13,267,6,,,
2023-09-14,272,0,,,
2023-09-15,278,-11,,,
2023-09-16,278,6,,,
2023-09-17,283,22,,,
2023-09-18,239,28,,,
2023-09-19,250,11,,,
2023-09-20,211,-22,,,
2023-09-21,144,-61,,,
2023-09-22,194,-50,,,
2023-09-23,211,-44,,,
2023-09-24,194,17,,,
2023-09-25,183,61,,,
2023-09-26,172,-11,,,
2023-09-27,183,-39,,,
2023-09-28,194,-44,,,
2023-09-29,167,-44,,,
2023-09-30,78,33,,,
2023-10-01,111,-22,,,
2023-10-02,150,-22,,,
2023-10-03,172,28,,,
2023-10-04,211,-11,,,
2023-10-05,228,-17,,,
2023-10-06,239,-6,,,
2023-10-07,244,-6,,,
2023-10-08,239,-17,,,
2023-10-09,167,33,,,
2023-10-10,128,22,,,
2023-10-11,106,-28,,,
2023-10-12,150,-67,,,
2023-10-13,144,-56,,,
2023-10-14,172,28,,,
2023-10-15,211,6,,,
2023-10-16,211,17,,,
2023-10-17,228,-39,,,
2023-10-18,244,-33,,,
2023-10-19,272,-28,,,
2023-10-20,250,-17,,,
2023-10-21,206,-22,,,
2023-10-22,139,33,,,
2023-10-23,178,-39,,,
2023-10-24,189,-67,,,
2023-10-25,94,-33,,,
2023-10-26,100,-100,,,
2023-10-27,122,-128,,,
2023-10-28,83,-144,,,
2023-10-29,100,-133,,,
2023-10-30,144,-150,,,
2023-10-31,183,-128,,,
2023-11-01,189,-78,,,
2023-11-02,161,-28,,,
2023-11-03,206,-44,,,
2023-11-04,167,22,,,
2023-11-05,122,-11,,,
2023-11-06,89,0,,,
2023-11-07,67,-50,,,
2023-11-08,89,-94,,,
2023-11-09,83,-117,,,
2023-11-10,128,-44,,,
2023-11-11,161,-61,,,
2023-11-12,133,-72,,,
2023-11-13,122,-28,,,
2023-11-14,128,-67,,,
2023-11-15,117,-61,,,
2023-11-16,94,-28,,,
2023-11-17,128,-56,,,
2023-11-18,61,-11,,,
2023-11-19,28,-50,,,
2023-11-20,72,-89,,,
2023-11-21,117,-56,,,
2023-11-22,150,-83,,,
2023-11-23,56,-50,,,
2023-11-24,28,-117,,,
2023-11-25,39,-150,,,
2023-11-26,50,-128,,,
2023-11-27,61,-139,,,
2023-11-28,89,-144,,,
2023-11-29,83,-106,,,
2023-11-30,39,-72,,,
2023-12-01,50,-94,,,
2023-12-02,56,-44,,,
2023-12-03,83,-17,,,
2023-12-04,133,-39,,,
2023-12-05,139,-50,,,
2023-12-06,89,-33,,,
2023-12-07,22,-61,,,
2023-12-08,17,-161,,,
2023-12-09,22,-178,,,
2023-12-10,61,-156,,,
2023-12-11,94,-139,,,
2023-12-12,67,-117,,,
2023-12-13,50,-128,,,
2023-12-14,67,-111,,,
2023-12-15,61,-117,,,
2023-12-16,128,-111,,,
2023-12-17,67,-106,,,
2023-12-18,50,-28,,,
2023-12-19,61,22,,,
2023-12-20,72,-11,,,
2023-12-21,83,-44,,,
2023-12-22,94,-67,,,
2023-12-23,39,-72,,,
2023-12-24,22,-89,,,
2023-12-25,61,-11,,,
2023-12-26,94,-33,,,
2023-12-27,61,-11,,,
2023-12-28,72,17,,,
2023-12-29,89,6,,,
2023-12-30,44,-6,,,
2024-01-01,72,-56,,,
2024-01-02,22,-67,,,
2024-01-03,22,-44,,,
2024-01-04,50,-122,,,
2024-01-05,50,-111,,,
2024-01-06,-11,-106,,,
2024-01-07,0,-144,,,
2024-01-08,22,-183,,,
2024-01-09,50,-106,,,
2024-01-10,33,-111,,,
2024-01-11,0,-178,,,
2024-01-12,6,-156,,,
2024-01-13,33,-33,,,
2024-01-14,78,-33,,,
2024-01-15,94,-106,,,
2024-01-16,44,-100,,,
2024-01-17,50,-28,,,
2024-01-18,44,-33,,,
2024-01-19,78,-22,,,
2024-01-20,33,0,,,
2024-01-21,33,0,,,
2024-01-22,72,0,,,
2024-01-23,78,-22,,,
2024-01-24,50,0,,,
2024-01-25,67,-44,,,
2024-01-26,50,-28,,,
2024-01-27,117,11,,,
2024-01-28,167,-22,,,
2024-01-29,156,-39,,,
2024-01-30,128,-22,,,
2024-01-31,72,0,,,
2024-02-01,50,-39,,,
2024-02-02,28,-50,,,
2024-02-03,22,-117,,,
2024-02-04,6,-78,,,
2024-02-05,17,-33,,,
2024-02-06,56,-61,,,
2024-02-07,17,-117,,,
2024-02-08,39,-150,,,
2024-02-09,33,-117,,,
2024-02-10,33,-161,,,
2024-02-11,106,-156,,,
2024-02-12,122,-122,,,
2024-02-13,72,-94,,,
2024-02-14,28,-94,,,
2024-02-15,56,-33,,,
2024-02-16,61,-22,,,
2024-02-17,61,-6,,,
2024-02-18,72,-28,,,
2024-02-19,11,-6,,,
2024-02-20,44,-11,,,
2024-02-21,50,-39,,,
2024-02-22,61,-100,,,
2024-02-23,83,-122,,,
2024-02-24,128,-106,,,
2024-02-25,111,-106,,,
2024-02-26,56,-39,,,
2024-02-27,83,-122,,,
2024-02-28,111,-111,,,
2024-02-29,17,-22,,,
2024-03-01,0,-33,,,
2024-03-02,-39,-72,,,
2024-03-03,-28,-133,,,
2024-03-04,-6,-189,,,
2024-03-05,39,-33,,,
2024-03-06,44,-6,,,
2024-03-07,78,-72,,,
2024-03-08,61,-133,,,
2024-03-09,44,0,,,
2024-03-10,50,-17,,,
2024-03-11,39,-28,,,
2024-03-12,89,-28,,,
2024-03-13,72,-44,,,
2024-03-14,78,-78,,,
2024-03-15,111,-56,,,
2024-03-16,133,-94,,,
2024-03-17,144,-83,,,
2024-03-18,178,-72,,,
2024-03-19,189,-72,,,
2024-03-20,122,-78,,,
2024-03-21,111,-44,,,
2024-03-22,78,-39,,,
2024-03-23,33,-39,,,
2024-03-24,67,-56,,,
2024-03-25,72,-78,,,
2024-03-26,100,-39,,,
2024-03-27,33,-17,,,
2024-03-28,44,-33,,,
2024-03-29,17,-28,,,
2024-03-30,50,-22,,,
2024-03-31,72,-39,,,
2024-04-01,156,-78,,,
2024-04-02,211,-50,,,
2024-04-03,111,-61,,,
2024-04-04,39,-56,,,
2024-04-05,50,-94,,,
2024-04-06,39,-106,,,
2024-04-07,72,-94,,,
2024-04-08,106,-117,,,
2024-04-09,178,-72,,,
2024-04-10,189,-44,,,
2024-04-11,167,-39,,,
2024-04-12,128,-17,,,
2024-04-13,94,-6,,,
2024-04-14,44,-17,,,
2024-04-15,111,-22,,,
2024-04-16,167,-39,,,
2024-04-17,172,-33,,,
2024-04-18,178,-33,,,
2024-04-19,189,-28,,,
2024-04-20,194,-22,,,
2024-04-21,211,-28,,,
2024-04-22,217,-28,,,
2024-04-23,189,-17,,,
2024-04-24,144,28,,,
2024-04-25,106,22,,,
2024-04-26,78,-6,,,
2024-04-27,139,-33,,,
2024-04-28,156,-17,,,
2024-04-29,128,-44,,,
2024-04-30,144,-61,,,
2024-05-01,139,-72,,,
2024-05-02,150,-39,,,
2024-05-03,183,-39,,,
2024-05-04,61,-22,,,
2024-05-05,44,-61,,,
2024-05-06,100,-44,,,
2024-05-07,106,-28,,,
2024-05-08,139,-50,,,
2024-05-09,189,0,,,
2024-05-10,211,-22,,,
2024-05-11,239,-17,,,
2024-05-12,239,11,,,
2024-05-13,244,0,,,
2024-05-14,250,11,,,
2024-05-15,267,6,,,
2024-05-16,261,11,,,
2024-05-17,233,33,,,
2024-05-18,239,-6,,,
2024-05-19,189,11,,,
2024-05-20,156,-33,,,
2024-05-21,194,-39,,,
2024-05-22,183,-11,,,
2024-05-23,183,-44,,,
2024-05-24,183,-33,,,
2024-05-25,178,11,,,
2024-05-26,228,-22,,,
2024-05-27,250,0,,,
2024-05-28,233,6,,,
2024-05-29,194,11,,,
2024-05-30,233,-28,,,
2024-05-31,256,-6,,,
2024-06-01,239,22,,,
2024-06-02,217,28,,,
2024-06-03,183,72,,,
2024-06-04,272,22,,,
2024-06-05,311,50,,,
2024-06-06,300,67,,,
2024-06-07,306,50,,,
2024-06-08,289,67,,,
2024-06-09,244,61,,,
2024-06-10,289,28,,,
2024-06-11,300,44,,,
2024-06-12,306,39,,,
2024-06-13,289,33,,,
2024-06-14,250,28,,,
2024-06-15,200,6,,,
2024-06-16,211,-33,,,
2024-06-17,172,-17,,,
2024-06-18,206,-50,,,
2024-06-19,250,-39,,,
2024-06-20,272,-11,,,
2024-06-21,300,28,,,
2024-06-22,317,39,,,
2024-06-23,294,39,,,
2024-06-24,294,28,,,
2024-06-25,261,17,,,
2024-06-26,267,67,,,
2024-06-27,244,11,,,
2024-06-28,278,6,,,
2024-06-29,256,33,,,
2024-06-30,256,44,,,
2024-07-01,278,11,,,
2024-07-02,306,28,,,
2024-07-03,322,11,,,
2024-07-04,339,17,,,
2024-07-05,350,50,,,
2024-07-06,367,39,,,
2024-07-07,367,61,,,
2024-07-08,356,67,,,
2024-07-09,333,56,,,
2024-07-10,339,56,,,
2024-07-11,344,67,,,
2024-07-12,350,61,,,
2024-07-13,339,67,,,
2024-07-14,272,133,,,
2024-07-15,294,67,,,
2024-07-16,294,89,,,
2024-07-17,294,61,,,
2024-07-18,322,28,,,
2024-07-19,328,50,,,
2024-07-20,361,61,,,
2024-07-21,344,100,,,
2024-07-22,344,83,,,
2024-07-23,344,94,,,
2024-07-24,328,111,,,
2024-07-25,289,72,,,
2024-07-26,278,28,,,
2024-07-27,239,56,,,
2024-07-28,261,11,,,
2024-07-29,261,11,,,
2024-07-30,267,39,,,
2024-07-31,322,39,,,
2024-08-01,328,61,,,
2024-08-02,317,50,,,
2024-08-03,272,106,,,
2024-08-04,311,61,,,
2024-08-05,311,33,,,
2024-08-06,317,11,,,
2024-08-07,317,17,,,
2024-08-08,317,44,,,
2024-08-09,317,44,,,
2024-08-10,311,33,,,
2024-08-11,306,17,,,
2024-08-12,272,17,,,
2024-08-13,261,22,,,
2024-08-14,272,11,,,
2024-08-15,256,22,,,
2024-08-16,278,6,,,
2024-08-17,233,6,,,
2024-08-18,228,56,,,
2024-08-19,250,0,,,
2024-08-20,256,-11,,,
2024-08-21,256,6,,,
2024-08-22,228,-11,,,
2024-08-23,161,61,,,
2024-08-24,139,0,,,
2024-08-25,211,-33,,,
2024-08-26,267,-22,,,
2024-08-27,300,6,,,
2024-08-28,294,11,,,
2024-08-29,317,17,,,
2024-08-30,333,22,,,
2024-08-31,311,33,,,
2024-09-01,283,28,,,
2024-09-02,261,28,,,
2024-09-03,289,-33,,,
2024-09-04,306,-11,,,
2024-09-05,322,22,,,
2024-09-06,311,39,,,
2024-09-07,289,72,,,
2024-09-08,278,6,,,
2024-09-09,283,0,,,
2024-09-10,272,6,,,
2024-09-11,194,-11,,,
2024-09-12,217,-17,,,
2024-09-13,261,-33,,,
2024-09-14,261,-17,,,
2024-09-15,194,39,,,
2024-09-16,139,39,,,
2024-09-17,150,44,,,
2024-09-18,194,22,,,
2024-09-19,233,-11,,,
2024-09-20,244,-6,,,
2024-09-21,256,-22,,,
2024-09-22,272,-33,,,
2024-09-23,278,-11,,,
2024-09-24,300,0,,,
2024-09-25,250,6,,,
2024-09-26,272,-17,,,
2024-09-27,294,-17,,,
2024-09-28,289,-6,,,
2024-09-29,267,-33,,,
2024-09-30,256,-22,,,
2024-10-01,311,-28,,,
2024-10-02,306,-6,,,
2024-10-03,289,-17,,,
2024-10-04,256,0,,,
2024-10-05,267,6,,,
2024-10-06,261,-6,,,
2024-10-07,261,-6,,,
2024-10-08,261,-22,,,
2024-10-09,244,-28,,,
2024-10-10,233,-17,,,
2024-10-11,228,-28,,,
2024-10-12,139,-11,,,
2024-10-13,211,6,,,
2024-10-14,256,-39,,,
2024-10-15,250,-33,,,
2024-10-16,100,17,,,
2024-10-17,67,-33,,,
2024-10-18,133,-67,,,
2024-10-19,189,-56,,,
2024-10-20,206,-44,,,
2024-10-21,161,-28,,,
2024-10-22,172,-61,,,
2024-10-23,183,-50,,,
2024-10-24,133,-100,,,
2024-10-25,194,-67,,,
2024-10-26,194,-61,,,
2024-10-27,128,44,,,
2024-10-28,50,-39,,,
2024-10-29,83,-78,,,
2024-10-30,72,-100,,,
2024-10-31,61,-50,,,
2024-11-01,61,-50,,,
2024-11-02,56,-28,,,
2024-11-03,67,-33,,,
2024-11-04,139,-72,,,
2024-11-05,78,-33,,,
2024-11-06,72,-50,,,
2024-11-07,117,-78,,,
2024-11-08,167,-78,,,
2024-11-09,128,-72,,,
2024-11-10,139,-39,,,
2024-11-11,44,-44,,,
2024-11-12,-39,-61,,,
2024-12-02,128,-94,,,
2024-12-03,111,-128,,,
2024-12-04,111,-133,,,
2024-12-05,122,-106,,,
2024-12-06,100,-133,,,
2024-12-07,117,-106,,,
2024-12-08,89,-128,,,
2024-12-09,33,-183,,,
2024-12-10,44,-200,,,
2024-12-11,67,-111,,,
2024-12-12,22,-28,,,
2024-12-13,22,-22,,,
2024-12-14,17,-78,,,
2024-12-15,-6,-150,,,
2024-12-16,22,-33,,,
2024-12-17,50,-61,,,
2024-12-18,100,-100,,,
2024-12-19,106,-117,,,
2024-12-20,89,-56,,,
2024-12-21,67,-17,,,
2024-12-22,72,6,,,
2024-12-23,56,-22,,,
2024-12-24,56,-61,,,
2024-12-25,22,-83,,,
2024-12-26,61,-17,,,
2024-12-27,89,6,,,
2024-12-28,78,17,,,
2024-12-29,44,-22,,,
2024-12-30,22,-100,,,
2024-12-31,17,-161,,,
2025-01-01,33,-28,,,
2025-01-02,72,6,,,
2025-01-03,39,-50,,,
2025-01-04,39,-100,,,
2025-01-05,39,-33,,,
2025-01-06,89,-33,,,
2025-01-07,61,-100,,,
2025-01-08,89,-128,,,
2025-01-09,94,-139,,,
2025-01-10,156,-106,,,
2025-01-11,67,-106,,,
2025-01-12,17,-150,,,
2025-01-13,33,-106,,,
2025-01-14,94,-150,,,
2025-01-15,67,-117,,,
2025-01-16,111,-117,,,
2025-01-17,106,-128,,,
2025-01-18,83,-150,,,
2025-01-19,94,-150,,,
2025-01-20,11,-133,,,
2025-01-21,122,-172,,,
2025-01-22,78,-161,,,
2025-01-23,100,-139,,,
2025-01-24,89,-100,,,
2025-01-25,11,-94,,,
2025-01-26,22,-150,,,
2025-01-27,56,-167,,,
2025-01-28,94,-161,,,
2025-01-29,117,-161,,,
2025-01-30,122,-161,,,
2025-01-31,28,-11,,,
2025-02-01,56,6,,,
2025-02-02,56,22,,,
2025-02-03,44,0,,,
2025-02-04,22,-17,,,
2025-02-05,-6,-128,,,
2025-02-06,17,-144,,,
2025-02-07,44,-72,,,
2025-02-08,33,-178,,,
2025-02-09,17,-239,,,
2025-02-10,33,-244,,,
2025-02-11,-6,-222,,,
2025-02-12,22,-256,,,
2025-02-13,6,-56,,,
2025-02-14,28,-61,,,
2025-02-15,61,-144,,,
2025-02-16,44,-28,,,
2025-02-17,44,-56,,,
2025-02-18,83,-122,,,
2025-02-19,39,-17,,,
2025-02-20,72,-83,,,
2025-02-21,94,-122,,,
2025-02-22,111,-83,,,
2025-02-23,78,-17,,,
2025-02-24,89,-44,,,
2025-02-25,117,-61,,,
2025-02-26,122,-111,,,
2025-02-27,156,-106,,,
2025-02-28,167,-117,,,
2025-03-01,150,-100,,,
2025-03-02,28,-22,,,
2025-03-03,83,-56,,,
2025-03-04,89,-67,,,
2025-03-05,44,-44,,,
2025-03-06,44,-61,,,
2025-03-07,83,-106,,,
2025-03-08,117,-133,,,
2025-03-09,89,-83,,,
2025-03-10,106,-72,,,
2025-03-11,100,-89,,,
2025-03-12,17,-39,,,
2025-03-13,17,-111,,,
2025-03-14,22,-67,,,
2025-03-15,28,-67,,,
2025-03-16,39,-6,,,
2025-03-17,39,-56,,,
2025-03-18,61,-100,,,
2025-03-19,50,-106,,,
2025-03-20,78,-89,,,
2025-03-21,61,-28,,,
2025-03-22,94,-22,,,
2025-03-23,178,-50,,,
2025-03-24,189,-44,,,
2025-03-25,189,-44,,,
2025-03-26,139,-56,,,
2025-03-27,44,6,,,
2025-03-28,67,-17,,,
2025-03-29,89,-61,,,
2025-03-30,56,-11,,,
2025-03-31,33,-72,,,
2025-04-01,39,-50,,,
2025-04-02,72,-78,,,
2025-04-03,100,-133,,,
2025-04-04,89,-106,,,
2025-04-05,161,-83,,,
2025-04-06,144,-56,,,
2025-04-07,83,17,,,
2025-04-08,122,-28,,,
2025-04-09,167,-56,,,
2025-04-10,167,-44,,,
2025-04-11,150,-11,,,
2025-04-12,144,-22,,,
2025-04-13,150,-50,,,
2025-04-14,200,-61,,,
2025-04-15,211,-33,,,
2025-04-16,206,-11,,,
2025-04-17,133,-28,,,
2025-04-18,139,-39,,,
2025-04-19,178,-50,,,
2025-04-20,172,-33,,,
2025-04-21,183,-33,,,
2025-04-22,172,-39,,,
2025-04-23,139,-28,,,
2025-04-24,161,-44,,,
2025-04-25,117,6,,,
2025-04-26,67,6,,,
2025-04-27,83,0,,,
2025-04-28,167,-6,,,
2025-04-29,189,-28,,,
2025-04-30,189,-17,,,
2025-05-01,206,-28,,,
2025-05-02,206,-22,,,
2025-05-03,150,0,,,
2025-05-04,128,6,,,
2025-05-05,183,-33,,,
2025-05-06,189,-39,,,
2025-05-07,211,-22,,,
2025-05-08,222,-11,,,
2025-05-09,244,-11,,,
2025-05-10,233,-17,,,
2025-05-11,161,0,,,
2025-05-12,83,0,,,
2025-05-13,100,0,,,
2025-05-14,156,-6,,,
2025-05-15,189,-33,,,
2025-05-16,194,39,,,
2025-05-17,128,6,,,
2025-05-18,150,-6,,,
2025-05-19,189,-11,,,
2025-05-20,206,-22,,,
2025-05-21,228,-28,,,
2025-05-22,194,6,,,
2025-05-23,206,-22,,,
2025-05-24,250,-6,,,
2025-05-25,239,11,,,
2025-05-26,200,33,,,
2025-05-27,267,0,,,
2025-05-28,267,33,,,
2025-05-29,267,11,,,
2025-05-30,311,39,,,
2025-05-31,311,28,,,
2025-06-01,256,50,,,
2025-06-02,261,22,,,
2025-06-03,244,17,,,
2025-06-04,239,17,,,
2025-06-05,244,11,,,
2025-06-06,278,28,,,
2025-06-07,289,39,,,
2025-06-08,306,56,,,
2025-06-09,311,78,,,
2025-06-10,283,56,,,
2025-06-11,272,50,,,
2025-06-12,244,17,,,
2025-06-13,228,17,,,
2025-06-14,233,-17,,,
2025-06-15,250,-22,,,
2025-06-16,244,-11,,,
2025-06-17,272,0,,,
2025-06-18,300,17,,,
2025-06-19,272,17,,,
2025-06-20,172,6,,,
2025-06-21,139,6,,,
2025-06-22,194,-33,,,
2025-06-23,239,-17,,,
2025-06-24,256,-6,,,
2025-06-25,267,0,,,
2025-06-26,272,11,,,
2025-06-27,278,22,,,
2025-06-28,294,39,,,
2025-06-29,328,50,,,
2025-06-30,333,72,,,
2025-07-01,306,122,,,
2025-07-02,294,56,,,
2025-07-03,272,56,,,
2025-07-04,222,28,,,
2025-07-05,267,-11,,,
2025-07-06,300,11,,,
2025-07-07,333,56,,,
2025-07-08,278,33,,,
2025-07-09,261,6,,,
2025-07-10,311,39,,,
2025-07-11,322,56,,,
2025-07-12,344,78,,,
2025-07-13,367,94,,,
2025-07-14,356,106,,,
2025-07-15,322,72,,,
2025-07-16,311,78,,,
2025-07-17,294,22,,,
2025-07-18,300,39,,,
2025-07-19,306,44,,,
2025-07-20,294,39,,,
2025-07-21,244,56,,,
2025-07-22,261,6,,,
2025-07-23,283,28,,,
2025-07-24,306,56,,,
2025-07-25,267,50,,,
2025-07-26,244,56,,,
2025-07-27,256,28,,,
2025-07-28,283,33,,,
2025-07-29,300,33,,,
2025-07-30,261,61,,,
2025-07-31,272,78,,,
2025-08-01,289,33,,,
2025-08-02,283,17,,,
2025-08-03,272,22,,,
2025-08-04,261,22,,,
2025-08-05,272,0,,,
2025-08-06,267,22,,,
2025-08-07,272,22,,,
2025-08-08,311,28,,,
2025-08-09,322,28,,,
2025-08-10,350,44,,,
2025-08-11,356,61,,,
2025-08-12,350,72,,,
2025-08-13,328,67,,,
2025-08-14,300,44,,,
2025-08-15,300,44,,,
2025-08-16,278,44,,,
2025-08-17,250,72,,,
2025-08-18,256,0,,,
2025-08-19,278,-22,,,
2025-08-20,289,0,,,
2025-08-21,328,22,,,
2025-08-22,333,33,,,
2025-08-23,333,111,,,
2025-08-24,311,83,,,
2025-08-25,278,61,,,
2025-08-26,272,83,,,
2025-08-27,239,50,,,
2025-08-28,278,39,,,
2025-08-29,278,17,,,
2025-08-30,278,28,,,
2025-08-31,283,33,,,
2025-09-01,294,39,,,
2025-09-02,294,39,,,
2025-09-03,278,83,,,
2025-09-04,278,56,,,
2025-09-05,283,17,,,
2025-09-06,244,33,,,
2025-09-07,217,0,,,
2025-09-08,217,0,,,
2025-09-09,189,56,,,
2025-09-10,156,22,,,
2025-09-11,161,33,,,
2025-09-12,211,50,,,
2025-09-13,250,0,,,
2025-09-14,222,22,,,
2025-09-15,267,-17,,,
2025-09-16,278,-11,,,
2025-09-17,289,0,,,
2025-09-18,283,33,,,
2025-09-19,228,117,,,
2025-09-20,244,56,,,
2025-09-21,233,39,,,
2025-09-22,261,-6,,,
2025-09-23,278,-11,,,
2025-09-24,294,-22,,,
2025-09-25,261,17,,,
2025-09-26,267,11,,,
2025-09-27,278,-17,,,
2025-09-28,222,22,,,
2025-09-29,167,67,,,
2025-09-30,106,50,,,
2025-10-01,144,61,,,
2025-10-02,139,33,,,
2025-10-03,106,50,,,
2025-10-04,161,-17,,,
2025-10-05,167,-50,,,
2025-10-06,189,-50,,,
2025-10-07,228,-50,,,
2025-10-08,206,-33,,,
2025-10-09,167,0,,,
2025-10-10,139,11,,,
2025-10-11,100,-39,,,
2025-10-12,139,-50,,,
2025-10-13,72,-28,,,
2025-10-14,122,-22,,,
2025-10-15,106,-28,,,
2025-10-16,167,-56,,,
2025-10-17,211,-44,,,
2025-10-18,222,-33,,,
2025-10-19,178,-17,,,
2025-10-20,161,-67,,,
2025-10-21,211,-56,,,
2025-10-22,206,-33,,,
2025-10-23,211,-50,,,
2025-10-24,183,-44,,,
2025-10-25,83,22,,,
2025-10-26,61,6,,,
2025-10-27,122,-28,,,
2025-10-28,161,-39,,,
2025-10-29,200,-33,,,
2025-10-30,183,-50,,,
2025-10-31,211,-50,,,
2025-11-01,222,-44,,,
2025-11-02,206,-28,,,
2025-11-03,172,-17,,,
2025-11-04,133,50,,,
2025-11-05,83,0,,,
2025-11-06,111,11,,,
2025-11-07,144,-11,,,
2025-11-08,172,-39,,,
2025-11-09,183,-39,,,
2025-11-10,189,-28,,,
2025-11-11,178,-39,,,
2025-11-12,150,-33,,,
2025-11-13,83,11,,,
2025-11-14,117,-22,,,
2025-11-15,150,-28,,,
2025-11-16,61,28,,,
2025-11-17,39,0,,,
2025-11-18,94,-33,,,
2025-11-19,39,-44,,,
2025-11-20,44,-28,,,
2025-11-21,100,-33,,,
2025-11-22,106,-61,,,
2025-11-23,133,-78,,,
2025-11-24,111,-67,,,
2025-11-25,128,-100,,,
2025-11-26,161,-72,,,
2025-11-27,161,-61,,,
2025-11-28,128,-67,,,
2025-11-29,117,-94,,,
2025-11-30,94,-67,,,
2025-12-01,89,-89,,,
2025-12-02,128,-67,,,
2025-12-03,56,-89,,,
2025-12-04,117,-100,,,
2025-12-05,133,-39,,,
2025-12-06,117,-44,,,
2025-12-07,128,-67,,,
2025-12-08,133,-72,,,
2025-12-09,167,-61,,,
2025-12-10,183,-56,,,
2025-12-11,194,-78,,,
2025-12-12,156,-94,,,
2025-12-13,156,-94,,,
2025-12-14,167,-100,,,
2025-12-15,144,-56,,,
2025-12-16,111,-17,,,
2025-12-17,117,-22,,,
2025-12-18,128,-17,,,
2025-12-19,56,17,,,
2025-12-20,72,17,,,
2025-12-21,78,50,,,
2025-12-22,78,28,,,
2025-12-23,94,22,,,
2025-12-24,50,0,,,
2025-12-25,17,-11,,,
2025-12-26,17,-39,,,
2025-12-27,33,-128,,,
2025-12-28,22,-156,,,
2025-12-29,22,-167,,,
2025-12-30,44,-139,,,
2025-12-31,33,-122,,,
2026-01-01,50,0,,,
2026-01-02,44,11,,,
2026-01-03,28,0,,,
2026-01-04,33,-17,,,
2026-01-05,17,-17,,,
2026-01-06,67,-11,,,
2026-01-07,67,-33,,,
2026-01-08,11,-161,,,
2026-01-09,28,-200,,,
2026-01-10,56,-150,,,
2026-01-11,89,-144,,,
2026-01-12,111,-144,,,
2026-01-13,111,-156,,,
2026-01-14,122,-122,,,
2026-01-15,133,-122,,,
2026-01-16,122,-144,,,
2026-01-17,111,-133,,,
2026-01-18,133,-128,,,
2026-01-19,89,-128,,,
2026-01-20,106,-133,,,
2026-01-21,128,-78,,,
2026-01-22,161,-67,,,
2026-01-23,106,-94,,,
2026-01-24,56,-144,,,
2026-01-25,100,-172,,,
2026-01-26,94,-128,,,
2026-01-27,72,-122,,,
2026-01-28,78,-72,,,
2026-01-29,111,-78,,,
2026-01-30,128,-50,,,
2026-01-31,128,-78,,,
2026-02-01,122,-72,,,
2026-02-02,133,-106,,,
2026-02-03,133,-106,,,
2026-02-04,122,-111,,,
2026-02-05,161,-72,,,
2026-02-06,133,-72,,,
2026-02-07,106,-83,,,
2026-02-08,67,-6,,,
2026-02-09,72,-61,,,
2026-02-10,67,-67,,,
2026-02-11,61,-11,,,
2026-02-12,78,-56,,,
2026-02-13,106,-89,,,
2026-02-14,56,-56,,,
2026-02-15,61,6,,,
2026-02-16,17,-94,,,
2026-02-17,-17,-83,,,
2026-02-18,-17,-167,,,
2026-02-19,-11,-89,,,
2026-02-20,33,-144,,,
2026-02-21,17,-61,,,
2026-02-22,61,-22,,,
2026-02-23,89,0,,,
2026-02-24,78,17,,,
2026-02-25,122,-6,,,
2026-02-26,161,-56,,,
2026-02-27,167,-28,,,
2026-02-28,150,-6,,,
2026-03-01,100,-28,,,
2026-03-02,117,-56,,,
2026-03-03,150,-67,,,
2026-03-04,67,-22,,,
2026-03-05,72,-28,,,
2026-03-06,106,-72,,,
2026-03-07,161,-44,,,
2026-03-08,200,-39,,,
2026-03-09,167,-39,,,
2026-03-10,111,-39,,,
2026-03-11,167,-67,,,
2026-03-12,194,-44,,,
2026-03-13,194,-56,,,
2026-03-14,161,-28,,,
2026-03-15,200,-50,,,
2026-03-16,233,-28,,,
2026-03-17,256,-33,,,
2026-03-18,244,-39,,,
2026-03-19,261,-33,,,
2026-03-20,267,-28,,,
2026-03-21,217,-17,,,
2026-03-22,200,-33,,,
2026-03-23,200,-6,,,
2026-03-24,211,22,,,
2026-03-25,189,-17,,,
2026-03-26,167,-39,,,
2026-03-27,194,-61,,,
2026-03-28,200,-44,,,
2026-03-29,189,-33,,,
2026-03-30,178,-11,,,
2026-03-31,78,33,,,
2026-04-01,44,11,,,
2026-04-02,61,-50,,,
2026-04-03,139,-72,,,
2026-04-04,189,-67,,,
2026-04-05,200,-50,,,
2026-04-06,217,-44,,,
2026-04-07,200,-39,,,
2026-04-08,189,-22,,,
2026-04-09,172,-6,,,
2026-04-10,72,11,,,
2026-04-11,67,-17,,,
2026-04-12,44,-33,,,
2026-04-13,89,-56,,,
2026-04-14,117,-39,,,
2026-04-15,100,-6,,,
2026-04-16,61,-56,,,
2026-04-17,139,-89,,,
2026-04-18,189,-56,,,
2026-04-19,172,6,,,
2026-04-20,150,28,,,
2026-04-21,67,0,,,
2026-04-22,94,-33,,,
2026-04-23,178,-22,,,
2026-04-24,172,-44,,,
2026-04-25,133,-28,,,
2026-04-26,67,0,,,
2026-04-27,106,-17,,,
2026-04-28,150,-39,,,
2026-04-29,189,-39,,,
2026-04-30,211,-28,,,
2026-05-01,211,-17,,,
2026-05-02,206,11,,,
2026-05-03,194,39,,,
2026-05-04,150,17,,,
2026-05-05,211,56,,,
2026-05-06,239,22,,,
2026-05-07,239,11,,,
2026-05-08,233,-6,,,
2026-05-09,261,-6,,,
2026-05-10,272,6,,,
2026-05-11,272,-6,,,
2026-05-12,250,-6,,,
2026-05-13,194,17,,,
2026-05-14,233,-28,,,
2026-05-15,206,-33,,,
2026-05-16,144,11,,,
2026-05-17,100,-22,,,
2026-05-18,172,-39,,,
2026-05-19,206,-50,,,
2026-05-20,217,-28,,,
2026-05-21,239,11,,,
2026-05-22,256,0,,,
2026-05-23,250,17,,,
2026-05-24,256,-17,,,
2026-05-25,211,6,,,
2026-05-26,83,11,,,
2026-05-27,72,17,,,
2026-05-28,139,-6,,,
2026-05-29,122,39,,,
2026-05-30,167,17,,,
2026-05-31,206,-22,,,
2026-06-01,244,-11,,,
2026-06-02,261,11,,,
2026-06-03,250,50,,,
2026-06-04,267,6,,,
2026-06-05,267,17,,,
2026-06-06,211,33,,,
2026-06-07,217,-17,,,
2026-06-08,150,-6,,,
2026-06-09,206,17,,,
2026-06-10,244,-6,,,
2026-06-11,278,11,,,
2026-06-12,300,17,,,
2026-06-13,294,39,,,
2026-06-14,306,33,,,
2026-06-15,317,50,,,
2026-06-16,317,44,,,
2026-06-17,311,72,,,
2026-06-18,322,94,,,
2026-06-19,228,117,,,
2026-06-20,256,72,,,
2026-06-21,272,28,,,
2026-06-22,300,39,,,
2026-06-23,289,39,,,
2026-06-24,278,33,,,
2026-06-25,256,33,,,
2026-06-26,200,100,,,
2026-06-27,172,50,,,
2026-06-28,178,-6,,,
2026-06-29,200,-22,,,
2026-06-30,233,-6,,,
2026-07-01,217,-17,,,
2026-07-02,267,-11,,,
2026-07-03,294,33,,,
2026-07-04,311,39,,,
2026-07-05,289,56,,,
2026-07-06,283,50,,,
2026-07-07,300,11,,,
2026-07-08,294,0,,,
2026-07-09,311,67,,,
2026-07-10,294,56,,,
2026-07-11,306,28,,,
2026-07-12,267,117,,,
2026-07-13,289,83,,,
2026-07-14,250,106,,,
2026-07-15,294,50,,,
2026-07-16,289,44,,,
2026-07-17,294,-6,,,
2026-07-18,300,50,,,
2026-07-19,311,56,,,
2026-07-20,300,144,,,
2026-07-21,289,133,,,
2026-07-22,289,94,,,
2026-07-23,317,6,,,
2026-07-24,317,6,,,
2026-07-25,294,11,,,
2026-07-26,283,6,,,
2026-07-27,294,0,,,
2026-07-28,306,6,,,
2026-07-29,306,28,,,
2026-07-30,322,28,,,
2026-07-31,328,17,,,
2026-08-01,328,22,,,
2026-08-02,322,28,,,
2026-08-03,317,28,,,
2026-08-04,339,39,,,
2026-08-05,339,56,,,
2026-08-06,339,28,,,
2026-08-07,361,44,,,
2026-08-08,356,83,,,
2026-08-09,339,50,,,
2026-08-10,328,39,,,
2026-08-11,311,33,,,
2026-08-12,289,17,,,
2026-08-13,261,22,,,
2026-08-14,244,17,,,
2026-08-15,250,0,,,
2026-08-16,272,-6,,,
2026-08-17,283,44,,,
2026-08-18,311,39,,,
2026-08-19,317,39,,,
2026-08-20,289,28,,,
