DATE,TMAX,TMIN,PRCP,SNWD,SNOW
1998-10-29,111,106,,,
1998-10-30,178,106,,,
1998-10-31,189,111,,,
1998-11-01,128,78,,,
1998-11-02,172,83,,,
1998-11-03,194,72,,,
1998-11-04,167,83,,,
1998-11-05,156,56,,,
1998-11-06,100,50,,,
1998-11-07,100,56,,,
1998-11-08,100,44,,,
1998-11-09,117,39,,,
1998-11-10,94,50,,,
1998-11-11,72,50,,,
1998-11-12,133,61,,,
1998-11-13,117,61,,,
1998-11-14,178,78,,,
1998-11-15,161,78,,,
1998-11-16,128,78,,,
1998-11-17,133,67,,,
1998-11-18,111,61,,,
1998-11-19,150,78,,,
1998-11-20,167,67,,,
1998-11-21,156,89,,,
1998-11-22,161,89,,,
1998-11-23,139,67,,,
1998-11-24,128,61,,,
1998-11-25,156,61,,,
1998-11-26,167,78,,,
1998-11-27,100,61,,,
1998-11-28,117,50,,,
1998-11-29,117,44,,,
1998-11-30,128,61,,,
1998-12-01,122,44,,,
1998-12-02,117,78,,,
1998-12-03,100,22,,,
1998-12-04,50,6,,,
1998-12-05,83,17,,,
1998-12-06,72,0,,,
1998-12-07,106,17,,,
1998-12-08,67,17,,,
1998-12-09,78,39,,,
1998-12-10,89,33,,,
1998-12-11,139,44,,,
1998-12-12,122,61,,,
1998-12-13,144,39,,,
1998-12-14,111,33,,,
1998-12-15,133,78,,,
1998-12-16,178,94,,,
1998-12-17,206,122,,,
1998-12-18,194,50,,,
1998-12-19,78,0,,,
1998-12-20,11,-33,,,
1998-12-21,17,-50,,,
1998-12-22,39,-33,,,
1998-12-23,39,-17,,,
1998-12-24,44,-11,,,
1998-12-25,100,22,,,
1998-12-26,128,39,,,
1998-12-27,150,44,,,
1998-12-28,133,67,,,
1998-12-29,156,61,,,
1998-12-30,139,72,,,
1998-12-31,122,61,,,
1999-01-01,122,56,,,
1999-01-02,156,56,,,
1999-01-03,156,61,,,
1999-01-04,139,78,,,
1999-01-05,150,100,,,
1999-01-06,156,89,,,
1999-01-07,94,44,,,
1999-01-08,106,39,,,
1999-01-09,122,33,,,
1999-01-10,167,78,,,
1999-01-11,183,72,,,
1999-01-12,133,67,,,
1999-01-13,128,28,,,
1999-01-14,122,78,,,
1999-01-15,150,94,,,
1999-01-16,100,72,,,
1999-01-17,117,78,,,
1999-01-18,106,89,,,
1999-01-19,122,89,,,
1999-01-20,111,67,,,
1999-01-21,94,50,,,
1999-01-22,117,56,,,
1999-01-23,83,11,,,
1999-01-24,67,0,,,
1999-01-25,78,22,,,
1999-01-26,33,11,,,
1999-01-27,94,33,,,
1999-01-28,139,28,,,
1999-01-29,111,28,,,
1999-01-30,117,67,,,
1999-01-31,78,28,,,
1999-02-01,94,39,,,
1999-02-02,128,44,,,
1999-02-03,139,61,,,
1999-02-04,106,44,,,
1999-02-05,100,33,,,
1999-02-06,83,50,,,
1999-02-07,106,67,,,
1999-02-08,106,67,,,
1999-02-09,100,6,,,
1999-02-10,67,0,,,
1999-02-11,72,6,,,
1999-02-12,117,33,,,
1999-02-13,139,44,,,
1999-02-14,89,39,,,
1999-02-15,122,44,,,
1999-02-16,94,44,,,
1999-02-17,150,72,,,
1999-02-18,106,44,,,
1999-02-19,122,44,,,
1999-02-20,106,33,,,
1999-02-21,100,22,,,
1999-02-22,122,44,,,
1999-02-23,156,67,,,
1999-02-24,128,61,,,
1999-02-25,111,22,,,
1999-02-26,106,22,,,
1999-02-27,178,50,,,
1999-02-28,167,89,,,
1999-03-01,161,78,,,
1999-03-02,183,67,,,
1999-03-03,106,22,,,
1999-03-04,111,17,,,
1999-03-05,111,28,,,
1999-03-06,89,28,,,
1999-03-07,122,28,,,
1999-03-08,61,28,,,
1999-03-09,100,0,,,
1999-03-10,100,11,,,
1999-03-11,144,22,,,
1999-03-12,161,61,,,
1999-03-13,156,50,,,
1999-03-14,94,28,,,
1999-03-15,111,28,,,
1999-03-16,133,44,,,
1999-03-17,144,28,,,
1999-03-18,139,39,,,
1999-03-19,106,39,,,
1999-03-20,117,33,,,
1999-03-21,144,50,,,
1999-03-22,122,50,,,
1999-03-23,117,39,,,
1999-03-24,122,67,,,
1999-03-25,128,72,,,
1999-03-26,150,50,,,
1999-03-27,144,28,,,
1999-03-28,156,28,,,
1999-03-29,133,33,,,
1999-03-30,100,11,,,
1999-03-31,83,0,,,
1999-04-01,122,11,,,
1999-04-02,139,61,,,
1999-04-03,78,33,,,
1999-04-04,139,22,,,
1999-04-05,56,17,,,
1999-04-06,100,17,,,
1999-04-07,83,39,,,
1999-04-08,61,0,,,
1999-04-09,89,0,,,
1999-04-10,117,11,,,
1999-04-11,83,39,,,
1999-04-12,189,61,,,
1999-04-13,206,106,,,
1999-04-14,222,128,,,
1999-04-15,222,139,,,
1999-04-16,250,161,,,
1999-04-17,272,150,,,
1999-04-18,250,133,,,
1999-04-19,211,106,,,
1999-04-20,172,56,,,
1999-04-21,161,61,,,
1999-04-22,183,50,,,
1999-04-23,211,89,,,
1999-04-24,222,72,,,
1999-04-25,150,67,,,
1999-04-26,183,28,,,
1999-04-27,111,22,,,
1999-04-28,144,17,,,
1999-04-29,200,78,,,
1999-04-30,217,111,,,
1999-05-01,172,39,,,
1999-05-02,128,39,,,
1999-05-03,106,39,,,
1999-05-04,161,28,,,
1999-05-05,233,83,,,
1999-05-06,211,78,,,
1999-05-07,200,61,,,
1999-05-08,189,72,,,
1999-05-09,189,78,,,
1999-05-10,200,94,,,
1999-05-11,250,122,,,
1999-05-12,172,61,,,
1999-05-13,172,72,,,
1999-05-14,139,33,,,
1999-05-15,172,56,,,
1999-05-16,206,100,,,
1999-05-17,239,128,,,
1999-05-18,167,56,,,
1999-05-19,156,50,,,
1999-05-20,128,50,,,
1999-05-21,267,111,,,
1999-05-22,306,144,,,
1999-05-23,206,111,,,
1999-05-24,244,111,,,
1999-05-25,267,117,,,
1999-05-26,278,150,,,
1999-05-27,278,128,,,
1999-05-28,189,61,,,
1999-05-29,133,56,,,
1999-05-30,206,106,,,
1999-05-31,183,78,,,
1999-06-01,172,72,,,
1999-06-02,106,50,,,
1999-06-03,144,56,,,
1999-06-04,206,56,,,
1999-06-05,250,72,,,
1999-06-06,206,67,,,
1999-06-07,172,56,,,
1999-06-08,217,50,,,
1999-06-09,222,89,,,
1999-06-10,267,94,,,
1999-06-11,233,144,,,
1999-06-12,261,139,,,
1999-06-13,278,156,,,
1999-06-14,250,111,,,
1999-06-15,206,83,,,
1999-06-16,278,78,,,
1999-06-17,300,172,,,
1999-06-18,250,167,,,
1999-06-19,278,167,,,
1999-06-20,311,150,,,
1999-06-21,283,139,,,
1999-06-22,344,222,,,
1999-06-23,300,189,,,
1999-06-24,250,139,,,
1999-06-25,256,94,,,
1999-06-26,306,161,,,
1999-06-27,322,194,,,
1999-06-28,339,239,,,
1999-06-29,378,261,,,
1999-06-30,383,250,,,
1999-07-01,361,178,,,
1999-07-02,228,72,,,
1999-07-03,183,72,,,
1999-07-04,261,78,,,
1999-07-05,311,189,,,
1999-07-06,272,106,,,
1999-07-07,294,150,,,
1999-07-08,344,183,,,
1999-07-09,344,189,,,
1999-07-10,356,217,,,
1999-07-11,367,256,,,
1999-07-12,400,278,,,
1999-07-13,317,239,,,
1999-07-14,306,194,,,
1999-07-15,267,139,,,
1999-07-16,233,83,,,
1999-07-17,250,100,,,
1999-07-18,278,111,,,
1999-07-19,189,89,,,
1999-07-20,194,89,,,
1999-07-21,250,89,,,
1999-07-22,300,167,,,
1999-07-23,178,89,,,
1999-07-24,256,89,,,
1999-07-25,294,150,,,
1999-07-26,283,150,,,
1999-07-27,272,106,,,
1999-07-28,228,94,,,
1999-07-29,278,111,,,
1999-07-30,294,150,,,
1999-07-31,267,156,,,
1999-08-01,267,167,,,
1999-08-02,278,172,,,
1999-08-03,294,178,,,
1999-08-04,278,106,,,
1999-08-05,133,106,,,
1999-08-06,200,106,,,
1999-08-07,211,100,,,
1999-08-08,200,100,,,
1999-08-09,250,94,,,
1999-08-10,194,106,,,
1999-08-11,189,111,,,
1999-08-12,256,94,,,
1999-08-13,250,94,,,
1999-08-14,194,100,,,
1999-08-15,294,117,,,
1999-08-16,311,189,,,
1999-08-17,311,172,,,
1999-08-18,183,89,,,
1999-08-19,300,183,,,
1999-08-20,311,161,,,
1999-08-21,339,183,,,
1999-08-22,350,217,,,
1999-08-23,339,217,,,
1999-08-24,339,233,,,
1999-08-25,356,261,,,
1999-08-26,350,239,,,
1999-08-27,333,217,,,
1999-08-28,344,-44,,,
1999-08-29,289,117,,,
1999-08-30,217,106,,,
1999-08-31,239,139,,,
1999-09-01,261,100,,,
1999-09-02,261,111,,,
1999-09-03,278,139,,,
1999-09-04,289,200,,,
1999-09-05,328,211,,,
1999-09-06,339,228,,,
1999-09-07,339,228,,,
1999-09-08,311,178,,,
1999-09-09,278,144,,,
1999-09-10,294,144,,,
1999-09-11,294,172,,,
1999-09-12,311,189,,,
1999-09-13,283,194,,,
1999-09-14,306,211,,,
1999-09-15,328,244,,,
1999-09-16,311,206,,,
1999-09-17,306,194,,,
1999-09-18,272,150,,,
1999-09-19,200,117,,,
1999-09-20,278,117,,,
1999-09-21,289,194,,,
1999-09-22,289,200,,,
1999-09-23,289,194,,,
1999-09-24,294,211,,,
1999-09-25,322,222,,,
1999-09-26,306,189,,,
1999-09-27,278,194,,,
1999-09-28,278,178,,,
1999-09-29,306,217,,,
1999-09-30,317,228,,,
1999-10-01,311,194,,,
1999-10-02,267,156,,,
1999-10-03,267,139,,,
1999-10-04,200,89,,,
1999-10-05,200,89,,,
1999-10-06,172,117,,,
1999-10-07,244,139,,,
1999-10-08,300,183,,,
1999-10-09,283,200,,,
1999-10-10,289,194,,,
1999-10-11,306,194,,,
1999-10-12,267,183,,,
1999-10-13,306,206,,,
1999-10-14,300,217,,,
1999-10-15,250,178,,,
1999-10-16,217,144,,,
1999-10-17,267,150,,,
1999-10-18,244,178,,,
1999-10-19,244,161,,,
1999-10-20,256,167,,,
1999-10-21,267,183,,,
1999-10-22,272,178,,,
1999-10-23,233,111,,,
1999-10-24,222,106,,,
1999-10-25,233,144,,,
1999-10-26,233,128,,,
1999-10-27,211,122,,,
1999-10-28,167,83,,,
1999-10-29,183,94,,,
1999-10-30,211,117,,,
1999-10-31,217,150,,,
1999-11-01,244,156,,,
1999-11-02,228,133,,,
1999-11-03,217,122,,,
1999-11-04,222,144,,,
1999-11-05,233,144,,,
1999-11-06,178,83,,,
1999-11-07,172,83,,,
1999-11-08,156,83,,,
1999-11-09,167,83,,,
1999-11-10,178,94,,,
1999-11-11,211,117,,,
1999-11-12,200,106,,,
1999-11-13,233,139,,,
1999-11-14,200,100,,,
1999-11-15,183,100,,,
1999-11-16,156,67,,,
1999-11-17,139,61,,,
1999-11-18,117,50,,,
1999-11-19,111,78,,,
1999-11-20,111,72,,,
1999-11-21,111,44,,,
1999-11-22,106,50,,,
1999-11-23,122,44,,,
1999-11-24,133,56,,,
1999-11-25,172,100,,,
1999-11-26,144,83,,,
1999-11-27,111,72,,,
1999-11-28,133,72,,,
1999-11-29,139,94,,,
1999-11-30,111,39,,,
1999-12-01,122,44,,,
1999-12-02,106,50,,,
1999-12-03,106,39,,,
1999-12-04,94,44,,,
1999-12-05,117,67,,,
1999-12-06,139,67,,,
1999-12-07,111,44,,,
1999-12-08,78,39,,,
1999-12-09,106,28,,,
1999-12-10,83,22,,,
1999-12-11,150,50,,,
1999-12-12,139,56,,,
1999-12-13,83,33,,,
1999-12-14,111,39,,,
1999-12-15,106,56,,,
1999-12-16,144,50,,,
1999-12-17,161,89,,,
1999-12-18,139,78,,,
1999-12-19,150,89,,,
1999-12-20,150,100,,,
1999-12-21,161,106,,,
1999-12-22,178,100,,,
1999-12-23,161,100,,,
1999-12-24,139,78,,,
1999-12-25,161,94,,,
1999-12-26,156,94,,,
1999-12-27,156,83,,,
1999-12-28,167,100,,,
1999-12-29,150,89,,,
1999-12-30,150,72,,,
1999-12-31,89,39,,,
2000-01-01,72,44,,,
2000-01-02,94,22,,,
2000-01-03,100,39,,,
2000-01-04,117,56,,,
2000-01-05,111,39,,,
2000-01-06,122,56,,,
2000-01-07,144,44,,,
2000-01-08,139,61,,,
2000-01-09,122,56,,,
2000-01-10,111,67,,,
2000-01-11,94,50,,,
2000-01-12,89,28,,,
2000-01-13,128,61,,,
2000-01-14,150,83,,,
2000-01-15,150,72,,,
2000-01-16,117,50,,,
2000-01-17,94,61,,,
2000-01-18,128,61,,,
2000-01-19,133,89,,,
2000-01-20,100,56,,,
2000-01-21,133,61,,,
2000-01-22,122,67,,,
2000-01-23,111,72,,,
2000-01-24,111,83,,,
2000-01-25,106,50,,,
2000-01-26,94,39,,,
2000-01-27,106,50,,,
2000-01-28,83,50,,,
2000-01-29,128,56,,,
2000-01-30,106,56,,,
2000-01-31,89,50,,,
2000-02-01,128,72,,,
2000-02-02,161,67,,,
2000-02-03,150,56,,,
2000-02-04,122,67,,,
2000-02-05,111,78,,,
2000-02-06,117,78,,,
2000-02-07,156,89,,,
2000-02-08,178,100,,,
2000-02-09,133,83,,,
2000-02-10,94,56,,,
2000-02-11,83,33,,,
2000-02-12,89,39,,,
2000-02-13,67,61,,,
2000-03-09,94,44,,,
2000-03-10,156,44,,,
2000-03-11,139,78,,,
2000-03-12,172,78,,,
2000-03-13,194,100,,,
2000-03-14,178,117,,,
2000-03-15,217,128,,,
2000-03-16,189,83,,,
2000-03-17,183,89,,,
2000-03-18,228,133,,,
2000-03-19,156,78,,,
2000-03-20,144,56,,,
2000-03-21,183,72,,,
2000-03-22,211,106,,,
2000-03-23,144,61,,,
2000-03-24,167,61,,,
2000-03-25,156,39,,,
2000-03-26,178,50,,,
2000-03-27,94,44,,,
2000-03-28,150,28,,,
2000-03-29,183,33,,,
2000-03-30,206,89,,,
2000-03-31,217,117,,,
2000-04-01,239,144,,,
2000-04-02,272,189,,,
2000-04-03,267,133,,,
2000-04-04,189,94,,,
2000-04-05,200,111,,,
2000-04-06,206,78,,,
2000-04-07,244,111,,,
2000-04-08,250,56,,,
2000-04-09,172,56,,,
2000-04-10,217,111,,,
2000-04-11,256,128,,,
2000-04-12,244,100,,,
2000-04-13,144,83,,,
2000-04-14,167,67,,,
2000-04-15,139,67,,,
2000-04-16,122,78,,,
2000-04-17,122,56,,,
2000-04-18,144,44,,,
2000-04-19,183,67,,,
2000-04-20,183,94,,,
2000-04-21,167,56,,,
2000-04-22,133,44,,,
2000-04-23,161,39,,,
2000-04-24,211,100,,,
2000-04-25,206,100,,,
2000-04-26,267,133,,,
2000-04-27,161,44,,,
2000-04-28,139,33,,,
2000-04-29,211,78,,,
2000-04-30,256,128,,,
2000-05-01,233,117,,,
2000-05-02,217,111,,,
2000-05-03,211,83,,,
2000-05-04,183,67,,,
2000-05-05,167,56,,,
2000-05-06,111,44,,,
2000-05-07,122,67,,,
2000-05-08,189,72,,,
2000-05-09,167,61,,,
2000-05-10,122,44,,,
2000-05-11,167,44,,,
2000-05-12,183,78,,,
2000-05-13,183,78,,,
2000-05-14,156,67,,,
2000-05-15,139,61,,,
2000-05-16,139,61,,,
2000-05-17,211,72,,,
2000-05-18,261,150,,,
2000-05-19,294,183,,,
2000-05-20,317,211,,,
2000-05-21,344,239,,,
2000-05-22,356,250,,,
2000-05-23,311,217,,,
2000-05-24,261,89,,,
2000-05-25,194,67,,,
2000-05-26,217,128,,,
2000-05-27,256,144,,,
2000-05-28,267,156,,,
2000-05-29,222,117,,,
2000-05-30,228,100,,,
2000-05-31,244,122,,,
2000-06-01,300,167,,,
2000-06-02,272,139,,,
2000-06-03,300,172,,,
2000-06-04,267,67,,,
2000-06-05,200,67,,,
2000-06-06,228,106,,,
2000-06-07,183,89,,,
2000-06-08,144,67,,,
2000-06-09,167,78,,,
2000-06-10,200,61,,,
2000-06-11,250,117,,,
2000-06-12,289,161,,,
2000-06-13,328,200,,,
2000-06-14,372,261,,,
2000-06-15,383,272,,,
2000-06-16,333,239,,,
2000-06-17,289,117,,,
2000-06-18,222,111,,,
2000-06-19,300,122,,,
2000-06-20,344,217,,,
2000-06-21,344,233,,,
2000-06-22,278,150,,,
2000-06-23,278,139,,,
2000-06-24,283,183,,,
2000-06-25,328,211,,,
2000-06-26,350,222,,,
2000-06-27,350,228,,,
2000-06-28,356,222,,,
2000-06-29,300,156,,,
2000-06-30,233,89,,,
2000-07-01,222,89,,,
2000-07-02,178,78,,,
2000-07-03,189,72,,,
2000-07-04,261,89,,,
2000-07-05,161,83,,,
2000-07-06,189,78,,,
2000-07-07,189,89,,,
2000-07-08,256,89,,,
2000-07-09,294,156,,,
2000-07-10,278,167,,,
2000-07-11,300,183,,,
2000-07-12,250,117,,,
2000-07-13,239,106,,,
2000-07-14,306,172,,,
2000-07-15,267,128,,,
2000-07-16,189,106,,,
2000-07-17,183,94,,,
2000-07-18,306,144,,,
2000-07-19,317,211,,,
2000-07-20,333,178,,,
2000-07-21,272,128,,,
2000-07-22,300,156,,,
2000-07-23,356,228,,,
2000-07-24,356,239,,,
2000-07-25,328,200,,,
2000-07-26,228,89,,,
2000-07-27,294,89,,,
2000-07-28,328,200,,,
2000-07-29,361,233,,,
2000-07-30,361,250,,,
2000-07-31,372,256,,,
2000-08-01,383,261,,,
2000-08-02,372,261,,,
2000-08-03,328,211,,,
2000-08-04,328,200,,,
2000-08-05,339,217,,,
2000-08-06,322,133,,,
2000-08-07,222,100,,,
2000-08-08,289,144,,,
2000-08-09,289,100,,,
2000-08-10,244,100,,,
2000-08-11,328,206,,,
2000-08-12,344,228,,,
2000-08-13,350,200,,,
2000-08-14,333,194,,,
2000-08-15,344,200,,,
2000-08-16,367,233,,,
2000-08-17,339,189,,,
2000-08-18,261,156,,,
2000-08-19,239,106,,,
2000-08-20,283,111,,,
2000-08-21,311,178,,,
2000-08-22,294,178,,,
2000-08-23,239,139,,,
2000-08-24,294,183,,,
2000-08-25,328,217,,,
2000-08-26,311,189,,,
2000-08-27,328,200,,,
2000-08-28,294,172,,,
2000-08-29,206,128,,,
2000-08-30,178,117,,,
2000-08-31,200,106,,,
2000-09-01,172,100,,,
2000-09-02,211,100,,,
2000-09-03,200,89,,,
2000-09-04,206,83,,,
2000-09-05,233,117,,,
2000-09-06,261,161,,,
2000-09-07,294,189,,,
2000-09-08,289,178,,,
2000-09-09,289,150,,,
2000-09-10,306,178,,,
2000-09-11,311,206,,,
2000-09-12,294,206,,,
2000-09-13,328,189,,,
2000-09-14,244,144,,,
2000-09-15,244,128,,,
2000-09-16,272,161,,,
2000-09-17,306,200,,,
2000-09-18,339,228,,,
2000-09-19,372,261,,,
2000-09-20,367,139,,,
2000-09-21,211,122,,,
2000-09-22,167,117,,,
2000-09-23,228,128,,,
2000-09-24,244,150,,,
2000-09-25,272,178,,,
2000-09-26,283,178,,,
2000-09-27,217,100,,,
2000-09-28,183,89,,,
2000-09-29,283,178,,,
2000-09-30,328,222,,,
2000-10-01,311,194,,,
2000-10-02,250,128,,,
2000-10-03,267,144,,,
2000-10-04,256,139,,,
2000-10-05,267,172,,,
2000-10-06,267,150,,,
2000-10-07,194,106,,,
2000-10-08,283,100,,,
2000-10-09,128,94,,,
2000-10-10,100,78,,,
2000-10-11,117,78,,,
2000-10-12,139,67,,,
2000-10-13,178,83,,,
2000-10-14,217,128,,,
2000-10-15,200,128,,,
2000-10-16,217,139,,,
2000-10-17,233,144,,,
2000-10-18,250,161,,,
2000-10-19,233,161,,,
2000-10-20,189,106,,,
2000-10-21,178,100,,,
2000-10-22,178,78,,,
2000-10-23,206,94,,,
2000-10-24,239,111,,,
2000-10-25,133,89,,,
2000-10-26,94,78,,,
2000-10-27,144,72,,,
2000-10-28,117,67,,,
2000-10-29,122,56,,,
2000-10-30,106,61,,,
2000-10-31,161,78,,,
2000-11-01,161,94,,,
2000-12-19,144,89,,,
2000-12-20,139,83,,,
2000-12-21,122,50,,,
2000-12-22,111,56,,,
2000-12-23,100,44,,,
2000-12-24,106,39,,,
2000-12-25,100,44,,,
2000-12-26,167,61,,,
2000-12-27,139,72,,,
2000-12-28,144,83,,,
2000-12-29,156,100,,,
2000-12-30,150,78,,,
2000-12-31,133,78,,,
2001-01-01,128,61,,,
2001-01-02,167,100,,,
2001-01-03,156,89,,,
2001-01-04,156,106,,,
2001-01-05,161,89,,,
2001-01-06,178,89,,,
2001-01-07,150,67,,,
2001-01-08,83,44,,,
2001-01-09,72,39,,,
2001-01-10,83,44,,,
2001-01-11,50,22,,,
2001-01-12,89,28,,,
2001-01-13,89,39,,,
2001-01-14,89,33,,,
2001-01-15,83,22,,,
2001-01-16,67,11,,,
2001-01-17,89,11,,,
2001-01-18,83,33,,,
2001-01-19,133,33,,,
2001-01-20,150,61,,,
2001-01-21,106,50,,,
2001-01-22,161,67,,,
2001-01-23,106,44,,,
2001-01-24,78,28,,,
2001-01-25,61,17,,,
2001-01-26,83,11,,,
2001-01-27,100,33,,,
2001-01-28,89,28,,,
2001-01-29,94,33,,,
2001-01-30,72,28,,,
2001-01-31,111,11,,,
2001-02-01,117,61,,,
2001-02-02,139,61,,,
2001-02-03,189,89,,,
2001-02-04,217,111,,,
2001-02-05,178,94,,,
2001-02-06,83,22,,,
2001-02-07,67,6,,,
2001-02-08,117,22,,,
2001-02-09,44,11,,,
2001-02-10,39,11,,,
2001-02-11,44,11,,,
2001-02-12,50,0,,,
2001-02-13,106,11,,,
2001-02-14,111,28,,,
2001-02-15,83,28,,,
2001-02-16,122,39,,,
2001-02-17,117,61,,,
2001-02-18,117,56,,,
2001-02-19,106,39,,,
2001-02-20,100,50,,,
2001-02-21,100,50,,,
2001-02-22,67,11,,,
2001-02-23,83,11,,,
2001-02-24,67,11,,,
2001-02-25,122,33,,,
2001-02-26,128,67,,,
2001-02-27,156,56,,,
2001-02-28,100,44,,,
2001-03-01,139,39,,,
2001-03-02,89,33,,,
2001-03-03,67,39,,,
2001-03-04,100,56,,,
2001-03-05,100,61,,,
2001-03-06,144,78,,,
2001-03-07,178,56,,,
2001-03-08,106,33,,,
2001-03-09,122,39,,,
2001-03-10,150,56,,,
2001-03-11,144,78,,,
2001-03-12,183,78,,,
2001-03-13,194,94,,,
2001-03-14,189,117,,,
2001-03-15,133,56,,,
2001-03-16,161,56,,,
2001-03-17,206,78,,,
2001-03-18,217,128,,,
2001-03-19,206,139,,,
2001-03-20,228,150,,,
2001-03-21,211,89,,,
2001-03-22,150,67,,,
2001-03-23,194,67,,,
2001-03-24,178,72,,,
2001-03-25,167,78,,,
2001-03-26,194,83,,,
2001-03-27,222,111,,,
2001-03-28,217,128,,,
2001-03-29,200,117,,,
2001-03-30,222,144,,,
2001-03-31,244,128,,,
2001-04-01,133,33,,,
2001-04-02,111,11,,,
2001-04-03,122,0,,,
2001-04-04,122,22,,,
2001-04-05,150,39,,,
2001-04-06,72,28,,,
2001-04-07,89,11,,,
2001-04-08,100,0,,,
2001-04-09,133,17,,,
2001-04-10,161,50,,,
2001-04-11,94,39,,,
2001-04-12,156,39,,,
2001-04-13,94,22,,,
2001-04-14,156,33,,,
2001-04-15,178,56,,,
2001-04-16,144,67,,,
2001-04-17,194,78,,,
2001-04-18,178,50,,,
2001-04-19,128,44,,,
2001-04-20,67,17,,,
2001-04-21,156,11,,,
2001-04-22,178,61,,,
2001-04-23,206,100,,,
2001-04-24,244,128,,,
2001-04-25,278,150,,,
2001-04-26,228,150,,,
2001-04-27,172,72,,,
2001-04-28,156,67,,,
2001-04-29,200,72,,,
2001-04-30,244,139,,,
2001-05-01,233,128,,,
2001-05-02,189,89,,,
2001-05-03,222,106,,,
2001-05-04,272,161,,,
2001-05-05,278,144,,,
2001-05-06,289,183,,,
2001-05-07,311,206,,,
2001-05-08,339,217,,,
2001-05-09,306,178,,,
2001-05-10,328,189,,,
2001-05-11,300,178,,,
2001-05-12,194,89,,,
2001-05-13,172,67,,,
2001-05-14,233,100,,,
2001-05-15,233,122,,,
2001-05-16,250,117,,,
2001-05-17,283,172,,,
2001-05-18,300,167,,,
2001-05-19,328,211,,,
2001-05-20,333,217,,,
2001-05-21,333,228,,,
2001-05-22,306,211,,,
2001-05-23,328,211,,,
2001-05-24,317,222,,,
2001-05-25,306,172,,,
2001-05-26,228,133,,,
2001-05-27,228,67,,,
2001-05-28,178,67,,,
2001-05-29,300,150,,,
2001-05-30,328,206,,,
2001-05-31,378,244,,,
2001-06-01,250,111,,,
2001-06-02,189,78,,,
2001-06-03,244,94,,,
2001-06-04,256,94,,,
2001-06-05,256,78,,,
2001-06-06,300,133,,,
2001-06-07,333,211,,,
2001-06-08,283,150,,,
2001-06-09,256,106,,,
2001-06-10,211,83,,,
2001-06-11,211,100,,,
2001-06-12,256,106,,,
2001-06-13,289,161,,,
2001-06-14,322,206,,,
2001-06-15,322,211,,,
2001-06-16,356,217,,,
2001-06-17,339,211,,,
2001-06-18,339,206,,,
2001-06-19,350,233,,,
2001-06-20,361,239,,,
2001-06-21,367,239,,,
2001-06-22,344,161,,,
2001-06-23,267,144,,,
2001-06-24,217,83,,,
2001-06-25,211,94,,,
2001-06-26,233,106,,,
2001-06-27,183,117,,,
2001-06-28,250,122,,,
2001-06-29,300,172,,,
2001-06-30,322,217,,,
2001-07-01,356,222,,,
2001-07-02,389,250,,,
2001-07-03,406,289,,,
2001-07-04,372,267,,,
2001-07-05,328,189,,,
2001-07-06,306,189,,,
2001-07-07,317,194,,,
2001-07-08,328,189,,,
2001-07-09,289,150,,,
2001-07-10,250,111,,,
2001-07-11,200,89,,,
2001-07-12,283,89,,,
2001-07-13,322,189,,,
2001-07-14,211,94,,,
2001-07-15,211,83,,,
2001-07-16,156,83,,,
2001-07-17,261,89,,,
2001-07-18,289,133,,,
2001-07-19,222,100,,,
2001-07-20,200,89,,,
2001-07-21,222,89,,,
2001-07-22,311,161,,,
2001-07-23,333,189,,,
2001-07-24,322,206,,,
2001-07-25,317,189,,,
2001-07-26,317,200,,,
2001-07-27,333,200,,,
2001-07-28,333,172,,,
2001-07-29,233,89,,,
2001-07-30,194,100,,,
2001-07-31,311,172,,,
2001-08-01,283,156,,,
2001-08-02,311,172,,,
2001-08-03,239,111,,,
2001-08-04,250,111,,,
2001-08-05,289,144,,,
2001-08-06,339,211,,,
2001-08-07,367,250,,,
2001-08-08,367,244,,,
2001-08-09,289,156,,,
2001-08-10,278,133,,,
2001-08-11,333,183,,,
2001-08-12,250,128,,,
2001-08-13,278,128,,,
2001-08-14,339,206,,,
2001-08-15,339,183,,,
2001-08-16,350,206,,,
2001-08-17,361,222,,,
2001-08-18,350,222,,,
2001-08-19,328,161,,,
2001-08-20,194,89,,,
2001-08-21,222,89,,,
2001-08-22,206,111,,,
2001-08-23,261,111,,,
2001-08-24,300,161,,,
2001-08-25,344,222,,,
2001-08-26,361,233,,,
2001-08-27,372,267,,,
2001-08-28,361,211,,,
2001-08-29,294,106,,,
2001-08-30,222,100,,,
2001-08-31,294,133,,,
2001-09-01,317,178,,,
2001-09-02,317,211,,,
2001-09-03,339,211,,,
2001-09-04,311,194,,,
2001-09-05,250,150,,,
2001-09-06,306,167,,,
2001-09-07,333,222,,,
2001-09-08,300,150,,,
2001-09-09,206,117,,,
2001-09-10,256,106,,,
2001-09-11,244,128,,,
2001-09-12,217,106,,,
2001-09-13,289,111,,,
2001-09-14,300,200,,,
2001-09-15,300,183,,,
2001-09-16,239,100,,,
2001-09-17,300,167,,,
2001-09-18,317,178,,,
2001-09-19,306,206,,,
2001-09-20,311,211,,,
2001-09-21,311,206,,,
2001-09-22,322,217,,,
2001-09-23,283,178,,,
2001-09-24,272,117,,,
2001-09-25,222,106,,,
2001-09-26,256,156,,,
2001-09-27,200,94,,,
2001-09-28,244,100,,,
2001-09-29,300,178,,,
2001-09-30,306,206,,,
2001-10-01,361,261,,,
2001-10-02,367,278,,,
2001-10-03,339,217,,,
2001-10-04,267,94,,,
2001-10-05,161,89,,,
2001-10-06,200,89,,,
2001-10-07,233,111,,,
2001-10-08,217,100,,,
2001-10-09,233,133,,,
2001-10-10,256,161,,,
2001-10-11,250,161,,,
2001-10-12,256,150,,,
2001-10-13,272,194,,,
2001-10-14,283,200,,,
2001-10-15,289,194,,,
2001-10-16,283,128,,,
2001-10-17,217,89,,,
2001-10-18,256,139,,,
2001-10-19,250,172,,,
2001-10-20,267,117,,,
2001-10-21,150,78,,,
2001-10-22,233,150,,,
2001-10-23,206,128,,,
2001-10-24,233,128,,,
2001-10-25,239,150,,,
2001-10-26,267,156,,,
2001-10-27,178,94,,,
2001-10-28,172,100,,,
2001-10-29,172,111,,,
2001-10-30,133,94,,,
2001-10-31,161,83,,,
2001-11-01,161,100,,,
2001-11-02,167,106,,,
2001-11-03,206,128,,,
2001-11-04,244,167,,,
2001-11-05,233,144,,,
2001-11-06,144,67,,,
2001-11-07,172,94,,,
2001-11-08,183,117,,,
2001-11-09,222,139,,,
2001-11-10,211,111,,,
2001-11-11,178,111,,,
2001-11-12,139,83,,,
2001-11-13,150,83,,,
2001-11-14,150,100,,,
2001-11-15,150,94,,,
2001-11-16,161,100,,,
2001-11-17,133,89,,,
2001-11-18,156,83,,,
2001-11-19,167,100,,,
2001-11-20,194,111,,,
2001-11-21,133,111,,,
2001-11-22,139,78,,,
2001-11-23,111,67,,,
2001-11-24,117,33,,,
2001-11-25,78,33,,,
2001-11-26,94,39,,,
2001-11-27,89,33,,,
2001-11-28,89,33,,,
2001-11-29,100,33,,,
2001-11-30,106,39,,,
2001-12-01,83,44,,,
2001-12-02,100,33,,,
2001-12-03,100,33,,,
2001-12-04,94,33,,,
2001-12-05,83,50,,,
2001-12-06,133,83,,,
2001-12-07,117,56,,,
2001-12-08,200,50,,,
2001-12-09,72,22,,,
2001-12-10,100,39,,,
2001-12-11,106,50,,,
2001-12-12,100,33,,,
2001-12-13,111,39,,,
2001-12-14,78,28,,,
2001-12-15,100,28,,,
2001-12-16,117,44,,,
2001-12-17,100,56,,,
2001-12-18,106,33,,,
2001-12-19,122,39,,,
2001-12-20,61,39,,,
2001-12-21,67,33,,,
2001-12-22,72,50,,,
2001-12-23,72,50,,,
2001-12-24,89,33,,,
2001-12-25,133,56,,,
2001-12-26,100,50,,,
2001-12-27,172,67,,,
2001-12-28,111,56,,,
2001-12-29,111,56,,,
2001-12-30,117,89,,,
2001-12-31,139,83,,,
2002-01-01,133,83,,,
2002-01-02,117,67,,,
2002-01-03,128,56,,,
2002-01-04,133,44,,,
2002-01-05,139,61,,,
2002-01-06,161,89,,,
2002-01-07,144,94,,,
2002-01-08,178,89,,,
2002-01-09,133,78,,,
2002-01-10,133,72,,,
2002-01-11,133,61,,,
2002-01-12,156,67,,,
2002-01-13,122,50,,,
2002-01-14,78,17,,,
2002-01-15,72,0,,,
2002-01-16,67,11,,,
2002-01-17,72,6,,,
2002-01-18,100,39,,,
2002-01-19,83,44,,,
2002-01-20,117,33,,,
2002-01-21,89,11,,,
2002-01-22,61,6,,,
2002-01-23,83,17,,,
2002-01-24,111,39,,,
2002-01-25,122,39,,,
2002-01-26,83,17,,,
2002-01-27,72,0,,,
2002-01-28,39,-11,,,
2002-01-29,44,-17,,,
2002-01-30,72,0,,,
2002-01-31,72,11,,,
2002-02-01,94,17,,,
2002-02-02,106,17,,,
2002-02-03,106,39,,,
2002-02-04,133,44,,,
2002-02-05,128,56,,,
2002-02-06,133,44,,,
2002-02-07,111,39,,,
2002-02-08,100,28,,,
2002-02-09,106,39,,,
2002-02-10,172,67,,,
2002-02-11,167,94,,,
2002-02-12,161,100,,,
2002-02-13,133,78,,,
2002-02-14,161,61,,,
2002-02-15,111,44,,,
2002-02-16,122,39,,,
2002-02-17,72,17,,,
2002-02-18,100,33,,,
2002-02-19,100,50,,,
2002-02-20,167,83,,,
2002-02-21,167,89,,,
2002-02-22,228,78,,,
2002-02-23,100,50,,,
2002-02-24,161,56,,,
2002-02-25,183,83,,,
2002-02-26,156,100,,,
2002-02-27,194,117,,,
2002-02-28,178,72,,,
2002-03-01,133,28,,,
2002-03-02,133,56,,,
2002-03-03,144,72,,,
2002-03-04,156,67,,,
2002-03-05,133,56,,,
2002-03-06,106,61,,,
2002-03-07,83,0,,,
2002-03-08,83,0,,,
2002-03-09,111,33,,,
2002-03-10,128,56,,,
2002-03-11,172,67,,,
2002-03-12,122,44,,,
2002-03-13,89,28,,,
2002-03-14,111,17,,,
2002-03-15,100,6,,,
2002-03-16,89,6,,,
2002-03-17,50,0,,,
2002-03-18,111,11,,,
2002-03-19,139,61,,,
2002-03-20,156,100,,,
2002-03-21,189,61,,,
2002-03-22,111,50,,,
2002-03-23,106,39,,,
2002-03-24,128,39,,,
2002-03-25,122,28,,,
2002-03-26,156,67,,,
2002-03-27,206,106,,,
2002-03-28,228,144,,,
2002-03-29,233,144,,,
2002-03-30,233,161,,,
2002-03-31,250,161,,,
2002-04-01,250,167,,,
2002-04-02,222,89,,,
2002-04-03,133,67,,,
2002-04-04,94,61,,,
2002-04-05,144,61,,,
2002-04-06,161,61,,,
2002-04-07,194,56,,,
2002-04-08,167,83,,,
2002-04-09,133,78,,,
2002-04-10,194,89,,,
2002-04-11,183,106,,,
2002-04-12,222,122,,,
2002-04-13,256,167,,,
2002-04-14,211,33,,,
2002-04-15,144,17,,,
2002-04-16,100,28,,,
2002-04-17,106,17,,,
2002-04-18,128,28,,,
2002-04-19,167,72,,,
2002-04-20,167,67,,,
2002-04-21,194,89,,,
2002-04-22,233,128,,,
2002-04-23,250,94,,,
2002-04-24,189,67,,,
2002-04-25,178,50,,,
2002-04-26,72,50,,,
2002-04-27,117,28,,,
2002-04-28,139,28,,,
2002-04-29,133,33,,,
2002-04-30,117,28,,,
2002-05-01,150,44,,,
2002-05-02,139,50,,,
2002-05-03,161,50,,,
2002-05-04,233,100,,,
2002-05-05,267,117,,,
2002-05-06,167,44,,,
2002-05-07,194,50,,,
2002-05-08,228,89,,,
2002-05-09,172,39,,,
2002-05-10,156,44,,,
2002-05-11,233,106,,,
2002-05-12,244,144,,,
2002-05-13,178,83,,,
2002-05-14,250,67,,,
2002-05-15,250,111,,,
2002-05-16,256,128,,,
2002-05-17,239,61,,,
2002-05-18,156,50,,,
2002-05-19,144,72,,,
2002-05-20,94,56,,,
2002-05-21,156,56,,,
2002-05-22,183,50,,,
2002-05-23,239,106,,,
2002-05-24,261,161,,,
2002-05-25,261,106,,,
2002-05-26,211,117,,,
2002-05-27,211,111,,,
2002-05-28,244,111,,,
2002-05-29,294,178,,,
2002-05-30,333,233,,,
2002-05-31,306,156,,,
2002-06-01,167,67,,,
2002-06-02,211,61,,,
2002-06-03,267,94,,,
2002-06-04,328,206,,,
2002-06-05,350,244,,,
2002-06-06,322,178,,,
2002-06-07,289,178,,,
2002-06-08,261,122,,,
2002-06-09,233,106,,,
2002-06-10,272,156,,,
2002-06-11,311,189,,,
2002-06-12,261,150,,,
2002-06-13,217,89,,,
2002-06-14,211,67,,,
2002-06-15,283,156,,,
2002-06-16,239,150,,,
2002-06-17,278,133,,,
2002-06-18,239,172,,,
2002-06-19,289,178,,,
2002-06-20,244,72,,,
2002-06-21,133,67,,,
2002-06-22,250,78,,,
2002-06-23,244,133,,,
2002-06-24,311,133,,,
2002-06-25,328,200,,,
2002-06-26,261,106,,,
2002-06-27,261,89,,,
2002-06-28,233,89,,,
2002-06-29,283,167,,,
2002-06-30,333,211,,,
2002-07-01,361,228,,,
2002-07-02,300,183,,,
2002-07-03,294,150,,,
2002-07-04,283,139,,,
2002-07-05,278,156,,,
2002-07-06,306,144,,,
2002-07-07,250,161,,,
2002-07-08,317,183,,,
2002-07-09,333,250,,,
2002-07-31,311,189,,,
2002-08-01,300,172,,,
2002-08-02,272,139,,,
2002-08-03,217,100,,,
2002-08-04,233,89,,,
2002-08-05,272,111,,,
2002-08-06,272,100,,,
2002-08-07,289,161,,,
2002-08-08,322,222,,,
2002-08-09,361,244,,,
2002-08-10,378,239,,,
2002-08-11,361,244,,,
2002-08-12,372,244,,,
2002-08-13,361,233,,,
2002-08-14,344,244,,,
2002-08-15,372,250,,,
2002-08-16,339,222,,,
2002-08-17,294,189,,,
2002-08-18,311,139,,,
2002-08-19,172,94,,,
2002-08-20,267,128,,,
2002-08-21,283,122,,,
2002-08-22,222,78,,,
2002-08-23,244,78,,,
2002-08-24,278,111,,,
2002-08-25,300,178,,,
2002-08-26,317,200,,,
2002-08-27,328,228,,,
2002-08-28,317,178,,,
2002-08-29,294,161,,,
2002-08-30,311,189,,,
2002-08-31,317,228,,,
2002-09-01,339,250,,,
2002-09-02,378,228,,,
2002-09-03,328,200,,,
2002-09-04,261,100,,,
2002-09-05,228,89,,,
2002-09-06,200,89,,,
2002-09-07,239,89,,,
2002-09-08,261,144,,,
2002-09-09,294,189,,,
2002-09-10,317,228,,,
2002-09-11,328,233,,,
2002-09-12,322,211,,,
2002-09-13,328,217,,,
2002-09-14,317,200,,,
2002-09-15,211,100,,,
2002-09-16,267,94,,,
2002-09-17,272,139,,,
2002-09-18,283,178,,,
2002-09-19,306,200,,,
2002-09-20,350,228,,,
2002-09-21,328,228,,,
2002-09-22,328,256,,,
2002-09-23,344,256,,,
2002-09-24,339,239,,,
2002-09-25,317,233,,,
2002-09-26,283,100,,,
2002-09-27,167,94,,,
2002-09-28,161,100,,,
2002-09-29,206,83,,,
2002-09-30,222,83,,,
2002-10-01,200,106,,,
2002-10-02,200,111,,,
2002-10-03,250,139,,,
2002-10-04,239,139,,,
2002-10-05,261,194,,,
2002-10-06,283,189,,,
2002-10-07,289,206,,,
2002-10-08,300,217,,,
2002-10-09,311,189,,,
2002-10-10,189,94,,,
2002-10-11,211,94,,,
2002-10-12,244,156,,,
2002-10-13,250,183,,,
2002-10-14,256,178,,,
2002-10-15,228,78,,,
2002-10-16,167,67,,,
2002-10-17,189,67,,,
2002-10-18,189,67,,,
2002-10-19,211,106,,,
2002-10-20,217,122,,,
2002-10-21,211,128,,,
2002-10-22,178,72,,,
2002-10-23,106,61,,,
2002-10-24,117,56,,,
2002-10-25,150,78,,,
2002-10-26,189,78,,,
2002-10-27,206,83,,,
2002-10-28,222,128,,,
2002-10-29,217,117,,,
2002-10-30,167,100,,,
2002-10-31,161,89,,,
2002-11-01,150,78,,,
2002-11-02,178,94,,,
2002-11-03,194,106,,,
2002-11-04,189,111,,,
2002-11-05,200,106,,,
2002-11-06,183,106,,,
2002-11-07,156,100,,,
2002-11-08,139,89,,,
2002-11-09,128,83,,,
2002-11-10,122,83,,,
2002-11-11,139,89,,,
2002-11-12,194,89,,,
2002-11-13,150,89,,,
2002-11-14,172,111,,,
2002-11-15,172,100,,,
2002-11-16,206,111,,,
2002-11-17,139,78,,,
2002-11-18,172,94,,,
2002-11-19,172,100,,,
2002-11-20,200,100,,,
2002-11-21,233,111,,,
2002-11-22,183,61,,,
2002-11-23,133,61,,,
2002-11-24,111,56,,,
2002-11-25,144,44,,,
2002-11-26,167,94,,,
2002-11-27,156,106,,,
2002-11-28,189,100,,,
2002-11-29,172,106,,,
2002-11-30,156,83,,,
2002-12-01,133,72,,,
2002-12-02,139,72,,,
2002-12-03,139,78,,,
2002-12-04,133,78,,,
2002-12-05,144,78,,,
2002-12-06,139,67,,,
2002-12-07,156,72,,,
2002-12-08,133,78,,,
2002-12-09,100,78,,,
2002-12-10,117,72,,,
2002-12-11,128,67,,,
2002-12-12,167,67,,,
2002-12-13,117,78,,,
2002-12-14,128,61,,,
2002-12-15,106,72,,,
2002-12-16,106,50,,,
2002-12-17,67,28,,,
2002-12-18,94,22,,,
2002-12-19,78,6,,,
2002-12-20,67,28,,,
2002-12-21,94,39,,,
2002-12-22,83,39,,,
2002-12-23,72,17,,,
2002-12-24,94,22,,,
2002-12-25,89,17,,,
2002-12-26,100,56,,,
2002-12-27,128,94,,,
2002-12-28,122,39,,,
2002-12-29,89,33,,,
2002-12-30,78,44,,,
2002-12-31,100,44,,,
2003-01-01,89,39,,,
2003-01-02,144,61,,,
2003-01-03,139,56,,,
2003-01-04,172,106,,,
2003-01-05,144,78,,,
2003-01-06,139,78,,,
2003-01-07,144,78,,,
2003-01-08,183,100,,,
2003-01-09,100,67,,,
2003-01-10,111,83,,,
2003-01-11,128,78,,,
2003-01-12,144,83,,,
2003-01-13,156,94,,,
2003-01-14,122,78,,,
2003-01-15,111,50,,,
2003-01-16,139,67,,,
2003-01-17,139,100,,,
2003-01-18,150,100,,,
2003-01-19,172,106,,,
2003-01-20,167,78,,,
2003-01-21,144,100,,,
2003-01-22,122,89,,,
2003-01-23,156,94,,,
2003-01-24,156,83,,,
2003-01-25,150,89,,,
2003-01-26,133,78,,,
2003-01-27,156,89,,,
2003-01-28,156,72,,,
2003-01-29,150,83,,,
2003-01-30,167,100,,,
2003-01-31,211,117,,,
2003-02-01,128,67,,,
2003-02-02,111,56,,,
2003-02-03,111,56,,,
2003-02-04,117,50,,,
2003-02-05,94,28,,,
2003-02-06,78,39,,,
2003-02-07,100,33,,,
2003-02-08,122,44,,,
2003-02-09,122,50,,,
2003-02-10,111,56,,,
2003-02-11,128,67,,,
2003-02-12,94,56,,,
2003-02-13,122,67,,,
2003-02-14,106,61,,,
2003-02-15,128,67,,,
2003-02-16,122,50,,,
2003-02-17,122,50,,,
2003-02-18,133,56,,,
2003-02-19,100,39,,,
2003-02-20,139,50,,,
2003-02-21,156,78,,,
2003-02-22,150,89,,,
2003-02-23,167,83,,,
2003-02-24,94,72,,,
2003-02-25,139,50,,,
2003-02-26,100,44,,,
2003-02-27,106,22,,,
2003-02-28,117,50,,,
2003-03-01,128,33,,,
2003-03-02,150,50,,,
2003-03-03,78,33,,,
2003-03-04,111,39,,,
2003-03-05,167,39,,,
2003-03-06,172,72,,,
2003-03-07,122,39,,,
2003-03-08,172,44,,,
2003-03-09,167,72,,,
2003-03-10,183,89,,,
2003-03-11,183,106,,,
2003-03-12,206,89,,,
2003-03-13,144,83,,,
2003-03-14,183,89,,,
2003-03-15,144,56,,,
2003-03-16,106,50,,,
2003-03-17,128,33,,,
2003-03-18,150,67,,,
2003-03-19,144,67,,,
2003-03-20,133,56,,,
2003-03-21,189,78,,,
2003-03-22,167,78,,,
2003-03-23,144,72,,,
2003-03-24,172,72,,,
2003-03-25,194,106,,,
2003-03-26,144,67,,,
2003-03-27,150,67,,,
2003-03-28,167,100,,,
2003-03-29,200,111,,,
2003-03-30,228,172,,,
2003-03-31,217,67,,,
2003-04-01,83,39,,,
2003-04-02,83,22,,,
2003-04-03,106,11,,,
2003-04-04,89,28,,,
2003-04-05,111,22,,,
2003-04-06,117,33,,,
2003-04-07,167,67,,,
2003-04-08,217,89,,,
2003-04-09,217,111,,,
2003-04-10,156,61,,,
2003-04-11,167,44,,,
2003-04-12,106,50,,,
2003-04-13,100,44,,,
2003-04-14,111,39,,,
2003-04-15,122,33,,,
2003-04-16,128,61,,,
2003-04-17,128,44,,,
2003-04-18,156,39,,,
2003-04-19,172,78,,,
2003-04-20,139,56,,,
2003-04-21,78,33,,,
2003-04-22,128,28,,,
2003-04-23,128,39,,,
2003-04-24,111,39,,,
2003-04-25,78,39,,,
2003-04-26,133,39,,,
2003-04-27,161,44,,,
2003-04-28,111,39,,,
2003-04-29,122,44,,,
2003-04-30,161,39,,,
2003-05-01,183,94,,,
2003-05-02,156,78,,,
2003-05-03,128,61,,,
2003-05-04,133,61,,,
2003-05-05,161,50,,,
2003-05-06,122,44,,,
2003-05-07,139,50,,,
2003-05-08,100,39,,,
2003-05-09,150,28,,,
2003-05-10,178,56,,,
2003-05-11,206,67,,,
2003-05-12,228,106,,,
2003-05-13,256,122,,,
2003-05-14,161,67,,,
2003-05-15,122,61,,,
2003-05-16,222,117,,,
2003-05-17,222,117,,,
2003-05-18,194,89,,,
2003-05-19,261,133,,,
2003-05-20,283,189,,,
2003-05-21,311,189,,,
2003-05-22,311,211,,,
2003-05-23,328,94,,,
2003-05-24,150,83,,,
2003-05-25,178,89,,,
2003-05-26,250,89,,,
2003-05-27,328,178,,,
2003-05-28,333,222,,,
2003-05-29,256,89,,,
2003-05-30,239,83,,,
2003-05-31,278,161,,,
2003-06-01,322,211,,,
2003-06-02,350,239,,,
2003-06-03,328,167,,,
2003-06-04,289,144,,,
2003-06-05,256,111,,,
2003-06-06,217,89,,,
2003-06-07,217,100,,,
2003-06-08,261,100,,,
2003-06-09,233,100,,,
2003-06-10,211,83,,,
2003-06-11,156,78,,,
2003-06-12,156,72,,,
2003-06-13,222,78,,,
2003-06-14,256,67,,,
2003-06-15,300,167,,,
2003-06-16,328,211,,,
2003-06-17,278,128,,,
2003-06-18,211,89,,,
2003-06-19,200,78,,,
2003-06-20,222,67,,,
2003-06-21,217,78,,,
2003-06-22,261,106,,,
2003-06-23,228,94,,,
2003-06-24,294,144,,,
2003-06-25,322,200,,,
2003-06-26,367,244,,,
2003-06-27,378,261,,,
2003-06-28,344,206,,,
2003-06-29,300,194,,,
2003-06-30,278,128,,,
2003-07-01,283,122,,,
2003-07-02,294,161,,,
2003-07-03,306,172,,,
2003-07-04,339,211,,,
2003-07-05,300,194,,,
2003-07-06,244,128,,,
2003-07-07,183,78,,,
2003-07-08,311,172,,,
2003-07-09,350,222,,,
2003-07-10,333,217,,,
2003-07-11,333,211,,,
2003-07-12,306,161,,,
2003-07-13,311,156,,,
2003-07-14,344,222,,,
2003-07-15,294,206,,,
2003-07-16,361,228,,,
2003-07-17,389,250,,,
2003-07-18,372,267,,,
2003-07-19,350,250,,,
2003-07-20,367,250,,,
2003-07-21,383,256,,,
2003-07-22,378,250,,,
2003-07-23,328,256,,,
2003-07-24,350,233,,,
2003-07-25,311,206,,,
2003-07-26,367,222,,,
2003-07-27,367,267,,,
2003-07-28,378,267,,,
2003-07-29,383,250,,,
2003-07-30,333,217,,,
2003-07-31,294,200,,,
2003-08-01,328,172,,,
2003-08-02,283,161,,,
2003-08-03,289,144,,,
2003-08-04,233,128,,,
2003-08-05,250,128,,,
2003-08-06,222,111,,,
2003-08-07,244,106,,,
2003-08-08,278,106,,,
2003-08-09,272,161,,,
2003-08-10,278,156,,,
2003-08-11,278,161,,,
2003-08-12,300,161,,,
2003-08-13,322,156,,,
2003-08-14,256,133,,,
2003-08-15,322,178,,,
2003-08-16,350,211,,,
2003-08-17,350,217,,,
2003-08-18,339,183,,,
2003-08-19,278,172,,,
2003-08-20,328,206,,,
2003-08-21,261,150,,,
2003-08-22,239,122,,,
2003-08-23,272,150,,,
2003-08-24,311,200,,,
2003-08-25,339,200,,,
2003-08-26,333,167,,,
2003-08-27,294,167,,,
2003-08-28,239,100,,,
2003-08-29,311,150,,,
2003-08-30,322,211,,,
2003-08-31,339,222,,,
2003-09-01,372,256,,,
2003-09-02,361,228,,,
2003-09-03,344,194,,,
2003-09-04,283,156,,,
2003-09-05,278,117,,,
2003-09-06,222,100,,,
2003-09-07,244,111,,,
2003-09-08,267,106,,,
2003-09-09,200,106,,,
2003-09-10,272,128,,,
2003-09-11,300,200,,,
2003-09-12,317,228,,,
2003-09-13,311,222,,,
2003-09-14,339,228,,,
2003-09-15,272,139,,,
2003-09-16,233,111,,,
2003-09-17,239,133,,,
2003-09-18,278,189,,,
2003-09-19,311,222,,,
2003-09-20,333,217,,,
2003-09-21,328,250,,,
2003-09-22,339,250,,,
2003-09-23,333,211,,,
2003-09-24,250,133,,,
2003-09-25,267,106,,,
2003-09-26,289,156,,,
2003-09-27,283,183,,,
2003-09-28,272,106,,,
2003-09-29,261,100,,,
2003-09-30,283,167,,,
2003-10-01,211,100,,,
2003-10-02,228,89,,,
2003-10-03,261,89,,,
2003-10-04,256,89,,,
2003-10-05,261,156,,,
2003-10-06,294,194,,,
2003-10-07,272,161,,,
2003-10-08,256,133,,,
2003-10-09,211,106,,,
2003-10-10,217,117,,,
2003-10-11,256,156,,,
2003-10-12,256,161,,,
2003-10-13,256,156,,,
2003-10-14,261,172,,,
2003-10-15,250,139,,,
2003-10-16,250,161,,,
2003-10-17,239,167,,,
2003-10-18,289,178,,,
2003-10-19,267,150,,,
2003-10-20,267,189,,,
2003-10-21,306,206,,,
2003-10-22,256,128,,,
2003-10-23,261,156,,,
2003-10-24,261,178,,,
2003-10-25,272,183,,,
2003-10-26,278,200,,,
2003-10-27,289,206,,,
2003-10-28,289,194,,,
2003-10-29,222,72,,,
2003-10-30,144,50,,,
2003-10-31,78,39,,,
2003-11-01,111,28,,,
2003-11-02,122,44,,,
2003-11-03,100,39,,,
2003-11-04,111,28,,,
2003-11-05,111,61,,,
2003-11-06,139,72,,,
2003-11-07,167,72,,,
2003-11-08,139,83,,,
2003-11-09,139,78,,,
2003-11-10,133,72,,,
2003-11-11,156,83,,,
2003-11-12,156,89,,,
2003-11-13,161,89,,,
2003-11-14,117,72,,,
2003-11-15,83,44,,,
2003-11-16,133,50,,,
2003-11-17,161,78,,,
2003-11-18,144,72,,,
2003-11-19,211,117,,,
2003-11-20,167,50,,,
2003-11-21,106,33,,,
2003-11-22,94,28,,,
2003-11-23,117,22,,,
2003-11-24,128,33,,,
2003-11-25,117,22,,,
2003-11-26,111,44,,,
2003-11-27,106,50,,,
2003-11-28,161,72,,,
2003-11-29,100,56,,,
2003-11-30,111,61,,,
2003-12-01,133,72,,,
2003-12-02,161,72,,,
2003-12-03,133,72,,,
2003-12-04,139,78,,,
2003-12-05,150,83,,,
2003-12-06,139,100,,,
2003-12-07,111,50,,,
2003-12-08,111,39,,,
2003-12-09,100,56,,,
2003-12-10,94,56,,,
2003-12-11,106,39,,,
2003-12-12,100,33,,,
2003-12-13,111,78,,,
2003-12-14,122,39,,,
2003-12-15,72,28,,,
2003-12-16,100,28,,,
2003-12-17,122,33,,,
2003-12-18,139,56,,,
2003-12-19,150,50,,,
2003-12-20,150,67,,,
2003-12-21,89,67,,,
2003-12-22,78,56,,,
2003-12-23,94,67,,,
2003-12-24,100,72,,,
2003-12-25,67,22,,,
2003-12-26,78,6,,,
2003-12-27,78,0,,,
2003-12-28,72,6,,,
2003-12-29,72,33,,,
2003-12-30,61,33,,,
2003-12-31,83,50,,,
2004-01-01,78,39,,,
2004-01-02,56,6,,,
2004-01-03,56,0,,,
2004-01-04,78,0,,,
2004-01-05,89,11,,,
2004-01-06,83,28,,,
2004-01-07,133,50,,,
2004-01-08,183,72,,,
2004-01-09,150,78,,,
2004-01-10,133,67,,,
2004-01-11,139,67,,,
2004-01-12,183,83,,,
2004-01-13,150,83,,,
2004-01-14,161,61,,,
2004-01-15,128,56,,,
2004-01-16,72,39,,,
2004-01-17,50,22,,,
2004-01-18,89,28,,,
2004-01-19,72,33,,,
2004-01-20,67,33,,,
2004-01-21,117,28,,,
2004-01-22,128,50,,,
2004-01-23,106,50,,,
2004-01-24,83,44,,,
2004-01-25,100,17,,,
2004-01-26,83,39,,,
2004-01-27,83,50,,,
2004-01-28,100,39,,,
2004-01-29,122,44,,,
2004-01-30,100,39,,,
2004-01-31,106,28,,,
2004-02-01,72,33,,,
2004-02-02,89,39,,,
2004-02-03,78,39,,,
2004-02-04,94,33,,,
2004-02-05,111,56,,,
2004-02-06,139,44,,,
2004-02-07,111,33,,,
2004-02-08,100,28,,,
2004-02-09,111,28,,,
2004-02-10,128,33,,,
2004-02-11,117,56,,,
2004-02-12,144,61,,,
2004-02-13,144,67,,,
2004-02-14,128,56,,,
2004-02-15,172,67,,,
2004-02-16,122,67,,,
2004-02-17,150,100,,,
2004-02-18,117,67,,,
2004-02-19,100,33,,,
2004-02-20,83,39,,,
2004-02-21,89,44,,,
2004-02-22,100,50,,,
2004-02-23,128,44,,,
2004-02-24,128,56,,,
2004-02-25,106,44,,,
2004-02-26,61,28,,,
2004-02-27,100,22,,,
2004-02-28,128,44,,,
2004-02-29,94,39,,,
2004-03-01,72,28,,,
2004-03-02,139,33,,,
2004-03-03,133,61,,,
2004-03-04,172,72,,,
2004-03-05,172,78,,,
2004-03-06,172,89,,,
2004-03-07,211,117,,,
2004-03-08,206,128,,,
2004-03-09,233,178,,,
2004-03-10,233,144,,,
2004-03-11,239,139,,,
2004-03-12,228,139,,,
2004-03-13,244,150,,,
2004-03-14,256,161,,,
2004-03-15,239,167,,,
2004-03-16,228,144,,,
2004-03-17,244,161,,,
2004-03-18,272,172,,,
2004-03-19,256,161,,,
2004-03-20,233,161,,,
2004-03-21,244,150,,,
2004-03-22,211,78,,,
2004-03-23,156,61,,,
2004-03-24,178,67,,,
2004-03-25,117,44,,,
2004-03-26,117,39,,,
2004-03-27,156,56,,,
2004-03-28,189,94,,,
2004-03-29,261,94,,,
2004-03-30,122,61,,,
2004-03-31,178,72,,,
2004-04-01,161,78,,,
2004-04-02,178,78,,,
2004-04-03,206,122,,,
2004-04-04,150,50,,,
2004-04-05,117,44,,,
2004-04-06,144,39,,,
2004-04-07,217,106,,,
2004-04-08,233,111,,,
2004-04-09,250,156,,,
2004-04-10,256,167,,,
2004-04-11,244,139,,,
2004-04-12,172,50,,,
2004-04-13,128,39,,,
2004-04-14,156,56,,,
2004-04-15,133,39,,,
2004-04-16,150,39,,,
2004-04-17,122,39,,,
2004-04-18,122,44,,,
2004-04-19,150,56,,,
2004-04-20,133,72,,,
2004-04-21,133,56,,,
2004-04-22,206,78,,,
2004-04-23,239,128,,,
2004-04-24,256,150,,,
2004-04-25,278,167,,,
2004-04-26,300,200,,,
2004-04-27,311,200,,,
2004-04-28,250,156,,,
2004-04-29,239,128,,,
2004-04-30,261,139,,,
2004-05-01,283,172,,,
2004-05-02,300,200,,,
2004-05-03,328,200,,,
2004-05-04,233,67,,,
2004-05-05,183,61,,,
2004-05-06,244,72,,,
2004-05-07,217,78,,,
2004-05-08,200,83,,,
2004-05-09,228,67,,,
2004-05-10,189,61,,,
2004-05-11,172,67,,,
2004-05-12,228,100,,,
2004-05-13,267,122,,,
2004-05-14,261,150,,,
2004-05-15,211,72,,,
2004-05-16,206,72,,,
2004-05-17,144,67,,,
2004-05-18,189,67,,,
2004-05-19,211,72,,,
2004-05-20,156,67,,,
2004-05-21,150,67,,,
2004-05-22,139,72,,,
2004-05-23,189,67,,,
2004-05-24,178,61,,,
2004-05-25,200,78,,,
2004-05-26,261,117,,,
2004-05-27,228,100,,,
2004-05-28,161,72,,,
2004-05-29,239,89,,,
2004-05-30,289,161,,,
2004-05-31,311,200,,,
2004-06-01,300,206,,,
2004-06-02,306,133,,,
2004-06-03,256,139,,,
2004-06-04,272,172,,,
2004-06-05,261,161,,,
2004-06-06,261,100,,,
2004-06-07,194,78,,,
2004-06-08,172,78,,,
2004-06-09,211,78,,,
2004-06-10,222,78,,,
2004-06-11,233,122,,,
2004-06-12,278,117,,,
2004-06-13,289,150,,,
2004-06-14,328,189,,,
2004-06-15,344,217,,,
2004-06-16,339,156,,,
2004-06-17,233,111,,,
2004-06-18,244,106,,,
2004-06-19,233,106,,,
2004-06-20,261,94,,,
2004-06-21,272,89,,,
2004-06-22,206,89,,,
2004-06-23,250,89,,,
2004-06-24,244,94,,,
2004-06-25,278,161,,,
2004-06-26,261,133,,,
2004-06-27,322,139,,,
2004-06-28,272,150,,,
2004-06-29,206,106,,,
2004-06-30,211,94,,,
2004-07-01,239,94,,,
2004-07-02,306,156,,,
2004-07-03,300,161,,,
2004-07-04,322,167,,,
2004-07-05,339,211,,,
2004-07-06,311,200,,,
2004-07-07,244,139,,,
2004-07-08,256,100,,,
2004-07-09,217,94,,,
2004-07-10,272,122,,,
2004-07-11,317,200,,,
2004-07-12,294,178,,,
2004-07-13,272,100,,,
2004-07-14,300,161,,,
2004-07-15,311,189,,,
2004-07-16,317,194,,,
2004-07-17,289,200,,,
2004-07-18,306,200,,,
2004-07-19,267,178,,,
2004-07-20,311,183,,,
2004-07-21,356,222,,,
2004-07-22,333,211,,,
2004-07-24,294,178,,,
2004-07-25,350,211,,,
2004-07-26,350,222,,,
2004-07-27,328,217,,,
2004-07-28,294,167,,,
2004-07-29,294,178,,,
2004-07-30,289,156,,,
2004-07-31,206,106,,,
2004-08-01,217,100,,,
2004-08-02,172,100,,,
2004-08-03,294,100,,,
2004-08-04,250,122,,,
2004-08-05,244,106,,,
2004-08-06,272,122,,,
2004-08-07,322,206,,,
2004-08-08,344,228,,,
2004-08-09,328,211,,,
2004-08-10,356,239,,,
2004-08-11,367,267,,,
2004-08-12,344,206,,,
2004-08-13,322,172,,,
2004-08-14,222,106,,,
2004-08-15,283,106,,,
2004-08-16,300,156,,,
2004-08-17,333,200,,,
2004-08-18,356,222,,,
2004-08-19,311,200,,,
2004-08-20,311,172,,,
2004-08-21,272,139,,,
2004-08-22,211,111,,,
2004-08-23,244,128,,,
2004-08-24,228,117,,,
2004-08-25,250,111,,,
2004-08-26,261,117,,,
2004-08-27,311,200,,,
2004-08-28,339,233,,,
2004-08-29,356,228,,,
2004-08-30,333,228,,,
2004-08-31,333,189,,,
2004-09-01,328,206,,,
2004-09-02,289,200,,,
2004-09-03,261,167,,,
2004-09-04,289,178,,,
2004-09-05,322,217,,,
2004-09-06,328,256,,,
2004-09-07,344,256,,,
2004-09-08,378,244,,,
2004-09-09,356,211,,,
2004-09-10,339,211,,,
2004-09-11,333,200,,,
2004-09-12,233,111,,,
2004-09-13,250,106,,,
2004-09-14,283,161,,,
2004-09-15,328,206,,,
2004-09-16,317,194,,,
2004-09-17,250,106,,,
2004-09-18,161,83,,,
2004-09-19,133,72,,,
2004-09-20,183,78,,,
2004-09-21,233,133,,,
2004-09-22,250,161,,,
2004-09-23,272,178,,,
2004-09-24,278,200,,,
2004-09-25,306,206,,,
2004-09-26,294,183,,,
2004-09-27,206,100,,,
2004-09-28,194,100,,,
2004-09-29,189,89,,,
2004-09-30,211,89,,,
2004-10-01,217,89,,,
2004-10-02,244,150,,,
2004-10-03,267,139,,,
2004-10-04,250,100,,,
2004-10-05,261,206,,,
2004-10-06,283,172,,,
2004-10-07,272,150,,,
2004-10-08,256,128,,,
2004-10-09,200,111,,,
2004-10-10,233,133,,,
2004-10-11,267,150,,,
2004-10-12,289,189,,,
2004-10-13,289,200,,,
2004-10-14,289,217,,,
2004-10-15,278,167,,,
2004-10-16,167,100,,,
2004-10-17,133,89,,,
2004-10-18,150,83,,,
2004-10-19,117,72,,,
2004-10-20,156,61,,,
2004-10-21,167,67,,,
2004-10-22,172,72,,,
2004-10-23,122,89,,,
2004-10-24,150,83,,,
2004-10-25,139,67,,,
2004-10-26,128,50,,,
2004-10-27,106,44,,,
2004-10-28,128,50,,,
2004-10-29,128,72,,,
2004-10-30,178,83,,,
2004-10-31,161,89,,,
2004-11-01,139,94,,,
2004-11-02,172,94,,,
2004-11-03,111,50,,,
2004-11-04,78,33,,,
2004-11-05,161,67,,,
2004-11-06,194,106,,,
2004-11-07,167,78,,,
2004-11-08,106,72,,,
2004-11-09,122,72,,,
2004-11-10,117,78,,,
2004-11-11,111,78,,,
2004-11-12,156,78,,,
2004-11-13,150,83,,,
2004-11-14,161,89,,,
2004-11-15,139,89,,,
2004-11-16,178,100,,,
2004-11-17,161,94,,,
2004-11-18,167,67,,,
2004-11-19,117,56,,,
2004-11-20,144,39,,,
2004-11-21,111,33,,,
2004-11-22,156,67,,,
2004-11-23,122,67,,,
2004-11-24,150,72,,,
2004-11-25,122,61,,,
2004-11-26,122,56,,,
2004-11-27,94,39,,,
2004-11-28,83,17,,,
2004-11-29,78,6,,,
2004-11-30,78,11,,,
2004-12-01,89,33,,,
2004-12-02,83,17,,,
2004-12-03,111,44,,,
2004-12-04,128,44,,,
2004-12-05,106,6,,,
2004-12-06,94,28,,,
2004-12-07,111,61,,,
2004-12-08,111,72,,,
2004-12-09,161,100,,,
2004-12-10,117,94,,,
2004-12-11,139,72,,,
2004-12-12,172,61,,,
2004-12-13,150,78,,,
2004-12-14,89,67,,,
2004-12-15,117,67,,,
2004-12-16,122,72,,,
2004-12-17,167,89,,,
2004-12-18,139,94,,,
2004-12-19,139,89,,,
2004-12-20,161,61,,,
2004-12-21,117,61,,,
2004-12-22,89,44,,,
2004-12-23,111,44,,,
2004-12-24,122,39,,,
2004-12-25,161,50,,,
2004-12-26,94,50,,,
2004-12-27,89,33,,,
2004-12-28,72,50,,,
2004-12-29,89,44,,,
2004-12-30,83,44,,,
2004-12-31,89,39,,,
2005-01-01,78,22,,,
2005-01-02,56,33,,,
2005-01-03,44,17,,,
2005-01-04,72,17,,,
2005-01-05,89,28,,,
2005-01-06,67,28,,,
2005-01-07,94,28,,,
2005-01-08,61,28,,,
2005-01-09,89,39,,,
2005-01-10,89,33,,,
2005-01-11,56,22,,,
2005-01-12,111,28,,,
2005-01-13,50,17,,,
2005-01-14,72,17,,,
2005-01-15,139,50,,,
2005-01-16,122,50,,,
2005-01-17,133,78,,,
2005-01-18,150,72,,,
2005-01-19,206,44,,,
2005-01-20,189,94,,,
2005-01-21,172,89,,,
2005-01-22,150,78,,,
2005-01-23,189,6,,,
2005-01-24,206,106,,,
2005-01-25,156,94,,,
2005-01-26,106,67,,,
2005-01-27,106,56,,,
2005-01-28,89,44,,,
2005-01-29,100,39,,,
2005-01-30,111,50,,,
2005-01-31,133,56,,,
2005-02-01,156,78,,,
2005-02-02,150,89,,,
2005-02-03,178,89,,,
2005-02-04,167,89,,,
2005-02-05,133,67,,,
2005-02-06,117,50,,,
2005-02-07,89,33,,,
2005-02-08,94,39,,,
2005-02-09,111,56,,,
2005-02-10,133,72,,,
2005-02-11,128,78,,,
2005-02-12,167,78,,,
2005-02-13,106,72,,,
2005-02-14,94,67,,,
2005-02-15,89,67,,,
2005-02-16,117,78,,,
2005-02-17,111,61,,,
2005-02-18,117,67,,,
2005-02-19,94,67,,,
2005-02-20,106,56,,,
2005-02-21,111,61,,,
2005-02-22,139,56,,,
2005-02-23,156,56,,,
2005-02-24,83,56,,,
2005-02-25,100,56,,,
2005-02-26,128,50,,,
2005-02-27,133,61,,,
2005-02-28,133,39,,,
2005-03-01,133,61,,,
2005-03-02,106,50,,,
2005-03-03,128,56,,,
2005-03-04,94,72,,,
2005-03-05,183,94,,,
2005-03-06,189,106,,,
2005-03-07,200,111,,,
2005-03-08,222,122,,,
2005-03-09,233,128,,,
2005-03-10,228,156,,,
2005-03-11,239,167,,,
2005-03-12,233,89,,,
2005-03-13,183,89,,,
2005-03-14,167,78,,,
2005-03-15,189,100,,,
2005-03-16,178,94,,,
2005-03-17,167,83,,,
2005-03-18,111,83,,,
2005-03-19,117,61,,,
2005-03-20,100,67,,,
2005-03-21,133,61,,,
2005-03-22,100,50,,,
2005-03-23,78,44,,,
2005-03-24,117,22,,,
2005-03-25,144,39,,,
2005-03-26,161,67,,,
2005-03-27,150,61,,,
2005-03-28,111,44,,,
2005-03-29,117,50,,,
2005-03-30,161,50,,,
2005-03-31,172,78,,,
2005-04-01,217,106,,,
2005-04-02,156,44,,,
2005-04-03,106,33,,,
2005-04-04,111,28,,,
2005-04-05,161,61,,,
2005-04-06,217,94,,,
2005-04-07,106,39,,,
2005-04-08,106,39,,,
2005-04-09,150,44,,,
2005-04-10,189,67,,,
2005-04-11,150,39,,,
2005-04-12,133,28,,,
2005-04-13,128,22,,,
2005-04-14,161,39,,,
2005-04-15,217,100,,,
2005-04-16,211,89,,,
2005-04-17,150,67,,,
2005-04-18,172,67,,,
2005-04-19,167,78,,,
2005-04-20,189,78,,,
2005-04-21,194,106,,,
2005-04-22,200,67,,,
2005-04-23,122,61,,,
2005-04-24,144,61,,,
2005-04-25,194,56,,,
2005-04-26,206,83,,,
2005-04-27,156,78,,,
2005-04-28,139,67,,,
2005-04-29,178,61,,,
2005-04-30,178,67,,,
2005-05-01,194,78,,,
2005-05-02,194,94,,,
2005-05-03,189,106,,,
2005-05-04,189,100,,,
2005-05-05,144,83,,,
2005-05-06,156,78,,,
2005-05-07,172,78,,,
2005-05-08,139,78,,,
2005-05-09,128,56,,,
2005-05-10,167,50,,,
2005-05-11,217,83,,,
2005-05-12,239,122,,,
2005-05-13,250,128,,,
2005-05-14,244,139,,,
2005-05-15,206,117,,,
2005-05-16,156,72,,,
2005-05-17,150,61,,,
2005-05-18,178,94,,,
2005-05-19,161,89,,,
2005-05-20,189,78,,,
2005-05-21,261,128,,,
2005-05-22,261,139,,,
2005-05-23,272,128,,,
2005-05-24,289,172,,,
2005-05-25,306,189,,,
2005-05-26,294,178,,,
2005-05-27,283,144,,,
2005-05-28,161,78,,,
2005-05-29,194,72,,,
2005-05-30,261,128,,,
2005-05-31,300,144,,,
2005-06-01,278,167,,,
2005-06-02,250,167,,,
2005-06-03,256,144,,,
2005-06-04,261,78,,,
2005-06-05,183,56,,,
2005-06-06,172,61,,,
2005-06-07,178,61,,,
2005-06-08,144,83,,,
2005-06-09,194,100,,,
2005-06-10,239,106,,,
2005-06-11,250,94,,,
2005-06-12,283,156,,,
2005-06-13,322,206,,,
2005-06-14,261,139,,,
2005-06-15,267,106,,,
2005-06-16,150,83,,,
2005-06-17,172,78,,,
2005-06-18,194,78,,,
2005-06-19,222,89,,,
2005-06-20,228,100,,,
2005-06-21,211,89,,,
2005-06-22,278,100,,,
2005-06-23,233,100,,,
2005-06-24,228,89,,,
2005-06-25,200,89,,,
2005-06-26,244,83,,,
2005-06-27,194,78,,,
2005-06-28,267,100,,,
2005-06-29,322,189,,,
2005-06-30,339,228,,,
2005-07-01,350,217,,,
2005-07-02,317,200,,,
2005-07-03,317,189,,,
2005-07-04,328,183,,,
2005-07-05,283,150,,,
2005-07-06,300,139,,,
2005-07-07,272,100,,,
2005-07-08,211,89,,,
2005-07-09,211,100,,,
2005-07-10,250,111,,,
2005-07-11,328,189,,,
2005-07-12,361,239,,,
2005-07-13,378,256,,,
2005-07-14,372,261,,,
2005-07-15,350,267,,,
2005-07-16,394,278,,,
2005-07-17,389,272,,,
2005-07-18,339,233,,,
2005-07-19,333,244,,,
2005-07-20,372,239,,,
2005-07-21,278,161,,,
2005-07-22,322,139,,,
2005-07-23,356,228,,,
2005-07-24,356,233,,,
2005-07-25,344,217,,,
2005-07-26,356,233,,,
2005-07-27,356,233,,,
2005-07-28,333,233,,,
2005-07-29,328,211,,,
2005-07-30,350,233,,,
2005-07-31,344,239,,,
2005-08-01,361,239,,,
2005-08-02,317,200,,,
2005-08-03,322,217,,,
2005-08-04,339,228,,,
2005-08-05,372,244,,,
2005-08-06,389,267,,,
2005-08-07,367,256,,,
2005-08-08,333,256,,,
2005-08-09,361,261,,,
2005-08-10,328,228,,,
2005-08-11,339,228,,,
2005-08-12,350,161,,,
2005-08-13,244,111,,,
2005-08-14,289,133,,,
2005-08-15,272,150,,,
2005-08-16,322,189,,,
2005-08-17,306,178,,,
2005-08-18,217,117,,,
2005-08-19,278,150,,,
2005-08-20,311,189,,,
2005-08-21,317,222,,,
2005-08-22,344,211,,,
2005-08-23,350,194,,,
2005-08-24,311,200,,,
2005-08-25,311,178,,,
2005-08-26,339,189,,,
2005-08-27,344,239,,,
2005-08-28,350,222,,,
2005-08-29,272,194,,,
2005-08-30,294,178,,,
2005-08-31,333,228,,,
2005-09-01,333,206,,,
2005-09-02,306,189,,,
2005-09-03,289,156,,,
2005-09-04,233,128,,,
2005-09-05,300,156,,,
2005-09-06,272,150,,,
2005-09-07,272,133,,,
2005-09-08,206,106,,,
2005-09-09,172,89,,,
2005-09-10,228,78,,,
2005-09-11,206,83,,,
2005-09-12,228,89,,,
2005-09-13,228,100,,,
2005-09-14,222,78,,,
2005-09-15,261,133,,,
2005-09-16,194,89,,,
2005-09-17,200,100,,,
2005-09-18,250,150,,,
2005-09-19,283,161,,,
2005-09-20,278,144,,,
2005-09-21,289,161,,,
2005-09-22,294,167,,,
2005-09-23,183,83,,,
2005-09-24,233,117,,,
2005-09-25,233,144,,,
2005-09-26,272,144,,,
2005-09-27,256,128,,,
2005-09-28,294,194,,,
2005-09-29,306,217,,,
2005-09-30,300,178,,,
2005-10-01,233,94,,,
2005-10-02,206,89,,,
2005-10-03,183,83,,,
2005-10-04,194,89,,,
2005-10-05,228,133,,,
2005-10-06,272,183,,,
2005-10-07,267,78,,,
2005-10-08,194,67,,,
2005-10-09,233,122,,,
2005-10-10,256,161,,,
2005-10-11,244,161,,,
2005-10-12,283,161,,,
2005-10-13,261,178,,,
2005-10-14,283,94,,,
2005-10-15,172,72,,,
2005-10-16,244,128,,,
2005-10-17,283,161,,,
2005-10-18,211,111,,,
2005-10-19,200,100,,,
2005-10-20,206,100,,,
2005-10-21,211,133,,,
2005-10-22,250,144,,,
2005-10-23,239,139,,,
2005-10-24,222,89,,,
2005-10-25,167,83,,,
2005-10-26,128,72,,,
2005-10-27,161,67,,,
2005-10-28,200,100,,,
2005-10-29,150,83,,,
2005-10-30,167,94,,,
2005-10-31,194,106,,,
2005-11-01,239,94,,,
2005-11-02,128,61,,,
2005-11-03,139,61,,,
2005-11-04,156,83,,,
2005-11-05,167,78,,,
2005-11-06,172,100,,,
2005-11-07,150,106,,,
2005-11-08,117,50,,,
2005-11-09,211,111,,,
2005-11-10,206,111,,,
2005-11-11,133,67,,,
2005-11-12,156,89,,,
2005-11-13,200,133,,,
2005-11-14,200,139,,,
2005-11-15,167,106,,,
2005-11-16,200,117,,,
2005-11-17,200,133,,,
2005-11-18,194,128,,,
2005-11-19,206,133,,,
2005-11-20,172,128,,,
2005-11-21,189,128,,,
2005-11-22,211,111,,,
2005-11-23,211,133,,,
2005-11-24,189,128,,,
2005-11-25,133,50,,,
2005-11-26,106,44,,,
2005-11-27,100,39,,,
2005-11-28,117,44,,,
2005-11-29,117,61,,,
2005-11-30,139,39,,,
2005-12-01,122,56,,,
2005-12-02,106,39,,,
2005-12-03,83,33,,,
2005-12-04,89,33,,,
2005-12-05,100,33,,,
2005-12-06,133,56,,,
2005-12-07,117,39,,,
2005-12-08,89,33,,,
2005-12-09,139,61,,,
2005-12-10,139,72,,,
2005-12-11,122,67,,,
2005-12-12,106,50,,,
2005-12-13,117,39,,,
2005-12-14,128,50,,,
2005-12-15,122,56,,,
2005-12-16,100,6,,,
2005-12-17,61,6,,,
2005-12-18,117,61,,,
2005-12-19,144,106,,,
2005-12-20,178,117,,,
2005-12-21,156,128,,,
2005-12-22,139,122,,,
2005-12-23,161,111,,,
2005-12-24,161,100,,,
2005-12-25,122,89,,,
2005-12-26,106,72,,,
2005-12-27,122,94,,,
2005-12-28,117,61,,,
2005-12-29,89,61,,,
2005-12-30,122,61,,,
2005-12-31,122,56,,,
2006-01-01,111,61,,,
2006-01-02,83,50,,,
2006-01-03,83,50,,,
2006-01-04,122,78,,,
2006-01-05,172,89,,,
2006-01-06,189,94,,,
2006-01-07,117,61,,,
2006-01-08,106,50,,,
2006-01-09,139,56,,,
2006-01-10,156,67,,,
2006-01-11,111,67,,,
2006-01-12,106,56,,,
2006-01-13,183,50,,,
2006-01-14,61,39,,,
2006-01-15,106,17,,,
2006-01-16,94,50,,,
2006-01-17,133,50,,,
2006-01-18,83,39,,,
2006-01-19,94,28,,,
2006-01-20,106,28,,,
2006-01-21,72,39,,,
2006-01-22,106,22,,,
2006-01-23,117,67,,,
2006-01-24,167,44,,,
2006-01-25,139,56,,,
2006-01-26,106,33,,,
2006-01-27,94,33,,,
2006-01-28,94,50,,,
2006-01-29,144,56,,,
2006-01-30,106,50,,,
2006-01-31,117,50,,,
2006-02-01,111,72,,,
2006-02-02,128,100,,,
2006-02-03,150,83,,,
2006-02-04,117,50,,,
2006-02-05,111,33,,,
2006-02-06,122,67,,,
2006-02-07,194,106,,,
2006-02-08,183,111,,,
2006-02-09,167,100,,,
2006-02-10,183,111,,,
2006-02-11,194,128,,,
2006-02-12,172,117,,,
2006-02-13,189,106,,,
2006-02-14,172,22,,,
2006-02-15,89,6,,,
2006-02-16,89,0,,,
2006-02-17,56,0,,,
2006-02-18,61,-6,,,
2006-02-19,44,0,,,
2006-02-20,89,11,,,
2006-02-21,106,50,,,
2006-02-22,133,61,,,
2006-02-23,144,56,,,
2006-02-24,161,94,,,
2006-02-25,178,100,,,
2006-02-26,139,61,,,
2006-02-27,144,78,,,
2006-02-28,94,44,,,
2006-03-01,128,33,,,
2006-03-02,111,22,,,
2006-03-03,67,0,,,
2006-03-04,94,11,,,
2006-03-05,106,56,,,
2006-03-06,111,50,,,
2006-03-07,83,44,,,
2006-03-08,122,44,,,
2006-03-09,83,0,,,
2006-03-10,39,-6,,,
2006-03-11,67,-17,,,
2006-03-12,72,0,,,
2006-03-13,100,0,,,
2006-03-14,94,28,,,
2006-03-15,100,17,,,
2006-03-16,100,44,,,
2006-03-17,111,39,,,
2006-03-18,117,44,,,
2006-03-19,122,39,,,
2006-03-20,61,0,,,
2006-03-21,106,6,,,
2006-03-22,111,33,,,
2006-03-23,183,61,,,
2006-03-24,156,89,,,
2006-03-25,111,33,,,
2006-03-26,122,28,,,
2006-03-27,156,56,,,
2006-03-28,94,39,,,
2006-03-29,106,28,,,
2006-03-30,111,44,,,
2006-03-31,117,39,,,
2006-04-01,117,33,,,
2006-04-02,106,50,,,
2006-04-03,106,67,,,
2006-04-04,89,39,,,
2006-04-05,100,33,,,
2006-04-06,156,39,,,
2006-04-07,139,50,,,
2006-04-08,139,44,,,
2006-04-09,144,61,,,
2006-04-10,111,61,,,
2006-04-11,111,56,,,
2006-04-12,111,78,,,
2006-04-13,172,78,,,
2006-04-14,183,67,,,
2006-04-15,100,56,,,
2006-04-16,94,28,,,
2006-04-17,111,22,,,
2006-04-18,156,61,,,
2006-04-19,194,111,,,
2006-04-20,217,100,,,
2006-04-21,178,61,,,
2006-04-22,133,56,,,
2006-04-23,128,67,,,
2006-04-24,122,67,,,
2006-04-25,128,61,,,
2006-04-26,200,67,,,
2006-04-27,261,144,,,
2006-04-28,250,100,,,
2006-04-29,206,83,,,
2006-04-30,272,156,,,
2006-05-01,261,172,,,
2006-05-02,261,150,,,
2006-05-03,139,67,,,
2006-05-04,183,61,,,
2006-05-05,161,67,,,
2006-05-06,144,50,,,
2006-05-07,250,111,,,
2006-05-08,239,144,,,
2006-05-09,272,156,,,
2006-05-10,283,189,,,
2006-05-11,267,189,,,
2006-05-12,272,139,,,
2006-05-13,244,122,,,
2006-05-14,300,200,,,
2006-05-15,306,200,,,
2006-05-16,294,189,,,
2006-05-17,311,217,,,
2006-05-18,317,167,,,
2006-05-19,206,106,,,
2006-05-20,211,111,,,
2006-05-21,178,78,,,
2006-05-22,183,78,,,
2006-05-23,211,100,,,
2006-05-24,211,89,,,
2006-05-25,178,72,,,
2006-05-26,172,56,,,
2006-05-27,156,50,,,
2006-05-28,200,72,,,
2006-05-29,244,72,,,
2006-05-30,250,144,,,
2006-05-31,272,172,,,
2006-06-01,272,156,,,
2006-06-02,250,150,,,
2006-06-03,322,161,,,
2006-06-04,244,150,,,
2006-06-05,261,94,,,
2006-06-06,289,106,,,
2006-06-07,250,83,,,
2006-06-08,206,78,,,
2006-06-09,261,89,,,
2006-06-10,200,78,,,
2006-06-11,189,83,,,
2006-06-12,156,83,,,
2006-06-13,183,89,,,
2006-06-14,228,89,,,
2006-06-15,272,89,,,
2006-06-16,339,217,,,
2006-06-17,344,211,,,
2006-06-18,278,111,,,
2006-06-19,283,100,,,
2006-06-20,328,206,,,
2006-06-21,344,233,,,
2006-06-22,372,256,,,
2006-06-23,367,267,,,
2006-06-24,378,239,,,
2006-06-25,372,261,,,
2006-06-26,350,261,,,
2006-06-27,328,222,,,
2006-06-28,322,211,,,
2006-06-29,344,206,,,
2006-06-30,267,150,,,
2006-07-01,333,189,,,
2006-07-02,306,217,,,
2006-07-03,317,178,,,
2006-07-04,267,161,,,
2006-07-05,222,-356,,,
2006-07-06,261,83,,,
2006-07-07,328,211,,,
2006-07-08,356,233,,,
2006-07-09,367,206,,,
2006-07-10,283,183,,,
2006-07-11,233,89,,,
2006-07-12,261,83,,,
2006-07-13,322,211,,,
2006-07-14,328,200,,,
2006-07-15,350,217,,,
2006-07-16,378,250,,,
2006-07-17,400,289,,,
2006-07-18,372,256,,,
2006-07-19,361,250,,,
2006-07-20,378,261,,,
2006-07-21,394,294,,,
2006-07-22,406,306,,,
2006-07-23,406,306,,,
2006-07-24,417,300,,,
2006-07-25,411,289,,,
2006-07-26,378,244,,,
2006-07-27,356,211,,,
2006-07-28,306,189,,,
2006-07-29,267,161,,,
2006-07-30,306,167,,,
2006-07-31,233,94,,,
2006-08-01,289,111,,,
2006-08-02,317,178,,,
2006-08-03,322,189,,,
2006-08-04,261,156,,,
2006-08-05,250,122,,,
2006-08-06,250,122,,,
2006-08-07,200,100,,,
2006-08-08,278,178,,,
2006-08-09,267,211,,,
2006-08-10,289,211,,,
2006-08-11,267,167,,,
2006-08-12,244,156,,,
2006-08-13,272,167,,,
2006-08-17,289,283,,,
2006-09-18,300,178,,,
2006-09-19,244,150,,,
2006-09-20,256,139,,,
2006-09-21,272,200,,,
2006-09-22,233,150,,,
2006-09-23,261,161,,,
2006-09-24,272,189,,,
2006-09-25,289,194,,,
2006-09-26,306,194,,,
2006-09-27,283,217,,,
2006-09-28,278,206,,,
2006-09-29,267,122,,,
2006-09-30,172,78,,,
2006-10-01,128,83,,,
2006-10-02,189,94,,,
2006-10-03,189,83,,,
2006-10-04,178,78,,,
2006-10-05,156,89,,,
2006-10-06,128,83,,,
2006-10-07,211,83,,,
2006-10-08,250,150,,,
2006-10-09,256,167,,,
2006-10-10,206,111,,,
2006-10-11,217,122,,,
2006-10-12,272,128,,,
2006-10-13,206,89,,,
2006-10-14,172,78,,,
2006-10-15,111,72,,,
2006-10-16,167,94,,,
2006-10-17,189,106,,,
2006-10-18,211,111,,,
2006-10-19,228,139,,,
2006-10-20,228,150,,,
2006-10-21,228,156,,,
2006-10-22,250,178,,,
2006-10-23,267,194,,,
2006-10-24,267,172,,,
2006-10-25,189,100,,,
2006-10-26,194,111,,,
2006-10-27,222,133,,,
2006-10-28,211,150,,,
2006-10-29,194,78,,,
2006-10-30,150,50,,,
2006-10-31,161,44,,,
2006-11-01,150,78,,,
2006-11-02,161,106,,,
2006-11-03,178,111,,,
2006-11-04,189,117,,,
2006-11-05,211,117,,,
2006-11-06,233,133,,,
2006-11-07,239,122,,,
2006-11-08,144,89,,,
2006-11-09,139,67,,,
2006-11-10,161,67,,,
2006-11-11,100,61,,,
2006-11-12,133,56,,,
2006-11-13,133,50,,,
2006-11-14,133,78,,,
2006-11-15,167,89,,,
2006-11-16,183,100,,,
2006-11-17,194,117,,,
2006-11-18,167,100,,,
2006-11-19,222,128,,,
2006-11-20,189,111,,,
2006-11-21,161,89,,,
2006-11-22,133,67,,,
2006-11-23,106,44,,,
2006-11-24,133,44,,,
2006-11-25,133,44,,,
2006-11-26,67,33,,,
2006-11-27,78,28,,,
2006-11-28,83,22,,,
2006-11-29,61,6,,,
2006-11-30,89,33,,,
2006-12-01,128,61,,,
2006-12-02,106,56,,,
2006-12-03,122,61,,,
2006-12-04,156,83,,,
2006-12-05,150,100,,,
2006-12-06,150,89,,,
2006-12-07,161,100,,,
2006-12-08,161,94,,,
2006-12-09,106,72,,,
2006-12-10,106,44,,,
2006-12-11,117,56,,,
2006-12-12,122,89,,,
2006-12-13,133,94,,,
2006-12-14,128,89,,,
2006-12-15,94,39,,,
2006-12-16,50,17,,,
2006-12-17,61,11,,,
2006-12-18,78,11,,,
2006-12-19,83,28,,,
2006-12-20,72,17,,,
2006-12-21,100,28,,,
2006-12-22,78,11,,,
2006-12-23,133,28,,,
2006-12-24,150,33,,,
2006-12-25,178,117,,,
2006-12-26,144,67,,,
2006-12-27,94,39,,,
2006-12-28,83,28,,,
2006-12-29,94,28,,,
2006-12-30,111,50,,,
2006-12-31,100,39,,,
2007-01-01,128,67,,,
2007-01-02,133,94,,,
2007-01-03,133,67,,,
2007-01-04,100,22,,,
2007-01-05,72,11,,,
2007-01-06,100,28,,,
2007-01-07,133,67,,,
2007-01-08,139,72,,,
2007-01-09,150,78,,,
2007-01-10,150,6,,,
2007-01-11,67,0,,,
2007-01-12,28,-28,,,
2007-01-13,50,-28,,,
2007-01-14,39,0,,,
2007-01-15,67,0,,,
2007-01-16,89,6,,,
2007-01-17,100,0,,,
2007-01-18,106,39,,,
2007-01-19,139,61,,,
2007-01-20,139,78,,,
2007-01-21,117,56,,,
2007-01-22,117,44,,,
2007-01-23,111,50,,,
2007-01-24,178,61,,,
2007-01-25,156,61,,,
2007-01-26,139,67,,,
2007-01-27,94,56,,,
2007-01-28,72,50,,,
2007-01-29,133,61,,,
2007-01-30,167,39,,,
2007-01-31,122,33,,,
2007-02-01,67,17,,,
2007-02-02,78,28,,,
2007-02-03,106,39,,,
2007-02-04,150,89,,,
2007-02-05,206,94,,,
2007-02-06,183,83,,,
2007-02-07,128,78,,,
2007-02-08,117,78,,,
2007-02-09,117,94,,,
2007-02-10,117,89,,,
2007-02-11,117,50,,,
2007-02-12,133,39,,,
2007-02-13,94,39,,,
2007-02-14,150,78,,,
2007-02-15,183,100,,,
2007-02-16,194,106,,,
2007-02-17,194,106,,,
2007-02-18,139,72,,,
2007-02-19,144,61,,,
2007-02-20,100,50,,,
2007-02-21,100,50,,,
2007-02-22,83,11,,,
2007-02-23,78,6,,,
2007-02-24,78,17,,,
2007-02-25,83,39,,,
2007-02-26,72,17,,,
2007-02-27,61,0,,,
2007-02-28,72,0,,,
2007-03-01,100,17,,,
2007-03-02,133,44,,,
2007-03-03,133,61,,,
2007-03-04,161,89,,,
2007-03-05,172,106,,,
2007-03-06,178,106,,,
2007-03-07,150,56,,,
2007-03-08,161,33,,,
2007-03-09,133,44,,,
2007-03-10,189,78,,,
2007-03-11,222,139,,,
2007-03-12,239,156,,,
2007-03-13,256,156,,,
2007-03-14,211,133,,,
2007-03-15,222,150,,,
2007-03-16,233,156,,,
2007-03-17,244,78,,,
2007-03-18,211,61,,,
2007-03-19,194,78,,,
2007-03-20,106,50,,,
2007-03-21,167,50,,,
2007-03-22,189,78,,,
2007-03-23,228,144,,,
2007-03-24,217,67,,,
2007-03-25,161,67,,,
2007-03-26,139,28,,,
2007-03-27,106,17,,,
2007-03-28,156,50,,,
2007-03-29,189,78,,,
2007-03-30,222,117,,,
2007-03-31,222,128,,,
2007-04-01,183,72,,,
2007-04-02,211,100,,,
2007-04-03,239,133,,,
2007-04-04,233,139,,,
2007-04-05,244,144,,,
2007-04-06,206,83,,,
2007-04-07,150,56,,,
2007-04-08,161,56,,,
2007-04-09,172,78,,,
2007-04-10,194,78,,,
2007-04-11,133,39,,,
2007-04-12,150,28,,,
2007-04-13,194,56,,,
2007-04-14,89,50,,,
2007-04-15,167,50,,,
2007-04-16,228,100,,,
2007-04-17,128,28,,,
2007-04-18,128,11,,,
2007-04-19,117,22,,,
2007-04-20,133,39,,,
2007-04-21,111,44,,,
2007-04-22,117,56,,,
2007-04-23,200,50,,,
2007-04-24,228,122,,,
2007-04-25,150,72,,,
2007-04-26,239,111,,,
2007-04-27,272,178,,,
2007-04-28,294,183,,,
2007-04-29,244,167,,,
2007-04-30,261,139,,,
2007-05-01,194,72,,,
2007-05-02,144,44,,,
2007-05-03,128,39,,,
2007-05-04,150,56,,,
2007-05-05,194,89,,,
2007-05-06,256,122,,,
2007-05-07,283,161,,,
2007-05-08,317,178,,,
2007-05-09,250,144,,,
2007-05-10,250,89,,,
2007-05-11,244,56,,,
2007-05-12,144,44,,,
2007-05-13,244,89,,,
2007-05-14,289,178,,,
2007-05-15,200,61,,,
2007-05-16,211,56,,,
2007-05-17,189,78,,,
2007-05-18,206,117,,,
2007-05-19,228,106,,,
2007-05-20,211,106,,,
2007-05-21,261,117,,,
2007-05-22,250,150,,,
2007-05-23,272,161,,,
2007-05-24,300,178,,,
2007-05-25,278,178,,,
2007-05-26,278,83,,,
2007-05-27,200,83,,,
2007-05-28,283,150,,,
2007-05-29,244,106,,,
2007-05-30,211,78,,,
2007-05-31,239,83,,,
2007-06-01,239,128,,,
2007-06-02,267,122,,,
2007-06-03,278,150,,,
2007-06-04,244,106,,,
2007-06-05,161,67,,,
2007-06-06,178,72,,,
2007-06-07,233,117,,,
2007-06-08,250,111,,,
2007-06-09,278,178,,,
2007-06-10,250,117,,,
2007-06-11,272,144,,,
2007-06-12,322,200,,,
2007-06-13,356,228,,,
2007-06-14,350,239,,,
2007-06-15,350,144,,,
2007-06-16,206,128,,,
2007-06-17,311,172,,,
2007-06-18,339,206,,,
2007-06-19,278,122,,,
2007-06-20,261,139,,,
2007-06-21,294,183,,,
2007-06-22,289,178,,,
2007-06-23,267,150,,,
2007-06-24,228,139,,,
2007-06-25,311,183,,,
2007-06-26,311,150,,,
2007-06-27,256,150,,,
2007-06-28,228,128,,,
2007-06-29,239,111,,,
2007-06-30,222,106,,,
2007-07-01,244,172,,,
2007-07-02,306,189,,,
2007-07-03,328,183,,,
2007-07-04,383,261,,,
2007-07-05,389,283,,,
2007-07-06,339,183,,,
2007-07-07,233,100,,,
2007-07-08,328,211,,,
2007-07-09,311,206,,,
2007-07-10,294,139,,,
2007-07-11,222,117,,,
2007-07-12,228,122,,,
2007-07-13,294,128,,,
2007-07-14,283,189,,,
2007-07-15,289,194,,,
2007-07-16,222,106,,,
2007-07-17,239,106,,,
2007-07-18,222,117,,,
2007-07-19,272,111,,,
2007-07-20,239,144,,,
2007-07-21,283,156,,,
2007-07-22,317,183,,,
2007-07-23,317,211,,,
2007-07-24,294,156,,,
2007-07-25,267,150,,,
2007-07-26,311,167,,,
2007-07-27,333,183,,,
2007-07-28,322,167,,,
2007-07-29,300,144,,,
2007-07-30,350,189,,,
2007-07-31,333,211,,,
2007-08-01,344,239,,,
2007-08-02,333,233,,,
2007-08-03,372,250,,,
2007-08-04,361,194,,,
2007-08-05,172,100,,,
2007-08-06,172,94,,,
2007-08-07,206,94,,,
2007-08-08,267,94,,,
2007-08-09,294,172,,,
2007-08-10,311,161,,,
2007-08-11,233,106,,,
2007-08-12,283,111,,,
2007-08-13,322,183,,,
2007-08-14,317,194,,,
2007-08-15,267,172,,,
2007-08-16,256,139,,,
2007-08-17,311,144,,,
2007-08-18,250,100,,,
2007-08-19,278,100,,,
2007-08-20,311,189,,,
2007-08-21,350,211,,,
2007-08-22,356,200,,,
2007-08-23,344,222,,,
2007-08-24,317,206,,,
2007-08-25,306,172,,,
2007-08-26,289,189,,,
2007-08-27,322,189,,,
2007-08-28,333,239,,,
2007-08-29,361,261,,,
2007-08-30,372,267,,,
2007-08-31,339,228,,,
2007-09-01,367,239,,,
2007-09-02,356,239,,,
2007-09-03,322,161,,,
2007-09-04,228,133,,,
2007-09-05,289,178,,,
2007-09-06,333,167,,,
2007-09-07,261,139,,,
2007-09-08,311,178,,,
2007-09-09,278,161,,,
2007-09-10,283,128,,,
2007-09-11,294,156,,,
2007-09-12,167,106,,,
2007-09-13,228,106,,,
2007-09-14,239,111,,,
2007-09-15,206,100,,,
2007-09-16,233,100,,,
2007-09-17,256,100,,,
2007-09-18,222,83,,,
2007-09-19,150,78,,,
2007-09-20,172,67,,,
2007-09-21,233,133,,,
2007-09-22,161,100,,,
2007-09-23,178,100,,,
2007-09-24,222,122,,,
2007-09-25,250,150,,,
2007-09-26,272,178,,,
2007-09-27,300,100,,,
2007-09-28,139,83,,,
2007-09-29,194,83,,,
2007-09-30,239,100,,,
2007-10-01,200,100,,,
2007-10-02,261,139,,,
2007-10-03,233,83,,,
2007-10-04,161,61,,,
2007-10-05,139,50,,,
2007-10-06,189,89,,,
2007-10-07,228,128,,,
2007-10-08,250,144,,,
2007-10-09,178,111,,,
2007-10-10,183,89,,,
2007-10-11,189,94,,,
2007-10-12,100,72,,,
2007-10-13,183,89,,,
2007-10-14,194,111,,,
2007-10-15,172,94,,,
2007-10-16,117,72,,,
2007-10-17,150,72,,,
2007-10-18,217,100,,,
2007-10-19,200,89,,,
2007-10-20,144,89,,,
2007-10-21,178,89,,,
2007-10-22,211,128,,,
2007-10-23,244,156,,,
2007-10-24,272,194,,,
2007-10-25,256,117,,,
2007-10-26,194,111,,,
2007-10-27,222,139,,,
2007-10-28,228,139,,,
2007-10-29,233,83,,,
2007-10-30,167,78,,,
2007-10-31,194,117,,,
2007-11-01,200,122,,,
2007-11-02,206,133,,,
2007-11-03,217,150,,,
2007-11-04,233,144,,,
2007-11-05,233,167,,,
2007-11-06,222,156,,,
2007-11-07,261,172,,,
2007-11-08,183,83,,,
2007-11-09,150,72,,,
2007-11-10,144,94,,,
2007-11-11,139,89,,,
2007-11-12,200,117,,,
2007-11-13,200,133,,,
2007-11-14,222,117,,,
2007-11-15,228,139,,,
2007-11-16,161,89,,,
2007-11-17,194,106,,,
2007-11-18,206,100,,,
2007-11-19,150,94,,,
2007-11-20,122,67,,,
2007-11-21,128,67,,,
2007-11-22,139,67,,,
2007-11-23,144,83,,,
2007-11-24,161,100,,,
2007-11-25,139,72,,,
2007-11-26,167,83,,,
2007-11-27,128,89,,,
2007-11-28,133,56,,,
2007-11-29,128,61,,,
2007-11-30,100,33,,,
2007-12-01,83,17,,,
2007-12-02,122,39,,,
2007-12-03,167,72,,,
2007-12-04,150,89,,,
2007-12-05,178,100,,,
2007-12-06,117,72,,,
2007-12-07,106,56,,,
2007-12-08,83,33,,,
2007-12-09,94,33,,,
2007-12-10,106,28,,,
2007-12-11,89,11,,,
2007-12-12,100,50,,,
2007-12-13,100,50,,,
2007-12-14,133,50,,,
2007-12-15,122,22,,,
2007-12-16,89,33,,,
2007-12-17,94,56,,,
2007-12-18,94,50,,,
2007-12-19,111,44,,,
2007-12-20,83,28,,,
2007-12-21,72,17,,,
2007-12-22,100,28,,,
2007-12-23,139,50,,,
2007-12-24,100,44,,,
2007-12-25,100,28,,,
2007-12-26,72,22,,,
2007-12-27,72,0,,,
2007-12-28,50,0,,,
2007-12-29,83,28,,,
2007-12-30,78,39,,,
2007-12-31,89,28,,,
2008-01-01,89,39,,,
2008-01-02,167,72,,,
2008-01-03,100,67,,,
2008-01-04,111,50,,,
2008-01-05,72,28,,,
2008-01-06,78,28,,,
2008-01-07,72,28,,,
2008-01-08,78,33,,,
2008-01-09,89,39,,,
2008-01-10,94,50,,,
2008-01-11,94,44,,,
2008-01-12,117,61,,,
2008-01-13,117,50,,,
2008-01-14,139,44,,,
2008-01-15,133,44,,,
2008-01-16,83,28,,,
2008-01-17,78,22,,,
2008-01-18,111,50,,,
2008-01-19,150,50,,,
2008-01-20,78,22,,,
2008-01-21,56,6,,,
2008-01-22,33,11,,,
2008-01-23,33,11,,,
2008-01-24,33,11,,,
2008-01-25,94,28,,,
2008-01-26,128,67,,,
2008-01-27,89,11,,,
2008-01-28,61,6,,,
2008-01-29,44,6,,,
2008-01-30,83,11,,,
2008-01-31,72,33,,,
2008-02-01,83,17,,,
2008-02-02,72,11,,,
2008-02-03,78,28,,,
2008-02-04,83,28,,,
2008-02-05,106,22,,,
2008-02-06,100,39,,,
2008-02-07,150,56,,,
2008-02-08,139,72,,,
2008-02-09,156,100,,,
2008-02-10,194,117,,,
2008-02-11,167,111,,,
2008-02-12,194,117,,,
2008-02-13,139,56,,,
2008-02-14,106,28,,,
2008-02-15,150,61,,,
2008-02-16,161,67,,,
2008-02-17,156,72,,,
2008-02-18,139,44,,,
2008-02-19,100,33,,,
2008-02-20,111,50,,,
2008-02-21,83,56,,,
2008-02-22,83,33,,,
2008-02-23,67,33,,,
2008-02-24,78,56,,,
2008-02-25,111,50,,,
2008-02-26,133,61,,,
2008-02-27,183,89,,,
2008-02-28,183,111,,,
2008-02-29,211,56,,,
2008-03-01,122,56,,,
2008-03-02,128,56,,,
2008-03-03,156,72,,,
2008-03-04,172,78,,,
2008-03-05,150,78,,,
2008-03-06,156,89,,,
2008-03-07,172,89,,,
2008-03-08,167,94,,,
2008-03-09,178,100,,,
2008-03-10,211,106,,,
2008-03-11,183,89,,,
2008-03-12,178,89,,,
2008-03-13,128,56,,,
2008-03-14,106,39,,,
2008-03-15,89,17,,,
2008-03-16,128,50,,,
2008-03-17,178,78,,,
2008-03-18,189,78,,,
2008-03-19,128,56,,,
2008-03-20,139,39,,,
2008-03-21,156,56,,,
2008-03-22,206,100,,,
2008-03-23,217,128,,,
2008-03-24,211,106,,,
2008-03-25,178,50,,,
2008-03-26,139,39,,,
2008-03-27,128,28,,,
2008-03-28,144,39,,,
2008-03-29,139,22,,,
2008-03-30,117,11,,,
2008-03-31,133,11,,,
2008-04-01,156,78,,,
2008-04-02,161,78,,,
2008-04-03,194,83,,,
2008-04-04,144,33,,,
2008-04-05,133,28,,,
2008-04-06,111,28,,,
2008-04-07,161,28,,,
2008-04-08,111,28,,,
2008-04-09,150,39,,,
2008-04-10,211,78,,,
2008-04-11,228,117,,,
2008-04-12,256,161,,,
2008-04-13,300,150,,,
2008-04-14,133,28,,,
2008-04-15,139,11,,,
2008-04-16,194,78,,,
2008-04-17,244,133,,,
2008-04-18,206,33,,,
2008-04-19,106,6,,,
2008-04-20,111,6,,,
2008-04-21,122,0,,,
2008-04-22,117,39,,,
2008-04-23,122,28,,,
2008-04-24,178,39,,,
2008-04-25,228,111,,,
2008-04-26,278,156,,,
2008-04-27,294,189,,,
2008-04-28,256,61,,,
2008-04-29,139,44,,,
2008-04-30,167,39,,,
2008-05-01,217,78,,,
2008-05-02,194,78,,,
2008-05-03,217,78,,,
2008-05-04,183,106,,,
2008-05-05,228,122,,,
2008-05-06,250,89,,,
2008-05-07,178,56,,,
2008-05-08,233,56,,,
2008-05-09,217,50,,,
2008-05-10,256,139,,,
2008-05-11,206,83,,,
2008-05-12,211,117,,,
2008-05-13,278,150,,,
2008-05-14,278,211,,,
2008-05-15,328,200,,,
2008-05-16,361,228,,,
2008-05-17,344,239,,,
2008-05-18,328,217,,,
2008-05-19,322,189,,,
2008-05-20,217,100,,,
2008-05-21,211,72,,,
2008-05-22,217,100,,,
2008-05-23,211,78,,,
2008-05-24,133,67,,,
2008-05-25,172,56,,,
2008-05-26,150,50,,,
2008-05-27,172,56,,,
2008-05-28,167,61,,,
2008-05-29,167,67,,,
2008-05-30,222,61,,,
2008-05-31,172,61,,,
2008-06-01,189,67,,,
2008-06-02,211,61,,,
2008-06-03,189,78,,,
2008-06-04,211,83,,,
2008-06-05,244,89,,,
2008-06-06,211,78,,,
2008-06-07,256,128,,,
2008-06-08,294,183,,,
2008-06-09,328,211,,,
2008-06-10,267,189,,,
2008-06-11,278,161,,,
2008-06-12,289,178,,,
2008-06-13,339,228,,,
2008-06-14,306,189,,,
2008-06-15,289,172,,,
2008-06-16,294,156,,,
2008-06-17,322,189,,,
2008-06-18,328,211,,,
2008-06-19,328,222,,,
2008-06-20,350,239,,,
2008-06-21,361,228,,,
2008-06-22,278,200,,,
2008-06-23,278,189,,,
2008-06-24,311,133,,,
2008-06-25,250,117,,,
2008-06-26,306,150,,,
2008-06-27,322,206,,,
2008-06-28,306,194,,,
2008-06-29,306,161,,,
2008-06-30,250,150,,,
2008-07-01,272,183,,,
2008-07-02,283,178,,,
2008-07-03,261,117,,,
2008-07-04,233,106,,,
2008-07-05,300,194,,,
2008-07-06,344,228,,,
2008-07-07,383,267,,,
2008-07-08,400,289,,,
2008-07-09,417,317,,,
2008-07-10,378,233,,,
2008-07-11,294,200,,,
2008-07-12,300,189,,,
2008-07-13,322,200,,,
2008-07-14,294,172,,,
2008-07-15,261,144,,,
2008-07-16,339,161,,,
2008-07-17,283,178,,,
2008-07-18,322,183,,,
2008-07-19,322,156,,,
2008-07-20,211,83,,,
2008-07-21,206,78,,,
2008-07-22,300,167,,,
2008-07-23,328,189,,,
2008-07-24,322,200,,,
2008-07-25,328,228,,,
2008-07-26,350,200,,,
2008-07-27,250,122,,,
2008-07-28,267,139,,,
2008-07-29,256,172,,,
2008-07-30,306,156,,,
2008-07-31,283,172,,,
2008-08-01,306,178,,,
2008-08-02,317,183,,,
2008-08-03,278,156,,,
2008-08-04,322,189,,,
2008-08-05,306,206,,,
2008-08-06,339,217,,,
2008-08-07,311,167,,,
2008-08-08,256,106,,,
2008-08-09,272,161,,,
2008-08-10,311,200,,,
2008-08-11,350,222,,,
2008-08-12,350,239,,,
2008-08-13,361,261,,,
2008-08-14,394,250,,,
2008-08-15,378,256,,,
2008-08-16,306,200,,,
2008-08-17,261,161,,,
2008-08-18,211,111,,,
2008-08-19,228,111,,,
2008-08-20,261,144,,,
2008-08-21,239,161,,,
2008-08-22,328,183,,,
2008-08-23,300,189,,,
2008-08-24,356,189,,,
2008-08-25,289,156,,,
2008-08-26,311,183,,,
2008-08-27,361,233,,,
2008-08-28,367,261,,,
2008-08-29,394,244,,,
2008-08-30,300,172,,,
2008-08-31,256,111,,,
2008-09-01,267,139,,,
2008-09-02,306,194,,,
2008-09-03,328,217,,,
2008-09-04,333,250,,,
2008-09-05,350,250,,,
2008-09-06,361,267,,,
2008-09-07,356,217,,,
2008-09-08,317,167,,,
2008-09-09,233,106,,,
2008-09-10,283,117,,,
2008-09-11,317,200,,,
2008-09-12,317,161,,,
2008-09-13,289,167,,,
2008-09-14,294,206,,,
2008-09-15,306,217,,,
2008-09-16,289,117,,,
2008-09-17,189,83,,,
2008-09-18,228,94,,,
2008-09-19,211,89,,,
2008-09-20,194,111,,,
2008-09-21,239,106,,,
2008-09-22,261,150,,,
2008-09-23,278,194,,,
2008-09-24,294,200,,,
2008-09-25,306,211,,,
2008-09-26,294,200,,,
2008-09-27,311,206,,,
2008-09-28,322,233,,,
2008-09-29,306,200,,,
2008-09-30,294,206,,,
2008-10-01,278,178,,,
2008-10-02,222,133,,,
2008-10-03,194,133,,,
2008-10-05,206,89,,,
2008-10-06,217,183,,,
2008-10-07,278,183,,,
2008-10-08,250,167,,,
2008-10-09,189,111,,,
2008-10-10,122,78,,,
2008-10-11,128,111,,,
2008-10-12,128,128,,,
2008-10-13,139,139,,,
2008-10-14,244,189,,,
2008-10-15,261,172,,,
2008-10-16,267,178,,,
2008-10-17,267,189,,,
2008-10-18,250,144,,,
2008-10-19,244,133,,,
2008-10-20,206,89,,,
2008-10-21,222,128,,,
2008-10-22,222,139,,,
2008-10-23,267,172,,,
2008-10-24,272,189,,,
2008-10-25,261,194,,,
2008-10-26,256,189,,,
2008-10-27,244,183,,,
2008-10-28,261,189,,,
2008-10-29,278,178,,,
2008-10-30,233,117,,,
2008-10-31,183,111,,,
2008-11-01,156,111,,,
2008-11-02,144,83,,,
2008-11-03,133,67,,,
2008-11-04,117,56,,,
2008-11-05,133,61,,,
2008-11-06,156,67,,,
2008-11-07,194,117,,,
2008-11-08,161,67,,,
2008-11-09,144,61,,,
2008-11-10,139,67,,,
2008-11-11,156,83,,,
2008-11-12,194,89,,,
2008-11-13,217,122,,,
2008-11-14,194,139,,,
2008-11-15,244,156,,,
2008-11-16,211,144,,,
2008-11-17,261,167,,,
2008-11-18,244,150,,,
2008-11-19,194,94,,,
2008-11-20,161,89,,,
2008-11-21,150,78,,,
2008-11-22,189,78,,,
2008-11-23,156,72,,,
2008-11-24,161,89,,,
2008-11-25,133,94,,,
2008-11-26,111,78,,,
2008-11-27,139,78,,,
2008-11-28,122,67,,,
2008-11-29,150,78,,,
2008-11-30,161,106,,,
2008-12-01,211,128,,,
2008-12-02,144,83,,,
2008-12-03,106,50,,,
2008-12-04,111,50,,,
2008-12-05,139,44,,,
2008-12-06,139,106,,,
2008-12-07,178,50,,,
2008-12-08,89,39,,,
2008-12-09,67,33,,,
2008-12-10,133,50,,,
2008-12-11,150,83,,,
2008-12-12,161,56,,,
2008-12-13,61,6,,,
2008-12-14,44,6,,,
2008-12-15,39,0,,,
2008-12-16,17,0,,,
2008-12-17,67,-6,,,
2008-12-18,83,6,,,
2008-12-19,67,22,,,
2008-12-20,67,6,,,
2008-12-21,83,39,,,
2008-12-22,83,22,,,
2008-12-23,83,17,,,
2008-12-24,72,28,,,
2008-12-25,67,6,,,
2008-12-26,61,11,,,
2008-12-27,94,33,,,
2008-12-28,106,44,,,
2008-12-29,139,44,,,
2008-12-30,111,50,,,
2008-12-31,144,56,,,
2009-01-01,128,44,,,
2009-01-02,89,33,,,
2009-01-03,61,11,,,
2009-01-04,72,6,,,
2009-01-05,61,17,,,
2009-01-06,111,17,,,
2009-01-07,111,39,,,
2009-01-08,111,22,,,
2009-01-09,89,50,,,
2009-01-10,144,50,,,
2009-01-11,183,117,,,
2009-01-12,167,100,,,
2009-01-13,206,111,,,
2009-01-14,200,139,,,
2009-01-15,189,106,,,
2009-01-16,189,111,,,
2009-01-17,172,106,,,
2009-01-18,150,94,,,
2009-01-19,161,106,,,
2009-01-20,167,100,,,
2009-01-21,150,83,,,
2009-01-22,100,72,,,
2009-01-23,106,72,,,
2009-01-24,100,28,,,
2009-01-25,89,28,,,
2009-01-26,78,22,,,
2009-01-27,89,0,,,
2009-01-28,133,39,,,
2009-01-29,133,61,,,
2009-01-30,156,67,,,
2009-01-31,189,89,,,
2009-02-01,133,83,,,
2009-02-02,156,83,,,
2009-02-03,161,94,,,
2009-02-04,167,89,,,
2009-02-05,106,56,,,
2009-02-06,89,56,,,
2009-02-07,122,50,,,
2009-02-08,94,22,,,
2009-02-09,94,6,,,
2009-02-10,83,0,,,
2009-02-11,67,22,,,
2009-02-12,78,17,,,
2009-02-13,56,0,,,
2009-02-14,83,17,,,
2009-02-15,67,39,,,
2009-02-16,72,33,,,
2009-02-17,56,28,,,
2009-02-18,89,39,,,
2009-02-19,117,44,,,
2009-02-20,133,67,,,
2009-02-21,167,89,,,
2009-02-22,111,89,,,
2009-02-23,111,83,,,
2009-02-24,139,56,,,
2009-02-25,144,56,,,
2009-02-26,128,44,,,
2009-02-27,128,33,,,
2009-02-28,156,67,,,
2009-03-01,144,83,,,
2009-03-02,111,72,,,
2009-03-03,83,33,,,
2009-03-04,83,17,,,
2009-03-05,83,28,,,
2009-03-06,100,28,,,
2009-03-07,128,44,,,
2009-03-08,122,17,,,
2009-03-09,89,6,,,
2009-03-10,100,17,,,
2009-03-11,122,28,,,
2009-03-12,178,61,,,
2009-03-13,183,39,,,
2009-03-14,83,28,,,
2009-03-15,111,50,,,
2009-03-16,150,72,,,
2009-03-17,167,83,,,
2009-03-18,200,100,,,
2009-03-19,217,122,,,
2009-03-20,206,106,,,
2009-03-21,111,56,,,
2009-03-22,83,11,,,
2009-03-23,117,28,,,
2009-03-24,172,78,,,
2009-03-25,183,83,,,
2009-03-26,194,100,,,
2009-03-27,206,128,,,
2009-03-28,233,94,,,
2009-03-29,144,61,,,
2009-03-30,144,44,,,
2009-03-31,194,100,,,
2009-04-01,211,89,,,
2009-04-02,144,50,,,
2009-04-03,144,44,,,
2009-04-04,144,50,,,
2009-04-05,194,89,,,
2009-04-06,217,128,,,
2009-04-07,128,56,,,
2009-04-08,128,50,,,
2009-04-09,89,56,,,
2009-04-10,122,44,,,
2009-04-11,144,33,,,
2009-04-12,200,56,,,
2009-04-13,172,50,,,
2009-04-14,100,28,,,
2009-04-15,128,33,,,
2009-04-16,167,33,,,
2009-04-17,228,89,,,
2009-04-18,244,150,,,
2009-04-19,267,172,,,
2009-04-20,300,211,,,
2009-04-21,294,228,,,
2009-04-22,300,94,,,
2009-04-23,144,50,,,
2009-04-24,106,33,,,
2009-04-25,144,33,,,
2009-04-26,183,28,,,
2009-04-27,94,28,,,
2009-04-28,128,22,,,
2009-04-29,144,28,,,
2009-04-30,183,39,,,
2009-05-01,167,94,,,
2009-05-02,139,83,,,
2009-05-03,139,94,,,
2009-05-04,194,89,,,
2009-05-05,189,111,,,
2009-05-06,217,94,,,
2009-05-07,222,106,,,
2009-05-08,261,128,,,
2009-05-09,272,172,,,
2009-05-10,278,161,,,
2009-05-11,250,72,,,
2009-05-12,228,56,,,
2009-05-13,244,144,,,
2009-05-14,217,128,,,
2009-05-15,283,167,,,
2009-05-16,339,222,,,
2009-05-17,372,250,,,
2009-05-18,311,139,,,
2009-05-19,239,106,,,
2009-05-20,244,94,,,
2009-05-21,283,150,,,
2009-05-22,278,89,,,
2009-05-23,178,56,,,
2009-05-24,150,56,,,
2009-05-25,272,67,,,
2009-05-26,300,200,,,
2009-05-27,328,228,,,
2009-05-28,328,217,,,
2009-05-29,272,133,,,
2009-05-30,222,100,,,
2009-05-31,244,100,,,
2009-06-01,200,78,,,
2009-06-02,222,111,,,
2009-06-03,250,83,,,
2009-06-04,178,78,,,
2009-06-05,189,83,,,
2009-06-06,189,83,,,
2009-06-07,206,83,,,
2009-06-08,194,78,,,
2009-06-09,167,83,,,
2009-06-10,178,89,,,
2009-06-11,189,83,,,
2009-06-12,172,83,,,
2009-06-13,189,89,,,
2009-06-14,200,94,,,
2009-06-15,178,89,,,
2009-06-16,250,94,,,
2009-06-17,206,94,,,
2009-06-18,317,206,,,
2009-06-19,289,83,,,
2009-06-20,200,72,,,
2009-06-21,233,67,,,
2009-06-22,283,161,,,
2009-06-23,328,211,,,
2009-06-24,322,183,,,
2009-06-25,283,150,,,
2009-06-26,311,133,,,
2009-06-27,367,250,,,
2009-06-28,411,261,,,
2009-06-29,372,217,,,
2009-06-30,333,200,,,
2009-07-01,322,211,,,
2009-07-02,311,194,,,
2009-07-03,333,211,,,
2009-07-04,283,167,,,
2009-07-05,239,111,,,
2009-07-06,256,89,,,
2009-07-07,233,150,,,
2009-07-08,283,150,,,
2009-07-09,250,128,,,
2009-07-10,278,133,,,
2009-07-11,261,172,,,
2009-07-12,278,172,,,
2009-07-13,311,178,,,
2009-07-14,356,244,,,
2009-07-15,356,233,,,
2009-07-16,378,239,,,
2009-07-17,378,261,,,
2009-07-18,394,267,,,
2009-07-19,389,261,,,
2009-07-20,328,233,,,
2009-07-21,333,222,,,
2009-07-22,306,194,,,
2009-07-23,300,150,,,
2009-07-24,250,89,,,
2009-07-25,328,156,,,
2009-07-26,372,228,,,
2009-07-27,378,233,,,
2009-07-28,317,172,,,
2009-07-29,283,144,,,
2009-07-30,283,167,,,
2009-07-31,306,200,,,
2009-08-01,278,161,,,
2009-08-02,250,133,,,
2009-08-03,233,106,,,
2009-08-04,283,133,,,
2009-08-05,228,117,,,
2009-08-06,183,106,,,
2009-08-07,233,94,,,
2009-08-08,289,183,,,
2009-08-09,339,222,,,
2009-08-10,344,228,,,
2009-08-11,311,228,,,
2009-08-12,350,228,,,
2009-08-13,294,178,,,
2009-08-14,211,122,,,
2009-08-15,306,183,,,
2009-08-16,317,206,,,
2009-08-17,339,206,,,
2009-08-18,328,233,,,
2009-08-19,344,183,,,
2009-08-20,294,161,,,
2009-08-21,361,244,,,
2009-08-22,317,206,,,
2009-08-23,256,128,,,
2009-08-24,278,150,,,
2009-08-25,317,161,,,
2009-08-26,311,189,,,
2009-08-27,322,200,,,
2009-08-28,344,261,,,
2009-08-29,367,261,,,
2009-08-30,289,183,,,
2009-08-31,256,156,,,
2009-09-01,306,178,,,
2009-09-02,333,239,,,
2009-09-03,356,239,,,
2009-09-04,283,106,,,
2009-09-05,239,94,,,
2009-09-06,239,117,,,
2009-09-07,267,150,,,
2009-09-08,294,178,,,
2009-09-09,306,194,,,
2009-09-10,322,222,,,
2009-09-11,356,250,,,
2009-09-12,272,106,,,
2009-09-13,206,94,,,
2009-09-14,211,106,,,
2009-09-15,283,144,,,
2009-09-16,289,172,,,
2009-09-17,283,200,,,
2009-09-18,339,222,,,
2009-09-19,283,200,,,
2009-09-20,306,178,,,
2009-09-21,322,228,,,
2009-09-22,361,250,,,
2009-09-23,350,278,,,
2009-09-24,339,250,,,
2009-09-25,350,244,,,
2009-09-26,356,261,,,
2009-09-27,350,228,,,
2009-09-28,278,89,,,
2009-09-29,183,89,,,
2009-09-30,194,100,,,
2009-10-01,228,122,,,
2009-10-02,256,128,,,
2009-10-03,167,67,,,
2009-10-04,161,50,,,
2009-10-05,167,89,,,
2009-10-06,183,100,,,
2009-10-07,250,133,,,
2009-10-08,222,117,,,
2009-10-09,228,122,,,
2009-10-10,233,122,,,
2009-10-11,172,78,,,
2009-10-12,150,78,,,
2009-10-13,139,100,,,
2009-10-14,194,122,,,
2009-10-15,222,139,,,
2009-10-16,239,133,,,
2009-10-17,250,183,,,
2009-10-18,194,89,,,
2009-10-19,133,89,,,
2009-10-20,183,89,,,
2009-10-21,211,128,,,
2009-10-22,211,128,,,
2009-10-23,261,156,,,
2009-10-24,233,167,,,
2009-10-25,228,178,,,
2009-10-26,256,106,,,
2009-10-27,128,72,,,
2009-10-28,122,56,,,
2009-10-29,167,89,,,
2009-10-30,200,106,,,
2009-10-31,228,128,,,
2009-11-01,200,150,,,
2009-11-02,217,156,,,
2009-11-03,206,144,,,
2009-11-04,211,106,,,
2009-11-05,161,89,,,
2009-11-06,161,83,,,
2009-11-07,144,67,,,
2009-11-08,144,78,,,
2009-11-09,167,67,,,
2009-11-10,144,83,,,
2009-11-11,144,94,,,
2009-11-12,128,72,,,
2009-11-13,122,50,,,
2009-11-14,111,67,,,
2009-11-15,139,78,,,
2009-11-16,167,78,,,
2009-11-17,167,67,,,
2009-11-18,111,50,,,
2009-11-19,122,50,,,
2009-11-20,106,44,,,
2009-11-21,94,39,,,
2009-11-22,100,61,,,
2009-11-23,128,56,,,
2009-11-24,150,83,,,
2009-11-25,161,89,,,
2009-11-26,200,100,,,
2009-11-27,100,67,,,
2009-11-28,128,67,,,
2009-11-29,156,89,,,
2009-11-30,133,83,,,
2009-12-01,156,72,,,
2009-12-02,133,78,,,
2009-12-03,122,72,,,
2009-12-04,150,56,,,
2009-12-05,83,39,,,
2009-12-06,56,11,,,
2009-12-07,22,-6,,,
2009-12-08,72,-22,,,
2009-12-09,22,-22,,,
2009-12-10,22,0,,,
2009-12-11,94,6,,,
2009-12-12,94,56,,,
2009-12-13,78,56,,,
2009-12-14,133,50,,,
2009-12-15,111,61,,,
2009-12-16,111,72,,,
2009-12-17,144,61,,,
2009-12-18,128,78,,,
2009-12-19,94,44,,,
2009-12-20,172,56,,,
2009-12-21,106,22,,,
2009-12-22,78,11,,,
2009-12-23,94,17,,,
2009-12-24,100,39,,,
2009-12-25,111,33,,,
2009-12-26,100,56,,,
2009-12-27,111,33,,,
2009-12-28,56,28,,,
2009-12-29,122,44,,,
2009-12-30,100,39,,,
2009-12-31,133,44,,,
2010-01-01,133,89,,,
2010-01-02,106,67,,,
2010-01-03,78,39,,,
2010-01-04,150,22,,,
2010-01-05,133,61,,,
2010-01-06,133,83,,,
2010-01-07,156,100,,,
2010-01-08,167,61,,,
2010-01-09,139,67,,,
2010-01-10,133,89,,,
2010-01-11,178,89,,,
2010-01-12,122,83,,,
2010-01-13,128,72,,,
2010-01-14,111,61,,,
2010-01-15,167,61,,,
2010-01-16,156,83,,,
2010-01-17,94,50,,,
2010-01-18,89,50,,,
2010-01-19,89,39,,,
2010-01-20,61,39,,,
2010-01-21,50,6,,,
2010-01-22,61,11,,,
2010-01-23,106,28,,,
2010-01-24,94,39,,,
2010-01-25,89,56,,,
2010-01-26,94,56,,,
2010-01-27,128,61,,,
2010-01-28,100,50,,,
2010-01-29,128,56,,,
2010-01-30,106,50,,,
2010-01-31,106,44,,,
2010-02-01,133,50,,,
2010-02-02,122,44,,,
2010-02-03,117,50,,,
2010-02-04,111,67,,,
2010-02-05,128,72,,,
2010-02-06,89,50,,,
2010-02-07,117,50,,,
2010-02-08,94,44,,,
2010-02-09,67,28,,,
2010-02-10,100,50,,,
2010-02-11,133,56,,,
2010-02-12,144,72,,,
2010-02-13,111,78,,,
2010-02-14,167,83,,,
2010-02-15,167,94,,,
2010-02-16,161,111,,,
2010-02-17,156,106,,,
2010-02-18,161,72,,,
2010-02-19,94,61,,,
2010-02-20,78,50,,,
2010-02-21,83,50,,,
2010-02-22,106,39,,,
2010-02-23,83,56,,,
2010-02-24,133,61,,,
2010-02-25,133,61,,,
2010-02-26,128,67,,,
2010-02-27,94,67,,,
2010-02-28,156,89,,,
2010-03-01,133,78,,,
2010-03-02,106,50,,,
2010-03-03,100,22,,,
2010-03-04,100,22,,,
2010-03-05,83,33,,,
2010-03-06,139,56,,,
2010-03-07,122,56,,,
2010-03-08,89,17,,,
2010-03-09,89,11,,,
2010-03-10,89,17,,,
2010-03-11,144,44,,,
2010-03-12,111,28,,,
2010-03-13,100,22,,,
2010-03-14,139,61,,,
2010-03-15,150,78,,,
2010-03-16,178,117,,,
2010-03-17,206,122,,,
2010-03-18,206,133,,,
2010-03-19,228,133,,,
2010-03-20,194,106,,,
2010-03-21,183,89,,,
2010-03-22,150,78,,,
2010-03-23,200,106,,,
2010-03-24,178,61,,,
2010-03-25,117,44,,,
2010-03-26,139,44,,,
2010-03-27,178,83,,,
2010-03-28,206,89,,,
2010-03-29,128,89,,,
2010-03-30,100,33,,,
2010-03-31,94,17,,,
2010-04-01,106,22,,,
2010-04-02,89,33,,,
2010-04-03,111,28,,,
2010-04-04,78,28,,,
2010-04-05,106,22,,,
2010-04-06,133,39,,,
2010-04-07,172,89,,,
2010-04-08,167,72,,,
2010-04-09,161,72,,,
2010-04-10,122,61,,,
2010-04-11,78,39,,,
2010-04-12,78,50,,,
2010-04-13,133,44,,,
2010-04-14,128,50,,,
2010-04-15,156,61,,,
2010-04-16,183,61,,,
2010-04-17,194,83,,,
2010-04-18,211,117,,,
2010-04-19,172,94,,,
2010-04-20,106,44,,,
2010-04-21,83,39,,,
2010-04-22,139,67,,,
2010-04-23,206,94,,,
2010-04-24,211,106,,,
2010-04-25,244,144,,,
2010-04-26,222,94,,,
2010-04-27,111,61,,,
2010-04-28,100,33,,,
2010-04-29,133,28,,,
2010-04-30,178,61,,,
2010-05-01,194,117,,,
2010-05-02,228,122,,,
2010-05-03,244,117,,,
2010-05-04,217,111,,,
2010-05-05,178,94,,,
2010-05-06,183,72,,,
2010-05-07,200,56,,,
2010-05-08,156,56,,,
2010-05-09,111,61,,,
2010-05-10,89,39,,,
2010-05-11,167,39,,,
2010-05-12,211,122,,,
2010-05-13,233,133,,,
2010-05-14,228,128,,,
2010-05-15,250,139,,,
2010-05-16,206,67,,,
2010-05-17,139,61,,,
2010-05-18,183,83,,,
2010-05-19,167,67,,,
2010-05-20,194,67,,,
2010-05-21,122,44,,,
2010-05-22,128,33,,,
2010-05-23,167,39,,,
2010-05-24,150,50,,,
2010-05-25,139,78,,,
2010-05-26,156,67,,,
2010-05-27,122,56,,,
2010-05-28,167,56,,,
2010-05-29,239,117,,,
2010-05-30,272,161,,,
2010-05-31,217,106,,,
2010-06-01,172,89,,,
2010-06-02,228,128,,,
2010-06-03,228,128,,,
2010-06-04,256,133,,,
2010-06-05,272,161,,,
2010-06-06,256,117,,,
2010-06-07,239,117,,,
2010-06-08,222,83,,,
2010-06-09,161,83,,,
2010-06-10,206,78,,,
2010-06-11,244,133,,,
2010-06-12,289,172,,,
2010-06-13,317,217,,,
2010-06-14,278,133,,,
2010-06-15,183,83,,,
2010-06-16,244,94,,,
2010-06-17,267,128,,,
2010-06-18,156,72,,,
2010-06-19,144,67,,,
2010-06-20,239,67,,,
2010-06-21,272,161,,,
2010-06-22,294,183,,,
2010-06-23,283,194,,,
2010-06-24,211,83,,,
2010-06-25,233,83,,,
2010-06-26,300,194,,,
2010-06-27,356,261,,,
2010-06-28,361,217,,,
2010-06-29,306,206,,,
2010-06-30,228,106,,,
2010-07-01,244,89,,,
2010-07-02,261,122,,,
2010-07-03,300,183,,,
2010-07-04,311,200,,,
2010-07-05,317,189,,,
2010-07-06,244,161,,,
2010-07-07,283,172,,,
2010-07-08,317,156,,,
2010-07-09,317,156,,,
2010-07-10,344,211,,,
2010-07-11,322,233,,,
2010-07-12,250,172,,,
2010-07-13,283,122,,,
2010-07-14,306,200,,,
2010-07-15,350,233,,,
2010-07-16,361,233,,,
2010-07-17,350,244,,,
2010-07-18,344,256,,,
2010-07-19,333,189,,,
2010-07-20,294,172,,,
2010-07-21,222,150,,,
2010-07-22,311,172,,,
2010-07-23,328,228,,,
2010-07-24,322,217,,,
2010-07-25,322,167,,,
2010-07-26,217,128,,,
2010-07-27,244,100,,,
2010-07-28,261,128,,,
2010-07-29,300,172,,,
2010-07-30,294,178,,,
2010-07-31,283,161,,,
2010-08-01,306,178,,,
2010-08-02,311,189,,,
2010-08-03,317,194,,,
2010-08-04,300,161,,,
2010-08-05,261,144,,,
2010-08-06,300,172,,,
2010-08-07,278,167,,,
2010-08-08,211,128,,,
2010-08-09,272,139,,,
2010-08-10,256,139,,,
2010-08-11,194,94,,,
2010-08-12,289,167,,,
2010-08-13,289,167,,,
2010-08-14,267,156,,,
2010-08-15,283,161,,,
2010-08-16,317,228,,,
2010-08-17,289,144,,,
2010-08-18,272,150,,,
2010-08-19,306,206,,,
2010-08-20,300,161,,,
2010-08-21,206,100,,,
2010-08-22,256,144,,,
2010-08-23,306,211,,,
2010-08-24,344,250,,,
2010-08-25,394,228,,,
2010-08-26,289,183,,,
2010-08-27,211,83,,,
2010-08-28,167,83,,,
2010-08-29,206,78,,,
2010-08-30,206,89,,,
2010-08-31,272,161,,,
2010-09-01,294,206,,,
2010-09-02,322,228,,,
2010-09-03,339,211,,,
2010-09-04,333,228,,,
2010-09-05,294,194,,,
2010-09-06,294,211,,,
2010-09-07,217,117,,,
2010-09-08,150,94,,,
2010-09-09,194,89,,,
2010-09-10,244,150,,,
2010-09-11,267,172,,,
2010-09-12,289,183,,,
2010-09-13,239,156,,,
2010-09-14,267,156,,,
2010-09-15,261,183,,,
2010-09-16,267,178,,,
2010-09-17,211,139,,,
2010-09-18,206,122,,,
2010-09-19,217,111,,,
2010-09-20,244,139,,,
2010-09-21,167,89,,,
2010-09-22,183,83,,,
2010-09-23,233,144,,,
2010-09-24,256,183,,,
2010-09-25,311,217,,,
2010-09-26,317,239,,,
2010-09-27,322,244,,,
2010-09-28,339,272,,,
2010-09-29,356,261,,,
2010-09-30,333,222,,,
2010-10-01,300,211,,,
2010-10-02,306,200,,,
2010-10-03,211,89,,,
2010-10-04,156,83,,,
2010-10-05,189,122,,,
2010-10-06,206,106,,,
2010-10-07,200,100,,,
2010-10-08,206,122,,,
2010-10-09,256,156,,,
2010-10-10,278,206,,,
2010-10-11,272,189,,,
2010-10-12,267,194,,,
2010-10-13,294,217,,,
2010-10-14,294,233,,,
2010-10-15,311,194,,,
2010-10-16,250,139,,,
2010-10-17,156,83,,,
2010-10-18,189,100,,,
2010-10-19,217,128,,,
2010-10-20,239,89,,,
2010-10-21,156,89,,,
2010-10-22,144,83,,,
2010-10-23,133,83,,,
2010-10-24,144,94,,,
2010-10-25,156,83,,,
2010-10-26,139,78,,,
2010-10-27,144,67,,,
2010-10-28,200,106,,,
2010-10-29,150,94,,,
2010-10-30,117,78,,,
2010-10-31,161,94,,,
2010-11-01,206,100,,,
2010-11-02,206,144,,,
2010-11-03,206,150,,,
2010-11-04,228,178,,,
2010-11-05,239,144,,,
2010-11-06,161,100,,,
2010-11-07,106,61,,,
2010-11-08,117,56,,,
2010-11-09,128,67,,,
2010-11-10,117,72,,,
2010-11-11,128,72,,,
2010-11-12,167,89,,,
2010-11-13,161,94,,,
2010-11-14,206,111,,,
2010-11-15,206,139,,,
2010-11-16,194,128,,,
2010-11-17,172,122,,,
2010-11-18,161,67,,,
2010-11-19,83,39,,,
2010-11-20,56,28,,,
2010-11-21,72,17,,,
2010-11-22,83,44,,,
2010-11-23,72,6,,,
2010-11-24,56,-6,,,
2010-11-25,72,0,,,
2010-11-26,78,17,,,
2010-11-27,67,22,,,
2010-11-28,72,22,,,
2010-11-29,72,17,,,
2010-11-30,78,28,,,
2010-12-01,106,44,,,
2010-12-02,139,61,,,
2010-12-03,106,61,,,
2010-12-04,128,67,,,
2010-12-05,133,78,,,
2010-12-06,139,83,,,
2010-12-07,150,72,,,
2010-12-08,117,83,,,
2010-12-09,133,100,,,
2010-12-10,128,111,,,
2010-12-11,167,100,,,
2010-12-12,128,78,,,
2010-12-13,106,78,,,
2010-12-14,111,67,,,
2010-12-15,83,44,,,
2010-12-16,67,28,,,
2010-12-17,94,33,,,
2010-12-18,106,83,,,
2010-12-19,111,50,,,
2010-12-20,83,44,,,
2010-12-21,100,44,,,
2010-12-22,111,61,,,
2010-12-23,100,39,,,
2010-12-24,128,56,,,
2010-12-25,100,50,,,
2010-12-26,100,44,,,
2010-12-27,106,67,,,
2010-12-28,100,56,,,
2010-12-29,89,17,,,
2010-12-30,67,6,,,
2010-12-31,44,17,,,
2011-01-01,56,17,,,
2011-01-02,56,39,,,
2011-01-03,50,33,,,
2011-01-04,67,33,,,
2011-01-05,78,33,,,
2011-01-06,94,56,,,
2011-01-07,94,-17,,,
2011-01-08,67,-6,,,
2011-01-09,28,-17,,,
2011-01-10,33,-6,,,
2011-01-11,78,6,,,
2011-01-12,111,28,,,
2011-01-13,128,83,,,
2011-01-14,139,67,,,
2011-01-15,189,111,,,
2011-01-16,189,144,,,
2011-01-17,172,128,,,
2011-01-18,172,94,,,
2011-01-19,167,94,,,
2011-01-20,150,67,,,
2011-01-21,178,78,,,
2011-01-22,156,89,,,
2011-01-23,183,106,,,
2011-01-24,172,94,,,
2011-01-25,144,106,,,
2011-01-26,139,94,,,
2011-01-27,183,111,,,
2011-01-28,183,83,,,
2011-01-29,122,44,,,
2011-01-30,94,44,,,
2011-01-31,133,61,,,
2011-02-01,128,56,,,
2011-02-02,106,44,,,
2011-02-03,128,72,,,
2011-02-04,172,83,,,
2011-02-05,200,128,,,
2011-02-06,183,133,,,
2011-02-07,200,83,,,
2011-02-08,106,50,,,
2011-02-09,94,33,,,
2011-02-10,122,61,,,
2011-02-11,128,72,,,
2011-02-12,194,106,,,
2011-02-13,178,56,,,
2011-02-14,111,50,,,
2011-02-15,100,61,,,
2011-02-16,67,11,,,
2011-02-17,50,17,,,
2011-02-18,28,0,,,
2011-02-19,33,0,,,
2011-02-20,83,17,,,
2011-02-21,78,11,,,
2011-02-22,117,22,,,
2011-02-23,106,22,,,
2011-02-24,56,17,,,
2011-02-25,61,-17,,,
2011-02-26,44,-28,,,
2011-02-27,106,17,,,
2011-02-28,111,22,,,
2011-03-01,133,39,,,
2011-03-02,106,61,,,
2011-03-03,150,61,,,
2011-03-04,133,67,,,
2011-03-05,156,89,,,
2011-03-06,106,72,,,
2011-03-07,100,39,,,
2011-03-08,133,67,,,
2011-03-09,167,78,,,
2011-03-10,117,72,,,
2011-03-11,122,44,,,
2011-03-12,139,44,,,
2011-03-13,161,89,,,
2011-03-14,156,100,,,
2011-03-15,156,89,,,
2011-03-16,117,61,,,
2011-03-17,133,44,,,
2011-03-18,83,28,,,
2011-03-19,61,17,,,
2011-03-20,78,39,,,
2011-03-21,94,33,,,
2011-03-22,94,28,,,
2011-03-23,89,39,,,
2011-03-24,50,28,,,
2011-03-25,89,39,,,
2011-03-26,72,44,,,
2011-03-27,122,39,,,
2011-03-28,128,39,,,
2011-03-29,167,78,,,
2011-03-30,217,122,,,
2011-03-31,233,161,,,
2011-04-01,222,144,,,
2011-04-02,167,94,,,
2011-04-03,150,67,,,
2011-04-04,200,117,,,
2011-04-05,178,111,,,
2011-04-06,156,44,,,
2011-04-07,78,11,,,
2011-04-08,89,11,,,
2011-04-09,139,39,,,
2011-04-10,144,33,,,
2011-04-11,150,33,,,
2011-04-12,128,28,,,
2011-04-13,111,28,,,
2011-04-14,139,44,,,
2011-04-15,189,78,,,
2011-04-16,200,122,,,
2011-04-17,167,106,,,
2011-04-18,128,83,,,
2011-04-19,178,94,,,
2011-04-20,156,83,,,
2011-04-21,161,56,,,
2011-04-22,144,50,,,
2011-04-23,156,50,,,
2011-04-24,133,67,,,
2011-04-25,139,61,,,
2011-04-26,178,44,,,
2011-04-27,189,61,,,
2011-04-28,144,56,,,
2011-04-29,156,44,,,
2011-04-30,194,78,,,
2011-05-01,217,117,,,
2011-05-02,233,139,,,
2011-05-03,206,111,,,
2011-05-04,256,161,,,
2011-05-05,294,172,,,
2011-05-06,189,50,,,
2011-05-07,139,50,,,
2011-05-08,117,50,,,
2011-05-09,167,44,,,
2011-05-10,217,67,,,
2011-05-11,139,56,,,
2011-05-12,222,61,,,
2011-05-13,200,50,,,
2011-05-14,117,39,,,
2011-05-15,106,22,,,
2011-05-16,111,44,,,
2011-05-17,106,56,,,
2011-05-18,156,61,,,
2011-05-19,222,106,,,
2011-05-20,222,78,,,
2011-05-21,172,67,,,
2011-05-22,150,56,,,
2011-05-23,167,50,,,
2011-05-24,189,50,,,
2011-05-25,122,67,,,
2011-05-26,161,61,,,
2011-05-27,161,61,,,
2011-05-28,139,50,,,
2011-05-29,178,44,,,
2011-05-30,150,56,,,
2011-05-31,117,67,,,
2011-06-01,122,61,,,
2011-06-02,150,56,,,
2011-06-03,156,78,,,
2011-06-04,117,89,,,
2011-06-05,161,83,,,
2011-06-06,161,83,,,
2011-06-07,206,89,,,
2011-06-08,211,78,,,
2011-06-09,261,133,,,
2011-06-10,183,78,,,
2011-06-11,144,67,,,
2011-06-12,239,78,,,
2011-06-13,256,117,,,
2011-06-14,306,206,,,
2011-06-15,317,217,,,
2011-06-16,256,183,,,
2011-06-17,267,139,,,
2011-06-18,289,161,,,
2011-06-19,294,161,,,
2011-06-20,317,222,,,
2011-06-21,350,250,,,
2011-06-22,328,211,,,
2011-06-23,261,133,,,
2011-06-24,261,111,,,
2011-06-25,244,122,,,
2011-06-26,289,128,,,
2011-06-27,244,139,,,
2011-06-28,167,94,,,
2011-06-29,178,78,,,
2011-06-30,267,139,,,
2011-07-01,306,189,,,
2011-07-02,322,239,,,
2011-07-03,356,239,,,
2011-07-04,339,239,,,
2011-07-05,350,250,,,
2011-07-06,333,217,,,
2011-07-07,322,211,,,
2011-07-08,328,189,,,
2011-07-09,250,156,,,
2011-07-10,261,100,,,
2011-07-11,178,83,,,
2011-07-12,200,83,,,
2011-07-13,161,83,,,
2011-07-14,161,83,,,
2011-07-15,178,83,,,
2011-07-16,206,89,,,
2011-07-17,206,106,,,
2011-07-18,233,122,,,
2011-07-19,278,117,,,
2011-07-20,311,206,,,
2011-07-21,311,200,,,
2011-07-22,294,189,,,
2011-07-23,272,183,,,
2011-07-24,267,172,,,
2011-07-25,289,156,,,
2011-07-26,289,139,,,
2011-07-27,306,200,,,
2011-07-28,322,222,,,
2011-07-29,317,200,,,
2011-07-30,294,161,,,
2011-07-31,289,161,,,
2011-08-01,283,189,,,
2011-08-02,311,178,,,
2011-08-03,294,106,,,
2011-08-04,217,106,,,
2011-08-05,289,150,,,
2011-08-06,289,150,,,
2011-08-07,261,144,,,
2011-08-08,300,194,,,
2011-08-09,311,211,,,
2011-08-10,311,172,,,
2011-08-11,267,156,,,
2011-08-12,311,189,,,
2011-08-13,328,200,,,
2011-08-14,294,183,,,
2011-08-15,278,189,,,
2011-08-16,311,206,,,
2011-08-17,306,200,,,
2011-08-18,317,172,,,
2011-08-19,267,128,,,
2011-08-20,233,122,,,
2011-08-21,267,111,,,
2011-08-22,294,167,,,
2011-08-23,300,211,,,
2011-08-24,311,194,,,
2011-08-25,317,211,,,
2011-08-26,322,222,,,
2011-08-27,322,222,,,
2011-08-28,333,228,,,
2011-08-29,317,139,,,
2011-08-30,289,139,,,
2011-08-31,278,161,,,
2011-09-01,289,183,,,
2011-09-02,322,233,,,
2011-09-03,317,239,,,
2011-09-04,306,206,,,
2011-09-05,300,206,,,
2011-09-06,344,239,,,
2011-09-07,333,239,,,
2011-09-08,328,222,,,
2011-09-09,328,267,,,
2011-09-10,328,194,,,
2011-09-11,250,167,,,
2011-09-12,283,178,,,
2011-09-13,294,206,,,
2011-09-14,283,156,,,
2011-09-15,222,100,,,
2011-09-16,222,100,,,
2011-09-17,261,122,,,
2011-09-18,283,200,,,
2011-09-19,300,233,,,
2011-09-20,322,250,,,
2011-09-21,328,256,,,
2011-09-22,317,261,,,
2011-09-23,350,256,,,
2011-09-24,272,106,,,
2011-09-25,167,111,,,
2011-09-26,222,133,,,
2011-09-27,261,189,,,
2011-09-28,289,211,,,
2011-09-29,306,189,,,
2011-09-30,217,111,,,
2011-10-01,217,117,,,
2011-10-02,211,106,,,
2011-10-03,172,100,,,
2011-10-04,144,89,,,
2011-10-05,133,72,,,
2011-10-06,128,72,,,
2011-10-07,172,100,,,
2011-10-08,194,122,,,
2011-10-09,200,139,,,
2011-10-10,161,128,,,
2011-10-11,228,144,,,
2011-10-12,222,150,,,
2011-10-13,261,183,,,
2011-10-14,250,194,,,
2011-10-15,256,133,,,
2011-10-16,217,128,,,
2011-10-17,244,161,,,
2011-10-18,250,111,,,
2011-10-19,211,100,,,
2011-10-20,233,167,,,
2011-10-21,211,167,,,
2011-10-22,233,167,,,
2011-10-23,233,172,,,
2011-10-24,233,94,,,
2011-10-25,200,100,,,
2011-10-26,172,111,,,
2011-10-27,167,128,,,
2011-10-28,189,128,,,
2011-10-29,228,150,,,
2011-10-30,228,161,,,
2011-10-31,217,167,,,
2011-11-01,172,100,,,
2011-11-02,183,106,,,
2011-11-03,144,44,,,
2011-11-04,94,28,,,
2011-11-05,100,39,,,
2011-11-06,100,50,,,
2011-11-07,117,44,,,
2011-11-08,106,67,,,
2011-11-09,106,61,,,
2011-11-10,156,83,,,
2011-11-11,144,78,,,
2011-11-12,117,67,,,
2011-11-13,150,89,,,
2011-11-14,133,67,,,
2011-11-15,161,100,,,
2011-11-16,167,106,,,
2011-11-17,156,72,,,
2011-11-18,83,44,,,
2011-11-19,100,28,,,
2011-11-20,94,44,,,
2011-11-21,117,39,,,
2011-11-22,122,56,,,
2011-11-23,111,61,,,
2011-11-24,100,56,,,
2011-11-25,139,61,,,
2011-11-26,128,72,,,
2011-11-27,211,67,,,
2011-11-28,156,94,,,
2011-11-29,156,100,,,
2011-11-30,133,67,,,
2011-12-01,133,61,,,
2011-12-02,167,94,,,
2011-12-03,117,50,,,
2011-12-04,139,67,,,
2011-12-05,89,39,,,
2011-12-06,111,61,,,
2011-12-07,100,56,,,
2011-12-08,122,56,,,
2011-12-09,122,67,,,
2011-12-10,133,61,,,
2011-12-11,83,33,,,
2011-12-12,67,28,,,
2011-12-13,111,61,,,
2011-12-14,106,44,,,
2011-12-15,78,33,,,
2011-12-16,117,33,,,
2011-12-17,156,56,,,
2011-12-18,111,39,,,
2011-12-19,128,39,,,
2011-12-20,122,56,,,
2011-12-21,111,61,,,
2011-12-22,89,39,,,
2011-12-23,122,67,,,
2011-12-24,94,44,,,
2011-12-25,161,78,,,
2011-12-26,122,61,,,
2011-12-27,133,50,,,
2011-12-28,172,94,,,
2011-12-29,156,89,,,
2011-12-30,133,83,,,
2011-12-31,100,50,,,
2012-01-01,194,72,,,
2012-01-02,161,106,,,
2012-01-03,150,100,,,
2012-01-04,161,106,,,
2012-01-05,189,100,,,
2012-01-06,144,94,,,
2012-01-07,150,94,,,
2012-01-08,150,72,,,
2012-01-09,133,78,,,
2012-01-10,139,83,,,
2012-01-11,144,94,,,
2012-01-12,122,78,,,
2012-01-13,183,89,,,
2012-01-14,189,111,,,
2012-01-15,117,11,,,
2012-01-16,67,11,,,
2012-01-17,72,11,,,
2012-01-18,100,17,,,
2012-01-19,78,39,,,
2012-01-20,106,78,,,
2012-01-21,94,33,,,
2012-01-22,83,33,,,
2012-01-23,89,56,,,
2012-01-24,128,61,,,
2012-01-25,161,83,,,
2012-01-26,144,94,,,
2012-01-27,128,78,,,
2012-01-28,128,61,,,
2012-01-29,161,72,,,
2012-01-30,133,78,,,
2012-01-31,139,50,,,
2012-02-01,128,50,,,
2012-02-02,139,83,,,
2012-02-03,100,61,,,
2012-02-04,139,67,,,
2012-02-05,133,78,,,
2012-02-06,139,94,,,
2012-02-07,106,83,,,
2012-02-08,128,72,,,
2012-02-09,144,94,,,
2012-02-10,150,67,,,
2012-02-11,111,56,,,
2012-02-12,133,44,,,
2012-02-13,67,33,,,
2012-02-14,122,39,,,
2012-02-15,94,22,,,
2012-02-16,139,50,,,
2012-02-17,161,83,,,
2012-02-18,128,50,,,
2012-02-19,100,39,,,
2012-02-20,100,50,,,
2012-02-21,167,67,,,
2012-02-22,200,122,,,
2012-02-23,183,122,,,
2012-02-24,206,56,,,
2012-02-25,122,50,,,
2012-02-26,111,17,,,
2012-02-27,83,6,,,
2012-02-28,83,17,,,
2012-02-29,78,28,,,
2012-03-01,72,28,,,
2012-03-02,117,33,,,
2012-03-03,150,72,,,
2012-03-04,172,100,,,
2012-03-05,211,44,,,
2012-03-06,89,22,,,
2012-03-07,117,6,,,
2012-03-08,150,83,,,
2012-03-09,183,100,,,
2012-03-10,139,39,,,
2012-03-11,100,33,,,
2012-03-12,133,33,,,
2012-03-13,89,72,,,
2012-03-14,100,83,,,
2012-03-15,128,94,,,
2012-03-16,106,39,,,
2012-03-17,61,22,,,
2012-03-18,67,11,,,
2012-03-19,83,0,,,
2012-03-20,139,56,,,
2012-03-21,189,83,,,
2012-03-22,111,28,,,
2012-03-23,133,22,,,
2012-03-24,72,28,,,
2012-03-25,89,17,,,
2012-03-26,106,28,,,
2012-03-27,100,50,,,
2012-03-28,150,72,,,
2012-03-29,139,78,,,
2012-03-30,156,78,,,
2012-03-31,106,44,,,
2012-04-01,128,28,,,
2012-04-02,144,61,,,
2012-04-03,156,39,,,
2012-04-04,122,22,,,
2012-04-05,106,17,,,
2012-04-06,117,17,,,
2012-04-07,156,61,,,
2012-04-08,194,94,,,
2012-04-09,172,78,,,
2012-04-10,100,72,,,
2012-04-11,106,56,,,
2012-04-12,128,39,,,
2012-04-13,89,33,,,
2012-04-14,156,33,,,
2012-04-15,189,89,,,
2012-04-16,189,94,,,
2012-04-17,183,83,,,
2012-04-18,189,72,,,
2012-04-19,228,117,,,
2012-04-20,261,178,,,
2012-04-21,267,211,,,
2012-04-22,283,167,,,
2012-04-23,161,100,,,
2012-04-24,172,94,,,
2012-04-25,200,106,,,
2012-04-26,117,61,,,
2012-04-27,178,61,,,
2012-04-28,217,128,,,
2012-04-29,244,156,,,
2012-04-30,233,89,,,
2012-05-01,156,56,,,
2012-05-02,139,39,,,
2012-05-03,128,56,,,
2012-05-04,144,56,,,
2012-05-05,211,94,,,
2012-05-06,233,144,,,
2012-05-07,278,172,,,
2012-05-08,294,189,,,
2012-05-09,272,178,,,
2012-05-10,250,144,,,
2012-05-11,289,183,,,
2012-05-12,294,206,,,
2012-05-13,222,78,,,
2012-05-14,194,72,,,
2012-05-15,233,100,,,
2012-05-16,267,128,,,
2012-05-17,183,67,,,
2012-05-18,250,89,,,
2012-05-19,278,150,,,
2012-05-20,300,161,,,
2012-05-21,194,106,,,
2012-05-22,217,111,,,
2012-05-23,228,100,,,
2012-05-24,200,56,,,
2012-05-25,144,44,,,
2012-05-26,139,67,,,
2012-05-27,217,67,,,
2012-05-28,156,61,,,
2012-05-29,244,56,,,
2012-05-30,289,161,,,
2012-05-31,328,217,,,
2012-06-01,333,178,,,
2012-06-02,244,133,,,
2012-06-03,272,139,,,
2012-06-04,150,61,,,
2012-06-05,167,56,,,
2012-06-06,222,100,,,
2012-06-07,239,128,,,
2012-06-08,211,89,,,
2012-06-09,239,94,,,
2012-06-10,278,161,,,
2012-06-11,328,206,,,
2012-06-12,306,150,,,
2012-06-13,300,100,,,
2012-06-14,289,128,,,
2012-06-15,317,128,,,
2012-06-16,367,250,,,
2012-06-17,344,194,,,
2012-06-18,261,139,,,
2012-06-19,283,150,,,
2012-06-20,328,200,,,
2012-06-21,217,67,,,
2012-06-22,189,61,,,
2012-06-23,183,72,,,
2012-06-24,200,67,,,
2012-06-25,183,72,,,
2012-06-26,244,83,,,
2012-06-27,283,150,,,
2012-06-28,261,122,,,
2012-06-29,233,111,,,
2012-06-30,244,133,,,
2012-07-01,194,106,,,
2012-07-02,283,111,,,
2012-07-03,294,94,,,
2012-07-04,294,144,,,
2012-07-05,222,89,,,
2012-07-06,300,133,,,
2012-07-07,339,228,,,
2012-07-08,317,228,,,
2012-07-09,322,217,,,
2012-07-10,356,222,,,
2012-07-11,383,261,,,
2012-07-12,367,200,,,
2012-07-13,239,94,,,
2012-07-14,272,89,,,
2012-07-15,317,178,,,
2012-07-16,172,94,,,
2012-07-17,211,94,,,
2012-07-18,244,94,,,
2012-07-19,250,144,,,
2012-07-20,311,167,,,
2012-07-21,344,244,,,
2012-07-22,339,228,,,
2012-07-23,283,200,,,
2012-07-24,294,178,,,
2012-07-25,283,178,,,
2012-07-26,267,128,,,
2012-07-27,267,128,,,
2012-07-28,272,150,,,
2012-07-29,311,144,,,
2012-07-30,328,217,,,
2012-07-31,339,217,,,
2012-08-01,344,211,,,
2012-08-02,344,211,,,
2012-08-03,306,200,,,
2012-08-04,244,156,,,
2012-08-05,272,161,,,
2012-08-06,322,178,,,
2012-08-07,317,228,,,
2012-08-08,339,228,,,
2012-08-09,361,267,,,
2012-08-10,378,272,,,
2012-08-11,389,272,,,
2012-08-12,372,272,,,
2012-08-13,389,289,,,
2012-08-14,367,256,,,
2012-08-15,344,228,,,
2012-08-16,350,217,,,
2012-08-17,333,233,,,
2012-08-18,317,233,,,
2012-08-19,306,217,,,
2012-08-20,333,233,,,
2012-08-21,300,228,,,
2012-08-22,300,189,,,
2012-08-23,294,189,,,
2012-08-24,300,194,,,
2012-08-25,267,94,,,
2012-08-26,194,89,,,
2012-08-27,267,167,,,
2012-08-28,306,206,,,
2012-08-29,306,206,,,
2012-08-30,322,117,,,
2012-08-31,144,89,,,
2012-09-01,250,89,,,
2012-09-02,294,178,,,
2012-09-03,322,217,,,
2012-09-04,317,217,,,
2012-09-05,300,200,,,
2012-09-06,294,189,,,
2012-09-07,311,200,,,
2012-09-08,306,194,,,
2012-09-09,267,156,,,
2012-09-10,283,194,,,
2012-09-11,300,189,,,
2012-09-12,300,200,,,
2012-09-13,311,244,,,
2012-09-14,311,228,,,
2012-09-15,322,211,,,
2012-09-16,311,222,,,
2012-09-17,272,172,,,
2012-09-18,278,167,,,
2012-09-19,283,156,,,
2012-09-20,283,194,,,
2012-09-21,300,217,,,
2012-09-22,294,217,,,
2012-09-23,306,194,,,
2012-09-24,256,172,,,
2012-09-25,289,222,,,
2012-09-26,278,183,,,
2012-09-27,294,211,,,
2012-09-28,283,206,,,
2012-09-29,322,239,,,
2012-09-30,339,267,,,
2012-10-01,356,250,,,
2012-10-02,339,267,,,
2012-10-03,333,194,,,
2012-10-04,222,144,,,
2012-10-05,194,100,,,
2012-10-06,194,111,,,
2012-10-07,217,106,,,
2012-10-08,189,94,,,
2012-10-09,178,100,,,
2012-10-10,222,106,,,
2012-10-11,133,89,,,
2012-10-12,139,83,,,
2012-10-13,206,89,,,
2012-10-14,217,139,,,
2012-10-15,244,172,,,
2012-10-16,278,183,,,
2012-10-17,250,167,,,
2012-10-18,300,178,,,
2012-10-19,233,156,,,
2012-10-20,217,78,,,
2012-10-21,144,78,,,
2012-10-22,117,72,,,
2012-10-23,144,67,,,
2012-10-24,144,67,,,
2012-10-25,139,78,,,
2012-10-26,222,100,,,
2012-10-27,228,156,,,
2012-10-28,244,167,,,
2012-10-29,211,167,,,
2012-10-30,233,128,,,
2012-10-31,128,100,,,
2012-11-01,172,111,,,
2012-11-02,161,111,,,
2012-11-03,194,117,,,
2012-11-04,206,150,,,
2012-11-05,239,150,,,
2012-11-06,267,183,,,
2012-11-07,222,78,,,
2012-11-08,111,44,,,
2012-11-09,89,22,,,
2012-11-10,94,33,,,
2012-11-11,83,44,,,
2012-11-12,100,56,,,
2012-11-13,161,78,,,
2012-11-14,156,89,,,
2012-11-15,172,106,,,
2012-11-16,133,94,,,
2012-11-17,122,100,,,
2012-11-18,128,61,,,
2012-11-19,156,83,,,
2012-11-20,139,94,,,
2012-11-21,144,83,,,
2012-11-22,144,72,,,
2012-11-23,172,100,,,
2012-11-24,178,117,,,
2012-11-25,150,111,,,
2012-11-26,150,89,,,
2012-11-27,128,78,,,
2012-11-28,117,83,,,
2012-11-29,128,100,,,
2012-11-30,122,94,,,
2012-12-01,133,100,,,
2012-12-02,122,67,,,
2012-12-03,128,67,,,
2012-12-04,144,100,,,
2012-12-05,139,100,,,
2012-12-06,100,78,,,
2012-12-07,156,78,,,
2012-12-08,117,56,,,
2012-12-09,128,83,,,
2012-12-10,150,106,,,
2012-12-11,167,61,,,
2012-12-12,78,39,,,
2012-12-13,72,22,,,
2012-12-14,61,22,,,
2012-12-15,61,22,,,
2012-12-16,106,39,,,
2012-12-17,94,39,,,
2012-12-18,67,17,,,
2012-12-19,61,17,,,
2012-12-20,111,39,,,
2012-12-21,100,61,,,
2012-12-22,89,56,,,
2012-12-23,89,56,,,
2012-12-24,89,44,,,
2012-12-25,61,44,,,
2012-12-26,72,39,,,
2012-12-27,78,39,,,
2012-12-28,50,17,,,
2012-12-29,61,11,,,
2012-12-30,72,28,,,
2012-12-31,72,11,,,
2013-01-01,61,0,,,
2013-01-02,78,33,,,
2013-01-03,106,39,,,
2013-01-04,89,50,,,
2013-01-05,94,33,,,
2013-01-06,61,28,,,
2013-01-07,122,56,,,
2013-01-08,122,67,,,
2013-01-09,111,17,,,
2013-01-10,67,11,,,
2013-01-11,67,6,,,
2013-01-12,44,-6,,,
2013-01-13,44,-22,,,
2013-01-14,50,-17,,,
2013-01-15,67,22,,,
2013-01-16,89,22,,,
2013-01-17,122,67,,,
2013-01-18,144,78,,,
2013-01-19,133,89,,,
2013-01-20,150,94,,,
2013-01-21,167,78,,,
2013-01-22,189,78,,,
2013-01-23,156,78,,,
2013-01-24,100,72,,,
2013-01-25,150,94,,,
2013-01-26,111,33,,,
2013-01-27,94,22,,,
2013-01-28,106,33,,,
2013-01-29,133,39,,,
2013-01-30,144,83,,,
2013-01-31,161,72,,,
2013-02-01,150,78,,,
2013-02-02,139,94,,,
2013-02-03,128,44,,,
2013-02-04,167,100,,,
2013-02-05,106,33,,,
2013-02-06,128,39,,,
2013-02-07,89,22,,,
2013-02-08,78,11,,,
2013-02-09,94,39,,,
2013-02-10,106,44,,,
2013-02-11,122,39,,,
2013-02-12,111,61,,,
2013-02-13,156,72,,,
2013-02-14,144,78,,,
2013-02-15,161,111,,,
2013-02-16,178,111,,,
2013-02-17,139,78,,,
2013-02-18,89,28,,,
2013-02-19,39,0,,,
2013-02-20,111,11,,,
2013-02-21,117,22,,,
2013-02-22,144,61,,,
2013-02-23,111,44,,,
2013-02-24,117,44,,,
2013-02-25,133,72,,,
2013-02-26,150,61,,,
2013-02-27,167,111,,,
2013-02-28,189,111,,,
2013-03-01,172,117,,,
2013-03-02,206,117,,,
2013-03-03,156,50,,,
2013-03-04,156,50,,,
2013-03-05,122,28,,,
2013-03-06,100,39,,,
2013-03-07,100,28,,,
2013-03-08,128,39,,,
2013-03-09,161,33,,,
2013-03-10,161,100,,,
2013-03-11,200,111,,,
2013-03-12,200,139,,,
2013-03-13,200,139,,,
2013-03-14,228,144,,,
2013-03-15,206,133,,,
2013-03-16,206,128,,,
2013-03-17,183,94,,,
2013-03-18,172,106,,,
2013-03-19,206,72,,,
2013-03-20,144,78,,,
2013-03-21,144,33,,,
2013-03-22,156,72,,,
2013-03-23,161,67,,,
2013-03-24,200,111,,,
2013-03-25,183,50,,,
2013-03-26,189,61,,,
2013-03-27,161,78,,,
2013-03-28,172,89,,,
2013-03-29,194,94,,,
2013-03-30,189,100,,,
2013-03-31,156,83,,,
2013-04-01,139,83,,,
2013-04-02,189,94,,,
2013-04-03,200,122,,,
2013-04-04,156,72,,,
2013-04-05,144,78,,,
2013-04-06,156,78,,,
2013-04-07,139,61,,,
2013-04-08,150,44,,,
2013-04-09,194,89,,,
2013-04-10,261,144,,,
2013-04-11,206,111,,,
2013-04-12,239,128,,,
2013-04-13,189,106,,,
2013-04-14,172,67,,,
2013-04-15,122,39,,,
2013-04-16,150,50,,,
2013-04-17,167,67,,,
2013-04-18,206,106,,,
2013-04-19,256,133,,,
2013-04-20,244,144,,,
2013-04-21,272,167,,,
2013-04-22,267,167,,,
2013-04-23,244,139,,,
2013-04-24,250,94,,,
2013-04-25,183,78,,,
2013-04-26,250,83,,,
2013-04-27,294,183,,,
2013-04-28,272,200,,,
2013-04-29,294,200,,,
2013-04-30,244,167,,,
2013-05-01,250,139,,,
2013-05-02,294,172,,,
2013-05-03,294,217,,,
2013-05-04,283,122,,,
2013-05-05,167,78,,,
2013-05-06,161,106,,,
2013-05-07,189,100,,,
2013-05-08,172,78,,,
2013-05-09,222,78,,,
2013-05-10,267,156,,,
2013-05-11,322,206,,,
2013-05-12,289,200,,,
2013-05-13,289,189,,,
2013-05-14,233,78,,,
2013-05-15,167,61,,,
2013-05-16,178,78,,,
2013-05-17,178,67,,,
2013-05-18,233,67,,,
2013-05-19,267,144,,,
2013-05-20,289,167,,,
2013-05-21,183,72,,,
2013-05-22,178,61,,,
2013-05-23,183,50,,,
2013-05-24,206,56,,,
2013-05-25,172,56,,,
2013-05-26,194,78,,,
2013-05-27,144,72,,,
2013-05-28,200,106,,,
2013-05-29,200,106,,,
2013-05-30,250,117,,,
2013-05-31,306,167,,,
2013-06-01,333,233,,,
2013-06-02,322,194,,,
2013-06-03,283,161,,,
2013-06-04,228,122,,,
2013-06-05,272,111,,,
2013-06-06,311,161,,,
2013-06-07,372,256,,,
2013-06-08,394,206,,,
2013-06-09,228,106,,,
2013-06-10,206,94,,,
2013-06-11,256,111,,,
2013-06-12,256,117,,,
2013-06-13,272,122,,,
2013-06-14,294,172,,,
2013-06-15,256,172,,,
2013-06-16,278,167,,,
2013-06-17,222,100,,,
2013-06-18,178,83,,,
2013-06-19,222,78,,,
2013-06-20,244,122,,,
2013-06-21,272,161,,,
2013-06-22,311,156,,,
2013-06-23,161,106,,,
2013-06-24,161,128,,,
2013-06-25,233,133,,,
2013-06-26,278,150,,,
2013-06-27,333,178,,,
2013-06-28,361,256,,,
2013-06-29,372,278,,,
2013-06-30,372,278,,,
2013-07-01,383,261,,,
2013-07-02,394,244,,,
2013-07-03,383,261,,,
2013-07-04,383,211,,,
2013-07-05,228,100,,,
2013-07-06,267,144,,,
2013-07-07,317,183,,,
2013-07-08,317,200,,,
2013-07-09,333,200,,,
2013-07-10,333,183,,,
2013-07-11,272,161,,,
2013-07-12,283,156,,,
2013-07-13,317,189,,,
2013-07-14,311,194,,,
2013-07-15,250,122,,,
2013-07-16,206,100,,,
2013-07-17,300,100,,,
2013-07-18,328,228,,,
2013-07-19,344,233,,,
2013-07-20,350,233,,,
2013-07-21,317,217,,,
2013-07-22,317,194,,,
2013-07-23,306,200,,,
2013-07-24,350,244,,,
2013-07-25,322,239,,,
2013-07-26,317,222,,,
2013-07-27,311,211,,,
2013-07-28,278,189,,,
2013-07-29,256,156,,,
2013-07-30,294,167,,,
2013-07-31,278,106,,,
2013-08-01,239,94,,,
2013-08-02,294,156,,,
2013-08-03,289,167,,,
2013-08-04,278,156,,,
2013-08-05,283,167,,,
2013-08-06,250,111,,,
2013-08-07,200,100,,,
2013-08-08,239,111,,,
2013-08-09,228,94,,,
2013-08-10,261,117,,,
2013-08-11,289,183,,,
2013-08-12,289,172,,,
2013-08-13,322,194,,,
2013-08-14,322,194,,,
2013-08-15,317,206,,,
2013-08-16,317,211,,,
2013-08-17,306,211,,,
2013-08-18,333,233,,,
2013-08-19,361,217,,,
2013-08-20,317,189,,,
2013-08-21,283,178,,,
2013-08-22,239,139,,,
2013-08-23,300,128,,,
2013-08-24,261,144,,,
2013-08-25,272,128,,,
2013-08-26,272,117,,,
2013-08-27,294,178,,,
2013-08-28,283,178,,,
2013-08-29,283,167,,,
2013-08-30,333,206,,,
2013-08-31,294,189,,,
2013-09-01,283,150,,,
2013-09-02,267,156,,,
2013-09-03,244,128,,,
2013-09-04,244,122,,,
2013-09-05,244,117,,,
2013-09-06,283,167,,,
2013-09-07,311,233,,,
2013-09-08,328,244,,,
2013-09-09,350,256,,,
2013-09-10,289,172,,,
2013-09-11,222,128,,,
2013-09-12,289,128,,,
2013-09-13,300,156,,,
2013-09-14,283,144,,,
2013-09-15,256,100,,,
2013-09-16,278,111,,,
2013-09-17,211,111,,,
2013-09-18,267,156,,,
2013-09-19,283,189,,,
2013-09-20,206,133,,,
2013-09-21,156,106,,,
2013-09-22,206,94,,,
2013-09-23,239,139,,,
2013-09-24,211,106,,,
2013-09-25,183,100,,,
2013-09-26,200,100,,,
2013-09-27,206,122,,,
2013-09-28,244,139,,,
2013-09-29,228,122,,,
2013-09-30,211,111,,,
2013-10-01,206,89,,,
2013-10-02,233,133,,,
2013-10-03,189,111,,,
2013-10-04,211,111,,,
2013-10-05,228,144,,,
2013-10-06,239,178,,,
2013-10-07,256,183,,,
2013-10-08,217,117,,,
2013-10-09,178,72,,,
2013-10-10,189,122,,,
2013-10-11,206,111,,,
2013-10-12,211,94,,,
2013-10-13,189,106,,,
2013-10-14,206,128,,,
2013-10-15,211,133,,,
2013-10-16,222,167,,,
2013-10-17,239,172,,,
2013-10-18,228,178,,,
2013-10-19,239,178,,,
2013-10-20,250,189,,,
2013-10-21,228,178,,,
2013-10-22,244,172,,,
2013-10-23,256,189,,,
2013-10-24,244,156,,,
2013-10-25,228,161,,,
2013-10-26,233,161,,,
2013-10-27,211,67,,,
2013-10-28,139,56,,,
2013-10-29,150,72,,,
2013-10-30,144,78,,,
2013-10-31,183,111,,,
2013-11-01,183,117,,,
2013-11-02,228,117,,,
2013-11-03,133,83,,,
2013-11-04,167,78,,,
2013-11-05,189,100,,,
2013-11-06,161,117,,,
2013-11-07,233,144,,,
2013-11-08,206,139,,,
2013-11-09,178,122,,,
2013-11-10,189,128,,,
2013-11-11,178,128,,,
2013-11-12,194,139,,,
2013-11-13,222,161,,,
2013-11-14,211,106,,,
2013-11-15,156,94,,,
2013-11-16,150,56,,,
2013-11-17,139,72,,,
2013-11-18,139,67,,,
2013-11-19,117,83,,,
2013-11-20,117,83,,,
2013-11-21,111,56,,,
2013-11-22,150,61,,,
2013-11-23,133,61,,,
2013-11-24,128,72,,,
2013-11-25,122,78,,,
2013-11-26,122,78,,,
2013-11-27,139,83,,,
2013-11-28,167,106,,,
2013-11-29,172,122,,,
2013-11-30,178,128,,,
2013-12-01,172,111,,,
2013-12-02,206,89,,,
2013-12-03,94,33,,,
2013-12-04,44,6,,,
2013-12-05,56,-6,,,
2013-12-06,67,6,,,
2013-12-07,44,-17,,,
2013-12-08,11,-33,,,
2013-12-09,39,-28,,,
2013-12-10,78,0,,,
2013-12-11,78,17,,,
2013-12-12,139,50,,,
2013-12-13,122,61,,,
2013-12-14,117,72,,,
2013-12-15,144,72,,,
2013-12-16,178,111,,,
2013-12-17,172,111,,,
2013-12-18,172,56,,,
2013-12-19,111,39,,,
2013-12-20,133,44,,,
2013-12-21,161,89,,,
2013-12-22,133,83,,,
2013-12-23,133,100,,,
2013-12-24,156,111,,,
2013-12-25,133,89,,,
2013-12-26,161,117,,,
2013-12-27,167,106,,,
2013-12-28,150,83,,,
2013-12-29,161,89,,,
2013-12-30,178,83,,,
2013-12-31,150,111,,,
2014-01-01,156,111,,,
2014-01-02,161,106,,,
2014-01-03,172,128,,,
2014-01-04,139,111,,,
2014-01-05,139,78,,,
2014-01-06,144,94,,,
2014-01-07,167,83,,,
2014-01-08,117,72,,,
2014-01-09,133,72,,,
2014-01-10,161,83,,,
2014-01-11,122,67,,,
2014-01-12,111,61,,,
2014-01-13,156,72,,,
2014-01-14,172,94,,,
2014-01-15,194,111,,,
2014-01-16,200,139,,,
2014-01-17,200,139,,,
2014-01-18,189,139,,,
2014-01-19,183,117,,,
2014-01-20,183,117,,,
2014-01-21,167,117,,,
2014-01-22,211,128,,,
2014-01-23,150,89,,,
2014-01-24,194,111,,,
2014-01-25,178,128,,,
2014-01-26,189,133,,,
2014-01-27,172,122,,,
2014-01-28,178,117,,,
2014-01-29,128,94,,,
2014-01-30,128,61,,,
2014-01-31,122,56,,,
2014-02-01,111,44,,,
2014-02-02,56,22,,,
2014-02-03,100,22,,,
2014-02-04,94,33,,,
2014-02-05,94,17,,,
2014-02-06,83,39,,,
2014-02-07,83,67,,,
2014-02-08,117,83,,,
2014-02-09,111,100,,,
2014-02-10,139,89,,,
2014-02-11,139,94,,,
2014-02-12,167,94,,,
2014-02-13,178,117,,,
2014-02-14,139,100,,,
2014-02-15,156,89,,,
2014-02-16,139,67,,,
2014-02-17,150,67,,,
2014-02-18,156,83,,,
2014-02-19,144,83,,,
2014-02-20,144,78,,,
2014-02-21,161,106,,,
2014-02-22,172,106,,,
2014-02-23,172,122,,,
2014-02-24,172,117,,,
2014-02-25,189,111,,,
2014-02-26,106,78,,,
2014-02-27,150,78,,,
2014-02-28,100,78,,,
2014-03-01,139,72,,,
2014-03-02,117,83,,,
2014-03-03,122,72,,,
2014-03-04,128,83,,,
2014-03-05,178,106,,,
2014-03-06,144,89,,,
2014-03-07,161,83,,,
2014-03-08,178,117,,,
2014-03-09,189,122,,,
2014-03-10,144,94,,,
2014-03-11,150,67,,,
2014-03-12,183,83,,,
2014-03-13,222,128,,,
2014-03-14,194,100,,,
2014-03-15,228,144,,,
2014-03-16,244,89,,,
2014-03-17,150,67,,,
2014-03-18,156,78,,,
2014-03-19,189,111,,,
2014-03-20,189,139,,,
2014-03-21,200,94,,,
2014-03-22,200,94,,,
2014-03-23,211,122,,,
2014-03-24,206,128,,,
2014-03-25,133,72,,,
2014-03-26,111,61,,,
2014-03-27,128,67,,,
2014-03-28,161,78,,,
2014-03-29,117,61,,,
2014-03-30,122,50,,,
2014-03-31,94,28,,,
2014-04-01,106,28,,,
2014-04-02,117,28,,,
2014-04-03,150,61,,,
2014-04-04,117,56,,,
2014-04-05,167,67,,,
2014-04-06,211,128,,,
2014-04-07,217,156,,,
2014-04-08,239,156,,,
2014-04-09,233,144,,,
2014-04-10,244,150,,,
2014-04-11,222,83,,,
2014-04-12,172,72,,,
2014-04-13,211,67,,,
2014-04-14,244,156,,,
2014-04-15,233,150,,,
2014-04-16,244,161,,,
2014-04-17,228,128,,,
2014-04-18,206,122,,,
2014-04-19,172,61,,,
2014-04-20,250,128,,,
2014-04-21,222,78,,,
2014-04-22,144,50,,,
2014-04-23,172,56,,,
2014-04-24,167,83,,,
2014-04-25,100,50,,,
2014-04-26,128,50,,,
2014-04-27,150,61,,,
2014-04-28,194,78,,,
2014-04-29,244,161,,,
2014-04-30,272,183,,,
2014-05-01,300,206,,,
2014-05-02,267,133,,,
2014-05-03,172,83,,,
2014-05-04,172,78,,,
2014-05-05,161,67,,,
2014-05-06,172,61,,,
2014-05-07,178,61,,,
2014-05-08,150,67,,,
2014-05-09,172,67,,,
2014-05-10,178,67,,,
2014-05-11,228,106,,,
2014-05-12,256,161,,,
2014-05-13,283,200,,,
2014-05-14,317,217,,,
2014-05-15,328,211,,,
2014-05-16,278,100,,,
2014-05-17,200,89,,,
2014-05-18,189,83,,,
2014-05-19,167,78,,,
2014-05-20,178,72,,,
2014-05-21,228,89,,,
2014-05-22,256,89,,,
2014-05-23,294,172,,,
2014-05-24,283,178,,,
2014-05-25,306,189,,,
2014-05-26,294,156,,,
2014-05-27,261,150,,,
2014-05-28,228,133,,,
2014-05-29,272,156,,,
2014-05-30,217,78,,,
2014-05-31,267,72,,,
2014-06-01,289,178,,,
2014-06-02,200,100,,,
2014-06-03,267,83,,,
2014-06-04,317,194,,,
2014-06-05,300,194,,,
2014-06-06,300,189,,,
2014-06-07,339,217,,,
2014-06-08,350,239,,,
2014-06-09,356,283,,,
2014-06-10,333,178,,,
2014-06-11,244,100,,,
2014-06-12,217,83,,,
2014-06-13,261,111,,,
2014-06-14,283,167,,,
2014-06-15,217,83,,,
2014-06-16,156,78,,,
2014-06-17,239,89,,,
2014-06-18,294,172,,,
2014-06-19,306,167,,,
2014-06-20,311,189,,,
2014-06-21,250,139,,,
2014-06-22,278,122,,,
2014-06-23,317,128,,,
2014-06-24,261,139,,,
2014-06-25,189,117,,,
2014-06-26,211,111,,,
2014-06-27,244,133,,,
2014-06-28,278,111,,,
2014-06-29,328,206,,,
2014-06-30,367,244,,,
2014-07-01,306,194,,,
2014-07-02,289,161,,,
2014-07-03,311,161,,,
2014-07-04,311,206,,,
2014-07-05,328,211,,,
2014-07-06,350,244,,,
2014-07-07,317,244,,,
2014-07-08,333,211,,,
2014-07-09,289,178,,,
2014-07-10,267,156,,,
2014-07-11,250,122,,,
2014-07-12,300,133,,,
2014-07-13,356,239,,,
2014-07-14,367,239,,,
2014-07-15,300,200,,,
2014-07-16,256,139,,,
2014-07-17,233,122,,,
2014-07-18,256,128,,,
2014-07-19,311,178,,,
2014-07-20,289,150,,,
2014-07-21,244,133,,,
2014-07-22,250,128,,,
2014-07-23,261,133,,,
2014-07-24,306,211,,,
2014-07-25,339,244,,,
2014-07-26,350,233,,,
2014-07-27,344,239,,,
2014-07-28,322,233,,,
2014-07-29,344,228,,,
2014-07-30,361,239,,,
2014-07-31,367,267,,,
2014-08-01,378,261,,,
2014-08-02,311,211,,,
2014-08-03,289,167,,,
2014-08-04,272,172,,,
2014-08-05,261,183,,,
2014-08-06,289,194,,,
2014-08-07,311,200,,,
2014-08-08,311,178,,,
2014-08-09,250,117,,,
2014-08-10,300,111,,,
2014-08-11,317,161,,,
2014-08-12,267,133,,,
2014-08-13,283,122,,,
2014-08-14,283,183,,,
2014-08-15,311,194,,,
2014-08-16,317,194,,,
2014-08-17,306,189,,,
2014-08-18,311,122,,,
2014-08-19,239,117,,,
2014-08-20,228,128,,,
2014-08-21,300,144,,,
2014-08-22,261,161,,,
2014-08-23,283,167,,,
2014-08-24,283,144,,,
2014-08-25,233,117,,,
2014-08-26,289,128,,,
2014-08-27,300,183,,,
2014-08-28,317,222,,,
2014-08-29,317,200,,,
2014-08-30,317,206,,,
2014-08-31,306,178,,,
2014-09-01,333,222,,,
2014-09-02,294,183,,,
2014-09-03,294,183,,,
2014-09-04,311,200,,,
2014-09-05,300,189,,,
2014-09-06,306,194,,,
2014-09-07,294,172,,,
2014-09-08,239,150,,,
2014-09-09,300,172,,,
2014-09-10,306,211,,,
2014-09-11,328,250,,,
2014-09-12,339,278,,,
2014-09-13,333,244,,,
2014-09-14,328,228,,,
2014-09-15,289,150,,,
2014-09-16,306,150,,,
2014-09-17,283,167,,,
2014-09-18,233,161,,,
2014-09-19,267,156,,,
2014-09-20,272,183,,,
2014-09-21,250,128,,,
2014-09-22,283,156,,,
2014-09-23,272,144,,,
2014-09-24,256,144,,,
2014-09-25,206,117,,,
2014-09-26,194,117,,,
2014-09-27,217,117,,,
2014-09-28,189,117,,,
2014-09-29,244,139,,,
2014-09-30,228,150,,,
2014-10-01,250,161,,,
2014-10-02,261,189,,,
2014-10-03,289,211,,,
2014-10-04,306,244,,,
2014-10-05,317,239,,,
2014-10-06,311,244,,,
2014-10-07,317,256,,,
2014-10-08,322,233,,,
2014-10-09,272,200,,,
2014-10-10,267,183,,,
2014-10-11,272,194,,,
2014-10-12,272,189,,,
2014-10-13,300,200,,,
2014-10-14,194,128,,,
2014-10-15,200,117,,,
2014-10-16,211,117,,,
2014-10-17,206,122,,,
2014-10-18,217,133,,,
2014-10-19,233,133,,,
2014-10-20,161,100,,,
2014-10-21,183,89,,,
2014-10-22,211,128,,,
2014-10-23,200,117,,,
2014-10-24,228,111,,,
2014-10-25,167,111,,,
2014-10-26,161,100,,,
2014-10-27,178,111,,,
2014-10-28,217,128,,,
2014-10-29,233,150,,,
2014-10-30,244,111,,,
2014-10-31,128,89,,,
2014-11-01,139,78,,,
2014-11-02,156,78,,,
2014-11-03,167,100,,,
2014-11-04,183,111,,,
2014-11-05,183,133,,,
2014-11-06,233,156,,,
2014-11-07,217,156,,,
2014-11-08,217,161,,,
2014-11-09,228,167,,,
2014-11-10,200,128,,,
2014-11-11,161,89,,,
2014-11-12,156,94,,,
2014-11-13,139,100,,,
2014-11-14,156,89,,,
2014-11-15,144,83,,,
2014-11-16,111,78,,,
2014-11-17,128,67,,,
2014-11-18,133,83,,,
2014-11-19,139,100,,,
2014-11-20,106,78,,,
2014-11-21,122,78,,,
2014-11-22,150,100,,,
2014-11-23,128,83,,,
2014-11-24,150,83,,,
2014-11-25,133,94,,,
2014-11-26,183,94,,,
2014-11-27,217,139,,,
2014-11-28,194,94,,,
2014-11-29,133,106,,,
2014-11-30,117,83,,,
2014-12-01,144,94,,,
2014-12-02,128,89,,,
2014-12-03,139,111,,,
2014-12-04,150,111,,,
2014-12-05,156,117,,,
2014-12-06,161,117,,,
2014-12-07,167,111,,,
2014-12-08,178,111,,,
2014-12-09,161,111,,,
2014-12-10,150,100,,,
2014-12-11,139,56,,,
2014-12-12,83,50,,,
2014-12-13,89,56,,,
2014-12-14,100,50,,,
2014-12-15,83,50,,,
2014-12-16,117,61,,,
2014-12-17,100,61,,,
2014-12-18,128,67,,,
2014-12-19,106,89,,,
2014-12-20,117,89,,,
2014-12-21,150,106,,,
2014-12-22,161,111,,,
2014-12-23,150,111,,,
2014-12-24,133,61,,,
2014-12-25,94,50,,,
2014-12-26,83,33,,,
2014-12-27,78,39,,,
2014-12-28,106,39,,,
2014-12-29,78,33,,,
2014-12-30,67,0,,,
2014-12-31,78,0,,,
2015-01-01,72,28,,,
2015-01-02,61,11,,,
2015-01-03,94,33,,,
2015-01-04,100,44,,,
2015-01-05,122,61,,,
2015-01-06,150,100,,,
2015-01-07,189,133,,,
2015-01-08,183,128,,,
2015-01-09,161,111,,,
2015-01-10,156,94,,,
2015-01-11,144,94,,,
2015-01-12,150,89,,,
2015-01-13,117,83,,,
2015-01-14,100,72,,,
2015-01-15,122,78,,,
2015-01-16,150,72,,,
2015-01-17,144,72,,,
2015-01-18,183,117,,,
2015-01-19,128,83,,,
2015-01-20,122,61,,,
2015-01-21,106,50,,,
2015-01-22,94,33,,,
2015-01-23,156,94,,,
2015-01-24,150,89,,,
2015-01-25,217,106,,,
2015-01-26,167,106,,,
2015-01-27,161,106,,,
2015-01-28,161,72,,,
2015-01-29,150,100,,,
2015-01-30,161,111,,,
2015-01-31,178,111,,,
2015-02-01,172,128,,,
2015-02-02,178,117,,,
2015-02-03,172,117,,,
2015-02-04,222,117,,,
2015-02-05,161,94,,,
2015-02-06,144,111,,,
2015-02-07,150,111,,,
2015-02-08,139,100,,,
2015-02-09,156,94,,,
2015-02-10,122,67,,,
2015-02-11,150,100,,,
2015-02-12,167,111,,,
2015-02-13,211,133,,,
2015-02-14,194,139,,,
2015-02-15,200,133,,,
2015-02-16,178,139,,,
2015-02-17,161,78,,,
2015-02-18,156,78,,,
2015-02-19,172,100,,,
2015-02-20,183,117,,,
2015-02-21,156,94,,,
2015-02-22,128,56,,,
2015-02-23,111,44,,,
2015-02-24,156,78,,,
2015-02-25,172,78,,,
2015-02-26,183,89,,,
2015-02-27,133,50,,,
2015-02-28,106,44,,,
2015-03-01,128,50,,,
2015-03-02,122,61,,,
2015-03-03,139,61,,,
2015-03-04,144,78,,,
2015-03-05,150,89,,,
2015-03-06,194,106,,,
2015-03-07,194,133,,,
2015-03-08,222,122,,,
2015-03-09,206,144,,,
2015-03-10,228,139,,,
2015-03-11,167,94,,,
2015-03-12,183,94,,,
2015-03-13,194,133,,,
2015-03-14,228,156,,,
2015-03-15,211,144,,,
2015-03-16,183,117,,,
2015-03-17,194,111,,,
2015-03-18,189,122,,,
2015-03-19,233,144,,,
2015-03-20,200,122,,,
2015-03-21,200,111,,,
2015-03-22,139,83,,,
2015-03-23,150,78,,,
2015-03-24,167,78,,,
2015-03-25,200,106,,,
2015-03-26,222,156,,,
2015-03-27,239,144,,,
2015-03-28,233,122,,,
2015-03-29,250,161,,,
2015-03-30,239,100,,,
2015-03-31,172,78,,,
2015-04-01,156,89,,,
2015-04-02,172,78,,,
2015-04-03,211,67,,,
2015-04-04,167,50,,,
2015-04-05,100,44,,,
2015-04-06,133,39,,,
2015-04-07,106,50,,,
2015-04-08,111,50,,,
2015-04-09,150,56,,,
2015-04-10,200,94,,,
2015-04-11,200,117,,,
2015-04-12,222,117,,,
2015-04-13,178,78,,,
2015-04-14,139,50,,,
2015-04-15,183,78,,,
2015-04-16,222,117,,,
2015-04-17,250,156,,,
2015-04-18,261,156,,,
2015-04-19,256,156,,,
2015-04-20,217,106,,,
2015-04-21,139,78,,,
2015-04-22,211,72,,,
2015-04-23,206,78,,,
2015-04-24,144,72,,,
2015-04-25,144,61,,,
2015-04-26,206,67,,,
2015-04-27,250,150,,,
2015-04-28,233,133,,,
2015-04-29,239,100,,,
2015-04-30,261,150,,,
2015-05-01,289,178,,,
2015-05-02,261,144,,,
2015-05-03,211,83,,,
2015-05-04,167,61,,,
2015-05-05,172,61,,,
2015-05-06,206,50,,,
2015-05-07,144,61,,,
2015-05-08,189,78,,,
2015-05-09,211,67,,,
2015-05-10,211,72,,,
2015-05-11,139,61,,,
2015-05-12,156,50,,,
2015-05-13,150,56,,,
2015-05-14,167,72,,,
2015-05-15,139,67,,,
2015-05-16,161,72,,,
2015-05-17,150,72,,,
2015-05-18,133,72,,,
2015-05-19,172,72,,,
2015-05-20,144,72,,,
2015-05-21,167,78,,,
2015-05-22,167,83,,,
2015-05-23,172,83,,,
2015-05-24,200,83,,,
2015-05-25,183,78,,,
2015-05-26,183,78,,,
2015-05-27,217,83,,,
2015-05-28,261,83,,,
2015-05-29,278,156,,,
2015-05-30,300,167,,,
2015-05-31,211,83,,,
2015-06-01,206,89,,,
2015-06-02,222,100,,,
2015-06-03,172,89,,,
2015-06-04,233,83,,,
2015-06-05,272,178,,,
2015-06-06,267,183,,,
2015-06-07,317,178,,,
2015-06-08,344,244,,,
2015-06-09,306,183,,,
2015-06-10,211,167,,,
2015-06-11,306,183,,,
2015-06-12,350,228,,,
2015-06-13,311,194,,,
2015-06-14,267,161,,,
2015-06-15,239,139,,,
2015-06-16,306,150,,,
2015-06-17,322,200,,,
2015-06-18,272,200,,,
2015-06-19,311,189,,,
2015-06-20,322,178,,,
2015-06-21,244,128,,,
2015-06-22,272,161,,,
2015-06-23,300,167,,,
2015-06-24,317,156,,,
2015-06-25,356,250,,,
2015-06-26,356,222,,,
2015-06-27,278,183,,,
2015-06-28,283,189,,,
2015-06-29,328,206,,,
2015-06-30,378,283,,,
2015-07-01,356,256,,,
2015-07-02,300,211,,,
2015-07-03,333,217,,,
2015-07-04,344,178,,,
2015-07-05,250,144,,,
2015-07-06,267,117,,,
2015-07-07,228,122,,,
2015-07-08,200,111,,,
2015-07-09,183,111,,,
2015-07-10,194,117,,,
2015-07-11,228,111,,,
2015-07-12,233,122,,,
2015-07-13,272,128,,,
2015-07-14,228,117,,,
2015-07-15,306,133,,,
2015-07-16,306,200,,,
2015-07-17,328,194,,,
2015-07-18,294,172,,,
2015-07-19,306,167,,,
2015-07-20,311,200,,,
2015-07-21,283,156,,,
2015-07-22,217,111,,,
2015-07-23,228,100,,,
2015-07-24,283,111,,,
2015-07-25,256,144,,,
2015-07-26,261,150,,,
2015-07-27,306,183,,,
2015-07-28,339,233,,,
2015-07-29,372,256,,,
2015-07-30,356,272,,,
2015-07-31,317,178,,,
2015-08-01,278,178,,,
2015-08-02,272,161,,,
2015-08-03,239,117,,,
2015-08-04,200,122,,,
2015-08-05,289,128,,,
2015-08-06,278,178,,,
2015-08-07,272,156,,,
2015-08-08,244,139,,,
2015-08-09,311,150,,,
2015-08-10,233,128,,,
2015-08-11,267,133,,,
2015-08-12,272,156,,,
2015-08-13,261,133,,,
2015-08-14,278,122,,,
2015-08-15,317,211,,,
2015-08-16,339,250,,,
2015-08-17,372,239,,,
2015-08-18,306,183,,,
2015-08-19,294,139,,,
2015-08-20,272,122,,,
2015-08-21,250,122,,,
2015-08-22,283,161,,,
2015-08-23,278,167,,,
2015-08-24,317,183,,,
2015-08-25,328,206,,,
2015-08-26,333,211,,,
2015-08-27,350,228,,,
2015-08-28,356,172,,,
2015-08-29,228,133,,,
2015-08-30,256,128,,,
2015-08-31,294,194,,,
2015-09-01,272,122,,,
2015-09-02,206,117,,,
2015-09-03,200,111,,,
2015-09-04,200,106,,,
2015-09-05,233,122,,,
2015-09-06,267,183,,,
2015-09-07,294,194,,,
2015-09-08,317,233,,,
2015-09-09,339,261,,,
2015-09-10,367,283,,,
2015-09-11,367,283,,,
2015-09-12,322,228,,,
2015-09-13,306,206,,,
2015-09-14,211,122,,,
2015-09-15,189,100,,,
2015-09-16,183,94,,,
2015-09-17,211,111,,,
2015-09-18,256,161,,,
2015-09-19,278,183,,,
2015-09-20,311,228,,,
2015-09-21,344,239,,,
2015-09-22,228,117,,,
2015-09-23,294,189,,,
2015-09-24,294,222,,,
2015-09-25,317,239,,,
2015-09-26,306,217,,,
2015-09-27,283,211,,,
2015-09-28,289,178,,,
2015-09-29,228,144,,,
2015-09-30,183,144,,,
2015-10-01,228,144,,,
2015-10-02,272,156,,,
2015-10-03,267,89,,,
2015-10-04,222,128,,,
2015-10-05,239,144,,,
2015-10-06,244,144,,,
2015-10-07,250,167,,,
2015-10-08,267,206,,,
2015-10-09,294,206,,,
2015-10-10,278,189,,,
2015-10-11,272,194,,,
2015-10-12,278,211,,,
2015-10-13,306,239,,,
2015-10-14,306,217,,,
2015-10-15,278,194,,,
2015-10-16,261,150,,,
2015-10-17,189,111,,,
2015-10-18,178,106,,,
2015-10-19,206,111,,,
2015-10-20,233,144,,,
2015-10-21,233,161,,,
2015-10-22,228,172,,,
2015-10-23,244,178,,,
2015-10-24,244,178,,,
2015-10-25,228,150,,,
2015-10-26,217,156,,,
2015-10-27,200,144,,,
2015-10-28,189,128,,,
2015-10-29,211,133,,,
2015-10-30,256,161,,,
2015-10-31,283,122,,,
2015-11-01,206,111,,,
2015-11-02,117,72,,,
2015-11-03,133,89,,,
2015-11-04,128,78,,,
2015-11-05,133,94,,,
2015-11-06,156,78,,,
2015-11-07,139,100,,,
2015-11-08,128,72,,,
2015-11-09,78,56,,,
2015-11-10,94,44,,,
2015-11-11,111,72,,,
2015-11-12,128,61,,,
2015-11-13,139,106,,,
2015-12-18,122,72,,,
2015-12-19,106,50,,,
2015-12-20,78,33,,,
2015-12-21,111,78,,,
2015-12-22,117,56,,,
2015-12-23,94,39,,,
2015-12-24,61,11,,,
2015-12-25,61,6,,,
2015-12-26,56,11,,,
2015-12-27,61,11,,,
2015-12-28,50,-6,,,
2015-12-29,78,28,,,
2015-12-30,78,22,,,
2015-12-31,56,11,,,
2016-01-01,39,-11,,,
2016-01-02,50,6,,,
2016-01-03,94,28,,,
2016-01-04,100,61,,,
2016-01-05,89,56,,,
2016-01-06,72,44,,,
2016-01-07,67,39,,,
2016-01-08,67,39,,,
2016-01-09,94,50,,,
2016-01-10,67,50,,,
2016-01-11,111,61,,,
2016-01-12,139,50,,,
2016-01-13,117,61,,,
2016-01-14,89,56,,,
2016-01-15,117,67,,,
2016-01-16,117,67,,,
2016-01-17,117,100,,,
2016-01-18,139,78,,,
2016-01-19,122,83,,,
2016-01-20,128,72,,,
2016-01-21,139,83,,,
2016-01-22,128,72,,,
2016-01-23,89,56,,,
2016-01-24,111,50,,,
2016-01-25,133,72,,,
2016-01-26,117,67,,,
2016-01-27,144,72,,,
2016-01-28,156,106,,,
2016-01-29,128,94,,,
2016-01-30,117,56,,,
2016-01-31,83,33,,,
2016-02-01,89,33,,,
2016-02-02,94,22,,,
2016-02-03,89,22,,,
2016-02-04,89,33,,,
2016-02-05,111,61,,,
2016-02-06,161,67,,,
2016-02-07,161,106,,,
2016-02-08,189,106,,,
2016-02-09,200,128,,,
2016-02-10,206,144,,,
2016-02-11,211,144,,,
2016-02-12,194,150,,,
2016-02-13,200,111,,,
2016-02-14,200,133,,,
2016-02-15,206,133,,,
2016-02-16,189,144,,,
2016-02-17,178,56,,,
2016-02-18,117,56,,,
2016-02-19,122,56,,,
2016-02-22,156,100,,,
2016-02-23,206,100,,,
2016-02-24,167,111,,,
2016-02-25,183,122,,,
2016-02-26,183,100,,,
2016-02-27,161,83,,,
2016-02-28,167,106,,,
2016-02-29,200,111,,,
2016-03-01,189,128,,,
2016-03-02,200,94,,,
2016-03-03,150,94,,,
2016-03-04,144,117,,,
2016-03-05,133,83,,,
2016-03-06,117,61,,,
2016-03-07,78,39,,,
2016-03-08,122,61,,,
2016-03-09,139,78,,,
2016-03-10,144,106,,,
2016-03-11,117,56,,,
2016-03-12,94,50,,,
2016-03-13,106,89,,,
2016-03-14,117,67,,,
2016-03-15,167,67,,,
2016-03-16,172,100,,,
2016-03-17,194,128,,,
2016-03-18,206,117,,,
2016-03-19,194,94,,,
2016-03-20,172,78,,,
2016-03-21,117,61,,,
2016-03-22,128,50,,,
2016-03-23,167,72,,,
2016-03-24,194,122,,,
2016-03-25,200,111,,,
2016-03-26,200,106,,,
2016-03-27,150,61,,,
2016-03-28,117,28,,,
2016-03-29,139,67,,,
2016-03-30,167,78,,,
2016-03-31,183,61,,,
2016-04-01,183,83,,,
2016-04-02,211,100,,,
2016-04-03,200,78,,,
2016-04-04,200,111,,,
2016-04-05,222,133,,,
2016-04-06,256,172,,,
2016-04-07,206,117,,,
2016-04-08,161,106,,,
2016-04-09,128,100,,,
2016-04-10,106,78,,,
2016-04-11,139,78,,,
2016-04-12,133,67,,,
2016-04-13,156,67,,,
2016-04-14,133,56,,,
2016-04-15,172,67,,,
2016-04-16,217,122,,,
2016-04-17,244,150,,,
2016-04-18,272,178,,,
2016-04-19,250,144,,,
2016-04-20,222,111,,,
2016-04-21,189,100,,,
2016-04-22,111,72,,,
2016-04-23,156,61,,,
2016-04-24,167,72,,,
2016-04-25,156,56,,,
2016-04-26,167,67,,,
2016-04-27,133,56,,,
2016-04-28,206,89,,,
2016-04-29,189,89,,,
2016-04-30,222,111,,,
2016-05-01,250,144,,,
2016-05-02,239,133,,,
2016-05-03,244,167,,,
2016-05-04,206,89,,,
2016-05-05,161,89,,,
2016-05-06,122,89,,,
2016-05-07,128,89,,,
2016-05-08,172,94,,,
2016-05-09,194,83,,,
2016-05-10,244,128,,,
2016-05-11,256,172,,,
2016-05-12,267,150,,,
2016-05-13,200,67,,,
2016-05-14,194,72,,,
2016-05-15,211,94,,,
2016-05-16,244,89,,,
2016-05-17,283,172,,,
2016-05-18,311,167,,,
2016-05-19,172,67,,,
2016-05-20,122,50,,,
2016-05-21,150,67,,,
2016-05-22,167,67,,,
2016-05-23,183,72,,,
2016-05-24,167,78,,,
2016-05-25,183,83,,,
2016-05-26,239,83,,,
2016-05-27,267,144,,,
2016-05-28,289,172,,,
2016-05-29,272,178,,,
2016-05-30,317,211,,,
2016-05-31,344,239,,,
2016-06-01,317,211,,,
2016-06-02,333,189,,,
2016-06-03,350,250,,,
2016-06-04,350,233,,,
2016-06-05,328,217,,,
2016-06-06,317,189,,,
2016-06-07,289,139,,,
2016-06-08,233,100,,,
2016-06-09,228,94,,,
2016-06-10,211,128,,,
2016-06-11,272,144,,,
2016-06-12,267,144,,,
2016-06-13,200,89,,,
2016-06-14,172,72,,,
2016-06-15,156,67,,,
2016-06-16,233,78,,,
2016-06-17,228,106,,,
2016-06-18,228,106,,,
2016-06-19,289,161,,,
2016-06-20,322,206,,,
2016-06-21,339,222,,,
2016-06-22,294,178,,,
2016-06-23,283,139,,,
2016-06-24,289,150,,,
2016-06-25,344,222,,,
2016-06-26,356,261,,,
2016-06-27,367,261,,,
2016-06-28,367,244,,,
2016-06-29,317,200,,,
2016-06-30,350,211,,,
2016-07-01,311,228,,,
2016-07-02,283,206,,,
2016-07-03,300,206,,,
2016-07-04,278,178,,,
2016-07-05,239,139,,,
2016-07-06,233,111,,,
2016-07-07,217,89,,,
2016-07-08,272,94,,,
2016-07-09,233,89,,,
2016-07-10,261,89,,,
2016-07-11,294,156,,,
2016-07-12,272,133,,,
2016-07-13,328,222,,,
2016-07-14,356,228,,,
2016-07-15,333,222,,,
2016-07-16,278,172,,,
2016-07-17,244,100,,,
2016-07-18,222,94,,,
2016-07-19,261,139,,,
2016-07-20,300,156,,,
2016-07-21,261,156,,,
2016-07-22,322,211,,,
2016-07-23,350,256,,,
2016-07-24,367,228,,,
2016-07-25,344,228,,,
2016-07-26,361,267,,,
2016-07-27,378,261,,,
2016-07-28,372,267,,,
2016-07-29,383,267,,,
2016-07-30,344,222,,,
2016-07-31,300,200,,,
2016-08-01,300,194,,,
2016-08-02,328,206,,,
2016-08-03,339,189,,,
2016-08-04,250,111,,,
2016-08-05,278,100,,,
2016-08-06,256,122,,,
2016-08-07,300,111,,,
2016-08-08,300,144,,,
2016-08-09,294,133,,,
2016-08-10,294,183,,,
2016-08-11,311,211,,,
2016-08-12,333,239,,,
2016-08-13,350,256,,,
2016-08-14,361,211,,,
2016-08-15,306,200,,,
2016-08-16,333,239,,,
2016-08-17,344,244,,,
2016-08-18,328,233,,,
2016-08-19,306,217,,,
2016-08-20,328,200,,,
2016-08-21,311,183,,,
2016-08-22,278,189,,,
2016-08-23,283,194,,,
2016-08-24,306,200,,,
2016-08-25,294,172,,,
2016-08-26,261,133,,,
2016-08-27,250,133,,,
2016-08-28,289,128,,,
2016-08-29,283,133,,,
2016-08-30,294,178,,,
2016-08-31,244,161,,,
2016-09-01,261,144,,,
2016-09-02,283,156,,,
2016-09-03,200,94,,,
2016-09-04,233,89,,,
2016-09-05,267,172,,,
2016-09-06,294,206,,,
2016-09-07,311,200,,,
2016-09-08,300,189,,,
2016-09-09,306,228,,,
2016-09-10,322,194,,,
2016-09-11,239,144,,,
2016-09-12,183,89,,,
2016-09-13,206,83,,,
2016-09-14,228,111,,,
2016-09-15,272,167,,,
2016-09-16,283,189,,,
2016-09-17,311,239,,,
2016-09-18,322,239,,,
2016-09-19,350,206,,,
2016-09-20,294,200,,,
2016-09-21,194,89,,,
2016-09-22,206,78,,,
2016-09-23,250,139,,,
2016-09-24,272,178,,,
2016-09-25,289,211,,,
2016-09-26,350,244,,,
2016-09-27,344,239,,,
2016-09-28,322,194,,,
2016-09-29,267,144,,,
2016-09-30,172,94,,,
2016-10-01,217,94,,,
2016-10-02,161,83,,,
2016-10-03,139,83,,,
2016-10-04,172,89,,,
2016-10-05,206,111,,,
2016-10-06,211,128,,,
2016-10-07,233,156,,,
2016-10-08,256,189,,,
2016-10-09,267,189,,,
2016-10-10,250,94,,,
2016-10-11,189,94,,,
2016-10-12,228,117,,,
2016-10-13,206,128,,,
2016-10-14,144,122,,,
2016-10-15,183,122,,,
2016-10-16,144,106,,,
2016-10-17,189,106,,,
2016-10-18,178,100,,,
2016-10-19,200,122,,,
2016-10-20,239,161,,,
2016-10-21,233,178,,,
2016-10-22,211,144,,,
2016-10-23,217,111,,,
2016-10-24,150,111,,,
2016-10-25,183,128,,,
2016-10-26,206,139,,,
2016-10-27,161,128,,,
2016-10-28,161,133,,,
2016-10-29,194,122,,,
2016-10-30,139,100,,,
2016-10-31,156,89,,,
2016-11-01,139,89,,,
2016-11-02,150,89,,,
2016-11-03,172,94,,,
2016-11-04,200,122,,,
2016-11-05,200,117,,,
2016-11-06,189,117,,,
2016-11-07,178,128,,,
2016-11-08,194,139,,,
2016-11-09,200,144,,,
2016-11-10,244,161,,,
2016-11-11,239,150,,,
2016-11-12,206,128,,,
2016-11-13,189,128,,,
2016-11-14,217,144,,,
2016-11-15,161,78,,,
2016-11-16,122,56,,,
2016-11-17,111,67,,,
2016-11-18,172,67,,,
2016-11-19,128,94,,,
2016-11-20,133,89,,,
2016-11-21,133,67,,,
2016-11-22,139,67,,,
2016-11-23,128,56,,,
2016-11-24,117,50,,,
2016-11-25,117,67,,,
2016-11-26,83,61,,,
2016-11-27,111,50,,,
2016-11-28,94,56,,,
2016-11-29,106,56,,,
2016-11-30,117,50,,,
2016-12-01,117,56,,,
2016-12-02,111,56,,,
2016-12-03,144,67,,,
2016-12-04,161,78,,,
2016-12-05,100,56,,,
2016-12-06,89,33,,,
2016-12-07,56,17,,,
2016-12-08,117,33,,,
2016-12-09,128,106,,,
2016-12-10,128,83,,,
2016-12-11,100,56,,,
2016-12-12,111,50,,,
2016-12-13,122,78,,,
2016-12-14,128,100,,,
2016-12-15,122,61,,,
2016-12-16,78,28,,,
2016-12-17,67,17,,,
2016-12-18,50,0,,,
2016-12-19,83,17,,,
2016-12-20,117,50,,,
2016-12-21,117,83,,,
2016-12-22,150,78,,,
2016-12-23,100,22,,,
2016-12-24,61,11,,,
2016-12-25,56,0,,,
2016-12-26,61,0,,,
2016-12-27,122,44,,,
2016-12-28,106,56,,,
2016-12-29,150,67,,,
2016-12-30,150,39,,,
2016-12-31,83,22,,,
2017-01-01,72,28,,,
2017-01-02,44,17,,,
2017-01-03,94,44,,,
2017-01-04,100,50,,,
2017-01-05,56,0,,,
2017-01-06,56,-11,,,
2017-01-07,111,11,,,
2017-01-08,139,106,,,
2017-01-09,106,67,,,
2017-01-10,111,78,,,
2017-01-11,78,44,,,
2017-01-12,44,28,,,
2017-01-13,94,22,,,
2017-01-14,89,50,,,
2017-01-15,72,33,,,
2017-01-16,78,11,,,
2017-01-17,94,33,,,
2017-01-18,94,50,,,
2017-01-19,94,56,,,
2017-01-20,61,33,,,
2017-01-21,78,39,,,
2017-01-22,94,33,,,
2017-01-23,72,28,,,
2017-01-24,61,22,,,
2017-01-25,100,28,,,
2017-01-26,89,33,,,
2017-01-27,94,28,,,
2017-01-28,100,44,,,
2017-01-29,128,61,,,
2017-01-30,133,89,,,
2017-01-31,133,83,,,
2017-02-01,139,78,,,
2017-02-02,133,67,,,
2017-02-03,111,89,,,
2017-02-04,117,78,,,
2017-02-05,117,72,,,
2017-02-06,100,83,,,
2017-02-07,128,100,,,
2017-02-08,139,122,,,
2017-02-09,128,100,,,
2017-02-10,128,56,,,
2017-02-11,122,44,,,
2017-02-12,150,67,,,
2017-02-13,128,83,,,
2017-02-14,150,94,,,
2017-02-15,194,122,,,
2017-02-16,150,83,,,
2017-02-17,94,72,,,
2017-02-18,89,44,,,
2017-02-19,94,44,,,
2017-02-20,106,83,,,
2017-02-21,100,50,,,
2017-02-22,83,17,,,
2017-02-23,72,6,,,
2017-02-24,94,17,,,
2017-02-25,83,17,,,
2017-02-26,106,17,,,
2017-02-27,89,17,,,
2017-02-28,100,17,,,
2017-03-01,122,50,,,
2017-03-02,167,78,,,
2017-03-03,156,56,,,
2017-03-04,117,50,,,
2017-03-05,56,11,,,
2017-03-06,100,11,,,
2017-03-07,106,39,,,
2017-03-08,156,83,,,
2017-03-09,183,117,,,
2017-03-10,172,144,,,
2017-03-11,222,144,,,
2017-03-12,206,139,,,
2017-03-13,200,139,,,
2017-03-14,256,156,,,
2017-03-15,200,100,,,
2017-03-16,189,100,,,
2017-03-17,217,144,,,
2017-03-18,183,128,,,
2017-03-19,194,122,,,
2017-03-20,122,83,,,
2017-03-21,150,94,,,
2017-03-22,128,50,,,
2017-03-23,133,39,,,
2017-03-24,94,67,,,
2017-03-25,150,61,,,
2017-03-26,128,56,,,
2017-03-27,133,50,,,
2017-03-28,183,100,,,
2017-03-29,211,111,,,
2017-03-30,150,72,,,
2017-03-31,178,67,,,
2017-04-01,206,111,,,
2017-04-02,211,144,,,
2017-04-03,200,117,,,
2017-04-04,200,133,,,
2017-04-05,217,133,,,
2017-04-06,139,78,,,
2017-04-07,128,67,,,
2017-04-08,100,39,,,
2017-04-09,144,39,,,
2017-04-10,156,72,,,
2017-04-11,156,100,,,
2017-04-12,122,83,,,
2017-04-13,111,44,,,
2017-04-14,128,33,,,
2017-04-15,144,67,,,
2017-04-16,122,72,,,
2017-04-17,133,83,,,
2017-04-18,167,83,,,
2017-04-19,167,72,,,
2017-04-20,161,83,,,
2017-04-21,217,106,,,
2017-04-22,172,83,,,
2017-04-23,150,67,,,
2017-04-24,117,67,,,
2017-04-25,156,56,,,
2017-04-26,128,89,,,
2017-04-27,200,89,,,
2017-04-28,189,106,,,
2017-04-29,222,117,,,
2017-04-30,244,150,,,
2017-05-01,267,183,,,
2017-05-02,278,200,,,
2017-05-03,289,211,,,
2017-05-04,272,128,,,
2017-05-05,167,56,,,
2017-05-06,144,44,,,
2017-05-07,194,106,,,
2017-05-08,244,139,,,
2017-05-09,278,161,,,
2017-05-10,172,78,,,
2017-05-11,172,72,,,
2017-05-12,156,56,,,
2017-05-13,172,50,,,
2017-05-14,172,50,,,
2017-05-15,172,56,,,
2017-05-16,122,56,,,
2017-05-17,200,61,,,
2017-05-18,250,139,,,
2017-05-19,289,189,,,
2017-05-20,306,194,,,
2017-05-21,306,217,,,
2017-05-22,322,222,,,
2017-05-23,328,211,,,
2017-05-24,233,94,,,
2017-05-25,178,78,,,
2017-05-26,183,83,,,
2017-05-27,217,72,,,
2017-05-28,244,139,,,
2017-05-29,250,83,,,
2017-05-30,200,78,,,
2017-05-31,222,100,,,
2017-06-01,222,117,,,
2017-06-02,289,167,,,
2017-06-03,283,167,,,
2017-06-04,250,122,,,
2017-06-05,289,178,,,
2017-06-06,267,172,,,
2017-06-07,217,122,,,
2017-06-08,189,122,,,
2017-06-09,183,78,,,
2017-06-10,183,72,,,
2017-06-11,161,61,,,
2017-06-12,194,78,,,
2017-06-13,256,111,,,
2017-06-14,283,178,,,
2017-06-15,294,161,,,
2017-06-16,344,211,,,
2017-06-17,350,244,,,
2017-06-18,361,261,,,
2017-06-19,389,272,,,
2017-06-20,378,239,,,
2017-06-21,367,244,,,
2017-06-22,389,261,,,
2017-06-23,361,250,,,
2017-06-24,344,222,,,
2017-06-25,283,150,,,
2017-06-26,239,111,,,
2017-06-27,239,100,,,
2017-06-28,289,111,,,
2017-06-29,306,133,,,
2017-06-30,306,100,,,
2017-07-01,278,83,,,
2017-07-02,317,172,,,
2017-07-03,311,194,,,
2017-07-04,317,211,,,
2017-07-05,317,211,,,
2017-07-06,361,244,,,
2017-07-07,383,272,,,
2017-07-08,367,261,,,
2017-07-09,356,239,,,
2017-07-10,333,217,,,
2017-07-11,289,189,,,
2017-07-12,311,200,,,
2017-07-13,311,206,,,
2017-07-14,322,217,,,
2017-07-15,350,244,,,
2017-07-16,372,267,,,
2017-07-17,344,200,,,
2017-07-18,278,178,,,
2017-07-19,306,167,,,
2017-07-20,283,161,,,
2017-07-21,317,172,,,
2017-07-22,339,244,,,
2017-07-23,356,228,,,
2017-07-24,294,189,,,
2017-07-25,306,183,,,
2017-07-26,328,206,,,
2017-07-27,350,233,,,
2017-07-28,339,228,,,
2017-07-29,322,217,,,
2017-07-30,339,244,,,
2017-07-31,356,239,,,
2017-08-01,394,278,,,
2017-08-02,372,283,,,
2017-08-03,367,250,,,
2017-08-04,294,222,,,
2017-08-05,317,194,,,
2017-08-06,289,172,,,
2017-08-07,289,128,,,
2017-08-08,311,183,,,
2017-08-09,278,128,,,
2017-08-10,311,122,,,
2017-08-11,339,222,,,
2017-08-12,311,217,,,
2017-08-13,289,133,,,
2017-08-14,189,106,,,
2017-08-15,211,106,,,
2017-08-16,294,106,,,
2017-08-17,317,194,,,
2017-08-18,339,194,,,
2017-08-19,306,178,,,
2017-08-20,289,172,,,
2017-08-21,267,161,,,
2017-08-22,328,217,,,
2017-08-23,333,189,,,
2017-08-24,278,178,,,
2017-08-25,339,200,,,
2017-08-26,356,278,,,
2017-08-27,367,289,,,
2017-08-28,372,294,,,
2017-08-29,344,267,,,
2017-08-30,344,250,,,
2017-08-31,328,228,,,
2017-09-01,383,278,,,
2017-09-02,400,311,,,
2017-09-03,394,272,,,
2017-09-04,322,206,,,
2017-09-05,311,189,,,
2017-09-06,300,150,,,
2017-09-07,228,144,,,
2017-09-08,278,161,,,
2017-09-09,294,178,,,
2017-09-10,333,222,,,
2017-09-11,350,217,,,
2017-09-12,294,150,,,
2017-09-13,206,133,,,
2017-09-14,200,111,,,
2017-09-15,233,100,,,
2017-09-16,272,167,,,
2017-09-17,267,139,,,
2017-09-18,206,100,,,
2017-09-19,222,111,,,
2017-09-20,189,100,,,
2017-09-21,178,83,,,
2017-09-22,183,83,,,
2017-09-23,222,128,,,
2017-09-24,222,150,,,
2017-09-25,250,172,,,
2017-09-26,267,189,,,
2017-09-27,283,200,,,
2017-09-28,306,194,,,
2017-09-29,250,122,,,
2017-09-30,239,111,,,
2017-10-01,244,161,,,
2017-10-02,222,128,,,
2017-10-03,206,106,,,
2017-10-04,217,144,,,
2017-10-05,233,161,,,
2017-10-06,267,178,,,
2017-10-07,289,183,,,
2017-10-08,228,156,,,
2017-10-09,222,133,,,
2017-10-10,244,144,,,
2017-10-11,183,128,,,
2017-10-12,194,100,,,
2017-10-13,206,122,,,
2017-10-14,183,111,,,
2017-10-15,228,150,,,
2017-10-16,272,178,,,
2017-10-17,261,183,,,
2017-10-18,256,128,,,
2017-10-19,156,89,,,
2017-10-20,133,72,,,
2017-10-21,183,89,,,
2017-10-22,211,122,,,
2017-10-23,250,156,,,
2017-10-24,272,200,,,
2017-10-25,272,211,,,
2017-10-26,272,206,,,
2017-10-27,289,211,,,
2017-10-28,256,200,,,
2017-10-29,250,161,,,
2017-10-30,139,78,,,
2017-10-31,172,72,,,
2017-11-01,194,100,,,
2017-11-02,150,94,,,
2017-11-03,144,94,,,
2017-11-04,111,44,,,
2017-11-05,133,44,,,
2017-11-06,133,67,,,
2017-11-07,133,67,,,
2017-11-08,144,106,,,
2017-11-09,144,100,,,
2017-11-10,167,94,,,
2017-11-11,150,83,,,
2017-11-12,167,72,,,
2017-11-13,172,100,,,
2017-11-14,161,89,,,
2017-11-15,156,89,,,
2017-11-16,122,89,,,
2017-11-17,117,61,,,
2017-11-18,133,61,,,
2017-11-19,128,78,,,
2017-11-20,172,111,,,
2017-11-21,189,94,,,
2017-11-22,206,139,,,
2017-11-23,200,156,,,
2017-11-24,206,144,,,
2017-11-25,217,122,,,
2017-11-26,167,89,,,
2017-11-27,111,50,,,
2017-11-28,128,61,,,
2017-11-29,128,72,,,
2017-11-30,167,83,,,
2017-12-01,144,78,,,
2017-12-02,150,78,,,
2017-12-03,100,50,,,
2017-12-04,111,44,,,
2017-12-05,128,72,,,
2017-12-06,122,56,,,
2017-12-07,172,106,,,
2017-12-08,150,111,,,
2017-12-09,167,117,,,
2017-12-10,167,111,,,
2017-12-11,161,122,,,
2017-12-12,156,111,,,
2017-12-13,161,100,,,
2017-12-14,178,106,,,
2017-12-15,156,94,,,
2017-12-16,128,83,,,
2017-12-17,111,50,,,
2017-12-18,117,67,,,
2017-12-19,156,67,,,
2017-12-20,83,28,,,
2017-12-21,78,28,,,
2017-12-22,78,33,,,
2017-12-23,100,28,,,
2017-12-24,128,72,,,
2017-12-25,139,67,,,
2017-12-26,156,89,,,
2017-12-27,150,89,,,
2017-12-28,144,78,,,
2017-12-29,222,83,,,
2017-12-30,178,89,,,
2017-12-31,167,94,,,
2018-01-01,144,83,,,
2018-01-02,139,122,,,
2018-01-03,167,111,,,
2018-01-04,167,72,,,
2018-01-05,144,94,,,
2018-01-06,139,67,,,
2018-01-07,128,56,,,
2018-01-08,117,83,,,
2018-01-09,128,61,,,
2018-01-10,106,50,,,
2018-01-11,139,72,,,
2018-01-12,122,89,,,
2018-01-13,117,50,,,
2018-01-14,200,67,,,
2018-01-15,200,117,,,
2018-01-16,144,89,,,
2018-01-17,161,94,,,
2018-01-18,144,67,,,
2018-01-19,100,44,,,
2018-01-20,106,39,,,
2018-01-21,100,56,,,
2018-01-22,94,44,,,
2018-01-23,106,44,,,
2018-01-24,111,44,,,
2018-01-25,94,33,,,
2018-01-26,94,39,,,
2018-01-27,133,44,,,
2018-01-28,156,61,,,
2018-01-29,144,100,,,
2018-01-30,200,122,,,
2018-01-31,167,117,,,
2018-02-01,206,128,,,
2018-02-02,189,144,,,
2018-02-03,200,128,,,
2018-02-04,194,144,,,
2018-02-05,228,156,,,
2018-02-06,189,122,,,
2018-02-07,161,128,,,
2018-02-08,217,161,,,
2018-02-09,233,150,,,
2018-02-10,178,106,,,
2018-02-11,128,44,,,
2018-02-12,106,22,,,
2018-02-13,122,33,,,
2018-02-14,144,44,,,
2018-02-15,128,33,,,
2018-02-16,156,94,,,
2018-02-17,167,89,,,
2018-02-18,100,11,,,
2018-02-19,67,-6,,,
2018-02-20,89,6,,,
2018-02-21,78,11,,,
2018-02-22,83,6,,,
2018-02-23,72,0,,,
2018-02-24,100,22,,,
2018-02-25,144,33,,,
2018-02-26,72,11,,,
2018-02-27,89,6,,,
2018-02-28,89,39,,,
2018-03-01,89,33,,,
2018-03-02,78,17,,,
2018-03-03,72,17,,,
2018-03-04,78,17,,,
2018-03-05,94,22,,,
2018-03-06,128,67,,,
2018-03-07,189,106,,,
2018-03-08,172,83,,,
2018-03-09,150,83,,,
2018-03-10,122,94,,,
2018-03-11,150,89,,,
2018-03-12,183,117,,,
2018-03-13,122,56,,,
2018-03-14,89,33,,,
2018-03-15,72,22,,,
2018-03-16,83,28,,,
2018-03-17,89,28,,,
2018-03-18,89,39,,,
2018-03-19,128,44,,,
2018-03-20,106,67,,,
2018-03-21,150,106,,,
2018-03-22,117,28,,,
2018-03-23,122,22,,,
2018-03-24,89,22,,,
2018-03-25,106,22,,,
2018-03-26,139,50,,,
2018-03-27,189,94,,,
2018-03-28,217,133,,,
2018-03-29,244,150,,,
2018-03-30,250,183,,,
2018-03-31,239,156,,,
2018-04-01,217,117,,,
2018-04-02,200,94,,,
2018-04-03,211,128,,,
2018-04-04,194,94,,,
2018-04-05,150,89,,,
2018-04-06,133,100,,,
2018-04-07,150,72,,,
2018-04-08,161,61,,,
2018-04-09,189,106,,,
2018-04-10,167,72,,,
2018-04-11,133,39,,,
2018-04-12,117,33,,,
2018-04-13,178,56,,,
2018-04-14,217,122,,,
2018-04-15,139,50,,,
2018-04-16,78,28,,,
2018-04-17,117,28,,,
2018-04-18,128,44,,,
2018-04-19,161,50,,,
2018-04-20,217,128,,,
2018-04-21,233,150,,,
2018-04-22,233,178,,,
2018-04-23,233,161,,,
2018-04-24,239,156,,,
2018-04-25,228,111,,,
2018-04-26,172,61,,,
2018-04-27,150,67,,,
2018-04-28,144,67,,,
2018-04-29,144,61,,,
2018-04-30,139,61,,,
2018-05-01,189,61,,,
2018-05-02,200,67,,,
2018-05-03,206,78,,,
2018-05-04,261,156,,,
2018-05-05,244,78,,,
2018-05-06,183,56,,,
2018-05-07,250,122,,,
2018-05-08,233,139,,,
2018-05-09,189,89,,,
2018-05-10,217,89,,,
2018-05-11,228,139,,,
2018-05-12,228,117,,,
2018-05-13,189,83,,,
2018-05-14,167,67,,,
2018-05-15,156,67,,,
2018-05-16,167,72,,,
2018-05-17,217,72,,,
2018-05-18,222,78,,,
2018-05-19,156,72,,,
2018-05-20,133,67,,,
2018-05-21,222,72,,,
2018-05-22,156,78,,,
2018-05-23,144,78,,,
2018-05-24,150,72,,,
2018-05-25,144,72,,,
2018-05-26,200,83,,,
2018-05-27,261,133,,,
2018-05-28,311,217,,,
2018-05-29,322,122,,,
2018-05-30,139,61,,,
2018-05-31,133,61,,,
2018-06-01,256,111,,,
2018-06-02,317,200,,,
2018-06-03,344,244,,,
2018-06-04,267,100,,,
2018-06-05,222,111,,,
2018-06-06,156,78,,,
2018-06-07,194,78,,,
2018-06-08,267,122,,,
2018-06-09,183,106,,,
2018-06-10,222,106,,,
2018-06-11,283,144,,,
2018-06-12,339,222,,,
2018-06-13,333,183,,,
2018-06-14,278,133,,,
2018-06-15,211,111,,,
2018-06-16,222,78,,,
2018-06-17,228,78,,,
2018-06-18,267,133,,,
2018-06-19,300,161,,,
2018-06-20,272,161,,,
2018-06-21,306,183,,,
2018-06-22,356,244,,,
2018-06-23,356,244,,,
2018-06-24,311,122,,,
2018-06-25,261,111,,,
2018-06-26,300,167,,,
2018-06-27,239,117,,,
2018-06-28,244,111,,,
2018-06-29,317,189,,,
2018-06-30,339,239,,,
2018-07-01,322,189,,,
2018-07-02,294,183,,,
2018-07-03,261,144,,,
2018-07-04,222,128,,,
2018-07-05,300,144,,,
2018-07-06,333,217,,,
2018-07-07,328,228,,,
2018-07-08,311,222,,,
2018-07-09,344,211,,,
2018-07-10,328,189,,,
2018-07-11,333,183,,,
2018-07-12,328,233,,,
2018-07-13,344,217,,,
2018-07-14,344,222,,,
2018-07-15,317,211,,,
2018-07-16,356,244,,,
2018-07-17,350,250,,,
2018-07-18,372,256,,,
2018-07-19,356,233,,,
2018-07-20,317,222,,,
2018-07-21,306,194,,,
2018-07-22,322,194,,,
2018-07-23,339,217,,,
2018-07-24,361,244,,,
2018-07-25,367,283,,,
2018-07-26,372,278,,,
2018-07-27,344,267,,,
2018-07-28,350,267,,,
2018-07-29,344,267,,,
2018-07-30,350,267,,,
2018-07-31,344,261,,,
2018-08-01,328,244,,,
2018-08-02,317,211,,,
2018-08-03,328,206,,,
2018-08-04,328,217,,,
2018-08-05,306,178,,,
2018-08-06,339,228,,,
2018-08-07,322,222,,,
2018-08-08,339,211,,,
2018-08-09,361,228,,,
2018-08-10,356,261,,,
2018-08-11,322,228,,,
2018-08-12,328,211,,,
2018-08-13,283,167,,,
2018-08-14,244,122,,,
2018-08-15,239,111,,,
2018-08-16,328,161,,,
2018-08-17,344,239,,,
2018-08-18,361,244,,,
2018-08-19,339,222,,,
2018-08-20,289,144,,,
2018-08-21,211,100,,,
2018-08-22,256,117,,,
2018-08-23,239,106,,,
2018-08-24,267,94,,,
2018-08-25,289,172,,,
2018-08-26,261,150,,,
2018-08-27,239,111,,,
2018-08-28,206,106,,,
2018-08-29,233,111,,,
2018-08-30,217,111,,,
2018-08-31,278,117,,,
2018-09-01,300,183,,,
2018-09-02,333,206,,,
2018-09-03,311,222,,,
2018-09-04,328,228,,,
2018-09-05,300,178,,,
2018-09-06,317,200,,,
2018-09-07,339,233,,,
2018-09-08,322,200,,,
2018-09-09,311,211,,,
2018-09-10,294,206,,,
2018-09-11,294,150,,,
2018-09-12,206,100,,,
2018-09-13,206,94,,,
2018-09-14,244,111,,,
2018-09-15,194,89,,,
2018-09-16,233,100,,,
2018-09-17,228,89,,,
2018-09-18,256,89,,,
2018-09-19,272,172,,,
2018-09-20,283,194,,,
2018-09-21,317,206,,,
2018-09-22,306,183,,,
2018-09-23,294,189,,,
2018-09-24,278,178,,,
2018-09-25,294,211,,,
2018-09-26,306,239,,,
2018-09-27,322,239,,,
2018-09-28,261,100,,,
2018-09-29,200,100,,,
2018-09-30,200,117,,,
2018-10-01,222,133,,,
2018-10-02,228,144,,,
2018-10-03,233,139,,,
2018-10-04,183,111,,,
2018-10-05,217,122,,,
2018-10-06,211,133,,,
2018-10-07,228,139,,,
2018-10-08,222,156,,,
2018-10-09,250,122,,,
2018-10-10,206,100,,,
2018-10-11,194,94,,,
2018-10-12,239,144,,,
2018-10-13,261,189,,,
2018-10-14,222,139,,,
2018-10-15,222,128,,,
2018-10-16,239,161,,,
2018-10-17,217,144,,,
2018-10-18,222,156,,,
2018-10-19,256,178,,,
2018-10-20,250,183,,,
2018-10-21,250,172,,,
2018-10-22,233,144,,,
2018-10-23,211,83,,,
2018-10-24,222,139,,,
2018-10-25,233,150,,,
2018-10-26,233,178,,,
2018-10-27,250,161,,,
2018-10-28,211,117,,,
2018-10-29,178,117,,,
2018-10-30,206,122,,,
2018-10-31,194,144,,,
2018-11-01,228,156,,,
2018-11-02,261,183,,,
2018-11-03,244,183,,,
2018-11-04,267,167,,,
2018-11-05,222,156,,,
2018-11-06,211,133,,,
2018-11-07,200,122,,,
2018-11-08,161,100,,,
2018-11-09,183,106,,,
2018-11-10,144,100,,,
2018-11-11,139,100,,,
2018-11-12,167,106,,,
2018-11-13,150,111,,,
2018-11-14,167,117,,,
2018-11-15,172,122,,,
2018-11-16,167,106,,,
2018-11-17,178,111,,,
2018-11-18,178,106,,,
2018-11-19,167,106,,,
2018-11-20,178,111,,,
2018-11-21,133,94,,,
2018-11-22,133,89,,,
2018-11-23,122,106,,,
2018-11-24,128,100,,,
2018-11-25,144,94,,,
2018-11-26,144,106,,,
2018-11-27,117,100,,,
2018-11-28,133,94,,,
2018-11-29,100,72,,,
2018-11-30,122,50,,,
2018-12-01,94,50,,,
2018-12-02,89,44,,,
2018-12-03,83,39,,,
2018-12-04,83,50,,,
2018-12-05,83,56,,,
2018-12-06,106,56,,,
2018-12-07,128,78,,,
2018-12-08,106,67,,,
2018-12-09,111,56,,,
2018-12-10,100,56,,,
2018-12-11,133,72,,,
2018-12-12,117,50,,,
2018-12-13,139,72,,,
2018-12-14,139,89,,,
2018-12-15,139,83,,,
2018-12-16,122,100,,,
2018-12-17,128,67,,,
2018-12-18,144,78,,,
2018-12-19,117,83,,,
2018-12-20,144,78,,,
2018-12-21,128,67,,,
2018-12-22,111,67,,,
2018-12-23,122,67,,,
2018-12-24,106,67,,,
2018-12-25,117,44,,,
2018-12-26,133,67,,,
2018-12-27,100,50,,,
2018-12-28,89,33,,,
2018-12-29,117,56,,,
2018-12-30,128,50,,,
2018-12-31,78,22,,,
2019-01-01,78,17,,,
2019-01-02,94,39,,,
2019-01-03,78,33,,,
2019-01-04,128,44,,,
2019-01-05,100,56,,,
2019-01-06,100,44,,,
2019-01-07,122,56,,,
2019-01-08,117,94,,,
2019-01-09,117,78,,,
2019-01-10,111,67,,,
2019-01-11,106,61,,,
2019-01-12,111,67,,,
2019-01-13,106,72,,,
2019-01-14,89,56,,,
2019-01-15,89,56,,,
2019-01-16,117,83,,,
2019-01-17,94,78,,,
2019-01-18,133,78,,,
2019-01-19,172,89,,,
2019-01-20,117,39,,,
2019-01-21,100,39,,,
2019-01-22,106,44,,,
2019-01-23,128,72,,,
2019-01-24,122,83,,,
2019-01-25,139,72,,,
2019-01-26,133,111,,,
2019-01-27,172,100,,,
2019-01-28,161,128,,,
2019-01-29,156,111,,,
2019-01-30,172,94,,,
2019-01-31,150,89,,,
2019-02-01,106,78,,,
2019-02-02,100,56,,,
2019-02-03,83,50,,,
2019-02-04,56,0,,,
2019-02-05,50,-11,,,
2019-02-06,72,6,,,
2019-02-07,61,17,,,
2019-02-08,72,33,,,
2019-02-09,67,22,,,
2019-02-10,61,0,,,
2019-02-11,83,17,,,
2019-02-12,83,33,,,
2019-02-13,128,39,,,
2019-02-14,139,50,,,
2019-02-15,61,22,,,
2019-02-16,67,17,,,
2019-02-17,78,17,,,
2019-02-18,78,17,,,
2019-02-19,89,17,,,
2019-02-20,94,22,,,
2019-02-21,83,6,,,
2019-02-22,89,6,,,
2019-02-23,106,39,,,
2019-02-24,117,44,,,
2019-02-25,89,50,,,
2019-02-26,94,72,,,
2019-02-27,122,56,,,
2019-02-28,117,44,,,
2019-03-01,106,56,,,
2019-03-02,111,67,,,
2019-03-03,111,56,,,
2019-03-04,94,44,,,
2019-03-05,106,67,,,
2019-03-06,106,61,,,
2019-03-07,83,28,,,
2019-03-08,78,17,,,
2019-03-09,78,22,,,
2019-03-10,89,33,,,
2019-03-11,144,56,,,
2019-03-12,128,61,,,
2019-03-13,122,44,,,
2019-03-14,128,61,,,
2019-03-15,144,78,,,
2019-03-16,178,94,,,
2019-03-17,167,106,,,
2019-03-18,206,122,,,
2019-03-19,178,83,,,
2019-03-20,122,56,,,
2019-03-21,139,56,,,
2019-03-22,111,67,,,
2019-03-23,133,61,,,
2019-03-24,117,61,,,
2019-03-25,133,83,,,
2019-03-26,150,61,,,
2019-03-27,111,61,,,
2019-03-28,133,61,,,
2019-03-29,139,56,,,
2019-03-30,167,78,,,
2019-03-31,189,117,,,
2019-04-01,183,100,,,
2019-04-02,122,78,,,
2019-04-03,139,78,,,
2019-04-04,133,78,,,
2019-04-05,122,72,,,
2019-04-06,178,83,,,
2019-04-07,206,106,,,
2019-04-08,183,89,,,
2019-04-09,150,72,,,
2019-04-10,172,83,,,
2019-04-11,144,83,,,
2019-04-12,189,78,,,
2019-04-13,222,117,,,
2019-04-14,156,78,,,
2019-04-15,111,56,,,
2019-04-16,144,61,,,
2019-04-17,206,106,,,
2019-04-18,222,150,,,
2019-04-19,250,83,,,
2019-04-20,117,61,,,
2019-04-21,194,67,,,
2019-04-22,250,139,,,
2019-04-23,256,183,,,
2019-04-24,294,200,,,
2019-04-25,267,167,,,
2019-04-26,267,178,,,
2019-04-27,183,111,,,
2019-04-28,222,111,,,
2019-04-29,189,72,,,
2019-04-30,172,72,,,
2019-05-01,206,106,,,
2019-05-02,233,122,,,
2019-05-03,239,128,,,
2019-05-04,233,100,,,
2019-05-05,139,56,,,
2019-05-06,144,67,,,
2019-05-07,194,72,,,
2019-05-08,233,78,,,
2019-05-09,167,89,,,
2019-05-10,244,94,,,
2019-05-11,233,111,,,
2019-05-12,222,128,,,
2019-05-13,233,117,,,
2019-05-14,167,78,,,
2019-05-15,144,78,,,
2019-05-16,94,61,,,
2019-05-17,150,61,,,
2019-05-18,122,61,,,
2019-05-19,106,50,,,
2019-05-20,144,50,,,
2019-05-21,117,67,,,
2019-05-22,194,67,,,
2019-05-23,206,111,,,
2019-05-24,206,89,,,
2019-05-25,183,72,,,
2019-05-26,122,56,,,
2019-05-27,150,67,,,
2019-05-28,217,78,,,
2019-05-29,244,106,,,
2019-05-30,200,83,,,
2019-05-31,267,150,,,
2019-06-01,278,172,,,
2019-06-02,228,144,,,
2019-06-03,294,156,,,
2019-06-04,317,200,,,
2019-06-05,322,183,,,
2019-06-06,189,72,,,
2019-06-07,217,67,,,
2019-06-08,250,144,,,
2019-06-09,283,178,,,
2019-06-10,333,233,,,
2019-06-11,339,267,,,
2019-06-12,350,194,,,
2019-06-13,272,144,,,
2019-06-14,278,100,,,
2019-06-15,211,117,,,
2019-06-16,283,106,,,
2019-06-17,311,183,,,
2019-06-18,339,222,,,
2019-06-19,317,167,,,
2019-06-20,250,117,,,
2019-06-21,272,167,,,
2019-06-22,300,189,,,
2019-06-23,317,222,,,
2019-06-24,311,189,,,
2019-06-25,261,156,,,
2019-06-26,178,100,,,
2019-06-27,222,89,,,
2019-06-28,256,133,,,
2019-06-29,272,144,,,
2019-06-30,261,144,,,
2019-07-01,244,161,,,
2019-07-02,228,144,,,
2019-07-03,261,111,,,
2019-07-04,294,139,,,
2019-07-05,311,189,,,
2019-07-06,300,150,,,
2019-07-07,228,94,,,
2019-07-08,178,94,,,
2019-07-09,250,106,,,
2019-07-10,272,128,,,
2019-07-11,294,194,,,
2019-07-12,328,217,,,
2019-07-13,333,228,,,
2019-07-14,283,206,,,
2019-07-15,294,189,,,
2019-07-16,278,117,,,
2019-07-17,300,139,,,
2019-07-18,256,156,,,
2019-07-19,272,161,,,
2019-07-20,261,144,,,
2019-07-21,311,200,,,
2019-07-22,333,200,,,
2019-07-23,306,206,,,
2019-07-24,356,250,,,
2019-07-25,344,244,,,
2019-07-26,322,211,,,
2019-07-27,344,244,,,
2019-07-28,367,228,,,
2019-07-29,256,133,,,
2019-07-30,267,106,,,
2019-07-31,306,178,,,
2019-08-01,244,139,,,
2019-08-02,311,194,,,
2019-08-03,339,211,,,
2019-08-04,311,194,,,
2019-08-05,328,200,,,
2019-08-06,328,189,,,
2019-08-07,278,122,,,
2019-08-08,206,106,,,
2019-08-09,250,117,,,
2019-08-10,233,139,,,
2019-08-11,272,156,,,
2019-08-12,306,217,,,
2019-08-13,322,222,,,
2019-08-14,361,256,,,
2019-08-15,367,267,,,
2019-08-16,356,228,,,
2019-08-17,261,172,,,
2019-08-18,272,150,,,
2019-08-19,228,117,,,
2019-08-20,239,111,,,
2019-08-21,306,200,,,
2019-08-22,322,189,,,
2019-08-23,317,206,,,
2019-08-24,328,217,,,
2019-08-25,339,239,,,
2019-08-26,350,239,,,
2019-08-27,344,228,,,
2019-08-28,283,178,,,
2019-08-29,239,133,,,
2019-08-30,294,144,,,
2019-08-31,322,228,,,
2019-09-01,328,239,,,
2019-09-02,317,183,,,
2019-09-03,311,189,,,
2019-09-04,328,233,,,
2019-09-05,294,167,,,
2019-09-06,289,156,,,
2019-09-07,167,111,,,
2019-09-08,239,117,,,
2019-09-09,228,111,,,
2019-09-10,217,106,,,
2019-09-11,256,172,,,
2019-09-12,283,206,,,
2019-09-13,311,239,,,
2019-09-14,339,206,,,
2019-09-15,222,139,,,
2019-09-16,183,122,,,
2019-09-17,233,122,,,
2019-09-18,200,122,,,
2019-09-19,200,117,,,
2019-09-20,239,156,,,
2019-09-21,256,172,,,
2019-09-22,278,178,,,
2019-09-23,261,161,,,
2019-09-24,306,211,,,
2019-09-25,300,233,,,
2019-09-26,267,144,,,
2019-09-27,189,94,,,
2019-09-28,167,78,,,
2019-09-29,167,72,,,
2019-09-30,172,67,,,
2019-10-01,172,83,,,
2019-10-02,194,128,,,
2019-10-03,200,94,,,
2019-10-04,194,89,,,
2019-10-05,222,139,,,
2019-10-06,233,161,,,
2019-10-07,261,194,,,
2019-10-08,289,183,,,
2019-10-09,189,133,,,
2019-10-10,189,100,,,
2019-10-11,206,139,,,
2019-10-12,206,150,,,
2019-10-13,228,144,,,
2019-10-14,222,150,,,
2019-10-15,217,161,,,
2019-10-16,233,106,,,
2019-10-17,183,100,,,
2019-10-18,178,89,,,
2019-10-19,178,111,,,
2019-10-20,217,117,,,
2019-10-21,244,156,,,
2019-10-22,250,178,,,
2019-10-23,239,178,,,
2019-10-24,250,178,,,
2019-10-25,289,211,,,
2019-10-26,244,150,,,
2019-10-27,156,83,,,
2019-10-28,172,83,,,
2019-10-29,156,89,,,
2019-10-30,139,56,,,
2019-10-31,172,106,,,
2019-11-01,172,122,,,
2019-11-02,211,122,,,
2019-11-03,228,172,,,
2019-11-04,233,156,,,
2019-11-05,211,161,,,
2019-11-06,217,161,,,
2019-11-07,222,156,,,
2019-11-08,239,156,,,
2019-11-09,233,172,,,
2019-11-10,239,161,,,
2019-11-11,222,167,,,
2019-11-12,217,172,,,
2019-11-13,206,156,,,
2019-11-14,156,89,,,
2019-11-15,178,89,,,
2019-11-16,200,128,,,
2019-11-17,194,128,,,
2019-11-18,217,144,,,
2019-11-19,167,83,,,
2019-11-20,161,94,,,
2019-11-21,150,78,,,
2019-11-22,144,89,,,
2019-11-23,161,100,,,
2019-11-24,189,133,,,
2019-11-25,133,78,,,
2019-11-26,89,28,,,
2019-11-27,39,11,,,
2019-11-28,28,11,,,
2019-11-29,78,17,,,
2019-11-30,56,28,,,
2019-12-01,94,61,,,
2019-12-02,100,78,,,
2019-12-03,117,83,,,
2019-12-04,111,72,,,
2019-12-05,117,72,,,
2019-12-06,139,89,,,
2019-12-07,139,100,,,
2019-12-08,117,83,,,
2019-12-09,122,67,,,
2019-12-10,89,67,,,
2019-12-11,122,78,,,
2019-12-12,139,117,,,
2019-12-13,128,89,,,
2019-12-14,100,44,,,
2019-12-15,111,39,,,
2019-12-16,83,33,,,
2019-12-17,111,44,,,
2019-12-18,94,61,,,
2019-12-19,128,72,,,
2019-12-20,156,78,,,
2019-12-21,128,100,,,
2019-12-22,111,44,,,
2019-12-23,83,39,,,
2019-12-24,67,33,,,
2019-12-25,67,28,,,
2019-12-26,94,22,,,
2019-12-27,106,61,,,
2019-12-28,122,61,,,
2019-12-29,100,44,,,
2019-12-30,117,39,,,
2019-12-31,144,78,,,
2020-01-01,161,94,,,
2020-01-02,150,94,,,
2020-01-03,144,83,,,
2020-01-04,117,61,,,
2020-01-05,133,56,,,
2020-01-06,111,61,,,
2020-01-07,144,56,,,
2020-01-08,106,50,,,
2020-01-09,72,44,,,
2020-01-10,117,44,,,
2020-01-11,106,50,,,
2020-01-12,83,28,,,
2020-01-13,83,39,,,
2020-01-14,89,39,,,
2020-01-15,78,28,,,
2020-01-16,72,11,,,
2020-01-17,83,22,,,
2020-01-18,78,33,,,
2020-01-19,117,56,,,
2020-01-20,128,67,,,
2020-01-21,111,61,,,
2020-01-22,128,78,,,
2020-01-23,128,72,,,
2020-01-24,167,100,,,
2020-01-25,156,94,,,
2020-01-26,122,78,,,
2020-01-27,122,67,,,
2020-01-28,117,67,,,
2020-01-29,167,72,,,
2020-01-30,150,106,,,
2020-01-31,161,111,,,
2020-02-01,172,100,,,
2020-02-02,128,28,,,
2020-02-03,78,22,,,
2020-02-04,78,11,,,
2020-02-05,161,56,,,
2020-02-06,150,83,,,
2020-02-07,189,106,,,
2020-02-08,144,72,,,
2020-02-09,106,39,,,
2020-02-10,172,83,,,
2020-02-11,178,111,,,
2020-02-12,161,122,,,
2020-02-13,150,67,,,
2020-02-14,144,50,,,
2020-02-15,161,100,,,
2020-02-16,167,100,,,
2020-02-17,172,106,,,
2020-02-18,150,78,,,
2020-02-19,139,89,,,
2020-02-20,144,94,,,
2020-02-21,172,106,,,
2020-02-22,161,61,,,
2020-02-23,133,50,,,
2020-02-24,183,83,,,
2020-02-25,183,117,,,
2020-02-26,194,128,,,
2020-02-27,194,111,,,
2020-02-28,222,139,,,
2020-02-29,144,39,,,
2020-03-01,94,39,,,
2020-03-02,167,67,,,
2020-03-03,200,111,,,
2020-03-04,206,139,,,
2020-03-05,194,78,,,
2020-03-06,144,61,,,
2020-03-07,78,44,,,
2020-03-08,100,44,,,
2020-03-09,133,61,,,
2020-03-10,167,83,,,
2020-03-11,183,117,,,
2020-03-12,211,122,,,
2020-03-13,161,61,,,
2020-03-14,67,44,,,
2020-03-15,61,28,,,
2020-03-16,44,0,,,
2020-03-17,94,22,,,
2020-03-18,89,33,,,
2020-03-19,100,39,,,
2020-03-20,128,50,,,
2020-03-21,133,78,,,
2020-03-22,144,83,,,
2020-03-23,94,56,,,
2020-03-24,94,39,,,
2020-03-25,100,28,,,
2020-03-26,100,17,,,
2020-03-27,106,33,,,
2020-03-28,106,56,,,
2020-03-29,150,61,,,
2020-03-30,150,61,,,
2020-03-31,178,72,,,
2020-04-01,144,39,,,
2020-04-02,161,61,,,
2020-04-03,156,44,,,
2020-04-04,89,39,,,
2020-04-05,78,39,,,
2020-04-06,61,33,,,
2020-04-07,133,44,,,
2020-04-08,161,72,,,
2020-04-09,111,72,,,
2020-04-10,150,72,,,
2020-04-11,167,67,,,
2020-04-12,178,72,,,
2020-04-13,194,61,,,
2020-04-14,211,122,,,
2020-04-15,239,144,,,
2020-04-16,194,78,,,
2020-04-17,133,67,,,
2020-04-18,156,67,,,
2020-04-19,167,67,,,
2020-04-20,144,67,,,
2020-04-21,183,67,,,
2020-04-22,222,122,,,
2020-04-23,244,150,,,
2020-04-24,272,189,,,
2020-04-25,272,172,,,
2020-04-26,228,144,,,
2020-04-27,239,128,,,
2020-04-28,283,178,,,
2020-04-29,194,122,,,
2020-04-30,217,106,,,
2020-05-01,222,94,,,
2020-05-02,178,94,,,
2020-05-03,194,83,,,
2020-05-04,244,122,,,
2020-05-05,233,83,,,
2020-05-06,250,83,,,
2020-05-07,289,172,,,
2020-05-08,306,206,,,
2020-05-09,283,172,,,
2020-05-10,228,117,,,
2020-05-11,211,100,,,
2020-05-12,156,78,,,
2020-05-13,183,72,,,
2020-05-14,183,89,,,
2020-05-15,217,94,,,
2020-05-16,211,117,,,
2020-05-17,189,106,,,
2020-05-18,161,83,,,
2020-05-19,172,83,,,
2020-05-20,211,78,,,
2020-05-21,256,128,,,
2020-05-22,222,72,,,
2020-05-23,256,139,,,
2020-05-24,294,178,,,
2020-05-25,333,228,,,
2020-05-26,344,256,,,
2020-05-27,356,228,,,
2020-05-28,356,211,,,
2020-05-29,261,117,,,
2020-05-30,194,117,,,
2020-05-31,206,117,,,
2020-06-01,267,122,,,
2020-06-02,317,200,,,
2020-06-03,356,233,,,
2020-06-04,361,161,,,
2020-06-05,161,83,,,
2020-06-06,178,78,,,
2020-06-07,167,78,,,
2020-06-08,244,106,,,
2020-06-09,300,178,,,
2020-06-10,322,206,,,
2020-06-11,306,156,,,
2020-06-12,183,89,,,
2020-06-13,189,83,,,
2020-06-14,250,106,,,
2020-06-15,222,100,,,
2020-06-16,217,89,,,
2020-06-17,272,150,,,
2020-06-18,306,211,,,
2020-06-19,317,194,,,
2020-06-20,283,194,,,
2020-06-21,294,178,,,
2020-06-22,333,194,,,
2020-06-23,333,217,,,
2020-06-24,333,206,,,
2020-06-25,344,200,,,
2020-06-26,356,233,,,
2020-06-27,283,106,,,
2020-06-28,189,89,,,
2020-06-29,267,161,,,
2020-06-30,311,189,,,
2020-07-01,294,167,,,
2020-07-02,261,150,,,
2020-07-03,278,156,,,
2020-07-04,328,211,,,
2020-07-05,322,200,,,
2020-07-06,244,89,,,
2020-07-07,294,89,,,
2020-07-08,328,178,,,
2020-07-09,328,178,,,
2020-07-10,339,228,,,
2020-07-11,367,261,,,
2020-07-12,372,244,,,
2020-07-13,272,167,,,
2020-07-14,289,167,,,
2020-07-15,322,189,,,
2020-07-16,300,189,,,
2020-07-17,294,194,,,
2020-07-18,333,206,,,
2020-07-19,311,183,,,
2020-07-20,278,172,,,
2020-07-21,294,167,,,
2020-07-22,261,144,,,
2020-07-23,300,122,,,
2020-07-24,272,161,,,
2020-07-25,317,178,,,
2020-07-26,339,228,,,
2020-07-27,339,228,,,
2020-07-28,339,233,,,
2020-07-29,328,228,,,
2020-07-30,322,200,,,
2020-07-31,311,206,,,
2020-08-01,322,200,,,
2020-08-02,333,228,,,
2020-08-03,322,172,,,
2020-08-04,278,117,,,
2020-08-05,156,111,,,
2020-08-06,261,111,,,
2020-08-07,306,144,,,
2020-08-08,317,206,,,
2020-08-09,344,233,,,
2020-08-10,322,189,,,
2020-08-11,283,183,,,
2020-08-12,333,211,,,
2020-08-13,356,256,,,
2020-08-14,356,272,,,
2020-08-15,389,278,,,
2020-08-16,361,250,,,
2020-08-17,361,300,,,
2020-08-18,383,283,,,
2020-08-19,372,261,,,
2020-08-20,317,222,,,
2020-08-21,333,206,,,
2020-08-22,350,228,,,
2020-08-23,322,211,,,
2020-08-24,322,217,,,
2020-08-25,278,189,,,
2020-08-26,272,172,,,
2020-08-27,294,161,,,
2020-08-28,333,239,,,
2020-08-29,322,222,,,
2020-08-30,311,228,,,
2020-08-31,311,233,,,
2020-09-01,294,189,,,
2020-09-02,294,161,,,
2020-09-03,317,239,,,
2020-09-04,333,261,,,
2020-09-05,333,272,,,
2020-09-06,378,283,,,
2020-09-07,400,317,,,
2020-09-08,317,244,,,
2020-09-09,250,200,,,
2020-09-10,233,183,,,
2020-09-11,261,194,,,
2020-09-12,278,206,,,
2020-09-13,283,200,,,
2020-09-14,283,206,,,
2020-09-15,300,200,,,
2020-09-16,300,183,,,
2020-09-17,289,150,,,
2020-09-18,239,133,,,
2020-09-19,244,122,,,
2020-09-20,289,206,,,
2020-09-21,300,172,,,
2020-09-22,272,156,,,
2020-09-23,283,156,,,
2020-09-24,267,117,,,
2020-09-25,267,111,,,
2020-09-26,294,206,,,
2020-09-27,278,194,,,
2020-09-28,317,233,,,
2020-09-29,317,250,,,
2020-09-30,344,250,,,
2020-10-01,333,278,,,
2020-10-02,322,272,,,
2020-10-03,339,261,,,
2020-10-04,333,228,,,
2020-10-05,294,222,,,
2020-10-06,300,228,,,
2020-10-07,294,200,,,
2020-10-08,233,106,,,
2020-10-09,206,111,,,
2020-10-10,206,128,,,
2020-10-11,233,128,,,
2020-10-12,261,172,,,
2020-10-13,289,206,,,
2020-10-14,294,211,,,
2020-10-15,272,200,,,
2020-10-16,278,200,,,
2020-10-17,311,239,,,
2020-10-18,283,228,,,
2020-10-19,300,217,,,
2020-10-20,283,217,,,
2020-10-21,272,206,,,
2020-10-22,217,161,,,
2020-10-23,222,122,,,
2020-10-24,194,106,,,
2020-10-25,156,94,,,
2020-10-26,183,78,,,
2020-10-27,183,122,,,
2020-10-28,211,133,,,
2020-10-29,211,150,,,
2020-10-30,239,156,,,
2020-10-31,222,161,,,
2020-11-01,233,167,,,
2020-11-02,267,183,,,
2020-11-03,256,178,,,
2020-11-04,244,183,,,
2020-11-05,244,161,,,
2020-11-06,150,56,,,
2020-11-07,139,39,,,
2020-11-08,100,44,,,
2020-11-09,94,33,,,
2020-11-10,156,61,,,
2020-11-11,94,56,,,
2020-11-12,133,56,,,
2020-11-13,117,72,,,
2020-11-14,128,61,,,
2020-11-15,172,89,,,
2020-11-16,183,100,,,
2020-11-17,183,100,,,
2020-11-18,128,72,,,
2020-11-19,128,78,,,
2020-11-20,133,72,,,
2020-11-21,133,78,,,
2020-11-22,172,83,,,
2020-11-23,150,72,,,
2020-11-24,167,61,,,
2020-11-25,122,67,,,
2020-11-26,128,61,,,
2020-11-27,144,67,,,
2020-11-28,139,72,,,
2020-11-29,139,89,,,
2020-11-30,178,106,,,
2020-12-01,156,83,,,
2020-12-02,144,94,,,
2020-12-03,178,94,,,
2020-12-04,156,100,,,
2020-12-05,189,106,,,
2020-12-06,133,83,,,
2020-12-07,178,94,,,
2020-12-08,178,133,,,
2020-12-09,156,111,,,
2020-12-10,178,61,,,
2020-12-11,111,44,,,
2020-12-12,100,56,,,
2020-12-13,100,50,,,
2020-12-14,100,50,,,
2020-12-15,117,67,,,
2020-12-16,139,56,,,
2020-12-17,111,61,,,
2020-12-18,111,67,,,
2020-12-19,128,72,,,
2020-12-20,122,78,,,
2020-12-21,167,89,,,
2020-12-22,106,39,,,
2020-12-23,89,33,,,
2020-12-24,128,22,,,
2020-12-25,139,89,,,
2020-12-26,122,67,,,
2020-12-27,94,44,,,
2020-12-28,72,33,,,
2020-12-29,117,56,,,
2020-12-30,144,72,,,
2020-12-31,111,39,,,
2021-01-01,133,67,,,
2021-01-02,83,56,,,
2021-01-03,111,72,,,
2021-01-04,111,56,,,
2021-01-05,94,56,,,
2021-01-06,139,61,,,
2021-01-07,111,44,,,
2021-01-08,133,50,,,
2021-01-09,139,50,,,
2021-01-10,139,61,,,
2021-01-11,133,56,,,
2021-01-12,150,94,,,
2021-01-13,172,94,,,
2021-01-14,178,94,,,
2021-01-15,189,128,,,
2021-01-16,200,139,,,
2021-01-17,194,133,,,
2021-01-18,189,100,,,
2021-01-19,128,56,,,
2021-01-20,150,89,,,
2021-01-21,161,72,,,
2021-01-22,67,39,,,
2021-01-23,94,33,,,
2021-01-24,72,11,,,
2021-01-25,72,0,,,
2021-01-26,67,0,,,
2021-01-27,78,17,,,
2021-01-28,67,33,,,
2021-01-29,72,28,,,
2021-01-30,111,50,,,
2021-01-31,144,83,,,
2021-02-01,144,94,,,
2021-02-02,111,44,,,
2021-02-03,89,33,,,
2021-02-04,106,39,,,
2021-02-05,178,83,,,
2021-02-06,172,89,,,
2021-02-07,167,100,,,
2021-02-08,161,106,,,
2021-02-09,150,78,,,
2021-02-10,150,72,,,
2021-02-11,117,56,,,
2021-02-12,122,50,,,
2021-02-13,122,67,,,
2021-02-14,89,44,,,
2021-02-15,100,56,,,
2021-02-16,111,50,,,
2021-02-17,117,61,,,
2021-02-18,133,67,,,
2021-02-19,117,50,,,
2021-02-20,106,33,,,
2021-02-21,128,67,,,
2021-02-22,172,67,,,
2021-02-23,200,117,,,
2021-02-24,150,72,,,
2021-02-25,156,61,,,
2021-02-26,161,67,,,
2021-02-27,128,56,,,
2021-02-28,133,56,,,
2021-03-01,178,89,,,
2021-03-02,156,78,,,
2021-03-03,172,50,,,
2021-03-04,167,50,,,
2021-03-05,167,67,,,
2021-03-06,122,33,,,
2021-03-07,144,39,,,
2021-03-08,100,28,,,
2021-03-09,100,28,,,
2021-03-10,61,17,,,
2021-03-11,94,17,,,
2021-03-12,150,50,,,
2021-03-13,106,28,,,
2021-03-14,111,22,,,
2021-03-15,56,11,,,
2021-03-16,122,28,,,
2021-03-17,106,22,,,
2021-03-18,122,56,,,
2021-03-19,117,39,,,
2021-03-20,122,33,,,
2021-03-21,156,61,,,
2021-03-22,139,33,,,
2021-03-23,139,61,,,
2021-03-24,183,50,,,
2021-03-25,139,44,,,
2021-03-26,178,72,,,
2021-03-27,206,122,,,
2021-03-28,233,133,,,
2021-03-29,178,117,,,
2021-03-30,194,94,,,
2021-03-31,217,117,,,
2021-04-01,250,161,,,
2021-04-02,233,94,,,
2021-04-03,133,50,,,
2021-04-04,161,50,,,
2021-04-05,139,44,,,
2021-04-06,206,83,,,
2021-04-07,167,39,,,
2021-04-08,206,39,,,
2021-04-09,156,44,,,
2021-04-10,222,39,,,
2021-04-11,228,133,,,
2021-04-12,239,122,,,
2021-04-13,156,44,,,
2021-04-14,189,44,,,
2021-04-15,194,78,,,
2021-04-16,217,111,,,
2021-04-17,244,139,,,
2021-04-18,267,161,,,
2021-04-19,239,106,,,
2021-04-20,128,56,,,
2021-04-21,194,94,,,
2021-04-22,167,50,,,
2021-04-23,183,50,,,
2021-04-24,156,50,,,
2021-04-25,128,56,,,
2021-04-26,128,39,,,
2021-04-27,206,67,,,
2021-04-28,256,156,,,
2021-04-29,289,189,,,
2021-04-30,272,78,,,
2021-05-01,178,67,,,
2021-05-02,233,106,,,
2021-05-03,272,161,,,
2021-05-04,283,189,,,
2021-05-05,306,133,,,
2021-05-06,211,72,,,
2021-05-07,217,61,,,
2021-05-08,272,144,,,
2021-05-09,261,167,,,
2021-05-10,289,172,,,
2021-05-11,306,206,,,
2021-05-12,306,183,,,
2021-05-13,267,156,,,
2021-05-14,194,61,,,
2021-05-15,172,61,,,
2021-05-16,183,72,,,
2021-05-17,178,72,,,
2021-05-18,228,61,,,
2021-05-19,150,56,,,
2021-05-20,172,50,,,
2021-05-21,172,89,,,
2021-05-22,200,94,,,
2021-05-23,200,61,,,
2021-05-24,272,139,,,
2021-05-25,206,100,,,
2021-05-26,267,117,,,
2021-05-27,222,78,,,
2021-05-28,261,122,,,
2021-05-29,194,67,,,
2021-05-30,322,111,,,
2021-05-31,361,267,,,
2021-06-01,333,217,,,
2021-06-02,306,189,,,
2021-06-03,328,189,,,
2021-06-04,267,144,,,
2021-06-05,289,144,,,
2021-06-06,239,78,,,
2021-06-07,167,67,,,
2021-06-08,161,67,,,
2021-06-09,150,61,,,
2021-06-10,200,67,,,
2021-06-11,228,83,,,
2021-06-12,283,122,,,
2021-06-13,244,139,,,
2021-06-14,233,111,,,
2021-06-15,278,100,,,
2021-06-16,317,206,,,
2021-06-17,389,272,,,
2021-06-18,394,272,,,
2021-06-19,356,250,,,
2021-06-20,350,217,,,
2021-06-21,283,117,,,
2021-06-22,250,111,,,
2021-06-23,250,111,,,
2021-06-24,233,106,,,
2021-06-25,300,139,,,
2021-06-26,333,222,,,
2021-06-27,328,233,,,
2021-06-28,300,189,,,
2021-06-29,317,200,,,
2021-06-30,239,156,,,
2021-07-01,272,122,,,
2021-07-02,300,172,,,
2021-07-03,306,189,,,
2021-07-04,294,172,,,
2021-07-05,311,178,,,
2021-07-06,283,167,,,
2021-07-07,317,161,,,
2021-07-08,367,256,,,
2021-07-09,378,289,,,
2021-07-10,400,306,,,
2021-07-11,350,206,,,
2021-07-12,306,189,,,
2021-07-13,261,144,,,
2021-07-14,289,172,,,
2021-07-15,261,150,,,
2021-07-16,294,150,,,
2021-07-17,328,200,,,
2021-07-18,333,233,,,
2021-07-19,333,211,,,
2021-07-20,300,189,,,
2021-07-21,300,200,,,
2021-07-22,311,194,,,
2021-07-23,344,222,,,
2021-07-24,344,233,,,
2021-07-25,328,228,,,
2021-07-26,278,222,,,
2021-07-27,306,211,,,
2021-07-28,356,233,,,
2021-07-29,356,261,,,
2021-07-30,378,228,,,
2021-07-31,311,228,,,
2021-08-01,317,144,,,
2021-08-02,328,150,,,
2021-08-03,350,233,,,
2021-08-04,311,178,,,
2021-08-05,261,111,,,
2021-08-06,317,222,,,
2021-08-07,317,217,,,
2021-08-08,306,194,,,
2021-08-09,317,211,,,
2021-08-10,350,239,,,
2021-08-11,356,244,,,
2021-08-12,339,250,,,
2021-08-13,328,244,,,
2021-08-14,356,239,,,
2021-08-15,372,289,,,
2021-08-16,356,189,,,
2021-08-17,244,133,,,
2021-08-18,267,189,,,
2021-08-19,267,167,,,
2021-08-20,278,167,,,
2021-08-21,211,122,,,
2021-08-22,256,128,,,
2021-08-23,261,156,,,
2021-08-24,261,150,,,
2021-08-25,289,144,,,
2021-08-26,306,211,,,
2021-08-27,322,233,,,
2021-08-28,339,261,,,
2021-08-29,361,278,,,
2021-08-30,344,228,,,
2021-08-31,272,161,,,
2021-09-01,222,128,,,
2021-09-02,250,100,,,
2021-09-03,272,167,,,
2021-09-04,294,206,,,
2021-09-05,322,233,,,
2021-09-06,333,261,,,
2021-09-07,356,267,,,
2021-09-08,378,289,,,
2021-09-09,328,211,,,
2021-09-10,278,167,,,
2021-09-11,294,200,,,
2021-09-12,322,222,,,
2021-09-13,333,233,,,
2021-09-14,339,233,,,
2021-09-15,283,178,,,
2021-09-16,250,144,,,
2021-09-17,250,106,,,
2021-09-18,200,100,,,
2021-09-19,217,117,,,
2021-09-20,256,150,,,
2021-09-21,294,211,,,
2021-09-22,311,211,,,
2021-09-23,306,211,,,
2021-09-24,333,206,,,
2021-09-25,294,144,,,
2021-09-26,228,122,,,
2021-09-27,200,117,,,
2021-09-28,217,106,,,
2021-09-29,233,144,,,
2021-09-30,256,178,,,
2021-10-01,261,189,,,
2021-10-02,272,211,,,
2021-10-03,278,222,,,
2021-10-04,278,211,,,
2021-10-05,244,106,,,
2021-10-06,189,106,,,
2021-10-07,178,78,,,
2021-10-08,144,72,,,
2021-10-09,172,83,,,
2021-10-10,222,106,,,
2021-10-11,150,83,,,
2021-10-12,167,72,,,
2021-10-13,189,94,,,
2021-10-14,194,111,,,
2021-10-15,217,144,,,
2021-10-16,228,167,,,
2021-10-17,200,61,,,
2021-10-18,139,61,,,
2021-10-19,161,72,,,
2021-10-20,156,89,,,
2021-10-21,200,128,,,
2021-10-22,144,94,,,
2021-10-23,161,89,,,
2021-10-24,133,94,,,
2021-10-25,128,83,,,
2021-10-26,144,78,,,
2021-10-27,189,111,,,
2021-10-28,228,128,,,
2021-10-29,233,144,,,
2021-10-30,172,89,,,
2021-10-31,172,78,,,
2021-11-01,139,117,,,
2021-11-02,150,117,,,
2021-11-03,194,117,,,
2021-11-04,167,111,,,
2021-11-05,172,94,,,
2021-11-06,150,94,,,
2021-11-07,122,72,,,
2021-11-08,133,72,,,
2021-11-09,133,83,,,
2021-11-10,178,100,,,
2021-11-11,167,106,,,
2021-11-12,200,139,,,
2021-11-13,200,139,,,
2021-11-14,211,150,,,
2021-11-15,217,156,,,
2021-11-16,161,111,,,
2021-11-17,128,83,,,
2021-11-18,167,111,,,
2021-11-19,156,89,,,
2021-11-20,150,89,,,
2021-11-21,150,94,,,
2021-11-22,194,111,,,
2021-11-23,156,106,,,
2021-11-24,128,72,,,
2021-11-25,172,83,,,
2021-11-26,161,89,,,
2021-11-27,172,117,,,
2021-11-28,183,128,,,
2021-11-29,189,144,,,
2021-11-30,189,139,,,
2021-12-01,189,122,,,
2021-12-02,211,150,,,
2021-12-03,183,100,,,
2021-12-04,150,83,,,
2021-12-05,183,117,,,
2021-12-06,156,72,,,
2021-12-07,128,56,,,
2021-12-08,117,72,,,
2021-12-09,94,56,,,
2021-12-10,83,44,,,
2021-12-11,122,44,,,
2021-12-12,89,50,,,
2021-12-13,89,22,,,
2021-12-14,67,17,,,
2021-12-15,78,22,,,
2021-12-16,106,33,,,
2021-12-17,78,22,,,
2021-12-18,33,17,,,
2021-12-19,89,17,,,
2021-12-20,28,11,,,
2021-12-21,117,6,,,
2021-12-22,111,28,,,
2021-12-23,111,83,,,
2021-12-24,83,50,,,
2021-12-25,78,22,,,
2021-12-26,44,11,,,
2021-12-27,50,6,,,
2021-12-28,44,6,,,
2021-12-29,67,17,,,
2021-12-30,89,17,,,
2021-12-31,78,17,,,
2022-01-01,61,17,,,
2022-01-02,117,33,,,
2022-01-03,83,50,,,
2022-01-04,106,78,,,
2022-01-05,150,78,,,
2022-01-06,150,67,,,
2022-01-07,89,50,,,
2022-01-08,72,50,,,
2022-01-09,83,44,,,
2022-01-10,150,83,,,
2022-01-11,144,100,,,
2022-01-12,178,89,,,
2022-01-13,167,83,,,
2022-01-14,144,78,,,
2022-01-15,161,72,,,
2022-01-16,167,111,,,
2022-01-17,150,89,,,
2022-01-18,150,94,,,
2022-01-19,150,89,,,
2022-01-20,172,94,,,
2022-01-21,139,94,,,
2022-01-22,133,78,,,
2022-01-23,139,61,,,
2022-01-24,156,89,,,
2022-01-25,139,67,,,
2022-01-26,122,72,,,
2022-01-27,150,89,,,
2022-01-28,128,89,,,
2022-01-29,161,83,,,
2022-01-30,156,89,,,
2022-01-31,139,67,,,
2022-02-01,100,39,,,
2022-02-02,106,56,,,
2022-02-03,128,83,,,
2022-02-04,122,56,,,
2022-02-05,144,89,,,
2022-02-06,161,89,,,
2022-02-07,156,117,,,
2022-02-08,178,111,,,
2022-02-09,189,128,,,
2022-02-10,206,133,,,
2022-02-11,211,128,,,
2022-02-12,200,139,,,
2022-02-13,217,144,,,
2022-02-14,156,50,,,
2022-02-15,106,33,,,
2022-02-16,167,83,,,
2022-02-17,144,72,,,
2022-02-18,144,94,,,
2022-02-19,194,106,,,
2022-02-20,139,39,,,
2022-02-21,100,33,,,
2022-02-22,78,6,,,
2022-02-23,72,6,,,
2022-02-24,94,33,,,
2022-02-25,111,39,,,
2022-02-26,100,50,,,
2022-02-27,194,72,,,
2022-02-28,211,122,,,
2022-03-01,211,133,,,
2022-03-02,206,106,,,
2022-03-03,139,89,,,
2022-03-04,100,28,,,
2022-03-05,89,6,,,
2022-03-06,128,61,,,
2022-03-07,144,61,,,
2022-03-08,172,89,,,
2022-03-09,172,78,,,
2022-03-10,144,72,,,
2022-03-11,183,89,,,
2022-03-12,189,72,,,
2022-03-13,144,72,,,
2022-03-14,200,94,,,
2022-03-15,167,83,,,
2022-03-16,194,78,,,
2022-03-17,183,111,,,
2022-03-18,206,100,,,
2022-03-19,100,61,,,
2022-03-20,178,67,,,
2022-03-21,217,122,,,
2022-03-22,228,139,,,
2022-03-23,256,172,,,
2022-03-24,244,144,,,
2022-03-25,244,144,,,
2022-03-26,228,122,,,
2022-03-27,178,83,,,
2022-03-28,111,67,,,
2022-03-29,161,61,,,
2022-03-30,117,56,,,
2022-03-31,189,78,,,
2022-04-01,211,122,,,
2022-04-02,217,133,,,
2022-04-03,233,72,,,
2022-04-04,189,78,,,
2022-04-05,189,72,,,
2022-04-06,239,139,,,
2022-04-07,267,183,,,
2022-04-08,289,150,,,
2022-04-09,211,122,,,
2022-04-10,183,50,,,
2022-04-11,100,28,,,
2022-04-12,117,22,,,
2022-04-13,122,17,,,
2022-04-14,100,56,,,
2022-04-15,161,61,,,
2022-04-16,133,72,,,
2022-04-17,183,39,,,
2022-04-18,178,33,,,
2022-04-19,156,72,,,
2022-04-20,172,61,,,
2022-04-21,128,67,,,
2022-04-22,150,56,,,
2022-04-23,200,83,,,
2022-04-24,222,139,,,
2022-04-25,222,83,,,
2022-04-26,150,56,,,
2022-04-27,167,44,,,
2022-04-28,139,39,,,
2022-04-29,217,94,,,
2022-04-30,194,61,,,
2022-05-01,222,61,,,
2022-05-02,150,56,,,
2022-05-03,222,100,,,
2022-05-04,278,167,,,
2022-05-05,189,106,,,
2022-05-06,200,94,,,
2022-05-07,161,56,,,
2022-05-08,117,39,,,
2022-05-09,117,28,,,
2022-05-10,133,33,,,
2022-05-11,167,44,,,
2022-05-12,172,44,,,
2022-05-13,239,111,,,
2022-05-14,283,167,,,
2022-05-15,239,100,,,
2022-05-16,183,83,,,
2022-05-17,261,133,,,
2022-05-18,306,194,,,
2022-05-19,278,172,,,
2022-05-20,222,100,,,
2022-05-21,261,161,,,
2022-05-22,278,178,,,
2022-05-23,289,194,,,
2022-05-24,317,211,,,
2022-05-25,339,217,,,
2022-05-26,228,111,,,
2022-05-27,200,89,,,
2022-05-28,189,89,,,
2022-05-29,222,89,,,
2022-05-30,233,106,,,
2022-05-31,267,139,,,
2022-06-01,306,194,,,
2022-06-02,256,156,,,
2022-06-03,200,128,,,
2022-06-04,206,139,,,
2022-06-05,244,133,,,
2022-06-06,261,122,,,
2022-06-07,294,189,,,
2022-06-08,256,172,,,
2022-06-09,317,206,,,
2022-06-10,350,244,,,
2022-06-11,311,200,,,
2022-06-12,222,111,,,
2022-06-13,239,111,,,
2022-06-14,272,172,,,
2022-06-15,311,156,,,
2022-06-16,211,78,,,
2022-06-17,167,72,,,
2022-06-18,194,78,,,
2022-06-19,261,144,,,
2022-06-20,278,178,,,
2022-06-21,328,217,,,
2022-06-22,328,233,,,
2022-06-23,344,228,,,
2022-06-24,350,228,,,
2022-06-25,339,228,,,
2022-06-26,344,222,,,
2022-06-27,350,244,,,
2022-06-28,322,178,,,
2022-06-29,283,144,,,
2022-06-30,228,94,,,
2022-07-01,256,89,,,
2022-07-02,167,89,,,
2022-07-03,172,89,,,
2022-07-04,250,106,,,
2022-07-05,244,128,,,
2022-07-06,206,111,,,
2022-07-07,267,106,,,
2022-07-08,294,167,,,
2022-07-09,267,167,,,
2022-07-10,333,217,,,
2022-07-11,344,244,,,
2022-07-12,294,183,,,
2022-07-13,283,139,,,
2022-07-14,328,200,,,
2022-07-15,328,178,,,
2022-07-16,367,261,,,
2022-07-17,350,228,,,
2022-07-18,339,217,,,
2022-07-19,322,222,,,
2022-07-20,344,239,,,
2022-07-21,339,244,,,
2022-07-22,311,189,,,
2022-07-23,322,189,,,
2022-07-24,344,206,,,
2022-07-25,311,217,,,
2022-07-26,322,194,,,
2022-07-27,322,206,,,
2022-07-28,339,183,,,
2022-07-29,311,161,,,
2022-07-30,261,128,,,
2022-07-31,244,172,,,
2022-08-01,300,200,,,
2022-08-02,344,217,,,
2022-08-03,344,233,,,
2022-08-04,322,206,,,
2022-08-05,278,156,,,
2022-08-06,261,133,,,
2022-08-07,267,156,,,
2022-08-08,267,139,,,
2022-08-09,256,122,,,
2022-08-10,278,122,,,
2022-08-11,283,161,,,
2022-08-12,283,167,,,
2022-08-13,322,211,,,
2022-08-14,333,222,,,
2022-08-15,339,256,,,
2022-08-16,378,261,,,
2022-08-17,339,261,,,
2022-08-18,367,261,,,
2022-08-19,339,228,,,
2022-08-20,367,239,,,
2022-08-21,289,194,,,
2022-08-22,328,206,,,
2022-08-23,344,206,,,
2022-08-24,317,211,,,
2022-08-25,306,194,,,
2022-08-26,328,189,,,
2022-08-27,289,167,,,
2022-08-28,294,172,,,
2022-08-29,322,211,,,
2022-08-30,322,211,,,
2022-08-31,339,222,,,
2022-09-01,356,272,,,
2022-09-02,372,256,,,
2022-09-03,367,233,,,
2022-09-04,372,272,,,
2022-09-05,411,306,,,
2022-09-06,417,311,,,
2022-09-07,389,306,,,
2022-09-08,400,317,,,
2022-09-09,378,256,,,
2022-09-10,267,200,,,
2022-09-11,306,217,,,
2022-09-12,294,117,,,
2022-09-13,194,111,,,
2022-09-14,211,111,,,
2022-09-15,194,111,,,
2022-09-16,256,111,,,
2022-09-17,189,94,,,
2022-09-18,172,111,,,
2022-09-19,189,122,,,
2022-09-20,189,117,,,
2022-09-21,211,128,,,
2022-09-22,228,144,,,
2022-09-23,261,178,,,
2022-09-24,289,217,,,
2022-09-25,300,228,,,
2022-09-26,322,189,,,
2022-09-27,294,178,,,
2022-09-28,272,178,,,
2022-09-29,250,161,,,
2022-09-30,278,194,,,
2022-10-01,272,122,,,
2022-10-02,233,117,,,
2022-10-03,272,172,,,
2022-10-04,267,183,,,
2022-10-05,272,206,,,
2022-10-06,283,211,,,
2022-10-07,294,222,,,
2022-10-08,306,244,,,
2022-10-09,300,250,,,
2022-10-10,294,228,,,
2022-10-11,294,217,,,
2022-10-12,283,172,,,
2022-10-13,267,161,,,
2022-10-14,278,200,,,
2022-10-15,239,111,,,
2022-10-16,172,106,,,
2022-10-17,206,106,,,
2022-10-18,261,156,,,
2022-10-19,306,217,,,
2022-10-20,272,217,,,
2022-10-21,272,111,,,
2022-10-22,189,106,,,
2022-10-23,167,94,,,
2022-10-24,200,111,,,
2022-10-25,183,117,,,
2022-10-26,172,94,,,
2022-10-27,178,111,,,
2022-10-28,178,122,,,
2022-10-29,206,133,,,
2022-10-30,222,150,,,
2022-10-31,189,83,,,
2022-11-01,106,56,,,
2022-11-02,89,44,,,
2022-11-03,117,44,,,
2022-11-04,144,78,,,
2022-11-05,122,89,,,
2022-11-06,128,61,,,
2022-11-07,111,50,,,
2022-11-08,67,33,,,
2022-11-09,94,44,,,
2022-11-10,100,33,,,
2022-11-11,100,56,,,
2022-11-12,117,61,,,
2022-11-13,122,56,,,
2022-11-14,106,61,,,
2022-11-15,150,61,,,
2022-11-16,150,89,,,
2022-11-17,139,94,,,
2022-11-18,144,78,,,
2022-11-19,117,44,,,
2022-11-20,128,78,,,
2022-11-21,144,83,,,
2022-11-22,167,100,,,
2022-11-23,167,89,,,
2022-11-24,144,94,,,
2022-11-25,217,128,,,
2022-11-26,156,111,,,
2022-11-27,161,111,,,
2022-11-28,117,50,,,
2022-11-29,94,39,,,
2022-11-30,111,50,,,
2022-12-01,72,22,,,
2022-12-02,56,22,,,
2022-12-03,94,39,,,
2022-12-04,111,56,,,
2022-12-05,106,61,,,
2022-12-06,78,39,,,
2022-12-07,117,50,,,
2022-12-08,89,44,,,
2022-12-09,106,39,,,
2022-12-10,106,56,,,
2022-12-11,56,28,,,
2022-12-12,67,22,,,
2022-12-13,83,33,,,
2022-12-14,72,33,,,
2022-12-15,94,22,,,
2022-12-16,78,39,,,
2022-12-17,89,50,,,
2022-12-18,78,44,,,
2022-12-19,56,-6,,,
2022-12-20,89,44,,,
2022-12-21,144,61,,,
2022-12-22,139,67,,,
2022-12-23,117,78,,,
2022-12-24,128,67,,,
2022-12-25,161,94,,,
2022-12-26,172,94,,,
2022-12-27,111,61,,,
2022-12-28,106,56,,,
2022-12-29,100,50,,,
2022-12-30,128,100,,,
2022-12-31,117,61,,,
2023-01-01,106,61,,,
2023-01-02,67,28,,,
2023-01-03,89,28,,,
2023-01-04,117,61,,,
2023-01-05,94,61,,,
2023-01-06,128,67,,,
2023-01-07,122,67,,,
2023-01-08,117,83,,,
2023-01-09,111,83,,,
2023-01-10,100,56,,,
2023-01-11,106,67,,,
2023-01-12,161,100,,,
2023-01-13,133,89,,,
2023-01-14,100,50,,,
2023-01-15,67,44,,,
2023-01-16,83,22,,,
2023-01-17,106,39,,,
2023-01-18,94,56,,,
2023-01-19,67,33,,,
2023-01-20,67,22,,,
2023-01-21,106,39,,,
2023-01-22,94,39,,,
2023-01-23,94,39,,,
2023-01-24,117,56,,,
2023-01-25,139,78,,,
2023-01-26,133,72,,,
2023-01-27,167,67,,,
2023-01-28,139,44,,,
2023-01-29,67,11,,,
2023-01-30,61,-6,,,
2023-01-31,111,33,,,
2023-02-01,106,61,,,
2023-02-02,156,56,,,
2023-02-03,111,56,,,
2023-02-04,128,72,,,
2023-02-05,83,39,,,
2023-02-06,111,50,,,
2023-02-07,133,67,,,
2023-02-08,144,89,,,
2023-02-09,172,94,,,
2023-02-10,133,39,,,
2023-02-11,94,28,,,
2023-02-12,161,72,,,
2023-02-13,172,61,,,
2023-02-14,72,22,,,
2023-02-15,94,22,,,
2023-02-16,94,39,,,
2023-02-17,100,22,,,
2023-02-18,133,83,,,
2023-02-19,150,83,,,
2023-02-20,167,100,,,
2023-02-21,161,17,,,
2023-02-22,67,0,,,
2023-02-23,50,-11,,,
2023-02-24,50,-6,,,
2023-02-25,50,0,,,
2023-02-26,50,17,,,
2023-02-27,39,6,,,
2023-02-28,56,6,,,
2023-03-01,72,-11,,,
2023-03-02,111,33,,,
2023-03-03,122,33,,,
2023-03-04,67,22,,,
2023-03-05,72,6,,,
2023-03-06,83,11,,,
2023-03-07,83,17,,,
2023-03-08,106,22,,,
2023-03-09,94,28,,,
2023-03-10,117,67,,,
2023-03-11,122,78,,,
2023-03-12,111,89,,,
2023-03-13,156,89,,,
2023-03-14,133,39,,,
2023-03-15,128,28,,,
2023-03-16,133,72,,,
2023-03-17,139,72,,,
2023-03-18,139,100,,,
2023-03-19,100,67,,,
2023-03-20,117,39,,,
2023-03-21,72,33,,,
2023-03-22,78,39,,,
2023-03-23,106,28,,,
2023-03-24,106,22,,,
2023-03-25,117,28,,,
2023-03-26,94,22,,,
2023-03-27,139,44,,,
2023-03-28,78,33,,,
2023-03-29,72,22,,,
2023-03-30,106,22,,,
2023-03-31,133,33,,,
2023-04-01,161,44,,,
2023-04-02,106,28,,,
2023-04-03,94,6,,,
2023-04-04,111,28,,,
2023-04-05,139,33,,,
2023-04-06,156,61,,,
2023-04-07,111,61,,,
2023-04-08,156,72,,,
2023-04-09,189,106,,,
2023-04-10,239,89,,,
2023-04-11,161,39,,,
2023-04-12,128,28,,,
2023-04-13,161,44,,,
2023-04-14,161,33,,,
2023-04-15,172,56,,,
2023-04-16,139,33,,,
2023-04-17,117,50,,,
2023-04-18,122,33,,,
2023-04-19,139,28,,,
2023-04-20,189,83,,,
2023-04-21,233,133,,,
2023-04-22,233,139,,,
2023-04-23,206,111,,,
2023-04-24,211,117,,,
2023-04-25,250,139,,,
2023-04-26,261,194,,,
2023-04-27,289,194,,,
2023-04-28,294,194,,,
2023-04-29,267,161,,,
2023-04-30,156,56,,,
2023-05-01,78,50,,,
2023-05-02,117,44,,,
2023-05-03,94,61,,,
2023-05-04,128,61,,,
2023-05-05,150,61,,,
2023-05-06,128,67,,,
2023-05-07,161,61,,,
2023-05-08,150,56,,,
2023-05-09,167,67,,,
2023-05-10,133,61,,,
2023-05-11,194,61,,,
2023-05-12,256,144,,,
2023-05-13,278,200,,,
2023-05-14,267,178,,,
2023-05-15,272,167,,,
2023-05-16,289,211,,,
2023-05-17,283,167,,,
2023-05-18,256,161,,,
2023-05-19,244,172,,,
2023-05-20,206,83,,,
2023-05-21,272,117,,,
2023-05-22,283,150,,,
2023-05-23,183,78,,,
2023-05-24,189,67,,,
2023-05-25,167,72,,,
2023-05-26,178,78,,,
2023-05-27,211,78,,,
2023-05-28,178,83,,,
2023-05-29,189,78,,,
2023-05-30,178,83,,,
2023-05-31,200,72,,,
2023-06-01,200,72,,,
2023-06-02,256,100,,,
2023-06-03,294,167,,,
2023-06-04,300,200,,,
2023-06-05,233,117,,,
2023-06-06,211,100,,,
2023-06-07,200,100,,,
2023-06-08,217,100,,,
2023-06-09,194,94,,,
2023-06-10,244,89,,,
2023-06-11,217,106,,,
2023-06-12,217,94,,,
2023-06-13,217,117,,,
2023-06-14,256,144,,,
2023-06-15,272,156,,,
2023-06-16,283,178,,,
2023-06-17,278,156,,,
2023-06-18,206,78,,,
2023-06-19,183,67,,,
2023-06-20,222,106,,,
2023-06-21,244,139,,,
2023-06-22,183,83,,,
2023-06-23,217,89,,,
2023-06-24,211,83,,,
2023-06-25,183,78,,,
2023-06-26,239,89,,,
2023-06-27,250,83,,,
2023-06-28,250,133,,,
2023-06-29,328,233,,,
2023-06-30,350,278,,,
2023-07-01,378,289,,,
2023-07-02,367,272,,,
2023-07-03,306,217,,,
2023-07-04,311,189,,,
2023-07-05,267,144,,,
2023-07-06,250,100,,,
2023-07-07,189,89,,,
2023-07-08,189,83,,,
2023-07-09,167,78,,,
2023-07-10,283,94,,,
2023-07-11,322,206,,,
2023-07-12,294,206,,,
2023-07-13,322,211,,,
2023-07-14,344,228,,,
2023-07-15,361,278,,,
2023-07-16,389,283,,,
2023-07-17,350,239,,,
2023-07-18,289,211,,,
2023-07-19,317,206,,,
2023-07-20,350,222,,,
2023-07-21,378,289,,,
2023-07-22,367,289,,,
2023-07-23,328,189,,,
2023-07-24,294,178,,,
2023-07-25,339,200,,,
2023-07-26,289,189,,,
2023-07-27,267,172,,,
2023-07-28,311,156,,,
2023-07-29,294,211,,,
2023-07-30,311,211,,,
2023-07-31,322,206,,,
2023-08-01,278,111,,,
2023-08-02,233,100,,,
2023-08-03,200,100,,,
2023-08-04,311,144,,,
2023-08-05,328,222,,,
2023-08-06,356,261,,,
2023-08-07,350,200,,,
2023-08-08,278,172,,,
2023-08-09,294,150,,,
2023-08-10,278,156,,,
2023-08-11,283,150,,,
2023-08-12,317,200,,,
2023-08-13,339,233,,,
2023-08-14,339,261,,,
2023-08-15,356,256,,,
2023-08-16,372,278,,,
2023-08-17,367,211,,,
2023-08-18,289,183,,,
2023-08-19,322,211,,,
2023-08-20,289,211,,,
2023-08-21,233,156,,,
2023-08-22,261,161,,,
2023-08-23,300,211,,,
2023-08-24,306,167,,,
2023-08-25,278,139,,,
2023-08-26,311,206,,,
2023-08-27,317,217,,,
2023-08-28,333,228,,,
2023-08-29,311,194,,,
2023-08-30,317,217,,,
2023-08-31,317,128,,,
2023-09-01,183,122,,,
2023-09-02,178,122,,,
2023-09-03,200,133,,,
2023-09-04,261,128,,,
2023-09-05,267,156,,,
2023-09-06,256,178,,,
2023-09-07,278,183,,,
2023-09-08,300,189,,,
2023-09-09,311,206,,,
2023-09-10,300,200,,,
2023-09-11,306,183,,,
2023-09-12,283,156,,,
2023-09-13,300,194,,,
2023-09-14,311,194,,,
2023-09-15,283,183,,,
2023-09-16,211,128,,,
2023-09-17,206,117,,,
2023-09-18,239,122,,,
2023-09-19,244,133,,,
2023-09-20,228,111,,,
2023-09-21,239,117,,,
2023-09-22,228,111,,,
2023-09-23,222,122,,,
2023-09-24,217,117,,,
2023-09-25,217,106,,,
2023-09-26,239,144,,,
2023-09-27,244,106,,,
2023-09-28,256,150,,,
2023-09-29,183,111,,,
2023-09-30,172,100,,,
2023-10-01,200,117,,,
2023-10-02,233,139,,,
2023-10-03,239,178,,,
2023-10-04,256,172,,,
2023-10-05,278,211,,,
2023-10-06,289,233,,,
2023-10-07,300,239,,,
2023-10-08,306,200,,,
2023-10-09,183,106,,,
2023-10-10,183,100,,,
2023-10-11,183,100,,,
2023-10-12,200,128,,,
2023-10-13,244,144,,,
2023-10-14,228,144,,,
2023-10-15,239,161,,,
2023-10-16,239,161,,,
2023-10-17,239,161,,,
2023-10-18,261,194,,,
2023-10-19,289,211,,,
2023-10-20,272,117,,,
2023-10-21,178,111,,,
2023-10-22,172,122,,,
2023-10-23,222,117,,,
2023-10-24,239,106,,,
2023-10-25,156,78,,,
2023-10-26,144,67,,,
2023-10-27,172,72,,,
2023-10-28,156,72,,,
2023-10-29,161,89,,,
2023-10-30,172,117,,,
2023-10-31,172,117,,,
2023-11-01,206,139,,,
2023-11-02,228,161,,,
2023-11-03,228,150,,,
2023-11-04,256,150,,,
2023-11-05,211,128,,,
2023-11-06,161,100,,,
2023-11-07,150,83,,,
2023-11-08,156,100,,,
2023-11-09,156,106,,,
2023-11-10,150,100,,,
2023-11-11,178,122,,,
2023-11-12,217,94,,,
2023-11-13,178,94,,,
2023-11-14,178,100,,,
2023-11-15,156,94,,,
2023-11-16,139,89,,,
2023-11-17,156,117,,,
2023-11-18,133,72,,,
2023-11-19,133,67,,,
2023-11-20,117,61,,,
2023-11-21,172,89,,,
2023-11-22,172,117,,,
2023-11-23,167,94,,,
2023-11-24,100,50,,,
2023-11-25,106,44,,,
2023-11-26,106,67,,,
2023-11-27,111,72,,,
2023-11-28,156,72,,,
2023-11-29,117,67,,,
2023-11-30,128,67,,,
2023-12-01,133,50,,,
2023-12-02,106,83,,,
2023-12-03,133,89,,,
2023-12-04,156,89,,,
2023-12-05,133,106,,,
2023-12-06,150,83,,,
2023-12-07,106,61,,,
2023-12-08,94,50,,,
2023-12-09,100,50,,,
2023-12-10,133,67,,,
2023-12-11,139,78,,,
2023-12-12,133,89,,,
2023-12-13,122,78,,,
2023-12-14,139,78,,,
2023-12-15,128,83,,,
2023-12-16,167,106,,,
2023-12-17,150,78,,,
2023-12-18,144,56,,,
2023-12-19,133,106,,,
2023-12-20,117,78,,,
2023-12-21,133,83,,,
2023-12-22,172,94,,,
2023-12-23,117,67,,,
2023-12-24,122,67,,,
2023-12-25,128,67,,,
2023-12-26,111,67,,,
2023-12-27,122,78,,,
2023-12-28,161,100,,,
2023-12-29,139,78,,,
2023-12-30,117,67,,,
2024-01-01,117,67,,,
2024-01-02,117,56,,,
2024-01-03,83,44,,,
2024-01-04,133,56,,,
2024-01-05,117,72,,,
2024-01-06,89,39,,,
2024-01-07,83,22,,,
2024-01-08,100,39,,,
2024-01-09,89,39,,,
2024-01-10,72,28,,,
2024-01-11,89,22,,,
2024-01-12,72,28,,,
2024-01-13,83,56,,,
2024-01-14,117,56,,,
2024-01-15,106,56,,,
2024-01-16,117,56,,,
2024-01-17,117,72,,,
2024-01-18,122,72,,,
2024-01-19,117,67,,,
2024-01-20,117,78,,,
2024-01-21,128,78,,,
2024-01-22,122,89,,,
2024-01-23,133,78,,,
2024-01-24,106,72,,,
2024-01-25,122,67,,,
2024-01-26,111,83,,,
2024-01-27,172,89,,,
2024-01-28,167,111,,,
2024-01-29,228,139,,,
2024-01-30,194,128,,,
2024-01-31,122,78,,,
2024-02-01,111,67,,,
2024-02-02,89,44,,,
2024-02-03,67,44,,,
2024-02-04,106,44,,,
2024-02-05,100,61,,,
2024-02-06,83,50,,,
2024-02-07,50,28,,,
2024-02-08,83,22,,,
2024-02-09,78,28,,,
2024-02-10,106,56,,,
2024-02-11,111,67,,,
2024-02-12,111,67,,,
2024-02-13,117,67,,,
2024-02-14,106,67,,,
2024-02-15,128,67,,,
2024-02-16,111,78,,,
2024-02-17,106,89,,,
2024-02-18,139,78,,,
2024-02-19,111,83,,,
2024-02-20,117,67,,,
2024-02-21,128,56,,,
2024-02-22,122,67,,,
2024-02-23,133,67,,,
2024-02-24,167,117,,,
2024-02-25,178,89,,,
2024-02-26,133,56,,,
2024-02-27,122,44,,,
2024-02-28,172,83,,,
2024-02-29,89,56,,,
2024-03-01,89,56,,,
2024-03-02,67,17,,,
2024-03-03,72,28,,,
2024-03-04,94,28,,,
2024-03-05,111,56,,,
2024-03-06,106,67,,,
2024-03-07,122,61,,,
2024-03-08,144,67,,,
2024-03-09,133,56,,,
2024-03-10,133,61,,,
2024-03-11,122,67,,,
2024-03-12,128,61,,,
2024-03-13,150,50,,,
2024-03-14,150,67,,,
2024-03-15,172,89,,,
2024-03-16,200,100,,,
2024-03-17,194,122,,,
2024-03-18,200,106,,,
2024-03-19,211,128,,,
2024-03-20,200,89,,,
2024-03-21,172,83,,,
2024-03-22,156,61,,,
2024-03-23,100,56,,,
2024-03-24,122,50,,,
2024-03-25,117,56,,,
2024-03-26,139,56,,,
2024-03-27,117,50,,,
2024-03-28,122,56,,,
2024-03-29,83,50,,,
2024-03-30,111,50,,,
2024-03-31,150,78,,,
2024-04-01,172,78,,,
2024-04-02,211,133,,,
2024-04-03,144,39,,,
2024-04-04,56,0,,,
2024-04-05,78,0,,,
2024-04-06,122,28,,,
2024-04-07,128,33,,,
2024-04-08,178,83,,,
2024-04-09,206,128,,,
2024-04-10,206,150,,,
2024-04-11,261,172,,,
2024-04-12,172,78,,,
2024-04-13,89,28,,,
2024-04-14,106,28,,,
2024-04-15,150,61,,,
2024-04-16,211,106,,,
2024-04-17,200,139,,,
2024-04-18,228,139,,,
2024-04-19,217,128,,,
2024-04-20,217,161,,,
2024-04-21,233,178,,,
2024-04-22,256,83,,,
2024-04-23,144,72,,,
2024-04-24,156,72,,,
2024-04-25,122,72,,,
2024-04-26,150,78,,,
2024-04-27,178,67,,,
2024-04-28,183,72,,,
2024-04-29,200,78,,,
2024-04-30,200,117,,,
2024-05-01,217,111,,,
2024-05-02,222,133,,,
2024-05-03,217,78,,,
2024-05-04,89,39,,,
2024-05-05,133,28,,,
2024-05-06,161,44,,,
2024-05-07,183,61,,,
2024-05-08,206,122,,,
2024-05-09,233,122,,,
2024-05-10,272,178,,,
2024-05-11,289,200,,,
2024-05-12,278,183,,,
2024-05-13,228,161,,,
2024-05-14,272,183,,,
2024-05-15,272,161,,,
2024-05-16,222,94,,,
2024-05-17,217,83,,,
2024-05-18,211,89,,,
2024-05-19,217,72,,,
2024-05-20,233,78,,,
2024-05-21,261,156,,,
2024-05-22,244,128,,,
2024-05-23,239,94,,,
2024-05-24,122,61,,,
2024-05-25,150,67,,,
2024-05-26,244,72,,,
2024-05-27,250,128,,,
2024-05-28,228,100,,,
2024-05-29,256,128,,,
2024-05-30,300,194,,,
2024-05-31,311,178,,,
2024-06-01,200,94,,,
2024-06-02,239,94,,,
2024-06-03,211,133,,,
2024-06-04,328,189,,,
2024-06-05,361,256,,,
2024-06-06,317,217,,,
2024-06-07,283,94,,,
2024-06-08,228,100,,,
2024-06-09,239,89,,,
2024-06-10,311,150,,,
2024-06-11,356,250,,,
2024-06-12,300,167,,,
2024-06-13,233,139,,,
2024-06-14,278,122,,,
2024-06-15,267,111,,,
2024-06-16,267,139,,,
2024-06-17,256,111,,,
2024-06-18,267,178,,,
2024-06-19,261,128,,,
2024-06-20,278,156,,,
2024-06-21,322,172,,,
2024-06-22,361,244,,,
2024-06-23,339,217,,,
2024-06-24,333,222,,,
2024-06-25,333,200,,,
2024-06-26,261,178,,,
2024-06-27,289,150,,,
2024-06-28,317,206,,,
2024-06-29,322,206,,,
2024-06-30,306,222,,,
2024-07-01,344,244,,,
2024-07-02,356,261,,,
2024-07-03,367,278,,,
2024-07-04,383,250,,,
2024-07-05,389,272,,,
2024-07-06,411,317,,,
2024-07-07,372,244,,,
2024-07-08,356,239,,,
2024-07-09,322,217,,,
2024-07-10,367,261,,,
2024-07-11,383,300,,,
2024-07-12,411,294,,,
2024-07-13,350,244,,,
2024-07-14,333,217,,,
2024-07-15,306,161,,,
2024-07-16,250,133,,,
2024-07-17,311,150,,,
2024-07-18,344,239,,,
2024-07-19,367,267,,,
2024-07-20,350,211,,,
2024-07-21,311,133,,,
2024-07-22,367,272,,,
2024-07-23,389,278,,,
2024-07-24,361,244,,,
2024-07-25,339,233,,,
2024-07-26,322,122,,,
2024-07-27,167,94,,,
2024-07-28,272,117,,,
2024-07-29,261,117,,,
2024-07-30,272,178,,,
2024-07-31,317,194,,,
2024-08-01,356,239,,,
2024-08-02,328,261,,,
2024-08-03,361,250,,,
2024-08-04,333,189,,,
2024-08-05,317,217,,,
2024-08-06,372,244,,,
2024-08-07,356,222,,,
2024-08-08,317,217,,,
2024-08-09,339,217,,,
2024-08-10,344,233,,,
2024-08-11,300,150,,,
2024-08-12,267,167,,,
2024-08-13,294,144,,,
2024-08-14,294,183,,,
2024-08-15,278,189,,,
2024-08-16,300,150,,,
2024-08-17,228,122,,,
2024-08-18,256,117,,,
2024-08-19,272,150,,,
2024-08-20,300,178,,,
2024-08-21,256,117,,,
2024-08-22,183,117,,,
2024-08-23,194,100,,,
2024-08-24,217,117,,,
2024-08-25,256,150,,,
2024-08-26,294,194,,,
2024-08-27,322,233,,,
2024-08-28,344,228,,,
2024-08-29,317,211,,,
2024-08-30,317,244,,,
2024-08-31,322,206,,,
2024-09-01,261,150,,,
2024-09-02,261,117,,,
2024-09-03,317,217,,,
2024-09-04,356,256,,,
2024-09-05,356,244,,,
2024-09-06,372,272,,,
2024-09-07,344,250,,,
2024-09-08,317,233,,,
2024-09-09,333,189,,,
2024-09-10,228,106,,,
2024-09-11,239,111,,,
2024-09-12,278,117,,,
2024-09-13,289,200,,,
2024-09-14,294,133,,,
2024-09-15,161,94,,,
2024-09-16,172,89,,,
2024-09-17,200,89,,,
2024-09-18,200,111,,,
2024-09-19,256,156,,,
2024-09-20,278,189,,,
2024-09-21,278,194,,,
2024-09-22,300,222,,,
2024-09-23,328,233,,,
2024-09-24,333,228,,,
2024-09-25,267,144,,,
2024-09-26,283,172,,,
2024-09-27,306,211,,,
2024-09-28,322,178,,,
2024-09-29,283,189,,,
2024-09-30,300,211,,,
2024-10-01,350,244,,,
2024-10-02,367,294,,,
2024-10-03,372,272,,,
2024-10-04,356,267,,,
2024-10-05,339,267,,,
2024-10-06,333,256,,,
2024-10-07,328,272,,,
2024-10-08,339,228,,,
2024-10-09,283,206,,,
2024-10-10,283,189,,,
2024-10-11,272,161,,,
2024-10-12,250,133,,,
2024-10-13,228,150,,,
2024-10-14,256,161,,,
2024-10-15,267,178,,,
2024-10-16,217,133,,,
2024-10-17,194,106,,,
2024-10-18,200,100,,,
2024-10-19,206,144,,,
2024-10-20,239,150,,,
2024-10-21,233,150,,,
2024-10-22,244,150,,,
2024-10-23,256,150,,,
2024-10-24,189,100,,,
2024-10-25,250,144,,,
2024-10-26,250,150,,,
2024-10-27,200,94,,,
2024-10-28,150,83,,,
2024-10-29,167,83,,,
2024-10-30,167,78,,,
2024-10-31,156,72,,,
2024-11-01,161,83,,,
2024-11-02,156,83,,,
2024-11-03,161,83,,,
2024-11-04,189,117,,,
2024-11-05,178,128,,,
2024-11-06,150,83,,,
2024-11-07,178,106,,,
2024-11-08,172,117,,,
2024-11-09,183,122,,,
2024-11-10,189,111,,,
2024-11-11,117,78,,,
2024-11-12,128,72,,,
2024-11-13,128,72,,,
2024-11-14,133,56,,,
2024-11-15,117,44,,,
2024-11-16,111,56,,,
2024-11-17,156,67,,,
2024-11-18,106,44,,,
2024-11-19,117,50,,,
2024-11-20,128,94,,,
2024-11-21,144,117,,,
2024-11-22,139,83,,,
2024-11-23,111,61,,,
2024-11-24,133,50,,,
2024-11-25,100,78,,,
2024-11-26,106,72,,,
2024-11-27,111,50,,,
2024-11-28,100,50,,,
2024-11-29,117,61,,,
2024-11-30,128,61,,,
2024-12-01,200,94,,,
2024-12-02,178,128,,,
2024-12-03,172,122,,,
2024-12-04,183,117,,,
2024-12-05,183,139,,,
2024-12-06,167,122,,,
2024-12-07,144,94,,,
2024-12-08,161,94,,,
2024-12-09,117,67,,,
2024-12-10,139,33,,,
2024-12-11,194,61,,,
2024-12-12,94,56,,,
2024-12-13,111,67,,,
2024-12-14,83,56,,,
2024-12-15,94,50,,,
2024-12-16,94,61,,,
2024-12-17,150,72,,,
2024-12-18,139,83,,,
2024-12-19,139,39,,,
2024-12-20,189,94,,,
2024-12-21,122,83,,,
2024-12-22,156,83,,,
2024-12-23,156,128,,,
2024-12-24,139,61,,,
2024-12-25,100,61,,,
2024-12-26,117,72,,,
2024-12-27,122,89,,,
2024-12-28,122,94,,,
2024-12-29,111,61,,,
2024-12-30,100,56,,,
2024-12-31,100,50,,,
2025-01-01,122,61,,,
2025-01-02,128,78,,,
2025-01-03,128,67,,,
2025-01-04,117,56,,,
2025-01-05,128,67,,,
2025-01-06,133,100,,,
2025-01-07,139,72,,,
2025-01-08,144,72,,,
2025-01-09,156,89,,,
2025-01-10,172,89,,,
2025-01-11,144,78,,,
2025-01-12,122,72,,,
2025-01-13,100,33,,,
2025-01-14,133,72,,,
2025-01-15,144,67,,,
2025-01-16,172,100,,,
2025-01-17,128,67,,,
2025-01-18,128,56,,,
2025-01-19,133,67,,,
2025-01-20,117,50,,,
2025-01-21,156,72,,,
2025-01-22,144,67,,,
2025-01-23,156,78,,,
2025-01-24,178,83,,,
2025-01-25,72,33,,,
2025-01-26,83,11,,,
2025-01-27,122,56,,,
2025-01-28,139,78,,,
2025-01-29,106,33,,,
2025-01-30,94,28,,,
2025-01-31,94,39,,,
2025-02-01,111,94,,,
2025-02-02,111,100,,,
2025-02-03,100,83,,,
2025-02-04,133,22,,,
2025-02-05,89,17,,,
2025-02-06,111,39,,,
2025-02-07,106,50,,,
2025-02-08,89,28,,,
2025-02-09,94,33,,,
2025-02-10,100,33,,,
2025-02-11,89,33,,,
2025-02-12,72,17,,,
2025-02-13,100,72,,,
2025-02-14,100,50,,,
2025-02-15,111,61,,,
2025-02-16,139,61,,,
2025-02-17,117,56,,,
2025-02-18,139,67,,,
2025-02-19,122,89,,,
2025-02-20,150,78,,,
2025-02-21,144,78,,,
2025-02-22,178,111,,,
2025-02-23,183,128,,,
2025-02-24,167,89,,,
2025-02-25,167,83,,,
2025-02-26,200,106,,,
2025-02-27,161,117,,,
2025-02-28,239,150,,,
2025-03-01,172,61,,,
2025-03-02,100,39,,,
2025-03-03,117,33,,,
2025-03-04,111,44,,,
2025-03-05,89,39,,,
2025-03-06,100,28,,,
2025-03-07,133,61,,,
2025-03-08,144,94,,,
2025-03-09,178,83,,,
2025-03-10,156,94,,,
2025-03-11,150,72,,,
2025-03-12,106,33,,,
2025-03-13,78,28,,,
2025-03-14,83,6,,,
2025-03-15,117,44,,,
2025-03-16,117,56,,,
2025-03-17,83,39,,,
2025-03-18,111,39,,,
2025-03-19,139,61,,,
2025-03-20,150,50,,,
2025-03-21,156,78,,,
2025-03-22,150,89,,,
2025-03-23,200,100,,,
2025-03-24,211,144,,,
2025-03-25,239,172,,,
2025-03-26,183,94,,,
2025-03-27,133,78,,,
2025-03-28,122,50,,,
2025-03-29,144,39,,,
2025-03-30,139,56,,,
2025-03-31,111,44,,,
2025-04-01,94,44,,,
2025-04-02,128,39,,,
2025-04-03,139,39,,,
2025-04-04,172,89,,,
2025-04-05,194,133,,,
2025-04-06,206,100,,,
2025-04-07,161,89,,,
2025-04-08,189,83,,,
2025-04-09,228,139,,,
2025-04-10,222,150,,,
2025-04-11,217,78,,,
2025-04-12,183,50,,,
2025-04-13,228,128,,,
2025-04-14,256,133,,,
2025-04-15,156,78,,,
2025-04-16,139,67,,,
2025-04-17,139,72,,,
2025-04-18,194,67,,,
2025-04-19,206,111,,,
2025-04-20,239,117,,,
2025-04-21,239,144,,,
2025-04-22,228,78,,,
2025-04-23,133,56,,,
2025-04-24,100,56,,,
2025-04-25,111,50,,,
2025-04-26,128,50,,,
2025-04-27,128,61,,,
2025-04-28,206,72,,,
2025-04-29,261,156,,,
2025-04-30,261,150,,,
2025-05-01,244,128,,,
2025-05-02,178,67,,,
2025-05-03,122,61,,,
2025-05-04,206,78,,,
2025-05-05,239,144,,,
2025-05-06,267,122,,,
2025-05-07,217,100,,,
2025-05-08,278,156,,,
2025-05-09,317,206,,,
2025-05-10,294,161,,,
2025-05-11,172,72,,,
2025-05-12,133,67,,,
2025-05-13,183,67,,,
2025-05-14,228,111,,,
2025-05-15,250,150,,,
2025-05-16,256,78,,,
2025-05-17,172,78,,,
2025-05-18,233,106,,,
2025-05-19,272,144,,,
2025-05-20,261,161,,,
2025-05-21,294,189,,,
2025-05-22,222,72,,,
2025-05-23,183,67,,,
2025-05-24,200,72,,,
2025-05-25,172,67,,,
2025-05-26,200,83,,,
2025-05-27,283,150,,,
2025-05-28,233,89,,,
2025-05-29,283,83,,,
2025-05-30,361,233,,,
2025-05-31,350,217,,,
2025-06-01,239,150,,,
2025-06-02,278,139,,,
2025-06-03,278,122,,,
2025-06-04,294,172,,,
2025-06-05,250,156,,,
2025-06-06,306,167,,,
2025-06-07,300,161,,,
2025-06-08,283,167,,,
2025-06-09,294,206,,,
2025-06-10,294,161,,,
2025-06-11,239,117,,,
2025-06-12,256,94,,,
2025-06-13,239,150,,,
2025-06-14,256,128,,,
2025-06-15,294,167,,,
2025-06-16,250,161,,,
2025-06-17,294,167,,,
2025-06-18,339,222,,,
2025-06-19,233,78,,,
2025-06-20,178,72,,,
2025-06-21,222,94,,,
2025-06-22,244,144,,,
2025-06-23,289,167,,,
2025-06-24,267,139,,,
2025-06-25,289,150,,,
2025-06-26,283,161,,,
2025-06-27,333,228,,,
2025-06-28,339,217,,,
2025-06-29,317,217,,,
2025-06-30,322,217,,,
2025-07-01,322,228,,,
2025-07-02,328,189,,,
2025-07-03,239,167,,,
2025-07-04,222,94,,,
2025-07-05,283,117,,,
2025-07-06,317,206,,,
2025-07-07,289,172,,,
2025-07-08,267,133,,,
2025-07-09,306,156,,,
2025-07-10,344,239,,,
2025-07-11,367,256,,,
2025-07-12,328,228,,,
2025-07-13,322,233,,,
2025-07-14,350,222,,,
2025-07-15,278,178,,,
2025-07-16,244,144,,,
2025-07-17,283,156,,,
2025-07-18,300,189,,,
2025-07-19,300,183,,,
2025-07-20,267,106,,,
2025-07-21,194,106,,,
2025-07-22,189,106,,,
2025-07-23,233,100,,,
2025-07-24,244,122,,,
2025-07-25,256,106,,,
2025-07-26,222,100,,,
2025-07-27,239,106,,,
2025-07-28,300,156,,,
2025-07-29,294,122,,,
2025-07-30,256,111,,,
2025-07-31,328,156,,,
2025-08-01,306,161,,,
2025-08-02,294,150,,,
2025-08-03,250,128,,,
2025-08-04,261,111,,,
2025-08-05,278,117,,,
2025-08-06,328,211,,,
2025-08-07,322,189,,,
2025-08-08,328,239,,,
2025-08-09,356,261,,,
2025-08-10,361,244,,,
2025-08-11,328,239,,,
2025-08-12,317,194,,,
2025-08-13,283,161,,,
2025-08-14,300,128,,,
2025-08-15,311,133,,,
2025-08-16,211,133,,,
2025-08-17,200,111,,,
2025-08-18,267,111,,,
2025-08-19,289,167,,,
2025-08-20,344,222,,,
2025-08-21,361,261,,,
2025-08-22,372,272,,,
2025-08-23,361,244,,,
2025-08-24,339,211,,,
2025-08-25,339,233,,,
2025-08-26,328,206,,,
2025-08-27,294,178,,,
2025-08-28,322,178,,,
2025-08-29,317,206,,,
2025-08-30,339,261,,,
2025-08-31,350,250,,,
2025-09-01,344,261,,,
2025-09-02,328,194,,,
2025-09-03,317,217,,,
2025-09-04,256,128,,,
2025-09-05,256,122,,,
2025-09-06,233,117,,,
2025-09-07,278,128,,,
2025-09-08,233,150,,,
2025-09-09,222,133,,,
2025-09-10,206,128,,,
2025-09-11,228,128,,,
2025-09-12,267,161,,,
2025-09-13,239,117,,,
2025-09-14,267,122,,,
2025-09-15,283,189,,,
2025-09-16,306,233,,,
2025-09-17,328,244,,,
2025-09-18,261,200,,,
2025-09-19,272,167,,,
2025-09-20,278,172,,,
2025-09-21,294,194,,,
2025-09-22,300,222,,,
2025-09-23,322,228,,,
2025-09-24,239,178,,,
2025-09-25,261,161,,,
2025-09-26,294,200,,,
2025-09-27,239,139,,,
2025-09-28,189,139,,,
2025-09-29,200,139,,,
2025-09-30,217,133,,,
2025-10-01,228,133,,,
2025-10-02,172,122,,,
2025-10-03,172,106,,,
2025-10-04,228,139,,,
2025-10-05,217,156,,,
2025-10-06,244,167,,,
2025-10-07,272,189,,,
2025-10-08,233,122,,,
2025-10-09,211,111,,,
2025-10-10,211,106,,,
2025-10-11,183,100,,,
2025-10-12,200,100,,,
2025-10-13,133,67,,,
2025-10-14,100,72,,,
2025-10-15,122,78,,,
2025-10-16,172,89,,,
2025-10-17,189,133,,,
2025-10-18,211,150,,,
2025-10-19,233,167,,,
2025-10-20,217,133,,,
2025-10-21,222,144,,,
2025-10-22,161,106,,,
2025-10-23,206,117,,,
2025-10-24,211,128,,,
2025-10-25,144,111,,,
2025-10-26,161,89,,,
2025-10-27,161,89,,,
2025-10-28,206,128,,,
2025-10-29,233,139,,,
2025-10-30,228,161,,,
2025-10-31,233,150,,,
2025-11-01,222,172,,,
2025-11-02,217,167,,,
2025-11-03,189,117,,,
2025-11-04,217,111,,,
2025-11-05,139,111,,,
2025-11-06,183,106,,,
2025-11-07,178,128,,,
2025-11-08,200,128,,,
2025-11-09,222,156,,,
2025-11-10,250,194,,,
2025-11-11,233,156,,,
2025-11-12,167,100,,,
2025-11-13,144,106,,,
2025-11-14,128,94,,,
2025-11-15,178,100,,,
2025-11-16,128,89,,,
2025-11-17,100,67,,,
2025-11-18,128,61,,,
2025-11-19,111,61,,,
2025-11-20,94,67,,,
2025-11-21,133,56,,,
2025-11-22,167,89,,,
2025-11-23,161,67,,,
2025-11-24,144,61,,,
2025-11-25,117,56,,,
2025-11-26,144,44,,,
2025-11-27,200,89,,,
2025-11-28,161,72,,,
2025-11-29,100,33,,,
2025-11-30,94,28,,,
2025-12-01,61,28,,,
2025-12-02,156,72,,,
2025-12-03,122,56,,,
2025-12-04,111,22,,,
2025-12-05,139,94,,,
2025-12-06,161,39,,,
2025-12-07,161,44,,,
2025-12-08,161,72,,,
2025-12-09,183,100,,,
2025-12-10,167,83,,,
2025-12-11,189,128,,,
2025-12-12,161,117,,,
2025-12-13,222,117,,,
2025-12-14,167,100,,,
2025-12-15,189,122,,,
2025-12-16,189,94,,,
2025-12-17,144,89,,,
2025-12-18,144,83,,,
2025-12-19,133,106,,,
2025-12-20,139,122,,,
2025-12-21,133,111,,,
2025-12-22,161,111,,,
2025-12-23,139,106,,,
2025-12-24,139,83,,,
2025-12-25,111,67,,,
2025-12-26,106,56,,,
2025-12-27,78,50,,,
2025-12-28,89,44,,,
2025-12-29,111,61,,,
2025-12-30,106,72,,,
2025-12-31,111,56,,,
2026-01-01,117,61,,,
2026-01-02,117,100,,,
2026-01-03,117,89,,,
2026-01-04,94,61,,,
2026-01-05,106,67,,,
2026-01-06,117,78,,,
2026-01-07,117,56,,,
2026-01-08,83,33,,,
2026-01-09,94,33,,,
2026-01-10,94,44,,,
2026-01-11,122,83,,,
2026-01-12,133,83,,,
2026-01-13,178,83,,,
2026-01-14,172,122,,,
2026-01-15,172,94,,,
2026-01-16,183,133,,,
2026-01-17,161,122,,,
2026-01-18,178,128,,,
2026-01-19,144,122,,,
2026-01-20,133,89,,,
2026-01-21,172,117,,,
2026-01-22,156,111,,,
2026-01-23,133,89,,,
2026-01-24,128,56,,,
2026-01-25,89,39,,,
2026-01-26,122,39,,,
2026-01-27,150,83,,,
2026-01-28,111,83,,,
2026-01-29,167,83,,,
2026-01-30,144,100,,,
2026-01-31,167,100,,,
2026-02-01,189,128,,,
2026-02-02,183,111,,,
2026-02-03,156,117,,,
2026-02-04,156,133,,,
2026-02-05,189,117,,,
2026-02-06,200,133,,,
2026-02-07,189,139,,,
2026-02-08,194,100,,,
2026-02-09,122,72,,,
2026-02-10,133,72,,,
2026-02-11,106,72,,,
2026-02-12,128,61,,,
2026-02-13,156,61,,,
2026-02-14,144,78,,,
2026-02-15,128,67,,,
2026-02-16,78,33,,,
2026-02-17,44,6,,,
2026-02-18,56,6,,,
2026-02-19,72,11,,,
2026-02-20,72,22,,,
2026-02-21,128,33,,,
2026-02-22,167,67,,,
2026-02-23,172,100,,,
2026-02-24,183,122,,,
2026-02-25,167,117,,,
2026-02-26,206,133,,,
2026-02-27,217,144,,,
2026-02-28,239,144,,,
2026-03-01,183,89,,,
2026-03-02,172,83,,,
2026-03-03,183,83,,,
2026-03-04,156,72,,,
2026-03-05,156,78,,,
2026-03-06,161,83,,,
2026-03-07,189,111,,,
2026-03-08,217,139,,,
2026-03-09,211,100,,,
2026-03-10,183,78,,,
2026-03-11,217,128,,,
2026-03-12,250,161,,,
2026-03-13,211,144,,,
2026-03-14,228,167,,,
2026-03-15,233,167,,,
2026-03-16,250,189,,,
2026-03-17,250,194,,,
2026-03-18,267,211,,,
2026-03-19,272,211,,,
2026-03-20,306,200,,,
2026-03-21,261,172,,,
2026-03-22,261,161,,,
2026-03-23,272,183,,,
2026-03-24,272,183,,,
2026-03-25,233,133,,,
2026-03-26,211,122,,,
2026-03-27,256,156,,,
2026-03-28,244,161,,,
2026-03-29,278,183,,,
2026-03-30,250,150,,,
2026-03-31,167,100,,,
2026-04-01,139,89,,,
2026-04-02,144,50,,,
2026-04-03,189,83,,,
2026-04-04,222,128,,,
2026-04-05,239,161,,,
2026-04-06,233,100,,,
2026-04-07,217,78,,,
2026-04-08,250,139,,,
2026-04-09,228,100,,,
2026-04-10,156,94,,,
2026-04-11,128,56,,,
2026-04-12,106,56,,,
2026-04-13,144,61,,,
2026-04-14,144,61,,,
2026-04-15,161,50,,,
2026-04-16,172,61,,,
2026-04-17,183,83,,,
2026-04-18,206,117,,,
2026-04-19,233,106,,,
2026-04-20,172,83,,,
2026-04-21,117,67,,,
2026-04-22,150,67,,,
2026-04-23,183,89,,,
2026-04-24,189,67,,,
2026-04-25,117,67,,,
2026-04-26,128,67,,,
2026-04-27,144,61,,,
2026-04-28,183,67,,,
2026-04-29,222,128,,,
2026-04-30,244,156,,,
2026-05-01,244,133,,,
2026-05-02,161,78,,,
2026-05-03,150,72,,,
2026-05-04,156,72,,,
2026-05-05,122,72,,,
2026-05-06,217,89,,,
2026-05-07,261,139,,,
2026-05-08,239,89,,,
2026-05-09,272,150,,,
2026-05-10,289,117,,,
2026-05-11,311,200,,,
2026-05-12,256,89,,,
2026-05-13,194,89,,,
2026-05-14,261,167,,,
2026-05-15,272,139,,,
2026-05-16,233,117,,,
2026-05-17,194,122,,,
2026-05-18,244,122,,,
2026-05-19,267,172,,,
2026-05-20,300,200,,,
2026-05-21,311,189,,,
2026-05-22,272,150,,,
2026-05-23,239,122,,,
2026-05-24,211,117,,,
2026-05-25,161,83,,,
2026-05-26,167,78,,,
2026-05-27,189,72,,,
2026-05-28,150,78,,,
2026-05-29,172,94,,,
2026-05-30,239,122,,,
2026-05-31,272,161,,,
2026-06-01,300,189,,,
2026-06-02,283,178,,,
2026-06-03,289,150,,,
2026-06-04,300,144,,,
2026-06-05,322,122,,,
2026-06-06,200,83,,,
2026-06-07,256,78,,,
2026-06-08,222,100,,,
2026-06-09,244,117,,,
2026-06-10,311,194,,,
2026-06-11,339,233,,,
2026-06-12,350,233,,,
2026-06-13,356,217,,,
2026-06-14,322,206,,,
2026-06-15,322,194,,,
2026-06-16,294,183,,,
2026-06-17,283,167,,,
2026-06-18,239,117,,,
2026-06-19,222,106,,,
2026-06-20,228,111,,,
2026-06-21,283,133,,,
2026-06-22,306,161,,,
2026-06-23,311,194,,,
2026-06-24,267,156,,,
2026-06-25,261,94,,,
2026-06-26,194,89,,,
2026-06-27,183,94,,,
2026-06-28,256,100,,,
2026-06-29,278,156,,,
2026-06-30,289,139,,,
2026-07-01,244,117,,,
2026-07-02,267,139,,,
2026-07-03,306,156,,,
2026-07-04,311,194,,,
2026-07-05,278,150,,,
2026-07-06,289,111,,,
2026-07-07,211,89,,,
2026-07-08,289,83,,,
2026-07-09,339,217,,,
2026-07-10,278,194,,,
2026-07-11,344,222,,,
2026-07-12,306,217,,,
2026-07-13,311,256,,,
2026-07-14,372,244,,,
2026-07-15,356,239,,,
2026-07-16,278,178,,,
2026-07-17,272,161,,,
2026-07-18,300,167,,,
2026-07-19,333,217,,,
2026-07-20,328,206,,,
2026-07-21,361,206,,,
2026-07-22,256,161,,,
2026-07-23,311,172,,,
2026-07-24,306,194,,,
2026-07-25,311,200,,,
2026-07-26,289,194,,,
2026-07-27,278,161,,,
2026-07-28,317,144,,,
2026-07-29,322,206,,,
2026-07-30,306,200,,,
2026-07-31,361,206,,,
2026-08-01,361,256,,,
2026-08-02,333,256,,,
