DATE,TMAX,TMIN,PRCP,SNWD,SNOW
1997-09-19,172,106,,,
1997-09-20,211,89,,,
1997-09-21,256,122,,,
1997-09-22,256,128,,,
1997-09-23,278,161,,,
1997-09-24,267,156,,,
1997-09-25,222,139,,,
1997-09-26,183,56,,,
1997-09-27,183,33,,,
1997-09-28,239,100,,,
1997-09-29,256,139,,,
1997-09-30,256,156,,,
1997-10-01,211,61,,,
1997-10-02,94,28,,,
1997-10-03,161,56,,,
1997-10-04,161,56,,,
1997-10-05,139,33,,,
1997-10-06,83,11,,,
1997-10-07,83,0,,,
1997-10-08,78,28,,,
1997-10-09,67,6,,,
1997-10-10,44,-6,,,
1997-10-11,50,-11,,,
1997-10-12,111,0,,,
1997-10-13,189,39,,,
1997-10-14,217,89,,,
1997-10-15,233,117,,,
1997-10-16,239,117,,,
1997-10-17,206,111,,,
1997-10-18,200,106,,,
1997-10-19,144,56,,,
1997-10-20,167,44,,,
1997-10-21,206,83,,,
1997-10-22,183,72,,,
1997-10-23,83,0,,,
1997-10-24,78,-28,,,
1997-10-25,144,0,,,
1997-10-26,122,33,,,
1997-10-27,150,39,,,
1997-10-28,111,56,,,
1997-10-29,78,28,,,
1997-10-30,122,56,,,
1997-10-31,133,67,,,
1997-11-01,178,67,,,
1997-11-02,211,78,,,
1997-11-03,189,122,,,
1997-11-04,183,111,,,
1997-11-05,194,106,,,
1997-11-06,139,50,,,
1997-11-07,83,17,,,
1997-11-08,100,6,,,
1997-11-09,78,28,,,
1997-11-10,78,28,,,
1997-11-11,56,11,,,
1997-11-12,89,0,,,
1997-11-13,33,0,,,
1997-11-14,56,0,,,
1997-11-15,22,0,,,
1997-11-16,33,6,,,
1997-11-17,39,0,,,
1997-11-18,39,-6,,,
1997-11-19,39,0,,,
1997-11-20,56,-6,,,
1997-11-21,50,0,,,
1997-11-22,89,17,,,
1997-11-23,72,33,,,
1997-11-24,50,6,,,
1997-11-25,72,-6,,,
1997-11-26,44,28,,,
1998-05-21,94,28,,,
1998-05-22,161,17,,,
1998-05-23,106,50,,,
1998-05-24,111,44,,,
1998-05-25,72,0,,,
1998-05-26,39,-11,,,
1998-05-27,72,-11,,,
1998-05-28,122,0,,,
1998-05-29,44,0,,,
1998-05-30,150,22,,,
1998-05-31,222,67,,,
1998-06-01,239,111,,,
1998-06-02,172,61,,,
1998-06-03,139,56,,,
1998-06-04,161,61,,,
1998-06-05,194,61,,,
1998-06-06,189,94,,,
1998-06-07,161,72,,,
1998-06-08,167,61,,,
1998-06-09,200,72,,,
1998-06-10,117,56,,,
1998-06-11,139,61,,,
1998-06-12,172,89,,,
1998-06-13,167,83,,,
1998-06-14,206,72,,,
1998-06-15,211,78,,,
1998-06-16,144,22,,,
1998-06-17,228,50,,,
1998-06-18,206,117,,,
1998-06-19,217,72,,,
1998-06-20,233,111,,,
1998-06-21,228,111,,,
1998-06-22,200,94,,,
1998-06-23,183,89,,,
1998-06-24,150,89,,,
1998-06-25,150,44,,,
1998-06-26,161,33,,,
1998-06-27,250,72,,,
1998-06-28,239,117,,,
1998-06-29,256,128,,,
1998-06-30,239,117,,,
1998-07-01,256,117,,,
1998-07-02,256,106,,,
1998-07-03,239,106,,,
1998-07-04,250,106,,,
1998-07-05,261,111,,,
1998-07-06,311,139,,,
1998-07-07,294,161,,,
1998-07-08,283,161,,,
1998-07-09,261,150,,,
1998-07-10,244,122,,,
1998-07-11,250,106,,,
1998-07-12,289,133,,,
1998-07-13,261,150,,,
1998-07-14,272,144,,,
1998-07-15,306,161,,,
1998-07-16,356,172,,,
1998-07-17,339,189,,,
1998-07-18,322,167,,,
1998-07-19,350,194,,,
1998-07-20,328,189,,,
1998-07-21,339,183,,,
1998-07-22,300,161,,,
1998-07-23,256,156,,,
1998-07-24,278,144,,,
1998-07-25,256,167,,,
1998-07-26,294,178,,,
1998-07-27,306,200,,,
1998-07-28,322,200,,,
1998-07-29,272,150,,,
1998-07-30,250,117,,,
1998-07-31,250,106,,,
1998-08-01,289,128,,,
1998-08-02,322,178,,,
1998-08-03,344,200,,,
1998-08-04,356,217,,,
1998-08-05,339,233,,,
1998-08-06,311,167,,,
1998-08-07,294,139,,,
1998-08-08,283,161,,,
1998-08-09,289,150,,,
1998-08-10,300,144,,,
1998-08-11,317,161,,,
1998-08-12,356,172,,,
1998-08-13,356,211,,,
1998-08-14,328,206,,,
1998-08-15,289,150,,,
1998-08-16,278,133,,,
1998-08-17,250,100,,,
1998-08-18,256,111,,,
1998-08-19,239,106,,,
1998-08-20,233,106,,,
1998-08-21,250,117,,,
1998-08-22,250,117,,,
1998-08-23,261,106,,,
1998-08-24,278,139,,,
1998-08-25,261,144,,,
1998-08-26,261,117,,,
1998-08-27,311,150,,,
1998-08-28,311,183,,,
1998-08-29,311,189,,,
1998-08-30,322,206,,,
1998-08-31,322,189,,,
1998-09-01,339,217,,,
1998-09-02,356,200,,,
1998-09-03,350,206,,,
1998-09-04,333,194,,,
1998-09-05,222,161,,,
1998-09-06,267,172,,,
1998-09-07,261,156,,,
1998-09-08,228,128,,,
1998-09-09,183,78,,,
1998-09-10,167,61,,,
1998-09-11,222,94,,,
1998-09-12,250,128,,,
1998-09-13,267,150,,,
1998-09-14,294,178,,,
1998-09-15,267,167,,,
1998-09-16,261,167,,,
1998-09-17,228,106,,,
1998-09-18,161,61,,,
1998-09-19,172,50,,,
1998-09-20,183,50,,,
1998-09-21,178,50,,,
1998-09-22,189,94,,,
1998-09-23,206,78,,,
1998-09-24,233,94,,,
1998-09-25,117,39,,,
1998-09-26,94,28,,,
1998-09-27,144,61,,,
1998-09-28,206,56,,,
1998-09-29,228,100,,,
1998-09-30,233,100,,,
1998-10-01,161,83,,,
1998-10-02,122,28,,,
1998-10-03,111,17,,,
1998-10-04,122,6,,,
1998-10-05,183,33,,,
1998-10-06,178,78,,,
1998-10-07,172,83,,,
1998-10-08,139,44,,,
1998-10-09,117,28,,,
1998-10-10,144,0,,,
1998-10-11,172,44,,,
1998-10-12,178,72,,,
1998-10-13,144,44,,,
1998-10-14,111,17,,,
1998-10-15,78,-11,,,
1998-10-16,89,-22,,,
1998-10-17,172,17,,,
1998-10-18,161,56,,,
1998-10-19,156,61,,,
1998-10-20,200,61,,,
1998-10-21,200,100,,,
1998-10-22,194,89,,,
1998-10-23,178,89,,,
1998-10-24,111,11,,,
1998-10-25,100,50,,,
1998-10-26,150,50,,,
1998-10-27,133,56,,,
1998-10-28,83,11,,,
1998-10-29,94,11,,,
1998-10-30,117,0,,,
1998-10-31,106,17,,,
1998-11-01,78,0,,,
1998-11-02,94,6,,,
1998-11-03,50,0,,,
1998-11-04,83,17,,,
1998-11-05,44,-11,,,
1998-11-08,28,-17,,,
1998-11-09,44,-22,,,
1998-11-10,-6,-17,,,
1998-11-25,50,50,,,
1998-11-28,22,-356,,,
2000-05-02,167,83,,,
2000-05-03,150,72,,,
2000-05-04,133,56,,,
2000-05-05,117,39,,,
2000-05-06,94,-6,,,
2000-05-07,83,-6,,,
2000-05-08,111,39,,,
2000-05-09,89,22,,,
2000-05-10,22,-39,,,
2000-05-11,61,-28,,,
2000-05-12,111,0,,,
2000-05-13,117,56,,,
2000-05-14,150,50,,,
2000-05-15,89,22,,,
2000-05-16,100,22,,,
2000-05-17,139,28,,,
2000-05-18,194,44,,,
2000-05-19,228,89,,,
2000-05-20,250,100,,,
2000-05-21,267,139,,,
2000-05-22,250,139,,,
2000-05-23,239,122,,,
2000-05-24,239,122,,,
2000-05-25,183,89,,,
2000-05-26,189,67,,,
2000-05-27,206,111,,,
2000-05-28,172,72,,,
2000-05-29,194,39,,,
2000-05-30,117,11,,,
2000-05-31,167,-6,,,
2000-06-01,239,89,,,
2000-06-02,222,106,,,
2000-06-03,272,122,,,
2000-06-04,244,139,,,
2000-06-05,200,94,,,
2000-06-06,217,78,,,
2000-06-07,194,67,,,
2000-06-08,89,39,,,
2000-06-09,111,33,,,
2000-06-10,144,44,,,
2000-06-11,167,56,,,
2000-06-12,167,89,,,
2000-06-13,256,78,,,
2000-06-14,317,156,,,
2000-06-15,278,144,,,
2000-06-16,222,89,,,
2000-06-17,278,128,,,
2000-06-18,256,128,,,
2000-06-19,228,83,,,
2000-06-20,283,111,,,
2000-06-21,294,167,,,
2000-06-22,289,150,,,
2000-06-23,289,139,,,
2000-06-24,289,144,,,
2000-06-25,283,139,,,
2000-06-26,289,167,,,
2000-06-27,306,161,,,
2000-06-28,311,172,,,
2000-06-29,311,167,,,
2000-06-30,261,156,,,
2000-07-01,228,106,,,
2000-07-02,228,89,,,
2000-07-03,189,67,,,
2000-07-04,178,56,,,
2000-07-05,156,56,,,
2000-07-06,206,50,,,
2000-07-07,206,94,,,
2000-07-08,217,83,,,
2000-07-09,256,100,,,
2000-07-10,261,117,,,
2000-07-11,289,139,,,
2000-07-12,278,144,,,
2000-07-13,250,139,,,
2000-07-14,256,117,,,
2000-07-15,267,139,,,
2000-07-16,250,156,,,
2000-07-17,256,122,,,
2000-07-18,261,111,,,
2000-07-19,289,144,,,
2000-07-20,306,144,,,
2000-07-21,294,167,,,
2000-07-22,278,144,,,
2000-07-23,289,133,,,
2000-07-24,289,150,,,
2000-07-25,283,156,,,
2000-07-26,267,144,,,
2000-07-27,278,133,,,
2000-07-28,300,156,,,
2000-07-29,344,156,,,
2000-07-30,300,183,,,
2000-07-31,333,194,,,
2000-08-01,322,178,,,
2000-08-02,339,183,,,
2000-08-03,306,194,,,
2000-08-04,294,189,,,
2000-08-05,300,167,,,
2000-08-06,306,167,,,
2000-08-07,311,172,,,
2000-08-08,289,156,,,
2000-08-09,261,144,,,
2000-08-10,233,133,,,
2000-08-11,278,122,,,
2000-08-12,283,156,,,
2000-08-13,267,150,,,
2000-08-14,278,122,,,
2000-08-15,278,117,,,
2000-08-16,300,128,,,
2000-08-17,267,133,,,
2000-08-18,244,111,,,
2000-08-19,228,89,,,
2000-08-20,244,89,,,
2000-08-21,289,106,,,
2000-08-22,289,133,,,
2000-08-23,261,150,,,
2000-08-24,256,128,,,
2000-08-25,267,150,,,
2000-08-26,272,156,,,
2000-08-27,278,144,,,
2000-08-28,289,156,,,
2000-08-29,289,144,,,
2000-08-30,244,122,,,
2000-08-31,167,89,,,
2000-09-01,94,28,,,
2000-09-02,89,6,,,
2000-09-03,106,28,,,
2000-09-04,122,17,,,
2000-09-05,128,28,,,
2000-09-06,200,50,,,
2000-09-07,239,94,,,
2000-09-08,206,78,,,
2000-09-09,228,50,,,
2000-09-10,239,117,,,
2000-09-11,272,133,,,
2000-09-12,272,144,,,
2000-09-13,289,156,,,
2000-09-14,256,128,,,
2000-09-15,233,117,,,
2000-09-16,200,89,,,
2000-09-17,250,89,,,
2000-09-18,283,156,,,
2000-09-19,278,161,,,
2000-09-20,272,128,,,
2000-09-21,217,100,,,
2000-09-22,117,28,,,
2000-09-23,150,-17,,,
2000-09-24,211,72,,,
2000-09-25,228,106,,,
2000-09-26,233,122,,,
2000-09-27,256,128,,,
2000-09-28,222,111,,,
2000-09-29,228,106,,,
2000-09-30,250,111,,,
2000-10-01,228,117,,,
2000-10-02,200,100,,,
2000-10-03,217,78,,,
2000-10-04,217,106,,,
2000-10-05,244,100,,,
2000-10-06,250,128,,,
2000-10-07,250,139,,,
2000-10-08,244,128,,,
2000-10-09,128,28,,,
2000-10-10,22,6,,,
2000-10-11,33,0,,,
2000-10-12,56,11,,,
2000-10-13,100,28,,,
2000-10-14,156,50,,,
2000-10-15,139,50,,,
2000-10-16,178,67,,,
2000-10-17,178,94,,,
2000-10-18,172,83,,,
2000-10-19,183,83,,,
2000-10-20,111,6,,,
2000-10-21,61,-11,,,
2000-10-22,78,-17,,,
2000-10-23,156,6,,,
2000-10-24,144,56,,,
2000-10-25,89,17,,,
2000-10-26,72,0,,,
2000-10-27,106,6,,,
2000-10-28,50,0,,,
2000-10-29,39,-6,,,
2000-10-30,56,-6,,,
2000-10-31,78,-6,,,
2000-11-01,72,0,,,
2000-11-02,83,17,,,
2000-11-03,128,17,,,
2000-11-04,117,11,,,
2000-11-05,61,0,,,
2000-11-06,39,-11,,,
2000-11-07,89,-22,,,
2000-11-08,61,-33,,,
2000-11-09,6,-50,,,
2000-11-10,-11,-61,,,
2000-11-11,6,-61,,,
2000-11-12,39,-50,,,
2000-11-13,6,-50,,,
2000-11-14,-33,-50,,,
2000-11-15,-6,-44,,,
2000-11-16,22,-61,,,
2000-11-17,78,-39,,,
2000-11-18,106,0,,,
2000-11-19,100,28,,,
2000-11-20,106,11,,,
2000-11-21,100,0,,,
2000-11-22,67,-11,,,
2000-11-23,67,11,,,
2000-11-24,78,0,,,
2000-11-25,72,0,,,
2000-11-26,50,22,,,
2000-11-27,39,22,,,
2000-11-28,111,17,,,
2000-11-29,61,-11,,,
2000-11-30,78,-11,,,
2000-12-01,106,0,,,
2000-12-02,106,22,,,
2000-12-03,106,28,,,
2000-12-04,139,56,,,
2000-12-05,144,50,,,
2000-12-06,139,50,,,
2000-12-07,106,33,,,
2000-12-08,94,22,,,
2000-12-09,33,11,,,
2000-12-10,33,-17,,,
2000-12-11,6,-22,,,
2000-12-12,22,-44,,,
2000-12-13,0,-22,,,
2000-12-14,6,-17,,,
2000-12-15,22,-17,,,
2000-12-16,89,-11,,,
2000-12-17,28,-44,,,
2000-12-18,89,-17,,,
2000-12-19,67,11,,,
2000-12-20,72,22,,,
2000-12-21,61,-6,,,
2000-12-22,22,-6,,,
2000-12-23,17,-11,,,
2000-12-24,28,-33,,,
2000-12-25,72,-28,,,
2000-12-26,106,0,,,
2000-12-27,72,22,,,
2000-12-28,128,28,,,
2000-12-29,100,33,,,
2000-12-30,128,44,,,
2000-12-31,122,39,,,
2001-01-01,117,28,,,
2001-01-02,117,28,,,
2001-01-03,128,39,,,
2001-01-04,156,67,,,
2001-01-05,139,72,,,
2001-01-06,122,28,,,
2001-01-07,89,33,,,
2001-01-08,50,-11,,,
2001-01-09,22,-33,,,
2001-01-10,28,-22,,,
2001-01-11,17,-33,,,
2001-01-12,22,-33,,,
2001-01-13,-17,-44,,,
2001-01-14,-6,-50,,,
2001-01-15,-22,-83,,,
2001-01-16,6,-94,,,
2001-01-17,50,-72,,,
2001-01-18,83,-11,,,
2001-01-19,72,0,,,
2001-01-20,56,0,,,
2001-01-21,72,17,,,
2001-01-22,100,0,,,
2001-01-23,44,0,,,
2001-01-24,6,-39,,,
2001-01-25,-22,-50,,,
2001-01-26,11,-44,,,
2001-01-27,17,-61,,,
2001-01-28,50,-50,,,
2001-01-29,-17,-72,,,
2001-01-30,-6,-78,,,
2001-01-31,50,-50,,,
2001-02-01,61,-28,,,
2001-02-02,39,17,,,
2001-02-03,89,28,,,
2001-02-04,128,56,,,
2001-02-05,83,-6,,,
2001-02-06,11,-72,,,
2001-02-07,-22,-111,,,
2001-02-08,11,-78,,,
2001-02-09,-6,-44,,,
2001-02-10,-17,-56,,,
2001-02-11,-17,-67,,,
2001-02-12,6,-78,,,
2001-02-13,22,-72,,,
2001-02-14,56,-78,,,
2001-02-15,17,-44,,,
2001-02-16,56,-28,,,
2001-02-17,50,-6,,,
2001-02-18,33,0,,,
2001-02-19,28,-6,,,
2001-02-20,11,0,,,
2001-02-21,39,0,,,
2001-02-22,6,-44,,,
2001-02-23,-6,-50,,,
2001-02-24,6,-33,,,
2001-02-25,56,-17,,,
2001-02-26,61,-11,,,
2001-02-27,56,-33,,,
2001-02-28,56,-61,,,
2001-03-01,33,-22,,,
2001-03-02,-6,-50,,,
2001-03-03,11,-61,,,
2001-03-04,44,0,,,
2001-03-05,56,17,,,
2001-03-06,150,39,,,
2001-03-07,156,50,,,
2001-03-08,78,-22,,,
2001-03-09,11,-39,,,
2001-03-10,72,-50,,,
2001-03-11,78,-33,,,
2001-03-12,139,0,,,
2001-03-13,139,39,,,
2001-03-14,106,-11,,,
2001-03-15,56,-6,,,
2001-03-16,61,-39,,,
2001-03-17,72,0,,,
2001-03-18,150,44,,,
2001-03-19,150,78,,,
2001-03-20,122,72,,,
2001-03-21,161,61,,,
2001-03-22,172,67,,,
2001-03-23,167,61,,,
2001-03-24,128,44,,,
2001-03-25,78,0,,,
2001-03-26,83,-6,,,
2001-03-27,111,0,,,
2001-03-28,117,33,,,
2001-03-29,133,6,,,
2001-03-30,139,33,,,
2001-03-31,172,50,,,
2001-04-01,144,-6,,,
2001-04-02,11,-56,,,
2001-04-03,6,-61,,,
2001-04-04,50,-44,,,
2001-04-05,106,-22,,,
2001-04-06,17,-39,,,
2001-04-07,-6,-67,,,
2001-04-08,11,-67,,,
2001-04-09,39,-56,,,
2001-04-10,44,-39,,,
2001-04-11,17,-39,,,
2001-04-12,67,-50,,,
2001-04-13,28,-11,,,
2001-04-14,94,-28,,,
2001-04-15,128,6,,,
2001-04-16,150,33,,,
2001-04-17,122,28,,,
2001-04-18,100,0,,,
2001-04-19,39,-11,,,
2001-04-20,28,-22,,,
2001-04-21,72,-22,,,
2001-04-22,111,6,,,
2001-04-23,150,44,,,
2001-04-24,211,83,,,
2001-04-25,228,111,,,
2001-04-26,217,106,,,
2001-04-27,183,72,,,
2001-04-28,83,6,,,
2001-04-29,144,17,,,
2001-04-30,167,50,,,
2001-05-01,89,-11,,,
2001-05-02,78,-28,,,
2001-05-03,150,-6,,,
2001-05-04,200,78,,,
2001-05-05,183,67,,,
2001-05-06,206,56,,,
2001-05-07,261,94,,,
2001-05-08,256,128,,,
2001-05-09,239,117,,,
2001-05-10,250,94,,,
2001-05-11,267,150,,,
2001-05-12,217,117,,,
2001-05-13,200,83,,,
2001-05-14,111,50,,,
2001-05-15,111,56,,,
2001-05-16,189,56,,,
2001-05-17,222,61,,,
2001-05-18,206,72,,,
2001-05-19,228,100,,,
2001-05-20,239,94,,,
2001-05-21,267,89,,,
2001-05-22,294,150,,,
2001-05-23,294,167,,,
2001-05-24,278,156,,,
2001-05-25,261,150,,,
2001-05-26,239,128,,,
2001-05-27,217,100,,,
2001-05-28,194,72,,,
2001-05-29,211,50,,,
2001-05-30,256,106,,,
2001-05-31,306,156,,,
2001-06-01,228,94,,,
2001-06-02,172,22,,,
2001-06-03,117,-6,,,
2001-06-04,189,22,,,
2001-06-05,144,67,,,
2001-06-06,211,67,,,
2001-06-07,244,100,,,
2001-06-08,239,128,,,
2001-06-09,239,94,,,
2001-06-10,211,100,,,
2001-06-11,172,78,,,
2001-06-12,150,39,,,
2001-06-13,189,11,,,
2001-06-14,256,83,,,
2001-06-15,261,100,,,
2001-06-16,272,128,,,
2001-06-17,256,106,,,
2001-06-18,261,83,,,
2001-06-19,283,106,,,
2001-06-20,317,133,,,
2001-06-21,322,150,,,
2001-06-22,294,161,,,
2001-06-23,256,139,,,
2001-06-24,172,89,,,
2001-06-25,161,67,,,
2001-06-26,156,67,,,
2001-06-27,128,67,,,
2001-06-28,211,61,,,
2001-06-29,256,106,,,
2001-06-30,278,139,,,
2001-07-01,300,150,,,
2001-07-02,328,161,,,
2001-07-03,322,194,,,
2001-07-04,311,206,,,
2001-07-05,289,178,,,
2001-07-06,294,156,,,
2001-07-07,267,144,,,
2001-07-08,289,144,,,
2001-07-09,306,167,,,
2001-07-10,261,139,,,
2001-07-11,239,128,,,
2001-07-12,261,122,,,
2001-07-13,283,117,,,
2001-07-14,278,128,,,
2001-07-15,239,128,,,
2001-07-16,217,100,,,
2001-07-17,200,89,,,
2001-07-18,228,89,,,
2001-07-19,228,106,,,
2001-07-20,222,106,,,
2001-07-21,217,100,,,
2001-07-22,256,111,,,
2001-07-23,283,128,,,
2001-07-24,328,150,,,
2001-07-25,317,167,,,
2001-07-26,311,156,,,
2001-07-27,300,161,,,
2001-07-28,272,139,,,
2001-07-29,256,122,,,
2001-07-30,200,106,,,
2001-07-31,256,83,,,
2001-08-01,256,128,,,
2001-08-02,278,144,,,
2001-08-03,256,144,,,
2001-08-04,233,139,,,
2001-08-05,278,122,,,
2001-08-06,317,161,,,
2001-08-07,344,183,,,
2001-08-08,339,200,,,
2001-08-09,317,206,,,
2001-08-10,311,178,,,
2001-08-11,289,156,,,
2001-08-12,294,183,,,
2001-08-13,300,167,,,
2001-08-14,300,161,,,
2001-08-15,306,161,,,
2001-08-16,311,167,,,
2001-08-17,294,172,,,
2001-08-18,278,139,,,
2001-08-19,283,117,,,
2001-08-20,267,139,,,
2001-08-21,239,111,,,
2001-08-22,206,111,,,
2001-08-23,211,100,,,
2001-08-24,256,94,,,
2001-08-25,317,144,,,
2001-08-26,306,172,,,
2001-08-27,322,161,,,
2001-08-28,306,139,,,
2001-08-29,317,144,,,
2001-08-30,289,156,,,
2001-08-31,272,128,,,
2001-09-01,278,128,,,
2001-09-02,256,139,,,
2001-09-03,278,150,,,
2001-09-04,267,156,,,
2001-09-05,200,72,,,
2001-09-06,206,39,,,
2001-09-07,256,117,,,
2001-09-08,256,89,,,
2001-09-09,278,139,,,
2001-09-10,267,150,,,
2001-09-11,200,144,,,
2001-09-12,239,106,,,
2001-09-13,150,89,,,
2001-09-14,256,106,,,
2001-09-15,211,144,,,
2001-09-16,194,128,,,
2001-09-17,239,111,,,
2001-09-18,261,139,,,
2001-09-19,267,122,,,
2001-09-20,267,133,,,
2001-09-21,261,144,,,
2001-09-22,289,150,,,
2001-09-23,250,144,,,
2001-09-24,256,100,,,
2001-09-25,128,67,,,
2001-09-26,172,78,,,
2001-09-27,189,89,,,
2001-09-28,183,78,,,
2001-09-29,244,89,,,
2001-09-30,289,139,,,
2001-10-01,283,172,,,
2001-10-02,272,167,,,
2001-10-03,278,156,,,
2001-10-04,256,144,,,
2001-10-05,239,106,,,
2001-10-06,239,94,,,
2001-10-07,189,89,,,
2001-10-08,167,11,,,
2001-10-09,139,6,,,
2001-10-10,172,56,,,
2001-10-11,111,33,,,
2001-10-12,172,17,,,
2001-10-13,189,56,,,
2001-10-14,239,100,,,
2001-10-15,222,122,,,
2001-10-16,206,117,,,
2001-10-17,161,67,,,
2001-10-18,200,56,,,
2001-10-19,211,111,,,
2001-10-20,194,100,,,
2001-10-21,167,83,,,
2001-10-22,128,67,,,
2001-10-23,72,-6,,,
2001-10-24,133,-11,,,
2001-10-25,200,56,,,
2001-10-26,194,94,,,
2001-10-27,150,56,,,
2001-10-28,106,50,,,
2001-10-29,111,50,,,
2001-10-30,78,33,,,
2001-10-31,61,28,,,
2001-11-01,117,11,,,
2001-11-02,144,56,,,
2001-11-03,183,72,,,
2001-11-04,194,83,,,
2001-11-05,156,67,,,
2001-11-06,100,6,,,
2001-11-07,144,-6,,,
2001-11-08,172,33,,,
2001-11-09,156,44,,,
2001-11-10,139,56,,,
2001-11-11,89,61,,,
2001-11-12,83,17,,,
2001-11-13,33,6,,,
2001-11-14,106,28,,,
2001-11-15,94,28,,,
2001-11-16,83,39,,,
2001-11-17,44,0,,,
2001-11-18,94,0,,,
2001-11-19,117,39,,,
2001-11-20,56,28,,,
2001-11-21,50,28,,,
2001-11-22,39,-17,,,
2001-11-23,11,-28,,,
2001-11-24,0,-33,,,
2001-11-25,-28,-39,,,
2001-11-26,-11,-72,,,
2001-11-27,22,-72,,,
2001-11-28,-28,-50,,,
2001-11-29,-11,-44,,,
2001-11-30,6,-44,,,
2001-12-01,6,-11,,,
2001-12-02,22,-22,,,
2001-12-03,-6,-72,,,
2001-12-04,-11,-78,,,
2001-12-05,6,-33,,,
2001-12-06,22,0,,,
2001-12-07,94,-17,,,
2001-12-08,72,-6,,,
2001-12-09,0,-78,,,
2001-12-10,-22,-78,,,
2001-12-11,-17,-61,,,
2001-12-12,28,-50,,,
2001-12-13,6,-22,,,
2001-12-14,-22,-67,,,
2001-12-15,0,-78,,,
2001-12-16,11,-28,,,
2001-12-17,0,-17,,,
2001-12-18,6,-22,,,
2001-12-19,33,-6,,,
2001-12-20,11,-22,,,
2001-12-21,6,-33,,,
2001-12-22,6,-28,,,
2001-12-23,50,-50,,,
2001-12-24,56,-56,,,
2001-12-25,28,-39,,,
2001-12-26,39,0,,,
2001-12-27,56,0,,,
2001-12-28,44,0,,,
2001-12-29,17,0,,,
2001-12-30,56,0,,,
2001-12-31,44,11,,,
2002-01-01,50,6,,,
2002-01-02,50,0,,,
2002-01-03,39,-17,,,
2002-01-04,50,-28,,,
2002-01-05,28,-6,,,
2002-01-06,61,33,,,
2002-01-07,72,22,,,
2002-01-08,50,17,,,
2002-01-09,67,0,,,
2002-01-10,106,0,,,
2002-01-11,100,44,,,
2002-01-12,61,-11,,,
2002-01-13,111,-17,,,
2002-01-14,11,-61,,,
2002-01-15,-11,-72,,,
2002-01-16,28,-78,,,
2002-01-17,6,-61,,,
2002-01-18,17,-89,,,
2002-01-19,0,-61,,,
2002-01-20,22,-56,,,
2002-01-21,-11,-83,,,
2002-01-22,-11,-94,,,
2002-01-23,-6,-78,,,
2002-01-24,56,-44,,,
2002-01-25,22,-22,,,
2002-01-26,6,-78,,,
2002-01-27,-33,-89,,,
2002-01-28,-22,-100,,,
2002-01-29,-11,-122,,,
2002-01-30,6,-106,,,
2002-01-31,11,-61,,,
2002-02-01,6,-44,,,
2002-02-02,44,-44,,,
2002-02-03,56,-22,,,
2002-02-04,106,0,,,
2002-02-05,72,6,,,
2002-02-06,72,-6,,,
2002-02-07,33,-28,,,
2002-02-08,28,-50,,,
2002-02-09,61,-33,,,
2002-02-10,106,-11,,,
2002-02-11,106,28,,,
2002-02-12,94,6,,,
2002-02-13,100,22,,,
2002-02-14,67,6,,,
2002-02-15,78,-11,,,
2002-02-16,67,11,,,
2002-02-17,11,-17,,,
2002-02-18,6,-17,,,
2002-02-19,11,-11,,,
2002-02-20,67,11,,,
2002-02-21,128,33,,,
2002-02-22,139,17,,,
2002-02-23,22,-11,,,
2002-02-24,83,-11,,,
2002-02-25,106,0,,,
2002-02-26,139,0,,,
2002-02-27,122,6,,,
2002-02-28,56,-67,,,
2002-03-01,28,-83,,,
2002-03-02,83,-56,,,
2002-03-03,106,-22,,,
2002-03-04,100,6,,,
2002-03-05,56,0,,,
2002-03-06,28,-6,,,
2002-03-07,-6,-89,,,
2002-03-08,11,-106,,,
2002-03-09,28,-22,,,
2002-03-10,6,-17,,,
2002-03-11,50,6,,,
2002-03-12,39,-39,,,
2002-03-13,0,-61,,,
2002-03-14,17,-67,,,
2002-03-15,11,-56,,,
2002-03-16,-22,-72,,,
2002-03-17,-17,-78,,,
2002-03-18,72,-94,,,
2002-03-19,106,-6,,,
2002-03-20,144,33,,,
2002-03-21,150,67,,,
2002-03-22,89,17,,,
2002-03-23,44,-6,,,
2002-03-24,50,-17,,,
2002-03-25,78,-11,,,
2002-03-26,117,0,,,
2002-03-27,122,6,,,
2002-03-28,139,11,,,
2002-03-29,172,44,,,
2002-03-30,183,61,,,
2002-03-31,211,78,,,
2002-04-01,200,67,,,
2002-04-02,189,56,,,
2002-04-03,217,94,,,
2002-04-04,239,89,,,
2002-04-05,139,28,,,
2002-04-06,122,17,,,
2002-04-07,150,6,,,
2002-04-08,161,39,,,
2002-04-09,83,28,,,
2002-04-10,106,17,,,
2002-04-11,111,39,,,
2002-04-12,183,44,,,
2002-04-13,200,100,,,
2002-04-14,150,0,,,
2002-04-15,11,-39,,,
2002-04-16,0,-28,,,
2002-04-17,6,-44,,,
2002-04-18,33,-44,,,
2002-04-19,67,-11,,,
2002-04-20,106,-11,,,
2002-04-21,133,28,,,
2002-04-22,167,50,,,
2002-04-23,167,50,,,
2002-04-24,206,33,,,
2002-04-25,183,50,,,
2002-04-26,106,17,,,
2002-04-27,22,-11,,,
2002-04-28,89,-17,,,
2002-04-29,56,6,,,
2002-04-30,6,-6,,,
2002-05-01,106,-6,,,
2002-05-02,139,44,,,
2002-05-03,150,50,,,
2002-05-04,172,33,,,
2002-05-05,156,50,,,
2002-05-06,156,33,,,
2002-05-07,83,-22,,,
2002-05-08,144,0,,,
2002-05-09,122,6,,,
2002-05-10,56,-17,,,
2002-05-11,161,11,,,
2002-05-12,211,78,,,
2002-05-13,172,50,,,
2002-05-14,172,33,,,
2002-05-15,167,39,,,
2002-05-16,211,44,,,
2002-05-17,200,83,,,
2002-05-18,183,83,,,
2002-05-19,94,6,,,
2002-05-20,72,-6,,,
2002-05-21,78,-11,,,
2002-05-22,106,0,,,
2002-05-23,167,0,,,
2002-05-24,211,72,,,
2002-05-25,211,106,,,
2002-05-26,206,106,,,
2002-05-27,178,89,,,
2002-05-28,194,78,,,
2002-05-29,256,117,,,
2002-05-30,261,139,,,
2002-05-31,261,128,,,
2002-06-01,217,78,,,
2002-06-02,206,50,,,
2002-06-03,222,89,,,
2002-06-04,228,94,,,
2002-06-05,272,133,,,
2002-06-06,256,89,,,
2002-06-07,211,22,,,
2002-06-08,89,-6,,,
2002-06-09,111,-17,,,
2002-06-10,161,28,,,
2002-06-11,244,94,,,
2002-06-12,278,139,,,
2002-06-13,283,150,,,
2002-06-14,261,122,,,
2002-06-15,278,122,,,
2002-06-16,250,117,,,
2002-06-17,200,111,,,
2002-06-18,206,94,,,
2002-06-19,244,61,,,
2002-06-20,272,100,,,
2002-06-21,211,122,,,
2002-06-22,233,100,,,
2002-06-23,244,117,,,
2002-06-24,289,117,,,
2002-06-25,317,144,,,
2002-06-26,289,167,,,
2002-06-27,278,150,,,
2002-06-28,239,150,,,
2002-06-29,233,128,,,
2002-06-30,267,122,,,
2002-07-01,306,128,,,
2002-07-02,289,156,,,
2002-07-03,256,128,,,
2002-07-04,267,111,,,
2002-07-05,267,117,,,
2002-07-06,278,150,,,
2002-07-07,250,133,,,
2002-07-08,278,106,,,
2002-07-09,350,183,,,
2002-07-10,383,228,,,
2002-07-11,389,228,,,
2002-07-12,339,217,,,
2002-07-13,322,200,,,
2002-07-14,306,189,,,
2002-07-15,300,178,,,
2002-07-16,294,156,,,
2002-07-17,283,156,,,
2002-07-18,261,167,,,
2002-07-19,289,161,,,
2002-07-20,306,161,,,
2002-07-21,328,183,,,
2002-07-22,289,167,,,
2002-07-23,289,144,,,
2002-07-24,294,150,,,
2002-07-25,289,156,,,
2002-07-26,289,144,,,
2002-07-27,278,133,,,
2002-07-28,306,156,,,
2002-07-29,328,167,,,
2002-07-30,311,178,,,
2002-07-31,294,167,,,
2002-08-01,306,161,,,
2002-08-02,294,161,,,
2002-08-03,250,133,,,
2002-08-04,211,83,,,
2002-08-05,189,56,,,
2002-08-06,200,44,,,
2002-08-07,222,67,,,
2002-08-08,267,106,,,
2002-08-09,306,144,,,
2002-08-10,322,183,,,
2002-08-11,322,189,,,
2002-08-12,339,189,,,
2002-08-13,344,200,,,
2002-08-14,328,206,,,
2002-08-15,328,206,,,
2002-08-16,311,178,,,
2002-08-17,294,178,,,
2002-08-18,283,139,,,
2002-08-19,267,133,,,
2002-08-20,183,89,,,
2002-08-21,228,61,,,
2002-08-22,256,106,,,
2002-08-23,239,106,,,
2002-08-24,261,111,,,
2002-08-25,250,117,,,
2002-08-26,228,94,,,
2002-08-27,233,106,,,
2002-08-28,256,144,,,
2002-08-29,267,150,,,
2002-08-30,267,139,,,
2002-08-31,289,139,,,
2002-09-01,311,156,,,
2002-09-02,306,167,,,
2002-09-03,256,161,,,
2002-09-04,217,133,,,
2002-09-05,178,78,,,
2002-09-06,150,39,,,
2002-09-07,161,33,,,
2002-09-08,206,50,,,
2002-09-09,250,106,,,
2002-09-10,283,144,,,
2002-09-11,294,150,,,
2002-09-12,294,156,,,
2002-09-13,289,150,,,
2002-09-14,272,167,,,
2002-09-15,233,111,,,
2002-09-16,200,78,,,
2002-09-17,183,89,,,
2002-09-18,206,72,,,
2002-09-19,267,117,,,
2002-09-20,278,150,,,
2002-09-21,289,139,,,
2002-09-22,294,161,,,
2002-09-23,300,167,,,
2002-09-24,272,150,,,
2002-09-25,228,122,,,
2002-09-26,250,128,,,
2002-09-27,183,78,,,
2002-09-28,200,50,,,
2002-09-29,128,33,,,
2002-09-30,106,0,,,
2002-10-01,67,-11,,,
2002-10-02,117,-17,,,
2002-10-03,150,33,,,
2002-10-04,161,50,,,
2002-10-05,183,72,,,
2002-10-06,228,100,,,
2002-10-07,244,117,,,
2002-10-08,222,111,,,
2002-10-09,222,122,,,
2002-10-10,189,28,,,
2002-10-11,139,0,,,
2002-10-12,206,67,,,
2002-10-13,233,89,,,
2002-10-14,233,128,,,
2002-10-15,217,133,,,
2002-10-16,217,100,,,
2002-10-17,233,106,,,
2002-10-18,217,100,,,
2002-10-19,200,78,,,
2002-10-20,156,39,,,
2002-10-21,128,28,,,
2002-10-22,139,44,,,
2002-10-23,144,56,,,
2002-10-24,117,33,,,
2002-10-25,122,22,,,
2002-10-26,150,33,,,
2002-10-27,133,11,,,
2002-10-28,111,22,,,
2002-10-29,67,-17,,,
2002-10-30,56,-56,,,
2002-10-31,56,-33,,,
2002-11-01,78,-50,,,
2002-11-02,128,-17,,,
2002-11-03,150,28,,,
2002-11-04,139,44,,,
2002-11-05,150,67,,,
2002-11-06,133,67,,,
2002-11-07,83,6,,,
2002-11-08,33,0,,,
2002-11-09,22,0,,,
2002-11-10,17,0,,,
2002-11-11,61,6,,,
2002-11-12,72,22,,,
2002-11-13,78,17,,,
2002-11-14,106,11,,,
2002-11-15,117,22,,,
2002-11-16,111,28,,,
2002-11-17,56,0,,,
2002-11-18,100,6,,,
2002-11-19,161,67,,,
2002-11-20,183,89,,,
2002-11-21,150,78,,,
2002-11-22,144,72,,,
2002-11-23,122,39,,,
2002-11-24,56,-11,,,
2002-11-25,67,-22,,,
2002-11-26,128,28,,,
2002-11-27,150,44,,,
2002-11-28,139,44,,,
2002-11-29,144,61,,,
2002-11-30,122,11,,,
2002-12-01,61,0,,,
2002-12-02,111,11,,,
2002-12-03,78,17,,,
2002-12-04,72,17,,,
2002-12-05,111,44,,,
2002-12-06,111,39,,,
2002-12-07,111,17,,,
2002-12-08,78,11,,,
2002-12-09,56,11,,,
2002-12-10,22,0,,,
2002-12-11,28,0,,,
2002-12-12,56,11,,,
2002-12-13,56,11,,,
2002-12-14,72,0,,,
2002-12-15,39,-17,,,
2002-12-16,33,-28,,,
2002-12-17,-6,-39,,,
2002-12-18,-28,-44,,,
2002-12-19,-6,-44,,,
2002-12-20,6,-22,,,
2002-12-21,6,-33,,,
2002-12-22,0,-67,,,
2002-12-23,28,-67,,,
2002-12-24,-33,-50,,,
2002-12-25,6,-50,,,
2002-12-26,17,-22,,,
2002-12-27,56,11,,,
2002-12-28,56,-22,,,
2002-12-29,-11,-28,,,
2002-12-30,6,-28,,,
2002-12-31,0,-17,,,
2003-01-01,39,-17,,,
2003-01-02,72,28,,,
2003-01-03,106,6,,,
2003-01-04,83,28,,,
2003-01-05,89,17,,,
2003-01-06,122,33,,,
2003-01-07,150,22,,,
2003-01-08,117,28,,,
2003-01-09,72,6,,,
2003-01-10,39,0,,,
2003-01-11,50,6,,,
2003-01-12,44,17,,,
2003-01-13,61,28,,,
2003-01-14,44,0,,,
2003-01-15,56,-11,,,
2003-01-16,133,33,,,
2003-01-17,150,72,,,
2003-01-18,156,56,,,
2003-01-19,133,56,,,
2003-01-20,111,28,,,
2003-01-21,61,11,,,
2003-01-22,72,28,,,
2003-01-23,44,22,,,
2003-01-24,72,17,,,
2003-01-25,106,28,,,
2003-01-26,89,56,,,
2003-01-27,72,0,,,
2003-01-28,89,-11,,,
2003-01-29,89,28,,,
2003-01-30,94,44,,,
2003-01-31,122,61,,,
2003-02-01,61,-33,,,
2003-02-02,33,-33,,,
2003-02-03,67,-28,,,
2003-02-04,6,-56,,,
2003-02-05,44,-61,,,
2003-02-06,6,-67,,,
2003-02-07,50,-67,,,
2003-02-08,67,-39,,,
2003-02-09,100,-6,,,
2003-02-10,111,11,,,
2003-02-11,117,22,,,
2003-02-12,111,28,,,
2003-02-13,56,17,,,
2003-02-14,83,11,,,
2003-02-15,83,17,,,
2003-02-16,17,-28,,,
2003-02-17,44,-33,,,
2003-02-18,50,-11,,,
2003-02-19,17,-6,,,
2003-02-20,61,-22,,,
2003-02-21,89,0,,,
2003-02-22,72,-17,,,
2003-02-23,83,-6,,,
2003-02-24,33,-28,,,
2003-02-25,33,-61,,,
2003-02-26,44,-44,,,
2003-02-27,6,-50,,,
2003-02-28,6,-56,,,
2003-03-01,28,-28,,,
2003-03-02,83,-33,,,
2003-03-03,33,-22,,,
2003-03-04,61,-39,,,
2003-03-05,100,-28,,,
2003-03-06,83,0,,,
2003-03-07,78,0,,,
2003-03-08,100,6,,,
2003-03-09,67,6,,,
2003-03-10,100,28,,,
2003-03-11,94,39,,,
2003-03-12,128,39,,,
2003-03-13,128,39,,,
2003-03-14,56,0,,,
2003-03-15,39,-6,,,
2003-03-16,50,-11,,,
2003-03-17,28,-22,,,
2003-03-18,67,-39,,,
2003-03-19,100,-6,,,
2003-03-20,56,-6,,,
2003-03-21,78,6,,,
2003-03-22,89,6,,,
2003-03-23,50,-28,,,
2003-03-24,83,-17,,,
2003-03-25,78,33,,,
2003-03-26,44,-17,,,
2003-03-27,44,-39,,,
2003-03-28,106,-17,,,
2003-03-29,172,28,,,
2003-03-30,206,89,,,
2003-03-31,144,61,,,
2003-04-01,44,-33,,,
2003-04-02,-22,-56,,,
2003-04-03,-6,-61,,,
2003-04-04,6,-39,,,
2003-04-05,17,-44,,,
2003-04-06,11,-22,,,
2003-04-07,128,-6,,,
2003-04-08,150,44,,,
2003-04-09,133,50,,,
2003-04-10,122,28,,,
2003-04-11,111,6,,,
2003-04-12,50,-17,,,
2003-04-13,17,-17,,,
2003-04-14,56,-28,,,
2003-04-15,39,-22,,,
2003-04-16,56,-6,,,
2003-04-17,78,-11,,,
2003-04-18,50,-28,,,
2003-04-19,128,0,,,
2003-04-20,122,33,,,
2003-04-21,44,0,,,
2003-04-22,50,-6,,,
2003-04-23,44,11,,,
2003-04-24,33,-22,,,
2003-04-25,6,-33,,,
2003-04-26,33,-39,,,
2003-04-27,67,-11,,,
2003-04-28,44,-6,,,
2003-04-29,28,0,,,
2003-04-30,83,-6,,,
2003-05-01,128,28,,,
2003-05-02,78,22,,,
2003-05-03,72,6,,,
2003-05-04,50,-6,,,
2003-05-05,106,-11,,,
2003-05-06,72,11,,,
2003-05-07,67,-6,,,
2003-05-08,39,-22,,,
2003-05-09,28,-17,,,
2003-05-10,72,0,,,
2003-05-11,111,17,,,
2003-05-12,150,44,,,
2003-05-13,211,89,,,
2003-05-14,200,94,,,
2003-05-15,144,39,,,
2003-05-16,161,6,,,
2003-05-17,100,-11,,,
2003-05-18,94,-28,,,
2003-05-19,183,28,,,
2003-05-20,211,78,,,
2003-05-21,250,100,,,
2003-05-22,267,128,,,
2003-05-23,283,144,,,
2003-05-24,233,122,,,
2003-05-25,111,100,,,
2003-05-26,89,89,,,
2003-05-27,289,189,,,
2003-05-28,267,156,,,
2003-05-29,272,156,,,
2003-05-30,206,89,,,
2003-05-31,222,122,,,
2003-06-01,272,106,,,
2003-06-02,256,111,,,
2003-06-03,283,144,,,
2003-06-04,256,144,,,
2003-06-05,278,144,,,
2003-06-06,306,183,,,
2003-06-07,300,161,,,
2003-06-08,278,150,,,
2003-06-09,233,122,,,
2003-06-10,239,111,,,
2003-06-11,239,94,,,
2003-06-12,211,89,,,
2003-06-13,189,89,,,
2003-06-14,228,94,,,
2003-06-15,261,111,,,
2003-06-16,300,133,,,
2003-06-17,322,178,,,
2003-06-18,244,100,,,
2003-06-19,217,83,,,
2003-06-20,167,67,,,
2003-06-21,189,67,,,
2003-06-22,178,44,,,
2003-06-23,133,33,,,
2003-06-24,206,39,,,
2003-06-25,244,117,,,
2003-06-26,294,156,,,
2003-06-27,306,167,,,
2003-06-28,322,178,,,
2003-06-29,256,156,,,
2003-06-30,250,139,,,
2003-07-01,222,122,,,
2003-07-02,244,111,,,
2003-07-03,244,128,,,
2003-07-04,278,139,,,
2003-07-05,289,156,,,
2003-07-06,267,144,,,
2003-07-07,261,133,,,
2003-07-08,261,106,,,
2003-07-09,311,150,,,
2003-07-10,289,178,,,
2003-07-11,306,178,,,
2003-07-12,256,167,,,
2003-07-13,261,139,,,
2003-07-14,300,150,,,
2003-07-15,289,167,,,
2003-07-16,300,161,,,
2003-07-17,322,183,,,
2003-07-18,322,206,,,
2003-07-19,350,189,,,
2003-07-20,339,183,,,
2003-07-21,356,200,,,
2003-07-22,361,211,,,
2003-07-23,339,206,,,
2003-07-24,267,183,,,
2003-07-25,278,183,,,
2003-07-26,289,172,,,
2003-07-27,311,200,,,
2003-07-28,339,189,,,
2003-07-29,356,217,,,
2003-07-30,367,211,,,
2003-07-31,328,167,,,
2003-08-01,256,156,,,
2003-08-02,183,128,,,
2003-08-03,222,122,,,
2003-08-04,244,139,,,
2003-08-05,222,111,,,
2003-08-06,211,89,,,
2003-08-07,233,100,,,
2003-08-08,233,100,,,
2003-08-09,244,128,,,
2003-08-10,250,133,,,
2003-08-11,244,128,,,
2003-08-12,256,100,,,
2003-08-13,272,133,,,
2003-08-14,283,167,,,
2003-08-15,278,156,,,
2003-08-16,289,139,,,
2003-08-17,311,156,,,
2003-08-18,344,172,,,
2003-08-19,294,183,,,
2003-08-20,306,172,,,
2003-08-21,200,150,,,
2003-08-22,167,106,,,
2003-08-23,239,94,,,
2003-08-24,283,150,,,
2003-08-25,278,183,,,
2003-08-26,250,178,,,
2003-08-27,261,150,,,
2003-08-28,261,150,,,
2003-08-29,278,122,,,
2003-08-30,306,178,,,
2003-08-31,300,172,,,
2003-09-01,306,167,,,
2003-09-02,311,200,,,
2003-09-03,311,194,,,
2003-09-04,300,183,,,
2003-09-05,272,167,,,
2003-09-06,256,128,,,
2003-09-07,183,72,,,
2003-09-08,161,44,,,
2003-09-09,100,44,,,
2003-09-10,189,56,,,
2003-09-11,244,100,,,
2003-09-12,222,100,,,
2003-09-13,233,78,,,
2003-09-14,256,133,,,
2003-09-15,228,128,,,
2003-09-16,178,39,,,
2003-09-17,156,6,,,
2003-09-18,239,83,,,
2003-09-19,239,133,,,
2003-09-20,267,122,,,
2003-09-21,289,150,,,
2003-09-22,300,178,,,
2003-09-23,300,183,,,
2003-09-24,306,189,,,
2003-09-25,289,183,,,
2003-09-26,306,189,,,
2003-09-27,328,194,,,
2003-09-28,294,178,,,
2003-09-29,228,117,,,
2003-09-30,250,111,,,
2003-10-01,233,128,,,
2003-10-02,217,89,,,
2003-10-03,233,111,,,
2003-10-04,217,122,,,
2003-10-05,233,122,,,
2003-10-06,239,122,,,
2003-10-07,206,117,,,
2003-10-08,206,111,,,
2003-10-09,106,17,,,
2003-10-10,128,0,,,
2003-10-11,161,44,,,
2003-10-12,150,33,,,
2003-10-13,183,22,,,
2003-10-14,172,83,,,
2003-10-15,144,83,,,
2003-10-16,194,83,,,
2003-10-17,217,122,,,
2003-10-18,200,133,,,
2003-10-19,200,117,,,
2003-10-20,233,133,,,
2003-10-21,267,150,,,
2003-10-22,206,94,,,
2003-10-23,172,61,,,
2003-10-24,200,89,,,
2003-10-25,211,89,,,
2003-10-26,250,111,,,
2003-10-27,233,139,,,
2003-10-28,244,122,,,
2003-10-29,117,-17,,,
2003-10-30,33,-39,,,
2003-10-31,6,-44,,,
2003-11-01,56,-61,,,
2003-11-02,0,-28,,,
2003-11-03,11,-33,,,
2003-11-04,0,-28,,,
2003-11-05,33,-17,,,
2003-11-06,56,-11,,,
2003-11-07,67,0,,,
2003-11-08,61,0,,,
2003-11-09,50,6,,,
2003-11-10,67,0,,,
2003-11-11,78,6,,,
2003-11-12,94,6,,,
2003-11-13,28,0,,,
2003-11-14,56,6,,,
2003-11-15,6,-6,,,
2003-11-16,22,-6,,,
2003-11-17,33,11,,,
2003-11-18,133,22,,,
2003-11-19,100,39,,,
2003-11-20,33,-28,,,
2003-11-21,-11,-61,,,
2003-11-22,-11,-83,,,
2003-11-23,61,-50,,,
2003-11-24,22,-44,,,
2003-11-25,0,-56,,,
2003-11-26,11,-28,,,
2003-11-27,67,-28,,,
2003-11-28,56,6,,,
2003-11-29,56,0,,,
2003-11-30,50,17,,,
2003-12-01,50,11,,,
2003-12-02,61,17,,,
2003-12-03,83,22,,,
2003-12-04,72,28,,,
2003-12-05,72,22,,,
2003-12-06,56,6,,,
2003-12-07,0,-28,,,
2003-12-08,50,-33,,,
2003-12-09,22,-22,,,
2003-12-10,6,-11,,,
2003-12-11,6,-22,,,
2003-12-12,-17,-17,,,
2003-12-13,33,-17,,,
2003-12-14,6,-44,,,
2003-12-15,39,-61,,,
2003-12-16,22,-39,,,
2003-12-17,106,0,,,
2003-12-18,89,0,,,
2003-12-19,78,6,,,
2003-12-20,72,-6,,,
2003-12-21,61,-11,,,
2003-12-22,50,-11,,,
2003-12-23,39,6,,,
2003-12-24,22,-22,,,
2003-12-25,-6,-56,,,
2003-12-26,-28,-83,,,
2003-12-27,-44,-72,,,
2003-12-28,-39,-61,,,
2003-12-29,-17,-61,,,
2003-12-30,11,-28,,,
2003-12-31,-11,-22,,,
2004-01-01,-6,-56,,,
2004-01-02,-33,-83,,,
2004-01-03,-44,-100,,,
2004-01-04,-50,-72,,,
2004-01-05,28,-67,,,
2004-01-06,11,-28,,,
2004-01-07,17,-33,,,
2004-01-08,67,22,,,
2004-01-09,83,0,,,
2004-01-10,67,6,,,
2004-01-11,111,17,,,
2004-01-12,78,28,,,
2004-01-13,100,39,,,
2004-01-14,89,17,,,
2004-01-15,44,0,,,
2004-01-16,61,-22,,,
2004-01-17,83,0,,,
2004-01-18,89,17,,,
2004-01-19,50,0,,,
2004-01-20,22,-22,,,
2004-01-21,50,-33,,,
2004-01-22,89,-17,,,
2004-01-23,56,-11,,,
2004-01-24,0,-72,,,
2004-01-25,0,-72,,,
2004-01-26,-17,-44,,,
2004-01-27,6,-39,,,
2004-01-28,11,-39,,,
2004-01-29,67,6,,,
2004-01-30,28,-56,,,
2004-01-31,17,-67,,,
2004-02-01,-11,-28,,,
2004-02-02,11,-22,,,
2004-02-03,0,-28,,,
2004-02-04,17,-33,,,
2004-02-05,44,-44,,,
2004-02-06,22,-33,,,
2004-02-07,0,-39,,,
2004-02-08,11,-67,,,
2004-02-09,50,-56,,,
2004-02-10,89,-61,,,
2004-02-11,106,-6,,,
2004-02-12,94,-22,,,
2004-02-13,39,-11,,,
2004-02-14,44,-17,,,
2004-02-15,33,0,,,
2004-02-16,56,0,,,
2004-02-17,61,0,,,
2004-02-18,28,-17,,,
2004-02-19,39,-28,,,
2004-02-20,44,-11,,,
2004-02-21,33,0,,,
2004-02-22,44,0,,,
2004-02-23,39,-11,,,
2004-02-24,6,-11,,,
2004-02-25,39,-11,,,
2004-02-26,22,-39,,,
2004-02-27,22,-39,,,
2004-02-28,33,-28,,,
2004-02-29,22,-22,,,
2004-03-01,11,-17,,,
2004-03-02,39,-22,,,
2004-03-03,33,-28,,,
2004-03-04,28,-17,,,
2004-03-05,39,-17,,,
2004-03-06,94,6,,,
2004-03-07,161,50,,,
2004-03-08,172,83,,,
2004-03-09,150,56,,,
2004-03-10,139,17,,,
2004-03-11,167,44,,,
2004-03-12,144,56,,,
2004-03-13,167,50,,,
2004-03-14,150,72,,,
2004-03-15,150,61,,,
2004-03-16,167,44,,,
2004-03-17,189,67,,,
2004-03-18,161,89,,,
2004-03-19,161,56,,,
2004-03-20,228,83,,,
2004-03-21,206,122,,,
2004-03-22,183,89,,,
2004-03-23,156,67,,,
2004-03-24,100,22,,,
2004-03-25,33,-22,,,
2004-03-26,0,-33,,,
2004-03-27,94,0,,,
2004-03-28,167,22,,,
2004-03-29,178,56,,,
2004-03-30,111,0,,,
2004-03-31,83,-11,,,
2004-04-01,39,-28,,,
2004-04-02,133,-33,,,
2004-04-03,189,56,,,
2004-04-04,161,61,,,
2004-04-05,156,28,,,
2004-04-06,150,22,,,
2004-04-07,178,11,,,
2004-04-08,172,50,,,
2004-04-09,167,39,,,
2004-04-10,178,39,,,
2004-04-11,211,72,,,
2004-04-12,167,83,,,
2004-04-13,89,6,,,
2004-04-14,67,-22,,,
2004-04-15,56,-33,,,
2004-04-16,78,-6,,,
2004-04-17,56,-17,,,
2004-04-18,6,-11,,,
2004-04-19,33,-11,,,
2004-04-20,39,0,,,
2004-04-21,39,-6,,,
2004-04-22,117,-6,,,
2004-04-23,144,33,,,
2004-04-24,172,28,,,
2004-04-25,233,83,,,
2004-04-26,250,133,,,
2004-04-27,233,111,,,
2004-04-28,106,11,,,
2004-04-29,150,0,,,
2004-04-30,222,56,,,
2004-05-01,233,122,,,
2004-05-02,256,100,,,
2004-05-03,256,139,,,
2004-05-04,217,117,,,
2004-05-05,194,78,,,
2004-05-06,161,89,,,
2004-05-07,161,44,,,
2004-05-08,128,44,,,
2004-05-09,194,17,,,
2004-05-10,50,-11,,,
2004-05-11,72,0,,,
2004-05-12,144,0,,,
2004-05-13,178,44,,,
2004-05-14,194,83,,,
2004-05-15,156,61,,,
2004-05-16,194,39,,,
2004-05-17,156,28,,,
2004-05-18,94,0,,,
2004-05-19,139,22,,,
2004-05-20,133,50,,,
2004-05-21,133,50,,,
2004-05-22,133,39,,,
2004-05-23,144,6,,,
2004-05-24,178,44,,,
2004-05-25,178,67,,,
2004-05-26,211,100,,,
2004-05-27,133,61,,,
2004-05-28,89,17,,,
2004-05-29,139,0,,,
2004-05-30,211,50,,,
2004-05-31,222,78,,,
2004-06-01,239,100,,,
2004-06-02,250,100,,,
2004-06-03,244,150,,,
2004-06-04,272,139,,,
2004-06-05,222,122,,,
2004-06-06,200,56,,,
2004-06-07,122,17,,,
2004-06-08,128,11,,,
2004-06-09,78,28,,,
2004-06-10,156,50,,,
2004-06-11,189,50,,,
2004-06-12,211,56,,,
2004-06-13,244,106,,,
2004-06-14,239,83,,,
2004-06-15,244,100,,,
2004-06-16,244,100,,,
2004-06-17,261,139,,,
2004-06-18,261,133,,,
2004-06-19,256,122,,,
2004-06-20,250,111,,,
2004-06-21,272,128,,,
2004-06-22,300,167,,,
2004-06-23,289,144,,,
2004-06-24,272,139,,,
2004-06-25,261,128,,,
2004-06-26,261,111,,,
2004-06-27,272,100,,,
2004-06-28,256,128,,,
2004-06-29,256,117,,,
2004-06-30,244,122,,,
2004-07-01,261,106,,,
2004-07-02,272,122,,,
2004-07-03,267,144,,,
2004-07-04,267,133,,,
2004-07-05,306,144,,,
2004-07-06,311,161,,,
2004-07-07,267,139,,,
2004-07-08,272,111,,,
2004-07-09,233,117,,,
2004-07-10,233,100,,,
2004-07-11,261,117,,,
2004-07-12,278,156,,,
2004-07-13,289,150,,,
2004-07-14,289,139,,,
2004-07-15,272,139,,,
2004-07-16,294,161,,,
2004-07-17,300,161,,,
2004-07-18,289,172,,,
2004-07-19,261,167,,,
2004-07-20,283,144,,,
2004-07-21,311,150,,,
2004-07-22,300,167,,,
2004-07-24,333,206,,,
2004-07-25,328,178,,,
2004-07-26,306,178,,,
2004-07-27,322,172,,,
2004-07-28,328,178,,,
2004-07-29,289,161,,,
2004-07-30,294,156,,,
2004-07-31,289,150,,,
2004-08-01,283,133,,,
2004-08-02,239,122,,,
2004-08-03,261,111,,,
2004-08-04,256,139,,,
2004-08-05,228,122,,,
2004-08-06,228,111,,,
2004-08-07,278,128,,,
2004-08-08,333,167,,,
2004-08-09,311,172,,,
2004-08-10,328,161,,,
2004-08-11,333,178,,,
2004-08-12,328,206,,,
2004-08-13,328,200,,,
2004-08-14,311,183,,,
2004-08-15,289,172,,,
2004-08-16,283,161,,,
2004-08-17,283,150,,,
2004-08-18,300,156,,,
2004-08-19,311,172,,,
2004-08-20,300,167,,,
2004-08-21,283,172,,,
2004-08-22,172,78,,,
2004-08-23,172,78,,,
2004-08-24,200,106,,,
2004-08-25,194,83,,,
2004-08-26,167,61,,,
2004-08-27,233,94,,,
2004-08-28,267,144,,,
2004-08-29,300,161,,,
2004-08-30,300,167,,,
2004-08-31,289,161,,,
2004-09-01,256,117,,,
2004-09-02,172,72,,,
2004-09-03,172,28,,,
2004-09-04,244,78,,,
2004-09-05,272,117,,,
2004-09-06,289,156,,,
2004-09-07,289,144,,,
2004-09-08,272,139,,,
2004-09-09,272,133,,,
2004-09-10,272,144,,,
2004-09-11,267,156,,,
2004-09-12,217,106,,,
2004-09-13,167,61,,,
2004-09-14,183,39,,,
2004-09-15,211,83,,,
2004-09-16,222,83,,,
2004-09-17,200,122,,,
2004-10-21,72,17,,,
2004-10-22,39,11,,,
2004-10-23,39,0,,,
2004-10-24,61,-6,,,
2004-10-25,50,0,,,
2004-10-26,56,-22,,,
2004-10-27,6,-39,,,
2004-10-28,6,-11,,,
2004-10-29,50,6,,,
2004-10-30,89,-11,,,
2004-10-31,39,-28,,,
2004-11-01,111,-11,,,
2004-11-02,117,28,,,
2004-11-03,17,-17,,,
2004-11-04,56,-17,,,
2004-11-05,139,33,,,
2004-11-06,178,61,,,
2004-11-07,189,89,,,
2004-11-08,172,33,,,
2004-11-09,39,22,,,
2004-11-10,67,11,,,
2004-11-11,28,0,,,
2004-11-12,78,11,,,
2004-11-13,67,17,,,
2004-11-14,94,17,,,
2004-11-15,83,17,,,
2004-11-16,89,33,,,
2004-11-17,122,33,,,
2004-11-18,106,6,,,
2004-11-19,28,-28,,,
2004-11-20,6,-50,,,
2004-11-21,28,-61,,,
2004-11-22,78,-11,,,
2004-11-23,72,0,,,
2004-11-24,117,11,,,
2004-11-25,44,0,,,
2004-11-26,28,-22,,,
2004-11-27,-11,-67,,,
2004-11-28,-28,-83,,,
2004-11-29,28,-89,,,
2004-11-30,22,-39,,,
2004-12-01,33,-50,,,
2004-12-02,11,-56,,,
2004-12-03,61,-39,,,
2004-12-04,6,-39,,,
2004-12-05,33,-33,,,
2004-12-06,11,-33,,,
2004-12-07,6,-11,,,
2004-12-08,50,0,,,
2004-12-09,78,33,,,
2004-12-10,111,50,,,
2004-12-11,128,78,,,
2004-12-12,128,72,,,
2004-12-13,106,44,,,
2004-12-14,83,11,,,
2004-12-15,94,0,,,
2004-12-16,106,22,,,
2004-12-17,106,17,,,
2004-12-18,128,39,,,
2004-12-19,139,39,,,
2004-12-20,56,-11,,,
2004-12-21,44,-28,,,
2004-12-22,33,-33,,,
2004-12-23,44,-56,,,
2004-12-24,106,-6,,,
2004-12-25,50,0,,,
2004-12-26,61,0,,,
2004-12-27,78,22,,,
2004-12-28,44,-6,,,
2004-12-29,6,-22,,,
2004-12-30,-6,-39,,,
2004-12-31,-11,-39,,,
2005-01-01,-22,-50,,,
2005-01-02,0,-50,,,
2005-01-03,33,-61,,,
2005-01-04,-22,-83,,,
2005-01-05,6,-44,,,
2005-01-06,-17,-39,,,
2005-01-14,78,17,,,
2005-01-15,89,22,,,
2005-01-16,78,17,,,
2005-01-17,111,28,,,
2005-01-18,150,61,,,
2005-01-19,161,78,,,
2005-01-20,122,67,,,
2005-01-21,144,61,,,
2005-01-22,144,50,,,
2005-01-23,144,39,,,
2005-01-24,139,39,,,
2005-01-25,83,28,,,
2005-01-26,50,6,,,
2005-01-27,39,0,,,
2005-01-28,22,-11,,,
2005-01-29,33,-22,,,
2005-01-30,78,-17,,,
2005-01-31,78,0,,,
2005-02-01,100,6,,,
2005-02-02,122,28,,,
2005-02-03,144,17,,,
2005-02-04,83,11,,,
2005-02-05,33,-17,,,
2005-02-06,22,-33,,,
2005-02-07,61,-28,,,
2005-02-08,39,-39,,,
2005-02-09,61,-33,,,
2005-02-10,106,-11,,,
2005-02-11,67,-6,,,
2005-02-12,61,0,,,
2005-02-13,6,-6,,,
2005-02-14,17,-6,,,
2005-02-15,72,-22,,,
2005-02-16,72,-6,,,
2005-02-17,89,-6,,,
2005-02-18,78,0,,,
2005-02-19,72,0,,,
2005-02-20,67,0,,,
2005-02-21,67,11,,,
2005-02-22,72,0,,,
2005-02-23,117,11,,,
2005-02-24,111,17,,,
2005-02-25,100,22,,,
2005-02-26,100,6,,,
2005-02-27,61,11,,,
2005-02-28,50,-17,,,
2005-03-01,72,0,,,
2005-03-02,56,-17,,,
2005-03-03,89,-11,,,
2005-03-04,94,6,,,
2005-03-05,117,17,,,
2005-03-06,167,28,,,
2005-03-07,194,72,,,
2005-03-08,211,89,,,
2005-03-09,183,89,,,
2005-03-10,183,33,,,
2005-03-11,211,78,,,
2005-03-12,189,28,,,
2005-03-13,100,-6,,,
2005-03-14,100,-28,,,
2005-03-15,128,28,,,
2005-03-16,61,6,,,
2005-03-17,94,0,,,
2005-03-18,94,0,,,
2005-03-19,56,0,,,
2005-03-20,17,-17,,,
2005-03-21,33,-11,,,
2005-03-22,56,0,,,
2005-03-23,28,-28,,,
2005-03-24,44,-39,,,
2005-03-25,56,-33,,,
2005-03-26,78,0,,,
2005-03-27,83,0,,,
2005-03-28,22,-11,,,
2005-03-29,28,-28,,,
2005-03-30,44,-50,,,
2005-03-31,133,0,,,
2005-04-01,100,22,,,
2005-04-02,117,28,,,
2005-04-03,33,-28,,,
2005-04-04,50,-50,,,
2005-04-05,156,6,,,
2005-04-06,178,72,,,
2005-04-07,89,-11,,,
2005-04-08,11,-28,,,
2005-04-09,56,-17,,,
2005-04-10,122,-22,,,
2005-04-11,100,28,,,
2005-04-12,61,-22,,,
2005-04-13,11,-50,,,
2005-04-14,78,-39,,,
2005-04-15,161,17,,,
2005-04-16,161,56,,,
2005-04-17,89,-11,,,
2005-04-18,33,-39,,,
2005-04-19,39,-17,,,
2005-04-20,67,0,,,
2005-04-21,144,22,,,
2005-04-22,189,44,,,
2005-04-23,89,0,,,
2005-04-24,83,6,,,
2005-04-25,111,17,,,
2005-05-06,61,39,,,
2005-05-07,111,39,,,
2005-05-08,67,0,,,
2005-05-09,28,-6,,,
2005-05-10,56,0,,,
2005-05-11,106,0,,,
2005-05-12,172,44,,,
2005-05-13,206,89,,,
2005-05-14,200,94,,,
2005-05-15,122,67,,,
2005-05-16,67,6,,,
2005-05-17,39,11,,,
2005-05-18,100,17,,,
2005-05-19,111,28,,,
2005-05-20,122,50,,,
2005-05-21,183,33,,,
2005-05-22,200,56,,,
2005-05-23,194,22,,,
2005-05-24,200,56,,,
2005-05-25,250,106,,,
2005-05-26,256,150,,,
2005-05-27,278,161,,,
2005-05-28,206,67,,,
2005-05-29,128,39,,,
2005-05-30,222,67,,,
2005-05-31,200,61,,,
2005-06-01,144,33,,,
2005-06-02,150,39,,,
2005-06-03,200,56,,,
2005-06-04,206,67,,,
2005-06-05,100,17,,,
2005-06-06,67,0,,,
2005-06-07,89,0,,,
2005-06-08,89,0,,,
2005-06-09,144,50,,,
2005-06-10,167,72,,,
2005-06-11,172,44,,,
2005-06-12,178,17,,,
2005-06-13,244,78,,,
2005-06-14,222,100,,,
2005-06-15,222,67,,,
2005-06-16,128,33,,,
2005-06-17,89,11,,,
2005-06-18,122,28,,,
2005-06-19,178,44,,,
2005-06-20,239,72,,,
2005-06-21,211,100,,,
2005-06-22,228,83,,,
2005-06-23,261,89,,,
2005-06-24,239,133,,,
2005-06-25,222,111,,,
2005-06-26,211,106,,,
2005-06-27,206,106,,,
2005-06-28,222,94,,,
2005-06-29,267,122,,,
2005-06-30,306,139,,,
2005-07-01,283,161,,,
2005-07-02,261,122,,,
2005-07-03,272,117,,,
2005-07-04,283,128,,,
2005-07-05,300,133,,,
2005-07-06,289,139,,,
2005-07-07,272,150,,,
2005-07-08,256,139,,,
2005-07-09,211,122,,,
2005-07-10,228,106,,,
2005-07-11,300,122,,,
2005-07-12,317,167,,,
2005-07-13,322,167,,,
2005-07-14,333,172,,,
2005-07-15,272,200,,,
2005-07-28,311,206,,,
2005-07-29,300,194,,,
2005-07-30,306,178,,,
2005-07-31,300,178,,,
2005-08-01,283,161,,,
2005-08-02,278,144,,,
2005-08-03,311,150,,,
2005-08-04,328,172,,,
2005-08-05,339,183,,,
2005-08-06,322,200,,,
2005-08-07,311,206,,,
2005-08-08,300,200,,,
2005-08-09,294,178,,,
2005-08-10,289,167,,,
2005-08-11,289,150,,,
2005-08-12,283,144,,,
2005-08-13,283,144,,,
2005-08-14,311,150,,,
2005-08-15,289,144,,,
2005-08-16,278,117,,,
2005-08-17,272,139,,,
2005-08-18,261,144,,,
2005-08-19,272,128,,,
2005-08-20,300,144,,,
2005-08-21,289,156,,,
2005-08-22,300,139,,,
2005-08-23,289,139,,,
2005-08-24,272,139,,,
2005-08-25,272,150,,,
2005-08-26,283,156,,,
2005-08-27,283,161,,,
2005-08-28,294,167,,,
2005-08-29,189,72,,,
2005-08-30,222,56,,,
2005-08-31,267,128,,,
2005-09-01,294,156,,,
2005-09-02,267,150,,,
2005-09-03,250,133,,,
2005-09-04,233,111,,,
2005-09-05,239,100,,,
2005-09-06,250,111,,,
2005-09-07,267,117,,,
2005-09-08,250,128,,,
2005-09-09,178,44,,,
2005-09-10,133,11,,,
2005-09-11,161,39,,,
2005-09-12,183,56,,,
2005-09-13,211,67,,,
2005-09-14,222,100,,,
2005-09-15,222,89,,,
2005-09-16,156,61,,,
2005-09-17,156,44,,,
2005-09-18,211,61,,,
2005-09-19,267,117,,,
2005-09-20,261,156,,,
2005-09-21,222,100,,,
2005-09-22,233,128,,,
2005-09-23,122,11,,,
2005-09-24,111,6,,,
2005-09-25,194,39,,,
2005-09-26,189,94,,,
2005-09-27,200,94,,,
2005-09-28,250,111,,,
2005-09-29,267,139,,,
2005-09-30,239,128,,,
2005-10-01,156,28,,,
2005-10-02,117,11,,,
2005-10-03,83,0,,,
2005-10-04,106,0,,,
2005-10-05,178,39,,,
2005-10-06,211,83,,,
2005-10-07,172,72,,,
2005-10-08,144,28,,,
2005-10-09,139,28,,,
2005-10-10,217,61,,,
2005-10-11,167,94,,,
2005-10-12,211,72,,,
2005-10-13,211,117,,,
2005-10-14,211,78,,,
2005-10-15,67,11,,,
2005-10-16,167,28,,,
2005-10-17,217,94,,,
2005-10-18,189,67,,,
2005-10-19,100,33,,,
2005-10-20,150,28,,,
2005-10-21,211,83,,,
2005-10-22,217,111,,,
2005-10-23,200,100,,,
2005-10-24,217,106,,,
2005-10-25,161,56,,,
2005-10-26,61,11,,,
2005-10-27,61,6,,,
2005-10-28,72,17,,,
2005-10-29,89,11,,,
2005-10-30,117,6,,,
2005-10-31,172,72,,,
2005-11-01,139,78,,,
2005-11-02,78,-11,,,
2005-11-03,22,-11,,,
2005-11-04,28,0,,,
2005-11-05,50,0,,,
2005-11-06,78,44,,,
2005-11-07,61,-17,,,
2005-11-08,33,-22,,,
2005-11-09,133,17,,,
2005-11-10,122,56,,,
2005-11-11,50,17,,,
2005-11-12,61,0,,,
2005-11-13,61,33,,,
2005-11-14,89,0,,,
2005-11-15,89,-6,,,
2005-11-16,133,39,,,
2005-11-17,139,50,,,
2005-11-18,161,50,,,
2005-11-19,178,72,,,
2005-11-20,172,72,,,
2005-11-21,172,78,,,
2005-11-22,156,56,,,
2005-11-23,150,61,,,
2005-11-24,106,61,,,
2005-11-25,83,-28,,,
2005-11-26,-17,-56,,,
2005-11-27,6,-50,,,
2005-11-28,-11,-44,,,
2005-11-29,0,-50,,,
2005-11-30,6,-61,,,
2005-12-01,61,-11,,,
2005-12-02,-17,-56,,,
2005-12-03,-11,-67,,,
2005-12-04,11,-61,,,
2005-12-05,33,-39,,,
2005-12-06,50,-11,,,
2005-12-07,28,-11,,,
2005-12-08,28,-11,,,
2005-12-09,50,-28,,,
2005-12-10,78,0,,,
2005-12-11,72,-11,,,
2005-12-12,44,-28,,,
2005-12-13,39,-39,,,
2005-12-14,50,-56,,,
2005-12-15,56,-39,,,
2005-12-16,61,-28,,,
2005-12-17,11,-33,,,
2005-12-18,39,-11,,,
2005-12-19,67,33,,,
2005-12-20,89,39,,,
2005-12-21,78,44,,,
2005-12-22,72,39,,,
2005-12-23,122,56,,,
2005-12-24,133,61,,,
2005-12-25,78,17,,,
2005-12-26,17,-6,,,
2005-12-27,39,0,,,
2005-12-28,50,-11,,,
2005-12-29,0,-22,,,
2005-12-30,50,-17,,,
2005-12-31,50,-17,,,
2006-01-01,6,-11,,,
2006-01-02,22,-17,,,
2006-01-03,0,-17,,,
2006-01-04,50,6,,,
2006-01-05,106,28,,,
2006-01-06,117,11,,,
2006-01-07,17,-28,,,
2006-01-08,22,-44,,,
2006-01-09,56,-17,,,
2006-01-10,33,0,,,
2006-01-11,28,-11,,,
2006-01-12,56,-11,,,
2006-01-13,89,33,,,
2006-01-14,39,-50,,,
2006-01-15,-11,-72,,,
2006-01-16,11,-56,,,
2006-01-17,11,-11,,,
2006-01-18,-11,-33,,,
2006-01-19,0,-61,,,
2006-01-20,-11,-44,,,
2006-01-21,11,-50,,,
2006-01-22,33,-50,,,
2006-01-23,89,-17,,,
2006-01-24,89,0,,,
2006-01-25,67,-6,,,
2006-01-26,-6,-39,,,
2006-01-27,-6,-39,,,
2006-01-28,0,-28,,,
2006-01-29,11,-11,,,
2006-01-30,28,-22,,,
2006-01-31,6,-44,,,
2006-02-01,17,-17,,,
2006-02-02,56,11,,,
2006-02-03,94,17,,,
2006-02-04,56,-44,,,
2006-02-05,78,-61,,,
2006-02-06,111,0,,,
2006-02-07,150,56,,,
2006-02-08,156,44,,,
2006-02-09,144,33,,,
2006-02-10,128,28,,,
2006-02-11,139,17,,,
2006-02-12,117,28,,,
2006-02-13,111,11,,,
2006-02-14,6,-67,,,
2006-02-15,-28,-89,,,
2006-02-16,0,-94,,,
2006-02-17,-11,-72,,,
2006-02-18,-17,-83,,,
2006-02-19,6,-89,,,
2006-02-20,39,-72,,,
2006-02-21,44,-50,,,
2006-02-22,78,-17,,,
2006-02-23,100,0,,,
2006-02-24,106,11,,,
2006-02-25,122,22,,,
2006-02-26,111,22,,,
2006-02-27,44,11,,,
2006-02-28,28,-17,,,
2006-03-01,39,-22,,,
2006-03-02,28,-50,,,
2006-03-03,17,-44,,,
2006-03-04,17,-50,,,
2006-03-05,33,-11,,,
2006-03-06,22,-22,,,
2006-03-07,6,-44,,,
2006-03-08,11,-56,,,
2006-03-09,0,-78,,,
2006-03-10,-17,-100,,,
2006-03-11,0,-89,,,
2006-03-12,11,-83,,,
2006-03-13,17,-67,,,
2006-03-14,6,-44,,,
2006-03-15,17,-44,,,
2006-03-16,39,-17,,,
2006-03-17,39,-39,,,
2006-03-18,11,-50,,,
2006-03-19,33,-67,,,
2006-03-20,0,-44,,,
2006-03-21,6,-39,,,
2006-03-22,78,-22,,,
2006-03-23,111,28,,,
2006-03-24,50,17,,,
2006-03-25,28,-28,,,
2006-03-26,78,-39,,,
2006-03-27,106,0,,,
2006-03-28,56,-28,,,
2006-03-29,33,-28,,,
2006-03-30,50,-28,,,
2006-03-31,61,-17,,,
2006-04-01,17,-33,,,
2006-04-02,39,-17,,,
2006-04-03,56,0,,,
2006-04-04,72,-6,,,
2006-04-05,11,-11,,,
2006-04-06,72,0,,,
2006-04-07,128,6,,,
2006-04-08,44,-11,,,
2006-04-09,28,-11,,,
2006-04-10,39,-11,,,
2006-04-11,56,-6,,,
2006-04-12,61,17,,,
2006-04-13,128,11,,,
2006-04-14,122,28,,,
2006-04-15,44,-28,,,
2006-04-16,11,-39,,,
2006-04-17,39,-50,,,
2006-04-18,89,-28,,,
2006-04-19,150,11,,,
2006-04-20,161,56,,,
2006-04-21,133,44,,,
2006-04-22,33,6,,,
2006-04-23,111,6,,,
2006-04-24,117,17,,,
2006-04-25,144,33,,,
2006-04-26,183,44,,,
2006-04-27,189,67,,,
2006-04-28,239,89,,,
2006-04-29,217,78,,,
2006-04-30,194,33,,,
2006-05-01,183,56,,,
2006-05-02,161,28,,,
2006-05-03,167,61,,,
2006-05-04,161,39,,,
2006-05-05,194,50,,,
2006-05-06,178,61,,,
2006-05-07,156,78,,,
2006-05-08,150,33,,,
2006-05-09,183,33,,,
2006-05-10,217,89,,,
2006-05-11,217,106,,,
2006-05-12,211,83,,,
2006-05-13,222,106,,,
2006-05-14,272,106,,,
2006-05-15,283,167,,,
2006-05-16,289,156,,,
2006-05-17,294,172,,,
2006-05-18,256,156,,,
2006-05-19,200,72,,,
2006-05-20,172,61,,,
2006-05-21,144,61,,,
2006-05-22,106,50,,,
2006-05-23,111,39,,,
2006-05-24,133,56,,,
2006-05-25,156,50,,,
2006-05-26,100,-11,,,
2006-05-27,72,-17,,,
2006-05-28,89,0,,,
2006-05-29,156,22,,,
2006-05-30,211,72,,,
2006-05-31,222,100,,,
2006-06-01,194,117,,,
2006-06-02,172,106,,,
2006-06-03,206,111,,,
2006-06-04,200,106,,,
2006-06-05,256,106,,,
2006-06-06,267,133,,,
2006-06-07,239,100,,,
2006-06-08,217,83,,,
2006-06-09,206,67,,,
2006-06-10,211,89,,,
2006-06-11,206,106,,,
2006-06-12,200,83,,,
2006-06-13,133,50,,,
2006-06-14,139,50,,,
2006-06-15,200,56,,,
2006-06-16,261,100,,,
2006-06-17,256,117,,,
2006-06-18,261,111,,,
2006-06-19,233,67,,,
2006-06-20,261,100,,,
2006-06-21,250,78,,,
2006-06-22,311,111,,,
2006-06-23,317,156,,,
2006-06-24,344,189,,,
2006-06-25,344,200,,,
2006-06-26,339,189,,,
2006-06-27,306,178,,,
2006-06-28,261,133,,,
2006-06-29,250,133,,,
2006-06-30,278,167,,,
2006-07-01,289,139,,,
2006-07-02,272,150,,,
2006-07-03,294,150,,,
2006-07-04,272,150,,,
2006-07-05,256,144,,,
2006-07-06,250,117,,,
2006-07-07,311,111,,,
2006-07-08,300,161,,,
2006-07-09,306,178,,,
2006-07-10,294,178,,,
2006-07-11,289,156,,,
2006-07-12,239,128,,,
2006-07-13,283,128,,,
2006-07-14,306,156,,,
2006-07-15,311,167,,,
2006-07-16,317,183,,,
2006-07-17,339,183,,,
2006-07-18,333,167,,,
2006-07-19,328,200,,,
2006-07-20,344,200,,,
2006-07-21,283,211,,,
2006-07-22,361,211,,,
2006-07-23,356,228,,,
2006-07-24,328,200,,,
2006-07-25,350,189,,,
2006-07-26,344,217,,,
2006-07-27,344,217,,,
2006-07-28,300,178,,,
2006-07-29,261,144,,,
2006-07-30,250,117,,,
2006-07-31,233,111,,,
2006-08-01,256,100,,,
2006-08-02,283,122,,,
2006-08-03,294,133,,,
2006-08-04,300,144,,,
2006-08-05,289,150,,,
2006-08-06,278,133,,,
2006-08-07,256,122,,,
2006-08-08,217,100,,,
2006-08-09,278,133,,,
2006-08-10,267,161,,,
2006-08-11,272,139,,,
2006-08-12,272,111,,,
2006-08-13,306,144,,,
2006-08-14,283,150,,,
2006-08-15,256,139,,,
2006-08-16,239,111,,,
2006-08-17,261,100,,,
2006-08-18,289,156,,,
2006-08-19,311,167,,,
2006-08-20,306,144,,,
2006-08-21,278,144,,,
2006-08-22,289,150,,,
2006-08-23,267,139,,,
2006-08-24,256,117,,,
2006-08-25,244,128,,,
2006-08-26,267,128,,,
2006-08-27,317,172,,,
2006-08-28,311,178,,,
2006-08-29,261,144,,,
2006-08-30,194,78,,,
2006-08-31,272,100,,,
2006-09-01,306,156,,,
2006-09-02,294,183,,,
2006-09-03,289,178,,,
2006-09-04,283,161,,,
2006-09-05,306,172,,,
2006-09-06,294,161,,,
2006-09-07,283,133,,,
2006-09-08,267,139,,,
2006-09-09,239,122,,,
2006-09-10,278,106,,,
2006-09-11,300,161,,,
2006-09-12,322,172,,,
2006-09-13,289,128,,,
2006-09-14,161,50,,,
2006-09-15,83,17,,,
2006-09-16,156,6,,,
2006-09-17,233,67,,,
2006-09-18,228,128,,,
2006-09-19,128,28,,,
2006-09-20,167,17,,,
2006-09-21,161,28,,,
2006-09-22,139,0,,,
2006-09-23,200,50,,,
2006-09-24,222,94,,,
2006-09-25,244,122,,,
2006-09-26,256,144,,,
2006-09-27,261,139,,,
2006-09-28,283,144,,,
2006-09-29,278,150,,,
2006-09-30,233,100,,,
2006-10-01,206,67,,,
2006-10-02,172,50,,,
2006-10-03,172,61,,,
2006-10-04,128,39,,,
2006-10-05,128,44,,,
2006-10-06,133,50,,,
2006-10-07,139,22,,,
2006-10-08,172,72,,,
2006-10-09,128,28,,,
2006-10-10,144,6,,,
2006-10-11,194,67,,,
2006-10-12,217,106,,,
2006-10-13,228,111,,,
2006-10-14,211,78,,,
2006-10-15,133,56,,,
2006-10-16,78,6,,,
2006-10-17,78,0,,,
2006-10-18,133,11,,,
2006-10-19,161,61,,,
2006-10-20,150,50,,,
2006-10-21,172,28,,,
2006-10-22,206,67,,,
2006-10-23,189,106,,,
2006-10-24,156,-6,,,
2006-10-25,72,-28,,,
2006-10-26,150,17,,,
2006-10-27,194,67,,,
2006-10-28,189,83,,,
2006-10-29,156,17,,,
2006-10-30,117,0,,,
2006-10-31,111,17,,,
2006-11-01,89,17,,,
2006-11-02,67,28,,,
2006-11-03,72,33,,,
2006-11-04,106,44,,,
2006-11-05,117,61,,,
2006-11-06,172,94,,,
2006-11-07,167,83,,,
2006-11-08,94,6,,,
2006-11-09,44,-11,,,
2006-11-10,67,6,,,
2006-11-11,17,-28,,,
2006-11-12,33,-33,,,
2006-11-13,44,-17,,,
2006-11-14,72,-17,,,
2006-11-15,106,22,,,
2006-11-16,72,33,,,
2006-11-17,89,44,,,
2006-11-18,139,39,,,
2006-11-19,122,67,,,
2006-11-20,106,56,,,
2006-11-21,83,22,,,
2006-11-22,61,-17,,,
2006-11-23,0,-44,,,
2006-11-24,44,-17,,,
2006-11-25,39,-22,,,
2006-11-26,0,-22,,,
2006-11-27,-17,-56,,,
2006-11-28,-50,-89,,,
2006-11-29,6,-111,,,
2006-11-30,61,-28,,,
2006-12-01,61,-22,,,
2006-12-02,56,-33,,,
2006-12-03,89,-28,,,
2006-12-04,117,17,,,
2006-12-05,150,50,,,
2006-12-06,133,39,,,
2006-12-07,133,50,,,
2006-12-08,100,33,,,
2006-12-09,50,0,,,
2006-12-10,0,-17,,,
2006-12-11,22,-11,,,
2006-12-12,28,6,,,
2006-12-13,61,22,,,
2006-12-14,72,44,,,
2006-12-15,-28,-72,,,
2006-12-16,-11,-56,,,
2006-12-17,-11,-83,,,
2006-12-18,28,-61,,,
2006-12-19,61,-28,,,
2006-12-20,22,-6,,,
2006-12-21,28,-28,,,
2006-12-22,28,-39,,,
2006-12-23,44,6,,,
2006-12-24,61,6,,,
2006-12-25,67,17,,,
2006-12-26,61,-6,,,
2006-12-27,0,-72,,,
2006-12-28,-11,-56,,,
2006-12-29,56,-50,,,
2006-12-30,61,-17,,,
2006-12-31,44,-6,,,
2007-01-01,72,-11,,,
2007-01-02,89,28,,,
2007-01-03,50,0,,,
2007-01-04,6,-78,,,
2007-01-05,-11,-100,,,
2007-01-06,6,-44,,,
2007-01-07,100,-17,,,
2007-01-08,128,0,,,
2007-01-09,106,11,,,
2007-01-10,39,-83,,,
2007-01-11,-50,-111,,,
2007-01-12,-67,-150,,,
2007-01-13,-28,-117,,,
2007-01-14,-28,-106,,,
2007-01-15,39,-78,,,
2007-01-16,50,-33,,,
2007-01-17,6,-56,,,
2007-01-18,67,-28,,,
2007-01-19,61,-6,,,
2007-01-20,11,-61,,,
2007-01-21,11,-78,,,
2007-01-22,94,-33,,,
2007-01-23,128,11,,,
2007-01-24,139,28,,,
2007-01-25,133,39,,,
2007-01-26,106,39,,,
2007-01-27,78,0,,,
2007-01-28,89,-22,,,
2007-01-29,94,0,,,
2007-01-30,72,0,,,
2007-01-31,50,-28,,,
2007-02-01,50,-22,,,
2007-02-02,100,-28,,,
2007-02-03,117,39,,,
2007-02-04,161,50,,,
2007-02-05,156,67,,,
2007-02-06,128,56,,,
2007-02-07,61,6,,,
2007-02-08,44,-6,,,
2007-02-09,72,17,,,
2007-02-10,50,22,,,
2007-02-11,39,-11,,,
2007-02-12,39,-11,,,
2007-02-13,44,-17,,,
2007-02-14,61,-22,,,
2007-02-15,100,0,,,
2007-02-16,100,39,,,
2007-02-17,144,33,,,
2007-02-18,61,-44,,,
2007-02-19,61,-50,,,
2007-02-20,44,0,,,
2007-02-21,50,-6,,,
2007-02-22,22,-56,,,
2007-02-23,-11,-67,,,
2007-02-24,6,-50,,,
2007-02-25,-17,-44,,,
2007-02-26,-22,-72,,,
2007-02-27,-22,-83,,,
2007-02-28,-44,-67,,,
2007-03-01,-17,-67,,,
2007-03-02,33,-33,,,
2007-03-03,128,-11,,,
2007-03-04,111,6,,,
2007-03-05,122,39,,,
2007-03-06,133,50,,,
2007-03-07,72,0,,,
2007-03-08,100,0,,,
2007-03-09,56,6,,,
2007-03-10,139,6,,,
2007-03-11,211,83,,,
2007-03-12,189,94,,,
2007-03-13,167,56,,,
2007-03-14,133,61,,,
2007-03-15,189,44,,,
2007-03-16,211,89,,,
2007-03-17,200,83,,,
2007-03-18,167,61,,,
2007-03-19,139,44,,,
2007-03-20,50,-17,,,
2007-03-21,83,-33,,,
2007-03-22,139,11,,,
2007-03-23,172,50,,,
2007-03-24,183,67,,,
2007-03-25,89,39,,,
2007-03-26,67,-56,,,
2007-03-27,6,-67,,,
2007-03-28,67,-61,,,
2007-03-29,144,-6,,,
2007-03-30,161,56,,,
2007-03-31,139,50,,,
2007-04-01,111,6,,,
2007-04-02,133,-11,,,
2007-04-03,178,50,,,
2007-04-04,172,61,,,
2007-04-05,217,83,,,
2007-04-06,233,117,,,
2007-04-07,139,56,,,
2007-04-08,128,28,,,
2007-04-09,83,-6,,,
2007-04-10,94,-28,,,
2007-04-11,44,-39,,,
2007-04-12,61,-50,,,
2007-04-13,161,0,,,
2007-04-14,44,-6,,,
2007-04-15,67,-17,,,
2007-04-16,183,-6,,,
2007-04-17,83,-39,,,
2007-04-18,28,-50,,,
2007-04-19,11,-28,,,
2007-04-20,94,-33,,,
2007-04-21,28,0,,,
2007-04-22,39,-11,,,
2007-04-23,139,-11,,,
2007-04-24,178,50,,,
2007-04-25,139,39,,,
2007-04-26,189,17,,,
2007-04-27,256,94,,,
2007-04-28,228,117,,,
2007-04-29,211,100,,,
2007-04-30,194,89,,,
2007-05-01,156,33,,,
2007-05-02,50,-11,,,
2007-05-03,50,-22,,,
2007-05-04,39,-17,,,
2007-05-05,111,-33,,,
2007-05-06,189,6,,,
2007-05-07,228,78,,,
2007-05-08,233,128,,,
2007-05-09,217,117,,,
2007-05-10,200,100,,,
2007-05-11,206,100,,,
2007-05-12,183,50,,,
2007-05-13,183,33,,,
2007-05-14,228,89,,,
2007-05-15,272,128,,,
2007-05-16,239,117,,,
2007-05-17,222,83,,,
2007-05-18,206,83,,,
2007-05-19,200,78,,,
2007-05-20,178,39,,,
2007-05-21,133,0,,,
2007-05-22,133,6,,,
2007-05-23,200,50,,,
2007-05-24,228,89,,,
2007-05-25,222,111,,,
2007-05-26,239,117,,,
2007-05-27,222,89,,,
2007-05-28,211,67,,,
2007-05-29,267,100,,,
2007-05-30,289,128,,,
2007-05-31,289,122,,,
2007-06-01,294,133,,,
2007-06-02,267,133,,,
2007-06-03,250,128,,,
2007-06-04,211,100,,,
2007-06-05,106,0,,,
2007-06-06,94,-11,,,
2007-06-07,167,6,,,
2007-06-08,211,67,,,
2007-06-09,206,100,,,
2007-06-10,189,100,,,
2007-06-11,222,61,,,
2007-06-12,256,83,,,
2007-06-13,261,122,,,
2007-06-14,272,111,,,
2007-06-15,272,117,,,
2007-06-16,256,94,,,
2007-06-17,217,67,,,
2007-06-18,283,89,,,
2007-06-19,278,150,,,
2007-06-20,250,139,,,
2007-06-21,261,122,,,
2007-06-22,250,100,,,
2007-06-23,228,89,,,
2007-06-24,211,67,,,
2007-06-25,239,67,,,
2007-06-26,283,144,,,
2007-06-27,278,150,,,
2007-06-28,239,122,,,
2007-06-29,211,100,,,
2007-06-30,256,106,,,
2007-07-01,261,111,,,
2007-07-02,250,122,,,
2007-07-03,317,156,,,
2007-07-04,372,167,,,
2007-07-05,378,194,,,
2007-07-06,339,217,,,
2007-07-07,322,183,,,
2007-07-08,322,167,,,
2007-07-09,344,178,,,
2007-07-10,333,183,,,
2007-07-11,233,161,,,
2007-07-12,294,133,,,
2007-07-13,300,139,,,
2007-07-14,294,150,,,
2007-07-15,283,150,,,
2007-07-16,300,150,,,
2007-07-17,256,144,,,
2007-07-18,150,89,,,
2007-07-19,233,83,,,
2007-07-20,228,111,,,
2007-07-21,256,128,,,
2007-07-22,300,150,,,
2007-07-23,306,167,,,
2007-07-24,289,144,,,
2007-07-25,306,167,,,
2007-07-26,306,172,,,
2007-07-27,306,178,,,
2007-07-28,311,178,,,
2007-07-29,311,156,,,
2007-07-30,322,150,,,
2007-07-31,344,161,,,
2007-08-01,344,178,,,
2007-08-02,317,189,,,
2007-08-03,317,167,,,
2007-08-04,289,167,,,
2007-08-05,261,128,,,
2007-08-06,239,111,,,
2007-08-07,233,83,,,
2007-08-08,283,117,,,
2007-08-09,267,128,,,
2007-08-10,261,133,,,
2007-08-11,267,139,,,
2007-08-12,256,128,,,
2007-08-13,278,128,,,
2007-08-14,306,139,,,
2007-08-15,300,167,,,
2007-08-16,261,133,,,
2007-08-17,261,117,,,
2007-08-18,244,128,,,
2007-08-19,189,100,,,
2007-08-20,261,122,,,
2007-08-21,283,150,,,
2007-08-22,272,111,,,
2007-08-23,283,122,,,
2007-08-24,317,178,,,
2007-08-25,300,172,,,
2007-08-26,278,144,,,
2007-08-27,289,133,,,
2007-08-28,311,156,,,
2007-08-29,311,189,,,
2007-08-30,289,172,,,
2007-08-31,289,183,,,
2007-09-01,283,178,,,
2007-09-02,294,167,,,
2007-09-03,283,167,,,
2007-09-04,211,67,,,
2007-09-05,217,67,,,
2007-09-06,267,117,,,
2007-09-07,278,144,,,
2007-09-08,272,128,,,
2007-09-09,261,122,,,
2007-09-10,283,139,,,
2007-09-11,294,167,,,
2007-09-12,278,150,,,
2007-09-13,217,61,,,
2007-09-14,172,56,,,
2007-09-15,217,78,,,
2007-09-16,200,72,,,
2007-09-17,189,67,,,
2007-09-18,194,67,,,
2007-09-19,67,11,,,
2007-09-20,194,33,,,
2007-09-21,267,89,,,
2007-09-22,150,39,,,
2007-09-23,122,17,,,
2007-09-24,172,28,,,
2007-09-25,206,72,,,
2007-09-26,244,111,,,
2007-09-27,206,111,,,
2007-09-28,117,-6,,,
2007-09-29,117,-22,,,
2007-09-30,156,28,,,
2007-10-01,111,22,,,
2007-10-02,194,50,,,
2007-10-03,156,33,,,
2007-10-04,83,-6,,,
2007-10-05,22,-17,,,
2007-10-06,106,-22,,,
2007-10-07,183,39,,,
2007-10-08,189,67,,,
2007-10-09,161,83,,,
2007-10-10,67,0,,,
2007-10-11,117,22,,,
2007-10-12,67,28,,,
2007-10-13,156,17,,,
2007-10-14,183,61,,,
2007-10-15,128,28,,,
2007-10-16,61,0,,,
2007-10-17,22,-6,,,
2007-10-18,72,6,,,
2007-10-19,106,11,,,
2007-10-20,39,-6,,,
2007-10-21,128,-11,,,
2007-10-22,200,56,,,
2007-10-23,233,100,,,
2007-10-24,217,122,,,
2007-10-25,117,6,,,
2007-10-26,111,0,,,
2007-10-27,194,61,,,
2007-10-28,161,94,,,
2007-10-29,144,61,,,
2007-10-30,106,56,,,
2007-10-31,133,39,,,
2007-11-01,133,39,,,
2007-11-02,139,61,,,
2007-11-03,178,67,,,
2007-11-04,189,72,,,
2007-11-05,194,89,,,
2007-11-06,206,89,,,
2007-11-07,200,106,,,
2007-11-08,178,100,,,
2007-11-09,144,28,,,
2007-11-10,56,28,,,
2007-11-11,78,-17,,,
2007-11-12,89,11,,,
2007-11-13,67,28,,,
2007-11-14,150,28,,,
2007-11-15,122,56,,,
2007-11-16,100,50,,,
2007-11-17,100,61,,,
2007-11-18,117,50,,,
2007-11-19,50,-17,,,
2007-11-20,6,-50,,,
2007-11-21,61,-28,,,
2007-11-22,28,-44,,,
2007-11-23,83,-28,,,
2007-11-24,122,22,,,
2007-11-25,106,28,,,
2007-11-26,89,17,,,
2007-11-27,39,-33,,,
2007-11-28,61,-44,,,
2007-11-29,22,-39,,,
2007-11-30,6,-61,,,
2007-12-01,-6,-72,,,
2007-12-02,22,-39,,,
2007-12-03,61,6,,,
2007-12-04,83,22,,,
2007-12-05,44,6,,,
2007-12-06,28,0,,,
2007-12-07,-6,-39,,,
2007-12-08,-33,-78,,,
2007-12-09,11,-78,,,
2007-12-10,-17,-83,,,
2007-12-11,17,-78,,,
2007-12-12,56,-28,,,
2007-12-13,28,-39,,,
2007-12-14,61,-28,,,
2007-12-15,0,-17,,,
2007-12-16,44,-22,,,
2007-12-17,6,-22,,,
2007-12-18,11,-6,,,
2007-12-19,-6,-17,,,
2007-12-20,11,-72,,,
2007-12-21,17,-94,,,
2007-12-22,56,-61,,,
2007-12-23,61,6,,,
2007-12-24,33,-78,,,
2007-12-25,22,-89,,,
2007-12-26,-33,-89,,,
2007-12-27,-50,-100,,,
2007-12-28,-44,-67,,,
2007-12-29,-17,-50,,,
2007-12-30,-11,-67,,,
2007-12-31,17,-78,,,
2008-01-01,61,-44,,,
2008-01-02,72,0,,,
2008-01-03,44,0,,,
2008-01-04,33,-28,,,
2008-01-05,-28,-50,,,
2008-01-06,-22,-56,,,
2008-01-07,-22,-56,,,
2008-01-08,-22,-50,,,
2008-01-09,-17,-33,,,
2008-01-10,0,-22,,,
2008-01-11,11,-11,,,
2008-01-12,39,-6,,,
2008-01-13,156,0,,,
2008-01-14,89,11,,,
2008-01-15,22,-72,,,
2008-01-16,-11,-100,,,
2008-01-17,39,-72,,,
2008-01-18,67,-11,,,
2008-01-19,72,-17,,,
2008-01-20,-11,-56,,,
2008-01-21,-22,-83,,,
2008-01-22,11,-100,,,
2008-01-23,22,-56,,,
2008-01-24,-28,-67,,,
2008-01-25,11,-50,,,
2008-01-26,44,0,,,
2008-01-27,28,-78,,,
2008-01-28,-44,-83,,,
2008-01-29,-39,-78,,,
2008-01-30,-44,-78,,,
2008-01-31,-17,-50,,,
2008-02-01,-39,-61,,,
2008-02-02,-22,-67,,,
2008-02-03,-22,-67,,,
2008-02-04,-17,-72,,,
2008-02-05,61,-72,,,
2008-02-06,6,-33,,,
2008-02-07,28,-11,,,
2008-02-08,83,-11,,,
2008-02-09,156,11,,,
2008-02-10,106,44,,,
2008-02-11,117,22,,,
2008-02-12,150,28,,,
2008-02-13,61,-56,,,
2008-02-14,6,-83,,,
2008-02-15,94,-28,,,
2008-02-16,94,28,,,
2008-02-17,122,17,,,
2008-02-18,106,6,,,
2008-02-19,72,0,,,
2008-02-20,28,-11,,,
2008-02-21,6,-17,,,
2008-02-22,39,-28,,,
2008-02-23,6,-39,,,
2008-02-24,39,-6,,,
2008-02-25,83,-6,,,
2008-02-26,128,0,,,
2008-02-27,128,39,,,
2008-02-28,139,28,,,
2008-02-29,111,33,,,
2008-03-01,39,-44,,,
2008-03-02,50,-67,,,
2008-03-03,100,-11,,,
2008-03-04,56,-28,,,
2008-03-05,72,-44,,,
2008-03-06,106,-6,,,
2008-03-07,89,22,,,
2008-03-08,67,-11,,,
2008-03-09,133,0,,,
2008-03-10,133,44,,,
2008-03-11,122,33,,,
2008-03-12,100,17,,,
2008-03-13,50,-17,,,
2008-03-14,11,-39,,,
2008-03-15,6,-44,,,
2008-03-16,33,-50,,,
2008-03-17,56,-28,,,
2008-03-18,111,17,,,
2008-03-19,44,0,,,
2008-03-20,56,-11,,,
2008-03-21,83,-22,,,
2008-03-22,128,6,,,
2008-03-23,133,50,,,
2008-03-24,94,28,,,
2008-03-25,94,11,,,
2008-03-26,6,-50,,,
2008-03-27,39,-78,,,
2008-03-28,28,-50,,,
2008-03-29,11,-72,,,
2008-03-30,0,-61,,,
2008-03-31,67,-72,,,
2008-04-01,100,0,,,
2008-04-02,128,6,,,
2008-04-03,150,17,,,
2008-04-04,94,-6,,,
2008-04-05,67,-33,,,
2008-04-06,56,-28,,,
2008-04-07,50,-44,,,
2008-04-08,17,-22,,,
2008-04-09,78,-39,,,
2008-04-10,94,-17,,,
2008-04-11,178,17,,,
2008-04-12,228,72,,,
2008-04-13,211,100,,,
2008-04-14,122,-39,,,
2008-04-15,33,-56,,,
2008-04-16,100,-39,,,
2008-04-17,194,39,,,
2008-04-18,156,6,,,
2008-04-19,11,-67,,,
2008-04-20,11,-83,,,
2008-04-21,39,-50,,,
2008-04-22,106,-11,,,
2008-04-23,0,-28,,,
2008-04-24,78,-28,,,
2008-04-25,139,17,,,
2008-04-26,183,44,,,
2008-04-27,211,94,,,
2008-04-28,189,89,,,
2008-04-29,78,-39,,,
2008-04-30,28,-56,,,
2008-05-01,111,-33,,,
2008-05-02,167,44,,,
2008-05-03,156,39,,,
2008-05-04,156,33,,,
2008-05-05,211,83,,,
2008-05-06,178,72,,,
2008-05-07,144,28,,,
2008-05-08,150,33,,,
2008-05-09,144,11,,,
2008-05-10,206,56,,,
2008-05-11,144,6,,,
2008-05-12,133,-17,,,
2008-05-13,194,56,,,
2008-05-14,189,72,,,
2008-05-15,267,100,,,
2008-05-16,322,150,,,
2008-05-17,311,178,,,
2008-05-18,294,172,,,
2008-05-19,283,172,,,
2008-05-20,178,11,,,
2008-05-21,100,0,,,
2008-05-22,94,-11,,,
2008-05-23,72,-6,,,
2008-05-24,89,28,,,
2008-05-25,106,22,,,
2008-05-26,100,44,,,
2008-05-27,106,44,,,
2008-05-28,78,28,,,
2008-05-29,100,39,,,
2008-05-30,167,39,,,
2008-05-31,172,78,,,
2008-06-01,183,67,,,
2008-06-02,189,50,,,
2008-06-03,156,33,,,
2008-06-04,117,0,,,
2008-06-05,178,17,,,
2008-06-06,139,6,,,
2008-06-07,150,6,,,
2008-06-08,222,50,,,
2008-06-09,228,67,,,
2008-06-10,122,6,,,
2008-06-11,167,0,,,
2008-06-12,217,50,,,
2008-06-13,278,133,,,
2008-06-14,267,144,,,
2008-06-15,261,139,,,
2008-06-16,261,139,,,
2008-06-17,244,111,,,
2008-06-18,239,78,,,
2008-06-19,250,100,,,
2008-06-20,272,144,,,
2008-06-21,233,150,,,
2008-06-22,244,122,,,
2008-06-23,261,117,,,
2008-06-24,267,106,,,
2008-06-25,272,111,,,
2008-06-26,261,111,,,
2008-06-27,294,144,,,
2008-06-28,311,178,,,
2008-06-29,300,156,,,
2008-06-30,294,156,,,
2008-07-01,289,139,,,
2008-07-02,300,161,,,
2008-07-03,278,144,,,
2008-07-04,233,133,,,
2008-07-05,256,122,,,
2008-07-06,289,128,,,
2008-07-07,311,167,,,
2008-07-08,317,183,,,
2008-07-09,339,200,,,
2008-07-10,317,172,,,
2008-07-11,283,139,,,
2008-07-12,328,178,,,
2008-07-13,317,178,,,
2008-07-14,306,178,,,
2008-07-15,289,161,,,
2008-07-16,278,144,,,
2008-07-17,289,144,,,
2008-07-18,289,144,,,
2008-07-19,294,144,,,
2008-07-20,306,167,,,
2008-07-21,256,161,,,
2008-07-22,272,128,,,
2008-07-23,283,111,,,
2008-07-24,294,139,,,
2008-07-25,289,144,,,
2008-07-26,278,139,,,
2008-07-27,283,161,,,
2008-07-28,272,139,,,
2008-07-29,261,144,,,
2008-07-30,278,128,,,
2008-07-31,283,144,,,
2008-08-01,283,139,,,
2008-08-02,278,139,,,
2008-08-03,289,150,,,
2008-08-04,306,161,,,
2008-08-05,311,167,,,
2008-08-06,294,156,,,
2008-08-07,294,178,,,
2008-08-08,261,139,,,
2008-08-09,233,128,,,
2008-08-10,256,111,,,
2008-08-11,306,128,,,
2008-08-12,311,161,,,
2008-08-13,333,150,,,
2008-08-14,350,206,,,
2008-08-15,361,211,,,
2008-08-16,344,200,,,
2008-08-17,317,167,,,
2008-08-18,239,133,,,
2008-08-19,211,106,,,
2008-08-20,228,111,,,
2008-08-21,256,128,,,
2008-08-22,294,128,,,
2008-08-23,300,150,,,
2008-08-24,300,167,,,
2008-08-25,256,89,,,
2008-08-26,256,72,,,
2008-08-27,272,133,,,
2008-08-28,283,117,,,
2008-08-29,317,189,,,
2008-08-30,267,78,,,
2008-08-31,133,11,,,
2008-09-01,172,6,,,
2008-09-02,244,94,,,
2008-09-03,283,100,,,
2008-09-04,267,128,,,
2008-09-05,272,128,,,
2008-09-06,300,150,,,
2008-09-07,283,156,,,
2008-09-08,294,156,,,
2008-09-09,261,128,,,
2008-09-10,250,100,,,
2008-09-11,267,117,,,
2008-09-12,283,161,,,
2008-09-13,294,139,,,
2008-09-14,311,183,,,
2008-09-15,311,183,,,
2008-09-16,294,189,,,
2008-09-17,239,161,,,
2008-09-18,250,139,,,
2008-09-19,206,83,,,
2008-09-20,172,61,,,
2008-09-21,156,61,,,
2008-09-22,194,33,,,
2008-09-23,228,100,,,
2008-09-24,228,128,,,
2008-09-25,239,128,,,
2008-09-26,250,117,,,
2008-09-27,261,139,,,
2008-09-28,283,161,,,
2008-09-29,267,156,,,
2008-09-30,256,139,,,
2008-10-01,239,156,,,
2008-10-02,167,89,,,
2008-10-03,111,67,,,
2008-10-04,89,50,,,
2008-10-05,78,50,,,
2008-10-06,206,44,,,
2008-10-07,206,67,,,
2008-10-08,150,28,,,
2008-10-09,56,-22,,,
2008-10-10,17,-39,,,
2008-10-11,33,-39,,,
2008-10-12,89,-28,,,
2008-10-13,172,17,,,
2008-10-14,206,72,,,
2008-10-15,183,61,,,
2008-10-16,211,100,,,
2008-10-17,228,117,,,
2008-10-18,194,94,,,
2008-10-19,189,83,,,
2008-10-20,156,44,,,
2008-10-21,128,6,,,
2008-10-22,194,61,,,
2008-10-23,217,89,,,
2008-10-24,211,94,,,
2008-10-25,233,117,,,
2008-10-26,233,117,,,
2008-10-27,228,128,,,
2008-10-28,206,122,,,
2008-10-29,200,111,,,
2008-10-30,167,61,,,
2008-10-31,106,56,,,
2008-11-01,94,44,,,
2008-11-02,56,6,,,
2008-11-03,33,-6,,,
2008-11-04,6,-28,,,
2008-11-05,22,-28,,,
2008-11-06,89,0,,,
2008-11-07,167,56,,,
2008-11-08,117,0,,,
2008-11-09,61,0,,,
2008-11-10,67,0,,,
2008-11-11,44,6,,,
2008-11-12,133,39,,,
2008-11-13,111,56,,,
2008-11-14,139,39,,,
2008-11-15,194,67,,,
2008-11-16,233,128,,,
2008-11-17,200,117,,,
2008-11-18,178,106,,,
2008-11-19,144,78,,,
2008-11-20,78,0,,,
2008-11-21,117,-11,,,
2008-11-22,67,22,,,
2008-11-23,122,6,,,
2008-11-24,133,17,,,
2008-11-25,128,56,,,
2008-11-26,106,39,,,
2008-11-27,100,22,,,
2008-11-28,106,22,,,
2008-11-29,122,39,,,
2008-11-30,178,67,,,
2008-12-01,139,56,,,
2008-12-02,78,17,,,
2008-12-03,106,11,,,
2008-12-04,89,11,,,
2008-12-05,111,6,,,
2008-12-06,122,28,,,
2008-12-07,94,6,,,
2008-12-08,28,-17,,,
2008-12-09,83,-33,,,
2008-12-10,122,89,,,
2008-12-11,122,11,,,
2008-12-12,61,-33,,,
2008-12-13,-39,-72,,,
2008-12-14,-33,-67,,,
2008-12-15,-44,-78,,,
2008-12-16,-33,-117,,,
2008-12-17,11,-106,,,
2008-12-18,-28,-78,,,
2008-12-19,-33,-67,,,
2008-12-20,0,-67,,,
2008-12-21,6,-33,,,
2008-12-22,-39,-61,,,
2008-12-23,-28,-78,,,
2008-12-24,-11,-56,,,
2008-12-25,-17,-89,,,
2008-12-26,-39,-89,,,
2008-12-27,-6,-56,,,
2008-12-28,33,-11,,,
2008-12-29,28,6,,,
2008-12-30,89,-6,,,
2008-12-31,56,6,,,
2009-01-01,50,11,,,
2009-01-02,33,-67,,,
2009-01-03,-6,-94,,,
2009-01-04,-11,-83,,,
2009-01-05,-17,-50,,,
2009-01-06,72,-17,,,
2009-01-07,106,6,,,
2009-01-08,56,-33,,,
2009-01-09,33,-50,,,
2009-01-10,139,6,,,
2009-01-11,106,33,,,
2009-01-12,117,28,,,
2009-01-13,161,44,,,
2009-01-14,178,78,,,
2009-01-15,156,56,,,
2009-01-16,144,50,,,
2009-01-17,144,50,,,
2009-01-18,122,22,,,
2009-01-19,111,17,,,
2009-01-20,117,22,,,
2009-01-21,89,17,,,
2009-01-22,44,17,,,
2009-01-23,67,17,,,
2009-01-24,28,-17,,,
2009-01-25,-17,-50,,,
2009-01-26,-39,-106,,,
2009-01-27,50,-106,,,
2009-01-28,44,-11,,,
2009-01-29,106,-11,,,
2009-01-30,128,17,,,
2009-01-31,89,0,,,
2009-02-01,94,-22,,,
2009-02-02,144,33,,,
2009-02-03,144,50,,,
2009-02-04,139,44,,,
2009-02-05,72,0,,,
2009-02-06,44,0,,,
2009-02-07,39,-6,,,
2009-02-08,33,-50,,,
2009-02-09,-28,-78,,,
2009-02-10,-33,-83,,,
2009-02-11,-6,-50,,,
2009-02-12,-11,-56,,,
2009-02-13,-6,-56,,,
2009-02-14,-11,-56,,,
2009-02-15,17,-28,,,
2009-02-16,33,-33,,,
2009-02-17,17,-50,,,
2009-02-18,28,-33,,,
2009-02-19,67,-11,,,
2009-02-20,106,6,,,
2009-02-21,111,17,,,
2009-02-22,61,11,,,
2009-02-23,72,22,,,
2009-02-24,22,0,,,
2009-02-25,28,-11,,,
2009-02-26,11,-11,,,
2009-02-27,78,-28,,,
2009-02-28,111,0,,,
2009-03-01,61,33,,,
2009-03-02,50,-11,,,
2009-03-03,11,-356,,,
2009-03-04,-6,-56,,,
2009-03-05,0,-56,,,
2009-03-06,0,-44,,,
2009-03-07,83,-56,,,
2009-03-08,28,-67,,,
2009-03-09,-6,-94,,,
2009-03-10,61,-78,,,
2009-03-11,89,-17,,,
2009-03-12,111,-11,,,
2009-03-13,128,6,,,
2009-03-14,61,-6,,,
2009-03-15,61,-6,,,
2009-03-16,78,17,,,
2009-03-17,78,0,,,
2009-03-18,139,11,,,
2009-03-19,150,50,,,
2009-03-20,139,56,,,
2009-03-21,72,-17,,,
2009-03-22,-6,-67,,,
2009-03-23,56,-83,,,
2009-03-24,83,-11,,,
2009-03-25,61,6,,,
2009-03-26,89,0,,,
2009-03-27,128,6,,,
2009-03-28,150,22,,,
2009-03-29,6,-61,,,
2009-03-30,94,-61,,,
2009-03-31,89,-6,,,
2009-04-01,78,-33,,,
2009-04-02,72,-33,,,
2009-04-03,0,-61,,,
2009-04-04,100,-56,,,
2009-04-05,144,0,,,
2009-04-06,178,67,,,
2009-04-07,156,6,,,
2009-04-08,6,-6,,,
2009-04-09,33,0,,,
2009-04-10,50,-11,,,
2009-04-11,106,-6,,,
2009-04-12,144,22,,,
2009-04-13,117,-28,,,
2009-04-14,0,-67,,,
2009-04-15,39,-50,,,
2009-04-16,122,-39,,,
2009-04-17,167,39,,,
2009-04-18,200,39,,,
2009-04-19,239,106,,,
2009-04-20,261,128,,,
2009-04-21,261,144,,,
2009-04-22,211,94,,,
2009-04-23,133,-6,,,
2009-04-24,50,-22,,,
2009-04-25,128,-6,,,
2009-04-26,111,-17,,,
2009-04-27,106,-17,,,
2009-04-28,33,-17,,,
2009-04-29,78,-17,,,
2009-04-30,117,6,,,
2009-05-01,94,17,,,
2009-05-02,56,11,,,
2009-05-03,83,28,,,
2009-05-04,67,28,,,
2009-05-05,128,56,,,
2009-05-06,111,39,,,
2009-05-07,128,17,,,
2009-05-08,156,6,,,
2009-05-09,172,39,,,
2009-05-10,211,61,,,
2009-05-11,183,56,,,
2009-05-12,117,17,,,
2009-05-13,150,11,,,
2009-05-14,150,67,,,
2009-05-15,211,67,,,
2009-05-16,283,122,,,
2009-05-17,289,172,,,
2009-05-18,256,150,,,
2009-05-19,194,83,,,
2009-05-20,222,50,,,
2009-05-21,233,100,,,
2009-05-22,250,106,,,
2009-05-23,228,117,,,
2009-05-24,217,89,,,
2009-05-25,244,89,,,
2009-05-26,233,83,,,
2009-05-27,261,117,,,
2009-05-28,256,150,,,
2009-05-29,267,150,,,
2009-05-30,239,133,,,
2009-05-31,228,117,,,
2009-06-01,233,106,,,
2009-06-02,194,89,,,
2009-06-03,194,94,,,
2009-06-04,172,61,,,
2009-06-05,83,44,,,
2009-06-06,122,50,,,
2009-06-07,156,67,,,
2009-06-08,189,83,,,
2009-06-09,183,83,,,
2009-06-10,144,61,,,
2009-06-11,128,56,,,
2009-06-12,167,61,,,
2009-06-13,161,67,,,
2009-06-14,183,78,,,
2009-06-15,211,78,,,
2009-06-16,222,94,,,
2009-06-17,211,111,,,
2009-06-18,256,83,,,
2009-06-19,194,94,,,
2009-06-20,200,44,,,
2009-06-21,133,33,,,
2009-06-22,200,33,,,
2009-06-23,272,111,,,
2009-06-24,278,156,,,
2009-06-25,272,144,,,
2009-06-26,261,111,,,
2009-06-27,306,139,,,
2009-06-28,294,167,,,
2009-06-29,306,167,,,
2009-06-30,294,150,,,
2009-07-01,272,161,,,
2009-07-02,300,167,,,
2009-07-03,278,167,,,
2009-07-04,294,161,,,
2009-07-05,261,144,,,
2009-07-06,228,106,,,
2009-07-07,211,94,,,
2009-07-08,211,67,,,
2009-07-09,222,72,,,
2009-07-10,250,117,,,
2009-07-11,239,128,,,
2009-07-12,228,106,,,
2009-07-13,222,83,,,
2009-07-14,294,139,,,
2009-07-15,306,156,,,
2009-07-16,311,183,,,
2009-07-17,333,189,,,
2009-07-18,333,189,,,
2009-07-19,328,161,,,
2009-07-20,322,211,,,
2009-07-21,311,194,,,
2009-07-22,306,178,,,
2009-07-23,322,178,,,
2009-07-24,311,167,,,
2009-07-25,311,167,,,
2009-07-26,328,172,,,
2009-07-27,317,178,,,
2009-07-28,317,206,,,
2009-07-29,317,189,,,
2009-07-30,328,194,,,
2009-07-31,333,178,,,
2009-08-01,328,189,,,
2009-08-02,283,150,,,
2009-08-03,294,150,,,
2009-08-04,272,144,,,
2009-08-05,250,111,,,
2009-08-06,128,67,,,
2009-08-07,161,56,,,
2009-08-08,217,67,,,
2009-08-09,261,106,,,
2009-08-10,306,139,,,
2009-08-11,294,178,,,
2009-08-12,272,150,,,
2009-08-13,244,117,,,
2009-08-14,206,89,,,
2009-08-15,233,83,,,
2009-08-16,272,111,,,
2009-08-17,278,144,,,
2009-08-18,306,161,,,
2009-08-19,344,211,,,
2009-08-20,328,200,,,
2009-08-21,317,178,,,
2009-08-22,317,183,,,
2009-08-23,256,144,,,
2009-08-24,267,144,,,
2009-08-25,261,139,,,
2009-08-26,289,150,,,
2009-08-27,294,161,,,
2009-08-28,244,183,,,
2009-08-29,283,156,,,
2009-08-30,261,150,,,
2009-08-31,267,150,,,
2009-09-01,256,150,,,
2009-09-02,267,172,,,
2009-09-03,272,183,,,
2009-09-04,278,156,,,
2009-09-05,222,117,,,
2009-09-06,189,83,,,
2009-09-07,222,78,,,
2009-09-08,267,106,,,
2009-09-09,278,139,,,
2009-09-10,300,156,,,
2009-09-11,333,200,,,
2009-09-12,289,183,,,
2009-09-13,228,83,,,
2009-09-14,183,89,,,
2009-09-15,267,100,,,
2009-09-16,261,150,,,
2009-09-17,250,117,,,
2009-09-18,300,150,,,
2009-09-19,256,128,,,
2009-09-20,233,117,,,
2009-09-21,272,117,,,
2009-09-22,294,161,,,
2009-09-23,311,189,,,
2009-09-24,311,189,,,
2009-09-25,311,172,,,
2009-09-26,306,194,,,
2009-09-27,300,189,,,
2009-09-28,239,106,,,
2009-09-29,106,0,,,
2009-09-30,94,-11,,,
2009-10-01,172,39,,,
2009-10-02,150,33,,,
2009-10-03,72,-22,,,
2009-10-04,17,-28,,,
2009-10-05,61,6,,,
2009-10-06,128,56,,,
2009-10-07,183,56,,,
2009-10-08,194,83,,,
2009-10-09,167,72,,,
2009-10-10,172,78,,,
2009-10-11,172,67,,,
2009-10-12,139,28,,,
2009-10-13,61,61,,,
2009-10-14,111,78,,,
2009-10-15,161,83,,,
2009-10-16,222,100,,,
2009-10-17,200,100,,,
2009-10-18,144,56,,,
2009-10-19,106,44,,,
2009-10-20,167,67,,,
2009-10-21,206,94,,,
2009-10-22,189,89,,,
2009-10-23,194,106,,,
2009-10-24,128,83,,,
2009-10-25,183,72,,,
2009-10-26,156,11,,,
2009-10-27,39,-6,,,
2009-10-28,50,-6,,,
2009-10-29,44,11,,,
2009-10-30,178,106,,,
2009-10-31,189,89,,,
2009-11-01,161,72,,,
2009-11-02,178,78,,,
2009-11-03,211,89,,,
2009-11-04,200,106,,,
2009-11-05,106,39,,,
2009-11-06,67,50,,,
2009-11-07,72,0,,,
2009-11-08,94,0,,,
2009-11-09,89,6,,,
2009-11-10,106,33,,,
2009-11-11,44,33,,,
2009-11-12,22,-28,,,
2009-11-13,28,-44,,,
2009-11-14,17,-28,,,
2009-11-15,106,-11,,,
2009-11-16,94,17,,,
2009-11-17,106,-11,,,
2009-11-18,56,-22,,,
2009-11-19,111,0,,,
2009-11-20,61,39,,,
2009-11-21,11,-22,,,
2009-11-22,22,-22,,,
2009-11-23,78,22,,,
2009-11-24,128,28,,,
2009-11-25,128,33,,,
2009-11-26,111,33,,,
2009-11-27,56,-6,,,
2009-11-28,22,-17,,,
2009-11-29,83,-11,,,
2009-11-30,100,0,,,
2009-12-01,100,22,,,
2009-12-02,56,6,,,
2009-12-03,72,-6,,,
2009-12-04,83,0,,,
2009-12-05,-6,-94,,,
2009-12-06,-72,-78,,,
2009-12-07,-78,-139,,,
2009-12-08,-61,-144,,,
2009-12-09,6,-111,,,
2009-12-10,17,-67,,,
2009-12-11,-11,-28,,,
2009-12-12,78,50,,,
2009-12-13,28,11,,,
2009-12-14,311,-6,,,
2009-12-15,272,-6,,,
2009-12-16,406,306,,,
2009-12-17,528,50,,,
2009-12-18,200,-133,,,
2009-12-19,389,-39,,,
2009-12-20,106,0,,,
2009-12-21,244,-61,,,
2009-12-22,-61,-67,,,
2009-12-23,539,11,,,
2009-12-24,589,0,,,
2009-12-25,106,0,,,
2009-12-26,506,-33,,,
2009-12-27,417,-28,,,
2009-12-28,533,-356,,,
2009-12-29,6,-44,,,
2009-12-30,406,-50,,,
2009-12-31,-17,-28,,,
2010-01-01,239,39,,,
2010-01-02,183,-111,,,
2010-01-03,294,39,,,
2010-01-04,289,28,,,
2010-01-05,94,56,,,
2010-01-06,83,44,,,
2010-01-07,94,11,,,
2010-01-08,67,6,,,
2010-01-09,83,44,,,
2010-01-10,89,39,,,
2010-01-11,83,67,,,
2010-01-12,56,44,,,
2010-01-13,11,11,,,
2010-01-14,56,22,,,
2010-01-15,89,17,,,
2010-01-16,72,17,,,
2010-01-18,44,11,,,
2010-01-19,39,17,,,
2010-01-20,11,-11,,,
2010-01-21,11,-6,,,
2010-01-22,0,-39,,,
2010-01-23,-6,-28,,,
2010-01-25,17,6,,,
2010-01-26,39,-6,,,
2010-01-27,61,-22,,,
2010-01-28,83,-22,,,
2010-01-29,56,-6,,,
2010-01-30,6,-11,,,
2010-01-31,39,-11,,,
2010-02-01,39,-11,,,
2010-02-02,67,-17,,,
2010-02-03,39,-11,,,
2010-02-04,33,0,,,
2010-02-05,61,11,,,
2010-02-06,39,0,,,
2010-02-07,33,0,,,
2010-02-08,61,-11,,,
2010-02-09,61,-11,,,
2010-02-10,33,-22,,,
2010-02-11,33,6,,,
2010-02-12,61,6,,,
2010-02-13,89,17,,,
2010-02-14,94,17,,,
2010-02-15,117,39,,,
2010-02-16,122,44,,,
2010-02-17,139,44,,,
2010-02-18,89,-6,,,
2010-02-19,72,-6,,,
2010-02-20,44,-39,,,
2010-02-21,28,-50,,,
2010-02-22,56,-61,,,
2010-02-23,11,-22,,,
2010-02-24,44,0,,,
2010-02-25,72,-6,,,
2010-02-26,50,28,,,
2010-02-27,83,6,,,
2010-02-28,111,0,,,
2010-03-01,111,17,,,
2010-03-02,44,0,,,
2010-03-03,17,-39,,,
2010-03-04,17,-17,,,
2010-03-05,67,-22,,,
2010-03-06,83,17,,,
2010-03-07,100,0,,,
2010-03-08,22,-17,,,
2010-03-09,-11,-61,,,
2010-03-10,28,-72,,,
2010-03-11,56,-28,,,
2010-03-12,33,-50,,,
2010-03-13,6,-44,,,
2010-03-14,106,-44,,,
2010-03-15,133,11,,,
2010-03-16,150,61,,,
2010-03-17,156,39,,,
2010-03-18,106,-11,,,
2010-03-19,167,28,,,
2010-03-20,161,33,,,
2010-03-21,94,28,,,
2010-03-22,78,-6,,,
2010-03-23,156,-17,,,
2010-03-24,144,-11,,,
2010-03-25,0,-28,,,
2010-03-26,33,-44,,,
2010-03-27,122,-17,,,
2010-03-28,106,33,,,
2010-03-29,61,6,,,
2010-03-31,11,-39,,,
2010-04-01,22,-44,,,
2010-04-02,-11,-28,,,
2010-04-03,-6,-39,,,
2010-04-04,17,-50,,,
2010-04-05,11,-56,,,
2010-04-06,67,-33,,,
2010-04-07,144,-6,,,
2010-04-08,50,-28,,,
2010-04-09,100,-44,,,
2010-04-10,78,6,,,
2010-04-11,72,-6,,,
2010-04-12,44,-6,,,
2010-04-13,72,-6,,,
2010-04-14,83,-6,,,
2010-04-15,144,-6,,,
2010-04-16,128,39,,,
2010-04-17,161,33,,,
2010-04-18,211,56,,,
2010-04-19,156,56,,,
2010-04-20,67,-6,,,
2010-04-21,6,-39,,,
2010-04-22,117,-6,,,
2010-04-23,167,11,,,
2010-04-24,139,33,,,
2010-04-25,172,22,,,
2010-04-26,167,78,,,
2010-04-27,67,-22,,,
2010-04-28,6,-33,,,
2010-04-29,39,-39,,,
2010-04-30,89,-33,,,
2010-05-01,106,6,,,
2010-05-02,150,-11,,,
2010-05-03,139,0,,,
2010-05-04,133,-22,,,
2010-05-05,50,-33,,,
2010-05-06,100,-50,,,
2010-05-07,150,17,,,
2010-05-08,133,28,,,
2010-05-09,106,17,,,
2010-05-10,28,-22,,,
2010-05-11,89,-17,,,
2010-05-12,122,0,,,
2010-05-13,178,44,,,
2010-05-14,200,89,,,
2010-05-15,206,100,,,
2010-05-16,189,89,,,
2010-05-17,128,22,,,
2010-05-18,106,22,,,
2010-05-19,111,17,,,
2010-05-20,111,0,,,
2010-05-21,78,-39,,,
2010-05-22,44,-56,,,
2010-05-23,106,-22,,,
2010-05-24,61,0,,,
2010-05-25,106,11,,,
2010-05-26,89,6,,,
2010-05-27,83,-6,,,
2010-05-28,106,0,,,
2010-05-29,167,0,,,
2010-05-30,200,56,,,
2010-05-31,161,89,,,
2010-06-01,150,78,,,
2010-06-02,133,78,,,
2010-06-03,122,78,,,
2010-06-04,139,89,,,
2010-06-05,167,106,,,
2010-06-06,189,106,,,
2010-06-07,206,78,,,
2010-06-08,211,89,,,
2010-06-09,144,56,,,
2010-06-10,100,11,,,
2010-06-11,139,11,,,
2010-06-12,200,44,,,
2010-06-13,233,94,,,
2010-06-14,239,100,,,
2010-06-15,189,39,,,
2010-06-16,144,6,,,
2010-06-17,194,33,,,
2010-06-18,194,72,,,
2010-06-19,178,61,,,
2010-06-20,150,39,,,
2010-06-21,200,39,,,
2010-06-22,239,100,,,
2010-06-23,250,139,,,
2010-06-24,239,128,,,
2010-06-25,239,133,,,
2010-06-26,272,111,,,
2010-06-27,306,144,,,
2010-06-28,311,156,,,
2010-06-29,272,128,,,
2010-06-30,239,94,,,
2010-07-01,222,89,,,
2010-07-02,206,67,,,
2010-07-03,217,44,,,
2010-07-04,250,94,,,
2010-07-05,267,122,,,
2010-07-06,283,117,,,
2010-07-07,306,161,,,
2010-07-08,289,189,,,
2010-07-09,306,172,,,
2010-07-10,306,189,,,
2010-07-11,300,172,,,
2010-07-12,278,178,,,
2010-07-13,278,150,,,
2010-07-14,283,128,,,
2010-07-15,333,172,,,
2010-07-16,328,200,,,
2010-07-17,311,206,,,
2010-07-18,300,178,,,
2010-07-19,300,144,,,
2010-07-20,317,161,,,
2010-07-21,294,156,,,
2010-07-22,317,139,,,
2010-07-23,322,161,,,
2010-07-24,344,172,,,
2010-07-25,283,200,,,
2010-07-26,300,156,,,
2010-07-27,300,150,,,
2010-07-28,278,156,,,
2010-07-29,294,139,,,
2010-07-30,278,133,,,
2010-07-31,267,144,,,
2010-08-01,283,133,,,
2010-08-02,278,150,,,
2010-08-03,300,150,,,
2010-08-04,300,167,,,
2010-08-05,294,161,,,
2010-08-06,300,150,,,
2010-08-07,278,128,,,
2010-08-08,272,128,,,
2010-08-09,250,144,,,
2010-08-10,222,133,,,
2010-08-11,233,117,,,
2010-08-12,278,100,,,
2010-08-13,300,156,,,
2010-08-14,317,150,,,
2010-08-15,267,144,,,
2010-08-16,333,167,,,
2010-08-17,300,156,,,
2010-08-18,278,144,,,
2010-08-19,289,139,,,
2010-08-20,278,150,,,
2010-08-21,239,117,,,
2010-08-22,211,89,,,
2010-08-23,289,106,,,
2010-08-24,333,172,,,
2010-08-25,333,217,,,
2010-08-26,294,139,,,
2010-08-27,256,100,,,
2010-08-28,122,50,,,
2010-08-29,161,39,,,
2010-08-30,139,67,,,
2010-08-31,194,56,,,
2010-09-01,239,100,,,
2010-09-02,306,161,,,
2010-09-03,300,172,,,
2010-09-04,267,133,,,
2010-09-05,189,78,,,
2010-09-06,250,78,,,
2010-09-07,222,106,,,
2010-09-08,100,44,,,
2010-09-09,139,33,,,
2010-09-10,222,56,,,
2010-09-11,239,106,,,
2010-09-12,256,133,,,
2010-09-13,233,139,,,
2010-09-14,239,117,,,
2010-09-15,222,117,,,
2010-09-16,239,128,,,
2010-09-17,211,117,,,
2010-09-18,233,106,,,
2010-09-19,156,78,,,
2010-09-20,194,56,,,
2010-09-21,194,78,,,
2010-09-22,183,67,,,
2010-09-23,211,67,,,
2010-09-24,278,117,,,
2010-09-25,294,156,,,
2010-09-26,278,150,,,
2010-09-27,317,167,,,
2010-09-28,311,194,,,
2010-09-29,300,156,,,
2010-09-30,317,189,,,
2010-10-01,306,172,,,
2010-10-02,272,161,,,
2010-10-03,167,100,,,
2010-10-04,111,28,,,
2010-10-05,100,17,,,
2010-10-06,161,72,,,
2010-10-07,83,50,,,
2010-10-08,161,50,,,
2010-10-09,200,89,,,
2010-10-10,239,117,,,
2010-10-11,172,61,,,
2010-10-12,228,83,,,
2010-10-13,244,100,,,
2010-10-14,233,128,,,
2010-10-15,206,139,,,
2010-10-16,189,106,,,
2010-10-17,133,89,,,
2010-10-18,189,72,,,
2010-10-19,206,78,,,
2010-10-20,217,89,,,
2010-10-21,161,50,,,
2010-10-22,106,33,,,
2010-10-23,56,17,,,
2010-10-24,83,0,,,
2010-10-25,39,-6,,,
2010-10-26,28,-11,,,
2010-10-27,83,-22,,,
2010-10-28,117,22,,,
2010-10-29,128,17,,,
2010-10-30,78,28,,,
2010-10-31,89,22,,,
2010-11-01,167,61,,,
2010-11-02,200,111,,,
2010-11-03,217,100,,,
2010-11-04,228,122,,,
2010-11-05,183,117,,,
2010-11-06,161,78,,,
2010-11-07,83,-11,,,
2010-11-08,17,-33,,,
2010-11-09,6,-33,,,
2010-11-10,6,-22,,,
2010-11-11,78,-28,,,
2010-11-12,61,0,,,
2010-11-13,89,-6,,,
2010-11-14,106,33,,,
2010-11-15,111,44,,,
2010-11-16,78,17,,,
2010-11-17,128,28,,,
2010-11-18,72,17,,,
2010-11-19,17,-39,,,
2010-11-20,0,-44,,,
2010-11-21,-28,-50,,,
2010-11-22,-11,-44,,,
2010-11-23,-11,-106,,,
2010-11-24,-39,-117,,,
2010-11-25,39,-94,,,
2010-11-26,39,-39,,,
2010-11-27,-17,-50,,,
2010-11-28,-28,-67,,,
2010-11-29,17,-78,,,
2010-11-30,11,-22,,,
2010-12-01,39,-17,,,
2010-12-02,44,-11,,,
2010-12-03,44,-11,,,
2010-12-04,61,22,,,
2010-12-05,72,11,,,
2010-12-06,44,6,,,
2010-12-07,111,17,,,
2010-12-08,50,6,,,
2010-12-09,39,17,,,
2010-12-10,44,22,,,
2010-12-11,67,22,,,
2010-12-12,111,56,,,
2010-12-13,89,50,,,
2010-12-14,33,-22,,,
2010-12-15,28,-44,,,
2010-12-16,11,-61,,,
2010-12-17,11,-44,,,
2010-12-18,28,-11,,,
2010-12-19,6,-39,,,
2010-12-20,6,-28,,,
2010-12-21,11,-17,,,
2010-12-22,33,0,,,
2010-12-23,28,-11,,,
2010-12-24,67,-17,,,
2010-12-25,78,-11,,,
2010-12-26,17,-28,,,
2010-12-27,28,-22,,,
2010-12-28,6,-6,,,
2010-12-29,-11,-89,,,
2010-12-30,-61,-106,,,
2010-12-31,-33,-128,,,
2011-01-01,0,-78,,,
2011-01-02,11,-56,,,
2011-01-03,50,-44,,,
2011-01-04,83,-39,,,
2011-01-05,111,-11,,,
2011-01-06,122,11,,,
2011-01-07,128,22,,,
2011-01-08,39,-78,,,
2011-01-09,0,-94,,,
2011-01-10,6,-89,,,
2011-01-11,0,-50,,,
2011-01-12,39,-11,,,
2011-01-13,44,0,,,
2011-01-14,106,6,,,
2011-01-15,117,50,,,
2011-01-16,83,50,,,
2011-01-17,100,11,,,
2011-01-18,89,17,,,
2011-01-19,50,-11,,,
2011-01-20,100,-6,,,
2011-01-21,133,28,,,
2011-01-22,83,28,,,
2011-01-23,100,17,,,
2011-01-24,128,33,,,
2011-01-25,94,17,,,
2011-01-26,122,17,,,
2011-01-27,144,28,,,
2011-01-28,111,22,,,
2011-01-29,83,0,,,
2011-01-30,39,-17,,,
2011-01-31,50,-22,,,
2011-02-01,0,-56,,,
2011-02-02,72,-61,,,
2011-02-03,106,11,,,
2011-02-04,111,39,,,
2011-02-05,72,22,,,
2011-02-06,117,0,,,
2011-02-07,72,-39,,,
2011-02-08,-11,-56,,,
2011-02-09,56,-56,,,
2011-02-10,94,-22,,,
2011-02-11,122,22,,,
2011-02-12,128,22,,,
2011-02-13,122,17,,,
2011-02-14,56,-17,,,
2011-02-15,50,-6,,,
2011-02-16,-6,-72,,,
2011-02-17,-22,-83,,,
2011-02-18,17,-61,,,
2011-02-19,0,-50,,,
2011-02-20,0,-61,,,
2011-02-21,22,-61,,,
2011-02-22,17,-50,,,
2011-02-23,6,-67,,,
2011-02-24,-28,-56,,,
2011-02-25,-39,-111,,,
2011-02-26,-17,-150,,,
2011-02-27,17,-100,,,
2011-02-28,17,-50,,,
2011-03-01,61,-39,,,
2011-03-02,44,-11,,,
2011-03-03,6,-6,,,
2011-03-04,56,-17,,,
2011-03-05,44,0,,,
2011-03-06,39,-6,,,
2011-03-07,22,-44,,,
2011-03-08,33,-17,,,
2011-03-09,100,6,,,
2011-03-10,56,-6,,,
2011-03-11,72,-11,,,
2011-03-12,44,-6,,,
2011-03-13,56,0,,,
2011-03-14,61,0,,,
2011-03-15,61,0,,,
2011-03-16,6,-39,,,
2011-03-17,22,-44,,,
2011-03-18,11,-39,,,
2011-03-19,0,-44,,,
2011-03-20,33,-22,,,
2011-03-21,28,-33,,,
2011-03-22,39,-39,,,
2011-03-23,17,-17,,,
2011-03-24,6,-39,,,
2011-03-25,6,-33,,,
2011-03-26,17,-28,,,
2011-03-27,28,-28,,,
2011-03-28,78,-39,,,
2011-03-29,83,6,,,
2011-03-30,150,22,,,
2011-03-31,183,67,,,
2011-04-01,189,72,,,
2011-04-02,89,-33,,,
2011-04-03,83,-61,,,
2011-04-04,150,17,,,
2011-04-05,94,6,,,
2011-04-06,72,-28,,,
2011-04-07,-17,-61,,,
2011-04-08,17,-61,,,
2011-04-09,50,-56,,,
2011-04-10,89,0,,,
2011-04-11,89,0,,,
2011-04-12,100,-17,,,
2011-04-13,39,-22,,,
2011-04-14,61,-22,,,
2011-04-15,50,6,,,
2011-04-16,139,44,,,
2011-04-17,106,39,,,
2011-04-18,67,6,,,
2011-04-19,117,-22,,,
2011-04-20,44,0,,,
2011-04-21,50,-22,,,
2011-04-22,111,-17,,,
2011-04-23,44,0,,,
2011-04-24,67,0,,,
2011-04-25,39,-17,,,
2011-04-26,89,-28,,,
2011-04-27,128,6,,,
2011-04-28,56,-39,,,
2011-04-29,22,-56,,,
2011-04-30,89,-50,,,
2011-05-01,161,17,,,
2011-05-02,150,44,,,
2011-05-03,128,0,,,
2011-05-04,206,44,,,
2011-05-05,211,106,,,
2011-05-06,194,72,,,
2011-05-07,133,28,,,
2011-05-08,56,0,,,
2011-05-09,78,-17,,,
2011-05-10,167,6,,,
2011-05-11,161,67,,,
2011-05-12,161,50,,,
2011-05-13,200,72,,,
2011-05-14,133,0,,,
2011-05-15,6,-22,,,
2011-05-16,72,-28,,,
2011-05-17,22,0,,,
2011-05-18,50,-6,,,
2011-05-19,156,6,,,
2011-05-20,178,50,,,
2011-05-21,150,50,,,
2011-05-22,133,44,,,
2011-05-23,89,6,,,
2011-05-24,139,0,,,
2011-05-25,78,-11,,,
2011-05-26,56,-11,,,
2011-05-27,94,11,,,
2011-05-28,39,-6,,,
2011-05-29,78,-17,,,
2011-05-30,89,6,,,
2011-05-31,100,11,,,
2011-06-01,67,0,,,
2011-06-02,83,-6,,,
2011-06-03,122,11,,,
2011-06-04,150,56,,,
2011-06-05,139,56,,,
2011-06-06,94,50,,,
2011-06-07,194,33,,,
2011-06-08,189,67,,,
2011-06-09,217,61,,,
2011-06-10,189,89,,,
2011-06-11,156,83,,,
2011-06-12,206,83,,,
2011-06-13,222,111,,,
2011-06-14,256,106,,,
2011-06-15,211,78,,,
2011-06-16,194,39,,,
2011-06-17,239,78,,,
2011-06-18,189,83,,,
2011-06-19,206,39,,,
2011-06-20,267,94,,,
2011-06-21,294,139,,,
2011-06-22,289,172,,,
2011-06-23,244,111,,,
2011-06-24,239,56,,,
2011-06-25,233,94,,,
2011-06-26,256,106,,,
2011-06-27,244,128,,,
2011-06-28,144,94,,,
2011-06-29,172,78,,,
2011-06-30,222,72,,,
2011-07-01,267,100,,,
2011-07-02,306,150,,,
2011-07-03,294,133,,,
2011-07-04,294,128,,,
2011-07-05,333,150,,,
2011-07-06,322,167,,,
2011-07-07,283,144,,,
2011-07-08,289,111,,,
2011-07-09,272,150,,,
2011-07-10,261,144,,,
2011-07-11,256,133,,,
2011-07-12,222,111,,,
2011-07-13,194,106,,,
2011-07-14,217,78,,,
2011-07-15,239,100,,,
2011-07-16,206,89,,,
2011-07-17,222,94,,,
2011-07-18,239,100,,,
2011-07-19,222,94,,,
2011-07-20,261,100,,,
2011-07-21,261,117,,,
2011-07-22,272,111,,,
2011-07-23,311,150,,,
2011-07-24,278,161,,,
2011-07-25,256,133,,,
2011-07-26,261,111,,,
2011-07-27,283,133,,,
2011-07-28,311,150,,,
2011-07-29,328,178,,,
2011-07-30,311,172,,,
2011-07-31,294,178,,,
2011-08-01,278,156,,,
2011-08-02,283,161,,,
2011-08-03,289,156,,,
2011-08-04,267,150,,,
2011-08-05,294,133,,,
2011-08-06,283,150,,,
2011-08-07,278,139,,,
2011-08-08,267,139,,,
2011-08-09,283,150,,,
2011-08-10,278,144,,,
2011-08-11,283,133,,,
2011-08-12,289,139,,,
2011-08-13,283,150,,,
2011-08-14,250,139,,,
2011-08-15,261,111,,,
2011-08-16,278,133,,,
2011-08-17,278,156,,,
2011-08-18,261,144,,,
2011-08-19,289,172,,,
2011-08-20,294,139,,,
2011-08-21,289,133,,,
2011-08-22,267,133,,,
2011-08-23,317,139,,,
2011-08-24,306,178,,,
2011-08-25,294,161,,,
2011-08-26,317,189,,,
2011-08-27,306,194,,,
2011-08-28,289,172,,,
2011-08-29,289,161,,,
2011-08-30,283,150,,,
2011-08-31,244,100,,,
2011-09-01,222,72,,,
2011-09-02,267,128,,,
2011-09-03,300,150,,,
2011-09-04,311,167,,,
2011-09-05,283,172,,,
2011-09-06,300,161,,,
2011-09-07,306,194,,,
2011-09-08,278,178,,,
2011-09-09,283,189,,,
2011-09-10,289,178,,,
2011-09-11,278,144,,,
2011-09-12,261,117,,,
2011-09-13,261,122,,,
2011-09-14,278,139,,,
2011-09-15,244,89,,,
2011-09-16,206,72,,,
2011-09-17,222,72,,,
2011-09-18,261,122,,,
2011-09-19,267,144,,,
2011-09-20,278,139,,,
2011-09-21,294,150,,,
2011-09-22,311,156,,,
2011-09-23,317,206,,,
2011-09-24,272,144,,,
2011-09-25,150,56,,,
2011-09-26,222,50,,,
2011-09-27,250,122,,,
2011-09-28,289,117,,,
2011-09-29,278,161,,,
2011-09-30,272,139,,,
2011-10-01,189,67,,,
2011-10-02,178,50,,,
2011-10-03,172,50,,,
2011-10-04,67,11,,,
2011-10-05,22,-6,,,
2011-10-06,56,-11,,,
2011-10-07,122,6,,,
2011-10-08,183,33,,,
2011-10-09,167,67,,,
2011-10-10,89,61,,,
2011-10-11,133,67,,,
2011-10-12,194,72,,,
2011-10-13,206,111,,,
2011-10-14,228,128,,,
2011-10-15,206,117,,,
2011-10-16,161,89,,,
2011-10-17,211,72,,,
2011-10-18,228,83,,,
2011-10-19,194,100,,,
2011-10-20,194,89,,,
2011-10-21,178,83,,,
2011-10-22,194,89,,,
2011-10-23,200,100,,,
2011-10-24,128,39,,,
2011-10-25,94,0,,,
2011-10-26,122,-11,,,
2011-10-27,144,33,,,
2011-10-28,161,50,,,
2011-10-29,156,72,,,
2011-10-30,194,89,,,
2011-10-31,128,0,,,
2011-11-01,67,-39,,,
2011-11-02,128,0,,,
2011-11-03,50,-28,,,
2011-11-04,0,-44,,,
2011-11-05,-17,-56,,,
2011-11-06,0,-28,,,
2011-11-07,28,-33,,,
2011-11-08,72,-33,,,
2011-11-09,89,-6,,,
2011-11-10,111,6,,,
2011-11-11,117,6,,,
2011-11-12,50,6,,,
2011-11-13,78,17,,,
2011-11-14,89,0,,,
2011-11-15,61,0,,,
2011-11-16,100,6,,,
2011-11-17,67,0,,,
2011-11-18,0,-56,,,
2011-11-19,11,-61,,,
2011-11-20,33,-28,,,
2011-11-21,11,-17,,,
2011-11-22,28,-6,,,
2011-11-23,61,0,,,
2011-11-24,17,0,,,
2011-11-25,56,0,,,
2011-11-26,133,22,,,
2011-11-27,133,56,,,
2011-11-28,128,50,,,
2011-11-29,128,28,,,
2011-11-30,28,-28,,,
2011-12-01,33,-44,,,
2011-12-02,61,-44,,,
2011-12-03,17,-67,,,
2011-12-04,50,-39,,,
2011-12-05,39,-61,,,
2011-12-06,94,-17,,,
2011-12-07,111,28,,,
2011-12-08,94,17,,,
2011-12-09,122,11,,,
2011-12-10,83,0,,,
2011-12-11,61,-22,,,
2011-12-12,6,-44,,,
2011-12-13,50,-61,,,
2011-12-14,44,-22,,,
2011-12-15,22,-22,,,
2011-12-16,83,-28,,,
2011-12-17,117,6,,,
2011-12-18,67,0,,,
2011-12-19,39,-39,,,
2011-12-20,89,0,,,
2011-12-21,11,-56,,,
2011-12-22,28,-72,,,
2011-12-23,100,-17,,,
2011-12-24,94,0,,,
2011-12-25,94,6,,,
2011-12-26,89,0,,,
2011-12-27,72,0,,,
2011-12-28,67,33,,,
2011-12-29,72,39,,,
2011-12-30,50,-28,,,
2011-12-31,61,-44,,,
2012-01-01,133,44,,,
2012-01-02,117,39,,,
2012-01-03,122,17,,,
2012-01-04,139,72,,,
2012-01-05,111,17,,,
2012-01-06,78,-17,,,
2012-01-07,28,-39,,,
2012-01-08,111,0,,,
2012-01-09,150,33,,,
2012-01-10,94,22,,,
2012-01-11,72,0,,,
2012-01-12,89,0,,,
2012-01-13,122,11,,,
2012-01-14,100,28,,,
2012-01-15,28,-83,,,
2012-01-16,-17,-100,,,
2012-01-17,-28,-78,,,
2012-01-18,6,-56,,,
2012-01-19,11,-17,,,
2012-01-20,39,-11,,,
2012-01-21,11,-39,,,
2012-01-22,0,-39,,,
2012-01-23,22,-33,,,
2012-01-24,44,-33,,,
2012-01-25,72,28,,,
2012-01-26,56,-17,,,
2012-01-27,61,-50,,,
2012-01-28,89,-11,,,
2012-01-29,100,28,,,
2012-01-30,94,11,,,
2012-01-31,100,0,,,
2012-02-01,44,-17,,,
2012-02-02,56,-39,,,
2012-02-03,61,-33,,,
2012-02-04,78,-22,,,
2012-02-05,89,-17,,,
2012-02-06,94,-6,,,
2012-02-07,56,0,,,
2012-02-08,100,0,,,
2012-02-09,133,33,,,
2012-02-10,67,11,,,
2012-02-11,44,-22,,,
2012-02-12,50,-33,,,
2012-02-13,0,-22,,,
2012-02-14,56,-50,,,
2012-02-15,17,-72,,,
2012-02-16,89,-50,,,
2012-02-17,100,17,,,
2012-02-18,28,-56,,,
2012-02-19,44,-72,,,
2012-02-20,11,-39,,,
2012-02-21,78,11,,,
2012-02-22,111,0,,,
2012-02-23,61,-39,,,
2012-02-24,161,0,,,
2012-02-25,6,-78,,,
2012-02-26,0,-89,,,
2012-02-27,22,-67,,,
2012-02-28,0,-50,,,
2012-02-29,-28,-61,,,
2012-03-01,-6,-67,,,
2012-03-02,72,-67,,,
2012-03-03,128,6,,,
2012-03-04,150,44,,,
2012-03-05,94,33,,,
2012-03-06,11,-72,,,
2012-03-07,78,-94,,,
2012-03-08,139,0,,,
2012-03-09,161,39,,,
2012-03-10,117,17,,,
2012-03-11,28,-22,,,
2012-03-12,56,-33,,,
2012-03-13,28,0,,,
2012-03-14,39,0,,,
2012-03-15,56,28,,,
2012-03-16,44,-33,,,
2012-03-17,33,-56,,,
2012-03-18,0,-83,,,
2012-03-19,6,-94,,,
2012-03-20,33,-50,,,
2012-03-21,83,11,,,
2012-03-22,72,-6,,,
2012-03-23,67,-33,,,
2012-03-24,78,6,,,
2012-03-25,44,-22,,,
2012-03-26,28,-28,,,
2012-03-27,56,0,,,
2012-03-28,33,-17,,,
2012-03-29,44,-6,,,
2012-03-30,100,28,,,
2012-03-31,50,-17,,,
2012-04-01,33,-50,,,
2012-04-02,133,-28,,,
2012-04-03,122,-17,,,
2012-04-04,17,-50,,,
2012-04-05,6,-56,,,
2012-04-06,56,-67,,,
2012-04-07,117,-11,,,
2012-04-08,161,56,,,
2012-04-09,144,67,,,
2012-04-10,106,17,,,
2012-04-11,50,-6,,,
2012-04-12,50,-11,,,
2012-04-13,39,-11,,,
2012-04-14,72,-11,,,
2012-04-15,122,6,,,
2012-04-16,100,39,,,
2012-04-17,122,33,,,
2012-04-18,94,33,,,
2012-04-19,150,44,,,
2012-04-20,233,89,,,
2012-04-21,244,117,,,
2012-04-22,256,139,,,
2012-04-23,222,111,,,
2012-04-24,189,61,,,
2012-04-25,106,50,,,
2012-04-26,50,0,,,
2012-04-27,94,-17,,,
2012-04-28,150,17,,,
2012-04-29,206,50,,,
2012-04-30,139,33,,,
2012-05-01,144,6,,,
2012-05-02,122,0,,,
2012-05-03,78,28,,,
2012-05-04,67,-6,,,
2012-05-05,100,-17,,,
2012-05-06,161,17,,,
2012-05-07,200,61,,,
2012-05-08,250,111,,,
2012-05-09,222,39,,,
2012-05-10,150,0,,,
2012-05-11,206,44,,,
2012-05-12,256,111,,,
2012-05-13,261,144,,,
2012-05-14,239,89,,,
2012-05-15,261,83,,,
2012-05-16,244,122,,,
2012-05-17,133,39,,,
2012-05-18,172,6,,,
2012-05-19,206,61,,,
2012-05-20,250,94,,,
2012-05-21,194,100,,,
2012-05-22,150,44,,,
2012-05-23,117,17,,,
2012-05-24,100,0,,,
2012-05-25,33,-11,,,
2012-05-26,89,6,,,
2012-05-27,139,22,,,
2012-05-28,178,44,,,
2012-05-29,200,67,,,
2012-05-30,256,100,,,
2012-05-31,267,122,,,
2012-06-01,306,139,,,
2012-06-02,222,122,,,
2012-06-03,217,100,,,
2012-06-04,139,6,,,
2012-06-05,72,-11,,,
2012-06-06,156,6,,,
2012-06-07,139,67,,,
2012-06-08,156,22,,,
2012-06-09,139,-6,,,
2012-06-10,200,50,,,
2012-06-11,261,100,,,
2012-06-12,239,100,,,
2012-06-13,244,89,,,
2012-06-14,250,100,,,
2012-06-15,244,100,,,
2012-06-16,272,139,,,
2012-06-17,306,161,,,
2012-06-18,206,78,,,
2012-06-19,200,39,,,
2012-06-20,283,94,,,
2012-06-21,306,128,,,
2012-06-22,172,67,,,
2012-06-23,128,44,,,
2012-06-24,178,50,,,
2012-06-25,172,17,,,
2012-06-26,183,17,,,
2012-06-27,250,78,,,
2012-06-28,233,106,,,
2012-06-29,256,117,,,
2012-06-30,239,117,,,
2012-07-01,239,122,,,
2012-07-02,278,122,,,
2012-07-03,250,94,,,
2012-07-04,272,111,,,
2012-07-05,267,139,,,
2012-07-06,289,133,,,
2012-07-07,322,167,,,
2012-07-08,322,189,,,
2012-07-09,311,178,,,
2012-07-10,333,150,,,
2012-07-11,328,161,,,
2012-07-12,317,189,,,
2012-07-13,317,172,,,
2012-07-14,283,150,,,
2012-07-15,283,128,,,
2012-07-16,228,122,,,
2012-07-17,217,100,,,
2012-07-18,244,89,,,
2012-07-19,211,122,,,
2012-07-20,261,122,,,
2012-07-21,306,139,,,
2012-07-22,300,167,,,
2012-07-23,306,156,,,
2012-07-24,283,161,,,
2012-07-25,283,144,,,
2012-07-26,289,150,,,
2012-07-27,272,139,,,
2012-07-28,283,128,,,
2012-07-29,294,128,,,
2012-07-30,300,133,,,
2012-07-31,294,144,,,
2012-08-01,289,150,,,
2012-08-02,306,161,,,
2012-08-03,317,172,,,
2012-08-04,344,183,,,
2012-08-05,283,167,,,
2012-08-06,300,172,,,
2012-08-07,289,167,,,
2012-08-08,306,167,,,
2012-08-09,306,172,,,
2012-08-10,311,172,,,
2012-08-11,322,178,,,
2012-08-12,339,228,,,
2012-08-13,333,200,,,
2012-08-14,328,217,,,
2012-08-15,333,206,,,
2012-08-16,333,194,,,
2012-08-17,333,194,,,
2012-08-18,289,167,,,
2012-08-19,278,183,,,
2012-08-20,294,156,,,
2012-08-21,283,161,,,
2012-08-22,283,133,,,
2012-08-23,289,156,,,
2012-08-24,300,139,,,
2012-08-25,283,150,,,
2012-08-26,256,128,,,
2012-08-27,250,100,,,
2012-08-28,244,128,,,
2012-08-29,267,117,,,
2012-08-30,283,139,,,
2012-08-31,267,133,,,
2012-09-01,244,100,,,
2012-09-02,278,122,,,
2012-09-03,289,139,,,
2012-09-04,289,150,,,
2012-09-05,278,156,,,
2012-09-06,278,150,,,
2012-09-07,283,156,,,
2012-09-08,289,167,,,
2012-09-09,256,128,,,
2012-09-10,256,94,,,
2012-09-11,256,100,,,
2012-09-12,278,139,,,
2012-09-13,300,178,,,
2012-09-14,267,178,,,
2012-09-15,261,167,,,
2012-09-16,267,144,,,
2012-09-17,283,156,,,
2012-09-18,294,150,,,
2012-09-19,294,161,,,
2012-09-20,306,161,,,
2012-09-21,283,156,,,
2012-09-22,267,139,,,
2012-09-23,228,117,,,
2012-09-24,211,89,,,
2012-09-25,233,106,,,
2012-09-26,261,139,,,
2012-09-27,272,167,,,
2012-09-28,267,161,,,
2012-09-29,261,150,,,
2012-09-30,278,139,,,
2012-10-01,294,167,,,
2012-10-02,283,156,,,
2012-10-03,239,128,,,
2012-10-04,244,111,,,
2012-10-05,211,94,,,
2012-10-06,222,89,,,
2012-10-07,217,94,,,
2012-10-08,194,67,,,
2012-10-09,206,56,,,
2012-10-10,233,83,,,
2012-10-11,233,72,,,
2012-10-12,106,39,,,
2012-10-13,178,44,,,
2012-10-14,211,100,,,
2012-10-15,189,106,,,
2012-10-16,178,50,,,
2012-10-17,189,50,,,
2012-10-18,244,106,,,
2012-10-19,183,100,,,
2012-10-20,161,22,,,
2012-10-21,100,0,,,
2012-10-22,33,-17,,,
2012-10-23,11,-22,,,
2012-10-24,6,-11,,,
2012-10-25,83,-11,,,
2012-10-26,117,0,,,
2012-10-27,150,56,,,
2012-10-28,178,83,,,
2012-10-29,172,94,,,
2012-10-30,161,83,,,
2012-10-31,139,28,,,
2012-11-01,100,28,,,
2012-11-02,122,28,,,
2012-11-03,161,61,,,
2012-11-04,183,78,,,
2012-11-05,206,117,,,
2012-11-06,194,106,,,
2012-11-07,150,56,,,
2012-11-08,61,-33,,,
2012-11-09,-17,-44,,,
2012-11-10,0,-56,,,
2012-11-11,11,-56,,,
2012-11-12,67,-6,,,
2012-11-13,83,22,,,
2012-11-14,111,39,,,
2012-11-15,122,28,,,
2012-11-16,78,28,,,
2012-11-17,83,0,,,
2012-11-18,6,-11,,,
2012-11-19,61,0,,,
2012-11-20,78,50,,,
2012-11-21,50,0,,,
2012-11-22,100,0,,,
2012-11-23,133,39,,,
2012-11-24,139,56,,,
2012-11-25,117,39,,,
2012-11-26,122,22,,,
2012-11-27,111,67,,,
2012-11-28,78,22,,,
2012-11-29,72,22,,,
2012-11-30,61,17,,,
2012-12-01,83,22,,,
2012-12-02,67,0,,,
2012-12-03,56,0,,,
2012-12-04,44,6,,,
2012-12-05,61,22,,,
2012-12-06,44,0,,,
2012-12-07,78,-11,,,
2012-12-08,17,-22,,,
2012-12-09,61,-22,,,
2012-12-10,89,6,,,
2012-12-11,72,-6,,,
2012-12-12,-6,-39,,,
2012-12-13,-6,-56,,,
2012-12-14,-17,-61,,,
2012-12-15,-39,-61,,,
2012-12-16,11,-44,,,
2012-12-17,17,-50,,,
2012-12-18,-22,-78,,,
2012-12-19,-17,-94,,,
2012-12-20,39,-39,,,
2012-12-21,11,-22,,,
2012-12-22,6,-33,,,
2012-12-23,0,-28,,,
2012-12-24,11,-67,,,
2012-12-25,-11,-50,,,
2012-12-26,-17,-39,,,
2012-12-27,-11,-61,,,
2012-12-28,-28,-78,,,
2012-12-29,0,-50,,,
2012-12-30,-22,-89,,,
2012-12-31,44,-94,,,
2013-01-01,22,-67,,,
2013-01-02,83,-39,,,
2013-01-03,67,-44,,,
2013-01-04,111,0,,,
2013-01-05,33,-11,,,
2013-01-06,33,-50,,,
2013-01-07,56,-39,,,
2013-01-08,106,17,,,
2013-01-09,56,-61,,,
2013-01-10,-44,-78,,,
2013-01-11,-39,-100,,,
2013-01-12,-28,-122,,,
2013-01-13,-44,-122,,,
2013-01-14,0,-117,,,
2013-01-15,89,-33,,,
2013-01-16,128,11,,,
2013-01-17,111,17,,,
2013-01-18,139,11,,,
2013-01-19,128,6,,,
2013-01-20,139,6,,,
2013-01-21,161,17,,,
2013-01-22,139,39,,,
2013-01-23,83,28,,,
2013-01-24,61,22,,,
2013-01-25,50,28,,,
2013-01-26,39,-39,,,
2013-01-27,-11,-61,,,
2013-01-28,-17,-50,,,
2013-01-29,39,-17,,,
2013-01-30,83,-6,,,
2013-01-31,106,11,,,
2013-02-01,128,28,,,
2013-02-02,106,28,,,
2013-02-03,100,28,,,
2013-02-04,111,39,,,
2013-02-05,61,-11,,,
2013-02-06,72,-22,,,
2013-02-07,6,-50,,,
2013-02-08,-11,-67,,,
2013-02-09,22,-89,,,
2013-02-10,22,-39,,,
2013-02-11,61,-33,,,
2013-02-12,61,-17,,,
2013-02-13,94,0,,,
2013-02-14,72,-11,,,
2013-02-15,122,11,,,
2013-02-16,111,11,,,
2013-02-17,61,-44,,,
2013-02-18,72,-11,,,
2013-02-19,-11,-50,,,
2013-02-20,11,-67,,,
2013-02-21,39,-56,,,
2013-02-22,61,-44,,,
2013-02-23,-11,-61,,,
2013-02-24,61,-67,,,
2013-02-25,33,-39,,,
2013-02-26,67,-61,,,
2013-02-27,83,6,,,
2013-02-28,89,11,,,
2013-03-01,161,22,,,
2013-03-02,122,39,,,
2013-03-03,78,6,,,
2013-03-04,106,6,,,
2013-03-05,67,11,,,
2013-03-06,6,-44,,,
2013-03-07,44,-39,,,
2013-03-08,61,-17,,,
2013-03-09,72,-33,,,
2013-03-10,117,6,,,
2013-03-11,133,33,,,
2013-03-12,178,56,,,
2013-03-13,161,83,,,
2013-03-14,161,78,,,
2013-03-15,156,50,,,
2013-03-16,122,6,,,
2013-03-17,94,-22,,,
2013-03-18,122,0,,,
2013-03-19,106,28,,,
2013-03-20,89,-22,,,
2013-03-21,44,-50,,,
2013-03-22,22,-67,,,
2013-03-23,89,-61,,,
2013-03-24,111,6,,,
2013-03-25,144,28,,,
2013-03-26,111,11,,,
2013-03-27,106,28,,,
2013-03-28,111,28,,,
2013-03-29,178,28,,,
2013-03-30,189,83,,,
2013-03-31,78,11,,,
2013-04-01,44,17,,,
2013-04-02,144,28,,,
2013-04-03,178,50,,,
2013-04-04,100,28,,,
2013-04-05,83,22,,,
2013-04-06,78,22,,,
2013-04-07,56,-17,,,
2013-04-08,44,-39,,,
2013-04-09,111,-17,,,
2013-04-10,161,17,,,
2013-04-11,117,-11,,,
2013-04-12,183,33,,,
2013-04-13,106,-11,,,
2013-04-14,94,-28,,,
2013-04-15,22,-33,,,
2013-04-16,39,-44,,,
2013-04-17,78,-44,,,
2013-04-18,133,0,,,
2013-04-19,122,28,,,
2013-04-20,156,0,,,
2013-04-21,161,44,,,
2013-04-22,111,17,,,
2013-04-23,161,0,,,
2013-04-24,172,39,,,
2013-04-25,194,78,,,
2013-04-26,228,78,,,
2013-04-27,239,111,,,
2013-04-28,206,83,,,
2013-04-29,144,44,,,
2013-04-30,117,6,,,
2013-05-01,161,0,,,
2013-05-02,233,56,,,
2013-05-03,217,100,,,
2013-05-04,150,44,,,
2013-05-05,178,83,,,
2013-05-06,161,44,,,
2013-05-07,78,50,,,
2013-05-08,139,67,,,
2013-05-09,217,61,,,
2013-05-10,250,122,,,
2013-05-11,261,144,,,
2013-05-12,244,150,,,
2013-05-13,228,122,,,
2013-05-14,239,78,,,
2013-05-15,183,78,,,
2013-05-16,83,50,,,
2013-05-17,122,39,,,
2013-05-18,133,44,,,
2013-05-19,156,17,,,
2013-05-20,217,56,,,
2013-05-21,133,-17,,,
2013-05-22,100,-44,,,
2013-05-23,100,0,,,
2013-05-24,161,17,,,
2013-05-25,172,39,,,
2013-05-26,144,56,,,
2013-05-27,83,44,,,
2013-05-28,144,39,,,
2013-05-29,156,56,,,
2013-05-30,183,33,,,
2013-05-31,233,50,,,
2013-06-01,256,111,,,
2013-06-02,233,100,,,
2013-06-03,250,94,,,
2013-06-04,272,128,,,
2013-06-05,300,161,,,
2013-06-06,306,161,,,
2013-06-07,300,167,,,
2013-06-08,311,150,,,
2013-06-09,322,167,,,
2013-06-10,206,94,,,
2013-06-11,206,83,,,
2013-06-12,200,50,,,
2013-06-13,156,28,,,
2013-06-14,228,33,,,
2013-06-15,250,122,,,
2013-06-16,233,122,,,
2013-06-17,233,122,,,
2013-06-18,172,28,,,
2013-06-19,128,17,,,
2013-06-20,156,28,,,
2013-06-21,189,44,,,
2013-06-22,239,78,,,
2013-06-23,156,94,,,
2013-06-24,106,61,,,
2013-06-25,122,78,,,
2013-06-26,200,111,,,
2013-06-27,283,139,,,
2013-06-28,328,178,,,
2013-06-29,322,178,,,
2013-06-30,350,189,,,
2013-07-01,350,217,,,
2013-07-02,356,222,,,
2013-07-03,322,200,,,
2013-07-04,306,183,,,
2013-07-05,306,133,,,
2013-07-06,283,150,,,
2013-07-07,294,150,,,
2013-07-08,300,150,,,
2013-07-09,306,167,,,
2013-07-10,300,167,,,
2013-07-11,283,161,,,
2013-07-12,261,139,,,
2013-07-13,278,128,,,
2013-07-14,300,150,,,
2013-07-15,300,178,,,
2013-07-16,278,144,,,
2013-07-17,294,133,,,
2013-07-18,339,161,,,
2013-07-19,361,172,,,
2013-07-20,356,178,,,
2013-07-21,344,200,,,
2013-07-22,333,183,,,
2013-07-23,306,167,,,
2013-07-24,311,189,,,
2013-07-25,344,189,,,
2013-07-26,306,189,,,
2013-07-27,311,178,,,
2013-07-28,289,156,,,
2013-07-29,278,150,,,
2013-07-30,283,144,,,
2013-07-31,267,156,,,
2013-08-01,222,106,,,
2013-08-02,256,89,,,
2013-08-03,261,117,,,
2013-08-04,289,156,,,
2013-08-05,294,156,,,
2013-08-06,306,150,,,
2013-08-07,256,139,,,
2013-08-08,200,111,,,
2013-08-09,194,111,,,
2013-08-10,222,106,,,
2013-08-11,256,117,,,
2013-08-12,256,128,,,
2013-08-13,289,128,,,
2013-08-14,294,150,,,
2013-08-15,289,161,,,
2013-08-16,289,150,,,
2013-08-17,300,167,,,
2013-08-18,333,156,,,
2013-08-19,317,189,,,
2013-08-20,283,183,,,
2013-08-21,278,133,,,
2013-08-22,239,133,,,
2013-08-23,256,128,,,
2013-08-24,250,133,,,
2013-08-25,200,128,,,
2013-08-26,239,122,,,
2013-08-27,261,122,,,
2013-08-28,261,133,,,
2013-08-29,261,144,,,
2013-08-30,283,144,,,
2013-08-31,294,167,,,
2013-09-01,267,150,,,
2013-09-02,233,128,,,
2013-09-03,250,117,,,
2013-09-04,267,128,,,
2013-09-05,217,89,,,
2013-09-06,228,78,,,
2013-09-07,278,128,,,
2013-09-08,283,144,,,
2013-09-09,278,133,,,
2013-09-10,283,172,,,
2013-09-11,289,172,,,
2013-09-12,272,156,,,
2013-09-13,294,178,,,
2013-09-14,294,167,,,
2013-09-15,261,128,,,
2013-09-16,239,111,,,
2013-09-17,139,44,,,
2013-09-18,183,33,,,
2013-09-19,256,111,,,
2013-09-20,228,94,,,
2013-09-21,89,33,,,
2013-09-22,111,28,,,
2013-09-23,178,67,,,
2013-09-24,133,22,,,
2013-09-25,72,0,,,
2013-09-26,72,-6,,,
2013-09-27,150,0,,,
2013-09-28,144,83,,,
2013-09-29,122,67,,,
2013-09-30,144,83,,,
2013-10-01,128,33,,,
2013-10-02,139,0,,,
2013-10-03,83,-6,,,
2013-10-04,144,0,,,
2013-10-05,206,50,,,
2013-10-06,206,72,,,
2013-10-07,167,39,,,
2013-10-08,106,0,,,
2013-10-09,39,-6,,,
2013-10-10,139,0,,,
2013-10-11,144,22,,,
2013-10-12,122,11,,,
2013-10-13,94,0,,,
2013-10-14,122,6,,,
2013-10-15,156,22,,,
2013-10-16,161,44,,,
2013-10-17,167,61,,,
2013-10-18,211,72,,,
2013-10-19,222,100,,,
2013-10-20,206,100,,,
2013-10-21,228,100,,,
2013-10-22,228,111,,,
2013-10-23,228,117,,,
2013-10-24,222,106,,,
2013-10-25,211,106,,,
2013-10-26,217,100,,,
2013-10-27,150,0,,,
2013-10-28,6,-22,,,
2013-10-29,67,-28,,,
2013-10-30,83,33,,,
2013-10-31,133,33,,,
2013-11-01,156,50,,,
2013-11-02,78,-22,,,
2013-11-03,22,-39,,,
2013-11-04,56,-39,,,
2013-11-05,106,0,,,
2013-11-06,150,50,,,
2013-11-07,128,61,,,
2013-11-08,122,39,,,
2013-11-09,161,50,,,
2013-11-10,172,89,,,
2013-11-11,183,83,,,
2013-11-12,156,100,,,
2013-11-13,144,72,,,
2013-11-14,128,0,,,
2013-11-15,61,-28,,,
2013-11-16,78,0,,,
2013-11-17,89,0,,,
2013-11-18,50,17,,,
2013-11-19,44,11,,,
2013-11-20,39,-44,,,
2013-11-21,0,-78,,,
2013-11-22,61,-33,,,
2013-11-23,83,-6,,,
2013-11-24,111,0,,,
2013-11-25,144,39,,,
2013-11-26,122,28,,,
2013-11-27,117,33,,,
2013-11-28,122,44,,,
2013-11-29,122,39,,,
2013-11-30,100,39,,,
2013-12-01,111,28,,,
2013-12-02,78,-22,,,
2013-12-03,-28,-133,,,
2013-12-04,-50,-144,,,
2013-12-05,-28,-128,,,
2013-12-06,-44,-89,,,
2013-12-07,-78,-156,,,
2013-12-08,-50,-161,,,
2013-12-09,22,-117,,,
2013-12-10,33,-17,,,
2013-12-11,78,-17,,,
2013-12-12,89,-17,,,
2013-12-13,61,0,,,
2013-12-14,117,6,,,
2013-12-15,150,50,,,
2013-12-16,167,67,,,
2013-12-17,144,67,,,
2013-12-18,122,-11,,,
2013-12-19,-17,-78,,,
2013-12-20,39,-67,,,
2013-12-21,61,0,,,
2013-12-22,83,6,,,
2013-12-23,128,33,,,
2013-12-24,89,17,,,
2013-12-25,133,22,,,
2013-12-26,156,28,,,
2013-12-27,100,33,,,
2013-12-28,56,0,,,
2013-12-29,72,0,,,
2013-12-30,106,33,,,
2013-12-31,122,39,,,
2014-01-01,139,44,,,
2014-01-02,133,28,,,
2014-01-03,128,17,,,
2014-01-04,78,-33,,,
2014-01-05,100,0,,,
2014-01-06,94,-6,,,
2014-01-07,78,17,,,
2014-01-08,50,6,,,
2014-01-09,22,0,,,
2014-01-10,67,0,,,
2014-01-11,61,-28,,,
2014-01-12,28,-39,,,
2014-01-13,94,-6,,,
2014-01-14,139,22,,,
2014-01-15,156,61,,,
2014-01-16,150,67,,,
2014-01-17,161,50,,,
2014-01-18,161,50,,,
2014-01-19,128,56,,,
2014-01-20,150,50,,,
2014-01-21,133,39,,,
2014-01-22,117,11,,,
2014-01-23,106,0,,,
2014-01-24,128,22,,,
2014-01-25,144,39,,,
2014-01-26,156,56,,,
2014-01-27,111,56,,,
2014-01-28,89,28,,,
2014-01-29,56,6,,,
2014-01-30,17,-33,,,
2014-01-31,0,-67,,,
2014-02-01,33,-61,,,
2014-02-02,33,-33,,,
2014-02-03,0,-50,,,
2014-02-04,6,-67,,,
2014-02-05,22,-50,,,
2014-02-06,-17,-39,,,
2014-02-07,11,-17,,,
2014-02-08,39,6,,,
2014-02-09,44,0,,,
2014-02-10,67,0,,,
2014-02-11,61,0,,,
2014-02-12,61,17,,,
2014-02-13,61,33,,,
2014-02-14,78,56,,,
2014-02-15,94,6,,,
2014-02-16,44,-28,,,
2014-02-17,61,0,,,
2014-02-18,83,0,,,
2014-02-19,6,-44,,,
2014-02-20,72,-39,,,
2014-02-21,72,6,,,
2014-02-22,117,0,,,
2014-02-23,122,28,,,
2014-02-24,156,50,,,
2014-02-25,172,61,,,
2014-02-26,89,39,,,
2014-02-27,39,6,,,
2014-02-28,56,0,,,
2014-03-01,56,0,,,
2014-03-02,56,17,,,
2014-03-03,44,6,,,
2014-03-04,72,0,,,
2014-03-05,72,28,,,
2014-03-06,50,0,,,
2014-03-07,111,-6,,,
2014-03-08,156,17,,,
2014-03-09,78,28,,,
2014-03-10,33,-28,,,
2014-03-11,72,-39,,,
2014-03-12,133,0,,,
2014-03-13,144,39,,,
2014-03-14,117,39,,,
2014-03-15,183,33,,,
2014-03-16,172,67,,,
2014-03-17,61,-28,,,
2014-03-18,78,-50,,,
2014-03-19,133,-11,,,
2014-03-20,133,17,,,
2014-03-21,128,0,,,
2014-03-22,139,-6,,,
2014-03-23,161,33,,,
2014-03-24,167,56,,,
2014-03-25,89,-6,,,
2014-03-26,33,-11,,,
2014-03-27,28,-17,,,
2014-03-28,67,0,,,
2014-03-29,28,-6,,,
2014-03-30,39,-22,,,
2014-03-31,11,-28,,,
2014-04-01,56,-39,,,
2014-04-02,72,-22,,,
2014-04-03,67,0,,,
2014-04-04,56,0,,,
2014-04-05,83,-6,,,
2014-04-06,139,33,,,
2014-04-07,206,61,,,
2014-04-08,189,94,,,
2014-04-09,183,78,,,
2014-04-10,200,78,,,
2014-04-11,211,83,,,
2014-04-12,200,50,,,
2014-04-13,150,6,,,
2014-04-14,200,50,,,
2014-04-15,150,61,,,
2014-04-16,161,22,,,
2014-04-17,194,28,,,
2014-04-18,161,0,,,
2014-04-19,161,56,,,
2014-04-20,189,39,,,
2014-04-21,139,50,,,
2014-04-22,56,-11,,,
2014-04-23,100,-11,,,
2014-04-24,100,0,,,
2014-04-25,61,-11,,,
2014-04-26,56,-33,,,
2014-04-27,61,0,,,
2014-04-28,139,0,,,
2014-04-29,189,67,,,
2014-04-30,211,94,,,
2014-05-01,244,106,,,
2014-05-02,222,106,,,
2014-05-03,167,67,,,
2014-05-04,128,39,,,
2014-05-05,83,17,,,
2014-05-06,111,6,,,
2014-05-07,139,0,,,
2014-05-08,94,44,,,
2014-05-09,100,11,,,
2014-05-10,56,0,,,
2014-05-11,144,-11,,,
2014-05-12,189,61,,,
2014-05-13,244,100,,,
2014-05-14,261,133,,,
2014-05-15,250,139,,,
2014-05-16,222,117,,,
2014-05-17,200,94,,,
2014-05-18,139,44,,,
2014-05-19,111,28,,,
2014-05-20,161,28,,,
2014-05-21,200,39,,,
2014-05-22,239,94,,,
2014-05-23,239,117,,,
2014-05-24,228,83,,,
2014-05-25,250,111,,,
2014-05-26,233,89,,,
2014-05-27,200,56,,,
2014-05-28,128,17,,,
2014-05-29,211,22,,,
2014-05-30,222,106,,,
2014-05-31,222,94,,,
2014-06-01,261,89,,,
2014-06-02,239,122,,,
2014-06-03,233,111,,,
2014-06-04,256,100,,,
2014-06-05,283,128,,,
2014-06-06,267,122,,,
2014-06-07,256,117,,,
2014-06-08,272,117,,,
2014-06-09,306,139,,,
2014-06-10,250,106,,,
2014-06-11,278,117,,,
2014-06-12,211,78,,,
2014-06-13,156,28,,,
2014-06-14,194,50,,,
2014-06-15,200,78,,,
2014-06-16,150,44,,,
2014-06-17,144,0,,,
2014-06-18,228,44,,,
2014-06-19,256,122,,,
2014-06-20,244,117,,,
2014-06-21,250,111,,,
2014-06-22,272,106,,,
2014-06-23,283,133,,,
2014-06-24,261,111,,,
2014-06-25,217,100,,,
2014-06-26,139,67,,,
2014-06-27,200,89,,,
2014-06-28,244,106,,,
2014-06-29,272,117,,,
2014-06-30,328,139,,,
2014-07-01,350,211,,,
2014-07-02,306,189,,,
2014-07-03,306,172,,,
2014-07-04,289,178,,,
2014-07-05,300,167,,,
2014-07-06,328,183,,,
2014-07-07,367,183,,,
2014-07-08,300,189,,,
2014-07-09,283,206,,,
2014-07-10,322,172,,,
2014-07-11,256,167,,,
2014-07-12,339,161,,,
2014-07-13,344,200,,,
2014-07-14,361,178,,,
2014-07-15,350,194,,,
2014-07-16,344,189,,,
2014-07-17,300,189,,,
2014-07-18,328,156,,,
2014-07-19,322,172,,,
2014-07-20,289,156,,,
2014-07-21,222,133,,,
2014-07-22,256,144,,,
2014-07-23,228,106,,,
2014-07-24,250,78,,,
2014-07-25,289,117,,,
2014-07-26,317,150,,,
2014-07-27,317,178,,,
2014-07-28,328,200,,,
2014-07-29,317,183,,,
2014-07-30,300,194,,,
2014-07-31,306,183,,,
2014-08-01,306,200,,,
2014-08-02,317,200,,,
2014-08-03,311,194,,,
2014-08-04,261,133,,,
2014-08-05,189,122,,,
2014-08-06,272,122,,,
2014-08-07,294,150,,,
2014-08-08,294,150,,,
2014-08-09,322,150,,,
2014-08-10,294,178,,,
2014-08-11,267,172,,,
2014-08-12,250,144,,,
2014-08-13,239,117,,,
2014-08-14,228,106,,,
2014-08-15,272,139,,,
2014-08-16,289,156,,,
2014-08-17,289,156,,,
2014-08-18,306,150,,,
2014-08-19,300,156,,,
2014-08-20,272,139,,,
2014-08-21,261,117,,,
2014-08-22,233,128,,,
2014-08-23,239,117,,,
2014-08-24,261,128,,,
2014-08-25,239,111,,,
2014-08-26,267,139,,,
2014-08-27,300,161,,,
2014-08-28,294,156,,,
2014-08-29,278,150,,,
2014-08-30,239,128,,,
2014-08-31,239,111,,,
2014-09-01,294,106,,,
2014-09-02,278,161,,,
2014-09-03,233,106,,,
2014-09-04,244,106,,,
2014-09-05,278,128,,,
2014-09-06,283,156,,,
2014-09-07,283,161,,,
2014-09-08,267,150,,,
2014-09-09,256,111,,,
2014-09-10,272,111,,,
2014-09-11,278,133,,,
2014-09-12,289,161,,,
2014-09-13,267,178,,,
2014-09-14,283,161,,,
2014-09-15,267,172,,,
2014-09-16,272,172,,,
2014-09-17,261,144,,,
2014-09-18,222,128,,,
2014-09-19,261,106,,,
2014-09-20,311,172,,,
2014-09-21,261,144,,,
2014-09-22,261,122,,,
2014-09-23,228,133,,,
2014-09-24,228,122,,,
2014-09-25,133,61,,,
2014-09-26,156,50,,,
2014-09-27,111,44,,,
2014-09-28,144,56,,,
2014-09-29,194,83,,,
2014-09-30,144,61,,,
2014-10-01,172,22,,,
2014-10-02,228,94,,,
2014-10-03,278,133,,,
2014-10-04,272,150,,,
2014-10-05,278,150,,,
2014-10-06,289,178,,,
2014-10-07,272,156,,,
2014-10-08,228,139,,,
2014-10-09,228,106,,,
2014-10-10,217,100,,,
2014-10-11,200,56,,,
2014-10-12,200,39,,,
2014-10-13,239,117,,,
2014-10-14,189,72,,,
2014-10-15,94,22,,,
2014-10-16,144,39,,,
2014-10-17,117,56,,,
2014-10-18,200,56,,,
2014-10-19,189,94,,,
2014-10-20,133,17,,,
2014-10-21,106,6,,,
2014-10-22,117,56,,,
2014-10-23,89,56,,,
2014-10-24,178,50,,,
2014-10-25,117,28,,,
2014-10-26,83,6,,,
2014-10-27,122,6,,,
2014-10-28,156,50,,,
2014-10-29,189,94,,,
2014-10-30,167,106,,,
2014-10-31,100,22,,,
2014-11-01,56,0,,,
2014-11-02,61,0,,,
2014-11-03,122,11,,,
2014-11-04,594,67,,,
2014-11-05,594,578,,,
2014-11-06,578,117,,,
2014-11-07,372,111,,,
2014-11-08,350,100,,,
2014-11-09,189,50,,,
2014-11-10,106,17,,,
2014-11-11,106,11,,,
2014-11-12,89,11,,,
2014-11-13,50,17,,,
2014-11-14,50,17,,,
2014-11-15,39,-44,,,
2014-11-16,61,-61,,,
2014-11-17,111,-11,,,
2014-11-18,100,-6,,,
2014-11-19,72,6,,,
2014-11-20,56,6,,,
2014-11-21,33,0,,,
2014-11-22,50,-6,,,
2014-11-23,39,-11,,,
2014-11-24,94,0,,,
2014-11-25,106,39,,,
2014-11-26,139,67,,,
2014-11-27,106,50,,,
2014-11-28,72,6,,,
2014-11-29,33,17,,,
2014-11-30,22,0,,,
2014-12-01,56,17,,,
2014-12-02,56,11,,,
2014-12-03,50,6,,,
2014-12-04,83,33,,,
2014-12-05,83,39,,,
2014-12-06,72,33,,,
2014-12-07,94,39,,,
2014-12-08,78,44,,,
2014-12-09,83,50,,,
2014-12-10,94,28,,,
2014-12-11,67,0,,,
2014-12-12,6,-6,,,
2014-12-13,33,-28,,,
2014-12-14,28,-28,,,
2014-12-15,6,-6,,,
2014-12-16,28,0,,,
2014-12-17,39,0,,,
2014-12-18,11,-6,,,
2014-12-19,22,0,,,
2014-12-20,39,0,,,
2014-12-21,61,33,,,
2014-12-22,83,28,,,
2014-12-23,117,28,,,
2014-12-24,83,-44,,,
2014-12-25,-11,-44,,,
2014-12-26,0,-44,,,
2014-12-27,33,-50,,,
2014-12-28,28,-33,,,
2014-12-29,-11,-89,,,
2014-12-30,-61,-122,,,
2014-12-31,6,-111,,,
2015-01-01,33,-67,,,
2015-01-02,67,-17,,,
2015-01-03,89,22,,,
2015-01-04,67,11,,,
2015-01-05,133,44,,,
2015-01-06,156,67,,,
2015-01-07,161,78,,,
2015-01-08,139,61,,,
2015-01-09,122,44,,,
2015-01-10,89,39,,,
2015-01-11,78,28,,,
2015-01-12,28,0,,,
2015-01-13,61,-6,,,
2015-01-14,67,-17,,,
2015-01-15,56,11,,,
2015-01-16,50,0,,,
2015-01-17,83,39,,,
2015-01-18,72,39,,,
2015-01-19,72,6,,,
2015-01-20,61,6,,,
2015-01-21,89,-17,,,
2015-01-22,83,6,,,
2015-01-23,117,28,,,
2015-01-24,150,50,,,
2015-01-25,189,72,,,
2015-01-26,172,67,,,
2015-01-27,83,17,,,
2015-01-28,111,6,,,
2015-01-29,122,39,,,
2015-01-30,89,6,,,
2015-01-31,117,0,,,
2015-02-01,133,50,,,
2015-02-02,72,28,,,
2015-02-03,83,44,,,
2015-02-04,117,56,,,
2015-02-05,139,56,,,
2015-02-06,94,22,,,
2015-02-07,89,39,,,
2015-02-08,78,33,,,
2015-02-09,39,6,,,
2015-02-10,94,-6,,,
2015-02-11,139,28,,,
2015-02-12,167,72,,,
2015-02-13,150,78,,,
2015-02-14,156,67,,,
2015-02-15,150,33,,,
2015-02-16,133,39,,,
2015-02-17,156,56,,,
2015-02-18,172,67,,,
2015-02-19,156,50,,,
2015-02-20,100,22,,,
2015-02-21,67,-22,,,
2015-02-22,28,-44,,,
2015-02-23,50,-56,,,
2015-02-24,150,-11,,,
2015-02-25,117,17,,,
2015-02-26,89,-11,,,
2015-02-27,33,-22,,,
2015-02-28,6,-33,,,
2015-03-01,72,-50,,,
2015-03-02,39,-11,,,
2015-03-03,56,-33,,,
2015-03-04,122,-17,,,
2015-03-05,156,28,,,
2015-03-06,178,61,,,
2015-03-07,183,78,,,
2015-03-08,178,78,,,
2015-03-09,200,83,,,
2015-03-10,150,83,,,
2015-03-11,83,39,,,
2015-03-12,156,17,,,
2015-03-13,183,61,,,
2015-03-14,133,89,,,
2015-03-15,167,50,,,
2015-03-16,100,50,,,
2015-03-17,122,39,,,
2015-03-18,133,11,,,
2015-03-19,178,56,,,
2015-03-20,144,56,,,
2015-03-21,139,44,,,
2015-03-22,111,0,,,
2015-03-23,33,-11,,,
2015-03-24,50,11,,,
2015-03-25,150,11,,,
2015-03-26,217,72,,,
2015-03-27,189,100,,,
2015-03-28,156,11,,,
2015-03-29,200,50,,,
2015-03-30,200,94,,,
2015-03-31,89,-11,,,
2015-04-01,72,-33,,,
2015-04-02,89,-44,,,
2015-04-03,117,0,,,
2015-04-04,94,-11,,,
2015-04-05,6,-39,,,
2015-04-06,33,-44,,,
2015-04-07,22,-28,,,
2015-04-08,44,-33,,,
2015-04-09,139,6,,,
2015-04-10,133,33,,,
2015-04-11,106,17,,,
2015-04-12,172,0,,,
2015-04-13,167,-28,,,
2015-04-14,33,-56,,,
2015-04-15,94,-39,,,
2015-04-16,161,6,,,
2015-04-17,194,89,,,
2015-04-18,194,83,,,
2015-04-19,211,78,,,
2015-04-20,217,89,,,
2015-04-21,206,83,,,
2015-04-22,167,39,,,
2015-04-23,167,33,,,
2015-04-24,67,0,,,
2015-04-25,72,-11,,,
2015-04-26,139,0,,,
2015-04-27,211,56,,,
2015-04-28,211,94,,,
2015-04-29,194,56,,,
2015-04-30,189,33,,,
2015-05-01,239,106,,,
2015-05-02,217,122,,,
2015-05-03,217,111,,,
2015-05-04,200,89,,,
2015-05-05,183,56,,,
2015-05-06,111,0,,,
2015-05-07,111,-22,,,
2015-05-08,167,33,,,
2015-05-09,178,61,,,
2015-05-10,200,89,,,
2015-05-11,161,11,,,
2015-05-12,22,-6,,,
2015-05-13,106,11,,,
2015-05-14,128,17,,,
2015-05-15,50,22,,,
2015-05-16,122,22,,,
2015-05-17,156,50,,,
2015-05-18,100,50,,,
2015-05-19,100,56,,,
2015-05-20,150,61,,,
2015-05-21,172,61,,,
2015-05-22,117,67,,,
2015-05-23,133,50,,,
2015-05-24,200,72,,,
2015-05-25,183,106,,,
2015-05-26,194,94,,,
2015-05-27,211,94,,,
2015-05-28,228,111,,,
2015-05-29,256,139,,,
2015-05-30,228,139,,,
2015-05-31,228,117,,,
2015-06-01,172,78,,,
2015-06-02,178,78,,,
2015-06-03,189,67,,,
2015-06-04,161,72,,,
2015-06-05,222,106,,,
2015-06-06,244,122,,,
2015-06-07,289,150,,,
2015-06-08,294,200,,,
2015-06-09,272,144,,,
2015-06-10,244,122,,,
2015-06-11,267,117,,,
2015-06-12,283,150,,,
2015-06-13,283,133,,,
2015-06-14,283,144,,,
2015-06-15,278,156,,,
2015-06-16,272,133,,,
2015-06-17,283,156,,,
2015-06-18,272,161,,,
2015-06-19,261,117,,,
2015-06-20,261,128,,,
2015-06-21,228,150,,,
2015-06-22,256,122,,,
2015-06-23,283,117,,,
2015-06-24,306,150,,,
2015-06-25,333,161,,,
2015-06-26,344,206,,,
2015-06-27,317,206,,,
2015-06-28,283,183,,,
2015-06-29,317,178,,,
2015-06-30,344,172,,,
2015-07-01,333,206,,,
2015-07-02,339,206,,,
2015-07-03,300,200,,,
2015-07-04,300,178,,,
2015-07-05,272,144,,,
2015-07-06,272,167,,,
2015-07-07,261,139,,,
2015-07-08,228,122,,,
2015-07-09,211,100,,,
2015-07-10,178,106,,,
2015-07-11,200,106,,,
2015-07-12,194,128,,,
2015-07-13,228,122,,,
2015-07-14,250,111,,,
2015-07-15,278,128,,,
2015-07-16,278,139,,,
2015-07-17,278,139,,,
2015-07-18,272,139,,,
2015-07-19,278,150,,,
2015-07-20,289,167,,,
2015-07-21,278,133,,,
2015-07-22,244,139,,,
2015-07-23,239,128,,,
2015-07-24,250,122,,,
2015-07-25,244,128,,,
2015-07-26,239,106,,,
2015-07-27,217,72,,,
2015-07-28,267,122,,,
2015-07-29,311,178,,,
2015-07-30,339,206,,,
2015-07-31,322,217,,,
2015-08-01,339,206,,,
2015-08-02,239,167,,,
2015-08-03,283,150,,,
2015-08-04,278,144,,,
2015-08-05,244,128,,,
2015-08-06,283,139,,,
2015-08-07,239,144,,,
2015-08-08,256,139,,,
2015-08-09,267,144,,,
2015-08-10,267,161,,,
2015-08-11,267,139,,,
2015-08-12,267,144,,,
2015-08-13,283,161,,,
2015-08-14,239,133,,,
2015-08-15,283,111,,,
2015-08-16,306,150,,,
2015-08-17,311,172,,,
2015-08-18,317,189,,,
2015-08-19,311,189,,,
2015-08-20,283,167,,,
2015-08-21,272,167,,,
2015-08-22,311,156,,,
2015-08-23,283,150,,,
2015-08-24,283,156,,,
2015-08-25,278,156,,,
2015-08-26,278,167,,,
2015-08-27,272,178,,,
2015-08-28,272,183,,,
2015-08-29,206,111,,,
2015-08-30,206,94,,,
2015-08-31,261,100,,,
2015-09-01,256,128,,,
2015-09-02,228,117,,,
2015-09-03,200,72,,,
2015-09-04,117,33,,,
2015-09-05,150,17,,,
2015-09-06,217,94,,,
2015-09-07,256,100,,,
2015-09-08,289,150,,,
2015-09-09,294,194,,,
2015-09-10,317,200,,,
2015-09-11,328,206,,,
2015-09-12,306,211,,,
2015-09-13,272,178,,,
2015-09-14,189,89,,,
2015-09-15,122,33,,,
2015-09-16,83,39,,,
2015-09-17,128,44,,,
2015-09-18,233,72,,,
2015-09-19,261,122,,,
2015-09-20,272,161,,,
2015-09-21,278,161,,,
2015-09-22,256,139,,,
2015-09-23,239,117,,,
2015-09-24,261,150,,,
2015-09-25,267,172,,,
2015-09-26,250,133,,,
2015-09-27,244,117,,,
2015-09-28,244,139,,,
2015-09-29,239,111,,,
2015-09-30,206,100,,,
2015-10-01,139,72,,,
2015-10-02,189,72,,,
2015-10-03,111,61,,,
2015-10-04,200,78,,,
2015-10-05,217,111,,,
2015-10-06,222,94,,,
2015-10-07,200,128,,,
2015-10-08,256,150,,,
2015-10-09,250,139,,,
2015-10-10,228,128,,,
2015-10-11,244,83,,,
2015-10-12,256,156,,,
2015-10-13,278,167,,,
2015-10-14,283,167,,,
2015-10-15,272,167,,,
2015-10-16,233,144,,,
2015-10-17,144,78,,,
2015-10-18,156,61,,,
2015-10-19,128,44,,,
2015-10-20,144,50,,,
2015-10-21,183,56,,,
2015-10-22,172,72,,,
2015-10-23,178,72,,,
2015-10-24,178,106,,,
2015-10-25,150,78,,,
2015-10-26,172,72,,,
2015-10-27,139,61,,,
2015-10-28,83,39,,,
2015-10-29,106,28,,,
2015-10-30,144,56,,,
2015-10-31,161,89,,,
2015-11-01,83,33,,,
2015-11-02,39,-6,,,
2015-11-03,39,-17,,,
2015-11-04,39,-44,,,
2015-11-05,72,-17,,,
2015-11-06,106,0,,,
2015-11-07,128,6,,,
2015-11-08,44,-11,,,
2015-11-09,50,-22,,,
2015-11-10,33,-44,,,
2015-11-11,67,-28,,,
2015-11-12,89,6,,,
2015-11-13,133,28,,,
2015-11-14,128,50,,,
2015-11-15,44,-56,,,
2015-11-16,0,-61,,,
2015-11-17,56,-11,,,
2015-11-18,94,22,,,
2015-11-19,100,50,,,
2015-11-20,106,39,,,
2015-11-21,122,28,,,
2015-11-22,128,28,,,
2015-11-23,122,33,,,
2015-11-24,33,-72,,,
2015-11-25,-56,-94,,,
2015-11-26,-39,-117,,,
2015-11-27,-33,-94,,,
2015-11-28,11,-94,,,
2015-11-29,33,-61,,,
2015-11-30,22,-44,,,
2015-12-01,61,-11,,,
2015-12-02,72,-6,,,
2015-12-03,78,-6,,,
2015-12-04,0,-17,,,
2015-12-05,39,-22,,,
2015-12-06,33,-11,,,
2015-12-07,56,22,,,
2015-12-08,78,44,,,
2015-12-09,61,28,,,
2015-12-10,61,-17,,,
2015-12-11,-17,-28,,,
2015-12-12,-6,-28,,,
2015-12-13,22,-56,,,
2015-12-14,-44,-67,,,
2015-12-15,-22,-83,,,
2015-12-16,17,-56,,,
2015-12-17,11,-28,,,
2015-12-18,17,-6,,,
2015-12-19,-6,-44,,,
2015-12-20,-28,-44,,,
2015-12-21,11,-33,,,
2015-12-22,22,-33,,,
2015-12-23,-17,-50,,,
2015-12-24,-44,-61,,,
2015-12-25,-33,-89,,,
2015-12-26,-17,-106,,,
2015-12-27,-22,-67,,,
2015-12-28,-39,-67,,,
2015-12-29,-11,-78,,,
2015-12-30,-33,-78,,,
2015-12-31,6,-111,,,
2016-01-01,-22,-128,,,
2016-01-02,-11,-122,,,
2016-01-03,39,-11,,,
2016-01-04,28,-6,,,
2016-01-05,28,-11,,,
2016-01-06,11,-22,,,
2016-01-07,11,-33,,,
2016-01-08,22,-33,,,
2016-01-09,0,-33,,,
2016-01-10,50,-39,,,
2016-01-11,39,-44,,,
2016-01-12,67,-17,,,
2016-01-13,28,-33,,,
2016-01-14,-6,-39,,,
2016-01-15,11,-44,,,
2016-01-16,22,-17,,,
2016-01-17,50,6,,,
2016-01-18,33,11,,,
2016-01-19,39,0,,,
2016-01-20,50,0,,,
2016-01-21,94,39,,,
2016-01-22,50,33,,,
2016-01-23,33,-11,,,
2016-01-24,-6,-17,,,
2016-01-25,39,-22,,,
2016-01-26,100,-6,,,
2016-01-27,106,6,,,
2016-01-28,67,11,,,
2016-01-29,33,-17,,,
2016-01-30,0,-50,,,
2016-01-31,-33,-72,,,
2016-02-01,-6,-83,,,
2016-02-02,-28,-67,,,
2016-02-03,-11,-56,,,
2016-02-04,78,-33,,,
2016-02-05,67,-11,,,
2016-02-06,94,22,,,
2016-02-07,144,44,,,
2016-02-08,150,44,,,
2016-02-09,161,39,,,
2016-02-10,144,78,,,
2016-02-11,161,78,,,
2016-02-12,128,61,,,
2016-02-13,111,22,,,
2016-02-14,94,56,,,
2016-02-15,133,44,,,
2016-02-16,144,83,,,
2016-02-17,106,-22,,,
2016-02-18,6,-28,,,
2016-02-19,17,-17,,,
2016-02-22,61,-17,,,
2016-02-23,106,-6,,,
2016-02-24,139,39,,,
2016-02-25,156,67,,,
2016-02-26,133,50,,,
2016-02-27,78,6,,,
2016-02-28,78,22,,,
2016-02-29,100,6,,,
2016-03-01,128,44,,,
2016-03-02,133,28,,,
2016-03-03,106,33,,,
2016-03-04,100,39,,,
2016-03-05,94,0,,,
2016-03-06,17,-22,,,
2016-03-07,17,-33,,,
2016-03-08,17,-44,,,
2016-03-09,56,-17,,,
2016-03-10,61,28,,,
2016-03-11,50,-11,,,
2016-03-12,17,-11,,,
2016-03-13,44,-6,,,
2016-03-14,6,-28,,,
2016-03-15,61,-17,,,
2016-03-16,122,11,,,
2016-03-17,144,33,,,
2016-03-18,167,67,,,
2016-03-19,156,61,,,
2016-03-20,78,22,,,
2016-03-21,39,-28,,,
2016-03-22,11,-33,,,
2016-03-23,78,-33,,,
2016-03-24,117,22,,,
2016-03-25,100,0,,,
2016-03-26,100,-11,,,
2016-03-27,94,-22,,,
2016-03-28,28,-44,,,
2016-03-29,44,-22,,,
2016-03-30,122,0,,,
2016-03-31,156,33,,,
2016-04-01,183,67,,,
2016-04-02,167,61,,,
2016-04-03,167,56,,,
2016-04-04,111,33,,,
2016-04-05,144,22,,,
2016-04-06,228,89,,,
2016-04-07,250,122,,,
2016-04-08,194,78,,,
2016-04-09,144,61,,,
2016-04-10,139,61,,,
2016-04-11,144,56,,,
2016-04-12,78,39,,,
2016-04-13,83,-17,,,
2016-04-14,28,-28,,,
2016-04-15,89,-28,,,
2016-04-16,172,28,,,
2016-04-17,211,89,,,
2016-04-18,217,117,,,
2016-04-19,233,111,,,
2016-04-20,189,83,,,
2016-04-21,156,78,,,
2016-04-22,72,0,,,
2016-04-23,72,6,,,
2016-04-24,89,-17,,,
2016-04-25,78,-33,,,
2016-04-26,94,-28,,,
2016-04-27,106,28,,,
2016-04-28,111,11,,,
2016-04-29,106,11,,,
2016-04-30,122,0,,,
2016-05-01,167,44,,,
2016-05-02,167,94,,,
2016-05-03,167,89,,,
2016-05-04,161,89,,,
2016-05-05,117,67,,,
2016-05-06,111,61,,,
2016-05-07,150,72,,,
2016-05-08,172,61,,,
2016-05-09,161,78,,,
2016-05-10,150,56,,,
2016-05-11,211,94,,,
2016-05-12,217,117,,,
2016-05-13,233,133,,,
2016-05-14,139,61,,,
2016-05-15,117,44,,,
2016-05-16,139,50,,,
2016-05-17,200,67,,,
2016-05-18,222,122,,,
2016-05-19,128,17,,,
2016-05-20,33,-11,,,
2016-05-21,67,-11,,,
2016-05-22,94,17,,,
2016-05-23,106,33,,,
2016-05-24,139,33,,,
2016-05-25,144,56,,,
2016-05-26,172,50,,,
2016-05-27,156,44,,,
2016-05-28,194,44,,,
2016-05-29,222,89,,,
2016-05-30,244,100,,,
2016-05-31,272,139,,,
2016-06-01,261,150,,,
2016-06-02,250,139,,,
2016-06-03,294,139,,,
2016-06-04,317,194,,,
2016-06-05,261,156,,,
2016-06-06,289,150,,,
2016-06-07,283,167,,,
2016-06-08,239,117,,,
2016-06-09,211,89,,,
2016-06-10,183,61,,,
2016-06-11,183,44,,,
2016-06-12,222,100,,,
2016-06-13,211,117,,,
2016-06-14,139,28,,,
2016-06-15,83,17,,,
2016-06-16,117,11,,,
2016-06-17,111,50,,,
2016-06-18,150,28,,,
2016-06-19,239,72,,,
2016-06-20,244,117,,,
2016-06-21,267,133,,,
2016-06-22,261,150,,,
2016-06-23,217,111,,,
2016-06-24,211,72,,,
2016-06-25,283,106,,,
2016-06-26,289,156,,,
2016-06-27,300,156,,,
2016-06-28,311,167,,,
2016-06-29,300,161,,,
2016-06-30,294,144,,,
2016-07-01,317,167,,,
2016-07-02,294,167,,,
2016-07-03,289,178,,,
2016-07-04,244,150,,,
2016-07-05,250,122,,,
2016-07-06,239,111,,,
2016-07-07,250,128,,,
2016-07-08,211,128,,,
2016-07-09,200,72,,,
2016-07-10,156,56,,,
2016-07-11,233,61,,,
2016-07-12,233,122,,,
2016-07-13,278,122,,,
2016-07-14,306,156,,,
2016-07-15,289,150,,,
2016-07-16,267,106,,,
2016-07-17,256,139,,,
2016-07-18,217,117,,,
2016-07-19,233,111,,,
2016-07-20,267,122,,,
2016-07-21,267,150,,,
2016-07-22,267,139,,,
2016-07-23,289,133,,,
2016-07-24,333,161,,,
2016-07-25,311,200,,,
2016-07-26,328,178,,,
2016-07-27,333,189,,,
2016-07-28,361,194,,,
2016-07-29,356,211,,,
2016-07-30,317,222,,,
2016-07-31,306,189,,,
2016-08-01,306,178,,,
2016-08-02,294,161,,,
2016-08-03,311,133,,,
2016-08-04,294,161,,,
2016-08-05,272,156,,,
2016-08-06,261,144,,,
2016-08-07,256,133,,,
2016-08-08,244,122,,,
2016-08-09,228,111,,,
2016-08-10,267,128,,,
2016-08-11,294,156,,,
2016-08-12,317,178,,,
2016-08-13,328,183,,,
2016-08-14,306,194,,,
2016-08-15,311,167,,,
2016-08-16,322,172,,,
2016-08-17,328,178,,,
2016-08-18,322,183,,,
2016-08-19,333,200,,,
2016-08-20,322,183,,,
2016-08-21,306,178,,,
2016-08-22,294,161,,,
2016-08-23,278,150,,,
2016-08-24,272,139,,,
2016-08-25,267,133,,,
2016-08-26,272,139,,,
2016-08-27,283,156,,,
2016-08-28,278,144,,,
2016-08-29,256,156,,,
2016-08-30,256,161,,,
2016-08-31,250,128,,,
2016-09-01,233,111,,,
2016-09-02,217,106,,,
2016-09-03,217,72,,,
2016-09-04,172,44,,,
2016-09-05,194,61,,,
2016-09-06,211,100,,,
2016-09-07,250,83,,,
2016-09-08,267,122,,,
2016-09-09,283,133,,,
2016-09-10,300,178,,,
2016-09-11,250,128,,,
2016-09-12,172,78,,,
2016-09-13,178,61,,,
2016-09-14,194,44,,,
2016-09-15,217,89,,,
2016-09-16,250,122,,,
2016-09-17,261,150,,,
2016-09-18,261,156,,,
2016-09-19,250,150,,,
2016-09-20,239,122,,,
2016-09-21,178,44,,,
2016-09-22,89,28,,,
2016-09-23,144,17,,,
2016-09-24,228,72,,,
2016-09-25,267,150,,,
2016-09-26,283,161,,,
2016-09-27,289,156,,,
2016-09-28,272,161,,,
2016-09-29,244,139,,,
2016-09-30,194,67,,,
2016-10-01,144,28,,,
2016-10-02,67,0,,,
2016-10-03,22,0,,,
2016-10-04,83,17,,,
2016-10-05,94,11,,,
2016-10-06,150,11,,,
2016-10-07,206,89,,,
2016-10-08,228,122,,,
2016-10-09,228,133,,,
2016-10-10,194,106,,,
2016-10-11,178,89,,,
2016-10-12,189,94,,,
2016-10-13,156,78,,,
2016-10-14,89,44,,,
2016-10-15,94,28,,,
2016-10-16,89,22,,,
2016-10-17,56,17,,,
2016-10-18,89,17,,,
2016-10-19,144,22,,,
2016-10-20,172,72,,,
2016-10-21,172,78,,,
2016-10-22,156,56,,,
2016-10-23,161,83,,,
2016-10-24,106,50,,,
2016-10-25,89,56,,,
2016-10-26,150,89,,,
2016-10-27,106,44,,,
2016-10-28,83,56,,,
2016-10-29,111,72,,,
2016-10-30,94,11,,,
2016-10-31,56,6,,,
2016-11-01,61,6,,,
2016-11-02,139,11,,,
2016-11-03,156,56,,,
2016-11-04,183,83,,,
2016-11-05,139,61,,,
2016-11-06,117,56,,,
2016-11-07,156,50,,,
2016-11-08,211,106,,,
2016-11-09,200,106,,,
2016-11-10,206,111,,,
2016-11-11,172,117,,,
2016-11-12,111,56,,,
2016-11-13,139,67,,,
2016-11-14,144,72,,,
2016-11-15,83,-6,,,
2016-11-16,17,-28,,,
2016-11-17,50,-33,,,
2016-11-18,89,-17,,,
2016-11-19,61,0,,,
2016-11-20,44,6,,,
2016-11-21,44,0,,,
2016-11-22,28,-11,,,
2016-11-23,0,-28,,,
2016-11-24,44,-33,,,
2016-11-25,39,0,,,
2016-11-26,56,-17,,,
2016-11-27,-11,-39,,,
2016-11-28,-6,-28,,,
2016-11-29,33,-44,,,
2016-11-30,6,-39,,,
2016-12-01,0,-50,,,
2016-12-02,44,-61,,,
2016-12-03,89,6,,,
2016-12-04,56,-22,,,
2016-12-05,11,-50,,,
2016-12-06,-6,-78,,,
2016-12-07,-17,-89,,,
2016-12-08,33,-50,,,
2016-12-09,61,28,,,
2016-12-10,44,-17,,,
2016-12-11,6,-22,,,
2016-12-12,22,-33,,,
2016-12-13,22,-11,,,
2016-12-14,61,6,,,
2016-12-15,61,-28,,,
2016-12-16,-22,-89,,,
2016-12-17,-28,-117,,,
2016-12-18,0,-111,,,
2016-12-19,78,-50,,,
2016-12-20,67,11,,,
2016-12-21,61,-22,,,
2016-12-22,61,-22,,,
2016-12-23,6,-44,,,
2016-12-24,-50,-83,,,
2016-12-25,-6,-111,,,
2016-12-26,0,-89,,,
2016-12-27,28,-28,,,
2016-12-28,78,-28,,,
2016-12-29,133,17,,,
2016-12-30,83,-33,,,
2016-12-31,44,-78,,,
2017-01-01,0,-67,,,
2017-01-02,-56,-78,,,
2017-01-03,0,-56,,,
2017-01-04,0,-94,,,
2017-01-05,-61,-144,,,
2017-01-06,-39,-128,,,
2017-01-07,39,-56,,,
2017-01-08,61,28,,,
2017-01-09,22,-33,,,
2017-01-10,6,-11,,,
2017-01-11,-6,-50,,,
2017-01-12,-17,-56,,,
2017-01-13,11,-78,,,
2017-01-14,44,-56,,,
2017-01-15,39,-56,,,
2017-01-16,83,-39,,,
2017-01-17,56,6,,,
2017-01-18,22,-11,,,
2017-01-19,0,-28,,,
2017-01-20,11,-33,,,
2017-01-21,11,-33,,,
2017-01-22,0,-44,,,
2017-01-23,-6,-61,,,
2017-01-24,0,-78,,,
2017-01-25,-11,-56,,,
2017-01-26,22,-56,,,
2017-01-27,72,-56,,,
2017-01-28,94,6,,,
2017-01-29,139,0,,,
2017-01-30,133,56,,,
2017-01-31,72,39,,,
2017-02-01,78,33,,,
2017-02-02,44,0,,,
2017-02-03,61,6,,,
2017-02-04,39,17,,,
2017-02-05,56,0,,,
2017-02-06,33,-6,,,
2017-02-07,61,0,,,
2017-02-08,83,28,,,
2017-02-09,83,17,,,
2017-02-10,44,-28,,,
2017-02-11,33,-44,,,
2017-02-12,89,-17,,,
2017-02-13,117,17,,,
2017-02-14,139,17,,,
2017-02-15,106,61,,,
2017-02-16,72,6,,,
2017-02-17,33,0,,,
2017-02-18,22,-11,,,
2017-02-19,28,-11,,,
2017-02-20,44,6,,,
2017-02-21,11,-39,,,
2017-02-22,-17,-61,,,
2017-02-23,-22,-83,,,
2017-02-24,-17,-100,,,
2017-02-25,22,-67,,,
2017-02-26,6,-67,,,
2017-02-27,-11,-72,,,
2017-02-28,39,-61,,,
2017-03-01,100,-39,,,
2017-03-02,117,0,,,
2017-03-03,89,0,,,
2017-03-04,33,-28,,,
2017-03-05,-28,-78,,,
2017-03-06,-28,-72,,,
2017-03-07,6,-28,,,
2017-03-08,78,0,,,
2017-03-09,117,44,,,
2017-03-10,128,44,,,
2017-03-11,128,56,,,
2017-03-12,172,44,,,
2017-03-13,183,78,,,
2017-03-14,167,94,,,
2017-03-15,122,50,,,
2017-03-16,106,39,,,
2017-03-17,156,67,,,
2017-03-18,100,56,,,
2017-03-19,106,56,,,
2017-03-20,117,44,,,
2017-03-21,78,11,,,
2017-03-22,50,-11,,,
2017-03-23,72,-22,,,
2017-03-24,11,-6,,,
2017-03-25,78,-6,,,
2017-03-26,39,-17,,,
2017-03-27,56,-28,,,
2017-03-28,72,-11,,,
2017-03-29,122,33,,,
2017-03-30,50,-28,,,
2017-03-31,83,-28,,,
2017-04-01,161,28,,,
2017-04-02,117,22,,,
2017-04-03,106,-17,,,
2017-04-04,144,44,,,
2017-04-05,156,56,,,
2017-04-06,61,6,,,
2017-04-07,61,-22,,,
2017-04-08,22,-33,,,
2017-04-09,61,-28,,,
2017-04-10,78,-17,,,
2017-04-11,50,6,,,
2017-04-12,83,0,,,
2017-04-13,22,-28,,,
2017-04-14,56,-50,,,
2017-04-15,128,-11,,,
2017-04-16,117,17,,,
2017-04-17,78,11,,,
2017-04-18,94,28,,,
2017-04-19,111,0,,,
2017-04-20,78,-11,,,
2017-04-21,167,17,,,
2017-04-22,133,33,,,
2017-04-23,117,22,,,
2017-04-24,39,0,,,
2017-04-25,61,-11,,,
2017-04-26,67,22,,,
2017-04-27,72,-11,,,
2017-04-28,83,-22,,,
2017-04-29,161,22,,,
2017-04-30,150,56,,,
2017-05-01,189,50,,,
2017-05-02,178,78,,,
2017-05-03,239,106,,,
2017-05-04,239,144,,,
2017-05-05,178,22,,,
2017-05-06,94,17,,,
2017-05-07,139,-11,,,
2017-05-08,183,33,,,
2017-05-09,222,78,,,
2017-05-10,206,94,,,
2017-05-11,156,33,,,
2017-05-12,78,-11,,,
2017-05-13,94,-22,,,
2017-05-14,100,-6,,,
2017-05-15,144,11,,,
2017-05-16,67,-11,,,
2017-05-17,111,-33,,,
2017-05-18,161,22,,,
2017-05-19,222,78,,,
2017-05-20,217,94,,,
2017-05-21,239,94,,,
2017-05-22,267,144,,,
2017-05-23,278,167,,,
2017-05-24,244,100,,,
2017-05-25,200,56,,,
2017-05-26,200,61,,,
2017-05-27,239,94,,,
2017-05-28,267,133,,,
2017-05-29,272,161,,,
2017-05-30,239,128,,,
2017-05-31,122,67,,,
2017-06-01,194,89,,,
2017-06-02,256,100,,,
2017-06-03,233,133,,,
2017-06-04,222,106,,,
2017-06-05,256,83,,,
2017-06-06,256,144,,,
2017-06-07,217,128,,,
2017-06-08,139,56,,,
2017-06-09,139,44,,,
2017-06-10,106,6,,,
2017-06-11,89,0,,,
2017-06-12,100,28,,,
2017-06-13,178,33,,,
2017-06-14,211,83,,,
2017-06-15,194,111,,,
2017-06-16,250,133,,,
2017-06-17,239,117,,,
2017-06-18,306,156,,,
2017-06-19,322,217,,,
2017-06-20,333,183,,,
2017-06-21,294,156,,,
2017-06-22,283,139,,,
2017-06-23,322,156,,,
2017-06-24,328,200,,,
2017-06-25,322,200,,,
2017-06-26,272,156,,,
2017-06-27,256,133,,,
2017-06-28,267,139,,,
2017-06-29,278,133,,,
2017-06-30,311,150,,,
2017-07-01,294,150,,,
2017-07-02,300,156,,,
2017-07-03,300,172,,,
2017-07-04,283,161,,,
2017-07-05,306,161,,,
2017-07-06,311,200,,,
2017-07-07,311,206,,,
2017-07-08,328,211,,,
2017-07-09,317,194,,,
2017-07-10,289,161,,,
2017-07-11,294,161,,,
2017-07-12,306,183,,,
2017-07-13,300,161,,,
2017-07-14,328,178,,,
2017-07-15,300,183,,,
2017-07-16,306,172,,,
2017-07-17,289,161,,,
2017-07-18,272,161,,,
2017-07-19,278,150,,,
2017-07-20,272,139,,,
2017-07-21,300,139,,,
2017-07-22,328,156,,,
2017-07-23,328,194,,,
2017-07-24,311,172,,,
2017-07-25,283,167,,,
2017-07-26,278,150,,,
2017-07-27,294,172,,,
2017-07-28,317,183,,,
2017-07-29,328,167,,,
2017-07-30,317,178,,,
2017-07-31,328,189,,,
2017-08-01,356,217,,,
2017-08-02,350,233,,,
2017-08-03,339,206,,,
2017-08-04,306,200,,,
2017-08-05,256,183,,,
2017-08-06,267,133,,,
2017-08-07,256,156,,,
2017-08-08,272,156,,,
2017-08-09,267,167,,,
2017-08-10,283,167,,,
2017-08-11,272,156,,,
2017-08-12,278,172,,,
2017-08-13,267,150,,,
2017-08-14,256,122,,,
2017-08-15,272,133,,,
2017-08-16,278,139,,,
2017-08-17,294,156,,,
2017-08-18,322,178,,,
2017-08-19,294,144,,,
2017-08-20,294,156,,,
2017-08-21,322,178,,,
2017-08-22,289,150,,,
2017-08-23,278,167,,,
2017-08-24,278,167,,,
2017-08-25,294,144,,,
2017-08-26,317,183,,,
2017-08-27,322,217,,,
2017-08-28,322,200,,,
2017-08-29,333,211,,,
2017-08-30,306,167,,,
2017-08-31,272,139,,,
2017-09-01,328,189,,,
2017-09-02,344,239,,,
2017-09-03,356,228,,,
2017-09-04,344,217,,,
2017-09-05,344,200,,,
2017-09-06,278,172,,,
2017-09-07,239,133,,,
2017-09-08,261,128,,,
2017-09-09,272,144,,,
2017-09-10,278,139,,,
2017-09-11,306,189,,,
2017-09-12,261,172,,,
2017-09-13,278,150,,,
2017-09-14,172,89,,,
2017-09-15,172,72,,,
2017-09-16,189,94,,,
2017-09-17,200,111,,,
2017-09-18,139,44,,,
2017-09-19,128,33,,,
2017-09-20,122,17,,,
2017-09-21,100,6,,,
2017-09-22,78,6,,,
2017-09-23,117,17,,,
2017-09-24,139,44,,,
2017-09-25,172,78,,,
2017-09-26,200,94,,,
2017-09-27,222,117,,,
2017-09-28,239,128,,,
2017-09-29,189,94,,,
2017-09-30,156,56,,,
2017-10-01,111,11,,,
2017-10-02,94,-6,,,
2017-10-03,122,17,,,
2017-10-04,150,22,,,
2017-10-05,167,61,,,
2017-10-06,233,94,,,
2017-10-07,206,44,,,
2017-10-08,100,6,,,
2017-10-09,156,22,,,
2017-10-10,156,39,,,
2017-10-11,83,-22,,,
2017-10-12,111,-28,,,
2017-10-13,111,11,,,
2017-10-14,144,-17,,,
2017-10-15,200,44,,,
2017-10-16,228,117,,,
2017-10-17,206,117,,,
2017-10-18,211,100,,,
2017-10-19,139,-6,,,
2017-10-20,6,-11,,,
2017-10-21,61,-6,,,
2017-10-22,150,50,,,
2017-10-23,206,78,,,
2017-10-24,228,122,,,
2017-10-25,222,128,,,
2017-10-26,239,117,,,
2017-10-27,233,128,,,
2017-10-28,244,122,,,
2017-10-29,222,128,,,
2017-10-30,133,39,,,
2017-10-31,156,17,,,
2017-11-01,167,50,,,
2017-11-02,78,39,,,
2017-11-03,50,-11,,,
2017-11-04,28,-17,,,
2017-11-05,0,-11,,,
2017-11-06,28,-22,,,
2017-11-07,78,-22,,,
2017-11-08,78,39,,,
2017-11-09,67,22,,,
2017-11-10,56,17,,,
2017-11-11,89,22,,,
2017-11-12,67,17,,,
2017-11-13,78,0,,,
2017-11-14,61,-11,,,
2017-11-15,33,6,,,
2017-11-16,22,-17,,,
2017-11-17,33,-28,,,
2017-11-18,72,-39,,,
2017-11-19,50,11,,,
2017-11-20,72,11,,,
2017-11-21,144,67,,,
2017-11-22,183,117,,,
2017-11-23,122,72,,,
2017-11-24,89,44,,,
2017-11-25,150,78,,,
2017-11-26,117,22,,,
2017-11-27,28,0,,,
2017-11-28,67,0,,,
2017-11-29,61,-17,,,
2017-11-30,67,0,,,
2017-12-01,78,11,,,
2017-12-02,61,-6,,,
2017-12-03,-11,-50,,,
2017-12-04,17,-72,,,
2017-12-05,67,-44,,,
2017-12-06,89,-11,,,
2017-12-07,122,0,,,
2017-12-08,122,39,,,
2017-12-09,122,50,,,
2017-12-10,128,33,,,
2017-12-11,133,33,,,
2017-12-12,133,44,,,
2017-12-13,122,39,,,
2017-12-14,122,44,,,
2017-12-15,117,-17,,,
2017-12-16,0,-50,,,
2017-12-17,50,-50,,,
2017-12-18,117,17,,,
2017-12-19,50,-17,,,
2017-12-20,-11,-67,,,
2017-12-21,22,-78,,,
2017-12-22,33,-17,,,
2017-12-23,61,-6,,,
2017-12-24,61,28,,,
2017-12-25,61,17,,,
2017-12-26,94,28,,,
2017-12-27,89,33,,,
2017-12-28,122,33,,,
2017-12-29,122,72,,,
2017-12-30,100,56,,,
2017-12-31,106,44,,,
2018-01-01,139,67,,,
2018-01-02,117,50,,,
2018-01-03,122,50,,,
2018-01-04,89,44,,,
2018-01-05,89,44,,,
2018-01-06,67,11,,,
2018-01-07,83,6,,,
2018-01-08,56,33,,,
2018-01-09,50,0,,,
2018-01-10,17,-11,,,
2018-01-11,39,11,,,
2018-01-12,83,17,,,
2018-01-13,128,67,,,
2018-01-14,122,44,,,
2018-01-15,106,61,,,
2018-01-16,78,6,,,
2018-01-17,117,39,,,
2018-01-18,72,-22,,,
2018-01-19,0,-50,,,
2018-01-20,6,-61,,,
2018-01-21,0,-44,,,
2018-01-22,28,-22,,,
2018-01-23,28,-33,,,
2018-01-24,56,-39,,,
2018-01-25,-22,-61,,,
2018-01-26,-22,-44,,,
2018-01-27,44,-39,,,
2018-01-28,144,28,,,
2018-01-29,133,72,,,
2018-01-30,100,28,,,
2018-01-31,94,28,,,
2018-02-01,122,44,,,
2018-02-02,128,61,,,
2018-02-03,122,44,,,
2018-02-04,133,61,,,
2018-02-05,111,17,,,
2018-02-06,100,11,,,
2018-02-07,139,50,,,
2018-02-08,156,67,,,
2018-02-09,128,44,,,
2018-02-10,44,-33,,,
2018-02-11,28,-39,,,
2018-02-12,-22,-61,,,
2018-02-13,67,-67,,,
2018-02-14,39,-44,,,
2018-02-15,56,-67,,,
2018-02-16,83,-22,,,
2018-02-17,106,0,,,
2018-02-18,22,-83,,,
2018-02-19,-44,-100,,,
2018-02-20,-11,-128,,,
2018-02-21,11,-89,,,
2018-02-22,-39,-94,,,
2018-02-23,-6,-133,,,
2018-02-24,6,-67,,,
2018-02-25,11,-78,,,
2018-02-26,-28,-94,,,
2018-02-27,-6,-122,,,
2018-02-28,-11,-50,,,
2018-03-01,28,-61,,,
2018-03-02,-17,-94,,,
2018-03-03,-6,-61,,,
2018-03-04,-28,-61,,,
2018-03-05,61,-67,,,
2018-03-06,100,-6,,,
2018-03-07,106,17,,,
2018-03-08,67,11,,,
2018-03-09,50,17,,,
2018-03-10,72,6,,,
2018-03-11,117,17,,,
2018-03-12,133,50,,,
2018-03-13,83,-6,,,
2018-03-14,6,-33,,,
2018-03-15,-11,-44,,,
2018-03-16,-6,-50,,,
2018-03-17,-11,-56,,,
2018-03-18,22,-44,,,
2018-03-19,78,-28,,,
2018-03-20,56,0,,,
2018-03-21,78,11,,,
2018-03-22,44,-22,,,
2018-03-23,39,-39,,,
2018-03-24,11,-61,,,
2018-03-25,28,-56,,,
2018-03-26,44,-56,,,
2018-03-27,117,-6,,,
2018-03-28,139,22,,,
2018-03-29,150,50,,,
2018-03-30,167,67,,,
2018-03-31,161,72,,,
2018-04-01,156,44,,,
2018-04-02,78,17,,,
2018-04-03,139,0,,,
2018-04-04,139,50,,,
2018-04-05,94,28,,,
2018-04-06,72,22,,,
2018-04-07,83,6,,,
2018-04-08,83,-6,,,
2018-04-09,189,39,,,
2018-04-10,128,33,,,
2018-04-11,83,-28,,,
2018-04-12,0,-56,,,
2018-04-13,100,-39,,,
2018-04-14,128,33,,,
2018-04-15,106,-28,,,
2018-04-16,11,-44,,,
2018-04-17,44,-50,,,
2018-04-18,22,-11,,,
2018-04-19,78,-17,,,
2018-04-20,161,17,,,
2018-04-21,183,61,,,
2018-04-22,161,39,,,
2018-04-23,172,44,,,
2018-04-24,189,89,,,
2018-04-25,244,111,,,
2018-04-26,239,117,,,
2018-04-27,122,17,,,
2018-04-28,50,-6,,,
2018-04-29,39,-6,,,
2018-04-30,72,-6,,,
2018-05-01,100,0,,,
2018-05-02,150,28,,,
2018-05-03,189,78,,,
2018-05-04,200,94,,,
2018-05-05,194,117,,,
2018-05-06,183,100,,,
2018-05-07,211,89,,,
2018-05-08,228,117,,,
2018-05-09,189,83,,,
2018-05-10,161,33,,,
2018-05-11,106,11,,,
2018-05-12,156,50,,,
2018-05-13,194,72,,,
2018-05-14,200,78,,,
2018-05-15,189,83,,,
2018-05-16,156,67,,,
2018-05-17,139,61,,,
2018-05-18,183,83,,,
2018-05-19,200,89,,,
2018-05-20,167,83,,,
2018-05-21,194,72,,,
2018-05-22,206,122,,,
2018-05-23,167,100,,,
2018-05-24,217,94,,,
2018-05-25,100,44,,,
2018-05-26,106,33,,,
2018-05-27,194,50,,,
2018-05-28,222,100,,,
2018-05-29,250,117,,,
2018-05-30,206,78,,,
2018-05-31,100,50,,,
2018-06-01,194,39,,,
2018-06-02,267,133,,,
2018-06-03,256,144,,,
2018-06-04,222,100,,,
2018-06-05,228,78,,,
2018-06-06,211,100,,,
2018-06-07,206,100,,,
2018-06-08,206,100,,,
2018-06-09,117,6,,,
2018-06-10,156,-11,,,
2018-06-11,206,83,,,
2018-06-12,278,122,,,
2018-06-13,261,128,,,
2018-06-14,244,117,,,
2018-06-15,211,89,,,
2018-06-16,194,67,,,
2018-06-17,133,67,,,
2018-06-18,183,72,,,
2018-06-19,244,111,,,
2018-06-20,261,156,,,
2018-06-21,256,133,,,
2018-06-22,267,139,,,
2018-06-23,250,111,,,
2018-06-24,311,144,,,
2018-06-25,272,133,,,
2018-06-26,283,117,,,
2018-06-27,261,139,,,
2018-06-28,233,111,,,
2018-06-29,222,100,,,
2018-06-30,267,117,,,
2018-07-01,294,150,,,
2018-07-02,267,117,,,
2018-07-03,239,72,,,
2018-07-04,256,144,,,
2018-07-05,250,122,,,
2018-07-06,217,144,,,
2018-07-07,278,150,,,
2018-07-08,278,167,,,
2018-07-09,272,150,,,
2018-07-10,289,139,,,
2018-07-11,317,144,,,
2018-07-12,328,178,,,
2018-07-13,294,183,,,
2018-07-14,333,183,,,
2018-07-15,294,183,,,
2018-07-16,317,183,,,
2018-07-17,328,194,,,
2018-07-18,328,194,,,
2018-07-19,322,183,,,
2018-07-20,317,194,,,
2018-07-21,289,172,,,
2018-07-22,294,183,,,
2018-07-23,317,194,,,
2018-07-24,333,194,,,
2018-07-25,328,200,,,
2018-07-26,317,200,,,
2018-07-27,328,194,,,
2018-07-28,300,183,,,
2018-07-29,333,189,,,
2018-07-30,328,206,,,
2018-07-31,322,194,,,
2018-08-01,317,183,,,
2018-08-02,300,172,,,
2018-08-03,267,144,,,
2018-08-04,250,128,,,
2018-08-05,272,133,,,
2018-08-06,306,156,,,
2018-08-07,322,172,,,
2018-08-08,333,183,,,
2018-08-09,339,189,,,
2018-08-10,322,194,,,
2018-08-11,289,172,,,
2018-08-12,294,144,,,
2018-08-13,300,183,,,
2018-08-14,322,178,,,
2018-08-15,317,194,,,
2018-08-16,294,172,,,
2018-08-17,283,178,,,
2018-08-18,300,178,,,
2018-08-19,300,183,,,
2018-08-20,272,144,,,
2018-08-21,256,156,,,
2018-08-22,283,156,,,
2018-08-23,261,144,,,
2018-08-24,244,111,,,
2018-08-25,244,122,,,
2018-08-26,239,122,,,
2018-08-27,233,100,,,
2018-08-28,272,111,,,
2018-08-29,267,128,,,
2018-08-30,228,111,,,
2018-08-31,239,111,,,
2018-09-01,272,117,,,
2018-09-02,294,139,,,
2018-09-03,294,156,,,
2018-09-04,294,156,,,
2018-09-05,289,178,,,
2018-09-06,283,167,,,
2018-09-07,267,150,,,
2018-09-08,256,139,,,
2018-09-09,261,133,,,
2018-09-10,250,122,,,
2018-09-11,217,78,,,
2018-09-12,167,44,,,
2018-09-13,172,61,,,
2018-09-14,189,67,,,
2018-09-15,178,89,,,
2018-09-16,200,67,,,
2018-09-17,222,94,,,
2018-09-18,206,94,,,
2018-09-19,189,78,,,
2018-09-20,233,61,,,
2018-09-21,250,139,,,
2018-09-22,228,117,,,
2018-09-23,194,83,,,
2018-09-24,217,78,,,
2018-09-25,250,94,,,
2018-09-26,289,133,,,
2018-09-27,289,189,,,
2018-09-28,261,156,,,
2018-09-29,189,72,,,
2018-09-30,172,67,,,
2018-10-01,144,100,,,
2018-10-02,167,106,,,
2018-10-03,172,83,,,
2018-10-04,83,33,,,
2018-10-05,106,28,,,
2018-10-06,100,28,,,
2018-10-07,122,0,,,
2018-10-08,128,50,,,
2018-10-09,128,44,,,
2018-10-10,117,28,,,
2018-10-11,122,28,,,
2018-10-12,189,61,,,
2018-10-13,150,56,,,
2018-10-14,111,6,,,
2018-10-15,156,22,,,
2018-10-16,172,78,,,
2018-10-17,189,78,,,
2018-10-18,200,106,,,
2018-10-19,217,117,,,
2018-10-20,222,122,,,
2018-10-21,194,111,,,
2018-10-22,194,100,,,
2018-10-23,139,83,,,
2018-10-24,133,78,,,
2018-10-25,194,83,,,
2018-10-26,189,117,,,
2018-10-27,172,106,,,
2018-10-28,128,50,,,
2018-10-29,83,6,,,
2018-10-30,106,0,,,
2018-10-31,117,44,,,
2018-11-01,161,61,,,
2018-11-02,144,50,,,
2018-11-03,150,44,,,
2018-11-04,139,22,,,
2018-11-05,94,0,,,
2018-11-06,94,-11,,,
2018-11-07,67,-6,,,
2018-11-08,100,-28,,,
2018-11-09,139,6,,,
2018-11-10,100,-11,,,
2018-11-11,106,-22,,,
2018-11-12,139,22,,,
2018-11-13,133,33,,,
2018-11-14,150,50,,,
2018-11-15,156,78,,,
2018-11-16,150,50,,,
2018-11-17,128,39,,,
2018-11-18,150,33,,,
2018-11-19,133,44,,,
2018-11-20,133,11,,,
2018-11-21,78,17,,,
2018-11-22,28,-6,,,
2018-11-23,50,6,,,
2018-11-24,61,-6,,,
2018-11-25,89,6,,,
2018-11-26,83,22,,,
2018-11-27,56,17,,,
2018-11-28,33,0,,,
2018-11-29,44,6,,,
2018-11-30,22,-28,,,
2018-12-01,0,-39,,,
2018-12-02,11,-50,,,
2018-12-03,28,-61,,,
2018-12-04,11,-39,,,
2018-12-05,11,-33,,,
2018-12-06,39,-56,,,
2018-12-07,39,-56,,,
2018-12-08,83,-17,,,
2018-12-09,33,-39,,,
2018-12-10,22,-22,,,
2018-12-11,44,-22,,,
2018-12-12,44,-22,,,
2018-12-13,94,6,,,
2018-12-14,78,0,,,
2018-12-15,56,-6,,,
2018-12-16,72,17,,,
2018-12-17,6,-6,,,
2018-12-18,28,-6,,,
2018-12-19,94,22,,,
2018-12-20,61,-6,,,
2018-12-21,22,-33,,,
2018-12-22,33,-39,,,
2018-12-23,28,-6,,,
2018-12-24,22,-6,,,
2018-12-25,-6,-56,,,
2018-12-26,28,-61,,,
2018-12-27,-6,-56,,,
2018-12-28,0,-78,,,
2018-12-29,67,-28,,,
2018-12-30,56,-50,,,
2018-12-31,-28,-89,,,
2019-01-01,28,-89,,,
2019-01-02,83,-28,,,
2019-01-03,83,6,,,
2019-01-04,94,6,,,
2019-01-05,50,-22,,,
2019-01-06,-17,-33,,,
2019-01-07,17,-22,,,
2019-01-08,67,22,,,
2019-01-09,44,17,,,
2019-01-10,67,0,,,
2019-01-11,67,11,,,
2019-01-12,72,6,,,
2019-01-13,94,-6,,,
2019-01-14,44,-6,,,
2019-01-15,39,-6,,,
2019-01-16,44,0,,,
2019-01-17,22,-17,,,
2019-01-18,6,-22,,,
2019-01-19,61,6,,,
2019-01-20,56,-22,,,
2019-01-21,-6,-50,,,
2019-01-22,67,-61,,,
2019-01-23,83,6,,,
2019-01-24,83,-6,,,
2019-01-25,117,17,,,
2019-01-26,122,28,,,
2019-01-27,144,39,,,
2019-01-28,111,50,,,
2019-01-29,117,61,,,
2019-01-30,128,39,,,
2019-01-31,128,33,,,
2019-02-01,61,22,,,
2019-02-02,56,-6,,,
2019-02-03,6,-28,,,
2019-02-04,-22,-83,,,
2019-02-05,-28,-94,,,
2019-02-06,-39,-83,,,
2019-02-07,-6,-83,,,
2019-02-08,-28,-56,,,
2019-02-09,-22,-83,,,
2019-02-10,-61,-94,,,
2019-02-11,-22,-72,,,
2019-02-12,6,-56,,,
2019-02-13,39,-28,,,
2019-02-14,50,-28,,,
2019-02-15,-11,-56,,,
2019-02-16,-17,-61,,,
2019-02-17,-28,-83,,,
2019-02-18,-11,-100,,,
2019-02-19,39,-94,,,
2019-02-20,6,-67,,,
2019-02-21,-28,-100,,,
2019-02-22,6,-106,,,
2019-02-23,-11,-44,,,
2019-02-24,0,-33,,,
2019-02-25,17,-17,,,
2019-02-26,22,-6,,,
2019-02-27,61,-6,,,
2019-02-28,11,-33,,,
2019-03-01,39,-50,,,
2019-03-02,33,-11,,,
2019-03-03,44,-6,,,
2019-03-04,56,-11,,,
2019-03-05,28,-17,,,
2019-03-06,50,-6,,,
2019-03-07,6,-28,,,
2019-03-08,11,-56,,,
2019-03-09,-6,-56,,,
2019-03-10,39,-39,,,
2019-03-11,100,-44,,,
2019-03-12,28,-56,,,
2019-03-13,22,-78,,,
2019-03-14,72,-44,,,
2019-03-15,106,-11,,,
2019-03-16,128,22,,,
2019-03-17,133,56,,,
2019-03-18,139,50,,,
2019-03-19,133,61,,,
2019-03-20,94,6,,,
2019-03-21,61,-6,,,
2019-03-22,44,-6,,,
2019-03-23,28,-17,,,
2019-03-24,72,-33,,,
2019-03-25,78,11,,,
2019-03-26,50,6,,,
2019-03-27,61,-11,,,
2019-03-28,33,-11,,,
2019-03-29,44,-22,,,
2019-03-30,100,-6,,,
2019-03-31,133,33,,,
2019-04-01,100,44,,,
2019-04-02,67,28,,,
2019-04-03,94,28,,,
2019-04-04,83,17,,,
2019-04-05,56,11,,,
2019-04-06,72,6,,,
2019-04-07,100,50,,,
2019-04-08,89,11,,,
2019-04-09,28,-22,,,
2019-04-10,72,-28,,,
2019-04-11,33,0,,,
2019-04-12,106,-11,,,
2019-04-13,144,11,,,
2019-04-14,78,17,,,
2019-04-15,61,-6,,,
2019-04-16,94,-6,,,
2019-04-17,161,39,,,
2019-04-18,222,100,,,
2019-04-19,200,106,,,
2019-04-20,106,28,,,
2019-04-21,128,6,,,
2019-04-22,172,33,,,
2019-04-23,211,89,,,
2019-04-24,217,100,,,
2019-04-25,228,111,,,
2019-04-26,183,94,,,
2019-04-27,194,61,,,
2019-04-28,133,28,,,
2019-04-29,128,17,,,
2019-04-30,89,-17,,,
2019-05-01,139,11,,,
2019-05-02,156,33,,,
2019-05-03,200,72,,,
2019-05-04,211,94,,,
2019-05-05,211,89,,,
2019-05-06,194,83,,,
2019-05-07,194,78,,,
2019-05-08,183,72,,,
2019-05-09,172,89,,,
2019-05-10,200,67,,,
2019-05-11,239,117,,,
2019-05-12,239,111,,,
2019-05-13,189,100,,,
2019-05-14,150,94,,,
2019-05-15,100,56,,,
2019-05-16,67,-6,,,
2019-05-17,67,0,,,
2019-05-18,94,22,,,
2019-05-19,100,17,,,
2019-05-20,83,6,,,
2019-05-21,44,0,,,
2019-05-22,106,17,,,
2019-05-23,122,44,,,
2019-05-24,144,33,,,
2019-05-25,144,6,,,
2019-05-26,78,28,,,
2019-05-27,117,28,,,
2019-05-28,144,56,,,
2019-05-29,178,78,,,
2019-05-30,178,89,,,
2019-05-31,189,89,,,
2019-06-01,211,111,,,
2019-06-02,244,128,,,
2019-06-03,256,128,,,
2019-06-04,256,122,,,
2019-06-05,261,122,,,
2019-06-06,178,50,,,
2019-06-07,111,17,,,
2019-06-08,161,17,,,
2019-06-09,217,83,,,
2019-06-10,278,150,,,
2019-06-11,300,178,,,
2019-06-12,283,189,,,
2019-06-13,261,150,,,
2019-06-14,267,133,,,
2019-06-15,272,144,,,
2019-06-16,272,150,,,
2019-06-17,272,139,,,
2019-06-18,283,139,,,
2019-06-19,261,111,,,
2019-06-20,172,67,,,
2019-06-21,172,28,,,
2019-06-22,217,72,,,
2019-06-23,239,100,,,
2019-06-24,222,117,,,
2019-06-25,206,106,,,
2019-06-26,178,89,,,
2019-06-27,167,61,,,
2019-06-28,206,61,,,
2019-06-29,228,106,,,
2019-06-30,239,106,,,
2019-07-01,222,122,,,
2019-07-02,228,89,,,
2019-07-03,200,83,,,
2019-07-04,244,100,,,
2019-07-05,272,139,,,
2019-07-06,267,139,,,
2019-07-07,250,122,,,
2019-07-08,244,128,,,
2019-07-09,250,117,,,
2019-07-10,256,128,,,
2019-07-11,289,144,,,
2019-07-12,289,161,,,
2019-07-13,289,161,,,
2019-07-14,289,156,,,
2019-07-15,261,150,,,
2019-07-16,267,128,,,
2019-07-17,272,122,,,
2019-07-18,272,150,,,
2019-07-19,261,150,,,
2019-07-20,278,150,,,
2019-07-21,289,156,,,
2019-07-22,289,161,,,
2019-07-23,289,167,,,
2019-07-24,300,150,,,
2019-07-25,311,189,,,
2019-07-26,300,194,,,
2019-07-27,300,172,,,
2019-07-28,311,172,,,
2019-07-29,289,172,,,
2019-07-30,283,161,,,
2019-07-31,278,156,,,
2019-08-01,278,156,,,
2019-08-02,283,161,,,
2019-08-03,317,156,,,
2019-08-04,294,178,,,
2019-08-05,306,183,,,
2019-08-06,289,178,,,
2019-08-07,300,183,,,
2019-08-08,278,150,,,
2019-08-09,211,128,,,
2019-08-10,150,78,,,
2019-08-11,211,72,,,
2019-08-12,267,117,,,
2019-08-13,278,144,,,
2019-08-14,311,161,,,
2019-08-15,300,167,,,
2019-08-16,283,139,,,
2019-08-17,283,139,,,
2019-08-18,283,161,,,
2019-08-19,272,128,,,
2019-08-20,272,144,,,
2019-08-21,267,139,,,
2019-08-22,250,106,,,
2019-08-23,294,156,,,
2019-08-24,289,178,,,
2019-08-25,289,172,,,
2019-08-26,306,161,,,
2019-08-27,333,206,,,
2019-08-28,317,183,,,
2019-08-29,278,161,,,
2019-08-30,267,133,,,
2019-08-31,272,161,,,
2019-09-01,267,161,,,
2019-09-02,289,161,,,
2019-09-03,283,167,,,
2019-09-04,306,178,,,
2019-09-05,272,161,,,
2019-09-06,261,156,,,
2019-09-07,239,117,,,
2019-09-08,194,72,,,
2019-09-09,194,83,,,
2019-09-10,161,67,,,
2019-09-11,194,61,,,
2019-09-12,261,117,,,
2019-09-13,267,144,,,
2019-09-14,272,167,,,
2019-09-15,233,117,,,
2019-09-16,122,39,,,
2019-09-17,144,39,,,
2019-09-18,122,44,,,
2019-09-19,111,33,,,
2019-09-20,133,39,,,
2019-09-21,189,61,,,
2019-09-22,161,78,,,
2019-09-23,161,44,,,
2019-09-24,222,111,,,
2019-09-25,222,117,,,
2019-09-26,261,128,,,
2019-09-27,161,72,,,
2019-09-28,67,-6,,,
2019-09-29,44,-22,,,
2019-09-30,44,-11,,,
2019-10-01,78,-6,,,
2019-10-02,150,17,,,
2019-10-03,128,22,,,
2019-10-04,94,6,,,
2019-10-05,144,50,,,
2019-10-06,183,61,,,
2019-10-07,211,111,,,
2019-10-08,178,22,,,
2019-10-09,61,-22,,,
2019-10-10,122,-28,,,
2019-10-11,167,22,,,
2019-10-12,183,67,,,
2019-10-13,156,72,,,
2019-10-14,183,72,,,
2019-10-15,172,89,,,
2019-10-16,178,56,,,
2019-10-17,100,22,,,
2019-10-18,111,28,,,
2019-10-19,94,22,,,
2019-10-20,111,6,,,
2019-10-21,150,67,,,
2019-10-22,161,89,,,
2019-10-23,150,67,,,
2019-10-24,194,67,,,
2019-10-25,211,89,,,
2019-10-26,111,-28,,,
2019-10-27,39,-44,,,
2019-10-28,117,-22,,,
2019-10-29,22,-44,,,
2019-10-30,89,-50,,,
2019-10-31,144,0,,,
2019-11-01,172,67,,,
2019-11-02,183,67,,,
2019-11-03,183,94,,,
2019-11-04,189,89,,,
2019-11-05,194,106,,,
2019-11-06,183,106,,,
2019-11-07,178,89,,,
2019-11-08,194,106,,,
2019-11-09,183,106,,,
2019-11-10,172,83,,,
2019-11-11,178,83,,,
2019-11-12,156,89,,,
2019-11-13,172,89,,,
2019-11-14,167,39,,,
2019-11-15,133,33,,,
2019-11-16,139,50,,,
2019-11-17,172,89,,,
2019-11-18,161,89,,,
2019-11-19,83,17,,,
2019-11-20,33,-17,,,
2019-11-21,78,-28,,,
2019-11-22,94,6,,,
2019-11-23,106,22,,,
2019-11-24,106,6,,,
2019-11-25,6,-50,,,
2019-11-26,-33,-67,,,
2019-11-27,-28,-56,,,
2019-11-28,-11,-72,,,
2019-11-29,-44,-100,,,
2019-11-30,-11,-67,,,
2019-12-01,28,-17,,,
2019-12-02,61,6,,,
2019-12-03,78,6,,,
2019-12-04,44,6,,,
2019-12-05,56,17,,,
2019-12-06,67,22,,,
2019-12-07,50,0,,,
2019-12-08,44,0,,,
2019-12-09,67,-11,,,
2019-12-10,72,-6,,,
2019-12-11,28,-6,,,
2019-12-12,39,22,,,
2019-12-13,22,-6,,,
2019-12-14,11,-39,,,
2019-12-15,-6,-44,,,
2019-12-16,39,-50,,,
2019-12-17,17,-50,,,
2019-12-18,17,-33,,,
2019-12-19,39,-11,,,
2019-12-20,67,28,,,
2019-12-21,89,44,,,
2019-12-22,50,-17,,,
2019-12-23,11,-39,,,
2019-12-24,-17,-39,,,
2019-12-25,0,-50,,,
2019-12-26,11,-50,,,
2019-12-27,39,-50,,,
2019-12-28,67,-28,,,
2019-12-29,44,-17,,,
2019-12-30,50,-17,,,
2019-12-31,94,-6,,,
2020-01-01,67,6,,,
2020-01-02,61,6,,,
2020-01-03,133,11,,,
2020-01-04,33,-11,,,
2020-01-05,6,-39,,,
2020-01-06,78,-33,,,
2020-01-07,78,-17,,,
2020-01-08,-11,-22,,,
2020-01-09,-6,-61,,,
2020-01-10,39,-56,,,
2020-01-11,0,-44,,,
2020-01-12,-22,-44,,,
2020-01-13,-17,-39,,,
2020-01-14,-28,-50,,,
2020-01-15,17,-61,,,
2020-01-16,0,-50,,,
2020-01-17,-33,-56,,,
2020-01-18,72,-39,,,
2020-01-19,89,17,,,
2020-01-20,67,11,,,
2020-01-21,28,0,,,
2020-01-22,33,-6,,,
2020-01-23,61,17,,,
2020-01-24,44,11,,,
2020-01-25,67,28,,,
2020-01-26,44,6,,,
2020-01-27,22,0,,,
2020-01-28,22,-6,,,
2020-01-29,61,-17,,,
2020-01-30,94,28,,,
2020-01-31,139,50,,,
2020-02-01,133,44,,,
2020-02-02,39,-78,,,
2020-02-03,-33,-106,,,
2020-02-04,-6,-94,,,
2020-02-05,39,-39,,,
2020-02-06,89,11,,,
2020-02-07,122,28,,,
2020-02-08,44,-44,,,
2020-02-09,11,-56,,,
2020-02-10,78,-22,,,
2020-02-11,106,0,,,
2020-02-12,72,6,,,
2020-02-13,100,6,,,
2020-02-14,89,0,,,
2020-02-15,39,11,,,
2020-02-16,61,-11,,,
2020-02-17,17,-33,,,
2020-02-18,67,-39,,,
2020-02-19,83,-22,,,
2020-02-20,94,-6,,,
2020-02-21,133,33,,,
2020-02-22,128,44,,,
2020-02-23,100,17,,,
2020-02-24,83,-17,,,
2020-02-25,122,11,,,
2020-02-26,144,39,,,
2020-02-27,161,56,,,
2020-02-28,122,50,,,
2020-02-29,44,-44,,,
2020-03-01,6,-61,,,
2020-03-02,100,-44,,,
2020-03-03,139,17,,,
2020-03-04,161,50,,,
2020-03-05,156,72,,,
2020-03-06,133,33,,,
2020-03-07,28,-22,,,
2020-03-08,17,-22,,,
2020-03-09,61,-6,,,
2020-03-10,133,11,,,
2020-03-11,144,56,,,
2020-03-12,122,22,,,
2020-03-13,122,11,,,
2020-03-14,0,-39,,,
2020-03-15,-6,-56,,,
2020-03-16,50,-56,,,
2020-03-17,11,-44,,,
2020-03-18,11,-44,,,
2020-03-19,61,-50,,,
2020-03-20,89,-17,,,
2020-03-21,94,17,,,
2020-03-22,111,6,,,
2020-03-23,67,-11,,,
2020-03-24,22,-33,,,
2020-03-25,6,-56,,,
2020-03-26,28,-72,,,
2020-03-27,44,-33,,,
2020-03-28,44,-22,,,
2020-03-29,44,-11,,,
2020-03-30,39,6,,,
2020-03-31,67,-17,,,
2020-04-01,17,-50,,,
2020-04-02,61,-61,,,
2020-04-03,78,-39,,,
2020-04-04,28,-6,,,
2020-04-05,33,-11,,,
2020-04-06,78,-22,,,
2020-04-07,122,11,,,
2020-04-08,161,50,,,
2020-04-09,183,61,,,
2020-04-10,178,39,,,
2020-04-11,139,44,,,
2020-04-12,133,17,,,
2020-04-13,89,0,,,
2020-04-14,139,11,,,
2020-04-15,144,50,,,
2020-04-16,122,11,,,
2020-04-17,161,28,,,
2020-04-18,106,44,,,
2020-04-19,117,11,,,
2020-04-20,139,33,,,
2020-04-21,156,33,,,
2020-04-22,139,61,,,
2020-04-23,150,50,,,
2020-04-24,167,61,,,
2020-04-25,183,83,,,
2020-04-26,200,72,,,
2020-04-27,183,83,,,
2020-04-28,250,89,,,
2020-04-29,217,117,,,
2020-04-30,150,78,,,
2020-05-01,167,61,,,
2020-05-02,150,22,,,
2020-05-03,117,0,,,
2020-05-04,161,33,,,
2020-05-05,178,89,,,
2020-05-06,144,33,,,
2020-05-07,211,61,,,
2020-05-08,244,128,,,
2020-05-09,267,150,,,
2020-05-10,222,122,,,
2020-05-11,167,39,,,
2020-05-12,100,11,,,
2020-05-13,61,11,,,
2020-05-14,67,11,,,
2020-05-15,156,33,,,
2020-05-16,161,39,,,
2020-05-17,117,50,,,
2020-05-18,56,0,,,
2020-05-19,89,11,,,
2020-05-20,139,28,,,
2020-05-21,133,33,,,
2020-05-22,100,0,,,
2020-05-23,167,22,,,
2020-05-24,211,72,,,
2020-05-25,261,106,,,
2020-05-26,250,128,,,
2020-05-27,272,144,,,
2020-05-28,294,178,,,
2020-05-29,306,178,,,
2020-05-30,206,56,,,
2020-05-31,200,56,,,
2020-06-01,194,89,,,
2020-06-02,261,122,,,
2020-06-03,250,139,,,
2020-06-04,272,139,,,
2020-06-05,244,89,,,
2020-06-06,122,0,,,
2020-06-07,61,-6,,,
2020-06-08,150,-6,,,
2020-06-09,211,78,,,
2020-06-10,250,117,,,
2020-06-11,244,150,,,
2020-06-12,183,61,,,
2020-06-13,100,39,,,
2020-06-14,178,56,,,
2020-06-15,122,67,,,
2020-06-16,122,33,,,
2020-06-17,194,28,,,
2020-06-18,228,106,,,
2020-06-19,267,144,,,
2020-06-20,267,156,,,
2020-06-21,283,139,,,
2020-06-22,306,150,,,
2020-06-23,350,206,,,
2020-06-24,300,178,,,
2020-06-25,306,144,,,
2020-06-26,328,178,,,
2020-06-27,289,144,,,
2020-06-28,150,56,,,
2020-06-29,189,33,,,
2020-06-30,239,83,,,
2020-07-01,233,83,,,
2020-07-02,250,83,,,
2020-07-03,250,128,,,
2020-07-04,250,133,,,
2020-07-05,267,122,,,
2020-07-06,267,117,,,
2020-07-07,250,89,,,
2020-07-08,272,89,,,
2020-07-09,261,128,,,
2020-07-10,289,133,,,
2020-07-11,294,172,,,
2020-07-12,306,161,,,
2020-07-13,294,139,,,
2020-07-14,300,150,,,
2020-07-15,306,172,,,
2020-07-16,333,178,,,
2020-07-17,311,183,,,
2020-07-18,322,172,,,
2020-07-19,333,183,,,
2020-07-20,339,194,,,
2020-07-21,311,194,,,
2020-07-22,278,167,,,
2020-07-23,267,156,,,
2020-07-24,294,139,,,
2020-07-25,311,161,,,
2020-07-26,300,178,,,
2020-07-27,300,183,,,
2020-07-28,306,178,,,
2020-07-29,306,189,,,
2020-07-30,306,183,,,
2020-07-31,306,167,,,
2020-08-01,294,178,,,
2020-08-02,294,172,,,
2020-08-03,300,150,,,
2020-08-04,306,150,,,
2020-08-05,278,156,,,
2020-08-06,261,128,,,
2020-08-07,283,94,,,
2020-08-08,306,139,,,
2020-08-09,317,156,,,
2020-08-10,317,156,,,
2020-08-11,289,183,,,
2020-08-12,272,150,,,
2020-08-13,294,156,,,
2020-08-14,328,183,,,
2020-08-15,333,222,,,
2020-08-16,278,233,,,
2020-08-17,261,167,,,
2020-08-18,306,183,,,
2020-08-19,256,194,,,
2020-08-20,267,167,,,
2020-08-21,250,172,,,
2020-08-22,294,167,,,
2020-08-23,294,183,,,
2020-08-24,306,189,,,
2020-08-25,278,172,,,
2020-08-26,267,161,,,
2020-08-27,278,139,,,
2020-08-28,311,161,,,
2020-08-29,306,178,,,
2020-08-30,261,133,,,
2020-08-31,256,133,,,
2020-09-01,306,133,,,
2020-09-02,339,200,,,
2020-09-03,350,183,,,
2020-09-04,339,189,,,
2020-09-05,339,206,,,
2020-09-06,339,228,,,
2020-09-07,322,122,,,
2020-09-08,222,67,,,
2020-09-09,272,117,,,
2020-09-10,283,144,,,
2020-09-11,289,139,,,
2020-09-12,306,161,,,
2020-09-13,278,172,,,
2020-09-14,272,167,,,
2020-09-15,267,167,,,
2020-09-16,261,156,,,
2020-09-17,261,156,,,
2020-09-18,194,106,,,
2020-09-19,211,94,,,
2020-09-20,261,111,,,
2020-09-21,244,139,,,
2020-09-22,228,122,,,
2020-09-23,233,128,,,
2020-09-24,200,106,,,
2020-09-25,206,111,,,
2020-09-26,183,94,,,
2020-09-27,211,72,,,
2020-09-28,272,111,,,
2020-09-29,283,156,,,
2020-09-30,267,183,,,
2020-10-01,306,167,,,
2020-10-02,300,167,,,
2020-10-03,300,156,,,
2020-10-04,244,150,,,
2020-10-05,267,150,,,
2020-10-06,278,161,,,
2020-10-07,239,139,,,
2020-10-08,233,117,,,
2020-10-09,217,94,,,
2020-10-10,106,44,,,
2020-10-11,167,22,,,
2020-10-12,206,72,,,
2020-10-13,217,122,,,
2020-10-14,183,78,,,
2020-10-15,194,78,,,
2020-10-16,228,94,,,
2020-10-17,217,111,,,
2020-10-18,217,111,,,
2020-10-19,211,106,,,
2020-10-20,200,106,,,
2020-10-21,172,33,,,
2020-10-22,89,-11,,,
2020-10-23,167,28,,,
2020-10-24,167,22,,,
2020-10-25,22,-61,,,
2020-10-26,100,-50,,,
2020-10-27,172,28,,,
2020-10-28,228,106,,,
2020-10-29,244,111,,,
2020-10-30,206,94,,,
2020-10-31,206,83,,,
2020-11-01,239,122,,,
2020-11-02,239,117,,,
2020-11-03,200,111,,,
2020-11-04,189,100,,,
2020-11-05,217,100,,,
2020-11-06,94,-17,,,
2020-11-07,-6,-39,,,
2020-11-08,-17,-72,,,
2020-11-09,-17,-72,,,
2020-11-10,72,-28,,,
2020-11-11,50,-22,,,
2020-11-12,72,-17,,,
2020-11-13,0,-22,,,
2020-11-14,11,-33,,,
2020-11-15,67,11,,,
2020-11-16,167,61,,,
2020-11-17,117,11,,,
2020-11-18,44,-11,,,
2020-11-19,22,-11,,,
2020-11-20,67,-17,,,
2020-11-21,89,-6,,,
2020-11-22,83,-17,,,
2020-11-23,39,-6,,,
2020-11-24,100,-17,,,
2020-11-25,28,-39,,,
2020-11-26,28,-44,,,
2020-11-27,100,-11,,,
2020-11-28,100,11,,,
2020-11-29,111,17,,,
2020-11-30,78,-6,,,
2020-12-01,78,-17,,,
2020-12-02,117,22,,,
2020-12-03,117,11,,,
2020-12-04,106,39,,,
2020-12-05,122,17,,,
2020-12-06,56,0,,,
2020-12-07,106,-11,,,
2020-12-08,150,56,,,
2020-12-09,67,0,,,
2020-12-10,83,-39,,,
2020-12-11,-6,-50,,,
2020-12-12,28,-39,,,
2020-12-13,6,-22,,,
2020-12-14,6,-39,,,
2020-12-15,11,-28,,,
2020-12-16,50,-6,,,
2020-12-17,0,-39,,,
2020-12-18,56,-39,,,
2020-12-19,61,17,,,
2020-12-20,117,61,,,
2020-12-21,111,-6,,,
2020-12-22,6,-56,,,
2020-12-23,56,-56,,,
2020-12-24,78,-39,,,
2020-12-25,33,-6,,,
2020-12-26,0,-33,,,
2020-12-27,0,-50,,,
2020-12-28,22,-44,,,
2020-12-29,61,-56,,,
2020-12-30,56,-28,,,
2020-12-31,22,-28,,,
2021-01-01,72,-22,,,
2021-01-02,22,-11,,,
2021-01-03,33,0,,,
2021-01-04,39,-17,,,
2021-01-05,50,-33,,,
2021-01-06,44,-11,,,
2021-01-07,72,-39,,,
2021-01-08,22,-33,,,
2021-01-09,72,-33,,,
2021-01-10,67,0,,,
2021-01-11,94,11,,,
2021-01-12,56,17,,,
2021-01-13,67,33,,,
2021-01-14,150,44,,,
2021-01-15,117,61,,,
2021-01-16,117,50,,,
2021-01-17,117,33,,,
2021-01-18,61,-33,,,
2021-01-19,56,-56,,,
2021-01-20,94,-6,,,
2021-01-21,61,11,,,
2021-01-22,17,-22,,,
2021-01-23,17,-33,,,
2021-01-24,0,-56,,,
2021-01-25,-39,-83,,,
2021-01-26,-44,-100,,,
2021-01-27,11,-50,,,
2021-01-28,0,-22,,,
2021-01-29,6,-39,,,
2021-01-30,22,-33,,,
2021-01-31,50,-6,,,
2021-02-01,72,11,,,
2021-02-02,28,-33,,,
2021-02-03,-22,-61,,,
2021-02-04,56,-61,,,
2021-02-05,67,0,,,
2021-02-06,111,-6,,,
2021-02-07,106,17,,,
2021-02-08,67,28,,,
2021-02-09,78,11,,,
2021-02-10,94,11,,,
2021-02-11,39,6,,,
2021-02-12,39,-11,,,
2021-02-13,11,-28,,,
2021-02-14,-11,-33,,,
2021-02-15,11,-22,,,
2021-02-16,17,-33,,,
2021-02-17,28,-56,,,
2021-02-18,0,-44,,,
2021-02-19,6,-22,,,
2021-02-20,11,-44,,,
2021-02-21,67,-44,,,
2021-02-22,133,0,,,
2021-02-23,94,-17,,,
2021-02-24,11,-61,,,
2021-02-25,89,-61,,,
2021-02-26,39,-50,,,
2021-02-27,22,-56,,,
2021-02-28,94,-44,,,
2021-03-01,106,-11,,,
2021-03-02,122,11,,,
2021-03-03,117,39,,,
2021-03-04,106,17,,,
2021-03-05,122,33,,,
2021-03-06,33,-28,,,
2021-03-07,72,-17,,,
2021-03-08,11,-39,,,
2021-03-09,17,-50,,,
2021-03-10,44,-39,,,
2021-03-11,50,-39,,,
2021-03-12,78,-22,,,
2021-03-13,128,6,,,
2021-03-14,61,-6,,,
2021-03-15,6,-67,,,
2021-03-16,61,-78,,,
2021-03-17,89,-22,,,
2021-03-18,67,0,,,
2021-03-19,39,-17,,,
2021-03-20,22,-44,,,
2021-03-21,67,-44,,,
2021-03-22,44,-33,,,
2021-03-23,39,-50,,,
2021-03-24,83,-17,,,
2021-03-25,28,-33,,,
2021-03-26,100,-39,,,
2021-03-27,178,28,,,
2021-03-28,150,61,,,
2021-03-29,67,-28,,,
2021-03-30,100,-44,,,
2021-03-31,183,28,,,
2021-04-01,172,72,,,
2021-04-02,172,78,,,
2021-04-03,178,72,,,
2021-04-04,172,33,,,
2021-04-05,100,28,,,
2021-04-06,161,33,,,
2021-04-07,144,50,,,
2021-04-08,133,17,,,
2021-04-09,156,33,,,
2021-04-10,150,39,,,
2021-04-11,133,-11,,,
2021-04-12,167,0,,,
2021-04-13,83,-11,,,
2021-04-14,89,-17,,,
2021-04-15,133,0,,,
2021-04-16,156,44,,,
2021-04-17,172,50,,,
2021-04-18,211,94,,,
2021-04-19,189,83,,,
2021-04-20,122,50,,,
2021-04-21,161,17,,,
2021-04-22,178,44,,,
2021-04-23,161,28,,,
2021-04-24,50,17,,,
2021-04-25,39,-17,,,
2021-04-26,39,-28,,,
2021-04-27,122,-11,,,
2021-04-28,206,61,,,
2021-04-29,261,122,,,
2021-04-30,239,117,,,
2021-05-01,178,50,,,
2021-05-02,139,22,,,
2021-05-03,161,22,,,
2021-05-04,194,61,,,
2021-05-05,244,89,,,
2021-05-06,200,61,,,
2021-05-07,122,22,,,
2021-05-08,150,0,,,
2021-05-09,150,28,,,
2021-05-10,161,28,,,
2021-05-11,217,83,,,
2021-05-12,244,111,,,
2021-05-13,256,133,,,
2021-05-14,228,117,,,
2021-05-15,178,78,,,
2021-05-16,222,106,,,
2021-05-17,217,83,,,
2021-05-18,189,67,,,
2021-05-19,128,-11,,,
2021-05-20,44,-28,,,
2021-05-21,44,-22,,,
2021-05-22,67,0,,,
2021-05-23,139,28,,,
2021-05-24,178,67,,,
2021-05-25,156,56,,,
2021-05-26,211,56,,,
2021-05-27,200,94,,,
2021-05-28,228,78,,,
2021-05-29,256,117,,,
2021-05-30,261,111,,,
2021-05-31,289,144,,,
2021-06-01,311,200,,,
2021-06-02,317,200,,,
2021-06-03,311,183,,,
2021-06-04,294,144,,,
2021-06-05,267,106,,,
2021-06-06,222,78,,,
2021-06-07,189,61,,,
2021-06-08,133,33,,,
2021-06-09,150,17,,,
2021-06-10,133,6,,,
2021-06-11,167,61,,,
2021-06-12,222,67,,,
2021-06-13,239,133,,,
2021-06-14,206,117,,,
2021-06-15,206,83,,,
2021-06-16,294,94,,,
2021-06-17,322,144,,,
2021-06-18,322,161,,,
2021-06-19,339,172,,,
2021-06-20,333,189,,,
2021-06-21,317,200,,,
2021-06-22,294,183,,,
2021-06-23,267,150,,,
2021-06-24,272,156,,,
2021-06-25,306,156,,,
2021-06-26,322,183,,,
2021-06-27,350,228,,,
2021-06-28,361,239,,,
2021-06-29,361,217,,,
2021-06-30,322,200,,,
2021-07-01,317,189,,,
2021-07-02,322,178,,,
2021-07-03,333,183,,,
2021-07-04,311,183,,,
2021-07-05,328,183,,,
2021-07-06,317,189,,,
2021-07-07,322,178,,,
2021-07-08,311,172,,,
2021-07-09,344,189,,,
2021-07-10,356,228,,,
2021-07-11,356,211,,,
2021-07-12,356,211,,,
2021-07-13,344,183,,,
2021-07-14,328,194,,,
2021-07-15,300,156,,,
2021-07-16,278,156,,,
2021-07-17,300,144,,,
2021-07-18,333,178,,,
2021-07-19,311,206,,,
2021-07-20,306,183,,,
2021-07-21,289,156,,,
2021-07-22,294,189,,,
2021-07-23,289,167,,,
2021-07-24,328,183,,,
2021-07-25,322,189,,,
2021-07-26,317,200,,,
2021-07-27,200,139,,,
2021-07-28,306,156,,,
2021-07-29,322,200,,,
2021-07-30,272,211,,,
2021-07-31,256,189,,,
2021-08-01,306,189,,,
2021-08-02,317,211,,,
2021-08-03,311,194,,,
2021-08-04,317,194,,,
2021-08-05,256,144,,,
2021-08-06,283,111,,,
2021-08-07,306,161,,,
2021-08-08,283,172,,,
2021-08-09,289,161,,,
2021-08-10,317,189,,,
2021-08-11,344,206,,,
2021-08-12,344,228,,,
2021-08-13,328,228,,,
2021-08-14,333,206,,,
2021-08-15,356,228,,,
2021-08-16,328,183,,,
2021-08-17,217,83,,,
2021-08-18,183,50,,,
2021-08-19,228,106,,,
2021-08-20,261,117,,,
2021-08-21,222,100,,,
2021-08-22,250,117,,,
2021-08-23,244,117,,,
2021-08-24,239,122,,,
2021-08-25,250,128,,,
2021-08-26,261,122,,,
2021-08-27,267,128,,,
2021-08-28,306,144,,,
2021-08-29,300,183,,,
2021-08-30,294,156,,,
2021-08-31,272,139,,,
2021-09-01,261,111,,,
2021-09-02,233,111,,,
2021-09-03,272,133,,,
2021-09-04,278,161,,,
2021-09-05,300,178,,,
2021-09-06,311,183,,,
2021-09-07,333,194,,,
2021-09-08,311,194,,,
2021-09-09,294,206,,,
2021-09-10,217,122,,,
2021-09-11,256,128,,,
2021-09-12,261,139,,,
2021-09-13,267,133,,,
2021-09-14,294,139,,,
2021-09-15,278,139,,,
2021-09-16,244,111,,,
2021-09-17,261,128,,,
2021-09-18,150,83,,,
2021-09-19,122,50,,,
2021-09-20,206,61,,,
2021-09-21,261,117,,,
2021-09-22,239,128,,,
2021-09-23,228,100,,,
2021-09-24,289,144,,,
2021-09-25,256,150,,,
2021-09-26,228,122,,,
2021-09-27,194,17,,,
2021-09-28,94,6,,,
2021-09-29,161,39,,,
2021-09-30,228,89,,,
2021-10-01,222,106,,,
2021-10-02,250,133,,,
2021-10-03,250,139,,,
2021-10-04,239,139,,,
2021-10-05,194,100,,,
2021-10-06,144,72,,,
2021-10-07,128,72,,,
2021-10-08,117,39,,,
2021-10-09,139,33,,,
2021-10-10,167,6,,,
2021-10-11,33,-22,,,
2021-10-12,89,-50,,,
2021-10-13,83,0,,,
2021-10-14,117,-11,,,
2021-10-15,194,44,,,
2021-10-16,228,111,,,
2021-10-17,139,-11,,,
2021-10-18,11,-6,,,
2021-10-19,94,0,,,
2021-10-20,78,22,,,
2021-10-21,156,72,,,
2021-10-22,117,6,,,
2021-10-23,44,6,,,
2021-10-24,61,22,,,
2021-10-25,33,0,,,
2021-10-26,33,6,,,
2021-10-27,89,33,,,
2021-10-28,183,72,,,
2021-10-29,150,106,,,
2021-10-30,139,61,,,
2021-10-31,117,44,,,
2021-11-01,78,44,,,
2021-11-02,111,50,,,
2021-11-03,133,67,,,
2021-11-04,94,44,,,
2021-11-05,83,17,,,
2021-11-06,33,-6,,,
2021-11-07,61,-22,,,
2021-11-08,83,-6,,,
2021-11-09,44,-6,,,
2021-11-10,72,22,,,
2021-11-11,161,56,,,
2021-11-12,178,94,,,
2021-11-13,172,78,,,
2021-11-14,183,111,,,
2021-11-15,133,61,,,
2021-11-16,78,0,,,
2021-11-17,89,0,,,
2021-11-18,94,33,,,
2021-11-19,61,11,,,
2021-11-20,72,-6,,,
2021-11-21,117,17,,,
2021-11-22,133,33,,,
2021-11-23,50,-22,,,
2021-11-24,83,-33,,,
2021-11-25,128,11,,,
2021-11-26,144,56,,,
2021-11-27,150,72,,,
2021-11-28,161,72,,,
2021-11-29,161,94,,,
2021-11-30,161,89,,,
2021-12-01,183,89,,,
2021-12-02,172,100,,,
2021-12-03,161,72,,,
2021-12-04,144,72,,,
2021-12-05,111,61,,,
2021-12-06,83,39,,,
2021-12-07,133,17,,,
2021-12-08,56,-11,,,
2021-12-09,-11,-50,,,
2021-12-10,17,-61,,,
2021-12-11,-6,-39,,,
2021-12-12,-6,-28,,,
2021-12-13,6,-44,,,
2021-12-14,-28,-78,,,
2021-12-15,-28,-72,,,
2021-12-16,-22,-50,,,
2021-12-17,28,-61,,,
2021-12-18,56,-28,,,
2021-12-19,61,-11,,,
2021-12-20,67,11,,,
2021-12-21,72,-6,,,
2021-12-22,22,-11,,,
2021-12-23,6,-6,,,
2021-12-24,-11,-33,,,
2021-12-25,-17,-61,,,
2021-12-26,-44,-89,,,
2021-12-27,-44,-94,,,
2021-12-28,-50,-89,,,
2021-12-31,-56,-94,,,
2022-01-01,11,-106,,,
2022-01-02,-11,-67,,,
2022-01-03,28,-56,,,
2022-01-04,11,0,,,
2022-01-05,28,11,,,
2022-01-06,72,6,,,
2022-01-07,11,-17,,,
2022-01-08,61,-28,,,
2022-01-09,61,-28,,,
2022-01-10,78,-11,,,
2022-01-11,117,39,,,
2022-01-12,156,72,,,
2022-01-13,83,17,,,
2022-01-14,94,6,,,
2022-01-15,100,0,,,
2022-01-16,83,22,,,
2022-01-17,83,22,,,
2022-01-18,61,11,,,
2022-01-19,67,11,,,
2022-01-20,106,11,,,
2022-01-21,33,-22,,,
2022-01-22,72,0,,,
2022-01-24,106,50,,,
2022-01-25,83,-11,,,
2022-01-26,33,-11,,,
2022-01-27,39,-133,,,
2022-01-28,-150,-150,,,
2022-01-30,50,50,,,
2022-01-31,11,-6,,,
2022-02-04,56,28,,,
2022-02-05,22,-150,,,
2022-02-10,139,106,,,
2022-02-19,83,56,,,
2022-02-20,50,50,,,
2022-03-09,11,-50,,,
2022-03-10,67,-111,,,
2022-03-11,139,0,,,
2022-03-12,111,11,,,
2022-03-13,56,-28,,,
2022-03-14,128,0,,,
2022-03-15,61,0,,,
2022-03-16,100,-11,,,
2022-03-17,100,33,,,
2022-03-18,128,22,,,
2022-03-19,56,-33,,,
2022-03-20,72,-67,,,
2022-03-21,100,0,,,
2022-03-22,178,44,,,
2022-03-23,189,78,,,
2022-03-24,189,94,,,
2022-03-25,194,89,,,
2022-03-26,189,72,,,
2022-03-27,150,61,,,
2022-03-28,94,33,,,
2022-03-29,144,22,,,
2022-03-30,89,6,,,
2022-03-31,106,-11,,,
2022-04-01,172,17,,,
2022-04-02,128,6,,,
2022-04-03,139,44,,,
2022-04-04,67,0,,,
2022-04-05,83,-28,,,
2022-04-06,189,17,,,
2022-04-07,244,94,,,
2022-04-08,194,11,,,
2022-04-09,78,-33,,,
2022-04-10,67,-39,,,
2022-04-11,-6,-67,,,
2022-04-12,11,-72,,,
2022-04-13,6,-56,,,
2022-04-14,22,-17,,,
2022-04-15,56,-28,,,
2022-04-16,56,-6,,,
2022-04-17,117,11,,,
2022-04-18,111,28,,,
2022-04-19,33,-11,,,
2022-04-20,56,0,,,
2022-04-21,33,-22,,,
2022-04-22,56,-17,,,
2022-04-23,100,6,,,
2022-04-24,161,44,,,
2022-04-25,144,50,,,
2022-04-26,133,28,,,
2022-04-27,128,-6,,,
2022-04-28,44,-6,,,
2022-04-29,133,-11,,,
2022-04-30,128,11,,,
2022-05-01,144,-17,,,
2022-05-02,83,-11,,,
2022-05-03,139,-28,,,
2022-05-04,228,89,,,
2022-05-05,128,56,,,
2022-05-06,128,28,,,
2022-05-07,83,-17,,,
2022-05-08,6,-44,,,
2022-05-09,11,-50,,,
2022-05-10,28,-44,,,
2022-05-11,72,-28,,,
2022-05-12,94,22,,,
2022-05-13,128,28,,,
2022-05-14,183,72,,,
2022-05-15,206,111,,,
2022-05-16,189,89,,,
2022-05-17,206,67,,,
2022-05-18,228,106,,,
2022-05-19,122,0,,,
2022-05-20,128,-28,,,
2022-05-21,178,28,,,
2022-05-22,178,39,,,
2022-05-23,206,67,,,
2022-05-24,217,78,,,
2022-05-25,261,122,,,
2022-05-26,222,122,,,
2022-05-27,178,72,,,
2022-05-28,100,28,,,
2022-05-29,106,17,,,
2022-05-30,111,-11,,,
2022-05-31,194,22,,,
2022-06-01,228,106,,,
2022-06-02,222,117,,,
2022-06-03,178,78,,,
2022-06-04,117,56,,,
2022-06-05,167,67,,,
2022-06-06,194,78,,,
2022-06-07,239,89,,,
2022-06-08,239,133,,,
2022-06-09,256,122,,,
2022-06-10,256,156,,,
2022-06-11,222,144,,,
2022-06-12,122,28,,,
2022-06-13,117,6,,,
2022-06-14,172,22,,,
2022-06-15,239,83,,,
2022-06-16,200,100,,,
2022-06-17,150,44,,,
2022-06-18,111,22,,,
2022-06-19,156,22,,,
2022-06-20,194,56,,,
2022-06-21,267,122,,,
2022-06-22,283,161,,,
2022-06-23,267,144,,,
2022-06-24,283,144,,,
2022-06-25,306,167,,,
2022-06-26,317,194,,,
2022-06-27,311,189,,,
2022-06-28,272,161,,,
2022-06-29,267,128,,,
2022-06-30,272,133,,,
2022-07-01,267,150,,,
2022-07-02,256,128,,,
2022-07-03,189,100,,,
2022-07-04,206,94,,,
2022-07-05,200,106,,,
2022-07-06,244,117,,,
2022-07-07,250,111,,,
2022-07-08,261,133,,,
2022-07-09,261,150,,,
2022-07-10,289,139,,,
2022-07-11,333,172,,,
2022-07-12,322,189,,,
2022-07-13,283,183,,,
2022-07-14,294,167,,,
2022-07-15,300,178,,,
2022-07-16,306,189,,,
2022-07-17,311,200,,,
2022-07-18,311,178,,,
2022-07-19,311,189,,,
2022-07-20,311,194,,,
2022-07-21,322,194,,,
2022-07-22,294,172,,,
2022-07-23,311,150,,,
2022-07-24,322,167,,,
2022-07-25,350,200,,,
2022-07-26,350,189,,,
2022-07-27,350,206,,,
2022-07-28,356,217,,,
2022-07-29,367,244,,,
2022-07-30,350,228,,,
2022-07-31,344,206,,,
2022-08-01,283,167,,,
2022-08-02,267,156,,,
2022-08-03,306,178,,,
2022-08-04,322,200,,,
2022-08-05,283,178,,,
2022-08-06,294,144,,,
2022-08-07,328,178,,,
2022-08-08,311,183,,,
2022-08-09,278,178,,,
2022-08-10,272,150,,,
2022-08-11,278,144,,,
2022-08-12,278,150,,,
2022-08-13,289,144,,,
2022-08-14,294,144,,,
2022-08-15,328,156,,,
2022-08-16,317,161,,,
2022-08-17,306,178,,,
2022-08-18,233,150,,,
2022-08-19,300,167,,,
2022-08-20,322,167,,,
2022-08-21,322,178,,,
2022-08-22,289,172,,,
2022-08-23,306,150,,,
2022-08-24,306,161,,,
2022-08-25,317,189,,,
2022-08-26,289,172,,,
2022-08-27,283,156,,,
2022-08-28,289,161,,,
2022-08-29,333,189,,,
2022-08-30,328,217,,,
2022-08-31,317,183,,,
2022-09-01,333,206,,,
2022-09-02,322,228,,,
2022-09-03,300,178,,,
2022-09-04,322,183,,,
2022-09-05,344,189,,,
2022-09-06,361,250,,,
2022-09-07,339,222,,,
2022-09-08,306,183,,,
2022-09-09,317,167,,,
2022-09-10,317,183,,,
2022-09-11,267,167,,,
2022-09-12,211,150,,,
2022-09-13,233,117,,,
2022-09-14,217,94,,,
2022-09-15,211,72,,,
2022-09-16,228,83,,,
2022-09-17,178,94,,,
2022-09-18,161,83,,,
2022-09-19,161,56,,,
2022-09-20,133,61,,,
2022-09-21,144,61,,,
2022-09-22,183,56,,,
2022-09-23,244,106,,,
2022-09-24,256,150,,,
2022-09-25,267,172,,,
2022-09-26,283,172,,,
2022-09-27,267,156,,,
2022-09-28,211,122,,,
2022-09-29,183,83,,,
2022-09-30,206,89,,,
2022-10-01,217,100,,,
2022-10-02,244,122,,,
2022-10-03,256,133,,,
2022-10-04,261,150,,,
2022-10-05,267,161,,,
2022-10-06,261,161,,,
2022-10-07,267,150,,,
2022-10-08,261,150,,,
2022-10-09,256,150,,,
2022-10-10,244,128,,,
2022-10-11,228,111,,,
2022-10-12,256,144,,,
2022-10-13,256,161,,,
2022-10-14,244,161,,,
2022-10-15,261,161,,,
2022-10-16,244,122,,,
2022-10-17,239,106,,,
2022-10-18,239,144,,,
2022-10-19,250,150,,,
2022-10-20,239,139,,,
2022-10-21,183,94,,,
2022-10-22,100,-11,,,
2022-10-23,61,-22,,,
2022-10-24,128,0,,,
2022-10-25,111,17,,,
2022-10-26,56,-6,,,
2022-10-27,122,6,,,
2022-10-28,128,39,,,
2022-10-29,156,61,,,
2022-10-30,161,67,,,
2022-10-31,172,56,,,
2022-11-01,61,-33,,,
2022-11-02,0,-50,,,
2022-11-03,50,-56,,,
2022-11-04,33,-6,,,
2022-11-05,33,6,,,
2022-11-06,56,-17,,,
2022-11-07,-6,-50,,,
2022-11-08,6,-28,,,
2022-11-09,-17,-39,,,
2022-11-10,33,-56,,,
2022-11-11,33,-39,,,
2022-11-12,0,-50,,,
2022-11-13,50,-67,,,
2022-11-14,89,-22,,,
2022-11-15,78,-17,,,
2022-11-16,111,0,,,
2022-11-17,106,-6,,,
2022-11-18,22,-83,,,
2022-11-19,78,-50,,,
2022-11-20,89,-11,,,
2022-11-21,89,17,,,
2022-11-22,89,28,,,
2022-11-23,100,0,,,
2022-11-24,111,33,,,
2022-11-25,100,33,,,
2022-11-26,78,0,,,
2022-11-27,78,6,,,
2022-11-28,17,-56,,,
2022-11-29,22,-72,,,
2022-11-30,0,-33,,,
2022-12-01,-17,-72,,,
2022-12-02,-22,-94,,,
2022-12-03,50,-33,,,
2022-12-04,17,-22,,,
2022-12-05,6,-33,,,
2022-12-06,72,-33,,,
2022-12-07,17,-44,,,
2022-12-08,6,-33,,,
2022-12-09,-22,-50,,,
2022-12-10,0,-17,,,
2022-12-11,-17,-44,,,
2022-12-12,-28,-50,,,
2022-12-13,0,-67,,,
2022-12-14,56,-56,,,
2022-12-15,56,-56,,,
2022-12-16,56,-72,,,
2022-12-17,78,-72,,,
2022-12-18,39,-28,,,
2022-12-19,61,-11,,,
2022-12-20,11,-28,,,
2022-12-21,33,6,,,
2022-12-22,50,6,,,
2022-12-23,50,28,,,
2022-12-24,83,22,,,
2022-12-25,133,61,,,
2022-12-26,106,33,,,
2022-12-27,39,-28,,,
2022-12-28,0,-39,,,
2022-12-29,0,-33,,,
2022-12-30,50,-11,,,
2022-12-31,39,-28,,,
2023-01-01,-11,-50,,,
2023-01-02,-6,-61,,,
2023-01-03,-6,-56,,,
2023-01-04,33,-6,,,
2023-01-05,22,-11,,,
2023-01-06,17,-22,,,
2023-01-07,22,6,,,
2023-01-08,17,-17,,,
2023-01-09,28,-6,,,
2023-01-10,17,-17,,,
2023-01-11,28,-17,,,
2023-01-12,89,33,,,
2023-01-13,67,0,,,
2023-01-14,22,-22,,,
2023-01-15,11,-33,,,
2023-01-16,-6,-44,,,
2023-01-17,22,-61,,,
2023-01-18,0,-50,,,
2023-01-19,-11,-72,,,
2023-01-20,28,-89,,,
2023-01-21,72,-50,,,
2023-01-22,-6,-78,,,
2023-01-23,61,-78,,,
2023-01-24,100,-6,,,
2023-01-25,61,-17,,,
2023-01-26,94,-11,,,
2023-01-27,56,-28,,,
2023-01-28,61,-44,,,
2023-01-29,-33,-122,,,
2023-01-30,17,-133,,,
2023-01-31,61,-72,,,
2023-02-01,111,0,,,
2023-02-02,78,22,,,
2023-02-03,39,0,,,
2023-02-04,72,-6,,,
2023-02-05,0,-33,,,
2023-02-06,44,-50,,,
2023-02-07,83,-11,,,
2023-02-08,94,-6,,,
2023-02-09,117,17,,,
2023-02-10,94,6,,,
2023-02-11,50,-22,,,
2023-02-12,111,0,,,
2023-02-13,78,-61,,,
2023-02-14,-39,-100,,,
2023-02-15,33,-89,,,
2023-02-16,39,-72,,,
2023-02-17,61,-28,,,
2023-02-18,56,-11,,,
2023-02-19,94,-6,,,
2023-02-20,106,39,,,
2023-02-21,67,-78,,,
2023-02-22,-44,-94,,,
2023-02-23,-61,-100,,,
2023-02-24,-11,-61,,,
2023-02-25,67,-33,,,
2023-02-26,-22,-56,,,
2023-02-27,-33,-72,,,
2023-02-28,-33,-89,,,
2023-03-01,-33,-106,,,
2023-03-02,61,-72,,,
2023-03-03,11,-56,,,
2023-03-04,-11,-67,,,
2023-03-05,-39,-72,,,
2023-03-06,-22,-83,,,
2023-03-07,-17,-67,,,
2023-03-08,-33,-67,,,
2023-03-09,11,-56,,,
2023-03-10,11,-39,,,
2023-03-11,22,-39,,,
2023-03-12,56,6,,,
2023-03-13,61,6,,,
2023-03-14,50,-28,,,
2023-03-15,61,-67,,,
2023-03-16,56,-39,,,
2023-03-17,78,-11,,,
2023-03-18,100,6,,,
2023-03-19,50,-6,,,
2023-03-20,50,-39,,,
2023-03-21,44,-22,,,
2023-03-22,28,-22,,,
2023-03-23,17,-72,,,
2023-03-24,6,-78,,,
2023-03-25,0,-83,,,
2023-03-26,39,-94,,,
2023-03-27,22,-50,,,
2023-03-28,-11,-50,,,
2023-03-29,39,-56,,,
2023-03-30,56,-50,,,
2023-03-31,28,-17,,,
2023-04-01,22,-17,,,
2023-04-02,22,-67,,,
2023-04-03,-22,-83,,,
2023-04-04,33,-83,,,
2023-04-05,72,-50,,,
2023-04-06,94,-6,,,
2023-04-07,61,0,,,
2023-04-08,100,11,,,
2023-04-09,178,44,,,
2023-04-10,183,89,,,
2023-04-11,111,17,,,
2023-04-12,22,-50,,,
2023-04-13,67,-67,,,
2023-04-14,106,-6,,,
2023-04-15,139,17,,,
2023-04-16,128,28,,,
2023-04-17,67,-39,,,
2023-04-18,17,-56,,,
2023-04-19,50,-39,,,
2023-04-20,100,-28,,,
2023-04-21,111,50,,,
2023-04-22,178,33,,,
2023-04-23,156,67,,,
2023-04-24,139,0,,,
2023-04-25,167,22,,,
2023-04-26,222,94,,,
2023-04-27,233,106,,,
2023-04-28,250,139,,,
2023-04-29,233,128,,,
2023-04-30,206,89,,,
2023-05-01,128,0,,,
2023-05-02,94,-11,,,
2023-05-03,122,0,,,
2023-05-04,89,6,,,
2023-05-05,56,11,,,
2023-05-06,44,0,,,
2023-05-07,61,-6,,,
2023-05-08,39,-6,,,
2023-05-09,122,-6,,,
2023-05-10,144,33,,,
2023-05-11,167,50,,,
2023-05-12,211,100,,,
2023-05-13,228,122,,,
2023-05-14,194,111,,,
2023-05-15,217,106,,,
2023-05-16,233,128,,,
2023-05-17,244,128,,,
2023-05-18,267,144,,,
2023-05-19,283,150,,,
2023-05-20,267,144,,,
2023-05-21,244,111,,,
2023-05-22,211,72,,,
2023-05-23,189,67,,,
2023-05-24,206,67,,,
2023-05-25,200,83,,,
2023-05-26,217,83,,,
2023-05-27,167,78,,,
2023-05-28,178,78,,,
2023-05-29,222,106,,,
2023-05-30,206,94,,,
2023-05-31,206,83,,,
2023-06-01,172,56,,,
2023-06-02,211,67,,,
2023-06-03,250,106,,,
2023-06-04,244,128,,,
2023-06-05,256,144,,,
2023-06-06,233,100,,,
2023-06-07,222,100,,,
2023-06-08,217,94,,,
2023-06-09,200,100,,,
2023-06-10,211,100,,,
2023-06-11,194,111,,,
2023-06-12,222,100,,,
2023-06-13,244,106,,,
2023-06-14,206,94,,,
2023-06-15,200,67,,,
2023-06-16,222,94,,,
2023-06-17,233,133,,,
2023-06-18,178,67,,,
2023-06-19,78,0,,,
2023-06-20,133,-6,,,
2023-06-21,206,56,,,
2023-06-22,206,106,,,
2023-06-23,206,83,,,
2023-06-24,206,94,,,
2023-06-25,228,94,,,
2023-06-26,206,100,,,
2023-06-27,222,106,,,
2023-06-28,250,111,,,
2023-06-29,278,139,,,
2023-06-30,306,172,,,
2023-07-01,322,206,,,
2023-07-02,322,183,,,
2023-07-03,306,194,,,
2023-07-04,300,172,,,
2023-07-05,322,172,,,
2023-07-06,306,156,,,
2023-07-07,289,156,,,
2023-07-08,267,139,,,
2023-07-09,261,128,,,
2023-07-10,256,117,,,
2023-07-11,278,133,,,
2023-07-12,272,161,,,
2023-07-13,289,167,,,
2023-07-14,328,161,,,
2023-07-15,350,200,,,
2023-07-16,356,211,,,
2023-07-17,317,161,,,
2023-07-18,322,189,,,
2023-07-19,317,183,,,
2023-07-20,311,178,,,
2023-07-21,333,189,,,
2023-07-22,344,189,,,
2023-07-23,317,200,,,
2023-07-24,278,167,,,
2023-07-25,283,156,,,
2023-07-26,294,167,,,
2023-07-27,278,150,,,
2023-07-28,278,156,,,
2023-07-29,289,156,,,
2023-07-30,300,172,,,
2023-07-31,300,161,,,
2023-08-01,283,172,,,
2023-08-02,283,156,,,
2023-08-03,278,144,,,
2023-08-04,289,139,,,
2023-08-05,256,117,,,
2023-08-06,250,133,,,
2023-08-07,272,139,,,
2023-08-08,283,150,,,
2023-08-09,261,139,,,
2023-08-10,278,144,,,
2023-08-11,300,150,,,
2023-08-12,317,167,,,
2023-08-13,322,189,,,
2023-08-14,339,194,,,
2023-08-15,333,206,,,
2023-08-16,300,206,,,
2023-08-17,289,194,,,
2023-08-18,294,183,,,
2023-08-19,278,189,,,
2023-08-20,206,156,,,
2023-08-21,167,117,,,
2023-08-22,178,111,,,
2023-08-23,250,122,,,
2023-08-24,272,161,,,
2023-08-25,267,156,,,
2023-08-26,272,150,,,
2023-08-27,283,156,,,
2023-08-28,294,167,,,
2023-08-29,239,122,,,
2023-08-30,250,100,,,
2023-08-31,250,117,,,
2023-09-01,150,100,,,
2023-09-02,133,83,,,
2023-09-03,161,89,,,
2023-09-04,194,83,,,
2023-09-05,233,106,,,
2023-09-06,228,128,,,
2023-09-07,228,122,,,
2023-09-08,244,122,,,
2023-09-09,250,139,,,
2023-09-10,250,133,,,
2023-09-11,261,133,,,
2023-09-12,250,128,,,
2023-09-13,239,111,,,
2023-09-14,267,139,,,
2023-09-15,283,167,,,
2023-09-16,289,178,,,
2023-09-17,289,161,,,
2023-09-18,244,133,,,
2023-09-19,233,117,,,
2023-09-20,178,50,,,
2023-09-21,117,17,,,
2023-09-22,189,33,,,
2023-09-23,189,94,,,
2023-09-24,172,89,,,
2023-09-25,189,67,,,
2023-09-26,144,67,,,
2023-09-27,172,67,,,
2023-09-28,167,28,,,
2023-09-29,144,61,,,
2023-09-30,83,44,,,
2023-10-01,111,17,,,
2023-10-02,133,39,,,
2023-10-03,156,83,,,
2023-10-04,206,67,,,
2023-10-05,239,111,,,
2023-10-06,250,139,,,
2023-10-07,250,156,,,
2023-10-08,244,161,,,
2023-10-09,161,72,,,
2023-10-10,83,39,,,
2023-10-11,78,11,,,
2023-10-12,144,17,,,
2023-10-13,150,50,,,
2023-10-14,167,83,,,
2023-10-15,217,117,,,
2023-10-16,161,94,,,
2023-10-17,200,89,,,
2023-10-18,256,139,,,
2023-10-19,256,156,,,
2023-10-20,250,156,,,
2023-10-21,217,106,,,
2023-10-22,128,67,,,
2023-10-23,144,50,,,
2023-10-24,144,44,,,
2023-10-25,83,-28,,,
2023-10-26,78,-28,,,
2023-10-27,100,0,,,
2023-10-28,44,-61,,,
2023-10-29,117,-11,,,
2023-10-30,172,28,,,
2023-10-31,172,50,,,
2023-11-01,167,89,,,
2023-11-02,122,83,,,
2023-11-03,172,83,,,
2023-11-04,161,72,,,
2023-11-05,122,67,,,
2023-11-06,72,11,,,
2023-11-07,44,0,,,
2023-11-08,83,-17,,,
2023-11-09,83,6,,,
2023-11-10,106,33,,,
2023-11-11,133,39,,,
2023-11-12,128,50,,,
2023-11-13,133,56,,,
2023-11-14,122,61,,,
2023-11-15,139,50,,,
2023-11-16,94,28,,,
2023-11-17,122,39,,,
2023-11-18,61,-6,,,
2023-11-19,0,-28,,,
2023-11-20,83,-33,,,
2023-11-21,117,11,,,
2023-11-22,133,39,,,
2023-11-23,33,-56,,,
2023-11-24,0,-56,,,
2023-11-25,39,-50,,,
2023-11-26,78,-28,,,
2023-11-27,106,-11,,,
2023-11-28,94,-17,,,
2023-11-29,72,11,,,
2023-11-30,11,-28,,,
2023-12-01,-11,-28,,,
2023-12-02,33,-11,,,
2023-12-03,39,33,,,
2023-12-04,128,28,,,
2023-12-05,122,72,,,
2023-12-06,89,-6,,,
2023-12-07,-6,-33,,,
2023-12-08,0,-50,,,
2023-12-09,61,-50,,,
2023-12-10,94,33,,,
2023-12-11,89,17,,,
2023-12-12,72,0,,,
2023-12-13,72,0,,,
2023-12-14,72,0,,,
2023-12-15,100,11,,,
2023-12-16,139,22,,,
2023-12-17,100,61,,,
2023-12-18,67,11,,,
2023-12-19,72,39,,,
2023-12-20,89,39,,,
2023-12-21,111,39,,,
2023-12-22,83,-28,,,
2023-12-23,33,-50,,,
2023-12-24,39,-22,,,
2023-12-25,72,17,,,
2023-12-26,100,28,,,
2023-12-27,78,22,,,
2023-12-28,89,33,,,
2023-12-29,100,22,,,
2023-12-30,50,6,,,
2024-01-01,72,-6,,,
2024-01-02,33,-6,,,
2024-01-03,6,-22,,,
2024-01-04,17,-33,,,
2024-01-05,39,-28,,,
2024-01-06,6,-67,,,
2024-01-07,-33,-67,,,
2024-01-08,0,-83,,,
2024-01-09,-17,-44,,,
2024-01-10,-39,-78,,,
2024-01-11,-44,-83,,,
2024-01-12,-33,-61,,,
2024-01-13,0,-39,,,
2024-01-14,17,-6,,,
2024-01-15,72,-28,,,
2024-01-16,56,-6,,,
2024-01-17,11,0,,,
2024-01-18,67,6,,,
2024-01-19,94,33,,,
2024-01-20,50,0,,,
2024-01-21,50,6,,,
2024-01-22,56,11,,,
2024-01-23,67,6,,,
2024-01-24,33,0,,,
2024-01-25,44,-6,,,
2024-01-26,61,11,,,
2024-01-27,117,44,,,
2024-01-28,167,78,,,
2024-01-29,161,83,,,
2024-01-30,144,78,,,
2024-01-31,83,28,,,
2024-02-01,56,-6,,,
2024-02-02,11,-39,,,
2024-02-03,28,-44,,,
2024-02-04,33,-33,,,
2024-02-05,39,-11,,,
2024-02-06,22,-22,,,
2024-02-07,6,-28,,,
2024-02-08,6,-39,,,
2024-02-09,-6,-39,,,
2024-02-10,67,-44,,,
2024-02-11,78,-28,,,
2024-02-12,100,6,,,
2024-02-13,33,-6,,,
2024-02-14,17,-11,,,
2024-02-15,6,-11,,,
2024-02-16,67,6,,,
2024-02-17,56,0,,,
2024-02-18,61,-6,,,
2024-02-19,44,0,,,
2024-02-20,33,-6,,,
2024-02-21,39,-11,,,
2024-02-22,72,-22,,,
2024-02-23,111,6,,,
2024-02-24,117,17,,,
2024-02-25,106,33,,,
2024-02-26,28,-56,,,
2024-02-27,44,-72,,,
2024-02-28,94,-11,,,
2024-02-29,44,-33,,,
2024-03-01,-11,-44,,,
2024-03-02,-50,-72,,,
2024-03-03,-28,-72,,,
2024-03-04,-22,-72,,,
2024-03-05,6,-22,,,
2024-03-06,22,-11,,,
2024-03-07,44,-44,,,
2024-03-08,78,-33,,,
2024-03-09,28,-6,,,
2024-03-10,61,-17,,,
2024-03-11,22,-17,,,
2024-03-12,44,-17,,,
2024-03-13,39,-44,,,
2024-03-14,67,-50,,,
2024-03-15,100,-6,,,
2024-03-16,133,22,,,
2024-03-17,161,28,,,
2024-03-18,183,72,,,
2024-03-19,167,72,,,
2024-03-20,144,44,,,
2024-03-21,133,33,,,
2024-03-22,106,-6,,,
2024-03-23,33,-17,,,
2024-03-24,44,-22,,,
2024-03-25,72,-11,,,
2024-03-26,83,-11,,,
2024-03-27,44,-11,,,
2024-03-28,17,-22,,,
2024-03-29,28,-28,,,
2024-03-30,67,-11,,,
2024-03-31,72,-17,,,
2024-04-01,133,-22,,,
2024-04-02,178,61,,,
2024-04-03,106,0,,,
2024-04-04,28,-44,,,
2024-04-05,-6,-56,,,
2024-04-06,22,-39,,,
2024-04-07,61,-22,,,
2024-04-08,106,-11,,,
2024-04-09,167,39,,,
2024-04-10,189,61,,,
2024-04-11,178,83,,,
2024-04-12,128,78,,,
2024-04-13,111,-11,,,
2024-04-14,-11,-22,,,
2024-04-15,72,-11,,,
2024-04-16,122,11,,,
2024-04-17,128,11,,,
2024-04-18,156,28,,,
2024-04-19,172,61,,,
2024-04-20,183,83,,,
2024-04-21,189,44,,,
2024-04-22,206,67,,,
2024-04-23,189,72,,,
2024-04-24,117,56,,,
2024-04-25,67,22,,,
2024-04-26,50,6,,,
2024-04-27,111,-6,,,
2024-04-28,139,22,,,
2024-04-29,106,-6,,,
2024-04-30,100,-11,,,
2024-05-01,117,-28,,,
2024-05-02,122,39,,,
2024-05-03,172,11,,,
2024-05-04,89,-28,,,
2024-05-05,0,-39,,,
2024-05-06,61,-6,,,
2024-05-07,83,-22,,,
2024-05-08,100,-17,,,
2024-05-09,178,28,,,
2024-05-10,211,100,,,
2024-05-11,222,128,,,
2024-05-12,239,122,,,
2024-05-13,228,117,,,
2024-05-14,228,111,,,
2024-05-15,228,100,,,
2024-05-16,244,128,,,
2024-05-17,206,83,,,
2024-05-18,217,78,,,
2024-05-19,150,44,,,
2024-05-20,128,11,,,
2024-05-21,189,56,,,
2024-05-22,161,28,,,
2024-05-23,172,6,,,
2024-05-24,178,72,,,
2024-05-25,144,61,,,
2024-05-26,211,56,,,
2024-05-27,256,100,,,
2024-05-28,217,72,,,
2024-05-29,167,33,,,
2024-05-30,206,56,,,
2024-05-31,267,100,,,
2024-06-01,233,128,,,
2024-06-02,183,94,,,
2024-06-03,172,100,,,
2024-06-04,261,100,,,
2024-06-05,300,150,,,
2024-06-06,311,161,,,
2024-06-07,300,167,,,
2024-06-08,294,150,,,
2024-06-09,261,139,,,
2024-06-10,283,117,,,
2024-06-11,300,167,,,
2024-06-12,300,144,,,
2024-06-13,272,156,,,
2024-06-14,244,111,,,
2024-06-15,156,50,,,
2024-06-16,172,39,,,
2024-06-17,161,6,,,
2024-06-18,200,50,,,
2024-06-19,244,89,,,
2024-06-20,278,117,,,
2024-06-21,300,144,,,
2024-06-22,311,167,,,
2024-06-23,294,178,,,
2024-06-24,289,178,,,
2024-06-25,289,167,,,
2024-06-26,261,117,,,
2024-06-27,239,94,,,
2024-06-28,278,100,,,
2024-06-29,267,133,,,
2024-06-30,244,122,,,
2024-07-01,261,128,,,
2024-07-02,278,133,,,
2024-07-03,300,128,,,
2024-07-04,339,183,,,
2024-07-05,339,206,,,
2024-07-06,367,233,,,
2024-07-07,361,239,,,
2024-07-08,356,211,,,
2024-07-09,344,217,,,
2024-07-10,339,206,,,
2024-07-11,344,206,,,
2024-07-12,350,228,,,
2024-07-13,350,233,,,
2024-07-14,272,206,,,
2024-07-15,306,194,,,
2024-07-16,283,194,,,
2024-07-17,294,172,,,
2024-07-18,317,167,,,
2024-07-19,328,172,,,
2024-07-20,367,200,,,
2024-07-21,356,222,,,
2024-07-22,356,217,,,
2024-07-23,344,200,,,
2024-07-24,328,217,,,
2024-07-25,294,183,,,
2024-07-26,289,183,,,
2024-07-27,222,133,,,
2024-07-28,261,128,,,
2024-07-29,250,128,,,
2024-07-30,267,139,,,
2024-07-31,328,161,,,
2024-08-01,339,178,,,
2024-08-02,322,189,,,
2024-08-03,283,194,,,
2024-08-04,328,178,,,
2024-08-05,317,178,,,
2024-08-06,311,189,,,
2024-08-07,306,189,,,
2024-08-08,317,194,,,
2024-08-09,311,189,,,
2024-08-10,300,178,,,
2024-08-11,294,167,,,
2024-08-12,267,150,,,
2024-08-13,256,128,,,
2024-08-14,256,133,,,
2024-08-15,244,117,,,
2024-08-16,256,122,,,
2024-08-17,239,117,,,
2024-08-18,239,100,,,
2024-08-19,250,117,,,
2024-08-20,244,122,,,
2024-08-21,244,128,,,
2024-08-22,228,111,,,
2024-08-23,111,50,,,
2024-08-24,117,44,,,
2024-08-25,206,67,,,
2024-08-26,261,128,,,
2024-08-27,278,161,,,
2024-08-28,289,122,,,
2024-08-29,306,167,,,
2024-08-30,333,183,,,
2024-08-31,322,183,,,
2024-09-01,289,178,,,
2024-09-02,250,144,,,
2024-09-03,278,128,,,
2024-09-04,311,172,,,
2024-09-05,322,194,,,
2024-09-06,322,211,,,
2024-09-07,289,172,,,
2024-09-08,283,156,,,
2024-09-09,272,161,,,
2024-09-10,267,156,,,
2024-09-11,167,72,,,
2024-09-12,178,56,,,
2024-09-13,239,94,,,
2024-09-14,250,139,,,
2024-09-15,144,67,,,
2024-09-16,83,56,,,
2024-09-17,122,67,,,
2024-09-18,178,72,,,
2024-09-19,206,106,,,
2024-09-20,222,106,,,
2024-09-21,211,100,,,
2024-09-22,250,117,,,
2024-09-23,250,144,,,
2024-09-24,283,161,,,
2024-09-25,250,144,,,
2024-09-26,256,122,,,
2024-09-27,289,161,,,
2024-09-28,289,172,,,
2024-09-29,239,117,,,
2024-09-30,239,89,,,
2024-10-01,294,150,,,
2024-10-02,283,172,,,
2024-10-03,283,144,,,
2024-10-04,244,161,,,
2024-10-05,256,144,,,
2024-10-06,261,161,,,
2024-10-07,250,167,,,
2024-10-08,256,144,,,
2024-10-09,239,144,,,
2024-10-10,200,128,,,
2024-10-11,222,122,,,
2024-10-12,156,89,,,
2024-10-13,211,83,,,
2024-10-14,244,117,,,
2024-10-15,222,122,,,
2024-10-16,122,50,,,
2024-10-17,56,-11,,,
2024-10-18,117,-22,,,
2024-10-19,200,56,,,
2024-10-20,172,94,,,
2024-10-21,139,67,,,
2024-10-22,156,61,,,
2024-10-23,133,-11,,,
2024-10-24,144,-11,,,
2024-10-25,172,67,,,
2024-10-26,200,83,,,
2024-10-27,111,17,,,
2024-10-28,50,-6,,,
2024-10-29,56,-17,,,
2024-10-30,67,-11,,,
2024-10-31,17,-17,,,
2024-11-01,39,6,,,
2024-11-02,33,0,,,
2024-11-03,56,-6,,,
2024-11-04,89,-11,,,
2024-11-05,56,-17,,,
2024-11-06,61,-39,,,
2024-11-07,133,6,,,
2024-11-08,178,61,,,
2024-11-09,100,39,,,
2024-11-10,122,44,,,
2024-11-11,61,-11,,,
2024-11-12,28,-17,,,
2024-11-13,39,-6,,,
2024-11-14,44,-22,,,
2024-11-15,0,-50,,,
2024-11-16,22,-67,,,
2024-11-17,33,-28,,,
2024-11-18,0,-44,,,
2024-11-19,6,-44,,,
2024-11-20,33,-17,,,
2024-11-21,72,11,,,
2024-11-22,72,0,,,
2024-11-23,0,-22,,,
2024-11-24,28,-33,,,
2024-11-25,33,0,,,
2024-11-26,0,-39,,,
2024-11-27,67,-56,,,
2024-11-28,83,-33,,,
2024-11-29,128,-6,,,
2024-11-30,156,28,,,
2024-12-01,139,39,,,
2024-12-02,150,50,,,
2024-12-03,150,56,,,
2024-12-04,144,50,,,
2024-12-05,122,50,,,
2024-12-06,128,44,,,
2024-12-07,128,28,,,
2024-12-08,56,-17,,,
2024-12-09,44,-33,,,
2024-12-10,78,-6,,,
2024-12-11,56,0,,,
2024-12-12,33,-28,,,
2024-12-13,11,-17,,,
2024-12-14,6,-28,,,
2024-12-15,6,-33,,,
2024-12-16,0,-22,,,
2024-12-17,61,-6,,,
2024-12-18,106,56,,,
2024-12-19,139,50,,,
2024-12-20,111,78,,,
2024-12-21,78,0,,,
2024-12-22,78,11,,,
2024-12-23,78,33,,,
2024-12-24,78,-28,,,
2024-12-25,-6,-44,,,
2024-12-26,0,-22,,,
2024-12-27,39,17,,,
2024-12-28,61,33,,,
2024-12-29,56,-39,,,
2024-12-30,17,-50,,,
2024-12-31,22,-56,,,
2025-01-01,6,-17,,,
2025-01-02,78,6,,,
2025-01-03,78,-22,,,
2025-01-04,0,-22,,,
2025-01-05,61,0,,,
2025-01-06,33,-6,,,
2025-01-07,39,-33,,,
2025-01-08,89,-6,,,
2025-01-09,94,11,,,
2025-01-10,83,-17,,,
2025-01-11,22,-44,,,
2025-01-12,17,-61,,,
2025-01-13,28,-50,,,
2025-01-14,100,-6,,,
2025-01-15,128,33,,,
2025-01-16,89,17,,,
2025-01-17,67,6,,,
2025-01-18,78,-22,,,
2025-01-19,61,-44,,,
2025-01-20,50,-67,,,
2025-01-21,83,-6,,,
2025-01-22,111,11,,,
2025-01-23,128,22,,,
2025-01-24,78,-44,,,
2025-01-25,-17,-94,,,
2025-01-26,11,-83,,,
2025-01-27,56,-50,,,
2025-01-28,78,-11,,,
2025-01-29,106,0,,,
2025-01-30,111,0,,,
2025-01-31,0,-17,,,
2025-02-01,6,0,,,
2025-02-02,50,0,,,
2025-02-03,39,0,,,
2025-02-04,33,-39,,,
2025-02-05,-33,-83,,,
2025-02-06,0,-50,,,
2025-02-07,-6,-67,,,
2025-02-08,6,-83,,,
2025-02-09,39,-78,,,
2025-02-10,33,-83,,,
2025-02-11,-17,-106,,,
2025-02-12,44,-100,,,
2025-02-13,28,-22,,,
2025-02-14,0,-50,,,
2025-02-15,44,-50,,,
2025-02-16,22,-17,,,
2025-02-17,11,-11,,,
2025-02-18,56,-28,,,
2025-02-19,50,-11,,,
2025-02-20,78,-33,,,
2025-02-21,106,0,,,
2025-02-22,117,39,,,
2025-02-23,61,39,,,
2025-02-24,111,6,,,
2025-02-25,83,-6,,,
2025-02-26,144,17,,,
2025-02-27,167,50,,,
2025-02-28,183,67,,,
2025-03-01,161,44,,,
2025-03-02,22,-17,,,
2025-03-03,50,-28,,,
2025-03-04,39,-6,,,
2025-03-05,22,-22,,,
2025-03-06,33,-33,,,
2025-03-07,61,-56,,,
2025-03-08,133,-6,,,
2025-03-09,106,0,,,
2025-03-10,122,22,,,
2025-03-11,106,22,,,
2025-03-12,50,-39,,,
2025-03-13,6,-56,,,
2025-03-14,-11,-67,,,
2025-03-15,6,-39,,,
2025-03-16,56,-11,,,
2025-03-17,11,-44,,,
2025-03-18,28,-61,,,
2025-03-19,72,-39,,,
2025-03-20,28,-33,,,
2025-03-21,11,-17,,,
2025-03-22,83,6,,,
2025-03-23,156,28,,,
2025-03-24,194,78,,,
2025-03-25,222,106,,,
2025-03-26,183,61,,,
2025-03-27,83,22,,,
2025-03-28,33,-17,,,
2025-03-29,78,-22,,,
2025-03-30,83,0,,,
2025-03-31,-6,-44,,,
2025-04-01,0,-44,,,
2025-04-02,39,-39,,,
2025-04-03,61,-33,,,
2025-04-04,94,-28,,,
2025-04-05,150,22,,,
2025-04-06,150,56,,,
2025-04-07,83,39,,,
2025-04-08,117,28,,,
2025-04-09,167,44,,,
2025-04-10,189,89,,,
2025-04-11,156,56,,,
2025-04-12,111,17,,,
2025-04-13,150,6,,,
2025-04-14,211,67,,,
2025-04-15,228,122,,,
2025-04-16,189,67,,,
2025-04-17,122,6,,,
2025-04-18,117,-11,,,
2025-04-19,161,56,,,
2025-04-20,161,50,,,
2025-04-21,167,28,,,
2025-04-22,183,50,,,
2025-04-23,139,33,,,
2025-04-24,172,44,,,
2025-04-25,72,11,,,
2025-04-26,61,0,,,
2025-04-27,56,0,,,
2025-04-28,156,0,,,
2025-04-29,156,61,,,
2025-04-30,161,44,,,
2025-05-01,217,89,,,
2025-05-02,200,94,,,
2025-05-03,144,22,,,
2025-05-04,111,6,,,
2025-05-05,156,0,,,
2025-05-06,172,28,,,
2025-05-07,194,83,,,
2025-05-08,211,89,,,
2025-05-09,228,122,,,
2025-05-10,228,128,,,
2025-05-11,161,39,,,
2025-05-12,33,-6,,,
2025-05-13,89,-6,,,
2025-05-14,133,22,,,
2025-05-15,167,22,,,
2025-05-16,172,56,,,
2025-05-17,117,28,,,
2025-05-18,133,0,,,
2025-05-19,156,44,,,
2025-05-20,178,39,,,
2025-05-21,211,61,,,
2025-05-22,194,72,,,
2025-05-23,200,67,,,
2025-05-24,239,94,,,
2025-05-25,222,100,,,
2025-05-26,200,94,,,
2025-05-27,261,94,,,
2025-05-28,272,122,,,
2025-05-29,256,122,,,
2025-05-30,311,144,,,
2025-05-31,300,150,,,
2025-06-01,222,117,,,
2025-06-02,244,78,,,
2025-06-03,228,100,,,
2025-06-04,222,89,,,
2025-06-05,256,100,,,
2025-06-06,283,139,,,
2025-06-07,294,144,,,
2025-06-08,306,183,,,
2025-06-09,306,178,,,
2025-06-10,289,178,,,
2025-06-11,272,150,,,
2025-06-12,244,128,,,
2025-06-13,217,106,,,
2025-06-14,233,94,,,
2025-06-15,244,122,,,
2025-06-16,239,117,,,
2025-06-17,283,106,,,
2025-06-18,283,156,,,
2025-06-19,261,100,,,
2025-06-20,128,22,,,
2025-06-21,122,11,,,
2025-06-22,172,17,,,
2025-06-23,233,89,,,
2025-06-24,267,139,,,
2025-06-25,261,139,,,
2025-06-26,267,122,,,
2025-06-27,278,133,,,
2025-06-28,289,133,,,
2025-06-29,322,161,,,
2025-06-30,317,189,,,
2025-07-01,306,150,,,
2025-07-02,289,128,,,
2025-07-03,272,144,,,
2025-07-04,217,117,,,
2025-07-05,261,106,,,
2025-07-06,294,133,,,
2025-07-07,322,172,,,
2025-07-08,289,167,,,
2025-07-09,267,133,,,
2025-07-10,300,156,,,
2025-07-11,317,172,,,
2025-07-12,339,189,,,
2025-07-13,339,194,,,
2025-07-14,361,200,,,
2025-07-15,311,183,,,
2025-07-16,311,172,,,
2025-07-17,289,150,,,
2025-07-18,294,156,,,
2025-07-19,294,161,,,
2025-07-20,283,161,,,
2025-07-21,239,133,,,
2025-07-22,261,111,,,
2025-07-23,294,117,,,
2025-07-24,283,122,,,
2025-07-25,272,117,,,
2025-07-26,233,106,,,
2025-07-27,256,122,,,
2025-07-28,283,139,,,
2025-07-29,289,144,,,
2025-07-30,289,156,,,
2025-07-31,250,150,,,
2025-08-01,267,144,,,
2025-08-02,272,144,,,
2025-08-03,272,150,,,
2025-08-04,250,117,,,
2025-08-05,261,133,,,
2025-08-06,267,144,,,
2025-08-07,267,122,,,
2025-08-08,283,133,,,
2025-08-09,311,161,,,
2025-08-10,333,194,,,
2025-08-11,344,211,,,
2025-08-12,356,206,,,
2025-08-13,311,189,,,
2025-08-14,289,161,,,
2025-08-15,278,133,,,
2025-08-16,261,139,,,
2025-08-17,256,128,,,
2025-08-18,250,111,,,
2025-08-19,267,122,,,
2025-08-20,283,139,,,
2025-08-21,333,161,,,
2025-08-22,344,194,,,
2025-08-23,333,217,,,
2025-08-24,289,167,,,
2025-08-25,278,156,,,
2025-08-26,283,139,,,
2025-08-27,256,150,,,
2025-08-28,272,156,,,
2025-08-29,278,178,,,
2025-08-30,294,178,,,
2025-08-31,294,178,,,
2025-09-01,289,178,,,
2025-09-02,306,183,,,
2025-09-03,272,150,,,
2025-09-04,294,183,,,
2025-09-05,294,172,,,
2025-09-06,256,133,,,
2025-09-07,228,117,,,
2025-09-08,228,117,,,
2025-09-09,194,106,,,
2025-09-10,172,78,,,
2025-09-11,122,78,,,
2025-09-12,200,94,,,
2025-09-13,233,122,,,
2025-09-14,211,122,,,
2025-09-15,256,100,,,
2025-09-16,283,150,,,
2025-09-17,283,167,,,
2025-09-18,294,161,,,
2025-09-19,233,133,,,
2025-09-20,239,117,,,
2025-09-21,217,128,,,
2025-09-22,239,100,,,
2025-09-23,294,139,,,
2025-09-24,294,150,,,
2025-09-25,261,144,,,
2025-09-26,228,117,,,
2025-09-27,272,144,,,
2025-09-28,228,100,,,
2025-09-29,161,72,,,
2025-09-30,111,67,,,
2025-10-01,139,72,,,
2025-10-02,139,67,,,
2025-10-03,89,56,,,
2025-10-04,122,33,,,
2025-10-05,150,44,,,
2025-10-06,189,72,,,
2025-10-07,211,94,,,
2025-10-08,194,106,,,
2025-10-09,178,67,,,
2025-10-10,122,22,,,
2025-10-11,72,22,,,
2025-10-12,111,17,,,
2025-10-13,89,22,,,
2025-10-14,111,17,,,
2025-10-15,89,11,,,
2025-10-16,139,22,,,
2025-10-17,189,72,,,
2025-10-18,206,83,,,
2025-10-19,122,44,,,
2025-10-20,178,22,,,
2025-10-21,211,78,,,
2025-10-22,211,83,,,
2025-10-23,194,83,,,
2025-10-24,144,72,,,
2025-10-25,78,17,,,
2025-10-26,17,0,,,
2025-10-27,89,-11,,,
2025-10-28,178,44,,,
2025-10-29,178,89,,,
2025-10-30,161,83,,,
2025-10-31,189,94,,,
2025-11-01,178,111,,,
2025-11-02,156,83,,,
2025-11-03,150,61,,,
2025-11-04,106,50,,,
2025-11-05,94,33,,,
2025-11-06,78,39,,,
2025-11-07,106,50,,,
2025-11-08,178,67,,,
2025-11-09,194,100,,,
2025-11-10,178,111,,,
2025-11-11,161,111,,,
2025-11-12,150,94,,,
2025-11-13,106,39,,,
2025-11-14,122,22,,,
2025-11-15,144,61,,,
2025-11-16,94,39,,,
2025-11-17,50,6,,,
2025-11-18,94,11,,,
2025-11-19,44,6,,,
2025-11-20,44,6,,,
2025-11-21,89,0,,,
2025-11-22,117,39,,,
2025-11-23,106,28,,,
2025-11-24,61,17,,,
2025-11-25,111,22,,,
2025-11-26,150,67,,,
2025-11-27,139,67,,,
2025-11-28,100,28,,,
2025-11-29,100,17,,,
2025-11-30,61,6,,,
2025-12-01,106,-6,,,
2025-12-02,72,-11,,,
2025-12-03,39,-33,,,
2025-12-04,94,6,,,
2025-12-05,83,44,,,
2025-12-06,106,33,,,
2025-12-07,106,50,,,
2025-12-08,117,44,,,
2025-12-09,133,72,,,
2025-12-10,172,83,,,
2025-12-11,167,100,,,
2025-12-12,172,94,,,
2025-12-13,172,94,,,
2025-12-14,144,61,,,
2025-12-15,128,94,,,
2025-12-16,89,72,,,
2025-12-17,83,28,,,
2025-12-18,78,33,,,
2025-12-19,44,33,,,
2025-12-20,56,33,,,
2025-12-21,72,44,,,
2025-12-22,78,33,,,
2025-12-23,100,39,,,
2025-12-24,67,17,,,
2025-12-25,22,-11,,,
2025-12-26,11,-33,,,
2025-12-27,17,-44,,,
2025-12-28,56,-39,,,
2025-12-29,94,-17,,,
2025-12-30,122,28,,,
2025-12-31,94,39,,,
2026-01-01,67,22,,,
2026-01-02,72,39,,,
2026-01-03,56,6,,,
2026-01-04,28,0,,,
2026-01-05,22,-6,,,
2026-01-06,22,0,,,
2026-01-07,6,-50,,,
2026-01-08,-22,-61,,,
2026-01-09,61,-61,,,
2026-01-10,78,-11,,,
2026-01-11,117,6,,,
2026-01-12,133,39,,,
2026-01-13,167,67,,,
2026-01-14,178,83,,,
2026-01-15,167,78,,,
2026-01-16,144,50,,,
2026-01-17,139,56,,,
2026-01-18,128,67,,,
2026-01-19,122,39,,,
2026-01-20,117,33,,,
2026-01-21,139,50,,,
2026-01-22,122,44,,,
2026-01-23,72,-22,,,
2026-01-24,56,-22,,,
2026-01-25,100,-6,,,
2026-01-26,83,6,,,
2026-01-27,78,6,,,
2026-01-28,67,-11,,,
2026-01-29,106,17,,,
2026-01-30,122,78,,,
2026-01-31,144,89,,,
2026-02-01,117,44,,,
2026-02-02,128,44,,,
2026-02-03,161,56,,,
2026-02-04,183,72,,,
2026-02-05,178,61,,,
2026-02-06,144,72,,,
2026-02-07,111,56,,,
2026-02-08,72,0,,,
2026-02-09,56,-17,,,
2026-02-10,89,0,,,
2026-02-11,61,6,,,
2026-02-12,67,11,,,
2026-02-13,94,11,,,
2026-02-14,72,17,,,
2026-02-15,89,17,,,
2026-02-16,17,-50,,,
2026-02-17,-17,-67,,,
2026-02-18,-33,-83,,,
2026-02-19,-28,-72,,,
2026-02-20,-17,-83,,,
2026-02-21,11,-56,,,
2026-02-22,56,0,,,
2026-02-23,89,22,,,
2026-02-24,56,22,,,
2026-02-25,106,44,,,
2026-02-26,122,44,,,
2026-02-27,167,72,,,
2026-02-28,144,61,,,
2026-03-01,106,28,,,
2026-03-02,89,22,,,
2026-03-03,139,33,,,
2026-03-04,67,-17,,,
2026-03-05,44,-22,,,
2026-03-06,94,-33,,,
2026-03-07,139,11,,,
2026-03-08,189,56,,,
2026-03-09,139,33,,,
2026-03-10,100,11,,,
2026-03-11,133,11,,,
2026-03-12,178,72,,,
2026-03-13,167,83,,,
2026-03-14,133,50,,,
2026-03-15,161,33,,,
2026-03-16,217,100,,,
2026-03-17,233,122,,,
2026-03-18,239,128,,,
2026-03-19,233,122,,,
2026-03-20,250,144,,,
2026-03-21,194,78,,,
2026-03-22,206,44,,,
2026-03-23,167,83,,,
2026-03-24,183,89,,,
2026-03-25,161,28,,,
2026-03-26,128,-6,,,
2026-03-27,194,61,,,
2026-03-28,194,94,,,
2026-03-29,172,83,,,
2026-03-30,144,83,,,
2026-03-31,83,22,,,
2026-04-01,39,-22,,,
2026-04-02,44,-39,,,
2026-04-03,139,-17,,,
2026-04-04,183,61,,,
2026-04-05,200,89,,,
2026-04-06,194,89,,,
2026-04-07,183,89,,,
2026-04-08,183,78,,,
2026-04-09,178,72,,,
2026-04-10,100,28,,,
2026-04-11,67,-6,,,
2026-04-12,61,-11,,,
2026-04-13,78,-17,,,
2026-04-14,100,11,,,
2026-04-15,67,-33,,,
2026-04-16,39,-67,,,
2026-04-17,133,-28,,,
2026-04-18,178,44,,,
2026-04-19,167,72,,,
2026-04-20,156,44,,,
2026-04-21,67,-6,,,
2026-04-22,61,-17,,,
2026-04-23,144,-6,,,
2026-04-24,167,33,,,
2026-04-25,128,11,,,
2026-04-26,44,6,,,
2026-04-27,94,6,,,
2026-04-28,133,22,,,
2026-04-29,178,50,,,
2026-04-30,194,83,,,
2026-05-01,211,106,,,
2026-05-02,189,111,,,
2026-05-03,200,72,,,
2026-05-04,161,56,,,
2026-05-05,206,50,,,
2026-05-06,228,56,,,
2026-05-07,217,106,,,
2026-05-08,217,100,,,
2026-05-09,261,100,,,
2026-05-10,256,139,,,
2026-05-11,272,122,,,
2026-05-12,256,133,,,
2026-05-13,167,78,,,
2026-05-14,217,72,,,
2026-05-15,183,61,,,
2026-05-16,111,17,,,
2026-05-17,100,-6,,,
2026-05-18,156,11,,,
2026-05-19,206,56,,,
2026-05-20,228,83,,,
2026-05-21,228,106,,,
2026-05-22,256,128,,,
2026-05-23,244,139,,,
2026-05-24,250,111,,,
2026-05-25,206,61,,,
2026-05-26,83,6,,,
2026-05-27,94,22,,,
2026-05-28,128,44,,,
2026-05-29,100,44,,,
2026-05-30,167,61,,,
2026-05-31,200,50,,,
2026-06-01,233,106,,,
2026-06-02,250,133,,,
2026-06-03,233,117,,,
2026-06-04,250,89,,,
2026-06-05,250,106,,,
2026-06-06,200,56,,,
2026-06-07,189,33,,,
2026-06-08,133,78,,,
2026-06-09,194,72,,,
2026-06-10,211,83,,,
2026-06-11,261,100,,,
2026-06-12,289,139,,,
2026-06-13,278,144,,,
2026-06-14,294,156,,,
2026-06-15,317,172,,,
2026-06-16,322,183,,,
2026-06-17,311,183,,,
2026-06-18,311,167,,,
2026-06-19,200,133,,,
2026-06-20,244,111,,,
2026-06-21,272,128,,,
2026-06-22,311,144,,,
2026-06-23,294,156,,,
2026-06-24,283,161,,,
2026-06-25,267,139,,,
2026-06-26,172,94,,,
2026-06-27,156,44,,,
2026-06-28,150,22,,,
2026-06-29,194,67,,,
2026-06-30,228,83,,,
2026-07-01,233,72,,,
2026-07-02,261,106,,,
2026-07-03,283,128,,,
2026-07-04,311,156,,,
2026-07-05,278,167,,,
2026-07-06,289,150,,,
2026-07-07,294,156,,,
2026-07-08,294,144,,,
2026-07-09,306,150,,,
2026-07-10,289,178,,,
2026-07-11,311,172,,,
2026-07-12,272,172,,,
2026-07-13,294,178,,,
2026-07-14,261,172,,,
2026-07-15,294,172,,,
2026-07-16,289,183,,,
2026-07-17,300,161,,,
2026-07-18,300,178,,,
2026-07-19,300,178,,,
2026-07-20,278,183,,,
2026-07-21,278,189,,,
2026-07-22,300,167,,,
2026-07-23,300,144,,,
2026-07-24,311,172,,,
2026-07-25,283,172,,,
2026-07-26,278,156,,,
2026-07-27,283,156,,,
2026-07-28,289,150,,,
2026-07-29,294,161,,,
2026-07-30,306,178,,,
2026-07-31,317,167,,,
2026-08-01,322,189,,,
2026-08-02,306,128,,,
2026-08-03,306,139,,,
2026-08-04,333,183,,,
2026-08-05,333,200,,,
2026-08-06,339,194,,,
2026-08-07,344,211,,,
2026-08-08,350,217,,,
2026-08-09,344,183,,,
2026-08-10,328,183,,,
2026-08-11,311,189,,,
2026-08-12,294,156,,,
2026-08-13,267,139,,,
2026-08-14,256,111,,,
2026-08-15,261,117,,,
2026-08-16,283,139,,,
2026-08-17,278,178,,,
2026-08-18,294,172,,,
2026-08-19,322,167,,,
2026-08-20,311,178,,,
2026-08-21,278,189,,,
2026-08-22,278,156,,,
2026-08-23,272,139,,,
2026-08-24,289,183,,,
2026-08-25,267,183,,,
2026-08-26,289,178,,,
2026-08-27,283,172,,,
2026-08-28,244,139,,,
2026-08-29,239,122,,,
2026-08-30,261,106,,,
2026-08-31,261,133,,,
2026-09-01,183,67,,,
2026-09-02,117,72,,,
2026-09-03,94,67,,,
