DATE,TMAX,TMIN,PRCP,SNWD,SNOW
2003-06-24,294,150,,,
2003-06-25,311,189,,,
2003-06-26,211,211,,,
2003-07-02,267,222,,,
2003-07-03,289,283,,,
2003-07-12,300,122,,,
2003-07-13,289,89,,,
2003-07-14,339,67,,,
2003-07-15,317,94,,,
2003-07-16,339,106,,,
2003-07-17,372,89,,,
2003-07-18,372,106,,,
2003-07-19,372,100,,,
2003-07-20,394,122,,,
2003-07-21,383,161,,,
2003-07-22,389,150,,,
2003-07-23,394,161,,,
2003-07-24,344,211,,,
2003-07-25,339,150,,,
2003-07-26,361,111,,,
2003-07-27,389,106,,,
2003-07-28,394,117,,,
2003-07-29,411,122,,,
2003-07-30,417,150,,,
2003-07-31,372,156,,,
2003-08-01,322,183,,,
2003-08-02,233,167,,,
2003-08-03,294,156,,,
2003-08-04,289,117,,,
2003-08-05,233,133,,,
2003-08-06,233,139,,,
2003-08-07,267,106,,,
2003-08-08,267,83,,,
2003-08-09,278,94,,,
2003-08-10,272,72,,,
2003-08-11,272,72,,,
2003-08-12,289,39,,,
2003-08-13,317,83,,,
2003-08-14,317,50,,,
2003-08-15,317,50,,,
2003-08-16,339,61,,,
2003-08-17,356,78,,,
2003-08-18,383,89,,,
2003-08-19,356,106,,,
2003-08-20,356,89,,,
2003-08-21,339,100,,,
2003-08-22,256,94,,,
2003-08-23,300,89,,,
2003-08-24,333,83,,,
2003-08-25,356,72,,,
2003-08-26,328,94,,,
2003-08-27,328,72,,,
2003-08-28,294,78,,,
2003-08-29,344,44,,,
2003-08-30,367,78,,,
2003-08-31,372,94,,,
2003-09-01,389,94,,,
2003-09-02,383,89,,,
2003-09-03,311,100,,,
2003-09-04,367,122,,,
2003-09-05,328,106,,,
2003-09-06,300,67,,,
2003-09-07,222,67,,,
2003-09-08,250,17,,,
2003-09-09,178,67,,,
2003-09-10,267,56,,,
2003-09-11,328,78,,,
2003-09-12,333,89,,,
2003-09-13,350,89,,,
2003-09-14,339,44,,,
2003-09-15,289,44,,,
2003-09-16,228,6,,,
2003-09-17,267,33,,,
2003-09-18,311,17,,,
2003-09-19,317,44,,,
2003-09-20,367,50,,,
2003-09-21,383,39,,,
2003-09-22,383,56,,,
2003-09-23,378,50,,,
2003-09-24,378,56,,,
2003-09-25,389,78,,,
2003-09-26,394,50,,,
2003-09-27,356,56,,,
2003-09-28,350,44,,,
2003-09-29,250,61,,,
2003-09-30,278,17,,,
2003-10-01,278,44,,,
2003-10-02,289,33,,,
2003-10-03,311,44,,,
2003-10-04,289,94,,,
2003-10-05,272,39,,,
2003-10-06,294,28,,,
2003-10-07,289,39,,,
2003-10-08,250,28,,,
2003-10-09,194,28,,,
2003-10-10,217,-11,,,
2003-10-11,244,-11,,,
2003-10-12,244,6,,,
2003-10-13,289,-28,,,
2003-10-14,250,-11,,,
2003-10-15,217,-17,,,
2003-10-16,244,11,,,
2003-10-17,267,0,,,
2003-10-18,267,0,,,
2003-10-19,256,39,,,
2003-10-20,300,39,,,
2003-10-21,322,0,,,
2003-10-22,239,17,,,
2003-10-23,278,22,,,
2003-10-24,311,-11,,,
2003-10-25,328,50,,,
2003-10-26,356,28,,,
2003-10-27,339,17,,,
2003-10-28,350,39,,,
2003-10-29,194,0,,,
2003-10-30,128,-39,,,
2003-10-31,111,-33,,,
2003-11-01,144,-78,,,
2003-11-02,56,-17,,,
2003-11-03,117,0,,,
2003-11-04,106,-6,,,
2003-11-05,150,17,,,
2003-11-06,94,33,,,
2003-11-07,106,56,,,
2003-11-08,94,50,,,
2003-11-09,78,39,,,
2003-11-10,144,17,,,
2003-11-11,167,0,,,
2003-11-12,194,6,,,
2003-11-13,178,-22,,,
2003-11-14,89,39,,,
2003-11-15,67,17,,,
2003-11-16,83,44,,,
2003-11-17,144,44,,,
2003-11-18,206,6,,,
2003-11-19,161,22,,,
2003-11-20,128,0,,,
2003-11-21,78,-28,,,
2003-11-22,100,-50,,,
2003-11-23,144,-50,,,
2003-11-24,106,-33,,,
2003-11-25,50,-50,,,
2003-11-26,100,-17,,,
2003-11-27,89,-50,,,
2003-11-28,100,22,,,
2003-11-29,78,56,,,
2003-11-30,100,56,,,
2003-12-01,78,44,,,
2003-12-02,128,50,,,
2003-12-03,150,44,,,
2003-12-04,100,22,,,
2003-12-05,100,72,,,
2003-12-06,100,56,,,
2003-12-07,67,17,,,
2003-12-08,111,0,,,
2003-12-09,56,11,,,
2003-12-10,61,0,,,
2003-12-11,61,0,,,
2003-12-12,72,17,,,
2003-12-13,89,0,,,
2003-12-14,61,0,,,
2003-12-15,78,-11,,,
2003-12-16,89,-6,,,
2003-12-17,100,-17,,,
2003-12-18,128,-33,,,
2003-12-19,56,0,,,
2003-12-20,89,39,,,
2003-12-21,117,6,,,
2003-12-22,100,0,,,
2003-12-23,72,6,,,
2003-12-24,72,22,,,
2003-12-25,56,-22,,,
2003-12-26,56,-28,,,
2003-12-27,61,-44,,,
2003-12-28,22,-17,,,
2003-12-29,33,0,,,
2003-12-30,106,-22,,,
2003-12-31,56,0,,,
2004-01-01,28,0,,,
2004-01-02,44,-44,,,
2004-01-03,33,-61,,,
2004-01-04,78,-22,,,
2004-01-05,89,-28,,,
2004-01-06,56,0,,,
2004-01-07,72,0,,,
2004-01-08,56,17,,,
2004-01-09,56,6,,,
2004-01-10,94,0,,,
2004-01-11,122,0,,,
2004-01-12,67,0,,,
2004-01-13,139,17,,,
2004-01-14,94,33,,,
2004-01-15,144,28,,,
2004-01-16,128,0,,,
2004-01-17,144,0,,,
2004-01-18,139,33,,,
2004-01-19,122,11,,,
2004-01-20,133,-17,,,
2004-01-21,167,-33,,,
2004-01-22,167,-56,,,
2004-01-23,67,-44,,,
2004-01-24,89,-17,,,
2004-01-25,78,-44,,,
2004-01-26,56,-11,,,
2004-01-27,61,28,,,
2004-01-28,78,6,,,
2004-01-29,139,6,,,
2004-01-30,72,-6,,,
2004-01-31,94,-22,,,
2004-02-01,67,11,,,
2004-02-02,56,6,,,
2004-02-03,78,0,,,
2004-02-04,117,11,,,
2004-02-05,161,0,,,
2004-02-06,89,0,,,
2004-02-07,78,-17,,,
2004-02-08,156,-39,,,
2004-02-09,167,-28,,,
2004-02-10,206,-33,,,
2004-02-11,217,-44,,,
2004-02-12,206,-50,,,
2004-02-13,89,-22,,,
2004-02-14,100,28,,,
2004-02-15,72,33,,,
2004-02-16,106,39,,,
2004-02-17,106,56,,,
2004-02-18,111,6,,,
2004-02-19,139,0,,,
2004-02-20,139,11,,,
2004-02-21,83,11,,,
2004-02-22,89,22,,,
2004-02-23,117,33,,,
2004-02-24,100,0,,,
2004-02-25,78,17,,,
2004-02-26,33,0,,,
2004-02-27,89,0,,,
2004-02-28,122,-6,,,
2004-02-29,122,6,,,
2004-03-01,72,0,,,
2004-03-02,139,-11,,,
2004-03-03,111,-22,,,
2004-03-04,144,-17,,,
2004-03-05,117,-11,,,
2004-03-06,206,28,,,
2004-03-07,250,0,,,
2004-03-08,261,6,,,
2004-03-09,250,17,,,
2004-03-10,261,6,,,
2004-03-11,267,-6,,,
2004-03-12,250,0,,,
2004-03-13,261,0,,,
2004-03-14,244,22,,,
2004-03-15,261,0,,,
2004-03-16,267,0,,,
2004-03-17,278,6,,,
2004-03-18,233,22,,,
2004-03-19,239,6,,,
2004-03-20,283,-6,,,
2004-03-21,250,17,,,
2004-03-22,256,28,,,
2004-03-23,194,33,,,
2004-03-24,111,28,,,
2004-03-25,56,6,,,
2004-03-26,56,0,,,
2004-03-27,172,22,,,
2004-03-28,261,11,,,
2004-03-29,239,6,,,
2004-03-30,128,0,,,
2004-03-31,150,-11,,,
2004-04-01,172,-28,,,
2004-04-02,200,39,,,
2004-04-03,233,0,,,
2004-04-04,222,6,,,
2004-04-05,144,56,,,
2004-04-06,183,17,,,
2004-04-07,222,11,,,
2004-04-08,261,11,,,
2004-04-09,278,28,,,
2004-04-10,300,17,,,
2004-04-11,261,0,,,
2004-04-12,200,6,,,
2004-04-13,94,44,,,
2004-04-14,100,17,,,
2004-04-15,106,11,,,
2004-04-16,128,28,,,
2004-04-17,117,17,,,
2004-04-18,78,11,,,
2004-04-19,83,39,,,
2004-04-20,83,50,,,
2004-04-21,122,6,,,
2004-04-22,222,-11,,,
2004-04-23,233,0,,,
2004-04-24,283,22,,,
2004-04-25,300,39,,,
2004-04-26,306,39,,,
2004-04-27,300,28,,,
2004-04-28,244,17,,,
2004-04-29,272,33,,,
2004-04-30,278,11,,,
2004-05-01,289,39,,,
2004-05-02,300,28,,,
2004-05-03,306,50,,,
2004-05-04,244,39,,,
2004-05-05,211,61,,,
2004-05-06,217,44,,,
2004-05-07,139,50,,,
2004-05-08,178,33,,,
2004-05-09,200,28,,,
2004-05-10,156,44,,,
2004-05-11,161,17,,,
2004-05-12,233,6,,,
2004-05-13,261,22,,,
2004-05-14,250,28,,,
2004-05-15,222,56,,,
2004-05-16,222,11,,,
2004-05-17,161,22,,,
2004-05-18,150,39,,,
2004-05-19,211,56,,,
2004-05-20,228,78,,,
2004-05-21,233,94,,,
2004-05-22,206,61,,,
2004-05-23,239,6,,,
2004-05-24,239,44,,,
2004-05-25,272,39,,,
2004-05-26,306,61,,,
2004-05-27,222,106,,,
2004-05-28,139,22,,,
2004-05-29,239,6,,,
2004-05-30,289,33,,,
2004-05-31,300,67,,,
2004-06-01,289,39,,,
2004-06-02,311,33,,,
2004-06-03,289,56,,,
2004-06-04,294,39,,,
2004-06-05,261,61,,,
2004-06-06,228,61,,,
2004-06-07,167,28,,,
2004-06-08,211,6,,,
2004-06-09,228,28,,,
2004-06-10,244,44,,,
2004-06-11,250,28,,,
2004-06-12,283,39,,,
2004-06-13,272,61,,,
2004-06-14,311,56,,,
2004-06-15,339,56,,,
2004-06-16,344,83,,,
2004-06-17,344,89,,,
2004-06-18,300,89,,,
2004-06-19,300,50,,,
2004-06-20,306,44,,,
2004-06-21,317,56,,,
2004-06-22,306,94,,,
2004-06-23,300,94,,,
2004-06-24,294,78,,,
2004-06-25,289,67,,,
2004-06-26,278,50,,,
2004-06-27,322,56,,,
2004-06-28,333,83,,,
2004-06-29,311,117,,,
2004-06-30,311,100,,,
2004-07-01,306,94,,,
2004-07-02,322,67,,,
2004-07-03,328,83,,,
2004-07-04,350,106,,,
2004-07-05,361,100,,,
2004-07-06,372,117,,,
2004-07-07,339,89,,,
2004-07-08,311,89,,,
2004-07-09,272,78,,,
2004-07-10,289,39,,,
2004-07-11,333,56,,,
2004-07-12,322,72,,,
2004-07-13,311,61,,,
2004-07-14,311,72,,,
2004-07-15,317,56,,,
2004-07-16,333,67,,,
2004-07-17,311,128,,,
2004-07-18,300,111,,,
2004-07-19,306,106,,,
2004-07-20,333,106,,,
2004-07-21,356,94,,,
2004-07-22,372,111,,,
2004-07-24,372,172,,,
2004-07-25,361,128,,,
2004-07-26,372,122,,,
2004-07-27,378,100,,,
2004-07-28,367,100,,,
2004-07-29,339,94,,,
2004-07-30,333,100,,,
2004-07-31,333,94,,,
2004-08-01,311,94,,,
2004-08-02,294,111,,,
2004-08-03,311,94,,,
2004-08-04,278,67,,,
2004-08-05,250,72,,,
2004-08-06,272,67,,,
2004-08-07,344,106,,,
2004-08-08,372,89,,,
2004-08-09,356,89,,,
2004-08-10,378,83,,,
2004-08-11,383,78,,,
2004-08-12,383,106,,,
2004-08-13,372,100,,,
2004-08-14,339,94,,,
2004-08-15,317,78,,,
2004-08-16,322,61,,,
2004-08-17,344,78,,,
2004-08-18,367,89,,,
2004-08-19,361,111,,,
2004-08-20,361,117,,,
2004-08-21,339,94,,,
2004-08-22,267,111,,,
2004-08-23,256,111,,,
2004-08-24,283,111,,,
2004-08-25,222,78,,,
2004-08-26,283,56,,,
2004-08-27,339,50,,,
2004-08-28,367,56,,,
2004-08-29,372,78,,,
2004-08-30,361,72,,,
2004-08-31,350,72,,,
2004-09-01,328,89,,,
2004-09-02,272,22,,,
2004-09-03,289,56,,,
2004-09-04,344,39,,,
2004-09-05,350,61,,,
2004-09-06,356,56,,,
2004-09-07,361,56,,,
2004-09-08,350,56,,,
2004-09-09,328,39,,,
2004-09-10,339,28,,,
2004-09-11,333,83,,,
2004-09-12,272,78,,,
2004-09-13,250,44,,,
2004-09-14,289,33,,,
2004-09-15,283,67,,,
2004-09-16,306,78,,,
2004-09-17,250,39,,,
2004-09-18,194,44,,,
2004-09-19,161,22,,,
2004-09-20,222,6,,,
2004-09-21,278,-11,,,
2004-09-22,294,6,,,
2004-09-23,306,11,,,
2004-09-24,322,22,,,
2004-09-25,289,17,,,
2004-09-26,306,6,,,
2004-09-27,311,17,,,
2004-09-28,306,6,,,
2004-09-29,294,22,,,
2004-09-30,272,33,,,
2004-10-01,278,33,,,
2004-10-02,294,44,,,
2004-10-03,306,33,,,
2004-10-04,311,39,,,
2004-10-05,294,28,,,
2004-10-06,278,22,,,
2004-10-07,283,72,,,
2004-10-08,239,28,,,
2004-10-09,167,50,,,
2004-10-10,239,28,,,
2004-10-11,278,72,,,
2004-10-12,311,28,,,
2004-10-13,333,67,,,
2004-10-14,344,28,,,
2004-10-15,333,17,,,
2004-10-16,239,11,,,
2004-10-17,111,50,,,
2004-10-18,94,50,,,
2004-10-19,83,33,,,
2004-10-20,133,33,,,
2004-10-21,172,28,,,
2004-10-22,150,33,,,
2004-10-23,156,28,,,
2004-10-24,161,11,,,
2004-10-25,133,17,,,
2004-10-26,83,11,,,
2004-10-27,128,0,,,
2004-10-28,161,6,,,
2004-10-29,156,28,,,
2004-10-30,133,17,,,
2004-10-31,167,-11,,,
2004-11-01,222,-28,,,
2004-11-02,200,-11,,,
2004-11-03,100,39,,,
2004-11-04,156,-6,,,
2004-11-05,211,-28,,,
2004-11-06,250,-28,,,
2004-11-07,272,-28,,,
2004-11-08,200,-6,,,
2004-11-09,139,44,,,
2004-11-10,122,56,,,
2004-11-11,150,28,,,
2004-11-12,167,11,,,
2004-11-13,172,28,,,
2004-11-14,194,0,,,
2004-11-15,150,17,,,
2004-11-16,150,56,,,
2004-11-17,206,39,,,
2004-11-18,161,17,,,
2004-11-19,144,-11,,,
2004-11-20,194,11,,,
2004-11-21,161,6,,,
2004-11-22,183,-17,,,
2004-11-23,178,-17,,,
2004-11-24,211,-17,,,
2004-11-25,94,28,,,
2004-11-26,61,0,,,
2004-11-27,94,-33,,,
2004-11-28,111,-56,,,
2004-11-29,139,-61,,,
2004-11-30,100,-28,,,
2004-12-01,117,-44,,,
2004-12-02,150,-33,,,
2004-12-03,178,-61,,,
2004-12-04,89,-61,,,
2004-12-05,106,-44,,,
2004-12-06,83,-11,,,
2004-12-07,72,0,,,
2004-12-08,106,6,,,
2004-12-09,117,78,,,
2004-12-10,183,44,,,
2004-12-11,161,33,,,
2004-12-12,172,22,,,
2004-12-13,122,78,,,
2004-12-14,150,17,,,
2004-12-15,167,-6,,,
2004-12-16,150,-33,,,
2004-12-17,172,-33,,,
2004-12-18,183,-17,,,
2004-12-19,189,-17,,,
2004-12-20,150,-11,,,
2004-12-21,172,-28,,,
2004-12-22,167,-22,,,
2004-12-23,178,-33,,,
2004-12-24,183,-33,,,
2004-12-25,128,-44,,,
2004-12-26,39,0,,,
2004-12-27,28,0,,,
2004-12-28,111,0,,,
2004-12-29,44,0,,,
2004-12-30,28,0,,,
2004-12-31,22,0,,,
2005-01-01,17,0,,,
2005-01-02,67,-6,,,
2005-01-03,56,-28,,,
2005-01-04,122,-33,,,
2005-01-05,78,-6,,,
2005-01-06,83,-11,,,
2005-01-07,28,-6,,,
2005-01-08,11,0,,,
2005-01-09,28,0,,,
2005-01-10,83,-11,,,
2005-01-11,100,-17,,,
2005-01-12,111,-28,,,
2005-01-13,72,-44,,,
2005-01-14,106,-33,,,
2005-01-15,111,-22,,,
2005-01-16,128,6,,,
2005-01-17,106,0,,,
2005-01-18,139,-11,,,
2005-01-19,172,-33,,,
2005-01-20,122,-33,,,
2005-01-21,194,-44,,,
2005-01-22,194,-39,,,
2005-01-23,194,-39,,,
2005-01-24,167,-33,,,
2005-01-25,100,6,,,
2005-01-26,78,22,,,
2005-01-27,117,6,,,
2005-01-28,44,6,,,
2005-01-29,111,-17,,,
2005-01-30,161,-39,,,
2005-01-31,167,-28,,,
2005-02-01,206,-33,,,
2005-02-02,211,-39,,,
2005-02-03,244,-33,,,
2005-02-04,167,-22,,,
2005-02-05,122,-17,,,
2005-02-06,89,-50,,,
2005-02-07,128,-11,,,
2005-02-08,100,-28,,,
2005-02-09,156,-33,,,
2005-02-10,189,-44,,,
2005-02-11,161,-50,,,
2005-02-12,111,-39,,,
2005-02-13,67,39,,,
2005-02-14,106,17,,,
2005-02-15,128,0,,,
2005-02-16,144,28,,,
2005-02-17,150,6,,,
2005-02-18,89,33,,,
2005-02-19,128,28,,,
2005-02-20,89,28,,,
2005-02-21,156,28,,,
2005-02-22,161,11,,,
2005-02-23,189,-6,,,
2005-02-24,183,0,,,
2005-02-25,172,6,,,
2005-02-26,156,0,,,
2005-02-27,111,6,,,
2005-02-28,89,22,,,
2005-03-01,122,-6,,,
2005-03-02,150,11,,,
2005-03-03,150,0,,,
2005-03-04,156,17,,,
2005-03-05,194,11,,,
2005-03-06,239,0,,,
2005-03-07,261,11,,,
2005-03-08,272,0,,,
2005-03-09,233,28,,,
2005-03-10,261,6,,,
2005-03-11,283,0,,,
2005-03-12,267,0,,,
2005-03-13,233,0,,,
2005-03-14,206,0,,,
2005-03-15,217,-50,,,
2005-03-16,172,0,,,
2005-03-17,172,22,,,
2005-03-18,161,50,,,
2005-03-19,83,33,,,
2005-03-20,50,6,,,
2005-03-21,89,28,,,
2005-03-22,94,44,,,
2005-03-23,83,0,,,
2005-03-24,111,0,,,
2005-03-25,161,-6,,,
2005-03-26,144,39,,,
2005-03-27,100,39,,,
2005-03-28,89,11,,,
2005-03-29,117,-11,,,
2005-03-30,161,-28,,,
2005-03-31,217,-17,,,
2005-04-01,178,0,,,
2005-04-02,150,11,,,
2005-04-03,56,0,,,
2005-04-04,139,0,,,
2005-04-05,211,22,,,
2005-04-06,222,0,,,
2005-04-07,78,6,,,
2005-04-08,50,0,,,
2005-04-09,133,6,,,
2005-04-10,183,0,,,
2005-04-11,156,39,,,
2005-04-12,89,-17,,,
2005-04-13,50,-28,,,
2005-04-14,144,-11,,,
2005-04-15,206,-22,,,
2005-04-16,206,39,,,
2005-04-17,128,11,,,
2005-04-18,139,-28,,,
2005-04-19,178,-17,,,
2005-04-20,183,-17,,,
2005-04-21,200,0,,,
2005-04-22,239,6,,,
2005-04-23,133,56,,,
2005-04-24,117,50,,,
2005-04-25,200,33,,,
2005-04-26,211,33,,,
2005-04-27,178,28,,,
2005-04-28,150,61,,,
2005-04-29,200,67,,,
2005-04-30,200,56,,,
2005-05-01,172,56,,,
2005-05-02,206,39,,,
2005-05-03,211,44,,,
2005-05-04,167,83,,,
2005-05-05,133,72,,,
2005-05-06,133,67,,,
2005-05-07,167,61,,,
2005-05-08,161,39,,,
2005-05-09,83,28,,,
2005-05-10,133,28,,,
2005-05-11,211,17,,,
2005-05-12,239,61,,,
2005-05-13,256,56,,,
2005-05-14,250,56,,,
2005-05-15,167,89,,,
2005-05-16,144,56,,,
2005-05-17,89,50,,,
2005-05-18,122,78,,,
2005-05-19,172,39,,,
2005-05-20,178,39,,,
2005-05-21,233,39,,,
2005-05-22,222,33,,,
2005-05-23,250,17,,,
2005-05-24,311,22,,,
2005-05-25,317,50,,,
2005-05-26,328,67,,,
2005-05-27,306,83,,,
2005-05-28,200,56,,,
2005-05-29,217,39,,,
2005-05-30,283,61,,,
2005-05-31,267,67,,,
2005-06-01,222,28,,,
2005-06-02,228,28,,,
2005-06-03,267,44,,,
2005-06-04,250,28,,,
2005-06-05,167,44,,,
2005-06-06,128,28,,,
2005-06-07,172,22,,,
2005-06-08,139,78,,,
2005-06-09,200,89,,,
2005-06-10,233,78,,,
2005-06-11,217,44,,,
2005-06-12,272,28,,,
2005-06-13,289,39,,,
2005-06-14,239,56,,,
2005-06-15,272,33,,,
2005-06-16,128,67,,,
2005-06-17,94,61,,,
2005-06-18,111,72,,,
2005-06-19,167,78,,,
2005-06-20,233,89,,,
2005-06-21,206,94,,,
2005-06-22,267,78,,,
2005-06-23,294,94,,,
2005-06-24,278,72,,,
2005-06-25,272,72,,,
2005-06-26,272,89,,,
2005-06-27,244,106,,,
2005-06-28,294,117,,,
2005-06-29,328,100,,,
2005-06-30,344,94,,,
2005-07-01,344,78,,,
2005-07-02,317,56,,,
2005-07-03,317,61,,,
2005-07-04,272,44,,,
2005-07-05,322,61,,,
2005-07-06,300,89,,,
2005-07-07,294,100,,,
2005-07-08,283,94,,,
2005-07-09,261,139,,,
2005-07-10,278,117,,,
2005-07-11,311,117,,,
2005-07-12,344,100,,,
2005-07-13,367,111,,,
2005-07-14,378,117,,,
2005-07-15,311,122,,,
2005-07-16,383,111,,,
2005-07-17,411,106,,,
2005-07-18,406,156,,,
2005-07-19,394,111,,,
2005-07-20,389,111,,,
2005-07-21,367,117,,,
2005-07-22,344,117,,,
2005-07-23,361,78,,,
2005-07-24,333,67,,,
2005-07-25,367,61,,,
2005-07-26,383,89,,,
2005-07-27,367,128,,,
2005-07-28,361,89,,,
2005-07-29,350,150,,,
2005-07-30,356,117,,,
2005-07-31,350,106,,,
2005-08-01,322,94,,,
2005-08-02,333,128,,,
2005-08-03,361,100,,,
2005-08-04,361,83,,,
2005-08-05,361,117,,,
2005-08-06,367,139,,,
2005-08-07,361,106,,,
2005-08-08,367,122,,,
2005-08-09,356,100,,,
2005-08-10,339,111,,,
2005-08-11,356,111,,,
2005-08-12,361,128,,,
2005-08-13,367,139,,,
2005-08-14,367,100,,,
2005-08-15,339,100,,,
2005-08-16,317,161,,,
2005-08-17,328,228,,,
2005-08-18,311,300,,,
2005-08-19,317,261,,,
2005-08-20,317,217,,,
2005-08-21,317,317,,,
2005-08-22,344,339,,,
2005-08-23,317,317,,,
2005-08-27,356,356,,,
2005-08-28,344,94,,,
2005-08-29,261,56,,,
2005-08-30,328,33,,,
2005-08-31,356,56,,,
2005-09-01,339,50,,,
2005-09-02,322,50,,,
2005-09-03,294,50,,,
2005-09-04,294,67,,,
2005-09-05,289,33,,,
2005-09-06,300,56,,,
2005-09-07,311,50,,,
2005-09-08,300,61,,,
2005-09-09,261,50,,,
2005-09-10,206,6,,,
2005-09-11,228,0,,,
2005-09-12,244,11,,,
2005-09-13,272,11,,,
2005-09-14,283,6,,,
2005-09-15,289,28,,,
2005-09-16,222,11,,,
2005-09-17,228,50,,,
2005-09-18,256,28,,,
2005-09-19,317,11,,,
2005-09-20,328,22,,,
2005-09-21,306,22,,,
2005-09-22,306,17,,,
2005-09-23,211,28,,,
2005-09-24,250,11,,,
2005-09-25,278,33,,,
2005-09-26,267,22,,,
2005-09-27,289,39,,,
2005-09-28,322,11,,,
2005-09-29,350,11,,,
2005-09-30,311,22,,,
2005-10-01,172,28,,,
2005-10-02,172,11,,,
2005-10-03,144,28,,,
2005-10-04,189,0,,,
2005-10-05,267,0,,,
2005-10-06,283,17,,,
2005-10-07,222,28,,,
2005-10-08,217,11,,,
2005-10-09,261,0,,,
2005-10-10,300,6,,,
2005-10-11,256,33,,,
2005-10-12,300,6,,,
2005-10-13,294,11,,,
2005-10-14,250,17,,,
2005-10-15,122,67,,,
2005-10-16,244,22,,,
2005-10-17,300,22,,,
2005-10-18,250,17,,,
2005-10-19,172,44,,,
2005-10-20,233,33,,,
2005-10-21,272,0,,,
2005-10-22,267,0,,,
2005-10-23,244,6,,,
2005-10-24,256,11,,,
2005-10-25,194,0,,,
2005-10-26,144,11,,,
2005-10-27,117,28,,,
2005-10-28,122,61,,,
2005-10-29,161,22,,,
2005-10-30,194,0,,,
2005-10-31,239,-17,,,
2005-11-01,183,6,,,
2005-11-02,106,44,,,
2005-11-03,94,33,,,
2005-11-04,122,39,,,
2005-11-05,94,44,,,
2005-11-06,128,83,,,
2005-11-07,89,28,,,
2005-11-08,139,0,,,
2005-11-09,222,17,,,
2005-11-10,200,11,,,
2005-11-11,117,11,,,
2005-11-12,161,0,,,
2005-11-13,128,33,,,
2005-11-14,194,50,,,
2005-11-15,233,11,,,
2005-11-16,217,-17,,,
2005-11-17,206,-22,,,
2005-11-18,217,-28,,,
2005-11-19,217,-33,,,
2005-11-20,217,-44,,,
2005-11-21,211,-33,,,
2005-11-22,206,-39,,,
2005-11-23,211,-39,,,
2005-11-24,139,-28,,,
2005-11-25,106,0,,,
2005-11-26,83,-39,,,
2005-11-27,89,-39,,,
2005-11-28,11,0,,,
2005-11-29,56,0,,,
2005-11-30,78,-6,,,
2005-12-01,111,0,,,
2005-12-02,56,-6,,,
2005-12-03,67,-33,,,
2005-12-04,78,-39,,,
2005-12-05,117,-39,,,
2005-12-06,128,-67,,,
2005-12-07,78,6,,,
2005-12-08,133,0,,,
2005-12-09,150,0,,,
2005-12-10,144,-28,,,
2005-12-11,50,-39,,,
2005-12-12,111,-33,,,
2005-12-13,128,-56,,,
2005-12-14,144,-50,,,
2005-12-15,133,-61,,,
2005-12-16,106,-67,,,
2005-12-17,28,-50,,,
2005-12-18,83,17,,,
2005-12-19,117,39,,,
2005-12-20,106,50,,,
2005-12-21,111,78,,,
2005-12-22,117,78,,,
2005-12-23,206,72,,,
2005-12-24,183,39,,,
2005-12-25,100,61,,,
2005-12-26,72,39,,,
2005-12-27,106,39,,,
2005-12-28,100,17,,,
2005-12-29,61,6,,,
2005-12-30,122,28,,,
2005-12-31,100,22,,,
2006-01-01,72,33,,,
2006-01-02,89,11,,,
2006-01-03,33,0,,,
2006-01-04,111,0,,,
2006-01-05,150,0,,,
2006-01-06,100,-6,,,
2006-01-07,72,6,,,
2006-01-08,83,0,,,
2006-01-09,139,-6,,,
2006-01-10,89,33,,,
2006-01-11,106,6,,,
2006-01-12,94,0,,,
2006-01-13,67,28,,,
2006-01-14,50,0,,,
2006-01-15,78,-11,,,
2006-01-16,61,0,,,
2006-01-17,67,33,,,
2006-01-18,33,0,,,
2006-01-19,78,-6,,,
2006-01-20,33,-6,,,
2006-01-21,106,-6,,,
2006-01-22,128,-17,,,
2006-01-23,161,-17,,,
2006-01-24,206,-22,,,
2006-01-25,117,-33,,,
2006-01-26,39,0,,,
2006-01-27,72,0,,,
2006-01-28,67,6,,,
2006-01-29,61,0,,,
2006-01-30,78,0,,,
2006-01-31,61,0,,,
2006-02-01,94,28,,,
2006-02-02,128,50,,,
2006-02-03,156,22,,,
2006-02-04,89,-11,,,
2006-02-05,183,-39,,,
2006-02-06,189,-33,,,
2006-02-07,228,-33,,,
2006-02-08,244,-33,,,
2006-02-09,239,-22,,,
2006-02-10,239,-33,,,
2006-02-11,222,0,,,
2006-02-12,211,0,,,
2006-02-13,222,-28,,,
2006-02-14,106,-28,,,
2006-02-15,83,-56,,,
2006-02-16,78,-78,,,
2006-02-17,89,-72,,,
2006-02-18,44,-72,,,
2006-02-19,83,-83,,,
2006-02-20,122,-89,,,
2006-02-21,167,-61,,,
2006-02-22,194,-56,,,
2006-02-23,189,-50,,,
2006-02-24,194,-56,,,
2006-02-25,189,-28,,,
2006-02-26,139,-22,,,
2006-02-27,111,33,,,
2006-02-28,33,0,,,
2006-03-01,72,6,,,
2006-03-02,44,-6,,,
2006-03-03,61,0,,,
2006-03-04,78,-28,,,
2006-03-05,44,6,,,
2006-03-06,67,0,,,
2006-03-07,89,-6,,,
2006-03-08,100,-11,,,
2006-03-09,39,-28,,,
2006-03-10,39,-50,,,
2006-03-11,78,-61,,,
2006-03-12,72,-39,,,
2006-03-13,67,-33,,,
2006-03-14,56,6,,,
2006-03-15,78,6,,,
2006-03-16,33,0,,,
2006-03-17,100,-11,,,
2006-03-18,94,-22,,,
2006-03-19,133,-33,,,
2006-03-20,50,0,,,
2006-03-21,94,-6,,,
2006-03-22,139,0,,,
2006-03-23,167,-17,,,
2006-03-24,128,39,,,
2006-03-25,67,0,,,
2006-03-26,161,0,,,
2006-03-27,161,0,,,
2006-03-28,83,11,,,
2006-03-29,122,0,,,
2006-03-30,72,11,,,
2006-03-31,44,0,,,
2006-04-01,78,0,,,
2006-04-02,83,11,,,
2006-04-03,83,17,,,
2006-04-04,106,6,,,
2006-04-05,89,11,,,
2006-04-06,150,11,,,
2006-04-07,128,17,,,
2006-04-08,117,33,,,
2006-04-09,94,17,,,
2006-04-10,89,28,,,
2006-04-11,94,28,,,
2006-04-12,111,44,,,
2006-04-13,194,39,,,
2006-04-14,172,50,,,
2006-04-15,50,0,,,
2006-04-16,56,6,,,
2006-04-17,122,0,,,
2006-04-18,206,0,,,
2006-04-19,222,0,,,
2006-04-20,211,11,,,
2006-04-21,189,50,,,
2006-04-22,183,56,,,
2006-04-23,200,56,,,
2006-04-24,183,56,,,
2006-04-25,200,50,,,
2006-04-26,239,56,,,
2006-04-27,294,28,,,
2006-04-28,311,61,,,
2006-04-29,261,56,,,
2006-04-30,283,17,,,
2006-05-01,261,0,,,
2006-05-02,278,11,,,
2006-05-03,272,22,,,
2006-05-04,272,22,,,
2006-05-05,244,17,,,
2006-05-06,239,6,,,
2006-05-07,250,28,,,
2006-05-08,244,11,,,
2006-05-09,278,6,,,
2006-05-10,306,28,,,
2006-05-11,294,44,,,
2006-05-12,294,11,,,
2006-05-13,278,28,,,
2006-05-14,328,22,,,
2006-05-15,333,67,,,
2006-05-16,339,61,,,
2006-05-17,344,67,,,
2006-05-18,333,61,,,
2006-05-19,156,89,,,
2006-05-20,206,100,,,
2006-05-21,200,78,,,
2006-05-22,150,72,,,
2006-05-23,161,78,,,
2006-05-24,161,83,,,
2006-05-25,172,61,,,
2006-05-26,128,33,,,
2006-05-27,144,28,,,
2006-05-28,194,17,,,
2006-05-29,228,33,,,
2006-05-30,250,22,,,
2006-05-31,261,50,,,
2006-06-01,211,106,,,
2006-06-02,239,106,,,
2006-06-03,267,83,,,
2006-06-04,261,100,,,
2006-06-05,283,89,,,
2006-06-06,289,78,,,
2006-06-07,261,67,,,
2006-06-08,261,39,,,
2006-06-09,278,39,,,
2006-06-10,272,67,,,
2006-06-11,261,106,,,
2006-06-12,211,106,,,
2006-06-13,156,72,,,
2006-06-14,172,56,,,
2006-06-15,272,89,,,
2006-06-16,311,67,,,
2006-06-17,322,50,,,
2006-06-18,294,39,,,
2006-06-19,317,33,,,
2006-06-20,328,50,,,
2006-06-21,328,56,,,
2006-06-22,372,56,,,
2006-06-23,389,78,,,
2006-06-24,400,122,,,
2006-06-25,422,94,,,
2006-06-26,417,122,,,
2006-06-27,361,139,,,
2006-06-28,272,144,,,
2006-06-29,333,106,,,
2006-06-30,328,72,,,
2006-07-01,333,67,,,
2006-07-02,322,83,,,
2006-07-03,317,89,,,
2006-07-04,289,78,,,
2006-07-05,272,100,,,
2006-07-06,283,89,,,
2006-07-07,339,72,,,
2006-07-08,361,78,,,
2006-07-09,361,100,,,
2006-07-10,333,83,,,
2006-07-11,294,94,,,
2006-07-12,283,61,,,
2006-07-13,328,89,,,
2006-07-14,339,106,,,
2006-07-15,356,106,,,
2006-07-16,378,94,,,
2006-07-17,400,111,,,
2006-07-18,389,106,,,
2006-07-19,367,122,,,
2006-07-20,389,139,,,
2006-07-21,383,172,,,
2006-07-22,406,139,,,
2006-07-23,406,144,,,
2006-07-24,406,144,,,
2006-07-25,400,150,,,
2006-07-26,406,139,,,
2006-07-27,383,128,,,
2006-07-28,356,117,,,
2006-07-29,306,78,,,
2006-07-30,289,50,,,
2006-07-31,267,56,,,
2006-08-01,306,44,,,
2006-08-02,322,61,,,
2006-08-03,317,78,,,
2006-08-04,339,89,,,
2006-08-05,311,100,,,
2006-08-06,317,106,,,
2006-08-07,289,100,,,
2006-08-08,311,78,,,
2006-08-09,344,78,,,
2006-08-10,328,78,,,
2006-08-11,328,78,,,
2006-08-12,322,78,,,
2006-08-13,344,78,,,
2006-08-14,317,83,,,
2006-08-15,311,72,,,
2006-08-16,272,78,,,
2006-08-17,339,33,,,
2006-08-18,350,56,,,
2006-08-19,344,61,,,
2006-08-20,328,78,,,
2006-08-21,311,50,,,
2006-08-22,328,56,,,
2006-08-23,339,22,,,
2006-08-24,322,50,,,
2006-08-25,333,67,,,
2006-08-26,361,78,,,
2006-08-27,361,67,,,
2006-08-28,333,72,,,
2006-08-29,322,78,,,
2006-08-30,306,39,,,
2006-08-31,339,39,,,
2006-09-01,350,44,,,
2006-09-02,339,50,,,
2006-09-03,328,56,,,
2006-09-04,339,39,,,
2006-09-05,361,44,,,
2006-09-06,361,78,,,
2006-09-07,350,78,,,
2006-09-08,306,78,,,
2006-09-09,283,28,,,
2006-09-10,311,61,,,
2006-09-11,356,61,,,
2006-09-12,367,78,,,
2006-09-13,361,61,,,
2006-09-14,250,33,,,
2006-09-15,150,11,,,
2006-09-16,244,0,,,
2006-09-17,306,17,,,
2006-09-18,278,28,,,
2006-09-19,233,28,,,
2006-09-20,261,17,,,
2006-09-21,261,106,,,
2006-09-22,250,78,,,
2006-09-23,289,50,,,
2006-09-24,289,0,,,
2006-09-25,317,11,,,
2006-09-26,322,11,,,
2006-09-27,333,22,,,
2006-09-28,328,17,,,
2006-09-29,322,17,,,
2006-09-30,289,22,,,
2006-10-01,250,11,,,
2006-10-02,222,0,,,
2006-10-03,206,33,,,
2006-10-04,122,61,,,
2006-10-05,194,67,,,
2006-10-06,222,50,,,
2006-10-07,250,0,,,
2006-10-08,283,-6,,,
2006-10-09,283,28,,,
2006-10-10,211,6,,,
2006-10-11,261,-11,,,
2006-10-12,283,-6,,,
2006-10-13,300,0,,,
2006-10-14,261,0,,,
2006-10-15,217,6,,,
2006-10-16,133,33,,,
2006-10-17,200,0,,,
2006-10-18,239,-22,,,
2006-10-19,267,0,,,
2006-10-20,294,11,,,
2006-10-21,300,0,,,
2006-10-22,272,-17,,,
2006-10-23,261,-17,,,
2006-10-24,250,-11,,,
2006-10-25,200,-44,,,
2006-10-26,261,-22,,,
2006-10-27,278,-28,,,
2006-10-28,272,-33,,,
2006-10-29,239,-50,,,
2006-10-30,211,-61,,,
2006-10-31,206,-67,,,
2006-11-01,122,-17,,,
2006-11-02,139,89,,,
2006-11-03,111,89,,,
2006-11-04,167,83,,,
2006-11-05,167,72,,,
2006-11-06,233,100,,,
2006-11-07,150,78,,,
2006-11-08,144,33,,,
2006-11-09,128,-11,,,
2006-11-10,122,-28,,,
2006-11-11,111,-22,,,
2006-11-12,67,-22,,,
2006-11-13,122,17,,,
2006-11-14,161,22,,,
2006-11-15,172,6,,,
2006-11-16,139,83,,,
2006-11-17,156,50,,,
2006-11-18,183,44,,,
2006-11-19,172,39,,,
2006-11-20,144,89,,,
2006-11-21,94,56,,,
2006-11-22,78,22,,,
2006-11-23,89,0,,,
2006-11-24,111,-17,,,
2006-11-25,67,-6,,,
2006-11-26,33,0,,,
2006-11-27,56,-6,,,
2006-11-28,39,-33,,,
2006-11-29,100,-50,,,
2006-11-30,133,-44,,,
2006-12-01,150,-33,,,
2006-12-02,156,-56,,,
2006-12-03,156,-50,,,
2006-12-04,156,-50,,,
2006-12-05,172,-39,,,
2006-12-06,178,-44,,,
2006-12-07,161,-33,,,
2006-12-08,156,-22,,,
2006-12-09,100,33,,,
2006-12-10,61,0,,,
2006-12-11,89,28,,,
2006-12-12,100,78,,,
2006-12-13,117,78,,,
2006-12-14,111,61,,,
2006-12-15,50,-33,,,
2006-12-16,50,-44,,,
2006-12-17,94,-44,,,
2006-12-18,106,-83,,,
2006-12-19,111,-67,,,
2006-12-20,44,-61,,,
2006-12-21,83,0,,,
2006-12-22,100,-28,,,
2006-12-23,89,17,,,
2006-12-24,106,50,,,
2006-12-25,117,72,,,
2006-12-26,106,28,,,
2006-12-27,67,-22,,,
2006-12-28,133,-39,,,
2006-12-29,122,-44,,,
2006-12-30,139,-28,,,
2006-12-31,128,-6,,,
2007-01-01,139,-17,,,
2007-01-02,156,-6,,,
2007-01-03,100,28,,,
2007-01-04,56,-28,,,
2007-01-05,72,-44,,,
2007-01-06,67,-17,,,
2007-01-07,117,-11,,,
2007-01-08,189,-22,,,
2007-01-09,167,-33,,,
2007-01-10,56,-33,,,
2007-01-11,44,-78,,,
2007-01-12,56,-78,,,
2007-01-13,89,-111,,,
2007-01-14,94,-111,,,
2007-01-15,144,-100,,,
2007-01-16,106,-94,,,
2007-01-17,122,-50,,,
2007-01-18,178,-61,,,
2007-01-19,161,-50,,,
2007-01-20,122,-44,,,
2007-01-21,133,-61,,,
2007-01-22,194,-56,,,
2007-01-23,194,-67,,,
2007-01-24,183,-61,,,
2007-01-25,172,-61,,,
2007-01-26,144,-67,,,
2007-01-27,122,-56,,,
2007-01-28,156,-61,,,
2007-01-29,167,-56,,,
2007-01-30,178,-61,,,
2007-01-31,172,-61,,,
2007-02-01,178,-50,,,
2007-02-02,172,-72,,,
2007-02-03,206,-44,,,
2007-02-04,244,-28,,,
2007-02-05,206,-17,,,
2007-02-06,172,-17,,,
2007-02-07,89,22,,,
2007-02-08,78,6,,,
2007-02-09,122,50,,,
2007-02-10,111,67,,,
2007-02-11,72,11,,,
2007-02-12,33,6,,,
2007-02-13,106,0,,,
2007-02-14,106,6,,,
2007-02-15,139,39,,,
2007-02-16,206,11,,,
2007-02-17,222,0,,,
2007-02-18,111,0,,,
2007-02-19,139,-22,,,
2007-02-20,78,22,,,
2007-02-21,67,0,,,
2007-02-22,56,-11,,,
2007-02-23,61,-61,,,
2007-02-24,50,0,,,
2007-02-25,39,0,,,
2007-02-26,22,-28,,,
2007-02-27,22,-33,,,
2007-02-28,56,-33,,,
2007-03-01,61,0,,,
2007-03-02,111,0,,,
2007-03-03,200,-11,,,
2007-03-04,161,-17,,,
2007-03-05,194,-11,,,
2007-03-06,183,-33,,,
2007-03-07,83,0,,,
2007-03-08,156,0,,,
2007-03-09,94,6,,,
2007-03-10,206,6,,,
2007-03-11,272,0,,,
2007-03-12,244,11,,,
2007-03-13,261,39,,,
2007-03-14,222,22,,,
2007-03-15,278,-11,,,
2007-03-16,272,0,,,
2007-03-17,256,0,,,
2007-03-18,217,22,,,
2007-03-19,183,6,,,
2007-03-20,128,11,,,
2007-03-21,183,-22,,,
2007-03-22,239,-6,,,
2007-03-23,261,0,,,
2007-03-24,233,28,,,
2007-03-25,150,72,,,
2007-03-26,83,0,,,
2007-03-27,78,-6,,,
2007-03-28,167,-28,,,
2007-03-29,244,-28,,,
2007-03-30,228,0,,,
2007-03-31,206,22,,,
2007-04-01,183,11,,,
2007-04-02,206,6,,,
2007-04-03,228,-6,,,
2007-04-04,233,17,,,
2007-04-05,278,17,,,
2007-04-06,261,28,,,
2007-04-07,172,56,,,
2007-04-08,189,22,,,
2007-04-09,144,-11,,,
2007-04-10,172,-28,,,
2007-04-11,83,6,,,
2007-04-12,133,-6,,,
2007-04-13,194,0,,,
2007-04-14,100,28,,,
2007-04-15,178,17,,,
2007-04-16,233,-6,,,
2007-04-17,83,0,,,
2007-04-18,100,-17,,,
2007-04-19,94,0,,,
2007-04-20,156,-6,,,
2007-04-21,67,28,,,
2007-04-22,117,22,,,
2007-04-23,206,22,,,
2007-04-24,217,39,,,
2007-04-25,178,22,,,
2007-04-26,233,0,,,
2007-04-27,289,22,,,
2007-04-28,283,56,,,
2007-04-29,256,50,,,
2007-04-30,222,33,,,
2007-05-01,128,17,,,
2007-05-02,111,22,,,
2007-05-03,100,11,,,
2007-05-04,139,6,,,
2007-05-05,206,0,,,
2007-05-06,278,17,,,
2007-05-07,306,100,,,
2007-05-08,289,56,,,
2007-05-09,278,56,,,
2007-05-10,261,50,,,
2007-05-11,250,44,,,
2007-05-12,189,17,,,
2007-05-13,250,11,,,
2007-05-14,306,11,,,
2007-05-15,283,33,,,
2007-05-16,250,44,,,
2007-05-17,239,22,,,
2007-05-18,244,28,,,
2007-05-19,222,33,,,
2007-05-20,200,39,,,
2007-05-21,239,22,,,
2007-05-22,239,0,,,
2007-05-23,272,22,,,
2007-05-24,289,22,,,
2007-05-25,283,56,,,
2007-05-26,306,56,,,
2007-05-27,278,61,,,
2007-05-28,300,22,,,
2007-05-29,311,33,,,
2007-05-30,300,56,,,
2007-05-31,317,56,,,
2007-06-01,311,72,,,
2007-06-02,300,78,,,
2007-06-03,278,89,,,
2007-06-04,211,100,,,
2007-06-05,139,39,,,
2007-06-06,167,28,,,
2007-06-07,228,28,,,
2007-06-08,261,39,,,
2007-06-09,256,50,,,
2007-06-10,244,50,,,
2007-06-11,261,11,,,
2007-06-12,300,33,,,
2007-06-13,311,78,,,
2007-06-14,333,89,,,
2007-06-15,322,56,,,
2007-06-16,294,67,,,
2007-06-17,322,28,,,
2007-06-18,333,50,,,
2007-06-19,322,78,,,
2007-06-20,289,78,,,
2007-06-21,289,50,,,
2007-06-22,272,56,,,
2007-06-23,244,17,,,
2007-06-24,244,6,,,
2007-06-25,306,6,,,
2007-06-26,311,39,,,
2007-06-27,300,56,,,
2007-06-28,244,61,,,
2007-06-29,239,78,,,
2007-06-30,261,56,,,
2007-07-01,272,67,,,
2007-07-02,289,67,,,
2007-07-03,328,72,,,
2007-07-04,383,89,,,
2007-07-05,400,111,,,
2007-07-06,389,122,,,
2007-07-07,361,106,,,
2007-07-08,383,106,,,
2007-07-09,361,128,,,
2007-07-10,372,106,,,
2007-07-11,294,117,,,
2007-07-12,300,89,,,
2007-07-13,306,78,,,
2007-07-14,322,78,,,
2007-07-15,300,61,,,
2007-07-16,289,111,,,
2007-07-17,244,111,,,
2007-07-18,211,94,,,
2007-07-19,250,94,,,
2007-07-20,261,100,,,
2007-07-21,278,89,,,
2007-07-22,322,100,,,
2007-07-23,333,111,,,
2007-07-24,328,122,,,
2007-07-25,333,128,,,
2007-07-26,339,100,,,
2007-07-27,350,83,,,
2007-07-28,339,89,,,
2007-07-29,339,78,,,
2007-07-30,344,83,,,
2007-07-31,372,89,,,
2007-08-01,367,89,,,
2007-08-02,367,100,,,
2007-08-03,361,100,,,
2007-08-04,344,56,,,
2007-08-05,289,50,,,
2007-08-06,267,83,,,
2007-08-07,283,106,,,
2007-08-08,306,67,,,
2007-08-09,311,72,,,
2007-08-10,311,50,,,
2007-08-11,289,61,,,
2007-08-12,289,72,,,
2007-08-13,317,50,,,
2007-08-14,322,56,,,
2007-08-15,300,56,,,
2007-08-16,261,61,,,
2007-08-17,267,11,,,
2007-08-18,267,78,,,
2007-08-19,261,106,,,
2007-08-20,311,100,,,
2007-08-21,344,100,,,
2007-08-22,339,83,,,
2007-08-23,372,67,,,
2007-08-24,378,83,,,
2007-08-25,350,94,,,
2007-08-26,328,67,,,
2007-08-27,350,72,,,
2007-08-28,372,72,,,
2007-08-29,372,94,,,
2007-08-30,372,111,,,
2007-08-31,339,111,,,
2007-09-01,328,67,,,
2007-09-02,339,56,,,
2007-09-03,311,56,,,
2007-09-04,256,117,,,
2007-09-05,333,67,,,
2007-09-06,350,67,,,
2007-09-07,328,72,,,
2007-09-08,339,67,,,
2007-09-09,356,83,,,
2007-09-10,367,67,,,
2007-09-11,339,61,,,
2007-09-12,311,61,,,
2007-09-13,200,100,,,
2007-09-14,222,67,,,
2007-09-15,239,67,,,
2007-09-16,267,50,,,
2007-09-17,267,39,,,
2007-09-18,261,28,,,
2007-09-19,150,11,,,
2007-09-20,256,33,,,
2007-09-21,322,22,,,
2007-09-22,150,61,,,
2007-09-23,217,33,,,
2007-09-24,261,0,,,
2007-09-25,278,0,,,
2007-09-26,311,0,,,
2007-09-27,267,6,,,
2007-09-28,150,22,,,
2007-09-29,217,-33,,,
2007-09-30,222,-6,,,
2007-10-01,200,28,,,
2007-10-02,261,6,,,
2007-10-03,189,11,,,
2007-10-04,100,0,,,
2007-10-05,150,0,,,
2007-10-06,211,-11,,,
2007-10-07,250,0,,,
2007-10-08,256,6,,,
2007-10-09,183,17,,,
2007-10-10,122,56,,,
2007-10-11,128,50,,,
2007-10-12,161,50,,,
2007-10-13,222,39,,,
2007-10-14,217,39,,,
2007-10-15,117,50,,,
2007-10-16,106,50,,,
2007-10-17,111,39,,,
2007-10-18,128,56,,,
2007-10-19,139,56,,,
2007-10-20,111,0,,,
2007-10-21,200,0,,,
2007-10-22,300,17,,,
2007-10-23,300,17,,,
2007-10-24,278,6,,,
2007-10-25,211,56,,,
2007-10-26,217,28,,,
2007-10-27,261,28,,,
2007-10-28,256,6,,,
2007-10-29,228,56,,,
2007-10-30,217,89,,,
2007-10-31,222,39,,,
2007-11-01,217,22,,,
2007-11-02,233,-6,,,
2007-11-03,261,-17,,,
2007-11-04,267,-17,,,
2007-11-05,250,-22,,,
2007-11-06,261,-22,,,
2007-11-07,278,-17,,,
2007-11-08,244,-17,,,
2007-11-09,161,44,,,
2007-11-10,128,67,,,
2007-11-11,161,0,,,
2007-11-12,106,11,,,
2007-11-13,178,67,,,
2007-11-14,228,39,,,
2007-11-15,161,56,,,
2007-11-16,150,61,,,
2007-11-17,150,89,,,
2007-11-18,139,89,,,
2007-11-19,111,0,,,
2007-11-20,156,-39,,,
2007-11-21,167,-50,,,
2007-11-22,178,-50,,,
2007-11-23,200,-44,,,
2007-11-24,122,-50,,,
2007-11-25,178,-17,,,
2007-11-26,144,-33,,,
2007-11-27,139,-17,,,
2007-11-28,167,-33,,,
2007-11-29,117,-39,,,
2007-11-30,100,-61,,,
2007-12-01,78,-78,,,
2007-12-02,78,17,,,
2007-12-03,106,67,,,
2007-12-04,178,56,,,
2007-12-05,150,22,,,
2007-12-06,67,39,,,
2007-12-07,72,6,,,
2007-12-08,83,-22,,,
2007-12-09,150,-50,,,
2007-12-10,161,-33,,,
2007-12-11,144,-33,,,
2007-12-12,128,-28,,,
2007-12-13,150,-56,,,
2007-12-14,144,-56,,,
2007-12-15,56,-17,,,
2007-12-16,50,-22,,,
2007-12-17,44,0,,,
2007-12-18,67,17,,,
2007-12-19,44,0,,,
2007-12-20,50,-33,,,
2007-12-21,78,-56,,,
2007-12-22,67,-50,,,
2007-12-23,89,22,,,
2007-12-24,72,-33,,,
2007-12-25,83,-56,,,
2007-12-26,28,-61,,,
2007-12-27,6,-72,,,
2007-12-28,33,0,,,
2007-12-29,56,0,,,
2007-12-30,61,-56,,,
2007-12-31,117,-72,,,
2008-01-01,111,-61,,,
2008-01-02,133,-50,,,
2008-01-03,67,6,,,
2008-01-04,78,0,,,
2008-01-05,11,0,,,
2008-01-06,39,-11,,,
2008-01-07,44,-28,,,
2008-01-08,28,0,,,
2008-01-09,28,0,,,
2008-01-10,50,0,,,
2008-01-11,61,0,,,
2008-01-12,89,6,,,
2008-01-13,144,-6,,,
2008-01-14,128,-39,,,
2008-01-15,117,-17,,,
2008-01-16,128,-33,,,
2008-01-17,178,-50,,,
2008-01-18,156,-61,,,
2008-01-19,150,-61,,,
2008-01-20,44,-33,,,
2008-01-21,83,-28,,,
2008-01-22,83,-22,,,
2008-01-23,89,-22,,,
2008-01-24,56,-28,,,
2008-01-25,61,6,,,
2008-01-26,67,0,,,
2008-01-27,61,-22,,,
2008-01-28,44,-33,,,
2008-01-29,22,-22,,,
2008-01-30,44,-44,,,
2008-01-31,17,-6,,,
2008-02-01,50,-6,,,
2008-02-02,33,0,,,
2008-02-03,50,-28,,,
2008-02-04,83,-56,,,
2008-02-05,128,-72,,,
2008-02-06,117,-11,,,
2008-02-07,111,-17,,,
2008-02-08,167,-39,,,
2008-02-09,161,-61,,,
2008-02-10,178,-61,,,
2008-02-11,189,-28,,,
2008-02-12,222,-50,,,
2008-02-13,122,-44,,,
2008-02-14,139,-56,,,
2008-02-15,244,-50,,,
2008-02-16,211,-39,,,
2008-02-17,217,-44,,,
2008-02-18,211,-44,,,
2008-02-19,78,-28,,,
2008-02-20,150,0,,,
2008-02-21,50,-6,,,
2008-02-22,72,-11,,,
2008-02-23,33,-17,,,
2008-02-24,67,0,,,
2008-02-25,144,6,,,
2008-02-26,183,-6,,,
2008-02-27,189,0,,,
2008-02-28,222,-22,,,
2008-02-29,183,-17,,,
2008-03-01,78,-17,,,
2008-03-02,156,-22,,,
2008-03-03,206,-22,,,
2008-03-04,178,-22,,,
2008-03-05,211,-39,,,
2008-03-06,183,-28,,,
2008-03-07,161,-28,,,
2008-03-08,178,-11,,,
2008-03-09,228,-17,,,
2008-03-10,206,0,,,
2008-03-11,211,39,,,
2008-03-12,161,6,,,
2008-03-13,106,17,,,
2008-03-14,44,0,,,
2008-03-15,83,0,,,
2008-03-16,122,-11,,,
2008-03-17,156,-22,,,
2008-03-18,167,50,,,
2008-03-19,83,22,,,
2008-03-20,106,-6,,,
2008-03-21,161,-6,,,
2008-03-22,217,-33,,,
2008-03-23,211,-17,,,
2008-03-24,150,33,,,
2008-03-25,139,39,,,
2008-03-26,50,-6,,,
2008-03-27,111,-33,,,
2008-03-28,78,-11,,,
2008-03-29,100,-33,,,
2008-03-30,100,-39,,,
2008-03-31,156,-56,,,
2008-04-01,161,0,,,
2008-04-02,194,-28,,,
2008-04-03,200,-33,,,
2008-04-04,139,-22,,,
2008-04-05,139,-11,,,
2008-04-06,122,-11,,,
2008-04-07,139,-17,,,
2008-04-08,111,-17,,,
2008-04-09,161,-28,,,
2008-04-10,211,-22,,,
2008-04-11,261,-6,,,
2008-04-12,283,-6,,,
2008-04-13,261,6,,,
2008-04-14,100,6,,,
2008-04-15,122,-28,,,
2008-04-16,239,-33,,,
2008-04-17,244,-11,,,
2008-04-18,206,0,,,
2008-04-19,83,-17,,,
2008-04-20,72,-50,,,
2008-04-21,89,-33,,,
2008-04-22,67,28,,,
2008-04-23,72,-6,,,
2008-04-24,178,-11,,,
2008-04-25,222,0,,,
2008-04-26,261,17,,,
2008-04-27,256,44,,,
2008-04-28,211,28,,,
2008-04-29,100,0,,,
2008-04-30,117,-28,,,
2008-05-01,200,-22,,,
2008-05-02,211,0,,,
2008-05-03,222,0,,,
2008-05-04,244,17,,,
2008-05-05,283,11,,,
2008-05-06,256,28,,,
2008-05-07,211,33,,,
2008-05-08,233,0,,,
2008-05-09,217,0,,,
2008-05-10,256,0,,,
2008-05-11,200,22,,,
2008-05-12,211,6,,,
2008-05-13,272,11,,,
2008-05-14,300,67,,,
2008-05-15,339,128,,,
2008-05-16,372,89,,,
2008-05-17,356,83,,,
2008-05-18,344,56,,,
2008-05-19,356,67,,,
2008-05-20,228,44,,,
2008-05-21,206,17,,,
2008-05-22,189,17,,,
2008-05-23,200,11,,,
2008-05-24,122,61,,,
2008-05-25,172,39,,,
2008-05-26,189,78,,,
2008-05-27,183,78,,,
2008-05-28,189,83,,,
2008-05-29,200,78,,,
2008-05-30,233,72,,,
2008-05-31,228,56,,,
2008-06-01,239,44,,,
2008-06-02,244,28,,,
2008-06-03,206,61,,,
2008-06-04,200,50,,,
2008-06-05,233,17,,,
2008-06-06,183,28,,,
2008-06-07,250,0,,,
2008-06-08,289,28,,,
2008-06-09,289,39,,,
2008-06-10,239,33,,,
2008-06-11,267,17,,,
2008-06-12,328,50,,,
2008-06-13,339,33,,,
2008-06-14,328,56,,,
2008-06-15,300,39,,,
2008-06-16,306,33,,,
2008-06-17,294,22,,,
2008-06-18,289,6,,,
2008-06-19,311,33,,,
2008-06-20,339,28,,,
2008-06-21,289,67,,,
2008-06-22,306,17,,,
2008-06-23,311,22,,,
2008-06-24,278,50,,,
2008-06-25,311,61,,,
2008-06-26,311,50,,,
2008-06-27,361,89,,,
2008-06-28,322,122,,,
2008-06-29,328,94,,,
2008-06-30,322,67,,,
2008-07-01,311,78,,,
2008-07-02,311,78,,,
2008-07-03,283,72,,,
2008-07-04,289,111,,,
2008-07-05,294,72,,,
2008-07-06,356,72,,,
2008-07-07,394,100,,,
2008-07-08,394,133,,,
2008-07-09,411,94,,,
2008-07-10,400,100,,,
2008-07-11,378,106,,,
2008-07-12,344,106,,,
2008-07-13,350,106,,,
2008-07-14,350,117,,,
2008-07-15,333,94,,,
2008-07-16,328,83,,,
2008-07-17,328,61,,,
2008-07-18,350,44,,,
2008-07-19,350,56,,,
2008-07-20,344,83,,,
2008-07-21,328,67,,,
2008-07-22,322,56,,,
2008-07-23,306,39,,,
2008-07-24,306,67,,,
2008-07-25,322,33,,,
2008-07-26,328,56,,,
2008-07-27,322,67,,,
2008-07-28,317,72,,,
2008-07-29,306,72,,,
2008-07-30,339,56,,,
2008-07-31,328,72,,,
2008-08-01,328,61,,,
2008-08-02,311,78,,,
2008-08-03,333,67,,,
2008-08-04,339,67,,,
2008-08-05,344,61,,,
2008-08-06,356,117,,,
2008-08-07,344,94,,,
2008-08-08,311,61,,,
2008-08-09,294,50,,,
2008-08-10,333,44,,,
2008-08-11,350,72,,,
2008-08-12,356,89,,,
2008-08-13,383,83,,,
2008-08-14,400,89,,,
2008-08-15,411,100,,,
2008-08-16,406,111,,,
2008-08-17,367,122,,,
2008-08-18,261,100,,,
2008-08-19,267,106,,,
2008-08-20,272,100,,,
2008-08-21,306,111,,,
2008-08-22,344,78,,,
2008-08-23,350,94,,,
2008-08-24,339,67,,,
2008-08-25,283,67,,,
2008-08-26,339,22,,,
2008-08-27,361,67,,,
2008-08-28,394,83,,,
2008-08-29,394,89,,,
2008-08-30,317,61,,,
2008-08-31,239,17,,,
2008-09-01,283,33,,,
2008-09-02,328,33,,,
2008-09-03,339,44,,,
2008-09-04,372,50,,,
2008-09-05,389,67,,,
2008-09-06,378,67,,,
2008-09-07,361,61,,,
2008-09-08,356,50,,,
2008-09-09,311,56,,,
2008-09-10,344,61,,,
2008-09-11,356,44,,,
2008-09-12,350,28,,,
2008-09-13,350,50,,,
2008-09-14,372,39,,,
2008-09-15,367,50,,,
2008-09-16,339,83,,,
2008-09-17,306,39,,,
2008-09-18,272,11,,,
2008-09-19,167,17,,,
2008-09-20,222,72,,,
2008-09-21,233,61,,,
2008-09-22,272,11,,,
2008-09-23,306,0,,,
2008-09-24,306,11,,,
2008-09-25,306,61,,,
2008-09-26,322,33,,,
2008-09-27,328,28,,,
2008-09-28,356,33,,,
2008-09-29,339,61,,,
2008-09-30,311,61,,,
2008-10-01,283,50,,,
2008-10-02,167,94,,,
2008-10-03,122,100,,,
2008-10-04,144,89,,,
2008-10-05,178,72,,,
2008-10-06,267,56,,,
2008-10-07,256,22,,,
2008-10-08,250,39,,,
2008-10-09,161,0,,,
2008-10-10,133,-17,,,
2008-10-11,144,-22,,,
2008-10-12,194,-50,,,
2008-10-13,261,-11,,,
2008-10-14,278,0,,,
2008-10-15,250,0,,,
2008-10-16,267,11,,,
2008-10-17,278,33,,,
2008-10-18,261,0,,,
2008-10-19,244,0,,,
2008-10-20,222,0,,,
2008-10-21,244,17,,,
2008-10-22,306,-6,,,
2008-10-23,294,-11,,,
2008-10-24,300,-11,,,
2008-10-25,311,0,,,
2008-10-26,300,0,,,
2008-10-27,256,-6,,,
2008-10-28,267,0,,,
2008-10-29,272,-11,,,
2008-10-30,211,56,,,
2008-10-31,161,78,,,
2008-11-01,117,89,,,
2008-11-02,106,50,,,
2008-11-03,72,22,,,
2008-11-04,78,6,,,
2008-11-05,67,6,,,
2008-11-06,194,61,,,
2008-11-07,206,39,,,
2008-11-08,106,39,,,
2008-11-09,139,28,,,
2008-11-10,139,22,,,
2008-11-11,94,44,,,
2008-11-12,167,78,,,
2008-11-13,200,61,,,
2008-11-14,244,22,,,
2008-11-15,244,11,,,
2008-11-16,244,0,,,
2008-11-17,233,0,,,
2008-11-18,228,-6,,,
2008-11-19,183,-6,,,
2008-11-20,128,0,,,
2008-11-21,172,-28,,,
2008-11-22,133,-17,,,
2008-11-23,172,-6,,,
2008-11-24,161,-28,,,
2008-11-25,128,28,,,
2008-11-26,189,6,,,
2008-11-27,178,0,,,
2008-11-28,161,-6,,,
2008-11-29,217,-6,,,
2008-11-30,222,-17,,,
2008-12-01,206,-17,,,
2008-12-02,161,0,,,
2008-12-03,150,-39,,,
2008-12-04,183,-44,,,
2008-12-05,183,-44,,,
2008-12-06,178,-44,,,
2008-12-07,172,-44,,,
2008-12-08,122,-28,,,
2008-12-09,178,-33,,,
2008-12-10,167,-44,,,
2008-12-11,189,-28,,,
2008-12-12,128,-33,,,
2008-12-13,50,-17,,,
2008-12-14,17,-6,,,
2008-12-15,17,-50,,,
2008-12-16,50,-139,,,
2008-12-17,61,-178,,,
2008-12-18,11,-61,,,
2008-12-19,44,-28,,,
2008-12-20,61,-44,,,
2008-12-21,44,0,,,
2008-12-22,56,-6,,,
2008-12-23,61,-28,,,
2008-12-24,33,0,,,
2008-12-25,22,-50,,,
2008-12-26,67,-94,,,
2008-12-27,39,0,,,
2008-12-28,61,11,,,
2008-12-29,56,11,,,
2008-12-30,106,-11,,,
2008-12-31,128,0,,,
2009-01-01,78,0,,,
2009-01-02,72,-33,,,
2009-01-03,61,-56,,,
2009-01-04,61,-78,,,
2009-01-05,100,0,,,
2009-01-06,128,17,,,
2009-01-07,150,0,,,
2009-01-08,111,-22,,,
2009-01-09,144,-39,,,
2009-01-10,189,-33,,,
2009-01-11,206,-50,,,
2009-01-12,222,0,,,
2009-01-13,211,-22,,,
2009-01-14,206,-50,,,
2009-01-15,194,-61,,,
2009-01-16,233,-44,,,
2009-01-17,206,-56,,,
2009-01-18,194,-50,,,
2009-01-19,206,-56,,,
2009-01-20,189,-61,,,
2009-01-21,100,-22,,,
2009-01-22,94,50,,,
2009-01-23,144,28,,,
2009-01-24,94,6,,,
2009-01-25,78,0,,,
2009-01-26,89,-39,,,
2009-01-27,150,-56,,,
2009-01-28,139,-28,,,
2009-01-29,211,-39,,,
2009-01-30,228,-44,,,
2009-01-31,206,-50,,,
2009-02-01,206,-56,,,
2009-02-02,233,-39,,,
2009-02-03,233,-50,,,
2009-02-04,194,-33,,,
2009-02-05,89,0,,,
2009-02-06,100,0,,,
2009-02-07,150,-11,,,
2009-02-08,94,-39,,,
2009-02-09,50,-50,,,
2009-02-10,17,-56,,,
2009-02-11,28,-6,,,
2009-02-12,89,-28,,,
2009-02-13,17,-17,,,
2009-02-14,39,-11,,,
2009-02-15,72,0,,,
2009-02-16,44,0,,,
2009-02-17,111,0,,,
2009-02-18,122,-28,,,
2009-02-19,150,-44,,,
2009-02-20,194,-17,,,
2009-02-21,167,-22,,,
2009-02-22,94,33,,,
2009-02-23,94,39,,,
2009-02-24,128,11,,,
2009-02-25,61,28,,,
2009-02-26,94,6,,,
2009-02-27,144,-11,,,
2009-02-28,133,0,,,
2009-03-01,100,61,,,
2009-03-02,89,28,,,
2009-03-03,39,0,,,
2009-03-04,72,0,,,
2009-03-05,94,-17,,,
2009-03-06,106,-6,,,
2009-03-07,161,-6,,,
2009-03-08,111,-11,,,
2009-03-09,83,-44,,,
2009-03-10,156,-67,,,
2009-03-11,167,-39,,,
2009-03-12,211,-44,,,
2009-03-13,211,-44,,,
2009-03-14,100,-6,,,
2009-03-15,78,33,,,
2009-03-16,89,33,,,
2009-03-17,156,33,,,
2009-03-18,194,28,,,
2009-03-19,211,44,,,
2009-03-20,206,22,,,
2009-03-21,111,6,,,
2009-03-22,56,-22,,,
2009-03-23,106,-50,,,
2009-03-24,178,-6,,,
2009-03-25,156,6,,,
2009-03-26,200,33,,,
2009-03-27,239,17,,,
2009-03-28,217,17,,,
2009-03-29,122,-6,,,
2009-03-30,194,-17,,,
2009-03-31,194,-11,,,
2009-04-01,189,6,,,
2009-04-02,128,11,,,
2009-04-03,117,-22,,,
2009-04-04,206,-50,,,
2009-04-05,211,-39,,,
2009-04-06,256,-33,,,
2009-04-07,156,11,,,
2009-04-08,111,39,,,
2009-04-09,72,11,,,
2009-04-10,133,-11,,,
2009-04-11,150,-6,,,
2009-04-12,200,50,,,
2009-04-13,150,-17,,,
2009-04-14,78,-22,,,
2009-04-15,139,-28,,,
2009-04-16,211,-28,,,
2009-04-17,217,0,,,
2009-04-18,278,28,,,
2009-04-19,300,28,,,
2009-04-20,322,39,,,
2009-04-21,328,50,,,
2009-04-22,283,17,,,
2009-04-23,178,22,,,
2009-04-24,133,6,,,
2009-04-25,194,6,,,
2009-04-26,206,-17,,,
2009-04-27,144,6,,,
2009-04-28,128,-11,,,
2009-04-29,161,6,,,
2009-04-30,183,6,,,
2009-05-01,133,67,,,
2009-05-02,94,50,,,
2009-05-03,161,44,,,
2009-05-04,106,39,,,
2009-05-05,189,78,,,
2009-05-06,167,61,,,
2009-05-07,211,39,,,
2009-05-08,244,22,,,
2009-05-09,256,6,,,
2009-05-10,261,17,,,
2009-05-11,228,22,,,
2009-05-12,200,0,,,
2009-05-13,228,0,,,
2009-05-14,200,56,,,
2009-05-15,300,67,,,
2009-05-16,356,50,,,
2009-05-17,356,67,,,
2009-05-18,328,89,,,
2009-05-19,239,39,,,
2009-05-20,261,6,,,
2009-05-21,289,22,,,
2009-05-22,300,39,,,
2009-05-23,283,50,,,
2009-05-24,278,50,,,
2009-05-25,294,33,,,
2009-05-26,311,39,,,
2009-05-27,333,50,,,
2009-05-28,333,78,,,
2009-05-29,333,61,,,
2009-05-30,317,83,,,
2009-05-31,278,61,,,
2009-06-01,250,94,,,
2009-06-02,222,78,,,
2009-06-03,244,94,,,
2009-06-04,172,89,,,
2009-06-05,167,94,,,
2009-06-06,228,72,,,
2009-06-07,233,72,,,
2009-06-08,261,61,,,
2009-06-09,244,50,,,
2009-06-10,228,78,,,
2009-06-11,217,61,,,
2009-06-12,233,67,,,
2009-06-13,233,67,,,
2009-06-14,239,94,,,
2009-06-15,228,100,,,
2009-06-16,272,100,,,
2009-06-17,289,100,,,
2009-06-18,317,78,,,
2009-06-19,250,78,,,
2009-06-20,189,56,,,
2009-06-21,233,61,,,
2009-06-22,294,33,,,
2009-06-23,322,44,,,
2009-06-24,322,56,,,
2009-06-25,306,56,,,
2009-06-26,339,67,,,
2009-06-27,367,94,,,
2009-06-28,356,94,,,
2009-06-29,361,61,,,
2009-06-30,356,78,,,
2009-07-01,356,89,,,
2009-07-02,350,83,,,
2009-07-03,356,72,,,
2009-07-04,339,72,,,
2009-07-05,306,61,,,
2009-07-06,278,33,,,
2009-07-07,272,28,,,
2009-07-08,261,28,,,
2009-07-09,272,44,,,
2009-07-10,267,89,,,
2009-07-11,278,61,,,
2009-07-12,256,78,,,
2009-07-13,328,33,,,
2009-07-14,356,83,,,
2009-07-15,356,72,,,
2009-07-16,361,67,,,
2009-07-17,372,89,,,
2009-07-18,383,100,,,
2009-07-19,394,78,,,
2009-07-20,367,83,,,
2009-07-21,344,83,,,
2009-07-22,356,67,,,
2009-07-23,356,83,,,
2009-07-24,361,106,,,
2009-07-25,361,100,,,
2009-07-26,383,106,,,
2009-07-27,389,117,,,
2009-07-28,400,122,,,
2009-07-29,389,133,,,
2009-07-30,350,117,,,
2009-07-31,328,122,,,
2009-08-01,344,100,,,
2009-08-02,328,100,,,
2009-08-03,306,78,,,
2009-08-04,283,56,,,
2009-08-05,267,61,,,
2009-08-06,183,111,,,
2009-08-07,256,78,,,
2009-08-08,311,67,,,
2009-08-09,339,67,,,
2009-08-10,367,67,,,
2009-08-11,344,67,,,
2009-08-12,322,61,,,
2009-08-13,278,78,,,
2009-08-14,289,28,,,
2009-08-15,311,44,,,
2009-08-16,339,50,,,
2009-08-17,361,61,,,
2009-08-18,394,78,,,
2009-08-19,394,78,,,
2009-08-20,361,83,,,
2009-08-21,361,67,,,
2009-08-22,361,61,,,
2009-08-23,300,50,,,
2009-08-24,306,61,,,
2009-08-25,317,56,,,
2009-08-26,328,56,,,
2009-08-27,350,39,,,
2009-08-28,317,106,,,
2009-08-29,333,89,,,
2009-08-30,322,39,,,
2009-08-31,311,44,,,
2009-09-01,300,56,,,
2009-09-02,333,67,,,
2009-09-03,317,50,,,
2009-09-04,306,39,,,
2009-09-05,206,50,,,
2009-09-06,233,33,,,
2009-09-07,272,17,,,
2009-09-08,311,17,,,
2009-09-09,333,44,,,
2009-09-10,356,72,,,
2009-09-11,372,67,,,
2009-09-12,333,122,,,
2009-09-13,256,83,,,
2009-09-14,228,89,,,
2009-09-15,283,89,,,
2009-09-16,278,61,,,
2009-09-17,317,78,,,
2009-09-18,339,78,,,
2009-09-19,300,89,,,
2009-09-20,344,78,,,
2009-09-21,378,50,,,
2009-09-22,378,44,,,
2009-09-23,356,56,,,
2009-09-24,350,44,,,
2009-09-25,383,50,,,
2009-09-26,400,56,,,
2009-09-27,383,39,,,
2009-09-28,278,28,,,
2009-09-29,156,44,,,
2009-09-30,194,-11,,,
2009-10-01,267,0,,,
2009-10-02,233,0,,,
2009-10-03,167,-6,,,
2009-10-04,128,-28,,,
2009-10-05,194,-33,,,
2009-10-06,217,11,,,
2009-10-07,283,-22,,,
2009-10-08,278,-11,,,
2009-10-09,294,0,,,
2009-10-10,278,-6,,,
2009-10-11,250,-17,,,
2009-10-12,156,17,,,
2009-10-13,117,83,,,
2009-10-14,139,100,,,
2009-10-15,228,78,,,
2009-10-16,278,56,,,
2009-10-17,222,78,,,
2009-10-18,194,78,,,
2009-10-19,133,56,,,
2009-10-20,200,50,,,
2009-10-21,217,61,,,
2009-10-22,211,50,,,
2009-10-23,244,39,,,
2009-10-24,222,39,,,
2009-10-25,250,17,,,
2009-10-26,183,22,,,
2009-10-27,117,0,,,
2009-10-28,139,-28,,,
2009-10-29,172,-11,,,
2009-10-30,228,22,,,
2009-10-31,228,22,,,
2009-11-01,228,17,,,
2009-11-02,244,-6,,,
2009-11-03,250,-11,,,
2009-11-04,228,-11,,,
2009-11-05,111,28,,,
2009-11-06,122,44,,,
2009-11-07,122,0,,,
2009-11-08,156,-6,,,
2009-11-09,83,-11,,,
2009-11-10,128,50,,,
2009-11-11,111,28,,,
2009-11-12,100,-6,,,
2009-11-13,89,0,,,
2009-11-14,133,-17,,,
2009-11-15,178,-33,,,
2009-11-16,172,-33,,,
2009-11-17,67,-17,,,
2009-11-18,94,0,,,
2009-11-19,161,-22,,,
2009-11-20,67,0,,,
2009-11-21,78,0,,,
2009-11-22,100,-6,,,
2009-11-23,156,-28,,,
2009-11-24,189,-17,,,
2009-11-25,189,0,,,
2009-11-26,156,-11,,,
2009-11-27,94,-11,,,
2009-11-28,144,-33,,,
2009-11-29,183,-17,,,
2009-11-30,172,-28,,,
2009-12-01,161,-39,,,
2009-12-02,161,-50,,,
2009-12-03,172,-61,,,
2009-12-04,161,-44,,,
2009-12-05,100,-72,,,
2009-12-06,28,-94,,,
2009-12-07,39,-106,,,
2009-12-08,33,-133,,,
2009-12-09,67,-128,,,
2009-12-10,100,-94,,,
2009-12-11,50,0,,,
2009-12-12,56,17,,,
2009-12-13,89,0,,,
2009-12-14,78,0,,,
2009-12-15,72,33,,,
2009-12-16,111,28,,,
2009-12-17,106,6,,,
2009-12-18,156,56,,,
2009-12-19,178,44,,,
2009-12-20,94,72,,,
2009-12-21,83,0,,,
2009-12-22,56,-28,,,
2009-12-23,106,-50,,,
2009-12-24,122,-44,,,
2009-12-25,144,-44,,,
2009-12-26,44,-17,,,
2009-12-27,67,17,,,
2009-12-28,61,0,,,
2009-12-29,22,-17,,,
2009-12-30,83,0,,,
2009-12-31,83,17,,,
2010-01-01,106,39,,,
2010-01-02,117,0,,,
2010-01-03,156,-11,,,
2010-01-04,156,0,,,
2010-01-05,156,6,,,
2010-01-06,111,56,,,
2010-01-07,133,33,,,
2010-01-08,111,50,,,
2010-01-09,94,17,,,
2010-01-10,106,28,,,
2010-01-11,144,39,,,
2010-01-12,100,67,,,
2010-01-13,106,33,,,
2010-01-14,133,6,,,
2010-01-15,133,0,,,
2010-01-16,139,17,,,
2010-01-17,78,28,,,
2010-01-18,61,33,,,
2010-01-19,44,0,,,
2010-01-20,28,0,,,
2010-01-21,28,0,,,
2010-01-22,44,0,,,
2010-01-23,56,0,,,
2010-01-24,17,0,,,
2010-01-25,33,0,,,
2010-01-26,106,0,,,
2010-01-27,133,-17,,,
2010-01-28,133,-17,,,
2010-01-29,150,11,,,
2010-01-30,83,22,,,
2010-01-31,111,0,,,
2010-02-01,39,0,,,
2010-02-02,111,17,,,
2010-02-03,83,28,,,
2010-02-04,67,22,,,
2010-02-05,128,39,,,
2010-02-06,78,33,,,
2010-02-07,122,11,,,
2010-02-08,89,0,,,
2010-02-09,128,-6,,,
2010-02-10,94,-6,,,
2010-02-11,83,39,,,
2010-02-12,94,39,,,
2010-02-13,167,17,,,
2010-02-14,94,0,,,
2010-02-15,172,50,,,
2010-02-16,200,33,,,
2010-02-17,217,0,,,
2010-02-18,200,-6,,,
2010-02-19,167,-22,,,
2010-02-20,139,6,,,
2010-02-21,111,-6,,,
2010-02-22,128,-11,,,
2010-02-23,56,0,,,
2010-02-24,106,33,,,
2010-02-25,111,28,,,
2010-02-26,94,17,,,
2010-02-27,144,0,,,
2010-02-28,178,0,,,
2010-03-01,144,0,,,
2010-03-02,72,28,,,
2010-03-03,83,-6,,,
2010-03-04,117,-6,,,
2010-03-05,111,0,,,
2010-03-06,178,0,,,
2010-03-07,172,6,,,
2010-03-08,44,-17,,,
2010-03-09,67,-50,,,
2010-03-10,111,-78,,,
2010-03-11,139,-17,,,
2010-03-12,61,0,,,
2010-03-13,94,-17,,,
2010-03-14,194,-28,,,
2010-03-15,206,-11,,,
2010-03-16,156,6,,,
2010-03-17,228,0,,,
2010-03-18,239,-22,,,
2010-03-19,267,-33,,,
2010-03-20,200,-17,,,
2010-03-21,139,11,,,
2010-03-22,172,6,,,
2010-03-23,222,-11,,,
2010-03-24,194,0,,,
2010-03-25,72,0,,,
2010-03-26,133,0,,,
2010-03-27,194,0,,,
2010-03-28,94,28,,,
2010-03-29,89,33,,,
2010-03-30,39,0,,,
2010-03-31,61,-11,,,
2010-04-01,89,0,,,
2010-04-02,67,0,,,
2010-04-03,67,0,,,
2010-04-04,33,-6,,,
2010-04-05,83,-6,,,
2010-04-06,128,0,,,
2010-04-07,222,-6,,,
2010-04-08,133,0,,,
2010-04-09,189,-17,,,
2010-04-10,133,0,,,
2010-04-11,83,22,,,
2010-04-12,100,17,,,
2010-04-13,122,39,,,
2010-04-14,89,17,,,
2010-04-15,183,11,,,
2010-04-16,167,17,,,
2010-04-17,189,33,,,
2010-04-18,239,17,,,
2010-04-19,189,28,,,
2010-04-20,94,17,,,
2010-04-21,94,11,,,
2010-04-22,211,-6,,,
2010-04-23,239,6,,,
2010-04-24,217,0,,,
2010-04-25,256,0,,,
2010-04-26,206,11,,,
2010-04-27,94,6,,,
2010-04-28,50,0,,,
2010-04-29,100,-6,,,
2010-04-30,167,-17,,,
2010-05-01,189,11,,,
2010-05-02,233,-11,,,
2010-05-03,217,22,,,
2010-05-04,194,0,,,
2010-05-05,144,-11,,,
2010-05-06,194,-22,,,
2010-05-07,200,-11,,,
2010-05-08,183,-6,,,
2010-05-09,111,56,,,
2010-05-10,61,11,,,
2010-05-11,172,0,,,
2010-05-12,222,33,,,
2010-05-13,244,22,,,
2010-05-14,250,28,,,
2010-05-15,250,50,,,
2010-05-16,233,50,,,
2010-05-17,150,67,,,
2010-05-18,156,44,,,
2010-05-19,111,28,,,
2010-05-20,161,11,,,
2010-05-21,89,0,,,
2010-05-22,56,11,,,
2010-05-23,150,0,,,
2010-05-24,139,33,,,
2010-05-25,89,44,,,
2010-05-26,128,50,,,
2010-05-27,106,39,,,
2010-05-28,178,28,,,
2010-05-29,250,28,,,
2010-05-30,250,44,,,
2010-05-31,217,89,,,
2010-06-01,211,100,,,
2010-06-02,167,111,,,
2010-06-03,178,100,,,
2010-06-04,183,106,,,
2010-06-05,233,94,,,
2010-06-06,228,78,,,
2010-06-07,278,61,,,
2010-06-08,233,83,,,
2010-06-09,183,78,,,
2010-06-10,178,61,,,
2010-06-11,256,50,,,
2010-06-12,306,50,,,
2010-06-13,311,67,,,
2010-06-14,294,78,,,
2010-06-15,244,39,,,
2010-06-16,233,11,,,
2010-06-17,239,11,,,
2010-06-18,228,44,,,
2010-06-19,217,28,,,
2010-06-20,250,6,,,
2010-06-21,294,50,,,
2010-06-22,300,56,,,
2010-06-23,300,56,,,
2010-06-24,317,89,,,
2010-06-25,300,94,,,
2010-06-26,344,78,,,
2010-06-27,361,78,,,
2010-06-28,344,56,,,
2010-06-29,306,61,,,
2010-06-30,272,17,,,
2010-07-01,267,17,,,
2010-07-02,272,33,,,
2010-07-03,300,44,,,
2010-07-04,344,61,,,
2010-07-05,344,78,,,
2010-07-06,344,78,,,
2010-07-07,344,100,,,
2010-07-08,361,89,,,
2010-07-09,394,106,,,
2010-07-10,350,111,,,
2010-07-11,356,122,,,
2010-07-12,344,111,,,
2010-07-13,328,89,,,
2010-07-14,356,89,,,
2010-07-15,372,106,,,
2010-07-16,389,117,,,
2010-07-17,383,106,,,
2010-07-18,350,83,,,
2010-07-19,372,67,,,
2010-07-20,372,94,,,
2010-07-21,356,61,,,
2010-07-22,372,83,,,
2010-07-23,372,106,,,
2010-07-24,361,94,,,
2010-07-25,372,122,,,
2010-07-26,344,111,,,
2010-07-27,328,106,,,
2010-07-28,317,89,,,
2010-07-29,328,67,,,
2010-07-30,322,78,,,
2010-07-31,322,61,,,
2010-08-01,328,72,,,
2010-08-02,333,56,,,
2010-08-03,350,83,,,
2010-08-04,339,83,,,
2010-08-05,344,89,,,
2010-08-06,356,78,,,
2010-08-07,333,89,,,
2010-08-08,322,83,,,
2010-08-09,317,61,,,
2010-08-10,294,67,,,
2010-08-11,289,50,,,
2010-08-12,328,72,,,
2010-08-13,339,78,,,
2010-08-14,328,78,,,
2010-08-15,339,83,,,
2010-08-16,367,83,,,
2010-08-17,339,100,,,
2010-08-18,328,56,,,
2010-08-19,356,61,,,
2010-08-20,333,61,,,
2010-08-21,267,50,,,
2010-08-22,289,56,,,
2010-08-23,372,50,,,
2010-08-24,394,56,,,
2010-08-25,394,78,,,
2010-08-26,339,83,,,
2010-08-27,311,56,,,
2010-08-28,189,44,,,
2010-08-29,233,39,,,
2010-08-30,239,6,,,
2010-08-31,306,44,,,
2010-09-01,339,72,,,
2010-09-02,372,83,,,
2010-09-03,356,61,,,
2010-09-04,344,67,,,
2010-09-05,306,17,,,
2010-09-06,333,56,,,
2010-09-07,272,39,,,
2010-09-08,172,67,,,
2010-09-09,233,39,,,
2010-09-10,289,50,,,
2010-09-11,311,33,,,
2010-09-12,311,39,,,
2010-09-13,306,44,,,
2010-09-14,306,39,,,
2010-09-15,289,44,,,
2010-09-16,289,50,,,
2010-09-17,233,111,,,
2010-09-18,233,111,,,
2010-09-19,200,100,,,
2010-09-20,239,94,,,
2010-09-21,206,83,,,
2010-09-22,239,67,,,
2010-09-23,267,50,,,
2010-09-24,322,22,,,
2010-09-25,333,28,,,
2010-09-26,344,39,,,
2010-09-27,367,44,,,
2010-09-28,372,50,,,
2010-09-29,394,39,,,
2010-09-30,367,56,,,
2010-10-01,350,28,,,
2010-10-02,333,39,,,
2010-10-03,261,72,,,
2010-10-04,211,50,,,
2010-10-05,244,28,,,
2010-10-06,261,89,,,
2010-10-07,222,39,,,
2010-10-08,228,17,,,
2010-10-09,283,56,,,
2010-10-10,294,56,,,
2010-10-11,283,50,,,
2010-10-12,328,11,,,
2010-10-13,322,0,,,
2010-10-14,300,28,,,
2010-10-15,283,50,,,
2010-10-16,244,22,,,
2010-10-17,228,33,,,
2010-10-18,283,22,,,
2010-10-19,289,0,,,
2010-10-20,283,0,,,
2010-10-21,156,28,,,
2010-10-22,128,61,,,
2010-10-23,117,56,,,
2010-10-24,122,50,,,
2010-10-25,111,28,,,
2010-10-26,133,0,,,
2010-10-27,83,-17,,,
2010-10-28,89,50,,,
2010-10-29,144,56,,,
2010-10-30,106,50,,,
2010-10-31,133,72,,,
2010-11-01,217,50,,,
2010-11-02,267,44,,,
2010-11-03,256,22,,,
2010-11-04,250,28,,,
2010-11-05,183,44,,,
2010-11-06,206,17,,,
2010-11-07,117,28,,,
2010-11-08,111,0,,,
2010-11-09,61,0,,,
2010-11-10,128,0,,,
2010-11-11,172,-11,,,
2010-11-12,178,-11,,,
2010-11-13,172,0,,,
2010-11-14,200,22,,,
2010-11-15,217,39,,,
2010-11-16,183,-11,,,
2010-11-17,200,-33,,,
2010-11-18,83,-17,,,
2010-11-19,61,0,,,
2010-11-20,28,0,,,
2010-11-21,78,0,,,
2010-11-22,50,0,,,
2010-11-23,33,-44,,,
2010-11-24,67,-83,,,
2010-11-25,122,-67,,,
2010-11-26,100,-39,,,
2010-11-27,39,-17,,,
2010-11-28,72,-39,,,
2010-11-29,78,-33,,,
2010-11-30,72,0,,,
2010-12-01,72,17,,,
2010-12-02,61,33,,,
2010-12-03,100,28,,,
2010-12-04,106,39,,,
2010-12-05,139,39,,,
2010-12-06,111,28,,,
2010-12-07,128,11,,,
2010-12-08,100,56,,,
2010-12-09,106,61,,,
2010-12-10,111,72,,,
2010-12-11,122,67,,,
2010-12-12,128,39,,,
2010-12-13,122,72,,,
2010-12-14,106,11,,,
2010-12-15,83,-6,,,
2010-12-16,78,-28,,,
2010-12-17,72,-28,,,
2010-12-18,83,39,,,
2010-12-19,56,0,,,
2010-12-20,28,0,,,
2010-12-21,67,11,,,
2010-12-22,100,11,,,
2010-12-23,106,-11,,,
2010-12-24,72,-17,,,
2010-12-25,67,0,,,
2010-12-26,33,6,,,
2010-12-27,72,17,,,
2010-12-28,61,28,,,
2010-12-29,39,-33,,,
2010-12-30,56,-17,,,
2010-12-31,39,-17,,,
2011-01-01,50,-17,,,
2011-01-02,100,-17,,,
2011-01-03,111,-17,,,
2011-01-04,100,-50,,,
2011-01-05,111,-39,,,
2011-01-06,122,-67,,,
2011-01-07,128,-61,,,
2011-01-08,111,-44,,,
2011-01-09,72,-78,,,
2011-01-10,100,-89,,,
2011-01-11,44,-11,,,
2011-01-12,117,11,,,
2011-01-13,106,28,,,
2011-01-14,144,28,,,
2011-01-15,189,11,,,
2011-01-16,161,50,,,
2011-01-17,178,0,,,
2011-01-18,194,-17,,,
2011-01-19,156,6,,,
2011-01-20,217,-17,,,
2011-01-21,222,-17,,,
2011-01-22,211,-17,,,
2011-01-23,189,-28,,,
2011-01-24,206,-17,,,
2011-01-25,211,-33,,,
2011-01-26,217,-6,,,
2011-01-27,200,-33,,,
2011-01-28,178,-33,,,
2011-01-29,139,-28,,,
2011-01-30,122,0,,,
2011-01-31,167,-11,,,
2011-02-01,172,-28,,,
2011-02-02,194,-50,,,
2011-02-03,189,-50,,,
2011-02-04,211,-33,,,
2011-02-05,200,-6,,,
2011-02-06,222,-11,,,
2011-02-07,161,-33,,,
2011-02-08,100,-44,,,
2011-02-09,167,-33,,,
2011-02-10,217,-56,,,
2011-02-11,206,-39,,,
2011-02-12,183,-39,,,
2011-02-13,178,-61,,,
2011-02-14,89,0,,,
2011-02-15,61,0,,,
2011-02-16,17,-11,,,
2011-02-17,39,-6,,,
2011-02-18,122,-11,,,
2011-02-19,94,-17,,,
2011-02-20,111,-17,,,
2011-02-21,111,-44,,,
2011-02-22,111,-61,,,
2011-02-23,100,-67,,,
2011-02-24,28,0,,,
2011-02-25,72,-72,,,
2011-02-26,94,-78,,,
2011-02-27,133,-44,,,
2011-02-28,50,0,,,
2011-03-01,150,0,,,
2011-03-02,72,22,,,
2011-03-03,94,6,,,
2011-03-04,139,-6,,,
2011-03-05,94,39,,,
2011-03-06,144,28,,,
2011-03-07,72,11,,,
2011-03-08,117,28,,,
2011-03-09,167,39,,,
2011-03-10,83,22,,,
2011-03-11,133,6,,,
2011-03-12,78,6,,,
2011-03-13,94,22,,,
2011-03-14,128,17,,,
2011-03-15,100,44,,,
2011-03-16,72,0,,,
2011-03-17,50,0,,,
2011-03-18,33,0,,,
2011-03-19,72,0,,,
2011-03-20,56,6,,,
2011-03-21,89,0,,,
2011-03-22,117,0,,,
2011-03-23,78,0,,,
2011-03-24,22,0,,,
2011-03-25,44,0,,,
2011-03-26,72,0,,,
2011-03-27,61,6,,,
2011-03-28,167,0,,,
2011-03-29,144,11,,,
2011-03-30,222,0,,,
2011-03-31,261,-6,,,
2011-04-01,261,-6,,,
2011-04-02,150,-11,,,
2011-04-03,178,-33,,,
2011-04-04,239,-11,,,
2011-04-05,178,0,,,
2011-04-06,111,-11,,,
2011-04-07,61,-11,,,
2011-04-08,111,-33,,,
2011-04-09,144,-28,,,
2011-04-10,150,-6,,,
2011-04-11,150,-6,,,
2011-04-12,161,-6,,,
2011-04-13,89,0,,,
2011-04-14,117,-6,,,
2011-04-15,128,44,,,
2011-04-16,167,67,,,
2011-04-17,144,67,,,
2011-04-18,133,44,,,
2011-04-19,200,17,,,
2011-04-20,122,28,,,
2011-04-21,156,6,,,
2011-04-22,161,17,,,
2011-04-23,117,50,,,
2011-04-24,150,56,,,
2011-04-25,128,11,,,
2011-04-26,150,0,,,
2011-04-27,194,11,,,
2011-04-28,111,11,,,
2011-04-29,139,-22,,,
2011-04-30,206,-17,,,
2011-05-01,239,-11,,,
2011-05-02,217,0,,,
2011-05-03,250,0,,,
2011-05-04,300,6,,,
2011-05-05,261,28,,,
2011-05-06,261,6,,,
2011-05-07,172,22,,,
2011-05-08,150,0,,,
2011-05-09,189,-17,,,
2011-05-10,250,0,,,
2011-05-11,211,61,,,
2011-05-12,206,44,,,
2011-05-13,206,17,,,
2011-05-14,111,39,,,
2011-05-15,44,0,,,
2011-05-16,111,6,,,
2011-05-17,89,44,,,
2011-05-18,172,28,,,
2011-05-19,233,28,,,
2011-05-20,233,22,,,
2011-05-21,228,17,,,
2011-05-22,189,28,,,
2011-05-23,167,0,,,
2011-05-24,206,-17,,,
2011-05-25,106,39,,,
2011-05-26,106,39,,,
2011-05-27,161,50,,,
2011-05-28,94,11,,,
2011-05-29,178,28,,,
2011-05-30,139,28,,,
2011-05-31,94,39,,,
2011-06-01,111,33,,,
2011-06-02,167,39,,,
2011-06-03,128,39,,,
2011-06-04,161,83,,,
2011-06-05,194,78,,,
2011-06-06,183,83,,,
2011-06-07,244,61,,,
2011-06-08,272,56,,,
2011-06-09,272,44,,,
2011-06-10,267,28,,,
2011-06-11,228,50,,,
2011-06-12,261,78,,,
2011-06-13,283,89,,,
2011-06-14,311,72,,,
2011-06-15,306,39,,,
2011-06-16,283,44,,,
2011-06-17,294,33,,,
2011-06-18,272,61,,,
2011-06-19,294,78,,,
2011-06-20,356,78,,,
2011-06-21,361,100,,,
2011-06-22,339,78,,,
2011-06-23,289,56,,,
2011-06-24,294,28,,,
2011-06-25,294,50,,,
2011-06-26,300,39,,,
2011-06-27,289,72,,,
2011-06-28,156,106,,,
2011-06-29,211,94,,,
2011-06-30,272,83,,,
2011-07-01,328,72,,,
2011-07-02,322,106,,,
2011-07-03,322,72,,,
2011-07-04,350,44,,,
2011-07-05,367,100,,,
2011-07-06,372,117,,,
2011-07-07,333,111,,,
2011-07-08,339,78,,,
2011-07-09,317,89,,,
2011-07-10,300,67,,,
2011-07-11,289,78,,,
2011-07-12,267,89,,,
2011-07-13,222,72,,,
2011-07-14,261,50,,,
2011-07-15,278,67,,,
2011-07-16,244,78,,,
2011-07-17,222,111,,,
2011-07-18,167,111,,,
2011-07-19,283,111,,,
2011-07-20,306,100,,,
2011-07-21,322,78,,,
2011-07-22,311,78,,,
2011-07-23,344,106,,,
2011-07-24,328,94,,,
2011-07-25,300,67,,,
2011-07-26,322,61,,,
2011-07-27,339,89,,,
2011-07-28,367,100,,,
2011-07-29,372,106,,,
2011-07-30,356,117,,,
2011-07-31,344,111,,,
2011-08-01,328,100,,,
2011-08-02,328,78,,,
2011-08-03,317,83,,,
2011-08-04,300,100,,,
2011-08-05,322,100,,,
2011-08-06,317,100,,,
2011-08-07,317,106,,,
2011-08-08,317,94,,,
2011-08-09,333,72,,,
2011-08-10,328,67,,,
2011-08-11,311,56,,,
2011-08-12,322,78,,,
2011-08-13,333,50,,,
2011-08-14,300,78,,,
2011-08-15,306,44,,,
2011-08-16,322,67,,,
2011-08-17,328,89,,,
2011-08-18,344,67,,,
2011-08-19,350,83,,,
2011-08-20,322,94,,,
2011-08-21,317,83,,,
2011-08-22,317,72,,,
2011-08-23,350,67,,,
2011-08-24,333,106,,,
2011-08-25,333,72,,,
2011-08-26,350,67,,,
2011-08-27,350,78,,,
2011-08-28,350,67,,,
2011-08-29,344,56,,,
2011-08-30,339,83,,,
2011-08-31,306,56,,,
2011-09-01,339,44,,,
2011-09-02,361,50,,,
2011-09-03,367,56,,,
2011-09-04,339,61,,,
2011-09-05,344,50,,,
2011-09-06,350,50,,,
2011-09-07,356,61,,,
2011-09-08,361,50,,,
2011-09-09,383,78,,,
2011-09-10,378,83,,,
2011-09-11,328,83,,,
2011-09-12,322,111,,,
2011-09-13,322,94,,,
2011-09-14,322,67,,,
2011-09-15,278,67,,,
2011-09-16,267,39,,,
2011-09-17,294,11,,,
2011-09-18,339,28,,,
2011-09-19,344,39,,,
2011-09-20,350,39,,,
2011-09-21,361,50,,,
2011-09-22,361,56,,,
2011-09-23,356,50,,,
2011-09-24,283,72,,,
2011-09-25,206,50,,,
2011-09-26,267,44,,,
2011-09-27,300,39,,,
2011-09-28,333,44,,,
2011-09-29,333,56,,,
2011-09-30,300,61,,,
2011-10-01,189,106,,,
2011-10-02,194,61,,,
2011-10-03,117,72,,,
2011-10-04,122,67,,,
2011-10-05,89,33,,,
2011-10-06,150,28,,,
2011-10-07,222,17,,,
2011-10-08,250,44,,,
2011-10-09,233,33,,,
2011-10-10,156,117,,,
2011-10-11,211,78,,,
2011-10-12,267,56,,,
2011-10-13,283,39,,,
2011-10-14,294,67,,,
2011-10-15,278,78,,,
2011-10-16,261,94,,,
2011-10-17,283,67,,,
2011-10-18,283,39,,,
2011-10-19,256,56,,,
2011-10-20,250,33,,,
2011-10-21,250,28,,,
2011-10-22,278,11,,,
2011-10-23,283,6,,,
2011-10-24,228,17,,,
2011-10-25,200,0,,,
2011-10-26,200,-11,,,
2011-10-27,233,-11,,,
2011-10-28,244,-22,,,
2011-10-29,244,-17,,,
2011-10-30,256,11,,,
2011-10-31,228,17,,,
2011-11-01,183,-6,,,
2011-11-02,217,-28,,,
2011-11-03,94,-39,,,
2011-11-04,100,-17,,,
2011-11-05,39,-6,,,
2011-11-06,89,17,,,
2011-11-07,133,0,,,
2011-11-08,156,-6,,,
2011-11-09,178,-17,,,
2011-11-10,183,-56,,,
2011-11-11,167,-11,,,
2011-11-12,156,28,,,
2011-11-13,167,0,,,
2011-11-14,161,0,,,
2011-11-15,161,0,,,
2011-11-16,178,6,,,
2011-11-17,100,0,,,
2011-11-18,44,0,,,
2011-11-19,72,-17,,,
2011-11-20,100,0,,,
2011-11-21,83,6,,,
2011-11-22,94,44,,,
2011-11-23,106,61,,,
2011-11-24,100,44,,,
2011-11-25,144,28,,,
2011-11-26,172,0,,,
2011-11-27,161,6,,,
2011-11-28,178,17,,,
2011-11-29,161,-6,,,
2011-11-30,144,-11,,,
2011-12-01,183,78,,,
2011-12-02,189,-11,,,
2011-12-03,144,-28,,,
2011-12-04,172,-61,,,
2011-12-05,156,-28,,,
2011-12-06,144,-61,,,
2011-12-07,139,-44,,,
2011-12-08,194,-50,,,
2011-12-09,161,-67,,,
2011-12-10,139,-67,,,
2011-12-11,128,-61,,,
2011-12-12,106,-44,,,
2011-12-13,117,-72,,,
2011-12-14,117,-78,,,
2011-12-15,94,-17,,,
2011-12-16,156,-22,,,
2011-12-17,194,-22,,,
2011-12-18,156,-44,,,
2011-12-19,156,-33,,,
2011-12-20,200,-39,,,
2011-12-21,167,-56,,,
2011-12-22,161,-67,,,
2011-12-23,150,-78,,,
2011-12-24,172,-61,,,
2011-12-25,144,-61,,,
2011-12-26,128,-61,,,
2011-12-27,139,-44,,,
2011-12-28,128,39,,,
2011-12-29,111,72,,,
2011-12-30,89,0,,,
2011-12-31,106,0,,,
2012-01-01,161,-28,,,
2012-01-02,100,-17,,,
2012-01-03,133,-11,,,
2012-01-04,189,-28,,,
2012-01-05,156,0,,,
2012-01-06,144,-22,,,
2012-01-07,150,-44,,,
2012-01-08,178,-39,,,
2012-01-09,189,-61,,,
2012-01-10,128,-39,,,
2012-01-11,161,-67,,,
2012-01-12,156,-67,,,
2012-01-13,178,-72,,,
2012-01-14,172,-72,,,
2012-01-15,56,-61,,,
2012-01-16,56,-106,,,
2012-01-17,50,-111,,,
2012-01-18,22,0,,,
2012-01-21,56,0,,,
2012-01-23,100,0,,,
2012-01-24,100,0,,,
2012-01-25,150,89,,,
2012-01-26,139,28,,,
2012-01-27,156,-33,,,
2012-01-28,194,-50,,,
2012-01-29,172,-28,,,
2012-01-30,150,6,,,
2012-01-31,117,-17,,,
2012-02-01,111,0,,,
2012-02-02,206,-11,,,
2012-02-03,183,-39,,,
2012-02-04,178,-50,,,
2012-02-05,172,-33,,,
2012-02-06,167,-33,,,
2012-02-07,94,39,,,
2012-02-08,156,11,,,
2012-02-09,194,6,,,
2012-02-10,122,44,,,
2012-02-11,144,-6,,,
2012-02-12,72,-17,,,
2012-02-13,72,-6,,,
2012-02-14,100,-11,,,
2012-02-15,128,-39,,,
2012-02-16,178,-39,,,
2012-02-17,189,-11,,,
2012-02-18,94,-33,,,
2012-02-19,122,-28,,,
2012-02-20,117,17,,,
2012-02-21,206,28,,,
2012-02-22,189,0,,,
2012-02-23,189,-6,,,
2012-02-24,228,-28,,,
2012-02-25,72,-39,,,
2012-02-26,128,-67,,,
2012-02-27,89,-61,,,
2012-02-28,61,-28,,,
2012-02-29,33,0,,,
2012-03-01,78,-33,,,
2012-03-02,161,-61,,,
2012-03-03,233,-17,,,
2012-03-04,217,-33,,,
2012-03-05,178,-6,,,
2012-03-06,67,-22,,,
2012-03-07,211,-44,,,
2012-03-08,233,-39,,,
2012-03-09,206,-33,,,
2012-03-10,144,-17,,,
2012-03-11,78,-11,,,
2012-03-12,72,-17,,,
2012-03-13,83,33,,,
2012-03-14,89,28,,,
2012-03-15,100,67,,,
2012-03-17,100,0,,,
2012-03-18,61,-33,,,
2012-03-19,67,-39,,,
2012-03-20,94,11,,,
2012-03-21,100,61,,,
2012-03-22,106,0,,,
2012-03-23,122,0,,,
2012-03-24,67,0,,,
2012-03-25,106,17,,,
2012-03-26,78,0,,,
2012-03-27,61,33,,,
2012-03-28,106,39,,,
2012-03-29,67,50,,,
2012-03-30,111,89,,,
2012-03-31,56,6,,,
2012-04-01,83,22,,,
2012-04-02,189,22,,,
2012-04-03,111,6,,,
2012-04-04,83,-17,,,
2012-04-05,78,-17,,,
2012-04-06,144,-17,,,
2012-04-07,167,-6,,,
2012-04-08,183,-11,,,
2012-04-09,172,39,,,
2012-04-10,94,44,,,
2012-04-11,83,22,,,
2012-04-12,78,0,,,
2012-04-13,83,11,,,
2012-04-14,167,6,,,
2012-04-15,200,22,,,
2012-04-16,183,33,,,
2012-04-17,167,44,,,
2012-04-18,133,56,,,
2012-04-19,200,83,,,
2012-04-20,283,67,,,
2012-04-21,300,67,,,
2012-04-22,306,67,,,
2012-04-23,272,61,,,
2012-04-24,222,100,,,
2012-04-25,161,83,,,
2012-04-26,111,22,,,
2012-04-27,172,11,,,
2012-04-28,244,50,,,
2012-04-29,283,50,,,
2012-04-30,206,39,,,
2012-05-01,200,17,,,
2012-05-02,178,17,,,
2012-05-03,144,72,,,
2012-05-04,139,11,,,
2012-05-05,217,6,,,
2012-05-06,261,39,,,
2012-05-07,300,56,,,
2012-05-08,311,67,,,
2012-05-09,278,22,,,
2012-05-10,272,28,,,
2012-05-11,306,6,,,
2012-05-12,317,17,,,
2012-05-13,317,33,,,
2012-05-14,244,44,,,
2012-05-15,333,78,,,
2012-05-16,300,44,,,
2012-05-17,228,50,,,
2012-05-18,261,0,,,
2012-05-19,278,6,,,
2012-05-20,306,39,,,
2012-05-21,239,94,,,
2012-05-22,189,72,,,
2012-05-23,217,33,,,
2012-05-24,172,6,,,
2012-05-25,156,28,,,
2012-05-26,217,33,,,
2012-05-27,228,61,,,
2012-05-28,222,44,,,
2012-05-29,267,39,,,
2012-05-30,311,44,,,
2012-05-31,356,67,,,
2012-06-01,344,78,,,
2012-06-02,256,78,,,
2012-06-03,272,50,,,
2012-06-04,156,44,,,
2012-06-05,161,22,,,
2012-06-06,250,33,,,
2012-06-07,200,50,,,
2012-06-08,194,33,,,
2012-06-09,239,11,,,
2012-06-10,300,39,,,
2012-06-11,322,50,,,
2012-06-12,289,61,,,
2012-06-13,317,56,,,
2012-06-14,289,56,,,
2012-06-15,328,61,,,
2012-06-16,367,89,,,
2012-06-17,367,94,,,
2012-06-18,294,22,,,
2012-06-19,300,33,,,
2012-06-20,328,39,,,
2012-06-21,289,56,,,
2012-06-22,150,72,,,
2012-06-23,167,56,,,
2012-06-24,206,33,,,
2012-06-25,150,28,,,
2012-06-26,239,28,,,
2012-06-27,272,56,,,
2012-06-28,272,44,,,
2012-06-29,267,83,,,
2012-06-30,261,94,,,
2012-07-01,294,117,,,
2012-07-02,317,83,,,
2012-07-03,322,50,,,
2012-07-04,317,44,,,
2012-07-05,289,61,,,
2012-07-06,317,67,,,
2012-07-07,350,61,,,
2012-07-08,356,78,,,
2012-07-09,350,56,,,
2012-07-10,361,72,,,
2012-07-11,378,94,,,
2012-07-12,367,100,,,
2012-07-13,350,83,,,
2012-07-14,350,111,,,
2012-07-15,350,94,,,
2012-07-16,278,44,,,
2012-07-17,167,78,,,
2012-07-18,244,111,,,
2012-07-19,272,100,,,
2012-07-20,311,100,,,
2012-07-21,328,83,,,
2012-07-22,350,100,,,
2012-07-23,367,83,,,
2012-07-24,339,94,,,
2012-07-25,333,72,,,
2012-07-26,328,89,,,
2012-07-27,328,89,,,
2012-07-28,306,56,,,
2012-07-29,322,78,,,
2012-07-30,333,72,,,
2012-07-31,356,78,,,
2012-08-01,361,67,,,
2012-08-02,361,67,,,
2012-08-03,383,83,,,
2012-08-04,372,106,,,
2012-08-05,350,133,,,
2012-08-06,333,78,,,
2012-08-07,333,61,,,
2012-08-08,367,61,,,
2012-08-09,372,78,,,
2012-08-10,378,56,,,
2012-08-11,417,78,,,
2012-08-12,406,83,,,
2012-08-13,406,89,,,
2012-08-14,417,128,,,
2012-08-15,350,150,,,
2012-08-16,389,111,,,
2012-08-17,372,72,,,
2012-08-18,333,78,,,
2012-08-19,356,61,,,
2012-08-20,356,61,,,
2012-08-21,328,67,,,
2012-08-22,344,78,,,
2012-08-23,339,72,,,
2012-08-24,339,72,,,
2012-08-25,333,61,,,
2012-08-26,278,39,,,
2012-08-27,289,44,,,
2012-08-28,294,56,,,
2012-08-29,333,17,,,
2012-08-30,344,56,,,
2012-08-31,300,50,,,
2012-09-01,289,61,,,
2012-09-02,344,44,,,
2012-09-03,339,50,,,
2012-09-04,344,56,,,
2012-09-05,350,44,,,
2012-09-06,322,44,,,
2012-09-07,339,11,,,
2012-09-08,328,67,,,
2012-09-09,294,0,,,
2012-09-10,317,28,,,
2012-09-11,339,39,,,
2012-09-12,350,39,,,
2012-09-13,361,61,,,
2012-09-14,328,83,,,
2012-09-15,339,39,,,
2012-09-16,339,11,,,
2012-09-17,344,33,,,
2012-09-18,328,50,,,
2012-09-19,328,28,,,
2012-09-20,317,6,,,
2012-09-21,311,22,,,
2012-09-22,328,17,,,
2012-09-23,322,72,,,
2012-09-24,311,28,,,
2012-09-25,328,39,,,
2012-09-26,339,39,,,
2012-09-27,339,50,,,
2012-09-28,339,44,,,
2012-09-29,328,28,,,
2012-09-30,372,22,,,
2012-10-01,378,28,,,
2012-10-02,361,44,,,
2012-10-03,356,28,,,
2012-10-04,311,28,,,
2012-10-05,228,11,,,
2012-10-06,244,17,,,
2012-10-07,261,33,,,
2012-10-08,200,6,,,
2012-10-09,239,17,,,
2012-10-10,272,28,,,
2012-10-11,311,11,,,
2012-10-12,211,0,,,
2012-10-13,250,72,,,
2012-10-14,256,67,,,
2012-10-15,256,61,,,
2012-10-16,250,50,,,
2012-10-17,306,6,,,
2012-10-18,317,0,,,
2012-10-19,283,0,,,
2012-10-20,211,0,,,
2012-10-21,161,-33,,,
2012-10-22,78,6,,,
2012-10-23,83,6,,,
2012-10-24,72,0,,,
2012-10-25,156,0,,,
2012-10-26,194,-6,,,
2012-10-27,239,61,,,
2012-10-28,250,56,,,
2012-10-29,256,50,,,
2012-10-30,217,28,,,
2012-10-31,106,33,,,
2012-11-01,156,44,,,
2012-11-02,161,33,,,
2012-11-03,244,72,,,
2012-11-04,261,56,,,
2012-11-05,300,33,,,
2012-11-06,278,17,,,
2012-11-07,206,11,,,
2012-11-08,61,0,,,
2012-11-09,67,0,,,
2012-11-10,89,0,,,
2012-11-11,100,-6,,,
2012-11-12,117,6,,,
2012-11-13,117,67,,,
2012-11-14,189,50,,,
2012-11-15,150,28,,,
2012-11-16,144,39,,,
2012-11-17,106,17,,,
2012-11-18,61,6,,,
2012-11-19,100,56,,,
2012-11-20,106,72,,,
2012-11-21,106,11,,,
2012-11-22,150,0,,,
2012-11-23,172,0,,,
2012-11-24,172,0,,,
2012-11-25,183,39,,,
2012-11-26,178,11,,,
2012-11-27,156,11,,,
2012-11-28,89,39,,,
2012-11-29,111,72,,,
2012-11-30,111,78,,,
2012-12-01,106,78,,,
2012-12-02,122,22,,,
2012-12-03,122,0,,,
2012-12-04,100,44,,,
2012-12-05,172,67,,,
2012-12-06,117,0,,,
2012-12-07,122,-17,,,
2012-12-08,133,-11,,,
2012-12-09,183,-17,,,
2012-12-10,178,0,,,
2012-12-11,111,-33,,,
2012-12-12,83,-11,,,
2012-12-13,94,-39,,,
2012-12-14,61,-39,,,
2012-12-15,11,-44,,,
2012-12-16,72,0,,,
2012-12-17,72,-6,,,
2012-12-18,39,-56,,,
2012-12-19,44,-67,,,
2012-12-20,44,6,,,
2012-12-21,44,0,,,
2012-12-22,28,0,,,
2012-12-23,61,0,,,
2012-12-24,94,-6,,,
2012-12-25,11,0,,,
2012-12-26,78,0,,,
2012-12-27,111,-11,,,
2012-12-28,44,-17,,,
2012-12-29,83,-22,,,
2012-12-30,117,-39,,,
2012-12-31,67,-67,,,
2013-01-01,133,-50,,,
2013-01-02,139,-78,,,
2013-01-03,83,-72,,,
2013-01-04,144,-28,,,
2013-01-05,56,-33,,,
2013-01-06,122,0,,,
2013-01-07,111,-6,,,
2013-01-08,156,-6,,,
2013-01-09,44,-17,,,
2013-01-10,61,-39,,,
2013-01-11,56,-44,,,
2013-01-12,72,-67,,,
2013-01-13,100,-100,,,
2013-01-14,133,-72,,,
2013-01-15,167,-67,,,
2013-01-16,217,-56,,,
2013-01-17,194,-67,,,
2013-01-18,178,-78,,,
2013-01-19,167,-78,,,
2013-01-20,172,-78,,,
2013-01-21,183,-78,,,
2013-01-22,161,-61,,,
2013-01-23,72,0,,,
2013-01-24,122,28,,,
2013-01-25,106,39,,,
2013-01-26,89,-17,,,
2013-01-27,78,-28,,,
2013-01-28,83,-6,,,
2013-01-29,144,-17,,,
2013-01-30,200,-28,,,
2013-01-31,200,-61,,,
2013-02-01,211,-50,,,
2013-02-02,200,-44,,,
2013-02-03,211,-50,,,
2013-02-04,194,-11,,,
2013-02-05,100,-11,,,
2013-02-06,111,-11,,,
2013-02-07,83,-6,,,
2013-02-08,89,-33,,,
2013-02-09,133,-67,,,
2013-02-10,172,-56,,,
2013-02-11,189,-56,,,
2013-02-12,189,-50,,,
2013-02-13,200,-44,,,
2013-02-14,206,-22,,,
2013-02-15,222,-33,,,
2013-02-16,189,-39,,,
2013-02-17,194,-28,,,
2013-02-18,100,-22,,,
2013-02-19,67,-44,,,
2013-02-20,111,-78,,,
2013-02-21,106,-33,,,
2013-02-22,161,-44,,,
2013-02-23,94,-22,,,
2013-02-24,172,-39,,,
2013-02-25,133,-39,,,
2013-02-26,189,-61,,,
2013-02-27,172,-56,,,
2013-02-28,156,56,,,
2013-03-01,228,22,,,
2013-03-02,172,0,,,
2013-03-03,172,50,,,
2013-03-04,178,6,,,
2013-03-05,89,-11,,,
2013-03-06,39,0,,,
2013-03-07,144,-11,,,
2013-03-08,133,-17,,,
2013-03-09,172,-28,,,
2013-03-10,222,-39,,,
2013-03-11,239,-22,,,
2013-03-12,239,0,,,
2013-03-13,250,11,,,
2013-03-14,206,6,,,
2013-03-15,217,0,,,
2013-03-16,200,6,,,
2013-03-17,183,-17,,,
2013-03-18,189,0,,,
2013-03-19,122,11,,,
2013-03-20,94,0,,,
2013-03-21,144,-22,,,
2013-03-22,150,-39,,,
2013-03-23,189,-44,,,
2013-03-24,200,-11,,,
2013-03-25,200,-11,,,
2013-03-26,161,39,,,
2013-03-27,178,61,,,
2013-03-28,161,67,,,
2013-03-29,233,50,,,
2013-03-30,250,61,,,
2013-03-31,161,56,,,
2013-04-01,161,39,,,
2013-04-02,222,50,,,
2013-04-03,239,50,,,
2013-04-04,133,78,,,
2013-04-05,128,67,,,
2013-04-06,161,67,,,
2013-04-07,111,6,,,
2013-04-08,150,0,,,
2013-04-09,222,-17,,,
2013-04-10,250,17,,,
2013-04-11,211,17,,,
2013-04-12,250,0,,,
2013-04-13,183,6,,,
2013-04-14,150,-17,,,
2013-04-15,106,-11,,,
2013-04-16,144,-39,,,
2013-04-17,189,-33,,,
2013-04-18,239,-11,,,
2013-04-19,211,22,,,
2013-04-20,250,-6,,,
2013-04-21,272,6,,,
2013-04-22,289,11,,,
2013-04-23,289,44,,,
2013-04-24,261,28,,,
2013-04-25,283,-6,,,
2013-04-26,300,17,,,
2013-04-27,300,11,,,
2013-04-28,289,6,,,
2013-04-29,256,61,,,
2013-04-30,244,33,,,
2013-05-01,261,106,,,
2013-05-02,311,17,,,
2013-05-03,333,11,,,
2013-05-04,272,61,,,
2013-05-05,233,78,,,
2013-05-06,156,56,,,
2013-05-07,150,89,,,
2013-05-08,228,100,,,
2013-05-09,283,100,,,
2013-05-10,317,72,,,
2013-05-11,328,78,,,
2013-05-12,300,56,,,
2013-05-13,272,78,,,
2013-05-14,294,39,,,
2013-05-15,239,33,,,
2013-05-16,206,44,,,
2013-05-17,206,22,,,
2013-05-18,217,39,,,
2013-05-19,278,0,,,
2013-05-20,311,28,,,
2013-05-21,150,11,,,
2013-05-22,156,-17,,,
2013-05-23,183,11,,,
2013-05-24,217,-6,,,
2013-05-25,228,-6,,,
2013-05-26,206,50,,,
2013-05-27,133,67,,,
2013-05-28,228,94,,,
2013-05-29,206,33,,,
2013-05-30,244,22,,,
2013-05-31,311,6,,,
2013-06-01,311,56,,,
2013-06-02,322,50,,,
2013-06-03,350,72,,,
2013-06-04,361,78,,,
2013-06-05,372,100,,,
2013-06-06,361,83,,,
2013-06-07,389,72,,,
2013-06-08,417,106,,,
2013-06-09,383,106,,,
2013-06-10,250,78,,,
2013-06-11,256,50,,,
2013-06-12,244,6,,,
2013-06-13,250,22,,,
2013-06-14,306,44,,,
2013-06-15,289,33,,,
2013-06-16,272,39,,,
2013-06-17,250,44,,,
2013-06-18,200,78,,,
2013-06-19,211,50,,,
2013-06-20,261,17,,,
2013-06-21,289,28,,,
2013-06-22,311,33,,,
2013-06-23,228,106,,,
2013-06-24,150,106,,,
2013-06-25,161,122,,,
2013-06-26,256,133,,,
2013-06-27,322,128,,,
2013-06-28,356,117,,,
2013-06-29,367,94,,,
2013-06-30,367,100,,,
2013-07-01,383,117,,,
2013-07-02,406,150,,,
2013-07-03,389,161,,,
2013-07-04,350,111,,,
2013-07-05,339,89,,,
2013-07-06,339,94,,,
2013-07-07,339,122,,,
2013-07-08,356,100,,,
2013-07-09,356,78,,,
2013-07-10,350,83,,,
2013-07-11,339,61,,,
2013-07-12,311,61,,,
2013-07-13,328,56,,,
2013-07-14,350,72,,,
2013-07-15,344,72,,,
2013-07-16,311,67,,,
2013-07-17,333,50,,,
2013-07-18,356,61,,,
2013-07-19,378,78,,,
2013-07-20,406,106,,,
2013-07-21,406,111,,,
2013-07-22,383,89,,,
2013-07-23,344,139,,,
2013-07-24,372,122,,,
2013-07-25,383,117,,,
2013-07-26,383,122,,,
2013-07-27,378,106,,,
2013-07-28,356,67,,,
2013-07-29,328,72,,,
2013-07-30,317,78,,,
2013-07-31,311,78,,,
2013-08-01,289,56,,,
2013-08-02,317,44,,,
2013-08-03,333,61,,,
2013-08-04,339,61,,,
2013-08-05,350,67,,,
2013-08-06,350,67,,,
2013-08-07,311,72,,,
2013-08-08,289,61,,,
2013-08-09,300,100,,,
2013-08-10,289,100,,,
2013-08-11,306,67,,,
2013-08-12,311,67,,,
2013-08-13,339,72,,,
2013-08-14,328,67,,,
2013-08-15,328,78,,,
2013-08-16,333,100,,,
2013-08-17,344,100,,,
2013-08-18,400,100,,,
2013-08-19,389,117,,,
2013-08-20,372,150,,,
2013-08-21,350,117,,,
2013-08-22,311,111,,,
2013-08-23,311,83,,,
2013-08-24,289,72,,,
2013-08-25,261,122,,,
2013-08-26,283,83,,,
2013-08-27,306,61,,,
2013-08-28,300,72,,,
2013-08-29,306,89,,,
2013-08-30,317,106,,,
2013-08-31,339,72,,,
2013-09-01,306,56,,,
2013-09-02,272,83,,,
2013-09-03,283,89,,,
2013-09-04,267,56,,,
2013-09-05,272,67,,,
2013-09-06,317,33,,,
2013-09-07,350,56,,,
2013-09-08,378,67,,,
2013-09-09,383,78,,,
2013-09-10,389,72,,,
2013-09-11,361,78,,,
2013-09-12,361,67,,,
2013-09-13,372,83,,,
2013-09-14,339,61,,,
2013-09-15,272,50,,,
2013-09-16,294,56,,,
2013-09-17,217,33,,,
2013-09-18,289,11,,,
2013-09-19,317,6,,,
2013-09-20,233,22,,,
2013-09-21,139,78,,,
2013-09-22,156,67,,,
2013-09-23,222,83,,,
2013-09-24,200,78,,,
2013-09-25,161,50,,,
2013-09-26,194,0,,,
2013-09-27,244,-6,,,
2013-09-28,239,33,,,
2013-09-29,139,111,,,
2013-09-30,200,61,,,
2013-10-01,194,39,,,
2013-10-02,189,22,,,
2013-10-03,194,-6,,,
2013-10-04,244,39,,,
2013-10-05,278,-6,,,
2013-10-06,261,-11,,,
2013-10-07,239,6,,,
2013-10-08,211,0,,,
2013-10-09,194,28,,,
2013-10-10,233,11,,,
2013-10-11,222,-6,,,
2013-10-12,222,44,,,
2013-10-13,217,0,,,
2013-10-14,239,-17,,,
2013-10-15,261,-22,,,
2013-10-16,239,-28,,,
2013-10-17,261,-22,,,
2013-10-18,289,-11,,,
2013-10-19,294,-11,,,
2013-10-20,311,0,,,
2013-10-21,306,-6,,,
2013-10-22,294,0,,,
2013-10-23,278,-17,,,
2013-10-24,272,-22,,,
2013-10-25,278,-28,,,
2013-10-26,289,-17,,,
2013-10-27,233,-22,,,
2013-10-28,172,0,,,
2013-10-29,161,0,,,
2013-10-30,189,6,,,
2013-10-31,239,-11,,,
2013-11-01,244,-6,,,
2013-11-02,172,-11,,,
2013-11-03,117,-39,,,
2013-11-04,161,-28,,,
2013-11-05,189,-17,,,
2013-11-06,228,6,,,
2013-11-07,200,17,,,
2013-11-08,194,0,,,
2013-11-09,228,-28,,,
2013-11-10,233,-22,,,
2013-11-11,211,-28,,,
2013-11-12,156,28,,,
2013-11-13,233,-6,,,
2013-11-14,200,-22,,,
2013-11-15,167,-39,,,
2013-11-16,100,-17,,,
2013-11-17,167,-17,,,
2013-11-18,128,-28,,,
2013-11-19,106,67,,,
2013-11-20,128,56,,,
2013-11-21,122,28,,,
2013-11-22,183,0,,,
2013-11-23,211,-39,,,
2013-11-24,183,-61,,,
2013-11-25,172,-67,,,
2013-11-26,167,-33,,,
2013-11-27,156,-33,,,
2013-11-28,189,-17,,,
2013-11-29,189,-44,,,
2013-11-30,200,-17,,,
2013-12-01,189,-17,,,
2013-12-02,89,-22,,,
2013-12-03,78,-50,,,
2013-12-04,67,-83,,,
2013-12-05,83,-117,,,
2013-12-06,6,-111,,,
2013-12-07,39,-150,,,
2013-12-08,50,-194,,,
2013-12-09,117,-161,,,
2013-12-10,111,-128,,,
2013-12-11,150,-94,,,
2013-12-12,144,-89,,,
2013-12-13,150,-72,,,
2013-12-14,111,-78,,,
2013-12-15,150,-72,,,
2013-12-16,167,-78,,,
2013-12-17,150,-61,,,
2013-12-18,144,-61,,,
2013-12-19,100,-22,,,
2013-12-20,161,-50,,,
2013-12-21,172,-17,,,
2013-12-22,178,-33,,,
2013-12-23,178,-44,,,
2013-12-24,172,-44,,,
2013-12-25,167,-72,,,
2013-12-26,178,-61,,,
2013-12-27,106,-50,,,
2013-12-28,178,-72,,,
2013-12-29,217,-28,,,
2013-12-30,144,-44,,,
2013-12-31,178,-28,,,
2014-01-01,178,-50,,,
2014-01-02,194,-39,,,
2014-01-03,211,-28,,,
2014-01-04,194,-67,,,
2014-01-05,217,-28,,,
2014-01-06,106,-33,,,
2014-01-07,128,-39,,,
2014-01-08,106,0,,,
2014-01-09,94,22,,,
2014-01-10,167,-6,,,
2014-01-11,83,0,,,
2014-01-12,111,0,,,
2014-01-13,167,-33,,,
2014-01-14,183,-61,,,
2014-01-15,228,-67,,,
2014-01-16,194,-78,,,
2014-01-17,211,-50,,,
2014-01-18,206,-50,,,
2014-01-19,211,-56,,,
2014-01-20,194,-67,,,
2014-01-21,200,-72,,,
2014-01-22,228,-61,,,
2014-01-23,178,-28,,,
2014-01-24,211,-17,,,
2014-01-25,222,-50,,,
2014-01-26,217,-44,,,
2014-01-27,144,-22,,,
2014-01-28,128,56,,,
2014-01-29,111,44,,,
2014-01-30,117,0,,,
2014-01-31,111,-33,,,
2014-02-01,122,-44,,,
2014-02-02,100,-44,,,
2014-02-03,100,-56,,,
2014-02-04,89,-67,,,
2014-02-05,100,-50,,,
2014-02-06,61,0,,,
2014-02-07,72,28,,,
2014-02-08,106,56,,,
2014-02-09,106,56,,,
2014-02-10,161,39,,,
2014-02-11,128,17,,,
2014-02-12,117,28,,,
2014-02-13,133,83,,,
2014-02-14,111,89,,,
2014-02-15,111,33,,,
2014-02-16,133,6,,,
2014-02-17,111,0,,,
2014-02-18,139,39,,,
2014-02-19,122,0,,,
2014-02-20,189,-11,,,
2014-02-21,189,0,,,
2014-02-22,217,-6,,,
2014-02-23,217,-28,,,
2014-02-24,222,-11,,,
2014-02-25,217,-17,,,
2014-02-26,128,28,,,
2014-02-27,100,44,,,
2014-02-28,122,50,,,
2014-03-01,150,33,,,
2014-03-02,111,61,,,
2014-03-03,100,56,,,
2014-03-04,172,56,,,
2014-03-05,111,78,,,
2014-03-06,100,50,,,
2014-03-07,200,22,,,
2014-03-08,222,17,,,
2014-03-09,139,72,,,
2014-03-10,133,6,,,
2014-03-11,172,0,,,
2014-03-12,222,-6,,,
2014-03-13,222,-33,,,
2014-03-14,222,6,,,
2014-03-15,250,11,,,
2014-03-16,239,-11,,,
2014-03-17,156,6,,,
2014-03-18,200,-11,,,
2014-03-19,222,-33,,,
2014-03-20,222,-11,,,
2014-03-21,222,-6,,,
2014-03-22,228,-28,,,
2014-03-23,244,-28,,,
2014-03-24,233,-17,,,
2014-03-25,111,0,,,
2014-03-26,72,22,,,
2014-03-27,89,28,,,
2014-03-28,100,61,,,
2014-03-29,100,17,,,
2014-03-30,94,11,,,
2014-03-31,44,0,,,
2014-04-01,89,6,,,
2014-04-02,156,-11,,,
2014-04-03,144,17,,,
2014-04-04,150,22,,,
2014-04-05,194,11,,,
2014-04-06,239,28,,,
2014-04-07,272,39,,,
2014-04-08,261,33,,,
2014-04-09,256,22,,,
2014-04-10,294,11,,,
2014-04-11,283,22,,,
2014-04-12,278,17,,,
2014-04-13,283,17,,,
2014-04-14,272,0,,,
2014-04-15,256,17,,,
2014-04-16,250,17,,,
2014-04-17,217,17,,,
2014-04-18,261,6,,,
2014-04-19,200,0,,,
2014-04-20,261,22,,,
2014-04-21,200,39,,,
2014-04-22,139,0,,,
2014-04-23,150,11,,,
2014-04-24,122,56,,,
2014-04-25,111,17,,,
2014-04-26,117,11,,,
2014-04-27,139,17,,,
2014-04-28,217,22,,,
2014-04-29,300,11,,,
2014-04-30,317,61,,,
2014-05-01,300,28,,,
2014-05-02,272,11,,,
2014-05-03,217,61,,,
2014-05-04,167,67,,,
2014-05-05,161,44,,,
2014-05-06,200,17,,,
2014-05-07,217,0,,,
2014-05-08,144,78,,,
2014-05-09,161,39,,,
2014-05-10,172,33,,,
2014-05-11,250,0,,,
2014-05-12,283,28,,,
2014-05-13,322,39,,,
2014-05-14,328,56,,,
2014-05-15,311,56,,,
2014-05-16,272,22,,,
2014-05-17,256,28,,,
2014-05-18,194,50,,,
2014-05-19,194,28,,,
2014-05-20,244,39,,,
2014-05-21,300,28,,,
2014-05-22,333,50,,,
2014-05-23,289,78,,,
2014-05-24,317,56,,,
2014-05-25,306,39,,,
2014-05-26,272,39,,,
2014-05-27,239,33,,,
2014-05-28,233,0,,,
2014-05-29,272,17,,,
2014-05-30,278,17,,,
2014-05-31,294,33,,,
2014-06-01,294,39,,,
2014-06-02,300,50,,,
2014-06-03,300,50,,,
2014-06-04,333,56,,,
2014-06-05,356,50,,,
2014-06-06,350,50,,,
2014-06-07,367,78,,,
2014-06-08,361,83,,,
2014-06-09,356,94,,,
2014-06-10,356,94,,,
2014-06-11,317,56,,,
2014-06-12,239,28,,,
2014-06-13,244,17,,,
2014-06-14,283,28,,,
2014-06-15,267,39,,,
2014-06-16,239,33,,,
2014-06-17,256,17,,,
2014-06-18,289,22,,,
2014-06-19,306,39,,,
2014-06-20,289,56,,,
2014-06-21,306,17,,,
2014-06-22,322,39,,,
2014-06-23,311,56,,,
2014-06-24,294,50,,,
2014-06-25,200,89,,,
2014-06-26,222,100,,,
2014-06-27,256,89,,,
2014-06-28,294,67,,,
2014-06-29,350,44,,,
2014-06-30,400,67,,,
2014-07-01,383,94,,,
2014-07-02,356,100,,,
2014-07-03,356,78,,,
2014-07-04,350,72,,,
2014-07-05,350,83,,,
2014-07-06,367,78,,,
2014-07-07,400,100,,,
2014-07-08,361,172,,,
2014-07-09,378,133,,,
2014-07-10,361,100,,,
2014-07-11,344,128,,,
2014-07-12,356,89,,,
2014-07-13,367,94,,,
2014-07-14,400,67,,,
2014-07-15,389,128,,,
2014-07-16,350,156,,,
2014-07-17,350,150,,,
2014-07-18,344,117,,,
2014-07-19,361,128,,,
2014-07-20,333,139,,,
2014-07-21,300,106,,,
2014-07-22,306,100,,,
2014-07-23,272,100,,,
2014-07-24,333,50,,,
2014-07-25,356,56,,,
2014-07-26,361,67,,,
2014-07-27,383,128,,,
2014-07-28,389,89,,,
2014-07-29,389,89,,,
2014-07-30,378,122,,,
2014-07-31,383,111,,,
2014-08-01,378,72,,,
2014-08-02,372,94,,,
2014-08-03,378,89,,,
2014-08-04,333,111,,,
2014-08-05,267,156,,,
2014-08-06,333,128,,,
2014-08-07,350,89,,,
2014-08-08,339,67,,,
2014-08-09,350,94,,,
2014-08-10,383,83,,,
2014-08-11,372,78,,,
2014-08-12,283,94,,,
2014-08-13,294,94,,,
2014-08-14,311,72,,,
2014-08-15,333,83,,,
2014-08-16,350,83,,,
2014-08-17,356,83,,,
2014-08-18,339,94,,,
2014-08-19,361,78,,,
2014-08-20,322,94,,,
2014-08-21,328,100,,,
2014-08-22,322,61,,,
2014-08-23,350,72,,,
2014-08-24,339,72,,,
2014-08-25,311,56,,,
2014-08-26,356,67,,,
2014-08-27,361,78,,,
2014-08-28,356,94,,,
2014-08-29,328,89,,,
2014-08-30,306,56,,,
2014-08-31,333,56,,,
2014-09-01,356,61,,,
2014-09-02,361,67,,,
2014-09-03,356,50,,,
2014-09-04,350,50,,,
2014-09-05,356,28,,,
2014-09-06,344,33,,,
2014-09-07,339,39,,,
2014-09-08,322,44,,,
2014-09-09,333,44,,,
2014-09-10,367,50,,,
2014-09-11,372,50,,,
2014-09-12,350,50,,,
2014-09-13,344,56,,,
2014-09-14,350,56,,,
2014-09-15,328,56,,,
2014-09-16,300,44,,,
2014-09-17,311,72,,,
2014-09-18,211,117,,,
2014-09-19,344,100,,,
2014-09-20,356,78,,,
2014-09-21,322,78,,,
2014-09-22,294,61,,,
2014-09-23,289,67,,,
2014-09-24,189,100,,,
2014-09-25,183,89,,,
2014-09-26,217,83,,,
2014-09-27,244,78,,,
2014-09-28,244,67,,,
2014-09-29,278,61,,,
2014-09-30,250,72,,,
2014-10-01,294,39,,,
2014-10-02,333,0,,,
2014-10-03,344,22,,,
2014-10-04,350,28,,,
2014-10-05,356,28,,,
2014-10-06,350,44,,,
2014-10-07,322,17,,,
2014-10-08,300,17,,,
2014-10-09,300,17,,,
2014-10-10,306,22,,,
2014-10-11,283,22,,,
2014-10-12,294,39,,,
2014-10-13,306,11,,,
2014-10-14,178,39,,,
2014-10-15,172,61,,,
2014-10-16,200,56,,,
2014-10-17,167,50,,,
2014-10-18,222,89,,,
2014-10-19,228,78,,,
2014-10-20,150,61,,,
2014-10-21,161,56,,,
2014-10-22,150,50,,,
2014-10-23,128,89,,,
2014-10-24,211,83,,,
2014-10-25,128,50,,,
2014-10-26,150,28,,,
2014-10-27,200,17,,,
2014-10-28,211,28,,,
2014-10-29,239,67,,,
2014-10-30,222,56,,,
2014-10-31,133,50,,,
2014-11-01,139,11,,,
2014-11-02,172,0,,,
2014-11-03,194,0,,,
2014-11-04,194,28,,,
2014-11-05,256,44,,,
2014-11-06,211,50,,,
2014-11-07,228,39,,,
2014-11-08,261,11,,,
2014-11-09,244,17,,,
2014-11-10,239,0,,,
2014-11-11,206,0,,,
2014-11-12,161,44,,,
2014-11-13,156,78,,,
2014-11-14,133,67,,,
2014-11-15,150,22,,,
2014-11-16,156,-11,,,
2014-11-17,172,-50,,,
2014-11-18,111,-28,,,
2014-11-19,83,28,,,
2014-11-20,78,56,,,
2014-11-21,100,39,,,
2014-11-22,111,28,,,
2014-11-23,128,11,,,
2014-11-24,178,0,,,
2014-11-25,189,0,,,
2014-11-26,178,11,,,
2014-11-27,156,6,,,
2014-11-28,100,0,,,
2014-11-29,100,61,,,
2014-11-30,100,56,,,
2014-12-01,133,56,,,
2014-12-02,111,50,,,
2014-12-03,100,67,,,
2014-12-04,133,67,,,
2014-12-05,111,50,,,
2014-12-06,122,44,,,
2014-12-07,122,17,,,
2014-12-08,122,89,,,
2014-12-09,139,78,,,
2014-12-10,111,56,,,
2014-12-11,122,50,,,
2014-12-12,78,22,,,
2014-12-13,111,11,,,
2014-12-14,89,17,,,
2014-12-15,56,28,,,
2014-12-16,83,33,,,
2014-12-17,78,39,,,
2014-12-18,111,39,,,
2014-12-19,89,56,,,
2014-12-20,89,56,,,
2014-12-21,139,83,,,
2014-12-22,178,56,,,
2014-12-23,172,39,,,
2014-12-24,67,11,,,
2014-12-25,89,-17,,,
2014-12-26,100,-39,,,
2014-12-27,117,-50,,,
2014-12-28,122,-17,,,
2014-12-29,89,-39,,,
2014-12-30,61,-6,,,
2014-12-31,150,-50,,,
2015-01-01,172,-61,,,
2015-01-02,144,-61,,,
2015-01-03,161,-50,,,
2015-01-04,167,-17,,,
2015-01-05,178,-22,,,
2015-01-06,206,-22,,,
2015-01-07,206,-28,,,
2015-01-08,144,-28,,,
2015-01-09,183,-6,,,
2015-01-10,156,11,,,
2015-01-11,133,6,,,
2015-01-12,167,28,,,
2015-01-13,178,-28,,,
2015-01-14,161,-50,,,
2015-01-15,128,0,,,
2015-01-16,133,61,,,
2015-01-17,139,89,,,
2015-01-18,128,67,,,
2015-01-19,150,0,,,
2015-01-20,172,-11,,,
2015-01-21,178,-39,,,
2015-01-22,189,0,,,
2015-01-23,211,-11,,,
2015-01-24,239,-6,,,
2015-01-25,256,0,,,
2015-01-26,206,-11,,,
2015-01-27,150,0,,,
2015-01-28,183,-6,,,
2015-01-29,189,-22,,,
2015-01-30,206,-22,,,
2015-01-31,244,-22,,,
2015-02-01,200,-17,,,
2015-02-02,156,56,,,
2015-02-03,156,56,,,
2015-02-04,172,17,,,
2015-02-05,117,44,,,
2015-02-06,122,94,,,
2015-02-07,128,61,,,
2015-02-08,122,39,,,
2015-02-09,94,28,,,
2015-02-10,156,6,,,
2015-02-11,206,0,,,
2015-02-12,211,6,,,
2015-02-13,183,17,,,
2015-02-14,244,11,,,
2015-02-15,250,-6,,,
2015-02-16,261,-11,,,
2015-02-17,239,-6,,,
2015-02-18,250,0,,,
2015-02-19,228,0,,,
2015-02-20,217,-11,,,
2015-02-21,211,-11,,,
2015-02-22,156,39,,,
2015-02-23,150,-39,,,
2015-02-24,206,-61,,,
2015-02-25,206,-39,,,
2015-02-26,178,-17,,,
2015-02-27,111,22,,,
2015-02-28,144,6,,,
2015-03-01,172,-33,,,
2015-03-02,144,-11,,,
2015-03-03,161,-11,,,
2015-03-04,189,-17,,,
2015-03-05,228,-39,,,
2015-03-06,239,-33,,,
2015-03-07,261,-22,,,
2015-03-08,267,-22,,,
2015-03-09,278,-11,,,
2015-03-10,206,0,,,
2015-03-11,144,67,,,
2015-03-12,222,50,,,
2015-03-13,233,6,,,
2015-03-14,178,78,,,
2015-03-15,172,78,,,
2015-03-16,189,72,,,
2015-03-17,189,17,,,
2015-03-18,228,0,,,
2015-03-19,250,-11,,,
2015-03-20,206,11,,,
2015-03-21,200,67,,,
2015-03-22,133,61,,,
2015-03-23,122,22,,,
2015-03-24,111,50,,,
2015-03-25,244,39,,,
2015-03-26,272,44,,,
2015-03-27,239,50,,,
2015-03-28,256,17,,,
2015-03-29,261,17,,,
2015-03-30,239,22,,,
2015-03-31,144,-11,,,
2015-04-01,156,-28,,,
2015-04-02,189,-22,,,
2015-04-03,183,-28,,,
2015-04-04,139,-6,,,
2015-04-05,61,0,,,
2015-04-06,83,0,,,
2015-04-07,89,6,,,
2015-04-08,167,11,,,
2015-04-09,183,11,,,
2015-04-10,189,6,,,
2015-04-11,139,0,,,
2015-04-12,256,0,,,
2015-04-13,189,-11,,,
2015-04-14,133,-11,,,
2015-04-15,233,-22,,,
2015-04-16,278,0,,,
2015-04-17,283,0,,,
2015-04-18,289,17,,,
2015-04-19,300,28,,,
2015-04-20,300,33,,,
2015-04-21,278,28,,,
2015-04-22,244,28,,,
2015-04-23,233,11,,,
2015-04-24,133,11,,,
2015-04-25,178,11,,,
2015-04-26,233,0,,,
2015-04-27,300,22,,,
2015-04-28,261,44,,,
2015-04-29,256,11,,,
2015-04-30,289,28,,,
2015-05-01,306,11,,,
2015-05-02,283,17,,,
2015-05-03,278,6,,,
2015-05-04,278,22,,,
2015-05-05,239,0,,,
2015-05-06,222,-11,,,
2015-05-07,211,28,,,
2015-05-08,250,0,,,
2015-05-09,272,17,,,
2015-05-10,250,22,,,
2015-05-11,183,28,,,
2015-05-12,150,17,,,
2015-05-13,183,6,,,
2015-05-14,156,28,,,
2015-05-15,172,39,,,
2015-05-16,222,17,,,
2015-05-17,200,72,,,
2015-05-18,189,78,,,
2015-05-19,217,89,,,
2015-05-20,211,89,,,
2015-05-21,206,89,,,
2015-05-22,239,67,,,
2015-05-23,244,67,,,
2015-05-24,272,61,,,
2015-05-25,283,78,,,
2015-05-26,283,44,,,
2015-05-27,289,28,,,
2015-05-28,294,39,,,
2015-05-29,300,72,,,
2015-05-30,311,106,,,
2015-05-31,278,89,,,
2015-06-01,206,89,,,
2015-06-02,244,72,,,
2015-06-03,256,33,,,
2015-06-04,267,78,,,
2015-06-05,311,78,,,
2015-06-06,350,83,,,
2015-06-07,378,89,,,
2015-06-08,361,106,,,
2015-06-09,356,111,,,
2015-06-10,317,128,,,
2015-06-11,361,83,,,
2015-06-12,378,106,,,
2015-06-13,372,78,,,
2015-06-14,328,61,,,
2015-06-15,317,50,,,
2015-06-16,333,39,,,
2015-06-17,344,56,,,
2015-06-18,311,50,,,
2015-06-19,317,33,,,
2015-06-20,344,56,,,
2015-06-21,294,89,,,
2015-06-22,306,50,,,
2015-06-23,322,50,,,
2015-06-24,356,56,,,
2015-06-25,394,94,,,
2015-06-26,389,128,,,
2015-06-27,372,128,,,
2015-06-28,344,133,,,
2015-06-29,361,94,,,
2015-06-30,400,89,,,
2015-07-01,400,128,,,
2015-07-02,389,122,,,
2015-07-03,372,172,,,
2015-07-04,378,128,,,
2015-07-05,356,139,,,
2015-07-06,317,111,,,
2015-07-07,317,89,,,
2015-07-08,306,128,,,
2015-07-09,194,139,,,
2015-07-10,239,144,,,
2015-07-11,267,139,,,
2015-07-12,261,122,,,
2015-07-13,289,117,,,
2015-07-14,311,89,,,
2015-07-15,350,100,,,
2015-07-16,361,106,,,
2015-07-17,361,117,,,
2015-07-18,350,106,,,
2015-07-19,339,94,,,
2015-07-20,356,117,,,
2015-07-21,339,111,,,
2015-07-22,317,61,,,
2015-07-23,283,61,,,
2015-07-24,306,67,,,
2015-07-25,306,78,,,
2015-07-26,300,106,,,
2015-07-27,333,56,,,
2015-07-28,378,78,,,
2015-07-29,406,72,,,
2015-07-30,411,89,,,
2015-07-31,394,117,,,
2015-08-01,361,144,,,
2015-08-02,333,128,,,
2015-08-03,322,106,,,
2015-08-04,317,100,,,
2015-08-05,317,78,,,
2015-08-06,344,78,,,
2015-08-07,311,111,,,
2015-08-08,306,72,,,
2015-08-09,311,44,,,
2015-08-10,300,72,,,
2015-08-11,283,106,,,
2015-08-12,311,72,,,
2015-08-13,300,44,,,
2015-08-14,289,56,,,
2015-08-15,356,61,,,
2015-08-16,378,83,,,
2015-08-17,394,61,,,
2015-08-18,389,78,,,
2015-08-19,311,106,,,
2015-08-20,322,67,,,
2015-08-21,350,72,,,
2015-08-22,344,94,,,
2015-08-23,344,94,,,
2015-08-24,344,72,,,
2015-08-25,339,56,,,
2015-08-26,333,61,,,
2015-08-27,328,72,,,
2015-08-28,328,122,,,
2015-08-29,250,89,,,
2015-08-30,256,67,,,
2015-08-31,317,61,,,
2015-09-01,306,56,,,
2015-09-02,256,78,,,
2015-09-03,272,28,,,
2015-09-04,228,6,,,
2015-09-05,267,0,,,
2015-09-06,311,17,,,
2015-09-07,339,28,,,
2015-09-08,367,39,,,
2015-09-09,383,39,,,
2015-09-10,389,56,,,
2015-09-11,389,67,,,
2015-09-12,356,72,,,
2015-09-13,311,128,,,
2015-09-14,167,61,,,
2015-09-15,156,44,,,
2015-09-16,128,56,,,
2015-09-17,222,61,,,
2015-09-18,306,56,,,
2015-09-19,339,56,,,
2015-09-20,339,56,,,
2015-09-21,344,61,,,
2015-09-22,294,50,,,
2015-09-23,289,33,,,
2015-09-24,328,61,,,
2015-09-25,306,39,,,
2015-09-26,306,39,,,
2015-09-27,322,28,,,
2015-09-28,333,28,,,
2015-09-29,283,17,,,
2015-09-30,244,11,,,
2015-10-01,250,72,,,
2015-10-02,294,67,,,
2015-10-03,244,22,,,
2015-10-04,300,67,,,
2015-10-05,311,28,,,
2015-10-06,306,33,,,
2015-10-07,267,39,,,
2015-10-08,311,56,,,
2015-10-09,306,17,,,
2015-10-10,283,39,,,
2015-10-11,283,28,,,
2015-10-12,333,33,,,
2015-10-13,350,33,,,
2015-10-14,339,50,,,
2015-10-15,339,61,,,
2015-10-16,306,61,,,
2015-10-17,178,94,,,
2015-10-18,222,83,,,
2015-10-19,189,56,,,
2015-10-20,261,33,,,
2015-10-21,300,0,,,
2015-10-22,272,28,,,
2015-10-23,250,0,,,
2015-10-24,244,39,,,
2015-10-25,183,50,,,
2015-10-26,261,28,,,
2015-10-27,139,56,,,
2015-10-28,183,39,,,
2015-10-29,228,17,,,
2015-10-30,261,0,,,
2015-10-31,244,11,,,
2015-11-01,156,78,,,
2015-11-02,150,22,,,
2015-11-03,150,0,,,
2015-11-04,156,-33,,,
2015-11-05,161,-17,,,
2015-11-06,206,-39,,,
2015-11-07,200,-28,,,
2015-11-08,106,22,,,
2015-11-09,50,6,,,
2015-11-10,139,0,,,
2015-11-11,161,-11,,,
2015-11-12,183,-6,,,
2015-11-13,200,-17,,,
2015-11-14,161,0,,,
2015-11-15,78,-6,,,
2015-11-16,100,-44,,,
2015-11-17,117,17,,,
2015-11-18,172,6,,,
2015-11-19,167,6,,,
2015-11-20,200,28,,,
2015-11-21,206,6,,,
2015-11-22,200,-6,,,
2015-11-23,172,-22,,,
2015-11-24,61,-6,,,
2015-11-25,94,-33,,,
2015-11-26,111,-17,,,
2015-11-27,111,-44,,,
2015-11-28,122,-78,,,
2015-11-29,117,-106,,,
2015-11-30,50,-61,,,
2015-12-01,117,-6,,,
2015-12-02,100,39,,,
2015-12-03,83,33,,,
2015-12-04,78,11,,,
2015-12-05,111,0,,,
2015-12-06,117,44,,,
2015-12-07,106,67,,,
2015-12-08,128,94,,,
2015-12-09,117,83,,,
2015-12-10,106,6,,,
2015-12-11,44,0,,,
2015-12-12,72,17,,,
2015-12-13,78,0,,,
2015-12-14,61,-11,,,
2015-12-15,89,-22,,,
2015-12-16,106,-11,,,
2015-12-17,83,28,,,
2015-12-18,78,33,,,
2015-12-19,83,0,,,
2015-12-20,28,0,,,
2015-12-21,94,11,,,
2015-12-22,106,6,,,
2015-12-23,56,0,,,
2015-12-24,22,-17,,,
2015-12-25,89,-61,,,
2015-12-26,100,-89,,,
2015-12-27,28,-39,,,
2015-12-28,111,-28,,,
2015-12-29,111,-39,,,
2015-12-30,122,-56,,,
2015-12-31,78,-100,,,
2016-01-01,106,-89,,,
2016-01-02,39,-117,,,
2016-01-03,61,-11,,,
2016-01-04,56,0,,,
2016-01-05,56,6,,,
2016-01-06,44,0,,,
2016-01-07,67,0,,,
2016-01-08,50,0,,,
2016-01-09,56,0,,,
2016-01-10,122,0,,,
2016-01-11,111,22,,,
2016-01-12,128,39,,,
2016-01-13,83,6,,,
2016-01-14,11,0,,,
2016-01-15,89,0,,,
2016-01-16,111,33,,,
2016-01-17,106,39,,,
2016-01-18,122,28,,,
2016-01-19,117,17,,,
2016-01-20,111,6,,,
2016-01-21,172,39,,,
2016-01-22,133,39,,,
2016-01-23,83,33,,,
2016-01-24,78,28,,,
2016-01-25,106,33,,,
2016-01-26,161,39,,,
2016-01-27,172,61,,,
2016-01-28,106,61,,,
2016-01-29,100,28,,,
2016-01-30,72,0,,,
2016-01-31,72,-17,,,
2016-02-01,100,-28,,,
2016-02-02,100,-6,,,
2016-02-03,67,11,,,
2016-02-04,128,6,,,
2016-02-05,161,-11,,,
2016-02-06,172,0,,,
2016-02-07,256,17,,,
2016-02-08,267,17,,,
2016-02-09,228,-6,,,
2016-02-10,217,-6,,,
2016-02-11,228,22,,,
2016-02-12,194,22,,,
2016-02-13,200,17,,,
2016-02-14,183,56,,,
2016-02-15,239,33,,,
2016-02-16,228,17,,,
2016-02-17,133,0,,,
2016-02-18,61,6,,,
2016-02-19,67,11,,,
2016-02-22,189,-6,,,
2016-02-23,228,-22,,,
2016-02-24,206,-6,,,
2016-02-25,228,-11,,,
2016-02-26,156,28,,,
2016-02-27,139,11,,,
2016-02-28,139,0,,,
2016-02-29,172,-6,,,
2016-03-01,128,0,,,
2016-03-02,161,17,,,
2016-03-03,172,39,,,
2016-03-04,156,28,,,
2016-03-05,106,44,,,
2016-03-06,61,6,,,
2016-03-07,117,0,,,
2016-03-08,50,0,,,
2016-03-09,122,39,,,
2016-03-10,122,56,,,
2016-03-11,106,44,,,
2016-03-12,56,11,,,
2016-03-13,89,39,,,
2016-03-14,106,6,,,
2016-03-15,167,0,,,
2016-03-16,222,11,,,
2016-03-17,239,0,,,
2016-03-18,228,28,,,
2016-03-19,178,39,,,
2016-03-20,117,28,,,
2016-03-21,67,17,,,
2016-03-22,106,11,,,
2016-03-23,161,11,,,
2016-03-24,183,39,,,
2016-03-25,178,28,,,
2016-03-26,178,11,,,
2016-03-27,144,0,,,
2016-03-28,122,-11,,,
2016-03-29,156,-33,,,
2016-03-30,189,-17,,,
2016-03-31,217,-11,,,
2016-04-01,239,6,,,
2016-04-02,233,22,,,
2016-04-03,217,17,,,
2016-04-04,189,39,,,
2016-04-05,250,6,,,
2016-04-06,311,33,,,
2016-04-07,300,39,,,
2016-04-08,244,56,,,
2016-04-09,211,67,,,
2016-04-10,178,89,,,
2016-04-11,211,94,,,
2016-04-12,161,44,,,
2016-04-13,167,17,,,
2016-04-14,83,22,,,
2016-04-15,194,6,,,
2016-04-16,267,17,,,
2016-04-17,289,22,,,
2016-04-18,283,33,,,
2016-04-19,267,50,,,
2016-04-20,222,39,,,
2016-04-21,189,39,,,
2016-04-22,83,50,,,
2016-04-23,128,50,,,
2016-04-24,111,-6,,,
2016-04-25,150,-11,,,
2016-04-26,167,0,,,
2016-04-27,139,39,,,
2016-04-28,211,11,,,
2016-04-29,189,44,,,
2016-04-30,217,22,,,
2016-05-01,256,44,,,
2016-05-02,244,28,,,
2016-05-03,222,61,,,
2016-05-04,211,89,,,
2016-05-05,161,78,,,
2016-05-06,206,78,,,
2016-05-07,228,94,,,
2016-05-08,211,100,,,
2016-05-09,233,78,,,
2016-05-10,283,50,,,
2016-05-11,278,44,,,
2016-05-12,283,50,,,
2016-05-13,267,50,,,
2016-05-14,172,72,,,
2016-05-15,222,72,,,
2016-05-16,256,44,,,
2016-05-17,300,61,,,
2016-05-18,311,67,,,
2016-05-19,189,44,,,
2016-05-20,144,50,,,
2016-05-21,139,56,,,
2016-05-22,156,50,,,
2016-05-23,167,72,,,
2016-05-24,178,89,,,
2016-05-25,233,72,,,
2016-05-26,256,67,,,
2016-05-27,239,33,,,
2016-05-28,283,39,,,
2016-05-29,289,50,,,
2016-05-30,317,56,,,
2016-05-31,333,72,,,
2016-06-01,322,78,,,
2016-06-02,322,39,,,
2016-06-03,344,61,,,
2016-06-04,333,100,,,
2016-06-05,344,106,,,
2016-06-06,361,117,,,
2016-06-07,339,94,,,
2016-06-08,256,83,,,
2016-06-09,261,89,,,
2016-06-10,217,83,,,
2016-06-11,278,44,,,
2016-06-12,317,67,,,
2016-06-13,250,50,,,
2016-06-14,183,33,,,
2016-06-15,161,44,,,
2016-06-16,178,61,,,
2016-06-17,161,89,,,
2016-06-18,228,72,,,
2016-06-19,267,61,,,
2016-06-20,283,50,,,
2016-06-21,317,67,,,
2016-06-22,294,67,,,
2016-06-23,250,61,,,
2016-06-24,300,50,,,
2016-06-25,328,56,,,
2016-06-26,333,56,,,
2016-06-27,339,67,,,
2016-06-28,333,61,,,
2016-06-29,350,83,,,
2016-06-30,361,100,,,
2016-07-01,367,106,,,
2016-07-02,344,111,,,
2016-07-03,333,100,,,
2016-07-04,328,94,,,
2016-07-05,317,50,,,
2016-07-06,300,67,,,
2016-07-07,300,72,,,
2016-07-08,239,83,,,
2016-07-09,228,83,,,
2016-07-10,228,50,,,
2016-07-11,272,39,,,
2016-07-12,289,83,,,
2016-07-13,328,89,,,
2016-07-14,356,89,,,
2016-07-15,361,94,,,
2016-07-16,344,72,,,
2016-07-17,283,67,,,
2016-07-18,250,106,,,
2016-07-19,256,111,,,
2016-07-20,294,72,,,
2016-07-21,283,61,,,
2016-07-22,317,89,,,
2016-07-23,350,61,,,
2016-07-24,356,78,,,
2016-07-25,361,94,,,
2016-07-26,378,100,,,
2016-07-27,378,106,,,
2016-07-28,394,111,,,
2016-07-29,400,133,,,
2016-07-30,378,133,,,
2016-07-31,350,117,,,
2016-08-01,350,100,,,
2016-08-02,344,61,,,
2016-08-03,356,67,,,
2016-08-04,344,89,,,
2016-08-05,317,89,,,
2016-08-06,306,72,,,
2016-08-07,306,44,,,
2016-08-08,294,56,,,
2016-08-09,311,72,,,
2016-08-10,322,83,,,
2016-08-11,344,94,,,
2016-08-12,350,94,,,
2016-08-13,361,94,,,
2016-08-14,344,83,,,
2016-08-15,361,94,,,
2016-08-16,378,94,,,
2016-08-17,389,117,,,
2016-08-18,394,111,,,
2016-08-19,383,128,,,
2016-08-20,367,122,,,
2016-08-21,361,100,,,
2016-08-22,350,89,,,
2016-08-23,339,61,,,
2016-08-24,339,39,,,
2016-08-25,350,78,,,
2016-08-26,333,78,,,
2016-08-27,333,78,,,
2016-08-28,322,83,,,
2016-08-29,300,89,,,
2016-08-30,278,94,,,
2016-08-31,283,61,,,
2016-09-01,294,67,,,
2016-09-02,278,61,,,
2016-09-03,267,39,,,
2016-09-04,256,17,,,
2016-09-05,278,22,,,
2016-09-06,294,33,,,
2016-09-07,322,61,,,
2016-09-08,322,72,,,
2016-09-09,361,72,,,
2016-09-10,361,72,,,
2016-09-11,322,67,,,
2016-09-12,283,11,,,
2016-09-13,261,44,,,
2016-09-14,250,22,,,
2016-09-15,289,28,,,
2016-09-16,328,28,,,
2016-09-17,339,50,,,
2016-09-18,328,78,,,
2016-09-19,311,78,,,
2016-09-20,272,50,,,
2016-09-21,200,28,,,
2016-09-22,200,17,,,
2016-09-23,206,6,,,
2016-09-24,317,89,,,
2016-09-25,361,50,,,
2016-09-26,350,67,,,
2016-09-27,350,50,,,
2016-09-28,333,50,,,
2016-09-29,278,33,,,
2016-09-30,183,0,,,
2016-10-01,183,17,,,
2016-10-02,111,22,,,
2016-10-03,106,44,,,
2016-10-04,156,28,,,
2016-10-05,178,28,,,
2016-10-06,239,6,,,
2016-10-07,278,28,,,
2016-10-08,289,44,,,
2016-10-09,278,44,,,
2016-10-10,267,50,,,
2016-10-11,244,17,,,
2016-10-12,233,28,,,
2016-10-13,156,94,,,
2016-10-14,139,94,,,
2016-10-15,111,94,,,
2016-10-16,111,67,,,
2016-10-17,117,72,,,
2016-10-18,156,39,,,
2016-10-19,228,17,,,
2016-10-20,233,22,,,
2016-10-21,222,56,,,
2016-10-22,206,17,,,
2016-10-23,172,0,,,
2016-10-24,122,78,,,
2016-10-25,133,56,,,
2016-10-26,189,94,,,
2016-10-27,117,72,,,
2016-10-28,133,67,,,
2016-10-29,144,89,,,
2016-10-30,100,72,,,
2016-10-31,89,56,,,
2016-11-01,150,56,,,
2016-11-02,183,22,,,
2016-11-03,217,17,,,
2016-11-04,217,28,,,
2016-11-05,183,11,,,
2016-11-06,133,83,,,
2016-11-07,194,72,,,
2016-11-08,228,50,,,
2016-11-09,222,50,,,
2016-11-10,250,17,,,
2016-11-11,206,44,,,
2016-11-12,178,72,,,
2016-11-13,194,44,,,
2016-11-14,206,56,,,
2016-11-15,128,28,,,
2016-11-16,83,6,,,
2016-11-17,122,0,,,
2016-11-18,128,-11,,,
2016-11-19,111,56,,,
2016-11-20,117,67,,,
2016-11-21,111,28,,,
2016-11-22,89,6,,,
2016-11-23,94,0,,,
2016-11-24,100,-6,,,
2016-11-25,83,22,,,
2016-11-26,67,6,,,
2016-11-27,67,6,,,
2016-11-28,83,0,,,
2016-11-29,133,-17,,,
2016-11-30,94,17,,,
2016-12-01,94,-28,,,
2016-12-02,122,-33,,,
2016-12-03,167,-22,,,
2016-12-04,111,-6,,,
2016-12-05,67,-39,,,
2016-12-06,39,-28,,,
2016-12-07,6,-44,,,
2016-12-08,67,0,,,
2016-12-09,111,67,,,
2016-12-10,100,11,,,
2016-12-11,56,0,,,
2016-12-12,89,-6,,,
2016-12-13,56,0,,,
2016-12-14,100,61,,,
2016-12-15,100,17,,,
2016-12-16,56,-33,,,
2016-12-17,72,-61,,,
2016-12-18,111,-78,,,
2016-12-19,89,-61,,,
2016-12-20,111,-28,,,
2016-12-21,156,-39,,,
2016-12-22,128,-61,,,
2016-12-23,50,-17,,,
2016-12-24,50,-39,,,
2016-12-25,39,-44,,,
2016-12-26,56,-67,,,
2016-12-27,89,-22,,,
2016-12-28,100,-28,,,
2016-12-29,133,-44,,,
2016-12-30,128,-50,,,
2016-12-31,139,-22,,,
2017-01-01,28,-39,,,
2017-01-02,6,-22,,,
2017-01-03,56,0,,,
2017-01-04,44,-28,,,
2017-01-05,61,-89,,,
2017-01-06,83,-122,,,
2017-01-07,56,0,,,
2017-01-08,106,17,,,
2017-01-09,44,6,,,
2017-01-10,100,17,,,
2017-01-11,44,0,,,
2017-01-12,83,-17,,,
2017-01-13,122,-39,,,
2017-01-14,139,-33,,,
2017-01-15,150,-28,,,
2017-01-16,161,-39,,,
2017-01-17,89,-22,,,
2017-01-18,72,6,,,
2017-01-19,44,0,,,
2017-01-20,22,0,,,
2017-01-21,28,0,,,
2017-01-22,39,6,,,
2017-01-23,44,-6,,,
2017-01-24,89,-33,,,
2017-01-25,89,-22,,,
2017-01-26,122,-17,,,
2017-01-27,117,-44,,,
2017-01-28,156,-50,,,
2017-01-29,128,-56,,,
2017-01-30,172,-67,,,
2017-01-31,72,-44,,,
2017-02-01,94,-22,,,
2017-02-02,83,17,,,
2017-02-03,83,61,,,
2017-02-04,83,50,,,
2017-02-05,106,39,,,
2017-02-06,78,44,,,
2017-02-07,117,44,,,
2017-02-08,122,50,,,
2017-02-09,111,67,,,
2017-02-10,83,17,,,
2017-02-11,128,-11,,,
2017-02-12,183,-39,,,
2017-02-13,172,11,,,
2017-02-14,206,-6,,,
2017-02-15,156,61,,,
2017-02-16,89,33,,,
2017-02-17,67,22,,,
2017-02-18,78,22,,,
2017-02-19,78,33,,,
2017-02-20,89,61,,,
2017-02-21,78,17,,,
2017-02-22,44,-11,,,
2017-02-23,61,-28,,,
2017-02-24,56,-39,,,
2017-02-25,94,-33,,,
2017-02-26,39,-39,,,
2017-02-27,44,-33,,,
2017-02-28,89,-11,,,
2017-03-01,167,-17,,,
2017-03-02,189,-39,,,
2017-03-03,139,-28,,,
2017-03-04,72,6,,,
2017-03-05,22,-17,,,
2017-03-06,28,-22,,,
2017-03-07,56,6,,,
2017-03-08,150,11,,,
2017-03-09,156,22,,,
2017-03-10,200,22,,,
2017-03-11,189,11,,,
2017-03-12,228,11,,,
2017-03-13,239,0,,,
2017-03-14,233,33,,,
2017-03-15,156,61,,,
2017-03-16,161,61,,,
2017-03-17,194,22,,,
2017-03-18,139,89,,,
2017-03-19,183,89,,,
2017-03-20,122,72,,,
2017-03-21,122,61,,,
2017-03-22,89,28,,,
2017-03-23,128,11,,,
2017-03-24,94,22,,,
2017-03-25,133,28,,,
2017-03-26,78,28,,,
2017-03-27,122,17,,,
2017-03-28,178,0,,,
2017-03-29,172,28,,,
2017-03-30,128,17,,,
2017-03-31,194,-11,,,
2017-04-01,250,22,,,
2017-04-02,222,17,,,
2017-04-03,206,-22,,,
2017-04-04,200,56,,,
2017-04-05,172,39,,,
2017-04-06,100,44,,,
2017-04-07,72,6,,,
2017-04-08,78,6,,,
2017-04-09,128,0,,,
2017-04-10,144,11,,,
2017-04-11,94,50,,,
2017-04-12,89,6,,,
2017-04-13,72,6,,,
2017-04-14,111,-6,,,
2017-04-15,178,0,,,
2017-04-16,94,28,,,
2017-04-17,128,50,,,
2017-04-18,167,56,,,
2017-04-19,122,22,,,
2017-04-20,156,33,,,
2017-04-21,233,28,,,
2017-04-22,150,44,,,
2017-04-23,150,28,,,
2017-04-24,133,44,,,
2017-04-25,122,44,,,
2017-04-26,150,50,,,
2017-04-27,161,17,,,
2017-04-28,200,-6,,,
2017-04-29,244,0,,,
2017-04-30,233,28,,,
2017-05-01,267,33,,,
2017-05-02,289,56,,,
2017-05-03,317,89,,,
2017-05-04,289,89,,,
2017-05-05,144,50,,,
2017-05-06,172,50,,,
2017-05-07,239,28,,,
2017-05-08,278,22,,,
2017-05-09,294,33,,,
2017-05-10,267,39,,,
2017-05-11,117,44,,,
2017-05-12,94,28,,,
2017-05-13,128,22,,,
2017-05-14,161,0,,,
2017-05-15,194,17,,,
2017-05-16,111,22,,,
2017-05-17,211,11,,,
2017-05-18,261,39,,,
2017-05-19,272,33,,,
2017-05-20,306,50,,,
2017-05-21,311,50,,,
2017-05-22,333,78,,,
2017-05-23,344,72,,,
2017-05-24,294,83,,,
2017-05-25,261,61,,,
2017-05-26,233,56,,,
2017-05-27,261,72,,,
2017-05-28,294,67,,,
2017-05-29,300,78,,,
2017-05-30,228,83,,,
2017-05-31,228,78,,,
2017-06-01,244,78,,,
2017-06-02,278,61,,,
2017-06-03,283,72,,,
2017-06-04,250,67,,,
2017-06-05,278,44,,,
2017-06-06,278,78,,,
2017-06-07,233,67,,,
2017-06-08,183,83,,,
2017-06-09,172,50,,,
2017-06-10,117,56,,,
2017-06-11,122,39,,,
2017-06-12,183,50,,,
2017-06-13,233,44,,,
2017-06-14,256,61,,,
2017-06-15,250,72,,,
2017-06-16,283,94,,,
2017-06-17,311,94,,,
2017-06-18,378,133,,,
2017-06-19,372,139,,,
2017-06-20,356,106,,,
2017-06-21,378,122,,,
2017-06-22,394,133,,,
2017-06-23,372,100,,,
2017-06-24,383,128,,,
2017-06-25,344,144,,,
2017-06-26,283,100,,,
2017-06-27,294,106,,,
2017-06-28,306,67,,,
2017-06-29,317,56,,,
2017-06-30,317,83,,,
2017-07-01,333,72,,,
2017-07-02,344,94,,,
2017-07-03,333,117,,,
2017-07-04,339,111,,,
2017-07-05,328,83,,,
2017-07-06,350,83,,,
2017-07-07,350,78,,,
2017-07-08,350,61,,,
2017-07-09,350,78,,,
2017-07-10,333,94,,,
2017-07-11,328,89,,,
2017-07-12,333,117,,,
2017-07-13,333,100,,,
2017-07-14,328,106,,,
2017-07-15,344,100,,,
2017-07-16,344,78,,,
2017-07-17,311,78,,,
2017-07-18,294,72,,,
2017-07-19,289,61,,,
2017-07-20,300,67,,,
2017-07-21,322,61,,,
2017-07-22,372,94,,,
2017-07-23,361,117,,,
2017-07-24,350,106,,,
2017-07-25,339,94,,,
2017-07-26,333,94,,,
2017-07-27,339,106,,,
2017-07-28,339,94,,,
2017-07-29,361,94,,,
2017-07-30,372,100,,,
2017-07-31,400,122,,,
2017-08-01,406,139,,,
2017-08-02,400,144,,,
2017-08-03,383,122,,,
2017-08-04,356,133,,,
2017-08-05,344,128,,,
2017-08-06,339,89,,,
2017-08-07,339,111,,,
2017-08-08,344,150,,,
2017-08-09,339,128,,,
2017-08-10,333,139,,,
2017-08-11,328,117,,,
2017-08-12,333,78,,,
2017-08-13,317,78,,,
2017-08-14,311,111,,,
2017-08-15,300,72,,,
2017-08-16,356,89,,,
2017-08-17,361,106,,,
2017-08-18,378,111,,,
2017-08-19,344,100,,,
2017-08-20,350,111,,,
2017-08-21,344,111,,,
2017-08-22,322,128,,,
2017-08-23,339,89,,,
2017-08-24,306,83,,,
2017-08-25,339,89,,,
2017-08-26,367,78,,,
2017-08-27,372,78,,,
2017-08-28,378,100,,,
2017-08-29,356,100,,,
2017-08-30,328,61,,,
2017-08-31,356,78,,,
2017-09-01,394,94,,,
2017-09-02,400,100,,,
2017-09-03,383,111,,,
2017-09-04,389,144,,,
2017-09-05,328,144,,,
2017-09-06,317,144,,,
2017-09-07,172,144,,,
2017-09-08,289,128,,,
2017-09-09,317,111,,,
2017-09-10,350,72,,,
2017-09-11,361,94,,,
2017-09-12,333,139,,,
2017-09-13,328,100,,,
2017-09-14,261,39,,,
2017-09-15,267,11,,,
2017-09-16,278,39,,,
2017-09-17,267,22,,,
2017-09-18,183,83,,,
2017-09-19,150,89,,,
2017-09-20,156,61,,,
2017-09-21,172,39,,,
2017-09-22,183,17,,,
2017-09-23,222,-6,,,
2017-09-24,256,6,,,
2017-09-25,272,28,,,
2017-09-26,283,39,,,
2017-09-27,306,33,,,
2017-09-28,289,22,,,
2017-09-29,250,50,,,
2017-09-30,233,39,,,
2017-10-01,211,11,,,
2017-10-02,194,-11,,,
2017-10-03,211,17,,,
2017-10-04,228,-28,,,
2017-10-05,250,-28,,,
2017-10-06,300,-17,,,
2017-10-07,256,6,,,
2017-10-08,217,-11,,,
2017-10-09,261,22,,,
2017-10-10,217,-11,,,
2017-10-11,156,-28,,,
2017-10-12,183,-56,,,
2017-10-13,194,-39,,,
2017-10-14,250,6,,,
2017-10-15,283,-17,,,
2017-10-16,294,-22,,,
2017-10-17,283,-6,,,
2017-10-18,256,-17,,,
2017-10-19,139,0,,,
2017-10-20,83,33,,,
2017-10-21,106,22,,,
2017-10-22,183,78,,,
2017-10-23,283,56,,,
2017-10-24,328,50,,,
2017-10-25,311,39,,,
2017-10-26,306,17,,,
2017-10-27,306,17,,,
2017-10-28,294,17,,,
2017-10-29,300,11,,,
2017-10-30,233,39,,,
2017-10-31,244,11,,,
2017-11-01,222,-11,,,
2017-11-02,139,6,,,
2017-11-03,94,44,,,
2017-11-04,94,6,,,
2017-11-05,61,6,,,
2017-11-06,117,11,,,
2017-11-07,150,-11,,,
2017-11-08,139,28,,,
2017-11-09,89,72,,,
2017-11-10,111,50,,,
2017-11-11,128,33,,,
2017-11-12,128,39,,,
2017-11-13,100,44,,,
2017-11-14,111,28,,,
2017-11-15,89,56,,,
2017-11-16,78,39,,,
2017-11-17,111,-6,,,
2017-11-18,122,-28,,,
2017-11-19,106,-39,,,
2017-11-20,111,50,,,
2017-11-21,161,83,,,
2017-11-22,189,56,,,
2017-11-23,150,94,,,
2017-11-24,128,50,,,
2017-11-25,150,50,,,
2017-11-26,150,17,,,
2017-11-27,106,11,,,
2017-11-28,78,0,,,
2017-11-29,144,-11,,,
2017-11-30,122,-28,,,
2017-12-01,133,-22,,,
2017-12-02,89,-6,,,
2017-12-03,78,-22,,,
2017-12-04,128,-44,,,
2017-12-05,172,-50,,,
2017-12-06,194,-39,,,
2017-12-07,167,-50,,,
2017-12-08,156,-44,,,
2017-12-09,150,-50,,,
2017-12-10,139,-61,,,
2017-12-11,117,-67,,,
2017-12-12,100,-67,,,
2017-12-13,139,-56,,,
2017-12-14,172,-33,,,
2017-12-15,139,-17,,,
2017-12-16,111,-17,,,
2017-12-17,194,-17,,,
2017-12-18,167,-33,,,
2017-12-19,106,-11,,,
2017-12-20,50,-33,,,
2017-12-21,100,-56,,,
2017-12-22,50,-44,,,
2017-12-23,100,-17,,,
2017-12-24,89,0,,,
2017-12-25,144,0,,,
2017-12-26,133,-33,,,
2017-12-27,144,-39,,,
2017-12-28,150,-33,,,
2017-12-29,150,-50,,,
2017-12-30,139,-22,,,
2017-12-31,128,-11,,,
2018-01-01,172,-6,,,
2018-01-02,150,-17,,,
2018-01-03,111,22,,,
2018-01-04,128,61,,,
2018-01-05,111,56,,,
2018-01-06,122,17,,,
2018-01-07,78,-17,,,
2018-01-08,78,28,,,
2018-01-09,100,11,,,
2018-01-10,94,11,,,
2018-01-11,94,33,,,
2018-01-12,128,22,,,
2018-01-13,167,-11,,,
2018-01-14,144,6,,,
2018-01-15,89,6,,,
2018-01-16,128,67,,,
2018-01-17,156,50,,,
2018-01-18,94,17,,,
2018-01-19,50,0,,,
2018-01-20,83,-11,,,
2018-01-21,56,-6,,,
2018-01-22,100,6,,,
2018-01-23,94,-6,,,
2018-01-24,72,0,,,
2018-01-25,28,0,,,
2018-01-26,50,0,,,
2018-01-27,100,0,,,
2018-01-28,133,-17,,,
2018-01-29,128,-17,,,
2018-01-30,150,-22,,,
2018-01-31,133,-28,,,
2018-02-01,211,0,,,
2018-02-02,217,0,,,
2018-02-03,228,-6,,,
2018-02-04,233,0,,,
2018-02-05,200,6,,,
2018-02-06,206,-28,,,
2018-02-07,233,-6,,,
2018-02-08,250,-17,,,
2018-02-09,217,-17,,,
2018-02-10,150,-33,,,
2018-02-11,78,-61,,,
2018-02-12,117,-17,,,
2018-02-13,172,-28,,,
2018-02-14,106,-44,,,
2018-02-15,150,-61,,,
2018-02-16,161,-50,,,
2018-02-17,172,-39,,,
2018-02-18,50,-28,,,
2018-02-19,39,-72,,,
2018-02-20,33,-72,,,
2018-02-21,72,-44,,,
2018-02-22,33,-56,,,
2018-02-23,72,-100,,,
2018-02-24,56,-61,,,
2018-02-25,94,-56,,,
2018-02-26,50,-6,,,
2018-02-27,106,-28,,,
2018-02-28,72,-33,,,
2018-03-01,28,-22,,,
2018-03-02,33,-33,,,
2018-03-03,61,-22,,,
2018-03-04,83,-17,,,
2018-03-05,122,-33,,,
2018-03-06,194,-33,,,
2018-03-07,161,-11,,,
2018-03-08,83,33,,,
2018-03-09,133,33,,,
2018-03-10,161,11,,,
2018-03-11,194,11,,,
2018-03-12,178,-6,,,
2018-03-13,117,6,,,
2018-03-14,72,0,,,
2018-03-15,22,0,,,
2018-03-16,44,0,,,
2018-03-17,83,-11,,,
2018-03-18,100,-17,,,
2018-03-19,150,-11,,,
2018-03-20,111,22,,,
2018-03-21,139,61,,,
2018-03-22,94,-17,,,
2018-03-23,39,0,,,
2018-03-24,33,-28,,,
2018-03-25,78,-17,,,
2018-03-26,133,-39,,,
2018-03-27,200,-11,,,
2018-03-28,239,-11,,,
2018-03-29,250,6,,,
2018-03-30,250,0,,,
2018-03-31,228,11,,,
2018-04-01,206,-6,,,
2018-04-02,200,11,,,
2018-04-03,206,-17,,,
2018-04-04,206,50,,,
2018-04-05,111,61,,,
2018-04-06,128,83,,,
2018-04-07,117,50,,,
2018-04-08,156,44,,,
2018-04-09,244,22,,,
2018-04-10,150,22,,,
2018-04-11,83,0,,,
2018-04-12,61,0,,,
2018-04-13,172,0,,,
2018-04-14,189,33,,,
2018-04-15,78,6,,,
2018-04-16,72,-11,,,
2018-04-17,122,-17,,,
2018-04-18,144,11,,,
2018-04-19,178,6,,,
2018-04-20,222,11,,,
2018-04-21,250,11,,,
2018-04-22,250,11,,,
2018-04-23,272,28,,,
2018-04-24,261,44,,,
2018-04-25,278,39,,,
2018-04-26,244,44,,,
2018-04-27,106,56,,,
2018-04-28,83,50,,,
2018-04-29,133,33,,,
2018-04-30,150,33,,,
2018-05-01,211,0,,,
2018-05-02,228,33,,,
2018-05-03,250,33,,,
2018-05-04,256,44,,,
2018-05-05,250,72,,,
2018-05-06,211,39,,,
2018-05-07,261,44,,,
2018-05-08,239,44,,,
2018-05-09,222,50,,,
2018-05-10,222,50,,,
2018-05-11,228,39,,,
2018-05-12,256,22,,,
2018-05-13,250,56,,,
2018-05-14,261,50,,,
2018-05-15,211,78,,,
2018-05-16,133,100,,,
2018-05-17,239,94,,,
2018-05-18,256,72,,,
2018-05-19,239,50,,,
2018-05-20,200,61,,,
2018-05-21,267,39,,,
2018-05-22,283,67,,,
2018-05-23,244,83,,,
2018-05-24,239,100,,,
2018-05-25,133,78,,,
2018-05-26,200,67,,,
2018-05-27,289,67,,,
2018-05-28,311,78,,,
2018-05-29,283,72,,,
2018-05-30,200,67,,,
2018-05-31,167,28,,,
2018-06-01,267,17,,,
2018-06-02,333,56,,,
2018-06-03,306,72,,,
2018-06-04,244,56,,,
2018-06-05,250,22,,,
2018-06-06,250,56,,,
2018-06-07,239,61,,,
2018-06-08,239,33,,,
2018-06-09,139,17,,,
2018-06-10,206,-6,,,
2018-06-11,289,67,,,
2018-06-12,317,72,,,
2018-06-13,289,50,,,
2018-06-14,311,39,,,
2018-06-15,283,50,,,
2018-06-16,256,44,,,
2018-06-17,261,56,,,
2018-06-18,272,61,,,
2018-06-19,306,78,,,
2018-06-20,289,78,,,
2018-06-21,311,39,,,
2018-06-22,333,50,,,
2018-06-23,350,78,,,
2018-06-24,372,83,,,
2018-06-25,289,83,,,
2018-06-26,322,50,,,
2018-06-27,306,94,,,
2018-06-28,272,50,,,
2018-06-29,306,61,,,
2018-06-30,361,83,,,
2018-07-01,378,94,,,
2018-07-02,344,106,,,
2018-07-03,311,61,,,
2018-07-04,278,72,,,
2018-07-05,283,78,,,
2018-07-06,283,83,,,
2018-07-07,300,56,,,
2018-07-08,294,83,,,
2018-07-09,311,50,,,
2018-07-10,317,72,,,
2018-07-11,361,89,,,
2018-07-12,367,94,,,
2018-07-13,344,139,,,
2018-07-14,361,133,,,
2018-07-15,361,144,,,
2018-07-16,361,133,,,
2018-07-17,383,128,,,
2018-07-18,383,100,,,
2018-07-19,378,106,,,
2018-07-20,367,106,,,
2018-07-21,344,89,,,
2018-07-22,350,133,,,
2018-07-23,356,139,,,
2018-07-24,361,128,,,
2018-07-25,378,100,,,
2018-07-26,400,94,,,
2018-07-27,383,89,,,
2018-07-28,372,72,,,
2018-07-29,356,78,,,
2018-07-30,356,83,,,
2018-07-31,361,78,,,
2018-08-01,344,61,,,
2018-08-02,333,67,,,
2018-08-03,322,50,,,
2018-08-04,294,56,,,
2018-08-05,306,61,,,
2018-08-06,339,44,,,
2018-08-07,344,67,,,
2018-08-08,339,94,,,
2018-08-09,344,100,,,
2018-08-10,350,83,,,
2018-08-11,317,94,,,
2018-08-12,339,67,,,
2018-08-13,328,83,,,
2018-08-14,339,72,,,
2018-08-15,322,94,,,
2018-08-16,333,83,,,
2018-08-17,344,67,,,
2018-08-18,356,61,,,
2018-08-19,350,67,,,
2018-08-20,328,61,,,
2018-08-21,322,78,,,
2018-08-22,317,83,,,
2018-08-23,300,61,,,
2018-08-24,300,56,,,
2018-08-25,300,61,,,
2018-08-26,306,56,,,
2018-08-27,289,83,,,
2018-08-28,317,78,,,
2018-08-29,294,78,,,
2018-08-30,267,78,,,
2018-08-31,289,67,,,
2018-09-01,322,44,,,
2018-09-02,356,61,,,
2018-09-03,350,61,,,
2018-09-04,344,61,,,
2018-09-05,333,61,,,
2018-09-06,322,67,,,
2018-09-07,333,61,,,
2018-09-08,294,44,,,
2018-09-09,311,22,,,
2018-09-10,306,28,,,
2018-09-11,244,28,,,
2018-09-12,211,11,,,
2018-09-13,222,-6,,,
2018-09-14,233,11,,,
2018-09-15,206,6,,,
2018-09-16,233,-11,,,
2018-09-17,256,11,,,
2018-09-18,261,39,,,
2018-09-19,272,6,,,
2018-09-20,317,6,,,
2018-09-21,306,22,,,
2018-09-22,278,28,,,
2018-09-23,283,39,,,
2018-09-24,311,17,,,
2018-09-25,350,17,,,
2018-09-26,356,22,,,
2018-09-27,344,33,,,
2018-09-28,322,50,,,
2018-09-29,161,94,,,
2018-09-30,206,100,,,
2018-10-01,172,100,,,
2018-10-02,217,122,,,
2018-10-03,206,128,,,
2018-10-04,178,61,,,
2018-10-05,194,44,,,
2018-10-06,206,67,,,
2018-10-07,228,39,,,
2018-10-08,250,39,,,
2018-10-09,250,50,,,
2018-10-10,233,17,,,
2018-10-11,228,11,,,
2018-10-12,272,11,,,
2018-10-13,289,-6,,,
2018-10-14,244,-11,,,
2018-10-15,278,-11,,,
2018-10-16,278,-17,,,
2018-10-17,272,-6,,,
2018-10-18,272,-6,,,
2018-10-19,289,0,,,
2018-10-20,289,-6,,,
2018-10-21,261,-6,,,
2018-10-22,244,-17,,,
2018-10-23,200,-17,,,
2018-10-24,217,28,,,
2018-10-25,267,-6,,,
2018-10-26,256,17,,,
2018-10-27,233,17,,,
2018-10-28,167,28,,,
2018-10-29,156,11,,,
2018-10-30,194,-28,,,
2018-10-31,206,-6,,,
2018-11-01,267,22,,,
2018-11-02,233,-11,,,
2018-11-03,244,-6,,,
2018-11-04,206,-28,,,
2018-11-05,206,-17,,,
2018-11-06,228,-50,,,
2018-11-07,206,-56,,,
2018-11-08,206,-39,,,
2018-11-09,222,-89,,,
2018-11-10,233,-67,,,
2018-11-11,228,-56,,,
2018-11-12,239,-67,,,
2018-11-13,200,-39,,,
2018-11-14,217,-61,,,
2018-11-15,233,-56,,,
2018-11-16,244,-61,,,
2018-11-17,222,-56,,,
2018-11-18,222,-67,,,
2018-11-19,222,-78,,,
2018-11-20,183,-72,,,
2018-11-21,122,61,,,
2018-11-22,72,50,,,
2018-11-23,111,56,,,
2018-11-24,133,39,,,
2018-11-25,161,17,,,
2018-11-26,139,28,,,
2018-11-27,111,56,,,
2018-11-28,94,56,,,
2018-11-29,100,22,,,
2018-11-30,89,11,,,
2018-12-01,50,11,,,
2018-12-02,72,-22,,,
2018-12-03,61,-39,,,
2018-12-04,106,17,,,
2018-12-05,94,0,,,
2018-12-06,139,-11,,,
2018-12-07,122,-11,,,
2018-12-08,144,22,,,
2018-12-09,106,-6,,,
2018-12-10,117,0,,,
2018-12-11,100,-11,,,
2018-12-12,122,-11,,,
2018-12-13,133,-39,,,
2018-12-14,106,-22,,,
2018-12-15,94,0,,,
2018-12-16,106,56,,,
2018-12-17,89,44,,,
2018-12-18,94,56,,,
2018-12-19,139,39,,,
2018-12-20,117,28,,,
2018-12-21,89,-22,,,
2018-12-22,44,-50,,,
2018-12-23,72,28,,,
2018-12-24,83,28,,,
2018-12-25,100,-11,,,
2018-12-26,83,-22,,,
2018-12-27,94,-33,,,
2018-12-28,122,-44,,,
2018-12-29,156,-39,,,
2018-12-30,128,-17,,,
2018-12-31,78,-39,,,
2019-01-01,139,-61,,,
2019-01-02,139,-56,,,
2019-01-03,122,-33,,,
2019-01-04,144,-33,,,
2019-01-05,61,-17,,,
2019-01-06,17,-6,,,
2019-01-07,33,-11,,,
2019-01-08,89,17,,,
2019-01-09,78,44,,,
2019-01-10,128,11,,,
2019-01-11,122,0,,,
2019-01-12,139,6,,,
2019-01-13,144,-17,,,
2019-01-14,122,-33,,,
2019-01-15,100,39,,,
2019-01-16,89,44,,,
2019-01-17,56,17,,,
2019-01-18,78,33,,,
2019-01-19,111,72,,,
2019-01-20,94,0,,,
2019-01-21,83,-11,,,
2019-01-22,122,-22,,,
2019-01-23,144,-11,,,
2019-01-24,189,-17,,,
2019-01-25,194,-39,,,
2019-01-26,156,-22,,,
2019-01-27,200,-11,,,
2019-01-28,133,33,,,
2019-01-29,206,33,,,
2019-01-30,194,17,,,
2019-01-31,194,-6,,,
2019-02-01,106,50,,,
2019-02-02,122,39,,,
2019-02-03,67,6,,,
2019-02-04,11,-50,,,
2019-02-05,56,-106,,,
2019-02-06,61,-17,,,
2019-02-07,44,-22,,,
2019-02-08,61,-22,,,
2019-02-09,28,-50,,,
2019-02-10,61,-39,,,
2019-02-11,33,-6,,,
2019-02-12,33,0,,,
2019-02-13,33,0,,,
2019-02-14,67,6,,,
2019-02-15,33,0,,,
2019-02-16,50,-6,,,
2019-02-17,72,-67,,,
2019-02-18,83,-83,,,
2019-02-19,111,-78,,,
2019-02-20,72,-22,,,
2019-02-21,83,-72,,,
2019-02-22,111,-94,,,
2019-02-23,94,-56,,,
2019-02-24,44,11,,,
2019-02-25,56,17,,,
2019-02-26,78,39,,,
2019-02-27,94,0,,,
2019-02-28,78,6,,,
2019-03-01,61,0,,,
2019-03-02,111,28,,,
2019-03-03,117,50,,,
2019-03-04,117,22,,,
2019-03-05,78,28,,,
2019-03-06,94,39,,,
2019-03-07,78,0,,,
2019-03-08,56,-28,,,
2019-03-09,61,-6,,,
2019-03-10,106,-17,,,
2019-03-11,161,-33,,,
2019-03-12,83,-17,,,
2019-03-13,133,-50,,,
2019-03-14,183,-44,,,
2019-03-15,200,-39,,,
2019-03-16,211,-28,,,
2019-03-17,222,-17,,,
2019-03-18,217,-17,,,
2019-03-19,194,17,,,
2019-03-20,94,33,,,
2019-03-21,139,6,,,
2019-03-22,83,0,,,
2019-03-23,89,17,,,
2019-03-24,144,-6,,,
2019-03-25,72,22,,,
2019-03-26,133,6,,,
2019-03-27,89,17,,,
2019-03-28,67,6,,,
2019-03-29,94,17,,,
2019-03-30,178,6,,,
2019-03-31,211,6,,,
2019-04-01,139,72,,,
2019-04-02,100,72,,,
2019-04-03,139,67,,,
2019-04-04,133,72,,,
2019-04-05,122,56,,,
2019-04-06,111,50,,,
2019-04-07,122,94,,,
2019-04-08,128,50,,,
2019-04-09,128,11,,,
2019-04-10,172,-6,,,
2019-04-11,111,33,,,
2019-04-12,189,17,,,
2019-04-13,228,39,,,
2019-04-14,144,28,,,
2019-04-15,89,17,,,
2019-04-16,167,28,,,
2019-04-17,256,50,,,
2019-04-18,283,44,,,
2019-04-19,244,61,,,
2019-04-20,156,50,,,
2019-04-21,233,17,,,
2019-04-22,267,22,,,
2019-04-23,283,67,,,
2019-04-24,294,61,,,
2019-04-25,289,50,,,
2019-04-26,272,28,,,
2019-04-27,267,33,,,
2019-04-28,250,39,,,
2019-04-29,256,33,,,
2019-04-30,194,-6,,,
2019-05-01,217,-11,,,
2019-05-02,239,-17,,,
2019-05-03,250,6,,,
2019-05-04,261,17,,,
2019-05-05,261,22,,,
2019-05-06,256,44,,,
2019-05-07,261,56,,,
2019-05-08,289,56,,,
2019-05-09,289,67,,,
2019-05-10,294,50,,,
2019-05-11,294,39,,,
2019-05-12,256,39,,,
2019-05-13,239,28,,,
2019-05-14,183,83,,,
2019-05-15,139,72,,,
2019-05-16,83,56,,,
2019-05-17,156,61,,,
2019-05-18,78,56,,,
2019-05-19,111,33,,,
2019-05-20,150,44,,,
2019-05-21,94,56,,,
2019-05-22,211,56,,,
2019-05-23,222,50,,,
2019-05-24,250,61,,,
2019-05-25,217,17,,,
2019-05-26,161,44,,,
2019-05-27,211,61,,,
2019-05-28,261,67,,,
2019-05-29,267,61,,,
2019-05-30,267,61,,,
2019-05-31,272,89,,,
2019-06-01,300,94,,,
2019-06-02,306,117,,,
2019-06-03,322,94,,,
2019-06-04,322,61,,,
2019-06-05,300,72,,,
2019-06-06,194,28,,,
2019-06-07,200,11,,,
2019-06-08,261,22,,,
2019-06-09,317,67,,,
2019-06-10,339,56,,,
2019-06-11,344,83,,,
2019-06-12,333,89,,,
2019-06-13,306,83,,,
2019-06-14,311,72,,,
2019-06-15,322,106,,,
2019-06-16,333,78,,,
2019-06-17,344,106,,,
2019-06-18,361,106,,,
2019-06-19,339,94,,,
2019-06-20,283,72,,,
2019-06-21,267,44,,,
2019-06-22,311,67,,,
2019-06-23,322,78,,,
2019-06-24,289,61,,,
2019-06-25,244,61,,,
2019-06-26,194,33,,,
2019-06-27,211,44,,,
2019-06-28,239,56,,,
2019-06-29,256,44,,,
2019-06-30,272,56,,,
2019-07-01,267,61,,,
2019-07-02,278,44,,,
2019-07-03,267,44,,,
2019-07-04,294,61,,,
2019-07-05,306,72,,,
2019-07-06,306,67,,,
2019-07-07,283,61,,,
2019-07-08,267,67,,,
2019-07-09,261,67,,,
2019-07-10,278,89,,,
2019-07-11,300,122,,,
2019-07-12,317,106,,,
2019-07-13,317,89,,,
2019-07-14,306,83,,,
2019-07-15,294,89,,,
2019-07-16,289,106,,,
2019-07-17,322,83,,,
2019-07-18,311,100,,,
2019-07-19,322,117,,,
2019-07-20,311,94,,,
2019-07-21,322,100,,,
2019-07-22,317,111,,,
2019-07-23,306,100,,,
2019-07-24,350,67,,,
2019-07-25,339,89,,,
2019-07-26,350,106,,,
2019-07-27,356,100,,,
2019-07-28,350,100,,,
2019-07-29,322,83,,,
2019-07-30,311,83,,,
2019-07-31,322,89,,,
2019-08-01,311,100,,,
2019-08-02,317,78,,,
2019-08-03,328,89,,,
2019-08-04,333,106,,,
2019-08-05,328,111,,,
2019-08-06,333,122,,,
2019-08-07,306,94,,,
2019-08-08,272,106,,,
2019-08-09,256,100,,,
2019-08-10,222,100,,,
2019-08-11,278,100,,,
2019-08-12,306,94,,,
2019-08-13,322,89,,,
2019-08-14,356,106,,,
2019-08-15,361,111,,,
2019-08-16,350,106,,,
2019-08-17,344,89,,,
2019-08-18,306,106,,,
2019-08-19,300,94,,,
2019-08-20,300,94,,,
2019-08-21,300,89,,,
2019-08-22,339,122,,,
2019-08-23,350,100,,,
2019-08-24,344,106,,,
2019-08-25,339,94,,,
2019-08-26,367,106,,,
2019-08-27,383,106,,,
2019-08-28,344,117,,,
2019-08-29,300,111,,,
2019-08-30,322,94,,,
2019-08-31,317,67,,,
2019-09-01,311,72,,,
2019-09-02,317,78,,,
2019-09-03,311,78,,,
2019-09-04,333,83,,,
2019-09-05,311,106,,,
2019-09-06,311,56,,,
2019-09-07,244,78,,,
2019-09-08,239,72,,,
2019-09-09,222,56,,,
2019-09-10,228,33,,,
2019-09-11,272,33,,,
2019-09-12,328,50,,,
2019-09-13,328,67,,,
2019-09-14,317,50,,,
2019-09-15,244,56,,,
2019-09-16,144,89,,,
2019-09-17,183,72,,,
2019-09-18,150,89,,,
2019-09-19,217,78,,,
2019-09-20,250,72,,,
2019-09-21,283,61,,,
2019-09-22,250,78,,,
2019-09-23,272,67,,,
2019-09-24,333,89,,,
2019-09-25,344,117,,,
2019-09-26,311,83,,,
2019-09-27,239,61,,,
2019-09-28,144,17,,,
2019-09-29,94,-17,,,
2019-09-30,111,33,,,
2019-10-01,183,17,,,
2019-10-02,206,-6,,,
2019-10-03,183,11,,,
2019-10-04,194,-17,,,
2019-10-05,244,0,,,
2019-10-06,289,11,,,
2019-10-07,289,11,,,
2019-10-08,244,6,,,
2019-10-09,206,-17,,,
2019-10-10,239,0,,,
2019-10-11,250,-39,,,
2019-10-12,244,-33,,,
2019-10-13,228,-22,,,
2019-10-14,244,-22,,,
2019-10-15,244,-11,,,
2019-10-16,206,-17,,,
2019-10-17,122,33,,,
2019-10-18,156,61,,,
2019-10-19,150,22,,,
2019-10-20,178,22,,,
2019-10-21,244,39,,,
2019-10-22,261,17,,,
2019-10-23,256,33,,,
2019-10-24,278,39,,,
2019-10-25,289,0,,,
2019-10-26,267,-6,,,
2019-10-27,150,-11,,,
2019-10-28,211,-44,,,
2019-10-29,172,-44,,,
2019-10-30,206,-78,,,
2019-10-31,217,-67,,,
2019-11-01,267,-44,,,
2019-11-02,261,-33,,,
2019-11-03,272,-22,,,
2019-11-04,289,-17,,,
2019-11-05,289,-22,,,
2019-11-06,272,-11,,,
2019-11-07,261,-22,,,
2019-11-08,261,-28,,,
2019-11-09,267,-28,,,
2019-11-10,267,-6,,,
2019-11-11,278,11,,,
2019-11-12,250,11,,,
2019-11-13,222,0,,,
2019-11-14,211,39,,,
2019-11-15,172,50,,,
2019-11-16,228,22,,,
2019-11-17,261,-11,,,
2019-11-18,244,-6,,,
2019-11-19,139,17,,,
2019-11-20,156,33,,,
2019-11-21,167,-33,,,
2019-11-22,167,-56,,,
2019-11-23,194,-56,,,
2019-11-24,194,-61,,,
2019-11-25,100,-44,,,
2019-11-26,17,-72,,,
2019-11-27,33,-28,,,
2019-11-28,67,-44,,,
2019-11-29,56,-56,,,
2019-11-30,33,-56,,,
2019-12-01,94,6,,,
2019-12-02,117,17,,,
2019-12-03,139,17,,,
2019-12-04,122,28,,,
2019-12-05,133,17,,,
2019-12-06,89,11,,,
2019-12-07,89,72,,,
2019-12-08,128,33,,,
2019-12-09,128,0,,,
2019-12-10,106,6,,,
2019-12-11,89,50,,,
2019-12-12,106,67,,,
2019-12-13,83,50,,,
2019-12-14,56,0,,,
2019-12-15,67,6,,,
2019-12-16,100,-11,,,
2019-12-17,94,-22,,,
2019-12-18,67,-6,,,
2019-12-19,83,44,,,
2019-12-20,111,44,,,
2019-12-21,122,44,,,
2019-12-22,78,17,,,
2019-12-23,89,-17,,,
2019-12-24,39,-11,,,
2019-12-25,61,-11,,,
2019-12-26,83,-44,,,
2019-12-27,111,-61,,,
2019-12-28,128,-33,,,
2019-12-29,44,-11,,,
2019-12-30,117,-11,,,
2019-12-31,161,-17,,,
2020-01-01,122,11,,,
2020-01-02,150,-17,,,
2020-01-03,161,-33,,,
2020-01-04,106,11,,,
2020-01-05,67,-11,,,
2020-01-06,117,-28,,,
2020-01-07,72,-56,,,
2020-01-10,0,-17,,,
2020-01-11,-11,-17,,,
2020-01-12,11,-11,,,
2020-01-13,28,6,,,
2020-01-14,28,6,,,
2020-01-15,28,-11,,,
2020-01-16,33,0,,,
2020-01-17,22,-11,,,
2020-01-18,33,-17,,,
2020-01-19,17,-11,,,
2020-01-20,28,-6,,,
2020-01-21,11,11,,,
2020-01-31,211,150,,,
2020-02-01,183,117,,,
2020-02-02,-11,-33,,,
2020-02-03,78,-56,,,
2020-02-04,128,-50,,,
2020-02-05,183,-22,,,
2020-02-06,206,-33,,,
2020-02-07,217,-44,,,
2020-02-08,122,-11,,,
2020-02-09,144,11,,,
2020-02-10,206,-33,,,
2020-02-11,222,-28,,,
2020-02-12,211,-33,,,
2020-02-13,183,-50,,,
2020-02-14,178,-6,,,
2020-02-15,161,-28,,,
2020-02-16,133,17,,,
2020-02-17,172,-28,,,
2020-02-18,172,-44,,,
2020-02-19,167,-67,,,
2020-02-20,178,-28,,,
2020-02-21,200,-33,,,
2020-02-22,217,-44,,,
2020-02-23,144,-22,,,
2020-02-24,194,-17,,,
2020-02-25,222,-33,,,
2020-02-26,233,-28,,,
2020-02-27,239,-39,,,
2020-02-28,206,-22,,,
2020-02-29,106,-22,,,
2020-03-01,106,-22,,,
2020-03-02,189,-17,,,
2020-03-03,233,-17,,,
2020-03-04,250,-28,,,
2020-03-05,211,-33,,,
2020-03-06,133,11,,,
2020-03-07,78,6,,,
2020-03-08,106,-6,,,
2020-03-09,150,-11,,,
2020-03-10,206,-17,,,
2020-03-11,217,-22,,,
2020-03-12,244,0,,,
2020-03-13,189,-28,,,
2020-03-14,33,0,,,
2020-03-15,50,-28,,,
2020-03-16,83,-50,,,
2020-03-17,22,0,,,
2020-03-18,111,6,,,
2020-03-19,144,-6,,,
2020-03-20,161,-11,,,
2020-03-21,183,-28,,,
2020-03-22,183,-22,,,
2020-03-23,94,22,,,
2020-03-24,61,0,,,
2020-03-25,78,-22,,,
2020-03-26,128,-44,,,
2020-03-27,100,-17,,,
2020-03-28,89,28,,,
2020-03-29,106,44,,,
2020-03-30,83,44,,,
2020-03-31,128,17,,,
2020-04-01,106,-22,,,
2020-04-02,150,-44,,,
2020-04-03,144,-28,,,
2020-04-04,67,0,,,
2020-04-05,67,6,,,
2020-04-06,128,-6,,,
2020-04-07,178,-6,,,
2020-04-08,244,33,,,
2020-04-09,250,11,,,
2020-04-10,194,72,,,
2020-04-11,244,61,,,
2020-04-12,228,33,,,
2020-04-13,222,-11,,,
2020-04-14,244,-11,,,
2020-04-15,250,11,,,
2020-04-16,222,33,,,
2020-04-17,217,17,,,
2020-04-18,167,67,,,
2020-04-19,206,28,,,
2020-04-20,122,50,,,
2020-04-21,217,50,,,
2020-04-22,189,28,,,
2020-04-23,228,50,,,
2020-04-24,250,22,,,
2020-04-25,233,56,,,
2020-04-26,233,61,,,
2020-04-27,217,50,,,
2020-04-28,289,67,,,
2020-04-29,233,83,,,
2020-04-30,206,50,,,
2020-05-01,217,17,,,
2020-05-02,122,28,,,
2020-05-03,178,11,,,
2020-05-04,228,-17,,,
2020-05-05,222,6,,,
2020-05-06,250,22,,,
2020-05-07,306,11,,,
2020-05-08,311,39,,,
2020-05-09,300,67,,,
2020-05-10,261,78,,,
2020-05-11,156,56,,,
2020-05-12,111,61,,,
2020-05-13,111,56,,,
2020-05-14,111,72,,,
2020-05-15,211,67,,,
2020-05-16,172,67,,,
2020-05-17,133,67,,,
2020-05-18,100,44,,,
2020-05-19,178,50,,,
2020-05-20,206,33,,,
2020-05-21,206,50,,,
2020-05-22,200,17,,,
2020-05-23,250,11,,,
2020-05-24,300,44,,,
2020-05-25,317,72,,,
2020-05-26,311,83,,,
2020-05-27,317,89,,,
2020-05-28,339,111,,,
2020-05-29,328,117,,,
2020-05-30,133,106,,,
2020-05-31,217,94,,,
2020-06-01,244,111,,,
2020-06-02,300,100,,,
2020-06-03,311,111,,,
2020-06-04,311,72,,,
2020-06-05,222,61,,,
2020-06-06,144,56,,,
2020-06-07,139,33,,,
2020-06-08,217,0,,,
2020-06-09,261,33,,,
2020-06-10,278,67,,,
2020-06-11,261,100,,,
2020-06-12,144,83,,,
2020-06-13,172,78,,,
2020-06-14,239,94,,,
2020-06-15,189,89,,,
2020-06-16,189,39,,,
2020-06-17,278,33,,,
2020-06-18,311,50,,,
2020-06-19,322,72,,,
2020-06-20,311,83,,,
2020-06-21,322,100,,,
2020-06-22,361,106,,,
2020-06-23,367,122,,,
2020-06-24,328,128,,,
2020-06-25,361,106,,,
2020-06-26,389,122,,,
2020-06-27,328,100,,,
2020-06-28,233,78,,,
2020-06-29,272,56,,,
2020-06-30,289,61,,,
2020-07-01,294,56,,,
2020-07-02,289,67,,,
2020-07-03,283,56,,,
2020-07-04,294,50,,,
2020-07-05,289,44,,,
2020-07-06,261,50,,,
2020-07-07,283,39,,,
2020-07-08,306,67,,,
2020-07-09,300,67,,,
2020-07-10,322,61,,,
2020-07-11,339,67,,,
2020-07-12,322,61,,,
2020-07-13,333,89,,,
2020-07-14,344,100,,,
2020-07-15,389,117,,,
2020-07-16,372,122,,,
2020-07-17,344,106,,,
2020-07-18,350,106,,,
2020-07-19,356,117,,,
2020-07-20,367,106,,,
2020-07-21,356,106,,,
2020-07-22,322,128,,,
2020-07-23,322,117,,,
2020-07-24,333,83,,,
2020-07-25,339,100,,,
2020-07-26,361,106,,,
2020-07-27,350,111,,,
2020-07-28,356,117,,,
2020-07-29,350,94,,,
2020-07-30,339,89,,,
2020-07-31,322,78,,,
2020-08-01,328,72,,,
2020-08-02,328,83,,,
2020-08-03,311,83,,,
2020-08-04,317,100,,,
2020-08-05,306,100,,,
2020-08-06,289,78,,,
2020-08-07,328,94,,,
2020-08-08,344,100,,,
2020-08-09,372,111,,,
2020-08-10,372,128,,,
2020-08-11,339,111,,,
2020-08-12,322,61,,,
2020-08-13,344,67,,,
2020-08-14,378,100,,,
2020-08-15,394,117,,,
2020-08-16,378,128,,,
2020-08-17,322,144,,,
2020-08-18,367,144,,,
2020-08-19,322,78,,,
2020-08-20,317,67,,,
2020-08-21,311,94,,,
2020-08-22,328,117,,,
2020-08-23,344,106,,,
2020-08-24,328,133,,,
2020-08-25,322,94,,,
2020-08-26,317,94,,,
2020-08-27,333,100,,,
2020-08-28,361,100,,,
2020-08-29,356,100,,,
2020-08-30,339,72,,,
2020-08-31,350,89,,,
2020-09-01,372,128,,,
2020-09-02,322,89,,,
2020-09-03,344,83,,,
2020-09-04,344,72,,,
2020-09-05,378,72,,,
2020-09-06,394,111,,,
2020-09-07,406,100,,,
2020-09-08,333,122,,,
2020-09-09,189,106,,,
2020-09-10,206,89,,,
2020-09-11,261,56,,,
2020-09-12,294,50,,,
2020-09-13,300,50,,,
2020-09-14,283,61,,,
2020-09-15,294,28,,,
2020-09-16,289,33,,,
2020-09-17,267,94,,,
2020-09-18,217,67,,,
2020-09-19,272,61,,,
2020-09-20,289,50,,,
2020-09-21,283,39,,,
2020-09-22,267,72,,,
2020-09-23,261,44,,,
2020-09-24,233,72,,,
2020-09-25,267,67,,,
2020-09-26,256,89,,,
2020-09-27,311,89,,,
2020-09-28,339,128,,,
2020-09-29,267,111,,,
2020-09-30,322,83,,,
2020-10-01,328,83,,,
2020-10-02,256,78,,,
2020-10-03,311,44,,,
2020-10-04,206,22,,,
2020-10-05,272,17,,,
2020-10-06,306,11,,,
2020-10-07,300,6,,,
2020-10-08,267,33,,,
2020-10-09,250,17,,,
2020-10-10,156,67,,,
2020-10-11,233,33,,,
2020-10-12,261,33,,,
2020-10-13,278,44,,,
2020-10-14,283,50,,,
2020-10-15,322,61,,,
2020-10-16,333,89,,,
2020-10-17,333,39,,,
2020-10-18,306,44,,,
2020-10-19,311,39,,,
2020-10-20,294,33,,,
2020-10-21,278,56,,,
2020-10-22,250,6,,,
2020-10-23,267,-11,,,
2020-10-24,239,6,,,
2020-10-25,172,44,,,
2020-10-26,228,0,,,
2020-10-27,289,-6,,,
2020-10-28,294,-22,,,
2020-10-29,306,-22,,,
2020-10-30,278,-22,,,
2020-10-31,272,-11,,,
2020-11-01,278,-6,,,
2020-11-02,283,-11,,,
2020-11-03,244,-22,,,
2020-11-04,250,6,,,
2020-11-05,283,0,,,
2020-11-06,83,0,,,
2020-11-07,106,-6,,,
2020-11-08,78,-56,,,
2020-11-09,100,-78,,,
2020-11-10,139,-33,,,
2020-11-11,156,-56,,,
2020-11-12,128,-78,,,
2020-11-13,83,17,,,
2020-11-14,94,6,,,
2020-11-15,122,56,,,
2020-11-16,206,56,,,
2020-11-17,133,72,,,
2020-11-18,78,50,,,
2020-11-19,117,-6,,,
2020-11-20,161,-28,,,
2020-11-21,156,-44,,,
2020-11-22,100,-44,,,
2020-11-23,122,6,,,
2020-11-24,172,-6,,,
2020-11-25,83,-17,,,
2020-11-26,122,-33,,,
2020-11-27,183,-33,,,
2020-11-28,172,-44,,,
2020-11-29,156,-44,,,
2020-11-30,150,-44,,,
2020-12-01,189,-17,,,
2020-12-02,194,-33,,,
2020-12-03,144,-22,,,
2020-12-04,194,-39,,,
2020-12-05,133,-33,,,
2020-12-06,139,17,,,
2020-12-07,200,-11,,,
2020-12-08,189,-39,,,
2020-12-09,150,-28,,,
2020-12-10,150,-56,,,
2020-12-11,44,-44,,,
2020-12-12,89,39,,,
2020-12-13,78,22,,,
2020-12-14,89,-6,,,
2020-12-15,72,-6,,,
2020-12-16,100,56,,,
2020-12-17,72,-17,,,
2020-12-18,122,-22,,,
2020-12-19,117,-6,,,
2020-12-20,122,0,,,
2020-12-21,156,-11,,,
2020-12-22,117,-22,,,
2020-12-23,161,-39,,,
2020-12-24,133,-50,,,
2020-12-25,94,50,,,
2020-12-26,67,6,,,
2020-12-27,100,-11,,,
2020-12-28,111,-28,,,
2020-12-29,122,-50,,,
2020-12-30,94,-28,,,
2020-12-31,94,0,,,
2021-01-01,122,0,,,
2021-01-02,83,39,,,
2021-01-03,89,61,,,
2021-01-04,83,17,,,
2021-01-05,106,-6,,,
2021-01-06,67,-17,,,
2021-01-07,83,-17,,,
2021-01-08,100,-17,,,
2021-01-09,122,-28,,,
2021-01-10,94,-6,,,
2021-01-11,139,11,,,
2021-01-12,106,56,,,
2021-01-13,167,39,,,
2021-01-14,194,11,,,
2021-01-15,144,11,,,
2021-01-16,206,17,,,
2021-01-17,228,6,,,
2021-01-18,183,44,,,
2021-01-19,133,6,,,
2021-01-20,167,-39,,,
2021-01-21,128,-22,,,
2021-01-22,67,0,,,
2021-01-23,117,-33,,,
2021-01-24,28,-22,,,
2021-01-25,39,-33,,,
2021-01-26,6,-61,,,
2021-01-27,67,0,,,
2021-01-28,44,0,,,
2021-01-29,72,-17,,,
2021-01-30,72,6,,,
2021-01-31,72,11,,,
2021-02-01,100,22,,,
2021-02-02,67,0,,,
2021-02-03,72,-17,,,
2021-02-04,139,-22,,,
2021-02-05,172,-33,,,
2021-02-06,211,-22,,,
2021-02-07,206,-44,,,
2021-02-08,156,-28,,,
2021-02-09,133,-6,,,
2021-02-10,161,-17,,,
2021-02-11,78,22,,,
2021-02-12,89,28,,,
2021-02-13,94,-6,,,
2021-02-14,61,-11,,,
2021-02-15,111,28,,,
2021-02-16,100,-6,,,
2021-02-17,128,-33,,,
2021-02-18,106,-6,,,
2021-02-19,83,6,,,
2021-02-20,94,-6,,,
2021-02-21,133,-17,,,
2021-02-22,200,-17,,,
2021-02-23,189,-17,,,
2021-02-24,161,-33,,,
2021-02-25,167,-28,,,
2021-02-26,111,-22,,,
2021-02-27,133,-11,,,
2021-02-28,189,-33,,,
2021-03-01,161,-28,,,
2021-03-02,183,-33,,,
2021-03-03,172,-33,,,
2021-03-04,150,-22,,,
2021-03-05,150,0,,,
2021-03-06,89,-6,,,
2021-03-07,122,0,,,
2021-03-08,39,6,,,
2021-03-09,39,0,,,
2021-03-10,72,-11,,,
2021-03-11,100,-28,,,
2021-03-12,161,-33,,,
2021-03-13,172,-33,,,
2021-03-14,72,-11,,,
2021-03-15,50,-22,,,
2021-03-16,111,-39,,,
2021-03-17,144,-17,,,
2021-03-18,83,33,,,
2021-03-19,83,6,,,
2021-03-20,89,-17,,,
2021-03-21,139,-28,,,
2021-03-22,117,6,,,
2021-03-23,150,-6,,,
2021-03-24,167,-17,,,
2021-03-25,122,6,,,
2021-03-26,206,-17,,,
2021-03-27,239,-11,,,
2021-03-28,217,0,,,
2021-03-29,183,11,,,
2021-03-30,228,-11,,,
2021-03-31,250,0,,,
2021-04-01,222,0,,,
2021-04-02,228,-11,,,
2021-04-03,206,-6,,,
2021-04-04,194,50,,,
2021-04-05,206,39,,,
2021-04-06,211,11,,,
2021-04-07,183,-6,,,
2021-04-08,189,22,,,
2021-04-09,200,17,,,
2021-04-10,206,-17,,,
2021-04-11,261,-11,,,
2021-04-12,256,6,,,
2021-04-13,200,-11,,,
2021-04-14,189,17,,,
2021-04-15,206,-17,,,
2021-04-16,233,6,,,
2021-04-17,244,17,,,
2021-04-18,272,6,,,
2021-04-19,256,17,,,
2021-04-20,217,17,,,
2021-04-21,244,22,,,
2021-04-22,256,11,,,
2021-04-23,222,11,,,
2021-04-24,94,50,,,
2021-04-25,72,11,,,
2021-04-26,117,17,,,
2021-04-27,217,6,,,
2021-04-28,261,22,,,
2021-04-29,278,50,,,
2021-04-30,267,56,,,
2021-05-01,211,61,,,
2021-05-02,228,39,,,
2021-05-03,256,44,,,
2021-05-04,272,56,,,
2021-05-05,294,56,,,
2021-05-06,211,56,,,
2021-05-07,200,17,,,
2021-05-08,250,61,,,
2021-05-09,233,67,,,
2021-05-10,294,56,,,
2021-05-11,306,50,,,
2021-05-12,300,67,,,
2021-05-13,311,50,,,
2021-05-14,278,50,,,
2021-05-15,267,89,,,
2021-05-16,306,61,,,
2021-05-17,267,44,,,
2021-05-18,217,61,,,
2021-05-19,172,28,,,
2021-05-20,156,28,,,
2021-05-21,183,0,,,
2021-05-22,211,11,,,
2021-05-23,233,39,,,
2021-05-24,239,33,,,
2021-05-25,228,56,,,
2021-05-26,267,33,,,
2021-05-27,239,33,,,
2021-05-28,289,56,,,
2021-05-29,322,72,,,
2021-05-30,339,61,,,
2021-05-31,367,89,,,
2021-06-01,367,111,,,
2021-06-02,344,122,,,
2021-06-03,339,106,,,
2021-06-04,328,89,,,
2021-06-05,289,61,,,
2021-06-06,244,44,,,
2021-06-07,194,28,,,
2021-06-08,178,22,,,
2021-06-09,183,44,,,
2021-06-10,206,17,,,
2021-06-11,178,83,,,
2021-06-12,244,128,,,
2021-06-13,256,111,,,
2021-06-14,222,106,,,
2021-06-15,256,83,,,
2021-06-16,339,61,,,
2021-06-17,367,83,,,
2021-06-18,367,106,,,
2021-06-19,394,111,,,
2021-06-20,378,139,,,
2021-06-21,356,117,,,
2021-06-22,300,117,,,
2021-06-23,300,100,,,
2021-06-24,322,100,,,
2021-06-25,350,128,,,
2021-06-26,394,133,,,
2021-06-27,400,150,,,
2021-06-28,339,150,,,
2021-06-29,344,122,,,
2021-06-30,361,139,,,
2021-07-01,344,139,,,
2021-07-02,356,144,,,
2021-07-03,367,122,,,
2021-07-04,350,139,,,
2021-07-05,356,133,,,
2021-07-06,339,133,,,
2021-07-07,350,89,,,
2021-07-08,361,106,,,
2021-07-09,383,100,,,
2021-07-10,389,128,,,
2021-07-11,394,133,,,
2021-07-12,378,111,,,
2021-07-13,383,133,,,
2021-07-14,339,139,,,
2021-07-15,311,117,,,
2021-07-16,322,111,,,
2021-07-17,328,111,,,
2021-07-18,344,117,,,
2021-07-19,344,128,,,
2021-07-20,311,111,,,
2021-07-21,322,78,,,
2021-07-22,211,189,,,
2021-07-23,372,100,,,
2021-07-24,378,111,,,
2021-07-25,372,133,,,
2021-07-26,367,161,,,
2021-07-27,328,156,,,
2021-07-28,350,111,,,
2021-07-29,372,139,,,
2021-07-30,378,150,,,
2021-07-31,372,161,,,
2021-08-01,361,133,,,
2021-08-02,356,122,,,
2021-08-03,356,117,,,
2021-08-04,356,106,,,
2021-08-05,289,89,,,
2021-08-06,339,94,,,
2021-08-07,339,122,,,
2021-08-08,344,111,,,
2021-08-09,356,133,,,
2021-08-10,378,128,,,
2021-08-11,378,144,,,
2021-08-12,356,150,,,
2021-08-13,328,156,,,
2021-08-14,361,139,,,
2021-08-15,394,128,,,
2021-08-16,350,128,,,
2021-08-17,311,111,,,
2021-08-18,300,94,,,
2021-08-19,300,94,,,
2021-08-20,317,111,,,
2021-08-21,289,83,,,
2021-08-22,294,83,,,
2021-08-23,294,72,,,
2021-08-24,294,83,,,
2021-08-25,300,72,,,
2021-08-26,328,61,,,
2021-08-27,344,83,,,
2021-08-28,367,83,,,
2021-08-29,361,106,,,
2021-08-30,350,72,,,
2021-08-31,322,56,,,
2021-09-01,306,72,,,
2021-09-02,294,78,,,
2021-09-03,311,67,,,
2021-09-04,333,67,,,
2021-09-05,344,67,,,
2021-09-06,356,72,,,
2021-09-07,350,94,,,
2021-09-08,361,133,,,
2021-09-09,322,122,,,
2021-09-10,272,117,,,
2021-09-11,300,83,,,
2021-09-12,317,89,,,
2021-09-13,328,61,,,
2021-09-14,356,67,,,
2021-09-15,328,67,,,
2021-09-16,306,78,,,
2021-09-17,300,72,,,
2021-09-18,150,83,,,
2021-09-19,200,89,,,
2021-09-20,306,67,,,
2021-09-21,317,61,,,
2021-09-22,294,83,,,
2021-09-23,328,67,,,
2021-09-24,339,78,,,
2021-09-25,306,72,,,
2021-09-26,261,56,,,
2021-09-27,150,67,,,
2021-09-28,178,39,,,
2021-09-29,250,33,,,
2021-09-30,294,56,,,
2021-10-01,294,67,,,
2021-10-02,306,67,,,
2021-10-03,306,61,,,
2021-10-04,294,44,,,
2021-10-05,233,44,,,
2021-10-06,194,44,,,
2021-10-07,200,17,,,
2021-10-08,156,44,,,
2021-10-09,217,11,,,
2021-10-10,222,11,,,
2021-10-11,139,28,,,
2021-10-12,178,-28,,,
2021-10-13,172,28,,,
2021-10-14,217,6,,,
2021-10-15,256,0,,,
2021-10-16,267,6,,,
2021-10-17,161,6,,,
2021-10-18,133,44,,,
2021-10-19,156,22,,,
2021-10-20,139,61,,,
2021-10-21,161,78,,,
2021-10-22,106,72,,,
2021-10-23,100,72,,,
2021-10-24,117,67,,,
2021-10-25,89,50,,,
2021-10-26,100,61,,,
2021-10-27,178,94,,,
2021-10-28,250,83,,,
2021-10-29,211,67,,,
2021-10-30,172,94,,,
2021-10-31,161,50,,,
2021-11-01,117,89,,,
2021-11-02,178,44,,,
2021-11-03,194,33,,,
2021-11-04,117,61,,,
2021-11-05,94,50,,,
2021-11-06,94,28,,,
2021-11-07,111,0,,,
2021-11-08,106,-6,,,
2021-11-09,139,61,,,
2021-11-10,133,56,,,
2021-11-11,211,83,,,
2021-11-12,228,56,,,
2021-11-13,244,50,,,
2021-11-14,233,39,,,
2021-11-15,172,39,,,
2021-11-16,167,11,,,
2021-11-17,189,-22,,,
2021-11-18,117,33,,,
2021-11-19,144,17,,,
2021-11-20,178,-6,,,
2021-11-21,194,-28,,,
2021-11-22,189,-33,,,
2021-11-23,122,-11,,,
2021-11-24,178,-33,,,
2021-11-25,167,-33,,,
2021-11-26,183,-17,,,
2021-11-27,222,6,,,
2021-11-28,222,22,,,
2021-11-29,189,0,,,
2021-11-30,206,-22,,,
2021-12-01,222,-6,,,
2021-12-02,211,-11,,,
2021-12-03,200,-22,,,
2021-12-04,206,-17,,,
2021-12-05,206,-33,,,
2021-12-06,78,0,,,
2021-12-07,178,33,,,
2021-12-08,100,33,,,
2021-12-09,83,-28,,,
2021-12-10,100,-44,,,
2021-12-11,61,-28,,,
2021-12-12,67,6,,,
2021-12-13,50,-6,,,
2021-12-14,33,-33,,,
2021-12-15,11,-28,,,
2021-12-16,72,-11,,,
2021-12-17,78,-39,,,
2021-12-18,94,-50,,,
2021-12-19,72,-17,,,
2021-12-20,83,-11,,,
2021-12-21,28,-22,,,
2021-12-22,83,22,,,
2021-12-23,83,44,,,
2021-12-24,44,6,,,
2021-12-25,44,-17,,,
2021-12-26,11,-22,,,
2021-12-27,33,-67,,,
2021-12-28,33,-50,,,
2021-12-29,78,-50,,,
2021-12-30,61,-56,,,
2021-12-31,50,-61,,,
2022-01-01,78,-72,,,
2022-01-02,56,-89,,,
2022-01-03,61,-6,,,
2022-01-04,56,22,,,
2022-01-05,106,22,,,
2022-01-06,122,28,,,
2022-01-07,78,17,,,
2022-01-08,111,-11,,,
2022-01-09,122,-33,,,
2022-01-10,167,6,,,
2022-01-11,144,-11,,,
2022-01-12,156,-33,,,
2022-01-13,133,0,,,
2022-01-14,189,-17,,,
2022-01-15,189,-28,,,
2022-01-16,133,-39,,,
2022-01-17,167,-39,,,
2022-01-18,128,-28,,,
2022-01-19,183,-22,,,
2022-01-20,194,-11,,,
2022-01-21,183,-22,,,
2022-01-22,200,56,,,
2022-01-23,194,-6,,,
2022-01-24,189,-39,,,
2022-01-25,183,-39,,,
2022-01-26,189,-61,,,
2022-01-27,194,-50,,,
2022-01-28,183,-56,,,
2022-01-29,189,-56,,,
2022-01-30,178,-44,,,
2022-01-31,139,-17,,,
2022-02-01,122,-39,,,
2022-02-02,139,-44,,,
2022-02-03,178,-17,,,
2022-02-04,178,-33,,,
2022-02-05,194,-33,,,
2022-02-06,244,-44,,,
2022-02-07,250,-44,,,
2022-02-08,233,-28,,,
2022-02-09,222,6,,,
2022-02-10,272,22,,,
2022-02-11,272,-17,,,
2022-02-12,250,-22,,,
2022-02-13,233,-17,,,
2022-02-14,150,-6,,,
2022-02-15,122,-17,,,
2022-02-16,178,-39,,,
2022-02-17,217,-33,,,
2022-02-18,222,-28,,,
2022-02-19,200,-28,,,
2022-02-20,139,-17,,,
2022-02-21,56,-50,,,
2022-02-22,56,-44,,,
2022-02-23,89,-83,,,
2022-02-24,128,-78,,,
2022-02-25,150,-78,,,
2022-02-26,122,-61,,,
2022-02-27,161,33,,,
2022-02-28,211,6,,,
2022-03-01,189,28,,,
2022-03-02,172,11,,,
2022-03-03,133,56,,,
2022-03-04,72,0,,,
2022-03-05,106,-28,,,
2022-03-06,167,-44,,,
2022-03-07,194,-39,,,
2022-03-08,189,-39,,,
2022-03-09,161,-28,,,
2022-03-10,183,-28,,,
2022-03-11,206,-50,,,
2022-03-12,167,-39,,,
2022-03-13,111,0,,,
2022-03-14,172,6,,,
2022-03-15,144,22,,,
2022-03-16,200,6,,,
2022-03-17,167,22,,,
2022-03-18,183,0,,,
2022-03-19,89,-6,,,
2022-03-20,167,-28,,,
2022-03-21,194,-6,,,
2022-03-22,278,39,,,
2022-03-23,239,50,,,
2022-03-24,244,6,,,
2022-03-25,222,33,,,
2022-03-26,222,11,,,
2022-03-27,183,50,,,
2022-03-28,139,67,,,
2022-03-29,194,44,,,
2022-03-30,172,28,,,
2022-03-31,189,0,,,
2022-04-01,222,-6,,,
2022-04-02,228,-6,,,
2022-04-03,183,-17,,,
2022-04-04,117,11,,,
2022-04-05,194,-11,,,
2022-04-06,283,-11,,,
2022-04-07,300,17,,,
2022-04-08,222,28,,,
2022-04-09,183,-11,,,
2022-04-10,144,-6,,,
2022-04-11,39,-22,,,
2022-04-12,61,-22,,,
2022-04-13,50,6,,,
2022-04-14,89,11,,,
2022-04-15,117,0,,,
2022-04-16,122,6,,,
2022-04-17,172,-6,,,
2022-04-18,94,6,,,
2022-04-19,78,22,,,
2022-04-20,89,11,,,
2022-04-21,78,6,,,
2022-04-22,139,6,,,
2022-04-23,189,33,,,
2022-04-24,217,22,,,
2022-04-25,189,44,,,
2022-04-26,178,22,,,
2022-04-27,178,-11,,,
2022-04-28,139,6,,,
2022-04-29,206,-6,,,
2022-04-30,161,28,,,
2022-05-01,239,-6,,,
2022-05-02,117,28,,,
2022-05-03,250,-11,,,
2022-05-04,267,33,,,
2022-05-05,128,89,,,
2022-05-06,122,67,,,
2022-05-07,122,22,,,
2022-05-08,50,6,,,
2022-05-09,67,6,,,
2022-05-10,94,-6,,,
2022-05-11,144,0,,,
2022-05-12,111,22,,,
2022-05-13,161,61,,,
2022-05-14,244,94,,,
2022-05-15,228,78,,,
2022-05-16,222,61,,,
2022-05-17,256,22,,,
2022-05-18,256,44,,,
2022-05-19,217,56,,,
2022-05-20,222,50,,,
2022-05-21,244,11,,,
2022-05-22,261,33,,,
2022-05-23,272,50,,,
2022-05-24,306,56,,,
2022-05-25,322,72,,,
2022-05-26,267,72,,,
2022-05-27,206,72,,,
2022-05-28,128,56,,,
2022-05-29,183,39,,,
2022-05-30,200,11,,,
2022-05-31,256,22,,,
2022-06-01,267,56,,,
2022-06-02,256,72,,,
2022-06-03,211,106,,,
2022-06-04,167,100,,,
2022-06-05,200,100,,,
2022-06-06,239,83,,,
2022-06-07,272,78,,,
2022-06-08,267,106,,,
2022-06-09,300,78,,,
2022-06-10,289,100,,,
2022-06-11,267,128,,,
2022-06-12,167,61,,,
2022-06-13,206,44,,,
2022-06-14,261,39,,,
2022-06-15,261,61,,,
2022-06-16,200,78,,,
2022-06-17,172,61,,,
2022-06-18,189,22,,,
2022-06-19,239,33,,,
2022-06-20,294,67,,,
2022-06-21,344,78,,,
2022-06-22,356,89,,,
2022-06-23,328,94,,,
2022-06-24,328,83,,,
2022-06-25,356,106,,,
2022-06-26,350,94,,,
2022-06-27,328,78,,,
2022-06-28,300,67,,,
2022-06-29,311,72,,,
2022-06-30,294,83,,,
2022-07-01,294,78,,,
2022-07-02,256,78,,,
2022-07-03,217,78,,,
2022-07-04,206,128,,,
2022-07-05,211,150,,,
2022-07-06,239,122,,,
2022-07-07,267,111,,,
2022-07-08,294,72,,,
2022-07-09,289,89,,,
2022-07-10,350,100,,,
2022-07-11,378,117,,,
2022-07-12,333,217,,,
2022-07-13,317,194,,,
2022-07-14,317,172,,,
2022-07-15,328,172,,,
2022-07-16,339,178,,,
2022-07-17,344,172,,,
2022-07-18,344,167,,,
2022-07-19,339,156,,,
2022-07-20,356,167,,,
2022-07-21,339,172,,,
2022-07-22,322,161,,,
2022-07-23,350,156,,,
2022-07-24,361,167,,,
2022-07-25,372,167,,,
2022-07-26,356,156,,,
2022-07-27,361,161,,,
2022-07-28,411,161,,,
2022-07-29,411,161,,,
2022-07-30,389,161,,,
2022-07-31,350,178,,,
2022-08-01,300,172,,,
2022-08-02,333,167,,,
2022-08-03,356,156,,,
2022-08-04,367,161,,,
2022-08-05,328,161,,,
2022-08-06,322,156,,,
2022-08-07,322,167,,,
2022-08-08,300,156,,,
2022-08-09,289,167,,,
2022-08-10,283,150,,,
2022-08-11,294,156,,,
2022-08-12,289,167,,,
2022-08-13,317,139,,,
2022-08-14,328,161,,,
2022-08-15,350,156,,,
2022-08-16,367,161,,,
2022-08-17,378,144,,,
2022-08-18,367,150,,,
2022-08-19,356,144,,,
2022-08-20,361,150,,,
2022-08-21,344,161,,,
2022-08-22,306,144,,,
2022-08-23,333,150,,,
2022-08-24,344,144,,,
2022-08-25,350,150,,,
2022-08-26,339,144,,,
2022-08-27,317,156,,,
2022-08-28,317,144,,,
2022-08-29,350,150,,,
2022-08-30,350,150,,,
2022-08-31,356,72,,,
2022-09-01,372,67,,,
2022-09-02,350,72,,,
2022-09-03,322,83,,,
2022-09-04,356,83,,,
2022-09-05,389,156,,,
2022-09-06,417,150,,,
2022-09-07,378,150,,,
2022-09-08,378,150,,,
2022-09-09,394,150,,,
2022-09-10,350,150,,,
2022-09-11,272,139,,,
2022-09-12,300,150,,,
2022-09-13,239,61,,,
2022-09-14,222,56,,,
2022-09-15,244,44,,,
2022-09-16,250,61,,,
2022-09-17,183,56,,,
2022-09-18,128,83,,,
2022-09-19,194,78,,,
2022-09-20,189,100,,,
2022-09-21,200,94,,,
2022-09-22,256,94,,,
2022-09-23,294,72,,,
2022-09-24,317,56,,,
2022-09-25,306,56,,,
2022-09-26,306,67,,,
2022-09-27,283,67,,,
2022-09-28,222,67,,,
2022-09-29,267,78,,,
2022-09-30,306,44,,,
2022-10-01,300,44,,,
2022-10-02,294,56,,,
2022-10-03,289,44,,,
2022-10-04,294,50,,,
2022-10-05,300,44,,,
2022-10-06,300,50,,,
2022-10-07,317,50,,,
2022-10-08,322,44,,,
2022-10-09,306,39,,,
2022-10-10,322,33,,,
2022-10-11,311,33,,,
2022-10-12,322,39,,,
2022-10-13,344,39,,,
2022-10-14,339,33,,,
2022-10-15,322,28,,,
2022-10-16,233,33,,,
2022-10-17,244,33,,,
2022-10-18,289,22,,,
2022-10-19,322,17,,,
2022-10-20,322,17,,,
2022-10-21,261,22,,,
2022-10-22,150,28,,,
2022-10-23,161,-22,,,
2022-10-24,178,-11,,,
2022-10-25,200,17,,,
2022-10-26,156,11,,,
2022-10-27,200,-28,,,
2022-10-28,206,-17,,,
2022-10-29,211,-17,,,
2022-10-30,244,-28,,,
2022-10-31,228,-11,,,
2022-11-01,83,11,,,
2022-11-02,67,-6,,,
2022-11-03,122,-28,,,
2022-11-04,139,50,,,
2022-11-05,128,67,,,
2022-11-06,83,6,,,
2022-11-07,50,6,,,
2022-11-08,28,0,,,
2022-11-09,89,11,,,
2022-11-10,122,-6,,,
2022-11-11,128,-17,,,
2022-11-12,56,0,,,
2022-11-13,144,-22,,,
2022-11-14,150,-44,,,
2022-11-15,178,-44,,,
2022-11-16,222,-44,,,
2022-11-17,178,-44,,,
2022-11-18,167,-44,,,
2022-11-19,172,-72,,,
2022-11-20,172,-61,,,
2022-11-21,189,-44,,,
2022-11-22,167,-33,,,
2022-11-23,206,-6,,,
2022-11-24,244,-17,,,
2022-11-25,194,-22,,,
2022-11-26,183,-22,,,
2022-11-27,167,-56,,,
2022-11-28,67,-44,,,
2022-11-29,111,-72,,,
2022-11-30,67,-22,,,
2022-12-01,39,-28,,,
2022-12-02,72,-61,,,
2022-12-03,89,-89,,,
2022-12-04,39,6,,,
2022-12-05,50,6,,,
2022-12-06,100,-6,,,
2022-12-07,89,-33,,,
2022-12-08,39,0,,,
2022-12-09,22,-22,,,
2022-12-10,44,6,,,
2022-12-11,22,-11,,,
2022-12-12,72,-39,,,
2022-12-13,89,-50,,,
2022-12-14,83,-56,,,
2022-12-15,106,-67,,,
2022-12-16,117,-78,,,
2022-12-17,106,-78,,,
2022-12-18,111,-78,,,
2022-12-19,94,-61,,,
2022-12-20,56,6,,,
2022-12-21,111,22,,,
2022-12-22,83,22,,,
2022-12-23,117,50,,,
2022-12-24,122,11,,,
2022-12-25,167,33,,,
2022-12-26,133,33,,,
2022-12-27,111,33,,,
2022-12-28,78,6,,,
2022-12-29,67,6,,,
2022-12-30,122,67,,,
2022-12-31,89,22,,,
2023-01-01,106,-17,,,
2023-01-02,17,-17,,,
2023-01-03,28,-6,,,
2023-01-04,106,11,,,
2023-01-05,72,6,,,
2023-01-06,83,11,,,
2023-01-07,56,22,,,
2023-01-08,83,17,,,
2023-01-09,106,-6,,,
2023-01-10,72,6,,,
2023-01-11,89,6,,,
2023-01-12,139,61,,,
2023-01-13,89,61,,,
2023-01-14,67,33,,,
2023-01-15,56,11,,,
2023-01-16,72,-11,,,
2023-01-17,100,-22,,,
2023-01-18,39,-28,,,
2023-01-19,67,-22,,,
2023-01-20,100,-39,,,
2023-01-21,133,-50,,,
2023-01-22,111,-22,,,
2023-01-23,167,-22,,,
2023-01-24,194,-28,,,
2023-01-25,189,-39,,,
2023-01-26,228,-17,,,
2023-01-27,150,-39,,,
2023-01-28,133,-39,,,
2023-01-29,83,-39,,,
2023-01-30,111,-33,,,
2023-01-31,183,-61,,,
2023-02-01,167,-50,,,
2023-02-02,144,-61,,,
2023-02-03,94,-6,,,
2023-02-04,100,-22,,,
2023-02-05,50,0,,,
2023-02-06,117,-22,,,
2023-02-07,161,-33,,,
2023-02-08,194,-28,,,
2023-02-09,178,-39,,,
2023-02-10,94,-39,,,
2023-02-11,128,-33,,,
2023-02-12,194,-22,,,
2023-02-13,100,-33,,,
2023-02-14,50,-56,,,
2023-02-15,122,-83,,,
2023-02-16,94,-67,,,
2023-02-17,133,-61,,,
2023-02-18,156,-61,,,
2023-02-19,217,-44,,,
2023-02-20,217,-11,,,
2023-02-21,61,-22,,,
2023-02-22,22,-33,,,
2023-02-23,-6,-39,,,
2023-02-24,56,-39,,,
2023-02-25,161,-61,,,
2023-02-26,61,-6,,,
2023-02-27,22,-17,,,
2023-02-28,28,-67,,,
2023-03-01,61,-117,,,
2023-03-02,133,-106,,,
2023-03-03,100,-50,,,
2023-03-04,33,-28,,,
2023-03-05,39,-22,,,
2023-03-06,28,-28,,,
2023-03-07,22,-28,,,
2023-03-08,44,-56,,,
2023-03-09,39,-6,,,
2023-03-10,100,-44,,,
2023-03-11,83,-61,,,
2023-03-12,83,11,,,
2023-03-13,72,28,,,
2023-03-14,50,-6,,,
2023-03-15,133,-33,,,
2023-03-16,172,-61,,,
2023-03-17,167,-50,,,
2023-03-18,128,-50,,,
2023-03-19,83,22,,,
2023-03-20,133,0,,,
2023-03-21,89,0,,,
2023-03-22,133,6,,,
2023-03-23,83,-11,,,
2023-03-24,61,-22,,,
2023-03-25,78,-44,,,
2023-03-26,100,-56,,,
2023-03-27,83,-50,,,
2023-03-28,39,0,,,
2023-03-29,100,-28,,,
2023-03-30,122,-44,,,
2023-03-31,78,11,,,
2023-04-01,100,22,,,
2023-04-02,67,-11,,,
2023-04-03,61,-22,,,
2023-04-04,78,-56,,,
2023-04-05,133,-39,,,
2023-04-06,83,33,,,
2023-04-07,106,28,,,
2023-04-08,161,22,,,
2023-04-09,217,6,,,
2023-04-10,222,22,,,
2023-04-11,139,-6,,,
2023-04-12,111,-17,,,
2023-04-13,156,-28,,,
2023-04-14,172,-33,,,
2023-04-15,194,-11,,,
2023-04-16,150,-6,,,
2023-04-17,78,0,,,
2023-04-18,67,-17,,,
2023-04-19,106,-11,,,
2023-04-20,167,-22,,,
2023-04-21,217,17,,,
2023-04-22,239,39,,,
2023-04-23,222,44,,,
2023-04-24,211,33,,,
2023-04-25,278,17,,,
2023-04-26,300,39,,,
2023-04-27,311,56,,,
2023-04-28,306,67,,,
2023-04-29,278,56,,,
2023-04-30,167,39,,,
2023-05-01,128,28,,,
2023-05-02,128,50,,,
2023-05-03,150,33,,,
2023-05-04,89,56,,,
2023-05-05,94,50,,,
2023-05-06,122,17,,,
2023-05-07,133,11,,,
2023-05-08,128,17,,,
2023-05-09,183,22,,,
2023-05-10,178,44,,,
2023-05-11,222,50,,,
2023-05-12,294,50,,,
2023-05-13,306,72,,,
2023-05-14,300,89,,,
2023-05-15,278,89,,,
2023-05-16,294,67,,,
2023-05-17,294,72,,,
2023-05-18,289,72,,,
2023-05-19,289,72,,,
2023-05-20,283,83,,,
2023-05-21,278,83,,,
2023-05-22,283,56,,,
2023-05-23,272,72,,,
2023-05-24,256,56,,,
2023-05-25,267,67,,,
2023-05-26,256,67,,,
2023-05-27,256,61,,,
2023-05-28,250,94,,,
2023-05-29,256,89,,,
2023-05-30,239,94,,,
2023-05-31,256,67,,,
2023-06-01,244,39,,,
2023-06-02,261,33,,,
2023-06-03,289,50,,,
2023-06-04,311,67,,,
2023-06-05,328,94,,,
2023-06-06,300,150,,,
2023-06-07,222,128,,,
2023-06-08,233,106,,,
2023-06-09,256,94,,,
2023-06-10,289,78,,,
2023-06-11,278,128,,,
2023-06-12,278,111,,,
2023-06-13,283,111,,,
2023-06-14,294,100,,,
2023-06-15,317,72,,,
2023-06-16,333,89,,,
2023-06-17,289,89,,,
2023-06-18,228,61,,,
2023-06-19,144,33,,,
2023-06-20,200,0,,,
2023-06-21,244,17,,,
2023-06-22,244,39,,,
2023-06-23,250,56,,,
2023-06-24,261,72,,,
2023-06-25,256,89,,,
2023-06-26,278,89,,,
2023-06-27,283,72,,,
2023-06-28,306,61,,,
2023-06-29,339,89,,,
2023-06-30,361,100,,,
2023-07-01,372,117,,,
2023-07-02,367,122,,,
2023-07-03,344,89,,,
2023-07-04,350,106,,,
2023-07-05,350,106,,,
2023-07-06,333,100,,,
2023-07-07,300,83,,,
2023-07-08,300,61,,,
2023-07-09,289,72,,,
2023-07-10,306,50,,,
2023-07-11,322,67,,,
2023-07-12,311,72,,,
2023-07-13,328,89,,,
2023-07-14,372,111,,,
2023-07-15,389,117,,,
2023-07-16,378,117,,,
2023-07-17,356,106,,,
2023-07-18,344,106,,,
2023-07-19,339,122,,,
2023-07-20,356,106,,,
2023-07-21,372,83,,,
2023-07-22,378,78,,,
2023-07-23,339,89,,,
2023-07-24,289,78,,,
2023-07-25,311,83,,,
2023-07-26,328,111,,,
2023-07-27,306,100,,,
2023-07-28,300,72,,,
2023-07-29,306,83,,,
2023-07-30,311,89,,,
2023-07-31,317,89,,,
2023-08-01,328,89,,,
2023-08-02,300,94,,,
2023-08-03,289,94,,,
2023-08-04,317,100,,,
2023-08-05,339,111,,,
2023-08-06,344,100,,,
2023-08-07,333,106,,,
2023-08-08,333,111,,,
2023-08-09,306,111,,,
2023-08-10,311,106,,,
2023-08-11,322,117,,,
2023-08-12,367,128,,,
2023-08-13,394,133,,,
2023-08-14,383,128,,,
2023-08-15,378,144,,,
2023-08-16,367,144,,,
2023-08-17,350,161,,,
2023-08-18,350,122,,,
2023-08-19,322,122,,,
2023-08-20,289,122,,,
2023-08-21,200,150,,,
2023-08-22,261,139,,,
2023-08-23,300,122,,,
2023-08-24,317,111,,,
2023-08-25,300,100,,,
2023-08-26,306,89,,,
2023-08-27,311,83,,,
2023-08-28,311,78,,,
2023-08-29,278,61,,,
2023-08-30,322,89,,,
2023-08-31,261,83,,,
2023-09-01,156,122,,,
2023-09-02,178,106,,,
2023-09-03,217,111,,,
2023-09-04,244,117,,,
2023-09-05,278,94,,,
2023-09-06,278,100,,,
2023-09-07,278,83,,,
2023-09-08,283,89,,,
2023-09-09,294,72,,,
2023-09-10,300,67,,,
2023-09-11,294,56,,,
2023-09-12,311,94,,,
2023-09-13,317,83,,,
2023-09-14,344,89,,,
2023-09-15,350,78,,,
2023-09-16,328,94,,,
2023-09-17,311,94,,,
2023-09-18,272,94,,,
2023-09-19,306,89,,,
2023-09-20,261,44,,,
2023-09-21,239,28,,,
2023-09-22,250,22,,,
2023-09-23,233,28,,,
2023-09-24,222,100,,,
2023-09-25,150,117,,,
2023-09-26,189,67,,,
2023-09-27,194,56,,,
2023-09-28,233,50,,,
2023-09-29,167,61,,,
2023-09-30,194,72,,,
2023-10-01,211,39,,,
2023-10-02,244,17,,,
2023-10-03,267,72,,,
2023-10-04,294,106,,,
2023-10-05,311,67,,,
2023-10-06,322,56,,,
2023-10-07,300,56,,,
2023-10-08,289,39,,,
2023-10-09,144,89,,,
2023-10-10,117,67,,,
2023-10-11,161,33,,,
2023-10-12,239,11,,,
2023-10-13,139,17,,,
2023-10-14,194,72,,,
2023-10-15,239,56,,,
2023-10-16,161,72,,,
2023-10-17,250,83,,,
2023-10-18,306,50,,,
2023-10-19,311,44,,,
2023-10-20,306,56,,,
2023-10-21,189,50,,,
2023-10-22,178,72,,,
2023-10-23,228,50,,,
2023-10-24,233,39,,,
2023-10-25,106,-6,,,
2023-10-26,167,-28,,,
2023-10-27,167,-17,,,
2023-10-28,183,-39,,,
2023-10-29,222,-22,,,
2023-10-30,244,-44,,,
2023-10-31,239,-28,,,
2023-11-01,244,0,,,
2023-11-02,144,33,,,
2023-11-03,222,94,,,
2023-11-04,194,94,,,
2023-11-05,156,100,,,
2023-11-06,122,39,,,
2023-11-07,128,6,,,
2023-11-08,172,-17,,,
2023-11-09,156,-39,,,
2023-11-10,161,39,,,
2023-11-11,189,17,,,
2023-11-12,172,0,,,
2023-11-13,178,28,,,
2023-11-14,111,28,,,
2023-11-15,161,72,,,
2023-11-16,161,44,,,
2023-11-17,178,28,,,
2023-11-18,111,44,,,
2023-11-19,100,0,,,
2023-11-20,206,-6,,,
2023-11-21,211,-11,,,
2023-11-22,156,-22,,,
2023-11-23,161,-11,,,
2023-11-24,122,-39,,,
2023-11-25,161,-67,,,
2023-11-26,167,-72,,,
2023-11-27,167,-78,,,
2023-11-28,139,-67,,,
2023-11-29,133,-17,,,
2023-11-30,67,-17,,,
2023-12-01,67,11,,,
2023-12-02,94,44,,,
2023-12-03,106,78,,,
2023-12-04,139,78,,,
2023-12-05,178,56,,,
2023-12-06,100,50,,,
2023-12-07,67,17,,,
2023-12-08,89,-22,,,
2023-12-09,139,-33,,,
2023-12-10,117,-39,,,
2023-12-11,167,-28,,,
2023-12-12,161,-11,,,
2023-12-13,150,-33,,,
2023-12-14,167,-22,,,
2023-12-15,139,-28,,,
2023-12-16,172,-33,,,
2023-12-17,56,-17,,,
2023-12-18,111,50,,,
2023-12-19,111,78,,,
2023-12-20,144,39,,,
2023-12-21,172,17,,,
2023-12-22,122,-6,,,
2023-12-23,133,-28,,,
2023-12-24,117,-28,,,
2023-12-25,128,44,,,
2023-12-26,139,28,,,
2023-12-27,94,28,,,
2023-12-28,133,61,,,
2023-12-29,117,61,,,
2023-12-30,106,39,,,
2024-01-01,122,0,,,
2024-01-02,67,0,,,
2024-01-03,61,6,,,
2024-01-04,100,22,,,
2024-01-05,117,-17,,,
2024-01-06,61,-56,,,
2024-01-07,72,-72,,,
2024-01-08,72,-28,,,
2024-01-09,67,6,,,
2024-01-10,61,-17,,,
2024-01-11,56,-56,,,
2024-01-12,50,0,,,
2024-01-13,100,28,,,
2024-01-14,128,50,,,
2024-01-15,156,22,,,
2024-01-16,72,6,,,
2024-01-17,83,50,,,
2024-01-18,111,-150,,,
2024-01-19,117,28,,,
2024-01-20,83,56,,,
2024-01-21,94,67,,,
2024-01-22,111,67,,,
2024-01-23,128,67,,,
2024-01-24,100,50,,,
2024-01-25,111,33,,,
2024-01-26,89,50,,,
2024-01-27,133,83,,,
2024-01-28,217,-156,,,
2024-01-29,211,33,,,
2024-01-30,183,50,,,
2024-01-31,128,33,,,
2024-02-01,61,39,,,
2024-02-02,44,6,,,
2024-02-03,94,0,,,
2024-02-04,89,11,,,
2024-02-05,56,28,,,
2024-02-06,94,-178,,,
2024-02-07,22,-17,,,
2024-02-08,83,-178,,,
2024-02-09,100,-6,,,
2024-02-10,156,-6,,,
2024-02-11,139,-17,,,
2024-02-12,150,-6,,,
2024-02-13,94,39,,,
2024-02-14,61,6,,,
2024-02-15,83,22,,,
2024-02-16,111,44,,,
2024-02-17,78,33,,,
2024-02-18,67,28,,,
2024-02-19,89,33,,,
2024-02-20,61,28,,,
2024-02-21,89,6,,,
2024-02-22,133,0,,,
2024-02-23,183,-17,,,
2024-02-24,189,-11,,,
2024-02-25,183,-17,,,
2024-02-26,89,-17,,,
2024-02-27,139,-39,,,
2024-02-28,156,-22,,,
2024-02-29,72,6,,,
2024-03-01,33,0,,,
2024-03-02,6,-33,,,
2024-03-03,44,-39,,,
2024-03-04,28,-39,,,
2024-03-05,61,6,,,
2024-03-06,94,-6,,,
2024-03-07,83,-28,,,
2024-03-08,189,-56,,,
2024-03-09,89,-11,,,
2024-03-10,56,0,,,
2024-03-11,67,0,,,
2024-03-12,89,-6,,,
2024-03-13,133,-22,,,
2024-03-14,167,-6,,,
2024-03-15,189,6,,,
2024-03-16,206,-28,,,
2024-03-17,228,-11,,,
2024-03-18,244,-161,,,
2024-03-19,217,6,,,
2024-03-20,178,-17,,,
2024-03-21,178,44,,,
2024-03-22,106,28,,,
2024-03-23,61,6,,,
2024-03-24,111,0,,,
2024-03-25,139,11,,,
2024-03-26,156,11,,,
2024-03-27,89,28,,,
2024-03-28,67,6,,,
2024-03-29,83,6,,,
2024-03-30,117,-11,,,
2024-03-31,156,0,,,
2024-04-01,239,6,,,
2024-04-02,250,28,,,
2024-04-03,122,11,,,
2024-04-04,50,-11,,,
2024-04-05,78,-22,,,
2024-04-06,122,-39,,,
2024-04-07,139,11,,,
2024-04-08,194,-17,,,
2024-04-09,233,11,,,
2024-04-10,256,33,,,
2024-04-11,228,28,,,
2024-04-12,156,33,,,
2024-04-13,83,6,,,
2024-04-14,72,11,,,
2024-04-15,194,33,,,
2024-04-16,217,22,,,
2024-04-17,217,11,,,
2024-04-18,228,22,,,
2024-04-19,250,44,,,
2024-04-20,228,33,,,
2024-04-21,272,17,,,
2024-04-22,267,33,,,
2024-04-23,233,56,,,
2024-04-24,172,39,,,
2024-04-25,117,33,,,
2024-04-26,128,28,,,
2024-04-27,172,6,,,
2024-04-28,178,39,,,
2024-04-29,156,0,,,
2024-04-30,178,-17,,,
2024-05-01,200,-6,,,
2024-05-02,161,28,,,
2024-05-03,211,17,,,
2024-05-04,94,11,,,
2024-05-05,100,0,,,
2024-05-06,150,22,,,
2024-05-07,189,0,,,
2024-05-08,250,22,,,
2024-05-09,244,72,,,
2024-05-10,289,39,,,
2024-05-11,294,50,,,
2024-05-12,283,61,,,
2024-05-13,294,56,,,
2024-05-14,306,61,,,
2024-05-15,333,-178,,,
2024-05-16,306,83,,,
2024-05-17,306,61,,,
2024-05-18,289,56,,,
2024-05-19,222,17,,,
2024-05-20,233,22,,,
2024-05-21,267,22,,,
2024-05-22,233,50,,,
2024-05-23,250,11,,,
2024-05-24,233,22,,,
2024-05-25,211,39,,,
2024-05-26,250,50,,,
2024-05-27,278,44,,,
2024-05-28,250,50,,,
2024-05-29,250,33,,,
2024-05-30,306,50,,,
2024-05-31,306,61,,,
2024-06-01,267,50,,,
2024-06-02,250,61,,,
2024-06-03,217,94,,,
2024-06-04,294,89,,,
2024-06-05,333,94,,,
2024-06-06,350,111,,,
2024-06-07,344,122,,,
2024-06-08,311,94,,,
2024-06-09,306,83,,,
2024-06-10,339,72,,,
2024-06-11,339,89,,,
2024-06-12,350,72,,,
2024-06-13,333,67,,,
2024-06-14,267,56,,,
2024-06-15,233,44,,,
2024-06-16,222,33,,,
2024-06-17,239,11,,,
2024-06-18,267,22,,,
2024-06-19,289,28,,,
2024-06-20,317,61,,,
2024-06-21,356,78,,,
2024-06-22,350,94,,,
2024-06-23,328,89,,,
2024-06-24,333,83,,,
2024-06-25,339,83,,,
2024-06-26,283,89,,,
2024-06-27,278,50,,,
2024-06-28,311,67,,,
2024-06-29,311,100,,,
2024-06-30,317,94,,,
2024-07-01,333,78,,,
2024-07-02,378,100,,,
2024-07-03,400,106,,,
2024-07-04,400,106,,,
2024-07-05,428,117,,,
2024-07-06,439,122,,,
2024-07-07,417,122,,,
2024-07-08,406,122,,,
2024-07-09,389,128,,,
2024-07-10,394,139,,,
2024-07-11,389,133,,,
2024-07-12,406,111,,,
2024-07-13,417,122,,,
2024-07-14,361,150,,,
2024-07-15,367,122,,,
2024-07-16,356,117,,,
2024-07-17,328,72,,,
2024-07-18,350,83,,,
2024-07-19,356,78,,,
2024-07-20,361,106,,,
2024-07-21,356,106,,,
2024-07-22,378,111,,,
2024-07-23,394,144,,,
2024-07-24,361,150,,,
2024-07-25,339,100,,,
2024-07-26,333,89,,,
2024-07-27,306,106,,,
2024-07-28,300,83,,,
2024-07-29,306,89,,,
2024-07-30,322,111,,,
2024-07-31,344,122,,,
2024-08-01,344,139,,,
2024-08-02,361,94,,,
2024-08-03,356,167,,,
2024-08-04,350,122,,,
2024-08-05,344,89,,,
2024-08-06,361,89,,,
2024-08-07,378,117,,,
2024-08-08,361,100,,,
2024-08-09,356,94,,,
2024-08-10,344,72,,,
2024-08-11,339,83,,,
2024-08-12,294,83,,,
2024-08-13,294,56,,,
2024-08-14,289,78,,,
2024-08-15,278,83,,,
2024-08-16,294,72,,,
2024-08-17,211,89,,,
2024-08-18,250,94,,,
2024-08-19,278,89,,,
2024-08-20,289,72,,,
2024-08-21,289,72,,,
2024-08-22,211,67,,,
2024-08-23,161,72,,,
2024-08-24,200,89,,,
2024-08-25,267,89,,,
2024-08-26,306,78,,,
2024-08-27,328,100,,,
2024-08-28,344,94,,,
2024-08-29,344,94,,,
2024-08-30,344,106,,,
2024-08-31,344,100,,,
2024-09-01,311,83,,,
2024-09-02,283,67,,,
2024-09-03,344,67,,,
2024-09-04,361,61,,,
2024-09-05,367,89,,,
2024-09-06,350,83,,,
2024-09-07,333,72,,,
2024-09-08,333,61,,,
2024-09-09,344,67,,,
2024-09-10,311,83,,,
2024-09-11,211,56,,,
2024-09-12,278,39,,,
2024-09-13,311,50,,,
2024-09-14,306,56,,,
2024-09-15,206,89,,,
2024-09-16,217,83,,,
2024-09-17,228,56,,,
2024-09-18,233,89,,,
2024-09-19,294,56,,,
2024-09-20,322,56,,,
2024-09-21,333,61,,,
2024-09-22,333,56,,,
2024-09-23,356,67,,,
2024-09-24,344,67,,,
2024-09-25,283,67,,,
2024-09-26,300,61,,,
2024-09-27,344,67,,,
2024-09-28,322,61,,,
2024-09-29,317,56,,,
2024-09-30,356,44,,,
2024-10-01,361,50,,,
2024-10-02,361,44,,,
2024-10-03,356,50,,,
2024-10-04,311,44,,,
2024-10-05,322,33,,,
2024-10-06,339,50,,,
2024-10-07,333,50,,,
2024-10-08,311,44,,,
2024-10-09,278,33,,,
2024-10-10,294,56,,,
2024-10-11,272,33,,,
2024-10-12,189,89,,,
2024-10-13,244,78,,,
2024-10-14,272,72,,,
2024-10-15,256,56,,,
2024-10-16,194,67,,,
2024-10-17,167,11,,,
2024-10-18,228,-17,,,
2024-10-19,289,33,,,
2024-10-20,267,39,,,
2024-10-21,183,33,,,
2024-10-22,206,11,,,
2024-10-23,206,17,,,
2024-10-24,256,-22,,,
2024-10-25,250,0,,,
2024-10-26,244,22,,,
2024-10-27,139,44,,,
2024-10-28,117,22,,,
2024-10-29,161,-17,,,
2024-10-30,150,-6,,,
2024-10-31,94,22,,,
2024-11-01,94,44,,,
2024-11-02,128,33,,,
2024-11-03,161,17,,,
2024-11-04,189,6,,,
2024-11-05,178,17,,,
2024-11-06,200,17,,,
2024-11-07,211,-17,,,
2024-11-08,211,-28,,,
2024-11-09,178,-17,,,
2024-11-10,189,0,,,
2024-11-11,111,22,,,
2024-11-12,122,33,,,
2024-11-13,94,56,,,
2024-11-14,78,22,,,
2024-11-15,100,-22,,,
2024-11-16,89,-44,,,
2024-11-17,100,22,,,
2024-11-18,56,-6,,,
2024-11-19,67,-11,,,
2024-11-20,100,44,,,
2024-11-21,117,94,,,
2024-11-22,122,50,,,
2024-11-23,78,17,,,
2024-11-24,78,0,,,
2024-11-25,78,28,,,
2024-11-26,94,6,,,
2024-11-27,128,-28,,,
2024-11-28,139,-56,,,
2024-11-29,156,-61,,,
2024-11-30,150,-61,,,
2024-12-01,111,-44,,,
2024-12-02,222,-17,,,
2024-12-03,206,-22,,,
2024-12-04,211,-28,,,
2024-12-05,206,11,,,
2024-12-06,206,-6,,,
2024-12-07,167,-17,,,
2024-12-08,167,-39,,,
2024-12-09,172,-67,,,
2024-12-10,139,-78,,,
2024-12-11,133,-44,,,
2024-12-12,61,28,,,
2024-12-13,83,28,,,
2024-12-14,67,17,,,
2024-12-15,72,-6,,,
2024-12-16,78,17,,,
2024-12-17,139,11,,,
2024-12-18,178,0,,,
2024-12-19,183,17,,,
2024-12-20,111,22,,,
2024-12-21,106,50,,,
2024-12-22,117,28,,,
2024-12-23,117,39,,,
2024-12-24,83,17,,,
2024-12-25,67,11,,,
2024-12-26,89,56,,,
2024-12-27,122,72,,,
2024-12-28,111,78,,,
2024-12-29,89,6,,,
2024-12-30,94,-22,,,
2024-12-31,78,-28,,,
2025-01-01,78,22,,,
2025-01-02,117,72,,,
2025-01-03,111,22,,,
2025-01-04,78,28,,,
2025-01-05,128,44,,,
2025-01-06,156,28,,,
2025-01-07,150,0,,,
2025-01-08,211,-11,,,
2025-01-09,222,-17,,,
2025-01-10,161,-11,,,
2025-01-11,144,-22,,,
2025-01-12,161,-44,,,
2025-01-13,150,-22,,,
2025-01-14,206,-50,,,
2025-01-15,217,-17,,,
2025-01-16,178,-28,,,
2025-01-17,161,-50,,,
2025-01-18,183,-67,,,
2025-01-19,183,-61,,,
2025-01-20,172,-44,,,
2025-01-21,172,-72,,,
2025-01-22,222,-67,,,
2025-01-23,228,-44,,,
2025-01-24,183,-28,,,
2025-01-25,106,22,,,
2025-01-26,128,-50,,,
2025-01-27,167,-44,,,
2025-01-28,178,-72,,,
2025-01-29,183,-72,,,
2025-01-30,150,-67,,,
2025-01-31,78,22,,,
2025-02-01,106,67,,,
2025-02-02,106,61,,,
2025-02-03,89,67,,,
2025-02-04,67,-22,,,
2025-02-05,28,-11,,,
2025-02-06,17,-6,,,
2025-02-07,78,-44,,,
2025-02-08,100,-44,,,
2025-02-09,106,-61,,,
2025-02-10,111,-78,,,
2025-02-11,78,-72,,,
2025-02-12,100,-83,,,
2025-02-13,67,11,,,
2025-02-14,72,-17,,,
2025-02-15,139,-22,,,
2025-02-16,89,17,,,
2025-02-17,94,28,,,
2025-02-18,144,28,,,
2025-02-19,94,11,,,
2025-02-20,161,-11,,,
2025-02-21,206,-22,,,
2025-02-22,172,-6,,,
2025-02-23,128,78,,,
2025-02-24,111,50,,,
2025-02-25,161,0,,,
2025-02-26,222,-22,,,
2025-02-27,256,-17,,,
2025-02-28,272,-17,,,
2025-03-01,161,-6,,,
2025-03-02,72,6,,,
2025-03-03,117,11,,,
2025-03-04,106,39,,,
2025-03-05,117,17,,,
2025-03-06,128,-11,,,
2025-03-07,172,-6,,,
2025-03-08,189,-22,,,
2025-03-09,167,-22,,,
2025-03-10,167,-28,,,
2025-03-11,156,-22,,,
2025-03-12,67,6,,,
2025-03-13,56,-6,,,
2025-03-14,56,-6,,,
2025-03-15,56,11,,,
2025-03-16,83,44,,,
2025-03-17,72,-11,,,
2025-03-18,117,-22,,,
2025-03-19,111,-17,,,
2025-03-20,100,6,,,
2025-03-21,83,33,,,
2025-03-22,133,44,,,
2025-03-23,228,39,,,
2025-03-24,272,33,,,
2025-03-25,261,39,,,
2025-03-26,206,39,,,
2025-03-27,78,61,,,
2025-03-28,72,33,,,
2025-03-29,128,11,,,
2025-03-30,117,33,,,
2025-03-31,44,6,,,
2025-04-01,61,0,,,
2025-04-02,111,-11,,,
2025-04-03,144,-17,,,
2025-04-04,194,0,,,
2025-04-05,217,6,,,
2025-04-06,200,17,,,
2025-04-07,128,50,,,
2025-04-08,178,28,,,
2025-04-09,222,39,,,
2025-04-10,217,33,,,
2025-04-11,200,39,,,
2025-04-12,206,-11,,,
2025-04-13,250,11,,,
2025-04-14,267,6,,,
2025-04-15,272,33,,,
2025-04-16,244,39,,,
2025-04-17,222,44,,,
2025-04-18,244,39,,,
2025-04-19,239,22,,,
2025-04-20,233,22,,,
2025-04-21,256,6,,,
2025-04-22,222,11,,,
2025-04-23,217,6,,,
2025-04-24,189,28,,,
2025-04-25,100,61,,,
2025-04-26,106,61,,,
2025-04-27,139,39,,,
2025-04-28,244,33,,,
2025-04-29,256,39,,,
2025-04-30,272,56,,,
2025-05-01,278,44,,,
2025-05-02,228,44,,,
2025-05-03,144,39,,,
2025-05-04,222,6,,,
2025-05-05,278,67,,,
2025-05-06,294,39,,,
2025-05-07,256,39,,,
2025-05-08,272,44,,,
2025-05-09,289,39,,,
2025-05-10,261,39,,,
2025-05-11,156,39,,,
2025-05-12,122,50,,,
2025-05-13,161,39,,,
2025-05-14,194,28,,,
2025-05-15,233,33,,,
2025-05-16,244,50,,,
2025-05-17,189,56,,,
2025-05-18,217,28,,,
2025-05-19,217,50,,,
2025-05-20,250,22,,,
2025-05-21,267,22,,,
2025-05-22,217,39,,,
2025-05-23,244,39,,,
2025-05-24,272,44,,,
2025-05-25,250,44,,,
2025-05-26,228,78,,,
2025-05-27,306,56,,,
2025-05-28,272,78,,,
2025-05-29,300,56,,,
2025-05-30,344,83,,,
2025-05-31,333,94,,,
2025-06-01,294,67,,,
2025-06-02,344,111,,,
2025-06-03,328,83,,,
2025-06-04,306,111,,,
2025-06-05,306,78,,,
2025-06-06,328,94,,,
2025-06-07,333,94,,,
2025-06-08,356,111,,,
2025-06-09,372,128,,,
2025-06-10,339,111,,,
2025-06-11,300,67,,,
2025-06-12,289,56,,,
2025-06-13,250,44,,,
2025-06-14,267,56,,,
2025-06-15,289,56,,,
2025-06-16,272,56,,,
2025-06-17,294,39,,,
2025-06-18,317,72,,,
2025-06-19,267,44,,,
2025-06-20,172,39,,,
2025-06-21,206,72,,,
2025-06-22,256,39,,,
2025-06-23,300,61,,,
2025-06-24,306,67,,,
2025-06-25,300,72,,,
2025-06-26,300,72,,,
2025-06-27,333,78,,,
2025-06-28,339,100,,,
2025-06-29,356,122,,,
2025-06-30,361,128,,,
2025-07-01,339,139,,,
2025-07-02,328,106,,,
2025-07-03,294,61,,,
2025-07-04,250,56,,,
2025-07-05,294,56,,,
2025-07-06,333,67,,,
2025-07-07,333,100,,,
2025-07-08,306,89,,,
2025-07-09,317,89,,,
2025-07-10,344,94,,,
2025-07-11,378,122,,,
2025-07-12,383,133,,,
2025-07-13,378,139,,,
2025-07-14,367,156,,,
2025-07-15,344,161,,,
2025-07-16,333,133,,,
2025-07-17,328,122,,,
2025-07-18,333,117,,,
2025-07-19,356,106,,,
2025-07-20,328,106,,,
2025-07-21,256,122,,,
2025-07-22,289,83,,,
2025-07-23,300,89,,,
2025-07-24,300,106,,,
2025-07-25,306,139,,,
2025-07-26,294,117,,,
2025-07-27,306,78,,,
2025-07-28,311,83,,,
2025-07-29,322,94,,,
2025-07-30,339,111,,,
2025-07-31,333,117,,,
2025-08-01,328,111,,,
2025-08-02,322,106,,,
2025-08-03,289,89,,,
2025-08-04,278,56,,,
2025-08-05,300,72,,,
2025-08-06,311,78,,,
2025-08-07,322,83,,,
2025-08-08,361,111,,,
2025-08-09,378,100,,,
2025-08-10,378,111,,,
2025-08-11,389,122,,,
2025-08-12,372,117,,,
2025-08-13,350,89,,,
2025-08-14,333,83,,,
2025-08-15,306,100,,,
2025-08-16,272,122,,,
2025-08-17,261,117,,,
2025-08-18,261,111,,,
2025-08-19,306,67,,,
2025-08-20,322,83,,,
2025-08-21,344,89,,,
2025-08-22,378,89,,,
2025-08-23,367,100,,,
2025-08-24,372,117,,,
2025-08-25,372,156,,,
2025-08-26,344,133,,,
2025-08-27,339,111,,,
2025-08-28,339,61,,,
2025-08-29,328,67,,,
2025-08-30,333,61,,,
2025-08-31,322,67,,,
2025-09-01,344,61,,,
2025-09-02,378,94,,,
2025-09-03,367,167,,,
2025-09-04,339,122,,,
2025-09-05,306,83,,,
2025-09-06,283,89,,,
2025-09-07,278,94,,,
2025-09-08,233,78,,,
2025-09-09,217,122,,,
2025-09-10,211,122,,,
2025-09-11,244,111,,,
2025-09-12,289,117,,,
2025-09-13,283,89,,,
2025-09-14,267,78,,,
2025-09-15,311,67,,,
2025-09-16,328,61,,,
2025-09-17,317,78,,,
2025-09-18,322,89,,,
2025-09-19,244,133,,,
2025-09-20,261,133,,,
2025-09-21,283,94,,,
2025-09-22,328,56,,,
2025-09-23,344,72,,,
2025-09-24,344,72,,,
2025-09-25,333,78,,,
2025-09-26,328,67,,,
2025-09-27,311,56,,,
2025-09-28,244,56,,,
2025-09-29,156,94,,,
2025-09-30,144,83,,,
2025-10-01,167,106,,,
2025-10-02,167,100,,,
2025-10-03,200,67,,,
2025-10-04,228,61,,,
2025-10-05,239,50,,,
2025-10-06,272,28,,,
2025-10-07,278,22,,,
2025-10-08,250,33,,,
2025-10-09,150,100,,,
2025-10-10,106,61,,,
2025-10-11,133,39,,,
2025-10-12,144,17,,,
2025-10-13,100,44,,,
2025-10-14,189,39,,,
2025-10-15,150,61,,,
2025-10-16,233,44,,,
2025-10-17,267,22,,,
2025-10-18,261,33,,,
2025-10-19,206,44,,,
2025-10-20,267,6,,,
2025-10-21,261,0,,,
2025-10-22,228,33,,,
2025-10-23,244,11,,,
2025-10-24,161,0,,,
2025-10-25,111,67,,,
2025-10-26,122,28,,,
2025-10-27,178,6,,,
2025-10-28,256,6,,,
2025-10-29,261,33,,,
2025-10-30,228,11,,,
2025-10-31,233,39,,,
2025-11-01,228,6,,,
2025-11-02,244,56,,,
2025-11-03,189,33,,,
2025-11-04,133,83,,,
2025-11-05,122,89,,,
2025-11-06,117,89,,,
2025-11-07,178,56,,,
2025-11-08,244,33,,,
2025-11-09,256,28,,,
2025-11-10,244,28,,,
2025-11-11,194,22,,,
2025-11-12,144,39,,,
2025-11-13,139,83,,,
2025-11-14,161,56,,,
2025-11-15,217,22,,,
2025-11-16,111,39,,,
2025-11-17,106,44,,,
2025-11-18,167,11,,,
2025-11-19,94,22,,,
2025-11-20,94,17,,,
2025-11-21,178,0,,,
2025-11-22,211,-22,,,
2025-11-23,172,-28,,,
2025-11-24,172,-22,,,
2025-11-25,189,-44,,,
2025-11-26,206,-39,,,
2025-11-27,194,-33,,,
2025-11-28,178,-28,,,
2025-11-29,178,-50,,,
2025-11-30,161,-22,,,
2025-12-01,194,-33,,,
2025-12-02,183,-28,,,
2025-12-03,172,-22,,,
2025-12-04,200,-28,,,
2025-12-05,194,-11,,,
2025-12-06,178,0,,,
2025-12-07,178,-28,,,
2025-12-08,200,-22,,,
2025-12-09,194,-28,,,
2025-12-10,222,-28,,,
2025-12-11,200,-39,,,
2025-12-12,200,-50,,,
2025-12-13,206,-44,,,
2025-12-14,189,-50,,,
2025-12-15,128,6,,,
2025-12-16,128,100,,,
2025-12-17,139,50,,,
2025-12-18,106,67,,,
2025-12-19,117,78,,,
2025-12-20,83,44,,,
2025-12-21,117,89,,,
2025-12-22,100,50,,,
2025-12-23,106,56,,,
2025-12-24,122,56,,,
2025-12-25,72,28,,,
2025-12-26,50,22,,,
2025-12-27,83,-17,,,
2025-12-28,133,-33,,,
2025-12-29,156,-39,,,
2025-12-30,156,-39,,,
2025-12-31,100,11,,,
2026-01-01,100,67,,,
2026-01-02,106,72,,,
2026-01-03,83,56,,,
2026-01-04,72,39,,,
2026-01-05,56,22,,,
2026-01-06,94,17,,,
2026-01-07,89,6,,,
2026-01-08,67,-28,,,
2026-01-09,139,-50,,,
2026-01-10,161,-28,,,
2026-01-11,167,-39,,,
2026-01-12,183,-44,,,
2026-01-13,189,-39,,,
2026-01-14,194,-44,,,
2026-01-15,250,-28,,,
2026-01-16,250,-33,,,
2026-01-17,233,-44,,,
2026-01-18,228,-17,,,
2026-01-19,239,-44,,,
2026-01-20,172,-28,,,
2026-01-21,156,6,,,
2026-01-22,211,-17,,,
2026-01-23,183,-39,,,
2026-01-24,172,-44,,,
2026-01-25,150,-72,,,
2026-01-26,156,-67,,,
2026-01-27,139,-22,,,
2026-01-28,161,6,,,
2026-01-29,156,-17,,,
2026-01-30,194,-17,,,
2026-01-31,183,-28,,,
2026-02-01,172,-6,,,
2026-02-02,211,-33,,,
2026-02-03,239,-33,,,
2026-02-04,256,-44,,,
2026-02-05,228,-33,,,
2026-02-06,200,-22,,,
2026-02-07,161,-17,,,
2026-02-08,111,50,,,
2026-02-09,150,6,,,
2026-02-10,117,-11,,,
2026-02-11,133,28,,,
2026-02-12,150,0,,,
2026-02-13,150,17,,,
2026-02-14,117,33,,,
2026-02-15,56,11,,,
2026-02-16,67,0,,,
2026-02-17,17,-28,,,
2026-02-18,67,-39,,,
2026-02-19,67,-44,,,
2026-02-20,72,-67,,,
2026-02-21,94,-6,,,
2026-02-22,100,33,,,
2026-02-23,128,56,,,
2026-02-24,111,94,,,
2026-02-25,172,67,,,
2026-02-26,200,61,,,
2026-02-27,228,39,,,
2026-02-28,167,83,,,
2026-03-01,161,61,,,
2026-03-02,178,33,,,
2026-03-03,194,50,,,
2026-03-04,106,39,,,
2026-03-05,139,-11,,,
2026-03-06,189,-17,,,
2026-03-07,244,22,,,
2026-03-08,250,17,,,
2026-03-09,200,0,,,
2026-03-10,161,0,,,
2026-03-11,206,-22,,,
2026-03-12,233,-17,,,
2026-03-13,222,-11,,,
2026-03-14,200,22,,,
2026-03-15,278,-11,,,
2026-03-16,306,17,,,
2026-03-17,311,11,,,
2026-03-18,294,11,,,
2026-03-19,300,6,,,
2026-03-20,317,17,,,
2026-03-21,233,28,,,
2026-03-22,256,6,,,
2026-03-23,222,28,,,
2026-03-24,233,22,,,
2026-03-25,194,33,,,
2026-03-26,239,-28,,,
2026-03-27,278,-17,,,
2026-03-28,256,0,,,
2026-03-29,250,11,,,
2026-03-30,206,33,,,
2026-03-31,117,50,,,
2026-04-01,78,22,,,
2026-04-02,128,0,,,
2026-04-03,233,-11,,,
2026-04-04,261,0,,,
2026-04-05,244,22,,,
2026-04-06,244,17,,,
2026-04-07,239,22,,,
2026-04-08,217,39,,,
2026-04-09,183,67,,,
2026-04-10,133,72,,,
2026-04-11,106,6,,,
2026-04-12,78,11,,,
2026-04-13,133,28,,,
2026-04-14,161,22,,,
2026-04-15,111,0,,,
2026-04-16,161,-28,,,
2026-04-17,211,-22,,,
2026-04-18,228,6,,,
2026-04-19,200,22,,,
2026-04-20,106,44,,,
2026-04-21,106,39,,,
2026-04-22,150,28,,,
2026-04-23,222,22,,,
2026-04-24,211,44,,,
2026-04-25,194,39,,,
2026-04-26,139,56,,,
2026-04-27,150,33,,,
2026-04-28,200,50,,,
2026-04-29,228,44,,,
2026-04-30,256,33,,,
2026-05-01,256,44,,,
2026-05-02,244,78,,,
2026-05-03,233,78,,,
2026-05-04,150,89,,,
2026-05-05,217,83,,,
2026-05-06,250,83,,,
2026-05-07,272,72,,,
2026-05-08,267,56,,,
2026-05-09,306,44,,,
2026-05-10,289,67,,,
2026-05-11,306,61,,,
2026-05-12,283,72,,,
2026-05-13,228,50,,,
2026-05-14,267,22,,,
2026-05-15,239,17,,,
2026-05-16,189,56,,,
2026-05-17,194,39,,,
2026-05-18,256,50,,,
2026-05-19,278,22,,,
2026-05-20,289,50,,,
2026-05-21,300,61,,,
2026-05-22,311,72,,,
2026-05-23,294,78,,,
2026-05-24,278,72,,,
2026-05-25,244,44,,,
2026-05-26,144,56,,,
2026-05-27,211,39,,,
2026-05-28,222,94,,,
2026-05-29,217,89,,,
2026-05-30,217,61,,,
2026-05-31,267,28,,,
2026-06-01,306,56,,,
2026-06-02,300,72,,,
2026-06-03,267,89,,,
2026-06-04,294,44,,,
2026-06-05,283,39,,,
2026-06-06,222,44,,,
2026-06-07,261,6,,,
2026-06-08,156,44,,,
2026-06-09,239,78,,,
2026-06-10,306,50,,,
2026-06-11,350,94,,,
2026-06-12,367,78,,,
2026-06-13,361,100,,,
2026-06-14,367,106,,,
2026-06-15,378,106,,,
2026-06-16,372,111,,,
2026-06-17,367,117,,,
2026-06-18,350,133,,,
2026-06-19,278,139,,,
2026-06-20,278,111,,,
2026-06-21,311,83,,,
2026-06-22,339,89,,,
2026-06-23,328,106,,,
2026-06-24,328,89,,,
2026-06-25,311,83,,,
2026-06-26,228,117,,,
2026-06-27,233,67,,,
2026-06-28,250,44,,,
2026-06-29,300,61,,,
2026-06-30,300,44,,,
2026-07-01,294,61,,,
2026-07-02,306,67,,,
2026-07-03,322,83,,,
2026-07-04,339,94,,,
2026-07-05,322,122,,,
2026-07-06,322,111,,,
2026-07-07,317,89,,,
2026-07-08,322,78,,,
2026-07-09,344,100,,,
2026-07-10,317,89,,,
2026-07-11,322,72,,,
2026-07-12,333,111,,,
2026-07-13,344,94,,,
2026-07-14,356,100,,,
2026-07-15,339,94,,,
2026-07-16,306,61,,,
2026-07-17,322,61,,,
2026-07-18,344,83,,,
2026-07-19,350,83,,,
2026-07-20,350,189,,,
2026-07-21,322,167,,,
2026-07-22,311,122,,,
2026-07-23,317,94,,,
2026-07-24,317,78,,,
2026-07-25,306,83,,,
