DATE,TMAX,TMIN,PRCP,SNWD,SNOW
2003-09-20,,,,,
2003-09-21,246.0,68.0,,,
2003-09-22,257.0,77.0,,,
2003-09-23,258.0,87.0,,,
2003-09-24,254.0,89.0,,,
2003-09-25,249.0,89.0,,,
2003-09-26,249.0,72.0,,,
2003-09-27,266.0,87.0,,,
2003-09-28,252.0,96.0,,,
2003-09-29,198.0,112.0,,,
2003-09-30,212.0,85.0,,0.0,
2003-10-01,183.0,50.0,0.0,0.0,
2003-10-02,173.0,37.0,0.0,0.0,
2003-10-03,185.0,30.0,0.0,0.0,
2003-10-04,180.0,65.0,0.0,0.0,
2003-10-05,199.0,44.0,0.0,0.0,
2003-10-06,203.0,50.0,0.0,0.0,
2003-10-07,201.0,77.0,0.0,0.0,
2003-10-08,204.0,89.0,0.0,0.0,
2003-10-09,178.0,69.0,0.0,0.0,
2003-10-10,120.0,-32.0,0.0,0.0,
2003-10-11,184.0,-12.0,0.0,0.0,
2003-10-12,179.0,14.0,0.0,0.0,
2003-10-13,195.0,-11.0,0.0,0.0,
2003-10-14,176.0,85.0,0.0,0.0,
2003-10-15,159.0,50.0,0.0,0.0,
2003-10-16,188.0,36.0,0.0,0.0,
2003-10-17,217.0,68.0,0.0,0.0,
2003-10-18,184.0,84.0,0.0,0.0,
2003-10-19,187.0,79.0,0.0,0.0,
2003-10-20,214.0,77.0,0.0,0.0,
2003-10-21,228.0,67.0,0.0,0.0,
2003-10-22,198.0,88.0,0.0,0.0,
2003-10-23,161.0,17.0,0.0,0.0,
2003-10-24,209.0,6.0,0.0,0.0,
2003-10-25,160.0,16.0,0.0,0.0,
2003-10-26,166.0,22.0,0.0,0.0,
2003-10-27,194.0,35.0,0.0,0.0,
2003-10-28,231.0,60.0,0.0,0.0,
2003-10-29,127.0,13.0,0.0,0.0,
2003-10-30,22.0,-85.0,152.0,51.0,
2003-10-31,-40.0,-76.0,102.0,305.0,
2003-11-01,-12.0,-124.0,102.0,229.0,
2003-11-02,-18.0,-121.0,25.0,406.0,
2003-11-03,-11.0,-133.0,203.0,356.0,
2003-11-04,32.0,-137.0,0.0,279.0,
2003-11-05,21.0,-85.0,0.0,229.0,
2003-11-06,58.0,-88.0,0.0,203.0,
2003-11-07,24.0,-23.0,25.0,178.0,
2003-11-08,25.0,-18.0,102.0,254.0,
2003-11-09,-10.0,-62.0,457.0,533.0,
2003-11-10,34.0,-84.0,0.0,483.0,
2003-11-11,52.0,-98.0,0.0,457.0,
2003-11-12,27.0,-67.0,0.0,406.0,
2003-11-13,28.0,-46.0,0.0,381.0,
2003-11-14,39.0,-35.0,76.0,432.0,
2003-11-15,-12.0,-73.0,51.0,457.0,
2003-11-16,26.0,-86.0,0.0,432.0,
2003-11-17,78.0,-20.0,25.0,406.0,
2003-11-18,149.0,-22.0,0.0,381.0,
2003-11-19,95.0,34.0,0.0,381.0,
2003-11-20,67.0,-12.0,51.0,356.0,
2003-11-21,-10.0,-125.0,0.0,381.0,
2003-11-22,-26.0,-160.0,0.0,381.0,
2003-11-23,77.0,-104.0,0.0,356.0,
2003-11-24,45.0,-31.0,0.0,381.0,
2003-11-25,29.0,-72.0,0.0,381.0,
2003-11-26,46.0,-90.0,0.0,381.0,
2003-11-27,108.0,-94.0,0.0,356.0,
2003-11-28,88.0,7.0,0.0,330.0,
2003-11-29,89.0,33.0,0.0,305.0,
2003-11-30,62.0,-15.0,0.0,356.0,
2003-12-01,32.0,-18.0,76.0,356.0,
2003-12-02,79.0,-53.0,25.0,406.0,
2003-12-03,112.0,-24.0,0.0,406.0,
2003-12-04,87.0,-23.0,0.0,381.0,
2003-12-05,58.0,12.0,254.0,356.0,
2003-12-06,30.0,-8.0,432.0,635.0,
2003-12-07,0.0,-85.0,203.0,711.0,
2003-12-08,21.0,-139.0,229.0,686.0,
2003-12-09,0.0,-104.0,51.0,762.0,
2003-12-10,-40.0,-60.0,279.0,991.0,
2003-12-11,-18.0,-125.0,178.0,1067.0,
2003-12-12,8.0,-86.0,0.0,1016.0,
2003-12-13,1.0,-28.0,102.0,1016.0,
2003-12-14,-18.0,-141.0,305.0,1194.0,
2003-12-15,10.0,-141.0,0.0,1118.0,
2003-12-16,86.0,-50.0,0.0,1067.0,
2003-12-17,98.0,-29.0,0.0,1016.0,
2003-12-18,121.0,-9.0,0.0,965.0,
2003-12-19,106.0,-24.0,51.0,1016.0,
2003-12-20,20.0,-24.0,102.0,1067.0,
2003-12-21,45.0,-76.0,0.0,1041.0,
2003-12-22,87.0,-78.0,0.0,991.0,
2003-12-23,17.0,-23.0,25.0,1041.0,
2003-12-24,0.0,-53.0,483.0,1575.0,
2003-12-25,-44.0,-103.0,51.0,1651.0,
2003-12-26,-69.0,-183.0,127.0,1651.0,
2003-12-27,-44.0,-181.0,254.0,1549.0,
2003-12-28,-36.0,-115.0,0.0,1524.0,
2003-12-29,-43.0,-69.0,660.0,2083.0,
2003-12-30,13.0,-68.0,25.0,1956.0,
2003-12-31,-31.0,-50.0,76.0,1880.0,
2004-01-01,-43.0,-81.0,737.0,2337.0,
2004-01-02,-78.0,-124.0,178.0,2438.0,
2004-01-03,-76.0,-176.0,25.0,2362.0,
2004-01-04,-35.0,-170.0,0.0,2261.0,
2004-01-05,50.0,-140.0,25.0,2184.0,
2004-01-06,21.0,-39.0,0.0,2134.0,
2004-01-07,3.0,-43.0,127.0,2184.0,
2004-01-08,47.0,-3.0,0.0,2134.0,
2004-01-09,59.0,4.0,0.0,2057.0,
2004-01-10,96.0,6.0,0.0,2032.0,
2004-01-11,115.0,-16.0,0.0,1981.0,
2004-01-12,91.0,-27.0,0.0,1956.0,
2004-01-13,108.0,-31.0,0.0,1905.0,
2004-01-14,89.0,-40.0,0.0,1880.0,
2004-01-15,66.0,-64.0,0.0,1880.0,
2004-01-16,90.0,-64.0,0.0,1854.0,
2004-01-17,124.0,-48.0,0.0,1829.0,
2004-01-18,65.0,-65.0,0.0,1829.0,
2004-01-19,58.0,-78.0,0.0,1803.0,
2004-01-20,-18.0,-82.0,51.0,1803.0,
2004-01-21,4.0,-110.0,0.0,1829.0,
2004-01-22,95.0,-91.0,0.0,1829.0,
2004-01-23,107.0,-30.0,0.0,1778.0,
2004-01-24,3.0,-65.0,25.0,1829.0,
2004-01-25,11.0,-108.0,0.0,1803.0,
2004-01-26,-1.0,-85.0,25.0,1803.0,
2004-01-27,-11.0,-78.0,102.0,1956.0,
2004-01-28,38.0,-105.0,0.0,1905.0,
2004-01-29,87.0,-46.0,0.0,1854.0,
2004-01-30,17.0,-100.0,0.0,1880.0,
2004-01-31,12.0,-115.0,0.0,1854.0,
2004-02-01,3.0,-89.0,0.0,1829.0,
2004-02-02,-14.0,-84.0,305.0,2184.0,
2004-02-03,-24.0,-88.0,0.0,2134.0,
2004-02-04,-18.0,-131.0,0.0,2083.0,
2004-02-05,-6.0,-122.0,0.0,2057.0,
2004-02-06,74.0,-85.0,51.0,2108.0,
2004-02-07,14.0,-128.0,0.0,2083.0,
2004-02-08,29.0,-140.0,25.0,2032.0,
2004-02-09,-8.0,-112.0,0.0,2007.0,
2004-02-10,54.0,-150.0,0.0,1981.0,
2004-02-11,65.0,-96.0,0.0,1981.0,
2004-02-12,69.0,-113.0,0.0,1956.0,
2004-02-13,50.0,-72.0,0.0,1930.0,
2004-02-14,36.0,-73.0,0.0,1905.0,
2004-02-15,35.0,-39.0,76.0,1880.0,
2004-02-16,20.0,-28.0,356.0,1981.0,
2004-02-17,24.0,-25.0,102.0,2083.0,
2004-02-18,-12.0,-79.0,356.0,2337.0,
2004-02-19,13.0,-98.0,25.0,2261.0,
2004-02-20,-6.0,-83.0,51.0,2235.0,
2004-02-21,6.0,-61.0,25.0,2210.0,
2004-02-22,2.0,-61.0,25.0,2235.0,
2004-02-23,44.0,-92.0,25.0,2235.0,
2004-02-24,-10.0,-57.0,51.0,2235.0,
2004-02-25,-7.0,-67.0,762.0,2718.0,
2004-02-26,-42.0,-91.0,381.0,3048.0,
2004-02-27,-13.0,-146.0,0.0,2896.0,
2004-02-28,4.0,-133.0,25.0,2769.0,
2004-02-29,5.0,-111.0,0.0,2718.0,
2004-03-01,-6.0,-107.0,102.0,2743.0,
2004-03-02,-9.0,-108.0,0.0,2769.0,
2004-03-03,65.0,-107.0,0.0,2743.0,
2004-03-04,47.0,-107.0,0.0,2642.0,
2004-03-05,65.0,-70.0,0.0,2591.0,
2004-03-06,104.0,-24.0,0.0,2540.0,
2004-03-07,117.0,-35.0,0.0,2489.0,
2004-03-08,142.0,-20.0,0.0,2438.0,
2004-03-09,147.0,12.0,0.0,2388.0,
2004-03-10,110.0,-22.0,0.0,2362.0,
2004-03-11,142.0,-37.0,0.0,2311.0,
2004-03-12,121.0,-23.0,0.0,2311.0,
2004-03-13,158.0,-26.0,0.0,2261.0,
2004-03-14,155.0,7.0,0.0,2210.0,
2004-03-15,127.0,-18.0,0.0,2184.0,
2004-03-16,133.0,-13.0,0.0,2159.0,
2004-03-17,171.0,-16.0,0.0,2134.0,
2004-03-18,143.0,16.0,0.0,2083.0,
2004-03-19,142.0,30.0,0.0,2083.0,
2004-03-20,205.0,23.0,0.0,2032.0,
2004-03-21,173.0,37.0,0.0,2007.0,
2004-03-22,156.0,35.0,0.0,1956.0,
2004-03-23,138.0,22.0,0.0,1956.0,
2004-03-24,85.0,0.0,0.0,1905.0,
2004-03-25,40.0,-40.0,229.0,2235.0,
2004-03-26,16.0,-89.0,25.0,2184.0,
2004-03-27,120.0,-42.0,0.0,2083.0,
2004-03-28,128.0,-41.0,0.0,2007.0,
2004-03-29,153.0,-3.0,25.0,1930.0,
2004-03-30,97.0,24.0,0.0,1905.0,
2004-03-31,91.0,4.0,0.0,1880.0,
2004-04-01,22.0,-54.0,0.0,1880.0,
2004-04-02,72.0,-61.0,0.0,1854.0,
2004-04-03,139.0,-9.0,0.0,1829.0,
2004-04-04,134.0,3.0,0.0,1803.0,
2004-04-05,108.0,10.0,0.0,1753.0,
2004-04-06,82.0,-18.0,0.0,1753.0,
2004-04-07,129.0,-22.0,0.0,1702.0,
2004-04-08,127.0,-6.0,0.0,1702.0,
2004-04-09,140.0,-11.0,0.0,1676.0,
2004-04-10,126.0,-20.0,0.0,1651.0,
2004-04-11,158.0,-25.0,0.0,1600.0,
2004-04-12,123.0,17.0,0.0,1575.0,
2004-04-13,61.0,-16.0,0.0,1575.0,
2004-04-14,68.0,-23.0,0.0,1549.0,
2004-04-15,41.0,-23.0,0.0,1524.0,
2004-04-16,41.0,-28.0,76.0,1549.0,
2004-04-17,11.0,-59.0,0.0,1575.0,
2004-04-18,17.0,-71.0,51.0,1575.0,
2004-04-19,17.0,-53.0,25.0,1626.0,
2004-04-20,39.0,-22.0,76.0,1575.0,
2004-04-21,40.0,-36.0,51.0,1575.0,
2004-04-22,70.0,-59.0,0.0,1575.0,
2004-04-23,150.0,-29.0,0.0,1549.0,
2004-04-24,161.0,-14.0,0.0,1473.0,
2004-04-25,176.0,4.0,0.0,1448.0,
2004-04-26,191.0,28.0,0.0,1397.0,
2004-04-27,173.0,29.0,0.0,1346.0,
2004-04-28,126.0,-18.0,0.0,1321.0,
2004-04-29,106.0,-45.0,0.0,1295.0,
2004-04-30,168.0,-28.0,0.0,1245.0,
2004-05-01,174.0,7.0,0.0,1219.0,
2004-05-02,198.0,37.0,0.0,1143.0,
2004-05-03,201.0,54.0,0.0,1092.0,
2004-05-04,166.0,90.0,0.0,1041.0,
2004-05-05,140.0,61.0,0.0,991.0,
2004-05-06,131.0,46.0,0.0,940.0,
2004-05-07,119.0,40.0,0.0,889.0,
2004-05-08,116.0,35.0,0.0,864.0,
2004-05-09,143.0,-2.0,0.0,813.0,
2004-05-10,50.0,-40.0,0.0,787.0,
2004-05-11,50.0,-40.0,0.0,813.0,
2004-05-12,119.0,-62.0,0.0,737.0,
2004-05-13,144.0,-15.0,0.0,686.0,
2004-05-14,151.0,0.0,0.0,660.0,
2004-05-15,140.0,23.0,0.0,610.0,
2004-05-16,147.0,26.0,0.0,533.0,
2004-05-17,98.0,-7.0,51.0,508.0,
2004-05-18,86.0,-22.0,0.0,483.0,
2004-05-19,118.0,-31.0,0.0,406.0,
2004-05-20,106.0,-24.0,0.0,381.0,
2004-05-21,96.0,-26.0,0.0,356.0,
2004-05-22,104.0,-14.0,0.0,305.0,
2004-05-23,112.0,-14.0,0.0,254.0,
2004-05-24,128.0,-20.0,0.0,203.0,
2004-05-25,138.0,-8.0,0.0,127.0,
2004-05-26,171.0,4.0,0.0,51.0,
2004-05-27,153.0,50.0,51.0,25.0,
2004-05-28,77.0,-21.0,178.0,51.0,
2004-05-29,138.0,-29.0,0.0,0.0,
2004-05-30,184.0,13.0,0.0,0.0,
2004-05-31,197.0,55.0,0.0,0.0,
2004-06-01,195.0,41.0,0.0,0.0,
2004-06-02,220.0,54.0,0.0,0.0,
2004-06-03,205.0,91.0,0.0,0.0,
2004-06-04,230.0,84.0,0.0,0.0,
2004-06-05,214.0,85.0,0.0,0.0,
2004-06-06,196.0,81.0,0.0,0.0,
2004-06-07,146.0,39.0,0.0,0.0,
2004-06-08,101.0,-18.0,0.0,0.0,
2004-06-09,65.0,-41.0,0.0,0.0,
2004-06-10,139.0,7.0,0.0,0.0,
2004-06-11,159.0,12.0,0.0,0.0,
2004-06-12,191.0,30.0,0.0,0.0,
2004-06-13,218.0,61.0,0.0,0.0,
2004-06-14,232.0,59.0,0.0,0.0,
2004-06-15,221.0,80.0,0.0,0.0,
2004-06-16,222.0,54.0,0.0,0.0,
2004-06-17,201.0,52.0,0.0,0.0,
2004-06-18,205.0,45.0,0.0,0.0,
2004-06-19,203.0,50.0,0.0,0.0,
2004-06-20,219.0,60.0,0.0,0.0,
2004-06-21,232.0,56.0,0.0,0.0,
2004-06-22,224.0,74.0,0.0,0.0,
2004-06-23,225.0,82.0,0.0,0.0,
2004-06-24,217.0,77.0,0.0,0.0,
2004-06-25,213.0,58.0,0.0,0.0,
2004-06-26,219.0,68.0,0.0,0.0,
2004-06-27,215.0,64.0,0.0,0.0,
2004-06-28,186.0,71.0,0.0,0.0,
2004-06-29,194.0,55.0,0.0,0.0,
2004-06-30,180.0,47.0,51.0,0.0,
2004-07-01,188.0,35.0,0.0,0.0,
2004-07-02,198.0,52.0,0.0,0.0,
2004-07-03,212.0,64.0,0.0,0.0,
2004-07-04,227.0,64.0,0.0,0.0,
2004-07-05,254.0,86.0,0.0,0.0,
2004-07-06,261.0,101.0,0.0,0.0,
2004-07-07,226.0,120.0,0.0,0.0,
2004-07-08,218.0,86.0,0.0,0.0,
2004-07-09,191.0,102.0,0.0,0.0,
2004-07-10,199.0,104.0,0.0,0.0,
2004-07-11,221.0,82.0,0.0,0.0,
2004-07-12,228.0,108.0,0.0,0.0,
2004-07-13,229.0,126.0,0.0,0.0,
2004-07-14,234.0,127.0,0.0,0.0,
2004-07-15,240.0,108.0,0.0,0.0,
2004-07-16,250.0,108.0,0.0,0.0,
2004-07-17,244.0,115.0,0.0,0.0,
2004-07-18,232.0,108.0,0.0,0.0,
2004-07-19,220.0,101.0,0.0,0.0,
2004-07-20,232.0,87.0,0.0,0.0,
2004-07-21,253.0,89.0,0.0,0.0,
2004-07-22,269.0,97.0,0.0,0.0,
2004-07-23,260.0,106.0,0.0,0.0,
2004-07-24,246.0,109.0,0.0,0.0,
2004-07-25,242.0,98.0,0.0,0.0,
2004-07-26,236.0,90.0,0.0,0.0,
2004-07-27,249.0,74.0,0.0,0.0,
2004-07-28,265.0,107.0,0.0,0.0,
2004-07-29,238.0,131.0,0.0,0.0,
2004-07-30,234.0,77.0,0.0,0.0,
2004-07-31,227.0,111.0,0.0,0.0,
2004-08-01,221.0,72.0,25.0,0.0,
2004-08-02,195.0,102.0,0.0,0.0,
2004-08-03,214.0,39.0,0.0,0.0,
2004-08-04,202.0,65.0,0.0,0.0,
2004-08-05,199.0,91.0,0.0,0.0,
2004-08-06,202.0,70.0,0.0,0.0,
2004-08-07,254.0,55.0,0.0,0.0,
2004-08-08,265.0,96.0,0.0,0.0,
2004-08-09,259.0,121.0,0.0,0.0,
2004-08-10,273.0,117.0,0.0,0.0,
2004-08-11,281.0,112.0,0.0,0.0,
2004-08-12,258.0,139.0,0.0,0.0,
2004-08-13,261.0,118.0,0.0,0.0,
2004-08-14,245.0,98.0,0.0,0.0,
2004-08-15,210.0,98.0,0.0,0.0,
2004-08-16,213.0,82.0,0.0,0.0,
2004-08-17,247.0,75.0,0.0,0.0,
2004-08-18,246.0,89.0,0.0,0.0,
2004-08-19,249.0,104.0,0.0,0.0,
2004-08-20,251.0,85.0,0.0,0.0,
2004-08-21,240.0,96.0,0.0,0.0,
2004-08-22,160.0,85.0,0.0,0.0,
2004-08-23,166.0,50.0,25.0,0.0,
2004-08-24,189.0,49.0,0.0,0.0,
2004-08-25,187.0,89.0,0.0,0.0,
2004-08-26,189.0,51.0,0.0,0.0,
2004-08-27,208.0,20.0,0.0,0.0,
2004-08-28,252.0,48.0,0.0,0.0,
2004-08-29,249.0,77.0,0.0,0.0,
2004-08-30,258.0,88.0,0.0,0.0,
2004-08-31,260.0,122.0,0.0,0.0,
2004-09-01,247.0,134.0,0.0,0.0,
2004-09-02,187.0,32.0,0.0,0.0,
2004-09-03,130.0,-14.0,0.0,0.0,
2004-09-04,199.0,4.0,0.0,0.0,
2004-09-05,228.0,50.0,0.0,0.0,
2004-09-06,242.0,76.0,0.0,0.0,
2004-09-07,249.0,87.0,0.0,0.0,
2004-09-08,247.0,94.0,0.0,0.0,
2004-09-09,232.0,100.0,0.0,0.0,
2004-09-10,235.0,117.0,0.0,0.0,
2004-09-11,244.0,114.0,0.0,0.0,
2004-09-12,197.0,108.0,0.0,0.0,
2004-09-13,200.0,57.0,0.0,0.0,
2004-09-14,222.0,7.0,0.0,0.0,
2004-09-15,222.0,26.0,0.0,0.0,
2004-09-16,217.0,67.0,0.0,0.0,
2004-09-17,184.0,70.0,0.0,0.0,
2004-09-18,75.0,12.0,76.0,0.0,
2004-09-19,24.0,-30.0,25.0,25.0,
2004-09-20,60.0,-60.0,0.0,0.0,
2004-09-21,139.0,-40.0,0.0,0.0,
2004-09-22,204.0,7.0,0.0,0.0,
2004-09-23,201.0,44.0,0.0,0.0,
2004-09-24,218.0,50.0,0.0,0.0,
2004-09-25,212.0,62.0,0.0,0.0,
2004-09-26,211.0,68.0,0.0,0.0,
2004-09-27,206.0,39.0,0.0,0.0,
2004-09-28,171.0,47.0,51.0,0.0,
2004-09-29,186.0,40.0,0.0,0.0,
2004-09-30,156.0,23.0,0.0,0.0,
2004-10-01,165.0,27.0,0.0,0.0,
2004-10-02,175.0,34.0,0.0,0.0,
2004-10-03,167.0,29.0,0.0,0.0,
2004-10-04,178.0,45.0,0.0,0.0,
2004-10-05,196.0,32.0,0.0,0.0,
2004-10-06,197.0,42.0,0.0,0.0,
2004-10-07,205.0,46.0,0.0,0.0,
2004-10-08,183.0,62.0,0.0,0.0,
2004-10-09,121.0,4.0,0.0,0.0,
2004-10-10,96.0,-32.0,0.0,0.0,
2004-10-11,110.0,-27.0,0.0,0.0,
2004-10-12,161.0,-3.0,0.0,0.0,
2004-10-13,170.0,27.0,0.0,0.0,
2004-10-14,219.0,36.0,0.0,0.0,
2004-10-15,219.0,52.0,0.0,0.0,
2004-10-16,158.0,32.0,0.0,0.0,
2004-10-17,37.0,-7.0,432.0,76.0,
2004-10-18,12.0,-28.0,152.0,102.0,
2004-10-19,2.0,-25.0,457.0,457.0,
2004-10-20,22.0,-103.0,356.0,635.0,
2004-10-21,54.0,-107.0,0.0,533.0,
2004-10-22,102.0,-48.0,0.0,508.0,
2004-10-23,36.0,-13.0,102.0,483.0,
2004-10-24,50.0,-28.0,25.0,457.0,
2004-10-25,22.0,-22.0,25.0,432.0,
2004-10-26,-18.0,-79.0,559.0,940.0,
2004-10-27,-1.0,-107.0,51.0,889.0,
2004-10-28,-23.0,-106.0,0.0,813.0,
2004-10-29,75.0,-69.0,0.0,762.0,
2004-10-30,80.0,-60.0,0.0,711.0,
2004-10-31,42.0,-92.0,0.0,711.0,
2004-11-01,70.0,-97.0,0.0,660.0,
2004-11-02,116.0,-12.0,0.0,610.0,
2004-11-03,29.0,-40.0,127.0,813.0,
2004-11-04,5.0,-74.0,76.0,838.0,
2004-11-05,49.0,-76.0,0.0,762.0,
2004-11-06,97.0,-39.0,0.0,711.0,
2004-11-07,102.0,-26.0,0.0,686.0,
2004-11-08,45.0,7.0,51.0,635.0,
2004-11-09,118.0,-15.0,0.0,584.0,
2004-11-10,78.0,-24.0,25.0,635.0,
2004-11-11,22.0,-26.0,102.0,686.0,
2004-11-12,38.0,-34.0,0.0,635.0,
2004-11-13,27.0,-43.0,0.0,660.0,
2004-11-14,47.0,-66.0,0.0,635.0,
2004-11-15,99.0,-25.0,0.0,610.0,
2004-11-16,108.0,-13.0,0.0,610.0,
2004-11-17,110.0,-18.0,0.0,610.0,
2004-11-18,114.0,-24.0,0.0,584.0,
2004-11-19,22.0,-53.0,0.0,584.0,
2004-11-20,35.0,-103.0,0.0,584.0,
2004-11-21,-29.0,-109.0,0.0,584.0,
2004-11-22,67.0,-114.0,0.0,584.0,
2004-11-23,49.0,-68.0,0.0,584.0,
2004-11-24,119.0,-70.0,0.0,559.0,
2004-11-25,66.0,-39.0,102.0,610.0,
2004-11-26,50.0,-82.0,0.0,584.0,
2004-11-27,-7.0,-121.0,508.0,940.0,
2004-11-28,-78.0,-167.0,0.0,889.0,
2004-11-29,5.0,-183.0,0.0,889.0,
2004-11-30,10.0,-109.0,0.0,864.0,
2004-12-01,-61.0,-105.0,0.0,838.0,
2004-12-02,-53.0,-122.0,0.0,838.0,
2004-12-03,30.0,-149.0,0.0,838.0,
2004-12-04,22.0,-94.0,0.0,838.0,
2004-12-05,7.0,-126.0,0.0,813.0,
2004-12-06,-24.0,-70.0,51.0,838.0,
2004-12-07,-26.0,-52.0,508.0,1245.0,
2004-12-08,16.0,-39.0,330.0,1422.0,
2004-12-09,109.0,-13.0,25.0,1346.0,
2004-12-10,138.0,33.0,0.0,1270.0,
2004-12-11,141.0,50.0,0.0,1245.0,
2004-12-12,123.0,35.0,25.0,1219.0,
2004-12-13,100.0,34.0,0.0,1194.0,
2004-12-14,108.0,-29.0,0.0,1168.0,
2004-12-15,89.0,-60.0,0.0,1168.0,
2004-12-16,46.0,-60.0,0.0,1143.0,
2004-12-17,151.0,-43.0,0.0,1118.0,
2004-12-18,129.0,-16.0,0.0,1118.0,
2004-12-19,127.0,3.0,0.0,1092.0,
2004-12-20,102.0,-46.0,0.0,1118.0,
2004-12-21,42.0,-96.0,0.0,1092.0,
2004-12-22,12.0,-106.0,0.0,1092.0,
2004-12-23,6.0,-115.0,0.0,1092.0,
2004-12-24,136.0,-65.0,0.0,1067.0,
2004-12-25,61.0,-8.0,0.0,1041.0,
2004-12-26,16.0,-29.0,0.0,1041.0,
2004-12-27,13.0,-40.0,152.0,1194.0,
2004-12-28,-26.0,-55.0,152.0,1346.0,
2004-12-29,-39.0,-80.0,203.0,1626.0,
2004-12-30,-23.0,-63.0,610.0,1880.0,
2004-12-31,-24.0,-95.0,381.0,2261.0,
2005-01-01,-66.0,-85.0,152.0,2184.0,
2005-01-02,-60.0,-100.0,25.0,2134.0,
2005-01-03,-72.0,-98.0,25.0,2057.0,
2005-01-04,-29.0,-88.0,25.0,1981.0,
2005-01-05,-15.0,-97.0,0.0,1930.0,
2005-01-06,-18.0,-126.0,25.0,1880.0,
2005-01-07,-18.0,-68.0,432.0,2159.0,
2005-01-08,-43.0,-71.0,660.0,2489.0,
2005-01-09,0.0,-54.0,254.0,2540.0,
2005-01-10,-11.0,-43.0,203.0,2692.0,
2005-01-11,-43.0,-124.0,152.0,2743.0,
2005-01-12,16.0,-133.0,76.0,2616.0,
2005-01-13,50.0,-74.0,25.0,2540.0,
2005-01-14,91.0,-45.0,127.0,2464.0,
2005-01-15,94.0,-25.0,0.0,2413.0,
2005-01-16,91.0,-24.0,0.0,2362.0,
2005-01-17,119.0,-27.0,0.0,2337.0,
2005-01-18,123.0,7.0,25.0,2286.0,
2005-01-19,194.0,15.0,25.0,2235.0,
2005-01-20,129.0,-6.0,0.0,2235.0,
2005-01-21,154.0,-15.0,0.0,2184.0,
2005-01-22,154.0,-7.0,0.0,2184.0,
2005-01-23,120.0,-23.0,0.0,2134.0,
2005-01-24,84.0,-26.0,0.0,2108.0,
2005-01-25,28.0,-4.0,127.0,2184.0,
2005-01-26,21.0,-46.0,102.0,2362.0,
2005-01-27,14.0,-90.0,25.0,2311.0,
2005-01-28,-28.0,-119.0,127.0,2515.0,
2005-01-29,-9.0,-131.0,152.0,2438.0,
2005-01-30,26.0,-116.0,0.0,2413.0,
2005-01-31,70.0,-76.0,25.0,2337.0,
2005-02-01,50.0,-71.0,51.0,2337.0,
2005-02-02,44.0,-89.0,0.0,2311.0,
2005-02-03,71.0,-71.0,0.0,2261.0,
2005-02-04,89.0,-42.0,0.0,2210.0,
2005-02-05,85.0,-47.0,0.0,2210.0,
2005-02-06,27.0,-50.0,0.0,2235.0,
2005-02-07,8.0,-57.0,25.0,2261.0,
2005-02-08,26.0,-123.0,25.0,2235.0,
2005-02-09,78.0,-110.0,25.0,2210.0,
2005-02-10,28.0,-92.0,0.0,2184.0,
2005-02-11,32.0,-45.0,102.0,2235.0,
2005-02-12,48.0,-36.0,51.0,2235.0,
2005-02-13,39.0,-20.0,0.0,2235.0,
2005-02-14,34.0,-34.0,0.0,2235.0,
2005-02-15,-3.0,-44.0,102.0,2388.0,
2005-02-16,15.0,-48.0,102.0,2413.0,
2005-02-17,6.0,-56.0,0.0,2438.0,
2005-02-18,11.0,-68.0,25.0,2438.0,
2005-02-19,38.0,-61.0,127.0,2692.0,
2005-02-20,8.0,-38.0,152.0,2794.0,
2005-02-21,14.0,-31.0,76.0,2997.0,
2005-02-22,14.0,-44.0,0.0,2921.0,
2005-02-23,17.0,-45.0,0.0,2819.0,
2005-02-24,49.0,-72.0,102.0,2769.0,
2005-02-25,49.0,-81.0,76.0,2718.0,
2005-02-26,48.0,-89.0,0.0,2692.0,
2005-02-27,44.0,-78.0,0.0,2794.0,
2005-02-28,35.0,-88.0,76.0,2819.0,
2005-03-01,49.0,-84.0,51.0,2743.0,
2005-03-02,46.0,-83.0,102.0,2769.0,
2005-03-03,66.0,-97.0,25.0,2743.0,
2005-03-04,46.0,-29.0,25.0,2692.0,
2005-03-05,72.0,-70.0,25.0,2642.0,
2005-03-06,97.0,-59.0,51.0,2591.0,
2005-03-07,137.0,-32.0,51.0,2540.0,
2005-03-08,153.0,-11.0,51.0,2489.0,
2005-03-09,168.0,3.0,25.0,2464.0,
2005-03-10,119.0,-20.0,51.0,2413.0,
2005-03-11,166.0,-11.0,0.0,2362.0,
2005-03-12,141.0,4.0,0.0,2337.0,
2005-03-13,84.0,-46.0,0.0,2311.0,
2005-03-14,44.0,-79.0,0.0,2311.0,
2005-03-15,84.0,-91.0,0.0,2286.0,
2005-03-16,66.0,-52.0,0.0,2261.0,
2005-03-17,56.0,-32.0,0.0,2235.0,
2005-03-18,55.0,-41.0,0.0,2235.0,
2005-03-19,8.0,-49.0,279.0,2591.0,
2005-03-20,-29.0,-61.0,305.0,2845.0,
2005-03-21,0.0,-63.0,127.0,2794.0,
2005-03-22,-7.0,-55.0,229.0,3226.0,
2005-03-23,-20.0,-70.0,102.0,3277.0,
2005-03-24,-3.0,-111.0,76.0,3150.0,
2005-03-25,6.0,-127.0,0.0,3073.0,
2005-03-26,81.0,-84.0,406.0,2972.0,
2005-03-27,56.0,-29.0,127.0,3073.0,
2005-03-28,-7.0,-73.0,305.0,3124.0,
2005-03-29,-6.0,-91.0,25.0,3150.0,
2005-03-30,26.0,-123.0,25.0,3073.0,
2005-03-31,116.0,-94.0,25.0,2997.0,
2005-04-01,104.0,8.0,25.0,2896.0,
2005-04-02,78.0,-6.0,25.0,2870.0,
2005-04-03,0.0,-64.0,178.0,3099.0,
2005-04-04,37.0,-83.0,25.0,2997.0,
2005-04-05,150.0,-68.0,25.0,2896.0,
2005-04-06,141.0,3.0,25.0,2819.0,
2005-04-07,41.0,-122.0,25.0,2921.0,
2005-04-08,-36.0,-103.0,102.0,3150.0,
2005-04-09,35.0,-102.0,152.0,3048.0,
2005-04-10,88.0,-97.0,25.0,2946.0,
2005-04-11,89.0,-28.0,0.0,2870.0,
2005-04-12,72.0,-18.0,25.0,2819.0,
2005-04-13,14.0,-117.0,0.0,2845.0,
2005-04-14,76.0,-129.0,0.0,2794.0,
2005-04-15,129.0,-66.0,0.0,2769.0,
2005-04-16,138.0,-13.0,0.0,2718.0,
2005-04-17,86.0,-9.0,0.0,2667.0,
2005-04-18,66.0,-83.0,76.0,2616.0,
2005-04-19,38.0,-70.0,25.0,2667.0,
2005-04-20,55.0,-49.0,0.0,2616.0,
2005-04-21,112.0,-62.0,0.0,2591.0,
2005-04-22,127.0,-14.0,0.0,2540.0,
2005-04-23,66.0,-29.0,25.0,2540.0,
2005-04-24,49.0,-52.0,25.0,2540.0,
2005-04-25,115.0,-72.0,0.0,2515.0,
2005-04-26,120.0,-23.0,25.0,2464.0,
2005-04-27,78.0,-24.0,102.0,2565.0,
2005-04-28,58.0,-32.0,51.0,2515.0,
2005-04-29,98.0,-43.0,0.0,2464.0,
2005-04-30,104.0,-38.0,25.0,2438.0,
2005-05-01,78.0,-22.0,25.0,2388.0,
2005-05-02,117.0,-23.0,0.0,2362.0,
2005-05-03,127.0,-27.0,0.0,2311.0,
2005-05-04,111.0,18.0,0.0,2261.0,
2005-05-05,69.0,-9.0,51.0,2261.0,
2005-05-06,40.0,-37.0,76.0,2261.0,
2005-05-07,94.0,-42.0,0.0,2184.0,
2005-05-08,35.0,3.0,178.0,2235.0,
2005-05-09,7.0,-64.0,305.0,2464.0,
2005-05-10,39.0,-96.0,0.0,2337.0,
2005-05-11,87.0,-74.0,25.0,2261.0,
2005-05-12,132.0,-24.0,25.0,2210.0,
2005-05-13,154.0,12.0,0.0,2184.0,
2005-05-14,175.0,10.0,0.0,2108.0,
2005-05-15,134.0,50.0,51.0,2032.0,
2005-05-16,60.0,-30.0,279.0,2057.0,
2005-05-17,66.0,-32.0,76.0,2007.0,
2005-05-18,59.0,7.0,508.0,1956.0,
2005-05-19,94.0,45.0,0.0,1854.0,
2005-05-20,99.0,14.0,0.0,1803.0,
2005-05-21,188.0,-13.0,0.0,1727.0,
2005-05-22,172.0,42.0,0.0,1651.0,
2005-05-23,186.0,47.0,0.0,1600.0,
2005-05-24,198.0,34.0,0.0,1549.0,
2005-05-25,202.0,32.0,0.0,1448.0,
2005-05-26,214.0,55.0,0.0,1372.0,
2005-05-27,217.0,55.0,0.0,1321.0,
2005-05-28,150.0,37.0,0.0,1219.0,
2005-05-29,91.0,-9.0,0.0,1168.0,
2005-05-30,165.0,-9.0,0.0,1118.0,
2005-05-31,171.0,32.0,0.0,1041.0,
2005-06-01,159.0,18.0,0.0,991.0,
2005-06-02,138.0,-6.0,0.0,940.0,
2005-06-03,143.0,-14.0,0.0,864.0,
2005-06-04,153.0,16.0,0.0,813.0,
2005-06-05,90.0,1.0,25.0,762.0,
2005-06-06,62.0,-43.0,0.0,737.0,
2005-06-07,80.0,-79.0,25.0,686.0,
2005-06-08,64.0,-11.0,203.0,660.0,
2005-06-09,112.0,10.0,0.0,610.0,
2005-06-10,138.0,0.0,0.0,559.0,
2005-06-11,143.0,6.0,0.0,533.0,
2005-06-12,180.0,0.0,0.0,457.0,
2005-06-13,206.0,28.0,0.0,356.0,
2005-06-14,178.0,105.0,0.0,254.0,
2005-06-15,183.0,77.0,0.0,203.0,
2005-06-16,117.0,1.0,102.0,203.0,
2005-06-17,28.0,-12.0,51.0,152.0,
2005-06-18,85.0,-10.0,0.0,102.0,
2005-06-19,126.0,-15.0,0.0,51.0,
2005-06-20,174.0,36.0,0.0,0.0,
2005-06-21,166.0,61.0,0.0,0.0,
2005-06-22,187.0,59.0,0.0,0.0,
2005-06-23,191.0,51.0,0.0,0.0,
2005-06-24,177.0,55.0,0.0,0.0,
2005-06-25,155.0,35.0,0.0,0.0,
2005-06-26,166.0,26.0,0.0,0.0,
2005-06-27,168.0,69.0,0.0,0.0,
2005-06-28,185.0,62.0,0.0,0.0,
2005-06-29,221.0,44.0,0.0,0.0,
2005-06-30,242.0,74.0,0.0,0.0,
2005-07-01,245.0,89.0,0.0,0.0,
2005-07-02,232.0,96.0,0.0,0.0,
2005-07-03,228.0,84.0,0.0,0.0,
2005-07-04,235.0,69.0,0.0,0.0,
2005-07-05,236.0,75.0,0.0,0.0,
2005-07-06,244.0,87.0,0.0,0.0,
2005-07-07,237.0,92.0,0.0,0.0,
2005-07-08,229.0,98.0,0.0,0.0,
2005-07-09,195.0,106.0,0.0,0.0,
2005-07-10,209.0,80.0,0.0,0.0,
2005-07-11,262.0,77.0,0.0,0.0,
2005-07-12,279.0,115.0,0.0,0.0,
2005-07-13,272.0,121.0,0.0,0.0,
2005-07-14,278.0,119.0,0.0,0.0,
2005-07-15,276.0,121.0,0.0,0.0,
2005-07-16,279.0,129.0,0.0,0.0,
2005-07-17,286.0,121.0,0.0,0.0,
2005-07-18,275.0,129.0,0.0,0.0,
2005-07-19,269.0,116.0,0.0,0.0,
2005-07-20,281.0,114.0,0.0,0.0,
2005-07-21,253.0,120.0,0.0,0.0,
2005-07-22,233.0,107.0,0.0,0.0,
2005-07-23,264.0,77.0,0.0,0.0,
2005-07-24,248.0,99.0,0.0,0.0,
2005-07-25,247.0,90.0,0.0,0.0,
2005-07-26,266.0,89.0,0.0,0.0,
2005-07-27,262.0,110.0,0.0,0.0,
2005-07-28,246.0,122.0,0.0,0.0,
2005-07-29,240.0,99.0,0.0,0.0,
2005-07-30,242.0,90.0,0.0,0.0,
2005-07-31,237.0,108.0,0.0,0.0,
2005-08-01,217.0,104.0,0.0,0.0,
2005-08-02,222.0,84.0,0.0,0.0,
2005-08-03,244.0,80.0,0.0,0.0,
2005-08-04,254.0,89.0,0.0,0.0,
2005-08-05,251.0,107.0,0.0,0.0,
2005-08-06,251.0,115.0,0.0,0.0,
2005-08-07,247.0,121.0,0.0,0.0,
2005-08-08,246.0,115.0,0.0,0.0,
2005-08-09,244.0,107.0,0.0,0.0,
2005-08-10,244.0,95.0,0.0,0.0,
2005-08-11,251.0,99.0,0.0,0.0,
2005-08-12,247.0,92.0,0.0,0.0,
2005-08-13,243.0,81.0,0.0,0.0,
2005-08-14,253.0,79.0,0.0,0.0,
2005-08-15,197.0,77.0,0.0,0.0,
2005-08-16,187.0,66.0,25.0,0.0,
2005-08-17,212.0,66.0,0.0,0.0,
2005-08-18,201.0,74.0,0.0,0.0,
2005-08-19,226.0,59.0,0.0,0.0,
2005-08-20,236.0,75.0,0.0,0.0,
2005-08-21,237.0,104.0,0.0,0.0,
2005-08-22,248.0,82.0,0.0,0.0,
2005-08-23,243.0,90.0,0.0,0.0,
2005-08-24,217.0,106.0,0.0,0.0,
2005-08-25,230.0,90.0,0.0,0.0,
2005-08-26,228.0,91.0,0.0,0.0,
2005-08-27,251.0,85.0,0.0,0.0,
2005-08-28,246.0,87.0,0.0,0.0,
2005-08-29,212.0,105.0,0.0,0.0,
2005-08-30,186.0,14.0,0.0,0.0,
2005-08-31,232.0,35.0,0.0,0.0,
2005-09-01,233.0,70.0,0.0,0.0,
2005-09-02,225.0,108.0,0.0,0.0,
2005-09-03,200.0,78.0,0.0,0.0,
2005-09-04,178.0,68.0,0.0,0.0,
2005-09-05,205.0,30.0,0.0,0.0,
2005-09-06,204.0,50.0,0.0,0.0,
2005-09-07,214.0,56.0,0.0,0.0,
2005-09-08,182.0,59.0,0.0,0.0,
2005-09-09,140.0,29.0,0.0,0.0,
2005-09-10,106.0,10.0,0.0,0.0,
2005-09-11,108.0,-31.0,0.0,0.0,
2005-09-12,150.0,-26.0,25.0,0.0,
2005-09-13,162.0,1.0,0.0,0.0,
2005-09-14,182.0,14.0,0.0,0.0,
2005-09-15,182.0,28.0,0.0,0.0,
2005-09-16,149.0,37.0,0.0,0.0,
2005-09-17,142.0,7.0,0.0,0.0,
2005-09-18,167.0,-7.0,0.0,0.0,
2005-09-19,214.0,25.0,0.0,0.0,
2005-09-20,189.0,62.0,0.0,0.0,
2005-09-21,185.0,25.0,102.0,0.0,
2005-09-22,194.0,52.0,0.0,0.0,
2005-09-23,139.0,56.0,0.0,0.0,
2005-09-24,147.0,-22.0,0.0,0.0,
2005-09-25,129.0,-35.0,0.0,0.0,
2005-09-26,114.0,10.0,102.0,0.0,
2005-09-27,114.0,5.0,51.0,0.0,
2005-09-28,171.0,33.0,0.0,0.0,
2005-09-29,236.0,36.0,0.0,0.0,
2005-09-30,218.0,66.0,0.0,0.0,
2005-10-01,153.0,72.0,0.0,0.0,
2005-10-02,96.0,-10.0,76.0,0.0,
2005-10-03,77.0,-36.0,0.0,0.0,
2005-10-04,68.0,-66.0,0.0,0.0,
2005-10-05,121.0,-39.0,0.0,0.0,
2005-10-06,204.0,-18.0,0.0,0.0,
2005-10-07,177.0,32.0,0.0,0.0,
2005-10-08,108.0,-8.0,25.0,0.0,
2005-10-09,136.0,-22.0,0.0,0.0,
2005-10-10,172.0,-22.0,0.0,0.0,
2005-10-11,150.0,24.0,0.0,0.0,
2005-10-12,163.0,-1.0,0.0,0.0,
2005-10-13,211.0,34.0,0.0,0.0,
2005-10-14,176.0,58.0,0.0,0.0,
2005-10-15,77.0,-14.0,0.0,0.0,
2005-10-16,110.0,-24.0,0.0,0.0,
2005-10-17,165.0,6.0,0.0,0.0,
2005-10-18,138.0,25.0,0.0,0.0,
2005-10-19,130.0,7.0,0.0,0.0,
2005-10-20,167.0,1.0,0.0,0.0,
2005-10-21,179.0,12.0,0.0,0.0,
2005-10-22,186.0,25.0,0.0,0.0,
2005-10-23,182.0,30.0,0.0,0.0,
2005-10-24,168.0,35.0,0.0,0.0,
2005-10-25,99.0,-6.0,152.0,0.0,
2005-10-26,55.0,12.0,0.0,0.0,
2005-10-27,25.0,2.0,127.0,0.0,
2005-10-28,65.0,-4.0,0.0,0.0,
2005-10-29,77.0,-21.0,25.0,0.0,
2005-10-30,114.0,-36.0,0.0,0.0,
2005-10-31,161.0,18.0,0.0,0.0,
2005-11-01,136.0,47.0,0.0,0.0,
2005-11-02,69.0,-29.0,0.0,0.0,
2005-11-03,26.0,-18.0,51.0,0.0,
2005-11-04,40.0,-24.0,25.0,0.0,
2005-11-05,77.0,11.0,0.0,0.0,
2005-11-06,61.0,25.0,0.0,0.0,
2005-11-07,32.0,4.0,203.0,0.0,
2005-11-08,77.0,1.0,51.0,0.0,
2005-11-09,41.0,-10.0,25.0,0.0,
2005-11-10,107.0,-13.0,0.0,0.0,
2005-11-11,77.0,-28.0,0.0,0.0,
2005-11-12,105.0,-29.0,0.0,0.0,
2005-11-13,109.0,3.0,0.0,0.0,
2005-11-14,121.0,-2.0,0.0,0.0,
2005-11-15,94.0,-37.0,0.0,0.0,
2005-11-16,149.0,-26.0,0.0,0.0,
2005-11-17,110.0,-21.0,0.0,0.0,
2005-11-18,172.0,-18.0,0.0,0.0,
2005-11-19,151.0,6.0,0.0,0.0,
2005-11-20,158.0,15.0,0.0,0.0,
2005-11-21,140.0,-10.0,0.0,0.0,
2005-11-22,124.0,-18.0,0.0,0.0,
2005-11-23,129.0,-3.0,0.0,0.0,
2005-11-24,108.0,-7.0,0.0,0.0,
2005-11-25,59.0,-54.0,381.0,0.0,
2005-11-26,-27.0,-137.0,51.0,127.0,
2005-11-27,-3.0,-137.0,0.0,127.0,
2005-11-28,25.0,-55.0,229.0,305.0,
2005-11-29,22.0,-12.0,178.0,305.0,
2005-11-30,50.0,-36.0,102.0,254.0,
2005-12-01,23.0,1.0,838.0,610.0,
2005-12-02,2.0,-110.0,330.0,737.0,
2005-12-03,-10.0,-153.0,0.0,686.0,
2005-12-04,25.0,-160.0,0.0,686.0,
2005-12-05,56.0,-111.0,0.0,660.0,
2005-12-06,69.0,-109.0,0.0,686.0,
2005-12-07,34.0,-79.0,0.0,584.0,
2005-12-08,51.0,-60.0,51.0,660.0,
2005-12-09,41.0,-89.0,0.0,635.0,
2005-12-10,64.0,-59.0,0.0,660.0,
2005-12-11,92.0,-48.0,0.0,635.0,
2005-12-12,15.0,-43.0,0.0,610.0,
2005-12-13,60.0,-85.0,0.0,660.0,
2005-12-14,69.0,-99.0,0.0,660.0,
2005-12-15,81.0,-73.0,0.0,635.0,
2005-12-16,68.0,-56.0,0.0,660.0,
2005-12-17,5.0,-59.0,152.0,737.0,
2005-12-18,1.0,-22.0,711.0,1219.0,
2005-12-19,50.0,0.0,152.0,1168.0,
2005-12-20,94.0,40.0,0.0,1118.0,
2005-12-21,74.0,0.0,457.0,1168.0,
2005-12-22,51.0,16.0,406.0,1016.0,
2005-12-23,119.0,4.0,0.0,1016.0,
2005-12-24,121.0,16.0,25.0,965.0,
2005-12-25,55.0,-20.0,152.0,1118.0,
2005-12-26,-16.0,-58.0,254.0,1372.0,
2005-12-27,45.0,-43.0,406.0,1270.0,
2005-12-28,40.0,-62.0,356.0,1422.0,
2005-12-29,4.0,-118.0,0.0,1346.0,
2005-12-30,40.0,-31.0,889.0,1346.0,
2005-12-31,22.0,-79.0,737.0,1499.0,
2006-01-01,1.0,-70.0,356.0,1651.0,
2006-01-02,-11.0,-59.0,533.0,2108.0,
2006-01-03,-18.0,-82.0,0.0,2032.0,
2006-01-04,104.0,-39.0,25.0,1956.0,
2006-01-05,88.0,-7.0,0.0,1880.0,
2006-01-06,118.0,21.0,51.0,1854.0,
2006-01-07,23.0,-28.0,25.0,1829.0,
2006-01-08,45.0,-69.0,51.0,1829.0,
2006-01-09,96.0,-78.0,0.0,1778.0,
2006-01-10,64.0,-7.0,0.0,1778.0,
2006-01-11,32.0,-25.0,0.0,1727.0,
2006-01-12,84.0,-32.0,0.0,1727.0,
2006-01-13,70.0,11.0,0.0,1702.0,
2006-01-14,14.0,-72.0,178.0,2108.0,
2006-01-15,-48.0,-156.0,127.0,2134.0,
2006-01-16,16.0,-136.0,178.0,2032.0,
2006-01-17,17.0,-40.0,51.0,2108.0,
2006-01-18,-22.0,-90.0,330.0,2286.0,
2006-01-19,-9.0,-136.0,0.0,2235.0,
2006-01-20,5.0,-116.0,0.0,2159.0,
2006-01-21,35.0,-97.0,0.0,2134.0,
2006-01-22,-16.0,-120.0,0.0,2108.0,
2006-01-23,29.0,-120.0,0.0,2083.0,
2006-01-24,78.0,-90.0,0.0,2057.0,
2006-01-25,51.0,-43.0,0.0,2032.0,
2006-01-26,-18.0,-78.0,0.0,2032.0,
2006-01-27,1.0,-85.0,0.0,2032.0,
2006-01-28,-7.0,-50.0,25.0,2057.0,
2006-01-29,56.0,-48.0,0.0,2007.0,
2006-01-30,26.0,-78.0,51.0,2184.0,
2006-01-31,25.0,-113.0,51.0,2134.0,
2006-02-01,46.0,-3.0,152.0,2057.0,
2006-02-02,45.0,-8.0,127.0,1981.0,
2006-02-03,99.0,-26.0,0.0,1981.0,
2006-02-04,25.0,-58.0,127.0,2032.0,
2006-02-05,97.0,-64.0,0.0,2032.0,
2006-02-06,108.0,-36.0,0.0,2007.0,
2006-02-07,116.0,-32.0,0.0,2007.0,
2006-02-08,131.0,-43.0,0.0,1981.0,
2006-02-09,126.0,-60.0,0.0,1956.0,
2006-02-10,143.0,-50.0,0.0,1956.0,
2006-02-11,138.0,-34.0,0.0,1930.0,
2006-02-12,128.0,-29.0,0.0,1905.0,
2006-02-13,142.0,-48.0,0.0,1905.0,
2006-02-14,62.0,-65.0,0.0,1905.0,
2006-02-15,-64.0,-176.0,102.0,2007.0,
2006-02-16,-46.0,-192.0,0.0,1956.0,
2006-02-17,-70.0,-142.0,25.0,2057.0,
2006-02-18,-54.0,-135.0,76.0,2134.0,
2006-02-19,-44.0,-130.0,0.0,2134.0,
2006-02-20,-27.0,-158.0,0.0,2108.0,
2006-02-21,28.0,-157.0,0.0,2083.0,
2006-02-22,59.0,-105.0,0.0,2057.0,
2006-02-23,84.0,-84.0,0.0,2007.0,
2006-02-24,82.0,-61.0,0.0,2007.0,
2006-02-25,97.0,-49.0,0.0,1956.0,
2006-02-26,71.0,-24.0,51.0,2032.0,
2006-02-27,32.0,-1.0,864.0,2083.0,
2006-02-28,21.0,-68.0,178.0,2362.0,
2006-03-01,-3.0,-87.0,0.0,2286.0,
2006-03-02,-42.0,-67.0,76.0,2464.0,
2006-03-03,-54.0,-100.0,508.0,2794.0,
2006-03-04,-18.0,-153.0,0.0,2692.0,
2006-03-05,8.0,-48.0,0.0,2616.0,
2006-03-06,-6.0,-59.0,76.0,2718.0,
2006-03-07,-24.0,-126.0,51.0,2845.0,
2006-03-08,25.0,-129.0,0.0,2743.0,
2006-03-09,-21.0,-110.0,76.0,2921.0,
2006-03-10,-68.0,-135.0,51.0,2997.0,
2006-03-11,-68.0,-190.0,0.0,2921.0,
2006-03-12,-61.0,-188.0,0.0,2896.0,
2006-03-13,-18.0,-104.0,0.0,2845.0,
2006-03-14,-52.0,-107.0,381.0,3277.0,
2006-03-15,1.0,-107.0,0.0,3150.0,
2006-03-16,-24.0,-62.0,0.0,3099.0,
2006-03-17,33.0,-90.0,127.0,3175.0,
2006-03-18,3.0,-92.0,0.0,3124.0,
2006-03-19,-16.0,-135.0,0.0,3073.0,
2006-03-20,-37.0,-134.0,51.0,3099.0,
2006-03-21,15.0,-120.0,0.0,3023.0,
2006-03-22,79.0,-101.0,0.0,2946.0,
2006-03-23,105.0,-18.0,0.0,2870.0,
2006-03-24,56.0,-12.0,0.0,2845.0,
2006-03-25,15.0,-84.0,254.0,3200.0,
2006-03-26,54.0,-129.0,0.0,3099.0,
2006-03-27,85.0,-36.0,0.0,3073.0,
2006-03-28,6.0,-79.0,254.0,3277.0,
2006-03-29,3.0,-107.0,0.0,3175.0,
2006-03-30,36.0,-106.0,0.0,3150.0,
2006-03-31,11.0,-82.0,330.0,3581.0,
2006-04-01,0.0,-107.0,0.0,3353.0,
2006-04-02,36.0,-44.0,0.0,3327.0,
2006-04-03,20.0,-3.0,254.0,3378.0,
2006-04-04,27.0,-53.0,813.0,3658.0,
2006-04-05,5.0,-68.0,0.0,3531.0,
2006-04-06,70.0,-90.0,0.0,3454.0,
2006-04-07,80.0,-48.0,0.0,3454.0,
2006-04-08,35.0,-39.0,0.0,3353.0,
2006-04-09,12.0,-38.0,0.0,3327.0,
2006-04-10,16.0,-40.0,76.0,3404.0,
2006-04-11,14.0,-40.0,127.0,3454.0,
2006-04-12,64.0,-16.0,0.0,3429.0,
2006-04-13,121.0,7.0,0.0,3327.0,
2006-04-14,91.0,-16.0,0.0,3302.0,
2006-04-15,25.0,-22.0,254.0,3302.0,
2006-04-16,-11.0,-88.0,1245.0,3658.0,
2006-04-17,14.0,-107.0,381.0,3556.0,
2006-04-18,71.0,-119.0,0.0,3480.0,
2006-04-19,144.0,-69.0,25.0,3404.0,
2006-04-20,139.0,-18.0,0.0,3327.0,
2006-04-21,108.0,-12.0,25.0,3302.0,
2006-04-22,71.0,-35.0,25.0,3327.0,
2006-04-23,61.0,-20.0,102.0,3302.0,
2006-04-24,85.0,-28.0,25.0,3251.0,
2006-04-25,102.0,-28.0,51.0,3226.0,
2006-04-26,122.0,0.0,0.0,3200.0,
2006-04-27,148.0,3.0,0.0,3124.0,
2006-04-28,183.0,22.0,0.0,3073.0,
2006-04-29,171.0,28.0,0.0,3023.0,
2006-04-30,170.0,17.0,0.0,2946.0,
2006-05-01,160.0,10.0,0.0,2896.0,
2006-05-02,159.0,-4.0,0.0,2845.0,
2006-05-03,143.0,-8.0,0.0,2794.0,
2006-05-04,131.0,-11.0,0.0,2743.0,
2006-05-05,141.0,-15.0,0.0,2718.0,
2006-05-06,128.0,-3.0,0.0,2667.0,
2006-05-07,150.0,2.0,0.0,2591.0,
2006-05-08,143.0,6.0,0.0,2565.0,
2006-05-09,154.0,-10.0,0.0,2515.0,
2006-05-10,180.0,0.0,0.0,2464.0,
2006-05-11,173.0,46.0,0.0,2388.0,
2006-05-12,179.0,66.0,0.0,2311.0,
2006-05-13,174.0,41.0,0.0,2261.0,
2006-05-14,209.0,30.0,0.0,2184.0,
2006-05-15,204.0,74.0,0.0,2108.0,
2006-05-16,235.0,64.0,0.0,2083.0,
2006-05-17,224.0,58.0,0.0,2032.0,
2006-05-18,198.0,51.0,0.0,1930.0,
2006-05-19,152.0,34.0,127.0,1905.0,
2006-05-20,124.0,28.0,0.0,1829.0,
2006-05-21,84.0,5.0,152.0,1829.0,
2006-05-22,60.0,0.0,51.0,1803.0,
2006-05-23,101.0,6.0,0.0,1753.0,
2006-05-24,136.0,44.0,0.0,1676.0,
2006-05-25,146.0,60.0,0.0,1626.0,
2006-05-26,86.0,-28.0,0.0,1549.0,
2006-05-27,32.0,-65.0,76.0,1575.0,
2006-05-28,81.0,-66.0,0.0,1499.0,
2006-05-29,118.0,-44.0,0.0,1448.0,
2006-05-30,159.0,-9.0,0.0,1397.0,
2006-05-31,182.0,26.0,0.0,1270.0,
2006-06-01,179.0,58.0,0.0,1219.0,
2006-06-02,165.0,55.0,0.0,1168.0,
2006-06-03,197.0,35.0,0.0,1092.0,
2006-06-04,176.0,62.0,0.0,991.0,
2006-06-05,212.0,55.0,0.0,914.0,
2006-06-06,212.0,78.0,0.0,813.0,
2006-06-07,184.0,58.0,0.0,711.0,
2006-06-08,167.0,59.0,0.0,635.0,
2006-06-09,154.0,44.0,0.0,559.0,
2006-06-10,170.0,7.0,0.0,483.0,
2006-06-11,170.0,58.0,0.0,406.0,
2006-06-12,147.0,42.0,0.0,305.0,
2006-06-13,75.0,-3.0,0.0,305.0,
2006-06-14,116.0,-18.0,0.0,229.0,
2006-06-15,165.0,8.0,0.0,152.0,
2006-06-16,225.0,33.0,0.0,51.0,
2006-06-17,219.0,58.0,0.0,0.0,
2006-06-18,212.0,107.0,0.0,0.0,
2006-06-19,199.0,66.0,0.0,0.0,
2006-06-20,220.0,54.0,0.0,0.0,
2006-06-21,238.0,67.0,0.0,0.0,
2006-06-22,268.0,68.0,0.0,0.0,
2006-06-23,274.0,94.0,0.0,0.0,
2006-06-24,276.0,102.0,0.0,0.0,
2006-06-25,281.0,116.0,0.0,0.0,
2006-06-26,283.0,108.0,0.0,0.0,
2006-06-27,258.0,97.0,0.0,0.0,
2006-06-28,191.0,64.0,0.0,0.0,
2006-06-29,205.0,71.0,0.0,0.0,
2006-06-30,225.0,80.0,0.0,0.0,
2006-07-01,230.0,90.0,0.0,0.0,
2006-07-02,221.0,98.0,0.0,0.0,
2006-07-03,232.0,95.0,0.0,0.0,
2006-07-04,221.0,92.0,0.0,0.0,
2006-07-05,204.0,86.0,0.0,0.0,
2006-07-06,201.0,65.0,0.0,0.0,
2006-07-07,240.0,58.0,0.0,0.0,
2006-07-08,248.0,89.0,0.0,0.0,
2006-07-09,232.0,87.0,0.0,0.0,
2006-07-10,225.0,102.0,0.0,0.0,
2006-07-11,219.0,122.0,0.0,0.0,
2006-07-12,199.0,87.0,0.0,0.0,
2006-07-13,242.0,87.0,0.0,0.0,
2006-07-14,257.0,82.0,0.0,0.0,
2006-07-15,258.0,116.0,0.0,0.0,
2006-07-16,265.0,134.0,0.0,0.0,
2006-07-17,288.0,114.0,0.0,0.0,
2006-07-18,260.0,119.0,0.0,0.0,
2006-07-19,258.0,122.0,0.0,0.0,
2006-07-20,273.0,99.0,0.0,0.0,
2006-07-21,247.0,117.0,0.0,0.0,
2006-07-22,271.0,111.0,0.0,0.0,
2006-07-23,264.0,146.0,0.0,0.0,
2006-07-24,275.0,123.0,0.0,0.0,
2006-07-25,271.0,121.0,0.0,0.0,
2006-07-26,274.0,133.0,0.0,0.0,
2006-07-27,274.0,129.0,0.0,0.0,
2006-07-28,253.0,124.0,76.0,0.0,
2006-07-29,228.0,131.0,0.0,0.0,
2006-07-30,212.0,101.0,0.0,0.0,
2006-07-31,182.0,94.0,0.0,0.0,
2006-08-01,202.0,30.0,76.0,0.0,
2006-08-02,231.0,66.0,0.0,0.0,
2006-08-03,220.0,85.0,0.0,0.0,
2006-08-04,208.0,84.0,76.0,0.0,
2006-08-05,221.0,77.0,0.0,0.0,
2006-08-06,219.0,76.0,0.0,0.0,
2006-08-07,194.0,70.0,0.0,0.0,
2006-08-08,213.0,65.0,0.0,0.0,
2006-08-09,246.0,55.0,0.0,0.0,
2006-08-10,222.0,95.0,0.0,0.0,
2006-08-11,218.0,119.0,0.0,0.0,
2006-08-12,232.0,74.0,0.0,0.0,
2006-08-13,246.0,80.0,0.0,0.0,
2006-08-14,222.0,94.0,0.0,0.0,
2006-08-15,213.0,61.0,0.0,0.0,
2006-08-16,196.0,84.0,0.0,0.0,
2006-08-17,231.0,36.0,0.0,0.0,
2006-08-18,237.0,69.0,0.0,0.0,
2006-08-19,234.0,72.0,0.0,0.0,
2006-08-20,248.0,76.0,0.0,0.0,
2006-08-21,234.0,129.0,0.0,0.0,
2006-08-22,242.0,126.0,0.0,0.0,
2006-08-23,228.0,140.0,0.0,0.0,
2006-08-24,219.0,119.0,0.0,0.0,
2006-08-25,219.0,76.0,0.0,0.0,
2006-08-26,237.0,50.0,0.0,0.0,
2006-08-27,253.0,72.0,0.0,0.0,
2006-08-28,245.0,87.0,0.0,0.0,
2006-08-29,220.0,123.0,0.0,0.0,
2006-08-30,219.0,70.0,0.0,0.0,
2006-08-31,242.0,35.0,0.0,0.0,
2006-09-01,253.0,70.0,0.0,0.0,
2006-09-02,243.0,87.0,0.0,0.0,
2006-09-03,228.0,108.0,0.0,0.0,
2006-09-04,247.0,82.0,0.0,0.0,
2006-09-05,253.0,118.0,0.0,0.0,
2006-09-06,237.0,97.0,0.0,0.0,
2006-09-07,233.0,82.0,0.0,0.0,
2006-09-08,206.0,89.0,0.0,0.0,
2006-09-09,191.0,48.0,0.0,0.0,
2006-09-10,232.0,48.0,0.0,0.0,
2006-09-11,243.0,74.0,0.0,0.0,
2006-09-12,262.0,87.0,0.0,0.0,
2006-09-13,237.0,88.0,0.0,0.0,
2006-09-14,160.0,44.0,127.0,0.0,
2006-09-15,55.0,-43.0,0.0,0.0,
2006-09-16,144.0,-56.0,0.0,0.0,
2006-09-17,197.0,-4.0,0.0,0.0,
2006-09-18,202.0,36.0,0.0,0.0,
2006-09-19,147.0,10.0,0.0,0.0,
2006-09-20,137.0,-29.0,0.0,0.0,
2006-09-21,171.0,27.0,0.0,0.0,
2006-09-22,98.0,-28.0,0.0,0.0,
2006-09-23,129.0,-25.0,0.0,0.0,
2006-09-24,172.0,-10.0,0.0,0.0,
2006-09-25,200.0,12.0,0.0,0.0,
2006-09-26,203.0,35.0,0.0,0.0,
2006-09-27,218.0,69.0,0.0,0.0,
2006-09-28,225.0,50.0,0.0,0.0,
2006-09-29,221.0,58.0,0.0,0.0,
2006-09-30,189.0,106.0,0.0,0.0,
2006-10-01,162.0,39.0,102.0,0.0,
2006-10-02,115.0,23.0,0.0,0.0,
2006-10-03,151.0,14.0,0.0,0.0,
2006-10-04,124.0,11.0,76.0,0.0,
2006-10-05,58.0,-22.0,0.0,0.0,
2006-10-06,99.0,-25.0,0.0,0.0,
2006-10-07,109.0,-18.0,0.0,0.0,
2006-10-08,128.0,-16.0,0.0,0.0,
2006-10-09,140.0,-2.0,51.0,0.0,
2006-10-10,25.0,-24.0,229.0,76.0,
2006-10-11,90.0,-16.0,0.0,51.0,
2006-10-12,132.0,-10.0,0.0,51.0,
2006-10-13,151.0,2.0,0.0,0.0,
2006-10-14,156.0,20.0,0.0,0.0,
2006-10-15,152.0,34.0,0.0,0.0,
2006-10-16,84.0,-27.0,0.0,0.0,
2006-10-17,33.0,-35.0,0.0,0.0,
2006-10-18,140.0,-57.0,0.0,0.0,
2006-10-19,153.0,-11.0,0.0,0.0,
2006-10-20,158.0,10.0,0.0,0.0,
2006-10-21,172.0,-27.0,0.0,0.0,
2006-10-22,179.0,18.0,0.0,0.0,
2006-10-23,172.0,25.0,0.0,0.0,
2006-10-24,134.0,20.0,0.0,0.0,
2006-10-25,75.0,-46.0,0.0,0.0,
2006-10-26,129.0,-56.0,0.0,0.0,
2006-10-27,175.0,-18.0,0.0,0.0,
2006-10-28,175.0,18.0,0.0,0.0,
2006-10-29,114.0,15.0,0.0,0.0,
2006-10-30,109.0,-3.0,0.0,0.0,
2006-10-31,114.0,-9.0,0.0,0.0,
2006-11-01,96.0,2.0,0.0,0.0,
2006-11-02,48.0,7.0,229.0,51.0,
2006-11-03,42.0,-18.0,127.0,51.0,
2006-11-04,98.0,-24.0,25.0,51.0,
2006-11-05,141.0,18.0,0.0,51.0,
2006-11-06,171.0,20.0,0.0,51.0,
2006-11-07,153.0,46.0,0.0,51.0,
2006-11-08,90.0,-18.0,152.0,51.0,
2006-11-09,64.0,-59.0,0.0,51.0,
2006-11-10,94.0,-73.0,0.0,51.0,
2006-11-11,29.0,-74.0,102.0,152.0,
2006-11-12,51.0,-106.0,51.0,203.0,
2006-11-13,41.0,-41.0,381.0,152.0,
2006-11-14,84.0,-25.0,152.0,127.0,
2006-11-15,144.0,-7.0,0.0,127.0,
2006-11-16,76.0,17.0,0.0,127.0,
2006-11-17,92.0,8.0,0.0,76.0,
2006-11-18,126.0,-11.0,0.0,76.0,
2006-11-19,134.0,25.0,0.0,76.0,
2006-11-20,108.0,58.0,0.0,76.0,
2006-11-21,66.0,21.0,0.0,51.0,
2006-11-22,49.0,-20.0,0.0,76.0,
2006-11-23,54.0,-85.0,127.0,127.0,
2006-11-24,60.0,-84.0,0.0,127.0,
2006-11-25,25.0,-69.0,0.0,102.0,
2006-11-26,-9.0,-67.0,152.0,229.0,
2006-11-27,-43.0,-93.0,178.0,330.0,
2006-11-28,-59.0,-146.0,0.0,305.0,
2006-11-29,-15.0,-158.0,0.0,279.0,
2006-11-30,101.0,-63.0,0.0,279.0,
2006-12-01,85.0,-78.0,0.0,279.0,
2006-12-02,76.0,-85.0,0.0,254.0,
2006-12-03,119.0,-60.0,0.0,254.0,
2006-12-04,126.0,-27.0,0.0,254.0,
2006-12-05,129.0,-28.0,0.0,229.0,
2006-12-06,129.0,-9.0,0.0,254.0,
2006-12-07,136.0,1.0,0.0,229.0,
2006-12-08,84.0,-24.0,0.0,229.0,
2006-12-09,23.0,-44.0,152.0,483.0,
2006-12-10,-30.0,-70.0,127.0,584.0,
2006-12-11,28.0,-43.0,25.0,508.0,
2006-12-12,27.0,-13.0,0.0,508.0,
2006-12-13,52.0,6.0,102.0,432.0,
2006-12-14,67.0,18.0,51.0,406.0,
2006-12-15,22.0,-79.0,102.0,483.0,
2006-12-16,-79.0,-116.0,102.0,610.0,
2006-12-17,-50.0,-155.0,0.0,559.0,
2006-12-18,-56.0,-184.0,0.0,559.0,
2006-12-19,13.0,-163.0,0.0,533.0,
2006-12-20,71.0,-74.0,0.0,508.0,
2006-12-21,26.0,-53.0,178.0,686.0,
2006-12-22,-4.0,-111.0,0.0,686.0,
2006-12-23,46.0,-63.0,0.0,635.0,
2006-12-24,76.0,-46.0,0.0,610.0,
2006-12-25,57.0,14.0,0.0,610.0,
2006-12-26,48.0,-32.0,305.0,813.0,
2006-12-27,-29.0,-126.0,152.0,940.0,
2006-12-28,-68.0,-142.0,0.0,914.0,
2006-12-29,108.0,-93.0,0.0,838.0,
2006-12-30,105.0,-16.0,0.0,813.0,
2006-12-31,55.0,-68.0,0.0,813.0,
2007-01-01,16.0,-72.0,0.0,787.0,
2007-01-02,140.0,-47.0,0.0,762.0,
2007-01-03,65.0,-13.0,25.0,737.0,
2007-01-04,6.0,-119.0,457.0,1168.0,
2007-01-05,-67.0,-153.0,0.0,1092.0,
2007-01-06,49.0,-102.0,0.0,991.0,
2007-01-07,85.0,-68.0,0.0,991.0,
2007-01-08,87.0,-62.0,0.0,965.0,
2007-01-09,112.0,-63.0,0.0,965.0,
2007-01-10,48.0,-37.0,0.0,940.0,
2007-01-11,-36.0,-178.0,25.0,940.0,
2007-01-12,-156.0,-211.0,0.0,965.0,
2007-01-13,-63.0,-242.0,0.0,940.0,
2007-01-14,-89.0,-176.0,0.0,940.0,
2007-01-15,-16.0,-179.0,0.0,940.0,
2007-01-16,54.0,-104.0,0.0,914.0,
2007-01-17,-49.0,-145.0,0.0,914.0,
2007-01-18,25.0,-138.0,0.0,914.0,
2007-01-19,80.0,-100.0,0.0,914.0,
2007-01-20,50.0,-114.0,0.0,914.0,
2007-01-21,-45.0,-126.0,0.0,914.0,
2007-01-22,61.0,-117.0,0.0,889.0,
2007-01-23,131.0,-40.0,0.0,889.0,
2007-01-24,127.0,-18.0,0.0,864.0,
2007-01-25,92.0,-29.0,0.0,864.0,
2007-01-26,71.0,-61.0,0.0,864.0,
2007-01-27,36.0,-81.0,0.0,889.0,
2007-01-28,12.0,-91.0,0.0,889.0,
2007-01-29,33.0,-71.0,0.0,889.0,
2007-01-30,45.0,-82.0,0.0,864.0,
2007-01-31,49.0,-115.0,0.0,864.0,
2007-02-01,58.0,-84.0,0.0,889.0,
2007-02-02,105.0,-87.0,0.0,864.0,
2007-02-03,114.0,-47.0,0.0,864.0,
2007-02-04,140.0,-10.0,0.0,838.0,
2007-02-05,152.0,12.0,0.0,813.0,
2007-02-06,84.0,20.0,0.0,813.0,
2007-02-07,29.0,-21.0,51.0,838.0,
2007-02-08,35.0,-16.0,76.0,965.0,
2007-02-09,13.0,-7.0,229.0,1118.0,
2007-02-10,10.0,-1.0,305.0,1295.0,
2007-02-11,0.0,-55.0,330.0,1422.0,
2007-02-12,-2.0,-72.0,0.0,1372.0,
2007-02-13,28.0,-114.0,0.0,1321.0,
2007-02-14,35.0,-116.0,0.0,1295.0,
2007-02-15,58.0,-54.0,0.0,1270.0,
2007-02-16,70.0,-28.0,0.0,1245.0,
2007-02-17,119.0,-18.0,0.0,1219.0,
2007-02-18,27.0,-31.0,51.0,1270.0,
2007-02-19,17.0,-73.0,0.0,1245.0,
2007-02-20,50.0,-31.0,0.0,1219.0,
2007-02-21,38.0,-24.0,0.0,1219.0,
2007-02-22,-10.0,-98.0,483.0,1727.0,
2007-02-23,-58.0,-145.0,51.0,1702.0,
2007-02-24,4.0,-132.0,102.0,1651.0,
2007-02-25,-44.0,-81.0,432.0,2057.0,
2007-02-26,-48.0,-89.0,432.0,2540.0,
2007-02-27,-48.0,-126.0,279.0,2515.0,
2007-02-28,-64.0,-150.0,0.0,2388.0,
2007-03-01,-30.0,-156.0,0.0,2261.0,
2007-03-02,40.0,-140.0,0.0,2184.0,
2007-03-03,55.0,-95.0,0.0,2108.0,
2007-03-04,104.0,-55.0,0.0,2032.0,
2007-03-05,97.0,-24.0,0.0,1956.0,
2007-03-06,100.0,-30.0,0.0,1905.0,
2007-03-07,68.0,-9.0,0.0,1854.0,
2007-03-08,97.0,-12.0,0.0,1803.0,
2007-03-09,96.0,-22.0,0.0,1778.0,
2007-03-10,133.0,-40.0,0.0,1753.0,
2007-03-11,158.0,-15.0,0.0,1702.0,
2007-03-12,170.0,25.0,0.0,1651.0,
2007-03-13,151.0,44.0,0.0,1626.0,
2007-03-14,134.0,2.0,0.0,1575.0,
2007-03-15,161.0,-13.0,0.0,1549.0,
2007-03-16,173.0,20.0,0.0,1499.0,
2007-03-17,155.0,34.0,0.0,1473.0,
2007-03-18,140.0,3.0,0.0,1448.0,
2007-03-19,108.0,14.0,0.0,1422.0,
2007-03-20,26.0,-30.0,0.0,1422.0,
2007-03-21,17.0,-58.0,25.0,1448.0,
2007-03-22,92.0,-76.0,0.0,1397.0,
2007-03-23,136.0,-28.0,0.0,1372.0,
2007-03-24,146.0,-3.0,0.0,1346.0,
2007-03-25,95.0,22.0,0.0,1346.0,
2007-03-26,61.0,-90.0,229.0,1575.0,
2007-03-27,-42.0,-102.0,76.0,1676.0,
2007-03-28,33.0,-104.0,0.0,1549.0,
2007-03-29,87.0,-76.0,0.0,1473.0,
2007-03-30,128.0,-35.0,0.0,1397.0,
2007-03-31,119.0,11.0,0.0,1372.0,
2007-04-01,107.0,27.0,0.0,1321.0,
2007-04-02,119.0,-2.0,0.0,1295.0,
2007-04-03,151.0,-8.0,0.0,1270.0,
2007-04-04,149.0,30.0,0.0,1245.0,
2007-04-05,156.0,34.0,0.0,1194.0,
2007-04-06,161.0,27.0,0.0,1194.0,
2007-04-07,101.0,22.0,0.0,1168.0,
2007-04-08,106.0,15.0,0.0,1118.0,
2007-04-09,87.0,-24.0,0.0,1092.0,
2007-04-10,85.0,-43.0,0.0,1092.0,
2007-04-11,12.0,-49.0,127.0,1092.0,
2007-04-12,21.0,-99.0,25.0,1143.0,
2007-04-13,128.0,-83.0,0.0,1092.0,
2007-04-14,32.0,-48.0,25.0,1168.0,
2007-04-15,3.0,-44.0,25.0,1168.0,
2007-04-16,133.0,-45.0,0.0,1092.0,
2007-04-17,67.0,-95.0,51.0,1143.0,
2007-04-18,-11.0,-120.0,102.0,1143.0,
2007-04-19,-3.0,-125.0,0.0,1143.0,
2007-04-20,46.0,-61.0,25.0,1143.0,
2007-04-21,41.0,-68.0,25.0,1168.0,
2007-04-22,4.0,-57.0,203.0,1346.0,
2007-04-23,101.0,-52.0,0.0,1245.0,
2007-04-24,158.0,-43.0,0.0,1168.0,
2007-04-25,120.0,-13.0,0.0,1143.0,
2007-04-26,150.0,-24.0,0.0,1092.0,
2007-04-27,187.0,12.0,0.0,1041.0,
2007-04-28,186.0,57.0,0.0,991.0,
2007-04-29,151.0,69.0,0.0,940.0,
2007-04-30,158.0,35.0,0.0,914.0,
2007-05-01,131.0,21.0,0.0,864.0,
2007-05-02,38.0,-66.0,203.0,1092.0,
2007-05-03,27.0,-104.0,76.0,1016.0,
2007-05-04,25.0,-57.0,0.0,1016.0,
2007-05-05,44.0,-58.0,0.0,991.0,
2007-05-06,118.0,-29.0,0.0,914.0,
2007-05-07,165.0,25.0,0.0,889.0,
2007-05-08,165.0,25.0,0.0,813.0,
2007-05-09,167.0,41.0,0.0,737.0,
2007-05-10,168.0,58.0,0.0,686.0,
2007-05-11,167.0,35.0,0.0,635.0,
2007-05-12,138.0,20.0,0.0,610.0,
2007-05-13,161.0,-18.0,0.0,559.0,
2007-05-14,192.0,0.0,0.0,483.0,
2007-05-15,198.0,37.0,0.0,432.0,
2007-05-16,186.0,50.0,0.0,330.0,
2007-05-17,172.0,51.0,0.0,279.0,
2007-05-18,175.0,26.0,0.0,229.0,
2007-05-19,176.0,16.0,0.0,102.0,
2007-05-20,150.0,23.0,0.0,76.0,
2007-05-21,141.0,-10.0,0.0,0.0,
2007-05-22,124.0,-29.0,0.0,0.0,
2007-05-23,155.0,-23.0,0.0,0.0,
2007-05-24,160.0,14.0,0.0,0.0,
2007-05-25,182.0,29.0,0.0,0.0,
2007-05-26,199.0,48.0,0.0,0.0,
2007-05-27,185.0,76.0,0.0,0.0,
2007-05-28,211.0,23.0,0.0,0.0,
2007-05-29,219.0,34.0,0.0,0.0,
2007-05-30,212.0,56.0,0.0,0.0,
2007-05-31,232.0,62.0,0.0,0.0,
2007-06-01,227.0,70.0,0.0,0.0,
2007-06-02,219.0,57.0,0.0,0.0,
2007-06-03,205.0,65.0,0.0,0.0,
2007-06-04,186.0,84.0,0.0,0.0,
2007-06-05,88.0,-25.0,51.0,0.0,
2007-06-06,26.0,-46.0,0.0,0.0,
2007-06-07,136.0,-50.0,0.0,0.0,
2007-06-08,161.0,-8.0,0.0,0.0,
2007-06-09,187.0,28.0,0.0,0.0,
2007-06-10,173.0,48.0,0.0,0.0,
2007-06-11,185.0,26.0,0.0,0.0,
2007-06-12,214.0,32.0,0.0,0.0,
2007-06-13,234.0,62.0,0.0,0.0,
2007-06-14,246.0,76.0,0.0,0.0,
2007-06-15,238.0,95.0,0.0,0.0,
2007-06-16,220.0,114.0,0.0,0.0,
2007-06-17,224.0,49.0,0.0,0.0,
2007-06-18,235.0,56.0,0.0,0.0,
2007-06-19,228.0,91.0,0.0,0.0,
2007-06-20,211.0,87.0,0.0,0.0,
2007-06-21,235.0,77.0,0.0,0.0,
2007-06-22,232.0,74.0,0.0,0.0,
2007-06-23,215.0,106.0,0.0,0.0,
2007-06-24,163.0,64.0,0.0,0.0,
2007-06-25,229.0,23.0,0.0,0.0,
2007-06-26,219.0,66.0,0.0,0.0,
2007-06-27,217.0,72.0,0.0,0.0,
2007-06-28,205.0,112.0,0.0,0.0,
2007-06-29,188.0,108.0,0.0,0.0,
2007-06-30,216.0,102.0,0.0,0.0,
2007-07-01,228.0,123.0,0.0,0.0,
2007-07-02,221.0,97.0,0.0,0.0,
2007-07-03,275.0,78.0,0.0,0.0,
2007-07-04,309.0,117.0,0.0,0.0,
2007-07-05,302.0,132.0,0.0,0.0,
2007-07-06,284.0,150.0,0.0,0.0,
2007-07-07,269.0,112.0,0.0,0.0,
2007-07-08,278.0,104.0,0.0,0.0,
2007-07-09,259.0,114.0,0.0,0.0,
2007-07-10,259.0,128.0,0.0,0.0,
2007-07-11,229.0,101.0,0.0,0.0,
2007-07-12,249.0,80.0,0.0,0.0,
2007-07-13,250.0,90.0,0.0,0.0,
2007-07-14,259.0,116.0,0.0,0.0,
2007-07-15,247.0,136.0,0.0,0.0,
2007-07-16,244.0,140.0,0.0,0.0,
2007-07-17,212.0,114.0,0.0,0.0,
2007-07-18,161.0,86.0,0.0,0.0,
2007-07-19,205.0,74.0,0.0,0.0,
2007-07-20,213.0,65.0,0.0,0.0,
2007-07-21,230.0,82.0,0.0,0.0,
2007-07-22,271.0,92.0,0.0,0.0,
2007-07-23,256.0,108.0,0.0,0.0,
2007-07-24,238.0,119.0,0.0,0.0,
2007-07-25,250.0,108.0,0.0,0.0,
2007-07-26,262.0,104.0,0.0,0.0,
2007-07-27,264.0,114.0,0.0,0.0,
2007-07-28,265.0,114.0,0.0,0.0,
2007-07-29,270.0,122.0,0.0,0.0,
2007-07-30,262.0,115.0,0.0,0.0,
2007-07-31,269.0,114.0,0.0,0.0,
2007-08-01,266.0,119.0,0.0,0.0,
2007-08-02,250.0,129.0,25.0,0.0,
2007-08-03,245.0,142.0,0.0,0.0,
2007-08-04,230.0,118.0,0.0,0.0,
2007-08-05,200.0,109.0,0.0,0.0,
2007-08-06,183.0,95.0,0.0,0.0,
2007-08-07,202.0,57.0,0.0,0.0,
2007-08-08,228.0,60.0,0.0,0.0,
2007-08-09,224.0,96.0,0.0,0.0,
2007-08-10,236.0,102.0,0.0,0.0,
2007-08-11,218.0,112.0,0.0,0.0,
2007-08-12,227.0,117.0,0.0,0.0,
2007-08-13,246.0,130.0,0.0,0.0,
2007-08-14,261.0,132.0,0.0,0.0,
2007-08-15,257.0,127.0,0.0,0.0,
2007-08-16,237.0,143.0,0.0,0.0,
2007-08-17,232.0,130.0,0.0,0.0,
2007-08-18,227.0,111.0,0.0,0.0,
2007-08-19,202.0,100.0,0.0,0.0,
2007-08-20,251.0,99.0,0.0,0.0,
2007-08-21,267.0,96.0,0.0,0.0,
2007-08-22,251.0,102.0,0.0,0.0,
2007-08-23,254.0,81.0,0.0,0.0,
2007-08-24,278.0,105.0,0.0,0.0,
2007-08-25,264.0,160.0,0.0,0.0,
2007-08-26,248.0,132.0,0.0,0.0,
2007-08-27,251.0,112.0,0.0,0.0,
2007-08-28,240.0,102.0,0.0,0.0,
2007-08-29,250.0,102.0,0.0,0.0,
2007-08-30,242.0,102.0,0.0,0.0,
2007-08-31,184.0,99.0,0.0,0.0,
2007-09-01,242.0,112.0,0.0,0.0,
2007-09-02,249.0,126.0,0.0,0.0,
2007-09-03,251.0,150.0,0.0,0.0,
2007-09-04,188.0,48.0,76.0,0.0,
2007-09-05,201.0,12.0,0.0,0.0,
2007-09-06,248.0,42.0,0.0,0.0,
2007-09-07,240.0,77.0,0.0,0.0,
2007-09-08,243.0,85.0,0.0,0.0,
2007-09-09,249.0,81.0,0.0,0.0,
2007-09-10,236.0,57.0,0.0,0.0,
2007-09-11,244.0,75.0,0.0,0.0,
2007-09-12,228.0,79.0,0.0,0.0,
2007-09-13,166.0,81.0,0.0,0.0,
2007-09-14,148.0,33.0,0.0,0.0,
2007-09-15,167.0,18.0,0.0,0.0,
2007-09-16,161.0,33.0,0.0,0.0,
2007-09-17,160.0,25.0,76.0,0.0,
2007-09-18,171.0,29.0,0.0,0.0,
2007-09-19,78.0,-16.0,51.0,0.0,
2007-09-20,109.0,-18.0,102.0,0.0,
2007-09-21,143.0,24.0,0.0,0.0,
2007-09-22,56.0,-2.0,0.0,0.0,
2007-09-23,80.0,-13.0,0.0,0.0,
2007-09-24,132.0,-20.0,0.0,0.0,
2007-09-25,163.0,-12.0,0.0,0.0,
2007-09-26,186.0,4.0,0.0,0.0,
2007-09-27,163.0,38.0,0.0,0.0,
2007-09-28,91.0,-22.0,0.0,0.0,
2007-09-29,126.0,,76.0,0.0,
2007-09-30,147.0,-7.0,0.0,0.0,
2007-10-01,120.0,-8.0,0.0,0.0,
2007-10-02,191.0,-22.0,0.0,0.0,
2007-10-03,152.0,66.0,0.0,0.0,
2007-10-04,89.0,-35.0,51.0,51.0,
2007-10-05,4.0,-69.0,76.0,51.0,
2007-10-06,56.0,-98.0,0.0,51.0,
2007-10-07,165.0,-30.0,0.0,0.0,
2007-10-08,163.0,14.0,0.0,0.0,
2007-10-09,138.0,42.0,0.0,0.0,
2007-10-10,64.0,-23.0,152.0,51.0,
2007-10-11,150.0,-29.0,0.0,25.0,
2007-10-12,67.0,-12.0,0.0,0.0,
2007-10-13,114.0,-9.0,0.0,0.0,
2007-10-14,153.0,-12.0,0.0,0.0,
2007-10-15,89.0,14.0,0.0,0.0,
2007-10-16,40.0,-25.0,127.0,25.0,
2007-10-17,32.0,-30.0,51.0,51.0,
2007-10-18,71.0,0.0,0.0,25.0,
2007-10-19,105.0,26.0,127.0,25.0,
2007-10-20,46.0,-47.0,0.0,0.0,
2007-10-21,78.0,-76.0,0.0,0.0,
2007-10-22,142.0,-23.0,0.0,0.0,
2007-10-23,246.0,30.0,0.0,0.0,
2007-10-24,216.0,62.0,0.0,0.0,
2007-10-25,160.0,77.0,0.0,0.0,
2007-10-26,128.0,-4.0,0.0,0.0,
2007-10-27,140.0,3.0,0.0,0.0,
2007-10-28,140.0,26.0,0.0,0.0,
2007-10-29,120.0,8.0,51.0,0.0,
2007-10-30,114.0,-14.0,0.0,0.0,
2007-10-31,127.0,-3.0,0.0,0.0,
2007-11-01,104.0,-21.0,0.0,0.0,
2007-11-02,104.0,-37.0,0.0,0.0,
2007-11-03,137.0,-25.0,0.0,0.0,
2007-11-04,160.0,-7.0,0.0,0.0,
2007-11-05,162.0,11.0,0.0,0.0,
2007-11-06,146.0,5.0,0.0,0.0,
2007-11-07,178.0,8.0,0.0,0.0,
2007-11-08,155.0,23.0,0.0,0.0,
2007-11-09,116.0,-11.0,0.0,0.0,
2007-11-10,77.0,-13.0,51.0,0.0,
2007-11-11,25.0,-64.0,127.0,0.0,
2007-11-12,91.0,-80.0,0.0,0.0,
2007-11-13,128.0,20.0,0.0,0.0,
2007-11-14,174.0,-6.0,0.0,0.0,
2007-11-15,132.0,55.0,0.0,0.0,
2007-11-16,122.0,45.0,0.0,0.0,
2007-11-17,126.0,33.0,0.0,0.0,
2007-11-18,131.0,32.0,0.0,0.0,
2007-11-19,79.0,10.0,0.0,0.0,
2007-11-20,106.0,-66.0,0.0,0.0,
2007-11-21,109.0,-105.0,0.0,0.0,
2007-11-22,54.0,-93.0,0.0,0.0,
2007-11-23,12.0,-114.0,0.0,0.0,
2007-11-24,129.0,-45.0,0.0,0.0,
2007-11-25,62.0,-36.0,0.0,0.0,
2007-11-26,99.0,-42.0,0.0,0.0,
2007-11-27,58.0,-65.0,0.0,0.0,
2007-11-28,109.0,-93.0,0.0,0.0,
2007-11-29,78.0,-6.0,0.0,0.0,
2007-11-30,-4.0,-102.0,0.0,0.0,
2007-12-01,-70.0,-111.0,0.0,0.0,
2007-12-02,24.0,-95.0,0.0,0.0,
2007-12-03,111.0,21.0,51.0,0.0,
2007-12-04,102.0,16.0,0.0,0.0,
2007-12-05,108.0,22.0,0.0,0.0,
2007-12-06,40.0,-28.0,203.0,279.0,
2007-12-07,-9.0,-85.0,305.0,432.0,
2007-12-08,-45.0,-150.0,0.0,406.0,
2007-12-09,-26.0,-109.0,0.0,381.0,
2007-12-10,15.0,-142.0,0.0,381.0,
2007-12-11,-18.0,-134.0,0.0,381.0,
2007-12-12,-3.0,-97.0,0.0,356.0,
2007-12-13,32.0,-101.0,0.0,356.0,
2007-12-14,45.0,-104.0,0.0,330.0,
2007-12-15,30.0,-24.0,0.0,330.0,
2007-12-16,14.0,-45.0,0.0,305.0,
2007-12-17,-23.0,-62.0,102.0,356.0,
2007-12-18,-20.0,-46.0,279.0,635.0,
2007-12-19,-4.0,-52.0,76.0,635.0,
2007-12-20,-32.0,-143.0,432.0,838.0,
2007-12-21,-24.0,-162.0,0.0,813.0,
2007-12-22,68.0,-107.0,0.0,737.0,
2007-12-23,79.0,-18.0,0.0,737.0,
2007-12-24,44.0,-130.0,0.0,737.0,
2007-12-25,59.0,-149.0,0.0,686.0,
2007-12-26,-36.0,-168.0,0.0,711.0,
2007-12-27,-38.0,-186.0,0.0,686.0,
2007-12-28,-32.0,-58.0,76.0,711.0,
2007-12-29,6.0,-53.0,0.0,711.0,
2007-12-30,40.0,-115.0,0.0,711.0,
2007-12-31,58.0,-120.0,0.0,686.0,
2008-01-01,138.0,-47.0,0.0,660.0,
2008-01-02,79.0,-2.0,0.0,660.0,
2008-01-03,29.0,-44.0,51.0,686.0,
2008-01-04,0.0,-82.0,889.0,1321.0,
2008-01-05,-62.0,-94.0,559.0,1854.0,
2008-01-06,-69.0,-101.0,0.0,1803.0,
2008-01-07,-23.0,-99.0,0.0,1676.0,
2008-01-08,-11.0,-67.0,406.0,1778.0,
2008-01-09,-8.0,-76.0,0.0,1702.0,
2008-01-10,37.0,-27.0,0.0,1600.0,
2008-01-11,36.0,-23.0,0.0,1549.0,
2008-01-12,44.0,-42.0,0.0,1524.0,
2008-01-13,85.0,-59.0,0.0,1499.0,
2008-01-14,106.0,-44.0,0.0,1448.0,
2008-01-15,76.0,-102.0,0.0,1448.0,
2008-01-16,-39.0,-138.0,0.0,1422.0,
2008-01-17,10.0,-142.0,0.0,1397.0,
2008-01-18,35.0,-97.0,0.0,1372.0,
2008-01-19,69.0,-97.0,0.0,1346.0,
2008-01-20,-11.0,-103.0,0.0,1372.0,
2008-01-21,-68.0,-114.0,76.0,1448.0,
2008-01-22,-70.0,-116.0,102.0,1524.0,
2008-01-23,-57.0,-116.0,76.0,1524.0,
2008-01-24,-82.0,-108.0,178.0,1702.0,
2008-01-25,-28.0,-89.0,0.0,1702.0,
2008-01-26,12.0,-35.0,0.0,1626.0,
2008-01-27,7.0,-52.0,508.0,2007.0,
2008-01-28,-46.0,-149.0,152.0,2032.0,
2008-01-29,-43.0,-111.0,178.0,2108.0,
2008-01-30,-48.0,-132.0,0.0,2032.0,
2008-01-31,-14.0,-81.0,254.0,2159.0,
2008-02-01,-36.0,-92.0,0.0,2083.0,
2008-02-02,-52.0,-98.0,432.0,2311.0,
2008-02-03,-45.0,-102.0,330.0,2515.0,
2008-02-04,-76.0,-153.0,0.0,2464.0,
2008-02-05,66.0,-156.0,0.0,2362.0,
2008-02-06,36.0,-53.0,0.0,2311.0,
2008-02-07,64.0,-31.0,0.0,2235.0,
2008-02-08,89.0,-46.0,0.0,2184.0,
2008-02-09,119.0,-48.0,0.0,2134.0,
2008-02-10,116.0,-28.0,0.0,2083.0,
2008-02-11,95.0,-29.0,0.0,2057.0,
2008-02-12,155.0,-14.0,0.0,2007.0,
2008-02-13,62.0,-114.0,0.0,2007.0,
2008-02-14,-35.0,-121.0,0.0,1981.0,
2008-02-15,69.0,-104.0,0.0,1956.0,
2008-02-16,120.0,-39.0,0.0,1930.0,
2008-02-17,96.0,-48.0,0.0,1905.0,
2008-02-18,106.0,-50.0,0.0,1880.0,
2008-02-19,42.0,-31.0,0.0,1880.0,
2008-02-20,20.0,-87.0,76.0,1905.0,
2008-02-21,-7.0,-85.0,51.0,2032.0,
2008-02-22,-20.0,-108.0,178.0,2184.0,
2008-02-23,-4.0,-127.0,305.0,2464.0,
2008-02-24,-34.0,-69.0,356.0,2667.0,
2008-02-25,64.0,-96.0,0.0,2540.0,
2008-02-26,146.0,-74.0,0.0,2438.0,
2008-02-27,129.0,-16.0,0.0,2362.0,
2008-02-28,108.0,-41.0,0.0,2311.0,
2008-02-29,116.0,-34.0,0.0,2261.0,
2008-03-01,35.0,-83.0,0.0,2210.0,
2008-03-02,15.0,-97.0,0.0,2210.0,
2008-03-03,114.0,-102.0,0.0,2134.0,
2008-03-04,97.0,-71.0,0.0,2134.0,
2008-03-05,38.0,-131.0,0.0,2108.0,
2008-03-06,108.0,-84.0,0.0,2108.0,
2008-03-07,97.0,-57.0,0.0,2057.0,
2008-03-08,72.0,-65.0,0.0,2057.0,
2008-03-09,122.0,-83.0,0.0,2032.0,
2008-03-10,134.0,-8.0,0.0,2007.0,
2008-03-11,117.0,-14.0,0.0,1956.0,
2008-03-12,100.0,0.0,0.0,1956.0,
2008-03-13,27.0,-56.0,127.0,1956.0,
2008-03-14,-11.0,-87.0,102.0,2083.0,
2008-03-15,-22.0,-114.0,51.0,2083.0,
2008-03-16,-23.0,-102.0,0.0,2108.0,
2008-03-17,97.0,-121.0,0.0,2032.0,
2008-03-18,111.0,-49.0,0.0,1981.0,
2008-03-19,65.0,-18.0,0.0,1930.0,
2008-03-20,44.0,-34.0,0.0,1930.0,
2008-03-21,85.0,-48.0,0.0,1905.0,
2008-03-22,104.0,-73.0,0.0,1880.0,
2008-03-23,120.0,-18.0,0.0,1854.0,
2008-03-24,96.0,-14.0,0.0,1829.0,
2008-03-25,68.0,-6.0,0.0,1829.0,
2008-03-26,49.0,-53.0,0.0,1803.0,
2008-03-27,67.0,-67.0,0.0,1803.0,
2008-03-28,48.0,-49.0,76.0,1778.0,
2008-03-29,52.0,-34.0,0.0,1753.0,
2008-03-30,6.0,-91.0,0.0,1778.0,
2008-03-31,52.0,-126.0,0.0,1727.0,
2008-04-01,51.0,-53.0,0.0,1727.0,
2008-04-02,70.0,-56.0,0.0,1702.0,
2008-04-03,106.0,-58.0,0.0,1676.0,
2008-04-04,50.0,-24.0,0.0,1651.0,
2008-04-05,68.0,-29.0,0.0,1626.0,
2008-04-06,52.0,-44.0,0.0,1626.0,
2008-04-07,56.0,-49.0,0.0,1626.0,
2008-04-08,22.0,-63.0,25.0,1575.0,
2008-04-09,46.0,-110.0,0.0,1575.0,
2008-04-10,117.0,-68.0,0.0,1575.0,
2008-04-11,123.0,-44.0,0.0,1549.0,
2008-04-12,163.0,-23.0,0.0,1499.0,
2008-04-13,163.0,11.0,0.0,1473.0,
2008-04-14,90.0,-62.0,0.0,1448.0,
2008-04-15,50.0,-81.0,0.0,1448.0,
2008-04-16,97.0,-98.0,0.0,1422.0,
2008-04-17,143.0,-37.0,0.0,1372.0,
2008-04-18,115.0,26.0,0.0,1346.0,
2008-04-19,48.0,-78.0,0.0,1321.0,
2008-04-20,5.0,-109.0,0.0,1321.0,
2008-04-21,47.0,-73.0,0.0,1295.0,
2008-04-22,56.0,-24.0,51.0,1346.0,
2008-04-23,11.0,-74.0,51.0,1372.0,
2008-04-24,86.0,-114.0,0.0,1321.0,
2008-04-25,119.0,-22.0,0.0,1295.0,
2008-04-26,153.0,-16.0,0.0,1245.0,
2008-04-27,170.0,1.0,0.0,1194.0,
2008-04-28,150.0,39.0,0.0,1168.0,
2008-04-29,84.0,-32.0,0.0,1143.0,
2008-04-30,49.0,-68.0,0.0,1118.0,
2008-05-01,110.0,-91.0,0.0,1092.0,
2008-05-02,119.0,-37.0,0.0,1041.0,
2008-05-03,114.0,-14.0,0.0,1041.0,
2008-05-04,100.0,-18.0,127.0,1016.0,
2008-05-05,155.0,-12.0,25.0,1016.0,
2008-05-06,150.0,25.0,0.0,965.0,
2008-05-07,105.0,-4.0,0.0,940.0,
2008-05-08,111.0,-25.0,0.0,889.0,
2008-05-09,111.0,-1.0,0.0,864.0,
2008-05-10,152.0,-7.0,0.0,838.0,
2008-05-11,127.0,24.0,0.0,787.0,
2008-05-12,99.0,-2.0,0.0,762.0,
2008-05-13,160.0,-27.0,0.0,711.0,
2008-05-14,155.0,28.0,0.0,660.0,
2008-05-15,182.0,54.0,0.0,584.0,
2008-05-16,235.0,58.0,0.0,508.0,
2008-05-17,248.0,75.0,0.0,432.0,
2008-05-18,229.0,76.0,0.0,330.0,
2008-05-19,236.0,89.0,0.0,279.0,
2008-05-20,162.0,12.0,0.0,203.0,
2008-05-21,92.0,-26.0,0.0,178.0,
2008-05-22,41.0,-41.0,0.0,152.0,
2008-05-23,38.0,-23.0,127.0,203.0,
2008-05-24,35.0,-14.0,178.0,229.0,
2008-05-25,49.0,-18.0,25.0,229.0,
2008-05-26,70.0,-7.0,25.0,178.0,
2008-05-27,77.0,-16.0,25.0,152.0,
2008-05-28,67.0,-18.0,0.0,152.0,
2008-05-29,91.0,-21.0,0.0,102.0,
2008-05-30,139.0,-18.0,0.0,25.0,
2008-05-31,134.0,27.0,0.0,0.0,
2008-06-01,138.0,13.0,0.0,0.0,
2008-06-02,152.0,-4.0,0.0,0.0,
2008-06-03,127.0,28.0,0.0,0.0,
2008-06-04,95.0,-22.0,0.0,0.0,
2008-06-05,156.0,-27.0,0.0,0.0,
2008-06-06,140.0,-16.0,0.0,0.0,
2008-06-07,155.0,-28.0,0.0,0.0,
2008-06-08,183.0,-8.0,0.0,0.0,
2008-06-09,210.0,44.0,0.0,0.0,
2008-06-10,165.0,-2.0,0.0,0.0,
2008-06-11,182.0,-28.0,0.0,0.0,
2008-06-12,188.0,4.0,0.0,0.0,
2008-06-13,218.0,29.0,0.0,0.0,
2008-06-14,224.0,76.0,0.0,0.0,
2008-06-15,220.0,66.0,0.0,0.0,
2008-06-16,220.0,77.0,0.0,0.0,
2008-06-17,212.0,70.0,0.0,0.0,
2008-06-18,212.0,59.0,0.0,0.0,
2008-06-19,221.0,70.0,0.0,0.0,
2008-06-20,243.0,115.0,0.0,0.0,
2008-06-21,225.0,94.0,0.0,0.0,
2008-06-22,199.0,111.0,0.0,0.0,
2008-06-23,212.0,69.0,0.0,0.0,
2008-06-24,229.0,62.0,0.0,0.0,
2008-06-25,230.0,69.0,0.0,0.0,
2008-06-26,245.0,64.0,0.0,0.0,
2008-06-27,247.0,78.0,0.0,0.0,
2008-06-28,238.0,95.0,0.0,0.0,
2008-06-29,242.0,88.0,0.0,0.0,
2008-06-30,225.0,81.0,0.0,0.0,
2008-07-01,232.0,64.0,0.0,0.0,
2008-07-02,242.0,84.0,0.0,0.0,
2008-07-03,230.0,106.0,0.0,0.0,
2008-07-04,198.0,115.0,0.0,0.0,
2008-07-05,233.0,69.0,0.0,0.0,
2008-07-06,240.0,81.0,0.0,0.0,
2008-07-07,271.0,97.0,0.0,0.0,
2008-07-08,276.0,112.0,0.0,0.0,
2008-07-09,289.0,119.0,0.0,0.0,
2008-07-10,276.0,130.0,0.0,0.0,
2008-07-11,257.0,114.0,0.0,0.0,
2008-07-12,260.0,100.0,0.0,0.0,
2008-07-13,256.0,107.0,0.0,0.0,
2008-07-14,232.0,100.0,51.0,0.0,
2008-07-15,232.0,106.0,0.0,0.0,
2008-07-16,229.0,98.0,0.0,0.0,
2008-07-17,232.0,129.0,0.0,0.0,
2008-07-18,257.0,79.0,0.0,0.0,
2008-07-19,259.0,106.0,0.0,0.0,
2008-07-20,213.0,109.0,0.0,0.0,
2008-07-21,224.0,100.0,0.0,0.0,
2008-07-22,225.0,84.0,0.0,0.0,
2008-07-23,248.0,78.0,0.0,0.0,
2008-07-24,253.0,76.0,0.0,0.0,
2008-07-25,251.0,99.0,0.0,0.0,
2008-07-26,244.0,126.0,0.0,0.0,
2008-07-27,238.0,144.0,0.0,0.0,
2008-07-28,251.0,119.0,0.0,0.0,
2008-07-29,234.0,112.0,0.0,0.0,
2008-07-30,250.0,94.0,0.0,0.0,
2008-07-31,238.0,94.0,0.0,0.0,
2008-08-01,242.0,132.0,0.0,0.0,
2008-08-02,246.0,127.0,0.0,0.0,
2008-08-03,234.0,130.0,0.0,0.0,
2008-08-04,232.0,140.0,0.0,0.0,
2008-08-05,240.0,130.0,0.0,0.0,
2008-08-06,246.0,109.0,0.0,0.0,
2008-08-07,246.0,118.0,0.0,0.0,
2008-08-08,212.0,120.0,0.0,0.0,
2008-08-09,204.0,112.0,0.0,0.0,
2008-08-10,234.0,75.0,0.0,0.0,
2008-08-11,264.0,81.0,0.0,0.0,
2008-08-12,257.0,94.0,0.0,0.0,
2008-08-13,280.0,107.0,0.0,0.0,
2008-08-14,292.0,114.0,0.0,0.0,
2008-08-15,297.0,120.0,0.0,0.0,
2008-08-16,289.0,124.0,0.0,0.0,
2008-08-17,252.0,122.0,0.0,0.0,
2008-08-18,196.0,104.0,0.0,0.0,
2008-08-19,182.0,70.0,0.0,0.0,
2008-08-20,226.0,64.0,0.0,0.0,
2008-08-21,240.0,106.0,0.0,0.0,
2008-08-22,259.0,85.0,0.0,0.0,
2008-08-23,252.0,99.0,0.0,0.0,
2008-08-24,262.0,115.0,0.0,0.0,
2008-08-25,227.0,123.0,0.0,0.0,
2008-08-26,247.0,105.0,0.0,0.0,
2008-08-27,271.0,81.0,0.0,0.0,
2008-08-28,272.0,98.0,0.0,0.0,
2008-08-29,282.0,105.0,0.0,0.0,
2008-08-30,240.0,123.0,0.0,0.0,
2008-08-31,159.0,25.0,0.0,0.0,
2008-09-01,161.0,-28.0,0.0,0.0,
2008-09-02,222.0,7.0,0.0,0.0,
2008-09-03,243.0,54.0,0.0,0.0,
2008-09-04,243.0,74.0,0.0,0.0,
2008-09-05,262.0,76.0,0.0,0.0,
2008-09-06,251.0,86.0,0.0,0.0,
2008-09-07,242.0,109.0,0.0,0.0,
2008-09-08,238.0,118.0,0.0,0.0,
2008-09-09,201.0,89.0,0.0,0.0,
2008-09-10,198.0,28.0,0.0,0.0,
2008-09-11,224.0,48.0,0.0,0.0,
2008-09-12,218.0,59.0,0.0,0.0,
2008-09-13,248.0,75.0,0.0,0.0,
2008-09-14,261.0,84.0,0.0,0.0,
2008-09-15,248.0,84.0,0.0,0.0,
2008-09-16,227.0,77.0,0.0,0.0,
2008-09-17,200.0,71.0,0.0,0.0,
2008-09-18,198.0,79.0,0.0,0.0,
2008-09-19,148.0,62.0,0.0,0.0,
2008-09-20,152.0,24.0,0.0,0.0,
2008-09-21,155.0,-1.0,0.0,0.0,
2008-09-22,184.0,-12.0,0.0,0.0,
2008-09-23,205.0,21.0,0.0,0.0,
2008-09-24,203.0,81.0,0.0,0.0,
2008-09-25,202.0,104.0,0.0,0.0,
2008-09-26,205.0,72.0,0.0,0.0,
2008-09-27,214.0,67.0,0.0,0.0,
2008-09-28,216.0,69.0,0.0,0.0,
2008-09-29,187.0,61.0,0.0,0.0,
2008-09-30,197.0,51.0,0.0,0.0,
2008-10-01,198.0,76.0,0.0,0.0,
2008-10-02,126.0,74.0,0.0,0.0,
2008-10-03,114.0,24.0,203.0,0.0,
2008-10-04,51.0,-8.0,305.0,0.0,
2008-10-05,123.0,-18.0,0.0,0.0,
2008-10-06,198.0,8.0,0.0,0.0,
2008-10-07,197.0,41.0,0.0,0.0,
2008-10-08,191.0,64.0,0.0,0.0,
2008-10-09,104.0,-60.0,76.0,0.0,
2008-10-10,-20.0,-80.0,25.0,0.0,
2008-10-11,-26.0,-94.0,0.0,0.0,
2008-10-12,36.0,-118.0,0.0,0.0,
2008-10-13,98.0,-42.0,0.0,0.0,
2008-10-14,171.0,-1.0,0.0,0.0,
2008-10-15,165.0,27.0,0.0,0.0,
2008-10-16,200.0,18.0,0.0,0.0,
2008-10-17,178.0,40.0,0.0,0.0,
2008-10-18,119.0,18.0,0.0,0.0,
2008-10-19,136.0,3.0,0.0,0.0,
2008-10-20,141.0,17.0,0.0,0.0,
2008-10-21,130.0,-14.0,0.0,0.0,
2008-10-22,147.0,-26.0,0.0,0.0,
2008-10-23,197.0,36.0,0.0,0.0,
2008-10-24,198.0,30.0,0.0,0.0,
2008-10-25,213.0,46.0,0.0,0.0,
2008-10-26,208.0,35.0,0.0,0.0,
2008-10-27,178.0,38.0,0.0,0.0,
2008-10-28,168.0,27.0,0.0,0.0,
2008-10-29,166.0,12.0,0.0,0.0,
2008-10-30,143.0,24.0,0.0,0.0,
2008-10-31,52.0,4.0,229.0,0.0,
2008-11-01,45.0,3.0,1143.0,0.0,
2008-11-02,25.0,-21.0,178.0,51.0,
2008-11-03,-2.0,-36.0,305.0,254.0,
2008-11-04,-7.0,-109.0,25.0,254.0,
2008-11-05,51.0,-116.0,0.0,203.0,
2008-11-06,109.0,-20.0,0.0,203.0,
2008-11-07,153.0,-14.0,0.0,178.0,
2008-11-08,91.0,-24.0,102.0,254.0,
2008-11-09,16.0,-49.0,25.0,229.0,
2008-11-10,42.0,-49.0,0.0,203.0,
2008-11-11,58.0,-35.0,0.0,178.0,
2008-11-12,126.0,29.0,0.0,152.0,
2008-11-13,159.0,10.0,0.0,152.0,
2008-11-14,123.0,-6.0,0.0,152.0,
2008-11-15,131.0,1.0,0.0,152.0,
2008-11-16,166.0,21.0,0.0,152.0,
2008-11-17,177.0,28.0,0.0,152.0,
2008-11-18,144.0,32.0,0.0,127.0,
2008-11-19,124.0,47.0,0.0,127.0,
2008-11-20,94.0,-10.0,0.0,127.0,
2008-11-21,137.0,-46.0,0.0,127.0,
2008-11-22,92.0,-3.0,0.0,152.0,
2008-11-23,130.0,-20.0,0.0,127.0,
2008-11-24,118.0,-18.0,0.0,127.0,
2008-11-25,94.0,-8.0,0.0,102.0,
2008-11-26,4.0,-23.0,76.0,203.0,
2008-11-27,49.0,-62.0,0.0,229.0,
2008-11-28,91.0,-48.0,0.0,203.0,
2008-11-29,112.0,-16.0,0.0,178.0,
2008-11-30,175.0,3.0,0.0,152.0,
2008-12-01,143.0,50.0,0.0,152.0,
2008-12-02,111.0,-36.0,0.0,178.0,
2008-12-03,124.0,-47.0,0.0,178.0,
2008-12-04,52.0,-62.0,0.0,178.0,
2008-12-05,89.0,-69.0,0.0,178.0,
2008-12-06,118.0,-15.0,0.0,178.0,
2008-12-07,97.0,-4.0,0.0,152.0,
2008-12-08,38.0,-86.0,0.0,178.0,
2008-12-09,121.0,-89.0,0.0,178.0,
2008-12-10,180.0,21.0,0.0,152.0,
2008-12-11,146.0,3.0,0.0,152.0,
2008-12-12,95.0,-34.0,0.0,152.0,
2008-12-13,-20.0,-128.0,203.0,229.0,
2008-12-14,-84.0,-127.0,76.0,406.0,
2008-12-15,-88.0,-123.0,305.0,838.0,
2008-12-16,-68.0,-138.0,51.0,686.0,
2008-12-17,-50.0,-184.0,0.0,610.0,
2008-12-18,-41.0,-142.0,0.0,559.0,
2008-12-19,-38.0,-106.0,25.0,559.0,
2008-12-20,38.0,-70.0,0.0,508.0,
2008-12-21,28.0,-18.0,178.0,711.0,
2008-12-22,-14.0,-97.0,178.0,889.0,
2008-12-23,-55.0,-120.0,127.0,889.0,
2008-12-24,-25.0,-81.0,102.0,1016.0,
2008-12-25,-35.0,-124.0,762.0,1372.0,
2008-12-26,-70.0,-177.0,0.0,1321.0,
2008-12-27,2.0,-97.0,0.0,1219.0,
2008-12-28,55.0,-18.0,0.0,1168.0,
2008-12-29,69.0,-31.0,0.0,1143.0,
2008-12-30,107.0,-35.0,0.0,1092.0,
2008-12-31,85.0,-18.0,0.0,1067.0,
2009-01-01,88.0,-6.0,0.0,1016.0,
2009-01-02,32.0,-101.0,178.0,1143.0,
2009-01-03,-49.0,-158.0,0.0,1118.0,
2009-01-04,14.0,-166.0,0.0,1067.0,
2009-01-05,14.0,-46.0,0.0,1067.0,
2009-01-06,84.0,-21.0,0.0,1041.0,
2009-01-07,121.0,12.0,0.0,1016.0,
2009-01-08,70.0,-80.0,0.0,1016.0,
2009-01-09,29.0,-103.0,0.0,991.0,
2009-01-10,105.0,-87.0,0.0,991.0,
2009-01-11,100.0,-36.0,0.0,991.0,
2009-01-12,74.0,-36.0,0.0,991.0,
2009-01-13,147.0,-25.0,0.0,965.0,
2009-01-14,139.0,-13.0,0.0,965.0,
2009-01-15,99.0,-42.0,0.0,965.0,
2009-01-16,97.0,-39.0,0.0,965.0,
2009-01-17,108.0,-46.0,0.0,965.0,
2009-01-18,78.0,-61.0,0.0,965.0,
2009-01-19,97.0,-54.0,0.0,940.0,
2009-01-20,110.0,-27.0,0.0,940.0,
2009-01-21,91.0,-12.0,51.0,914.0,
2009-01-22,26.0,1.0,305.0,940.0,
2009-01-23,30.0,-1.0,305.0,1067.0,
2009-01-24,13.0,-47.0,127.0,1118.0,
2009-01-25,-38.0,-100.0,127.0,1270.0,
2009-01-26,-50.0,-132.0,0.0,1168.0,
2009-01-27,66.0,-168.0,0.0,1168.0,
2009-01-28,44.0,-67.0,0.0,1143.0,
2009-01-29,71.0,-97.0,0.0,1118.0,
2009-01-30,88.0,-57.0,0.0,1118.0,
2009-01-31,111.0,-38.0,0.0,1092.0,
2009-02-01,90.0,-69.0,0.0,1092.0,
2009-02-02,143.0,-18.0,0.0,1041.0,
2009-02-03,139.0,-10.0,0.0,1067.0,
2009-02-04,105.0,-24.0,0.0,1041.0,
2009-02-05,12.0,-43.0,51.0,1067.0,
2009-02-06,1.0,-42.0,102.0,1168.0,
2009-02-07,-12.0,-48.0,51.0,1245.0,
2009-02-08,-3.0,-79.0,152.0,1524.0,
2009-02-09,-71.0,-169.0,102.0,1549.0,
2009-02-10,-3.0,-188.0,0.0,1473.0,
2009-02-11,-37.0,-106.0,203.0,1651.0,
2009-02-12,-18.0,-155.0,0.0,1575.0,
2009-02-13,-62.0,-104.0,152.0,1727.0,
2009-02-14,-49.0,-105.0,152.0,1753.0,
2009-02-15,-43.0,-65.0,178.0,1905.0,
2009-02-16,-27.0,-81.0,152.0,2007.0,
2009-02-17,-55.0,-74.0,178.0,2134.0,
2009-02-18,7.0,-121.0,0.0,2032.0,
2009-02-19,77.0,-100.0,51.0,1905.0,
2009-02-20,86.0,-59.0,0.0,1854.0,
2009-02-21,79.0,-64.0,25.0,1803.0,
2009-02-22,22.0,-18.0,178.0,1981.0,
2009-02-23,24.0,-18.0,254.0,2108.0,
2009-02-24,44.0,-23.0,25.0,2007.0,
2009-02-25,7.0,-34.0,102.0,2007.0,
2009-02-26,13.0,-44.0,76.0,2032.0,
2009-02-27,72.0,-84.0,0.0,1981.0,
2009-02-28,106.0,-34.0,51.0,1956.0,
2009-03-01,52.0,-12.0,279.0,2311.0,
2009-03-02,12.0,-40.0,584.0,2362.0,
2009-03-03,-30.0,-56.0,610.0,2819.0,
2009-03-04,-44.0,-99.0,229.0,2997.0,
2009-03-05,0.0,-121.0,0.0,2819.0,
2009-03-06,-13.0,-124.0,0.0,2692.0,
2009-03-07,32.0,-137.0,25.0,2616.0,
2009-03-08,17.0,-73.0,0.0,2540.0,
2009-03-09,-29.0,-139.0,0.0,2515.0,
2009-03-10,80.0,-139.0,0.0,2464.0,
2009-03-11,62.0,-97.0,0.0,2438.0,
2009-03-12,49.0,-100.0,0.0,2388.0,
2009-03-13,119.0,-91.0,0.0,2362.0,
2009-03-14,46.0,-43.0,0.0,2286.0,
2009-03-15,40.0,-47.0,0.0,2261.0,
2009-03-16,39.0,1.0,0.0,2261.0,
2009-03-17,94.0,2.0,0.0,2210.0,
2009-03-18,124.0,-3.0,0.0,2184.0,
2009-03-19,130.0,-7.0,0.0,2134.0,
2009-03-20,118.0,-18.0,0.0,2108.0,
2009-03-21,33.0,-49.0,305.0,2311.0,
2009-03-22,-47.0,-135.0,254.0,2540.0,
2009-03-23,-2.0,-140.0,0.0,2438.0,
2009-03-24,86.0,-113.0,0.0,2337.0,
2009-03-25,95.0,-52.0,0.0,2286.0,
2009-03-26,66.0,-46.0,0.0,2210.0,
2009-03-27,102.0,-64.0,0.0,2184.0,
2009-03-28,122.0,-30.0,0.0,2134.0,
2009-03-29,62.0,-89.0,0.0,2134.0,
2009-03-30,95.0,-128.0,0.0,2108.0,
2009-03-31,101.0,-43.0,0.0,2083.0,
2009-04-01,106.0,-32.0,0.0,2032.0,
2009-04-02,58.0,-36.0,102.0,2032.0,
2009-04-03,11.0,-126.0,0.0,2083.0,
2009-04-04,66.0,-134.0,0.0,2032.0,
2009-04-05,116.0,-91.0,0.0,2007.0,
2009-04-06,134.0,-42.0,0.0,1981.0,
2009-04-07,89.0,-47.0,51.0,2032.0,
2009-04-08,12.0,-65.0,25.0,2007.0,
2009-04-09,0.0,-50.0,51.0,2057.0,
2009-04-10,42.0,-65.0,25.0,2007.0,
2009-04-11,58.0,-83.0,0.0,1981.0,
2009-04-12,126.0,-52.0,0.0,1956.0,
2009-04-13,104.0,-3.0,0.0,1905.0,
2009-04-14,3.0,-105.0,127.0,2057.0,
2009-04-15,-16.0,-135.0,0.0,2007.0,
2009-04-16,86.0,-108.0,0.0,1930.0,
2009-04-17,131.0,-42.0,0.0,1880.0,
2009-04-18,153.0,-8.0,0.0,1829.0,
2009-04-19,184.0,7.0,0.0,1803.0,
2009-04-20,197.0,34.0,0.0,1753.0,
2009-04-21,189.0,40.0,0.0,1702.0,
2009-04-22,163.0,40.0,0.0,1651.0,
2009-04-23,98.0,13.0,0.0,1626.0,
2009-04-24,13.0,-71.0,229.0,1778.0,
2009-04-25,64.0,-70.0,0.0,1702.0,
2009-04-26,101.0,-47.0,0.0,1676.0,
2009-04-27,66.0,-23.0,0.0,1626.0,
2009-04-28,47.0,-25.0,0.0,1600.0,
2009-04-29,84.0,-26.0,0.0,1575.0,
2009-04-30,117.0,6.0,51.0,1549.0,
2009-05-01,58.0,1.0,305.0,1626.0,
2009-05-02,28.0,-10.0,254.0,1575.0,
2009-05-03,39.0,1.0,254.0,1575.0,
2009-05-04,87.0,8.0,127.0,1549.0,
2009-05-05,85.0,7.0,102.0,1499.0,
2009-05-06,109.0,37.0,0.0,1448.0,
2009-05-07,142.0,20.0,0.0,1397.0,
2009-05-08,154.0,-15.0,0.0,1346.0,
2009-05-09,149.0,15.0,0.0,1270.0,
2009-05-10,171.0,7.0,0.0,1219.0,
2009-05-11,147.0,50.0,0.0,1168.0,
2009-05-12,116.0,2.0,0.0,1118.0,
2009-05-13,128.0,-20.0,0.0,1067.0,
2009-05-14,150.0,2.0,0.0,1016.0,
2009-05-15,201.0,22.0,0.0,965.0,
2009-05-16,216.0,38.0,0.0,889.0,
2009-05-17,228.0,62.0,0.0,813.0,
2009-05-18,211.0,90.0,0.0,737.0,
2009-05-19,155.0,76.0,0.0,660.0,
2009-05-20,159.0,52.0,0.0,559.0,
2009-05-21,186.0,30.0,0.0,508.0,
2009-05-22,190.0,49.0,0.0,406.0,
2009-05-23,170.0,46.0,0.0,330.0,
2009-05-24,160.0,18.0,0.0,254.0,
2009-05-25,171.0,14.0,0.0,178.0,
2009-05-26,198.0,38.0,0.0,127.0,
2009-05-27,200.0,50.0,0.0,51.0,
2009-05-28,191.0,55.0,0.0,25.0,
2009-05-29,187.0,45.0,25.0,0.0,
2009-05-30,184.0,55.0,0.0,0.0,
2009-05-31,162.0,40.0,0.0,0.0,
2009-06-01,155.0,28.0,0.0,0.0,
2009-06-02,148.0,29.0,203.0,0.0,
2009-06-03,126.0,22.0,0.0,0.0,
2009-06-04,130.0,21.0,51.0,0.0,
2009-06-05,51.0,-11.0,25.0,0.0,
2009-06-06,47.0,-10.0,25.0,0.0,
2009-06-07,122.0,-9.0,0.0,0.0,
2009-06-08,144.0,7.0,0.0,0.0,
2009-06-09,131.0,32.0,0.0,0.0,
2009-06-10,111.0,8.0,0.0,0.0,
2009-06-11,114.0,1.0,0.0,0.0,
2009-06-12,132.0,-3.0,0.0,0.0,
2009-06-13,107.0,1.0,0.0,0.0,
2009-06-14,117.0,-9.0,0.0,0.0,
2009-06-15,150.0,11.0,0.0,0.0,
2009-06-16,148.0,23.0,0.0,0.0,
2009-06-17,170.0,38.0,0.0,0.0,
2009-06-18,204.0,48.0,0.0,0.0,
2009-06-19,187.0,36.0,0.0,0.0,
2009-06-20,151.0,10.0,0.0,0.0,
2009-06-21,143.0,13.0,0.0,0.0,
2009-06-22,170.0,-11.0,0.0,0.0,
2009-06-23,216.0,29.0,0.0,0.0,
2009-06-24,236.0,68.0,0.0,0.0,
2009-06-25,213.0,80.0,0.0,0.0,
2009-06-26,219.0,66.0,0.0,0.0,
2009-06-27,248.0,71.0,0.0,0.0,
2009-06-28,261.0,97.0,0.0,0.0,
2009-06-29,250.0,108.0,0.0,0.0,
2009-06-30,218.0,87.0,0.0,0.0,
2009-07-01,237.0,70.0,0.0,0.0,
2009-07-02,232.0,87.0,0.0,0.0,
2009-07-03,215.0,76.0,0.0,0.0,
2009-07-04,219.0,78.0,0.0,0.0,
2009-07-05,220.0,77.0,0.0,0.0,
2009-07-06,191.0,95.0,0.0,0.0,
2009-07-07,177.0,92.0,0.0,0.0,
2009-07-08,183.0,80.0,0.0,0.0,
2009-07-09,192.0,77.0,0.0,0.0,
2009-07-10,204.0,87.0,0.0,0.0,
2009-07-11,219.0,100.0,0.0,0.0,
2009-07-12,191.0,108.0,0.0,0.0,
2009-07-13,228.0,84.0,0.0,0.0,
2009-07-14,255.0,66.0,0.0,0.0,
2009-07-15,254.0,97.0,0.0,0.0,
2009-07-16,265.0,123.0,0.0,0.0,
2009-07-17,283.0,119.0,0.0,0.0,
2009-07-18,280.0,134.0,0.0,0.0,
2009-07-19,272.0,142.0,0.0,0.0,
2009-07-20,264.0,111.0,0.0,0.0,
2009-07-21,252.0,114.0,0.0,0.0,
2009-07-22,280.0,167.0,0.0,0.0,
2009-07-23,264.0,132.0,0.0,0.0,
2009-07-24,258.0,112.0,0.0,0.0,
2009-07-25,268.0,117.0,0.0,0.0,
2009-07-26,276.0,116.0,0.0,0.0,
2009-07-27,284.0,117.0,0.0,0.0,
2009-07-28,271.0,122.0,0.0,0.0,
2009-07-29,250.0,92.0,76.0,0.0,
2009-07-30,255.0,107.0,0.0,0.0,
2009-07-31,259.0,106.0,0.0,0.0,
2009-08-01,249.0,109.0,0.0,0.0,
2009-08-02,228.0,105.0,0.0,0.0,
2009-08-03,228.0,58.0,0.0,0.0,
2009-08-04,216.0,92.0,0.0,0.0,
2009-08-05,187.0,86.0,0.0,0.0,
2009-08-06,88.0,7.0,76.0,0.0,
2009-08-07,138.0,-7.0,0.0,0.0,
2009-08-08,195.0,16.0,0.0,0.0,
2009-08-09,215.0,49.0,0.0,0.0,
2009-08-10,227.0,77.0,0.0,0.0,
2009-08-11,243.0,95.0,0.0,0.0,
2009-08-12,242.0,87.0,0.0,0.0,
2009-08-13,221.0,105.0,0.0,0.0,
2009-08-14,195.0,46.0,0.0,0.0,
2009-08-15,206.0,20.0,0.0,0.0,
2009-08-16,230.0,39.0,0.0,0.0,
2009-08-17,255.0,70.0,0.0,0.0,
2009-08-18,268.0,82.0,0.0,0.0,
2009-08-19,286.0,104.0,0.0,0.0,
2009-08-20,272.0,116.0,0.0,0.0,
2009-08-21,271.0,118.0,0.0,0.0,
2009-08-22,250.0,109.0,0.0,0.0,
2009-08-23,162.0,52.0,102.0,0.0,
2009-08-24,208.0,26.0,0.0,0.0,
2009-08-25,219.0,60.0,0.0,0.0,
2009-08-26,243.0,102.0,0.0,0.0,
2009-08-27,244.0,79.0,0.0,0.0,
2009-08-28,248.0,97.0,0.0,0.0,
2009-08-29,246.0,102.0,0.0,0.0,
2009-08-30,217.0,129.0,0.0,0.0,
2009-08-31,211.0,123.0,0.0,0.0,
2009-09-01,212.0,118.0,0.0,0.0,
2009-09-02,225.0,77.0,0.0,0.0,
2009-09-03,238.0,117.0,0.0,0.0,
2009-09-04,228.0,122.0,0.0,0.0,
2009-09-05,196.0,108.0,0.0,0.0,
2009-09-06,190.0,97.0,0.0,0.0,
2009-09-07,197.0,58.0,0.0,0.0,
2009-09-08,231.0,51.0,0.0,0.0,
2009-09-09,237.0,74.0,0.0,0.0,
2009-09-10,258.0,84.0,0.0,0.0,
2009-09-11,260.0,99.0,0.0,0.0,
2009-09-12,234.0,91.0,0.0,0.0,
2009-09-13,185.0,67.0,51.0,0.0,
2009-09-14,143.0,38.0,0.0,0.0,
2009-09-15,217.0,30.0,0.0,0.0,
2009-09-16,235.0,64.0,0.0,0.0,
2009-09-17,244.0,89.0,0.0,0.0,
2009-09-18,246.0,89.0,0.0,0.0,
2009-09-19,213.0,127.0,0.0,0.0,
2009-09-20,233.0,74.0,0.0,0.0,
2009-09-21,214.0,38.0,0.0,0.0,
2009-09-22,246.0,51.0,0.0,0.0,
2009-09-23,260.0,76.0,0.0,0.0,
2009-09-24,251.0,85.0,0.0,0.0,
2009-09-25,265.0,90.0,0.0,0.0,
2009-09-26,271.0,98.0,0.0,0.0,
2009-09-27,267.0,97.0,0.0,0.0,
2009-09-28,204.0,112.0,0.0,0.0,
2009-09-29,119.0,,0.0,0.0,
2009-09-30,95.0,-58.0,0.0,0.0,
2009-10-01,163.0,-45.0,0.0,0.0,
2009-10-02,143.0,21.0,0.0,0.0,
2009-10-03,100.0,-46.0,0.0,0.0,
2009-10-04,3.0,-78.0,102.0,25.0,
2009-10-05,62.0,-91.0,0.0,0.0,
2009-10-06,75.0,-31.0,0.0,0.0,
2009-10-07,132.0,-40.0,0.0,0.0,
2009-10-08,152.0,-2.0,0.0,0.0,
2009-10-09,164.0,21.0,0.0,0.0,
2009-10-10,166.0,-1.0,0.0,0.0,
2009-10-11,134.0,14.0,0.0,0.0,
2009-10-12,82.0,1.0,0.0,0.0,
2009-10-13,49.0,-3.0,1397.0,152.0,
2009-10-14,65.0,7.0,51.0,102.0,
2009-10-15,153.0,34.0,0.0,51.0,
2009-10-16,174.0,27.0,0.0,0.0,
2009-10-17,186.0,49.0,0.0,0.0,
2009-10-18,148.0,50.0,0.0,0.0,
2009-10-19,54.0,-28.0,127.0,0.0,
2009-10-20,126.0,-34.0,0.0,0.0,
2009-10-21,156.0,-10.0,0.0,0.0,
2009-10-22,152.0,24.0,0.0,0.0,
2009-10-23,161.0,23.0,0.0,0.0,
2009-10-24,148.0,3.0,0.0,0.0,
2009-10-25,121.0,-16.0,0.0,0.0,
2009-10-26,146.0,26.0,0.0,0.0,
2009-10-27,39.0,-82.0,0.0,0.0,
2009-10-28,-23.0,-98.0,0.0,0.0,
2009-10-29,81.0,-100.0,0.0,0.0,
2009-10-30,159.0,-11.0,0.0,0.0,
2009-10-31,161.0,13.0,0.0,0.0,
2009-11-01,185.0,41.0,0.0,0.0,
2009-11-02,197.0,44.0,0.0,0.0,
2009-11-03,201.0,59.0,0.0,0.0,
2009-11-04,149.0,52.0,0.0,0.0,
2009-11-05,92.0,4.0,0.0,0.0,
2009-11-06,85.0,6.0,0.0,0.0,
2009-11-07,87.0,-38.0,0.0,0.0,
2009-11-08,94.0,-50.0,0.0,0.0,
2009-11-09,72.0,6.0,0.0,0.0,
2009-11-10,80.0,29.0,0.0,0.0,
2009-11-11,82.0,13.0,0.0,0.0,
2009-11-12,20.0,-85.0,203.0,127.0,
2009-11-13,23.0,-97.0,0.0,102.0,
2009-11-14,38.0,-80.0,0.0,102.0,
2009-11-15,109.0,-72.0,0.0,102.0,
2009-11-16,123.0,-6.0,0.0,25.0,
2009-11-17,97.0,8.0,0.0,0.0,
2009-11-18,61.0,-55.0,0.0,0.0,
2009-11-19,114.0,-55.0,0.0,0.0,
2009-11-20,44.0,-50.0,229.0,254.0,
2009-11-21,59.0,-68.0,0.0,229.0,
2009-11-22,40.0,-61.0,0.0,203.0,
2009-11-23,70.0,-85.0,0.0,203.0,
2009-11-24,96.0,-34.0,0.0,203.0,
2009-11-25,102.0,-47.0,0.0,178.0,
2009-11-26,127.0,-18.0,0.0,178.0,
2009-11-27,39.0,-48.0,127.0,483.0,
2009-11-28,-47.0,-90.0,127.0,508.0,
2009-11-29,26.0,-120.0,0.0,432.0,
2009-11-30,112.0,-70.0,0.0,406.0,
2009-12-01,106.0,-44.0,0.0,381.0,
2009-12-02,77.0,-73.0,0.0,381.0,
2009-12-03,57.0,-93.0,0.0,356.0,
2009-12-04,89.0,-52.0,0.0,330.0,
2009-12-05,8.0,-153.0,0.0,330.0,
2009-12-06,-68.0,-107.0,178.0,584.0,
2009-12-07,-82.0,-192.0,254.0,762.0,
2009-12-08,-69.0,-189.0,0.0,660.0,
2009-12-09,10.0,-146.0,0.0,584.0,
2009-12-10,29.0,-55.0,0.0,559.0,
2009-12-11,-8.0,-23.0,203.0,762.0,
2009-12-12,-15.0,-58.0,508.0,1092.0,
2009-12-13,-29.0,-57.0,229.0,1219.0,
2009-12-14,11.0,-76.0,0.0,1092.0,
2009-12-15,24.0,-38.0,0.0,1041.0,
2009-12-16,45.0,-16.0,0.0,991.0,
2009-12-17,98.0,-31.0,0.0,965.0,
2009-12-18,99.0,-32.0,0.0,965.0,
2009-12-19,136.0,-35.0,0.0,914.0,
2009-12-20,67.0,3.0,0.0,889.0,
2009-12-21,8.0,-66.0,152.0,1041.0,
2009-12-22,-60.0,-126.0,127.0,1067.0,
2009-12-23,32.0,-155.0,0.0,1016.0,
2009-12-24,56.0,-86.0,0.0,991.0,
2009-12-25,57.0,-83.0,0.0,991.0,
2009-12-26,3.0,-78.0,0.0,965.0,
2009-12-27,7.0,-91.0,0.0,965.0,
2009-12-28,8.0,-103.0,0.0,965.0,
2009-12-29,13.0,-91.0,76.0,1041.0,
2009-12-30,-11.0,-113.0,102.0,1016.0,
2009-12-31,45.0,-81.0,0.0,991.0,
2010-01-01,15.0,-18.0,0.0,1016.0,
2010-01-02,81.0,-40.0,0.0,991.0,
2010-01-03,116.0,-42.0,0.0,965.0,
2010-01-04,87.0,-27.0,0.0,965.0,
2010-01-05,78.0,-27.0,0.0,965.0,
2010-01-06,111.0,-30.0,0.0,914.0,
2010-01-07,72.0,-38.0,0.0,914.0,
2010-01-08,72.0,-34.0,25.0,940.0,
2010-01-09,78.0,-14.0,25.0,914.0,
2010-01-10,85.0,-27.0,25.0,914.0,
2010-01-11,104.0,-14.0,0.0,889.0,
2010-01-12,40.0,-18.0,178.0,1016.0,
2010-01-13,3.0,-102.0,279.0,1219.0,
2010-01-14,51.0,-109.0,0.0,1168.0,
2010-01-15,72.0,-35.0,0.0,1143.0,
2010-01-16,56.0,-16.0,51.0,1118.0,
2010-01-17,12.0,-34.0,76.0,1194.0,
2010-01-18,-11.0,-71.0,432.0,1676.0,
2010-01-19,-46.0,-70.0,279.0,1803.0,
2010-01-20,-46.0,-78.0,559.0,2261.0,
2010-01-21,-57.0,-115.0,178.0,2337.0,
2010-01-22,-58.0,-105.0,127.0,2261.0,
2010-01-23,-32.0,-122.0,0.0,2184.0,
2010-01-24,-13.0,-117.0,127.0,2184.0,
2010-01-25,12.0,-44.0,254.0,2261.0,
2010-01-26,15.0,-59.0,0.0,2184.0,
2010-01-27,10.0,-65.0,0.0,2108.0,
2010-01-28,95.0,-108.0,0.0,2032.0,
2010-01-29,64.0,-39.0,0.0,1981.0,
2010-01-30,4.0,-101.0,76.0,1981.0,
2010-01-31,42.0,-112.0,0.0,1956.0,
2010-02-01,39.0,-53.0,0.0,1905.0,
2010-02-02,26.0,-44.0,0.0,1854.0,
2010-02-03,20.0,-63.0,0.0,1880.0,
2010-02-04,25.0,-38.0,51.0,1880.0,
2010-02-05,12.0,-39.0,76.0,1930.0,
2010-02-06,-7.0,-49.0,102.0,1981.0,
2010-02-07,10.0,-57.0,0.0,1956.0,
2010-02-08,32.0,-56.0,0.0,1905.0,
2010-02-09,-18.0,-64.0,0.0,1930.0,
2010-02-10,29.0,-115.0,25.0,1880.0,
2010-02-11,54.0,-27.0,0.0,1854.0,
2010-02-12,49.0,-54.0,25.0,1829.0,
2010-02-13,96.0,-43.0,0.0,1829.0,
2010-02-14,104.0,-32.0,0.0,1778.0,
2010-02-15,114.0,-26.0,0.0,1727.0,
2010-02-16,119.0,-27.0,0.0,1702.0,
2010-02-17,106.0,-46.0,0.0,1702.0,
2010-02-18,80.0,-28.0,0.0,1676.0,
2010-02-19,48.0,-36.0,0.0,1676.0,
2010-02-20,6.0,-54.0,51.0,1778.0,
2010-02-21,-24.0,-121.0,51.0,1803.0,
2010-02-22,12.0,-122.0,0.0,1727.0,
2010-02-23,23.0,-64.0,127.0,1905.0,
2010-02-24,13.0,-85.0,254.0,2007.0,
2010-02-25,34.0,-96.0,25.0,1930.0,
2010-02-26,35.0,-26.0,508.0,2438.0,
2010-02-27,13.0,-47.0,76.0,2337.0,
2010-02-28,39.0,-61.0,0.0,2286.0,
2010-03-01,71.0,-67.0,0.0,2210.0,
2010-03-02,-4.0,-40.0,127.0,2311.0,
2010-03-03,-34.0,-114.0,254.0,2540.0,
2010-03-04,-11.0,-115.0,0.0,2438.0,
2010-03-05,45.0,-115.0,0.0,2337.0,
2010-03-06,22.0,-49.0,0.0,2286.0,
2010-03-07,84.0,-61.0,0.0,2210.0,
2010-03-08,-23.0,-126.0,51.0,2286.0,
2010-03-09,-8.0,-152.0,0.0,2235.0,
2010-03-10,-13.0,-126.0,76.0,2261.0,
2010-03-11,68.0,-126.0,0.0,2159.0,
2010-03-12,14.0,-74.0,305.0,2515.0,
2010-03-13,-24.0,-142.0,0.0,2438.0,
2010-03-14,64.0,-134.0,0.0,2362.0,
2010-03-15,134.0,-50.0,0.0,2286.0,
2010-03-16,116.0,11.0,0.0,2210.0,
2010-03-17,131.0,-1.0,0.0,2159.0,
2010-03-18,81.0,-42.0,0.0,2134.0,
2010-03-19,137.0,-64.0,0.0,2083.0,
2010-03-20,122.0,-21.0,0.0,2032.0,
2010-03-21,80.0,13.0,0.0,2032.0,
2010-03-22,91.0,-35.0,0.0,2007.0,
2010-03-23,123.0,-90.0,0.0,1956.0,
2010-03-24,111.0,-30.0,0.0,1905.0,
2010-03-25,11.0,-63.0,102.0,2083.0,
2010-03-26,45.0,-102.0,0.0,1981.0,
2010-03-27,124.0,-86.0,0.0,1956.0,
2010-03-28,97.0,14.0,0.0,1905.0,
2010-03-29,79.0,-2.0,76.0,1930.0,
2010-03-30,0.0,-89.0,406.0,2261.0,
2010-03-31,-26.0,-136.0,102.0,2286.0,
2010-04-01,-34.0,-152.0,0.0,2235.0,
2010-04-02,-11.0,-114.0,254.0,2362.0,
2010-04-03,-8.0,-93.0,0.0,2311.0,
2010-04-04,-27.0,-78.0,254.0,2616.0,
2010-04-05,-30.0,-101.0,102.0,2692.0,
2010-04-06,75.0,-138.0,25.0,2540.0,
2010-04-07,124.0,-70.0,51.0,2413.0,
2010-04-08,99.0,-28.0,51.0,2311.0,
2010-04-09,92.0,-84.0,0.0,2261.0,
2010-04-10,56.0,-46.0,0.0,2235.0,
2010-04-11,32.0,-64.0,127.0,2489.0,
2010-04-12,-21.0,-63.0,152.0,2591.0,
2010-04-13,45.0,-90.0,0.0,2438.0,
2010-04-14,44.0,-82.0,0.0,2388.0,
2010-04-15,127.0,-23.0,0.0,2286.0,
2010-04-16,86.0,-12.0,0.0,2235.0,
2010-04-17,136.0,-35.0,0.0,2184.0,
2010-04-18,160.0,-23.0,0.0,2159.0,
2010-04-19,128.0,18.0,0.0,2083.0,
2010-04-20,34.0,-79.0,229.0,2261.0,
2010-04-21,-2.0,-84.0,127.0,2311.0,
2010-04-22,34.0,-42.0,0.0,2286.0,
2010-04-23,115.0,-41.0,0.0,2184.0,
2010-04-24,116.0,-15.0,0.0,2134.0,
2010-04-25,136.0,-30.0,0.0,2083.0,
2010-04-26,146.0,-13.0,0.0,2032.0,
2010-04-27,52.0,-67.0,254.0,2184.0,
2010-04-28,-44.0,-97.0,178.0,2464.0,
2010-04-29,-10.0,-101.0,0.0,2337.0,
2010-04-30,50.0,-73.0,0.0,2235.0,
2010-05-01,107.0,-65.0,0.0,2159.0,
2010-05-02,118.0,-59.0,0.0,2108.0,
2010-05-03,122.0,-12.0,0.0,2057.0,
2010-05-04,119.0,26.0,0.0,2032.0,
2010-05-05,72.0,-48.0,0.0,2007.0,
2010-05-06,75.0,-102.0,0.0,1956.0,
2010-05-07,107.0,-68.0,0.0,1905.0,
2010-05-08,88.0,1.0,0.0,1880.0,
2010-05-09,37.0,-64.0,0.0,1880.0,
2010-05-10,-14.0,-92.0,152.0,2261.0,
2010-05-11,39.0,-87.0,203.0,2057.0,
2010-05-12,111.0,-50.0,0.0,1956.0,
2010-05-13,117.0,-36.0,0.0,1905.0,
2010-05-14,138.0,-16.0,0.0,1854.0,
2010-05-15,148.0,1.0,0.0,1778.0,
2010-05-16,147.0,30.0,0.0,1727.0,
2010-05-17,72.0,-12.0,152.0,1753.0,
2010-05-18,78.0,-20.0,0.0,1702.0,
2010-05-19,96.0,17.0,0.0,1651.0,
2010-05-20,109.0,10.0,0.0,1600.0,
2010-05-21,35.0,-68.0,127.0,1727.0,
2010-05-22,6.0,-97.0,51.0,1702.0,
2010-05-23,40.0,-95.0,0.0,1651.0,
2010-05-24,55.0,-53.0,0.0,1626.0,
2010-05-25,89.0,-45.0,0.0,1626.0,
2010-05-26,45.0,-23.0,152.0,1626.0,
2010-05-27,22.0,-49.0,229.0,1956.0,
2010-05-28,50.0,-89.0,0.0,1702.0,
2010-05-29,143.0,-45.0,0.0,1626.0,
2010-05-30,155.0,-12.0,0.0,1549.0,
2010-05-31,137.0,55.0,0.0,1473.0,
2010-06-01,124.0,25.0,0.0,1422.0,
2010-06-02,138.0,40.0,0.0,1346.0,
2010-06-03,114.0,60.0,0.0,1245.0,
2010-06-04,130.0,61.0,25.0,1143.0,
2010-06-05,185.0,76.0,0.0,991.0,
2010-06-06,188.0,109.0,0.0,914.0,
2010-06-07,167.0,56.0,51.0,838.0,
2010-06-08,173.0,54.0,0.0,737.0,
2010-06-09,123.0,45.0,0.0,660.0,
2010-06-10,98.0,0.0,0.0,635.0,
2010-06-11,92.0,0.0,0.0,584.0,
2010-06-12,142.0,17.0,0.0,559.0,
2010-06-13,182.0,20.0,0.0,432.0,
2010-06-14,194.0,47.0,0.0,330.0,
2010-06-15,152.0,61.0,0.0,203.0,
2010-06-16,119.0,3.0,0.0,127.0,
2010-06-17,153.0,-2.0,0.0,76.0,
2010-06-18,144.0,41.0,0.0,25.0,
2010-06-19,132.0,51.0,0.0,0.0,
2010-06-20,159.0,28.0,0.0,0.0,
2010-06-21,167.0,6.0,0.0,0.0,
2010-06-22,194.0,27.0,0.0,0.0,
2010-06-23,199.0,57.0,0.0,0.0,
2010-06-24,186.0,89.0,0.0,0.0,
2010-06-25,148.0,50.0,0.0,0.0,
2010-06-26,222.0,52.0,0.0,0.0,
2010-06-27,258.0,81.0,0.0,0.0,
2010-06-28,248.0,97.0,0.0,0.0,
2010-06-29,231.0,90.0,0.0,0.0,
2010-06-30,189.0,91.0,0.0,0.0,
2010-07-01,197.0,92.0,0.0,0.0,
2010-07-02,187.0,42.0,0.0,0.0,
2010-07-03,186.0,13.0,0.0,0.0,
2010-07-04,220.0,32.0,0.0,0.0,
2010-07-05,231.0,62.0,0.0,0.0,
2010-07-06,237.0,76.0,0.0,0.0,
2010-07-07,220.0,75.0,25.0,0.0,
2010-07-08,224.0,86.0,0.0,0.0,
2010-07-09,242.0,87.0,0.0,0.0,
2010-07-10,235.0,80.0,0.0,0.0,
2010-07-11,231.0,123.0,0.0,0.0,
2010-07-12,236.0,108.0,0.0,0.0,
2010-07-13,216.0,94.0,0.0,0.0,
2010-07-14,250.0,80.0,0.0,0.0,
2010-07-15,273.0,107.0,0.0,0.0,
2010-07-16,258.0,128.0,0.0,0.0,
2010-07-17,254.0,114.0,0.0,0.0,
2010-07-18,256.0,124.0,0.0,0.0,
2010-07-19,264.0,107.0,0.0,0.0,
2010-07-20,256.0,95.0,0.0,0.0,
2010-07-21,231.0,70.0,0.0,0.0,
2010-07-22,256.0,70.0,0.0,0.0,
2010-07-23,268.0,102.0,0.0,0.0,
2010-07-24,284.0,110.0,0.0,0.0,
2010-07-25,246.0,107.0,0.0,0.0,
2010-07-26,233.0,91.0,0.0,0.0,
2010-07-27,231.0,82.0,0.0,0.0,
2010-07-28,232.0,99.0,0.0,0.0,
2010-07-29,232.0,96.0,0.0,0.0,
2010-07-30,228.0,111.0,0.0,0.0,
2010-07-31,220.0,127.0,0.0,0.0,
2010-08-01,238.0,72.0,0.0,0.0,
2010-08-02,228.0,59.0,0.0,0.0,
2010-08-03,237.0,49.0,0.0,0.0,
2010-08-04,240.0,77.0,0.0,0.0,
2010-08-05,234.0,80.0,0.0,0.0,
2010-08-06,234.0,79.0,0.0,0.0,
2010-08-07,216.0,66.0,76.0,0.0,
2010-08-08,200.0,61.0,0.0,0.0,
2010-08-09,208.0,49.0,0.0,0.0,
2010-08-10,199.0,90.0,0.0,0.0,
2010-08-11,176.0,56.0,0.0,0.0,
2010-08-12,225.0,32.0,0.0,0.0,
2010-08-13,230.0,67.0,0.0,0.0,
2010-08-14,240.0,88.0,0.0,0.0,
2010-08-15,229.0,72.0,0.0,0.0,
2010-08-16,255.0,79.0,0.0,0.0,
2010-08-17,236.0,116.0,0.0,0.0,
2010-08-18,229.0,128.0,0.0,0.0,
2010-08-19,234.0,77.0,0.0,0.0,
2010-08-20,231.0,76.0,0.0,0.0,
2010-08-21,191.0,97.0,0.0,0.0,
2010-08-22,184.0,56.0,0.0,0.0,
2010-08-23,230.0,38.0,0.0,0.0,
2010-08-24,276.0,74.0,0.0,0.0,
2010-08-25,283.0,114.0,0.0,0.0,
2010-08-26,247.0,139.0,0.0,0.0,
2010-08-27,211.0,107.0,0.0,0.0,
2010-08-28,108.0,27.0,25.0,0.0,
2010-08-29,111.0,-11.0,0.0,0.0,
2010-08-30,134.0,-11.0,0.0,0.0,
2010-08-31,204.0,-2.0,0.0,0.0,
2010-09-01,245.0,42.0,0.0,0.0,
2010-09-02,260.0,84.0,0.0,0.0,
2010-09-03,255.0,118.0,0.0,0.0,
2010-09-04,229.0,121.0,0.0,0.0,
2010-09-05,206.0,50.0,0.0,0.0,
2010-09-06,240.0,14.0,0.0,0.0,
2010-09-07,191.0,81.0,0.0,0.0,
2010-09-08,88.0,3.0,0.0,0.0,
2010-09-09,124.0,-18.0,0.0,0.0,
2010-09-10,202.0,-10.0,0.0,0.0,
2010-09-11,205.0,45.0,0.0,0.0,
2010-09-12,203.0,66.0,0.0,0.0,
2010-09-13,168.0,85.0,0.0,0.0,
2010-09-14,200.0,62.0,0.0,0.0,
2010-09-15,202.0,48.0,0.0,0.0,
2010-09-16,231.0,56.0,0.0,0.0,
2010-09-17,202.0,71.0,0.0,0.0,
2010-09-18,202.0,76.0,0.0,0.0,
2010-09-19,141.0,66.0,0.0,0.0,
2010-09-20,180.0,6.0,0.0,0.0,
2010-09-21,165.0,42.0,0.0,0.0,
2010-09-22,128.0,27.0,0.0,0.0,
2010-09-23,196.0,16.0,0.0,0.0,
2010-09-24,243.0,46.0,0.0,0.0,
2010-09-25,247.0,66.0,0.0,0.0,
2010-09-26,258.0,86.0,0.0,0.0,
2010-09-27,267.0,88.0,0.0,0.0,
2010-09-28,271.0,98.0,0.0,0.0,
2010-09-29,277.0,100.0,0.0,0.0,
2010-09-30,260.0,100.0,0.0,0.0,
2010-10-01,230.0,95.0,0.0,0.0,
2010-10-02,206.0,55.0,102.0,0.0,
2010-10-03,99.0,65.0,178.0,0.0,
2010-10-04,75.0,11.0,279.0,0.0,
2010-10-05,49.0,0.0,203.0,0.0,
2010-10-06,74.0,-10.0,0.0,0.0,
2010-10-07,41.0,-8.0,76.0,0.0,
2010-10-08,136.0,-13.0,0.0,0.0,
2010-10-09,167.0,5.0,0.0,0.0,
2010-10-10,199.0,35.0,0.0,0.0,
2010-10-11,140.0,28.0,0.0,0.0,
2010-10-12,185.0,4.0,0.0,0.0,
2010-10-13,199.0,29.0,0.0,0.0,
2010-10-14,182.0,44.0,0.0,0.0,
2010-10-15,176.0,42.0,0.0,0.0,
2010-10-16,148.0,55.0,0.0,0.0,
2010-10-17,105.0,28.0,51.0,0.0,
2010-10-18,81.0,32.0,0.0,0.0,
2010-10-19,128.0,10.0,25.0,0.0,
2010-10-20,155.0,12.0,0.0,0.0,
2010-10-21,102.0,16.0,25.0,0.0,
2010-10-22,76.0,3.0,76.0,0.0,
2010-10-23,40.0,5.0,203.0,0.0,
2010-10-24,61.0,-12.0,1219.0,0.0,
2010-10-25,34.0,-29.0,0.0,0.0,
2010-10-26,24.0,-78.0,0.0,0.0,
2010-10-27,120.0,-90.0,51.0,0.0,
2010-10-28,108.0,34.0,0.0,0.0,
2010-10-29,95.0,17.0,0.0,0.0,
2010-10-30,26.0,-9.0,0.0,0.0,
2010-10-31,89.0,-26.0,25.0,0.0,
2010-11-01,165.0,-11.0,0.0,0.0,
2010-11-02,161.0,29.0,0.0,0.0,
2010-11-03,202.0,38.0,0.0,0.0,
2010-11-04,178.0,52.0,0.0,0.0,
2010-11-05,149.0,51.0,0.0,0.0,
2010-11-06,115.0,13.0,0.0,0.0,
2010-11-07,30.0,-36.0,356.0,356.0,
2010-11-08,-3.0,-101.0,127.0,305.0,
2010-11-09,20.0,-121.0,25.0,305.0,
2010-11-10,8.0,-73.0,51.0,305.0,
2010-11-11,50.0,-69.0,0.0,305.0,
2010-11-12,100.0,-55.0,0.0,279.0,
2010-11-13,58.0,-67.0,0.0,254.0,
2010-11-14,90.0,-27.0,0.0,203.0,
2010-11-15,109.0,-10.0,0.0,203.0,
2010-11-16,110.0,-29.0,0.0,203.0,
2010-11-17,128.0,-23.0,0.0,203.0,
2010-11-18,75.0,15.0,25.0,203.0,
2010-11-19,20.0,-37.0,102.0,330.0,
2010-11-20,-36.0,-107.0,483.0,991.0,
2010-11-21,-67.0,-105.0,279.0,1219.0,
2010-11-22,-39.0,-83.0,127.0,1092.0,
2010-11-23,-56.0,-157.0,406.0,1321.0,
2010-11-24,-56.0,-180.0,0.0,1219.0,
2010-11-25,60.0,-172.0,0.0,1118.0,
2010-11-26,70.0,-49.0,0.0,1016.0,
2010-11-27,-11.0,-110.0,406.0,1473.0,
2010-11-28,-56.0,-166.0,0.0,1321.0,
2010-11-29,-1.0,-172.0,0.0,1219.0,
2010-11-30,65.0,-49.0,0.0,1143.0,
2010-12-01,79.0,4.0,0.0,1118.0,
2010-12-02,51.0,-9.0,127.0,1194.0,
2010-12-03,56.0,-9.0,0.0,1118.0,
2010-12-04,36.0,-18.0,0.0,1092.0,
2010-12-05,67.0,-20.0,178.0,1245.0,
2010-12-06,38.0,-46.0,127.0,1270.0,
2010-12-07,96.0,-44.0,0.0,1194.0,
2010-12-08,45.0,-18.0,229.0,1194.0,
2010-12-09,45.0,3.0,0.0,1143.0,
2010-12-10,51.0,12.0,0.0,1067.0,
2010-12-11,101.0,4.0,0.0,1041.0,
2010-12-12,136.0,7.0,0.0,991.0,
2010-12-13,105.0,32.0,0.0,965.0,
2010-12-14,37.0,-53.0,635.0,1549.0,
2010-12-15,-18.0,-97.0,0.0,1448.0,
2010-12-16,3.0,-117.0,0.0,1372.0,
2010-12-17,2.0,-62.0,406.0,1702.0,
2010-12-18,1.0,-18.0,762.0,1930.0,
2010-12-19,1.0,-80.0,660.0,2235.0,
2010-12-20,-45.0,-78.0,178.0,2337.0,
2010-12-21,-34.0,-65.0,0.0,2235.0,
2010-12-22,13.0,-52.0,76.0,2184.0,
2010-12-23,34.0,-93.0,0.0,2108.0,
2010-12-24,40.0,-52.0,0.0,2032.0,
2010-12-25,58.0,-53.0,102.0,2134.0,
2010-12-26,-32.0,-81.0,25.0,2134.0,
2010-12-27,47.0,-90.0,0.0,2057.0,
2010-12-28,15.0,-32.0,483.0,2362.0,
2010-12-29,-30.0,-140.0,508.0,2667.0,
2010-12-30,-82.0,-173.0,0.0,2540.0,
2010-12-31,-34.0,-167.0,0.0,2464.0,
2011-01-01,-20.0,-64.0,152.0,2540.0,
2011-01-02,-14.0,-104.0,51.0,2565.0,
2011-01-03,-15.0,-143.0,0.0,2515.0,
2011-01-04,65.0,-141.0,0.0,2464.0,
2011-01-05,91.0,-83.0,0.0,2413.0,
2011-01-06,108.0,-62.0,0.0,2362.0,
2011-01-07,97.0,-61.0,0.0,2337.0,
2011-01-08,44.0,-42.0,0.0,2311.0,
2011-01-09,4.0,-155.0,0.0,2286.0,
2011-01-10,36.0,-201.0,0.0,2261.0,
2011-01-11,0.0,-44.0,25.0,2235.0,
2011-01-12,67.0,-30.0,0.0,2235.0,
2011-01-13,52.0,-39.0,25.0,2184.0,
2011-01-14,102.0,-49.0,0.0,2159.0,
2011-01-15,120.0,-12.0,0.0,2134.0,
2011-01-16,129.0,27.0,0.0,2108.0,
2011-01-17,142.0,2.0,0.0,2083.0,
2011-01-18,108.0,-16.0,0.0,2057.0,
2011-01-19,33.0,-67.0,0.0,2057.0,
2011-01-20,122.0,-76.0,0.0,2032.0,
2011-01-21,150.0,-27.0,0.0,2007.0,
2011-01-22,69.0,-45.0,0.0,2007.0,
2011-01-23,100.0,-57.0,0.0,2007.0,
2011-01-24,86.0,-34.0,0.0,1981.0,
2011-01-25,104.0,-43.0,0.0,1981.0,
2011-01-26,98.0,-59.0,0.0,1981.0,
2011-01-27,119.0,-46.0,0.0,1956.0,
2011-01-28,109.0,-13.0,0.0,1956.0,
2011-01-29,61.0,-30.0,0.0,1930.0,
2011-01-30,7.0,-97.0,254.0,2235.0,
2011-01-31,34.0,-106.0,0.0,2184.0,
2011-02-01,-20.0,-138.0,0.0,2159.0,
2011-02-02,18.0,-168.0,0.0,2134.0,
2011-02-03,81.0,-88.0,0.0,2083.0,
2011-02-04,96.0,-54.0,0.0,2057.0,
2011-02-05,96.0,-34.0,0.0,2032.0,
2011-02-06,89.0,-18.0,0.0,2007.0,
2011-02-07,99.0,-83.0,0.0,2007.0,
2011-02-08,-18.0,-111.0,0.0,1981.0,
2011-02-09,10.0,-152.0,0.0,1981.0,
2011-02-10,68.0,-115.0,0.0,1956.0,
2011-02-11,88.0,-81.0,0.0,1956.0,
2011-02-12,98.0,-18.0,0.0,1930.0,
2011-02-13,104.0,10.0,0.0,1905.0,
2011-02-14,21.0,-42.0,51.0,1956.0,
2011-02-15,35.0,-46.0,51.0,1981.0,
2011-02-16,-30.0,-106.0,508.0,2540.0,
2011-02-17,-69.0,-103.0,406.0,3099.0,
2011-02-18,-18.0,-76.0,610.0,3378.0,
2011-02-19,-37.0,-160.0,0.0,3327.0,
2011-02-20,-35.0,-159.0,0.0,3175.0,
2011-02-21,-24.0,-143.0,0.0,3048.0,
2011-02-22,21.0,-143.0,0.0,2972.0,
2011-02-23,13.0,-117.0,0.0,2921.0,
2011-02-24,-50.0,-88.0,152.0,3048.0,
2011-02-25,-50.0,-141.0,508.0,3404.0,
2011-02-26,-53.0,-193.0,0.0,3251.0,
2011-02-27,36.0,-179.0,0.0,3124.0,
2011-02-28,24.0,-76.0,0.0,3048.0,
2011-03-01,67.0,-61.0,0.0,2972.0,
2011-03-02,13.0,-40.0,432.0,3150.0,
2011-03-03,7.0,-100.0,0.0,3150.0,
2011-03-04,60.0,-115.0,0.0,3073.0,
2011-03-05,81.0,-22.0,0.0,2997.0,
2011-03-06,26.0,-25.0,127.0,3200.0,
2011-03-07,-18.0,-69.0,0.0,3226.0,
2011-03-08,49.0,-74.0,0.0,3099.0,
2011-03-09,91.0,-13.0,0.0,3048.0,
2011-03-10,62.0,-13.0,0.0,3023.0,
2011-03-11,58.0,-25.0,0.0,2946.0,
2011-03-12,64.0,-38.0,0.0,2921.0,
2011-03-13,39.0,-34.0,76.0,3023.0,
2011-03-14,37.0,-27.0,254.0,3023.0,
2011-03-15,48.0,-20.0,254.0,3124.0,
2011-03-16,4.0,-98.0,381.0,3226.0,
2011-03-17,-13.0,-114.0,0.0,3175.0,
2011-03-18,-26.0,-94.0,76.0,3454.0,
2011-03-19,-43.0,-100.0,203.0,3734.0,
2011-03-20,-42.0,-70.0,457.0,4089.0,
2011-03-21,-41.0,-92.0,178.0,4064.0,
2011-03-22,-7.0,-105.0,0.0,3886.0,
2011-03-23,-21.0,-81.0,254.0,4115.0,
2011-03-24,-53.0,-91.0,406.0,4572.0,
2011-03-25,-41.0,-97.0,203.0,4394.0,
2011-03-26,-20.0,-69.0,254.0,4420.0,
2011-03-27,13.0,-46.0,0.0,4267.0,
2011-03-28,104.0,-61.0,0.0,4140.0,
2011-03-29,97.0,-28.0,0.0,3988.0,
2011-03-30,142.0,-11.0,0.0,3861.0,
2011-03-31,202.0,16.0,0.0,3734.0,
2011-04-01,177.0,48.0,229.0,3632.0,
2011-04-02,87.0,-32.0,0.0,3581.0,
2011-04-03,76.0,-71.0,0.0,3531.0,
2011-04-04,150.0,-54.0,0.0,3454.0,
2011-04-05,97.0,-31.0,0.0,3404.0,
2011-04-06,85.0,-50.0,0.0,3378.0,
2011-04-07,-44.0,-162.0,254.0,3632.0,
2011-04-08,-7.0,-159.0,0.0,3531.0,
2011-04-09,1.0,-128.0,0.0,3480.0,
2011-04-10,86.0,-94.0,0.0,3404.0,
2011-04-11,72.0,-44.0,0.0,3353.0,
2011-04-12,75.0,-52.0,0.0,3302.0,
2011-04-13,-16.0,-105.0,229.0,3353.0,
2011-04-14,65.0,-101.0,0.0,3302.0,
2011-04-15,90.0,7.0,76.0,3251.0,
2011-04-16,136.0,-4.0,229.0,3226.0,
2011-04-17,128.0,10.0,229.0,3150.0,
2011-04-18,46.0,-20.0,25.0,3150.0,
2011-04-19,96.0,-8.0,0.0,3124.0,
2011-04-20,32.0,-14.0,51.0,3175.0,
2011-04-21,48.0,-47.0,25.0,3175.0,
2011-04-22,64.0,-62.0,51.0,3226.0,
2011-04-23,35.0,-34.0,51.0,3226.0,
2011-04-24,41.0,-18.0,25.0,3200.0,
2011-04-25,36.0,-37.0,51.0,3200.0,
2011-04-26,81.0,-54.0,0.0,3175.0,
2011-04-27,109.0,-29.0,0.0,3124.0,
2011-04-28,66.0,-34.0,0.0,3099.0,
2011-04-29,40.0,-100.0,0.0,3073.0,
2011-04-30,65.0,-85.0,0.0,3048.0,
2011-05-01,117.0,-70.0,0.0,2997.0,
2011-05-02,119.0,-18.0,0.0,2946.0,
2011-05-03,140.0,1.0,0.0,2921.0,
2011-05-04,154.0,-27.0,0.0,2870.0,
2011-05-05,168.0,28.0,0.0,2819.0,
2011-05-06,158.0,74.0,0.0,2769.0,
2011-05-07,117.0,-9.0,0.0,2743.0,
2011-05-08,57.0,-57.0,0.0,2718.0,
2011-05-09,22.0,-74.0,51.0,2769.0,
2011-05-10,118.0,-72.0,0.0,2692.0,
2011-05-11,129.0,-14.0,0.0,2642.0,
2011-05-12,130.0,40.0,0.0,2591.0,
2011-05-13,167.0,30.0,0.0,2515.0,
2011-05-14,85.0,-28.0,0.0,2515.0,
2011-05-15,-21.0,-85.0,127.0,2819.0,
2011-05-16,23.0,-108.0,76.0,2743.0,
2011-05-17,-8.0,-44.0,254.0,2997.0,
2011-05-18,47.0,-53.0,0.0,2819.0,
2011-05-19,94.0,-48.0,0.0,2718.0,
2011-05-20,138.0,-22.0,0.0,2667.0,
2011-05-21,130.0,12.0,0.0,2565.0,
2011-05-22,114.0,-14.0,0.0,2540.0,
2011-05-23,86.0,-27.0,0.0,2464.0,
2011-05-24,112.0,-42.0,0.0,2413.0,
2011-05-25,69.0,-37.0,76.0,2464.0,
2011-05-26,72.0,-29.0,0.0,2388.0,
2011-05-27,70.0,3.0,0.0,2337.0,
2011-05-28,38.0,-73.0,51.0,2489.0,
2011-05-29,38.0,-80.0,0.0,2362.0,
2011-05-30,69.0,-56.0,76.0,2311.0,
2011-05-31,60.0,7.0,0.0,2286.0,
2011-06-01,23.0,-55.0,76.0,2388.0,
2011-06-02,51.0,-53.0,25.0,2311.0,
2011-06-03,100.0,-58.0,25.0,2261.0,
2011-06-04,54.0,4.0,229.0,2210.0,
2011-06-05,92.0,1.0,0.0,2235.0,
2011-06-06,66.0,-18.0,76.0,2134.0,
2011-06-07,141.0,-18.0,0.0,2083.0,
2011-06-08,136.0,5.0,0.0,2057.0,
2011-06-09,170.0,7.0,0.0,1956.0,
2011-06-10,154.0,22.0,0.0,1905.0,
2011-06-11,140.0,8.0,0.0,1854.0,
2011-06-12,165.0,8.0,0.0,1753.0,
2011-06-13,160.0,47.0,0.0,1676.0,
2011-06-14,213.0,47.0,0.0,1626.0,
2011-06-15,198.0,69.0,0.0,1524.0,
2011-06-16,161.0,28.0,0.0,1473.0,
2011-06-17,171.0,12.0,0.0,1422.0,
2011-06-18,168.0,34.0,0.0,1321.0,
2011-06-19,170.0,36.0,0.0,1245.0,
2011-06-20,230.0,25.0,0.0,1168.0,
2011-06-21,238.0,70.0,0.0,1092.0,
2011-06-22,225.0,99.0,0.0,991.0,
2011-06-23,187.0,101.0,0.0,914.0,
2011-06-24,178.0,90.0,0.0,813.0,
2011-06-25,177.0,84.0,0.0,762.0,
2011-06-26,192.0,55.0,0.0,686.0,
2011-06-27,196.0,66.0,0.0,610.0,
2011-06-28,134.0,36.0,203.0,533.0,
2011-06-29,104.0,2.0,229.0,483.0,
2011-06-30,177.0,7.0,0.0,457.0,
2011-07-01,226.0,48.0,0.0,356.0,
2011-07-02,243.0,78.0,0.0,279.0,
2011-07-03,249.0,104.0,0.0,203.0,
2011-07-04,243.0,91.0,0.0,102.0,
2011-07-05,246.0,87.0,0.0,0.0,
2011-07-06,238.0,70.0,330.0,0.0,
2011-07-07,205.0,84.0,0.0,0.0,
2011-07-08,220.0,80.0,0.0,0.0,
2011-07-09,212.0,84.0,0.0,0.0,
2011-07-10,210.0,72.0,0.0,0.0,
2011-07-11,190.0,77.0,25.0,0.0,
2011-07-12,196.0,61.0,0.0,0.0,
2011-07-13,155.0,70.0,0.0,0.0,
2011-07-14,172.0,35.0,0.0,0.0,
2011-07-15,165.0,46.0,0.0,0.0,
2011-07-16,166.0,27.0,0.0,0.0,
2011-07-17,179.0,36.0,0.0,0.0,
2011-07-18,194.0,97.0,0.0,0.0,
2011-07-19,195.0,72.0,0.0,0.0,
2011-07-20,210.0,47.0,0.0,0.0,
2011-07-21,218.0,51.0,0.0,0.0,
2011-07-22,218.0,61.0,0.0,0.0,
2011-07-23,238.0,82.0,0.0,0.0,
2011-07-24,240.0,112.0,0.0,0.0,
2011-07-25,220.0,91.0,0.0,0.0,
2011-07-26,220.0,75.0,0.0,0.0,
2011-07-27,229.0,55.0,0.0,0.0,
2011-07-28,258.0,85.0,0.0,0.0,
2011-07-29,265.0,101.0,0.0,0.0,
2011-07-30,240.0,102.0,0.0,0.0,
2011-07-31,228.0,106.0,0.0,0.0,
2011-08-01,229.0,107.0,0.0,0.0,
2011-08-02,219.0,95.0,0.0,0.0,
2011-08-03,231.0,97.0,0.0,0.0,
2011-08-04,203.0,76.0,0.0,0.0,
2011-08-05,221.0,47.0,0.0,0.0,
2011-08-06,215.0,61.0,0.0,0.0,
2011-08-07,213.0,55.0,0.0,0.0,
2011-08-08,222.0,74.0,0.0,0.0,
2011-08-09,224.0,72.0,0.0,0.0,
2011-08-10,221.0,49.0,25.0,0.0,
2011-08-11,229.0,60.0,0.0,0.0,
2011-08-12,240.0,61.0,0.0,0.0,
2011-08-13,238.0,107.0,0.0,0.0,
2011-08-14,208.0,110.0,0.0,0.0,
2011-08-15,201.0,68.0,0.0,0.0,
2011-08-16,225.0,50.0,0.0,0.0,
2011-08-17,240.0,72.0,0.0,0.0,
2011-08-18,247.0,71.0,0.0,0.0,
2011-08-19,230.0,74.0,0.0,0.0,
2011-08-20,217.0,71.0,0.0,0.0,
2011-08-21,221.0,70.0,0.0,0.0,
2011-08-22,227.0,97.0,0.0,0.0,
2011-08-23,243.0,87.0,0.0,0.0,
2011-08-24,245.0,117.0,0.0,0.0,
2011-08-25,238.0,100.0,0.0,0.0,
2011-08-26,252.0,92.0,0.0,0.0,
2011-08-27,245.0,124.0,0.0,0.0,
2011-08-28,248.0,102.0,0.0,0.0,
2011-08-29,242.0,130.0,0.0,0.0,
2011-08-30,231.0,70.0,0.0,0.0,
2011-08-31,220.0,90.0,0.0,0.0,
2011-09-01,226.0,51.0,25.0,0.0,
2011-09-02,242.0,45.0,0.0,0.0,
2011-09-03,245.0,71.0,0.0,0.0,
2011-09-04,229.0,81.0,0.0,0.0,
2011-09-05,211.0,72.0,0.0,0.0,
2011-09-06,240.0,68.0,0.0,0.0,
2011-09-07,237.0,87.0,0.0,0.0,
2011-09-08,220.0,88.0,0.0,0.0,
2011-09-09,225.0,78.0,0.0,0.0,
2011-09-10,200.0,67.0,0.0,0.0,
2011-09-11,167.0,54.0,102.0,0.0,
2011-09-12,168.0,46.0,178.0,0.0,
2011-09-13,180.0,30.0,0.0,0.0,
2011-09-14,188.0,48.0,0.0,0.0,
2011-09-15,178.0,59.0,0.0,0.0,
2011-09-16,155.0,52.0,0.0,0.0,
2011-09-17,182.0,14.0,0.0,0.0,
2011-09-18,227.0,42.0,0.0,0.0,
2011-09-19,229.0,71.0,0.0,0.0,
2011-09-20,226.0,75.0,0.0,0.0,
2011-09-21,237.0,77.0,0.0,0.0,
2011-09-22,244.0,80.0,0.0,0.0,
2011-09-23,240.0,90.0,0.0,0.0,
2011-09-24,209.0,66.0,0.0,0.0,
2011-09-25,139.0,55.0,0.0,0.0,
2011-09-26,215.0,36.0,0.0,0.0,
2011-09-27,230.0,79.0,0.0,0.0,
2011-09-28,244.0,79.0,0.0,0.0,
2011-09-29,221.0,87.0,0.0,0.0,
2011-09-30,215.0,81.0,0.0,0.0,
2011-10-01,162.0,88.0,0.0,0.0,
2011-10-02,139.0,84.0,0.0,0.0,
2011-10-03,121.0,32.0,25.0,0.0,
2011-10-04,,,127.0,102.0,
2011-10-05,1.0,-53.0,483.0,330.0,
2011-10-06,42.0,-82.0,51.0,279.0,
2011-10-07,89.0,-81.0,0.0,152.0,
2011-10-08,136.0,-21.0,0.0,76.0,
2011-10-09,129.0,-20.0,0.0,51.0,
2011-10-10,74.0,23.0,102.0,25.0,
2011-10-11,128.0,29.0,25.0,0.0,
2011-10-12,199.0,42.0,0.0,0.0,
2011-10-13,194.0,69.0,0.0,0.0,
2011-10-14,191.0,111.0,0.0,0.0,
2011-10-15,184.0,74.0,0.0,0.0,
2011-10-16,151.0,38.0,0.0,0.0,
2011-10-17,158.0,18.0,0.0,0.0,
2011-10-18,190.0,14.0,0.0,0.0,
2011-10-19,153.0,29.0,25.0,0.0,
2011-10-20,166.0,13.0,0.0,0.0,
2011-10-21,177.0,33.0,0.0,0.0,
2011-10-22,198.0,21.0,0.0,0.0,
2011-10-23,191.0,36.0,0.0,0.0,
2011-10-24,136.0,52.0,0.0,0.0,
2011-10-25,108.0,-49.0,51.0,0.0,
2011-10-26,66.0,-91.0,0.0,0.0,
2011-10-27,133.0,-40.0,0.0,0.0,
2011-10-28,147.0,-13.0,0.0,0.0,
2011-10-29,150.0,13.0,0.0,0.0,
2011-10-30,160.0,2.0,0.0,0.0,
2011-10-31,148.0,26.0,0.0,0.0,
2011-11-01,47.0,-63.0,0.0,0.0,
2011-11-02,124.0,-68.0,0.0,0.0,
2011-11-03,55.0,-72.0,203.0,127.0,
2011-11-04,-11.0,-128.0,25.0,152.0,
2011-11-05,-37.0,-136.0,0.0,152.0,
2011-11-06,0.0,-91.0,76.0,178.0,
2011-11-07,15.0,-109.0,0.0,178.0,
2011-11-08,70.0,-108.0,0.0,178.0,
2011-11-09,104.0,-68.0,0.0,152.0,
2011-11-10,107.0,-8.0,0.0,127.0,
2011-11-11,51.0,-14.0,0.0,127.0,
2011-11-12,57.0,-31.0,0.0,127.0,
2011-11-13,106.0,-3.0,0.0,127.0,
2011-11-14,89.0,-21.0,0.0,127.0,
2011-11-15,81.0,-30.0,0.0,152.0,
2011-11-16,85.0,-31.0,0.0,102.0,
2011-11-17,65.0,-6.0,0.0,127.0,
2011-11-18,2.0,-57.0,102.0,152.0,
2011-11-19,-9.0,-72.0,0.0,178.0,
2011-11-20,-7.0,-94.0,102.0,279.0,
2011-11-21,20.0,-93.0,0.0,254.0,
2011-11-22,64.0,-10.0,0.0,229.0,
2011-11-23,72.0,8.0,0.0,229.0,
2011-11-24,17.0,-32.0,0.0,229.0,
2011-11-25,86.0,-21.0,0.0,229.0,
2011-11-26,154.0,-20.0,0.0,203.0,
2011-11-27,118.0,42.0,0.0,178.0,
2011-11-28,108.0,13.0,0.0,178.0,
2011-11-29,130.0,17.0,0.0,178.0,
2011-11-30,90.0,-73.0,51.0,203.0,
2011-12-01,-37.0,-94.0,0.0,203.0,
2011-12-02,48.0,-98.0,0.0,203.0,
2011-12-03,-14.0,-127.0,0.0,203.0,
2011-12-04,49.0,-98.0,0.0,203.0,
2011-12-05,4.0,-116.0,0.0,203.0,
2011-12-06,76.0,-82.0,0.0,203.0,
2011-12-07,80.0,-44.0,0.0,203.0,
2011-12-08,56.0,-64.0,0.0,203.0,
2011-12-09,97.0,-63.0,0.0,203.0,
2011-12-10,71.0,-47.0,0.0,203.0,
2011-12-11,30.0,-76.0,0.0,203.0,
2011-12-12,-13.0,-101.0,0.0,229.0,
2011-12-13,7.0,-116.0,0.0,203.0,
2011-12-14,40.0,-107.0,0.0,203.0,
2011-12-15,-23.0,-72.0,0.0,203.0,
2011-12-16,3.0,-81.0,0.0,229.0,
2011-12-17,76.0,-87.0,0.0,203.0,
2011-12-18,102.0,-42.0,0.0,203.0,
2011-12-19,-24.0,-92.0,0.0,203.0,
2011-12-20,38.0,-102.0,0.0,203.0,
2011-12-21,57.0,-120.0,0.0,229.0,
2011-12-22,-9.0,-155.0,0.0,229.0,
2011-12-23,74.0,-87.0,0.0,229.0,
2011-12-24,68.0,-69.0,0.0,203.0,
2011-12-25,85.0,-25.0,0.0,203.0,
2011-12-26,86.0,-11.0,0.0,203.0,
2011-12-27,118.0,-27.0,0.0,178.0,
2011-12-28,107.0,6.0,0.0,178.0,
2011-12-29,97.0,-6.0,0.0,152.0,
2011-12-30,62.0,-8.0,0.0,152.0,
2011-12-31,104.0,-18.0,0.0,178.0,
2012-01-01,160.0,-13.0,0.0,152.0,
2012-01-02,102.0,46.0,0.0,152.0,
2012-01-03,121.0,25.0,0.0,127.0,
2012-01-04,146.0,27.0,0.0,152.0,
2012-01-05,105.0,8.0,0.0,127.0,
2012-01-06,94.0,4.0,0.0,127.0,
2012-01-07,10.0,-72.0,25.0,152.0,
2012-01-08,89.0,-73.0,0.0,127.0,
2012-01-09,136.0,-24.0,0.0,127.0,
2012-01-10,107.0,-38.0,0.0,127.0,
2012-01-11,78.0,-62.0,0.0,127.0,
2012-01-12,67.0,-78.0,0.0,152.0,
2012-01-13,121.0,-42.0,0.0,127.0,
2012-01-14,96.0,-7.0,0.0,102.0,
2012-01-15,24.0,-66.0,0.0,127.0,
2012-01-16,-37.0,-143.0,25.0,127.0,
2012-01-17,12.0,-89.0,0.0,127.0,
2012-01-18,34.0,-38.0,0.0,102.0,
2012-01-19,33.0,-34.0,0.0,203.0,
2012-01-20,33.0,4.0,635.0,203.0,
2012-01-21,15.0,-120.0,305.0,533.0,
2012-01-22,-22.0,-99.0,279.0,635.0,
2012-01-23,0.0,-52.0,483.0,914.0,
2012-01-24,64.0,-92.0,0.0,813.0,
2012-01-25,105.0,-11.0,0.0,762.0,
2012-01-26,54.0,-38.0,0.0,711.0,
2012-01-27,14.0,-100.0,0.0,686.0,
2012-01-28,89.0,-96.0,0.0,660.0,
2012-01-29,98.0,-26.0,0.0,660.0,
2012-01-30,85.0,-28.0,0.0,660.0,
2012-01-31,94.0,-45.0,0.0,635.0,
2012-02-01,23.0,-69.0,76.0,686.0,
2012-02-02,32.0,-116.0,0.0,686.0,
2012-02-03,50.0,-128.0,0.0,686.0,
2012-02-04,33.0,-120.0,0.0,686.0,
2012-02-05,45.0,-111.0,0.0,686.0,
2012-02-06,99.0,-93.0,0.0,660.0,
2012-02-07,30.0,-40.0,0.0,635.0,
2012-02-08,91.0,-62.0,0.0,660.0,
2012-02-09,111.0,-25.0,0.0,610.0,
2012-02-10,64.0,0.0,0.0,610.0,
2012-02-11,45.0,-40.0,0.0,635.0,
2012-02-12,45.0,-83.0,25.0,660.0,
2012-02-13,-18.0,-98.0,152.0,787.0,
2012-02-14,33.0,-71.0,25.0,762.0,
2012-02-15,-60.0,-110.0,51.0,838.0,
2012-02-16,41.0,-109.0,0.0,813.0,
2012-02-17,96.0,-50.0,0.0,762.0,
2012-02-18,17.0,-72.0,0.0,762.0,
2012-02-19,26.0,-112.0,0.0,762.0,
2012-02-20,35.0,-61.0,0.0,762.0,
2012-02-21,86.0,-61.0,0.0,737.0,
2012-02-22,138.0,-24.0,0.0,686.0,
2012-02-23,91.0,-39.0,0.0,686.0,
2012-02-24,124.0,-37.0,0.0,660.0,
2012-02-25,39.0,-102.0,0.0,686.0,
2012-02-26,39.0,-122.0,0.0,660.0,
2012-02-27,-31.0,-120.0,178.0,914.0,
2012-02-28,-30.0,-144.0,25.0,864.0,
2012-02-29,-40.0,-92.0,381.0,1219.0,
2012-03-01,-37.0,-92.0,76.0,1219.0,
2012-03-02,65.0,-149.0,0.0,1143.0,
2012-03-03,143.0,-69.0,0.0,1067.0,
2012-03-04,137.0,-14.0,0.0,991.0,
2012-03-05,99.0,5.0,0.0,965.0,
2012-03-06,6.0,-144.0,127.0,1143.0,
2012-03-07,13.0,-158.0,0.0,1041.0,
2012-03-08,117.0,-93.0,0.0,991.0,
2012-03-09,132.0,-28.0,0.0,940.0,
2012-03-10,95.0,-2.0,0.0,889.0,
2012-03-11,17.0,-31.0,0.0,914.0,
2012-03-12,41.0,-35.0,25.0,889.0,
2012-03-13,-2.0,-34.0,76.0,940.0,
2012-03-14,12.0,-18.0,152.0,1041.0,
2012-03-15,26.0,1.0,279.0,1041.0,
2012-03-16,6.0,-39.0,762.0,1905.0,
2012-03-17,-9.0,-85.0,229.0,1803.0,
2012-03-18,-61.0,-131.0,127.0,1930.0,
2012-03-19,0.0,-166.0,0.0,1803.0,
2012-03-20,68.0,-35.0,0.0,1575.0,
2012-03-21,97.0,-10.0,0.0,1524.0,
2012-03-22,82.0,0.0,0.0,1448.0,
2012-03-23,46.0,-42.0,76.0,1448.0,
2012-03-24,61.0,-15.0,0.0,1397.0,
2012-03-25,3.0,-59.0,76.0,1448.0,
2012-03-26,0.0,-73.0,25.0,1473.0,
2012-03-27,42.0,-49.0,127.0,1600.0,
2012-03-28,3.0,-28.0,229.0,1651.0,
2012-03-29,65.0,-29.0,0.0,1575.0,
2012-03-30,90.0,-4.0,0.0,1499.0,
2012-03-31,28.0,-82.0,178.0,1803.0,
2012-04-01,14.0,-86.0,51.0,1651.0,
2012-04-02,78.0,-99.0,0.0,1575.0,
2012-04-03,108.0,-18.0,0.0,1499.0,
2012-04-04,13.0,-93.0,51.0,1549.0,
2012-04-05,-21.0,-133.0,0.0,1549.0,
2012-04-06,45.0,-162.0,0.0,1499.0,
2012-04-07,97.0,-27.0,0.0,1473.0,
2012-04-08,119.0,-18.0,0.0,1448.0,
2012-04-09,128.0,22.0,0.0,1422.0,
2012-04-10,88.0,0.0,0.0,1397.0,
2012-04-11,5.0,-66.0,76.0,1499.0,
2012-04-12,-21.0,-62.0,127.0,1702.0,
2012-04-13,-18.0,-85.0,330.0,1880.0,
2012-04-14,42.0,-97.0,0.0,1753.0,
2012-04-15,80.0,-73.0,0.0,1626.0,
2012-04-16,107.0,-24.0,0.0,1549.0,
2012-04-17,111.0,-3.0,0.0,1473.0,
2012-04-18,105.0,13.0,0.0,1448.0,
2012-04-19,151.0,11.0,0.0,1397.0,
2012-04-20,186.0,27.0,0.0,1346.0,
2012-04-21,199.0,45.0,0.0,1295.0,
2012-04-22,196.0,45.0,0.0,1245.0,
2012-04-23,182.0,44.0,0.0,1194.0,
2012-04-24,154.0,45.0,0.0,1143.0,
2012-04-25,67.0,29.0,102.0,1041.0,
2012-04-26,37.0,-44.0,254.0,1118.0,
2012-04-27,119.0,-73.0,0.0,1067.0,
2012-04-28,142.0,-27.0,0.0,1041.0,
2012-04-29,153.0,-12.0,0.0,991.0,
2012-04-30,142.0,50.0,0.0,914.0,
2012-05-01,119.0,33.0,0.0,889.0,
2012-05-02,117.0,8.0,0.0,864.0,
2012-05-03,71.0,3.0,0.0,838.0,
2012-05-04,72.0,-44.0,0.0,813.0,
2012-05-05,96.0,-62.0,0.0,762.0,
2012-05-06,120.0,-42.0,0.0,762.0,
2012-05-07,148.0,-25.0,0.0,711.0,
2012-05-08,194.0,4.0,0.0,635.0,
2012-05-09,179.0,38.0,0.0,584.0,
2012-05-10,171.0,17.0,0.0,533.0,
2012-05-11,167.0,-8.0,0.0,483.0,
2012-05-12,195.0,10.0,0.0,381.0,
2012-05-13,211.0,40.0,0.0,330.0,
2012-05-14,156.0,17.0,0.0,279.0,
2012-05-15,190.0,2.0,0.0,203.0,
2012-05-16,198.0,65.0,0.0,102.0,
2012-05-17,137.0,13.0,0.0,51.0,
2012-05-18,151.0,-18.0,0.0,0.0,
2012-05-19,168.0,5.0,0.0,0.0,
2012-05-20,214.0,44.0,0.0,0.0,
2012-05-21,183.0,77.0,0.0,0.0,
2012-05-22,153.0,40.0,0.0,0.0,
2012-05-23,133.0,-4.0,0.0,0.0,
2012-05-24,123.0,-11.0,0.0,0.0,
2012-05-25,16.0,-42.0,25.0,0.0,
2012-05-26,20.0,-29.0,25.0,0.0,
2012-05-27,104.0,-41.0,0.0,0.0,
2012-05-28,139.0,-12.0,0.0,0.0,
2012-05-29,170.0,15.0,0.0,0.0,
2012-05-30,212.0,35.0,0.0,0.0,
2012-05-31,237.0,61.0,0.0,0.0,
2012-06-01,247.0,80.0,0.0,0.0,
2012-06-02,204.0,102.0,0.0,0.0,
2012-06-03,205.0,96.0,0.0,0.0,
2012-06-04,99.0,-47.0,229.0,0.0,
2012-06-05,56.0,-61.0,0.0,0.0,
2012-06-06,139.0,-46.0,0.0,0.0,
2012-06-07,162.0,2.0,0.0,0.0,
2012-06-08,147.0,54.0,0.0,0.0,
2012-06-09,158.0,-8.0,0.0,0.0,
2012-06-10,166.0,-18.0,0.0,0.0,
2012-06-11,210.0,26.0,0.0,0.0,
2012-06-12,212.0,74.0,0.0,0.0,
2012-06-13,228.0,57.0,0.0,0.0,
2012-06-14,222.0,66.0,0.0,0.0,
2012-06-15,225.0,58.0,0.0,0.0,
2012-06-16,253.0,69.0,0.0,0.0,
2012-06-17,252.0,99.0,0.0,0.0,
2012-06-18,199.0,107.0,0.0,0.0,
2012-06-19,200.0,68.0,0.0,0.0,
2012-06-20,251.0,35.0,0.0,0.0,
2012-06-21,203.0,97.0,0.0,0.0,
2012-06-22,153.0,50.0,0.0,0.0,
2012-06-23,110.0,45.0,0.0,0.0,
2012-06-24,148.0,45.0,0.0,0.0,
2012-06-25,137.0,37.0,0.0,0.0,
2012-06-26,173.0,30.0,0.0,0.0,
2012-06-27,201.0,27.0,0.0,0.0,
2012-06-28,201.0,91.0,0.0,0.0,
2012-06-29,205.0,72.0,0.0,0.0,
2012-06-30,203.0,67.0,0.0,0.0,
2012-07-01,205.0,58.0,0.0,0.0,
2012-07-02,235.0,71.0,0.0,0.0,
2012-07-03,225.0,74.0,0.0,0.0,
2012-07-04,216.0,91.0,0.0,0.0,
2012-07-05,204.0,105.0,0.0,0.0,
2012-07-06,224.0,81.0,0.0,0.0,
2012-07-07,255.0,78.0,0.0,0.0,
2012-07-08,249.0,87.0,0.0,0.0,
2012-07-09,258.0,106.0,0.0,0.0,
2012-07-10,271.0,114.0,0.0,0.0,
2012-07-11,276.0,141.0,0.0,0.0,
2012-07-12,271.0,150.0,0.0,0.0,
2012-07-13,243.0,107.0,0.0,0.0,
2012-07-14,234.0,122.0,0.0,0.0,
2012-07-15,233.0,74.0,0.0,0.0,
2012-07-16,192.0,86.0,25.0,0.0,
2012-07-17,172.0,78.0,0.0,0.0,
2012-07-18,196.0,61.0,0.0,0.0,
2012-07-19,184.0,97.0,0.0,0.0,
2012-07-20,221.0,104.0,0.0,0.0,
2012-07-21,251.0,86.0,0.0,0.0,
2012-07-22,254.0,119.0,0.0,0.0,
2012-07-23,221.0,94.0,0.0,0.0,
2012-07-24,229.0,71.0,0.0,0.0,
2012-07-25,243.0,90.0,0.0,0.0,
2012-07-26,238.0,87.0,0.0,0.0,
2012-07-27,231.0,80.0,0.0,0.0,
2012-07-28,234.0,72.0,0.0,0.0,
2012-07-29,252.0,84.0,0.0,0.0,
2012-07-30,255.0,96.0,0.0,0.0,
2012-07-31,266.0,98.0,0.0,0.0,
2012-08-01,269.0,87.0,0.0,0.0,
2012-08-02,272.0,100.0,0.0,0.0,
2012-08-03,269.0,130.0,0.0,0.0,
2012-08-04,275.0,89.0,0.0,0.0,
2012-08-05,235.0,74.0,0.0,0.0,
2012-08-06,247.0,94.0,0.0,0.0,
2012-08-07,257.0,118.0,0.0,0.0,
2012-08-08,266.0,130.0,0.0,0.0,
2012-08-09,277.0,130.0,0.0,0.0,
2012-08-10,272.0,142.0,0.0,0.0,
2012-08-11,283.0,127.0,0.0,0.0,
2012-08-12,261.0,136.0,0.0,0.0,
2012-08-13,254.0,107.0,254.0,0.0,
2012-08-14,244.0,107.0,178.0,0.0,
2012-08-15,237.0,107.0,0.0,0.0,
2012-08-16,262.0,99.0,0.0,0.0,
2012-08-17,247.0,95.0,152.0,0.0,
2012-08-18,206.0,120.0,0.0,0.0,
2012-08-19,240.0,102.0,102.0,0.0,
2012-08-20,242.0,94.0,0.0,0.0,
2012-08-21,230.0,109.0,0.0,0.0,
2012-08-22,226.0,97.0,0.0,0.0,
2012-08-23,243.0,94.0,0.0,0.0,
2012-08-24,240.0,98.0,0.0,0.0,
2012-08-25,230.0,128.0,0.0,0.0,
2012-08-26,204.0,115.0,0.0,0.0,
2012-08-27,213.0,99.0,0.0,0.0,
2012-08-28,221.0,106.0,0.0,0.0,
2012-08-29,236.0,110.0,0.0,0.0,
2012-08-30,237.0,97.0,51.0,0.0,
2012-08-31,204.0,95.0,0.0,0.0,
2012-09-01,202.0,68.0,0.0,0.0,
2012-09-02,219.0,59.0,0.0,0.0,
2012-09-03,231.0,69.0,0.0,0.0,
2012-09-04,234.0,89.0,0.0,0.0,
2012-09-05,229.0,109.0,0.0,0.0,
2012-09-06,191.0,84.0,0.0,0.0,
2012-09-07,235.0,80.0,0.0,0.0,
2012-09-08,248.0,101.0,0.0,0.0,
2012-09-09,230.0,139.0,0.0,0.0,
2012-09-10,224.0,99.0,0.0,0.0,
2012-09-11,210.0,69.0,76.0,0.0,
2012-09-12,225.0,61.0,0.0,0.0,
2012-09-13,242.0,66.0,0.0,0.0,
2012-09-14,225.0,92.0,0.0,0.0,
2012-09-15,217.0,92.0,0.0,0.0,
2012-09-16,217.0,78.0,0.0,0.0,
2012-09-17,228.0,60.0,0.0,0.0,
2012-09-18,227.0,69.0,0.0,0.0,
2012-09-19,233.0,66.0,0.0,0.0,
2012-09-20,240.0,72.0,25.0,0.0,
2012-09-21,231.0,80.0,0.0,0.0,
2012-09-22,213.0,100.0,0.0,0.0,
2012-09-23,184.0,108.0,0.0,0.0,
2012-09-24,190.0,45.0,0.0,0.0,
2012-09-25,190.0,28.0,0.0,0.0,
2012-09-26,206.0,48.0,0.0,0.0,
2012-09-27,211.0,56.0,0.0,0.0,
2012-09-28,199.0,61.0,0.0,0.0,
2012-09-29,226.0,62.0,0.0,0.0,
2012-09-30,236.0,69.0,0.0,0.0,
2012-10-01,251.0,78.0,0.0,0.0,
2012-10-02,238.0,87.0,0.0,0.0,
2012-10-03,214.0,79.0,0.0,0.0,
2012-10-04,185.0,66.0,25.0,0.0,
2012-10-05,167.0,34.0,0.0,0.0,
2012-10-06,174.0,21.0,0.0,0.0,
2012-10-07,170.0,14.0,0.0,0.0,
2012-10-08,134.0,11.0,0.0,0.0,
2012-10-09,141.0,-18.0,0.0,0.0,
2012-10-10,146.0,-2.0,0.0,0.0,
2012-10-11,101.0,11.0,51.0,0.0,
2012-10-12,92.0,23.0,0.0,0.0,
2012-10-13,150.0,26.0,0.0,0.0,
2012-10-14,182.0,20.0,0.0,0.0,
2012-10-15,188.0,56.0,0.0,0.0,
2012-10-16,180.0,38.0,0.0,0.0,
2012-10-17,210.0,-1.0,0.0,0.0,
2012-10-18,209.0,24.0,0.0,0.0,
2012-10-19,191.0,72.0,0.0,0.0,
2012-10-20,143.0,44.0,0.0,0.0,
2012-10-21,79.0,1.0,0.0,0.0,
2012-10-22,10.0,-53.0,432.0,279.0,
2012-10-23,-28.0,-56.0,279.0,533.0,
2012-10-24,-29.0,-60.0,76.0,533.0,
2012-10-25,69.0,-62.0,76.0,432.0,
2012-10-26,130.0,-66.0,0.0,406.0,
2012-10-27,139.0,6.0,0.0,356.0,
2012-10-28,155.0,6.0,0.0,305.0,
2012-10-29,165.0,46.0,0.0,279.0,
2012-10-30,161.0,42.0,0.0,254.0,
2012-10-31,100.0,38.0,0.0,203.0,
2012-11-01,46.0,-26.0,76.0,279.0,
2012-11-02,128.0,-42.0,0.0,203.0,
2012-11-03,147.0,-10.0,0.0,178.0,
2012-11-04,155.0,13.0,0.0,178.0,
2012-11-05,178.0,24.0,0.0,152.0,
2012-11-06,179.0,38.0,0.0,152.0,
2012-11-07,130.0,38.0,0.0,127.0,
2012-11-08,41.0,-84.0,305.0,356.0,
2012-11-09,-55.0,-109.0,25.0,356.0,
2012-11-10,-48.0,-144.0,0.0,356.0,
2012-11-11,54.0,-146.0,0.0,254.0,
2012-11-12,72.0,-31.0,0.0,330.0,
2012-11-13,90.0,-23.0,0.0,279.0,
2012-11-14,109.0,-13.0,0.0,279.0,
2012-11-15,121.0,-13.0,0.0,279.0,
2012-11-16,20.0,-7.0,51.0,279.0,
2012-11-17,23.0,-27.0,229.0,330.0,
2012-11-18,-1.0,-26.0,229.0,533.0,
2012-11-19,34.0,-23.0,0.0,483.0,
2012-11-20,45.0,-4.0,0.0,457.0,
2012-11-21,35.0,-31.0,127.0,457.0,
2012-11-22,129.0,-47.0,0.0,457.0,
2012-11-23,147.0,-6.0,0.0,432.0,
2012-11-24,129.0,18.0,0.0,406.0,
2012-11-25,112.0,-29.0,0.0,432.0,
2012-11-26,111.0,-36.0,0.0,406.0,
2012-11-27,76.0,26.0,0.0,381.0,
2012-11-28,38.0,-8.0,254.0,483.0,
2012-11-29,22.0,-2.0,203.0,584.0,
2012-11-30,4.0,-7.0,940.0,991.0,
2012-12-01,25.0,-10.0,254.0,1016.0,
2012-12-02,34.0,-28.0,356.0,1041.0,
2012-12-03,50.0,-13.0,76.0,889.0,
2012-12-04,65.0,5.0,25.0,940.0,
2012-12-05,54.0,-10.0,381.0,940.0,
2012-12-06,66.0,-32.0,0.0,914.0,
2012-12-07,75.0,-39.0,0.0,914.0,
2012-12-08,80.0,-31.0,0.0,914.0,
2012-12-09,55.0,-44.0,0.0,889.0,
2012-12-10,91.0,-31.0,0.0,889.0,
2012-12-11,72.0,-32.0,0.0,889.0,
2012-12-12,-30.0,-142.0,229.0,1067.0,
2012-12-13,-24.0,-153.0,0.0,1067.0,
2012-12-14,-55.0,-143.0,25.0,1041.0,
2012-12-15,-39.0,-144.0,102.0,1016.0,
2012-12-16,-2.0,-59.0,76.0,1067.0,
2012-12-17,-4.0,-49.0,305.0,1245.0,
2012-12-18,-47.0,-181.0,0.0,1321.0,
2012-12-19,-15.0,-189.0,0.0,1270.0,
2012-12-20,-1.0,-54.0,0.0,1219.0,
2012-12-21,-9.0,-63.0,25.0,1270.0,
2012-12-22,-11.0,-71.0,533.0,1676.0,
2012-12-23,-28.0,-65.0,508.0,2032.0,
2012-12-24,-14.0,-107.0,0.0,1930.0,
2012-12-25,-14.0,-67.0,203.0,2057.0,
2012-12-26,-46.0,-96.0,127.0,2184.0,
2012-12-27,-36.0,-152.0,0.0,2083.0,
2012-12-28,-41.0,-162.0,0.0,2032.0,
2012-12-29,-35.0,-131.0,152.0,1981.0,
2012-12-30,-48.0,-133.0,0.0,1956.0,
2012-12-31,47.0,-168.0,0.0,1930.0,
2013-01-01,-20.0,-148.0,0.0,1905.0,
2013-01-02,76.0,-114.0,0.0,1880.0,
2013-01-03,79.0,-59.0,0.0,1829.0,
2013-01-04,92.0,-49.0,0.0,1803.0,
2013-01-05,49.0,-27.0,0.0,1803.0,
2013-01-06,-25.0,-83.0,25.0,1829.0,
2013-01-07,58.0,-97.0,0.0,1803.0,
2013-01-08,133.0,-48.0,0.0,1778.0,
2013-01-09,59.0,-98.0,102.0,1930.0,
2013-01-10,-83.0,-138.0,0.0,1880.0,
2013-01-11,-88.0,-153.0,0.0,1905.0,
2013-01-12,-34.0,-206.0,0.0,1854.0,
2013-01-13,-48.0,-190.0,0.0,1829.0,
2013-01-14,-10.0,-219.0,0.0,1803.0,
2013-01-15,79.0,-81.0,0.0,1778.0,
2013-01-16,84.0,-72.0,0.0,1778.0,
2013-01-17,111.0,-64.0,0.0,1753.0,
2013-01-18,118.0,-57.0,0.0,1753.0,
2013-01-19,107.0,-58.0,0.0,1753.0,
2013-01-20,78.0,-62.0,0.0,1727.0,
2013-01-21,128.0,-42.0,0.0,1702.0,
2013-01-22,119.0,-12.0,0.0,1702.0,
2013-01-23,68.0,-3.0,0.0,1600.0,
2013-01-24,45.0,0.0,51.0,1626.0,
2013-01-25,56.0,-13.0,25.0,1626.0,
2013-01-26,41.0,-43.0,51.0,1651.0,
2013-01-27,-37.0,-123.0,51.0,1702.0,
2013-01-28,-36.0,-159.0,25.0,1727.0,
2013-01-29,60.0,-38.0,0.0,1702.0,
2013-01-30,94.0,-47.0,0.0,1702.0,
2013-01-31,112.0,-57.0,0.0,1676.0,
2013-02-01,115.0,-30.0,0.0,1676.0,
2013-02-02,78.0,-32.0,0.0,1651.0,
2013-02-03,79.0,-47.0,0.0,1651.0,
2013-02-04,110.0,-50.0,0.0,1626.0,
2013-02-05,60.0,-38.0,0.0,1651.0,
2013-02-06,76.0,-93.0,0.0,1626.0,
2013-02-07,-4.0,-112.0,25.0,1727.0,
2013-02-08,-54.0,-155.0,76.0,1651.0,
2013-02-09,-1.0,-158.0,0.0,1702.0,
2013-02-10,-11.0,-126.0,0.0,1702.0,
2013-02-11,20.0,-134.0,0.0,1676.0,
2013-02-12,69.0,-100.0,0.0,1651.0,
2013-02-13,60.0,-78.0,0.0,1676.0,
2013-02-14,66.0,-62.0,0.0,1626.0,
2013-02-15,129.0,-76.0,0.0,1626.0,
2013-02-16,87.0,-27.0,0.0,1626.0,
2013-02-17,76.0,-58.0,0.0,1626.0,
2013-02-18,52.0,-56.0,0.0,1600.0,
2013-02-19,-37.0,-114.0,25.0,1702.0,
2013-02-20,-3.0,-118.0,51.0,1702.0,
2013-02-21,-4.0,-110.0,0.0,1727.0,
2013-02-22,68.0,-96.0,0.0,1676.0,
2013-02-23,5.0,-120.0,25.0,1676.0,
2013-02-24,37.0,-136.0,0.0,1651.0,
2013-02-25,56.0,-87.0,0.0,1651.0,
2013-02-26,45.0,-119.0,0.0,1651.0,
2013-02-27,66.0,-85.0,0.0,1626.0,
2013-02-28,99.0,-42.0,0.0,1600.0,
2013-03-01,134.0,-35.0,0.0,1600.0,
2013-03-02,109.0,-4.0,0.0,1575.0,
2013-03-03,26.0,-42.0,25.0,1600.0,
2013-03-04,90.0,-81.0,0.0,1600.0,
2013-03-05,39.0,-39.0,51.0,1626.0,
2013-03-06,-39.0,-74.0,229.0,1829.0,
2013-03-07,-2.0,-73.0,127.0,1930.0,
2013-03-08,6.0,-85.0,0.0,1905.0,
2013-03-09,34.0,-85.0,0.0,1880.0,
2013-03-10,107.0,-85.0,0.0,1829.0,
2013-03-11,143.0,-38.0,25.0,1778.0,
2013-03-12,163.0,-26.0,0.0,1727.0,
2013-03-13,166.0,20.0,0.0,1651.0,
2013-03-14,144.0,35.0,0.0,1626.0,
2013-03-15,129.0,11.0,0.0,1600.0,
2013-03-16,105.0,-27.0,0.0,1600.0,
2013-03-17,101.0,-32.0,0.0,1549.0,
2013-03-18,97.0,-25.0,0.0,1549.0,
2013-03-19,85.0,-20.0,51.0,1676.0,
2013-03-20,13.0,-24.0,178.0,1727.0,
2013-03-21,61.0,-73.0,0.0,1676.0,
2013-03-22,87.0,-80.0,0.0,1626.0,
2013-03-23,89.0,-98.0,0.0,1600.0,
2013-03-24,106.0,-30.0,0.0,1575.0,
2013-03-25,107.0,-21.0,0.0,1549.0,
2013-03-26,42.0,-6.0,0.0,1549.0,
2013-03-27,87.0,-14.0,25.0,1549.0,
2013-03-28,79.0,-20.0,0.0,1524.0,
2013-03-29,128.0,-32.0,0.0,1473.0,
2013-03-30,118.0,3.0,0.0,1499.0,
2013-03-31,47.0,-22.0,152.0,1524.0,
2013-04-01,55.0,-43.0,51.0,1524.0,
2013-04-02,110.0,-55.0,0.0,1499.0,
2013-04-03,137.0,-21.0,0.0,1473.0,
2013-04-04,65.0,-1.0,76.0,1473.0,
2013-04-05,76.0,-14.0,25.0,1448.0,
2013-04-06,75.0,-10.0,0.0,1397.0,
2013-04-07,76.0,-38.0,25.0,1397.0,
2013-04-08,4.0,-58.0,51.0,1422.0,
2013-04-09,64.0,-76.0,0.0,1372.0,
2013-04-10,142.0,-26.0,0.0,1346.0,
2013-04-11,121.0,-16.0,0.0,1295.0,
2013-04-12,141.0,-29.0,0.0,1245.0,
2013-04-13,106.0,0.0,0.0,1219.0,
2013-04-14,89.0,-10.0,0.0,1168.0,
2013-04-15,23.0,-70.0,152.0,1397.0,
2013-04-16,-25.0,-119.0,25.0,1372.0,
2013-04-17,22.0,-111.0,0.0,1270.0,
2013-04-18,98.0,-86.0,0.0,1219.0,
2013-04-19,110.0,-29.0,0.0,1168.0,
2013-04-20,160.0,-34.0,0.0,1118.0,
2013-04-21,172.0,1.0,0.0,1092.0,
2013-04-22,161.0,-14.0,0.0,1067.0,
2013-04-23,167.0,-54.0,0.0,1016.0,
2013-04-24,119.0,-29.0,0.0,991.0,
2013-04-25,137.0,-18.0,0.0,965.0,
2013-04-26,167.0,7.0,0.0,914.0,
2013-04-27,174.0,20.0,0.0,864.0,
2013-04-28,177.0,16.0,0.0,838.0,
2013-04-29,174.0,26.0,0.0,787.0,
2013-04-30,158.0,-11.0,0.0,737.0,
2013-05-01,117.0,-30.0,0.0,711.0,
2013-05-02,188.0,-26.0,0.0,686.0,
2013-05-03,192.0,28.0,0.0,610.0,
2013-05-04,138.0,-6.0,51.0,610.0,
2013-05-05,102.0,-2.0,51.0,559.0,
2013-05-06,39.0,-6.0,203.0,635.0,
2013-05-07,45.0,-6.0,51.0,635.0,
2013-05-08,102.0,6.0,0.0,584.0,
2013-05-09,155.0,5.0,0.0,508.0,
2013-05-10,183.0,27.0,0.0,457.0,
2013-05-11,204.0,47.0,0.0,356.0,
2013-05-12,200.0,65.0,0.0,254.0,
2013-05-13,188.0,97.0,0.0,178.0,
2013-05-14,165.0,45.0,0.0,152.0,
2013-05-15,150.0,47.0,0.0,76.0,
2013-05-16,56.0,14.0,25.0,0.0,
2013-05-17,95.0,-4.0,0.0,0.0,
2013-05-18,123.0,-18.0,0.0,0.0,
2013-05-19,154.0,-18.0,0.0,0.0,
2013-05-20,186.0,-15.0,0.0,0.0,
2013-05-21,133.0,41.0,0.0,0.0,
2013-05-22,82.0,-35.0,0.0,0.0,
2013-05-23,82.0,-34.0,0.0,0.0,
2013-05-24,143.0,-30.0,0.0,0.0,
2013-05-25,129.0,16.0,0.0,0.0,
2013-05-26,118.0,20.0,0.0,0.0,
2013-05-27,107.0,10.0,25.0,0.0,
2013-05-28,111.0,25.0,51.0,0.0,
2013-05-29,129.0,13.0,25.0,0.0,
2013-05-30,170.0,21.0,0.0,0.0,
2013-05-31,200.0,17.0,0.0,0.0,
2013-06-01,228.0,50.0,0.0,0.0,
2013-06-02,208.0,75.0,0.0,0.0,
2013-06-03,231.0,49.0,0.0,0.0,
2013-06-04,236.0,69.0,0.0,0.0,
2013-06-05,253.0,74.0,0.0,0.0,
2013-06-06,262.0,86.0,0.0,0.0,
2013-06-07,269.0,90.0,0.0,0.0,
2013-06-08,283.0,105.0,0.0,0.0,
2013-06-09,262.0,116.0,0.0,0.0,
2013-06-10,176.0,76.0,0.0,0.0,
2013-06-11,176.0,85.0,0.0,0.0,
2013-06-12,178.0,77.0,0.0,0.0,
2013-06-13,155.0,18.0,0.0,0.0,
2013-06-14,188.0,-6.0,0.0,0.0,
2013-06-15,190.0,28.0,0.0,0.0,
2013-06-16,189.0,32.0,0.0,0.0,
2013-06-17,190.0,38.0,0.0,0.0,
2013-06-18,141.0,24.0,0.0,0.0,
2013-06-19,129.0,-2.0,0.0,0.0,
2013-06-20,150.0,-12.0,0.0,0.0,
2013-06-21,164.0,-1.0,0.0,0.0,
2013-06-22,200.0,23.0,0.0,0.0,
2013-06-23,147.0,60.0,0.0,0.0,
2013-06-24,74.0,49.0,229.0,0.0,
2013-06-25,107.0,65.0,51.0,0.0,
2013-06-26,195.0,91.0,0.0,0.0,
2013-06-27,247.0,108.0,0.0,0.0,
2013-06-28,274.0,114.0,0.0,0.0,
2013-06-29,272.0,114.0,0.0,0.0,
2013-06-30,270.0,124.0,0.0,0.0,
2013-07-01,285.0,151.0,0.0,0.0,
2013-07-02,277.0,121.0,0.0,0.0,
2013-07-03,272.0,105.0,0.0,0.0,
2013-07-04,269.0,117.0,0.0,0.0,
2013-07-05,234.0,154.0,0.0,0.0,
2013-07-06,232.0,149.0,0.0,0.0,
2013-07-07,236.0,139.0,0.0,0.0,
2013-07-08,229.0,128.0,0.0,0.0,
2013-07-09,231.0,110.0,0.0,0.0,
2013-07-10,233.0,128.0,0.0,0.0,
2013-07-11,214.0,115.0,0.0,0.0,
2013-07-12,219.0,71.0,25.0,0.0,
2013-07-13,225.0,62.0,0.0,0.0,
2013-07-14,236.0,86.0,0.0,0.0,
2013-07-15,235.0,97.0,0.0,0.0,
2013-07-16,212.0,120.0,0.0,0.0,
2013-07-17,247.0,62.0,0.0,0.0,
2013-07-18,271.0,96.0,0.0,0.0,
2013-07-19,289.0,112.0,0.0,0.0,
2013-07-20,304.0,134.0,0.0,0.0,
2013-07-21,293.0,141.0,0.0,0.0,
2013-07-22,271.0,114.0,0.0,0.0,
2013-07-23,214.0,108.0,0.0,0.0,
2013-07-24,238.0,97.0,0.0,0.0,
2013-07-25,254.0,99.0,229.0,0.0,
2013-07-26,230.0,95.0,0.0,0.0,
2013-07-27,236.0,89.0,0.0,0.0,
2013-07-28,230.0,87.0,0.0,0.0,
2013-07-29,217.0,91.0,0.0,0.0,
2013-07-30,225.0,111.0,0.0,0.0,
2013-07-31,217.0,94.0,0.0,0.0,
2013-08-01,187.0,49.0,0.0,0.0,
2013-08-02,221.0,28.0,0.0,0.0,
2013-08-03,228.0,62.0,0.0,0.0,
2013-08-04,242.0,82.0,0.0,0.0,
2013-08-05,244.0,91.0,0.0,0.0,
2013-08-06,235.0,81.0,0.0,0.0,
2013-08-07,195.0,95.0,0.0,0.0,
2013-08-08,187.0,47.0,0.0,0.0,
2013-08-09,189.0,48.0,0.0,0.0,
2013-08-10,189.0,67.0,0.0,0.0,
2013-08-11,208.0,45.0,0.0,0.0,
2013-08-12,216.0,69.0,0.0,0.0,
2013-08-13,237.0,59.0,0.0,0.0,
2013-08-14,250.0,95.0,0.0,0.0,
2013-08-15,242.0,106.0,0.0,0.0,
2013-08-16,244.0,119.0,0.0,0.0,
2013-08-17,254.0,112.0,0.0,0.0,
2013-08-18,267.0,105.0,0.0,0.0,
2013-08-19,235.0,134.0,0.0,0.0,
2013-08-20,257.0,105.0,0.0,0.0,
2013-08-21,240.0,86.0,25.0,0.0,
2013-08-22,196.0,76.0,0.0,0.0,
2013-08-23,200.0,76.0,0.0,0.0,
2013-08-24,190.0,101.0,0.0,0.0,
2013-08-25,168.0,94.0,0.0,0.0,
2013-08-26,184.0,96.0,0.0,0.0,
2013-08-27,194.0,80.0,0.0,0.0,
2013-08-28,186.0,101.0,0.0,0.0,
2013-08-29,217.0,119.0,0.0,0.0,
2013-08-30,245.0,137.0,0.0,0.0,
2013-08-31,242.0,118.0,0.0,0.0,
2013-09-01,231.0,121.0,0.0,0.0,
2013-09-02,203.0,127.0,0.0,0.0,
2013-09-03,196.0,112.0,0.0,0.0,
2013-09-04,208.0,110.0,0.0,0.0,
2013-09-05,189.0,116.0,0.0,0.0,
2013-09-06,221.0,102.0,0.0,0.0,
2013-09-07,228.0,72.0,0.0,0.0,
2013-09-08,234.0,96.0,0.0,0.0,
2013-09-09,244.0,81.0,25.0,0.0,
2013-09-10,240.0,70.0,0.0,0.0,
2013-09-11,212.0,88.0,0.0,0.0,
2013-09-12,228.0,78.0,0.0,0.0,
2013-09-13,222.0,76.0,0.0,0.0,
2013-09-14,216.0,81.0,0.0,0.0,
2013-09-15,213.0,86.0,0.0,0.0,
2013-09-16,212.0,108.0,0.0,0.0,
2013-09-17,148.0,6.0,51.0,0.0,
2013-09-18,179.0,-18.0,0.0,0.0,
2013-09-19,215.0,16.0,0.0,0.0,
2013-09-20,173.0,69.0,0.0,0.0,
2013-09-21,80.0,-23.0,229.0,0.0,
2013-09-22,104.0,-38.0,0.0,0.0,
2013-09-23,189.0,-1.0,0.0,0.0,
2013-09-24,139.0,22.0,0.0,0.0,
2013-09-25,67.0,-41.0,0.0,0.0,
2013-09-26,62.0,-45.0,0.0,0.0,
2013-09-27,143.0,-53.0,0.0,0.0,
2013-09-28,158.0,-1.0,0.0,0.0,
2013-09-29,134.0,59.0,0.0,0.0,
2013-09-30,134.0,59.0,0.0,0.0,
2013-10-01,164.0,61.0,25.0,0.0,
2013-10-02,124.0,29.0,0.0,0.0,
2013-10-03,65.0,-24.0,0.0,0.0,
2013-10-04,94.0,-43.0,0.0,0.0,
2013-10-05,180.0,-43.0,0.0,0.0,
2013-10-06,204.0,37.0,0.0,0.0,
2013-10-07,170.0,47.0,0.0,0.0,
2013-10-08,130.0,2.0,0.0,0.0,
2013-10-09,26.0,-23.0,76.0,0.0,
2013-10-10,88.0,-36.0,0.0,0.0,
2013-10-11,126.0,-26.0,0.0,0.0,
2013-10-12,107.0,-4.0,25.0,0.0,
2013-10-13,68.0,-31.0,25.0,0.0,
2013-10-14,130.0,-53.0,0.0,0.0,
2013-10-15,84.0,-44.0,0.0,0.0,
2013-10-16,139.0,-39.0,0.0,0.0,
2013-10-17,160.0,6.0,0.0,0.0,
2013-10-18,189.0,-16.0,0.0,0.0,
2013-10-19,176.0,5.0,0.0,0.0,
2013-10-20,180.0,20.0,0.0,0.0,
2013-10-21,176.0,22.0,0.0,0.0,
2013-10-22,178.0,23.0,0.0,0.0,
2013-10-23,173.0,23.0,0.0,0.0,
2013-10-24,171.0,17.0,0.0,0.0,
2013-10-25,168.0,6.0,0.0,0.0,
2013-10-26,171.0,15.0,0.0,0.0,
2013-10-27,120.0,-28.0,0.0,0.0,
2013-10-28,2.0,-53.0,229.0,178.0,
2013-10-29,3.0,-46.0,25.0,178.0,
2013-10-30,87.0,-90.0,0.0,152.0,
2013-10-31,120.0,-41.0,0.0,127.0,
2013-11-01,163.0,-23.0,0.0,76.0,
2013-11-02,110.0,27.0,0.0,76.0,
2013-11-03,85.0,-43.0,0.0,76.0,
2013-11-04,26.0,-93.0,76.0,102.0,
2013-11-05,100.0,-85.0,0.0,76.0,
2013-11-06,149.0,-11.0,0.0,51.0,
2013-11-07,121.0,36.0,0.0,25.0,
2013-11-08,119.0,34.0,0.0,25.0,
2013-11-09,131.0,20.0,0.0,25.0,
2013-11-10,146.0,20.0,0.0,25.0,
2013-11-11,160.0,33.0,0.0,0.0,
2013-11-12,126.0,18.0,0.0,0.0,
2013-11-13,137.0,-1.0,0.0,0.0,
2013-11-14,117.0,-16.0,0.0,0.0,
2013-11-15,41.0,-32.0,0.0,0.0,
2013-11-16,66.0,-23.0,0.0,0.0,
2013-11-17,127.0,-23.0,0.0,0.0,
2013-11-18,74.0,-1.0,0.0,0.0,
2013-11-19,49.0,-8.0,102.0,51.0,
2013-11-20,24.0,-24.0,127.0,76.0,
2013-11-21,-18.0,-88.0,76.0,127.0,
2013-11-22,-44.0,-113.0,0.0,127.0,
2013-11-23,8.0,-87.0,0.0,127.0,
2013-11-24,55.0,-89.0,0.0,127.0,
2013-11-25,118.0,-45.0,0.0,102.0,
2013-11-26,122.0,-4.0,0.0,76.0,
2013-11-27,86.0,-25.0,0.0,76.0,
2013-11-28,66.0,-49.0,0.0,51.0,
2013-11-29,66.0,-59.0,0.0,76.0,
2013-11-30,102.0,-47.0,0.0,76.0,
2013-12-01,134.0,-38.0,0.0,51.0,
2013-12-02,85.0,7.0,0.0,51.0,
2013-12-03,18.0,-181.0,254.0,254.0,
2013-12-04,-44.0,-190.0,0.0,203.0,
2013-12-05,-52.0,-213.0,0.0,229.0,
2013-12-06,-58.0,-124.0,178.0,457.0,
2013-12-07,-88.0,-189.0,127.0,610.0,
2013-12-08,-48.0,-199.0,0.0,533.0,
2013-12-09,15.0,-178.0,0.0,457.0,
2013-12-10,64.0,-67.0,0.0,432.0,
2013-12-11,76.0,-89.0,0.0,406.0,
2013-12-12,81.0,-36.0,0.0,381.0,
2013-12-13,48.0,-68.0,0.0,381.0,
2013-12-14,128.0,-64.0,0.0,356.0,
2013-12-15,160.0,4.0,0.0,356.0,
2013-12-16,162.0,-2.0,0.0,330.0,
2013-12-17,123.0,22.0,0.0,305.0,
2013-12-18,100.0,-8.0,0.0,305.0,
2013-12-19,-7.0,-113.0,51.0,406.0,
2013-12-20,22.0,-144.0,0.0,356.0,
2013-12-21,62.0,-56.0,0.0,356.0,
2013-12-22,72.0,-49.0,0.0,330.0,
2013-12-23,121.0,-31.0,0.0,356.0,
2013-12-24,109.0,-47.0,0.0,356.0,
2013-12-25,118.0,-46.0,0.0,356.0,
2013-12-26,134.0,-29.0,0.0,330.0,
2013-12-27,111.0,3.0,0.0,330.0,
2013-12-28,55.0,-72.0,0.0,330.0,
2013-12-29,119.0,-76.0,0.0,330.0,
2013-12-30,115.0,3.0,0.0,330.0,
2013-12-31,118.0,-25.0,0.0,330.0,
2014-01-01,133.0,-32.0,0.0,330.0,
2014-01-02,130.0,-9.0,0.0,330.0,
2014-01-03,114.0,-1.0,0.0,330.0,
2014-01-04,52.0,-56.0,0.0,330.0,
2014-01-05,96.0,-76.0,0.0,330.0,
2014-01-06,95.0,-32.0,0.0,330.0,
2014-01-07,65.0,-18.0,0.0,330.0,
2014-01-08,64.0,-34.0,0.0,330.0,
2014-01-09,42.0,-21.0,0.0,330.0,
2014-01-10,98.0,-14.0,0.0,330.0,
2014-01-11,55.0,-57.0,51.0,406.0,
2014-01-12,33.0,-95.0,76.0,432.0,
2014-01-13,104.0,-74.0,0.0,406.0,
2014-01-14,111.0,-39.0,0.0,381.0,
2014-01-15,109.0,-28.0,0.0,381.0,
2014-01-16,100.0,-35.0,0.0,381.0,
2014-01-17,144.0,-25.0,0.0,381.0,
2014-01-18,138.0,-22.0,0.0,381.0,
2014-01-19,110.0,-23.0,0.0,381.0,
2014-01-20,111.0,-37.0,0.0,381.0,
2014-01-21,127.0,-26.0,0.0,381.0,
2014-01-22,133.0,-43.0,0.0,381.0,
2014-01-23,6.0,-67.0,0.0,381.0,
2014-01-24,70.0,-79.0,0.0,381.0,
2014-01-25,94.0,-42.0,0.0,381.0,
2014-01-26,75.0,-40.0,0.0,381.0,
2014-01-27,96.0,-32.0,0.0,381.0,
2014-01-28,84.0,23.0,0.0,330.0,
2014-01-29,78.0,13.0,229.0,254.0,
2014-01-30,22.0,-72.0,559.0,330.0,
2014-01-31,-20.0,-143.0,0.0,584.0,
2014-02-01,13.0,-152.0,0.0,533.0,
2014-02-02,-30.0,-113.0,0.0,559.0,
2014-02-03,-3.0,-133.0,0.0,533.0,
2014-02-04,-6.0,-119.0,0.0,559.0,
2014-02-05,1.0,-118.0,0.0,533.0,
2014-02-06,13.0,-56.0,51.0,559.0,
2014-02-07,-12.0,-54.0,127.0,686.0,
2014-02-08,1.0,-14.0,457.0,1016.0,
2014-02-09,3.0,-4.0,635.0,1397.0,
2014-02-10,49.0,-41.0,381.0,1422.0,
2014-02-11,72.0,-58.0,0.0,1422.0,
2014-02-12,90.0,4.0,0.0,1372.0,
2014-02-13,87.0,39.0,0.0,1295.0,
2014-02-14,99.0,48.0,0.0,1168.0,
2014-02-15,78.0,-27.0,102.0,1245.0,
2014-02-16,55.0,-39.0,127.0,1270.0,
2014-02-17,67.0,-21.0,0.0,1219.0,
2014-02-18,82.0,-22.0,0.0,1168.0,
2014-02-19,49.0,-66.0,0.0,1168.0,
2014-02-20,81.0,-65.0,0.0,1168.0,
2014-02-21,86.0,-48.0,0.0,1143.0,
2014-02-22,115.0,-58.0,0.0,1118.0,
2014-02-23,108.0,-36.0,0.0,1092.0,
2014-02-24,114.0,-26.0,0.0,1092.0,
2014-02-25,111.0,-21.0,0.0,1067.0,
2014-02-26,64.0,-13.0,178.0,1346.0,
2014-02-27,-6.0,-64.0,279.0,1422.0,
2014-02-28,6.0,-50.0,787.0,1753.0,
2014-03-01,34.0,-45.0,0.0,1626.0,
2014-03-02,16.0,-34.0,0.0,1626.0,
2014-03-03,29.0,-37.0,0.0,1626.0,
2014-03-04,85.0,-16.0,0.0,1549.0,
2014-03-05,86.0,-8.0,0.0,1499.0,
2014-03-06,49.0,-54.0,0.0,1473.0,
2014-03-07,74.0,-76.0,0.0,1473.0,
2014-03-08,142.0,-65.0,0.0,1448.0,
2014-03-09,112.0,27.0,0.0,1397.0,
2014-03-10,59.0,-70.0,102.0,1448.0,
2014-03-11,7.0,-91.0,0.0,1448.0,
2014-03-12,55.0,-70.0,0.0,1422.0,
2014-03-13,106.0,-65.0,0.0,1372.0,
2014-03-14,107.0,-18.0,0.0,1372.0,
2014-03-15,146.0,-31.0,0.0,1346.0,
2014-03-16,139.0,-8.0,0.0,1321.0,
2014-03-17,94.0,-70.0,0.0,1321.0,
2014-03-18,62.0,-91.0,0.0,1321.0,
2014-03-19,104.0,-69.0,0.0,1270.0,
2014-03-20,101.0,-16.0,0.0,1295.0,
2014-03-21,97.0,-36.0,0.0,1245.0,
2014-03-22,100.0,-56.0,0.0,1219.0,
2014-03-23,121.0,-43.0,0.0,1194.0,
2014-03-24,132.0,-35.0,0.0,1168.0,
2014-03-25,68.0,-24.0,102.0,1270.0,
2014-03-26,-14.0,-58.0,102.0,1372.0,
2014-03-27,17.0,-57.0,0.0,1321.0,
2014-03-28,58.0,-44.0,0.0,1295.0,
2014-03-29,8.0,-47.0,254.0,1549.0,
2014-03-30,10.0,-87.0,0.0,1524.0,
2014-03-31,-7.0,-102.0,279.0,1778.0,
2014-04-01,-18.0,-102.0,76.0,1702.0,
2014-04-02,32.0,-86.0,0.0,1626.0,
2014-04-03,42.0,-97.0,0.0,1575.0,
2014-04-04,35.0,-81.0,0.0,1549.0,
2014-04-05,76.0,-85.0,0.0,1499.0,
2014-04-06,115.0,-48.0,0.0,1422.0,
2014-04-07,154.0,-18.0,0.0,1397.0,
2014-04-08,154.0,10.0,0.0,1346.0,
2014-04-09,134.0,28.0,0.0,1295.0,
2014-04-10,166.0,16.0,0.0,1270.0,
2014-04-11,160.0,12.0,0.0,1219.0,
2014-04-12,138.0,13.0,0.0,1168.0,
2014-04-13,121.0,-22.0,0.0,1168.0,
2014-04-14,148.0,-31.0,0.0,1092.0,
2014-04-15,133.0,22.0,0.0,1041.0,
2014-04-16,152.0,14.0,0.0,1041.0,
2014-04-17,130.0,3.0,0.0,991.0,
2014-04-18,149.0,13.0,0.0,940.0,
2014-04-19,124.0,6.0,0.0,914.0,
2014-04-20,151.0,-18.0,0.0,889.0,
2014-04-21,115.0,6.0,0.0,864.0,
2014-04-22,22.0,-44.0,127.0,965.0,
2014-04-23,81.0,-78.0,0.0,965.0,
2014-04-24,87.0,-18.0,0.0,864.0,
2014-04-25,-9.0,-76.0,381.0,1194.0,
2014-04-26,8.0,-76.0,0.0,1067.0,
2014-04-27,52.0,-56.0,0.0,991.0,
2014-04-28,117.0,-68.0,0.0,940.0,
2014-04-29,136.0,-18.0,0.0,889.0,
2014-04-30,163.0,-8.0,0.0,838.0,
2014-05-01,179.0,12.0,0.0,762.0,
2014-05-02,171.0,35.0,0.0,711.0,
2014-05-03,136.0,55.0,0.0,635.0,
2014-05-04,104.0,25.0,0.0,584.0,
2014-05-05,62.0,-26.0,0.0,533.0,
2014-05-06,41.0,-70.0,25.0,610.0,
2014-05-07,72.0,-43.0,0.0,483.0,
2014-05-08,78.0,-15.0,25.0,508.0,
2014-05-09,90.0,7.0,51.0,457.0,
2014-05-10,55.0,-47.0,0.0,457.0,
2014-05-11,97.0,-60.0,0.0,381.0,
2014-05-12,149.0,-18.0,0.0,356.0,
2014-05-13,186.0,-1.0,0.0,305.0,
2014-05-14,206.0,28.0,0.0,254.0,
2014-05-15,195.0,46.0,0.0,152.0,
2014-05-16,190.0,96.0,0.0,76.0,
2014-05-17,156.0,55.0,0.0,25.0,
2014-05-18,108.0,-6.0,0.0,0.0,
2014-05-19,102.0,-6.0,0.0,0.0,
2014-05-20,34.0,-21.0,102.0,25.0,
2014-05-21,86.0,0.0,0.0,0.0,
2014-05-22,121.0,2.0,0.0,0.0,
2014-05-23,190.0,6.0,0.0,0.0,
2014-05-24,190.0,40.0,0.0,0.0,
2014-05-25,208.0,48.0,0.0,0.0,
2014-05-26,200.0,71.0,0.0,0.0,
2014-05-27,188.0,81.0,0.0,0.0,
2014-05-28,150.0,7.0,0.0,0.0,
2014-05-29,176.0,-18.0,0.0,0.0,
2014-05-30,153.0,13.0,0.0,0.0,
2014-05-31,166.0,20.0,0.0,0.0,
2014-06-01,199.0,18.0,0.0,0.0,
2014-06-02,186.0,55.0,0.0,0.0,
2014-06-03,190.0,23.0,0.0,0.0,
2014-06-04,213.0,32.0,0.0,0.0,
2014-06-05,231.0,61.0,0.0,0.0,
2014-06-06,212.0,64.0,0.0,0.0,
2014-06-07,229.0,65.0,0.0,0.0,
2014-06-08,242.0,61.0,0.0,0.0,
2014-06-09,240.0,78.0,0.0,0.0,
2014-06-10,238.0,97.0,0.0,0.0,
2014-06-11,230.0,71.0,0.0,0.0,
2014-06-12,184.0,85.0,0.0,0.0,
2014-06-13,152.0,6.0,0.0,0.0,
2014-06-14,164.0,-7.0,0.0,0.0,
2014-06-15,158.0,68.0,0.0,0.0,
2014-06-16,131.0,38.0,0.0,0.0,
2014-06-17,130.0,-1.0,0.0,0.0,
2014-06-18,185.0,-20.0,0.0,0.0,
2014-06-19,209.0,28.0,0.0,0.0,
2014-06-20,217.0,98.0,0.0,0.0,
2014-06-21,213.0,99.0,0.0,0.0,
2014-06-22,214.0,84.0,0.0,0.0,
2014-06-23,227.0,65.0,0.0,0.0,
2014-06-24,209.0,86.0,0.0,0.0,
2014-06-25,196.0,68.0,0.0,0.0,
2014-06-26,120.0,41.0,0.0,0.0,
2014-06-27,179.0,42.0,0.0,0.0,
2014-06-28,227.0,98.0,0.0,0.0,
2014-06-29,261.0,111.0,0.0,0.0,
2014-06-30,292.0,96.0,0.0,0.0,
2014-07-01,272.0,114.0,0.0,0.0,
2014-07-02,253.0,115.0,0.0,0.0,
2014-07-03,244.0,108.0,0.0,0.0,
2014-07-04,240.0,100.0,0.0,0.0,
2014-07-05,255.0,118.0,0.0,0.0,
2014-07-06,267.0,107.0,0.0,0.0,
2014-07-07,250.0,119.0,0.0,0.0,
2014-07-08,251.0,119.0,0.0,0.0,
2014-07-09,255.0,110.0,0.0,0.0,
2014-07-10,232.0,99.0,0.0,0.0,
2014-07-11,210.0,95.0,0.0,0.0,
2014-07-12,250.0,89.0,0.0,0.0,
2014-07-13,286.0,118.0,0.0,0.0,
2014-07-14,287.0,134.0,25.0,0.0,
2014-07-15,269.0,126.0,25.0,0.0,
2014-07-16,259.0,117.0,76.0,0.0,
2014-07-17,246.0,105.0,127.0,0.0,
2014-07-18,265.0,105.0,76.0,0.0,
2014-07-19,258.0,116.0,51.0,0.0,
2014-07-20,198.0,77.0,51.0,0.0,
2014-07-21,197.0,72.0,51.0,0.0,
2014-07-22,211.0,80.0,0.0,0.0,
2014-07-23,206.0,107.0,0.0,0.0,
2014-07-24,238.0,75.0,0.0,0.0,
2014-07-25,236.0,81.0,0.0,0.0,
2014-07-26,253.0,99.0,0.0,0.0,
2014-07-27,248.0,117.0,0.0,0.0,
2014-07-28,235.0,118.0,0.0,0.0,
2014-07-29,234.0,116.0,0.0,0.0,
2014-07-30,227.0,91.0,51.0,0.0,
2014-07-31,231.0,89.0,25.0,0.0,
2014-08-01,251.0,106.0,25.0,0.0,
2014-08-02,259.0,98.0,25.0,0.0,
2014-08-03,217.0,111.0,25.0,0.0,
2014-08-04,142.0,84.0,25.0,0.0,
2014-08-05,143.0,76.0,0.0,0.0,
2014-08-06,198.0,52.0,0.0,0.0,
2014-08-07,237.0,68.0,0.0,0.0,
2014-08-08,234.0,90.0,0.0,0.0,
2014-08-09,242.0,96.0,0.0,0.0,
2014-08-10,240.0,84.0,25.0,0.0,
2014-08-11,226.0,76.0,25.0,0.0,
2014-08-12,196.0,72.0,25.0,0.0,
2014-08-13,173.0,108.0,0.0,0.0,
2014-08-14,203.0,100.0,0.0,0.0,
2014-08-15,230.0,112.0,0.0,0.0,
2014-08-16,242.0,78.0,0.0,0.0,
2014-08-17,235.0,127.0,0.0,0.0,
2014-08-18,235.0,106.0,0.0,0.0,
2014-08-19,221.0,84.0,0.0,0.0,
2014-08-20,216.0,76.0,0.0,0.0,
2014-08-21,218.0,64.0,0.0,0.0,
2014-08-22,195.0,87.0,0.0,0.0,
2014-08-23,216.0,48.0,0.0,0.0,
2014-08-24,217.0,52.0,0.0,0.0,
2014-08-25,199.0,55.0,0.0,0.0,
2014-08-26,209.0,49.0,0.0,0.0,
2014-08-27,252.0,65.0,0.0,0.0,
2014-08-28,255.0,75.0,0.0,0.0,
2014-08-29,231.0,92.0,0.0,0.0,
2014-08-30,218.0,124.0,0.0,0.0,
2014-08-31,228.0,85.0,0.0,0.0,
2014-09-01,266.0,72.0,0.0,0.0,
2014-09-02,252.0,94.0,0.0,0.0,
2014-09-03,244.0,88.0,0.0,0.0,
2014-09-04,230.0,54.0,0.0,0.0,
2014-09-05,236.0,55.0,0.0,0.0,
2014-09-06,240.0,67.0,0.0,0.0,
2014-09-07,234.0,132.0,0.0,0.0,
2014-09-08,182.0,47.0,51.0,0.0,
2014-09-09,206.0,24.0,0.0,0.0,
2014-09-10,240.0,59.0,0.0,0.0,
2014-09-11,245.0,77.0,0.0,0.0,
2014-09-12,244.0,75.0,0.0,0.0,
2014-09-13,233.0,96.0,0.0,0.0,
2014-09-14,219.0,92.0,0.0,0.0,
2014-09-15,225.0,97.0,0.0,0.0,
2014-09-16,231.0,128.0,0.0,0.0,
2014-09-17,214.0,122.0,0.0,0.0,
2014-09-18,173.0,58.0,25.0,0.0,
2014-09-19,198.0,49.0,0.0,0.0,
2014-09-20,227.0,75.0,0.0,0.0,
2014-09-21,140.0,68.0,0.0,0.0,
2014-09-22,213.0,52.0,0.0,0.0,
2014-09-23,206.0,105.0,0.0,0.0,
2014-09-24,208.0,108.0,0.0,0.0,
2014-09-25,138.0,41.0,127.0,0.0,
2014-09-26,82.0,1.0,279.0,102.0,
2014-09-27,42.0,-3.0,51.0,0.0,
2014-09-28,55.0,-8.0,0.0,0.0,
2014-09-29,141.0,-10.0,0.0,0.0,
2014-09-30,153.0,23.0,0.0,0.0,
2014-10-01,130.0,-12.0,0.0,0.0,
2014-10-02,216.0,-4.0,0.0,0.0,
2014-10-03,229.0,39.0,0.0,0.0,
2014-10-04,237.0,66.0,102.0,0.0,
2014-10-05,229.0,52.0,0.0,0.0,
2014-10-06,237.0,58.0,0.0,0.0,
2014-10-07,206.0,71.0,0.0,0.0,
2014-10-08,188.0,66.0,0.0,0.0,
2014-10-09,182.0,45.0,0.0,0.0,
2014-10-10,185.0,28.0,0.0,0.0,
2014-10-11,198.0,40.0,0.0,0.0,
2014-10-12,156.0,4.0,0.0,0.0,
2014-10-13,214.0,40.0,0.0,0.0,
2014-10-14,155.0,60.0,51.0,0.0,
2014-10-15,76.0,26.0,0.0,0.0,
2014-10-16,141.0,-2.0,0.0,0.0,
2014-10-17,140.0,11.0,0.0,0.0,
2014-10-18,151.0,4.0,0.0,0.0,
2014-10-19,165.0,23.0,0.0,0.0,
2014-10-20,116.0,4.0,51.0,0.0,
2014-10-21,107.0,2.0,0.0,0.0,
2014-10-22,155.0,5.0,0.0,0.0,
2014-10-23,134.0,75.0,0.0,0.0,
2014-10-24,162.0,81.0,0.0,0.0,
2014-10-25,86.0,-14.0,127.0,0.0,
2014-10-26,86.0,-31.0,0.0,0.0,
2014-10-27,126.0,-50.0,0.0,0.0,
2014-10-28,153.0,15.0,0.0,0.0,
2014-10-29,175.0,14.0,0.0,0.0,
2014-10-30,159.0,50.0,0.0,0.0,
2014-10-31,94.0,-12.0,102.0,102.0,
2014-11-01,1.0,-69.0,51.0,76.0,
2014-11-02,26.0,-76.0,0.0,25.0,
2014-11-03,79.0,-81.0,0.0,0.0,
2014-11-04,134.0,-25.0,0.0,0.0,
2014-11-05,138.0,2.0,0.0,0.0,
2014-11-06,141.0,76.0,0.0,0.0,
2014-11-07,174.0,33.0,0.0,0.0,
2014-11-08,194.0,21.0,0.0,0.0,
2014-11-09,179.0,54.0,0.0,0.0,
2014-11-10,148.0,38.0,0.0,0.0,
2014-11-11,128.0,21.0,0.0,0.0,
2014-11-12,108.0,-3.0,127.0,0.0,
2014-11-13,47.0,1.0,0.0,0.0,
2014-11-14,67.0,-9.0,0.0,0.0,
2014-11-15,61.0,-62.0,25.0,0.0,
2014-11-16,60.0,-96.0,0.0,0.0,
2014-11-17,109.0,-53.0,0.0,0.0,
2014-11-18,98.0,-34.0,0.0,0.0,
2014-11-19,51.0,-18.0,0.0,0.0,
2014-11-20,55.0,-36.0,51.0,25.0,
2014-11-21,60.0,-71.0,0.0,25.0,
2014-11-22,46.0,-60.0,178.0,25.0,
2014-11-23,58.0,-78.0,0.0,25.0,
2014-11-24,74.0,-59.0,0.0,0.0,
2014-11-25,134.0,17.0,0.0,0.0,
2014-11-26,158.0,33.0,0.0,0.0,
2014-11-27,127.0,57.0,0.0,0.0,
2014-11-28,94.0,21.0,0.0,0.0,
2014-11-29,25.0,-30.0,178.0,102.0,
2014-11-30,3.0,-24.0,152.0,203.0,
2014-12-01,34.0,-48.0,25.0,229.0,
2014-12-02,33.0,-48.0,305.0,279.0,
2014-12-03,13.0,0.0,406.0,356.0,
2014-12-04,22.0,-8.0,76.0,330.0,
2014-12-05,35.0,-8.0,102.0,330.0,
2014-12-06,59.0,-30.0,0.0,356.0,
2014-12-07,87.0,-34.0,0.0,356.0,
2014-12-08,87.0,-24.0,0.0,356.0,
2014-12-09,86.0,0.0,0.0,356.0,
2014-12-10,88.0,2.0,0.0,330.0,
2014-12-11,48.0,-6.0,25.0,356.0,
2014-12-12,-4.0,-78.0,356.0,635.0,
2014-12-13,15.0,-108.0,0.0,635.0,
2014-12-14,33.0,-115.0,0.0,584.0,
2014-12-15,-12.0,-58.0,76.0,610.0,
2014-12-16,-15.0,-41.0,51.0,660.0,
2014-12-17,-1.0,-50.0,0.0,635.0,
2014-12-18,30.0,-73.0,51.0,610.0,
2014-12-19,0.0,-30.0,51.0,711.0,
2014-12-20,35.0,-18.0,25.0,660.0,
2014-12-21,54.0,-6.0,0.0,610.0,
2014-12-22,115.0,-15.0,0.0,584.0,
2014-12-23,144.0,-21.0,0.0,584.0,
2014-12-24,76.0,-87.0,178.0,610.0,
2014-12-25,-59.0,-123.0,0.0,686.0,
2014-12-26,-46.0,-134.0,0.0,686.0,
2014-12-27,61.0,-122.0,0.0,660.0,
2014-12-28,33.0,-52.0,0.0,660.0,
2014-12-29,28.0,-87.0,25.0,635.0,
2014-12-30,-87.0,-162.0,25.0,787.0,
2014-12-31,-76.0,-208.0,0.0,762.0,
2015-01-01,34.0,-150.0,0.0,737.0,
2015-01-02,66.0,-82.0,0.0,711.0,
2015-01-03,102.0,-47.0,0.0,686.0,
2015-01-04,99.0,-15.0,0.0,686.0,
2015-01-05,133.0,-18.0,0.0,660.0,
2015-01-06,161.0,5.0,0.0,635.0,
2015-01-07,147.0,1.0,0.0,635.0,
2015-01-08,116.0,-11.0,0.0,635.0,
2015-01-09,69.0,0.0,0.0,610.0,
2015-01-10,81.0,-20.0,0.0,635.0,
2015-01-11,70.0,-21.0,0.0,610.0,
2015-01-12,45.0,-37.0,0.0,610.0,
2015-01-13,23.0,-86.0,0.0,610.0,
2015-01-14,119.0,-81.0,0.0,610.0,
2015-01-15,99.0,-20.0,0.0,584.0,
2015-01-16,57.0,20.0,0.0,584.0,
2015-01-17,102.0,-8.0,0.0,584.0,
2015-01-18,97.0,15.0,0.0,559.0,
2015-01-19,97.0,-29.0,0.0,559.0,
2015-01-20,71.0,-43.0,0.0,559.0,
2015-01-21,57.0,-72.0,0.0,584.0,
2015-01-22,76.0,-58.0,0.0,584.0,
2015-01-23,61.0,-52.0,0.0,584.0,
2015-01-24,102.0,-32.0,0.0,559.0,
2015-01-25,136.0,-18.0,0.0,559.0,
2015-01-26,142.0,1.0,0.0,559.0,
2015-01-27,38.0,-38.0,51.0,610.0,
2015-01-28,66.0,-45.0,0.0,584.0,
2015-01-29,77.0,-44.0,0.0,559.0,
2015-01-30,32.0,-29.0,0.0,584.0,
2015-01-31,77.0,-59.0,0.0,584.0,
2015-02-01,131.0,-22.0,0.0,559.0,
2015-02-02,90.0,3.0,0.0,559.0,
2015-02-03,96.0,24.0,0.0,559.0,
2015-02-04,107.0,39.0,0.0,533.0,
2015-02-05,89.0,42.0,0.0,533.0,
2015-02-06,75.0,-16.0,356.0,838.0,
2015-02-07,34.0,0.0,483.0,686.0,
2015-02-08,49.0,-15.0,610.0,686.0,
2015-02-09,0.0,-92.0,203.0,864.0,
2015-02-10,80.0,-97.0,0.0,838.0,
2015-02-11,162.0,-49.0,0.0,787.0,
2015-02-12,190.0,29.0,0.0,762.0,
2015-02-13,173.0,30.0,0.0,762.0,
2015-02-14,147.0,14.0,0.0,737.0,
2015-02-15,101.0,-14.0,0.0,737.0,
2015-02-16,153.0,-15.0,0.0,737.0,
2015-02-17,147.0,-14.0,0.0,711.0,
2015-02-18,154.0,8.0,0.0,711.0,
2015-02-19,138.0,-4.0,0.0,711.0,
2015-02-20,132.0,-18.0,0.0,686.0,
2015-02-21,96.0,-38.0,0.0,686.0,
2015-02-22,-38.0,-100.0,51.0,737.0,
2015-02-23,-24.0,-122.0,0.0,737.0,
2015-02-24,106.0,-115.0,0.0,686.0,
2015-02-25,107.0,-30.0,0.0,686.0,
2015-02-26,76.0,-28.0,0.0,660.0,
2015-02-27,27.0,-47.0,152.0,864.0,
2015-02-28,2.0,-67.0,127.0,1041.0,
2015-03-01,-21.0,-96.0,25.0,1016.0,
2015-03-02,18.0,-106.0,0.0,940.0,
2015-03-03,21.0,-106.0,0.0,914.0,
2015-03-04,74.0,-126.0,0.0,889.0,
2015-03-05,104.0,-78.0,0.0,838.0,
2015-03-06,112.0,-48.0,0.0,813.0,
2015-03-07,146.0,-38.0,0.0,787.0,
2015-03-08,146.0,-35.0,0.0,762.0,
2015-03-09,134.0,-11.0,0.0,737.0,
2015-03-10,126.0,-18.0,0.0,711.0,
2015-03-11,48.0,-23.0,25.0,686.0,
2015-03-12,99.0,-38.0,0.0,686.0,
2015-03-13,154.0,-27.0,0.0,660.0,
2015-03-14,158.0,51.0,0.0,610.0,
2015-03-15,111.0,62.0,0.0,610.0,
2015-03-16,114.0,40.0,25.0,559.0,
2015-03-17,91.0,-18.0,25.0,559.0,
2015-03-18,117.0,-29.0,0.0,533.0,
2015-03-19,154.0,-30.0,0.0,508.0,
2015-03-20,120.0,10.0,0.0,483.0,
2015-03-21,97.0,11.0,0.0,483.0,
2015-03-22,85.0,-16.0,0.0,457.0,
2015-03-23,35.0,-23.0,76.0,483.0,
2015-03-24,49.0,-13.0,0.0,483.0,
2015-03-25,131.0,-12.0,0.0,432.0,
2015-03-26,168.0,-11.0,0.0,381.0,
2015-03-27,152.0,22.0,0.0,330.0,
2015-03-28,152.0,16.0,0.0,305.0,
2015-03-29,173.0,-2.0,0.0,254.0,
2015-03-30,173.0,10.0,0.0,203.0,
2015-03-31,91.0,-42.0,0.0,178.0,
2015-04-01,66.0,-78.0,0.0,152.0,
2015-04-02,55.0,-67.0,0.0,152.0,
2015-04-03,97.0,-80.0,0.0,102.0,
2015-04-04,84.0,-13.0,0.0,51.0,
2015-04-05,-1.0,-67.0,51.0,127.0,
2015-04-06,24.0,-72.0,25.0,102.0,
2015-04-07,-38.0,-82.0,254.0,457.0,
2015-04-08,54.0,-83.0,0.0,279.0,
2015-04-09,75.0,-81.0,0.0,203.0,
2015-04-10,90.0,-36.0,0.0,152.0,
2015-04-11,98.0,-27.0,0.0,127.0,
2015-04-12,151.0,-24.0,0.0,76.0,
2015-04-13,124.0,10.0,0.0,25.0,
2015-04-14,50.0,-71.0,0.0,0.0,
2015-04-15,90.0,-89.0,0.0,0.0,
2015-04-16,118.0,-64.0,0.0,0.0,
2015-04-17,161.0,-30.0,0.0,0.0,
2015-04-18,166.0,2.0,0.0,0.0,
2015-04-19,162.0,-3.0,0.0,0.0,
2015-04-20,164.0,7.0,0.0,0.0,
2015-04-21,142.0,11.0,0.0,0.0,
2015-04-22,131.0,-1.0,51.0,0.0,
2015-04-23,107.0,-1.0,0.0,0.0,
2015-04-24,46.0,-22.0,76.0,76.0,
2015-04-25,20.0,-32.0,330.0,254.0,
2015-04-26,100.0,-62.0,0.0,203.0,
2015-04-27,134.0,-3.0,0.0,102.0,
2015-04-28,151.0,1.0,0.0,0.0,
2015-04-29,159.0,28.0,0.0,0.0,
2015-04-30,163.0,-1.0,0.0,0.0,
2015-05-01,176.0,15.0,0.0,0.0,
2015-05-02,164.0,30.0,0.0,0.0,
2015-05-03,162.0,16.0,0.0,0.0,
2015-05-04,154.0,11.0,0.0,0.0,
2015-05-05,140.0,4.0,0.0,0.0,
2015-05-06,110.0,-37.0,25.0,0.0,
2015-05-07,-1.0,-44.0,229.0,254.0,
2015-05-08,72.0,-15.0,51.0,76.0,
2015-05-09,123.0,-10.0,0.0,0.0,
2015-05-10,140.0,-8.0,0.0,0.0,
2015-05-11,107.0,33.0,51.0,0.0,
2015-05-12,57.0,5.0,25.0,0.0,
2015-05-13,66.0,-10.0,0.0,0.0,
2015-05-14,38.0,-18.0,0.0,0.0,
2015-05-15,8.0,-23.0,51.0,0.0,
2015-05-16,71.0,-18.0,0.0,0.0,
2015-05-17,54.0,-14.0,0.0,0.0,
2015-05-18,55.0,-18.0,25.0,0.0,
2015-05-19,91.0,-14.0,0.0,0.0,
2015-05-20,99.0,-7.0,0.0,0.0,
2015-05-21,76.0,-8.0,51.0,0.0,
2015-05-22,82.0,14.0,0.0,0.0,
2015-05-23,81.0,22.0,0.0,0.0,
2015-05-24,142.0,26.0,0.0,0.0,
2015-05-25,156.0,23.0,0.0,0.0,
2015-05-26,162.0,22.0,0.0,0.0,
2015-05-27,174.0,20.0,0.0,0.0,
2015-05-28,195.0,22.0,0.0,0.0,
2015-05-29,216.0,54.0,0.0,0.0,
2015-05-30,218.0,107.0,0.0,0.0,
2015-05-31,208.0,90.0,0.0,0.0,
2015-06-01,140.0,50.0,0.0,0.0,
2015-06-02,167.0,26.0,0.0,0.0,
2015-06-03,159.0,27.0,0.0,0.0,
2015-06-04,126.0,10.0,0.0,0.0,
2015-06-05,162.0,23.0,0.0,0.0,
2015-06-06,176.0,16.0,0.0,0.0,
2015-06-07,189.0,38.0,0.0,0.0,
2015-06-08,229.0,69.0,0.0,0.0,
2015-06-09,218.0,70.0,25.0,0.0,
2015-06-10,124.0,66.0,127.0,0.0,
2015-06-11,208.0,58.0,0.0,0.0,
2015-06-12,235.0,67.0,0.0,0.0,
2015-06-13,235.0,96.0,0.0,0.0,
2015-06-14,232.0,104.0,0.0,0.0,
2015-06-15,228.0,76.0,0.0,0.0,
2015-06-16,237.0,50.0,0.0,0.0,
2015-06-17,229.0,75.0,0.0,0.0,
2015-06-18,220.0,89.0,0.0,0.0,
2015-06-19,234.0,133.0,0.0,0.0,
2015-06-20,240.0,138.0,0.0,0.0,
2015-06-21,195.0,122.0,0.0,0.0,
2015-06-22,222.0,108.0,0.0,0.0,
2015-06-23,249.0,61.0,0.0,0.0,
2015-06-24,265.0,90.0,0.0,0.0,
2015-06-25,266.0,107.0,0.0,0.0,
2015-06-26,262.0,112.0,0.0,0.0,
2015-06-27,261.0,117.0,0.0,0.0,
2015-06-28,230.0,111.0,0.0,0.0,
2015-06-29,249.0,118.0,0.0,0.0,
2015-06-30,272.0,121.0,0.0,0.0,
2015-07-01,246.0,123.0,0.0,0.0,
2015-07-02,252.0,115.0,25.0,0.0,
2015-07-03,243.0,100.0,0.0,0.0,
2015-07-04,204.0,76.0,254.0,0.0,
2015-07-05,232.0,69.0,25.0,0.0,
2015-07-06,230.0,80.0,0.0,0.0,
2015-07-07,200.0,64.0,0.0,0.0,
2015-07-08,162.0,55.0,76.0,0.0,
2015-07-09,121.0,36.0,0.0,0.0,
2015-07-10,129.0,27.0,0.0,0.0,
2015-07-11,178.0,40.0,0.0,0.0,
2015-07-12,176.0,54.0,0.0,0.0,
2015-07-13,203.0,72.0,0.0,0.0,
2015-07-14,203.0,65.0,0.0,0.0,
2015-07-15,228.0,60.0,0.0,0.0,
2015-07-16,237.0,88.0,0.0,0.0,
2015-07-17,234.0,90.0,0.0,0.0,
2015-07-18,201.0,85.0,0.0,0.0,
2015-07-19,206.0,58.0,0.0,0.0,
2015-07-20,226.0,79.0,0.0,0.0,
2015-07-21,215.0,84.0,102.0,0.0,
2015-07-22,184.0,76.0,0.0,0.0,
2015-07-23,190.0,98.0,0.0,0.0,
2015-07-24,188.0,76.0,0.0,0.0,
2015-07-25,203.0,62.0,0.0,0.0,
2015-07-26,205.0,77.0,0.0,0.0,
2015-07-27,208.0,24.0,0.0,0.0,
2015-07-28,240.0,46.0,0.0,0.0,
2015-07-29,267.0,75.0,0.0,0.0,
2015-07-30,271.0,108.0,0.0,0.0,
2015-07-31,237.0,126.0,0.0,0.0,
2015-08-01,253.0,118.0,0.0,0.0,
2015-08-02,222.0,89.0,0.0,0.0,
2015-08-03,229.0,78.0,0.0,0.0,
2015-08-04,222.0,80.0,0.0,0.0,
2015-08-05,219.0,87.0,0.0,0.0,
2015-08-06,217.0,76.0,0.0,0.0,
2015-08-07,175.0,41.0,51.0,0.0,
2015-08-08,198.0,40.0,0.0,0.0,
2015-08-09,232.0,64.0,0.0,0.0,
2015-08-10,212.0,88.0,0.0,0.0,
2015-08-11,213.0,82.0,0.0,0.0,
2015-08-12,229.0,75.0,0.0,0.0,
2015-08-13,247.0,99.0,0.0,0.0,
2015-08-14,226.0,134.0,0.0,0.0,
2015-08-15,259.0,77.0,0.0,0.0,
2015-08-16,270.0,109.0,0.0,0.0,
2015-08-17,278.0,122.0,0.0,0.0,
2015-08-18,272.0,94.0,0.0,0.0,
2015-08-19,264.0,99.0,0.0,0.0,
2015-08-20,267.0,86.0,0.0,0.0,
2015-08-21,258.0,87.0,0.0,0.0,
2015-08-22,267.0,79.0,0.0,0.0,
2015-08-23,238.0,111.0,0.0,0.0,
2015-08-24,248.0,138.0,0.0,0.0,
2015-08-25,245.0,112.0,0.0,0.0,
2015-08-26,232.0,130.0,0.0,0.0,
2015-08-27,245.0,109.0,0.0,0.0,
2015-08-28,237.0,116.0,0.0,0.0,
2015-08-29,180.0,102.0,0.0,0.0,
2015-08-30,203.0,59.0,0.0,0.0,
2015-08-31,240.0,52.0,0.0,0.0,
2015-09-01,222.0,82.0,25.0,0.0,
2015-09-02,198.0,96.0,0.0,0.0,
2015-09-03,163.0,68.0,0.0,0.0,
2015-09-04,140.0,50.0,0.0,0.0,
2015-09-05,164.0,16.0,0.0,0.0,
2015-09-06,195.0,0.0,0.0,0.0,
2015-09-07,228.0,36.0,0.0,0.0,
2015-09-08,250.0,68.0,0.0,0.0,
2015-09-09,262.0,97.0,0.0,0.0,
2015-09-10,253.0,99.0,0.0,0.0,
2015-09-11,269.0,109.0,0.0,0.0,
2015-09-12,262.0,117.0,0.0,0.0,
2015-09-13,218.0,100.0,0.0,0.0,
2015-09-14,173.0,66.0,51.0,0.0,
2015-09-15,115.0,36.0,51.0,0.0,
2015-09-16,87.0,13.0,0.0,0.0,
2015-09-17,163.0,18.0,0.0,0.0,
2015-09-18,217.0,10.0,0.0,0.0,
2015-09-19,235.0,40.0,0.0,0.0,
2015-09-20,240.0,78.0,0.0,0.0,
2015-09-21,243.0,91.0,0.0,0.0,
2015-09-22,215.0,119.0,0.0,0.0,
2015-09-23,229.0,88.0,0.0,0.0,
2015-09-24,244.0,81.0,0.0,0.0,
2015-09-25,229.0,90.0,0.0,0.0,
2015-09-26,214.0,127.0,0.0,0.0,
2015-09-27,210.0,100.0,0.0,0.0,
2015-09-28,199.0,84.0,0.0,0.0,
2015-09-29,188.0,91.0,0.0,0.0,
2015-09-30,156.0,61.0,0.0,0.0,
2015-10-01,111.0,7.0,127.0,0.0,
2015-10-02,148.0,6.0,0.0,0.0,
2015-10-03,149.0,15.0,25.0,0.0,
2015-10-04,59.0,29.0,25.0,0.0,
2015-10-05,146.0,16.0,0.0,0.0,
2015-10-06,175.0,24.0,0.0,0.0,
2015-10-07,192.0,40.0,0.0,0.0,
2015-10-08,237.0,74.0,0.0,0.0,
2015-10-09,242.0,96.0,0.0,0.0,
2015-10-10,202.0,118.0,0.0,0.0,
2015-10-11,219.0,80.0,0.0,0.0,
2015-10-12,234.0,76.0,0.0,0.0,
2015-10-13,240.0,84.0,0.0,0.0,
2015-10-14,222.0,81.0,0.0,0.0,
2015-10-15,188.0,68.0,0.0,0.0,
2015-10-16,155.0,55.0,76.0,0.0,
2015-10-17,80.0,35.0,356.0,0.0,
2015-10-18,99.0,2.0,0.0,0.0,
2015-10-19,112.0,-24.0,25.0,0.0,
2015-10-20,68.0,20.0,0.0,0.0,
2015-10-21,105.0,-12.0,0.0,0.0,
2015-10-22,146.0,-16.0,25.0,0.0,
2015-10-23,155.0,-12.0,0.0,0.0,
2015-10-24,149.0,28.0,0.0,0.0,
2015-10-25,129.0,29.0,0.0,0.0,
2015-10-26,161.0,25.0,0.0,0.0,
2015-10-27,115.0,41.0,0.0,0.0,
2015-10-28,68.0,-3.0,102.0,0.0,
2015-10-29,77.0,-25.0,0.0,0.0,
2015-10-30,138.0,-27.0,25.0,0.0,
2015-10-31,148.0,41.0,0.0,0.0,
2015-11-01,110.0,18.0,102.0,0.0,
2015-11-02,27.0,-35.0,610.0,279.0,
2015-11-03,15.0,-76.0,0.0,229.0,
2015-11-04,-26.0,-115.0,51.0,229.0,
2015-11-05,27.0,-109.0,0.0,203.0,
2015-11-06,91.0,-83.0,25.0,178.0,
2015-11-07,119.0,-32.0,0.0,127.0,
2015-11-08,59.0,-30.0,254.0,356.0,
2015-11-09,-28.0,-76.0,102.0,432.0,
2015-11-10,3.0,-114.0,0.0,406.0,
2015-11-11,75.0,-109.0,25.0,356.0,
2015-11-12,89.0,-56.0,0.0,356.0,
2015-11-13,132.0,-45.0,0.0,305.0,
2015-11-14,94.0,4.0,0.0,279.0,
2015-11-15,20.0,-84.0,203.0,508.0,
2015-11-16,-46.0,-128.0,0.0,483.0,
2015-11-17,79.0,-103.0,25.0,406.0,
2015-11-18,112.0,-11.0,0.0,406.0,
2015-11-19,124.0,-8.0,0.0,381.0,
2015-11-20,80.0,-18.0,0.0,356.0,
2015-11-21,123.0,-25.0,0.0,330.0,
2015-11-22,132.0,-6.0,0.0,305.0,
2015-11-23,70.0,7.0,0.0,305.0,
2015-11-24,17.0,-91.0,229.0,533.0,
2015-11-25,-61.0,-145.0,0.0,559.0,
2015-11-26,-81.0,-152.0,25.0,533.0,
2015-11-27,-76.0,-135.0,0.0,559.0,
2015-11-28,-31.0,-171.0,0.0,559.0,
2015-11-29,25.0,-160.0,0.0,483.0,
2015-11-30,45.0,-101.0,51.0,483.0,
2015-12-01,86.0,-69.0,0.0,457.0,
2015-12-02,86.0,13.0,0.0,406.0,
2015-12-03,52.0,-44.0,102.0,508.0,
2015-12-04,7.0,-98.0,0.0,508.0,
2015-12-05,71.0,-98.0,0.0,457.0,
2015-12-06,56.0,3.0,0.0,457.0,
2015-12-07,84.0,27.0,0.0,406.0,
2015-12-08,112.0,15.0,0.0,381.0,
2015-12-09,97.0,38.0,0.0,381.0,
2015-12-10,40.0,-63.0,305.0,610.0,
2015-12-11,-34.0,-110.0,102.0,711.0,
2015-12-12,-4.0,-127.0,76.0,635.0,
2015-12-13,-4.0,-96.0,279.0,914.0,
2015-12-14,-72.0,-176.0,0.0,864.0,
2015-12-15,-63.0,-176.0,0.0,813.0,
2015-12-16,8.0,-140.0,51.0,762.0,
2015-12-17,23.0,-47.0,0.0,762.0,
2015-12-18,37.0,-16.0,0.0,737.0,
2015-12-19,-14.0,-106.0,254.0,965.0,
2015-12-20,-7.0,-117.0,76.0,965.0,
2015-12-21,3.0,-18.0,584.0,1372.0,
2015-12-22,17.0,-35.0,254.0,1372.0,
2015-12-23,-26.0,-103.0,0.0,1321.0,
2015-12-24,-74.0,-119.0,229.0,1778.0,
2015-12-25,-57.0,-131.0,0.0,1651.0,
2015-12-26,-45.0,-155.0,0.0,1549.0,
2015-12-27,35.0,-94.0,51.0,1473.0,
2015-12-28,-32.0,-98.0,0.0,1524.0,
2015-12-29,-9.0,-105.0,0.0,1448.0,
2015-12-30,-3.0,-98.0,0.0,1422.0,
2015-12-31,-67.0,-142.0,0.0,1397.0,
2016-01-01,-63.0,-178.0,0.0,1346.0,
2016-01-02,23.0,-70.0,51.0,1321.0,
2016-01-03,42.0,-42.0,0.0,1295.0,
2016-01-04,14.0,-52.0,25.0,1295.0,
2016-01-05,-13.0,-63.0,152.0,1422.0,
2016-01-06,-38.0,-64.0,152.0,1499.0,
2016-01-07,-16.0,-125.0,0.0,1473.0,
2016-01-08,-1.0,-126.0,0.0,1448.0,
2016-01-09,1.0,-68.0,0.0,1448.0,
2016-01-10,-2.0,-112.0,0.0,1397.0,
2016-01-11,67.0,-134.0,25.0,1372.0,
2016-01-12,75.0,-56.0,0.0,1346.0,
2016-01-13,5.0,-56.0,203.0,1499.0,
2016-01-14,5.0,-82.0,229.0,1651.0,
2016-01-15,3.0,-65.0,203.0,1727.0,
2016-01-16,37.0,-37.0,127.0,1727.0,
2016-01-17,32.0,-35.0,25.0,1676.0,
2016-01-18,34.0,-32.0,102.0,1778.0,
2016-01-19,1.0,-50.0,279.0,1905.0,
2016-01-20,67.0,-47.0,25.0,1880.0,
2016-01-21,79.0,-22.0,0.0,1803.0,
2016-01-22,24.0,-18.0,330.0,2083.0,
2016-01-23,-4.0,-62.0,152.0,2108.0,
2016-01-24,10.0,-97.0,0.0,2057.0,
2016-01-25,37.0,-87.0,0.0,2007.0,
2016-01-26,98.0,-86.0,0.0,1956.0,
2016-01-27,105.0,-21.0,0.0,1930.0,
2016-01-28,101.0,-15.0,0.0,1880.0,
2016-01-29,49.0,7.0,406.0,1803.0,
2016-01-30,13.0,-66.0,203.0,1905.0,
2016-01-31,-31.0,-108.0,152.0,2083.0,
2016-02-01,-26.0,-165.0,0.0,2032.0,
2016-02-02,-26.0,-129.0,25.0,1956.0,
2016-02-03,46.0,-145.0,25.0,1905.0,
2016-02-04,49.0,-84.0,0.0,1880.0,
2016-02-05,71.0,-94.0,0.0,1854.0,
2016-02-06,90.0,-37.0,51.0,1829.0,
2016-02-07,89.0,-34.0,0.0,1829.0,
2016-02-08,112.0,-40.0,0.0,1803.0,
2016-02-09,153.0,-18.0,0.0,1778.0,
2016-02-10,150.0,10.0,0.0,1753.0,
2016-02-11,144.0,10.0,0.0,1727.0,
2016-02-12,129.0,8.0,0.0,1702.0,
2016-02-13,123.0,-16.0,0.0,1702.0,
2016-02-14,98.0,-11.0,0.0,1676.0,
2016-02-15,124.0,-15.0,0.0,1651.0,
2016-02-16,151.0,12.0,0.0,1626.0,
2016-02-17,88.0,-53.0,254.0,1829.0,
2016-02-18,-39.0,-67.0,254.0,2108.0,
2016-02-19,26.0,-60.0,0.0,2007.0,
2016-02-20,92.0,-28.0,0.0,1930.0,
2016-02-21,108.0,-26.0,0.0,1905.0,
2016-02-22,82.0,-66.0,0.0,1880.0,
2016-02-23,129.0,-30.0,0.0,1829.0,
2016-02-24,121.0,-13.0,0.0,1803.0,
2016-02-25,139.0,-16.0,0.0,1778.0,
2016-02-26,118.0,5.0,0.0,1727.0,
2016-02-27,94.0,0.0,0.0,1702.0,
2016-02-28,92.0,-13.0,0.0,1702.0,
2016-02-29,99.0,-13.0,0.0,1651.0,
2016-03-01,99.0,13.0,0.0,1651.0,
2016-03-02,118.0,22.0,0.0,1626.0,
2016-03-03,85.0,0.0,0.0,1626.0,
2016-03-04,70.0,-2.0,254.0,1702.0,
2016-03-05,33.0,-9.0,330.0,1905.0,
2016-03-06,-8.0,-63.0,356.0,2261.0,
2016-03-07,29.0,-56.0,203.0,2286.0,
2016-03-08,29.0,-102.0,25.0,2184.0,
2016-03-09,64.0,-18.0,76.0,2057.0,
2016-03-10,52.0,7.0,0.0,2007.0,
2016-03-11,27.0,-62.0,102.0,2134.0,
2016-03-12,-7.0,-56.0,127.0,2159.0,
2016-03-13,-10.0,-29.0,610.0,2616.0,
2016-03-14,21.0,-50.0,102.0,2489.0,
2016-03-15,74.0,-50.0,0.0,2438.0,
2016-03-16,127.0,-48.0,25.0,2362.0,
2016-03-17,142.0,-39.0,0.0,2286.0,
2016-03-18,137.0,-16.0,0.0,2235.0,
2016-03-19,122.0,6.0,0.0,2210.0,
2016-03-20,75.0,3.0,102.0,2184.0,
2016-03-21,15.0,-60.0,279.0,2362.0,
2016-03-22,-7.0,-88.0,51.0,2337.0,
2016-03-23,100.0,-98.0,0.0,2235.0,
2016-03-24,95.0,-20.0,0.0,2184.0,
2016-03-25,107.0,-27.0,0.0,2159.0,
2016-03-26,127.0,-70.0,25.0,2134.0,
2016-03-27,76.0,-6.0,0.0,2108.0,
2016-03-28,-1.0,-101.0,51.0,2235.0,
2016-03-29,10.0,-104.0,25.0,2184.0,
2016-03-30,44.0,-54.0,0.0,2134.0,
2016-03-31,115.0,-56.0,0.0,2108.0,
2016-04-01,142.0,-18.0,0.0,2057.0,
2016-04-02,132.0,-8.0,0.0,2032.0,
2016-04-03,129.0,1.0,0.0,1981.0,
2016-04-04,126.0,-3.0,0.0,1956.0,
2016-04-05,136.0,-25.0,0.0,1930.0,
2016-04-06,159.0,-10.0,0.0,1880.0,
2016-04-07,170.0,14.0,25.0,1880.0,
2016-04-08,139.0,20.0,0.0,1854.0,
2016-04-09,38.0,1.0,229.0,1905.0,
2016-04-10,99.0,-8.0,25.0,1854.0,
2016-04-11,100.0,-14.0,0.0,1803.0,
2016-04-12,99.0,-14.0,0.0,1778.0,
2016-04-13,66.0,-10.0,0.0,1753.0,
2016-04-14,38.0,-47.0,0.0,1753.0,
2016-04-15,48.0,-81.0,25.0,1753.0,
2016-04-16,111.0,-47.0,25.0,1727.0,
2016-04-17,153.0,-18.0,0.0,1676.0,
2016-04-18,164.0,3.0,0.0,1626.0,
2016-04-19,168.0,13.0,0.0,1575.0,
2016-04-20,136.0,27.0,0.0,1549.0,
2016-04-21,124.0,33.0,0.0,1524.0,
2016-04-22,37.0,-50.0,203.0,1803.0,
2016-04-23,74.0,-69.0,76.0,1753.0,
2016-04-24,76.0,-52.0,76.0,1702.0,
2016-04-25,26.0,-70.0,0.0,1651.0,
2016-04-26,80.0,-78.0,0.0,1600.0,
2016-04-27,68.0,-27.0,127.0,1753.0,
2016-04-28,67.0,-27.0,25.0,1651.0,
2016-04-29,90.0,-27.0,51.0,1651.0,
2016-04-30,34.0,-31.0,0.0,1626.0,
2016-05-01,107.0,-27.0,51.0,1575.0,
2016-05-02,123.0,-27.0,0.0,1549.0,
2016-05-03,144.0,3.0,0.0,1524.0,
2016-05-04,123.0,29.0,0.0,1473.0,
2016-05-05,90.0,-4.0,51.0,1499.0,
2016-05-06,108.0,-4.0,102.0,1473.0,
2016-05-07,55.0,0.0,0.0,1448.0,
2016-05-08,126.0,2.0,0.0,1422.0,
2016-05-09,141.0,1.0,0.0,1346.0,
2016-05-10,143.0,-13.0,0.0,1295.0,
2016-05-11,171.0,-18.0,0.0,1245.0,
2016-05-12,182.0,40.0,0.0,1168.0,
2016-05-13,187.0,47.0,0.0,1092.0,
2016-05-14,108.0,20.0,0.0,1041.0,
2016-05-15,114.0,-16.0,0.0,991.0,
2016-05-16,133.0,-10.0,25.0,940.0,
2016-05-17,136.0,13.0,0.0,864.0,
2016-05-18,179.0,23.0,0.0,787.0,
2016-05-19,120.0,30.0,0.0,737.0,
2016-05-20,32.0,-40.0,51.0,787.0,
2016-05-21,41.0,-44.0,0.0,762.0,
2016-05-22,74.0,-54.0,25.0,686.0,
2016-05-23,89.0,-35.0,0.0,635.0,
2016-05-24,77.0,-8.0,25.0,635.0,
2016-05-25,89.0,-23.0,0.0,610.0,
2016-05-26,127.0,-13.0,0.0,584.0,
2016-05-27,143.0,5.0,0.0,533.0,
2016-05-28,164.0,13.0,0.0,457.0,
2016-05-29,174.0,24.0,0.0,356.0,
2016-05-30,205.0,34.0,0.0,229.0,
2016-05-31,216.0,51.0,0.0,102.0,
2016-06-01,211.0,68.0,0.0,25.0,
2016-06-02,219.0,74.0,0.0,0.0,
2016-06-03,257.0,66.0,0.0,0.0,
2016-06-04,238.0,89.0,0.0,0.0,
2016-06-05,210.0,68.0,0.0,0.0,
2016-06-06,217.0,59.0,0.0,0.0,
2016-06-07,233.0,78.0,0.0,0.0,
2016-06-08,219.0,99.0,0.0,0.0,
2016-06-09,180.0,96.0,0.0,0.0,
2016-06-10,158.0,55.0,0.0,0.0,
2016-06-11,170.0,37.0,0.0,0.0,
2016-06-12,144.0,39.0,0.0,0.0,
2016-06-13,166.0,33.0,0.0,0.0,
2016-06-14,136.0,49.0,0.0,0.0,
2016-06-15,88.0,7.0,0.0,0.0,
2016-06-16,119.0,3.0,0.0,0.0,
2016-06-17,132.0,32.0,0.0,0.0,
2016-06-18,154.0,60.0,0.0,0.0,
2016-06-19,211.0,23.0,0.0,0.0,
2016-06-20,240.0,126.0,0.0,0.0,
2016-06-21,252.0,144.0,0.0,0.0,
2016-06-22,236.0,137.0,0.0,0.0,
2016-06-23,219.0,120.0,0.0,0.0,
2016-06-24,215.0,71.0,0.0,0.0,
2016-06-25,250.0,45.0,0.0,0.0,
2016-06-26,258.0,80.0,0.0,0.0,
2016-06-27,259.0,79.0,0.0,0.0,
2016-06-28,270.0,127.0,0.0,0.0,
2016-06-29,260.0,122.0,0.0,0.0,
2016-06-30,256.0,100.0,0.0,0.0,
2016-07-01,250.0,104.0,0.0,0.0,
2016-07-02,238.0,107.0,0.0,0.0,
2016-07-03,235.0,98.0,0.0,0.0,
2016-07-04,226.0,117.0,0.0,0.0,
2016-07-05,218.0,107.0,0.0,0.0,
2016-07-06,212.0,108.0,0.0,0.0,
2016-07-07,214.0,98.0,0.0,0.0,
2016-07-08,211.0,104.0,0.0,0.0,
2016-07-09,176.0,88.0,0.0,0.0,
2016-07-10,166.0,26.0,0.0,0.0,
2016-07-11,211.0,7.0,0.0,0.0,
2016-07-12,211.0,68.0,0.0,0.0,
2016-07-13,251.0,66.0,0.0,0.0,
2016-07-14,267.0,90.0,0.0,0.0,
2016-07-15,251.0,108.0,0.0,0.0,
2016-07-16,231.0,127.0,0.0,0.0,
2016-07-17,216.0,118.0,0.0,0.0,
2016-07-18,195.0,106.0,0.0,0.0,
2016-07-19,210.0,101.0,0.0,0.0,
2016-07-20,232.0,107.0,0.0,0.0,
2016-07-21,236.0,107.0,0.0,0.0,
2016-07-22,256.0,100.0,0.0,0.0,
2016-07-23,269.0,65.0,0.0,0.0,
2016-07-24,269.0,97.0,0.0,0.0,
2016-07-25,258.0,114.0,0.0,0.0,
2016-07-26,284.0,105.0,0.0,0.0,
2016-07-27,294.0,127.0,0.0,0.0,
2016-07-28,293.0,134.0,0.0,0.0,
2016-07-29,300.0,141.0,0.0,0.0,
2016-07-30,269.0,143.0,0.0,0.0,
2016-07-31,257.0,127.0,0.0,0.0,
2016-08-01,265.0,118.0,0.0,0.0,
2016-08-02,265.0,130.0,0.0,0.0,
2016-08-03,265.0,102.0,0.0,0.0,
2016-08-04,258.0,122.0,0.0,0.0,
2016-08-05,213.0,102.0,0.0,0.0,
2016-08-06,226.0,62.0,0.0,0.0,
2016-08-07,227.0,78.0,0.0,0.0,
2016-08-08,220.0,62.0,0.0,0.0,
2016-08-09,216.0,58.0,0.0,0.0,
2016-08-10,214.0,56.0,0.0,0.0,
2016-08-11,252.0,70.0,0.0,0.0,
2016-08-12,258.0,91.0,0.0,0.0,
2016-08-13,282.0,104.0,0.0,0.0,
2016-08-14,254.0,108.0,0.0,0.0,
2016-08-15,262.0,100.0,0.0,0.0,
2016-08-16,259.0,100.0,0.0,0.0,
2016-08-17,268.0,111.0,0.0,0.0,
2016-08-18,280.0,109.0,0.0,0.0,
2016-08-19,274.0,114.0,0.0,0.0,
2016-08-20,275.0,101.0,0.0,0.0,
2016-08-21,255.0,121.0,51.0,0.0,
2016-08-22,233.0,104.0,0.0,0.0,
2016-08-23,226.0,91.0,0.0,0.0,
2016-08-24,230.0,90.0,0.0,0.0,
2016-08-25,228.0,71.0,0.0,0.0,
2016-08-26,221.0,71.0,0.0,0.0,
2016-08-27,233.0,74.0,0.0,0.0,
2016-08-28,243.0,81.0,0.0,0.0,
2016-08-29,254.0,108.0,0.0,0.0,
2016-08-30,227.0,144.0,0.0,0.0,
2016-08-31,213.0,100.0,0.0,0.0,
2016-09-01,211.0,101.0,0.0,0.0,
2016-09-02,205.0,101.0,0.0,0.0,
2016-09-03,178.0,70.0,0.0,0.0,
2016-09-04,163.0,23.0,0.0,0.0,
2016-09-05,191.0,3.0,0.0,0.0,
2016-09-06,211.0,28.0,0.0,0.0,
2016-09-07,246.0,42.0,0.0,0.0,
2016-09-08,253.0,61.0,0.0,0.0,
2016-09-09,245.0,74.0,0.0,0.0,
2016-09-10,257.0,81.0,0.0,0.0,
2016-09-11,221.0,98.0,0.0,0.0,
2016-09-12,161.0,34.0,25.0,0.0,
2016-09-13,95.0,2.0,102.0,0.0,
2016-09-14,165.0,-8.0,0.0,0.0,
2016-09-15,197.0,24.0,0.0,0.0,
2016-09-16,211.0,37.0,0.0,0.0,
2016-09-17,227.0,47.0,0.0,0.0,
2016-09-18,234.0,81.0,0.0,0.0,
2016-09-19,221.0,136.0,0.0,0.0,
2016-09-20,210.0,115.0,0.0,0.0,
2016-09-21,118.0,37.0,25.0,0.0,
2016-09-22,72.0,-14.0,0.0,0.0,
2016-09-23,152.0,-36.0,0.0,0.0,
2016-09-24,198.0,3.0,0.0,0.0,
2016-09-25,198.0,42.0,0.0,0.0,
2016-09-26,235.0,58.0,0.0,0.0,
2016-09-27,251.0,75.0,0.0,0.0,
2016-09-28,237.0,78.0,0.0,0.0,
2016-09-29,192.0,88.0,0.0,0.0,
2016-09-30,162.0,68.0,0.0,0.0,
2016-10-01,131.0,36.0,0.0,0.0,
2016-10-02,59.0,-29.0,102.0,0.0,
2016-10-03,37.0,-45.0,0.0,0.0,
2016-10-04,98.0,-30.0,0.0,0.0,
2016-10-05,90.0,-32.0,0.0,0.0,
2016-10-06,150.0,-35.0,0.0,0.0,
2016-10-07,179.0,3.0,0.0,0.0,
2016-10-08,195.0,26.0,0.0,0.0,
2016-10-09,186.0,45.0,0.0,0.0,
2016-10-10,165.0,76.0,0.0,0.0,
2016-10-11,161.0,35.0,0.0,0.0,
2016-10-12,163.0,25.0,0.0,0.0,
2016-10-13,148.0,47.0,0.0,0.0,
2016-10-14,74.0,8.0,483.0,0.0,
2016-10-15,64.0,22.0,533.0,0.0,
2016-10-16,61.0,3.0,813.0,25.0,
2016-10-17,40.0,-25.0,51.0,25.0,
2016-10-18,79.0,-29.0,0.0,25.0,
2016-10-19,120.0,-38.0,0.0,0.0,
2016-10-20,187.0,2.0,0.0,0.0,
2016-10-21,154.0,45.0,0.0,0.0,
2016-10-22,136.0,67.0,0.0,0.0,
2016-10-23,128.0,32.0,0.0,0.0,
2016-10-24,62.0,25.0,127.0,0.0,
2016-10-25,84.0,21.0,0.0,0.0,
2016-10-26,118.0,65.0,0.0,0.0,
2016-10-27,85.0,32.0,381.0,0.0,
2016-10-28,54.0,33.0,305.0,0.0,
2016-10-29,87.0,34.0,0.0,0.0,
2016-10-30,64.0,-20.0,483.0,51.0,
2016-10-31,27.0,-20.0,51.0,25.0,
2016-11-01,60.0,-37.0,51.0,76.0,
2016-11-02,141.0,-46.0,0.0,51.0,
2016-11-03,167.0,-7.0,0.0,51.0,
2016-11-04,149.0,13.0,0.0,51.0,
2016-11-05,120.0,10.0,0.0,25.0,
2016-11-06,70.0,26.0,0.0,0.0,
2016-11-07,167.0,13.0,0.0,0.0,
2016-11-08,171.0,39.0,0.0,0.0,
2016-11-09,168.0,39.0,0.0,0.0,
2016-11-10,170.0,35.0,0.0,0.0,
2016-11-11,131.0,37.0,0.0,0.0,
2016-11-12,116.0,8.0,0.0,0.0,
2016-11-13,149.0,24.0,0.0,0.0,
2016-11-14,167.0,85.0,0.0,0.0,
2016-11-15,120.0,10.0,0.0,0.0,
2016-11-16,20.0,-91.0,51.0,0.0,
2016-11-17,39.0,-109.0,0.0,0.0,
2016-11-18,89.0,-66.0,0.0,0.0,
2016-11-19,57.0,-27.0,0.0,0.0,
2016-11-20,28.0,-31.0,102.0,76.0,
2016-11-21,20.0,-79.0,51.0,152.0,
2016-11-22,32.0,-90.0,51.0,127.0,
2016-11-23,-12.0,-100.0,102.0,229.0,
2016-11-24,62.0,-80.0,0.0,203.0,
2016-11-25,50.0,5.0,0.0,178.0,
2016-11-26,17.0,-58.0,127.0,381.0,
2016-11-27,-8.0,-76.0,229.0,533.0,
2016-11-28,14.0,-91.0,0.0,508.0,
2016-11-29,46.0,-105.0,0.0,432.0,
2016-11-30,42.0,-49.0,0.0,406.0,
2016-12-01,1.0,-86.0,0.0,381.0,
2016-12-02,-34.0,-115.0,0.0,381.0,
2016-12-03,97.0,-66.0,0.0,356.0,
2016-12-04,88.0,-12.0,0.0,330.0,
2016-12-05,40.0,-36.0,0.0,330.0,
2016-12-06,-8.0,-125.0,0.0,330.0,
2016-12-07,34.0,-146.0,76.0,356.0,
2016-12-08,36.0,-10.0,51.0,356.0,
2016-12-09,30.0,1.0,0.0,356.0,
2016-12-10,29.0,-4.0,737.0,457.0,
2016-12-11,24.0,-24.0,0.0,406.0,
2016-12-12,42.0,-25.0,0.0,406.0,
2016-12-13,28.0,-22.0,0.0,432.0,
2016-12-14,64.0,20.0,0.0,406.0,
2016-12-15,42.0,3.0,838.0,483.0,
2016-12-16,12.0,-120.0,76.0,508.0,
2016-12-17,-16.0,-167.0,0.0,508.0,
2016-12-18,-13.0,-144.0,0.0,508.0,
2016-12-19,98.0,-74.0,0.0,483.0,
2016-12-20,115.0,-32.0,0.0,483.0,
2016-12-21,-1.0,-50.0,0.0,483.0,
2016-12-22,74.0,-92.0,102.0,483.0,
2016-12-23,4.0,-87.0,330.0,787.0,
2016-12-24,-42.0,-162.0,0.0,762.0,
2016-12-25,-52.0,-189.0,0.0,762.0,
2016-12-26,34.0,-169.0,0.0,711.0,
2016-12-27,76.0,-15.0,0.0,686.0,
2016-12-28,101.0,-24.0,0.0,686.0,
2016-12-29,132.0,-16.0,0.0,660.0,
2016-12-30,66.0,-34.0,0.0,660.0,
2016-12-31,-16.0,-82.0,0.0,660.0,
2017-01-01,5.0,-95.0,0.0,660.0,
2017-01-02,-72.0,-104.0,178.0,813.0,
2017-01-03,-13.0,-76.0,635.0,1245.0,
2017-01-04,-1.0,-22.0,1092.0,1676.0,
2017-01-05,-13.0,-168.0,152.0,1600.0,
2017-01-06,-34.0,-183.0,51.0,1499.0,
2017-01-07,23.0,-46.0,584.0,1575.0,
2017-01-08,46.0,1.0,1219.0,1499.0,
2017-01-09,13.0,-58.0,127.0,1803.0,
2017-01-10,-8.0,-40.0,1118.0,2464.0,
2017-01-11,-30.0,-65.0,203.0,2388.0,
2017-01-12,-35.0,-76.0,76.0,2616.0,
2017-01-13,-40.0,-102.0,0.0,2489.0,
2017-01-14,17.0,-145.0,0.0,2388.0,
2017-01-15,39.0,-99.0,0.0,2311.0,
2017-01-16,45.0,-109.0,0.0,2235.0,
2017-01-17,99.0,-53.0,0.0,2184.0,
2017-01-18,41.0,-37.0,381.0,2438.0,
2017-01-19,-37.0,-67.0,406.0,2692.0,
2017-01-20,-47.0,-80.0,483.0,3048.0,
2017-01-21,-56.0,-83.0,229.0,3073.0,
2017-01-22,-26.0,-79.0,838.0,3429.0,
2017-01-23,-55.0,-130.0,229.0,3429.0,
2017-01-24,-28.0,-161.0,0.0,3302.0,
2017-01-25,-38.0,-162.0,0.0,3175.0,
2017-01-26,-14.0,-115.0,0.0,3099.0,
2017-01-27,33.0,-149.0,0.0,3023.0,
2017-01-28,92.0,-74.0,0.0,2946.0,
2017-01-29,128.0,-41.0,0.0,2896.0,
2017-01-30,133.0,-22.0,0.0,2819.0,
2017-01-31,107.0,-8.0,0.0,2769.0,
2017-02-01,59.0,-15.0,0.0,2743.0,
2017-02-02,17.0,-36.0,0.0,2845.0,
2017-02-03,-2.0,-23.0,178.0,3073.0,
2017-02-04,-2.0,-31.0,25.0,2997.0,
2017-02-05,38.0,-41.0,127.0,3073.0,
2017-02-06,-8.0,-30.0,356.0,3378.0,
2017-02-07,40.0,-14.0,457.0,3277.0,
2017-02-08,55.0,11.0,432.0,3048.0,
2017-02-09,59.0,-9.0,178.0,3404.0,
2017-02-10,6.0,-79.0,254.0,3683.0,
2017-02-11,3.0,-102.0,51.0,3556.0,
2017-02-12,48.0,-96.0,0.0,3480.0,
2017-02-13,87.0,-91.0,0.0,3404.0,
2017-02-14,99.0,-62.0,0.0,3327.0,
2017-02-15,88.0,-22.0,0.0,3277.0,
2017-02-16,38.0,-36.0,178.0,3327.0,
2017-02-17,-2.0,-42.0,152.0,3480.0,
2017-02-18,11.0,-39.0,356.0,3531.0,
2017-02-19,-1.0,-47.0,178.0,3632.0,
2017-02-20,5.0,-18.0,711.0,3988.0,
2017-02-21,-10.0,-53.0,457.0,4216.0,
2017-02-22,-36.0,-123.0,0.0,4216.0,
2017-02-23,-44.0,-169.0,0.0,4115.0,
2017-02-24,-52.0,-190.0,0.0,4013.0,
2017-02-25,-25.0,-128.0,0.0,3962.0,
2017-02-26,-27.0,-157.0,51.0,4039.0,
2017-02-27,-37.0,-129.0,102.0,4013.0,
2017-02-28,-2.0,-146.0,0.0,3937.0,
2017-03-01,79.0,-128.0,25.0,3861.0,
2017-03-02,112.0,-83.0,76.0,3810.0,
2017-03-03,105.0,-44.0,51.0,3734.0,
2017-03-04,32.0,-42.0,127.0,3759.0,
2017-03-05,-37.0,-126.0,381.0,4293.0,
2017-03-06,-50.0,-121.0,457.0,4191.0,
2017-03-07,33.0,-81.0,102.0,4064.0,
2017-03-08,114.0,-38.0,0.0,3988.0,
2017-03-09,141.0,-18.0,0.0,3861.0,
2017-03-10,124.0,-11.0,0.0,3785.0,
2017-03-11,141.0,-18.0,0.0,3708.0,
2017-03-12,156.0,-27.0,0.0,3658.0,
2017-03-13,166.0,-7.0,0.0,3607.0,
2017-03-14,150.0,60.0,0.0,3556.0,
2017-03-15,118.0,40.0,0.0,3531.0,
2017-03-16,118.0,15.0,0.0,3480.0,
2017-03-17,151.0,58.0,0.0,3429.0,
2017-03-18,87.0,17.0,0.0,3404.0,
2017-03-19,109.0,36.0,0.0,3378.0,
2017-03-20,87.0,0.0,0.0,3353.0,
2017-03-21,15.0,-24.0,152.0,3531.0,
2017-03-22,-1.0,-91.0,102.0,3556.0,
2017-03-23,44.0,-112.0,0.0,3505.0,
2017-03-24,-1.0,-32.0,76.0,3683.0,
2017-03-25,55.0,-73.0,0.0,3581.0,
2017-03-26,35.0,-23.0,25.0,3581.0,
2017-03-27,33.0,-63.0,102.0,3556.0,
2017-03-28,88.0,-83.0,0.0,3531.0,
2017-03-29,148.0,-28.0,0.0,3480.0,
2017-03-30,45.0,-68.0,178.0,3531.0,
2017-03-31,15.0,-73.0,0.0,3505.0,
2017-04-01,123.0,-35.0,0.0,3454.0,
2017-04-02,136.0,-4.0,0.0,3429.0,
2017-04-03,94.0,-38.0,25.0,3404.0,
2017-04-04,112.0,-28.0,0.0,3378.0,
2017-04-05,117.0,7.0,0.0,3327.0,
2017-04-06,44.0,-18.0,508.0,3505.0,
2017-04-07,-3.0,-28.0,533.0,3734.0,
2017-04-08,-20.0,-144.0,127.0,3912.0,
2017-04-09,36.0,-149.0,0.0,3810.0,
2017-04-10,61.0,-80.0,0.0,3734.0,
2017-04-11,34.0,-18.0,0.0,3683.0,
2017-04-12,50.0,0.0,152.0,3632.0,
2017-04-13,0.0,-72.0,787.0,4013.0,
2017-04-14,24.0,-131.0,0.0,3886.0,
2017-04-15,97.0,-79.0,0.0,3785.0,
2017-04-16,90.0,-2.0,0.0,3810.0,
2017-04-17,51.0,1.0,127.0,3759.0,
2017-04-18,64.0,-67.0,229.0,3759.0,
2017-04-19,82.0,-79.0,0.0,3708.0,
2017-04-20,77.0,-32.0,0.0,3708.0,
2017-04-21,163.0,-47.0,0.0,3658.0,
2017-04-22,126.0,8.0,25.0,3632.0,
2017-04-23,89.0,5.0,0.0,3581.0,
2017-04-24,30.0,-29.0,25.0,3581.0,
2017-04-25,95.0,-41.0,25.0,3556.0,
2017-04-26,87.0,10.0,127.0,3505.0,
2017-04-27,84.0,-38.0,0.0,3480.0,
2017-04-28,60.0,-53.0,0.0,3429.0,
2017-04-29,129.0,-63.0,0.0,3404.0,
2017-04-30,147.0,-9.0,0.0,3353.0,
2017-05-01,161.0,-6.0,0.0,3302.0,
2017-05-02,179.0,18.0,0.0,3251.0,
2017-05-03,192.0,25.0,0.0,3200.0,
2017-05-04,194.0,48.0,0.0,3124.0,
2017-05-05,131.0,41.0,0.0,3048.0,
2017-05-06,48.0,-8.0,152.0,3150.0,
2017-05-07,66.0,-13.0,76.0,3099.0,
2017-05-08,132.0,4.0,0.0,3023.0,
2017-05-09,165.0,0.0,0.0,2972.0,
2017-05-10,164.0,37.0,0.0,2896.0,
2017-05-11,129.0,37.0,0.0,2845.0,
2017-05-12,48.0,-50.0,0.0,2819.0,
2017-05-13,71.0,-70.0,0.0,2769.0,
2017-05-14,66.0,-44.0,0.0,2743.0,
2017-05-15,69.0,-32.0,25.0,2692.0,
2017-05-16,33.0,-15.0,51.0,2718.0,
2017-05-17,70.0,-35.0,0.0,2642.0,
2017-05-18,109.0,-41.0,0.0,2616.0,
2017-05-19,167.0,-18.0,0.0,2565.0,
2017-05-20,167.0,20.0,0.0,2489.0,
2017-05-21,187.0,20.0,0.0,2438.0,
2017-05-22,204.0,36.0,0.0,2362.0,
2017-05-23,215.0,52.0,0.0,2286.0,
2017-05-24,163.0,74.0,0.0,2235.0,
2017-05-25,139.0,37.0,0.0,2184.0,
2017-05-26,147.0,-1.0,0.0,2108.0,
2017-05-27,180.0,7.0,0.0,2032.0,
2017-05-28,200.0,30.0,0.0,1956.0,
2017-05-29,202.0,41.0,0.0,1905.0,
2017-05-30,189.0,51.0,0.0,1829.0,
2017-05-31,119.0,21.0,0.0,1753.0,
2017-06-01,162.0,6.0,0.0,1702.0,
2017-06-02,197.0,32.0,0.0,1626.0,
2017-06-03,188.0,75.0,0.0,1549.0,
2017-06-04,162.0,54.0,0.0,1448.0,
2017-06-05,192.0,30.0,0.0,1422.0,
2017-06-06,198.0,47.0,0.0,1346.0,
2017-06-07,177.0,60.0,0.0,1270.0,
2017-06-08,81.0,41.0,51.0,1194.0,
2017-06-09,81.0,33.0,0.0,1118.0,
2017-06-10,84.0,13.0,0.0,1067.0,
2017-06-11,36.0,-39.0,25.0,1067.0,
2017-06-12,45.0,-34.0,0.0,1041.0,
2017-06-13,151.0,-40.0,0.0,991.0,
2017-06-14,187.0,14.0,0.0,914.0,
2017-06-15,192.0,57.0,0.0,838.0,
2017-06-16,235.0,65.0,0.0,737.0,
2017-06-17,240.0,87.0,0.0,660.0,
2017-06-18,244.0,78.0,0.0,584.0,
2017-06-19,270.0,98.0,0.0,508.0,
2017-06-20,260.0,97.0,0.0,406.0,
2017-06-21,262.0,94.0,0.0,279.0,
2017-06-22,262.0,87.0,0.0,178.0,
2017-06-23,260.0,88.0,0.0,127.0,
2017-06-24,268.0,97.0,0.0,51.0,
2017-06-25,249.0,96.0,0.0,0.0,
2017-06-26,205.0,118.0,0.0,0.0,
2017-06-27,211.0,64.0,0.0,0.0,
2017-06-28,203.0,55.0,0.0,0.0,
2017-06-29,227.0,44.0,0.0,0.0,
2017-06-30,247.0,78.0,0.0,0.0,
2017-07-01,231.0,86.0,0.0,0.0,
2017-07-02,247.0,81.0,0.0,0.0,
2017-07-03,238.0,97.0,0.0,0.0,
2017-07-04,235.0,111.0,0.0,0.0,
2017-07-05,245.0,107.0,0.0,0.0,
2017-07-06,251.0,96.0,0.0,0.0,
2017-07-07,270.0,101.0,0.0,0.0,
2017-07-08,273.0,106.0,0.0,0.0,
2017-07-09,255.0,114.0,0.0,0.0,
2017-07-10,238.0,148.0,0.0,0.0,
2017-07-11,233.0,107.0,0.0,0.0,
2017-07-12,240.0,90.0,0.0,0.0,
2017-07-13,251.0,115.0,0.0,0.0,
2017-07-14,250.0,97.0,0.0,0.0,
2017-07-15,265.0,119.0,0.0,0.0,
2017-07-16,253.0,119.0,0.0,0.0,
2017-07-17,228.0,115.0,0.0,0.0,
2017-07-18,204.0,132.0,0.0,0.0,
2017-07-19,228.0,106.0,0.0,0.0,
2017-07-20,232.0,70.0,0.0,0.0,
2017-07-21,254.0,69.0,0.0,0.0,
2017-07-22,274.0,94.0,0.0,0.0,
2017-07-23,266.0,118.0,0.0,0.0,
2017-07-24,247.0,109.0,0.0,0.0,
2017-07-25,231.0,90.0,0.0,0.0,
2017-07-26,216.0,88.0,0.0,0.0,
2017-07-27,247.0,81.0,0.0,0.0,
2017-07-28,261.0,97.0,0.0,0.0,
2017-07-29,249.0,102.0,0.0,0.0,
2017-07-30,258.0,104.0,0.0,0.0,
2017-07-31,280.0,112.0,0.0,0.0,
2017-08-01,284.0,128.0,0.0,0.0,
2017-08-02,289.0,122.0,25.0,0.0,
2017-08-03,270.0,101.0,229.0,0.0,
2017-08-04,231.0,130.0,0.0,0.0,
2017-08-05,211.0,81.0,25.0,0.0,
2017-08-06,206.0,75.0,0.0,0.0,
2017-08-07,218.0,64.0,0.0,0.0,
2017-08-08,226.0,79.0,0.0,0.0,
2017-08-09,232.0,87.0,0.0,0.0,
2017-08-10,229.0,70.0,0.0,0.0,
2017-08-11,232.0,78.0,0.0,0.0,
2017-08-12,231.0,77.0,0.0,0.0,
2017-08-13,226.0,69.0,0.0,0.0,
2017-08-14,195.0,79.0,25.0,0.0,
2017-08-15,213.0,64.0,0.0,0.0,
2017-08-16,231.0,84.0,127.0,0.0,
2017-08-17,240.0,81.0,25.0,0.0,
2017-08-18,251.0,102.0,0.0,0.0,
2017-08-19,242.0,95.0,0.0,0.0,
2017-08-20,248.0,94.0,25.0,0.0,
2017-08-21,240.0,86.0,76.0,0.0,
2017-08-22,217.0,47.0,457.0,0.0,
2017-08-23,217.0,59.0,0.0,0.0,
2017-08-24,221.0,78.0,0.0,0.0,
2017-08-25,235.0,97.0,0.0,0.0,
2017-08-26,252.0,100.0,0.0,0.0,
2017-08-27,240.0,126.0,0.0,0.0,
2017-08-28,258.0,122.0,0.0,0.0,
2017-08-29,259.0,120.0,0.0,0.0,
2017-08-30,238.0,111.0,0.0,0.0,
2017-08-31,243.0,112.0,0.0,0.0,
2017-09-01,248.0,91.0,0.0,0.0,
2017-09-02,279.0,110.0,0.0,0.0,
2017-09-03,278.0,133.0,0.0,0.0,
2017-09-04,266.0,118.0,0.0,0.0,
2017-09-05,249.0,95.0,229.0,0.0,
2017-09-06,204.0,97.0,0.0,0.0,
2017-09-07,186.0,88.0,25.0,0.0,
2017-09-08,188.0,55.0,25.0,0.0,
2017-09-09,187.0,45.0,25.0,0.0,
2017-09-10,213.0,66.0,0.0,0.0,
2017-09-11,233.0,84.0,0.0,0.0,
2017-09-12,191.0,65.0,76.0,0.0,
2017-09-13,187.0,55.0,102.0,0.0,
2017-09-14,165.0,42.0,0.0,0.0,
2017-09-15,164.0,16.0,0.0,0.0,
2017-09-16,155.0,3.0,0.0,0.0,
2017-09-17,165.0,61.0,0.0,0.0,
2017-09-18,131.0,58.0,0.0,0.0,
2017-09-19,130.0,44.0,0.0,0.0,
2017-09-20,102.0,-7.0,279.0,0.0,
2017-09-21,22.0,-46.0,102.0,102.0,
2017-09-22,45.0,-62.0,0.0,51.0,
2017-09-23,64.0,-58.0,0.0,25.0,
2017-09-24,114.0,-39.0,0.0,25.0,
2017-09-25,127.0,-16.0,0.0,0.0,
2017-09-26,127.0,1.0,0.0,0.0,
2017-09-27,168.0,0.0,0.0,0.0,
2017-09-28,174.0,21.0,0.0,0.0,
2017-09-29,132.0,39.0,0.0,0.0,
2017-09-30,162.0,27.0,0.0,0.0,
2017-10-01,142.0,-15.0,0.0,0.0,
2017-10-02,115.0,-47.0,0.0,0.0,
2017-10-03,45.0,-60.0,0.0,0.0,
2017-10-04,128.0,-46.0,0.0,0.0,
2017-10-05,150.0,-21.0,0.0,0.0,
2017-10-06,212.0,-4.0,0.0,0.0,
2017-10-07,195.0,61.0,0.0,0.0,
2017-10-08,148.0,-22.0,0.0,0.0,
2017-10-09,112.0,-49.0,0.0,0.0,
2017-10-10,137.0,38.0,0.0,0.0,
2017-10-11,98.0,-27.0,25.0,0.0,
2017-10-12,112.0,-73.0,0.0,0.0,
2017-10-13,116.0,-12.0,0.0,0.0,
2017-10-14,106.0,-49.0,0.0,0.0,
2017-10-15,200.0,22.0,0.0,0.0,
2017-10-16,204.0,38.0,0.0,0.0,
2017-10-17,172.0,41.0,0.0,0.0,
2017-10-18,186.0,22.0,0.0,0.0,
2017-10-19,119.0,24.0,0.0,0.0,
2017-10-20,29.0,-65.0,152.0,51.0,
2017-10-21,122.0,-64.0,0.0,25.0,
2017-10-22,186.0,20.0,0.0,0.0,
2017-10-23,179.0,36.0,0.0,0.0,
2017-10-24,177.0,27.0,0.0,0.0,
2017-10-25,206.0,54.0,0.0,0.0,
2017-10-26,214.0,39.0,0.0,0.0,
2017-10-27,198.0,38.0,0.0,0.0,
2017-10-28,212.0,38.0,0.0,0.0,
2017-10-29,197.0,56.0,0.0,0.0,
2017-10-30,139.0,7.0,0.0,0.0,
2017-10-31,111.0,-21.0,0.0,0.0,
2017-11-01,143.0,27.0,0.0,0.0,
2017-11-02,117.0,-7.0,0.0,0.0,
2017-11-03,10.0,-15.0,25.0,0.0,
2017-11-04,1.0,-18.0,76.0,25.0,
2017-11-05,22.0,-24.0,25.0,51.0,
2017-11-06,49.0,-45.0,0.0,51.0,
2017-11-07,104.0,-35.0,0.0,51.0,
2017-11-08,59.0,24.0,0.0,25.0,
2017-11-09,30.0,1.0,254.0,76.0,
2017-11-10,37.0,-10.0,0.0,76.0,
2017-11-11,85.0,-38.0,0.0,76.0,
2017-11-12,88.0,24.0,0.0,76.0,
2017-11-13,65.0,3.0,102.0,102.0,
2017-11-14,61.0,-4.0,0.0,102.0,
2017-11-15,41.0,-23.0,584.0,178.0,
2017-11-16,33.0,2.0,1270.0,279.0,
2017-11-17,22.0,-89.0,51.0,330.0,
2017-11-18,98.0,-88.0,0.0,305.0,
2017-11-19,101.0,27.0,0.0,305.0,
2017-11-20,64.0,3.0,76.0,279.0,
2017-11-21,138.0,13.0,0.0,254.0,
2017-11-22,162.0,60.0,0.0,229.0,
2017-11-23,133.0,40.0,51.0,229.0,
2017-11-24,127.0,49.0,0.0,229.0,
2017-11-25,140.0,38.0,0.0,203.0,
2017-11-26,89.0,0.0,381.0,203.0,
2017-11-27,25.0,-69.0,152.0,356.0,
2017-11-28,65.0,-76.0,0.0,330.0,
2017-11-29,55.0,-55.0,0.0,305.0,
2017-11-30,94.0,-42.0,0.0,305.0,
2017-12-01,78.0,-16.0,0.0,279.0,
2017-12-02,69.0,-3.0,0.0,279.0,
2017-12-03,-3.0,-127.0,76.0,356.0,
2017-12-04,-52.0,-134.0,0.0,356.0,
2017-12-05,45.0,-117.0,0.0,356.0,
2017-12-06,52.0,-72.0,0.0,356.0,
2017-12-07,86.0,-63.0,0.0,356.0,
2017-12-08,114.0,-37.0,0.0,356.0,
2017-12-09,126.0,-32.0,0.0,330.0,
2017-12-10,124.0,-35.0,0.0,330.0,
2017-12-11,129.0,-28.0,0.0,330.0,
2017-12-12,166.0,-16.0,0.0,330.0,
2017-12-13,167.0,-6.0,0.0,330.0,
2017-12-14,165.0,-20.0,0.0,330.0,
2017-12-15,118.0,25.0,0.0,330.0,
2017-12-16,28.0,-99.0,0.0,330.0,
2017-12-17,67.0,-115.0,0.0,330.0,
2017-12-18,124.0,-24.0,0.0,330.0,
2017-12-19,76.0,1.0,0.0,305.0,
2017-12-20,14.0,-127.0,127.0,406.0,
2017-12-21,-20.0,-137.0,0.0,406.0,
2017-12-22,72.0,-68.0,0.0,406.0,
2017-12-23,78.0,8.0,0.0,381.0,
2017-12-24,82.0,-6.0,0.0,381.0,
2017-12-25,77.0,-4.0,0.0,381.0,
2017-12-26,118.0,-6.0,0.0,356.0,
2017-12-27,107.0,7.0,0.0,381.0,
2017-12-28,136.0,11.0,0.0,356.0,
2017-12-29,128.0,17.0,0.0,356.0,
2017-12-30,111.0,12.0,0.0,356.0,
2017-12-31,99.0,12.0,0.0,356.0,
2018-01-01,110.0,-6.0,0.0,356.0,
2018-01-02,87.0,-10.0,0.0,330.0,
2018-01-03,108.0,8.0,0.0,356.0,
2018-01-04,54.0,1.0,76.0,381.0,
2018-01-05,51.0,13.0,102.0,356.0,
2018-01-06,18.0,-74.0,279.0,432.0,
2018-01-07,60.0,-76.0,0.0,406.0,
2018-01-08,36.0,-6.0,254.0,406.0,
2018-01-09,37.0,0.0,178.0,432.0,
2018-01-10,27.0,-24.0,25.0,432.0,
2018-01-11,59.0,2.0,0.0,457.0,
2018-01-12,128.0,-28.0,0.0,432.0,
2018-01-13,102.0,-15.0,0.0,432.0,
2018-01-14,114.0,-15.0,0.0,432.0,
2018-01-15,106.0,6.0,0.0,432.0,
2018-01-16,59.0,8.0,0.0,432.0,
2018-01-17,109.0,2.0,0.0,432.0,
2018-01-18,62.0,-24.0,76.0,457.0,
2018-01-19,-24.0,-94.0,102.0,533.0,
2018-01-20,-14.0,-134.0,0.0,533.0,
2018-01-21,-3.0,-137.0,0.0,533.0,
2018-01-22,35.0,-78.0,0.0,533.0,
2018-01-23,67.0,-76.0,0.0,533.0,
2018-01-24,27.0,-46.0,178.0,711.0,
2018-01-25,-42.0,-109.0,76.0,762.0,
2018-01-26,-8.0,-141.0,0.0,762.0,
2018-01-27,68.0,-42.0,0.0,711.0,
2018-01-28,138.0,-36.0,0.0,711.0,
2018-01-29,120.0,1.0,0.0,635.0,
2018-01-30,118.0,20.0,0.0,635.0,
2018-01-31,128.0,-18.0,0.0,610.0,
2018-02-01,120.0,5.0,0.0,610.0,
2018-02-02,129.0,-6.0,0.0,610.0,
2018-02-03,130.0,-12.0,0.0,584.0,
2018-02-04,132.0,-20.0,0.0,610.0,
2018-02-05,116.0,-18.0,0.0,584.0,
2018-02-06,95.0,-47.0,0.0,584.0,
2018-02-07,140.0,-30.0,0.0,584.0,
2018-02-08,151.0,-11.0,0.0,584.0,
2018-02-09,131.0,-8.0,0.0,559.0,
2018-02-10,57.0,-90.0,0.0,559.0,
2018-02-11,50.0,-92.0,0.0,559.0,
2018-02-12,-35.0,-95.0,51.0,610.0,
2018-02-13,-9.0,-105.0,0.0,635.0,
2018-02-14,-4.0,-87.0,0.0,610.0,
2018-02-15,23.0,-96.0,0.0,610.0,
2018-02-16,97.0,-38.0,0.0,610.0,
2018-02-17,106.0,-41.0,0.0,559.0,
2018-02-18,18.0,-124.0,152.0,711.0,
2018-02-19,-87.0,-180.0,0.0,737.0,
2018-02-20,-52.0,-204.0,0.0,686.0,
2018-02-21,-25.0,-161.0,0.0,686.0,
2018-02-22,-80.0,-154.0,127.0,838.0,
2018-02-23,-65.0,-174.0,0.0,787.0,
2018-02-24,-29.0,-135.0,0.0,762.0,
2018-02-25,36.0,-132.0,0.0,737.0,
2018-02-26,-64.0,-106.0,152.0,965.0,
2018-02-27,-38.0,-140.0,0.0,914.0,
2018-02-28,15.0,-138.0,0.0,838.0,
2018-03-01,-34.0,-67.0,533.0,1245.0,
2018-03-02,-56.0,-101.0,508.0,1803.0,
2018-03-03,-42.0,-116.0,102.0,1753.0,
2018-03-04,-18.0,-138.0,25.0,1626.0,
2018-03-05,39.0,-150.0,0.0,1524.0,
2018-03-06,91.0,-91.0,0.0,1422.0,
2018-03-07,80.0,-53.0,0.0,1346.0,
2018-03-08,74.0,-10.0,0.0,1295.0,
2018-03-09,61.0,-15.0,0.0,1245.0,
2018-03-10,42.0,-29.0,0.0,1245.0,
2018-03-11,106.0,-54.0,25.0,1194.0,
2018-03-12,100.0,-15.0,25.0,1118.0,
2018-03-13,38.0,-40.0,330.0,1346.0,
2018-03-14,-29.0,-82.0,127.0,1448.0,
2018-03-15,-46.0,-99.0,305.0,1676.0,
2018-03-16,-48.0,-97.0,508.0,2108.0,
2018-03-17,-20.0,-152.0,25.0,2057.0,
2018-03-18,10.0,-167.0,25.0,1905.0,
2018-03-19,32.0,-120.0,0.0,1803.0,
2018-03-20,30.0,-20.0,127.0,1727.0,
2018-03-21,38.0,1.0,432.0,1753.0,
2018-03-22,6.0,-80.0,584.0,2007.0,
2018-03-23,-2.0,-80.0,203.0,1880.0,
2018-03-24,-27.0,-102.0,102.0,1981.0,
2018-03-25,-7.0,-121.0,0.0,1905.0,
2018-03-26,24.0,-127.0,0.0,1829.0,
2018-03-27,81.0,-82.0,0.0,1803.0,
2018-03-28,129.0,-27.0,0.0,1753.0,
2018-03-29,132.0,-22.0,0.0,1702.0,
2018-03-30,142.0,-22.0,0.0,1676.0,
2018-03-31,124.0,-7.0,0.0,1626.0,
2018-04-01,128.0,-11.0,0.0,1575.0,
2018-04-02,100.0,-29.0,0.0,1575.0,
2018-04-03,116.0,-47.0,0.0,1524.0,
2018-04-04,126.0,18.0,0.0,1499.0,
2018-04-05,105.0,4.0,0.0,1473.0,
2018-04-06,85.0,10.0,381.0,1372.0,
2018-04-07,81.0,-27.0,356.0,1346.0,
2018-04-08,102.0,-37.0,0.0,1346.0,
2018-04-09,178.0,-27.0,0.0,1295.0,
2018-04-10,118.0,24.0,0.0,1270.0,
2018-04-11,66.0,-76.0,76.0,1372.0,
2018-04-12,-7.0,-105.0,0.0,1295.0,
2018-04-13,96.0,-108.0,0.0,1270.0,
2018-04-14,121.0,-27.0,0.0,1245.0,
2018-04-15,70.0,-66.0,127.0,1346.0,
2018-04-16,-20.0,-110.0,127.0,1499.0,
2018-04-17,35.0,-139.0,0.0,1372.0,
2018-04-18,25.0,-57.0,0.0,1321.0,
2018-04-19,34.0,-76.0,0.0,1321.0,
2018-04-20,136.0,-47.0,0.0,1270.0,
2018-04-21,170.0,-7.0,0.0,1219.0,
2018-04-22,149.0,12.0,0.0,1194.0,
2018-04-23,161.0,-4.0,0.0,1143.0,
2018-04-24,165.0,-2.0,0.0,1118.0,
2018-04-25,187.0,21.0,0.0,1092.0,
2018-04-26,190.0,39.0,0.0,1041.0,
2018-04-27,87.0,-11.0,0.0,991.0,
2018-04-28,70.0,-18.0,25.0,965.0,
2018-04-29,41.0,-50.0,0.0,965.0,
2018-04-30,69.0,-68.0,0.0,965.0,
2018-05-01,82.0,-24.0,25.0,940.0,
2018-05-02,109.0,-37.0,0.0,940.0,
2018-05-03,152.0,-10.0,0.0,864.0,
2018-05-04,159.0,17.0,0.0,838.0,
2018-05-05,160.0,33.0,0.0,787.0,
2018-05-06,150.0,68.0,0.0,737.0,
2018-05-07,195.0,29.0,0.0,660.0,
2018-05-08,200.0,50.0,0.0,610.0,
2018-05-09,147.0,46.0,0.0,533.0,
2018-05-10,144.0,16.0,0.0,508.0,
2018-05-11,99.0,-8.0,25.0,483.0,
2018-05-12,90.0,-27.0,25.0,483.0,
2018-05-13,98.0,-2.0,0.0,432.0,
2018-05-14,139.0,3.0,25.0,381.0,
2018-05-15,134.0,11.0,76.0,305.0,
2018-05-16,85.0,8.0,25.0,279.0,
2018-05-17,118.0,-9.0,0.0,229.0,
2018-05-18,142.0,13.0,0.0,178.0,
2018-05-19,149.0,8.0,0.0,102.0,
2018-05-20,140.0,18.0,0.0,51.0,
2018-05-21,116.0,16.0,102.0,25.0,
2018-05-22,148.0,27.0,0.0,0.0,
2018-05-23,149.0,45.0,0.0,0.0,
2018-05-24,166.0,25.0,0.0,0.0,
2018-05-25,71.0,-15.0,0.0,0.0,
2018-05-26,71.0,-18.0,0.0,0.0,
2018-05-27,144.0,24.0,0.0,0.0,
2018-05-28,195.0,29.0,0.0,0.0,
2018-05-29,199.0,51.0,0.0,0.0,
2018-05-30,156.0,55.0,0.0,0.0,
2018-05-31,102.0,-7.0,0.0,0.0,
2018-06-01,187.0,-18.0,0.0,0.0,
2018-06-02,227.0,35.0,0.0,0.0,
2018-06-03,227.0,70.0,0.0,0.0,
2018-06-04,206.0,102.0,0.0,0.0,
2018-06-05,186.0,82.0,0.0,0.0,
2018-06-06,182.0,60.0,0.0,0.0,
2018-06-07,172.0,40.0,0.0,0.0,
2018-06-08,192.0,29.0,0.0,0.0,
2018-06-09,122.0,1.0,0.0,0.0,
2018-06-10,164.0,-9.0,0.0,0.0,
2018-06-11,224.0,40.0,0.0,0.0,
2018-06-12,240.0,61.0,0.0,0.0,
2018-06-13,227.0,94.0,0.0,0.0,
2018-06-14,220.0,107.0,0.0,0.0,
2018-06-15,183.0,104.0,0.0,0.0,
2018-06-16,175.0,60.0,0.0,0.0,
2018-06-17,107.0,12.0,0.0,0.0,
2018-06-18,174.0,1.0,0.0,0.0,
2018-06-19,216.0,28.0,0.0,0.0,
2018-06-20,228.0,58.0,0.0,0.0,
2018-06-21,227.0,74.0,0.0,0.0,
2018-06-22,252.0,60.0,0.0,0.0,
2018-06-23,262.0,76.0,0.0,0.0,
2018-06-24,270.0,67.0,0.0,0.0,
2018-06-25,254.0,108.0,0.0,0.0,
2018-06-26,261.0,121.0,0.0,0.0,
2018-06-27,240.0,117.0,0.0,0.0,
2018-06-28,194.0,47.0,0.0,0.0,
2018-06-29,212.0,46.0,0.0,0.0,
2018-06-30,238.0,50.0,0.0,0.0,
2018-07-01,257.0,81.0,0.0,0.0,
2018-07-02,240.0,87.0,0.0,0.0,
2018-07-03,227.0,108.0,0.0,0.0,
2018-07-04,214.0,108.0,0.0,0.0,
2018-07-05,217.0,106.0,0.0,0.0,
2018-07-06,243.0,118.0,0.0,0.0,
2018-07-07,258.0,148.0,0.0,0.0,
2018-07-08,252.0,154.0,0.0,0.0,
2018-07-09,252.0,104.0,0.0,0.0,
2018-07-10,248.0,100.0,0.0,0.0,
2018-07-11,259.0,134.0,0.0,0.0,
2018-07-12,269.0,115.0,0.0,0.0,
2018-07-13,248.0,136.0,0.0,0.0,
2018-07-14,256.0,115.0,0.0,0.0,
2018-07-15,265.0,123.0,0.0,0.0,
2018-07-16,262.0,107.0,0.0,0.0,
2018-07-17,286.0,110.0,0.0,0.0,
2018-07-18,285.0,107.0,0.0,0.0,
2018-07-19,287.0,118.0,0.0,0.0,
2018-07-20,269.0,118.0,25.0,0.0,
2018-07-21,252.0,120.0,0.0,0.0,
2018-07-22,229.0,100.0,25.0,0.0,
2018-07-23,251.0,91.0,0.0,0.0,
2018-07-24,273.0,115.0,0.0,0.0,
2018-07-25,278.0,107.0,0.0,0.0,
2018-07-26,278.0,124.0,0.0,0.0,
2018-07-27,290.0,126.0,0.0,0.0,
2018-07-28,283.0,110.0,0.0,0.0,
2018-07-29,274.0,108.0,0.0,0.0,
2018-07-30,276.0,130.0,0.0,0.0,
2018-07-31,273.0,141.0,0.0,0.0,
2018-08-01,276.0,147.0,0.0,0.0,
2018-08-02,261.0,128.0,0.0,0.0,
2018-08-03,253.0,134.0,0.0,0.0,
2018-08-04,230.0,124.0,0.0,0.0,
2018-08-05,228.0,58.0,0.0,0.0,
2018-08-06,250.0,77.0,0.0,0.0,
2018-08-07,276.0,107.0,0.0,0.0,
2018-08-08,277.0,115.0,0.0,0.0,
2018-08-09,288.0,124.0,0.0,0.0,
2018-08-10,280.0,142.0,0.0,0.0,
2018-08-11,266.0,136.0,0.0,0.0,
2018-08-12,258.0,118.0,0.0,0.0,
2018-08-13,257.0,120.0,0.0,0.0,
2018-08-14,253.0,110.0,25.0,0.0,
2018-08-15,256.0,107.0,0.0,0.0,
2018-08-16,251.0,99.0,0.0,0.0,
2018-08-17,251.0,108.0,0.0,0.0,
2018-08-18,268.0,99.0,0.0,0.0,
2018-08-19,277.0,109.0,0.0,0.0,
2018-08-20,250.0,147.0,0.0,0.0,
2018-08-21,238.0,88.0,0.0,0.0,
2018-08-22,231.0,77.0,0.0,0.0,
2018-08-23,231.0,79.0,0.0,0.0,
2018-08-24,220.0,101.0,0.0,0.0,
2018-08-25,231.0,87.0,0.0,0.0,
2018-08-26,221.0,114.0,0.0,0.0,
2018-08-27,211.0,84.0,25.0,0.0,
2018-08-28,234.0,51.0,0.0,0.0,
2018-08-29,220.0,76.0,0.0,0.0,
2018-08-30,206.0,84.0,0.0,0.0,
2018-08-31,203.0,40.0,0.0,0.0,
2018-09-01,235.0,55.0,0.0,0.0,
2018-09-02,252.0,77.0,0.0,0.0,
2018-09-03,252.0,92.0,0.0,0.0,
2018-09-04,237.0,82.0,0.0,0.0,
2018-09-05,240.0,87.0,0.0,0.0,
2018-09-06,225.0,92.0,0.0,0.0,
2018-09-07,244.0,91.0,0.0,0.0,
2018-09-08,237.0,91.0,0.0,0.0,
2018-09-09,259.0,76.0,0.0,0.0,
2018-09-10,243.0,98.0,0.0,0.0,
2018-09-11,205.0,100.0,0.0,0.0,
2018-09-12,139.0,61.0,0.0,0.0,
2018-09-13,136.0,60.0,25.0,0.0,
2018-09-14,171.0,67.0,0.0,0.0,
2018-09-15,147.0,76.0,0.0,0.0,
2018-09-16,184.0,59.0,0.0,0.0,
2018-09-17,192.0,50.0,0.0,0.0,
2018-09-18,188.0,59.0,0.0,0.0,
2018-09-19,175.0,45.0,0.0,0.0,
2018-09-20,217.0,20.0,0.0,0.0,
2018-09-21,225.0,55.0,0.0,0.0,
2018-09-22,208.0,99.0,0.0,0.0,
2018-09-23,190.0,67.0,0.0,0.0,
2018-09-24,217.0,33.0,0.0,0.0,
2018-09-25,230.0,23.0,0.0,0.0,
2018-09-26,244.0,42.0,0.0,0.0,
2018-09-27,254.0,80.0,0.0,0.0,
2018-09-28,231.0,88.0,0.0,0.0,
2018-09-29,148.0,62.0,0.0,0.0,
2018-09-30,162.0,48.0,0.0,0.0,
2018-10-01,179.0,76.0,0.0,0.0,
2018-10-02,162.0,61.0,51.0,0.0,
2018-10-03,119.0,30.0,152.0,0.0,
2018-10-04,62.0,13.0,127.0,0.0,
2018-10-05,129.0,-18.0,25.0,0.0,
2018-10-06,97.0,5.0,0.0,0.0,
2018-10-07,80.0,-18.0,25.0,0.0,
2018-10-08,136.0,-26.0,0.0,0.0,
2018-10-09,136.0,-6.0,0.0,0.0,
2018-10-10,112.0,-27.0,0.0,0.0,
2018-10-11,69.0,-15.0,25.0,0.0,
2018-10-12,121.0,-28.0,0.0,0.0,
2018-10-13,154.0,-13.0,0.0,0.0,
2018-10-14,79.0,-36.0,0.0,0.0,
2018-10-15,118.0,-67.0,0.0,0.0,
2018-10-16,115.0,-26.0,0.0,0.0,
2018-10-17,149.0,-18.0,0.0,0.0,
2018-10-18,161.0,-8.0,0.0,0.0,
2018-10-19,149.0,2.0,0.0,0.0,
2018-10-20,153.0,6.0,0.0,0.0,
2018-10-21,149.0,12.0,0.0,0.0,
2018-10-22,146.0,3.0,0.0,0.0,
2018-10-23,123.0,2.0,0.0,0.0,
2018-10-24,144.0,24.0,0.0,0.0,
2018-10-25,179.0,13.0,0.0,0.0,
2018-10-26,201.0,18.0,0.0,0.0,
2018-10-27,179.0,78.0,0.0,0.0,
2018-10-28,131.0,52.0,0.0,0.0,
2018-10-29,121.0,-32.0,0.0,0.0,
2018-10-30,78.0,-54.0,0.0,0.0,
2018-10-31,129.0,-47.0,0.0,0.0,
2018-11-01,156.0,1.0,0.0,0.0,
2018-11-02,163.0,12.0,0.0,0.0,
2018-11-03,150.0,7.0,0.0,0.0,
2018-11-04,149.0,44.0,0.0,0.0,
2018-11-05,150.0,-8.0,0.0,0.0,
2018-11-06,143.0,-16.0,0.0,0.0,
2018-11-07,116.0,-46.0,25.0,0.0,
2018-11-08,37.0,-78.0,0.0,0.0,
2018-11-09,144.0,-80.0,0.0,0.0,
2018-11-10,119.0,-56.0,0.0,0.0,
2018-11-11,74.0,-101.0,0.0,0.0,
2018-11-12,104.0,-50.0,0.0,0.0,
2018-11-13,130.0,-26.0,0.0,0.0,
2018-11-14,154.0,4.0,0.0,0.0,
2018-11-15,154.0,-7.0,0.0,0.0,
2018-11-16,138.0,-11.0,0.0,0.0,
2018-11-17,119.0,-27.0,0.0,0.0,
2018-11-18,134.0,-46.0,0.0,0.0,
2018-11-19,115.0,-30.0,0.0,0.0,
2018-11-20,120.0,-23.0,0.0,0.0,
2018-11-21,33.0,-18.0,178.0,229.0,
2018-11-22,-2.0,-37.0,356.0,406.0,
2018-11-23,24.0,-20.0,279.0,457.0,
2018-11-24,67.0,-32.0,25.0,356.0,
2018-11-25,92.0,-47.0,0.0,330.0,
2018-11-26,105.0,-47.0,0.0,305.0,
2018-11-27,58.0,-9.0,127.0,356.0,
2018-11-28,21.0,-23.0,152.0,457.0,
2018-11-29,-6.0,-41.0,559.0,889.0,
2018-11-30,3.0,-87.0,25.0,864.0,
2018-12-01,-47.0,-81.0,203.0,1067.0,
2018-12-02,-26.0,-144.0,0.0,991.0,
2018-12-03,15.0,-158.0,51.0,914.0,
2018-12-04,-29.0,-80.0,0.0,889.0,
2018-12-05,-6.0,-71.0,127.0,940.0,
2018-12-06,34.0,-111.0,0.0,889.0,
2018-12-07,76.0,-89.0,0.0,864.0,
2018-12-08,106.0,-64.0,0.0,787.0,
2018-12-09,77.0,-24.0,25.0,813.0,
2018-12-10,66.0,-85.0,0.0,813.0,
2018-12-11,117.0,-100.0,0.0,787.0,
2018-12-12,49.0,-38.0,0.0,762.0,
2018-12-13,116.0,-29.0,0.0,737.0,
2018-12-14,50.0,-6.0,0.0,737.0,
2018-12-15,67.0,3.0,0.0,711.0,
2018-12-16,56.0,-13.0,0.0,711.0,
2018-12-17,15.0,-30.0,102.0,787.0,
2018-12-18,56.0,-36.0,0.0,762.0,
2018-12-19,146.0,-11.0,0.0,737.0,
2018-12-20,92.0,-13.0,0.0,635.0,
2018-12-21,12.0,-78.0,102.0,838.0,
2018-12-22,80.0,-91.0,25.0,787.0,
2018-12-23,29.0,-18.0,0.0,787.0,
2018-12-24,16.0,-74.0,279.0,991.0,
2018-12-25,-27.0,-96.0,0.0,965.0,
2018-12-26,68.0,-110.0,0.0,914.0,
2018-12-27,-36.0,-106.0,0.0,914.0,
2018-12-28,-43.0,-126.0,0.0,914.0,
2018-12-29,74.0,-114.0,0.0,889.0,
2018-12-30,67.0,-70.0,0.0,889.0,
2018-12-31,-70.0,-132.0,0.0,889.0,
2019-01-01,-22.0,-173.0,0.0,889.0,
2019-01-02,57.0,-104.0,0.0,864.0,
2019-01-03,110.0,-39.0,0.0,838.0,
2019-01-04,67.0,-11.0,25.0,838.0,
2019-01-05,11.0,-62.0,229.0,1143.0,
2019-01-06,-15.0,-82.0,432.0,1448.0,
2019-01-07,0.0,-27.0,152.0,1397.0,
2019-01-08,39.0,-6.0,0.0,1321.0,
2019-01-09,0.0,-27.0,203.0,1422.0,
2019-01-10,60.0,-73.0,0.0,1372.0,
2019-01-11,69.0,-64.0,0.0,1346.0,
2019-01-12,24.0,-85.0,0.0,1321.0,
2019-01-13,27.0,-104.0,0.0,1295.0,
2019-01-14,-26.0,-118.0,0.0,1321.0,
2019-01-15,-15.0,-68.0,356.0,1626.0,
2019-01-16,0.0,-27.0,610.0,1981.0,
2019-01-17,1.0,-42.0,508.0,2083.0,
2019-01-18,25.0,-55.0,0.0,1956.0,
2019-01-19,62.0,2.0,0.0,1854.0,
2019-01-20,24.0,-83.0,406.0,2108.0,
2019-01-21,-31.0,-112.0,0.0,2083.0,
2019-01-22,6.0,-148.0,0.0,2007.0,
2019-01-23,74.0,-43.0,0.0,1956.0,
2019-01-24,69.0,-71.0,0.0,1905.0,
2019-01-25,99.0,-80.0,0.0,1880.0,
2019-01-26,117.0,-36.0,0.0,1854.0,
2019-01-27,151.0,-10.0,0.0,1803.0,
2019-01-28,108.0,-23.0,0.0,1778.0,
2019-01-29,72.0,-36.0,0.0,1753.0,
2019-01-30,92.0,-35.0,0.0,1727.0,
2019-01-31,104.0,-37.0,0.0,1727.0,
2019-02-01,46.0,-29.0,0.0,1702.0,
2019-02-02,2.0,-55.0,610.0,2261.0,
2019-02-03,-20.0,-62.0,483.0,2489.0,
2019-02-04,-52.0,-110.0,584.0,3023.0,
2019-02-05,-70.0,-140.0,152.0,2972.0,
2019-02-06,-42.0,-161.0,0.0,2819.0,
2019-02-07,3.0,-178.0,0.0,2692.0,
2019-02-08,-42.0,-104.0,25.0,2642.0,
2019-02-09,-67.0,-81.0,330.0,2946.0,
2019-02-10,-67.0,-162.0,279.0,3099.0,
2019-02-11,-20.0,-143.0,25.0,2946.0,
2019-02-12,-7.0,-56.0,51.0,2819.0,
2019-02-13,30.0,-39.0,813.0,2921.0,
2019-02-14,28.0,-76.0,508.0,3073.0,
2019-02-15,-64.0,-103.0,305.0,3353.0,
2019-02-16,-70.0,-107.0,152.0,3454.0,
2019-02-17,-42.0,-129.0,25.0,3378.0,
2019-02-18,-54.0,-179.0,0.0,3251.0,
2019-02-19,2.0,-190.0,0.0,3124.0,
2019-02-20,-44.0,-146.0,0.0,3124.0,
2019-02-21,-69.0,-130.0,0.0,3099.0,
2019-02-22,-4.0,-192.0,0.0,3023.0,
2019-02-23,18.0,-123.0,0.0,2946.0,
2019-02-24,14.0,-56.0,0.0,2896.0,
2019-02-25,14.0,-49.0,152.0,3048.0,
2019-02-26,-6.0,-40.0,229.0,3150.0,
2019-02-27,0.0,-39.0,330.0,3327.0,
2019-02-28,-10.0,-29.0,178.0,3378.0,
2019-03-01,6.0,-28.0,0.0,3327.0,
2019-03-02,20.0,-15.0,178.0,3454.0,
2019-03-03,18.0,-21.0,152.0,3454.0,
2019-03-04,24.0,-47.0,0.0,3404.0,
2019-03-05,18.0,-25.0,127.0,3454.0,
2019-03-06,0.0,-42.0,305.0,3683.0,
2019-03-07,0.0,-55.0,76.0,3683.0,
2019-03-08,-47.0,-103.0,0.0,3632.0,
2019-03-09,-32.0,-103.0,25.0,3632.0,
2019-03-10,24.0,-130.0,25.0,3607.0,
2019-03-11,23.0,-84.0,0.0,3531.0,
2019-03-12,30.0,-97.0,25.0,3531.0,
2019-03-13,4.0,-159.0,0.0,3480.0,
2019-03-14,45.0,-145.0,0.0,3454.0,
2019-03-15,65.0,-118.0,0.0,3404.0,
2019-03-16,115.0,-85.0,0.0,3353.0,
2019-03-17,117.0,-45.0,0.0,3327.0,
2019-03-18,106.0,-45.0,0.0,3277.0,
2019-03-19,96.0,-27.0,25.0,3251.0,
2019-03-20,37.0,-38.0,0.0,3251.0,
2019-03-21,49.0,-59.0,0.0,3226.0,
2019-03-22,34.0,-78.0,0.0,3200.0,
2019-03-23,16.0,-91.0,51.0,3251.0,
2019-03-24,68.0,-114.0,0.0,3200.0,
2019-03-25,61.0,-1.0,0.0,3175.0,
2019-03-26,47.0,-9.0,51.0,3175.0,
2019-03-27,15.0,-40.0,457.0,3531.0,
2019-03-28,20.0,-71.0,76.0,3581.0,
2019-03-29,52.0,-81.0,0.0,3454.0,
2019-03-30,72.0,-93.0,0.0,3378.0,
2019-03-31,122.0,-66.0,0.0,3327.0,
2019-04-01,104.0,-6.0,102.0,3327.0,
2019-04-02,24.0,-30.0,254.0,3404.0,
2019-04-03,76.0,-32.0,0.0,3327.0,
2019-04-04,75.0,-13.0,25.0,3302.0,
2019-04-05,23.0,-44.0,51.0,3327.0,
2019-04-06,68.0,-29.0,0.0,3251.0,
2019-04-07,114.0,12.0,0.0,3200.0,
2019-04-08,97.0,20.0,51.0,3150.0,
2019-04-09,24.0,-69.0,0.0,3150.0,
2019-04-10,70.0,-99.0,0.0,3124.0,
2019-04-11,36.0,-61.0,0.0,3124.0,
2019-04-12,74.0,-74.0,25.0,3073.0,
2019-04-13,127.0,-52.0,0.0,3023.0,
2019-04-14,99.0,12.0,0.0,2997.0,
2019-04-15,42.0,-24.0,51.0,3073.0,
2019-04-16,62.0,-35.0,76.0,3023.0,
2019-04-17,148.0,-40.0,0.0,2972.0,
2019-04-18,174.0,4.0,0.0,2946.0,
2019-04-19,159.0,34.0,0.0,2896.0,
2019-04-20,74.0,-13.0,0.0,2845.0,
2019-04-21,86.0,-49.0,0.0,2819.0,
2019-04-22,124.0,-21.0,0.0,2769.0,
2019-04-23,177.0,5.0,0.0,2692.0,
2019-04-24,184.0,32.0,0.0,2642.0,
2019-04-25,177.0,35.0,0.0,2591.0,
2019-04-26,158.0,29.0,0.0,2565.0,
2019-04-27,151.0,35.0,0.0,2515.0,
2019-04-28,150.0,3.0,0.0,2464.0,
2019-04-29,128.0,-16.0,0.0,2438.0,
2019-04-30,61.0,-41.0,0.0,2413.0,
2019-05-01,98.0,-68.0,0.0,2388.0,
2019-05-02,128.0,-37.0,0.0,2362.0,
2019-05-03,141.0,-8.0,0.0,2311.0,
2019-05-04,149.0,-7.0,0.0,2261.0,
2019-05-05,166.0,5.0,0.0,2235.0,
2019-05-06,159.0,12.0,0.0,2210.0,
2019-05-07,149.0,14.0,0.0,2184.0,
2019-05-08,158.0,8.0,0.0,2134.0,
2019-05-09,128.0,1.0,0.0,2108.0,
2019-05-10,119.0,0.0,0.0,2057.0,
2019-05-11,160.0,6.0,0.0,2007.0,
2019-05-12,176.0,28.0,0.0,1981.0,
2019-05-13,151.0,36.0,0.0,1905.0,
2019-05-14,122.0,46.0,0.0,1854.0,
2019-05-15,56.0,1.0,102.0,1803.0,
2019-05-16,10.0,-39.0,229.0,2007.0,
2019-05-17,54.0,-44.0,0.0,1930.0,
2019-05-18,65.0,-52.0,51.0,1930.0,
2019-05-19,2.0,-55.0,127.0,2007.0,
2019-05-20,51.0,-85.0,25.0,1930.0,
2019-05-21,32.0,-39.0,127.0,2007.0,
2019-05-22,59.0,-34.0,51.0,1981.0,
2019-05-23,78.0,-11.0,51.0,1956.0,
2019-05-24,126.0,-23.0,0.0,1905.0,
2019-05-25,100.0,8.0,0.0,1880.0,
2019-05-26,32.0,-45.0,203.0,2007.0,
2019-05-27,91.0,-41.0,0.0,1905.0,
2019-05-28,120.0,6.0,25.0,1880.0,
2019-05-29,154.0,8.0,25.0,1803.0,
2019-05-30,130.0,1.0,51.0,1778.0,
2019-05-31,148.0,2.0,51.0,1702.0,
2019-06-01,156.0,14.0,76.0,1651.0,
2019-06-02,160.0,14.0,51.0,1600.0,
2019-06-03,192.0,32.0,0.0,1549.0,
2019-06-04,208.0,52.0,0.0,1448.0,
2019-06-05,208.0,64.0,0.0,1321.0,
2019-06-06,149.0,56.0,0.0,1245.0,
2019-06-07,117.0,-14.0,0.0,1194.0,
2019-06-08,129.0,-29.0,0.0,1118.0,
2019-06-09,191.0,-1.0,0.0,1067.0,
2019-06-10,216.0,50.0,0.0,1016.0,
2019-06-11,232.0,71.0,0.0,914.0,
2019-06-12,221.0,77.0,0.0,813.0,
2019-06-13,197.0,58.0,0.0,711.0,
2019-06-14,214.0,52.0,0.0,635.0,
2019-06-15,200.0,57.0,0.0,559.0,
2019-06-16,213.0,52.0,0.0,483.0,
2019-06-17,218.0,62.0,0.0,406.0,
2019-06-18,233.0,72.0,0.0,305.0,
2019-06-19,216.0,74.0,0.0,203.0,
2019-06-20,179.0,42.0,0.0,102.0,
2019-06-21,160.0,3.0,0.0,51.0,
2019-06-22,182.0,-1.0,0.0,25.0,
2019-06-23,191.0,22.0,0.0,0.0,
2019-06-24,191.0,49.0,0.0,0.0,
2019-06-25,174.0,78.0,0.0,0.0,
2019-06-26,144.0,62.0,0.0,0.0,
2019-06-27,133.0,49.0,0.0,0.0,
2019-06-28,121.0,29.0,0.0,0.0,
2019-06-29,170.0,22.0,0.0,0.0,
2019-06-30,187.0,52.0,0.0,0.0,
2019-07-01,198.0,55.0,0.0,0.0,
2019-07-02,188.0,94.0,0.0,0.0,
2019-07-03,176.0,34.0,0.0,0.0,
2019-07-04,203.0,18.0,0.0,0.0,
2019-07-05,216.0,55.0,0.0,0.0,
2019-07-06,215.0,76.0,0.0,0.0,
2019-07-07,176.0,61.0,0.0,0.0,
2019-07-08,177.0,69.0,0.0,0.0,
2019-07-09,213.0,48.0,0.0,0.0,
2019-07-10,221.0,75.0,0.0,0.0,
2019-07-11,243.0,90.0,0.0,0.0,
2019-07-12,246.0,90.0,0.0,0.0,
2019-07-13,238.0,107.0,0.0,0.0,
2019-07-14,219.0,99.0,0.0,0.0,
2019-07-15,226.0,96.0,0.0,0.0,
2019-07-16,208.0,91.0,0.0,0.0,
2019-07-17,238.0,69.0,0.0,0.0,
2019-07-18,225.0,97.0,0.0,0.0,
2019-07-19,232.0,97.0,0.0,0.0,
2019-07-20,234.0,84.0,0.0,0.0,
2019-07-21,248.0,102.0,0.0,0.0,
2019-07-22,245.0,132.0,0.0,0.0,
2019-07-23,236.0,133.0,0.0,0.0,
2019-07-24,255.0,117.0,0.0,0.0,
2019-07-25,243.0,101.0,127.0,0.0,
2019-07-26,216.0,91.0,0.0,0.0,
2019-07-27,252.0,85.0,0.0,0.0,
2019-07-28,251.0,110.0,0.0,0.0,
2019-07-29,226.0,129.0,0.0,0.0,
2019-07-30,225.0,105.0,0.0,0.0,
2019-07-31,233.0,90.0,0.0,0.0,
2019-08-01,226.0,91.0,0.0,0.0,
2019-08-02,242.0,89.0,0.0,0.0,
2019-08-03,250.0,86.0,0.0,0.0,
2019-08-04,236.0,94.0,0.0,0.0,
2019-08-05,233.0,88.0,0.0,0.0,
2019-08-06,254.0,123.0,0.0,0.0,
2019-08-07,236.0,98.0,0.0,0.0,
2019-08-08,211.0,74.0,0.0,0.0,
2019-08-09,183.0,66.0,0.0,0.0,
2019-08-10,150.0,76.0,0.0,0.0,
2019-08-11,195.0,29.0,0.0,0.0,
2019-08-12,219.0,58.0,0.0,0.0,
2019-08-13,242.0,82.0,0.0,0.0,
2019-08-14,268.0,100.0,0.0,0.0,
2019-08-15,274.0,106.0,0.0,0.0,
2019-08-16,249.0,97.0,0.0,0.0,
2019-08-17,250.0,98.0,0.0,0.0,
2019-08-18,255.0,92.0,0.0,0.0,
2019-08-19,236.0,80.0,0.0,0.0,
2019-08-20,240.0,86.0,0.0,0.0,
2019-08-21,253.0,89.0,0.0,0.0,
2019-08-22,227.0,90.0,0.0,0.0,
2019-08-23,256.0,85.0,0.0,0.0,
2019-08-24,256.0,111.0,0.0,0.0,
2019-08-25,248.0,115.0,0.0,0.0,
2019-08-26,277.0,98.0,0.0,0.0,
2019-08-27,272.0,114.0,51.0,0.0,
2019-08-28,253.0,108.0,0.0,0.0,
2019-08-29,227.0,100.0,0.0,0.0,
2019-08-30,231.0,94.0,0.0,0.0,
2019-08-31,246.0,81.0,0.0,0.0,
2019-09-01,247.0,108.0,0.0,0.0,
2019-09-02,242.0,112.0,0.0,0.0,
2019-09-03,249.0,118.0,0.0,0.0,
2019-09-04,244.0,117.0,0.0,0.0,
2019-09-05,212.0,110.0,0.0,0.0,
2019-09-06,215.0,97.0,0.0,0.0,
2019-09-07,198.0,79.0,0.0,0.0,
2019-09-08,171.0,34.0,0.0,0.0,
2019-09-09,158.0,36.0,25.0,0.0,
2019-09-10,137.0,-8.0,0.0,0.0,
2019-09-11,187.0,-10.0,0.0,0.0,
2019-09-12,209.0,30.0,0.0,0.0,
2019-09-13,236.0,60.0,0.0,0.0,
2019-09-14,240.0,82.0,0.0,0.0,
2019-09-15,198.0,97.0,0.0,0.0,
2019-09-16,101.0,-23.0,51.0,0.0,
2019-09-17,150.0,-30.0,51.0,0.0,
2019-09-18,82.0,25.0,102.0,0.0,
2019-09-19,96.0,-20.0,0.0,0.0,
2019-09-20,149.0,-20.0,0.0,0.0,
2019-09-21,172.0,-9.0,0.0,0.0,
2019-09-22,167.0,32.0,0.0,0.0,
2019-09-23,150.0,16.0,0.0,0.0,
2019-09-24,205.0,27.0,0.0,0.0,
2019-09-25,203.0,66.0,0.0,0.0,
2019-09-26,214.0,66.0,0.0,0.0,
2019-09-27,171.0,74.0,0.0,0.0,
2019-09-28,85.0,-40.0,51.0,0.0,
2019-09-29,22.0,-55.0,76.0,51.0,
2019-09-30,25.0,-63.0,0.0,25.0,
2019-10-01,76.0,-58.0,25.0,0.0,
2019-10-02,148.0,-57.0,25.0,0.0,
2019-10-03,111.0,21.0,0.0,0.0,
2019-10-04,133.0,-7.0,0.0,0.0,
2019-10-05,183.0,-11.0,0.0,0.0,
2019-10-06,200.0,-7.0,0.0,0.0,
2019-10-07,190.0,56.0,0.0,0.0,
2019-10-08,180.0,45.0,0.0,0.0,
2019-10-09,136.0,-43.0,0.0,0.0,
2019-10-10,88.0,-89.0,0.0,0.0,
2019-10-11,161.0,-47.0,25.0,0.0,
2019-10-12,162.0,6.0,0.0,0.0,
2019-10-13,131.0,3.0,0.0,0.0,
2019-10-14,159.0,-12.0,0.0,0.0,
2019-10-15,175.0,10.0,0.0,0.0,
2019-10-16,155.0,68.0,0.0,0.0,
2019-10-17,87.0,-34.0,0.0,0.0,
2019-10-18,107.0,-46.0,0.0,0.0,
2019-10-19,74.0,-22.0,0.0,0.0,
2019-10-20,129.0,-32.0,0.0,0.0,
2019-10-21,165.0,2.0,0.0,0.0,
2019-10-22,184.0,27.0,0.0,0.0,
2019-10-23,121.0,3.0,0.0,0.0,
2019-10-24,147.0,-10.0,0.0,0.0,
2019-10-25,200.0,36.0,0.0,0.0,
2019-10-26,171.0,-18.0,0.0,0.0,
2019-10-27,-11.0,-88.0,0.0,0.0,
2019-10-28,105.0,-101.0,0.0,0.0,
2019-10-29,39.0,-109.0,0.0,0.0,
2019-10-30,92.0,-128.0,0.0,0.0,
2019-10-31,165.0,-32.0,25.0,0.0,
2019-11-01,143.0,-10.0,0.0,0.0,
2019-11-02,164.0,-8.0,0.0,0.0,
2019-11-03,183.0,11.0,0.0,0.0,
2019-11-04,159.0,12.0,0.0,0.0,
2019-11-05,168.0,4.0,0.0,0.0,
2019-11-06,161.0,16.0,0.0,0.0,
2019-11-07,164.0,5.0,0.0,0.0,
2019-11-08,182.0,21.0,0.0,0.0,
2019-11-09,174.0,21.0,0.0,0.0,
2019-11-10,156.0,15.0,0.0,0.0,
2019-11-11,144.0,8.0,0.0,0.0,
2019-11-12,171.0,30.0,0.0,0.0,
2019-11-13,151.0,36.0,0.0,0.0,
2019-11-14,137.0,45.0,0.0,0.0,
2019-11-15,119.0,-9.0,0.0,0.0,
2019-11-16,139.0,-10.0,0.0,0.0,
2019-11-17,203.0,-4.0,0.0,0.0,
2019-11-18,197.0,45.0,0.0,0.0,
2019-11-19,84.0,-36.0,25.0,0.0,
2019-11-20,-20.0,-40.0,51.0,25.0,
2019-11-21,55.0,-40.0,0.0,25.0,
2019-11-22,46.0,-18.0,0.0,25.0,
2019-11-23,50.0,-47.0,0.0,25.0,
2019-11-24,134.0,-57.0,0.0,25.0,
2019-11-25,45.0,-110.0,0.0,25.0,
2019-11-26,-20.0,-130.0,330.0,254.0,
2019-11-27,-72.0,-99.0,203.0,483.0,
2019-11-28,-68.0,-139.0,51.0,457.0,
2019-11-29,-76.0,-154.0,0.0,457.0,
2019-11-30,-6.0,-158.0,305.0,559.0,
2019-12-01,1.0,-18.0,635.0,1143.0,
2019-12-02,10.0,-16.0,559.0,1346.0,
2019-12-03,55.0,-39.0,0.0,1245.0,
2019-12-04,7.0,-20.0,102.0,1270.0,
2019-12-05,39.0,-61.0,0.0,1194.0,
2019-12-06,48.0,-15.0,25.0,1143.0,
2019-12-07,15.0,-27.0,533.0,1397.0,
2019-12-08,37.0,-50.0,51.0,1346.0,
2019-12-09,71.0,-82.0,0.0,1270.0,
2019-12-10,88.0,-60.0,0.0,1219.0,
2019-12-11,25.0,-25.0,102.0,1219.0,
2019-12-12,37.0,-2.0,25.0,1143.0,
2019-12-13,29.0,-14.0,305.0,1295.0,
2019-12-14,-10.0,-69.0,51.0,1397.0,
2019-12-15,-13.0,-144.0,25.0,1448.0,
2019-12-16,2.0,-150.0,0.0,1372.0,
2019-12-17,20.0,-111.0,0.0,1295.0,
2019-12-18,-13.0,-68.0,0.0,1295.0,
2019-12-19,59.0,-65.0,0.0,1245.0,
2019-12-20,68.0,3.0,0.0,1219.0,
2019-12-21,56.0,20.0,0.0,1194.0,
2019-12-22,25.0,-45.0,330.0,1600.0,
2019-12-23,3.0,-69.0,51.0,1575.0,
2019-12-24,-32.0,-94.0,0.0,1524.0,
2019-12-25,-25.0,-94.0,0.0,1473.0,
2019-12-26,-66.0,-96.0,0.0,1448.0,
2019-12-27,-3.0,-141.0,0.0,1397.0,
2019-12-28,37.0,-106.0,0.0,1372.0,
2019-12-29,22.0,-55.0,51.0,1346.0,
2019-12-30,-10.0,-46.0,0.0,1321.0,
2019-12-31,68.0,-89.0,25.0,1295.0,
2020-01-01,49.0,-38.0,0.0,1270.0,
2020-01-02,72.0,-58.0,25.0,1245.0,
2020-01-03,121.0,-27.0,0.0,1219.0,
2020-01-04,67.0,-18.0,0.0,1219.0,
2020-01-05,16.0,-72.0,0.0,1219.0,
2020-01-06,92.0,-68.0,0.0,1194.0,
2020-01-07,71.0,-45.0,0.0,1194.0,
2020-01-08,-6.0,-65.0,0.0,1168.0,
2020-01-09,-9.0,-128.0,0.0,1168.0,
2020-01-10,67.0,-108.0,0.0,1194.0,
2020-01-11,-2.0,-98.0,0.0,1194.0,
2020-01-12,-11.0,-95.0,0.0,1194.0,
2020-01-13,13.0,-74.0,76.0,1194.0,
2020-01-14,-38.0,-89.0,76.0,1270.0,
2020-01-15,18.0,-67.0,51.0,1245.0,
2020-01-16,-14.0,-97.0,229.0,1524.0,
2020-01-17,-10.0,-120.0,0.0,1499.0,
2020-01-18,76.0,-42.0,0.0,1448.0,
2020-01-19,92.0,-36.0,25.0,1422.0,
2020-01-20,38.0,-27.0,0.0,1397.0,
2020-01-21,-2.0,-31.0,0.0,1397.0,
2020-01-22,70.0,-30.0,0.0,1372.0,
2020-01-23,89.0,-29.0,25.0,1346.0,
2020-01-24,57.0,-11.0,25.0,1321.0,
2020-01-25,98.0,-25.0,25.0,1321.0,
2020-01-26,21.0,-47.0,76.0,1372.0,
2020-01-27,33.0,-45.0,0.0,1346.0,
2020-01-28,28.0,-76.0,0.0,1321.0,
2020-01-29,58.0,-100.0,25.0,1321.0,
2020-01-30,65.0,-30.0,0.0,1295.0,
2020-01-31,154.0,-31.0,0.0,1270.0,
2020-02-01,154.0,14.0,0.0,1245.0,
2020-02-02,67.0,-134.0,76.0,1321.0,
2020-02-03,-76.0,-173.0,0.0,1295.0,
2020-02-04,-25.0,-163.0,0.0,1295.0,
2020-02-05,76.0,-90.0,0.0,1270.0,
2020-02-06,105.0,-36.0,0.0,1245.0,
2020-02-07,122.0,-38.0,0.0,1245.0,
2020-02-08,85.0,-73.0,0.0,1245.0,
2020-02-09,-55.0,-105.0,0.0,1321.0,
2020-02-10,41.0,-129.0,25.0,1270.0,
2020-02-11,67.0,-94.0,0.0,1270.0,
2020-02-12,70.0,-60.0,25.0,1270.0,
2020-02-13,87.0,-72.0,0.0,1245.0,
2020-02-14,80.0,-34.0,0.0,1245.0,
2020-02-15,87.0,-27.0,0.0,1219.0,
2020-02-16,72.0,-27.0,0.0,1219.0,
2020-02-17,72.0,-78.0,0.0,1219.0,
2020-02-18,68.0,-83.0,0.0,1219.0,
2020-02-19,56.0,-93.0,0.0,1194.0,
2020-02-20,78.0,-84.0,0.0,1194.0,
2020-02-21,88.0,-53.0,25.0,1194.0,
2020-02-22,59.0,-37.0,0.0,1219.0,
2020-02-23,76.0,-40.0,0.0,1194.0,
2020-02-24,85.0,-52.0,0.0,1194.0,
2020-02-25,101.0,-64.0,0.0,1168.0,
2020-02-26,117.0,-31.0,0.0,1168.0,
2020-02-27,130.0,-28.0,0.0,1118.0,
2020-02-28,105.0,-18.0,0.0,1118.0,
2020-02-29,60.0,-50.0,0.0,1143.0,
2020-03-01,-47.0,-87.0,76.0,1245.0,
2020-03-02,12.0,-119.0,25.0,1168.0,
2020-03-03,106.0,-64.0,0.0,1143.0,
2020-03-04,138.0,-31.0,0.0,1118.0,
2020-03-05,114.0,-8.0,0.0,1067.0,
2020-03-06,97.0,13.0,0.0,1041.0,
2020-03-07,15.0,-47.0,51.0,1118.0,
2020-03-08,29.0,-85.0,0.0,1067.0,
2020-03-09,55.0,-48.0,0.0,1067.0,
2020-03-10,84.0,-60.0,0.0,1041.0,
2020-03-11,92.0,-35.0,51.0,1016.0,
2020-03-12,102.0,-29.0,0.0,1016.0,
2020-03-13,76.0,-47.0,25.0,1016.0,
2020-03-14,-7.0,-53.0,406.0,1499.0,
2020-03-15,-38.0,-55.0,660.0,1956.0,
2020-03-16,-2.0,-76.0,305.0,2083.0,
2020-03-17,-40.0,-113.0,25.0,1981.0,
2020-03-18,-18.0,-91.0,0.0,1905.0,
2020-03-19,10.0,-126.0,0.0,1803.0,
2020-03-20,30.0,-125.0,0.0,1778.0,
2020-03-21,62.0,-98.0,0.0,1702.0,
2020-03-22,58.0,-84.0,25.0,1676.0,
2020-03-23,26.0,-62.0,0.0,1676.0,
2020-03-24,-11.0,-61.0,203.0,1829.0,
2020-03-25,-31.0,-106.0,25.0,1930.0,
2020-03-26,-7.0,-139.0,0.0,1880.0,
2020-03-27,10.0,-142.0,25.0,1803.0,
2020-03-28,22.0,-102.0,51.0,1753.0,
2020-03-29,41.0,-63.0,0.0,1702.0,
2020-03-30,46.0,-49.0,0.0,1676.0,
2020-03-31,71.0,3.0,0.0,1600.0,
2020-04-01,48.0,-85.0,0.0,1575.0,
2020-04-02,60.0,-130.0,0.0,1549.0,
2020-04-03,57.0,-68.0,0.0,1524.0,
2020-04-04,20.0,-32.0,25.0,1626.0,
2020-04-05,-25.0,-50.0,610.0,2235.0,
2020-04-06,11.0,-87.0,127.0,2134.0,
2020-04-07,55.0,-41.0,102.0,2007.0,
2020-04-08,76.0,-10.0,0.0,1930.0,
2020-04-09,41.0,-22.0,152.0,2083.0,
2020-04-10,90.0,-78.0,0.0,1880.0,
2020-04-11,129.0,-13.0,0.0,1803.0,
2020-04-12,98.0,-25.0,0.0,1753.0,
2020-04-13,86.0,-50.0,0.0,1727.0,
2020-04-14,111.0,-82.0,0.0,1676.0,
2020-04-15,123.0,-22.0,0.0,1626.0,
2020-04-16,127.0,-27.0,25.0,1600.0,
2020-04-17,89.0,-23.0,0.0,1575.0,
2020-04-18,94.0,-21.0,0.0,1575.0,
2020-04-19,84.0,-38.0,0.0,1549.0,
2020-04-20,62.0,-49.0,0.0,1524.0,
2020-04-21,128.0,-42.0,25.0,1499.0,
2020-04-22,132.0,1.0,0.0,1448.0,
2020-04-23,146.0,6.0,0.0,1422.0,
2020-04-24,170.0,8.0,0.0,1372.0,
2020-04-25,176.0,15.0,0.0,1346.0,
2020-04-26,151.0,24.0,0.0,1295.0,
2020-04-27,168.0,25.0,0.0,1245.0,
2020-04-28,221.0,32.0,0.0,1194.0,
2020-04-29,173.0,76.0,0.0,1143.0,
2020-04-30,121.0,36.0,0.0,1092.0,
2020-05-01,130.0,-3.0,0.0,1067.0,
2020-05-02,114.0,24.0,0.0,1041.0,
2020-05-03,107.0,-30.0,0.0,1016.0,
2020-05-04,141.0,-39.0,0.0,965.0,
2020-05-05,148.0,2.0,0.0,940.0,
2020-05-06,174.0,22.0,0.0,914.0,
2020-05-07,174.0,-10.0,0.0,864.0,
2020-05-08,202.0,17.0,0.0,787.0,
2020-05-09,198.0,45.0,0.0,737.0,
2020-05-10,168.0,67.0,0.0,635.0,
2020-05-11,101.0,20.0,0.0,559.0,
2020-05-12,34.0,-6.0,25.0,584.0,
2020-05-13,64.0,-13.0,0.0,559.0,
2020-05-14,45.0,-4.0,25.0,559.0,
2020-05-15,133.0,-18.0,0.0,483.0,
2020-05-16,140.0,21.0,0.0,457.0,
2020-05-17,60.0,5.0,432.0,406.0,
2020-05-18,34.0,-28.0,229.0,483.0,
2020-05-19,37.0,-34.0,0.0,483.0,
2020-05-20,68.0,-24.0,0.0,457.0,
2020-05-21,120.0,-27.0,0.0,432.0,
2020-05-22,95.0,-30.0,0.0,406.0,
2020-05-23,146.0,-41.0,0.0,356.0,
2020-05-24,182.0,1.0,0.0,279.0,
2020-05-25,211.0,36.0,0.0,203.0,
2020-05-26,228.0,65.0,0.0,102.0,
2020-05-27,226.0,82.0,0.0,51.0,
2020-05-28,252.0,89.0,0.0,0.0,
2020-05-29,240.0,87.0,0.0,0.0,
2020-05-30,110.0,32.0,0.0,0.0,
2020-05-31,156.0,-9.0,0.0,0.0,
2020-06-01,147.0,40.0,0.0,0.0,
2020-06-02,213.0,37.0,0.0,0.0,
2020-06-03,221.0,76.0,0.0,0.0,
2020-06-04,228.0,100.0,0.0,0.0,
2020-06-05,204.0,65.0,0.0,0.0,
2020-06-06,99.0,-11.0,0.0,0.0,
2020-06-07,48.0,-38.0,0.0,0.0,
2020-06-08,142.0,-67.0,0.0,0.0,
2020-06-09,184.0,5.0,0.0,0.0,
2020-06-10,202.0,46.0,0.0,0.0,
2020-06-11,203.0,80.0,0.0,0.0,
2020-06-12,149.0,-9.0,51.0,0.0,
2020-06-13,97.0,-15.0,0.0,0.0,
2020-06-14,171.0,-9.0,0.0,0.0,
2020-06-15,156.0,66.0,0.0,0.0,
2020-06-16,139.0,-4.0,0.0,0.0,
2020-06-17,150.0,-26.0,0.0,0.0,
2020-06-18,191.0,11.0,0.0,0.0,
2020-06-19,220.0,46.0,0.0,0.0,
2020-06-20,227.0,70.0,0.0,0.0,
2020-06-21,243.0,88.0,0.0,0.0,
2020-06-22,274.0,92.0,0.0,0.0,
2020-06-23,270.0,106.0,152.0,0.0,
2020-06-24,250.0,89.0,0.0,0.0,
2020-06-25,238.0,79.0,0.0,0.0,
2020-06-26,257.0,97.0,0.0,0.0,
2020-06-27,237.0,127.0,0.0,0.0,
2020-06-28,159.0,13.0,0.0,0.0,
2020-06-29,159.0,-12.0,0.0,0.0,
2020-06-30,175.0,16.0,0.0,0.0,
2020-07-01,203.0,49.0,0.0,0.0,
2020-07-02,202.0,61.0,0.0,0.0,
2020-07-03,204.0,99.0,0.0,0.0,
2020-07-04,219.0,72.0,0.0,0.0,
2020-07-05,234.0,72.0,0.0,0.0,
2020-07-06,225.0,98.0,0.0,0.0,
2020-07-07,212.0,69.0,0.0,0.0,
2020-07-08,226.0,57.0,0.0,0.0,
2020-07-09,235.0,78.0,0.0,0.0,
2020-07-10,262.0,88.0,0.0,0.0,
2020-07-11,258.0,111.0,0.0,0.0,
2020-07-12,253.0,149.0,0.0,0.0,
2020-07-13,244.0,152.0,0.0,0.0,
2020-07-14,254.0,90.0,0.0,0.0,
2020-07-15,271.0,102.0,0.0,0.0,
2020-07-16,270.0,112.0,51.0,0.0,
2020-07-17,256.0,102.0,0.0,0.0,
2020-07-18,255.0,102.0,0.0,0.0,
2020-07-19,259.0,104.0,0.0,0.0,
2020-07-20,253.0,101.0,0.0,0.0,
2020-07-21,256.0,104.0,0.0,0.0,
2020-07-22,222.0,85.0,25.0,0.0,
2020-07-23,214.0,70.0,25.0,0.0,
2020-07-24,221.0,76.0,0.0,0.0,
2020-07-25,222.0,78.0,0.0,0.0,
2020-07-26,257.0,88.0,51.0,0.0,
2020-07-27,228.0,90.0,0.0,0.0,
2020-07-28,248.0,82.0,0.0,0.0,
2020-07-29,262.0,98.0,0.0,0.0,
2020-07-30,260.0,126.0,0.0,0.0,
2020-07-31,262.0,118.0,0.0,0.0,
2020-08-01,265.0,105.0,0.0,0.0,
2020-08-02,251.0,108.0,0.0,0.0,
2020-08-03,250.0,98.0,0.0,0.0,
2020-08-04,256.0,87.0,0.0,0.0,
2020-08-05,232.0,97.0,25.0,0.0,
2020-08-06,212.0,68.0,0.0,0.0,
2020-08-07,248.0,69.0,0.0,0.0,
2020-08-08,255.0,91.0,25.0,0.0,
2020-08-09,272.0,99.0,0.0,0.0,
2020-08-10,273.0,101.0,0.0,0.0,
2020-08-11,227.0,87.0,0.0,0.0,
2020-08-12,231.0,81.0,0.0,0.0,
2020-08-13,235.0,133.0,0.0,0.0,
2020-08-14,272.0,129.0,0.0,0.0,
2020-08-15,285.0,126.0,0.0,0.0,
2020-08-16,281.0,132.0,0.0,0.0,
2020-08-17,297.0,134.0,0.0,0.0,
2020-08-18,292.0,126.0,0.0,0.0,
2020-08-19,251.0,154.0,0.0,0.0,
2020-08-20,258.0,158.0,0.0,0.0,
2020-08-21,258.0,159.0,0.0,0.0,
2020-08-22,267.0,159.0,0.0,0.0,
2020-08-23,270.0,121.0,0.0,0.0,
2020-08-24,244.0,100.0,0.0,0.0,
2020-08-25,243.0,118.0,0.0,0.0,
2020-08-26,233.0,96.0,0.0,0.0,
2020-08-27,240.0,65.0,0.0,0.0,
2020-08-28,252.0,92.0,0.0,0.0,
2020-08-29,250.0,105.0,0.0,0.0,
2020-08-30,259.0,97.0,0.0,0.0,
2020-08-31,236.0,98.0,0.0,0.0,
2020-09-01,247.0,65.0,0.0,0.0,
2020-09-02,273.0,81.0,0.0,0.0,
2020-09-03,302.0,120.0,0.0,0.0,
2020-09-04,307.0,130.0,0.0,0.0,
2020-09-05,304.0,139.0,0.0,0.0,
2020-09-06,255.0,128.0,0.0,0.0,
2020-09-07,260.0,123.0,0.0,0.0,
2020-09-08,167.0,27.0,25.0,0.0,
2020-09-09,192.0,17.0,0.0,0.0,
2020-09-10,205.0,44.0,0.0,0.0,
2020-09-11,234.0,62.0,0.0,0.0,
2020-09-12,257.0,76.0,0.0,0.0,
2020-09-13,230.0,81.0,0.0,0.0,
2020-09-14,220.0,95.0,0.0,0.0,
2020-09-15,231.0,104.0,0.0,0.0,
2020-09-16,220.0,95.0,0.0,0.0,
2020-09-17,215.0,79.0,0.0,0.0,
2020-09-18,136.0,58.0,51.0,0.0,
2020-09-19,197.0,41.0,0.0,0.0,
2020-09-20,231.0,39.0,0.0,0.0,
2020-09-21,208.0,74.0,0.0,0.0,
2020-09-22,200.0,102.0,0.0,0.0,
2020-09-23,215.0,94.0,0.0,0.0,
2020-09-24,208.0,104.0,0.0,0.0,
2020-09-25,225.0,97.0,0.0,0.0,
2020-09-26,212.0,65.0,0.0,0.0,
2020-09-27,183.0,47.0,0.0,0.0,
2020-09-28,197.0,23.0,0.0,0.0,
2020-09-29,219.0,55.0,0.0,0.0,
2020-09-30,226.0,77.0,0.0,0.0,
2020-10-01,250.0,81.0,0.0,0.0,
2020-10-02,249.0,81.0,0.0,0.0,
2020-10-03,247.0,81.0,0.0,0.0,
2020-10-04,222.0,71.0,0.0,0.0,
2020-10-05,231.0,72.0,0.0,0.0,
2020-10-06,222.0,66.0,0.0,0.0,
2020-10-07,210.0,72.0,25.0,0.0,
2020-10-08,170.0,59.0,0.0,0.0,
2020-10-09,198.0,47.0,0.0,0.0,
2020-10-10,131.0,55.0,0.0,0.0,
2020-10-11,187.0,38.0,0.0,0.0,
2020-10-12,198.0,41.0,0.0,0.0,
2020-10-13,205.0,69.0,0.0,0.0,
2020-10-14,227.0,72.0,0.0,0.0,
2020-10-15,183.0,25.0,0.0,0.0,
2020-10-16,202.0,21.0,0.0,0.0,
2020-10-17,217.0,44.0,0.0,0.0,
2020-10-18,200.0,68.0,0.0,0.0,
2020-10-19,203.0,56.0,0.0,0.0,
2020-10-20,218.0,41.0,0.0,0.0,
2020-10-21,191.0,47.0,0.0,0.0,
2020-10-22,170.0,-22.0,25.0,0.0,
2020-10-23,170.0,-31.0,0.0,0.0,
2020-10-24,150.0,24.0,0.0,0.0,
2020-10-25,64.0,-99.0,0.0,0.0,
2020-10-26,46.0,-135.0,0.0,0.0,
2020-10-27,117.0,-27.0,0.0,0.0,
2020-10-28,175.0,0.0,0.0,0.0,
2020-10-29,178.0,17.0,0.0,0.0,
2020-10-30,180.0,21.0,0.0,0.0,
2020-10-31,198.0,30.0,0.0,0.0,
2020-11-01,200.0,30.0,0.0,0.0,
2020-11-02,202.0,46.0,0.0,0.0,
2020-11-03,153.0,36.0,0.0,0.0,
2020-11-04,186.0,36.0,0.0,0.0,
2020-11-05,196.0,40.0,0.0,0.0,
2020-11-06,91.0,-78.0,51.0,0.0,
2020-11-07,-3.0,-99.0,0.0,0.0,
2020-11-08,-48.0,-121.0,279.0,254.0,
2020-11-09,-13.0,-145.0,0.0,229.0,
2020-11-10,64.0,-98.0,0.0,178.0,
2020-11-11,45.0,-68.0,0.0,178.0,
2020-11-12,76.0,-73.0,25.0,127.0,
2020-11-13,8.0,-24.0,178.0,229.0,
2020-11-14,66.0,-47.0,0.0,203.0,
2020-11-15,102.0,13.0,0.0,178.0,
2020-11-16,174.0,17.0,25.0,152.0,
2020-11-17,78.0,-18.0,25.0,203.0,
2020-11-18,0.0,-30.0,559.0,533.0,
2020-11-19,28.0,-85.0,0.0,508.0,
2020-11-20,55.0,-89.0,0.0,483.0,
2020-11-21,95.0,-56.0,0.0,457.0,
2020-11-22,79.0,-43.0,51.0,432.0,
2020-11-23,50.0,-65.0,0.0,432.0,
2020-11-24,105.0,-71.0,0.0,406.0,
2020-11-25,33.0,-62.0,0.0,406.0,
2020-11-26,-15.0,-93.0,0.0,406.0,
2020-11-27,70.0,-92.0,0.0,406.0,
2020-11-28,118.0,-40.0,0.0,406.0,
2020-11-29,114.0,-53.0,0.0,381.0,
2020-11-30,97.0,-21.0,0.0,406.0,
2020-12-01,112.0,-42.0,0.0,406.0,
2020-12-02,140.0,-44.0,0.0,406.0,
2020-12-03,130.0,-38.0,0.0,381.0,
2020-12-04,102.0,-40.0,0.0,381.0,
2020-12-05,99.0,-38.0,0.0,356.0,
2020-12-06,84.0,-37.0,0.0,381.0,
2020-12-07,30.0,-58.0,0.0,381.0,
2020-12-08,136.0,-58.0,0.0,356.0,
2020-12-09,107.0,-30.0,0.0,381.0,
2020-12-10,61.0,-76.0,0.0,381.0,
2020-12-11,29.0,-44.0,51.0,381.0,
2020-12-12,29.0,-76.0,51.0,406.0,
2020-12-13,25.0,-61.0,381.0,711.0,
2020-12-14,-12.0,-89.0,0.0,686.0,
2020-12-15,28.0,-98.0,51.0,635.0,
2020-12-16,76.0,-42.0,0.0,635.0,
2020-12-17,12.0,-85.0,102.0,762.0,
2020-12-18,70.0,-105.0,25.0,711.0,
2020-12-19,98.0,-36.0,0.0,686.0,
2020-12-20,130.0,-14.0,0.0,660.0,
2020-12-21,111.0,-15.0,0.0,660.0,
2020-12-22,70.0,-94.0,0.0,660.0,
2020-12-23,54.0,-107.0,0.0,660.0,
2020-12-24,86.0,-38.0,0.0,635.0,
2020-12-25,20.0,-26.0,152.0,737.0,
2020-12-26,-23.0,-97.0,152.0,838.0,
2020-12-27,-26.0,-94.0,51.0,813.0,
2020-12-28,-44.0,-84.0,25.0,838.0,
2020-12-29,4.0,-110.0,0.0,838.0,
2020-12-30,44.0,-89.0,25.0,787.0,
2020-12-31,-2.0,-91.0,25.0,838.0,
2021-01-01,84.0,-98.0,51.0,813.0,
2021-01-02,23.0,-27.0,0.0,813.0,
2021-01-03,49.0,-23.0,0.0,787.0,
2021-01-04,15.0,-59.0,178.0,889.0,
2021-01-05,72.0,-70.0,0.0,864.0,
2021-01-06,52.0,-46.0,0.0,838.0,
2021-01-07,75.0,-64.0,0.0,864.0,
2021-01-08,26.0,-53.0,0.0,838.0,
2021-01-09,67.0,-101.0,0.0,813.0,
2021-01-10,74.0,-46.0,0.0,813.0,
2021-01-11,109.0,-46.0,0.0,813.0,
2021-01-12,70.0,14.0,0.0,787.0,
2021-01-13,80.0,-12.0,0.0,787.0,
2021-01-14,130.0,-18.0,0.0,762.0,
2021-01-15,156.0,15.0,0.0,762.0,
2021-01-16,119.0,-16.0,0.0,762.0,
2021-01-17,127.0,-27.0,0.0,762.0,
2021-01-18,51.0,-81.0,0.0,762.0,
2021-01-19,-37.0,-102.0,0.0,762.0,
2021-01-20,74.0,-106.0,0.0,762.0,
2021-01-21,72.0,-47.0,0.0,737.0,
2021-01-22,-13.0,-102.0,25.0,762.0,
2021-01-23,-28.0,-96.0,25.0,787.0,
2021-01-24,-18.0,-116.0,25.0,838.0,
2021-01-25,-55.0,-130.0,51.0,940.0,
2021-01-26,-60.0,-173.0,102.0,991.0,
2021-01-27,-41.0,-64.0,762.0,1549.0,
2021-01-28,-41.0,-59.0,660.0,1981.0,
2021-01-29,-38.0,-85.0,127.0,1930.0,
2021-01-30,23.0,-108.0,0.0,1829.0,
2021-01-31,54.0,-31.0,0.0,1727.0,
2021-02-01,50.0,-2.0,0.0,1676.0,
2021-02-02,6.0,-36.0,127.0,1753.0,
2021-02-03,-25.0,-102.0,0.0,1702.0,
2021-02-04,59.0,-98.0,0.0,1676.0,
2021-02-05,107.0,-53.0,0.0,1626.0,
2021-02-06,129.0,-54.0,0.0,1600.0,
2021-02-07,110.0,-30.0,0.0,1549.0,
2021-02-08,88.0,-15.0,0.0,1524.0,
2021-02-09,50.0,-16.0,0.0,1499.0,
2021-02-10,77.0,-22.0,0.0,1499.0,
2021-02-11,56.0,-36.0,203.0,1651.0,
2021-02-12,41.0,-87.0,127.0,1676.0,
2021-02-13,-18.0,-92.0,152.0,1753.0,
2021-02-14,23.0,-104.0,25.0,1702.0,
2021-02-15,28.0,-40.0,25.0,1676.0,
2021-02-16,18.0,-103.0,0.0,1651.0,
2021-02-17,-7.0,-130.0,0.0,1626.0,
2021-02-18,70.0,-126.0,0.0,1600.0,
2021-02-19,39.0,-44.0,0.0,1575.0,
2021-02-20,5.0,-118.0,76.0,1676.0,
2021-02-21,57.0,-125.0,0.0,1651.0,
2021-02-22,109.0,-72.0,25.0,1600.0,
2021-02-23,92.0,-62.0,0.0,1575.0,
2021-02-24,57.0,-124.0,0.0,1549.0,
2021-02-25,100.0,-142.0,0.0,1524.0,
2021-02-26,54.0,-59.0,0.0,1499.0,
2021-02-27,-3.0,-100.0,0.0,1499.0,
2021-02-28,61.0,-118.0,0.0,1499.0,
2021-03-01,69.0,-59.0,0.0,1448.0,
2021-03-02,91.0,-48.0,0.0,1448.0,
2021-03-03,55.0,-56.0,0.0,1422.0,
2021-03-04,82.0,-73.0,0.0,1422.0,
2021-03-05,92.0,-12.0,0.0,1397.0,
2021-03-06,33.0,-45.0,76.0,1422.0,
2021-03-07,90.0,-36.0,0.0,1397.0,
2021-03-08,-16.0,-74.0,0.0,1422.0,
2021-03-09,-23.0,-86.0,51.0,1499.0,
2021-03-10,-24.0,-130.0,152.0,1651.0,
2021-03-11,-6.0,-152.0,25.0,1702.0,
2021-03-12,2.0,-101.0,76.0,1727.0,
2021-03-13,78.0,-99.0,0.0,1600.0,
2021-03-14,71.0,-43.0,51.0,1600.0,
2021-03-15,-34.0,-113.0,102.0,1727.0,
2021-03-16,58.0,-84.0,0.0,1651.0,
2021-03-17,89.0,-58.0,0.0,1575.0,
2021-03-18,55.0,-18.0,152.0,1727.0,
2021-03-19,15.0,-42.0,229.0,1803.0,
2021-03-20,1.0,-108.0,0.0,1778.0,
2021-03-21,39.0,-130.0,0.0,1753.0,
2021-03-22,34.0,-46.0,0.0,1727.0,
2021-03-23,-30.0,-85.0,51.0,1778.0,
2021-03-24,85.0,-109.0,0.0,1702.0,
2021-03-25,44.0,-58.0,0.0,1676.0,
2021-03-26,58.0,-76.0,0.0,1651.0,
2021-03-27,136.0,-55.0,0.0,1600.0,
2021-03-28,123.0,-18.0,0.0,1575.0,
2021-03-29,107.0,-55.0,0.0,1549.0,
2021-03-30,76.0,-98.0,0.0,1524.0,
2021-03-31,142.0,-71.0,0.0,1499.0,
2021-04-01,132.0,1.0,0.0,1448.0,
2021-04-02,147.0,10.0,0.0,1422.0,
2021-04-03,148.0,25.0,0.0,1372.0,
2021-04-04,140.0,44.0,0.0,1346.0,
2021-04-05,92.0,-28.0,0.0,1346.0,
2021-04-06,128.0,-37.0,0.0,1295.0,
2021-04-07,97.0,17.0,0.0,1270.0,
2021-04-08,108.0,-16.0,0.0,1245.0,
2021-04-09,130.0,-27.0,0.0,1219.0,
2021-04-10,134.0,-21.0,0.0,1168.0,
2021-04-11,148.0,-16.0,0.0,1143.0,
2021-04-12,131.0,-42.0,0.0,1118.0,
2021-04-13,72.0,-35.0,51.0,1092.0,
2021-04-14,29.0,-71.0,51.0,1168.0,
2021-04-15,77.0,-87.0,0.0,1118.0,
2021-04-16,97.0,-41.0,0.0,1092.0,
2021-04-17,87.0,-37.0,0.0,1067.0,
2021-04-18,154.0,-30.0,0.0,1041.0,
2021-04-19,148.0,3.0,0.0,1016.0,
2021-04-20,120.0,-9.0,0.0,940.0,
2021-04-21,109.0,-22.0,25.0,914.0,
2021-04-22,101.0,-30.0,0.0,889.0,
2021-04-23,122.0,-18.0,0.0,864.0,
2021-04-24,57.0,-9.0,0.0,838.0,
2021-04-25,0.0,-44.0,152.0,1016.0,
2021-04-26,29.0,-85.0,0.0,940.0,
2021-04-27,45.0,-88.0,25.0,914.0,
2021-04-28,155.0,-65.0,0.0,864.0,
2021-04-29,213.0,20.0,0.0,787.0,
2021-04-30,185.0,67.0,0.0,737.0,
2021-05-01,140.0,0.0,0.0,711.0,
2021-05-02,117.0,-18.0,0.0,686.0,
2021-05-03,144.0,-26.0,0.0,660.0,
2021-05-04,172.0,6.0,0.0,610.0,
2021-05-05,200.0,26.0,0.0,533.0,
2021-05-06,161.0,66.0,0.0,483.0,
2021-05-07,132.0,-8.0,0.0,432.0,
2021-05-08,141.0,-31.0,0.0,381.0,
2021-05-09,146.0,-21.0,0.0,330.0,
2021-05-10,156.0,-23.0,0.0,279.0,
2021-05-11,167.0,-14.0,0.0,229.0,
2021-05-12,186.0,14.0,0.0,152.0,
2021-05-13,199.0,37.0,0.0,76.0,
2021-05-14,199.0,34.0,0.0,25.0,
2021-05-15,129.0,-4.0,51.0,0.0,
2021-05-16,138.0,-14.0,127.0,0.0,
2021-05-17,161.0,24.0,0.0,0.0,
2021-05-18,154.0,17.0,0.0,0.0,
2021-05-19,117.0,8.0,0.0,0.0,
2021-05-20,38.0,-57.0,51.0,0.0,
2021-05-21,24.0,-87.0,102.0,25.0,
2021-05-22,54.0,-46.0,0.0,0.0,
2021-05-23,87.0,-7.0,0.0,0.0,
2021-05-24,142.0,-11.0,0.0,0.0,
2021-05-25,129.0,-8.0,0.0,0.0,
2021-05-26,171.0,-20.0,0.0,0.0,
2021-05-27,178.0,18.0,0.0,0.0,
2021-05-28,187.0,21.0,0.0,0.0,
2021-05-29,198.0,44.0,0.0,0.0,
2021-05-30,213.0,46.0,0.0,0.0,
2021-05-31,240.0,65.0,0.0,0.0,
2021-06-01,249.0,79.0,0.0,0.0,
2021-06-02,259.0,95.0,0.0,0.0,
2021-06-03,259.0,102.0,0.0,0.0,
2021-06-04,248.0,112.0,0.0,0.0,
2021-06-05,227.0,90.0,0.0,0.0,
2021-06-06,201.0,102.0,0.0,0.0,
2021-06-07,160.0,54.0,0.0,0.0,
2021-06-08,115.0,30.0,0.0,0.0,
2021-06-09,104.0,-18.0,0.0,0.0,
2021-06-10,132.0,-29.0,0.0,0.0,
2021-06-11,174.0,12.0,0.0,0.0,
2021-06-12,217.0,49.0,0.0,0.0,
2021-06-13,208.0,95.0,0.0,0.0,
2021-06-14,179.0,100.0,0.0,0.0,
2021-06-15,220.0,97.0,0.0,0.0,
2021-06-16,255.0,74.0,0.0,0.0,
2021-06-17,289.0,127.0,0.0,0.0,
2021-06-18,274.0,124.0,0.0,0.0,
2021-06-19,273.0,128.0,0.0,0.0,
2021-06-20,269.0,129.0,0.0,0.0,
2021-06-21,243.0,106.0,0.0,0.0,
2021-06-22,232.0,97.0,0.0,0.0,
2021-06-23,208.0,56.0,0.0,0.0,
2021-06-24,192.0,62.0,0.0,0.0,
2021-06-25,231.0,51.0,0.0,0.0,
2021-06-26,268.0,96.0,0.0,0.0,
2021-06-27,280.0,116.0,0.0,0.0,
2021-06-28,288.0,130.0,0.0,0.0,
2021-06-29,278.0,137.0,0.0,0.0,
2021-06-30,251.0,128.0,0.0,0.0,
2021-07-01,254.0,106.0,0.0,0.0,
2021-07-02,265.0,106.0,25.0,0.0,
2021-07-03,251.0,99.0,127.0,0.0,
2021-07-04,240.0,88.0,0.0,0.0,
2021-07-05,268.0,107.0,0.0,0.0,
2021-07-06,270.0,116.0,0.0,0.0,
2021-07-07,269.0,118.0,0.0,0.0,
2021-07-08,276.0,170.0,0.0,0.0,
2021-07-09,290.0,149.0,0.0,0.0,
2021-07-10,294.0,152.0,0.0,0.0,
2021-07-11,291.0,146.0,0.0,0.0,
2021-07-12,292.0,186.0,0.0,0.0,
2021-07-13,279.0,162.0,0.0,0.0,
2021-07-14,268.0,159.0,0.0,0.0,
2021-07-15,237.0,143.0,0.0,0.0,
2021-07-16,245.0,114.0,0.0,0.0,
2021-07-17,252.0,110.0,0.0,0.0,
2021-07-18,264.0,124.0,0.0,0.0,
2021-07-19,225.0,110.0,0.0,0.0,
2021-07-20,240.0,109.0,0.0,0.0,
2021-07-21,256.0,109.0,0.0,0.0,
2021-07-22,255.0,124.0,0.0,0.0,
2021-07-23,277.0,108.0,0.0,0.0,
2021-07-24,276.0,117.0,0.0,0.0,
2021-07-25,276.0,134.0,0.0,0.0,
2021-07-26,276.0,104.0,102.0,0.0,
2021-07-27,217.0,100.0,25.0,0.0,
2021-07-28,237.0,90.0,0.0,0.0,
2021-07-29,240.0,96.0,178.0,0.0,
2021-07-30,232.0,92.0,0.0,0.0,
2021-07-31,217.0,107.0,0.0,0.0,
2021-08-01,247.0,94.0,0.0,0.0,
2021-08-02,261.0,100.0,0.0,0.0,
2021-08-03,272.0,111.0,0.0,0.0,
2021-08-04,271.0,129.0,0.0,0.0,
2021-08-05,218.0,69.0,0.0,0.0,
2021-08-06,245.0,52.0,0.0,0.0,
2021-08-07,262.0,94.0,0.0,0.0,
2021-08-08,247.0,112.0,0.0,0.0,
2021-08-09,262.0,96.0,0.0,0.0,
2021-08-10,274.0,108.0,0.0,0.0,
2021-08-11,282.0,111.0,0.0,0.0,
2021-08-12,296.0,128.0,0.0,0.0,
2021-08-13,269.0,127.0,0.0,0.0,
2021-08-14,292.0,123.0,0.0,0.0,
2021-08-15,308.0,142.0,0.0,0.0,
2021-08-16,288.0,148.0,0.0,0.0,
2021-08-17,205.0,126.0,25.0,0.0,
2021-08-18,171.0,54.0,0.0,0.0,
2021-08-19,198.0,18.0,0.0,0.0,
2021-08-20,214.0,54.0,0.0,0.0,
2021-08-21,182.0,68.0,0.0,0.0,
2021-08-22,229.0,41.0,0.0,0.0,
2021-08-23,221.0,106.0,0.0,0.0,
2021-08-24,219.0,112.0,0.0,0.0,
2021-08-25,213.0,106.0,0.0,0.0,
2021-08-26,224.0,74.0,0.0,0.0,
2021-08-27,255.0,76.0,0.0,0.0,
2021-08-28,271.0,89.0,0.0,0.0,
2021-08-29,261.0,112.0,0.0,0.0,
2021-08-30,257.0,149.0,0.0,0.0,
2021-08-31,256.0,146.0,0.0,0.0,
2021-09-01,219.0,119.0,0.0,0.0,
2021-09-02,218.0,64.0,0.0,0.0,
2021-09-03,228.0,52.0,0.0,0.0,
2021-09-04,262.0,74.0,0.0,0.0,
2021-09-05,271.0,90.0,0.0,0.0,
2021-09-06,278.0,112.0,0.0,0.0,
2021-09-07,287.0,112.0,0.0,0.0,
2021-09-08,282.0,127.0,0.0,0.0,
2021-09-09,282.0,109.0,0.0,0.0,
2021-09-10,186.0,98.0,25.0,0.0,
2021-09-11,225.0,84.0,0.0,0.0,
2021-09-12,231.0,78.0,25.0,0.0,
2021-09-13,240.0,57.0,0.0,0.0,
2021-09-14,254.0,77.0,0.0,0.0,
2021-09-15,246.0,89.0,0.0,0.0,
2021-09-16,215.0,78.0,0.0,0.0,
2021-09-17,214.0,65.0,0.0,0.0,
2021-09-18,165.0,79.0,0.0,0.0,
2021-09-19,163.0,23.0,0.0,0.0,
2021-09-20,176.0,-6.0,0.0,0.0,
2021-09-21,232.0,32.0,0.0,0.0,
2021-09-22,209.0,70.0,0.0,0.0,
2021-09-23,206.0,48.0,0.0,0.0,
2021-09-24,250.0,56.0,0.0,0.0,
2021-09-25,221.0,91.0,0.0,0.0,
2021-09-26,204.0,102.0,0.0,0.0,
2021-09-27,175.0,48.0,0.0,0.0,
2021-09-28,117.0,-15.0,25.0,0.0,
2021-09-29,140.0,-31.0,0.0,0.0,
2021-09-30,179.0,-8.0,0.0,0.0,
2021-10-01,194.0,20.0,0.0,0.0,
2021-10-02,204.0,44.0,0.0,0.0,
2021-10-03,206.0,47.0,0.0,0.0,
2021-10-04,186.0,66.0,0.0,0.0,
2021-10-05,172.0,74.0,0.0,0.0,
2021-10-06,95.0,44.0,25.0,0.0,
2021-10-07,115.0,41.0,0.0,0.0,
2021-10-08,66.0,-30.0,25.0,0.0,
2021-10-09,92.0,-52.0,0.0,0.0,
2021-10-10,156.0,-23.0,0.0,0.0,
2021-10-11,32.0,-68.0,76.0,25.0,
2021-10-12,28.0,-88.0,0.0,25.0,
2021-10-13,77.0,-50.0,0.0,0.0,
2021-10-14,99.0,-47.0,25.0,0.0,
2021-10-15,184.0,-24.0,0.0,0.0,
2021-10-16,189.0,10.0,0.0,0.0,
2021-10-17,99.0,-56.0,76.0,102.0,
2021-10-18,23.0,-65.0,0.0,76.0,
2021-10-19,104.0,-58.0,25.0,0.0,
2021-10-20,89.0,7.0,25.0,0.0,
2021-10-21,87.0,49.0,254.0,0.0,
2021-10-22,68.0,4.0,203.0,0.0,
2021-10-23,26.0,-18.0,127.0,0.0,
2021-10-24,57.0,3.0,1905.0,25.0,
2021-10-25,11.0,-44.0,584.0,508.0,
2021-10-26,38.0,-56.0,0.0,432.0,
2021-10-27,133.0,17.0,0.0,330.0,
2021-10-28,167.0,5.0,0.0,279.0,
2021-10-29,149.0,34.0,25.0,229.0,
2021-10-30,101.0,42.0,0.0,152.0,
2021-10-31,100.0,35.0,0.0,127.0,
2021-11-01,68.0,15.0,51.0,127.0,
2021-11-02,109.0,14.0,0.0,102.0,
2021-11-03,161.0,13.0,0.0,51.0,
2021-11-04,98.0,35.0,0.0,25.0,
2021-11-05,126.0,40.0,0.0,0.0,
2021-11-06,62.0,2.0,25.0,0.0,
2021-11-07,48.0,-49.0,0.0,0.0,
2021-11-08,75.0,-50.0,51.0,51.0,
2021-11-09,37.0,-6.0,305.0,102.0,
2021-11-10,94.0,8.0,0.0,102.0,
2021-11-11,141.0,11.0,25.0,102.0,
2021-11-12,175.0,22.0,0.0,76.0,
2021-11-13,172.0,24.0,0.0,76.0,
2021-11-14,182.0,37.0,0.0,76.0,
2021-11-15,131.0,61.0,0.0,51.0,
2021-11-16,111.0,-10.0,0.0,51.0,
2021-11-17,124.0,-45.0,0.0,51.0,
2021-11-18,82.0,12.0,0.0,51.0,
2021-11-19,87.0,-21.0,0.0,51.0,
2021-11-20,56.0,-35.0,0.0,51.0,
2021-11-21,85.0,-60.0,0.0,25.0,
2021-11-22,122.0,-7.0,0.0,0.0,
2021-11-23,67.0,-57.0,0.0,0.0,
2021-11-24,38.0,-90.0,0.0,0.0,
2021-11-25,147.0,-37.0,25.0,0.0,
2021-11-26,149.0,11.0,0.0,0.0,
2021-11-27,143.0,13.0,0.0,0.0,
2021-11-28,158.0,16.0,0.0,0.0,
2021-11-29,153.0,17.0,0.0,0.0,
2021-11-30,152.0,7.0,0.0,0.0,
2021-12-01,162.0,0.0,0.0,0.0,
2021-12-02,139.0,7.0,0.0,0.0,
2021-12-03,133.0,-3.0,0.0,0.0,
2021-12-04,132.0,-3.0,0.0,0.0,
2021-12-05,111.0,-14.0,0.0,0.0,
2021-12-06,91.0,2.0,0.0,0.0,
2021-12-07,20.0,-25.0,0.0,0.0,
2021-12-08,32.0,-18.0,51.0,25.0,
2021-12-09,-6.0,-124.0,102.0,178.0,
2021-12-10,14.0,-141.0,0.0,152.0,
2021-12-11,26.0,-57.0,25.0,102.0,
2021-12-12,-16.0,-53.0,330.0,330.0,
2021-12-13,-16.0,-34.0,787.0,965.0,
2021-12-14,-26.0,-156.0,330.0,1168.0,
2021-12-15,-39.0,-158.0,330.0,1143.0,
2021-12-16,-32.0,-124.0,229.0,1168.0,
2021-12-17,45.0,-126.0,0.0,1143.0,
2021-12-18,86.0,-58.0,0.0,1041.0,
2021-12-19,48.0,-2.0,0.0,991.0,
2021-12-20,51.0,4.0,0.0,965.0,
2021-12-21,66.0,-13.0,0.0,914.0,
2021-12-22,13.0,-37.0,330.0,1067.0,
2021-12-23,6.0,-37.0,330.0,1372.0,
2021-12-24,-18.0,-76.0,51.0,1473.0,
2021-12-25,-48.0,-94.0,381.0,1880.0,
2021-12-26,-94.0,-122.0,203.0,2032.0,
2021-12-27,-76.0,-99.0,381.0,2337.0,
2021-12-28,-14.0,-95.0,25.0,2134.0,
2021-12-29,-42.0,-99.0,127.0,2261.0,
2021-12-30,-9.0,-104.0,25.0,2108.0,
2021-12-31,-13.0,-161.0,0.0,2032.0,
2022-01-01,46.0,-174.0,0.0,1930.0,
2022-01-02,4.0,-63.0,0.0,1854.0,
2022-01-03,-4.0,-46.0,0.0,1803.0,
2022-01-04,20.0,-12.0,0.0,1753.0,
2022-01-05,92.0,-8.0,0.0,1702.0,
2022-01-06,82.0,-7.0,0.0,1676.0,
2022-01-07,30.0,-76.0,0.0,1676.0,
2022-01-08,30.0,-94.0,0.0,1651.0,
2022-01-09,90.0,-103.0,0.0,1626.0,
2022-01-10,89.0,-43.0,0.0,1626.0,
2022-01-11,122.0,-46.0,0.0,1600.0,
2022-01-12,158.0,2.0,0.0,1549.0,
2022-01-13,91.0,-27.0,0.0,1549.0,
2022-01-14,40.0,-64.0,0.0,1524.0,
2022-01-15,109.0,-63.0,0.0,1524.0,
2022-01-16,104.0,-26.0,0.0,1499.0,
2022-01-17,79.0,-34.0,0.0,1499.0,
2022-01-18,79.0,-35.0,0.0,1473.0,
2022-01-19,59.0,-65.0,0.0,1473.0,
2022-01-20,111.0,-55.0,0.0,1448.0,
2022-01-21,10.0,-69.0,0.0,1448.0,
2022-01-22,5.0,-90.0,0.0,1448.0,
2022-01-23,80.0,-89.0,0.0,1422.0,
2022-01-24,129.0,-42.0,0.0,1422.0,
2022-01-25,25.0,-88.0,0.0,1422.0,
2022-01-26,81.0,-92.0,0.0,1397.0,
2022-01-27,62.0,-92.0,0.0,1397.0,
2022-01-28,87.0,-83.0,0.0,1397.0,
2022-01-29,105.0,-60.0,0.0,1397.0,
2022-01-30,112.0,-60.0,0.0,1372.0,
2022-01-31,86.0,-72.0,0.0,1372.0,
2022-02-01,-29.0,-127.0,0.0,1372.0,
2022-02-02,-14.0,-129.0,0.0,1372.0,
2022-02-03,36.0,-87.0,0.0,1372.0,
2022-02-04,69.0,-101.0,0.0,1346.0,
2022-02-05,85.0,-44.0,0.0,1372.0,
2022-02-06,80.0,-65.0,0.0,1346.0,
2022-02-07,133.0,-42.0,0.0,1321.0,
2022-02-08,94.0,-41.0,0.0,1321.0,
2022-02-09,87.0,-42.0,0.0,1321.0,
2022-02-10,127.0,-30.0,0.0,1321.0,
2022-02-11,122.0,-20.0,0.0,1295.0,
2022-02-12,127.0,-32.0,0.0,1270.0,
2022-02-13,120.0,1.0,0.0,1270.0,
2022-02-14,76.0,-22.0,0.0,1270.0,
2022-02-15,-22.0,-88.0,25.0,1295.0,
2022-02-16,42.0,-109.0,0.0,1295.0,
2022-02-17,105.0,-97.0,0.0,1270.0,
2022-02-18,91.0,-60.0,0.0,1270.0,
2022-02-19,100.0,-55.0,0.0,1245.0,
2022-02-20,55.0,-29.0,0.0,1245.0,
2022-02-21,-22.0,-96.0,25.0,1346.0,
2022-02-22,-61.0,-160.0,102.0,1524.0,
2022-02-23,-63.0,-180.0,51.0,1473.0,
2022-02-24,15.0,-178.0,0.0,1448.0,
2022-02-25,13.0,-155.0,0.0,1422.0,
2022-02-26,96.0,-130.0,0.0,1372.0,
2022-02-27,99.0,-38.0,0.0,1346.0,
2022-02-28,134.0,-38.0,0.0,1321.0,
2022-03-01,138.0,-11.0,0.0,1295.0,
2022-03-02,126.0,6.0,0.0,1270.0,
2022-03-03,87.0,-22.0,0.0,1245.0,
2022-03-04,26.0,-102.0,51.0,1321.0,
2022-03-05,-21.0,-114.0,0.0,1321.0,
2022-03-06,29.0,-119.0,0.0,1295.0,
2022-03-07,16.0,-96.0,25.0,1295.0,
2022-03-08,70.0,-82.0,0.0,1245.0,
2022-03-09,55.0,-35.0,0.0,1270.0,
2022-03-10,-2.0,-111.0,0.0,1270.0,
2022-03-11,106.0,-84.0,25.0,1270.0,
2022-03-12,86.0,-25.0,0.0,1219.0,
2022-03-13,50.0,-31.0,0.0,1245.0,
2022-03-14,110.0,-31.0,0.0,1194.0,
2022-03-15,49.0,-28.0,25.0,1219.0,
2022-03-16,79.0,-42.0,0.0,1194.0,
2022-03-17,72.0,-49.0,0.0,1168.0,
2022-03-18,115.0,-41.0,0.0,1143.0,
2022-03-19,23.0,-57.0,102.0,1245.0,
2022-03-20,64.0,-69.0,0.0,1194.0,
2022-03-21,117.0,-54.0,25.0,1168.0,
2022-03-22,134.0,-1.0,0.0,1118.0,
2022-03-23,148.0,2.0,0.0,1092.0,
2022-03-24,167.0,8.0,0.0,1041.0,
2022-03-25,158.0,36.0,0.0,1016.0,
2022-03-26,146.0,56.0,0.0,965.0,
2022-03-27,114.0,-2.0,0.0,965.0,
2022-03-28,62.0,-34.0,102.0,1041.0,
2022-03-29,85.0,-34.0,0.0,991.0,
2022-03-30,97.0,-27.0,0.0,991.0,
2022-03-31,118.0,-41.0,0.0,940.0,
2022-04-01,137.0,-44.0,25.0,914.0,
2022-04-02,136.0,1.0,0.0,914.0,
2022-04-03,118.0,-32.0,0.0,864.0,
2022-04-04,102.0,13.0,0.0,838.0,
2022-04-05,133.0,-20.0,0.0,813.0,
2022-04-06,158.0,-34.0,0.0,787.0,
2022-04-07,201.0,6.0,0.0,762.0,
2022-04-08,162.0,49.0,0.0,737.0,
2022-04-09,123.0,-29.0,0.0,711.0,
2022-04-10,86.0,-73.0,0.0,711.0,
2022-04-11,-2.0,-106.0,203.0,864.0,
2022-04-12,-11.0,-127.0,25.0,813.0,
2022-04-13,25.0,-97.0,25.0,787.0,
2022-04-14,6.0,-26.0,102.0,914.0,
2022-04-15,46.0,-20.0,76.0,838.0,
2022-04-16,12.0,-22.0,229.0,991.0,
2022-04-17,104.0,-27.0,0.0,914.0,
2022-04-18,92.0,12.0,0.0,864.0,
2022-04-19,14.0,-24.0,127.0,991.0,
2022-04-20,59.0,-24.0,25.0,889.0,
2022-04-21,-3.0,-56.0,483.0,1372.0,
2022-04-22,22.0,-73.0,0.0,1245.0,
2022-04-23,79.0,-79.0,0.0,1143.0,
2022-04-24,119.0,-52.0,25.0,1092.0,
2022-04-25,122.0,-22.0,0.0,1016.0,
2022-04-26,118.0,27.0,0.0,991.0,
2022-04-27,101.0,8.0,0.0,965.0,
2022-04-28,55.0,-58.0,0.0,940.0,
2022-04-29,148.0,-64.0,0.0,914.0,
2022-04-30,107.0,13.0,0.0,889.0,
2022-05-01,101.0,-16.0,0.0,864.0,
2022-05-02,86.0,-29.0,0.0,813.0,
2022-05-03,131.0,-71.0,0.0,787.0,
2022-05-04,178.0,-11.0,0.0,762.0,
2022-05-05,126.0,50.0,0.0,711.0,
2022-05-06,126.0,32.0,0.0,610.0,
2022-05-07,86.0,-7.0,0.0,584.0,
2022-05-08,6.0,-90.0,152.0,813.0,
2022-05-09,-12.0,-98.0,51.0,787.0,
2022-05-10,2.0,-130.0,25.0,813.0,
2022-05-11,33.0,-132.0,25.0,711.0,
2022-05-12,87.0,-70.0,0.0,660.0,
2022-05-13,144.0,-13.0,0.0,610.0,
2022-05-14,195.0,44.0,0.0,584.0,
2022-05-15,186.0,49.0,0.0,559.0,
2022-05-16,163.0,34.0,0.0,508.0,
2022-05-17,196.0,11.0,0.0,457.0,
2022-05-18,221.0,36.0,0.0,381.0,
2022-05-19,170.0,2.0,0.0,330.0,
2022-05-20,85.0,-43.0,0.0,305.0,
2022-05-21,140.0,-32.0,0.0,254.0,
2022-05-22,163.0,8.0,0.0,178.0,
2022-05-23,185.0,11.0,0.0,127.0,
2022-05-24,222.0,27.0,0.0,51.0,
2022-05-25,225.0,52.0,0.0,0.0,
2022-05-26,198.0,104.0,0.0,0.0,
2022-05-27,163.0,59.0,0.0,0.0,
2022-05-28,102.0,14.0,0.0,0.0,
2022-05-29,108.0,-6.0,0.0,0.0,
2022-05-30,106.0,-23.0,0.0,0.0,
2022-05-31,144.0,-26.0,0.0,0.0,
2022-06-01,188.0,7.0,0.0,0.0,
2022-06-02,188.0,57.0,0.0,0.0,
2022-06-03,156.0,72.0,0.0,0.0,
2022-06-04,120.0,52.0,0.0,0.0,
2022-06-05,116.0,56.0,51.0,0.0,
2022-06-06,183.0,50.0,0.0,0.0,
2022-06-07,219.0,37.0,0.0,0.0,
2022-06-08,214.0,80.0,0.0,0.0,
2022-06-09,240.0,70.0,0.0,0.0,
2022-06-10,251.0,86.0,0.0,0.0,
2022-06-11,221.0,102.0,0.0,0.0,
2022-06-12,142.0,52.0,152.0,0.0,
2022-06-13,128.0,-6.0,0.0,0.0,
2022-06-14,174.0,-18.0,0.0,0.0,
2022-06-15,226.0,26.0,0.0,0.0,
2022-06-16,196.0,91.0,0.0,0.0,
2022-06-17,99.0,1.0,0.0,0.0,
2022-06-18,76.0,-24.0,0.0,0.0,
2022-06-19,130.0,-38.0,0.0,0.0,
2022-06-20,178.0,0.0,0.0,0.0,
2022-06-21,211.0,26.0,0.0,0.0,
2022-06-22,213.0,69.0,0.0,0.0,
2022-06-23,190.0,88.0,0.0,0.0,
2022-06-24,229.0,61.0,0.0,0.0,
2022-06-25,225.0,87.0,0.0,0.0,
2022-06-26,248.0,89.0,0.0,0.0,
2022-06-27,249.0,110.0,0.0,0.0,
2022-06-28,238.0,134.0,0.0,0.0,
2022-06-29,224.0,130.0,0.0,0.0,
2022-06-30,219.0,123.0,0.0,0.0,
2022-07-01,219.0,82.0,0.0,0.0,
2022-07-02,200.0,85.0,0.0,0.0,
2022-07-03,163.0,78.0,0.0,0.0,
2022-07-04,178.0,62.0,0.0,0.0,
2022-07-05,179.0,72.0,0.0,0.0,
2022-07-06,196.0,86.0,0.0,0.0,
2022-07-07,215.0,82.0,0.0,0.0,
2022-07-08,224.0,114.0,0.0,0.0,
2022-07-09,221.0,88.0,0.0,0.0,
2022-07-10,266.0,81.0,0.0,0.0,
2022-07-11,278.0,106.0,0.0,0.0,
2022-07-12,271.0,122.0,0.0,0.0,
2022-07-13,245.0,161.0,0.0,0.0,
2022-07-14,252.0,117.0,0.0,0.0,
2022-07-15,258.0,159.0,0.0,0.0,
2022-07-16,269.0,146.0,0.0,0.0,
2022-07-17,265.0,167.0,0.0,0.0,
2022-07-18,251.0,132.0,0.0,0.0,
2022-07-19,254.0,123.0,0.0,0.0,
2022-07-20,258.0,104.0,0.0,0.0,
2022-07-21,262.0,108.0,0.0,0.0,
2022-07-22,244.0,96.0,0.0,0.0,
2022-07-23,251.0,111.0,0.0,0.0,
2022-07-24,256.0,101.0,0.0,0.0,
2022-07-25,275.0,119.0,0.0,0.0,
2022-07-26,248.0,146.0,0.0,0.0,
2022-07-27,290.0,136.0,0.0,0.0,
2022-07-28,300.0,158.0,0.0,0.0,
2022-07-29,300.0,144.0,0.0,0.0,
2022-07-30,295.0,140.0,0.0,0.0,
2022-07-31,272.0,122.0,25.0,0.0,
2022-08-01,208.0,120.0,0.0,0.0,
2022-08-02,230.0,106.0,0.0,0.0,
2022-08-03,264.0,104.0,0.0,0.0,
2022-08-04,249.0,118.0,0.0,0.0,
2022-08-05,174.0,99.0,76.0,0.0,
2022-08-06,236.0,82.0,0.0,0.0,
2022-08-07,253.0,100.0,0.0,0.0,
2022-08-08,242.0,120.0,0.0,0.0,
2022-08-09,227.0,112.0,0.0,0.0,
2022-08-10,231.0,128.0,0.0,0.0,
2022-08-11,235.0,90.0,0.0,0.0,
2022-08-12,236.0,106.0,0.0,0.0,
2022-08-13,249.0,105.0,0.0,0.0,
2022-08-14,250.0,108.0,0.0,0.0,
2022-08-15,266.0,100.0,0.0,0.0,
2022-08-16,278.0,118.0,0.0,0.0,
2022-08-17,234.0,88.0,102.0,0.0,
2022-08-18,228.0,75.0,0.0,0.0,
2022-08-19,250.0,82.0,0.0,0.0,
2022-08-20,269.0,105.0,0.0,0.0,
2022-08-21,268.0,119.0,0.0,0.0,
2022-08-22,267.0,114.0,0.0,0.0,
2022-08-23,274.0,105.0,0.0,0.0,
2022-08-24,258.0,154.0,0.0,0.0,
2022-08-25,257.0,140.0,0.0,0.0,
2022-08-26,252.0,150.0,0.0,0.0,
2022-08-27,240.0,119.0,0.0,0.0,
2022-08-28,252.0,98.0,0.0,0.0,
2022-08-29,255.0,99.0,0.0,0.0,
2022-08-30,273.0,116.0,0.0,0.0,
2022-08-31,271.0,142.0,0.0,0.0,
2022-09-01,284.0,120.0,0.0,0.0,
2022-09-02,282.0,158.0,0.0,0.0,
2022-09-03,275.0,177.0,0.0,0.0,
2022-09-04,298.0,153.0,0.0,0.0,
2022-09-05,294.0,132.0,0.0,0.0,
2022-09-06,308.0,143.0,0.0,0.0,
2022-09-07,288.0,140.0,0.0,0.0,
2022-09-08,279.0,128.0,0.0,0.0,
2022-09-09,274.0,109.0,0.0,0.0,
2022-09-10,240.0,104.0,0.0,0.0,
2022-09-11,222.0,106.0,0.0,0.0,
2022-09-12,183.0,90.0,51.0,0.0,
2022-09-13,178.0,94.0,0.0,0.0,
2022-09-14,167.0,61.0,0.0,0.0,
2022-09-15,178.0,33.0,0.0,0.0,
2022-09-16,186.0,33.0,0.0,0.0,
2022-09-17,155.0,55.0,0.0,0.0,
2022-09-18,88.0,23.0,76.0,0.0,
2022-09-19,79.0,24.0,406.0,0.0,
2022-09-20,76.0,27.0,229.0,0.0,
2022-09-21,47.0,10.0,178.0,0.0,
2022-09-22,161.0,-10.0,0.0,0.0,
2022-09-23,198.0,16.0,0.0,0.0,
2022-09-24,212.0,36.0,0.0,0.0,
2022-09-25,220.0,57.0,0.0,0.0,
2022-09-26,225.0,90.0,0.0,0.0,
2022-09-27,205.0,95.0,0.0,0.0,
2022-09-28,190.0,115.0,0.0,0.0,
2022-09-29,196.0,61.0,0.0,0.0,
2022-09-30,208.0,32.0,0.0,0.0,
2022-10-01,199.0,23.0,0.0,0.0,
2022-10-02,192.0,37.0,0.0,0.0,
2022-10-03,201.0,39.0,0.0,0.0,
2022-10-04,212.0,38.0,0.0,0.0,
2022-10-05,217.0,48.0,0.0,0.0,
2022-10-06,217.0,56.0,0.0,0.0,
2022-10-07,216.0,60.0,0.0,0.0,
2022-10-08,205.0,59.0,0.0,0.0,
2022-10-09,189.0,60.0,0.0,0.0,
2022-10-10,186.0,48.0,0.0,0.0,
2022-10-11,201.0,45.0,0.0,0.0,
2022-10-12,196.0,42.0,0.0,0.0,
2022-10-13,194.0,49.0,25.0,0.0,
2022-10-14,197.0,40.0,0.0,0.0,
2022-10-15,196.0,40.0,0.0,0.0,
2022-10-16,194.0,36.0,0.0,0.0,
2022-10-17,180.0,38.0,0.0,0.0,
2022-10-18,187.0,45.0,0.0,0.0,
2022-10-19,185.0,45.0,0.0,0.0,
2022-10-20,196.0,38.0,0.0,0.0,
2022-10-21,167.0,46.0,0.0,0.0,
2022-10-22,87.0,-74.0,25.0,25.0,
2022-10-23,24.0,-88.0,0.0,0.0,
2022-10-24,134.0,-68.0,25.0,0.0,
2022-10-25,107.0,-6.0,0.0,0.0,
2022-10-26,90.0,-44.0,0.0,0.0,
2022-10-27,114.0,-64.0,0.0,0.0,
2022-10-28,100.0,-9.0,0.0,0.0,
2022-10-29,136.0,-24.0,0.0,0.0,
2022-10-30,133.0,-21.0,0.0,0.0,
2022-10-31,124.0,-1.0,0.0,0.0,
2022-11-01,54.0,-58.0,178.0,203.0,
2022-11-02,-29.0,-92.0,51.0,203.0,
2022-11-03,-20.0,-120.0,0.0,152.0,
2022-11-04,100.0,-48.0,25.0,127.0,
2022-11-05,55.0,11.0,51.0,102.0,
2022-11-06,29.0,-3.0,76.0,76.0,
2022-11-07,-1.0,-82.0,254.0,356.0,
2022-11-08,-32.0,-81.0,533.0,813.0,
2022-11-09,-16.0,-112.0,0.0,737.0,
2022-11-10,6.0,-128.0,0.0,660.0,
2022-11-11,79.0,-99.0,25.0,584.0,
2022-11-12,0.0,-64.0,0.0,533.0,
2022-11-13,28.0,-98.0,0.0,533.0,
2022-11-14,38.0,-95.0,0.0,483.0,
2022-11-15,0.0,-105.0,0.0,457.0,
2022-11-16,85.0,-110.0,0.0,457.0,
2022-11-17,102.0,-54.0,25.0,457.0,
2022-11-18,0.0,-124.0,0.0,432.0,
2022-11-19,89.0,-131.0,0.0,432.0,
2022-11-20,104.0,-43.0,0.0,432.0,
2022-11-21,106.0,-40.0,0.0,432.0,
2022-11-22,99.0,-38.0,0.0,406.0,
2022-11-23,96.0,-41.0,0.0,406.0,
2022-11-24,86.0,-46.0,0.0,381.0,
2022-11-25,108.0,-1.0,0.0,381.0,
2022-11-26,81.0,-64.0,0.0,381.0,
2022-11-27,88.0,-58.0,0.0,381.0,
2022-11-28,10.0,-72.0,0.0,381.0,
2022-11-29,75.0,-98.0,0.0,356.0,
2022-11-30,24.0,-30.0,0.0,356.0,
2022-12-01,-26.0,-113.0,533.0,965.0,
2022-12-02,4.0,-150.0,0.0,813.0,
2022-12-03,14.0,-24.0,305.0,940.0,
2022-12-04,4.0,-58.0,305.0,1067.0,
2022-12-05,-35.0,-64.0,25.0,1067.0,
2022-12-06,4.0,-112.0,0.0,965.0,
2022-12-07,-9.0,-133.0,0.0,965.0,
2022-12-08,-29.0,-112.0,51.0,965.0,
2022-12-09,-18.0,-61.0,25.0,940.0,
2022-12-10,-4.0,-58.0,914.0,1575.0,
2022-12-11,-34.0,-102.0,381.0,1880.0,
2022-12-12,-36.0,-121.0,0.0,1753.0,
2022-12-13,2.0,-111.0,0.0,1676.0,
2022-12-14,42.0,-116.0,0.0,1549.0,
2022-12-15,26.0,-117.0,0.0,1549.0,
2022-12-16,72.0,-124.0,0.0,1473.0,
2022-12-17,76.0,-70.0,0.0,1448.0,
2022-12-18,52.0,-78.0,0.0,1422.0,
2022-12-19,49.0,-68.0,0.0,1372.0,
2022-12-20,34.0,-47.0,0.0,1372.0,
2022-12-21,57.0,-39.0,0.0,1321.0,
2022-12-22,87.0,-22.0,25.0,1295.0,
2022-12-23,82.0,-20.0,0.0,1270.0,
2022-12-24,133.0,-6.0,0.0,1245.0,
2022-12-25,128.0,-3.0,0.0,1219.0,
2022-12-26,101.0,-2.0,25.0,1219.0,
2022-12-27,6.0,-60.0,737.0,1676.0,
2022-12-28,-7.0,-95.0,0.0,1626.0,
2022-12-29,16.0,-65.0,152.0,1651.0,
2022-12-30,34.0,5.0,965.0,1575.0,
2022-12-31,29.0,-45.0,1143.0,2362.0,
2023-01-01,-16.0,-106.0,0.0,2184.0,
2023-01-02,-30.0,-145.0,25.0,2210.0,
2023-01-03,-22.0,-63.0,76.0,2083.0,
2023-01-04,12.0,-39.0,229.0,2108.0,
2023-01-05,-11.0,-73.0,610.0,2667.0,
2023-01-06,14.0,-103.0,0.0,2515.0,
2023-01-07,3.0,-49.0,0.0,2388.0,
2023-01-08,-16.0,-49.0,279.0,2464.0,
2023-01-09,2.0,-44.0,711.0,2794.0,
2023-01-10,-16.0,-69.0,457.0,3251.0,
2023-01-11,2.0,-66.0,127.0,3099.0,
2023-01-12,59.0,-10.0,25.0,2946.0,
2023-01-13,28.0,-27.0,178.0,3023.0,
2023-01-14,-21.0,-55.0,762.0,3581.0,
2023-01-15,-47.0,-83.0,127.0,3505.0,
2023-01-16,-37.0,-101.0,432.0,3912.0,
2023-01-17,-10.0,-135.0,0.0,3708.0,
2023-01-18,6.0,-135.0,76.0,3683.0,
2023-01-19,-28.0,-135.0,25.0,3581.0,
2023-01-20,-18.0,-125.0,0.0,3505.0,
2023-01-21,101.0,-112.0,51.0,3404.0,
2023-01-22,-2.0,-112.0,0.0,3353.0,
2023-01-23,-7.0,-121.0,0.0,3302.0,
2023-01-24,64.0,-119.0,0.0,3226.0,
2023-01-25,30.0,-100.0,0.0,3200.0,
2023-01-26,95.0,-107.0,0.0,3150.0,
2023-01-27,74.0,-80.0,0.0,3099.0,
2023-01-28,56.0,-103.0,0.0,3073.0,
2023-01-29,-41.0,-128.0,51.0,3150.0,
2023-01-30,-73.0,-181.0,0.0,3124.0,
2023-01-31,35.0,-176.0,0.0,3048.0,
2023-02-01,90.0,-80.0,0.0,3023.0,
2023-02-02,75.0,-36.0,25.0,2972.0,
2023-02-03,14.0,-44.0,25.0,2946.0,
2023-02-04,45.0,-50.0,203.0,3099.0,
2023-02-05,-30.0,-101.0,330.0,3302.0,
2023-02-06,11.0,-125.0,0.0,3200.0,
2023-02-07,85.0,-100.0,0.0,3124.0,
2023-02-08,90.0,-61.0,0.0,3099.0,
2023-02-09,119.0,-55.0,0.0,3048.0,
2023-02-10,71.0,-30.0,0.0,2997.0,
2023-02-11,-23.0,-76.0,102.0,3124.0,
2023-02-12,39.0,-95.0,0.0,3073.0,
2023-02-13,98.0,-87.0,0.0,3023.0,
2023-02-14,-35.0,-130.0,0.0,3048.0,
2023-02-15,-20.0,-149.0,0.0,2997.0,
2023-02-16,29.0,-150.0,0.0,2972.0,
2023-02-17,37.0,-117.0,0.0,2946.0,
2023-02-18,74.0,-109.0,0.0,2921.0,
2023-02-19,97.0,-78.0,0.0,2870.0,
2023-02-20,111.0,-55.0,0.0,2870.0,
2023-02-21,25.0,-113.0,25.0,2972.0,
2023-02-22,-80.0,-150.0,51.0,3124.0,
2023-02-23,-105.0,-148.0,203.0,3327.0,
2023-02-24,-54.0,-115.0,330.0,3708.0,
2023-02-25,1.0,-89.0,178.0,3683.0,
2023-02-26,-45.0,-87.0,203.0,3861.0,
2023-02-27,-68.0,-115.0,483.0,4343.0,
2023-02-28,-72.0,-113.0,533.0,4775.0,
2023-03-01,-37.0,-143.0,51.0,4445.0,
2023-03-02,97.0,-153.0,0.0,4216.0,
2023-03-03,56.0,-81.0,0.0,4089.0,
2023-03-04,-48.0,-118.0,178.0,4267.0,
2023-03-05,-70.0,-113.0,305.0,4521.0,
2023-03-06,-47.0,-127.0,102.0,4496.0,
2023-03-07,-39.0,-101.0,76.0,4369.0,
2023-03-08,-34.0,-96.0,152.0,4445.0,
2023-03-09,8.0,-84.0,406.0,4572.0,
2023-03-10,7.0,-7.0,584.0,4547.0,
2023-03-11,18.0,-23.0,330.0,4623.0,
2023-03-12,10.0,-24.0,381.0,4801.0,
2023-03-13,21.0,-26.0,152.0,4724.0,
2023-03-14,23.0,-18.0,559.0,4801.0,
2023-03-15,51.0,-81.0,0.0,4648.0,
2023-03-16,48.0,-101.0,0.0,4547.0,
2023-03-17,64.0,-105.0,0.0,4496.0,
2023-03-18,69.0,-84.0,0.0,4445.0,
2023-03-19,3.0,-31.0,203.0,4623.0,
2023-03-20,16.0,-81.0,0.0,4547.0,
2023-03-21,0.0,-85.0,152.0,4724.0,
2023-03-22,11.0,-72.0,51.0,4623.0,
2023-03-23,4.0,-70.0,76.0,4623.0,
2023-03-24,-8.0,-117.0,0.0,4572.0,
2023-03-25,7.0,-145.0,0.0,4521.0,
2023-03-26,3.0,-153.0,0.0,4496.0,
2023-03-27,36.0,-162.0,51.0,4420.0,
2023-03-28,-4.0,-58.0,381.0,4801.0,
2023-03-29,-18.0,-97.0,51.0,4750.0,
2023-03-30,4.0,-109.0,51.0,4674.0,
2023-03-31,44.0,-79.0,0.0,4597.0,
2023-04-01,54.0,-32.0,0.0,4521.0,
2023-04-02,21.0,-74.0,51.0,4547.0,
2023-04-03,-48.0,-159.0,76.0,4572.0,
2023-04-04,3.0,-171.0,0.0,4496.0,
2023-04-05,61.0,-150.0,0.0,4445.0,
2023-04-06,80.0,-76.0,0.0,4394.0,
2023-04-07,17.0,-37.0,102.0,4420.0,
2023-04-08,109.0,-30.0,0.0,4343.0,
2023-04-09,180.0,-11.0,0.0,4293.0,
2023-04-10,146.0,33.0,0.0,4216.0,
2023-04-11,110.0,22.0,0.0,4115.0,
2023-04-12,76.0,-40.0,0.0,4089.0,
2023-04-13,75.0,-111.0,0.0,4064.0,
2023-04-14,78.0,-74.0,0.0,4039.0,
2023-04-15,118.0,-47.0,0.0,3988.0,
2023-04-16,96.0,12.0,0.0,3937.0,
2023-04-17,48.0,-55.0,0.0,3937.0,
2023-04-18,-14.0,-123.0,0.0,3962.0,
2023-04-19,35.0,-127.0,0.0,3937.0,
2023-04-20,111.0,-81.0,0.0,3886.0,
2023-04-21,144.0,-16.0,0.0,3835.0,
2023-04-22,154.0,-20.0,0.0,3785.0,
2023-04-23,119.0,-9.0,0.0,3759.0,
2023-04-24,126.0,-9.0,0.0,3708.0,
2023-04-25,141.0,-29.0,0.0,3658.0,
2023-04-26,173.0,-15.0,0.0,3607.0,
2023-04-27,195.0,18.0,0.0,3556.0,
2023-04-28,202.0,33.0,0.0,3505.0,
2023-04-29,189.0,46.0,0.0,3429.0,
2023-04-30,150.0,54.0,0.0,3378.0,
2023-05-01,74.0,-30.0,0.0,3327.0,
2023-05-02,44.0,-57.0,25.0,3353.0,
2023-05-03,62.0,-60.0,0.0,3302.0,
2023-05-04,41.0,-31.0,25.0,3353.0,
2023-05-05,45.0,-35.0,51.0,3302.0,
2023-05-06,14.0,-31.0,76.0,3378.0,
2023-05-07,57.0,-36.0,0.0,3327.0,
2023-05-08,64.0,-21.0,0.0,3302.0,
2023-05-09,107.0,-56.0,0.0,3251.0,
2023-05-10,100.0,-45.0,25.0,3200.0,
2023-05-11,143.0,-24.0,0.0,3175.0,
2023-05-12,180.0,4.0,0.0,3124.0,
2023-05-13,186.0,21.0,0.0,3073.0,
2023-05-14,139.0,17.0,0.0,3023.0,
2023-05-15,172.0,46.0,0.0,2972.0,
2023-05-16,190.0,30.0,0.0,2896.0,
2023-05-17,183.0,36.0,0.0,2845.0,
2023-05-18,203.0,29.0,0.0,2769.0,
2023-05-19,219.0,55.0,0.0,2718.0,
2023-05-20,214.0,58.0,0.0,2667.0,
2023-05-21,196.0,44.0,0.0,2591.0,
2023-05-22,191.0,48.0,0.0,2515.0,
2023-05-23,154.0,47.0,0.0,2464.0,
2023-05-24,151.0,7.0,0.0,2413.0,
2023-05-25,164.0,7.0,0.0,2388.0,
2023-05-26,139.0,5.0,0.0,2311.0,
2023-05-27,163.0,13.0,0.0,2286.0,
2023-05-28,151.0,14.0,0.0,2235.0,
2023-05-29,159.0,16.0,0.0,2184.0,
2023-05-30,170.0,18.0,0.0,2134.0,
2023-05-31,164.0,17.0,0.0,2083.0,
2023-06-01,154.0,8.0,0.0,2032.0,
2023-06-02,180.0,-13.0,0.0,1956.0,
2023-06-03,198.0,27.0,0.0,1880.0,
2023-06-04,198.0,41.0,51.0,1829.0,
2023-06-05,175.0,39.0,0.0,1778.0,
2023-06-06,140.0,11.0,51.0,1702.0,
2023-06-07,176.0,14.0,0.0,1651.0,
2023-06-08,173.0,18.0,0.0,1600.0,
2023-06-09,158.0,20.0,0.0,1575.0,
2023-06-10,141.0,16.0,25.0,1499.0,
2023-06-11,161.0,20.0,0.0,1473.0,
2023-06-12,109.0,20.0,25.0,1422.0,
2023-06-13,172.0,29.0,0.0,1397.0,
2023-06-14,179.0,36.0,0.0,1321.0,
2023-06-15,188.0,29.0,0.0,1245.0,
2023-06-16,199.0,16.0,0.0,1168.0,
2023-06-17,179.0,39.0,0.0,1067.0,
2023-06-18,142.0,62.0,0.0,991.0,
2023-06-19,82.0,-6.0,0.0,965.0,
2023-06-20,117.0,-10.0,0.0,864.0,
2023-06-21,154.0,-18.0,0.0,838.0,
2023-06-22,142.0,17.0,0.0,762.0,
2023-06-23,151.0,27.0,0.0,686.0,
2023-06-24,165.0,27.0,0.0,610.0,
2023-06-25,160.0,34.0,0.0,559.0,
2023-06-26,167.0,27.0,0.0,483.0,
2023-06-27,175.0,18.0,0.0,381.0,
2023-06-28,183.0,38.0,0.0,305.0,
2023-06-29,224.0,47.0,0.0,178.0,
2023-06-30,249.0,74.0,0.0,102.0,
2023-07-01,257.0,81.0,0.0,51.0,
2023-07-02,265.0,100.0,0.0,0.0,
2023-07-03,246.0,104.0,0.0,0.0,
2023-07-04,238.0,79.0,0.0,0.0,
2023-07-05,240.0,90.0,0.0,0.0,
2023-07-06,224.0,78.0,0.0,0.0,
2023-07-07,211.0,64.0,0.0,0.0,
2023-07-08,231.0,65.0,0.0,0.0,
2023-07-09,219.0,76.0,0.0,0.0,
2023-07-10,233.0,75.0,0.0,0.0,
2023-07-11,232.0,87.0,0.0,0.0,
2023-07-12,228.0,81.0,0.0,0.0,
2023-07-13,252.0,76.0,0.0,0.0,
2023-07-14,291.0,79.0,0.0,0.0,
2023-07-15,304.0,114.0,0.0,0.0,
2023-07-16,312.0,143.0,0.0,0.0,
2023-07-17,279.0,160.0,0.0,0.0,
2023-07-18,260.0,154.0,0.0,0.0,
2023-07-19,261.0,129.0,0.0,0.0,
2023-07-20,274.0,106.0,0.0,0.0,
2023-07-21,290.0,107.0,0.0,0.0,
2023-07-22,290.0,128.0,0.0,0.0,
2023-07-23,275.0,155.0,0.0,0.0,
2023-07-24,240.0,136.0,0.0,0.0,
2023-07-25,258.0,129.0,0.0,0.0,
2023-07-26,247.0,147.0,0.0,0.0,
2023-07-27,235.0,137.0,0.0,0.0,
2023-07-28,247.0,123.0,0.0,0.0,
2023-07-29,236.0,120.0,0.0,0.0,
2023-07-30,242.0,104.0,0.0,0.0,
2023-07-31,240.0,132.0,0.0,0.0,
2023-08-01,243.0,137.0,0.0,0.0,
2023-08-02,233.0,86.0,0.0,0.0,
2023-08-03,214.0,76.0,0.0,0.0,
2023-08-04,231.0,70.0,0.0,0.0,
2023-08-05,230.0,57.0,0.0,0.0,
2023-08-06,238.0,75.0,0.0,0.0,
2023-08-07,234.0,77.0,0.0,0.0,
2023-08-08,227.0,111.0,0.0,0.0,
2023-08-09,219.0,70.0,0.0,0.0,
2023-08-10,228.0,75.0,0.0,0.0,
2023-08-11,231.0,88.0,76.0,0.0,
2023-08-12,244.0,82.0,0.0,0.0,
2023-08-13,255.0,108.0,0.0,0.0,
2023-08-14,234.0,86.0,51.0,0.0,
2023-08-15,231.0,90.0,25.0,0.0,
2023-08-16,240.0,99.0,0.0,0.0,
2023-08-17,238.0,104.0,0.0,0.0,
2023-08-18,225.0,82.0,0.0,0.0,
2023-08-19,219.0,76.0,102.0,0.0,
2023-08-20,112.0,76.0,102.0,0.0,
2023-08-21,134.0,64.0,229.0,0.0,
2023-08-22,152.0,64.0,25.0,0.0,
2023-08-23,204.0,57.0,0.0,0.0,
2023-08-24,214.0,70.0,0.0,0.0,
2023-08-25,211.0,95.0,0.0,0.0,
2023-08-26,217.0,89.0,0.0,0.0,
2023-08-27,240.0,75.0,0.0,0.0,
2023-08-28,254.0,88.0,0.0,0.0,
2023-08-29,228.0,71.0,0.0,0.0,
2023-08-30,258.0,62.0,0.0,0.0,
2023-08-31,199.0,84.0,0.0,0.0,
2023-09-01,119.0,40.0,406.0,0.0,
2023-09-02,117.0,52.0,51.0,0.0,
2023-09-03,102.0,10.0,76.0,0.0,
2023-09-04,178.0,4.0,0.0,0.0,
2023-09-05,186.0,37.0,0.0,0.0,
2023-09-06,183.0,74.0,0.0,0.0,
2023-09-07,189.0,64.0,0.0,0.0,
2023-09-08,195.0,97.0,0.0,0.0,
2023-09-09,194.0,120.0,0.0,0.0,
2023-09-10,211.0,86.0,0.0,0.0,
2023-09-11,208.0,74.0,0.0,0.0,
2023-09-12,204.0,58.0,0.0,0.0,
2023-09-13,189.0,67.0,0.0,0.0,
2023-09-14,205.0,51.0,0.0,0.0,
2023-09-15,211.0,55.0,25.0,0.0,
2023-09-16,201.0,75.0,0.0,0.0,
2023-09-17,212.0,60.0,0.0,0.0,
2023-09-18,192.0,59.0,0.0,0.0,
2023-09-19,201.0,50.0,0.0,0.0,
2023-09-20,170.0,55.0,0.0,0.0,
2023-09-21,90.0,14.0,25.0,0.0,
2023-09-22,154.0,4.0,0.0,0.0,
2023-09-23,160.0,7.0,0.0,0.0,
2023-09-24,166.0,84.0,0.0,0.0,
2023-09-25,154.0,81.0,0.0,0.0,
2023-09-26,164.0,74.0,0.0,0.0,
2023-09-27,188.0,59.0,0.0,0.0,
2023-09-28,184.0,39.0,0.0,0.0,
2023-09-29,139.0,45.0,0.0,0.0,
2023-09-30,68.0,3.0,25.0,0.0,
2023-10-01,68.0,2.0,25.0,0.0,
2023-10-02,107.0,-11.0,0.0,0.0,
2023-10-03,142.0,4.0,0.0,0.0,
2023-10-04,150.0,22.0,0.0,0.0,
2023-10-05,174.0,22.0,0.0,0.0,
2023-10-06,206.0,38.0,0.0,0.0,
2023-10-07,206.0,57.0,0.0,0.0,
2023-10-08,206.0,81.0,0.0,0.0,
2023-10-09,149.0,71.0,0.0,0.0,
2023-10-10,123.0,32.0,0.0,0.0,
2023-10-11,97.0,-29.0,25.0,0.0,
2023-10-12,120.0,-39.0,0.0,0.0,
2023-10-13,142.0,-21.0,0.0,0.0,
2023-10-14,150.0,47.0,0.0,0.0,
2023-10-15,196.0,39.0,0.0,0.0,
2023-10-16,185.0,108.0,0.0,0.0,
2023-10-17,203.0,47.0,0.0,0.0,
2023-10-18,235.0,37.0,0.0,0.0,
2023-10-19,232.0,74.0,0.0,0.0,
2023-10-20,194.0,76.0,0.0,0.0,
2023-10-21,173.0,86.0,0.0,0.0,
2023-10-22,91.0,21.0,0.0,0.0,
2023-10-23,129.0,7.0,0.0,0.0,
2023-10-24,159.0,-4.0,0.0,0.0,
2023-10-25,68.0,-15.0,76.0,25.0,
2023-10-26,70.0,-48.0,25.0,0.0,
2023-10-27,92.0,-29.0,0.0,0.0,
2023-10-28,37.0,-80.0,0.0,0.0,
2023-10-29,77.0,-88.0,0.0,0.0,
2023-10-30,133.0,-47.0,0.0,0.0,
2023-10-31,159.0,-10.0,25.0,0.0,
2023-11-01,159.0,10.0,0.0,0.0,
2023-11-02,139.0,30.0,0.0,0.0,
2023-11-03,165.0,27.0,0.0,0.0,
2023-11-04,155.0,47.0,0.0,0.0,
2023-11-05,76.0,33.0,0.0,0.0,
2023-11-06,51.0,-22.0,406.0,76.0,
2023-11-07,35.0,-69.0,0.0,76.0,
2023-11-08,35.0,-78.0,0.0,76.0,
2023-11-09,95.0,-85.0,25.0,76.0,
2023-11-10,91.0,-25.0,0.0,51.0,
2023-11-11,137.0,-21.0,0.0,51.0,
2023-11-12,100.0,-1.0,0.0,51.0,
2023-11-13,85.0,20.0,0.0,25.0,
2023-11-14,94.0,5.0,0.0,25.0,
2023-11-15,94.0,-16.0,152.0,51.0,
2023-11-16,67.0,-11.0,51.0,51.0,
2023-11-17,55.0,-10.0,0.0,51.0,
2023-11-18,18.0,-26.0,178.0,127.0,
2023-11-19,29.0,-94.0,0.0,127.0,
2023-11-20,107.0,-94.0,0.0,127.0,
2023-11-21,142.0,-31.0,25.0,127.0,
2023-11-22,136.0,12.0,0.0,127.0,
2023-11-23,55.0,-66.0,0.0,127.0,
2023-11-24,-8.0,-82.0,0.0,127.0,
2023-11-25,7.0,-115.0,0.0,127.0,
2023-11-26,56.0,-122.0,0.0,127.0,
2023-11-27,75.0,-92.0,0.0,127.0,
2023-11-28,68.0,-58.0,0.0,127.0,
2023-11-29,54.0,-54.0,25.0,127.0,
2023-11-30,8.0,-44.0,102.0,229.0,
2023-12-01,6.0,-69.0,0.0,254.0,
2023-12-02,20.0,-29.0,25.0,229.0,
2023-12-03,68.0,-12.0,0.0,203.0,
2023-12-04,108.0,-29.0,0.0,203.0,
2023-12-05,127.0,1.0,0.0,178.0,
2023-12-06,69.0,-41.0,203.0,381.0,
2023-12-07,-4.0,-76.0,0.0,330.0,
2023-12-08,44.0,-109.0,0.0,330.0,
2023-12-09,114.0,-107.0,0.0,330.0,
2023-12-10,131.0,1.0,0.0,305.0,
2023-12-11,87.0,-46.0,0.0,305.0,
2023-12-12,32.0,-63.0,0.0,305.0,
2023-12-13,65.0,-58.0,0.0,305.0,
2023-12-14,77.0,-50.0,0.0,305.0,
2023-12-15,116.0,-26.0,0.0,279.0,
2023-12-16,141.0,-2.0,0.0,279.0,
2023-12-17,131.0,-1.0,25.0,254.0,
2023-12-18,57.0,4.0,279.0,279.0,
2023-12-19,23.0,-2.0,356.0,457.0,
2023-12-20,22.0,-10.0,0.0,406.0,
2023-12-21,52.0,-7.0,0.0,406.0,
2023-12-22,61.0,-63.0,0.0,406.0,
2023-12-23,62.0,-82.0,25.0,406.0,
2023-12-24,78.0,-69.0,0.0,406.0,
2023-12-25,80.0,-11.0,0.0,381.0,
2023-12-26,76.0,-6.0,0.0,356.0,
2023-12-27,65.0,-24.0,51.0,432.0,
2023-12-28,82.0,-21.0,0.0,406.0,
2023-12-29,72.0,-6.0,0.0,406.0,
2023-12-30,37.0,-78.0,0.0,406.0,
2023-12-31,23.0,-91.0,0.0,406.0,
2024-01-01,56.0,-91.0,0.0,406.0,
2024-01-02,26.0,-69.0,127.0,533.0,
2024-01-03,-36.0,-86.0,76.0,660.0,
2024-01-04,22.0,-118.0,0.0,610.0,
2024-01-05,15.0,-98.0,0.0,584.0,
2024-01-06,-21.0,-134.0,178.0,864.0,
2024-01-07,-53.0,-165.0,0.0,787.0,
2024-01-08,17.0,-153.0,76.0,737.0,
2024-01-09,11.0,-54.0,25.0,711.0,
2024-01-10,-40.0,-101.0,254.0,914.0,
2024-01-11,-39.0,-174.0,25.0,864.0,
2024-01-12,18.0,-66.0,25.0,838.0,
2024-01-13,0.0,-28.0,254.0,1016.0,
2024-01-14,47.0,-41.0,0.0,965.0,
2024-01-15,79.0,-47.0,0.0,914.0,
2024-01-16,67.0,-20.0,203.0,991.0,
2024-01-17,5.0,-46.0,0.0,965.0,
2024-01-18,132.0,-39.0,0.0,940.0,
2024-01-19,82.0,-18.0,0.0,914.0,
2024-01-20,1.0,-20.0,76.0,940.0,
2024-01-21,21.0,-21.0,102.0,991.0,
2024-01-22,10.0,-38.0,152.0,1067.0,
2024-01-23,37.0,-68.0,0.0,1067.0,
2024-01-24,41.0,-26.0,51.0,1067.0,
2024-01-25,33.0,-72.0,0.0,1041.0,
2024-01-26,74.0,-41.0,25.0,991.0,
2024-01-27,120.0,18.0,0.0,965.0,
2024-01-28,140.0,17.0,0.0,940.0,
2024-01-29,138.0,4.0,0.0,940.0,
2024-01-30,114.0,26.0,0.0,889.0,
2024-01-31,61.0,-12.0,25.0,914.0,
2024-02-01,-7.0,-64.0,203.0,1118.0,
2024-02-02,-27.0,-81.0,102.0,1219.0,
2024-02-03,-26.0,-94.0,25.0,1219.0,
2024-02-04,-9.0,-71.0,635.0,1626.0,
2024-02-05,-24.0,-45.0,229.0,1803.0,
2024-02-06,7.0,-97.0,25.0,1727.0,
2024-02-07,-43.0,-96.0,127.0,1753.0,
2024-02-08,0.0,-122.0,0.0,1676.0,
2024-02-09,7.0,-125.0,0.0,1651.0,
2024-02-10,22.0,-121.0,0.0,1626.0,
2024-02-11,79.0,-88.0,0.0,1549.0,
2024-02-12,75.0,-56.0,25.0,1524.0,
2024-02-13,48.0,-31.0,0.0,1499.0,
2024-02-14,11.0,-36.0,203.0,1676.0,
2024-02-15,4.0,-65.0,102.0,1651.0,
2024-02-16,85.0,-48.0,25.0,1600.0,
2024-02-17,28.0,-18.0,102.0,1651.0,
2024-02-18,50.0,-31.0,102.0,1702.0,
2024-02-19,-6.0,-34.0,737.0,2159.0,
2024-02-20,27.0,-44.0,229.0,2286.0,
2024-02-21,12.0,-96.0,0.0,2210.0,
2024-02-22,49.0,-110.0,0.0,2134.0,
2024-02-23,46.0,-87.0,0.0,2083.0,
2024-02-24,95.0,-64.0,25.0,2007.0,
2024-02-25,79.0,-32.0,0.0,1956.0,
2024-02-26,23.0,-26.0,51.0,1956.0,
2024-02-27,72.0,-63.0,0.0,1930.0,
2024-02-28,84.0,-50.0,0.0,1880.0,
2024-02-29,1.0,-27.0,229.0,2032.0,
2024-03-01,-18.0,-49.0,432.0,2311.0,
2024-03-02,-41.0,-103.0,584.0,2997.0,
2024-03-03,-61.0,-102.0,178.0,3023.0,
2024-03-04,-29.0,-90.0,0.0,2794.0,
2024-03-05,3.0,-65.0,0.0,2692.0,
2024-03-06,33.0,-76.0,0.0,2616.0,
2024-03-07,40.0,-95.0,0.0,2565.0,
2024-03-08,74.0,-99.0,0.0,2489.0,
2024-03-09,49.0,-21.0,0.0,2438.0,
2024-03-10,38.0,-25.0,0.0,2388.0,
2024-03-11,38.0,-30.0,51.0,2388.0,
2024-03-12,15.0,-78.0,102.0,2438.0,
2024-03-13,46.0,-101.0,0.0,2388.0,
2024-03-14,7.0,-95.0,0.0,2362.0,
2024-03-15,47.0,-71.0,25.0,2337.0,
2024-03-16,89.0,-66.0,0.0,2286.0,
2024-03-17,98.0,-38.0,0.0,2261.0,
2024-03-18,121.0,-28.0,0.0,2210.0,
2024-03-19,126.0,-23.0,0.0,2184.0,
2024-03-20,97.0,-8.0,0.0,2159.0,
2024-03-21,95.0,-9.0,0.0,2134.0,
2024-03-22,72.0,-20.0,203.0,2286.0,
2024-03-23,-6.0,-83.0,178.0,2489.0,
2024-03-24,15.0,-96.0,127.0,2464.0,
2024-03-25,20.0,-104.0,0.0,2388.0,
2024-03-26,47.0,-57.0,0.0,2311.0,
2024-03-27,46.0,-27.0,152.0,2413.0,
2024-03-28,6.0,-82.0,76.0,2413.0,
2024-03-29,-10.0,-62.0,229.0,2667.0,
2024-03-30,32.0,-101.0,0.0,2591.0,
2024-03-31,26.0,-54.0,76.0,2540.0,
2024-04-01,77.0,-82.0,0.0,2464.0,
2024-04-02,151.0,-27.0,0.0,2362.0,
2024-04-03,105.0,-14.0,76.0,2311.0,
2024-04-04,-2.0,-106.0,102.0,2464.0,
2024-04-05,-31.0,-131.0,51.0,2413.0,
2024-04-06,6.0,-147.0,25.0,2362.0,
2024-04-07,39.0,-127.0,0.0,2337.0,
2024-04-08,59.0,-74.0,25.0,2311.0,
2024-04-09,146.0,-55.0,0.0,2286.0,
2024-04-10,165.0,-11.0,0.0,2210.0,
2024-04-11,147.0,24.0,0.0,2184.0,
2024-04-12,110.0,23.0,0.0,2134.0,
2024-04-13,65.0,-48.0,0.0,2134.0,
2024-04-14,39.0,-63.0,25.0,2108.0,
2024-04-15,112.0,-54.0,0.0,2083.0,
2024-04-16,151.0,-28.0,0.0,2032.0,
2024-04-17,130.0,14.0,0.0,2007.0,
2024-04-18,136.0,-18.0,0.0,1981.0,
2024-04-19,141.0,5.0,0.0,1930.0,
2024-04-20,151.0,21.0,0.0,1880.0,
2024-04-21,180.0,20.0,0.0,1829.0,
2024-04-22,165.0,26.0,0.0,1803.0,
2024-04-23,140.0,33.0,0.0,1753.0,
2024-04-24,109.0,-16.0,0.0,1727.0,
2024-04-25,97.0,-28.0,25.0,1676.0,
2024-04-26,33.0,-56.0,76.0,1727.0,
2024-04-27,91.0,-62.0,0.0,1676.0,
2024-04-28,110.0,-25.0,0.0,1651.0,
2024-04-29,106.0,-23.0,0.0,1626.0,
2024-04-30,110.0,-25.0,0.0,1600.0,
2024-05-01,120.0,-49.0,0.0,1575.0,
2024-05-02,115.0,-21.0,0.0,1549.0,
2024-05-03,134.0,-13.0,0.0,1499.0,
2024-05-04,45.0,-87.0,305.0,1930.0,
2024-05-05,-8.0,-91.0,0.0,1753.0,
2024-05-06,79.0,-87.0,0.0,1626.0,
2024-05-07,128.0,-20.0,0.0,1575.0,
2024-05-08,74.0,-56.0,0.0,1524.0,
2024-05-09,112.0,-25.0,0.0,1499.0,
2024-05-10,136.0,-7.0,0.0,1473.0,
2024-05-11,167.0,10.0,0.0,1422.0,
2024-05-12,176.0,27.0,0.0,1372.0,
2024-05-13,192.0,38.0,25.0,1321.0,
2024-05-14,192.0,36.0,0.0,1245.0,
2024-05-15,192.0,38.0,0.0,1168.0,
2024-05-16,191.0,39.0,0.0,1092.0,
2024-05-17,190.0,56.0,0.0,1041.0,
2024-05-18,177.0,39.0,0.0,965.0,
2024-05-19,133.0,16.0,0.0,914.0,
2024-05-20,118.0,-11.0,25.0,889.0,
2024-05-21,141.0,-28.0,0.0,838.0,
2024-05-22,128.0,29.0,0.0,762.0,
2024-05-23,124.0,-6.0,51.0,737.0,
2024-05-24,126.0,3.0,0.0,686.0,
2024-05-25,118.0,4.0,0.0,635.0,
2024-05-26,167.0,-8.0,0.0,559.0,
2024-05-27,188.0,36.0,0.0,508.0,
2024-05-28,173.0,54.0,0.0,432.0,
2024-05-29,183.0,44.0,0.0,381.0,
2024-05-30,200.0,22.0,0.0,305.0,
2024-05-31,194.0,36.0,0.0,229.0,
2024-06-01,178.0,50.0,0.0,127.0,
2024-06-02,187.0,74.0,0.0,51.0,
2024-06-03,142.0,47.0,0.0,25.0,
2024-06-04,232.0,41.0,0.0,0.0,
2024-06-05,260.0,81.0,0.0,0.0,
2024-06-06,247.0,99.0,0.0,0.0,
2024-06-07,251.0,87.0,0.0,0.0,
2024-06-08,229.0,84.0,0.0,0.0,
2024-06-09,212.0,75.0,0.0,0.0,
2024-06-10,245.0,71.0,0.0,0.0,
2024-06-11,252.0,94.0,0.0,0.0,
2024-06-12,261.0,102.0,0.0,0.0,
2024-06-13,242.0,97.0,0.0,0.0,
2024-06-14,209.0,85.0,0.0,0.0,
2024-06-15,196.0,90.0,0.0,0.0,
2024-06-16,185.0,62.0,0.0,0.0,
2024-06-17,141.0,-1.0,0.0,0.0,
2024-06-18,165.0,-11.0,0.0,0.0,
2024-06-19,190.0,23.0,0.0,0.0,
2024-06-20,211.0,50.0,0.0,0.0,
2024-06-21,250.0,81.0,0.0,0.0,
2024-06-22,261.0,101.0,0.0,0.0,
2024-06-23,236.0,141.0,0.0,0.0,
2024-06-24,240.0,146.0,0.0,0.0,
2024-06-25,243.0,143.0,0.0,0.0,
2024-06-26,215.0,114.0,0.0,0.0,
2024-06-27,210.0,99.0,0.0,0.0,
2024-06-28,230.0,58.0,0.0,0.0,
2024-06-29,221.0,85.0,0.0,0.0,
2024-06-30,221.0,80.0,0.0,0.0,
2024-07-01,235.0,67.0,0.0,0.0,
2024-07-02,269.0,75.0,0.0,0.0,
2024-07-03,280.0,91.0,0.0,0.0,
2024-07-04,274.0,107.0,0.0,0.0,
2024-07-05,290.0,118.0,0.0,0.0,
2024-07-06,304.0,121.0,0.0,0.0,
2024-07-07,300.0,140.0,0.0,0.0,
2024-07-08,290.0,141.0,0.0,0.0,
2024-07-09,291.0,126.0,0.0,0.0,
2024-07-10,291.0,120.0,0.0,0.0,
2024-07-11,294.0,160.0,0.0,0.0,
2024-07-12,302.0,132.0,0.0,0.0,
2024-07-13,277.0,110.0,76.0,0.0,
2024-07-14,222.0,104.0,0.0,0.0,
2024-07-15,240.0,88.0,0.0,0.0,
2024-07-16,234.0,101.0,0.0,0.0,
2024-07-17,242.0,104.0,0.0,0.0,
2024-07-18,254.0,105.0,0.0,0.0,
2024-07-19,281.0,119.0,0.0,0.0,
2024-07-20,276.0,115.0,152.0,0.0,
2024-07-21,274.0,121.0,0.0,0.0,
2024-07-22,278.0,130.0,0.0,0.0,
2024-07-23,285.0,137.0,0.0,0.0,
2024-07-24,261.0,139.0,0.0,0.0,
2024-07-25,245.0,156.0,0.0,0.0,
2024-07-26,243.0,115.0,0.0,0.0,
2024-07-27,191.0,100.0,25.0,0.0,
2024-07-28,213.0,66.0,0.0,0.0,
2024-07-29,222.0,82.0,0.0,0.0,
2024-07-30,226.0,71.0,0.0,0.0,
2024-07-31,267.0,96.0,0.0,0.0,
2024-08-01,276.0,114.0,0.0,0.0,
2024-08-02,277.0,119.0,0.0,0.0,
2024-08-03,230.0,112.0,25.0,0.0,
2024-08-04,259.0,108.0,0.0,0.0,
2024-08-05,260.0,131.0,0.0,0.0,
2024-08-06,270.0,138.0,0.0,0.0,
2024-08-07,269.0,152.0,0.0,0.0,
2024-08-08,269.0,128.0,0.0,0.0,
2024-08-09,271.0,118.0,0.0,0.0,
2024-08-10,265.0,160.0,0.0,0.0,
2024-08-11,255.0,146.0,0.0,0.0,
2024-08-12,220.0,102.0,0.0,0.0,
2024-08-13,209.0,104.0,0.0,0.0,
2024-08-14,221.0,86.0,25.0,0.0,
2024-08-15,217.0,59.0,0.0,0.0,
2024-08-16,228.0,98.0,0.0,0.0,
2024-08-17,192.0,96.0,0.0,0.0,
2024-08-18,205.0,92.0,0.0,0.0,
2024-08-19,214.0,117.0,0.0,0.0,
2024-08-20,215.0,117.0,0.0,0.0,
2024-08-21,208.0,97.0,0.0,0.0,
2024-08-22,188.0,69.0,0.0,0.0,
2024-08-23,116.0,45.0,0.0,0.0,
2024-08-24,68.0,-12.0,51.0,0.0,
2024-08-25,170.0,-16.0,0.0,0.0,
2024-08-26,231.0,21.0,0.0,0.0,
2024-08-27,238.0,74.0,0.0,0.0,
2024-08-28,249.0,86.0,0.0,0.0,
2024-08-29,262.0,94.0,0.0,0.0,
2024-08-30,274.0,98.0,0.0,0.0,
2024-08-31,258.0,98.0,0.0,0.0,
2024-09-01,250.0,108.0,0.0,0.0,
2024-09-02,215.0,137.0,0.0,0.0,
2024-09-03,242.0,97.0,0.0,0.0,
2024-09-04,267.0,87.0,0.0,0.0,
2024-09-05,276.0,97.0,0.0,0.0,
2024-09-06,266.0,114.0,0.0,0.0,
2024-09-07,240.0,129.0,0.0,0.0,
2024-09-08,225.0,142.0,0.0,0.0,
2024-09-09,233.0,106.0,0.0,0.0,
2024-09-10,228.0,104.0,0.0,0.0,
2024-09-11,173.0,49.0,0.0,0.0,
2024-09-12,188.0,0.0,0.0,0.0,
2024-09-13,226.0,26.0,0.0,0.0,
2024-09-14,217.0,58.0,0.0,0.0,
2024-09-15,149.0,23.0,0.0,0.0,
2024-09-16,65.0,11.0,25.0,0.0,
2024-09-17,107.0,11.0,25.0,0.0,
2024-09-18,115.0,21.0,25.0,0.0,
2024-09-19,139.0,8.0,0.0,0.0,
2024-09-20,179.0,22.0,0.0,0.0,
2024-09-21,201.0,44.0,0.0,0.0,
2024-09-22,221.0,47.0,0.0,0.0,
2024-09-23,220.0,65.0,0.0,0.0,
2024-09-24,237.0,67.0,0.0,0.0,
2024-09-25,214.0,92.0,0.0,0.0,
2024-09-26,235.0,86.0,0.0,0.0,
2024-09-27,250.0,78.0,0.0,0.0,
2024-09-28,251.0,88.0,0.0,0.0,
2024-09-29,231.0,88.0,0.0,0.0,
2024-09-30,222.0,65.0,0.0,0.0,
2024-10-01,253.0,75.0,0.0,0.0,
2024-10-02,243.0,105.0,0.0,0.0,
2024-10-03,234.0,119.0,0.0,0.0,
2024-10-04,210.0,109.0,0.0,0.0,
2024-10-05,226.0,85.0,0.0,0.0,
2024-10-06,222.0,79.0,0.0,0.0,
2024-10-07,227.0,82.0,0.0,0.0,
2024-10-08,224.0,69.0,0.0,0.0,
2024-10-09,210.0,85.0,0.0,0.0,
2024-10-10,202.0,74.0,0.0,0.0,
2024-10-11,188.0,52.0,0.0,0.0,
2024-10-12,162.0,40.0,0.0,0.0,
2024-10-13,194.0,16.0,0.0,0.0,
2024-10-14,213.0,30.0,0.0,0.0,
2024-10-15,200.0,55.0,0.0,0.0,
2024-10-16,119.0,-9.0,152.0,0.0,
2024-10-17,67.0,-42.0,51.0,25.0,
2024-10-18,49.0,-66.0,0.0,0.0,
2024-10-19,111.0,-25.0,0.0,0.0,
2024-10-20,146.0,-6.0,0.0,0.0,
2024-10-21,134.0,52.0,0.0,0.0,
2024-10-22,151.0,52.0,0.0,0.0,
2024-10-23,170.0,70.0,0.0,0.0,
2024-10-24,178.0,-25.0,0.0,0.0,
2024-10-25,173.0,64.0,0.0,0.0,
2024-10-26,174.0,20.0,0.0,0.0,
2024-10-27,123.0,29.0,0.0,0.0,
2024-10-28,34.0,-56.0,76.0,25.0,
2024-10-29,30.0,-69.0,0.0,25.0,
2024-10-30,52.0,-76.0,0.0,25.0,
2024-10-31,39.0,-37.0,25.0,25.0,
2024-11-01,75.0,-34.0,25.0,25.0,
2024-11-02,34.0,-31.0,51.0,51.0,
2024-11-03,21.0,-62.0,0.0,51.0,
2024-11-04,117.0,-67.0,25.0,25.0,
2024-11-05,86.0,-48.0,0.0,25.0,
2024-11-06,14.0,-76.0,0.0,25.0,
2024-11-07,114.0,-70.0,0.0,25.0,
2024-11-08,158.0,-8.0,0.0,25.0,
2024-11-09,119.0,8.0,0.0,0.0,
2024-11-10,110.0,44.0,0.0,0.0,
2024-11-11,54.0,-66.0,127.0,127.0,
2024-11-12,46.0,-101.0,25.0,102.0,
2024-11-13,61.0,-26.0,51.0,76.0,
2024-11-14,14.0,-43.0,76.0,127.0,
2024-11-15,-8.0,-78.0,102.0,203.0,
2024-11-16,6.0,-96.0,0.0,178.0,
2024-11-17,79.0,-82.0,51.0,178.0,
2024-11-18,1.0,-117.0,0.0,203.0,
2024-11-19,14.0,-121.0,0.0,152.0,
2024-11-20,36.0,-18.0,51.0,152.0,
2024-11-21,60.0,-13.0,25.0,152.0,
2024-11-22,74.0,-14.0,229.0,406.0,
2024-11-23,2.0,-56.0,279.0,483.0,
2024-11-24,-22.0,-67.0,0.0,457.0,
2024-11-25,13.0,-59.0,229.0,559.0,
2024-11-26,-9.0,-117.0,127.0,635.0,
2024-11-27,11.0,-119.0,0.0,610.0,
2024-11-28,99.0,-121.0,0.0,559.0,
2024-11-29,115.0,-50.0,0.0,533.0,
2024-11-30,119.0,-43.0,0.0,533.0,
2024-12-01,108.0,-20.0,0.0,508.0,
2024-12-02,119.0,-21.0,0.0,508.0,
2024-12-03,126.0,-24.0,0.0,483.0,
2024-12-04,124.0,-23.0,0.0,483.0,
2024-12-05,118.0,-21.0,0.0,457.0,
2024-12-06,111.0,-30.0,0.0,457.0,
2024-12-07,136.0,-23.0,0.0,432.0,
2024-12-08,106.0,-34.0,0.0,457.0,
2024-12-09,15.0,-99.0,0.0,432.0,
2024-12-10,137.0,-69.0,0.0,432.0,
2024-12-11,86.0,17.0,0.0,406.0,
2024-12-12,24.0,-53.0,152.0,584.0,
2024-12-13,3.0,-72.0,51.0,610.0,
2024-12-14,-22.0,-68.0,559.0,965.0,
2024-12-15,38.0,-118.0,0.0,889.0,
2024-12-16,30.0,-36.0,178.0,965.0,
2024-12-17,74.0,-43.0,0.0,914.0,
2024-12-18,138.0,-14.0,0.0,889.0,
2024-12-19,155.0,-1.0,0.0,864.0,
2024-12-20,116.0,29.0,0.0,813.0,
2024-12-21,66.0,8.0,25.0,787.0,
2024-12-22,47.0,4.0,102.0,762.0,
2024-12-23,77.0,-1.0,0.0,737.0,
2024-12-24,47.0,-86.0,102.0,889.0,
2024-12-25,21.0,-102.0,25.0,838.0,
2024-12-26,6.0,-21.0,127.0,940.0,
2024-12-27,56.0,-16.0,178.0,940.0,
2024-12-28,69.0,8.0,0.0,889.0,
2024-12-29,26.0,-41.0,254.0,1016.0,
2024-12-30,18.0,-99.0,0.0,1016.0,
2024-12-31,46.0,-107.0,25.0,991.0,
2025-01-01,26.0,-24.0,0.0,965.0,
2025-01-02,106.0,-10.0,0.0,940.0,
2025-01-03,49.0,-67.0,127.0,1118.0,
2025-01-04,44.0,-99.0,0.0,1067.0,
2025-01-05,108.0,-21.0,0.0,1041.0,
2025-01-06,61.0,-43.0,25.0,1067.0,
2025-01-07,-15.0,-70.0,0.0,1041.0,
2025-01-08,81.0,-93.0,0.0,1041.0,
2025-01-09,56.0,-69.0,0.0,1016.0,
2025-01-10,117.0,-43.0,0.0,991.0,
2025-01-11,16.0,-92.0,0.0,991.0,
2025-01-12,10.0,-124.0,0.0,991.0,
2025-01-13,14.0,-113.0,0.0,991.0,
2025-01-14,41.0,-73.0,0.0,991.0,
2025-01-15,78.0,-60.0,0.0,991.0,
2025-01-16,45.0,-52.0,0.0,991.0,
2025-01-17,46.0,-63.0,0.0,991.0,
2025-01-18,87.0,-84.0,0.0,965.0,
2025-01-19,51.0,-76.0,0.0,965.0,
2025-01-20,-20.0,-116.0,0.0,965.0,
2025-01-21,103.0,-63.0,0.0,965.0,
2025-01-22,56.0,-58.0,0.0,965.0,
2025-01-23,116.0,-66.0,0.0,965.0,
2025-01-24,74.0,-12.0,0.0,965.0,
2025-01-25,-8.0,-106.0,25.0,1041.0,
2025-01-26,-88.0,-118.0,25.0,1067.0,
2025-01-27,-27.0,-122.0,0.0,1041.0,
2025-01-28,21.0,-121.0,0.0,1016.0,
2025-01-29,96.0,-91.0,0.0,991.0,
2025-01-30,98.0,-60.0,0.0,991.0,
2025-01-31,37.0,-31.0,152.0,1016.0,
2025-02-01,36.0,-4.0,559.0,1016.0,
2025-02-02,27.0,-5.0,76.0,1016.0,
2025-02-03,55.0,15.0,0.0,1016.0,
2025-02-04,19.0,-30.0,330.0,1118.0,
2025-02-05,-4.0,-108.0,0.0,1092.0,
2025-02-06,6.0,-27.0,305.0,1270.0,
2025-02-07,-9.0,-105.0,102.0,1295.0,
2025-02-08,-20.0,-132.0,0.0,1270.0,
2025-02-09,1.0,-151.0,0.0,1270.0,
2025-02-10,15.0,-142.0,0.0,1270.0,
2025-02-11,-37.0,-132.0,0.0,1245.0,
2025-02-12,13.0,-145.0,51.0,1270.0,
2025-02-13,-5.0,-37.0,1092.0,1956.0,
2025-02-14,-25.0,-108.0,102.0,2007.0,
2025-02-15,38.0,-122.0,0.0,1930.0,
2025-02-16,18.0,-16.0,0.0,1930.0,
2025-02-17,23.0,-73.0,0.0,1880.0,
2025-02-18,74.0,-104.0,0.0,1854.0,
2025-02-19,55.0,-69.0,25.0,1854.0,
2025-02-20,30.0,-91.0,0.0,1829.0,
2025-02-21,89.0,-87.0,0.0,1778.0,
2025-02-22,103.0,-36.0,0.0,1753.0,
2025-02-23,86.0,16.0,0.0,1727.0,
2025-02-24,90.0,13.0,0.0,1676.0,
2025-02-25,94.0,-31.0,0.0,1651.0,
2025-02-26,102.0,-52.0,0.0,1626.0,
2025-02-27,127.0,-28.0,0.0,1626.0,
2025-02-28,106.0,-30.0,0.0,1600.0,
2025-03-01,121.0,-24.0,0.0,1575.0,
2025-03-02,-10.0,-72.0,102.0,1702.0,
2025-03-03,36.0,-78.0,0.0,1626.0,
2025-03-04,49.0,-69.0,0.0,1626.0,
2025-03-05,-10.0,-71.0,102.0,1727.0,
2025-03-06,-28.0,-112.0,0.0,1727.0,
2025-03-07,-21.0,-138.0,0.0,1702.0,
2025-03-08,117.0,-108.0,0.0,1651.0,
2025-03-09,81.0,-10.0,0.0,1600.0,
2025-03-10,80.0,-38.0,0.0,1600.0,
2025-03-11,65.0,-58.0,0.0,1575.0,
2025-03-12,-6.0,-78.0,432.0,2007.0,
2025-03-13,-36.0,-106.0,152.0,2184.0,
2025-03-14,-41.0,-112.0,152.0,2184.0,
2025-03-15,4.0,-83.0,0.0,2083.0,
2025-03-16,50.0,-27.0,76.0,2032.0,
2025-03-17,-13.0,-105.0,381.0,2388.0,
2025-03-18,9.0,-124.0,0.0,2235.0,
2025-03-19,35.0,-98.0,0.0,2159.0,
2025-03-20,53.0,-44.0,25.0,2108.0,
2025-03-21,59.0,-6.0,0.0,2032.0,
2025-03-22,45.0,-11.0,0.0,2007.0,
2025-03-23,146.0,-29.0,0.0,1930.0,
2025-03-24,152.0,-4.0,0.0,1880.0,
2025-03-25,156.0,9.0,0.0,1829.0,
2025-03-26,133.0,23.0,0.0,1753.0,
2025-03-27,52.0,-15.0,51.0,1778.0,
2025-03-28,30.0,-50.0,0.0,1753.0,
2025-03-29,51.0,-96.0,0.0,1727.0,
2025-03-30,17.0,-44.0,203.0,1829.0,
2025-03-31,-14.0,-85.0,305.0,2108.0,
2025-04-01,-51.0,-102.0,203.0,2286.0,
2025-04-02,-10.0,-126.0,0.0,2159.0,
2025-04-03,13.0,-120.0,0.0,2083.0,
2025-04-04,14.0,-80.0,0.0,2032.0,
2025-04-05,99.0,-82.0,0.0,1981.0,
2025-04-06,133.0,-32.0,0.0,1930.0,
2025-04-07,60.0,14.0,0.0,1905.0,
2025-04-08,106.0,11.0,0.0,1854.0,
2025-04-09,155.0,-3.0,0.0,1803.0,
2025-04-10,149.0,29.0,0.0,1753.0,
2025-04-11,146.0,37.0,0.0,1727.0,
2025-04-12,108.0,7.0,0.0,1676.0,
2025-04-13,91.0,-31.0,0.0,1651.0,
2025-04-14,147.0,-29.0,0.0,1600.0,
2025-04-15,142.0,6.0,0.0,1575.0,
2025-04-16,137.0,14.0,0.0,1549.0,
2025-04-17,96.0,-29.0,0.0,1524.0,
2025-04-18,66.0,-50.0,0.0,1473.0,
2025-04-19,111.0,-52.0,0.0,1473.0,
2025-04-20,122.0,-16.0,0.0,1422.0,
2025-04-21,128.0,-27.0,0.0,1397.0,
2025-04-22,122.0,-20.0,0.0,1372.0,
2025-04-23,91.0,-31.0,0.0,1346.0,
2025-04-24,104.0,-44.0,0.0,1321.0,
2025-04-25,57.0,-31.0,25.0,1346.0,
2025-04-26,3.0,-46.0,102.0,1397.0,
2025-04-27,14.0,-46.0,25.0,1372.0,
2025-04-28,91.0,-53.0,0.0,1321.0,
2025-04-29,131.0,-15.0,0.0,1270.0,
2025-04-30,124.0,2.0,0.0,1219.0,
2025-05-01,143.0,-11.0,0.0,1168.0,
2025-05-02,141.0,3.0,0.0,1118.0,
2025-05-03,88.0,-3.0,25.0,1118.0,
2025-05-04,42.0,3.0,0.0,1092.0,
2025-05-05,92.0,-4.0,0.0,1067.0,
2025-05-06,102.0,-29.0,0.0,1016.0,
2025-05-07,137.0,-26.0,0.0,965.0,
2025-05-08,167.0,9.0,0.0,914.0,
2025-05-09,180.0,38.0,0.0,864.0,
2025-05-10,176.0,84.0,0.0,787.0,
2025-05-11,113.0,45.0,0.0,711.0,
2025-05-12,46.0,-22.0,25.0,711.0,
2025-05-13,36.0,-45.0,25.0,762.0,
2025-05-14,87.0,-56.0,0.0,686.0,
2025-05-15,119.0,-19.0,0.0,635.0,
2025-05-16,142.0,8.0,0.0,559.0,
2025-05-17,64.0,-11.0,0.0,533.0,
2025-05-18,118.0,-33.0,0.0,483.0,
2025-05-19,152.0,-5.0,0.0,406.0,
2025-05-20,164.0,2.0,0.0,330.0,
2025-05-21,177.0,11.0,0.0,254.0,
2025-05-22,146.0,68.0,0.0,178.0,
2025-05-23,146.0,28.0,0.0,127.0,
2025-05-24,171.0,20.0,0.0,76.0,
2025-05-25,184.0,38.0,0.0,0.0,
2025-05-26,157.0,39.0,0.0,0.0,
2025-05-27,212.0,27.0,0.0,0.0,
2025-05-28,206.0,48.0,0.0,0.0,
2025-05-29,228.0,55.0,0.0,0.0,
2025-05-30,261.0,77.0,0.0,0.0,
2025-05-31,263.0,93.0,0.0,0.0,
2025-06-01,221.0,70.0,0.0,0.0,
2025-06-02,217.0,52.0,0.0,0.0,
2025-06-03,202.0,57.0,0.0,0.0,
2025-06-04,197.0,36.0,0.0,0.0,
2025-06-05,181.0,34.0,178.0,0.0,
2025-06-06,186.0,39.0,0.0,0.0,
2025-06-07,223.0,66.0,0.0,0.0,
2025-06-08,240.0,84.0,0.0,0.0,
2025-06-09,232.0,80.0,0.0,0.0,
2025-06-10,239.0,85.0,0.0,0.0,
2025-06-11,211.0,98.0,0.0,0.0,
2025-06-12,208.0,60.0,0.0,0.0,
2025-06-13,185.0,60.0,0.0,0.0,
2025-06-14,198.0,94.0,0.0,0.0,
2025-06-15,209.0,104.0,0.0,0.0,
2025-06-16,193.0,59.0,0.0,0.0,
2025-06-17,228.0,43.0,0.0,0.0,
2025-06-18,240.0,82.0,0.0,0.0,
2025-06-19,219.0,108.0,0.0,0.0,
2025-06-20,146.0,53.0,0.0,0.0,
2025-06-21,99.0,-20.0,0.0,0.0,
2025-06-22,144.0,-25.0,0.0,0.0,
2025-06-23,170.0,5.0,0.0,0.0,
2025-06-24,184.0,25.0,0.0,0.0,
2025-06-25,213.0,53.0,0.0,0.0,
2025-06-26,210.0,98.0,0.0,0.0,
2025-06-27,228.0,61.0,0.0,0.0,
2025-06-28,248.0,77.0,0.0,0.0,
2025-06-29,255.0,92.0,0.0,0.0,
2025-06-30,236.0,92.0,0.0,0.0,
2025-07-01,230.0,85.0,0.0,0.0,
2025-07-02,242.0,73.0,0.0,0.0,
2025-07-03,215.0,71.0,0.0,0.0,
2025-07-04,170.0,78.0,0.0,0.0,
2025-07-05,207.0,41.0,0.0,0.0,
2025-07-06,240.0,73.0,0.0,0.0,
2025-07-07,246.0,89.0,0.0,0.0,
2025-07-08,227.0,119.0,0.0,0.0,
2025-07-09,216.0,70.0,0.0,0.0,
2025-07-10,252.0,70.0,0.0,0.0,
2025-07-11,273.0,97.0,0.0,0.0,
2025-07-12,270.0,122.0,0.0,0.0,
2025-07-13,283.0,120.0,0.0,0.0,
2025-07-14,282.0,127.0,0.0,0.0,
2025-07-15,254.0,114.0,0.0,0.0,
2025-07-16,245.0,90.0,0.0,0.0,
2025-07-17,238.0,100.0,0.0,0.0,
2025-07-18,246.0,90.0,0.0,0.0,
2025-07-19,251.0,83.0,0.0,0.0,
2025-07-20,243.0,100.0,0.0,0.0,
2025-07-21,196.0,110.0,0.0,0.0,
2025-07-22,196.0,66.0,0.0,0.0,
2025-07-23,211.0,54.0,0.0,0.0,
2025-07-24,221.0,65.0,76.0,0.0,
2025-07-25,178.0,49.0,51.0,0.0,
2025-07-26,164.0,50.0,25.0,0.0,
2025-07-27,195.0,56.0,0.0,0.0,
2025-07-28,220.0,52.0,0.0,0.0,
2025-07-29,225.0,72.0,0.0,0.0,
2025-07-30,198.0,80.0,0.0,0.0,
2025-07-31,220.0,58.0,0.0,0.0,
2025-08-01,226.0,69.0,0.0,0.0,
2025-08-02,229.0,52.0,0.0,0.0,
2025-08-03,223.0,73.0,0.0,0.0,
2025-08-04,205.0,75.0,0.0,0.0,
2025-08-05,220.0,50.0,0.0,0.0,
2025-08-06,236.0,92.0,0.0,0.0,
2025-08-07,236.0,116.0,0.0,0.0,
2025-08-08,254.0,88.0,0.0,0.0,
2025-08-09,261.0,98.0,0.0,0.0,
2025-08-10,276.0,109.0,0.0,0.0,
2025-08-11,291.0,114.0,0.0,0.0,
2025-08-12,282.0,124.0,0.0,0.0,
2025-08-13,265.0,120.0,0.0,0.0,
2025-08-14,245.0,90.0,0.0,0.0,
2025-08-15,233.0,82.0,0.0,0.0,
2025-08-16,222.0,75.0,0.0,0.0,
2025-08-17,213.0,64.0,0.0,0.0,
2025-08-18,218.0,91.0,0.0,0.0,
2025-08-19,227.0,89.0,0.0,0.0,
2025-08-20,255.0,76.0,0.0,0.0,
2025-08-21,272.0,99.0,0.0,0.0,
2025-08-22,277.0,124.0,0.0,0.0,
2025-08-23,266.0,106.0,0.0,0.0,
2025-08-24,234.0,78.0,229.0,0.0,
2025-08-25,213.0,78.0,25.0,0.0,
2025-08-26,190.0,77.0,76.0,0.0,
2025-08-27,195.0,69.0,25.0,0.0,
2025-08-28,204.0,48.0,0.0,0.0,
2025-08-29,194.0,74.0,0.0,0.0,
2025-08-30,226.0,75.0,0.0,0.0,
2025-08-31,236.0,92.0,0.0,0.0,
2025-09-01,244.0,109.0,0.0,0.0,
2025-09-02,236.0,71.0,127.0,0.0,
2025-09-03,210.0,68.0,0.0,0.0,
2025-09-04,222.0,83.0,0.0,0.0,
2025-09-05,225.0,99.0,0.0,0.0,
2025-09-06,200.0,90.0,0.0,0.0,
2025-09-07,182.0,96.0,0.0,0.0,
2025-09-08,179.0,82.0,0.0,0.0,
2025-09-09,149.0,68.0,0.0,0.0,
2025-09-10,132.0,22.0,25.0,0.0,
2025-09-11,148.0,18.0,0.0,0.0,
2025-09-12,154.0,43.0,0.0,0.0,
2025-09-13,188.0,32.0,0.0,0.0,
2025-09-14,194.0,65.0,0.0,0.0,
2025-09-15,228.0,38.0,0.0,0.0,
2025-09-16,227.0,66.0,0.0,0.0,
2025-09-17,236.0,78.0,0.0,0.0,
2025-09-18,216.0,73.0,0.0,0.0,
2025-09-19,119.0,66.0,51.0,0.0,
2025-09-20,173.0,46.0,25.0,0.0,
2025-09-21,173.0,49.0,0.0,0.0,
2025-09-22,196.0,42.0,0.0,0.0,
2025-09-23,206.0,50.0,0.0,0.0,
2025-09-24,221.0,69.0,0.0,0.0,
2025-09-25,177.0,59.0,25.0,0.0,
2025-09-26,189.0,50.0,0.0,0.0,
2025-09-27,210.0,61.0,0.0,0.0,
2025-09-28,175.0,68.0,0.0,0.0,
2025-09-29,125.0,52.0,25.0,0.0,
2025-09-30,97.0,42.0,0.0,0.0,
2025-10-01,81.0,44.0,25.0,0.0,
2025-10-02,87.0,37.0,254.0,0.0,
2025-10-03,68.0,-6.0,25.0,0.0,
2025-10-04,124.0,-12.0,0.0,0.0,
2025-10-05,113.0,-18.0,25.0,0.0,
2025-10-06,125.0,-13.0,0.0,0.0,
2025-10-07,172.0,3.0,0.0,0.0,
2025-10-08,154.0,32.0,0.0,0.0,
2025-10-09,150.0,74.0,0.0,0.0,
2025-10-10,117.0,36.0,0.0,0.0,
2025-10-11,70.0,-39.0,0.0,0.0,
2025-10-12,123.0,-58.0,0.0,0.0,
2025-10-13,19.0,-16.0,51.0,0.0,
2025-10-14,7.0,-33.0,305.0,279.0,
2025-10-15,49.0,-35.0,51.0,203.0,
2025-10-16,64.0,-38.0,0.0,127.0,
2025-10-17,143.0,-33.0,0.0,102.0,
2025-10-18,162.0,14.0,25.0,51.0,
2025-10-19,129.0,20.0,0.0,25.0,
2025-10-20,143.0,-11.0,0.0,0.0,
2025-10-21,171.0,25.0,0.0,0.0,
2025-10-22,91.0,22.0,0.0,0.0,
2025-10-23,136.0,4.0,0.0,0.0,
2025-10-24,144.0,15.0,0.0,0.0,
2025-10-25,72.0,10.0,51.0,0.0,
2025-10-26,38.0,-5.0,152.0,0.0,
2025-10-27,125.0,-10.0,0.0,0.0,
2025-10-28,180.0,-9.0,0.0,0.0,
2025-10-29,175.0,32.0,0.0,0.0,
2025-10-30,166.0,29.0,0.0,0.0,
2025-10-31,178.0,23.0,0.0,0.0,
2025-11-01,173.0,47.0,0.0,0.0,
2025-11-02,187.0,38.0,0.0,0.0,
2025-11-03,131.0,53.0,0.0,0.0,
2025-11-04,120.0,45.0,0.0,0.0,
2025-11-05,68.0,-7.0,178.0,25.0,
2025-11-06,88.0,-17.0,25.0,0.0,
2025-11-07,82.0,8.0,25.0,0.0,
2025-11-08,149.0,0.0,0.0,0.0,
2025-11-09,174.0,28.0,0.0,0.0,
2025-11-10,149.0,46.0,0.0,0.0,
2025-11-11,135.0,32.0,0.0,0.0,
2025-11-12,108.0,54.0,0.0,0.0,
2025-11-13,67.0,24.0,711.0,0.0,
2025-11-14,41.0,1.0,229.0,0.0,
2025-11-15,56.0,7.0,102.0,0.0,
2025-11-16,16.0,-23.0,102.0,25.0,
2025-11-17,-1.0,-51.0,152.0,152.0,
2025-11-18,20.0,-48.0,51.0,152.0,
2025-11-19,63.0,-51.0,0.0,127.0,
2025-11-20,-1.0,-32.0,76.0,178.0,
2025-11-21,-3.0,-29.0,25.0,178.0,
2025-11-22,36.0,-52.0,0.0,152.0,
2025-11-23,94.0,-52.0,0.0,102.0,
2025-11-24,82.0,-21.0,0.0,102.0,
2025-11-25,105.0,-7.0,0.0,102.0,
2025-11-26,130.0,5.0,0.0,102.0,
2025-11-27,129.0,7.0,0.0,76.0,
2025-11-28,92.0,-30.0,0.0,76.0,
2025-11-29,100.0,-50.0,0.0,76.0,
2025-11-30,69.0,-61.0,0.0,76.0,
2025-12-01,94.0,-77.0,0.0,76.0,
2025-12-02,90.0,-38.0,25.0,76.0,
2025-12-03,-2.0,-75.0,0.0,76.0,
2025-12-04,74.0,-82.0,0.0,76.0,
2025-12-05,120.0,-31.0,0.0,76.0,
2025-12-06,105.0,1.0,0.0,76.0,
2025-12-07,96.0,-6.0,0.0,76.0,
2025-12-08,117.0,-19.0,0.0,76.0,
2025-12-09,141.0,13.0,0.0,76.0,
2025-12-10,165.0,10.0,0.0,51.0,
2025-12-11,166.0,7.0,0.0,51.0,
2025-12-12,151.0,0.0,0.0,25.0,
2025-12-13,145.0,0.0,0.0,25.0,
2025-12-14,127.0,-2.0,0.0,25.0,
2025-12-15,125.0,-2.0,0.0,25.0,
2025-12-16,90.0,24.0,0.0,0.0,
2025-12-17,67.0,20.0,102.0,0.0,
2025-12-18,93.0,35.0,0.0,0.0,
2025-12-19,72.0,-1.0,229.0,25.0,
2025-12-20,41.0,17.0,102.0,0.0,
2025-12-21,40.0,1.0,508.0,0.0,
2025-12-22,32.0,-1.0,432.0,76.0,
2025-12-23,48.0,3.0,25.0,76.0,
2025-12-24,6.0,-29.0,864.0,711.0,
2025-12-25,-18.0,-40.0,610.0,1041.0,
2025-12-26,-19.0,-55.0,254.0,1143.0,
2025-12-27,-2.0,-121.0,0.0,1067.0,
2025-12-28,-20.0,-122.0,0.0,1016.0,
2025-12-29,20.0,-125.0,0.0,991.0,
2025-12-30,95.0,-56.0,0.0,914.0,
2025-12-31,52.0,-5.0,25.0,864.0,
2026-01-01,35.0,-15.0,229.0,864.0,
2026-01-02,43.0,-32.0,51.0,838.0,
2026-01-03,12.0,-24.0,381.0,1092.0,
2026-01-04,-18.0,-45.0,584.0,1524.0,
2026-01-05,-22.0,-72.0,25.0,1422.0,
2026-01-06,20.0,-64.0,0.0,1346.0,
2026-01-07,-3.0,-66.0,25.0,1321.0,
2026-01-08,-58.0,-143.0,102.0,1346.0,
2026-01-09,2.0,-140.0,0.0,1321.0,
2026-01-10,82.0,-98.0,0.0,1270.0,
2026-01-11,90.0,-43.0,0.0,1245.0,
2026-01-12,88.0,-44.0,0.0,1219.0,
2026-01-13,121.0,-41.0,0.0,1194.0,
2026-01-14,113.0,-2.0,0.0,1143.0,
2026-01-15,102.0,-31.0,0.0,1143.0,
2026-01-16,107.0,-45.0,0.0,1118.0,
2026-01-17,136.0,-28.0,0.0,1118.0,
2026-01-18,110.0,-12.0,0.0,1118.0,
2026-01-19,82.0,-44.0,0.0,1092.0,
2026-01-20,103.0,-43.0,0.0,1067.0,
2026-01-21,118.0,3.0,0.0,1067.0,
2026-01-22,90.0,-19.0,0.0,1041.0,
2026-01-23,73.0,-72.0,0.0,1041.0,
2026-01-24,-4.0,-103.0,0.0,1016.0,
2026-01-25,51.0,-98.0,0.0,1016.0,
2026-01-26,48.0,-56.0,0.0,1016.0,
2026-01-27,55.0,-45.0,0.0,1016.0,
2026-01-28,60.0,-42.0,0.0,1016.0,
2026-01-29,106.0,-37.0,0.0,1016.0,
2026-01-30,115.0,-8.0,0.0,1016.0,
2026-01-31,124.0,-16.0,0.0,991.0,
2026-02-01,101.0,-28.0,0.0,991.0,
2026-02-02,94.0,-40.0,0.0,991.0,
2026-02-03,125.0,-19.0,0.0,991.0,
2026-02-04,108.0,-30.0,0.0,965.0,
2026-02-05,114.0,-22.0,0.0,965.0,
2026-02-06,62.0,-28.0,0.0,965.0,
2026-02-07,78.0,-36.0,0.0,940.0,
2026-02-08,94.0,-26.0,0.0,940.0,
2026-02-09,36.0,-39.0,0.0,940.0,
2026-02-10,53.0,-57.0,178.0,1092.0,
2026-02-11,-3.0,-42.0,102.0,1168.0,
2026-02-12,29.0,-76.0,0.0,1118.0,
2026-02-13,61.0,-87.0,0.0,1118.0,
2026-02-14,40.0,-52.0,0.0,1092.0,
2026-02-15,37.0,-27.0,0.0,1067.0,
2026-02-16,-21.0,-68.0,381.0,1626.0,
2026-02-17,-67.0,-103.0,559.0,2235.0,
2026-02-18,-93.0,-129.0,102.0,2184.0,
2026-02-19,-73.0,-102.0,254.0,2337.0,
2026-02-20,-7.0,-123.0,0.0,2134.0,
2026-02-21,9.0,-118.0,0.0,2007.0,
2026-02-22,50.0,-22.0,0.0,1905.0,
2026-02-23,98.0,13.0,0.0,1803.0,
2026-02-24,53.0,-5.0,483.0,1626.0,
2026-02-25,88.0,19.0,178.0,1499.0,
2026-02-26,112.0,12.0,0.0,1397.0,
2026-02-27,135.0,9.0,0.0,1397.0,
2026-02-28,121.0,23.0,0.0,1346.0,
2026-03-01,55.0,12.0,76.0,1321.0,
2026-03-02,62.0,-34.0,25.0,1321.0,
2026-03-03,109.0,-46.0,0.0,1295.0,
2026-03-04,42.0,-76.0,0.0,1295.0,
2026-03-05,23.0,-96.0,0.0,1295.0,
2026-03-06,25.0,-101.0,0.0,1270.0,
2026-03-07,57.0,-51.0,0.0,1270.0,
2026-03-08,156.0,-30.0,0.0,1219.0,
2026-03-09,122.0,0.0,0.0,1194.0,
2026-03-10,79.0,-14.0,0.0,1194.0,
2026-03-11,110.0,-24.0,0.0,1168.0,
2026-03-12,144.0,-2.0,0.0,1143.0,
2026-03-13,149.0,16.0,0.0,1118.0,
2026-03-14,117.0,7.0,0.0,1092.0,
2026-03-15,130.0,-12.0,0.0,1067.0,
2026-03-16,175.0,23.0,0.0,1041.0,
2026-03-17,192.0,27.0,0.0,991.0,
2026-03-18,194.0,65.0,0.0,965.0,
2026-03-19,212.0,59.0,0.0,940.0,
2026-03-20,216.0,48.0,0.0,889.0,
2026-03-21,154.0,54.0,0.0,838.0,
2026-03-22,165.0,16.0,0.0,813.0,
2026-03-23,127.0,65.0,0.0,737.0,
2026-03-24,171.0,63.0,0.0,686.0,
2026-03-25,152.0,37.0,0.0,635.0,
2026-03-26,143.0,-5.0,0.0,610.0,
2026-03-27,168.0,-18.0,0.0,584.0,
2026-03-28,156.0,12.0,0.0,559.0,
2026-03-29,147.0,2.0,0.0,533.0,
2026-03-30,118.0,35.0,0.0,508.0,
2026-03-31,52.0,-14.0,406.0,635.0,
2026-04-01,9.0,-15.0,305.0,737.0,
2026-04-02,32.0,-69.0,0.0,686.0,
2026-04-03,63.0,-98.0,0.0,660.0,
2026-04-04,113.0,-50.0,0.0,635.0,
2026-04-05,133.0,-14.0,0.0,610.0,
2026-04-06,135.0,6.0,0.0,610.0,
2026-04-07,136.0,15.0,0.0,559.0,
2026-04-08,129.0,5.0,0.0,533.0,
2026-04-09,98.0,0.0,25.0,508.0,
2026-04-10,33.0,-20.0,305.0,686.0,
2026-04-11,10.0,-47.0,432.0,1016.0,
2026-04-12,-25.0,-66.0,330.0,1270.0,
2026-04-13,30.0,-83.0,0.0,1041.0,
2026-04-14,62.0,-74.0,0.0,914.0,
2026-04-15,77.0,-29.0,0.0,838.0,
2026-04-16,74.0,-77.0,0.0,813.0,
2026-04-17,84.0,-113.0,0.0,762.0,
2026-04-18,124.0,-34.0,0.0,711.0,
2026-04-19,120.0,19.0,0.0,660.0,
2026-04-20,104.0,24.0,0.0,635.0,
2026-04-21,32.0,-50.0,152.0,762.0,
2026-04-22,12.0,-82.0,51.0,762.0,
2026-04-23,97.0,-83.0,0.0,686.0,
2026-04-24,90.0,-25.0,25.0,660.0,
2026-04-25,59.0,-18.0,0.0,635.0,
2026-04-26,30.0,-35.0,25.0,660.0,
2026-04-27,51.0,-70.0,25.0,635.0,
2026-04-28,72.0,-45.0,0.0,610.0,
2026-04-29,126.0,-30.0,0.0,584.0,
2026-04-30,142.0,-10.0,0.0,533.0,
2026-05-01,148.0,1.0,0.0,508.0,
2026-05-02,138.0,33.0,0.0,457.0,
2026-05-03,117.0,12.0,51.0,457.0,
2026-05-04,34.0,0.0,127.0,457.0,
2026-05-05,98.0,-1.0,25.0,483.0,
2026-05-06,163.0,15.0,0.0,406.0,
2026-05-07,164.0,34.0,0.0,356.0,
2026-05-08,170.0,25.0,0.0,305.0,
2026-05-09,198.0,35.0,0.0,254.0,
2026-05-10,209.0,50.0,0.0,203.0,
2026-05-11,225.0,123.0,0.0,127.0,
2026-05-12,211.0,110.0,0.0,25.0,
2026-05-13,162.0,30.0,0.0,0.0,
2026-05-14,187.0,8.0,0.0,0.0,
2026-05-15,162.0,20.0,0.0,0.0,
2026-05-16,143.0,0.0,0.0,0.0,
2026-05-17,95.0,-32.0,0.0,0.0,
2026-05-18,91.0,-40.0,0.0,0.0,
2026-05-19,138.0,-30.0,0.0,0.0,
2026-05-20,171.0,1.0,0.0,0.0,
2026-05-21,178.0,32.0,0.0,0.0,
2026-05-22,171.0,28.0,0.0,0.0,
2026-05-23,178.0,45.0,0.0,0.0,
2026-05-24,194.0,61.0,0.0,0.0,
2026-05-25,174.0,50.0,0.0,0.0,
2026-05-26,60.0,-58.0,51.0,0.0,
2026-05-27,29.0,-63.0,25.0,0.0,
2026-05-28,44.0,-18.0,127.0,51.0,
2026-05-29,72.0,-8.0,0.0,0.0,
2026-05-30,125.0,-13.0,0.0,0.0,
2026-05-31,166.0,6.0,0.0,0.0,
2026-06-01,198.0,24.0,0.0,0.0,
2026-06-02,220.0,40.0,0.0,0.0,
2026-06-03,201.0,68.0,0.0,0.0,
2026-06-04,231.0,65.0,0.0,0.0,
2026-06-05,229.0,68.0,0.0,0.0,
2026-06-06,172.0,76.0,0.0,0.0,
2026-06-07,175.0,50.0,0.0,0.0,
2026-06-08,156.0,38.0,0.0,0.0,
2026-06-09,183.0,51.0,0.0,0.0,
2026-06-10,244.0,44.0,0.0,0.0,
2026-06-11,247.0,46.0,0.0,0.0,
2026-06-12,243.0,71.0,0.0,0.0,
2026-06-13,250.0,85.0,0.0,0.0,
2026-06-14,241.0,86.0,76.0,0.0,
2026-06-15,255.0,83.0,0.0,0.0,
2026-06-16,260.0,101.0,0.0,0.0,
2026-06-17,258.0,101.0,0.0,0.0,
2026-06-18,262.0,107.0,0.0,0.0,
2026-06-19,202.0,61.0,0.0,0.0,
2026-06-20,201.0,51.0,0.0,0.0,
2026-06-21,225.0,60.0,0.0,0.0,
2026-06-22,245.0,82.0,0.0,0.0,
2026-06-23,236.0,97.0,0.0,0.0,
2026-06-24,226.0,88.0,0.0,0.0,
2026-06-25,217.0,53.0,0.0,0.0,
2026-06-26,138.0,73.0,25.0,0.0,
2026-06-27,131.0,48.0,0.0,0.0,
2026-06-28,142.0,-18.0,0.0,0.0,
2026-06-29,156.0,-8.0,0.0,0.0,
2026-06-30,178.0,26.0,0.0,0.0,
2026-07-01,191.0,28.0,0.0,0.0,
2026-07-02,200.0,46.0,0.0,0.0,
2026-07-03,228.0,63.0,0.0,0.0,
2026-07-04,241.0,79.0,0.0,0.0,
2026-07-05,165.0,92.0,0.0,0.0,
2026-07-06,230.0,64.0,0.0,0.0,
2026-07-07,238.0,87.0,0.0,0.0,
2026-07-08,242.0,78.0,0.0,0.0,
2026-07-09,252.0,77.0,0.0,0.0,
2026-07-10,243.0,97.0,0.0,0.0,
2026-07-11,272.0,126.0,0.0,0.0,
2026-07-12,221.0,148.0,0.0,0.0,
2026-07-13,189.0,108.0,76.0,0.0,
2026-07-14,210.0,94.0,0.0,0.0,
2026-07-15,236.0,92.0,0.0,0.0,
2026-07-16,235.0,132.0,0.0,0.0,
2026-07-17,248.0,105.0,0.0,0.0,
2026-07-18,254.0,131.0,0.0,0.0,
2026-07-19,254.0,109.0,0.0,0.0,
2026-07-20,255.0,146.0,0.0,0.0,
2026-07-21,215.0,114.0,25.0,0.0,
2026-07-22,245.0,96.0,0.0,0.0,
2026-07-23,265.0,113.0,0.0,0.0,
2026-07-24,274.0,123.0,,0.0,
2026-07-25,253.0,171.0,0.0,0.0,
