DATE,TMAX,TMIN,PRCP,SNWD,SNOW
1992-01-13,67,6,,,
1992-01-14,117,0,,,
1992-01-15,139,11,,,
1992-01-16,133,22,,,
1992-01-17,156,0,,,
1992-01-18,133,50,,,
1992-01-19,139,83,,,
1992-01-20,83,39,,,
1992-01-21,144,61,,,
1992-01-22,161,22,,,
1992-01-23,183,0,,,
1992-01-24,189,17,,,
1992-01-25,211,33,,,
1992-01-26,189,39,,,
1992-01-27,189,33,,,
1992-01-28,200,33,,,
1992-01-29,194,39,,,
1992-01-30,206,44,,,
1992-01-31,211,44,,,
1992-02-01,189,44,,,
1992-02-02,172,83,,,
1992-02-03,200,61,,,
1992-02-04,200,67,,,
1992-02-05,178,39,,,
1992-02-06,178,61,,,
1992-02-07,133,89,,,
1992-02-08,144,89,,,
1992-02-09,194,78,,,
1992-02-10,150,83,,,
1992-02-11,150,83,,,
1992-02-12,172,94,,,
1992-02-13,139,106,,,
1992-02-14,183,67,,,
1992-02-15,178,50,,,
1992-02-16,128,67,,,
1992-02-17,161,50,,,
1992-02-18,194,33,,,
1992-02-19,200,39,,,
1992-02-20,172,50,,,
1992-02-21,222,56,,,
1992-02-22,222,61,,,
1992-02-23,206,94,,,
1992-02-24,222,89,,,
1992-02-25,228,44,,,
1992-02-26,222,83,,,
1992-02-27,244,50,,,
1992-02-28,250,56,,,
1992-02-29,228,61,,,
1992-03-01,194,100,,,
1992-03-02,172,94,,,
1992-03-03,161,83,,,
1992-03-04,133,83,,,
1992-03-05,194,89,,,
1992-03-06,233,61,,,
1992-03-07,217,72,,,
1992-03-08,89,56,,,
1992-03-09,117,56,,,
1992-03-10,183,44,,,
1992-03-11,233,50,,,
1992-03-12,244,61,,,
1992-03-13,261,72,,,
1992-03-14,244,67,,,
1992-03-15,250,100,,,
1992-03-16,239,83,,,
1992-03-17,206,94,,,
1992-03-18,194,72,,,
1992-03-19,233,67,,,
1992-03-20,261,61,,,
1992-03-21,183,94,,,
1992-03-22,211,83,,,
1992-03-23,211,78,,,
1992-03-24,233,72,,,
1992-03-25,261,67,,,
1992-03-26,222,106,,,
1992-03-27,172,106,,,
1992-03-28,161,106,,,
1992-03-29,211,111,,,
1992-03-30,239,94,,,
1992-03-31,217,106,,,
1992-04-01,211,100,,,
1992-04-02,194,94,,,
1992-04-03,239,89,,,
1992-04-04,222,100,,,
1992-04-05,244,106,,,
1992-04-06,261,100,,,
1992-04-07,267,94,,,
1992-04-08,272,94,,,
1992-04-09,278,111,,,
1992-04-10,289,106,,,
1992-04-11,306,106,,,
1992-04-12,328,111,,,
1992-04-13,311,133,,,
1992-04-14,283,122,,,
1992-04-15,272,144,,,
1992-04-16,267,139,,,
1992-04-17,289,117,,,
1992-04-18,278,128,,,
1992-04-19,250,111,,,
1992-04-20,272,83,,,
1992-04-21,294,106,,,
1992-04-22,300,117,,,
1992-04-23,322,117,,,
1992-04-24,339,117,,,
1992-04-25,350,122,,,
1992-04-26,350,139,,,
1992-04-27,372,144,,,
1992-04-28,372,156,,,
1992-04-29,372,156,,,
1992-04-30,356,167,,,
1992-05-01,372,161,,,
1992-05-02,344,167,,,
1992-05-03,339,217,,,
1992-05-04,333,178,,,
1992-05-05,272,172,,,
1992-05-06,317,167,,,
1992-05-07,294,172,,,
1992-05-08,311,167,,,
1992-05-09,239,144,,,
1992-05-10,283,161,,,
1992-05-11,317,172,,,
1992-05-12,344,200,,,
1992-05-13,350,156,,,
1992-05-14,350,178,,,
1992-05-15,356,222,,,
1992-05-16,356,161,,,
1992-05-17,367,183,,,
1992-05-18,361,194,,,
1992-05-19,272,206,,,
1992-05-20,289,150,,,
1992-05-21,206,139,,,
1992-05-22,256,117,,,
1992-05-23,272,128,,,
1992-05-24,289,161,,,
1992-05-25,294,150,,,
1992-05-26,300,144,,,
1992-05-27,300,189,,,
1992-05-28,311,167,,,
1992-05-29,294,156,,,
1992-05-30,239,189,,,
1992-05-31,311,178,,,
1992-06-01,328,189,,,
1992-06-02,367,172,,,
1992-06-03,372,183,,,
1992-06-04,383,189,,,
1992-06-05,372,217,,,
1992-06-06,361,189,,,
1992-06-07,272,161,,,
1992-06-08,322,144,,,
1992-06-09,350,172,,,
1992-06-10,367,194,,,
1992-06-11,361,194,,,
1992-06-12,361,189,,,
1992-06-13,356,178,,,
1992-06-14,344,167,,,
1992-06-15,339,167,,,
1992-06-16,322,172,,,
1992-06-17,344,156,,,
1992-06-18,389,167,,,
1992-06-19,389,206,,,
1992-06-20,389,183,,,
1992-06-21,406,194,,,
1992-06-22,400,239,,,
1992-06-23,372,233,,,
1992-06-24,400,239,,,
1992-06-25,389,250,,,
1992-06-26,389,206,,,
1992-06-27,389,200,,,
1992-06-28,400,217,,,
1992-06-29,383,217,,,
1992-06-30,378,228,,,
1992-07-01,344,206,,,
1992-07-02,367,183,,,
1992-07-03,406,194,,,
1992-07-04,417,228,,,
1992-07-05,433,211,,,
1992-07-06,400,239,,,
1992-07-07,383,283,,,
1992-07-08,367,261,,,
1992-07-09,389,267,,,
1992-07-10,383,206,,,
1992-07-11,261,211,,,
1992-07-12,333,206,,,
1992-07-13,356,200,,,
1992-07-14,378,206,,,
1992-07-15,378,228,,,
1992-07-16,406,206,,,
1992-07-17,422,222,,,
1992-07-18,422,250,,,
1992-07-19,411,256,,,
1992-07-20,417,261,,,
1992-07-21,394,283,,,
1992-07-22,389,250,,,
1992-07-23,344,222,,,
1992-07-24,272,211,,,
1992-07-25,344,244,,,
1992-07-26,389,222,,,
1992-07-27,422,239,,,
1992-07-28,389,239,,,
1992-07-29,394,244,,,
1992-07-30,317,222,,,
1992-07-31,372,228,,,
1992-08-01,383,233,,,
1992-08-02,406,222,,,
1992-08-03,394,256,,,
1992-08-04,356,244,,,
1992-08-05,344,250,,,
1992-08-06,367,206,,,
1992-08-07,361,206,,,
1992-08-08,378,228,,,
1992-08-09,389,250,,,
1992-08-10,411,244,,,
1992-08-11,406,261,,,
1992-08-12,378,244,,,
1992-08-13,383,244,,,
1992-08-14,411,244,,,
1992-08-15,406,289,,,
1992-08-16,422,250,,,
1992-08-17,394,239,,,
1992-08-18,411,233,,,
1992-08-19,400,250,,,
1992-08-20,394,244,,,
1992-08-21,350,256,,,
1992-08-22,294,200,,,
1992-08-23,211,172,,,
1992-08-24,294,183,,,
1992-08-25,328,178,,,
1992-08-26,356,189,,,
1992-08-27,367,194,,,
1992-08-28,378,194,,,
1992-08-29,317,211,,,
1992-08-30,339,194,,,
1992-08-31,350,217,,,
1992-09-01,339,194,,,
1992-09-02,339,194,,,
1992-09-03,344,183,,,
1992-09-04,356,183,,,
1992-09-05,333,194,,,
1992-09-06,350,189,,,
1992-09-07,372,178,,,
1992-09-08,372,211,,,
1992-09-09,378,167,,,
1992-09-10,378,167,,,
1992-09-11,383,211,,,
1992-09-12,367,244,,,
1992-09-13,339,233,,,
1992-09-14,344,217,,,
1992-09-15,361,222,,,
1992-09-16,372,233,,,
1992-09-17,378,222,,,
1992-09-18,356,222,,,
1992-09-19,322,233,,,
1992-09-20,317,200,,,
1992-09-21,333,211,,,
1992-09-22,361,217,,,
1992-09-23,350,183,,,
1992-09-24,356,183,,,
1992-09-25,367,200,,,
1992-09-26,367,183,,,
1992-09-27,372,183,,,
1992-09-28,378,183,,,
1992-09-29,344,217,,,
1992-09-30,350,183,,,
1992-10-01,344,161,,,
1992-10-02,344,161,,,
1992-10-03,344,161,,,
1992-10-04,328,172,,,
1992-10-05,333,144,,,
1992-10-06,328,128,,,
1992-10-07,306,133,,,
1992-10-08,300,106,,,
1992-10-09,317,117,,,
1992-10-10,328,133,,,
1992-10-11,344,128,,,
1992-10-12,350,139,,,
1992-10-13,333,144,,,
1992-10-14,317,150,,,
1992-10-15,306,144,,,
1992-10-16,311,133,,,
1992-10-17,317,117,,,
1992-10-18,317,139,,,
1992-10-19,322,150,,,
1992-10-20,306,128,,,
1992-10-21,300,172,,,
1992-10-22,278,144,,,
1992-10-23,311,189,,,
1992-10-24,300,167,,,
1992-10-25,283,150,,,
1992-10-26,278,122,,,
1992-10-27,250,139,,,
1992-10-28,233,150,,,
1992-10-29,250,128,,,
1992-10-30,244,117,,,
1992-10-31,228,144,,,
1992-11-01,239,83,,,
1992-11-02,239,83,,,
1992-11-03,200,111,,,
1992-11-04,172,78,,,
1992-11-05,206,72,,,
1992-11-06,211,50,,,
1992-11-07,233,56,,,
1992-11-08,250,67,,,
1992-11-09,206,72,,,
1992-11-10,183,111,,,
1992-11-11,183,50,,,
1992-11-12,206,39,,,
1992-11-13,228,61,,,
1992-11-14,244,72,,,
1992-11-15,244,67,,,
1992-11-16,228,89,,,
1992-11-17,233,56,,,
1992-11-18,217,67,,,
1992-11-19,206,61,,,
1992-11-20,172,72,,,
1992-11-21,161,17,,,
1992-11-22,183,61,,,
1992-11-23,156,61,,,
1992-11-24,150,11,,,
1992-11-25,150,11,,,
1992-11-26,150,44,,,
1992-11-27,167,17,,,
1992-11-28,172,11,,,
1992-11-29,172,17,,,
1992-11-30,183,50,,,
1992-12-01,178,17,,,
1992-12-02,156,11,,,
1992-12-03,183,72,,,
1992-12-04,128,94,,,
1992-12-05,128,50,,,
1992-12-06,122,39,,,
1992-12-07,139,33,,,
1992-12-08,100,56,,,
1992-12-09,150,50,,,
1992-12-10,183,28,,,
1992-12-11,178,33,,,
1992-12-12,117,61,,,
1992-12-13,100,28,,,
1992-12-14,128,11,,,
1992-12-15,117,11,,,
1992-12-16,117,22,,,
1992-12-17,100,6,,,
1992-12-18,144,39,,,
1992-12-19,128,33,,,
1992-12-20,100,11,,,
1992-12-21,150,0,,,
1992-12-22,161,22,,,
1992-12-23,167,17,,,
1992-12-24,144,50,,,
1992-12-25,161,22,,,
1992-12-26,156,44,,,
1992-12-27,150,28,,,
1992-12-28,128,83,,,
1992-12-29,161,117,,,
1992-12-30,156,83,,,
1992-12-31,183,44,,,
1993-01-01,194,78,,,
1993-01-02,194,89,,,
1993-01-03,133,44,,,
1993-01-04,122,11,,,
1993-01-05,122,39,,,
1993-01-06,94,72,,,
1993-01-07,144,111,,,
1993-01-08,161,61,,,
1993-01-09,144,61,,,
1993-01-10,94,72,,,
1993-01-11,139,72,,,
1993-01-12,128,11,,,
1993-01-13,117,67,,,
1993-01-14,94,72,,,
1993-01-15,144,72,,,
1993-01-16,144,94,,,
1993-01-17,144,106,,,
1993-01-18,150,78,,,
1993-01-19,128,61,,,
1993-01-20,167,28,,,
1993-01-21,178,39,,,
1993-01-22,200,44,,,
1993-01-23,189,72,,,
1993-01-24,178,28,,,
1993-01-25,194,56,,,
1993-01-26,183,44,,,
1993-01-27,183,61,,,
1993-01-28,189,44,,,
1993-01-29,178,44,,,
1993-01-30,161,94,,,
1993-01-31,194,111,,,
1993-02-01,178,39,,,
1993-02-02,183,22,,,
1993-02-03,206,28,,,
1993-02-04,200,72,,,
1993-02-05,200,56,,,
1993-02-06,217,61,,,
1993-02-07,189,44,,,
1993-02-08,122,83,,,
1993-02-09,122,78,,,
1993-02-10,139,56,,,
1993-02-11,161,33,,,
1993-02-12,183,33,,,
1993-02-13,144,39,,,
1993-02-14,100,78,,,
1993-02-15,133,61,,,
1993-02-16,161,78,,,
1993-02-17,194,50,,,
1993-02-18,144,72,,,
1993-02-19,167,106,,,
1993-02-20,167,106,,,
1993-02-21,161,50,,,
1993-02-22,167,28,,,
1993-02-23,194,28,,,
1993-02-24,144,50,,,
1993-02-25,167,67,,,
1993-02-26,200,33,,,
1993-02-27,194,61,,,
1993-02-28,117,67,,,
1993-03-01,111,67,,,
1993-03-02,178,44,,,
1993-03-03,189,44,,,
1993-03-04,228,67,,,
1993-03-05,206,44,,,
1993-03-14,172,100,,,
1993-03-15,244,61,,,
1993-03-16,261,83,,,
1993-03-17,250,100,,,
1993-03-18,122,94,,,
1993-03-20,222,128,,,
1993-03-21,261,100,,,
1993-03-22,300,94,,,
1993-03-23,267,94,,,
1993-03-24,278,100,,,
1993-03-25,272,100,,,
1993-03-26,206,67,,,
1993-03-27,111,61,,,
1993-03-28,189,50,,,
1993-03-29,139,72,,,
1993-03-30,206,61,,,
1993-03-31,250,78,,,
1993-04-01,267,94,,,
1993-04-02,250,94,,,
1993-04-03,244,117,,,
1993-04-04,283,83,,,
1993-04-05,261,106,,,
1993-04-06,200,106,,,
1993-04-07,228,78,,,
1993-04-08,250,61,,,
1993-04-09,272,83,,,
1993-04-10,283,78,,,
1993-04-11,289,100,,,
1993-04-12,256,100,,,
1993-04-13,217,83,,,
1993-04-14,239,61,,,
1993-04-15,261,194,,,
1993-04-16,267,156,,,
1993-04-19,289,-176,,,
1993-04-20,311,167,,,
1993-04-21,333,178,,,
1993-04-22,339,211,,,
1993-04-23,289,139,,,
1993-04-24,272,161,,,
1993-04-25,311,111,,,
1993-04-26,339,128,,,
1993-04-27,322,128,,,
1993-04-28,328,139,,,
1993-04-29,339,144,,,
1993-04-30,333,144,,,
1993-05-01,300,172,,,
1993-05-02,322,133,,,
1993-05-03,322,128,,,
1993-05-04,311,150,,,
1993-05-05,261,128,,,
1993-05-06,289,111,,,
1993-05-07,294,122,,,
1993-05-08,306,133,,,
1993-05-09,306,144,,,
1993-05-10,361,128,,,
1993-05-11,372,156,,,
1993-05-12,339,200,,,
1993-05-13,350,183,,,
1993-05-14,356,178,,,
1993-05-15,350,183,,,
1993-05-16,311,183,,,
1993-05-17,317,172,,,
1993-05-18,344,172,,,
1993-05-19,350,183,,,
1993-05-20,356,200,,,
1993-05-21,344,183,,,
1993-05-22,333,194,,,
1993-05-23,339,183,,,
1993-05-24,350,183,,,
1993-05-25,372,183,,,
1993-05-26,394,211,,,
1993-05-27,378,200,,,
1993-05-28,344,217,,,
1993-05-29,350,211,,,
1993-05-30,367,161,,,
1993-05-31,289,172,,,
1993-06-01,344,206,,,
1993-06-02,333,178,,,
1993-06-03,328,172,,,
1993-06-04,344,156,,,
1993-06-05,344,306,,,
1993-06-06,239,161,,,
1993-06-07,272,106,,,
1993-06-08,311,128,,,
1993-06-09,350,161,,,
1993-06-10,378,172,,,
1993-06-11,383,172,,,
1993-06-12,394,194,,,
1993-06-13,406,178,,,
1993-06-14,428,189,,,
1993-06-15,417,233,,,
1993-06-16,406,261,,,
1993-06-17,372,211,,,
1993-06-18,378,183,,,
1993-06-19,394,256,,,
1993-06-20,422,200,,,
1993-06-21,394,222,,,
1993-06-22,394,194,,,
1993-06-23,394,189,,,
1993-06-24,417,206,,,
1993-06-25,439,206,,,
1993-06-26,444,211,,,
1993-06-27,444,233,,,
1993-06-28,433,250,,,
1993-06-29,417,256,,,
1993-06-30,406,233,,,
1993-07-01,400,244,,,
1993-07-02,383,283,,,
1993-07-03,372,272,,,
1993-07-04,372,256,,,
1993-07-05,378,211,,,
1993-07-06,383,228,,,
1993-07-07,417,211,,,
1993-07-08,406,222,,,
1993-07-09,389,289,,,
1993-07-10,367,278,,,
1993-07-11,306,267,,,
1993-07-12,328,239,,,
1993-07-13,361,272,,,
1993-07-14,383,256,,,
1993-07-15,394,228,,,
1993-07-16,361,267,,,
1993-07-17,361,244,,,
1993-07-18,372,233,,,
1993-07-19,389,233,,,
1993-07-20,389,211,,,
1993-07-21,378,194,,,
1993-07-22,383,217,,,
1993-07-23,372,239,,,
1993-07-24,378,256,,,
1993-07-25,383,239,,,
1993-07-26,394,206,,,
1993-07-27,394,194,,,
1993-07-28,422,211,,,
1993-07-29,394,278,,,
1993-07-30,428,289,,,
1993-07-31,444,261,,,
1993-08-01,439,272,,,
1993-08-02,422,272,,,
1993-08-03,406,267,,,
1993-08-04,372,256,,,
1993-08-05,411,211,,,
1993-08-06,411,222,,,
1993-08-07,372,233,,,
1993-08-08,378,244,,,
1993-08-09,411,261,,,
1993-08-10,417,250,,,
1993-08-11,417,233,,,
1993-08-12,411,228,,,
1993-08-13,400,233,,,
1993-08-14,350,256,,,
1993-08-15,394,233,,,
1993-08-16,400,206,,,
1993-08-17,406,228,,,
1993-08-18,367,233,,,
1993-08-19,378,222,,,
1993-08-20,378,211,,,
1993-08-21,372,217,,,
1993-08-22,378,233,,,
1993-08-23,400,211,,,
1993-08-24,372,206,,,
1993-08-25,294,200,,,
1993-08-26,278,222,,,
1993-08-27,244,194,,,
1993-08-28,306,194,,,
1993-08-29,322,211,,,
1993-08-30,328,217,,,
1993-08-31,311,211,,,
1993-09-01,356,200,,,
1993-09-02,372,228,,,
1993-09-03,400,233,,,
1993-09-04,372,233,,,
1993-09-05,356,211,,,
1993-09-06,378,228,,,
1993-09-07,383,228,,,
1993-09-08,406,194,,,
1993-09-09,400,200,,,
1993-09-10,389,206,,,
1993-09-11,367,217,,,
1993-09-12,333,189,,,
1993-09-13,306,183,,,
1993-09-14,322,172,,,
1993-09-15,344,167,,,
1993-09-16,339,178,,,
1993-09-17,322,161,,,
1993-09-18,306,144,,,
1993-09-19,344,150,,,
1993-09-20,356,150,,,
1993-09-21,383,161,,,
1993-09-22,389,178,,,
1993-09-23,367,167,,,
1993-09-24,350,222,,,
1993-09-25,361,172,,,
1993-09-26,361,161,,,
1993-09-27,344,172,,,
1993-09-28,372,167,,,
1993-09-29,361,150,,,
1993-09-30,361,183,,,
1993-10-01,367,178,,,
1993-10-02,378,183,,,
1993-10-03,367,172,,,
1993-10-04,372,178,,,
1993-10-05,361,222,,,
1993-10-06,239,172,,,
1993-10-07,256,167,,,
1993-10-08,283,150,,,
1993-10-09,306,156,,,
1993-10-10,300,150,,,
1993-10-11,278,156,,,
1993-10-12,300,161,,,
1993-10-13,306,139,,,
1993-10-14,300,150,,,
1993-10-15,283,144,,,
1993-10-16,178,144,,,
1993-10-17,233,139,,,
1993-10-18,244,128,,,
1993-10-19,244,89,,,
1993-10-20,272,94,,,
1993-10-21,261,100,,,
1993-10-22,244,106,,,
1993-10-23,278,100,,,
1993-10-24,250,83,,,
1993-10-25,289,144,,,
1993-10-26,300,106,,,
1993-10-27,233,133,,,
1993-10-28,250,89,,,
1993-10-29,256,106,,,
1993-10-30,222,122,,,
1993-10-31,189,72,,,
1993-11-01,233,83,,,
1993-11-02,239,61,,,
1993-11-03,244,72,,,
1993-11-04,250,67,,,
1993-11-05,244,72,,,
1993-11-06,233,89,,,
1993-11-07,233,56,,,
1993-11-08,239,50,,,
1993-11-09,250,50,,,
1993-11-10,233,72,,,
1993-11-11,144,100,,,
1993-11-12,139,89,,,
1993-11-13,94,56,,,
1993-11-14,100,50,,,
1993-11-15,117,50,,,
1993-11-16,172,44,,,
1993-11-17,194,67,,,
1993-11-18,194,61,,,
1993-11-19,211,61,,,
1993-11-20,211,44,,,
1993-11-21,189,44,,,
1993-11-22,194,111,,,
1993-11-23,194,106,,,
1993-11-24,211,78,,,
1993-11-25,189,44,,,
1993-11-26,156,6,,,
1993-11-27,167,6,,,
1993-11-28,206,56,,,
1993-11-29,206,28,,,
1993-11-30,206,39,,,
1993-12-01,200,33,,,
1993-12-02,217,50,,,
1993-12-03,194,44,,,
1993-12-04,172,6,,,
1993-12-05,183,0,,,
1993-12-06,189,11,,,
1993-12-07,183,6,,,
1993-12-08,128,33,,,
1993-12-09,189,22,,,
1993-12-10,211,22,,,
1993-12-11,206,61,,,
1993-12-12,133,50,,,
1993-12-13,161,11,,,
1993-12-14,172,6,,,
1993-12-15,133,39,,,
1993-12-16,144,6,,,
1993-12-17,139,-6,,,
1993-12-18,172,33,,,
1993-12-19,144,33,,,
1993-12-20,150,6,,,
1993-12-21,111,44,,,
1993-12-22,139,-6,,,
1993-12-23,122,-28,,,
1993-12-24,144,33,,,
1993-12-25,172,17,,,
1993-12-26,144,0,,,
1993-12-28,194,72,,,
1993-12-29,194,33,,,
1993-12-30,189,72,,,
1993-12-31,183,44,,,
1994-01-01,150,28,,,
1994-01-02,200,33,,,
1994-01-03,200,22,,,
1994-01-04,211,11,,,
1994-01-05,161,44,,,
1994-01-06,167,33,,,
1994-01-07,156,-6,,,
1994-01-08,156,-11,,,
1994-01-09,161,-6,,,
1994-01-10,78,0,,,
1994-01-12,100,44,,,
1994-01-13,206,11,,,
1994-01-14,217,28,,,
1994-01-15,183,44,,,
1994-01-16,178,17,,,
1994-01-17,211,11,,,
1994-01-18,222,11,,,
1994-01-19,217,22,,,
1994-01-20,206,11,,,
1994-01-21,211,11,,,
1994-01-22,194,17,,,
1994-01-23,161,28,,,
1994-01-24,222,39,,,
1994-01-25,150,28,,,
1994-01-26,133,33,,,
1994-01-27,128,0,,,
1994-01-28,133,22,,,
1994-01-29,150,0,,,
1994-01-30,150,6,,,
1994-01-31,144,6,,,
1994-02-01,133,-22,,,
1994-02-02,117,17,,,
1994-02-03,178,-17,,,
1994-02-04,133,28,,,
1994-02-05,189,44,,,
1994-02-06,211,22,,,
1994-02-07,128,61,,,
1994-02-08,133,50,,,
1994-02-09,161,28,,,
1994-02-10,167,33,,,
1994-02-11,156,33,,,
1994-02-12,167,28,,,
1994-02-13,183,56,,,
1994-02-14,189,44,,,
1994-02-15,211,17,,,
1994-02-16,233,33,,,
1994-02-17,228,100,,,
1994-02-18,156,50,,,
1994-02-19,117,50,,,
1994-02-20,172,11,,,
1994-02-21,167,44,,,
1994-02-22,161,44,,,
1994-02-23,178,17,,,
1994-02-24,217,6,,,
1994-02-25,222,28,,,
1994-02-26,239,39,,,
1994-02-27,233,50,,,
1994-02-28,222,83,,,
1994-03-01,244,44,,,
1994-03-02,256,67,,,
1994-03-03,256,89,,,
1994-03-04,261,117,,,
1994-03-05,267,89,,,
1994-03-06,250,78,,,
1994-03-07,122,67,,,
1994-03-08,167,56,,,
1994-03-09,233,50,,,
1994-03-10,244,61,,,
1994-03-11,228,78,,,
1994-03-12,183,89,,,
1994-03-13,228,100,,,
1994-03-14,256,72,,,
1994-03-15,283,83,,,
1994-03-16,294,94,,,
1994-03-17,278,100,,,
1994-03-18,189,106,,,
1994-03-19,178,100,,,
1994-03-20,206,106,,,
1994-03-21,244,83,,,
1994-03-22,256,94,,,
1994-03-23,233,94,,,
1994-03-24,244,83,,,
1994-03-25,194,78,,,
1994-03-26,156,78,,,
1994-03-27,200,78,,,
1994-03-28,222,39,,,
1994-03-29,261,61,,,
1994-03-30,272,94,,,
1994-03-31,283,83,,,
1994-04-01,289,94,,,
1994-04-02,283,111,,,
1994-04-03,300,89,,,
1994-04-04,256,150,,,
1994-04-05,233,100,,,
1994-04-06,250,89,,,
1994-04-07,250,89,,,
1994-04-08,267,111,,,
1994-04-09,211,122,,,
1994-04-10,194,89,,,
1994-04-11,256,61,,,
1994-04-12,278,83,,,
1994-04-13,300,106,,,
1994-04-14,300,100,,,
1994-04-15,322,111,,,
1994-04-16,356,122,,,
1994-04-17,344,161,,,
1994-04-18,306,128,,,
1994-04-19,350,122,,,
1994-04-20,361,133,,,
1994-04-21,350,167,,,
1994-04-22,339,178,,,
1994-04-23,322,183,,,
1994-04-24,244,56,,,
1994-04-25,206,50,,,
1994-04-26,194,78,,,
1994-04-27,156,72,,,
1994-04-28,222,67,,,
1994-04-29,233,83,,,
1994-04-30,267,89,,,
1994-05-01,278,106,,,
1994-05-02,306,106,,,
1994-05-03,306,122,,,
1994-05-04,344,133,,,
1994-05-05,350,139,,,
1994-05-06,322,150,,,
1994-05-07,283,133,,,
1994-05-08,294,106,,,
1994-05-09,217,133,,,
1994-05-10,250,106,,,
1994-05-11,233,128,,,
1994-05-12,306,106,,,
1994-05-13,328,156,,,
1994-05-14,356,167,,,
1994-05-15,367,172,,,
1994-05-16,333,161,,,
1994-05-17,328,150,,,
1994-05-18,322,139,,,
1994-05-19,289,139,,,
1994-05-20,311,117,,,
1994-05-21,339,100,,,
1994-05-22,344,144,,,
1994-05-23,350,178,,,
1994-05-24,250,161,,,
1994-05-25,239,133,,,
1994-05-26,311,128,,,
1994-05-27,350,167,,,
1994-05-28,372,183,,,
1994-05-29,378,178,,,
1994-05-30,394,172,,,
1994-05-31,389,206,,,
1994-06-01,389,161,,,
1994-06-02,400,172,,,
1994-06-03,411,172,,,
1994-06-04,383,194,,,
1994-06-05,389,183,,,
1994-06-06,389,194,,,
1994-06-07,372,178,,,
1994-06-08,378,189,,,
1994-06-09,417,178,,,
1994-06-10,422,200,,,
1994-06-11,422,228,,,
1994-06-12,417,233,,,
1994-06-13,406,222,,,
1994-06-14,389,206,,,
1994-06-15,378,217,,,
1994-06-16,389,183,,,
1994-06-17,344,217,,,
1994-06-18,367,233,,,
1994-06-19,394,239,,,
1994-06-20,344,228,,,
1994-06-21,372,250,,,
1994-06-22,400,261,,,
1994-06-23,433,256,,,
1994-06-24,461,244,,,
1994-06-25,467,250,,,
1994-06-26,450,250,,,
1994-06-27,456,267,,,
1994-06-28,456,267,,,
1994-06-29,472,267,,,
1994-06-30,428,278,,,
1994-07-01,400,289,,,
1994-07-02,422,250,,,
1994-07-03,417,261,,,
1994-07-04,394,228,,,
1994-07-05,406,233,,,
1994-07-06,394,228,,,
1994-07-07,428,211,,,
1994-07-08,439,222,,,
1994-07-09,428,222,,,
1994-07-10,422,250,,,
1994-07-11,428,250,,,
1994-07-12,417,244,,,
1994-07-13,422,222,,,
1994-07-14,428,228,,,
1994-07-15,411,228,,,
1994-07-16,411,239,,,
1994-07-17,344,228,,,
1994-07-18,306,200,,,
1994-07-19,306,206,,,
1994-07-20,378,217,,,
1994-07-21,406,239,,,
1994-07-22,406,244,,,
1994-07-23,406,267,,,
1994-07-24,406,256,,,
1994-07-25,411,233,,,
1994-07-26,389,272,,,
1994-07-27,411,289,,,
1994-07-28,422,267,,,
1994-07-29,400,244,,,
1994-07-30,372,217,,,
1994-07-31,394,294,,,
1994-08-01,411,261,,,
1994-08-02,422,261,,,
1994-08-03,439,267,,,
1994-08-04,450,267,,,
1994-08-05,433,289,,,
1994-08-06,417,267,,,
1994-08-07,400,272,,,
1994-08-08,350,272,,,
1994-08-09,383,272,,,
1994-08-10,428,244,,,
1994-08-11,417,261,,,
1994-08-12,406,289,,,
1994-08-13,422,256,,,
1994-08-14,411,289,,,
1994-08-15,411,256,,,
1994-08-16,411,250,,,
1994-08-17,372,267,,,
1994-08-18,400,256,,,
1994-08-19,411,228,,,
1994-08-20,400,211,,,
1994-08-21,406,261,,,
1994-08-22,383,244,,,
1994-08-23,372,239,,,
1994-08-24,406,250,,,
1994-08-25,400,283,,,
1994-08-26,383,233,,,
1994-08-27,350,222,,,
1994-08-28,411,239,,,
1994-08-29,394,272,,,
1994-08-30,383,261,,,
1994-08-31,383,250,,,
1994-09-01,389,256,,,
1994-09-02,361,200,,,
1994-09-03,306,206,,,
1994-09-04,361,200,,,
1994-09-05,383,200,,,
1994-09-06,383,222,,,
1994-09-07,400,239,,,
1994-09-08,406,256,,,
1994-09-09,400,244,,,
1994-09-10,383,222,,,
1994-09-11,367,222,,,
1994-09-12,378,217,,,
1994-09-13,344,211,,,
1994-09-14,339,178,,,
1994-09-15,344,139,,,
1994-09-16,367,228,,,
1994-09-17,367,206,,,
1994-09-18,378,233,,,
1994-09-19,350,217,,,
1994-09-20,350,222,,,
1994-09-21,267,189,,,
1994-09-22,367,161,,,
1994-09-23,372,189,,,
1994-09-24,372,200,,,
1994-09-25,339,206,,,
1994-09-26,361,183,,,
1994-09-27,394,194,,,
1994-09-28,394,200,,,
1994-09-29,361,206,,,
1994-09-30,344,206,,,
1994-10-01,339,194,,,
1994-10-02,333,178,,,
1994-10-03,322,167,,,
1994-10-04,328,183,,,
1994-10-05,261,172,,,
1994-10-06,256,128,,,
1994-10-07,311,122,,,
1994-10-08,322,128,,,
1994-10-09,300,183,,,
1994-10-10,311,144,,,
1994-10-11,322,117,,,
1994-10-12,317,144,,,
1994-10-13,328,150,,,
1994-10-14,244,128,,,
1994-10-15,161,100,,,
1994-10-16,117,67,,,
1994-10-17,206,61,,,
1994-10-18,239,78,,,
1994-10-19,267,89,,,
1994-10-20,278,106,,,
1994-10-21,289,106,,,
1994-10-22,283,106,,,
1994-10-23,283,133,,,
1994-10-24,300,150,,,
1994-10-25,283,111,,,
1994-10-26,283,117,,,
1994-10-27,306,117,,,
1994-10-28,294,122,,,
1994-10-29,322,122,,,
1994-10-30,278,122,,,
1994-10-31,289,111,,,
1994-11-01,267,100,,,
1994-11-02,239,94,,,
1994-11-03,183,67,,,
1994-11-04,167,44,,,
1994-11-05,200,44,,,
1994-11-06,244,61,,,
1994-11-07,189,94,,,
1994-11-08,194,89,,,
1994-11-09,233,56,,,
1994-11-10,250,78,,,
1994-11-11,183,117,,,
1994-11-12,156,78,,,
1994-11-13,178,56,,,
1994-11-14,178,33,,,
1994-11-15,211,44,,,
1994-11-16,200,111,,,
1994-11-17,161,33,,,
1994-11-18,178,17,,,
1994-11-19,72,22,,,
1994-11-20,122,-11,,,
1994-11-21,167,0,,,
1994-11-22,183,39,,,
1994-11-23,189,83,,,
1994-11-24,206,67,,,
1994-11-25,189,78,,,
1994-11-26,172,44,,,
1994-11-27,139,22,,,
1994-11-28,156,-17,,,
1994-11-29,178,6,,,
1994-11-30,194,22,,,
1994-12-01,189,28,,,
1994-12-02,200,6,,,
1994-12-03,161,17,,,
1994-12-04,144,22,,,
1994-12-05,117,83,,,
1994-12-06,172,94,,,
1994-12-07,178,78,,,
1994-12-08,172,56,,,
1994-12-09,144,22,,,
1994-12-10,150,-11,,,
1994-12-11,172,44,,,
1994-12-12,117,50,,,
1994-12-13,172,39,,,
1994-12-14,167,33,,,
1994-12-15,161,11,,,
1994-12-16,178,0,,,
1994-12-17,211,17,,,
1994-12-18,200,33,,,
1994-12-19,183,22,,,
1994-12-20,189,22,,,
1994-12-21,200,22,,,
1994-12-22,189,44,,,
1994-12-23,161,100,,,
1994-12-24,156,100,,,
1994-12-25,183,100,,,
1994-12-26,194,94,,,
1994-12-27,167,67,,,
1994-12-28,144,61,,,
1994-12-29,144,61,,,
1994-12-30,117,39,,,
1994-12-31,150,11,,,
1995-01-03,139,44,,,
1995-01-04,94,78,,,
1995-01-05,150,61,,,
1995-01-06,150,39,,,
1995-01-07,144,17,,,
1995-01-08,178,33,,,
1995-01-09,172,33,,,
1995-01-10,167,44,,,
1995-01-11,139,78,,,
1995-01-12,133,83,,,
1995-01-13,194,67,,,
1995-01-14,183,44,,,
1995-01-15,133,61,,,
1995-01-16,111,33,,,
1995-01-17,111,11,,,
1995-01-18,122,11,,,
1995-01-19,139,0,,,
1995-01-20,133,33,,,
1995-01-21,133,28,,,
1995-01-22,139,11,,,
1995-01-23,144,22,,,
1995-01-24,183,50,,,
1995-01-25,106,67,,,
1995-01-26,133,78,,,
1995-01-27,156,56,,,
1995-01-28,172,22,,,
1995-01-29,189,11,,,
1995-01-30,189,50,,,
1995-01-31,206,11,,,
1995-02-01,239,33,,,
1995-02-02,233,61,,,
1995-02-03,250,50,,,
1995-02-04,239,50,,,
1995-02-05,228,33,,,
1995-02-06,222,28,,,
1995-02-07,189,33,,,
1995-02-08,244,72,,,
1995-02-09,211,39,,,
1995-02-10,194,50,,,
1995-02-11,183,44,,,
1995-02-12,194,67,,,
1995-02-13,139,94,,,
1995-02-14,172,111,,,
1995-02-15,161,94,,,
1995-02-16,211,72,,,
1995-02-17,183,56,,,
1995-02-18,244,67,,,
1995-02-19,250,78,,,
1995-02-20,256,67,,,
1995-02-21,233,106,,,
1995-02-22,200,100,,,
1995-02-23,233,78,,,
1995-02-24,194,78,,,
1995-02-25,233,78,,,
1995-02-26,233,72,,,
1995-02-27,233,78,,,
1995-02-28,194,106,,,
1995-03-01,194,100,,,
1995-03-02,222,78,,,
1995-03-03,217,94,,,
1995-03-04,200,117,,,
1995-03-05,206,117,,,
1995-03-06,206,122,,,
1995-03-07,222,89,,,
1995-03-08,189,50,,,
1995-03-09,244,44,,,
1995-03-10,278,67,,,
1995-03-11,172,89,,,
1995-03-12,183,78,,,
1995-03-13,228,67,,,
1995-03-14,261,78,,,
1995-03-15,272,89,,,
1995-03-16,294,89,,,
1995-03-17,283,122,,,
1995-03-18,261,111,,,
1995-03-19,256,100,,,
1995-03-20,272,94,,,
1995-03-21,267,106,,,
1995-03-22,228,83,,,
1995-03-23,239,61,,,
1995-03-24,178,83,,,
1995-03-25,150,28,,,
1995-03-26,194,22,,,
1995-03-27,222,28,,,
1995-03-28,200,44,,,
1995-03-29,206,39,,,
1995-03-30,211,50,,,
1995-03-31,244,39,,,
1995-04-01,261,50,,,
1995-04-02,261,89,,,
1995-04-03,283,72,,,
1995-04-04,283,100,,,
1995-04-05,294,94,,,
1995-04-06,306,100,,,
1995-04-07,294,83,,,
1995-04-08,267,100,,,
1995-04-09,211,94,,,
1995-04-10,217,78,,,
1995-04-11,250,67,,,
1995-04-12,300,72,,,
1995-04-13,311,100,,,
1995-04-14,250,144,,,
1995-04-15,211,122,,,
1995-04-16,233,44,,,
1995-04-17,133,50,,,
1995-04-18,156,56,,,
1995-04-19,122,61,,,
1995-04-20,200,67,,,
1995-04-21,178,83,,,
1995-04-22,256,44,,,
1995-04-23,272,83,,,
1995-04-24,283,89,,,
1995-04-25,300,94,,,
1995-04-26,317,100,,,
1995-04-27,322,128,,,
1995-04-28,294,150,,,
1995-04-29,306,117,,,
1995-04-30,311,167,,,
1995-05-01,311,161,,,
1995-05-02,233,233,,,
1995-05-03,300,128,,,
1995-05-04,328,128,,,
1995-05-05,222,139,,,
1995-05-06,183,89,,,
1995-05-07,194,61,,,
1995-05-08,244,67,,,
1995-05-09,294,100,,,
1995-05-10,306,122,,,
1995-05-11,311,133,,,
1995-05-12,289,183,,,
1995-05-13,294,167,,,
1995-05-14,317,139,,,
1995-05-15,322,139,,,
1995-05-16,261,144,,,
1995-05-17,244,139,,,
1995-05-18,311,122,,,
1995-05-19,333,211,,,
1995-05-20,328,183,,,
1995-05-21,356,156,,,
1995-05-22,322,156,,,
1995-05-23,283,133,,,
1995-05-24,294,128,,,
1995-05-25,306,133,,,
1995-05-26,294,133,,,
1995-05-27,306,161,,,
1995-05-28,339,206,,,
1995-05-29,333,178,,,
1995-05-30,350,161,,,
1995-05-31,372,161,,,
1995-06-01,383,189,,,
1995-06-02,322,183,,,
1995-06-03,333,156,,,
1995-06-04,361,172,,,
1995-06-05,367,178,,,
1995-06-06,344,211,,,
1995-06-07,311,189,,,
1995-06-08,272,150,,,
1995-06-09,328,122,,,
1995-06-10,372,139,,,
1995-06-11,394,172,,,
1995-06-12,417,228,,,
1995-06-13,417,217,,,
1995-06-14,400,217,,,
1995-06-15,372,200,,,
1995-06-16,317,194,,,
1995-06-17,283,172,,,
1995-06-18,356,139,,,
1995-06-19,378,156,,,
1995-06-20,383,167,,,
1995-06-21,367,167,,,
1995-06-22,383,172,,,
1995-06-23,400,167,,,
1995-06-24,422,183,,,
1995-06-25,428,211,,,
1995-06-26,411,244,,,
1995-06-27,411,233,,,
1995-06-28,406,228,,,
1995-06-29,411,256,,,
1995-06-30,394,217,,,
1995-07-01,400,217,,,
1995-07-02,389,233,,,
1995-07-03,356,194,,,
1995-07-04,383,194,,,
1995-07-05,406,228,,,
1995-07-06,406,211,,,
1995-07-07,444,239,,,
1995-07-08,450,239,,,
1995-07-09,439,239,,,
1995-07-10,428,250,,,
1995-07-11,411,233,,,
1995-07-12,394,233,,,
1995-07-13,367,217,,,
1995-07-14,378,228,,,
1995-07-15,356,222,,,
1995-07-16,306,239,,,
1995-07-17,367,217,,,
1995-07-18,317,261,,,
1995-07-19,394,211,,,
1995-07-20,406,267,,,
1995-07-21,400,256,,,
1995-07-22,394,217,,,
1995-07-23,406,194,,,
1995-07-24,428,200,,,
1995-07-25,450,217,,,
1995-07-26,456,217,,,
1995-07-27,472,244,,,
1995-07-28,489,250,,,
1995-07-29,461,294,,,
1995-07-30,433,256,,,
1995-07-31,433,272,,,
1995-08-01,439,256,,,
1995-08-02,444,261,,,
1995-08-03,444,250,,,
1995-08-04,444,289,,,
1995-08-05,444,267,,,
1995-08-06,450,267,,,
1995-08-07,444,272,,,
1995-08-08,433,278,,,
1995-08-09,433,261,,,
1995-08-10,439,283,,,
1995-08-11,406,233,,,
1995-08-12,378,233,,,
1995-08-13,428,244,,,
1995-08-14,383,217,,,
1995-08-15,322,222,,,
1995-08-16,344,228,,,
1995-08-17,378,233,,,
1995-08-18,394,239,,,
1995-08-19,372,217,,,
1995-08-20,383,211,,,
1995-08-21,372,222,,,
1995-08-22,383,244,,,
1995-08-23,394,250,,,
1995-08-24,367,250,,,
1995-08-25,378,239,,,
1995-08-26,400,233,,,
1995-08-27,394,222,,,
1995-08-28,406,233,,,
1995-08-29,411,272,,,
1995-08-30,422,244,,,
1995-08-31,439,267,,,
1995-09-01,428,272,,,
1995-09-02,406,267,,,
1995-09-03,417,244,,,
1995-09-04,411,228,,,
1995-09-05,389,250,,,
1995-09-06,406,256,,,
1995-09-07,372,250,,,
1995-09-08,383,228,,,
1995-09-09,339,222,,,
1995-09-10,367,194,,,
1995-09-11,378,217,,,
1995-09-12,406,206,,,
1995-09-13,411,211,,,
1995-09-14,394,244,,,
1995-09-15,333,228,,,
1995-09-16,356,194,,,
1995-09-17,372,228,,,
1995-09-18,344,200,,,
1995-09-19,361,167,,,
1995-09-20,372,200,,,
1995-09-21,378,206,,,
1995-09-22,333,222,,,
1995-09-23,344,200,,,
1995-09-24,350,194,,,
1995-09-25,361,189,,,
1995-09-26,361,194,,,
1995-09-27,339,194,,,
1995-09-28,306,178,,,
1995-09-29,300,183,,,
1995-09-30,306,144,,,
1995-10-01,328,144,,,
1995-10-02,344,133,,,
1995-10-03,339,139,,,
1995-10-04,328,133,,,
1995-10-05,289,156,,,
1995-10-06,317,117,,,
1995-10-07,328,128,,,
1995-10-08,322,122,,,
1995-10-09,344,128,,,
1995-10-10,350,133,,,
1995-10-11,372,133,,,
1995-10-12,367,156,,,
1995-10-13,339,150,,,
1995-10-14,350,150,,,
1995-10-15,356,161,,,
1995-10-16,344,161,,,
1995-10-17,328,144,,,
1995-10-18,333,133,,,
1995-10-19,333,122,,,
1995-10-20,328,133,,,
1995-10-21,322,139,,,
1995-10-22,267,133,,,
1995-10-23,250,128,,,
1995-10-24,278,106,,,
1995-10-25,278,83,,,
1995-10-26,272,89,,,
1995-10-27,300,111,,,
1995-10-28,278,172,,,
1995-10-29,278,150,,,
1995-10-30,211,144,,,
1995-10-31,233,144,,,
1995-11-01,217,122,,,
1995-11-02,233,117,,,
1995-11-03,256,94,,,
1995-11-04,250,106,,,
1995-11-05,172,94,,,
1995-11-06,217,122,,,
1995-11-07,244,100,,,
1995-11-08,267,94,,,
1995-11-09,261,94,,,
1995-11-10,244,128,,,
1995-11-11,267,100,,,
1995-11-12,256,72,,,
1995-11-13,256,83,,,
1995-11-14,283,89,,,
1995-11-15,278,89,,,
1995-11-16,278,106,,,
1995-11-17,278,83,,,
1995-11-18,267,78,,,
1995-11-19,250,78,,,
1995-11-20,267,67,,,
1995-11-21,233,78,,,
1995-11-22,244,67,,,
1995-11-23,244,67,,,
1995-11-24,261,78,,,
1995-11-25,244,83,,,
1995-11-26,256,94,,,
1995-11-27,206,83,,,
1995-11-28,172,44,,,
1995-11-29,244,28,,,
1995-11-30,244,50,,,
1995-12-01,239,56,,,
1995-12-02,239,56,,,
1995-12-03,233,56,,,
1995-12-04,222,50,,,
1995-12-05,211,56,,,
1995-12-06,189,72,,,
1995-12-07,211,100,,,
1995-12-08,222,50,,,
1995-12-09,217,44,,,
1995-12-10,217,44,,,
1995-12-11,200,39,,,
1995-12-12,194,61,,,
1995-12-13,244,61,,,
1995-12-14,172,67,,,
1995-12-15,150,44,,,
1995-12-16,178,33,,,
1995-12-17,133,44,,,
1995-12-18,150,22,,,
1995-12-19,161,39,,,
1995-12-20,144,6,,,
1995-12-21,161,17,,,
1995-12-22,139,11,,,
1995-12-23,122,11,,,
1995-12-24,139,61,,,
1995-12-25,156,17,,,
1995-12-26,167,56,,,
1995-12-27,172,22,,,
1995-12-28,178,28,,,
1995-12-29,167,17,,,
1995-12-30,178,44,,,
1995-12-31,167,28,,,
1996-01-01,178,67,,,
1996-01-02,156,44,,,
1996-01-03,150,-6,,,
1996-01-04,194,0,,,
1996-01-05,144,6,,,
1996-01-06,211,11,,,
1996-01-07,250,44,,,
1996-01-08,217,39,,,
1996-01-09,206,22,,,
1996-01-10,217,44,,,
1996-01-11,244,61,,,
1996-01-12,239,61,,,
1996-01-13,222,44,,,
1996-01-14,222,22,,,
1996-01-15,189,28,,,
1996-01-16,228,33,,,
1996-01-17,189,83,,,
1996-01-18,156,33,,,
1996-01-19,161,0,,,
1996-01-20,189,22,,,
1996-01-21,139,11,,,
1996-01-22,128,28,,,
1996-01-23,133,11,,,
1996-01-24,161,-17,,,
1996-01-25,50,-17,,,
1996-01-26,194,56,,,
1996-01-27,167,28,,,
1996-01-28,200,33,,,
1996-01-29,172,33,,,
1996-01-30,172,39,,,
1996-01-31,222,67,,,
1996-02-01,133,83,,,
1996-02-02,178,83,,,
1996-02-03,189,61,,,
1996-02-05,150,117,,,
1996-02-06,267,83,,,
1996-02-07,272,83,,,
1996-02-08,289,72,,,
1996-02-09,272,61,,,
1996-02-10,267,61,,,
1996-02-11,217,94,,,
1996-02-12,189,144,,,
1996-02-13,228,100,,,
1996-02-14,233,67,,,
1996-02-15,250,72,,,
1996-02-16,256,89,,,
1996-02-17,261,72,,,
1996-02-18,250,72,,,
1996-02-19,250,83,,,
1996-02-20,250,144,,,
1996-02-21,267,150,,,
1996-02-22,200,111,,,
1996-02-23,200,67,,,
1996-02-24,200,61,,,
1996-02-25,178,61,,,
1996-02-26,100,33,,,
1996-02-27,133,17,,,
1996-02-28,156,28,,,
1996-02-29,178,44,,,
1996-03-01,189,39,,,
1996-03-02,239,22,,,
1996-03-03,206,44,,,
1996-03-04,239,117,,,
1996-03-05,217,117,,,
1996-03-06,211,94,,,
1996-03-07,211,56,,,
1996-03-08,267,56,,,
1996-03-09,289,72,,,
1996-03-10,272,94,,,
1996-03-11,272,83,,,
1996-03-12,256,122,,,
1996-03-13,156,78,,,
1996-03-14,167,72,,,
1996-03-15,206,67,,,
1996-03-16,222,61,,,
1996-03-17,239,83,,,
1996-03-18,272,83,,,
1996-03-19,283,89,,,
1996-03-20,306,100,,,
1996-03-21,278,100,,,
1996-03-22,294,106,,,
1996-03-23,211,128,,,
1996-03-24,200,50,,,
1996-03-25,239,61,,,
1996-03-26,256,72,,,
1996-03-27,267,94,,,
1996-03-28,261,83,,,
1996-03-29,183,89,,,
1996-03-30,267,56,,,
1996-03-31,306,67,,,
1996-04-01,322,100,,,
1996-04-02,283,94,,,
1996-04-03,261,100,,,
1996-04-04,261,122,,,
1996-04-05,228,94,,,
1996-04-06,250,67,,,
1996-04-07,294,83,,,
1996-04-08,300,100,,,
1996-04-09,339,128,,,
1996-04-10,272,139,,,
1996-04-11,244,106,,,
1996-04-12,272,78,,,
1996-04-13,250,150,,,
1996-04-14,267,94,,,
1996-04-15,306,106,,,
1996-04-16,311,106,,,
1996-04-17,283,139,,,
1996-04-18,278,189,,,
1996-04-19,272,128,,,
1996-04-20,261,100,,,
1996-04-21,272,100,,,
1996-04-22,317,106,,,
1996-04-23,350,106,,,
1996-04-24,356,144,,,
1996-04-25,350,167,,,
1996-04-26,372,161,,,
1996-04-27,367,178,,,
1996-04-28,322,183,,,
1996-04-29,317,150,,,
1996-04-30,339,106,,,
1996-05-01,350,144,,,
1996-05-02,350,183,,,
1996-05-03,356,167,,,
1996-05-04,350,172,,,
1996-05-05,350,144,,,
1996-05-06,372,161,,,
1996-05-07,367,161,,,
1996-05-08,361,156,,,
1996-05-09,339,200,,,
1996-05-10,383,167,,,
1996-05-11,422,161,,,
1996-05-12,428,178,,,
1996-05-13,394,200,,,
1996-05-14,383,200,,,
1996-05-15,361,194,,,
1996-05-16,361,206,,,
1996-05-17,356,222,,,
1996-05-18,378,189,,,
1996-05-19,367,250,,,
1996-05-20,361,222,,,
1996-05-21,361,167,,,
1996-05-22,344,183,,,
1996-05-23,311,183,,,
1996-05-24,278,183,,,
1996-05-25,256,122,,,
1996-05-26,250,122,,,
1996-05-27,317,139,,,
1996-05-28,333,178,,,
1996-05-29,350,161,,,
1996-05-30,339,167,,,
1996-05-31,344,161,,,
1996-06-01,383,156,,,
1996-06-02,417,183,,,
1996-06-03,444,200,,,
1996-06-04,422,222,,,
1996-06-05,428,228,,,
1996-06-06,422,217,,,
1996-06-07,406,239,,,
1996-06-08,428,244,,,
1996-06-09,411,239,,,
1996-06-10,411,233,,,
1996-06-11,406,233,,,
1996-06-12,394,272,,,
1996-06-13,361,267,,,
1996-06-14,389,233,,,
1996-06-15,394,211,,,
1996-06-16,411,217,,,
1996-06-17,411,228,,,
1996-06-18,411,222,,,
1996-06-19,422,233,,,
1996-06-20,378,250,,,
1996-06-21,411,250,,,
1996-06-22,389,217,,,
1996-06-23,394,194,,,
1996-06-24,400,194,,,
1996-06-25,394,228,,,
1996-06-26,322,250,,,
1996-06-27,356,222,,,
1996-06-28,372,206,,,
1996-06-29,422,211,,,
1996-06-30,411,256,,,
1996-07-01,428,233,,,
1996-07-02,433,256,,,
1996-07-03,400,244,,,
1996-07-04,417,233,,,
1996-07-05,428,272,,,
1996-07-06,428,283,,,
1996-07-07,422,261,,,
1996-07-08,400,256,,,
1996-07-09,350,228,,,
1996-07-10,372,256,,,
1996-07-11,394,222,,,
1996-07-12,394,233,,,
1996-07-13,406,239,,,
1996-07-14,372,222,,,
1996-07-15,306,222,,,
1996-07-16,322,244,,,
1996-07-17,383,244,,,
1996-07-18,406,233,,,
1996-07-19,433,233,,,
1996-07-20,411,256,,,
1996-07-21,406,289,,,
1996-07-22,411,289,,,
1996-07-23,422,283,,,
1996-07-24,411,289,,,
1996-07-25,411,217,,,
1996-07-26,389,222,,,
1996-07-27,411,222,,,
1996-07-28,394,217,,,
1996-07-29,422,261,,,
1996-07-30,400,244,,,
1996-07-31,444,239,,,
1996-08-01,406,250,,,
1996-08-02,372,261,,,
1996-08-03,389,250,,,
1996-08-04,383,272,,,
1996-08-05,383,233,,,
1996-08-06,394,233,,,
1996-08-07,422,233,,,
1996-08-08,411,244,,,
1996-08-09,350,256,,,
1996-08-10,400,256,,,
1996-08-11,422,278,,,
1996-08-12,439,261,,,
1996-08-13,450,261,,,
1996-08-14,411,283,,,
1996-08-15,411,233,,,
1996-08-16,428,250,,,
1996-08-17,383,272,,,
1996-08-18,389,261,,,
1996-08-19,372,233,,,
1996-08-20,372,267,,,
1996-08-21,406,222,,,
1996-08-22,389,217,,,
1996-08-23,361,244,,,
1996-08-24,389,244,,,
1996-08-25,400,250,,,
1996-08-26,394,244,,,
1996-08-27,383,244,,,
1996-08-28,400,239,,,
1996-08-29,378,244,,,
1996-08-30,367,228,,,
1996-08-31,372,244,,,
1996-09-01,356,267,,,
1996-09-02,339,194,,,
1996-09-03,333,217,,,
1996-09-04,322,228,,,
1996-09-05,311,211,,,
1996-09-06,361,206,,,
1996-09-07,372,206,,,
1996-09-08,378,222,,,
1996-09-09,383,222,,,
1996-09-10,311,200,,,
1996-09-11,278,189,,,
1996-09-12,339,172,,,
1996-09-13,350,189,,,
1996-09-14,306,167,,,
1996-09-15,300,156,,,
1996-09-16,306,172,,,
1996-09-17,306,189,,,
1996-09-18,300,183,,,
1996-09-19,306,178,,,
1996-09-20,333,161,,,
1996-09-21,361,172,,,
1996-09-22,350,183,,,
1996-09-23,356,167,,,
1996-09-24,272,178,,,
1996-09-25,328,156,,,
1996-09-26,311,200,,,
1996-09-27,328,200,,,
1996-09-28,333,128,,,
1996-09-29,350,161,,,
1996-09-30,361,172,,,
1996-10-01,356,183,,,
1996-10-02,356,183,,,
1996-10-03,350,189,,,
1996-10-04,350,194,,,
1996-10-05,356,194,,,
1996-10-06,356,194,,,
1996-10-07,361,183,,,
1996-10-08,378,161,,,
1996-10-09,378,178,,,
1996-10-10,383,183,,,
1996-10-11,372,183,,,
1996-10-12,361,172,,,
1996-10-13,328,161,,,
1996-10-14,283,200,,,
1996-10-15,311,150,,,
1996-10-16,311,156,,,
1996-10-17,311,178,,,
1996-10-18,322,133,,,
1996-10-19,283,172,,,
1996-10-20,239,156,,,
1996-10-21,183,89,,,
1996-10-22,222,67,,,
1996-10-23,244,67,,,
1996-10-24,250,61,,,
1996-10-25,194,94,,,
1996-10-26,128,72,,,
1996-10-27,172,72,,,
1996-10-28,183,67,,,
1996-10-29,194,39,,,
1996-10-30,250,50,,,
1996-10-31,211,89,,,
1996-11-01,233,56,,,
1996-11-02,222,111,,,
1996-11-03,206,106,,,
1996-11-04,244,56,,,
1996-11-05,250,61,,,
1996-11-06,233,72,,,
1996-11-07,233,61,,,
1996-11-08,267,78,,,
1996-11-09,289,78,,,
1996-11-10,278,89,,,
1996-11-11,233,72,,,
1996-11-12,278,67,,,
1996-11-13,256,72,,,
1996-11-14,233,83,,,
1996-11-15,244,111,,,
1996-11-16,172,61,,,
1996-11-17,211,33,,,
1996-11-18,233,50,,,
1996-11-19,244,67,,,
1996-11-20,272,78,,,
1996-11-21,267,72,,,
1996-11-22,272,117,,,
1996-11-23,189,94,,,
1996-11-24,211,61,,,
1996-11-25,211,50,,,
1996-11-26,222,72,,,
1996-11-27,211,83,,,
1996-11-28,200,78,,,
1996-11-29,111,28,,,
1996-11-30,144,17,,,
1996-12-01,150,0,,,
1996-12-02,172,0,,,
1996-12-03,172,-6,,,
1996-12-04,172,0,,,
1996-12-05,178,11,,,
1996-12-06,206,61,,,
1996-12-07,222,78,,,
1996-12-08,206,67,,,
1996-12-09,228,67,,,
1996-12-10,222,133,,,
1996-12-11,217,100,,,
1996-12-12,233,72,,,
1996-12-13,222,56,,,
1996-12-14,222,61,,,
1996-12-15,150,56,,,
1996-12-16,156,-6,,,
1996-12-17,144,6,,,
1996-12-18,111,6,,,
1996-12-19,144,-28,,,
1996-12-20,161,-28,,,
1996-12-21,189,17,,,
1996-12-22,178,11,,,
1996-12-23,183,67,,,
1996-12-24,189,22,,,
1996-12-25,189,44,,,
1996-12-26,144,0,,,
1996-12-27,161,17,,,
1996-12-28,200,72,,,
1996-12-29,194,33,,,
1996-12-30,200,44,,,
1996-12-31,156,89,,,
1997-01-01,206,67,,,
1997-01-02,222,72,,,
1997-01-03,189,100,,,
1997-01-04,150,89,,,
1997-01-05,139,83,,,
1997-01-06,67,22,,,
1997-01-07,94,-11,,,
1997-01-08,122,-11,,,
1997-01-09,133,-17,,,
1997-01-10,122,-11,,,
1997-01-11,167,0,,,
1997-01-12,144,50,,,
1997-01-13,106,56,,,
1997-01-14,89,28,,,
1997-01-15,122,0,,,
1997-01-16,89,6,,,
1997-01-17,167,28,,,
1997-01-18,172,39,,,
1997-01-19,172,17,,,
1997-01-20,139,50,,,
1997-01-21,189,44,,,
1997-01-22,111,22,,,
1997-01-23,156,56,,,
1997-01-24,194,33,,,
1997-01-25,167,39,,,
1997-01-26,133,89,,,
1997-01-27,200,83,,,
1997-01-28,167,50,,,
1997-01-29,211,44,,,
1997-01-30,222,83,,,
1997-01-31,222,39,,,
1997-02-01,217,50,,,
1997-02-02,217,50,,,
1997-02-03,211,50,,,
1997-02-04,200,44,,,
1997-02-05,222,39,,,
1997-02-06,139,22,,,
1997-02-07,172,-6,,,
1997-02-08,189,28,,,
1997-02-09,206,39,,,
1997-02-10,222,22,,,
1997-02-11,178,44,,,
1997-02-12,183,28,,,
1997-02-13,178,44,,,
1997-02-14,211,22,,,
1997-02-15,233,22,,,
1997-02-16,228,56,,,
1997-02-17,228,78,,,
1997-02-18,222,89,,,
1997-02-19,244,44,,,
1997-02-20,228,50,,,
1997-02-21,183,61,,,
1997-02-22,200,11,,,
1997-02-23,211,22,,,
1997-02-24,200,44,,,
1997-02-25,128,50,,,
1997-02-26,172,22,,,
1997-02-27,94,33,,,
1997-02-28,111,33,,,
1997-03-01,161,17,,,
1997-03-02,189,22,,,
1997-03-03,217,22,,,
1997-03-04,222,56,,,
1997-03-05,228,44,,,
1997-03-06,250,44,,,
1997-03-07,272,50,,,
1997-03-08,272,56,,,
1997-03-09,300,61,,,
1997-03-10,294,78,,,
1997-03-11,317,72,,,
1997-03-12,294,106,,,
1997-03-13,272,83,,,
1997-03-14,294,89,,,
1997-03-15,300,83,,,
1997-03-16,300,94,,,
1997-03-17,267,122,,,
1997-03-18,322,83,,,
1997-03-19,317,100,,,
1997-03-20,333,106,,,
1997-03-21,328,100,,,
1997-03-22,311,122,,,
1997-03-23,294,100,,,
1997-03-24,250,94,,,
1997-03-25,233,111,,,
1997-03-26,222,100,,,
1997-03-27,256,61,,,
1997-03-28,278,89,,,
1997-03-29,278,89,,,
1997-03-30,278,94,,,
1997-03-31,256,156,,,
1997-04-01,244,128,,,
1997-04-02,189,117,,,
1997-04-03,133,67,,,
1997-04-04,128,56,,,
1997-04-05,183,83,,,
1997-04-06,233,83,,,
1997-04-07,250,72,,,
1997-04-08,272,89,,,
1997-04-09,267,100,,,
1997-04-10,211,106,,,
1997-04-11,222,100,,,
1997-04-12,233,78,,,
1997-04-13,239,89,,,
1997-04-14,272,61,,,
1997-04-15,306,78,,,
1997-04-16,328,100,,,
1997-04-17,306,128,,,
1997-04-18,322,117,,,
1997-04-19,317,144,,,
1997-04-20,306,139,,,
1997-04-21,328,161,,,
1997-04-22,333,172,,,
1997-04-23,294,161,,,
1997-04-24,228,139,,,
1997-04-25,261,100,,,
1997-04-26,278,106,,,
1997-04-27,311,156,,,
1997-04-28,322,150,,,
1997-04-29,294,156,,,
1997-04-30,322,161,,,
1997-05-01,294,156,,,
1997-05-02,322,139,,,
1997-05-03,356,128,,,
1997-05-04,372,172,,,
1997-05-05,372,172,,,
1997-05-06,372,172,,,
1997-05-07,372,189,,,
1997-05-08,367,183,,,
1997-05-09,367,172,,,
1997-05-10,339,211,,,
1997-05-11,344,183,,,
1997-05-12,361,194,,,
1997-05-13,350,183,,,
1997-05-14,350,250,,,
1997-05-15,389,189,,,
1997-05-16,394,233,,,
1997-05-17,272,244,,,
1997-05-18,372,228,,,
1997-05-19,367,194,,,
1997-05-20,311,172,,,
1997-05-21,333,161,,,
1997-05-22,356,183,,,
1997-05-23,339,183,,,
1997-05-24,328,183,,,
1997-05-25,328,183,,,
1997-05-26,344,178,,,
1997-05-27,367,167,,,
1997-05-28,383,178,,,
1997-05-29,400,183,,,
1997-05-30,411,206,,,
1997-05-31,411,222,,,
1997-06-01,417,194,,,
1997-06-02,400,194,,,
1997-06-03,400,189,,,
1997-06-04,400,200,,,
1997-06-05,372,194,,,
1997-06-06,278,200,,,
1997-06-07,294,167,,,
1997-06-08,328,156,,,
1997-06-09,372,183,,,
1997-06-10,372,217,,,
1997-06-11,372,206,,,
1997-06-12,356,228,,,
1997-06-13,339,206,,,
1997-06-14,333,183,,,
1997-06-15,322,172,,,
1997-06-16,361,161,,,
1997-06-17,400,200,,,
1997-06-18,422,217,,,
1997-06-19,422,217,,,
1997-06-20,394,206,,,
1997-06-21,400,194,,,
1997-06-22,389,211,,,
1997-06-23,389,206,,,
1997-06-24,372,194,,,
1997-06-25,411,250,,,
1997-06-26,411,200,,,
1997-06-27,400,217,,,
1997-06-28,394,217,,,
1997-06-29,400,206,,,
1997-06-30,394,211,,,
1997-07-01,428,183,,,
1997-07-02,422,189,,,
1997-07-03,439,228,,,
1997-07-04,422,222,,,
1997-07-05,417,244,,,
1997-07-06,417,244,,,
1997-07-07,417,228,,,
1997-07-08,422,244,,,
1997-07-09,411,233,,,
1997-07-10,389,228,,,
1997-07-11,378,222,,,
1997-07-12,394,228,,,
1997-07-13,411,206,,,
1997-07-14,439,222,,,
1997-07-15,456,261,,,
1997-07-16,433,283,,,
1997-07-17,428,267,,,
1997-07-18,411,272,,,
1997-07-19,378,256,,,
1997-07-20,367,228,,,
1997-07-21,350,256,,,
1997-07-22,311,267,,,
1997-07-23,406,228,,,
1997-07-24,428,228,,,
1997-07-25,433,256,,,
1997-07-26,406,283,,,
1997-07-27,383,250,,,
1997-07-28,394,261,,,
1997-07-29,383,267,,,
1997-07-30,389,256,,,
1997-07-31,406,267,,,
1997-08-01,433,267,,,
1997-08-02,372,272,,,
1997-08-03,317,233,,,
1997-08-04,411,233,,,
1997-08-05,433,233,,,
1997-08-06,389,233,,,
1997-08-07,406,256,,,
1997-08-08,400,233,,,
1997-08-09,367,228,,,
1997-08-10,372,250,,,
1997-08-11,400,250,,,
1997-08-12,400,267,,,
1997-08-13,400,267,,,
1997-08-14,406,239,,,
1997-08-15,372,211,,,
1997-08-16,383,261,,,
1997-08-17,344,228,,,
1997-08-18,389,200,,,
1997-08-19,406,239,,,
1997-08-20,439,250,,,
1997-08-21,411,250,,,
1997-08-22,428,250,,,
1997-08-23,433,261,,,
1997-08-24,406,228,,,
1997-08-25,389,239,,,
1997-08-26,372,239,,,
1997-08-27,411,228,,,
1997-08-28,406,250,,,
1997-08-29,361,228,,,
1997-08-30,378,211,,,
1997-08-31,356,233,,,
1997-09-01,306,261,,,
1997-09-04,411,306,,,
1997-09-05,400,272,,,
1997-09-06,361,239,,,
1997-09-07,406,256,,,
1997-09-08,406,256,,,
1997-09-09,406,239,,,
1997-09-10,411,239,,,
1997-09-11,367,233,,,
1997-09-12,361,211,,,
1997-09-13,372,239,,,
1997-09-14,389,239,,,
1997-09-15,356,250,,,
1997-09-16,383,239,,,
1997-09-17,394,233,,,
1997-09-18,400,222,,,
1997-09-19,406,233,,,
1997-09-20,389,228,,,
1997-09-21,367,239,,,
1997-09-22,333,217,,,
1997-09-23,367,189,,,
1997-09-24,328,206,,,
1997-09-25,317,250,,,
1997-09-26,328,211,,,
1997-09-27,378,194,,,
1997-09-28,389,211,,,
1997-09-29,383,206,,,
1997-09-30,394,244,,,
1997-10-01,400,250,,,
1997-10-02,372,244,,,
1997-10-03,361,233,,,
1997-10-04,372,194,,,
1997-10-05,372,183,,,
1997-10-06,367,194,,,
1997-10-07,267,122,,,
1997-10-08,267,106,,,
1997-10-09,328,122,,,
1997-10-10,344,161,,,
1997-10-11,222,122,,,
1997-10-12,217,100,,,
1997-10-13,278,111,,,
1997-10-14,311,128,,,
1997-10-15,328,128,,,
1997-10-16,317,139,,,
1997-10-17,328,133,,,
1997-10-18,328,117,,,
1997-10-19,311,122,,,
1997-10-20,294,122,,,
1997-10-21,272,128,,,
1997-10-22,233,128,,,
1997-10-23,244,111,,,
1997-10-24,217,111,,,
1997-10-25,200,50,,,
1997-10-26,222,78,,,
1997-10-27,206,83,,,
1997-10-28,256,72,,,
1997-10-29,261,89,,,
1997-10-30,261,94,,,
1997-10-31,272,94,,,
1997-11-01,311,100,,,
1997-11-02,289,122,,,
1997-11-03,294,100,,,
1997-11-04,272,111,,,
1997-11-05,294,94,,,
1997-11-06,283,78,,,
1997-11-07,283,89,,,
1997-11-08,278,78,,,
1997-11-09,244,111,,,
1997-11-10,239,100,,,
1997-11-11,167,117,,,
1997-11-12,167,106,,,
1997-11-13,189,83,,,
1997-11-14,172,83,,,
1997-11-15,194,50,,,
1997-11-16,189,39,,,
1997-11-17,211,50,,,
1997-11-18,211,44,,,
1997-11-19,217,50,,,
1997-11-20,217,67,,,
1997-11-21,228,50,,,
1997-11-22,222,56,,,
1997-11-23,239,50,,,
1997-11-24,217,44,,,
1997-11-25,211,56,,,
1997-11-26,183,100,,,
1997-11-27,161,72,,,
1997-11-28,200,50,,,
1997-11-29,206,44,,,
1997-11-30,156,28,,,
1997-12-01,133,61,,,
1997-12-02,139,61,,,
1997-12-03,172,56,,,
1997-12-04,167,33,,,
1997-12-05,178,11,,,
1997-12-06,161,28,,,
1997-12-07,156,89,,,
1997-12-08,150,61,,,
1997-12-09,122,39,,,
1997-12-10,117,0,,,
1997-12-11,133,28,,,
1997-12-12,156,11,,,
1997-12-13,178,-11,,,
1997-12-14,172,6,,,
1997-12-15,178,-6,,,
1997-12-16,194,0,,,
1997-12-17,183,-6,,,
1997-12-18,161,11,,,
1997-12-19,161,22,,,
1997-12-20,156,78,,,
1997-12-21,150,72,,,
1997-12-22,83,50,,,
1997-12-23,106,33,,,
1997-12-24,111,11,,,
1997-12-25,78,6,,,
1997-12-26,128,-22,,,
1997-12-27,117,-11,,,
1997-12-28,139,6,,,
1997-12-29,183,0,,,
1997-12-30,211,33,,,
1997-12-31,200,33,,,
1998-01-01,206,39,,,
1998-01-02,200,67,,,
1998-01-03,183,89,,,
1998-01-04,178,72,,,
1998-01-05,150,44,,,
1998-01-06,150,0,,,
1998-01-07,156,0,,,
1998-01-08,128,0,,,
1998-01-09,133,-11,,,
1998-01-10,106,50,,,
1998-01-11,139,44,,,
1998-01-12,150,22,,,
1998-01-13,161,33,,,
1998-01-14,172,28,,,
1998-01-15,156,6,,,
1998-01-16,211,83,,,
1998-01-17,211,50,,,
1998-01-18,194,39,,,
1998-01-19,206,39,,,
1998-01-20,172,72,,,
1998-01-21,172,61,,,
1998-01-22,183,22,,,
1998-01-23,211,17,,,
1998-01-24,217,17,,,
1998-01-25,211,28,,,
1998-01-26,211,22,,,
1998-01-27,178,39,,,
1998-01-28,217,33,,,
1998-01-29,217,28,,,
1998-01-30,183,50,,,
1998-01-31,189,28,,,
1998-02-01,200,17,,,
1998-02-02,200,28,,,
1998-02-03,211,39,,,
1998-02-04,94,39,,,
1998-02-05,167,33,,,
1998-02-06,194,28,,,
1998-02-07,172,78,,,
1998-02-08,100,72,,,
1998-02-09,133,44,,,
1998-02-10,167,39,,,
1998-02-11,167,28,,,
1998-02-12,200,22,,,
1998-02-13,139,28,,,
1998-02-14,144,33,,,
1998-02-15,117,50,,,
1998-02-16,133,44,,,
1998-02-17,111,22,,,
1998-02-18,133,39,,,
1998-02-19,144,22,,,
1998-02-20,89,44,,,
1998-02-21,139,44,,,
1998-02-22,189,39,,,
1998-02-23,228,39,,,
1998-02-24,200,44,,,
1998-02-25,128,39,,,
1998-02-26,128,11,,,
1998-02-27,144,22,,,
1998-02-28,161,0,,,
1998-03-01,200,11,,,
1998-03-02,228,22,,,
1998-03-03,222,33,,,
1998-03-04,228,39,,,
1998-03-05,233,61,,,
1998-03-06,189,83,,,
1998-03-07,128,39,,,
1998-03-08,189,6,,,
1998-03-09,217,17,,,
1998-03-10,250,39,,,
1998-03-11,256,61,,,
1998-03-12,250,78,,,
1998-03-13,211,78,,,
1998-03-14,167,89,,,
1998-03-15,122,83,,,
1998-03-16,189,83,,,
1998-03-17,200,83,,,
1998-03-18,211,83,,,
1998-03-19,233,39,,,
1998-03-20,244,39,,,
1998-03-21,261,72,,,
1998-03-22,272,72,,,
1998-03-23,294,94,,,
1998-03-24,311,94,,,
1998-03-25,283,122,,,
1998-03-26,172,78,,,
1998-03-27,167,89,,,
1998-03-28,167,44,,,
1998-03-29,89,28,,,
1998-03-30,122,11,,,
1998-03-31,178,22,,,
1998-04-01,161,28,,,
1998-04-02,150,28,,,
1998-04-03,233,22,,,
1998-04-04,217,50,,,
1998-04-05,228,44,,,
1998-04-06,194,100,,,
1998-04-07,172,72,,,
1998-04-08,206,39,,,
1998-04-09,250,50,,,
1998-04-10,300,61,,,
1998-04-11,272,89,,,
1998-04-12,167,94,,,
1998-04-13,222,50,,,
1998-04-14,200,67,,,
1998-04-15,150,50,,,
1998-04-16,172,28,,,
1998-04-17,228,33,,,
1998-04-18,256,67,,,
1998-04-19,283,67,,,
1998-04-20,328,89,,,
1998-04-21,328,111,,,
1998-04-22,344,117,,,
1998-04-23,328,133,,,
1998-04-24,289,144,,,
1998-04-25,233,106,,,
1998-04-26,222,94,,,
1998-04-27,283,94,,,
1998-04-28,289,111,,,
1998-04-29,300,122,,,
1998-04-30,333,128,,,
1998-05-01,322,128,,,
1998-05-02,306,122,,,
1998-05-03,317,117,,,
1998-05-04,289,133,,,
1998-05-05,289,128,,,
1998-05-06,272,167,,,
1998-05-07,300,117,,,
1998-05-08,244,144,,,
1998-05-09,300,117,,,
1998-05-10,306,128,,,
1998-05-11,306,122,,,
1998-05-12,283,133,,,
1998-05-13,222,128,,,
1998-05-14,233,111,,,
1998-05-15,283,83,,,
1998-05-16,333,94,,,
1998-05-17,344,133,,,
1998-05-18,383,133,,,
1998-05-19,361,167,,,
1998-05-20,311,200,,,
1998-05-21,306,156,,,
1998-05-22,306,117,,,
1998-05-23,317,128,,,
1998-05-24,333,139,,,
1998-05-25,339,150,,,
1998-05-26,322,167,,,
1998-05-27,339,150,,,
1998-05-28,372,161,,,
1998-05-29,361,172,,,
1998-05-30,356,161,,,
1998-05-31,372,172,,,
1998-06-01,383,167,,,
1998-06-02,389,178,,,
1998-06-03,322,183,,,
1998-06-04,289,161,,,
1998-06-05,339,133,,,
1998-06-06,378,144,,,
1998-06-07,311,189,,,
1998-06-08,317,139,,,
1998-06-09,333,167,,,
1998-06-10,328,150,,,
1998-06-11,328,178,,,
1998-06-12,367,200,,,
1998-06-13,322,183,,,
1998-06-14,344,150,,,
1998-06-15,372,178,,,
1998-06-16,372,211,,,
1998-06-17,339,217,,,
1998-06-18,383,189,,,
1998-06-19,394,172,,,
1998-06-20,389,200,,,
1998-06-21,400,206,,,
1998-06-22,383,211,,,
1998-06-23,389,194,,,
1998-06-24,394,200,,,
1998-06-25,411,183,,,
1998-06-26,406,194,,,
1998-06-27,417,206,,,
1998-06-28,444,217,,,
1998-06-29,439,222,,,
1998-06-30,422,239,,,
1998-07-01,433,206,,,
1998-07-02,428,244,,,
1998-07-03,422,300,,,
1998-07-04,411,261,,,
1998-07-05,339,261,,,
1998-07-06,356,239,,,
1998-07-07,378,211,,,
1998-07-08,389,217,,,
1998-07-09,400,222,,,
1998-07-10,433,239,,,
1998-07-11,450,250,,,
1998-07-12,433,261,,,
1998-07-13,428,261,,,
1998-07-14,439,261,,,
1998-07-15,467,250,,,
1998-07-16,450,267,,,
1998-07-17,422,239,,,
1998-07-18,422,228,,,
1998-07-19,378,250,,,
1998-07-20,367,250,,,
1998-07-21,333,278,,,
1998-07-22,339,250,,,
1998-07-23,339,239,,,
1998-07-24,378,233,,,
1998-07-25,417,233,,,
1998-07-26,433,261,,,
1998-07-27,428,294,,,
1998-07-28,422,267,,,
1998-07-29,400,267,,,
1998-07-30,417,244,,,
1998-07-31,378,244,,,
1998-08-01,389,222,,,
1998-08-02,417,261,,,
1998-08-03,456,250,,,
1998-08-04,450,256,,,
1998-08-05,406,283,,,
1998-08-06,406,261,,,
1998-08-07,422,267,,,
1998-08-08,422,244,,,
1998-08-09,394,283,,,
1998-08-10,394,256,,,
1998-08-11,417,239,,,
1998-08-12,394,222,,,
1998-08-13,394,217,,,
1998-08-14,400,239,,,
1998-08-15,400,217,,,
1998-08-16,394,217,,,
1998-08-17,389,222,,,
1998-08-18,372,222,,,
1998-08-19,400,233,,,
1998-08-20,400,239,,,
1998-08-21,328,228,,,
1998-08-22,417,256,,,
1998-08-23,417,250,,,
1998-08-24,378,233,,,
1998-08-25,378,233,,,
1998-08-26,406,244,,,
1998-08-27,428,261,,,
1998-08-28,444,261,,,
1998-08-29,411,250,,,
1998-08-30,422,250,,,
1998-08-31,411,256,,,
1998-09-01,400,250,,,
1998-09-02,400,256,,,
1998-09-03,344,244,,,
1998-09-04,278,211,,,
1998-09-05,261,200,,,
1998-09-06,328,206,,,
1998-09-07,406,222,,,
1998-09-08,378,233,,,
1998-09-09,367,217,,,
1998-09-10,372,228,,,
1998-09-11,311,239,,,
1998-09-12,389,222,,,
1998-09-13,394,222,,,
1998-09-14,389,211,,,
1998-09-15,400,206,,,
1998-09-16,383,233,,,
1998-09-17,394,217,,,
1998-09-18,400,217,,,
1998-09-19,394,206,,,
1998-09-20,367,222,,,
1998-09-21,350,178,,,
1998-09-22,328,206,,,
1998-09-23,356,200,,,
1998-09-24,356,178,,,
1998-09-25,328,167,,,
1998-09-26,333,156,,,
1998-09-27,356,167,,,
1998-09-28,378,206,,,
1998-09-29,367,200,,,
1998-09-30,339,167,,,
1998-10-01,317,150,,,
1998-10-02,328,156,,,
1998-10-03,328,150,,,
1998-10-04,300,189,,,
1998-10-05,294,161,,,
1998-10-06,317,122,,,
1998-10-07,344,117,,,
1998-10-08,361,144,,,
1998-10-09,356,144,,,
1998-10-10,333,133,,,
1998-10-11,333,111,,,
1998-10-12,361,128,,,
1998-10-13,372,156,,,
1998-10-14,339,150,,,
1998-10-15,283,117,,,
1998-10-16,228,122,,,
1998-10-17,267,67,,,
1998-10-18,317,111,,,
1998-10-19,339,139,,,
1998-10-20,311,206,,,
1998-10-21,233,183,,,
1998-10-22,250,183,,,
1998-10-23,272,150,,,
1998-10-24,289,150,,,
1998-10-25,244,156,,,
1998-10-26,222,133,,,
1998-10-27,239,94,,,
1998-10-28,256,78,,,
1998-10-29,267,83,,,
1998-10-30,206,122,,,
1998-10-31,222,100,,,
1998-11-01,244,89,,,
1998-11-02,250,83,,,
1998-11-03,244,83,,,
1998-11-04,256,72,,,
1998-11-05,250,72,,,
1998-11-06,239,61,,,
1998-11-07,222,94,,,
1998-11-08,239,100,,,
1998-11-09,172,89,,,
1998-11-10,178,28,,,
1998-11-11,139,33,,,
1998-11-12,194,83,,,
1998-11-13,250,78,,,
1998-11-14,272,67,,,
1998-11-15,267,83,,,
1998-11-16,261,67,,,
1998-11-17,267,78,,,
1998-11-18,261,56,,,
1998-11-19,222,44,,,
1998-11-20,239,78,,,
1998-11-21,222,50,,,
1998-11-22,228,44,,,
1998-11-23,239,50,,,
1998-11-24,244,61,,,
1998-11-25,244,50,,,
1998-11-26,233,50,,,
1998-11-27,233,56,,,
1998-11-28,139,94,,,
1998-11-29,156,61,,,
1998-11-30,194,44,,,
1998-12-01,222,56,,,
1998-12-02,139,89,,,
1998-12-03,183,72,,,
1998-12-04,194,50,,,
1998-12-05,150,72,,,
1998-12-06,100,17,,,
1998-12-07,106,0,,,
1998-12-08,150,-6,,,
1998-12-09,133,0,,,
1998-12-10,167,50,,,
1998-12-11,167,0,,,
1998-12-12,178,11,,,
1998-12-13,200,22,,,
1998-12-14,206,28,,,
1998-12-15,239,89,,,
1998-12-16,233,89,,,
1998-12-17,200,72,,,
1998-12-18,189,61,,,
1998-12-19,217,44,,,
1998-12-20,178,78,,,
1998-12-21,150,33,,,
1998-12-22,161,6,,,
1998-12-23,139,-6,,,
1998-12-24,150,-17,,,
1998-12-25,183,-6,,,
1998-12-26,150,6,,,
1998-12-27,189,22,,,
1998-12-28,200,22,,,
1998-12-29,183,22,,,
1998-12-30,244,56,,,
1998-12-31,206,44,,,
1999-01-01,211,50,,,
1999-01-02,194,11,,,
1999-01-03,183,6,,,
1999-01-04,189,0,,,
1999-01-05,178,0,,,
1999-01-06,217,11,,,
1999-01-07,172,28,,,
1999-01-08,183,-6,,,
1999-01-09,206,33,,,
1999-01-10,217,6,,,
1999-01-11,206,44,,,
1999-01-12,200,50,,,
1999-01-13,200,6,,,
1999-01-14,217,44,,,
1999-01-15,200,6,,,
1999-01-16,211,33,,,
1999-01-17,206,39,,,
1999-01-18,217,33,,,
1999-01-19,222,61,,,
1999-01-20,206,56,,,
1999-01-21,183,100,,,
1999-01-22,183,33,,,
1999-01-23,200,6,,,
1999-01-24,183,50,,,
1999-01-25,178,61,,,
1999-01-26,144,33,,,
1999-01-27,83,0,,,
1999-01-28,161,78,,,
1999-01-29,189,6,,,
1999-01-30,167,-6,,,
1999-01-31,222,6,,,
1999-02-01,200,17,,,
1999-02-02,217,0,,,
1999-02-03,222,6,,,
1999-02-04,156,33,,,
1999-02-05,178,78,,,
1999-02-06,172,56,,,
1999-02-07,206,22,,,
1999-02-08,233,33,,,
1999-02-09,256,44,,,
1999-02-10,150,44,,,
1999-02-11,139,17,,,
1999-02-12,217,22,,,
1999-02-13,250,39,,,
1999-02-14,256,28,,,
1999-02-15,222,50,,,
1999-02-16,206,44,,,
1999-02-17,233,33,,,
1999-02-18,228,28,,,
1999-02-19,244,61,,,
1999-02-20,250,56,,,
1999-02-21,267,56,,,
1999-02-22,228,111,,,
1999-02-23,250,78,,,
1999-02-24,261,39,,,
1999-02-25,267,106,,,
1999-02-26,244,67,,,
1999-02-27,261,50,,,
1999-02-28,289,56,,,
1999-03-01,283,83,,,
1999-03-02,300,72,,,
1999-03-03,289,78,,,
1999-03-04,239,100,,,
1999-03-05,250,67,,,
1999-03-06,272,72,,,
1999-03-07,172,67,,,
1999-03-08,194,50,,,
1999-03-09,239,56,,,
1999-03-10,244,50,,,
1999-03-11,211,61,,,
1999-03-12,189,56,,,
1999-03-13,250,44,,,
1999-03-14,283,78,,,
1999-03-15,294,83,,,
1999-03-16,194,78,,,
1999-03-17,156,61,,,
1999-03-18,222,28,,,
1999-03-19,261,78,,,
1999-03-20,306,83,,,
1999-03-21,300,94,,,
1999-03-22,289,83,,,
1999-03-23,261,72,,,
1999-03-24,272,72,,,
1999-03-25,294,89,,,
1999-03-26,217,100,,,
1999-03-27,222,67,,,
1999-03-28,261,78,,,
1999-03-29,311,89,,,
1999-03-30,300,100,,,
1999-03-31,250,117,,,
1999-04-01,139,50,,,
1999-04-02,100,6,,,
1999-04-03,150,17,,,
1999-04-04,111,22,,,
1999-04-05,189,39,,,
1999-04-06,256,44,,,
1999-04-07,233,78,,,
1999-04-08,211,50,,,
1999-04-09,161,56,,,
1999-04-10,222,33,,,
1999-04-11,272,50,,,
1999-04-12,289,83,,,
1999-04-13,178,78,,,
1999-04-14,267,83,,,
1999-04-15,300,100,,,
1999-04-16,283,94,,,
1999-04-17,322,100,,,
1999-04-18,339,111,,,
1999-04-19,350,111,,,
1999-04-20,339,128,,,
1999-04-21,300,161,,,
1999-04-22,289,156,,,
1999-04-23,250,144,,,
1999-04-24,228,111,,,
1999-04-25,239,111,,,
1999-04-26,294,106,,,
1999-04-27,322,133,,,
1999-04-28,289,161,,,
1999-04-29,189,94,,,
1999-04-30,200,61,,,
1999-05-01,211,106,,,
1999-05-02,278,83,,,
1999-05-03,222,133,,,
1999-05-04,239,122,,,
1999-05-05,283,111,,,
1999-05-06,322,133,,,
1999-05-07,344,133,,,
1999-05-08,361,139,,,
1999-05-09,322,161,,,
1999-05-10,300,139,,,
1999-05-11,322,144,,,
1999-05-12,350,150,,,
1999-05-13,350,167,,,
1999-05-14,328,211,,,
1999-05-15,322,156,,,
1999-05-16,317,139,,,
1999-05-17,350,133,,,
1999-05-18,367,150,,,
1999-05-19,339,156,,,
1999-05-20,350,156,,,
1999-05-21,383,144,,,
1999-05-22,350,156,,,
1999-05-23,333,150,,,
1999-05-24,339,156,,,
1999-05-25,328,194,,,
1999-05-26,367,194,,,
1999-05-27,389,206,,,
1999-05-28,394,206,,,
1999-05-29,372,228,,,
1999-05-30,350,211,,,
1999-05-31,339,194,,,
1999-06-01,344,178,,,
1999-06-02,306,200,,,
1999-06-03,322,161,,,
1999-06-04,233,150,,,
1999-06-05,294,106,,,
1999-06-06,350,128,,,
1999-06-07,378,150,,,
1999-06-08,361,178,,,
1999-06-09,356,178,,,
1999-06-10,361,172,,,
1999-06-11,367,172,,,
1999-06-12,372,167,,,
1999-06-13,422,183,,,
1999-06-14,394,267,,,
1999-06-15,400,256,,,
1999-06-16,406,228,,,
1999-06-17,400,256,,,
1999-06-18,406,233,,,
1999-06-19,406,233,,,
1999-06-20,422,233,,,
1999-06-21,411,250,,,
1999-06-22,394,217,,,
1999-06-23,400,211,,,
1999-06-24,422,244,,,
1999-06-25,411,250,,,
1999-06-26,411,244,,,
1999-06-27,417,267,,,
1999-06-28,406,306,,,
1999-06-29,400,294,,,
1999-06-30,422,306,,,
1999-07-01,433,300,,,
1999-07-02,372,244,,,
1999-07-03,411,256,,,
1999-07-04,394,256,,,
1999-07-05,417,239,,,
1999-07-06,372,244,,,
1999-07-07,372,244,,,
1999-07-08,361,239,,,
1999-07-09,389,256,,,
1999-07-10,400,228,,,
1999-07-11,361,228,,,
1999-07-12,394,244,,,
1999-07-13,389,256,,,
1999-07-14,333,200,,,
1999-07-15,333,206,,,
1999-07-16,361,233,,,
1999-07-17,372,228,,,
1999-07-18,328,217,,,
1999-07-19,383,200,,,
1999-07-20,400,233,,,
1999-07-21,389,267,,,
1999-07-22,367,244,,,
1999-07-23,383,233,,,
1999-07-24,383,222,,,
1999-07-25,389,239,,,
1999-07-26,372,239,,,
1999-07-27,367,222,,,
1999-07-28,333,222,,,
1999-07-29,333,228,,,
1999-07-30,350,206,,,
1999-07-31,394,244,,,
1999-08-01,406,244,,,
1999-08-02,394,272,,,
1999-08-03,394,261,,,
1999-08-04,372,250,,,
1999-08-05,361,244,,,
1999-08-06,356,200,,,
1999-08-07,383,239,,,
1999-08-08,406,222,,,
1999-08-09,406,222,,,
1999-08-10,350,211,,,
1999-08-11,372,206,,,
1999-08-12,400,200,,,
1999-08-13,411,194,,,
1999-08-14,361,250,,,
1999-08-15,383,228,,,
1999-08-16,394,272,,,
1999-08-17,417,250,,,
1999-08-18,383,267,,,
1999-08-19,394,233,,,
1999-08-20,383,228,,,
1999-08-21,411,256,,,
1999-08-22,433,244,,,
1999-08-23,417,256,,,
1999-08-24,411,278,,,
1999-08-25,411,250,,,
1999-08-26,389,244,,,
1999-08-27,383,228,,,
1999-08-28,367,206,,,
1999-08-29,361,211,,,
1999-08-30,378,272,,,
1999-08-31,311,200,,,
1999-09-01,344,206,,,
1999-09-02,344,211,,,
1999-09-03,356,194,,,
1999-09-04,361,172,,,
1999-09-05,383,189,,,
1999-09-06,394,206,,,
1999-09-07,400,194,,,
1999-09-08,406,200,,,
1999-09-09,344,228,,,
1999-09-10,383,228,,,
1999-09-11,372,233,,,
1999-09-12,389,200,,,
1999-09-13,394,211,,,
1999-09-14,367,189,,,
1999-09-15,272,183,,,
1999-09-16,333,178,,,
1999-09-17,339,189,,,
1999-09-18,367,172,,,
1999-09-19,317,183,,,
1999-09-20,339,178,,,
1999-09-21,344,194,,,
1999-09-22,361,222,,,
1999-09-23,322,211,,,
1999-09-24,333,211,,,
1999-09-25,356,183,,,
1999-09-26,356,200,,,
1999-09-27,361,189,,,
1999-09-28,356,189,,,
1999-09-29,328,178,,,
1999-09-30,356,178,,,
1999-10-01,361,156,,,
1999-10-02,361,178,,,
1999-10-03,356,150,,,
1999-10-04,378,144,,,
1999-10-05,372,183,,,
1999-10-06,344,178,,,
1999-10-07,294,156,,,
1999-10-08,333,128,,,
1999-10-09,350,150,,,
1999-10-10,372,156,,,
1999-10-11,361,144,,,
1999-10-12,361,156,,,
1999-10-13,372,139,,,
1999-10-14,361,150,,,
1999-10-15,344,150,,,
1999-10-16,317,156,,,
1999-10-17,250,122,,,
1999-10-18,267,94,,,
1999-10-19,294,100,,,
1999-10-20,311,144,,,
1999-10-21,317,111,,,
1999-10-22,322,106,,,
1999-10-23,333,111,,,
1999-10-24,333,117,,,
1999-10-25,322,111,,,
1999-10-26,306,133,,,
1999-10-27,317,128,,,
1999-10-28,300,133,,,
1999-10-29,300,117,,,
1999-10-30,283,117,,,
1999-10-31,289,106,,,
1999-11-01,256,89,,,
1999-11-02,283,111,,,
1999-11-03,272,106,,,
1999-11-04,289,89,,,
1999-11-05,306,100,,,
1999-11-06,261,89,,,
1999-11-07,306,156,,,
1999-11-08,289,111,,,
1999-11-09,283,89,,,
1999-11-10,283,72,,,
1999-11-11,300,94,,,
1999-11-12,322,94,,,
1999-11-13,306,100,,,
1999-11-14,311,106,,,
1999-11-15,294,94,,,
1999-11-16,294,106,,,
1999-11-17,294,89,,,
1999-11-18,261,100,,,
1999-11-19,267,78,,,
1999-11-20,250,72,,,
1999-11-21,217,61,,,
1999-11-22,189,56,,,
1999-11-23,200,28,,,
1999-11-24,200,22,,,
1999-11-25,200,33,,,
1999-11-26,239,33,,,
1999-11-27,233,50,,,
1999-11-28,233,50,,,
1999-11-29,228,56,,,
1999-11-30,250,72,,,
1999-12-01,256,72,,,
1999-12-02,211,50,,,
1999-12-03,139,22,,,
1999-12-04,183,0,,,
1999-12-05,189,22,,,
1999-12-06,194,22,,,
1999-12-07,172,11,,,
1999-12-08,144,33,,,
1999-12-09,144,11,,,
1999-12-10,194,39,,,
1999-12-11,172,33,,,
1999-12-12,183,6,,,
1999-12-13,183,22,,,
1999-12-14,139,22,,,
1999-12-15,172,-11,,,
1999-12-16,189,6,,,
1999-12-17,228,11,,,
1999-12-18,206,39,,,
1999-12-19,200,33,,,
1999-12-20,183,17,,,
1999-12-21,150,11,,,
1999-12-22,183,72,,,
1999-12-23,194,28,,,
1999-12-24,200,61,,,
1999-12-25,178,17,,,
1999-12-26,183,44,,,
1999-12-27,189,44,,,
1999-12-28,200,56,,,
1999-12-29,178,61,,,
1999-12-30,206,6,,,
1999-12-31,128,22,,,
2000-01-01,156,33,,,
2000-01-02,78,28,,,
2000-01-03,128,-11,,,
2000-01-04,150,11,,,
2000-01-05,172,-6,,,
2000-01-06,172,11,,,
2000-01-07,161,28,,,
2000-01-08,167,-17,,,
2000-01-09,161,-11,,,
2000-01-10,189,-6,,,
2000-01-11,206,-6,,,
2000-01-12,200,17,,,
2000-01-13,211,11,,,
2000-01-14,228,44,,,
2000-01-15,222,33,,,
2000-01-16,239,28,,,
2000-01-17,239,50,,,
2000-01-18,239,100,,,
2000-01-19,256,56,,,
2000-01-20,239,72,,,
2000-01-21,211,72,,,
2000-01-22,211,89,,,
2000-01-23,211,33,,,
2000-01-24,239,78,,,
2000-01-25,228,78,,,
2000-01-26,200,117,,,
2000-01-27,194,50,,,
2000-01-28,200,22,,,
2000-01-29,206,11,,,
2000-01-30,200,61,,,
2000-01-31,194,67,,,
2000-02-01,211,28,,,
2000-02-02,211,39,,,
2000-02-03,239,33,,,
2000-02-04,233,33,,,
2000-02-05,239,78,,,
2000-02-06,250,44,,,
2000-02-07,261,33,,,
2000-02-08,228,56,,,
2000-02-09,261,106,,,
2000-02-10,239,78,,,
2000-02-11,211,83,,,
2000-02-12,200,61,,,
2000-02-13,200,111,,,
2000-02-14,239,67,,,
2000-02-15,261,61,,,
2000-02-16,211,67,,,
2000-02-17,178,67,,,
2000-02-18,189,17,,,
2000-02-19,222,44,,,
2000-02-20,278,78,,,
2000-02-21,222,106,,,
2000-02-22,161,67,,,
2000-02-23,183,44,,,
2000-02-24,139,78,,,
2000-02-25,161,50,,,
2000-02-26,206,22,,,
2000-02-27,278,33,,,
2000-02-28,183,83,,,
2000-02-29,222,50,,,
2000-03-01,189,83,,,
2000-03-02,228,44,,,
2000-03-03,283,44,,,
2000-03-04,294,72,,,
2000-03-05,133,67,,,
2000-03-06,89,33,,,
2000-03-07,106,44,,,
2000-03-08,178,28,,,
2000-03-09,200,61,,,
2000-03-10,233,50,,,
2000-03-11,267,61,,,
2000-03-12,261,61,,,
2000-03-13,267,100,,,
2000-03-14,294,83,,,
2000-03-15,272,100,,,
2000-03-16,267,128,,,
2000-03-17,267,89,,,
2000-03-18,272,83,,,
2000-03-19,267,89,,,
2000-03-20,217,72,,,
2000-03-21,156,56,,,
2000-03-22,183,50,,,
2000-03-23,233,106,,,
2000-03-24,267,61,,,
2000-03-25,283,72,,,
2000-03-26,289,83,,,
2000-03-27,278,94,,,
2000-03-28,161,106,,,
2000-03-29,256,83,,,
2000-03-30,256,106,,,
2000-03-31,167,83,,,
2000-04-01,189,78,,,
2000-04-02,233,50,,,
2000-04-03,289,78,,,
2000-04-04,333,100,,,
2000-04-05,328,111,,,
2000-04-06,311,117,,,
2000-04-07,311,111,,,
2000-04-08,300,128,,,
2000-04-09,339,150,,,
2000-04-10,300,133,,,
2000-04-11,311,117,,,
2000-04-12,322,139,,,
2000-04-13,339,133,,,
2000-04-14,289,139,,,
2000-04-15,250,133,,,
2000-04-16,311,94,,,
2000-04-17,328,128,,,
2000-04-18,239,128,,,
2000-04-19,278,94,,,
2000-04-20,344,100,,,
2000-04-21,333,167,,,
2000-04-22,239,144,,,
2000-04-23,306,117,,,
2000-04-24,344,122,,,
2000-04-25,367,144,,,
2000-04-26,383,144,,,
2000-04-27,394,150,,,
2000-04-28,361,178,,,
2000-04-29,289,178,,,
2000-04-30,328,144,,,
2000-05-01,361,133,,,
2000-05-02,372,161,,,
2000-05-03,378,161,,,
2000-05-04,378,156,,,
2000-05-05,367,161,,,
2000-05-06,367,172,,,
2000-05-07,350,172,,,
2000-05-08,328,211,,,
2000-05-09,356,178,,,
2000-05-10,367,194,,,
2000-05-11,306,200,,,
2000-05-12,311,156,,,
2000-05-13,344,133,,,
2000-05-14,383,144,,,
2000-05-15,383,156,,,
2000-05-16,306,178,,,
2000-05-17,272,144,,,
2000-05-18,311,133,,,
2000-05-19,361,150,,,
2000-05-20,389,183,,,
2000-05-21,406,189,,,
2000-05-22,428,211,,,
2000-05-23,400,228,,,
2000-05-24,372,250,,,
2000-05-25,350,200,,,
2000-05-26,350,189,,,
2000-05-27,406,206,,,
2000-05-28,428,228,,,
2000-05-29,428,228,,,
2000-05-30,411,222,,,
2000-05-31,400,239,,,
2000-06-01,394,217,,,
2000-06-02,394,239,,,
2000-06-03,394,211,,,
2000-06-04,422,200,,,
2000-06-05,428,206,,,
2000-06-06,428,267,,,
2000-06-07,422,239,,,
2000-06-08,372,267,,,
2000-06-09,344,217,,,
2000-06-10,350,194,,,
2000-06-11,378,189,,,
2000-06-12,406,194,,,
2000-06-13,400,206,,,
2000-06-14,428,239,,,
2000-06-15,406,256,,,
2000-06-16,406,289,,,
2000-06-17,394,250,,,
2000-06-18,383,250,,,
2000-06-19,389,256,,,
2000-06-20,372,233,,,
2000-06-21,389,211,,,
2000-06-22,372,228,,,
2000-06-23,372,211,,,
2000-06-24,372,244,,,
2000-06-25,411,239,,,
2000-06-26,406,289,,,
2000-06-27,417,272,,,
2000-06-28,383,211,,,
2000-06-29,372,217,,,
2000-06-30,389,217,,,
2000-07-01,383,267,,,
2000-07-02,394,267,,,
2000-07-03,400,233,,,
2000-07-04,400,217,,,
2000-07-05,400,211,,,
2000-07-06,383,228,,,
2000-07-07,383,278,,,
2000-07-08,378,256,,,
2000-07-09,394,267,,,
2000-07-10,394,244,,,
2000-07-11,383,239,,,
2000-07-12,400,239,,,
2000-07-13,378,261,,,
2000-07-14,400,272,,,
2000-07-15,406,239,,,
2000-07-16,411,283,,,
2000-07-17,428,261,,,
2000-07-18,450,244,,,
2000-07-19,450,250,,,
2000-07-20,433,272,,,
2000-07-21,400,300,,,
2000-07-22,411,278,,,
2000-07-23,428,261,,,
2000-07-24,450,300,,,
2000-07-25,433,272,,,
2000-07-26,433,272,,,
2000-07-27,433,311,,,
2000-07-28,433,294,,,
2000-07-29,422,272,,,
2000-07-30,417,278,,,
2000-07-31,411,239,,,
2000-08-01,433,272,,,
2000-08-02,411,267,,,
2000-08-03,428,267,,,
2000-08-04,444,283,,,
2000-08-05,433,267,,,
2000-08-06,383,256,,,
2000-08-07,372,250,,,
2000-08-08,350,239,,,
2000-08-09,406,228,,,
2000-08-10,400,256,,,
2000-08-11,394,217,,,
2000-08-12,333,217,,,
2000-08-13,411,239,,,
2000-08-14,417,261,,,
2000-08-15,406,272,,,
2000-08-16,400,267,,,
2000-08-17,383,206,,,
2000-08-18,361,228,,,
2000-08-19,394,250,,,
2000-08-20,406,250,,,
2000-08-21,406,261,,,
2000-08-22,394,211,,,
2000-08-23,394,211,,,
2000-08-24,378,233,,,
2000-08-25,383,211,,,
2000-08-26,406,228,,,
2000-08-27,344,228,,,
2000-08-28,311,239,,,
2000-08-29,289,44,,,
2000-08-30,283,183,,,
2000-08-31,328,161,,,
2000-09-01,339,206,,,
2000-09-02,356,178,,,
2000-09-03,383,189,,,
2000-09-04,400,183,,,
2000-09-05,367,250,,,
2000-09-06,400,239,,,
2000-09-07,417,211,,,
2000-09-08,406,244,,,
2000-09-09,394,206,,,
2000-09-10,378,217,,,
2000-09-11,383,228,,,
2000-09-12,411,217,,,
2000-09-13,422,206,,,
2000-09-14,433,211,,,
2000-09-15,411,239,,,
2000-09-16,411,222,,,
2000-09-17,417,222,,,
2000-09-18,389,250,,,
2000-09-19,400,211,,,
2000-09-20,383,217,,,
2000-09-21,367,244,,,
2000-09-22,350,222,,,
2000-09-23,300,217,,,
2000-09-24,317,178,,,
2000-09-25,356,144,,,
2000-09-26,356,239,,,
2000-09-27,383,206,,,
2000-09-28,394,211,,,
2000-09-29,378,239,,,
2000-09-30,400,222,,,
2000-10-01,400,211,,,
2000-10-02,383,206,,,
2000-10-03,367,211,,,
2000-10-04,261,194,,,
2000-10-05,350,167,,,
2000-10-06,372,172,,,
2000-10-07,350,183,,,
2000-10-08,239,144,,,
2000-10-09,239,122,,,
2000-10-10,161,100,,,
2000-10-11,239,139,,,
2000-10-12,244,117,,,
2000-10-13,267,94,,,
2000-10-14,283,117,,,
2000-10-15,283,111,,,
2000-10-16,294,111,,,
2000-10-17,311,122,,,
2000-10-18,317,133,,,
2000-10-19,239,161,,,
2000-10-20,289,139,,,
2000-10-21,233,133,,,
2000-10-22,156,133,,,
2000-10-23,200,117,,,
2000-10-24,222,117,,,
2000-10-25,239,94,,,
2000-10-26,244,117,,,
2000-10-27,183,100,,,
2000-10-28,194,94,,,
2000-10-29,217,94,,,
2000-10-30,211,94,,,
2000-10-31,178,78,,,
2000-11-01,194,50,,,
2000-11-02,189,50,,,
2000-11-03,172,100,,,
2000-11-04,156,100,,,
2000-11-05,167,100,,,
2000-11-06,122,50,,,
2000-11-07,150,50,,,
2000-11-08,167,22,,,
2000-11-09,194,28,,,
2000-11-10,161,56,,,
2000-11-11,144,56,,,
2000-11-12,156,39,,,
2000-11-13,167,6,,,
2000-11-14,172,17,,,
2000-11-15,167,39,,,
2000-11-16,161,0,,,
2000-11-17,178,-6,,,
2000-11-18,156,17,,,
2000-11-19,183,0,,,
2000-11-20,200,6,,,
2000-11-21,183,56,,,
2000-11-22,233,56,,,
2000-11-23,189,44,,,
2000-11-24,178,22,,,
2000-11-25,211,22,,,
2000-11-26,200,11,,,
2000-11-27,194,22,,,
2000-11-28,206,28,,,
2000-11-29,217,39,,,
2000-11-30,200,39,,,
2000-12-01,172,33,,,
2000-12-02,183,83,,,
2000-12-03,206,44,,,
2000-12-04,217,28,,,
2000-12-05,211,50,,,
2000-12-06,200,28,,,
2000-12-07,206,56,,,
2000-12-08,228,50,,,
2000-12-09,167,44,,,
2000-12-10,144,56,,,
2000-12-11,183,28,,,
2000-12-12,189,17,,,
2000-12-13,156,22,,,
2000-12-14,156,11,,,
2000-12-15,178,28,,,
2000-12-16,200,6,,,
2000-12-17,194,6,,,
2000-12-18,178,56,,,
2000-12-19,156,0,,,
2000-12-20,161,-11,,,
2000-12-21,189,0,,,
2000-12-22,178,11,,,
2000-12-23,178,0,,,
2000-12-24,167,17,,,
2000-12-25,150,11,,,
2000-12-26,178,33,,,
2000-12-27,167,6,,,
2000-12-28,183,-6,,,
2000-12-29,194,11,,,
2000-12-30,189,11,,,
2000-12-31,167,6,,,
2001-01-01,161,11,,,
2001-01-02,211,17,,,
2001-01-03,200,44,,,
2001-01-04,200,17,,,
2001-01-05,172,22,,,
2001-01-06,183,67,,,
2001-01-07,211,39,,,
2001-01-08,183,61,,,
2001-01-09,94,67,,,
2001-01-10,161,61,,,
2001-01-11,178,39,,,
2001-01-12,111,44,,,
2001-01-13,128,17,,,
2001-01-14,133,0,,,
2001-01-15,144,0,,,
2001-01-16,83,11,,,
2001-01-17,111,6,,,
2001-01-18,133,-22,,,
2001-01-19,133,-11,,,
2001-01-20,167,33,,,
2001-01-21,189,6,,,
2001-01-22,172,61,,,
2001-01-23,194,44,,,
2001-01-24,200,28,,,
2001-01-25,161,28,,,
2001-01-26,133,-11,,,
2001-01-27,106,39,,,
2001-01-28,89,17,,,
2001-01-29,111,50,,,
2001-01-30,139,39,,,
2001-01-31,133,6,,,
2001-02-01,183,11,,,
2001-02-02,178,6,,,
2001-02-03,194,6,,,
2001-02-04,250,33,,,
2001-02-05,233,44,,,
2001-02-06,250,50,,,
2001-02-07,211,89,,,
2001-02-08,89,22,,,
2001-02-09,139,-6,,,
2001-02-10,189,-6,,,
2001-02-11,189,22,,,
2001-02-12,211,0,,,
2001-02-13,167,22,,,
2001-02-14,106,33,,,
2001-02-15,139,33,,,
2001-02-16,161,6,,,
2001-02-17,178,11,,,
2001-02-18,233,72,,,
2001-02-19,228,39,,,
2001-02-20,233,56,,,
2001-02-21,233,39,,,
2001-02-22,211,44,,,
2001-02-23,167,61,,,
2001-02-24,150,28,,,
2001-02-25,156,50,,,
2001-02-26,150,72,,,
2001-02-27,172,33,,,
2001-02-28,133,61,,,
2001-03-01,167,50,,,
2001-03-02,194,33,,,
2001-03-03,156,61,,,
2001-03-04,206,33,,,
2001-03-05,206,89,,,
2001-03-06,239,89,,,
2001-03-07,122,83,,,
2001-03-08,178,78,,,
2001-03-09,217,67,,,
2001-03-10,144,61,,,
2001-03-11,128,50,,,
2001-03-12,200,44,,,
2001-03-13,228,39,,,
2001-03-14,206,56,,,
2001-03-15,222,72,,,
2001-03-16,239,56,,,
2001-03-17,211,83,,,
2001-03-18,250,39,,,
2001-03-19,272,61,,,
2001-03-20,294,72,,,
2001-03-21,294,122,,,
2001-03-22,300,89,,,
2001-03-23,300,83,,,
2001-03-24,300,83,,,
2001-03-25,300,83,,,
2001-03-26,278,100,,,
2001-03-27,256,83,,,
2001-03-28,161,89,,,
2001-03-29,278,94,,,
2001-03-30,278,139,,,
2001-03-31,311,83,,,
2001-04-01,300,111,,,
2001-04-02,283,139,,,
2001-04-03,261,150,,,
2001-04-04,272,106,,,
2001-04-05,206,100,,,
2001-04-06,178,72,,,
2001-04-07,233,67,,,
2001-04-08,200,100,,,
2001-04-09,228,61,,,
2001-04-10,122,39,,,
2001-04-11,194,39,,,
2001-04-12,217,56,,,
2001-04-13,278,50,,,
2001-04-14,294,78,,,
2001-04-15,306,72,,,
2001-04-16,339,83,,,
2001-04-17,350,94,,,
2001-04-18,322,144,,,
2001-04-19,311,189,,,
2001-04-20,267,122,,,
2001-04-21,228,56,,,
2001-04-22,211,56,,,
2001-04-23,272,78,,,
2001-04-24,339,106,,,
2001-04-25,350,139,,,
2001-04-26,378,161,,,
2001-04-27,350,150,,,
2001-04-28,339,150,,,
2001-04-29,339,139,,,
2001-04-30,356,122,,,
2001-05-01,361,139,,,
2001-05-02,333,139,,,
2001-05-03,256,133,,,
2001-05-04,267,100,,,
2001-05-05,294,111,,,
2001-05-06,339,133,,,
2001-05-07,383,144,,,
2001-05-08,400,161,,,
2001-05-09,400,217,,,
2001-05-10,389,172,,,
2001-05-11,394,178,,,
2001-05-12,389,206,,,
2001-05-13,333,178,,,
2001-05-14,344,183,,,
2001-05-15,367,172,,,
2001-05-16,372,167,,,
2001-05-17,378,150,,,
2001-05-18,378,172,,,
2001-05-19,272,156,,,
2001-05-20,350,161,,,
2001-05-21,394,189,,,
2001-05-22,400,183,,,
2001-05-23,417,189,,,
2001-05-24,417,200,,,
2001-05-25,406,228,,,
2001-05-26,400,206,,,
2001-05-27,394,211,,,
2001-05-28,356,183,,,
2001-05-29,378,178,,,
2001-05-30,422,194,,,
2001-05-31,422,211,,,
2001-06-01,422,222,,,
2001-06-02,394,256,,,
2001-06-03,361,211,,,
2001-06-04,350,189,,,
2001-06-05,372,172,,,
2001-06-06,400,178,,,
2001-06-07,422,200,,,
2001-06-08,433,194,,,
2001-06-09,428,211,,,
2001-06-10,417,200,,,
2001-06-11,411,200,,,
2001-06-12,383,211,,,
2001-06-13,339,222,,,
2001-06-14,361,178,,,
2001-06-15,400,156,,,
2001-06-16,433,178,,,
2001-06-17,439,206,,,
2001-06-18,433,244,,,
2001-06-19,428,233,,,
2001-06-20,411,289,,,
2001-06-21,406,250,,,
2001-06-22,422,261,,,
2001-06-23,417,250,,,
2001-06-24,411,250,,,
2001-06-25,378,222,,,
2001-06-26,383,206,,,
2001-06-27,400,211,,,
2001-06-28,428,217,,,
2001-06-29,439,244,,,
2001-06-30,433,261,,,
2001-07-01,450,283,,,
2001-07-02,467,267,,,
2001-07-03,422,289,,,
2001-07-04,433,256,,,
2001-07-05,372,278,,,
2001-07-06,317,261,,,
2001-07-07,361,228,,,
2001-07-08,367,256,,,
2001-07-09,383,228,,,
2001-07-10,378,233,,,
2001-07-11,406,222,,,
2001-07-12,394,222,,,
2001-07-13,400,256,,,
2001-07-14,428,250,,,
2001-07-15,406,239,,,
2001-07-16,411,222,,,
2001-07-17,394,272,,,
2001-07-18,406,256,,,
2001-07-19,411,250,,,
2001-07-20,406,261,,,
2001-07-21,406,261,,,
2001-07-22,417,261,,,
2001-07-23,400,272,,,
2001-07-24,422,239,,,
2001-07-25,344,228,,,
2001-07-26,378,222,,,
2001-07-27,422,233,,,
2001-07-28,428,256,,,
2001-07-29,378,200,,,
2001-07-30,328,200,,,
2001-07-31,356,239,,,
2001-08-01,372,217,,,
2001-08-02,406,233,,,
2001-08-03,406,228,,,
2001-08-04,411,239,,,
2001-08-05,406,222,,,
2001-08-06,433,233,,,
2001-08-07,394,267,,,
2001-08-08,317,200,,,
2001-08-09,333,200,,,
2001-08-10,344,228,,,
2001-08-11,361,228,,,
2001-08-12,378,239,,,
2001-08-13,378,239,,,
2001-08-14,361,239,,,
2001-08-15,406,217,,,
2001-08-16,411,233,,,
2001-08-17,417,250,,,
2001-08-18,383,244,,,
2001-08-19,406,233,,,
2001-08-20,400,217,,,
2001-08-21,406,250,,,
2001-08-22,394,217,,,
2001-08-23,406,211,,,
2001-08-24,428,200,,,
2001-08-25,444,206,,,
2001-08-26,450,222,,,
2001-08-27,428,222,,,
2001-08-28,433,250,,,
2001-08-29,389,278,,,
2001-08-30,372,256,,,
2001-08-31,378,239,,,
2001-09-01,394,211,,,
2001-09-02,372,256,,,
2001-09-03,417,206,,,
2001-09-04,433,228,,,
2001-09-05,406,233,,,
2001-09-06,389,228,,,
2001-09-07,378,217,,,
2001-09-08,372,178,,,
2001-09-09,389,189,,,
2001-09-10,394,206,,,
2001-09-11,411,228,,,
2001-09-12,411,244,,,
2001-09-13,356,239,,,
2001-09-14,356,217,,,
2001-09-15,383,211,,,
2001-09-16,378,239,,,
2001-09-17,378,217,,,
2001-09-18,394,200,,,
2001-09-19,400,178,,,
2001-09-20,406,200,,,
2001-09-21,411,200,,,
2001-09-22,411,200,,,
2001-09-23,411,183,,,
2001-09-24,378,244,,,
2001-09-25,383,189,,,
2001-09-26,367,183,,,
2001-09-27,406,161,,,
2001-09-28,400,161,,,
2001-09-29,400,183,,,
2001-09-30,372,194,,,
2001-10-01,283,228,,,
2001-10-02,339,200,,,
2001-10-03,328,206,,,
2001-10-04,322,161,,,
2001-10-05,328,189,,,
2001-10-06,317,156,,,
2001-10-07,244,161,,,
2001-10-08,300,150,,,
2001-10-09,278,150,,,
2001-10-10,306,139,,,
2001-10-11,306,111,,,
2001-10-12,272,122,,,
2001-10-13,294,106,,,
2001-10-14,333,106,,,
2001-10-15,350,122,,,
2001-10-16,311,139,,,
2001-10-17,339,144,,,
2001-10-18,333,117,,,
2001-10-19,344,122,,,
2001-10-20,344,144,,,
2001-10-21,311,128,,,
2001-10-22,317,156,,,
2001-10-23,311,139,,,
2001-10-24,328,122,,,
2001-10-25,333,128,,,
2001-10-26,350,128,,,
2001-10-27,339,156,,,
2001-10-28,322,156,,,
2001-10-29,322,106,,,
2001-10-30,328,128,,,
2001-10-31,300,144,,,
2001-11-01,294,150,,,
2001-11-02,300,111,,,
2001-11-03,328,122,,,
2001-11-04,306,189,,,
2001-11-05,261,150,,,
2001-11-06,289,139,,,
2001-11-07,283,117,,,
2001-11-08,289,94,,,
2001-11-09,261,178,,,
2001-11-10,283,122,,,
2001-11-11,289,111,,,
2001-11-12,289,100,,,
2001-11-13,244,106,,,
2001-11-14,250,72,,,
2001-11-15,256,61,,,
2001-11-16,272,67,,,
2001-11-17,272,89,,,
2001-11-18,256,106,,,
2001-11-19,261,78,,,
2001-11-20,256,94,,,
2001-11-21,239,78,,,
2001-11-22,239,89,,,
2001-11-23,211,83,,,
2001-11-24,200,50,,,
2001-11-25,156,61,,,
2001-11-26,178,33,,,
2001-11-27,128,6,,,
2001-11-28,156,28,,,
2001-11-29,122,56,,,
2001-11-30,172,67,,,
2001-12-01,217,28,,,
2001-12-02,233,28,,,
2001-12-03,239,22,,,
2001-12-04,89,56,,,
2001-12-05,156,33,,,
2001-12-06,178,6,,,
2001-12-07,206,6,,,
2001-12-08,183,44,,,
2001-12-09,183,22,,,
2001-12-10,150,28,,,
2001-12-11,61,28,,,
2001-12-12,100,17,,,
2001-12-13,122,0,,,
2001-12-14,128,-11,,,
2001-12-15,100,28,,,
2001-12-16,150,11,,,
2001-12-17,161,-11,,,
2001-12-18,183,0,,,
2001-12-19,206,0,,,
2001-12-20,194,17,,,
2001-12-21,161,44,,,
2001-12-22,156,0,,,
2001-12-23,94,0,,,
2001-12-24,189,0,,,
2001-12-25,172,-6,,,
2001-12-26,178,-28,,,
2001-12-27,172,11,,,
2001-12-28,144,11,,,
2001-12-29,150,61,,,
2001-12-30,194,72,,,
2001-12-31,139,56,,,
2002-01-01,178,17,,,
2002-01-02,156,33,,,
2002-01-03,150,17,,,
2002-01-04,194,28,,,
2002-01-05,167,0,,,
2002-01-06,200,0,,,
2002-01-07,200,22,,,
2002-01-08,244,61,,,
2002-01-09,183,50,,,
2002-01-10,183,72,,,
2002-01-11,233,89,,,
2002-01-12,233,33,,,
2002-01-13,211,28,,,
2002-01-14,222,6,,,
2002-01-15,150,17,,,
2002-01-16,172,61,,,
2002-01-17,161,39,,,
2002-01-18,156,0,,,
2002-01-19,150,-11,,,
2002-01-20,167,-17,,,
2002-01-21,194,-17,,,
2002-01-22,200,-6,,,
2002-01-23,150,44,,,
2002-01-24,161,11,,,
2002-01-25,194,-11,,,
2002-01-26,194,6,,,
2002-01-27,217,28,,,
2002-01-28,194,72,,,
2002-01-29,144,50,,,
2002-01-30,83,22,,,
2002-01-31,106,0,,,
2002-02-01,161,-22,,,
2002-02-02,133,44,,,
2002-02-03,178,0,,,
2002-02-04,200,67,,,
2002-02-05,206,17,,,
2002-02-06,194,6,,,
2002-02-07,222,-6,,,
2002-02-08,222,6,,,
2002-02-09,194,56,,,
2002-02-10,206,50,,,
2002-02-11,211,6,,,
2002-02-12,239,0,,,
2002-02-13,228,11,,,
2002-02-14,233,61,,,
2002-02-15,222,39,,,
2002-02-16,261,72,,,
2002-02-17,228,61,,,
2002-02-18,172,72,,,
2002-02-19,189,22,,,
2002-02-20,228,28,,,
2002-02-21,261,39,,,
2002-02-22,267,56,,,
2002-02-23,267,39,,,
2002-02-24,261,67,,,
2002-02-25,278,44,,,
2002-02-26,250,44,,,
2002-02-27,211,33,,,
2002-02-28,250,56,,,
2002-03-01,200,83,,,
2002-03-02,156,17,,,
2002-03-03,178,-17,,,
2002-03-04,222,-6,,,
2002-03-05,228,0,,,
2002-03-06,250,17,,,
2002-03-07,228,50,,,
2002-03-08,183,78,,,
2002-03-09,250,44,,,
2002-03-10,289,61,,,
2002-03-11,289,72,,,
2002-03-12,294,72,,,
2002-03-13,289,83,,,
2002-03-14,189,94,,,
2002-03-15,183,28,,,
2002-03-16,156,6,,,
2002-03-17,189,50,,,
2002-03-18,189,78,,,
2002-03-19,244,33,,,
2002-03-20,306,67,,,
2002-03-21,317,67,,,
2002-03-22,311,133,,,
2002-03-23,261,89,,,
2002-03-24,200,106,,,
2002-03-25,250,67,,,
2002-03-26,294,61,,,
2002-03-27,294,67,,,
2002-03-28,294,78,,,
2002-03-29,211,106,,,
2002-03-30,278,67,,,
2002-03-31,344,100,,,
2002-04-01,339,106,,,
2002-04-02,333,117,,,
2002-04-03,328,128,,,
2002-04-04,344,117,,,
2002-04-05,317,117,,,
2002-04-06,239,133,,,
2002-04-07,239,117,,,
2002-04-08,300,100,,,
2002-04-09,322,117,,,
2002-04-10,322,122,,,
2002-04-11,339,122,,,
2002-04-12,339,144,,,
2002-04-13,372,167,,,
2002-04-14,372,144,,,
2002-04-15,311,178,,,
2002-04-16,261,156,,,
2002-04-17,283,144,,,
2002-04-18,289,117,,,
2002-04-19,289,111,,,
2002-04-20,239,111,,,
2002-04-21,300,67,,,
2002-04-22,339,94,,,
2002-04-23,339,117,,,
2002-04-24,367,139,,,
2002-04-25,339,233,,,
2002-04-26,278,128,,,
2002-04-27,261,133,,,
2002-04-28,311,111,,,
2002-04-29,322,161,,,
2002-04-30,322,122,,,
2002-05-01,256,144,,,
2002-05-02,261,89,,,
2002-05-03,306,106,,,
2002-05-04,333,128,,,
2002-05-05,339,133,,,
2002-05-06,350,117,,,
2002-05-07,322,139,,,
2002-05-08,328,172,,,
2002-05-09,344,150,,,
2002-05-10,339,150,,,
2002-05-11,333,161,,,
2002-05-12,350,178,,,
2002-05-13,383,167,,,
2002-05-14,383,217,,,
2002-05-15,372,178,,,
2002-05-16,367,189,,,
2002-05-17,383,156,,,
2002-05-18,400,183,,,
2002-05-19,383,194,,,
2002-05-20,361,178,,,
2002-05-21,256,144,,,
2002-05-22,294,106,,,
2002-05-23,311,117,,,
2002-05-24,344,144,,,
2002-05-25,361,144,,,
2002-05-26,350,172,,,
2002-05-27,356,172,,,
2002-05-28,378,156,,,
2002-05-29,411,178,,,
2002-05-30,428,211,,,
2002-05-31,422,222,,,
2002-06-01,406,272,,,
2002-06-02,389,200,,,
2002-06-03,361,222,,,
2002-06-04,356,167,,,
2002-06-05,411,194,,,
2002-06-06,422,222,,,
2002-06-07,422,222,,,
2002-06-08,411,256,,,
2002-06-09,400,233,,,
2002-06-10,383,206,,,
2002-06-11,383,189,,,
2002-06-12,400,189,,,
2002-06-13,417,200,,,
2002-06-14,422,217,,,
2002-06-15,411,217,,,
2002-06-16,422,228,,,
2002-06-17,428,217,,,
2002-06-18,428,200,,,
2002-06-19,428,211,,,
2002-06-20,428,228,,,
2002-06-21,411,228,,,
2002-06-22,422,222,,,
2002-06-23,428,217,,,
2002-06-24,433,211,,,
2002-06-25,439,228,,,
2002-06-26,444,261,,,
2002-06-27,439,250,,,
2002-06-28,428,211,,,
2002-06-29,422,222,,,
2002-06-30,417,228,,,
2002-07-01,417,283,,,
2002-07-02,433,272,,,
2002-07-03,411,267,,,
2002-07-04,411,239,,,
2002-07-05,411,239,,,
2002-07-06,411,239,,,
2002-07-07,428,244,,,
2002-07-08,439,283,,,
2002-07-09,433,289,,,
2002-07-10,383,272,,,
2002-07-11,433,261,,,
2002-07-12,428,267,,,
2002-07-13,439,250,,,
2002-07-14,411,272,,,
2002-07-15,378,233,,,
2002-07-16,367,217,,,
2002-07-17,350,244,,,
2002-07-18,389,250,,,
2002-07-19,411,244,,,
2002-07-20,406,233,,,
2002-07-21,389,294,,,
2002-07-22,411,272,,,
2002-07-23,406,250,,,
2002-07-24,400,256,,,
2002-07-25,411,239,,,
2002-07-26,411,261,,,
2002-07-27,378,267,,,
2002-07-28,389,250,,,
2002-07-29,417,239,,,
2002-07-30,383,250,,,
2002-07-31,389,267,,,
2002-08-01,383,267,,,
2002-08-02,372,267,,,
2002-08-03,383,256,,,
2002-08-04,350,256,,,
2002-08-05,383,211,,,
2002-08-06,367,194,,,
2002-08-07,394,244,,,
2002-08-08,411,239,,,
2002-08-09,439,267,,,
2002-08-10,439,272,,,
2002-08-11,428,283,,,
2002-08-12,406,278,,,
2002-08-13,400,300,,,
2002-08-14,406,300,,,
2002-08-15,422,283,,,
2002-08-16,417,244,,,
2002-08-17,417,250,,,
2002-08-18,422,294,,,
2002-08-19,344,278,,,
2002-08-20,378,244,,,
2002-08-21,383,228,,,
2002-08-22,389,228,,,
2002-08-23,394,200,,,
2002-08-24,422,178,,,
2002-08-25,428,183,,,
2002-08-26,428,194,,,
2002-08-27,433,206,,,
2002-08-28,428,222,,,
2002-08-29,372,194,,,
2002-08-30,406,228,,,
2002-08-31,406,217,,,
2002-09-01,422,261,,,
2002-09-02,422,222,,,
2002-09-03,417,228,,,
2002-09-04,422,239,,,
2002-09-05,411,250,,,
2002-09-06,406,211,,,
2002-09-07,350,206,,,
2002-09-08,283,200,,,
2002-09-09,289,211,,,
2002-09-10,317,206,,,
2002-09-11,356,189,,,
2002-09-12,361,200,,,
2002-09-13,378,189,,,
2002-09-14,389,200,,,
2002-09-15,372,244,,,
2002-09-16,389,256,,,
2002-09-17,361,228,,,
2002-09-18,333,256,,,
2002-09-19,350,178,,,
2002-09-20,361,167,,,
2002-09-21,383,172,,,
2002-09-22,400,178,,,
2002-09-23,394,189,,,
2002-09-24,400,189,,,
2002-09-25,394,200,,,
2002-09-26,389,200,,,
2002-09-27,372,189,,,
2002-09-28,350,194,,,
2002-09-29,339,178,,,
2002-09-30,322,156,,,
2002-10-01,300,178,,,
2002-10-02,261,150,,,
2002-10-03,256,100,,,
2002-10-04,300,89,,,
2002-10-05,322,106,,,
2002-10-06,361,144,,,
2002-10-07,300,178,,,
2002-10-08,328,133,,,
2002-10-09,356,144,,,
2002-10-10,356,139,,,
2002-10-11,339,133,,,
2002-10-12,294,144,,,
2002-10-13,306,183,,,
2002-10-14,317,156,,,
2002-10-15,333,161,,,
2002-10-16,333,144,,,
2002-10-17,294,144,,,
2002-10-18,239,133,,,
2002-10-19,294,122,,,
2002-10-20,289,128,,,
2002-10-21,317,133,,,
2002-10-22,283,139,,,
2002-10-23,283,139,,,
2002-10-24,272,128,,,
2002-10-25,283,106,,,
2002-10-26,233,117,,,
2002-10-27,178,89,,,
2002-10-28,233,78,,,
2002-10-29,244,83,,,
2002-10-30,261,83,,,
2002-10-31,261,83,,,
2002-11-01,267,78,,,
2002-11-02,261,100,,,
2002-11-03,239,122,,,
2002-11-04,244,72,,,
2002-11-05,261,56,,,
2002-11-06,289,61,,,
2002-11-07,283,61,,,
2002-11-08,233,133,,,
2002-11-09,239,161,,,
2002-11-10,233,111,,,
2002-11-11,250,67,,,
2002-11-12,256,100,,,
2002-11-13,267,78,,,
2002-11-14,244,61,,,
2002-11-15,256,50,,,
2002-11-16,228,67,,,
2002-11-17,217,44,,,
2002-11-18,244,39,,,
2002-11-19,244,39,,,
2002-11-20,278,78,,,
2002-11-21,272,72,,,
2002-11-22,267,56,,,
2002-11-23,267,50,,,
2002-11-24,228,56,,,
2002-11-25,150,50,,,
2002-11-26,183,39,,,
2002-11-27,194,89,,,
2002-11-28,172,39,,,
2002-11-29,183,94,,,
2002-11-30,194,100,,,
2002-12-01,206,61,,,
2002-12-02,144,61,,,
2002-12-03,172,78,,,
2002-12-04,189,50,,,
2002-12-05,200,39,,,
2002-12-06,206,61,,,
2002-12-07,189,50,,,
2002-12-08,222,44,,,
2002-12-09,178,44,,,
2002-12-10,194,39,,,
2002-12-11,183,44,,,
2002-12-12,189,22,,,
2002-12-13,183,11,,,
2002-12-14,194,28,,,
2002-12-15,211,61,,,
2002-12-16,172,33,,,
2002-12-17,161,83,,,
2002-12-18,100,22,,,
2002-12-19,133,6,,,
2002-12-20,161,-6,,,
2002-12-21,83,11,,,
2002-12-22,78,0,,,
2002-12-23,67,28,,,
2002-12-24,94,17,,,
2002-12-25,122,0,,,
2002-12-26,139,0,,,
2002-12-27,167,-6,,,
2002-12-28,189,0,,,
2002-12-29,183,22,,,
2002-12-30,167,28,,,
2002-12-31,178,0,,,
2003-01-01,194,0,,,
2003-01-02,200,6,,,
2003-01-03,228,39,,,
2003-01-04,228,33,,,
2003-01-05,222,33,,,
2003-01-06,217,78,,,
2003-01-07,222,117,,,
2003-01-08,189,100,,,
2003-01-09,189,72,,,
2003-01-10,189,50,,,
2003-01-11,194,56,,,
2003-01-12,194,39,,,
2003-01-13,233,39,,,
2003-01-14,228,33,,,
2003-01-15,222,44,,,
2003-01-16,239,39,,,
2003-01-17,233,39,,,
2003-01-18,239,33,,,
2003-01-19,211,17,,,
2003-01-20,167,33,,,
2003-01-21,178,50,,,
2003-01-22,217,39,,,
2003-01-23,228,56,,,
2003-01-24,272,72,,,
2003-01-25,244,50,,,
2003-01-26,261,83,,,
2003-01-27,244,50,,,
2003-01-28,233,39,,,
2003-01-29,244,61,,,
2003-01-30,250,50,,,
2003-01-31,278,44,,,
2003-02-01,289,56,,,
2003-02-02,206,78,,,
2003-02-03,194,39,,,
2003-02-04,189,11,,,
2003-02-05,178,17,,,
2003-02-06,167,6,,,
2003-02-07,167,0,,,
2003-02-08,128,28,,,
2003-02-09,161,11,,,
2003-02-10,161,0,,,
2003-02-11,189,56,,,
2003-02-12,156,72,,,
2003-02-13,161,100,,,
2003-02-14,200,94,,,
2003-02-15,206,78,,,
2003-02-16,211,72,,,
2003-02-17,211,67,,,
2003-02-18,211,100,,,
2003-02-19,217,50,,,
2003-02-20,200,72,,,
2003-02-21,211,39,,,
2003-02-22,211,39,,,
2003-02-23,211,50,,,
2003-02-24,217,83,,,
2003-02-25,161,67,,,
2003-02-26,122,56,,,
2003-02-27,128,61,,,
2003-02-28,100,39,,,
2003-03-01,128,33,,,
2003-03-02,167,44,,,
2003-03-03,156,22,,,
2003-03-04,161,83,,,
2003-03-05,156,61,,,
2003-03-06,217,28,,,
2003-03-07,233,44,,,
2003-03-08,261,56,,,
2003-03-09,278,67,,,
2003-03-10,278,61,,,
2003-03-11,267,61,,,
2003-03-12,278,61,,,
2003-03-13,283,67,,,
2003-03-14,256,106,,,
2003-03-15,194,78,,,
2003-03-16,178,78,,,
2003-03-17,94,56,,,
2003-03-18,122,56,,,
2003-03-19,183,44,,,
2003-03-20,217,44,,,
2003-03-21,233,67,,,
2003-03-22,256,61,,,
2003-03-23,272,72,,,
2003-03-24,272,78,,,
2003-03-25,278,89,,,
2003-03-26,283,83,,,
2003-03-27,256,100,,,
2003-03-28,217,78,,,
2003-03-29,217,83,,,
2003-03-30,233,39,,,
2003-03-31,256,128,,,
2003-04-01,306,83,,,
2003-04-02,244,133,,,
2003-04-03,211,100,,,
2003-04-04,211,44,,,
2003-04-05,194,61,,,
2003-04-06,211,28,,,
2003-04-07,256,44,,,
2003-04-08,289,89,,,
2003-04-09,306,150,,,
2003-04-10,311,106,,,
2003-04-11,311,94,,,
2003-04-12,289,89,,,
2003-04-13,306,100,,,
2003-04-14,283,144,,,
2003-04-15,183,89,,,
2003-04-16,267,56,,,
2003-04-17,250,78,,,
2003-04-18,222,83,,,
2003-04-19,228,94,,,
2003-04-20,311,78,,,
2003-04-21,278,111,,,
2003-04-22,206,111,,,
2003-04-23,228,94,,,
2003-04-24,272,83,,,
2003-04-25,289,106,,,
2003-04-26,322,111,,,
2003-04-27,333,128,,,
2003-04-28,317,122,,,
2003-04-29,306,117,,,
2003-04-30,278,117,,,
2003-05-01,289,100,,,
2003-05-02,322,111,,,
2003-05-03,289,150,,,
2003-05-04,261,139,,,
2003-05-05,283,111,,,
2003-05-06,294,128,,,
2003-05-07,278,139,,,
2003-05-08,272,139,,,
2003-05-09,250,128,,,
2003-05-10,289,100,,,
2003-05-11,333,94,,,
2003-05-12,361,122,,,
2003-05-13,372,161,,,
2003-05-14,344,194,,,
2003-05-15,300,178,,,
2003-05-16,378,139,,,
2003-05-17,394,161,,,
2003-05-18,361,206,,,
2003-05-19,372,161,,,
2003-05-20,378,167,,,
2003-05-21,389,228,,,
2003-05-22,406,211,,,
2003-05-23,400,200,,,
2003-05-24,389,189,,,
2003-05-25,367,200,,,
2003-05-26,383,178,,,
2003-05-27,428,206,,,
2003-05-28,417,289,,,
2003-05-29,417,244,,,
2003-05-30,389,222,,,
2003-05-31,378,217,,,
2003-06-01,400,217,,,
2003-06-02,411,233,,,
2003-06-03,400,228,,,
2003-06-04,394,239,,,
2003-06-05,389,233,,,
2003-06-06,394,222,,,
2003-06-07,389,233,,,
2003-06-08,411,228,,,
2003-06-09,383,272,,,
2003-06-10,367,194,,,
2003-06-11,350,189,,,
2003-06-12,367,194,,,
2003-06-13,378,178,,,
2003-06-14,411,194,,,
2003-06-15,433,206,,,
2003-06-16,417,217,,,
2003-06-17,422,267,,,
2003-06-18,400,250,,,
2003-06-19,406,233,,,
2003-06-20,372,217,,,
2003-06-21,372,178,,,
2003-06-22,378,194,,,
2003-06-23,378,200,,,
2003-06-24,372,217,,,
2003-06-25,394,189,,,
2003-06-26,433,189,,,
2003-06-27,439,217,,,
2003-06-28,428,250,,,
2003-06-29,428,222,,,
2003-06-30,433,250,,,
2003-07-01,417,272,,,
2003-07-02,422,256,,,
2003-07-03,422,239,,,
2003-07-04,433,239,,,
2003-07-05,422,272,,,
2003-07-06,439,250,,,
2003-07-07,428,239,,,
2003-07-08,422,239,,,
2003-07-09,439,233,,,
2003-07-10,428,250,,,
2003-07-11,422,278,,,
2003-07-12,433,283,,,
2003-07-13,439,283,,,
2003-07-14,461,278,,,
2003-07-15,456,300,,,
2003-07-16,450,256,,,
2003-07-17,394,311,,,
2003-07-18,406,289,,,
2003-07-19,406,272,,,
2003-07-20,428,239,,,
2003-07-21,394,222,,,
2003-07-22,406,228,,,
2003-07-23,428,278,,,
2003-07-24,417,272,,,
2003-07-25,417,278,,,
2003-07-26,406,244,,,
2003-07-27,394,239,,,
2003-07-28,383,250,,,
2003-07-29,372,228,,,
2003-07-30,367,217,,,
2003-07-31,383,222,,,
2003-08-01,344,217,,,
2003-08-02,367,239,,,
2003-08-03,400,239,,,
2003-08-04,417,222,,,
2003-08-05,439,233,,,
2003-08-06,428,267,,,
2003-08-07,428,267,,,
2003-08-08,433,294,,,
2003-08-09,450,267,,,
2003-08-10,461,261,,,
2003-08-11,433,311,,,
2003-08-12,444,261,,,
2003-08-13,422,278,,,
2003-08-14,367,206,,,
2003-08-15,344,211,,,
2003-08-16,367,233,,,
2003-08-17,400,228,,,
2003-08-18,422,250,,,
2003-08-19,350,278,,,
2003-08-20,383,244,,,
2003-08-21,394,261,,,
2003-08-22,406,278,,,
2003-08-23,406,283,,,
2003-08-24,406,261,,,
2003-08-25,417,256,,,
2003-08-26,372,211,,,
2003-08-27,322,217,,,
2003-08-28,361,228,,,
2003-08-29,383,211,,,
2003-08-30,400,250,,,
2003-08-31,406,261,,,
2003-09-01,394,244,,,
2003-09-02,406,233,,,
2003-09-03,406,228,,,
2003-09-04,394,239,,,
2003-09-05,383,228,,,
2003-09-06,367,211,,,
2003-09-07,367,200,,,
2003-09-08,378,239,,,
2003-09-09,278,189,,,
2003-09-10,328,217,,,
2003-09-11,350,183,,,
2003-09-12,367,172,,,
2003-09-13,383,183,,,
2003-09-14,372,189,,,
2003-09-15,383,194,,,
2003-09-16,383,194,,,
2003-09-17,372,189,,,
2003-09-18,372,167,,,
2003-09-19,372,167,,,
2003-09-20,383,161,,,
2003-09-21,389,161,,,
2003-09-22,372,167,,,
2003-09-23,344,239,,,
2003-09-24,278,228,,,
2003-09-25,333,200,,,
2003-09-26,356,172,,,
2003-09-27,389,206,,,
2003-09-28,394,200,,,
2003-09-29,400,200,,,
2003-09-30,406,200,,,
2003-10-01,400,200,,,
2003-10-02,350,206,,,
2003-10-03,350,206,,,
2003-10-04,333,172,,,
2003-10-05,344,156,,,
2003-10-06,333,156,,,
2003-10-07,250,194,,,
2003-10-08,339,161,,,
2003-10-09,333,178,,,
2003-10-10,267,200,,,
2003-10-11,339,167,,,
2003-10-12,350,194,,,
2003-10-13,356,183,,,
2003-10-14,344,172,,,
2003-10-15,344,156,,,
2003-10-16,350,194,,,
2003-10-17,378,150,,,
2003-10-18,356,161,,,
2003-10-19,356,156,,,
2003-10-20,367,150,,,
2003-10-21,372,144,,,
2003-10-22,361,144,,,
2003-10-23,350,139,,,
2003-10-24,344,144,,,
2003-10-25,339,133,,,
2003-10-26,272,133,,,
2003-10-27,267,106,,,
2003-10-28,289,106,,,
2003-10-29,289,111,,,
2003-10-30,278,161,,,
2003-10-31,289,139,,,
2003-11-01,233,150,,,
2003-11-02,244,139,,,
2003-11-03,194,89,,,
2003-11-04,206,50,,,
2003-11-05,217,33,,,
2003-11-06,228,44,,,
2003-11-07,178,67,,,
2003-11-08,256,56,,,
2003-11-09,278,78,,,
2003-11-10,217,78,,,
2003-11-11,250,111,,,
2003-11-12,167,139,,,
2003-11-13,217,128,,,
2003-11-14,222,106,,,
2003-11-15,206,78,,,
2003-11-16,183,78,,,
2003-11-17,172,67,,,
2003-11-18,222,56,,,
2003-11-19,239,67,,,
2003-11-20,239,61,,,
2003-11-21,222,61,,,
2003-11-22,167,72,,,
2003-11-23,156,17,,,
2003-11-24,172,6,,,
2003-11-25,178,56,,,
2003-11-26,194,11,,,
2003-11-27,183,39,,,
2003-11-28,178,39,,,
2003-11-29,178,28,,,
2003-11-30,217,17,,,
2003-12-01,228,22,,,
2003-12-02,239,56,,,
2003-12-03,222,33,,,
2003-12-04,217,33,,,
2003-12-05,233,39,,,
2003-12-06,217,83,,,
2003-12-07,189,50,,,
2003-12-08,167,67,,,
2003-12-09,161,11,,,
2003-12-10,172,0,,,
2003-12-11,139,0,,,
2003-12-12,128,33,,,
2003-12-13,128,11,,,
2003-12-14,172,22,,,
2003-12-15,156,39,,,
2003-12-16,161,0,,,
2003-12-17,172,0,,,
2003-12-18,178,17,,,
2003-12-19,194,17,,,
2003-12-20,200,44,,,
2003-12-21,217,56,,,
2003-12-22,200,28,,,
2003-12-23,183,78,,,
2003-12-24,167,72,,,
2003-12-25,139,56,,,
2003-12-26,161,44,,,
2003-12-27,106,22,,,
2003-12-28,100,-28,,,
2003-12-29,111,-28,,,
2003-12-30,133,6,,,
2003-12-31,139,17,,,
2004-01-01,156,67,,,
2004-01-02,194,50,,,
2004-01-03,128,39,,,
2004-01-04,117,-6,,,
2004-01-05,117,-22,,,
2004-01-06,178,-6,,,
2004-01-07,150,17,,,
2004-01-08,200,28,,,
2004-01-09,206,28,,,
2004-01-10,228,33,,,
2004-01-11,211,50,,,
2004-01-12,211,44,,,
2004-01-13,200,44,,,
2004-01-14,161,78,,,
2004-01-15,156,56,,,
2004-01-16,189,50,,,
2004-01-17,183,61,,,
2004-01-18,189,28,,,
2004-01-19,167,33,,,
2004-01-20,167,83,,,
2004-01-21,122,61,,,
2004-01-22,139,67,,,
2004-01-23,194,44,,,
2004-01-24,122,67,,,
2004-01-25,117,89,,,
2004-01-26,117,11,,,
2004-01-27,156,-6,,,
2004-01-28,144,6,,,
2004-01-29,183,6,,,
2004-01-30,189,17,,,
2004-01-31,167,33,,,
2004-02-01,156,28,,,
2004-02-02,167,6,,,
2004-02-03,100,33,,,
2004-02-04,128,17,,,
2004-02-05,133,11,,,
2004-02-06,150,0,,,
2004-02-07,194,-6,,,
2004-02-08,161,0,,,
2004-02-09,167,0,,,
2004-02-10,189,17,,,
2004-02-11,183,6,,,
2004-02-12,156,11,,,
2004-02-13,150,6,,,
2004-02-14,178,0,,,
2004-02-15,211,0,,,
2004-02-16,217,17,,,
2004-02-17,250,28,,,
2004-02-18,256,56,,,
2004-02-19,156,61,,,
2004-02-20,172,50,,,
2004-02-21,211,78,,,
2004-02-22,194,67,,,
2004-02-23,122,61,,,
2004-02-24,161,61,,,
2004-02-25,194,28,,,
2004-02-26,244,33,,,
2004-02-27,128,56,,,
2004-02-28,139,33,,,
2004-02-29,156,39,,,
2004-03-01,167,33,,,
2004-03-02,156,56,,,
2004-03-03,206,78,,,
2004-03-04,111,56,,,
2004-03-05,172,44,,,
2004-03-06,228,44,,,
2004-03-07,283,67,,,
2004-03-08,294,89,,,
2004-03-09,306,89,,,
2004-03-10,311,89,,,
2004-03-11,289,139,,,
2004-03-12,261,106,,,
2004-03-13,228,128,,,
2004-03-14,278,89,,,
2004-03-15,289,89,,,
2004-03-16,311,128,,,
2004-03-17,317,106,,,
2004-03-18,317,100,,,
2004-03-19,311,89,,,
2004-03-20,306,89,,,
2004-03-21,322,122,,,
2004-03-22,306,172,,,
2004-03-23,306,150,,,
2004-03-24,322,122,,,
2004-03-25,306,139,,,
2004-03-26,283,111,,,
2004-03-27,261,94,,,
2004-03-28,311,94,,,
2004-03-29,328,128,,,
2004-03-30,333,122,,,
2004-03-31,328,150,,,
2004-04-01,294,144,,,
2004-04-02,156,94,,,
2004-04-03,189,83,,,
2004-04-04,189,83,,,
2004-04-05,200,78,,,
2004-04-06,256,117,,,
2004-04-07,278,111,,,
2004-04-08,261,100,,,
2004-04-09,267,122,,,
2004-04-10,278,133,,,
2004-04-11,250,117,,,
2004-04-12,272,78,,,
2004-04-13,306,106,,,
2004-04-14,311,111,,,
2004-04-15,317,100,,,
2004-04-16,311,133,,,
2004-04-17,306,128,,,
2004-04-18,261,111,,,
2004-04-19,261,83,,,
2004-04-20,272,89,,,
2004-04-21,283,106,,,
2004-04-22,261,139,,,
2004-04-23,283,94,,,
2004-04-24,311,111,,,
2004-04-25,356,122,,,
2004-04-26,350,144,,,
2004-04-27,361,156,,,
2004-04-28,344,156,,,
2004-04-29,272,161,,,
2004-04-30,289,128,,,
2004-05-01,333,156,,,
2004-05-02,344,139,,,
2004-05-03,372,150,,,
2004-05-04,383,172,,,
2004-05-05,372,178,,,
2004-05-06,367,167,,,
2004-05-07,383,167,,,
2004-05-08,400,189,,,
2004-05-09,378,183,,,
2004-05-10,367,189,,,
2004-05-11,333,228,,,
2004-05-12,300,178,,,
2004-05-13,333,128,,,
2004-05-14,367,150,,,
2004-05-15,378,144,,,
2004-05-16,367,167,,,
2004-05-17,367,178,,,
2004-05-18,367,189,,,
2004-05-19,378,161,,,
2004-05-20,361,189,,,
2004-05-21,339,183,,,
2004-05-22,317,167,,,
2004-05-23,344,144,,,
2004-05-24,344,156,,,
2004-05-25,344,189,,,
2004-05-26,339,167,,,
2004-05-27,339,189,,,
2004-05-28,361,172,,,
2004-05-29,317,200,,,
2004-05-30,350,183,,,
2004-05-31,389,178,,,
2004-06-01,400,189,,,
2004-06-02,417,194,,,
2004-06-03,433,194,,,
2004-06-04,428,222,,,
2004-06-05,417,189,,,
2004-06-06,411,217,,,
2004-06-07,406,222,,,
2004-06-08,378,217,,,
2004-06-09,361,217,,,
2004-06-10,328,167,,,
2004-06-11,361,150,,,
2004-06-12,383,172,,,
2004-06-13,400,172,,,
2004-06-14,411,206,,,
2004-06-15,400,194,,,
2004-06-16,389,222,,,
2004-06-17,394,206,,,
2004-06-18,400,206,,,
2004-06-19,406,211,,,
2004-06-20,406,189,,,
2004-06-21,389,189,,,
2004-06-22,394,211,,,
2004-06-23,394,239,,,
2004-06-24,394,222,,,
2004-06-25,411,217,,,
2004-06-26,422,239,,,
2004-06-27,411,244,,,
2004-06-28,394,261,,,
2004-06-29,389,244,,,
2004-06-30,383,206,,,
2004-07-01,394,183,,,
2004-07-02,406,189,,,
2004-07-03,394,189,,,
2004-07-04,389,200,,,
2004-07-05,411,183,,,
2004-07-06,411,206,,,
2004-07-07,411,211,,,
2004-07-08,406,233,,,
2004-07-09,378,250,,,
2004-07-10,428,239,,,
2004-07-11,428,272,,,
2004-07-12,444,278,,,
2004-07-13,417,261,,,
2004-07-14,344,267,,,
2004-07-15,389,261,,,
2004-07-16,383,256,,,
2004-07-17,394,239,,,
2004-07-18,433,250,,,
2004-07-19,428,261,,,
2004-07-20,422,256,,,
2004-07-21,433,239,,,
2004-07-22,400,272,,,
2004-07-24,389,261,,,
2004-07-25,406,250,,,
2004-07-26,378,228,,,
2004-07-27,394,228,,,
2004-07-28,400,206,,,
2004-07-29,389,233,,,
2004-07-30,422,256,,,
2004-07-31,433,267,,,
2004-08-01,433,250,,,
2004-08-02,394,261,,,
2004-08-03,411,272,,,
2004-08-04,400,278,,,
2004-08-05,367,272,,,
2004-08-06,361,239,,,
2004-08-07,417,239,,,
2004-08-08,450,261,,,
2004-08-09,428,272,,,
2004-08-10,433,250,,,
2004-08-11,433,239,,,
2004-08-12,400,267,,,
2004-08-13,400,200,,,
2004-08-14,333,211,,,
2004-08-15,344,211,,,
2004-08-16,367,200,,,
2004-08-17,361,206,,,
2004-08-18,378,206,,,
2004-08-19,328,189,,,
2004-08-20,383,206,,,
2004-08-21,378,206,,,
2004-08-22,383,206,,,
2004-08-23,361,206,,,
2004-08-24,322,233,,,
2004-08-25,372,206,,,
2004-08-26,383,200,,,
2004-08-27,394,206,,,
2004-08-28,394,200,,,
2004-08-29,406,194,,,
2004-08-30,411,228,,,
2004-08-31,428,228,,,
2004-09-01,411,222,,,
2004-09-02,417,256,,,
2004-09-03,372,200,,,
2004-09-04,317,222,,,
2004-09-05,350,178,,,
2004-09-06,378,172,,,
2004-09-07,389,200,,,
2004-09-08,389,217,,,
2004-09-09,400,233,,,
2004-09-10,406,211,,,
2004-09-11,411,244,,,
2004-09-12,411,211,,,
2004-09-13,394,233,,,
2004-09-14,378,228,,,
2004-09-15,383,200,,,
2004-09-16,389,189,,,
2004-09-17,394,200,,,
2004-09-18,361,200,,,
2004-09-19,322,189,,,
2004-09-20,306,206,,,
2004-09-21,300,144,,,
2004-09-22,317,139,,,
2004-09-23,339,139,,,
2004-09-24,367,161,,,
2004-09-25,339,167,,,
2004-09-26,339,150,,,
2004-09-27,356,178,,,
2004-09-28,333,183,,,
2004-09-29,333,178,,,
2004-09-30,311,133,,,
2004-10-01,311,133,,,
2004-10-02,344,139,,,
2004-10-03,339,172,,,
2004-10-04,350,150,,,
2004-10-05,328,144,,,
2004-10-06,333,150,,,
2004-10-07,339,150,,,
2004-10-08,356,139,,,
2004-10-09,356,156,,,
2004-10-10,328,167,,,
2004-10-11,311,183,,,
2004-10-12,317,167,,,
2004-10-13,317,144,,,
2004-10-14,317,167,,,
2004-10-15,317,128,,,
2004-10-16,322,133,,,
2004-10-17,261,194,,,
2004-10-18,250,144,,,
2004-10-19,261,128,,,
2004-10-20,306,144,,,
2004-10-21,278,111,,,
2004-10-22,217,100,,,
2004-10-23,256,72,,,
2004-10-24,267,100,,,
2004-10-25,261,133,,,
2004-10-26,272,133,,,
2004-10-27,267,156,,,
2004-10-28,178,83,,,
2004-10-29,206,78,,,
2004-10-30,233,61,,,
2004-10-31,206,72,,,
2004-11-01,189,83,,,
2004-11-02,200,67,,,
2004-11-03,222,28,,,
2004-11-04,267,44,,,
2004-11-05,267,89,,,
2004-11-06,244,100,,,
2004-11-07,217,156,,,
2004-11-08,228,111,,,
2004-11-09,206,89,,,
2004-11-10,228,61,,,
2004-11-11,233,50,,,
2004-11-12,194,94,,,
2004-11-13,150,72,,,
2004-11-14,211,72,,,
2004-11-15,189,117,,,
2004-11-16,200,89,,,
2004-11-17,228,83,,,
2004-11-18,239,72,,,
2004-11-19,222,72,,,
2004-11-20,211,56,,,
2004-11-21,194,106,,,
2004-11-22,144,78,,,
2004-11-23,122,72,,,
2004-11-24,172,61,,,
2004-11-25,206,33,,,
2004-11-26,178,39,,,
2004-11-27,211,44,,,
2004-11-28,161,61,,,
2004-11-29,128,11,,,
2004-11-30,128,-11,,,
2004-12-01,161,0,,,
2004-12-02,167,0,,,
2004-12-03,194,11,,,
2004-12-04,83,28,,,
2004-12-05,106,22,,,
2004-12-06,133,50,,,
2004-12-07,133,50,,,
2004-12-08,178,56,,,
2004-12-09,200,33,,,
2004-12-10,233,39,,,
2004-12-11,222,61,,,
2004-12-12,217,39,,,
2004-12-13,211,39,,,
2004-12-14,189,67,,,
2004-12-15,183,28,,,
2004-12-16,194,50,,,
2004-12-17,200,67,,,
2004-12-18,200,28,,,
2004-12-19,206,28,,,
2004-12-20,183,6,,,
2004-12-21,144,39,,,
2004-12-22,150,22,,,
2004-12-23,122,-6,,,
2004-12-24,139,17,,,
2004-12-25,156,-6,,,
2004-12-26,167,0,,,
2004-12-27,172,50,,,
2004-12-28,183,39,,,
2004-12-29,178,106,,,
2004-12-30,178,67,,,
2004-12-31,139,44,,,
2005-01-01,178,50,,,
2005-01-02,128,50,,,
2005-01-03,106,72,,,
2005-01-04,94,33,,,
2005-01-05,128,17,,,
2005-01-06,128,0,,,
2005-01-07,94,0,,,
2005-01-08,133,61,,,
2005-01-09,161,56,,,
2005-01-10,178,61,,,
2005-01-11,178,78,,,
2005-01-12,133,28,,,
2005-01-13,139,0,,,
2005-01-14,167,39,,,
2005-01-15,200,0,,,
2005-01-16,217,11,,,
2005-01-17,222,28,,,
2005-01-18,233,44,,,
2005-01-19,239,50,,,
2005-01-20,206,61,,,
2005-01-21,194,106,,,
2005-01-22,228,78,,,
2005-01-23,222,89,,,
2005-01-24,200,72,,,
2005-01-25,189,61,,,
2005-01-26,133,100,,,
2005-01-27,172,83,,,
2005-01-28,178,50,,,
2005-01-29,117,39,,,
2005-01-30,133,44,,,
2005-01-31,167,33,,,
2005-02-01,161,44,,,
2005-02-02,172,39,,,
2005-02-03,183,67,,,
2005-02-04,156,56,,,
2005-02-05,189,56,,,
2005-02-06,178,61,,,
2005-02-07,133,78,,,
2005-02-08,194,56,,,
2005-02-09,189,44,,,
2005-02-10,139,83,,,
2005-02-11,128,100,,,
2005-02-12,144,106,,,
2005-02-13,178,78,,,
2005-02-14,189,72,,,
2005-02-15,172,89,,,
2005-02-16,217,72,,,
2005-02-17,189,83,,,
2005-02-18,217,111,,,
2005-02-19,117,83,,,
2005-02-20,189,94,,,
2005-02-21,206,72,,,
2005-02-22,194,100,,,
2005-02-23,189,72,,,
2005-02-24,167,61,,,
2005-02-25,200,56,,,
2005-02-26,189,56,,,
2005-02-27,200,56,,,
2005-02-28,200,50,,,
2005-03-01,211,56,,,
2005-03-02,206,50,,,
2005-03-03,206,56,,,
2005-03-04,217,50,,,
2005-03-05,122,78,,,
2005-03-06,144,61,,,
2005-03-07,206,56,,,
2005-03-08,233,67,,,
2005-03-09,283,72,,,
2005-03-10,283,72,,,
2005-03-11,289,83,,,
2005-03-12,256,83,,,
2005-03-13,244,100,,,
2005-03-14,211,78,,,
2005-03-15,172,39,,,
2005-03-16,194,22,,,
2005-03-17,200,44,,,
2005-03-18,189,72,,,
2005-03-19,139,94,,,
2005-03-20,189,89,,,
2005-03-21,206,50,,,
2005-03-22,244,67,,,
2005-03-23,211,94,,,
2005-03-24,194,100,,,
2005-03-25,183,78,,,
2005-03-26,200,50,,,
2005-03-27,233,44,,,
2005-03-28,228,72,,,
2005-03-29,194,94,,,
2005-03-30,211,94,,,
2005-03-31,206,89,,,
2005-04-01,250,89,,,
2005-04-02,278,78,,,
2005-04-03,294,100,,,
2005-04-04,244,111,,,
2005-04-05,256,56,,,
2005-04-06,300,72,,,
2005-04-07,322,106,,,
2005-04-08,244,128,,,
2005-04-09,178,94,,,
2005-04-10,217,56,,,
2005-04-11,256,56,,,
2005-04-12,300,72,,,
2005-04-13,328,100,,,
2005-04-14,322,117,,,
2005-04-15,311,100,,,
2005-04-16,333,100,,,
2005-04-17,322,117,,,
2005-04-18,306,122,,,
2005-04-19,278,122,,,
2005-04-20,256,94,,,
2005-04-21,294,78,,,
2005-04-22,289,94,,,
2005-04-23,311,111,,,
2005-04-24,206,122,,,
2005-04-25,233,94,,,
2005-04-26,272,106,,,
2005-04-27,278,106,,,
2005-04-28,250,128,,,
2005-04-29,228,128,,,
2005-04-30,289,100,,,
2005-05-01,283,128,,,
2005-05-02,306,117,,,
2005-05-03,300,122,,,
2005-05-04,333,139,,,
2005-05-05,339,150,,,
2005-05-06,256,150,,,
2005-05-07,267,111,,,
2005-05-08,294,100,,,
2005-05-09,317,117,,,
2005-05-10,278,144,,,
2005-05-11,278,111,,,
2005-05-12,306,100,,,
2005-05-13,333,122,,,
2005-05-14,333,133,,,
2005-05-15,367,144,,,
2005-05-16,356,178,,,
2005-05-17,311,172,,,
2005-05-18,328,144,,,
2005-05-19,389,161,,,
2005-05-20,406,178,,,
2005-05-21,417,189,,,
2005-05-22,417,189,,,
2005-05-23,411,222,,,
2005-05-24,383,200,,,
2005-05-25,394,200,,,
2005-05-26,394,200,,,
2005-05-27,372,222,,,
2005-05-28,344,200,,,
2005-05-29,339,200,,,
2005-05-30,344,217,,,
2005-05-31,356,167,,,
2005-06-01,378,178,,,
2005-06-02,322,194,,,
2005-06-03,317,189,,,
2005-06-04,350,172,,,
2005-06-05,356,178,,,
2005-06-06,344,194,,,
2005-06-07,344,167,,,
2005-06-08,356,156,,,
2005-06-09,333,178,,,
2005-06-10,339,200,,,
2005-06-11,356,200,,,
2005-06-12,344,200,,,
2005-06-13,378,183,,,
2005-06-14,411,211,,,
2005-06-15,394,228,,,
2005-06-16,389,211,,,
2005-06-17,378,194,,,
2005-06-18,383,178,,,
2005-06-19,411,189,,,
2005-06-20,444,217,,,
2005-06-21,444,267,,,
2005-06-22,428,261,,,
2005-06-23,411,272,,,
2005-06-24,406,233,,,
2005-06-25,400,239,,,
2005-06-26,406,222,,,
2005-06-27,417,211,,,
2005-06-28,406,228,,,
2005-06-29,417,206,,,
2005-06-30,433,200,,,
2005-07-01,417,189,,,
2005-07-02,422,233,,,
2005-07-03,411,228,,,
2005-07-04,417,211,,,
2005-07-05,433,217,,,
2005-07-06,428,228,,,
2005-07-07,422,233,,,
2005-07-08,411,250,,,
2005-07-09,417,239,,,
2005-07-10,417,217,,,
2005-07-11,433,206,,,
2005-07-12,439,222,,,
2005-07-13,444,272,,,
2005-07-14,433,267,,,
2005-07-15,389,294,,,
2005-07-16,444,294,,,
2005-07-17,444,278,,,
2005-07-18,433,267,,,
2005-07-19,417,278,,,
2005-07-20,411,283,,,
2005-07-21,450,289,,,
2005-07-22,400,244,,,
2005-07-23,383,222,,,
2005-07-24,389,217,,,
2005-07-25,367,250,,,
2005-07-26,400,239,,,
2005-07-27,372,233,,,
2005-07-28,400,239,,,
2005-07-29,422,283,,,
2005-07-30,394,250,,,
2005-07-31,344,222,,,
2005-08-01,383,217,,,
2005-08-02,394,200,,,
2005-08-03,339,211,,,
2005-08-04,372,217,,,
2005-08-05,383,217,,,
2005-08-06,378,250,,,
2005-08-07,389,261,,,
2005-08-08,339,256,,,
2005-08-09,333,239,,,
2005-08-10,328,222,,,
2005-08-11,356,228,,,
2005-08-12,344,206,,,
2005-08-13,356,200,,,
2005-08-14,311,206,,,
2005-08-15,356,206,,,
2005-08-16,372,211,,,
2005-08-17,383,217,,,
2005-08-18,394,244,,,
2005-08-19,389,217,,,
2005-08-20,389,194,,,
2005-08-21,406,244,,,
2005-08-22,394,256,,,
2005-08-23,361,250,,,
2005-08-24,378,222,,,
2005-08-25,400,239,,,
2005-08-26,422,239,,,
2005-08-27,422,256,,,
2005-08-28,433,244,,,
2005-08-29,428,239,,,
2005-08-30,406,256,,,
2005-08-31,406,233,,,
2005-09-01,406,244,,,
2005-09-02,344,222,,,
2005-09-03,350,250,,,
2005-09-04,372,239,,,
2005-09-05,383,250,,,
2005-09-06,394,261,,,
2005-09-07,361,278,,,
2005-09-08,367,272,,,
2005-09-09,378,206,,,
2005-09-10,344,189,,,
2005-09-11,350,189,,,
2005-09-12,344,189,,,
2005-09-13,350,161,,,
2005-09-14,333,167,,,
2005-09-15,350,178,,,
2005-09-16,367,194,,,
2005-09-17,361,172,,,
2005-09-18,372,167,,,
2005-09-19,383,178,,,
2005-09-20,372,206,,,
2005-09-21,361,211,,,
2005-09-22,378,222,,,
2005-09-23,389,222,,,
2005-09-24,361,194,,,
2005-09-25,372,172,,,
2005-09-26,361,206,,,
2005-09-27,367,217,,,
2005-09-28,361,211,,,
2005-09-29,361,167,,,
2005-09-30,361,156,,,
2005-10-01,361,183,,,
2005-10-02,367,211,,,
2005-10-03,361,194,,,
2005-10-04,333,211,,,
2005-10-05,350,211,,,
2005-10-06,344,183,,,
2005-10-07,344,200,,,
2005-10-08,344,211,,,
2005-10-09,272,167,,,
2005-10-10,278,133,,,
2005-10-11,278,133,,,
2005-10-12,306,117,,,
2005-10-13,317,150,,,
2005-10-14,317,178,,,
2005-10-15,294,167,,,
2005-10-16,283,178,,,
2005-10-17,344,172,,,
2005-10-18,272,133,,,
2005-10-19,239,117,,,
2005-10-20,278,100,,,
2005-10-21,294,133,,,
2005-10-22,300,128,,,
2005-10-23,283,128,,,
2005-10-24,283,133,,,
2005-10-25,294,144,,,
2005-10-26,278,122,,,
2005-10-27,278,122,,,
2005-10-28,261,128,,,
2005-10-29,272,128,,,
2005-10-30,272,117,,,
2005-10-31,283,100,,,
2005-11-01,306,117,,,
2005-11-02,300,117,,,
2005-11-03,261,122,,,
2005-11-04,283,100,,,
2005-11-05,261,89,,,
2005-11-06,228,83,,,
2005-11-07,283,89,,,
2005-11-08,278,106,,,
2005-11-09,289,111,,,
2005-11-10,239,117,,,
2005-11-11,222,122,,,
2005-11-12,239,72,,,
2005-11-13,256,72,,,
2005-11-14,250,78,,,
2005-11-15,228,100,,,
2005-11-16,228,94,,,
2005-11-17,233,78,,,
2005-11-18,239,111,,,
2005-11-19,239,50,,,
2005-11-20,244,100,,,
2005-11-21,233,67,,,
2005-11-22,211,61,,,
2005-11-23,178,50,,,
2005-11-24,244,100,,,
2005-11-25,228,78,,,
2005-11-26,206,78,,,
2005-11-27,133,50,,,
2005-11-28,150,-6,,,
2005-11-29,183,6,,,
2005-11-30,194,11,,,
2005-12-01,200,39,,,
2005-12-02,217,56,,,
2005-12-03,211,72,,,
2005-12-04,167,67,,,
2005-12-05,150,11,,,
2005-12-06,161,-17,,,
2005-12-07,156,6,,,
2005-12-08,156,22,,,
2005-12-09,161,22,,,
2005-12-10,189,0,,,
2005-12-11,161,39,,,
2005-12-12,150,61,,,
2005-12-13,178,44,,,
2005-12-14,183,11,,,
2005-12-15,128,17,,,
2005-12-16,156,0,,,
2005-12-17,133,0,,,
2005-12-18,139,11,,,
2005-12-19,172,28,,,
2005-12-20,200,17,,,
2005-12-21,217,56,,,
2005-12-22,217,50,,,
2005-12-23,217,56,,,
2005-12-24,244,50,,,
2005-12-25,211,33,,,
2005-12-26,222,39,,,
2005-12-27,206,56,,,
2005-12-28,211,39,,,
2005-12-29,200,44,,,
2005-12-30,200,28,,,
2005-12-31,172,44,,,
2006-01-01,194,100,,,
2006-01-02,239,67,,,
2006-01-03,228,67,,,
2006-01-04,189,39,,,
2006-01-05,228,50,,,
2006-01-06,228,78,,,
2006-01-07,222,28,,,
2006-01-08,206,33,,,
2006-01-09,189,22,,,
2006-01-10,178,33,,,
2006-01-11,172,0,,,
2006-01-12,194,11,,,
2006-01-13,228,28,,,
2006-01-14,239,67,,,
2006-01-15,172,78,,,
2006-01-16,144,28,,,
2006-01-17,161,-11,,,
2006-01-18,189,22,,,
2006-01-19,156,44,,,
2006-01-20,156,-11,,,
2006-01-21,167,-11,,,
2006-01-22,172,-6,,,
2006-01-23,200,22,,,
2006-01-24,222,83,,,
2006-01-25,183,50,,,
2006-01-26,156,6,,,
2006-01-27,178,6,,,
2006-01-28,183,6,,,
2006-01-29,194,22,,,
2006-01-30,206,17,,,
2006-01-31,194,44,,,
2006-02-01,200,33,,,
2006-02-02,222,39,,,
2006-02-03,228,44,,,
2006-02-04,250,39,,,
2006-02-05,211,72,,,
2006-02-06,233,83,,,
2006-02-07,228,28,,,
2006-02-08,256,28,,,
2006-02-09,167,83,,,
2006-02-10,228,28,,,
2006-02-11,211,61,,,
2006-02-12,222,17,,,
2006-02-13,250,39,,,
2006-02-14,244,39,,,
2006-02-15,228,83,,,
2006-02-16,206,94,,,
2006-02-17,200,89,,,
2006-02-18,206,56,,,
2006-02-19,178,33,,,
2006-02-20,178,17,,,
2006-02-21,172,17,,,
2006-02-22,206,6,,,
2006-02-23,217,11,,,
2006-02-24,244,33,,,
2006-02-25,244,50,,,
2006-02-26,261,61,,,
2006-02-27,256,61,,,
2006-02-28,261,83,,,
2006-03-01,228,117,,,
2006-03-02,256,72,,,
2006-03-03,261,61,,,
2006-03-04,228,67,,,
2006-03-05,267,33,,,
2006-03-06,272,56,,,
2006-03-07,250,83,,,
2006-03-08,156,44,,,
2006-03-09,183,22,,,
2006-03-10,150,83,,,
2006-03-11,67,0,,,
2006-03-12,117,0,,,
2006-03-13,128,0,,,
2006-03-14,172,6,,,
2006-03-15,228,61,,,
2006-03-16,211,44,,,
2006-03-17,239,67,,,
2006-03-18,183,83,,,
2006-03-19,100,44,,,
2006-03-20,139,50,,,
2006-03-21,183,50,,,
2006-03-22,183,33,,,
2006-03-23,239,44,,,
2006-03-24,256,83,,,
2006-03-25,278,67,,,
2006-03-26,256,117,,,
2006-03-27,211,117,,,
2006-03-28,211,139,,,
2006-03-29,228,111,,,
2006-03-30,211,111,,,
2006-03-31,239,94,,,
2006-04-01,228,111,,,
2006-04-02,267,56,,,
2006-04-03,300,106,,,
2006-04-04,261,156,,,
2006-04-05,211,94,,,
2006-04-06,194,78,,,
2006-04-07,256,67,,,
2006-04-08,300,83,,,
2006-04-09,306,94,,,
2006-04-10,261,139,,,
2006-04-11,267,106,,,
2006-04-12,333,94,,,
2006-04-13,333,100,,,
2006-04-14,300,156,,,
2006-04-15,261,133,,,
2006-04-16,289,106,,,
2006-04-17,278,106,,,
2006-04-18,278,122,,,
2006-04-19,306,106,,,
2006-04-20,317,106,,,
2006-04-21,322,122,,,
2006-04-22,328,144,,,
2006-04-23,267,139,,,
2006-04-24,267,94,,,
2006-04-25,300,100,,,
2006-04-26,333,122,,,
2006-04-27,250,139,,,
2006-04-28,211,128,,,
2006-04-29,306,100,,,
2006-04-30,344,139,,,
2006-05-01,367,156,,,
2006-05-02,350,161,,,
2006-05-03,344,161,,,
2006-05-04,328,161,,,
2006-05-05,289,150,,,
2006-05-06,311,144,,,
2006-05-07,328,150,,,
2006-05-08,344,178,,,
2006-05-09,333,156,,,
2006-05-10,361,167,,,
2006-05-11,367,167,,,
2006-05-12,372,172,,,
2006-05-13,378,183,,,
2006-05-14,389,189,,,
2006-05-15,389,200,,,
2006-05-16,383,239,,,
2006-05-17,400,211,,,
2006-05-18,394,183,,,
2006-05-19,383,206,,,
2006-05-20,389,200,,,
2006-05-21,400,211,,,
2006-05-22,322,194,,,
2006-05-23,344,150,,,
2006-05-24,389,167,,,
2006-05-25,389,189,,,
2006-05-26,372,194,,,
2006-05-27,344,189,,,
2006-05-28,300,189,,,
2006-05-29,344,150,,,
2006-05-30,361,156,,,
2006-05-31,389,150,,,
2006-06-01,417,183,,,
2006-06-02,400,228,,,
2006-06-03,428,256,,,
2006-06-04,450,239,,,
2006-06-05,406,250,,,
2006-06-06,383,278,,,
2006-06-07,394,239,,,
2006-06-08,394,239,,,
2006-06-09,400,239,,,
2006-06-10,394,217,,,
2006-06-11,400,206,,,
2006-06-12,411,200,,,
2006-06-13,433,206,,,
2006-06-14,406,228,,,
2006-06-15,383,200,,,
2006-06-16,378,222,,,
2006-06-17,406,217,,,
2006-06-18,428,228,,,
2006-06-19,433,239,,,
2006-06-20,422,244,,,
2006-06-21,417,222,,,
2006-06-22,417,244,,,
2006-06-23,422,250,,,
2006-06-24,411,278,,,
2006-06-25,439,278,,,
2006-06-26,406,244,,,
2006-06-27,400,267,,,
2006-06-28,400,267,,,
2006-06-29,417,272,,,
2006-06-30,406,250,,,
2006-07-01,422,244,,,
2006-07-02,406,256,,,
2006-07-03,400,278,,,
2006-07-04,411,283,,,
2006-07-05,361,233,,,
2006-07-06,372,250,,,
2006-07-07,367,217,,,
2006-07-08,389,211,,,
2006-07-09,428,239,,,
2006-07-10,417,278,,,
2006-07-11,428,250,,,
2006-07-12,422,267,,,
2006-07-13,444,278,,,
2006-07-14,478,289,,,
2006-07-15,444,311,,,
2006-07-16,411,306,,,
2006-07-17,422,289,,,
2006-07-18,411,278,,,
2006-07-19,422,278,,,
2006-07-20,422,283,,,
2006-07-21,450,278,,,
2006-07-22,433,278,,,
2006-07-23,422,300,,,
2006-07-24,444,272,,,
2006-07-25,417,228,,,
2006-07-26,356,233,,,
2006-07-27,339,244,,,
2006-07-28,328,222,,,
2006-07-29,333,211,,,
2006-07-30,311,217,,,
2006-07-31,344,244,,,
2006-08-01,361,261,,,
2006-08-02,378,250,,,
2006-08-03,378,228,,,
2006-08-04,322,250,,,
2006-08-05,378,228,,,
2006-08-06,406,239,,,
2006-08-07,400,233,,,
2006-08-08,378,233,,,
2006-08-09,389,278,,,
2006-08-10,394,256,,,
2006-08-11,389,233,,,
2006-08-12,367,217,,,
2006-08-13,361,217,,,
2006-08-14,361,222,,,
2006-08-15,350,233,,,
2006-08-16,361,239,,,
2006-08-17,378,244,,,
2006-08-18,389,239,,,
2006-08-19,411,239,,,
2006-08-20,389,261,,,
2006-08-21,400,239,,,
2006-08-22,356,261,,,
2006-08-23,378,244,,,
2006-08-24,328,239,,,
2006-08-25,356,228,,,
2006-08-26,383,228,,,
2006-08-27,400,228,,,
2006-08-28,411,206,,,
2006-08-29,400,239,,,
2006-08-30,394,267,,,
2006-08-31,378,233,,,
2006-09-01,406,217,,,
2006-09-02,367,211,,,
2006-09-03,333,211,,,
2006-09-04,344,211,,,
2006-09-05,356,222,,,
2006-09-06,367,239,,,
2006-09-07,261,178,,,
2006-09-08,322,167,,,
2006-09-09,289,200,,,
2006-09-10,344,189,,,
2006-09-11,372,189,,,
2006-09-12,317,228,,,
2006-09-13,333,206,,,
2006-09-14,333,200,,,
2006-09-15,328,183,,,
2006-09-16,322,189,,,
2006-09-17,333,178,,,
2006-09-18,339,178,,,
2006-09-19,350,183,,,
2006-09-20,322,194,,,
2006-09-21,306,161,,,
2006-09-22,306,167,,,
2006-09-23,306,206,,,
2006-09-24,322,178,,,
2006-09-25,344,217,,,
2006-09-26,361,194,,,
2006-09-27,372,228,,,
2006-09-28,383,183,,,
2006-09-29,356,194,,,
2006-09-30,367,183,,,
2006-10-01,372,211,,,
2006-10-02,361,217,,,
2006-10-03,361,211,,,
2006-10-04,378,200,,,
2006-10-05,339,194,,,
2006-10-06,283,189,,,
2006-10-07,317,167,,,
2006-10-08,278,156,,,
2006-10-09,256,144,,,
2006-10-10,283,139,,,
2006-10-11,311,139,,,
2006-10-12,317,133,,,
2006-10-13,317,156,,,
2006-10-14,267,167,,,
2006-10-15,250,133,,,
2006-10-16,267,111,,,
2006-10-17,250,150,,,
2006-10-18,250,106,,,
2006-10-19,250,78,,,
2006-10-20,283,94,,,
2006-10-21,283,122,,,
2006-10-22,289,111,,,
2006-10-23,283,133,,,
2006-10-24,283,156,,,
2006-10-25,211,144,,,
2006-11-15,189,133,,,
2006-11-16,256,94,,,
2006-11-17,244,61,,,
2006-11-18,261,78,,,
2006-11-19,278,78,,,
2006-11-20,267,106,,,
2006-11-21,256,100,,,
2006-11-22,244,94,,,
2006-11-23,211,83,,,
2006-11-24,228,67,,,
2006-11-25,244,83,,,
2006-11-26,228,61,,,
2006-11-27,194,61,,,
2006-11-28,156,100,,,
2006-11-29,122,39,,,
2006-11-30,111,0,,,
2006-12-01,172,0,,,
2006-12-02,183,11,,,
2006-12-03,189,39,,,
2006-12-04,172,44,,,
2006-12-05,189,39,,,
2006-12-06,206,11,,,
2006-12-07,239,50,,,
2006-12-08,200,72,,,
2006-12-09,194,56,,,
2006-12-10,183,56,,,
2006-12-11,194,56,,,
2006-12-12,172,17,,,
2006-12-13,194,17,,,
2006-12-14,183,44,,,
2006-12-15,194,39,,,
2006-12-16,178,39,,,
2006-12-17,156,78,,,
2006-12-18,156,56,,,
2006-12-19,122,17,,,
2006-12-20,117,-6,,,
2006-12-21,144,-11,,,
2006-12-22,106,6,,,
2006-12-23,189,6,,,
2006-12-24,161,17,,,
2006-12-25,189,39,,,
2006-12-26,189,11,,,
2006-12-27,161,50,,,
2006-12-28,106,50,,,
2006-12-29,122,44,,,
2006-12-30,144,17,,,
2006-12-31,150,11,,,
2007-01-01,167,28,,,
2007-01-02,206,50,,,
2007-01-03,194,28,,,
2007-01-04,189,17,,,
2007-01-05,144,50,,,
2007-01-06,144,22,,,
2007-01-07,178,6,,,
2007-01-08,206,28,,,
2007-01-09,222,50,,,
2007-01-10,167,33,,,
2007-01-11,228,50,,,
2007-01-12,156,61,,,
2007-01-13,100,0,,,
2007-01-14,83,-39,,,
2007-01-15,117,-44,,,
2007-01-16,128,11,,,
2007-01-17,133,17,,,
2007-01-18,167,11,,,
2007-01-19,122,44,,,
2007-01-20,78,39,,,
2007-01-21,56,0,,,
2007-01-22,128,6,,,
2007-01-23,144,0,,,
2007-01-24,172,0,,,
2007-01-25,178,11,,,
2007-01-26,167,17,,,
2007-01-27,167,17,,,
2007-01-28,183,17,,,
2007-01-29,200,39,,,
2007-01-30,106,61,,,
2007-01-31,133,56,,,
2007-02-01,106,56,,,
2007-02-02,144,28,,,
2007-02-03,183,6,,,
2007-02-04,206,6,,,
2007-02-05,239,44,,,
2007-02-06,228,61,,,
2007-02-07,222,50,,,
2007-02-08,228,44,,,
2007-02-09,222,78,,,
2007-02-10,217,83,,,
2007-02-11,156,89,,,
2007-02-12,206,67,,,
2007-02-13,139,67,,,
2007-02-14,150,44,,,
2007-02-15,178,17,,,
2007-02-16,211,33,,,
2007-02-17,256,44,,,
2007-02-18,211,89,,,
2007-02-19,183,61,,,
2007-02-20,167,56,,,
2007-02-21,200,28,,,
2007-02-22,239,56,,,
2007-02-23,161,67,,,
2007-02-24,161,17,,,
2007-02-25,200,6,,,
2007-02-26,206,33,,,
2007-02-27,228,56,,,
2007-02-28,139,39,,,
2007-03-01,167,0,,,
2007-03-02,189,0,,,
2007-03-03,172,50,,,
2007-03-04,206,33,,,
2007-03-05,217,56,,,
2007-03-06,239,50,,,
2007-03-07,283,72,,,
2007-03-08,294,117,,,
2007-03-09,289,100,,,
2007-03-10,294,100,,,
2007-03-11,300,94,,,
2007-03-12,311,117,,,
2007-03-13,306,128,,,
2007-03-14,317,106,,,
2007-03-15,339,111,,,
2007-03-16,356,111,,,
2007-03-17,339,128,,,
2007-03-18,328,139,,,
2007-03-19,311,117,,,
2007-03-20,294,122,,,
2007-03-21,278,128,,,
2007-03-22,200,117,,,
2007-03-23,200,100,,,
2007-03-24,228,106,,,
2007-03-25,278,94,,,
2007-03-26,272,111,,,
2007-03-27,261,106,,,
2007-03-28,161,67,,,
2007-03-29,211,44,,,
2007-03-30,233,78,,,
2007-03-31,289,83,,,
2007-04-01,311,89,,,
2007-04-02,317,106,,,
2007-04-03,322,122,,,
2007-04-04,328,111,,,
2007-04-05,328,139,,,
2007-04-06,333,144,,,
2007-04-07,311,133,,,
2007-04-08,294,172,,,
2007-04-09,272,172,,,
2007-04-10,267,172,,,
2007-04-11,289,128,,,
2007-04-12,256,72,,,
2007-04-13,217,78,,,
2007-04-14,283,89,,,
2007-04-15,267,100,,,
2007-04-16,222,89,,,
2007-04-17,244,89,,,
2007-04-18,294,117,,,
2007-04-19,272,100,,,
2007-04-20,267,89,,,
2007-04-21,189,94,,,
2007-04-22,261,72,,,
2007-04-23,222,111,,,
2007-04-24,272,78,,,
2007-04-25,311,117,,,
2007-04-26,328,128,,,
2007-04-27,356,144,,,
2007-04-28,378,156,,,
2007-04-29,344,167,,,
2007-04-30,344,200,,,
2007-05-01,322,200,,,
2007-05-02,322,178,,,
2007-05-03,306,200,,,
2007-05-04,289,150,,,
2007-05-05,244,150,,,
2007-05-06,278,111,,,
2007-05-07,322,122,,,
2007-05-08,322,183,,,
2007-05-09,361,172,,,
2007-05-10,383,178,,,
2007-05-11,400,183,,,
2007-05-12,400,206,,,
2007-05-13,400,211,,,
2007-05-14,378,200,,,
2007-05-15,389,183,,,
2007-05-16,344,183,,,
2007-05-17,356,172,,,
2007-05-18,350,200,,,
2007-05-19,367,200,,,
2007-05-20,378,200,,,
2007-05-21,344,211,,,
2007-05-22,322,189,,,
2007-05-23,311,194,,,
2007-05-24,350,178,,,
2007-05-25,378,183,,,
2007-05-26,361,200,,,
2007-05-27,372,172,,,
2007-05-28,361,178,,,
2007-05-29,372,189,,,
2007-05-30,378,178,,,
2007-05-31,378,167,,,
2007-06-01,378,189,,,
2007-06-02,378,211,,,
2007-06-03,383,239,,,
2007-06-04,406,206,,,
2007-06-05,394,244,,,
2007-06-06,317,233,,,
2007-06-07,317,194,,,
2007-06-08,372,156,,,
2007-06-09,389,194,,,
2007-06-10,383,200,,,
2007-06-11,289,222,,,
2007-06-12,367,172,,,
2007-06-13,394,206,,,
2007-06-14,428,217,,,
2007-06-15,422,228,,,
2007-06-16,417,256,,,
2007-06-17,406,228,,,
2007-06-18,411,211,,,
2007-06-19,411,222,,,
2007-06-20,422,228,,,
2007-06-21,439,244,,,
2007-06-22,439,239,,,
2007-06-23,417,239,,,
2007-06-24,417,222,,,
2007-06-25,422,211,,,
2007-06-26,439,239,,,
2007-06-27,428,244,,,
2007-06-28,422,244,,,
2007-06-29,433,244,,,
2007-06-30,439,239,,,
2007-07-01,433,239,,,
2007-07-02,428,256,,,
2007-07-03,433,261,,,
2007-07-04,461,256,,,
2007-07-05,439,300,,,
2007-07-06,433,306,,,
2007-07-07,433,278,,,
2007-07-08,400,289,,,
2007-07-09,394,294,,,
2007-07-10,400,300,,,
2007-07-11,406,278,,,
2007-07-12,428,278,,,
2007-07-13,406,283,,,
2007-07-14,400,300,,,
2007-07-15,433,283,,,
2007-07-16,444,289,,,
2007-07-17,450,294,,,
2007-07-18,450,300,,,
2007-07-19,422,289,,,
2007-07-20,378,272,,,
2007-07-21,361,206,,,
2007-07-22,383,206,,,
2007-07-23,356,250,,,
2007-07-24,350,239,,,
2007-07-25,372,239,,,
2007-07-26,361,239,,,
2007-07-27,372,256,,,
2007-07-28,339,244,,,
2007-07-29,361,228,,,
2007-07-30,389,222,,,
2007-07-31,372,233,,,
2007-08-01,361,233,,,
2007-08-02,367,233,,,
2007-08-03,378,233,,,
2007-08-04,383,211,,,
2007-08-05,306,233,,,
2007-08-06,328,211,,,
2007-08-07,356,217,,,
2007-08-08,383,217,,,
2007-08-09,400,233,,,
2007-08-10,406,267,,,
2007-08-11,428,267,,,
2007-08-12,422,272,,,
2007-08-13,433,278,,,
2007-08-14,406,278,,,
2007-08-15,406,267,,,
2007-08-16,428,239,,,
2007-08-17,411,222,,,
2007-08-18,417,272,,,
2007-08-19,400,278,,,
2007-08-20,394,283,,,
2007-08-21,428,267,,,
2007-08-22,411,267,,,
2007-08-23,417,278,,,
2007-08-24,422,272,,,
2007-08-25,372,278,,,
2007-08-26,389,256,,,
2007-08-27,406,256,,,
2007-08-28,433,278,,,
2007-08-29,433,283,,,
2007-08-30,417,278,,,
2007-08-31,411,278,,,
2007-09-01,411,261,,,
2007-09-02,406,250,,,
2007-09-03,406,256,,,
2007-09-04,417,261,,,
2007-09-05,389,267,,,
2007-09-06,350,261,,,
2007-09-07,394,206,,,
2007-09-08,406,206,,,
2007-09-09,400,239,,,
2007-09-10,406,256,,,
2007-09-11,394,217,,,
2007-09-12,394,211,,,
2007-09-13,406,228,,,
2007-09-14,406,244,,,
2007-09-15,400,261,,,
2007-09-16,378,228,,,
2007-09-17,333,222,,,
2007-09-18,350,183,,,
2007-09-19,372,200,,,
2007-09-20,372,189,,,
2007-09-21,356,189,,,
2007-09-22,350,189,,,
2007-09-23,294,189,,,
2007-09-24,311,139,,,
2007-09-25,328,139,,,
2007-09-26,344,144,,,
2007-09-27,361,144,,,
2007-09-28,339,189,,,
2007-09-29,333,206,,,
2007-09-30,339,172,,,
2007-10-01,300,228,,,
2007-10-02,344,217,,,
2007-10-03,350,194,,,
2007-10-04,339,206,,,
2007-10-05,322,206,,,
2007-10-06,250,139,,,
2007-10-07,272,111,,,
2007-10-08,344,111,,,
2007-10-09,372,189,,,
2007-10-10,361,194,,,
2007-10-11,350,139,,,
2007-10-12,344,144,,,
2007-10-13,261,161,,,
2007-10-14,283,128,,,
2007-10-15,311,144,,,
2007-10-16,278,144,,,
2007-10-17,244,128,,,
2007-10-18,294,111,,,
2007-10-19,333,133,,,
2007-10-20,333,150,,,
2007-10-21,244,150,,,
2007-10-22,272,122,,,
2007-10-23,311,150,,,
2007-10-24,317,139,,,
2007-10-25,328,139,,,
2007-10-26,317,139,,,
2007-10-27,317,122,,,
2007-10-28,339,133,,,
2007-10-29,322,150,,,
2007-10-30,317,139,,,
2007-10-31,294,133,,,
2007-11-01,300,100,,,
2007-11-02,294,100,,,
2007-11-03,306,106,,,
2007-11-04,306,117,,,
2007-11-05,311,117,,,
2007-11-06,317,122,,,
2007-11-07,306,122,,,
2007-11-08,311,117,,,
2007-11-09,283,128,,,
2007-11-10,283,111,,,
2007-11-11,272,106,,,
2007-11-12,261,111,,,
2007-11-13,300,122,,,
2007-11-14,294,100,,,
2007-11-15,228,122,,,
2007-11-16,267,111,,,
2007-11-17,278,100,,,
2007-11-18,267,89,,,
2007-11-19,283,83,,,
2007-11-20,272,89,,,
2007-11-21,233,83,,,
2007-11-22,256,100,,,
2007-11-23,217,83,,,
2007-11-24,211,78,,,
2007-11-25,183,33,,,
2007-11-26,167,61,,,
2007-11-27,217,50,,,
2007-11-28,217,94,,,
2007-11-29,206,117,,,
2007-11-30,150,122,,,
2007-12-01,150,106,,,
2007-12-02,183,50,,,
2007-12-03,211,50,,,
2007-12-04,239,50,,,
2007-12-05,206,56,,,
2007-12-06,228,61,,,
2007-12-07,200,117,,,
2007-12-08,128,56,,,
2007-12-09,139,61,,,
2007-12-10,111,50,,,
2007-12-11,94,50,,,
2007-12-12,156,28,,,
2007-12-13,150,39,,,
2007-12-14,122,28,,,
2007-12-15,133,0,,,
2007-12-16,139,17,,,
2007-12-17,178,17,,,
2007-12-18,178,17,,,
2007-12-19,172,28,,,
2007-12-20,178,22,,,
2007-12-21,128,50,,,
2007-12-22,133,-6,,,
2007-12-23,156,0,,,
2007-12-24,183,28,,,
2007-12-25,128,17,,,
2007-12-26,144,-17,,,
2007-12-27,94,11,,,
2007-12-28,122,0,,,
2007-12-29,122,-11,,,
2007-12-30,161,0,,,
2007-12-31,167,6,,,
2008-01-01,172,11,,,
2008-01-02,172,78,,,
2008-01-03,172,44,,,
2008-01-04,200,78,,,
2008-01-05,189,72,,,
2008-01-06,150,100,,,
2008-01-07,111,72,,,
2008-01-08,144,39,,,
2008-01-09,161,33,,,
2008-01-10,172,33,,,
2008-01-11,172,28,,,
2008-01-12,167,22,,,
2008-01-13,194,50,,,
2008-01-14,194,67,,,
2008-01-15,161,28,,,
2008-01-16,133,22,,,
2008-01-17,117,6,,,
2008-01-18,144,-11,,,
2008-01-19,156,0,,,
2008-01-20,167,0,,,
2008-01-21,161,6,,,
2008-01-22,189,11,,,
2008-01-23,144,6,,,
2008-01-24,150,67,,,
2008-01-25,178,61,,,
2008-01-26,178,11,,,
2008-01-27,122,61,,,
2008-01-28,156,89,,,
2008-01-29,161,44,,,
2008-01-30,100,17,,,
2008-01-31,122,6,,,
2008-02-01,156,-6,,,
2008-02-02,178,0,,,
2008-02-03,122,28,,,
2008-02-04,94,28,,,
2008-02-05,128,11,,,
2008-02-06,144,6,,,
2008-02-07,172,0,,,
2008-02-08,200,28,,,
2008-02-09,211,22,,,
2008-02-10,244,33,,,
2008-02-11,222,33,,,
2008-02-12,244,44,,,
2008-02-13,239,50,,,
2008-02-14,189,89,,,
2008-02-15,83,44,,,
2008-02-16,128,61,,,
2008-02-17,178,28,,,
2008-02-18,178,28,,,
2008-02-19,211,39,,,
2008-02-20,206,50,,,
2008-02-21,167,56,,,
2008-02-22,117,50,,,
2008-02-23,200,67,,,
2008-02-24,150,67,,,
2008-02-25,233,56,,,
2008-02-26,244,50,,,
2008-02-27,250,56,,,
2008-02-28,256,44,,,
2008-02-29,256,61,,,
2008-03-01,250,67,,,
2008-03-02,194,67,,,
2008-03-03,211,50,,,
2008-03-04,206,39,,,
2008-03-05,211,44,,,
2008-03-06,194,56,,,
2008-03-07,228,22,,,
2008-03-08,211,61,,,
2008-03-09,256,50,,,
2008-03-10,261,50,,,
2008-03-11,261,67,,,
2008-03-12,261,83,,,
2008-03-13,267,78,,,
2008-03-14,256,111,,,
2008-03-15,222,67,,,
2008-03-16,156,72,,,
2008-03-17,144,50,,,
2008-03-18,211,17,,,
2008-03-19,250,44,,,
2008-03-20,272,61,,,
2008-03-21,272,67,,,
2008-03-22,283,67,,,
2008-03-23,272,106,,,
2008-03-24,272,89,,,
2008-03-25,294,83,,,
2008-03-26,289,100,,,
2008-03-27,283,94,,,
2008-03-28,289,100,,,
2008-03-29,283,89,,,
2008-03-30,261,100,,,
2008-03-31,250,94,,,
2008-04-01,267,72,,,
2008-04-02,283,89,,,
2008-04-03,250,78,,,
2008-04-04,261,94,,,
2008-04-05,272,78,,,
2008-04-06,278,89,,,
2008-04-07,261,128,,,
2008-04-08,278,106,,,
2008-04-09,200,150,,,
2008-04-10,233,111,,,
2008-04-11,272,78,,,
2008-04-12,294,128,,,
2008-04-13,322,117,,,
2008-04-14,339,117,,,
2008-04-15,322,106,,,
2008-04-16,267,133,,,
2008-04-17,256,83,,,
2008-04-18,300,78,,,
2008-04-19,289,100,,,
2008-04-20,272,122,,,
2008-04-21,278,78,,,
2008-04-22,311,83,,,
2008-04-23,300,111,,,
2008-04-24,294,111,,,
2008-04-25,306,133,,,
2008-04-26,344,117,,,
2008-04-27,328,172,,,
2008-04-28,328,128,,,
2008-04-29,350,139,,,
2008-04-30,317,156,,,
2008-05-01,278,172,,,
2008-05-02,283,111,,,
2008-05-03,311,106,,,
2008-05-04,344,139,,,
2008-05-05,333,139,,,
2008-05-06,283,161,,,
2008-05-07,294,128,,,
2008-05-08,322,133,,,
2008-05-09,344,150,,,
2008-05-10,344,150,,,
2008-05-11,356,144,,,
2008-05-12,328,150,,,
2008-05-13,233,111,,,
2008-05-14,289,100,,,
2008-05-15,272,139,,,
2008-05-16,333,161,,,
2008-05-17,361,183,,,
2008-05-18,389,189,,,
2008-05-19,406,194,,,
2008-05-20,406,256,,,
2008-05-21,328,217,,,
2008-05-22,211,83,,,
2008-05-23,161,83,,,
2008-05-24,211,106,,,
2008-05-25,283,111,,,
2008-05-26,278,133,,,
2008-05-27,317,128,,,
2008-05-28,322,139,,,
2008-05-29,339,139,,,
2008-05-30,333,144,,,
2008-05-31,361,156,,,
2008-06-01,383,161,,,
2008-06-02,372,178,,,
2008-06-03,361,172,,,
2008-06-04,344,156,,,
2008-06-05,317,189,,,
2008-06-06,361,156,,,
2008-06-07,372,178,,,
2008-06-08,372,206,,,
2008-06-09,394,200,,,
2008-06-10,406,206,,,
2008-06-11,361,250,,,
2008-06-12,378,206,,,
2008-06-13,411,183,,,
2008-06-14,417,206,,,
2008-06-15,422,239,,,
2008-06-16,439,239,,,
2008-06-17,428,250,,,
2008-06-18,417,256,,,
2008-06-19,439,222,,,
2008-06-20,439,228,,,
2008-06-21,444,250,,,
2008-06-22,428,272,,,
2008-06-23,433,267,,,
2008-06-24,428,239,,,
2008-06-25,411,244,,,
2008-06-26,411,250,,,
2008-06-27,406,256,,,
2008-06-28,422,250,,,
2008-06-29,422,278,,,
2008-06-30,411,261,,,
2008-07-01,411,272,,,
2008-07-02,439,239,,,
2008-07-03,428,267,,,
2008-07-04,411,250,,,
2008-07-05,394,250,,,
2008-07-06,411,256,,,
2008-07-07,394,244,,,
2008-07-08,400,239,,,
2008-07-09,383,250,,,
2008-07-10,383,206,,,
2008-07-11,322,211,,,
2008-07-12,367,244,,,
2008-07-13,339,239,,,
2008-07-14,317,217,,,
2008-07-15,372,228,,,
2008-07-16,394,244,,,
2008-07-17,411,239,,,
2008-07-18,411,250,,,
2008-07-19,372,267,,,
2008-07-20,350,250,,,
2008-07-21,394,256,,,
2008-07-22,372,261,,,
2008-07-23,367,250,,,
2008-07-24,417,239,,,
2008-07-25,411,250,,,
2008-07-26,389,261,,,
2008-07-27,383,272,,,
2008-07-28,394,272,,,
2008-07-29,389,239,,,
2008-07-30,417,244,,,
2008-07-31,444,250,,,
2008-08-01,439,278,,,
2008-08-02,406,250,,,
2008-08-03,383,217,,,
2008-08-04,372,233,,,
2008-08-05,400,250,,,
2008-08-06,400,239,,,
2008-08-07,394,250,,,
2008-08-08,372,233,,,
2008-08-09,383,250,,,
2008-08-10,394,256,,,
2008-08-11,417,261,,,
2008-08-12,383,267,,,
2008-08-13,400,272,,,
2008-08-14,378,233,,,
2008-08-15,383,222,,,
2008-08-16,394,250,,,
2008-08-17,378,206,,,
2008-08-18,383,206,,,
2008-08-19,394,211,,,
2008-08-20,406,228,,,
2008-08-21,411,239,,,
2008-08-22,411,239,,,
2008-08-23,411,250,,,
2008-08-24,394,244,,,
2008-08-25,400,222,,,
2008-08-26,317,206,,,
2008-08-27,361,211,,,
2008-08-28,356,244,,,
2008-08-29,394,239,,,
2008-08-30,356,250,,,
2008-08-31,333,239,,,
2008-09-01,350,206,,,
2008-09-02,378,222,,,
2008-09-03,378,233,,,
2008-09-04,400,239,,,
2008-09-05,400,222,,,
2008-09-06,406,228,,,
2008-09-07,417,261,,,
2008-09-08,372,233,,,
2008-09-09,378,233,,,
2008-09-10,339,200,,,
2008-09-11,344,189,,,
2008-09-12,333,194,,,
2008-09-13,350,194,,,
2008-09-14,372,200,,,
2008-09-15,344,222,,,
2008-09-16,339,222,,,
2008-09-17,361,211,,,
2008-09-18,361,194,,,
2008-09-19,378,211,,,
2008-09-20,378,217,,,
2008-09-21,372,222,,,
2008-09-22,372,206,,,
2008-09-23,372,222,,,
2008-09-24,400,206,,,
2008-09-25,361,228,,,
2008-09-26,367,233,,,
2008-09-27,367,211,,,
2008-09-28,367,211,,,
2008-09-29,350,200,,,
2008-09-30,344,211,,,
2008-10-01,372,206,,,
2008-10-02,356,189,,,
2008-10-03,333,206,,,
2008-10-04,300,156,,,
2008-10-05,272,150,,,
2008-10-06,311,144,,,
2008-10-07,333,167,,,
2008-10-08,344,178,,,
2008-10-09,339,178,,,
2008-10-10,328,178,,,
2008-10-11,256,128,,,
2008-10-12,228,89,,,
2008-10-13,256,50,,,
2008-10-14,283,106,,,
2008-10-15,306,117,,,
2008-10-16,300,139,,,
2008-10-17,328,161,,,
2008-10-18,333,139,,,
2008-10-19,333,167,,,
2008-10-20,339,172,,,
2008-10-21,317,150,,,
2008-10-22,272,139,,,
2008-10-23,272,100,,,
2008-10-24,294,89,,,
2008-10-25,300,94,,,
2008-10-26,333,100,,,
2008-10-27,294,167,,,
2008-10-28,311,150,,,
2008-10-29,328,144,,,
2008-10-30,322,150,,,
2008-10-31,306,139,,,
2008-11-01,317,128,,,
2008-11-02,311,150,,,
2008-11-03,289,133,,,
2008-11-04,244,150,,,
2008-11-05,228,122,,,
2008-11-06,211,83,,,
2008-11-07,228,117,,,
2008-11-08,256,83,,,
2008-11-09,239,78,,,
2008-11-10,194,89,,,
2008-11-11,211,78,,,
2008-11-12,222,83,,,
2008-11-13,239,83,,,
2008-11-14,289,89,,,
2008-11-15,244,133,,,
2008-11-16,261,94,,,
2008-11-17,272,78,,,
2008-11-18,283,83,,,
2008-11-19,244,94,,,
2008-11-20,250,67,,,
2008-11-21,206,117,,,
2008-11-22,222,72,,,
2008-11-23,233,72,,,
2008-11-24,244,67,,,
2008-11-25,194,111,,,
2008-11-26,133,94,,,
2008-11-27,178,100,,,
2008-11-28,178,94,,,
2008-11-29,189,78,,,
2008-11-30,222,56,,,
2008-12-01,228,56,,,
2008-12-02,217,56,,,
2008-12-03,217,72,,,
2008-12-04,156,50,,,
2008-12-05,194,39,,,
2008-12-06,200,28,,,
2008-12-07,133,28,,,
2008-12-08,167,78,,,
2008-12-09,183,67,,,
2008-12-10,178,50,,,
2008-12-11,200,39,,,
2008-12-12,161,61,,,
2008-12-13,206,56,,,
2008-12-14,117,50,,,
2008-12-15,83,50,,,
2008-12-16,117,72,,,
2008-12-17,172,78,,,
2008-12-18,139,39,,,
2008-12-19,139,33,,,
2008-12-20,133,17,,,
2008-12-21,161,11,,,
2008-12-22,144,39,,,
2008-12-23,106,56,,,
2008-12-24,128,56,,,
2008-12-25,122,78,,,
2008-12-26,111,0,,,
2008-12-27,83,-6,,,
2008-12-28,139,-6,,,
2008-12-29,189,11,,,
2008-12-30,194,28,,,
2008-12-31,183,17,,,
2009-01-01,178,22,,,
2009-01-02,189,17,,,
2009-01-03,167,33,,,
2009-01-04,106,72,,,
2009-01-05,117,67,,,
2009-01-06,128,33,,,
2009-01-07,156,17,,,
2009-01-08,161,17,,,
2009-01-09,183,28,,,
2009-01-10,183,67,,,
2009-01-11,178,39,,,
2009-01-12,206,39,,,
2009-01-13,161,50,,,
