DATE,TMAX,TMIN,PRCP,SNWD,SNOW
1893-01-01,6.0,-22.0,102.0,,102.0
1893-01-02,0.0,-117.0,0.0,,0.0
1893-01-03,-94.0,-178.0,0.0,,0.0
1893-01-04,-117.0,-150.0,0.0,,0.0
1893-01-05,-56.0,,102.0,,102.0
1893-01-06,,,0.0,,0.0
1893-01-07,-44.0,-94.0,0.0,,0.0
1893-01-08,22.0,-94.0,102.0,,102.0
1893-01-09,-50.0,-161.0,0.0,,0.0
1893-01-10,-150.0,-244.0,0.0,,0.0
1893-01-11,-111.0,-222.0,0.0,,0.0
1893-01-12,-133.0,-156.0,0.0,,0.0
1893-01-13,-72.0,-150.0,25.0,,25.0
1893-01-14,-122.0,-194.0,0.0,,0.0
1893-01-15,-122.0,-267.0,0.0,,0.0
1893-01-16,-94.0,-161.0,0.0,,0.0
1893-01-17,-89.0,-222.0,0.0,,0.0
1893-01-18,-39.0,-150.0,51.0,,51.0
1893-01-19,-44.0,-233.0,0.0,,0.0
1893-01-20,-56.0,-222.0,0.0,,0.0
1893-01-21,-39.0,-178.0,0.0,,0.0
1893-01-22,-11.0,-72.0,25.0,,25.0
1893-01-23,0.0,-67.0,0.0,,0.0
1893-01-24,6.0,-61.0,0.0,,0.0
1893-01-25,-39.0,-122.0,0.0,,0.0
1893-01-26,-33.0,-122.0,0.0,,0.0
1893-01-27,-78.0,-239.0,0.0,,0.0
1893-01-28,39.0,-100.0,254.0,,0.0
1893-01-29,56.0,-117.0,0.0,,0.0
1893-01-30,-50.0,-139.0,76.0,,76.0
1893-01-31,-33.0,-111.0,0.0,,0.0
1893-02-01,0.0,-150.0,0.0,,0.0
1893-02-02,-100.0,-178.0,0.0,,0.0
1893-02-03,-61.0,-156.0,152.0,,152.0
1893-02-04,-28.0,-244.0,0.0,,0.0
1893-02-05,-22.0,-200.0,51.0,,51.0
1893-02-06,33.0,-117.0,25.0,,25.0
1893-02-07,-111.0,-178.0,0.0,,0.0
1893-02-08,-94.0,-111.0,0.0,,0.0
1893-02-09,6.0,-122.0,76.0,,76.0
1893-02-10,-17.0,-33.0,25.0,,25.0
1893-02-11,-22.0,-122.0,0.0,,0.0
1893-02-12,-6.0,-150.0,0.0,,0.0
1893-02-13,17.0,-178.0,0.0,,0.0
1893-02-14,33.0,-106.0,0.0,,0.0
1893-02-15,39.0,-56.0,0.0,,0.0
1893-02-16,-67.0,-150.0,0.0,,0.0
1893-02-17,-83.0,-156.0,51.0,,51.0
1893-02-18,-33.0,-106.0,0.0,,0.0
1893-02-19,-33.0,-139.0,51.0,,51.0
1893-02-20,-133.0,-233.0,0.0,,0.0
1893-02-21,-67.0,-172.0,51.0,,51.0
1893-02-22,-11.0,-133.0,0.0,,0.0
1893-02-23,-39.0,-106.0,152.0,,152.0
1893-02-24,-39.0,-111.0,0.0,,0.0
1893-02-25,-28.0,-67.0,0.0,,0.0
1893-02-26,-22.0,-50.0,0.0,,0.0
1893-02-27,-6.0,-78.0,0.0,,0.0
1893-02-28,28.0,-50.0,0.0,,0.0
1893-03-01,11.0,-89.0,,,
1893-03-02,0.0,-139.0,,,
1893-03-03,28.0,-128.0,,,
1893-03-04,-78.0,-122.0,,,
1893-03-05,-17.0,-139.0,,,
1893-03-06,6.0,-106.0,,,
1893-03-07,100.0,-56.0,,,25.0
1893-03-10,61.0,-22.0,,,203.0
1893-03-11,83.0,-22.0,,,
1893-03-12,33.0,-6.0,,,
1893-03-13,11.0,-28.0,,,
1893-03-14,11.0,-44.0,,,51.0
1893-03-15,-78.0,-161.0,,,
1893-03-16,-39.0,-150.0,,,
1893-03-17,-22.0,-156.0,,,
1893-03-18,-33.0,-89.0,,,
1893-03-19,6.0,-72.0,,,51.0
1893-03-20,39.0,-83.0,,,
1893-03-21,50.0,-6.0,,,
1893-03-22,0.0,-61.0,,,
1893-03-23,100.0,-33.0,,,
1893-03-24,133.0,17.0,,,
1893-03-25,-11.0,-94.0,,,
1893-03-26,0.0,-67.0,,,
1893-03-27,11.0,-67.0,,,
1893-03-28,-22.0,-67.0,,,
1893-03-29,67.0,-78.0,,,
1893-03-30,94.0,6.0,,,
1893-03-31,100.0,28.0,,,
1893-04-01,133.0,-22.0,,,
1893-04-02,33.0,-61.0,,,
1893-04-03,144.0,0.0,13.0,,
1893-04-04,50.0,39.0,51.0,,
1893-04-05,100.0,-39.0,,,
1893-04-06,33.0,-17.0,,,
1893-04-07,233.0,0.0,56.0,,
1893-04-08,228.0,17.0,,,
1893-04-09,94.0,-11.0,,,
1893-04-10,122.0,33.0,,,
1893-04-11,128.0,-6.0,,,
1893-04-12,144.0,0.0,267.0,,
1893-04-13,194.0,39.0,,,
1893-04-14,217.0,78.0,,,
1893-04-15,67.0,-39.0,0.0,,3.0
1893-04-16,122.0,-33.0,,,
1893-04-17,117.0,17.0,318.0,,
1893-04-18,72.0,-22.0,,,
1893-04-19,78.0,-22.0,,,
1893-04-20,50.0,-28.0,23.0,,
1893-04-21,56.0,-11.0,,,
1893-04-22,61.0,11.0,,,
1893-04-23,67.0,0.0,,,
1893-04-24,78.0,-11.0,191.0,,
1893-04-25,39.0,-11.0,,,
1893-04-26,56.0,33.0,,,
1893-04-27,100.0,22.0,119.0,,
1893-04-28,128.0,39.0,,,
1893-04-29,44.0,-6.0,,,
1893-04-30,78.0,0.0,,,
1893-05-01,111.0,39.0,79.0,,
1893-05-02,122.0,50.0,,,
1893-05-03,128.0,44.0,,,
1893-05-04,133.0,39.0,,,
1893-05-05,111.0,22.0,,,
1893-05-06,100.0,44.0,,,
1893-05-07,133.0,17.0,,,
1893-05-08,156.0,-6.0,,,
1893-05-09,133.0,17.0,,,
1893-05-10,244.0,44.0,132.0,,
1893-05-11,278.0,122.0,20.0,,
1893-05-12,222.0,128.0,25.0,,
1893-05-13,156.0,100.0,13.0,,
1893-05-14,194.0,56.0,,,
1893-05-15,156.0,67.0,,,
1893-05-16,117.0,44.0,,,
1893-05-17,128.0,56.0,,,
1893-05-18,128.0,56.0,,,
1893-05-19,283.0,111.0,,,
1893-05-20,239.0,56.0,,,
1893-05-21,228.0,67.0,,,
1893-05-22,256.0,78.0,,,
1893-05-23,239.0,72.0,432.0,,
1893-05-24,200.0,33.0,,,
1893-05-25,156.0,44.0,,,
1893-05-26,139.0,0.0,,,
1893-05-27,111.0,56.0,,,
1893-05-28,200.0,44.0,,,
1893-05-29,211.0,61.0,127.0,,
1893-05-30,111.0,56.0,,,
1893-05-31,211.0,78.0,,,
1893-06-01,183.0,117.0,0.0,,
1893-06-02,244.0,156.0,76.0,,
1893-06-03,228.0,139.0,0.0,,
1893-06-04,278.0,172.0,241.0,,
1893-06-05,,,0.0,,
1893-06-06,283.0,106.0,0.0,,
1893-06-07,244.0,67.0,0.0,,
1893-06-08,261.0,111.0,0.0,,
1893-06-09,289.0,167.0,0.0,,
1893-06-10,239.0,122.0,0.0,,
1893-06-11,250.0,133.0,0.0,,
1893-06-12,244.0,117.0,0.0,,
1893-06-13,256.0,139.0,0.0,,
1893-06-14,261.0,111.0,0.0,,
1893-06-15,261.0,117.0,0.0,,
1893-06-16,250.0,139.0,0.0,,
1893-06-17,278.0,133.0,0.0,,
1893-06-18,294.0,133.0,0.0,,
1893-06-19,317.0,244.0,0.0,,
1893-06-20,344.0,172.0,0.0,,
1893-06-21,300.0,178.0,0.0,,
1893-06-22,278.0,128.0,0.0,,
1893-06-23,272.0,106.0,0.0,,
1893-06-24,283.0,133.0,0.0,,
1893-06-25,283.0,194.0,0.0,,
1893-06-26,239.0,122.0,0.0,,
1893-06-27,228.0,128.0,0.0,,
1893-06-28,244.0,139.0,0.0,,
1893-06-29,228.0,183.0,0.0,,
1893-06-30,283.0,183.0,0.0,,
1893-07-01,267.0,133.0,0.0,,
1893-07-02,283.0,139.0,178.0,,
1893-07-03,272.0,133.0,0.0,,
1893-07-04,278.0,100.0,51.0,,
1893-07-05,289.0,156.0,0.0,,
1893-07-06,283.0,94.0,64.0,,
1893-07-07,311.0,111.0,0.0,,
1893-07-08,172.0,139.0,0.0,,
1893-07-09,222.0,89.0,0.0,,
1893-07-10,233.0,100.0,0.0,,
1893-07-11,283.0,111.0,0.0,,
1893-07-12,322.0,122.0,175.0,,
1893-07-13,306.0,167.0,18.0,,
1893-07-14,317.0,172.0,13.0,,
1893-07-15,289.0,178.0,114.0,,
1893-07-16,267.0,111.0,0.0,,
1893-07-17,267.0,161.0,0.0,,
1893-07-18,244.0,100.0,0.0,,
1893-07-19,244.0,,0.0,,
1893-07-20,278.0,,0.0,,
1893-07-21,300.0,183.0,0.0,,
1893-07-22,272.0,122.0,0.0,,
1893-07-23,283.0,111.0,0.0,,
1893-07-24,300.0,106.0,0.0,,
1893-07-25,322.0,117.0,0.0,,
1893-07-26,278.0,122.0,0.0,,
1893-07-27,272.0,106.0,0.0,,
1893-07-28,267.0,111.0,61.0,,
1893-07-29,283.0,106.0,0.0,,
1893-07-30,267.0,122.0,0.0,,
1893-07-31,272.0,122.0,0.0,,
1893-08-01,300.0,133.0,0.0,,
1893-08-02,317.0,111.0,0.0,,
1893-08-03,294.0,89.0,0.0,,
1893-08-04,306.0,94.0,0.0,,
1893-08-05,289.0,106.0,0.0,,
1893-08-06,283.0,100.0,0.0,,
1893-08-07,222.0,56.0,0.0,,
1893-08-08,272.0,67.0,0.0,,
1893-08-09,267.0,83.0,0.0,,
1893-08-10,328.0,122.0,0.0,,
1893-08-11,256.0,167.0,25.0,,
1893-08-12,278.0,106.0,0.0,,
1893-08-13,306.0,83.0,0.0,,
1893-08-14,267.0,83.0,0.0,,
1893-08-15,278.0,94.0,0.0,,
1893-08-16,261.0,122.0,0.0,,
1893-08-17,250.0,128.0,203.0,,
1893-08-18,239.0,111.0,51.0,,
1893-08-19,228.0,100.0,8.0,,
1893-08-20,283.0,106.0,0.0,,
1893-08-21,300.0,111.0,0.0,,
1893-08-22,283.0,94.0,0.0,,
1893-08-23,294.0,72.0,0.0,,
1893-08-24,306.0,94.0,0.0,,
1893-08-25,289.0,128.0,0.0,,
1893-08-26,283.0,106.0,0.0,,
1893-08-27,294.0,161.0,0.0,,
1893-08-28,217.0,106.0,0.0,,
1893-08-29,211.0,83.0,0.0,,
1893-08-30,239.0,39.0,0.0,,
1893-08-31,,,0.0,,
1893-09-01,211.0,33.0,0.0,,
1893-09-02,244.0,39.0,0.0,,
1893-09-03,261.0,56.0,0.0,,
1893-09-04,267.0,50.0,0.0,,
1893-09-05,272.0,89.0,0.0,,
1893-09-06,294.0,83.0,0.0,,
1893-09-07,267.0,67.0,185.0,,
1893-09-08,172.0,44.0,0.0,,
1893-09-09,200.0,44.0,0.0,,
1893-09-10,228.0,72.0,0.0,,
1893-09-11,250.0,61.0,0.0,,
1893-09-12,272.0,72.0,0.0,,
1893-09-13,289.0,78.0,58.0,,
1893-09-14,300.0,72.0,0.0,,
1893-09-15,267.0,56.0,0.0,,
1893-09-16,233.0,44.0,0.0,,
1893-09-17,233.0,67.0,135.0,,
1893-09-18,244.0,61.0,0.0,,
1893-09-19,256.0,72.0,0.0,,
1893-09-20,244.0,61.0,0.0,,
1893-09-21,261.0,78.0,0.0,,
1893-09-22,233.0,61.0,157.0,,
1893-09-23,222.0,67.0,0.0,,
1893-09-24,239.0,0.0,0.0,,
1893-09-25,256.0,6.0,0.0,,
1893-09-26,211.0,33.0,0.0,,
1893-09-27,311.0,0.0,0.0,,
1893-09-28,256.0,6.0,0.0,,
1893-09-29,244.0,22.0,0.0,,
1893-09-30,233.0,22.0,0.0,,
1893-10-01,67.0,44.0,,,
1893-10-02,144.0,56.0,102.0,,
1893-10-05,,,236.0,,
1893-10-07,267.0,78.0,,,
1893-10-08,256.0,89.0,,,
1893-10-09,233.0,78.0,,,
1893-10-10,206.0,44.0,,,
1893-10-11,211.0,56.0,,,
1893-10-12,267.0,100.0,,,
1893-10-13,194.0,72.0,,,
1893-10-14,189.0,44.0,363.0,,
1893-10-15,189.0,-22.0,,,
1893-10-16,178.0,100.0,,,
1893-10-17,200.0,-44.0,,,
1893-10-18,106.0,100.0,,,
1893-10-19,150.0,0.0,,,
1893-10-20,133.0,,,,
1893-10-21,183.0,-11.0,,,
1893-10-22,211.0,-17.0,,,
1893-10-23,200.0,0.0,,,
1893-10-24,239.0,-11.0,,,
1893-10-25,239.0,-6.0,,,
1893-10-26,250.0,0.0,,,
1893-10-27,183.0,22.0,,,
1893-10-28,211.0,-17.0,,,
1893-10-29,161.0,-11.0,,,
1893-10-30,172.0,-6.0,,,
1893-10-31,200.0,-28.0,,,
1893-11-01,128.0,6.0,0.0,,0.0
1893-11-02,150.0,-17.0,0.0,,0.0
1893-11-03,150.0,-11.0,0.0,,0.0
1893-11-04,133.0,-6.0,0.0,,0.0
1893-11-05,144.0,0.0,0.0,,0.0
1893-11-06,172.0,-6.0,0.0,,0.0
1893-11-07,156.0,-22.0,0.0,,0.0
1893-11-08,167.0,-39.0,0.0,,0.0
1893-11-09,111.0,-22.0,0.0,,0.0
1893-11-10,100.0,0.0,0.0,,0.0
1893-11-11,111.0,22.0,0.0,,0.0
1893-11-12,144.0,61.0,0.0,,0.0
1893-11-13,122.0,33.0,0.0,,0.0
1893-11-14,100.0,-6.0,0.0,,0.0
1893-11-15,100.0,-39.0,0.0,,0.0
1893-11-16,11.0,-39.0,0.0,,0.0
1893-11-17,122.0,-28.0,0.0,,0.0
1893-11-18,106.0,-33.0,0.0,,0.0
1893-11-19,61.0,-44.0,0.0,,0.0
1893-11-20,56.0,-67.0,0.0,,0.0
1893-11-21,44.0,-44.0,254.0,,25.0
1893-11-22,33.0,0.0,0.0,,0.0
1893-11-23,11.0,-33.0,0.0,,0.0
1893-11-24,-11.0,-44.0,0.0,,0.0
1893-11-25,-17.0,-111.0,0.0,,0.0
1893-11-26,-17.0,-50.0,0.0,,0.0
1893-11-27,17.0,-22.0,0.0,,0.0
1893-11-28,50.0,-17.0,0.0,,0.0
1893-11-29,56.0,11.0,0.0,,0.0
1893-11-30,17.0,-67.0,25.0,,25.0
1893-12-01,-22.0,-139.0,0.0,,
1893-12-02,-22.0,-128.0,0.0,,
1893-12-03,-78.0,-150.0,0.0,,
1893-12-04,-11.0,-117.0,0.0,,
1893-12-05,-17.0,-128.0,0.0,,
1893-12-06,-6.0,-100.0,0.0,,
1893-12-07,-67.0,-128.0,0.0,,
1893-12-08,39.0,-56.0,0.0,,
1893-12-09,50.0,17.0,0.0,,
1893-12-10,33.0,-28.0,0.0,,
1893-12-11,-44.0,-94.0,51.0,,51.0
1893-12-12,-28.0,-122.0,0.0,,
1893-12-13,17.0,-83.0,0.0,,
1893-12-14,28.0,-106.0,0.0,,
1893-12-15,17.0,-33.0,318.0,,
1893-12-16,33.0,-67.0,0.0,,
1893-12-17,0.0,-78.0,0.0,,
1893-12-18,33.0,-67.0,0.0,,0.0
1893-12-19,11.0,-122.0,0.0,,
1893-12-20,-6.0,-100.0,0.0,,
1893-12-21,44.0,-117.0,0.0,,
1893-12-22,44.0,-11.0,0.0,,
1893-12-23,56.0,11.0,343.0,,
1893-12-24,89.0,17.0,0.0,,
1893-12-25,128.0,-72.0,0.0,,
1893-12-26,-11.0,-106.0,0.0,,
1893-12-27,44.0,-11.0,38.0,,
1893-12-28,50.0,17.0,0.0,,
1893-12-29,22.0,-89.0,0.0,,
1893-12-30,-22.0,-94.0,0.0,,
1893-12-31,-33.0,-106.0,0.0,,
1894-01-01,39.0,-111.0,0.0,,0.0
1894-01-02,67.0,-11.0,0.0,,0.0
1894-01-03,39.0,0.0,0.0,,0.0
1894-01-04,61.0,-6.0,0.0,,0.0
1894-01-05,0.0,-39.0,51.0,,51.0
1894-01-06,-11.0,-56.0,0.0,,0.0
1894-01-07,-22.0,-44.0,0.0,,0.0
1894-01-08,-17.0,-78.0,0.0,,0.0
1894-01-09,-39.0,-167.0,0.0,,0.0
1894-01-10,0.0,-106.0,0.0,,0.0
1894-01-11,17.0,-78.0,0.0,,0.0
1894-01-12,-67.0,-122.0,0.0,,0.0
1894-01-13,44.0,-133.0,0.0,,0.0
1894-01-14,44.0,-17.0,0.0,,0.0
1894-01-15,61.0,22.0,0.0,,0.0
1894-01-16,50.0,17.0,0.0,,0.0
1894-01-17,56.0,6.0,0.0,,0.0
1894-01-18,61.0,-56.0,0.0,,0.0
1894-01-19,111.0,-44.0,0.0,,0.0
1894-01-20,61.0,-17.0,86.0,,0.0
1894-01-21,72.0,17.0,0.0,,0.0
1894-01-22,28.0,-78.0,0.0,,0.0
1894-01-23,-17.0,-78.0,152.0,,152.0
1894-01-24,-22.0,-100.0,0.0,,0.0
1894-01-25,-61.0,-178.0,0.0,,0.0
1894-01-26,-78.0,-139.0,0.0,,0.0
1894-01-27,-67.0,-172.0,0.0,,0.0
1894-01-28,-33.0,-178.0,0.0,,0.0
1894-01-29,-6.0,-83.0,0.0,,0.0
1894-01-30,106.0,-11.0,0.0,,0.0
1894-01-31,-6.0,-67.0,0.0,,0.0
1894-02-01,-6.0,-133.0,0.0,,0.0
1894-02-02,-56.0,-178.0,0.0,,0.0
1894-02-03,11.0,-67.0,0.0,,0.0
1894-02-04,-67.0,-211.0,0.0,,0.0
1894-02-05,-28.0,-217.0,0.0,,0.0
1894-02-06,39.0,-122.0,0.0,,0.0
1894-02-07,56.0,17.0,0.0,,0.0
1894-02-08,44.0,-11.0,0.0,,0.0
1894-02-09,50.0,-22.0,51.0,,5.0
1894-02-10,44.0,0.0,0.0,,0.0
1894-02-11,-22.0,-83.0,0.0,,0.0
1894-02-12,-39.0,-161.0,203.0,,203.0
1894-02-13,-22.0,-94.0,0.0,,0.0
1894-02-14,-39.0,-89.0,0.0,,0.0
1894-02-15,-33.0,-139.0,0.0,,0.0
1894-02-16,-22.0,-144.0,0.0,,0.0
1894-02-17,50.0,-61.0,56.0,,0.0
1894-02-18,28.0,-33.0,0.0,,0.0
1894-02-19,11.0,-78.0,0.0,,0.0
1894-02-20,-11.0,-94.0,0.0,,0.0
1894-02-21,-6.0,-172.0,0.0,,0.0
1894-02-22,-28.0,-122.0,0.0,,0.0
1894-02-23,-133.0,-217.0,0.0,,0.0
1894-02-24,-128.0,-222.0,0.0,,0.0
1894-02-25,-67.0,-178.0,0.0,,0.0
1894-02-26,-39.0,-150.0,0.0,,0.0
1894-02-27,61.0,-61.0,0.0,,0.0
1894-02-28,72.0,-6.0,0.0,,0.0
1894-03-01,61.0,-6.0,0.0,,0.0
1894-03-02,78.0,0.0,0.0,,0.0
1894-03-03,56.0,-39.0,0.0,,0.0
1894-03-04,178.0,50.0,0.0,,0.0
1894-03-05,156.0,17.0,51.0,,0.0
1894-03-06,133.0,-6.0,0.0,,0.0
1894-03-07,156.0,17.0,0.0,,0.0
1894-03-08,56.0,-11.0,0.0,,0.0
1894-03-09,94.0,-11.0,0.0,,0.0
1894-03-10,172.0,17.0,0.0,,0.0
1894-03-11,144.0,22.0,0.0,,0.0
1894-03-12,117.0,-28.0,0.0,,0.0
1894-03-13,72.0,6.0,0.0,,0.0
1894-03-14,61.0,-6.0,0.0,,0.0
1894-03-15,44.0,-11.0,51.0,,51.0
1894-03-16,94.0,17.0,0.0,,0.0
1894-03-17,100.0,6.0,330.0,,0.0
1894-03-18,244.0,67.0,0.0,,0.0
1894-03-19,200.0,17.0,0.0,,0.0
1894-03-20,183.0,28.0,0.0,,0.0
1894-03-21,244.0,0.0,0.0,,0.0
1894-03-22,44.0,-6.0,0.0,,0.0
1894-03-23,56.0,-11.0,0.0,,0.0
1894-03-24,61.0,-17.0,0.0,,0.0
1894-03-25,-11.0,-72.0,0.0,,0.0
1894-03-26,-11.0,-122.0,0.0,,0.0
1894-03-27,-11.0,-117.0,0.0,,0.0
1894-03-28,11.0,-17.0,0.0,,0.0
1894-03-29,44.0,-61.0,0.0,,0.0
1894-03-30,78.0,-17.0,0.0,,0.0
1894-03-31,133.0,22.0,0.0,,0.0
1894-04-01,72.0,-56.0,0.0,,0.0
1894-04-02,61.0,-28.0,0.0,,0.0
1894-04-03,78.0,0.0,0.0,,0.0
1894-04-04,122.0,11.0,0.0,,0.0
1894-04-05,128.0,-33.0,0.0,,0.0
1894-04-06,111.0,-50.0,0.0,,0.0
1894-04-07,28.0,-17.0,305.0,,305.0
1894-04-08,39.0,-44.0,0.0,,0.0
1894-04-09,56.0,-6.0,102.0,,102.0
1894-04-10,39.0,-22.0,0.0,,0.0
1894-04-11,50.0,0.0,0.0,,0.0
1894-04-12,89.0,-17.0,0.0,,0.0
1894-04-13,167.0,-11.0,0.0,,0.0
1894-04-14,144.0,-44.0,0.0,,0.0
1894-04-15,133.0,-11.0,0.0,,0.0
1894-04-16,167.0,0.0,0.0,,0.0
1894-04-17,222.0,-28.0,0.0,,0.0
1894-04-18,200.0,11.0,0.0,,0.0
1894-04-19,233.0,44.0,0.0,,0.0
1894-04-20,172.0,72.0,0.0,,0.0
1894-04-21,139.0,17.0,0.0,,0.0
1894-04-22,156.0,28.0,0.0,,0.0
1894-04-23,178.0,22.0,0.0,,0.0
1894-04-24,122.0,11.0,0.0,,0.0
1894-04-25,100.0,-11.0,0.0,,0.0
1894-04-26,206.0,39.0,0.0,,0.0
1894-04-27,200.0,11.0,0.0,,0.0
1894-04-28,228.0,61.0,0.0,,0.0
1894-04-29,206.0,44.0,0.0,,0.0
1894-04-30,267.0,56.0,0.0,,0.0
1894-05-01,261.0,156.0,0.0,,
1894-05-02,178.0,72.0,0.0,,
1894-05-03,233.0,72.0,0.0,,
1894-05-04,206.0,78.0,0.0,,
1894-05-05,156.0,94.0,127.0,,
1894-05-06,222.0,156.0,198.0,,
1894-05-07,183.0,94.0,0.0,,
1894-05-08,183.0,83.0,0.0,,
1894-05-09,200.0,6.0,0.0,,
1894-05-10,256.0,94.0,56.0,,
1894-05-11,183.0,100.0,66.0,,
1894-05-12,222.0,56.0,0.0,,
1894-05-13,233.0,100.0,0.0,,
1894-05-14,111.0,72.0,0.0,,
1894-05-15,172.0,39.0,25.0,,
1894-05-16,183.0,100.0,64.0,,
1894-05-17,233.0,72.0,38.0,,
1894-05-18,83.0,17.0,254.0,,
1894-05-19,72.0,0.0,28.0,,
1894-05-20,94.0,-6.0,38.0,,
1894-05-21,150.0,50.0,13.0,,
1894-05-22,161.0,56.0,13.0,,
1894-05-23,178.0,72.0,0.0,,
1894-05-24,200.0,67.0,0.0,,
1894-05-25,244.0,78.0,0.0,,
1894-05-26,250.0,100.0,0.0,,
1894-05-27,239.0,17.0,25.0,,
1894-05-28,217.0,11.0,0.0,,
1894-05-29,100.0,-6.0,13.0,,
1894-05-30,122.0,6.0,0.0,,
1894-05-31,139.0,33.0,0.0,,
1894-06-01,144.0,83.0,0.0,,
1894-06-02,217.0,106.0,0.0,,
1894-06-03,311.0,67.0,5.0,,
1894-06-04,200.0,44.0,0.0,,
1894-06-05,111.0,28.0,0.0,,
1894-06-06,150.0,0.0,0.0,,
1894-06-07,206.0,56.0,0.0,,
1894-06-08,239.0,72.0,0.0,,
1894-06-09,294.0,200.0,0.0,,
1894-06-10,300.0,89.0,0.0,,
1894-06-11,311.0,167.0,0.0,,
1894-06-12,311.0,167.0,0.0,,
1894-06-13,278.0,94.0,0.0,,
1894-06-14,311.0,150.0,0.0,,
1894-06-15,322.0,172.0,0.0,,
1894-06-16,311.0,161.0,0.0,,
1894-06-17,278.0,72.0,0.0,,
1894-06-18,256.0,122.0,38.0,,
1894-06-19,267.0,94.0,279.0,,
1894-06-20,256.0,200.0,0.0,,
1894-06-21,322.0,117.0,0.0,,
1894-06-22,339.0,150.0,0.0,,
1894-06-23,333.0,133.0,0.0,,
1894-06-24,322.0,178.0,0.0,,
1894-06-25,294.0,167.0,0.0,,
1894-06-26,306.0,156.0,0.0,,
1894-06-27,294.0,139.0,0.0,,
1894-06-28,283.0,133.0,0.0,,
1894-06-29,294.0,156.0,0.0,,
1894-06-30,322.0,150.0,0.0,,
1894-07-01,322.0,144.0,,,
1894-07-02,322.0,133.0,,,
1894-07-04,322.0,133.0,,,
1894-07-05,244.0,78.0,216.0,,
1894-07-07,222.0,94.0,,,
1894-07-08,200.0,83.0,,,
1894-07-09,256.0,72.0,,,
1894-07-11,322.0,72.0,,,
1894-07-12,311.0,78.0,,,
1894-07-13,306.0,61.0,,,
1894-07-14,311.0,78.0,,,
1894-07-15,289.0,67.0,,,
1894-07-16,322.0,72.0,,,
1894-07-17,322.0,100.0,,,
1894-07-18,322.0,72.0,,,
1894-07-19,350.0,167.0,,,
1894-07-20,317.0,183.0,239.0,,
1894-07-21,200.0,106.0,,,
1894-07-22,244.0,78.0,,,
1894-07-23,267.0,100.0,,,
1894-07-24,289.0,161.0,69.0,,
1894-07-25,278.0,133.0,,,
1894-07-26,317.0,139.0,,,
1894-07-27,350.0,206.0,,,
1894-07-28,306.0,194.0,,,
1894-07-29,300.0,78.0,,,
1894-07-30,306.0,139.0,,,
1894-07-31,306.0,144.0,,,
1894-08-01,289.0,117.0,0.0,,
1894-08-02,272.0,106.0,0.0,,
1894-08-03,161.0,100.0,0.0,,
1894-08-04,233.0,106.0,0.0,,
1894-08-05,289.0,67.0,0.0,,
1894-08-06,300.0,89.0,0.0,,
1894-08-07,306.0,83.0,0.0,,
1894-08-08,322.0,100.0,0.0,,
1894-08-09,217.0,111.0,0.0,,
1894-08-10,228.0,100.0,0.0,,
1894-08-11,256.0,72.0,0.0,,
1894-08-12,272.0,67.0,0.0,,
1894-08-13,311.0,106.0,0.0,,
1894-08-14,300.0,94.0,0.0,,
1894-08-15,283.0,72.0,0.0,,
1894-08-16,272.0,61.0,0.0,,
1894-08-17,261.0,50.0,0.0,,
1894-08-18,267.0,50.0,0.0,,
1894-08-19,267.0,56.0,0.0,,
1894-08-20,261.0,78.0,0.0,,
1894-08-21,233.0,106.0,0.0,,
1894-08-22,233.0,72.0,0.0,,
1894-08-23,250.0,78.0,0.0,,
1894-08-24,261.0,67.0,0.0,,
1894-08-25,267.0,150.0,0.0,,
1894-08-26,272.0,122.0,0.0,,
1894-08-27,283.0,100.0,0.0,,
1894-08-28,228.0,122.0,36.0,,
1894-08-29,217.0,56.0,0.0,,
1894-08-30,233.0,89.0,0.0,,
1894-08-31,256.0,89.0,0.0,,
1894-09-01,294.0,94.0,0.0,,
1894-09-02,350.0,100.0,0.0,,
1894-09-03,333.0,111.0,0.0,,
1894-09-04,339.0,72.0,56.0,,
1894-09-05,328.0,89.0,0.0,,
1894-09-06,333.0,94.0,0.0,,
1894-09-07,339.0,106.0,64.0,,
1894-09-08,267.0,89.0,439.0,,
1894-09-09,294.0,94.0,53.0,,
1894-09-10,200.0,83.0,13.0,,
1894-09-11,256.0,56.0,38.0,,
1894-09-12,239.0,50.0,0.0,,
1894-09-13,256.0,61.0,0.0,,
1894-09-14,261.0,56.0,0.0,,
1894-09-15,261.0,44.0,0.0,,
1894-09-16,,,0.0,,
1894-09-17,267.0,44.0,0.0,,
1894-09-18,272.0,56.0,0.0,,
1894-09-19,,,0.0,,
1894-09-20,,,0.0,,
1894-09-21,256.0,33.0,53.0,,
1894-09-22,206.0,50.0,0.0,,
1894-09-23,211.0,61.0,74.0,,
1894-09-24,217.0,100.0,0.0,,
1894-09-25,,44.0,0.0,,
1894-09-26,244.0,33.0,0.0,,
1894-09-27,222.0,,0.0,,
1894-09-28,211.0,17.0,0.0,,
1894-09-29,239.0,72.0,0.0,,
1894-09-30,,,0.0,,
1894-10-01,217.0,83.0,0.0,,
1894-10-02,228.0,61.0,0.0,,
1894-10-03,233.0,72.0,0.0,,
1894-10-04,217.0,33.0,0.0,,
1894-10-05,211.0,39.0,0.0,,
1894-10-06,200.0,33.0,0.0,,
1894-10-07,194.0,56.0,0.0,,
1894-10-08,206.0,106.0,0.0,,
1894-10-09,217.0,94.0,0.0,,
1894-10-10,200.0,72.0,0.0,,
1894-10-11,183.0,44.0,279.0,,
1894-10-12,194.0,56.0,0.0,,
1894-10-13,178.0,28.0,0.0,,
1894-10-14,172.0,33.0,0.0,,
1894-10-15,150.0,-22.0,74.0,,
1894-10-16,183.0,72.0,0.0,,
1894-10-17,172.0,6.0,0.0,,
1894-10-18,194.0,67.0,0.0,,
1894-10-19,206.0,78.0,0.0,,
1894-10-20,244.0,89.0,0.0,,
1894-10-21,256.0,83.0,0.0,,
1894-10-22,217.0,33.0,0.0,,
1894-10-23,183.0,17.0,173.0,,
1894-10-24,194.0,50.0,0.0,,
1894-10-25,200.0,44.0,0.0,,
1894-10-26,178.0,33.0,0.0,,
1894-10-27,161.0,39.0,0.0,,
1894-10-28,167.0,11.0,0.0,,
1894-10-29,156.0,22.0,0.0,,
1894-10-30,194.0,33.0,25.0,,
1894-10-31,206.0,44.0,0.0,,
1894-11-01,211.0,33.0,,,
1894-11-02,200.0,28.0,,,
1894-11-03,178.0,11.0,180.0,,
1894-11-04,194.0,17.0,,,
1894-11-05,211.0,6.0,,,
1894-11-06,67.0,0.0,,,
1894-11-07,33.0,-22.0,,,
1894-11-08,22.0,-28.0,,,
1894-11-09,17.0,-22.0,,,
1894-11-10,0.0,-39.0,25.0,,25.0
1894-11-11,-17.0,-44.0,,,
1894-11-12,,33.0,,,
1894-11-13,39.0,-44.0,,,
1894-11-14,56.0,-22.0,,,
1894-11-15,106.0,-11.0,,,
1894-11-16,89.0,-39.0,,,
1894-11-17,72.0,-33.0,,,
1894-11-18,78.0,-78.0,,,
1894-11-19,89.0,-100.0,,,
1894-11-20,56.0,-11.0,,,
1894-11-21,67.0,-22.0,,,
1894-11-22,89.0,-6.0,,,
1894-11-23,50.0,0.0,,,
1894-11-24,44.0,-22.0,,,
1894-11-25,28.0,-61.0,,,
1894-11-26,39.0,-78.0,,,
1894-11-27,33.0,-67.0,,,
1894-11-28,56.0,-78.0,,,
1894-11-29,44.0,-67.0,,,
1894-11-30,28.0,-111.0,,,
1894-12-01,11.0,-17.0,0.0,,
1894-12-02,39.0,-61.0,0.0,,
1894-12-03,22.0,-33.0,0.0,,
1894-12-04,67.0,-11.0,0.0,,
1894-12-05,61.0,-22.0,0.0,,
1894-12-06,,,0.0,,
1894-12-07,89.0,22.0,64.0,,
1894-12-08,83.0,11.0,38.0,,
1894-12-09,94.0,0.0,0.0,,
1894-12-10,56.0,-6.0,0.0,,
1894-12-11,78.0,50.0,0.0,,
1894-12-12,72.0,22.0,0.0,,
1894-12-13,78.0,6.0,0.0,,
1894-12-14,83.0,-11.0,0.0,,
1894-12-15,78.0,0.0,0.0,,
1894-12-16,100.0,33.0,,,
1894-12-17,50.0,-22.0,25.0,,
1894-12-18,72.0,-11.0,0.0,,
1894-12-19,78.0,-6.0,0.0,,
1894-12-20,89.0,0.0,0.0,,
1894-12-21,78.0,-22.0,0.0,,
1894-12-22,72.0,-33.0,0.0,,
1894-12-23,83.0,-17.0,0.0,,
1894-12-24,17.0,-56.0,0.0,,
1894-12-25,0.0,-78.0,0.0,,
1894-12-26,-22.0,-94.0,0.0,,
1894-12-27,-28.0,-161.0,0.0,,0.0
1894-12-28,-94.0,-167.0,0.0,,
1894-12-29,-78.0,-161.0,0.0,,
1894-12-30,-61.0,-122.0,0.0,,
1894-12-31,-39.0,-100.0,0.0,,
1895-01-01,-22.0,-89.0,0.0,,0.0
1895-01-02,-44.0,-133.0,0.0,,0.0
1895-01-03,-6.0,-111.0,51.0,,51.0
1895-01-04,-44.0,-178.0,0.0,,0.0
1895-01-05,-56.0,-206.0,0.0,,0.0
1895-01-06,22.0,-39.0,0.0,,0.0
1895-01-07,17.0,-56.0,0.0,,0.0
1895-01-08,6.0,-89.0,0.0,,0.0
1895-01-09,-50.0,-172.0,0.0,,0.0
1895-01-10,-6.0,-156.0,76.0,,76.0
1895-01-11,-44.0,-100.0,356.0,,356.0
1895-01-12,-56.0,-111.0,51.0,,51.0
1895-01-13,-50.0,-122.0,51.0,,51.0
1895-01-14,-61.0,-167.0,0.0,,0.0
1895-01-15,-39.0,-139.0,0.0,,0.0
1895-01-16,-22.0,-83.0,0.0,,0.0
1895-01-17,-22.0,-100.0,0.0,,0.0
1895-01-18,-33.0,-128.0,152.0,,152.0
1895-01-19,-39.0,-167.0,0.0,,0.0
1895-01-20,17.0,-61.0,71.0,,0.0
1895-01-21,0.0,-33.0,0.0,,0.0
1895-01-22,22.0,-22.0,0.0,,0.0
1895-01-23,-56.0,-122.0,0.0,,0.0
1895-01-24,-22.0,-111.0,0.0,,0.0
1895-01-25,-11.0,-78.0,152.0,,152.0
1895-01-26,-78.0,-122.0,0.0,,0.0
1895-01-27,-89.0,-156.0,102.0,,102.0
1895-01-28,-100.0,-206.0,0.0,,0.0
1895-01-29,-78.0,-167.0,0.0,,0.0
1895-01-30,-83.0,-150.0,13.0,,13.0
1895-01-31,-72.0,-233.0,0.0,,0.0
1895-02-01,-61.0,-139.0,0.0,,0.0
1895-02-02,-94.0,-228.0,0.0,,0.0
1895-02-03,-67.0,-167.0,0.0,,0.0
1895-02-04,-83.0,-161.0,0.0,,0.0
1895-02-05,-150.0,-244.0,0.0,,0.0
1895-02-06,-150.0,-300.0,0.0,,0.0
1895-02-07,-156.0,-233.0,0.0,,0.0
1895-02-08,-167.0,-222.0,0.0,,0.0
1895-02-09,-89.0,-167.0,51.0,,51.0
1895-02-10,-67.0,-156.0,0.0,,0.0
1895-02-11,-78.0,-217.0,0.0,,0.0
1895-02-12,-67.0,-200.0,0.0,,0.0
1895-02-13,-39.0,-178.0,0.0,,0.0
1895-02-14,-11.0,-178.0,0.0,,0.0
1895-02-15,-22.0,-150.0,0.0,,0.0
1895-02-16,-50.0,-117.0,0.0,,0.0
1895-02-17,0.0,-78.0,0.0,,0.0
1895-02-18,-6.0,-39.0,13.0,,13.0
1895-02-19,-22.0,-50.0,25.0,,25.0
1895-02-20,17.0,-89.0,64.0,,64.0
1895-02-21,11.0,-94.0,0.0,,0.0
1895-02-22,-39.0,-150.0,0.0,,0.0
1895-02-23,-44.0,-117.0,0.0,,0.0
1895-02-24,44.0,-150.0,0.0,,0.0
1895-02-25,50.0,-100.0,0.0,,0.0
1895-02-26,17.0,-61.0,0.0,,0.0
1895-02-27,56.0,-67.0,0.0,,0.0
1895-02-28,72.0,17.0,0.0,,0.0
1895-03-01,50.0,-39.0,0.0,,0.0
1895-03-02,39.0,-94.0,0.0,,0.0
1895-03-03,50.0,-150.0,0.0,,0.0
1895-03-04,-6.0,-150.0,102.0,,102.0
1895-03-05,-33.0,-200.0,0.0,,0.0
1895-03-06,-11.0,-100.0,0.0,,0.0
1895-03-07,17.0,-22.0,0.0,,0.0
1895-03-08,17.0,-78.0,102.0,,102.0
1895-03-09,6.0,-206.0,0.0,,0.0
1895-03-10,17.0,-161.0,0.0,,0.0
1895-03-11,-22.0,-167.0,0.0,,0.0
1895-03-12,11.0,-111.0,0.0,,0.0
1895-03-13,33.0,-100.0,0.0,,0.0
1895-03-14,-83.0,-189.0,0.0,,0.0
1895-03-15,-67.0,-189.0,0.0,,0.0
1895-03-16,-39.0,-194.0,0.0,,0.0
1895-03-17,17.0,-122.0,0.0,,0.0
1895-03-18,39.0,-111.0,0.0,,0.0
1895-03-19,17.0,-94.0,0.0,,0.0
1895-03-20,17.0,-56.0,0.0,,0.0
1895-03-21,-17.0,-94.0,0.0,,0.0
1895-03-22,22.0,-100.0,0.0,,0.0
1895-03-23,83.0,-56.0,0.0,,0.0
1895-03-24,133.0,28.0,0.0,,0.0
1895-03-25,100.0,-6.0,0.0,,0.0
1895-03-26,6.0,-61.0,0.0,,0.0
1895-03-27,117.0,-22.0,0.0,,0.0
1895-03-28,72.0,-39.0,0.0,,0.0
1895-03-29,33.0,-56.0,0.0,,0.0
1895-03-30,11.0,-150.0,0.0,,0.0
1895-03-31,33.0,-111.0,0.0,,0.0
1895-04-01,6.0,-17.0,25.0,,25.0
1895-04-02,6.0,-44.0,0.0,,0.0
1895-04-03,61.0,-39.0,0.0,,0.0
1895-04-04,72.0,-22.0,0.0,,0.0
1895-04-05,44.0,-17.0,0.0,,0.0
1895-04-06,128.0,33.0,191.0,,0.0
1895-04-07,100.0,28.0,3.0,,0.0
1895-04-08,117.0,17.0,84.0,,0.0
1895-04-09,128.0,17.0,0.0,,0.0
1895-04-10,50.0,-22.0,0.0,,0.0
1895-04-11,78.0,-61.0,0.0,,0.0
1895-04-12,128.0,17.0,13.0,,0.0
1895-04-13,111.0,0.0,3.0,,0.0
1895-04-14,100.0,0.0,0.0,,0.0
1895-04-15,72.0,17.0,0.0,,0.0
1895-04-16,78.0,-6.0,0.0,,0.0
1895-04-17,150.0,17.0,0.0,,0.0
1895-04-18,194.0,-11.0,0.0,,0.0
1895-04-19,183.0,-6.0,0.0,,0.0
1895-04-20,200.0,17.0,0.0,,0.0
1895-04-21,217.0,0.0,0.0,,0.0
1895-04-22,172.0,-6.0,0.0,,0.0
1895-04-23,128.0,6.0,0.0,,0.0
1895-04-24,228.0,39.0,0.0,,0.0
1895-04-25,178.0,44.0,0.0,,0.0
1895-04-26,94.0,28.0,0.0,,0.0
1895-04-27,133.0,28.0,0.0,,0.0
1895-04-28,206.0,44.0,0.0,,0.0
1895-04-29,89.0,50.0,0.0,,0.0
1895-04-30,94.0,39.0,0.0,,0.0
1895-05-01,183.0,17.0,0.0,,
1895-05-02,200.0,33.0,0.0,,
1895-05-03,222.0,44.0,0.0,,
1895-05-04,311.0,156.0,0.0,,
1895-05-05,322.0,167.0,0.0,,
1895-05-06,311.0,156.0,0.0,,
1895-05-07,322.0,167.0,0.0,,
1895-05-08,311.0,150.0,0.0,,
1895-05-09,294.0,128.0,0.0,,
1895-05-10,322.0,161.0,0.0,,
1895-05-11,311.0,150.0,249.0,,
1895-05-12,122.0,11.0,0.0,,
1895-05-13,94.0,0.0,178.0,,
1895-05-14,94.0,-6.0,0.0,,
1895-05-15,89.0,-11.0,0.0,,
1895-05-16,78.0,-22.0,0.0,,
1895-05-17,178.0,0.0,0.0,,
1895-05-18,83.0,28.0,356.0,,
1895-05-19,44.0,6.0,0.0,,
1895-05-20,56.0,-17.0,0.0,,
1895-05-21,72.0,-11.0,0.0,,
1895-05-22,217.0,0.0,0.0,,
1895-05-23,239.0,72.0,0.0,,
1895-05-24,267.0,89.0,0.0,,
1895-05-25,233.0,17.0,0.0,,
1895-05-26,211.0,72.0,0.0,,
1895-05-27,139.0,44.0,0.0,,
1895-05-28,211.0,33.0,0.0,,
1895-05-29,311.0,72.0,0.0,,
1895-05-30,322.0,44.0,0.0,,
1895-05-31,328.0,156.0,0.0,,
1895-06-01,322.0,167.0,0.0,,
1895-06-02,333.0,178.0,0.0,,
1895-06-03,322.0,200.0,0.0,,
1895-06-04,317.0,139.0,0.0,,
1895-06-05,233.0,72.0,0.0,,
1895-06-06,183.0,61.0,0.0,,
1895-06-07,261.0,33.0,0.0,,
1895-06-08,278.0,100.0,0.0,,
1895-06-09,317.0,44.0,0.0,,
1895-06-10,311.0,89.0,0.0,,
1895-06-11,322.0,106.0,0.0,,
1895-06-12,333.0,100.0,0.0,,
1895-06-13,339.0,161.0,0.0,,
1895-06-14,333.0,156.0,127.0,,
1895-06-15,322.0,144.0,0.0,,
1895-06-16,278.0,100.0,0.0,,
1895-06-17,289.0,111.0,114.0,,
1895-06-18,333.0,156.0,0.0,,
1895-06-19,322.0,167.0,0.0,,
1895-06-20,333.0,150.0,0.0,,
1895-06-21,328.0,161.0,0.0,,
1895-06-22,322.0,167.0,0.0,,
1895-06-23,311.0,156.0,0.0,,
1895-06-24,317.0,150.0,0.0,,
1895-06-25,317.0,133.0,0.0,,
1895-06-26,294.0,122.0,0.0,,
1895-06-27,317.0,133.0,58.0,,
1895-06-28,311.0,156.0,0.0,,
1895-06-29,322.0,150.0,0.0,,
1895-06-30,300.0,122.0,0.0,,
1895-07-01,317.0,133.0,0.0,,
1895-07-02,333.0,156.0,0.0,,
1895-07-03,339.0,161.0,0.0,,
1895-07-04,322.0,150.0,0.0,,
1895-07-05,344.0,133.0,0.0,,
1895-07-06,339.0,106.0,0.0,,
1895-07-07,344.0,167.0,0.0,,
1895-07-08,339.0,150.0,0.0,,
1895-07-09,328.0,139.0,0.0,,
1895-07-10,333.0,156.0,0.0,,
1895-07-11,289.0,161.0,0.0,,
1895-07-12,267.0,72.0,0.0,,
1895-07-13,294.0,56.0,0.0,,
1895-07-14,311.0,78.0,0.0,,
1895-07-15,322.0,111.0,140.0,,
1895-07-16,333.0,89.0,0.0,,
1895-07-17,322.0,72.0,0.0,,
1895-07-18,317.0,89.0,0.0,,
1895-07-19,300.0,56.0,0.0,,
1895-07-20,317.0,122.0,0.0,,
1895-07-21,333.0,133.0,0.0,,
1895-07-22,322.0,94.0,0.0,,
1895-07-23,311.0,106.0,0.0,,
1895-07-24,300.0,122.0,0.0,,
1895-07-25,289.0,89.0,0.0,,
1895-07-26,300.0,100.0,0.0,,
1895-07-27,156.0,44.0,140.0,,
1895-07-28,278.0,122.0,0.0,,
1895-07-29,267.0,150.0,0.0,,
1895-07-30,244.0,106.0,267.0,,
1895-07-31,222.0,89.0,0.0,,
1895-08-01,222.0,83.0,0.0,,
1895-08-02,256.0,72.0,0.0,,
1895-08-03,244.0,67.0,56.0,,
1895-08-04,272.0,78.0,0.0,,
1895-08-05,267.0,72.0,0.0,,
1895-08-06,278.0,83.0,25.0,,
1895-08-07,300.0,89.0,0.0,,
1895-08-08,311.0,100.0,0.0,,
1895-08-09,322.0,106.0,0.0,,
1895-08-10,333.0,100.0,0.0,,
1895-08-11,322.0,94.0,0.0,,
1895-08-12,317.0,83.0,0.0,,
1895-08-13,300.0,94.0,0.0,,
1895-08-14,294.0,100.0,0.0,,
1895-08-15,289.0,117.0,0.0,,
1895-08-16,267.0,100.0,0.0,,
1895-08-17,272.0,94.0,0.0,,
1895-08-18,267.0,100.0,165.0,,
1895-08-19,278.0,100.0,0.0,,
1895-08-20,267.0,44.0,0.0,,
1895-08-21,278.0,56.0,0.0,,
1895-08-22,289.0,72.0,0.0,,
1895-08-23,300.0,89.0,0.0,,
1895-08-24,289.0,78.0,0.0,,
1895-08-25,311.0,106.0,0.0,,
1895-08-26,289.0,83.0,244.0,,
1895-08-27,311.0,106.0,0.0,,
1895-08-28,300.0,94.0,0.0,,
1895-08-29,317.0,100.0,0.0,,
1895-08-30,300.0,89.0,0.0,,
1895-08-31,311.0,72.0,0.0,,
1895-09-01,311.0,78.0,0.0,,
1895-09-02,306.0,89.0,0.0,,
1895-09-03,317.0,122.0,0.0,,
1895-09-04,311.0,183.0,0.0,,
1895-09-05,306.0,106.0,0.0,,
1895-09-06,317.0,94.0,0.0,,
1895-09-07,306.0,89.0,0.0,,
1895-09-08,300.0,72.0,0.0,,
1895-09-09,306.0,44.0,0.0,,
1895-09-10,322.0,167.0,0.0,,
1895-09-11,356.0,178.0,0.0,,
1895-09-12,300.0,156.0,0.0,,
1895-09-13,300.0,122.0,259.0,,
1895-09-14,322.0,167.0,0.0,,
1895-09-15,183.0,33.0,0.0,,
1895-09-16,256.0,44.0,0.0,,
1895-09-17,278.0,72.0,0.0,,
1895-09-18,317.0,89.0,173.0,,
1895-09-19,322.0,161.0,0.0,,
1895-09-20,333.0,183.0,0.0,,
1895-09-21,322.0,167.0,0.0,,
1895-09-22,317.0,156.0,0.0,,
1895-09-23,311.0,144.0,0.0,,
1895-09-24,317.0,122.0,0.0,,
1895-09-25,306.0,106.0,0.0,,
1895-09-26,267.0,50.0,140.0,,
1895-09-27,267.0,33.0,0.0,,
1895-09-28,217.0,39.0,13.0,,
1895-09-29,133.0,44.0,76.0,,
1895-09-30,122.0,33.0,0.0,,
1895-10-01,100.0,28.0,0.0,,
1895-10-02,133.0,39.0,0.0,,
1895-10-03,144.0,22.0,0.0,,
1895-10-04,117.0,17.0,0.0,,
1895-10-05,167.0,11.0,0.0,,
1895-10-06,200.0,33.0,0.0,,
1895-10-07,183.0,22.0,0.0,,
1895-10-08,144.0,17.0,0.0,,
1895-10-09,156.0,22.0,0.0,,
1895-10-10,139.0,-22.0,0.0,,
1895-10-11,144.0,0.0,0.0,,
1895-10-12,167.0,33.0,203.0,,
1895-10-13,161.0,11.0,0.0,,
1895-10-14,133.0,22.0,0.0,,
1895-10-15,144.0,6.0,0.0,,
1895-10-16,150.0,11.0,0.0,,
1895-10-17,161.0,22.0,0.0,,
1895-10-18,156.0,11.0,0.0,,
1895-10-19,156.0,11.0,0.0,,
1895-10-20,17.0,-11.0,0.0,,
1895-10-21,44.0,-22.0,0.0,,
1895-10-22,89.0,-33.0,0.0,,
1895-10-23,106.0,-28.0,0.0,,
1895-10-24,128.0,-22.0,0.0,,
1895-10-25,133.0,-17.0,0.0,,
1895-10-26,117.0,-11.0,0.0,,
1895-10-27,183.0,6.0,0.0,,
1895-10-28,156.0,0.0,0.0,,
1895-10-29,133.0,-22.0,0.0,,
1895-10-30,111.0,-17.0,0.0,,
1895-10-31,100.0,-28.0,0.0,,
1895-11-01,144.0,-6.0,0.0,,0.0
1895-11-02,194.0,-17.0,0.0,,0.0
1895-11-03,72.0,-67.0,0.0,,0.0
1895-11-04,156.0,-17.0,0.0,,0.0
1895-11-05,144.0,0.0,0.0,,0.0
1895-11-06,156.0,17.0,0.0,,0.0
1895-11-07,172.0,11.0,160.0,,0.0
1895-11-08,200.0,44.0,58.0,,0.0
1895-11-09,111.0,0.0,51.0,,51.0
1895-11-10,44.0,17.0,0.0,,0.0
1895-11-11,17.0,-67.0,0.0,,0.0
1895-11-12,11.0,-61.0,0.0,,0.0
1895-11-13,56.0,-33.0,0.0,,0.0
1895-11-14,72.0,17.0,0.0,,0.0
1895-11-15,61.0,28.0,0.0,,0.0
1895-11-16,72.0,33.0,0.0,,0.0
1895-11-17,83.0,0.0,0.0,,0.0
1895-11-18,89.0,22.0,0.0,,0.0
1895-11-19,56.0,11.0,76.0,,76.0
1895-11-20,44.0,-89.0,0.0,,0.0
1895-11-21,-50.0,-100.0,0.0,,0.0
1895-11-22,11.0,-61.0,0.0,,0.0
1895-11-23,17.0,-56.0,0.0,,0.0
1895-11-24,11.0,-33.0,102.0,,102.0
1895-11-25,22.0,-22.0,25.0,,25.0
1895-11-26,17.0,-39.0,0.0,,0.0
1895-11-27,22.0,-56.0,0.0,,0.0
1895-11-28,44.0,-67.0,0.0,,0.0
1895-11-29,22.0,-44.0,0.0,,0.0
1895-11-30,11.0,-33.0,0.0,,0.0
1895-12-01,17.0,-22.0,51.0,,51.0
1895-12-02,11.0,-94.0,,,0.0
1895-12-03,-39.0,-150.0,,,0.0
1895-12-04,-83.0,-100.0,,,0.0
1895-12-05,-39.0,-111.0,,,0.0
1895-12-06,-28.0,-94.0,,,0.0
1895-12-07,17.0,-67.0,,,0.0
1895-12-08,0.0,-61.0,,,0.0
1895-12-09,-44.0,-122.0,,,0.0
1895-12-10,-50.0,-100.0,,,0.0
1895-12-11,-33.0,-89.0,,,0.0
1895-12-12,-94.0,-156.0,,,0.0
1895-12-13,-83.0,-228.0,,,0.0
1895-12-14,-61.0,-117.0,,,0.0
1895-12-15,-22.0,-78.0,,,0.0
1895-12-16,,,,,0.0
1895-12-17,56.0,6.0,25.0,,0.0
1895-12-18,67.0,33.0,191.0,,0.0
1895-12-19,100.0,22.0,107.0,,0.0
1895-12-20,106.0,56.0,97.0,,0.0
1895-12-21,133.0,89.0,25.0,,0.0
1895-12-22,72.0,17.0,13.0,,0.0
1895-12-23,39.0,-11.0,76.0,,0.0
1895-12-24,17.0,-28.0,25.0,,0.0
1895-12-25,72.0,6.0,,,0.0
1895-12-26,17.0,-22.0,25.0,,25.0
1895-12-27,11.0,-44.0,,,0.0
1895-12-28,17.0,-33.0,,,0.0
1895-12-29,11.0,-44.0,,,0.0
1895-12-30,22.0,-22.0,15.0,,15.0
1895-12-31,-6.0,-72.0,,,0.0
1896-01-01,33.0,-94.0,0.0,,
1896-01-02,11.0,-83.0,51.0,,51.0
1896-01-03,-100.0,-150.0,0.0,,0.0
1896-01-04,-122.0,-178.0,0.0,,0.0
1896-01-05,-133.0,-178.0,0.0,,0.0
1896-01-06,-94.0,-172.0,25.0,,25.0
1896-01-07,-28.0,-106.0,0.0,,0.0
1896-01-08,-39.0,-94.0,51.0,,51.0
1896-01-09,-39.0,-44.0,0.0,,0.0
1896-01-10,22.0,-33.0,0.0,,0.0
1896-01-11,33.0,-17.0,0.0,,0.0
1896-01-12,22.0,-89.0,0.0,,0.0
1896-01-13,-56.0,-122.0,0.0,,0.0
1896-01-14,-28.0,-83.0,25.0,,25.0
1896-01-15,-33.0,-144.0,0.0,,0.0
1896-01-16,-6.0,-67.0,0.0,,0.0
1896-01-17,17.0,-22.0,0.0,,0.0
1896-01-18,11.0,-22.0,51.0,,51.0
1896-01-19,6.0,-17.0,0.0,,0.0
1896-01-20,11.0,-28.0,0.0,,0.0
1896-01-21,0.0,-44.0,0.0,,0.0
1896-01-22,-22.0,-67.0,0.0,,0.0
1896-01-23,0.0,-44.0,0.0,,0.0
1896-01-24,17.0,0.0,36.0,,0.0
1896-01-25,22.0,6.0,0.0,,0.0
1896-01-26,-11.0,-94.0,0.0,,0.0
1896-01-27,-22.0,-122.0,0.0,,0.0
1896-01-28,11.0,-33.0,0.0,,0.0
1896-01-29,33.0,-22.0,0.0,,0.0
1896-01-30,33.0,0.0,0.0,,0.0
1896-01-31,22.0,-6.0,0.0,,0.0
1896-02-01,39.0,6.0,20.0,,0.0
1896-02-02,22.0,-6.0,0.0,,0.0
1896-02-03,-22.0,-44.0,25.0,,25.0
1896-02-04,17.0,-39.0,0.0,,0.0
1896-02-05,-22.0,-56.0,0.0,,0.0
1896-02-06,11.0,-89.0,0.0,,0.0
1896-02-07,22.0,-39.0,0.0,,0.0
1896-02-08,11.0,-33.0,0.0,,0.0
1896-02-09,-11.0,-67.0,0.0,,0.0
1896-02-10,22.0,-22.0,0.0,,0.0
1896-02-11,-6.0,-117.0,0.0,,0.0
1896-02-12,-67.0,-172.0,0.0,,0.0
1896-02-13,-22.0,-89.0,152.0,,152.0
1896-02-14,-22.0,-78.0,0.0,,0.0
1896-02-15,-44.0,-94.0,0.0,,0.0
1896-02-16,-100.0,-150.0,0.0,,0.0
1896-02-17,-122.0,-233.0,0.0,,0.0
1896-02-18,0.0,-172.0,0.0,,0.0
1896-02-19,-67.0,-111.0,0.0,,0.0
1896-02-20,-122.0,-200.0,0.0,,0.0
1896-02-21,-67.0,-194.0,0.0,,0.0
1896-02-22,17.0,-122.0,0.0,,0.0
1896-02-23,50.0,-22.0,0.0,,0.0
1896-02-24,33.0,-67.0,0.0,,0.0
1896-02-25,-22.0,-122.0,0.0,,0.0
1896-02-26,33.0,-17.0,0.0,,0.0
1896-02-27,100.0,-11.0,0.0,,0.0
1896-02-28,72.0,-11.0,0.0,,0.0
1896-02-29,-6.0,-61.0,0.0,,0.0
1896-03-01,22.0,-78.0,,,
1896-03-02,0.0,-94.0,,,
1896-03-03,-39.0,-94.0,,,
1896-03-04,-50.0,-117.0,,,
1896-03-05,-67.0,-128.0,,,
1896-03-06,44.0,-33.0,,,
1896-03-07,33.0,-22.0,,,
1896-03-08,22.0,-39.0,,,
1896-03-09,6.0,-89.0,,,
1896-03-10,22.0,-78.0,,,
1896-03-11,0.0,-100.0,,,
1896-03-12,-44.0,-122.0,,,
1896-03-13,-89.0,-144.0,,,
1896-03-14,-28.0,-133.0,,,
1896-03-15,0.0,-78.0,,,
1896-03-16,17.0,-94.0,,,
1896-03-17,33.0,-89.0,,,
1896-03-18,33.0,-22.0,,,
1896-03-19,17.0,-39.0,,,
1896-03-20,0.0,-150.0,,,
1896-03-21,89.0,-67.0,,,
1896-03-22,78.0,-94.0,,,
1896-03-23,-22.0,-100.0,,,
1896-03-24,28.0,-83.0,,,
1896-03-25,111.0,-11.0,,,
1896-03-26,72.0,-67.0,,,
1896-03-27,33.0,-94.0,,,
1896-03-28,72.0,-61.0,,,
1896-03-29,78.0,33.0,,,
1896-03-30,72.0,0.0,,,
1896-03-31,89.0,-6.0,,,
1896-04-01,83.0,-11.0,0.0,,
1896-04-02,89.0,-67.0,0.0,,
1896-04-03,-17.0,-78.0,0.0,,
1896-04-04,89.0,-61.0,0.0,,
1896-04-05,100.0,-28.0,0.0,,
1896-04-06,33.0,-22.0,0.0,,
1896-04-07,0.0,-56.0,0.0,,
1896-04-08,89.0,-56.0,0.0,,
1896-04-09,67.0,-22.0,152.0,,
1896-04-10,83.0,0.0,51.0,,
1896-04-11,89.0,22.0,0.0,,
1896-04-12,256.0,50.0,0.0,,
1896-04-13,233.0,67.0,0.0,,
1896-04-14,233.0,111.0,0.0,,
1896-04-15,256.0,100.0,0.0,,
1896-04-16,289.0,128.0,0.0,,
1896-04-17,289.0,139.0,36.0,,
1896-04-18,278.0,106.0,0.0,,
1896-04-19,178.0,100.0,0.0,,
1896-04-20,222.0,56.0,0.0,,
1896-04-21,211.0,44.0,0.0,,
1896-04-22,117.0,17.0,0.0,,
1896-04-23,161.0,0.0,0.0,,
1896-04-24,172.0,17.0,53.0,,
1896-04-25,128.0,72.0,0.0,,
1896-04-26,156.0,83.0,0.0,,
1896-04-27,233.0,67.0,0.0,,
1896-04-28,139.0,72.0,0.0,,
1896-04-29,194.0,67.0,0.0,,
1896-04-30,211.0,89.0,25.0,,
1896-05-01,239.0,78.0,0.0,,
1896-05-02,239.0,128.0,119.0,,
1896-05-03,228.0,128.0,0.0,,
1896-05-04,239.0,89.0,0.0,,
1896-05-05,217.0,67.0,0.0,,
1896-05-06,244.0,106.0,0.0,,
1896-05-07,261.0,106.0,0.0,,
1896-05-08,311.0,156.0,0.0,,
1896-05-09,311.0,100.0,0.0,,
1896-05-10,311.0,194.0,0.0,,
1896-05-11,300.0,167.0,0.0,,
1896-05-12,217.0,94.0,89.0,,
1896-05-13,256.0,100.0,0.0,,
1896-05-14,267.0,89.0,102.0,,
1896-05-15,217.0,106.0,0.0,,
1896-05-16,278.0,100.0,0.0,,
1896-05-17,222.0,94.0,15.0,,
1896-05-18,244.0,89.0,0.0,,
1896-05-19,211.0,78.0,0.0,,
1896-05-20,194.0,0.0,0.0,,
1896-05-21,256.0,56.0,0.0,,
1896-05-22,211.0,44.0,0.0,,
1896-05-23,233.0,33.0,0.0,,
1896-05-24,228.0,50.0,0.0,,
1896-05-25,211.0,156.0,206.0,,
1896-05-26,239.0,150.0,0.0,,
1896-05-27,228.0,111.0,0.0,,
1896-05-28,200.0,89.0,13.0,,
1896-05-29,178.0,44.0,0.0,,
1896-05-30,194.0,39.0,0.0,,
1896-05-31,183.0,44.0,0.0,,
1896-06-01,156.0,50.0,0.0,,
1896-06-02,200.0,33.0,0.0,,
1896-06-03,228.0,61.0,0.0,,
1896-06-04,233.0,67.0,0.0,,
1896-06-05,311.0,128.0,0.0,,
1896-06-06,322.0,161.0,38.0,,
1896-06-07,311.0,178.0,114.0,,
1896-06-08,267.0,100.0,0.0,,
1896-06-09,128.0,100.0,0.0,,
1896-06-10,206.0,106.0,0.0,,
1896-06-11,261.0,94.0,0.0,,
1896-06-12,261.0,100.0,0.0,,
1896-06-13,261.0,100.0,0.0,,
1896-06-14,261.0,83.0,0.0,,
1896-06-15,261.0,89.0,0.0,,
1896-06-16,261.0,94.0,0.0,,
1896-06-17,244.0,94.0,0.0,,
1896-06-18,289.0,100.0,0.0,,
1896-06-19,294.0,144.0,0.0,,
1896-06-20,267.0,178.0,0.0,,
1896-06-21,294.0,183.0,46.0,,
1896-06-22,233.0,122.0,0.0,,
1896-06-23,267.0,72.0,0.0,,
1896-06-24,256.0,156.0,0.0,,
1896-06-25,317.0,156.0,0.0,,
1896-06-26,267.0,100.0,0.0,,
1896-06-27,283.0,133.0,0.0,,
1896-06-28,306.0,211.0,0.0,,
1896-06-29,289.0,100.0,0.0,,
1896-06-30,283.0,78.0,0.0,,
1896-07-01,311.0,178.0,0.0,,
1896-07-02,311.0,183.0,0.0,,
1896-07-03,322.0,167.0,0.0,,
1896-07-04,228.0,106.0,0.0,,
1896-07-05,256.0,111.0,0.0,,
1896-07-06,272.0,133.0,0.0,,
1896-07-07,261.0,122.0,0.0,,
1896-07-08,256.0,144.0,0.0,,
1896-07-09,267.0,161.0,0.0,,
1896-07-10,300.0,156.0,69.0,,
1896-07-11,311.0,161.0,0.0,,
1896-07-12,317.0,156.0,0.0,,
1896-07-13,322.0,161.0,0.0,,
1896-07-14,322.0,156.0,0.0,,
1896-07-15,328.0,100.0,0.0,,
1896-07-16,322.0,133.0,0.0,,
1896-07-17,333.0,156.0,0.0,,
1896-07-18,256.0,72.0,0.0,,
1896-07-19,278.0,72.0,0.0,,
1896-07-20,267.0,78.0,0.0,,
1896-07-21,278.0,83.0,0.0,,
1896-07-22,311.0,133.0,0.0,,
1896-07-23,267.0,172.0,0.0,,
1896-07-24,267.0,122.0,0.0,,
1896-07-25,272.0,128.0,0.0,,
1896-07-26,267.0,122.0,102.0,,
1896-07-27,317.0,167.0,0.0,,
1896-07-28,350.0,194.0,0.0,,
1896-07-29,322.0,172.0,0.0,,
1896-07-30,283.0,156.0,0.0,,
1896-07-31,267.0,161.0,0.0,,
1896-08-01,244.0,161.0,246.0,,
1896-08-02,250.0,161.0,0.0,,
1896-08-03,300.0,156.0,0.0,,
1896-08-04,344.0,194.0,0.0,,
1896-08-05,350.0,211.0,152.0,,
1896-08-06,267.0,167.0,0.0,,
1896-08-07,311.0,194.0,0.0,,
1896-08-08,322.0,206.0,0.0,,
1896-08-09,328.0,211.0,51.0,,
1896-08-10,333.0,217.0,0.0,,
1896-08-11,322.0,200.0,0.0,,
1896-08-12,311.0,133.0,0.0,,
1896-08-13,244.0,139.0,0.0,,
1896-08-14,300.0,128.0,0.0,,
1896-08-15,311.0,133.0,0.0,,
1896-08-16,306.0,128.0,0.0,,
1896-08-17,311.0,156.0,0.0,,
1896-08-18,267.0,128.0,0.0,,
1896-08-19,233.0,106.0,0.0,,
1896-08-20,228.0,72.0,0.0,,
1896-08-21,256.0,89.0,0.0,,
1896-08-22,272.0,106.0,0.0,,
1896-08-23,256.0,122.0,0.0,,
1896-08-24,244.0,106.0,0.0,,
1896-08-25,267.0,83.0,0.0,,
1896-08-26,222.0,89.0,170.0,,
1896-08-27,217.0,72.0,0.0,,
1896-08-28,211.0,44.0,0.0,,
1896-08-29,256.0,89.0,0.0,,
1896-08-30,256.0,111.0,0.0,,
1896-08-31,244.0,100.0,0.0,,
1896-09-01,256.0,56.0,0.0,,
1896-09-02,267.0,44.0,191.0,,
1896-09-03,233.0,72.0,0.0,,
1896-09-04,211.0,44.0,0.0,,
1896-09-05,200.0,39.0,0.0,,
1896-09-06,206.0,72.0,229.0,,
1896-09-07,222.0,44.0,0.0,,
1896-09-08,250.0,78.0,0.0,,
1896-09-09,256.0,106.0,0.0,,
1896-09-10,239.0,94.0,0.0,,
1896-09-11,250.0,100.0,0.0,,
1896-09-12,233.0,94.0,406.0,,
1896-09-13,256.0,122.0,0.0,,
1896-09-14,217.0,100.0,0.0,,
1896-09-15,194.0,83.0,0.0,,
1896-09-16,217.0,72.0,0.0,,
1896-09-17,244.0,106.0,64.0,,
1896-09-18,233.0,89.0,0.0,,
1896-09-19,244.0,61.0,25.0,,
1896-09-20,211.0,0.0,0.0,,
1896-09-21,183.0,11.0,46.0,,
1896-09-22,72.0,-17.0,0.0,,
1896-09-23,144.0,-11.0,0.0,,
1896-09-24,189.0,44.0,0.0,,
1896-09-25,,,0.0,,
1896-09-26,,,0.0,,
1896-09-27,194.0,11.0,170.0,,
1896-09-28,,,0.0,,
1896-09-29,,,206.0,,
1896-09-30,,,201.0,,
1896-10-01,150.0,33.0,25.0,,
1896-10-02,161.0,50.0,0.0,,
1896-10-03,122.0,67.0,0.0,,
1896-10-04,144.0,44.0,0.0,,
1896-10-05,178.0,11.0,0.0,,
1896-10-06,172.0,6.0,0.0,,
1896-10-07,161.0,-6.0,0.0,,
1896-10-08,156.0,0.0,0.0,,
1896-10-09,144.0,-17.0,0.0,,
1896-10-10,144.0,-11.0,0.0,,
1896-10-11,156.0,0.0,0.0,,
1896-10-12,150.0,11.0,0.0,,
1896-10-13,161.0,22.0,0.0,,
1896-10-14,144.0,6.0,0.0,,
1896-10-15,167.0,17.0,0.0,,
1896-10-16,183.0,11.0,0.0,,
1896-10-17,178.0,6.0,0.0,,
1896-10-18,50.0,-22.0,0.0,,
1896-10-19,67.0,-17.0,89.0,,
1896-10-20,78.0,0.0,0.0,,
1896-10-21,,,0.0,,
1896-10-22,,,0.0,,
1896-10-23,,,0.0,,
1896-10-24,,,0.0,,
1896-10-25,,,0.0,,
1896-10-26,100.0,0.0,0.0,,
1896-10-27,122.0,33.0,0.0,,
1896-10-28,156.0,44.0,0.0,,
1896-10-29,233.0,72.0,102.0,,
1896-10-30,211.0,44.0,0.0,,
1896-10-31,122.0,28.0,0.0,,
1896-11-01,128.0,17.0,,,
1896-11-02,139.0,44.0,,,
1896-11-03,183.0,33.0,,,
1896-11-04,156.0,11.0,38.0,,
1896-11-05,100.0,6.0,241.0,,
1896-11-06,133.0,17.0,,,
1896-11-07,144.0,11.0,51.0,,
1896-11-08,89.0,6.0,,,
1896-11-09,44.0,0.0,,,
1896-11-10,83.0,6.0,,,
1896-11-11,78.0,0.0,46.0,,
1896-11-12,67.0,6.0,,,
1896-11-13,78.0,11.0,,,
1896-11-14,89.0,22.0,,,
1896-11-15,94.0,33.0,,,
1896-11-16,172.0,50.0,,,
1896-11-17,156.0,33.0,,,
1896-11-18,122.0,0.0,,,
1896-11-19,33.0,-56.0,,,
1896-11-20,39.0,-44.0,,,
1896-11-21,22.0,-44.0,,,
1896-11-22,11.0,-61.0,,,
1896-11-23,22.0,-50.0,,,
1896-11-24,89.0,-11.0,,,
1896-11-25,133.0,0.0,,,
1896-11-26,144.0,117.0,201.0,,
1896-11-27,167.0,-22.0,25.0,,
1896-11-28,6.0,-78.0,,,
1896-11-29,-22.0,-89.0,,,
1896-11-30,-61.0,-111.0,,,
1896-12-01,-94.0,-128.0,0.0,,0.0
1896-12-02,-100.0,-122.0,0.0,,0.0
1896-12-03,-67.0,-128.0,0.0,,0.0
1896-12-04,11.0,-67.0,0.0,,0.0
1896-12-05,33.0,11.0,0.0,,0.0
1896-12-06,44.0,0.0,0.0,,0.0
1896-12-07,17.0,-11.0,0.0,,0.0
1896-12-08,39.0,0.0,0.0,,0.0
1896-12-09,44.0,17.0,0.0,,0.0
1896-12-10,50.0,-11.0,0.0,,0.0
1896-12-11,61.0,6.0,0.0,,0.0
1896-12-12,72.0,0.0,0.0,,0.0
1896-12-13,56.0,-11.0,0.0,,0.0
1896-12-14,44.0,-6.0,0.0,,0.0
1896-12-15,33.0,-11.0,0.0,,0.0
1896-12-16,11.0,-61.0,0.0,,0.0
1896-12-17,11.0,-78.0,0.0,,0.0
1896-12-18,0.0,-94.0,0.0,,0.0
1896-12-19,-11.0,-83.0,0.0,,0.0
1896-12-20,-28.0,-94.0,0.0,,0.0
1896-12-21,-22.0,-56.0,0.0,,0.0
1896-12-22,-39.0,-122.0,104.0,,203.0
1896-12-23,-56.0,-128.0,13.0,,0.0
1896-12-24,-33.0,-122.0,0.0,,0.0
1896-12-25,-22.0,-128.0,0.0,,0.0
1896-12-26,6.0,-44.0,0.0,,0.0
1896-12-27,-6.0,-122.0,0.0,,0.0
1896-12-28,33.0,-117.0,0.0,,0.0
1896-12-29,33.0,11.0,0.0,,0.0
1896-12-30,56.0,22.0,0.0,,0.0
1896-12-31,72.0,-11.0,0.0,,0.0
1897-01-01,67.0,22.0,0.0,,0.0
1897-01-02,117.0,28.0,221.0,,0.0
1897-01-03,128.0,44.0,155.0,,0.0
1897-01-04,117.0,-11.0,152.0,,0.0
1897-01-05,106.0,11.0,0.0,,0.0
1897-01-06,-22.0,-67.0,0.0,,0.0
1897-01-07,-28.0,-61.0,0.0,,0.0
1897-01-08,0.0,-111.0,0.0,,0.0
1897-01-09,33.0,-67.0,0.0,,0.0
1897-01-10,22.0,-33.0,0.0,,0.0
1897-01-11,28.0,-67.0,0.0,,0.0
1897-01-12,-83.0,-122.0,0.0,,0.0
1897-01-13,-89.0,-122.0,0.0,,0.0
1897-01-14,-11.0,-100.0,0.0,,0.0
1897-01-15,-11.0,-122.0,0.0,,0.0
1897-01-16,11.0,-11.0,140.0,,0.0
1897-01-17,72.0,0.0,127.0,,0.0
1897-01-18,-11.0,-67.0,0.0,,0.0
1897-01-19,-167.0,-122.0,0.0,,0.0
1897-01-20,-39.0,-111.0,25.0,,25.0
1897-01-21,17.0,-11.0,51.0,,51.0
1897-01-22,0.0,-94.0,0.0,,0.0
1897-01-23,-39.0,-128.0,0.0,,0.0
1897-01-24,-122.0,-183.0,0.0,,0.0
1897-01-25,-111.0,-194.0,0.0,,0.0
1897-01-26,-94.0,-150.0,0.0,,0.0
1897-01-27,-39.0,-122.0,51.0,,51.0
1897-01-28,-33.0,-128.0,25.0,,25.0
1897-01-29,-39.0,-122.0,51.0,,51.0
1897-01-30,-56.0,-94.0,0.0,,0.0
1897-01-31,-11.0,-122.0,0.0,,0.0
1897-02-01,-11.0,-150.0,0.0,,0.0
1897-02-02,17.0,-72.0,0.0,,0.0
1897-02-03,11.0,-56.0,0.0,,0.0
1897-02-04,11.0,-11.0,0.0,,0.0
1897-02-05,0.0,-44.0,0.0,,0.0
1897-02-06,33.0,0.0,152.0,,0.0
1897-02-07,39.0,0.0,0.0,,0.0
1897-02-08,0.0,-44.0,0.0,,0.0
1897-02-09,6.0,-17.0,0.0,,0.0
1897-02-10,0.0,-61.0,0.0,,0.0
1897-02-11,-28.0,-94.0,0.0,,0.0
1897-02-12,-17.0,-61.0,102.0,,102.0
1897-02-13,-11.0,-78.0,0.0,,0.0
1897-02-14,33.0,-50.0,0.0,,0.0
1897-02-15,39.0,-44.0,0.0,,0.0
1897-02-16,33.0,-39.0,0.0,,0.0
1897-02-17,56.0,-6.0,0.0,,0.0
1897-02-18,33.0,-22.0,0.0,,0.0
1897-02-19,22.0,-83.0,0.0,,0.0
1897-02-20,17.0,-28.0,0.0,,0.0
1897-02-21,28.0,-11.0,0.0,,0.0
1897-02-22,-11.0,-139.0,0.0,,0.0
1897-02-23,0.0,-67.0,23.0,,23.0
1897-02-24,-11.0,-67.0,0.0,,0.0
1897-02-25,-33.0,-111.0,0.0,,0.0
1897-02-26,-78.0,-128.0,0.0,,0.0
1897-02-27,-78.0,-167.0,0.0,,0.0
1897-02-28,-83.0,-122.0,0.0,,0.0
1897-03-01,-11.0,-150.0,0.0,,0.0
1897-03-02,-6.0,-106.0,0.0,,0.0
1897-03-03,-11.0,-67.0,13.0,,0.0
1897-03-04,6.0,-122.0,0.0,,0.0
1897-03-05,72.0,-39.0,152.0,,0.0
1897-03-06,17.0,-117.0,0.0,,0.0
1897-03-07,-11.0,-106.0,0.0,,0.0
1897-03-08,22.0,-33.0,51.0,,0.0
1897-03-09,72.0,11.0,152.0,,0.0
1897-03-10,72.0,-11.0,71.0,,0.0
1897-03-11,89.0,-33.0,0.0,,0.0
1897-03-12,11.0,-22.0,76.0,,76.0
1897-03-13,-39.0,-117.0,0.0,,0.0
1897-03-14,-6.0,-133.0,0.0,,0.0
1897-03-15,-11.0,-117.0,0.0,,0.0
1897-03-16,-11.0,-139.0,41.0,,0.0
1897-03-17,39.0,-94.0,0.0,,0.0
1897-03-18,94.0,-22.0,0.0,,0.0
1897-03-19,72.0,17.0,30.0,,0.0
1897-03-20,72.0,22.0,226.0,,0.0
1897-03-21,67.0,17.0,0.0,,0.0
1897-03-22,44.0,0.0,0.0,,0.0
1897-03-23,33.0,-11.0,0.0,,0.0
1897-03-24,22.0,-22.0,152.0,,152.0
1897-03-25,6.0,-56.0,0.0,,0.0
1897-03-26,17.0,-67.0,0.0,,0.0
1897-03-27,39.0,-39.0,0.0,,0.0
1897-03-28,50.0,-61.0,0.0,,0.0
1897-03-29,89.0,-22.0,0.0,,0.0
1897-03-30,94.0,0.0,0.0,,0.0
1897-03-31,67.0,0.0,0.0,,0.0
1897-04-01,89.0,-22.0,0.0,,
1897-04-02,100.0,-17.0,0.0,,
1897-04-03,89.0,-11.0,0.0,,
1897-04-04,89.0,0.0,84.0,,
1897-04-05,100.0,56.0,51.0,,
1897-04-06,89.0,0.0,8.0,,
1897-04-07,50.0,-6.0,0.0,,
1897-04-08,72.0,0.0,0.0,,
1897-04-09,44.0,-22.0,0.0,,
1897-04-10,50.0,-39.0,0.0,,
1897-04-11,56.0,-44.0,0.0,,
1897-04-12,89.0,-50.0,0.0,,
1897-04-13,72.0,-22.0,102.0,,
1897-04-14,72.0,-6.0,0.0,,
1897-04-15,67.0,0.0,0.0,,
1897-04-16,89.0,-6.0,64.0,,
1897-04-17,56.0,-22.0,0.0,,
1897-04-18,72.0,6.0,0.0,,
1897-04-19,11.0,-83.0,0.0,,
1897-04-20,161.0,-78.0,0.0,,
1897-04-21,178.0,-17.0,0.0,,
1897-04-22,233.0,133.0,0.0,,
1897-04-23,217.0,89.0,0.0,,
1897-04-24,206.0,83.0,279.0,,
1897-04-25,217.0,67.0,76.0,,
1897-04-26,206.0,44.0,0.0,,
1897-04-27,72.0,0.0,0.0,,
1897-04-28,222.0,6.0,0.0,,
1897-04-29,156.0,0.0,18.0,,
1897-04-30,67.0,11.0,102.0,,
1897-05-01,150.0,22.0,229.0,,
1897-05-02,67.0,22.0,244.0,,
1897-05-03,61.0,17.0,218.0,,
1897-05-04,156.0,50.0,25.0,,
1897-05-05,228.0,67.0,0.0,,
1897-05-06,167.0,50.0,0.0,,
1897-05-07,128.0,67.0,0.0,,
1897-05-08,194.0,28.0,0.0,,
1897-05-09,306.0,106.0,0.0,,
1897-05-10,278.0,89.0,0.0,,
1897-05-11,272.0,106.0,0.0,,
1897-05-12,233.0,56.0,0.0,,
1897-05-13,211.0,72.0,25.0,,
1897-05-14,161.0,61.0,94.0,,
1897-05-15,189.0,39.0,25.0,,
1897-05-16,183.0,33.0,0.0,,
1897-05-17,183.0,106.0,0.0,,
1897-05-18,189.0,100.0,0.0,,
1897-05-19,200.0,89.0,0.0,,
1897-05-20,233.0,72.0,140.0,,
1897-05-21,122.0,44.0,0.0,,
1897-05-22,206.0,0.0,0.0,,
1897-05-23,211.0,22.0,38.0,,
1897-05-24,128.0,17.0,0.0,,
1897-05-25,156.0,11.0,0.0,,
1897-05-26,150.0,-6.0,0.0,,
1897-05-27,206.0,33.0,0.0,,
1897-05-28,144.0,72.0,0.0,,
1897-05-29,200.0,78.0,0.0,,
1897-05-30,144.0,44.0,0.0,,
1897-05-31,128.0,44.0,0.0,,
1897-06-01,172.0,50.0,0.0,,
1897-06-02,156.0,33.0,0.0,,
1897-06-03,200.0,67.0,18.0,,
1897-06-04,222.0,44.0,0.0,,
1897-06-05,239.0,72.0,0.0,,
1897-06-06,200.0,89.0,221.0,,
1897-06-07,178.0,67.0,0.0,,
1897-06-08,106.0,44.0,0.0,,
1897-06-09,183.0,0.0,0.0,,
1897-06-10,194.0,22.0,0.0,,
1897-06-11,172.0,50.0,61.0,,
1897-06-12,222.0,56.0,0.0,,
1897-06-13,272.0,83.0,0.0,,
1897-06-14,289.0,117.0,0.0,,
1897-06-15,272.0,122.0,0.0,,
1897-06-16,289.0,72.0,0.0,,
1897-06-17,206.0,117.0,0.0,,
1897-06-18,200.0,89.0,0.0,,
1897-06-19,206.0,100.0,0.0,,
1897-06-20,156.0,72.0,0.0,,
1897-06-21,211.0,67.0,0.0,,
1897-06-22,256.0,89.0,0.0,,
1897-06-23,300.0,106.0,0.0,,
1897-06-24,306.0,111.0,0.0,,
1897-06-25,244.0,106.0,0.0,,
1897-06-26,217.0,39.0,0.0,,
1897-06-27,228.0,50.0,0.0,,
1897-06-28,256.0,89.0,0.0,,
1897-06-29,278.0,117.0,267.0,,
1897-06-30,289.0,144.0,0.0,,
1897-07-01,256.0,133.0,0.0,,
1897-07-02,322.0,144.0,0.0,,
1897-07-03,350.0,211.0,0.0,,
1897-07-04,361.0,206.0,0.0,,
1897-07-05,322.0,222.0,0.0,,
1897-07-06,311.0,156.0,0.0,,
1897-07-07,317.0,156.0,0.0,,
1897-07-08,322.0,161.0,0.0,,
1897-07-09,333.0,178.0,0.0,,
1897-07-10,344.0,211.0,0.0,,
1897-07-11,233.0,178.0,150.0,,
1897-07-12,183.0,122.0,0.0,,
1897-07-13,200.0,144.0,142.0,,
1897-07-14,233.0,128.0,0.0,,
1897-07-15,,156.0,0.0,,
1897-07-16,,156.0,0.0,,
1897-07-17,256.0,161.0,0.0,,
1897-07-18,272.0,183.0,0.0,,
1897-07-19,289.0,172.0,0.0,,
1897-07-20,272.0,161.0,135.0,,
1897-07-21,267.0,156.0,0.0,,
1897-07-22,272.0,161.0,0.0,,
1897-07-23,256.0,133.0,0.0,,
1897-07-24,261.0,144.0,0.0,,
1897-07-25,272.0,156.0,0.0,,
1897-07-26,211.0,144.0,216.0,,
1897-07-27,206.0,89.0,279.0,,
1897-07-28,244.0,139.0,28.0,,
1897-07-29,267.0,133.0,0.0,,
1897-07-30,283.0,144.0,0.0,,
1897-07-31,,,0.0,,
1897-08-01,278.0,133.0,0.0,,
1897-08-02,289.0,128.0,0.0,,
1897-08-03,283.0,144.0,0.0,,
1897-08-04,289.0,172.0,0.0,,
1897-08-05,300.0,156.0,0.0,,
1897-08-06,272.0,133.0,0.0,,
1897-08-07,278.0,122.0,0.0,,
1897-08-08,267.0,100.0,0.0,,
1897-08-09,272.0,128.0,0.0,,
1897-08-10,267.0,144.0,0.0,,
1897-08-11,267.0,156.0,0.0,,
1897-08-12,278.0,161.0,0.0,,
1897-08-13,283.0,156.0,0.0,,
1897-08-14,267.0,144.0,0.0,,
1897-08-15,278.0,156.0,0.0,,
1897-08-16,267.0,133.0,0.0,,
1897-08-17,244.0,122.0,64.0,,
1897-08-18,228.0,89.0,188.0,,
1897-08-19,244.0,100.0,0.0,,
1897-08-20,256.0,106.0,0.0,,
1897-08-21,250.0,94.0,0.0,,
1897-08-22,233.0,78.0,0.0,,
1897-08-23,244.0,89.0,0.0,,
1897-08-24,256.0,100.0,137.0,,
1897-08-25,217.0,94.0,0.0,,
1897-08-26,206.0,100.0,0.0,,
1897-08-27,250.0,94.0,0.0,,
1897-08-28,261.0,111.0,0.0,,
1897-08-29,289.0,156.0,0.0,,
1897-08-30,272.0,122.0,0.0,,
1897-08-31,256.0,72.0,0.0,,
1897-09-01,228.0,72.0,142.0,,
1897-09-02,222.0,106.0,0.0,,
1897-09-03,244.0,78.0,0.0,,
1897-09-04,256.0,89.0,0.0,,
1897-09-05,294.0,122.0,0.0,,
1897-09-06,306.0,133.0,0.0,,
1897-09-07,311.0,100.0,0.0,,
1897-09-08,317.0,167.0,0.0,,
1897-09-09,311.0,156.0,0.0,,
1897-09-10,322.0,183.0,0.0,,
1897-09-11,317.0,144.0,51.0,,
1897-09-12,272.0,133.0,0.0,,
1897-09-13,261.0,183.0,56.0,,
1897-09-14,289.0,161.0,0.0,,
1897-09-15,306.0,178.0,0.0,,
1897-09-16,267.0,144.0,38.0,,
1897-09-17,256.0,89.0,0.0,,
1897-09-18,211.0,56.0,0.0,,
1897-09-19,183.0,11.0,0.0,,
1897-09-20,194.0,22.0,0.0,,
1897-09-21,200.0,11.0,0.0,,
1897-09-22,178.0,-6.0,0.0,,
1897-09-23,200.0,22.0,0.0,,
1897-09-24,211.0,33.0,0.0,,
1897-09-25,,,0.0,,
1897-09-26,,,0.0,,
1897-09-27,,,0.0,,
1897-09-28,,,0.0,,
1897-09-29,,,0.0,,
1897-09-30,,,0.0,,
1897-10-01,289.0,139.0,0.0,,
1897-10-02,289.0,67.0,0.0,,
1897-10-03,294.0,50.0,0.0,,
1897-10-04,244.0,72.0,0.0,,
1897-10-05,233.0,44.0,0.0,,
1897-10-06,222.0,56.0,0.0,,
1897-10-07,200.0,33.0,315.0,,
1897-10-08,194.0,22.0,0.0,,
1897-10-09,144.0,11.0,0.0,,
1897-10-10,200.0,6.0,0.0,,
1897-10-11,206.0,72.0,0.0,,
1897-10-12,156.0,100.0,274.0,,
1897-10-13,200.0,89.0,0.0,,
1897-10-14,267.0,33.0,0.0,,
1897-10-15,217.0,11.0,0.0,,
1897-10-16,211.0,6.0,23.0,,
1897-10-17,211.0,-11.0,0.0,,
1897-10-18,156.0,-11.0,0.0,,
1897-10-19,161.0,44.0,0.0,,
1897-10-20,144.0,100.0,79.0,,
1897-10-21,150.0,22.0,0.0,,
1897-10-22,200.0,89.0,0.0,,
1897-10-23,172.0,33.0,0.0,,
1897-10-24,156.0,11.0,0.0,,
1897-10-25,144.0,17.0,0.0,,
1897-10-26,133.0,72.0,0.0,,
1897-10-27,122.0,44.0,0.0,,
1897-10-28,133.0,39.0,0.0,,
1897-10-29,144.0,33.0,0.0,,
1897-10-30,133.0,17.0,0.0,,
1897-10-31,122.0,6.0,0.0,,
1897-11-01,117.0,61.0,0.0,,
1897-11-02,100.0,44.0,0.0,,
1897-11-03,144.0,22.0,0.0,,
1897-11-04,161.0,17.0,0.0,,
1897-11-05,150.0,72.0,25.0,,
1897-11-06,83.0,28.0,0.0,,
1897-11-07,78.0,-28.0,0.0,,
1897-11-08,83.0,44.0,122.0,,
1897-11-09,78.0,17.0,13.0,,
1897-11-10,89.0,11.0,0.0,,
1897-11-11,83.0,22.0,0.0,,
1897-11-12,33.0,-11.0,0.0,,
1897-11-13,28.0,-11.0,0.0,,
1897-11-14,39.0,-39.0,51.0,,
1897-11-15,100.0,33.0,38.0,,
1897-11-16,28.0,6.0,94.0,,
1897-11-17,22.0,-33.0,0.0,,
1897-11-18,11.0,-22.0,0.0,,
1897-11-19,56.0,-33.0,0.0,,
1897-11-20,122.0,0.0,0.0,,
1897-11-21,128.0,17.0,0.0,,
1897-11-22,44.0,-17.0,0.0,,
1897-11-23,-11.0,-61.0,0.0,,
1897-11-24,0.0,-72.0,0.0,,
1897-11-25,44.0,0.0,0.0,,
1897-11-26,56.0,-33.0,122.0,,
1897-11-27,-22.0,-67.0,0.0,,
1897-11-28,17.0,-67.0,0.0,,
1897-11-29,-11.0,-78.0,0.0,,
1897-11-30,-44.0,-89.0,0.0,0.0,
1897-12-01,-33.0,-94.0,0.0,,0.0
1897-12-02,-39.0,-189.0,0.0,,0.0
1897-12-03,0.0,-67.0,0.0,,0.0
1897-12-04,17.0,-22.0,28.0,,0.0
1897-12-05,6.0,-44.0,0.0,,0.0
1897-12-06,28.0,-56.0,0.0,,0.0
1897-12-07,17.0,-11.0,0.0,,0.0
1897-12-08,50.0,-22.0,0.0,,0.0
1897-12-09,44.0,17.0,0.0,,0.0
1897-12-10,128.0,44.0,107.0,,0.0
1897-12-11,122.0,22.0,135.0,,0.0
1897-12-12,78.0,6.0,0.0,,0.0
1897-12-13,44.0,0.0,0.0,,0.0
1897-12-14,78.0,6.0,0.0,,0.0
1897-12-15,56.0,11.0,0.0,,0.0
1897-12-16,44.0,-22.0,0.0,,0.0
1897-12-17,-6.0,-44.0,51.0,,51.0
1897-12-18,-50.0,-111.0,0.0,,0.0
1897-12-19,-22.0,,0.0,,0.0
1897-12-20,-11.0,-33.0,64.0,,64.0
1897-12-21,-22.0,-67.0,0.0,,0.0
1897-12-22,-44.0,-122.0,0.0,,0.0
1897-12-23,-78.0,-150.0,0.0,,0.0
1897-12-24,-117.0,-167.0,0.0,,0.0
1897-12-25,0.0,-161.0,0.0,,0.0
1897-12-26,0.0,-56.0,0.0,,0.0
1897-12-27,-50.0,-117.0,0.0,,0.0
1897-12-28,-44.0,-111.0,0.0,,0.0
1897-12-29,17.0,-72.0,0.0,,0.0
1897-12-30,28.0,-17.0,0.0,,0.0
1897-12-31,22.0,-94.0,0.0,,0.0
1898-01-01,-78.0,-133.0,0.0,,
1898-01-02,-61.0,-100.0,0.0,,
1898-01-03,-56.0,-89.0,0.0,,
1898-01-04,-11.0,-56.0,0.0,,
1898-01-05,22.0,-67.0,0.0,,
1898-01-06,33.0,-11.0,0.0,,
1898-01-07,22.0,-67.0,0.0,,
1898-01-08,33.0,-22.0,0.0,,
1898-01-09,28.0,-78.0,0.0,,
1898-01-10,11.0,-94.0,0.0,,
1898-01-11,17.0,-33.0,0.0,,
1898-01-12,28.0,11.0,51.0,,
1898-01-13,11.0,-11.0,0.0,,
1898-01-14,28.0,-56.0,0.0,,
1898-01-15,17.0,-11.0,0.0,,
1898-01-16,17.0,-56.0,0.0,,0.0
1898-01-17,-6.0,-122.0,0.0,,
1898-01-18,17.0,-94.0,0.0,,
1898-01-19,28.0,-72.0,0.0,,
1898-01-20,33.0,-28.0,76.0,,
1898-01-21,28.0,-11.0,0.0,,
1898-01-22,22.0,-28.0,0.0,,
1898-01-23,11.0,-39.0,234.0,,
1898-01-24,,,28.0,,
1898-01-25,-6.0,-144.0,0.0,,
1898-01-26,11.0,-122.0,0.0,,
1898-01-27,-11.0,-128.0,0.0,,
1898-01-28,-11.0,-133.0,48.0,,
1898-01-29,-6.0,-144.0,0.0,,
1898-01-30,-56.0,-250.0,0.0,,
1898-01-31,-28.0,-150.0,30.0,,
1898-02-01,-150.0,-189.0,0.0,,
1898-02-02,-139.0,-244.0,0.0,,
1898-02-03,-100.0,-228.0,0.0,,
1898-02-04,-17.0,-178.0,0.0,,
1898-02-05,17.0,-56.0,51.0,,
1898-02-06,-28.0,-194.0,0.0,,
1898-02-07,6.0,-94.0,0.0,,
1898-02-08,83.0,-44.0,0.0,,
1898-02-09,56.0,17.0,0.0,,
1898-02-10,44.0,6.0,25.0,,
1898-02-11,83.0,28.0,0.0,,
1898-02-12,50.0,-22.0,0.0,,
1898-02-13,50.0,-44.0,0.0,,
1898-02-14,17.0,-22.0,0.0,,
1898-02-15,22.0,-83.0,107.0,,
1898-02-16,-94.0,-161.0,0.0,,
1898-02-17,-28.0,-156.0,0.0,,
1898-02-18,33.0,-39.0,0.0,,
1898-02-19,-11.0,-244.0,0.0,,
1898-02-20,-22.0,-233.0,0.0,,
1898-02-21,-33.0,-33.0,254.0,,
1898-02-22,0.0,-56.0,25.0,,
1898-02-23,33.0,-89.0,0.0,,0.0
1898-02-24,-33.0,-100.0,0.0,,0.0
1898-02-25,11.0,-44.0,0.0,,
1898-02-26,-11.0,-139.0,0.0,,
1898-02-27,0.0,-194.0,0.0,,
1898-02-28,-22.0,,0.0,,
1898-03-01,0.0,-156.0,0.0,,
1898-03-02,6.0,-133.0,0.0,,
1898-03-03,17.0,-167.0,0.0,,
1898-03-04,-11.0,-67.0,0.0,,
1898-03-05,6.0,-161.0,0.0,,
1898-03-06,44.0,-50.0,0.0,,
1898-03-07,78.0,-33.0,0.0,,
1898-03-08,111.0,-39.0,0.0,,
1898-03-09,122.0,17.0,0.0,,
1898-03-10,72.0,17.0,178.0,,
1898-03-11,89.0,11.0,69.0,,
1898-03-12,33.0,0.0,25.0,,
1898-03-13,28.0,-28.0,0.0,,
1898-03-14,33.0,-33.0,0.0,,
1898-03-15,50.0,-39.0,28.0,,
1898-03-16,167.0,17.0,0.0,,
1898-03-17,122.0,0.0,0.0,,
1898-03-18,56.0,-11.0,109.0,,
1898-03-19,133.0,28.0,0.0,,
1898-03-20,83.0,6.0,0.0,,
1898-03-21,72.0,17.0,0.0,,
1898-03-22,161.0,33.0,30.0,,
1898-03-23,44.0,-61.0,0.0,,
1898-03-24,72.0,-39.0,0.0,,
1898-03-25,111.0,-22.0,0.0,,
1898-03-26,144.0,17.0,0.0,,
1898-03-27,133.0,100.0,160.0,,
1898-03-28,122.0,11.0,0.0,,
1898-03-29,161.0,-11.0,0.0,,
1898-03-30,72.0,-28.0,0.0,,
1898-03-31,11.0,-56.0,0.0,,
1898-04-01,44.0,-61.0,0.0,,
1898-04-02,50.0,-67.0,0.0,,
1898-04-03,28.0,-67.0,0.0,,
1898-04-04,-11.0,-83.0,0.0,,
1898-04-05,0.0,-78.0,0.0,,
1898-04-06,-39.0,-67.0,0.0,,
1898-04-07,22.0,-11.0,0.0,,
1898-04-08,122.0,-39.0,0.0,,
1898-04-09,122.0,11.0,0.0,,
1898-04-10,122.0,28.0,0.0,,
1898-04-11,167.0,-6.0,0.0,,
1898-04-12,144.0,0.0,0.0,,
1898-04-13,178.0,17.0,0.0,,
1898-04-14,122.0,22.0,0.0,,
1898-04-15,144.0,33.0,0.0,,
1898-04-16,122.0,39.0,0.0,,
1898-04-17,133.0,33.0,0.0,,
1898-04-18,100.0,0.0,0.0,,
1898-04-19,78.0,17.0,122.0,,
1898-04-20,72.0,17.0,30.0,,
1898-04-21,150.0,39.0,0.0,,
1898-04-22,122.0,61.0,213.0,,
1898-04-23,94.0,17.0,0.0,,
1898-04-24,94.0,22.0,0.0,,
1898-04-25,89.0,39.0,0.0,,
1898-04-26,194.0,,0.0,,
1898-04-27,156.0,-22.0,0.0,,
1898-04-28,178.0,22.0,0.0,,
1898-04-29,150.0,56.0,0.0,,
1898-04-30,206.0,33.0,0.0,,
1898-05-01,150.0,94.0,18.0,,
1898-05-02,206.0,100.0,30.0,,
1898-05-03,150.0,56.0,0.0,,
1898-05-04,117.0,28.0,0.0,,
1898-05-05,78.0,22.0,0.0,,
1898-05-06,72.0,-6.0,0.0,,
1898-05-07,117.0,33.0,0.0,,
1898-05-08,172.0,33.0,0.0,,
1898-05-09,150.0,17.0,0.0,,
1898-05-10,244.0,61.0,0.0,,
1898-05-11,200.0,44.0,0.0,,
1898-05-12,161.0,33.0,0.0,,
1898-05-13,144.0,28.0,0.0,,
1898-05-14,161.0,44.0,0.0,,
1898-05-15,200.0,56.0,0.0,,
1898-05-16,217.0,89.0,0.0,,
1898-05-17,200.0,50.0,0.0,,
1898-05-18,206.0,72.0,0.0,,
1898-05-19,233.0,128.0,356.0,,
1898-05-20,133.0,56.0,0.0,,
1898-05-21,244.0,100.0,0.0,,
1898-05-22,239.0,122.0,0.0,,
1898-05-23,244.0,156.0,0.0,,
1898-05-24,211.0,122.0,0.0,,
1898-05-25,178.0,83.0,0.0,,
1898-05-26,183.0,50.0,0.0,,
1898-05-27,261.0,56.0,0.0,,
1898-05-28,217.0,78.0,104.0,,
1898-05-29,211.0,50.0,0.0,,
1898-05-30,178.0,56.0,0.0,,
1898-05-31,239.0,72.0,0.0,,
1898-06-01,89.0,33.0,0.0,,
1898-06-02,122.0,89.0,0.0,,
1898-06-03,200.0,89.0,0.0,,
1898-06-04,300.0,72.0,0.0,,
1898-06-05,306.0,78.0,0.0,,
1898-06-06,300.0,94.0,0.0,,
1898-06-07,294.0,122.0,0.0,,
1898-06-08,261.0,172.0,0.0,,
1898-06-09,294.0,122.0,0.0,,
1898-06-10,228.0,106.0,64.0,,
1898-06-11,283.0,133.0,155.0,,
1898-06-12,278.0,161.0,0.0,,
1898-06-13,222.0,156.0,249.0,,
1898-06-14,267.0,100.0,0.0,,
1898-06-15,261.0,94.0,0.0,,
1898-06-16,200.0,50.0,0.0,,
1898-06-17,222.0,56.0,0.0,,
1898-06-18,289.0,106.0,0.0,,
1898-06-19,211.0,100.0,0.0,,
1898-06-20,211.0,89.0,0.0,,
1898-06-21,200.0,106.0,0.0,,
1898-06-22,200.0,89.0,0.0,,
1898-06-23,283.0,111.0,0.0,,
1898-06-24,328.0,133.0,0.0,,
1898-06-25,306.0,100.0,170.0,,
1898-06-26,272.0,106.0,0.0,,
1898-06-27,283.0,133.0,71.0,,
1898-06-28,256.0,89.0,0.0,,
1898-06-29,261.0,122.0,0.0,,
1898-06-30,289.0,100.0,122.0,,
1898-07-01,289.0,117.0,0.0,,
1898-07-02,300.0,133.0,0.0,,
1898-07-03,333.0,156.0,0.0,,
1898-07-04,289.0,128.0,0.0,,
1898-07-05,233.0,72.0,0.0,,
1898-07-06,256.0,83.0,0.0,,
1898-07-07,272.0,106.0,0.0,,
1898-07-08,289.0,122.0,0.0,,
1898-07-09,211.0,100.0,0.0,,
1898-07-10,211.0,72.0,0.0,,
1898-07-11,211.0,17.0,0.0,,
1898-07-12,217.0,33.0,0.0,,
1898-07-13,261.0,56.0,0.0,,
1898-07-14,311.0,100.0,0.0,,
1898-07-15,322.0,111.0,0.0,,
1898-07-16,322.0,133.0,0.0,,
1898-07-17,328.0,144.0,0.0,,
1898-07-18,333.0,161.0,0.0,,
1898-07-19,322.0,167.0,165.0,,
1898-07-20,300.0,183.0,0.0,,
1898-07-21,317.0,100.0,0.0,,
1898-07-22,328.0,106.0,0.0,,
1898-07-23,311.0,133.0,0.0,,
1898-07-24,328.0,122.0,0.0,,
1898-07-25,283.0,89.0,0.0,,
1898-07-26,272.0,94.0,0.0,,
1898-07-27,333.0,128.0,0.0,,
1898-07-28,289.0,111.0,91.0,,
1898-07-29,256.0,94.0,0.0,,
1898-07-30,239.0,122.0,0.0,,
1898-07-31,267.0,94.0,0.0,,
1898-08-01,300.0,94.0,0.0,,
1898-08-02,267.0,72.0,0.0,,
1898-08-03,222.0,111.0,391.0,,
1898-08-04,244.0,161.0,0.0,,
1898-08-05,267.0,111.0,0.0,,
1898-08-06,272.0,144.0,0.0,,
1898-08-07,283.0,161.0,0.0,,
1898-08-08,228.0,106.0,0.0,,
1898-08-09,211.0,100.0,0.0,,
1898-08-10,222.0,72.0,0.0,,
1898-08-11,272.0,122.0,234.0,,
1898-08-12,228.0,100.0,0.0,,
1898-08-13,222.0,94.0,0.0,,
1898-08-14,244.0,117.0,0.0,,
1898-08-15,267.0,128.0,0.0,,
1898-08-16,289.0,156.0,0.0,,
1898-08-17,267.0,128.0,0.0,,
1898-08-18,228.0,100.0,0.0,,
1898-08-19,233.0,106.0,0.0,,
1898-08-20,244.0,94.0,0.0,,
1898-08-21,294.0,128.0,41.0,,
1898-08-22,289.0,133.0,114.0,,
1898-08-23,267.0,144.0,0.0,,
1898-08-24,228.0,156.0,13.0,,
1898-08-25,211.0,150.0,114.0,,
1898-08-26,194.0,128.0,0.0,,
1898-08-27,239.0,72.0,0.0,,
1898-08-28,256.0,89.0,0.0,,
1898-08-29,272.0,106.0,0.0,,
1898-08-30,289.0,133.0,0.0,,
1898-08-31,322.0,161.0,0.0,,
1898-09-01,328.0,200.0,0.0,,
1898-09-02,328.0,167.0,0.0,,
1898-09-03,344.0,222.0,0.0,,
1898-09-04,289.0,233.0,0.0,,
1898-09-05,289.0,156.0,0.0,,
1898-09-06,267.0,106.0,0.0,,
1898-09-07,233.0,122.0,0.0,,
1898-09-08,211.0,106.0,0.0,,
1898-09-09,139.0,83.0,69.0,,
1898-09-10,122.0,67.0,0.0,,
1898-09-11,106.0,0.0,0.0,,
1898-09-12,211.0,44.0,0.0,,
1898-09-13,256.0,72.0,0.0,,
1898-09-14,239.0,156.0,0.0,,
1898-09-15,256.0,167.0,0.0,,
1898-09-16,239.0,128.0,56.0,,
1898-09-17,267.0,144.0,0.0,,
1898-09-18,256.0,122.0,0.0,,
1898-09-19,244.0,106.0,0.0,,
1898-09-20,272.0,133.0,0.0,,
1898-09-21,267.0,122.0,0.0,,
1898-09-22,256.0,100.0,0.0,,
1898-09-23,211.0,89.0,145.0,,
1898-09-24,239.0,33.0,51.0,,
1898-09-25,211.0,50.0,0.0,,
1898-09-26,217.0,61.0,0.0,,
1898-09-27,222.0,50.0,0.0,,
1898-09-28,256.0,67.0,0.0,,
1898-09-29,183.0,89.0,0.0,,
1898-09-30,272.0,78.0,0.0,,
1898-10-01,267.0,94.0,0.0,,
1898-10-02,278.0,106.0,0.0,,
1898-10-03,294.0,128.0,213.0,,
1898-10-04,200.0,100.0,0.0,,
1898-10-05,156.0,61.0,0.0,,
1898-10-06,144.0,,0.0,,
1898-10-07,150.0,72.0,0.0,,
1898-10-08,161.0,89.0,0.0,,
1898-10-09,194.0,72.0,0.0,,
1898-10-10,261.0,33.0,0.0,,
1898-10-11,194.0,106.0,0.0,,
1898-10-12,122.0,61.0,0.0,,
1898-10-13,133.0,44.0,239.0,,
1898-10-14,106.0,28.0,229.0,,
1898-10-15,122.0,50.0,0.0,,
1898-10-16,106.0,-11.0,0.0,,
1898-10-17,100.0,22.0,0.0,,
1898-10-18,106.0,67.0,104.0,,
1898-10-19,117.0,44.0,0.0,,
1898-10-20,122.0,17.0,0.0,,
1898-10-21,100.0,50.0,25.0,,
1898-10-22,100.0,67.0,152.0,,
1898-10-23,100.0,44.0,0.0,,
1898-10-24,172.0,78.0,0.0,,
1898-10-25,178.0,106.0,25.0,,
1898-10-26,106.0,0.0,274.0,,
1898-10-27,33.0,-67.0,0.0,,
1898-10-28,89.0,-56.0,0.0,,
1898-10-29,122.0,-22.0,0.0,,
1898-10-30,111.0,33.0,58.0,,
1898-10-31,122.0,11.0,0.0,,
1898-11-01,133.0,61.0,0.0,,
1898-11-02,122.0,0.0,0.0,,
1898-11-03,100.0,-11.0,0.0,,
1898-11-04,144.0,50.0,0.0,,
1898-11-05,122.0,61.0,61.0,,
1898-11-06,133.0,22.0,20.0,,
1898-11-07,89.0,-17.0,0.0,,
1898-11-08,94.0,39.0,0.0,,
1898-11-09,56.0,17.0,0.0,,
1898-11-10,33.0,,124.0,,
1898-11-11,17.0,-39.0,0.0,,
1898-11-12,39.0,-61.0,0.0,,
1898-11-13,6.0,-17.0,71.0,,
1898-11-14,17.0,0.0,0.0,,
1898-11-15,33.0,-11.0,0.0,,
1898-11-16,33.0,-39.0,0.0,,
1898-11-17,28.0,-56.0,0.0,,
1898-11-18,89.0,28.0,0.0,,
1898-11-19,72.0,17.0,0.0,,
1898-11-20,89.0,0.0,0.0,,
1898-11-21,156.0,33.0,0.0,,
1898-11-22,144.0,-22.0,0.0,,
1898-11-23,-11.0,-67.0,0.0,,
1898-11-24,-33.0,-61.0,0.0,,
1898-11-25,-11.0,-44.0,0.0,,
1898-11-26,11.0,-33.0,0.0,,
1898-11-27,17.0,-78.0,0.0,,
1898-11-28,33.0,-33.0,0.0,,
1898-11-29,11.0,-44.0,0.0,,
1898-11-30,22.0,-33.0,0.0,,
1898-12-01,17.0,-39.0,0.0,,
1898-12-02,28.0,-28.0,0.0,,
1898-12-03,33.0,-44.0,0.0,,
1898-12-04,22.0,-33.0,0.0,,
1898-12-05,33.0,-22.0,0.0,,
1898-12-06,33.0,-56.0,0.0,,
1898-12-07,11.0,-44.0,0.0,,
1898-12-08,22.0,-33.0,0.0,,
1898-12-09,33.0,-78.0,0.0,,
1898-12-10,-22.0,-78.0,0.0,,
1898-12-11,-17.0,-72.0,0.0,,
1898-12-12,-11.0,-67.0,0.0,,
1898-12-13,-50.0,-106.0,0.0,,
1898-12-14,-56.0,-111.0,0.0,,
1898-12-15,-39.0,-94.0,0.0,,
1898-12-16,44.0,-100.0,0.0,,
1898-12-17,17.0,-11.0,0.0,,
1898-12-18,22.0,-33.0,0.0,,
1898-12-19,33.0,-22.0,0.0,,
1898-12-20,22.0,-11.0,0.0,,
1898-12-21,33.0,0.0,0.0,,
1898-12-22,22.0,-11.0,43.0,,
1898-12-23,28.0,-28.0,38.0,,
1898-12-24,11.0,-83.0,0.0,,
1898-12-25,-28.0,-172.0,0.0,,
1898-12-26,-22.0,-167.0,0.0,,
1898-12-27,-11.0,-94.0,0.0,,
1898-12-28,-22.0,-178.0,0.0,,
1898-12-29,22.0,-122.0,0.0,,
1898-12-30,33.0,-100.0,0.0,,
1898-12-31,-78.0,-133.0,0.0,,
1899-01-01,-78.0,-178.0,0.0,,
1899-01-02,-11.0,-100.0,0.0,,
1899-01-03,33.0,-22.0,0.0,,
1899-01-04,89.0,33.0,0.0,,
1899-01-05,89.0,22.0,102.0,,
1899-01-06,83.0,-106.0,0.0,,
1899-01-07,-44.0,-156.0,0.0,,
1899-01-08,0.0,-172.0,0.0,,
1899-01-09,-22.0,-122.0,25.0,,25.0
1899-01-10,-33.0,-167.0,0.0,,
1899-01-11,-100.0,-222.0,0.0,,
1899-01-12,-11.0,-94.0,43.0,,
1899-01-13,44.0,-22.0,28.0,,
1899-01-14,28.0,-6.0,0.0,,
1899-01-15,33.0,-11.0,0.0,,
1899-01-16,22.0,-11.0,0.0,,
1899-01-17,-11.0,-39.0,0.0,,
1899-01-18,-33.0,-111.0,0.0,,
1899-01-19,-11.0,-89.0,0.0,,
1899-01-20,0.0,-33.0,13.0,,13.0
1899-01-21,-11.0,-39.0,5.0,,8.0
1899-01-22,0.0,-33.0,0.0,,
1899-01-23,44.0,-94.0,0.0,,
1899-01-24,0.0,-56.0,0.0,,
1899-01-25,-11.0,-67.0,0.0,,
1899-01-26,22.0,-89.0,0.0,,
1899-01-27,-83.0,-200.0,0.0,,
1899-01-28,-94.0,-150.0,13.0,,13.0
1899-01-29,-94.0,-217.0,0.0,,
1899-01-30,-150.0,-228.0,0.0,,
1899-01-31,-122.0,-233.0,0.0,,
1899-02-01,-122.0,-233.0,0.0,,
1899-02-02,-78.0,-200.0,0.0,,
1899-02-03,-78.0,-178.0,0.0,,
1899-02-04,-78.0,-144.0,0.0,,
1899-02-05,-78.0,-133.0,0.0,,
1899-02-06,-94.0,-261.0,0.0,,
1899-02-07,-111.0,-267.0,0.0,,
1899-02-08,-117.0,-261.0,0.0,,
1899-02-09,-122.0,-289.0,0.0,,
1899-02-10,-156.0,-311.0,0.0,,
1899-02-11,-211.0,-322.0,0.0,,
1899-02-12,-206.0,-328.0,0.0,,
1899-02-13,-144.0,-283.0,0.0,,
1899-02-14,-94.0,-278.0,0.0,,
1899-02-15,0.0,-94.0,0.0,,
1899-02-16,33.0,-78.0,0.0,,
1899-02-17,89.0,-17.0,0.0,,
1899-02-18,33.0,6.0,0.0,,
1899-02-19,39.0,17.0,0.0,,
1899-02-20,89.0,33.0,0.0,,
1899-02-21,89.0,-22.0,0.0,,
1899-02-22,33.0,-6.0,0.0,,
1899-02-23,-11.0,-94.0,0.0,,
1899-02-24,-11.0,-94.0,0.0,,
1899-02-25,-11.0,-122.0,0.0,,
1899-02-26,44.0,-22.0,152.0,,
1899-02-27,89.0,-78.0,0.0,,
1899-02-28,44.0,-83.0,25.0,,25.0
1899-03-01,-22.0,-172.0,0.0,,0.0
1899-03-02,44.0,-122.0,0.0,25.0,0.0
1899-03-03,17.0,0.0,0.0,,0.0
1899-03-04,6.0,-67.0,0.0,,0.0
1899-03-05,6.0,-50.0,0.0,,0.0
1899-03-06,-28.0,-139.0,86.0,,76.0
1899-03-07,-50.0,-106.0,0.0,,0.0
1899-03-08,-67.0,-211.0,0.0,,0.0
1899-03-09,33.0,-144.0,0.0,,0.0
1899-03-10,17.0,-111.0,0.0,,0.0
1899-03-11,117.0,6.0,0.0,,0.0
1899-03-12,100.0,17.0,0.0,,0.0
1899-03-13,-22.0,-106.0,152.0,,13.0
1899-03-14,-50.0,-150.0,0.0,,0.0
1899-03-15,72.0,-56.0,0.0,,0.0
1899-03-16,0.0,-94.0,0.0,,0.0
1899-03-17,-6.0,-94.0,0.0,,0.0
1899-03-18,-11.0,-94.0,25.0,,25.0
1899-03-19,-11.0,-94.0,152.0,,152.0
1899-03-20,-39.0,-139.0,0.0,,0.0
1899-03-21,-67.0,-189.0,0.0,,0.0
1899-03-22,-33.0,-67.0,76.0,,76.0
1899-03-23,0.0,-67.0,0.0,,0.0
1899-03-24,-11.0,-61.0,0.0,,0.0
1899-03-25,-50.0,-106.0,0.0,,0.0
1899-03-26,0.0,-133.0,305.0,,305.0
1899-03-27,39.0,-128.0,0.0,,0.0
1899-03-28,-11.0,-56.0,0.0,,0.0
1899-03-29,-17.0,-100.0,102.0,,102.0
1899-03-30,-22.0,-128.0,0.0,,0.0
1899-03-31,17.0,-206.0,0.0,,0.0
1899-04-02,0.0,-89.0,,,
1899-04-03,0.0,-78.0,,,
1899-04-04,33.0,-133.0,,,
1899-04-05,33.0,-150.0,,,
1899-04-06,33.0,-150.0,,,
1899-04-07,44.0,-100.0,,,
1899-04-08,44.0,-89.0,,,
1899-04-09,33.0,-22.0,,,
1899-04-10,56.0,-17.0,,,
1899-04-11,89.0,-22.0,,,
1899-04-16,172.0,-17.0,,,
1899-04-17,200.0,-56.0,,,
1899-04-18,178.0,0.0,,,
1899-04-19,200.0,6.0,,,
1899-04-20,222.0,33.0,,,
1899-04-21,150.0,6.0,,,
1899-04-22,233.0,44.0,,,
1899-04-23,194.0,50.0,,,
1899-04-24,172.0,22.0,,,
1899-04-25,211.0,28.0,,,
1899-04-26,233.0,39.0,,,
1899-04-27,267.0,67.0,,,
1899-04-28,289.0,83.0,,,
1899-04-29,283.0,89.0,,,
1899-04-30,306.0,100.0,,,
1899-05-01,306.0,122.0,0.0,,
1899-05-02,317.0,133.0,0.0,,
1899-05-03,267.0,89.0,0.0,,
1899-05-04,256.0,83.0,0.0,,
1899-05-05,272.0,94.0,0.0,,
1899-05-06,306.0,106.0,0.0,,
1899-05-07,289.0,94.0,0.0,,
1899-05-08,228.0,50.0,0.0,,
1899-05-09,222.0,56.0,0.0,,
1899-05-10,256.0,50.0,0.0,,
1899-05-11,256.0,61.0,122.0,,
1899-05-12,289.0,56.0,0.0,,
1899-05-13,178.0,61.0,0.0,,
1899-05-14,156.0,-11.0,0.0,,
1899-05-15,200.0,33.0,0.0,,
1899-05-16,178.0,50.0,163.0,,
1899-05-17,111.0,50.0,142.0,,
1899-05-18,111.0,72.0,0.0,,
1899-05-19,106.0,50.0,0.0,,
1899-05-20,144.0,33.0,0.0,,
1899-05-21,150.0,22.0,0.0,,
1899-05-22,111.0,11.0,0.0,,
1899-05-23,200.0,22.0,0.0,,
1899-05-24,222.0,50.0,0.0,,
1899-05-25,244.0,100.0,0.0,,
1899-05-26,250.0,122.0,0.0,,
1899-05-27,244.0,100.0,0.0,,
1899-05-28,156.0,44.0,213.0,,
1899-05-29,194.0,72.0,36.0,,
1899-05-30,239.0,111.0,0.0,,
1899-05-31,267.0,100.0,0.0,,
1899-06-01,272.0,100.0,0.0,,
1899-06-02,239.0,72.0,0.0,,
1899-06-03,211.0,61.0,0.0,,
1899-06-04,322.0,133.0,0.0,,
1899-06-05,322.0,156.0,0.0,,
1899-06-06,333.0,144.0,0.0,,
1899-06-07,311.0,139.0,0.0,,
1899-06-08,311.0,172.0,0.0,,
1899-06-09,228.0,61.0,0.0,,
1899-06-10,233.0,33.0,0.0,,
1899-06-11,256.0,50.0,0.0,,
1899-06-12,289.0,111.0,0.0,,
1899-06-13,283.0,172.0,226.0,,
1899-06-14,289.0,167.0,0.0,,
1899-06-15,228.0,172.0,0.0,,
1899-06-16,228.0,89.0,0.0,,
1899-06-17,239.0,72.0,0.0,,
1899-06-18,256.0,106.0,312.0,,
1899-06-19,294.0,100.0,0.0,,
1899-06-20,244.0,133.0,0.0,,
1899-06-21,211.0,100.0,0.0,,
1899-06-22,322.0,139.0,0.0,,
1899-06-23,294.0,150.0,0.0,,
1899-06-24,300.0,161.0,0.0,,
1899-06-25,233.0,94.0,0.0,,
1899-06-26,267.0,72.0,0.0,,
1899-06-27,294.0,89.0,0.0,,
1899-06-28,206.0,117.0,224.0,,
1899-06-29,217.0,94.0,0.0,,
1899-06-30,267.0,72.0,0.0,,
1899-07-01,294.0,128.0,0.0,,
1899-07-02,267.0,167.0,0.0,,
1899-07-03,228.0,133.0,43.0,,
1899-07-04,244.0,122.0,102.0,,
1899-07-05,217.0,150.0,356.0,,
1899-07-06,256.0,133.0,0.0,,
1899-07-07,261.0,144.0,58.0,,
1899-07-08,200.0,122.0,170.0,,
1899-07-09,267.0,122.0,0.0,,
1899-07-10,267.0,94.0,0.0,,
1899-07-11,261.0,106.0,0.0,,
1899-07-12,289.0,122.0,0.0,,
1899-07-13,300.0,128.0,0.0,,
1899-07-14,300.0,144.0,0.0,,
1899-07-15,272.0,94.0,173.0,,
1899-07-16,256.0,144.0,0.0,,
1899-07-17,256.0,122.0,25.0,,
1899-07-18,261.0,100.0,0.0,,
1899-07-19,267.0,133.0,0.0,,
1899-07-20,294.0,100.0,0.0,,
1899-07-21,283.0,122.0,0.0,,
1899-07-22,311.0,133.0,0.0,,
1899-07-23,306.0,122.0,0.0,,
1899-07-24,311.0,117.0,0.0,,
1899-07-25,306.0,133.0,0.0,,
1899-07-26,317.0,150.0,0.0,,
1899-07-27,289.0,144.0,0.0,,
1899-07-28,300.0,139.0,0.0,,
1899-07-29,311.0,106.0,20.0,,
1899-07-30,228.0,117.0,0.0,,
1899-07-31,244.0,106.0,0.0,,
1899-08-01,289.0,133.0,0.0,,
1899-08-02,300.0,128.0,0.0,,
1899-08-03,311.0,122.0,0.0,,
1899-08-04,300.0,133.0,0.0,,
1899-08-05,272.0,106.0,0.0,,
1899-08-06,267.0,100.0,0.0,,
1899-08-07,233.0,56.0,0.0,,
1899-08-08,244.0,67.0,0.0,,
1899-08-09,278.0,56.0,0.0,,
1899-08-10,289.0,89.0,0.0,,
1899-08-11,294.0,106.0,0.0,,
1899-08-12,289.0,122.0,0.0,,
1899-08-13,272.0,100.0,0.0,,
1899-08-14,267.0,61.0,0.0,,
1899-08-15,278.0,83.0,0.0,,
1899-08-16,289.0,106.0,0.0,,
1899-08-17,283.0,94.0,0.0,,
1899-08-18,289.0,100.0,0.0,,
1899-08-19,300.0,122.0,0.0,,
1899-08-20,339.0,117.0,0.0,,
1899-08-21,322.0,100.0,0.0,,
1899-08-22,311.0,89.0,0.0,,
1899-08-23,322.0,94.0,0.0,,
1899-08-24,333.0,111.0,0.0,,
1899-08-25,289.0,83.0,0.0,,
1899-08-26,278.0,72.0,0.0,,
1899-08-27,311.0,89.0,0.0,,
1899-08-28,294.0,94.0,0.0,,
1899-08-29,311.0,106.0,0.0,,
1899-08-30,311.0,94.0,0.0,,
1899-08-31,322.0,111.0,0.0,,
1899-09-01,317.0,100.0,0.0,,
1899-09-02,322.0,106.0,0.0,,
1899-09-03,317.0,89.0,0.0,,
1899-09-04,322.0,67.0,0.0,,
1899-09-05,333.0,33.0,102.0,,
1899-09-06,322.0,50.0,0.0,,
1899-09-07,311.0,44.0,18.0,,
1899-09-08,322.0,56.0,0.0,,
1899-09-09,333.0,78.0,0.0,,
1899-09-10,322.0,67.0,0.0,,
1899-09-11,311.0,44.0,0.0,,
1899-09-12,300.0,50.0,0.0,,
1899-09-13,311.0,44.0,0.0,,
1899-09-14,261.0,39.0,0.0,,
1899-09-15,267.0,22.0,0.0,,
1899-09-16,328.0,72.0,0.0,,
1899-09-17,289.0,44.0,0.0,,
1899-09-18,267.0,33.0,282.0,,
1899-09-19,278.0,17.0,0.0,,
1899-09-20,256.0,33.0,0.0,,
1899-09-21,167.0,17.0,0.0,,
1899-09-22,144.0,28.0,0.0,,
1899-09-23,133.0,-11.0,0.0,,
1899-09-24,150.0,0.0,338.0,,
1899-09-25,156.0,11.0,0.0,,
1899-09-26,167.0,0.0,0.0,,
1899-09-27,156.0,-6.0,0.0,,
1899-09-28,144.0,-11.0,0.0,,
1899-09-29,106.0,0.0,0.0,,
1899-09-30,,,0.0,,
1899-10-01,39.0,0.0,0.0,,0.0
1899-10-02,56.0,-11.0,0.0,,0.0
1899-10-03,89.0,-33.0,0.0,,0.0
1899-10-04,72.0,17.0,0.0,,0.0
1899-10-05,78.0,-6.0,0.0,,0.0
1899-10-06,89.0,-11.0,0.0,,0.0
1899-10-07,94.0,-6.0,0.0,,0.0
1899-10-08,122.0,-11.0,0.0,,0.0
1899-10-09,167.0,11.0,0.0,,0.0
1899-10-10,256.0,106.0,0.0,,0.0
1899-10-11,211.0,94.0,0.0,,0.0
1899-10-12,244.0,122.0,0.0,,0.0
1899-10-13,278.0,111.0,0.0,,0.0
1899-10-14,217.0,89.0,0.0,,0.0
1899-10-15,200.0,72.0,0.0,,0.0
1899-10-16,289.0,94.0,0.0,,0.0
1899-10-17,167.0,56.0,122.0,,0.0
1899-10-18,200.0,44.0,0.0,,0.0
1899-10-19,144.0,-17.0,53.0,,0.0
1899-10-20,83.0,-6.0,0.0,,0.0
1899-10-21,78.0,-11.0,0.0,,0.0
1899-10-22,122.0,44.0,325.0,,0.0
1899-10-23,256.0,106.0,0.0,,0.0
1899-10-24,272.0,122.0,0.0,,0.0
1899-10-25,256.0,128.0,0.0,,0.0
1899-10-26,178.0,44.0,132.0,,0.0
1899-10-27,100.0,72.0,0.0,,0.0
1899-10-28,100.0,61.0,178.0,,0.0
1899-10-29,122.0,11.0,0.0,,0.0
1899-10-30,144.0,-17.0,0.0,,0.0
1899-10-31,144.0,-11.0,0.0,,0.0
1899-11-01,89.0,22.0,41.0,,0.0
1899-11-02,83.0,0.0,0.0,,0.0
1899-11-03,44.0,-11.0,36.0,,0.0
1899-11-04,156.0,22.0,0.0,,0.0
1899-11-05,72.0,17.0,0.0,,0.0
1899-11-06,67.0,-39.0,0.0,,0.0
1899-11-07,89.0,-17.0,0.0,,0.0
1899-11-08,89.0,-6.0,0.0,,0.0
1899-11-09,83.0,-11.0,0.0,,0.0
1899-11-10,89.0,-6.0,0.0,,0.0
1899-11-11,72.0,0.0,94.0,,0.0
1899-11-12,17.0,-33.0,0.0,,0.0
1899-11-13,11.0,-67.0,0.0,,0.0
1899-11-14,78.0,22.0,0.0,,0.0
1899-11-15,94.0,39.0,0.0,,0.0
1899-11-16,72.0,17.0,0.0,,0.0
1899-11-17,89.0,33.0,0.0,,0.0
1899-11-18,150.0,72.0,0.0,,0.0
1899-11-19,144.0,56.0,0.0,,0.0
1899-11-20,117.0,-6.0,0.0,,0.0
1899-11-21,128.0,-11.0,0.0,,0.0
1899-11-22,122.0,11.0,0.0,,0.0
1899-11-23,72.0,6.0,0.0,,0.0
1899-11-24,61.0,17.0,0.0,,0.0
1899-11-25,72.0,17.0,0.0,,0.0
1899-11-26,72.0,11.0,0.0,,0.0
1899-11-27,78.0,22.0,0.0,,0.0
1899-11-28,83.0,11.0,0.0,,0.0
1899-11-29,89.0,17.0,20.0,,0.0
1899-11-30,89.0,6.0,0.0,,0.0
1899-12-01,89.0,44.0,0.0,,0.0
1899-12-02,78.0,-6.0,25.0,,0.0
1899-12-03,17.0,-28.0,0.0,,0.0
1899-12-04,0.0,-72.0,0.0,,0.0
1899-12-05,-6.0,-117.0,25.0,25.0,25.0
1899-12-06,-33.0,-117.0,0.0,,0.0
1899-12-07,6.0,-94.0,38.0,,38.0
1899-12-08,33.0,-72.0,0.0,,0.0
1899-12-09,17.0,-39.0,0.0,,0.0
1899-12-10,89.0,17.0,25.0,,0.0
1899-12-11,72.0,6.0,114.0,,0.0
1899-12-12,83.0,0.0,0.0,,0.0
1899-12-13,22.0,-44.0,0.0,,0.0
1899-12-14,-22.0,-67.0,0.0,,0.0
1899-12-15,-17.0,-61.0,0.0,,0.0
1899-12-16,-17.0,-67.0,0.0,,0.0
1899-12-17,17.0,-61.0,0.0,,0.0
1899-12-18,89.0,-33.0,25.0,,0.0
1899-12-19,106.0,-22.0,0.0,,0.0
1899-12-20,44.0,-39.0,0.0,,0.0
1899-12-21,44.0,-11.0,0.0,,0.0
1899-12-22,83.0,-22.0,0.0,,0.0
1899-12-23,56.0,17.0,28.0,,0.0
1899-12-24,44.0,0.0,0.0,,0.0
1899-12-25,-44.0,-89.0,0.0,,0.0
1899-12-26,-33.0,-100.0,0.0,,0.0
1899-12-27,-67.0,-122.0,0.0,,0.0
1899-12-28,-67.0,-106.0,0.0,,0.0
1899-12-29,-94.0,-139.0,0.0,,0.0
1899-12-30,-133.0,-189.0,0.0,,0.0
1899-12-31,-94.0,-133.0,0.0,,0.0
1900-01-01,-122.0,-222.0,0.0,,0.0
1900-01-02,-72.0,-133.0,0.0,,0.0
1900-01-03,-67.0,-106.0,0.0,,0.0
1900-01-04,6.0,-89.0,0.0,,0.0
1900-01-05,22.0,-33.0,0.0,,0.0
1900-01-06,11.0,-22.0,0.0,,0.0
1900-01-07,56.0,-11.0,0.0,,0.0
1900-01-08,67.0,-117.0,0.0,,0.0
1900-01-09,44.0,-67.0,0.0,,0.0
1900-01-10,56.0,-56.0,0.0,,0.0
1900-01-11,33.0,-94.0,0.0,,0.0
1900-01-12,-11.0,-39.0,0.0,,0.0
1900-01-13,22.0,-33.0,0.0,,0.0
1900-01-14,17.0,-17.0,25.0,,25.0
1900-01-15,17.0,-17.0,51.0,,51.0
1900-01-16,11.0,-11.0,76.0,,76.0
1900-01-17,0.0,-78.0,0.0,,0.0
1900-01-18,22.0,-39.0,0.0,,0.0
1900-01-19,6.0,-22.0,0.0,,0.0
1900-01-20,22.0,-6.0,0.0,,0.0
1900-01-21,33.0,-11.0,0.0,,0.0
1900-01-22,89.0,-6.0,0.0,,0.0
1900-01-23,61.0,-33.0,0.0,,0.0
1900-01-24,89.0,-94.0,0.0,,0.0
1900-01-25,0.0,-111.0,20.0,,20.0
1900-01-26,-100.0,-178.0,0.0,,0.0
1900-01-27,-78.0,-106.0,0.0,,0.0
1900-01-28,-94.0,-150.0,0.0,,0.0
1900-01-29,-106.0,-172.0,0.0,,0.0
1900-01-30,-89.0,-183.0,0.0,,0.0
1900-01-31,-122.0,-217.0,0.0,,0.0
1900-02-01,-117.0,-200.0,0.0,,0.0
1900-02-02,-111.0,-183.0,0.0,,0.0
1900-02-03,-39.0,-144.0,0.0,,0.0
1900-02-04,-39.0,-94.0,25.0,,25.0
1900-02-05,-39.0,-150.0,0.0,,0.0
1900-02-06,-11.0,-94.0,51.0,,51.0
1900-02-07,44.0,-122.0,0.0,,0.0
1900-02-08,172.0,22.0,325.0,,0.0
1900-02-09,22.0,-122.0,25.0,,0.0
1900-02-10,0.0,-150.0,0.0,,0.0
1900-02-11,33.0,-94.0,0.0,,0.0
1900-02-12,39.0,-78.0,0.0,,0.0
1900-02-13,22.0,-78.0,305.0,,0.0
1900-02-14,-78.0,-133.0,0.0,,0.0
1900-02-15,-78.0,-156.0,0.0,,0.0
1900-02-16,-111.0,-178.0,0.0,,0.0
1900-02-17,-67.0,-200.0,0.0,,0.0
1900-02-18,-17.0,-133.0,0.0,,0.0
1900-02-19,-78.0,-133.0,0.0,,0.0
1900-02-20,-22.0,-78.0,51.0,,51.0
1900-02-21,-17.0,-33.0,102.0,,102.0
1900-02-22,-11.0,-44.0,76.0,,76.0
1900-02-23,33.0,-78.0,0.0,,0.0
1900-02-24,6.0,-122.0,76.0,,76.0
1900-02-25,-122.0,-206.0,0.0,,0.0
1900-02-26,-150.0,-233.0,0.0,,0.0
1900-02-27,-94.0,-339.0,0.0,,0.0
1900-02-28,-67.0,-128.0,152.0,,152.0
1900-03-01,-72.0,-128.0,25.0,,25.0
1900-03-02,22.0,-172.0,0.0,,0.0
1900-03-03,11.0,-128.0,0.0,,0.0
1900-03-04,-67.0,-83.0,152.0,,152.0
1900-03-05,-61.0,-128.0,0.0,,0.0
1900-03-06,61.0,-128.0,203.0,,0.0
1900-03-07,6.0,,0.0,,0.0
1900-03-08,-11.0,,0.0,,0.0
1900-03-09,72.0,-67.0,152.0,,0.0
1900-03-10,11.0,-61.0,0.0,,0.0
1900-03-11,-67.0,-122.0,25.0,,25.0
1900-03-12,-67.0,-250.0,0.0,,0.0
1900-03-13,22.0,-78.0,0.0,,0.0
1900-03-14,-33.0,-128.0,0.0,,0.0
1900-03-15,-50.0,-100.0,51.0,,51.0
1900-03-16,-94.0,-178.0,0.0,,0.0
1900-03-17,-94.0,-200.0,0.0,,0.0
1900-03-18,17.0,,76.0,,76.0
1900-03-19,44.0,-11.0,25.0,,25.0
1900-03-20,-11.0,-133.0,0.0,,0.0
1900-03-21,-67.0,-150.0,0.0,,0.0
1900-03-22,61.0,-67.0,0.0,,0.0
1900-03-23,33.0,-39.0,0.0,,0.0
1900-03-24,44.0,-33.0,0.0,,0.0
1900-03-25,6.0,-94.0,0.0,,0.0
1900-03-26,0.0,-67.0,51.0,,51.0
1900-03-27,33.0,-67.0,0.0,,0.0
1900-03-28,17.0,-78.0,0.0,,0.0
1900-03-29,33.0,-67.0,0.0,,0.0
1900-03-30,22.0,-67.0,0.0,,0.0
1900-03-31,78.0,-50.0,0.0,,0.0
1900-04-01,89.0,-17.0,0.0,,0.0
1900-04-02,94.0,6.0,25.0,,0.0
1900-04-03,39.0,-33.0,0.0,,0.0
1900-04-04,22.0,-67.0,0.0,,0.0
1900-04-05,89.0,-11.0,0.0,,0.0
1900-04-06,156.0,22.0,0.0,,0.0
1900-04-07,128.0,17.0,0.0,,0.0
1900-04-08,33.0,0.0,0.0,,0.0
1900-04-09,22.0,-33.0,0.0,,0.0
1900-04-10,11.0,-67.0,0.0,,0.0
1900-04-11,56.0,-61.0,0.0,,0.0
1900-04-12,33.0,-11.0,51.0,51.0,51.0
1900-04-13,39.0,-17.0,0.0,51.0,0.0
1900-04-14,44.0,0.0,38.0,,0.0
1900-04-15,89.0,6.0,0.0,,0.0
1900-04-16,156.0,0.0,18.0,,0.0
1900-04-17,178.0,56.0,99.0,,0.0
1900-04-18,178.0,50.0,25.0,,0.0
1900-04-19,189.0,39.0,0.0,,0.0
1900-04-20,239.0,28.0,0.0,,0.0
1900-04-21,200.0,89.0,25.0,,0.0
1900-04-22,178.0,33.0,0.0,,0.0
1900-04-23,194.0,22.0,0.0,,0.0
1900-04-24,167.0,33.0,0.0,,0.0
1900-04-25,178.0,17.0,0.0,,0.0
1900-04-26,189.0,11.0,0.0,,0.0
1900-04-27,200.0,17.0,0.0,,0.0
1900-04-28,256.0,22.0,0.0,,0.0
1900-04-29,267.0,50.0,0.0,,0.0
1900-04-30,156.0,44.0,0.0,,0.0
1900-05-01,156.0,-11.0,0.0,,
1900-05-02,211.0,33.0,25.0,,
1900-05-03,144.0,-6.0,0.0,,
1900-05-04,72.0,-22.0,0.0,,
1900-05-05,111.0,-28.0,0.0,,
1900-05-06,100.0,11.0,0.0,,
1900-05-07,211.0,-17.0,0.0,,
1900-05-08,211.0,44.0,229.0,,
1900-05-09,117.0,17.0,0.0,,
1900-05-10,172.0,-6.0,0.0,,
1900-05-11,128.0,44.0,48.0,,
1900-05-12,156.0,67.0,0.0,,
1900-05-13,294.0,128.0,0.0,,
1900-05-14,294.0,183.0,0.0,,
1900-05-15,306.0,194.0,0.0,,
1900-05-16,300.0,144.0,0.0,,
1900-05-17,233.0,56.0,160.0,,
1900-05-18,122.0,33.0,0.0,,
1900-05-19,89.0,44.0,30.0,,
1900-05-20,183.0,33.0,0.0,,
1900-05-21,211.0,39.0,0.0,,
1900-05-22,250.0,44.0,0.0,,
1900-05-23,256.0,106.0,0.0,,
1900-05-24,211.0,128.0,0.0,,
1900-05-25,272.0,106.0,0.0,,
1900-05-26,256.0,89.0,0.0,,
1900-05-27,261.0,117.0,244.0,,
1900-05-28,256.0,94.0,0.0,,
1900-05-29,206.0,133.0,25.0,,
1900-05-30,233.0,144.0,0.0,,
1900-05-31,256.0,122.0,25.0,,
1900-06-01,261.0,94.0,28.0,,
1900-06-02,200.0,89.0,0.0,,
1900-06-03,233.0,39.0,0.0,,
1900-06-04,244.0,33.0,0.0,,
1900-06-05,267.0,100.0,0.0,,
1900-06-06,294.0,106.0,30.0,,
1900-06-07,278.0,183.0,0.0,,
1900-06-08,239.0,100.0,0.0,,
1900-06-09,183.0,44.0,0.0,,
1900-06-10,267.0,72.0,102.0,,
1900-06-11,211.0,94.0,0.0,,
1900-06-12,200.0,89.0,0.0,,
1900-06-13,206.0,56.0,0.0,,
1900-06-14,228.0,61.0,38.0,,
1900-06-15,239.0,94.0,0.0,,
1900-06-16,228.0,111.0,0.0,,
1900-06-17,250.0,117.0,0.0,,
1900-06-18,233.0,94.0,0.0,,
1900-06-19,256.0,83.0,0.0,,
1900-06-20,267.0,72.0,0.0,,
1900-06-21,283.0,94.0,0.0,,
1900-06-22,250.0,83.0,0.0,,
1900-06-23,261.0,94.0,0.0,,
1900-06-24,317.0,106.0,0.0,,
1900-06-25,294.0,161.0,0.0,,
1900-06-26,322.0,156.0,0.0,,
1900-06-27,300.0,161.0,0.0,,
1900-06-28,250.0,139.0,163.0,,
1900-06-29,200.0,94.0,28.0,,
1900-06-30,206.0,94.0,0.0,,
1900-07-01,206.0,94.0,0.0,,0.0
1900-07-02,256.0,106.0,0.0,,0.0
1900-07-03,294.0,183.0,0.0,,0.0
1900-07-04,300.0,161.0,0.0,,0.0
1900-07-05,344.0,156.0,0.0,,0.0
1900-07-06,339.0,206.0,0.0,,0.0
1900-07-07,294.0,172.0,0.0,,0.0
1900-07-08,317.0,150.0,0.0,,0.0
1900-07-09,300.0,144.0,0.0,,0.0
1900-07-10,228.0,56.0,0.0,,0.0
1900-07-11,256.0,89.0,30.0,,0.0
1900-07-12,233.0,122.0,0.0,,0.0
1900-07-13,256.0,128.0,0.0,,0.0
1900-07-14,300.0,156.0,0.0,,0.0
1900-07-15,311.0,200.0,56.0,,0.0
1900-07-16,300.0,211.0,102.0,,0.0
1900-07-17,311.0,200.0,46.0,,0.0
1900-07-18,261.0,128.0,0.0,,0.0
1900-07-19,283.0,117.0,0.0,,0.0
1900-07-20,283.0,150.0,122.0,,0.0
1900-07-21,244.0,128.0,0.0,,0.0
1900-07-22,267.0,122.0,0.0,,0.0
1900-07-23,300.0,106.0,0.0,,0.0
1900-07-24,211.0,156.0,56.0,,0.0
1900-07-25,244.0,128.0,0.0,,0.0
1900-07-26,211.0,106.0,0.0,,0.0
1900-07-27,256.0,50.0,0.0,,0.0
1900-07-28,283.0,94.0,0.0,,0.0
1900-07-29,294.0,117.0,0.0,,0.0
1900-07-30,300.0,144.0,0.0,,0.0
1900-07-31,306.0,161.0,0.0,,0.0
1900-08-01,283.0,133.0,0.0,,0.0
1900-08-02,294.0,122.0,0.0,,0.0
1900-08-03,300.0,94.0,0.0,,0.0
1900-08-04,311.0,78.0,0.0,,0.0
1900-08-05,361.0,183.0,0.0,,0.0
1900-08-06,350.0,183.0,0.0,,0.0
1900-08-07,350.0,217.0,0.0,,0.0
1900-08-08,350.0,228.0,135.0,,0.0
1900-08-09,339.0,222.0,0.0,,0.0
1900-08-10,339.0,228.0,0.0,,0.0
1900-08-11,350.0,183.0,0.0,,0.0
1900-08-12,200.0,133.0,279.0,,0.0
1900-08-13,206.0,89.0,48.0,,0.0
1900-08-14,272.0,94.0,0.0,,0.0
1900-08-15,278.0,111.0,0.0,,0.0
1900-08-16,289.0,133.0,0.0,,0.0
1900-08-17,294.0,94.0,84.0,,0.0
1900-08-18,278.0,144.0,0.0,,0.0
1900-08-19,256.0,161.0,414.0,,0.0
1900-08-20,300.0,189.0,173.0,,0.0
1900-08-21,244.0,161.0,0.0,,0.0
1900-08-22,317.0,183.0,0.0,,0.0
1900-08-23,272.0,72.0,259.0,,0.0
1900-08-24,300.0,156.0,0.0,,0.0
1900-08-25,300.0,172.0,0.0,,0.0
1900-08-26,294.0,167.0,363.0,,0.0
1900-08-27,289.0,156.0,0.0,,0.0
1900-08-28,278.0,139.0,0.0,,0.0
1900-08-29,239.0,156.0,0.0,,0.0
1900-08-30,278.0,167.0,0.0,,0.0
1900-08-31,294.0,183.0,0.0,,0.0
1900-09-01,317.0,144.0,0.0,,0.0
1900-09-02,294.0,128.0,191.0,,0.0
1900-09-03,239.0,150.0,0.0,,0.0
1900-09-04,250.0,94.0,0.0,,0.0
1900-09-05,272.0,122.0,0.0,,0.0
1900-09-06,283.0,111.0,0.0,,0.0
1900-09-07,289.0,106.0,0.0,,0.0
1900-09-08,256.0,83.0,0.0,,0.0
1900-09-09,289.0,128.0,0.0,,0.0
1900-09-10,300.0,133.0,0.0,,0.0
1900-09-11,322.0,122.0,0.0,,0.0
1900-09-12,217.0,106.0,102.0,,0.0
1900-09-13,239.0,83.0,0.0,,0.0
1900-09-14,194.0,72.0,0.0,,0.0
1900-09-15,239.0,72.0,0.0,,0.0
1900-09-16,211.0,72.0,0.0,,0.0
1900-09-17,200.0,72.0,0.0,,0.0
1900-09-18,128.0,72.0,0.0,,0.0
1900-09-19,172.0,61.0,0.0,,0.0
1900-09-20,200.0,72.0,124.0,,0.0
1900-09-21,183.0,94.0,0.0,,0.0
1900-09-22,189.0,111.0,0.0,,0.0
1900-09-23,200.0,94.0,0.0,,0.0
1900-09-24,222.0,56.0,0.0,,0.0
1900-09-25,311.0,144.0,0.0,,0.0
1900-09-26,278.0,161.0,0.0,,0.0
1900-09-27,267.0,122.0,0.0,,0.0
1900-09-28,183.0,22.0,0.0,,0.0
1900-09-29,189.0,50.0,104.0,,0.0
1900-09-30,200.0,83.0,0.0,,0.0
1900-10-01,200.0,89.0,0.0,,
1900-10-02,244.0,39.0,0.0,,
1900-10-03,228.0,122.0,0.0,,
1900-10-04,294.0,128.0,0.0,,
1900-10-05,289.0,128.0,0.0,,
1900-10-06,300.0,156.0,0.0,,
1900-10-07,294.0,100.0,231.0,,
1900-10-08,117.0,50.0,0.0,,
1900-10-09,167.0,33.0,0.0,,
1900-10-10,156.0,0.0,0.0,,
1900-10-11,183.0,6.0,0.0,,
1900-10-12,183.0,11.0,0.0,,
1900-10-13,189.0,22.0,0.0,,
1900-10-14,200.0,56.0,0.0,,
1900-10-15,244.0,89.0,0.0,,
1900-10-16,172.0,17.0,107.0,,
1900-10-17,156.0,-11.0,0.0,,
1900-10-18,172.0,61.0,0.0,,
1900-10-19,128.0,0.0,0.0,,
1900-10-20,117.0,-11.0,0.0,,
1900-10-21,222.0,56.0,0.0,,
1900-10-22,228.0,106.0,0.0,,
1900-10-23,183.0,128.0,287.0,,
1900-10-24,200.0,117.0,0.0,,
1900-10-25,206.0,56.0,0.0,,
1900-10-26,211.0,106.0,20.0,,
1900-10-27,133.0,100.0,0.0,,
1900-10-28,178.0,94.0,0.0,,
1900-10-29,167.0,106.0,312.0,,
1900-10-30,144.0,94.0,64.0,,
1900-10-31,222.0,167.0,107.0,,
1900-11-01,194.0,89.0,53.0,,0.0
1900-11-02,122.0,39.0,0.0,,0.0
1900-11-03,161.0,0.0,0.0,,0.0
1900-11-04,144.0,22.0,0.0,,0.0
1900-11-05,111.0,17.0,13.0,,0.0
1900-11-06,94.0,-22.0,0.0,,0.0
1900-11-07,94.0,-22.0,0.0,,0.0
1900-11-08,89.0,-28.0,0.0,,0.0
1900-11-09,33.0,-39.0,0.0,,0.0
1900-11-10,22.0,-33.0,25.0,,0.0
1900-11-11,33.0,-22.0,0.0,,0.0
1900-11-12,11.0,-28.0,0.0,,0.0
1900-11-13,17.0,-50.0,102.0,,102.0
1900-11-14,-11.0,-67.0,0.0,,0.0
1900-11-15,-6.0,-61.0,0.0,,0.0
1900-11-16,0.0,-33.0,0.0,,0.0
1900-11-17,17.0,-39.0,0.0,,0.0
1900-11-18,100.0,17.0,279.0,,0.0
1900-11-19,89.0,17.0,249.0,,0.0
1900-11-20,206.0,44.0,25.0,,0.0
1900-11-21,178.0,11.0,231.0,,0.0
1900-11-22,89.0,-6.0,0.0,,0.0
1900-11-23,61.0,-17.0,0.0,,0.0
1900-11-24,17.0,-39.0,0.0,,0.0
1900-11-25,33.0,-22.0,25.0,,25.0
1900-11-26,28.0,-11.0,0.0,,0.0
1900-11-27,33.0,-22.0,0.0,,0.0
1900-11-28,28.0,-50.0,0.0,,0.0
1900-11-29,22.0,-11.0,0.0,,0.0
1900-11-30,22.0,-33.0,0.0,,0.0
1900-12-01,22.0,-11.0,0.0,,0.0
1900-12-02,28.0,-6.0,0.0,,0.0
1900-12-03,39.0,0.0,0.0,,0.0
1900-12-04,39.0,11.0,0.0,,0.0
1900-12-05,33.0,0.0,0.0,,0.0
1900-12-06,28.0,-11.0,0.0,,0.0
1900-12-07,33.0,0.0,0.0,,0.0
1900-12-08,22.0,-33.0,0.0,,0.0
1900-12-09,0.0,-106.0,0.0,,0.0
1900-12-10,-56.0,-111.0,0.0,,0.0
1900-12-11,-61.0,-100.0,0.0,,0.0
1900-12-12,-67.0,-100.0,0.0,,0.0
1900-12-13,-83.0,-106.0,0.0,,0.0
1900-12-14,-89.0,-122.0,25.0,,25.0
1900-12-15,-50.0,-106.0,25.0,,25.0
1900-12-16,-67.0,-178.0,0.0,,0.0
1900-12-17,-11.0,-28.0,0.0,,0.0
1900-12-18,22.0,0.0,0.0,,0.0
1900-12-19,17.0,-150.0,0.0,,0.0
1900-12-20,17.0,-28.0,0.0,,0.0
1900-12-21,50.0,-6.0,0.0,,0.0
1900-12-22,89.0,33.0,56.0,,0.0
1900-12-23,44.0,-44.0,0.0,,0.0
1900-12-24,56.0,-33.0,25.0,,25.0
1900-12-25,22.0,-22.0,25.0,,25.0
1900-12-26,-67.0,-122.0,0.0,,0.0
1900-12-27,-11.0,-111.0,0.0,,0.0
1900-12-28,-6.0,-78.0,0.0,,0.0
1900-12-29,6.0,-100.0,0.0,,0.0
1900-12-30,22.0,-67.0,0.0,,0.0
1900-12-31,17.0,-100.0,51.0,,51.0
1901-01-01,-78.0,-133.0,0.0,,
1901-01-02,-89.0,-144.0,0.0,,
1901-01-03,-89.0,-233.0,0.0,,
1901-01-04,-67.0,-111.0,0.0,,
1901-01-05,-56.0,-150.0,0.0,,
1901-01-06,6.0,-178.0,51.0,,51.0
1901-01-07,17.0,-39.0,0.0,,
1901-01-08,89.0,-22.0,0.0,,
1901-01-09,33.0,-67.0,0.0,,
1901-01-10,-11.0,-50.0,76.0,,76.0
1901-01-11,-22.0,-56.0,25.0,,25.0
1901-01-12,0.0,-67.0,0.0,,
1901-01-13,-11.0,-56.0,0.0,,
1901-01-14,22.0,-33.0,13.0,,13.0
1901-01-15,39.0,-6.0,0.0,,
1901-01-16,44.0,-67.0,0.0,,
1901-01-17,-39.0,-111.0,0.0,,
1901-01-18,-78.0,-150.0,51.0,,51.0
1901-01-19,-89.0,-178.0,0.0,,
1901-01-20,67.0,-150.0,0.0,,
1901-01-21,56.0,-56.0,0.0,,
1901-01-22,6.0,-94.0,0.0,,
1901-01-23,6.0,-67.0,0.0,,
1901-01-24,17.0,-56.0,0.0,,
1901-01-25,-22.0,-150.0,13.0,,
1901-01-26,-33.0,-178.0,25.0,,25.0
1901-01-27,-11.0,-61.0,13.0,,13.0
1901-01-28,-78.0,-111.0,0.0,,
1901-01-29,-39.0,-156.0,0.0,,
1901-01-30,-44.0,-150.0,0.0,,
1901-01-31,-56.0,-139.0,13.0,,13.0
1901-02-01,-61.0,-139.0,0.0,,0.0
1901-02-02,-44.0,-133.0,0.0,,0.0
1901-02-03,-67.0,-156.0,0.0,,0.0
1901-02-04,-22.0,-111.0,0.0,,0.0
1901-02-05,-44.0,-133.0,0.0,,0.0
1901-02-06,-67.0,-144.0,0.0,,0.0
1901-02-07,-61.0,-189.0,0.0,,0.0
1901-02-08,-22.0,-183.0,0.0,,0.0
1901-02-09,-44.0,-111.0,51.0,,51.0
1901-02-10,-22.0,-228.0,0.0,,0.0
1901-02-11,-56.0,-194.0,76.0,,76.0
1901-02-12,-72.0,-128.0,0.0,,0.0
1901-02-13,-106.0,-150.0,0.0,,0.0
1901-02-14,-94.0,-167.0,0.0,,0.0
1901-02-15,-39.0,-250.0,0.0,,0.0
1901-02-16,-11.0,-222.0,0.0,,0.0
1901-02-17,-11.0,-183.0,0.0,,0.0
1901-02-18,-17.0,-122.0,51.0,,51.0
1901-02-19,-22.0,-111.0,25.0,,25.0
1901-02-20,-56.0,-117.0,0.0,,0.0
1901-02-21,-56.0,-178.0,0.0,,0.0
1901-02-22,-78.0,-194.0,0.0,,0.0
1901-02-23,-94.0,-200.0,0.0,,0.0
1901-02-24,-39.0,-133.0,0.0,,0.0
1901-02-25,-11.0,-122.0,0.0,,0.0
1901-02-26,-56.0,-150.0,0.0,,0.0
1901-02-27,-56.0,-172.0,0.0,,0.0
1901-02-28,-39.0,-206.0,0.0,,0.0
1901-03-01,33.0,-150.0,0.0,,0.0
1901-03-02,11.0,-94.0,0.0,,0.0
1901-03-03,67.0,-156.0,0.0,,0.0
1901-03-04,33.0,-122.0,0.0,,0.0
1901-03-05,-94.0,-194.0,0.0,,0.0
1901-03-06,-94.0,-206.0,0.0,,0.0
1901-03-07,28.0,-178.0,0.0,,0.0
1901-03-08,6.0,-94.0,0.0,,0.0
1901-03-09,17.0,-67.0,0.0,,0.0
1901-03-10,0.0,-67.0,25.0,,0.0
1901-03-11,33.0,-61.0,13.0,,13.0
1901-03-12,22.0,-22.0,0.0,,0.0
1901-03-13,33.0,-44.0,89.0,,89.0
1901-03-14,28.0,-17.0,13.0,,13.0
1901-03-15,6.0,-67.0,0.0,,0.0
1901-03-16,11.0,-139.0,0.0,,0.0
1901-03-17,67.0,-56.0,0.0,,0.0
1901-03-18,72.0,-44.0,0.0,,0.0
1901-03-19,-6.0,-61.0,51.0,,51.0
1901-03-20,44.0,-67.0,25.0,,0.0
1901-03-21,-6.0,-72.0,38.0,,38.0
1901-03-22,33.0,-78.0,0.0,,0.0
1901-03-23,89.0,-39.0,0.0,,0.0
1901-03-24,100.0,6.0,46.0,,0.0
1901-03-25,133.0,6.0,152.0,,0.0
1901-03-26,156.0,6.0,0.0,,0.0
1901-03-27,50.0,-22.0,0.0,,0.0
1901-03-28,17.0,-39.0,0.0,,0.0
1901-03-29,17.0,-72.0,0.0,,0.0
1901-03-30,11.0,-61.0,0.0,,0.0
1901-03-31,56.0,-39.0,0.0,,0.0
1901-04-01,72.0,-39.0,0.0,,0.0
1901-04-02,61.0,-33.0,0.0,,0.0
1901-04-03,33.0,-6.0,0.0,,0.0
1901-04-04,94.0,-6.0,0.0,,0.0
1901-04-05,83.0,-22.0,0.0,,0.0
1901-04-06,50.0,17.0,0.0,,0.0
1901-04-07,67.0,-11.0,0.0,,0.0
1901-04-08,100.0,-11.0,0.0,,0.0
1901-04-09,106.0,-6.0,0.0,,0.0
1901-04-10,89.0,-6.0,0.0,,0.0
1901-04-11,89.0,-17.0,0.0,,0.0
1901-04-12,122.0,-44.0,0.0,,0.0
1901-04-13,172.0,17.0,0.0,,0.0
1901-04-14,178.0,-11.0,0.0,,0.0
1901-04-15,144.0,-6.0,0.0,,0.0
1901-04-16,183.0,-6.0,0.0,,0.0
1901-04-17,128.0,67.0,81.0,,0.0
1901-04-18,72.0,-11.0,71.0,,0.0
1901-04-19,72.0,-33.0,0.0,,0.0
1901-04-20,44.0,-11.0,0.0,,0.0
1901-04-21,33.0,-11.0,155.0,,0.0
1901-04-22,117.0,44.0,140.0,,0.0
1901-04-23,89.0,33.0,38.0,,0.0
1901-04-24,150.0,39.0,0.0,,0.0
1901-04-25,156.0,44.0,0.0,,0.0
1901-04-26,211.0,11.0,0.0,,0.0
1901-04-27,200.0,17.0,0.0,,0.0
1901-04-28,233.0,22.0,0.0,,0.0
1901-04-29,272.0,39.0,0.0,,0.0
1901-04-30,233.0,50.0,0.0,,0.0
1901-05-01,194.0,67.0,0.0,,
1901-05-02,200.0,72.0,0.0,,
1901-05-03,206.0,22.0,0.0,,
1901-05-04,200.0,-6.0,0.0,,
1901-05-05,256.0,39.0,0.0,,
1901-05-06,261.0,61.0,0.0,,
1901-05-07,239.0,61.0,0.0,,
1901-05-08,211.0,94.0,0.0,,
1901-05-09,122.0,67.0,140.0,,
1901-05-10,211.0,128.0,66.0,,
1901-05-11,161.0,106.0,0.0,,
1901-05-12,89.0,33.0,56.0,,
1901-05-13,144.0,61.0,0.0,,
1901-05-14,144.0,22.0,0.0,,
1901-05-15,261.0,44.0,0.0,,
1901-05-16,272.0,56.0,0.0,,
1901-05-17,228.0,100.0,0.0,,
1901-05-18,200.0,61.0,0.0,,
1901-05-19,111.0,56.0,0.0,,
1901-05-20,144.0,56.0,0.0,,
1901-05-21,178.0,67.0,30.0,,
1901-05-22,211.0,111.0,0.0,,
1901-05-23,261.0,117.0,0.0,,
1901-05-24,183.0,50.0,66.0,,
1901-05-25,144.0,56.0,0.0,,
1901-05-26,172.0,56.0,0.0,,
1901-05-27,156.0,33.0,0.0,,
1901-05-28,128.0,72.0,0.0,,
1901-05-29,100.0,67.0,0.0,,
1901-05-30,156.0,61.0,0.0,,
1901-05-31,172.0,33.0,0.0,,
1901-06-01,217.0,33.0,0.0,,0.0
1901-06-02,128.0,44.0,0.0,,0.0
1901-06-03,206.0,50.0,0.0,,0.0
1901-06-04,267.0,33.0,43.0,,0.0
1901-06-05,294.0,56.0,53.0,,0.0
1901-06-06,244.0,183.0,0.0,,0.0
1901-06-07,183.0,56.0,0.0,,0.0
1901-06-08,200.0,11.0,0.0,,0.0
1901-06-09,211.0,6.0,0.0,,0.0
1901-06-10,206.0,44.0,0.0,,0.0
1901-06-11,244.0,122.0,0.0,,0.0
1901-06-12,294.0,133.0,0.0,,0.0
1901-06-13,317.0,133.0,0.0,,0.0
1901-06-14,256.0,150.0,0.0,,0.0
1901-06-15,211.0,106.0,0.0,,0.0
1901-06-16,261.0,139.0,0.0,,0.0
1901-06-17,261.0,150.0,0.0,,0.0
1901-06-18,278.0,111.0,0.0,,0.0
1901-06-19,267.0,156.0,76.0,,0.0
1901-06-20,267.0,128.0,0.0,,0.0
1901-06-21,267.0,100.0,0.0,,0.0
1901-06-22,306.0,156.0,0.0,,0.0
1901-06-23,267.0,139.0,0.0,,0.0
1901-06-24,300.0,111.0,0.0,,0.0
1901-06-25,322.0,128.0,0.0,,0.0
1901-06-26,328.0,150.0,0.0,,0.0
1901-06-27,344.0,183.0,0.0,,0.0
1901-06-28,339.0,200.0,20.0,,0.0
1901-06-29,344.0,211.0,0.0,,0.0
1901-06-30,256.0,161.0,0.0,,0.0
1901-07-01,367.0,222.0,0.0,,0.0
1901-07-02,333.0,206.0,279.0,,0.0
1901-07-03,278.0,167.0,147.0,,0.0
1901-07-04,267.0,144.0,38.0,,0.0
1901-07-05,,,0.0,,0.0
1901-07-06,,,0.0,,0.0
1901-07-07,200.0,133.0,0.0,,0.0
1901-07-08,267.0,83.0,0.0,,0.0
1901-07-09,317.0,156.0,0.0,,0.0
1901-07-10,233.0,133.0,0.0,,0.0
1901-07-11,217.0,122.0,25.0,,0.0
1901-07-12,267.0,100.0,0.0,,0.0
1901-07-13,311.0,106.0,0.0,,0.0
1901-07-14,311.0,128.0,0.0,,0.0
1901-07-15,333.0,200.0,0.0,,0.0
1901-07-16,339.0,167.0,0.0,,0.0
1901-07-17,311.0,206.0,0.0,,0.0
1901-07-18,300.0,150.0,0.0,,0.0
1901-07-19,289.0,122.0,0.0,,0.0
1901-07-20,339.0,156.0,0.0,,0.0
1901-07-21,289.0,150.0,0.0,,0.0
1901-07-22,300.0,156.0,178.0,,0.0
1901-07-23,300.0,128.0,0.0,,0.0
1901-07-24,317.0,144.0,30.0,,0.0
1901-07-25,233.0,161.0,25.0,,0.0
1901-07-26,256.0,144.0,51.0,,0.0
1901-07-27,311.0,167.0,38.0,,0.0
1901-07-28,289.0,178.0,89.0,,0.0
1901-07-29,278.0,167.0,76.0,,0.0
1901-07-30,289.0,144.0,249.0,,0.0
1901-07-31,239.0,161.0,0.0,,0.0
1901-08-01,300.0,139.0,0.0,,0.0
1901-08-02,233.0,156.0,0.0,,0.0
1901-08-03,233.0,117.0,0.0,,0.0
1901-08-04,217.0,106.0,0.0,,0.0
1901-08-05,244.0,56.0,0.0,,0.0
1901-08-06,256.0,106.0,0.0,,0.0
1901-08-07,244.0,100.0,0.0,,0.0
1901-08-08,256.0,122.0,0.0,,0.0
1901-08-09,233.0,122.0,0.0,,0.0
1901-08-10,233.0,161.0,0.0,,0.0
1901-08-11,211.0,111.0,0.0,,0.0
1901-08-12,244.0,72.0,0.0,,0.0
1901-08-13,261.0,100.0,0.0,,0.0
1901-08-14,311.0,111.0,0.0,,0.0
1901-08-15,,,0.0,,0.0
1901-08-16,,,0.0,,0.0
1901-08-17,,,0.0,,0.0
1901-08-18,,,0.0,,0.0
1901-08-19,278.0,117.0,163.0,,0.0
1901-08-20,272.0,122.0,0.0,,0.0
1901-08-21,267.0,161.0,155.0,,0.0
1901-08-22,278.0,178.0,0.0,,0.0
1901-08-23,311.0,206.0,234.0,,0.0
1901-08-24,233.0,150.0,0.0,,0.0
1901-08-25,250.0,133.0,0.0,,0.0
1901-08-26,272.0,122.0,0.0,,0.0
1901-08-27,272.0,133.0,0.0,,0.0
1901-08-28,294.0,111.0,0.0,,0.0
1901-08-29,300.0,178.0,0.0,,0.0
1901-08-30,289.0,156.0,0.0,,0.0
1901-08-31,183.0,150.0,0.0,,0.0
1901-09-01,217.0,106.0,0.0,,0.0
1901-09-02,289.0,111.0,0.0,,0.0
1901-09-03,294.0,128.0,0.0,,0.0
1901-09-04,311.0,133.0,0.0,,0.0
1901-09-05,300.0,144.0,0.0,,0.0
1901-09-06,283.0,128.0,0.0,,0.0
1901-09-07,278.0,117.0,0.0,,0.0
1901-09-08,156.0,100.0,0.0,,0.0
1901-09-09,183.0,39.0,20.0,,0.0
1901-09-10,261.0,100.0,0.0,,0.0
1901-09-11,206.0,94.0,0.0,,0.0
1901-09-12,211.0,17.0,279.0,,0.0
1901-09-13,233.0,122.0,0.0,,0.0
1901-09-14,244.0,89.0,0.0,,0.0
1901-09-15,228.0,161.0,0.0,,0.0
1901-09-16,206.0,128.0,0.0,,0.0
1901-09-17,156.0,89.0,0.0,,0.0
1901-09-18,128.0,33.0,0.0,,0.0
1901-09-19,122.0,11.0,0.0,,0.0
1901-09-20,150.0,44.0,0.0,,0.0
1901-09-21,183.0,17.0,0.0,,0.0
1901-09-22,250.0,83.0,0.0,,0.0
1901-09-23,261.0,139.0,0.0,,0.0
1901-09-24,161.0,100.0,0.0,,0.0
1901-09-25,206.0,122.0,0.0,,0.0
1901-09-26,256.0,133.0,0.0,,0.0
1901-09-27,289.0,100.0,0.0,,0.0
1901-09-28,267.0,89.0,0.0,,0.0
1901-09-29,233.0,122.0,0.0,,0.0
1901-09-30,178.0,83.0,0.0,,0.0
1901-10-01,250.0,67.0,0.0,,0.0
1901-10-02,150.0,56.0,28.0,,0.0
1901-10-03,117.0,33.0,0.0,,0.0
1901-10-04,106.0,11.0,0.0,,0.0
1901-10-05,156.0,-11.0,0.0,,0.0
1901-10-06,67.0,6.0,0.0,,0.0
1901-10-07,144.0,-17.0,0.0,,0.0
1901-10-08,239.0,72.0,0.0,,0.0
1901-10-09,200.0,122.0,25.0,,0.0
1901-10-10,156.0,56.0,157.0,,0.0
1901-10-11,239.0,50.0,20.0,,0.0
1901-10-12,183.0,33.0,267.0,,0.0
1901-10-13,161.0,56.0,107.0,,0.0
1901-10-14,200.0,17.0,0.0,,0.0
1901-10-15,161.0,17.0,0.0,,0.0
1901-10-16,156.0,0.0,0.0,,0.0
1901-10-17,72.0,0.0,0.0,,0.0
1901-10-18,111.0,-39.0,0.0,,0.0
1901-10-19,100.0,17.0,0.0,,0.0
1901-10-20,100.0,-17.0,0.0,,0.0
1901-10-21,183.0,11.0,0.0,,0.0
1901-10-22,200.0,22.0,0.0,,0.0
1901-10-23,233.0,72.0,0.0,,0.0
1901-10-24,106.0,-11.0,0.0,,0.0
1901-10-25,128.0,-39.0,0.0,,0.0
1901-10-26,200.0,44.0,0.0,,0.0
1901-10-27,100.0,-6.0,0.0,,0.0
1901-10-28,122.0,-22.0,0.0,,0.0
1901-10-29,239.0,94.0,0.0,,0.0
1901-10-30,244.0,133.0,0.0,,0.0
1901-10-31,222.0,50.0,0.0,,0.0
1901-11-01,133.0,6.0,0.0,,0.0
1901-11-02,128.0,-50.0,0.0,,0.0
1901-11-03,161.0,11.0,0.0,,0.0
1901-11-04,72.0,-33.0,0.0,,0.0
1901-11-05,17.0,-39.0,0.0,,0.0
1901-11-06,72.0,33.0,0.0,,0.0
1901-11-07,89.0,28.0,0.0,,0.0
1901-11-08,78.0,-44.0,0.0,,0.0
1901-11-09,61.0,6.0,0.0,,0.0
1901-11-10,33.0,-56.0,0.0,,0.0
1901-11-11,156.0,17.0,58.0,,0.0
1901-11-12,150.0,-6.0,0.0,,0.0
1901-11-13,139.0,-17.0,0.0,,0.0
1901-11-14,39.0,-28.0,0.0,,0.0
1901-11-15,39.0,-22.0,0.0,,0.0
1901-11-16,39.0,-33.0,0.0,,0.0
1901-11-17,28.0,-22.0,0.0,,0.0
1901-11-18,33.0,-17.0,0.0,,0.0
1901-11-19,44.0,-11.0,0.0,,0.0
1901-11-20,56.0,-33.0,0.0,,0.0
1901-11-21,22.0,-44.0,0.0,,0.0
1901-11-22,67.0,-33.0,13.0,,0.0
1901-11-23,22.0,-17.0,3.0,,0.0
1901-11-24,17.0,-17.0,0.0,,0.0
1901-11-25,17.0,-39.0,0.0,,0.0
1901-11-26,22.0,-56.0,0.0,,0.0
1901-11-27,17.0,-67.0,0.0,,0.0
1901-11-28,22.0,-89.0,0.0,,0.0
1901-11-29,33.0,-11.0,0.0,,0.0
1901-11-30,33.0,-22.0,0.0,,0.0
1901-12-01,128.0,-22.0,0.0,,0.0
1901-12-02,89.0,-56.0,0.0,,0.0
1901-12-03,-22.0,-78.0,51.0,,51.0
1901-12-04,-78.0,-122.0,0.0,,0.0
1901-12-05,-33.0,-139.0,0.0,,0.0
1901-12-06,-39.0,-133.0,0.0,,0.0
1901-12-07,22.0,-72.0,0.0,,0.0
1901-12-08,17.0,-11.0,25.0,,0.0
1901-12-09,22.0,-17.0,0.0,,0.0
1901-12-10,17.0,-17.0,0.0,,0.0
1901-12-11,28.0,-11.0,0.0,,0.0
1901-12-12,11.0,-78.0,0.0,,0.0
1901-12-13,89.0,11.0,231.0,,0.0
1901-12-14,44.0,-117.0,91.0,,0.0
1901-12-15,-100.0,-150.0,0.0,,0.0
1901-12-16,-122.0,-194.0,0.0,,0.0
1901-12-17,-139.0,-200.0,0.0,,0.0
1901-12-18,-122.0,-178.0,0.0,,0.0
1901-12-19,-106.0,-222.0,0.0,,0.0
1901-12-20,-94.0,-189.0,0.0,,0.0
1901-12-21,-100.0,-222.0,0.0,,0.0
1901-12-22,-22.0,-206.0,0.0,,0.0
1901-12-23,-6.0,-67.0,0.0,,0.0
1901-12-24,11.0,-44.0,0.0,,0.0
1901-12-25,33.0,-22.0,0.0,,0.0
1901-12-26,22.0,-56.0,0.0,,0.0
1901-12-27,11.0,-44.0,0.0,,0.0
1901-12-28,0.0,-44.0,0.0,,0.0
1901-12-29,11.0,-61.0,0.0,,0.0
1901-12-30,17.0,-72.0,0.0,,0.0
1901-12-31,0.0,-78.0,0.0,,0.0
1902-01-01,-33.0,-72.0,0.0,,0.0
1902-01-02,39.0,-72.0,0.0,,0.0
1902-01-03,-72.0,-111.0,0.0,,0.0
1902-01-04,-22.0,-150.0,0.0,,0.0
1902-01-05,-11.0,-94.0,0.0,,0.0
1902-01-06,6.0,-61.0,25.0,,25.0
1902-01-07,17.0,-61.0,0.0,,0.0
1902-01-08,39.0,-56.0,0.0,,0.0
1902-01-09,44.0,-89.0,0.0,,0.0
1902-01-10,28.0,-33.0,0.0,,0.0
1902-01-11,17.0,-67.0,0.0,,13.0
1902-01-12,-39.0,-117.0,13.0,,0.0
1902-01-13,-61.0,-111.0,0.0,,0.0
1902-01-14,-11.0,-111.0,0.0,,0.0
1902-01-15,0.0,-94.0,13.0,,13.0
1902-01-16,-72.0,-117.0,0.0,,0.0
1902-01-17,17.0,-183.0,0.0,,0.0
1902-01-18,28.0,-94.0,0.0,,0.0
1902-01-19,-11.0,-122.0,0.0,,0.0
1902-01-20,17.0,-100.0,0.0,,0.0
1902-01-21,0.0,-56.0,0.0,,0.0
1902-01-22,11.0,-72.0,0.0,,0.0
1902-01-23,-22.0,-67.0,0.0,,0.0
1902-01-24,-6.0,-72.0,0.0,,0.0
1902-01-25,33.0,-78.0,0.0,,0.0
1902-01-26,28.0,-61.0,0.0,,0.0
1902-01-27,-94.0,-178.0,0.0,,0.0
1902-01-28,-122.0,-222.0,0.0,,0.0
1902-01-29,-94.0,-200.0,0.0,,0.0
1902-01-30,-39.0,-150.0,13.0,,13.0
1902-01-31,-39.0,-133.0,0.0,,0.0
1902-02-01,17.0,-94.0,0.0,,0.0
1902-02-02,-22.0,-89.0,51.0,,51.0
1902-02-03,-72.0,-144.0,0.0,,0.0
1902-02-04,-117.0,-167.0,0.0,,0.0
1902-02-05,-94.0,-200.0,0.0,,0.0
1902-02-06,-72.0,-161.0,0.0,,0.0
1902-02-07,-67.0,-122.0,0.0,,0.0
1902-02-08,-39.0,-150.0,0.0,,0.0
1902-02-09,-39.0,-94.0,0.0,,0.0
1902-02-10,-39.0,-139.0,0.0,,0.0
1902-02-11,-33.0,-161.0,0.0,,0.0
1902-02-12,-67.0,-111.0,0.0,,0.0
1902-02-13,-94.0,-200.0,0.0,,0.0
1902-02-14,-67.0,-222.0,0.0,,0.0
1902-02-15,-39.0,-228.0,0.0,,0.0
1902-02-16,-22.0,-133.0,0.0,,0.0
1902-02-17,-22.0,-78.0,0.0,,0.0
1902-02-18,-22.0,-178.0,0.0,,0.0
1902-02-19,-67.0,-206.0,0.0,,0.0
1902-02-20,28.0,-194.0,0.0,,0.0
1902-02-21,0.0,-178.0,0.0,,0.0
1902-02-22,6.0,-122.0,0.0,,0.0
1902-02-23,61.0,-61.0,0.0,,0.0
1902-02-24,72.0,-50.0,0.0,,0.0
1902-02-25,89.0,-67.0,0.0,,0.0
1902-02-26,94.0,-67.0,0.0,,0.0
1902-02-27,100.0,-11.0,0.0,,0.0
1902-02-28,128.0,72.0,0.0,,0.0
1902-03-01,72.0,0.0,0.0,,0.0
1902-03-02,33.0,-22.0,0.0,,0.0
1902-03-03,-17.0,-72.0,0.0,,0.0
1902-03-04,-11.0,-67.0,0.0,,0.0
1902-03-05,11.0,-72.0,0.0,,0.0
1902-03-06,72.0,-72.0,0.0,,0.0
1902-03-07,94.0,-6.0,0.0,,0.0
1902-03-08,17.0,-11.0,13.0,,13.0
1902-03-09,22.0,-11.0,0.0,,0.0
1902-03-10,156.0,-11.0,0.0,,0.0
1902-03-11,167.0,11.0,0.0,,0.0
1902-03-12,222.0,22.0,437.0,,0.0
1902-03-13,50.0,-11.0,58.0,,0.0
1902-03-14,156.0,-11.0,0.0,,0.0
1902-03-15,100.0,-22.0,0.0,,0.0
1902-03-16,128.0,-28.0,0.0,,0.0
1902-03-17,133.0,-122.0,0.0,,0.0
1902-03-18,-67.0,-156.0,0.0,,0.0
1902-03-19,0.0,-183.0,0.0,,0.0
1902-03-20,0.0,-122.0,0.0,,0.0
1902-03-21,72.0,-50.0,0.0,,0.0
1902-03-22,89.0,-44.0,0.0,,0.0
1902-03-23,106.0,-50.0,0.0,,0.0
1902-03-24,72.0,-39.0,0.0,,0.0
1902-03-25,72.0,-44.0,0.0,,0.0
1902-03-26,156.0,-22.0,0.0,,0.0
1902-03-27,200.0,89.0,0.0,,0.0
1902-03-28,211.0,6.0,236.0,,0.0
1902-03-29,156.0,33.0,226.0,,0.0
1902-03-30,100.0,6.0,229.0,,0.0
1902-03-31,89.0,0.0,89.0,,89.0
1902-04-01,50.0,-6.0,0.0,,0.0
1902-04-02,39.0,-11.0,0.0,,0.0
1902-04-03,44.0,-28.0,0.0,,0.0
1902-04-04,94.0,-56.0,0.0,,0.0
1902-04-05,128.0,-33.0,0.0,,0.0
1902-04-06,128.0,22.0,0.0,,0.0
1902-04-07,89.0,-39.0,0.0,,0.0
1902-04-08,67.0,-44.0,0.0,,0.0
1902-04-09,122.0,78.0,0.0,,0.0
1902-04-10,167.0,33.0,0.0,,0.0
1902-04-11,144.0,6.0,0.0,,0.0
1902-04-12,44.0,11.0,0.0,,0.0
1902-04-13,44.0,-11.0,0.0,,0.0
1902-04-14,50.0,-22.0,0.0,,0.0
1902-04-15,89.0,-61.0,0.0,,0.0
1902-04-16,139.0,-33.0,0.0,,0.0
1902-04-17,144.0,-11.0,0.0,,0.0
1902-04-18,183.0,-11.0,0.0,,0.0
1902-04-19,106.0,-22.0,0.0,,0.0
1902-04-20,150.0,-22.0,0.0,,0.0
1902-04-21,183.0,100.0,0.0,,0.0
1902-04-22,294.0,100.0,0.0,,0.0
1902-04-23,144.0,0.0,0.0,,0.0
1902-04-24,128.0,-11.0,0.0,,0.0
1902-04-25,100.0,-11.0,0.0,,0.0
1902-04-26,133.0,17.0,305.0,,0.0
1902-04-27,122.0,6.0,0.0,,0.0
1902-04-28,200.0,22.0,0.0,,0.0
1902-04-29,156.0,44.0,0.0,,0.0
1902-04-30,128.0,33.0,0.0,,0.0
1902-05-01,122.0,6.0,0.0,,0.0
1902-05-02,233.0,17.0,0.0,,0.0
1902-05-03,156.0,72.0,0.0,,0.0
1902-05-04,228.0,61.0,239.0,,0.0
1902-05-05,189.0,89.0,0.0,,0.0
1902-05-06,239.0,72.0,165.0,,0.0
1902-05-07,178.0,83.0,0.0,,0.0
1902-05-08,233.0,33.0,0.0,,0.0
1902-05-09,89.0,-6.0,0.0,,0.0
1902-05-10,61.0,-11.0,0.0,,0.0
1902-05-11,128.0,-39.0,0.0,,0.0
1902-05-12,183.0,0.0,0.0,,0.0
1902-05-13,122.0,6.0,0.0,,0.0
1902-05-14,133.0,-11.0,0.0,,0.0
1902-05-15,167.0,-11.0,0.0,,0.0
1902-05-16,211.0,22.0,0.0,,0.0
1902-05-17,206.0,17.0,0.0,,0.0
1902-05-18,211.0,22.0,0.0,,0.0
1902-05-19,300.0,122.0,38.0,,0.0
1902-05-20,200.0,100.0,114.0,,0.0
1902-05-21,239.0,72.0,25.0,,0.0
1902-05-22,294.0,117.0,0.0,,0.0
1902-05-23,256.0,156.0,0.0,,0.0
1902-05-24,233.0,128.0,0.0,,0.0
1902-05-25,256.0,133.0,0.0,,0.0
1902-05-26,167.0,17.0,13.0,,0.0
1902-05-27,144.0,33.0,0.0,,0.0
1902-05-28,150.0,28.0,0.0,,0.0
1902-05-29,211.0,72.0,0.0,,0.0
1902-05-30,222.0,89.0,0.0,,0.0
1902-05-31,267.0,78.0,0.0,,0.0
1902-06-01,272.0,61.0,267.0,,0.0
1902-06-02,294.0,78.0,64.0,,0.0
1902-06-03,233.0,89.0,0.0,,0.0
1902-06-04,211.0,94.0,0.0,,0.0
1902-06-05,,89.0,0.0,,0.0
1902-06-06,178.0,50.0,0.0,,0.0
1902-06-07,244.0,56.0,13.0,,0.0
1902-06-08,217.0,106.0,0.0,,0.0
1902-06-09,233.0,56.0,0.0,,0.0
1902-06-10,178.0,78.0,0.0,,0.0
1902-06-11,267.0,56.0,0.0,,0.0
1902-06-12,233.0,72.0,38.0,,0.0
1902-06-13,217.0,56.0,0.0,,0.0
1902-06-14,272.0,72.0,46.0,,0.0
1902-06-15,,,216.0,,0.0
1902-06-16,244.0,89.0,0.0,,0.0
1902-06-17,294.0,72.0,0.0,,0.0
1902-06-18,294.0,111.0,0.0,,0.0
1902-06-19,,,38.0,,0.0
1902-06-20,194.0,83.0,38.0,,0.0
1902-06-21,144.0,,0.0,,0.0
1902-06-22,156.0,89.0,0.0,,0.0
1902-06-23,189.0,72.0,0.0,,0.0
1902-06-24,222.0,,25.0,,0.0
1902-06-25,183.0,100.0,274.0,,0.0
1902-06-26,178.0,89.0,0.0,,0.0
1902-06-27,200.0,94.0,0.0,,0.0
1902-06-28,183.0,67.0,0.0,,0.0
1902-06-29,183.0,89.0,25.0,,0.0
1902-06-30,156.0,78.0,89.0,,0.0
1902-07-01,239.0,61.0,,,0.0
1902-07-02,244.0,100.0,41.0,,0.0
1902-07-03,211.0,100.0,61.0,,0.0
1902-07-04,244.0,106.0,89.0,,0.0
1902-07-05,311.0,122.0,114.0,,0.0
1902-07-06,322.0,144.0,13.0,,0.0
1902-07-07,294.0,206.0,41.0,,0.0
1902-07-08,306.0,178.0,0.0,,0.0
1902-07-09,211.0,156.0,107.0,,0.0
1902-07-10,228.0,117.0,0.0,,0.0
1902-07-11,239.0,100.0,0.0,,0.0
1902-07-12,267.0,89.0,0.0,,0.0
1902-07-13,294.0,156.0,0.0,,0.0
1902-07-14,306.0,172.0,43.0,,0.0
1902-07-15,256.0,89.0,0.0,,0.0
1902-07-16,294.0,72.0,0.0,,0.0
1902-07-17,306.0,83.0,0.0,,0.0
1902-07-18,233.0,139.0,0.0,,0.0
1902-07-19,183.0,144.0,234.0,,0.0
1902-07-20,183.0,128.0,30.0,,0.0
1902-07-21,200.0,100.0,46.0,,0.0
1902-07-22,256.0,111.0,25.0,,0.0
1902-07-23,272.0,156.0,25.0,,0.0
1902-07-24,261.0,156.0,0.0,,0.0
1902-07-25,289.0,217.0,0.0,,0.0
1902-07-26,306.0,178.0,279.0,,0.0
1902-07-27,228.0,178.0,267.0,,0.0
1902-07-28,267.0,133.0,0.0,,0.0
1902-07-29,294.0,144.0,89.0,,0.0
1902-07-30,283.0,156.0,0.0,,0.0
1902-07-31,244.0,133.0,173.0,,0.0
1902-08-01,256.0,144.0,0.0,,0.0
1902-08-02,294.0,111.0,0.0,,0.0
1902-08-03,272.0,133.0,0.0,,0.0
1902-08-04,239.0,89.0,0.0,,0.0
1902-08-05,239.0,128.0,483.0,,0.0
1902-08-06,250.0,100.0,0.0,,0.0
1902-08-07,172.0,89.0,150.0,,0.0
1902-08-08,200.0,89.0,25.0,,0.0
1902-08-09,222.0,72.0,0.0,,0.0
1902-08-10,267.0,139.0,0.0,,0.0
1902-08-11,200.0,117.0,0.0,,0.0
1902-08-12,206.0,56.0,0.0,,0.0
1902-08-13,194.0,100.0,0.0,,0.0
1902-08-14,200.0,89.0,0.0,,0.0
1902-08-15,200.0,111.0,0.0,,0.0
1902-08-16,267.0,89.0,0.0,,0.0
1902-08-17,239.0,100.0,0.0,,0.0
1902-08-18,267.0,133.0,0.0,,0.0
1902-08-19,200.0,117.0,0.0,,0.0
1902-08-20,239.0,111.0,0.0,,0.0
1902-08-21,206.0,122.0,0.0,,0.0
1902-08-22,194.0,100.0,0.0,,0.0
1902-08-23,228.0,83.0,0.0,,0.0
1902-08-24,244.0,78.0,0.0,,0.0
1902-08-25,267.0,100.0,0.0,,0.0
1902-08-26,267.0,117.0,122.0,,0.0
1902-08-27,228.0,111.0,0.0,,0.0
1902-08-28,239.0,100.0,0.0,,0.0
1902-08-29,261.0,100.0,0.0,,0.0
1902-08-30,283.0,94.0,0.0,,0.0
1902-08-31,289.0,178.0,53.0,,0.0
1902-09-01,261.0,106.0,0.0,,0.0
1902-09-02,222.0,100.0,0.0,,0.0
1902-09-03,239.0,100.0,203.0,,0.0
1902-09-04,183.0,106.0,0.0,,0.0
1902-09-05,244.0,33.0,0.0,,0.0
1902-09-06,233.0,94.0,0.0,,0.0
1902-09-07,228.0,100.0,0.0,,0.0
1902-09-08,272.0,89.0,0.0,,0.0
1902-09-09,200.0,100.0,36.0,,0.0
1902-09-10,200.0,44.0,0.0,,0.0
1902-09-11,183.0,89.0,0.0,,0.0
1902-09-12,139.0,61.0,284.0,,0.0
1902-09-13,128.0,61.0,0.0,,0.0
1902-09-14,211.0,56.0,0.0,,0.0
1902-09-15,217.0,50.0,0.0,,0.0
1902-09-16,211.0,44.0,0.0,,0.0
1902-09-17,244.0,89.0,0.0,,0.0
1902-09-18,139.0,100.0,0.0,,0.0
1902-09-19,133.0,94.0,30.0,,0.0
1902-09-20,222.0,111.0,25.0,,0.0
1902-09-21,250.0,111.0,0.0,,0.0
1902-09-22,256.0,133.0,38.0,,0.0
1902-09-23,228.0,106.0,292.0,,0.0
1902-09-24,150.0,89.0,25.0,,0.0
1902-09-25,144.0,89.0,66.0,,0.0
1902-09-26,206.0,128.0,0.0,,0.0
1902-09-27,228.0,111.0,0.0,,0.0
1902-09-28,178.0,122.0,25.0,,0.0
1902-09-29,222.0,128.0,0.0,,0.0
1902-09-30,178.0,100.0,0.0,,0.0
1902-10-01,128.0,39.0,0.0,,0.0
1902-10-02,172.0,22.0,0.0,,0.0
1902-10-03,144.0,39.0,0.0,,0.0
1902-10-04,150.0,56.0,0.0,,0.0
1902-10-05,156.0,100.0,229.0,,0.0
1902-10-06,189.0,61.0,0.0,,0.0
1902-10-07,156.0,33.0,0.0,,0.0
1902-10-08,200.0,6.0,0.0,,0.0
1902-10-09,117.0,-11.0,0.0,,0.0
1902-10-10,100.0,-39.0,0.0,,0.0
1902-10-11,211.0,89.0,0.0,,0.0
1902-10-12,128.0,100.0,231.0,,0.0
1902-10-13,156.0,33.0,163.0,,0.0
1902-10-14,167.0,39.0,46.0,,0.0
1902-10-15,156.0,17.0,0.0,,0.0
1902-10-16,133.0,-22.0,0.0,,0.0
1902-10-17,128.0,-33.0,0.0,,0.0
1902-10-18,106.0,33.0,163.0,,0.0
1902-10-19,156.0,72.0,0.0,,0.0
1902-10-20,167.0,0.0,0.0,,0.0
1902-10-21,111.0,33.0,0.0,,0.0
1902-10-22,139.0,22.0,292.0,,0.0
1902-10-23,133.0,78.0,0.0,,0.0
1902-10-24,178.0,56.0,0.0,,0.0
1902-10-25,211.0,44.0,0.0,,0.0
1902-10-26,222.0,56.0,445.0,,0.0
1902-10-27,128.0,17.0,0.0,,0.0
1902-10-28,111.0,11.0,0.0,,0.0
1902-10-29,72.0,0.0,0.0,,0.0
1902-10-30,133.0,0.0,0.0,,0.0
1902-10-31,156.0,-6.0,0.0,,0.0
1902-11-01,200.0,0.0,0.0,,0.0
1902-11-02,211.0,78.0,0.0,,0.0
1902-11-03,183.0,44.0,0.0,,0.0
1902-11-04,156.0,33.0,0.0,,0.0
1902-11-05,200.0,89.0,188.0,,0.0
1902-11-06,161.0,33.0,69.0,,0.0
1902-11-07,122.0,0.0,0.0,,0.0
1902-11-08,128.0,-11.0,0.0,,0.0
1902-11-09,189.0,72.0,0.0,,0.0
1902-11-10,139.0,-22.0,0.0,,0.0
1902-11-11,133.0,11.0,51.0,,0.0
1902-11-12,183.0,72.0,64.0,,0.0
1902-11-13,194.0,67.0,38.0,,0.0
1902-11-14,167.0,56.0,25.0,,0.0
1902-11-15,156.0,44.0,0.0,,0.0
1902-11-16,100.0,44.0,0.0,,0.0
1902-11-17,89.0,56.0,0.0,,0.0
1902-11-18,78.0,33.0,0.0,,0.0
1902-11-19,122.0,11.0,0.0,,0.0
1902-11-20,128.0,-11.0,0.0,,0.0
1902-11-21,122.0,67.0,0.0,,0.0
1902-11-22,78.0,22.0,0.0,,0.0
1902-11-23,72.0,33.0,0.0,,0.0
1902-11-24,89.0,44.0,0.0,,0.0
1902-11-25,44.0,-11.0,0.0,,0.0
1902-11-26,67.0,-11.0,43.0,,0.0
1902-11-27,22.0,-33.0,0.0,,0.0
1902-11-28,17.0,-39.0,0.0,,0.0
1902-11-29,33.0,-33.0,38.0,,0.0
1902-11-30,39.0,-22.0,0.0,,0.0
1902-12-01,,-39.0,0.0,,0.0
1902-12-02,,-22.0,320.0,,0.0
1902-12-03,44.0,-33.0,0.0,,0.0
1902-12-04,-11.0,-67.0,0.0,,0.0
1902-12-05,-22.0,-67.0,0.0,,0.0
1902-12-06,17.0,-39.0,102.0,,102.0
1902-12-07,-22.0,-78.0,0.0,,0.0
1902-12-08,-33.0,-111.0,0.0,,0.0
1902-12-09,-61.0,-122.0,0.0,,0.0
1902-12-10,-11.0,-111.0,0.0,,0.0
1902-12-11,-17.0,-117.0,0.0,,0.0
1902-12-12,17.0,-111.0,0.0,,0.0
1902-12-13,-22.0,-78.0,0.0,,0.0
1902-12-14,-11.0,-94.0,0.0,,0.0
1902-12-15,22.0,-94.0,0.0,,0.0
1902-12-16,17.0,-94.0,13.0,,13.0
1902-12-17,17.0,-56.0,0.0,,0.0
1902-12-18,28.0,-39.0,0.0,,0.0
1902-12-19,33.0,-22.0,0.0,,0.0
1902-12-20,33.0,-11.0,0.0,,0.0
1902-12-21,89.0,6.0,38.0,,0.0
1902-12-22,44.0,-39.0,0.0,,0.0
1902-12-23,-22.0,-56.0,0.0,,0.0
1902-12-24,11.0,-100.0,76.0,,76.0
1902-12-25,-11.0,-67.0,0.0,,0.0
1902-12-26,-17.0,-122.0,0.0,,0.0
1902-12-27,-94.0,-122.0,0.0,,0.0
1902-12-28,-22.0,-122.0,0.0,,0.0
1902-12-29,-22.0,-117.0,0.0,,0.0
1902-12-30,-39.0,-122.0,0.0,,0.0
1902-12-31,-17.0,-122.0,0.0,,0.0
1903-01-01,39.0,-111.0,0.0,,
1903-01-02,22.0,-100.0,0.0,,
1903-01-03,22.0,-11.0,0.0,,
1903-01-04,33.0,-61.0,0.0,,
1903-01-05,-11.0,-78.0,0.0,,
1903-01-06,-11.0,-67.0,0.0,,
1903-01-07,-11.0,-67.0,102.0,,102.0
1903-01-08,-39.0,-178.0,0.0,,
1903-01-09,-94.0,-178.0,0.0,,
1903-01-10,-78.0,-150.0,0.0,,
1903-01-11,-78.0,-133.0,152.0,,152.0
1903-01-12,-89.0,-161.0,0.0,,
1903-01-13,-94.0,-150.0,0.0,,
1903-01-14,-67.0,-122.0,0.0,,
1903-01-15,6.0,-106.0,0.0,,
1903-01-16,17.0,-33.0,0.0,,
1903-01-17,-11.0,-100.0,13.0,,
1903-01-18,-94.0,-156.0,0.0,,0.0
1903-01-19,-94.0,-222.0,0.0,,
1903-01-20,-11.0,-150.0,0.0,,
1903-01-21,-11.0,-122.0,0.0,,
1903-01-22,-11.0,-111.0,25.0,,25.0
1903-01-23,-94.0,-161.0,0.0,,0.0
1903-01-24,-89.0,-200.0,0.0,,
1903-01-25,-72.0,-133.0,0.0,,
1903-01-26,89.0,-150.0,0.0,,
1903-01-27,44.0,0.0,46.0,,
1903-01-28,22.0,-6.0,0.0,,
1903-01-29,72.0,6.0,140.0,,
1903-01-30,67.0,-122.0,0.0,,
1903-01-31,17.0,-111.0,0.0,,
1903-02-01,33.0,-22.0,0.0,,0.0
1903-02-02,56.0,0.0,0.0,,0.0
1903-02-03,22.0,-22.0,102.0,,102.0
1903-02-04,-11.0,-94.0,152.0,,152.0
1903-02-05,11.0,-100.0,0.0,,0.0
1903-02-06,11.0,-100.0,0.0,,0.0
1903-02-07,-11.0,-161.0,0.0,,0.0
1903-02-08,-28.0,-61.0,305.0,,305.0
1903-02-09,0.0,-156.0,0.0,,0.0
1903-02-10,78.0,-100.0,0.0,,0.0
1903-02-11,44.0,-11.0,102.0,,0.0
1903-02-12,44.0,-11.0,0.0,,0.0
1903-02-13,0.0,-78.0,0.0,,0.0
1903-02-14,6.0,-94.0,0.0,,0.0
1903-02-15,-33.0,-94.0,0.0,,0.0
1903-02-16,-89.0,-172.0,25.0,,25.0
1903-02-17,-122.0,-222.0,51.0,,51.0
1903-02-18,-122.0,-206.0,0.0,,0.0
1903-02-19,-83.0,-211.0,0.0,,0.0
1903-02-20,-56.0,-217.0,0.0,,0.0
1903-02-21,-67.0,-100.0,0.0,,0.0
1903-02-22,-22.0,-178.0,0.0,,0.0
1903-02-23,17.0,-56.0,0.0,,0.0
1903-02-24,11.0,-44.0,0.0,,0.0
1903-02-25,17.0,-156.0,0.0,,0.0
1903-02-26,56.0,-56.0,0.0,,0.0
1903-02-27,33.0,-67.0,25.0,,0.0
1903-02-28,44.0,-11.0,114.0,,0.0
1903-03-01,-39.0,-67.0,0.0,,
1903-03-02,11.0,-78.0,0.0,,
1903-03-03,44.0,-39.0,0.0,,
1903-03-04,44.0,-11.0,0.0,,
1903-03-05,33.0,-11.0,0.0,,
1903-03-06,50.0,-50.0,0.0,,
1903-03-07,111.0,0.0,170.0,,
1903-03-08,56.0,-11.0,0.0,,
1903-03-09,72.0,-39.0,0.0,,
1903-03-10,50.0,-6.0,61.0,,
1903-03-11,56.0,0.0,0.0,,
1903-03-12,72.0,22.0,0.0,,
1903-03-13,67.0,11.0,0.0,,
1903-03-14,128.0,17.0,0.0,,
1903-03-15,50.0,-11.0,0.0,,
1903-03-16,89.0,-22.0,0.0,,
1903-03-17,44.0,-11.0,0.0,,
1903-03-18,211.0,17.0,0.0,,
1903-03-19,239.0,72.0,0.0,,
1903-03-20,211.0,44.0,0.0,,
1903-03-21,61.0,-11.0,0.0,,
1903-03-22,128.0,-11.0,0.0,,
1903-03-23,67.0,-6.0,155.0,,
1903-03-24,67.0,-11.0,28.0,,
1903-03-25,100.0,-33.0,0.0,,
1903-03-26,122.0,-22.0,0.0,,
1903-03-27,156.0,17.0,0.0,,
1903-03-28,22.0,-39.0,0.0,,
1903-03-29,56.0,-56.0,0.0,,
1903-03-30,100.0,-33.0,0.0,,
1903-03-31,111.0,-11.0,0.0,,
1903-04-01,72.0,-39.0,38.0,,0.0
1903-04-02,183.0,-17.0,43.0,,0.0
1903-04-03,183.0,-39.0,38.0,,38.0
1903-04-04,33.0,-67.0,0.0,,0.0
1903-04-05,56.0,-106.0,0.0,,0.0
1903-04-06,150.0,-11.0,0.0,,0.0
1903-04-07,128.0,39.0,0.0,,0.0
1903-04-08,133.0,39.0,0.0,,0.0
1903-04-09,167.0,0.0,0.0,,0.0
1903-04-10,172.0,6.0,0.0,,0.0
1903-04-11,61.0,6.0,28.0,,0.0
1903-04-12,100.0,17.0,38.0,,0.0
1903-04-13,72.0,17.0,279.0,,0.0
1903-04-14,67.0,33.0,292.0,,0.0
1903-04-15,78.0,22.0,0.0,,0.0
1903-04-16,61.0,33.0,0.0,,0.0
1903-04-17,133.0,6.0,0.0,,0.0
1903-04-18,144.0,-22.0,0.0,,0.0
1903-04-19,139.0,-17.0,0.0,,0.0
1903-04-20,72.0,-22.0,0.0,,0.0
1903-04-21,56.0,-28.0,0.0,,0.0
1903-04-22,56.0,-22.0,0.0,,0.0
1903-04-23,122.0,-33.0,0.0,,0.0
1903-04-24,117.0,33.0,38.0,,0.0
1903-04-25,72.0,-22.0,0.0,,0.0
1903-04-26,161.0,-39.0,0.0,,0.0
1903-04-27,200.0,-33.0,0.0,,0.0
1903-04-28,233.0,89.0,0.0,,0.0
1903-04-29,250.0,56.0,0.0,,0.0
1903-04-30,161.0,-33.0,0.0,,0.0
1903-05-01,111.0,-22.0,0.0,,
1903-05-02,100.0,0.0,0.0,,
1903-05-03,89.0,28.0,173.0,,
1903-05-04,156.0,-11.0,0.0,,
1903-05-05,,,0.0,,
1903-05-06,,,0.0,,
1903-05-07,122.0,0.0,0.0,,
1903-05-08,194.0,-11.0,0.0,,
1903-05-09,239.0,-11.0,0.0,,
1903-05-10,289.0,44.0,0.0,,
1903-05-11,300.0,100.0,0.0,,
1903-05-12,289.0,122.0,0.0,,
1903-05-13,239.0,72.0,0.0,,
1903-05-14,217.0,-11.0,0.0,,
1903-05-15,233.0,-11.0,0.0,,
1903-05-16,,39.0,0.0,,
1903-05-17,278.0,39.0,0.0,,
1903-05-18,294.0,128.0,56.0,,
1903-05-19,278.0,117.0,0.0,,
1903-05-20,283.0,111.0,0.0,,
1903-05-21,278.0,111.0,0.0,,
1903-05-22,261.0,122.0,0.0,,
1903-05-23,183.0,72.0,69.0,,
1903-05-24,183.0,72.0,0.0,,
1903-05-25,211.0,150.0,0.0,,
1903-05-26,,,157.0,,
1903-05-27,261.0,122.0,25.0,,
1903-05-28,194.0,106.0,0.0,,
1903-05-29,156.0,72.0,0.0,,
1903-05-30,100.0,33.0,0.0,,
1903-05-31,161.0,89.0,0.0,,
1903-06-01,183.0,67.0,0.0,,0.0
1903-06-02,233.0,56.0,0.0,,0.0
1903-06-03,278.0,44.0,0.0,,0.0
1903-06-04,278.0,33.0,0.0,,0.0
1903-06-05,256.0,100.0,0.0,,0.0
1903-06-06,244.0,122.0,0.0,,0.0
1903-06-07,,,0.0,,0.0
1903-06-08,294.0,133.0,0.0,,0.0
1903-06-09,156.0,89.0,0.0,,0.0
1903-06-10,167.0,56.0,0.0,,0.0
1903-06-11,161.0,44.0,0.0,,0.0
1903-06-12,156.0,44.0,0.0,,0.0
1903-06-13,150.0,89.0,198.0,,0.0
1903-06-14,222.0,56.0,71.0,,0.0
1903-06-15,278.0,117.0,0.0,,0.0
1903-06-16,211.0,94.0,0.0,,0.0
1903-06-17,150.0,89.0,0.0,,0.0
1903-06-18,278.0,117.0,0.0,,0.0
1903-06-19,183.0,72.0,0.0,,0.0
1903-06-20,228.0,100.0,218.0,,0.0
1903-06-21,206.0,94.0,0.0,,0.0
1903-06-22,194.0,100.0,0.0,,0.0
1903-06-23,167.0,83.0,231.0,,0.0
1903-06-24,167.0,111.0,137.0,,0.0
1903-06-25,222.0,111.0,0.0,,0.0
1903-06-26,222.0,89.0,0.0,,0.0
1903-06-27,239.0,72.0,0.0,,0.0
1903-06-28,261.0,111.0,0.0,,0.0
1903-06-29,289.0,133.0,0.0,,0.0
1903-06-30,278.0,144.0,58.0,,0.0
1903-07-01,272.0,161.0,0.0,,0.0
1903-07-02,261.0,144.0,0.0,,0.0
1903-07-03,311.0,156.0,46.0,,0.0
1903-07-04,300.0,167.0,221.0,,0.0
1903-07-05,,,0.0,,0.0
1903-07-06,,,0.0,,0.0
1903-07-07,294.0,128.0,0.0,,0.0
1903-07-08,328.0,200.0,0.0,,0.0
1903-07-09,267.0,,0.0,,0.0
1903-07-10,300.0,133.0,0.0,,0.0
1903-07-11,,,0.0,,0.0
1903-07-12,,,0.0,,0.0
1903-07-13,,,0.0,,0.0
1903-07-14,233.0,144.0,0.0,,0.0
1903-07-15,222.0,133.0,0.0,,0.0
1903-07-16,256.0,89.0,0.0,,0.0
1903-07-17,272.0,106.0,0.0,,0.0
1903-07-18,272.0,100.0,0.0,,0.0
1903-07-19,278.0,156.0,0.0,,0.0
1903-07-20,,,0.0,,0.0
1903-07-21,261.0,150.0,229.0,,0.0
1903-07-22,267.0,106.0,64.0,,0.0
1903-07-23,261.0,111.0,0.0,,0.0
1903-07-24,272.0,150.0,0.0,,0.0
1903-07-25,300.0,200.0,0.0,,0.0
1903-07-26,256.0,128.0,0.0,,0.0
1903-07-27,244.0,94.0,0.0,,0.0
1903-07-28,,,0.0,,0.0
1903-07-29,300.0,100.0,201.0,,0.0
1903-07-30,294.0,122.0,0.0,,0.0
1903-07-31,233.0,94.0,0.0,,0.0
1903-08-01,217.0,100.0,0.0,,0.0
1903-08-02,228.0,122.0,0.0,,0.0
1903-08-03,244.0,111.0,0.0,,0.0
1903-08-04,283.0,133.0,373.0,,0.0
1903-08-05,267.0,156.0,13.0,,0.0
1903-08-06,278.0,100.0,0.0,,0.0
1903-08-07,256.0,106.0,0.0,,0.0
1903-08-08,261.0,133.0,0.0,,0.0
1903-08-09,244.0,89.0,0.0,,0.0
1903-08-10,211.0,44.0,112.0,,0.0
1903-08-11,217.0,106.0,0.0,,0.0
1903-08-12,,,0.0,,0.0
1903-08-13,,,0.0,,0.0
1903-08-14,,,0.0,,0.0
1903-08-15,,,0.0,,0.0
1903-08-16,244.0,56.0,0.0,,0.0
1903-08-17,283.0,100.0,0.0,,0.0
1903-08-18,267.0,100.0,0.0,,0.0
1903-08-19,272.0,111.0,51.0,,0.0
1903-08-20,267.0,100.0,0.0,,0.0
1903-08-21,278.0,106.0,0.0,,0.0
1903-08-22,272.0,100.0,0.0,,0.0
1903-08-23,217.0,128.0,0.0,,0.0
1903-08-24,239.0,122.0,0.0,,0.0
1903-08-25,261.0,133.0,0.0,,0.0
1903-08-26,272.0,156.0,0.0,,0.0
1903-08-27,211.0,100.0,64.0,,0.0
1903-08-28,206.0,139.0,0.0,,0.0
1903-08-29,183.0,72.0,208.0,,0.0
1903-08-30,222.0,156.0,38.0,,0.0
1903-08-31,167.0,111.0,0.0,,0.0
1903-09-01,267.0,122.0,0.0,,0.0
1903-09-02,261.0,133.0,0.0,,0.0
1903-09-03,283.0,156.0,0.0,,0.0
1903-09-04,211.0,122.0,0.0,,0.0
1903-09-05,183.0,72.0,0.0,,0.0
1903-09-06,200.0,44.0,0.0,,0.0
1903-09-07,211.0,50.0,246.0,,0.0
1903-09-08,267.0,117.0,36.0,,0.0
1903-09-09,261.0,100.0,137.0,,0.0
1903-09-10,250.0,78.0,244.0,,0.0
1903-09-11,306.0,122.0,0.0,,0.0
1903-09-12,200.0,156.0,0.0,,0.0
1903-09-13,211.0,150.0,74.0,,0.0
1903-09-14,244.0,150.0,155.0,,0.0
1903-09-15,228.0,133.0,150.0,,0.0
1903-09-16,211.0,111.0,152.0,,0.0
1903-09-17,128.0,44.0,140.0,,0.0
1903-09-18,122.0,78.0,0.0,,0.0
1903-09-19,200.0,122.0,0.0,,0.0
1903-09-20,233.0,83.0,0.0,,0.0
1903-09-21,239.0,100.0,0.0,,0.0
1903-09-22,267.0,144.0,0.0,,0.0
1903-09-23,222.0,72.0,0.0,,0.0
1903-09-24,100.0,56.0,0.0,,0.0
1903-09-25,178.0,33.0,,,0.0
1903-09-26,117.0,22.0,0.0,,0.0
1903-09-27,178.0,33.0,25.0,,0.0
1903-09-28,156.0,22.0,0.0,,0.0
1903-09-29,183.0,33.0,0.0,,0.0
1903-09-30,222.0,-11.0,25.0,,0.0
1903-10-01,228.0,139.0,406.0,,0.0
1903-10-02,250.0,156.0,38.0,,0.0
1903-10-03,233.0,100.0,0.0,,0.0
1903-10-04,228.0,117.0,0.0,,0.0
1903-10-05,150.0,61.0,0.0,,0.0
1903-10-06,183.0,44.0,0.0,,0.0
1903-10-07,217.0,100.0,25.0,,0.0
1903-10-08,233.0,111.0,38.0,,0.0
1903-10-09,,,241.0,,0.0
1903-10-10,200.0,89.0,,,0.0
1903-10-11,128.0,72.0,0.0,,0.0
1903-10-12,156.0,44.0,0.0,,0.0
1903-10-13,200.0,17.0,0.0,,0.0
1903-10-14,156.0,22.0,0.0,,0.0
1903-10-15,178.0,,41.0,,0.0
1903-10-16,200.0,,119.0,,0.0
1903-10-17,,33.0,84.0,,0.0
1903-10-18,144.0,44.0,0.0,,0.0
1903-10-19,156.0,44.0,0.0,,0.0
1903-10-20,156.0,0.0,0.0,,0.0
1903-10-21,144.0,6.0,0.0,,0.0
1903-10-22,122.0,22.0,0.0,,0.0
1903-10-23,133.0,0.0,0.0,,0.0
1903-10-24,100.0,-11.0,0.0,,0.0
1903-10-25,111.0,-17.0,0.0,,0.0
1903-10-26,56.0,0.0,0.0,,0.0
1903-10-27,100.0,-11.0,0.0,,0.0
1903-10-28,89.0,22.0,0.0,,0.0
1903-10-29,172.0,6.0,0.0,,0.0
1903-10-30,178.0,44.0,0.0,,0.0
1903-10-31,167.0,56.0,0.0,,0.0
1903-11-01,156.0,0.0,0.0,,0.0
1903-11-02,167.0,33.0,0.0,,0.0
1903-11-03,156.0,28.0,0.0,,0.0
1903-11-04,144.0,0.0,0.0,,0.0
1903-11-05,111.0,-6.0,0.0,,0.0
1903-11-06,133.0,6.0,0.0,,0.0
1903-11-07,144.0,0.0,0.0,,0.0
1903-11-08,122.0,-67.0,0.0,,0.0
1903-11-09,172.0,28.0,0.0,,0.0
1903-11-10,144.0,28.0,0.0,,0.0
1903-11-11,156.0,6.0,229.0,,0.0
1903-11-12,183.0,33.0,0.0,,0.0
1903-11-13,72.0,-11.0,0.0,,0.0
1903-11-14,39.0,-11.0,0.0,,0.0
1903-11-15,33.0,-17.0,0.0,,0.0
1903-11-16,39.0,0.0,38.0,,0.0
1903-11-17,44.0,-94.0,0.0,,0.0
1903-11-18,33.0,-33.0,0.0,,0.0
1903-11-19,0.0,-78.0,0.0,,0.0
1903-11-20,-22.0,-94.0,0.0,,0.0
1903-11-21,-39.0,-61.0,0.0,,0.0
1903-11-22,33.0,-22.0,0.0,,0.0
1903-11-23,17.0,-39.0,0.0,,0.0
1903-11-24,0.0,-44.0,0.0,,0.0
1903-11-25,-22.0,-78.0,25.0,,25.0
1903-11-26,-44.0,-100.0,0.0,,0.0
1903-11-27,-17.0,-83.0,0.0,,0.0
1903-11-28,-33.0,-89.0,51.0,,51.0
1903-11-29,-17.0,-78.0,25.0,,25.0
1903-11-30,-22.0,-122.0,0.0,,0.0
1903-12-01,-11.0,-83.0,38.0,,38.0
1903-12-02,-33.0,-189.0,0.0,,0.0
1903-12-03,-39.0,-89.0,0.0,,0.0
1903-12-04,-6.0,-44.0,0.0,,0.0
1903-12-05,-11.0,-94.0,0.0,,0.0
1903-12-06,,,0.0,,0.0
1903-12-07,-11.0,-56.0,0.0,,0.0
1903-12-08,0.0,-94.0,0.0,,0.0
1903-12-09,-11.0,-94.0,0.0,,0.0
1903-12-10,0.0,-100.0,127.0,,127.0
1903-12-11,-11.0,-89.0,0.0,,0.0
1903-12-12,-6.0,-94.0,152.0,,152.0
1903-12-13,-33.0,-161.0,0.0,,0.0
1903-12-14,-89.0,-206.0,0.0,,0.0
1903-12-15,-83.0,-150.0,0.0,,0.0
1903-12-16,,,0.0,,0.0
1903-12-17,-11.0,-106.0,0.0,,0.0
1903-12-18,-17.0,-150.0,0.0,,0.0
1903-12-19,11.0,-67.0,0.0,,0.0
1903-12-20,17.0,-33.0,51.0,,51.0
1903-12-21,22.0,-22.0,0.0,,0.0
1903-12-22,11.0,-67.0,0.0,,0.0
1903-12-23,33.0,-89.0,0.0,,0.0
1903-12-24,33.0,-78.0,25.0,,25.0
1903-12-25,-11.0,-89.0,0.0,,0.0
1903-12-26,-78.0,-206.0,0.0,,0.0
1903-12-27,-100.0,-172.0,51.0,,51.0
1903-12-28,-117.0,-206.0,0.0,,0.0
1903-12-29,-44.0,-150.0,0.0,,0.0
1903-12-30,-56.0,-189.0,0.0,,0.0
1903-12-31,-61.0,-194.0,0.0,,0.0
1904-01-01,-22.0,-133.0,0.0,,
1904-01-02,-94.0,-161.0,203.0,,203.0
1904-01-03,-94.0,-261.0,0.0,,
1904-01-04,-106.0,-228.0,0.0,,
1904-01-05,-78.0,-256.0,0.0,,
1904-01-06,-33.0,-89.0,0.0,,
1904-01-07,-33.0,-228.0,0.0,,
1904-01-08,17.0,-39.0,51.0,,51.0
1904-01-09,-17.0,-111.0,0.0,,
1904-01-10,-50.0,-228.0,0.0,,
1904-01-11,-50.0,-78.0,0.0,,
1904-01-12,-39.0,-94.0,102.0,,102.0
1904-01-13,-22.0,-94.0,25.0,,25.0
1904-01-14,-33.0,-78.0,0.0,,
1904-01-15,-67.0,-150.0,0.0,,
1904-01-16,-33.0,-94.0,102.0,,102.0
1904-01-17,-67.0,-150.0,0.0,,
1904-01-18,-122.0,-206.0,0.0,,
1904-01-19,-56.0,-239.0,0.0,,
1904-01-20,33.0,,0.0,,
1904-01-21,0.0,-56.0,51.0,,51.0
1904-01-22,-22.0,-67.0,76.0,,51.0
1904-01-23,-22.0,-89.0,25.0,,25.0
1904-01-24,,-261.0,0.0,,
1904-01-25,-94.0,-278.0,0.0,,
1904-01-26,-94.0,-283.0,51.0,,76.0
1904-01-27,-94.0,-261.0,0.0,,
1904-01-28,-94.0,-250.0,0.0,,
1904-01-29,-89.0,-261.0,0.0,,
1904-01-30,-56.0,-244.0,0.0,,
1904-01-31,-39.0,,51.0,,
1904-02-01,-94.0,-267.0,0.0,,0.0
1904-02-02,-39.0,-261.0,76.0,,76.0
1904-02-03,-94.0,-233.0,25.0,,25.0
1904-02-04,-94.0,-267.0,0.0,,0.0
1904-02-05,-78.0,-233.0,0.0,,0.0
1904-02-06,44.0,-83.0,0.0,,0.0
1904-02-07,44.0,-144.0,0.0,,0.0
1904-02-08,-72.0,-244.0,0.0,,0.0
1904-02-09,-94.0,-283.0,0.0,,0.0
1904-02-10,-122.0,-206.0,0.0,,0.0
1904-02-11,-94.0,-244.0,0.0,,0.0
1904-02-12,-122.0,-183.0,0.0,,0.0
1904-02-13,-100.0,-222.0,51.0,,51.0
1904-02-14,-28.0,-133.0,76.0,,76.0
1904-02-15,-100.0,-233.0,0.0,,0.0
1904-02-16,-94.0,-278.0,0.0,,0.0
1904-02-17,-139.0,-306.0,0.0,,0.0
1904-02-18,-122.0,-244.0,25.0,,25.0
1904-02-19,-94.0,-206.0,76.0,,76.0
1904-02-20,-39.0,-244.0,0.0,,0.0
1904-02-21,6.0,-122.0,203.0,,203.0
1904-02-22,11.0,-139.0,51.0,,51.0
1904-02-23,6.0,-122.0,25.0,,25.0
1904-02-24,-89.0,-150.0,25.0,,25.0
1904-02-25,-89.0,-228.0,0.0,,0.0
1904-02-26,-94.0,-239.0,0.0,,0.0
1904-02-27,-72.0,-272.0,0.0,,0.0
1904-02-28,33.0,-22.0,0.0,,0.0
1904-02-29,6.0,-67.0,203.0,,203.0
1904-03-01,-11.0,-67.0,0.0,,0.0
1904-03-02,44.0,-17.0,0.0,,0.0
1904-03-03,44.0,-133.0,51.0,,51.0
1904-03-04,-56.0,-206.0,0.0,,0.0
1904-03-05,28.0,-94.0,0.0,,0.0
1904-03-06,22.0,-100.0,38.0,,0.0
1904-03-07,33.0,-6.0,53.0,,0.0
1904-03-08,22.0,-11.0,0.0,,0.0
1904-03-09,17.0,-94.0,0.0,,0.0
1904-03-10,-11.0,-89.0,25.0,,25.0
1904-03-11,-28.0,-67.0,0.0,,0.0
1904-03-12,-56.0,-94.0,0.0,,0.0
1904-03-13,-28.0,-150.0,0.0,,0.0
1904-03-14,-22.0,-94.0,102.0,,102.0
1904-03-15,-11.0,-39.0,0.0,,0.0
1904-03-16,-11.0,-67.0,0.0,,0.0
1904-03-17,-11.0,-94.0,51.0,,51.0
1904-03-18,39.0,-67.0,0.0,,0.0
1904-03-19,33.0,-39.0,51.0,,51.0
1904-03-20,-11.0,-100.0,0.0,,0.0
1904-03-21,0.0,-100.0,0.0,,0.0
1904-03-22,89.0,-11.0,89.0,,0.0
1904-03-23,83.0,-17.0,0.0,,0.0
1904-03-24,67.0,-28.0,0.0,,0.0
1904-03-25,72.0,0.0,25.0,,0.0
1904-03-26,72.0,-78.0,0.0,,0.0
1904-03-27,-33.0,-106.0,0.0,,0.0
1904-03-28,6.0,-100.0,0.0,,0.0
1904-03-29,33.0,-94.0,0.0,,0.0
1904-03-30,89.0,6.0,25.0,,0.0
1904-03-31,100.0,11.0,76.0,,0.0
1904-04-01,72.0,11.0,76.0,,0.0
1904-04-02,39.0,-11.0,0.0,,0.0
1904-04-03,-6.0,-67.0,0.0,,0.0
1904-04-04,89.0,-56.0,0.0,,0.0
1904-04-05,133.0,22.0,0.0,,0.0
1904-04-06,72.0,28.0,0.0,,0.0
1904-04-07,89.0,-6.0,0.0,,0.0
1904-04-08,117.0,17.0,114.0,,0.0
1904-04-09,117.0,17.0,0.0,,0.0
1904-04-10,44.0,-11.0,25.0,,25.0
1904-04-11,56.0,0.0,46.0,,0.0
1904-04-12,44.0,11.0,25.0,,25.0
1904-04-13,22.0,-67.0,25.0,,25.0
1904-04-14,39.0,-61.0,25.0,,25.0
1904-04-15,33.0,-22.0,254.0,,254.0
1904-04-16,44.0,-22.0,0.0,,0.0
1904-04-17,33.0,-11.0,0.0,,0.0
1904-04-18,106.0,-6.0,0.0,,0.0
1904-04-19,89.0,-61.0,25.0,,25.0
1904-04-20,0.0,-67.0,0.0,,0.0
1904-04-21,56.0,-39.0,0.0,,0.0
1904-04-22,128.0,-50.0,0.0,,0.0
1904-04-23,261.0,44.0,0.0,,0.0
1904-04-24,233.0,56.0,66.0,,0.0
1904-04-25,128.0,33.0,0.0,,0.0
1904-04-26,133.0,17.0,0.0,,0.0
1904-04-27,106.0,33.0,0.0,,0.0
1904-04-28,111.0,22.0,0.0,,0.0
1904-04-29,117.0,44.0,25.0,,0.0
1904-04-30,111.0,33.0,0.0,,0.0
1904-05-01,128.0,44.0,0.0,,0.0
1904-05-02,200.0,28.0,0.0,,0.0
1904-05-03,233.0,50.0,0.0,,0.0
1904-05-04,200.0,44.0,0.0,,0.0
1904-05-05,256.0,44.0,0.0,,0.0
1904-05-06,278.0,100.0,0.0,,0.0
1904-05-07,294.0,128.0,0.0,,0.0
1904-05-08,233.0,122.0,18.0,,0.0
1904-05-09,183.0,61.0,132.0,,0.0
1904-05-10,100.0,33.0,0.0,,0.0
1904-05-11,,,0.0,,0.0
1904-05-12,228.0,50.0,0.0,,0.0
1904-05-13,233.0,56.0,213.0,,0.0
1904-05-14,133.0,61.0,0.0,,0.0
1904-05-15,144.0,67.0,0.0,,0.0
1904-05-16,122.0,39.0,0.0,,0.0
1904-05-17,139.0,28.0,0.0,,0.0
1904-05-18,89.0,11.0,234.0,,0.0
1904-05-19,128.0,56.0,71.0,,0.0
1904-05-20,206.0,56.0,28.0,,0.0
1904-05-21,256.0,72.0,130.0,,0.0
1904-05-22,200.0,144.0,8.0,,0.0
1904-05-23,211.0,72.0,30.0,,0.0
1904-05-24,267.0,94.0,61.0,,0.0
1904-05-25,261.0,106.0,79.0,,0.0
1904-05-26,,,140.0,,0.0
1904-05-27,244.0,100.0,0.0,,0.0
1904-05-28,233.0,56.0,0.0,,0.0
1904-05-29,256.0,78.0,0.0,,0.0
1904-05-30,228.0,44.0,0.0,,0.0
1904-05-31,156.0,44.0,0.0,,0.0
1904-06-01,128.0,89.0,0.0,,0.0
1904-06-02,206.0,89.0,0.0,,0.0
1904-06-03,200.0,89.0,0.0,,0.0
1904-06-04,289.0,144.0,0.0,,0.0
1904-06-05,261.0,106.0,69.0,,0.0
1904-06-06,200.0,89.0,0.0,,0.0
1904-06-07,183.0,133.0,198.0,,0.0
1904-06-08,,44.0,0.0,,0.0
1904-06-09,139.0,50.0,0.0,,0.0
1904-06-10,261.0,89.0,0.0,,0.0
1904-06-11,272.0,94.0,0.0,,0.0
1904-06-12,,,0.0,,0.0
1904-06-13,294.0,72.0,0.0,,0.0
1904-06-14,239.0,111.0,0.0,,0.0
1904-06-15,256.0,100.0,0.0,,0.0
1904-06-16,239.0,56.0,0.0,,0.0
1904-06-17,256.0,78.0,0.0,,0.0
1904-06-18,278.0,,0.0,,0.0
1904-06-19,261.0,106.0,0.0,,0.0
1904-06-20,256.0,139.0,0.0,,0.0
1904-06-21,278.0,72.0,0.0,,0.0
1904-06-22,278.0,56.0,0.0,,0.0
1904-06-23,278.0,50.0,0.0,,0.0
1904-06-24,306.0,161.0,0.0,,0.0
1904-06-25,283.0,156.0,0.0,,0.0
1904-06-26,233.0,106.0,0.0,,0.0
1904-06-27,233.0,122.0,0.0,,0.0
1904-06-28,239.0,50.0,0.0,,0.0
1904-06-29,,111.0,114.0,,0.0
1904-06-30,,150.0,0.0,,0.0
1904-07-01,167.0,89.0,0.0,,0.0
1904-07-02,217.0,78.0,0.0,,0.0
1904-07-03,233.0,44.0,0.0,,0.0
1904-07-04,267.0,156.0,0.0,,0.0
1904-07-05,283.0,117.0,0.0,,0.0
1904-07-06,244.0,111.0,0.0,,0.0
1904-07-07,256.0,133.0,0.0,,0.0
1904-07-08,261.0,111.0,0.0,,0.0
1904-07-09,267.0,161.0,38.0,,0.0
1904-07-10,261.0,150.0,89.0,,0.0
1904-07-11,272.0,122.0,51.0,,0.0
1904-07-12,267.0,100.0,0.0,,0.0
1904-07-13,261.0,83.0,0.0,,0.0
1904-07-14,283.0,128.0,0.0,,0.0
1904-07-15,278.0,200.0,0.0,,0.0
1904-07-16,317.0,194.0,0.0,,0.0
1904-07-17,333.0,217.0,0.0,,0.0
1904-07-18,356.0,244.0,0.0,,0.0
1904-07-19,344.0,194.0,0.0,,0.0
1904-07-20,311.0,200.0,0.0,,0.0
1904-07-21,278.0,117.0,127.0,,0.0
1904-07-22,267.0,133.0,0.0,,0.0
1904-07-23,278.0,111.0,213.0,,0.0
1904-07-24,278.0,111.0,0.0,,0.0
1904-07-25,272.0,89.0,0.0,,0.0
1904-07-26,267.0,111.0,0.0,,0.0
1904-07-27,,,0.0,,0.0
1904-07-28,289.0,106.0,0.0,,0.0
1904-07-29,256.0,156.0,0.0,,0.0
1904-07-30,272.0,167.0,0.0,,0.0
1904-07-31,289.0,161.0,,,0.0
1904-08-01,,,0.0,,0.0
1904-08-02,,,0.0,,0.0
1904-08-03,283.0,67.0,0.0,,0.0
1904-08-04,278.0,89.0,0.0,,0.0
1904-08-05,267.0,111.0,0.0,,0.0
1904-08-06,256.0,89.0,0.0,,0.0
1904-08-07,,,0.0,,0.0
1904-08-08,,,0.0,,0.0
1904-08-09,,,0.0,,0.0
1904-08-10,211.0,100.0,0.0,,0.0
1904-08-11,239.0,89.0,0.0,,0.0
1904-08-12,256.0,67.0,0.0,,0.0
1904-08-13,278.0,161.0,495.0,,0.0
1904-08-14,256.0,100.0,0.0,,0.0
1904-08-15,300.0,150.0,0.0,,0.0
1904-08-16,256.0,133.0,0.0,,0.0
1904-08-17,,,0.0,,0.0
1904-08-18,211.0,94.0,0.0,,0.0
1904-08-19,239.0,133.0,38.0,,0.0
1904-08-20,261.0,150.0,25.0,,0.0
1904-08-21,306.0,183.0,0.0,,0.0
1904-08-22,283.0,89.0,0.0,,0.0
1904-08-23,289.0,72.0,0.0,,0.0
1904-08-24,300.0,178.0,0.0,,0.0
1904-08-25,267.0,72.0,0.0,,0.0
1904-08-26,,,0.0,,0.0
1904-08-27,278.0,100.0,0.0,,0.0
1904-08-28,267.0,106.0,0.0,,0.0
1904-08-29,272.0,100.0,0.0,,0.0
1904-08-30,256.0,89.0,0.0,,0.0
1904-08-31,222.0,22.0,0.0,,0.0
1904-09-01,228.0,144.0,0.0,,0.0
1904-09-02,272.0,111.0,0.0,,0.0
1904-09-03,294.0,122.0,0.0,,0.0
1904-09-04,267.0,111.0,0.0,,0.0
1904-09-05,250.0,100.0,0.0,,0.0
1904-09-06,244.0,122.0,0.0,,0.0
1904-09-07,222.0,50.0,0.0,,0.0
1904-09-08,239.0,128.0,0.0,,0.0
1904-09-09,267.0,100.0,0.0,,0.0
1904-09-10,294.0,89.0,0.0,,0.0
1904-09-11,283.0,128.0,58.0,,0.0
1904-09-12,167.0,67.0,0.0,,0.0
1904-09-13,194.0,22.0,0.0,,0.0
1904-09-14,,,46.0,,0.0
1904-09-15,156.0,89.0,0.0,,0.0
1904-09-16,,,0.0,,0.0
1904-09-17,,,0.0,,0.0
1904-09-18,,,0.0,,0.0
1904-09-19,211.0,72.0,0.0,,0.0
1904-09-20,211.0,44.0,71.0,,0.0
1904-09-21,,,0.0,,0.0
1904-09-22,150.0,-22.0,0.0,,0.0
1904-09-23,,,0.0,,0.0
1904-09-24,233.0,89.0,165.0,,0.0
1904-09-25,,,0.0,,0.0
1904-09-26,183.0,100.0,0.0,,0.0
1904-09-27,183.0,72.0,0.0,,0.0
1904-09-28,206.0,100.0,0.0,,0.0
1904-09-29,256.0,122.0,0.0,,0.0
1904-09-30,233.0,106.0,0.0,,0.0
1904-10-01,211.0,100.0,,,
1904-10-05,128.0,6.0,,,
1904-10-08,106.0,17.0,0.0,,
1904-10-09,217.0,50.0,335.0,,
1904-10-15,,,0.0,,
1904-10-16,178.0,-11.0,0.0,,
1904-10-17,211.0,50.0,0.0,,
1904-10-18,233.0,67.0,0.0,,
1904-10-19,,,0.0,,
1904-10-20,,,0.0,,
1904-10-21,100.0,44.0,0.0,,
1904-10-22,61.0,44.0,0.0,,
1904-10-25,144.0,33.0,0.0,,
1904-10-26,122.0,-39.0,0.0,,
1904-10-27,44.0,-11.0,0.0,,
1904-10-28,44.0,-33.0,0.0,,
1904-10-29,89.0,0.0,0.0,,
1904-10-30,128.0,0.0,0.0,,
1904-10-31,100.0,-67.0,0.0,,
1904-11-01,44.0,-22.0,0.0,,0.0
1904-11-02,183.0,17.0,0.0,,0.0
1904-11-03,122.0,0.0,0.0,,0.0
1904-11-04,89.0,6.0,0.0,,0.0
1904-11-05,89.0,-17.0,0.0,,0.0
1904-11-06,67.0,-11.0,0.0,,0.0
1904-11-07,61.0,-6.0,0.0,,0.0
1904-11-08,50.0,-22.0,0.0,,0.0
1904-11-09,78.0,-33.0,0.0,,0.0
1904-11-10,67.0,-22.0,0.0,,0.0
1904-11-11,56.0,-11.0,0.0,,0.0
1904-11-12,50.0,-6.0,0.0,,0.0
1904-11-13,128.0,-11.0,0.0,,0.0
1904-11-14,100.0,0.0,0.0,,0.0
1904-11-15,183.0,,0.0,,0.0
1904-11-16,122.0,22.0,0.0,,0.0
1904-11-17,89.0,11.0,0.0,,0.0
1904-11-18,156.0,11.0,0.0,,0.0
1904-11-19,178.0,,0.0,,0.0
1904-11-20,144.0,33.0,0.0,,0.0
1904-11-21,133.0,0.0,0.0,,0.0
1904-11-22,144.0,-17.0,0.0,,0.0
1904-11-23,122.0,-22.0,0.0,,0.0
1904-11-24,72.0,-6.0,0.0,,0.0
1904-11-25,17.0,-22.0,0.0,,0.0
1904-11-26,17.0,-67.0,0.0,,0.0
1904-11-27,,-128.0,0.0,,0.0
1904-11-28,-22.0,-111.0,0.0,,0.0
1904-11-29,11.0,-72.0,0.0,,0.0
1904-11-30,6.0,-67.0,0.0,,0.0
1904-12-01,17.0,-67.0,0.0,,0.0
1904-12-02,-17.0,-56.0,0.0,,0.0
1904-12-03,-22.0,-56.0,0.0,,0.0
1904-12-04,-11.0,-67.0,0.0,,0.0
1904-12-05,-22.0,-61.0,0.0,,0.0
1904-12-06,22.0,-111.0,0.0,,0.0
1904-12-07,17.0,-67.0,0.0,,0.0
1904-12-08,-22.0,-61.0,0.0,,0.0
1904-12-09,6.0,-111.0,0.0,,0.0
1904-12-10,-17.0,-122.0,0.0,,0.0
1904-12-11,-28.0,,51.0,,51.0
1904-12-12,-33.0,-78.0,102.0,,102.0
1904-12-13,-56.0,-83.0,25.0,,25.0
1904-12-14,-72.0,-111.0,0.0,,0.0
1904-12-15,-83.0,-117.0,0.0,,0.0
1904-12-16,-78.0,-183.0,0.0,,0.0
1904-12-17,-89.0,-206.0,0.0,,0.0
1904-12-18,-22.0,-150.0,0.0,,0.0
1904-12-19,-22.0,-111.0,102.0,,102.0
1904-12-20,-61.0,-150.0,25.0,,25.0
1904-12-21,-44.0,-117.0,0.0,,0.0
1904-12-22,17.0,,76.0,,0.0
1904-12-23,89.0,-67.0,0.0,,0.0
1904-12-24,-33.0,,0.0,,0.0
1904-12-25,-44.0,-94.0,0.0,,0.0
1904-12-26,11.0,-78.0,0.0,,0.0
1904-12-27,78.0,-89.0,427.0,,0.0
1904-12-28,61.0,-94.0,0.0,,0.0
1904-12-29,-22.0,-72.0,0.0,,0.0
1904-12-30,33.0,-56.0,0.0,,0.0
1904-12-31,61.0,6.0,0.0,,0.0
1905-01-01,50.0,-17.0,0.0,,0.0
1905-01-02,44.0,-67.0,0.0,,0.0
1905-01-03,-39.0,-94.0,0.0,,0.0
1905-01-04,-39.0,-111.0,0.0,,0.0
1905-01-05,-67.0,-94.0,13.0,,13.0
1905-01-06,-28.0,-67.0,13.0,,13.0
1905-01-07,-22.0,-78.0,0.0,,0.0
1905-01-08,-28.0,-94.0,0.0,,0.0
1905-01-09,-39.0,-106.0,0.0,,0.0
1905-01-10,-44.0,-156.0,0.0,,0.0
1905-01-11,-50.0,-150.0,102.0,,102.0
1905-01-12,-11.0,-67.0,76.0,,76.0
1905-01-13,-56.0,-172.0,0.0,,0.0
1905-01-14,-56.0,-150.0,0.0,,0.0
1905-01-15,-78.0,-150.0,0.0,,0.0
1905-01-16,-33.0,-117.0,0.0,,0.0
1905-01-17,0.0,-89.0,0.0,,0.0
1905-01-18,11.0,-67.0,25.0,,25.0
1905-01-19,-6.0,-61.0,0.0,,0.0
1905-01-20,0.0,-56.0,25.0,,25.0
1905-01-21,-11.0,-67.0,0.0,,0.0
1905-01-22,-56.0,-133.0,0.0,,0.0
1905-01-23,-94.0,-206.0,0.0,,0.0
1905-01-24,-94.0,-122.0,25.0,,25.0
1905-01-25,-94.0,-139.0,152.0,,152.0
1905-01-26,-94.0,-189.0,0.0,,0.0
1905-01-27,-67.0,-167.0,0.0,,0.0
1905-01-28,-94.0,-178.0,0.0,,0.0
1905-01-29,-78.0,-244.0,0.0,,0.0
1905-01-30,-83.0,-239.0,0.0,,0.0
1905-01-31,-94.0,-183.0,0.0,,0.0
1905-02-01,-94.0,-150.0,0.0,152.0,0.0
1905-02-02,-122.0,-206.0,0.0,152.0,0.0
1905-02-03,-111.0,-211.0,0.0,152.0,0.0
1905-02-04,-94.0,-272.0,0.0,152.0,0.0
1905-02-05,-100.0,-267.0,0.0,152.0,0.0
1905-02-06,-94.0,-144.0,102.0,254.0,102.0
1905-02-07,-94.0,-172.0,0.0,254.0,0.0
1905-02-08,-67.0,-278.0,0.0,254.0,0.0
1905-02-09,-11.0,-133.0,76.0,330.0,76.0
1905-02-10,-39.0,-122.0,0.0,330.0,0.0
1905-02-11,-56.0,-278.0,0.0,330.0,0.0
1905-02-12,-56.0,-128.0,25.0,356.0,25.0
1905-02-13,-100.0,-256.0,0.0,457.0,0.0
1905-02-14,-122.0,-233.0,102.0,457.0,102.0
1905-02-15,-128.0,-233.0,0.0,457.0,0.0
1905-02-16,-122.0,-233.0,0.0,457.0,0.0
1905-02-17,-22.0,-122.0,51.0,508.0,51.0
1905-02-18,-83.0,-172.0,0.0,508.0,0.0
1905-02-19,0.0,-139.0,0.0,508.0,0.0
1905-02-20,11.0,-72.0,0.0,508.0,0.0
1905-02-21,11.0,-22.0,0.0,381.0,0.0
1905-02-22,17.0,-11.0,0.0,305.0,0.0
1905-02-23,17.0,-22.0,0.0,254.0,0.0
1905-02-24,11.0,-17.0,0.0,254.0,0.0
1905-02-25,33.0,-17.0,25.0,279.0,25.0
1905-02-26,17.0,-67.0,0.0,279.0,0.0
1905-02-27,0.0,-178.0,0.0,279.0,0.0
1905-02-28,-6.0,-67.0,0.0,279.0,0.0
1905-03-01,-11.0,-67.0,0.0,,0.0
1905-03-02,11.0,-217.0,0.0,,0.0
1905-03-03,6.0,-67.0,0.0,,0.0
1905-03-04,28.0,-67.0,0.0,,0.0
1905-03-05,11.0,-133.0,51.0,330.0,51.0
1905-03-06,17.0,-67.0,0.0,279.0,0.0
1905-03-07,11.0,-78.0,25.0,279.0,25.0
1905-03-08,,,0.0,254.0,0.0
1905-03-09,11.0,-22.0,51.0,229.0,51.0
1905-03-10,22.0,-67.0,0.0,178.0,0.0
1905-03-11,-44.0,-128.0,0.0,152.0,0.0
1905-03-12,-22.0,-122.0,0.0,152.0,0.0
1905-03-13,-56.0,-139.0,0.0,152.0,0.0
1905-03-14,-22.0,-133.0,0.0,152.0,0.0
1905-03-15,-17.0,-189.0,0.0,102.0,0.0
1905-03-16,17.0,-67.0,64.0,51.0,0.0
1905-03-17,11.0,-78.0,0.0,51.0,0.0
1905-03-18,72.0,-22.0,368.0,25.0,0.0
1905-03-19,33.0,-67.0,0.0,,0.0
1905-03-20,11.0,-67.0,0.0,0.0,0.0
1905-03-21,22.0,-50.0,0.0,0.0,0.0
1905-03-22,33.0,-6.0,0.0,0.0,0.0
1905-03-23,100.0,0.0,0.0,0.0,0.0
1905-03-24,100.0,33.0,0.0,0.0,0.0
1905-03-25,167.0,-11.0,0.0,0.0,0.0
1905-03-26,106.0,33.0,0.0,,0.0
1905-03-27,183.0,0.0,0.0,0.0,0.0
1905-03-28,217.0,33.0,0.0,0.0,0.0
1905-03-29,200.0,22.0,0.0,0.0,0.0
1905-03-30,150.0,28.0,170.0,0.0,0.0
1905-03-31,167.0,0.0,0.0,0.0,0.0
1905-04-01,106.0,-6.0,0.0,0.0,0.0
1905-04-02,83.0,0.0,0.0,0.0,0.0
1905-04-03,89.0,22.0,38.0,0.0,0.0
1905-04-04,133.0,33.0,0.0,0.0,0.0
1905-04-05,128.0,-11.0,71.0,0.0,0.0
1905-04-06,89.0,0.0,0.0,0.0,0.0
1905-04-07,56.0,-22.0,0.0,0.0,0.0
1905-04-08,89.0,-11.0,0.0,0.0,0.0
1905-04-09,106.0,-22.0,0.0,0.0,0.0
1905-04-10,194.0,11.0,0.0,0.0,0.0
1905-04-11,100.0,-22.0,0.0,0.0,0.0
1905-04-12,139.0,-39.0,0.0,0.0,0.0
1905-04-13,122.0,-22.0,0.0,0.0,0.0
1905-04-14,89.0,-11.0,0.0,0.0,0.0
1905-04-15,50.0,-22.0,0.0,0.0,0.0
1905-04-16,22.0,-28.0,25.0,25.0,25.0
1905-04-17,44.0,-22.0,0.0,0.0,0.0
1905-04-18,17.0,-33.0,0.0,0.0,0.0
1905-04-19,161.0,11.0,0.0,0.0,0.0
1905-04-20,128.0,-22.0,0.0,0.0,0.0
1905-04-21,117.0,-6.0,127.0,127.0,127.0
1905-04-22,111.0,-44.0,0.0,0.0,0.0
1905-04-23,128.0,-11.0,0.0,0.0,0.0
1905-04-24,156.0,-11.0,0.0,0.0,0.0
1905-04-25,183.0,0.0,0.0,0.0,0.0
1905-04-26,200.0,11.0,0.0,0.0,0.0
1905-04-27,250.0,33.0,0.0,0.0,0.0
1905-04-28,183.0,6.0,0.0,0.0,0.0
1905-04-29,194.0,100.0,0.0,0.0,0.0
1905-04-30,172.0,6.0,0.0,0.0,0.0
1905-05-01,128.0,-11.0,0.0,,0.0
1905-05-02,217.0,33.0,0.0,,0.0
1905-05-03,267.0,106.0,38.0,,0.0
1905-05-04,233.0,144.0,292.0,,0.0
1905-05-05,222.0,128.0,0.0,,0.0
1905-05-06,222.0,56.0,0.0,,0.0
1905-05-07,167.0,56.0,0.0,,0.0
1905-05-08,172.0,50.0,0.0,,0.0
1905-05-09,178.0,17.0,0.0,,0.0
1905-05-10,133.0,44.0,0.0,,0.0
1905-05-11,178.0,56.0,38.0,,0.0
1905-05-12,194.0,72.0,0.0,,0.0
1905-05-13,233.0,61.0,0.0,,0.0
1905-05-14,278.0,122.0,191.0,,0.0
1905-05-15,211.0,89.0,0.0,,0.0
1905-05-16,217.0,61.0,38.0,,0.0
1905-05-17,178.0,67.0,445.0,,0.0
1905-05-18,194.0,67.0,0.0,,0.0
1905-05-19,200.0,72.0,0.0,,0.0
1905-05-20,144.0,33.0,0.0,,0.0
1905-05-21,,,0.0,,0.0
1905-05-22,194.0,44.0,56.0,,0.0
1905-05-23,183.0,33.0,0.0,,0.0
1905-05-24,217.0,61.0,130.0,,0.0
1905-05-25,233.0,67.0,267.0,,0.0
1905-05-26,178.0,44.0,114.0,,0.0
1905-05-27,194.0,56.0,0.0,,0.0
1905-05-28,217.0,111.0,0.0,,0.0
1905-05-29,233.0,111.0,165.0,,0.0
1905-05-30,161.0,72.0,0.0,,0.0
1905-05-31,167.0,33.0,0.0,,0.0
1905-07-01,228.0,117.0,38.0,,0.0
1905-07-02,256.0,133.0,0.0,,0.0
1905-07-03,267.0,144.0,0.0,,0.0
1905-07-04,272.0,133.0,53.0,,0.0
1905-07-05,294.0,144.0,46.0,,0.0
1905-07-06,283.0,128.0,318.0,,0.0
1905-07-07,250.0,183.0,46.0,,0.0
1905-07-08,256.0,178.0,33.0,,0.0
1905-07-09,194.0,122.0,69.0,,0.0
1905-07-10,217.0,117.0,56.0,,0.0
1905-07-11,211.0,111.0,74.0,,0.0
1905-07-12,256.0,117.0,208.0,,0.0
1905-07-13,272.0,156.0,0.0,,0.0
1905-07-14,267.0,161.0,97.0,,0.0
1905-07-15,283.0,117.0,0.0,,0.0
1905-07-16,311.0,156.0,0.0,,0.0
1905-07-17,328.0,200.0,0.0,,0.0
1905-07-18,322.0,172.0,89.0,,0.0
1905-07-19,328.0,161.0,0.0,,0.0
1905-07-20,217.0,144.0,0.0,,0.0
1905-07-21,250.0,144.0,0.0,,0.0
1905-07-22,256.0,100.0,0.0,,0.0
1905-07-23,256.0,100.0,0.0,,0.0
1905-07-24,250.0,94.0,0.0,,0.0
1905-07-25,261.0,106.0,0.0,,0.0
1905-07-26,250.0,89.0,0.0,,0.0
1905-07-27,267.0,89.0,0.0,,0.0
1905-07-28,194.0,100.0,84.0,,0.0
1905-07-29,239.0,83.0,25.0,,0.0
1905-07-30,250.0,150.0,0.0,,0.0
1905-07-31,200.0,144.0,0.0,,0.0
1905-08-01,244.0,67.0,0.0,,0.0
1905-08-02,217.0,89.0,0.0,,0.0
1905-08-03,267.0,67.0,0.0,,0.0
1905-08-04,272.0,78.0,0.0,,0.0
1905-08-05,278.0,167.0,0.0,,0.0
1905-08-06,300.0,156.0,53.0,,0.0
1905-08-07,272.0,111.0,0.0,,0.0
1905-08-08,300.0,117.0,0.0,,0.0
1905-08-09,294.0,167.0,0.0,,0.0
1905-08-10,306.0,194.0,0.0,,0.0
1905-08-11,328.0,111.0,0.0,,0.0
1905-08-12,311.0,122.0,25.0,,0.0
1905-08-13,222.0,167.0,0.0,,0.0
1905-08-14,233.0,156.0,25.0,,0.0
1905-08-15,250.0,122.0,0.0,,0.0
1905-08-16,239.0,133.0,0.0,,0.0
1905-08-17,244.0,94.0,0.0,,0.0
1905-08-18,311.0,94.0,0.0,,0.0
1905-08-19,261.0,167.0,394.0,,0.0
1905-08-20,267.0,117.0,0.0,,0.0
1905-08-21,289.0,133.0,0.0,,0.0
1905-08-22,272.0,106.0,0.0,,0.0
1905-08-23,294.0,161.0,0.0,,0.0
1905-08-24,211.0,133.0,0.0,,0.0
1905-08-25,233.0,100.0,0.0,,0.0
1905-08-26,250.0,89.0,0.0,,0.0
1905-08-27,272.0,89.0,0.0,,0.0
1905-08-28,294.0,94.0,30.0,,0.0
1905-08-29,267.0,89.0,0.0,,0.0
1905-08-30,289.0,100.0,0.0,,0.0
1905-08-31,211.0,133.0,0.0,,0.0
1905-09-01,250.0,128.0,0.0,,0.0
1905-09-02,239.0,117.0,0.0,,0.0
1905-09-03,244.0,111.0,13.0,,0.0
1905-09-04,200.0,117.0,114.0,,0.0
1905-09-05,217.0,106.0,0.0,,0.0
1905-09-06,233.0,133.0,0.0,,0.0
1905-09-07,239.0,100.0,0.0,,0.0
1905-09-08,256.0,106.0,0.0,,0.0
1905-09-09,272.0,94.0,0.0,,0.0
1905-09-10,267.0,100.0,0.0,,0.0
1905-09-11,261.0,111.0,0.0,,0.0
1905-09-12,278.0,111.0,25.0,,0.0
1905-09-13,244.0,144.0,0.0,,0.0
1905-09-14,183.0,17.0,0.0,,0.0
1905-09-15,194.0,33.0,0.0,,0.0
1905-09-16,250.0,56.0,0.0,,0.0
1905-09-17,261.0,94.0,244.0,,0.0
1905-09-18,250.0,111.0,0.0,,0.0
1905-09-19,200.0,111.0,0.0,,0.0
1905-09-20,194.0,100.0,0.0,,0.0
1905-09-21,233.0,106.0,0.0,,0.0
1905-09-22,250.0,111.0,0.0,,0.0
1905-09-23,256.0,106.0,0.0,,0.0
1905-09-24,233.0,44.0,0.0,,0.0
1905-09-25,211.0,33.0,0.0,,0.0
1905-09-26,183.0,11.0,0.0,,0.0
1905-09-27,239.0,106.0,0.0,,0.0
1905-09-28,272.0,89.0,0.0,,0.0
1905-09-29,294.0,100.0,0.0,,0.0
1905-09-30,239.0,106.0,0.0,,0.0
1905-10-01,300.0,144.0,0.0,,0.0
1905-10-02,278.0,156.0,38.0,,0.0
1905-10-03,233.0,72.0,0.0,,0.0
1905-10-04,256.0,94.0,0.0,,0.0
1905-10-05,244.0,106.0,0.0,,0.0
1905-10-06,250.0,44.0,0.0,,0.0
1905-10-07,256.0,50.0,0.0,,0.0
1905-10-08,294.0,100.0,0.0,,0.0
1905-10-09,289.0,89.0,0.0,,0.0
1905-10-10,211.0,100.0,25.0,,0.0
1905-10-11,183.0,44.0,0.0,,0.0
1905-10-12,100.0,50.0,0.0,,0.0
1905-10-13,178.0,28.0,0.0,,0.0
1905-10-14,228.0,28.0,0.0,,0.0
1905-10-15,233.0,94.0,0.0,,0.0
1905-10-16,128.0,72.0,0.0,,0.0
1905-10-17,133.0,17.0,188.0,,0.0
1905-10-18,233.0,111.0,267.0,,0.0
1905-10-19,128.0,72.0,64.0,,0.0
1905-10-20,122.0,11.0,0.0,,0.0
1905-10-21,128.0,6.0,0.0,,0.0
1905-10-22,133.0,11.0,0.0,,0.0
1905-10-23,111.0,6.0,0.0,,0.0
1905-10-24,89.0,11.0,0.0,,0.0
1905-10-25,128.0,17.0,0.0,,0.0
1905-10-26,117.0,0.0,0.0,,0.0
1905-10-27,89.0,-22.0,0.0,,0.0
1905-10-28,100.0,-39.0,0.0,,0.0
1905-10-29,67.0,0.0,0.0,,0.0
1905-10-30,78.0,-44.0,0.0,,0.0
1905-10-31,72.0,17.0,0.0,,0.0
1905-11-01,72.0,17.0,0.0,,0.0
1905-11-02,61.0,33.0,0.0,,0.0
1905-11-03,72.0,17.0,51.0,,51.0
1905-11-04,56.0,-39.0,0.0,,0.0
1905-11-05,72.0,-22.0,25.0,,0.0
1905-11-06,56.0,-17.0,0.0,,0.0
1905-11-07,67.0,0.0,0.0,,0.0
1905-11-08,72.0,-6.0,0.0,,0.0
1905-11-09,94.0,0.0,0.0,,0.0
1905-11-10,83.0,22.0,0.0,,0.0
1905-11-11,89.0,33.0,0.0,,0.0
1905-11-12,100.0,17.0,0.0,,0.0
1905-11-13,56.0,-44.0,38.0,,38.0
1905-11-14,17.0,-67.0,0.0,,0.0
1905-11-15,33.0,-78.0,0.0,,0.0
1905-11-16,89.0,-11.0,0.0,,0.0
1905-11-17,100.0,0.0,0.0,,0.0
1905-11-18,67.0,-22.0,0.0,,0.0
1905-11-19,72.0,-11.0,0.0,,0.0
1905-11-20,89.0,-44.0,0.0,,0.0
1905-11-21,72.0,-39.0,0.0,,0.0
1905-11-22,89.0,-6.0,0.0,,0.0
1905-11-23,156.0,22.0,38.0,,0.0
1905-11-24,133.0,0.0,0.0,,0.0
1905-11-25,56.0,0.0,0.0,,0.0
1905-11-26,44.0,0.0,0.0,,0.0
1905-11-27,39.0,-17.0,0.0,,0.0
1905-11-28,133.0,-28.0,102.0,,102.0
1905-11-29,128.0,-50.0,0.0,,0.0
1905-11-30,-28.0,-122.0,0.0,,0.0
1905-12-01,-6.0,-106.0,0.0,0.0,0.0
1905-12-02,111.0,-11.0,76.0,,76.0
1905-12-03,6.0,-56.0,25.0,51.0,25.0
1905-12-04,0.0,-56.0,0.0,51.0,0.0
1905-12-05,-6.0,-61.0,13.0,76.0,13.0
1905-12-06,39.0,-33.0,0.0,25.0,0.0
1905-12-07,72.0,-22.0,0.0,,0.0
1905-12-08,89.0,-11.0,0.0,0.0,0.0
1905-12-09,67.0,-22.0,0.0,0.0,0.0
1905-12-10,0.0,-39.0,0.0,0.0,0.0
1905-12-11,44.0,-11.0,0.0,0.0,0.0
1905-12-12,39.0,-22.0,25.0,25.0,25.0
1905-12-13,-11.0,-67.0,0.0,0.0,0.0
1905-12-14,-22.0,-67.0,0.0,,0.0
1905-12-15,-11.0,-122.0,0.0,,0.0
1905-12-16,-22.0,-122.0,0.0,,0.0
1905-12-17,6.0,-106.0,0.0,,0.0
1905-12-18,17.0,-17.0,0.0,,0.0
1905-12-19,11.0,-6.0,0.0,,0.0
1905-12-20,44.0,-56.0,0.0,,0.0
1905-12-21,33.0,-11.0,102.0,102.0,102.0
1905-12-22,28.0,0.0,0.0,25.0,0.0
1905-12-23,11.0,-67.0,76.0,25.0,76.0
1905-12-24,17.0,-61.0,0.0,25.0,0.0
1905-12-25,-6.0,-67.0,0.0,25.0,0.0
1905-12-26,128.0,-67.0,0.0,0.0,0.0
1905-12-27,72.0,-56.0,0.0,0.0,0.0
1905-12-28,44.0,-22.0,0.0,0.0,0.0
1905-12-29,39.0,-11.0,0.0,0.0,0.0
1905-12-30,56.0,-39.0,0.0,0.0,0.0
1905-12-31,,,0.0,0.0,0.0
1906-01-01,-22.0,-61.0,0.0,0.0,0.0
1906-01-02,-6.0,-44.0,0.0,0.0,0.0
1906-01-03,17.0,-22.0,0.0,0.0,0.0
1906-01-04,44.0,-11.0,13.0,25.0,13.0
1906-01-05,11.0,-28.0,0.0,25.0,0.0
1906-01-06,17.0,-44.0,0.0,25.0,0.0
1906-01-07,0.0,-67.0,0.0,0.0,0.0
1906-01-08,-11.0,-100.0,0.0,0.0,0.0
1906-01-09,-22.0,-111.0,0.0,0.0,0.0
1906-01-10,,,0.0,0.0,0.0
1906-01-11,,,0.0,0.0,0.0
1906-01-12,17.0,-56.0,0.0,0.0,0.0
1906-01-13,22.0,-44.0,0.0,0.0,0.0
1906-01-14,50.0,-56.0,0.0,0.0,0.0
1906-01-15,56.0,0.0,315.0,0.0,0.0
1906-01-16,44.0,-11.0,25.0,25.0,25.0
1906-01-17,-11.0,-56.0,25.0,51.0,25.0
1906-01-18,22.0,-44.0,0.0,25.0,0.0
1906-01-19,6.0,-33.0,152.0,51.0,152.0
1906-01-20,89.0,-39.0,51.0,102.0,51.0
1906-01-21,144.0,-11.0,43.0,0.0,0.0
1906-01-22,100.0,0.0,216.0,0.0,0.0
1906-01-23,11.0,-28.0,0.0,0.0,0.0
1906-01-24,11.0,-83.0,0.0,0.0,0.0
1906-01-25,-6.0,-94.0,0.0,0.0,0.0
1906-01-26,44.0,-67.0,0.0,0.0,0.0
1906-01-27,28.0,-33.0,0.0,0.0,0.0
1906-01-28,17.0,-44.0,0.0,0.0,0.0
1906-01-29,44.0,-67.0,0.0,0.0,0.0
1906-01-30,17.0,-39.0,0.0,0.0,0.0
1906-01-31,33.0,-50.0,0.0,0.0,0.0
1906-02-01,11.0,-122.0,51.0,51.0,51.0
1906-02-02,-22.0,-211.0,0.0,51.0,0.0
1906-02-03,-72.0,-178.0,0.0,51.0,0.0
1906-02-04,-11.0,-78.0,0.0,25.0,0.0
1906-02-05,-72.0,-178.0,0.0,25.0,0.0
1906-02-06,-94.0,-178.0,0.0,25.0,0.0
1906-02-07,-94.0,-178.0,0.0,25.0,0.0
1906-02-08,-94.0,-144.0,0.0,25.0,0.0
1906-02-09,-22.0,-111.0,0.0,25.0,0.0
1906-02-10,-33.0,-122.0,0.0,25.0,0.0
1906-02-11,-22.0,-200.0,0.0,25.0,0.0
1906-02-12,61.0,-50.0,0.0,0.0,0.0
1906-02-13,83.0,-28.0,76.0,76.0,76.0
1906-02-14,50.0,-144.0,102.0,102.0,102.0
1906-02-15,-128.0,-211.0,0.0,102.0,0.0
1906-02-16,-33.0,-206.0,0.0,102.0,0.0
1906-02-17,11.0,-206.0,0.0,76.0,0.0
1906-02-18,11.0,-194.0,0.0,51.0,0.0
1906-02-19,17.0,-50.0,0.0,51.0,0.0
1906-02-20,94.0,-22.0,0.0,0.0,0.0
1906-02-21,83.0,0.0,0.0,0.0,0.0
1906-02-22,22.0,-22.0,0.0,0.0,0.0
1906-02-23,122.0,-22.0,0.0,0.0,0.0
1906-02-24,83.0,-6.0,160.0,0.0,0.0
1906-02-25,67.0,-17.0,51.0,51.0,51.0
1906-02-26,-11.0,-100.0,0.0,51.0,0.0
1906-02-27,-39.0,-111.0,0.0,25.0,0.0
1906-02-28,-28.0,-100.0,0.0,25.0,0.0
1906-03-01,-39.0,-100.0,0.0,25.0,0.0
1906-03-02,11.0,-56.0,0.0,25.0,0.0
1906-03-03,50.0,-22.0,391.0,25.0,0.0
1906-03-04,44.0,-56.0,76.0,76.0,76.0
1906-03-05,0.0,-67.0,0.0,76.0,0.0
1906-03-06,0.0,-122.0,0.0,76.0,0.0
1906-03-07,22.0,-28.0,0.0,25.0,0.0
1906-03-08,39.0,-11.0,0.0,0.0,0.0
1906-03-09,22.0,-6.0,0.0,0.0,0.0
1906-03-10,22.0,-44.0,51.0,51.0,51.0
1906-03-11,6.0,-67.0,0.0,51.0,0.0
1906-03-12,-39.0,-83.0,0.0,51.0,0.0
1906-03-13,-33.0,-94.0,0.0,51.0,0.0
1906-03-14,-56.0,-122.0,0.0,51.0,0.0
1906-03-15,-67.0,-122.0,0.0,51.0,0.0
1906-03-16,-44.0,-128.0,0.0,51.0,0.0
1906-03-17,-33.0,-156.0,0.0,51.0,0.0
1906-03-18,22.0,-150.0,0.0,25.0,0.0
1906-03-19,-11.0,-56.0,25.0,51.0,25.0
1906-03-20,-6.0,-94.0,0.0,51.0,0.0
1906-03-21,22.0,-67.0,25.0,76.0,25.0
1906-03-22,-33.0,-150.0,0.0,76.0,0.0
1906-03-23,-94.0,-150.0,0.0,,0.0
1906-03-24,-67.0,-178.0,0.0,51.0,0.0
1906-03-25,17.0,-133.0,0.0,25.0,0.0
1906-03-26,78.0,-11.0,287.0,0.0,0.0
1906-03-27,94.0,-6.0,0.0,0.0,0.0
1906-03-28,50.0,-44.0,0.0,0.0,0.0
1906-03-29,78.0,-50.0,0.0,0.0,0.0
1906-03-30,56.0,-50.0,0.0,0.0,0.0
1906-03-31,28.0,-44.0,0.0,0.0,0.0
1906-04-01,117.0,-39.0,0.0,0.0,0.0
1906-04-02,139.0,-17.0,0.0,0.0,0.0
1906-04-03,150.0,-17.0,0.0,0.0,0.0
1906-04-04,117.0,-11.0,0.0,0.0,0.0
1906-04-05,11.0,-17.0,51.0,51.0,51.0
1906-04-06,50.0,-11.0,0.0,0.0,0.0
1906-04-07,133.0,-17.0,0.0,0.0,0.0
1906-04-08,89.0,-11.0,0.0,0.0,0.0
1906-04-09,144.0,33.0,0.0,,0.0
1906-04-10,122.0,17.0,203.0,0.0,0.0
1906-04-11,150.0,17.0,0.0,0.0,0.0
1906-04-12,144.0,11.0,0.0,0.0,0.0
1906-04-13,183.0,22.0,0.0,0.0,0.0
1906-04-14,194.0,72.0,411.0,0.0,0.0
1906-04-15,100.0,28.0,0.0,0.0,0.0
1906-04-16,122.0,-22.0,0.0,0.0,0.0
1906-04-17,128.0,17.0,0.0,0.0,0.0
1906-04-18,200.0,72.0,0.0,0.0,0.0
1906-04-19,183.0,28.0,0.0,0.0,0.0
1906-04-20,233.0,44.0,0.0,0.0,0.0
1906-04-21,167.0,50.0,0.0,0.0,0.0
1906-04-22,206.0,28.0,20.0,0.0,0.0
1906-04-23,89.0,-6.0,0.0,0.0,0.0
1906-04-24,156.0,-11.0,0.0,0.0,0.0
1906-04-25,156.0,17.0,0.0,0.0,0.0
1906-04-26,183.0,-11.0,0.0,0.0,0.0
1906-04-27,128.0,0.0,0.0,0.0,0.0
1906-04-28,111.0,6.0,25.0,0.0,0.0
1906-04-29,144.0,17.0,0.0,0.0,0.0
1906-04-30,183.0,28.0,0.0,0.0,0.0
1906-05-01,133.0,28.0,13.0,0.0,0.0
1906-05-02,222.0,67.0,76.0,0.0,0.0
1906-05-03,200.0,44.0,0.0,0.0,0.0
1906-05-04,172.0,22.0,0.0,0.0,0.0
1906-05-05,128.0,0.0,0.0,0.0,0.0
1906-05-06,178.0,44.0,0.0,0.0,0.0
1906-05-07,89.0,17.0,0.0,0.0,0.0
1906-05-08,72.0,0.0,203.0,0.0,0.0
1906-05-09,78.0,-6.0,0.0,0.0,0.0
1906-05-10,133.0,-22.0,0.0,0.0,0.0
1906-05-11,161.0,11.0,0.0,0.0,0.0
1906-05-12,156.0,72.0,0.0,0.0,0.0
1906-05-13,250.0,72.0,224.0,0.0,0.0
1906-05-14,161.0,33.0,0.0,0.0,0.0
1906-05-15,278.0,33.0,0.0,0.0,0.0
1906-05-16,289.0,133.0,0.0,0.0,0.0
1906-05-17,294.0,172.0,0.0,0.0,0.0
1906-05-18,256.0,172.0,0.0,0.0,0.0
1906-05-19,183.0,33.0,0.0,0.0,0.0
1906-05-20,161.0,22.0,0.0,0.0,0.0
1906-05-21,289.0,89.0,0.0,0.0,0.0
1906-05-22,267.0,44.0,0.0,0.0,0.0
1906-05-23,289.0,72.0,0.0,0.0,0.0
1906-05-24,244.0,89.0,368.0,0.0,0.0
1906-05-25,217.0,56.0,0.0,0.0,0.0
1906-05-26,72.0,33.0,86.0,0.0,0.0
1906-05-27,122.0,33.0,0.0,0.0,0.0
1906-05-28,156.0,22.0,0.0,0.0,0.0
1906-05-29,150.0,39.0,0.0,0.0,0.0
1906-05-30,161.0,56.0,0.0,0.0,0.0
1906-05-31,267.0,44.0,0.0,0.0,0.0
1906-06-01,211.0,44.0,0.0,0.0,0.0
1906-06-02,228.0,83.0,0.0,0.0,0.0
1906-06-03,233.0,94.0,0.0,0.0,0.0
1906-06-04,267.0,117.0,0.0,0.0,0.0
1906-06-05,261.0,94.0,0.0,0.0,0.0
1906-06-06,294.0,172.0,0.0,0.0,0.0
1906-06-07,261.0,167.0,178.0,0.0,0.0
1906-06-08,283.0,200.0,0.0,0.0,0.0
1906-06-09,289.0,161.0,0.0,0.0,0.0
1906-06-10,244.0,117.0,0.0,0.0,0.0
1906-06-11,139.0,50.0,0.0,0.0,0.0
1906-06-12,161.0,17.0,0.0,,0.0
1906-06-13,222.0,39.0,0.0,0.0,0.0
1906-06-14,267.0,106.0,0.0,0.0,0.0
1906-06-15,267.0,156.0,0.0,0.0,0.0
1906-06-16,256.0,122.0,0.0,0.0,0.0
1906-06-17,206.0,128.0,0.0,0.0,0.0
1906-06-18,256.0,128.0,0.0,0.0,0.0
1906-06-19,244.0,122.0,0.0,0.0,0.0
1906-06-20,267.0,172.0,0.0,0.0,0.0
1906-06-21,217.0,117.0,0.0,0.0,0.0
1906-06-22,222.0,117.0,239.0,0.0,0.0
1906-06-23,194.0,111.0,0.0,0.0,0.0
1906-06-24,261.0,89.0,0.0,0.0,0.0
1906-06-25,267.0,100.0,0.0,0.0,0.0
1906-06-26,283.0,122.0,0.0,0.0,0.0
1906-06-27,294.0,133.0,0.0,0.0,0.0
1906-06-28,306.0,139.0,64.0,0.0,0.0
1906-06-29,328.0,211.0,0.0,0.0,0.0
1906-06-30,294.0,133.0,89.0,0.0,0.0
1906-07-01,267.0,161.0,0.0,0.0,0.0
1906-07-02,250.0,156.0,0.0,0.0,0.0
1906-07-03,250.0,161.0,0.0,0.0,0.0
1906-07-04,222.0,106.0,0.0,0.0,0.0
1906-07-05,228.0,72.0,0.0,0.0,0.0
1906-07-06,233.0,72.0,0.0,0.0,0.0
1906-07-07,267.0,128.0,0.0,0.0,0.0
1906-07-08,311.0,139.0,102.0,0.0,0.0
1906-07-09,283.0,117.0,0.0,0.0,0.0
1906-07-10,272.0,122.0,0.0,0.0,0.0
1906-07-11,267.0,100.0,0.0,0.0,0.0
1906-07-12,278.0,100.0,0.0,0.0,0.0
1906-07-13,289.0,94.0,0.0,0.0,0.0
1906-07-14,311.0,100.0,0.0,0.0,0.0
1906-07-15,256.0,94.0,71.0,0.0,0.0
1906-07-16,256.0,117.0,0.0,0.0,0.0
1906-07-17,233.0,100.0,0.0,0.0,0.0
1906-07-18,267.0,111.0,0.0,0.0,0.0
1906-07-19,289.0,150.0,0.0,0.0,0.0
1906-07-20,283.0,183.0,0.0,0.0,0.0
1906-07-21,322.0,156.0,0.0,0.0,0.0
1906-07-22,283.0,144.0,0.0,0.0,0.0
1906-07-23,228.0,133.0,0.0,0.0,0.0
1906-07-24,272.0,72.0,0.0,0.0,0.0
1906-07-25,300.0,100.0,0.0,0.0,0.0
1906-07-26,311.0,144.0,0.0,0.0,0.0
1906-07-27,294.0,128.0,0.0,0.0,0.0
1906-07-28,306.0,133.0,0.0,0.0,0.0
1906-07-29,222.0,156.0,183.0,0.0,0.0
1906-07-30,283.0,161.0,0.0,0.0,0.0
1906-07-31,256.0,111.0,0.0,0.0,0.0
1906-08-01,267.0,94.0,0.0,0.0,0.0
1906-08-02,311.0,139.0,0.0,0.0,0.0
1906-08-03,333.0,156.0,0.0,0.0,0.0
1906-08-04,339.0,211.0,0.0,0.0,0.0
1906-08-05,333.0,178.0,0.0,0.0,0.0
1906-08-06,267.0,156.0,122.0,0.0,0.0
1906-08-07,267.0,156.0,0.0,0.0,0.0
1906-08-08,289.0,167.0,0.0,0.0,0.0
1906-08-09,272.0,178.0,0.0,0.0,0.0
1906-08-10,283.0,189.0,0.0,0.0,0.0
1906-08-11,289.0,161.0,0.0,0.0,0.0
1906-08-12,267.0,133.0,0.0,0.0,0.0
1906-08-13,256.0,72.0,0.0,0.0,0.0
1906-08-14,294.0,100.0,0.0,0.0,0.0
1906-08-15,294.0,150.0,0.0,0.0,0.0
1906-08-16,311.0,156.0,0.0,0.0,0.0
1906-08-17,317.0,194.0,0.0,0.0,0.0
1906-08-18,294.0,178.0,0.0,0.0,0.0
1906-08-19,311.0,206.0,0.0,0.0,0.0
1906-08-20,311.0,211.0,38.0,0.0,0.0
1906-08-21,339.0,222.0,234.0,0.0,0.0
1906-08-22,333.0,194.0,0.0,0.0,0.0
1906-08-23,278.0,156.0,0.0,0.0,0.0
1906-08-24,306.0,161.0,0.0,0.0,0.0
1906-08-25,317.0,200.0,0.0,0.0,0.0
1906-08-26,311.0,194.0,0.0,0.0,0.0
1906-08-27,333.0,128.0,198.0,0.0,0.0
1906-08-28,239.0,72.0,0.0,0.0,0.0
1906-08-29,267.0,89.0,0.0,0.0,0.0
1906-08-30,278.0,72.0,0.0,0.0,0.0
1906-08-31,222.0,89.0,0.0,0.0,0.0
1906-09-01,228.0,33.0,0.0,0.0,0.0
1906-09-02,317.0,161.0,0.0,0.0,0.0
1906-09-03,239.0,139.0,0.0,0.0,0.0
1906-09-04,244.0,89.0,0.0,0.0,0.0
1906-09-05,256.0,100.0,0.0,0.0,0.0
1906-09-06,294.0,72.0,0.0,0.0,0.0
1906-09-07,306.0,111.0,0.0,0.0,0.0
1906-09-08,322.0,144.0,0.0,0.0,0.0
1906-09-09,328.0,156.0,0.0,0.0,0.0
1906-09-10,328.0,144.0,0.0,0.0,0.0
1906-09-11,333.0,144.0,0.0,0.0,0.0
1906-09-12,333.0,167.0,0.0,0.0,0.0
1906-09-13,250.0,156.0,0.0,0.0,0.0
1906-09-14,183.0,67.0,0.0,0.0,0.0
1906-09-15,228.0,44.0,0.0,0.0,0.0
1906-09-16,339.0,144.0,0.0,0.0,0.0
1906-09-17,306.0,144.0,0.0,0.0,0.0
1906-09-18,317.0,156.0,0.0,0.0,0.0
1906-09-19,272.0,161.0,0.0,0.0,0.0
1906-09-20,222.0,167.0,89.0,0.0,0.0
1906-09-21,250.0,150.0,0.0,0.0,0.0
1906-09-22,256.0,122.0,0.0,0.0,0.0
1906-09-23,244.0,100.0,0.0,0.0,0.0
1906-09-24,250.0,44.0,0.0,0.0,0.0
1906-09-25,261.0,167.0,0.0,0.0,0.0
1906-09-26,256.0,144.0,0.0,0.0,0.0
1906-09-27,261.0,100.0,0.0,0.0,0.0
1906-09-28,283.0,50.0,0.0,0.0,0.0
1906-09-29,211.0,100.0,368.0,0.0,0.0
1906-09-30,200.0,44.0,0.0,0.0,0.0
1906-10-01,211.0,-6.0,0.0,0.0,0.0
1906-10-02,200.0,33.0,0.0,0.0,0.0
1906-10-03,239.0,56.0,0.0,0.0,0.0
1906-10-04,194.0,128.0,229.0,0.0,0.0
1906-10-05,200.0,133.0,0.0,0.0,0.0
1906-10-06,144.0,122.0,33.0,0.0,0.0
1906-10-07,139.0,39.0,0.0,0.0,0.0
1906-10-08,206.0,33.0,0.0,0.0,0.0
1906-10-09,200.0,39.0,114.0,0.0,0.0
1906-10-10,44.0,0.0,0.0,0.0,0.0
1906-10-11,56.0,-11.0,0.0,0.0,0.0
1906-10-12,89.0,-28.0,0.0,0.0,0.0
1906-10-13,194.0,33.0,0.0,0.0,0.0
1906-10-14,233.0,44.0,0.0,0.0,0.0
1906-10-15,194.0,89.0,0.0,0.0,0.0
1906-10-16,244.0,78.0,0.0,0.0,0.0
1906-10-17,228.0,89.0,0.0,0.0,0.0
1906-10-18,217.0,111.0,38.0,0.0,0.0
1906-10-19,200.0,89.0,0.0,0.0,0.0
1906-10-20,178.0,72.0,0.0,0.0,0.0
1906-10-21,178.0,56.0,0.0,0.0,0.0
1906-10-22,178.0,33.0,0.0,0.0,0.0
1906-10-23,156.0,33.0,0.0,0.0,0.0
1906-10-24,178.0,44.0,114.0,0.0,0.0
1906-10-25,183.0,44.0,0.0,0.0,0.0
1906-10-26,172.0,44.0,267.0,0.0,0.0
1906-10-27,156.0,56.0,23.0,0.0,0.0
1906-10-28,56.0,-33.0,0.0,,0.0
1906-10-29,28.0,-22.0,76.0,76.0,76.0
1906-10-30,11.0,-17.0,51.0,51.0,51.0
1906-10-31,17.0,-22.0,0.0,0.0,0.0
1906-11-01,106.0,-44.0,0.0,0.0,0.0
1906-11-02,72.0,-56.0,0.0,0.0,0.0
1906-11-03,106.0,17.0,0.0,0.0,0.0
1906-11-04,100.0,44.0,0.0,0.0,0.0
1906-11-05,72.0,-22.0,0.0,0.0,0.0
1906-11-06,128.0,-33.0,0.0,0.0,0.0
1906-11-07,117.0,17.0,0.0,0.0,0.0
1906-11-08,106.0,17.0,0.0,0.0,0.0
1906-11-09,111.0,17.0,0.0,0.0,0.0
1906-11-10,100.0,22.0,0.0,0.0,0.0
1906-11-11,50.0,-11.0,,51.0,51.0
1906-11-12,17.0,-17.0,,76.0,25.0
1906-11-13,22.0,-39.0,,76.0,0.0
1906-11-14,33.0,-94.0,,51.0,0.0
1906-11-15,11.0,-39.0,0.0,25.0,0.0
1906-11-16,,,,,0.0
1906-11-17,83.0,-33.0,114.0,0.0,0.0
1906-11-18,106.0,33.0,0.0,0.0,0.0
1906-11-19,56.0,-11.0,0.0,0.0,0.0
1906-11-20,33.0,-22.0,0.0,0.0,0.0
1906-11-21,106.0,22.0,249.0,0.0,0.0
1906-11-22,106.0,11.0,0.0,0.0,0.0
1906-11-23,56.0,-6.0,0.0,0.0,0.0
1906-11-24,39.0,-39.0,0.0,0.0,0.0
1906-11-25,61.0,0.0,0.0,0.0,0.0
1906-11-26,106.0,17.0,249.0,0.0,0.0
1906-11-27,50.0,-11.0,0.0,0.0,0.0
1906-11-28,44.0,0.0,0.0,0.0,0.0
1906-11-29,44.0,11.0,0.0,0.0,0.0
1906-11-30,44.0,-22.0,0.0,0.0,0.0
1906-12-01,44.0,-67.0,0.0,0.0,0.0
1906-12-02,39.0,-100.0,0.0,,0.0
1906-12-03,44.0,-89.0,102.0,102.0,102.0
1906-12-04,0.0,-150.0,0.0,102.0,0.0
1906-12-05,33.0,-44.0,25.0,127.0,25.0
1906-12-06,6.0,-78.0,0.0,127.0,0.0
1906-12-07,28.0,-167.0,0.0,127.0,0.0
1906-12-08,17.0,-183.0,25.0,152.0,25.0
1906-12-09,-17.0,-56.0,0.0,127.0,0.0
1906-12-10,17.0,-28.0,0.0,102.0,0.0
1906-12-11,-11.0,-78.0,0.0,102.0,0.0
1906-12-12,22.0,-94.0,0.0,76.0,0.0
1906-12-13,22.0,-11.0,0.0,25.0,0.0
1906-12-14,22.0,-11.0,0.0,25.0,0.0
1906-12-15,50.0,-44.0,0.0,25.0,0.0
1906-12-16,44.0,-56.0,0.0,25.0,0.0
1906-12-17,-6.0,-61.0,0.0,25.0,0.0
1906-12-18,-39.0,-122.0,0.0,25.0,0.0
1906-12-19,-22.0,-139.0,0.0,25.0,0.0
1906-12-20,-6.0,-106.0,0.0,25.0,0.0
1906-12-21,-22.0,-100.0,0.0,25.0,0.0
1906-12-22,-11.0,-89.0,0.0,25.0,0.0
1906-12-23,-17.0,-94.0,0.0,25.0,0.0
1906-12-24,-39.0,-111.0,0.0,25.0,0.0
1906-12-25,-56.0,-94.0,0.0,25.0,0.0
1906-12-26,17.0,-94.0,0.0,25.0,0.0
1906-12-27,0.0,-78.0,0.0,25.0,0.0
1906-12-28,17.0,-94.0,0.0,25.0,0.0
1906-12-29,17.0,-89.0,0.0,25.0,0.0
1906-12-30,72.0,0.0,0.0,0.0,0.0
1906-12-31,83.0,6.0,0.0,0.0,0.0
1907-01-01,17.0,-17.0,99.0,0.0,0.0
1907-01-02,17.0,-22.0,0.0,0.0,0.0
1907-01-03,39.0,0.0,0.0,0.0,0.0
1907-01-04,33.0,-6.0,0.0,0.0,0.0
1907-01-05,56.0,-11.0,0.0,0.0,0.0
1907-01-06,56.0,-22.0,0.0,0.0,0.0
1907-01-07,44.0,-17.0,206.0,0.0,0.0
1907-01-08,17.0,0.0,0.0,0.0,0.0
1907-01-09,11.0,-94.0,0.0,0.0,0.0
1907-01-10,-11.0,-106.0,0.0,0.0,0.0
1907-01-11,-22.0,-94.0,0.0,0.0,0.0
1907-01-12,0.0,-67.0,102.0,102.0,102.0
1907-01-13,0.0,-117.0,0.0,102.0,0.0
1907-01-14,6.0,-22.0,0.0,76.0,0.0
1907-01-15,11.0,-94.0,0.0,76.0,0.0
1907-01-16,-39.0,-117.0,0.0,76.0,0.0
1907-01-17,-33.0,-78.0,0.0,76.0,0.0
1907-01-18,17.0,-39.0,0.0,51.0,0.0
1907-01-19,72.0,-11.0,97.0,0.0,0.0
1907-01-20,56.0,-94.0,0.0,0.0,0.0
1907-01-21,-89.0,-133.0,0.0,0.0,0.0
1907-01-22,-94.0,-133.0,51.0,51.0,51.0
1907-01-23,-100.0,-200.0,0.0,51.0,0.0
1907-01-24,-122.0,-200.0,0.0,51.0,0.0
1907-01-25,-122.0,-200.0,0.0,51.0,0.0
1907-01-26,-78.0,-206.0,0.0,51.0,0.0
1907-01-27,-78.0,-156.0,0.0,51.0,0.0
1907-01-28,-67.0,-133.0,0.0,51.0,0.0
1907-01-29,-89.0,-122.0,0.0,25.0,0.0
1907-01-30,-94.0,-217.0,0.0,25.0,0.0
1907-01-31,-61.0,-217.0,51.0,76.0,51.0
1907-02-01,0.0,-150.0,0.0,76.0,0.0
1907-02-02,17.0,-122.0,0.0,51.0,0.0
1907-02-03,-106.0,-178.0,0.0,51.0,0.0
1907-02-04,-78.0,-239.0,0.0,51.0,0.0
1907-02-05,-89.0,-200.0,51.0,102.0,51.0
1907-02-06,-78.0,-206.0,0.0,102.0,0.0
1907-02-07,-78.0,-206.0,0.0,102.0,0.0
1907-02-08,-44.0,-156.0,0.0,102.0,0.0
1907-02-09,0.0,-111.0,0.0,102.0,0.0
1907-02-10,6.0,-133.0,0.0,102.0,0.0
1907-02-11,-56.0,-178.0,0.0,102.0,0.0
1907-02-12,-94.0,-228.0,0.0,102.0,0.0
1907-02-13,44.0,-100.0,0.0,76.0,0.0
1907-02-14,33.0,-122.0,0.0,76.0,0.0
1907-02-15,39.0,-150.0,0.0,51.0,0.0
1907-02-16,17.0,-150.0,0.0,51.0,0.0
1907-02-17,-11.0,-150.0,0.0,51.0,0.0
1907-02-18,33.0,-89.0,0.0,25.0,0.0
1907-02-19,22.0,-94.0,0.0,25.0,0.0
1907-02-20,0.0,-111.0,25.0,51.0,25.0
1907-02-21,17.0,-200.0,0.0,51.0,0.0
1907-02-22,-94.0,-233.0,0.0,51.0,0.0
1907-02-23,-78.0,-233.0,0.0,51.0,0.0
1907-02-24,-67.0,-206.0,0.0,51.0,0.0
1907-02-25,-22.0,-178.0,0.0,51.0,0.0
1907-02-26,-6.0,-150.0,0.0,51.0,0.0
1907-02-27,-44.0,-161.0,0.0,51.0,0.0
1907-02-28,-22.0,-106.0,0.0,51.0,0.0
1907-03-01,17.0,-94.0,0.0,51.0,0.0
1907-03-02,44.0,-67.0,211.0,25.0,
1907-03-03,-17.0,-106.0,0.0,25.0,0.0
1907-03-04,-11.0,-133.0,0.0,25.0,0.0
1907-03-05,-6.0,-94.0,0.0,25.0,0.0
1907-03-06,-33.0,-89.0,0.0,25.0,0.0
1907-03-07,-11.0,-111.0,0.0,25.0,0.0
1907-03-08,17.0,-117.0,0.0,25.0,0.0
1907-03-09,6.0,-133.0,0.0,0.0,0.0
1907-03-10,33.0,-94.0,0.0,0.0,0.0
1907-03-11,72.0,-83.0,0.0,0.0,0.0
1907-03-12,33.0,-17.0,48.0,0.0,0.0
1907-03-13,39.0,-11.0,0.0,0.0,0.0
1907-03-14,22.0,-22.0,25.0,25.0,25.0
1907-03-15,50.0,-17.0,0.0,0.0,0.0
1907-03-16,144.0,-22.0,0.0,0.0,0.0
1907-03-17,39.0,-39.0,0.0,0.0,0.0
1907-03-18,39.0,-61.0,152.0,0.0,0.0
1907-03-19,33.0,-56.0,0.0,0.0,0.0
1907-03-20,72.0,-67.0,0.0,0.0,
1907-03-21,100.0,-44.0,0.0,0.0,0.0
1907-03-22,,,0.0,0.0,0.0
1907-03-23,172.0,44.0,0.0,0.0,0.0
1907-03-24,117.0,17.0,292.0,0.0,0.0
1907-03-25,89.0,28.0,0.0,0.0,0.0
1907-03-26,183.0,28.0,0.0,0.0,0.0
1907-03-27,200.0,56.0,0.0,0.0,0.0
1907-03-28,183.0,33.0,0.0,0.0,0.0
1907-03-29,206.0,6.0,0.0,0.0,0.0
1907-03-30,200.0,0.0,0.0,0.0,0.0
1907-03-31,156.0,-33.0,0.0,0.0,0.0
1907-04-01,6.0,-78.0,0.0,0.0,0.0
1907-04-02,39.0,-67.0,0.0,0.0,0.0
1907-04-03,100.0,-17.0,0.0,0.0,0.0
1907-04-04,83.0,6.0,0.0,0.0,0.0
1907-04-05,22.0,-56.0,0.0,0.0,0.0
1907-04-06,33.0,-44.0,0.0,0.0,0.0
1907-04-07,28.0,-22.0,0.0,0.0,0.0
1907-04-08,50.0,0.0,86.0,0.0,0.0
1907-04-09,33.0,-11.0,0.0,0.0,0.0
1907-04-10,44.0,-22.0,0.0,0.0,0.0
1907-04-11,72.0,-39.0,0.0,0.0,0.0
1907-04-12,78.0,6.0,0.0,0.0,0.0
1907-04-13,83.0,-11.0,0.0,0.0,0.0
1907-04-14,33.0,-56.0,0.0,0.0,0.0
1907-04-15,44.0,-11.0,0.0,0.0,0.0
1907-04-16,22.0,-22.0,38.0,0.0,0.0
1907-04-17,44.0,-67.0,0.0,0.0,0.0
1907-04-18,22.0,-33.0,0.0,0.0,0.0
1907-04-19,83.0,-28.0,0.0,0.0,0.0
1907-04-20,133.0,-22.0,0.0,0.0,
1907-04-21,144.0,-11.0,0.0,0.0,0.0
1907-04-22,178.0,-28.0,0.0,0.0,0.0
1907-04-23,206.0,6.0,102.0,0.0,
1907-04-24,178.0,-17.0,0.0,0.0,0.0
1907-04-25,144.0,-28.0,0.0,0.0,0.0
1907-04-26,72.0,-39.0,0.0,0.0,0.0
1907-04-27,133.0,0.0,0.0,0.0,0.0
1907-04-28,144.0,0.0,58.0,0.0,0.0
1907-04-29,156.0,11.0,25.0,0.0,0.0
1907-04-30,39.0,-11.0,64.0,,152.0
1907-05-01,33.0,-67.0,0.0,0.0,0.0
1907-05-02,133.0,-11.0,0.0,,0.0
1907-05-03,128.0,6.0,25.0,,25.0
1907-05-04,111.0,-67.0,25.0,0.0,25.0
1907-05-05,78.0,-11.0,0.0,0.0,0.0
1907-05-06,133.0,28.0,0.0,0.0,0.0
1907-05-07,144.0,17.0,0.0,0.0,0.0
1907-05-08,133.0,0.0,0.0,0.0,0.0
1907-05-09,211.0,6.0,0.0,0.0,0.0
1907-05-10,56.0,0.0,0.0,0.0,0.0
1907-05-11,72.0,-17.0,0.0,0.0,0.0
1907-05-12,89.0,0.0,0.0,0.0,0.0
1907-05-13,222.0,33.0,0.0,0.0,0.0
1907-05-14,283.0,61.0,0.0,0.0,0.0
1907-05-15,206.0,61.0,0.0,0.0,0.0
1907-05-16,194.0,44.0,0.0,0.0,0.0
1907-05-17,200.0,56.0,0.0,0.0,0.0
1907-05-18,200.0,56.0,0.0,0.0,0.0
1907-05-19,178.0,39.0,0.0,0.0,0.0
1907-05-20,200.0,56.0,0.0,0.0,0.0
1907-05-21,83.0,6.0,0.0,0.0,0.0
1907-05-22,128.0,0.0,0.0,0.0,0.0
1907-05-23,144.0,44.0,0.0,0.0,0.0
1907-05-24,144.0,17.0,0.0,0.0,0.0
1907-05-25,139.0,22.0,43.0,0.0,0.0
1907-05-26,172.0,72.0,25.0,0.0,0.0
1907-05-27,156.0,0.0,114.0,0.0,0.0
1907-05-28,144.0,17.0,0.0,0.0,0.0
1907-05-29,156.0,11.0,0.0,0.0,0.0
1907-05-30,172.0,17.0,0.0,0.0,0.0
1907-05-31,183.0,17.0,0.0,0.0,0.0
1907-06-01,183.0,33.0,0.0,0.0,0.0
1907-06-02,,,0.0,,0.0
1907-06-03,,,0.0,,0.0
1907-06-04,222.0,44.0,43.0,0.0,0.0
1907-06-05,194.0,39.0,69.0,0.0,0.0
1907-06-06,194.0,67.0,0.0,0.0,0.0
1907-06-07,239.0,72.0,0.0,0.0,0.0
1907-06-08,244.0,33.0,0.0,0.0,0.0
1907-06-09,250.0,44.0,0.0,0.0,0.0
1907-06-10,167.0,100.0,53.0,0.0,0.0
1907-06-11,194.0,94.0,0.0,0.0,0.0
1907-06-12,156.0,56.0,0.0,0.0,0.0
1907-06-13,183.0,72.0,0.0,0.0,0.0
1907-06-14,278.0,56.0,0.0,0.0,0.0
1907-06-15,300.0,89.0,0.0,0.0,0.0
1907-06-16,328.0,156.0,0.0,0.0,0.0
1907-06-17,239.0,106.0,0.0,0.0,0.0
1907-06-18,322.0,128.0,43.0,0.0,0.0
1907-06-19,211.0,100.0,13.0,0.0,0.0
1907-06-20,278.0,89.0,0.0,0.0,0.0
1907-06-21,328.0,167.0,0.0,0.0,0.0
1907-06-22,294.0,178.0,216.0,0.0,0.0
1907-06-23,311.0,172.0,241.0,0.0,0.0
1907-06-24,306.0,144.0,0.0,0.0,0.0
1907-06-25,300.0,156.0,0.0,0.0,0.0
1907-06-26,289.0,117.0,0.0,0.0,0.0
1907-06-27,300.0,89.0,0.0,0.0,0.0
1907-06-28,289.0,67.0,0.0,0.0,0.0
1907-06-29,300.0,56.0,0.0,0.0,0.0
1907-06-30,300.0,128.0,0.0,0.0,0.0
1907-07-01,294.0,167.0,0.0,0.0,0.0
1907-07-02,183.0,56.0,0.0,0.0,0.0
1907-07-03,,,,0.0,0.0
1907-07-04,256.0,128.0,0.0,0.0,0.0
1907-07-05,267.0,167.0,0.0,0.0,0.0
1907-07-06,300.0,150.0,0.0,0.0,0.0
1907-07-07,306.0,161.0,0.0,0.0,0.0
1907-07-08,289.0,183.0,0.0,0.0,0.0
1907-07-09,300.0,156.0,0.0,0.0,0.0
1907-07-10,272.0,111.0,0.0,0.0,0.0
1907-07-11,267.0,144.0,,,0.0
1907-07-12,228.0,111.0,0.0,0.0,0.0
1907-07-13,272.0,122.0,0.0,0.0,0.0
1907-07-14,289.0,139.0,0.0,0.0,0.0
1907-07-15,294.0,150.0,0.0,0.0,0.0
1907-07-16,289.0,178.0,0.0,0.0,0.0
1907-07-17,294.0,128.0,0.0,0.0,0.0
1907-07-18,,,,,0.0
1907-07-19,278.0,117.0,,,0.0
1907-07-20,289.0,133.0,,,0.0
1907-07-21,,,,,0.0
1907-07-22,,,,,0.0
1907-07-23,,,,,0.0
1907-07-24,306.0,117.0,25.0,0.0,0.0
1907-07-25,300.0,106.0,0.0,0.0,0.0
1907-07-26,,,315.0,,0.0
1907-07-27,250.0,89.0,,0.0,0.0
1907-07-28,256.0,139.0,0.0,0.0,0.0
1907-07-29,256.0,139.0,,,0.0
1907-07-30,289.0,117.0,,,0.0
1907-07-31,267.0,133.0,0.0,0.0,0.0
1907-08-01,289.0,111.0,25.0,0.0,0.0
1907-08-02,,,0.0,,
1907-08-03,289.0,89.0,0.0,0.0,0.0
1907-08-04,,,0.0,,
1907-08-05,200.0,100.0,0.0,0.0,0.0
1907-08-06,289.0,144.0,0.0,0.0,0.0
1907-08-07,289.0,139.0,0.0,,
1907-08-08,,,0.0,,
1907-08-09,,,0.0,,
1907-08-10,300.0,89.0,0.0,,
1907-08-11,344.0,144.0,0.0,,
1907-08-12,306.0,144.0,0.0,,
1907-08-13,,,0.0,,
1907-08-14,,,0.0,,
1907-08-15,,,0.0,,
1907-08-16,,,0.0,,
1907-08-17,,,0.0,,
1907-08-18,,,0.0,,
1907-08-19,,,0.0,,
1907-08-20,267.0,100.0,0.0,,
1907-08-21,294.0,50.0,0.0,,
1907-08-22,289.0,44.0,0.0,,
1907-08-23,,,0.0,,
1907-08-24,,,0.0,,
1907-08-25,,,0.0,,
1907-08-26,244.0,50.0,0.0,,
1907-08-27,,,0.0,,
1907-08-28,239.0,111.0,127.0,,
1907-08-29,,,0.0,,
1907-08-30,,,0.0,,
1907-08-31,244.0,89.0,0.0,0.0,0.0
1907-09-01,300.0,106.0,30.0,0.0,0.0
1907-09-02,228.0,100.0,0.0,0.0,0.0
1907-09-03,222.0,89.0,0.0,0.0,0.0
1907-09-04,211.0,144.0,102.0,0.0,
1907-09-05,172.0,122.0,25.0,,
1907-09-06,228.0,100.0,0.0,0.0,0.0
1907-09-07,200.0,89.0,0.0,,
1907-09-08,256.0,100.0,0.0,0.0,0.0
1907-09-09,239.0,122.0,0.0,0.0,0.0
1907-09-10,183.0,122.0,0.0,0.0,0.0
1907-09-11,156.0,89.0,155.0,0.0,0.0
1907-09-12,172.0,100.0,0.0,0.0,0.0
1907-09-13,267.0,100.0,0.0,0.0,0.0
1907-09-14,322.0,167.0,0.0,0.0,0.0
1907-09-15,306.0,172.0,0.0,0.0,0.0
1907-09-16,289.0,167.0,465.0,0.0,0.0
1907-09-17,272.0,144.0,0.0,0.0,0.0
1907-09-18,289.0,144.0,69.0,0.0,0.0
1907-09-19,,,0.0,,
1907-09-20,278.0,133.0,0.0,0.0,0.0
1907-09-21,256.0,144.0,0.0,0.0,0.0
1907-09-22,222.0,44.0,0.0,0.0,0.0
1907-09-23,200.0,44.0,0.0,0.0,0.0
1907-09-24,178.0,33.0,0.0,0.0,0.0
1907-09-25,194.0,28.0,0.0,0.0,0.0
1907-09-26,150.0,50.0,0.0,0.0,0.0
1907-09-27,144.0,56.0,0.0,0.0,0.0
1907-09-28,117.0,39.0,246.0,0.0,0.0
1907-09-29,117.0,83.0,43.0,0.0,0.0
1907-09-30,122.0,44.0,0.0,0.0,0.0
1907-10-01,161.0,0.0,0.0,0.0,0.0
1907-10-02,200.0,22.0,0.0,0.0,0.0
1907-10-03,233.0,6.0,43.0,0.0,0.0
1907-10-04,256.0,89.0,0.0,0.0,0.0
1907-10-05,250.0,39.0,0.0,0.0,0.0
1907-10-06,244.0,44.0,0.0,0.0,0.0
1907-10-07,211.0,39.0,43.0,0.0,0.0
1907-10-08,200.0,22.0,0.0,0.0,0.0
1907-10-09,183.0,17.0,0.0,0.0,0.0
1907-10-10,161.0,33.0,0.0,0.0,0.0
1907-10-11,122.0,44.0,0.0,0.0,0.0
1907-10-12,144.0,56.0,0.0,0.0,0.0
1907-10-13,133.0,28.0,0.0,0.0,0.0
1907-10-14,117.0,-11.0,0.0,0.0,0.0
1907-10-15,156.0,22.0,0.0,0.0,0.0
1907-10-16,183.0,33.0,0.0,0.0,0.0
1907-10-17,211.0,-11.0,0.0,0.0,0.0
1907-10-18,161.0,6.0,0.0,0.0,0.0
1907-10-19,183.0,39.0,0.0,0.0,0.0
1907-10-20,122.0,-22.0,0.0,0.0,0.0
1907-10-21,133.0,-17.0,0.0,0.0,0.0
1907-10-22,144.0,0.0,0.0,0.0,0.0
1907-10-23,150.0,-50.0,0.0,0.0,0.0
1907-10-24,94.0,-44.0,0.0,0.0,0.0
1907-10-25,122.0,-94.0,0.0,0.0,0.0
1907-10-26,89.0,-67.0,0.0,0.0,0.0
1907-10-27,78.0,-11.0,0.0,0.0,0.0
1907-10-28,72.0,-6.0,0.0,0.0,0.0
1907-10-29,67.0,-11.0,0.0,0.0,0.0
1907-10-30,78.0,-22.0,0.0,0.0,0.0
1907-10-31,100.0,-61.0,0.0,0.0,0.0
1907-11-01,44.0,-61.0,0.0,0.0,0.0
1907-11-02,100.0,-11.0,0.0,0.0,0.0
1907-11-03,106.0,22.0,287.0,0.0,0.0
1907-11-04,100.0,0.0,0.0,0.0,0.0
1907-11-05,111.0,11.0,0.0,0.0,0.0
1907-11-06,122.0,22.0,104.0,0.0,0.0
1907-11-07,78.0,0.0,10.0,0.0,0.0
1907-11-08,94.0,0.0,0.0,0.0,0.0
1907-11-09,100.0,-11.0,0.0,0.0,0.0
1907-11-10,89.0,6.0,0.0,0.0,0.0
1907-11-11,56.0,-39.0,0.0,0.0,0.0
1907-11-12,33.0,-22.0,0.0,0.0,0.0
1907-11-13,17.0,-39.0,0.0,0.0,0.0
1907-11-14,22.0,-56.0,0.0,0.0,0.0
1907-11-15,33.0,-22.0,0.0,0.0,0.0
1907-11-16,17.0,-94.0,0.0,0.0,0.0
1907-11-17,72.0,-44.0,0.0,0.0,0.0
1907-11-18,89.0,-17.0,0.0,0.0,0.0
1907-11-19,122.0,-11.0,0.0,0.0,0.0
1907-11-20,61.0,-6.0,61.0,0.0,0.0
1907-11-21,72.0,44.0,0.0,0.0,0.0
1907-11-22,89.0,0.0,0.0,0.0,0.0
1907-11-23,78.0,-50.0,0.0,0.0,0.0
1907-11-24,56.0,-67.0,0.0,0.0,0.0
1907-11-25,128.0,-39.0,0.0,0.0,0.0
1907-11-26,72.0,-39.0,0.0,0.0,0.0
1907-11-27,61.0,-39.0,0.0,0.0,0.0
1907-11-28,61.0,0.0,0.0,0.0,0.0
1907-11-29,17.0,-22.0,0.0,0.0,0.0
1907-11-30,33.0,-39.0,0.0,0.0,0.0
1907-12-01,17.0,-33.0,25.0,0.0,0.0
1907-12-02,17.0,-78.0,0.0,0.0,0.0
1907-12-03,-11.0,-94.0,0.0,0.0,0.0
1907-12-04,-11.0,-100.0,0.0,0.0,0.0
1907-12-05,-22.0,-122.0,0.0,0.0,0.0
1907-12-06,72.0,-72.0,0.0,0.0,0.0
1907-12-07,44.0,-44.0,25.0,0.0,0.0
1907-12-08,67.0,0.0,0.0,0.0,0.0
1907-12-09,122.0,33.0,142.0,0.0,0.0
1907-12-10,72.0,-67.0,51.0,51.0,51.0
1907-12-11,-28.0,-111.0,51.0,51.0,51.0
1907-12-12,-39.0,-106.0,51.0,51.0,51.0
1907-12-13,-33.0,-150.0,51.0,51.0,51.0
1907-12-14,-17.0,-28.0,102.0,152.0,102.0
1907-12-15,-11.0,-94.0,51.0,203.0,51.0
1907-12-16,-11.0,-89.0,0.0,203.0,0.0
1907-12-17,0.0,-56.0,0.0,203.0,0.0
1907-12-18,-11.0,-44.0,0.0,178.0,0.0
1907-12-19,-6.0,-111.0,0.0,178.0,0.0
1907-12-20,17.0,-94.0,0.0,152.0,0.0
1907-12-21,17.0,-122.0,0.0,102.0,0.0
1907-12-22,6.0,-39.0,0.0,51.0,0.0
1907-12-23,11.0,-22.0,0.0,51.0,0.0
1907-12-24,6.0,-39.0,0.0,25.0,0.0
1907-12-25,17.0,-67.0,0.0,0.0,0.0
1907-12-26,33.0,-78.0,0.0,0.0,0.0
1907-12-27,72.0,-22.0,170.0,0.0,0.0
1907-12-28,89.0,-56.0,0.0,0.0,0.0
1907-12-29,,,152.0,152.0,152.0
1907-12-30,,,0.0,152.0,0.0
1907-12-31,,,0.0,152.0,0.0
1908-01-01,,,0.0,,0.0
1908-01-02,,,0.0,152.0,0.0
1908-01-03,,,0.0,152.0,0.0
1908-01-04,,,0.0,152.0,0.0
1908-01-05,17.0,-39.0,0.0,152.0,0.0
1908-01-06,28.0,-28.0,0.0,152.0,0.0
1908-01-07,11.0,-33.0,0.0,152.0,0.0
1908-01-08,11.0,-44.0,0.0,152.0,0.0
1908-01-09,-11.0,-122.0,0.0,152.0,0.0
1908-01-10,-78.0,-161.0,0.0,152.0,0.0
1908-01-11,0.0,-139.0,0.0,152.0,0.0
1908-01-12,11.0,-122.0,203.0,356.0,203.0
1908-01-13,6.0,-111.0,0.0,356.0,0.0
1908-01-14,17.0,-100.0,0.0,356.0,0.0
1908-01-15,11.0,-122.0,0.0,356.0,0.0
1908-01-16,-11.0,-122.0,0.0,356.0,0.0
1908-01-17,-33.0,-106.0,0.0,356.0,0.0
1908-01-18,6.0,-122.0,0.0,305.0,0.0
1908-01-19,33.0,-78.0,0.0,254.0,0.0
1908-01-20,39.0,-22.0,0.0,203.0,0.0
1908-01-21,44.0,-17.0,38.0,152.0,0.0
1908-01-22,33.0,-17.0,0.0,152.0,0.0
1908-01-23,-6.0,-128.0,76.0,229.0,76.0
1908-01-24,-67.0,-161.0,0.0,229.0,0.0
1908-01-25,-6.0,-67.0,0.0,229.0,0.0
1908-01-26,0.0,-67.0,76.0,305.0,76.0
1908-01-27,-33.0,-150.0,0.0,305.0,0.0
1908-01-28,-67.0,-156.0,0.0,305.0,0.0
1908-01-29,-11.0,-144.0,0.0,305.0,0.0
1908-01-30,-94.0,-283.0,0.0,305.0,0.0
1908-01-31,-111.0,,203.0,508.0,203.0
1908-02-01,-100.0,-161.0,0.0,508.0,0.0
1908-02-02,-89.0,-156.0,0.0,508.0,0.0
1908-02-03,-72.0,-144.0,0.0,508.0,0.0
1908-02-04,-78.0,-150.0,0.0,508.0,0.0
1908-02-05,-94.0,-150.0,152.0,660.0,152.0
1908-02-06,-89.0,-144.0,0.0,660.0,0.0
1908-02-07,-72.0,-128.0,0.0,660.0,0.0
1908-02-08,-94.0,-150.0,0.0,660.0,0.0
1908-02-09,-83.0,-256.0,0.0,660.0,0.0
1908-02-10,-11.0,-178.0,0.0,660.0,0.0
1908-02-11,0.0,-133.0,0.0,,0.0
1908-02-12,44.0,-94.0,38.0,406.0,0.0
1908-02-13,56.0,0.0,0.0,203.0,0.0
1908-02-14,11.0,-44.0,0.0,203.0,0.0
1908-02-15,0.0,-39.0,152.0,356.0,152.0
1908-02-16,-11.0,-78.0,0.0,356.0,0.0
1908-02-17,-67.0,-133.0,0.0,356.0,0.0
1908-02-18,-61.0,-178.0,0.0,356.0,0.0
1908-02-19,-67.0,-178.0,203.0,559.0,203.0
1908-02-20,-28.0,-150.0,0.0,559.0,0.0
1908-02-21,0.0,-94.0,0.0,559.0,0.0
1908-02-22,-56.0,-189.0,51.0,610.0,51.0
1908-02-23,-33.0,-100.0,0.0,610.0,0.0
1908-02-24,-28.0,-122.0,0.0,610.0,0.0
1908-02-25,17.0,-67.0,0.0,610.0,0.0
1908-02-26,6.0,-94.0,142.0,610.0,0.0
1908-02-27,-89.0,-167.0,0.0,610.0,0.0
1908-02-28,-67.0,-161.0,0.0,610.0,0.0
1908-02-29,-61.0,,76.0,686.0,76.0
1908-03-01,-61.0,-200.0,51.0,686.0,51.0
1908-03-02,-6.0,-111.0,51.0,737.0,51.0
1908-03-03,0.0,-150.0,0.0,737.0,0.0
1908-03-04,-11.0,-139.0,0.0,737.0,0.0
1908-03-05,17.0,-122.0,0.0,711.0,0.0
1908-03-06,139.0,-72.0,0.0,660.0,0.0
1908-03-07,44.0,-22.0,89.0,508.0,0.0
1908-03-08,28.0,-11.0,0.0,,0.0
1908-03-09,6.0,-150.0,0.0,457.0,0.0
1908-03-10,,-133.0,0.0,457.0,0.0
1908-03-11,,-33.0,0.0,356.0,0.0
1908-03-12,67.0,-39.0,0.0,305.0,0.0
1908-03-13,67.0,-11.0,0.0,254.0,0.0
1908-03-14,89.0,-22.0,0.0,152.0,0.0
1908-03-15,72.0,0.0,0.0,127.0,0.0
1908-03-16,33.0,-56.0,0.0,127.0,0.0
1908-03-17,28.0,-28.0,0.0,127.0,0.0
1908-03-18,11.0,-44.0,0.0,127.0,0.0
1908-03-19,6.0,-72.0,0.0,127.0,0.0
1908-03-20,17.0,-122.0,0.0,102.0,0.0
1908-03-21,33.0,-94.0,0.0,0.0,0.0
1908-03-22,100.0,-11.0,0.0,0.0,0.0
1908-03-23,117.0,-11.0,0.0,0.0,0.0
1908-03-24,89.0,-89.0,0.0,0.0,0.0
1908-03-25,6.0,-122.0,0.0,0.0,0.0
1908-03-26,178.0,-11.0,0.0,0.0,0.0
1908-03-27,100.0,-22.0,0.0,0.0,0.0
1908-03-28,17.0,-22.0,104.0,0.0,0.0
1908-03-29,28.0,-28.0,0.0,0.0,0.0
1908-03-30,83.0,-17.0,0.0,0.0,0.0
1908-03-31,61.0,0.0,0.0,0.0,0.0
1908-04-01,,,0.0,0.0,0.0
1908-04-02,44.0,-44.0,0.0,0.0,0.0
1908-04-03,-6.0,-72.0,0.0,0.0,0.0
1908-04-04,17.0,-78.0,0.0,0.0,0.0
1908-04-05,83.0,-11.0,0.0,0.0,0.0
1908-04-06,156.0,-6.0,38.0,0.0,0.0
1908-04-07,50.0,0.0,102.0,0.0,0.0
1908-04-08,61.0,-22.0,25.0,0.0,0.0
1908-04-09,111.0,-28.0,0.0,0.0,0.0
1908-04-10,156.0,6.0,0.0,0.0,0.0
1908-04-11,144.0,33.0,0.0,0.0,0.0
1908-04-12,144.0,-22.0,0.0,0.0,0.0
1908-04-13,106.0,17.0,0.0,0.0,0.0
1908-04-14,239.0,-17.0,0.0,0.0,0.0
1908-04-15,133.0,0.0,0.0,0.0,0.0
1908-04-16,39.0,-39.0,0.0,0.0,0.0
1908-04-17,,,0.0,,0.0
1908-04-18,139.0,33.0,0.0,0.0,0.0
1908-04-19,133.0,33.0,61.0,0.0,0.0
1908-04-20,106.0,22.0,0.0,0.0,0.0
1908-04-21,139.0,-11.0,0.0,0.0,0.0
1908-04-22,256.0,33.0,0.0,0.0,0.0
1908-04-23,211.0,22.0,0.0,0.0,0.0
1908-04-24,194.0,44.0,0.0,0.0,0.0
1908-04-25,233.0,44.0,173.0,0.0,0.0
1908-04-26,200.0,56.0,0.0,0.0,0.0
1908-04-27,172.0,61.0,66.0,0.0,0.0
1908-04-28,194.0,72.0,0.0,0.0,0.0
1908-04-29,61.0,17.0,0.0,0.0,0.0
1908-04-30,67.0,-11.0,0.0,0.0,0.0
1908-05-01,111.0,0.0,0.0,0.0,0.0
1908-05-02,72.0,-11.0,0.0,0.0,0.0
1908-05-03,144.0,6.0,0.0,0.0,0.0
1908-05-04,122.0,0.0,0.0,0.0,0.0
1908-05-05,128.0,-11.0,0.0,0.0,0.0
1908-05-06,78.0,44.0,0.0,0.0,0.0
1908-05-07,78.0,44.0,503.0,0.0,0.0
1908-05-08,61.0,22.0,137.0,0.0,0.0
1908-05-09,128.0,28.0,0.0,0.0,0.0
1908-05-10,211.0,17.0,0.0,0.0,0.0
1908-05-11,239.0,17.0,0.0,0.0,0.0
1908-05-12,233.0,122.0,0.0,0.0,0.0
1908-05-13,128.0,50.0,249.0,0.0,0.0
1908-05-14,111.0,61.0,28.0,0.0,0.0
1908-05-15,200.0,72.0,0.0,0.0,0.0
1908-05-16,233.0,89.0,0.0,0.0,0.0
1908-05-17,289.0,72.0,0.0,0.0,0.0
1908-05-18,217.0,111.0,0.0,0.0,0.0
1908-05-19,228.0,44.0,0.0,0.0,0.0
1908-05-20,244.0,72.0,0.0,0.0,0.0
1908-05-21,211.0,94.0,0.0,0.0,0.0
1908-05-22,244.0,100.0,0.0,0.0,0.0
1908-05-23,289.0,89.0,0.0,0.0,0.0
1908-05-24,200.0,89.0,0.0,0.0,0.0
1908-05-25,311.0,100.0,0.0,0.0,0.0
1908-05-26,289.0,156.0,0.0,0.0,0.0
1908-05-27,267.0,178.0,0.0,0.0,0.0
1908-05-28,294.0,156.0,38.0,0.0,0.0
1908-05-29,239.0,128.0,0.0,0.0,0.0
1908-05-30,244.0,139.0,38.0,0.0,0.0
1908-05-31,194.0,89.0,135.0,0.0,0.0
1908-06-01,217.0,44.0,0.0,0.0,0.0
1908-06-02,239.0,44.0,0.0,0.0,0.0
1908-06-03,267.0,89.0,0.0,0.0,0.0
1908-06-04,256.0,161.0,0.0,0.0,0.0
1908-06-05,250.0,83.0,0.0,0.0,0.0
1908-06-06,306.0,122.0,0.0,0.0,0.0
1908-06-07,289.0,178.0,0.0,0.0,0.0
1908-06-08,311.0,183.0,38.0,0.0,0.0
1908-06-09,283.0,111.0,0.0,0.0,0.0
1908-06-10,222.0,89.0,0.0,0.0,0.0
1908-06-11,167.0,56.0,0.0,0.0,0.0
1908-06-12,217.0,33.0,0.0,0.0,0.0
1908-06-13,300.0,89.0,0.0,0.0,0.0
1908-06-14,217.0,106.0,262.0,0.0,0.0
1908-06-15,300.0,89.0,0.0,0.0,0.0
1908-06-16,250.0,33.0,0.0,0.0,0.0
1908-06-17,228.0,72.0,0.0,0.0,0.0
1908-06-18,306.0,133.0,0.0,0.0,0.0
1908-06-19,311.0,139.0,0.0,0.0,0.0
1908-06-20,294.0,189.0,0.0,0.0,0.0
1908-06-21,306.0,144.0,0.0,0.0,0.0
1908-06-22,328.0,72.0,0.0,0.0,0.0
1908-06-23,322.0,167.0,0.0,0.0,0.0
1908-06-24,250.0,200.0,0.0,0.0,0.0
1908-06-25,256.0,122.0,0.0,0.0,0.0
1908-06-26,278.0,133.0,0.0,0.0,0.0
1908-06-27,294.0,100.0,0.0,0.0,0.0
1908-06-28,306.0,156.0,0.0,0.0,0.0
1908-06-29,294.0,72.0,173.0,0.0,0.0
1908-06-30,244.0,111.0,0.0,0.0,0.0
1908-07-01,239.0,133.0,0.0,0.0,0.0
1908-07-02,200.0,117.0,0.0,0.0,0.0
1908-07-03,239.0,144.0,0.0,0.0,0.0
1908-07-04,256.0,156.0,147.0,0.0,0.0
1908-07-05,283.0,167.0,0.0,0.0,0.0
1908-07-06,328.0,200.0,0.0,0.0,0.0
1908-07-07,311.0,156.0,0.0,0.0,0.0
1908-07-08,,,0.0,0.0,0.0
1908-07-09,272.0,100.0,0.0,0.0,0.0
1908-07-10,278.0,94.0,0.0,0.0,0.0
1908-07-11,350.0,200.0,0.0,0.0,0.0
1908-07-12,311.0,172.0,0.0,0.0,0.0
1908-07-13,294.0,144.0,0.0,0.0,0.0
1908-07-14,272.0,172.0,0.0,0.0,0.0
1908-07-15,244.0,139.0,0.0,0.0,0.0
1908-07-16,239.0,72.0,0.0,0.0,0.0
1908-07-17,211.0,72.0,419.0,0.0,0.0
1908-07-18,233.0,156.0,178.0,0.0,0.0
1908-07-19,267.0,128.0,25.0,0.0,0.0
1908-07-20,244.0,133.0,0.0,0.0,0.0
1908-07-21,256.0,161.0,0.0,0.0,0.0
1908-07-22,267.0,156.0,0.0,0.0,0.0
1908-07-23,278.0,128.0,0.0,0.0,0.0
1908-07-24,278.0,144.0,0.0,0.0,0.0
1908-07-25,272.0,156.0,0.0,0.0,0.0
1908-07-26,267.0,144.0,0.0,0.0,0.0
1908-07-27,289.0,178.0,0.0,0.0,0.0
1908-07-28,317.0,156.0,0.0,0.0,0.0
1908-07-29,322.0,167.0,0.0,0.0,0.0
1908-07-30,344.0,167.0,0.0,0.0,0.0
1908-07-31,289.0,183.0,0.0,0.0,0.0
1908-08-01,272.0,106.0,0.0,0.0,0.0
1908-08-02,311.0,167.0,0.0,0.0,0.0
1908-08-03,328.0,156.0,0.0,0.0,0.0
1908-08-04,333.0,211.0,0.0,0.0,0.0
1908-08-05,328.0,167.0,165.0,0.0,0.0
1908-08-06,272.0,139.0,0.0,0.0,0.0
1908-08-07,267.0,144.0,0.0,0.0,0.0
1908-08-08,244.0,150.0,0.0,0.0,0.0
1908-08-09,200.0,89.0,0.0,0.0,0.0
1908-08-10,250.0,89.0,0.0,0.0,0.0
1908-08-11,289.0,100.0,0.0,0.0,0.0
1908-08-12,256.0,167.0,249.0,0.0,0.0
1908-08-13,278.0,167.0,114.0,0.0,0.0
1908-08-14,250.0,178.0,0.0,0.0,0.0
1908-08-15,239.0,156.0,0.0,0.0,0.0
1908-08-16,278.0,156.0,97.0,0.0,0.0
1908-08-17,283.0,206.0,0.0,0.0,0.0
1908-08-18,239.0,117.0,0.0,0.0,0.0
1908-08-19,211.0,72.0,0.0,0.0,0.0
1908-08-20,217.0,83.0,0.0,0.0,0.0
1908-08-21,239.0,72.0,0.0,0.0,0.0
1908-08-22,267.0,44.0,0.0,0.0,0.0
1908-08-23,217.0,56.0,0.0,0.0,0.0
1908-08-24,211.0,94.0,0.0,0.0,0.0
1908-08-25,250.0,44.0,0.0,0.0,0.0
1908-08-26,239.0,89.0,0.0,0.0,0.0
1908-08-27,244.0,78.0,0.0,0.0,0.0
1908-08-28,278.0,111.0,38.0,0.0,0.0
1908-08-29,278.0,111.0,0.0,0.0,0.0
1908-08-30,294.0,139.0,0.0,0.0,0.0
1908-08-31,333.0,133.0,0.0,0.0,0.0
1908-09-01,261.0,94.0,0.0,0.0,0.0
1908-09-02,161.0,111.0,0.0,0.0,0.0
1908-09-03,267.0,44.0,0.0,0.0,0.0
1908-09-04,278.0,67.0,0.0,0.0,0.0
1908-09-05,294.0,144.0,0.0,0.0,0.0
1908-09-06,233.0,156.0,0.0,0.0,0.0
1908-09-07,256.0,144.0,0.0,0.0,0.0
1908-09-08,233.0,44.0,0.0,0.0,0.0
1908-09-09,322.0,128.0,0.0,0.0,0.0
1908-09-10,328.0,156.0,0.0,0.0,0.0
1908-09-11,244.0,156.0,0.0,0.0,0.0
1908-09-12,256.0,106.0,0.0,0.0,0.0
1908-09-13,239.0,122.0,0.0,0.0,0.0
1908-09-14,244.0,133.0,0.0,0.0,0.0
1908-09-15,256.0,56.0,0.0,0.0,0.0
1908-09-16,244.0,72.0,0.0,0.0,0.0
1908-09-17,272.0,67.0,0.0,0.0,0.0
1908-09-18,267.0,106.0,0.0,0.0,0.0
1908-09-19,306.0,89.0,0.0,0.0,0.0
1908-09-20,294.0,128.0,0.0,0.0,0.0
1908-09-21,311.0,156.0,0.0,0.0,0.0
1908-09-22,283.0,200.0,0.0,0.0,0.0
1908-09-23,306.0,144.0,0.0,0.0,0.0
1908-09-24,283.0,156.0,0.0,0.0,0.0
1908-09-25,289.0,100.0,0.0,0.0,0.0
1908-09-26,317.0,133.0,0.0,0.0,0.0
1908-09-27,306.0,144.0,0.0,0.0,0.0
1908-09-28,256.0,89.0,267.0,0.0,0.0
1908-09-29,267.0,100.0,0.0,0.0,0.0
1908-09-30,139.0,44.0,41.0,0.0,0.0
1908-10-01,139.0,44.0,0.0,0.0,0.0
1908-10-02,133.0,11.0,0.0,0.0,0.0
1908-10-03,183.0,-6.0,0.0,0.0,0.0
1908-10-04,233.0,33.0,0.0,0.0,0.0
1908-10-05,233.0,28.0,0.0,0.0,0.0
1908-10-06,267.0,94.0,0.0,0.0,0.0
1908-10-07,172.0,128.0,0.0,0.0,0.0
1908-10-08,161.0,33.0,0.0,0.0,0.0
1908-10-09,178.0,11.0,0.0,0.0,0.0
1908-10-10,194.0,0.0,0.0,0.0,0.0
1908-10-11,161.0,39.0,0.0,0.0,0.0
1908-10-12,128.0,-50.0,0.0,0.0,0.0
1908-10-13,200.0,0.0,0.0,0.0,0.0
1908-10-14,244.0,78.0,0.0,0.0,0.0
1908-10-15,283.0,111.0,0.0,0.0,0.0
1908-10-16,261.0,128.0,0.0,0.0,0.0
1908-10-17,267.0,67.0,0.0,0.0,0.0
1908-10-18,167.0,111.0,0.0,0.0,0.0
1908-10-19,133.0,83.0,0.0,0.0,0.0
1908-10-20,156.0,17.0,0.0,0.0,0.0
1908-10-21,128.0,39.0,0.0,0.0,0.0
1908-10-22,200.0,33.0,0.0,0.0,0.0
1908-10-23,256.0,22.0,0.0,0.0,0.0
1908-10-24,178.0,72.0,132.0,0.0,0.0
1908-10-25,167.0,67.0,25.0,0.0,0.0
1908-10-26,200.0,17.0,0.0,0.0,0.0
1908-10-27,183.0,39.0,0.0,0.0,0.0
1908-10-28,172.0,39.0,0.0,0.0,0.0
1908-10-29,178.0,17.0,0.0,0.0,0.0
1908-10-30,111.0,28.0,0.0,0.0,0.0
1908-10-31,44.0,11.0,0.0,0.0,0.0
1908-11-01,44.0,22.0,0.0,0.0,0.0
1908-11-02,89.0,-50.0,0.0,0.0,0.0
1908-11-03,72.0,-61.0,0.0,0.0,0.0
1908-11-04,-11.0,-78.0,0.0,0.0,0.0
1908-11-05,50.0,-28.0,0.0,0.0,0.0
1908-11-06,78.0,-11.0,0.0,0.0,0.0
1908-11-07,89.0,33.0,0.0,0.0,0.0
1908-11-08,78.0,22.0,0.0,0.0,0.0
1908-11-09,50.0,33.0,13.0,0.0,0.0
1908-11-10,72.0,-39.0,0.0,0.0,0.0
1908-11-11,50.0,-22.0,0.0,0.0,0.0
1908-11-12,133.0,-28.0,0.0,0.0,0.0
1908-11-13,33.0,-22.0,0.0,0.0,0.0
1908-11-14,33.0,-44.0,0.0,0.0,0.0
1908-11-15,6.0,-67.0,0.0,0.0,0.0
1908-11-16,22.0,-22.0,0.0,0.0,0.0
1908-11-17,17.0,-78.0,0.0,0.0,0.0
1908-11-18,56.0,-11.0,0.0,0.0,0.0
1908-11-19,83.0,0.0,0.0,0.0,0.0
1908-11-20,106.0,-22.0,0.0,0.0,0.0
1908-11-21,89.0,-67.0,0.0,0.0,0.0
1908-11-22,144.0,-17.0,0.0,0.0,0.0
1908-11-23,156.0,6.0,0.0,0.0,0.0
1908-11-24,161.0,100.0,114.0,0.0,0.0
1908-11-25,194.0,61.0,13.0,0.0,0.0
1908-11-26,156.0,44.0,0.0,0.0,0.0
1908-11-27,56.0,0.0,0.0,0.0,0.0
1908-11-28,78.0,-33.0,0.0,0.0,0.0
1908-11-29,78.0,22.0,0.0,0.0,0.0
1908-11-30,144.0,33.0,267.0,0.0,0.0
1908-12-01,78.0,-78.0,0.0,0.0,0.0
1908-12-02,78.0,-89.0,0.0,0.0,0.0
1908-12-03,-6.0,-72.0,0.0,0.0,0.0
1908-12-04,6.0,-22.0,0.0,0.0,0.0
1908-12-05,-6.0,-78.0,0.0,0.0,0.0
1908-12-06,6.0,-72.0,76.0,76.0,76.0
1908-12-07,-11.0,-78.0,25.0,102.0,25.0
1908-12-08,6.0,0.0,0.0,102.0,0.0
1908-12-09,11.0,-78.0,0.0,102.0,0.0
1908-12-10,-6.0,-94.0,102.0,178.0,102.0
1908-12-11,17.0,-78.0,0.0,152.0,0.0
1908-12-12,22.0,-61.0,51.0,203.0,51.0
1908-12-13,39.0,-44.0,0.0,152.0,0.0
1908-12-14,44.0,-56.0,0.0,102.0,0.0
1908-12-15,6.0,-50.0,152.0,254.0,152.0
1908-12-16,11.0,-56.0,0.0,254.0,0.0
1908-12-17,6.0,-39.0,0.0,254.0,0.0
1908-12-18,0.0,-56.0,0.0,254.0,0.0
1908-12-19,6.0,-50.0,0.0,254.0,0.0
1908-12-20,-11.0,-67.0,0.0,254.0,0.0
1908-12-21,-6.0,-56.0,0.0,254.0,0.0
1908-12-22,-11.0,-150.0,0.0,254.0,0.0
1908-12-23,-6.0,-178.0,0.0,254.0,0.0
1908-12-24,50.0,-61.0,0.0,203.0,0.0
1908-12-25,22.0,-11.0,0.0,178.0,0.0
1908-12-26,28.0,-28.0,0.0,178.0,0.0
1908-12-27,11.0,-50.0,0.0,178.0,0.0
1908-12-28,6.0,-139.0,0.0,178.0,0.0
1908-12-29,17.0,-150.0,0.0,178.0,0.0
1908-12-30,22.0,-22.0,0.0,102.0,0.0
1908-12-31,-11.0,-67.0,0.0,102.0,0.0
1909-01-01,-67.0,-122.0,0.0,102.0,0.0
1909-01-02,-22.0,-111.0,0.0,102.0,0.0
1909-01-03,39.0,-33.0,0.0,76.0,0.0
1909-01-04,61.0,0.0,0.0,102.0,0.0
1909-01-05,56.0,-11.0,0.0,25.0,0.0
1909-01-06,0.0,-156.0,0.0,25.0,0.0
1909-01-07,-122.0,-167.0,0.0,25.0,0.0
1909-01-08,-44.0,-167.0,0.0,25.0,0.0
1909-01-09,0.0,-100.0,0.0,25.0,0.0
1909-01-10,6.0,-94.0,0.0,25.0,0.0
1909-01-11,-6.0,-111.0,0.0,25.0,0.0
1909-01-12,-22.0,-178.0,0.0,25.0,0.0
1909-01-13,-94.0,-178.0,0.0,25.0,0.0
1909-01-14,-11.0,-122.0,0.0,0.0,0.0
1909-01-15,-11.0,-94.0,0.0,0.0,0.0
1909-01-16,-44.0,-111.0,0.0,0.0,0.0
1909-01-17,-6.0,-100.0,0.0,0.0,0.0
1909-01-18,-17.0,-78.0,0.0,0.0,0.0
1909-01-19,28.0,-100.0,0.0,0.0,0.0
1909-01-20,22.0,-94.0,0.0,0.0,0.0
1909-01-21,67.0,-44.0,0.0,0.0,0.0
1909-01-22,100.0,22.0,170.0,0.0,0.0
1909-01-23,144.0,44.0,208.0,0.0,0.0
1909-01-24,111.0,39.0,0.0,0.0,0.0
1909-01-25,50.0,-6.0,0.0,0.0,0.0
1909-01-26,44.0,-11.0,0.0,0.0,0.0
1909-01-27,50.0,-6.0,0.0,0.0,0.0
1909-01-28,28.0,-28.0,0.0,0.0,0.0
1909-01-29,0.0,-33.0,152.0,152.0,152.0
1909-01-30,-28.0,-111.0,152.0,305.0,152.0
1909-01-31,-67.0,-122.0,102.0,406.0,102.0
1909-02-01,-61.0,-250.0,0.0,305.0,0.0
1909-02-02,-61.0,-106.0,51.0,356.0,51.0
1909-02-03,-67.0,-133.0,25.0,381.0,25.0
1909-02-04,67.0,-150.0,0.0,254.0,0.0
1909-02-05,67.0,33.0,102.0,127.0,0.0
1909-02-06,56.0,-28.0,0.0,76.0,0.0
1909-02-07,39.0,-72.0,0.0,51.0,0.0
1909-02-08,17.0,-122.0,25.0,76.0,25.0
1909-02-09,6.0,-122.0,51.0,102.0,51.0
1909-02-10,-11.0,-100.0,0.0,102.0,0.0
1909-02-11,-50.0,-89.0,0.0,102.0,0.0
1909-02-12,17.0,-122.0,0.0,102.0,0.0
1909-02-13,6.0,-111.0,0.0,102.0,0.0
1909-02-14,-17.0,-100.0,102.0,203.0,102.0
1909-02-15,-22.0,-106.0,0.0,203.0,0.0
1909-02-16,-67.0,-100.0,102.0,305.0,102.0
1909-02-17,-11.0,-89.0,0.0,305.0,0.0
1909-02-18,22.0,-67.0,330.0,254.0,0.0
1909-02-19,44.0,6.0,0.0,152.0,0.0
1909-02-20,17.0,-22.0,0.0,127.0,0.0
1909-02-21,33.0,-28.0,0.0,76.0,0.0
1909-02-22,44.0,-33.0,0.0,76.0,0.0
1909-02-23,17.0,-6.0,0.0,51.0,0.0
1909-02-24,67.0,-56.0,0.0,51.0,0.0
1909-02-25,-33.0,-178.0,0.0,51.0,0.0
1909-02-26,44.0,-94.0,0.0,51.0,0.0
1909-02-27,28.0,-67.0,0.0,51.0,0.0
1909-02-28,-44.0,-106.0,25.0,76.0,25.0
1909-03-01,39.0,-100.0,0.0,25.0,0.0
1909-03-02,17.0,-94.0,0.0,25.0,0.0
1909-03-03,0.0,-22.0,76.0,102.0,76.0
1909-03-04,-6.0,-78.0,0.0,102.0,0.0
1909-03-05,0.0,-122.0,0.0,76.0,0.0
1909-03-06,44.0,-94.0,0.0,51.0,0.0
1909-03-07,44.0,-22.0,0.0,25.0,0.0
1909-03-08,22.0,-56.0,0.0,25.0,0.0
1909-03-09,22.0,-61.0,0.0,25.0,0.0
1909-03-10,11.0,-17.0,0.0,25.0,0.0
1909-03-11,11.0,-106.0,0.0,25.0,0.0
1909-03-12,22.0,-56.0,0.0,25.0,0.0
1909-03-13,11.0,-67.0,0.0,25.0,0.0
1909-03-14,17.0,-44.0,51.0,25.0,51.0
1909-03-15,17.0,-78.0,0.0,25.0,0.0
1909-03-16,17.0,-83.0,0.0,25.0,0.0
1909-03-17,-22.0,-78.0,0.0,0.0,0.0
1909-03-18,33.0,-33.0,0.0,0.0,0.0
1909-03-19,0.0,-78.0,0.0,0.0,0.0
1909-03-20,39.0,-128.0,0.0,0.0,0.0
1909-03-21,22.0,-89.0,0.0,0.0,0.0
1909-03-22,28.0,-94.0,0.0,0.0,0.0
1909-03-23,33.0,-11.0,0.0,0.0,0.0
1909-03-24,33.0,-6.0,305.0,0.0,0.0
1909-03-25,11.0,-50.0,0.0,0.0,0.0
1909-03-26,89.0,-50.0,0.0,0.0,0.0
1909-03-27,50.0,-28.0,89.0,0.0,0.0
1909-03-28,44.0,-11.0,0.0,0.0,0.0
1909-03-29,56.0,-22.0,0.0,0.0,0.0
1909-03-30,44.0,-22.0,0.0,0.0,0.0
1909-03-31,67.0,-11.0,0.0,0.0,0.0
1909-04-01,83.0,-28.0,0.0,0.0,0.0
1909-04-02,50.0,0.0,0.0,0.0,0.0
1909-04-03,44.0,-22.0,0.0,0.0,0.0
1909-04-04,56.0,-17.0,0.0,0.0,0.0
1909-04-05,233.0,-11.0,0.0,0.0,0.0
1909-04-06,178.0,44.0,0.0,0.0,0.0
1909-04-07,78.0,-22.0,56.0,0.0,0.0
1909-04-08,78.0,-22.0,51.0,0.0,51.0
1909-04-09,22.0,-56.0,0.0,0.0,0.0
1909-04-10,28.0,-78.0,0.0,0.0,0.0
1909-04-11,67.0,-11.0,0.0,0.0,0.0
1909-04-12,167.0,-17.0,0.0,0.0,0.0
1909-04-13,89.0,-11.0,76.0,25.0,76.0
1909-04-14,72.0,0.0,0.0,0.0,0.0
1909-04-15,83.0,11.0,,0.0,0.0
1909-04-16,111.0,17.0,163.0,0.0,0.0
1909-04-17,194.0,0.0,442.0,0.0,0.0
1909-04-18,150.0,61.0,170.0,0.0,0.0
1909-04-19,133.0,17.0,213.0,0.0,0.0
1909-04-20,67.0,-11.0,0.0,0.0,0.0
1909-04-21,106.0,6.0,97.0,0.0,0.0
1909-04-22,111.0,22.0,0.0,0.0,0.0
1909-04-23,100.0,-11.0,0.0,0.0,0.0
1909-04-24,139.0,-22.0,0.0,0.0,0.0
1909-04-25,89.0,-11.0,0.0,0.0,0.0
1909-04-26,117.0,-33.0,0.0,0.0,0.0
1909-04-27,78.0,0.0,79.0,0.0,0.0
1909-04-28,56.0,-39.0,0.0,0.0,0.0
1909-04-29,22.0,-11.0,76.0,51.0,76.0
1909-04-30,78.0,-11.0,221.0,0.0,0.0
1909-05-01,44.0,-6.0,76.0,51.0,76.0
1909-05-02,39.0,-28.0,46.0,0.0,0.0
1909-05-03,83.0,17.0,0.0,0.0,0.0
1909-05-04,122.0,-11.0,0.0,0.0,0.0
1909-05-05,244.0,39.0,0.0,0.0,0.0
1909-05-06,206.0,44.0,48.0,0.0,0.0
1909-05-07,183.0,61.0,0.0,0.0,0.0
1909-05-08,178.0,56.0,0.0,0.0,0.0
1909-05-09,189.0,61.0,152.0,0.0,0.0
1909-05-10,100.0,28.0,0.0,0.0,0.0
1909-05-11,156.0,0.0,0.0,0.0,0.0
1909-05-12,200.0,39.0,0.0,0.0,0.0
1909-05-13,233.0,72.0,0.0,0.0,0.0
1909-05-14,183.0,78.0,25.0,0.0,0.0
1909-05-15,267.0,67.0,28.0,0.0,0.0
1909-05-16,183.0,44.0,0.0,0.0,0.0
1909-05-17,128.0,67.0,0.0,0.0,0.0
1909-05-18,178.0,72.0,0.0,0.0,0.0
1909-05-19,200.0,44.0,0.0,0.0,0.0
1909-05-20,139.0,67.0,0.0,0.0,0.0
1909-05-21,200.0,44.0,0.0,0.0,0.0
1909-05-22,189.0,56.0,0.0,0.0,0.0
1909-05-23,211.0,56.0,0.0,0.0,0.0
1909-05-24,200.0,56.0,0.0,0.0,0.0
1909-05-25,200.0,61.0,0.0,0.0,0.0
1909-05-26,228.0,44.0,0.0,0.0,0.0
1909-05-27,267.0,89.0,28.0,0.0,0.0
1909-05-28,178.0,89.0,25.0,0.0,0.0
1909-05-29,289.0,122.0,0.0,0.0,0.0
1909-05-30,294.0,100.0,0.0,0.0,0.0
1909-05-31,,,0.0,,0.0
1909-06-01,267.0,139.0,0.0,0.0,0.0
1909-06-02,261.0,106.0,0.0,0.0,0.0
1909-06-03,250.0,111.0,0.0,0.0,0.0
1909-06-04,244.0,128.0,0.0,0.0,0.0
1909-06-05,211.0,89.0,0.0,0.0,0.0
1909-06-06,217.0,100.0,28.0,0.0,0.0
1909-06-07,200.0,72.0,104.0,0.0,0.0
1909-06-08,167.0,89.0,25.0,0.0,0.0
1909-06-09,211.0,67.0,0.0,0.0,0.0
1909-06-10,200.0,117.0,28.0,0.0,0.0
1909-06-11,233.0,72.0,0.0,0.0,0.0
1909-06-12,261.0,89.0,0.0,0.0,0.0
1909-06-13,200.0,83.0,180.0,0.0,0.0
1909-06-14,167.0,78.0,48.0,0.0,0.0
1909-06-15,222.0,50.0,0.0,0.0,0.0
1909-06-16,244.0,78.0,0.0,0.0,0.0
1909-06-17,244.0,133.0,114.0,0.0,0.0
1909-06-18,244.0,78.0,0.0,0.0,0.0
1909-06-19,239.0,72.0,0.0,0.0,0.0
1909-06-20,278.0,128.0,0.0,0.0,0.0
1909-06-21,306.0,133.0,0.0,0.0,0.0
1909-06-22,300.0,156.0,0.0,0.0,0.0
1909-06-23,272.0,156.0,0.0,0.0,0.0
1909-06-24,294.0,183.0,0.0,0.0,0.0
1909-06-25,272.0,161.0,0.0,0.0,0.0
1909-06-26,267.0,122.0,0.0,0.0,0.0
1909-06-27,278.0,156.0,0.0,0.0,0.0
1909-06-28,267.0,156.0,0.0,0.0,0.0
1909-06-29,272.0,144.0,0.0,0.0,0.0
1909-06-30,267.0,122.0,0.0,0.0,0.0
1909-07-01,272.0,144.0,0.0,0.0,0.0
1909-07-02,233.0,128.0,203.0,0.0,0.0
1909-07-03,194.0,117.0,0.0,0.0,0.0
1909-07-04,256.0,89.0,0.0,0.0,0.0
1909-07-05,244.0,44.0,0.0,0.0,0.0
1909-07-06,261.0,106.0,0.0,0.0,0.0
1909-07-07,267.0,100.0,0.0,0.0,0.0
1909-07-08,272.0,78.0,0.0,0.0,0.0
1909-07-09,306.0,100.0,0.0,0.0,0.0
1909-07-10,300.0,194.0,38.0,0.0,0.0
1909-07-11,300.0,172.0,76.0,0.0,0.0
1909-07-12,289.0,167.0,0.0,0.0,0.0
1909-07-13,272.0,156.0,0.0,0.0,0.0
1909-07-14,289.0,156.0,0.0,0.0,0.0
1909-07-15,267.0,150.0,13.0,0.0,0.0
1909-07-16,272.0,156.0,0.0,0.0,0.0
1909-07-17,267.0,139.0,0.0,0.0,0.0
1909-07-18,278.0,150.0,86.0,0.0,0.0
1909-07-19,244.0,56.0,0.0,0.0,0.0
1909-07-20,267.0,150.0,0.0,0.0,0.0
1909-07-21,289.0,156.0,0.0,0.0,0.0
1909-07-22,300.0,122.0,0.0,0.0,0.0
1909-07-23,294.0,72.0,53.0,0.0,0.0
1909-07-24,250.0,150.0,0.0,0.0,0.0
1909-07-25,289.0,128.0,0.0,0.0,0.0
1909-07-26,289.0,139.0,0.0,0.0,0.0
1909-07-27,283.0,128.0,0.0,0.0,0.0
1909-07-28,317.0,156.0,0.0,0.0,0.0
1909-07-29,333.0,211.0,58.0,0.0,0.0
1909-07-30,278.0,167.0,0.0,0.0,0.0
1909-07-31,283.0,156.0,0.0,0.0,0.0
1909-08-01,278.0,128.0,0.0,0.0,0.0
1909-08-02,283.0,156.0,0.0,0.0,0.0
1909-08-03,306.0,139.0,58.0,0.0,0.0
1909-08-04,244.0,178.0,124.0,0.0,0.0
1909-08-05,239.0,144.0,0.0,0.0,0.0
1909-08-06,272.0,133.0,0.0,0.0,0.0
1909-08-07,322.0,139.0,0.0,0.0,0.0
1909-08-08,339.0,156.0,0.0,0.0,0.0
1909-08-09,278.0,200.0,221.0,0.0,0.0
1909-08-10,222.0,156.0,0.0,0.0,0.0
1909-08-11,206.0,100.0,0.0,0.0,0.0
1909-08-12,233.0,128.0,0.0,0.0,0.0
1909-08-13,256.0,111.0,0.0,0.0,0.0
1909-08-14,300.0,128.0,0.0,0.0,0.0
1909-08-15,300.0,200.0,0.0,0.0,0.0
1909-08-16,250.0,161.0,30.0,0.0,0.0
1909-08-17,228.0,161.0,0.0,0.0,0.0
1909-08-18,250.0,161.0,0.0,0.0,0.0
1909-08-19,289.0,156.0,0.0,0.0,0.0
1909-08-20,294.0,133.0,0.0,0.0,0.0
1909-08-21,228.0,67.0,0.0,0.0,0.0
1909-08-22,278.0,106.0,0.0,0.0,0.0
1909-08-23,278.0,106.0,0.0,0.0,0.0
1909-08-24,333.0,150.0,0.0,0.0,0.0
1909-08-25,356.0,211.0,0.0,0.0,0.0
1909-08-26,300.0,217.0,0.0,0.0,0.0
1909-08-27,300.0,194.0,64.0,0.0,0.0
1909-08-28,250.0,161.0,0.0,0.0,0.0
1909-08-29,222.0,161.0,0.0,0.0,0.0
1909-08-30,217.0,122.0,0.0,0.0,0.0
1909-08-31,167.0,72.0,0.0,0.0,0.0
1909-09-01,167.0,89.0,0.0,0.0,0.0
1909-09-02,294.0,33.0,0.0,0.0,0.0
1909-09-03,244.0,72.0,0.0,0.0,0.0
1909-09-04,256.0,56.0,0.0,0.0,0.0
1909-09-05,239.0,50.0,0.0,0.0,0.0
1909-09-06,250.0,44.0,0.0,0.0,0.0
1909-09-07,183.0,106.0,0.0,0.0,0.0
1909-09-08,256.0,22.0,0.0,0.0,0.0
1909-09-09,222.0,133.0,0.0,0.0,0.0
1909-09-10,239.0,128.0,0.0,0.0,0.0
1909-09-11,200.0,122.0,0.0,0.0,0.0
1909-09-12,239.0,61.0,0.0,0.0,0.0
1909-09-13,339.0,156.0,0.0,0.0,0.0
1909-09-14,339.0,194.0,0.0,0.0,0.0
1909-09-15,267.0,156.0,0.0,0.0,0.0
1909-09-16,217.0,44.0,0.0,0.0,0.0
1909-09-17,211.0,117.0,0.0,0.0,0.0
1909-09-18,,,0.0,0.0,0.0
1909-09-19,228.0,22.0,0.0,0.0,0.0
1909-09-20,272.0,156.0,0.0,0.0,0.0
1909-09-21,,,0.0,0.0,0.0
1909-09-22,228.0,22.0,0.0,0.0,0.0
1909-09-23,183.0,111.0,193.0,0.0,0.0
1909-09-24,167.0,44.0,0.0,0.0,0.0
1909-09-25,206.0,44.0,0.0,0.0,0.0
1909-09-26,133.0,67.0,0.0,0.0,0.0
1909-09-27,144.0,83.0,0.0,0.0,0.0
1909-09-28,161.0,22.0,0.0,0.0,0.0
1909-09-29,172.0,72.0,38.0,0.0,0.0
1909-09-30,161.0,67.0,102.0,0.0,0.0
1909-10-01,139.0,67.0,0.0,0.0,0.0
1909-10-02,144.0,67.0,0.0,0.0,0.0
1909-10-03,144.0,17.0,0.0,0.0,0.0
1909-10-04,150.0,22.0,0.0,0.0,0.0
1909-10-05,206.0,17.0,0.0,0.0,0.0
1909-10-06,278.0,44.0,0.0,0.0,0.0
1909-10-07,239.0,33.0,0.0,0.0,0.0
1909-10-08,211.0,44.0,0.0,0.0,0.0
1909-10-09,244.0,67.0,0.0,0.0,0.0
1909-10-10,250.0,78.0,0.0,0.0,0.0
1909-10-11,211.0,56.0,84.0,0.0,0.0
1909-10-12,72.0,0.0,46.0,0.0,0.0
1909-10-13,17.0,0.0,0.0,0.0,0.0
1909-10-14,83.0,0.0,0.0,0.0,0.0
1909-10-15,78.0,33.0,0.0,0.0,0.0
1909-10-16,83.0,33.0,0.0,0.0,0.0
1909-10-17,94.0,33.0,0.0,0.0,0.0
1909-10-18,100.0,28.0,0.0,0.0,0.0
1909-10-19,100.0,28.0,0.0,0.0,0.0
1909-10-20,122.0,-33.0,0.0,0.0,0.0
1909-10-21,139.0,56.0,107.0,0.0,0.0
1909-10-22,117.0,61.0,0.0,0.0,0.0
1909-10-23,111.0,17.0,0.0,0.0,0.0
1909-10-24,72.0,0.0,0.0,0.0,0.0
1909-10-25,100.0,-22.0,0.0,0.0,0.0
1909-10-26,161.0,17.0,0.0,0.0,0.0
1909-10-27,100.0,0.0,0.0,0.0,0.0
1909-10-28,100.0,-11.0,0.0,0.0,0.0
1909-10-29,83.0,-56.0,25.0,0.0,0.0
1909-10-30,172.0,11.0,0.0,0.0,0.0
1909-10-31,211.0,89.0,0.0,0.0,0.0
1909-11-01,178.0,78.0,137.0,0.0,0.0
1909-11-02,167.0,61.0,48.0,0.0,0.0
1909-11-03,128.0,33.0,0.0,0.0,0.0
1909-11-04,89.0,-11.0,0.0,0.0,0.0
1909-11-05,128.0,-39.0,0.0,0.0,0.0
1909-11-06,133.0,-22.0,0.0,0.0,0.0
1909-11-07,156.0,0.0,0.0,0.0,0.0
1909-11-08,44.0,-11.0,132.0,0.0,0.0
1909-11-09,83.0,-11.0,0.0,0.0,0.0
1909-11-10,139.0,0.0,0.0,0.0,0.0
1909-11-11,211.0,0.0,0.0,0.0,0.0
1909-11-12,194.0,39.0,0.0,0.0,0.0
1909-11-13,172.0,50.0,0.0,0.0,0.0
1909-11-14,189.0,72.0,0.0,0.0,0.0
1909-11-15,194.0,33.0,0.0,0.0,0.0
1909-11-16,100.0,17.0,411.0,0.0,0.0
1909-11-17,89.0,-28.0,0.0,0.0,0.0
1909-11-18,6.0,-28.0,0.0,0.0,0.0
1909-11-19,44.0,-17.0,0.0,0.0,0.0
1909-11-20,100.0,22.0,0.0,0.0,0.0
1909-11-21,78.0,0.0,0.0,0.0,0.0
1909-11-22,22.0,-22.0,76.0,0.0,76.0
1909-11-23,0.0,-67.0,0.0,0.0,0.0
1909-11-24,11.0,-100.0,0.0,0.0,0.0
1909-11-25,50.0,-50.0,0.0,0.0,0.0
1909-11-26,72.0,-56.0,0.0,0.0,0.0
1909-11-27,128.0,17.0,0.0,0.0,0.0
1909-11-28,117.0,39.0,127.0,0.0,0.0
1909-11-29,78.0,-39.0,0.0,0.0,0.0
1909-11-30,83.0,-17.0,0.0,0.0,0.0
1909-12-01,94.0,-33.0,0.0,0.0,0.0
1909-12-02,89.0,-33.0,0.0,0.0,0.0
1909-12-03,78.0,-22.0,0.0,0.0,0.0
1909-12-04,83.0,-44.0,0.0,0.0,0.0
1909-12-05,178.0,33.0,0.0,0.0,0.0
1909-12-06,78.0,-22.0,0.0,0.0,0.0
1909-12-07,6.0,-44.0,152.0,152.0,152.0
1909-12-08,-11.0,-122.0,0.0,152.0,0.0
1909-12-09,-22.0,-111.0,0.0,152.0,0.0
1909-12-10,-33.0,-67.0,0.0,152.0,0.0
1909-12-11,11.0,-50.0,0.0,152.0,0.0
1909-12-12,6.0,-39.0,76.0,229.0,76.0
1909-12-13,33.0,-22.0,0.0,127.0,0.0
1909-12-14,39.0,-17.0,0.0,102.0,0.0
1909-12-15,11.0,-22.0,0.0,102.0,0.0
1909-12-16,0.0,-39.0,0.0,102.0,0.0
1909-12-17,11.0,-44.0,76.0,178.0,76.0
1909-12-18,0.0,-78.0,51.0,229.0,51.0
1909-12-19,-11.0,-122.0,0.0,229.0,0.0
1909-12-20,,-100.0,0.0,229.0,0.0
1909-12-21,-39.0,-122.0,0.0,229.0,0.0
1909-12-22,-11.0,-111.0,0.0,229.0,0.0
1909-12-23,-6.0,-100.0,0.0,229.0,0.0
1909-12-24,-39.0,-89.0,0.0,229.0,0.0
1909-12-25,-11.0,-56.0,51.0,279.0,51.0
1909-12-26,-6.0,-67.0,25.0,305.0,25.0
1909-12-27,-44.0,-100.0,0.0,305.0,0.0
1909-12-28,-56.0,-133.0,102.0,406.0,102.0
1909-12-29,-83.0,-133.0,0.0,406.0,0.0
1909-12-30,-111.0,-172.0,0.0,406.0,0.0
1909-12-31,-67.0,-133.0,0.0,406.0,0.0
1910-01-01,28.0,-144.0,0.0,305.0,0.0
1910-01-02,-39.0,-67.0,0.0,305.0,0.0
1910-01-03,-33.0,-122.0,0.0,305.0,0.0
1910-01-04,-94.0,-178.0,0.0,305.0,0.0
1910-01-05,-22.0,-133.0,0.0,305.0,0.0
1910-01-06,-17.0,-133.0,0.0,305.0,0.0
1910-01-07,-94.0,-167.0,0.0,305.0,0.0
1910-01-08,-44.0,-144.0,51.0,356.0,51.0
1910-01-09,-39.0,-167.0,0.0,356.0,0.0
1910-01-10,-78.0,-222.0,0.0,356.0,0.0
1910-01-11,-22.0,-94.0,0.0,356.0,0.0
1910-01-12,-28.0,-100.0,0.0,356.0,0.0
1910-01-13,11.0,-106.0,0.0,356.0,0.0
1910-01-14,-22.0,-111.0,0.0,356.0,0.0
1910-01-15,-22.0,-39.0,0.0,356.0,0.0
1910-01-16,-22.0,-61.0,0.0,356.0,0.0
1910-01-17,11.0,-33.0,0.0,305.0,0.0
1910-01-18,33.0,-67.0,0.0,305.0,0.0
1910-01-19,-6.0,-61.0,0.0,305.0,0.0
1910-01-20,-11.0,-61.0,0.0,305.0,0.0
1910-01-21,-22.0,-56.0,0.0,254.0,0.0
1910-01-22,22.0,-56.0,0.0,254.0,0.0
1910-01-23,-22.0,-67.0,51.0,305.0,51.0
1910-01-24,0.0,-67.0,0.0,305.0,0.0
1910-01-25,0.0,-100.0,0.0,305.0,0.0
1910-01-26,17.0,-39.0,0.0,305.0,0.0
1910-01-27,11.0,-44.0,0.0,305.0,0.0
1910-01-28,6.0,-33.0,0.0,305.0,0.0
1910-01-29,-11.0,-150.0,0.0,305.0,0.0
1910-01-30,-39.0,-78.0,51.0,356.0,51.0
1910-01-31,-89.0,-122.0,0.0,356.0,0.0
1910-02-01,-22.0,-167.0,0.0,356.0,0.0
1910-02-02,0.0,-44.0,152.0,508.0,152.0
1910-02-03,6.0,-83.0,0.0,508.0,0.0
1910-02-04,0.0,-94.0,0.0,508.0,0.0
1910-02-05,-56.0,-122.0,0.0,508.0,0.0
1910-02-06,-122.0,-189.0,0.0,508.0,0.0
1910-02-07,-11.0,-206.0,0.0,508.0,0.0
1910-02-08,17.0,-200.0,0.0,508.0,0.0
1910-02-09,11.0,-67.0,0.0,508.0,0.0
1910-02-10,-56.0,-122.0,0.0,508.0,0.0
1910-02-11,-67.0,-189.0,0.0,508.0,0.0
1910-02-12,-22.0,-67.0,51.0,559.0,51.0
1910-02-13,-28.0,-122.0,0.0,559.0,0.0
1910-02-14,6.0,-94.0,0.0,559.0,0.0
1910-02-15,-17.0,-22.0,51.0,610.0,51.0
1910-02-16,-28.0,-122.0,0.0,610.0,0.0
1910-02-17,-89.0,-178.0,0.0,610.0,0.0
1910-02-18,-122.0,-150.0,0.0,610.0,0.0
1910-02-19,-50.0,-200.0,0.0,610.0,0.0
1910-02-20,17.0,-122.0,51.0,660.0,51.0
1910-02-21,-11.0,-178.0,0.0,660.0,0.0
1910-02-22,-39.0,-122.0,0.0,660.0,0.0
1910-02-23,-17.0,-194.0,0.0,660.0,0.0
1910-02-24,-94.0,-239.0,0.0,660.0,0.0
1910-02-25,-67.0,-256.0,0.0,660.0,0.0
1910-02-26,39.0,-100.0,109.0,660.0,0.0
1910-02-27,39.0,-11.0,0.0,660.0,0.0
1910-02-28,11.0,-56.0,0.0,660.0,0.0
1910-03-01,6.0,-94.0,0.0,610.0,0.0
1910-03-02,-11.0,-56.0,0.0,610.0,0.0
1910-03-03,150.0,-100.0,0.0,457.0,0.0
1910-03-04,111.0,-11.0,0.0,254.0,0.0
1910-03-05,72.0,-17.0,0.0,152.0,0.0
1910-03-06,89.0,-61.0,0.0,152.0,0.0
1910-03-07,56.0,-56.0,0.0,152.0,0.0
1910-03-08,17.0,-50.0,0.0,152.0,0.0
1910-03-09,17.0,-67.0,0.0,102.0,0.0
1910-03-10,22.0,-67.0,0.0,76.0,0.0
1910-03-11,33.0,-44.0,0.0,51.0,0.0
1910-03-12,78.0,-11.0,0.0,25.0,0.0
1910-03-13,67.0,-44.0,0.0,0.0,0.0
1910-03-14,11.0,-67.0,0.0,0.0,0.0
1910-03-15,11.0,-94.0,0.0,0.0,0.0
1910-03-16,17.0,-122.0,0.0,0.0,0.0
1910-03-17,22.0,-111.0,0.0,0.0,0.0
1910-03-18,111.0,-56.0,0.0,0.0,0.0
1910-03-19,200.0,11.0,0.0,0.0,0.0
1910-03-20,156.0,17.0,38.0,0.0,0.0
1910-03-21,133.0,-50.0,0.0,0.0,0.0
1910-03-22,144.0,67.0,0.0,0.0,0.0
1910-03-23,156.0,44.0,0.0,0.0,0.0
1910-03-24,244.0,-56.0,0.0,0.0,0.0
1910-03-25,267.0,39.0,0.0,0.0,0.0
1910-03-26,178.0,17.0,0.0,0.0,0.0
1910-03-27,200.0,17.0,0.0,0.0,0.0
1910-03-28,217.0,100.0,0.0,0.0,0.0
1910-03-29,261.0,61.0,0.0,0.0,0.0
1910-03-30,267.0,61.0,0.0,0.0,0.0
1910-03-31,178.0,17.0,0.0,0.0,0.0
1910-04-01,211.0,-6.0,0.0,0.0,0.0
1910-04-02,156.0,-11.0,0.0,0.0,0.0
1910-04-03,178.0,17.0,0.0,0.0,0.0
1910-04-04,228.0,100.0,142.0,0.0,0.0
1910-04-05,250.0,122.0,0.0,0.0,0.0
1910-04-06,194.0,22.0,46.0,0.0,0.0
1910-04-07,56.0,0.0,0.0,0.0,0.0
1910-04-08,156.0,-28.0,0.0,0.0,0.0
1910-04-09,167.0,50.0,0.0,0.0,0.0
1910-04-10,150.0,39.0,0.0,0.0,0.0
1910-04-11,111.0,17.0,0.0,0.0,0.0
1910-04-12,100.0,-17.0,0.0,0.0,0.0
1910-04-13,111.0,-11.0,0.0,0.0,0.0
1910-04-14,211.0,28.0,0.0,0.0,0.0
1910-04-15,161.0,89.0,119.0,0.0,0.0
1910-04-16,172.0,72.0,0.0,0.0,0.0
1910-04-17,133.0,6.0,165.0,0.0,0.0
1910-04-18,122.0,0.0,0.0,0.0,0.0
1910-04-19,133.0,0.0,64.0,0.0,0.0
1910-04-20,100.0,6.0,216.0,0.0,0.0
1910-04-21,72.0,6.0,0.0,0.0,0.0
1910-04-22,244.0,17.0,0.0,0.0,0.0
1910-04-23,211.0,-11.0,0.0,0.0,0.0
1910-04-24,161.0,33.0,0.0,0.0,0.0
1910-04-25,72.0,33.0,0.0,0.0,0.0
1910-04-26,56.0,33.0,97.0,0.0,0.0
1910-04-27,122.0,0.0,0.0,0.0,0.0
1910-04-28,83.0,17.0,0.0,0.0,0.0
1910-04-29,189.0,39.0,0.0,0.0,0.0
1910-04-30,211.0,44.0,0.0,0.0,0.0
1910-05-01,211.0,44.0,0.0,0.0,0.0
1910-05-02,189.0,33.0,284.0,0.0,0.0
1910-05-03,122.0,33.0,0.0,0.0,0.0
1910-05-04,,,0.0,,0.0
1910-05-05,,,0.0,,0.0
1910-05-06,,,0.0,,0.0
1910-05-07,167.0,-6.0,0.0,0.0,0.0
1910-05-08,183.0,50.0,0.0,0.0,0.0
1910-05-09,167.0,50.0,0.0,0.0,0.0
1910-05-10,161.0,44.0,0.0,0.0,0.0
1910-05-11,156.0,17.0,0.0,0.0,0.0
1910-05-12,106.0,11.0,0.0,0.0,0.0
1910-05-13,133.0,-11.0,0.0,0.0,0.0
1910-05-14,122.0,11.0,0.0,0.0,0.0
1910-05-15,128.0,33.0,0.0,0.0,0.0
1910-05-16,194.0,11.0,0.0,0.0,0.0
1910-05-17,211.0,72.0,114.0,0.0,0.0
1910-05-18,244.0,44.0,0.0,0.0,0.0
1910-05-19,239.0,72.0,0.0,0.0,0.0
1910-05-20,244.0,44.0,30.0,0.0,0.0
1910-05-21,256.0,89.0,0.0,0.0,0.0
1910-05-22,233.0,89.0,119.0,0.0,0.0
1910-05-23,194.0,100.0,0.0,0.0,0.0
1910-05-24,228.0,89.0,0.0,0.0,0.0
1910-05-25,233.0,100.0,0.0,0.0,0.0
1910-05-26,178.0,44.0,0.0,0.0,0.0
1910-05-27,161.0,33.0,0.0,0.0,0.0
1910-05-28,239.0,61.0,0.0,0.0,0.0
1910-05-29,222.0,122.0,0.0,0.0,0.0
1910-05-30,256.0,89.0,0.0,0.0,0.0
1910-05-31,189.0,39.0,0.0,0.0,0.0
1910-06-01,183.0,50.0,203.0,,0.0
1910-06-02,89.0,33.0,89.0,,0.0
1910-06-03,106.0,50.0,0.0,,0.0
1910-06-04,167.0,17.0,25.0,,0.0
1910-06-05,106.0,67.0,13.0,,0.0
1910-06-06,100.0,50.0,0.0,,0.0
1910-06-07,,,0.0,,0.0
1910-06-08,222.0,,0.0,,0.0
1910-06-09,228.0,56.0,0.0,,0.0
1910-06-10,222.0,56.0,0.0,,0.0
1910-06-11,122.0,67.0,0.0,,0.0
1910-06-12,217.0,106.0,132.0,,0.0
1910-06-13,278.0,100.0,0.0,,0.0
1910-06-14,294.0,122.0,0.0,,0.0
1910-06-15,244.0,61.0,0.0,,0.0
1910-06-16,267.0,133.0,0.0,,0.0
1910-06-17,267.0,89.0,0.0,,0.0
1910-06-18,300.0,161.0,142.0,,0.0
1910-06-19,317.0,139.0,0.0,,0.0
1910-06-20,300.0,150.0,0.0,,0.0
1910-06-21,306.0,150.0,0.0,,0.0
1910-06-22,317.0,139.0,0.0,,0.0
1910-06-23,317.0,139.0,0.0,,0.0
1910-06-24,283.0,139.0,0.0,,0.0
1910-06-25,294.0,139.0,0.0,,0.0
1910-06-26,294.0,111.0,0.0,,0.0
1910-06-27,289.0,183.0,56.0,,0.0
1910-06-28,272.0,161.0,0.0,,0.0
1910-06-29,339.0,133.0,0.0,,0.0
1910-06-30,333.0,156.0,0.0,,0.0
1910-07-01,356.0,167.0,0.0,,
1910-07-02,344.0,178.0,0.0,,
1910-07-03,289.0,167.0,0.0,,
1910-07-04,306.0,128.0,0.0,,
1910-07-05,283.0,78.0,0.0,,
1910-07-06,339.0,111.0,,,
1910-07-07,333.0,161.0,86.0,,
1910-07-08,311.0,133.0,0.0,,
1910-07-09,339.0,161.0,0.0,,
1910-07-10,261.0,183.0,64.0,,
1910-07-11,300.0,167.0,0.0,,
1910-07-12,278.0,144.0,0.0,,
1910-07-13,300.0,139.0,0.0,,
1910-07-14,,,0.0,,
1910-07-15,,,0.0,,
1910-07-16,283.0,178.0,0.0,,
1910-07-17,256.0,133.0,0.0,,
1910-07-18,261.0,72.0,0.0,,
1910-07-19,272.0,89.0,0.0,,
1910-07-20,267.0,178.0,,,
1910-07-21,289.0,117.0,0.0,,
1910-07-22,278.0,183.0,109.0,,
1910-07-23,300.0,144.0,,,
1910-07-24,289.0,128.0,,,
1910-07-25,283.0,194.0,58.0,,
1910-07-26,289.0,133.0,,,
1910-07-27,283.0,161.0,,,
1910-07-28,267.0,100.0,,,
1910-07-29,289.0,128.0,41.0,,
1910-07-30,267.0,144.0,,,
1910-07-31,300.0,161.0,58.0,,
1910-08-01,267.0,156.0,0.0,0.0,0.0
1910-08-02,289.0,122.0,0.0,0.0,0.0
1910-08-03,283.0,144.0,0.0,,
1910-08-04,222.0,172.0,25.0,,
1910-08-05,211.0,133.0,0.0,,
1910-08-06,256.0,106.0,0.0,0.0,0.0
1910-08-07,222.0,100.0,0.0,0.0,0.0
1910-08-08,211.0,128.0,0.0,0.0,0.0
1910-08-09,294.0,144.0,64.0,0.0,0.0
1910-08-10,294.0,133.0,56.0,0.0,0.0
1910-08-11,250.0,122.0,0.0,0.0,0.0
1910-08-12,294.0,128.0,0.0,0.0,0.0
1910-08-13,300.0,128.0,0.0,0.0,0.0
1910-08-14,,,0.0,0.0,0.0
1910-08-15,,144.0,0.0,0.0,0.0
1910-08-16,283.0,156.0,234.0,0.0,0.0
1910-08-17,306.0,156.0,0.0,0.0,0.0
1910-08-18,272.0,133.0,0.0,0.0,0.0
1910-08-19,289.0,144.0,0.0,0.0,0.0
1910-08-20,278.0,78.0,0.0,0.0,0.0
1910-08-21,294.0,89.0,0.0,0.0,0.0
1910-08-22,283.0,178.0,51.0,0.0,0.0
1910-08-23,294.0,183.0,0.0,0.0,0.0
1910-08-24,272.0,128.0,0.0,0.0,0.0
1910-08-25,211.0,111.0,0.0,0.0,0.0
1910-08-26,217.0,72.0,0.0,0.0,0.0
1910-08-27,228.0,89.0,0.0,0.0,0.0
1910-08-28,217.0,111.0,0.0,0.0,0.0
1910-08-29,244.0,133.0,0.0,0.0,0.0
1910-08-30,272.0,150.0,0.0,0.0,0.0
1910-08-31,306.0,128.0,0.0,0.0,0.0
1910-09-01,233.0,106.0,0.0,0.0,0.0
1910-09-02,261.0,,0.0,0.0,0.0
1910-09-03,256.0,100.0,165.0,0.0,0.0
1910-09-04,272.0,128.0,0.0,0.0,0.0
1910-09-05,239.0,139.0,107.0,0.0,0.0
1910-09-06,217.0,122.0,107.0,0.0,0.0
1910-09-07,250.0,133.0,0.0,0.0,0.0
1910-09-08,289.0,172.0,188.0,,0.0
1910-09-09,267.0,100.0,0.0,0.0,0.0
1910-09-10,217.0,,0.0,0.0,0.0
1910-09-11,244.0,50.0,0.0,0.0,0.0
1910-09-12,211.0,128.0,0.0,0.0,0.0
1910-09-13,217.0,33.0,0.0,,0.0
1910-09-14,228.0,33.0,,,
1910-09-15,,,,,0.0
1910-09-16,244.0,,0.0,0.0,0.0
1910-09-17,233.0,111.0,,0.0,0.0
1910-09-18,172.0,89.0,0.0,0.0,0.0
1910-09-19,183.0,89.0,0.0,0.0,0.0
1910-09-20,200.0,,0.0,0.0,0.0
1910-09-21,194.0,94.0,0.0,0.0,0.0
1910-09-22,178.0,122.0,0.0,0.0,0.0
1910-09-23,178.0,94.0,0.0,0.0,0.0
1910-09-24,178.0,122.0,343.0,0.0,0.0
1910-09-25,,106.0,0.0,0.0,0.0
1910-09-26,183.0,106.0,0.0,0.0,0.0
1910-09-27,161.0,117.0,0.0,0.0,0.0
1910-09-28,178.0,100.0,0.0,,0.0
1910-09-29,,,0.0,,
1910-09-30,,100.0,,,
1910-10-02,,,0.0,,
1910-10-03,250.0,56.0,0.0,,
1910-10-04,244.0,178.0,0.0,,
1910-10-05,256.0,183.0,,,
1910-10-06,211.0,156.0,185.0,,
1910-10-07,167.0,0.0,0.0,,
1910-10-08,183.0,78.0,0.0,,
1910-10-09,167.0,72.0,0.0,,
1910-10-10,161.0,117.0,0.0,,
1910-10-11,211.0,100.0,0.0,,
1910-10-12,172.0,44.0,0.0,,
1910-10-13,167.0,,0.0,,
1910-10-14,178.0,28.0,0.0,,
1910-10-15,194.0,83.0,0.0,,
1910-10-16,206.0,139.0,0.0,,
1910-10-17,239.0,44.0,0.0,,
1910-10-18,272.0,,0.0,,
1910-10-19,228.0,78.0,0.0,,
1910-10-20,228.0,72.0,0.0,,
1910-10-21,,56.0,107.0,,
1910-10-22,,44.0,160.0,,
1910-10-23,,17.0,0.0,,
1910-10-24,156.0,61.0,0.0,,
1910-10-25,144.0,,0.0,,
1910-10-26,283.0,0.0,0.0,,
1910-10-27,150.0,50.0,160.0,,
1910-10-28,61.0,6.0,0.0,,
1910-10-29,150.0,,0.0,,
1910-10-30,144.0,-11.0,0.0,,
1910-10-31,106.0,0.0,,,
1911-01-01,28.0,-33.0,0.0,305.0,0.0
1911-01-02,44.0,-67.0,33.0,152.0,0.0
1911-01-03,-50.0,-150.0,0.0,152.0,0.0
1911-01-04,-111.0,-178.0,25.0,178.0,25.0
1911-01-05,-94.0,-167.0,0.0,178.0,0.0
1911-01-06,-50.0,-133.0,25.0,203.0,25.0
1911-01-07,17.0,-122.0,51.0,254.0,51.0
1911-01-08,22.0,-33.0,33.0,279.0,25.0
1911-01-09,-11.0,-111.0,0.0,279.0,0.0
1911-01-10,39.0,-89.0,0.0,279.0,0.0
1911-01-11,61.0,-44.0,33.0,330.0,51.0
1911-01-12,-11.0,-72.0,0.0,330.0,0.0
1911-01-13,0.0,-56.0,0.0,330.0,0.0
1911-01-14,22.0,-22.0,0.0,178.0,0.0
1911-01-15,-11.0,-89.0,0.0,178.0,0.0
1911-01-16,-83.0,-156.0,0.0,178.0,0.0
1911-01-17,-56.0,-133.0,0.0,178.0,0.0
1911-01-18,-28.0,-167.0,0.0,178.0,0.0
1911-01-19,-6.0,-78.0,0.0,178.0,0.0
1911-01-20,11.0,-44.0,0.0,178.0,0.0
1911-01-21,22.0,-89.0,0.0,178.0,0.0
1911-01-22,-44.0,-144.0,0.0,178.0,0.0
1911-01-23,6.0,-117.0,0.0,178.0,0.0
1911-01-24,44.0,-44.0,0.0,178.0,0.0
1911-01-25,33.0,6.0,0.0,127.0,0.0
1911-01-26,33.0,6.0,13.0,76.0,0.0
1911-01-27,67.0,11.0,0.0,76.0,0.0
1911-01-28,11.0,-33.0,0.0,76.0,0.0
1911-01-29,28.0,-39.0,0.0,76.0,0.0
1911-01-30,22.0,-194.0,0.0,76.0,0.0
1911-01-31,-44.0,-111.0,51.0,127.0,51.0
1911-02-01,-33.0,-111.0,0.0,127.0,0.0
1911-02-02,-11.0,-89.0,0.0,127.0,0.0
1911-02-03,-28.0,-78.0,0.0,127.0,0.0
1911-02-04,0.0,-89.0,0.0,127.0,0.0
1911-02-05,-78.0,-139.0,0.0,127.0,0.0
1911-02-06,-78.0,-106.0,203.0,330.0,203.0
1911-02-07,-28.0,-111.0,25.0,356.0,25.0
1911-02-08,11.0,-117.0,0.0,356.0,0.0
1911-02-09,-6.0,-122.0,0.0,356.0,0.0
1911-02-10,0.0,-78.0,0.0,356.0,0.0
1911-02-11,44.0,-150.0,0.0,356.0,0.0
1911-02-12,39.0,11.0,0.0,127.0,0.0
1911-02-13,22.0,6.0,0.0,76.0,0.0
1911-02-14,11.0,-33.0,102.0,178.0,102.0
1911-02-15,-6.0,-39.0,0.0,178.0,0.0
1911-02-16,17.0,-17.0,0.0,178.0,0.0
1911-02-17,89.0,6.0,241.0,76.0,0.0
1911-02-18,11.0,-11.0,0.0,76.0,0.0
1911-02-19,0.0,-72.0,25.0,102.0,25.0
1911-02-20,-6.0,-94.0,25.0,127.0,25.0
1911-02-21,-33.0,-144.0,0.0,127.0,0.0
1911-02-22,0.0,-50.0,0.0,127.0,0.0
1911-02-23,56.0,-94.0,0.0,127.0,0.0
1911-02-24,39.0,-28.0,0.0,127.0,0.0
1911-02-25,100.0,6.0,0.0,0.0,0.0
1911-02-26,33.0,11.0,25.0,,0.0
1911-02-27,22.0,-89.0,0.0,,0.0
1911-02-28,28.0,-111.0,0.0,,0.0
1911-03-01,17.0,-67.0,0.0,51.0,0.0
1911-03-02,6.0,-44.0,0.0,51.0,0.0
1911-03-03,17.0,-56.0,51.0,102.0,51.0
1911-03-04,-39.0,-89.0,0.0,102.0,0.0
1911-03-05,-33.0,-144.0,0.0,102.0,0.0
1911-03-06,6.0,-44.0,0.0,76.0,0.0
1911-03-07,6.0,-78.0,0.0,51.0,0.0
1911-03-08,67.0,-106.0,0.0,25.0,0.0
1911-03-09,67.0,6.0,38.0,0.0,0.0
1911-03-10,39.0,-28.0,0.0,,0.0
1911-03-11,83.0,-28.0,0.0,,0.0
1911-03-12,100.0,0.0,0.0,,0.0
1911-03-13,67.0,-56.0,0.0,,0.0
1911-03-14,100.0,-50.0,0.0,,0.0
1911-03-15,50.0,-217.0,0.0,,0.0
1911-03-16,-39.0,-150.0,0.0,,0.0
1911-03-17,17.0,-106.0,25.0,,25.0
1911-03-18,-11.0,-106.0,0.0,,0.0
1911-03-19,44.0,-61.0,13.0,,13.0
1911-03-20,44.0,-17.0,0.0,,0.0
1911-03-21,106.0,-22.0,0.0,,0.0
1911-03-22,128.0,-106.0,152.0,,0.0
1911-03-23,0.0,-56.0,0.0,,0.0
1911-03-24,22.0,-72.0,0.0,,0.0
1911-03-25,133.0,-33.0,0.0,,0.0
1911-03-26,161.0,22.0,0.0,,0.0
1911-03-27,128.0,-6.0,76.0,,102.0
1911-03-28,56.0,-78.0,0.0,76.0,0.0
1911-03-29,11.0,-28.0,25.0,102.0,25.0
1911-03-30,6.0,-22.0,76.0,152.0,76.0
1911-03-31,11.0,-56.0,0.0,152.0,0.0
1911-04-01,-22.0,-83.0,0.0,152.0,0.0
1911-04-02,6.0,-106.0,0.0,102.0,0.0
1911-04-03,11.0,-106.0,0.0,102.0,0.0
1911-04-04,17.0,-33.0,89.0,51.0,0.0
1911-04-05,89.0,6.0,114.0,25.0,0.0
1911-04-06,39.0,0.0,102.0,25.0,25.0
1911-04-07,44.0,-28.0,0.0,,0.0
1911-04-08,33.0,-17.0,0.0,,0.0
1911-04-09,89.0,-22.0,0.0,,0.0
1911-04-10,117.0,-22.0,0.0,,0.0
1911-04-11,128.0,0.0,0.0,,0.0
1911-04-12,94.0,33.0,25.0,,0.0
1911-04-13,133.0,72.0,38.0,,0.0
1911-04-14,133.0,61.0,0.0,,0.0
1911-04-15,72.0,-11.0,,25.0,13.0
1911-04-16,100.0,-39.0,0.0,,0.0
1911-04-17,211.0,11.0,0.0,,0.0
1911-04-18,156.0,61.0,0.0,,0.0
1911-04-19,128.0,17.0,0.0,,0.0
1911-04-20,150.0,33.0,0.0,,0.0
1911-04-21,111.0,39.0,0.0,,0.0
1911-04-22,83.0,17.0,0.0,,0.0
1911-04-23,122.0,11.0,0.0,,0.0
1911-04-24,156.0,22.0,0.0,,0.0
1911-04-25,189.0,0.0,0.0,,0.0
1911-04-26,217.0,22.0,0.0,,0.0
1911-04-27,244.0,72.0,0.0,,0.0
1911-04-28,217.0,100.0,0.0,,0.0
1911-04-29,206.0,122.0,0.0,,0.0
1911-04-30,206.0,128.0,38.0,,0.0
1911-05-01,133.0,11.0,127.0,,0.0
1911-05-02,22.0,-17.0,0.0,,0.0
1911-05-03,100.0,-22.0,0.0,,0.0
1911-05-04,128.0,-22.0,0.0,,0.0
1911-05-05,189.0,0.0,0.0,,0.0
1911-05-06,217.0,33.0,0.0,,0.0
1911-05-07,239.0,44.0,0.0,,0.0
1911-05-08,256.0,78.0,0.0,,0.0
1911-05-09,239.0,67.0,0.0,,0.0
1911-05-10,239.0,83.0,25.0,,0.0
1911-05-11,256.0,161.0,0.0,,0.0
1911-05-12,217.0,72.0,0.0,,0.0
1911-05-13,161.0,17.0,0.0,,0.0
1911-05-14,217.0,17.0,0.0,,0.0
1911-05-15,244.0,139.0,25.0,,0.0
1911-05-16,178.0,78.0,102.0,,0.0
1911-05-17,289.0,89.0,51.0,,0.0
1911-05-18,317.0,172.0,25.0,,0.0
1911-05-19,328.0,183.0,76.0,,0.0
1911-05-20,306.0,200.0,76.0,,0.0
1911-05-21,289.0,172.0,140.0,,0.0
1911-05-22,289.0,,89.0,,0.0
1911-05-23,267.0,172.0,53.0,,0.0
1911-05-24,217.0,139.0,0.0,,0.0
1911-05-25,256.0,89.0,0.0,,0.0
1911-05-26,261.0,128.0,0.0,,0.0
1911-05-27,344.0,161.0,0.0,,0.0
1911-05-28,294.0,189.0,0.0,,0.0
1911-05-29,194.0,117.0,0.0,,0.0
1911-05-30,239.0,72.0,0.0,,0.0
1911-05-31,217.0,117.0,254.0,,0.0
1911-06-01,256.0,111.0,0.0,,
1911-06-02,228.0,150.0,0.0,,
1911-06-03,233.0,122.0,0.0,,
1911-06-04,239.0,122.0,279.0,,
1911-06-05,217.0,128.0,38.0,,
1911-06-06,228.0,117.0,0.0,,
1911-06-07,172.0,111.0,0.0,,
1911-06-08,222.0,100.0,0.0,,
1911-06-09,294.0,139.0,30.0,,
1911-06-10,350.0,200.0,0.0,,
1911-06-11,283.0,189.0,58.0,,
1911-06-12,211.0,128.0,76.0,,
1911-06-13,183.0,122.0,23.0,,
1911-06-14,239.0,100.0,0.0,,
1911-06-15,239.0,117.0,0.0,,
1911-06-16,256.0,122.0,0.0,,
1911-06-17,250.0,122.0,0.0,,
1911-06-18,289.0,122.0,0.0,,
1911-06-19,300.0,122.0,0.0,,
1911-06-20,256.0,144.0,0.0,,
1911-06-21,289.0,94.0,0.0,,
1911-06-22,317.0,183.0,64.0,,
1911-06-23,272.0,133.0,0.0,,
1911-06-24,267.0,128.0,0.0,,
1911-06-25,272.0,161.0,0.0,,
1911-06-26,294.0,189.0,64.0,,
1911-06-27,272.0,211.0,0.0,,
1911-06-28,217.0,128.0,0.0,,
1911-06-29,211.0,61.0,0.0,,
1911-06-30,294.0,106.0,0.0,,
1911-07-01,344.0,200.0,0.0,,0.0
1911-07-02,361.0,194.0,0.0,,0.0
1911-07-03,367.0,211.0,30.0,,0.0
1911-07-04,322.0,172.0,0.0,,0.0
1911-07-05,378.0,172.0,0.0,,0.0
1911-07-06,306.0,172.0,76.0,,0.0
1911-07-07,289.0,128.0,0.0,,0.0
1911-07-08,328.0,150.0,0.0,,0.0
1911-07-09,350.0,211.0,0.0,,0.0
1911-07-10,311.0,222.0,0.0,,0.0
1911-07-11,328.0,217.0,0.0,,0.0
1911-07-12,272.0,133.0,0.0,,0.0
1911-07-13,267.0,128.0,0.0,,0.0
1911-07-14,272.0,139.0,0.0,,0.0
1911-07-15,283.0,133.0,0.0,,0.0
1911-07-16,256.0,156.0,76.0,,0.0
1911-07-17,233.0,122.0,0.0,,0.0
1911-07-18,267.0,144.0,0.0,,0.0
1911-07-19,267.0,150.0,203.0,,0.0
1911-07-20,267.0,100.0,0.0,,0.0
1911-07-21,256.0,133.0,0.0,,0.0
1911-07-22,267.0,106.0,0.0,,0.0
1911-07-23,228.0,100.0,0.0,,0.0
1911-07-24,189.0,106.0,28.0,,0.0
1911-07-25,178.0,111.0,18.0,,0.0
1911-07-26,244.0,128.0,0.0,,0.0
1911-07-27,278.0,100.0,0.0,,0.0
1911-07-28,294.0,128.0,0.0,,0.0
1911-07-29,311.0,161.0,0.0,,0.0
1911-07-30,300.0,150.0,0.0,,0.0
1911-07-31,328.0,111.0,0.0,,0.0
1911-08-01,311.0,200.0,165.0,0.0,0.0
1911-08-02,267.0,178.0,58.0,0.0,0.0
1911-08-03,228.0,161.0,8.0,0.0,0.0
1911-08-04,311.0,144.0,0.0,0.0,0.0
1911-08-05,311.0,172.0,0.0,0.0,0.0
1911-08-06,322.0,178.0,20.0,0.0,0.0
1911-08-07,267.0,200.0,76.0,0.0,0.0
1911-08-08,322.0,133.0,0.0,0.0,0.0
1911-08-09,250.0,161.0,0.0,0.0,0.0
1911-08-10,222.0,144.0,51.0,0.0,0.0
1911-08-11,256.0,183.0,0.0,0.0,0.0
1911-08-12,289.0,122.0,0.0,0.0,0.0
1911-08-13,278.0,139.0,0.0,0.0,0.0
1911-08-14,283.0,139.0,0.0,0.0,0.0
1911-08-15,278.0,183.0,284.0,0.0,0.0
1911-08-16,294.0,167.0,267.0,0.0,0.0
1911-08-17,267.0,161.0,0.0,0.0,0.0
1911-08-18,228.0,133.0,0.0,0.0,0.0
1911-08-19,211.0,100.0,0.0,0.0,0.0
1911-08-20,233.0,122.0,0.0,0.0,0.0
1911-08-21,267.0,172.0,0.0,0.0,0.0
1911-08-22,211.0,156.0,64.0,0.0,0.0
1911-08-23,200.0,111.0,0.0,0.0,0.0
1911-08-24,217.0,106.0,0.0,0.0,0.0
1911-08-25,211.0,89.0,0.0,0.0,0.0
1911-08-26,267.0,100.0,0.0,0.0,0.0
1911-08-27,267.0,161.0,0.0,0.0,0.0
1911-08-28,272.0,150.0,0.0,0.0,0.0
1911-08-29,172.0,89.0,0.0,0.0,0.0
1911-08-30,167.0,56.0,0.0,0.0,0.0
1911-08-31,211.0,94.0,0.0,0.0,0.0
1911-09-01,244.0,172.0,0.0,0.0,0.0
1911-09-02,222.0,189.0,76.0,0.0,0.0
1911-09-03,228.0,111.0,0.0,0.0,0.0
1911-09-04,239.0,56.0,0.0,0.0,0.0
1911-09-05,189.0,106.0,38.0,0.0,0.0
1911-09-06,183.0,117.0,0.0,0.0,0.0
1911-09-07,139.0,94.0,51.0,0.0,0.0
1911-09-08,194.0,61.0,0.0,0.0,0.0
1911-09-09,206.0,100.0,0.0,0.0,0.0
1911-09-10,217.0,156.0,0.0,0.0,0.0
1911-09-11,250.0,139.0,30.0,0.0,0.0
1911-09-12,211.0,67.0,102.0,0.0,0.0
1911-09-13,156.0,44.0,0.0,0.0,0.0
1911-09-14,156.0,28.0,140.0,0.0,0.0
1911-09-15,239.0,128.0,127.0,0.0,0.0
1911-09-16,283.0,128.0,0.0,0.0,0.0
1911-09-17,256.0,133.0,0.0,0.0,0.0
1911-09-18,267.0,156.0,0.0,0.0,0.0
1911-09-19,239.0,106.0,0.0,0.0,0.0
1911-09-20,222.0,67.0,0.0,0.0,0.0
1911-09-21,217.0,67.0,0.0,0.0,0.0
1911-09-22,228.0,56.0,0.0,0.0,0.0
1911-09-23,261.0,67.0,0.0,0.0,0.0
1911-09-24,250.0,78.0,0.0,0.0,0.0
1911-09-25,150.0,117.0,206.0,0.0,0.0
1911-09-26,156.0,78.0,38.0,0.0,0.0
1911-09-27,211.0,61.0,51.0,0.0,0.0
1911-09-28,189.0,44.0,0.0,0.0,0.0
1911-09-29,128.0,67.0,254.0,0.0,0.0
1911-09-30,128.0,67.0,0.0,0.0,0.0
1911-10-01,117.0,67.0,165.0,0.0,0.0
1911-10-02,117.0,78.0,0.0,0.0,0.0
1911-10-03,128.0,83.0,51.0,0.0,0.0
1911-10-04,172.0,11.0,0.0,0.0,0.0
1911-10-05,194.0,83.0,0.0,0.0,0.0
1911-10-06,83.0,61.0,381.0,0.0,0.0
1911-10-07,83.0,22.0,0.0,0.0,0.0
1911-10-08,156.0,-6.0,0.0,0.0,0.0
1911-10-09,194.0,22.0,0.0,0.0,0.0
1911-10-10,128.0,44.0,0.0,0.0,0.0
1911-10-11,156.0,61.0,0.0,0.0,0.0
1911-10-12,150.0,67.0,0.0,0.0,0.0
1911-10-13,156.0,17.0,0.0,0.0,0.0
1911-10-14,167.0,17.0,0.0,0.0,0.0
1911-10-15,183.0,44.0,0.0,0.0,0.0
1911-10-16,222.0,67.0,0.0,0.0,0.0
1911-10-17,206.0,122.0,76.0,0.0,0.0
1911-10-18,178.0,44.0,0.0,0.0,0.0
1911-10-19,167.0,78.0,0.0,0.0,0.0
1911-10-20,122.0,78.0,0.0,0.0,0.0
1911-10-21,122.0,72.0,46.0,0.0,0.0
1911-10-22,111.0,56.0,229.0,0.0,0.0
1911-10-23,89.0,22.0,25.0,0.0,0.0
1911-10-24,122.0,28.0,0.0,0.0,0.0
1911-10-25,133.0,39.0,0.0,0.0,0.0
1911-10-26,111.0,-11.0,25.0,0.0,0.0
1911-10-27,78.0,11.0,0.0,0.0,0.0
1911-10-28,72.0,22.0,0.0,0.0,0.0
1911-10-29,78.0,6.0,0.0,0.0,0.0
1911-10-30,83.0,22.0,0.0,0.0,0.0
1911-10-31,61.0,28.0,64.0,0.0,0.0
1911-11-01,22.0,-44.0,0.0,,0.0
1911-11-02,6.0,-44.0,51.0,25.0,51.0
1911-11-03,22.0,-39.0,0.0,0.0,0.0
1911-11-04,61.0,-11.0,0.0,0.0,0.0
1911-11-05,83.0,-6.0,0.0,0.0,0.0
1911-11-06,72.0,17.0,292.0,0.0,0.0
1911-11-07,83.0,28.0,0.0,0.0,0.0
1911-11-08,94.0,33.0,0.0,0.0,0.0
1911-11-09,83.0,-6.0,0.0,0.0,0.0
1911-11-10,72.0,28.0,152.0,0.0,0.0
1911-11-11,194.0,28.0,0.0,0.0,0.0
1911-11-12,183.0,-56.0,165.0,0.0,0.0
1911-11-13,-56.0,-122.0,0.0,0.0,0.0
1911-11-14,-11.0,-56.0,25.0,25.0,25.0
1911-11-15,6.0,-56.0,25.0,51.0,25.0
1911-11-16,0.0,-67.0,0.0,51.0,0.0
1911-11-17,56.0,-122.0,178.0,0.0,0.0
1911-11-18,44.0,-22.0,51.0,51.0,51.0
1911-11-19,44.0,-61.0,0.0,,0.0
1911-11-20,6.0,-67.0,0.0,25.0,0.0
1911-11-21,11.0,-50.0,0.0,25.0,0.0
1911-11-22,17.0,-22.0,0.0,0.0,0.0
1911-11-23,17.0,-6.0,13.0,0.0,64.0
1911-11-24,0.0,-50.0,0.0,0.0,0.0
1911-11-25,17.0,-50.0,0.0,0.0,0.0
1911-11-26,44.0,-11.0,0.0,0.0,0.0
1911-11-27,89.0,-6.0,0.0,0.0,0.0
1911-11-28,67.0,-22.0,102.0,25.0,25.0
1911-11-29,0.0,-111.0,0.0,25.0,0.0
1911-11-30,17.0,-56.0,0.0,25.0,0.0
1911-12-01,6.0,-56.0,20.0,25.0,20.0
1911-12-02,11.0,-44.0,0.0,25.0,0.0
1911-12-03,-22.0,-61.0,0.0,25.0,0.0
1911-12-04,-11.0,-83.0,0.0,25.0,0.0
1911-12-05,44.0,-22.0,0.0,25.0,0.0
1911-12-06,72.0,-17.0,0.0,0.0,0.0
1911-12-07,44.0,17.0,58.0,0.0,0.0
1911-12-08,61.0,-11.0,0.0,0.0,0.0
1911-12-09,94.0,61.0,10.0,0.0,0.0
1911-12-10,122.0,67.0,20.0,0.0,0.0
1911-12-11,144.0,44.0,0.0,0.0,0.0
1911-12-12,111.0,17.0,0.0,0.0,0.0
1911-12-13,56.0,-33.0,0.0,0.0,0.0
1911-12-14,22.0,-39.0,0.0,0.0,0.0
1911-12-15,17.0,-28.0,0.0,0.0,0.0
1911-12-16,11.0,-44.0,76.0,76.0,76.0
1911-12-17,6.0,-33.0,0.0,76.0,0.0
1911-12-18,0.0,-50.0,0.0,76.0,0.0
1911-12-19,-17.0,-67.0,0.0,76.0,0.0
1911-12-20,0.0,-133.0,0.0,76.0,0.0
1911-12-21,11.0,-39.0,38.0,51.0,0.0
1911-12-22,33.0,6.0,51.0,25.0,0.0
1911-12-23,22.0,-28.0,0.0,0.0,0.0
1911-12-24,33.0,-17.0,0.0,0.0,0.0
1911-12-25,44.0,-17.0,0.0,0.0,0.0
1911-12-26,22.0,-39.0,20.0,25.0,13.0
1911-12-27,33.0,-67.0,0.0,0.0,0.0
1911-12-28,-67.0,-133.0,0.0,0.0,0.0
1911-12-29,-11.0,-106.0,0.0,0.0,0.0
1911-12-30,-11.0,-50.0,76.0,76.0,76.0
1911-12-31,22.0,-72.0,13.0,51.0,13.0
1912-01-01,-33.0,-78.0,13.0,76.0,13.0
1912-01-02,-67.0,-122.0,0.0,76.0,0.0
1912-01-03,-89.0,-156.0,0.0,76.0,0.0
1912-01-04,-94.0,-144.0,0.0,76.0,0.0
1912-01-05,-128.0,-200.0,0.0,76.0,0.0
1912-01-06,-161.0,-222.0,0.0,76.0,0.0
1912-01-07,-167.0,-194.0,0.0,76.0,0.0
1912-01-08,-111.0,-217.0,102.0,178.0,102.0
1912-01-09,-111.0,-183.0,13.0,178.0,13.0
1912-01-10,-150.0,-206.0,0.0,178.0,0.0
1912-01-11,-133.0,-222.0,0.0,178.0,0.0
1912-01-12,-150.0,-206.0,0.0,178.0,0.0
1912-01-13,-122.0,-272.0,0.0,178.0,0.0
1912-01-14,-89.0,-144.0,0.0,178.0,0.0
1912-01-15,-89.0,-206.0,0.0,178.0,0.0
1912-01-16,-144.0,-206.0,0.0,178.0,0.0
1912-01-17,-67.0,-194.0,0.0,178.0,0.0
1912-01-18,-11.0,-67.0,0.0,178.0,0.0
1912-01-19,-39.0,-167.0,0.0,178.0,0.0
1912-01-20,-111.0,-211.0,0.0,178.0,0.0
1912-01-21,-78.0,-156.0,0.0,178.0,0.0
1912-01-22,-78.0,-206.0,0.0,178.0,0.0
1912-01-23,-39.0,-206.0,0.0,178.0,0.0
1912-01-24,-67.0,-178.0,0.0,178.0,0.0
1912-01-25,-111.0,-222.0,0.0,178.0,0.0
1912-01-26,-89.0,-222.0,0.0,178.0,0.0
1912-01-27,-94.0,-217.0,0.0,178.0,0.0
1912-01-28,-78.0,-278.0,0.0,178.0,0.0
1912-01-29,-39.0,-78.0,0.0,178.0,0.0
1912-01-30,-50.0,-78.0,0.0,178.0,0.0
1912-01-31,-39.0,-156.0,0.0,178.0,0.0
1912-02-01,-44.0,-211.0,0.0,178.0,0.0
1912-02-02,-67.0,-211.0,0.0,178.0,0.0
1912-02-03,-144.0,-317.0,0.0,178.0,0.0
1912-02-04,-133.0,-267.0,0.0,178.0,0.0
1912-02-05,-128.0,-222.0,0.0,178.0,0.0
1912-02-06,-11.0,-67.0,25.0,203.0,25.0
1912-02-07,-67.0,-122.0,0.0,203.0,0.0
1912-02-08,-122.0,-200.0,0.0,203.0,0.0
1912-02-09,-156.0,-244.0,0.0,203.0,0.0
1912-02-10,-178.0,-306.0,0.0,203.0,0.0
1912-02-11,-122.0,-306.0,0.0,203.0,0.0
1912-02-12,-111.0,-239.0,0.0,203.0,0.0
1912-02-13,-67.0,-289.0,0.0,203.0,0.0
1912-02-14,-33.0,-133.0,0.0,203.0,0.0
1912-02-15,22.0,-89.0,0.0,178.0,0.0
1912-02-16,17.0,-33.0,0.0,152.0,0.0
1912-02-17,22.0,-89.0,0.0,102.0,0.0
1912-02-18,50.0,-39.0,0.0,102.0,0.0
1912-02-19,44.0,-56.0,0.0,102.0,0.0
1912-02-20,44.0,-67.0,0.0,76.0,0.0
1912-02-21,-67.0,-111.0,254.0,25.0,254.0
1912-02-22,-100.0,-156.0,203.0,51.0,203.0
1912-02-23,-11.0,-156.0,0.0,533.0,0.0
1912-02-24,56.0,-67.0,0.0,457.0,0.0
1912-02-25,11.0,-17.0,0.0,356.0,0.0
1912-02-26,-11.0,-78.0,152.0,508.0,152.0
1912-02-27,-50.0,-122.0,0.0,508.0,0.0
1912-02-28,-67.0,-239.0,0.0,508.0,0.0
1912-02-29,-50.0,-233.0,0.0,508.0,0.0
1912-03-01,-67.0,-194.0,0.0,508.0,0.0
1912-03-02,-94.0,-222.0,0.0,508.0,0.0
1912-03-03,-72.0,-206.0,0.0,508.0,0.0
1912-03-04,-78.0,-206.0,0.0,508.0,0.0
1912-03-05,-67.0,-200.0,0.0,508.0,0.0
1912-03-06,-39.0,-244.0,0.0,508.0,0.0
1912-03-07,22.0,-150.0,0.0,381.0,0.0
1912-03-08,17.0,-44.0,0.0,381.0,0.0
1912-03-09,-39.0,-161.0,0.0,381.0,0.0
1912-03-10,17.0,-150.0,0.0,305.0,0.0
1912-03-11,11.0,-178.0,0.0,305.0,0.0
1912-03-12,17.0,-133.0,51.0,330.0,51.0
1912-03-13,17.0,-128.0,0.0,254.0,0.0
1912-03-14,33.0,-67.0,0.0,254.0,0.0
1912-03-15,-11.0,-67.0,102.0,356.0,102.0
1912-03-16,17.0,-228.0,0.0,330.0,0.0
1912-03-17,33.0,-67.0,0.0,305.0,0.0
1912-03-18,78.0,-11.0,0.0,203.0,0.0
1912-03-19,89.0,-22.0,0.0,152.0,0.0
1912-03-20,17.0,-133.0,0.0,127.0,0.0
1912-03-21,-39.0,-89.0,127.0,254.0,127.0
1912-03-22,-22.0,-122.0,0.0,254.0,0.0
1912-03-23,17.0,-111.0,0.0,254.0,0.0
1912-03-24,-11.0,-122.0,0.0,254.0,0.0
1912-03-25,-22.0,-133.0,0.0,254.0,0.0
1912-03-26,44.0,-61.0,38.0,229.0,38.0
1912-03-27,56.0,-33.0,0.0,203.0,0.0
1912-03-28,89.0,-11.0,0.0,152.0,0.0
1912-03-29,17.0,-22.0,0.0,127.0,0.0
1912-03-30,50.0,-61.0,0.0,127.0,0.0
1912-03-31,56.0,-6.0,28.0,102.0,0.0
1912-04-01,6.0,-56.0,51.0,25.0,51.0
1912-04-02,0.0,-44.0,0.0,25.0,0.0
1912-04-03,28.0,-78.0,0.0,0.0,0.0
1912-04-04,17.0,0.0,0.0,0.0,0.0
1912-04-05,194.0,67.0,0.0,0.0,0.0
1912-04-06,222.0,72.0,0.0,0.0,0.0
1912-04-07,183.0,-100.0,0.0,0.0,0.0
1912-04-08,17.0,-39.0,0.0,0.0,0.0
1912-04-09,161.0,6.0,0.0,0.0,0.0
1912-04-10,111.0,6.0,0.0,0.0,0.0
1912-04-11,100.0,44.0,0.0,0.0,0.0
1912-04-12,100.0,17.0,36.0,0.0,0.0
1912-04-13,78.0,6.0,0.0,0.0,0.0
1912-04-14,144.0,33.0,64.0,0.0,0.0
1912-04-15,211.0,78.0,0.0,0.0,0.0
1912-04-16,128.0,17.0,0.0,0.0,0.0
1912-04-17,78.0,-6.0,0.0,0.0,0.0
1912-04-18,17.0,0.0,185.0,0.0,0.0
1912-04-19,78.0,-6.0,0.0,0.0,0.0
1912-04-20,128.0,-17.0,0.0,0.0,0.0
1912-04-21,128.0,11.0,0.0,0.0,0.0
1912-04-22,128.0,11.0,51.0,0.0,0.0
1912-04-23,133.0,28.0,0.0,0.0,0.0
1912-04-24,89.0,22.0,20.0,0.0,0.0
1912-04-25,156.0,6.0,0.0,0.0,0.0
1912-04-26,217.0,78.0,0.0,0.0,0.0
1912-04-27,172.0,-11.0,0.0,0.0,0.0
1912-04-28,156.0,61.0,0.0,0.0,0.0
1912-04-29,122.0,17.0,25.0,0.0,0.0
1912-04-30,167.0,22.0,0.0,0.0,0.0
1912-05-01,133.0,0.0,0.0,0.0,0.0
1912-05-02,194.0,33.0,0.0,0.0,0.0
1912-05-03,211.0,89.0,0.0,0.0,0.0
1912-05-04,222.0,78.0,0.0,0.0,0.0
1912-05-05,161.0,56.0,25.0,0.0,0.0
1912-05-06,261.0,33.0,0.0,0.0,0.0
1912-05-07,261.0,106.0,51.0,0.0,0.0
1912-05-08,233.0,89.0,0.0,0.0,0.0
1912-05-09,183.0,61.0,0.0,0.0,0.0
1912-05-10,250.0,56.0,0.0,0.0,0.0
1912-05-11,183.0,100.0,51.0,0.0,0.0
1912-05-12,100.0,33.0,25.0,0.0,0.0
1912-05-13,111.0,6.0,41.0,0.0,0.0
1912-05-14,128.0,33.0,0.0,0.0,0.0
1912-05-15,144.0,17.0,0.0,0.0,0.0
1912-05-16,128.0,56.0,279.0,0.0,0.0
1912-05-17,133.0,33.0,25.0,0.0,0.0
1912-05-18,211.0,72.0,0.0,0.0,0.0
1912-05-19,183.0,72.0,165.0,0.0,0.0
1912-05-20,94.0,39.0,605.0,0.0,0.0
1912-05-21,100.0,50.0,274.0,0.0,0.0
1912-05-22,272.0,83.0,254.0,0.0,0.0
1912-05-23,239.0,72.0,0.0,0.0,0.0
1912-05-24,267.0,178.0,0.0,0.0,0.0
1912-05-25,244.0,89.0,0.0,0.0,0.0
1912-05-26,233.0,178.0,0.0,0.0,0.0
1912-05-27,228.0,100.0,150.0,0.0,0.0
1912-05-28,261.0,122.0,48.0,0.0,0.0
1912-05-29,150.0,67.0,15.0,0.0,0.0
1912-05-30,200.0,78.0,0.0,0.0,0.0
1912-05-31,228.0,67.0,0.0,0.0,0.0
1912-06-01,278.0,139.0,0.0,0.0,0.0
1912-06-02,233.0,144.0,216.0,0.0,0.0
1912-06-03,267.0,100.0,0.0,0.0,0.0
1912-06-04,206.0,111.0,38.0,0.0,0.0
1912-06-05,200.0,67.0,0.0,0.0,0.0
1912-06-06,167.0,150.0,122.0,0.0,0.0
1912-06-07,222.0,78.0,0.0,0.0,0.0
1912-06-08,200.0,67.0,0.0,0.0,0.0
1912-06-09,233.0,56.0,0.0,0.0,0.0
1912-06-10,239.0,100.0,0.0,0.0,0.0
1912-06-11,267.0,72.0,0.0,0.0,0.0
1912-06-12,256.0,139.0,46.0,0.0,0.0
1912-06-13,256.0,144.0,0.0,0.0,0.0
1912-06-14,211.0,122.0,25.0,0.0,0.0
1912-06-15,222.0,172.0,20.0,0.0,0.0
1912-06-16,278.0,167.0,0.0,0.0,0.0
1912-06-17,228.0,44.0,0.0,0.0,0.0
1912-06-18,222.0,111.0,0.0,0.0,0.0
1912-06-19,228.0,83.0,0.0,0.0,0.0
1912-06-20,239.0,67.0,0.0,0.0,0.0
1912-06-21,206.0,83.0,0.0,0.0,0.0
1912-06-22,239.0,67.0,0.0,0.0,0.0
1912-06-23,278.0,144.0,0.0,0.0,0.0
1912-06-24,283.0,139.0,0.0,0.0,0.0
1912-06-25,294.0,172.0,8.0,0.0,0.0
1912-06-26,228.0,128.0,0.0,0.0,0.0
1912-06-27,,,0.0,0.0,0.0
1912-06-28,311.0,100.0,0.0,0.0,0.0
1912-06-29,317.0,167.0,0.0,0.0,0.0
1912-06-30,261.0,83.0,0.0,0.0,0.0
1912-07-01,256.0,122.0,0.0,0.0,0.0
1912-07-02,306.0,128.0,0.0,0.0,0.0
1912-07-03,294.0,61.0,48.0,0.0,0.0
1912-07-04,311.0,194.0,0.0,0.0,0.0
1912-07-05,317.0,183.0,0.0,0.0,0.0
1912-07-06,322.0,194.0,0.0,0.0,0.0
1912-07-07,306.0,200.0,287.0,0.0,0.0
1912-07-08,306.0,211.0,0.0,0.0,0.0
1912-07-09,322.0,194.0,0.0,0.0,0.0
1912-07-10,300.0,211.0,0.0,0.0,0.0
1912-07-11,239.0,156.0,0.0,0.0,0.0
1912-07-12,294.0,128.0,0.0,0.0,0.0
1912-07-13,300.0,139.0,84.0,0.0,0.0
1912-07-14,311.0,156.0,0.0,0.0,0.0
1912-07-15,289.0,206.0,0.0,0.0,0.0
1912-07-16,222.0,111.0,0.0,0.0,0.0
1912-07-17,278.0,100.0,0.0,0.0,0.0
1912-07-18,222.0,122.0,41.0,0.0,0.0
1912-07-19,206.0,106.0,0.0,0.0,0.0
1912-07-20,222.0,72.0,0.0,0.0,0.0
1912-07-21,244.0,161.0,135.0,0.0,0.0
1912-07-22,211.0,156.0,0.0,0.0,0.0
1912-07-23,233.0,122.0,58.0,0.0,0.0
1912-07-24,211.0,156.0,97.0,0.0,0.0
1912-07-25,272.0,156.0,0.0,0.0,0.0
1912-07-26,261.0,172.0,0.0,0.0,0.0
1912-07-27,244.0,89.0,0.0,0.0,0.0
1912-07-28,244.0,156.0,0.0,0.0,0.0
1912-07-29,244.0,161.0,51.0,0.0,0.0
1912-07-30,217.0,139.0,99.0,0.0,0.0
1912-07-31,206.0,78.0,46.0,0.0,0.0
1912-08-01,217.0,94.0,0.0,0.0,0.0
1912-08-02,156.0,83.0,53.0,0.0,0.0
1912-08-03,183.0,100.0,33.0,0.0,0.0
1912-08-04,217.0,111.0,0.0,0.0,0.0
1912-08-05,222.0,94.0,0.0,0.0,0.0
1912-08-06,250.0,94.0,20.0,0.0,0.0
1912-08-07,278.0,156.0,28.0,0.0,0.0
1912-08-08,272.0,172.0,86.0,0.0,0.0
1912-08-09,256.0,183.0,79.0,0.0,0.0
1912-08-10,278.0,183.0,0.0,0.0,0.0
1912-08-11,289.0,200.0,0.0,0.0,0.0
1912-08-12,278.0,178.0,0.0,0.0,0.0
1912-08-13,294.0,211.0,0.0,0.0,0.0
1912-08-14,283.0,200.0,0.0,0.0,0.0
1912-08-15,222.0,50.0,0.0,0.0,0.0
1912-08-16,261.0,100.0,0.0,0.0,0.0
1912-08-17,178.0,78.0,74.0,0.0,0.0
1912-08-18,244.0,133.0,0.0,0.0,0.0
1912-08-19,250.0,156.0,20.0,0.0,0.0
1912-08-20,228.0,106.0,0.0,0.0,0.0
1912-08-21,256.0,117.0,0.0,0.0,0.0
1912-08-22,217.0,150.0,58.0,0.0,0.0
1912-08-23,183.0,117.0,0.0,0.0,0.0
1912-08-24,294.0,78.0,43.0,0.0,0.0
1912-08-25,306.0,94.0,0.0,0.0,0.0
1912-08-26,300.0,106.0,0.0,0.0,0.0
1912-08-27,194.0,117.0,0.0,0.0,0.0
1912-08-28,144.0,117.0,211.0,0.0,0.0
1912-08-29,183.0,100.0,18.0,0.0,0.0
1912-08-30,144.0,44.0,0.0,0.0,0.0
1912-08-31,256.0,111.0,0.0,0.0,0.0
1912-09-01,272.0,117.0,0.0,0.0,0.0
1912-09-02,283.0,133.0,264.0,0.0,0.0
1912-09-03,222.0,133.0,0.0,0.0,0.0
1912-09-04,267.0,144.0,0.0,0.0,0.0
1912-09-05,311.0,200.0,0.0,0.0,0.0
1912-09-06,322.0,217.0,0.0,0.0,0.0
1912-09-07,328.0,178.0,0.0,0.0,0.0
1912-09-08,256.0,122.0,0.0,0.0,0.0
1912-09-09,317.0,139.0,0.0,0.0,0.0
1912-09-10,311.0,156.0,0.0,0.0,0.0
1912-09-11,322.0,172.0,0.0,0.0,0.0
1912-09-12,278.0,133.0,0.0,0.0,0.0
1912-09-13,239.0,122.0,0.0,0.0,0.0
1912-09-14,239.0,150.0,0.0,0.0,0.0
1912-09-15,256.0,144.0,198.0,0.0,0.0
1912-09-16,189.0,100.0,0.0,0.0,0.0
1912-09-17,178.0,94.0,43.0,0.0,0.0
1912-09-18,211.0,139.0,0.0,0.0,0.0
1912-09-19,200.0,89.0,94.0,0.0,0.0
1912-09-20,217.0,78.0,0.0,0.0,0.0
1912-09-21,233.0,94.0,0.0,0.0,0.0
1912-09-22,244.0,111.0,107.0,0.0,0.0
1912-09-23,211.0,78.0,0.0,0.0,0.0
1912-09-24,183.0,106.0,0.0,0.0,0.0
1912-09-25,250.0,89.0,0.0,0.0,0.0
1912-09-26,167.0,78.0,0.0,0.0,0.0
1912-09-27,133.0,50.0,0.0,0.0,0.0
1912-09-28,128.0,44.0,76.0,0.0,0.0
1912-09-29,161.0,33.0,0.0,0.0,0.0
1912-09-30,133.0,67.0,0.0,0.0,0.0
1912-10-01,150.0,61.0,0.0,0.0,0.0
1912-10-02,200.0,33.0,0.0,0.0,0.0
1912-10-03,139.0,50.0,61.0,0.0,0.0
1912-10-04,222.0,106.0,0.0,0.0,0.0
1912-10-05,244.0,67.0,0.0,0.0,0.0
1912-10-06,261.0,72.0,0.0,0.0,0.0
1912-10-07,183.0,56.0,0.0,0.0,0.0
1912-10-08,133.0,28.0,0.0,0.0,0.0
1912-10-09,256.0,67.0,173.0,0.0,0.0
1912-10-10,150.0,100.0,0.0,0.0,0.0
1912-10-11,144.0,111.0,25.0,0.0,0.0
1912-10-12,150.0,122.0,0.0,0.0,0.0
1912-10-13,161.0,44.0,0.0,0.0,0.0
1912-10-14,167.0,56.0,0.0,0.0,0.0
1912-10-15,150.0,28.0,0.0,0.0,0.0
1912-10-16,150.0,-11.0,0.0,0.0,0.0
1912-10-17,211.0,44.0,0.0,0.0,0.0
1912-10-18,167.0,61.0,0.0,0.0,0.0
1912-10-19,150.0,56.0,0.0,0.0,0.0
1912-10-20,133.0,-6.0,0.0,0.0,0.0
1912-10-21,222.0,44.0,0.0,0.0,0.0
1912-10-22,161.0,78.0,124.0,0.0,0.0
1912-10-23,78.0,17.0,0.0,0.0,0.0
1912-10-24,78.0,33.0,0.0,0.0,0.0
1912-10-25,133.0,39.0,0.0,0.0,0.0
1912-10-26,89.0,28.0,0.0,0.0,0.0
1912-10-27,139.0,39.0,0.0,0.0,0.0
1912-10-28,144.0,44.0,0.0,0.0,0.0
1912-10-29,128.0,22.0,0.0,0.0,0.0
1912-10-30,128.0,61.0,0.0,0.0,0.0
1912-10-31,61.0,-17.0,81.0,0.0,0.0
1912-11-01,33.0,-56.0,208.0,0.0,0.0
1912-11-02,33.0,-39.0,0.0,0.0,0.0
1912-11-03,67.0,-39.0,0.0,0.0,0.0
1912-11-04,100.0,0.0,0.0,0.0,0.0
1912-11-05,106.0,56.0,0.0,0.0,0.0
1912-11-06,133.0,67.0,262.0,0.0,0.0
1912-11-07,78.0,44.0,0.0,0.0,0.0
1912-11-08,72.0,-6.0,0.0,0.0,0.0
1912-11-09,67.0,0.0,0.0,0.0,0.0
1912-11-10,122.0,33.0,0.0,0.0,0.0
1912-11-11,139.0,83.0,0.0,0.0,0.0
1912-11-12,156.0,67.0,33.0,0.0,0.0
1912-11-13,122.0,39.0,282.0,0.0,0.0
1912-11-14,39.0,-33.0,46.0,0.0,0.0
1912-11-15,-11.0,-39.0,0.0,0.0,0.0
1912-11-16,50.0,-61.0,0.0,0.0,0.0
1912-11-17,28.0,-39.0,0.0,0.0,0.0
1912-11-18,44.0,11.0,0.0,0.0,0.0
1912-11-19,67.0,11.0,0.0,0.0,0.0
1912-11-20,139.0,-6.0,0.0,0.0,0.0
1912-11-21,89.0,-11.0,0.0,0.0,0.0
1912-11-22,128.0,-6.0,0.0,0.0,0.0
1912-11-23,139.0,-17.0,0.0,0.0,0.0
1912-11-24,56.0,-17.0,0.0,0.0,0.0
1912-11-25,28.0,-22.0,0.0,0.0,0.0
1912-11-26,11.0,-17.0,25.0,25.0,25.0
1912-11-27,0.0,-28.0,0.0,25.0,0.0
1912-11-28,6.0,-61.0,51.0,51.0,51.0
1912-11-29,11.0,-22.0,0.0,0.0,0.0
1912-11-30,56.0,-22.0,0.0,0.0,0.0
1912-12-01,78.0,11.0,33.0,0.0,0.0
1912-12-02,39.0,-22.0,178.0,0.0,0.0
1912-12-03,0.0,-39.0,0.0,0.0,0.0
1912-12-04,56.0,0.0,0.0,0.0,0.0
1912-12-05,94.0,-11.0,109.0,0.0,0.0
1912-12-06,150.0,-17.0,0.0,0.0,0.0
1912-12-07,6.0,-56.0,0.0,0.0,0.0
1912-12-08,-11.0,-122.0,0.0,0.0,0.0
1912-12-09,-17.0,-133.0,0.0,0.0,0.0
1912-12-10,17.0,-17.0,0.0,0.0,0.0
1912-12-11,-6.0,-94.0,0.0,0.0,0.0
1912-12-12,-94.0,-139.0,0.0,0.0,0.0
1912-12-13,-17.0,-106.0,0.0,0.0,0.0
1912-12-14,6.0,-56.0,0.0,0.0,0.0
1912-12-15,39.0,-22.0,0.0,0.0,0.0
1912-12-16,22.0,-6.0,0.0,0.0,0.0
1912-12-17,56.0,-11.0,0.0,0.0,0.0
1912-12-18,56.0,-11.0,0.0,0.0,0.0
1912-12-19,6.0,-28.0,0.0,0.0,0.0
1912-12-20,-11.0,-44.0,0.0,0.0,0.0
1912-12-21,-22.0,-61.0,0.0,0.0,25.0
1912-12-22,-39.0,-78.0,0.0,0.0,0.0
1912-12-23,-6.0,-94.0,0.0,0.0,0.0
1912-12-24,6.0,-44.0,0.0,0.0,0.0
1912-12-25,44.0,-67.0,0.0,0.0,0.0
1912-12-26,6.0,-56.0,5.0,0.0,5.0
1912-12-27,-6.0,-117.0,0.0,0.0,0.0
1912-12-28,44.0,-61.0,0.0,0.0,0.0
1912-12-29,44.0,-56.0,0.0,0.0,0.0
1912-12-30,28.0,-33.0,0.0,0.0,0.0
1912-12-31,56.0,-17.0,0.0,0.0,0.0
1913-01-01,39.0,-44.0,0.0,0.0,0.0
1913-01-02,44.0,-6.0,0.0,0.0,0.0
1913-01-03,17.0,-17.0,43.0,0.0,51.0
1913-01-04,-17.0,-67.0,0.0,0.0,0.0
1913-01-05,17.0,-133.0,0.0,0.0,0.0
1913-01-06,0.0,-44.0,0.0,0.0,0.0
1913-01-07,-28.0,-56.0,102.0,25.0,102.0
1913-01-08,-44.0,-139.0,0.0,25.0,0.0
1913-01-09,-44.0,-194.0,0.0,25.0,0.0
1913-01-10,-11.0,-94.0,0.0,25.0,0.0
1913-01-11,17.0,-56.0,0.0,0.0,0.0
1913-01-12,-11.0,-139.0,0.0,0.0,0.0
1913-01-13,-28.0,-156.0,0.0,0.0,0.0
1913-01-14,-22.0,-83.0,0.0,0.0,0.0
1913-01-15,28.0,-39.0,0.0,0.0,0.0
1913-01-16,44.0,11.0,0.0,0.0,0.0
1913-01-17,111.0,17.0,246.0,0.0,0.0
1913-01-18,39.0,-28.0,0.0,0.0,0.0
1913-01-19,11.0,-28.0,0.0,0.0,0.0
1913-01-20,44.0,-56.0,71.0,0.0,51.0
1913-01-21,-56.0,-128.0,0.0,0.0,0.0
1913-01-22,-28.0,-117.0,0.0,0.0,0.0
1913-01-23,33.0,-33.0,69.0,0.0,0.0
1913-01-24,17.0,-28.0,0.0,0.0,0.0
1913-01-25,6.0,-67.0,0.0,0.0,0.0
1913-01-26,17.0,-28.0,0.0,0.0,0.0
1913-01-27,17.0,-78.0,0.0,0.0,0.0
1913-01-28,-39.0,-122.0,0.0,0.0,0.0
1913-01-29,-17.0,-128.0,0.0,0.0,0.0
1913-01-30,44.0,-78.0,0.0,0.0,0.0
1913-01-31,44.0,-78.0,0.0,0.0,0.0
1913-02-01,-78.0,-161.0,0.0,0.0,0.0
1913-02-02,-67.0,-128.0,0.0,0.0,0.0
1913-02-03,-72.0,-139.0,0.0,0.0,0.0
1913-02-04,-72.0,-144.0,0.0,0.0,0.0
1913-02-05,-106.0,-178.0,0.0,0.0,0.0
1913-02-06,-111.0,-178.0,0.0,0.0,0.0
1913-02-07,-44.0,,0.0,0.0,0.0
1913-02-08,-28.0,,38.0,0.0,38.0
1913-02-09,-56.0,-172.0,0.0,0.0,0.0
1913-02-10,-28.0,,0.0,0.0,0.0
1913-02-11,-50.0,-117.0,0.0,0.0,0.0
1913-02-12,-100.0,-156.0,0.0,0.0,0.0
1913-02-13,-50.0,-150.0,0.0,0.0,0.0
1913-02-14,22.0,,0.0,0.0,0.0
1913-02-15,22.0,-72.0,51.0,0.0,51.0
1913-02-16,-33.0,-117.0,0.0,0.0,0.0
1913-02-17,-17.0,-83.0,0.0,0.0,0.0
1913-02-18,-33.0,-167.0,0.0,0.0,0.0
1913-02-19,78.0,-44.0,0.0,0.0,0.0
1913-02-20,78.0,-11.0,0.0,0.0,0.0
1913-02-21,-11.0,-56.0,25.0,0.0,25.0
1913-02-22,6.0,-56.0,102.0,25.0,102.0
1913-02-23,-11.0,-150.0,0.0,25.0,0.0
1913-02-24,-89.0,-244.0,0.0,25.0,0.0
1913-02-25,,,51.0,25.0,51.0
1913-02-26,-33.0,-89.0,0.0,25.0,0.0
1913-02-27,-11.0,-67.0,0.0,25.0,0.0
1913-02-28,-28.0,-117.0,0.0,25.0,0.0
1913-03-01,-56.0,-117.0,0.0,25.0,0.0
1913-03-02,-67.0,-128.0,0.0,25.0,0.0
1913-03-03,-83.0,-150.0,0.0,25.0,0.0
1913-03-04,,,0.0,25.0,0.0
1913-03-05,-78.0,-178.0,0.0,25.0,0.0
1913-03-06,-133.0,-189.0,0.0,25.0,0.0
1913-03-07,-94.0,-228.0,0.0,25.0,0.0
1913-03-08,33.0,-167.0,0.0,0.0,0.0
1913-03-09,56.0,-6.0,0.0,0.0,0.0
1913-03-10,28.0,-67.0,0.0,0.0,0.0
1913-03-11,44.0,-39.0,0.0,0.0,0.0
1913-03-12,106.0,,0.0,0.0,0.0
1913-03-13,156.0,6.0,0.0,0.0,0.0
1913-03-14,189.0,67.0,0.0,0.0,0.0
1913-03-15,78.0,-67.0,0.0,0.0,0.0
1913-03-16,-44.0,-122.0,0.0,0.0,0.0
1913-03-17,89.0,-44.0,0.0,0.0,0.0
1913-03-18,33.0,,0.0,0.0,0.0
1913-03-19,167.0,,0.0,0.0,0.0
1913-03-20,144.0,44.0,0.0,0.0,0.0
1913-03-21,144.0,-39.0,102.0,0.0,0.0
1913-03-22,-11.0,-67.0,0.0,0.0,0.0
1913-03-23,78.0,-33.0,0.0,0.0,0.0
1913-03-24,111.0,28.0,89.0,0.0,0.0
1913-03-25,39.0,-67.0,0.0,0.0,0.0
1913-03-26,6.0,-28.0,0.0,0.0,0.0
1913-03-27,28.0,-89.0,0.0,0.0,0.0
1913-03-28,17.0,-111.0,0.0,0.0,0.0
1913-03-29,111.0,11.0,0.0,0.0,0.0
1913-03-30,39.0,-11.0,0.0,0.0,0.0
1913-03-31,78.0,0.0,86.0,0.0,0.0
1913-04-01,78.0,-17.0,0.0,0.0,0.0
1913-04-02,106.0,-11.0,38.0,0.0,0.0
1913-04-03,100.0,33.0,191.0,0.0,0.0
1913-04-04,111.0,17.0,0.0,0.0,0.0
1913-04-05,28.0,-94.0,0.0,0.0,0.0
1913-04-06,83.0,-111.0,0.0,0.0,0.0
1913-04-07,28.0,-28.0,0.0,0.0,0.0
1913-04-08,61.0,-39.0,0.0,0.0,0.0
1913-04-09,78.0,-39.0,0.0,0.0,0.0
1913-04-10,61.0,11.0,292.0,0.0,0.0
1913-04-11,83.0,22.0,0.0,0.0,0.0
1913-04-12,106.0,44.0,0.0,0.0,0.0
1913-04-13,61.0,17.0,0.0,0.0,0.0
1913-04-14,106.0,-6.0,0.0,0.0,0.0
1913-04-15,133.0,-17.0,0.0,0.0,0.0
1913-04-16,106.0,17.0,0.0,0.0,0.0
1913-04-17,200.0,-11.0,0.0,0.0,0.0
1913-04-18,239.0,61.0,0.0,0.0,0.0
1913-04-19,61.0,-61.0,0.0,0.0,0.0
1913-04-20,83.0,-22.0,0.0,0.0,0.0
1913-04-21,133.0,-17.0,0.0,0.0,0.0
1913-04-22,217.0,78.0,20.0,0.0,0.0
1913-04-23,267.0,133.0,0.0,0.0,0.0
1913-04-24,272.0,78.0,0.0,0.0,0.0
1913-04-25,206.0,78.0,0.0,0.0,0.0
1913-04-26,89.0,44.0,203.0,0.0,0.0
1913-04-27,50.0,33.0,0.0,0.0,0.0
1913-04-28,106.0,-11.0,0.0,0.0,0.0
1913-04-29,183.0,22.0,0.0,0.0,0.0
1913-04-30,206.0,17.0,0.0,0.0,0.0
1913-05-01,272.0,100.0,0.0,0.0,0.0
1913-05-02,294.0,183.0,0.0,0.0,0.0
1913-05-03,278.0,161.0,0.0,0.0,0.0
1913-05-04,267.0,172.0,0.0,0.0,0.0
1913-05-05,256.0,156.0,0.0,0.0,0.0
1913-05-06,283.0,78.0,69.0,0.0,0.0
1913-05-07,133.0,22.0,0.0,0.0,0.0
1913-05-08,206.0,106.0,0.0,0.0,0.0
1913-05-09,133.0,22.0,0.0,0.0,0.0
1913-05-10,117.0,-6.0,0.0,0.0,0.0
1913-05-11,111.0,-17.0,0.0,0.0,0.0
1913-05-12,172.0,44.0,0.0,0.0,0.0
1913-05-13,183.0,44.0,30.0,0.0,0.0
1913-05-14,139.0,22.0,0.0,0.0,0.0
1913-05-15,172.0,50.0,191.0,0.0,0.0
1913-05-16,161.0,78.0,0.0,0.0,0.0
1913-05-17,,,0.0,,
1913-05-18,,,0.0,,0.0
1913-05-19,161.0,39.0,0.0,0.0,0.0
1913-05-20,156.0,67.0,0.0,0.0,0.0
1913-05-21,228.0,72.0,23.0,0.0,0.0
1913-05-22,244.0,83.0,76.0,0.0,0.0
1913-05-23,250.0,122.0,28.0,0.0,0.0
1913-05-24,194.0,78.0,0.0,0.0,0.0
1913-05-25,156.0,44.0,0.0,0.0,0.0
1913-05-26,122.0,-22.0,0.0,0.0,0.0
1913-05-27,156.0,61.0,0.0,0.0,0.0
1913-05-28,233.0,56.0,0.0,0.0,0.0
1913-05-29,244.0,50.0,0.0,0.0,0.0
1913-05-30,206.0,83.0,0.0,0.0,0.0
1913-05-31,239.0,106.0,0.0,0.0,0.0
1913-06-01,267.0,150.0,0.0,0.0,0.0
1913-06-02,222.0,61.0,0.0,0.0,0.0
1913-06-03,233.0,117.0,0.0,0.0,0.0
1913-06-04,222.0,67.0,0.0,0.0,0.0
1913-06-05,244.0,44.0,0.0,0.0,0.0
1913-06-06,306.0,133.0,0.0,0.0,0.0
1913-06-07,244.0,89.0,64.0,0.0,0.0
1913-06-08,133.0,33.0,0.0,0.0,0.0
1913-06-09,156.0,17.0,0.0,0.0,0.0
1913-06-10,228.0,11.0,0.0,0.0,0.0
1913-06-11,261.0,78.0,0.0,0.0,0.0
1913-06-12,294.0,139.0,0.0,0.0,0.0
1913-06-13,306.0,206.0,0.0,0.0,0.0
1913-06-14,317.0,228.0,0.0,0.0,0.0
1913-06-15,306.0,206.0,0.0,0.0,0.0
1913-06-16,339.0,156.0,0.0,0.0,0.0
1913-06-17,244.0,139.0,0.0,0.0,0.0
1913-06-18,267.0,100.0,0.0,0.0,0.0
1913-06-19,278.0,156.0,46.0,0.0,0.0
1913-06-20,217.0,150.0,89.0,0.0,0.0
1913-06-21,211.0,133.0,0.0,0.0,0.0
1913-06-22,261.0,72.0,0.0,0.0,0.0
1913-06-23,300.0,161.0,0.0,0.0,0.0
1913-06-24,317.0,100.0,0.0,0.0,0.0
1913-06-25,322.0,161.0,58.0,0.0,0.0
1913-06-26,267.0,100.0,0.0,0.0,0.0
1913-06-27,322.0,78.0,0.0,0.0,0.0
1913-06-28,317.0,228.0,0.0,0.0,0.0
1913-06-29,317.0,128.0,0.0,0.0,0.0
1913-06-30,367.0,244.0,36.0,0.0,0.0
1913-07-01,300.0,222.0,0.0,0.0,0.0
1913-07-02,289.0,183.0,0.0,0.0,0.0
1913-07-03,350.0,222.0,0.0,0.0,0.0
1913-07-04,328.0,206.0,185.0,0.0,0.0
1913-07-05,322.0,206.0,0.0,0.0,0.0
1913-07-06,239.0,172.0,0.0,0.0,0.0
1913-07-07,244.0,156.0,0.0,0.0,0.0
1913-07-08,283.0,167.0,0.0,0.0,0.0
1913-07-09,256.0,150.0,0.0,0.0,0.0
1913-07-10,283.0,139.0,0.0,0.0,0.0
1913-07-11,244.0,61.0,0.0,0.0,0.0
1913-07-12,244.0,139.0,64.0,0.0,0.0
1913-07-13,256.0,156.0,0.0,0.0,0.0
1913-07-14,267.0,72.0,0.0,0.0,0.0
1913-07-15,267.0,122.0,0.0,0.0,0.0
1913-07-16,294.0,100.0,0.0,0.0,0.0
1913-07-17,239.0,172.0,89.0,0.0,0.0
1913-07-18,294.0,156.0,0.0,0.0,0.0
1913-07-19,278.0,128.0,46.0,0.0,0.0
1913-07-20,222.0,156.0,0.0,0.0,0.0
1913-07-21,256.0,128.0,0.0,0.0,0.0
1913-07-22,256.0,89.0,0.0,0.0,0.0
1913-07-23,217.0,172.0,8.0,0.0,0.0
1913-07-24,206.0,106.0,0.0,0.0,0.0
1913-07-25,222.0,56.0,0.0,0.0,0.0
1913-07-26,300.0,100.0,0.0,0.0,0.0
1913-07-27,356.0,89.0,165.0,0.0,0.0
1913-07-28,278.0,172.0,30.0,0.0,0.0
1913-07-29,306.0,139.0,0.0,0.0,0.0
1913-07-30,283.0,172.0,0.0,0.0,0.0
1913-07-31,350.0,144.0,8.0,0.0,0.0
1913-08-01,300.0,156.0,0.0,,
1913-08-02,222.0,144.0,0.0,,
1913-08-03,,,0.0,,
1913-08-04,300.0,122.0,0.0,,
1913-08-05,244.0,122.0,0.0,,
1913-08-06,300.0,133.0,0.0,,
1913-08-07,289.0,161.0,0.0,,
1913-08-08,322.0,211.0,0.0,,
1913-08-09,,,0.0,,
1913-08-10,150.0,89.0,330.0,,
1913-08-11,161.0,122.0,0.0,,
1913-08-12,244.0,106.0,0.0,,
1913-08-13,267.0,117.0,0.0,,
1913-08-14,317.0,122.0,0.0,,
1913-08-15,,,0.0,,
1913-08-16,361.0,194.0,0.0,,
1913-08-17,322.0,189.0,0.0,,
1913-08-18,,,0.0,,
1913-08-19,300.0,178.0,0.0,,
1913-08-20,306.0,133.0,0.0,,
1913-08-21,267.0,194.0,30.0,,
1913-08-22,239.0,183.0,0.0,,
1913-08-23,,,0.0,,
1913-08-24,244.0,128.0,0.0,,
1913-08-25,228.0,106.0,0.0,,
1913-08-26,272.0,117.0,0.0,,
1913-08-27,228.0,,0.0,,
1913-08-28,278.0,,0.0,,
1913-08-29,228.0,106.0,0.0,,
1913-08-30,233.0,122.0,0.0,,
1913-08-31,278.0,128.0,0.0,,
1913-09-01,306.0,194.0,0.0,,
1913-09-02,356.0,183.0,0.0,,
1913-09-03,244.0,161.0,8.0,,
1913-09-04,222.0,139.0,0.0,,
1913-09-05,278.0,139.0,0.0,,
1913-09-06,311.0,89.0,0.0,,
1913-09-07,356.0,183.0,0.0,,
1913-09-08,272.0,150.0,124.0,,
1913-09-09,194.0,89.0,0.0,,
1913-09-10,239.0,33.0,0.0,,
1913-09-11,267.0,44.0,0.0,,
1913-09-12,233.0,117.0,0.0,,
1913-09-13,183.0,56.0,0.0,,
1913-09-14,161.0,6.0,0.0,,
1913-09-15,211.0,33.0,0.0,,
1913-09-16,228.0,117.0,64.0,,
1913-09-17,217.0,144.0,25.0,,
1913-09-18,206.0,128.0,0.0,,
1913-09-19,194.0,111.0,0.0,,
1913-09-20,239.0,83.0,84.0,,
1913-09-21,128.0,78.0,25.0,,
1913-09-22,133.0,56.0,28.0,,
1913-09-23,144.0,67.0,0.0,,
1913-09-24,261.0,83.0,0.0,,
1913-09-25,256.0,117.0,0.0,,
1913-09-26,,,0.0,,
1913-09-27,,,0.0,,
1913-09-28,239.0,100.0,0.0,,
1913-09-29,217.0,72.0,0.0,,
1913-09-30,233.0,117.0,0.0,,
1913-10-01,244.0,122.0,38.0,0.0,0.0
1913-10-02,178.0,111.0,0.0,0.0,0.0
1913-10-03,,,,,0.0
1913-10-04,217.0,44.0,0.0,0.0,0.0
1913-10-05,244.0,144.0,0.0,0.0,0.0
1913-10-06,239.0,144.0,0.0,0.0,0.0
1913-10-07,294.0,172.0,0.0,0.0,0.0
1913-10-08,244.0,144.0,76.0,0.0,0.0
1913-10-09,233.0,122.0,0.0,0.0,0.0
1913-10-10,272.0,206.0,0.0,0.0,0.0
1913-10-11,222.0,100.0,206.0,0.0,0.0
1913-10-12,161.0,83.0,0.0,0.0,0.0
1913-10-13,139.0,33.0,0.0,0.0,0.0
1913-10-14,167.0,67.0,0.0,0.0,0.0
1913-10-15,139.0,50.0,0.0,0.0,0.0
1913-10-16,144.0,94.0,0.0,0.0,0.0
1913-10-17,144.0,100.0,91.0,0.0,0.0
1913-10-18,144.0,44.0,0.0,0.0,0.0
1913-10-19,122.0,-17.0,0.0,0.0,0.0
1913-10-20,61.0,-28.0,196.0,0.0,0.0
1913-10-21,61.0,-11.0,0.0,0.0,0.0
1913-10-22,44.0,-11.0,0.0,0.0,0.0
1913-10-23,44.0,0.0,173.0,0.0,0.0
1913-10-24,106.0,-11.0,0.0,0.0,0.0
1913-10-25,106.0,6.0,0.0,0.0,0.0
1913-10-26,128.0,-11.0,0.0,0.0,0.0
1913-10-27,72.0,33.0,0.0,0.0,0.0
1913-10-28,72.0,17.0,0.0,0.0,0.0
1913-10-29,56.0,17.0,30.0,0.0,0.0
1913-10-30,56.0,6.0,0.0,0.0,0.0
1913-10-31,50.0,-11.0,0.0,0.0,0.0
1913-11-01,,,0.0,,
1913-11-02,56.0,-6.0,0.0,,
1913-11-03,89.0,17.0,0.0,,
1913-11-04,,,0.0,,
1913-11-05,50.0,-11.0,0.0,,
1913-11-06,117.0,-22.0,0.0,,
1913-11-07,194.0,44.0,0.0,,
1913-11-08,,33.0,0.0,,
1913-11-09,33.0,6.0,0.0,,
1913-11-10,33.0,-39.0,0.0,,
1913-11-11,-6.0,-56.0,0.0,,
1913-11-12,61.0,-56.0,0.0,,
1913-11-13,106.0,-22.0,0.0,,
1913-11-14,61.0,-22.0,0.0,,
1913-11-15,61.0,-17.0,0.0,,
1913-11-16,44.0,-39.0,0.0,,
1913-11-17,78.0,-11.0,0.0,,
1913-11-18,133.0,44.0,30.0,,
1913-11-19,156.0,44.0,188.0,,
1913-11-20,156.0,50.0,0.0,,
1913-11-21,200.0,61.0,20.0,,
1913-11-22,189.0,67.0,0.0,,
1913-11-23,133.0,33.0,0.0,,
1913-11-24,94.0,17.0,0.0,,
1913-11-25,78.0,-22.0,0.0,,
1913-11-26,156.0,44.0,0.0,,
1913-11-27,83.0,0.0,0.0,,
1913-11-28,61.0,17.0,0.0,,
1913-11-29,183.0,44.0,0.0,,
1913-11-30,128.0,72.0,41.0,,
1913-12-01,183.0,56.0,0.0,,0.0
1913-12-02,122.0,78.0,0.0,,0.0
1913-12-03,,,0.0,,0.0
1913-12-04,,,0.0,,0.0
1913-12-05,144.0,6.0,0.0,,0.0
1913-12-06,78.0,6.0,0.0,,0.0
1913-12-07,44.0,-56.0,51.0,51.0,51.0
1913-12-08,-17.0,-78.0,0.0,51.0,0.0
1913-12-09,33.0,-67.0,0.0,25.0,0.0
1913-12-10,44.0,0.0,0.0,0.0,0.0
1913-12-11,0.0,-56.0,0.0,0.0,0.0
1913-12-12,78.0,-22.0,0.0,,0.0
1913-12-13,78.0,17.0,0.0,,0.0
1913-12-14,44.0,0.0,0.0,,0.0
1913-12-15,67.0,-44.0,0.0,,0.0
1913-12-16,44.0,33.0,0.0,,0.0
1913-12-17,33.0,0.0,0.0,,0.0
1913-12-18,0.0,-56.0,0.0,,0.0
1913-12-19,44.0,-78.0,0.0,,0.0
1913-12-20,0.0,-56.0,0.0,,0.0
1913-12-21,-11.0,-67.0,0.0,,0.0
1913-12-22,17.0,-83.0,0.0,,0.0
1913-12-23,,,0.0,,0.0
1913-12-24,6.0,-50.0,0.0,,0.0
1913-12-25,11.0,-78.0,51.0,51.0,51.0
1913-12-26,0.0,-61.0,0.0,51.0,0.0
1913-12-27,-39.0,-100.0,0.0,25.0,0.0
1913-12-28,-11.0,-78.0,0.0,25.0,0.0
1913-12-29,0.0,-61.0,0.0,25.0,0.0
1913-12-30,17.0,-33.0,0.0,25.0,0.0
1913-12-31,17.0,-39.0,0.0,25.0,0.0
1914-01-01,-11.0,-67.0,0.0,25.0,0.0
1914-01-02,17.0,-17.0,38.0,51.0,38.0
1914-01-03,11.0,-6.0,0.0,51.0,0.0
1914-01-04,17.0,-33.0,0.0,51.0,0.0
1914-01-05,0.0,-67.0,0.0,51.0,0.0
1914-01-06,-11.0,-56.0,0.0,51.0,0.0
1914-01-07,17.0,-11.0,0.0,25.0,0.0
1914-01-08,11.0,-11.0,13.0,51.0,13.0
1914-01-09,-11.0,-100.0,0.0,51.0,0.0
1914-01-10,-22.0,-122.0,0.0,51.0,0.0
1914-01-11,-56.0,-111.0,25.0,76.0,25.0
1914-01-12,-33.0,-178.0,0.0,76.0,0.0
1914-01-13,-133.0,-156.0,0.0,76.0,0.0
1914-01-14,-22.0,-200.0,0.0,76.0,0.0
1914-01-15,-11.0,-67.0,0.0,51.0,0.0
1914-01-16,33.0,0.0,0.0,51.0,0.0
1914-01-17,11.0,-33.0,0.0,51.0,0.0
1914-01-18,-22.0,-122.0,0.0,51.0,0.0
1914-01-19,6.0,-39.0,0.0,51.0,0.0
1914-01-20,22.0,-56.0,13.0,178.0,13.0
1914-01-21,-22.0,-133.0,0.0,178.0,0.0
1914-01-22,-56.0,-211.0,0.0,178.0,0.0
1914-01-23,44.0,-133.0,0.0,127.0,0.0
1914-01-24,,,0.0,127.0,0.0
1914-01-25,-39.0,-122.0,0.0,127.0,0.0
1914-01-26,11.0,-94.0,0.0,102.0,0.0
1914-01-27,44.0,-22.0,0.0,51.0,0.0
1914-01-28,44.0,17.0,0.0,0.0,0.0
1914-01-29,128.0,22.0,0.0,0.0,0.0
1914-01-30,0.0,-78.0,0.0,0.0,0.0
1914-01-31,-22.0,-67.0,381.0,51.0,381.0
1914-02-01,-56.0,-156.0,,381.0,
1914-02-02,-22.0,-206.0,,381.0,
1914-02-03,44.0,-11.0,,305.0,
1914-02-06,-11.0,-94.0,,305.0,
1914-02-07,-94.0,-122.0,,305.0,
1914-02-08,-111.0,-178.0,,305.0,
1914-02-09,-111.0,-228.0,,305.0,
1914-02-10,-111.0,-194.0,,305.0,
1914-02-11,-117.0,-222.0,,305.0,
1914-02-12,-122.0,-233.0,,305.0,
1914-02-13,-111.0,-256.0,,305.0,
1914-02-14,-100.0,-144.0,,305.0,
1914-02-15,-111.0,-161.0,,305.0,
1914-02-16,-67.0,-144.0,,305.0,
1914-02-19,-39.0,-106.0,,305.0,
1914-02-20,-89.0,-178.0,,305.0,
1914-02-22,-39.0,-217.0,,305.0,
1914-02-23,-122.0,-150.0,,305.0,
1914-02-24,-100.0,-178.0,,305.0,
1914-02-25,22.0,-106.0,,305.0,
1914-02-26,61.0,,,203.0,
1914-02-27,78.0,0.0,,203.0,
1914-02-28,11.0,-50.0,,203.0,
1914-03-01,-33.0,-122.0,0.0,0.0,0.0
1914-03-02,-56.0,-156.0,0.0,0.0,0.0
1914-03-03,-17.0,-122.0,0.0,0.0,0.0
1914-03-04,44.0,-67.0,0.0,0.0,0.0
1914-03-05,17.0,-94.0,0.0,0.0,0.0
1914-03-06,,,0.0,0.0,0.0
1914-03-07,0.0,-50.0,0.0,0.0,0.0
1914-03-08,0.0,-89.0,0.0,0.0,0.0
1914-03-09,,,0.0,0.0,0.0
1914-03-10,-11.0,-139.0,0.0,0.0,0.0
1914-03-11,-39.0,-117.0,0.0,0.0,0.0
1914-03-12,-39.0,-117.0,0.0,0.0,0.0
1914-03-13,22.0,-144.0,0.0,0.0,0.0
1914-03-14,78.0,-78.0,0.0,0.0,0.0
1914-03-15,50.0,-56.0,0.0,0.0,0.0
1914-03-16,72.0,11.0,0.0,0.0,0.0
1914-03-17,33.0,-22.0,0.0,0.0,0.0
1914-03-18,-6.0,-50.0,51.0,0.0,51.0
1914-03-19,-28.0,-122.0,0.0,0.0,0.0
1914-03-20,-83.0,-150.0,0.0,0.0,0.0
1914-03-21,-39.0,-78.0,0.0,0.0,0.0
1914-03-22,-11.0,-56.0,102.0,0.0,102.0
1914-03-23,22.0,-94.0,0.0,0.0,0.0
1914-03-24,17.0,-56.0,0.0,0.0,0.0
1914-03-25,17.0,17.0,0.0,0.0,0.0
1914-03-26,167.0,33.0,0.0,,0.0
1914-03-27,117.0,-11.0,0.0,,0.0
1914-03-28,128.0,33.0,0.0,,0.0
1914-03-29,78.0,22.0,25.0,,0.0
1914-03-30,61.0,17.0,0.0,,0.0
1914-03-31,106.0,6.0,0.0,,0.0
1914-04-01,89.0,22.0,0.0,0.0,0.0
1914-04-02,61.0,-11.0,30.0,25.0,13.0
1914-04-03,39.0,-11.0,,0.0,0.0
1914-04-04,28.0,-44.0,0.0,0.0,0.0
1914-04-05,17.0,-56.0,,,
1914-04-06,17.0,-56.0,51.0,0.0,51.0
1914-04-07,44.0,-56.0,,,
1914-04-08,-6.0,-78.0,,,
1914-04-09,28.0,-78.0,,,
1914-04-10,72.0,-33.0,,,
1914-04-11,83.0,-50.0,,,
1914-04-12,67.0,-22.0,,,
1914-04-13,89.0,-6.0,,,
1914-04-14,122.0,33.0,,,
1914-04-15,144.0,67.0,,,
1914-04-16,178.0,78.0,,,
