DATE,TMAX,TMIN,PRCP,SNWD,SNOW
1902-01-01,167.0,0.0,0.0,,
1902-01-02,167.0,78.0,0.0,,
1902-01-03,211.0,50.0,0.0,,
1902-01-04,178.0,50.0,0.0,,
1902-01-05,83.0,50.0,3.0,,
1902-01-06,144.0,0.0,0.0,,
1902-01-07,161.0,-17.0,0.0,,
1902-01-08,183.0,11.0,0.0,,
1902-01-09,206.0,11.0,0.0,,
1902-01-10,211.0,28.0,0.0,,
1902-01-11,194.0,106.0,0.0,,
1902-01-12,156.0,-11.0,0.0,,
1902-01-13,78.0,-44.0,0.0,,
1902-01-14,111.0,-67.0,0.0,,
1902-01-15,150.0,-33.0,0.0,,
1902-01-16,161.0,78.0,51.0,,
1902-01-17,111.0,-6.0,0.0,,
1902-01-18,183.0,-33.0,0.0,,
1902-01-19,150.0,56.0,13.0,,
1902-01-20,167.0,17.0,0.0,,
1902-01-21,206.0,56.0,10.0,,
1902-01-22,122.0,67.0,0.0,,
1902-01-23,156.0,-28.0,0.0,,
1902-01-24,200.0,17.0,0.0,,
1902-01-25,156.0,83.0,0.0,,
1902-01-26,228.0,50.0,0.0,,
1902-01-27,256.0,144.0,0.0,,
1902-01-28,156.0,100.0,10.0,,
1902-01-29,111.0,83.0,3.0,,13.0
1902-01-30,267.0,89.0,0.0,,
1902-01-31,250.0,128.0,0.0,,
1902-02-01,261.0,128.0,0.0,,
1902-02-02,217.0,100.0,56.0,,
1902-02-03,106.0,-17.0,0.0,,
1902-02-04,144.0,-6.0,0.0,,
1902-02-05,89.0,-17.0,0.0,,
1902-02-06,122.0,33.0,8.0,,
1902-02-07,178.0,17.0,0.0,,
1902-02-08,144.0,50.0,0.0,,
1902-02-09,106.0,39.0,0.0,,
1902-02-10,117.0,-28.0,0.0,,
1902-02-11,111.0,-33.0,0.0,,
1902-02-12,144.0,6.0,0.0,,
1902-02-13,161.0,17.0,0.0,,
1902-02-14,133.0,-11.0,0.0,,
1902-02-15,156.0,83.0,64.0,,
1902-02-16,89.0,22.0,0.0,,
1902-02-17,122.0,17.0,0.0,,
1902-02-18,117.0,-22.0,0.0,,
1902-02-19,139.0,-33.0,0.0,,
1902-02-20,194.0,100.0,300.0,,
1902-02-21,167.0,94.0,130.0,,
1902-02-22,122.0,72.0,0.0,,
1902-02-23,150.0,6.0,0.0,,
1902-02-24,206.0,33.0,216.0,,
1902-02-25,150.0,106.0,0.0,,
1902-02-26,189.0,67.0,0.0,,
1902-02-27,211.0,56.0,0.0,,
1902-02-28,233.0,150.0,284.0,,
1902-03-01,239.0,106.0,0.0,,
1902-03-02,222.0,111.0,124.0,,
1902-03-03,178.0,44.0,0.0,,
1902-03-04,217.0,22.0,0.0,,
1902-03-05,172.0,72.0,25.0,,
1902-03-06,144.0,6.0,0.0,,
1902-03-07,172.0,-17.0,0.0,,
1902-03-08,244.0,94.0,0.0,,
1902-03-09,239.0,83.0,0.0,,
1902-03-10,206.0,111.0,0.0,,
1902-03-11,222.0,94.0,0.0,,
1902-03-12,244.0,122.0,0.0,,
1902-03-13,278.0,144.0,211.0,,
1902-03-14,244.0,117.0,155.0,,
1902-03-15,194.0,133.0,470.0,,
1902-03-16,244.0,139.0,305.0,,
1902-03-17,194.0,150.0,0.0,,
1902-03-18,150.0,39.0,0.0,,
1902-03-19,117.0,6.0,0.0,,
1902-03-20,211.0,6.0,0.0,,
1902-03-21,183.0,44.0,36.0,,
1902-03-22,272.0,111.0,10.0,,
1902-03-23,228.0,128.0,0.0,,
1902-03-24,206.0,144.0,142.0,,
1902-03-25,217.0,139.0,71.0,,
1902-03-26,178.0,139.0,3.0,,
1902-03-27,217.0,144.0,3.0,,
1902-03-28,233.0,139.0,0.0,,
1902-03-29,244.0,128.0,20.0,,
1902-03-30,289.0,167.0,5.0,,
1902-03-31,244.0,122.0,0.0,,
1902-04-01,194.0,56.0,0.0,,
1902-04-02,206.0,22.0,0.0,,
1902-04-03,222.0,56.0,0.0,,
1902-04-04,278.0,50.0,0.0,,
1902-04-05,233.0,106.0,0.0,,
1902-04-06,261.0,67.0,0.0,,
1902-04-07,283.0,128.0,0.0,,
1902-04-08,211.0,94.0,185.0,,
1902-04-09,222.0,56.0,0.0,,
1902-04-10,267.0,83.0,0.0,,
1902-04-11,272.0,89.0,0.0,,
1902-04-12,267.0,117.0,0.0,,
1902-04-13,244.0,144.0,0.0,,
1902-04-14,272.0,150.0,20.0,,
1902-04-15,194.0,156.0,91.0,,
1902-04-16,211.0,139.0,0.0,,
1902-04-17,239.0,94.0,46.0,,
1902-04-18,211.0,128.0,0.0,,
1902-04-19,233.0,72.0,18.0,,
1902-04-20,233.0,106.0,18.0,,
1902-04-21,239.0,78.0,0.0,,
1902-04-22,272.0,89.0,0.0,,
1902-04-23,300.0,133.0,0.0,,
1902-04-24,322.0,133.0,0.0,,
1902-04-25,294.0,156.0,0.0,,
1902-04-26,317.0,150.0,0.0,,
1902-04-27,289.0,172.0,0.0,,
1902-04-28,294.0,167.0,0.0,,
1902-04-29,306.0,178.0,0.0,,
1902-04-30,311.0,183.0,56.0,,
1902-05-01,300.0,156.0,0.0,,
1902-05-02,328.0,172.0,5.0,,
1902-05-03,356.0,172.0,0.0,,
1902-05-04,344.0,178.0,0.0,,
1902-05-05,294.0,172.0,0.0,,
1902-05-06,300.0,172.0,0.0,,
1902-05-07,317.0,144.0,15.0,,
1902-05-08,328.0,194.0,0.0,,
1902-05-09,311.0,183.0,384.0,,
1902-05-10,278.0,172.0,0.0,,
1902-05-11,283.0,167.0,0.0,,
1902-05-12,294.0,183.0,0.0,,
1902-05-13,289.0,172.0,0.0,,
1902-05-14,311.0,167.0,0.0,,
1902-05-15,322.0,194.0,0.0,,
1902-05-16,300.0,211.0,0.0,,
1902-05-17,306.0,194.0,13.0,,
1902-05-18,311.0,211.0,97.0,,
1902-05-19,322.0,222.0,0.0,,
1902-05-20,344.0,211.0,18.0,,
1902-05-21,333.0,222.0,0.0,,
1902-05-22,272.0,222.0,0.0,,
1902-05-23,283.0,194.0,0.0,,
1902-05-24,300.0,194.0,0.0,,
1902-05-25,344.0,183.0,0.0,,
1902-05-26,350.0,211.0,0.0,,
1902-05-27,356.0,211.0,0.0,,
1902-05-28,306.0,139.0,0.0,,
1902-05-29,289.0,156.0,0.0,,
1902-05-30,300.0,222.0,0.0,,
1902-05-31,306.0,228.0,0.0,,
1902-06-01,294.0,228.0,43.0,,
1902-06-02,283.0,194.0,61.0,,
1902-06-03,294.0,183.0,0.0,,
1902-06-04,328.0,178.0,0.0,,
1902-06-05,339.0,200.0,0.0,,
1902-06-06,311.0,183.0,0.0,,
1902-06-07,300.0,194.0,0.0,,
1902-06-08,361.0,178.0,117.0,,
1902-06-09,300.0,211.0,0.0,,
1902-06-10,306.0,211.0,0.0,,
1902-06-11,306.0,194.0,0.0,,
1902-06-12,306.0,167.0,0.0,,
1902-06-13,306.0,222.0,69.0,,
1902-06-14,289.0,228.0,30.0,,
1902-06-15,283.0,233.0,102.0,,
1902-06-16,333.0,211.0,99.0,,
1902-06-17,344.0,206.0,0.0,,
1902-06-18,317.0,228.0,10.0,,
1902-06-19,344.0,222.0,25.0,,
1902-06-20,322.0,217.0,0.0,,
1902-06-21,333.0,222.0,61.0,,
1902-06-22,322.0,211.0,89.0,,
1902-06-23,294.0,206.0,127.0,,
1902-06-24,311.0,200.0,0.0,,
1902-06-25,356.0,211.0,0.0,,
1902-06-26,356.0,239.0,0.0,,
1902-06-27,372.0,233.0,0.0,,
1902-06-28,367.0,244.0,0.0,,
1902-06-29,372.0,228.0,0.0,,
1902-06-30,394.0,222.0,0.0,,
1902-07-01,406.0,239.0,0.0,,
1902-07-02,389.0,239.0,0.0,,
1902-07-03,372.0,233.0,0.0,,
1902-07-04,378.0,239.0,0.0,,
1902-07-05,361.0,211.0,0.0,,
1902-07-06,383.0,233.0,0.0,,
1902-07-07,411.0,239.0,0.0,,
1902-07-08,333.0,211.0,0.0,,
1902-07-09,322.0,211.0,0.0,,
1902-07-10,361.0,211.0,0.0,,
1902-07-11,372.0,228.0,97.0,,
1902-07-12,317.0,217.0,0.0,,
1902-07-13,344.0,217.0,69.0,,
1902-07-14,328.0,206.0,140.0,,
1902-07-15,356.0,217.0,155.0,,
1902-07-16,344.0,228.0,20.0,,
1902-07-17,344.0,233.0,0.0,,
1902-07-18,344.0,233.0,0.0,,
1902-07-19,344.0,222.0,0.0,,
1902-07-20,350.0,222.0,0.0,,
1902-07-21,339.0,217.0,58.0,,
1902-07-22,356.0,217.0,193.0,,
1902-07-23,322.0,217.0,5.0,,
1902-07-24,311.0,211.0,18.0,,
1902-07-25,283.0,200.0,259.0,,
1902-07-26,267.0,211.0,117.0,,
1902-07-27,311.0,222.0,363.0,,
1902-07-28,339.0,222.0,0.0,,
1902-07-29,350.0,228.0,0.0,,
1902-07-30,367.0,233.0,30.0,,
1902-07-31,344.0,233.0,0.0,,
1902-08-01,367.0,228.0,5.0,,
1902-08-02,350.0,233.0,30.0,,
1902-08-03,344.0,233.0,8.0,,
1902-08-04,356.0,222.0,0.0,,
1902-08-05,356.0,239.0,0.0,,
1902-08-06,367.0,233.0,0.0,,
1902-08-07,367.0,239.0,0.0,,
1902-08-08,350.0,233.0,10.0,,
1902-08-09,267.0,228.0,112.0,,
1902-08-10,356.0,233.0,3.0,,
1902-08-11,367.0,222.0,0.0,,
1902-08-12,344.0,233.0,0.0,,
1902-08-13,317.0,222.0,0.0,,
1902-08-14,322.0,228.0,0.0,,
1902-08-15,378.0,228.0,48.0,,
1902-08-16,344.0,206.0,132.0,,
1902-08-17,300.0,178.0,0.0,,
1902-08-18,300.0,217.0,0.0,,
1902-08-19,333.0,194.0,0.0,,
1902-08-20,383.0,233.0,0.0,,
1902-08-21,394.0,250.0,0.0,,
1902-08-22,406.0,239.0,3.0,,
1902-08-23,383.0,228.0,424.0,,
1902-08-24,294.0,228.0,0.0,,
1902-08-25,300.0,217.0,0.0,,
1902-08-26,300.0,178.0,0.0,,
1902-08-27,300.0,194.0,10.0,,
1902-08-28,317.0,211.0,0.0,,
1902-08-29,267.0,228.0,84.0,,
1902-08-30,267.0,217.0,119.0,,
1902-08-31,300.0,183.0,0.0,,
1902-09-01,306.0,194.0,0.0,,
1902-09-02,306.0,206.0,0.0,,
1902-09-03,317.0,206.0,0.0,,
1902-09-04,294.0,211.0,323.0,,
1902-09-05,294.0,228.0,432.0,,
1902-09-06,294.0,228.0,112.0,,
1902-09-07,300.0,228.0,99.0,,
1902-09-08,311.0,211.0,124.0,,
1902-09-09,306.0,217.0,25.0,,
1902-09-10,311.0,206.0,0.0,,
1902-09-11,289.0,194.0,0.0,,
1902-09-12,294.0,222.0,1534.0,,
1902-09-13,283.0,222.0,173.0,,
1902-09-14,250.0,183.0,267.0,,
1902-09-15,250.0,189.0,10.0,,
1902-09-16,294.0,194.0,0.0,,
1902-09-17,278.0,228.0,206.0,,
1902-09-18,250.0,206.0,549.0,,
1902-09-19,244.0,206.0,569.0,,
1902-09-20,278.0,211.0,13.0,,
1902-09-21,283.0,189.0,0.0,,
1902-09-22,283.0,189.0,0.0,,
1902-09-23,289.0,183.0,0.0,,
1902-09-24,317.0,211.0,124.0,,
1902-09-25,317.0,211.0,213.0,,
1902-09-26,306.0,206.0,86.0,,
1902-09-27,322.0,228.0,0.0,,
1902-09-28,317.0,228.0,3.0,,
1902-09-29,322.0,228.0,0.0,,
1902-09-30,339.0,228.0,30.0,,
1902-10-01,294.0,217.0,23.0,,
1902-10-02,306.0,167.0,0.0,,
1902-10-03,294.0,189.0,0.0,,
1902-10-04,306.0,189.0,0.0,,
1902-10-05,317.0,222.0,0.0,,
1902-10-06,250.0,167.0,0.0,,
1902-10-07,250.0,150.0,0.0,,
1902-10-08,272.0,133.0,0.0,,
1902-10-09,283.0,206.0,0.0,,
1902-10-10,256.0,211.0,411.0,,
1902-10-11,311.0,211.0,0.0,,
1902-10-12,278.0,150.0,0.0,,
1902-10-13,317.0,156.0,0.0,,
1902-10-14,306.0,189.0,0.0,,
1902-10-15,239.0,167.0,3.0,,
1902-10-16,239.0,144.0,0.0,,
1902-10-17,256.0,117.0,0.0,,
1902-10-18,317.0,178.0,10.0,,
1902-10-19,289.0,200.0,0.0,,
1902-10-20,278.0,217.0,0.0,,
1902-10-21,228.0,189.0,709.0,,
1902-10-22,217.0,167.0,358.0,,
1902-10-23,261.0,167.0,38.0,,
1902-10-24,267.0,211.0,0.0,,
1902-10-25,244.0,217.0,279.0,,
1902-10-26,250.0,211.0,699.0,,
1902-10-27,267.0,217.0,10.0,,
1902-10-28,228.0,144.0,0.0,,
1902-10-29,178.0,67.0,0.0,,
1902-10-30,228.0,89.0,0.0,,
1902-10-31,222.0,150.0,0.0,,
1902-11-01,233.0,144.0,0.0,,
1902-11-02,222.0,156.0,0.0,,
1902-11-03,217.0,122.0,0.0,,
1902-11-04,244.0,128.0,0.0,,
1902-11-05,233.0,122.0,0.0,,
1902-11-06,294.0,178.0,97.0,,
1902-11-07,206.0,172.0,475.0,,
1902-11-08,200.0,133.0,0.0,,
1902-11-09,211.0,94.0,0.0,,
1902-11-10,256.0,100.0,0.0,,
1902-11-11,244.0,94.0,0.0,,
1902-11-12,256.0,128.0,0.0,,
1902-11-13,250.0,144.0,0.0,,
1902-11-14,300.0,172.0,15.0,,
1902-11-15,261.0,189.0,0.0,,
1902-11-16,244.0,150.0,0.0,,
1902-11-17,244.0,161.0,0.0,,
1902-11-18,239.0,161.0,0.0,,
1902-11-19,222.0,100.0,0.0,,
1902-11-20,217.0,139.0,0.0,,
1902-11-21,200.0,161.0,0.0,,
1902-11-22,244.0,150.0,0.0,,
1902-11-23,228.0,139.0,0.0,,
1902-11-24,244.0,117.0,0.0,,
1902-11-25,272.0,161.0,0.0,,
1902-11-26,244.0,156.0,142.0,,
1902-11-27,200.0,78.0,0.0,,
1902-11-28,139.0,0.0,0.0,,
1902-11-29,217.0,78.0,0.0,,
1902-11-30,244.0,172.0,292.0,,
1902-12-01,200.0,156.0,0.0,,
1902-12-02,272.0,156.0,0.0,,
1902-12-03,244.0,178.0,660.0,,
1902-12-04,222.0,178.0,1181.0,,
1902-12-05,200.0,61.0,0.0,,
1902-12-06,150.0,44.0,0.0,,
1902-12-07,211.0,72.0,0.0,,
1902-12-08,167.0,61.0,0.0,,
1902-12-09,156.0,17.0,0.0,,
1902-12-10,189.0,28.0,0.0,,
1902-12-11,206.0,72.0,0.0,,
1902-12-12,217.0,133.0,0.0,,
1902-12-13,244.0,144.0,0.0,,
1902-12-14,217.0,139.0,0.0,,
1902-12-15,222.0,150.0,0.0,,
1902-12-16,256.0,156.0,10.0,,
1902-12-17,200.0,44.0,0.0,,
1902-12-18,156.0,6.0,0.0,,
1902-12-19,200.0,17.0,0.0,,
1902-12-20,183.0,89.0,0.0,,
1902-12-21,256.0,128.0,0.0,,
1902-12-22,200.0,111.0,13.0,,
1902-12-23,150.0,39.0,0.0,,
1902-12-24,133.0,44.0,0.0,,
1902-12-25,150.0,11.0,0.0,,
1902-12-26,139.0,6.0,0.0,,
1902-12-27,44.0,-61.0,0.0,,
1902-12-28,106.0,-56.0,0.0,,
1902-12-29,222.0,11.0,0.0,,
1902-12-30,200.0,56.0,0.0,,
1902-12-31,150.0,89.0,0.0,,
1903-01-01,122.0,83.0,3.0,,
1903-01-02,217.0,106.0,23.0,,
1903-01-03,194.0,150.0,0.0,,
1903-01-04,172.0,100.0,396.0,,
1903-01-05,117.0,33.0,64.0,,
1903-01-06,111.0,39.0,0.0,,
1903-01-07,200.0,0.0,0.0,,
1903-01-08,178.0,44.0,0.0,,
1903-01-09,117.0,-28.0,0.0,,
1903-01-10,144.0,11.0,0.0,,
1903-01-11,217.0,100.0,191.0,,
1903-01-12,156.0,44.0,15.0,,
1903-01-13,56.0,-39.0,0.0,,
1903-01-14,111.0,-11.0,0.0,,
1903-01-15,94.0,56.0,0.0,,
1903-01-16,161.0,11.0,0.0,,
1903-01-17,122.0,67.0,315.0,,
1903-01-18,194.0,94.0,3.0,,
1903-01-19,106.0,67.0,0.0,,
1903-01-20,72.0,39.0,51.0,,
1903-01-21,178.0,50.0,114.0,,
1903-01-22,144.0,50.0,5.0,,
1903-01-23,144.0,6.0,0.0,,
1903-01-24,206.0,61.0,0.0,,
1903-01-25,167.0,111.0,0.0,,
1903-01-26,133.0,100.0,8.0,,
1903-01-27,206.0,111.0,480.0,,
1903-01-28,228.0,144.0,36.0,,
1903-01-29,256.0,122.0,0.0,,
1903-01-30,239.0,122.0,0.0,,
1903-01-31,144.0,117.0,0.0,,
1903-02-01,239.0,67.0,0.0,,
1903-02-02,228.0,128.0,224.0,,
1903-02-03,244.0,144.0,0.0,,
1903-02-04,261.0,161.0,71.0,,
1903-02-05,178.0,67.0,0.0,,
1903-02-06,156.0,39.0,0.0,,
1903-02-07,267.0,111.0,0.0,,
1903-02-08,228.0,150.0,38.0,,
1903-02-09,172.0,56.0,13.0,,
1903-02-10,200.0,56.0,0.0,,
1903-02-11,256.0,150.0,114.0,,
1903-02-12,172.0,72.0,0.0,,
1903-02-13,194.0,72.0,0.0,,
1903-02-14,222.0,89.0,38.0,,
1903-02-15,272.0,139.0,0.0,,
1903-02-16,278.0,178.0,15.0,,
1903-02-17,256.0,17.0,0.0,,
1903-02-18,122.0,-50.0,0.0,,
1903-02-19,111.0,22.0,0.0,,
1903-02-20,133.0,28.0,0.0,,
1903-02-21,122.0,61.0,249.0,,
1903-02-22,144.0,17.0,0.0,,
1903-02-23,117.0,94.0,8.0,,
1903-02-24,189.0,89.0,0.0,,
1903-02-25,200.0,89.0,0.0,,
1903-02-26,194.0,122.0,0.0,,
1903-02-27,239.0,144.0,635.0,,
1903-02-28,261.0,172.0,61.0,,
1903-03-01,194.0,139.0,0.0,,
1903-03-02,172.0,72.0,0.0,,
1903-03-03,144.0,117.0,13.0,,
1903-03-04,161.0,122.0,33.0,,
1903-03-05,217.0,128.0,0.0,,
1903-03-06,250.0,133.0,0.0,,
1903-03-07,261.0,144.0,0.0,,
1903-03-08,267.0,133.0,0.0,,
1903-03-09,267.0,150.0,0.0,,
1903-03-10,261.0,133.0,0.0,,
1903-03-11,256.0,122.0,0.0,,
1903-03-12,267.0,117.0,0.0,,
1903-03-13,200.0,144.0,0.0,,
1903-03-14,233.0,156.0,74.0,,
1903-03-15,222.0,172.0,0.0,,
1903-03-16,233.0,167.0,3.0,,
1903-03-17,239.0,161.0,74.0,,
1903-03-18,222.0,167.0,33.0,,
1903-03-19,244.0,167.0,76.0,,
1903-03-20,250.0,161.0,0.0,,
1903-03-21,272.0,172.0,28.0,,
1903-03-22,272.0,183.0,30.0,,
1903-03-23,272.0,183.0,236.0,,
1903-03-24,278.0,172.0,0.0,,
1903-03-25,211.0,117.0,0.0,,
1903-03-26,194.0,72.0,0.0,,
1903-03-27,228.0,139.0,0.0,,
1903-03-28,206.0,128.0,0.0,,
1903-03-29,233.0,167.0,257.0,,
1903-03-30,211.0,150.0,0.0,,
1903-03-31,233.0,106.0,0.0,,
1903-04-01,256.0,111.0,0.0,,
1903-04-02,272.0,106.0,0.0,,
1903-04-03,289.0,167.0,0.0,,
1903-04-04,250.0,111.0,58.0,,
1903-04-05,172.0,56.0,0.0,,
1903-04-06,233.0,122.0,0.0,,
1903-04-07,267.0,128.0,0.0,,
1903-04-08,289.0,172.0,64.0,,
1903-04-09,239.0,161.0,0.0,,
1903-04-10,256.0,94.0,0.0,,
1903-04-11,267.0,133.0,0.0,,
1903-04-12,272.0,133.0,61.0,,
1903-04-13,267.0,161.0,198.0,,
1903-04-14,211.0,167.0,0.0,,
1903-04-15,189.0,83.0,0.0,,
1903-04-16,206.0,78.0,0.0,,
1903-04-17,217.0,111.0,0.0,,
1903-04-18,239.0,72.0,0.0,,
1903-04-19,261.0,100.0,0.0,,
1903-04-20,283.0,144.0,0.0,,
1903-04-21,261.0,133.0,0.0,,
1903-04-22,261.0,100.0,0.0,,
1903-04-23,211.0,78.0,0.0,,
1903-04-24,228.0,61.0,0.0,,
1903-04-25,278.0,83.0,0.0,,
1903-04-26,250.0,111.0,41.0,,
1903-04-27,222.0,89.0,0.0,,
1903-04-28,244.0,94.0,0.0,,
1903-04-29,272.0,78.0,0.0,,
1903-04-30,289.0,106.0,0.0,,
1903-05-01,239.0,144.0,5.0,,
1903-05-02,244.0,133.0,0.0,,
1903-05-03,250.0,161.0,0.0,,
1903-05-04,300.0,167.0,97.0,,
1903-05-05,256.0,150.0,0.0,,
1903-05-06,233.0,172.0,119.0,,
1903-05-07,233.0,172.0,229.0,,
1903-05-08,194.0,167.0,523.0,,
1903-05-09,194.0,161.0,1839.0,,
1903-05-10,239.0,156.0,36.0,,
1903-05-11,250.0,183.0,363.0,,
1903-05-12,233.0,189.0,64.0,,
1903-05-13,217.0,183.0,803.0,,
1903-05-14,228.0,194.0,119.0,,
1903-05-15,261.0,189.0,442.0,,
1903-05-16,244.0,178.0,43.0,,
1903-05-17,256.0,194.0,0.0,,
1903-05-18,261.0,172.0,0.0,,
1903-05-19,283.0,156.0,0.0,,
1903-05-20,300.0,156.0,0.0,,
1903-05-21,311.0,178.0,0.0,,
1903-05-22,317.0,183.0,0.0,,
1903-05-23,339.0,194.0,0.0,,
1903-05-24,350.0,211.0,0.0,,
1903-05-25,356.0,206.0,0.0,,
1903-05-26,350.0,200.0,0.0,,
1903-05-27,294.0,222.0,0.0,,
1903-05-28,294.0,222.0,0.0,,
1903-05-29,278.0,211.0,0.0,,
1903-05-30,306.0,189.0,0.0,,
1903-05-31,283.0,183.0,8.0,,
1903-06-01,311.0,206.0,0.0,,
1903-06-02,300.0,200.0,0.0,,
1903-06-03,283.0,194.0,0.0,,
1903-06-04,278.0,200.0,394.0,,
1903-06-05,278.0,222.0,10.0,,
1903-06-06,317.0,200.0,66.0,,
1903-06-07,328.0,211.0,89.0,,
1903-06-08,322.0,200.0,0.0,,
1903-06-09,317.0,211.0,0.0,,
1903-06-10,294.0,200.0,0.0,,
1903-06-11,311.0,206.0,386.0,,
1903-06-12,300.0,211.0,3.0,,
1903-06-13,256.0,150.0,0.0,,
1903-06-14,261.0,156.0,0.0,,
1903-06-15,311.0,167.0,0.0,,
1903-06-16,339.0,194.0,0.0,,
1903-06-17,333.0,189.0,0.0,,
1903-06-18,328.0,194.0,76.0,,
1903-06-19,333.0,189.0,0.0,,
1903-06-20,339.0,217.0,10.0,,
1903-06-21,350.0,211.0,0.0,,
1903-06-22,344.0,228.0,25.0,,
1903-06-23,339.0,228.0,0.0,,
1903-06-24,333.0,233.0,43.0,,
1903-06-25,344.0,206.0,84.0,,
1903-06-26,328.0,200.0,25.0,,
1903-06-27,317.0,206.0,132.0,,
1903-06-28,311.0,211.0,97.0,,
1903-06-29,311.0,206.0,348.0,,
1903-06-30,322.0,211.0,64.0,,
1903-07-01,339.0,222.0,119.0,,
1903-07-02,333.0,217.0,0.0,,
1903-07-03,317.0,211.0,0.0,,
1903-07-04,333.0,217.0,0.0,,
1903-07-05,333.0,222.0,0.0,,
1903-07-06,344.0,233.0,0.0,,
1903-07-07,322.0,217.0,10.0,,
1903-07-08,322.0,228.0,0.0,,
1903-07-09,300.0,244.0,20.0,,
1903-07-10,317.0,211.0,173.0,,
1903-07-11,339.0,217.0,0.0,,
1903-07-12,328.0,228.0,8.0,,
1903-07-13,322.0,233.0,23.0,,
1903-07-14,300.0,228.0,33.0,,
1903-07-15,311.0,189.0,0.0,,
1903-07-16,306.0,183.0,0.0,,
1903-07-17,317.0,189.0,0.0,,
1903-07-18,361.0,217.0,0.0,,
1903-07-19,361.0,233.0,0.0,,
1903-07-20,361.0,222.0,302.0,,
1903-07-21,350.0,217.0,0.0,,
1903-07-22,361.0,217.0,0.0,,
1903-07-23,367.0,228.0,0.0,,
1903-07-24,328.0,228.0,0.0,,
1903-07-25,300.0,211.0,84.0,,
1903-07-26,317.0,233.0,0.0,,
1903-07-27,333.0,217.0,18.0,,
1903-07-28,350.0,222.0,0.0,,
1903-07-29,328.0,222.0,0.0,,
1903-07-30,350.0,222.0,0.0,,
1903-07-31,361.0,222.0,0.0,,
1903-08-01,361.0,244.0,0.0,,
1903-08-02,328.0,222.0,0.0,,
1903-08-03,339.0,222.0,56.0,,
1903-08-04,317.0,206.0,0.0,,
1903-08-05,356.0,211.0,28.0,,
1903-08-06,356.0,222.0,28.0,,
1903-08-07,356.0,244.0,0.0,,
1903-08-08,344.0,228.0,406.0,,
1903-08-09,339.0,233.0,104.0,,
1903-08-10,344.0,228.0,3.0,,
1903-08-11,350.0,239.0,0.0,,
1903-08-12,344.0,217.0,396.0,,
1903-08-13,333.0,217.0,0.0,,
1903-08-14,333.0,228.0,0.0,,
1903-08-15,344.0,228.0,18.0,,
1903-08-16,339.0,228.0,33.0,,
1903-08-17,311.0,222.0,0.0,,
1903-08-18,322.0,217.0,140.0,,
1903-08-19,317.0,233.0,20.0,,
1903-08-20,289.0,233.0,25.0,,
1903-08-21,317.0,228.0,8.0,,
1903-08-22,311.0,228.0,28.0,,
1903-08-23,333.0,228.0,13.0,,
1903-08-24,356.0,228.0,0.0,,
1903-08-25,361.0,239.0,0.0,,
1903-08-26,367.0,239.0,0.0,,
1903-08-27,367.0,233.0,0.0,,
1903-08-28,383.0,261.0,0.0,,
1903-08-29,383.0,222.0,0.0,,
1903-08-30,372.0,233.0,0.0,,
1903-08-31,367.0,228.0,0.0,,
1903-09-01,344.0,222.0,0.0,,
1903-09-02,350.0,194.0,0.0,,
1903-09-03,333.0,206.0,0.0,,
1903-09-04,300.0,217.0,239.0,,
1903-09-05,317.0,211.0,0.0,,
1903-09-06,350.0,206.0,0.0,,
1903-09-07,317.0,200.0,8.0,,
1903-09-08,311.0,233.0,94.0,,
1903-09-09,300.0,244.0,18.0,,
1903-09-10,294.0,239.0,0.0,,
1903-09-11,300.0,239.0,23.0,,
1903-09-12,267.0,211.0,231.0,,
1903-09-13,283.0,211.0,318.0,,
1903-09-14,278.0,211.0,264.0,,
1903-09-15,311.0,222.0,30.0,,
1903-09-16,344.0,222.0,267.0,,
1903-09-17,333.0,211.0,61.0,,
1903-09-18,267.0,167.0,0.0,,
1903-09-19,256.0,183.0,0.0,,
1903-09-20,261.0,167.0,0.0,,
1903-09-21,267.0,178.0,0.0,,
1903-09-22,261.0,178.0,0.0,,
1903-09-23,294.0,167.0,0.0,,
1903-09-24,322.0,150.0,0.0,,
1903-09-25,328.0,167.0,0.0,,
1903-09-26,300.0,167.0,0.0,,
1903-09-27,317.0,183.0,0.0,,
1903-09-28,322.0,189.0,0.0,,
1903-09-29,283.0,222.0,58.0,,
1903-09-30,283.0,211.0,0.0,,
1903-10-01,289.0,211.0,0.0,,
1903-10-02,289.0,189.0,0.0,,
1903-10-03,300.0,167.0,0.0,,
1903-10-04,289.0,183.0,0.0,,
1903-10-05,294.0,189.0,0.0,,
1903-10-06,289.0,206.0,18.0,,
1903-10-07,300.0,189.0,0.0,,
1903-10-08,300.0,156.0,46.0,,
1903-10-09,244.0,117.0,0.0,,
1903-10-10,233.0,117.0,0.0,,
1903-10-11,250.0,122.0,0.0,,
1903-10-12,261.0,122.0,0.0,,
1903-10-13,283.0,128.0,0.0,,
1903-10-14,289.0,144.0,0.0,,
1903-10-15,211.0,144.0,3.0,,
1903-10-16,256.0,167.0,23.0,,
1903-10-17,256.0,200.0,142.0,,
1903-10-18,211.0,128.0,0.0,,
1903-10-19,233.0,106.0,0.0,,
1903-10-20,244.0,128.0,0.0,,
1903-10-21,261.0,139.0,0.0,,
1903-10-22,272.0,144.0,0.0,,
1903-10-23,250.0,167.0,0.0,,
1903-10-24,189.0,100.0,20.0,,
1903-10-25,167.0,33.0,0.0,,
1903-10-26,239.0,33.0,0.0,,
1903-10-27,228.0,56.0,5.0,,
1903-10-28,228.0,133.0,0.0,,
1903-10-29,233.0,133.0,0.0,,
1903-10-30,256.0,139.0,0.0,,
1903-10-31,261.0,172.0,508.0,,
1903-11-01,317.0,167.0,3.0,,
1903-11-02,272.0,167.0,0.0,,
1903-11-03,,167.0,0.0,,
1903-11-04,,183.0,224.0,,
1903-11-05,244.0,167.0,0.0,,
1903-11-06,211.0,133.0,0.0,,
1903-11-07,178.0,89.0,0.0,,
1903-11-08,144.0,78.0,0.0,,
1903-11-09,200.0,89.0,8.0,,
1903-11-10,222.0,78.0,0.0,,
1903-11-11,250.0,61.0,5.0,,
1903-11-12,278.0,122.0,0.0,,
1903-11-13,250.0,194.0,51.0,,
1903-11-14,272.0,161.0,0.0,,
1903-11-15,233.0,150.0,0.0,,
1903-11-16,250.0,178.0,18.0,,
1903-11-17,283.0,172.0,0.0,,
1903-11-18,200.0,89.0,0.0,,
1903-11-19,100.0,6.0,0.0,,
1903-11-20,133.0,50.0,0.0,,
1903-11-21,128.0,56.0,53.0,,
1903-11-22,156.0,72.0,0.0,,
1903-11-23,150.0,56.0,0.0,,
1903-11-24,167.0,72.0,0.0,,
1903-11-25,189.0,56.0,15.0,,
1903-11-26,128.0,44.0,0.0,,
1903-11-27,72.0,-22.0,0.0,,
1903-11-28,106.0,-67.0,0.0,,
1903-11-29,161.0,6.0,0.0,,
1903-11-30,100.0,-11.0,0.0,,
1903-12-01,139.0,-33.0,0.0,,
1903-12-02,89.0,33.0,236.0,,
1903-12-03,100.0,-17.0,0.0,,
1903-12-04,156.0,-28.0,0.0,,
1903-12-05,211.0,0.0,0.0,,
1903-12-06,161.0,61.0,0.0,,
1903-12-07,128.0,-6.0,0.0,,
1903-12-08,133.0,6.0,0.0,,
1903-12-09,144.0,39.0,61.0,,
1903-12-10,156.0,6.0,0.0,,
1903-12-11,144.0,-28.0,0.0,,
1903-12-12,194.0,0.0,0.0,,
1903-12-13,211.0,83.0,5.0,,
1903-12-14,161.0,83.0,0.0,,
1903-12-15,156.0,50.0,0.0,,
1903-12-16,161.0,0.0,0.0,,
1903-12-17,150.0,0.0,0.0,,
1903-12-18,133.0,0.0,0.0,,
1903-12-19,178.0,6.0,0.0,,
1903-12-20,189.0,67.0,43.0,,
1903-12-21,139.0,-28.0,0.0,,
1903-12-22,172.0,0.0,0.0,,
1903-12-23,167.0,-11.0,0.0,,
1903-12-24,239.0,72.0,0.0,,
1903-12-25,244.0,0.0,36.0,,
1903-12-26,167.0,56.0,46.0,,
1903-12-27,100.0,-61.0,0.0,,
1903-12-28,150.0,-6.0,0.0,,
1903-12-29,178.0,-22.0,0.0,,
1903-12-30,139.0,-11.0,0.0,,
1903-12-31,183.0,-17.0,0.0,,
1904-01-01,194.0,-11.0,0.0,,
1904-01-02,233.0,39.0,30.0,,
1904-01-03,189.0,17.0,0.0,,
1904-01-04,61.0,0.0,0.0,,
1904-01-05,83.0,-33.0,0.0,,
1904-01-06,117.0,-17.0,0.0,,
1904-01-07,89.0,22.0,76.0,,
1904-01-08,150.0,61.0,0.0,,
1904-01-09,183.0,44.0,0.0,,
1904-01-10,139.0,94.0,251.0,,
1904-01-11,194.0,117.0,584.0,,
1904-01-12,167.0,33.0,0.0,,
1904-01-13,144.0,83.0,0.0,,
1904-01-14,111.0,-11.0,0.0,,
1904-01-15,150.0,-39.0,0.0,,
1904-01-16,206.0,0.0,0.0,,
1904-01-17,183.0,72.0,0.0,,
1904-01-18,133.0,44.0,0.0,,
1904-01-19,128.0,83.0,0.0,,
1904-01-20,172.0,67.0,0.0,,
1904-01-21,211.0,83.0,81.0,,
1904-01-22,244.0,139.0,0.0,,
1904-01-23,200.0,89.0,485.0,,
1904-01-24,117.0,17.0,0.0,,
1904-01-25,117.0,6.0,0.0,,
1904-01-26,183.0,67.0,30.0,,
1904-01-27,128.0,22.0,0.0,,
1904-01-28,117.0,22.0,196.0,,
1904-01-29,56.0,22.0,23.0,,
1904-01-30,100.0,-11.0,0.0,,
1904-01-31,128.0,11.0,0.0,,
1904-02-01,106.0,44.0,56.0,,
1904-02-02,139.0,-39.0,0.0,,
1904-02-03,183.0,11.0,0.0,,
1904-02-04,161.0,-6.0,0.0,,
1904-02-05,178.0,-22.0,0.0,,
1904-02-06,244.0,67.0,0.0,,
1904-02-07,278.0,111.0,0.0,,
1904-02-08,261.0,161.0,0.0,,
1904-02-09,183.0,111.0,0.0,,
1904-02-10,111.0,72.0,0.0,,
1904-02-11,78.0,6.0,130.0,,
1904-02-12,106.0,-11.0,0.0,,
1904-02-13,122.0,0.0,0.0,,
1904-02-14,228.0,0.0,0.0,,
1904-02-15,200.0,100.0,0.0,,
1904-02-16,161.0,0.0,0.0,,
1904-02-17,139.0,22.0,0.0,,
1904-02-18,178.0,67.0,0.0,,
1904-02-19,233.0,106.0,0.0,,
1904-02-20,178.0,72.0,104.0,,
1904-02-21,161.0,72.0,612.0,,
1904-02-22,206.0,139.0,124.0,,
1904-02-23,178.0,50.0,0.0,,
1904-02-24,239.0,61.0,0.0,,
1904-02-25,211.0,72.0,0.0,,
1904-02-26,272.0,83.0,0.0,,
1904-02-27,239.0,100.0,0.0,,
1904-02-28,161.0,100.0,0.0,,
1904-02-29,250.0,100.0,0.0,,
1904-03-01,278.0,117.0,0.0,,
1904-03-02,272.0,128.0,0.0,,
1904-03-03,283.0,122.0,0.0,,
1904-03-04,239.0,50.0,152.0,,
1904-03-05,133.0,78.0,5.0,,
1904-03-06,194.0,111.0,99.0,,
1904-03-07,244.0,150.0,74.0,,
1904-03-08,189.0,72.0,0.0,,
1904-03-09,222.0,56.0,0.0,,
1904-03-10,239.0,50.0,0.0,,
1904-03-11,244.0,128.0,8.0,,
1904-03-12,222.0,61.0,0.0,,
1904-03-13,272.0,100.0,0.0,,
1904-03-14,211.0,161.0,20.0,,
1904-03-15,222.0,33.0,0.0,,
1904-03-16,172.0,33.0,0.0,,
1904-03-17,206.0,50.0,0.0,,
1904-03-18,267.0,122.0,0.0,,
1904-03-19,261.0,106.0,0.0,,
1904-03-20,261.0,150.0,13.0,,
1904-03-21,278.0,144.0,0.0,,
1904-03-22,256.0,150.0,0.0,,
1904-03-23,306.0,161.0,0.0,,
1904-03-24,250.0,167.0,0.0,,
1904-03-25,261.0,161.0,0.0,,
1904-03-26,300.0,167.0,0.0,,
1904-03-27,256.0,133.0,5.0,,
1904-03-28,178.0,83.0,13.0,,
1904-03-29,194.0,61.0,3.0,,
1904-03-30,244.0,128.0,0.0,,
1904-03-31,267.0,133.0,0.0,,
1904-04-01,294.0,128.0,0.0,,
1904-04-02,317.0,150.0,3.0,,
1904-04-03,233.0,111.0,0.0,,
1904-04-04,178.0,100.0,0.0,,
1904-04-05,217.0,106.0,0.0,,
1904-04-06,250.0,89.0,0.0,,
1904-04-07,256.0,161.0,99.0,,
1904-04-08,250.0,150.0,5.0,,
1904-04-09,267.0,150.0,8.0,,
1904-04-10,211.0,106.0,0.0,,
1904-04-11,272.0,56.0,0.0,,
1904-04-12,300.0,106.0,0.0,,
1904-04-13,239.0,128.0,0.0,,
1904-04-14,228.0,50.0,0.0,,
1904-04-15,311.0,106.0,0.0,,
1904-04-16,333.0,111.0,0.0,,
1904-04-17,200.0,128.0,0.0,,
1904-04-18,267.0,111.0,0.0,,
1904-04-19,289.0,100.0,0.0,,
1904-04-20,233.0,94.0,0.0,,
1904-04-21,189.0,128.0,10.0,,
1904-04-22,206.0,139.0,28.0,,
1904-04-23,244.0,111.0,0.0,,
1904-04-24,267.0,106.0,0.0,,
1904-04-25,294.0,128.0,0.0,,
1904-04-26,294.0,144.0,0.0,,
1904-04-27,244.0,122.0,0.0,,
1904-04-28,250.0,78.0,0.0,,
1904-04-29,267.0,94.0,0.0,,
1904-04-30,272.0,117.0,0.0,,
1904-05-01,283.0,117.0,0.0,,
1904-05-02,267.0,133.0,30.0,,
1904-05-03,267.0,156.0,0.0,,
1904-05-04,228.0,178.0,0.0,,
1904-05-05,261.0,167.0,0.0,,
1904-05-06,272.0,178.0,5.0,,
1904-05-07,272.0,167.0,3.0,,
1904-05-08,283.0,161.0,0.0,,
1904-05-09,328.0,183.0,0.0,,
1904-05-10,306.0,150.0,0.0,,
1904-05-11,267.0,122.0,0.0,,
1904-05-12,278.0,122.0,0.0,,
1904-05-13,283.0,172.0,13.0,,
1904-05-14,306.0,122.0,5.0,,
1904-05-15,294.0,161.0,0.0,,
1904-05-16,289.0,111.0,0.0,,
1904-05-17,339.0,189.0,3.0,,
1904-05-18,317.0,200.0,0.0,,
1904-05-19,300.0,133.0,0.0,,
1904-05-20,289.0,122.0,0.0,,
1904-05-21,306.0,150.0,0.0,,
1904-05-22,294.0,150.0,0.0,,
1904-05-23,328.0,128.0,0.0,,
1904-05-24,328.0,150.0,0.0,,
1904-05-25,300.0,139.0,0.0,,
1904-05-26,300.0,144.0,0.0,,
1904-05-27,356.0,172.0,0.0,,
1904-05-28,367.0,194.0,3.0,,
1904-05-29,333.0,194.0,0.0,,
1904-05-30,328.0,178.0,0.0,,
1904-05-31,356.0,189.0,505.0,,
1904-06-01,328.0,200.0,18.0,,
1904-06-02,356.0,206.0,0.0,,
1904-06-03,367.0,200.0,0.0,,
1904-06-04,356.0,211.0,0.0,,
1904-06-05,317.0,200.0,0.0,,
1904-06-06,317.0,194.0,0.0,,
1904-06-07,333.0,211.0,5.0,,
1904-06-08,333.0,206.0,135.0,,
1904-06-09,328.0,194.0,3.0,,
1904-06-10,333.0,183.0,419.0,,
1904-06-11,300.0,206.0,51.0,,
1904-06-12,272.0,183.0,0.0,,
1904-06-13,256.0,178.0,132.0,,
1904-06-14,261.0,189.0,25.0,,
1904-06-15,261.0,194.0,3.0,,
1904-06-16,289.0,200.0,0.0,,
1904-06-17,289.0,183.0,0.0,,
1904-06-18,306.0,183.0,0.0,,
1904-06-19,322.0,183.0,0.0,,
1904-06-20,344.0,200.0,0.0,,
1904-06-21,356.0,211.0,0.0,,
1904-06-22,367.0,194.0,335.0,,
1904-06-23,322.0,189.0,0.0,,
1904-06-24,306.0,200.0,0.0,,
1904-06-25,300.0,206.0,208.0,,
1904-06-26,300.0,194.0,328.0,,
1904-06-27,311.0,206.0,46.0,,
1904-06-28,333.0,200.0,71.0,,
1904-06-29,328.0,217.0,38.0,,
1904-06-30,344.0,211.0,13.0,,
1904-07-01,339.0,211.0,0.0,,
1904-07-02,344.0,206.0,28.0,,
1904-07-03,333.0,189.0,0.0,,
1904-07-04,350.0,222.0,0.0,,
1904-07-05,356.0,222.0,0.0,,
1904-07-06,350.0,206.0,0.0,,
1904-07-07,333.0,206.0,8.0,,
1904-07-08,350.0,211.0,0.0,,
1904-07-09,361.0,217.0,0.0,,
1904-07-10,328.0,211.0,38.0,,
1904-07-11,367.0,217.0,51.0,,
1904-07-12,317.0,222.0,25.0,,
1904-07-13,339.0,194.0,28.0,,
1904-07-14,339.0,206.0,0.0,,
1904-07-15,317.0,172.0,0.0,,
1904-07-16,328.0,194.0,0.0,,
1904-07-17,322.0,189.0,0.0,,
1904-07-18,328.0,194.0,0.0,,
1904-07-19,344.0,194.0,0.0,,
1904-07-20,394.0,244.0,0.0,,
1904-07-21,389.0,228.0,0.0,,
1904-07-22,367.0,233.0,0.0,,
1904-07-23,328.0,206.0,178.0,,
1904-07-24,306.0,206.0,61.0,,
1904-07-25,294.0,189.0,10.0,,
1904-07-26,328.0,200.0,0.0,,
1904-07-27,322.0,200.0,0.0,,
1904-07-28,300.0,211.0,76.0,,
1904-07-29,322.0,194.0,0.0,,
1904-07-30,311.0,211.0,0.0,,
1904-07-31,311.0,211.0,15.0,,
1904-08-01,306.0,222.0,13.0,,
1904-08-02,339.0,217.0,0.0,,
1904-08-03,344.0,217.0,38.0,,
1904-08-04,328.0,217.0,15.0,,
1904-08-05,350.0,217.0,0.0,,
1904-08-06,339.0,222.0,41.0,,
1904-08-07,344.0,194.0,0.0,,
1904-08-08,328.0,200.0,0.0,,
1904-08-09,322.0,194.0,0.0,,
1904-08-10,328.0,200.0,0.0,,
1904-08-11,311.0,189.0,0.0,,
1904-08-12,339.0,189.0,0.0,,
1904-08-13,344.0,206.0,28.0,,
1904-08-14,356.0,167.0,0.0,,
1904-08-15,378.0,211.0,66.0,,
1904-08-16,350.0,194.0,0.0,,
1904-08-17,356.0,217.0,0.0,,
1904-08-18,372.0,211.0,13.0,,
1904-08-19,350.0,206.0,0.0,,
1904-08-20,367.0,211.0,0.0,,
1904-08-21,361.0,206.0,0.0,,
1904-08-22,378.0,217.0,0.0,,
1904-08-23,367.0,222.0,0.0,,
1904-08-24,350.0,211.0,0.0,,
1904-08-25,339.0,217.0,0.0,,
1904-08-26,361.0,206.0,0.0,,
1904-08-27,344.0,206.0,381.0,,
1904-08-28,294.0,156.0,0.0,,
1904-08-29,311.0,200.0,0.0,,
1904-08-30,311.0,194.0,0.0,,
1904-08-31,317.0,167.0,0.0,,
1904-09-01,311.0,172.0,0.0,,
1904-09-02,322.0,206.0,0.0,,
1904-09-03,317.0,217.0,0.0,,
1904-09-04,350.0,206.0,30.0,,
1904-09-05,344.0,211.0,312.0,,
1904-09-06,328.0,194.0,544.0,,
1904-09-07,311.0,194.0,300.0,,
1904-09-08,289.0,211.0,434.0,,
1904-09-09,306.0,206.0,0.0,,
1904-09-10,311.0,183.0,0.0,,
1904-09-11,306.0,194.0,0.0,,
1904-09-12,306.0,178.0,0.0,,
1904-09-13,311.0,183.0,0.0,,
1904-09-14,361.0,206.0,0.0,,
1904-09-15,339.0,206.0,0.0,,
1904-09-16,300.0,233.0,0.0,,
1904-09-17,306.0,189.0,28.0,,
1904-09-18,278.0,189.0,109.0,,
1904-09-19,300.0,200.0,216.0,,
1904-09-20,311.0,200.0,0.0,,
1904-09-21,333.0,200.0,241.0,,
1904-09-22,256.0,194.0,203.0,,
1904-09-23,272.0,233.0,8.0,,
1904-09-24,283.0,183.0,0.0,,
1904-09-25,300.0,161.0,0.0,,
1904-09-26,322.0,189.0,0.0,,
1904-09-27,350.0,206.0,0.0,,
1904-09-28,339.0,211.0,0.0,,
1904-09-29,306.0,194.0,0.0,,
1904-09-30,350.0,189.0,0.0,,
1904-10-01,339.0,217.0,0.0,,
1904-10-02,344.0,178.0,0.0,,
1904-10-03,350.0,217.0,0.0,,
1904-10-04,289.0,233.0,13.0,,
1904-10-05,289.0,217.0,0.0,,
1904-10-06,300.0,167.0,0.0,,
1904-10-07,261.0,172.0,56.0,,
1904-10-08,267.0,150.0,437.0,,
1904-10-09,272.0,189.0,0.0,,
1904-10-10,283.0,172.0,0.0,,
1904-10-11,300.0,161.0,0.0,,
1904-10-12,300.0,156.0,0.0,,
1904-10-13,250.0,183.0,30.0,,
1904-10-14,211.0,139.0,0.0,,
1904-10-15,228.0,156.0,0.0,,
1904-10-16,233.0,183.0,84.0,,
1904-10-17,267.0,200.0,3.0,,
1904-10-18,256.0,206.0,81.0,,
1904-10-19,233.0,194.0,262.0,,
1904-10-20,256.0,206.0,297.0,,
1904-10-21,239.0,144.0,0.0,,
1904-10-22,278.0,94.0,0.0,,
1904-10-23,206.0,89.0,0.0,,
1904-10-24,200.0,67.0,0.0,,
1904-10-25,194.0,111.0,145.0,,
1904-10-26,239.0,161.0,0.0,,
1904-10-27,233.0,161.0,0.0,,
1904-10-28,183.0,133.0,66.0,,
1904-10-29,217.0,83.0,0.0,,
1904-10-30,211.0,122.0,0.0,,
1904-10-31,217.0,117.0,0.0,,
1904-11-01,239.0,161.0,0.0,,
1904-11-02,211.0,172.0,132.0,,
1904-11-03,233.0,172.0,97.0,,
1904-11-04,206.0,111.0,0.0,,
1904-11-05,183.0,128.0,0.0,,
1904-11-06,222.0,100.0,0.0,,
1904-11-07,217.0,72.0,0.0,,
1904-11-08,228.0,50.0,0.0,,
1904-11-09,217.0,106.0,0.0,,
1904-11-10,228.0,106.0,0.0,,
1904-11-11,222.0,139.0,0.0,,
1904-11-12,172.0,122.0,325.0,,
1904-11-13,167.0,139.0,0.0,,
1904-11-14,183.0,17.0,0.0,,
1904-11-15,189.0,0.0,0.0,,
1904-11-16,194.0,83.0,0.0,,
1904-11-17,206.0,56.0,0.0,,
1904-11-18,200.0,139.0,13.0,,
1904-11-19,206.0,78.0,0.0,,
1904-11-20,239.0,33.0,0.0,,
1904-11-21,244.0,94.0,0.0,,
1904-11-22,228.0,44.0,0.0,,
1904-11-23,222.0,122.0,0.0,,
1904-11-24,222.0,89.0,0.0,,
1904-11-25,189.0,50.0,0.0,,
1904-11-26,206.0,50.0,0.0,,
1904-11-27,178.0,22.0,0.0,,
1904-11-28,172.0,-6.0,0.0,,
1904-11-29,244.0,17.0,0.0,,
1904-11-30,217.0,100.0,0.0,,
1904-12-01,189.0,111.0,0.0,,
1904-12-02,244.0,100.0,0.0,,
1904-12-03,244.0,111.0,0.0,,
1904-12-04,206.0,128.0,0.0,,
1904-12-05,239.0,139.0,33.0,,
1904-12-06,194.0,111.0,8.0,,
1904-12-07,178.0,83.0,0.0,,
1904-12-08,183.0,39.0,0.0,,
1904-12-09,206.0,67.0,0.0,,
1904-12-10,206.0,128.0,28.0,,
1904-12-11,172.0,72.0,0.0,,
1904-12-12,172.0,89.0,0.0,,
1904-12-13,139.0,0.0,0.0,,
1904-12-14,111.0,61.0,69.0,,
1904-12-15,128.0,22.0,0.0,,
1904-12-16,117.0,-11.0,0.0,,
1904-12-17,161.0,11.0,0.0,,
1904-12-18,122.0,-17.0,0.0,,
1904-12-19,156.0,-33.0,3.0,,
1904-12-20,133.0,-28.0,0.0,,
1904-12-21,183.0,-6.0,0.0,,
1904-12-22,206.0,-6.0,0.0,,
1904-12-23,228.0,72.0,0.0,,
1904-12-24,244.0,72.0,0.0,,
1904-12-25,239.0,89.0,0.0,,
1904-12-26,222.0,83.0,0.0,,
1904-12-27,250.0,128.0,81.0,,
1904-12-28,233.0,22.0,0.0,,
1904-12-29,78.0,-33.0,0.0,,
1904-12-30,117.0,-44.0,0.0,,
1904-12-31,178.0,-28.0,0.0,,
1905-01-01,206.0,0.0,0.0,,
1905-01-02,250.0,72.0,5.0,,
1905-01-03,167.0,72.0,0.0,,
1905-01-04,78.0,-33.0,0.0,,
1905-01-05,139.0,-56.0,0.0,,
1905-01-06,156.0,78.0,168.0,,
1905-01-07,128.0,22.0,0.0,,
1905-01-08,72.0,-61.0,0.0,,
1905-01-09,139.0,-56.0,0.0,,
1905-01-10,200.0,50.0,0.0,,
1905-01-11,200.0,89.0,25.0,,
1905-01-12,256.0,144.0,5.0,,
1905-01-13,172.0,117.0,46.0,,
1905-01-14,156.0,28.0,0.0,,
1905-01-15,72.0,22.0,0.0,,
1905-01-16,83.0,-33.0,0.0,,
1905-01-17,144.0,-67.0,0.0,,
1905-01-18,156.0,-28.0,0.0,,
1905-01-19,167.0,72.0,272.0,,
1905-01-20,139.0,89.0,0.0,,
1905-01-21,150.0,33.0,0.0,,
1905-01-22,156.0,44.0,0.0,,
1905-01-23,200.0,44.0,0.0,,
1905-01-24,167.0,72.0,25.0,,
1905-01-25,122.0,-28.0,0.0,,
1905-01-26,28.0,-100.0,0.0,,
1905-01-27,94.0,-72.0,0.0,,
1905-01-28,133.0,-39.0,0.0,,
1905-01-29,156.0,-33.0,0.0,,
1905-01-30,206.0,50.0,0.0,,
1905-01-31,122.0,61.0,0.0,,
1905-02-01,139.0,56.0,0.0,,
1905-02-02,156.0,89.0,18.0,,
1905-02-03,94.0,44.0,3.0,,
1905-02-04,56.0,0.0,13.0,,
1905-02-05,72.0,28.0,165.0,,
1905-02-06,111.0,44.0,0.0,,
1905-02-07,94.0,50.0,122.0,,
1905-02-08,167.0,72.0,0.0,,
1905-02-09,194.0,83.0,48.0,,
1905-02-10,150.0,78.0,0.0,,
1905-02-11,150.0,61.0,406.0,,
1905-02-12,261.0,94.0,0.0,,
1905-02-13,228.0,72.0,43.0,,
1905-02-14,83.0,-50.0,0.0,,
1905-02-15,94.0,-28.0,0.0,,
1905-02-16,83.0,-44.0,0.0,,
1905-02-17,172.0,22.0,0.0,,
1905-02-18,128.0,33.0,0.0,,
1905-02-19,111.0,72.0,0.0,,
1905-02-20,239.0,83.0,0.0,,
1905-02-21,189.0,150.0,231.0,,
1905-02-22,200.0,50.0,0.0,,
1905-02-23,183.0,111.0,0.0,,
1905-02-24,172.0,56.0,0.0,,
1905-02-25,217.0,61.0,0.0,,
1905-02-26,183.0,56.0,0.0,,
1905-02-27,206.0,17.0,0.0,,
1905-02-28,217.0,72.0,0.0,,
1905-03-01,233.0,50.0,0.0,,
1905-03-02,217.0,89.0,0.0,,
1905-03-03,211.0,44.0,0.0,,
1905-03-04,100.0,61.0,0.0,,
1905-03-05,194.0,122.0,0.0,,
1905-03-06,183.0,111.0,0.0,,
1905-03-07,161.0,117.0,0.0,,
1905-03-08,256.0,111.0,0.0,,
1905-03-09,278.0,150.0,130.0,,
1905-03-10,261.0,161.0,0.0,,
1905-03-11,194.0,117.0,310.0,,
1905-03-12,133.0,106.0,152.0,,
1905-03-13,111.0,94.0,76.0,,
1905-03-14,139.0,83.0,0.0,,
1905-03-15,178.0,50.0,0.0,,
1905-03-16,172.0,111.0,224.0,,
1905-03-17,206.0,128.0,0.0,,
1905-03-18,228.0,106.0,0.0,,
1905-03-19,294.0,133.0,0.0,,
1905-03-20,272.0,122.0,0.0,,
1905-03-21,278.0,156.0,0.0,,
1905-03-22,250.0,100.0,0.0,,
1905-03-23,211.0,89.0,0.0,,
1905-03-24,239.0,128.0,173.0,,
1905-03-25,211.0,89.0,0.0,,
1905-03-26,272.0,78.0,0.0,,
1905-03-27,250.0,128.0,0.0,,
1905-03-28,272.0,111.0,0.0,,
1905-03-29,267.0,133.0,0.0,,
1905-03-30,267.0,150.0,0.0,,
1905-03-31,244.0,144.0,0.0,,
1905-04-01,261.0,156.0,0.0,,
1905-04-02,250.0,111.0,0.0,,
1905-04-03,267.0,106.0,0.0,,
1905-04-04,289.0,167.0,0.0,,
1905-04-05,283.0,183.0,188.0,,
1905-04-06,194.0,94.0,0.0,,
1905-04-07,228.0,44.0,0.0,,
1905-04-08,283.0,117.0,0.0,,
1905-04-09,278.0,133.0,0.0,,
1905-04-10,283.0,133.0,0.0,,
1905-04-11,289.0,144.0,0.0,,
1905-04-12,278.0,156.0,185.0,,
1905-04-13,289.0,161.0,0.0,,
1905-04-14,283.0,167.0,0.0,,
1905-04-15,239.0,178.0,0.0,,
1905-04-16,222.0,128.0,0.0,,
1905-04-17,178.0,28.0,0.0,,
1905-04-18,228.0,28.0,0.0,,
1905-04-19,239.0,61.0,0.0,,
1905-04-20,272.0,106.0,0.0,,
1905-04-21,261.0,161.0,79.0,,
1905-04-22,289.0,194.0,0.0,,
1905-04-23,206.0,156.0,0.0,,
1905-04-24,244.0,167.0,0.0,,
1905-04-25,267.0,128.0,0.0,,
1905-04-26,289.0,189.0,18.0,,
1905-04-27,328.0,178.0,76.0,,
1905-04-28,317.0,194.0,18.0,,
1905-04-29,328.0,211.0,0.0,,
1905-04-30,317.0,222.0,0.0,,
1905-05-01,239.0,172.0,145.0,,
1905-05-02,217.0,194.0,457.0,,
1905-05-03,306.0,194.0,10.0,,
1905-05-04,317.0,194.0,0.0,,
1905-05-05,306.0,194.0,0.0,,
1905-05-06,306.0,206.0,0.0,,
1905-05-07,322.0,194.0,46.0,,
1905-05-08,328.0,211.0,20.0,,
1905-05-09,328.0,211.0,0.0,,
1905-05-10,339.0,194.0,0.0,,
1905-05-11,333.0,211.0,0.0,,
1905-05-12,361.0,217.0,0.0,,
1905-05-13,361.0,217.0,0.0,,
1905-05-14,344.0,233.0,0.0,,
1905-05-15,328.0,211.0,0.0,,
1905-05-16,333.0,206.0,114.0,,
1905-05-17,261.0,194.0,66.0,,
1905-05-18,306.0,161.0,0.0,,
1905-05-19,333.0,161.0,0.0,,
1905-05-20,317.0,189.0,13.0,,
1905-05-21,317.0,200.0,0.0,,
1905-05-22,339.0,194.0,0.0,,
1905-05-23,344.0,211.0,0.0,,
1905-05-24,256.0,206.0,23.0,,
1905-05-25,283.0,189.0,112.0,,
1905-05-26,,,23.0,,
1905-05-27,333.0,189.0,0.0,,
1905-05-28,311.0,200.0,0.0,,
1905-05-29,328.0,206.0,0.0,,
1905-05-30,378.0,217.0,43.0,,
1905-05-31,350.0,222.0,155.0,,
1905-06-01,333.0,200.0,0.0,,
1905-06-02,289.0,228.0,0.0,,
1905-06-03,294.0,178.0,0.0,,
1905-06-04,300.0,194.0,0.0,,
1905-06-05,294.0,172.0,0.0,,
1905-06-06,328.0,150.0,0.0,,
1905-06-07,356.0,167.0,0.0,,
1905-06-08,383.0,167.0,0.0,,
1905-06-09,289.0,228.0,0.0,,
1905-06-10,294.0,222.0,0.0,,
1905-06-11,306.0,167.0,0.0,,
1905-06-12,361.0,183.0,46.0,,
1905-06-13,311.0,217.0,0.0,,
1905-06-14,311.0,228.0,0.0,,
1905-06-15,311.0,200.0,8.0,,
1905-06-16,333.0,206.0,0.0,,
1905-06-17,339.0,206.0,0.0,,
1905-06-18,328.0,250.0,0.0,,
1905-06-19,322.0,222.0,0.0,,
1905-06-20,322.0,217.0,0.0,,
1905-06-21,333.0,217.0,0.0,,
1905-06-22,372.0,222.0,0.0,,
1905-06-23,328.0,228.0,64.0,,
1905-06-24,367.0,228.0,0.0,,
1905-06-25,378.0,233.0,0.0,,
1905-06-26,394.0,239.0,0.0,,
1905-06-27,367.0,250.0,0.0,,
1905-06-28,378.0,233.0,216.0,,
1905-06-29,339.0,222.0,3.0,,
1905-06-30,311.0,239.0,23.0,,
1905-07-01,317.0,250.0,0.0,,
1905-07-02,328.0,217.0,0.0,,
1905-07-03,356.0,222.0,0.0,,
1905-07-04,367.0,228.0,13.0,,
1905-07-05,356.0,239.0,64.0,,
1905-07-06,367.0,217.0,0.0,,
1905-07-07,361.0,228.0,3.0,,
1905-07-08,367.0,211.0,18.0,,
1905-07-09,339.0,211.0,0.0,,
1905-07-10,333.0,217.0,0.0,,
1905-07-11,333.0,233.0,279.0,,
1905-07-12,317.0,217.0,20.0,,
1905-07-13,317.0,222.0,28.0,,
1905-07-14,300.0,228.0,8.0,,
1905-07-15,289.0,222.0,71.0,,
1905-07-16,322.0,228.0,0.0,,
1905-07-17,328.0,211.0,0.0,,
1905-07-18,333.0,222.0,0.0,,
1905-07-19,361.0,228.0,0.0,,
1905-07-20,372.0,239.0,0.0,,
1905-07-21,378.0,228.0,0.0,,
1905-07-22,378.0,239.0,0.0,,
1905-07-23,378.0,244.0,0.0,,
1905-07-24,389.0,228.0,0.0,,
1905-07-25,372.0,233.0,0.0,,
1905-07-26,378.0,217.0,0.0,,
1905-07-27,378.0,206.0,366.0,,
1905-07-28,350.0,206.0,0.0,,
1905-07-29,356.0,211.0,188.0,,
1905-07-30,361.0,228.0,0.0,,
1905-07-31,372.0,244.0,0.0,,
1905-08-01,328.0,239.0,38.0,,
1905-08-02,289.0,239.0,51.0,,
1905-08-03,311.0,233.0,0.0,,
1905-08-04,289.0,222.0,224.0,,
1905-08-05,322.0,222.0,353.0,,
1905-08-06,339.0,222.0,0.0,,
1905-08-07,339.0,211.0,0.0,,
1905-08-08,322.0,239.0,239.0,,
1905-08-09,322.0,222.0,48.0,,
1905-08-10,311.0,233.0,0.0,,
1905-08-11,339.0,222.0,0.0,,
1905-08-12,294.0,233.0,15.0,,
1905-08-13,333.0,222.0,0.0,,
1905-08-14,317.0,233.0,38.0,,
1905-08-15,350.0,228.0,3.0,,
1905-08-16,367.0,239.0,0.0,,
1905-08-17,356.0,239.0,0.0,,
1905-08-18,306.0,222.0,89.0,,
1905-08-19,294.0,239.0,0.0,,
1905-08-20,328.0,217.0,0.0,,
1905-08-21,328.0,211.0,0.0,,
1905-08-22,333.0,211.0,0.0,,
1905-08-23,344.0,217.0,0.0,,
1905-08-24,339.0,222.0,48.0,,
1905-08-25,356.0,206.0,216.0,,
1905-08-26,289.0,211.0,262.0,,
1905-08-27,250.0,206.0,36.0,,
1905-08-28,283.0,222.0,147.0,,
1905-08-29,294.0,239.0,0.0,,
1905-08-30,311.0,217.0,0.0,,
1905-08-31,350.0,233.0,0.0,,
1905-09-01,361.0,239.0,18.0,,
1905-09-02,344.0,222.0,183.0,,
1905-09-03,322.0,222.0,0.0,,
1905-09-04,328.0,222.0,71.0,,
1905-09-05,328.0,228.0,99.0,,
1905-09-06,344.0,222.0,0.0,,
1905-09-07,367.0,228.0,0.0,,
1905-09-08,356.0,228.0,0.0,,
1905-09-09,300.0,222.0,221.0,,
1905-09-10,289.0,222.0,56.0,,
1905-09-11,317.0,222.0,0.0,,
1905-09-12,322.0,206.0,0.0,,
1905-09-13,283.0,211.0,0.0,,
1905-09-14,278.0,211.0,300.0,,
1905-09-15,261.0,206.0,777.0,,
1905-09-16,289.0,211.0,478.0,,
1905-09-17,311.0,222.0,0.0,,
1905-09-18,328.0,211.0,0.0,,
1905-09-19,333.0,217.0,0.0,,
1905-09-20,344.0,222.0,0.0,,
1905-09-21,356.0,222.0,173.0,,
1905-09-22,328.0,189.0,0.0,,
1905-09-23,322.0,217.0,0.0,,
1905-09-24,317.0,200.0,0.0,,
1905-09-25,311.0,211.0,0.0,,
1905-09-26,311.0,206.0,0.0,,
1905-09-27,300.0,233.0,20.0,,
1905-09-28,278.0,244.0,0.0,,
1905-09-29,261.0,217.0,1504.0,,
1905-09-30,294.0,228.0,0.0,,
1905-10-01,294.0,217.0,18.0,,
1905-10-02,294.0,217.0,8.0,,
1905-10-03,300.0,189.0,0.0,,
1905-10-04,250.0,189.0,33.0,,
1905-10-05,256.0,183.0,0.0,,
1905-10-06,294.0,194.0,23.0,,
1905-10-07,244.0,189.0,1631.0,,
1905-10-08,256.0,211.0,193.0,,
1905-10-09,278.0,228.0,0.0,,
1905-10-10,289.0,217.0,0.0,,
1905-10-11,272.0,189.0,71.0,,
1905-10-12,217.0,83.0,0.0,,
1905-10-13,239.0,94.0,0.0,,
1905-10-14,272.0,150.0,0.0,,
1905-10-15,278.0,194.0,33.0,,
1905-10-16,278.0,217.0,0.0,,
1905-10-17,278.0,217.0,15.0,,
1905-10-18,289.0,189.0,0.0,,
1905-10-19,294.0,206.0,0.0,,
1905-10-20,317.0,183.0,0.0,,
1905-10-21,228.0,144.0,13.0,,
1905-10-22,222.0,111.0,0.0,,
1905-10-23,239.0,106.0,0.0,,
1905-10-24,250.0,94.0,0.0,,
1905-10-25,283.0,128.0,0.0,,
1905-10-26,267.0,178.0,61.0,,
1905-10-27,211.0,150.0,0.0,,
1905-10-28,200.0,144.0,13.0,,
1905-10-29,178.0,150.0,0.0,,
1905-10-30,156.0,133.0,0.0,,
1905-10-31,189.0,128.0,0.0,,
1905-11-01,250.0,133.0,0.0,,
1905-11-02,217.0,56.0,0.0,,
1905-11-03,239.0,128.0,0.0,,
1905-11-04,222.0,100.0,0.0,,
1905-11-05,250.0,100.0,0.0,,
1905-11-06,289.0,128.0,0.0,,
1905-11-07,256.0,189.0,0.0,,
1905-11-08,228.0,100.0,0.0,,
1905-11-09,206.0,78.0,0.0,,
1905-11-10,206.0,117.0,201.0,,
1905-11-11,139.0,83.0,0.0,,
1905-11-12,194.0,56.0,0.0,,
1905-11-13,206.0,72.0,0.0,,
1905-11-14,222.0,72.0,0.0,,
1905-11-15,194.0,67.0,0.0,,
1905-11-16,239.0,139.0,0.0,,
1905-11-17,206.0,78.0,0.0,,
1905-11-18,256.0,83.0,0.0,,
1905-11-19,256.0,122.0,0.0,,
1905-11-20,261.0,117.0,0.0,,
1905-11-21,200.0,106.0,0.0,,
1905-11-22,139.0,83.0,0.0,,
1905-11-23,211.0,89.0,0.0,,
1905-11-24,244.0,106.0,0.0,,
1905-11-25,222.0,111.0,0.0,,
1905-11-26,261.0,117.0,0.0,,
1905-11-27,228.0,144.0,0.0,,
1905-11-28,261.0,161.0,0.0,,
1905-11-29,283.0,139.0,0.0,,
1905-11-30,194.0,133.0,0.0,,
1905-12-01,144.0,89.0,0.0,,
1905-12-02,211.0,106.0,38.0,,
1905-12-03,211.0,106.0,409.0,,
1905-12-04,144.0,0.0,0.0,,
1905-12-05,83.0,22.0,0.0,,
1905-12-06,139.0,44.0,0.0,,
1905-12-07,144.0,83.0,3.0,,
1905-12-08,161.0,122.0,231.0,,
1905-12-09,156.0,89.0,25.0,,
1905-12-10,144.0,72.0,0.0,,
1905-12-11,156.0,-6.0,0.0,,
1905-12-12,183.0,6.0,0.0,,
1905-12-13,156.0,56.0,0.0,,
1905-12-14,144.0,117.0,229.0,,
1905-12-15,144.0,117.0,0.0,,
1905-12-16,122.0,72.0,0.0,,
1905-12-17,94.0,50.0,0.0,,
1905-12-18,78.0,44.0,0.0,,
1905-12-19,111.0,50.0,0.0,,
1905-12-20,200.0,72.0,145.0,,
1905-12-21,211.0,117.0,0.0,,
1905-12-22,217.0,50.0,0.0,,
1905-12-23,261.0,133.0,13.0,,
1905-12-24,194.0,56.0,239.0,,
1905-12-25,117.0,22.0,0.0,,
1905-12-26,139.0,-6.0,0.0,,
1905-12-27,111.0,89.0,0.0,,
1905-12-28,167.0,100.0,351.0,,
1905-12-29,183.0,72.0,0.0,,
1905-12-30,139.0,6.0,0.0,,
1905-12-31,200.0,28.0,0.0,,
1906-01-01,150.0,44.0,0.0,,0.0
1906-01-02,206.0,106.0,0.0,,0.0
1906-01-03,256.0,156.0,635.0,,0.0
1906-01-04,222.0,106.0,0.0,,0.0
1906-01-05,122.0,50.0,0.0,,0.0
1906-01-06,172.0,39.0,0.0,,0.0
1906-01-07,161.0,-6.0,0.0,,0.0
1906-01-08,222.0,56.0,0.0,,0.0
1906-01-09,150.0,44.0,122.0,,0.0
1906-01-10,133.0,22.0,0.0,,0.0
1906-01-11,206.0,72.0,0.0,,0.0
1906-01-12,144.0,111.0,193.0,,0.0
1906-01-13,139.0,111.0,30.0,,0.0
1906-01-14,161.0,111.0,0.0,,0.0
1906-01-15,194.0,56.0,0.0,,0.0
1906-01-16,228.0,94.0,0.0,,0.0
1906-01-17,161.0,39.0,0.0,,0.0
1906-01-18,272.0,61.0,0.0,,0.0
1906-01-19,217.0,144.0,0.0,,0.0
1906-01-20,161.0,133.0,8.0,,0.0
1906-01-21,239.0,122.0,15.0,,0.0
1906-01-22,239.0,178.0,185.0,,0.0
1906-01-23,183.0,139.0,25.0,,0.0
1906-01-24,139.0,33.0,0.0,,0.0
1906-01-25,100.0,56.0,180.0,,0.0
1906-01-26,56.0,33.0,0.0,,0.0
1906-01-27,111.0,44.0,0.0,,0.0
1906-01-28,156.0,33.0,0.0,,0.0
1906-01-29,167.0,17.0,0.0,,0.0
1906-01-30,206.0,89.0,0.0,,0.0
1906-01-31,211.0,78.0,3.0,,0.0
1906-02-01,167.0,11.0,0.0,,
1906-02-02,150.0,50.0,0.0,,
1906-02-03,106.0,28.0,0.0,,
1906-02-04,156.0,39.0,0.0,,
1906-02-05,222.0,61.0,0.0,,
1906-02-06,172.0,56.0,0.0,,
1906-02-07,111.0,72.0,0.0,,
1906-02-08,100.0,78.0,107.0,,
1906-02-09,150.0,56.0,0.0,,
1906-02-10,178.0,17.0,0.0,,
1906-02-11,128.0,100.0,135.0,,
1906-02-12,133.0,94.0,688.0,,
1906-02-13,150.0,61.0,0.0,,
1906-02-14,211.0,72.0,0.0,,
1906-02-15,167.0,122.0,0.0,,
1906-02-16,128.0,89.0,0.0,,
1906-02-17,128.0,50.0,0.0,,
1906-02-18,183.0,39.0,0.0,,
1906-02-19,206.0,28.0,0.0,,
1906-02-20,200.0,50.0,0.0,,
1906-02-21,239.0,122.0,0.0,,
1906-02-22,194.0,67.0,0.0,,
1906-02-23,222.0,33.0,0.0,,
1906-02-24,233.0,83.0,0.0,,
1906-02-25,244.0,111.0,0.0,,
1906-02-26,194.0,39.0,0.0,,
1906-02-27,183.0,89.0,0.0,,
1906-02-28,106.0,-11.0,0.0,,
1906-03-01,161.0,-22.0,0.0,,
1906-03-02,228.0,78.0,0.0,,
1906-03-03,222.0,156.0,97.0,,
1906-03-04,211.0,94.0,0.0,,
1906-03-05,183.0,28.0,0.0,,
1906-03-06,161.0,78.0,0.0,,
1906-03-07,194.0,111.0,8.0,,
1906-03-08,189.0,117.0,64.0,,
1906-03-09,211.0,72.0,0.0,,
1906-03-10,172.0,78.0,0.0,,
1906-03-11,200.0,94.0,0.0,,
1906-03-12,256.0,100.0,0.0,,
1906-03-13,239.0,128.0,0.0,,
1906-03-14,278.0,117.0,0.0,,
1906-03-15,272.0,167.0,0.0,,
1906-03-16,233.0,161.0,0.0,,
1906-03-17,222.0,94.0,0.0,,
1906-03-18,222.0,78.0,0.0,,
1906-03-19,267.0,139.0,28.0,,
1906-03-20,194.0,56.0,0.0,,
1906-03-21,139.0,-28.0,0.0,,
1906-03-22,183.0,0.0,0.0,,
1906-03-23,206.0,22.0,0.0,,
1906-03-24,239.0,89.0,0.0,,
1906-03-25,150.0,111.0,0.0,,
1906-03-26,161.0,106.0,0.0,,
1906-03-27,272.0,83.0,0.0,,
1906-03-28,294.0,150.0,0.0,,
1906-03-29,306.0,139.0,0.0,,
1906-03-30,244.0,161.0,0.0,,
1906-03-31,161.0,72.0,64.0,,
1906-04-01,183.0,44.0,0.0,,
1906-04-02,178.0,50.0,0.0,,
1906-04-03,206.0,39.0,0.0,,
1906-04-04,267.0,39.0,0.0,,
1906-04-05,283.0,100.0,0.0,,
1906-04-06,278.0,150.0,0.0,,
1906-04-07,233.0,78.0,0.0,,
1906-04-08,261.0,122.0,0.0,,
1906-04-09,289.0,172.0,0.0,,
1906-04-10,289.0,167.0,0.0,,
1906-04-11,328.0,172.0,0.0,,
1906-04-12,283.0,167.0,0.0,,
1906-04-13,278.0,156.0,0.0,,
1906-04-14,261.0,183.0,175.0,,
1906-04-15,283.0,194.0,0.0,,
1906-04-16,261.0,111.0,0.0,,
1906-04-17,222.0,128.0,0.0,,
1906-04-18,222.0,156.0,0.0,,
1906-04-19,244.0,156.0,0.0,,
1906-04-20,250.0,106.0,0.0,,
1906-04-21,289.0,139.0,0.0,,
1906-04-22,289.0,178.0,0.0,,
1906-04-23,289.0,150.0,0.0,,
1906-04-24,222.0,83.0,0.0,,
1906-04-25,317.0,117.0,0.0,,
1906-04-26,328.0,167.0,0.0,,
1906-04-27,339.0,161.0,0.0,,
1906-04-28,350.0,161.0,0.0,,
1906-04-29,328.0,178.0,28.0,,
1906-04-30,317.0,144.0,0.0,,
1906-05-01,367.0,194.0,0.0,,
1906-05-02,361.0,206.0,0.0,,
1906-05-03,350.0,211.0,0.0,,
1906-05-04,333.0,217.0,30.0,,
1906-05-05,322.0,189.0,23.0,,
1906-05-06,344.0,211.0,0.0,,
1906-05-07,294.0,172.0,124.0,,
1906-05-08,239.0,156.0,0.0,,
1906-05-09,300.0,150.0,0.0,,
1906-05-10,206.0,106.0,0.0,,
1906-05-11,222.0,61.0,0.0,,
1906-05-12,267.0,89.0,0.0,,
1906-05-13,267.0,189.0,0.0,,
1906-05-14,272.0,156.0,0.0,,
1906-05-15,261.0,183.0,147.0,,
1906-05-16,261.0,206.0,0.0,,
1906-05-17,267.0,206.0,0.0,,
1906-05-18,278.0,161.0,0.0,,
1906-05-19,317.0,161.0,0.0,,
1906-05-20,344.0,194.0,0.0,,
1906-05-21,278.0,189.0,0.0,,
1906-05-22,256.0,206.0,328.0,,
1906-05-23,222.0,206.0,196.0,,
1906-05-24,239.0,206.0,452.0,,
1906-05-25,256.0,211.0,401.0,,
1906-05-26,289.0,211.0,15.0,,
1906-05-27,289.0,200.0,25.0,,
1906-05-28,317.0,183.0,0.0,,
1906-05-29,250.0,183.0,0.0,,
1906-05-30,272.0,189.0,0.0,,
1906-05-31,306.0,172.0,0.0,,
1906-06-01,322.0,194.0,0.0,,
1906-06-02,339.0,211.0,0.0,,
1906-06-03,328.0,211.0,0.0,,
1906-06-04,317.0,222.0,0.0,,
1906-06-05,311.0,206.0,0.0,,
1906-06-06,356.0,211.0,0.0,,
1906-06-07,361.0,194.0,0.0,,
1906-06-08,322.0,206.0,0.0,,
1906-06-09,294.0,211.0,0.0,,
1906-06-10,250.0,194.0,348.0,,
1906-06-11,256.0,211.0,165.0,,
1906-06-12,289.0,228.0,180.0,,
1906-06-13,328.0,239.0,0.0,,
1906-06-14,322.0,228.0,137.0,,
1906-06-15,300.0,222.0,41.0,,
1906-06-16,306.0,222.0,56.0,,
1906-06-17,306.0,206.0,89.0,,
1906-06-18,344.0,256.0,8.0,,
1906-06-19,350.0,233.0,0.0,,
1906-06-20,344.0,228.0,0.0,,
1906-06-21,367.0,211.0,0.0,,
1906-06-22,367.0,222.0,0.0,,
1906-06-23,361.0,239.0,0.0,,
1906-06-24,350.0,228.0,0.0,,
1906-06-25,350.0,239.0,0.0,,
1906-06-26,356.0,217.0,33.0,,
1906-06-27,367.0,228.0,0.0,,
1906-06-28,367.0,233.0,10.0,,
1906-06-29,383.0,228.0,36.0,,
1906-06-30,350.0,233.0,0.0,,
1906-07-01,350.0,217.0,61.0,,
1906-07-02,322.0,222.0,13.0,,
1906-07-03,333.0,228.0,0.0,,
1906-07-04,333.0,211.0,366.0,,
1906-07-05,333.0,239.0,216.0,,
1906-07-06,306.0,217.0,0.0,,
1906-07-07,311.0,217.0,0.0,,
1906-07-08,328.0,228.0,0.0,,
1906-07-09,344.0,211.0,856.0,,
1906-07-10,294.0,211.0,787.0,,
1906-07-11,267.0,217.0,221.0,,
1906-07-12,317.0,222.0,25.0,,
1906-07-13,283.0,222.0,678.0,,
1906-07-14,317.0,233.0,38.0,,
1906-07-15,317.0,244.0,30.0,,
1906-07-16,283.0,233.0,0.0,,
1906-07-17,339.0,228.0,0.0,,
1906-07-18,333.0,239.0,0.0,,
1906-07-19,317.0,217.0,0.0,,
1906-07-20,311.0,217.0,0.0,,
1906-07-21,328.0,222.0,0.0,,
1906-07-22,350.0,222.0,0.0,,
1906-07-23,300.0,228.0,157.0,,
1906-07-24,339.0,211.0,630.0,,
1906-07-25,317.0,206.0,310.0,,
1906-07-26,294.0,206.0,53.0,,
1906-07-27,322.0,222.0,0.0,,
1906-07-28,339.0,217.0,452.0,,
1906-07-29,339.0,233.0,0.0,,
1906-07-30,322.0,222.0,191.0,,
1906-07-31,311.0,228.0,0.0,,
1906-08-01,294.0,222.0,97.0,,
1906-08-02,322.0,217.0,0.0,,
1906-08-03,311.0,228.0,0.0,,
1906-08-04,311.0,233.0,0.0,,
1906-08-05,317.0,267.0,0.0,,
1906-08-06,317.0,228.0,0.0,,
1906-08-07,322.0,222.0,0.0,,
1906-08-08,339.0,228.0,0.0,,
1906-08-09,361.0,233.0,76.0,,
1906-08-10,367.0,244.0,0.0,,
1906-08-11,328.0,250.0,0.0,,
1906-08-12,317.0,233.0,0.0,,
1906-08-13,333.0,228.0,0.0,,
1906-08-14,333.0,200.0,15.0,,
1906-08-15,289.0,222.0,79.0,,
1906-08-16,328.0,228.0,20.0,,
1906-08-17,322.0,228.0,0.0,,
1906-08-18,317.0,239.0,0.0,,
1906-08-19,278.0,228.0,0.0,,
1906-08-20,311.0,217.0,0.0,,
1906-08-21,322.0,217.0,5.0,,
1906-08-22,317.0,233.0,0.0,,
1906-08-23,300.0,233.0,452.0,,
1906-08-24,328.0,233.0,0.0,,
1906-08-25,306.0,233.0,152.0,,
1906-08-26,311.0,228.0,20.0,,
1906-08-27,333.0,222.0,282.0,,
1906-08-28,300.0,228.0,135.0,,
1906-08-29,311.0,228.0,10.0,,
1906-08-30,350.0,222.0,0.0,,
1906-08-31,322.0,233.0,0.0,,
1906-09-01,344.0,228.0,0.0,,
1906-09-02,322.0,228.0,0.0,,
1906-09-03,344.0,233.0,0.0,,
1906-09-04,350.0,233.0,0.0,,
1906-09-05,322.0,228.0,145.0,,
1906-09-06,294.0,233.0,0.0,,
1906-09-07,322.0,222.0,0.0,,
1906-09-08,311.0,206.0,0.0,,
1906-09-09,,189.0,0.0,,
1906-09-10,317.0,189.0,0.0,,
1906-09-11,317.0,222.0,0.0,,
1906-09-12,322.0,206.0,0.0,,
1906-09-13,350.0,211.0,251.0,,
1906-09-14,356.0,211.0,0.0,,
1906-09-15,322.0,228.0,0.0,,
1906-09-16,283.0,217.0,69.0,,
1906-09-17,261.0,200.0,0.0,,
1906-09-18,322.0,211.0,0.0,,
1906-09-19,317.0,217.0,0.0,,
1906-09-20,306.0,222.0,0.0,,
1906-09-21,311.0,217.0,0.0,,
1906-09-22,306.0,211.0,0.0,,
1906-09-23,300.0,211.0,0.0,,
1906-09-24,256.0,228.0,0.0,,
1906-09-25,278.0,228.0,137.0,,
1906-09-26,283.0,250.0,0.0,,
1906-09-27,294.0,228.0,102.0,,
1906-09-28,294.0,233.0,84.0,,
1906-09-29,294.0,222.0,0.0,,
1906-09-30,278.0,200.0,0.0,,
1906-10-01,283.0,217.0,94.0,,
1906-10-02,311.0,211.0,0.0,,
1906-10-03,294.0,211.0,58.0,,
1906-10-04,311.0,206.0,0.0,,
1906-10-05,322.0,200.0,0.0,,
1906-10-06,328.0,217.0,8.0,,
1906-10-07,239.0,117.0,0.0,,
1906-10-08,,,0.0,,
1906-10-09,278.0,200.0,272.0,,
1906-10-10,211.0,117.0,0.0,,
1906-10-11,183.0,56.0,0.0,,
1906-10-12,228.0,89.0,0.0,,
1906-10-13,217.0,106.0,0.0,,
1906-10-14,211.0,133.0,0.0,,
1906-10-15,200.0,122.0,0.0,,
1906-10-16,206.0,106.0,0.0,,
1906-10-17,239.0,183.0,94.0,,
1906-10-18,239.0,200.0,3.0,,
1906-10-19,233.0,178.0,0.0,,
1906-10-20,267.0,189.0,0.0,,
1906-10-21,261.0,189.0,147.0,,
1906-10-22,217.0,189.0,0.0,,
1906-10-23,206.0,183.0,0.0,,
1906-10-24,233.0,178.0,0.0,,
1906-10-25,278.0,167.0,0.0,,
1906-10-26,267.0,122.0,0.0,,
1906-10-27,256.0,144.0,0.0,,
1906-10-28,261.0,117.0,0.0,,
1906-10-29,183.0,33.0,0.0,,
1906-10-30,222.0,78.0,0.0,,
1906-10-31,228.0,117.0,0.0,,
1906-11-01,172.0,122.0,0.0,,
1906-11-02,194.0,111.0,0.0,,
1906-11-03,222.0,122.0,0.0,,
1906-11-04,239.0,150.0,0.0,,
1906-11-05,222.0,167.0,0.0,,
1906-11-06,233.0,144.0,0.0,,
1906-11-07,228.0,106.0,0.0,,
1906-11-08,222.0,128.0,0.0,,
1906-11-09,233.0,89.0,0.0,,
1906-11-10,267.0,106.0,0.0,,
1906-11-11,267.0,144.0,0.0,,
1906-11-12,222.0,78.0,0.0,,
1906-11-13,111.0,-6.0,0.0,,
1906-11-14,150.0,0.0,0.0,,
1906-11-15,167.0,67.0,0.0,,
1906-11-16,150.0,17.0,0.0,,
1906-11-17,239.0,50.0,0.0,,
1906-11-18,267.0,194.0,0.0,,
1906-11-19,267.0,194.0,0.0,,
1906-11-20,256.0,167.0,0.0,,
1906-11-21,267.0,194.0,5.0,,
1906-11-22,283.0,150.0,0.0,,
1906-11-23,239.0,139.0,0.0,,
1906-11-24,200.0,122.0,0.0,,
1906-11-25,211.0,111.0,0.0,,
1906-11-26,250.0,122.0,0.0,,
1906-11-27,261.0,106.0,0.0,,
1906-11-28,217.0,106.0,0.0,,
1906-11-29,156.0,89.0,0.0,,
1906-11-30,194.0,50.0,0.0,,
1906-12-01,233.0,61.0,0.0,,
1906-12-02,222.0,94.0,0.0,,
1906-12-03,244.0,94.0,0.0,,
1906-12-04,194.0,100.0,0.0,,
1906-12-05,228.0,56.0,0.0,,
1906-12-06,267.0,128.0,5.0,,
1906-12-07,228.0,139.0,0.0,,
1906-12-08,183.0,50.0,0.0,,
1906-12-09,217.0,56.0,0.0,,
1906-12-10,244.0,150.0,0.0,,
1906-12-11,233.0,133.0,0.0,,
1906-12-12,156.0,61.0,0.0,,
1906-12-13,217.0,11.0,0.0,,
1906-12-14,228.0,44.0,0.0,,
1906-12-15,222.0,61.0,0.0,,
1906-12-16,256.0,89.0,0.0,,
1906-12-17,267.0,133.0,0.0,,
1906-12-18,217.0,122.0,69.0,,
1906-12-19,128.0,50.0,41.0,,
1906-12-20,139.0,39.0,81.0,,
1906-12-21,156.0,39.0,0.0,,
1906-12-22,122.0,17.0,0.0,,
1906-12-23,56.0,-17.0,0.0,,
1906-12-24,44.0,-56.0,0.0,,
1906-12-25,67.0,-61.0,0.0,,
1906-12-26,94.0,-44.0,0.0,,
1906-12-27,156.0,-56.0,0.0,,
1906-12-28,206.0,44.0,13.0,,
1906-12-29,194.0,100.0,0.0,,
1906-12-30,228.0,100.0,0.0,,
1906-12-31,228.0,139.0,46.0,,
1907-01-01,183.0,139.0,0.0,,
1907-01-02,233.0,133.0,0.0,,
1907-01-03,233.0,122.0,0.0,,
1907-01-04,261.0,144.0,0.0,,
1907-01-05,217.0,111.0,0.0,,
1907-01-06,228.0,94.0,0.0,,
1907-01-07,228.0,122.0,0.0,,
1907-01-08,267.0,83.0,0.0,,
1907-01-09,250.0,111.0,0.0,,
1907-01-10,244.0,128.0,0.0,,
1907-01-11,244.0,133.0,0.0,,
1907-01-12,239.0,117.0,0.0,,
1907-01-13,244.0,94.0,0.0,,
1907-01-14,250.0,78.0,0.0,,
1907-01-15,244.0,100.0,0.0,,
1907-01-16,233.0,83.0,0.0,,
1907-01-17,256.0,94.0,0.0,,
1907-01-18,256.0,111.0,0.0,,
1907-01-19,256.0,94.0,0.0,,
1907-01-20,228.0,144.0,8.0,,
1907-01-21,144.0,122.0,0.0,,
1907-01-22,172.0,50.0,0.0,,
1907-01-23,172.0,17.0,0.0,,
1907-01-24,161.0,44.0,0.0,,
1907-01-25,211.0,39.0,20.0,,
1907-01-26,200.0,111.0,0.0,,
1907-01-27,200.0,56.0,0.0,,
1907-01-28,156.0,33.0,0.0,,
1907-01-29,156.0,17.0,0.0,,
1907-01-30,189.0,22.0,0.0,,
1907-01-31,189.0,111.0,0.0,,
1907-02-01,244.0,106.0,0.0,,
1907-02-02,261.0,150.0,0.0,,
1907-02-03,261.0,144.0,0.0,,
1907-02-04,244.0,122.0,51.0,,
1907-02-05,222.0,156.0,0.0,,
1907-02-06,156.0,39.0,0.0,,
1907-02-07,83.0,28.0,33.0,,
1907-02-08,89.0,11.0,0.0,,
1907-02-09,128.0,-22.0,0.0,,
1907-02-10,211.0,17.0,0.0,,
1907-02-11,189.0,56.0,0.0,,
1907-02-12,144.0,17.0,0.0,,
1907-02-13,228.0,22.0,0.0,,
1907-02-14,228.0,61.0,0.0,,
1907-02-15,183.0,28.0,0.0,,
1907-02-16,183.0,-17.0,0.0,,
1907-02-17,211.0,22.0,0.0,,
1907-02-18,222.0,44.0,0.0,,
1907-02-19,228.0,61.0,46.0,,
1907-02-20,206.0,128.0,0.0,,
1907-02-21,211.0,17.0,0.0,,
1907-02-22,172.0,33.0,0.0,,
1907-02-23,172.0,100.0,0.0,,
1907-02-24,211.0,111.0,0.0,,
1907-02-25,233.0,111.0,0.0,,
1907-02-26,267.0,106.0,10.0,,
1907-02-27,228.0,139.0,0.0,,
1907-02-28,211.0,144.0,71.0,,
1907-03-01,278.0,139.0,0.0,,
1907-03-02,250.0,106.0,33.0,,
1907-03-03,261.0,61.0,0.0,,
1907-03-04,200.0,83.0,0.0,,
1907-03-05,267.0,78.0,0.0,,
1907-03-06,,,0.0,,
1907-03-07,222.0,111.0,0.0,,
1907-03-08,289.0,128.0,0.0,,
1907-03-09,222.0,139.0,0.0,,
1907-03-10,278.0,161.0,0.0,,
1907-03-11,228.0,133.0,0.0,,
1907-03-12,250.0,117.0,0.0,,
1907-03-13,311.0,161.0,0.0,,
1907-03-14,317.0,150.0,0.0,,
1907-03-15,222.0,128.0,15.0,,
1907-03-16,178.0,122.0,64.0,,
1907-03-17,233.0,161.0,5.0,,
1907-03-18,250.0,111.0,0.0,,
1907-03-19,300.0,144.0,0.0,,
1907-03-20,328.0,178.0,0.0,,
1907-03-21,356.0,183.0,0.0,,
1907-03-22,356.0,167.0,0.0,,
1907-03-23,356.0,172.0,0.0,,
1907-03-24,350.0,156.0,0.0,,
1907-03-25,267.0,156.0,0.0,,
1907-03-26,244.0,156.0,0.0,,
1907-03-27,278.0,111.0,0.0,,
1907-03-28,311.0,128.0,0.0,,
1907-03-29,344.0,150.0,0.0,,
1907-03-30,317.0,156.0,0.0,,
1907-03-31,306.0,161.0,30.0,,
1907-04-01,167.0,56.0,323.0,,
1907-04-02,194.0,39.0,0.0,,
1907-04-03,178.0,50.0,0.0,,
1907-04-04,228.0,33.0,0.0,,
1907-04-05,278.0,144.0,0.0,,
1907-04-06,300.0,139.0,36.0,,
1907-04-07,289.0,161.0,20.0,,
1907-04-08,228.0,117.0,274.0,,
1907-04-09,200.0,89.0,0.0,,
1907-04-10,200.0,78.0,0.0,,
1907-04-11,206.0,28.0,0.0,,
1907-04-12,244.0,89.0,8.0,,
1907-04-13,217.0,83.0,0.0,,
1907-04-14,183.0,28.0,0.0,,
1907-04-15,178.0,11.0,0.0,,
1907-04-16,300.0,78.0,0.0,,
1907-04-17,294.0,144.0,13.0,,
1907-04-18,283.0,167.0,64.0,,
1907-04-19,244.0,167.0,10.0,,
1907-04-20,183.0,133.0,297.0,,
1907-04-21,178.0,139.0,58.0,,
1907-04-22,300.0,156.0,0.0,,
1907-04-23,294.0,194.0,0.0,,
1907-04-24,239.0,111.0,0.0,,
1907-04-25,228.0,106.0,0.0,,
1907-04-26,250.0,161.0,170.0,,
1907-04-27,261.0,144.0,168.0,,
1907-04-28,233.0,144.0,0.0,,
1907-04-29,239.0,194.0,0.0,,
1907-04-30,267.0,144.0,0.0,,
1907-05-01,306.0,178.0,0.0,,
1907-05-02,289.0,206.0,0.0,,
1907-05-03,294.0,167.0,20.0,,
1907-05-04,322.0,183.0,0.0,,
1907-05-05,294.0,194.0,66.0,,
1907-05-06,300.0,172.0,0.0,,
1907-05-07,322.0,200.0,53.0,,
1907-05-08,300.0,189.0,165.0,,
1907-05-09,322.0,244.0,0.0,,
1907-05-10,289.0,161.0,0.0,,
1907-05-11,300.0,189.0,0.0,,
1907-05-12,217.0,150.0,287.0,,
1907-05-13,233.0,150.0,0.0,,
1907-05-14,,,0.0,,
1907-05-15,294.0,183.0,91.0,,
1907-05-16,256.0,183.0,203.0,,
1907-05-17,267.0,128.0,0.0,,
1907-05-18,267.0,111.0,0.0,,
1907-05-19,283.0,133.0,0.0,,
1907-05-20,339.0,161.0,0.0,,
1907-05-21,289.0,183.0,0.0,,
1907-05-22,306.0,200.0,0.0,,
1907-05-23,306.0,161.0,0.0,,
1907-05-24,278.0,156.0,0.0,,
1907-05-25,300.0,183.0,0.0,,
1907-05-26,317.0,200.0,0.0,,
1907-05-27,339.0,206.0,30.0,,
1907-05-28,239.0,178.0,0.0,,
1907-05-29,278.0,189.0,0.0,,
1907-05-30,328.0,211.0,0.0,,
1907-05-31,344.0,211.0,307.0,,
1907-06-01,328.0,211.0,0.0,,
1907-06-02,289.0,200.0,0.0,,
1907-06-03,283.0,150.0,0.0,,
1907-06-04,322.0,167.0,0.0,,
1907-06-05,333.0,189.0,0.0,,
1907-06-06,300.0,206.0,0.0,,
1907-06-07,356.0,189.0,0.0,,
1907-06-08,367.0,217.0,0.0,,
1907-06-09,383.0,211.0,0.0,,
1907-06-10,372.0,222.0,0.0,,
1907-06-11,367.0,222.0,0.0,,
1907-06-12,361.0,206.0,0.0,,
1907-06-13,317.0,206.0,536.0,,
1907-06-14,322.0,200.0,43.0,,
1907-06-15,278.0,206.0,0.0,,
1907-06-16,317.0,150.0,0.0,,
1907-06-17,294.0,167.0,0.0,,
1907-06-18,294.0,183.0,0.0,,
1907-06-19,311.0,183.0,0.0,,
1907-06-20,317.0,183.0,0.0,,
1907-06-21,311.0,189.0,0.0,,
1907-06-22,294.0,194.0,0.0,,
1907-06-23,300.0,189.0,0.0,,
1907-06-24,306.0,194.0,0.0,,
1907-06-25,322.0,206.0,0.0,,
1907-06-26,328.0,217.0,0.0,,
1907-06-27,356.0,222.0,81.0,,
1907-06-28,261.0,200.0,305.0,,
1907-06-29,317.0,211.0,76.0,,
1907-06-30,328.0,211.0,76.0,,
1907-07-01,328.0,211.0,33.0,,
1907-07-02,328.0,256.0,38.0,,
1907-07-03,306.0,233.0,56.0,,
1907-07-04,356.0,217.0,686.0,,
1907-07-05,278.0,194.0,0.0,,
1907-07-06,311.0,206.0,0.0,,
1907-07-07,356.0,222.0,107.0,,
1907-07-08,361.0,233.0,0.0,,
1907-07-09,361.0,222.0,0.0,,
1907-07-10,350.0,222.0,0.0,,
1907-07-11,339.0,222.0,18.0,,
1907-07-12,350.0,222.0,198.0,,
1907-07-13,333.0,222.0,0.0,,
1907-07-14,306.0,206.0,312.0,,
1907-07-15,322.0,200.0,0.0,,
1907-07-16,328.0,206.0,0.0,,
1907-07-17,317.0,211.0,0.0,,
1907-07-18,311.0,211.0,0.0,,
1907-07-19,356.0,217.0,56.0,,
1907-07-20,361.0,217.0,246.0,,
1907-07-21,361.0,233.0,0.0,,
1907-07-22,344.0,217.0,0.0,,
1907-07-23,372.0,244.0,0.0,,
1907-07-24,361.0,211.0,371.0,,
1907-07-25,350.0,222.0,25.0,,
1907-07-26,344.0,244.0,0.0,,
1907-07-27,339.0,233.0,0.0,,
1907-07-28,344.0,239.0,0.0,,
1907-07-29,328.0,250.0,0.0,,
1907-07-30,333.0,239.0,89.0,,
1907-07-31,344.0,239.0,0.0,,
1907-08-01,350.0,,0.0,,
1907-08-02,344.0,,0.0,,
1907-08-03,356.0,222.0,13.0,,
1907-08-04,333.0,217.0,165.0,,
1907-08-05,306.0,206.0,0.0,,
1907-08-06,322.0,222.0,185.0,,
1907-08-07,333.0,228.0,8.0,,
1907-08-08,356.0,233.0,30.0,,
1907-08-09,344.0,228.0,475.0,,
1907-08-10,333.0,217.0,51.0,,
1907-08-11,317.0,217.0,13.0,,
1907-08-12,311.0,211.0,178.0,,
1907-08-13,350.0,211.0,64.0,,
1907-08-14,333.0,217.0,0.0,,
1907-08-15,300.0,206.0,0.0,,
1907-08-16,356.0,211.0,0.0,,
1907-08-17,306.0,217.0,0.0,,
1907-08-18,328.0,211.0,0.0,,
1907-08-19,294.0,217.0,15.0,,
1907-08-20,317.0,200.0,0.0,,
1907-08-21,333.0,200.0,13.0,,
1907-08-22,344.0,222.0,157.0,,
1907-08-23,339.0,222.0,0.0,,
1907-08-24,356.0,217.0,74.0,,
1907-08-25,344.0,222.0,0.0,,
1907-08-26,356.0,233.0,0.0,,
1907-08-27,356.0,217.0,0.0,,
1907-08-28,372.0,217.0,0.0,,
1907-08-29,372.0,239.0,0.0,,
1907-08-30,367.0,222.0,0.0,,
1907-08-31,361.0,228.0,0.0,,
1907-09-01,350.0,250.0,0.0,,
1907-09-02,333.0,228.0,0.0,,
1907-09-03,361.0,228.0,0.0,,
1907-09-04,356.0,222.0,0.0,,
1907-09-05,333.0,206.0,18.0,,
1907-09-06,328.0,206.0,185.0,,
1907-09-07,333.0,194.0,0.0,,
1907-09-08,356.0,211.0,0.0,,
1907-09-09,339.0,222.0,0.0,,
1907-09-10,339.0,222.0,0.0,,
1907-09-11,350.0,222.0,0.0,,
1907-09-12,317.0,217.0,0.0,,
1907-09-13,294.0,228.0,41.0,,
1907-09-14,283.0,228.0,0.0,,
1907-09-15,278.0,217.0,277.0,,
1907-09-16,300.0,228.0,0.0,,
1907-09-17,289.0,194.0,231.0,,
1907-09-18,294.0,228.0,18.0,,
1907-09-19,289.0,222.0,117.0,,
1907-09-20,300.0,222.0,41.0,,
1907-09-21,317.0,211.0,5.0,,
1907-09-22,339.0,211.0,84.0,,
1907-09-23,272.0,217.0,69.0,,
1907-09-24,267.0,200.0,0.0,,
1907-09-25,317.0,211.0,0.0,,
1907-09-26,300.0,222.0,0.0,,
1907-09-27,261.0,217.0,427.0,,
1907-09-28,283.0,222.0,43.0,,
1907-09-29,300.0,217.0,0.0,,
1907-09-30,306.0,172.0,0.0,,
1907-10-01,300.0,172.0,0.0,,
1907-10-02,261.0,178.0,20.0,,
1907-10-03,278.0,200.0,0.0,,
1907-10-04,322.0,167.0,0.0,,
1907-10-05,322.0,200.0,0.0,,
1907-10-06,289.0,206.0,0.0,,
1907-10-07,322.0,200.0,0.0,,
1907-10-08,333.0,211.0,0.0,,
1907-10-09,317.0,156.0,183.0,,
1907-10-10,194.0,139.0,0.0,,
1907-10-11,261.0,89.0,0.0,,
1907-10-12,283.0,117.0,0.0,,
1907-10-13,211.0,89.0,0.0,,
1907-10-14,194.0,78.0,0.0,,
1907-10-15,211.0,100.0,0.0,,
1907-10-16,228.0,111.0,0.0,,
1907-10-17,244.0,139.0,0.0,,
1907-10-18,250.0,133.0,0.0,,
1907-10-19,256.0,100.0,0.0,,
1907-10-20,267.0,117.0,0.0,,
1907-10-21,267.0,133.0,0.0,,
1907-10-22,211.0,156.0,203.0,,
1907-10-23,233.0,117.0,0.0,,
1907-10-24,261.0,133.0,0.0,,
1907-10-25,244.0,144.0,0.0,,
1907-10-26,283.0,122.0,0.0,,
1907-10-27,283.0,144.0,0.0,,
1907-10-28,222.0,111.0,0.0,,
1907-10-29,189.0,50.0,0.0,,
1907-10-30,244.0,67.0,0.0,,
1907-10-31,211.0,117.0,46.0,,
1907-11-01,200.0,172.0,0.0,,
1907-11-02,244.0,172.0,0.0,,
1907-11-03,228.0,133.0,0.0,,
1907-11-04,222.0,44.0,0.0,,
1907-11-05,206.0,83.0,0.0,,
1907-11-06,217.0,106.0,0.0,,
1907-11-07,217.0,61.0,0.0,,
1907-11-08,261.0,72.0,0.0,,
1907-11-09,261.0,78.0,0.0,,
1907-11-10,239.0,167.0,23.0,,
1907-11-11,261.0,161.0,0.0,,
1907-11-12,178.0,106.0,86.0,,
1907-11-13,117.0,50.0,0.0,,
1907-11-14,144.0,39.0,0.0,,
1907-11-15,183.0,44.0,0.0,,
1907-11-16,167.0,22.0,0.0,,
1907-11-17,200.0,61.0,0.0,,
1907-11-18,250.0,150.0,0.0,,
1907-11-19,189.0,133.0,0.0,,
1907-11-20,222.0,133.0,0.0,,
1907-11-21,294.0,172.0,0.0,,
1907-11-22,272.0,178.0,0.0,,
1907-11-23,289.0,178.0,0.0,,
1907-11-24,211.0,100.0,10.0,,
1907-11-25,200.0,83.0,0.0,,
1907-11-26,228.0,39.0,0.0,,
1907-11-27,206.0,39.0,0.0,,
1907-11-28,261.0,106.0,99.0,,
1907-11-29,189.0,139.0,53.0,,
1907-11-30,139.0,78.0,0.0,,
1907-12-01,172.0,61.0,0.0,,
1907-12-02,178.0,17.0,0.0,,
1907-12-03,244.0,33.0,0.0,,
1907-12-04,217.0,44.0,0.0,,
1907-12-05,89.0,-22.0,0.0,,
1907-12-06,122.0,-33.0,0.0,,
1907-12-07,144.0,0.0,0.0,,
1907-12-08,211.0,78.0,0.0,,
1907-12-09,,150.0,490.0,,
1907-12-10,250.0,100.0,0.0,,
1907-12-11,144.0,33.0,0.0,,
1907-12-12,189.0,6.0,0.0,,
1907-12-13,139.0,106.0,292.0,,
1907-12-14,228.0,128.0,0.0,,
1907-12-15,217.0,89.0,18.0,,
1907-12-16,156.0,28.0,0.0,,
1907-12-17,200.0,0.0,0.0,,
1907-12-18,194.0,44.0,0.0,,
1907-12-19,150.0,44.0,0.0,,
1907-12-20,167.0,106.0,30.0,,
1907-12-21,144.0,94.0,38.0,,
1907-12-22,183.0,122.0,175.0,,
1907-12-23,233.0,117.0,0.0,,
1907-12-24,189.0,61.0,0.0,,
1907-12-25,178.0,0.0,0.0,,
1907-12-26,200.0,-6.0,0.0,,
1907-12-27,233.0,61.0,0.0,,
1907-12-28,217.0,111.0,0.0,,
1907-12-29,261.0,133.0,0.0,,
1907-12-30,261.0,167.0,10.0,,
1907-12-31,194.0,50.0,0.0,,
1908-01-01,256.0,39.0,0.0,,
1908-01-02,261.0,94.0,0.0,,
1908-01-03,211.0,106.0,0.0,,
1908-01-04,256.0,78.0,0.0,,
1908-01-05,189.0,117.0,51.0,,
1908-01-06,128.0,111.0,330.0,,
1908-01-07,178.0,61.0,0.0,,
1908-01-08,178.0,28.0,0.0,,
1908-01-09,156.0,0.0,0.0,,
1908-01-10,178.0,-6.0,0.0,,
1908-01-11,194.0,122.0,142.0,,
1908-01-12,161.0,100.0,20.0,,
1908-01-13,150.0,56.0,0.0,,
1908-01-14,117.0,0.0,0.0,,
1908-01-15,189.0,-28.0,0.0,,
1908-01-16,222.0,0.0,0.0,,
1908-01-17,189.0,83.0,0.0,,
1908-01-18,178.0,39.0,0.0,,
1908-01-19,183.0,22.0,0.0,,
1908-01-20,200.0,78.0,0.0,,
1908-01-21,194.0,94.0,0.0,,
1908-01-22,183.0,106.0,0.0,,
1908-01-23,217.0,89.0,0.0,,
1908-01-24,122.0,-22.0,0.0,,
1908-01-25,128.0,-39.0,0.0,,
1908-01-26,211.0,28.0,0.0,,
1908-01-27,189.0,122.0,0.0,,
1908-01-28,161.0,-6.0,0.0,,
1908-01-29,206.0,78.0,25.0,,
1908-01-30,161.0,83.0,0.0,,
1908-01-31,172.0,100.0,15.0,,
1908-02-01,200.0,83.0,307.0,,
1908-02-02,89.0,-11.0,0.0,,
1908-02-03,106.0,-61.0,0.0,,
1908-02-04,117.0,-17.0,0.0,,
1908-02-05,189.0,56.0,0.0,,
1908-02-06,189.0,117.0,0.0,,
1908-02-07,144.0,61.0,0.0,,
1908-02-08,178.0,33.0,0.0,,
1908-02-09,156.0,117.0,33.0,,
1908-02-10,172.0,117.0,66.0,,
1908-02-11,178.0,117.0,25.0,,
1908-02-12,156.0,117.0,0.0,,
1908-02-13,222.0,133.0,114.0,,
1908-02-14,244.0,156.0,0.0,,
1908-02-15,206.0,67.0,178.0,,
1908-02-16,150.0,33.0,5.0,,
1908-02-17,139.0,11.0,0.0,,
1908-02-18,156.0,0.0,0.0,,
1908-02-19,211.0,128.0,23.0,,
1908-02-20,156.0,6.0,0.0,,
1908-02-21,139.0,-61.0,0.0,,
1908-02-22,139.0,22.0,0.0,,
1908-02-23,167.0,-17.0,0.0,,
1908-02-24,139.0,28.0,0.0,,
1908-02-25,222.0,72.0,0.0,,
1908-02-26,183.0,67.0,0.0,,
1908-02-27,139.0,44.0,0.0,,
1908-02-28,128.0,-17.0,0.0,,
1908-02-29,200.0,6.0,0.0,,
1908-03-01,233.0,39.0,0.0,,
1908-03-02,217.0,78.0,0.0,,
1908-03-03,217.0,89.0,0.0,,
1908-03-04,183.0,111.0,0.0,,
1908-03-05,217.0,94.0,0.0,,
1908-03-06,278.0,133.0,0.0,,
1908-03-07,300.0,122.0,0.0,,
1908-03-08,283.0,133.0,0.0,,
1908-03-09,278.0,122.0,0.0,,
1908-03-10,172.0,117.0,0.0,,
1908-03-11,200.0,122.0,0.0,,
1908-03-12,239.0,122.0,0.0,,
1908-03-13,278.0,150.0,0.0,,
1908-03-14,278.0,139.0,0.0,,
1908-03-15,289.0,111.0,0.0,,
1908-03-16,300.0,189.0,0.0,,
1908-03-17,306.0,183.0,0.0,,
1908-03-18,322.0,150.0,0.0,,
1908-03-19,311.0,172.0,0.0,,
1908-03-20,306.0,139.0,185.0,,
1908-03-21,144.0,61.0,0.0,,
1908-03-22,178.0,117.0,0.0,,
1908-03-23,294.0,161.0,0.0,,
1908-03-24,278.0,189.0,20.0,,
1908-03-25,217.0,122.0,0.0,,
1908-03-26,250.0,72.0,0.0,,
1908-03-27,250.0,128.0,0.0,,
1908-03-28,283.0,111.0,0.0,,
1908-03-29,311.0,150.0,0.0,,
1908-03-30,272.0,156.0,0.0,,
1908-03-31,317.0,161.0,0.0,,
1908-04-01,306.0,167.0,0.0,,
1908-04-02,317.0,194.0,0.0,,
1908-04-03,239.0,111.0,0.0,,
1908-04-04,211.0,50.0,0.0,,
1908-04-05,261.0,117.0,0.0,,
1908-04-06,317.0,172.0,254.0,,
1908-04-07,283.0,172.0,0.0,,
1908-04-08,,,0.0,,
1908-04-09,,,0.0,,
1908-04-10,339.0,172.0,0.0,,
1908-04-11,344.0,206.0,0.0,,
1908-04-12,239.0,183.0,0.0,,
1908-04-13,283.0,172.0,0.0,,
1908-04-14,289.0,189.0,0.0,,
1908-04-15,289.0,206.0,0.0,,
1908-04-16,317.0,189.0,363.0,,
1908-04-17,200.0,117.0,150.0,,
1908-04-18,256.0,167.0,0.0,,
1908-04-19,300.0,178.0,5.0,,
1908-04-20,333.0,172.0,0.0,,
1908-04-21,289.0,183.0,0.0,,
1908-04-22,233.0,189.0,284.0,,
1908-04-23,250.0,183.0,0.0,,
1908-04-24,289.0,156.0,0.0,,
1908-04-25,322.0,211.0,0.0,,
1908-04-26,344.0,194.0,0.0,,
1908-04-27,311.0,206.0,196.0,,
1908-04-28,283.0,156.0,0.0,,
1908-04-29,256.0,117.0,0.0,,
1908-04-30,272.0,161.0,226.0,,
1908-05-01,222.0,72.0,0.0,,
1908-05-02,267.0,83.0,0.0,,
1908-05-03,278.0,122.0,0.0,,
1908-05-04,306.0,172.0,157.0,,
1908-05-05,311.0,172.0,0.0,,
1908-05-06,233.0,200.0,104.0,,
1908-05-07,283.0,200.0,0.0,,
1908-05-08,250.0,122.0,0.0,,
1908-05-09,261.0,128.0,0.0,,
1908-05-10,300.0,117.0,0.0,,
1908-05-11,289.0,139.0,0.0,,
1908-05-12,322.0,156.0,0.0,,
1908-05-13,289.0,161.0,0.0,,
1908-05-14,300.0,161.0,0.0,,
1908-05-15,328.0,183.0,254.0,,
1908-05-16,356.0,183.0,0.0,,
1908-05-17,306.0,200.0,43.0,,
1908-05-18,328.0,200.0,0.0,,
1908-05-19,300.0,206.0,53.0,,
1908-05-20,333.0,189.0,0.0,,
1908-05-21,344.0,206.0,0.0,,
1908-05-22,306.0,200.0,0.0,,
1908-05-23,294.0,200.0,0.0,,
1908-05-24,300.0,200.0,0.0,,
1908-05-25,256.0,211.0,102.0,,
1908-05-26,256.0,183.0,208.0,,
1908-05-27,306.0,206.0,0.0,,
1908-05-28,328.0,200.0,0.0,,
1908-05-29,356.0,200.0,84.0,,
1908-05-30,333.0,200.0,0.0,,
1908-05-31,333.0,206.0,0.0,,
1908-06-01,356.0,211.0,0.0,,
1908-06-02,311.0,200.0,0.0,,
1908-06-03,294.0,200.0,0.0,,
1908-06-04,294.0,211.0,452.0,,
1908-06-05,300.0,217.0,30.0,,
1908-06-06,278.0,211.0,97.0,,
1908-06-07,283.0,228.0,0.0,,
1908-06-08,289.0,211.0,0.0,,
1908-06-09,333.0,189.0,0.0,,
1908-06-10,350.0,211.0,0.0,,
1908-06-11,339.0,200.0,81.0,,
1908-06-12,328.0,200.0,94.0,,
1908-06-13,289.0,194.0,0.0,,
1908-06-14,317.0,206.0,28.0,,
1908-06-15,322.0,217.0,0.0,,
1908-06-16,333.0,217.0,64.0,,
1908-06-17,289.0,217.0,203.0,,
1908-06-18,267.0,217.0,10.0,,
1908-06-19,283.0,206.0,0.0,,
1908-06-20,294.0,211.0,0.0,,
1908-06-21,300.0,211.0,0.0,,
1908-06-22,322.0,217.0,0.0,,
1908-06-23,328.0,228.0,0.0,,
1908-06-24,339.0,233.0,0.0,,
1908-06-25,306.0,239.0,28.0,,
1908-06-26,267.0,217.0,221.0,,
1908-06-27,289.0,211.0,0.0,,
1908-06-28,289.0,200.0,0.0,,
1908-06-29,300.0,172.0,0.0,,
1908-06-30,294.0,211.0,0.0,,
1908-07-01,289.0,233.0,302.0,,
1908-07-02,289.0,211.0,23.0,,
1908-07-03,322.0,222.0,0.0,,
1908-07-04,311.0,228.0,0.0,,
1908-07-05,311.0,228.0,20.0,,
1908-07-06,317.0,244.0,0.0,,
1908-07-07,289.0,228.0,89.0,,
1908-07-08,344.0,211.0,20.0,,
1908-07-09,350.0,217.0,107.0,,
1908-07-10,317.0,217.0,1064.0,,
1908-07-11,300.0,206.0,183.0,,
1908-07-12,267.0,217.0,89.0,,
1908-07-13,333.0,228.0,274.0,,
1908-07-14,311.0,233.0,0.0,,
1908-07-15,350.0,222.0,0.0,,
1908-07-16,356.0,244.0,0.0,,
1908-07-17,306.0,222.0,188.0,,
1908-07-18,339.0,217.0,38.0,,
1908-07-19,344.0,217.0,15.0,,
1908-07-20,328.0,228.0,0.0,,
1908-07-21,333.0,239.0,0.0,,
1908-07-22,328.0,228.0,0.0,,
1908-07-23,300.0,211.0,251.0,,
1908-07-24,294.0,228.0,97.0,,
1908-07-25,300.0,233.0,201.0,,
1908-07-26,272.0,239.0,114.0,,
1908-07-27,300.0,228.0,8.0,,
1908-07-28,283.0,228.0,114.0,,
1908-07-29,294.0,217.0,124.0,,
1908-07-30,328.0,228.0,0.0,,
1908-07-31,344.0,233.0,0.0,,
1908-08-01,339.0,244.0,0.0,,
1908-08-02,356.0,239.0,0.0,,
1908-08-03,339.0,244.0,0.0,,
1908-08-04,311.0,233.0,0.0,,
1908-08-05,311.0,233.0,0.0,,
1908-08-06,322.0,233.0,30.0,,
1908-08-07,372.0,239.0,0.0,,
1908-08-08,344.0,244.0,33.0,,
1908-08-09,311.0,244.0,0.0,,
1908-08-10,306.0,217.0,150.0,,
1908-08-11,328.0,228.0,0.0,,
1908-08-12,311.0,211.0,0.0,,
1908-08-13,322.0,206.0,0.0,,
1908-08-14,317.0,217.0,0.0,,
1908-08-15,311.0,222.0,0.0,,
1908-08-16,311.0,228.0,0.0,,
1908-08-17,317.0,233.0,0.0,,
1908-08-18,333.0,228.0,0.0,,
1908-08-19,372.0,244.0,69.0,,
1908-08-20,372.0,244.0,36.0,,
1908-08-21,344.0,228.0,229.0,,
1908-08-22,344.0,228.0,15.0,,
1908-08-23,328.0,228.0,0.0,,
1908-08-24,339.0,228.0,25.0,,
1908-08-25,333.0,222.0,300.0,,
1908-08-26,344.0,228.0,0.0,,
1908-08-27,250.0,222.0,0.0,,
1908-08-28,256.0,200.0,0.0,,
1908-08-29,256.0,189.0,30.0,,
1908-08-30,306.0,217.0,0.0,,
1908-08-31,294.0,200.0,0.0,,
1908-09-01,300.0,206.0,0.0,,
1908-09-02,333.0,217.0,56.0,,
1908-09-03,350.0,222.0,0.0,,
1908-09-04,306.0,217.0,0.0,,
1908-09-05,333.0,222.0,142.0,,
1908-09-06,328.0,217.0,53.0,,
1908-09-07,317.0,217.0,0.0,,
1908-09-08,306.0,239.0,0.0,,
1908-09-09,250.0,206.0,1468.0,,
1908-09-10,267.0,222.0,107.0,,
1908-09-11,283.0,228.0,102.0,,
1908-09-12,272.0,200.0,0.0,,
1908-09-13,300.0,200.0,0.0,,
1908-09-14,283.0,206.0,51.0,,
1908-09-15,261.0,233.0,13.0,,
1908-09-16,244.0,189.0,0.0,,
1908-09-17,272.0,167.0,0.0,,
1908-09-18,289.0,189.0,0.0,,
1908-09-19,278.0,156.0,0.0,,
1908-09-20,300.0,222.0,13.0,,
1908-09-21,278.0,217.0,0.0,,
1908-09-22,278.0,217.0,0.0,,
1908-09-23,278.0,211.0,51.0,,
1908-09-24,283.0,217.0,5.0,,
1908-09-25,261.0,222.0,0.0,,
1908-09-26,244.0,206.0,1148.0,,
1908-09-27,306.0,217.0,8.0,,
1908-09-28,328.0,206.0,8.0,,
1908-09-29,239.0,161.0,0.0,,
1908-09-30,233.0,178.0,20.0,,
1908-10-01,233.0,178.0,0.0,,
1908-10-02,244.0,161.0,0.0,,
1908-10-03,206.0,156.0,0.0,,
1908-10-04,233.0,156.0,0.0,,
1908-10-05,256.0,167.0,0.0,,
1908-10-06,233.0,194.0,0.0,,
1908-10-07,233.0,178.0,0.0,,
1908-10-08,267.0,189.0,99.0,,
1908-10-09,244.0,150.0,0.0,,
1908-10-10,239.0,111.0,0.0,,
1908-10-11,239.0,106.0,0.0,,
1908-10-12,250.0,117.0,0.0,,
1908-10-13,217.0,167.0,0.0,,
1908-10-14,222.0,133.0,0.0,,
1908-10-15,244.0,111.0,0.0,,
1908-10-16,256.0,122.0,0.0,,
1908-10-17,261.0,144.0,0.0,,
1908-10-18,272.0,133.0,0.0,,
1908-10-19,267.0,139.0,0.0,,
1908-10-20,256.0,122.0,0.0,,
1908-10-21,206.0,161.0,0.0,,
1908-10-22,189.0,150.0,0.0,,
1908-10-23,206.0,167.0,0.0,,
1908-10-24,239.0,117.0,0.0,,
1908-10-25,228.0,133.0,0.0,,
1908-10-26,294.0,144.0,38.0,,
1908-10-27,244.0,172.0,0.0,,
1908-10-28,239.0,200.0,71.0,,
1908-10-29,211.0,133.0,0.0,,
1908-10-30,211.0,72.0,0.0,,
1908-10-31,222.0,78.0,0.0,,
1908-11-01,256.0,100.0,0.0,,
1908-11-02,244.0,100.0,0.0,,
1908-11-03,233.0,150.0,8.0,,
1908-11-04,239.0,128.0,0.0,,
1908-11-05,161.0,106.0,0.0,,
1908-11-06,183.0,56.0,0.0,,
1908-11-07,217.0,89.0,0.0,,
1908-11-08,261.0,106.0,0.0,,
1908-11-09,267.0,111.0,0.0,,
1908-11-10,239.0,94.0,0.0,,
1908-11-11,267.0,150.0,0.0,,
1908-11-12,200.0,144.0,0.0,,
1908-11-13,200.0,122.0,0.0,,
1908-11-14,194.0,78.0,84.0,,
1908-11-15,144.0,39.0,0.0,,
1908-11-16,161.0,28.0,0.0,,
1908-11-17,189.0,28.0,0.0,,
1908-11-18,228.0,39.0,0.0,,
1908-11-19,228.0,94.0,0.0,,
1908-11-20,300.0,83.0,0.0,,
1908-11-21,206.0,72.0,0.0,,
1908-11-22,183.0,150.0,0.0,,
1908-11-23,228.0,144.0,0.0,,
1908-11-24,239.0,144.0,0.0,,
1908-11-25,256.0,128.0,0.0,,
1908-11-26,244.0,133.0,0.0,,
1908-11-27,256.0,133.0,0.0,,
1908-11-28,244.0,133.0,0.0,,
1908-11-29,250.0,122.0,0.0,,
1908-11-30,300.0,128.0,0.0,,
1908-12-01,311.0,139.0,0.0,,
1908-12-02,211.0,139.0,0.0,,
1908-12-03,150.0,122.0,0.0,,
1908-12-04,150.0,106.0,15.0,,
1908-12-05,222.0,94.0,0.0,,
1908-12-06,244.0,111.0,0.0,,
1908-12-07,306.0,156.0,0.0,,
1908-12-08,211.0,83.0,0.0,,
1908-12-09,206.0,-11.0,0.0,,
1908-12-10,228.0,0.0,0.0,,
1908-12-11,250.0,67.0,30.0,,
1908-12-12,244.0,94.0,0.0,,
1908-12-13,228.0,61.0,0.0,,
1908-12-14,178.0,33.0,0.0,,
1908-12-15,244.0,61.0,0.0,,
1908-12-16,300.0,83.0,0.0,,
1908-12-17,294.0,94.0,0.0,,
1908-12-18,244.0,111.0,0.0,,
1908-12-19,300.0,133.0,0.0,,
1908-12-20,200.0,122.0,0.0,,
1908-12-21,306.0,117.0,0.0,,
1908-12-22,228.0,122.0,28.0,,
1908-12-23,178.0,67.0,0.0,,
1908-12-24,206.0,67.0,0.0,,
1908-12-25,244.0,122.0,0.0,,
1908-12-26,189.0,22.0,0.0,,
1908-12-27,244.0,-17.0,0.0,,
1908-12-28,233.0,11.0,0.0,,
1908-12-29,233.0,61.0,0.0,,
1908-12-30,194.0,128.0,38.0,,
1908-12-31,244.0,111.0,0.0,,
1909-01-01,194.0,72.0,0.0,,
1909-01-02,139.0,83.0,0.0,,
1909-01-03,222.0,106.0,0.0,,
1909-01-04,222.0,111.0,0.0,,
1909-01-05,261.0,150.0,180.0,,
1909-01-06,189.0,117.0,0.0,,
1909-01-07,222.0,83.0,0.0,,
1909-01-08,144.0,61.0,0.0,,
1909-01-09,117.0,56.0,0.0,,
1909-01-10,161.0,133.0,0.0,,
1909-01-11,200.0,89.0,0.0,,
1909-01-12,228.0,83.0,0.0,,
1909-01-13,211.0,94.0,0.0,,
1909-01-14,144.0,61.0,8.0,,
1909-01-15,222.0,117.0,0.0,,
1909-01-16,211.0,117.0,0.0,,
1909-01-17,200.0,106.0,0.0,,
1909-01-18,144.0,33.0,0.0,,
1909-01-19,183.0,72.0,0.0,,
1909-01-20,189.0,94.0,0.0,,
1909-01-21,228.0,72.0,0.0,,
1909-01-22,200.0,111.0,69.0,,
1909-01-23,239.0,106.0,0.0,,
1909-01-24,267.0,100.0,0.0,,
1909-01-25,267.0,111.0,0.0,,
1909-01-26,256.0,139.0,0.0,,
1909-01-27,239.0,111.0,0.0,,
1909-01-28,217.0,72.0,0.0,,
1909-01-29,256.0,83.0,8.0,,
1909-01-30,161.0,0.0,0.0,,
1909-01-31,44.0,-61.0,0.0,,
1909-02-01,78.0,-56.0,0.0,,
1909-02-02,167.0,-17.0,0.0,,
1909-02-03,194.0,-6.0,0.0,,
1909-02-04,200.0,-6.0,0.0,,
1909-02-05,222.0,33.0,0.0,,
1909-02-06,244.0,139.0,130.0,,
1909-02-07,228.0,100.0,0.0,,
1909-02-08,172.0,11.0,0.0,,
1909-02-09,239.0,67.0,0.0,,
1909-02-10,189.0,72.0,137.0,,
1909-02-11,150.0,-6.0,0.0,,
1909-02-12,206.0,22.0,0.0,,
1909-02-13,250.0,117.0,0.0,,
1909-02-14,250.0,100.0,0.0,,
1909-02-15,244.0,139.0,102.0,,
1909-02-16,189.0,128.0,28.0,,
1909-02-17,156.0,22.0,0.0,,
1909-02-18,189.0,39.0,0.0,,
1909-02-19,200.0,122.0,150.0,,
1909-02-20,222.0,67.0,0.0,,
1909-02-21,261.0,56.0,0.0,,
1909-02-22,256.0,61.0,5.0,,
1909-02-23,261.0,172.0,0.0,,
1909-02-24,261.0,150.0,46.0,,
1909-02-25,156.0,33.0,0.0,,
1909-02-26,211.0,6.0,0.0,,
1909-02-27,222.0,61.0,0.0,,
1909-02-28,217.0,67.0,0.0,,
1909-03-01,206.0,28.0,0.0,,
1909-03-02,200.0,106.0,76.0,,
1909-03-03,261.0,128.0,0.0,,
1909-03-04,178.0,44.0,0.0,,
1909-03-05,183.0,17.0,0.0,,
1909-03-06,278.0,72.0,0.0,,
1909-03-07,289.0,178.0,51.0,,
1909-03-08,261.0,144.0,0.0,,
1909-03-09,283.0,144.0,0.0,,
1909-03-10,217.0,172.0,201.0,,
1909-03-11,183.0,150.0,51.0,,
1909-03-12,189.0,139.0,0.0,,
1909-03-13,283.0,128.0,0.0,,
1909-03-14,294.0,167.0,0.0,,
1909-03-15,233.0,89.0,36.0,,
1909-03-16,194.0,72.0,0.0,,
1909-03-17,206.0,56.0,0.0,,
1909-03-18,244.0,33.0,0.0,,
1909-03-19,267.0,44.0,0.0,,
1909-03-20,278.0,122.0,140.0,,
1909-03-21,300.0,144.0,0.0,,
1909-03-22,228.0,89.0,0.0,,
1909-03-23,183.0,61.0,0.0,,
1909-03-24,244.0,100.0,0.0,,
1909-03-25,244.0,117.0,211.0,,
1909-03-26,194.0,44.0,0.0,,
1909-03-27,256.0,67.0,0.0,,
1909-03-28,289.0,150.0,0.0,,
1909-03-29,267.0,172.0,0.0,,
1909-03-30,256.0,144.0,0.0,,
1909-03-31,178.0,83.0,0.0,,
1909-04-01,189.0,83.0,48.0,,
1909-04-02,228.0,144.0,0.0,,
1909-04-03,250.0,72.0,0.0,,
1909-04-04,267.0,111.0,0.0,,
1909-04-05,322.0,122.0,0.0,,
1909-04-06,306.0,133.0,0.0,,
1909-04-07,294.0,156.0,0.0,,
1909-04-08,256.0,178.0,0.0,,
1909-04-09,206.0,106.0,69.0,,
1909-04-10,183.0,56.0,0.0,,
1909-04-11,211.0,56.0,0.0,,
1909-04-12,222.0,156.0,0.0,,
1909-04-13,294.0,161.0,89.0,,
1909-04-14,211.0,139.0,30.0,,
1909-04-15,217.0,144.0,0.0,,
1909-04-16,239.0,111.0,0.0,,
1909-04-17,261.0,144.0,0.0,,
1909-04-18,267.0,133.0,0.0,,
1909-04-19,267.0,167.0,0.0,,
1909-04-20,328.0,172.0,0.0,,
1909-04-21,328.0,189.0,0.0,,
1909-04-22,311.0,189.0,0.0,,
1909-04-23,328.0,194.0,0.0,,
1909-04-24,217.0,172.0,5.0,,
1909-04-25,256.0,183.0,0.0,,
1909-04-26,272.0,172.0,0.0,,
1909-04-27,256.0,183.0,173.0,,
1909-04-28,250.0,172.0,0.0,,
1909-04-29,283.0,144.0,0.0,,
1909-04-30,300.0,200.0,0.0,,
1909-05-01,272.0,161.0,178.0,,
1909-05-02,167.0,117.0,0.0,,
1909-05-03,167.0,100.0,89.0,,
1909-05-04,233.0,133.0,0.0,,
1909-05-05,289.0,117.0,0.0,,
1909-05-06,283.0,128.0,0.0,,
1909-05-07,294.0,156.0,0.0,,
1909-05-08,256.0,189.0,3.0,,
1909-05-09,283.0,194.0,3.0,,
1909-05-10,317.0,194.0,0.0,,
1909-05-11,256.0,144.0,0.0,,
1909-05-12,244.0,189.0,0.0,,
1909-05-13,256.0,178.0,0.0,,
1909-05-14,272.0,183.0,0.0,,
1909-05-15,272.0,139.0,0.0,,
1909-05-16,317.0,144.0,0.0,,
1909-05-17,322.0,183.0,0.0,,
1909-05-18,294.0,194.0,71.0,,
1909-05-19,283.0,167.0,15.0,,
1909-05-20,339.0,,0.0,,
1909-05-21,322.0,200.0,0.0,,
1909-05-22,322.0,200.0,8.0,,
1909-05-23,244.0,167.0,0.0,,
1909-05-24,256.0,167.0,0.0,,
1909-05-25,272.0,183.0,0.0,,
1909-05-26,317.0,194.0,0.0,,
1909-05-27,339.0,228.0,0.0,,
1909-05-28,356.0,217.0,0.0,,
1909-05-29,344.0,206.0,119.0,,
1909-05-30,322.0,200.0,155.0,,
1909-05-31,311.0,194.0,0.0,,
1909-06-01,322.0,206.0,0.0,,
1909-06-02,317.0,211.0,0.0,,
1909-06-03,300.0,228.0,338.0,,
1909-06-04,256.0,233.0,254.0,,
1909-06-05,322.0,222.0,0.0,,
1909-06-06,317.0,206.0,0.0,,
1909-06-07,278.0,200.0,0.0,,
1909-06-08,289.0,200.0,0.0,,
1909-06-09,283.0,222.0,0.0,,
1909-06-10,294.0,194.0,0.0,,
1909-06-11,350.0,222.0,0.0,,
1909-06-12,367.0,233.0,0.0,,
1909-06-13,367.0,222.0,0.0,,
1909-06-14,350.0,217.0,3.0,,
1909-06-15,339.0,211.0,660.0,,
1909-06-16,328.0,222.0,48.0,,
1909-06-17,333.0,239.0,30.0,,
1909-06-18,311.0,211.0,46.0,,
1909-06-19,294.0,206.0,43.0,,
1909-06-20,289.0,217.0,0.0,,
1909-06-21,311.0,228.0,0.0,,
1909-06-22,306.0,211.0,0.0,,
1909-06-23,311.0,228.0,0.0,,
1909-06-24,322.0,206.0,0.0,,
1909-06-25,322.0,200.0,0.0,,
1909-06-26,311.0,222.0,0.0,,
1909-06-27,311.0,228.0,0.0,,
1909-06-28,311.0,233.0,0.0,,
1909-06-29,306.0,244.0,0.0,,
1909-06-30,328.0,244.0,0.0,,
1909-07-01,311.0,233.0,36.0,,
1909-07-02,311.0,233.0,0.0,,
1909-07-03,367.0,228.0,0.0,,
1909-07-04,344.0,250.0,0.0,,
1909-07-05,300.0,256.0,0.0,,
1909-07-06,372.0,239.0,0.0,,
1909-07-07,361.0,244.0,175.0,,
1909-07-08,300.0,222.0,36.0,,
1909-07-09,289.0,228.0,43.0,,
1909-07-10,278.0,239.0,0.0,,
1909-07-11,294.0,228.0,0.0,,
1909-07-12,311.0,233.0,0.0,,
1909-07-13,306.0,233.0,28.0,,
1909-07-14,350.0,228.0,36.0,,
1909-07-15,344.0,228.0,0.0,,
1909-07-16,339.0,228.0,0.0,,
1909-07-17,350.0,239.0,147.0,,
1909-07-18,356.0,233.0,208.0,,
1909-07-19,339.0,211.0,0.0,,
1909-07-20,300.0,211.0,0.0,,
1909-07-21,294.0,233.0,0.0,,
1909-07-22,306.0,178.0,0.0,,
1909-07-23,350.0,194.0,48.0,,
1909-07-24,317.0,217.0,183.0,,
1909-07-25,317.0,222.0,0.0,,
1909-07-26,339.0,228.0,0.0,,
1909-07-27,317.0,228.0,389.0,,
1909-07-28,322.0,222.0,0.0,,
1909-07-29,294.0,206.0,0.0,,
1909-07-30,333.0,222.0,0.0,,
1909-07-31,339.0,217.0,0.0,,
1909-08-01,350.0,222.0,0.0,,
1909-08-02,339.0,211.0,0.0,,
1909-08-03,350.0,233.0,0.0,,
1909-08-04,289.0,222.0,86.0,,
1909-08-05,306.0,217.0,0.0,,
1909-08-06,311.0,222.0,0.0,,
1909-08-07,311.0,239.0,0.0,,
1909-08-08,306.0,250.0,0.0,,
1909-08-09,294.0,239.0,0.0,,
1909-08-10,317.0,228.0,0.0,,
1909-08-11,361.0,228.0,0.0,,
1909-08-12,333.0,228.0,142.0,,
1909-08-13,328.0,217.0,0.0,,
1909-08-14,344.0,228.0,0.0,,
1909-08-15,367.0,228.0,0.0,,
1909-08-16,372.0,233.0,74.0,,
1909-08-17,372.0,256.0,0.0,,
1909-08-18,378.0,256.0,0.0,,
1909-08-19,372.0,239.0,0.0,,
1909-08-20,344.0,228.0,356.0,,
1909-08-21,261.0,217.0,102.0,,
1909-08-22,278.0,222.0,43.0,,
1909-08-23,300.0,244.0,0.0,,
1909-08-24,300.0,256.0,43.0,,
1909-08-25,300.0,239.0,20.0,,
1909-08-26,306.0,228.0,10.0,,
1909-08-27,311.0,217.0,0.0,,
1909-08-28,311.0,211.0,0.0,,
1909-08-29,306.0,228.0,122.0,,
1909-08-30,278.0,233.0,51.0,,
1909-08-31,294.0,228.0,124.0,,
1909-09-01,333.0,211.0,0.0,,
1909-09-02,306.0,222.0,0.0,,
1909-09-03,289.0,228.0,0.0,,
1909-09-04,,,0.0,,
1909-09-05,350.0,183.0,99.0,,
1909-09-06,311.0,228.0,0.0,,
1909-09-07,306.0,222.0,0.0,,
1909-09-08,300.0,211.0,23.0,,
1909-09-09,294.0,233.0,20.0,,
1909-09-10,311.0,200.0,0.0,,
1909-09-11,300.0,228.0,183.0,,
1909-09-12,278.0,206.0,373.0,,
1909-09-13,283.0,217.0,0.0,,
1909-09-14,272.0,211.0,475.0,,
1909-09-15,283.0,222.0,0.0,,
1909-09-16,294.0,206.0,0.0,,
1909-09-17,311.0,211.0,0.0,,
1909-09-18,300.0,211.0,20.0,,
1909-09-19,294.0,228.0,43.0,,
1909-09-20,289.0,244.0,5.0,,
1909-09-21,306.0,228.0,10.0,,
1909-09-22,300.0,222.0,0.0,,
1909-09-23,300.0,194.0,0.0,,
1909-09-24,306.0,206.0,51.0,,
1909-09-25,261.0,183.0,0.0,,
1909-09-26,228.0,167.0,0.0,,
1909-09-27,244.0,167.0,0.0,,
1909-09-28,228.0,122.0,0.0,,
1909-09-29,256.0,128.0,0.0,,
1909-09-30,261.0,111.0,0.0,,
1909-10-01,261.0,167.0,0.0,,
1909-10-02,278.0,128.0,0.0,,
1909-10-03,272.0,144.0,0.0,,
1909-10-04,278.0,133.0,0.0,,
1909-10-05,311.0,167.0,0.0,,
1909-10-06,283.0,172.0,0.0,,
1909-10-07,272.0,167.0,0.0,,
1909-10-08,272.0,194.0,0.0,,
1909-10-09,289.0,178.0,0.0,,
1909-10-10,278.0,200.0,33.0,,
1909-10-11,278.0,172.0,0.0,,
1909-10-12,278.0,117.0,0.0,,
1909-10-13,239.0,72.0,0.0,,
1909-10-14,294.0,78.0,0.0,,
1909-10-15,300.0,183.0,0.0,,
1909-10-16,261.0,78.0,0.0,,
1909-10-17,250.0,72.0,0.0,,
1909-10-18,267.0,128.0,0.0,,
1909-10-19,272.0,178.0,0.0,,
1909-10-20,267.0,194.0,5.0,,
1909-10-21,261.0,206.0,0.0,,
1909-10-22,261.0,144.0,0.0,,
1909-10-23,306.0,133.0,0.0,,
1909-10-24,211.0,106.0,0.0,,
1909-10-25,200.0,61.0,0.0,,
1909-10-26,239.0,100.0,0.0,,
1909-10-27,278.0,161.0,0.0,,
1909-10-28,250.0,122.0,0.0,,
1909-10-29,239.0,89.0,0.0,,
1909-10-30,228.0,111.0,0.0,,
1909-10-31,244.0,122.0,0.0,,
1909-11-01,278.0,122.0,0.0,,
1909-11-02,272.0,128.0,0.0,,
1909-11-03,261.0,117.0,0.0,,
1909-11-04,294.0,100.0,0.0,,
1909-11-05,272.0,106.0,0.0,,
1909-11-06,278.0,150.0,0.0,,
1909-11-07,256.0,128.0,0.0,,
1909-11-08,244.0,156.0,20.0,,
1909-11-09,239.0,156.0,86.0,,
1909-11-10,239.0,161.0,0.0,,
1909-11-11,211.0,133.0,46.0,,
1909-11-12,244.0,172.0,112.0,,
1909-11-13,250.0,178.0,33.0,,
1909-11-14,250.0,167.0,53.0,,
1909-11-15,233.0,150.0,8.0,,
1909-11-16,228.0,144.0,0.0,,
1909-11-17,256.0,139.0,8.0,,
1909-11-18,200.0,50.0,0.0,,
1909-11-19,178.0,50.0,0.0,,
1909-11-20,228.0,89.0,0.0,,
1909-11-21,244.0,144.0,0.0,,
1909-11-22,239.0,117.0,0.0,,
1909-11-23,222.0,106.0,64.0,,
1909-11-24,167.0,44.0,0.0,,
1909-11-25,194.0,33.0,0.0,,
1909-11-26,211.0,44.0,0.0,,
1909-11-27,217.0,56.0,0.0,,
1909-11-28,222.0,61.0,0.0,,
1909-11-29,261.0,50.0,0.0,,
1909-11-30,183.0,89.0,0.0,,
1909-12-01,211.0,56.0,0.0,,
1909-12-02,183.0,78.0,213.0,,
1909-12-03,178.0,111.0,8.0,,
1909-12-04,178.0,100.0,0.0,,
1909-12-05,261.0,83.0,0.0,,
1909-12-06,239.0,128.0,0.0,,
1909-12-07,222.0,150.0,0.0,,
1909-12-08,183.0,39.0,0.0,,
1909-12-09,172.0,33.0,0.0,,
1909-12-10,133.0,-33.0,0.0,,
1909-12-11,194.0,17.0,0.0,,
1909-12-12,233.0,144.0,0.0,,
1909-12-13,194.0,106.0,185.0,,
1909-12-14,189.0,22.0,0.0,,
1909-12-15,261.0,22.0,0.0,,
1909-12-16,161.0,28.0,0.0,,
1909-12-17,200.0,-17.0,0.0,,
1909-12-18,144.0,11.0,89.0,,
1909-12-19,100.0,78.0,53.0,,
1909-12-20,100.0,72.0,10.0,,
1909-12-21,150.0,44.0,0.0,,
1909-12-22,150.0,6.0,0.0,,
1909-12-23,133.0,-17.0,0.0,,
1909-12-24,150.0,-33.0,0.0,,
1909-12-25,244.0,78.0,66.0,,
1909-12-26,122.0,11.0,0.0,,
1909-12-27,189.0,-28.0,104.0,,
1909-12-28,172.0,28.0,0.0,,
1909-12-29,122.0,6.0,0.0,,
1909-12-30,61.0,-89.0,0.0,,
1909-12-31,144.0,-72.0,0.0,,
1910-01-01,250.0,0.0,0.0,,
1910-01-02,267.0,22.0,0.0,,
1910-01-03,289.0,39.0,0.0,,
1910-01-04,261.0,67.0,0.0,,
1910-01-05,117.0,83.0,0.0,,
1910-01-06,261.0,83.0,0.0,,
1910-01-07,194.0,39.0,0.0,,
1910-01-08,128.0,0.0,36.0,,
1910-01-09,156.0,56.0,0.0,,
1910-01-10,117.0,17.0,0.0,,
1910-01-11,133.0,28.0,0.0,,
1910-01-12,161.0,72.0,0.0,,
1910-01-13,217.0,72.0,0.0,,
1910-01-14,250.0,122.0,0.0,,
1910-01-15,139.0,11.0,0.0,,
1910-01-16,150.0,17.0,0.0,,
1910-01-17,200.0,28.0,0.0,,
1910-01-18,244.0,72.0,0.0,,
1910-01-19,183.0,44.0,0.0,,
1910-01-20,189.0,17.0,0.0,,
1910-01-21,172.0,33.0,89.0,,
1910-01-22,89.0,-22.0,0.0,,
1910-01-23,128.0,-50.0,0.0,,
1910-01-24,178.0,56.0,0.0,,
1910-01-25,111.0,17.0,0.0,,
1910-01-26,178.0,-11.0,0.0,,
1910-01-27,233.0,83.0,0.0,,
1910-01-28,194.0,133.0,69.0,,
1910-01-29,161.0,17.0,0.0,,
1910-01-30,194.0,6.0,0.0,,
1910-01-31,189.0,56.0,0.0,,
1910-02-01,94.0,0.0,0.0,,0.0
1910-02-02,133.0,-50.0,0.0,,0.0
1910-02-03,233.0,50.0,20.0,,0.0
1910-02-04,156.0,6.0,0.0,,0.0
1910-02-05,156.0,-22.0,0.0,,0.0
1910-02-06,167.0,22.0,0.0,,0.0
1910-02-07,133.0,39.0,0.0,,0.0
1910-02-08,206.0,94.0,0.0,,0.0
1910-02-09,261.0,128.0,48.0,,0.0
1910-02-10,156.0,106.0,0.0,,0.0
1910-02-11,194.0,111.0,132.0,,0.0
1910-02-12,172.0,44.0,0.0,,0.0
1910-02-13,89.0,6.0,0.0,,0.0
1910-02-14,139.0,-39.0,0.0,,0.0
1910-02-15,211.0,-17.0,0.0,,0.0
1910-02-16,244.0,50.0,0.0,,0.0
1910-02-17,256.0,133.0,94.0,,0.0
1910-02-18,217.0,39.0,0.0,,0.0
1910-02-19,89.0,22.0,56.0,,0.0
1910-02-20,89.0,44.0,0.0,,0.0
1910-02-21,250.0,83.0,5.0,,0.0
1910-02-22,244.0,122.0,66.0,,0.0
1910-02-23,183.0,133.0,0.0,,0.0
1910-02-24,167.0,50.0,122.0,,0.0
1910-02-25,89.0,28.0,0.0,,0.0
1910-02-26,194.0,72.0,0.0,,0.0
1910-02-27,239.0,194.0,0.0,,0.0
1910-02-28,244.0,161.0,127.0,,0.0
1910-03-01,256.0,161.0,218.0,,
1910-03-02,183.0,144.0,58.0,,
1910-03-03,189.0,144.0,0.0,,
1910-03-04,239.0,133.0,0.0,,
1910-03-05,244.0,94.0,0.0,,
1910-03-06,261.0,83.0,0.0,,
1910-03-07,283.0,144.0,0.0,,
1910-03-08,250.0,50.0,0.0,,
1910-03-09,300.0,100.0,0.0,,
1910-03-10,294.0,94.0,0.0,,
1910-03-11,211.0,122.0,188.0,,
1910-03-12,178.0,67.0,0.0,,
1910-03-13,228.0,67.0,0.0,,
1910-03-14,261.0,111.0,0.0,,
1910-03-15,189.0,44.0,0.0,,
1910-03-16,150.0,-11.0,0.0,,
1910-03-17,233.0,22.0,0.0,,
1910-03-18,239.0,83.0,0.0,,
1910-03-19,189.0,72.0,0.0,,
1910-03-20,211.0,61.0,0.0,,
1910-03-21,211.0,67.0,0.0,,
1910-03-22,200.0,150.0,0.0,,
1910-03-23,228.0,83.0,0.0,,
1910-03-24,244.0,83.0,0.0,,
1910-03-25,272.0,89.0,0.0,,
1910-03-26,294.0,133.0,0.0,,
1910-03-27,283.0,133.0,0.0,,
1910-03-28,261.0,128.0,0.0,,
1910-03-29,272.0,117.0,0.0,,
1910-03-30,267.0,106.0,0.0,,
1910-03-31,289.0,111.0,0.0,,
1910-04-01,339.0,144.0,0.0,,0.0
1910-04-02,311.0,150.0,0.0,,0.0
1910-04-03,317.0,133.0,0.0,,0.0
1910-04-04,328.0,133.0,0.0,,0.0
1910-04-05,278.0,189.0,0.0,,0.0
1910-04-06,289.0,156.0,0.0,,0.0
1910-04-07,267.0,106.0,0.0,,0.0
1910-04-08,256.0,72.0,0.0,,0.0
1910-04-09,256.0,83.0,0.0,,0.0
1910-04-10,311.0,111.0,0.0,,0.0
1910-04-11,278.0,117.0,0.0,,0.0
1910-04-12,267.0,133.0,0.0,,0.0
1910-04-13,311.0,167.0,0.0,,0.0
1910-04-14,239.0,161.0,0.0,,0.0
1910-04-15,289.0,111.0,0.0,,0.0
1910-04-16,317.0,194.0,0.0,,0.0
1910-04-17,278.0,156.0,244.0,,0.0
1910-04-18,278.0,128.0,0.0,,0.0
1910-04-19,222.0,111.0,0.0,,0.0
1910-04-20,217.0,67.0,0.0,,0.0
1910-04-21,244.0,78.0,0.0,,0.0
1910-04-22,272.0,100.0,0.0,,0.0
1910-04-23,289.0,128.0,0.0,,0.0
1910-04-24,244.0,128.0,0.0,,0.0
1910-04-25,217.0,67.0,20.0,,0.0
1910-04-26,228.0,22.0,0.0,,0.0
1910-04-27,261.0,67.0,36.0,,0.0
1910-04-28,233.0,94.0,0.0,,0.0
1910-04-29,272.0,94.0,0.0,,0.0
1910-04-30,328.0,122.0,0.0,,0.0
1911-01-09,267.0,,,,
1911-01-10,178.0,44.0,,,
1911-01-11,222.0,144.0,,,
1911-01-12,289.0,50.0,,,
1911-01-13,272.0,56.0,,,
1911-01-14,272.0,67.0,,,
1911-01-15,250.0,67.0,,,
1911-01-16,194.0,111.0,,,
1911-01-17,222.0,150.0,,,
1911-01-18,139.0,78.0,,,
1911-01-19,122.0,44.0,,,
1911-01-20,178.0,50.0,,,
1911-01-21,256.0,50.0,,,
1911-01-22,244.0,139.0,,,
1911-01-23,239.0,150.0,,,
1911-01-24,106.0,78.0,61.0,,
1911-01-25,133.0,78.0,23.0,,
1911-01-26,211.0,111.0,,,
1911-01-27,222.0,50.0,,,
1911-01-28,233.0,94.0,,,
1911-01-29,267.0,72.0,0.0,,
1911-01-30,228.0,144.0,0.0,,
1911-01-31,200.0,78.0,,,
1911-02-01,256.0,94.0,0.0,,
1911-02-02,239.0,128.0,0.0,,
1911-02-03,233.0,128.0,0.0,,
1911-02-04,250.0,133.0,10.0,,
1911-02-05,206.0,94.0,0.0,,
1911-02-06,272.0,,0.0,,
1911-02-07,256.0,128.0,0.0,,
1911-02-08,272.0,128.0,3.0,,
1911-02-09,244.0,150.0,28.0,,
1911-02-10,172.0,89.0,0.0,,
1911-02-11,189.0,67.0,0.0,,
1911-02-12,183.0,133.0,10.0,,
1911-02-13,183.0,44.0,0.0,,
1911-02-14,278.0,94.0,0.0,,
1911-02-15,244.0,117.0,0.0,,
1911-02-16,156.0,122.0,0.0,,
1911-02-17,183.0,117.0,0.0,,
1911-02-18,250.0,78.0,0.0,,
1911-02-19,267.0,94.0,0.0,,
1911-02-20,233.0,156.0,0.0,,
1911-02-21,161.0,11.0,0.0,,
1911-02-22,106.0,-6.0,0.0,,
1911-02-23,128.0,-22.0,0.0,,
1911-02-24,144.0,0.0,0.0,,
1911-02-25,183.0,-11.0,0.0,,
1911-02-26,233.0,22.0,0.0,,
1911-02-27,239.0,78.0,0.0,,
1911-02-28,261.0,89.0,0.0,,
1911-03-01,278.0,94.0,0.0,,
1911-03-02,239.0,117.0,0.0,,
1911-03-03,200.0,11.0,0.0,,
1911-03-04,244.0,28.0,0.0,,
1911-03-05,189.0,78.0,0.0,,
1911-03-06,278.0,72.0,0.0,,
1911-03-07,239.0,133.0,0.0,,
1911-03-08,200.0,122.0,0.0,,
1911-03-09,150.0,67.0,0.0,,
1911-03-10,250.0,56.0,0.0,,
1911-03-11,244.0,128.0,0.0,,
1911-03-12,272.0,150.0,0.0,,
1911-03-13,317.0,117.0,0.0,,
1911-03-14,267.0,150.0,0.0,,
1911-03-15,228.0,139.0,0.0,,
1911-03-16,178.0,56.0,0.0,,
1911-03-17,183.0,22.0,0.0,,
1911-03-18,244.0,61.0,0.0,,
1911-03-19,289.0,122.0,10.0,,
1911-03-20,267.0,156.0,0.0,,
1911-03-21,244.0,94.0,0.0,,
1911-03-22,294.0,139.0,0.0,,
1911-03-23,200.0,133.0,25.0,,
1911-03-24,167.0,117.0,0.0,,
1911-03-25,200.0,128.0,97.0,,
1911-03-26,194.0,139.0,635.0,,
1911-03-27,211.0,167.0,323.0,,
1911-03-28,228.0,89.0,0.0,,
1911-03-29,278.0,117.0,0.0,,
1911-03-30,272.0,111.0,0.0,,
1911-03-31,228.0,56.0,0.0,,
1911-04-02,250.0,128.0,,,
1911-04-03,272.0,144.0,,,
1911-04-04,267.0,178.0,,,
1911-04-05,294.0,172.0,221.0,,
1911-04-06,306.0,161.0,,,
1911-04-07,311.0,189.0,,,
1911-04-08,322.0,183.0,,,
1911-04-09,261.0,133.0,5.0,,
1911-04-10,178.0,133.0,13.0,,
1911-04-11,233.0,172.0,216.0,,
1911-04-12,233.0,167.0,53.0,,
1911-04-13,239.0,172.0,61.0,,
1911-04-14,261.0,189.0,15.0,,
1911-04-15,300.0,183.0,,,
1911-04-16,261.0,150.0,,,
1911-04-17,250.0,100.0,,,
1911-04-18,278.0,83.0,,,
1911-04-19,289.0,161.0,0.0,,
1911-04-20,294.0,150.0,,,
1911-04-21,294.0,172.0,,,
1911-04-22,300.0,133.0,,,
1911-04-23,222.0,133.0,,,
1911-04-24,194.0,144.0,,,
1911-04-25,194.0,139.0,,,
1911-04-26,222.0,117.0,5.0,,
1911-04-27,239.0,172.0,5.0,,
1911-04-28,261.0,167.0,,,
1911-04-29,267.0,156.0,,,
1911-04-30,294.0,156.0,,,
1911-05-01,322.0,172.0,0.0,,
1911-05-02,322.0,206.0,0.0,,
1911-05-03,261.0,167.0,13.0,,
1911-05-04,200.0,156.0,325.0,,
1911-05-05,228.0,167.0,0.0,,
1911-05-06,206.0,161.0,5.0,,
1911-05-07,228.0,111.0,0.0,,
1911-05-08,256.0,94.0,0.0,,
1911-05-09,322.0,133.0,0.0,,
1911-05-10,344.0,167.0,0.0,,
1911-05-11,328.0,172.0,0.0,,
1911-05-12,294.0,161.0,0.0,,
1911-05-13,272.0,156.0,0.0,,
1911-05-14,267.0,172.0,157.0,,
1911-05-15,250.0,189.0,53.0,,
1911-05-16,261.0,183.0,0.0,,
1911-05-17,267.0,200.0,5.0,,
1911-05-18,261.0,217.0,46.0,,
1911-05-19,278.0,189.0,8.0,,
1911-05-20,278.0,206.0,0.0,,
1911-05-21,272.0,200.0,0.0,,
1911-05-22,272.0,211.0,74.0,,
1911-05-23,283.0,206.0,0.0,,
1911-05-24,289.0,200.0,0.0,,
1911-05-25,294.0,161.0,0.0,,
1911-05-26,350.0,189.0,0.0,,
1911-05-27,317.0,217.0,0.0,,
1911-05-28,283.0,189.0,0.0,,
1911-05-29,317.0,150.0,0.0,,
1911-05-30,289.0,172.0,0.0,,
1911-05-31,289.0,172.0,0.0,,
1911-06-01,378.0,206.0,41.0,,
1911-06-02,328.0,200.0,0.0,,
1911-06-03,311.0,194.0,0.0,,
1911-06-04,322.0,211.0,0.0,,
1911-06-05,361.0,217.0,0.0,,
1911-06-06,378.0,228.0,0.0,,
1911-06-07,378.0,217.0,18.0,,
1911-06-08,306.0,194.0,30.0,,
1911-06-09,289.0,194.0,0.0,,
1911-06-10,311.0,161.0,0.0,,
1911-06-11,372.0,200.0,5.0,,
1911-06-12,378.0,228.0,0.0,,
1911-06-13,361.0,239.0,0.0,,
1911-06-14,344.0,233.0,0.0,,
1911-06-15,383.0,228.0,0.0,,
1911-06-16,394.0,217.0,0.0,,
1911-06-17,394.0,244.0,0.0,,
1911-06-18,344.0,217.0,8.0,,
1911-06-19,356.0,194.0,13.0,,
1911-06-20,272.0,228.0,107.0,,
1911-06-21,322.0,211.0,295.0,,
1911-06-22,322.0,217.0,0.0,,
1911-06-23,344.0,222.0,0.0,,
1911-06-24,350.0,211.0,0.0,,
1911-06-25,344.0,228.0,0.0,,
1911-06-26,344.0,233.0,0.0,,
1911-06-27,339.0,217.0,0.0,,
1911-06-28,367.0,222.0,0.0,,
1911-06-29,361.0,217.0,0.0,,
1911-06-30,367.0,228.0,0.0,,
1911-07-01,367.0,222.0,23.0,,
1911-07-02,322.0,222.0,5.0,,
1911-07-03,,,0.0,,
1911-07-04,322.0,211.0,0.0,,
1911-07-05,322.0,206.0,0.0,,
1911-07-06,322.0,217.0,0.0,,
1911-07-07,311.0,206.0,0.0,,
1911-07-08,300.0,206.0,28.0,,
1911-07-09,294.0,228.0,460.0,,
1911-07-10,317.0,217.0,0.0,,
1911-07-11,344.0,228.0,0.0,,
1911-07-12,344.0,217.0,0.0,,
1911-07-13,328.0,200.0,0.0,,
1911-07-14,317.0,217.0,104.0,,
1911-07-15,300.0,222.0,152.0,,
1911-07-16,322.0,211.0,8.0,,
1911-07-17,306.0,222.0,10.0,,
1911-07-18,317.0,228.0,86.0,,
1911-07-19,344.0,211.0,0.0,,
1911-07-20,350.0,211.0,28.0,,
1911-07-21,,,0.0,,
1911-07-22,344.0,217.0,51.0,,
1911-07-23,339.0,211.0,104.0,,
1911-07-24,350.0,228.0,0.0,,
1911-07-25,328.0,228.0,48.0,,
1911-07-26,322.0,211.0,0.0,,
1911-07-27,300.0,156.0,0.0,,
1911-07-28,300.0,156.0,0.0,,
1911-07-29,294.0,217.0,0.0,,
1911-07-30,300.0,200.0,0.0,,
1911-07-31,306.0,211.0,0.0,,
1911-08-01,300.0,206.0,0.0,,
1911-08-02,317.0,217.0,0.0,,
1911-08-03,322.0,233.0,13.0,,
1911-08-04,289.0,228.0,318.0,,
1911-08-05,317.0,228.0,0.0,,
1911-08-06,317.0,222.0,5.0,,
1911-08-07,328.0,211.0,71.0,,
1911-08-08,300.0,217.0,0.0,,
1911-08-09,306.0,211.0,0.0,,
1911-08-10,311.0,228.0,69.0,,
1911-08-11,311.0,222.0,0.0,,
1911-08-12,317.0,228.0,0.0,,
1911-08-13,322.0,233.0,0.0,,
1911-08-14,328.0,228.0,0.0,,
1911-08-15,356.0,217.0,0.0,,
1911-08-16,367.0,217.0,0.0,,
1911-08-17,372.0,222.0,0.0,,
1911-08-18,350.0,233.0,5.0,,
1911-08-19,350.0,239.0,191.0,,
1911-08-20,328.0,228.0,8.0,,
1911-08-21,283.0,211.0,0.0,,
1911-08-22,283.0,200.0,0.0,,
1911-08-23,317.0,200.0,0.0,,
1911-08-24,317.0,211.0,0.0,,
1911-08-25,311.0,228.0,0.0,,
1911-08-26,339.0,211.0,0.0,,
1911-08-27,339.0,217.0,0.0,,
1911-08-28,294.0,217.0,2118.0,,
1911-08-29,244.0,222.0,89.0,,
1911-08-30,306.0,211.0,0.0,,
1911-08-31,328.0,222.0,58.0,,
1911-09-01,328.0,206.0,0.0,,
1911-09-02,300.0,211.0,356.0,,
1911-09-03,311.0,233.0,0.0,,
1911-09-04,322.0,222.0,0.0,,
1911-09-05,322.0,222.0,36.0,,
1911-09-06,328.0,217.0,0.0,,
1911-09-07,350.0,228.0,13.0,,
1911-09-08,294.0,228.0,0.0,,
1911-09-09,294.0,217.0,36.0,,
1911-09-10,344.0,217.0,0.0,,
1911-09-11,350.0,228.0,0.0,,
1911-09-12,361.0,244.0,0.0,,
1911-09-13,344.0,217.0,0.0,,
1911-09-14,311.0,217.0,0.0,,
1911-09-15,306.0,217.0,0.0,,
1911-09-16,339.0,206.0,0.0,,
1911-09-17,361.0,228.0,36.0,,
1911-09-18,289.0,217.0,0.0,,
1911-09-19,289.0,172.0,0.0,,
1911-09-20,344.0,200.0,0.0,,
1911-09-21,300.0,222.0,13.0,,
1911-09-22,300.0,206.0,0.0,,
1911-09-23,294.0,222.0,20.0,,
1911-09-24,289.0,211.0,0.0,,
1911-09-25,300.0,211.0,23.0,,
1911-09-26,300.0,217.0,0.0,,
1911-09-27,306.0,206.0,0.0,,
1911-09-28,311.0,211.0,0.0,,
1911-09-29,350.0,200.0,0.0,,
1911-09-30,372.0,222.0,0.0,,
1911-10-01,350.0,211.0,0.0,,
1911-10-02,350.0,228.0,0.0,,
1911-10-03,361.0,217.0,0.0,,
1911-10-04,317.0,239.0,0.0,,
1911-10-05,350.0,228.0,0.0,,
1911-10-06,294.0,222.0,0.0,,
1911-10-07,339.0,222.0,0.0,,
1911-10-08,344.0,222.0,0.0,,
1911-10-09,294.0,228.0,56.0,,
1911-10-10,300.0,217.0,132.0,,
1911-10-11,317.0,206.0,218.0,,
1911-10-12,306.0,206.0,333.0,,
1911-10-13,278.0,183.0,0.0,,
1911-10-14,278.0,194.0,0.0,,
1911-10-15,283.0,183.0,0.0,,
1911-10-16,289.0,189.0,244.0,,
1911-10-17,267.0,189.0,81.0,,
1911-10-18,250.0,194.0,0.0,,
1911-10-19,267.0,128.0,0.0,,
1911-10-20,267.0,161.0,0.0,,
1911-10-21,267.0,178.0,0.0,,
1911-10-22,278.0,211.0,0.0,,
1911-10-23,250.0,144.0,0.0,,
1911-10-24,244.0,122.0,0.0,,
1911-10-25,217.0,144.0,23.0,,
1911-10-26,250.0,183.0,64.0,,
1911-10-27,283.0,217.0,79.0,,
1911-10-28,228.0,156.0,74.0,,
1911-10-29,194.0,139.0,0.0,,
1911-10-30,250.0,156.0,0.0,,
1911-10-31,222.0,172.0,1270.0,,
1911-11-01,206.0,161.0,0.0,,
1911-11-02,211.0,150.0,0.0,,
1911-11-03,172.0,94.0,0.0,,
1911-11-04,172.0,111.0,30.0,,
1911-11-05,206.0,133.0,0.0,,
1911-11-06,261.0,161.0,0.0,,
1911-11-07,294.0,206.0,0.0,,
1911-11-08,239.0,178.0,0.0,,
1911-11-09,289.0,183.0,25.0,,
1911-11-10,211.0,183.0,0.0,,
1911-11-11,244.0,178.0,0.0,,
1911-11-12,289.0,167.0,0.0,,
1911-11-13,172.0,17.0,0.0,,
1911-11-14,183.0,106.0,0.0,,
1911-11-15,233.0,117.0,13.0,,
1911-11-16,217.0,67.0,0.0,,
1911-11-17,272.0,133.0,38.0,,
1911-11-18,228.0,144.0,193.0,,
1911-11-19,233.0,100.0,0.0,,
1911-11-20,239.0,50.0,0.0,,
1911-11-21,206.0,72.0,0.0,,
1911-11-22,178.0,56.0,0.0,,
1911-11-23,228.0,106.0,0.0,,
1911-11-24,194.0,72.0,0.0,,
1911-11-25,117.0,-22.0,0.0,,
1911-11-26,144.0,39.0,0.0,,
1911-11-27,239.0,0.0,0.0,,
1911-11-28,206.0,139.0,450.0,,
1911-11-29,144.0,33.0,30.0,,
1911-11-30,83.0,-28.0,0.0,,
1911-12-01,161.0,-28.0,0.0,,
1911-12-02,239.0,11.0,0.0,,
1911-12-03,200.0,0.0,0.0,,
1911-12-04,167.0,17.0,0.0,,
1911-12-05,200.0,28.0,0.0,,
1911-12-06,189.0,33.0,0.0,,
1911-12-07,239.0,100.0,15.0,,
1911-12-08,250.0,122.0,3.0,,
1911-12-09,250.0,122.0,0.0,,
1911-12-10,267.0,128.0,0.0,,
1911-12-11,211.0,106.0,0.0,,
1911-12-12,228.0,139.0,0.0,,
1911-12-13,222.0,144.0,0.0,,
1911-12-14,206.0,161.0,18.0,,
1911-12-15,272.0,161.0,0.0,,
1911-12-16,239.0,156.0,183.0,,
1911-12-17,156.0,128.0,81.0,,
1911-12-18,183.0,67.0,0.0,,
1911-12-19,156.0,111.0,0.0,,
1911-12-20,189.0,100.0,643.0,,
1911-12-21,139.0,89.0,15.0,,
1911-12-22,244.0,122.0,0.0,,
1911-12-23,217.0,161.0,221.0,,
1911-12-24,289.0,161.0,36.0,,
1911-12-25,206.0,144.0,25.0,,
1911-12-26,283.0,144.0,8.0,,
1911-12-27,228.0,128.0,130.0,,
1911-12-28,150.0,6.0,0.0,,
1911-12-29,,6.0,0.0,,
1911-12-30,239.0,,0.0,,
1911-12-31,267.0,128.0,10.0,,
1912-01-01,211.0,89.0,163.0,,
1912-01-02,144.0,83.0,18.0,,
1912-01-03,167.0,117.0,147.0,,
1912-01-04,122.0,72.0,0.0,,
1912-01-05,133.0,0.0,0.0,,
1912-01-06,161.0,-28.0,0.0,,
1912-01-07,89.0,,15.0,,
1912-01-08,217.0,50.0,198.0,,
1912-01-09,217.0,0.0,0.0,,
1912-01-10,150.0,-28.0,0.0,,
1912-01-11,139.0,39.0,76.0,,
1912-01-12,111.0,72.0,15.0,,
1912-01-13,106.0,-33.0,58.0,,
1912-01-14,78.0,-22.0,0.0,,
1912-01-15,83.0,0.0,0.0,,
1912-01-16,106.0,-44.0,0.0,,
1912-01-17,144.0,-39.0,0.0,,
1912-01-18,222.0,56.0,0.0,,
1912-01-19,239.0,111.0,0.0,,
1912-01-20,178.0,67.0,0.0,,
1912-01-21,172.0,50.0,0.0,,
1912-01-22,189.0,0.0,0.0,,
1912-01-23,178.0,67.0,0.0,,
1912-01-24,228.0,67.0,0.0,,
1912-01-25,200.0,61.0,0.0,,
1912-01-26,250.0,56.0,0.0,,
1912-01-27,244.0,117.0,0.0,,
1912-01-28,211.0,78.0,0.0,,
1912-01-29,267.0,128.0,0.0,,
1912-01-30,233.0,67.0,305.0,,
1912-01-31,111.0,67.0,0.0,,
1912-02-01,139.0,0.0,0.0,,
1912-02-02,139.0,33.0,0.0,,
1912-02-03,150.0,-22.0,0.0,,
1912-02-04,100.0,11.0,0.0,,
1912-02-05,72.0,-39.0,0.0,,
1912-02-06,61.0,-22.0,0.0,,
1912-02-07,117.0,-28.0,0.0,,
1912-02-08,150.0,-6.0,0.0,,
1912-02-09,172.0,0.0,0.0,,
1912-02-10,144.0,50.0,160.0,,
1912-02-11,61.0,11.0,0.0,,
1912-02-12,139.0,-6.0,0.0,,
1912-02-13,150.0,-6.0,0.0,,
1912-02-14,178.0,111.0,165.0,,
1912-02-15,144.0,67.0,0.0,,
1912-02-16,161.0,44.0,0.0,,
1912-02-17,222.0,83.0,84.0,,
1912-02-18,172.0,83.0,61.0,,
1912-02-19,194.0,94.0,0.0,,
1912-02-20,206.0,50.0,0.0,,
1912-02-21,211.0,89.0,0.0,,
1912-02-22,117.0,17.0,0.0,,
1912-02-23,133.0,-11.0,0.0,,
1912-02-24,228.0,100.0,0.0,,
1912-02-25,217.0,139.0,0.0,,
1912-02-26,283.0,111.0,18.0,,
1912-02-27,156.0,72.0,0.0,,
1912-02-28,178.0,17.0,0.0,,
1912-02-29,206.0,39.0,0.0,,
1912-03-01,194.0,72.0,0.0,,
1912-03-02,167.0,22.0,0.0,,
1912-03-03,200.0,83.0,0.0,,
1912-03-04,,,0.0,,
1912-03-05,161.0,89.0,58.0,,
1912-03-06,178.0,78.0,0.0,,
1912-03-07,128.0,61.0,0.0,,
1912-03-08,150.0,94.0,0.0,,
1912-03-09,211.0,106.0,127.0,,
1912-03-10,122.0,39.0,0.0,,
1912-03-11,206.0,17.0,15.0,,
1912-03-12,256.0,139.0,533.0,,
1912-03-13,200.0,117.0,0.0,,
1912-03-14,233.0,78.0,0.0,,
1912-03-15,261.0,139.0,191.0,,
1912-03-16,161.0,67.0,0.0,,
1912-03-17,222.0,67.0,0.0,,
1912-03-18,228.0,139.0,51.0,,
1912-03-19,267.0,111.0,0.0,,
1912-03-20,300.0,128.0,0.0,,
1912-03-21,311.0,150.0,0.0,,
1912-03-22,294.0,111.0,0.0,,
1912-03-23,,,0.0,,
1912-03-24,222.0,161.0,371.0,,
1912-03-25,178.0,67.0,0.0,,
1912-03-26,200.0,50.0,0.0,,
1912-03-27,244.0,94.0,0.0,,
1912-03-28,250.0,150.0,0.0,,
1912-03-29,272.0,172.0,41.0,,
1912-03-30,261.0,122.0,0.0,,
1912-03-31,233.0,117.0,0.0,,
1912-04-01,267.0,133.0,0.0,,
1912-04-02,294.0,172.0,122.0,,
1912-04-03,211.0,100.0,0.0,,
1912-04-04,194.0,67.0,0.0,,
1912-04-05,217.0,133.0,0.0,,
1912-04-06,233.0,106.0,0.0,,
1912-04-07,278.0,128.0,0.0,,
1912-04-08,200.0,133.0,0.0,,
1912-04-09,217.0,128.0,0.0,,
1912-04-10,267.0,150.0,18.0,,
1912-04-11,211.0,161.0,145.0,,
1912-04-12,228.0,139.0,0.0,,
1912-04-13,,,46.0,,
1912-04-14,256.0,183.0,0.0,,
1912-04-15,272.0,167.0,0.0,,
1912-04-16,250.0,200.0,30.0,,
1912-04-17,306.0,200.0,0.0,,
1912-04-18,306.0,200.0,18.0,,
1912-04-19,233.0,150.0,0.0,,
1912-04-20,244.0,139.0,422.0,,
1912-04-21,239.0,172.0,259.0,,
1912-04-22,311.0,178.0,56.0,,
1912-04-23,239.0,156.0,0.0,,
1912-04-24,239.0,111.0,0.0,,
1912-04-25,244.0,133.0,0.0,,
1912-04-26,256.0,178.0,0.0,,
1912-04-27,300.0,167.0,0.0,,
1912-04-28,289.0,178.0,0.0,,
1912-04-29,322.0,194.0,0.0,,
1912-04-30,317.0,222.0,0.0,,
1912-05-01,278.0,183.0,0.0,,
1912-05-02,278.0,150.0,18.0,,
1912-05-03,272.0,194.0,5.0,,
1912-05-04,267.0,178.0,5.0,,
1912-05-05,272.0,194.0,145.0,,
1912-05-06,294.0,200.0,0.0,,
1912-05-07,278.0,217.0,79.0,,
1912-05-08,322.0,211.0,5.0,,
1912-05-09,328.0,189.0,0.0,,
1912-05-10,328.0,211.0,0.0,,
1912-05-11,300.0,211.0,0.0,,
1912-05-12,317.0,183.0,178.0,,
1912-05-13,317.0,200.0,0.0,,
1912-05-14,272.0,161.0,0.0,,
1912-05-15,256.0,200.0,122.0,,
1912-05-16,289.0,211.0,30.0,,
1912-05-17,278.0,161.0,0.0,,
1912-05-18,250.0,117.0,0.0,,
1912-05-19,261.0,172.0,0.0,,
1912-05-20,267.0,167.0,0.0,,
1912-05-21,233.0,194.0,145.0,,
1912-05-22,272.0,194.0,0.0,,
1912-05-23,278.0,189.0,33.0,,
1912-05-24,306.0,178.0,0.0,,
1912-05-25,344.0,211.0,0.0,,
1912-05-26,361.0,222.0,0.0,,
1912-05-27,311.0,206.0,264.0,,
1912-05-28,333.0,200.0,0.0,,
1912-05-29,344.0,206.0,66.0,,
1912-05-30,333.0,189.0,264.0,,
1912-05-31,300.0,222.0,41.0,,
1912-06-01,311.0,206.0,25.0,,
1912-06-02,300.0,200.0,74.0,,
1912-06-03,311.0,194.0,0.0,,
1912-06-04,300.0,217.0,0.0,,
1912-06-05,300.0,222.0,15.0,,
1912-06-06,283.0,228.0,150.0,,
1912-06-07,294.0,200.0,315.0,,
1912-06-08,217.0,172.0,348.0,,
1912-06-09,211.0,189.0,114.0,,
1912-06-10,233.0,194.0,3.0,,
1912-06-11,228.0,200.0,160.0,,
1912-06-12,278.0,211.0,10.0,,
1912-06-13,300.0,189.0,0.0,,
1912-06-14,333.0,228.0,0.0,,
1912-06-15,350.0,233.0,0.0,,
1912-06-16,367.0,228.0,51.0,,
1912-06-17,361.0,233.0,0.0,,
1912-06-18,378.0,239.0,0.0,,
1912-06-19,372.0,244.0,0.0,,
1912-06-20,294.0,222.0,38.0,,
1912-06-21,306.0,217.0,58.0,,
1912-06-22,272.0,217.0,94.0,,
1912-06-23,283.0,200.0,0.0,,
1912-06-24,289.0,211.0,0.0,,
1912-06-25,289.0,189.0,193.0,,
1912-06-26,283.0,183.0,5.0,,
1912-06-27,289.0,217.0,69.0,,
1912-06-28,278.0,222.0,0.0,,
1912-06-29,300.0,211.0,109.0,,
1912-06-30,333.0,200.0,0.0,,
1912-07-01,317.0,217.0,0.0,,
1912-07-02,272.0,,0.0,,
1912-07-03,,211.0,0.0,,
1912-07-04,289.0,217.0,0.0,,
1912-07-05,289.0,217.0,48.0,,
1912-07-06,283.0,228.0,0.0,,
1912-07-07,289.0,211.0,0.0,,
1912-07-08,300.0,217.0,0.0,,
1912-07-09,306.0,217.0,13.0,,
1912-07-10,289.0,228.0,0.0,,
1912-07-11,300.0,233.0,97.0,,
1912-07-12,311.0,206.0,0.0,,
1912-07-13,306.0,211.0,15.0,,
1912-07-14,306.0,211.0,0.0,,
1912-07-15,267.0,211.0,1778.0,,
1912-07-16,289.0,239.0,0.0,,
1912-07-17,306.0,222.0,0.0,,
1912-07-18,306.0,222.0,0.0,,
1912-07-19,300.0,228.0,0.0,,
1912-07-20,306.0,233.0,0.0,,
1912-07-21,333.0,228.0,0.0,,
1912-07-22,361.0,233.0,0.0,,
1912-07-23,367.0,244.0,0.0,,
1912-07-24,372.0,261.0,0.0,,
1912-07-25,350.0,261.0,0.0,,
1912-07-26,378.0,256.0,0.0,,
1912-07-27,322.0,222.0,0.0,,
1912-07-28,311.0,256.0,0.0,,
1912-07-29,344.0,233.0,0.0,,
1912-07-30,356.0,239.0,0.0,,
1912-07-31,356.0,239.0,0.0,,
1912-08-01,317.0,222.0,58.0,,
1912-08-02,333.0,233.0,0.0,,
1912-08-03,322.0,233.0,30.0,,
1912-08-04,289.0,233.0,152.0,,
1912-08-05,278.0,206.0,99.0,,
1912-08-06,278.0,233.0,114.0,,
1912-08-07,317.0,222.0,5.0,,
1912-08-08,328.0,228.0,74.0,,
1912-08-09,344.0,222.0,0.0,,
1912-08-10,350.0,206.0,0.0,,
1912-08-11,328.0,239.0,0.0,,
1912-08-12,317.0,228.0,0.0,,
1912-08-13,317.0,228.0,0.0,,
1912-08-14,306.0,228.0,0.0,,
1912-08-15,317.0,222.0,0.0,,
1912-08-16,328.0,233.0,0.0,,
1912-08-17,317.0,239.0,0.0,,
1912-08-18,317.0,206.0,0.0,,
1912-08-19,333.0,222.0,0.0,,
1912-08-20,367.0,239.0,0.0,,
1912-08-21,356.0,228.0,0.0,,
1912-08-22,356.0,233.0,0.0,,
1912-08-23,322.0,228.0,8.0,,
1912-08-24,322.0,206.0,0.0,,
1912-08-25,306.0,211.0,150.0,,
1912-08-26,333.0,217.0,0.0,,
1912-08-27,317.0,211.0,559.0,,
1912-08-28,311.0,206.0,0.0,,
1912-08-29,339.0,222.0,0.0,,
1912-08-30,356.0,228.0,0.0,,
1912-08-31,361.0,228.0,0.0,,
1912-09-01,372.0,239.0,0.0,,
1912-09-02,378.0,244.0,0.0,,
1912-09-03,356.0,244.0,0.0,,
1912-09-04,322.0,233.0,0.0,,
1912-09-05,328.0,222.0,361.0,,
1912-09-06,,,467.0,,
1912-09-07,294.0,217.0,23.0,,
1912-09-08,272.0,222.0,119.0,,
1912-09-09,278.0,228.0,48.0,,
1912-09-10,289.0,244.0,0.0,,
1912-09-11,294.0,233.0,89.0,,
1912-09-12,294.0,239.0,0.0,,
1912-09-13,311.0,239.0,0.0,,
1912-09-14,311.0,244.0,0.0,,
1912-09-15,311.0,233.0,0.0,,
1912-09-16,350.0,233.0,0.0,,
1912-09-17,333.0,244.0,0.0,,
1912-09-18,344.0,211.0,0.0,,
1912-09-19,306.0,222.0,282.0,,
1912-09-20,283.0,217.0,229.0,,
1912-09-21,278.0,222.0,15.0,,
1912-09-22,278.0,222.0,41.0,,
1912-09-23,283.0,233.0,30.0,,
1912-09-24,333.0,239.0,25.0,,
1912-09-25,322.0,228.0,0.0,,
1912-09-26,294.0,217.0,0.0,,
1912-09-27,289.0,222.0,0.0,,
1912-09-28,283.0,217.0,74.0,,
1912-09-29,278.0,217.0,0.0,,
1912-09-30,250.0,211.0,0.0,,
1912-10-01,233.0,189.0,15.0,,
1912-10-02,256.0,217.0,160.0,,
1912-10-03,267.0,200.0,109.0,,
1912-10-04,239.0,206.0,566.0,,
1912-10-05,278.0,167.0,0.0,,
1912-10-06,289.0,178.0,0.0,,
1912-10-07,300.0,156.0,0.0,,
1912-10-08,317.0,144.0,0.0,,
1912-10-09,278.0,217.0,0.0,,
1912-10-10,261.0,150.0,0.0,,
1912-10-11,272.0,183.0,104.0,,
1912-10-12,283.0,183.0,0.0,,
1912-10-13,289.0,244.0,0.0,,
1912-10-14,311.0,233.0,0.0,,
1912-10-15,250.0,200.0,140.0,,
1912-10-16,256.0,189.0,0.0,,
1912-10-17,256.0,217.0,0.0,,
1912-10-18,283.0,172.0,0.0,,
1912-10-19,267.0,206.0,43.0,,
1912-10-20,244.0,189.0,53.0,,
1912-10-21,228.0,200.0,0.0,,
1912-10-22,244.0,178.0,572.0,,
1912-10-23,272.0,172.0,0.0,,
1912-10-24,222.0,89.0,0.0,,
1912-10-25,239.0,78.0,0.0,,
1912-10-26,239.0,128.0,0.0,,
1912-10-27,239.0,111.0,0.0,,
1912-10-28,239.0,139.0,0.0,,
1912-10-29,256.0,150.0,0.0,,
1912-10-30,239.0,172.0,0.0,,
1912-10-31,267.0,194.0,56.0,,
1912-11-01,289.0,206.0,71.0,,
1912-11-02,211.0,83.0,0.0,,
1912-11-03,133.0,61.0,0.0,,
1912-11-04,211.0,67.0,0.0,,
1912-11-05,233.0,150.0,48.0,,
1912-11-06,228.0,150.0,48.0,,
1912-11-07,239.0,150.0,0.0,,
1912-11-08,211.0,100.0,0.0,,
1912-11-09,211.0,78.0,0.0,,
1912-11-10,222.0,44.0,0.0,,
1912-11-11,233.0,61.0,0.0,,
1912-11-12,250.0,94.0,0.0,,
1912-11-13,267.0,117.0,0.0,,
1912-11-14,211.0,106.0,0.0,,
1912-11-15,167.0,56.0,0.0,,
1912-11-16,150.0,61.0,0.0,,
1912-11-17,200.0,56.0,0.0,,
1912-11-18,206.0,28.0,0.0,,
1912-11-19,217.0,17.0,0.0,,
1912-11-20,222.0,28.0,0.0,,
1912-11-21,194.0,128.0,135.0,,
1912-11-22,228.0,128.0,0.0,,
1912-11-23,217.0,106.0,0.0,,
1912-11-24,189.0,78.0,0.0,,
1912-11-25,156.0,-11.0,0.0,,
1912-11-26,172.0,6.0,0.0,,
1912-11-27,178.0,11.0,66.0,,
1912-11-28,111.0,22.0,0.0,,
1912-11-29,156.0,22.0,0.0,,
1912-11-30,183.0,83.0,0.0,,
1912-12-02,,,206.0,,
1912-12-04,267.0,133.0,,,
1912-12-05,256.0,172.0,,,
1912-12-06,278.0,178.0,,,
1912-12-07,272.0,161.0,5.0,,
1912-12-08,256.0,178.0,13.0,,
1912-12-09,211.0,56.0,,,
1912-12-10,178.0,50.0,,,
1912-12-11,250.0,100.0,,,
1912-12-12,172.0,56.0,,,
1912-12-13,133.0,44.0,8.0,,
1912-12-14,122.0,78.0,,,
1912-12-15,139.0,94.0,173.0,,
1912-12-16,233.0,83.0,,,
1912-12-17,228.0,72.0,,,
1912-12-18,211.0,117.0,33.0,,
1912-12-19,156.0,22.0,,,
1912-12-20,189.0,-11.0,,,
1912-12-21,222.0,11.0,,,
1912-12-22,150.0,61.0,,,
1912-12-23,144.0,83.0,0.0,,
1912-12-24,206.0,44.0,,,
1912-12-25,217.0,56.0,,,
1912-12-26,183.0,122.0,84.0,,
1912-12-27,144.0,94.0,94.0,,
1912-12-28,189.0,-17.0,,,
1912-12-29,228.0,17.0,,,
1912-12-30,261.0,128.0,0.0,,
1912-12-31,211.0,144.0,30.0,,
1913-01-01,183.0,100.0,0.0,,
1913-01-02,167.0,100.0,206.0,,
1913-01-03,183.0,61.0,0.0,,
1913-01-04,250.0,11.0,0.0,,
1913-01-05,244.0,72.0,0.0,,
1913-01-06,289.0,111.0,0.0,,
1913-01-07,306.0,150.0,0.0,,
1913-01-08,300.0,189.0,0.0,,
1913-01-09,194.0,94.0,0.0,,
1913-01-10,133.0,83.0,0.0,,
1913-01-11,244.0,122.0,0.0,,
1913-01-12,278.0,144.0,10.0,,
1913-01-13,189.0,117.0,0.0,,
1913-01-14,150.0,72.0,0.0,,
1913-01-15,156.0,100.0,0.0,,
1913-01-16,228.0,100.0,10.0,,
1913-01-17,244.0,122.0,0.0,,
1913-01-18,261.0,133.0,0.0,,
1913-01-19,233.0,144.0,0.0,,
1913-01-20,267.0,117.0,0.0,,
1913-01-21,278.0,144.0,0.0,,
1913-01-22,233.0,128.0,0.0,,
1913-01-23,256.0,156.0,0.0,,
1913-01-24,289.0,156.0,0.0,,
1913-01-25,261.0,178.0,0.0,,
1913-01-26,233.0,178.0,0.0,,
1913-01-27,250.0,167.0,36.0,,
1913-01-28,167.0,44.0,0.0,,
1913-01-29,183.0,22.0,0.0,,
1913-01-30,211.0,22.0,0.0,,
1913-01-31,250.0,83.0,8.0,,
1913-02-01,161.0,56.0,0.0,,
1913-02-02,172.0,61.0,13.0,,
1913-02-03,261.0,144.0,173.0,,
1913-02-04,178.0,111.0,0.0,,
1913-02-05,167.0,50.0,0.0,,
1913-02-06,189.0,39.0,0.0,,
1913-02-07,150.0,72.0,0.0,,
1913-02-08,139.0,50.0,91.0,,
1913-02-09,167.0,6.0,0.0,,
1913-02-10,183.0,39.0,0.0,,
1913-02-11,267.0,56.0,0.0,,
1913-02-12,206.0,122.0,33.0,,
1913-02-13,122.0,33.0,152.0,,
1913-02-14,72.0,17.0,94.0,,
1913-02-15,89.0,28.0,41.0,,
1913-02-16,178.0,11.0,0.0,,
1913-02-17,222.0,67.0,0.0,,
1913-02-18,206.0,50.0,0.0,,
1913-02-19,211.0,133.0,0.0,,
1913-02-20,233.0,133.0,0.0,,
1913-02-21,233.0,133.0,0.0,,
1913-02-22,206.0,122.0,147.0,,
1913-02-23,183.0,100.0,0.0,,
1913-02-24,244.0,94.0,0.0,,
1913-02-25,144.0,50.0,0.0,,
1913-02-26,211.0,44.0,0.0,,
1913-02-27,278.0,167.0,0.0,,
1913-02-28,267.0,178.0,630.0,,
1913-03-01,283.0,178.0,318.0,,
1913-03-02,183.0,67.0,20.0,,
1913-03-03,172.0,28.0,0.0,,
1913-03-04,178.0,122.0,178.0,,
1913-03-05,228.0,100.0,43.0,,
1913-03-06,222.0,94.0,0.0,,
1913-03-07,144.0,56.0,0.0,,
1913-03-08,167.0,50.0,0.0,,
1913-03-09,217.0,67.0,0.0,,
1913-03-10,300.0,156.0,315.0,,
1913-03-11,256.0,156.0,198.0,,
1913-03-12,233.0,133.0,0.0,,
1913-03-13,267.0,167.0,0.0,,
1913-03-14,300.0,194.0,33.0,,
1913-03-15,300.0,117.0,66.0,,
1913-03-16,150.0,94.0,10.0,,
1913-03-17,117.0,56.0,0.0,,
1913-03-18,172.0,111.0,91.0,,
1913-03-19,200.0,139.0,0.0,,
1913-03-20,222.0,139.0,0.0,,
1913-03-21,294.0,161.0,51.0,,
1913-03-22,233.0,150.0,18.0,,
1913-03-23,233.0,167.0,0.0,,
1913-03-24,267.0,172.0,0.0,,
1913-03-25,267.0,189.0,0.0,,
1913-03-26,283.0,194.0,0.0,,
1913-03-27,222.0,100.0,206.0,,
1913-03-28,156.0,33.0,0.0,,
1913-03-29,200.0,117.0,0.0,,
1913-03-30,228.0,150.0,43.0,,
1913-03-31,278.0,144.0,0.0,,
