DATE,TMAX,TMIN,PRCP,SNWD,SNOW
1885-11-01,,,0.0,,
1885-11-02,,,109.0,,
1885-11-03,,,0.0,,
1885-11-04,,,0.0,,
1885-11-05,,,0.0,,
1885-11-06,,,0.0,,
1885-11-07,,,135.0,,
1885-11-08,,,0.0,,
1885-11-09,,,119.0,,
1885-11-10,,,0.0,,
1885-11-11,,,0.0,,
1885-11-12,,,0.0,,
1885-11-13,,,0.0,,
1885-11-14,,,0.0,,
1885-11-15,,,0.0,,
1885-11-16,,,0.0,,
1885-11-17,,,0.0,,
1885-11-18,,,0.0,,
1885-11-19,,,53.0,,
1885-11-20,,,0.0,,
1885-11-21,,,0.0,,
1885-11-22,,,0.0,,
1885-11-23,,,61.0,,
1885-11-24,,,53.0,,
1885-11-25,,,488.0,,
1885-11-26,,,221.0,,0.0
1885-11-27,,,0.0,,
1885-11-28,,,0.0,,
1885-11-29,,,0.0,,
1885-11-30,,,5.0,,
1885-12-01,,,25.0,,0.0
1885-12-02,,,0.0,,0.0
1885-12-03,,,0.0,,0.0
1885-12-04,,,20.0,,0.0
1885-12-05,,,18.0,,0.0
1885-12-06,,,0.0,,0.0
1885-12-07,,,0.0,,0.0
1885-12-08,,,0.0,,0.0
1885-12-09,,,30.0,,0.0
1885-12-10,,,0.0,,0.0
1885-12-11,,,0.0,,0.0
1885-12-12,,,0.0,,0.0
1885-12-13,,,0.0,,0.0
1885-12-14,,,168.0,,0.0
1885-12-15,,,33.0,,0.0
1885-12-16,,,0.0,,0.0
1885-12-17,,,0.0,,0.0
1885-12-18,,,165.0,,114.0
1885-12-19,,,165.0,,0.0
1885-12-20,,,0.0,,0.0
1885-12-21,,,0.0,,0.0
1885-12-22,,,0.0,,0.0
1885-12-23,,,0.0,,0.0
1885-12-24,,,0.0,,0.0
1885-12-25,,,0.0,,0.0
1885-12-26,,,0.0,,0.0
1885-12-27,,,0.0,,0.0
1885-12-28,,,0.0,,0.0
1885-12-29,,,0.0,,0.0
1885-12-30,,,0.0,,0.0
1885-12-31,,,66.0,,0.0
1886-01-01,,,0.0,,0.0
1886-01-02,,,3.0,,0.0
1886-01-03,,,0.0,,0.0
1886-01-04,,,175.0,,0.0
1886-01-05,,,53.0,,0.0
1886-01-06,,,0.0,,0.0
1886-01-07,,,0.0,,0.0
1886-01-08,,,0.0,,0.0
1886-01-09,,,145.0,,114.0
1886-01-10,,,0.0,,0.0
1886-01-11,,,0.0,,0.0
1886-01-12,,,0.0,,0.0
1886-01-13,,,0.0,,0.0
1886-01-14,,,0.0,,0.0
1886-01-15,,,0.0,,0.0
1886-01-16,,,0.0,,0.0
1886-01-17,,,3.0,,0.0
1886-01-18,,,0.0,,0.0
1886-01-19,,,257.0,,25.0
1886-01-20,,,0.0,,0.0
1886-01-21,,,0.0,,0.0
1886-01-22,,,33.0,,0.0
1886-01-23,,,0.0,,0.0
1886-01-24,,,0.0,,0.0
1886-01-25,,,188.0,,165.0
1886-01-26,,,0.0,,0.0
1886-01-27,,,0.0,,0.0
1886-01-28,,,495.0,,0.0
1886-01-29,,,86.0,,165.0
1886-01-30,,,127.0,,178.0
1886-01-31,,,5.0,,13.0
1886-02-01,,,0.0,,0.0
1886-02-02,,,0.0,,0.0
1886-02-03,,,0.0,,0.0
1886-02-04,,,25.0,,64.0
1886-02-05,,,0.0,,0.0
1886-02-06,,,0.0,,0.0
1886-02-07,,,0.0,,0.0
1886-02-08,,,0.0,,0.0
1886-02-09,,,0.0,,0.0
1886-02-10,,,0.0,,0.0
1886-02-11,,,0.0,,0.0
1886-02-12,,,0.0,,0.0
1886-02-13,,,1577.0,,0.0
1886-02-14,,,0.0,,0.0
1886-02-15,,,3.0,,0.0
1886-02-16,,,0.0,,0.0
1886-02-17,,,0.0,,0.0
1886-02-18,,,0.0,,0.0
1886-02-19,,,132.0,,0.0
1886-02-20,,,0.0,,0.0
1886-02-21,,,0.0,,0.0
1886-02-22,,,0.0,,0.0
1886-02-23,,,0.0,,0.0
1886-02-24,,,0.0,,0.0
1886-02-25,,,0.0,,0.0
1886-02-26,,,251.0,,0.0
1886-02-27,,,0.0,,0.0
1886-02-28,,,0.0,,0.0
1886-03-01,,,0.0,,0.0
1886-03-02,,,0.0,,0.0
1886-03-03,,,0.0,,0.0
1886-03-04,,,0.0,,0.0
1886-03-05,,,0.0,,0.0
1886-03-06,,,0.0,,0.0
1886-03-07,,,0.0,,0.0
1886-03-08,,,0.0,,0.0
1886-03-09,,,33.0,,76.0
1886-03-10,,,0.0,,0.0
1886-03-11,,,0.0,,0.0
1886-03-12,,,8.0,,0.0
1886-03-13,,,0.0,,0.0
1886-03-14,,,61.0,,0.0
1886-03-15,,,0.0,,0.0
1886-03-16,,,8.0,,0.0
1886-03-17,,,0.0,,0.0
1886-03-18,,,0.0,,0.0
1886-03-19,,,0.0,,0.0
1886-03-20,,,79.0,,64.0
1886-03-21,,,437.0,,0.0
1886-03-22,,,23.0,,0.0
1886-03-23,,,0.0,,0.0
1886-03-24,,,0.0,,0.0
1886-03-25,,,0.0,,0.0
1886-03-26,,,0.0,,0.0
1886-03-27,,,79.0,,0.0
1886-03-28,,,0.0,,0.0
1886-03-29,,,124.0,,0.0
1886-03-30,,,41.0,,0.0
1886-03-31,,,38.0,,0.0
1886-04-01,,,0.0,,
1886-04-02,,,0.0,,
1886-04-03,,,10.0,,
1886-04-04,,,0.0,,
1886-04-05,,,0.0,,
1886-04-06,,,23.0,,
1886-04-07,,,541.0,,
1886-04-08,,,0.0,,
1886-04-09,,,0.0,,
1886-04-10,,,0.0,,
1886-04-11,,,0.0,,
1886-04-12,,,0.0,,
1886-04-13,,,25.0,,
1886-04-14,,,0.0,,
1886-04-15,,,0.0,,
1886-04-16,,,0.0,,
1886-04-17,,,0.0,,
1886-04-18,,,0.0,,
1886-04-19,,,0.0,,
1886-04-20,,,0.0,,
1886-04-21,,,0.0,,
1886-04-22,,,0.0,,
1886-04-23,,,0.0,,
1886-04-24,,,0.0,,
1886-04-25,,,0.0,,
1886-04-26,,,0.0,,
1886-04-27,,,0.0,,
1886-04-28,,,0.0,,
1886-04-29,,,0.0,,
1886-04-30,,,0.0,,
1886-05-01,,,0.0,,
1886-05-02,,,0.0,,
1886-05-03,,,0.0,,
1886-05-04,,,8.0,,
1886-05-05,,,69.0,,
1886-05-06,,,0.0,,
1886-05-07,,,0.0,,
1886-05-08,,,0.0,,
1886-05-09,,,450.0,,
1886-05-10,,,0.0,,
1886-05-11,,,36.0,,
1886-05-12,,,0.0,,
1886-05-13,,,0.0,,
1886-05-14,,,0.0,,
1886-05-15,,,0.0,,
1886-05-16,,,211.0,,
1886-05-17,,,0.0,,
1886-05-18,,,0.0,,
1886-05-19,,,0.0,,
1886-05-20,,,13.0,,
1886-05-21,,,0.0,,
1886-05-22,,,0.0,,
1886-05-23,,,0.0,,
1886-05-24,,,0.0,,
1886-05-25,,,46.0,,
1886-05-26,,,33.0,,
1886-05-27,,,30.0,,
1886-05-28,,,0.0,,
1886-05-29,,,0.0,,
1886-05-30,,,33.0,,
1886-05-31,,,0.0,,
1886-06-01,,,0.0,,
1886-06-02,,,0.0,,
1886-06-03,,,165.0,,
1886-06-04,,,0.0,,
1886-06-05,,,0.0,,
1886-06-06,,,0.0,,
1886-06-07,,,0.0,,
1886-06-08,,,0.0,,
1886-06-09,,,10.0,,
1886-06-10,,,0.0,,
1886-06-11,,,0.0,,
1886-06-12,,,0.0,,
1886-06-13,,,94.0,,
1886-06-14,,,8.0,,
1886-06-15,,,36.0,,
1886-06-16,,,5.0,,
1886-06-17,,,3.0,,
1886-06-18,,,0.0,,
1886-06-19,,,0.0,,
1886-06-20,,,0.0,,
1886-06-21,,,0.0,,
1886-06-22,,,0.0,,
1886-06-23,,,30.0,,
1886-06-24,,,28.0,,
1886-06-25,,,20.0,,
1886-06-26,,,0.0,,
1886-06-27,,,0.0,,
1886-06-28,,,0.0,,
1886-06-29,,,0.0,,
1886-06-30,,,0.0,,
1886-07-01,,,0.0,,
1886-07-02,,,0.0,,
1886-07-03,,,0.0,,
1886-07-04,,,0.0,,
1886-07-05,,,0.0,,
1886-07-06,,,0.0,,
1886-07-07,,,0.0,,
1886-07-08,,,0.0,,
1886-07-09,,,0.0,,
1886-07-10,,,0.0,,
1886-07-11,,,0.0,,
1886-07-12,,,0.0,,
1886-07-13,,,0.0,,
1886-07-14,,,0.0,,
1886-07-15,,,224.0,,
1886-07-16,,,66.0,,
1886-07-17,,,0.0,,
1886-07-18,,,0.0,,
1886-07-19,,,0.0,,
1886-07-20,,,0.0,,
1886-07-21,,,0.0,,
1886-07-22,,,0.0,,
1886-07-23,,,0.0,,
1886-07-24,,,0.0,,
1886-07-25,,,594.0,,
1886-07-26,,,224.0,,
1886-07-27,,,0.0,,
1886-07-28,,,0.0,,
1886-07-29,,,8.0,,
1886-07-30,,,18.0,,
1886-07-31,,,0.0,,
1886-08-01,,,140.0,,
1886-08-02,,,0.0,,
1886-08-03,,,0.0,,
1886-08-04,,,0.0,,
1886-08-05,,,91.0,,
1886-08-06,,,0.0,,
1886-08-07,,,272.0,,
1886-08-08,,,0.0,,
1886-08-09,,,0.0,,
1886-08-10,,,0.0,,
1886-08-11,,,0.0,,
1886-08-12,,,56.0,,
1886-08-13,,,0.0,,
1886-08-14,,,41.0,,
1886-08-15,,,0.0,,
1886-08-16,,,0.0,,
1886-08-17,,,0.0,,
1886-08-18,,,0.0,,
1886-08-19,,,0.0,,
1886-08-20,,,0.0,,
1886-08-21,,,0.0,,
1886-08-22,,,0.0,,
1886-08-23,,,0.0,,
1886-08-24,,,0.0,,
1886-08-25,,,0.0,,
1886-08-26,,,0.0,,
1886-08-27,,,0.0,,
1886-08-28,,,0.0,,
1886-08-29,,,0.0,,
1886-08-30,,,48.0,,
1886-08-31,,,122.0,,
1886-09-01,,,0.0,,
1886-09-02,,,0.0,,
1886-09-03,,,0.0,,
1886-09-04,,,0.0,,
1886-09-05,,,0.0,,
1886-09-06,,,0.0,,
1886-09-07,,,0.0,,
1886-09-08,,,0.0,,
1886-09-09,,,79.0,,
1886-09-10,,,0.0,,
1886-09-11,,,0.0,,
1886-09-12,,,0.0,,
1886-09-13,,,0.0,,
1886-09-14,,,0.0,,
1886-09-15,,,0.0,,
1886-09-16,,,86.0,,
1886-09-17,,,20.0,,
1886-09-18,,,0.0,,
1886-09-19,,,0.0,,
1886-09-20,,,0.0,,
1886-09-21,,,0.0,,
1886-09-22,,,0.0,,
1886-09-23,,,396.0,,
1886-09-24,,,0.0,,
1886-09-25,,,0.0,,
1886-09-26,,,0.0,,
1886-09-27,,,0.0,,
1886-09-28,,,132.0,,
1886-09-29,,,0.0,,
1886-09-30,,,0.0,,
1886-10-01,,,0.0,,
1886-10-02,,,0.0,,
1886-10-03,,,0.0,,
1886-10-04,,,0.0,,
1886-10-05,,,0.0,,
1886-10-06,,,0.0,,
1886-10-07,,,0.0,,
1886-10-08,,,0.0,,
1886-10-09,,,0.0,,
1886-10-10,,,0.0,,
1886-10-11,,,0.0,,
1886-10-12,,,0.0,,
1886-10-13,,,0.0,,
1886-10-14,,,13.0,,
1886-10-15,,,0.0,,
1886-10-16,,,0.0,,
1886-10-17,,,13.0,,
1886-10-18,,,0.0,,
1886-10-19,,,0.0,,
1886-10-20,,,0.0,,
1886-10-21,,,0.0,,
1886-10-22,,,0.0,,
1886-10-23,,,0.0,,
1886-10-24,,,0.0,,
1886-10-25,,,0.0,,
1886-10-26,,,0.0,,
1886-10-27,,,0.0,,
1886-10-28,,,0.0,,
1886-10-29,,,0.0,,
1886-10-30,,,0.0,,
1886-10-31,,,737.0,,
1886-11-01,,,0.0,,0.0
1886-11-02,,,0.0,,0.0
1886-11-03,,,0.0,,0.0
1886-11-04,,,0.0,,0.0
1886-11-05,,,0.0,,0.0
1886-11-06,,,206.0,,0.0
1886-11-07,,,0.0,,0.0
1886-11-08,,,0.0,,0.0
1886-11-09,,,0.0,,0.0
1886-11-10,,,38.0,,0.0
1886-11-11,,,0.0,,0.0
1886-11-12,,,0.0,,0.0
1886-11-13,,,307.0,,20.0
1886-11-14,,,0.0,,0.0
1886-11-15,,,0.0,,0.0
1886-11-16,,,0.0,,0.0
1886-11-17,,,0.0,,0.0
1886-11-18,,,152.0,,0.0
1886-11-19,,,0.0,,0.0
1886-11-20,,,0.0,,0.0
1886-11-21,,,0.0,,0.0
1886-11-22,,,0.0,,0.0
1886-11-23,,,178.0,,0.0
1886-11-24,,,0.0,,0.0
1886-11-25,,,97.0,,0.0
1886-11-26,,,0.0,,0.0
1886-11-27,,,0.0,,0.0
1886-11-28,,,0.0,,0.0
1886-11-29,,,0.0,,0.0
1886-11-30,,,0.0,,0.0
1886-12-01,,,41.0,,0.0
1886-12-02,,,,,0.0
1886-12-03,,,0.0,,0.0
1886-12-04,,,0.0,,0.0
1886-12-05,,,206.0,,229.0
1886-12-06,,,152.0,,152.0
1886-12-07,,,0.0,,0.0
1886-12-08,,,0.0,,0.0
1886-12-09,,,0.0,,0.0
1886-12-10,,,0.0,,0.0
1886-12-11,,,0.0,,0.0
1886-12-12,,,0.0,,0.0
1886-12-13,,,36.0,,0.0
1886-12-14,,,0.0,,0.0
1886-12-15,,,0.0,,0.0
1886-12-16,,,99.0,,178.0
1886-12-17,,,0.0,,0.0
1886-12-18,,,267.0,,0.0
1886-12-19,,,0.0,,0.0
1886-12-20,,,0.0,,0.0
1886-12-21,,,0.0,,0.0
1886-12-22,,,0.0,,0.0
1886-12-23,,,0.0,,0.0
1886-12-24,,,0.0,,0.0
1886-12-25,,,302.0,,0.0
1886-12-26,,,,,0.0
1886-12-27,,,0.0,,0.0
1886-12-28,,,0.0,,0.0
1886-12-29,,,0.0,,0.0
1886-12-30,,,51.0,,114.0
1886-12-31,,,279.0,,76.0
1887-01-01,,,13.0,,0.0
1887-01-02,,,0.0,,0.0
1887-01-03,,,0.0,,0.0
1887-01-04,,,0.0,,0.0
1887-01-05,,,0.0,,0.0
1887-01-06,,,224.0,,0.0
1887-01-07,,,0.0,,0.0
1887-01-08,,,86.0,,109.0
1887-01-09,,,0.0,,0.0
1887-01-10,,,0.0,,0.0
1887-01-11,,,0.0,,0.0
1887-01-12,,,0.0,,0.0
1887-01-13,,,0.0,,0.0
1887-01-14,,,371.0,,127.0
1887-01-15,,,15.0,,13.0
1887-01-16,,,0.0,,0.0
1887-01-17,,,231.0,,102.0
1887-01-18,,,0.0,,0.0
1887-01-19,,,0.0,,0.0
1887-01-20,,,0.0,,0.0
1887-01-21,,,0.0,,0.0
1887-01-22,,,0.0,,0.0
1887-01-23,,,0.0,,0.0
1887-01-24,,,157.0,,0.0
1887-01-25,,,0.0,,0.0
1887-01-26,,,66.0,,76.0
1887-01-27,,,0.0,,0.0
1887-01-28,,,0.0,,0.0
1887-01-29,,,267.0,,0.0
1887-01-30,,,5.0,,0.0
1887-01-31,,,0.0,,0.0
1887-02-01,,,0.0,,0.0
1887-02-02,,,0.0,,0.0
1887-02-03,,,213.0,,152.0
1887-02-04,,,0.0,,0.0
1887-02-05,,,0.0,,0.0
1887-02-06,,,13.0,,0.0
1887-02-07,,,,,25.0
1887-02-08,,,117.0,,0.0
1887-02-09,,,0.0,,0.0
1887-02-10,,,0.0,,0.0
1887-02-11,,,71.0,,0.0
1887-02-12,,,0.0,,0.0
1887-02-13,,,0.0,,0.0
1887-02-14,,,0.0,,0.0
1887-02-15,,,23.0,,13.0
1887-02-16,,,0.0,,0.0
1887-02-17,,,0.0,,0.0
1887-02-18,,,345.0,,25.0
1887-02-19,,,0.0,,0.0
1887-02-20,,,0.0,,0.0
1887-02-21,,,0.0,,0.0
1887-02-22,,,23.0,,25.0
1887-02-23,,,0.0,,0.0
1887-02-24,,,152.0,,38.0
1887-02-25,,,0.0,,0.0
1887-02-26,,,185.0,,152.0
1887-02-27,,,0.0,,0.0
1887-02-28,,,0.0,,0.0
1887-03-01,,,0.0,,0.0
1887-03-02,,,0.0,,0.0
1887-03-03,,,0.0,,0.0
1887-03-04,,,0.0,,0.0
1887-03-05,,,0.0,,0.0
1887-03-06,,,277.0,,229.0
1887-03-07,,,0.0,,0.0
1887-03-08,,,0.0,,0.0
1887-03-09,,,0.0,,0.0
1887-03-10,,,323.0,,102.0
1887-03-11,,,0.0,,0.0
1887-03-12,,,0.0,,0.0
1887-03-13,,,0.0,,0.0
1887-03-14,,,0.0,,0.0
1887-03-15,,,0.0,,0.0
1887-03-16,,,0.0,,0.0
1887-03-17,,,0.0,,0.0
1887-03-18,,,0.0,,0.0
1887-03-19,,,84.0,,13.0
1887-03-20,,,0.0,,0.0
1887-03-21,,,0.0,,0.0
1887-03-22,,,318.0,,0.0
1887-03-23,,,0.0,,0.0
1887-03-24,,,0.0,,0.0
1887-03-25,,,0.0,,0.0
1887-03-26,,,0.0,,0.0
1887-03-27,,,0.0,,0.0
1887-03-28,,,384.0,,38.0
1887-03-29,,,0.0,,0.0
1887-03-30,,,0.0,,0.0
1887-03-31,,,0.0,,0.0
1887-04-01,,,0.0,,0.0
1887-04-02,,,198.0,,229.0
1887-04-03,,,0.0,,0.0
1887-04-04,,,0.0,,0.0
1887-04-05,,,0.0,,0.0
1887-04-06,,,0.0,,0.0
1887-04-07,,,0.0,,0.0
1887-04-08,,,0.0,,0.0
1887-04-09,,,0.0,,0.0
1887-04-10,,,0.0,,0.0
1887-04-11,,,0.0,,0.0
1887-04-12,,,0.0,,0.0
1887-04-13,,,0.0,,0.0
1887-04-14,,,0.0,,0.0
1887-04-15,,,0.0,,0.0
1887-04-16,,,132.0,,0.0
1887-04-17,,,0.0,,0.0
1887-04-18,,,157.0,,165.0
1887-04-19,,,0.0,,0.0
1887-04-20,,,0.0,,0.0
1887-04-21,,,0.0,,0.0
1887-04-22,,,0.0,,0.0
1887-04-23,,,51.0,,0.0
1887-04-24,,,0.0,,0.0
1887-04-25,,,0.0,,0.0
1887-04-26,,,254.0,,0.0
1887-04-27,,,0.0,,0.0
1887-04-28,,,0.0,,0.0
1887-04-29,,,343.0,,0.0
1887-04-30,,,0.0,,0.0
1887-05-01,,,0.0,,
1887-05-02,,,0.0,,
1887-05-03,,,0.0,,
1887-05-04,,,0.0,,
1887-05-05,,,0.0,,
1887-05-06,,,0.0,,
1887-05-07,,,20.0,,
1887-05-08,,,0.0,,
1887-05-09,,,0.0,,
1887-05-10,,,0.0,,
1887-05-11,,,0.0,,
1887-05-12,,,0.0,,
1887-05-13,,,0.0,,
1887-05-14,,,0.0,,
1887-05-15,,,0.0,,
1887-05-16,,,0.0,,
1887-05-17,,,0.0,,
1887-05-18,,,0.0,,
1887-05-19,,,0.0,,
1887-05-20,,,0.0,,
1887-05-21,,,0.0,,
1887-05-22,,,0.0,,
1887-05-23,,,0.0,,
1887-05-24,,,0.0,,
1887-05-25,,,41.0,,
1887-05-26,,,0.0,,
1887-05-27,,,0.0,,
1887-05-28,,,343.0,,
1887-05-29,,,13.0,,
1887-05-30,,,0.0,,
1887-05-31,,,0.0,,
1887-06-01,,,0.0,,
1887-06-02,,,282.0,,
1887-06-03,,,20.0,,
1887-06-04,,,0.0,,
1887-06-05,,,0.0,,
1887-06-06,,,0.0,,
1887-06-07,,,0.0,,
1887-06-08,,,0.0,,
1887-06-09,,,0.0,,
1887-06-10,,,0.0,,
1887-06-11,,,0.0,,
1887-06-12,,,0.0,,
1887-06-13,,,0.0,,
1887-06-14,,,0.0,,
1887-06-15,,,0.0,,
1887-06-16,,,0.0,,
1887-06-17,,,0.0,,
1887-06-18,,,0.0,,
1887-06-19,,,0.0,,
1887-06-20,,,0.0,,
1887-06-21,,,0.0,,
1887-06-22,,,0.0,,
1887-06-23,,,46.0,,
1887-06-24,,,206.0,,
1887-06-25,,,0.0,,
1887-06-26,,,0.0,,
1887-06-27,,,0.0,,
1887-06-28,,,0.0,,
1887-06-29,,,0.0,,
1887-06-30,,,0.0,,
1887-07-10,,,150.0,,
1887-07-11,,,,,
1887-07-12,,,,,
1887-07-17,,,3.0,,
1887-07-18,,,10.0,,
1887-07-22,,,284.0,,
1887-07-23,,,218.0,,
1887-07-24,,,5.0,,
1887-07-28,,,198.0,,
1887-08-01,,,0.0,,
1887-08-02,,,61.0,,
1887-08-03,,,0.0,,
1887-08-04,,,0.0,,
1887-08-05,,,0.0,,
1887-08-06,,,43.0,,
1887-08-07,,,0.0,,
1887-08-08,,,0.0,,
1887-08-09,,,0.0,,
1887-08-10,,,0.0,,
1887-08-11,,,74.0,,
1887-08-12,,,0.0,,
1887-08-13,,,0.0,,
1887-08-14,,,0.0,,
1887-08-15,,,0.0,,
1887-08-16,,,0.0,,
1887-08-17,,,0.0,,
1887-08-18,,,91.0,,
1887-08-19,,,0.0,,
1887-08-20,,,201.0,,
1887-08-21,,,0.0,,
1887-08-22,,,665.0,,
1887-08-23,,,89.0,,
1887-08-24,,,218.0,,
1887-08-25,,,0.0,,
1887-08-26,,,0.0,,
1887-08-27,,,0.0,,
1887-08-28,,,0.0,,
1887-08-29,,,0.0,,
1887-08-30,,,0.0,,
1887-08-31,,,0.0,,
1887-09-01,,,0.0,,
1887-09-02,,,0.0,,
1887-09-03,,,0.0,,
1887-09-04,,,0.0,,
1887-09-05,,,33.0,,
1887-09-06,,,38.0,,
1887-09-07,,,0.0,,
1887-09-08,,,0.0,,
1887-09-09,,,53.0,,
1887-09-10,,,0.0,,
1887-09-11,,,0.0,,
1887-09-12,,,41.0,,
1887-09-13,,,0.0,,
1887-09-14,,,0.0,,
1887-09-15,,,0.0,,
1887-09-16,,,0.0,,
1887-09-17,,,0.0,,
1887-09-18,,,0.0,,
1887-09-19,,,0.0,,
1887-09-20,,,0.0,,
1887-09-21,,,0.0,,
1887-09-22,,,33.0,,
1887-09-23,,,0.0,,
1887-09-24,,,0.0,,
1887-09-25,,,0.0,,
1887-09-26,,,0.0,,
1887-09-27,,,0.0,,
1887-09-28,,,0.0,,
1887-09-29,,,3.0,,
1887-09-30,,,0.0,,
1887-10-01,,,104.0,,
1887-10-02,,,8.0,,
1887-10-03,,,30.0,,
1887-10-04,,,104.0,,
1887-10-05,,,0.0,,
1887-10-06,,,0.0,,
1887-10-07,,,0.0,,
1887-10-08,,,0.0,,
1887-10-09,,,0.0,,
1887-10-10,,,0.0,,
1887-10-11,,,163.0,,
1887-10-12,,,0.0,,
1887-10-13,,,0.0,,
1887-10-14,,,0.0,,
1887-10-15,,,0.0,,
1887-10-16,,,0.0,,
1887-10-17,,,0.0,,
1887-10-18,,,0.0,,
1887-10-19,,,0.0,,
1887-10-20,,,0.0,,
1887-10-21,,,307.0,,
1887-10-22,,,0.0,,
1887-10-23,,,0.0,,
1887-10-24,,,0.0,,
1887-10-25,,,0.0,,
1887-10-26,,,0.0,,
1887-10-27,,,0.0,,
1887-10-28,,,0.0,,
1887-10-29,,,0.0,,
1887-10-30,,,0.0,,
1887-10-31,,,0.0,,
1887-11-01,,,0.0,,
1887-11-02,,,0.0,,
1887-11-03,,,0.0,,
1887-11-04,,,0.0,,
1887-11-05,,,0.0,,
1887-11-06,,,0.0,,
1887-11-07,,,0.0,,
1887-11-08,,,0.0,,
1887-11-09,,,0.0,,
1887-11-10,,,297.0,,
1887-11-11,,,5.0,,
1887-11-12,,,0.0,,
1887-11-13,,,0.0,,
1887-11-14,,,0.0,,
1887-11-15,,,353.0,,
1887-11-16,,,10.0,,
1887-11-17,,,0.0,,
1887-11-18,,,0.0,,
1887-11-19,,,28.0,,
1887-11-20,,,0.0,,
1887-11-21,,,0.0,,
1887-11-22,,,0.0,,
1887-11-23,,,0.0,,
1887-11-24,,,0.0,,
1887-11-25,,,76.0,,
1887-11-26,,,0.0,,
1887-11-27,,,0.0,,
1887-11-28,,,33.0,,
1887-11-29,,,0.0,,
1887-11-30,,,0.0,,
1887-12-01,,,0.0,,0.0
1887-12-02,,,0.0,,0.0
1887-12-03,,,5.0,,0.0
1887-12-04,,,0.0,,0.0
1887-12-05,,,33.0,,0.0
1887-12-06,,,0.0,,0.0
1887-12-07,,,0.0,,0.0
1887-12-08,,,0.0,,0.0
1887-12-09,,,0.0,,0.0
1887-12-10,,,0.0,,0.0
1887-12-11,,,0.0,,0.0
1887-12-12,,,218.0,,0.0
1887-12-13,,,0.0,,0.0
1887-12-14,,,0.0,,0.0
1887-12-15,,,145.0,,0.0
1887-12-16,,,0.0,,0.0
1887-12-17,,,0.0,,0.0
1887-12-18,,,185.0,,0.0
1887-12-19,,,0.0,,0.0
1887-12-20,,,91.0,,0.0
1887-12-21,,,0.0,,0.0
1887-12-22,,,5.0,,0.0
1887-12-23,,,0.0,,0.0
1887-12-24,,,0.0,,0.0
1887-12-25,,,0.0,,0.0
1887-12-26,,,91.0,,135.0
1887-12-27,,,0.0,,0.0
1887-12-28,,,163.0,,0.0
1887-12-29,,,0.0,,0.0
1887-12-30,,,0.0,,0.0
1887-12-31,,,0.0,,0.0
1888-01-01,,,,,25.0
1888-01-02,,,366.0,,
1888-01-04,,,18.0,,33.0
1888-01-05,,,0.0,,
1888-01-06,,,0.0,,
1888-01-07,,,3.0,,
1888-01-08,,,5.0,,25.0
1888-01-09,,,0.0,,
1888-01-10,,,43.0,,58.0
1888-01-11,,,0.0,,
1888-01-12,,,0.0,,
1888-01-13,,,89.0,,51.0
1888-01-14,,,0.0,,
1888-01-15,,,23.0,,
1888-01-16,,,0.0,,
1888-01-17,,,188.0,,178.0
1888-01-18,,,0.0,,
1888-01-19,,,0.0,,
1888-01-20,,,0.0,,
1888-01-21,,,0.0,,
1888-01-22,,,0.0,,
1888-01-23,,,8.0,,33.0
1888-01-24,,,0.0,,
1888-01-25,,,,,102.0
1888-01-26,,,198.0,,
1888-01-27,,,0.0,,
1888-01-28,,,0.0,,
1888-01-29,,,0.0,,
1888-01-30,,,0.0,,
1888-01-31,,,0.0,,
1888-02-01,,,0.0,,0.0
1888-02-02,,,0.0,,0.0
1888-02-03,,,0.0,,0.0
1888-02-04,,,0.0,,0.0
1888-02-05,,,109.0,,38.0
1888-02-06,,,0.0,,0.0
1888-02-07,,,0.0,,0.0
1888-02-08,,,15.0,,0.0
1888-02-09,,,0.0,,0.0
1888-02-10,,,0.0,,0.0
1888-02-11,,,185.0,,152.0
1888-02-12,,,0.0,,0.0
1888-02-13,,,0.0,,0.0
1888-02-14,,,5.0,,0.0
1888-02-15,,,0.0,,0.0
1888-02-16,,,0.0,,0.0
1888-02-17,,,0.0,,0.0
1888-02-18,,,0.0,,0.0
1888-02-19,,,0.0,,0.0
1888-02-20,,,185.0,,0.0
1888-02-21,,,0.0,,0.0
1888-02-22,,,0.0,,0.0
1888-02-23,,,0.0,,0.0
1888-02-24,,,0.0,,0.0
1888-02-25,,,185.0,,25.0
1888-02-26,,,0.0,,0.0
1888-02-27,,,0.0,,0.0
1888-02-28,,,0.0,,0.0
1888-02-29,,,0.0,,0.0
1888-03-01,,,0.0,,0.0
1888-03-02,,,0.0,,0.0
1888-03-03,,,15.0,,15.0
1888-03-04,,,0.0,,0.0
1888-03-05,,,0.0,,0.0
1888-03-06,,,0.0,,0.0
1888-03-07,,,0.0,,0.0
1888-03-08,,,0.0,,0.0
1888-03-09,,,0.0,,0.0
1888-03-10,,,0.0,,0.0
1888-03-11,,,0.0,,0.0
1888-03-12,,,554.0,,203.0
1888-03-13,,,25.0,,0.0
1888-03-14,,,0.0,,0.0
1888-03-15,,,0.0,,0.0
1888-03-16,,,0.0,,0.0
1888-03-17,,,0.0,,0.0
1888-03-18,,,0.0,,0.0
1888-03-19,,,0.0,,0.0
1888-03-20,,,0.0,,0.0
1888-03-21,,,0.0,,0.0
1888-03-22,,,269.0,,0.0
1888-03-23,,,0.0,,0.0
1888-03-24,,,0.0,,0.0
1888-03-25,,,0.0,,0.0
1888-03-26,,,0.0,,0.0
1888-03-27,,,292.0,,0.0
1888-03-28,,,79.0,,0.0
1888-03-29,,,79.0,,0.0
1888-03-30,,,0.0,,0.0
1888-03-31,,,0.0,,0.0
1888-04-01,,,,,64.0
1888-04-02,,,292.0,,0.0
1888-04-03,,,0.0,,0.0
1888-04-04,,,0.0,,0.0
1888-04-05,,,0.0,,0.0
1888-04-06,,,211.0,,0.0
1888-04-07,,,0.0,,0.0
1888-04-08,,,0.0,,0.0
1888-04-09,,,0.0,,0.0
1888-04-10,,,0.0,,0.0
1888-04-11,,,185.0,,0.0
1888-04-12,,,15.0,,0.0
1888-04-13,,,0.0,,0.0
1888-04-14,,,43.0,,0.0
1888-04-15,,,0.0,,0.0
1888-04-16,,,0.0,,0.0
1888-04-17,,,0.0,,0.0
1888-04-18,,,8.0,,0.0
1888-04-19,,,0.0,,0.0
1888-04-20,,,0.0,,0.0
1888-04-21,,,56.0,,0.0
1888-04-22,,,8.0,,0.0
1888-04-23,,,0.0,,0.0
1888-04-24,,,0.0,,0.0
1888-04-25,,,0.0,,0.0
1888-04-26,,,0.0,,0.0
1888-04-27,,,0.0,,0.0
1888-04-28,,,0.0,,0.0
1888-04-29,,,3.0,,0.0
1888-04-30,,,0.0,,0.0
1888-05-01,,,3.0,,
1888-05-02,,,0.0,,
1888-05-03,,,0.0,,
1888-05-04,,,36.0,,
1888-05-05,,,5.0,,
1888-05-06,,,0.0,,
1888-05-07,,,0.0,,
1888-05-08,,,0.0,,
1888-05-09,,,109.0,,
1888-05-10,,,0.0,,
1888-05-11,,,43.0,,
1888-05-12,,,536.0,,
1888-05-13,,,267.0,,
1888-05-14,,,5.0,,
1888-05-15,,,15.0,,
1888-05-16,,,23.0,,
1888-05-17,,,0.0,,
1888-05-18,,,0.0,,
1888-05-19,,,71.0,,
1888-05-20,,,0.0,,
1888-05-21,,,0.0,,
1888-05-22,,,0.0,,
1888-05-23,,,0.0,,
1888-05-24,,,5.0,,
1888-05-25,,,0.0,,
1888-05-26,,,0.0,,
1888-05-27,,,0.0,,
1888-05-28,,,0.0,,
1888-05-29,,,170.0,,
1888-05-30,,,3.0,,
1888-05-31,,,5.0,,
1888-06-01,,,0.0,,
1888-06-02,,,0.0,,
1888-06-03,,,0.0,,
1888-06-04,,,0.0,,
1888-06-05,,,0.0,,
1888-06-06,,,33.0,,
1888-06-07,,,0.0,,
1888-06-08,,,0.0,,
1888-06-09,,,0.0,,
1888-06-10,,,0.0,,
1888-06-11,,,33.0,,
1888-06-12,,,0.0,,
1888-06-13,,,0.0,,
1888-06-14,,,193.0,,
1888-06-15,,,48.0,,
1888-06-16,,,0.0,,
1888-06-17,,,0.0,,
1888-06-18,,,0.0,,
1888-06-19,,,0.0,,
1888-06-20,,,15.0,,
1888-06-21,,,0.0,,
1888-06-22,,,0.0,,
1888-06-23,,,13.0,,
1888-06-24,,,0.0,,
1888-06-25,,,0.0,,
1888-06-26,,,91.0,,
1888-06-27,,,0.0,,
1888-06-28,,,3.0,,
1888-06-29,,,0.0,,
1888-06-30,,,10.0,,
1888-07-01,,,0.0,,
1888-07-02,,,0.0,,
1888-07-03,,,0.0,,
1888-07-04,,,0.0,,
1888-07-05,,,0.0,,
1888-07-06,,,0.0,,
1888-07-07,,,0.0,,
1888-07-08,,,0.0,,
1888-07-09,,,0.0,,
1888-07-10,,,0.0,,
1888-07-11,,,48.0,,
1888-07-12,,,0.0,,
1888-07-13,,,0.0,,
1888-07-14,,,0.0,,
1888-07-15,,,0.0,,
1888-07-16,,,0.0,,
1888-07-17,,,0.0,,
1888-07-18,,,0.0,,
1888-07-19,,,0.0,,
1888-07-20,,,56.0,,
1888-07-21,,,0.0,,
1888-07-22,,,264.0,,
1888-07-23,,,23.0,,
1888-07-24,,,0.0,,
1888-07-25,,,0.0,,
1888-07-26,,,0.0,,
1888-07-27,,,0.0,,
1888-07-28,,,10.0,,
1888-07-29,,,0.0,,
1888-07-30,,,0.0,,
1888-07-31,,,97.0,,
1888-08-01,,,0.0,,
1888-08-02,,,0.0,,
1888-08-03,,,0.0,,
1888-08-04,,,0.0,,
1888-08-05,,,0.0,,
1888-08-06,,,20.0,,
1888-08-07,,,264.0,,
1888-08-08,,,0.0,,
1888-08-09,,,0.0,,
1888-08-10,,,0.0,,
1888-08-11,,,0.0,,
1888-08-12,,,15.0,,
1888-08-13,,,480.0,,
1888-08-14,,,0.0,,
1888-08-15,,,0.0,,
1888-08-16,,,0.0,,
1888-08-17,,,23.0,,
1888-08-18,,,0.0,,
1888-08-19,,,0.0,,
1888-08-20,,,0.0,,
1888-08-21,,,693.0,,
1888-08-22,,,0.0,,
1888-08-23,,,0.0,,
1888-08-24,,,0.0,,
1888-08-25,,,0.0,,
1888-08-26,,,0.0,,
1888-08-27,,,0.0,,
1888-08-28,,,0.0,,
1888-08-29,,,0.0,,
1888-08-30,,,0.0,,
1888-08-31,,,0.0,,
1888-09-01,,,28.0,,
1888-09-02,,,0.0,,
1888-09-03,,,0.0,,
1888-09-04,,,0.0,,
1888-09-05,,,0.0,,
1888-09-06,,,0.0,,
1888-09-07,,,0.0,,
1888-09-08,,,198.0,,
1888-09-09,,,51.0,,
1888-09-10,,,0.0,,
1888-09-11,,,0.0,,
1888-09-12,,,160.0,,
1888-09-13,,,10.0,,
1888-09-14,,,0.0,,
1888-09-15,,,0.0,,
1888-09-16,,,0.0,,
1888-09-17,,,0.0,,
1888-09-18,,,0.0,,
1888-09-19,,,462.0,,
1888-09-20,,,0.0,,
1888-09-21,,,0.0,,
1888-09-22,,,284.0,,
1888-09-23,,,0.0,,
1888-09-24,,,0.0,,
1888-09-25,,,0.0,,
1888-09-26,,,828.0,,
1888-09-27,,,0.0,,
1888-09-28,,,3.0,,
1888-09-29,,,0.0,,
1888-09-30,,,0.0,,
1888-10-01,,,0.0,,
1888-10-02,,,231.0,,
1888-10-03,,,0.0,,
1888-10-04,,,0.0,,
1888-10-05,,,0.0,,
1888-10-06,,,0.0,,
1888-10-07,,,384.0,,
1888-10-08,,,0.0,,
1888-10-09,,,0.0,,
1888-10-10,,,0.0,,
1888-10-11,,,0.0,,
1888-10-12,,,0.0,,
1888-10-13,,,0.0,,
1888-10-14,,,94.0,,
1888-10-15,,,0.0,,
1888-10-16,,,10.0,,
1888-10-17,,,25.0,,
1888-10-18,,,0.0,,
1888-10-19,,,119.0,,
1888-10-20,,,0.0,,
1888-10-21,,,0.0,,
1888-10-22,,,0.0,,
1888-10-23,,,0.0,,
1888-10-24,,,251.0,,
1888-10-25,,,0.0,,
1888-10-26,,,0.0,,
1888-10-27,,,13.0,,
1888-10-28,,,127.0,,
1888-10-29,,,0.0,,
1888-10-30,,,0.0,,
1888-10-31,,,0.0,,
1888-11-01,,,0.0,,
1888-11-02,,,0.0,,
1888-11-03,,,15.0,,
1888-11-04,,,0.0,,
1888-11-05,,,0.0,,
1888-11-06,,,0.0,,
1888-11-07,,,0.0,,
1888-11-08,,,0.0,,
1888-11-09,,,0.0,,
1888-11-10,,,318.0,,
1888-11-11,,,0.0,,
1888-11-12,,,0.0,,
1888-11-13,,,0.0,,
1888-11-14,,,0.0,,
1888-11-15,,,175.0,,
1888-11-16,,,36.0,,
1888-11-17,,,0.0,,
1888-11-18,,,0.0,,
1888-11-19,,,91.0,,
1888-11-20,,,0.0,,
1888-11-21,,,0.0,,
1888-11-22,,,0.0,,
1888-11-23,,,0.0,,
1888-11-24,,,0.0,,
1888-11-25,,,0.0,,
1888-11-26,,,0.0,,
1888-11-27,,,1003.0,,
1888-11-28,,,0.0,,
1888-11-29,,,0.0,,
1888-11-30,,,46.0,,
1888-12-01,,,0.0,,
1888-12-02,,,0.0,,
1888-12-03,,,0.0,,
1888-12-04,,,46.0,,
1888-12-05,,,0.0,,
1888-12-06,,,0.0,,
1888-12-07,,,0.0,,
1888-12-08,,,0.0,,
1888-12-09,,,117.0,,
1888-12-10,,,0.0,,
1888-12-11,,,277.0,,
1888-12-12,,,0.0,,
1888-12-13,,,0.0,,
1888-12-14,,,0.0,,
1888-12-15,,,0.0,,
1888-12-16,,,0.0,,
1888-12-17,,,0.0,,
1888-12-18,,,899.0,,
1888-12-19,,,0.0,,
1888-12-20,,,0.0,,
1888-12-21,,,0.0,,
1888-12-22,,,0.0,,
1888-12-23,,,0.0,,
1888-12-24,,,0.0,,
1888-12-25,,,0.0,,
1888-12-26,,,0.0,,
1888-12-27,,,58.0,,
1888-12-28,,,0.0,,
1888-12-29,,,0.0,,
1888-12-30,,,0.0,,
1888-12-31,,,0.0,,
1889-01-01,,,0.0,,
1889-01-02,,,0.0,,
1889-01-03,,,0.0,,
1889-01-04,,,0.0,,
1889-01-05,,,0.0,,
1889-01-06,,,0.0,,
1889-01-07,,,757.0,,
1889-01-08,,,0.0,,
1889-01-09,,,0.0,,
1889-01-10,,,61.0,,
1889-01-11,,,0.0,,
1889-01-12,,,0.0,,
1889-01-13,,,0.0,,
1889-01-14,,,0.0,,
1889-01-15,,,0.0,,
1889-01-16,,,0.0,,
1889-01-17,,,84.0,,
1889-01-18,,,0.0,,
1889-01-19,,,0.0,,
1889-01-20,,,0.0,,
1889-01-21,,,249.0,,
1889-01-22,,,0.0,,
1889-01-23,,,0.0,,
1889-01-24,,,0.0,,
1889-01-25,,,0.0,,
1889-01-26,,,0.0,,
1889-01-27,,,0.0,,
1889-01-28,,,178.0,,
1889-01-29,,,0.0,,
1889-01-30,,,0.0,,
1889-01-31,,,0.0,,
1889-02-01,,,0.0,,0.0
1889-02-02,,,0.0,,0.0
1889-02-03,,,0.0,,0.0
1889-02-04,,,0.0,,0.0
1889-02-05,,,0.0,,0.0
1889-02-06,,,132.0,,0.0
1889-02-07,,,0.0,,0.0
1889-02-08,,,0.0,,0.0
1889-02-09,,,25.0,,25.0
1889-02-10,,,0.0,,0.0
1889-02-11,,,0.0,,0.0
1889-02-12,,,124.0,,152.0
1889-02-13,,,0.0,,0.0
1889-02-14,,,0.0,,0.0
1889-02-15,,,0.0,,0.0
1889-02-16,,,0.0,,0.0
1889-02-17,,,119.0,,0.0
1889-02-18,,,117.0,,0.0
1889-02-19,,,0.0,,0.0
1889-02-20,,,0.0,,0.0
1889-02-21,,,0.0,,0.0
1889-02-22,,,0.0,,0.0
1889-02-23,,,0.0,,0.0
1889-02-24,,,0.0,,0.0
1889-02-25,,,0.0,,0.0
1889-02-26,,,0.0,,0.0
1889-02-27,,,8.0,,13.0
1889-02-28,,,0.0,,0.0
1889-03-01,,,0.0,,
1889-03-02,,,0.0,,
1889-03-03,,,0.0,,
1889-03-04,,,0.0,,
1889-03-05,,,0.0,,
1889-03-06,,,185.0,,
1889-03-07,,,0.0,,
1889-03-08,,,0.0,,
1889-03-09,,,0.0,,
1889-03-10,,,0.0,,
1889-03-11,,,0.0,,
1889-03-12,,,0.0,,
1889-03-13,,,0.0,,
1889-03-14,,,0.0,,
1889-03-15,,,0.0,,
1889-03-16,,,0.0,,
1889-03-17,,,0.0,,
1889-03-18,,,127.0,,
1889-03-19,,,0.0,,
1889-03-20,,,0.0,,
1889-03-21,,,0.0,,
1889-03-22,,,0.0,,
1889-03-23,,,0.0,,
1889-03-24,,,0.0,,
1889-03-25,,,0.0,,
1889-03-26,,,0.0,,
1889-03-27,,,0.0,,
1889-03-28,,,38.0,,
1889-03-29,,,0.0,,
1889-03-30,,,0.0,,
1889-03-31,,,71.0,,
1889-04-01,,,0.0,,
1889-04-02,,,300.0,,
1889-04-03,,,10.0,,
1889-04-04,,,0.0,,
1889-04-05,,,0.0,,
1889-04-06,,,0.0,,
1889-04-07,,,0.0,,
1889-04-08,,,0.0,,
1889-04-09,,,0.0,,
1889-04-10,,,0.0,,
1889-04-11,,,0.0,,
1889-04-12,,,3.0,,
1889-04-13,,,33.0,,
1889-04-14,,,0.0,,
1889-04-15,,,0.0,,
1889-04-16,,,0.0,,
1889-04-17,,,0.0,,
1889-04-18,,,142.0,,
1889-04-19,,,0.0,,
1889-04-20,,,25.0,,
1889-04-21,,,5.0,,
1889-04-22,,,0.0,,
1889-04-23,,,0.0,,
1889-04-24,,,0.0,,
1889-04-25,,,0.0,,
1889-04-26,,,0.0,,
1889-04-27,,,396.0,,
1889-04-28,,,0.0,,
1889-04-29,,,0.0,,
1889-04-30,,,0.0,,
1889-05-01,,,0.0,,
1889-05-02,,,0.0,,
1889-05-03,,,0.0,,
1889-05-04,,,0.0,,
1889-05-05,,,0.0,,
1889-05-06,,,0.0,,
1889-05-07,,,0.0,,
1889-05-08,,,0.0,,
1889-05-09,,,0.0,,
1889-05-10,,,0.0,,
1889-05-11,,,0.0,,
1889-05-12,,,0.0,,
1889-05-13,,,0.0,,
1889-05-14,,,8.0,,
1889-05-15,,,0.0,,
1889-05-16,,,0.0,,
1889-05-17,,,0.0,,
1889-05-18,,,0.0,,
1889-05-19,,,0.0,,
1889-05-20,,,0.0,,
1889-05-21,,,505.0,,
1889-05-22,,,0.0,,
1889-05-23,,,8.0,,
1889-05-24,,,0.0,,
1889-05-25,,,18.0,,
1889-05-26,,,71.0,,
1889-05-27,,,0.0,,
1889-05-28,,,145.0,,
1889-05-29,,,0.0,,
1889-05-30,,,0.0,,
1889-05-31,,,36.0,,
1889-06-01,200.0,172.0,,,
1889-06-02,183.0,167.0,,,
1889-06-03,211.0,167.0,,,
1889-06-04,211.0,161.0,,,
1889-06-05,206.0,122.0,,,
1889-06-06,217.0,139.0,,,
1889-06-07,211.0,122.0,,,
1889-06-08,178.0,167.0,,,
1889-06-09,256.0,189.0,,,
1889-06-10,289.0,211.0,,,
1889-06-11,300.0,222.0,,,
1889-06-12,217.0,189.0,,,
1889-06-13,289.0,217.0,,,
1889-06-14,289.0,206.0,,,
1889-06-15,294.0,222.0,,,
1889-06-16,283.0,211.0,,,
1889-06-17,217.0,167.0,,,
1889-06-18,156.0,106.0,,,
1889-06-19,211.0,150.0,,,
1889-06-20,289.0,167.0,,,
1889-06-21,289.0,206.0,,,
1889-06-22,278.0,211.0,,,
1889-06-23,244.0,144.0,,,
1889-06-24,250.0,150.0,,,
1889-06-25,244.0,156.0,,,
1889-06-26,250.0,178.0,,,
1889-06-27,283.0,222.0,,,
1889-06-28,256.0,217.0,,,
1889-06-29,283.0,206.0,,,
1889-06-30,289.0,206.0,,,
1889-07-01,244.0,211.0,,,
1889-07-02,256.0,194.0,,,
1889-07-03,250.0,211.0,,,
1889-07-04,244.0,189.0,,,
1889-07-05,250.0,183.0,,,
1889-07-06,239.0,167.0,,,
1889-07-07,250.0,178.0,,,
1889-07-08,283.0,183.0,,,
1889-07-09,211.0,172.0,,,
1889-07-10,222.0,178.0,,,
1889-07-11,183.0,172.0,,,
1889-07-12,244.0,178.0,,,
1889-07-13,289.0,206.0,,,
1889-07-14,289.0,206.0,,,
1889-07-15,172.0,139.0,,,
1889-07-16,256.0,139.0,,,
1889-07-17,211.0,150.0,,,
1889-07-18,244.0,161.0,,,
1889-07-19,267.0,211.0,,,
1889-07-20,233.0,194.0,,,
1889-07-21,278.0,183.0,,,
1889-07-22,233.0,178.0,,,
1889-07-23,233.0,194.0,,,
1889-07-24,233.0,161.0,,,
1889-07-25,244.0,156.0,,,
1889-07-26,233.0,178.0,,,
1889-07-27,200.0,178.0,,,
1889-07-28,189.0,178.0,,,
1889-07-29,289.0,172.0,,,
1889-07-30,289.0,233.0,,,
1889-07-31,283.0,211.0,,,
1889-08-01,,,259.0,,
1889-08-02,,,0.0,,
1889-08-03,,,43.0,,
1889-08-04,,,0.0,,
1889-08-05,,,53.0,,
1889-08-06,,,0.0,,
1889-08-07,,,0.0,,
1889-08-08,,,0.0,,
1889-08-09,,,0.0,,
1889-08-10,,,99.0,,
1889-08-11,,,0.0,,
1889-08-12,,,0.0,,
1889-08-13,,,0.0,,
1889-08-14,,,582.0,,
1889-08-15,,,0.0,,
1889-08-16,,,0.0,,
1889-08-17,,,0.0,,
1889-08-18,,,0.0,,
1889-08-19,,,0.0,,
1889-08-20,,,0.0,,
1889-08-21,,,0.0,,
1889-08-22,,,0.0,,
1889-08-23,,,0.0,,
1889-08-24,,,53.0,,
1889-08-25,,,0.0,,
1889-08-26,,,0.0,,
1889-08-27,,,0.0,,
1889-08-28,,,0.0,,
1889-08-29,,,0.0,,
1889-08-30,,,0.0,,
1889-08-31,,,0.0,,
1889-09-01,,,0.0,,
1889-09-02,,,0.0,,
1889-09-03,,,0.0,,
1889-09-04,,,0.0,,
1889-09-05,,,0.0,,
1889-09-06,,,0.0,,
1889-09-07,,,0.0,,
1889-09-08,,,0.0,,
1889-09-09,,,0.0,,
1889-09-10,,,0.0,,
1889-09-11,,,13.0,,
1889-09-12,,,8.0,,
1889-09-13,,,0.0,,
1889-09-14,,,198.0,,
1889-09-15,,,20.0,,
1889-09-16,,,8.0,,
1889-09-17,,,0.0,,
1889-09-18,,,157.0,,
1889-09-19,,,211.0,,
1889-09-20,,,0.0,,
1889-09-21,,,41.0,,
1889-09-22,,,28.0,,
1889-09-23,,,0.0,,
1889-09-24,,,0.0,,
1889-09-25,,,0.0,,
1889-09-26,,,28.0,,
1889-09-27,,,0.0,,
1889-09-28,,,0.0,,
1889-09-29,,,0.0,,
1889-09-30,,,0.0,,
1889-10-01,,,48.0,,
1889-10-02,,,0.0,,
1889-10-03,,,0.0,,
1889-10-04,,,0.0,,
1889-10-05,,,0.0,,
1889-10-06,,,0.0,,
1889-10-07,,,145.0,,
1889-10-08,,,0.0,,
1889-10-09,,,0.0,,
1889-10-10,,,0.0,,
1889-10-11,,,0.0,,
1889-10-12,,,0.0,,
1889-10-13,,,318.0,,
1889-10-14,,,56.0,,
1889-10-15,,,0.0,,
1889-10-16,,,0.0,,
1889-10-17,,,0.0,,
1889-10-18,,,0.0,,
1889-10-19,,,0.0,,
1889-10-20,,,0.0,,
1889-10-21,,,0.0,,
1889-10-22,,,0.0,,
1889-10-23,,,0.0,,
1889-10-24,,,0.0,,
1889-10-25,,,0.0,,
1889-10-26,,,0.0,,
1889-10-27,,,0.0,,
1889-10-28,,,307.0,,
1889-10-29,,,91.0,,
1889-10-30,,,10.0,,
1889-10-31,,,0.0,,
1889-11-01,,,46.0,,
1889-11-02,,,0.0,,
1889-11-03,,,94.0,,
1889-11-04,,,0.0,,
1889-11-05,,,0.0,,
1889-11-06,,,0.0,,
1889-11-07,,,0.0,,
1889-11-08,,,0.0,,
1889-11-09,,,8.0,,
1889-11-10,,,89.0,,
1889-11-11,,,5.0,,
1889-11-12,,,0.0,,
1889-11-13,,,150.0,,
1889-11-14,,,0.0,,
1889-11-15,,,0.0,,
1889-11-16,,,0.0,,
1889-11-17,,,0.0,,
1889-11-18,,,0.0,,
1889-11-19,,,0.0,,
1889-11-20,,,297.0,,
1889-11-21,,,8.0,,
1889-11-22,,,112.0,,
1889-11-23,,,0.0,,
1889-11-24,,,0.0,,
1889-11-25,,,0.0,,
1889-11-26,,,0.0,,
1889-11-27,,,0.0,,
1889-11-28,,,754.0,,
1889-11-29,,,0.0,,
1889-11-30,,,0.0,,
1889-12-01,,,0.0,,0.0
1889-12-02,,,0.0,,0.0
1889-12-03,,,15.0,,0.0
1889-12-04,,,3.0,,38.0
1889-12-05,,,0.0,,0.0
1889-12-06,,,30.0,,0.0
1889-12-07,,,0.0,,0.0
1889-12-08,,,0.0,,0.0
1889-12-09,,,147.0,,0.0
1889-12-10,,,0.0,,0.0
1889-12-11,,,58.0,,0.0
1889-12-12,,,0.0,,0.0
1889-12-13,,,0.0,,0.0
1889-12-14,,,107.0,,216.0
1889-12-15,,,0.0,,0.0
1889-12-16,,,0.0,,0.0
1889-12-17,,,0.0,,0.0
1889-12-18,,,0.0,,0.0
1889-12-19,,,188.0,,0.0
1889-12-20,,,0.0,,0.0
1889-12-21,,,0.0,,0.0
1889-12-22,,,53.0,,0.0
1889-12-23,,,0.0,,0.0
1889-12-24,,,0.0,,0.0
1889-12-25,,,99.0,,0.0
1889-12-26,,,8.0,,0.0
1889-12-27,,,0.0,,0.0
1889-12-28,,,0.0,,0.0
1889-12-29,,,0.0,,0.0
1889-12-30,,,8.0,,0.0
1889-12-31,,,0.0,,0.0
1890-01-01,,,0.0,,0.0
1890-01-02,,,0.0,,0.0
1890-01-03,,,0.0,,0.0
1890-01-04,,,0.0,,0.0
1890-01-05,,,0.0,,0.0
1890-01-06,,,94.0,,0.0
1890-01-07,,,0.0,,0.0
1890-01-08,,,0.0,,0.0
1890-01-09,,,0.0,,0.0
1890-01-10,,,53.0,,76.0
1890-01-11,,,94.0,,64.0
1890-01-12,,,0.0,,0.0
1890-01-13,,,36.0,,0.0
1890-01-14,,,0.0,,0.0
1890-01-15,,,81.0,,0.0
1890-01-16,,,58.0,,0.0
1890-01-17,,,0.0,,0.0
1890-01-18,,,0.0,,0.0
1890-01-19,,,0.0,,0.0
1890-01-20,,,10.0,,0.0
1890-01-21,,,0.0,,0.0
1890-01-22,,,0.0,,0.0
1890-01-23,,,13.0,,64.0
1890-01-24,,,0.0,,0.0
1890-01-25,,,0.0,,0.0
1890-01-26,,,0.0,,0.0
1890-01-27,,,58.0,,0.0
1890-01-28,,,58.0,,51.0
1890-01-29,,,0.0,,0.0
1890-01-30,,,58.0,,13.0
1890-01-31,,,5.0,,0.0
1890-02-01,,,0.0,,
1890-02-02,,,0.0,,
1890-02-03,,,23.0,,
1890-02-04,,,0.0,,
1890-02-05,,,30.0,,
1890-02-06,,,0.0,,
1890-02-07,,,0.0,,
1890-02-08,,,185.0,,
1890-02-09,,,0.0,,
1890-02-10,,,5.0,,
1890-02-11,,,0.0,,
1890-02-12,,,0.0,,
1890-02-13,,,0.0,,
1890-02-14,,,0.0,,
1890-02-15,,,74.0,,
1890-02-16,,,0.0,,
1890-02-17,,,0.0,,
1890-02-18,,,66.0,,
1890-02-19,,,0.0,,
1890-02-20,,,216.0,,
1890-02-21,,,0.0,,
1890-02-22,,,0.0,,
1890-02-23,,,0.0,,
1890-02-24,,,0.0,,
1890-02-25,,,13.0,,
1890-02-26,,,178.0,,
1890-02-27,,,0.0,,
1890-02-28,,,25.0,,
1890-03-01,,,0.0,,
1890-03-02,,,160.0,,51.0
1890-03-03,,,0.0,,
1890-03-04,,,140.0,,279.0
1890-03-05,,,0.0,,
1890-03-06,,,137.0,,152.0
1890-03-07,,,0.0,,
1890-03-08,,,0.0,,
1890-03-09,,,0.0,,
1890-03-10,,,0.0,,
1890-03-11,,,20.0,,
1890-03-12,,,0.0,,
1890-03-13,,,0.0,,
1890-03-14,,,0.0,,
1890-03-15,,,191.0,,
1890-03-16,,,0.0,,
1890-03-17,,,211.0,,102.0
1890-03-18,,,0.0,,
1890-03-19,,,0.0,,
1890-03-20,,,119.0,,241.0
1890-03-21,,,13.0,,
1890-03-22,,,0.0,,
1890-03-23,,,0.0,,
1890-03-24,,,422.0,,
1890-03-25,,,0.0,,
1890-03-26,,,0.0,,
1890-03-27,,,86.0,,
1890-03-28,,,251.0,,13.0
1890-03-29,,,0.0,,
1890-03-30,,,20.0,,20.0
1890-03-31,,,0.0,,
1890-04-01,,,20.0,,25.0
1890-04-02,,,0.0,,0.0
1890-04-03,,,0.0,,0.0
1890-04-04,,,0.0,,0.0
1890-04-05,,,0.0,,0.0
1890-04-06,,,46.0,,0.0
1890-04-07,,,0.0,,0.0
1890-04-08,,,79.0,,0.0
1890-04-09,,,0.0,,0.0
1890-04-10,,,180.0,,0.0
1890-04-11,,,0.0,,0.0
1890-04-12,,,0.0,,0.0
1890-04-13,,,0.0,,0.0
1890-04-14,,,0.0,,0.0
1890-04-15,,,0.0,,0.0
1890-04-16,,,0.0,,0.0
1890-04-17,,,0.0,,0.0
1890-04-18,,,0.0,,0.0
1890-04-19,,,0.0,,0.0
1890-04-20,,,0.0,,0.0
1890-04-21,,,0.0,,0.0
1890-04-22,,,0.0,,0.0
1890-04-23,,,0.0,,0.0
1890-04-24,,,0.0,,0.0
1890-04-25,,,0.0,,0.0
1890-04-26,,,76.0,,0.0
1890-04-27,,,0.0,,0.0
1890-04-28,,,0.0,,0.0
1890-04-29,,,211.0,,0.0
1890-04-30,,,0.0,,0.0
1890-05-01,,,0.0,,
1890-05-02,,,41.0,,
1890-05-03,,,0.0,,
1890-05-04,,,5.0,,
1890-05-05,,,244.0,,
1890-05-06,,,264.0,,
1890-05-07,,,0.0,,
1890-05-08,,,91.0,,
1890-05-09,,,0.0,,
1890-05-10,,,5.0,,
1890-05-11,,,61.0,,
1890-05-12,,,0.0,,
1890-05-13,,,0.0,,
1890-05-14,,,13.0,,
1890-05-15,,,0.0,,
1890-05-16,,,132.0,,
1890-05-17,,,28.0,,
1890-05-18,,,0.0,,
1890-05-19,,,0.0,,
1890-05-20,,,74.0,,
1890-05-21,,,0.0,,
1890-05-22,,,0.0,,
1890-05-23,,,0.0,,
1890-05-24,,,0.0,,
1890-05-25,,,0.0,,
1890-05-26,,,0.0,,
1890-05-27,,,0.0,,
1890-05-28,,,399.0,,
1890-05-29,,,0.0,,
1890-05-30,,,0.0,,
1890-05-31,,,0.0,,
1890-08-01,,,28.0,,
1890-08-02,,,0.0,,
1890-08-03,,,0.0,,
1890-08-04,,,0.0,,
1890-08-05,,,0.0,,
1890-08-06,,,61.0,,
1890-08-07,,,0.0,,
1890-08-08,,,0.0,,
1890-08-09,,,38.0,,
1890-08-10,,,8.0,,
1890-08-11,,,74.0,,
1890-08-12,,,0.0,,
1890-08-13,,,0.0,,
1890-08-14,,,0.0,,
1890-08-15,,,0.0,,
1890-08-16,,,0.0,,
1890-08-17,,,0.0,,
1890-08-18,,,0.0,,
1890-08-19,,,0.0,,
1890-08-20,,,269.0,,
1890-08-21,,,0.0,,
1890-08-22,,,25.0,,
1890-08-23,,,30.0,,
1890-08-24,,,41.0,,
1890-08-25,,,0.0,,
1890-08-26,,,0.0,,
1890-08-27,,,0.0,,
1890-08-28,,,272.0,,
1890-08-29,,,0.0,,
1890-08-30,,,58.0,,
1890-08-31,,,0.0,,
1890-09-01,,,0.0,,
1890-09-02,,,0.0,,
1890-09-03,,,0.0,,
1890-09-04,,,0.0,,
1890-09-05,,,0.0,,
1890-09-06,,,0.0,,
1890-09-07,,,168.0,,
1890-09-08,,,33.0,,
1890-09-09,,,0.0,,
1890-09-10,,,0.0,,
1890-09-11,,,84.0,,
1890-09-12,,,0.0,,
1890-09-13,,,251.0,,
1890-09-14,,,132.0,,
1890-09-15,,,3.0,,
1890-09-16,,,66.0,,
1890-09-17,,,119.0,,
1890-09-18,,,180.0,,
1890-09-19,,,23.0,,
1890-09-20,,,0.0,,
1890-09-21,,,0.0,,
1890-09-22,,,0.0,,
1890-09-23,,,0.0,,
1890-09-24,,,0.0,,
1890-09-25,,,0.0,,
1890-09-26,,,0.0,,
1890-09-27,,,64.0,,
1890-09-28,,,0.0,,
1890-09-29,,,0.0,,
1890-09-30,,,0.0,,
1890-10-01,,,0.0,,
1890-10-02,,,0.0,,
1890-10-03,,,0.0,,
1890-10-04,,,0.0,,
1890-10-05,,,277.0,,
1890-10-06,,,10.0,,
1890-10-07,,,0.0,,
1890-10-08,,,79.0,,
1890-10-09,,,69.0,,
1890-10-10,,,0.0,,
1890-10-11,,,0.0,,
1890-10-12,,,0.0,,
1890-10-13,,,0.0,,
1890-10-14,,,0.0,,
1890-10-15,,,41.0,,
1890-10-16,,,38.0,,
1890-10-17,,,396.0,,
1890-10-18,,,15.0,,
1890-10-19,,,132.0,,
1890-10-20,,,356.0,,
1890-10-21,,,20.0,,
1890-10-22,,,0.0,,
1890-10-23,,,0.0,,
1890-10-24,,,310.0,,
1890-10-25,,,0.0,,
1890-10-26,,,56.0,,
1890-10-27,,,0.0,,
1890-10-28,,,8.0,,
1890-10-29,,,61.0,,
1890-10-30,,,0.0,,
1890-10-31,,,0.0,,
1890-11-01,,,0.0,,0.0
1890-11-02,,,0.0,,0.0
1890-11-03,,,0.0,,0.0
1890-11-04,,,0.0,,0.0
1890-11-05,,,0.0,,0.0
1890-11-06,,,0.0,,0.0
1890-11-07,,,0.0,,0.0
1890-11-08,,,0.0,,0.0
1890-11-09,,,0.0,,0.0
1890-11-10,,,0.0,,0.0
1890-11-11,,,41.0,,0.0
1890-11-12,,,30.0,,0.0
1890-11-13,,,0.0,,0.0
1890-11-14,,,0.0,,0.0
1890-11-15,,,0.0,,0.0
1890-11-16,,,66.0,,0.0
1890-11-17,,,198.0,,0.0
1890-11-18,,,48.0,,0.0
1890-11-19,,,0.0,,0.0
1890-11-20,,,0.0,,0.0
1890-11-21,,,0.0,,0.0
1890-11-22,,,0.0,,0.0
1890-11-23,,,0.0,,0.0
1890-11-24,,,0.0,,0.0
1890-11-25,,,0.0,,0.0
1890-11-26,,,0.0,,0.0
1890-11-27,,,0.0,,0.0
1890-11-28,,,0.0,,0.0
1890-11-29,,,0.0,,0.0
1890-11-30,,,0.0,,0.0
1890-12-01,,,0.0,,
1890-12-02,,,0.0,,
1890-12-03,,,,,51.0
1890-12-04,,,0.0,,
1890-12-05,,,353.0,,38.0
1890-12-06,,,,,33.0
1890-12-07,,,0.0,,
1890-12-08,,,137.0,,
1890-12-09,,,0.0,,
1890-12-10,,,0.0,,
1890-12-11,,,0.0,,
1890-12-12,,,18.0,,
1890-12-13,,,0.0,,
1890-12-14,,,0.0,,
1890-12-15,,,0.0,,
1890-12-16,,,0.0,,
1890-12-17,,,0.0,,
1890-12-18,,,417.0,,
1890-12-19,,,0.0,,
1890-12-20,,,0.0,,
1890-12-21,,,0.0,,
1890-12-22,,,0.0,,
1890-12-23,,,0.0,,
1890-12-24,,,0.0,,
1890-12-25,,,0.0,,
1890-12-26,,,,,279.0
1890-12-27,,,312.0,,
1890-12-28,,,191.0,,
1890-12-29,,,0.0,,
1890-12-30,,,0.0,,
1890-12-31,,,0.0,,
1891-01-01,,,,,0.0
1891-01-02,,,290.0,,
1891-01-03,,,28.0,,
1891-01-04,,,0.0,,
1891-01-05,,,,,114.0
1891-01-06,,,109.0,,25.0
1891-01-07,,,0.0,,
1891-01-08,,,0.0,,
1891-01-09,,,0.0,,
1891-01-10,,,0.0,,
1891-01-11,,,130.0,,
1891-01-12,,,66.0,,
1891-01-13,,,0.0,,
1891-01-14,,,3.0,,13.0
1891-01-15,,,0.0,,
1891-01-16,,,0.0,,
1891-01-17,,,198.0,,102.0
1891-01-18,,,198.0,,
1891-01-19,,,13.0,,
1891-01-20,,,0.0,,
1891-01-21,,,0.0,,
1891-01-22,,,229.0,,
1891-01-23,,,0.0,,
1891-01-24,,,0.0,,
1891-01-25,,,216.0,,102.0
1891-01-26,,,0.0,,
1891-01-27,,,5.0,,20.0
1891-01-28,,,0.0,,
1891-01-29,,,79.0,,25.0
1891-01-30,,,0.0,,
1891-01-31,,,15.0,,
1891-02-01,,,91.0,,0.0
1891-02-02,,,0.0,,0.0
1891-02-03,,,132.0,,0.0
1891-02-04,,,0.0,,0.0
1891-02-05,,,0.0,,0.0
1891-02-06,,,48.0,,0.0
1891-02-07,,,124.0,,152.0
1891-02-08,,,0.0,,0.0
1891-02-09,,,,,152.0
1891-02-10,,,206.0,,0.0
1891-02-11,,,0.0,,0.0
1891-02-12,,,0.0,,0.0
1891-02-13,,,0.0,,0.0
1891-02-14,,,0.0,,0.0
1891-02-15,,,0.0,,0.0
1891-02-16,,,0.0,,0.0
1891-02-17,,,0.0,,0.0
1891-02-18,,,130.0,,0.0
1891-02-19,,,0.0,,0.0
1891-02-20,,,,,102.0
1891-02-21,,,201.0,,0.0
1891-02-22,,,23.0,,0.0
1891-02-23,,,0.0,,0.0
1891-02-24,,,0.0,,0.0
1891-02-25,,,0.0,,0.0
1891-02-26,,,170.0,,0.0
1891-02-27,,,119.0,,76.0
1891-02-28,,,0.0,,0.0
1891-03-01,,,28.0,,
1891-03-02,,,,,46.0
1891-03-03,,,0.0,,
1891-03-04,,,,,0.0
1891-03-05,,,262.0,,279.0
1891-03-06,,,165.0,,0.0
1891-03-07,,,0.0,,
1891-03-08,,,0.0,,
1891-03-09,,,0.0,,
1891-03-10,,,0.0,,
1891-03-11,,,185.0,,
1891-03-12,,,0.0,,
1891-03-13,,,0.0,,
1891-03-14,,,0.0,,
1891-03-15,,,213.0,,0.0
1891-03-16,,,0.0,,
1891-03-17,,,0.0,,
1891-03-18,,,0.0,,
1891-03-19,,,0.0,,
1891-03-20,,,15.0,,25.0
1891-03-21,,,3.0,,0.0
1891-03-22,,,305.0,,
1891-03-23,,,30.0,,
1891-03-24,,,43.0,,
1891-03-25,,,0.0,,
1891-03-26,,,0.0,,
1891-03-27,,,0.0,,
1891-03-28,,,0.0,,
1891-03-29,,,0.0,,
1891-03-30,,,0.0,,
1891-03-31,,,0.0,,
1891-04-01,,,0.0,,
1891-04-02,,,0.0,,
1891-04-03,,,376.0,,
1891-04-04,,,0.0,,
1891-04-05,,,0.0,,
1891-04-06,,,0.0,,
1891-04-07,,,0.0,,
1891-04-08,,,0.0,,
1891-04-09,,,0.0,,
1891-04-10,,,0.0,,
1891-04-11,,,0.0,,
1891-04-12,,,46.0,,
1891-04-13,,,0.0,,
1891-04-14,,,0.0,,
1891-04-15,,,79.0,,
1891-04-16,,,30.0,,
1891-04-17,,,0.0,,
1891-04-18,,,0.0,,
1891-04-19,,,23.0,,
1891-04-20,,,0.0,,
1891-04-21,,,0.0,,
1891-04-22,,,0.0,,
1891-04-23,,,0.0,,
1891-04-24,,,0.0,,
1891-04-25,,,0.0,,
1891-04-26,,,0.0,,
1891-04-27,,,0.0,,
1891-04-28,,,0.0,,
1891-04-29,,,0.0,,
1891-04-30,,,0.0,,
1891-05-01,,,0.0,,
1891-05-02,,,0.0,,
1891-05-03,,,36.0,,
1891-05-04,,,0.0,,
1891-05-05,,,0.0,,
1891-05-06,,,0.0,,
1891-05-07,,,0.0,,
1891-05-08,,,0.0,,
1891-05-09,,,0.0,,
1891-05-10,,,0.0,,
1891-05-11,,,0.0,,
1891-05-12,,,0.0,,
1891-05-13,,,23.0,,
1891-05-14,,,0.0,,
1891-05-15,,,0.0,,
1891-05-16,,,94.0,,
1891-05-17,,,114.0,,
1891-05-18,,,0.0,,
1891-05-19,,,0.0,,
1891-05-20,,,0.0,,
1891-05-21,,,0.0,,
1891-05-22,,,0.0,,
1891-05-23,,,0.0,,
1891-05-24,,,0.0,,
1891-05-25,,,0.0,,
1891-05-26,,,28.0,,
1891-05-27,,,0.0,,
1891-05-28,,,0.0,,
1891-05-29,,,130.0,,
1891-05-30,,,0.0,,
1891-05-31,,,0.0,,
1891-06-01,,,0.0,,
1891-06-02,,,0.0,,
1891-06-03,,,48.0,,
1891-06-04,,,109.0,,
1891-06-05,,,0.0,,
1891-06-06,,,0.0,,
1891-06-07,,,0.0,,
1891-06-08,,,0.0,,
1891-06-09,,,0.0,,
1891-06-10,,,0.0,,
1891-06-11,,,0.0,,
1891-06-12,,,0.0,,
1891-06-13,,,0.0,,
1891-06-14,,,0.0,,
1891-06-15,,,0.0,,
1891-06-16,,,0.0,,
1891-06-17,,,0.0,,
1891-06-18,,,0.0,,
1891-06-19,,,307.0,,
1891-06-20,,,20.0,,
1891-06-21,,,0.0,,
1891-06-22,,,132.0,,
1891-06-23,,,389.0,,
1891-06-24,,,0.0,,
1891-06-25,,,0.0,,
1891-06-26,,,0.0,,
1891-06-27,,,0.0,,
1891-06-28,,,0.0,,
1891-06-29,,,8.0,,
1891-06-30,,,3.0,,
1891-07-01,,,0.0,,
1891-07-02,,,0.0,,
1891-07-03,,,0.0,,
1891-07-04,,,66.0,,
1891-07-05,,,0.0,,
1891-07-06,,,0.0,,
1891-07-07,,,0.0,,
1891-07-08,,,185.0,,
1891-07-09,,,0.0,,
1891-07-10,,,0.0,,
1891-07-11,,,0.0,,
1891-07-12,,,0.0,,
1891-07-13,,,0.0,,
1891-07-14,,,0.0,,
1891-07-15,,,0.0,,
1891-07-16,,,8.0,,
1891-07-17,,,0.0,,
1891-07-18,,,0.0,,
1891-07-19,,,56.0,,
1891-07-20,,,0.0,,
1891-07-21,,,0.0,,
1891-07-22,,,0.0,,
1891-07-23,,,0.0,,
1891-07-24,,,74.0,,
1891-07-25,,,5.0,,
1891-07-26,,,0.0,,
1891-07-27,,,0.0,,
1891-07-28,,,0.0,,
1891-07-29,,,180.0,,
1891-07-30,,,0.0,,
1891-07-31,,,188.0,,
1891-08-01,,,0.0,,
1891-08-02,,,8.0,,
1891-08-03,,,0.0,,
1891-08-04,,,0.0,,
1891-08-05,,,0.0,,
1891-08-06,,,20.0,,
1891-08-07,,,33.0,,
1891-08-08,,,0.0,,
1891-08-09,,,0.0,,
1891-08-10,,,0.0,,
1891-08-11,,,0.0,,
1891-08-12,,,3.0,,
1891-08-13,,,0.0,,
1891-08-14,,,0.0,,
1891-08-15,,,122.0,,
1891-08-16,,,0.0,,
1891-08-17,,,0.0,,
1891-08-18,,,0.0,,
1891-08-19,,,0.0,,
1891-08-20,,,0.0,,
1891-08-21,,,0.0,,
1891-08-22,,,109.0,,
1891-08-23,,,0.0,,
1891-08-24,,,0.0,,
1891-08-25,,,0.0,,
1891-08-26,,,0.0,,
1891-08-27,,,0.0,,
1891-08-28,,,330.0,,
1891-08-29,,,0.0,,
1891-08-30,,,53.0,,
1891-08-31,,,20.0,,
1891-09-01,,,38.0,,
1891-09-02,,,0.0,,
1891-09-03,,,0.0,,
1891-09-04,,,0.0,,
1891-09-05,,,30.0,,
1891-09-06,,,43.0,,
1891-09-07,,,396.0,,
1891-09-08,,,0.0,,
1891-09-09,,,0.0,,
1891-09-10,,,0.0,,
1891-09-11,,,0.0,,
1891-09-12,,,0.0,,
1891-09-13,,,0.0,,
1891-09-14,,,51.0,,
1891-09-15,,,0.0,,
1891-09-16,,,5.0,,
1891-09-17,,,0.0,,
1891-09-18,,,10.0,,
1891-09-19,,,0.0,,
1891-09-20,,,0.0,,
1891-09-21,,,0.0,,
1891-09-22,,,0.0,,
1891-09-23,,,0.0,,
1891-09-24,,,0.0,,
1891-09-25,,,0.0,,
1891-09-26,,,0.0,,
1891-09-27,,,0.0,,
1891-09-28,,,0.0,,
1891-09-29,,,0.0,,
1891-09-30,,,13.0,,
1891-10-01,,,0.0,,
1891-10-02,,,0.0,,
1891-10-03,,,0.0,,
1891-10-04,,,0.0,,
1891-10-05,,,58.0,,
1891-10-06,,,0.0,,
1891-10-07,,,0.0,,
1891-10-08,,,450.0,,
1891-10-09,,,0.0,,
1891-10-10,,,0.0,,
1891-10-11,,,0.0,,
1891-10-12,,,0.0,,
1891-10-13,,,0.0,,
1891-10-14,,,490.0,,
1891-10-15,,,8.0,,
1891-10-16,,,0.0,,
1891-10-17,,,0.0,,
1891-10-18,,,0.0,,
1891-10-19,,,0.0,,
1891-10-20,,,173.0,,
1891-10-21,,,0.0,,
1891-10-22,,,0.0,,
1891-10-23,,,160.0,,
1891-10-24,,,0.0,,
1891-10-25,,,0.0,,
1891-10-26,,,0.0,,
1891-10-27,,,46.0,,
1891-10-28,,,0.0,,
1891-10-29,,,0.0,,
1891-10-30,,,0.0,,
1891-10-31,,,0.0,,
1891-11-01,,,0.0,,
1891-11-02,,,0.0,,
1891-11-03,,,0.0,,
1891-11-04,,,0.0,,
1891-11-05,,,0.0,,
1891-11-06,,,13.0,,
1891-11-07,,,0.0,,
1891-11-08,,,0.0,,
1891-11-09,,,0.0,,
1891-11-10,,,0.0,,
1891-11-11,,,0.0,,
1891-11-12,,,61.0,,
1891-11-13,,,0.0,,
1891-11-14,,,0.0,,
1891-11-15,,,0.0,,
1891-11-16,,,0.0,,
1891-11-17,,,53.0,,
1891-11-18,,,53.0,,
1891-11-19,,,0.0,,
1891-11-20,,,0.0,,
1891-11-21,,,0.0,,
1891-11-22,,,0.0,,
1891-11-23,,,0.0,,
1891-11-24,,,0.0,,
1891-11-25,,,0.0,,
1891-11-26,,,0.0,,
1891-11-27,,,307.0,,
1891-11-28,,,3.0,,
1891-11-29,,,0.0,,
1891-11-30,,,0.0,,
1891-12-01,,,0.0,,
1891-12-02,,,0.0,,
1891-12-03,,,0.0,,
1891-12-04,,,0.0,,
1891-12-05,,,61.0,,
1891-12-06,,,0.0,,
1891-12-07,,,76.0,,
1891-12-08,,,0.0,,
1891-12-09,,,0.0,,
1891-12-10,,,0.0,,
1891-12-11,,,0.0,,
1891-12-12,,,0.0,,
1891-12-13,,,0.0,,
1891-12-14,,,0.0,,
1891-12-15,,,0.0,,
1891-12-16,,,201.0,,
1891-12-17,,,0.0,,
1891-12-18,,,0.0,,
1891-12-19,,,0.0,,
1891-12-20,,,0.0,,
1891-12-21,,,0.0,,
1891-12-22,,,0.0,,
1891-12-23,,,64.0,,
1891-12-24,,,41.0,,
1891-12-25,,,91.0,,
1891-12-26,,,0.0,,
1891-12-27,,,66.0,,
1891-12-28,,,0.0,,
1891-12-29,,,0.0,,
1891-12-30,,,310.0,,
1891-12-31,,,,,0.0
1892-01-01,,,0.0,,0.0
1892-01-02,,,0.0,,0.0
1892-01-03,,,193.0,,0.0
1892-01-04,,,0.0,,0.0
1892-01-05,,,165.0,,0.0
1892-01-06,,,,,127.0
1892-01-07,,,0.0,,0.0
1892-01-08,,,0.0,,0.0
1892-01-09,,,,,0.0
1892-01-10,,,0.0,,0.0
1892-01-11,,,33.0,,38.0
1892-01-12,,,175.0,,0.0
1892-01-13,,,124.0,,0.0
1892-01-14,,,41.0,,0.0
1892-01-15,,,46.0,,51.0
1892-01-16,,,107.0,,0.0
1892-01-17,,,0.0,,0.0
1892-01-18,,,188.0,,0.0
1892-01-19,,,0.0,,0.0
1892-01-20,,,89.0,,76.0
1892-01-21,,,0.0,,0.0
1892-01-22,,,0.0,,0.0
1892-01-23,,,0.0,,0.0
1892-01-24,,,0.0,,0.0
1892-01-25,,,,,0.0
1892-01-26,,,0.0,,0.0
1892-01-27,,,8.0,,13.0
1892-01-28,,,0.0,,0.0
1892-01-29,,,0.0,,0.0
1892-01-30,,,3.0,,13.0
1892-01-31,,,0.0,,0.0
1892-02-01,,,0.0,,0.0
1892-02-02,,,0.0,,0.0
1892-02-03,,,221.0,,102.0
1892-02-04,,,0.0,,0.0
1892-02-05,,,0.0,,0.0
1892-02-06,,,0.0,,0.0
1892-02-07,,,0.0,,0.0
1892-02-08,,,66.0,,0.0
1892-02-09,,,0.0,,0.0
1892-02-10,,,,,0.0
1892-02-11,,,0.0,,0.0
1892-02-12,,,345.0,,254.0
1892-02-13,,,0.0,,0.0
1892-02-14,,,0.0,,0.0
1892-02-15,,,23.0,,0.0
1892-02-16,,,0.0,,0.0
1892-02-17,,,0.0,,0.0
1892-02-18,,,0.0,,0.0
1892-02-19,,,0.0,,0.0
1892-02-20,,,0.0,,0.0
1892-02-21,,,0.0,,0.0
1892-02-22,,,0.0,,0.0
1892-02-23,,,0.0,,0.0
1892-02-24,,,0.0,,0.0
1892-02-25,,,,,0.0
1892-02-26,,,0.0,,0.0
1892-02-27,,,0.0,,0.0
1892-02-28,,,,,0.0
1892-02-29,,,0.0,,0.0
1892-03-01,,,0.0,,
1892-03-02,,,0.0,,
1892-03-03,,,234.0,,38.0
1892-03-04,,,5.0,,8.0
1892-03-05,,,0.0,,
1892-03-06,,,0.0,,
1892-03-07,,,0.0,,
1892-03-08,,,0.0,,
1892-03-09,,,152.0,,
1892-03-10,,,0.0,,
1892-03-11,,,79.0,,
1892-03-12,,,0.0,,
1892-03-13,,,0.0,,
1892-03-14,,,0.0,,
1892-03-15,,,0.0,,
1892-03-16,,,0.0,,
1892-03-17,,,0.0,,
1892-03-18,,,0.0,,
1892-03-19,,,330.0,,229.0
1892-03-20,,,0.0,,
1892-03-21,,,0.0,,
1892-03-22,,,0.0,,
1892-03-23,,,155.0,,13.0
1892-03-24,,,0.0,,
1892-03-25,,,0.0,,
1892-03-26,,,0.0,,
1892-03-27,,,0.0,,
1892-03-28,,,0.0,,
1892-03-29,,,0.0,,
1892-03-30,,,0.0,,
1892-03-31,,,0.0,,
1892-04-22,,,99.0,,
1892-04-23,,,15.0,,
1892-04-24,,,25.0,,
1892-04-28,,,8.0,,
1892-04-29,,,18.0,,
1892-05-01,,,0.0,,
1892-05-02,,,23.0,,
1892-05-03,,,53.0,,
1892-05-04,,,198.0,,
1892-05-05,,,0.0,,
1892-05-06,,,0.0,,
1892-05-07,,,0.0,,
1892-05-08,,,0.0,,
1892-05-09,,,0.0,,
1892-05-10,,,0.0,,
1892-05-11,,,165.0,,
1892-05-12,,,0.0,,
1892-05-13,,,0.0,,
1892-05-14,,,0.0,,
1892-05-15,,,371.0,,
1892-05-16,,,3.0,,
1892-05-17,,,0.0,,
1892-05-18,,,0.0,,
1892-05-19,,,0.0,,
1892-05-20,,,168.0,,
1892-05-21,,,0.0,,
1892-05-22,,,384.0,,
1892-05-23,,,79.0,,
1892-05-24,,,0.0,,
1892-05-25,,,53.0,,
1892-05-26,,,0.0,,
1892-05-27,,,53.0,,
1892-05-28,,,0.0,,
1892-05-29,,,0.0,,
1892-05-30,,,0.0,,
1892-05-31,,,3.0,,
1892-06-01,,,0.0,,
1892-06-02,,,0.0,,
1892-06-03,,,41.0,,
1892-06-04,,,0.0,,
1892-06-05,,,0.0,,
1892-06-06,,,28.0,,
1892-06-07,,,0.0,,
1892-06-08,,,0.0,,
1892-06-09,,,99.0,,
1892-06-10,,,0.0,,
1892-06-11,,,0.0,,
1892-06-12,,,0.0,,
1892-06-13,,,0.0,,
1892-06-14,,,0.0,,
1892-06-15,,,48.0,,
1892-06-16,,,0.0,,
1892-06-17,,,292.0,,
1892-06-18,,,0.0,,
1892-06-19,,,0.0,,
1892-06-20,,,0.0,,
1892-06-21,,,0.0,,
1892-06-22,,,0.0,,
1892-06-23,,,15.0,,
1892-06-24,,,196.0,,
1892-06-25,,,20.0,,
1892-06-26,,,0.0,,
1892-06-27,,,79.0,,
1892-06-28,,,94.0,,
1892-06-29,,,0.0,,
1892-06-30,,,0.0,,
1892-07-01,,,33.0,,
1892-07-03,,,18.0,,
1892-07-04,,,145.0,,
1892-07-10,,,46.0,,
1892-07-15,,,272.0,,
1892-07-16,,,33.0,,
1892-07-30,,,13.0,,
1892-07-31,,,206.0,,
1892-09-01,,,0.0,,
1892-09-02,,,0.0,,
1892-09-03,,,0.0,,
1892-09-04,,,0.0,,
1892-09-05,,,25.0,,
1892-09-06,,,0.0,,
1892-09-07,,,0.0,,
1892-09-08,,,0.0,,
1892-09-09,,,0.0,,
1892-09-10,,,0.0,,
1892-09-11,,,0.0,,
1892-09-12,,,0.0,,
1892-09-13,,,0.0,,
1892-09-14,,,0.0,,
1892-09-15,,,264.0,,
1892-09-16,,,0.0,,
1892-09-17,,,0.0,,
1892-09-18,,,0.0,,
1892-09-19,,,20.0,,
1892-09-20,,,0.0,,
1892-09-21,,,0.0,,
1892-09-22,,,0.0,,
1892-09-23,,,0.0,,
1892-09-24,,,0.0,,
1892-09-25,,,0.0,,
1892-09-26,,,99.0,,
1892-09-27,,,0.0,,
1892-09-28,,,0.0,,
1892-09-29,,,0.0,,
1892-09-30,,,0.0,,
1892-10-01,,,0.0,,
1892-10-02,,,0.0,,
1892-10-03,,,0.0,,
1892-10-04,,,15.0,,
1892-10-05,,,409.0,,
1892-10-06,,,0.0,,
1892-10-07,,,0.0,,
1892-10-08,,,0.0,,
1892-10-09,,,18.0,,
1892-10-10,,,0.0,,
1892-10-11,,,0.0,,
1892-10-12,,,0.0,,
1892-10-13,,,0.0,,
1892-10-14,,,0.0,,
1892-10-15,,,0.0,,
1892-10-16,,,109.0,,
1892-10-17,,,0.0,,
1892-10-18,,,0.0,,
1892-10-19,,,0.0,,
1892-10-20,,,0.0,,
1892-10-21,,,0.0,,
1892-10-22,,,0.0,,
1892-10-23,,,0.0,,
1892-10-24,,,0.0,,
1892-10-25,,,0.0,,
1892-10-26,,,122.0,,
1892-10-27,,,0.0,,
1892-10-28,,,0.0,,
1892-10-29,,,33.0,,
1892-10-30,,,0.0,,
1892-10-31,,,0.0,,
1892-11-01,,,0.0,,0.0
1892-11-02,,,23.0,,0.0
1892-11-03,,,137.0,,0.0
1892-11-04,,,0.0,,0.0
1892-11-05,,,74.0,,64.0
1892-11-06,,,0.0,,0.0
1892-11-07,,,0.0,,0.0
1892-11-08,,,13.0,,0.0
1892-11-09,,,0.0,,0.0
1892-11-10,,,460.0,,0.0
1892-11-11,,,0.0,,0.0
1892-11-12,,,0.0,,0.0
1892-11-13,,,0.0,,0.0
1892-11-14,,,0.0,,0.0
1892-11-15,,,10.0,,0.0
1892-11-16,,,376.0,,0.0
1892-11-17,,,0.0,,0.0
1892-11-18,,,0.0,,0.0
1892-11-19,,,58.0,,0.0
1892-11-20,,,0.0,,0.0
1892-11-21,,,0.0,,0.0
1892-11-22,,,0.0,,0.0
1892-11-23,,,0.0,,0.0
1892-11-24,,,0.0,,0.0
1892-11-25,,,0.0,,0.0
1892-11-26,,,0.0,,0.0
1892-11-27,,,0.0,,0.0
1892-11-28,,,0.0,,0.0
1892-11-29,,,0.0,,0.0
1892-11-30,,,251.0,,152.0
1893-01-02,,,193.0,,13.0
1893-01-06,,,150.0,,381.0
1893-01-10,,,53.0,,51.0
1893-01-12,,,3.0,,13.0
1893-01-15,,,20.0,,38.0
1893-01-16,,,13.0,,38.0
1893-01-23,,,13.0,,20.0
1893-01-25,,,18.0,,20.0
1893-01-28,,,,,
1893-01-29,,,66.0,,
1893-01-31,,,5.0,,13.0
1893-02-01,,,0.0,,0.0
1893-02-02,,,66.0,,0.0
1893-02-03,,,66.0,,0.0
1893-02-04,,,0.0,,0.0
1893-02-05,,,0.0,,0.0
1893-02-06,,,0.0,,0.0
1893-02-07,,,91.0,,25.0
1893-02-08,,,0.0,,0.0
1893-02-09,,,0.0,,0.0
1893-02-10,,,0.0,,0.0
1893-02-11,,,0.0,,0.0
1893-02-12,,,0.0,,0.0
1893-02-13,,,0.0,,0.0
1893-02-14,,,373.0,,203.0
1893-02-15,,,0.0,,0.0
1893-02-16,,,0.0,,0.0
1893-02-17,,,0.0,,0.0
1893-02-18,,,203.0,,343.0
1893-02-19,,,13.0,,38.0
1893-02-20,,,30.0,,38.0
1893-02-21,,,0.0,,0.0
1893-02-22,,,358.0,,216.0
1893-02-23,,,0.0,,0.0
1893-02-24,,,81.0,,114.0
1893-02-25,,,0.0,,0.0
1893-02-26,,,81.0,,178.0
1893-02-27,,,0.0,,0.0
1893-02-28,,,102.0,,89.0
1893-03-01,,,0.0,,0.0
1893-03-02,,,0.0,,0.0
1893-03-03,,,0.0,,0.0
1893-03-04,,,23.0,,25.0
1893-03-05,,,0.0,,0.0
1893-03-06,,,0.0,,0.0
1893-03-07,,,0.0,,0.0
1893-03-08,,,0.0,,0.0
1893-03-09,,,211.0,,0.0
1893-03-10,,,0.0,,0.0
1893-03-11,,,0.0,,0.0
1893-03-12,,,30.0,,0.0
1893-03-13,,,0.0,,0.0
1893-03-14,,,0.0,,0.0
1893-03-15,,,198.0,,0.0
1893-03-16,,,0.0,,0.0
1893-03-17,,,0.0,,0.0
1893-03-18,,,0.0,,0.0
1893-03-19,,,0.0,,0.0
1893-03-20,,,0.0,,0.0
1893-03-21,,,5.0,,0.0
1893-03-22,,,0.0,,0.0
1893-03-23,,,10.0,,13.0
1893-03-24,,,18.0,,0.0
1893-03-25,,,0.0,,0.0
1893-03-26,,,,,0.0
1893-03-27,,,0.0,,0.0
1893-03-28,,,0.0,,0.0
1893-03-29,,,0.0,,0.0
1893-03-30,,,0.0,,0.0
1893-03-31,,,0.0,,0.0
1893-04-01,,,0.0,,0.0
1893-04-02,,,0.0,,0.0
1893-04-03,,,0.0,,0.0
1893-04-04,,,0.0,,0.0
1893-04-05,,,0.0,,0.0
1893-04-06,,,84.0,,89.0
1893-04-07,,,74.0,,76.0
1893-04-08,,,46.0,,0.0
1893-04-09,,,38.0,,0.0
1893-04-10,,,0.0,,0.0
1893-04-11,,,0.0,,0.0
1893-04-12,,,0.0,,0.0
1893-04-13,,,0.0,,0.0
1893-04-14,,,107.0,,0.0
1893-04-15,,,107.0,,0.0
1893-04-16,,,0.0,,0.0
1893-04-17,,,0.0,,0.0
1893-04-18,,,0.0,,0.0
1893-04-19,,,0.0,,0.0
1893-04-20,,,0.0,,0.0
1893-04-21,,,328.0,,0.0
1893-04-22,,,0.0,,0.0
1893-04-23,,,0.0,,0.0
1893-04-24,,,0.0,,0.0
1893-04-25,,,20.0,,0.0
1893-04-26,,,0.0,,0.0
1893-04-27,,,0.0,,0.0
1893-04-28,,,46.0,,0.0
1893-04-29,,,0.0,,0.0
1893-04-30,,,0.0,,0.0
1893-05-01,,,20.0,,
1893-05-02,,,53.0,,
1893-05-03,,,0.0,,
1893-05-04,,,627.0,,
1893-05-05,,,3.0,,
1893-05-06,,,18.0,,
1893-05-07,,,0.0,,
1893-05-08,,,0.0,,
1893-05-09,,,0.0,,
1893-05-10,,,0.0,,
1893-05-11,,,0.0,,
1893-05-12,,,0.0,,
1893-05-13,,,0.0,,
1893-05-14,,,185.0,,
1893-05-15,,,0.0,,
1893-05-16,,,0.0,,
1893-05-17,,,409.0,,
1893-05-18,,,13.0,,
1893-05-19,,,0.0,,
1893-05-20,,,0.0,,
1893-05-21,,,0.0,,
1893-05-22,,,0.0,,
1893-05-23,,,0.0,,
1893-05-24,,,0.0,,
1893-05-25,,,0.0,,
1893-05-26,,,0.0,,
1893-05-27,,,0.0,,
1893-05-28,,,135.0,,
1893-05-29,,,0.0,,
1893-05-30,,,0.0,,
1893-05-31,,,0.0,,
1893-06-01,,,0.0,,
1893-06-02,,,0.0,,
1893-06-03,,,5.0,,
1893-06-04,,,0.0,,
1893-06-05,,,0.0,,
1893-06-06,,,25.0,,
1893-06-07,,,0.0,,
1893-06-08,,,0.0,,
1893-06-09,,,0.0,,
1893-06-10,,,0.0,,
1893-06-11,,,0.0,,
1893-06-12,,,10.0,,
1893-06-13,,,15.0,,
1893-06-14,,,23.0,,
1893-06-15,,,0.0,,
1893-06-16,,,0.0,,
1893-06-17,,,0.0,,
1893-06-18,,,86.0,,
1893-06-19,,,0.0,,
1893-06-20,,,0.0,,
1893-06-21,,,0.0,,
1893-06-22,,,84.0,,
1893-06-23,,,538.0,,
1893-06-24,,,53.0,,
1893-06-25,,,0.0,,
1893-06-26,,,0.0,,
1893-06-27,,,0.0,,
1893-06-28,,,0.0,,
1893-06-29,,,0.0,,
1893-06-30,,,0.0,,
1893-07-01,,,0.0,,
1893-07-02,,,0.0,,
1893-07-03,,,0.0,,
1893-07-04,,,0.0,,
1893-07-05,,,0.0,,
1893-07-06,,,61.0,,
1893-07-07,,,0.0,,
1893-07-08,,,0.0,,
1893-07-09,,,0.0,,
1893-07-10,,,0.0,,
1893-07-11,,,0.0,,
1893-07-12,,,0.0,,
1893-07-13,,,5.0,,
1893-07-14,,,0.0,,
1893-07-15,,,0.0,,
1893-07-16,,,0.0,,
1893-07-17,,,0.0,,
1893-07-18,,,8.0,,
1893-07-19,,,0.0,,
1893-07-20,,,0.0,,
1893-07-21,,,0.0,,
1893-07-22,,,251.0,,
1893-07-23,,,3.0,,
1893-07-24,,,0.0,,
1893-07-25,,,0.0,,
1893-07-26,,,94.0,,
1893-07-27,,,74.0,,
1893-07-28,,,0.0,,
1893-07-29,,,0.0,,
1893-07-30,,,0.0,,
1893-07-31,,,0.0,,
1893-08-05,,,617.0,,
1893-08-07,,,729.0,,
1893-08-08,,,91.0,,
1893-08-13,,,43.0,,
1893-08-18,,,46.0,,
1893-08-19,,,5.0,,
1893-08-20,,,5.0,,
1893-08-21,,,376.0,,
1893-08-24,,,61.0,,
1893-08-29,,,46.0,,
1893-09-01,,,0.0,,
1893-09-02,,,79.0,,
1893-09-03,,,0.0,,
1893-09-04,,,0.0,,
1893-09-05,,,0.0,,
1893-09-06,,,0.0,,
1893-09-07,,,0.0,,
1893-09-08,,,119.0,,
1893-09-09,,,0.0,,
1893-09-10,,,0.0,,
1893-09-11,,,0.0,,
1893-09-12,,,0.0,,
1893-09-13,,,0.0,,
1893-09-14,,,0.0,,
1893-09-15,,,0.0,,
1893-09-16,,,135.0,,
1893-09-17,,,0.0,,
1893-09-18,,,0.0,,
1893-09-19,,,18.0,,
1893-09-20,,,0.0,,
1893-09-21,,,0.0,,
1893-09-22,,,0.0,,
1893-09-23,,,0.0,,
1893-09-24,,,0.0,,
1893-09-25,,,0.0,,
1893-09-26,,,15.0,,
1893-09-27,,,0.0,,
1893-09-28,,,0.0,,
1893-09-29,,,0.0,,
1893-09-30,,,0.0,,
1893-10-01,,,0.0,,
1893-10-02,,,0.0,,
1893-10-03,,,13.0,,
1893-10-04,,,0.0,,
1893-10-05,,,0.0,,
1893-10-06,,,0.0,,
1893-10-07,,,0.0,,
1893-10-08,,,0.0,,
1893-10-09,,,0.0,,
1893-10-10,,,0.0,,
1893-10-11,,,0.0,,
1893-10-12,,,0.0,,
1893-10-13,,,0.0,,
1893-10-14,,,173.0,,
1893-10-15,,,0.0,,
1893-10-16,,,0.0,,
1893-10-17,,,0.0,,
1893-10-18,,,0.0,,
1893-10-19,,,0.0,,
1893-10-20,,,0.0,,
1893-10-21,,,0.0,,
1893-10-22,,,0.0,,
1893-10-23,,,0.0,,
1893-10-24,,,645.0,,
1893-10-25,,,0.0,,
1893-10-26,,,0.0,,
1893-10-27,,,0.0,,
1893-10-28,,,0.0,,
1893-10-29,,,0.0,,
1893-10-30,,,0.0,,
1893-10-31,,,0.0,,
1893-11-01,,,0.0,,
1893-11-02,,,0.0,,
1893-11-03,,,0.0,,
1893-11-04,,,0.0,,
1893-11-05,,,152.0,,
1893-11-06,,,0.0,,
1893-11-07,,,0.0,,
1893-11-08,,,0.0,,
1893-11-09,,,0.0,,
1893-11-10,,,0.0,,
1893-11-11,,,0.0,,
1893-11-12,,,0.0,,
1893-11-13,,,0.0,,
1893-11-14,,,0.0,,
1893-11-15,,,46.0,,
1893-11-16,,,0.0,,
1893-11-17,,,0.0,,
1893-11-18,,,0.0,,
1893-11-19,,,0.0,,
1893-11-20,,,0.0,,
1893-11-21,,,0.0,,
1893-11-22,,,165.0,,
1893-11-23,,,0.0,,
1893-11-24,,,0.0,,
1893-11-25,,,0.0,,
1893-11-26,,,0.0,,
1893-11-27,,,0.0,,
1893-11-28,,,86.0,,
1893-11-29,,,0.0,,
1893-11-30,,,0.0,,
1893-12-01,,,104.0,,0.0
1893-12-02,,,0.0,,0.0
1893-12-03,,,305.0,,76.0
1893-12-04,,,99.0,,0.0
1893-12-05,,,0.0,,0.0
1893-12-06,,,267.0,,203.0
1893-12-07,,,0.0,,0.0
1893-12-08,,,0.0,,0.0
1893-12-09,,,0.0,,0.0
1893-12-10,,,86.0,,0.0
1893-12-11,,,0.0,,0.0
1893-12-12,,,20.0,,33.0
1893-12-13,,,0.0,,0.0
1893-12-14,,,0.0,,0.0
1893-12-15,,,107.0,,114.0
1893-12-16,,,53.0,,13.0
1893-12-17,,,185.0,,0.0
1893-12-18,,,0.0,,0.0
1893-12-19,,,20.0,,25.0
1893-12-20,,,0.0,,0.0
1893-12-21,,,0.0,,0.0
1893-12-22,,,0.0,,0.0
1893-12-23,,,5.0,,0.0
1893-12-24,,,0.0,,0.0
1893-12-25,,,0.0,,0.0
1893-12-26,,,0.0,,0.0
1893-12-27,,,0.0,,0.0
1893-12-28,,,0.0,,0.0
1893-12-29,,,23.0,,0.0
1893-12-30,,,,,102.0
1893-12-31,,,51.0,,0.0
1894-01-01,,,0.0,,0.0
1894-01-02,,,0.0,,0.0
1894-01-03,,,0.0,,0.0
1894-01-04,,,0.0,,0.0
1894-01-05,,,0.0,,0.0
1894-01-06,,,20.0,,0.0
1894-01-07,,,10.0,,13.0
1894-01-08,,,0.0,,0.0
1894-01-09,,,0.0,,0.0
1894-01-10,,,0.0,,0.0
1894-01-11,,,58.0,,140.0
1894-01-12,,,20.0,,13.0
1894-01-13,,,0.0,,0.0
1894-01-14,,,0.0,,0.0
1894-01-15,,,0.0,,0.0
1894-01-16,,,74.0,,0.0
1894-01-17,,,0.0,,0.0
1894-01-18,,,0.0,,0.0
1894-01-19,,,30.0,,0.0
1894-01-20,,,0.0,,0.0
1894-01-21,,,0.0,,0.0
1894-01-22,,,0.0,,0.0
1894-01-23,,,0.0,,0.0
1894-01-24,,,0.0,,0.0
1894-01-25,,,89.0,,0.0
1894-01-26,,,,,0.0
1894-01-27,,,198.0,,191.0
1894-01-28,,,0.0,,0.0
1894-01-29,,,251.0,,0.0
1894-01-30,,,119.0,,140.0
1894-01-31,,,0.0,,0.0
1894-02-01,,,0.0,,0.0
1894-02-02,,,0.0,,0.0
1894-02-03,,,0.0,,0.0
1894-02-04,,,0.0,,0.0
1894-02-05,,,46.0,,102.0
1894-02-06,,,0.0,,0.0
1894-02-07,,,0.0,,0.0
1894-02-08,,,0.0,,0.0
1894-02-09,,,0.0,,0.0
1894-02-10,,,226.0,,0.0
1894-02-11,,,0.0,,0.0
1894-02-12,,,0.0,,0.0
1894-02-13,,,147.0,,279.0
1894-02-14,,,0.0,,0.0
1894-02-15,,,251.0,,127.0
1894-02-16,,,0.0,,0.0
1894-02-17,,,0.0,,0.0
1894-02-18,,,36.0,,0.0
1894-02-19,,,0.0,,0.0
1894-02-20,,,41.0,,0.0
1894-02-21,,,,,0.0
1894-02-22,,,0.0,,0.0
1894-02-23,,,0.0,,0.0
1894-02-24,,,0.0,,0.0
1894-02-25,,,0.0,,0.0
1894-02-26,,,,,0.0
1894-02-27,,,0.0,,0.0
1894-02-28,,,0.0,,0.0
1894-03-01,,,0.0,,
1894-03-02,,,0.0,,
1894-03-03,,,0.0,,
1894-03-04,,,0.0,,
1894-03-05,,,0.0,,
1894-03-06,,,0.0,,
1894-03-07,,,0.0,,
1894-03-08,,,0.0,,
1894-03-09,,,0.0,,
1894-03-10,,,3.0,,
1894-03-11,,,0.0,,
1894-03-12,,,3.0,,
1894-03-13,,,0.0,,
1894-03-14,,,41.0,,
1894-03-15,,,0.0,,
1894-03-16,,,8.0,,
1894-03-17,,,0.0,,
1894-03-18,,,0.0,,
1894-03-19,,,0.0,,
1894-03-20,,,0.0,,
1894-03-21,,,13.0,,
1894-03-22,,,0.0,,
1894-03-23,,,152.0,,
1894-03-24,,,0.0,,
1894-03-25,,,0.0,,
1894-03-26,,,13.0,,
1894-03-27,,,0.0,,
1894-03-28,,,0.0,,
1894-03-29,,,0.0,,
1894-03-30,,,41.0,,
1894-03-31,,,0.0,,
1894-04-01,,,0.0,,0.0
1894-04-02,,,0.0,,0.0
1894-04-03,,,0.0,,0.0
1894-04-04,,,0.0,,0.0
1894-04-05,,,97.0,,0.0
1894-04-06,,,5.0,,0.0
1894-04-07,,,0.0,,0.0
1894-04-08,,,0.0,,0.0
1894-04-09,,,246.0,,203.0
1894-04-10,,,0.0,,0.0
1894-04-11,,,0.0,,0.0
1894-04-12,,,0.0,,0.0
1894-04-13,,,0.0,,0.0
1894-04-14,,,269.0,,0.0
1894-04-15,,,0.0,,0.0
1894-04-16,,,0.0,,0.0
1894-04-17,,,0.0,,0.0
1894-04-18,,,0.0,,0.0
1894-04-19,,,0.0,,0.0
1894-04-20,,,0.0,,0.0
1894-04-21,,,5.0,,0.0
1894-04-22,,,8.0,,0.0
1894-04-23,,,0.0,,0.0
1894-04-24,,,0.0,,0.0
1894-04-25,,,53.0,,0.0
1894-04-26,,,0.0,,0.0
1894-04-27,,,0.0,,0.0
1894-04-28,,,0.0,,0.0
1894-04-29,,,0.0,,0.0
1894-04-30,,,0.0,,0.0
1894-05-01,,,0.0,,
1894-05-02,,,0.0,,
1894-05-03,,,0.0,,
1894-05-04,,,0.0,,
1894-05-05,,,61.0,,
1894-05-06,,,127.0,,
1894-05-07,,,0.0,,
1894-05-08,,,0.0,,
1894-05-09,,,0.0,,
1894-05-10,,,0.0,,
1894-05-11,,,0.0,,
1894-05-12,,,0.0,,
1894-05-13,,,0.0,,
1894-05-14,,,0.0,,
1894-05-15,,,0.0,,
1894-05-16,,,0.0,,
1894-05-17,,,0.0,,
1894-05-18,,,3.0,,
1894-05-19,,,224.0,,
1894-05-20,,,0.0,,
1894-05-21,,,58.0,,
1894-05-22,,,0.0,,
1894-05-23,,,8.0,,
1894-05-24,,,0.0,,
1894-05-25,,,434.0,,
1894-05-26,,,0.0,,
1894-05-27,,,0.0,,
1894-05-28,,,0.0,,
1894-05-29,,,102.0,,
1894-05-30,,,0.0,,
1894-05-31,,,198.0,,
1894-06-01,,,0.0,,
1894-06-02,,,0.0,,
1894-06-03,,,46.0,,
1894-06-04,,,0.0,,
1894-06-05,,,0.0,,
1894-06-06,,,0.0,,
1894-06-07,,,0.0,,
1894-06-08,,,0.0,,
1894-06-09,,,0.0,,
1894-06-10,,,0.0,,
1894-06-11,,,0.0,,
1894-06-12,,,0.0,,
1894-06-13,,,0.0,,
1894-06-14,,,0.0,,
1894-06-15,,,0.0,,
1894-06-16,,,0.0,,
1894-06-17,,,0.0,,
1894-06-18,,,0.0,,
1894-06-19,,,0.0,,
1894-06-20,,,5.0,,
1894-06-21,,,66.0,,
1894-06-22,,,0.0,,
1894-06-23,,,0.0,,
1894-06-24,,,0.0,,
1894-06-25,,,0.0,,
1894-06-26,,,0.0,,
1894-06-27,,,0.0,,
1894-06-28,,,41.0,,
1894-06-29,,,0.0,,
1894-06-30,,,0.0,,
1894-07-01,,,0.0,,
1894-07-02,,,0.0,,
1894-07-03,,,86.0,,
1894-07-04,,,0.0,,
1894-07-05,,,0.0,,
1894-07-06,,,0.0,,
1894-07-07,,,0.0,,
1894-07-08,,,0.0,,
1894-07-09,,,0.0,,
1894-07-10,,,0.0,,
1894-07-11,,,0.0,,
1894-07-12,,,0.0,,
1894-07-13,,,0.0,,
1894-07-14,,,0.0,,
1894-07-15,,,13.0,,
1894-07-16,,,0.0,,
1894-07-17,,,0.0,,
1894-07-18,,,0.0,,
1894-07-19,,,0.0,,
1894-07-20,,,0.0,,
1894-07-21,,,30.0,,
1894-07-22,,,173.0,,
1894-07-23,,,0.0,,
1894-07-24,,,363.0,,
1894-07-25,,,99.0,,
1894-07-26,,,0.0,,
1894-07-27,,,0.0,,
1894-07-28,,,0.0,,
1894-07-29,,,0.0,,
1894-07-30,,,13.0,,
1894-07-31,,,0.0,,
1894-08-01,,,0.0,,
1894-08-02,,,0.0,,
1894-08-03,,,66.0,,
1894-08-04,,,8.0,,
1894-08-05,,,0.0,,
1894-08-06,,,0.0,,
1894-08-07,,,0.0,,
1894-08-08,,,0.0,,
1894-08-09,,,43.0,,
1894-08-10,,,20.0,,
1894-08-11,,,0.0,,
1894-08-12,,,0.0,,
1894-08-13,,,43.0,,
1894-08-14,,,0.0,,
1894-08-15,,,8.0,,
1894-08-16,,,0.0,,
1894-08-17,,,0.0,,
1894-08-18,,,0.0,,
1894-08-19,,,0.0,,
1894-08-20,,,132.0,,
1894-08-21,,,0.0,,
1894-08-22,,,0.0,,
1894-08-23,,,0.0,,
1894-08-24,,,0.0,,
1894-08-25,,,0.0,,
1894-08-26,,,0.0,,
1894-08-27,,,0.0,,
1894-08-28,,,0.0,,
1894-08-29,,,0.0,,
1894-08-30,,,0.0,,
1894-08-31,,,0.0,,
1894-09-01,,,0.0,,
1894-09-02,,,0.0,,
1894-09-03,,,0.0,,
1894-09-04,,,0.0,,
1894-09-05,,,0.0,,
1894-09-06,,,13.0,,
1894-09-07,,,0.0,,
1894-09-08,,,0.0,,
1894-09-09,,,122.0,,
1894-09-10,,,0.0,,
1894-09-11,,,0.0,,
1894-09-12,,,0.0,,
1894-09-13,,,0.0,,
1894-09-14,,,0.0,,
1894-09-15,,,0.0,,
1894-09-16,,,0.0,,
1894-09-17,,,89.0,,
1894-09-18,,,0.0,,
1894-09-19,,,0.0,,
1894-09-20,,,356.0,,
1894-09-21,,,0.0,,
1894-09-22,,,0.0,,
1894-09-23,,,0.0,,
1894-09-24,,,0.0,,
1894-09-25,,,0.0,,
1894-09-26,,,0.0,,
1894-09-27,,,0.0,,
1894-09-28,,,0.0,,
1894-09-29,,,0.0,,
1894-09-30,,,0.0,,
1894-10-01,,,0.0,,
1894-10-02,,,0.0,,
1894-10-03,,,0.0,,
1894-10-04,,,41.0,,
1894-10-05,,,53.0,,
1894-10-06,,,0.0,,
1894-10-07,,,0.0,,
1894-10-08,,,0.0,,
1894-10-09,,,76.0,,
1894-10-10,,,442.0,,
1894-10-11,,,0.0,,
1894-10-12,,,0.0,,
1894-10-13,,,0.0,,
1894-10-14,,,244.0,,
1894-10-15,,,0.0,,
1894-10-16,,,0.0,,
1894-10-17,,,0.0,,
1894-10-18,,,0.0,,
1894-10-19,,,0.0,,
1894-10-20,,,0.0,,
1894-10-21,,,0.0,,
1894-10-22,,,0.0,,
1894-10-23,,,0.0,,
1894-10-24,,,0.0,,
1894-10-25,,,0.0,,
1894-10-26,,,338.0,,
1894-10-27,,,0.0,,
1894-10-28,,,0.0,,
1894-10-29,,,0.0,,
1894-10-30,,,0.0,,
1894-10-31,,,191.0,,
1894-11-01,,,0.0,,0.0
1894-11-02,,,0.0,,0.0
1894-11-03,,,81.0,,0.0
1894-11-04,,,0.0,,0.0
1894-11-05,,,0.0,,0.0
1894-11-06,,,503.0,,152.0
1894-11-07,,,0.0,,0.0
1894-11-08,,,0.0,,0.0
1894-11-09,,,79.0,,76.0
1894-11-10,,,15.0,,0.0
1894-11-11,,,119.0,,0.0
1894-11-12,,,0.0,,0.0
1894-11-13,,,0.0,,0.0
1894-11-14,,,5.0,,0.0
1894-11-15,,,20.0,,0.0
1894-11-16,,,0.0,,0.0
1894-11-17,,,28.0,,0.0
1894-11-18,,,0.0,,0.0
1894-11-19,,,0.0,,0.0
1894-11-20,,,0.0,,0.0
1894-11-21,,,0.0,,0.0
1894-11-22,,,28.0,,0.0
1894-11-23,,,0.0,,0.0
1894-11-24,,,0.0,,0.0
1894-11-25,,,36.0,,38.0
1894-11-26,,,0.0,,0.0
1894-11-27,,,0.0,,0.0
1894-11-28,,,0.0,,0.0
1894-11-29,,,0.0,,0.0
1894-11-30,,,20.0,,23.0
1894-12-01,,,0.0,,0.0
1894-12-02,,,0.0,,0.0
1894-12-03,,,114.0,,51.0
1894-12-04,,,0.0,,0.0
1894-12-05,,,0.0,,0.0
1894-12-06,,,0.0,,0.0
1894-12-07,,,0.0,,0.0
1894-12-08,,,0.0,,0.0
1894-12-09,,,157.0,,127.0
1894-12-10,,,0.0,,0.0
1894-12-11,,,0.0,,0.0
1894-12-12,,,0.0,,0.0
1894-12-13,,,185.0,,0.0
1894-12-14,,,0.0,,0.0
1894-12-15,,,0.0,,0.0
1894-12-16,,,0.0,,0.0
1894-12-17,,,0.0,,0.0
1894-12-18,,,0.0,,0.0
1894-12-19,,,0.0,,0.0
1894-12-20,,,0.0,,0.0
1894-12-21,,,0.0,,0.0
1894-12-22,,,0.0,,0.0
1894-12-23,,,0.0,,0.0
1894-12-24,,,0.0,,0.0
1894-12-25,,,38.0,,0.0
1894-12-26,,,0.0,,0.0
1894-12-27,,,599.0,,203.0
1894-12-28,,,0.0,,0.0
1894-12-29,,,0.0,,0.0
1894-12-30,,,0.0,,0.0
1894-12-31,,,0.0,,0.0
1895-01-01,,,0.0,,0.0
1895-01-02,,,0.0,,0.0
1895-01-03,,,0.0,,0.0
1895-01-04,,,0.0,,0.0
1895-01-05,,,0.0,,0.0
1895-01-06,,,,,51.0
1895-01-07,,,86.0,,0.0
1895-01-08,,,3.0,,0.0
1895-01-09,,,61.0,,76.0
1895-01-10,,,0.0,,0.0
1895-01-11,,,193.0,,0.0
1895-01-12,,,0.0,,0.0
1895-01-13,,,13.0,,0.0
1895-01-14,,,0.0,,0.0
1895-01-15,,,0.0,,0.0
1895-01-16,,,109.0,,102.0
1895-01-17,,,0.0,,0.0
1895-01-18,,,20.0,,33.0
1895-01-19,,,0.0,,0.0
1895-01-20,,,0.0,,0.0
1895-01-21,,,0.0,,0.0
1895-01-22,,,81.0,,0.0
1895-01-23,,,0.0,,0.0
1895-01-24,,,0.0,,0.0
1895-01-25,,,0.0,,0.0
1895-01-26,,,378.0,,102.0
1895-01-27,,,0.0,,0.0
1895-01-28,,,0.0,,0.0
1895-01-29,,,30.0,,89.0
1895-01-30,,,0.0,,0.0
1895-01-31,,,0.0,,0.0
1895-02-01,,,0.0,,0.0
1895-02-02,,,46.0,,64.0
1895-02-03,,,0.0,,0.0
1895-02-04,,,0.0,,0.0
1895-02-05,,,38.0,,64.0
1895-02-06,,,0.0,,0.0
1895-02-07,,,0.0,,0.0
1895-02-08,,,229.0,,102.0
1895-02-09,,,0.0,,0.0
1895-02-10,,,0.0,,0.0
1895-02-11,,,0.0,,0.0
1895-02-12,,,0.0,,0.0
1895-02-13,,,0.0,,0.0
1895-02-14,,,0.0,,0.0
1895-02-15,,,0.0,,0.0
1895-02-16,,,0.0,,0.0
1895-02-17,,,0.0,,0.0
1895-02-18,,,0.0,,0.0
1895-02-19,,,0.0,,0.0
1895-02-20,,,0.0,,0.0
1895-02-21,,,0.0,,0.0
1895-02-22,,,,,0.0
1895-02-23,,,0.0,,0.0
1895-02-24,,,0.0,,0.0
1895-02-25,,,0.0,,0.0
1895-02-26,,,0.0,,0.0
1895-02-27,,,0.0,,0.0
1895-02-28,,,0.0,,0.0
1895-03-01,,,0.0,,0.0
1895-03-02,,,132.0,,51.0
1895-03-03,,,0.0,,0.0
1895-03-04,,,0.0,,0.0
1895-03-05,,,20.0,,0.0
1895-03-06,,,23.0,,38.0
1895-03-07,,,0.0,,0.0
1895-03-08,,,188.0,,0.0
1895-03-09,,,8.0,,0.0
1895-03-10,,,0.0,,0.0
1895-03-11,,,0.0,,0.0
1895-03-12,,,,,0.0
1895-03-13,,,0.0,,0.0
1895-03-14,,,279.0,,0.0
1895-03-15,,,25.0,,0.0
1895-03-16,,,0.0,,0.0
1895-03-17,,,0.0,,0.0
1895-03-18,,,,,0.0
1895-03-19,,,0.0,,0.0
1895-03-20,,,0.0,,0.0
1895-03-21,,,0.0,,0.0
1895-03-22,,,0.0,,0.0
1895-03-23,,,0.0,,0.0
1895-03-24,,,0.0,,0.0
1895-03-25,,,25.0,,0.0
1895-03-26,,,0.0,,0.0
1895-03-27,,,0.0,,0.0
1895-03-28,,,79.0,,51.0
1895-03-29,,,13.0,,0.0
1895-03-30,,,0.0,,0.0
1895-03-31,,,0.0,,0.0
1895-04-01,,,0.0,,0.0
1895-04-02,,,0.0,,0.0
1895-04-03,,,109.0,,51.0
1895-04-04,,,0.0,,0.0
1895-04-05,,,0.0,,0.0
1895-04-06,,,0.0,,0.0
1895-04-07,,,0.0,,0.0
1895-04-08,,,0.0,,0.0
1895-04-09,,,241.0,,0.0
1895-04-10,,,0.0,,0.0
1895-04-11,,,0.0,,0.0
1895-04-12,,,0.0,,0.0
1895-04-13,,,345.0,,0.0
1895-04-14,,,23.0,,0.0
1895-04-15,,,20.0,,0.0
1895-04-16,,,0.0,,0.0
1895-04-17,,,0.0,,0.0
1895-04-18,,,0.0,,0.0
1895-04-19,,,0.0,,0.0
1895-04-20,,,0.0,,0.0
1895-04-21,,,0.0,,0.0
1895-04-22,,,0.0,,0.0
1895-04-23,,,53.0,,0.0
1895-04-24,,,0.0,,0.0
1895-04-25,,,0.0,,0.0
1895-04-26,,,0.0,,0.0
1895-04-27,,,25.0,,0.0
1895-04-28,,,0.0,,0.0
1895-04-29,,,0.0,,0.0
1895-04-30,,,36.0,,0.0
1895-05-01,,,0.0,,
1895-05-02,,,0.0,,
1895-05-03,,,0.0,,
1895-05-04,,,0.0,,
1895-05-05,,,71.0,,
1895-05-06,,,0.0,,
1895-05-07,,,0.0,,
1895-05-08,,,0.0,,
1895-05-09,,,0.0,,
1895-05-10,,,0.0,,
1895-05-11,,,0.0,,
1895-05-12,,,0.0,,
1895-05-13,,,305.0,,
1895-05-14,,,0.0,,
1895-05-15,,,160.0,,
1895-05-16,,,0.0,,
1895-05-17,,,0.0,,
1895-05-18,,,53.0,,
1895-05-19,,,0.0,,
1895-05-20,,,0.0,,
1895-05-21,,,8.0,,
1895-05-22,,,0.0,,
1895-05-23,,,0.0,,
1895-05-24,,,0.0,,
1895-05-25,,,0.0,,
1895-05-26,,,33.0,,
1895-05-27,,,0.0,,
1895-05-28,,,0.0,,
1895-05-29,,,53.0,,
1895-05-30,,,0.0,,
1895-05-31,,,28.0,,
1895-06-01,,,0.0,,
1895-06-02,,,0.0,,
1895-06-03,,,25.0,,
1895-06-04,,,0.0,,
1895-06-05,,,0.0,,
1895-06-06,,,30.0,,
1895-06-07,,,0.0,,
1895-06-08,,,0.0,,
1895-06-09,,,0.0,,
1895-06-10,,,0.0,,
1895-06-11,,,0.0,,
1895-06-12,,,0.0,,
1895-06-13,,,0.0,,
1895-06-14,,,0.0,,
1895-06-15,,,0.0,,
1895-06-16,,,0.0,,
1895-06-17,,,0.0,,
1895-06-18,,,0.0,,
1895-06-19,,,0.0,,
1895-06-20,,,0.0,,
1895-06-21,,,0.0,,
1895-06-22,,,0.0,,
1895-06-23,,,0.0,,
1895-06-24,,,0.0,,
1895-06-25,,,69.0,,
1895-06-26,,,0.0,,
1895-06-27,,,0.0,,
1895-06-28,,,584.0,,
1895-06-29,,,0.0,,
1895-06-30,,,48.0,,
1895-07-01,,,13.0,,
1895-07-02,,,0.0,,
1895-07-03,,,0.0,,
1895-07-04,,,0.0,,
1895-07-05,,,41.0,,
1895-07-06,,,20.0,,
1895-07-07,,,0.0,,
1895-07-08,,,0.0,,
1895-07-09,,,343.0,,
1895-07-10,,,0.0,,
1895-07-11,,,0.0,,
1895-07-12,,,0.0,,
1895-07-13,,,0.0,,
1895-07-14,,,130.0,,
1895-07-15,,,18.0,,
1895-07-16,,,0.0,,
1895-07-17,,,18.0,,
1895-07-18,,,0.0,,
1895-07-19,,,0.0,,
1895-07-20,,,0.0,,
1895-07-21,,,0.0,,
1895-07-22,,,5.0,,
1895-07-23,,,0.0,,
1895-07-24,,,0.0,,
1895-07-25,,,0.0,,
1895-07-26,,,0.0,,
1895-07-27,,,0.0,,
1895-07-28,,,23.0,,
1895-07-29,,,0.0,,
1895-07-30,,,345.0,,
1895-07-31,,,0.0,,
1895-08-01,,,0.0,,
1895-08-02,,,51.0,,
1895-08-03,,,0.0,,
1895-08-04,,,0.0,,
1895-08-05,,,0.0,,
1895-08-06,,,0.0,,
1895-08-07,,,589.0,,
1895-08-08,,,0.0,,
1895-08-09,,,0.0,,
1895-08-10,,,0.0,,
1895-08-11,,,0.0,,
1895-08-12,,,46.0,,
1895-08-13,,,0.0,,
1895-08-14,,,0.0,,
1895-08-15,,,0.0,,
1895-08-16,,,0.0,,
1895-08-17,,,0.0,,
1895-08-18,,,424.0,,
1895-08-19,,,0.0,,
1895-08-20,,,0.0,,
1895-08-21,,,0.0,,
1895-08-22,,,0.0,,
1895-08-23,,,0.0,,
1895-08-24,,,0.0,,
1895-08-25,,,0.0,,
1895-08-26,,,0.0,,
1895-08-27,,,0.0,,
1895-08-28,,,0.0,,
1895-08-29,,,0.0,,
1895-08-30,,,0.0,,
1895-08-31,,,150.0,,
1895-09-01,,,0.0,,
1895-09-02,,,0.0,,
1895-09-03,,,0.0,,
1895-09-04,,,0.0,,
1895-09-05,,,0.0,,
1895-09-06,,,0.0,,
1895-09-07,,,0.0,,
1895-09-08,,,0.0,,
1895-09-09,,,0.0,,
1895-09-10,,,69.0,,
1895-09-11,,,99.0,,
1895-09-12,,,99.0,,
1895-09-13,,,0.0,,
1895-09-14,,,0.0,,
1895-09-15,,,0.0,,
1895-09-16,,,0.0,,
1895-09-17,,,0.0,,
1895-09-18,,,0.0,,
1895-09-19,,,23.0,,
1895-09-20,,,0.0,,
1895-09-21,,,0.0,,
1895-09-22,,,0.0,,
1895-09-23,,,0.0,,
1895-09-24,,,0.0,,
1895-09-25,,,0.0,,
1895-09-26,,,20.0,,
1895-09-27,,,33.0,,
1895-09-28,,,0.0,,
1895-09-29,,,0.0,,
1895-09-30,,,15.0,,
1895-10-01,,,0.0,,0.0
1895-10-02,,,0.0,,0.0
1895-10-03,,,0.0,,0.0
1895-10-04,,,0.0,,0.0
1895-10-05,,,0.0,,0.0
1895-10-06,,,0.0,,0.0
1895-10-07,,,0.0,,0.0
1895-10-08,,,46.0,,0.0
1895-10-09,,,0.0,,0.0
1895-10-10,,,0.0,,0.0
1895-10-11,,,0.0,,0.0
1895-10-12,,,0.0,,0.0
1895-10-13,,,0.0,,0.0
1895-10-14,,,1339.0,,0.0
1895-10-15,,,20.0,,0.0
1895-10-16,,,0.0,,0.0
1895-10-17,,,0.0,,0.0
1895-10-18,,,0.0,,0.0
1895-10-19,,,0.0,,0.0
1895-10-20,,,0.0,,0.0
1895-10-21,,,0.0,,0.0
1895-10-22,,,0.0,,0.0
1895-10-23,,,0.0,,0.0
1895-10-24,,,0.0,,0.0
1895-10-25,,,0.0,,0.0
1895-10-26,,,0.0,,0.0
1895-10-27,,,0.0,,0.0
1895-10-28,,,8.0,,0.0
1895-10-29,,,0.0,,0.0
1895-10-30,,,0.0,,0.0
1895-10-31,,,899.0,,0.0
1895-11-01,,,0.0,,0.0
1895-11-02,,,0.0,,0.0
1895-11-03,,,147.0,,0.0
1895-11-04,,,0.0,,0.0
1895-11-05,,,0.0,,0.0
1895-11-06,,,0.0,,0.0
1895-11-07,,,0.0,,0.0
1895-11-08,,,0.0,,0.0
1895-11-09,,,0.0,,0.0
1895-11-10,,,41.0,,0.0
1895-11-11,,,0.0,,0.0
1895-11-12,,,0.0,,0.0
1895-11-13,,,0.0,,0.0
1895-11-14,,,0.0,,0.0
1895-11-15,,,726.0,,0.0
1895-11-16,,,0.0,,0.0
1895-11-17,,,0.0,,0.0
1895-11-18,,,185.0,,0.0
1895-11-19,,,0.0,,0.0
1895-11-20,,,178.0,,0.0
1895-11-21,,,86.0,,13.0
1895-11-22,,,0.0,,0.0
1895-11-23,,,3.0,,0.0
1895-11-24,,,41.0,,0.0
1895-11-25,,,0.0,,0.0
1895-11-26,,,287.0,,0.0
1895-11-27,,,0.0,,0.0
1895-11-28,,,0.0,,0.0
1895-11-29,,,0.0,,0.0
1895-11-30,,,0.0,,0.0
1895-12-01,,,0.0,,0.0
1895-12-02,,,0.0,,0.0
1895-12-03,,,18.0,,0.0
1895-12-04,,,0.0,,0.0
1895-12-05,,,0.0,,0.0
1895-12-06,,,185.0,,216.0
1895-12-07,,,0.0,,0.0
1895-12-08,,,0.0,,0.0
1895-12-09,,,0.0,,0.0
1895-12-10,,,0.0,,0.0
1895-12-11,,,0.0,,0.0
1895-12-12,,,0.0,,0.0
1895-12-13,,,23.0,,0.0
1895-12-14,,,0.0,,0.0
1895-12-15,,,0.0,,0.0
1895-12-16,,,0.0,,0.0
1895-12-17,,,0.0,,0.0
1895-12-18,,,0.0,,0.0
1895-12-19,,,0.0,,0.0
1895-12-20,,,0.0,,0.0
1895-12-21,,,0.0,,0.0
1895-12-22,,,185.0,,0.0
1895-12-23,,,0.0,,0.0
1895-12-24,,,5.0,,0.0
1895-12-25,,,0.0,,0.0
1895-12-26,,,0.0,,0.0
1895-12-27,,,79.0,,0.0
1895-12-28,,,0.0,,0.0
1895-12-29,,,0.0,,0.0
1895-12-30,,,0.0,,0.0
1895-12-31,,,178.0,,0.0
1896-01-01,,,0.0,,0.0
1896-01-02,,,0.0,,0.0
1896-01-03,,,0.0,,0.0
1896-01-04,,,0.0,,0.0
1896-01-05,,,0.0,,0.0
1896-01-06,,,0.0,,0.0
1896-01-07,,,0.0,,0.0
1896-01-08,,,28.0,,38.0
1896-01-09,,,0.0,,0.0
1896-01-10,,,188.0,,305.0
1896-01-11,,,0.0,,0.0
1896-01-12,,,15.0,,25.0
1896-01-13,,,0.0,,0.0
1896-01-14,,,0.0,,0.0
1896-01-15,,,0.0,,0.0
1896-01-16,,,0.0,,0.0
1896-01-17,,,0.0,,0.0
1896-01-18,,,0.0,,0.0
1896-01-19,,,0.0,,0.0
1896-01-20,,,13.0,,25.0
1896-01-21,,,0.0,,0.0
1896-01-22,,,0.0,,0.0
1896-01-23,,,0.0,,0.0
1896-01-24,,,0.0,,0.0
1896-01-25,,,422.0,,0.0
1896-01-26,,,23.0,,0.0
1896-01-27,,,0.0,,0.0
1896-01-28,,,0.0,,0.0
1896-01-29,,,0.0,,0.0
1896-01-30,,,0.0,,0.0
1896-01-31,,,0.0,,0.0
1896-02-01,,,,,64.0
1896-02-02,,,218.0,,0.0
1896-02-03,,,0.0,,0.0
1896-02-04,,,13.0,,25.0
1896-02-05,,,0.0,,0.0
1896-02-06,,,41.0,,0.0
1896-02-07,,,488.0,,0.0
1896-02-08,,,0.0,,0.0
1896-02-09,,,,,13.0
1896-02-10,,,119.0,,0.0
1896-02-11,,,,,0.0
1896-02-12,,,0.0,,0.0
1896-02-13,,,,,76.0
1896-02-14,,,140.0,,0.0
1896-02-15,,,0.0,,0.0
1896-02-16,,,51.0,,64.0
1896-02-17,,,0.0,,0.0
1896-02-18,,,0.0,,0.0
1896-02-19,,,46.0,,76.0
1896-02-20,,,0.0,,0.0
1896-02-21,,,0.0,,0.0
1896-02-22,,,0.0,,0.0
1896-02-23,,,0.0,,0.0
1896-02-24,,,0.0,,0.0
1896-02-25,,,0.0,,0.0
1896-02-26,,,0.0,,0.0
1896-02-27,,,0.0,,0.0
1896-02-28,,,0.0,,0.0
1896-02-29,,,318.0,,0.0
1896-03-01,,,0.0,,0.0
1896-03-02,,,145.0,,0.0
1896-03-03,,,239.0,,102.0
1896-03-04,,,,,0.0
1896-03-05,,,43.0,,51.0
1896-03-06,,,0.0,,0.0
1896-03-07,,,0.0,,0.0
1896-03-08,,,0.0,,0.0
1896-03-09,,,0.0,,0.0
1896-03-10,,,0.0,,0.0
1896-03-11,,,0.0,,0.0
1896-03-12,,,119.0,,76.0
1896-03-13,,,0.0,,0.0
1896-03-14,,,0.0,,0.0
1896-03-15,,,0.0,,0.0
1896-03-16,,,119.0,,127.0
1896-03-17,,,198.0,,76.0
1896-03-18,,,0.0,,0.0
1896-03-19,,,0.0,,0.0
1896-03-20,,,0.0,,0.0
1896-03-21,,,0.0,,0.0
1896-03-22,,,0.0,,0.0
1896-03-23,,,0.0,,0.0
1896-03-24,,,8.0,,13.0
1896-03-25,,,0.0,,0.0
1896-03-26,,,0.0,,0.0
1896-03-27,,,0.0,,0.0
1896-03-28,,,0.0,,0.0
1896-03-29,,,0.0,,0.0
1896-03-30,,,269.0,,0.0
1896-03-31,,,0.0,,0.0
1896-04-01,,,0.0,,0.0
1896-04-02,,,203.0,,0.0
1896-04-03,,,0.0,,0.0
1896-04-04,,,0.0,,0.0
1896-04-05,,,0.0,,0.0
1896-04-06,,,0.0,,0.0
1896-04-07,,,,,0.0
1896-04-08,,,20.0,,38.0
1896-04-09,,,0.0,,0.0
1896-04-10,,,0.0,,0.0
1896-04-11,,,0.0,,0.0
1896-04-12,,,0.0,,0.0
1896-04-13,,,0.0,,0.0
1896-04-14,,,0.0,,0.0
1896-04-15,,,0.0,,0.0
1896-04-16,,,0.0,,0.0
1896-04-17,,,0.0,,0.0
1896-04-18,,,20.0,,0.0
1896-04-19,,,0.0,,0.0
1896-04-20,,,30.0,,0.0
1896-04-21,,,0.0,,0.0
1896-04-22,,,91.0,,0.0
1896-04-23,,,0.0,,0.0
1896-04-24,,,66.0,,0.0
1896-04-25,,,0.0,,0.0
1896-04-26,,,0.0,,0.0
1896-04-27,,,0.0,,0.0
1896-04-28,,,0.0,,0.0
1896-04-29,,,0.0,,0.0
1896-04-30,,,0.0,,0.0
1896-05-01,,,0.0,,
1896-05-02,,,0.0,,
1896-05-03,,,0.0,,
1896-05-04,,,0.0,,
1896-05-05,,,0.0,,
1896-05-06,,,0.0,,
1896-05-07,,,0.0,,
1896-05-08,,,10.0,,
1896-05-09,,,0.0,,
1896-05-10,,,0.0,,
1896-05-11,,,30.0,,
1896-05-12,,,18.0,,
1896-05-13,,,0.0,,
1896-05-14,,,0.0,,
1896-05-15,,,0.0,,
1896-05-16,,,0.0,,
1896-05-17,,,0.0,,
1896-05-18,,,0.0,,
1896-05-19,,,86.0,,
1896-05-20,,,0.0,,
1896-05-21,,,20.0,,
1896-05-22,,,0.0,,
1896-05-23,,,0.0,,
1896-05-24,,,0.0,,
1896-05-25,,,0.0,,
1896-05-26,,,61.0,,
1896-05-27,,,0.0,,
1896-05-28,,,0.0,,
1896-05-29,,,157.0,,
1896-05-30,,,0.0,,
1896-05-31,,,165.0,,
1896-06-01,,,0.0,,
1896-06-02,,,0.0,,
1896-06-03,,,0.0,,
1896-06-04,,,0.0,,
1896-06-05,,,0.0,,
1896-06-06,,,0.0,,
1896-06-07,,,74.0,,
1896-06-08,,,5.0,,
1896-06-09,,,94.0,,
1896-06-10,,,79.0,,
1896-06-11,,,0.0,,
1896-06-12,,,0.0,,
1896-06-13,,,0.0,,
1896-06-14,,,0.0,,
1896-06-15,,,391.0,,
1896-06-16,,,0.0,,
1896-06-17,,,0.0,,
1896-06-18,,,0.0,,
1896-06-19,,,0.0,,
1896-06-20,,,0.0,,
1896-06-21,,,15.0,,
1896-06-22,,,0.0,,
1896-06-23,,,0.0,,
1896-06-24,,,0.0,,
1896-06-25,,,0.0,,
1896-06-26,,,0.0,,
1896-06-27,,,0.0,,
1896-06-28,,,0.0,,
1896-06-29,,,0.0,,
1896-06-30,,,0.0,,
1896-07-01,,,0.0,,
1896-07-02,,,0.0,,
1896-07-03,,,0.0,,
1896-07-04,,,0.0,,
1896-07-05,,,81.0,,
1896-07-06,,,0.0,,
1896-07-07,,,170.0,,
1896-07-08,,,3.0,,
1896-07-09,,,0.0,,
1896-07-10,,,0.0,,
1896-07-11,,,0.0,,
1896-07-12,,,0.0,,
1896-07-13,,,0.0,,
1896-07-14,,,0.0,,
1896-07-15,,,0.0,,
1896-07-16,,,51.0,,
1896-07-17,,,0.0,,
1896-07-18,,,0.0,,
1896-07-19,,,0.0,,
1896-07-20,,,0.0,,
1896-07-21,,,53.0,,
1896-07-22,,,0.0,,
1896-07-23,,,15.0,,
1896-07-24,,,0.0,,
1896-07-25,,,221.0,,
1896-07-26,,,0.0,,
1896-07-27,,,33.0,,
1896-07-28,,,0.0,,
1896-07-29,,,25.0,,
1896-07-30,,,41.0,,
1896-07-31,,,0.0,,
1896-08-01,,,0.0,,
1896-08-02,,,251.0,,
1896-08-03,,,0.0,,
1896-08-04,,,0.0,,
1896-08-05,,,119.0,,
1896-08-06,,,36.0,,
1896-08-07,,,0.0,,
1896-08-08,,,71.0,,
1896-08-09,,,3.0,,
1896-08-10,,,0.0,,
1896-08-11,,,0.0,,
1896-08-12,,,0.0,,
1896-08-13,,,0.0,,
1896-08-14,,,0.0,,
1896-08-15,,,0.0,,
1896-08-16,,,0.0,,
1896-08-17,,,0.0,,
1896-08-18,,,18.0,,
1896-08-19,,,20.0,,
1896-08-20,,,0.0,,
1896-08-21,,,0.0,,
1896-08-22,,,13.0,,
1896-08-23,,,48.0,,
1896-08-24,,,8.0,,
1896-08-25,,,0.0,,
1896-08-26,,,0.0,,
1896-08-27,,,0.0,,
1896-08-28,,,0.0,,
1896-08-29,,,0.0,,
1896-08-30,,,0.0,,
1896-08-31,,,15.0,,
1896-09-04,,,119.0,,
1896-09-06,,,645.0,,
1896-09-07,,,20.0,,
1896-09-10,,,452.0,,
1896-09-18,,,3.0,,
1896-09-20,,,160.0,,
1896-09-21,,,104.0,,
1896-10-01,,,3.0,,
1896-10-02,,,0.0,,
1896-10-03,,,33.0,,
1896-10-04,,,0.0,,
1896-10-05,,,0.0,,
1896-10-06,,,0.0,,
1896-10-07,,,74.0,,
1896-10-08,,,0.0,,
1896-10-09,,,0.0,,
1896-10-10,,,0.0,,
1896-10-11,,,0.0,,
1896-10-12,,,0.0,,
1896-10-13,,,0.0,,
1896-10-14,,,244.0,,
1896-10-15,,,147.0,,
1896-10-16,,,0.0,,
1896-10-17,,,0.0,,
1896-10-18,,,0.0,,
1896-10-19,,,20.0,,
1896-10-20,,,0.0,,
1896-10-21,,,0.0,,
1896-10-22,,,0.0,,
1896-10-23,,,0.0,,
1896-10-24,,,300.0,,
1896-10-25,,,8.0,,
1896-10-26,,,0.0,,
1896-10-27,,,0.0,,
1896-10-28,,,0.0,,
1896-10-29,,,0.0,,
1896-10-30,,,0.0,,
1896-10-31,,,8.0,,
1896-11-06,,,279.0,,
1896-11-08,,,173.0,,
1896-11-13,,,,,76.0
1896-11-14,,,173.0,,
1896-11-21,,,,,0.0
1896-11-22,,,84.0,,
1896-11-26,,,114.0,,
1896-11-29,,,135.0,,
1896-12-01,,,0.0,,0.0
1896-12-02,,,0.0,,0.0
1896-12-03,,,0.0,,0.0
1896-12-04,,,0.0,,0.0
1896-12-05,,,0.0,,0.0
1896-12-06,,,0.0,,0.0
1896-12-07,,,0.0,,0.0
1896-12-08,,,0.0,,0.0
1896-12-09,,,290.0,,0.0
1896-12-10,,,0.0,,0.0
1896-12-11,,,0.0,,0.0
1896-12-12,,,0.0,,0.0
1896-12-13,,,0.0,,0.0
1896-12-14,,,0.0,,0.0
1896-12-15,,,0.0,,0.0
1896-12-16,,,147.0,,140.0
1896-12-17,,,0.0,,0.0
1896-12-18,,,8.0,,0.0
1896-12-19,,,0.0,,0.0
1896-12-20,,,0.0,,0.0
1896-12-21,,,0.0,,0.0
1896-12-22,,,0.0,,0.0
1896-12-23,,,56.0,,102.0
1896-12-24,,,0.0,,0.0
1896-12-25,,,0.0,,0.0
1896-12-26,,,0.0,,0.0
1896-12-27,,,0.0,,0.0
1896-12-28,,,0.0,,0.0
1896-12-29,,,0.0,,0.0
1896-12-30,,,0.0,,0.0
1896-12-31,,,0.0,,0.0
1897-01-01,,,0.0,,0.0
1897-01-02,,,0.0,,0.0
1897-01-03,,,0.0,,0.0
1897-01-04,,,0.0,,0.0
1897-01-05,,,213.0,,0.0
1897-01-06,,,0.0,,0.0
1897-01-07,,,0.0,,0.0
1897-01-08,,,0.0,,0.0
1897-01-09,,,0.0,,0.0
1897-01-10,,,0.0,,0.0
1897-01-11,,,,,0.0
1897-01-12,,,0.0,,0.0
1897-01-13,,,0.0,,0.0
1897-01-14,,,0.0,,0.0
1897-01-15,,,0.0,,0.0
1897-01-16,,,0.0,,0.0
1897-01-17,,,0.0,,0.0
1897-01-18,,,66.0,,0.0
1897-01-19,,,0.0,,0.0
1897-01-20,,,0.0,,0.0
1897-01-21,,,183.0,,64.0
1897-01-22,,,0.0,,0.0
1897-01-23,,,23.0,,38.0
1897-01-24,,,0.0,,0.0
1897-01-25,,,0.0,,0.0
1897-01-26,,,0.0,,0.0
1897-01-27,,,0.0,,0.0
1897-01-28,,,0.0,,0.0
1897-01-29,,,226.0,,203.0
1897-01-30,,,0.0,,0.0
1897-01-31,,,0.0,,0.0
1897-02-01,,,0.0,,0.0
1897-02-02,,,0.0,,0.0
1897-02-03,,,0.0,,0.0
1897-02-04,,,0.0,,0.0
1897-02-05,,,0.0,,0.0
1897-02-06,,,0.0,,0.0
1897-02-07,,,114.0,,0.0
1897-02-08,,,0.0,,0.0
1897-02-09,,,0.0,,0.0
1897-02-10,,,0.0,,0.0
1897-02-11,,,0.0,,0.0
1897-02-12,,,0.0,,0.0
1897-02-13,,,201.0,,249.0
1897-02-14,,,0.0,,0.0
1897-02-15,,,0.0,,0.0
1897-02-16,,,18.0,,0.0
1897-02-17,,,0.0,,0.0
1897-02-18,,,0.0,,0.0
1897-02-19,,,0.0,,0.0
1897-02-20,,,0.0,,0.0
1897-02-21,,,28.0,,25.0
1897-02-22,,,0.0,,0.0
1897-02-23,,,163.0,,38.0
1897-02-24,,,0.0,,0.0
1897-02-25,,,0.0,,0.0
1897-02-26,,,0.0,,0.0
1897-02-27,,,0.0,,0.0
1897-02-28,,,0.0,,0.0
1897-03-01,,,0.0,,
1897-03-02,,,15.0,,20.0
1897-03-03,,,41.0,,
1897-03-04,,,0.0,,
1897-03-05,,,0.0,,
1897-03-06,,,71.0,,
1897-03-07,,,0.0,,
1897-03-08,,,0.0,,
1897-03-09,,,0.0,,
1897-03-10,,,15.0,,
1897-03-11,,,0.0,,
1897-03-12,,,33.0,,
1897-03-13,,,0.0,,
1897-03-14,,,122.0,,51.0
1897-03-15,,,0.0,,
1897-03-16,,,0.0,,
1897-03-17,,,0.0,,
1897-03-18,,,0.0,,
1897-03-19,,,0.0,,
1897-03-20,,,0.0,,
1897-03-21,,,160.0,,
1897-03-22,,,0.0,,
1897-03-23,,,0.0,,
1897-03-24,,,0.0,,
1897-03-25,,,226.0,,
1897-03-26,,,0.0,,
1897-03-27,,,0.0,,
1897-03-28,,,0.0,,
1897-03-29,,,0.0,,
1897-03-30,,,0.0,,
1897-03-31,,,0.0,,
1897-04-01,,,0.0,,
1897-04-02,,,0.0,,
1897-04-03,,,0.0,,
1897-04-04,,,0.0,,
1897-04-05,,,69.0,,
1897-04-06,,,5.0,,
1897-04-07,,,0.0,,
1897-04-08,,,132.0,,
1897-04-09,,,0.0,,
1897-04-10,,,384.0,,
1897-04-11,,,30.0,,
1897-04-12,,,0.0,,
1897-04-13,,,0.0,,
1897-04-14,,,3.0,,
1897-04-15,,,81.0,,
1897-04-16,,,0.0,,
1897-04-17,,,25.0,,
1897-04-18,,,0.0,,
1897-04-19,,,0.0,,
1897-04-20,,,0.0,,
1897-04-21,,,0.0,,
1897-04-22,,,0.0,,
1897-04-23,,,0.0,,
1897-04-24,,,0.0,,
1897-04-25,,,0.0,,
1897-04-26,,,5.0,,
1897-04-27,,,0.0,,
1897-04-28,,,15.0,,
1897-04-29,,,0.0,,
1897-04-30,,,0.0,,
1897-05-01,,,0.0,,
1897-05-02,,,323.0,,
1897-05-03,,,43.0,,
1897-05-04,,,0.0,,
1897-05-05,,,0.0,,
1897-05-06,,,0.0,,
1897-05-07,,,0.0,,
1897-05-08,,,0.0,,
1897-05-09,,,0.0,,
1897-05-10,,,0.0,,
1897-05-11,,,229.0,,
1897-05-12,,,74.0,,
1897-05-13,,,0.0,,
1897-05-14,,,41.0,,
1897-05-15,,,0.0,,
1897-05-16,,,15.0,,
1897-05-17,,,0.0,,
1897-05-18,,,0.0,,
1897-05-19,,,0.0,,
1897-05-20,,,0.0,,
1897-05-21,,,0.0,,
1897-05-22,,,56.0,,
1897-05-23,,,0.0,,
1897-05-24,,,0.0,,
1897-05-25,,,173.0,,
1897-05-26,,,0.0,,
1897-05-27,,,107.0,,
1897-05-28,,,0.0,,
1897-05-29,,,94.0,,
1897-05-30,,,0.0,,
1897-05-31,,,89.0,,
1897-06-01,,,5.0,,
1897-06-02,,,0.0,,
1897-06-03,,,5.0,,
1897-06-04,,,25.0,,
1897-06-05,,,53.0,,
1897-06-06,,,0.0,,
1897-06-07,,,0.0,,
1897-06-08,,,0.0,,
1897-06-09,,,0.0,,
1897-06-10,,,518.0,,
1897-06-11,,,0.0,,
1897-06-12,,,0.0,,
1897-06-13,,,0.0,,
1897-06-14,,,53.0,,
1897-06-15,,,61.0,,
1897-06-16,,,0.0,,
1897-06-17,,,0.0,,
1897-06-18,,,0.0,,
1897-06-19,,,0.0,,
1897-06-20,,,107.0,,
1897-06-21,,,0.0,,
1897-06-22,,,0.0,,
1897-06-23,,,0.0,,
1897-06-24,,,0.0,,
1897-06-25,,,5.0,,
1897-06-26,,,0.0,,
1897-06-27,,,0.0,,
1897-06-28,,,0.0,,
1897-06-29,,,0.0,,
1897-06-30,,,231.0,,
1897-07-01,,,8.0,,
1897-07-02,,,0.0,,
1897-07-03,,,0.0,,
1897-07-04,,,0.0,,
1897-07-05,,,0.0,,
1897-07-06,,,0.0,,
1897-07-07,,,0.0,,
1897-07-08,,,0.0,,
1897-07-09,,,0.0,,
1897-07-10,,,0.0,,
1897-07-11,,,18.0,,
1897-07-12,,,0.0,,
1897-07-13,,,0.0,,
1897-07-14,,,109.0,,
1897-07-15,,,0.0,,
1897-07-16,,,0.0,,
1897-07-17,,,0.0,,
1897-07-18,,,0.0,,
1897-07-19,,,0.0,,
1897-07-20,,,0.0,,
1897-07-21,,,0.0,,
1897-07-22,,,0.0,,
1897-07-23,,,320.0,,
1897-07-24,,,185.0,,
1897-07-25,,,0.0,,
1897-07-26,,,0.0,,
1897-07-27,,,0.0,,
1897-07-28,,,0.0,,
1897-07-29,,,475.0,,
1897-07-30,,,0.0,,
1897-07-31,,,94.0,,
1897-08-01,,,0.0,,
1897-08-02,,,0.0,,
1897-08-03,,,0.0,,
1897-08-04,,,0.0,,
1897-08-05,,,178.0,,
1897-08-06,,,0.0,,
1897-08-07,,,0.0,,
1897-08-08,,,0.0,,
1897-08-09,,,0.0,,
1897-08-10,,,0.0,,
1897-08-11,,,20.0,,
1897-08-12,,,0.0,,
1897-08-13,,,0.0,,
1897-08-14,,,0.0,,
1897-08-15,,,36.0,,
1897-08-16,,,142.0,,
1897-08-17,,,0.0,,
1897-08-18,,,107.0,,
1897-08-19,,,0.0,,
1897-08-20,,,0.0,,
1897-08-21,,,0.0,,
1897-08-22,,,107.0,,
1897-08-23,,,0.0,,
1897-08-24,,,0.0,,
1897-08-25,,,424.0,,
1897-08-26,,,0.0,,
1897-08-27,,,0.0,,
1897-08-28,,,0.0,,
1897-08-29,,,0.0,,
1897-08-30,,,0.0,,
1897-08-31,,,0.0,,
1897-09-01,,,0.0,,
1897-09-02,,,150.0,,
1897-09-03,,,0.0,,
1897-09-04,,,0.0,,
1897-09-05,,,0.0,,
1897-09-06,,,0.0,,
1897-09-07,,,0.0,,
1897-09-08,,,0.0,,
1897-09-09,,,0.0,,
1897-09-10,,,0.0,,
1897-09-11,,,0.0,,
1897-09-12,,,0.0,,
1897-09-13,,,41.0,,
1897-09-14,,,0.0,,
1897-09-15,,,0.0,,
1897-09-16,,,0.0,,
1897-09-17,,,0.0,,
1897-09-18,,,0.0,,
1897-09-19,,,0.0,,
1897-09-20,,,119.0,,
1897-09-21,,,0.0,,
1897-09-22,,,0.0,,
1897-09-23,,,0.0,,
1897-09-24,,,213.0,,
1897-09-25,,,0.0,,
1897-09-26,,,53.0,,
1897-09-27,,,0.0,,
1897-09-28,,,0.0,,
1897-09-29,,,0.0,,
1897-09-30,,,0.0,,
1897-10-01,,,0.0,,
1897-10-02,,,0.0,,
1897-10-03,,,0.0,,
1897-10-04,,,0.0,,
1897-10-05,,,0.0,,
1897-10-06,,,0.0,,
1897-10-07,,,0.0,,
1897-10-08,,,0.0,,
1897-10-09,,,0.0,,
1897-10-10,,,0.0,,
1897-10-11,,,0.0,,
1897-10-12,,,97.0,,
1897-10-13,,,0.0,,
1897-10-14,,,0.0,,
1897-10-15,,,0.0,,
1897-10-16,,,0.0,,
1897-10-17,,,0.0,,
1897-10-18,,,0.0,,
1897-10-19,,,0.0,,
1897-10-20,,,0.0,,
1897-10-21,,,13.0,,
1897-10-22,,,0.0,,
1897-10-23,,,0.0,,
1897-10-24,,,0.0,,
1897-10-25,,,0.0,,
1897-10-26,,,0.0,,
1897-10-27,,,0.0,,
1897-10-28,,,0.0,,
1897-10-29,,,0.0,,
1897-10-30,,,0.0,,
1897-10-31,,,0.0,,
1897-11-01,,,0.0,,0.0
1897-11-02,,,384.0,,0.0
1897-11-03,,,234.0,,0.0
1897-11-04,,,0.0,,0.0
1897-11-05,,,0.0,,0.0
1897-11-06,,,20.0,,0.0
1897-11-07,,,0.0,,0.0
1897-11-08,,,0.0,,0.0
1897-11-09,,,193.0,,0.0
1897-11-10,,,0.0,,0.0
1897-11-11,,,0.0,,0.0
1897-11-12,,,0.0,,0.0
1897-11-13,,,513.0,,51.0
1897-11-14,,,0.0,,0.0
1897-11-15,,,0.0,,0.0
1897-11-16,,,13.0,,0.0
1897-11-17,,,48.0,,0.0
1897-11-18,,,0.0,,0.0
1897-11-19,,,0.0,,0.0
1897-11-20,,,,,76.0
1897-11-21,,,74.0,,0.0
1897-11-22,,,0.0,,0.0
1897-11-23,,,79.0,,127.0
1897-11-24,,,0.0,,0.0
1897-11-25,,,0.0,,0.0
1897-11-26,,,8.0,,0.0
1897-11-27,,,91.0,,0.0
1897-11-28,,,0.0,,0.0
1897-11-29,,,0.0,,0.0
1897-11-30,,,36.0,,0.0
1897-12-01,,,,,20.0
1897-12-02,,,0.0,,0.0
1897-12-03,,,0.0,,0.0
1897-12-04,,,15.0,,0.0
1897-12-05,,,107.0,,0.0
1897-12-06,,,0.0,,0.0
1897-12-07,,,0.0,,0.0
1897-12-08,,,84.0,,51.0
1897-12-09,,,0.0,,0.0
1897-12-10,,,0.0,,0.0
1897-12-11,,,0.0,,0.0
1897-12-12,,,91.0,,0.0
1897-12-13,,,0.0,,0.0
1897-12-14,,,0.0,,0.0
1897-12-15,,,25.0,,0.0
1897-12-16,,,0.0,,0.0
1897-12-17,,,0.0,,0.0
1897-12-18,,,8.0,,0.0
1897-12-19,,,0.0,,0.0
1897-12-20,,,0.0,,0.0
1897-12-21,,,56.0,,38.0
1897-12-22,,,0.0,,0.0
1897-12-23,,,5.0,,13.0
1897-12-24,,,0.0,,0.0
1897-12-25,,,0.0,,0.0
1897-12-26,,,51.0,,76.0
1897-12-27,,,0.0,,0.0
1897-12-28,,,0.0,,0.0
1897-12-29,,,0.0,,0.0
1897-12-30,,,13.0,,0.0
1897-12-31,,,152.0,,76.0
1900-01-01,,,246.0,,279.0
1900-01-02,,,0.0,,0.0
1900-01-03,,,0.0,,0.0
1900-01-04,,,0.0,,0.0
1900-01-05,,,0.0,,0.0
1900-01-06,,,0.0,,0.0
1900-01-07,,,0.0,,0.0
1900-01-08,,,0.0,,0.0
1900-01-09,,,0.0,,0.0
1900-01-10,,,0.0,,0.0
1900-01-11,,,0.0,,0.0
1900-01-12,,,396.0,,76.0
1900-01-13,,,,,0.0
1900-01-14,,,0.0,,0.0
1900-01-15,,,38.0,,51.0
1900-01-16,,,41.0,,0.0
1900-01-17,,,0.0,,0.0
1900-01-18,,,0.0,,0.0
1900-01-19,,,23.0,,0.0
1900-01-20,,,145.0,,0.0
1900-01-21,,,30.0,,0.0
1900-01-22,,,0.0,,0.0
1900-01-23,,,0.0,,0.0
1900-01-24,,,0.0,,0.0
1900-01-25,,,0.0,,0.0
1900-01-26,,,119.0,,0.0
1900-01-27,,,0.0,,0.0
1900-01-28,,,0.0,,0.0
1900-01-29,,,203.0,,0.0
1900-01-30,,,0.0,,0.0
1900-01-31,,,5.0,,0.0
1900-02-01,,,0.0,,0.0
1900-02-02,,,0.0,,0.0
1900-02-03,,,0.0,,0.0
1900-02-04,,,0.0,,0.0
1900-02-05,,,203.0,,0.0
1900-02-06,,,0.0,,0.0
1900-02-07,,,0.0,,0.0
1900-02-08,,,0.0,,0.0
1900-02-09,,,208.0,,0.0
1900-02-10,,,0.0,,0.0
1900-02-11,,,0.0,,0.0
1900-02-12,,,8.0,,0.0
1900-02-13,,,394.0,,0.0
1900-02-14,,,0.0,,0.0
1900-02-15,,,0.0,,0.0
1900-02-16,,,0.0,,0.0
1900-02-17,,,0.0,,0.0
1900-02-18,,,124.0,,241.0
1900-02-19,,,0.0,,0.0
1900-02-20,,,0.0,,0.0
1900-02-21,,,0.0,,0.0
1900-02-22,,,0.0,,0.0
1900-02-23,,,505.0,,0.0
1900-02-24,,,0.0,,0.0
1900-02-25,,,239.0,,0.0
1900-02-26,,,0.0,,0.0
1900-02-27,,,0.0,,0.0
1900-02-28,,,0.0,,0.0
1900-04-01,,,0.0,,
1900-04-02,,,0.0,,
1900-04-03,,,142.0,,
1900-04-04,,,0.0,,
1900-04-05,,,0.0,,
1900-04-06,,,0.0,,
1900-04-07,,,0.0,,
1900-04-08,,,0.0,,
1900-04-09,,,0.0,,
1900-04-10,,,0.0,,
1900-04-11,,,0.0,,
1900-04-12,,,0.0,,
1900-04-13,,,135.0,,
1900-04-14,,,0.0,,
1900-04-15,,,0.0,,
1900-04-16,,,0.0,,
1900-04-17,,,0.0,,
1900-04-18,,,69.0,,
1900-04-19,,,99.0,,
1900-04-20,,,0.0,,
1900-04-21,,,0.0,,
1900-04-22,,,0.0,,
1900-04-23,,,74.0,,
1900-04-24,,,0.0,,
1900-04-25,,,0.0,,
1900-04-26,,,0.0,,
1900-04-27,,,0.0,,
1900-04-28,,,0.0,,
1900-04-29,,,0.0,,
1900-04-30,,,8.0,,
1900-05-01,,,0.0,,
1900-05-02,,,0.0,,
1900-05-03,,,650.0,,
1900-05-04,,,13.0,,
1900-05-05,,,0.0,,
1900-05-06,,,0.0,,
1900-05-07,,,0.0,,
1900-05-08,,,18.0,,
1900-05-09,,,89.0,,
1900-05-10,,,0.0,,
1900-05-11,,,0.0,,
1900-05-12,,,0.0,,
1900-05-13,,,0.0,,
1900-05-14,,,0.0,,
1900-05-15,,,0.0,,
1900-05-16,,,23.0,,
1900-05-17,,,0.0,,
1900-05-18,,,0.0,,
1900-05-19,,,343.0,,
1900-05-20,,,193.0,,
1900-05-21,,,69.0,,
1900-05-22,,,0.0,,
1900-05-23,,,0.0,,
1900-05-24,,,0.0,,
1900-05-25,,,0.0,,
1900-05-26,,,0.0,,
1900-05-27,,,0.0,,
1900-05-28,,,0.0,,
1900-05-29,,,0.0,,
1900-05-30,,,0.0,,
1900-05-31,,,0.0,,
1900-06-01,,,0.0,,
1900-06-02,,,0.0,,
1900-06-03,,,0.0,,
1900-06-04,,,46.0,,
1900-06-05,,,0.0,,
1900-06-06,,,0.0,,
1900-06-07,,,0.0,,
1900-06-08,,,0.0,,
1900-06-09,,,20.0,,
1900-06-10,,,0.0,,
1900-06-11,,,8.0,,
1900-06-12,,,0.0,,
1900-06-13,,,0.0,,
1900-06-14,,,18.0,,
1900-06-15,,,0.0,,
1900-06-16,,,0.0,,
1900-06-17,,,0.0,,
1900-06-18,,,0.0,,
1900-06-19,,,0.0,,
1900-06-20,,,0.0,,
1900-06-21,,,0.0,,
1900-06-22,,,107.0,,
1900-06-23,,,198.0,,
1900-06-24,,,0.0,,
1900-06-25,,,0.0,,
1900-06-26,,,0.0,,
1900-06-27,,,0.0,,
1900-06-28,,,28.0,,
1900-06-29,,,0.0,,
1900-06-30,,,0.0,,
1900-07-01,,,0.0,,
1900-07-02,,,0.0,,
1900-07-03,,,0.0,,
1900-07-04,,,13.0,,
1900-07-05,,,0.0,,
1900-07-06,,,8.0,,
1900-07-07,,,0.0,,
1900-07-08,,,15.0,,
1900-07-09,,,53.0,,
1900-07-10,,,0.0,,
1900-07-11,,,0.0,,
1900-07-12,,,86.0,,
1900-07-13,,,0.0,,
1900-07-14,,,0.0,,
1900-07-15,,,0.0,,
1900-07-16,,,0.0,,
1900-07-17,,,0.0,,
1900-07-18,,,10.0,,
1900-07-19,,,0.0,,
1900-07-20,,,0.0,,
1900-07-21,,,15.0,,
1900-07-22,,,0.0,,
1900-07-23,,,0.0,,
1900-07-24,,,0.0,,
1900-07-25,,,0.0,,
1900-07-26,,,300.0,,
1900-07-27,,,0.0,,
1900-07-28,,,0.0,,
1900-07-29,,,0.0,,
1900-07-30,,,0.0,,
1900-07-31,,,0.0,,
1900-09-01,,,0.0,,
1900-09-02,,,0.0,,
1900-09-03,,,0.0,,
1900-09-04,,,0.0,,
1900-09-05,,,0.0,,
1900-09-06,,,0.0,,
1900-09-07,,,0.0,,
1900-09-08,,,0.0,,
1900-09-09,,,0.0,,
1900-09-10,,,0.0,,
1900-09-11,,,0.0,,
1900-09-12,,,0.0,,
1900-09-13,,,0.0,,
1900-09-14,,,0.0,,
1900-09-15,,,0.0,,
1900-09-16,,,394.0,,
1900-09-17,,,0.0,,
1900-09-18,,,549.0,,
1900-09-19,,,0.0,,
1900-09-20,,,0.0,,
1900-09-21,,,0.0,,
1900-09-22,,,89.0,,
1900-09-23,,,0.0,,
1900-09-24,,,0.0,,
1900-09-25,,,0.0,,
1900-09-26,,,0.0,,
1900-09-27,,,0.0,,
1900-09-28,,,8.0,,
1900-09-29,,,0.0,,
1900-09-30,,,38.0,,
1900-12-01,,,25.0,,0.0
1900-12-02,,,0.0,,0.0
1900-12-03,,,0.0,,0.0
1900-12-04,,,0.0,,0.0
1900-12-05,,,361.0,,25.0
1900-12-06,,,0.0,,0.0
1900-12-07,,,0.0,,0.0
1900-12-08,,,0.0,,0.0
1900-12-09,,,0.0,,0.0
1900-12-10,,,0.0,,0.0
1900-12-11,,,0.0,,0.0
1900-12-12,,,0.0,,0.0
1900-12-13,,,0.0,,0.0
1900-12-14,,,0.0,,0.0
1900-12-15,,,0.0,,0.0
1900-12-16,,,,,0.0
1900-12-17,,,0.0,,0.0
1900-12-18,,,0.0,,0.0
1900-12-19,,,0.0,,0.0
1900-12-20,,,0.0,,0.0
1900-12-21,,,0.0,,0.0
1900-12-22,,,0.0,,0.0
1900-12-23,,,0.0,,0.0
1900-12-24,,,53.0,,0.0
1900-12-25,,,0.0,,0.0
1900-12-26,,,0.0,,0.0
1900-12-27,,,0.0,,0.0
1900-12-28,,,18.0,,20.0
1900-12-29,,,0.0,,0.0
1900-12-30,,,0.0,,0.0
1900-12-31,,,79.0,,0.0
1901-01-01,,,0.0,,0.0
1901-01-02,,,0.0,,0.0
1901-01-03,,,0.0,,0.0
1901-01-04,,,0.0,,0.0
1901-01-05,,,0.0,,0.0
1901-01-06,,,0.0,,0.0
1901-01-07,,,0.0,,0.0
1901-01-08,,,0.0,,0.0
1901-01-09,,,8.0,,76.0
1901-01-10,,,0.0,,0.0
1901-01-11,,,0.0,,0.0
1901-01-12,,,302.0,,51.0
1901-01-13,,,0.0,,0.0
1901-01-14,,,0.0,,0.0
1901-01-15,,,0.0,,0.0
1901-01-16,,,0.0,,0.0
1901-01-17,,,0.0,,0.0
1901-01-18,,,30.0,,38.0
1901-01-19,,,0.0,,0.0
1901-01-20,,,0.0,,0.0
1901-01-21,,,0.0,,0.0
1901-01-22,,,0.0,,0.0
1901-01-23,,,0.0,,0.0
1901-01-24,,,18.0,,0.0
1901-01-25,,,0.0,,0.0
1901-01-26,,,0.0,,0.0
1901-01-27,,,0.0,,0.0
1901-01-28,,,0.0,,0.0
1901-01-29,,,0.0,,0.0
1901-01-30,,,,,51.0
1901-01-31,,,69.0,,38.0
1901-03-01,,,0.0,,0.0
1901-03-02,,,28.0,,0.0
1901-03-03,,,0.0,,0.0
1901-03-04,,,56.0,,0.0
1901-03-05,,,69.0,,25.0
1901-03-06,,,0.0,,0.0
1901-03-07,,,0.0,,0.0
1901-03-08,,,0.0,,0.0
1901-03-09,,,36.0,,0.0
1901-03-10,,,41.0,,0.0
1901-03-11,,,447.0,,0.0
1901-03-12,,,0.0,,0.0
1901-03-13,,,0.0,,0.0
1901-03-14,,,41.0,,20.0
1901-03-15,,,0.0,,0.0
1901-03-16,,,0.0,,0.0
1901-03-17,,,0.0,,0.0
1901-03-18,,,0.0,,0.0
1901-03-19,,,0.0,,0.0
1901-03-20,,,0.0,,0.0
1901-03-21,,,20.0,,0.0
1901-03-22,,,231.0,,0.0
1901-03-23,,,0.0,,0.0
1901-03-24,,,0.0,,0.0
1901-03-25,,,28.0,,0.0
1901-03-26,,,472.0,,0.0
1901-03-27,,,198.0,,0.0
1901-03-28,,,0.0,,0.0
1901-03-29,,,0.0,,0.0
1901-03-30,,,0.0,,0.0
1901-03-31,,,0.0,,0.0
1901-04-01,,,0.0,,
1901-04-02,,,0.0,,
1901-04-03,,,0.0,,
1901-04-04,,,434.0,,
1901-04-05,,,0.0,,
1901-04-06,,,0.0,,
1901-04-07,,,396.0,,
1901-04-08,,,25.0,,
1901-04-09,,,23.0,,
1901-04-10,,,33.0,,
1901-04-11,,,0.0,,
1901-04-12,,,0.0,,
1901-04-13,,,0.0,,
1901-04-14,,,0.0,,
1901-04-15,,,0.0,,
1901-04-16,,,157.0,,
1901-04-17,,,0.0,,
1901-04-18,,,0.0,,
1901-04-19,,,0.0,,
1901-04-20,,,0.0,,
1901-04-21,,,0.0,,
1901-04-22,,,114.0,,
1901-04-23,,,0.0,,
1901-04-24,,,0.0,,
1901-04-25,,,752.0,,
1901-04-26,,,251.0,,
1901-04-27,,,0.0,,
1901-04-28,,,0.0,,
1901-04-29,,,0.0,,
1901-04-30,,,69.0,,
1901-07-01,,,0.0,,
1901-07-02,,,0.0,,
1901-07-03,,,0.0,,
1901-07-04,,,0.0,,
1901-07-05,,,0.0,,
1901-07-06,,,3.0,,
1901-07-07,,,33.0,,
1901-07-08,,,0.0,,
1901-07-09,,,25.0,,
1901-07-10,,,13.0,,
1901-07-11,,,160.0,,
1901-07-12,,,0.0,,
1901-07-13,,,0.0,,
1901-07-14,,,0.0,,
1901-07-15,,,0.0,,
1901-07-16,,,0.0,,
1901-07-17,,,0.0,,
1901-07-18,,,170.0,,
1901-07-19,,,33.0,,
1901-07-20,,,0.0,,
1901-07-21,,,0.0,,
1901-07-22,,,0.0,,
1901-07-23,,,0.0,,
1901-07-24,,,0.0,,
1901-07-25,,,178.0,,
1901-07-26,,,0.0,,
1901-07-27,,,0.0,,
1901-07-28,,,0.0,,
1901-07-29,,,0.0,,
1901-07-30,,,269.0,,
1901-07-31,,,0.0,,
1901-08-01,,,0.0,,
1901-08-02,,,0.0,,
1901-08-03,,,0.0,,
1901-08-04,,,25.0,,
1901-08-05,,,0.0,,
1901-08-06,,,0.0,,
1901-08-07,,,178.0,,
1901-08-08,,,0.0,,
1901-08-09,,,0.0,,
1901-08-10,,,5.0,,
1901-08-11,,,3.0,,
1901-08-12,,,3.0,,
1901-08-13,,,0.0,,
1901-08-14,,,0.0,,
1901-08-15,,,0.0,,
1901-08-16,,,0.0,,
1901-08-17,,,0.0,,
1901-08-18,,,5.0,,
1901-08-19,,,0.0,,
1901-08-20,,,13.0,,
1901-08-21,,,0.0,,
1901-08-22,,,0.0,,
1901-08-23,,,0.0,,
1901-08-24,,,0.0,,
1901-08-25,,,488.0,,
1901-08-26,,,0.0,,
1901-08-27,,,0.0,,
1901-08-28,,,0.0,,
1901-08-29,,,0.0,,
1901-08-30,,,0.0,,
1901-08-31,,,0.0,,
1901-10-01,,,0.0,,
1901-10-02,,,0.0,,
1901-10-03,,,140.0,,
1901-10-04,,,0.0,,
1901-10-05,,,0.0,,
1901-10-06,,,43.0,,
1901-10-07,,,0.0,,
1901-10-08,,,0.0,,
1901-10-09,,,0.0,,
1901-10-10,,,0.0,,
1901-10-11,,,0.0,,
1901-10-12,,,0.0,,
1901-10-13,,,0.0,,
1901-10-14,,,0.0,,
1901-10-15,,,488.0,,
1901-10-16,,,0.0,,
1901-10-17,,,0.0,,
1901-10-18,,,33.0,,
1901-10-19,,,0.0,,
1901-10-20,,,0.0,,
1901-10-21,,,0.0,,
1901-10-22,,,0.0,,
1901-10-23,,,0.0,,
1901-10-24,,,0.0,,
1901-10-25,,,0.0,,
1901-10-26,,,0.0,,
1901-10-27,,,0.0,,
1901-10-28,,,0.0,,
1901-10-29,,,0.0,,
1901-10-30,,,0.0,,
1901-10-31,,,0.0,,
1901-11-01,,,0.0,,
1901-11-02,,,8.0,,
1901-11-03,,,0.0,,
1901-11-04,,,0.0,,
1901-11-05,,,0.0,,
1901-11-06,,,0.0,,
1901-11-07,,,0.0,,
1901-11-08,,,0.0,,
1901-11-09,,,0.0,,
1901-11-10,,,0.0,,
1901-11-11,,,,,25.0
1901-11-12,,,0.0,,
1901-11-13,,,114.0,,
1901-11-14,,,0.0,,
1901-11-15,,,0.0,,
1901-11-16,,,0.0,,
1901-11-17,,,0.0,,
1901-11-18,,,0.0,,
1901-11-19,,,,,38.0
1901-11-20,,,51.0,,
1901-11-21,,,0.0,,
1901-11-22,,,0.0,,
1901-11-23,,,0.0,,
1901-11-24,,,0.0,,
1901-11-25,,,541.0,,
1901-11-26,,,23.0,,
1901-11-27,,,0.0,,
1901-11-28,,,0.0,,
1901-11-29,,,0.0,,
1901-11-30,,,0.0,,
1901-12-04,,,396.0,,109.0
1901-12-10,,,165.0,,
1901-12-14,,,10.0,,
1901-12-15,,,330.0,,
1901-12-17,,,,,76.0
1901-12-18,,,38.0,,
1901-12-24,,,112.0,,
1901-12-25,,,8.0,,
1901-12-27,,,226.0,,51.0
1901-12-30,,,561.0,,
1902-02-01,,,,,0.0
1902-02-02,,,323.0,,
1902-02-03,,,0.0,,
1902-02-04,,,0.0,,
1902-02-05,,,18.0,,38.0
1902-02-06,,,0.0,,
1902-02-07,,,0.0,,
1902-02-08,,,0.0,,
1902-02-09,,,0.0,,
1902-02-10,,,0.0,,
1902-02-11,,,0.0,,
1902-02-12,,,0.0,,
1902-02-13,,,0.0,,
1902-02-14,,,8.0,,13.0
1902-02-15,,,0.0,,
1902-02-16,,,0.0,,
1902-02-17,,,0.0,,
1902-02-18,,,330.0,,25.0
1902-02-19,,,0.0,,
1902-02-20,,,0.0,,
1902-02-21,,,102.0,,20.0
1902-02-22,,,0.0,,
1902-02-23,,,0.0,,
1902-02-24,,,0.0,,
1902-02-25,,,0.0,,
1902-02-26,,,0.0,,
1902-02-27,,,465.0,,
1902-02-28,,,475.0,,
1902-03-01,,,0.0,,0.0
1902-03-02,,,18.0,,0.0
1902-03-03,,,0.0,,0.0
1902-03-04,,,0.0,,0.0
1902-03-05,,,0.0,,0.0
1902-03-06,,,259.0,,318.0
1902-03-07,,,0.0,,0.0
1902-03-08,,,0.0,,0.0
1902-03-09,,,0.0,,0.0
1902-03-10,,,191.0,,0.0
1902-03-11,,,5.0,,0.0
1902-03-12,,,0.0,,0.0
1902-03-13,,,0.0,,0.0
1902-03-14,,,18.0,,0.0
1902-03-15,,,0.0,,0.0
1902-03-16,,,0.0,,0.0
1902-03-17,,,147.0,,0.0
1902-03-18,,,30.0,,0.0
1902-03-19,,,48.0,,0.0
1902-03-20,,,0.0,,0.0
1902-03-21,,,43.0,,0.0
1902-03-22,,,0.0,,0.0
1902-03-23,,,0.0,,0.0
1902-03-24,,,0.0,,0.0
1902-03-25,,,0.0,,0.0
1902-03-26,,,0.0,,0.0
1902-03-27,,,0.0,,0.0
1902-03-28,,,8.0,,0.0
1902-03-29,,,119.0,,0.0
1902-03-30,,,213.0,,0.0
1902-03-31,,,0.0,,0.0
1902-04-01,,,0.0,,
1902-04-02,,,0.0,,
1902-04-03,,,0.0,,
1902-04-04,,,0.0,,
1902-04-05,,,0.0,,
1902-04-06,,,0.0,,
1902-04-07,,,0.0,,
1902-04-08,,,0.0,,
1902-04-09,,,757.0,,
1902-04-10,,,0.0,,
1902-04-11,,,20.0,,
1902-04-12,,,0.0,,
1902-04-13,,,0.0,,
1902-04-14,,,0.0,,
1902-04-15,,,0.0,,
1902-04-16,,,0.0,,
1902-04-17,,,0.0,,
1902-04-18,,,0.0,,
1902-04-19,,,0.0,,
1902-04-20,,,0.0,,
1902-04-21,,,0.0,,
1902-04-22,,,0.0,,
1902-04-23,,,0.0,,
1902-04-24,,,0.0,,
1902-04-25,,,0.0,,
1902-04-26,,,135.0,,
1902-04-27,,,0.0,,
1902-04-28,,,0.0,,
1902-04-29,,,0.0,,
1902-04-30,,,216.0,,
1902-05-01,,,53.0,,
1902-05-02,,,0.0,,
1902-05-03,,,20.0,,
1902-05-04,,,0.0,,
1902-05-05,,,28.0,,
1902-05-06,,,0.0,,
1902-05-07,,,0.0,,
1902-05-08,,,0.0,,
1902-05-09,,,0.0,,
1902-05-10,,,0.0,,
1902-05-11,,,0.0,,
1902-05-12,,,0.0,,
1902-05-13,,,0.0,,
1902-05-14,,,0.0,,
1902-05-15,,,0.0,,
1902-05-16,,,0.0,,
1902-05-17,,,0.0,,
1902-05-18,,,0.0,,
1902-05-19,,,0.0,,
1902-05-20,,,140.0,,
1902-05-21,,,0.0,,
1902-05-22,,,0.0,,
1902-05-23,,,0.0,,
1902-05-24,,,0.0,,
1902-05-25,,,43.0,,
1902-05-26,,,0.0,,
1902-05-27,,,0.0,,
1902-05-28,,,33.0,,
1902-05-29,,,0.0,,
1902-05-30,,,0.0,,
1902-05-31,,,0.0,,
1902-06-01,,,0.0,,
1902-06-02,,,0.0,,
1902-06-03,,,0.0,,
1902-06-04,,,5.0,,
1902-06-05,,,0.0,,
1902-06-06,,,0.0,,
1902-06-07,,,0.0,,
1902-06-08,,,13.0,,
1902-06-09,,,0.0,,
1902-06-10,,,0.0,,
1902-06-11,,,0.0,,
1902-06-12,,,0.0,,
1902-06-13,,,0.0,,
1902-06-14,,,43.0,,
1902-06-15,,,8.0,,
1902-06-16,,,23.0,,
1902-06-17,,,0.0,,
1902-06-18,,,0.0,,
1902-06-19,,,0.0,,
1902-06-20,,,74.0,,
1902-06-21,,,0.0,,
1902-06-22,,,246.0,,
1902-06-23,,,0.0,,
1902-06-24,,,0.0,,
1902-06-25,,,0.0,,
1902-06-26,,,119.0,,
1902-06-27,,,0.0,,
1902-06-28,,,0.0,,
1902-06-29,,,0.0,,
1902-06-30,,,25.0,,
1902-07-01,,,25.0,,
1902-07-02,,,0.0,,
1902-07-03,,,124.0,,
1902-07-04,,,0.0,,
1902-07-05,,,0.0,,
1902-07-06,,,0.0,,
1902-07-07,,,0.0,,
1902-07-08,,,18.0,,
1902-07-09,,,0.0,,
1902-07-10,,,58.0,,
1902-07-11,,,0.0,,
1902-07-12,,,0.0,,
1902-07-13,,,0.0,,
1902-07-14,,,0.0,,
1902-07-15,,,0.0,,
1902-07-16,,,81.0,,
1902-07-17,,,0.0,,
1902-07-18,,,0.0,,
1902-07-19,,,0.0,,
1902-07-20,,,0.0,,
1902-07-21,,,358.0,,
1902-07-22,,,0.0,,
1902-07-23,,,15.0,,
1902-07-24,,,0.0,,
1902-07-25,,,0.0,,
1902-07-26,,,0.0,,
1902-07-27,,,0.0,,
1902-07-28,,,0.0,,
1902-07-29,,,0.0,,
1902-07-30,,,5.0,,
1902-07-31,,,0.0,,
1902-08-01,,,0.0,,
1902-08-02,,,28.0,,
1902-08-03,,,0.0,,
1902-08-04,,,0.0,,
1902-08-05,,,0.0,,
1902-08-06,,,132.0,,
1902-08-07,,,0.0,,
1902-08-08,,,94.0,,
1902-08-09,,,0.0,,
1902-08-10,,,0.0,,
1902-08-11,,,0.0,,
1902-08-12,,,257.0,,
1902-08-13,,,0.0,,
1902-08-14,,,0.0,,
1902-08-15,,,0.0,,
1902-08-16,,,0.0,,
1902-08-17,,,0.0,,
1902-08-18,,,0.0,,
1902-08-19,,,43.0,,
1902-08-20,,,0.0,,
1902-08-21,,,0.0,,
1902-08-22,,,0.0,,
1902-08-23,,,0.0,,
1902-08-24,,,104.0,,
1902-08-25,,,0.0,,
1902-08-26,,,0.0,,
1902-08-27,,,0.0,,
1902-08-28,,,0.0,,
1902-08-29,,,0.0,,
1902-08-30,,,0.0,,
1902-08-31,,,0.0,,
1902-09-03,,,13.0,,
1902-09-04,,,104.0,,
1902-09-05,,,,,
1902-09-07,,,107.0,,
1902-09-11,,,124.0,,
1902-09-21,,,20.0,,
1902-09-28,,,135.0,,
1902-09-29,,,0.0,,
1902-10-01,,,0.0,,
1902-10-02,,,86.0,,
1902-10-03,,,0.0,,
1902-10-04,,,0.0,,
1902-10-05,,,0.0,,
1902-10-06,,,0.0,,
1902-10-07,,,0.0,,
1902-10-08,,,330.0,,
1902-10-09,,,0.0,,
1902-10-10,,,0.0,,
1902-10-11,,,0.0,,
1902-10-12,,,0.0,,
1902-10-13,,,290.0,,
1902-10-14,,,0.0,,
1902-10-15,,,0.0,,
1902-10-16,,,0.0,,
1902-10-17,,,0.0,,
1902-10-18,,,0.0,,
1902-10-19,,,0.0,,
1902-10-20,,,0.0,,
1902-10-21,,,23.0,,
1902-10-22,,,0.0,,
1902-10-23,,,0.0,,
1902-10-24,,,94.0,,
1902-10-25,,,0.0,,
1902-10-26,,,0.0,,
1902-10-27,,,0.0,,
1902-10-28,,,0.0,,
1902-10-29,,,462.0,,
1902-10-30,,,0.0,,
1902-10-31,,,0.0,,
1902-12-01,,,0.0,,0.0
1902-12-02,,,0.0,,0.0
1902-12-03,,,0.0,,0.0
1902-12-04,,,119.0,,0.0
1902-12-05,,,160.0,,165.0
1902-12-06,,,0.0,,0.0
1902-12-07,,,41.0,,102.0
1902-12-08,,,0.0,,0.0
1902-12-09,,,,,0.0
1902-12-10,,,10.0,,13.0
1902-12-11,,,28.0,,51.0
1902-12-12,,,0.0,,0.0
1902-12-13,,,173.0,,216.0
1902-12-14,,,38.0,,64.0
1902-12-15,,,0.0,,0.0
1902-12-16,,,0.0,,0.0
1902-12-17,,,226.0,,0.0
1902-12-18,,,0.0,,0.0
1902-12-19,,,0.0,,0.0
1902-12-20,,,0.0,,0.0
1902-12-21,,,0.0,,0.0
1902-12-22,,,358.0,,0.0
1902-12-23,,,0.0,,0.0
1902-12-24,,,0.0,,0.0
1902-12-25,,,,,102.0
1902-12-26,,,211.0,,0.0
1902-12-27,,,13.0,,25.0
1902-12-28,,,0.0,,0.0
1902-12-29,,,0.0,,0.0
1902-12-30,,,28.0,,0.0
1902-12-31,,,0.0,,0.0
1903-01-01,,,0.0,,0.0
1903-01-02,,,0.0,,0.0
1903-01-03,,,241.0,,0.0
1903-01-04,,,0.0,,0.0
1903-01-05,,,0.0,,0.0
1903-01-06,,,33.0,,0.0
1903-01-07,,,94.0,,76.0
1903-01-08,,,0.0,,0.0
1903-01-09,,,18.0,,25.0
1903-01-10,,,0.0,,0.0
1903-01-11,,,,,64.0
1903-01-12,,,145.0,,0.0
1903-01-13,,,0.0,,0.0
1903-01-14,,,0.0,,0.0
1903-01-15,,,0.0,,0.0
1903-01-16,,,0.0,,0.0
1903-01-17,,,0.0,,0.0
1903-01-18,,,0.0,,0.0
1903-01-19,,,0.0,,0.0
1903-01-20,,,0.0,,0.0
1903-01-21,,,272.0,,0.0
1903-01-22,,,0.0,,0.0
1903-01-23,,,0.0,,0.0
1903-01-24,,,0.0,,0.0
1903-01-25,,,0.0,,0.0
1903-01-26,,,38.0,,76.0
1903-01-27,,,0.0,,0.0
1903-01-28,,,0.0,,0.0
1903-01-29,,,25.0,,0.0
1903-01-30,,,91.0,,0.0
1903-01-31,,,0.0,,0.0
1903-03-01,,,,,0.0
1903-03-02,,,,,0.0
1903-03-03,,,,,0.0
1903-03-04,,,,,0.0
1903-03-05,,,61.0,,0.0
1903-03-06,,,,,0.0
1903-03-07,,,,,0.0
1903-03-08,,,,,0.0
1903-03-09,,,,,0.0
1903-03-10,,,,,0.0
1903-03-11,,,587.0,,0.0
1903-03-12,,,,,0.0
1903-03-13,,,,,0.0
1903-03-14,,,,,0.0
1903-03-15,,,,,0.0
1903-03-16,,,,,0.0
1903-03-17,,,,,0.0
1903-03-18,,,,,0.0
1903-03-19,,,,,0.0
1903-03-20,,,,,0.0
1903-03-21,,,,,0.0
1903-03-22,,,,,0.0
1903-03-23,,,,,0.0
1903-03-24,,,38.0,,0.0
1903-03-25,,,,,0.0
1903-03-26,,,,,0.0
1903-03-27,,,,,0.0
1903-03-28,,,,,0.0
1903-03-29,,,13.0,,0.0
1903-03-30,,,20.0,,25.0
1903-03-31,,,361.0,,0.0
1903-04-01,,,0.0,,0.0
1903-04-02,,,0.0,,0.0
1903-04-03,,,0.0,,0.0
1903-04-04,,,38.0,,0.0
1903-04-05,,,84.0,,0.0
1903-04-06,,,0.0,,0.0
1903-04-07,,,0.0,,0.0
1903-04-08,,,145.0,,0.0
1903-04-09,,,211.0,,0.0
1903-04-10,,,147.0,,0.0
1903-04-11,,,0.0,,0.0
1903-04-12,,,0.0,,0.0
1903-04-13,,,0.0,,0.0
1903-04-14,,,0.0,,0.0
1903-04-15,,,0.0,,0.0
1903-04-16,,,594.0,,0.0
1903-04-17,,,28.0,,0.0
1903-04-18,,,0.0,,0.0
1903-04-19,,,0.0,,0.0
1903-04-20,,,0.0,,0.0
1903-04-21,,,0.0,,0.0
1903-04-22,,,0.0,,0.0
1903-04-23,,,0.0,,0.0
1903-04-24,,,0.0,,0.0
1903-04-25,,,0.0,,0.0
1903-04-26,,,0.0,,0.0
1903-04-27,,,0.0,,0.0
1903-04-28,,,0.0,,0.0
1903-04-29,,,0.0,,0.0
1903-04-30,,,0.0,,0.0
1903-05-01,,,0.0,,
1903-05-02,,,0.0,,
1903-05-03,,,0.0,,
1903-05-04,,,0.0,,
1903-05-05,,,10.0,,
1903-05-06,,,38.0,,
1903-05-07,,,0.0,,
1903-05-08,,,0.0,,
1903-05-09,,,0.0,,
1903-05-10,,,0.0,,
1903-05-11,,,0.0,,
1903-05-12,,,0.0,,
1903-05-13,,,0.0,,
1903-05-14,,,0.0,,
1903-05-15,,,13.0,,
1903-05-16,,,0.0,,
1903-05-17,,,0.0,,
1903-05-18,,,0.0,,
1903-05-19,,,0.0,,
1903-05-20,,,0.0,,
1903-05-21,,,0.0,,
1903-05-22,,,0.0,,
1903-05-23,,,0.0,,
1903-05-24,,,0.0,,
1903-05-25,,,0.0,,
1903-05-26,,,0.0,,
1903-05-27,,,0.0,,
1903-05-28,,,8.0,,
1903-05-29,,,0.0,,
1903-05-30,,,0.0,,
1903-05-31,,,0.0,,
1903-06-01,,,0.0,,
1903-06-02,,,0.0,,
1903-06-03,,,0.0,,
1903-06-04,,,0.0,,
1903-06-05,,,0.0,,
1903-06-06,,,0.0,,
1903-06-07,,,0.0,,
1903-06-08,,,0.0,,
1903-06-09,,,173.0,,
1903-06-10,,,5.0,,
1903-06-11,,,0.0,,
1903-06-12,,,112.0,,
1903-06-13,,,137.0,,
1903-06-14,,,0.0,,
1903-06-15,,,0.0,,
1903-06-16,,,488.0,,
1903-06-17,,,297.0,,
1903-06-18,,,0.0,,
1903-06-19,,,0.0,,
1903-06-20,,,0.0,,
1903-06-21,,,978.0,,
1903-06-22,,,127.0,,
1903-06-23,,,0.0,,
1903-06-24,,,53.0,,
1903-06-25,,,66.0,,
1903-06-26,,,0.0,,
1903-06-27,,,0.0,,
1903-06-28,,,0.0,,
1903-06-29,,,0.0,,
1903-06-30,,,226.0,,
1903-07-01,,,0.0,,
1903-07-02,,,0.0,,
1903-07-03,,,0.0,,
1903-07-04,,,0.0,,
1903-07-05,,,0.0,,
1903-07-06,,,0.0,,
1903-07-07,,,46.0,,
1903-07-08,,,0.0,,
1903-07-09,,,0.0,,
1903-07-10,,,0.0,,
1903-07-11,,,0.0,,
1903-07-12,,,0.0,,
1903-07-13,,,8.0,,
1903-07-14,,,5.0,,
1903-07-15,,,0.0,,
1903-07-16,,,25.0,,
1903-07-17,,,0.0,,
1903-07-18,,,0.0,,
1903-07-19,,,211.0,,
1903-07-20,,,23.0,,
1903-07-21,,,30.0,,
1903-07-22,,,0.0,,
1903-07-23,,,13.0,,
1903-07-24,,,0.0,,
1903-07-25,,,0.0,,
1903-07-26,,,3.0,,
1903-07-27,,,0.0,,
1903-07-28,,,0.0,,
1903-07-29,,,0.0,,
1903-07-30,,,71.0,,
1903-07-31,,,142.0,,
1903-08-01,,,0.0,,
1903-08-02,,,0.0,,
1903-08-03,,,0.0,,
1903-08-04,,,0.0,,
1903-08-05,,,124.0,,
1903-08-06,,,71.0,,
1903-08-07,,,43.0,,
1903-08-08,,,0.0,,
1903-08-09,,,0.0,,
1903-08-10,,,5.0,,
1903-08-11,,,0.0,,
1903-08-12,,,0.0,,
1903-08-13,,,0.0,,
1903-08-14,,,0.0,,
1903-08-15,,,0.0,,
1903-08-16,,,28.0,,
1903-08-17,,,109.0,,
1903-08-18,,,0.0,,
1903-08-19,,,0.0,,
1903-08-20,,,25.0,,
1903-08-21,,,0.0,,
1903-08-22,,,0.0,,
1903-08-23,,,0.0,,
1903-08-24,,,0.0,,
1903-08-25,,,0.0,,
1903-08-26,,,450.0,,
1903-08-27,,,0.0,,
1903-08-28,,,0.0,,
1903-08-29,,,33.0,,
1903-08-30,,,81.0,,
1903-08-31,,,0.0,,
1903-12-01,,,0.0,,0.0
1903-12-02,,,0.0,,0.0
1903-12-03,,,99.0,,51.0
1903-12-04,,,0.0,,0.0
1903-12-05,,,0.0,,0.0
1903-12-06,,,0.0,,0.0
1903-12-07,,,0.0,,0.0
1903-12-08,,,0.0,,0.0
1903-12-09,,,0.0,,0.0
1903-12-10,,,0.0,,0.0
1903-12-11,,,198.0,,0.0
1903-12-12,,,0.0,,0.0
1903-12-13,,,84.0,,0.0
1903-12-14,,,0.0,,0.0
1903-12-15,,,0.0,,0.0
1903-12-16,,,0.0,,0.0
1903-12-17,,,,,0.0
1903-12-18,,,0.0,,0.0
1903-12-19,,,0.0,,0.0
1903-12-20,,,0.0,,0.0
1903-12-21,,,91.0,,0.0
1903-12-22,,,0.0,,0.0
1903-12-23,,,0.0,,0.0
1903-12-24,,,8.0,,0.0
1903-12-25,,,0.0,,0.0
1903-12-26,,,84.0,,191.0
1903-12-27,,,0.0,,0.0
1903-12-28,,,0.0,,0.0
1903-12-29,,,13.0,,25.0
1903-12-30,,,0.0,,0.0
1903-12-31,,,41.0,,64.0
1904-01-01,,,0.0,,0.0
1904-01-02,,,0.0,,0.0
1904-01-03,,,160.0,,305.0
1904-01-04,,,0.0,,0.0
1904-01-05,,,0.0,,0.0
1904-01-06,,,0.0,,0.0
1904-01-07,,,0.0,,0.0
1904-01-08,,,0.0,,0.0
1904-01-09,,,264.0,,381.0
1904-01-10,,,0.0,,0.0
1904-01-11,,,0.0,,0.0
1904-01-12,,,,,25.0
1904-01-13,,,0.0,,0.0
1904-01-14,,,284.0,,0.0
1904-01-15,,,0.0,,0.0
1904-01-16,,,0.0,,0.0
1904-01-17,,,0.0,,0.0
1904-01-18,,,0.0,,0.0
1904-01-19,,,0.0,,0.0
1904-01-20,,,8.0,,13.0
1904-01-21,,,0.0,,0.0
1904-01-22,,,168.0,,191.0
1904-01-23,,,20.0,,0.0
1904-01-24,,,0.0,,0.0
1904-01-25,,,0.0,,0.0
1904-01-26,,,185.0,,102.0
1904-01-27,,,0.0,,0.0
1904-01-28,,,0.0,,0.0
1904-01-29,,,,,114.0
1904-01-30,,,58.0,,0.0
1904-01-31,,,0.0,,0.0
1904-02-01,,,,,0.0
1904-02-02,,,,,0.0
1904-02-03,,,0.0,,0.0
1904-02-04,,,0.0,,0.0
1904-02-05,,,0.0,,0.0
1904-02-06,,,119.0,,76.0
1904-02-07,,,8.0,,0.0
1904-02-08,,,0.0,,0.0
1904-02-09,,,0.0,,0.0
1904-02-10,,,0.0,,0.0
1904-02-11,,,0.0,,0.0
1904-02-12,,,0.0,,0.0
1904-02-13,,,,,0.0
1904-02-14,,,,,0.0
1904-02-15,,,290.0,,305.0
1904-02-16,,,0.0,,0.0
1904-02-17,,,0.0,,0.0
1904-02-18,,,0.0,,0.0
1904-02-19,,,0.0,,0.0
1904-02-20,,,43.0,,64.0
1904-02-21,,,0.0,,0.0
1904-02-22,,,178.0,,0.0
1904-02-23,,,0.0,,0.0
1904-02-24,,,58.0,,64.0
1904-02-25,,,0.0,,0.0
1904-02-26,,,0.0,,0.0
1904-02-27,,,3.0,,25.0
1904-02-28,,,0.0,,0.0
1904-02-29,,,84.0,,51.0
1904-03-01,,,36.0,,38.0
1904-03-02,,,0.0,,0.0
1904-03-03,,,0.0,,0.0
1904-03-04,,,104.0,,0.0
1904-03-05,,,0.0,,0.0
1904-03-06,,,0.0,,0.0
1904-03-07,,,0.0,,0.0
1904-03-08,,,178.0,,0.0
1904-03-09,,,0.0,,0.0
1904-03-10,,,0.0,,0.0
1904-03-11,,,0.0,,0.0
1904-03-12,,,0.0,,0.0
1904-03-13,,,0.0,,0.0
1904-03-14,,,0.0,,0.0
1904-03-15,,,0.0,,0.0
1904-03-16,,,71.0,,64.0
1904-03-17,,,0.0,,0.0
1904-03-18,,,0.0,,0.0
1904-03-19,,,94.0,,51.0
1904-03-20,,,20.0,,0.0
1904-03-21,,,0.0,,0.0
1904-03-22,,,0.0,,0.0
1904-03-23,,,56.0,,0.0
1904-03-24,,,0.0,,0.0
1904-03-25,,,0.0,,0.0
1904-03-26,,,0.0,,0.0
1904-03-27,,,0.0,,0.0
1904-03-28,,,0.0,,0.0
1904-03-29,,,5.0,,0.0
1904-03-30,,,0.0,,0.0
1904-03-31,,,38.0,,38.0
1904-04-01,,,0.0,,0.0
1904-04-02,,,305.0,,0.0
1904-04-03,,,0.0,,0.0
1904-04-04,,,0.0,,0.0
1904-04-05,,,0.0,,0.0
1904-04-06,,,0.0,,0.0
1904-04-07,,,28.0,,0.0
1904-04-08,,,0.0,,0.0
1904-04-09,,,135.0,,0.0
1904-04-10,,,173.0,,0.0
1904-04-11,,,3.0,,0.0
1904-04-12,,,94.0,,0.0
1904-04-13,,,0.0,,0.0
1904-04-14,,,,,0.0
1904-04-15,,,3.0,,0.0
1904-04-16,,,124.0,,64.0
1904-04-17,,,0.0,,0.0
1904-04-18,,,0.0,,0.0
1904-04-19,,,0.0,,0.0
1904-04-20,,,41.0,,38.0
1904-04-21,,,8.0,,0.0
1904-04-22,,,0.0,,0.0
1904-04-23,,,0.0,,0.0
1904-04-24,,,0.0,,0.0
1904-04-25,,,15.0,,0.0
1904-04-26,,,0.0,,0.0
1904-04-27,,,0.0,,0.0
1904-04-28,,,1036.0,,0.0
1904-04-29,,,371.0,,0.0
1904-04-30,,,61.0,,0.0
1904-05-01,,,0.0,,
1904-05-02,,,0.0,,
1904-05-03,,,0.0,,
1904-05-04,,,0.0,,
1904-05-05,,,0.0,,
1904-05-06,,,0.0,,
1904-05-07,,,0.0,,
1904-05-08,,,0.0,,
1904-05-09,,,251.0,,
1904-05-10,,,53.0,,
1904-05-11,,,0.0,,
1904-05-12,,,160.0,,
1904-05-13,,,0.0,,
1904-05-14,,,0.0,,
1904-05-15,,,0.0,,
1904-05-16,,,51.0,,
1904-05-17,,,0.0,,
1904-05-18,,,0.0,,
1904-05-19,,,185.0,,
1904-05-20,,,157.0,,
1904-05-21,,,15.0,,
1904-05-22,,,0.0,,
1904-05-23,,,0.0,,
1904-05-24,,,0.0,,
1904-05-25,,,13.0,,
1904-05-26,,,10.0,,
1904-05-27,,,76.0,,
1904-05-28,,,0.0,,
1904-05-29,,,0.0,,
1904-05-30,,,0.0,,
1904-05-31,,,107.0,,
1904-06-01,,,0.0,,
1904-06-02,,,102.0,,
1904-06-03,,,58.0,,
1904-06-04,,,0.0,,
1904-06-05,,,0.0,,
1904-06-06,,,0.0,,
1904-06-07,,,262.0,,
1904-06-08,,,0.0,,
1904-06-09,,,0.0,,
1904-06-10,,,0.0,,
1904-06-11,,,0.0,,
1904-06-12,,,0.0,,
1904-06-13,,,0.0,,
1904-06-14,,,0.0,,
1904-06-15,,,41.0,,
1904-06-16,,,211.0,,
1904-06-17,,,0.0,,
1904-06-18,,,0.0,,
1904-06-19,,,0.0,,
1904-06-20,,,0.0,,
1904-06-21,,,0.0,,
1904-06-22,,,0.0,,
1904-06-23,,,0.0,,
1904-06-24,,,0.0,,
1904-06-25,,,56.0,,
1904-06-26,,,0.0,,
1904-06-27,,,0.0,,
1904-06-28,,,0.0,,
1904-06-29,,,119.0,,
1904-06-30,,,0.0,,
1904-07-01,,,0.0,,
1904-07-02,,,3.0,,
1904-07-03,,,0.0,,
1904-07-04,,,0.0,,
1904-07-05,,,76.0,,
1904-07-06,,,0.0,,
1904-07-07,,,0.0,,
1904-07-08,,,0.0,,
1904-07-09,,,0.0,,
1904-07-10,,,0.0,,
1904-07-11,,,0.0,,
1904-07-12,,,0.0,,
1904-07-13,,,0.0,,
1904-07-14,,,0.0,,
1904-07-15,,,0.0,,
1904-07-16,,,25.0,,
1904-07-17,,,0.0,,
1904-07-18,,,0.0,,
1904-07-19,,,0.0,,
1904-07-20,,,0.0,,
1904-07-21,,,0.0,,
1904-07-22,,,0.0,,
1904-07-23,,,61.0,,
1904-07-24,,,53.0,,
1904-07-25,,,94.0,,
1904-07-26,,,0.0,,
1904-07-27,,,28.0,,
1904-07-28,,,0.0,,
1904-07-29,,,13.0,,
1904-07-30,,,0.0,,
1904-07-31,,,0.0,,
1904-08-01,,,0.0,,
1904-08-02,,,277.0,,
1904-08-03,,,13.0,,
1904-08-04,,,0.0,,
1904-08-05,,,0.0,,
1904-08-06,,,58.0,,
1904-08-07,,,0.0,,
1904-08-08,,,46.0,,
1904-08-09,,,0.0,,
1904-08-10,,,0.0,,
1904-08-11,,,107.0,,
1904-08-12,,,0.0,,
1904-08-13,,,0.0,,
1904-08-14,,,0.0,,
1904-08-15,,,0.0,,
1904-08-16,,,10.0,,
1904-08-17,,,0.0,,
1904-08-18,,,0.0,,
1904-08-19,,,0.0,,
1904-08-20,,,0.0,,
1904-08-21,,,264.0,,
1904-08-22,,,0.0,,
1904-08-23,,,0.0,,
1904-08-24,,,0.0,,
1904-08-25,,,0.0,,
1904-08-26,,,0.0,,
1904-08-27,,,0.0,,
1904-08-28,,,0.0,,
1904-08-29,,,0.0,,
1904-08-30,,,0.0,,
1904-08-31,,,0.0,,
1904-09-02,,,20.0,,
1904-09-04,,,0.0,,
1904-09-09,,,64.0,,
1904-09-10,,,10.0,,
1904-09-12,,,183.0,,
1904-09-13,,,8.0,,
1904-09-15,,,1006.0,,
1904-09-21,,,0.0,,
1904-09-25,,,53.0,,
1904-09-27,,,8.0,,
1904-09-30,,,137.0,,
1904-10-01,,,0.0,,
1904-10-02,,,0.0,,
1904-10-03,,,0.0,,
1904-10-04,,,0.0,,
1904-10-05,,,0.0,,
1904-10-06,,,0.0,,
1904-10-07,,,84.0,,
1904-10-08,,,0.0,,
1904-10-09,,,8.0,,
1904-10-10,,,3.0,,
1904-10-11,,,20.0,,
1904-10-12,,,0.0,,
1904-10-13,,,206.0,,
1904-10-14,,,3.0,,
1904-10-15,,,0.0,,
1904-10-16,,,0.0,,
1904-10-17,,,0.0,,
1904-10-18,,,0.0,,
1904-10-19,,,0.0,,
1904-10-20,,,0.0,,
1904-10-21,,,188.0,,
1904-10-22,,,0.0,,
1904-10-23,,,0.0,,
1904-10-24,,,0.0,,
1904-10-25,,,0.0,,
1904-10-26,,,0.0,,
1904-10-27,,,51.0,,
1904-10-28,,,0.0,,
1904-10-29,,,0.0,,
1904-10-30,,,0.0,,
1904-10-31,,,0.0,,
1904-11-01,,,0.0,,0.0
1904-11-02,,,0.0,,0.0
1904-11-03,,,0.0,,0.0
1904-11-04,,,0.0,,0.0
1904-11-05,,,0.0,,0.0
1904-11-06,,,,,0.0
1904-11-07,,,0.0,,0.0
1904-11-08,,,0.0,,0.0
1904-11-09,,,0.0,,0.0
1904-11-10,,,0.0,,0.0
1904-11-11,,,0.0,,0.0
1904-11-12,,,0.0,,0.0
1904-11-13,,,0.0,,0.0
1904-11-14,,,442.0,,0.0
1904-11-15,,,0.0,,0.0
1904-11-16,,,0.0,,0.0
1904-11-17,,,0.0,,0.0
1904-11-18,,,0.0,,0.0
1904-11-19,,,0.0,,0.0
1904-11-20,,,0.0,,0.0
1904-11-21,,,5.0,,0.0
1904-11-22,,,0.0,,0.0
1904-11-23,,,0.0,,0.0
1904-11-24,,,0.0,,0.0
1904-11-25,,,0.0,,0.0
1904-11-26,,,0.0,,0.0
1904-11-27,,,,,0.0
1904-11-28,,,,,0.0
1904-11-29,,,0.0,,0.0
1904-11-30,,,10.0,,0.0
1904-12-01,,,0.0,,0.0
1904-12-02,,,0.0,,0.0
1904-12-03,,,0.0,,0.0
1904-12-04,,,0.0,,0.0
1904-12-05,,,0.0,,0.0
1904-12-06,,,48.0,,114.0
1904-12-07,,,0.0,,0.0
1904-12-08,,,,,0.0
1904-12-09,,,0.0,,0.0
1904-12-10,,,0.0,,0.0
1904-12-11,,,0.0,,0.0
1904-12-12,,,0.0,,0.0
1904-12-13,,,69.0,,76.0
1904-12-14,,,0.0,,0.0
1904-12-15,,,0.0,,0.0
1904-12-16,,,8.0,,5.0
1904-12-17,,,0.0,,0.0
1904-12-18,,,137.0,,127.0
1904-12-19,,,0.0,,0.0
1904-12-20,,,0.0,,0.0
1904-12-21,,,0.0,,0.0
1904-12-22,,,0.0,,0.0
1904-12-23,,,0.0,,0.0
1904-12-24,,,0.0,,0.0
1904-12-25,,,0.0,,0.0
1904-12-26,,,0.0,,0.0
1904-12-27,,,0.0,,0.0
1904-12-28,,,386.0,,25.0
1904-12-29,,,0.0,,0.0
1904-12-30,,,0.0,,0.0
1904-12-31,,,0.0,,0.0
1905-01-01,,,0.0,,
1905-01-02,,,66.0,,
1905-01-03,,,0.0,,
1905-01-04,,,,,216.0
1905-01-05,,,264.0,,89.0
1905-01-06,,,368.0,,
1905-01-07,,,0.0,,
1905-01-08,,,0.0,,
1905-01-09,,,0.0,,
1905-01-10,,,0.0,,
1905-01-11,,,0.0,,
1905-01-12,,,36.0,,33.0
1905-01-13,,,119.0,,
1905-01-14,,,0.0,,
1905-01-15,,,0.0,,
1905-01-16,,,0.0,,
1905-01-17,,,0.0,,
1905-01-18,,,,,0.0
1905-01-19,,,0.0,,
1905-01-20,,,0.0,,
1905-01-21,,,,,13.0
1905-01-22,,,28.0,,
1905-01-23,,,0.0,,
1905-01-24,,,0.0,,
1905-01-25,,,94.0,,198.0
1905-01-26,,,81.0,,114.0
1905-01-27,,,0.0,,
1905-01-28,,,10.0,,33.0
1905-01-29,,,0.0,,
1905-01-30,,,0.0,,
1905-01-31,,,0.0,,
1905-02-01,,,0.0,,0.0
1905-02-02,,,0.0,,0.0
1905-02-03,,,0.0,,0.0
1905-02-04,,,0.0,,0.0
1905-02-05,,,0.0,,0.0
1905-02-06,,,185.0,,0.0
1905-02-07,,,30.0,,178.0
1905-02-08,,,,,0.0
1905-02-09,,,,,64.0
1905-02-10,,,102.0,,0.0
1905-02-11,,,,,25.0
1905-02-12,,,0.0,,0.0
1905-02-13,,,94.0,,0.0
1905-02-14,,,0.0,,0.0
1905-02-15,,,0.0,,0.0
1905-02-16,,,0.0,,0.0
1905-02-17,,,0.0,,0.0
1905-02-18,,,0.0,,0.0
1905-02-19,,,0.0,,0.0
1905-02-20,,,0.0,,0.0
1905-02-21,,,0.0,,0.0
1905-02-22,,,0.0,,0.0
1905-02-23,,,0.0,,0.0
1905-02-24,,,0.0,,0.0
1905-02-25,,,0.0,,0.0
1905-02-26,,,0.0,,0.0
1905-02-27,,,0.0,,0.0
1905-02-28,,,0.0,,0.0
1905-03-01,,,0.0,,0.0
1905-03-02,,,0.0,,0.0
1905-03-03,,,0.0,,0.0
1905-03-04,,,0.0,,0.0
1905-03-05,,,0.0,,0.0
1905-03-06,,,0.0,,0.0
1905-03-07,,,0.0,,0.0
1905-03-08,,,0.0,,0.0
1905-03-09,,,251.0,,0.0
1905-03-10,,,86.0,,0.0
1905-03-11,,,0.0,,0.0
1905-03-12,,,0.0,,0.0
1905-03-13,,,0.0,,0.0
1905-03-14,,,0.0,,0.0
1905-03-15,,,0.0,,0.0
1905-03-16,,,0.0,,0.0
1905-03-17,,,0.0,,0.0
1905-03-18,,,0.0,,0.0
1905-03-19,,,0.0,,0.0
1905-03-20,,,0.0,,0.0
1905-03-21,,,,,178.0
1905-03-22,,,300.0,,0.0
1905-03-23,,,0.0,,0.0
1905-03-24,,,0.0,,0.0
1905-03-25,,,33.0,,0.0
1905-03-26,,,18.0,,0.0
1905-03-27,,,0.0,,0.0
1905-03-28,,,0.0,,0.0
1905-03-29,,,0.0,,0.0
1905-03-30,,,0.0,,0.0
1905-03-31,,,0.0,,0.0
1905-04-01,,,0.0,,
1905-04-02,,,0.0,,
1905-04-03,,,0.0,,
1905-04-04,,,0.0,,
1905-04-05,,,0.0,,
1905-04-06,,,351.0,,
1905-04-07,,,0.0,,
1905-04-08,,,0.0,,
1905-04-09,,,0.0,,
1905-04-10,,,0.0,,
1905-04-11,,,0.0,,
1905-04-12,,,117.0,,
1905-04-13,,,0.0,,
1905-04-14,,,0.0,,
1905-04-15,,,8.0,,
1905-04-16,,,0.0,,
1905-04-17,,,0.0,,
1905-04-18,,,0.0,,
1905-04-19,,,0.0,,
1905-04-20,,,0.0,,
1905-04-21,,,0.0,,
1905-04-22,,,229.0,,
1905-04-23,,,0.0,,
1905-04-24,,,0.0,,
1905-04-25,,,0.0,,
1905-04-26,,,0.0,,
1905-04-27,,,0.0,,
1905-04-28,,,0.0,,
1905-04-29,,,0.0,,
1905-04-30,,,5.0,,
1905-05-01,,,0.0,,
1905-05-02,,,0.0,,
1905-05-03,,,0.0,,
1905-05-04,,,0.0,,
1905-05-05,,,0.0,,
1905-05-06,,,0.0,,
1905-05-07,,,8.0,,
1905-05-08,,,0.0,,
1905-05-09,,,20.0,,
1905-05-10,,,0.0,,
1905-05-11,,,0.0,,
1905-05-12,,,0.0,,
1905-05-13,,,0.0,,
1905-05-14,,,20.0,,
1905-05-15,,,36.0,,
1905-05-16,,,28.0,,
1905-05-17,,,69.0,,
1905-05-18,,,0.0,,
1905-05-19,,,132.0,,
1905-05-20,,,0.0,,
1905-05-21,,,0.0,,
1905-05-22,,,0.0,,
1905-05-23,,,0.0,,
1905-05-24,,,0.0,,
1905-05-25,,,0.0,,
1905-05-26,,,0.0,,
1905-05-27,,,66.0,,
1905-05-28,,,0.0,,
1905-05-29,,,0.0,,
1905-05-30,,,25.0,,
1905-05-31,,,0.0,,
1905-06-01,,,0.0,,
1905-06-02,,,0.0,,
1905-06-03,,,0.0,,
1905-06-04,,,0.0,,
1905-06-05,,,0.0,,
1905-06-06,,,56.0,,
1905-06-07,,,0.0,,
1905-06-08,,,0.0,,
1905-06-09,,,0.0,,
1905-06-10,,,0.0,,
1905-06-11,,,160.0,,
1905-06-12,,,10.0,,
1905-06-13,,,173.0,,
1905-06-14,,,0.0,,
1905-06-15,,,0.0,,
1905-06-16,,,0.0,,
1905-06-17,,,0.0,,
1905-06-18,,,48.0,,
1905-06-19,,,0.0,,
1905-06-20,,,419.0,,
1905-06-21,,,8.0,,
1905-06-22,,,310.0,,
1905-06-23,,,76.0,,
1905-06-24,,,0.0,,
1905-06-25,,,0.0,,
1905-06-26,,,345.0,,
1905-06-27,,,25.0,,
1905-06-28,,,0.0,,
1905-06-29,,,0.0,,
1905-06-30,,,0.0,,
1905-07-01,,,0.0,,
1905-07-02,,,0.0,,
1905-07-03,,,23.0,,
1905-07-04,,,0.0,,
1905-07-05,,,0.0,,
1905-07-06,,,0.0,,
1905-07-07,,,0.0,,
1905-07-08,,,0.0,,
1905-07-09,,,0.0,,
1905-07-10,,,3.0,,
1905-07-11,,,0.0,,
1905-07-12,,,0.0,,
1905-07-13,,,0.0,,
1905-07-14,,,0.0,,
1905-07-15,,,23.0,,
1905-07-16,,,0.0,,
1905-07-17,,,13.0,,
1905-07-18,,,0.0,,
1905-07-19,,,0.0,,
1905-07-20,,,0.0,,
1905-07-21,,,0.0,,
1905-07-22,,,0.0,,
1905-07-23,,,0.0,,
1905-07-24,,,0.0,,
1905-07-25,,,0.0,,
1905-07-26,,,0.0,,
1905-07-27,,,0.0,,
1905-07-28,,,0.0,,
1905-07-29,,,0.0,,
1905-07-30,,,18.0,,
1905-07-31,,,20.0,,
1905-08-01,,,0.0,,
1905-08-02,,,99.0,,
1905-08-03,,,0.0,,
1905-08-04,,,0.0,,
1905-08-05,,,0.0,,
1905-08-06,,,0.0,,
1905-08-07,,,0.0,,
1905-08-08,,,0.0,,
1905-08-09,,,0.0,,
1905-08-10,,,119.0,,
1905-08-11,,,3.0,,
1905-08-12,,,0.0,,
1905-08-13,,,185.0,,
1905-08-14,,,0.0,,
1905-08-15,,,0.0,,
1905-08-16,,,206.0,,
1905-08-17,,,0.0,,
1905-08-18,,,0.0,,
1905-08-19,,,0.0,,
1905-08-20,,,0.0,,
1905-08-21,,,0.0,,
1905-08-22,,,0.0,,
1905-08-23,,,0.0,,
1905-08-24,,,0.0,,
1905-08-25,,,43.0,,
1905-08-26,,,0.0,,
1905-08-27,,,15.0,,
1905-08-28,,,0.0,,
1905-08-29,,,20.0,,
1905-08-30,,,0.0,,
1905-08-31,,,107.0,,
1905-09-01,,,0.0,,
1905-09-02,,,0.0,,
1905-09-03,,,0.0,,
1905-09-04,,,1308.0,,
1905-09-05,,,8.0,,
1905-09-06,,,46.0,,
1905-09-07,,,0.0,,
1905-09-08,,,0.0,,
1905-09-09,,,0.0,,
1905-09-10,,,0.0,,
1905-09-11,,,0.0,,
1905-09-12,,,0.0,,
1905-09-13,,,236.0,,
1905-09-14,,,0.0,,
1905-09-15,,,0.0,,
1905-09-16,,,0.0,,
1905-09-17,,,0.0,,
1905-09-18,,,0.0,,
1905-09-19,,,66.0,,
1905-09-20,,,0.0,,
1905-09-21,,,30.0,,
1905-09-22,,,0.0,,
1905-09-23,,,0.0,,
1905-09-24,,,0.0,,
1905-09-25,,,0.0,,
1905-09-26,,,0.0,,
1905-09-27,,,0.0,,
1905-09-28,,,0.0,,
1905-09-29,,,0.0,,
1905-09-30,,,0.0,,
1905-10-01,,,0.0,,
1905-10-02,,,0.0,,
1905-10-03,,,0.0,,
1905-10-04,,,0.0,,
1905-10-05,,,0.0,,
1905-10-06,,,0.0,,
1905-10-07,,,0.0,,
1905-10-08,,,0.0,,
1905-10-09,,,0.0,,
1905-10-10,,,0.0,,
1905-10-11,,,51.0,,
1905-10-12,,,0.0,,
1905-10-13,,,0.0,,
1905-10-14,,,0.0,,
1905-10-15,,,0.0,,
1905-10-16,,,0.0,,
1905-10-17,,,0.0,,
1905-10-18,,,0.0,,
1905-10-19,,,41.0,,
1905-10-20,,,173.0,,
1905-10-21,,,66.0,,
1905-10-22,,,0.0,,
1905-10-23,,,0.0,,
1905-10-24,,,0.0,,
1905-10-25,,,5.0,,
1905-10-26,,,0.0,,
1905-10-27,,,0.0,,
1905-10-28,,,0.0,,
1905-10-29,,,0.0,,
1905-10-30,,,0.0,,
1905-10-31,,,0.0,,
1905-11-01,,,0.0,,0.0
1905-11-02,,,0.0,,0.0
1905-11-03,,,0.0,,0.0
1905-11-04,,,284.0,,0.0
1905-11-05,,,0.0,,0.0
1905-11-06,,,91.0,,0.0
1905-11-07,,,0.0,,0.0
1905-11-08,,,8.0,,0.0
1905-11-09,,,0.0,,0.0
1905-11-10,,,0.0,,0.0
1905-11-11,,,0.0,,0.0
1905-11-12,,,0.0,,0.0
1905-11-13,,,0.0,,0.0
1905-11-14,,,,,0.0
1905-11-15,,,0.0,,0.0
1905-11-16,,,13.0,,0.0
1905-11-17,,,0.0,,0.0
1905-11-18,,,0.0,,0.0
1905-11-19,,,0.0,,0.0
1905-11-20,,,0.0,,0.0
1905-11-21,,,0.0,,0.0
1905-11-22,,,0.0,,0.0
1905-11-23,,,0.0,,0.0
1905-11-24,,,0.0,,0.0
1905-11-25,,,0.0,,0.0
1905-11-26,,,0.0,,0.0
1905-11-27,,,0.0,,0.0
1905-11-28,,,,,0.0
1905-11-29,,,0.0,,0.0
1905-11-30,,,226.0,,0.0
1905-12-01,,,0.0,,0.0
1905-12-02,,,0.0,,0.0
1905-12-03,,,0.0,,0.0
1905-12-04,,,323.0,,0.0
1905-12-05,,,0.0,,0.0
1905-12-06,,,0.0,,0.0
1905-12-07,,,0.0,,0.0
1905-12-08,,,0.0,,0.0
1905-12-09,,,0.0,,0.0
1905-12-10,,,246.0,,102.0
1905-12-11,,,0.0,,0.0
1905-12-12,,,0.0,,0.0
1905-12-13,,,0.0,,0.0
1905-12-14,,,0.0,,0.0
1905-12-15,,,0.0,,0.0
1905-12-16,,,0.0,,0.0
1905-12-17,,,0.0,,0.0
1905-12-18,,,0.0,,0.0
1905-12-19,,,0.0,,0.0
1905-12-20,,,0.0,,0.0
1905-12-21,,,305.0,,0.0
1905-12-22,,,0.0,,0.0
1905-12-23,,,41.0,,0.0
1905-12-24,,,0.0,,0.0
1905-12-25,,,0.0,,0.0
1905-12-26,,,0.0,,0.0
1905-12-27,,,0.0,,0.0
1905-12-28,,,0.0,,0.0
1905-12-29,,,127.0,,0.0
1905-12-30,,,0.0,,0.0
1905-12-31,,,0.0,,0.0
1906-01-01,,,8.0,,20.0
1906-01-02,,,0.0,,
1906-01-03,,,0.0,,
1906-01-04,,,251.0,,25.0
1906-01-05,,,0.0,,
1906-01-06,,,0.0,,0.0
1906-01-07,,,0.0,,
1906-01-08,,,0.0,,
1906-01-09,,,18.0,,25.0
1906-01-10,,,0.0,,
1906-01-11,,,0.0,,
1906-01-12,,,25.0,,
1906-01-13,,,0.0,,
1906-01-14,,,0.0,,
1906-01-15,,,69.0,,84.0
1906-01-16,,,213.0,,
1906-01-17,,,0.0,,
1906-01-18,,,13.0,,
1906-01-19,,,0.0,,
1906-01-20,,,3.0,,0.0
1906-01-21,,,0.0,,
1906-01-22,,,0.0,,
1906-01-23,,,0.0,,
1906-01-24,,,84.0,,
1906-01-25,,,0.0,,
1906-01-26,,,0.0,,
1906-01-27,,,0.0,,
1906-01-28,,,13.0,,
1906-01-29,,,0.0,,
1906-01-30,,,0.0,,
1906-01-31,,,0.0,,
1906-02-01,,,0.0,,0.0
1906-02-02,,,0.0,,0.0
1906-02-03,,,0.0,,0.0
1906-02-04,,,0.0,,0.0
1906-02-05,,,0.0,,0.0
1906-02-06,,,0.0,,0.0
1906-02-07,,,5.0,,0.0
1906-02-08,,,0.0,,0.0
1906-02-09,,,,,76.0
1906-02-10,,,295.0,,0.0
1906-02-11,,,0.0,,0.0
1906-02-12,,,0.0,,0.0
1906-02-13,,,13.0,,0.0
1906-02-14,,,0.0,,0.0
1906-02-15,,,107.0,,51.0
1906-02-16,,,0.0,,0.0
1906-02-17,,,0.0,,0.0
1906-02-18,,,0.0,,0.0
1906-02-19,,,0.0,,0.0
1906-02-20,,,0.0,,0.0
1906-02-21,,,0.0,,0.0
1906-02-22,,,157.0,,0.0
1906-02-23,,,0.0,,0.0
1906-02-24,,,0.0,,0.0
1906-02-25,,,0.0,,0.0
1906-02-26,,,91.0,,0.0
1906-02-27,,,0.0,,0.0
1906-02-28,,,0.0,,0.0
1906-03-01,,,0.0,,0.0
1906-03-02,,,0.0,,0.0
1906-03-03,,,0.0,,0.0
1906-03-04,,,572.0,,0.0
1906-03-05,,,0.0,,0.0
1906-03-06,,,0.0,,0.0
1906-03-07,,,0.0,,0.0
1906-03-08,,,20.0,,0.0
1906-03-09,,,0.0,,0.0
1906-03-10,,,277.0,,127.0
1906-03-11,,,0.0,,0.0
1906-03-12,,,53.0,,51.0
1906-03-13,,,0.0,,0.0
1906-03-14,,,0.0,,0.0
1906-03-15,,,0.0,,0.0
1906-03-16,,,221.0,,203.0
1906-03-17,,,0.0,,0.0
1906-03-18,,,0.0,,0.0
1906-03-19,,,0.0,,0.0
1906-03-20,,,447.0,,254.0
1906-03-21,,,0.0,,0.0
1906-03-22,,,0.0,,0.0
1906-03-23,,,0.0,,0.0
1906-03-24,,,0.0,,0.0
1906-03-25,,,0.0,,0.0
1906-03-26,,,0.0,,0.0
1906-03-27,,,13.0,,0.0
1906-03-28,,,15.0,,0.0
1906-03-29,,,0.0,,0.0
1906-03-30,,,0.0,,0.0
1906-03-31,,,107.0,,0.0
1906-04-01,,,0.0,,0.0
1906-04-02,,,0.0,,0.0
1906-04-03,,,0.0,,0.0
1906-04-04,,,0.0,,0.0
1906-04-05,,,8.0,,0.0
1906-04-06,,,69.0,,0.0
1906-04-07,,,0.0,,0.0
1906-04-08,,,0.0,,0.0
1906-04-09,,,0.0,,0.0
1906-04-10,,,267.0,,51.0
1906-04-11,,,109.0,,0.0
1906-04-12,,,0.0,,0.0
1906-04-13,,,0.0,,0.0
1906-04-14,,,0.0,,0.0
1906-04-15,,,130.0,,0.0
1906-04-16,,,0.0,,0.0
1906-04-17,,,0.0,,0.0
1906-04-18,,,0.0,,0.0
1906-04-19,,,0.0,,0.0
1906-04-20,,,0.0,,0.0
1906-04-21,,,0.0,,0.0
1906-04-22,,,3.0,,0.0
1906-04-23,,,36.0,,0.0
1906-04-24,,,0.0,,0.0
1906-04-25,,,0.0,,0.0
1906-04-26,,,0.0,,0.0
1906-04-27,,,0.0,,0.0
1906-04-28,,,0.0,,0.0
1906-04-29,,,0.0,,0.0
1906-04-30,,,79.0,,0.0
1906-05-01,,,0.0,,
1906-05-02,,,0.0,,
1906-05-03,,,46.0,,
1906-05-04,,,0.0,,
1906-05-05,,,0.0,,
1906-05-06,,,86.0,,
1906-05-07,,,152.0,,
1906-05-08,,,0.0,,
1906-05-09,,,0.0,,
1906-05-10,,,25.0,,
1906-05-11,,,0.0,,
1906-05-12,,,0.0,,
1906-05-13,,,0.0,,
1906-05-14,,,0.0,,
1906-05-15,,,0.0,,
1906-05-16,,,0.0,,
1906-05-17,,,36.0,,
1906-05-18,,,0.0,,
1906-05-19,,,0.0,,
1906-05-20,,,0.0,,
1906-05-21,,,0.0,,
1906-05-22,,,0.0,,
1906-05-23,,,0.0,,
1906-05-24,,,18.0,,
1906-05-25,,,0.0,,
1906-05-26,,,114.0,,
1906-05-27,,,0.0,,
1906-05-28,,,0.0,,
1906-05-29,,,795.0,,
1906-05-30,,,0.0,,
1906-05-31,,,0.0,,
1906-06-01,,,0.0,,
1906-06-02,,,0.0,,
1906-06-03,,,0.0,,
1906-06-04,,,0.0,,
1906-06-05,,,0.0,,
1906-06-06,,,18.0,,
1906-06-07,,,173.0,,
1906-06-08,,,46.0,,
1906-06-09,,,28.0,,
1906-06-10,,,0.0,,
1906-06-11,,,53.0,,
1906-06-12,,,0.0,,
1906-06-13,,,0.0,,
1906-06-14,,,0.0,,
1906-06-15,,,0.0,,
1906-06-16,,,0.0,,
1906-06-17,,,277.0,,
1906-06-18,,,56.0,,
1906-06-19,,,15.0,,
1906-06-20,,,0.0,,
1906-06-21,,,0.0,,
1906-06-22,,,0.0,,
1906-06-23,,,0.0,,
1906-06-24,,,33.0,,
1906-06-25,,,0.0,,
1906-06-26,,,0.0,,
1906-06-27,,,0.0,,
1906-06-28,,,0.0,,
1906-06-29,,,0.0,,
1906-06-30,,,173.0,,
1906-07-01,,,330.0,,
1906-07-02,,,41.0,,
1906-07-03,,,8.0,,
1906-07-04,,,142.0,,
1906-07-05,,,0.0,,
1906-07-06,,,0.0,,
1906-07-07,,,0.0,,
1906-07-08,,,20.0,,
1906-07-09,,,0.0,,
1906-07-10,,,79.0,,
1906-07-11,,,0.0,,
1906-07-12,,,0.0,,
1906-07-13,,,0.0,,
1906-07-14,,,0.0,,
1906-07-15,,,0.0,,
1906-07-16,,,3.0,,
1906-07-17,,,0.0,,
1906-07-18,,,13.0,,
1906-07-19,,,0.0,,
1906-07-20,,,0.0,,
1906-07-21,,,0.0,,
1906-07-22,,,239.0,,
1906-07-23,,,0.0,,
1906-07-24,,,20.0,,
1906-07-25,,,0.0,,
1906-07-26,,,0.0,,
1906-07-27,,,3.0,,
1906-07-28,,,0.0,,
1906-07-29,,,0.0,,
1906-07-30,,,343.0,,
1906-07-31,,,0.0,,
1906-09-01,,,0.0,,
1906-09-02,,,0.0,,
1906-09-03,,,15.0,,
1906-09-04,,,0.0,,
1906-09-05,,,0.0,,
1906-09-06,,,0.0,,
1906-09-07,,,0.0,,
1906-09-08,,,0.0,,
1906-09-09,,,0.0,,
1906-09-10,,,0.0,,
1906-09-11,,,0.0,,
1906-09-12,,,0.0,,
1906-09-13,,,15.0,,
1906-09-14,,,0.0,,
1906-09-15,,,0.0,,
1906-09-16,,,0.0,,
1906-09-17,,,0.0,,
1906-09-18,,,0.0,,
1906-09-19,,,0.0,,
1906-09-20,,,0.0,,
1906-09-21,,,91.0,,
1906-09-22,,,0.0,,
1906-09-23,,,173.0,,
1906-09-24,,,0.0,,
1906-09-25,,,0.0,,
1906-09-26,,,0.0,,
1906-09-27,,,30.0,,
1906-09-28,,,0.0,,
1906-09-29,,,0.0,,
1906-09-30,,,201.0,,
1906-10-01,,,0.0,,
1906-10-02,,,0.0,,
1906-10-03,,,0.0,,
1906-10-04,,,0.0,,
1906-10-05,,,0.0,,
1906-10-06,,,0.0,,
1906-10-07,,,15.0,,
1906-10-08,,,0.0,,
1906-10-09,,,0.0,,
1906-10-10,,,569.0,,
1906-10-11,,,0.0,,
1906-10-12,,,0.0,,
1906-10-13,,,0.0,,
1906-10-14,,,0.0,,
1906-10-15,,,0.0,,
1906-10-16,,,0.0,,
1906-10-17,,,0.0,,
1906-10-18,,,0.0,,
1906-10-19,,,0.0,,
1906-10-20,,,0.0,,
1906-10-21,,,119.0,,
1906-10-22,,,0.0,,
1906-10-23,,,0.0,,
1906-10-24,,,0.0,,
1906-10-25,,,66.0,,
1906-10-26,,,0.0,,
1906-10-27,,,0.0,,
1906-10-28,,,0.0,,
1906-10-29,,,0.0,,
1906-10-30,,,0.0,,
1906-10-31,,,94.0,,
1906-11-01,,,0.0,,0.0
1906-11-02,,,0.0,,0.0
1906-11-03,,,20.0,,13.0
1906-11-04,,,0.0,,0.0
1906-11-05,,,0.0,,0.0
1906-11-06,,,0.0,,0.0
1906-11-07,,,0.0,,0.0
1906-11-08,,,0.0,,0.0
1906-11-09,,,0.0,,0.0
1906-11-10,,,8.0,,0.0
1906-11-11,,,0.0,,0.0
1906-11-12,,,358.0,,0.0
1906-11-13,,,0.0,,0.0
1906-11-14,,,,,0.0
1906-11-15,,,0.0,,0.0
1906-11-16,,,277.0,,0.0
1906-11-17,,,0.0,,0.0
1906-11-18,,,0.0,,0.0
1906-11-19,,,0.0,,0.0
1906-11-20,,,0.0,,0.0
1906-11-21,,,0.0,,0.0
1906-11-22,,,25.0,,0.0
1906-11-23,,,0.0,,0.0
1906-11-24,,,0.0,,0.0
1906-11-25,,,0.0,,0.0
1906-11-26,,,13.0,,0.0
1906-11-27,,,0.0,,0.0
1906-11-28,,,,,25.0
1906-11-29,,,23.0,,0.0
1906-11-30,,,0.0,,0.0
1906-12-01,,,0.0,,0.0
1906-12-02,,,0.0,,0.0
1906-12-03,,,0.0,,0.0
1906-12-04,,,28.0,,25.0
1906-12-05,,,0.0,,0.0
1906-12-06,,,0.0,,0.0
1906-12-07,,,152.0,,25.0
1906-12-08,,,0.0,,0.0
1906-12-09,,,0.0,,0.0
1906-12-10,,,0.0,,0.0
1906-12-11,,,0.0,,0.0
1906-12-12,,,318.0,,76.0
1906-12-13,,,0.0,,0.0
1906-12-14,,,0.0,,0.0
1906-12-15,,,0.0,,0.0
1906-12-16,,,0.0,,0.0
1906-12-17,,,30.0,,0.0
1906-12-18,,,0.0,,0.0
1906-12-19,,,0.0,,0.0
1906-12-20,,,0.0,,0.0
1906-12-21,,,0.0,,0.0
1906-12-22,,,196.0,,0.0
1906-12-23,,,0.0,,0.0
1906-12-24,,,165.0,,203.0
1906-12-25,,,0.0,,0.0
1906-12-26,,,0.0,,0.0
1906-12-27,,,20.0,,51.0
1906-12-28,,,0.0,,0.0
1906-12-29,,,0.0,,0.0
1906-12-30,,,0.0,,0.0
1906-12-31,,,427.0,,0.0
1907-01-01,,,0.0,,0.0
1907-01-02,,,0.0,,0.0
1907-01-03,,,0.0,,0.0
1907-01-04,,,114.0,,0.0
1907-01-05,,,0.0,,0.0
1907-01-06,,,0.0,,0.0
1907-01-07,,,0.0,,0.0
1907-01-08,,,69.0,,0.0
1907-01-09,,,25.0,,0.0
1907-01-10,,,0.0,,0.0
1907-01-11,,,0.0,,0.0
1907-01-12,,,53.0,,38.0
1907-01-13,,,0.0,,0.0
1907-01-14,,,58.0,,51.0
1907-01-15,,,0.0,,0.0
1907-01-16,,,0.0,,0.0
1907-01-17,,,51.0,,38.0
1907-01-18,,,0.0,,0.0
1907-01-19,,,0.0,,0.0
1907-01-20,,,66.0,,0.0
1907-01-21,,,0.0,,0.0
1907-01-22,,,23.0,,51.0
1907-01-23,,,0.0,,0.0
1907-01-24,,,0.0,,0.0
1907-01-25,,,0.0,,0.0
1907-01-26,,,226.0,,241.0
1907-01-27,,,0.0,,0.0
1907-01-28,,,0.0,,0.0
1907-01-29,,,0.0,,0.0
1907-01-30,,,15.0,,38.0
1907-01-31,,,0.0,,0.0
1907-02-01,,,0.0,,
1907-02-02,,,150.0,,
1907-02-03,,,0.0,,
1907-02-04,,,0.0,,
1907-02-05,,,0.0,,
1907-02-06,,,201.0,,343.0
1907-02-07,,,0.0,,
1907-02-08,,,0.0,,
1907-02-09,,,0.0,,
1907-02-10,,,15.0,,
1907-02-11,,,0.0,,
1907-02-12,,,0.0,,
1907-02-13,,,0.0,,
1907-02-14,,,0.0,,
1907-02-15,,,0.0,,
1907-02-16,,,0.0,,
1907-02-17,,,0.0,,
1907-02-18,,,33.0,,64.0
1907-02-19,,,0.0,,
1907-02-20,,,18.0,,25.0
1907-02-21,,,84.0,,102.0
1907-02-22,,,0.0,,
1907-02-23,,,0.0,,
1907-02-24,,,0.0,,
1907-02-25,,,53.0,,58.0
1907-02-26,,,0.0,,
1907-02-27,,,0.0,,
1907-02-28,,,0.0,,
1907-03-01,,,0.0,,0.0
1907-03-02,,,109.0,,0.0
1907-03-03,,,0.0,,0.0
1907-03-04,,,20.0,,51.0
1907-03-05,,,0.0,,0.0
1907-03-06,,,0.0,,0.0
1907-03-07,,,0.0,,0.0
1907-03-08,,,0.0,,0.0
1907-03-09,,,0.0,,0.0
1907-03-10,,,33.0,,38.0
1907-03-11,,,0.0,,0.0
1907-03-12,,,0.0,,0.0
1907-03-13,,,0.0,,0.0
1907-03-14,,,132.0,,0.0
1907-03-15,,,53.0,,0.0
1907-03-16,,,0.0,,0.0
1907-03-17,,,0.0,,0.0
1907-03-18,,,0.0,,0.0
1907-03-19,,,0.0,,0.0
1907-03-20,,,91.0,,25.0
1907-03-21,,,0.0,,0.0
1907-03-22,,,0.0,,0.0
1907-03-23,,,0.0,,0.0
1907-03-24,,,,,89.0
1907-03-25,,,107.0,,0.0
1907-03-26,,,0.0,,0.0
1907-03-27,,,0.0,,0.0
1907-03-28,,,8.0,,0.0
1907-03-29,,,0.0,,0.0
1907-03-30,,,0.0,,0.0
1907-03-31,,,0.0,,0.0
1907-04-01,,,0.0,,0.0
1907-04-02,,,147.0,,127.0
1907-04-03,,,0.0,,0.0
1907-04-04,,,0.0,,0.0
1907-04-05,,,5.0,,0.0
1907-04-06,,,0.0,,0.0
1907-04-07,,,0.0,,0.0
1907-04-08,,,,,0.0
1907-04-09,,,0.0,,0.0
1907-04-10,,,0.0,,0.0
1907-04-11,,,526.0,,0.0
1907-04-12,,,0.0,,0.0
1907-04-13,,,112.0,,0.0
1907-04-14,,,0.0,,0.0
1907-04-15,,,0.0,,0.0
1907-04-16,,,0.0,,0.0
1907-04-17,,,0.0,,0.0
1907-04-18,,,0.0,,0.0
1907-04-19,,,0.0,,0.0
1907-04-20,,,8.0,,0.0
1907-04-21,,,0.0,,0.0
1907-04-22,,,0.0,,0.0
1907-04-23,,,0.0,,0.0
1907-04-24,,,114.0,,0.0
1907-04-25,,,0.0,,0.0
1907-04-26,,,0.0,,0.0
1907-04-27,,,0.0,,0.0
1907-04-28,,,0.0,,0.0
1907-04-29,,,0.0,,0.0
1907-04-30,,,0.0,,0.0
1907-05-01,,,13.0,,0.0
1907-05-02,,,0.0,,0.0
1907-05-03,,,0.0,,0.0
1907-05-04,,,124.0,,0.0
1907-05-05,,,0.0,,0.0
1907-05-06,,,0.0,,0.0
1907-05-07,,,71.0,,0.0
1907-05-08,,,0.0,,0.0
1907-05-09,,,18.0,,0.0
1907-05-10,,,0.0,,0.0
1907-05-11,,,236.0,,0.0
1907-05-12,,,0.0,,0.0
1907-05-13,,,0.0,,0.0
1907-05-14,,,0.0,,0.0
1907-05-15,,,0.0,,0.0
1907-05-16,,,0.0,,0.0
1907-05-17,,,86.0,,0.0
1907-05-18,,,0.0,,0.0
1907-05-19,,,0.0,,0.0
1907-05-20,,,53.0,,0.0
1907-05-21,,,0.0,,0.0
1907-05-22,,,0.0,,0.0
1907-05-23,,,0.0,,0.0
1907-05-24,,,0.0,,0.0
1907-05-25,,,0.0,,0.0
1907-05-26,,,0.0,,0.0
1907-05-27,,,0.0,,0.0
1907-05-28,,,150.0,,0.0
1907-05-29,,,0.0,,0.0
1907-05-30,,,0.0,,0.0
1907-05-31,,,0.0,,0.0
1907-07-01,,,0.0,,
1907-07-02,,,0.0,,
1907-07-03,,,0.0,,
1907-07-04,,,0.0,,
1907-07-05,,,0.0,,
1907-07-06,,,0.0,,
1907-07-07,,,8.0,,
1907-07-08,,,0.0,,
1907-07-09,,,0.0,,
1907-07-10,,,0.0,,
1907-07-11,,,0.0,,
1907-07-12,,,191.0,,
1907-07-13,,,0.0,,
1907-07-14,,,0.0,,
1907-07-15,,,0.0,,
1907-07-16,,,0.0,,
1907-07-17,,,0.0,,
1907-07-18,,,15.0,,
1907-07-19,,,0.0,,
1907-07-20,,,0.0,,
1907-07-21,,,38.0,,
1907-07-22,,,0.0,,
1907-07-23,,,5.0,,
1907-07-24,,,0.0,,
1907-07-25,,,185.0,,
1907-07-26,,,135.0,,
1907-07-27,,,163.0,,
1907-07-28,,,0.0,,
1907-07-29,,,0.0,,
1907-07-30,,,0.0,,
1907-07-31,,,0.0,,
1907-09-01,,,0.0,,
1907-09-02,,,0.0,,
1907-09-03,,,0.0,,
1907-09-04,,,312.0,,
1907-09-05,,,140.0,,
1907-09-06,,,0.0,,
1907-09-07,,,0.0,,
1907-09-08,,,0.0,,
1907-09-09,,,114.0,,
1907-09-10,,,8.0,,
1907-09-11,,,0.0,,
1907-09-12,,,41.0,,
1907-09-13,,,0.0,,
1907-09-14,,,0.0,,
1907-09-15,,,0.0,,
1907-09-16,,,0.0,,
1907-09-17,,,0.0,,
1907-09-18,,,0.0,,
1907-09-19,,,0.0,,
1907-09-20,,,0.0,,
1907-09-21,,,0.0,,
1907-09-22,,,43.0,,
1907-09-23,,,0.0,,
1907-09-24,,,516.0,,
1907-09-25,,,8.0,,
1907-09-26,,,0.0,,
1907-09-27,,,0.0,,
1907-09-28,,,0.0,,
1907-09-29,,,892.0,,
1907-09-30,,,0.0,,
1907-10-01,,,0.0,,
1907-10-02,,,0.0,,
1907-10-03,,,0.0,,
1907-10-04,,,91.0,,
1907-10-05,,,0.0,,
1907-10-06,,,0.0,,
1907-10-07,,,0.0,,
1907-10-08,,,244.0,,
1907-10-09,,,0.0,,
1907-10-10,,,0.0,,
1907-10-11,,,0.0,,
1907-10-12,,,0.0,,
1907-10-13,,,0.0,,
1907-10-14,,,0.0,,
1907-10-15,,,0.0,,
1907-10-16,,,0.0,,
1907-10-17,,,0.0,,
1907-10-18,,,0.0,,
1907-10-19,,,0.0,,
1907-10-20,,,0.0,,
1907-10-21,,,97.0,,
1907-10-22,,,0.0,,
1907-10-23,,,0.0,,
1907-10-24,,,0.0,,
1907-10-25,,,0.0,,
1907-10-26,,,0.0,,
1907-10-27,,,0.0,,
1907-10-28,,,0.0,,
1907-10-29,,,109.0,,
1907-10-30,,,41.0,,
1907-10-31,,,0.0,,
1907-11-01,,,0.0,,
1907-11-02,,,0.0,,
1907-11-03,,,180.0,,
1907-11-04,,,0.0,,
1907-11-05,,,0.0,,
1907-11-06,,,409.0,,
1907-11-07,,,0.0,,
1907-11-08,,,0.0,,
1907-11-09,,,0.0,,
1907-11-10,,,145.0,,
1907-11-11,,,0.0,,
1907-11-12,,,0.0,,
1907-11-13,,,0.0,,
1907-11-14,,,0.0,,
1907-11-15,,,0.0,,
1907-11-16,,,0.0,,
1907-11-17,,,0.0,,
1907-11-18,,,0.0,,
1907-11-19,,,66.0,,
1907-11-20,,,0.0,,
1907-11-21,,,0.0,,
1907-11-22,,,8.0,,
1907-11-23,,,0.0,,
1907-11-24,,,0.0,,
1907-11-25,,,688.0,,
1907-11-26,,,0.0,,
1907-11-27,,,25.0,,
1907-11-28,,,0.0,,
1907-11-29,,,0.0,,
1907-11-30,,,0.0,,
1907-12-01,,,10.0,,33.0
1907-12-02,,,0.0,,0.0
1907-12-03,,,0.0,,0.0
1907-12-04,,,38.0,,64.0
1907-12-05,,,0.0,,0.0
1907-12-06,,,0.0,,0.0
1907-12-07,,,0.0,,0.0
1907-12-08,,,0.0,,0.0
1907-12-09,,,0.0,,0.0
1907-12-10,,,0.0,,0.0
1907-12-11,,,282.0,,0.0
1907-12-12,,,0.0,,0.0
1907-12-13,,,0.0,,0.0
1907-12-14,,,,,216.0
1907-12-15,,,384.0,,38.0
1907-12-16,,,38.0,,0.0
1907-12-17,,,0.0,,0.0
1907-12-18,,,0.0,,0.0
1907-12-19,,,0.0,,0.0
1907-12-20,,,0.0,,0.0
1907-12-21,,,0.0,,0.0
1907-12-22,,,0.0,,0.0
1907-12-23,,,0.0,,0.0
1907-12-24,,,160.0,,0.0
1907-12-25,,,0.0,,0.0
1907-12-26,,,0.0,,0.0
1907-12-27,,,0.0,,0.0
1907-12-28,,,0.0,,0.0
1907-12-29,,,0.0,,0.0
1907-12-30,,,165.0,,0.0
1907-12-31,,,30.0,,0.0
1908-01-01,,,0.0,,0.0
1908-01-02,,,0.0,,0.0
1908-01-03,,,0.0,,0.0
1908-01-04,,,0.0,,0.0
1908-01-05,,,8.0,,0.0
1908-01-06,,,0.0,,0.0
1908-01-07,,,264.0,,0.0
1908-01-08,,,0.0,,0.0
1908-01-09,,,,,0.0
1908-01-10,,,0.0,,0.0
1908-01-11,,,0.0,,0.0
1908-01-12,,,0.0,,0.0
1908-01-13,,,163.0,,0.0
1908-01-14,,,0.0,,0.0
1908-01-15,,,0.0,,0.0
1908-01-16,,,8.0,,0.0
1908-01-17,,,0.0,,0.0
1908-01-18,,,0.0,,0.0
1908-01-19,,,0.0,,0.0
1908-01-20,,,0.0,,0.0
1908-01-21,,,0.0,,0.0
1908-01-22,,,0.0,,0.0
1908-01-23,,,0.0,,0.0
1908-01-24,,,0.0,,0.0
1908-01-25,,,91.0,,102.0
1908-01-26,,,0.0,,0.0
1908-01-27,,,84.0,,0.0
1908-01-28,,,0.0,,0.0
1908-01-29,,,38.0,,38.0
1908-01-30,,,0.0,,0.0
1908-01-31,,,0.0,,0.0
1908-02-01,,,,,64.0
1908-02-02,,,198.0,,0.0
1908-02-03,,,0.0,,0.0
1908-02-04,,,0.0,,0.0
1908-02-05,,,0.0,,0.0
1908-02-06,,,102.0,,114.0
1908-02-07,,,0.0,,0.0
1908-02-08,,,0.0,,0.0
1908-02-09,,,0.0,,0.0
1908-02-10,,,0.0,,0.0
1908-02-11,,,0.0,,0.0
1908-02-12,,,0.0,,0.0
1908-02-13,,,0.0,,0.0
1908-02-14,,,48.0,,0.0
1908-02-15,,,0.0,,0.0
1908-02-16,,,119.0,,0.0
1908-02-17,,,0.0,,0.0
1908-02-18,,,0.0,,0.0
1908-02-19,,,,,152.0
1908-02-20,,,330.0,,0.0
1908-02-21,,,0.0,,0.0
1908-02-22,,,0.0,,0.0
1908-02-23,,,0.0,,0.0
1908-02-24,,,20.0,,64.0
1908-02-25,,,0.0,,0.0
1908-02-26,,,0.0,,0.0
1908-02-27,,,201.0,,0.0
1908-02-28,,,0.0,,0.0
1908-02-29,,,0.0,,0.0
1908-03-01,,,,,51.0
1908-03-02,,,0.0,,0.0
1908-03-03,,,193.0,,0.0
1908-03-04,,,0.0,,0.0
1908-03-05,,,0.0,,0.0
1908-03-06,,,,,25.0
1908-03-07,,,124.0,,0.0
1908-03-08,,,0.0,,0.0
1908-03-09,,,15.0,,0.0
1908-03-10,,,0.0,,0.0
1908-03-11,,,0.0,,0.0
1908-03-12,,,0.0,,0.0
1908-03-13,,,0.0,,0.0
1908-03-14,,,43.0,,0.0
1908-03-15,,,0.0,,0.0
1908-03-16,,,0.0,,0.0
1908-03-17,,,0.0,,0.0
1908-03-18,,,33.0,,38.0
1908-03-19,,,137.0,,0.0
1908-03-20,,,0.0,,0.0
1908-03-21,,,0.0,,0.0
1908-03-22,,,0.0,,0.0
1908-03-23,,,0.0,,0.0
1908-03-24,,,56.0,,0.0
1908-03-25,,,0.0,,0.0
1908-03-26,,,0.0,,0.0
1908-03-27,,,0.0,,0.0
1908-03-28,,,0.0,,0.0
1908-03-29,,,0.0,,0.0
1908-03-30,,,107.0,,0.0
1908-03-31,,,0.0,,0.0
1908-04-01,,,0.0,,0.0
1908-04-02,,,30.0,,0.0
1908-04-03,,,0.0,,0.0
1908-04-04,,,0.0,,0.0
1908-04-05,,,0.0,,0.0
1908-04-06,,,0.0,,0.0
1908-04-07,,,0.0,,0.0
1908-04-08,,,0.0,,0.0
1908-04-09,,,86.0,,0.0
1908-04-10,,,8.0,,0.0
1908-04-11,,,0.0,,0.0
1908-04-12,,,0.0,,0.0
1908-04-13,,,23.0,,13.0
1908-04-14,,,0.0,,0.0
1908-04-15,,,0.0,,0.0
1908-04-16,,,66.0,,0.0
1908-04-17,,,0.0,,0.0
1908-04-18,,,0.0,,0.0
1908-04-19,,,107.0,,0.0
1908-04-20,,,18.0,,0.0
1908-04-21,,,0.0,,0.0
1908-04-22,,,0.0,,0.0
1908-04-23,,,0.0,,0.0
1908-04-24,,,0.0,,0.0
1908-04-25,,,0.0,,0.0
1908-04-26,,,8.0,,0.0
1908-04-27,,,0.0,,0.0
1908-04-28,,,0.0,,0.0
1908-04-29,,,0.0,,0.0
1908-04-30,,,10.0,,0.0
1908-05-01,,,173.0,,
1908-05-02,,,3.0,,
1908-05-03,,,10.0,,
1908-05-04,,,0.0,,
1908-05-05,,,0.0,,
1908-05-06,,,0.0,,
1908-05-07,,,0.0,,
1908-05-08,,,521.0,,
1908-05-09,,,3.0,,
1908-05-10,,,33.0,,
1908-05-11,,,0.0,,
1908-05-12,,,0.0,,
1908-05-13,,,0.0,,
1908-05-14,,,25.0,,
1908-05-15,,,61.0,,
1908-05-16,,,0.0,,
1908-05-17,,,0.0,,
1908-05-18,,,0.0,,
1908-05-19,,,0.0,,
1908-05-20,,,0.0,,
1908-05-21,,,91.0,,
1908-05-22,,,0.0,,
1908-05-23,,,10.0,,
1908-05-24,,,0.0,,
1908-05-25,,,0.0,,
1908-05-26,,,0.0,,
1908-05-27,,,0.0,,
1908-05-28,,,0.0,,
1908-05-29,,,0.0,,
1908-05-30,,,0.0,,
1908-05-31,,,127.0,,
1908-06-01,,,13.0,,
1908-06-02,,,0.0,,
1908-06-03,,,0.0,,
1908-06-04,,,0.0,,
1908-06-05,,,0.0,,
1908-06-06,,,0.0,,
1908-06-07,,,0.0,,
1908-06-08,,,0.0,,
1908-06-09,,,0.0,,
1908-06-10,,,0.0,,
1908-06-11,,,0.0,,
1908-06-12,,,0.0,,
1908-06-13,,,0.0,,
1908-06-14,,,0.0,,
1908-06-15,,,0.0,,
1908-06-16,,,130.0,,
1908-06-17,,,0.0,,
1908-06-18,,,0.0,,
1908-06-19,,,0.0,,
1908-06-20,,,0.0,,
1908-06-21,,,0.0,,
1908-06-22,,,0.0,,
1908-06-23,,,25.0,,
1908-06-24,,,8.0,,
1908-06-25,,,38.0,,
1908-06-26,,,0.0,,
1908-06-27,,,0.0,,
1908-06-28,,,0.0,,
1908-06-29,,,0.0,,
1908-06-30,,,0.0,,
1908-07-01,,,0.0,,
1908-07-02,,,23.0,,
1908-07-03,,,38.0,,
1908-07-04,,,15.0,,
1908-07-05,,,0.0,,
1908-07-06,,,0.0,,
1908-07-07,,,0.0,,
1908-07-08,,,0.0,,
1908-07-09,,,0.0,,
1908-07-10,,,0.0,,
1908-07-11,,,0.0,,
1908-07-12,,,0.0,,
1908-07-13,,,0.0,,
1908-07-14,,,69.0,,
1908-07-15,,,0.0,,
1908-07-16,,,0.0,,
1908-07-17,,,0.0,,
1908-07-18,,,20.0,,
1908-07-19,,,185.0,,
1908-07-20,,,185.0,,
1908-07-21,,,0.0,,
1908-07-22,,,0.0,,
1908-07-23,,,41.0,,
1908-07-24,,,20.0,,
1908-07-25,,,0.0,,
1908-07-26,,,450.0,,
1908-07-27,,,0.0,,
1908-07-28,,,0.0,,
1908-07-29,,,0.0,,
1908-07-30,,,0.0,,
1908-07-31,,,0.0,,
1908-08-01,,,0.0,,
1908-08-02,,,0.0,,
1908-08-03,,,0.0,,
1908-08-04,,,28.0,,
1908-08-05,,,61.0,,
1908-08-06,,,53.0,,
1908-08-07,,,142.0,,
1908-08-08,,,251.0,,
1908-08-09,,,0.0,,
1908-08-10,,,0.0,,
1908-08-11,,,0.0,,
1908-08-12,,,0.0,,
1908-08-13,,,0.0,,
1908-08-14,,,18.0,,
1908-08-15,,,0.0,,
1908-08-16,,,0.0,,
1908-08-17,,,20.0,,
1908-08-18,,,25.0,,
1908-08-19,,,0.0,,
1908-08-20,,,0.0,,
1908-08-21,,,0.0,,
1908-08-22,,,58.0,,
1908-08-23,,,0.0,,
1908-08-24,,,0.0,,
1908-08-25,,,0.0,,
1908-08-26,,,0.0,,
1908-08-27,,,297.0,,
1908-08-28,,,0.0,,
1908-08-29,,,0.0,,
1908-08-30,,,0.0,,
1908-08-31,,,0.0,,
1908-10-01,,,0.0,,
1908-10-02,,,226.0,,
1908-10-03,,,0.0,,
1908-10-04,,,0.0,,
1908-10-05,,,0.0,,
1908-10-06,,,0.0,,
1908-10-07,,,0.0,,
1908-10-08,,,0.0,,
1908-10-09,,,0.0,,
1908-10-10,,,0.0,,
1908-10-11,,,36.0,,
1908-10-12,,,0.0,,
1908-10-13,,,0.0,,
1908-10-14,,,0.0,,
1908-10-15,,,0.0,,
1908-10-16,,,0.0,,
1908-10-17,,,0.0,,
1908-10-18,,,0.0,,
1908-10-19,,,0.0,,
1908-10-20,,,0.0,,
1908-10-21,,,0.0,,
1908-10-22,,,0.0,,
1908-10-23,,,0.0,,
1908-10-24,,,0.0,,
1908-10-25,,,0.0,,
1908-10-26,,,0.0,,
1908-10-27,,,554.0,,
1908-10-28,,,0.0,,
1908-10-29,,,64.0,,
1908-10-30,,,394.0,,
1908-10-31,,,0.0,,
1908-11-01,,,0.0,,0.0
1908-11-02,,,0.0,,0.0
1908-11-03,,,0.0,,0.0
1908-11-04,,,0.0,,0.0
1908-11-05,,,0.0,,0.0
1908-11-06,,,0.0,,0.0
1908-11-07,,,0.0,,0.0
1908-11-08,,,0.0,,0.0
1908-11-09,,,25.0,,0.0
1908-11-10,,,0.0,,0.0
1908-11-11,,,8.0,,0.0
1908-11-12,,,23.0,,0.0
1908-11-13,,,0.0,,0.0
1908-11-14,,,0.0,,0.0
1908-11-15,,,127.0,,0.0
1908-11-16,,,0.0,,0.0
1908-11-17,,,0.0,,0.0
1908-11-18,,,38.0,,0.0
1908-11-19,,,0.0,,0.0
1908-11-20,,,51.0,,0.0
1908-11-21,,,0.0,,0.0
1908-11-22,,,0.0,,0.0
1908-11-23,,,0.0,,0.0
1908-11-24,,,0.0,,0.0
1908-11-25,,,0.0,,0.0
1908-11-26,,,20.0,,0.0
1908-11-27,,,8.0,,0.0
1908-11-28,,,0.0,,0.0
1908-11-29,,,0.0,,0.0
1908-11-30,,,0.0,,0.0
1909-01-01,,,0.0,,0.0
1909-01-02,,,0.0,,0.0
1909-01-03,,,0.0,,0.0
1909-01-04,,,23.0,,0.0
1909-01-05,,,28.0,,0.0
1909-01-06,,,173.0,,0.0
1909-01-07,,,0.0,,0.0
1909-01-08,,,0.0,,0.0
1909-01-09,,,0.0,,0.0
1909-01-10,,,0.0,,0.0
1909-01-11,,,0.0,,0.0
1909-01-12,,,0.0,,0.0
1909-01-13,,,99.0,,38.0
1909-01-14,,,0.0,,0.0
1909-01-15,,,76.0,,25.0
1909-01-16,,,0.0,,0.0
1909-01-17,,,0.0,,0.0
1909-01-18,,,394.0,,165.0
1909-01-19,,,0.0,,0.0
1909-01-20,,,0.0,,0.0
1909-01-21,,,0.0,,0.0
1909-01-22,,,0.0,,0.0
1909-01-23,,,0.0,,0.0
1909-01-24,,,0.0,,0.0
1909-01-25,,,264.0,,25.0
1909-01-26,,,0.0,,0.0
1909-01-27,,,0.0,,0.0
1909-01-28,,,13.0,,38.0
1909-01-29,,,0.0,,0.0
1909-01-30,,,,,152.0
1909-01-31,,,163.0,,0.0
1909-02-01,,,0.0,,
1909-02-02,,,0.0,,
1909-02-03,,,0.0,,
1909-02-04,,,0.0,,
1909-02-05,,,0.0,,
1909-02-06,,,0.0,,
1909-02-07,,,0.0,,
1909-02-08,,,0.0,,
1909-02-09,,,0.0,,
1909-02-10,,,,,76.0
1909-02-11,,,371.0,,13.0
1909-02-12,,,0.0,,
1909-02-13,,,5.0,,
1909-02-14,,,0.0,,
1909-02-15,,,0.0,,
1909-02-16,,,91.0,,38.0
1909-02-17,,,147.0,,33.0
1909-02-18,,,0.0,,
1909-02-19,,,173.0,,
1909-02-20,,,0.0,,
1909-02-21,,,0.0,,
1909-02-22,,,0.0,,
1909-02-23,,,0.0,,
1909-02-24,,,0.0,,
1909-02-25,,,226.0,,
1909-02-26,,,211.0,,
1909-02-27,,,0.0,,
1909-02-28,,,0.0,,
1909-03-01,,,0.0,,0.0
1909-03-02,,,58.0,,13.0
1909-03-03,,,,,25.0
1909-03-04,,,61.0,,0.0
1909-03-05,,,0.0,,0.0
1909-03-06,,,0.0,,0.0
1909-03-07,,,0.0,,0.0
1909-03-08,,,0.0,,0.0
1909-03-09,,,0.0,,0.0
1909-03-10,,,114.0,,0.0
1909-03-11,,,0.0,,0.0
1909-03-12,,,0.0,,0.0
1909-03-13,,,0.0,,0.0
1909-03-14,,,3.0,,0.0
1909-03-15,,,0.0,,0.0
1909-03-16,,,0.0,,0.0
1909-03-17,,,33.0,,13.0
1909-03-18,,,0.0,,0.0
1909-03-19,,,0.0,,0.0
1909-03-20,,,28.0,,20.0
1909-03-21,,,0.0,,0.0
1909-03-22,,,0.0,,0.0
1909-03-23,,,0.0,,0.0
1909-03-24,,,0.0,,0.0
1909-03-25,,,0.0,,0.0
1909-03-26,,,363.0,,0.0
1909-03-27,,,0.0,,0.0
1909-03-28,,,124.0,,0.0
1909-03-29,,,0.0,,0.0
1909-03-30,,,0.0,,0.0
1909-03-31,,,0.0,,0.0
1909-04-01,,,0.0,,
1909-04-02,,,0.0,,
1909-04-03,,,0.0,,
1909-04-04,,,41.0,,
1909-04-05,,,0.0,,
1909-04-06,,,0.0,,
1909-04-07,,,3.0,,
1909-04-08,,,0.0,,
1909-04-09,,,41.0,,
1909-04-10,,,0.0,,
1909-04-11,,,0.0,,
1909-04-12,,,0.0,,
1909-04-13,,,0.0,,
1909-04-14,,,0.0,,
1909-04-15,,,340.0,,
1909-04-16,,,0.0,,
1909-04-17,,,0.0,,
1909-04-18,,,0.0,,
1909-04-19,,,0.0,,
1909-04-20,,,25.0,,
1909-04-21,,,0.0,,
1909-04-22,,,0.0,,
1909-04-23,,,224.0,,
1909-04-24,,,0.0,,
1909-04-25,,,0.0,,
1909-04-26,,,0.0,,
1909-04-27,,,0.0,,
1909-04-28,,,213.0,,
1909-04-29,,,0.0,,
1909-04-30,,,84.0,,
1909-05-01,,,0.0,,
1909-05-02,,,114.0,,
1909-05-03,,,0.0,,
1909-05-04,,,15.0,,
1909-05-05,,,0.0,,
1909-05-06,,,0.0,,
1909-05-07,,,0.0,,
1909-05-08,,,0.0,,
1909-05-09,,,0.0,,
1909-05-10,,,0.0,,
1909-05-11,,,20.0,,
1909-05-12,,,0.0,,
1909-05-13,,,0.0,,
1909-05-14,,,0.0,,
1909-05-15,,,0.0,,
1909-05-16,,,36.0,,
1909-05-17,,,13.0,,
1909-05-18,,,20.0,,
1909-05-19,,,0.0,,
1909-05-20,,,0.0,,
1909-05-21,,,0.0,,
1909-05-22,,,0.0,,
1909-05-23,,,94.0,,
1909-05-24,,,0.0,,
1909-05-25,,,0.0,,
1909-05-26,,,0.0,,
1909-05-27,,,0.0,,
1909-05-28,,,119.0,,
1909-05-29,,,0.0,,
1909-05-30,,,0.0,,
1909-05-31,,,0.0,,
1909-06-01,,,0.0,,
1909-06-02,,,0.0,,
1909-06-03,,,0.0,,
1909-06-04,,,0.0,,
1909-06-05,,,0.0,,
1909-06-06,,,483.0,,
1909-06-07,,,0.0,,
1909-06-08,,,0.0,,
1909-06-09,,,0.0,,
1909-06-10,,,0.0,,
1909-06-11,,,112.0,,
1909-06-12,,,0.0,,
1909-06-13,,,0.0,,
1909-06-14,,,94.0,,
1909-06-15,,,0.0,,
1909-06-16,,,0.0,,
1909-06-17,,,0.0,,
1909-06-18,,,140.0,,
1909-06-19,,,0.0,,
1909-06-20,,,0.0,,
1909-06-21,,,0.0,,
1909-06-22,,,0.0,,
1909-06-23,,,3.0,,
1909-06-24,,,0.0,,
1909-06-25,,,15.0,,
1909-06-26,,,0.0,,
1909-06-27,,,0.0,,
1909-06-28,,,3.0,,
1909-06-29,,,0.0,,
1909-06-30,,,0.0,,
1909-07-01,,,0.0,,
1909-07-02,,,0.0,,
1909-07-03,,,86.0,,
1909-07-04,,,0.0,,
1909-07-05,,,0.0,,
1909-07-06,,,0.0,,
1909-07-07,,,0.0,,
1909-07-08,,,0.0,,
1909-07-09,,,0.0,,
1909-07-10,,,0.0,,
1909-07-11,,,0.0,,
1909-07-12,,,0.0,,
1909-07-13,,,0.0,,
1909-07-14,,,0.0,,
1909-07-15,,,0.0,,
1909-07-16,,,318.0,,
1909-07-17,,,66.0,,
1909-07-18,,,0.0,,
1909-07-19,,,97.0,,
1909-07-20,,,0.0,,
1909-07-21,,,0.0,,
1909-07-22,,,0.0,,
1909-07-23,,,0.0,,
1909-07-24,,,8.0,,
1909-07-25,,,0.0,,
1909-07-26,,,0.0,,
1909-07-27,,,0.0,,
1909-07-28,,,0.0,,
1909-07-29,,,0.0,,
1909-07-30,,,86.0,,
1909-07-31,,,0.0,,
1909-09-01,,,0.0,,
1909-09-02,,,61.0,,
1909-09-03,,,0.0,,
1909-09-04,,,0.0,,
1909-09-05,,,33.0,,
1909-09-06,,,0.0,,
1909-09-07,,,0.0,,
1909-09-08,,,0.0,,
1909-09-09,,,0.0,,
1909-09-10,,,0.0,,
1909-09-11,,,160.0,,
1909-09-12,,,0.0,,
1909-09-13,,,0.0,,
1909-09-14,,,0.0,,
1909-09-15,,,0.0,,
1909-09-16,,,0.0,,
1909-09-17,,,74.0,,
1909-09-18,,,0.0,,
1909-09-19,,,0.0,,
1909-09-20,,,0.0,,
1909-09-21,,,0.0,,
1909-09-22,,,0.0,,
1909-09-23,,,41.0,,
1909-09-24,,,173.0,,
1909-09-25,,,231.0,,
1909-09-26,,,0.0,,
1909-09-27,,,0.0,,
1909-09-28,,,160.0,,
1909-09-29,,,122.0,,
1909-09-30,,,0.0,,
1909-10-01,,,0.0,,
1909-10-02,,,0.0,,
1909-10-03,,,0.0,,
1909-10-04,,,0.0,,
1909-10-05,,,0.0,,
1909-10-06,,,0.0,,
1909-10-07,,,0.0,,
1909-10-08,,,0.0,,
1909-10-09,,,0.0,,
1909-10-10,,,0.0,,
1909-10-11,,,0.0,,
1909-10-12,,,33.0,,
1909-10-13,,,0.0,,
1909-10-14,,,0.0,,
1909-10-15,,,86.0,,
1909-10-16,,,18.0,,
1909-10-17,,,0.0,,
1909-10-18,,,0.0,,
1909-10-19,,,0.0,,
1909-10-20,,,0.0,,
1909-10-21,,,0.0,,
1909-10-22,,,119.0,,
1909-10-23,,,0.0,,
1909-10-24,,,0.0,,
1909-10-25,,,119.0,,
1909-10-26,,,0.0,,
1909-10-27,,,0.0,,
1909-10-28,,,3.0,,
1909-10-29,,,0.0,,
1909-10-30,,,0.0,,
1909-10-31,,,0.0,,
